dataset_label,term_id,importance_rank,difficulty_label,category,term,reading,aliases,era,macro_region,region_detail,display_period,sort_year,question_id,stage,focus,question_type,question,answer,keywords,accepted_answers,answer_note,year_mnemonic,source_name,source_url
イスラーム世界：形成・専制帝国・文化（150用語）,WHS-000067,83,大学受験・標準,経済・交易,サハラ交易,さはらこうえき,塩金交易,中世,アフリカ,サハラ砂漠と西アフリカ,4世紀ごろ以降,350,WHS-000067-B01,beginner,用語の特定,identify,ラクダを使い、砂漠の岩塩と西アフリカの金を取引した交易は？,サハラ交易,サハラ交易,塩金交易,,,01_islamic_world_formation.md p.331〜332,
イスラーム世界：形成・専制帝国・文化（150用語）,WHS-000067,83,大学受験・標準,経済・交易,サハラ交易,さはらこうえき,塩金交易,中世,アフリカ,サハラ砂漠と西アフリカ,4世紀ごろ以降,350,WHS-000067-B02,beginner,内容,content,サハラ交易で西アフリカの金と交換された、砂漠側の主要産品は？,岩塩,岩塩,,,,01_islamic_world_formation.md p.331〜332,
イスラーム世界：形成・専制帝国・文化（150用語）,WHS-000067,83,大学受験・標準,経済・交易,サハラ交易,さはらこうえき,塩金交易,中世,アフリカ,サハラ砂漠と西アフリカ,4世紀ごろ以降,350,WHS-000067-B03,beginner,内容,content,サハラ交易に用いられた主要な運搬用の動物は？,ラクダ,ラクダ,,,,01_islamic_world_formation.md p.331〜332,
イスラーム世界：形成・専制帝国・文化（150用語）,WHS-000067,83,大学受験・標準,経済・交易,サハラ交易,さはらこうえき,塩金交易,中世,アフリカ,サハラ砂漠と西アフリカ,4世紀ごろ以降,350,WHS-000067-B04,beginner,時期,time,サハラ交易が発展し始めたのはいつ？,4世紀ごろ,4世紀ごろ,,,,01_islamic_world_formation.md p.331〜332,
イスラーム世界：形成・専制帝国・文化（150用語）,WHS-000067,83,大学受験・標準,経済・交易,サハラ交易,さはらこうえき,塩金交易,中世,アフリカ,サハラ砂漠と西アフリカ,4世紀ごろ以降,350,WHS-000067-B05,beginner,国家・勢力,actor,サハラ交易を背景に7世紀ごろから繁栄した王国は？,ガーナ王国,ガーナ王国,,,,01_islamic_world_formation.md p.331〜332,
イスラーム世界：形成・専制帝国・文化（150用語）,WHS-000067,83,大学受験・標準,経済・交易,サハラ交易,さはらこうえき,塩金交易,中世,アフリカ,サハラ砂漠と西アフリカ,4世紀ごろ以降,350,WHS-000067-R01,reverse,時期,time,発展し始めたのはいつ？,**4世紀ごろ**,4世紀ごろ,,,,01_islamic_world_formation.md p.331〜332,
イスラーム世界：形成・専制帝国・文化（150用語）,WHS-000067,83,大学受験・標準,経済・交易,サハラ交易,さはらこうえき,塩金交易,中世,アフリカ,サハラ砂漠と西アフリカ,4世紀ごろ以降,350,WHS-000067-R02,reverse,核心内容,reverse,何を結び、何につながった？,ラクダを用いて**サハラの岩塩**と**西アフリカの金**を取引した。交易を背景に**ガーナ王国**や**マリ王国**が繁栄し、西アフリカへのイスラーム教の流入も進んだ。,サハラの岩塩|西アフリカの金|ガーナ王国|マリ王国,,,,01_islamic_world_formation.md p.331〜332,
イスラーム世界：形成・専制帝国・文化（150用語）,WHS-000067,83,大学受験・標準,経済・交易,サハラ交易,さはらこうえき,塩金交易,中世,アフリカ,サハラ砂漠と西アフリカ,4世紀ごろ以降,350,WHS-000067-I01,integrated,統合説明,integrated,「サハラ交易」について説明せよ。,**4世紀ごろ**から、ラクダを用いて**サハラの岩塩**と**西アフリカの金**を取引した交易。**ガーナ王国**や**マリ王国**の繁栄を支え、西アフリカへのイスラーム教の流入にもつながった。,4世紀ごろ|サハラの岩塩|西アフリカの金|ガーナ王国|マリ王国,,,,01_islamic_world_formation.md p.331〜332,
イスラーム世界：形成・専制帝国・文化（150用語）,WHS-000001,42,大学受験・標準,地域・都市,メッカ,めっか,,中世,西アジア,アラビア半島・ヒジャーズ地方,6世紀後半〜7世紀,570,WHS-000001-B01,beginner,用語の特定,identify,交易路の変化で繁栄し、ムハンマドがイスラーム教を創始したアラビア半島の商業都市は？,メッカ,メッカ,,,,01_islamic_world_formation.md p.317〜319,
イスラーム世界：形成・専制帝国・文化（150用語）,WHS-000001,42,大学受験・標準,地域・都市,メッカ,めっか,,中世,西アジア,アラビア半島・ヒジャーズ地方,6世紀後半〜7世紀,570,WHS-000001-B02,beginner,国家・勢力,actor,メッカの住民で、ムハンマドも属した部族は？,クライシュ族,クライシュ族,,,,01_islamic_world_formation.md p.317〜319,
イスラーム世界：形成・専制帝国・文化（150用語）,WHS-000001,42,大学受験・標準,地域・都市,メッカ,めっか,,中世,西アジア,アラビア半島・ヒジャーズ地方,6世紀後半〜7世紀,570,WHS-000001-B03,beginner,原因,cause,メッカを経由する交易路が発達した背景にある、抗争を激化させた二大勢力は？,ササン朝と東ローマ帝国,ササン朝と東ローマ帝国,東ローマ帝国とササン朝|ササン朝とビザンツ帝国,,,01_islamic_world_formation.md p.317〜319,
イスラーム世界：形成・専制帝国・文化（150用語）,WHS-000001,42,大学受験・標準,地域・都市,メッカ,めっか,,中世,西アジア,アラビア半島・ヒジャーズ地方,6世紀後半〜7世紀,570,WHS-000001-B04,beginner,時期,time,メッカをムハンマドが無血征服したのは何年？,630年,630年,,,,01_islamic_world_formation.md p.317〜319,
イスラーム世界：形成・専制帝国・文化（150用語）,WHS-000001,42,大学受験・標準,地域・都市,メッカ,めっか,,中世,西アジア,アラビア半島・ヒジャーズ地方,6世紀後半〜7世紀,570,WHS-000001-R01,reverse,時期,time,交易の中継地として繁栄し始めたのはいつ？,**6世紀後半**,6世紀後半,,,,01_islamic_world_formation.md p.317〜319,
イスラーム世界：形成・専制帝国・文化（150用語）,WHS-000001,42,大学受験・標準,地域・都市,メッカ,めっか,,中世,西アジア,アラビア半島・ヒジャーズ地方,6世紀後半〜7世紀,570,WHS-000001-R02,reverse,核心内容,reverse,どこに位置し、どのような役割を果たした？,アラビア半島西部の**ヒジャーズ地方**に位置する。**ササン朝**と**東ローマ帝国**の抗争による交易路の変化で商業都市として繁栄し、ムハンマドがイスラーム教を創始したが、当初は支配者たちが彼を迫害した。,ヒジャーズ地方|ササン朝|東ローマ帝国,,,,01_islamic_world_formation.md p.317〜319,
イスラーム世界：形成・専制帝国・文化（150用語）,WHS-000001,42,大学受験・標準,地域・都市,メッカ,めっか,,中世,西アジア,アラビア半島・ヒジャーズ地方,6世紀後半〜7世紀,570,WHS-000001-R03,reverse,核心内容,reverse,ムハンマドとの対立はどう決着した？,ムハンマドの軍に対して**クライシュ族**が降伏し、**630年**に無血征服された。,クライシュ族|630年,,,,01_islamic_world_formation.md p.317〜319,
イスラーム世界：形成・専制帝国・文化（150用語）,WHS-000001,42,大学受験・標準,地域・都市,メッカ,めっか,,中世,西アジア,アラビア半島・ヒジャーズ地方,6世紀後半〜7世紀,570,WHS-000001-I01,integrated,統合説明,integrated,「メッカ」について説明せよ。,6世紀後半、アラビア半島西部のヒジャーズ地方で、**ササン朝**と**東ローマ帝国**の抗争に伴う交易路の変化によって繁栄した商業都市。ムハンマドがイスラーム教を創始したが支配者たちに迫害され、のちにクライシュ族が降伏して**630年**にムハンマドに無血征服された。,ササン朝|東ローマ帝国|630年,,,,01_islamic_world_formation.md p.317〜319,
イスラーム世界：形成・専制帝国・文化（150用語）,WHS-000002,1,大学受験・基礎,人物,ムハンマド,むはんまど,,中世,西アジア,アラビア半島・メッカ／メディナ,610年ごろ〜632年,610,WHS-000002-B01,beginner,用語の特定,identify,アッラーの啓示を受けた預言者として、メッカでイスラーム教を創始した人物は？,ムハンマド,ムハンマド,,,,01_islamic_world_formation.md p.317〜319,
イスラーム世界：形成・専制帝国・文化（150用語）,WHS-000002,1,大学受験・基礎,人物,ムハンマド,むはんまど,,中世,西アジア,アラビア半島・メッカ／メディナ,610年ごろ〜632年,610,WHS-000002-B02,beginner,時期,time,ムハンマドがイスラーム教を創始したのはいつ？,610年ごろ,610年ごろ,,,,01_islamic_world_formation.md p.317〜319,
イスラーム世界：形成・専制帝国・文化（150用語）,WHS-000002,1,大学受験・基礎,人物,ムハンマド,むはんまど,,中世,西アジア,アラビア半島・メッカ／メディナ,610年ごろ〜632年,610,WHS-000002-B03,beginner,地域,place,ムハンマドがヒジュラで逃れた都市は？,メディナ,メディナ,ヤスリブ,,,01_islamic_world_formation.md p.317〜319,
イスラーム世界：形成・専制帝国・文化（150用語）,WHS-000002,1,大学受験・基礎,人物,ムハンマド,むはんまど,,中世,西アジア,アラビア半島・メッカ／メディナ,610年ごろ〜632年,610,WHS-000002-B04,beginner,関連,relation,ムハンマドが授かった神の言葉をまとめた聖典は？,コーラン,コーラン,クルアーン,,,01_islamic_world_formation.md p.317〜319,
イスラーム世界：形成・専制帝国・文化（150用語）,WHS-000002,1,大学受験・基礎,人物,ムハンマド,むはんまど,,中世,西アジア,アラビア半島・メッカ／メディナ,610年ごろ〜632年,610,WHS-000002-B05,beginner,時期,time,ムハンマドがメッカを無血征服したのは何年？,630年,630年,,,,01_islamic_world_formation.md p.317〜319,
イスラーム世界：形成・専制帝国・文化（150用語）,WHS-000002,1,大学受験・基礎,人物,ムハンマド,むはんまど,,中世,西アジア,アラビア半島・メッカ／メディナ,610年ごろ〜632年,610,WHS-000002-B06,beginner,時期,time,ムハンマドが亡くなったのは何年？,632年,632年,,,,01_islamic_world_formation.md p.317〜319,
イスラーム世界：形成・専制帝国・文化（150用語）,WHS-000002,1,大学受験・基礎,人物,ムハンマド,むはんまど,,中世,西アジア,アラビア半島・メッカ／メディナ,610年ごろ〜632年,610,WHS-000002-R01,reverse,時期,time,布教を始めてから死去するまでの時期は？,**610年ごろ〜632年**,610年ごろ〜632年,,,,01_islamic_world_formation.md p.317〜319,
イスラーム世界：形成・専制帝国・文化（150用語）,WHS-000002,1,大学受験・基礎,人物,ムハンマド,むはんまど,,中世,西アジア,アラビア半島・メッカ／メディナ,610年ごろ〜632年,610,WHS-000002-R02,reverse,核心内容,reverse,何をした？,メッカで唯一神**アッラー**への帰依(きえ)を説き、イスラーム教を創始した。迫害を受けて**622年**にメディナへ移住する**ヒジュラ**を行い、**ウンマ**を形成し、630年にはメッカを無血征服して、さらにアラビア半島を統一した。,アッラー|622年|ヒジュラ|ウンマ,,,622：「ムハンマド　ヒジュラで　浪人になる」ヒジュラ【聖遷】,01_islamic_world_formation.md p.317〜319,
イスラーム世界：形成・専制帝国・文化（150用語）,WHS-000002,1,大学受験・基礎,人物,ムハンマド,むはんまど,,中世,西アジア,アラビア半島・メッカ／メディナ,610年ごろ〜632年,610,WHS-000002-I01,integrated,統合説明,integrated,「ムハンマド」について説明せよ。,610年ごろ、アラビア半島のメッカで唯一神**アッラー**への帰依(きえ)を説いてイスラーム教を創始した預言者。**622年**の**ヒジュラ**でメディナへ移り、**ウンマ**を形成したのち、630年にメッカを無血征服してアラビア半島を統一し、632年に死去した。授かった神の言葉は聖典**『コーラン』**にまとめられた。,アッラー|622年|ヒジュラ|ウンマ|コーラン,,,622：「ムハンマド　ヒジュラで　浪人になる」ヒジュラ【聖遷】,01_islamic_world_formation.md p.317〜319,
イスラーム世界：形成・専制帝国・文化（150用語）,WHS-000003,2,大学受験・基礎,宗教・宗派,イスラーム教,いすらーむきょう,,中世,西アジア,アラビア半島・メッカ,610年ごろ成立,610,WHS-000003-B01,beginner,用語の特定,identify,ムハンマドが創始し、唯一神アッラーへの帰依(きえ)とムスリムの平等を説いた宗教は？,イスラーム教,イスラーム教,,,,01_islamic_world_formation.md p.317〜318,
イスラーム世界：形成・専制帝国・文化（150用語）,WHS-000003,2,大学受験・基礎,宗教・宗派,イスラーム教,いすらーむきょう,,中世,西アジア,アラビア半島・メッカ,610年ごろ成立,610,WHS-000003-B02,beginner,中心人物,person,イスラーム教を創始した人物は？,ムハンマド,ムハンマド,,,,01_islamic_world_formation.md p.317〜318,
イスラーム世界：形成・専制帝国・文化（150用語）,WHS-000003,2,大学受験・基礎,宗教・宗派,イスラーム教,いすらーむきょう,,中世,西アジア,アラビア半島・メッカ,610年ごろ成立,610,WHS-000003-B03,beginner,時期,time,イスラーム教が成立したのはいつ？,610年ごろ,610年ごろ,,,,01_islamic_world_formation.md p.317〜318,
イスラーム世界：形成・専制帝国・文化（150用語）,WHS-000003,2,大学受験・基礎,宗教・宗派,イスラーム教,いすらーむきょう,,中世,西アジア,アラビア半島・メッカ,610年ごろ成立,610,WHS-000003-B04,beginner,内容,content,イスラーム教が信仰する唯一神は？,アッラー,アッラー,,,,01_islamic_world_formation.md p.317〜318,
イスラーム世界：形成・専制帝国・文化（150用語）,WHS-000003,2,大学受験・基礎,宗教・宗派,イスラーム教,いすらーむきょう,,中世,西アジア,アラビア半島・メッカ,610年ごろ成立,610,WHS-000003-B05,beginner,関連,relation,イスラーム教で信者に義務づけられる、六つの信仰と五つの実践の総称は？,六信五行(ろくしんごぎょう),六信五行,,,,01_islamic_world_formation.md p.317〜318,
イスラーム世界：形成・専制帝国・文化（150用語）,WHS-000003,2,大学受験・基礎,宗教・宗派,イスラーム教,いすらーむきょう,,中世,西アジア,アラビア半島・メッカ,610年ごろ成立,610,WHS-000003-R01,reverse,時期,time,成立したのはいつ？,**610年ごろ**,610年ごろ,,,,01_islamic_world_formation.md p.317〜318,
イスラーム世界：形成・専制帝国・文化（150用語）,WHS-000003,2,大学受験・基礎,宗教・宗派,イスラーム教,いすらーむきょう,,中世,西アジア,アラビア半島・メッカ,610年ごろ成立,610,WHS-000003-R02,reverse,核心内容,reverse,どんな宗教？,アラビア半島のメッカで**ムハンマド**が創始した一神教。唯一神**アッラー**への信仰、**偶像崇拝の禁止**、ムスリムの平等を説き、**六信五行(ろくしんごぎょう)**を義務づけ、聖典『コーラン』は政治や生活全般も規定する。,ムハンマド|アッラー|偶像崇拝の禁止|六信五行,,,,01_islamic_world_formation.md p.317〜318,
イスラーム世界：形成・専制帝国・文化（150用語）,WHS-000003,2,大学受験・基礎,宗教・宗派,イスラーム教,いすらーむきょう,,中世,西アジア,アラビア半島・メッカ,610年ごろ成立,610,WHS-000003-I01,integrated,統合説明,integrated,「イスラーム教」について説明せよ。,610年ごろ、アラビア半島のメッカで**ムハンマド**が創始した一神教。唯一神**アッラー**への信仰、**偶像崇拝の禁止**、ムスリムの平等を説き、**六信五行(ろくしんごぎょう)**を義務づけ、聖典『コーラン』で政治や生活全般も規定する。,ムハンマド|アッラー|偶像崇拝の禁止|六信五行,,,,01_islamic_world_formation.md p.317〜318,
イスラーム世界：形成・専制帝国・文化（150用語）,WHS-000005,43,大学受験・標準,宗教・宗派,六信五行,ろくしんごぎょう,,中世,西アジア,アラビア半島を起点とするイスラーム世界,7世紀に成立したイスラーム教の教え,610,WHS-000005-B01,beginner,用語の特定,identify,イスラーム教でムスリムに義務づけられる、六つの信仰と五つの実践を合わせた呼び名は？,六信五行(ろくしんごぎょう),六信五行,,,,01_islamic_world_formation.md p.317〜318,
イスラーム世界：形成・専制帝国・文化（150用語）,WHS-000005,43,大学受験・標準,宗教・宗派,六信五行,ろくしんごぎょう,,中世,西アジア,アラビア半島を起点とするイスラーム世界,7世紀に成立したイスラーム教の教え,610,WHS-000005-B02,beginner,内容,content,六信五行(ろくしんごぎょう)の六信のうち、唯一神への信仰の対象は？,アッラー,アッラー,,,,01_islamic_world_formation.md p.317〜318,
イスラーム世界：形成・専制帝国・文化（150用語）,WHS-000005,43,大学受験・標準,宗教・宗派,六信五行,ろくしんごぎょう,,中世,西アジア,アラビア半島を起点とするイスラーム世界,7世紀に成立したイスラーム教の教え,610,WHS-000005-B03,beginner,内容,content,六信五行(ろくしんごぎょう)の五行のうち、ラマダーンの昼間に飲食を断つ実践は？,断食,断食,,,,01_islamic_world_formation.md p.317〜318,
イスラーム世界：形成・専制帝国・文化（150用語）,WHS-000005,43,大学受験・標準,宗教・宗派,六信五行,ろくしんごぎょう,,中世,西アジア,アラビア半島を起点とするイスラーム世界,7世紀に成立したイスラーム教の教え,610,WHS-000005-B04,beginner,内容,content,六信五行(ろくしんごぎょう)の五行のうち、メッカへ赴く実践は？,巡礼,巡礼,,,,01_islamic_world_formation.md p.317〜318,
イスラーム世界：形成・専制帝国・文化（150用語）,WHS-000005,43,大学受験・標準,宗教・宗派,六信五行,ろくしんごぎょう,,中世,西アジア,アラビア半島を起点とするイスラーム世界,7世紀に成立したイスラーム教の教え,610,WHS-000005-R01,reverse,核心内容,reverse,どんな教え？,7世紀にアラビア半島で成立した**イスラーム教**で、ムスリムに課される信仰と実践。六信はアッラー・天使・コーラン・預言者・来世・天命、五行は**信仰告白**・**礼拝**・**断食**・**喜捨(きしゃ)**・**巡礼**を指す。,イスラーム教|信仰告白|礼拝|断食|喜捨|巡礼,,,,01_islamic_world_formation.md p.317〜318,
イスラーム世界：形成・専制帝国・文化（150用語）,WHS-000005,43,大学受験・標準,宗教・宗派,六信五行,ろくしんごぎょう,,中世,西アジア,アラビア半島を起点とするイスラーム世界,7世紀に成立したイスラーム教の教え,610,WHS-000005-I01,integrated,統合説明,integrated,「六信五行(ろくしんごぎょう)」について説明せよ。,7世紀にアラビア半島で成立した**イスラーム教**がムスリムに義務づける、信仰と実践の総称。六信はアッラー・天使・コーラン・預言者・来世・天命、五行は**信仰告白**・**礼拝**・**断食**・**喜捨(きしゃ)**・**巡礼**である。,イスラーム教|信仰告白|礼拝|断食|喜捨|巡礼,,,,01_islamic_world_formation.md p.317〜318,
イスラーム世界：形成・専制帝国・文化（150用語）,WHS-000006,4,大学受験・基礎,事件・革命,ヒジュラ,ひじゅら,聖遷,中世,西アジア,アラビア半島・メッカからメディナ,622年,622,WHS-000006-B01,beginner,用語の特定,identify,迫害されたムハンマドと信者がメッカからメディナへ移住した出来事は？,ヒジュラ,ヒジュラ,聖遷,,,01_islamic_world_formation.md p.318・332,
イスラーム世界：形成・専制帝国・文化（150用語）,WHS-000006,4,大学受験・基礎,事件・革命,ヒジュラ,ひじゅら,聖遷,中世,西アジア,アラビア半島・メッカからメディナ,622年,622,WHS-000006-B02,beginner,時期,time,ヒジュラが起きたのは何年？,622年,622年,,,622：「ムハンマド　ヒジュラで　浪人になる」ヒジュラ【聖遷】,01_islamic_world_formation.md p.318・332,
イスラーム世界：形成・専制帝国・文化（150用語）,WHS-000006,4,大学受験・基礎,事件・革命,ヒジュラ,ひじゅら,聖遷,中世,西アジア,アラビア半島・メッカからメディナ,622年,622,WHS-000006-B03,beginner,地域,place,ヒジュラでムハンマドが移住した都市は？,メディナ,メディナ,ヤスリブ,,,01_islamic_world_formation.md p.318・332,
イスラーム世界：形成・専制帝国・文化（150用語）,WHS-000006,4,大学受験・基礎,事件・革命,ヒジュラ,ひじゅら,聖遷,中世,西アジア,アラビア半島・メッカからメディナ,622年,622,WHS-000006-B04,beginner,結果,result,ヒジュラのあと、ムハンマドが移住先に形成した信仰共同体は？,ウンマ,ウンマ,,,,01_islamic_world_formation.md p.318・332,
イスラーム世界：形成・専制帝国・文化（150用語）,WHS-000006,4,大学受験・基礎,事件・革命,ヒジュラ,ひじゅら,聖遷,中世,西アジア,アラビア半島・メッカからメディナ,622年,622,WHS-000006-B05,beginner,関連,relation,ヒジュラの年を元年とする暦は？,イスラーム暦,イスラーム暦,,,,01_islamic_world_formation.md p.318・332,
イスラーム世界：形成・専制帝国・文化（150用語）,WHS-000006,4,大学受験・基礎,事件・革命,ヒジュラ,ひじゅら,聖遷,中世,西アジア,アラビア半島・メッカからメディナ,622年,622,WHS-000006-R01,reverse,時期,time,起きたのはいつ？,**622年**,622年,,,622：「ムハンマド　ヒジュラで　浪人になる」ヒジュラ【聖遷】,01_islamic_world_formation.md p.318・332,
イスラーム世界：形成・専制帝国・文化（150用語）,WHS-000006,4,大学受験・基礎,事件・革命,ヒジュラ,ひじゅら,聖遷,中世,西アジア,アラビア半島・メッカからメディナ,622年,622,WHS-000006-R02,reverse,核心内容,reverse,なぜ起き、何につながった？,多神教や大商人による富の独占を批判した**ムハンマド**がメッカで迫害され、信者とともに**メディナ**へ移った。移住先で政治と宗教が一体の**ウンマ**を形成し、この出来事の年は**イスラーム暦**の元年になった。,ムハンマド|メディナ|ウンマ|イスラーム暦,,,,01_islamic_world_formation.md p.318・332,
イスラーム世界：形成・専制帝国・文化（150用語）,WHS-000006,4,大学受験・基礎,事件・革命,ヒジュラ,ひじゅら,聖遷,中世,西アジア,アラビア半島・メッカからメディナ,622年,622,WHS-000006-I01,integrated,統合説明,integrated,「ヒジュラ」について説明せよ。,**622年**、メッカで迫害された**ムハンマド**が信者とともにアラビア半島の**メディナ**へ移住した出来事。移住後に政治と宗教が一体の**ウンマ**が形成され、この年は**イスラーム暦**の元年となった。,622年|ムハンマド|メディナ|ウンマ|イスラーム暦,,,622：「ムハンマド　ヒジュラで　浪人になる」ヒジュラ【聖遷】,01_islamic_world_formation.md p.318・332,
イスラーム世界：形成・専制帝国・文化（150用語）,WHS-000007,44,大学受験・標準,組織・政党,ウンマ,うんま,,中世,西アジア,アラビア半島・メディナ,622年以降,622,WHS-000007-B01,beginner,用語の特定,identify,ヒジュラ後、ムハンマドがメディナで形成したイスラームの信仰共同体は？,ウンマ,ウンマ,,,,01_islamic_world_formation.md p.318〜319,
イスラーム世界：形成・専制帝国・文化（150用語）,WHS-000007,44,大学受験・標準,組織・政党,ウンマ,うんま,,中世,西アジア,アラビア半島・メディナ,622年以降,622,WHS-000007-B02,beginner,中心人物,person,ウンマをメディナに形成した人物は？,ムハンマド,ムハンマド,,,,01_islamic_world_formation.md p.318〜319,
イスラーム世界：形成・専制帝国・文化（150用語）,WHS-000007,44,大学受験・標準,組織・政党,ウンマ,うんま,,中世,西アジア,アラビア半島・メディナ,622年以降,622,WHS-000007-B03,beginner,関連,relation,ウンマの形成に先立つ、622年の移住を何という？,ヒジュラ,ヒジュラ,聖遷,,,01_islamic_world_formation.md p.318〜319,
イスラーム世界：形成・専制帝国・文化（150用語）,WHS-000007,44,大学受験・標準,組織・政党,ウンマ,うんま,,中世,西アジア,アラビア半島・メディナ,622年以降,622,WHS-000007-B04,beginner,内容,content,ウンマに属するムスリムに課された、共同体を守る義務は？,武装して戦う義務,武装して戦う義務,,,,01_islamic_world_formation.md p.318〜319,
イスラーム世界：形成・専制帝国・文化（150用語）,WHS-000007,44,大学受験・標準,組織・政党,ウンマ,うんま,,中世,西アジア,アラビア半島・メディナ,622年以降,622,WHS-000007-R01,reverse,核心内容,reverse,どのように成立し、どんな特徴を持った？,**622年**の**ヒジュラ**後、ムハンマドがアラビア半島の**メディナ**で形成した信仰共同体。政治と宗教が一体で、すべてのムスリムが属し、共同体を防衛するために武装して戦う義務を負った。,622年|ヒジュラ|メディナ,,,622：「ムハンマド　ヒジュラで　浪人になる」ヒジュラ【聖遷】,01_islamic_world_formation.md p.318〜319,
イスラーム世界：形成・専制帝国・文化（150用語）,WHS-000007,44,大学受験・標準,組織・政党,ウンマ,うんま,,中世,西アジア,アラビア半島・メディナ,622年以降,622,WHS-000007-R02,reverse,核心内容,reverse,ムハンマドの死後、指導者はどう決められた？,有力者の話し合いで**アブー＝バクル**が**カリフ**に選ばれ、共同体の指導を引き継いだ。,アブー＝バクル|カリフ,,,,01_islamic_world_formation.md p.318〜319,
イスラーム世界：形成・専制帝国・文化（150用語）,WHS-000007,44,大学受験・標準,組織・政党,ウンマ,うんま,,中世,西アジア,アラビア半島・メディナ,622年以降,622,WHS-000007-I01,integrated,統合説明,integrated,「ウンマ」について説明せよ。,**622年**の**ヒジュラ**後、ムハンマドがアラビア半島の**メディナ**で形成した、政治と宗教が一体の信仰共同体。すべてのムスリムが属して防衛のために武装して戦う義務を負い、ムハンマドの死後は**アブー＝バクル**が**カリフ**として指導を引き継いだ。,622年|ヒジュラ|メディナ|アブー＝バクル|カリフ,,,622：「ムハンマド　ヒジュラで　浪人になる」ヒジュラ【聖遷】,01_islamic_world_formation.md p.318〜319,
イスラーム世界：形成・専制帝国・文化（150用語）,WHS-000008,5,大学受験・基礎,制度・政策・法律,カリフ,かりふ,,中世,西アジア,アラビア半島・メディナを起点とするイスラーム世界,632年以降,632,WHS-000008-B01,beginner,用語の特定,identify,ムハンマドの死後、ウンマの指導を引き継いだ後継者の称号は？,カリフ,カリフ,,,,01_islamic_world_formation.md p.318〜320,
イスラーム世界：形成・専制帝国・文化（150用語）,WHS-000008,5,大学受験・基礎,制度・政策・法律,カリフ,かりふ,,中世,西アジア,アラビア半島・メディナを起点とするイスラーム世界,632年以降,632,WHS-000008-B02,beginner,中心人物,person,カリフに最初に選ばれた人物は？,アブー＝バクル,アブー＝バクル,,,,01_islamic_world_formation.md p.318〜320,
イスラーム世界：形成・専制帝国・文化（150用語）,WHS-000008,5,大学受験・基礎,制度・政策・法律,カリフ,かりふ,,中世,西アジア,アラビア半島・メディナを起点とするイスラーム世界,632年以降,632,WHS-000008-B03,beginner,時期,time,カリフがムハンマドの死後に選ばれ始めたのは何年？,632年,632年,,,,01_islamic_world_formation.md p.318〜320,
イスラーム世界：形成・専制帝国・文化（150用語）,WHS-000008,5,大学受験・基礎,制度・政策・法律,カリフ,かりふ,,中世,西アジア,アラビア半島・メディナを起点とするイスラーム世界,632年以降,632,WHS-000008-B04,beginner,関連,relation,カリフが指導するイスラームの信仰共同体は？,ウンマ,ウンマ,,,,01_islamic_world_formation.md p.318〜320,
イスラーム世界：形成・専制帝国・文化（150用語）,WHS-000008,5,大学受験・基礎,制度・政策・法律,カリフ,かりふ,,中世,西アジア,アラビア半島・メディナを起点とするイスラーム世界,632年以降,632,WHS-000008-B05,beginner,内容,content,カリフのうち、最初の4人は何と呼ばれる？,正統カリフ,正統カリフ,,,,01_islamic_world_formation.md p.318〜320,
イスラーム世界：形成・専制帝国・文化（150用語）,WHS-000008,5,大学受験・基礎,制度・政策・法律,カリフ,かりふ,,中世,西アジア,アラビア半島・メディナを起点とするイスラーム世界,632年以降,632,WHS-000008-R01,reverse,核心内容,reverse,どのように成立した地位？,**632年**にムハンマドが亡くなると、メディナを都とするウンマで、有力者の話し合いによって**アブー＝バクル**が後継者に選ばれた。信者の総意で選ばれた最初の4人は**正統カリフ**と呼ばれる。,632年|アブー＝バクル|正統カリフ,,,,01_islamic_world_formation.md p.318〜320,
イスラーム世界：形成・専制帝国・文化（150用語）,WHS-000008,5,大学受験・基礎,制度・政策・法律,カリフ,かりふ,,中世,西アジア,アラビア半島・メディナを起点とするイスラーム世界,632年以降,632,WHS-000008-R02,reverse,核心内容,reverse,どんな権限を持った？,**ウンマ**の指導者として軍団を指揮する政治的権限と、教団のリーダーとしての社会的権限を持つ。ムハンマドが最後の預言者であり、カリフが新たに神の啓示を受けるわけではない。,ウンマ,,,,01_islamic_world_formation.md p.318〜320,
イスラーム世界：形成・専制帝国・文化（150用語）,WHS-000008,5,大学受験・基礎,制度・政策・法律,カリフ,かりふ,,中世,西アジア,アラビア半島・メディナを起点とするイスラーム世界,632年以降,632,WHS-000008-I01,integrated,統合説明,integrated,「カリフ」について説明せよ。,**632年**のムハンマドの死後、アラビア半島のメディナを都とする**ウンマ**の指導を引き継いだ後継者の称号で、初代は**アブー＝バクル**。軍団を指揮する政治的権限と教団のリーダーとしての社会的権限を持つが、新たに神の啓示を受ける預言者ではない。信者の総意で選ばれた最初の4人は**正統カリフ**と呼ばれる。,632年|ウンマ|アブー＝バクル|正統カリフ,,,,01_islamic_world_formation.md p.318〜320,
イスラーム世界：形成・専制帝国・文化（150用語）,WHS-000009,6,大学受験・基礎,時代・歴史区分,正統カリフ時代,せいとうかりふじだい,,中世,西アジア・アフリカ,メディナ／クーファ・西アジア／エジプト,632〜661年,632,WHS-000009-B01,beginner,用語の特定,identify,ムハンマドの死後、信者の総意で選ばれた最初の4人のカリフが指導した時代は？,正統カリフ時代,正統カリフ時代,,,,01_islamic_world_formation.md p.318〜320,
イスラーム世界：形成・専制帝国・文化（150用語）,WHS-000009,6,大学受験・基礎,時代・歴史区分,正統カリフ時代,せいとうかりふじだい,,中世,西アジア・アフリカ,メディナ／クーファ・西アジア／エジプト,632〜661年,632,WHS-000009-B02,beginner,時期,time,正統カリフ時代の期間は？,632〜661年,632〜661年,,,,01_islamic_world_formation.md p.318〜320,
イスラーム世界：形成・専制帝国・文化（150用語）,WHS-000009,6,大学受験・基礎,時代・歴史区分,正統カリフ時代,せいとうかりふじだい,,中世,西アジア・アフリカ,メディナ／クーファ・西アジア／エジプト,632〜661年,632,WHS-000009-B03,beginner,中心人物,person,正統カリフ時代の初代カリフは？,アブー＝バクル,アブー＝バクル,,,,01_islamic_world_formation.md p.318〜320,
イスラーム世界：形成・専制帝国・文化（150用語）,WHS-000009,6,大学受験・基礎,時代・歴史区分,正統カリフ時代,せいとうかりふじだい,,中世,西アジア・アフリカ,メディナ／クーファ・西アジア／エジプト,632〜661年,632,WHS-000009-B04,beginner,中心人物,person,正統カリフ時代の最後のカリフは？,アリー,アリー,,,,01_islamic_world_formation.md p.318〜320,
イスラーム世界：形成・専制帝国・文化（150用語）,WHS-000009,6,大学受験・基礎,時代・歴史区分,正統カリフ時代,せいとうかりふじだい,,中世,西アジア・アフリカ,メディナ／クーファ・西アジア／エジプト,632〜661年,632,WHS-000009-B05,beginner,地域,place,正統カリフ時代にアリーが遷都した都市は？,クーファ,クーファ,,,,01_islamic_world_formation.md p.318〜320,
イスラーム世界：形成・専制帝国・文化（150用語）,WHS-000009,6,大学受験・基礎,時代・歴史区分,正統カリフ時代,せいとうかりふじだい,,中世,西アジア・アフリカ,メディナ／クーファ・西アジア／エジプト,632〜661年,632,WHS-000009-R01,reverse,時期,time,続いたのはいつ？,**632〜661年**,632〜661年,,,,01_islamic_world_formation.md p.318〜320,
イスラーム世界：形成・専制帝国・文化（150用語）,WHS-000009,6,大学受験・基礎,時代・歴史区分,正統カリフ時代,せいとうかりふじだい,,中世,西アジア・アフリカ,メディナ／クーファ・西アジア／エジプト,632〜661年,632,WHS-000009-R02,reverse,核心内容,reverse,何が起きた？,メディナを都として始まり、**アブー＝バクル**・**ウマル**・**ウスマーン**・**アリー**が順にカリフとなった。征服によってシリア・エジプト・イラク・イランへ支配を広げたが、地位をめぐる内乱が起き、クーファに遷都したアリーの暗殺後に**ウマイヤ朝**が成立した。,アブー＝バクル|ウマル|ウスマーン|アリー|ウマイヤ朝,,,,01_islamic_world_formation.md p.318〜320,
イスラーム世界：形成・専制帝国・文化（150用語）,WHS-000009,6,大学受験・基礎,時代・歴史区分,正統カリフ時代,せいとうかりふじだい,,中世,西アジア・アフリカ,メディナ／クーファ・西アジア／エジプト,632〜661年,632,WHS-000009-I01,integrated,統合説明,integrated,「正統カリフ時代」について説明せよ。,**632〜661年**、メディナ、のちクーファを都として、**アブー＝バクル**・**ウマル**・**ウスマーン**・**アリー**が順にウンマを指導した時代。支配はシリア・エジプト・イラク・イランへ拡大したが、カリフ位をめぐる内乱が起き、アリー暗殺後に**ウマイヤ朝**が成立した。,632〜661年|アブー＝バクル|ウマル|ウスマーン|アリー|ウマイヤ朝,,,,01_islamic_world_formation.md p.318〜320,
イスラーム世界：形成・専制帝国・文化（150用語）,WHS-000010,45,大学受験・標準,人物,アブー＝バクル,あぶーばくる,,中世,西アジア,アラビア半島・メディナ,在位632〜634年,632,WHS-000010-B01,beginner,用語の特定,identify,ムハンマドの死後、有力者の話し合いによって最初の正統カリフに選ばれた人物は？,アブー＝バクル,アブー＝バクル,,,,01_islamic_world_formation.md p.318〜319,
イスラーム世界：形成・専制帝国・文化（150用語）,WHS-000010,45,大学受験・標準,人物,アブー＝バクル,あぶーばくる,,中世,西アジア,アラビア半島・メディナ,在位632〜634年,632,WHS-000010-B02,beginner,時期,time,アブー＝バクルが正統カリフとして在位した期間は？,632〜634年,632〜634年,,,,01_islamic_world_formation.md p.318〜319,
イスラーム世界：形成・専制帝国・文化（150用語）,WHS-000010,45,大学受験・標準,人物,アブー＝バクル,あぶーばくる,,中世,西アジア,アラビア半島・メディナ,在位632〜634年,632,WHS-000010-B03,beginner,地域,place,アブー＝バクルが政治的自立を求める諸部族を討伐して再征服した地域は？,アラビア半島,アラビア半島,,,,01_islamic_world_formation.md p.318〜319,
イスラーム世界：形成・専制帝国・文化（150用語）,WHS-000010,45,大学受験・標準,人物,アブー＝バクル,あぶーばくる,,中世,西アジア,アラビア半島・メディナ,在位632〜634年,632,WHS-000010-R01,reverse,時期,time,カリフとして在位したのはいつ？,**632〜634年**,632〜634年,,,,01_islamic_world_formation.md p.318〜319,
イスラーム世界：形成・専制帝国・文化（150用語）,WHS-000010,45,大学受験・標準,人物,アブー＝バクル,あぶーばくる,,中世,西アジア,アラビア半島・メディナ,在位632〜634年,632,WHS-000010-R02,reverse,核心内容,reverse,何をした？,メディナを都とするウンマの**初代正統カリフ**に選ばれた。ムハンマドの死後に政治的自立を求めた諸部族へ討伐軍を送り、**アラビア半島を再征服**した。,初代正統カリフ|アラビア半島を再征服,,,,01_islamic_world_formation.md p.318〜319,
イスラーム世界：形成・専制帝国・文化（150用語）,WHS-000010,45,大学受験・標準,人物,アブー＝バクル,あぶーばくる,,中世,西アジア,アラビア半島・メディナ,在位632〜634年,632,WHS-000010-I01,integrated,統合説明,integrated,「アブー＝バクル」について説明せよ。,**632〜634年**に在位した、メディナを都とするウンマの**初代正統カリフ**。ムハンマドの死後に政治的自立を求めた諸部族へ討伐軍を送り、**アラビア半島を再征服**した。,632〜634年|初代正統カリフ|アラビア半島を再征服,,,,01_islamic_world_formation.md p.318〜319,
イスラーム世界：形成・専制帝国・文化（150用語）,WHS-000011,46,大学受験・標準,人物,ウマル,うまる,,中世,西アジア・アフリカ,シリア・エジプト・イラク・イラン,在位634〜644年,634,WHS-000011-B01,beginner,用語の特定,identify,第2代正統カリフとして征服を進め、ニハーヴァンドの戦いでササン朝を破った人物は？,ウマル,ウマル,,,,01_islamic_world_formation.md p.318〜319,
イスラーム世界：形成・専制帝国・文化（150用語）,WHS-000011,46,大学受験・標準,人物,ウマル,うまる,,中世,西アジア・アフリカ,シリア・エジプト・イラク・イラン,在位634〜644年,634,WHS-000011-B02,beginner,時期,time,ウマルが正統カリフとして在位した期間は？,634〜644年,634〜644年,,,,01_islamic_world_formation.md p.318〜319,
イスラーム世界：形成・専制帝国・文化（150用語）,WHS-000011,46,大学受験・標準,人物,ウマル,うまる,,中世,西アジア・アフリカ,シリア・エジプト・イラク・イラン,在位634〜644年,634,WHS-000011-B03,beginner,国家・勢力,actor,ウマルの軍がニハーヴァンドの戦いで破った王朝は？,ササン朝,ササン朝,,,,01_islamic_world_formation.md p.318〜319,
イスラーム世界：形成・専制帝国・文化（150用語）,WHS-000011,46,大学受験・標準,人物,ウマル,うまる,,中世,西アジア・アフリカ,シリア・エジプト・イラク・イラン,在位634〜644年,634,WHS-000011-B04,beginner,地域,place,ウマルが東ローマ帝国から奪った二地域は？,シリアとエジプト,シリアとエジプト,エジプトとシリア,,,01_islamic_world_formation.md p.318〜319,
イスラーム世界：形成・専制帝国・文化（150用語）,WHS-000011,46,大学受験・標準,人物,ウマル,うまる,,中世,西アジア・アフリカ,シリア・エジプト・イラク・イラン,在位634〜644年,634,WHS-000011-B05,beginner,関連,relation,ウマルの時代に征服地へ建設された軍営都市の呼び名は？,ミスル,ミスル,,,,01_islamic_world_formation.md p.318〜319,
イスラーム世界：形成・専制帝国・文化（150用語）,WHS-000011,46,大学受験・標準,人物,ウマル,うまる,,中世,西アジア・アフリカ,シリア・エジプト・イラク・イラン,在位634〜644年,634,WHS-000011-R01,reverse,時期,time,カリフとして在位したのはいつ？,**634〜644年**,634〜644年,,,,01_islamic_world_formation.md p.318〜319,
イスラーム世界：形成・専制帝国・文化（150用語）,WHS-000011,46,大学受験・標準,人物,ウマル,うまる,,中世,西アジア・アフリカ,シリア・エジプト・イラク・イラン,在位634〜644年,634,WHS-000011-R02,reverse,核心内容,reverse,何をした？,第2代正統カリフとして、東ローマ帝国から**シリア・エジプト**を奪い、642年の**ニハーヴァンドの戦い**でササン朝を破って、イラクからイラン高原までを支配下に置いた。征服地に**ミスル**を建設し、支配を固めた。,シリア・エジプト|ニハーヴァンドの戦い|ミスル,,,,01_islamic_world_formation.md p.318〜319,
イスラーム世界：形成・専制帝国・文化（150用語）,WHS-000011,46,大学受験・標準,人物,ウマル,うまる,,中世,西アジア・アフリカ,シリア・エジプト・イラク・イラン,在位634〜644年,634,WHS-000011-I01,integrated,統合説明,integrated,「ウマル」について説明せよ。,**634〜644年**に在位した第2代正統カリフで、東ローマ帝国から**シリア・エジプト**を奪った。642年の**ニハーヴァンドの戦い**でササン朝を破り、イラクからイラン高原まで支配を広げ、征服地に**ミスル**を建設した。,634〜644年|シリア・エジプト|ニハーヴァンドの戦い|ミスル,,,,01_islamic_world_formation.md p.318〜319,
イスラーム世界：形成・専制帝国・文化（150用語）,WHS-000015,49,大学受験・標準,地域・都市,ミスル,みする,,中世,西アジア・アフリカ,イラク・エジプトなどの征服地,7世紀・ウマル在位634〜644年の征服期,634,WHS-000015-B01,beginner,用語の特定,identify,アラブの征服活動に伴い、クーファ・バスラ・フスタートなどに建設された軍営都市の総称は？,ミスル,ミスル,,,,01_islamic_world_formation.md p.319,
イスラーム世界：形成・専制帝国・文化（150用語）,WHS-000015,49,大学受験・標準,地域・都市,ミスル,みする,,中世,西アジア・アフリカ,イラク・エジプトなどの征服地,7世紀・ウマル在位634〜644年の征服期,634,WHS-000015-B02,beginner,中心人物,person,ミスルの建設を進めた時代の第2代正統カリフは？,ウマル,ウマル,,,,01_islamic_world_formation.md p.319,
イスラーム世界：形成・専制帝国・文化（150用語）,WHS-000015,49,大学受験・標準,地域・都市,ミスル,みする,,中世,西アジア・アフリカ,イラク・エジプトなどの征服地,7世紀・ウマル在位634〜644年の征服期,634,WHS-000015-B03,beginner,内容,content,ミスルとは、どのような種類の都市？,軍営都市,軍営都市,,,,01_islamic_world_formation.md p.319,
イスラーム世界：形成・専制帝国・文化（150用語）,WHS-000015,49,大学受験・標準,地域・都市,ミスル,みする,,中世,西アジア・アフリカ,イラク・エジプトなどの征服地,7世紀・ウマル在位634〜644年の征服期,634,WHS-000015-B04,beginner,地域,place,ミスルの例で、のちにアリーが都とした都市は？,クーファ,クーファ,,,,01_islamic_world_formation.md p.319,
イスラーム世界：形成・専制帝国・文化（150用語）,WHS-000015,49,大学受験・標準,地域・都市,ミスル,みする,,中世,西アジア・アフリカ,イラク・エジプトなどの征服地,7世紀・ウマル在位634〜644年の征服期,634,WHS-000015-R01,reverse,核心内容,reverse,どこで、何のためにつくられた？,7世紀の**ウマル**の在位期（634〜644年）、イラク・エジプトなどへの征服に伴い、支配を固めるために建設された**軍営都市**。クーファ・バスラ・フスタートなどがある。,ウマル|軍営都市,,,,01_islamic_world_formation.md p.319,
イスラーム世界：形成・専制帝国・文化（150用語）,WHS-000015,49,大学受験・標準,地域・都市,ミスル,みする,,中世,西アジア・アフリカ,イラク・エジプトなどの征服地,7世紀・ウマル在位634〜644年の征服期,634,WHS-000015-I01,integrated,統合説明,integrated,「ミスル」について説明せよ。,7世紀、**ウマル**の在位期（634〜644年）の征服活動に伴い、イラク・エジプトなどで支配を固めるために建設された**軍営都市**。クーファ・バスラ・フスタートなどがその例である。,ウマル|軍営都市,,,,01_islamic_world_formation.md p.319,
イスラーム世界：形成・専制帝国・文化（150用語）,WHS-000016,8,大学受験・基礎,制度・政策・法律,ジズヤ,じずや,人頭税,中世,西アジア,西アジアを中心とするイスラーム世界,7〜8世紀の征服・税制改革,640,WHS-000016-B01,beginner,用語の特定,identify,イスラーム王朝で異教徒に信仰の自由を保証する一方で課した、人頭税の名称は？,ジズヤ,ジズヤ,人頭税,,,01_islamic_world_formation.md p.320・322〜323,
イスラーム世界：形成・専制帝国・文化（150用語）,WHS-000016,8,大学受験・基礎,制度・政策・法律,ジズヤ,じずや,人頭税,中世,西アジア,西アジアを中心とするイスラーム世界,7〜8世紀の征服・税制改革,640,WHS-000016-B02,beginner,内容,content,ジズヤはどの種類の税？,人頭税,人頭税,,,,01_islamic_world_formation.md p.320・322〜323,
イスラーム世界：形成・専制帝国・文化（150用語）,WHS-000016,8,大学受験・基礎,制度・政策・法律,ジズヤ,じずや,人頭税,中世,西アジア,西アジアを中心とするイスラーム世界,7〜8世紀の征服・税制改革,640,WHS-000016-B03,beginner,国家・勢力,actor,ジズヤを改宗後も課され、ウマイヤ朝に反発した人々は？,マワーリー,マワーリー,,,,01_islamic_world_formation.md p.320・322〜323,
イスラーム世界：形成・専制帝国・文化（150用語）,WHS-000016,8,大学受験・基礎,制度・政策・法律,ジズヤ,じずや,人頭税,中世,西アジア,西アジアを中心とするイスラーム世界,7〜8世紀の征服・税制改革,640,WHS-000016-B04,beginner,国家・勢力,actor,ジズヤについて、マワーリーを免税とする改革を行った王朝は？,アッバース朝,アッバース朝,,,,01_islamic_world_formation.md p.320・322〜323,
イスラーム世界：形成・専制帝国・文化（150用語）,WHS-000016,8,大学受験・基礎,制度・政策・法律,ジズヤ,じずや,人頭税,中世,西アジア,西アジアを中心とするイスラーム世界,7〜8世紀の征服・税制改革,640,WHS-000016-R01,reverse,核心内容,reverse,どんな税で、扱いはどう変化した？,7〜8世紀の西アジアを中心とするイスラーム世界で、異教徒の信仰の自由と引き換えに課した**人頭税**。**ウマイヤ朝**は改宗した**マワーリー**にも課して不満を招き、**アッバース朝**は彼らを免税にしてムスリム間の不平等を解消した。,人頭税|ウマイヤ朝|マワーリー|アッバース朝,,,,01_islamic_world_formation.md p.320・322〜323,
イスラーム世界：形成・専制帝国・文化（150用語）,WHS-000016,8,大学受験・基礎,制度・政策・法律,ジズヤ,じずや,人頭税,中世,西アジア,西アジアを中心とするイスラーム世界,7〜8世紀の征服・税制改革,640,WHS-000016-I01,integrated,統合説明,integrated,「ジズヤ」について説明せよ。,7〜8世紀の西アジアを中心とするイスラーム世界で、異教徒の信仰の自由と引き換えに課した**人頭税**。**ウマイヤ朝**は改宗した**マワーリー**にも課したが、**アッバース朝**は彼らを免税としてムスリム間の不平等を解消した。,人頭税|ウマイヤ朝|マワーリー|アッバース朝,,,,01_islamic_world_formation.md p.320・322〜323,
イスラーム世界：形成・専制帝国・文化（150用語）,WHS-000012,47,大学受験・標準,戦争,ニハーヴァンドの戦い,にはーゔぁんどのたたかい,,中世,西アジア,イラクからイラン高原への征服,642年,642,WHS-000012-B01,beginner,用語の特定,identify,ウマルの時代、イスラーム軍がササン朝に圧勝し、その事実上の崩壊を決定づけた戦いは？,ニハーヴァンドの戦い,ニハーヴァンドの戦い,,,,01_islamic_world_formation.md p.318〜319,
イスラーム世界：形成・専制帝国・文化（150用語）,WHS-000012,47,大学受験・標準,戦争,ニハーヴァンドの戦い,にはーゔぁんどのたたかい,,中世,西アジア,イラクからイラン高原への征服,642年,642,WHS-000012-B02,beginner,時期,time,ニハーヴァンドの戦いが戦われたのは何年？,642年,642年,,,,01_islamic_world_formation.md p.318〜319,
イスラーム世界：形成・専制帝国・文化（150用語）,WHS-000012,47,大学受験・標準,戦争,ニハーヴァンドの戦い,にはーゔぁんどのたたかい,,中世,西アジア,イラクからイラン高原への征服,642年,642,WHS-000012-B03,beginner,中心人物,person,ニハーヴァンドの戦いのときの正統カリフは？,ウマル,ウマル,,,,01_islamic_world_formation.md p.318〜319,
イスラーム世界：形成・専制帝国・文化（150用語）,WHS-000012,47,大学受験・標準,戦争,ニハーヴァンドの戦い,にはーゔぁんどのたたかい,,中世,西アジア,イラクからイラン高原への征服,642年,642,WHS-000012-B04,beginner,国家・勢力,actor,ニハーヴァンドの戦いでイスラーム軍が破った王朝は？,ササン朝,ササン朝,,,,01_islamic_world_formation.md p.318〜319,
イスラーム世界：形成・専制帝国・文化（150用語）,WHS-000012,47,大学受験・標準,戦争,ニハーヴァンドの戦い,にはーゔぁんどのたたかい,,中世,西アジア,イラクからイラン高原への征服,642年,642,WHS-000012-R01,reverse,時期,time,戦われたのはいつ？,**642年**,642年,,,,01_islamic_world_formation.md p.318〜319,
イスラーム世界：形成・専制帝国・文化（150用語）,WHS-000012,47,大学受験・標準,戦争,ニハーヴァンドの戦い,にはーゔぁんどのたたかい,,中世,西アジア,イラクからイラン高原への征服,642年,642,WHS-000012-R02,reverse,核心内容,reverse,何が起き、何につながった？,**ウマル**の時代のイスラーム軍が**ササン朝**に圧勝し、同王朝は事実上崩壊した。イスラーム勢力は**イラクからイラン高原**までを支配下に置いた。,ウマル|ササン朝|イラクからイラン高原,,,,01_islamic_world_formation.md p.318〜319,
イスラーム世界：形成・専制帝国・文化（150用語）,WHS-000012,47,大学受験・標準,戦争,ニハーヴァンドの戦い,にはーゔぁんどのたたかい,,中世,西アジア,イラクからイラン高原への征服,642年,642,WHS-000012-I01,integrated,統合説明,integrated,「ニハーヴァンドの戦い」について説明せよ。,**642年**、ウマルの時代のイスラーム軍が**ササン朝**に圧勝した戦い。ササン朝は事実上崩壊し、イスラーム勢力は**イラクからイラン高原**までを支配下に置いた。,642年|ササン朝|イラクからイラン高原,,,,01_islamic_world_formation.md p.318〜319,
イスラーム世界：形成・専制帝国・文化（150用語）,WHS-000004,3,大学受験・基礎,文書・作品,コーラン,こーらん,クルアーン,中世,西アジア,アラビア半島を起点とするイスラーム世界,7世紀・ウスマーン在位644〜656年に集成,644,WHS-000004-B01,beginner,用語の特定,identify,ムハンマドが授かった神の言葉をまとめ、ムスリムの信仰や生活全般を規定する聖典は？,コーラン,コーラン,クルアーン,,,01_islamic_world_formation.md p.317〜320,
イスラーム世界：形成・専制帝国・文化（150用語）,WHS-000004,3,大学受験・基礎,文書・作品,コーラン,こーらん,クルアーン,中世,西アジア,アラビア半島を起点とするイスラーム世界,7世紀・ウスマーン在位644〜656年に集成,644,WHS-000004-B02,beginner,中心人物,person,コーランを現在の形にまとめた正統カリフは？,ウスマーン,ウスマーン,,,,01_islamic_world_formation.md p.317〜320,
イスラーム世界：形成・専制帝国・文化（150用語）,WHS-000004,3,大学受験・基礎,文書・作品,コーラン,こーらん,クルアーン,中世,西アジア,アラビア半島を起点とするイスラーム世界,7世紀・ウスマーン在位644〜656年に集成,644,WHS-000004-B03,beginner,中心人物,person,コーランに収められた神の言葉を授かった預言者は？,ムハンマド,ムハンマド,,,,01_islamic_world_formation.md p.317〜320,
イスラーム世界：形成・専制帝国・文化（150用語）,WHS-000004,3,大学受験・基礎,文書・作品,コーラン,こーらん,クルアーン,中世,西アジア,アラビア半島を起点とするイスラーム世界,7世紀・ウスマーン在位644〜656年に集成,644,WHS-000004-B04,beginner,原因,cause,コーランの内容を文書にまとめて各地に送る必要が生じた背景は？,領土拡大による口承の困難,領土拡大による口承の困難,,,,01_islamic_world_formation.md p.317〜320,
イスラーム世界：形成・専制帝国・文化（150用語）,WHS-000004,3,大学受験・基礎,文書・作品,コーラン,こーらん,クルアーン,中世,西アジア,アラビア半島を起点とするイスラーム世界,7世紀・ウスマーン在位644〜656年に集成,644,WHS-000004-R01,reverse,時期,time,現在の形にまとめられたのはいつ？,**第3代正統カリフのウスマーンの時代（644〜656年）**,第3代正統カリフのウスマーンの時代（644〜656年）,,,,01_islamic_world_formation.md p.317〜320,
イスラーム世界：形成・専制帝国・文化（150用語）,WHS-000004,3,大学受験・基礎,文書・作品,コーラン,こーらん,クルアーン,中世,西アジア,アラビア半島を起点とするイスラーム世界,7世紀・ウスマーン在位644〜656年に集成,644,WHS-000004-R02,reverse,核心内容,reverse,何が書かれている？,7世紀のアラビア半島で活動した**ムハンマド**が授かった神の言葉を収める。イスラーム教の信仰だけでなく、政治・経済やムスリムの生活全般を規定し、領土拡大で口承が難しくなると**ウスマーン**が文書にまとめて各地へ送った。,ムハンマド|ウスマーン,,,,01_islamic_world_formation.md p.317〜320,
イスラーム世界：形成・専制帝国・文化（150用語）,WHS-000004,3,大学受験・基礎,文書・作品,コーラン,こーらん,クルアーン,中世,西アジア,アラビア半島を起点とするイスラーム世界,7世紀・ウスマーン在位644〜656年に集成,644,WHS-000004-I01,integrated,統合説明,integrated,「コーラン」について説明せよ。,7世紀のアラビア半島で**ムハンマド**が授かった神の言葉を収めるイスラーム教の聖典で、信仰だけでなく政治・経済や生活全般を規定する。領土拡大に伴って口承が難しくなり、**ウスマーン**の時代（644〜656年）に現在の形にまとめられ、各地へ送られた。,ムハンマド|ウスマーン,,,,01_islamic_world_formation.md p.317〜320,
イスラーム世界：形成・専制帝国・文化（150用語）,WHS-000013,48,大学受験・標準,人物,ウスマーン,うすまーん,,中世,西アジア,メディナを都とするウンマ,在位644〜656年,644,WHS-000013-B01,beginner,用語の特定,identify,第3代正統カリフとして『コーラン』を現在の形にまとめたが、同族優遇への反発を受け暗殺された人物は？,ウスマーン,ウスマーン,,,,01_islamic_world_formation.md p.318・320,
イスラーム世界：形成・専制帝国・文化（150用語）,WHS-000013,48,大学受験・標準,人物,ウスマーン,うすまーん,,中世,西アジア,メディナを都とするウンマ,在位644〜656年,644,WHS-000013-B02,beginner,時期,time,ウスマーンが正統カリフとして在位した期間は？,644〜656年,644〜656年,,,,01_islamic_world_formation.md p.318・320,
イスラーム世界：形成・専制帝国・文化（150用語）,WHS-000013,48,大学受験・標準,人物,ウスマーン,うすまーん,,中世,西アジア,メディナを都とするウンマ,在位644〜656年,644,WHS-000013-B03,beginner,関連,relation,ウスマーンが現在の形にまとめた聖典は？,コーラン,コーラン,クルアーン,,,01_islamic_world_formation.md p.318・320,
イスラーム世界：形成・専制帝国・文化（150用語）,WHS-000013,48,大学受験・標準,人物,ウスマーン,うすまーん,,中世,西アジア,メディナを都とするウンマ,在位644〜656年,644,WHS-000013-B04,beginner,国家・勢力,actor,ウスマーンの出身で、彼が優遇した家系は？,ウマイヤ家,ウマイヤ家,,,,01_islamic_world_formation.md p.318・320,
イスラーム世界：形成・専制帝国・文化（150用語）,WHS-000013,48,大学受験・標準,人物,ウスマーン,うすまーん,,中世,西アジア,メディナを都とするウンマ,在位644〜656年,644,WHS-000013-R01,reverse,時期,time,カリフとして在位したのはいつ？,**644〜656年**,644〜656年,,,,01_islamic_world_formation.md p.318・320,
イスラーム世界：形成・専制帝国・文化（150用語）,WHS-000013,48,大学受験・標準,人物,ウスマーン,うすまーん,,中世,西アジア,メディナを都とするウンマ,在位644〜656年,644,WHS-000013-R02,reverse,核心内容,reverse,何をした？,メディナを都とするウンマの第3代正統カリフとして、領土拡大で口承が難しくなった**『コーラン』**を文書にまとめて各地へ送った。**ウマイヤ家**の同族優遇に古くからの信者が反発し、内乱のなかで暗殺された。,コーラン|ウマイヤ家,,,,01_islamic_world_formation.md p.318・320,
イスラーム世界：形成・専制帝国・文化（150用語）,WHS-000013,48,大学受験・標準,人物,ウスマーン,うすまーん,,中世,西アジア,メディナを都とするウンマ,在位644〜656年,644,WHS-000013-I01,integrated,統合説明,integrated,「ウスマーン」について説明せよ。,**644〜656年**に在位し、メディナを都とするウンマを指導した第3代正統カリフ。領土拡大に伴って**『コーラン』**を現在の形にまとめたが、**ウマイヤ家**の同族優遇に反発が起き、内乱のなかで暗殺された。,644〜656年|コーラン|ウマイヤ家,,,,01_islamic_world_formation.md p.318・320,
イスラーム世界：形成・専制帝国・文化（150用語）,WHS-000068,84,大学受験・標準,国家・王朝,ガーナ王国,がーなおうこく,,中世,アフリカ,西アフリカ・ニジェール川流域,7世紀ごろから繁栄,650,WHS-000068-B01,beginner,用語の特定,identify,西アフリカのニジェール川流域でサハラ交易によって繁栄し、ムラービト朝に征服された黒人国家は？,ガーナ王国,ガーナ王国,,,,01_islamic_world_formation.md p.329・331,
イスラーム世界：形成・専制帝国・文化（150用語）,WHS-000068,84,大学受験・標準,国家・王朝,ガーナ王国,がーなおうこく,,中世,アフリカ,西アフリカ・ニジェール川流域,7世紀ごろから繁栄,650,WHS-000068-B02,beginner,時期,time,ガーナ王国が繁栄し始めたのはいつ？,7世紀ごろ,7世紀ごろ,,,,01_islamic_world_formation.md p.329・331,
イスラーム世界：形成・専制帝国・文化（150用語）,WHS-000068,84,大学受験・標準,国家・王朝,ガーナ王国,がーなおうこく,,中世,アフリカ,西アフリカ・ニジェール川流域,7世紀ごろから繁栄,650,WHS-000068-B03,beginner,関連,relation,ガーナ王国の繁栄を支えた、金と岩塩を結ぶ交易は？,サハラ交易,サハラ交易,塩金交易,,,01_islamic_world_formation.md p.329・331,
イスラーム世界：形成・専制帝国・文化（150用語）,WHS-000068,84,大学受験・標準,国家・王朝,ガーナ王国,がーなおうこく,,中世,アフリカ,西アフリカ・ニジェール川流域,7世紀ごろから繁栄,650,WHS-000068-B04,beginner,国家・勢力,actor,ガーナ王国を北アフリカから侵入して征服した王朝は？,ムラービト朝,ムラービト朝,,,,01_islamic_world_formation.md p.329・331,
イスラーム世界：形成・専制帝国・文化（150用語）,WHS-000068,84,大学受験・標準,国家・王朝,ガーナ王国,がーなおうこく,,中世,アフリカ,西アフリカ・ニジェール川流域,7世紀ごろから繁栄,650,WHS-000068-R01,reverse,時期,time,繁栄し始めたのはいつ？,**7世紀ごろ**,7世紀ごろ,,,,01_islamic_world_formation.md p.329・331,
イスラーム世界：形成・専制帝国・文化（150用語）,WHS-000068,84,大学受験・標準,国家・王朝,ガーナ王国,がーなおうこく,,中世,アフリカ,西アフリカ・ニジェール川流域,7世紀ごろから繁栄,650,WHS-000068-R02,reverse,核心内容,reverse,どう繁栄し、何が起きた？,西アフリカの**ニジェール川流域**で、金と岩塩を取引する**サハラ交易**によって繁栄した。交易を通じてイスラーム教が流入し、**ムラービト朝**に征服されるとイスラーム化が進んだ。,ニジェール川流域|サハラ交易|ムラービト朝,,,,01_islamic_world_formation.md p.329・331,
イスラーム世界：形成・専制帝国・文化（150用語）,WHS-000068,84,大学受験・標準,国家・王朝,ガーナ王国,がーなおうこく,,中世,アフリカ,西アフリカ・ニジェール川流域,7世紀ごろから繁栄,650,WHS-000068-I01,integrated,統合説明,integrated,「ガーナ王国」について説明せよ。,**7世紀ごろ**から、西アフリカの**ニジェール川流域**で**サハラ交易**によって繁栄した黒人国家。交易を通じてイスラーム教が流入し、北アフリカから来た**ムラービト朝**に征服されるとイスラーム化が進んだ。,7世紀ごろ|ニジェール川流域|サハラ交易|ムラービト朝,,,,01_islamic_world_formation.md p.329・331,
イスラーム世界：形成・専制帝国・文化（150用語）,WHS-000014,7,大学受験・基礎,人物,アリー,ありー,,中世,西アジア,クーファ,在位656〜661年,656,WHS-000014-B01,beginner,用語の特定,identify,第4代正統カリフとなり、クーファに遷都してムアーウィヤと対立した、ムハンマドの従弟は？,アリー,アリー,,,,01_islamic_world_formation.md p.318・320〜322,
イスラーム世界：形成・専制帝国・文化（150用語）,WHS-000014,7,大学受験・基礎,人物,アリー,ありー,,中世,西アジア,クーファ,在位656〜661年,656,WHS-000014-B02,beginner,時期,time,アリーが正統カリフとして在位した期間は？,656〜661年,656〜661年,,,,01_islamic_world_formation.md p.318・320〜322,
イスラーム世界：形成・専制帝国・文化（150用語）,WHS-000014,7,大学受験・基礎,人物,アリー,ありー,,中世,西アジア,クーファ,在位656〜661年,656,WHS-000014-B03,beginner,地域,place,アリーが遷都した都市は？,クーファ,クーファ,,,,01_islamic_world_formation.md p.318・320〜322,
イスラーム世界：形成・専制帝国・文化（150用語）,WHS-000014,7,大学受験・基礎,人物,アリー,ありー,,中世,西アジア,クーファ,在位656〜661年,656,WHS-000014-B04,beginner,中心人物,person,アリーに対抗してカリフを名乗ったシリア総督は？,ムアーウィヤ,ムアーウィヤ,,,,01_islamic_world_formation.md p.318・320〜322,
イスラーム世界：形成・専制帝国・文化（150用語）,WHS-000014,7,大学受験・基礎,人物,アリー,ありー,,中世,西アジア,クーファ,在位656〜661年,656,WHS-000014-B05,beginner,関連,relation,アリーとその子孫のみを正統な後継者と認める宗派は？,シーア派,シーア派,,,,01_islamic_world_formation.md p.318・320〜322,
イスラーム世界：形成・専制帝国・文化（150用語）,WHS-000014,7,大学受験・基礎,人物,アリー,ありー,,中世,西アジア,クーファ,在位656〜661年,656,WHS-000014-R01,reverse,時期,time,カリフとして在位したのはいつ？,**656〜661年**,656〜661年,,,,01_islamic_world_formation.md p.318・320〜322,
イスラーム世界：形成・専制帝国・文化（150用語）,WHS-000014,7,大学受験・基礎,人物,アリー,ありー,,中世,西アジア,クーファ,在位656〜661年,656,WHS-000014-R02,reverse,核心内容,reverse,何をした？,古参のムスリムの支持で第4代正統カリフとなり、**クーファ**に遷都した。シリア総督**ムアーウィヤ**との内乱が続き、和解に反対する**ハワーリジュ派**に暗殺された。,クーファ|ムアーウィヤ|ハワーリジュ派,,,,01_islamic_world_formation.md p.318・320〜322,
イスラーム世界：形成・専制帝国・文化（150用語）,WHS-000014,7,大学受験・基礎,人物,アリー,ありー,,中世,西アジア,クーファ,在位656〜661年,656,WHS-000014-R03,reverse,核心内容,reverse,後世の宗派にどう関係する？,**シーア派**はアリーとその子孫のみを正統な後継者と認め、ウマイヤ朝を認めなかった。,シーア派,,,,01_islamic_world_formation.md p.318・320〜322,
イスラーム世界：形成・専制帝国・文化（150用語）,WHS-000014,7,大学受験・基礎,人物,アリー,ありー,,中世,西アジア,クーファ,在位656〜661年,656,WHS-000014-I01,integrated,統合説明,integrated,「アリー」について説明せよ。,**656〜661年**に在位した第4代正統カリフで、**クーファ**に遷都し、シリア総督**ムアーウィヤ**と対立した。内乱の和解に反対するハワーリジュ派に暗殺され、のちの**シーア派**はアリーとその子孫のみを正統な後継者と認めた。,656〜661年|クーファ|ムアーウィヤ|シーア派,,,,01_islamic_world_formation.md p.318・320〜322,
イスラーム世界：形成・専制帝国・文化（150用語）,WHS-000018,9,大学受験・基礎,国家・王朝,ウマイヤ朝,うまいやちょう,,中世,中央アジア・ヨーロッパ,ダマスクス・イベリア半島から中央アジア,661〜750年,661,WHS-000018-B01,beginner,用語の特定,identify,ムアーウィヤがダマスクスに開き、カリフ位の世襲化とアラブ人の特権化を進めた王朝は？,ウマイヤ朝,ウマイヤ朝,,,,01_islamic_world_formation.md p.321〜323・332,
イスラーム世界：形成・専制帝国・文化（150用語）,WHS-000018,9,大学受験・基礎,国家・王朝,ウマイヤ朝,うまいやちょう,,中世,中央アジア・ヨーロッパ,ダマスクス・イベリア半島から中央アジア,661〜750年,661,WHS-000018-B02,beginner,時期,time,ウマイヤ朝が成立したのは何年？,661年,661年,,,661：「無理無理言うな　ムアーウィヤ」ウマイヤ朝成立,01_islamic_world_formation.md p.321〜323・332,
イスラーム世界：形成・専制帝国・文化（150用語）,WHS-000018,9,大学受験・基礎,国家・王朝,ウマイヤ朝,うまいやちょう,,中世,中央アジア・ヨーロッパ,ダマスクス・イベリア半島から中央アジア,661〜750年,661,WHS-000018-B03,beginner,中心人物,person,ウマイヤ朝の建国者は？,ムアーウィヤ,ムアーウィヤ,,,,01_islamic_world_formation.md p.321〜323・332,
イスラーム世界：形成・専制帝国・文化（150用語）,WHS-000018,9,大学受験・基礎,国家・王朝,ウマイヤ朝,うまいやちょう,,中世,中央アジア・ヨーロッパ,ダマスクス・イベリア半島から中央アジア,661〜750年,661,WHS-000018-B04,beginner,地域,place,ウマイヤ朝の都は？,ダマスクス,ダマスクス,ダマスカス,,,01_islamic_world_formation.md p.321〜323・332,
イスラーム世界：形成・専制帝国・文化（150用語）,WHS-000018,9,大学受験・基礎,国家・王朝,ウマイヤ朝,うまいやちょう,,中世,中央アジア・ヨーロッパ,ダマスクス・イベリア半島から中央アジア,661〜750年,661,WHS-000018-B05,beginner,内容,content,ウマイヤ朝で非アラブ人改宗者は何と呼ばれた？,マワーリー,マワーリー,,,,01_islamic_world_formation.md p.321〜323・332,
イスラーム世界：形成・専制帝国・文化（150用語）,WHS-000018,9,大学受験・基礎,国家・王朝,ウマイヤ朝,うまいやちょう,,中世,中央アジア・ヨーロッパ,ダマスクス・イベリア半島から中央アジア,661〜750年,661,WHS-000018-B06,beginner,関連,relation,ウマイヤ朝がアラブ人に特権を与えたことから用いられる帝国の呼び名は？,アラブ帝国,アラブ帝国,,,,01_islamic_world_formation.md p.321〜323・332,
イスラーム世界：形成・専制帝国・文化（150用語）,WHS-000018,9,大学受験・基礎,国家・王朝,ウマイヤ朝,うまいやちょう,,中世,中央アジア・ヨーロッパ,ダマスクス・イベリア半島から中央アジア,661〜750年,661,WHS-000018-R01,reverse,時期,time,存在したのはいつ？,**661〜750年**,661〜750年,,,661：「無理無理言うな　ムアーウィヤ」ウマイヤ朝成立,01_islamic_world_formation.md p.321〜323・332,
イスラーム世界：形成・専制帝国・文化（150用語）,WHS-000018,9,大学受験・基礎,国家・王朝,ウマイヤ朝,うまいやちょう,,中世,中央アジア・ヨーロッパ,ダマスクス・イベリア半島から中央アジア,661〜750年,661,WHS-000018-R02,reverse,核心内容,reverse,何をした？,**ムアーウィヤ**がダマスクスに建国し、**カリフ位の世襲化**を進めた。アラブ人に俸給や免税の特権を与え、イベリア半島から中央アジアまで領土を拡大したが、改宗後も課税された**マワーリー**や**シーア派**の不満を招き、アッバース家に倒された。,ムアーウィヤ|カリフ位の世襲化|マワーリー|シーア派,,,,01_islamic_world_formation.md p.321〜323・332,
イスラーム世界：形成・専制帝国・文化（150用語）,WHS-000018,9,大学受験・基礎,国家・王朝,ウマイヤ朝,うまいやちょう,,中世,中央アジア・ヨーロッパ,ダマスクス・イベリア半島から中央アジア,661〜750年,661,WHS-000018-I01,integrated,統合説明,integrated,「ウマイヤ朝」について説明せよ。,**661〜750年**、ダマスクスを都としてイベリア半島から中央アジアまで広がった、**ムアーウィヤ**が建てた「アラブ帝国」とも呼ばれる王朝。**カリフ位の世襲化**とアラブ人の特権化を進めたが、改宗後も課税された**マワーリー**や**シーア派**の不満を招き、アッバース家に倒された。,661〜750年|ムアーウィヤ|カリフ位の世襲化|マワーリー|シーア派,,,661：「無理無理言うな　ムアーウィヤ」ウマイヤ朝成立,01_islamic_world_formation.md p.321〜323・332,
イスラーム世界：形成・専制帝国・文化（150用語）,WHS-000020,10,大学受験・基礎,宗教・宗派,スンナ派,すんなは,スンニー派,中世,西アジア,西アジアを中心とするイスラーム世界,7世紀・ウマイヤ朝成立期以降,661,WHS-000020-B01,beginner,用語の特定,identify,ウマイヤ朝と代々のカリフを正統と認め、共同体の統一を重視したイスラーム教の多数派は？,スンナ派,スンナ派,スンニー派,,,01_islamic_world_formation.md p.321〜322,
イスラーム世界：形成・専制帝国・文化（150用語）,WHS-000020,10,大学受験・基礎,宗教・宗派,スンナ派,すんなは,スンニー派,中世,西アジア,西アジアを中心とするイスラーム世界,7世紀・ウマイヤ朝成立期以降,661,WHS-000020-B02,beginner,内容,content,スンナ派が名称の由来として従う、ムハンマドの言行は何と呼ばれる？,スンナ,スンナ,,,,01_islamic_world_formation.md p.321〜322,
イスラーム世界：形成・専制帝国・文化（150用語）,WHS-000020,10,大学受験・基礎,宗教・宗派,スンナ派,すんなは,スンニー派,中世,西アジア,西アジアを中心とするイスラーム世界,7世紀・ウマイヤ朝成立期以降,661,WHS-000020-B03,beginner,関連,relation,スンナ派と対照的に、アリーの血統だけを正統とする宗派は？,シーア派,シーア派,,,,01_islamic_world_formation.md p.321〜322,
イスラーム世界：形成・専制帝国・文化（150用語）,WHS-000020,10,大学受験・基礎,宗教・宗派,スンナ派,すんなは,スンニー派,中世,西アジア,西アジアを中心とするイスラーム世界,7世紀・ウマイヤ朝成立期以降,661,WHS-000020-B04,beginner,内容,content,スンナ派がカリフの正統性を考える際に重視した、ウンマのあり方は？,共同体の統一,共同体の統一,,,,01_islamic_world_formation.md p.321〜322,
イスラーム世界：形成・専制帝国・文化（150用語）,WHS-000020,10,大学受験・基礎,宗教・宗派,スンナ派,すんなは,スンニー派,中世,西アジア,西アジアを中心とするイスラーム世界,7世紀・ウマイヤ朝成立期以降,661,WHS-000020-R01,reverse,核心内容,reverse,どんな立場をとった？,西アジアで**661年**にウマイヤ朝が成立した後の対立で、**ウマイヤ朝と代々のカリフ**を正統と認め、**共同体の統一**を重視した多数派。ムハンマドの言行である**スンナ**に従うという意味を持つ。アリーの血統だけを正統とする**シーア派**とは異なる。,661年|ウマイヤ朝と代々のカリフ|共同体の統一|スンナ|シーア派,,,661：「無理無理言うな　ムアーウィヤ」ウマイヤ朝成立,01_islamic_world_formation.md p.321〜322,
イスラーム世界：形成・専制帝国・文化（150用語）,WHS-000020,10,大学受験・基礎,宗教・宗派,スンナ派,すんなは,スンニー派,中世,西アジア,西アジアを中心とするイスラーム世界,7世紀・ウマイヤ朝成立期以降,661,WHS-000020-I01,integrated,統合説明,integrated,「スンナ派」について説明せよ。,西アジアで**661年**にウマイヤ朝が成立した後の対立で、**ウマイヤ朝と代々のカリフ**を正統と認め、**共同体の統一**を重視したイスラーム教の多数派。名称はムハンマドの言行である**スンナ**に従うことを意味する。アリーの血統だけを正統とする**シーア派**とは異なる。,661年|ウマイヤ朝と代々のカリフ|共同体の統一|スンナ|シーア派,,,661：「無理無理言うな　ムアーウィヤ」ウマイヤ朝成立,01_islamic_world_formation.md p.321〜322,
イスラーム世界：形成・専制帝国・文化（150用語）,WHS-000021,11,大学受験・基礎,宗教・宗派,シーア派,しーあは,,中世,西アジア,西アジアを中心とするイスラーム世界,7世紀・ウマイヤ朝成立期以降,661,WHS-000021-B01,beginner,用語の特定,identify,アリーとその子孫だけを正統な後継者と認め、ウマイヤ朝を認めなかったイスラーム教の宗派は？,シーア派,シーア派,,,,01_islamic_world_formation.md p.321〜323,
イスラーム世界：形成・専制帝国・文化（150用語）,WHS-000021,11,大学受験・基礎,宗教・宗派,シーア派,しーあは,,中世,西アジア,西アジアを中心とするイスラーム世界,7世紀・ウマイヤ朝成立期以降,661,WHS-000021-B02,beginner,中心人物,person,シーア派がその血統を正統とする第4代正統カリフは？,アリー,アリー,,,,01_islamic_world_formation.md p.321〜323,
イスラーム世界：形成・専制帝国・文化（150用語）,WHS-000021,11,大学受験・基礎,宗教・宗派,シーア派,しーあは,,中世,西アジア,西アジアを中心とするイスラーム世界,7世紀・ウマイヤ朝成立期以降,661,WHS-000021-B03,beginner,内容,content,シーア派の最高指導者の称号は？,イマーム,イマーム,,,,01_islamic_world_formation.md p.321〜323,
イスラーム世界：形成・専制帝国・文化（150用語）,WHS-000021,11,大学受験・基礎,宗教・宗派,シーア派,しーあは,,中世,西アジア,西アジアを中心とするイスラーム世界,7世紀・ウマイヤ朝成立期以降,661,WHS-000021-B04,beginner,国家・勢力,actor,シーア派が建国に協力したのに、その後弾圧された王朝は？,アッバース朝,アッバース朝,,,,01_islamic_world_formation.md p.321〜323,
イスラーム世界：形成・専制帝国・文化（150用語）,WHS-000021,11,大学受験・基礎,宗教・宗派,シーア派,しーあは,,中世,西アジア,西アジアを中心とするイスラーム世界,7世紀・ウマイヤ朝成立期以降,661,WHS-000021-R01,reverse,核心内容,reverse,どんな立場をとった？,西アジアで**661年**にウマイヤ朝が成立した後、**アリーとその子孫**のみを正統な後継者である**イマーム**と認め、ウマイヤ朝に反対した。,661年|アリーとその子孫|イマーム,,,661：「無理無理言うな　ムアーウィヤ」ウマイヤ朝成立,01_islamic_world_formation.md p.321〜323,
イスラーム世界：形成・専制帝国・文化（150用語）,WHS-000021,11,大学受験・基礎,宗教・宗派,シーア派,しーあは,,中世,西アジア,西アジアを中心とするイスラーム世界,7世紀・ウマイヤ朝成立期以降,661,WHS-000021-R02,reverse,核心内容,reverse,アッバース朝とはどう関わった？,ウマイヤ朝への不満から**アッバース革命**に協力したが、建国後のアッバース朝はスンナ派を保護し、シーア派を弾圧した。,アッバース革命,,,,01_islamic_world_formation.md p.321〜323,
イスラーム世界：形成・専制帝国・文化（150用語）,WHS-000021,11,大学受験・基礎,宗教・宗派,シーア派,しーあは,,中世,西アジア,西アジアを中心とするイスラーム世界,7世紀・ウマイヤ朝成立期以降,661,WHS-000021-I01,integrated,統合説明,integrated,「シーア派」について説明せよ。,西アジアで**661年**にウマイヤ朝が成立した後、**アリーとその子孫**のみを正統な後継者である**イマーム**と認めたイスラーム教の宗派。ウマイヤ朝に反対して**アッバース革命**に協力したが、建国後のアッバース朝にも弾圧された。,661年|アリーとその子孫|イマーム|アッバース革命,,,661：「無理無理言うな　ムアーウィヤ」ウマイヤ朝成立,01_islamic_world_formation.md p.321〜323,
イスラーム世界：形成・専制帝国・文化（150用語）,WHS-000017,50,大学受験・標準,制度・政策・法律,ハラージュ,はらーじゅ,土地税,中世,西アジア,西アジアを中心とするイスラーム世界,ウマイヤ朝〜アッバース朝期,661,WHS-000017-B01,beginner,用語の特定,identify,ウマイヤ朝・アッバース朝の税制で、ジズヤという人頭税と区別される土地税の名称は？,ハラージュ,ハラージュ,土地税,,,01_islamic_world_formation.md p.322〜323,
イスラーム世界：形成・専制帝国・文化（150用語）,WHS-000017,50,大学受験・標準,制度・政策・法律,ハラージュ,はらーじゅ,土地税,中世,西アジア,西アジアを中心とするイスラーム世界,ウマイヤ朝〜アッバース朝期,661,WHS-000017-B02,beginner,内容,content,ハラージュは何に対して課される税？,土地,土地,,,,01_islamic_world_formation.md p.322〜323,
イスラーム世界：形成・専制帝国・文化（150用語）,WHS-000017,50,大学受験・標準,制度・政策・法律,ハラージュ,はらーじゅ,土地税,中世,西アジア,西アジアを中心とするイスラーム世界,ウマイヤ朝〜アッバース朝期,661,WHS-000017-B03,beginner,国家・勢力,actor,ハラージュをウマイヤ朝末期から課されるようになった、従来は免税の人々は？,アラブ人の土地所有者,アラブ人の土地所有者,,,,01_islamic_world_formation.md p.322〜323,
イスラーム世界：形成・専制帝国・文化（150用語）,WHS-000017,50,大学受験・標準,制度・政策・法律,ハラージュ,はらーじゅ,土地税,中世,西アジア,西アジアを中心とするイスラーム世界,ウマイヤ朝〜アッバース朝期,661,WHS-000017-B04,beginner,関連,relation,ハラージュと対比される、異教徒への人頭税の名称は？,ジズヤ,ジズヤ,,,,01_islamic_world_formation.md p.322〜323,
イスラーム世界：形成・専制帝国・文化（150用語）,WHS-000017,50,大学受験・標準,制度・政策・法律,ハラージュ,はらーじゅ,土地税,中世,西アジア,西アジアを中心とするイスラーム世界,ウマイヤ朝〜アッバース朝期,661,WHS-000017-R01,reverse,核心内容,reverse,どんな税で、扱いはどう変化した？,661〜750年のウマイヤ朝からアッバース朝にかけて、西アジアなどで課された**土地税**。ウマイヤ朝では当初アラブ人が免税だったが、末期からアラブ人の土地所有者にも課され、アッバース朝ではムスリムのアラブ人・改宗者・異教徒とも課税の対象になった。人頭税の**ジズヤ**とは区別する。,土地税|ジズヤ,,,,01_islamic_world_formation.md p.322〜323,
イスラーム世界：形成・専制帝国・文化（150用語）,WHS-000017,50,大学受験・標準,制度・政策・法律,ハラージュ,はらーじゅ,土地税,中世,西アジア,西アジアを中心とするイスラーム世界,ウマイヤ朝〜アッバース朝期,661,WHS-000017-I01,integrated,統合説明,integrated,「ハラージュ」について説明せよ。,661〜750年の**ウマイヤ朝**から**アッバース朝**にかけて、西アジアなどで課された**土地税**。ウマイヤ朝では当初アラブ人が免税だったが、末期からアラブ人の土地所有者にも課され、アッバース朝ではムスリムのアラブ人・改宗者・異教徒とも課税の対象になった。人頭税の**ジズヤ**とは区別する。,ウマイヤ朝|アッバース朝|土地税|ジズヤ,,,,01_islamic_world_formation.md p.322〜323,
イスラーム世界：形成・専制帝国・文化（150用語）,WHS-000019,51,大学受験・標準,人物,ムアーウィヤ,むあーうぃや,,中世,西アジア,シリア・ダマスクス,在位661〜680年,661,WHS-000019-B01,beginner,用語の特定,identify,シリア総督としてアリーに対抗し、ダマスクスでウマイヤ朝を開いた人物は？,ムアーウィヤ,ムアーウィヤ,,,,01_islamic_world_formation.md p.320〜321・332,
イスラーム世界：形成・専制帝国・文化（150用語）,WHS-000019,51,大学受験・標準,人物,ムアーウィヤ,むあーうぃや,,中世,西アジア,シリア・ダマスクス,在位661〜680年,661,WHS-000019-B02,beginner,時期,time,ムアーウィヤがウマイヤ朝を開いたのは何年？,661年,661年,,,661：「無理無理言うな　ムアーウィヤ」ウマイヤ朝成立,01_islamic_world_formation.md p.320〜321・332,
イスラーム世界：形成・専制帝国・文化（150用語）,WHS-000019,51,大学受験・標準,人物,ムアーウィヤ,むあーうぃや,,中世,西アジア,シリア・ダマスクス,在位661〜680年,661,WHS-000019-B03,beginner,地域,place,ムアーウィヤがウマイヤ朝の都とした都市は？,ダマスクス,ダマスクス,ダマスカス,,,01_islamic_world_formation.md p.320〜321・332,
イスラーム世界：形成・専制帝国・文化（150用語）,WHS-000019,51,大学受験・標準,人物,ムアーウィヤ,むあーうぃや,,中世,西アジア,シリア・ダマスクス,在位661〜680年,661,WHS-000019-B04,beginner,内容,content,ムアーウィヤがカリフ位の継承方法に導入した仕組みは？,世襲,世襲,,,,01_islamic_world_formation.md p.320〜321・332,
イスラーム世界：形成・専制帝国・文化（150用語）,WHS-000019,51,大学受験・標準,人物,ムアーウィヤ,むあーうぃや,,中世,西アジア,シリア・ダマスクス,在位661〜680年,661,WHS-000019-R01,reverse,時期,time,王朝を開いたのはいつ？,**661年**,661年,,,661：「無理無理言うな　ムアーウィヤ」ウマイヤ朝成立,01_islamic_world_formation.md p.320〜321・332,
イスラーム世界：形成・専制帝国・文化（150用語）,WHS-000019,51,大学受験・標準,人物,ムアーウィヤ,むあーうぃや,,中世,西アジア,シリア・ダマスクス,在位661〜680年,661,WHS-000019-R02,reverse,核心内容,reverse,何をした？,ウマイヤ家出身のシリア総督として**アリー**と対立し、アリー暗殺後に**ダマスクス**でカリフとなって**ウマイヤ朝**を開いた。息子への継承を認めさせ、**カリフ位を世襲化**した。,アリー|ダマスクス|ウマイヤ朝|カリフ位を世襲化,,,,01_islamic_world_formation.md p.320〜321・332,
イスラーム世界：形成・専制帝国・文化（150用語）,WHS-000019,51,大学受験・標準,人物,ムアーウィヤ,むあーうぃや,,中世,西アジア,シリア・ダマスクス,在位661〜680年,661,WHS-000019-I01,integrated,統合説明,integrated,「ムアーウィヤ」について説明せよ。,**661年**、シリアの**ダマスクス**でカリフとなり、**ウマイヤ朝**を開いた人物。シリア総督としてアリーと対立し、その暗殺後に権力を確立して、息子への継承による**カリフ位の世襲化**を進めた。,661年|ダマスクス|ウマイヤ朝|カリフ位の世襲化,,,661：「無理無理言うな　ムアーウィヤ」ウマイヤ朝成立,01_islamic_world_formation.md p.320〜321・332,
イスラーム世界：形成・専制帝国・文化（150用語）,WHS-000022,52,大学受験・標準,人物,アブド＝アルマリク,あぶどあるまりく,,中世,西アジア,ダマスクスを都とするウマイヤ朝,ウマイヤ朝期（661〜750年）,685,WHS-000022-B01,beginner,用語の特定,identify,ウマイヤ朝の第5代君主として内乱を収拾し、アラビア語の公用語化と貨幣統一を進めた人物は？,アブド＝アルマリク,アブド＝アルマリク,,,,01_islamic_world_formation.md p.321〜322,
イスラーム世界：形成・専制帝国・文化（150用語）,WHS-000022,52,大学受験・標準,人物,アブド＝アルマリク,あぶどあるまりく,,中世,西アジア,ダマスクスを都とするウマイヤ朝,ウマイヤ朝期（661〜750年）,685,WHS-000022-B02,beginner,内容,content,アブド＝アルマリクが公用語とした言語は？,アラビア語,アラビア語,,,,01_islamic_world_formation.md p.321〜322,
イスラーム世界：形成・専制帝国・文化（150用語）,WHS-000022,52,大学受験・標準,人物,アブド＝アルマリク,あぶどあるまりく,,中世,西アジア,ダマスクスを都とするウマイヤ朝,ウマイヤ朝期（661〜750年）,685,WHS-000022-B03,beginner,内容,content,アブド＝アルマリクが統一した金貨の名称は？,ディナール,ディナール,,,,01_islamic_world_formation.md p.321〜322,
イスラーム世界：形成・専制帝国・文化（150用語）,WHS-000022,52,大学受験・標準,人物,アブド＝アルマリク,あぶどあるまりく,,中世,西アジア,ダマスクスを都とするウマイヤ朝,ウマイヤ朝期（661〜750年）,685,WHS-000022-B04,beginner,内容,content,アブド＝アルマリクが統一した銀貨の名称は？,ディルハム,ディルハム,,,,01_islamic_world_formation.md p.321〜322,
イスラーム世界：形成・専制帝国・文化（150用語）,WHS-000022,52,大学受験・標準,人物,アブド＝アルマリク,あぶどあるまりく,,中世,西アジア,ダマスクスを都とするウマイヤ朝,ウマイヤ朝期（661〜750年）,685,WHS-000022-R01,reverse,核心内容,reverse,何をした？,ダマスクスを都とする**ウマイヤ朝（661〜750年）**の第5代君主として内乱を収拾し、カリフ権を強化した。**アラビア語の公用語化**を進め、**ディナール**金貨と**ディルハム**銀貨へ貨幣を統一した。,ウマイヤ朝（661〜750年）|アラビア語の公用語化|ディナール|ディルハム,,,,01_islamic_world_formation.md p.321〜322,
イスラーム世界：形成・専制帝国・文化（150用語）,WHS-000022,52,大学受験・標準,人物,アブド＝アルマリク,あぶどあるまりく,,中世,西アジア,ダマスクスを都とするウマイヤ朝,ウマイヤ朝期（661〜750年）,685,WHS-000022-R02,reverse,核心内容,reverse,貨幣統一にはどんなねらいがあった？,金貨を用いる旧**東ローマ帝国**の経済圏と、銀貨を用いる旧**ササン朝**の経済圏を結び、交易を活発にするねらいがあった。,東ローマ帝国|ササン朝,,,,01_islamic_world_formation.md p.321〜322,
イスラーム世界：形成・専制帝国・文化（150用語）,WHS-000022,52,大学受験・標準,人物,アブド＝アルマリク,あぶどあるまりく,,中世,西アジア,ダマスクスを都とするウマイヤ朝,ウマイヤ朝期（661〜750年）,685,WHS-000022-I01,integrated,統合説明,integrated,「アブド＝アルマリク」について説明せよ。,ダマスクスを都とする**ウマイヤ朝（661〜750年）**の第5代君主として内乱を収拾し、**アラビア語の公用語化**と、**ディナール**金貨・**ディルハム**銀貨への統一を進めた。旧東ローマ帝国と旧ササン朝の経済圏を結び、交易を活発にしようとした。,ウマイヤ朝（661〜750年）|アラビア語の公用語化|ディナール|ディルハム,,年代は資料に示された王朝の存続期間。,,01_islamic_world_formation.md p.321〜322,
イスラーム世界：形成・専制帝国・文化（150用語）,WHS-000146,130,大学受験・標準,文化・技術・学問,岩のドーム,いわのどーむ,,中世,西アジア,イェルサレム,ウマイヤ朝期（661〜750年）,690,WHS-000146-B01,beginner,用語の特定,identify,ウマイヤ朝期にイェルサレムに建てられた、ムハンマドが昇天したとされる「聖なる岩」を守る建築は？,岩のドーム,岩のドーム,,,,05_islamic_culture.md p.348,
イスラーム世界：形成・専制帝国・文化（150用語）,WHS-000146,130,大学受験・標準,文化・技術・学問,岩のドーム,いわのどーむ,,中世,西アジア,イェルサレム,ウマイヤ朝期（661〜750年）,690,WHS-000146-B02,beginner,地域,place,岩のドームが建てられた都市は？,イェルサレム,イェルサレム,,,,05_islamic_culture.md p.348,
イスラーム世界：形成・専制帝国・文化（150用語）,WHS-000146,130,大学受験・標準,文化・技術・学問,岩のドーム,いわのどーむ,,中世,西アジア,イェルサレム,ウマイヤ朝期（661〜750年）,690,WHS-000146-B03,beginner,国家・勢力,actor,岩のドームが建てられたのは、どの王朝の時代？,ウマイヤ朝,ウマイヤ朝,,,,05_islamic_culture.md p.348,
イスラーム世界：形成・専制帝国・文化（150用語）,WHS-000146,130,大学受験・標準,文化・技術・学問,岩のドーム,いわのどーむ,,中世,西アジア,イェルサレム,ウマイヤ朝期（661〜750年）,690,WHS-000146-B04,beginner,中心人物,person,岩のドームが守る岩から昇天したとされる預言者は？,ムハンマド,ムハンマド,,,,05_islamic_culture.md p.348,
イスラーム世界：形成・専制帝国・文化（150用語）,WHS-000146,130,大学受験・標準,文化・技術・学問,岩のドーム,いわのどーむ,,中世,西アジア,イェルサレム,ウマイヤ朝期（661〜750年）,690,WHS-000146-R01,reverse,核心内容,reverse,どんな建築？,**ウマイヤ朝**期（661〜750年）に**イェルサレム**に建てられた。**ムハンマド**が昇天したとされる「聖なる岩」を守るための建築で、イスラーム教の聖地に位置する。,ウマイヤ朝|イェルサレム|ムハンマド,,,,05_islamic_culture.md p.348,
イスラーム世界：形成・専制帝国・文化（150用語）,WHS-000146,130,大学受験・標準,文化・技術・学問,岩のドーム,いわのどーむ,,中世,西アジア,イェルサレム,ウマイヤ朝期（661〜750年）,690,WHS-000146-I01,integrated,統合説明,integrated,「岩のドーム」について説明せよ。,**ウマイヤ朝**期（661〜750年）に**イェルサレム**に建てられた、イスラーム教の聖地の建築。**ムハンマド**が昇天したとされる「聖なる岩」を守るために建てられた。,ウマイヤ朝|イェルサレム|ムハンマド,,661〜750年はウマイヤ朝の存続期間であり、建設工事の期間ではない。,,05_islamic_culture.md p.348,
イスラーム世界：形成・専制帝国・文化（150用語）,WHS-000023,12,大学受験・基礎,民族・身分・社会集団,マワーリー,まわーりー,,中世,西アジア,西アジアなどのイスラーム征服地,ウマイヤ朝〜アッバース朝成立期,700,WHS-000023-B01,beginner,用語の特定,identify,イスラーム教へ改宗した非アラブ人で、ウマイヤ朝の差別的課税に不満を抱いた人々は？,マワーリー,マワーリー,,,,01_islamic_world_formation.md p.321〜323,
イスラーム世界：形成・専制帝国・文化（150用語）,WHS-000023,12,大学受験・基礎,民族・身分・社会集団,マワーリー,まわーりー,,中世,西アジア,西アジアなどのイスラーム征服地,ウマイヤ朝〜アッバース朝成立期,700,WHS-000023-B02,beginner,内容,content,マワーリーが改宗後も課された人頭税は？,ジズヤ,ジズヤ,,,,01_islamic_world_formation.md p.321〜323,
イスラーム世界：形成・専制帝国・文化（150用語）,WHS-000023,12,大学受験・基礎,民族・身分・社会集団,マワーリー,まわーりー,,中世,西アジア,西アジアなどのイスラーム征服地,ウマイヤ朝〜アッバース朝成立期,700,WHS-000023-B03,beginner,国家・勢力,actor,マワーリーが差別的課税に反発した相手の王朝は？,ウマイヤ朝,ウマイヤ朝,,,,01_islamic_world_formation.md p.321〜323,
イスラーム世界：形成・専制帝国・文化（150用語）,WHS-000023,12,大学受験・基礎,民族・身分・社会集団,マワーリー,まわーりー,,中世,西アジア,西アジアなどのイスラーム征服地,ウマイヤ朝〜アッバース朝成立期,700,WHS-000023-B04,beginner,国家・勢力,actor,マワーリーのジズヤを免除した王朝は？,アッバース朝,アッバース朝,,,,01_islamic_world_formation.md p.321〜323,
イスラーム世界：形成・専制帝国・文化（150用語）,WHS-000023,12,大学受験・基礎,民族・身分・社会集団,マワーリー,まわーりー,,中世,西アジア,西アジアなどのイスラーム征服地,ウマイヤ朝〜アッバース朝成立期,700,WHS-000023-R01,reverse,核心内容,reverse,どのような立場に置かれ、何につながった？,7〜8世紀の西アジアなどの征服地でイスラーム教に改宗した**非アラブ人**。ウマイヤ朝では改宗後も**ジズヤ**やハラージュを課されたため反発し、**750年**のアッバース朝成立につながる革命運動を支持し、建国後にはジズヤを免除された。,非アラブ人|ジズヤ|750年,,,750：「シーア派なごまる　アッバース革命」アッバース朝成立,01_islamic_world_formation.md p.321〜323,
イスラーム世界：形成・専制帝国・文化（150用語）,WHS-000023,12,大学受験・基礎,民族・身分・社会集団,マワーリー,まわーりー,,中世,西アジア,西アジアなどのイスラーム征服地,ウマイヤ朝〜アッバース朝成立期,700,WHS-000023-I01,integrated,統合説明,integrated,「マワーリー」について説明せよ。,7〜8世紀の西アジアなどの征服地でイスラーム教に改宗した**非アラブ人**。ウマイヤ朝で改宗後も**ジズヤ**などを課されたことに反発し、**750年**のアッバース朝成立につながる革命運動を支持した結果、建国後にジズヤを免除された。,非アラブ人|ジズヤ|750年,,,750：「シーア派なごまる　アッバース革命」アッバース朝成立,01_islamic_world_formation.md p.321〜323,
イスラーム世界：形成・専制帝国・文化（150用語）,WHS-000024,53,大学受験・標準,戦争,トゥール・ポワティエ間の戦い,とぅーるぽわてぃえかんのたたかい,,中世,ヨーロッパ,イベリア半島からピレネー山脈を越えた地域,732年,732,WHS-000024-B01,beginner,用語の特定,identify,イベリア半島から北上したウマイヤ朝軍が、カール＝マルテル率いるフランク王国軍に撃退された戦いは？,トゥール・ポワティエ間の戦い,トゥール・ポワティエ間の戦い,,,,01_islamic_world_formation.md p.321〜322,
イスラーム世界：形成・専制帝国・文化（150用語）,WHS-000024,53,大学受験・標準,戦争,トゥール・ポワティエ間の戦い,とぅーるぽわてぃえかんのたたかい,,中世,ヨーロッパ,イベリア半島からピレネー山脈を越えた地域,732年,732,WHS-000024-B02,beginner,時期,time,トゥール・ポワティエ間の戦いが戦われたのは何年？,732年,732年,,,,01_islamic_world_formation.md p.321〜322,
イスラーム世界：形成・専制帝国・文化（150用語）,WHS-000024,53,大学受験・標準,戦争,トゥール・ポワティエ間の戦い,とぅーるぽわてぃえかんのたたかい,,中世,ヨーロッパ,イベリア半島からピレネー山脈を越えた地域,732年,732,WHS-000024-B03,beginner,中心人物,person,トゥール・ポワティエ間の戦いでフランク王国軍を率いた人物は？,カール＝マルテル,カール＝マルテル,,,,01_islamic_world_formation.md p.321〜322,
イスラーム世界：形成・専制帝国・文化（150用語）,WHS-000024,53,大学受験・標準,戦争,トゥール・ポワティエ間の戦い,とぅーるぽわてぃえかんのたたかい,,中世,ヨーロッパ,イベリア半島からピレネー山脈を越えた地域,732年,732,WHS-000024-B04,beginner,国家・勢力,actor,トゥール・ポワティエ間の戦いで敗れたイスラーム王朝は？,ウマイヤ朝,ウマイヤ朝,,,,01_islamic_world_formation.md p.321〜322,
イスラーム世界：形成・専制帝国・文化（150用語）,WHS-000024,53,大学受験・標準,戦争,トゥール・ポワティエ間の戦い,とぅーるぽわてぃえかんのたたかい,,中世,ヨーロッパ,イベリア半島からピレネー山脈を越えた地域,732年,732,WHS-000024-R01,reverse,時期,time,戦われたのはいつ？,**732年**,732年,,,,01_islamic_world_formation.md p.321〜322,
イスラーム世界：形成・専制帝国・文化（150用語）,WHS-000024,53,大学受験・標準,戦争,トゥール・ポワティエ間の戦い,とぅーるぽわてぃえかんのたたかい,,中世,ヨーロッパ,イベリア半島からピレネー山脈を越えた地域,732年,732,WHS-000024-R02,reverse,核心内容,reverse,何が起きた？,西ゴート王国を征服した**ウマイヤ朝**の軍が、イベリア半島からピレネー山脈を越えて北上したが、**カール＝マルテル**率いる**フランク王国**軍に撃退された。,ウマイヤ朝|カール＝マルテル|フランク王国,,,,01_islamic_world_formation.md p.321〜322,
イスラーム世界：形成・専制帝国・文化（150用語）,WHS-000024,53,大学受験・標準,戦争,トゥール・ポワティエ間の戦い,とぅーるぽわてぃえかんのたたかい,,中世,ヨーロッパ,イベリア半島からピレネー山脈を越えた地域,732年,732,WHS-000024-I01,integrated,統合説明,integrated,「トゥール・ポワティエ間の戦い」について説明せよ。,**732年**、イベリア半島からピレネー山脈を越えて北上した**ウマイヤ朝**軍が、**カール＝マルテル**率いる**フランク王国**軍に撃退された戦い。,732年|ウマイヤ朝|カール＝マルテル|フランク王国,,,,01_islamic_world_formation.md p.321〜322,
イスラーム世界：形成・専制帝国・文化（150用語）,WHS-000025,13,大学受験・基礎,国家・王朝,アッバース朝,あっばーすちょう,,中世,西アジア,西アジア・バグダード,750〜1258年,750,WHS-000025-B01,beginner,用語の特定,identify,ウマイヤ朝を倒して成立し、マワーリーのジズヤ免除などでムスリムの平等を実現した王朝は？,アッバース朝,アッバース朝,,,,01_islamic_world_formation.md p.321〜325・332,
イスラーム世界：形成・専制帝国・文化（150用語）,WHS-000025,13,大学受験・基礎,国家・王朝,アッバース朝,あっばーすちょう,,中世,西アジア,西アジア・バグダード,750〜1258年,750,WHS-000025-B02,beginner,時期,time,アッバース朝が成立したのは何年？,750年,750年,,,750：「シーア派なごまる　アッバース革命」アッバース朝成立,01_islamic_world_formation.md p.321〜325・332,
イスラーム世界：形成・専制帝国・文化（150用語）,WHS-000025,13,大学受験・基礎,国家・王朝,アッバース朝,あっばーすちょう,,中世,西アジア,西アジア・バグダード,750〜1258年,750,WHS-000025-B03,beginner,中心人物,person,アッバース朝の建国者は？,アブー＝アルアッバース,アブー＝アルアッバース,サッファーフ,,,01_islamic_world_formation.md p.321〜325・332,
イスラーム世界：形成・専制帝国・文化（150用語）,WHS-000025,13,大学受験・基礎,国家・王朝,アッバース朝,あっばーすちょう,,中世,西アジア,西アジア・バグダード,750〜1258年,750,WHS-000025-B04,beginner,地域,place,アッバース朝でマンスールが新都として建設した都市は？,バグダード,バグダード,,,,01_islamic_world_formation.md p.321〜325・332,
イスラーム世界：形成・専制帝国・文化（150用語）,WHS-000025,13,大学受験・基礎,国家・王朝,アッバース朝,あっばーすちょう,,中世,西アジア,西アジア・バグダード,750〜1258年,750,WHS-000025-B05,beginner,内容,content,アッバース朝がマワーリーを免税とした人頭税は？,ジズヤ,ジズヤ,,,,01_islamic_world_formation.md p.321〜325・332,
イスラーム世界：形成・専制帝国・文化（150用語）,WHS-000025,13,大学受験・基礎,国家・王朝,アッバース朝,あっばーすちょう,,中世,西アジア,西アジア・バグダード,750〜1258年,750,WHS-000025-B06,beginner,中心人物,person,アッバース朝が全盛期を迎えた第5代カリフは？,ハールーン＝アッラシード,ハールーン＝アッラシード,,,,01_islamic_world_formation.md p.321〜325・332,
イスラーム世界：形成・専制帝国・文化（150用語）,WHS-000025,13,大学受験・基礎,国家・王朝,アッバース朝,あっばーすちょう,,中世,西アジア,西アジア・バグダード,750〜1258年,750,WHS-000025-B07,beginner,時期,time,アッバース朝がモンゴル軍によって滅ぼされたのは何年？,1258年,1258年,,,,01_islamic_world_formation.md p.321〜325・332,
イスラーム世界：形成・専制帝国・文化（150用語）,WHS-000025,13,大学受験・基礎,国家・王朝,アッバース朝,あっばーすちょう,,中世,西アジア,西アジア・バグダード,750〜1258年,750,WHS-000025-R01,reverse,時期,time,存在したのはいつ？,**750〜1258年**,750〜1258年,,,750：「シーア派なごまる　アッバース革命」アッバース朝成立,01_islamic_world_formation.md p.321〜325・332,
イスラーム世界：形成・専制帝国・文化（150用語）,WHS-000025,13,大学受験・基礎,国家・王朝,アッバース朝,あっばーすちょう,,中世,西アジア,西アジア・バグダード,750〜1258年,750,WHS-000025-R02,reverse,核心内容,reverse,どのように成立し、何をした？,**マワーリー**や**シーア派**の不満を利用してウマイヤ朝を倒し、**アブー＝アルアッバース**が開いた。マワーリーの**ジズヤ免除**でムスリム間の不平等を解消する一方、建国後はスンナ派を保護してシーア派を弾圧した。,マワーリー|シーア派|アブー＝アルアッバース|ジズヤ免除,,,,01_islamic_world_formation.md p.321〜325・332,
イスラーム世界：形成・専制帝国・文化（150用語）,WHS-000025,13,大学受験・基礎,国家・王朝,アッバース朝,あっばーすちょう,,中世,西アジア,西アジア・バグダード,750〜1258年,750,WHS-000025-R03,reverse,核心内容,reverse,統治と繁栄にはどんな特徴があった？,**マンスール**が西アジアの**バグダード**を建設し、イラン人官僚を登用して中央集権化を進めた。**ハールーン＝アッラシード**の時代に交易と学芸が栄え、のちに**フレグ**のモンゴル軍によって滅ぼされた。,マンスール|バグダード|ハールーン＝アッラシード|フレグ,,,,01_islamic_world_formation.md p.321〜325・332,
イスラーム世界：形成・専制帝国・文化（150用語）,WHS-000025,13,大学受験・基礎,国家・王朝,アッバース朝,あっばーすちょう,,中世,西アジア,西アジア・バグダード,750〜1258年,750,WHS-000025-I01,integrated,統合説明,integrated,「アッバース朝」について説明せよ。,**750〜1258年**に西アジアで続き、マンスールが建設した**バグダード**を中心とした王朝。**アブー＝アルアッバース**がマワーリーやシーア派の不満を利用して建国し、**ジズヤ免除**でムスリム間の不平等を解消する一方、スンナ派を保護してシーア派を弾圧した。イラン人官僚を登用し、ハールーン＝アッラシードの時代に交易と学芸が栄えたが、フレグのモンゴル軍に滅ぼされた。,750〜1258年|バグダード|アブー＝アルアッバース|ジズヤ免除,,,750：「シーア派なごまる　アッバース革命」アッバース朝成立,01_islamic_world_formation.md p.321〜325・332,
イスラーム世界：形成・専制帝国・文化（150用語）,WHS-000032,57,大学受験・標準,制度・政策・法律,シャリーア,しゃりーあ,イスラーム法,中世,西アジア,西アジアを中心とするイスラーム世界,アッバース朝期（750〜1258年）,750,WHS-000032-B01,beginner,用語の特定,identify,ウラマーが『コーラン』を根拠に構築し、政治・経済から日常生活までを規定するイスラーム法は？,シャリーア,シャリーア,イスラーム法,,,01_islamic_world_formation.md p.323〜324,
イスラーム世界：形成・専制帝国・文化（150用語）,WHS-000032,57,大学受験・標準,制度・政策・法律,シャリーア,しゃりーあ,イスラーム法,中世,西アジア,西アジアを中心とするイスラーム世界,アッバース朝期（750〜1258年）,750,WHS-000032-B02,beginner,関連,relation,シャリーアを構築する根拠となったイスラーム教の聖典は？,コーラン,コーラン,クルアーン,,,01_islamic_world_formation.md p.323〜324,
イスラーム世界：形成・専制帝国・文化（150用語）,WHS-000032,57,大学受験・標準,制度・政策・法律,シャリーア,しゃりーあ,イスラーム法,中世,西アジア,西アジアを中心とするイスラーム世界,アッバース朝期（750〜1258年）,750,WHS-000032-B03,beginner,国家・勢力,actor,シャリーアを構築していった法学者たちは何と呼ばれる？,ウラマー,ウラマー,,,,01_islamic_world_formation.md p.323〜324,
イスラーム世界：形成・専制帝国・文化（150用語）,WHS-000032,57,大学受験・標準,制度・政策・法律,シャリーア,しゃりーあ,イスラーム法,中世,西アジア,西アジアを中心とするイスラーム世界,アッバース朝期（750〜1258年）,750,WHS-000032-B04,beginner,内容,content,シャリーアは宗教上の事柄だけでなく、何まで規定した？,政治・経済から日常生活まで,政治・経済から日常生活まで,,,,01_islamic_world_formation.md p.323〜324,
イスラーム世界：形成・専制帝国・文化（150用語）,WHS-000032,57,大学受験・標準,制度・政策・法律,シャリーア,しゃりーあ,イスラーム法,中世,西アジア,西アジアを中心とするイスラーム世界,アッバース朝期（750〜1258年）,750,WHS-000032-R01,reverse,核心内容,reverse,どんな法？,西アジアを中心とする**アッバース朝期（750〜1258年）**に、法学者の**ウラマー**が**『コーラン』**を根拠に構築していったイスラーム法。宗教上の事柄だけでなく、政治・経済から人々の日常生活までを規定する。,アッバース朝期（750〜1258年）|ウラマー|コーラン,,,,01_islamic_world_formation.md p.323〜324,
イスラーム世界：形成・専制帝国・文化（150用語）,WHS-000032,57,大学受験・標準,制度・政策・法律,シャリーア,しゃりーあ,イスラーム法,中世,西アジア,西アジアを中心とするイスラーム世界,アッバース朝期（750〜1258年）,750,WHS-000032-I01,integrated,統合説明,integrated,「シャリーア」について説明せよ。,西アジアを中心とする**アッバース朝期（750〜1258年）**に、法学者の**ウラマー**が**『コーラン』**を根拠に構築していったイスラーム法。宗教上の事柄だけでなく、政治・経済から日常生活までを規定する。,アッバース朝期（750〜1258年）|ウラマー|コーラン,,,,01_islamic_world_formation.md p.323〜324,
イスラーム世界：形成・専制帝国・文化（150用語）,WHS-000033,58,大学受験・標準,民族・身分・社会集団,ウラマー,うらまー,,中世,西アジア,西アジアを中心とするイスラーム世界,アッバース朝期以降,750,WHS-000033-B01,beginner,用語の特定,identify,『コーラン』を解釈し、シャリーアの構築を担ったイスラーム世界の法学者・知識人の呼び名は？,ウラマー,ウラマー,,,,01_islamic_world_formation.md p.323〜324,
イスラーム世界：形成・専制帝国・文化（150用語）,WHS-000033,58,大学受験・標準,民族・身分・社会集団,ウラマー,うらまー,,中世,西アジア,西アジアを中心とするイスラーム世界,アッバース朝期以降,750,WHS-000033-B02,beginner,関連,relation,ウラマーが解釈するイスラーム教の聖典は？,コーラン,コーラン,クルアーン,,,01_islamic_world_formation.md p.323〜324,
イスラーム世界：形成・専制帝国・文化（150用語）,WHS-000033,58,大学受験・標準,民族・身分・社会集団,ウラマー,うらまー,,中世,西アジア,西アジアを中心とするイスラーム世界,アッバース朝期以降,750,WHS-000033-B03,beginner,関連,relation,ウラマーが構築していったイスラーム法の名称は？,シャリーア,シャリーア,,,,01_islamic_world_formation.md p.323〜324,
イスラーム世界：形成・専制帝国・文化（150用語）,WHS-000033,58,大学受験・標準,民族・身分・社会集団,ウラマー,うらまー,,中世,西アジア,西アジアを中心とするイスラーム世界,アッバース朝期以降,750,WHS-000033-B04,beginner,地域,place,ウラマーが学問をおさめる大学は一般に何と呼ばれる？,マドラサ,マドラサ,,,,01_islamic_world_formation.md p.323〜324,
イスラーム世界：形成・専制帝国・文化（150用語）,WHS-000033,58,大学受験・標準,民族・身分・社会集団,ウラマー,うらまー,,中世,西アジア,西アジアを中心とするイスラーム世界,アッバース朝期以降,750,WHS-000033-R01,reverse,核心内容,reverse,どんな役割を担った？,西アジアを中心とする**アッバース朝期（750〜1258年）**などに、**『コーラン』**を根拠にイスラーム法の**シャリーア**を構築した法学者・知識人。マドラサで学び、神学や法学などの学問を担った。,アッバース朝期（750〜1258年）|コーラン|シャリーア,,,,01_islamic_world_formation.md p.323〜324,
イスラーム世界：形成・専制帝国・文化（150用語）,WHS-000033,58,大学受験・標準,民族・身分・社会集団,ウラマー,うらまー,,中世,西アジア,西アジアを中心とするイスラーム世界,アッバース朝期以降,750,WHS-000033-I01,integrated,統合説明,integrated,「ウラマー」について説明せよ。,西アジアを中心とする**アッバース朝期（750〜1258年）**などのイスラーム世界で、**『コーラン』**を解釈し、**シャリーア**の構築を担った法学者・知識人。マドラサで学び、神学や法学などの学問を担った。,アッバース朝期（750〜1258年）|コーラン|シャリーア,,,,01_islamic_world_formation.md p.323〜324,
イスラーム世界：形成・専制帝国・文化（150用語）,WHS-000026,135,大学受験・標準,人物,アブー＝アルアッバース,あぶーあるあっばーす,サッファーフ,中世,西アジア,ホラーサーンから西アジア,在位750〜754年,750,WHS-000026-B01,beginner,用語の特定,identify,ウマイヤ朝に対する革命を経てカリフとなり、アッバース朝を開いたムハンマドの叔父の家系の人物は？,アブー＝アルアッバース,アブー＝アルアッバース,サッファーフ,,,01_islamic_world_formation.md p.321〜323・332,
イスラーム世界：形成・専制帝国・文化（150用語）,WHS-000026,135,大学受験・標準,人物,アブー＝アルアッバース,あぶーあるあっばーす,サッファーフ,中世,西アジア,ホラーサーンから西アジア,在位750〜754年,750,WHS-000026-B02,beginner,時期,time,アブー＝アルアッバースが王朝を開いたのは何年？,750年,750年,,,750：「シーア派なごまる　アッバース革命」アッバース朝成立,01_islamic_world_formation.md p.321〜323・332,
イスラーム世界：形成・専制帝国・文化（150用語）,WHS-000026,135,大学受験・標準,人物,アブー＝アルアッバース,あぶーあるあっばーす,サッファーフ,中世,西アジア,ホラーサーンから西アジア,在位750〜754年,750,WHS-000026-B03,beginner,国家・勢力,actor,アブー＝アルアッバースの建国に先立つ革命運動が倒した王朝は？,ウマイヤ朝,ウマイヤ朝,,,,01_islamic_world_formation.md p.321〜323・332,
イスラーム世界：形成・専制帝国・文化（150用語）,WHS-000026,135,大学受験・標準,人物,アブー＝アルアッバース,あぶーあるあっばーす,サッファーフ,中世,西アジア,ホラーサーンから西アジア,在位750〜754年,750,WHS-000026-B04,beginner,地域,place,アブー＝アルアッバースを擁したアッバース家の革命運動が挙兵した地方は？,ホラーサーン,ホラーサーン,,,,01_islamic_world_formation.md p.321〜323・332,
イスラーム世界：形成・専制帝国・文化（150用語）,WHS-000026,135,大学受験・標準,人物,アブー＝アルアッバース,あぶーあるあっばーす,サッファーフ,中世,西アジア,ホラーサーンから西アジア,在位750〜754年,750,WHS-000026-R01,reverse,時期,time,王朝を開いたのはいつ？,**750年**,750年,,,750：「シーア派なごまる　アッバース革命」アッバース朝成立,01_islamic_world_formation.md p.321〜323・332,
イスラーム世界：形成・専制帝国・文化（150用語）,WHS-000026,135,大学受験・標準,人物,アブー＝アルアッバース,あぶーあるあっばーす,サッファーフ,中世,西アジア,ホラーサーンから西アジア,在位750〜754年,750,WHS-000026-R02,reverse,核心内容,reverse,何をした？,ムハンマドの叔父の家系に属し、**アッバース朝**の初代カリフとなった。アッバース家は**ホラーサーン**で挙兵し、**マワーリー**や**シーア派**の支持を得て、西アジアのウマイヤ朝を倒した。,アッバース朝|ホラーサーン|マワーリー|シーア派,,,,01_islamic_world_formation.md p.321〜323・332,
イスラーム世界：形成・専制帝国・文化（150用語）,WHS-000026,135,大学受験・標準,人物,アブー＝アルアッバース,あぶーあるあっばーす,サッファーフ,中世,西アジア,ホラーサーンから西アジア,在位750〜754年,750,WHS-000026-I01,integrated,統合説明,integrated,「アブー＝アルアッバース」について説明せよ。,**750年**、ホラーサーンで挙兵したアッバース家の革命運動が西アジアのウマイヤ朝を倒した後、**アッバース朝**の初代カリフとなった人物。ムハンマドの叔父の家系に属し、革命運動は**マワーリー**や**シーア派**の不満を吸収した。,750年|アッバース朝|マワーリー|シーア派,,,750：「シーア派なごまる　アッバース革命」アッバース朝成立,01_islamic_world_formation.md p.321〜323・332,
イスラーム世界：形成・専制帝国・文化（150用語）,WHS-000034,59,大学受験・標準,戦争,タラス河畔の戦い,たらすかはんのたたかい,,中世,中央アジア,中央アジア,751年,751,WHS-000034-B01,beginner,用語の特定,identify,アッバース朝が唐を破り、中央アジアへイスラームが広がる契機となった戦いは？,タラス河畔の戦い,タラス河畔の戦い,,,,01_islamic_world_formation.md p.324,
イスラーム世界：形成・専制帝国・文化（150用語）,WHS-000034,59,大学受験・標準,戦争,タラス河畔の戦い,たらすかはんのたたかい,,中世,中央アジア,中央アジア,751年,751,WHS-000034-B02,beginner,時期,time,タラス河畔の戦いが戦われたのは何年？,751年,751年,,,,01_islamic_world_formation.md p.324,
イスラーム世界：形成・専制帝国・文化（150用語）,WHS-000034,59,大学受験・標準,戦争,タラス河畔の戦い,たらすかはんのたたかい,,中世,中央アジア,中央アジア,751年,751,WHS-000034-B03,beginner,国家・勢力,actor,タラス河畔の戦いで勝利したイスラーム王朝は？,アッバース朝,アッバース朝,,,,01_islamic_world_formation.md p.324,
イスラーム世界：形成・専制帝国・文化（150用語）,WHS-000034,59,大学受験・標準,戦争,タラス河畔の戦い,たらすかはんのたたかい,,中世,中央アジア,中央アジア,751年,751,WHS-000034-B04,beginner,国家・勢力,actor,タラス河畔の戦いでアッバース朝に敗れた中国王朝は？,唐,唐,,,,01_islamic_world_formation.md p.324,
イスラーム世界：形成・専制帝国・文化（150用語）,WHS-000034,59,大学受験・標準,戦争,タラス河畔の戦い,たらすかはんのたたかい,,中世,中央アジア,中央アジア,751年,751,WHS-000034-R01,reverse,時期,time,戦われたのはいつ？,**751年**,751年,,,,01_islamic_world_formation.md p.324,
イスラーム世界：形成・専制帝国・文化（150用語）,WHS-000034,59,大学受験・標準,戦争,タラス河畔の戦い,たらすかはんのたたかい,,中世,中央アジア,中央アジア,751年,751,WHS-000034-R02,reverse,核心内容,reverse,何が起き、何につながった？,中央アジアで**アッバース朝**が**唐**を破り、この地域に**イスラーム**が広がった。,アッバース朝|唐|イスラーム,,,,01_islamic_world_formation.md p.324,
イスラーム世界：形成・専制帝国・文化（150用語）,WHS-000034,59,大学受験・標準,戦争,タラス河畔の戦い,たらすかはんのたたかい,,中世,中央アジア,中央アジア,751年,751,WHS-000034-I01,integrated,統合説明,integrated,「タラス河畔の戦い」について説明せよ。,**751年**、中央アジアで**アッバース朝**が**唐**を破った戦い。この地域への**イスラーム**の拡大につながった。,751年|アッバース朝|唐|イスラーム,,,,01_islamic_world_formation.md p.324,
イスラーム世界：形成・専制帝国・文化（150用語）,WHS-000027,54,大学受験・標準,人物,マンスール,まんすーる,,中世,西アジア,イラク・バグダード,在位754〜775年,754,WHS-000027-B01,beginner,用語の特定,identify,アッバース朝の第2代カリフとして、バグダードを建設し、イラン人官僚を登用した人物は？,マンスール,マンスール,,,,01_islamic_world_formation.md p.321・323,
イスラーム世界：形成・専制帝国・文化（150用語）,WHS-000027,54,大学受験・標準,人物,マンスール,まんすーる,,中世,西アジア,イラク・バグダード,在位754〜775年,754,WHS-000027-B02,beginner,地域,place,マンスールが建設した新都は？,バグダード,バグダード,,,,01_islamic_world_formation.md p.321・323,
イスラーム世界：形成・専制帝国・文化（150用語）,WHS-000027,54,大学受験・標準,人物,マンスール,まんすーる,,中世,西アジア,イラク・バグダード,在位754〜775年,754,WHS-000027-B03,beginner,時期,time,マンスールが新都バグダードを建設したのは何年？,762年,762年,,,,01_islamic_world_formation.md p.321・323,
イスラーム世界：形成・専制帝国・文化（150用語）,WHS-000027,54,大学受験・標準,人物,マンスール,まんすーる,,中世,西アジア,イラク・バグダード,在位754〜775年,754,WHS-000027-B04,beginner,国家・勢力,actor,マンスールが官僚機構の整備に積極的に登用した人々は？,イラン人改宗者,イラン人改宗者,,,,01_islamic_world_formation.md p.321・323,
イスラーム世界：形成・専制帝国・文化（150用語）,WHS-000027,54,大学受験・標準,人物,マンスール,まんすーる,,中世,西アジア,イラク・バグダード,在位754〜775年,754,WHS-000027-B05,beginner,内容,content,マンスールが新都を起点とする主要街道に整備した制度は？,駅伝制,駅伝制,,,,01_islamic_world_formation.md p.321・323,
イスラーム世界：形成・専制帝国・文化（150用語）,WHS-000027,54,大学受験・標準,人物,マンスール,まんすーる,,中世,西アジア,イラク・バグダード,在位754〜775年,754,WHS-000027-R01,reverse,時期,time,カリフとして在位したのはいつ？,**754〜775年**,754〜775年,,,,01_islamic_world_formation.md p.321・323,
イスラーム世界：形成・専制帝国・文化（150用語）,WHS-000027,54,大学受験・標準,人物,マンスール,まんすーる,,中世,西アジア,イラク・バグダード,在位754〜775年,754,WHS-000027-R02,reverse,核心内容,reverse,何をした？,アッバース朝第2代カリフとして、**762年**、イラクのティグリス川流域に**バグダード**を建設し、帝国各地へ延びる街道と**駅伝制**を整備した。**イラン人官僚**を登用して官僚機構を整え、中央集権化を進めた。,762年|バグダード|駅伝制|イラン人官僚,,,,01_islamic_world_formation.md p.321・323,
イスラーム世界：形成・専制帝国・文化（150用語）,WHS-000027,54,大学受験・標準,人物,マンスール,まんすーる,,中世,西アジア,イラク・バグダード,在位754〜775年,754,WHS-000027-I01,integrated,統合説明,integrated,「マンスール」について説明せよ。,**754〜775年**に在位したアッバース朝第2代カリフで、762年にイラクのティグリス川流域へ**バグダード**を建設した。街道と**駅伝制**を整備し、**イラン人官僚**を登用して中央集権化を進めた。,754〜775年|バグダード|駅伝制|イラン人官僚,,,,01_islamic_world_formation.md p.321・323,
イスラーム世界：形成・専制帝国・文化（150用語）,WHS-000036,60,大学受験・標準,国家・王朝,後ウマイヤ朝,こううまいやちょう,,中世,ヨーロッパ,イベリア半島・コルドバ,756〜1031年,756,WHS-000036-B01,beginner,用語の特定,identify,ウマイヤ朝の生き残りがイベリア半島へ逃れ、コルドバを都として建てた王朝は？,後ウマイヤ朝,後ウマイヤ朝,,,,01_islamic_world_formation.md p.324〜325・329,
イスラーム世界：形成・専制帝国・文化（150用語）,WHS-000036,60,大学受験・標準,国家・王朝,後ウマイヤ朝,こううまいやちょう,,中世,ヨーロッパ,イベリア半島・コルドバ,756〜1031年,756,WHS-000036-B02,beginner,時期,time,後ウマイヤ朝の存続期間は？,756〜1031年,756〜1031年,,,,01_islamic_world_formation.md p.324〜325・329,
イスラーム世界：形成・専制帝国・文化（150用語）,WHS-000036,60,大学受験・標準,国家・王朝,後ウマイヤ朝,こううまいやちょう,,中世,ヨーロッパ,イベリア半島・コルドバ,756〜1031年,756,WHS-000036-B03,beginner,中心人物,person,後ウマイヤ朝を建てた人物は？,アブド＝アッラフマーン1世,アブド＝アッラフマーン1世,,,,01_islamic_world_formation.md p.324〜325・329,
イスラーム世界：形成・専制帝国・文化（150用語）,WHS-000036,60,大学受験・標準,国家・王朝,後ウマイヤ朝,こううまいやちょう,,中世,ヨーロッパ,イベリア半島・コルドバ,756〜1031年,756,WHS-000036-B04,beginner,地域,place,後ウマイヤ朝の都は？,コルドバ,コルドバ,,,,01_islamic_world_formation.md p.324〜325・329,
イスラーム世界：形成・専制帝国・文化（150用語）,WHS-000036,60,大学受験・標準,国家・王朝,後ウマイヤ朝,こううまいやちょう,,中世,ヨーロッパ,イベリア半島・コルドバ,756〜1031年,756,WHS-000036-B05,beginner,中心人物,person,後ウマイヤ朝でカリフを称した君主は？,アブド＝アッラフマーン3世,アブド＝アッラフマーン3世,,,,01_islamic_world_formation.md p.324〜325・329,
イスラーム世界：形成・専制帝国・文化（150用語）,WHS-000036,60,大学受験・標準,国家・王朝,後ウマイヤ朝,こううまいやちょう,,中世,ヨーロッパ,イベリア半島・コルドバ,756〜1031年,756,WHS-000036-R01,reverse,時期,time,存在したのはいつ？,**756〜1031年**,756〜1031年,,,,01_islamic_world_formation.md p.324〜325・329,
イスラーム世界：形成・専制帝国・文化（150用語）,WHS-000036,60,大学受験・標準,国家・王朝,後ウマイヤ朝,こううまいやちょう,,中世,ヨーロッパ,イベリア半島・コルドバ,756〜1031年,756,WHS-000036-R02,reverse,核心内容,reverse,何をした？,**アブド＝アッラフマーン1世**がイベリア半島の**コルドバ**に建てた王朝。当初は君主がアミールを称したが、**929年**に**アブド＝アッラフマーン3世**がカリフを称し、アッバース朝・ファーティマ朝との**3カリフ並立**になった。,アブド＝アッラフマーン1世|コルドバ|929年|アブド＝アッラフマーン3世|3カリフ並立,,,,01_islamic_world_formation.md p.324〜325・329,
イスラーム世界：形成・専制帝国・文化（150用語）,WHS-000036,60,大学受験・標準,国家・王朝,後ウマイヤ朝,こううまいやちょう,,中世,ヨーロッパ,イベリア半島・コルドバ,756〜1031年,756,WHS-000036-I01,integrated,統合説明,integrated,「後ウマイヤ朝」について説明せよ。,**756〜1031年**、アブド＝アッラフマーン1世がイベリア半島の**コルドバ**に建てた王朝。当初はアミールを称したが、**929年**に**アブド＝アッラフマーン3世**がカリフを称し、アッバース朝・ファーティマ朝との**3カリフ並立**となった。,756〜1031年|コルドバ|929年|アブド＝アッラフマーン3世|3カリフ並立,,,,01_islamic_world_formation.md p.324〜325・329,
イスラーム世界：形成・専制帝国・文化（150用語）,WHS-000028,14,大学受験・基礎,地域・都市,バグダード,ばぐだーど,平安の都|マディーナト＝アッサラーム,中世,西アジア,イラク・ティグリス川流域,762年建設,762,WHS-000028-B01,beginner,用語の特定,identify,マンスールがティグリス川流域に建設し、アッバース朝の政治・交易・学芸の中心となった都は？,バグダード,バグダード,平安の都|マディーナト＝アッサラーム,,,01_islamic_world_formation.md p.321・323〜324,
イスラーム世界：形成・専制帝国・文化（150用語）,WHS-000028,14,大学受験・基礎,地域・都市,バグダード,ばぐだーど,平安の都|マディーナト＝アッサラーム,中世,西アジア,イラク・ティグリス川流域,762年建設,762,WHS-000028-B02,beginner,中心人物,person,バグダードを建設したカリフは？,マンスール,マンスール,,,,01_islamic_world_formation.md p.321・323〜324,
イスラーム世界：形成・専制帝国・文化（150用語）,WHS-000028,14,大学受験・基礎,地域・都市,バグダード,ばぐだーど,平安の都|マディーナト＝アッサラーム,中世,西アジア,イラク・ティグリス川流域,762年建設,762,WHS-000028-B03,beginner,時期,time,バグダードが建設されたのは何年？,762年,762年,,,,01_islamic_world_formation.md p.321・323〜324,
イスラーム世界：形成・専制帝国・文化（150用語）,WHS-000028,14,大学受験・基礎,地域・都市,バグダード,ばぐだーど,平安の都|マディーナト＝アッサラーム,中世,西アジア,イラク・ティグリス川流域,762年建設,762,WHS-000028-B04,beginner,地域,place,バグダードが建設された川の流域は？,ティグリス川,ティグリス川,,,,01_islamic_world_formation.md p.321・323〜324,
イスラーム世界：形成・専制帝国・文化（150用語）,WHS-000028,14,大学受験・基礎,地域・都市,バグダード,ばぐだーど,平安の都|マディーナト＝アッサラーム,中世,西アジア,イラク・ティグリス川流域,762年建設,762,WHS-000028-B05,beginner,関連,relation,バグダードでマームーンが設立した学問・翻訳の機関は？,知恵の館,知恵の館,バイト＝アルヒクマ,,,01_islamic_world_formation.md p.321・323〜324,
イスラーム世界：形成・専制帝国・文化（150用語）,WHS-000028,14,大学受験・基礎,地域・都市,バグダード,ばぐだーど,平安の都|マディーナト＝アッサラーム,中世,西アジア,イラク・ティグリス川流域,762年建設,762,WHS-000028-R01,reverse,時期,time,建設されたのはいつ？,**762年**,762年,,,,01_islamic_world_formation.md p.321・323〜324,
イスラーム世界：形成・専制帝国・文化（150用語）,WHS-000028,14,大学受験・基礎,地域・都市,バグダード,ばぐだーど,平安の都|マディーナト＝アッサラーム,中世,西アジア,イラク・ティグリス川流域,762年建設,762,WHS-000028-R02,reverse,核心内容,reverse,どこに位置し、なぜ発展した？,イラクの**ティグリス川流域**にマンスールが建設した都。ティグリス川とユーフラテス川の交易や各地へ延びる街道を利用でき、**ハールーン＝アッラシード**の時代に大都市として繁栄し、のちに**知恵の館**が設立されて学問も発展した。,ティグリス川流域|ハールーン＝アッラシード|知恵の館,,,,01_islamic_world_formation.md p.321・323〜324,
イスラーム世界：形成・専制帝国・文化（150用語）,WHS-000028,14,大学受験・基礎,地域・都市,バグダード,ばぐだーど,平安の都|マディーナト＝アッサラーム,中世,西アジア,イラク・ティグリス川流域,762年建設,762,WHS-000028-I01,integrated,統合説明,integrated,「バグダード」について説明せよ。,**762年**、マンスールがイラクの**ティグリス川流域**に建設したアッバース朝の都。河川交易や帝国全土へ延びる街道を背景に繁栄し、**ハールーン＝アッラシード**の時代に大都市となり、のちには**知恵の館**を中心として学問も発展した。,762年|ティグリス川流域|ハールーン＝アッラシード|知恵の館,,,,01_islamic_world_formation.md p.321・323〜324,
イスラーム世界：形成・専制帝国・文化（150用語）,WHS-000029,55,大学受験・標準,人物,ハールーン＝アッラシード,はーるーんあっらしーど,,中世,西アジア,西アジア・バグダード,在位786〜809年,786,WHS-000029-B01,beginner,用語の特定,identify,アッバース朝の全盛期を築き、交易と学芸を奨励した第5代カリフは？,ハールーン＝アッラシード,ハールーン＝アッラシード,,,,01_islamic_world_formation.md p.321・324,
イスラーム世界：形成・専制帝国・文化（150用語）,WHS-000029,55,大学受験・標準,人物,ハールーン＝アッラシード,はーるーんあっらしーど,,中世,西アジア,西アジア・バグダード,在位786〜809年,786,WHS-000029-B02,beginner,時期,time,ハールーン＝アッラシードがカリフとして在位した期間は？,786〜809年,786〜809年,,,,01_islamic_world_formation.md p.321・324,
イスラーム世界：形成・専制帝国・文化（150用語）,WHS-000029,55,大学受験・標準,人物,ハールーン＝アッラシード,はーるーんあっらしーど,,中世,西アジア,西アジア・バグダード,在位786〜809年,786,WHS-000029-B03,beginner,地域,place,ハールーン＝アッラシードの時代に大都市として繁栄したアッバース朝の都は？,バグダード,バグダード,,,,01_islamic_world_formation.md p.321・324,
イスラーム世界：形成・専制帝国・文化（150用語）,WHS-000029,55,大学受験・標準,人物,ハールーン＝アッラシード,はーるーんあっらしーど,,中世,西アジア,西アジア・バグダード,在位786〜809年,786,WHS-000029-B04,beginner,関連,relation,ハールーン＝アッラシードが何度も登場する説話集は？,千夜一夜物語(せんやいちやものがたり),千夜一夜物語,アラビアン＝ナイト,,,01_islamic_world_formation.md p.321・324,
イスラーム世界：形成・専制帝国・文化（150用語）,WHS-000029,55,大学受験・標準,人物,ハールーン＝アッラシード,はーるーんあっらしーど,,中世,西アジア,西アジア・バグダード,在位786〜809年,786,WHS-000029-R01,reverse,時期,time,カリフとして在位したのはいつ？,**786〜809年**,786〜809年,,,,01_islamic_world_formation.md p.321・324,
イスラーム世界：形成・専制帝国・文化（150用語）,WHS-000029,55,大学受験・標準,人物,ハールーン＝アッラシード,はーるーんあっらしーど,,中世,西アジア,西アジア・バグダード,在位786〜809年,786,WHS-000029-R02,reverse,核心内容,reverse,何をした？,第5代カリフとして、交易や農業の発展を背景に、**バグダード**を中心とする**アッバース朝の全盛期**を築いた。学芸を奨励し、ギリシア語文献を集めてアラビア語に翻訳させ、イスラーム文化の黄金期を支えた。**『千夜一夜物語(せんやいちやものがたり)』**にも繰り返し登場する。,バグダード|アッバース朝の全盛期|千夜一夜物語,,,,01_islamic_world_formation.md p.321・324,
イスラーム世界：形成・専制帝国・文化（150用語）,WHS-000029,55,大学受験・標準,人物,ハールーン＝アッラシード,はーるーんあっらしーど,,中世,西アジア,西アジア・バグダード,在位786〜809年,786,WHS-000029-I01,integrated,統合説明,integrated,「ハールーン＝アッラシード」について説明せよ。,**786〜809年**に在位し、西アジアの**バグダード**を中心とする**アッバース朝の全盛期**を築いた第5代カリフ。交易や農業の発展を背景に学芸を奨励し、ギリシア語文献を集めてアラビア語に翻訳させた。**『千夜一夜物語(せんやいちやものがたり)』**にも繰り返し登場する。,786〜809年|バグダード|アッバース朝の全盛期|千夜一夜物語,,,,01_islamic_world_formation.md p.321・324,
イスラーム世界：形成・専制帝国・文化（150用語）,WHS-000031,56,大学受験・標準,組織・政党,知恵の館,ちえのやかた,バイト＝アルヒクマ,中世,西アジア,バグダード,9世紀・マームーン在位813〜833年,813,WHS-000031-B01,beginner,用語の特定,identify,マームーンがバグダードに設立し、ギリシア語などの文献をアラビア語に翻訳した学術機関は？,知恵の館,知恵の館,バイト＝アルヒクマ,,,01_islamic_world_formation.md p.321・324,
イスラーム世界：形成・専制帝国・文化（150用語）,WHS-000031,56,大学受験・標準,組織・政党,知恵の館,ちえのやかた,バイト＝アルヒクマ,中世,西アジア,バグダード,9世紀・マームーン在位813〜833年,813,WHS-000031-B02,beginner,中心人物,person,知恵の館を設立したアッバース朝のカリフは？,マームーン,マームーン,,,,01_islamic_world_formation.md p.321・324,
イスラーム世界：形成・専制帝国・文化（150用語）,WHS-000031,56,大学受験・標準,組織・政党,知恵の館,ちえのやかた,バイト＝アルヒクマ,中世,西アジア,バグダード,9世紀・マームーン在位813〜833年,813,WHS-000031-B03,beginner,地域,place,知恵の館が置かれた都市は？,バグダード,バグダード,,,,01_islamic_world_formation.md p.321・324,
イスラーム世界：形成・専制帝国・文化（150用語）,WHS-000031,56,大学受験・標準,組織・政党,知恵の館,ちえのやかた,バイト＝アルヒクマ,中世,西アジア,バグダード,9世紀・マームーン在位813〜833年,813,WHS-000031-B04,beginner,内容,content,知恵の館で哲学や医学などの文献を翻訳した先の言語は？,アラビア語,アラビア語,,,,01_islamic_world_formation.md p.321・324,
イスラーム世界：形成・専制帝国・文化（150用語）,WHS-000031,56,大学受験・標準,組織・政党,知恵の館,ちえのやかた,バイト＝アルヒクマ,中世,西アジア,バグダード,9世紀・マームーン在位813〜833年,813,WHS-000031-R01,reverse,時期・地域,reverse,いつ、どこに設立された？,マームーンの在位期（813〜833年）に、**バグダード**に設立された。,バグダード,,,,01_islamic_world_formation.md p.321・324,
イスラーム世界：形成・専制帝国・文化（150用語）,WHS-000031,56,大学受験・標準,組織・政党,知恵の館,ちえのやかた,バイト＝アルヒクマ,中世,西アジア,バグダード,9世紀・マームーン在位813〜833年,813,WHS-000031-R02,reverse,核心内容,reverse,どんな役割を果たした？,ギリシア語文献などを**アラビア語**に翻訳し、哲学・数学・医学・天文学などを学ぶ基礎を整えた。ムスリムの学者たちは、その文献をもとに学問を発展させた。,アラビア語,,,,01_islamic_world_formation.md p.321・324,
イスラーム世界：形成・専制帝国・文化（150用語）,WHS-000031,56,大学受験・標準,組織・政党,知恵の館,ちえのやかた,バイト＝アルヒクマ,中世,西アジア,バグダード,9世紀・マームーン在位813〜833年,813,WHS-000031-I01,integrated,統合説明,integrated,「知恵の館」について説明せよ。,**813〜833年**のマームーン在位期に、アッバース朝の都**バグダード**に設立された学術機関。ギリシア語文献などを**アラビア語**へ翻訳し、哲学・数学・医学・天文学などの発展を支えた。,813〜833年|バグダード|アラビア語,,,,01_islamic_world_formation.md p.321・324,
イスラーム世界：形成・専制帝国・文化（150用語）,WHS-000030,136,大学受験・標準,人物,マームーン,まーむーん,,中世,西アジア,バグダード,在位813〜833年,813,WHS-000030-B01,beginner,用語の特定,identify,アッバース朝の第7代カリフとして、バグダードに「知恵の館」を設立した人物は？,マームーン,マームーン,,,,01_islamic_world_formation.md p.321・324,
イスラーム世界：形成・専制帝国・文化（150用語）,WHS-000030,136,大学受験・標準,人物,マームーン,まーむーん,,中世,西アジア,バグダード,在位813〜833年,813,WHS-000030-B02,beginner,時期,time,マームーンがカリフとして在位した期間は？,813〜833年,813〜833年,,,,01_islamic_world_formation.md p.321・324,
イスラーム世界：形成・専制帝国・文化（150用語）,WHS-000030,136,大学受験・標準,人物,マームーン,まーむーん,,中世,西アジア,バグダード,在位813〜833年,813,WHS-000030-B03,beginner,地域,place,マームーンが知恵の館を設立した都市は？,バグダード,バグダード,,,,01_islamic_world_formation.md p.321・324,
イスラーム世界：形成・専制帝国・文化（150用語）,WHS-000030,136,大学受験・標準,人物,マームーン,まーむーん,,中世,西アジア,バグダード,在位813〜833年,813,WHS-000030-B04,beginner,内容,content,マームーンが設立した知恵の館で、文献の翻訳先となった言語は？,アラビア語,アラビア語,,,,01_islamic_world_formation.md p.321・324,
イスラーム世界：形成・専制帝国・文化（150用語）,WHS-000030,136,大学受験・標準,人物,マームーン,まーむーん,,中世,西アジア,バグダード,在位813〜833年,813,WHS-000030-R01,reverse,時期,time,カリフとして在位したのはいつ？,**813〜833年**,813〜833年,,,,01_islamic_world_formation.md p.321・324,
イスラーム世界：形成・専制帝国・文化（150用語）,WHS-000030,136,大学受験・標準,人物,マームーン,まーむーん,,中世,西アジア,バグダード,在位813〜833年,813,WHS-000030-R02,reverse,核心内容,reverse,何をした？,アッバース朝第7代カリフとして、**バグダード**に**知恵の館**を設立した。先代からの翻訳活動を発展させ、哲学・数学・医学・天文学などの文献を**アラビア語**に翻訳させて学問の発展を支えた。,バグダード|知恵の館|アラビア語,,,,01_islamic_world_formation.md p.321・324,
イスラーム世界：形成・専制帝国・文化（150用語）,WHS-000030,136,大学受験・標準,人物,マームーン,まーむーん,,中世,西アジア,バグダード,在位813〜833年,813,WHS-000030-I01,integrated,統合説明,integrated,「マームーン」について説明せよ。,**813〜833年**に在位したアッバース朝第7代カリフで、**バグダード**に**知恵の館**を設立した。哲学・数学・医学・天文学などの文献を**アラビア語**へ翻訳する活動を発展させ、イスラーム世界の学問を支えた。,813〜833年|バグダード|知恵の館|アラビア語,,,,01_islamic_world_formation.md p.321・324,
イスラーム世界：形成・専制帝国・文化（150用語）,WHS-000140,124,大学受験・標準,人物,フワーリズミー,ふわーりずみー,,中世,西アジア,バグダードを中心とするアッバース朝,アッバース朝期（750〜1258年）,820,WHS-000140-B01,beginner,用語の特定,identify,アッバース朝のイラン系数学者で、代数学を発達させてアラビア数学を確立した人物は？,フワーリズミー,フワーリズミー,,,,05_islamic_culture.md p.347,
イスラーム世界：形成・専制帝国・文化（150用語）,WHS-000140,124,大学受験・標準,人物,フワーリズミー,ふわーりずみー,,中世,西アジア,バグダードを中心とするアッバース朝,アッバース朝期（750〜1258年）,820,WHS-000140-B02,beginner,国家・勢力,actor,フワーリズミーが活動した王朝は？,アッバース朝,アッバース朝,,,,05_islamic_culture.md p.347,
イスラーム世界：形成・専制帝国・文化（150用語）,WHS-000140,124,大学受験・標準,人物,フワーリズミー,ふわーりずみー,,中世,西アジア,バグダードを中心とするアッバース朝,アッバース朝期（750〜1258年）,820,WHS-000140-B03,beginner,内容,content,フワーリズミーが発達させた数学の分野は？,代数学,代数学,,,,05_islamic_culture.md p.347,
イスラーム世界：形成・専制帝国・文化（150用語）,WHS-000140,124,大学受験・標準,人物,フワーリズミー,ふわーりずみー,,中世,西アジア,バグダードを中心とするアッバース朝,アッバース朝期（750〜1258年）,820,WHS-000140-B04,beginner,内容,content,フワーリズミーの出自として資料に示される民族系統は？,イラン系,イラン系,,,,05_islamic_culture.md p.347,
イスラーム世界：形成・専制帝国・文化（150用語）,WHS-000140,124,大学受験・標準,人物,フワーリズミー,ふわーりずみー,,中世,西アジア,バグダードを中心とするアッバース朝,アッバース朝期（750〜1258年）,820,WHS-000140-R01,reverse,核心内容,reverse,何をした？,バグダードを中心とする**アッバース朝**期（750〜1258年）のイラン系数学者。**代数学**を発達させ、**アラビア数学**を確立した。,アッバース朝|代数学|アラビア数学,,,,05_islamic_culture.md p.347,
イスラーム世界：形成・専制帝国・文化（150用語）,WHS-000140,124,大学受験・標準,人物,フワーリズミー,ふわーりずみー,,中世,西アジア,バグダードを中心とするアッバース朝,アッバース朝期（750〜1258年）,820,WHS-000140-I01,integrated,統合説明,integrated,「フワーリズミー」について説明せよ。,バグダードを中心とする**アッバース朝**期（750〜1258年）のイラン系数学者。**代数学**を発達させ、**アラビア数学**を確立した。,アッバース朝|代数学|アラビア数学,,年代は資料に示された所属王朝の存続期間であり、本人の生没年や作品の成立年ではない。,,05_islamic_culture.md p.347,
イスラーム世界：形成・専制帝国・文化（150用語）,WHS-000035,15,大学受験・基礎,民族・身分・社会集団,マムルーク,まむるーく,,中世,西アジア,西アジアを中心とするイスラーム世界,9世紀ごろ以降,850,WHS-000035-B01,beginner,用語の特定,identify,アッバース朝などで騎馬軍団や君主の親衛隊を構成し、のちには政治にも介入した奴隷出身の軍人は？,マムルーク,マムルーク,,,,01_islamic_world_formation.md p.324,
イスラーム世界：形成・専制帝国・文化（150用語）,WHS-000035,15,大学受験・基礎,民族・身分・社会集団,マムルーク,まむるーく,,中世,西アジア,西アジアを中心とするイスラーム世界,9世紀ごろ以降,850,WHS-000035-B02,beginner,国家・勢力,actor,マムルークとしてアッバース朝の強力な騎馬軍団を構成した主な民族は？,トルコ人,トルコ人,,,,01_islamic_world_formation.md p.324,
イスラーム世界：形成・専制帝国・文化（150用語）,WHS-000035,15,大学受験・基礎,民族・身分・社会集団,マムルーク,まむるーく,,中世,西アジア,西アジアを中心とするイスラーム世界,9世紀ごろ以降,850,WHS-000035-B03,beginner,時期,time,マムルークがアッバース朝で採用されるようになったのはいつ？,9世紀ごろ,9世紀ごろ,,,,01_islamic_world_formation.md p.324,
イスラーム世界：形成・専制帝国・文化（150用語）,WHS-000035,15,大学受験・基礎,民族・身分・社会集団,マムルーク,まむるーく,,中世,西アジア,西アジアを中心とするイスラーム世界,9世紀ごろ以降,850,WHS-000035-B04,beginner,結果,result,マムルークの軍団が強大化することで、廃立などの干渉を受けた指導者の称号は？,カリフ,カリフ,,,,01_islamic_world_formation.md p.324,
イスラーム世界：形成・専制帝国・文化（150用語）,WHS-000035,15,大学受験・基礎,民族・身分・社会集団,マムルーク,まむるーく,,中世,西アジア,西アジアを中心とするイスラーム世界,9世紀ごろ以降,850,WHS-000035-R01,reverse,時期,time,採用が広がり始めたのはいつ？,**9世紀ごろ**,9世紀ごろ,,,,01_islamic_world_formation.md p.324,
イスラーム世界：形成・専制帝国・文化（150用語）,WHS-000035,15,大学受験・基礎,民族・身分・社会集団,マムルーク,まむるーく,,中世,西アジア,西アジアを中心とするイスラーム世界,9世紀ごろ以降,850,WHS-000035-R02,reverse,核心内容,reverse,どんな立場で、何につながった？,西アジアのアッバース朝などで、**トルコ人奴隷出身の軍人**が改宗し、カリフの**親衛隊**や騎馬軍団を構成した。実力によって司令官や総督にもなり、強大化すると**カリフの廃立**など政治に介入し、自立して王朝を建てる者も現れた。,トルコ人奴隷出身の軍人|親衛隊|カリフの廃立,,,,01_islamic_world_formation.md p.324,
イスラーム世界：形成・専制帝国・文化（150用語）,WHS-000035,15,大学受験・基礎,民族・身分・社会集団,マムルーク,まむるーく,,中世,西アジア,西アジアを中心とするイスラーム世界,9世紀ごろ以降,850,WHS-000035-I01,integrated,統合説明,integrated,「マムルーク」について説明せよ。,**9世紀ごろ**から西アジアのアッバース朝などで採用された、**トルコ人奴隷出身の軍人**。改宗してカリフの**親衛隊**や騎馬軍団を構成し、強大化すると**カリフの廃立**など政治に介入し、自立して王朝を建てる者も現れた。,9世紀ごろ|トルコ人奴隷出身の軍人|親衛隊|カリフの廃立,,,,01_islamic_world_formation.md p.324,
イスラーム世界：形成・専制帝国・文化（150用語）,WHS-000043,64,大学受験・標準,国家・王朝,サーマーン朝,さーまーんちょう,,中世,西アジア・中央アジア,中央アジア・ブハラからイラン東部,875〜999年,875,WHS-000043-B01,beginner,用語の特定,identify,ブハラを都とし、中央アジアからイラン東部を支配したが、カラ＝ハン朝に滅ぼされたイラン系王朝は？,サーマーン朝,サーマーン朝,,,,01_islamic_world_formation.md p.326〜327,
イスラーム世界：形成・専制帝国・文化（150用語）,WHS-000043,64,大学受験・標準,国家・王朝,サーマーン朝,さーまーんちょう,,中世,西アジア・中央アジア,中央アジア・ブハラからイラン東部,875〜999年,875,WHS-000043-B02,beginner,時期,time,サーマーン朝の存続期間は？,875〜999年,875〜999年,,,,01_islamic_world_formation.md p.326〜327,
イスラーム世界：形成・専制帝国・文化（150用語）,WHS-000043,64,大学受験・標準,国家・王朝,サーマーン朝,さーまーんちょう,,中世,西アジア・中央アジア,中央アジア・ブハラからイラン東部,875〜999年,875,WHS-000043-B03,beginner,地域,place,サーマーン朝の都は？,ブハラ,ブハラ,,,,01_islamic_world_formation.md p.326〜327,
イスラーム世界：形成・専制帝国・文化（150用語）,WHS-000043,64,大学受験・標準,国家・王朝,サーマーン朝,さーまーんちょう,,中世,西アジア・中央アジア,中央アジア・ブハラからイラン東部,875〜999年,875,WHS-000043-B04,beginner,国家・勢力,actor,サーマーン朝を10世紀末に滅ぼしたトルコ系王朝は？,カラ＝ハン朝,カラ＝ハン朝,カラハン朝,,,01_islamic_world_formation.md p.326〜327,
イスラーム世界：形成・専制帝国・文化（150用語）,WHS-000043,64,大学受験・標準,国家・王朝,サーマーン朝,さーまーんちょう,,中世,西アジア・中央アジア,中央アジア・ブハラからイラン東部,875〜999年,875,WHS-000043-B05,beginner,国家・勢力,actor,サーマーン朝のマムルーク出身者がアフガニスタンに建てた王朝は？,ガズナ朝,ガズナ朝,,,,01_islamic_world_formation.md p.326〜327,
イスラーム世界：形成・専制帝国・文化（150用語）,WHS-000043,64,大学受験・標準,国家・王朝,サーマーン朝,さーまーんちょう,,中世,西アジア・中央アジア,中央アジア・ブハラからイラン東部,875〜999年,875,WHS-000043-R01,reverse,時期,time,存在したのはいつ？,**875〜999年**,875〜999年,,,,01_islamic_world_formation.md p.326〜327,
イスラーム世界：形成・専制帝国・文化（150用語）,WHS-000043,64,大学受験・標準,国家・王朝,サーマーン朝,さーまーんちょう,,中世,西アジア・中央アジア,中央アジア・ブハラからイラン東部,875〜999年,875,WHS-000043-R02,reverse,核心内容,reverse,何をした？,中央アジアの**ブハラ**を都としたイラン系王朝で、サッファール朝を滅ぼしてイラン東部まで支配した。トルコ人の**マムルーク**が宮廷で力を強め、10世紀末には**カラ＝ハン朝**に滅ぼされた。また、同朝のマムルーク出身者がアフガニスタンに**ガズナ朝**を建てた。,ブハラ|マムルーク|カラ＝ハン朝|ガズナ朝,,,,01_islamic_world_formation.md p.326〜327,
イスラーム世界：形成・専制帝国・文化（150用語）,WHS-000043,64,大学受験・標準,国家・王朝,サーマーン朝,さーまーんちょう,,中世,西アジア・中央アジア,中央アジア・ブハラからイラン東部,875〜999年,875,WHS-000043-I01,integrated,統合説明,integrated,「サーマーン朝」について説明せよ。,**875〜999年**、中央アジアの**ブハラ**を都とし、サッファール朝を滅ぼしてイラン東部まで支配したイラン系王朝。宮廷ではトルコ人の**マムルーク**が力を強め、10世紀末に**カラ＝ハン朝**に滅ぼされた。また、同朝のマムルーク出身者がアフガニスタンに**ガズナ朝**を建てた。,875〜999年|ブハラ|マムルーク|カラ＝ハン朝|ガズナ朝,,,,01_islamic_world_formation.md p.326〜327,
イスラーム世界：形成・専制帝国・文化（150用語）,WHS-000038,16,大学受験・基礎,国家・王朝,ファーティマ朝,ふぁーてぃまちょう,,中世,アフリカ,チュニジアからエジプト・カイロ,909〜1171年,909,WHS-000038-B01,beginner,用語の特定,identify,イスマーイール派が北アフリカに建て、カリフを称したのちエジプトに進出してカイロを建設した王朝は？,ファーティマ朝,ファーティマ朝,,,,01_islamic_world_formation.md p.325・330・332,
イスラーム世界：形成・専制帝国・文化（150用語）,WHS-000038,16,大学受験・基礎,国家・王朝,ファーティマ朝,ふぁーてぃまちょう,,中世,アフリカ,チュニジアからエジプト・カイロ,909〜1171年,909,WHS-000038-B02,beginner,時期,time,ファーティマ朝が成立したのは何年？,909年,909年,,,909：「カリフ位くれくれ　ファーティマ君」ファーティマ朝成立,01_islamic_world_formation.md p.325・330・332,
イスラーム世界：形成・専制帝国・文化（150用語）,WHS-000038,16,大学受験・基礎,国家・王朝,ファーティマ朝,ふぁーてぃまちょう,,中世,アフリカ,チュニジアからエジプト・カイロ,909〜1171年,909,WHS-000038-B03,beginner,地域,place,ファーティマ朝が建国された地域は？,チュニジア,チュニジア,,,,01_islamic_world_formation.md p.325・330・332,
イスラーム世界：形成・専制帝国・文化（150用語）,WHS-000038,16,大学受験・基礎,国家・王朝,ファーティマ朝,ふぁーてぃまちょう,,中世,アフリカ,チュニジアからエジプト・カイロ,909〜1171年,909,WHS-000038-B04,beginner,関連,relation,ファーティマ朝を建てたシーア派の一派は？,イスマーイール派,イスマーイール派,,,,01_islamic_world_formation.md p.325・330・332,
イスラーム世界：形成・専制帝国・文化（150用語）,WHS-000038,16,大学受験・基礎,国家・王朝,ファーティマ朝,ふぁーてぃまちょう,,中世,アフリカ,チュニジアからエジプト・カイロ,909〜1171年,909,WHS-000038-B05,beginner,地域,place,ファーティマ朝がエジプトに建設した新都は？,カイロ,カイロ,,,,01_islamic_world_formation.md p.325・330・332,
イスラーム世界：形成・専制帝国・文化（150用語）,WHS-000038,16,大学受験・基礎,国家・王朝,ファーティマ朝,ふぁーてぃまちょう,,中世,アフリカ,チュニジアからエジプト・カイロ,909〜1171年,909,WHS-000038-B06,beginner,関連,relation,ファーティマ朝がカイロに設立した学院は？,アズハル学院,アズハル学院,,,,01_islamic_world_formation.md p.325・330・332,
イスラーム世界：形成・専制帝国・文化（150用語）,WHS-000038,16,大学受験・基礎,国家・王朝,ファーティマ朝,ふぁーてぃまちょう,,中世,アフリカ,チュニジアからエジプト・カイロ,909〜1171年,909,WHS-000038-R01,reverse,時期,time,存在したのはいつ？,**909〜1171年**,909〜1171年,,,909：「カリフ位くれくれ　ファーティマ君」ファーティマ朝成立,01_islamic_world_formation.md p.325・330・332,
イスラーム世界：形成・専制帝国・文化（150用語）,WHS-000038,16,大学受験・基礎,国家・王朝,ファーティマ朝,ふぁーてぃまちょう,,中世,アフリカ,チュニジアからエジプト・カイロ,909〜1171年,909,WHS-000038-R02,reverse,核心内容,reverse,何をした？,**イスマーイール派**がチュニジアに建て、アッバース朝に対抗して**カリフ**を称した。のちにエジプトを征服して**カイロ**を建設し、**紅海貿易**で繁栄するとともに、アズハル学院を設立した。,イスマーイール派|カリフ|カイロ|紅海貿易,,,,01_islamic_world_formation.md p.325・330・332,
イスラーム世界：形成・専制帝国・文化（150用語）,WHS-000038,16,大学受験・基礎,国家・王朝,ファーティマ朝,ふぁーてぃまちょう,,中世,アフリカ,チュニジアからエジプト・カイロ,909〜1171年,909,WHS-000038-I01,integrated,統合説明,integrated,「ファーティマ朝」について説明せよ。,**909〜1171年**、シーア派の**イスマーイール派**がチュニジアに建て、アッバース朝に対抗して**カリフ**を称した王朝。エジプトへ進出して**カイロ**を建設し、**紅海貿易**で繁栄するとともに、アズハル学院を設立した。,909〜1171年|イスマーイール派|カリフ|カイロ|紅海貿易,,,909：「カリフ位くれくれ　ファーティマ君」ファーティマ朝成立,01_islamic_world_formation.md p.325・330・332,
イスラーム世界：形成・専制帝国・文化（150用語）,WHS-000037,61,大学受験・標準,人物,アブド＝アッラフマーン3世,あぶどあっらふまーんさんせい,,中世,ヨーロッパ,イベリア半島・コルドバ,在位912〜961年,912,WHS-000037-B01,beginner,用語の特定,identify,後ウマイヤ朝の君主としてカリフを称し、イスラーム世界の3カリフ並立を生んだ人物は？,アブド＝アッラフマーン3世,アブド＝アッラフマーン3世,,,,01_islamic_world_formation.md p.325・329,
イスラーム世界：形成・専制帝国・文化（150用語）,WHS-000037,61,大学受験・標準,人物,アブド＝アッラフマーン3世,あぶどあっらふまーんさんせい,,中世,ヨーロッパ,イベリア半島・コルドバ,在位912〜961年,912,WHS-000037-B02,beginner,時期,time,アブド＝アッラフマーン3世がカリフを称したのは何年？,929年,929年,,,,01_islamic_world_formation.md p.325・329,
イスラーム世界：形成・専制帝国・文化（150用語）,WHS-000037,61,大学受験・標準,人物,アブド＝アッラフマーン3世,あぶどあっらふまーんさんせい,,中世,ヨーロッパ,イベリア半島・コルドバ,在位912〜961年,912,WHS-000037-B03,beginner,国家・勢力,actor,アブド＝アッラフマーン3世が君主だった王朝は？,後ウマイヤ朝,後ウマイヤ朝,,,,01_islamic_world_formation.md p.325・329,
イスラーム世界：形成・専制帝国・文化（150用語）,WHS-000037,61,大学受験・標準,人物,アブド＝アッラフマーン3世,あぶどあっらふまーんさんせい,,中世,ヨーロッパ,イベリア半島・コルドバ,在位912〜961年,912,WHS-000037-B04,beginner,地域,place,アブド＝アッラフマーン3世の都は？,コルドバ,コルドバ,,,,01_islamic_world_formation.md p.325・329,
イスラーム世界：形成・専制帝国・文化（150用語）,WHS-000037,61,大学受験・標準,人物,アブド＝アッラフマーン3世,あぶどあっらふまーんさんせい,,中世,ヨーロッパ,イベリア半島・コルドバ,在位912〜961年,912,WHS-000037-R01,reverse,時期,time,カリフを称したのはいつ？,**929年**,929年,,,,01_islamic_world_formation.md p.325・329,
イスラーム世界：形成・専制帝国・文化（150用語）,WHS-000037,61,大学受験・標準,人物,アブド＝アッラフマーン3世,あぶどあっらふまーんさんせい,,中世,ヨーロッパ,イベリア半島・コルドバ,在位912〜961年,912,WHS-000037-R02,reverse,核心内容,reverse,何をした？,イベリア半島の**コルドバ**を都とする後ウマイヤ朝の君主として、ファーティマ朝のカリフ宣言に対抗して自らも**カリフ**を称した。アッバース朝を含む**3カリフ並立**となった。,コルドバ|カリフ|3カリフ並立,,,,01_islamic_world_formation.md p.325・329,
イスラーム世界：形成・専制帝国・文化（150用語）,WHS-000037,61,大学受験・標準,人物,アブド＝アッラフマーン3世,あぶどあっらふまーんさんせい,,中世,ヨーロッパ,イベリア半島・コルドバ,在位912〜961年,912,WHS-000037-I01,integrated,統合説明,integrated,「アブド＝アッラフマーン3世」について説明せよ。,**929年**、イベリア半島の**コルドバ**を都とする後ウマイヤ朝の君主として、自らも**カリフ**を称した人物。ファーティマ朝に対抗した結果、アッバース朝を含む**3カリフ並立**となった。,929年|コルドバ|カリフ|3カリフ並立,,,,01_islamic_world_formation.md p.325・329,
イスラーム世界：形成・専制帝国・文化（150用語）,WHS-000041,17,大学受験・基礎,国家・王朝,ブワイフ朝,ぶわいふちょう,,中世,西アジア,イラン・イラク／バグダード,932〜1062年,932,WHS-000041-B01,beginner,用語の特定,identify,バグダードに入城して大アミールに任じられ、軍人への給与不足に対してイクター制を始めたイラン系王朝は？,ブワイフ朝,ブワイフ朝,,,,01_islamic_world_formation.md p.325〜327・332,
イスラーム世界：形成・専制帝国・文化（150用語）,WHS-000041,17,大学受験・基礎,国家・王朝,ブワイフ朝,ぶわいふちょう,,中世,西アジア,イラン・イラク／バグダード,932〜1062年,932,WHS-000041-B02,beginner,時期,time,ブワイフ朝がバグダードに入城したのは何年？,946年,946年,,,946：「ブワイフ朝に　カリフ苦しむ」ブワイフ朝、バグダード入城,01_islamic_world_formation.md p.325〜327・332,
イスラーム世界：形成・専制帝国・文化（150用語）,WHS-000041,17,大学受験・基礎,国家・王朝,ブワイフ朝,ぶわいふちょう,,中世,西アジア,イラン・イラク／バグダード,932〜1062年,932,WHS-000041-B03,beginner,関連,relation,ブワイフ朝が信奉したイスラーム教の宗派は？,シーア派,シーア派,,,,01_islamic_world_formation.md p.325〜327・332,
イスラーム世界：形成・専制帝国・文化（150用語）,WHS-000041,17,大学受験・基礎,国家・王朝,ブワイフ朝,ぶわいふちょう,,中世,西アジア,イラン・イラク／バグダード,932〜1062年,932,WHS-000041-B04,beginner,内容,content,ブワイフ朝の君主がカリフから任じられた地位は？,大アミール,大アミール,,,,01_islamic_world_formation.md p.325〜327・332,
イスラーム世界：形成・専制帝国・文化（150用語）,WHS-000041,17,大学受験・基礎,国家・王朝,ブワイフ朝,ぶわいふちょう,,中世,西アジア,イラン・イラク／バグダード,932〜1062年,932,WHS-000041-B05,beginner,内容,content,ブワイフ朝が財政難への対応として始めた制度は？,イクター制,イクター制,,,,01_islamic_world_formation.md p.325〜327・332,
イスラーム世界：形成・専制帝国・文化（150用語）,WHS-000041,17,大学受験・基礎,国家・王朝,ブワイフ朝,ぶわいふちょう,,中世,西アジア,イラン・イラク／バグダード,932〜1062年,932,WHS-000041-R01,reverse,時期,time,バグダードに入城したのはいつ？,**946年**,946年,,,946：「ブワイフ朝に　カリフ苦しむ」ブワイフ朝、バグダード入城,01_islamic_world_formation.md p.325〜327・332,
イスラーム世界：形成・専制帝国・文化（150用語）,WHS-000041,17,大学受験・基礎,国家・王朝,ブワイフ朝,ぶわいふちょう,,中世,西アジア,イラン・イラク／バグダード,932〜1062年,932,WHS-000041-R02,reverse,核心内容,reverse,何をした？,イラン系シーア派の軍事政権としてイラン・イラクで勢力を伸ばし、**バグダード**に入ってカリフから**大アミール**に任じられた。軍人への俸給が不足すると、土地の管理権と徴税権を与える**イクター制**を始めた。,バグダード|大アミール|イクター制,,,,01_islamic_world_formation.md p.325〜327・332,
イスラーム世界：形成・専制帝国・文化（150用語）,WHS-000041,17,大学受験・基礎,国家・王朝,ブワイフ朝,ぶわいふちょう,,中世,西アジア,イラン・イラク／バグダード,932〜1062年,932,WHS-000041-I01,integrated,統合説明,integrated,「ブワイフ朝」について説明せよ。,**946年**にバグダードへ入城した、イラン・イラクの**イラン系シーア派**王朝。カリフから**大アミール**に任じられ、財政難で軍人への俸給が不足したことに対応して、土地の管理権と徴税権を与える**イクター制**を始めた。,946年|イラン系シーア派|大アミール|イクター制,,,946：「ブワイフ朝に　カリフ苦しむ」ブワイフ朝、バグダード入城,01_islamic_world_formation.md p.325〜327・332,
イスラーム世界：形成・専制帝国・文化（150用語）,WHS-000042,18,大学受験・基礎,制度・政策・法律,イクター制,いくたーせい,,中世,西アジア・アフリカ,イラン・イラク／のちにエジプトなど,10世紀半ば以降,946,WHS-000042-B01,beginner,用語の特定,identify,ブワイフ朝が軍人への俸給不足に対処して、土地の管理権と徴税権を与えた制度は？,イクター制,イクター制,,,,01_islamic_world_formation.md p.325〜328,
イスラーム世界：形成・専制帝国・文化（150用語）,WHS-000042,18,大学受験・基礎,制度・政策・法律,イクター制,いくたーせい,,中世,西アジア・アフリカ,イラン・イラク／のちにエジプトなど,10世紀半ば以降,946,WHS-000042-B02,beginner,国家・勢力,actor,イクター制を始めた王朝は？,ブワイフ朝,ブワイフ朝,,,,01_islamic_world_formation.md p.325〜328,
イスラーム世界：形成・専制帝国・文化（150用語）,WHS-000042,18,大学受験・基礎,制度・政策・法律,イクター制,いくたーせい,,中世,西アジア・アフリカ,イラン・イラク／のちにエジプトなど,10世紀半ば以降,946,WHS-000042-B03,beginner,内容,content,イクター制で土地の管理権とともに与えられた権利は？,徴税権,徴税権,,,,01_islamic_world_formation.md p.325〜328,
イスラーム世界：形成・専制帝国・文化（150用語）,WHS-000042,18,大学受験・基礎,制度・政策・法律,イクター制,いくたーせい,,中世,西アジア・アフリカ,イラン・イラク／のちにエジプトなど,10世紀半ば以降,946,WHS-000042-B04,beginner,原因,cause,イクター制が始まった直接の財政上の問題は？,軍人への俸給不足,軍人への俸給不足,,,,01_islamic_world_formation.md p.325〜328,
イスラーム世界：形成・専制帝国・文化（150用語）,WHS-000042,18,大学受験・基礎,制度・政策・法律,イクター制,いくたーせい,,中世,西アジア・アフリカ,イラン・イラク／のちにエジプトなど,10世紀半ば以降,946,WHS-000042-B05,beginner,中心人物,person,イクター制をセルジューク朝で整備・発展させた宰相は？,ニザーム＝アルムルク,ニザーム＝アルムルク,,,,01_islamic_world_formation.md p.325〜328,
イスラーム世界：形成・専制帝国・文化（150用語）,WHS-000042,18,大学受験・基礎,制度・政策・法律,イクター制,いくたーせい,,中世,西アジア・アフリカ,イラン・イラク／のちにエジプトなど,10世紀半ば以降,946,WHS-000042-R01,reverse,核心内容,reverse,どんな制度で、なぜ始まった？,10世紀半ば、イラン・イラクの**ブワイフ朝**がバグダードで軍人への俸給を払えなかったため、土地の**管理権と徴税権**を与えた制度。後の**セルジューク朝**でもニザーム＝アルムルクにより整備・発展させられた。,ブワイフ朝|管理権と徴税権|セルジューク朝,,,,01_islamic_world_formation.md p.325〜328,
イスラーム世界：形成・専制帝国・文化（150用語）,WHS-000042,18,大学受験・基礎,制度・政策・法律,イクター制,いくたーせい,,中世,西アジア・アフリカ,イラン・イラク／のちにエジプトなど,10世紀半ば以降,946,WHS-000042-I01,integrated,統合説明,integrated,「イクター制」について説明せよ。,**10世紀半ば**、イラン・イラクの**ブワイフ朝**がバグダードで軍人への俸給不足に対応し、土地の**管理権と徴税権**を与えた制度。後の**セルジューク朝**でもニザーム＝アルムルクにより整備・発展させられた。,10世紀半ば|ブワイフ朝|管理権と徴税権|セルジューク朝,,,,01_islamic_world_formation.md p.325〜328,
イスラーム世界：形成・専制帝国・文化（150用語）,WHS-000044,65,大学受験・標準,国家・王朝,カラ＝ハン朝,からはんちょう,カラハン朝,中世,中央アジア,中央アジア,10世紀中頃〜12世紀中頃,950,WHS-000044-B01,beginner,用語の特定,identify,中央アジアで最初のトルコ系イスラーム王朝として成立し、サーマーン朝を滅ぼした王朝は？,カラ＝ハン朝,カラ＝ハン朝,カラハン朝,,,01_islamic_world_formation.md p.327〜328,
イスラーム世界：形成・専制帝国・文化（150用語）,WHS-000044,65,大学受験・標準,国家・王朝,カラ＝ハン朝,からはんちょう,カラハン朝,中世,中央アジア,中央アジア,10世紀中頃〜12世紀中頃,950,WHS-000044-B02,beginner,時期,time,カラ＝ハン朝が成立したのはいつ？,10世紀中頃,10世紀中頃,,,,01_islamic_world_formation.md p.327〜328,
イスラーム世界：形成・専制帝国・文化（150用語）,WHS-000044,65,大学受験・標準,国家・王朝,カラ＝ハン朝,からはんちょう,カラハン朝,中世,中央アジア,中央アジア,10世紀中頃〜12世紀中頃,950,WHS-000044-B03,beginner,国家・勢力,actor,カラ＝ハン朝が10世紀末に滅ぼしたイラン系王朝は？,サーマーン朝,サーマーン朝,,,,01_islamic_world_formation.md p.327〜328,
イスラーム世界：形成・専制帝国・文化（150用語）,WHS-000044,65,大学受験・標準,国家・王朝,カラ＝ハン朝,からはんちょう,カラハン朝,中世,中央アジア,中央アジア,10世紀中頃〜12世紀中頃,950,WHS-000044-B04,beginner,結果,result,カラ＝ハン朝の支配拡大によって中央アジアで進んだ言語面の変化は？,トルコ化,トルコ化,,,,01_islamic_world_formation.md p.327〜328,
イスラーム世界：形成・専制帝国・文化（150用語）,WHS-000044,65,大学受験・標準,国家・王朝,カラ＝ハン朝,からはんちょう,カラハン朝,中世,中央アジア,中央アジア,10世紀中頃〜12世紀中頃,950,WHS-000044-B05,beginner,国家・勢力,actor,カラ＝ハン朝を12世紀に滅ぼした国は？,カラ＝キタイ,カラ＝キタイ,西遼,,,01_islamic_world_formation.md p.327〜328,
イスラーム世界：形成・専制帝国・文化（150用語）,WHS-000044,65,大学受験・標準,国家・王朝,カラ＝ハン朝,からはんちょう,カラハン朝,中世,中央アジア,中央アジア,10世紀中頃〜12世紀中頃,950,WHS-000044-R01,reverse,時期,time,成立したのはいつ？,**10世紀中頃**,10世紀中頃,,,,01_islamic_world_formation.md p.327〜328,
イスラーム世界：形成・専制帝国・文化（150用語）,WHS-000044,65,大学受験・標準,国家・王朝,カラ＝ハン朝,からはんちょう,カラハン朝,中世,中央アジア,中央アジア,10世紀中頃〜12世紀中頃,950,WHS-000044-R02,reverse,核心内容,reverse,何をした？,中央アジアで最初の**トルコ系イスラーム王朝**として現れ、10世紀末に**サーマーン朝**を滅ぼした。この地域の**トルコ化・イスラーム化**を進めたが、12世紀にはカラ＝キタイに滅ぼされた。,トルコ系イスラーム王朝|サーマーン朝|トルコ化・イスラーム化,,,,01_islamic_world_formation.md p.327〜328,
イスラーム世界：形成・専制帝国・文化（150用語）,WHS-000044,65,大学受験・標準,国家・王朝,カラ＝ハン朝,からはんちょう,カラハン朝,中世,中央アジア,中央アジア,10世紀中頃〜12世紀中頃,950,WHS-000044-I01,integrated,統合説明,integrated,「カラ＝ハン朝」について説明せよ。,**10世紀中頃**に成立した、中央アジアで最初の**トルコ系イスラーム王朝**。10世紀末に**サーマーン朝**を滅ぼして**トルコ化・イスラーム化**を進めたが、12世紀にはカラ＝キタイに滅ぼされた。,10世紀中頃|トルコ系イスラーム王朝|サーマーン朝|トルコ化・イスラーム化,,,,01_islamic_world_formation.md p.327〜328,
イスラーム世界：形成・専制帝国・文化（150用語）,WHS-000045,66,大学受験・標準,国家・王朝,ガズナ朝,がずなちょう,,中世,中央アジア・南アジア,アフガニスタン・北インドへの侵入,962年または977年〜1186年,962,WHS-000045-B01,beginner,用語の特定,identify,サーマーン朝のマムルーク出身者がアフガニスタンに建て、インド侵入を繰り返したトルコ系王朝は？,ガズナ朝,ガズナ朝,,,,01_islamic_world_formation.md p.327・330〜331,
イスラーム世界：形成・専制帝国・文化（150用語）,WHS-000045,66,大学受験・標準,国家・王朝,ガズナ朝,がずなちょう,,中世,中央アジア・南アジア,アフガニスタン・北インドへの侵入,962年または977年〜1186年,962,WHS-000045-B02,beginner,中心人物,person,ガズナ朝を建てたサーマーン朝のマムルーク出身者は？,アルプテギン,アルプテギン,,,,01_islamic_world_formation.md p.327・330〜331,
イスラーム世界：形成・専制帝国・文化（150用語）,WHS-000045,66,大学受験・標準,国家・王朝,ガズナ朝,がずなちょう,,中世,中央アジア・南アジア,アフガニスタン・北インドへの侵入,962年または977年〜1186年,962,WHS-000045-B03,beginner,時期,time,ガズナ朝がインド侵入を繰り返すようになったのはいつ？,10世紀末,10世紀末,,,,01_islamic_world_formation.md p.327・330〜331,
イスラーム世界：形成・専制帝国・文化（150用語）,WHS-000045,66,大学受験・標準,国家・王朝,ガズナ朝,がずなちょう,,中世,中央アジア・南アジア,アフガニスタン・北インドへの侵入,962年または977年〜1186年,962,WHS-000045-B04,beginner,国家・勢力,actor,ガズナ朝を滅ぼして北インド支配を広げた王朝は？,ゴール朝,ゴール朝,,,,01_islamic_world_formation.md p.327・330〜331,
イスラーム世界：形成・専制帝国・文化（150用語）,WHS-000045,66,大学受験・標準,国家・王朝,ガズナ朝,がずなちょう,,中世,中央アジア・南アジア,アフガニスタン・北インドへの侵入,962年または977年〜1186年,962,WHS-000045-R01,reverse,時期,time,インド侵入を繰り返したのはいつから？,**10世紀末から**,10世紀末から,,,,01_islamic_world_formation.md p.327・330〜331,
イスラーム世界：形成・専制帝国・文化（150用語）,WHS-000045,66,大学受験・標準,国家・王朝,ガズナ朝,がずなちょう,,中世,中央アジア・南アジア,アフガニスタン・北インドへの侵入,962年または977年〜1186年,962,WHS-000045-R02,reverse,核心内容,reverse,何をした？,サーマーン朝のマムルーク出身の**アルプテギン**が**アフガニスタン**に建てたトルコ系王朝。北インドへの侵入を繰り返して**インドのイスラーム化**への道を開いたが、のちに**ゴール朝**に滅ぼされた。,アルプテギン|アフガニスタン|インドのイスラーム化|ゴール朝,,,,01_islamic_world_formation.md p.327・330〜331,
イスラーム世界：形成・専制帝国・文化（150用語）,WHS-000045,66,大学受験・標準,国家・王朝,ガズナ朝,がずなちょう,,中世,中央アジア・南アジア,アフガニスタン・北インドへの侵入,962年または977年〜1186年,962,WHS-000045-I01,integrated,統合説明,integrated,「ガズナ朝」について説明せよ。,**10世紀末**から北インド侵入を繰り返した、アフガニスタンのトルコ系王朝。サーマーン朝のマムルーク出身の**アルプテギン**が建て、**インドのイスラーム化**への道を開いたが、のちに**ゴール朝**に滅ぼされた。,10世紀末|アルプテギン|インドのイスラーム化|ゴール朝,,,,01_islamic_world_formation.md p.327・330〜331,
イスラーム世界：形成・専制帝国・文化（150用語）,WHS-000039,62,大学受験・標準,地域・都市,カイロ,かいろ,,中世,アフリカ,エジプト,10世紀建設・13世紀以降に中心地化,969,WHS-000039-B01,beginner,用語の特定,identify,ファーティマ朝がエジプトに建設し、バグダード陥落後にイスラーム世界の中心地となった都市は？,カイロ,カイロ,,,,01_islamic_world_formation.md p.325・330,
イスラーム世界：形成・専制帝国・文化（150用語）,WHS-000039,62,大学受験・標準,地域・都市,カイロ,かいろ,,中世,アフリカ,エジプト,10世紀建設・13世紀以降に中心地化,969,WHS-000039-B02,beginner,時期,time,カイロがファーティマ朝の新都として建設されたのは何世紀？,10世紀,10世紀,,,,01_islamic_world_formation.md p.325・330,
イスラーム世界：形成・専制帝国・文化（150用語）,WHS-000039,62,大学受験・標準,地域・都市,カイロ,かいろ,,中世,アフリカ,エジプト,10世紀建設・13世紀以降に中心地化,969,WHS-000039-B03,beginner,国家・勢力,actor,カイロを建設した王朝は？,ファーティマ朝,ファーティマ朝,,,,01_islamic_world_formation.md p.325・330,
イスラーム世界：形成・専制帝国・文化（150用語）,WHS-000039,62,大学受験・標準,地域・都市,カイロ,かいろ,,中世,アフリカ,エジプト,10世紀建設・13世紀以降に中心地化,969,WHS-000039-B04,beginner,関連,relation,カイロにファーティマ朝が設立した学院は？,アズハル学院,アズハル学院,,,,01_islamic_world_formation.md p.325・330,
イスラーム世界：形成・専制帝国・文化（150用語）,WHS-000039,62,大学受験・標準,地域・都市,カイロ,かいろ,,中世,アフリカ,エジプト,10世紀建設・13世紀以降に中心地化,969,WHS-000039-B05,beginner,中心人物,person,カイロにアッバース家の末裔を迎えてカリフとしたマムルーク朝の君主は？,バイバルス,バイバルス,,,,01_islamic_world_formation.md p.325・330,
イスラーム世界：形成・専制帝国・文化（150用語）,WHS-000039,62,大学受験・標準,地域・都市,カイロ,かいろ,,中世,アフリカ,エジプト,10世紀建設・13世紀以降に中心地化,969,WHS-000039-R01,reverse,時期,time,都として建設されたのはいつ？,**10世紀**,10世紀,,,,01_islamic_world_formation.md p.325・330,
イスラーム世界：形成・専制帝国・文化（150用語）,WHS-000039,62,大学受験・標準,地域・都市,カイロ,かいろ,,中世,アフリカ,エジプト,10世紀建設・13世紀以降に中心地化,969,WHS-000039-R02,reverse,核心内容,reverse,どのように発展した？,エジプトで**ファーティマ朝**が建設し、**紅海貿易**と**アズハル学院**を背景に繁栄した。1258年にバグダードが陥落した後は、**マムルーク朝**の**バイバルス**がアッバース家の末裔を迎えてカリフとし、政治・経済・文化の中心地になった。,ファーティマ朝|紅海貿易|アズハル学院|マムルーク朝|バイバルス,,,,01_islamic_world_formation.md p.325・330,
イスラーム世界：形成・専制帝国・文化（150用語）,WHS-000039,62,大学受験・標準,地域・都市,カイロ,かいろ,,中世,アフリカ,エジプト,10世紀建設・13世紀以降に中心地化,969,WHS-000039-I01,integrated,統合説明,integrated,「カイロ」について説明せよ。,**10世紀**、ファーティマ朝がエジプトに建設した都で、**紅海貿易**と**アズハル学院**を背景に繁栄した。1258年のバグダード陥落後は、**マムルーク朝**の**バイバルス**がアッバース家の末裔をカリフとして迎え、イスラーム世界の政治・経済・文化の中心地となった。,10世紀|紅海貿易|アズハル学院|マムルーク朝|バイバルス,,,,01_islamic_world_formation.md p.325・330,
イスラーム世界：形成・専制帝国・文化（150用語）,WHS-000040,63,大学受験・標準,組織・政党,アズハル学院,あずはるがくいん,,中世,アフリカ,エジプト・カイロ,ファーティマ朝期（909〜1171年）以降,970,WHS-000040-B01,beginner,用語の特定,identify,ファーティマ朝がカイロに設立し、のちにはスンナ派神学の中心となった学院は？,アズハル学院,アズハル学院,,,,01_islamic_world_formation.md p.325・330,
イスラーム世界：形成・専制帝国・文化（150用語）,WHS-000040,63,大学受験・標準,組織・政党,アズハル学院,あずはるがくいん,,中世,アフリカ,エジプト・カイロ,ファーティマ朝期（909〜1171年）以降,970,WHS-000040-B02,beginner,国家・勢力,actor,アズハル学院を設立した王朝は？,ファーティマ朝,ファーティマ朝,,,,01_islamic_world_formation.md p.325・330,
イスラーム世界：形成・専制帝国・文化（150用語）,WHS-000040,63,大学受験・標準,組織・政党,アズハル学院,あずはるがくいん,,中世,アフリカ,エジプト・カイロ,ファーティマ朝期（909〜1171年）以降,970,WHS-000040-B03,beginner,地域,place,アズハル学院が置かれた都市は？,カイロ,カイロ,,,,01_islamic_world_formation.md p.325・330,
イスラーム世界：形成・専制帝国・文化（150用語）,WHS-000040,63,大学受験・標準,組織・政党,アズハル学院,あずはるがくいん,,中世,アフリカ,エジプト・カイロ,ファーティマ朝期（909〜1171年）以降,970,WHS-000040-B04,beginner,関連,relation,アズハル学院がアイユーブ朝以降に神学の中心となった宗派は？,スンナ派,スンナ派,スンニー派,,,01_islamic_world_formation.md p.325・330,
イスラーム世界：形成・専制帝国・文化（150用語）,WHS-000040,63,大学受験・標準,組織・政党,アズハル学院,あずはるがくいん,,中世,アフリカ,エジプト・カイロ,ファーティマ朝期（909〜1171年）以降,970,WHS-000040-R01,reverse,核心内容,reverse,どこで、どんな役割を果たした？,エジプトのカイロで、**ファーティマ朝（909〜1171年）**のもと、アズハル＝モスク内に設立されたマドラサ。当初は**シーア派**の学問の中心だったが、アイユーブ朝以降は**スンナ派神学**の中心となった。,ファーティマ朝（909〜1171年）|シーア派|スンナ派神学,,,,01_islamic_world_formation.md p.325・330,
イスラーム世界：形成・専制帝国・文化（150用語）,WHS-000040,63,大学受験・標準,組織・政党,アズハル学院,あずはるがくいん,,中世,アフリカ,エジプト・カイロ,ファーティマ朝期（909〜1171年）以降,970,WHS-000040-I01,integrated,統合説明,integrated,「アズハル学院」について説明せよ。,エジプトのカイロで、**ファーティマ朝（909〜1171年）**のもと、アズハル＝モスク内に設立されたマドラサ。当初は**シーア派**の学問の中心だったが、アイユーブ朝以降は**スンナ派神学**の中心となった。,ファーティマ朝（909〜1171年）|シーア派|スンナ派神学,,,,01_islamic_world_formation.md p.325・330,
イスラーム世界：形成・専制帝国・文化（150用語）,WHS-000137,121,大学受験・標準,人物,イブン＝シーナー,いぶんしーなー,アヴィケンナ,中世,西アジア・中央アジア,中央アジア・イラン東部,サーマーン朝期（875〜999年）,990,WHS-000137-B01,beginner,用語の特定,identify,サーマーン朝の学者で、ギリシア・アラビア医学を『医学典範』に集大成し、ラテン語名をアヴィケンナという人物は？,イブン＝シーナー,イブン＝シーナー,アヴィケンナ,,,05_islamic_culture.md p.347,
イスラーム世界：形成・専制帝国・文化（150用語）,WHS-000137,121,大学受験・標準,人物,イブン＝シーナー,いぶんしーなー,アヴィケンナ,中世,西アジア・中央アジア,中央アジア・イラン東部,サーマーン朝期（875〜999年）,990,WHS-000137-B02,beginner,関連,relation,イブン＝シーナーが医学を集大成した著作は？,医学典範,医学典範,,,,05_islamic_culture.md p.347,
イスラーム世界：形成・専制帝国・文化（150用語）,WHS-000137,121,大学受験・標準,人物,イブン＝シーナー,いぶんしーなー,アヴィケンナ,中世,西アジア・中央アジア,中央アジア・イラン東部,サーマーン朝期（875〜999年）,990,WHS-000137-B03,beginner,国家・勢力,actor,イブン＝シーナーが属した王朝として資料に示されるのは？,サーマーン朝,サーマーン朝,,,,05_islamic_culture.md p.347,
イスラーム世界：形成・専制帝国・文化（150用語）,WHS-000137,121,大学受験・標準,人物,イブン＝シーナー,いぶんしーなー,アヴィケンナ,中世,西アジア・中央アジア,中央アジア・イラン東部,サーマーン朝期（875〜999年）,990,WHS-000137-B04,beginner,関連,relation,イブン＝シーナーが研究した古代ギリシアの哲学者は？,アリストテレス,アリストテレス,,,,05_islamic_culture.md p.347,
イスラーム世界：形成・専制帝国・文化（150用語）,WHS-000137,121,大学受験・標準,人物,イブン＝シーナー,いぶんしーなー,アヴィケンナ,中世,西アジア・中央アジア,中央アジア・イラン東部,サーマーン朝期（875〜999年）,990,WHS-000137-B05,beginner,結果,result,イブン＝シーナーらの研究のラテン語訳が大成に影響した、西欧の学問は？,スコラ学,スコラ学,,,,05_islamic_culture.md p.347,
イスラーム世界：形成・専制帝国・文化（150用語）,WHS-000137,121,大学受験・標準,人物,イブン＝シーナー,いぶんしーなー,アヴィケンナ,中世,西アジア・中央アジア,中央アジア・イラン東部,サーマーン朝期（875〜999年）,990,WHS-000137-R01,reverse,核心内容,reverse,何をした？,中央アジア・イラン東部を支配した**サーマーン朝**期（875〜999年）の学者で、ギリシア・アラビア医学を**『医学典範』**に集大成した。**アリストテレス哲学**も研究し、その成果はラテン語訳されて西欧の**スコラ学**に影響した。,サーマーン朝|医学典範|アリストテレス哲学|スコラ学,,,,05_islamic_culture.md p.347,
イスラーム世界：形成・専制帝国・文化（150用語）,WHS-000137,121,大学受験・標準,人物,イブン＝シーナー,いぶんしーなー,アヴィケンナ,中世,西アジア・中央アジア,中央アジア・イラン東部,サーマーン朝期（875〜999年）,990,WHS-000137-I01,integrated,統合説明,integrated,「イブン＝シーナー」について説明せよ。,中央アジア・イラン東部を支配した**サーマーン朝**期（875〜999年）の学者で、ギリシア・アラビア医学を**『医学典範』**に集大成した。**アリストテレス哲学**も研究し、その成果はラテン語訳されて西欧の**スコラ学**に影響した。,サーマーン朝|医学典範|アリストテレス哲学|スコラ学,,年代は資料に示された所属王朝の存続期間であり、本人の生没年や作品の成立年ではない。,,05_islamic_culture.md p.347,
イスラーム世界：形成・専制帝国・文化（150用語）,WHS-000138,122,大学受験・標準,文書・作品,医学典範,いがくてんぱん,,中世,西アジア・中央アジア,中央アジア・イラン東部に関わる医学,サーマーン朝期（875〜999年）の学者の著作,1000,WHS-000138-B01,beginner,用語の特定,identify,イブン＝シーナーが、ギリシア・アラビア医学を集大成した著作は？,医学典範,医学典範,,,,05_islamic_culture.md p.347,
イスラーム世界：形成・専制帝国・文化（150用語）,WHS-000138,122,大学受験・標準,文書・作品,医学典範,いがくてんぱん,,中世,西アジア・中央アジア,中央アジア・イラン東部に関わる医学,サーマーン朝期（875〜999年）の学者の著作,1000,WHS-000138-B02,beginner,中心人物,person,医学典範の著者は？,イブン＝シーナー,イブン＝シーナー,アヴィケンナ,,,05_islamic_culture.md p.347,
イスラーム世界：形成・専制帝国・文化（150用語）,WHS-000138,122,大学受験・標準,文書・作品,医学典範,いがくてんぱん,,中世,西アジア・中央アジア,中央アジア・イラン東部に関わる医学,サーマーン朝期（875〜999年）の学者の著作,1000,WHS-000138-B03,beginner,内容,content,医学典範が集大成したのは、どの二つの医学？,ギリシア医学とアラビア医学,ギリシア医学とアラビア医学,ギリシア・アラビア医学|アラビア医学とギリシア医学,,,05_islamic_culture.md p.347,
イスラーム世界：形成・専制帝国・文化（150用語）,WHS-000138,122,大学受験・標準,文書・作品,医学典範,いがくてんぱん,,中世,西アジア・中央アジア,中央アジア・イラン東部に関わる医学,サーマーン朝期（875〜999年）の学者の著作,1000,WHS-000138-B04,beginner,国家・勢力,actor,医学典範の著者が属した王朝として資料に示されるのは？,サーマーン朝,サーマーン朝,,,,05_islamic_culture.md p.347,
イスラーム世界：形成・専制帝国・文化（150用語）,WHS-000138,122,大学受験・標準,文書・作品,医学典範,いがくてんぱん,,中世,西アジア・中央アジア,中央アジア・イラン東部に関わる医学,サーマーン朝期（875〜999年）の学者の著作,1000,WHS-000138-R01,reverse,核心内容,reverse,何が書かれている？,中央アジア・イラン東部を支配した**サーマーン朝**期（875〜999年）の学者、**イブン＝シーナー**の著作。**ギリシア・アラビア医学**を集大成した。,サーマーン朝|イブン＝シーナー|ギリシア・アラビア医学,,,,05_islamic_culture.md p.347,
イスラーム世界：形成・専制帝国・文化（150用語）,WHS-000138,122,大学受験・標準,文書・作品,医学典範,いがくてんぱん,,中世,西アジア・中央アジア,中央アジア・イラン東部に関わる医学,サーマーン朝期（875〜999年）の学者の著作,1000,WHS-000138-I01,integrated,統合説明,integrated,「医学典範」について説明せよ。,中央アジア・イラン東部を支配した**サーマーン朝**期（875〜999年）の学者、**イブン＝シーナー**の著作。**ギリシア・アラビア医学**を集大成した。,サーマーン朝|イブン＝シーナー|ギリシア・アラビア医学,,年代は資料に示された所属王朝の存続期間であり、本人の生没年や作品の成立年ではない。,,05_islamic_culture.md p.347,
イスラーム世界：形成・専制帝国・文化（150用語）,WHS-000141,125,大学受験・標準,人物,フィルドゥシー,ふぃるどぅしー,,中世,西アジア・中央アジア,アフガニスタンのガズナ朝・イランの文学,ガズナ朝期（962年または977年〜1186年）,1000,WHS-000141-B01,beginner,用語の特定,identify,ガズナ朝のイラン人で、イラン建国からササン朝滅亡までを描く『シャー＝ナーメ』を著した人物は？,フィルドゥシー,フィルドゥシー,,,,05_islamic_culture.md p.347,
イスラーム世界：形成・専制帝国・文化（150用語）,WHS-000141,125,大学受験・標準,人物,フィルドゥシー,ふぃるどぅしー,,中世,西アジア・中央アジア,アフガニスタンのガズナ朝・イランの文学,ガズナ朝期（962年または977年〜1186年）,1000,WHS-000141-B02,beginner,関連,relation,フィルドゥシーが著した大民族叙事詩は？,シャー＝ナーメ,シャー＝ナーメ,王の書,,,05_islamic_culture.md p.347,
イスラーム世界：形成・専制帝国・文化（150用語）,WHS-000141,125,大学受験・標準,人物,フィルドゥシー,ふぃるどぅしー,,中世,西アジア・中央アジア,アフガニスタンのガズナ朝・イランの文学,ガズナ朝期（962年または977年〜1186年）,1000,WHS-000141-B03,beginner,国家・勢力,actor,フィルドゥシーが属した王朝として資料に示されるのは？,ガズナ朝,ガズナ朝,,,,05_islamic_culture.md p.347,
イスラーム世界：形成・専制帝国・文化（150用語）,WHS-000141,125,大学受験・標準,人物,フィルドゥシー,ふぃるどぅしー,,中世,西アジア・中央アジア,アフガニスタンのガズナ朝・イランの文学,ガズナ朝期（962年または977年〜1186年）,1000,WHS-000141-B04,beginner,内容,content,フィルドゥシーの大民族叙事詩が描く歴史の終点となる、王朝の滅亡は？,ササン朝の滅亡,ササン朝の滅亡,,,,05_islamic_culture.md p.347,
イスラーム世界：形成・専制帝国・文化（150用語）,WHS-000141,125,大学受験・標準,人物,フィルドゥシー,ふぃるどぅしー,,中世,西アジア・中央アジア,アフガニスタンのガズナ朝・イランの文学,ガズナ朝期（962年または977年〜1186年）,1000,WHS-000141-R01,reverse,核心内容,reverse,何をした？,アフガニスタンの**ガズナ朝**期（962年または977年〜1186年）のイラン人で、**『シャー＝ナーメ』**を著した。イラン建国から**ササン朝滅亡**までを描く大民族叙事詩で、ペルシア文学の最高傑作とされる。,ガズナ朝|シャー＝ナーメ|ササン朝滅亡,,,,05_islamic_culture.md p.347,
イスラーム世界：形成・専制帝国・文化（150用語）,WHS-000141,125,大学受験・標準,人物,フィルドゥシー,ふぃるどぅしー,,中世,西アジア・中央アジア,アフガニスタンのガズナ朝・イランの文学,ガズナ朝期（962年または977年〜1186年）,1000,WHS-000141-I01,integrated,統合説明,integrated,「フィルドゥシー」について説明せよ。,アフガニスタンの**ガズナ朝**期（962年または977年〜1186年）のイラン人で、**『シャー＝ナーメ』**を著した。イラン建国から**ササン朝滅亡**までを描く大民族叙事詩で、ペルシア文学の最高傑作とされる。,ガズナ朝|シャー＝ナーメ|ササン朝滅亡,,年代は資料に示された所属王朝の存続期間であり、本人の生没年や作品の成立年ではない。,,05_islamic_culture.md p.347,
イスラーム世界：形成・専制帝国・文化（150用語）,WHS-000142,126,大学受験・標準,文書・作品,シャー＝ナーメ,しゃーなーめ,王の書,中世,西アジア・中央アジア,イラン・アフガニスタンの文学,ガズナ朝期（962年または977年〜1186年）の文学,1000,WHS-000142-B01,beginner,用語の特定,identify,フィルドゥシーが著した、イラン建国からササン朝滅亡までを描く大民族叙事詩は？,シャー＝ナーメ,シャー＝ナーメ,王の書,,,05_islamic_culture.md p.347,
イスラーム世界：形成・専制帝国・文化（150用語）,WHS-000142,126,大学受験・標準,文書・作品,シャー＝ナーメ,しゃーなーめ,王の書,中世,西アジア・中央アジア,イラン・アフガニスタンの文学,ガズナ朝期（962年または977年〜1186年）の文学,1000,WHS-000142-B02,beginner,中心人物,person,シャー＝ナーメの著者は？,フィルドゥシー,フィルドゥシー,,,,05_islamic_culture.md p.347,
イスラーム世界：形成・専制帝国・文化（150用語）,WHS-000142,126,大学受験・標準,文書・作品,シャー＝ナーメ,しゃーなーめ,王の書,中世,西アジア・中央アジア,イラン・アフガニスタンの文学,ガズナ朝期（962年または977年〜1186年）の文学,1000,WHS-000142-B03,beginner,内容,content,シャー＝ナーメが描く歴史の終点となる王朝の滅亡は？,ササン朝の滅亡,ササン朝の滅亡,,,,05_islamic_culture.md p.347,
イスラーム世界：形成・専制帝国・文化（150用語）,WHS-000142,126,大学受験・標準,文書・作品,シャー＝ナーメ,しゃーなーめ,王の書,中世,西アジア・中央アジア,イラン・アフガニスタンの文学,ガズナ朝期（962年または977年〜1186年）の文学,1000,WHS-000142-B04,beginner,内容,content,シャー＝ナーメは、どの文学の最高傑作とされる？,ペルシア文学,ペルシア文学,,,,05_islamic_culture.md p.347,
イスラーム世界：形成・専制帝国・文化（150用語）,WHS-000142,126,大学受験・標準,文書・作品,シャー＝ナーメ,しゃーなーめ,王の書,中世,西アジア・中央アジア,イラン・アフガニスタンの文学,ガズナ朝期（962年または977年〜1186年）の文学,1000,WHS-000142-R01,reverse,核心内容,reverse,何が書かれている？,アフガニスタンの**ガズナ朝**期（962年または977年〜1186年）のイラン人**フィルドゥシー**が著した。**イラン建国からササン朝滅亡まで**を描く大民族叙事詩で、ペルシア文学の最高傑作とされる。,ガズナ朝|フィルドゥシー|イラン建国からササン朝滅亡まで,,,,05_islamic_culture.md p.347,
イスラーム世界：形成・専制帝国・文化（150用語）,WHS-000142,126,大学受験・標準,文書・作品,シャー＝ナーメ,しゃーなーめ,王の書,中世,西アジア・中央アジア,イラン・アフガニスタンの文学,ガズナ朝期（962年または977年〜1186年）の文学,1000,WHS-000142-I01,integrated,統合説明,integrated,「シャー＝ナーメ」について説明せよ。,アフガニスタンの**ガズナ朝**期（962年または977年〜1186年）のイラン人**フィルドゥシー**による大民族叙事詩。**イラン建国からササン朝滅亡まで**を描き、ペルシア文学の最高傑作とされる。,ガズナ朝|フィルドゥシー|イラン建国からササン朝滅亡まで,,年代は資料に示された所属王朝の存続期間であり、本人の生没年や作品の成立年ではない。,,05_islamic_culture.md p.347,
イスラーム世界：形成・専制帝国・文化（150用語）,WHS-000046,19,大学受験・基礎,国家・王朝,セルジューク朝,せるじゅーくちょう,,中世,西アジア,ホラーサーン・イラン／イラクからアナトリア,1038〜1194年,1038,WHS-000046-B01,beginner,用語の特定,identify,トゥグリル＝ベクが開き、ブワイフ朝をバグダードから追放してカリフからスルタンの称号を受けた王朝は？,セルジューク朝,セルジューク朝,,,,01_islamic_world_formation.md p.325・327〜328・332,
イスラーム世界：形成・専制帝国・文化（150用語）,WHS-000046,19,大学受験・基礎,国家・王朝,セルジューク朝,せるじゅーくちょう,,中世,西アジア,ホラーサーン・イラン／イラクからアナトリア,1038〜1194年,1038,WHS-000046-B02,beginner,時期,time,セルジューク朝がバグダードに入城したのは何年？,1055年,1055年,,,1055：「入れGOGO　バグダード」セルジューク朝、バグダード入城,01_islamic_world_formation.md p.325・327〜328・332,
イスラーム世界：形成・専制帝国・文化（150用語）,WHS-000046,19,大学受験・基礎,国家・王朝,セルジューク朝,せるじゅーくちょう,,中世,西アジア,ホラーサーン・イラン／イラクからアナトリア,1038〜1194年,1038,WHS-000046-B03,beginner,中心人物,person,セルジューク朝の建国者は？,トゥグリル＝ベク,トゥグリル＝ベク,,,,01_islamic_world_formation.md p.325・327〜328・332,
イスラーム世界：形成・専制帝国・文化（150用語）,WHS-000046,19,大学受験・基礎,国家・王朝,セルジューク朝,せるじゅーくちょう,,中世,西アジア,ホラーサーン・イラン／イラクからアナトリア,1038〜1194年,1038,WHS-000046-B04,beginner,関連,relation,セルジューク朝が信奉した宗派は？,スンナ派,スンナ派,スンニー派,,,01_islamic_world_formation.md p.325・327〜328・332,
イスラーム世界：形成・専制帝国・文化（150用語）,WHS-000046,19,大学受験・基礎,国家・王朝,セルジューク朝,せるじゅーくちょう,,中世,西アジア,ホラーサーン・イラン／イラクからアナトリア,1038〜1194年,1038,WHS-000046-B05,beginner,内容,content,セルジューク朝の君主にカリフが授けた称号は？,スルタン,スルタン,,,,01_islamic_world_formation.md p.325・327〜328・332,
イスラーム世界：形成・専制帝国・文化（150用語）,WHS-000046,19,大学受験・基礎,国家・王朝,セルジューク朝,せるじゅーくちょう,,中世,西アジア,ホラーサーン・イラン／イラクからアナトリア,1038〜1194年,1038,WHS-000046-B06,beginner,関連,relation,セルジューク朝がビザンツ帝国を破りアナトリアへ進出した戦いは？,マラーズギルドの戦い,マラーズギルドの戦い,,,,01_islamic_world_formation.md p.325・327〜328・332,
イスラーム世界：形成・専制帝国・文化（150用語）,WHS-000046,19,大学受験・基礎,国家・王朝,セルジューク朝,せるじゅーくちょう,,中世,西アジア,ホラーサーン・イラン／イラクからアナトリア,1038〜1194年,1038,WHS-000046-R01,reverse,時期,time,存在したのはいつ？,**1038〜1194年**,1038〜1194年,,,,01_islamic_world_formation.md p.325・327〜328・332,
イスラーム世界：形成・専制帝国・文化（150用語）,WHS-000046,19,大学受験・基礎,国家・王朝,セルジューク朝,せるじゅーくちょう,,中世,西アジア,ホラーサーン・イラン／イラクからアナトリア,1038〜1194年,1038,WHS-000046-R02,reverse,核心内容,reverse,どのように支配を確立した？,**トゥグリル＝ベク**がホラーサーンに建てたトルコ系スンナ派王朝。**1055年**にバグダードでブワイフ朝を追放し、アッバース朝カリフから**スルタン**の称号を受け、イラン・イラクなどの政治的支配を担った。,トゥグリル＝ベク|1055年|スルタン,,,1055：「入れGOGO　バグダード」セルジューク朝、バグダード入城,01_islamic_world_formation.md p.325・327〜328・332,
イスラーム世界：形成・専制帝国・文化（150用語）,WHS-000046,19,大学受験・基礎,国家・王朝,セルジューク朝,せるじゅーくちょう,,中世,西アジア,ホラーサーン・イラン／イラクからアナトリア,1038〜1194年,1038,WHS-000046-R03,reverse,核心内容,reverse,拡大と統治にはどんな特徴があった？,**マラーズギルドの戦い**でビザンツ帝国を破ってアナトリアへ進出し、十字軍遠征の背景となった。マリク＝シャーの時代には**ニザーム＝アルムルク**がイクター制やニザーミーヤ学院を整備した。,マラーズギルドの戦い|ニザーム＝アルムルク,,,,01_islamic_world_formation.md p.325・327〜328・332,
イスラーム世界：形成・専制帝国・文化（150用語）,WHS-000046,19,大学受験・基礎,国家・王朝,セルジューク朝,せるじゅーくちょう,,中世,西アジア,ホラーサーン・イラン／イラクからアナトリア,1038〜1194年,1038,WHS-000046-I01,integrated,統合説明,integrated,「セルジューク朝」について説明せよ。,**1038〜1194年**、トゥグリル＝ベクがホラーサーンに建て、イラン・イラクなどを支配したトルコ系スンナ派王朝。**1055年**にバグダードからブワイフ朝を追放して**スルタン**の称号を受け、マラーズギルドの戦い後にはアナトリアへ進出した。マリク＝シャーの時代には**ニザーム＝アルムルク**がイクター制やニザーミーヤ学院を整備した。,1038〜1194年|1055年|スルタン|ニザーム＝アルムルク,,,1055：「入れGOGO　バグダード」セルジューク朝、バグダード入城,01_islamic_world_formation.md p.325・327〜328・332,
イスラーム世界：形成・専制帝国・文化（150用語）,WHS-000047,67,大学受験・標準,人物,トゥグリル＝ベク,とぅぐりるべく,,中世,西アジア,ホラーサーン・バグダード,在位1038〜1063年,1038,WHS-000047-B01,beginner,用語の特定,identify,ホラーサーンにセルジューク朝を建て、バグダードでブワイフ朝を追放した人物は？,トゥグリル＝ベク,トゥグリル＝ベク,,,,01_islamic_world_formation.md p.325・327〜328・332,
イスラーム世界：形成・専制帝国・文化（150用語）,WHS-000047,67,大学受験・標準,人物,トゥグリル＝ベク,とぅぐりるべく,,中世,西アジア,ホラーサーン・バグダード,在位1038〜1063年,1038,WHS-000047-B02,beginner,国家・勢力,actor,トゥグリル＝ベクが建国した王朝は？,セルジューク朝,セルジューク朝,,,,01_islamic_world_formation.md p.325・327〜328・332,
イスラーム世界：形成・専制帝国・文化（150用語）,WHS-000047,67,大学受験・標準,人物,トゥグリル＝ベク,とぅぐりるべく,,中世,西アジア,ホラーサーン・バグダード,在位1038〜1063年,1038,WHS-000047-B03,beginner,時期,time,トゥグリル＝ベクがバグダードに入城したのは何年？,1055年,1055年,,,1055：「入れGOGO　バグダード」セルジューク朝、バグダード入城,01_islamic_world_formation.md p.325・327〜328・332,
イスラーム世界：形成・専制帝国・文化（150用語）,WHS-000047,67,大学受験・標準,人物,トゥグリル＝ベク,とぅぐりるべく,,中世,西アジア,ホラーサーン・バグダード,在位1038〜1063年,1038,WHS-000047-B04,beginner,内容,content,トゥグリル＝ベクがアッバース朝カリフから受けた称号は？,スルタン,スルタン,,,,01_islamic_world_formation.md p.325・327〜328・332,
イスラーム世界：形成・専制帝国・文化（150用語）,WHS-000047,67,大学受験・標準,人物,トゥグリル＝ベク,とぅぐりるべく,,中世,西アジア,ホラーサーン・バグダード,在位1038〜1063年,1038,WHS-000047-R01,reverse,時期,time,バグダードに入城したのはいつ？,**1055年**,1055年,,,1055：「入れGOGO　バグダード」セルジューク朝、バグダード入城,01_islamic_world_formation.md p.325・327〜328・332,
イスラーム世界：形成・専制帝国・文化（150用語）,WHS-000047,67,大学受験・標準,人物,トゥグリル＝ベク,とぅぐりるべく,,中世,西アジア,ホラーサーン・バグダード,在位1038〜1063年,1038,WHS-000047-R02,reverse,核心内容,reverse,何をした？,**ホラーサーン**に**セルジューク朝**を建国した。カリフの支援要請を受けてバグダードから**ブワイフ朝**を追放し、**スルタン**の称号を受けて政治的支配権を握った。,ホラーサーン|セルジューク朝|ブワイフ朝|スルタン,,,,01_islamic_world_formation.md p.325・327〜328・332,
イスラーム世界：形成・専制帝国・文化（150用語）,WHS-000047,67,大学受験・標準,人物,トゥグリル＝ベク,とぅぐりるべく,,中世,西アジア,ホラーサーン・バグダード,在位1038〜1063年,1038,WHS-000047-I01,integrated,統合説明,integrated,「トゥグリル＝ベク」について説明せよ。,ホラーサーンに**セルジューク朝**を建て、**1055年**にバグダードから**ブワイフ朝**を追放した人物。アッバース朝カリフから**スルタン**の称号を受け、カリフの権威を背景に政治的支配権を握った。,セルジューク朝|1055年|ブワイフ朝|スルタン,,,1055：「入れGOGO　バグダード」セルジューク朝、バグダード入城,01_islamic_world_formation.md p.325・327〜328・332,
イスラーム世界：形成・専制帝国・文化（150用語）,WHS-000048,20,大学受験・基礎,制度・政策・法律,スルタン,するたん,,中世,西アジア,バグダード・イラン／イラクなど,1055年以降の君主称号,1055,WHS-000048-B01,beginner,用語の特定,identify,トゥグリル＝ベクがアッバース朝カリフから受けた、「支配者」を意味する称号は？,スルタン,スルタン,,,,01_islamic_world_formation.md p.325・328,
イスラーム世界：形成・専制帝国・文化（150用語）,WHS-000048,20,大学受験・基礎,制度・政策・法律,スルタン,するたん,,中世,西アジア,バグダード・イラン／イラクなど,1055年以降の君主称号,1055,WHS-000048-B02,beginner,中心人物,person,スルタンの称号をバグダード入城後にカリフから受けたセルジューク朝の建国者は？,トゥグリル＝ベク,トゥグリル＝ベク,,,,01_islamic_world_formation.md p.325・328,
イスラーム世界：形成・専制帝国・文化（150用語）,WHS-000048,20,大学受験・基礎,制度・政策・法律,スルタン,するたん,,中世,西アジア,バグダード・イラン／イラクなど,1055年以降の君主称号,1055,WHS-000048-B03,beginner,時期,time,スルタンの称号をトゥグリル＝ベクが授かったバグダード入城の年は？,1055年,1055年,,,1055：「入れGOGO　バグダード」セルジューク朝、バグダード入城,01_islamic_world_formation.md p.325・328,
イスラーム世界：形成・専制帝国・文化（150用語）,WHS-000048,20,大学受験・基礎,制度・政策・法律,スルタン,するたん,,中世,西アジア,バグダード・イラン／イラクなど,1055年以降の君主称号,1055,WHS-000048-B04,beginner,内容,content,スルタンの称号はどのような意味？,支配者,支配者,,,,01_islamic_world_formation.md p.325・328,
イスラーム世界：形成・専制帝国・文化（150用語）,WHS-000048,20,大学受験・基礎,制度・政策・法律,スルタン,するたん,,中世,西アジア,バグダード・イラン／イラクなど,1055年以降の君主称号,1055,WHS-000048-R01,reverse,核心内容,reverse,どのような称号で、どんな関係を示した？,**1055年**、セルジューク朝の**トゥグリル＝ベク**がバグダード入城後にアッバース朝カリフから受けた、支配者の称号。カリフの権威を背景に、セルジューク朝がイラン・イラクなどで**政治的支配権**を持つ関係を示した。,1055年|トゥグリル＝ベク|政治的支配権,,,1055：「入れGOGO　バグダード」セルジューク朝、バグダード入城,01_islamic_world_formation.md p.325・328,
イスラーム世界：形成・専制帝国・文化（150用語）,WHS-000048,20,大学受験・基礎,制度・政策・法律,スルタン,するたん,,中世,西アジア,バグダード・イラン／イラクなど,1055年以降の君主称号,1055,WHS-000048-I01,integrated,統合説明,integrated,「スルタン」について説明せよ。,**1055年**、セルジューク朝の**トゥグリル＝ベク**がバグダード入城後にアッバース朝カリフから受けた、支配者の称号。カリフの権威を背景に、セルジューク朝がイラン・イラクなどの**政治的支配権**を持つ関係を示した。,1055年|トゥグリル＝ベク|政治的支配権,,,1055：「入れGOGO　バグダード」セルジューク朝、バグダード入城,01_islamic_world_formation.md p.325・328,
イスラーム世界：形成・専制帝国・文化（150用語）,WHS-000055,73,大学受験・標準,国家・王朝,ムラービト朝,むらーびとちょう,,中世,アフリカ・ヨーロッパ,モロッコ・マラケシュ／イベリア半島,1056〜1147年,1056,WHS-000055-B01,beginner,用語の特定,identify,スンナ派復興の運動を背景にベルベル人がモロッコに建て、イベリア半島やサハラ交易路へ進出した王朝は？,ムラービト朝,ムラービト朝,,,,01_islamic_world_formation.md p.329・331,
イスラーム世界：形成・専制帝国・文化（150用語）,WHS-000055,73,大学受験・標準,国家・王朝,ムラービト朝,むらーびとちょう,,中世,アフリカ・ヨーロッパ,モロッコ・マラケシュ／イベリア半島,1056〜1147年,1056,WHS-000055-B02,beginner,国家・勢力,actor,ムラービト朝を建てた北アフリカの人々は？,ベルベル人,ベルベル人,,,,01_islamic_world_formation.md p.329・331,
イスラーム世界：形成・専制帝国・文化（150用語）,WHS-000055,73,大学受験・標準,国家・王朝,ムラービト朝,むらーびとちょう,,中世,アフリカ・ヨーロッパ,モロッコ・マラケシュ／イベリア半島,1056〜1147年,1056,WHS-000055-B03,beginner,地域,place,ムラービト朝の都は？,マラケシュ,マラケシュ,,,,01_islamic_world_formation.md p.329・331,
イスラーム世界：形成・専制帝国・文化（150用語）,WHS-000055,73,大学受験・標準,国家・王朝,ムラービト朝,むらーびとちょう,,中世,アフリカ・ヨーロッパ,モロッコ・マラケシュ／イベリア半島,1056〜1147年,1056,WHS-000055-B04,beginner,国家・勢力,actor,ムラービト朝がサハラ砂漠を越えて征服した王国は？,ガーナ王国,ガーナ王国,,,,01_islamic_world_formation.md p.329・331,
イスラーム世界：形成・専制帝国・文化（150用語）,WHS-000055,73,大学受験・標準,国家・王朝,ムラービト朝,むらーびとちょう,,中世,アフリカ・ヨーロッパ,モロッコ・マラケシュ／イベリア半島,1056〜1147年,1056,WHS-000055-B05,beginner,関連,relation,ムラービト朝がイベリア半島で対抗したキリスト教徒の国土回復運動は？,レコンキスタ,レコンキスタ,,,,01_islamic_world_formation.md p.329・331,
イスラーム世界：形成・専制帝国・文化（150用語）,WHS-000055,73,大学受験・標準,国家・王朝,ムラービト朝,むらーびとちょう,,中世,アフリカ・ヨーロッパ,モロッコ・マラケシュ／イベリア半島,1056〜1147年,1056,WHS-000055-R01,reverse,時期,time,存在したのはいつ？,**1056〜1147年**,1056〜1147年,,,,01_islamic_world_formation.md p.329・331,
イスラーム世界：形成・専制帝国・文化（150用語）,WHS-000055,73,大学受験・標準,国家・王朝,ムラービト朝,むらーびとちょう,,中世,アフリカ・ヨーロッパ,モロッコ・マラケシュ／イベリア半島,1056〜1147年,1056,WHS-000055-R02,reverse,核心内容,reverse,何をした？,**ベルベル人**がモロッコに建て、**マラケシュ**を都とした王朝。イベリア半島で**レコンキスタ**に対抗し、サハラを越えてガーナ王国を征服して**金と岩塩の交易**をおさえた。,ベルベル人|マラケシュ|レコンキスタ|金と岩塩の交易,,,,01_islamic_world_formation.md p.329・331,
イスラーム世界：形成・専制帝国・文化（150用語）,WHS-000055,73,大学受験・標準,国家・王朝,ムラービト朝,むらーびとちょう,,中世,アフリカ・ヨーロッパ,モロッコ・マラケシュ／イベリア半島,1056〜1147年,1056,WHS-000055-I01,integrated,統合説明,integrated,「ムラービト朝」について説明せよ。,**1056〜1147年**、ベルベル人がモロッコに建て、**マラケシュ**を都とした王朝。イベリア半島で**レコンキスタ**に対抗するとともに、サハラを越えてガーナ王国を征服し、**金と岩塩の交易**をおさえて繁栄した。,1056〜1147年|マラケシュ|レコンキスタ|金と岩塩の交易,,,,01_islamic_world_formation.md p.329・331,
イスラーム世界：形成・専制帝国・文化（150用語）,WHS-000049,68,大学受験・標準,戦争,マラーズギルドの戦い,まらーずぎるどのたたかい,,中世,西アジア,アナトリアへの進出,1071年,1071,WHS-000049-B01,beginner,用語の特定,identify,アルプ＝アルスラーンのセルジューク朝軍がビザンツ帝国を破り、アナトリアへの進出につながった戦いは？,マラーズギルドの戦い,マラーズギルドの戦い,,,,01_islamic_world_formation.md p.325・328,
イスラーム世界：形成・専制帝国・文化（150用語）,WHS-000049,68,大学受験・標準,戦争,マラーズギルドの戦い,まらーずぎるどのたたかい,,中世,西アジア,アナトリアへの進出,1071年,1071,WHS-000049-B02,beginner,時期,time,マラーズギルドの戦いが戦われたのは何年？,1071年,1071年,,,,01_islamic_world_formation.md p.325・328,
イスラーム世界：形成・専制帝国・文化（150用語）,WHS-000049,68,大学受験・標準,戦争,マラーズギルドの戦い,まらーずぎるどのたたかい,,中世,西アジア,アナトリアへの進出,1071年,1071,WHS-000049-B03,beginner,国家・勢力,actor,マラーズギルドの戦いでセルジューク朝に敗れた帝国は？,ビザンツ帝国,ビザンツ帝国,東ローマ帝国,,,01_islamic_world_formation.md p.325・328,
イスラーム世界：形成・専制帝国・文化（150用語）,WHS-000049,68,大学受験・標準,戦争,マラーズギルドの戦い,まらーずぎるどのたたかい,,中世,西アジア,アナトリアへの進出,1071年,1071,WHS-000049-B04,beginner,中心人物,person,マラーズギルドの戦いのときのセルジューク朝の君主は？,アルプ＝アルスラーン,アルプ＝アルスラーン,,,,01_islamic_world_formation.md p.325・328,
イスラーム世界：形成・専制帝国・文化（150用語）,WHS-000049,68,大学受験・標準,戦争,マラーズギルドの戦い,まらーずぎるどのたたかい,,中世,西アジア,アナトリアへの進出,1071年,1071,WHS-000049-B05,beginner,結果,result,マラーズギルドの戦いの後、ビザンツ帝国の西欧への援軍要請が背景となった遠征は？,十字軍遠征,十字軍遠征,,,,01_islamic_world_formation.md p.325・328,
イスラーム世界：形成・専制帝国・文化（150用語）,WHS-000049,68,大学受験・標準,戦争,マラーズギルドの戦い,まらーずぎるどのたたかい,,中世,西アジア,アナトリアへの進出,1071年,1071,WHS-000049-R01,reverse,時期,time,戦われたのはいつ？,**1071年**,1071年,,,,01_islamic_world_formation.md p.325・328,
イスラーム世界：形成・専制帝国・文化（150用語）,WHS-000049,68,大学受験・標準,戦争,マラーズギルドの戦い,まらーずぎるどのたたかい,,中世,西アジア,アナトリアへの進出,1071年,1071,WHS-000049-R02,reverse,核心内容,reverse,何が起き、何につながった？,**アルプ＝アルスラーン**のセルジューク朝軍が**ビザンツ帝国**を破り、アナトリアに進出して**トルコ化・イスラーム化**を進めた。危機感を抱いたビザンツ帝国が西欧に援軍を求め、**十字軍遠征**の背景となった。,アルプ＝アルスラーン|ビザンツ帝国|トルコ化・イスラーム化|十字軍遠征,,,,01_islamic_world_formation.md p.325・328,
イスラーム世界：形成・専制帝国・文化（150用語）,WHS-000049,68,大学受験・標準,戦争,マラーズギルドの戦い,まらーずぎるどのたたかい,,中世,西アジア,アナトリアへの進出,1071年,1071,WHS-000049-I01,integrated,統合説明,integrated,「マラーズギルドの戦い」について説明せよ。,**1071年**、アルプ＝アルスラーンの**セルジューク朝**軍がビザンツ帝国を破った戦い。セルジューク朝はアナトリアへ進出して**トルコ化・イスラーム化**を進め、ビザンツ帝国の西欧への援軍要請は**十字軍遠征**の背景となった。,1071年|セルジューク朝|トルコ化・イスラーム化|十字軍遠征,,,,01_islamic_world_formation.md p.325・328,
イスラーム世界：形成・専制帝国・文化（150用語）,WHS-000050,69,大学受験・標準,人物,ニザーム＝アルムルク,にざーむあるむるく,,中世,西アジア,セルジューク朝の主要都市・イラン／イラク,11世紀後半,1072,WHS-000050-B01,beginner,用語の特定,identify,セルジューク朝のイラン人宰相として、イクター制とニザーミーヤ学院を整備した人物は？,ニザーム＝アルムルク,ニザーム＝アルムルク,,,,01_islamic_world_formation.md p.325・328,
イスラーム世界：形成・専制帝国・文化（150用語）,WHS-000050,69,大学受験・標準,人物,ニザーム＝アルムルク,にざーむあるむるく,,中世,西アジア,セルジューク朝の主要都市・イラン／イラク,11世紀後半,1072,WHS-000050-B02,beginner,中心人物,person,ニザーム＝アルムルクが仕えた、セルジューク朝全盛期の君主は？,マリク＝シャー,マリク＝シャー,,,,01_islamic_world_formation.md p.325・328,
イスラーム世界：形成・専制帝国・文化（150用語）,WHS-000050,69,大学受験・標準,人物,ニザーム＝アルムルク,にざーむあるむるく,,中世,西アジア,セルジューク朝の主要都市・イラン／イラク,11世紀後半,1072,WHS-000050-B03,beginner,内容,content,ニザーム＝アルムルクが整備した、土地の管理権と徴税権を与える制度は？,イクター制,イクター制,,,,01_islamic_world_formation.md p.325・328,
イスラーム世界：形成・専制帝国・文化（150用語）,WHS-000050,69,大学受験・標準,人物,ニザーム＝アルムルク,にざーむあるむるく,,中世,西アジア,セルジューク朝の主要都市・イラン／イラク,11世紀後半,1072,WHS-000050-B04,beginner,関連,relation,ニザーム＝アルムルクが主要都市に設けたマドラサの名は？,ニザーミーヤ学院,ニザーミーヤ学院,,,,01_islamic_world_formation.md p.325・328,
イスラーム世界：形成・専制帝国・文化（150用語）,WHS-000050,69,大学受験・標準,人物,ニザーム＝アルムルク,にざーむあるむるく,,中世,西アジア,セルジューク朝の主要都市・イラン／イラク,11世紀後半,1072,WHS-000050-B05,beginner,関連,relation,ニザーム＝アルムルクが正しい君主のあり方を記した著作は？,統治の書,統治の書,,,,01_islamic_world_formation.md p.325・328,
イスラーム世界：形成・専制帝国・文化（150用語）,WHS-000050,69,大学受験・標準,人物,ニザーム＝アルムルク,にざーむあるむるく,,中世,西アジア,セルジューク朝の主要都市・イラン／イラク,11世紀後半,1072,WHS-000050-R01,reverse,時期,time,主に活動したのはいつ？,**11世紀後半のマリク＝シャーの時代**,11世紀後半のマリク＝シャーの時代,,,,01_islamic_world_formation.md p.325・328,
イスラーム世界：形成・専制帝国・文化（150用語）,WHS-000050,69,大学受験・標準,人物,ニザーム＝アルムルク,にざーむあるむるく,,中世,西アジア,セルジューク朝の主要都市・イラン／イラク,11世紀後半,1072,WHS-000050-R02,reverse,核心内容,reverse,何をした？,イラン・イラクなどを支配するセルジューク朝のイラン人宰相として、**イクター制**を整備・発展させ、主要都市に**ニザーミーヤ学院**を設けて神学・法学を育成した。君主のあり方を**『統治の書』**に著した。,イクター制|ニザーミーヤ学院|統治の書,,,,01_islamic_world_formation.md p.325・328,
イスラーム世界：形成・専制帝国・文化（150用語）,WHS-000050,69,大学受験・標準,人物,ニザーム＝アルムルク,にざーむあるむるく,,中世,西アジア,セルジューク朝の主要都市・イラン／イラク,11世紀後半,1072,WHS-000050-I01,integrated,統合説明,integrated,「ニザーム＝アルムルク」について説明せよ。,**11世紀後半**、イラン・イラクなどを支配するセルジューク朝で、マリク＝シャーに仕えたイラン人宰相。**イクター制**を整備・発展させ、主要都市に**ニザーミーヤ学院**を設けて神学・法学を育成し、君主のあり方を**『統治の書』**に著した。,11世紀後半|イクター制|ニザーミーヤ学院|統治の書,,,,01_islamic_world_formation.md p.325・328,
イスラーム世界：形成・専制帝国・文化（150用語）,WHS-000051,70,大学受験・標準,組織・政党,ニザーミーヤ学院,にざーみーやがくいん,,中世,西アジア,セルジューク朝の主要都市・イラン／イラク,11世紀後半,1072,WHS-000051-B01,beginner,用語の特定,identify,ニザーム＝アルムルクがセルジューク朝の主要都市に設け、神学・法学の育成を図った学院は？,ニザーミーヤ学院,ニザーミーヤ学院,,,,01_islamic_world_formation.md p.325・328,
イスラーム世界：形成・専制帝国・文化（150用語）,WHS-000051,70,大学受験・標準,組織・政党,ニザーミーヤ学院,にざーみーやがくいん,,中世,西アジア,セルジューク朝の主要都市・イラン／イラク,11世紀後半,1072,WHS-000051-B02,beginner,中心人物,person,ニザーミーヤ学院を主要都市に設けた宰相は？,ニザーム＝アルムルク,ニザーム＝アルムルク,,,,01_islamic_world_formation.md p.325・328,
イスラーム世界：形成・専制帝国・文化（150用語）,WHS-000051,70,大学受験・標準,組織・政党,ニザーミーヤ学院,にざーみーやがくいん,,中世,西アジア,セルジューク朝の主要都市・イラン／イラク,11世紀後半,1072,WHS-000051-B03,beginner,国家・勢力,actor,ニザーミーヤ学院が設けられた王朝は？,セルジューク朝,セルジューク朝,,,,01_islamic_world_formation.md p.325・328,
イスラーム世界：形成・専制帝国・文化（150用語）,WHS-000051,70,大学受験・標準,組織・政党,ニザーミーヤ学院,にざーみーやがくいん,,中世,西アジア,セルジューク朝の主要都市・イラン／イラク,11世紀後半,1072,WHS-000051-B04,beginner,内容,content,ニザーミーヤ学院で育成が図られた中心的な二つの学問は？,神学と法学,神学と法学,法学と神学,,,01_islamic_world_formation.md p.325・328,
イスラーム世界：形成・専制帝国・文化（150用語）,WHS-000051,70,大学受験・標準,組織・政党,ニザーミーヤ学院,にざーみーやがくいん,,中世,西アジア,セルジューク朝の主要都市・イラン／イラク,11世紀後半,1072,WHS-000051-R01,reverse,時期・地域,reverse,いつ、どこに設けられた？,11世紀後半、イラン・イラクなどを支配する**セルジューク朝**の主要都市に設けられた。,セルジューク朝,,,,01_islamic_world_formation.md p.325・328,
イスラーム世界：形成・専制帝国・文化（150用語）,WHS-000051,70,大学受験・標準,組織・政党,ニザーミーヤ学院,にざーみーやがくいん,,中世,西アジア,セルジューク朝の主要都市・イラン／イラク,11世紀後半,1072,WHS-000051-R02,reverse,核心内容,reverse,どんな役割を果たした？,宰相**ニザーム＝アルムルク**が設けたマドラサで、**神学・法学**の育成に努めた。**ガザーリー**も教授となり、スンナ派神学の体系化を進めた。,ニザーム＝アルムルク|神学・法学|ガザーリー,,,,01_islamic_world_formation.md p.325・328,
イスラーム世界：形成・専制帝国・文化（150用語）,WHS-000051,70,大学受験・標準,組織・政党,ニザーミーヤ学院,にざーみーやがくいん,,中世,西アジア,セルジューク朝の主要都市・イラン／イラク,11世紀後半,1072,WHS-000051-I01,integrated,統合説明,integrated,「ニザーミーヤ学院」について説明せよ。,**11世紀後半**、イラン・イラクなどを支配するセルジューク朝の主要都市に、**ニザーム＝アルムルク**が設けたマドラサ。**神学・法学**の育成を図り、教授となった**ガザーリー**はスンナ派神学を体系化した。,11世紀後半|ニザーム＝アルムルク|神学・法学|ガザーリー,,,,01_islamic_world_formation.md p.325・328,
イスラーム世界：形成・専制帝国・文化（150用語）,WHS-000052,137,大学受験・標準,国家・王朝,ホラズム＝シャー朝,ほらずむしゃーちょう,ホラズム朝,中世,西アジア・中央アジア,イラン・アフガニスタン,1077〜1231年,1077,WHS-000052-B01,beginner,用語の特定,identify,セルジューク朝のトルコ人奴隷により成立し、イラン・アフガニスタンを支配して、のちにセルジューク朝を滅ぼした王朝は？,ホラズム＝シャー朝,ホラズム＝シャー朝,ホラズム朝,,,01_islamic_world_formation.md p.325・328,
イスラーム世界：形成・専制帝国・文化（150用語）,WHS-000052,137,大学受験・標準,国家・王朝,ホラズム＝シャー朝,ほらずむしゃーちょう,ホラズム朝,中世,西アジア・中央アジア,イラン・アフガニスタン,1077〜1231年,1077,WHS-000052-B02,beginner,時期,time,ホラズム＝シャー朝がセルジューク朝を滅ぼしたのは何年？,1194年,1194年,,,,01_islamic_world_formation.md p.325・328,
イスラーム世界：形成・専制帝国・文化（150用語）,WHS-000052,137,大学受験・標準,国家・王朝,ホラズム＝シャー朝,ほらずむしゃーちょう,ホラズム朝,中世,西アジア・中央アジア,イラン・アフガニスタン,1077〜1231年,1077,WHS-000052-B03,beginner,国家・勢力,actor,ホラズム＝シャー朝の成立に関わったトルコ人奴隷が属していた王朝は？,セルジューク朝,セルジューク朝,,,,01_islamic_world_formation.md p.325・328,
イスラーム世界：形成・専制帝国・文化（150用語）,WHS-000052,137,大学受験・標準,国家・王朝,ホラズム＝シャー朝,ほらずむしゃーちょう,ホラズム朝,中世,西アジア・中央アジア,イラン・アフガニスタン,1077〜1231年,1077,WHS-000052-B04,beginner,地域,place,ホラズム＝シャー朝が支配した、イランと隣接する東方の地域は？,アフガニスタン,アフガニスタン,,,,01_islamic_world_formation.md p.325・328,
イスラーム世界：形成・専制帝国・文化（150用語）,WHS-000052,137,大学受験・標準,国家・王朝,ホラズム＝シャー朝,ほらずむしゃーちょう,ホラズム朝,中世,西アジア・中央アジア,イラン・アフガニスタン,1077〜1231年,1077,WHS-000052-R01,reverse,時期,time,存在したのはいつ？,**1077〜1231年**,1077〜1231年,,,,01_islamic_world_formation.md p.325・328,
イスラーム世界：形成・専制帝国・文化（150用語）,WHS-000052,137,大学受験・標準,国家・王朝,ホラズム＝シャー朝,ほらずむしゃーちょう,ホラズム朝,中世,西アジア・中央アジア,イラン・アフガニスタン,1077〜1231年,1077,WHS-000052-R02,reverse,核心内容,reverse,何をした？,セルジューク朝の**トルコ人奴隷**により成立し、**イラン・アフガニスタン**を支配した。**1194年**にイラク支配を続けていた**セルジューク朝**を滅ぼした。,トルコ人奴隷|イラン・アフガニスタン|1194年|セルジューク朝,,,,01_islamic_world_formation.md p.325・328,
イスラーム世界：形成・専制帝国・文化（150用語）,WHS-000052,137,大学受験・標準,国家・王朝,ホラズム＝シャー朝,ほらずむしゃーちょう,ホラズム朝,中世,西アジア・中央アジア,イラン・アフガニスタン,1077〜1231年,1077,WHS-000052-I01,integrated,統合説明,integrated,「ホラズム＝シャー朝」について説明せよ。,**1077〜1231年**、セルジューク朝の**トルコ人奴隷**により成立し、**イラン・アフガニスタン**を支配した王朝。**1194年**にイラク支配を続けていたセルジューク朝を滅ぼした。,1077〜1231年|トルコ人奴隷|イラン・アフガニスタン|1194年,,,,01_islamic_world_formation.md p.325・328,
イスラーム世界：形成・専制帝国・文化（150用語）,WHS-000135,119,大学受験・標準,人物,ガザーリー,がざーりー,,中世,西アジア,イラン・イラクを中心とするセルジューク朝,セルジューク朝期（1038〜1194年）,1090,WHS-000135-B01,beginner,用語の特定,identify,セルジューク朝でニザーミーヤ学院の教授となり、スンナ派神学を体系化して神秘主義とも融合した学者は？,ガザーリー,ガザーリー,,,,05_islamic_culture.md p.347,
イスラーム世界：形成・専制帝国・文化（150用語）,WHS-000135,119,大学受験・標準,人物,ガザーリー,がざーりー,,中世,西アジア,イラン・イラクを中心とするセルジューク朝,セルジューク朝期（1038〜1194年）,1090,WHS-000135-B02,beginner,関連,relation,ガザーリーが教授となった学院は？,ニザーミーヤ学院,ニザーミーヤ学院,,,,05_islamic_culture.md p.347,
イスラーム世界：形成・専制帝国・文化（150用語）,WHS-000135,119,大学受験・標準,人物,ガザーリー,がざーりー,,中世,西アジア,イラン・イラクを中心とするセルジューク朝,セルジューク朝期（1038〜1194年）,1090,WHS-000135-B03,beginner,内容,content,ガザーリーが体系化したのは、イスラーム教のどの宗派の神学？,スンナ派,スンナ派,,,,05_islamic_culture.md p.347,
イスラーム世界：形成・専制帝国・文化（150用語）,WHS-000135,119,大学受験・標準,人物,ガザーリー,がざーりー,,中世,西アジア,イラン・イラクを中心とするセルジューク朝,セルジューク朝期（1038〜1194年）,1090,WHS-000135-B04,beginner,関連,relation,ガザーリーが神学と融合した、イスラームの神秘主義は？,スーフィズム,スーフィズム,神秘主義,,,05_islamic_culture.md p.347,
イスラーム世界：形成・専制帝国・文化（150用語）,WHS-000135,119,大学受験・標準,人物,ガザーリー,がざーりー,,中世,西アジア,イラン・イラクを中心とするセルジューク朝,セルジューク朝期（1038〜1194年）,1090,WHS-000135-R01,reverse,核心内容,reverse,何をした？,イラン・イラクを中心とする**セルジューク朝**期（1038〜1194年）に、**ニザーミーヤ学院**の教授となった。**スンナ派神学**を体系化し、のちに**スーフィズム**とも融合したことで、神秘主義も学問として研究されるようになった。,セルジューク朝|ニザーミーヤ学院|スンナ派神学|スーフィズム,,,,05_islamic_culture.md p.347,
イスラーム世界：形成・専制帝国・文化（150用語）,WHS-000135,119,大学受験・標準,人物,ガザーリー,がざーりー,,中世,西アジア,イラン・イラクを中心とするセルジューク朝,セルジューク朝期（1038〜1194年）,1090,WHS-000135-I01,integrated,統合説明,integrated,「ガザーリー」について説明せよ。,イラン・イラクを中心とする**セルジューク朝**期（1038〜1194年）に、**ニザーミーヤ学院**の教授となった学者。**スンナ派神学**を体系化し、のちに**スーフィズム**とも融合して、神秘主義の学問的研究につながった。,セルジューク朝|ニザーミーヤ学院|スンナ派神学|スーフィズム,,年代は資料に示された所属王朝の存続期間であり、本人の生没年や作品の成立年ではない。,,05_islamic_culture.md p.347,
イスラーム世界：形成・専制帝国・文化（150用語）,WHS-000143,127,大学受験・標準,人物,ウマル＝ハイヤーム,うまるはいやーむ,,中世,西アジア,イラン,セルジューク朝期（1038〜1194年）,1100,WHS-000143-B01,beginner,用語の特定,identify,セルジューク朝のイラン人で、刹那主義(せつなしゅぎ)を表現する『ルバイヤート』を残した詩人は？,ウマル＝ハイヤーム,ウマル＝ハイヤーム,,,,05_islamic_culture.md p.347,
イスラーム世界：形成・専制帝国・文化（150用語）,WHS-000143,127,大学受験・標準,人物,ウマル＝ハイヤーム,うまるはいやーむ,,中世,西アジア,イラン,セルジューク朝期（1038〜1194年）,1100,WHS-000143-B02,beginner,関連,relation,ウマル＝ハイヤームが残した四行詩集は？,ルバイヤート,ルバイヤート,,,,05_islamic_culture.md p.347,
イスラーム世界：形成・専制帝国・文化（150用語）,WHS-000143,127,大学受験・標準,人物,ウマル＝ハイヤーム,うまるはいやーむ,,中世,西アジア,イラン,セルジューク朝期（1038〜1194年）,1100,WHS-000143-B03,beginner,内容,content,ウマル＝ハイヤームの詩集に表現された考え方は？,刹那主義(せつなしゅぎ),刹那主義,,,,05_islamic_culture.md p.347,
イスラーム世界：形成・専制帝国・文化（150用語）,WHS-000143,127,大学受験・標準,人物,ウマル＝ハイヤーム,うまるはいやーむ,,中世,西アジア,イラン,セルジューク朝期（1038〜1194年）,1100,WHS-000143-B04,beginner,国家・勢力,actor,ウマル＝ハイヤームが属した王朝として資料に示されるのは？,セルジューク朝,セルジューク朝,,,,05_islamic_culture.md p.347,
イスラーム世界：形成・専制帝国・文化（150用語）,WHS-000143,127,大学受験・標準,人物,ウマル＝ハイヤーム,うまるはいやーむ,,中世,西アジア,イラン,セルジューク朝期（1038〜1194年）,1100,WHS-000143-R01,reverse,核心内容,reverse,何をした？,**セルジューク朝**期（1038〜1194年）のイラン人詩人。四行詩集**『ルバイヤート』**に、**刹那主義(せつなしゅぎ)**を表現した詩を残した。,セルジューク朝|ルバイヤート|刹那主義,,,,05_islamic_culture.md p.347,
イスラーム世界：形成・専制帝国・文化（150用語）,WHS-000143,127,大学受験・標準,人物,ウマル＝ハイヤーム,うまるはいやーむ,,中世,西アジア,イラン,セルジューク朝期（1038〜1194年）,1100,WHS-000143-I01,integrated,統合説明,integrated,「ウマル＝ハイヤーム」について説明せよ。,**セルジューク朝**期（1038〜1194年）のイラン人詩人。四行詩集**『ルバイヤート』**に、**刹那主義(せつなしゅぎ)**を表現した詩を残した。,セルジューク朝|ルバイヤート|刹那主義,,年代は資料に示された所属王朝の存続期間であり、本人の生没年や作品の成立年ではない。,,05_islamic_culture.md p.347,
イスラーム世界：形成・専制帝国・文化（150用語）,WHS-000144,128,大学受験・標準,文書・作品,ルバイヤート,るばいやーと,,中世,西アジア,イラン,セルジューク朝期（1038〜1194年）の詩,1100,WHS-000144-B01,beginner,用語の特定,identify,ウマル＝ハイヤームが刹那主義(せつなしゅぎ)を表現した、四行詩集の題名は？,ルバイヤート,ルバイヤート,,,,05_islamic_culture.md p.347,
イスラーム世界：形成・専制帝国・文化（150用語）,WHS-000144,128,大学受験・標準,文書・作品,ルバイヤート,るばいやーと,,中世,西アジア,イラン,セルジューク朝期（1038〜1194年）の詩,1100,WHS-000144-B02,beginner,中心人物,person,ルバイヤートの作者は？,ウマル＝ハイヤーム,ウマル＝ハイヤーム,,,,05_islamic_culture.md p.347,
イスラーム世界：形成・専制帝国・文化（150用語）,WHS-000144,128,大学受験・標準,文書・作品,ルバイヤート,るばいやーと,,中世,西アジア,イラン,セルジューク朝期（1038〜1194年）の詩,1100,WHS-000144-B03,beginner,内容,content,ルバイヤートに表現された考え方は？,刹那主義(せつなしゅぎ),刹那主義,,,,05_islamic_culture.md p.347,
イスラーム世界：形成・専制帝国・文化（150用語）,WHS-000144,128,大学受験・標準,文書・作品,ルバイヤート,るばいやーと,,中世,西アジア,イラン,セルジューク朝期（1038〜1194年）の詩,1100,WHS-000144-B04,beginner,内容,content,ルバイヤートはどの形式の詩を集めた作品？,四行詩,四行詩,,,,05_islamic_culture.md p.347,
イスラーム世界：形成・専制帝国・文化（150用語）,WHS-000144,128,大学受験・標準,文書・作品,ルバイヤート,るばいやーと,,中世,西アジア,イラン,セルジューク朝期（1038〜1194年）の詩,1100,WHS-000144-R01,reverse,核心内容,reverse,どんな作品？,**セルジューク朝**期（1038〜1194年）のイラン人**ウマル＝ハイヤーム**による四行詩集。**刹那主義(せつなしゅぎ)**を表現した詩が収められている。,セルジューク朝|ウマル＝ハイヤーム|刹那主義,,,,05_islamic_culture.md p.347,
イスラーム世界：形成・専制帝国・文化（150用語）,WHS-000144,128,大学受験・標準,文書・作品,ルバイヤート,るばいやーと,,中世,西アジア,イラン,セルジューク朝期（1038〜1194年）の詩,1100,WHS-000144-I01,integrated,統合説明,integrated,「ルバイヤート」について説明せよ。,**セルジューク朝**期（1038〜1194年）のイラン人**ウマル＝ハイヤーム**による四行詩集。**刹那主義(せつなしゅぎ)**を表現した詩が収められている。,セルジューク朝|ウマル＝ハイヤーム|刹那主義,,年代は資料に示された所属王朝の存続期間であり、本人の生没年や作品の成立年ではない。,,05_islamic_culture.md p.347,
イスラーム世界：形成・専制帝国・文化（150用語）,WHS-000056,74,大学受験・標準,国家・王朝,ムワッヒド朝,むわっひどちょう,,中世,アフリカ・ヨーロッパ,北アフリカ・マラケシュ／イベリア半島,1130〜1269年,1130,WHS-000056-B01,beginner,用語の特定,identify,ベルベル人の新たなイスラーム改革運動から生まれ、マラケシュを都としてイベリア半島にも進出した王朝は？,ムワッヒド朝,ムワッヒド朝,,,,01_islamic_world_formation.md p.329,
イスラーム世界：形成・専制帝国・文化（150用語）,WHS-000056,74,大学受験・標準,国家・王朝,ムワッヒド朝,むわっひどちょう,,中世,アフリカ・ヨーロッパ,北アフリカ・マラケシュ／イベリア半島,1130〜1269年,1130,WHS-000056-B02,beginner,時期,time,ムワッヒド朝の存続期間は？,1130〜1269年,1130〜1269年,,,,01_islamic_world_formation.md p.329,
イスラーム世界：形成・専制帝国・文化（150用語）,WHS-000056,74,大学受験・標準,国家・王朝,ムワッヒド朝,むわっひどちょう,,中世,アフリカ・ヨーロッパ,北アフリカ・マラケシュ／イベリア半島,1130〜1269年,1130,WHS-000056-B03,beginner,国家・勢力,actor,ムワッヒド朝を建てた北アフリカの人々は？,ベルベル人,ベルベル人,,,,01_islamic_world_formation.md p.329,
イスラーム世界：形成・専制帝国・文化（150用語）,WHS-000056,74,大学受験・標準,国家・王朝,ムワッヒド朝,むわっひどちょう,,中世,アフリカ・ヨーロッパ,北アフリカ・マラケシュ／イベリア半島,1130〜1269年,1130,WHS-000056-B04,beginner,地域,place,ムワッヒド朝の都は？,マラケシュ,マラケシュ,,,,01_islamic_world_formation.md p.329,
イスラーム世界：形成・専制帝国・文化（150用語）,WHS-000056,74,大学受験・標準,国家・王朝,ムワッヒド朝,むわっひどちょう,,中世,アフリカ・ヨーロッパ,北アフリカ・マラケシュ／イベリア半島,1130〜1269年,1130,WHS-000056-B05,beginner,時期,time,ムワッヒド朝がキリスト教徒に押されて衰退したのは何世紀？,13世紀,13世紀,,,,01_islamic_world_formation.md p.329,
イスラーム世界：形成・専制帝国・文化（150用語）,WHS-000056,74,大学受験・標準,国家・王朝,ムワッヒド朝,むわっひどちょう,,中世,アフリカ・ヨーロッパ,北アフリカ・マラケシュ／イベリア半島,1130〜1269年,1130,WHS-000056-R01,reverse,時期,time,存在したのはいつ？,**1130〜1269年**,1130〜1269年,,,,01_islamic_world_formation.md p.329,
イスラーム世界：形成・専制帝国・文化（150用語）,WHS-000056,74,大学受験・標準,国家・王朝,ムワッヒド朝,むわっひどちょう,,中世,アフリカ・ヨーロッパ,北アフリカ・マラケシュ／イベリア半島,1130〜1269年,1130,WHS-000056-R02,reverse,核心内容,reverse,何をした？,北アフリカの**ベルベル人**によるイスラーム改革運動から生まれ、**マラケシュ**を都とし、**イベリア半島**にも進出した。13世紀にはキリスト教徒に押されて衰退した。,ベルベル人|マラケシュ|イベリア半島,,,,01_islamic_world_formation.md p.329,
イスラーム世界：形成・専制帝国・文化（150用語）,WHS-000056,74,大学受験・標準,国家・王朝,ムワッヒド朝,むわっひどちょう,,中世,アフリカ・ヨーロッパ,北アフリカ・マラケシュ／イベリア半島,1130〜1269年,1130,WHS-000056-I01,integrated,統合説明,integrated,「ムワッヒド朝」について説明せよ。,**1130〜1269年**、北アフリカの**ベルベル人**によるイスラーム改革運動から生まれた王朝で、都は**マラケシュ**。イベリア半島にも進出したが、13世紀にはキリスト教徒に押されて衰退した。,1130〜1269年|ベルベル人|マラケシュ,,,,01_islamic_world_formation.md p.329,
イスラーム世界：形成・専制帝国・文化（150用語）,WHS-000062,79,大学受験・標準,国家・王朝,ゴール朝,ごーるちょう,,中世,中央アジア・南アジア,アフガニスタン・北インド,1148年ごろ〜1215年,1148,WHS-000062-B01,beginner,用語の特定,identify,ガズナ朝から自立してこれを滅ぼし、北インドの大半を支配した、アイバクが仕えていた王朝は？,ゴール朝,ゴール朝,,,,01_islamic_world_formation.md p.330〜331,
イスラーム世界：形成・専制帝国・文化（150用語）,WHS-000062,79,大学受験・標準,国家・王朝,ゴール朝,ごーるちょう,,中世,中央アジア・南アジア,アフガニスタン・北インド,1148年ごろ〜1215年,1148,WHS-000062-B02,beginner,国家・勢力,actor,ゴール朝が滅ぼした、先行するアフガニスタンの王朝は？,ガズナ朝,ガズナ朝,,,,01_islamic_world_formation.md p.330〜331,
イスラーム世界：形成・専制帝国・文化（150用語）,WHS-000062,79,大学受験・標準,国家・王朝,ゴール朝,ごーるちょう,,中世,中央アジア・南アジア,アフガニスタン・北インド,1148年ごろ〜1215年,1148,WHS-000062-B03,beginner,中心人物,person,ゴール朝のマムルーク出身で、デリーに奴隷王朝を建てた人物は？,アイバク,アイバク,,,,01_islamic_world_formation.md p.330〜331,
イスラーム世界：形成・専制帝国・文化（150用語）,WHS-000062,79,大学受験・標準,国家・王朝,ゴール朝,ごーるちょう,,中世,中央アジア・南アジア,アフガニスタン・北インド,1148年ごろ〜1215年,1148,WHS-000062-B04,beginner,地域,place,ゴール朝が侵入を繰り返し、その大半を支配した地域は？,北インド,北インド,,,,01_islamic_world_formation.md p.330〜331,
イスラーム世界：形成・専制帝国・文化（150用語）,WHS-000062,79,大学受験・標準,国家・王朝,ゴール朝,ごーるちょう,,中世,中央アジア・南アジア,アフガニスタン・北インド,1148年ごろ〜1215年,1148,WHS-000062-R01,reverse,時期,time,存在したのはいつ？,**1148年ごろ〜1215年**,1148年ごろ〜1215年,,,,01_islamic_world_formation.md p.330〜331,
イスラーム世界：形成・専制帝国・文化（150用語）,WHS-000062,79,大学受験・標準,国家・王朝,ゴール朝,ごーるちょう,,中世,中央アジア・南アジア,アフガニスタン・北インド,1148年ごろ〜1215年,1148,WHS-000062-R02,reverse,核心内容,reverse,何をした？,アフガニスタンで**ガズナ朝**から自立してこれを滅ぼし、インド侵入を繰り返して**北インド**の大半を支配した。配下のマムルーク出身武将**アイバク**は、のちにデリーで自立して奴隷王朝を建てた。,ガズナ朝|北インド|アイバク,,,,01_islamic_world_formation.md p.330〜331,
イスラーム世界：形成・専制帝国・文化（150用語）,WHS-000062,79,大学受験・標準,国家・王朝,ゴール朝,ごーるちょう,,中世,中央アジア・南アジア,アフガニスタン・北インド,1148年ごろ〜1215年,1148,WHS-000062-I01,integrated,統合説明,integrated,「ゴール朝」について説明せよ。,**1148年ごろ〜1215年**、アフガニスタンでガズナ朝から自立し、これを滅ぼして**北インド**の大半を支配した王朝。配下のマムルーク出身武将**アイバク**は、のちにデリーで自立し、奴隷王朝を建てた。,1148年ごろ〜1215年|北インド|アイバク,,,,01_islamic_world_formation.md p.330〜331,
イスラーム世界：形成・専制帝国・文化（150用語）,WHS-000139,123,大学受験・標準,人物,イブン＝ルシュド,いぶんるしゅど,アヴェロエス,中世,ヨーロッパ,イベリア半島・コルドバ,ムワッヒド朝期（1130〜1269年）,1160,WHS-000139-B01,beginner,用語の特定,identify,コルドバに関わるムワッヒド朝の哲学者で、アリストテレス哲学に高度な注釈を施し、アヴェロエスとも呼ばれる人物は？,イブン＝ルシュド,イブン＝ルシュド,アヴェロエス,,,05_islamic_culture.md p.347,
イスラーム世界：形成・専制帝国・文化（150用語）,WHS-000139,123,大学受験・標準,人物,イブン＝ルシュド,いぶんるしゅど,アヴェロエス,中世,ヨーロッパ,イベリア半島・コルドバ,ムワッヒド朝期（1130〜1269年）,1160,WHS-000139-B02,beginner,関連,relation,イブン＝ルシュドが高度な注釈を行った哲学者は？,アリストテレス,アリストテレス,,,,05_islamic_culture.md p.347,
イスラーム世界：形成・専制帝国・文化（150用語）,WHS-000139,123,大学受験・標準,人物,イブン＝ルシュド,いぶんるしゅど,アヴェロエス,中世,ヨーロッパ,イベリア半島・コルドバ,ムワッヒド朝期（1130〜1269年）,1160,WHS-000139-B03,beginner,地域,place,イブン＝ルシュドに関わるイベリア半島の都市として資料に示されるのは？,コルドバ,コルドバ,,,,05_islamic_culture.md p.347,
イスラーム世界：形成・専制帝国・文化（150用語）,WHS-000139,123,大学受験・標準,人物,イブン＝ルシュド,いぶんるしゅど,アヴェロエス,中世,ヨーロッパ,イベリア半島・コルドバ,ムワッヒド朝期（1130〜1269年）,1160,WHS-000139-B04,beginner,結果,result,イブン＝ルシュドらの研究のラテン語訳が大成に影響した西欧の学問は？,スコラ学,スコラ学,,,,05_islamic_culture.md p.347,
イスラーム世界：形成・専制帝国・文化（150用語）,WHS-000139,123,大学受験・標準,人物,イブン＝ルシュド,いぶんるしゅど,アヴェロエス,中世,ヨーロッパ,イベリア半島・コルドバ,ムワッヒド朝期（1130〜1269年）,1160,WHS-000139-R01,reverse,核心内容,reverse,何をした？,**ムワッヒド朝**期（1130〜1269年）のイベリア半島の**コルドバ**に関わる哲学者で、**アリストテレス哲学**に高度な注釈を施した。その成果はラテン語訳され、西欧の**スコラ学**の大成に影響した。,ムワッヒド朝|コルドバ|アリストテレス哲学|スコラ学,,,,05_islamic_culture.md p.347,
イスラーム世界：形成・専制帝国・文化（150用語）,WHS-000139,123,大学受験・標準,人物,イブン＝ルシュド,いぶんるしゅど,アヴェロエス,中世,ヨーロッパ,イベリア半島・コルドバ,ムワッヒド朝期（1130〜1269年）,1160,WHS-000139-I01,integrated,統合説明,integrated,「イブン＝ルシュド」について説明せよ。,**ムワッヒド朝**期（1130〜1269年）のイベリア半島の**コルドバ**に関わる哲学者。**アリストテレス哲学**に高度な注釈を施し、その成果はラテン語訳されて西欧の**スコラ学**の大成に影響した。,ムワッヒド朝|コルドバ|アリストテレス哲学|スコラ学,,年代は資料に示された所属王朝の存続期間であり、本人の生没年や作品の成立年ではない。,,05_islamic_culture.md p.347,
イスラーム世界：形成・専制帝国・文化（150用語）,WHS-000058,76,大学受験・標準,人物,サラーフ＝アッディーン,さらーふあっでぃーん,サラディン,中世,西アジア・アフリカ,エジプト・イェルサレム／シリア,12世紀・アイユーブ朝創始期,1169,WHS-000058-B01,beginner,用語の特定,identify,ファーティマ朝の宰相として実権を握り、アイユーブ朝を建て、イェルサレムを回復したクルド人武将は？,サラーフ＝アッディーン,サラーフ＝アッディーン,サラディン,,,01_islamic_world_formation.md p.329〜330,
イスラーム世界：形成・専制帝国・文化（150用語）,WHS-000058,76,大学受験・標準,人物,サラーフ＝アッディーン,さらーふあっでぃーん,サラディン,中世,西アジア・アフリカ,エジプト・イェルサレム／シリア,12世紀・アイユーブ朝創始期,1169,WHS-000058-B02,beginner,国家・勢力,actor,サラーフ＝アッディーンが建てた王朝は？,アイユーブ朝,アイユーブ朝,,,,01_islamic_world_formation.md p.329〜330,
イスラーム世界：形成・専制帝国・文化（150用語）,WHS-000058,76,大学受験・標準,人物,サラーフ＝アッディーン,さらーふあっでぃーん,サラディン,中世,西アジア・アフリカ,エジプト・イェルサレム／シリア,12世紀・アイユーブ朝創始期,1169,WHS-000058-B03,beginner,地域,place,サラーフ＝アッディーンが十字軍側から回復した聖地は？,イェルサレム,イェルサレム,,,,01_islamic_world_formation.md p.329〜330,
イスラーム世界：形成・専制帝国・文化（150用語）,WHS-000058,76,大学受験・標準,人物,サラーフ＝アッディーン,さらーふあっでぃーん,サラディン,中世,西アジア・アフリカ,エジプト・イェルサレム／シリア,12世紀・アイユーブ朝創始期,1169,WHS-000058-B04,beginner,中心人物,person,サラーフ＝アッディーンが第3回十字軍との戦いで講和したイングランド王は？,リチャード1世,リチャード1世,,,,01_islamic_world_formation.md p.329〜330,
イスラーム世界：形成・専制帝国・文化（150用語）,WHS-000058,76,大学受験・標準,人物,サラーフ＝アッディーン,さらーふあっでぃーん,サラディン,中世,西アジア・アフリカ,エジプト・イェルサレム／シリア,12世紀・アイユーブ朝創始期,1169,WHS-000058-B05,beginner,関連,relation,サラーフ＝アッディーンがエジプトで復興させた宗派は？,スンナ派,スンナ派,スンニー派,,,01_islamic_world_formation.md p.329〜330,
イスラーム世界：形成・専制帝国・文化（150用語）,WHS-000058,76,大学受験・標準,人物,サラーフ＝アッディーン,さらーふあっでぃーん,サラディン,中世,西アジア・アフリカ,エジプト・イェルサレム／シリア,12世紀・アイユーブ朝創始期,1169,WHS-000058-R01,reverse,核心内容,reverse,何をした？,12世紀のエジプトでファーティマ朝の実権を握り、**アイユーブ朝**を建てたクルド人武将。**スンナ派**を復興し、軍団を再編して**イェルサレム**を回復した。,アイユーブ朝|スンナ派|イェルサレム,,,,01_islamic_world_formation.md p.329〜330,
イスラーム世界：形成・専制帝国・文化（150用語）,WHS-000058,76,大学受験・標準,人物,サラーフ＝アッディーン,さらーふあっでぃーん,サラディン,中世,西アジア・アフリカ,エジプト・イェルサレム／シリア,12世紀・アイユーブ朝創始期,1169,WHS-000058-R02,reverse,核心内容,reverse,対外戦争はどんな結果になった？,**第3回十字軍**と戦い、イングランド王**リチャード1世**との攻防の末に講和した。シリアの大部分を確保し、**紅海貿易**をおさえた。,第3回十字軍|リチャード1世|紅海貿易,,,,01_islamic_world_formation.md p.329〜330,
イスラーム世界：形成・専制帝国・文化（150用語）,WHS-000058,76,大学受験・標準,人物,サラーフ＝アッディーン,さらーふあっでぃーん,サラディン,中世,西アジア・アフリカ,エジプト・イェルサレム／シリア,12世紀・アイユーブ朝創始期,1169,WHS-000058-I01,integrated,統合説明,integrated,「サラーフ＝アッディーン」について説明せよ。,**12世紀**、エジプトでファーティマ朝の実権を握り、**アイユーブ朝**を建てたクルド人武将。スンナ派を復興して**イェルサレム**を回復し、第3回十字軍と戦った後、**リチャード1世**と講和してシリアの大部分と紅海貿易を確保した。,12世紀|アイユーブ朝|イェルサレム|リチャード1世,,,,01_islamic_world_formation.md p.329〜330,
イスラーム世界：形成・専制帝国・文化（150用語）,WHS-000059,77,大学受験・標準,国家・王朝,アイユーブ朝,あいゆーぶちょう,,中世,西アジア・アフリカ,エジプト・シリア,1169〜1250年,1169,WHS-000059-B01,beginner,用語の特定,identify,サラーフ＝アッディーンがエジプトに建て、スンナ派を復興して第3回十字軍と戦った王朝は？,アイユーブ朝,アイユーブ朝,,,,01_islamic_world_formation.md p.329〜330,
イスラーム世界：形成・専制帝国・文化（150用語）,WHS-000059,77,大学受験・標準,国家・王朝,アイユーブ朝,あいゆーぶちょう,,中世,西アジア・アフリカ,エジプト・シリア,1169〜1250年,1169,WHS-000059-B02,beginner,中心人物,person,アイユーブ朝の建国者は？,サラーフ＝アッディーン,サラーフ＝アッディーン,サラディン,,,01_islamic_world_formation.md p.329〜330,
イスラーム世界：形成・専制帝国・文化（150用語）,WHS-000059,77,大学受験・標準,国家・王朝,アイユーブ朝,あいゆーぶちょう,,中世,西アジア・アフリカ,エジプト・シリア,1169〜1250年,1169,WHS-000059-B03,beginner,関連,relation,アイユーブ朝が復興させた宗派は？,スンナ派,スンナ派,スンニー派,,,01_islamic_world_formation.md p.329〜330,
イスラーム世界：形成・専制帝国・文化（150用語）,WHS-000059,77,大学受験・標準,国家・王朝,アイユーブ朝,あいゆーぶちょう,,中世,西アジア・アフリカ,エジプト・シリア,1169〜1250年,1169,WHS-000059-B04,beginner,内容,content,アイユーブ朝がエジプトに導入した土地の管理権・徴税権を与える制度は？,イクター制,イクター制,,,,01_islamic_world_formation.md p.329〜330,
イスラーム世界：形成・専制帝国・文化（150用語）,WHS-000059,77,大学受験・標準,国家・王朝,アイユーブ朝,あいゆーぶちょう,,中世,西アジア・アフリカ,エジプト・シリア,1169〜1250年,1169,WHS-000059-B05,beginner,国家・勢力,actor,アイユーブ朝が強化し、のちに権力を握った軍人集団は？,マムルーク,マムルーク,,,,01_islamic_world_formation.md p.329〜330,
イスラーム世界：形成・専制帝国・文化（150用語）,WHS-000059,77,大学受験・標準,国家・王朝,アイユーブ朝,あいゆーぶちょう,,中世,西アジア・アフリカ,エジプト・シリア,1169〜1250年,1169,WHS-000059-R01,reverse,時期,time,存在したのはいつ？,**1169〜1250年**,1169〜1250年,,,,01_islamic_world_formation.md p.329〜330,
イスラーム世界：形成・専制帝国・文化（150用語）,WHS-000059,77,大学受験・標準,国家・王朝,アイユーブ朝,あいゆーぶちょう,,中世,西アジア・アフリカ,エジプト・シリア,1169〜1250年,1169,WHS-000059-R02,reverse,核心内容,reverse,何をした？,**サラーフ＝アッディーン**がエジプトに建て、**スンナ派**を復興し、イェルサレムを回復して第3回十字軍と戦った。シリアの大部分と紅海貿易を確保し、エジプトに**イクター制**を導入する一方、強化した**マムルーク**に次第に権力を握られた。,サラーフ＝アッディーン|スンナ派|イクター制|マムルーク,,,,01_islamic_world_formation.md p.329〜330,
イスラーム世界：形成・専制帝国・文化（150用語）,WHS-000059,77,大学受験・標準,国家・王朝,アイユーブ朝,あいゆーぶちょう,,中世,西アジア・アフリカ,エジプト・シリア,1169〜1250年,1169,WHS-000059-I01,integrated,統合説明,integrated,「アイユーブ朝」について説明せよ。,**1169〜1250年**、サラーフ＝アッディーンがエジプトに建て、シリアの大部分も支配した王朝。**スンナ派**を復興してイェルサレムを回復し、第3回十字軍と戦った。**イクター制**を導入した一方、強化した**マムルーク**が次第に権力を握った。,1169〜1250年|スンナ派|イクター制|マムルーク,,,,01_islamic_world_formation.md p.329〜330,
イスラーム世界：形成・専制帝国・文化（150用語）,WHS-000064,22,大学受験・基礎,時代・歴史区分,デリー＝スルタン朝,でりーするたんちょう,,中世,南アジア,北インド・デリー,1206〜1526年,1206,WHS-000064-B01,beginner,用語の特定,identify,奴隷王朝からロディー朝まで、北インドを支配した五つのイスラーム王朝の総称は？,デリー＝スルタン朝,デリー＝スルタン朝,,,,01_islamic_world_formation.md p.330〜331,
イスラーム世界：形成・専制帝国・文化（150用語）,WHS-000064,22,大学受験・基礎,時代・歴史区分,デリー＝スルタン朝,でりーするたんちょう,,中世,南アジア,北インド・デリー,1206〜1526年,1206,WHS-000064-B02,beginner,時期,time,デリー＝スルタン朝の期間は？,1206〜1526年,1206〜1526年,,,,01_islamic_world_formation.md p.330〜331,
イスラーム世界：形成・専制帝国・文化（150用語）,WHS-000064,22,大学受験・基礎,時代・歴史区分,デリー＝スルタン朝,でりーするたんちょう,,中世,南アジア,北インド・デリー,1206〜1526年,1206,WHS-000064-B03,beginner,国家・勢力,actor,デリー＝スルタン朝の最初の王朝は？,奴隷王朝,奴隷王朝,,,,01_islamic_world_formation.md p.330〜331,
イスラーム世界：形成・専制帝国・文化（150用語）,WHS-000064,22,大学受験・基礎,時代・歴史区分,デリー＝スルタン朝,でりーするたんちょう,,中世,南アジア,北インド・デリー,1206〜1526年,1206,WHS-000064-B04,beginner,国家・勢力,actor,デリー＝スルタン朝の最後の王朝は？,ロディー朝,ロディー朝,,,,01_islamic_world_formation.md p.330〜331,
イスラーム世界：形成・専制帝国・文化（150用語）,WHS-000064,22,大学受験・基礎,時代・歴史区分,デリー＝スルタン朝,でりーするたんちょう,,中世,南アジア,北インド・デリー,1206〜1526年,1206,WHS-000064-B05,beginner,国家・勢力,actor,デリー＝スルタン朝のうち、ティムールの侵攻を受けた王朝は？,トゥグルク朝,トゥグルク朝,,,,01_islamic_world_formation.md p.330〜331,
イスラーム世界：形成・専制帝国・文化（150用語）,WHS-000064,22,大学受験・基礎,時代・歴史区分,デリー＝スルタン朝,でりーするたんちょう,,中世,南アジア,北インド・デリー,1206〜1526年,1206,WHS-000064-R01,reverse,時期,time,続いたのはいつ？,**1206〜1526年**,1206〜1526年,,,,01_islamic_world_formation.md p.330〜331,
イスラーム世界：形成・専制帝国・文化（150用語）,WHS-000064,22,大学受験・基礎,時代・歴史区分,デリー＝スルタン朝,でりーするたんちょう,,中世,南アジア,北インド・デリー,1206〜1526年,1206,WHS-000064-R02,reverse,核心内容,reverse,どのような王朝の連続で、どう統治した？,北インドのデリーを都とする、**奴隷王朝→ハルジー朝→トゥグルク朝→サイイド朝→ロディー朝**の総称。主にトルコ系で最後のロディー朝はアフガン系であり、ヒンドゥー教徒の小国家に**自治権**を認めて従来の社会を大きく変えずに支配した。,奴隷王朝→ハルジー朝→トゥグルク朝→サイイド朝→ロディー朝|自治権,,,,01_islamic_world_formation.md p.330〜331,
イスラーム世界：形成・専制帝国・文化（150用語）,WHS-000064,22,大学受験・基礎,時代・歴史区分,デリー＝スルタン朝,でりーするたんちょう,,中世,南アジア,北インド・デリー,1206〜1526年,1206,WHS-000064-I01,integrated,統合説明,integrated,「デリー＝スルタン朝」について説明せよ。,**1206〜1526年**、北インドのデリーを都とした**奴隷王朝・ハルジー朝・トゥグルク朝・サイイド朝・ロディー朝**の総称。主にトルコ系で最後のロディー朝はアフガン系であり、ヒンドゥー教徒の小国家に**自治権**を認め、従来の社会を大きく変えずに支配した。,1206〜1526年|奴隷王朝・ハルジー朝・トゥグルク朝・サイイド朝・ロディー朝|自治権,,,,01_islamic_world_formation.md p.330〜331,
イスラーム世界：形成・専制帝国・文化（150用語）,WHS-000063,80,大学受験・標準,国家・王朝,奴隷王朝,どれいおうちょう,,中世,南アジア,北インド・デリー,1206〜1290年,1206,WHS-000063-B01,beginner,用語の特定,identify,ゴール朝のマムルーク出身のアイバクがデリーに建てた、インドで最初のイスラーム王朝は？,奴隷王朝,奴隷王朝,,,,01_islamic_world_formation.md p.330〜331,
イスラーム世界：形成・専制帝国・文化（150用語）,WHS-000063,80,大学受験・標準,国家・王朝,奴隷王朝,どれいおうちょう,,中世,南アジア,北インド・デリー,1206〜1290年,1206,WHS-000063-B02,beginner,時期,time,奴隷王朝の成立年は？,1206年,1206年,,,,01_islamic_world_formation.md p.330〜331,
イスラーム世界：形成・専制帝国・文化（150用語）,WHS-000063,80,大学受験・標準,国家・王朝,奴隷王朝,どれいおうちょう,,中世,南アジア,北インド・デリー,1206〜1290年,1206,WHS-000063-B03,beginner,中心人物,person,奴隷王朝の建国者は？,アイバク,アイバク,,,,01_islamic_world_formation.md p.330〜331,
イスラーム世界：形成・専制帝国・文化（150用語）,WHS-000063,80,大学受験・標準,国家・王朝,奴隷王朝,どれいおうちょう,,中世,南アジア,北インド・デリー,1206〜1290年,1206,WHS-000063-B04,beginner,地域,place,奴隷王朝の都は？,デリー,デリー,,,,01_islamic_world_formation.md p.330〜331,
イスラーム世界：形成・専制帝国・文化（150用語）,WHS-000063,80,大学受験・標準,国家・王朝,奴隷王朝,どれいおうちょう,,中世,南アジア,北インド・デリー,1206〜1290年,1206,WHS-000063-B05,beginner,国家・勢力,actor,奴隷王朝の建国者アイバクが仕えていた王朝は？,ゴール朝,ゴール朝,,,,01_islamic_world_formation.md p.330〜331,
イスラーム世界：形成・専制帝国・文化（150用語）,WHS-000063,80,大学受験・標準,国家・王朝,奴隷王朝,どれいおうちょう,,中世,南アジア,北インド・デリー,1206〜1290年,1206,WHS-000063-R01,reverse,時期,time,存在したのはいつ？,**1206〜1290年**,1206〜1290年,,,,01_islamic_world_formation.md p.330〜331,
イスラーム世界：形成・専制帝国・文化（150用語）,WHS-000063,80,大学受験・標準,国家・王朝,奴隷王朝,どれいおうちょう,,中世,南アジア,北インド・デリー,1206〜1290年,1206,WHS-000063-R02,reverse,核心内容,reverse,何をした？,**ゴール朝**のマムルーク出身の**アイバク**が、北インドの**デリー**を拠点に自立して建てた、インドで最初のイスラーム王朝。初期の王がマムルーク出身だったことが名称の由来で、デリー＝スルタン朝の最初の王朝に当たる。,ゴール朝|アイバク|デリー,,,,01_islamic_world_formation.md p.330〜331,
イスラーム世界：形成・専制帝国・文化（150用語）,WHS-000063,80,大学受験・標準,国家・王朝,奴隷王朝,どれいおうちょう,,中世,南アジア,北インド・デリー,1206〜1290年,1206,WHS-000063-I01,integrated,統合説明,integrated,「奴隷王朝」について説明せよ。,**1206〜1290年**、ゴール朝のマムルーク出身の**アイバク**が、北インドの**デリー**を拠点に自立して建てた、インドで最初のイスラーム王朝。初期の王がマムルーク出身だったことが名称の由来で、デリー＝スルタン朝の最初の王朝である。,1206〜1290年|アイバク|デリー,,,,01_islamic_world_formation.md p.330〜331,
イスラーム世界：形成・専制帝国・文化（150用語）,WHS-000069,85,大学受験・標準,国家・王朝,マリ王国,まりおうこく,,中世,アフリカ,西アフリカ・ニジェール川流域,13世紀成立,1230,WHS-000069-B01,beginner,用語の特定,identify,イスラームを受容したマンディンゴ人が建て、サハラ交易と金の供給で栄えた、マンサ＝ムーサの王国は？,マリ王国,マリ王国,,,,01_islamic_world_formation.md p.332,
イスラーム世界：形成・専制帝国・文化（150用語）,WHS-000069,85,大学受験・標準,国家・王朝,マリ王国,まりおうこく,,中世,アフリカ,西アフリカ・ニジェール川流域,13世紀成立,1230,WHS-000069-B02,beginner,時期,time,マリ王国が成立したのは何世紀？,13世紀,13世紀,,,,01_islamic_world_formation.md p.332,
イスラーム世界：形成・専制帝国・文化（150用語）,WHS-000069,85,大学受験・標準,国家・王朝,マリ王国,まりおうこく,,中世,アフリカ,西アフリカ・ニジェール川流域,13世紀成立,1230,WHS-000069-B03,beginner,国家・勢力,actor,マリ王国を建てた人々は？,マンディンゴ人,マンディンゴ人,,,,01_islamic_world_formation.md p.332,
イスラーム世界：形成・専制帝国・文化（150用語）,WHS-000069,85,大学受験・標準,国家・王朝,マリ王国,まりおうこく,,中世,アフリカ,西アフリカ・ニジェール川流域,13世紀成立,1230,WHS-000069-B04,beginner,中心人物,person,マリ王国の全盛期の王で、メッカ巡礼を行った人物は？,マンサ＝ムーサ,マンサ＝ムーサ,,,,01_islamic_world_formation.md p.332,
イスラーム世界：形成・専制帝国・文化（150用語）,WHS-000069,85,大学受験・標準,国家・王朝,マリ王国,まりおうこく,,中世,アフリカ,西アフリカ・ニジェール川流域,13世紀成立,1230,WHS-000069-B05,beginner,地域,place,マリ王国で交易の中継点として繁栄したニジェール川中流域の都市は？,トンブクトゥ,トンブクトゥ,,,,01_islamic_world_formation.md p.332,
イスラーム世界：形成・専制帝国・文化（150用語）,WHS-000069,85,大学受験・標準,国家・王朝,マリ王国,まりおうこく,,中世,アフリカ,西アフリカ・ニジェール川流域,13世紀成立,1230,WHS-000069-R01,reverse,時期,time,成立したのはいつ？,**13世紀**,13世紀,,,,01_islamic_world_formation.md p.332,
イスラーム世界：形成・専制帝国・文化（150用語）,WHS-000069,85,大学受験・標準,国家・王朝,マリ王国,まりおうこく,,中世,アフリカ,西アフリカ・ニジェール川流域,13世紀成立,1230,WHS-000069-R02,reverse,核心内容,reverse,どう繁栄した？,イスラームを受容した**マンディンゴ人**が西アフリカに建て、**サハラ交易**と金の供給で繁栄した。ニジェール川中流域の**トンブクトゥ**が中継点となり、全盛期の王**マンサ＝ムーサ**はエジプトを経由してメッカへ巡礼した。,マンディンゴ人|サハラ交易|トンブクトゥ|マンサ＝ムーサ,,,,01_islamic_world_formation.md p.332,
イスラーム世界：形成・専制帝国・文化（150用語）,WHS-000069,85,大学受験・標準,国家・王朝,マリ王国,まりおうこく,,中世,アフリカ,西アフリカ・ニジェール川流域,13世紀成立,1230,WHS-000069-I01,integrated,統合説明,integrated,「マリ王国」について説明せよ。,**13世紀**、イスラームを受容した**マンディンゴ人**が西アフリカに建てた王国。**サハラ交易**と金の供給で繁栄し、ニジェール川中流域の**トンブクトゥ**が中継点となった。全盛期の王**マンサ＝ムーサ**はエジプト経由でメッカへ巡礼した。,13世紀|マンディンゴ人|サハラ交易|トンブクトゥ|マンサ＝ムーサ,,,,01_islamic_world_formation.md p.332,
イスラーム世界：形成・専制帝国・文化（150用語）,WHS-000070,86,大学受験・標準,地域・都市,トンブクトゥ,とんぶくとぅ,,中世,アフリカ,西アフリカ・ニジェール川中流域,13世紀成立のマリ王国期以降,1230,WHS-000070-B01,beginner,用語の特定,identify,マリ王国で交易の中継点として繁栄し、ソンガイ王国ではマドラサが創設されたニジェール川流域の都市は？,トンブクトゥ,トンブクトゥ,,,,01_islamic_world_formation.md p.332,
イスラーム世界：形成・専制帝国・文化（150用語）,WHS-000070,86,大学受験・標準,地域・都市,トンブクトゥ,とんぶくとぅ,,中世,アフリカ,西アフリカ・ニジェール川中流域,13世紀成立のマリ王国期以降,1230,WHS-000070-B02,beginner,地域,place,トンブクトゥが位置する川は？,ニジェール川,ニジェール川,,,,01_islamic_world_formation.md p.332,
イスラーム世界：形成・専制帝国・文化（150用語）,WHS-000070,86,大学受験・標準,地域・都市,トンブクトゥ,とんぶくとぅ,,中世,アフリカ,西アフリカ・ニジェール川中流域,13世紀成立のマリ王国期以降,1230,WHS-000070-B03,beginner,関連,relation,トンブクトゥの繁栄を支えた、金と岩塩を取引する交易は？,サハラ交易,サハラ交易,塩金交易,,,01_islamic_world_formation.md p.332,
イスラーム世界：形成・専制帝国・文化（150用語）,WHS-000070,86,大学受験・標準,地域・都市,トンブクトゥ,とんぶくとぅ,,中世,アフリカ,西アフリカ・ニジェール川中流域,13世紀成立のマリ王国期以降,1230,WHS-000070-B04,beginner,国家・勢力,actor,トンブクトゥにマドラサを創設した、マリ王国の後の王国は？,ソンガイ王国,ソンガイ王国,,,,01_islamic_world_formation.md p.332,
イスラーム世界：形成・専制帝国・文化（150用語）,WHS-000070,86,大学受験・標準,地域・都市,トンブクトゥ,とんぶくとぅ,,中世,アフリカ,西アフリカ・ニジェール川中流域,13世紀成立のマリ王国期以降,1230,WHS-000070-R01,reverse,核心内容,reverse,どこに位置し、どう発展した？,西アフリカの**ニジェール川中流域**に位置し、13世紀に成立した**マリ王国**のもとでサハラ交易の中継点として繁栄した。のちの**ソンガイ王国**ではマドラサが創設され、アフリカのイスラーム教学の中心となった。,ニジェール川中流域|マリ王国|ソンガイ王国,,,,01_islamic_world_formation.md p.332,
イスラーム世界：形成・専制帝国・文化（150用語）,WHS-000070,86,大学受験・標準,地域・都市,トンブクトゥ,とんぶくとぅ,,中世,アフリカ,西アフリカ・ニジェール川中流域,13世紀成立のマリ王国期以降,1230,WHS-000070-I01,integrated,統合説明,integrated,「トンブクトゥ」について説明せよ。,西アフリカの**ニジェール川中流域**に位置し、**13世紀**に成立した**マリ王国**のもとでサハラ交易の中継点として繁栄した都市。のちの**ソンガイ王国**ではマドラサが創設され、イスラーム教学の中心となった。,ニジェール川中流域|13世紀|マリ王国|ソンガイ王国,,,,01_islamic_world_formation.md p.332,
イスラーム世界：形成・専制帝国・文化（150用語）,WHS-000057,75,大学受験・標準,国家・王朝,ナスル朝,なするちょう,,中世,ヨーロッパ,イベリア半島南部・グラナダ,1232〜1492年,1232,WHS-000057-B01,beginner,用語の特定,identify,イベリア半島南端に残ったイスラーム王朝で、グラナダにアルハンブラ宮殿を建てた王朝は？,ナスル朝,ナスル朝,,,,01_islamic_world_formation.md p.329,
イスラーム世界：形成・専制帝国・文化（150用語）,WHS-000057,75,大学受験・標準,国家・王朝,ナスル朝,なするちょう,,中世,ヨーロッパ,イベリア半島南部・グラナダ,1232〜1492年,1232,WHS-000057-B02,beginner,地域,place,ナスル朝の都は？,グラナダ,グラナダ,,,,01_islamic_world_formation.md p.329,
イスラーム世界：形成・専制帝国・文化（150用語）,WHS-000057,75,大学受験・標準,国家・王朝,ナスル朝,なするちょう,,中世,ヨーロッパ,イベリア半島南部・グラナダ,1232〜1492年,1232,WHS-000057-B03,beginner,関連,relation,ナスル朝が都に建てたイスラーム建築の傑作は？,アルハンブラ宮殿,アルハンブラ宮殿,,,,01_islamic_world_formation.md p.329,
イスラーム世界：形成・専制帝国・文化（150用語）,WHS-000057,75,大学受験・標準,国家・王朝,ナスル朝,なするちょう,,中世,ヨーロッパ,イベリア半島南部・グラナダ,1232〜1492年,1232,WHS-000057-B04,beginner,時期,time,ナスル朝がスペイン王国に滅ぼされたのは何年？,1492年,1492年,,,,01_islamic_world_formation.md p.329,
イスラーム世界：形成・専制帝国・文化（150用語）,WHS-000057,75,大学受験・標準,国家・王朝,ナスル朝,なするちょう,,中世,ヨーロッパ,イベリア半島南部・グラナダ,1232〜1492年,1232,WHS-000057-B05,beginner,国家・勢力,actor,ナスル朝を滅ぼした王国は？,スペイン王国,スペイン王国,,,,01_islamic_world_formation.md p.329,
イスラーム世界：形成・専制帝国・文化（150用語）,WHS-000057,75,大学受験・標準,国家・王朝,ナスル朝,なするちょう,,中世,ヨーロッパ,イベリア半島南部・グラナダ,1232〜1492年,1232,WHS-000057-R01,reverse,時期,time,存在したのはいつ？,**1232〜1492年**,1232〜1492年,,,,01_islamic_world_formation.md p.329,
イスラーム世界：形成・専制帝国・文化（150用語）,WHS-000057,75,大学受験・標準,国家・王朝,ナスル朝,なするちょう,,中世,ヨーロッパ,イベリア半島南部・グラナダ,1232〜1492年,1232,WHS-000057-R02,reverse,核心内容,reverse,何をした？,イベリア半島南部の**グラナダ**を都とし、**アルハンブラ宮殿**を建てた。レコンキスタでイスラーム勢力が後退するなか残存したが、スペイン王国に都を征服されて滅亡した。,グラナダ|アルハンブラ宮殿,,,,01_islamic_world_formation.md p.329,
イスラーム世界：形成・専制帝国・文化（150用語）,WHS-000057,75,大学受験・標準,国家・王朝,ナスル朝,なするちょう,,中世,ヨーロッパ,イベリア半島南部・グラナダ,1232〜1492年,1232,WHS-000057-I01,integrated,統合説明,integrated,「ナスル朝」について説明せよ。,**1232〜1492年**、イベリア半島南部の**グラナダ**を都とし、**アルハンブラ宮殿**を建てたイスラーム王朝。レコンキスタでイスラーム勢力が後退するなか残存したが、スペイン王国に都を征服されて滅亡した。,1232〜1492年|グラナダ|アルハンブラ宮殿,,,,01_islamic_world_formation.md p.329,
イスラーム世界：形成・専制帝国・文化（150用語）,WHS-000060,21,大学受験・基礎,国家・王朝,マムルーク朝,まむるーくちょう,,中世,西アジア・アフリカ,エジプト・カイロ／シリア,1250〜1517年,1250,WHS-000060-B01,beginner,用語の特定,identify,アイユーブ朝の奴隷軍人がエジプトに建て、バイバルスがモンゴル軍を撃退した王朝は？,マムルーク朝,マムルーク朝,,,,01_islamic_world_formation.md p.330,
イスラーム世界：形成・専制帝国・文化（150用語）,WHS-000060,21,大学受験・基礎,国家・王朝,マムルーク朝,まむるーくちょう,,中世,西アジア・アフリカ,エジプト・カイロ／シリア,1250〜1517年,1250,WHS-000060-B02,beginner,時期,time,マムルーク朝の存続期間は？,1250〜1517年,1250〜1517年,,,,01_islamic_world_formation.md p.330,
イスラーム世界：形成・専制帝国・文化（150用語）,WHS-000060,21,大学受験・基礎,国家・王朝,マムルーク朝,まむるーくちょう,,中世,西アジア・アフリカ,エジプト・カイロ／シリア,1250〜1517年,1250,WHS-000060-B03,beginner,中心人物,person,マムルーク朝でモンゴル軍を撃退してスルタンとなった人物は？,バイバルス,バイバルス,,,,01_islamic_world_formation.md p.330,
イスラーム世界：形成・専制帝国・文化（150用語）,WHS-000060,21,大学受験・基礎,国家・王朝,マムルーク朝,まむるーくちょう,,中世,西アジア・アフリカ,エジプト・カイロ／シリア,1250〜1517年,1250,WHS-000060-B04,beginner,地域,place,マムルーク朝の都は？,カイロ,カイロ,,,,01_islamic_world_formation.md p.330,
イスラーム世界：形成・専制帝国・文化（150用語）,WHS-000060,21,大学受験・基礎,国家・王朝,マムルーク朝,まむるーくちょう,,中世,西アジア・アフリカ,エジプト・カイロ／シリア,1250〜1517年,1250,WHS-000060-B05,beginner,国家・勢力,actor,マムルーク朝が保護して紅海〜インド洋の香辛料貿易に当たらせた商人は？,カーリミー商人,カーリミー商人,,,,01_islamic_world_formation.md p.330,
イスラーム世界：形成・専制帝国・文化（150用語）,WHS-000060,21,大学受験・基礎,国家・王朝,マムルーク朝,まむるーくちょう,,中世,西アジア・アフリカ,エジプト・カイロ／シリア,1250〜1517年,1250,WHS-000060-R01,reverse,時期,time,存在したのはいつ？,**1250〜1517年**,1250〜1517年,,,,01_islamic_world_formation.md p.330,
イスラーム世界：形成・専制帝国・文化（150用語）,WHS-000060,21,大学受験・基礎,国家・王朝,マムルーク朝,まむるーくちょう,,中世,西アジア・アフリカ,エジプト・カイロ／シリア,1250〜1517年,1250,WHS-000060-R02,reverse,核心内容,reverse,何をした？,アイユーブ朝のトルコ系マムルークがエジプトに建てた王朝。**バイバルス**がモンゴル軍を撃退してシリアへ拡大し、**カイロ**にアッバース家の末裔を迎えてカリフとし、メッカ・メディナを保護した。,バイバルス|カイロ,,,,01_islamic_world_formation.md p.330,
イスラーム世界：形成・専制帝国・文化（150用語）,WHS-000060,21,大学受験・基礎,国家・王朝,マムルーク朝,まむるーくちょう,,中世,西アジア・アフリカ,エジプト・カイロ／シリア,1250〜1517年,1250,WHS-000060-R03,reverse,核心内容,reverse,経済面ではどう繁栄した？,**カーリミー商人**を保護し、**紅海〜インド洋の香辛料貿易**を独占した。バグダードに代わってカイロがイスラーム世界の中心地となった。,カーリミー商人|紅海〜インド洋の香辛料貿易,,,,01_islamic_world_formation.md p.330,
イスラーム世界：形成・専制帝国・文化（150用語）,WHS-000060,21,大学受験・基礎,国家・王朝,マムルーク朝,まむるーくちょう,,中世,西アジア・アフリカ,エジプト・カイロ／シリア,1250〜1517年,1250,WHS-000060-I01,integrated,統合説明,integrated,「マムルーク朝」について説明せよ。,**1250〜1517年**、エジプトのカイロを都とした、トルコ系マムルークが建てた王朝。**バイバルス**がモンゴル軍を撃退し、アッバース家の末裔をカリフとして迎えてメッカ・メディナを保護した。**カーリミー商人**による**紅海〜インド洋の香辛料貿易**で繁栄し、カイロはイスラーム世界の中心となった。,1250〜1517年|バイバルス|カーリミー商人|紅海〜インド洋の香辛料貿易,,,,01_islamic_world_formation.md p.330,
イスラーム世界：形成・専制帝国・文化（150用語）,WHS-000053,71,大学受験・標準,国家・王朝,イル＝ハン国,いるはんこく,フレグ＝ウルス,中世,西アジア,イラン・イラク／タブリーズ,1258〜1353年,1258,WHS-000053-B01,beginner,用語の特定,identify,フレグがバグダードのアッバース朝を滅ぼした後に建て、タブリーズを都としたモンゴル系国家は？,イル＝ハン国,イル＝ハン国,フレグ＝ウルス,,,01_islamic_world_formation.md p.325,
イスラーム世界：形成・専制帝国・文化（150用語）,WHS-000053,71,大学受験・標準,国家・王朝,イル＝ハン国,いるはんこく,フレグ＝ウルス,中世,西アジア,イラン・イラク／タブリーズ,1258〜1353年,1258,WHS-000053-B02,beginner,時期,time,イル＝ハン国が成立したのは何年？,1258年,1258年,,,,01_islamic_world_formation.md p.325,
イスラーム世界：形成・専制帝国・文化（150用語）,WHS-000053,71,大学受験・標準,国家・王朝,イル＝ハン国,いるはんこく,フレグ＝ウルス,中世,西アジア,イラン・イラク／タブリーズ,1258〜1353年,1258,WHS-000053-B03,beginner,中心人物,person,イル＝ハン国の建国者は？,フレグ,フレグ,,,,01_islamic_world_formation.md p.325,
イスラーム世界：形成・専制帝国・文化（150用語）,WHS-000053,71,大学受験・標準,国家・王朝,イル＝ハン国,いるはんこく,フレグ＝ウルス,中世,西アジア,イラン・イラク／タブリーズ,1258〜1353年,1258,WHS-000053-B04,beginner,地域,place,イル＝ハン国の都は？,タブリーズ,タブリーズ,,,,01_islamic_world_formation.md p.325,
イスラーム世界：形成・専制帝国・文化（150用語）,WHS-000053,71,大学受験・標準,国家・王朝,イル＝ハン国,いるはんこく,フレグ＝ウルス,中世,西アジア,イラン・イラク／タブリーズ,1258〜1353年,1258,WHS-000053-B05,beginner,中心人物,person,イル＝ハン国でイスラームに改宗して国教とした君主は？,ガザン＝ハン,ガザン＝ハン,,,,01_islamic_world_formation.md p.325,
イスラーム世界：形成・専制帝国・文化（150用語）,WHS-000053,71,大学受験・標準,国家・王朝,イル＝ハン国,いるはんこく,フレグ＝ウルス,中世,西アジア,イラン・イラク／タブリーズ,1258〜1353年,1258,WHS-000053-R01,reverse,時期,time,存在したのはいつ？,**1258〜1353年**,1258〜1353年,,,,01_islamic_world_formation.md p.325,
イスラーム世界：形成・専制帝国・文化（150用語）,WHS-000053,71,大学受験・標準,国家・王朝,イル＝ハン国,いるはんこく,フレグ＝ウルス,中世,西アジア,イラン・イラク／タブリーズ,1258〜1353年,1258,WHS-000053-R02,reverse,核心内容,reverse,何をした？,**フレグ**がバグダードを占領して**アッバース朝**を滅ぼした後、イラン・イラク地域に建てたモンゴル系国家で、都は**タブリーズ**。のちに**ガザン＝ハン**がイスラームに改宗して国教とした。,フレグ|アッバース朝|タブリーズ|ガザン＝ハン,,,,01_islamic_world_formation.md p.325,
イスラーム世界：形成・専制帝国・文化（150用語）,WHS-000053,71,大学受験・標準,国家・王朝,イル＝ハン国,いるはんこく,フレグ＝ウルス,中世,西アジア,イラン・イラク／タブリーズ,1258〜1353年,1258,WHS-000053-I01,integrated,統合説明,integrated,「イル＝ハン国」について説明せよ。,**1258〜1353年**、フレグがバグダードの**アッバース朝**を滅ぼした後、イラン・イラク地域に建てたモンゴル系国家で、都は**タブリーズ**。のちに**ガザン＝ハン**がイスラームに改宗して国教とした。,1258〜1353年|アッバース朝|タブリーズ|ガザン＝ハン,,,,01_islamic_world_formation.md p.325,
イスラーム世界：形成・専制帝国・文化（150用語）,WHS-000061,78,大学受験・標準,人物,バイバルス,ばいばるす,,中世,西アジア・アフリカ,パレスチナ付近・シリア／カイロ,在位1260〜1277年,1260,WHS-000061-B01,beginner,用語の特定,identify,パレスチナ付近でモンゴル軍を撃退し、カイロにアッバース家の末裔を迎えたマムルーク朝の君主は？,バイバルス,バイバルス,,,,01_islamic_world_formation.md p.330,
イスラーム世界：形成・専制帝国・文化（150用語）,WHS-000061,78,大学受験・標準,人物,バイバルス,ばいばるす,,中世,西アジア・アフリカ,パレスチナ付近・シリア／カイロ,在位1260〜1277年,1260,WHS-000061-B02,beginner,時期,time,バイバルスがスルタンとして在位した期間は？,1260〜1277年,1260〜1277年,,,,01_islamic_world_formation.md p.330,
イスラーム世界：形成・専制帝国・文化（150用語）,WHS-000061,78,大学受験・標準,人物,バイバルス,ばいばるす,,中世,西アジア・アフリカ,パレスチナ付近・シリア／カイロ,在位1260〜1277年,1260,WHS-000061-B03,beginner,国家・勢力,actor,バイバルスがパレスチナ付近で撃退した軍は？,モンゴル軍,モンゴル軍,,,,01_islamic_world_formation.md p.330,
イスラーム世界：形成・専制帝国・文化（150用語）,WHS-000061,78,大学受験・標準,人物,バイバルス,ばいばるす,,中世,西アジア・アフリカ,パレスチナ付近・シリア／カイロ,在位1260〜1277年,1260,WHS-000061-B04,beginner,地域,place,バイバルスがアッバース家の末裔を迎えてカリフとした都市は？,カイロ,カイロ,,,,01_islamic_world_formation.md p.330,
イスラーム世界：形成・専制帝国・文化（150用語）,WHS-000061,78,大学受験・標準,人物,バイバルス,ばいばるす,,中世,西アジア・アフリカ,パレスチナ付近・シリア／カイロ,在位1260〜1277年,1260,WHS-000061-B05,beginner,地域,place,バイバルスが保護下に置いた二つの聖地は？,メッカとメディナ,メッカとメディナ,メディナとメッカ,,,01_islamic_world_formation.md p.330,
イスラーム世界：形成・専制帝国・文化（150用語）,WHS-000061,78,大学受験・標準,人物,バイバルス,ばいばるす,,中世,西アジア・アフリカ,パレスチナ付近・シリア／カイロ,在位1260〜1277年,1260,WHS-000061-R01,reverse,時期,time,スルタンとして在位したのはいつ？,**1260〜1277年**,1260〜1277年,,,,01_islamic_world_formation.md p.330,
イスラーム世界：形成・専制帝国・文化（150用語）,WHS-000061,78,大学受験・標準,人物,バイバルス,ばいばるす,,中世,西アジア・アフリカ,パレスチナ付近・シリア／カイロ,在位1260〜1277年,1260,WHS-000061-R02,reverse,核心内容,reverse,何をした？,マムルーク朝の将軍としてパレスチナ付近で**モンゴル軍**を撃退し、シリアへ領土を広げてスルタンとなった。**カイロ**にアッバース家の末裔を迎えてカリフとし、**メッカ・メディナ**を保護下に置き、イスラーム世界の盟主となった。,モンゴル軍|カイロ|メッカ・メディナ,,,,01_islamic_world_formation.md p.330,
イスラーム世界：形成・専制帝国・文化（150用語）,WHS-000061,78,大学受験・標準,人物,バイバルス,ばいばるす,,中世,西アジア・アフリカ,パレスチナ付近・シリア／カイロ,在位1260〜1277年,1260,WHS-000061-I01,integrated,統合説明,integrated,「バイバルス」について説明せよ。,**1260〜1277年**に在位したマムルーク朝のスルタンで、パレスチナ付近で**モンゴル軍**を撃退し、シリアへ領土を広げた。**カイロ**にアッバース家の末裔をカリフとして迎え、**メッカ・メディナ**を保護下に置いてイスラーム世界の盟主となった。,1260〜1277年|モンゴル軍|カイロ|メッカ・メディナ,,,,01_islamic_world_formation.md p.330,
イスラーム世界：形成・専制帝国・文化（150用語）,WHS-000054,72,大学受験・標準,人物,ガザン＝ハン,がざんはん,,中世,西アジア,イラン・イル＝ハン国,在位1295〜1304年,1295,WHS-000054-B01,beginner,用語の特定,identify,イル＝ハン国で即位直後にイスラームへ改宗し、国教とした君主は？,ガザン＝ハン,ガザン＝ハン,,,,01_islamic_world_formation.md p.325,
イスラーム世界：形成・専制帝国・文化（150用語）,WHS-000054,72,大学受験・標準,人物,ガザン＝ハン,がざんはん,,中世,西アジア,イラン・イル＝ハン国,在位1295〜1304年,1295,WHS-000054-B02,beginner,時期,time,ガザン＝ハンがイル＝ハン国の君主として在位した期間は？,1295〜1304年,1295〜1304年,,,,01_islamic_world_formation.md p.325,
イスラーム世界：形成・専制帝国・文化（150用語）,WHS-000054,72,大学受験・標準,人物,ガザン＝ハン,がざんはん,,中世,西アジア,イラン・イル＝ハン国,在位1295〜1304年,1295,WHS-000054-B03,beginner,関連,relation,ガザン＝ハンが改宗して国教とした宗教は？,イスラーム教,イスラーム教,,,,01_islamic_world_formation.md p.325,
イスラーム世界：形成・専制帝国・文化（150用語）,WHS-000054,72,大学受験・標準,人物,ガザン＝ハン,がざんはん,,中世,西アジア,イラン・イル＝ハン国,在位1295〜1304年,1295,WHS-000054-B04,beginner,中心人物,person,ガザン＝ハンが宰相に任命したイラン人は？,ラシード＝アッディーン,ラシード＝アッディーン,,,,01_islamic_world_formation.md p.325,
イスラーム世界：形成・専制帝国・文化（150用語）,WHS-000054,72,大学受験・標準,人物,ガザン＝ハン,がざんはん,,中世,西アジア,イラン・イル＝ハン国,在位1295〜1304年,1295,WHS-000054-R01,reverse,時期,time,君主として在位したのはいつ？,**1295〜1304年**,1295〜1304年,,,,01_islamic_world_formation.md p.325,
イスラーム世界：形成・専制帝国・文化（150用語）,WHS-000054,72,大学受験・標準,人物,ガザン＝ハン,がざんはん,,中世,西アジア,イラン・イル＝ハン国,在位1295〜1304年,1295,WHS-000054-R02,reverse,核心内容,reverse,何をした？,イランの**イル＝ハン国**で、即位直後に**イスラーム教**に改宗して国教とした。イラン人の**ラシード＝アッディーン**を宰相に任命した。,イル＝ハン国|イスラーム教|ラシード＝アッディーン,,,,01_islamic_world_formation.md p.325,
イスラーム世界：形成・専制帝国・文化（150用語）,WHS-000054,72,大学受験・標準,人物,ガザン＝ハン,がざんはん,,中世,西アジア,イラン・イル＝ハン国,在位1295〜1304年,1295,WHS-000054-I01,integrated,統合説明,integrated,「ガザン＝ハン」について説明せよ。,**1295〜1304年**に在位した、イランの**イル＝ハン国**の君主。即位直後に**イスラーム教**へ改宗して国教とし、イラン人の**ラシード＝アッディーン**を宰相に任命した。,1295〜1304年|イル＝ハン国|イスラーム教|ラシード＝アッディーン,,,,01_islamic_world_formation.md p.325,
イスラーム世界：形成・専制帝国・文化（150用語）,WHS-000086,27,大学受験・基礎,国家・王朝,オスマン帝国,おすまんていこく,オスマン朝,中世,西アジア・アフリカ・ヨーロッパ,アナトリア・バルカン半島／西アジア・エジプト,1299〜1922年（建国年は諸説あり）,1299,WHS-000086-B01,beginner,用語の特定,identify,アナトリア西北部の小国家から発展し、メフメト2世がビザンツ帝国を滅ぼし、スレイマン1世の時代に全盛期を迎えた帝国は？,オスマン帝国,オスマン帝国,オスマン朝,,,03_ottoman_empire.md p.337〜343,
イスラーム世界：形成・専制帝国・文化（150用語）,WHS-000086,27,大学受験・基礎,国家・王朝,オスマン帝国,おすまんていこく,オスマン朝,中世,西アジア・アフリカ・ヨーロッパ,アナトリア・バルカン半島／西アジア・エジプト,1299〜1922年（建国年は諸説あり）,1299,WHS-000086-B02,beginner,中心人物,person,オスマン帝国の建国者は？,オスマン1世,オスマン1世,,,,03_ottoman_empire.md p.337〜343,
イスラーム世界：形成・専制帝国・文化（150用語）,WHS-000086,27,大学受験・基礎,国家・王朝,オスマン帝国,おすまんていこく,オスマン朝,中世,西アジア・アフリカ・ヨーロッパ,アナトリア・バルカン半島／西アジア・エジプト,1299〜1922年（建国年は諸説あり）,1299,WHS-000086-B03,beginner,中心人物,person,オスマン帝国でコンスタンティノープルを征服した君主は？,メフメト2世,メフメト2世,,,,03_ottoman_empire.md p.337〜343,
イスラーム世界：形成・専制帝国・文化（150用語）,WHS-000086,27,大学受験・基礎,国家・王朝,オスマン帝国,おすまんていこく,オスマン朝,中世,西アジア・アフリカ・ヨーロッパ,アナトリア・バルカン半島／西アジア・エジプト,1299〜1922年（建国年は諸説あり）,1299,WHS-000086-B04,beginner,中心人物,person,オスマン帝国でマムルーク朝を滅ぼした君主は？,セリム1世,セリム1世,,,,03_ottoman_empire.md p.337〜343,
イスラーム世界：形成・専制帝国・文化（150用語）,WHS-000086,27,大学受験・基礎,国家・王朝,オスマン帝国,おすまんていこく,オスマン朝,中世,西アジア・アフリカ・ヨーロッパ,アナトリア・バルカン半島／西アジア・エジプト,1299〜1922年（建国年は諸説あり）,1299,WHS-000086-B05,beginner,中心人物,person,オスマン帝国の全盛期の君主は？,スレイマン1世,スレイマン1世,,,,03_ottoman_empire.md p.337〜343,
イスラーム世界：形成・専制帝国・文化（150用語）,WHS-000086,27,大学受験・基礎,国家・王朝,オスマン帝国,おすまんていこく,オスマン朝,中世,西アジア・アフリカ・ヨーロッパ,アナトリア・バルカン半島／西アジア・エジプト,1299〜1922年（建国年は諸説あり）,1299,WHS-000086-B06,beginner,関連,relation,オスマン帝国のスルタン直属の常備歩兵軍団は？,イェニチェリ,イェニチェリ,,,,03_ottoman_empire.md p.337〜343,
イスラーム世界：形成・専制帝国・文化（150用語）,WHS-000086,27,大学受験・基礎,国家・王朝,オスマン帝国,おすまんていこく,オスマン朝,中世,西アジア・アフリカ・ヨーロッパ,アナトリア・バルカン半島／西アジア・エジプト,1299〜1922年（建国年は諸説あり）,1299,WHS-000086-B07,beginner,時期,time,オスマン帝国の存続期間は？,1299〜1922年,1299〜1922年,,建国年には諸説ある。,1299〜1922：「肉食う国に　おお住まん帝国」オスマン帝国,03_ottoman_empire.md p.337〜343,
イスラーム世界：形成・専制帝国・文化（150用語）,WHS-000086,27,大学受験・基礎,国家・王朝,オスマン帝国,おすまんていこく,オスマン朝,中世,西アジア・アフリカ・ヨーロッパ,アナトリア・バルカン半島／西アジア・エジプト,1299〜1922年（建国年は諸説あり）,1299,WHS-000086-R01,reverse,時期,time,存在したのはいつ？,**1299〜1922年**,1299〜1922年,,資料は建国年に諸説あるとする。,1299〜1922：「肉食う国に　おお住まん帝国」オスマン帝国,03_ottoman_empire.md p.337〜343,
イスラーム世界：形成・専制帝国・文化（150用語）,WHS-000086,27,大学受験・基礎,国家・王朝,オスマン帝国,おすまんていこく,オスマン朝,中世,西アジア・アフリカ・ヨーロッパ,アナトリア・バルカン半島／西アジア・エジプト,1299〜1922年（建国年は諸説あり）,1299,WHS-000086-R02,reverse,核心内容,reverse,どのように拡大した？,**オスマン1世**がアナトリア西北部に建て、バルカン半島へ拡大した。**メフメト2世**が1453年にコンスタンティノープルを征服し、**セリム1世**が1517年にエジプトのマムルーク朝を滅ぼしてメッカ・メディナの保護権を得た。,オスマン1世|メフメト2世|セリム1世,,,,03_ottoman_empire.md p.337〜343,
イスラーム世界：形成・専制帝国・文化（150用語）,WHS-000086,27,大学受験・基礎,国家・王朝,オスマン帝国,おすまんていこく,オスマン朝,中世,西アジア・アフリカ・ヨーロッパ,アナトリア・バルカン半島／西アジア・エジプト,1299〜1922年（建国年は諸説あり）,1299,WHS-000086-R03,reverse,核心内容,reverse,全盛期の支配にはどんな特徴があった？,**スレイマン1世**の時代に、イェニチェリなどの軍事力で領域を拡大し、地中海の制海権を握った。官僚機構と法典を整備して中央集権体制を確立した。,スレイマン1世,,,,03_ottoman_empire.md p.337〜343,
イスラーム世界：形成・専制帝国・文化（150用語）,WHS-000086,27,大学受験・基礎,国家・王朝,オスマン帝国,おすまんていこく,オスマン朝,中世,西アジア・アフリカ・ヨーロッパ,アナトリア・バルカン半島／西アジア・エジプト,1299〜1922年（建国年は諸説あり）,1299,WHS-000086-I01,integrated,統合説明,integrated,「オスマン帝国」について説明せよ。,**1299〜1922年**、アナトリア西北部にオスマン1世が建て、バルカン半島・西アジア・エジプトへ拡大した帝国。**メフメト2世**が1453年にコンスタンティノープルを征服し、**セリム1世**が1517年にマムルーク朝を滅ぼしてメッカ・メディナの保護権を得た。**スレイマン1世**の時代にはイェニチェリなどの軍事力で拡大し、地中海の制海権と中央集権体制を確立した。,1299〜1922年|メフメト2世|セリム1世|スレイマン1世,,1299年という建国年には諸説ある。,1299〜1922：「肉食う国に　おお住まん帝国」オスマン帝国,03_ottoman_empire.md p.337〜343,
イスラーム世界：形成・専制帝国・文化（150用語）,WHS-000087,93,大学受験・標準,人物,オスマン1世,おすまんいっせい,,中世,西アジア,アナトリア西北部,1299年建国（諸説あり）,1299,WHS-000087-B01,beginner,用語の特定,identify,ルーム＝セルジューク朝崩壊後の小国家群から現れ、アナトリア西北部にオスマン朝を建てた人物は？,オスマン1世,オスマン1世,,,,03_ottoman_empire.md p.337〜338,
イスラーム世界：形成・専制帝国・文化（150用語）,WHS-000087,93,大学受験・標準,人物,オスマン1世,おすまんいっせい,,中世,西アジア,アナトリア西北部,1299年建国（諸説あり）,1299,WHS-000087-B02,beginner,時期,time,オスマン1世がオスマン朝を建てた年として資料に示されるのは何年？,1299年,1299年,,資料には建国年に諸説あるとの注記がある。,,03_ottoman_empire.md p.337〜338,
イスラーム世界：形成・専制帝国・文化（150用語）,WHS-000087,93,大学受験・標準,人物,オスマン1世,おすまんいっせい,,中世,西アジア,アナトリア西北部,1299年建国（諸説あり）,1299,WHS-000087-B03,beginner,地域,place,オスマン1世が建国した地域は？,アナトリア西北部,アナトリア西北部,,,,03_ottoman_empire.md p.337〜338,
イスラーム世界：形成・専制帝国・文化（150用語）,WHS-000087,93,大学受験・標準,人物,オスマン1世,おすまんいっせい,,中世,西アジア,アナトリア西北部,1299年建国（諸説あり）,1299,WHS-000087-B04,beginner,関連,relation,オスマン1世が登場した背景にある、アナトリアのトルコ人戦士の小国家の呼び名は？,ベイリク,ベイリク,,,,03_ottoman_empire.md p.337〜338,
イスラーム世界：形成・専制帝国・文化（150用語）,WHS-000087,93,大学受験・標準,人物,オスマン1世,おすまんいっせい,,中世,西アジア,アナトリア西北部,1299年建国（諸説あり）,1299,WHS-000087-R01,reverse,時期,time,建国したのはいつ？,**1299年（年代には諸説ある）**,1299年（年代には諸説ある）,,,,03_ottoman_empire.md p.337〜338,
イスラーム世界：形成・専制帝国・文化（150用語）,WHS-000087,93,大学受験・標準,人物,オスマン1世,おすまんいっせい,,中世,西アジア,アナトリア西北部,1299年建国（諸説あり）,1299,WHS-000087-R02,reverse,核心内容,reverse,何をした？,モンゴル遠征によるルーム＝セルジューク朝の崩壊後、アナトリアの**ベイリク**の中から現れ、**アナトリア西北部**に**オスマン朝**を建てた。建国当初は小規模な戦士集団だった。,ベイリク|アナトリア西北部|オスマン朝,,,,03_ottoman_empire.md p.337〜338,
イスラーム世界：形成・専制帝国・文化（150用語）,WHS-000087,93,大学受験・標準,人物,オスマン1世,おすまんいっせい,,中世,西アジア,アナトリア西北部,1299年建国（諸説あり）,1299,WHS-000087-I01,integrated,統合説明,integrated,「オスマン1世」について説明せよ。,**1299年**（年代には諸説あり）、**アナトリア西北部**に**オスマン朝**を建てた人物。ルーム＝セルジューク朝崩壊後の**ベイリク**の中から現れ、当初は小規模な戦士集団を率いた。,1299年|アナトリア西北部|オスマン朝|ベイリク,,,,03_ottoman_empire.md p.337〜338,
イスラーム世界：形成・専制帝国・文化（150用語）,WHS-000147,131,大学受験・標準,文化・技術・学問,アルハンブラ宮殿,あるはんぶらきゅうでん,,中世,ヨーロッパ,イベリア半島・グラナダ,ナスル朝期（1232〜1492年）,1300,WHS-000147-B01,beginner,用語の特定,identify,ナスル朝がグラナダに建てた「赤い城」として知られ、華麗なアラベスクで飾られた宮殿は？,アルハンブラ宮殿,アルハンブラ宮殿,,,,05_islamic_culture.md p.348,
イスラーム世界：形成・専制帝国・文化（150用語）,WHS-000147,131,大学受験・標準,文化・技術・学問,アルハンブラ宮殿,あるはんぶらきゅうでん,,中世,ヨーロッパ,イベリア半島・グラナダ,ナスル朝期（1232〜1492年）,1300,WHS-000147-B02,beginner,国家・勢力,actor,アルハンブラ宮殿を建てた王朝は？,ナスル朝,ナスル朝,,,,05_islamic_culture.md p.348,
イスラーム世界：形成・専制帝国・文化（150用語）,WHS-000147,131,大学受験・標準,文化・技術・学問,アルハンブラ宮殿,あるはんぶらきゅうでん,,中世,ヨーロッパ,イベリア半島・グラナダ,ナスル朝期（1232〜1492年）,1300,WHS-000147-B03,beginner,地域,place,アルハンブラ宮殿が建てられた都市は？,グラナダ,グラナダ,,,,05_islamic_culture.md p.348,
イスラーム世界：形成・専制帝国・文化（150用語）,WHS-000147,131,大学受験・標準,文化・技術・学問,アルハンブラ宮殿,あるはんぶらきゅうでん,,中世,ヨーロッパ,イベリア半島・グラナダ,ナスル朝期（1232〜1492年）,1300,WHS-000147-B04,beginner,内容,content,アルハンブラ宮殿の装飾に用いられる、植物をモチーフにした幾何学模様は？,アラベスク,アラベスク,,,,05_islamic_culture.md p.348,
イスラーム世界：形成・専制帝国・文化（150用語）,WHS-000147,131,大学受験・標準,文化・技術・学問,アルハンブラ宮殿,あるはんぶらきゅうでん,,中世,ヨーロッパ,イベリア半島・グラナダ,ナスル朝期（1232〜1492年）,1300,WHS-000147-R01,reverse,核心内容,reverse,どんな建築？,**1232〜1492年**に存在した**ナスル朝**が、イベリア半島の**グラナダ**に建てた宮殿。「赤い城」として知られ、華麗な**アラベスク**で飾られたイスラーム建築の傑作とされる。,1232〜1492年|ナスル朝|グラナダ|アラベスク,,,,05_islamic_culture.md p.348,
イスラーム世界：形成・専制帝国・文化（150用語）,WHS-000147,131,大学受験・標準,文化・技術・学問,アルハンブラ宮殿,あるはんぶらきゅうでん,,中世,ヨーロッパ,イベリア半島・グラナダ,ナスル朝期（1232〜1492年）,1300,WHS-000147-I01,integrated,統合説明,integrated,「アルハンブラ宮殿」について説明せよ。,**1232〜1492年**に存在した**ナスル朝**が、イベリア半島の**グラナダ**に建てた宮殿。「赤い城」として知られ、華麗な**アラベスク**で飾られたイスラーム建築の傑作とされる。,1232〜1492年|ナスル朝|グラナダ|アラベスク,,1232〜1492年はナスル朝の存続期間であり、宮殿の建設期間ではない。,,05_islamic_culture.md p.348,
イスラーム世界：形成・専制帝国・文化（150用語）,WHS-000150,134,大学受験・標準,文化・技術・学問,アラベスク,あらべすく,,中世,ヨーロッパ,グラナダなどのイスラーム建築,ナスル朝期（1232〜1492年）などの建築装飾,1300,WHS-000150-B01,beginner,用語の特定,identify,偶像崇拝を禁じるイスラーム建築で、草の茎や葉をモチーフに堂内を飾る幾何学模様は？,アラベスク,アラベスク,,,,05_islamic_culture.md p.348,
イスラーム世界：形成・専制帝国・文化（150用語）,WHS-000150,134,大学受験・標準,文化・技術・学問,アラベスク,あらべすく,,中世,ヨーロッパ,グラナダなどのイスラーム建築,ナスル朝期（1232〜1492年）などの建築装飾,1300,WHS-000150-B02,beginner,内容,content,アラベスクがモチーフとする植物の部分は？,草の茎や葉,草の茎や葉,,,,05_islamic_culture.md p.348,
イスラーム世界：形成・専制帝国・文化（150用語）,WHS-000150,134,大学受験・標準,文化・技術・学問,アラベスク,あらべすく,,中世,ヨーロッパ,グラナダなどのイスラーム建築,ナスル朝期（1232〜1492年）などの建築装飾,1300,WHS-000150-B03,beginner,原因,cause,アラベスクが使われるイスラーム建築で、聖像が置かれない宗教上の理由は？,偶像崇拝の禁止,偶像崇拝の禁止,,,,05_islamic_culture.md p.348,
イスラーム世界：形成・専制帝国・文化（150用語）,WHS-000150,134,大学受験・標準,文化・技術・学問,アラベスク,あらべすく,,中世,ヨーロッパ,グラナダなどのイスラーム建築,ナスル朝期（1232〜1492年）などの建築装飾,1300,WHS-000150-B04,beginner,関連,relation,アラベスクによる装飾で知られる、ナスル朝のグラナダの宮殿は？,アルハンブラ宮殿,アルハンブラ宮殿,,,,05_islamic_culture.md p.348,
イスラーム世界：形成・専制帝国・文化（150用語）,WHS-000150,134,大学受験・標準,文化・技術・学問,アラベスク,あらべすく,,中世,ヨーロッパ,グラナダなどのイスラーム建築,ナスル朝期（1232〜1492年）などの建築装飾,1300,WHS-000150-R01,reverse,核心内容,reverse,どんな装飾で、どこに見られる？,**偶像崇拝を禁止**するイスラーム教の建築で用いられる、**草の茎や葉をモチーフにした幾何学模様**。1232〜1492年の**ナスル朝**がイベリア半島の**グラナダ**に建てた**アルハンブラ宮殿**も、この模様で飾られている。,偶像崇拝を禁止|草の茎や葉をモチーフにした幾何学模様|ナスル朝|グラナダ|アルハンブラ宮殿,,,,05_islamic_culture.md p.348,
イスラーム世界：形成・専制帝国・文化（150用語）,WHS-000150,134,大学受験・標準,文化・技術・学問,アラベスク,あらべすく,,中世,ヨーロッパ,グラナダなどのイスラーム建築,ナスル朝期（1232〜1492年）などの建築装飾,1300,WHS-000150-I01,integrated,統合説明,integrated,「アラベスク」について説明せよ。,**偶像崇拝を禁止**するイスラーム教の建築で用いられる、**草の茎や葉をモチーフにした幾何学模様**。**1232〜1492年**のナスル朝がイベリア半島の**グラナダ**に建てた**アルハンブラ宮殿**にも見られる。,偶像崇拝を禁止|草の茎や葉をモチーフにした幾何学模様|1232〜1492年|グラナダ|アルハンブラ宮殿,,1232〜1492年は装飾の用例に関係するナスル朝の存続期間であり、模様の起源の年代ではない。,,05_islamic_culture.md p.348,
イスラーム世界：形成・専制帝国・文化（150用語）,WHS-000065,81,大学受験・標準,国家・王朝,トゥグルク朝,とぅぐるくちょう,,中世,南アジア,北インド・デリー,1320〜1414年,1320,WHS-000065-B01,beginner,用語の特定,identify,デリー＝スルタン朝のうち、イブン＝バットゥータが訪れ、のちにティムール軍の侵入で衰退した王朝は？,トゥグルク朝,トゥグルク朝,,,,01_islamic_world_formation.md p.331,
イスラーム世界：形成・専制帝国・文化（150用語）,WHS-000065,81,大学受験・標準,国家・王朝,トゥグルク朝,とぅぐるくちょう,,中世,南アジア,北インド・デリー,1320〜1414年,1320,WHS-000065-B02,beginner,時期,time,トゥグルク朝の存続期間は？,1320〜1414年,1320〜1414年,,,,01_islamic_world_formation.md p.331,
イスラーム世界：形成・専制帝国・文化（150用語）,WHS-000065,81,大学受験・標準,国家・王朝,トゥグルク朝,とぅぐるくちょう,,中世,南アジア,北インド・デリー,1320〜1414年,1320,WHS-000065-B03,beginner,中心人物,person,トゥグルク朝を衰退させた侵攻を行った中央アジアの人物は？,ティムール,ティムール,,,,01_islamic_world_formation.md p.331,
イスラーム世界：形成・専制帝国・文化（150用語）,WHS-000065,81,大学受験・標準,国家・王朝,トゥグルク朝,とぅぐるくちょう,,中世,南アジア,北インド・デリー,1320〜1414年,1320,WHS-000065-B04,beginner,中心人物,person,トゥグルク朝の時代のインドを訪れた旅行家は？,イブン＝バットゥータ,イブン＝バットゥータ,,,,01_islamic_world_formation.md p.331,
イスラーム世界：形成・専制帝国・文化（150用語）,WHS-000065,81,大学受験・標準,国家・王朝,トゥグルク朝,とぅぐるくちょう,,中世,南アジア,北インド・デリー,1320〜1414年,1320,WHS-000065-B05,beginner,国家・勢力,actor,トゥグルク朝の直前のデリー＝スルタン朝の王朝は？,ハルジー朝,ハルジー朝,,,,01_islamic_world_formation.md p.331,
イスラーム世界：形成・専制帝国・文化（150用語）,WHS-000065,81,大学受験・標準,国家・王朝,トゥグルク朝,とぅぐるくちょう,,中世,南アジア,北インド・デリー,1320〜1414年,1320,WHS-000065-R01,reverse,時期,time,存在したのはいつ？,**1320〜1414年**,1320〜1414年,,,,01_islamic_world_formation.md p.331,
イスラーム世界：形成・専制帝国・文化（150用語）,WHS-000065,81,大学受験・標準,国家・王朝,トゥグルク朝,とぅぐるくちょう,,中世,南アジア,北インド・デリー,1320〜1414年,1320,WHS-000065-R02,reverse,核心内容,reverse,何が起きた？,北インドの**デリー＝スルタン朝**の一つで、ハルジー朝に続いて成立し、**イブン＝バットゥータ**が訪れた。**ティムール軍の侵入**で衰退し、その後はサイイド朝へと続いた。,デリー＝スルタン朝|イブン＝バットゥータ|ティムール軍の侵入,,,,01_islamic_world_formation.md p.331,
イスラーム世界：形成・専制帝国・文化（150用語）,WHS-000065,81,大学受験・標準,国家・王朝,トゥグルク朝,とぅぐるくちょう,,中世,南アジア,北インド・デリー,1320〜1414年,1320,WHS-000065-I01,integrated,統合説明,integrated,「トゥグルク朝」について説明せよ。,**1320〜1414年**、北インドのデリーを都とした**デリー＝スルタン朝**の一つ。ハルジー朝に続いて成立し、**イブン＝バットゥータ**が訪れたが、**ティムール軍の侵入**で衰退し、その後はサイイド朝へと続いた。,1320〜1414年|デリー＝スルタン朝|イブン＝バットゥータ|ティムール軍の侵入,,,,01_islamic_world_formation.md p.331,
イスラーム世界：形成・専制帝国・文化（150用語）,WHS-000136,120,大学受験・標準,人物,イブン＝バットゥータ,いぶんばっとぅーた,,中世,南アジア,インドを含むイスラーム世界各地,トゥグルク朝期（1320〜1414年）のインドを訪問,1330,WHS-000136-B01,beginner,用語の特定,identify,各地を旅しながら人々に知識を教え、『大旅行記』で知られるウラマーで、トゥグルク朝のインドも訪れた人物は？,イブン＝バットゥータ,イブン＝バットゥータ,,,,05_islamic_culture.md p.347,
イスラーム世界：形成・専制帝国・文化（150用語）,WHS-000136,120,大学受験・標準,人物,イブン＝バットゥータ,いぶんばっとぅーた,,中世,南アジア,インドを含むイスラーム世界各地,トゥグルク朝期（1320〜1414年）のインドを訪問,1330,WHS-000136-B02,beginner,関連,relation,イブン＝バットゥータの旅行で知られる書物は？,大旅行記,大旅行記,三大陸周遊記,,,05_islamic_culture.md p.347,
イスラーム世界：形成・専制帝国・文化（150用語）,WHS-000136,120,大学受験・標準,人物,イブン＝バットゥータ,いぶんばっとぅーた,,中世,南アジア,インドを含むイスラーム世界各地,トゥグルク朝期（1320〜1414年）のインドを訪問,1330,WHS-000136-B03,beginner,国家・勢力,actor,イブン＝バットゥータがインドを訪れたときのデリー＝スルタン朝の王朝は？,トゥグルク朝,トゥグルク朝,,,,05_islamic_culture.md p.347,
イスラーム世界：形成・専制帝国・文化（150用語）,WHS-000136,120,大学受験・標準,人物,イブン＝バットゥータ,いぶんばっとぅーた,,中世,南アジア,インドを含むイスラーム世界各地,トゥグルク朝期（1320〜1414年）のインドを訪問,1330,WHS-000136-B04,beginner,内容,content,イブン＝バットゥータのようなイスラーム世界の知識人を何と呼ぶ？,ウラマー,ウラマー,,,,05_islamic_culture.md p.347,
イスラーム世界：形成・専制帝国・文化（150用語）,WHS-000136,120,大学受験・標準,人物,イブン＝バットゥータ,いぶんばっとぅーた,,中世,南アジア,インドを含むイスラーム世界各地,トゥグルク朝期（1320〜1414年）のインドを訪問,1330,WHS-000136-R01,reverse,核心内容,reverse,何をした？,各地を旅行しながら人々に知識を教えた**ウラマー**で、**『大旅行記』**で知られる。**1320〜1414年**のトゥグルク朝期の**インド**も訪れた。,ウラマー|大旅行記|1320〜1414年|インド,,,,05_islamic_culture.md p.347,
イスラーム世界：形成・専制帝国・文化（150用語）,WHS-000136,120,大学受験・標準,人物,イブン＝バットゥータ,いぶんばっとぅーた,,中世,南アジア,インドを含むイスラーム世界各地,トゥグルク朝期（1320〜1414年）のインドを訪問,1330,WHS-000136-I01,integrated,統合説明,integrated,「イブン＝バットゥータ」について説明せよ。,各地を旅行しながら人々に知識を教えた**ウラマー**で、**『大旅行記』**で知られる。**1320〜1414年**のトゥグルク朝期の**インド**も訪れた。,ウラマー|大旅行記|1320〜1414年|インド,,1320〜1414年は訪問先のトゥグルク朝の存続期間であり、本人の旅行期間ではない。,,05_islamic_culture.md p.347,
イスラーム世界：形成・専制帝国・文化（150用語）,WHS-000089,28,大学受験・基礎,組織・政党,イェニチェリ,いぇにちぇり,,中世,ヨーロッパ・西アジア,オスマン帝国・バルカン半島,14世紀・ムラト1世の時代以降,1362,WHS-000089-B01,beginner,用語の特定,identify,ムラト1世が創設した、スルタン直属の奴隷身分による常備歩兵軍団は？,イェニチェリ,イェニチェリ,,,,03_ottoman_empire.md p.338〜339,
イスラーム世界：形成・専制帝国・文化（150用語）,WHS-000089,28,大学受験・基礎,組織・政党,イェニチェリ,いぇにちぇり,,中世,ヨーロッパ・西アジア,オスマン帝国・バルカン半島,14世紀・ムラト1世の時代以降,1362,WHS-000089-B02,beginner,中心人物,person,イェニチェリを創設したオスマン朝の君主は？,ムラト1世,ムラト1世,,,,03_ottoman_empire.md p.338〜339,
イスラーム世界：形成・専制帝国・文化（150用語）,WHS-000089,28,大学受験・基礎,組織・政党,イェニチェリ,いぇにちぇり,,中世,ヨーロッパ・西アジア,オスマン帝国・バルカン半島,14世紀・ムラト1世の時代以降,1362,WHS-000089-B03,beginner,内容,content,イェニチェリは騎兵ではなく、どの兵種を中心とする軍団？,歩兵,歩兵,,,,03_ottoman_empire.md p.338〜339,
イスラーム世界：形成・専制帝国・文化（150用語）,WHS-000089,28,大学受験・基礎,組織・政党,イェニチェリ,いぇにちぇり,,中世,ヨーロッパ・西アジア,オスマン帝国・バルカン半島,14世紀・ムラト1世の時代以降,1362,WHS-000089-B04,beginner,関連,relation,イェニチェリの人員となるキリスト教徒の少年などを徴用する制度は？,デヴシルメ,デヴシルメ,,,,03_ottoman_empire.md p.338〜339,
イスラーム世界：形成・専制帝国・文化（150用語）,WHS-000089,28,大学受験・基礎,組織・政党,イェニチェリ,いぇにちぇり,,中世,ヨーロッパ・西アジア,オスマン帝国・バルカン半島,14世紀・ムラト1世の時代以降,1362,WHS-000089-B05,beginner,内容,content,イェニチェリが直属したオスマン帝国の君主の称号は？,スルタン,スルタン,,,,03_ottoman_empire.md p.338〜339,
イスラーム世界：形成・専制帝国・文化（150用語）,WHS-000089,28,大学受験・基礎,組織・政党,イェニチェリ,いぇにちぇり,,中世,ヨーロッパ・西アジア,オスマン帝国・バルカン半島,14世紀・ムラト1世の時代以降,1362,WHS-000089-R01,reverse,核心内容,reverse,どんな軍団？,14世紀の**ムラト1世**の時代、オスマン朝で創設された、**スルタン直属の常備歩兵軍団**。**デヴシルメ**でバルカン半島のキリスト教徒の少年を強制的に集め、改宗させた奴隷身分の軍人で構成された。,ムラト1世|スルタン直属の常備歩兵軍団|デヴシルメ,,,,03_ottoman_empire.md p.338〜339,
イスラーム世界：形成・専制帝国・文化（150用語）,WHS-000089,28,大学受験・基礎,組織・政党,イェニチェリ,いぇにちぇり,,中世,ヨーロッパ・西アジア,オスマン帝国・バルカン半島,14世紀・ムラト1世の時代以降,1362,WHS-000089-R02,reverse,核心内容,reverse,奴隷身分と出世はどんな関係だった？,スルタンの直属軍として軍務を担い、奴隷身分でも出世すれば**将軍**になることができた。,将軍,,,,03_ottoman_empire.md p.338〜339,
イスラーム世界：形成・専制帝国・文化（150用語）,WHS-000089,28,大学受験・基礎,組織・政党,イェニチェリ,いぇにちぇり,,中世,ヨーロッパ・西アジア,オスマン帝国・バルカン半島,14世紀・ムラト1世の時代以降,1362,WHS-000089-I01,integrated,統合説明,integrated,「イェニチェリ」について説明せよ。,**14世紀**、ムラト1世がオスマン朝で創設した、**スルタン直属の常備歩兵軍団**。**デヴシルメ**でバルカン半島のキリスト教徒の少年を強制的に集め、改宗させた奴隷身分の軍人で構成されたが、出世すれば**将軍**にもなれた。,14世紀|スルタン直属の常備歩兵軍団|デヴシルメ|将軍,,,,03_ottoman_empire.md p.338〜339,
イスラーム世界：形成・専制帝国・文化（150用語）,WHS-000088,94,大学受験・標準,人物,ムラト1世,むらといっせい,,中世,ヨーロッパ・西アジア,バルカン半島・アドリアノープル,在位1362〜1389年,1362,WHS-000088-B01,beginner,用語の特定,identify,アドリアノープルを都とし、イェニチェリを創設して、コソヴォの戦いでスラヴ人勢力を破ったオスマン朝の君主は？,ムラト1世,ムラト1世,,,,03_ottoman_empire.md p.338〜339,
イスラーム世界：形成・専制帝国・文化（150用語）,WHS-000088,94,大学受験・標準,人物,ムラト1世,むらといっせい,,中世,ヨーロッパ・西アジア,バルカン半島・アドリアノープル,在位1362〜1389年,1362,WHS-000088-B02,beginner,地域,place,ムラト1世が遷都した都市は？,アドリアノープル,アドリアノープル,エディルネ,,,03_ottoman_empire.md p.338〜339,
イスラーム世界：形成・専制帝国・文化（150用語）,WHS-000088,94,大学受験・標準,人物,ムラト1世,むらといっせい,,中世,ヨーロッパ・西アジア,バルカン半島・アドリアノープル,在位1362〜1389年,1362,WHS-000088-B03,beginner,関連,relation,ムラト1世が創設したスルタン直属の常備歩兵軍団は？,イェニチェリ,イェニチェリ,,,,03_ottoman_empire.md p.338〜339,
イスラーム世界：形成・専制帝国・文化（150用語）,WHS-000088,94,大学受験・標準,人物,ムラト1世,むらといっせい,,中世,ヨーロッパ・西アジア,バルカン半島・アドリアノープル,在位1362〜1389年,1362,WHS-000088-B04,beginner,関連,relation,ムラト1世がセルビア・ボスニアなどの連合軍を破った戦いは？,コソヴォの戦い,コソヴォの戦い,,,,03_ottoman_empire.md p.338〜339,
イスラーム世界：形成・専制帝国・文化（150用語）,WHS-000088,94,大学受験・標準,人物,ムラト1世,むらといっせい,,中世,ヨーロッパ・西アジア,バルカン半島・アドリアノープル,在位1362〜1389年,1362,WHS-000088-B05,beginner,時期,time,ムラト1世がコソヴォの戦いで戦ったのは何年？,1389年,1389年,,,,03_ottoman_empire.md p.338〜339,
イスラーム世界：形成・専制帝国・文化（150用語）,WHS-000088,94,大学受験・標準,人物,ムラト1世,むらといっせい,,中世,ヨーロッパ・西アジア,バルカン半島・アドリアノープル,在位1362〜1389年,1362,WHS-000088-R01,reverse,時期,time,君主として在位したのはいつ？,**1362〜1389年**,1362〜1389年,,,,03_ottoman_empire.md p.338〜339,
イスラーム世界：形成・専制帝国・文化（150用語）,WHS-000088,94,大学受験・標準,人物,ムラト1世,むらといっせい,,中世,ヨーロッパ・西アジア,バルカン半島・アドリアノープル,在位1362〜1389年,1362,WHS-000088-R02,reverse,核心内容,reverse,何をした？,バルカン半島へ進出し、**アドリアノープル**へ遷都した。**イェニチェリ**を創設し、ウラマーを登用して宰相制度を整えたが、1389年の**コソヴォの戦い**でセルビア・ボスニアなどの連合軍を破るなか暗殺された。,アドリアノープル|イェニチェリ|コソヴォの戦い,,,,03_ottoman_empire.md p.338〜339,
イスラーム世界：形成・専制帝国・文化（150用語）,WHS-000088,94,大学受験・標準,人物,ムラト1世,むらといっせい,,中世,ヨーロッパ・西アジア,バルカン半島・アドリアノープル,在位1362〜1389年,1362,WHS-000088-I01,integrated,統合説明,integrated,「ムラト1世」について説明せよ。,**1362〜1389年**に在位したオスマン朝の君主で、バルカン半島へ進出し、**アドリアノープル**へ遷都した。**イェニチェリ**を創設し宰相制度を整えたが、1389年の**コソヴォの戦い**でセルビア・ボスニアなどを破るなか暗殺された。,1362〜1389年|アドリアノープル|イェニチェリ|コソヴォの戦い,,,,03_ottoman_empire.md p.338〜339,
イスラーム世界：形成・専制帝国・文化（150用語）,WHS-000071,23,大学受験・基礎,人物,ティムール,てぃむーる,,中世,西アジア・中央アジア・南アジア,中央アジア・サマルカンドから西アジア／インド,1370年政権成立・1402年アンカラの戦い,1370,WHS-000071-B01,beginner,用語の特定,identify,チンギス＝ハンの後継者を称してサマルカンドに政権を開き、アンカラの戦いでバヤジット1世を捕らえた人物は？,ティムール,ティムール,,,,02_timur_and_safavid.md p.334〜335,
イスラーム世界：形成・専制帝国・文化（150用語）,WHS-000071,23,大学受験・基礎,人物,ティムール,てぃむーる,,中世,西アジア・中央アジア・南アジア,中央アジア・サマルカンドから西アジア／インド,1370年政権成立・1402年アンカラの戦い,1370,WHS-000071-B02,beginner,時期,time,ティムールが王朝を開いたのは何年？,1370年,1370年,,,1370：「いざ名をあげよう　ティムールおじさん」ティムール朝成立,02_timur_and_safavid.md p.334〜335,
イスラーム世界：形成・専制帝国・文化（150用語）,WHS-000071,23,大学受験・基礎,人物,ティムール,てぃむーる,,中世,西アジア・中央アジア・南アジア,中央アジア・サマルカンドから西アジア／インド,1370年政権成立・1402年アンカラの戦い,1370,WHS-000071-B03,beginner,地域,place,ティムールが政権の都とした都市は？,サマルカンド,サマルカンド,,,,02_timur_and_safavid.md p.334〜335,
イスラーム世界：形成・専制帝国・文化（150用語）,WHS-000071,23,大学受験・基礎,人物,ティムール,てぃむーる,,中世,西アジア・中央アジア・南アジア,中央アジア・サマルカンドから西アジア／インド,1370年政権成立・1402年アンカラの戦い,1370,WHS-000071-B04,beginner,中心人物,person,ティムールがアンカラの戦いで捕虜にしたオスマン朝の君主は？,バヤジット1世,バヤジット1世,,,,02_timur_and_safavid.md p.334〜335,
イスラーム世界：形成・専制帝国・文化（150用語）,WHS-000071,23,大学受験・基礎,人物,ティムール,てぃむーる,,中世,西アジア・中央アジア・南アジア,中央アジア・サマルカンドから西アジア／インド,1370年政権成立・1402年アンカラの戦い,1370,WHS-000071-B05,beginner,国家・勢力,actor,ティムールがデリーを略奪して衰退させたインド王朝は？,トゥグルク朝,トゥグルク朝,,,,02_timur_and_safavid.md p.334〜335,
イスラーム世界：形成・専制帝国・文化（150用語）,WHS-000071,23,大学受験・基礎,人物,ティムール,てぃむーる,,中世,西アジア・中央アジア・南アジア,中央アジア・サマルカンドから西アジア／インド,1370年政権成立・1402年アンカラの戦い,1370,WHS-000071-B06,beginner,国家・勢力,actor,ティムールが最後に遠征を目指した中国王朝は？,明,明,,,,02_timur_and_safavid.md p.334〜335,
イスラーム世界：形成・専制帝国・文化（150用語）,WHS-000071,23,大学受験・基礎,人物,ティムール,てぃむーる,,中世,西アジア・中央アジア・南アジア,中央アジア・サマルカンドから西アジア／インド,1370年政権成立・1402年アンカラの戦い,1370,WHS-000071-R01,reverse,時期,time,政権を開いたのはいつ？,**1370年**,1370年,,,1370：「いざ名をあげよう　ティムールおじさん」ティムール朝成立,02_timur_and_safavid.md p.334〜335,
イスラーム世界：形成・専制帝国・文化（150用語）,WHS-000071,23,大学受験・基礎,人物,ティムール,てぃむーる,,中世,西アジア・中央アジア・南アジア,中央アジア・サマルカンドから西アジア／インド,1370年政権成立・1402年アンカラの戦い,1370,WHS-000071-R02,reverse,核心内容,reverse,何をした？,**サマルカンド**を都に、チンギス＝ハンの後継者を称して中央アジア・イラン・インドなどへ遠征した。デリーの略奪で**トゥグルク朝**を衰退させ、**1402年**の**アンカラの戦い**でバヤジット1世を捕虜にし、オスマン朝を一時中断させた。,サマルカンド|トゥグルク朝|1402年|アンカラの戦い,,,1402：「オスマン軍は　ひ弱になった」アンカラの戦い,02_timur_and_safavid.md p.334〜335,
イスラーム世界：形成・専制帝国・文化（150用語）,WHS-000071,23,大学受験・基礎,人物,ティムール,てぃむーる,,中世,西アジア・中央アジア・南アジア,中央アジア・サマルカンドから西アジア／インド,1370年政権成立・1402年アンカラの戦い,1370,WHS-000071-R03,reverse,核心内容,reverse,最後の遠征はどうなった？,モンゴル宗家の元を追いやった**明**への遠征を目指したが、途中の中央アジアの**オトラル**で病死した。,明|オトラル,,,,02_timur_and_safavid.md p.334〜335,
イスラーム世界：形成・専制帝国・文化（150用語）,WHS-000071,23,大学受験・基礎,人物,ティムール,てぃむーる,,中世,西アジア・中央アジア・南アジア,中央アジア・サマルカンドから西アジア／インド,1370年政権成立・1402年アンカラの戦い,1370,WHS-000071-I01,integrated,統合説明,integrated,「ティムール」について説明せよ。,**1370年**、中央アジアの**サマルカンド**に政権を開き、チンギス＝ハンの後継者を称してイランやインドなどへ遠征した人物。デリーを略奪してトゥグルク朝を衰退させ、**1402年**の**アンカラの戦い**でバヤジット1世を捕虜にしてオスマン朝を一時中断させた。最後は**明**への遠征途中にオトラルで病死した。,1370年|サマルカンド|1402年|アンカラの戦い|明,,,1370：「いざ名をあげよう　ティムールおじさん」ティムール朝成立|1402：「オスマン軍は　ひ弱になった」アンカラの戦い,02_timur_and_safavid.md p.334〜335,
イスラーム世界：形成・専制帝国・文化（150用語）,WHS-000072,24,大学受験・基礎,国家・王朝,ティムール朝,てぃむーるちょう,,中世,中央アジア,中央アジア・サマルカンド／ヘラート,1370年成立,1370,WHS-000072-B01,beginner,用語の特定,identify,西チャガタイ＝ハン国出身の征服者がサマルカンドに開き、のちにヘラートを都として文化が栄えた王朝は？,ティムール朝,ティムール朝,,,,02_timur_and_safavid.md p.334〜335,
イスラーム世界：形成・専制帝国・文化（150用語）,WHS-000072,24,大学受験・基礎,国家・王朝,ティムール朝,てぃむーるちょう,,中世,中央アジア,中央アジア・サマルカンド／ヘラート,1370年成立,1370,WHS-000072-B02,beginner,時期,time,ティムール朝が成立したのは何年？,1370年,1370年,,,1370：「いざ名をあげよう　ティムールおじさん」ティムール朝成立,02_timur_and_safavid.md p.334〜335,
イスラーム世界：形成・専制帝国・文化（150用語）,WHS-000072,24,大学受験・基礎,国家・王朝,ティムール朝,てぃむーるちょう,,中世,中央アジア,中央アジア・サマルカンド／ヘラート,1370年成立,1370,WHS-000072-B03,beginner,中心人物,person,ティムール朝の創始者は？,ティムール,ティムール,,,,02_timur_and_safavid.md p.334〜335,
イスラーム世界：形成・専制帝国・文化（150用語）,WHS-000072,24,大学受験・基礎,国家・王朝,ティムール朝,てぃむーるちょう,,中世,中央アジア,中央アジア・サマルカンド／ヘラート,1370年成立,1370,WHS-000072-B04,beginner,地域,place,ティムール朝がシャー＝ルフの時代に都とした都市は？,ヘラート,ヘラート,,,,02_timur_and_safavid.md p.334〜335,
イスラーム世界：形成・専制帝国・文化（150用語）,WHS-000072,24,大学受験・基礎,国家・王朝,ティムール朝,てぃむーるちょう,,中世,中央アジア,中央アジア・サマルカンド／ヘラート,1370年成立,1370,WHS-000072-B05,beginner,国家・勢力,actor,ティムール朝を滅ぼした、シャイバーニーの属する人々は？,ウズベク人,ウズベク人,,,,02_timur_and_safavid.md p.334〜335,
イスラーム世界：形成・専制帝国・文化（150用語）,WHS-000072,24,大学受験・基礎,国家・王朝,ティムール朝,てぃむーるちょう,,中世,中央アジア,中央アジア・サマルカンド／ヘラート,1370年成立,1370,WHS-000072-R01,reverse,時期,time,成立したのはいつ？,**1370年**,1370年,,,1370：「いざ名をあげよう　ティムールおじさん」ティムール朝成立,02_timur_and_safavid.md p.334〜335,
イスラーム世界：形成・専制帝国・文化（150用語）,WHS-000072,24,大学受験・基礎,国家・王朝,ティムール朝,てぃむーるちょう,,中世,中央アジア,中央アジア・サマルカンド／ヘラート,1370年成立,1370,WHS-000072-R02,reverse,核心内容,reverse,何をした？,**ティムール**が中央アジアの**サマルカンド**に開き、広域の征服を行った王朝。後のシャー＝ルフは**ヘラート**を都とし、交易や文化を保護して、細密画やトルコ語文学などが発展した。,ティムール|サマルカンド|ヘラート,,,,02_timur_and_safavid.md p.334〜335,
イスラーム世界：形成・専制帝国・文化（150用語）,WHS-000072,24,大学受験・基礎,国家・王朝,ティムール朝,てぃむーるちょう,,中世,中央アジア,中央アジア・サマルカンド／ヘラート,1370年成立,1370,WHS-000072-R03,reverse,核心内容,reverse,どのように衰退した？,シャー＝ルフの死後、一族が分裂して内紛となった。ウズベク人の**シャイバーニー**が勢力を伸ばし、ティムール朝を滅ぼした。,シャイバーニー,,,,02_timur_and_safavid.md p.334〜335,
イスラーム世界：形成・専制帝国・文化（150用語）,WHS-000072,24,大学受験・基礎,国家・王朝,ティムール朝,てぃむーるちょう,,中世,中央アジア,中央アジア・サマルカンド／ヘラート,1370年成立,1370,WHS-000072-I01,integrated,統合説明,integrated,「ティムール朝」について説明せよ。,**1370年**、ティムールが中央アジアの**サマルカンド**に開いた王朝。シャー＝ルフの時代には**ヘラート**を都とし、交易や細密画・トルコ語文学などの文化を保護した。その死後は一族の内紛で衰退し、ウズベク人の**シャイバーニー**に滅ぼされた。,1370年|サマルカンド|ヘラート|シャイバーニー,,,1370：「いざ名をあげよう　ティムールおじさん」ティムール朝成立,02_timur_and_safavid.md p.334〜335,
イスラーム世界：形成・専制帝国・文化（150用語）,WHS-000133,117,大学受験・標準,人物,イブン＝ハルドゥーン,いぶんはるどぅーん,,中世,アフリカ,エジプトを中心とするマムルーク朝,マムルーク朝期（1250〜1517年）,1370,WHS-000133-B01,beginner,用語の特定,identify,マムルーク朝の学者で、定住民と遊牧民の交代による歴史展開を『世界史序説』で理論化した人物は？,イブン＝ハルドゥーン,イブン＝ハルドゥーン,,,,05_islamic_culture.md p.347,
イスラーム世界：形成・専制帝国・文化（150用語）,WHS-000133,117,大学受験・標準,人物,イブン＝ハルドゥーン,いぶんはるどぅーん,,中世,アフリカ,エジプトを中心とするマムルーク朝,マムルーク朝期（1250〜1517年）,1370,WHS-000133-B02,beginner,関連,relation,イブン＝ハルドゥーンが著した歴史理論の書物は？,世界史序説,世界史序説,,,,05_islamic_culture.md p.347,
イスラーム世界：形成・専制帝国・文化（150用語）,WHS-000133,117,大学受験・標準,人物,イブン＝ハルドゥーン,いぶんはるどぅーん,,中世,アフリカ,エジプトを中心とするマムルーク朝,マムルーク朝期（1250〜1517年）,1370,WHS-000133-B03,beginner,国家・勢力,actor,イブン＝ハルドゥーンが活動した王朝として資料に挙げられるのは？,マムルーク朝,マムルーク朝,,,,05_islamic_culture.md p.347,
イスラーム世界：形成・専制帝国・文化（150用語）,WHS-000133,117,大学受験・標準,人物,イブン＝ハルドゥーン,いぶんはるどぅーん,,中世,アフリカ,エジプトを中心とするマムルーク朝,マムルーク朝期（1250〜1517年）,1370,WHS-000133-B04,beginner,内容,content,イブン＝ハルドゥーンが歴史展開を説明するうえで交代に着目した二つの集団は？,定住民と遊牧民,定住民と遊牧民,遊牧民と定住民,,,05_islamic_culture.md p.347,
イスラーム世界：形成・専制帝国・文化（150用語）,WHS-000133,117,大学受験・標準,人物,イブン＝ハルドゥーン,いぶんはるどぅーん,,中世,アフリカ,エジプトを中心とするマムルーク朝,マムルーク朝期（1250〜1517年）,1370,WHS-000133-R01,reverse,核心内容,reverse,何をした？,エジプトを中心とする**マムルーク朝**期（1250〜1517年）の学者で、**『世界史序説』**を著した。都市の**定住民**と**遊牧民**の交代によって、歴史の展開を理論化した。,マムルーク朝|世界史序説|定住民|遊牧民,,,,05_islamic_culture.md p.347,
イスラーム世界：形成・専制帝国・文化（150用語）,WHS-000133,117,大学受験・標準,人物,イブン＝ハルドゥーン,いぶんはるどぅーん,,中世,アフリカ,エジプトを中心とするマムルーク朝,マムルーク朝期（1250〜1517年）,1370,WHS-000133-I01,integrated,統合説明,integrated,「イブン＝ハルドゥーン」について説明せよ。,エジプトを中心とする**マムルーク朝**期（1250〜1517年）の学者。**『世界史序説』**を著し、都市の**定住民**と**遊牧民**の交代によって歴史の展開を理論化した。,マムルーク朝|世界史序説|定住民|遊牧民,,年代は資料に示された所属王朝の存続期間であり、本人の生没年や作品の成立年ではない。,,05_islamic_culture.md p.347,
イスラーム世界：形成・専制帝国・文化（150用語）,WHS-000134,118,大学受験・標準,文書・作品,世界史序説,せかいしじょせつ,,中世,アフリカ,エジプトを中心とするマムルーク朝,マムルーク朝期（1250〜1517年）の歴史学,1370,WHS-000134-B01,beginner,用語の特定,identify,イブン＝ハルドゥーンが、定住民と遊牧民の交代による歴史展開を理論化した著作は？,世界史序説,世界史序説,,,,05_islamic_culture.md p.347,
イスラーム世界：形成・専制帝国・文化（150用語）,WHS-000134,118,大学受験・標準,文書・作品,世界史序説,せかいしじょせつ,,中世,アフリカ,エジプトを中心とするマムルーク朝,マムルーク朝期（1250〜1517年）の歴史学,1370,WHS-000134-B02,beginner,中心人物,person,世界史序説の著者は？,イブン＝ハルドゥーン,イブン＝ハルドゥーン,,,,05_islamic_culture.md p.347,
イスラーム世界：形成・専制帝国・文化（150用語）,WHS-000134,118,大学受験・標準,文書・作品,世界史序説,せかいしじょせつ,,中世,アフリカ,エジプトを中心とするマムルーク朝,マムルーク朝期（1250〜1517年）の歴史学,1370,WHS-000134-B03,beginner,内容,content,世界史序説で歴史の展開を説明するために交代に着目した二つの集団は？,定住民と遊牧民,定住民と遊牧民,遊牧民と定住民,,,05_islamic_culture.md p.347,
イスラーム世界：形成・専制帝国・文化（150用語）,WHS-000134,118,大学受験・標準,文書・作品,世界史序説,せかいしじょせつ,,中世,アフリカ,エジプトを中心とするマムルーク朝,マムルーク朝期（1250〜1517年）の歴史学,1370,WHS-000134-B04,beginner,国家・勢力,actor,世界史序説の著者が活動した王朝として資料に示されるのは？,マムルーク朝,マムルーク朝,,,,05_islamic_culture.md p.347,
イスラーム世界：形成・専制帝国・文化（150用語）,WHS-000134,118,大学受験・標準,文書・作品,世界史序説,せかいしじょせつ,,中世,アフリカ,エジプトを中心とするマムルーク朝,マムルーク朝期（1250〜1517年）の歴史学,1370,WHS-000134-R01,reverse,核心内容,reverse,何が書かれている？,エジプトを中心とする**マムルーク朝**期（1250〜1517年）の**イブン＝ハルドゥーン**の著作。都市の**定住民**と**遊牧民**の交代に着目し、歴史の展開を理論化している。,マムルーク朝|イブン＝ハルドゥーン|定住民|遊牧民,,,,05_islamic_culture.md p.347,
イスラーム世界：形成・専制帝国・文化（150用語）,WHS-000134,118,大学受験・標準,文書・作品,世界史序説,せかいしじょせつ,,中世,アフリカ,エジプトを中心とするマムルーク朝,マムルーク朝期（1250〜1517年）の歴史学,1370,WHS-000134-I01,integrated,統合説明,integrated,「世界史序説」について説明せよ。,エジプトを中心とする**マムルーク朝**期（1250〜1517年）の**イブン＝ハルドゥーン**の著作。都市の**定住民**と**遊牧民**の交代によって歴史の展開を理論化した。,マムルーク朝|イブン＝ハルドゥーン|定住民|遊牧民,,年代は資料に示された所属王朝の存続期間であり、本人の生没年や作品の成立年ではない。,,05_islamic_culture.md p.347,
イスラーム世界：形成・専制帝国・文化（150用語）,WHS-000091,96,大学受験・標準,戦争,コソヴォの戦い,こそゔぉのたたかい,,中世,ヨーロッパ,バルカン半島,1389年,1389,WHS-000091-B01,beginner,用語の特定,identify,ムラト1世のオスマン軍がセルビア・ボスニアなどのスラヴ人連合軍を破った戦いは？,コソヴォの戦い,コソヴォの戦い,,,,03_ottoman_empire.md p.338〜339,
イスラーム世界：形成・専制帝国・文化（150用語）,WHS-000091,96,大学受験・標準,戦争,コソヴォの戦い,こそゔぉのたたかい,,中世,ヨーロッパ,バルカン半島,1389年,1389,WHS-000091-B02,beginner,時期,time,コソヴォの戦いが戦われたのは何年？,1389年,1389年,,,,03_ottoman_empire.md p.338〜339,
イスラーム世界：形成・専制帝国・文化（150用語）,WHS-000091,96,大学受験・標準,戦争,コソヴォの戦い,こそゔぉのたたかい,,中世,ヨーロッパ,バルカン半島,1389年,1389,WHS-000091-B03,beginner,中心人物,person,コソヴォの戦いでオスマン朝を率いた君主は？,ムラト1世,ムラト1世,,,,03_ottoman_empire.md p.338〜339,
イスラーム世界：形成・専制帝国・文化（150用語）,WHS-000091,96,大学受験・標準,戦争,コソヴォの戦い,こそゔぉのたたかい,,中世,ヨーロッパ,バルカン半島,1389年,1389,WHS-000091-B04,beginner,国家・勢力,actor,コソヴォの戦いでオスマン軍が破った連合軍の中心二国は？,セルビアとボスニア,セルビアとボスニア,ボスニアとセルビア,,,03_ottoman_empire.md p.338〜339,
イスラーム世界：形成・専制帝国・文化（150用語）,WHS-000091,96,大学受験・標準,戦争,コソヴォの戦い,こそゔぉのたたかい,,中世,ヨーロッパ,バルカン半島,1389年,1389,WHS-000091-R01,reverse,時期,time,戦われたのはいつ？,**1389年**,1389年,,,,03_ottoman_empire.md p.338〜339,
イスラーム世界：形成・専制帝国・文化（150用語）,WHS-000091,96,大学受験・標準,戦争,コソヴォの戦い,こそゔぉのたたかい,,中世,ヨーロッパ,バルカン半島,1389年,1389,WHS-000091-R02,reverse,核心内容,reverse,何が起きた？,バルカン半島へ進出した**ムラト1世**のオスマン軍が、**セルビア・ボスニア**などのスラヴ人連合軍を破った。ただし、ムラト1世は戦いの最中に暗殺された。,ムラト1世|セルビア・ボスニア,,,,03_ottoman_empire.md p.338〜339,
イスラーム世界：形成・専制帝国・文化（150用語）,WHS-000091,96,大学受験・標準,戦争,コソヴォの戦い,こそゔぉのたたかい,,中世,ヨーロッパ,バルカン半島,1389年,1389,WHS-000091-I01,integrated,統合説明,integrated,「コソヴォの戦い」について説明せよ。,**1389年**、バルカン半島で**ムラト1世**のオスマン軍が、**セルビア・ボスニア**などのスラヴ人連合軍を破った戦い。ムラト1世は戦いの最中に暗殺された。,1389年|ムラト1世|セルビア・ボスニア,,,,03_ottoman_empire.md p.338〜339,
イスラーム世界：形成・専制帝国・文化（150用語）,WHS-000092,97,大学受験・標準,人物,バヤジット1世,ばやじっといっせい,,中世,西アジア・ヨーロッパ,バルカン半島・アナトリア,在位1389〜1402年,1389,WHS-000092-B01,beginner,用語の特定,identify,ニコポリスでヨーロッパ連合十字軍を破ったが、アンカラでティムールに敗れ捕虜となったオスマン朝の君主は？,バヤジット1世,バヤジット1世,,,,03_ottoman_empire.md p.338〜339,
イスラーム世界：形成・専制帝国・文化（150用語）,WHS-000092,97,大学受験・標準,人物,バヤジット1世,ばやじっといっせい,,中世,西アジア・ヨーロッパ,バルカン半島・アナトリア,在位1389〜1402年,1389,WHS-000092-B02,beginner,関連,relation,バヤジット1世がヨーロッパ連合十字軍を破った戦いは？,ニコポリスの戦い,ニコポリスの戦い,,,,03_ottoman_empire.md p.338〜339,
イスラーム世界：形成・専制帝国・文化（150用語）,WHS-000092,97,大学受験・標準,人物,バヤジット1世,ばやじっといっせい,,中世,西アジア・ヨーロッパ,バルカン半島・アナトリア,在位1389〜1402年,1389,WHS-000092-B03,beginner,関連,relation,バヤジット1世がティムールに敗れた戦いは？,アンカラの戦い,アンカラの戦い,,,,03_ottoman_empire.md p.338〜339,
イスラーム世界：形成・専制帝国・文化（150用語）,WHS-000092,97,大学受験・標準,人物,バヤジット1世,ばやじっといっせい,,中世,西アジア・ヨーロッパ,バルカン半島・アナトリア,在位1389〜1402年,1389,WHS-000092-B04,beginner,時期,time,バヤジット1世がアンカラの戦いで敗れたのは何年？,1402年,1402年,,,1402：「オスマン軍は　ひ弱になった」アンカラの戦い,03_ottoman_empire.md p.338〜339,
イスラーム世界：形成・専制帝国・文化（150用語）,WHS-000092,97,大学受験・標準,人物,バヤジット1世,ばやじっといっせい,,中世,西アジア・ヨーロッパ,バルカン半島・アナトリア,在位1389〜1402年,1389,WHS-000092-R01,reverse,時期,time,君主として在位したのはいつ？,**1389〜1402年**,1389〜1402年,,,,03_ottoman_empire.md p.338〜339,
イスラーム世界：形成・専制帝国・文化（150用語）,WHS-000092,97,大学受験・標準,人物,バヤジット1世,ばやじっといっせい,,中世,西アジア・ヨーロッパ,バルカン半島・アナトリア,在位1389〜1402年,1389,WHS-000092-R02,reverse,核心内容,reverse,何をした？,バルカン半島とアナトリアへ征服を進め、**1396年**の**ニコポリスの戦い**でヨーロッパ連合十字軍を破った。しかし**1402年**の**アンカラの戦い**でティムールに敗れて捕虜となり、オスマン朝は一時中断した。,1396年|ニコポリスの戦い|1402年|アンカラの戦い,,,1402：「オスマン軍は　ひ弱になった」アンカラの戦い,03_ottoman_empire.md p.338〜339,
イスラーム世界：形成・専制帝国・文化（150用語）,WHS-000092,97,大学受験・標準,人物,バヤジット1世,ばやじっといっせい,,中世,西アジア・ヨーロッパ,バルカン半島・アナトリア,在位1389〜1402年,1389,WHS-000092-I01,integrated,統合説明,integrated,「バヤジット1世」について説明せよ。,**1389〜1402年**に在位し、バルカン半島とアナトリアへ征服を進めたオスマン朝の君主。1396年の**ニコポリスの戦い**で連合十字軍を破ったが、**1402年**の**アンカラの戦い**でティムールに敗れて捕虜となり、王朝は一時中断した。,1389〜1402年|ニコポリスの戦い|1402年|アンカラの戦い,,,1402：「オスマン軍は　ひ弱になった」アンカラの戦い,03_ottoman_empire.md p.338〜339,
イスラーム世界：形成・専制帝国・文化（150用語）,WHS-000093,98,大学受験・標準,戦争,ニコポリスの戦い,にこぽりすのたたかい,,中世,ヨーロッパ,ブルガリア北部・ドナウ川付近,1396年,1396,WHS-000093-B01,beginner,用語の特定,identify,バヤジット1世のオスマン軍が、ハンガリー王ジギスムント率いるヨーロッパ連合十字軍を破った戦いは？,ニコポリスの戦い,ニコポリスの戦い,,,,03_ottoman_empire.md p.338〜339,
イスラーム世界：形成・専制帝国・文化（150用語）,WHS-000093,98,大学受験・標準,戦争,ニコポリスの戦い,にこぽりすのたたかい,,中世,ヨーロッパ,ブルガリア北部・ドナウ川付近,1396年,1396,WHS-000093-B02,beginner,時期,time,ニコポリスの戦いが戦われたのは何年？,1396年,1396年,,,,03_ottoman_empire.md p.338〜339,
イスラーム世界：形成・専制帝国・文化（150用語）,WHS-000093,98,大学受験・標準,戦争,ニコポリスの戦い,にこぽりすのたたかい,,中世,ヨーロッパ,ブルガリア北部・ドナウ川付近,1396年,1396,WHS-000093-B03,beginner,中心人物,person,ニコポリスの戦いでオスマン軍を率いた君主は？,バヤジット1世,バヤジット1世,,,,03_ottoman_empire.md p.338〜339,
イスラーム世界：形成・専制帝国・文化（150用語）,WHS-000093,98,大学受験・標準,戦争,ニコポリスの戦い,にこぽりすのたたかい,,中世,ヨーロッパ,ブルガリア北部・ドナウ川付近,1396年,1396,WHS-000093-B04,beginner,中心人物,person,ニコポリスの戦いでヨーロッパ連合十字軍を率いたハンガリー王は？,ジギスムント,ジギスムント,,,,03_ottoman_empire.md p.338〜339,
イスラーム世界：形成・専制帝国・文化（150用語）,WHS-000093,98,大学受験・標準,戦争,ニコポリスの戦い,にこぽりすのたたかい,,中世,ヨーロッパ,ブルガリア北部・ドナウ川付近,1396年,1396,WHS-000093-R01,reverse,時期,time,戦われたのはいつ？,**1396年**,1396年,,,,03_ottoman_empire.md p.338〜339,
イスラーム世界：形成・専制帝国・文化（150用語）,WHS-000093,98,大学受験・標準,戦争,ニコポリスの戦い,にこぽりすのたたかい,,中世,ヨーロッパ,ブルガリア北部・ドナウ川付近,1396年,1396,WHS-000093-R02,reverse,核心内容,reverse,何が起きた？,ブルガリア北部のドナウ川付近で、**バヤジット1世**のオスマン軍が、ハンガリー王**ジギスムント**率いるヨーロッパ連合十字軍を破った。**イェニチェリ**による集団戦法の強さを示した。,バヤジット1世|ジギスムント|イェニチェリ,,,,03_ottoman_empire.md p.338〜339,
イスラーム世界：形成・専制帝国・文化（150用語）,WHS-000093,98,大学受験・標準,戦争,ニコポリスの戦い,にこぽりすのたたかい,,中世,ヨーロッパ,ブルガリア北部・ドナウ川付近,1396年,1396,WHS-000093-I01,integrated,統合説明,integrated,「ニコポリスの戦い」について説明せよ。,**1396年**、ブルガリア北部のドナウ川付近で、**バヤジット1世**のオスマン軍がハンガリー王**ジギスムント**率いるヨーロッパ連合十字軍を破った戦い。**イェニチェリ**による集団戦法の強さを示した。,1396年|バヤジット1世|ジギスムント|イェニチェリ,,,,03_ottoman_empire.md p.338〜339,
イスラーム世界：形成・専制帝国・文化（150用語）,WHS-000090,95,大学受験・標準,制度・政策・法律,デヴシルメ,でゔしるめ,,中世,ヨーロッパ・西アジア,バルカン半島・オスマン帝国,オスマン帝国期（1299〜1922年）,1400,WHS-000090-B01,beginner,用語の特定,identify,オスマン帝国がキリスト教徒の少年を強制的に集め、改宗させて軍人や宮廷の人材に用いた制度は？,デヴシルメ,デヴシルメ,,,,03_ottoman_empire.md p.339,
イスラーム世界：形成・専制帝国・文化（150用語）,WHS-000090,95,大学受験・標準,制度・政策・法律,デヴシルメ,でゔしるめ,,中世,ヨーロッパ・西アジア,バルカン半島・オスマン帝国,オスマン帝国期（1299〜1922年）,1400,WHS-000090-B02,beginner,国家・勢力,actor,デヴシルメで人材として集められた、資料に示される宗教・年齢集団は？,キリスト教徒の少年,キリスト教徒の少年,,,,03_ottoman_empire.md p.339,
イスラーム世界：形成・専制帝国・文化（150用語）,WHS-000090,95,大学受験・標準,制度・政策・法律,デヴシルメ,でゔしるめ,,中世,ヨーロッパ・西アジア,バルカン半島・オスマン帝国,オスマン帝国期（1299〜1922年）,1400,WHS-000090-B03,beginner,関連,relation,デヴシルメで集められた少年が加わる代表的な常備歩兵軍団は？,イェニチェリ,イェニチェリ,,,,03_ottoman_empire.md p.339,
イスラーム世界：形成・専制帝国・文化（150用語）,WHS-000090,95,大学受験・標準,制度・政策・法律,デヴシルメ,でゔしるめ,,中世,ヨーロッパ・西アジア,バルカン半島・オスマン帝国,オスマン帝国期（1299〜1922年）,1400,WHS-000090-B04,beginner,内容,content,デヴシルメで特に優秀な者が宮廷に入った後、出世して就く可能性があった高位の官職は？,宰相,宰相,,,,03_ottoman_empire.md p.339,
イスラーム世界：形成・専制帝国・文化（150用語）,WHS-000090,95,大学受験・標準,制度・政策・法律,デヴシルメ,でゔしるめ,,中世,ヨーロッパ・西アジア,バルカン半島・オスマン帝国,オスマン帝国期（1299〜1922年）,1400,WHS-000090-R01,reverse,核心内容,reverse,どんな制度？,**オスマン帝国期（1299〜1922年）**のバルカン半島などで、キリスト教徒の少年を強制的に集め、**イスラームへ改宗**させて人材として徴用した制度。**イェニチェリ**の兵士や宮廷奴隷となり、後者には宰相へ進む道もあった。,オスマン帝国期（1299〜1922年）|イスラームへ改宗|イェニチェリ,,,,03_ottoman_empire.md p.339,
イスラーム世界：形成・専制帝国・文化（150用語）,WHS-000090,95,大学受験・標準,制度・政策・法律,デヴシルメ,でゔしるめ,,中世,ヨーロッパ・西アジア,バルカン半島・オスマン帝国,オスマン帝国期（1299〜1922年）,1400,WHS-000090-I01,integrated,統合説明,integrated,「デヴシルメ」について説明せよ。,**オスマン帝国期（1299〜1922年）**、バルカン半島などのキリスト教徒の少年を強制的に集め、**イスラームへ改宗**させて徴用した制度。**イェニチェリ**の兵士や宮廷奴隷となり、後者には宰相へ進む道もあった。,オスマン帝国期（1299〜1922年）|イスラームへ改宗|イェニチェリ,,1299〜1922年は帝国の存続期間であり、この制度の実施期間を示すものではない。,,03_ottoman_empire.md p.339,
イスラーム世界：形成・専制帝国・文化（150用語）,WHS-000094,29,大学受験・基礎,戦争,アンカラの戦い,あんからのたたかい,,中世,西アジア,アナトリア,1402年,1402,WHS-000094-B01,beginner,用語の特定,identify,ティムールがバヤジット1世を破って捕虜にし、オスマン朝の一時中断を招いた戦いは？,アンカラの戦い,アンカラの戦い,,,,03_ottoman_empire.md p.338〜339,
イスラーム世界：形成・専制帝国・文化（150用語）,WHS-000094,29,大学受験・基礎,戦争,アンカラの戦い,あんからのたたかい,,中世,西アジア,アナトリア,1402年,1402,WHS-000094-B02,beginner,時期,time,アンカラの戦いが戦われたのは何年？,1402年,1402年,,,1402：「オスマン軍は　ひ弱になった」アンカラの戦い,03_ottoman_empire.md p.338〜339,
イスラーム世界：形成・専制帝国・文化（150用語）,WHS-000094,29,大学受験・基礎,戦争,アンカラの戦い,あんからのたたかい,,中世,西アジア,アナトリア,1402年,1402,WHS-000094-B03,beginner,中心人物,person,アンカラの戦いで勝利した中央アジアの征服者は？,ティムール,ティムール,,,,03_ottoman_empire.md p.338〜339,
イスラーム世界：形成・専制帝国・文化（150用語）,WHS-000094,29,大学受験・基礎,戦争,アンカラの戦い,あんからのたたかい,,中世,西アジア,アナトリア,1402年,1402,WHS-000094-B04,beginner,中心人物,person,アンカラの戦いで捕虜となったオスマン朝の君主は？,バヤジット1世,バヤジット1世,,,,03_ottoman_empire.md p.338〜339,
イスラーム世界：形成・専制帝国・文化（150用語）,WHS-000094,29,大学受験・基礎,戦争,アンカラの戦い,あんからのたたかい,,中世,西アジア,アナトリア,1402年,1402,WHS-000094-B05,beginner,結果,result,アンカラの戦いの敗戦によってオスマン朝に起きた事態は？,王朝の一時中断,王朝の一時中断,,,,03_ottoman_empire.md p.338〜339,
イスラーム世界：形成・専制帝国・文化（150用語）,WHS-000094,29,大学受験・基礎,戦争,アンカラの戦い,あんからのたたかい,,中世,西アジア,アナトリア,1402年,1402,WHS-000094-R01,reverse,時期,time,戦われたのはいつ？,**1402年**,1402年,,,1402：「オスマン軍は　ひ弱になった」アンカラの戦い,03_ottoman_empire.md p.338〜339,
イスラーム世界：形成・専制帝国・文化（150用語）,WHS-000094,29,大学受験・基礎,戦争,アンカラの戦い,あんからのたたかい,,中世,西アジア,アナトリア,1402年,1402,WHS-000094-R02,reverse,核心内容,reverse,なぜ起き、何につながった？,アナトリアでオスマン朝に領地を奪われた君侯たちが支援を求め、**ティムール**が侵攻した。**バヤジット1世**が敗れて捕虜となり、**オスマン朝は一時中断**した。,ティムール|バヤジット1世|オスマン朝は一時中断,,,,03_ottoman_empire.md p.338〜339,
イスラーム世界：形成・専制帝国・文化（150用語）,WHS-000094,29,大学受験・基礎,戦争,アンカラの戦い,あんからのたたかい,,中世,西アジア,アナトリア,1402年,1402,WHS-000094-I01,integrated,統合説明,integrated,「アンカラの戦い」について説明せよ。,**1402年**、オスマン朝に領地を奪われた君侯たちの支援要請を受けて、**ティムール**がアナトリアへ侵攻した戦い。**バヤジット1世**が敗れて捕虜となり、**オスマン朝は一時中断**した。,1402年|ティムール|バヤジット1世|オスマン朝は一時中断,,,1402：「オスマン軍は　ひ弱になった」アンカラの戦い,03_ottoman_empire.md p.338〜339,
イスラーム世界：形成・専制帝国・文化（150用語）,WHS-000073,87,大学受験・標準,人物,ウルグ＝ベク,うるぐべく,,中世,中央アジア,中央アジア・サマルカンド,1370年成立のティムール朝期,1420,WHS-000073-B01,beginner,用語の特定,identify,シャー＝ルフの子で、サマルカンドに天文台を建てて精密な天文表を作成したティムール朝の人物は？,ウルグ＝ベク,ウルグ＝ベク,,,,02_timur_and_safavid.md p.335,
イスラーム世界：形成・専制帝国・文化（150用語）,WHS-000073,87,大学受験・標準,人物,ウルグ＝ベク,うるぐべく,,中世,中央アジア,中央アジア・サマルカンド,1370年成立のティムール朝期,1420,WHS-000073-B02,beginner,中心人物,person,ウルグ＝ベクの父で、ヘラートを本拠に統治した君主は？,シャー＝ルフ,シャー＝ルフ,,,,02_timur_and_safavid.md p.335,
イスラーム世界：形成・専制帝国・文化（150用語）,WHS-000073,87,大学受験・標準,人物,ウルグ＝ベク,うるぐべく,,中世,中央アジア,中央アジア・サマルカンド,1370年成立のティムール朝期,1420,WHS-000073-B03,beginner,地域,place,ウルグ＝ベクが天文台を建設した都市は？,サマルカンド,サマルカンド,,,,02_timur_and_safavid.md p.335,
イスラーム世界：形成・専制帝国・文化（150用語）,WHS-000073,87,大学受験・標準,人物,ウルグ＝ベク,うるぐべく,,中世,中央アジア,中央アジア・サマルカンド,1370年成立のティムール朝期,1420,WHS-000073-B04,beginner,関連,relation,ウルグ＝ベクが作成した、資料で当時もっとも精密とされる天文表は？,ウルグ＝ベク天文表,ウルグ＝ベク天文表,,,,02_timur_and_safavid.md p.335,
イスラーム世界：形成・専制帝国・文化（150用語）,WHS-000073,87,大学受験・標準,人物,ウルグ＝ベク,うるぐべく,,中世,中央アジア,中央アジア・サマルカンド,1370年成立のティムール朝期,1420,WHS-000073-R01,reverse,核心内容,reverse,何をした？,**1370年成立のティムール朝**で、父シャー＝ルフから中央アジアの**サマルカンド**の統治を任された。即位前に天文台を建設し、精密な**『ウルグ＝ベク天文表』**を作成した。,1370年成立のティムール朝|サマルカンド|ウルグ＝ベク天文表,,,1370：「いざ名をあげよう　ティムールおじさん」ティムール朝成立,02_timur_and_safavid.md p.335,
イスラーム世界：形成・専制帝国・文化（150用語）,WHS-000073,87,大学受験・標準,人物,ウルグ＝ベク,うるぐべく,,中世,中央アジア,中央アジア・サマルカンド,1370年成立のティムール朝期,1420,WHS-000073-R02,reverse,核心内容,reverse,統治の継承はどうなった？,父シャー＝ルフの死後に即位したが、一族が分裂するなかですぐに**暗殺**された。,暗殺,,,,02_timur_and_safavid.md p.335,
イスラーム世界：形成・専制帝国・文化（150用語）,WHS-000073,87,大学受験・標準,人物,ウルグ＝ベク,うるぐべく,,中世,中央アジア,中央アジア・サマルカンド,1370年成立のティムール朝期,1420,WHS-000073-I01,integrated,統合説明,integrated,「ウルグ＝ベク」について説明せよ。,**1370年成立のティムール朝**で、父シャー＝ルフから中央アジアの**サマルカンド**の統治を任された人物。即位前に天文台を建てて**『ウルグ＝ベク天文表』**を作成したが、父の死後に即位するとすぐに暗殺された。,1370年成立のティムール朝|サマルカンド|ウルグ＝ベク天文表,,1370年は王朝の成立年であり、本人の活動年・天文表の作成年ではない。,1370：「いざ名をあげよう　ティムールおじさん」ティムール朝成立,02_timur_and_safavid.md p.335,
イスラーム世界：形成・専制帝国・文化（150用語）,WHS-000066,82,大学受験・標準,国家・王朝,ロディー朝,ろでぃーちょう,,中世,南アジア,北インド・デリー,1451〜1526年,1451,WHS-000066-B01,beginner,用語の特定,identify,デリー＝スルタン朝最後のアフガン系王朝で、バーブルに敗れて滅亡した王朝は？,ロディー朝,ロディー朝,,,,01_islamic_world_formation.md p.331,
イスラーム世界：形成・専制帝国・文化（150用語）,WHS-000066,82,大学受験・標準,国家・王朝,ロディー朝,ろでぃーちょう,,中世,南アジア,北インド・デリー,1451〜1526年,1451,WHS-000066-B02,beginner,時期,time,ロディー朝の存続期間は？,1451〜1526年,1451〜1526年,,,,01_islamic_world_formation.md p.331,
イスラーム世界：形成・専制帝国・文化（150用語）,WHS-000066,82,大学受験・標準,国家・王朝,ロディー朝,ろでぃーちょう,,中世,南アジア,北インド・デリー,1451〜1526年,1451,WHS-000066-B03,beginner,国家・勢力,actor,ロディー朝の支配層は、トルコ系ではなく何系？,アフガン系,アフガン系,,,,01_islamic_world_formation.md p.331,
イスラーム世界：形成・専制帝国・文化（150用語）,WHS-000066,82,大学受験・標準,国家・王朝,ロディー朝,ろでぃーちょう,,中世,南アジア,北インド・デリー,1451〜1526年,1451,WHS-000066-B04,beginner,中心人物,person,ロディー朝をパーニーパットの戦いで破った人物は？,バーブル,バーブル,,,,01_islamic_world_formation.md p.331,
イスラーム世界：形成・専制帝国・文化（150用語）,WHS-000066,82,大学受験・標準,国家・王朝,ロディー朝,ろでぃーちょう,,中世,南アジア,北インド・デリー,1451〜1526年,1451,WHS-000066-R01,reverse,時期,time,存在したのはいつ？,**1451〜1526年**,1451〜1526年,,,,01_islamic_world_formation.md p.331,
イスラーム世界：形成・専制帝国・文化（150用語）,WHS-000066,82,大学受験・標準,国家・王朝,ロディー朝,ろでぃーちょう,,中世,南アジア,北インド・デリー,1451〜1526年,1451,WHS-000066-R02,reverse,核心内容,reverse,何が起きた？,北インドの**デリー＝スルタン朝**最後の**アフガン系**王朝。内紛で衰退したところへバーブルが南下し、**パーニーパットの戦い**で敗れて、デリーはムガル帝国の支配下に入った。,デリー＝スルタン朝|アフガン系|パーニーパットの戦い,,,,01_islamic_world_formation.md p.331,
イスラーム世界：形成・専制帝国・文化（150用語）,WHS-000066,82,大学受験・標準,国家・王朝,ロディー朝,ろでぃーちょう,,中世,南アジア,北インド・デリー,1451〜1526年,1451,WHS-000066-I01,integrated,統合説明,integrated,「ロディー朝」について説明せよ。,**1451〜1526年**、北インドのデリーを都とした、**デリー＝スルタン朝**最後のアフガン系王朝。内紛で衰退したのち、**バーブル**にパーニーパットの戦いで敗れ、デリーはムガル帝国の支配下に入った。,1451〜1526年|デリー＝スルタン朝|バーブル,,,,01_islamic_world_formation.md p.331,
イスラーム世界：形成・専制帝国・文化（150用語）,WHS-000095,30,大学受験・基礎,人物,メフメト2世,めふめとにせい,,中世,ヨーロッパ,コンスタンティノープル・バルカン／黒海,1453年コンスタンティノープル征服,1453,WHS-000095-B01,beginner,用語の特定,identify,コンスタンティノープルを征服してビザンツ帝国を滅ぼし、同市へ都を移したオスマン帝国の君主は？,メフメト2世,メフメト2世,,,,03_ottoman_empire.md p.338・340,
イスラーム世界：形成・専制帝国・文化（150用語）,WHS-000095,30,大学受験・基礎,人物,メフメト2世,めふめとにせい,,中世,ヨーロッパ,コンスタンティノープル・バルカン／黒海,1453年コンスタンティノープル征服,1453,WHS-000095-B02,beginner,時期,time,メフメト2世がビザンツ帝国を滅ぼしたのは何年？,1453年,1453年,,,,03_ottoman_empire.md p.338・340,
イスラーム世界：形成・専制帝国・文化（150用語）,WHS-000095,30,大学受験・基礎,人物,メフメト2世,めふめとにせい,,中世,ヨーロッパ,コンスタンティノープル・バルカン／黒海,1453年コンスタンティノープル征服,1453,WHS-000095-B03,beginner,地域,place,メフメト2世がビザンツ帝国から征服して都とした都市は？,コンスタンティノープル,コンスタンティノープル,イスタンブル,,,03_ottoman_empire.md p.338・340,
イスラーム世界：形成・専制帝国・文化（150用語）,WHS-000095,30,大学受験・基礎,人物,メフメト2世,めふめとにせい,,中世,ヨーロッパ,コンスタンティノープル・バルカン／黒海,1453年コンスタンティノープル征服,1453,WHS-000095-B04,beginner,関連,relation,メフメト2世が新都に造営した宮殿は？,トプカプ宮殿,トプカプ宮殿,,,,03_ottoman_empire.md p.338・340,
イスラーム世界：形成・専制帝国・文化（150用語）,WHS-000095,30,大学受験・基礎,人物,メフメト2世,めふめとにせい,,中世,ヨーロッパ,コンスタンティノープル・バルカン／黒海,1453年コンスタンティノープル征服,1453,WHS-000095-B05,beginner,国家・勢力,actor,メフメト2世が黒海北岸で服属させた国は？,クリミア＝ハン国,クリミア＝ハン国,クリム＝ハン国,,,03_ottoman_empire.md p.338・340,
イスラーム世界：形成・専制帝国・文化（150用語）,WHS-000095,30,大学受験・基礎,人物,メフメト2世,めふめとにせい,,中世,ヨーロッパ,コンスタンティノープル・バルカン／黒海,1453年コンスタンティノープル征服,1453,WHS-000095-R01,reverse,時期,time,コンスタンティノープルを征服したのはいつ？,**1453年**,1453年,,,,03_ottoman_empire.md p.338・340,
イスラーム世界：形成・専制帝国・文化（150用語）,WHS-000095,30,大学受験・基礎,人物,メフメト2世,めふめとにせい,,中世,ヨーロッパ,コンスタンティノープル・バルカン／黒海,1453年コンスタンティノープル征服,1453,WHS-000095-R02,reverse,核心内容,reverse,何をした？,**コンスタンティノープル**を征服して**ビザンツ帝国**を滅ぼし、都を移した。**トプカプ宮殿**を造営し、**ハギア＝ソフィア聖堂**をモスクへ改築して新都を整備した。,コンスタンティノープル|ビザンツ帝国|トプカプ宮殿|ハギア＝ソフィア聖堂,,,,03_ottoman_empire.md p.338・340,
イスラーム世界：形成・専制帝国・文化（150用語）,WHS-000095,30,大学受験・基礎,人物,メフメト2世,めふめとにせい,,中世,ヨーロッパ,コンスタンティノープル・バルカン／黒海,1453年コンスタンティノープル征服,1453,WHS-000095-R03,reverse,核心内容,reverse,征服はどこへ広がった？,バルカン半島の支配を広げ、黒海北岸の**クリミア＝ハン国**を服属させた。アナトリアの君侯国も征服し、黒海の周囲をほぼ支配下に置いた。,クリミア＝ハン国,,,,03_ottoman_empire.md p.338・340,
イスラーム世界：形成・専制帝国・文化（150用語）,WHS-000095,30,大学受験・基礎,人物,メフメト2世,めふめとにせい,,中世,ヨーロッパ,コンスタンティノープル・バルカン／黒海,1453年コンスタンティノープル征服,1453,WHS-000095-I01,integrated,統合説明,integrated,「メフメト2世」について説明せよ。,**1453年**にコンスタンティノープルを征服して**ビザンツ帝国**を滅ぼし、同市へ都を移したオスマン帝国の君主。**トプカプ宮殿**の造営やハギア＝ソフィア聖堂のモスク化で新都を整備した。バルカン半島・アナトリアを征服し、黒海北岸の**クリミア＝ハン国**を服属させた。,1453年|ビザンツ帝国|トプカプ宮殿|クリミア＝ハン国,,,,03_ottoman_empire.md p.338・340,
イスラーム世界：形成・専制帝国・文化（150用語）,WHS-000096,99,大学受験・標準,戦争,コンスタンティノープル征服,こんすたんてぃのーぷるせいふく,,中世,西アジア,コンスタンティノープル,1453年,1453,WHS-000096-B01,beginner,用語の特定,identify,メフメト2世が巨大大砲や艦船を動員してビザンツ帝国の首都を陥落させ、同帝国を滅亡させた出来事は？,コンスタンティノープル征服,コンスタンティノープル征服,,,,03_ottoman_empire.md p.338・340,
イスラーム世界：形成・専制帝国・文化（150用語）,WHS-000096,99,大学受験・標準,戦争,コンスタンティノープル征服,こんすたんてぃのーぷるせいふく,,中世,西アジア,コンスタンティノープル,1453年,1453,WHS-000096-B02,beginner,時期,time,コンスタンティノープル征服によってビザンツ帝国が滅亡したのは何年？,1453年,1453年,,,,03_ottoman_empire.md p.338・340,
イスラーム世界：形成・専制帝国・文化（150用語）,WHS-000096,99,大学受験・標準,戦争,コンスタンティノープル征服,こんすたんてぃのーぷるせいふく,,中世,西アジア,コンスタンティノープル,1453年,1453,WHS-000096-B03,beginner,中心人物,person,コンスタンティノープル征服を行ったオスマン帝国の君主は？,メフメト2世,メフメト2世,,,,03_ottoman_empire.md p.338・340,
イスラーム世界：形成・専制帝国・文化（150用語）,WHS-000096,99,大学受験・標準,戦争,コンスタンティノープル征服,こんすたんてぃのーぷるせいふく,,中世,西アジア,コンスタンティノープル,1453年,1453,WHS-000096-B04,beginner,関連,relation,コンスタンティノープル征服の後、モスクに改築された代表的な聖堂は？,ハギア＝ソフィア聖堂,ハギア＝ソフィア聖堂,,,,03_ottoman_empire.md p.338・340,
イスラーム世界：形成・専制帝国・文化（150用語）,WHS-000096,99,大学受験・標準,戦争,コンスタンティノープル征服,こんすたんてぃのーぷるせいふく,,中世,西アジア,コンスタンティノープル,1453年,1453,WHS-000096-R01,reverse,時期,time,起きたのはいつ？,**1453年**,1453年,,,,03_ottoman_empire.md p.338・340,
イスラーム世界：形成・専制帝国・文化（150用語）,WHS-000096,99,大学受験・標準,戦争,コンスタンティノープル征服,こんすたんてぃのーぷるせいふく,,中世,西アジア,コンスタンティノープル,1453年,1453,WHS-000096-R02,reverse,核心内容,reverse,何が起き、何につながった？,**メフメト2世**が巨大大砲や艦船、イェニチェリなどを動員してコンスタンティノープルを攻略し、**ビザンツ帝国**を滅ぼした。同市はオスマン帝国の都となり、**ハギア＝ソフィア聖堂**もモスクに改築された。,メフメト2世|ビザンツ帝国|ハギア＝ソフィア聖堂,,,,03_ottoman_empire.md p.338・340,
イスラーム世界：形成・専制帝国・文化（150用語）,WHS-000096,99,大学受験・標準,戦争,コンスタンティノープル征服,こんすたんてぃのーぷるせいふく,,中世,西アジア,コンスタンティノープル,1453年,1453,WHS-000096-I01,integrated,統合説明,integrated,「コンスタンティノープル征服」について説明せよ。,**1453年**、メフメト2世が巨大大砲や艦船、イェニチェリなどを動員してコンスタンティノープルを攻略し、**ビザンツ帝国**を滅ぼした出来事。同市はオスマン帝国の都となり、**ハギア＝ソフィア聖堂**もモスクに改築された。,1453年|ビザンツ帝国|ハギア＝ソフィア聖堂,,,,03_ottoman_empire.md p.338・340,
イスラーム世界：形成・専制帝国・文化（150用語）,WHS-000097,100,大学受験・標準,制度・政策・法律,ティマール制,てぃまーるせい,,中世,西アジア・ヨーロッパ,オスマン帝国・アナトリア／バルカン,15世紀・1453年の征服時に利用,1453,WHS-000097-B01,beginner,用語の特定,identify,オスマン帝国でトルコ人騎兵のシパーヒーを統制した、イクター制とほぼ同じ仕組みの制度は？,ティマール制,ティマール制,,,,03_ottoman_empire.md p.340・342,
イスラーム世界：形成・専制帝国・文化（150用語）,WHS-000097,100,大学受験・標準,制度・政策・法律,ティマール制,てぃまーるせい,,中世,西アジア・ヨーロッパ,オスマン帝国・アナトリア／バルカン,15世紀・1453年の征服時に利用,1453,WHS-000097-B02,beginner,国家・勢力,actor,ティマール制によって統制されたトルコ人騎兵の呼び名は？,シパーヒー,シパーヒー,,,,03_ottoman_empire.md p.340・342,
イスラーム世界：形成・専制帝国・文化（150用語）,WHS-000097,100,大学受験・標準,制度・政策・法律,ティマール制,てぃまーるせい,,中世,西アジア・ヨーロッパ,オスマン帝国・アナトリア／バルカン,15世紀・1453年の征服時に利用,1453,WHS-000097-B03,beginner,関連,relation,ティマール制とほぼ同じ仕組みとされる、それ以前のイスラーム王朝の制度は？,イクター制,イクター制,,,,03_ottoman_empire.md p.340・342,
イスラーム世界：形成・専制帝国・文化（150用語）,WHS-000097,100,大学受験・標準,制度・政策・法律,ティマール制,てぃまーるせい,,中世,西アジア・ヨーロッパ,オスマン帝国・アナトリア／バルカン,15世紀・1453年の征服時に利用,1453,WHS-000097-B04,beginner,関連,relation,ティマール制の崩壊を招く一因となった、戦争による財政難への対応策は？,徴税請負制の導入,徴税請負制の導入,,,,03_ottoman_empire.md p.340・342,
イスラーム世界：形成・専制帝国・文化（150用語）,WHS-000097,100,大学受験・標準,制度・政策・法律,ティマール制,てぃまーるせい,,中世,西アジア・ヨーロッパ,オスマン帝国・アナトリア／バルカン,15世紀・1453年の征服時に利用,1453,WHS-000097-R01,reverse,核心内容,reverse,どんな制度として用いられた？,オスマン帝国で**シパーヒー**というトルコ人騎兵を統制した、**イクター制**とほぼ同じ仕組みの制度。**1453年**のコンスタンティノープル征服でも、この制度で統制された騎兵が動員された。,シパーヒー|イクター制|1453年,,,,03_ottoman_empire.md p.340・342,
イスラーム世界：形成・専制帝国・文化（150用語）,WHS-000097,100,大学受験・標準,制度・政策・法律,ティマール制,てぃまーるせい,,中世,西アジア・ヨーロッパ,オスマン帝国・アナトリア／バルカン,15世紀・1453年の征服時に利用,1453,WHS-000097-R02,reverse,核心内容,reverse,どのように衰えた？,長引く戦争で財政難となった帝国が**徴税請負制**を導入すると、ティマール制が崩壊し始めた。,徴税請負制,,,,03_ottoman_empire.md p.340・342,
イスラーム世界：形成・専制帝国・文化（150用語）,WHS-000097,100,大学受験・標準,制度・政策・法律,ティマール制,てぃまーるせい,,中世,西アジア・ヨーロッパ,オスマン帝国・アナトリア／バルカン,15世紀・1453年の征服時に利用,1453,WHS-000097-I01,integrated,統合説明,integrated,「ティマール制」について説明せよ。,**1453年**のコンスタンティノープル征服で動員された、オスマン帝国の騎兵**シパーヒー**を統制した制度で、**イクター制**とほぼ同じ仕組みを持つ。のちに長引く戦争と財政難から**徴税請負制**が導入されると崩壊し始めた。,1453年|シパーヒー|イクター制|徴税請負制,,,,03_ottoman_empire.md p.340・342,
イスラーム世界：形成・専制帝国・文化（150用語）,WHS-000098,101,大学受験・標準,制度・政策・法律,ミッレト,みっれと,,中世,西アジア・ヨーロッパ,オスマン帝国・バルカン／アナトリアなど,15世紀のオスマン帝国の支配体制,1453,WHS-000098-B01,beginner,用語の特定,identify,オスマン帝国の非イスラーム教徒が、信仰と自治を認められる一方で貢納を負った宗教別共同体の呼び名は？,ミッレト,ミッレト,,,,03_ottoman_empire.md p.340,
イスラーム世界：形成・専制帝国・文化（150用語）,WHS-000098,101,大学受験・標準,制度・政策・法律,ミッレト,みっれと,,中世,西アジア・ヨーロッパ,オスマン帝国・バルカン／アナトリアなど,15世紀のオスマン帝国の支配体制,1453,WHS-000098-B02,beginner,内容,content,ミッレトが認められた共同体の人々が、帝国に負った義務は？,貢納,貢納,,,,03_ottoman_empire.md p.340,
イスラーム世界：形成・専制帝国・文化（150用語）,WHS-000098,101,大学受験・標準,制度・政策・法律,ミッレト,みっれと,,中世,西アジア・ヨーロッパ,オスマン帝国・バルカン／アナトリアなど,15世紀のオスマン帝国の支配体制,1453,WHS-000098-B03,beginner,内容,content,ミッレトの内部をまとめたのは各宗派のどのような人物？,最高位の聖職者,最高位の聖職者,,,,03_ottoman_empire.md p.340,
イスラーム世界：形成・専制帝国・文化（150用語）,WHS-000098,101,大学受験・標準,制度・政策・法律,ミッレト,みっれと,,中世,西アジア・ヨーロッパ,オスマン帝国・バルカン／アナトリアなど,15世紀のオスマン帝国の支配体制,1453,WHS-000098-B04,beginner,国家・勢力,actor,ミッレトを構成した宗教集団で、ギリシア正教徒・アルメニア教徒とともに挙げられるのは？,ユダヤ教徒,ユダヤ教徒,,,,03_ottoman_empire.md p.340,
イスラーム世界：形成・専制帝国・文化（150用語）,WHS-000098,101,大学受験・標準,制度・政策・法律,ミッレト,みっれと,,中世,西アジア・ヨーロッパ,オスマン帝国・バルカン／アナトリアなど,15世紀のオスマン帝国の支配体制,1453,WHS-000098-R01,reverse,核心内容,reverse,どんな仕組み？,15世紀、バルカン半島やアナトリアなどを支配するオスマン帝国で、ユダヤ教徒・ギリシア正教徒・アルメニア教徒などの非イスラーム教徒に**信仰と自治**を認める一方、**貢納**を義務づけた宗教別共同体。各宗派の最高位の聖職者が信者をまとめた。,信仰と自治|貢納,,,,03_ottoman_empire.md p.340,
イスラーム世界：形成・専制帝国・文化（150用語）,WHS-000098,101,大学受験・標準,制度・政策・法律,ミッレト,みっれと,,中世,西アジア・ヨーロッパ,オスマン帝国・バルカン／アナトリアなど,15世紀のオスマン帝国の支配体制,1453,WHS-000098-R02,reverse,核心内容,reverse,呼び名にはどんな注意が必要？,「ミッレト」は、この共存の仕組みを説明するために**近代以降のヨーロッパ人**が用いた呼び名とされる。,近代以降のヨーロッパ人,,,,03_ottoman_empire.md p.340,
イスラーム世界：形成・専制帝国・文化（150用語）,WHS-000098,101,大学受験・標準,制度・政策・法律,ミッレト,みっれと,,中世,西アジア・ヨーロッパ,オスマン帝国・バルカン／アナトリアなど,15世紀のオスマン帝国の支配体制,1453,WHS-000098-I01,integrated,統合説明,integrated,「ミッレト」について説明せよ。,**15世紀**、バルカン半島やアナトリアなどを支配するオスマン帝国で、ユダヤ教徒・ギリシア正教徒・アルメニア教徒などに**信仰と自治**を認め、**貢納**を義務づけた宗教別共同体。各宗派の**最高位の聖職者**が信者をまとめたが、「ミッレト」はこの仕組みを説明するために**近代以降のヨーロッパ人**が用いた呼び名とされる。,15世紀|信仰と自治|貢納|最高位の聖職者|近代以降のヨーロッパ人,,,,03_ottoman_empire.md p.340,
イスラーム世界：形成・専制帝国・文化（150用語）,WHS-000145,129,大学受験・標準,文書・作品,千夜一夜物語,せんやいちやものがたり,アラビアン＝ナイト,近世,アフリカ,エジプト・カイロ,16世紀に完成,1500,WHS-000145-B01,beginner,用語の特定,identify,ペルシア語の説話集のアラビア語訳から発展し、各地の説話を取り込んでカイロで完成した、ハールーン＝アッラシードも登場する物語集は？,千夜一夜物語(せんやいちやものがたり),千夜一夜物語,アラビアン＝ナイト,,,05_islamic_culture.md p.347,
イスラーム世界：形成・専制帝国・文化（150用語）,WHS-000145,129,大学受験・標準,文書・作品,千夜一夜物語,せんやいちやものがたり,アラビアン＝ナイト,近世,アフリカ,エジプト・カイロ,16世紀に完成,1500,WHS-000145-B02,beginner,時期,time,千夜一夜物語(せんやいちやものがたり)が完成したのはいつ？,16世紀,16世紀,,,,05_islamic_culture.md p.347,
イスラーム世界：形成・専制帝国・文化（150用語）,WHS-000145,129,大学受験・標準,文書・作品,千夜一夜物語,せんやいちやものがたり,アラビアン＝ナイト,近世,アフリカ,エジプト・カイロ,16世紀に完成,1500,WHS-000145-B03,beginner,地域,place,千夜一夜物語(せんやいちやものがたり)が完成した都市は？,カイロ,カイロ,,,,05_islamic_culture.md p.347,
イスラーム世界：形成・専制帝国・文化（150用語）,WHS-000145,129,大学受験・標準,文書・作品,千夜一夜物語,せんやいちやものがたり,アラビアン＝ナイト,近世,アフリカ,エジプト・カイロ,16世紀に完成,1500,WHS-000145-B04,beginner,中心人物,person,千夜一夜物語(せんやいちやものがたり)に登場するアッバース朝のカリフは？,ハールーン＝アッラシード,ハールーン＝アッラシード,,,,05_islamic_culture.md p.347,
イスラーム世界：形成・専制帝国・文化（150用語）,WHS-000145,129,大学受験・標準,文書・作品,千夜一夜物語,せんやいちやものがたり,アラビアン＝ナイト,近世,アフリカ,エジプト・カイロ,16世紀に完成,1500,WHS-000145-B05,beginner,内容,content,千夜一夜物語(せんやいちやものがたり)のもととなった説話集は、何語から何語へ訳された？,ペルシア語からアラビア語,ペルシア語からアラビア語,,,,05_islamic_culture.md p.347,
イスラーム世界：形成・専制帝国・文化（150用語）,WHS-000145,129,大学受験・標準,文書・作品,千夜一夜物語,せんやいちやものがたり,アラビアン＝ナイト,近世,アフリカ,エジプト・カイロ,16世紀に完成,1500,WHS-000145-R01,reverse,時期,time,完成したのはいつ？,**16世紀**,16世紀,,,,05_islamic_culture.md p.347,
イスラーム世界：形成・専制帝国・文化（150用語）,WHS-000145,129,大学受験・標準,文書・作品,千夜一夜物語,せんやいちやものがたり,アラビアン＝ナイト,近世,アフリカ,エジプト・カイロ,16世紀に完成,1500,WHS-000145-R02,reverse,核心内容,reverse,どんな作品？,**ペルシア語**の説話集の**アラビア語訳**から発展し、各地の説話を取り込んで**カイロ**で完成した物語集。アッバース朝カリフの**ハールーン＝アッラシード**も登場する。,ペルシア語|アラビア語訳|カイロ|ハールーン＝アッラシード,,,,05_islamic_culture.md p.347,
イスラーム世界：形成・専制帝国・文化（150用語）,WHS-000145,129,大学受験・標準,文書・作品,千夜一夜物語,せんやいちやものがたり,アラビアン＝ナイト,近世,アフリカ,エジプト・カイロ,16世紀に完成,1500,WHS-000145-I01,integrated,統合説明,integrated,「千夜一夜物語(せんやいちやものがたり)」について説明せよ。,**16世紀**にエジプトの**カイロ**で完成した物語集。**ペルシア語**の説話集の**アラビア語訳**から発展して各地の説話を取り込み、アッバース朝カリフの**ハールーン＝アッラシード**も登場する。,16世紀|カイロ|ペルシア語|アラビア語訳|ハールーン＝アッラシード,,,,05_islamic_culture.md p.347,
イスラーム世界：形成・専制帝国・文化（150用語）,WHS-000075,25,大学受験・基礎,国家・王朝,サファヴィー朝,さふぁゔぃーちょう,,近世,西アジア,イラン・タブリーズ／イスファハーン,1501年成立・16〜18世紀,1501,WHS-000075-B01,beginner,用語の特定,identify,イスマーイール1世がイランに建て、シーア派の十二イマーム派を国教とした王朝は？,サファヴィー朝,サファヴィー朝,,,,02_timur_and_safavid.md p.335〜337,
イスラーム世界：形成・専制帝国・文化（150用語）,WHS-000075,25,大学受験・基礎,国家・王朝,サファヴィー朝,さふぁゔぃーちょう,,近世,西アジア,イラン・タブリーズ／イスファハーン,1501年成立・16〜18世紀,1501,WHS-000075-B02,beginner,時期,time,サファヴィー朝が成立したのは何年？,1501年,1501年,,,1501：「サファヴィー教団　戦後追いこむ」サファヴィー朝成立,02_timur_and_safavid.md p.335〜337,
イスラーム世界：形成・専制帝国・文化（150用語）,WHS-000075,25,大学受験・基礎,国家・王朝,サファヴィー朝,さふぁゔぃーちょう,,近世,西アジア,イラン・タブリーズ／イスファハーン,1501年成立・16〜18世紀,1501,WHS-000075-B03,beginner,中心人物,person,サファヴィー朝の建国者は？,イスマーイール1世,イスマーイール1世,,,,02_timur_and_safavid.md p.335〜337,
イスラーム世界：形成・専制帝国・文化（150用語）,WHS-000075,25,大学受験・基礎,国家・王朝,サファヴィー朝,さふぁゔぃーちょう,,近世,西アジア,イラン・タブリーズ／イスファハーン,1501年成立・16〜18世紀,1501,WHS-000075-B04,beginner,関連,relation,サファヴィー朝が国教としたシーア派の一派は？,十二イマーム派,十二イマーム派,,,,02_timur_and_safavid.md p.335〜337,
イスラーム世界：形成・専制帝国・文化（150用語）,WHS-000075,25,大学受験・基礎,国家・王朝,サファヴィー朝,さふぁゔぃーちょう,,近世,西アジア,イラン・タブリーズ／イスファハーン,1501年成立・16〜18世紀,1501,WHS-000075-B05,beginner,中心人物,person,サファヴィー朝で軍制改革と領土回復を進めた第5代君主は？,アッバース1世,アッバース1世,,,,02_timur_and_safavid.md p.335〜337,
イスラーム世界：形成・専制帝国・文化（150用語）,WHS-000075,25,大学受験・基礎,国家・王朝,サファヴィー朝,さふぁゔぃーちょう,,近世,西アジア,イラン・タブリーズ／イスファハーン,1501年成立・16〜18世紀,1501,WHS-000075-B06,beginner,地域,place,サファヴィー朝でアッバース1世が遷都した都市は？,イスファハーン,イスファハーン,,,,02_timur_and_safavid.md p.335〜337,
イスラーム世界：形成・専制帝国・文化（150用語）,WHS-000075,25,大学受験・基礎,国家・王朝,サファヴィー朝,さふぁゔぃーちょう,,近世,西アジア,イラン・タブリーズ／イスファハーン,1501年成立・16〜18世紀,1501,WHS-000075-R01,reverse,時期,time,成立したのはいつ？,**1501年**,1501年,,,1501：「サファヴィー教団　戦後追いこむ」サファヴィー朝成立,02_timur_and_safavid.md p.335〜337,
イスラーム世界：形成・専制帝国・文化（150用語）,WHS-000075,25,大学受験・基礎,国家・王朝,サファヴィー朝,さふぁゔぃーちょう,,近世,西アジア,イラン・タブリーズ／イスファハーン,1501年成立・16〜18世紀,1501,WHS-000075-R02,reverse,核心内容,reverse,どのように成立し、何をした？,**イスマーイール1世**が**キジルバシュ**を結集してイランのタブリーズに建て、**十二イマーム派**を国教とした。オスマン帝国と対抗し、第5代**アッバース1世**は軍制改革と領土回復を進め、**イスファハーン**を繁栄させた。,イスマーイール1世|キジルバシュ|十二イマーム派|アッバース1世|イスファハーン,,,,02_timur_and_safavid.md p.335〜337,
イスラーム世界：形成・専制帝国・文化（150用語）,WHS-000075,25,大学受験・基礎,国家・王朝,サファヴィー朝,さふぁゔぃーちょう,,近世,西アジア,イラン・タブリーズ／イスファハーン,1501年成立・16〜18世紀,1501,WHS-000075-R03,reverse,核心内容,reverse,どのように衰退した？,18世紀に国際交易の衰退などで経済・財政が悪化し、反乱が続いた。アフガン人にイスファハーンを占領され、最後は**ナーディル＝シャー**に滅ぼされた。,ナーディル＝シャー,,,,02_timur_and_safavid.md p.335〜337,
イスラーム世界：形成・専制帝国・文化（150用語）,WHS-000075,25,大学受験・基礎,国家・王朝,サファヴィー朝,さふぁゔぃーちょう,,近世,西アジア,イラン・タブリーズ／イスファハーン,1501年成立・16〜18世紀,1501,WHS-000075-I01,integrated,統合説明,integrated,「サファヴィー朝」について説明せよ。,**1501年**、イスマーイール1世が**キジルバシュ**を結集してイランのタブリーズに建て、**十二イマーム派**を国教とした王朝。オスマン帝国と対抗し、**アッバース1世**は軍制改革と領土回復を進め、都イスファハーンを繁栄させた。18世紀には交易の衰退や反乱で弱体化し、ナーディル＝シャーに滅ぼされた。,1501年|キジルバシュ|十二イマーム派|アッバース1世,,,1501：「サファヴィー教団　戦後追いこむ」サファヴィー朝成立,02_timur_and_safavid.md p.335〜337,
イスラーム世界：形成・専制帝国・文化（150用語）,WHS-000076,88,大学受験・標準,人物,イスマーイール1世,いすまーいーるいっせい,,近世,西アジア,イラン・タブリーズ,1501年サファヴィー朝建国,1501,WHS-000076-B01,beginner,用語の特定,identify,サファヴィー教団の教主としてキジルバシュを結集し、タブリーズで王朝を建てた人物は？,イスマーイール1世,イスマーイール1世,,,,02_timur_and_safavid.md p.335〜336,
イスラーム世界：形成・専制帝国・文化（150用語）,WHS-000076,88,大学受験・標準,人物,イスマーイール1世,いすまーいーるいっせい,,近世,西アジア,イラン・タブリーズ,1501年サファヴィー朝建国,1501,WHS-000076-B02,beginner,時期,time,イスマーイール1世がサファヴィー朝を開いたのは何年？,1501年,1501年,,,1501：「サファヴィー教団　戦後追いこむ」サファヴィー朝成立,02_timur_and_safavid.md p.335〜336,
イスラーム世界：形成・専制帝国・文化（150用語）,WHS-000076,88,大学受験・標準,人物,イスマーイール1世,いすまーいーるいっせい,,近世,西アジア,イラン・タブリーズ,1501年サファヴィー朝建国,1501,WHS-000076-B03,beginner,国家・勢力,actor,イスマーイール1世の建国を軍事面で支えたトルコ系遊牧民は？,キジルバシュ,キジルバシュ,,,,02_timur_and_safavid.md p.335〜336,
イスラーム世界：形成・専制帝国・文化（150用語）,WHS-000076,88,大学受験・標準,人物,イスマーイール1世,いすまーいーるいっせい,,近世,西アジア,イラン・タブリーズ,1501年サファヴィー朝建国,1501,WHS-000076-B04,beginner,地域,place,イスマーイール1世が建国の地とした都市は？,タブリーズ,タブリーズ,,,,02_timur_and_safavid.md p.335〜336,
イスラーム世界：形成・専制帝国・文化（150用語）,WHS-000076,88,大学受験・標準,人物,イスマーイール1世,いすまーいーるいっせい,,近世,西アジア,イラン・タブリーズ,1501年サファヴィー朝建国,1501,WHS-000076-B05,beginner,関連,relation,イスマーイール1世が国教としたシーア派の一派は？,十二イマーム派,十二イマーム派,,,,02_timur_and_safavid.md p.335〜336,
イスラーム世界：形成・専制帝国・文化（150用語）,WHS-000076,88,大学受験・標準,人物,イスマーイール1世,いすまーいーるいっせい,,近世,西アジア,イラン・タブリーズ,1501年サファヴィー朝建国,1501,WHS-000076-R01,reverse,時期,time,建国したのはいつ？,**1501年**,1501年,,,1501：「サファヴィー教団　戦後追いこむ」サファヴィー朝成立,02_timur_and_safavid.md p.335〜336,
イスラーム世界：形成・専制帝国・文化（150用語）,WHS-000076,88,大学受験・標準,人物,イスマーイール1世,いすまーいーるいっせい,,近世,西アジア,イラン・タブリーズ,1501年サファヴィー朝建国,1501,WHS-000076-R02,reverse,核心内容,reverse,何をした？,サファヴィー教団の教主として**キジルバシュ**を結集し、イランの**タブリーズ**に**サファヴィー朝**を建てた。ウズベク人を破って支配を固め、過激な思想を排除して**十二イマーム派**を国教とした。,キジルバシュ|タブリーズ|サファヴィー朝|十二イマーム派,,,,02_timur_and_safavid.md p.335〜336,
イスラーム世界：形成・専制帝国・文化（150用語）,WHS-000076,88,大学受験・標準,人物,イスマーイール1世,いすまーいーるいっせい,,近世,西アジア,イラン・タブリーズ,1501年サファヴィー朝建国,1501,WHS-000076-I01,integrated,統合説明,integrated,「イスマーイール1世」について説明せよ。,**1501年**、サファヴィー教団の教主として**キジルバシュ**を結集し、イランの**タブリーズ**にサファヴィー朝を建てた人物。ウズベク人を破って支配を固め、シーア派の**十二イマーム派**を国教とした。,1501年|キジルバシュ|タブリーズ|十二イマーム派,,,1501：「サファヴィー教団　戦後追いこむ」サファヴィー朝成立,02_timur_and_safavid.md p.335〜336,
イスラーム世界：形成・専制帝国・文化（150用語）,WHS-000077,89,大学受験・標準,宗教・宗派,十二イマーム派,じゅうにいまーむは,,近世,西アジア,イラン,1501年成立のサファヴィー朝期,1501,WHS-000077-B01,beginner,用語の特定,identify,サファヴィー朝が過激な神秘主義思想を排除した後に国教とした、シーア派の穏健派は？,十二イマーム派,十二イマーム派,,,,02_timur_and_safavid.md p.335〜336,
イスラーム世界：形成・専制帝国・文化（150用語）,WHS-000077,89,大学受験・標準,宗教・宗派,十二イマーム派,じゅうにいまーむは,,近世,西アジア,イラン,1501年成立のサファヴィー朝期,1501,WHS-000077-B02,beginner,関連,relation,十二イマーム派が属するイスラーム教の大きな宗派は？,シーア派,シーア派,,,,02_timur_and_safavid.md p.335〜336,
イスラーム世界：形成・専制帝国・文化（150用語）,WHS-000077,89,大学受験・標準,宗教・宗派,十二イマーム派,じゅうにいまーむは,,近世,西アジア,イラン,1501年成立のサファヴィー朝期,1501,WHS-000077-B03,beginner,国家・勢力,actor,十二イマーム派を国教としたイランの王朝は？,サファヴィー朝,サファヴィー朝,,,,02_timur_and_safavid.md p.335〜336,
イスラーム世界：形成・専制帝国・文化（150用語）,WHS-000077,89,大学受験・標準,宗教・宗派,十二イマーム派,じゅうにいまーむは,,近世,西アジア,イラン,1501年成立のサファヴィー朝期,1501,WHS-000077-B04,beginner,中心人物,person,十二イマーム派を国教としたサファヴィー朝の建国者は？,イスマーイール1世,イスマーイール1世,,,,02_timur_and_safavid.md p.335〜336,
イスラーム世界：形成・専制帝国・文化（150用語）,WHS-000077,89,大学受験・標準,宗教・宗派,十二イマーム派,じゅうにいまーむは,,近世,西アジア,イラン,1501年成立のサファヴィー朝期,1501,WHS-000077-R01,reverse,核心内容,reverse,どのように政治と結びついた？,**1501年**に成立したイランの**サファヴィー朝**で、イスマーイール1世が国教としたシーア派の穏健派。建国を支えた教団の過激な思想を排除し、イランでの布教が進められた。,1501年|サファヴィー朝,,,1501：「サファヴィー教団　戦後追いこむ」サファヴィー朝成立,02_timur_and_safavid.md p.335〜336,
イスラーム世界：形成・専制帝国・文化（150用語）,WHS-000077,89,大学受験・標準,宗教・宗派,十二イマーム派,じゅうにいまーむは,,近世,西アジア,イラン,1501年成立のサファヴィー朝期,1501,WHS-000077-I01,integrated,統合説明,integrated,「十二イマーム派」について説明せよ。,**1501年**に成立したイランの**サファヴィー朝**で、イスマーイール1世が国教としたシーア派の穏健派。建国を支えた教団の過激な思想を排除し、イランでの布教が進められた。,1501年|サファヴィー朝,,,1501：「サファヴィー教団　戦後追いこむ」サファヴィー朝成立,02_timur_and_safavid.md p.335〜336,
イスラーム世界：形成・専制帝国・文化（150用語）,WHS-000078,139,大学受験・標準,民族・身分・社会集団,キジルバシュ,きじるばしゅ,,近世,西アジア,イラン,1501年のサファヴィー朝建国期以降,1501,WHS-000078-B01,beginner,用語の特定,identify,サファヴィー教団の信者となり、イスマーイール1世の建国を軍事面で支えたトルコ系遊牧民は？,キジルバシュ,キジルバシュ,,,,02_timur_and_safavid.md p.335〜336,
イスラーム世界：形成・専制帝国・文化（150用語）,WHS-000078,139,大学受験・標準,民族・身分・社会集団,キジルバシュ,きじるばしゅ,,近世,西アジア,イラン,1501年のサファヴィー朝建国期以降,1501,WHS-000078-B02,beginner,中心人物,person,キジルバシュを結集してサファヴィー朝を建てた人物は？,イスマーイール1世,イスマーイール1世,,,,02_timur_and_safavid.md p.335〜336,
イスラーム世界：形成・専制帝国・文化（150用語）,WHS-000078,139,大学受験・標準,民族・身分・社会集団,キジルバシュ,きじるばしゅ,,近世,西アジア,イラン,1501年のサファヴィー朝建国期以降,1501,WHS-000078-B03,beginner,国家・勢力,actor,キジルバシュは民族・生活形態ではどのような人々？,トルコ系遊牧民,トルコ系遊牧民,,,,02_timur_and_safavid.md p.335〜336,
イスラーム世界：形成・専制帝国・文化（150用語）,WHS-000078,139,大学受験・標準,民族・身分・社会集団,キジルバシュ,きじるばしゅ,,近世,西アジア,イラン,1501年のサファヴィー朝建国期以降,1501,WHS-000078-B04,beginner,中心人物,person,キジルバシュに依存した軍制を改めたサファヴィー朝第5代君主は？,アッバース1世,アッバース1世,,,,02_timur_and_safavid.md p.335〜336,
イスラーム世界：形成・専制帝国・文化（150用語）,WHS-000078,139,大学受験・標準,民族・身分・社会集団,キジルバシュ,きじるばしゅ,,近世,西アジア,イラン,1501年のサファヴィー朝建国期以降,1501,WHS-000078-R01,reverse,核心内容,reverse,どのような役割を果たした？,サファヴィー教団の信者となった**トルコ系遊牧民**で、イスマーイール1世が軍事力を結集し、**1501年**にイランで**サファヴィー朝**を建国した。,トルコ系遊牧民|1501年|サファヴィー朝,,,1501：「サファヴィー教団　戦後追いこむ」サファヴィー朝成立,02_timur_and_safavid.md p.335〜336,
イスラーム世界：形成・専制帝国・文化（150用語）,WHS-000078,139,大学受験・標準,民族・身分・社会集団,キジルバシュ,きじるばしゅ,,近世,西アジア,イラン,1501年のサファヴィー朝建国期以降,1501,WHS-000078-R02,reverse,核心内容,reverse,後の軍制改革でどう変わった？,**アッバース1世**はキジルバシュへの依存を改め、グルジアやアルメニア出身の奴隷兵**ゴラーム**の騎兵隊や火器部隊を整備した。,アッバース1世|ゴラーム,,,,02_timur_and_safavid.md p.335〜336,
イスラーム世界：形成・専制帝国・文化（150用語）,WHS-000078,139,大学受験・標準,民族・身分・社会集団,キジルバシュ,きじるばしゅ,,近世,西アジア,イラン,1501年のサファヴィー朝建国期以降,1501,WHS-000078-I01,integrated,統合説明,integrated,「キジルバシュ」について説明せよ。,サファヴィー教団を信仰した**トルコ系遊牧民**で、イスマーイール1世が軍事力を結集し、**1501年**にイランで**サファヴィー朝**を建国した。のちに**アッバース1世**は彼らへの依存を改め、**ゴラーム**の騎兵隊や火器部隊を整備した。,トルコ系遊牧民|1501年|サファヴィー朝|アッバース1世|ゴラーム,,,1501：「サファヴィー教団　戦後追いこむ」サファヴィー朝成立,02_timur_and_safavid.md p.335〜336,
イスラーム世界：形成・専制帝国・文化（150用語）,WHS-000099,31,大学受験・基礎,人物,セリム1世,せりむいっせい,,近世,西アジア・アフリカ,アナトリア・シリア／エジプト・ヒジャーズ,在位1512〜1520年,1512,WHS-000099-B01,beginner,用語の特定,identify,サファヴィー朝を破り、マムルーク朝を征服してメッカ・メディナの保護権を得たオスマン帝国の君主は？,セリム1世,セリム1世,,,,03_ottoman_empire.md p.338・340〜341,
イスラーム世界：形成・専制帝国・文化（150用語）,WHS-000099,31,大学受験・基礎,人物,セリム1世,せりむいっせい,,近世,西アジア・アフリカ,アナトリア・シリア／エジプト・ヒジャーズ,在位1512〜1520年,1512,WHS-000099-B02,beginner,関連,relation,セリム1世がサファヴィー朝を破った戦いは？,チャルディラーンの戦い,チャルディラーンの戦い,,,,03_ottoman_empire.md p.338・340〜341,
イスラーム世界：形成・専制帝国・文化（150用語）,WHS-000099,31,大学受験・基礎,人物,セリム1世,せりむいっせい,,近世,西アジア・アフリカ,アナトリア・シリア／エジプト・ヒジャーズ,在位1512〜1520年,1512,WHS-000099-B03,beginner,時期,time,セリム1世がマムルーク朝を征服したのは何年？,1517年,1517年,,,,03_ottoman_empire.md p.338・340〜341,
イスラーム世界：形成・専制帝国・文化（150用語）,WHS-000099,31,大学受験・基礎,人物,セリム1世,せりむいっせい,,近世,西アジア・アフリカ,アナトリア・シリア／エジプト・ヒジャーズ,在位1512〜1520年,1512,WHS-000099-B04,beginner,地域,place,セリム1世が保護権を得た二つの聖地は？,メッカとメディナ,メッカとメディナ,メディナとメッカ,,,03_ottoman_empire.md p.338・340〜341,
イスラーム世界：形成・専制帝国・文化（150用語）,WHS-000099,31,大学受験・基礎,人物,セリム1世,せりむいっせい,,近世,西アジア・アフリカ,アナトリア・シリア／エジプト・ヒジャーズ,在位1512〜1520年,1512,WHS-000099-B05,beginner,国家・勢力,actor,セリム1世がエジプトで滅ぼした王朝は？,マムルーク朝,マムルーク朝,,,,03_ottoman_empire.md p.338・340〜341,
イスラーム世界：形成・専制帝国・文化（150用語）,WHS-000099,31,大学受験・基礎,人物,セリム1世,せりむいっせい,,近世,西アジア・アフリカ,アナトリア・シリア／エジプト・ヒジャーズ,在位1512〜1520年,1512,WHS-000099-R01,reverse,時期,time,君主として在位したのはいつ？,**1512〜1520年**,1512〜1520年,,,,03_ottoman_empire.md p.338・340〜341,
イスラーム世界：形成・専制帝国・文化（150用語）,WHS-000099,31,大学受験・基礎,人物,セリム1世,せりむいっせい,,近世,西アジア・アフリカ,アナトリア・シリア／エジプト・ヒジャーズ,在位1512〜1520年,1512,WHS-000099-R02,reverse,核心内容,reverse,何をした？,**チャルディラーンの戦い**でサファヴィー朝を破り、アナトリア支配を広げた。シリアからエジプトへ侵攻し、**1517年**に**マムルーク朝**を征服して、**メッカ・メディナの保護権**を獲得し、スンナ派世界の主導権を握った。,チャルディラーンの戦い|1517年|マムルーク朝|メッカ・メディナの保護権,,,,03_ottoman_empire.md p.338・340〜341,
イスラーム世界：形成・専制帝国・文化（150用語）,WHS-000099,31,大学受験・基礎,人物,セリム1世,せりむいっせい,,近世,西アジア・アフリカ,アナトリア・シリア／エジプト・ヒジャーズ,在位1512〜1520年,1512,WHS-000099-I01,integrated,統合説明,integrated,「セリム1世」について説明せよ。,**1512〜1520年**に在位したオスマン帝国の君主。**チャルディラーンの戦い**でサファヴィー朝を破ってアナトリア支配を広げ、シリアからエジプトへ侵攻して**1517年**に**マムルーク朝**を征服した。**メッカ・メディナの保護権**を獲得し、スンナ派世界の主導権を握った。,1512〜1520年|チャルディラーンの戦い|1517年|マムルーク朝|メッカ・メディナの保護権,,,,03_ottoman_empire.md p.338・340〜341,
イスラーム世界：形成・専制帝国・文化（150用語）,WHS-000079,90,大学受験・標準,戦争,チャルディラーンの戦い,ちゃるでぃらーんのたたかい,,近世,西アジア,アゼルバイジャン・東アナトリアをめぐる抗争,16世紀・セリム1世の時代,1514,WHS-000079-B01,beginner,用語の特定,identify,火器で武装したセリム1世のオスマン軍がサファヴィー朝を破り、タブリーズの占領にもつながった戦いは？,チャルディラーンの戦い,チャルディラーンの戦い,,,,02_timur_and_safavid.md p.336,
イスラーム世界：形成・専制帝国・文化（150用語）,WHS-000079,90,大学受験・標準,戦争,チャルディラーンの戦い,ちゃるでぃらーんのたたかい,,近世,西アジア,アゼルバイジャン・東アナトリアをめぐる抗争,16世紀・セリム1世の時代,1514,WHS-000079-B02,beginner,中心人物,person,チャルディラーンの戦いでオスマン帝国を率いた君主は？,セリム1世,セリム1世,,,,02_timur_and_safavid.md p.336,
イスラーム世界：形成・専制帝国・文化（150用語）,WHS-000079,90,大学受験・標準,戦争,チャルディラーンの戦い,ちゃるでぃらーんのたたかい,,近世,西アジア,アゼルバイジャン・東アナトリアをめぐる抗争,16世紀・セリム1世の時代,1514,WHS-000079-B03,beginner,国家・勢力,actor,チャルディラーンの戦いでオスマン帝国に敗れた王朝は？,サファヴィー朝,サファヴィー朝,,,,02_timur_and_safavid.md p.336,
イスラーム世界：形成・専制帝国・文化（150用語）,WHS-000079,90,大学受験・標準,戦争,チャルディラーンの戦い,ちゃるでぃらーんのたたかい,,近世,西アジア,アゼルバイジャン・東アナトリアをめぐる抗争,16世紀・セリム1世の時代,1514,WHS-000079-B04,beginner,内容,content,チャルディラーンの戦いでオスマン軍が優位に立った武装上の特徴は？,火器による武装,火器による武装,,,,02_timur_and_safavid.md p.336,
イスラーム世界：形成・専制帝国・文化（150用語）,WHS-000079,90,大学受験・標準,戦争,チャルディラーンの戦い,ちゃるでぃらーんのたたかい,,近世,西アジア,アゼルバイジャン・東アナトリアをめぐる抗争,16世紀・セリム1世の時代,1514,WHS-000079-R01,reverse,時期,time,戦われたのはどの時期？,**16世紀のセリム1世の時代**,16世紀のセリム1世の時代,,,,02_timur_and_safavid.md p.336,
イスラーム世界：形成・専制帝国・文化（150用語）,WHS-000079,90,大学受験・標準,戦争,チャルディラーンの戦い,ちゃるでぃらーんのたたかい,,近世,西アジア,アゼルバイジャン・東アナトリアをめぐる抗争,16世紀・セリム1世の時代,1514,WHS-000079-R02,reverse,核心内容,reverse,何が起きた？,アゼルバイジャンをめぐる抗争で、火器を備えた**セリム1世**のオスマン軍が**サファヴィー朝**を破り、都**タブリーズ**も占領した。オスマン帝国は東アナトリアを獲得した。,セリム1世|サファヴィー朝|タブリーズ,,,,02_timur_and_safavid.md p.336,
イスラーム世界：形成・専制帝国・文化（150用語）,WHS-000079,90,大学受験・標準,戦争,チャルディラーンの戦い,ちゃるでぃらーんのたたかい,,近世,西アジア,アゼルバイジャン・東アナトリアをめぐる抗争,16世紀・セリム1世の時代,1514,WHS-000079-I01,integrated,統合説明,integrated,「チャルディラーンの戦い」について説明せよ。,**16世紀**、アゼルバイジャンをめぐる抗争で、火器を備えた**セリム1世**のオスマン軍が**サファヴィー朝**を破った戦い。オスマン帝国は都**タブリーズ**を占領し、東アナトリアを獲得した。,16世紀|セリム1世|サファヴィー朝|タブリーズ,,,,02_timur_and_safavid.md p.336,
イスラーム世界：形成・専制帝国・文化（150用語）,WHS-000101,32,大学受験・基礎,人物,スレイマン1世,すれいまんいっせい,,近世,西アジア・ヨーロッパ,イスタンブル・中央ヨーロッパ／地中海・イラク,在位1520〜1566年,1520,WHS-000101-B01,beginner,用語の特定,identify,ウィーンを包囲し、プレヴェザで地中海の制海権を握る一方、法典や官僚機構を整備したオスマン帝国全盛期の君主は？,スレイマン1世,スレイマン1世,,,,03_ottoman_empire.md p.338・342,
イスラーム世界：形成・専制帝国・文化（150用語）,WHS-000101,32,大学受験・基礎,人物,スレイマン1世,すれいまんいっせい,,近世,西アジア・ヨーロッパ,イスタンブル・中央ヨーロッパ／地中海・イラク,在位1520〜1566年,1520,WHS-000101-B02,beginner,時期,time,スレイマン1世の在位期間は？,1520〜1566年,1520〜1566年,,,,03_ottoman_empire.md p.338・342,
イスラーム世界：形成・専制帝国・文化（150用語）,WHS-000101,32,大学受験・基礎,人物,スレイマン1世,すれいまんいっせい,,近世,西アジア・ヨーロッパ,イスタンブル・中央ヨーロッパ／地中海・イラク,在位1520〜1566年,1520,WHS-000101-B03,beginner,関連,relation,スレイマン1世がハンガリー軍を破った戦いは？,モハーチの戦い,モハーチの戦い,,,,03_ottoman_empire.md p.338・342,
イスラーム世界：形成・専制帝国・文化（150用語）,WHS-000101,32,大学受験・基礎,人物,スレイマン1世,すれいまんいっせい,,近世,西アジア・ヨーロッパ,イスタンブル・中央ヨーロッパ／地中海・イラク,在位1520〜1566年,1520,WHS-000101-B04,beginner,関連,relation,スレイマン1世が連合艦隊を破って地中海の制海権を握った海戦は？,プレヴェザの海戦,プレヴェザの海戦,,,,03_ottoman_empire.md p.338・342,
イスラーム世界：形成・専制帝国・文化（150用語）,WHS-000101,32,大学受験・基礎,人物,スレイマン1世,すれいまんいっせい,,近世,西アジア・ヨーロッパ,イスタンブル・中央ヨーロッパ／地中海・イラク,在位1520〜1566年,1520,WHS-000101-B05,beginner,中心人物,person,スレイマン1世が対ハプスブルク同盟を結んだフランス王は？,フランソワ1世,フランソワ1世,,,,03_ottoman_empire.md p.338・342,
イスラーム世界：形成・専制帝国・文化（150用語）,WHS-000101,32,大学受験・基礎,人物,スレイマン1世,すれいまんいっせい,,近世,西アジア・ヨーロッパ,イスタンブル・中央ヨーロッパ／地中海・イラク,在位1520〜1566年,1520,WHS-000101-B06,beginner,内容,content,スレイマン1世がシャリーアの枠内で整備した法典の呼び名は？,カーヌーン,カーヌーン,,,,03_ottoman_empire.md p.338・342,
イスラーム世界：形成・専制帝国・文化（150用語）,WHS-000101,32,大学受験・基礎,人物,スレイマン1世,すれいまんいっせい,,近世,西アジア・ヨーロッパ,イスタンブル・中央ヨーロッパ／地中海・イラク,在位1520〜1566年,1520,WHS-000101-R01,reverse,時期,time,君主として在位したのはいつ？,**1520〜1566年**,1520〜1566年,,,,03_ottoman_empire.md p.338・342,
イスラーム世界：形成・専制帝国・文化（150用語）,WHS-000101,32,大学受験・基礎,人物,スレイマン1世,すれいまんいっせい,,近世,西アジア・ヨーロッパ,イスタンブル・中央ヨーロッパ／地中海・イラク,在位1520〜1566年,1520,WHS-000101-R02,reverse,対外政策,reverse,対外関係で何をした？,**モハーチの戦い**でハンガリーの大半を征服し、**1529年**に**第1次ウィーン包囲**を行った。バグダードを攻略してイラクを奪い、**プレヴェザの海戦**で連合艦隊を破って地中海の制海権を握り、**フランソワ1世**と同盟してハプスブルク家に対抗した。,モハーチの戦い|1529年|第1次ウィーン包囲|プレヴェザの海戦|フランソワ1世,,,1529：「行こう憎き　ウィーンの街」第1次ウィーン包囲,03_ottoman_empire.md p.338・342,
イスラーム世界：形成・専制帝国・文化（150用語）,WHS-000101,32,大学受験・基礎,人物,スレイマン1世,すれいまんいっせい,,近世,西アジア・ヨーロッパ,イスタンブル・中央ヨーロッパ／地中海・イラク,在位1520〜1566年,1520,WHS-000101-R03,reverse,統治・文化,reverse,統治と文化で何をした？,**カーヌーン**と官僚機構を整備して中央集権体制を確立した。イスタンブルに**シナン**の設計による**スレイマン＝モスク**を建て、文化の発展も促した。,カーヌーン|シナン|スレイマン＝モスク,,,,03_ottoman_empire.md p.338・342,
イスラーム世界：形成・専制帝国・文化（150用語）,WHS-000101,32,大学受験・基礎,人物,スレイマン1世,すれいまんいっせい,,近世,西アジア・ヨーロッパ,イスタンブル・中央ヨーロッパ／地中海・イラク,在位1520〜1566年,1520,WHS-000101-I01,integrated,統合説明,integrated,「スレイマン1世」について説明せよ。,**1520〜1566年**に在位し、イスタンブルを都とするオスマン帝国の全盛期を築いた君主。**モハーチの戦い**でハンガリーの大半を征服して**1529年**に**第1次ウィーン包囲**を行い、イラクを奪い、**プレヴェザの海戦**で地中海の制海権を握るとともに、**フランソワ1世**と対ハプスブルク同盟を結んだ。**カーヌーン**と官僚機構を整備し、シナンの設計で**スレイマン＝モスク**を建てた。,1520〜1566年|モハーチの戦い|1529年|第1次ウィーン包囲|プレヴェザの海戦|フランソワ1世|カーヌーン|スレイマン＝モスク,,,1529：「行こう憎き　ウィーンの街」第1次ウィーン包囲,03_ottoman_empire.md p.338・342,
イスラーム世界：形成・専制帝国・文化（150用語）,WHS-000111,37,大学受験・基礎,国家・王朝,ムガル帝国,むがるていこく,,近世,南アジア,北インド・デリー／アグラから全インドへ,1526年成立・16世紀以降,1526,WHS-000111-B01,beginner,用語の特定,identify,バーブルがロディー朝を破って建て、アクバルが宗教融和と中央集権化を進めたインドの帝国は？,ムガル帝国,ムガル帝国,,,,04_mughal_empire.md p.343〜346,
イスラーム世界：形成・専制帝国・文化（150用語）,WHS-000111,37,大学受験・基礎,国家・王朝,ムガル帝国,むがるていこく,,近世,南アジア,北インド・デリー／アグラから全インドへ,1526年成立・16世紀以降,1526,WHS-000111-B02,beginner,時期,time,ムガル帝国が成立したのは何年？,1526年,1526年,,,1526：「行こう風呂場へ　バーブル［泡］で遊ぼう」ムガル帝国成立,04_mughal_empire.md p.343〜346,
イスラーム世界：形成・専制帝国・文化（150用語）,WHS-000111,37,大学受験・基礎,国家・王朝,ムガル帝国,むがるていこく,,近世,南アジア,北インド・デリー／アグラから全インドへ,1526年成立・16世紀以降,1526,WHS-000111-B03,beginner,中心人物,person,ムガル帝国の建国者は？,バーブル,バーブル,,,,04_mughal_empire.md p.343〜346,
イスラーム世界：形成・専制帝国・文化（150用語）,WHS-000111,37,大学受験・基礎,国家・王朝,ムガル帝国,むがるていこく,,近世,南アジア,北インド・デリー／アグラから全インドへ,1526年成立・16世紀以降,1526,WHS-000111-B04,beginner,中心人物,person,ムガル帝国で宗教融和政策を進めた第3代皇帝は？,アクバル,アクバル,,,,04_mughal_empire.md p.343〜346,
イスラーム世界：形成・専制帝国・文化（150用語）,WHS-000111,37,大学受験・基礎,国家・王朝,ムガル帝国,むがるていこく,,近世,南アジア,北インド・デリー／アグラから全インドへ,1526年成立・16世紀以降,1526,WHS-000111-B05,beginner,中心人物,person,ムガル帝国で最大領土を実現した第6代皇帝は？,アウラングゼーブ,アウラングゼーブ,,,,04_mughal_empire.md p.343〜346,
イスラーム世界：形成・専制帝国・文化（150用語）,WHS-000111,37,大学受験・基礎,国家・王朝,ムガル帝国,むがるていこく,,近世,南アジア,北インド・デリー／アグラから全インドへ,1526年成立・16世紀以降,1526,WHS-000111-B06,beginner,内容,content,ムガル帝国でアクバルが採用した、官位に応じて給与と軍役を定める制度は？,マンサブダール制,マンサブダール制,,,,04_mughal_empire.md p.343〜346,
イスラーム世界：形成・専制帝国・文化（150用語）,WHS-000111,37,大学受験・基礎,国家・王朝,ムガル帝国,むがるていこく,,近世,南アジア,北インド・デリー／アグラから全インドへ,1526年成立・16世紀以降,1526,WHS-000111-R01,reverse,時期,time,成立したのはいつ？,**1526年**,1526年,,,1526：「行こう風呂場へ　バーブル［泡］で遊ぼう」ムガル帝国成立,04_mughal_empire.md p.343〜346,
イスラーム世界：形成・専制帝国・文化（150用語）,WHS-000111,37,大学受験・基礎,国家・王朝,ムガル帝国,むがるていこく,,近世,南アジア,北インド・デリー／アグラから全インドへ,1526年成立・16世紀以降,1526,WHS-000111-R02,reverse,核心内容,reverse,どのように成立し、統治を固めた？,**バーブル**がロディー朝を破って北インドの**デリー**に建国した。**アクバル**はアグラへ遷都し、ラージプートと融和してジズヤを廃止するとともに、**州県制・マンサブダール制**で中央集権化を進めた。,バーブル|デリー|アクバル|州県制・マンサブダール制,,,,04_mughal_empire.md p.343〜346,
イスラーム世界：形成・専制帝国・文化（150用語）,WHS-000111,37,大学受験・基礎,国家・王朝,ムガル帝国,むがるていこく,,近世,南アジア,北インド・デリー／アグラから全インドへ,1526年成立・16世紀以降,1526,WHS-000111-R03,reverse,核心内容,reverse,どのように拡大し、分裂した？,**アウラングゼーブ**がデカン高原を征服してほぼ全インドを支配したが、**ジズヤの復活**と宗教弾圧で反発が起きた。地方勢力が自立し、のちに帝国はデリー周辺を支配する弱小勢力へ転落した。,アウラングゼーブ|ジズヤの復活,,,,04_mughal_empire.md p.343〜346,
イスラーム世界：形成・専制帝国・文化（150用語）,WHS-000111,37,大学受験・基礎,国家・王朝,ムガル帝国,むがるていこく,,近世,南アジア,北インド・デリー／アグラから全インドへ,1526年成立・16世紀以降,1526,WHS-000111-I01,integrated,統合説明,integrated,「ムガル帝国」について説明せよ。,**1526年**、バーブルがロディー朝を破り、北インドの**デリー**に建てた帝国。**アクバル**はアグラへ遷都し、宗教融和とジズヤ廃止、**州県制・マンサブダール制**による中央集権化を進めた。**アウラングゼーブ**のもとでほぼ全インドへ拡大したが、ジズヤ復活や宗教弾圧への反発から分裂し、デリー周辺の弱小勢力となった。,1526年|デリー|アクバル|州県制・マンサブダール制|アウラングゼーブ,,,1526：「行こう風呂場へ　バーブル［泡］で遊ぼう」ムガル帝国成立,04_mughal_empire.md p.343〜346,
イスラーム世界：形成・専制帝国・文化（150用語）,WHS-000112,38,大学受験・基礎,人物,バーブル,ばーぶる,,近世,中央アジア・南アジア,中央アジア・カーブル／北インド・デリー,在位1526〜1530年,1526,WHS-000112-B01,beginner,用語の特定,identify,ティムールの子孫で、カーブルを拠点とした後、ロディー朝を破ってムガル帝国を建てた人物は？,バーブル,バーブル,,,,04_mughal_empire.md p.343〜344・346,
イスラーム世界：形成・専制帝国・文化（150用語）,WHS-000112,38,大学受験・基礎,人物,バーブル,ばーぶる,,近世,中央アジア・南アジア,中央アジア・カーブル／北インド・デリー,在位1526〜1530年,1526,WHS-000112-B02,beginner,時期,time,バーブルがムガル帝国を建てたのは何年？,1526年,1526年,,,1526：「行こう風呂場へ　バーブル［泡］で遊ぼう」ムガル帝国成立,04_mughal_empire.md p.343〜344・346,
イスラーム世界：形成・専制帝国・文化（150用語）,WHS-000112,38,大学受験・基礎,人物,バーブル,ばーぶる,,近世,中央アジア・南アジア,中央アジア・カーブル／北インド・デリー,在位1526〜1530年,1526,WHS-000112-B03,beginner,関連,relation,バーブルがロディー朝を破った戦いは？,パーニーパットの戦い,パーニーパットの戦い,,,,04_mughal_empire.md p.343〜344・346,
イスラーム世界：形成・専制帝国・文化（150用語）,WHS-000112,38,大学受験・基礎,人物,バーブル,ばーぶる,,近世,中央アジア・南アジア,中央アジア・カーブル／北インド・デリー,在位1526〜1530年,1526,WHS-000112-B04,beginner,地域,place,バーブルがインド進出前にアフガニスタンで拠点とした都市は？,カーブル,カーブル,,,,04_mughal_empire.md p.343〜344・346,
イスラーム世界：形成・専制帝国・文化（150用語）,WHS-000112,38,大学受験・基礎,人物,バーブル,ばーぶる,,近世,中央アジア・南アジア,中央アジア・カーブル／北インド・デリー,在位1526〜1530年,1526,WHS-000112-B05,beginner,中心人物,person,バーブルが母方の血統を引くモンゴルの創始者は？,チンギス＝ハン,チンギス＝ハン,チンギス＝カン,,,04_mughal_empire.md p.343〜344・346,
イスラーム世界：形成・専制帝国・文化（150用語）,WHS-000112,38,大学受験・基礎,人物,バーブル,ばーぶる,,近世,中央アジア・南アジア,中央アジア・カーブル／北インド・デリー,在位1526〜1530年,1526,WHS-000112-B06,beginner,地域,place,バーブルがムガル帝国建国時に都とした都市は？,デリー,デリー,,,,04_mughal_empire.md p.343〜344・346,
イスラーム世界：形成・専制帝国・文化（150用語）,WHS-000112,38,大学受験・基礎,人物,バーブル,ばーぶる,,近世,中央アジア・南アジア,中央アジア・カーブル／北インド・デリー,在位1526〜1530年,1526,WHS-000112-R01,reverse,時期,time,帝国を建てたのはいつ？,**1526年**,1526年,,,1526：「行こう風呂場へ　バーブル［泡］で遊ぼう」ムガル帝国成立,04_mughal_empire.md p.343〜344・346,
イスラーム世界：形成・専制帝国・文化（150用語）,WHS-000112,38,大学受験・基礎,人物,バーブル,ばーぶる,,近世,中央アジア・南アジア,中央アジア・カーブル／北インド・デリー,在位1526〜1530年,1526,WHS-000112-R02,reverse,核心内容,reverse,なぜインドへ進み、何をした？,ティムールの子孫として中央アジアで再興を目指したがウズベク人に敗れ、**カーブル**を拠点とした。インドへ南下して**パーニーパットの戦い**でロディー朝を破り、**デリー**にムガル帝国を建てた。,カーブル|パーニーパットの戦い|デリー,,,,04_mughal_empire.md p.343〜344・346,
イスラーム世界：形成・専制帝国・文化（150用語）,WHS-000112,38,大学受験・基礎,人物,バーブル,ばーぶる,,近世,中央アジア・南アジア,中央アジア・カーブル／北インド・デリー,在位1526〜1530年,1526,WHS-000112-R03,reverse,核心内容,reverse,君主の称号をどう位置づけた？,父方に**ティムール**、母方に**チンギス＝ハン**の血統を引くことから、スルタンではなく**皇帝**を称した。,ティムール|チンギス＝ハン|皇帝,,,,04_mughal_empire.md p.343〜344・346,
イスラーム世界：形成・専制帝国・文化（150用語）,WHS-000112,38,大学受験・基礎,人物,バーブル,ばーぶる,,近世,中央アジア・南アジア,中央アジア・カーブル／北インド・デリー,在位1526〜1530年,1526,WHS-000112-I01,integrated,統合説明,integrated,「バーブル」について説明せよ。,**1526年**、パーニーパットの戦いでロディー朝を破り、北インドの**デリー**にムガル帝国を建てた人物。中央アジアでの再興に失敗して**カーブル**を拠点にインドへ進み、父方の**ティムール**と母方の**チンギス＝ハン**の血統を背景に皇帝を称した。,1526年|デリー|カーブル|ティムール|チンギス＝ハン,,,1526：「行こう風呂場へ　バーブル［泡］で遊ぼう」ムガル帝国成立,04_mughal_empire.md p.343〜344・346,
イスラーム世界：形成・専制帝国・文化（150用語）,WHS-000102,103,大学受験・標準,戦争,モハーチの戦い,もはーちのたたかい,,近世,ヨーロッパ,ハンガリー・ドナウ川方面,1526年,1526,WHS-000102-B01,beginner,用語の特定,identify,スレイマン1世がハンガリー王ラヨシュ2世を破り、ハンガリーの大部分を征服した戦いは？,モハーチの戦い,モハーチの戦い,,,,03_ottoman_empire.md p.338・342,
イスラーム世界：形成・専制帝国・文化（150用語）,WHS-000102,103,大学受験・標準,戦争,モハーチの戦い,もはーちのたたかい,,近世,ヨーロッパ,ハンガリー・ドナウ川方面,1526年,1526,WHS-000102-B02,beginner,時期,time,モハーチの戦いが戦われたのは何年？,1526年,1526年,,,,03_ottoman_empire.md p.338・342,
イスラーム世界：形成・専制帝国・文化（150用語）,WHS-000102,103,大学受験・標準,戦争,モハーチの戦い,もはーちのたたかい,,近世,ヨーロッパ,ハンガリー・ドナウ川方面,1526年,1526,WHS-000102-B03,beginner,中心人物,person,モハーチの戦いでオスマン帝国を率いた君主は？,スレイマン1世,スレイマン1世,,,,03_ottoman_empire.md p.338・342,
イスラーム世界：形成・専制帝国・文化（150用語）,WHS-000102,103,大学受験・標準,戦争,モハーチの戦い,もはーちのたたかい,,近世,ヨーロッパ,ハンガリー・ドナウ川方面,1526年,1526,WHS-000102-B04,beginner,国家・勢力,actor,モハーチの戦いで敗れ、その大部分を征服された国は？,ハンガリー,ハンガリー,,,,03_ottoman_empire.md p.338・342,
イスラーム世界：形成・専制帝国・文化（150用語）,WHS-000102,103,大学受験・標準,戦争,モハーチの戦い,もはーちのたたかい,,近世,ヨーロッパ,ハンガリー・ドナウ川方面,1526年,1526,WHS-000102-R01,reverse,時期,time,戦われたのはいつ？,**1526年**,1526年,,,,03_ottoman_empire.md p.338・342,
イスラーム世界：形成・専制帝国・文化（150用語）,WHS-000102,103,大学受験・標準,戦争,モハーチの戦い,もはーちのたたかい,,近世,ヨーロッパ,ハンガリー・ドナウ川方面,1526年,1526,WHS-000102-R02,reverse,核心内容,reverse,何が起き、何につながった？,ドナウ川方面へ進んだ**スレイマン1世**がハンガリー王**ラヨシュ2世**を破って戦死させ、**ハンガリーの大部分**を征服した。ハンガリーの支配権を主張するハプスブルク家との対立は、第1次ウィーン包囲へ続いた。,スレイマン1世|ラヨシュ2世|ハンガリーの大部分,,,,03_ottoman_empire.md p.338・342,
イスラーム世界：形成・専制帝国・文化（150用語）,WHS-000102,103,大学受験・標準,戦争,モハーチの戦い,もはーちのたたかい,,近世,ヨーロッパ,ハンガリー・ドナウ川方面,1526年,1526,WHS-000102-I01,integrated,統合説明,integrated,「モハーチの戦い」について説明せよ。,**1526年**、ドナウ川方面へ進んだ**スレイマン1世**がハンガリー王**ラヨシュ2世**を破って戦死させ、**ハンガリーの大部分**を征服した戦い。支配権を主張するハプスブルク家との対立は、第1次ウィーン包囲へ続いた。,1526年|スレイマン1世|ラヨシュ2世|ハンガリーの大部分,,,,03_ottoman_empire.md p.338・342,
イスラーム世界：形成・専制帝国・文化（150用語）,WHS-000113,107,大学受験・標準,戦争,パーニーパットの戦い,ぱーにーぱっとのたたかい,,近世,南アジア,北インド・デリーへの進出,1526年,1526,WHS-000113-B01,beginner,用語の特定,identify,バーブルがロディー朝を破り、デリーを占領してムガル帝国を建てる契機となった戦いは？,パーニーパットの戦い,パーニーパットの戦い,,,,04_mughal_empire.md p.343〜344,
イスラーム世界：形成・専制帝国・文化（150用語）,WHS-000113,107,大学受験・標準,戦争,パーニーパットの戦い,ぱーにーぱっとのたたかい,,近世,南アジア,北インド・デリーへの進出,1526年,1526,WHS-000113-B02,beginner,時期,time,パーニーパットの戦いが戦われたのは何年？,1526年,1526年,,,,04_mughal_empire.md p.343〜344,
イスラーム世界：形成・専制帝国・文化（150用語）,WHS-000113,107,大学受験・標準,戦争,パーニーパットの戦い,ぱーにーぱっとのたたかい,,近世,南アジア,北インド・デリーへの進出,1526年,1526,WHS-000113-B03,beginner,中心人物,person,パーニーパットの戦いで勝利した人物は？,バーブル,バーブル,,,,04_mughal_empire.md p.343〜344,
イスラーム世界：形成・専制帝国・文化（150用語）,WHS-000113,107,大学受験・標準,戦争,パーニーパットの戦い,ぱーにーぱっとのたたかい,,近世,南アジア,北インド・デリーへの進出,1526年,1526,WHS-000113-B04,beginner,国家・勢力,actor,パーニーパットの戦いで敗れたデリー＝スルタン朝最後の王朝は？,ロディー朝,ロディー朝,,,,04_mughal_empire.md p.343〜344,
イスラーム世界：形成・専制帝国・文化（150用語）,WHS-000113,107,大学受験・標準,戦争,パーニーパットの戦い,ぱーにーぱっとのたたかい,,近世,南アジア,北インド・デリーへの進出,1526年,1526,WHS-000113-B05,beginner,結果,result,パーニーパットの戦いの後にバーブルが建てた帝国は？,ムガル帝国,ムガル帝国,,,,04_mughal_empire.md p.343〜344,
イスラーム世界：形成・専制帝国・文化（150用語）,WHS-000113,107,大学受験・標準,戦争,パーニーパットの戦い,ぱーにーぱっとのたたかい,,近世,南アジア,北インド・デリーへの進出,1526年,1526,WHS-000113-R01,reverse,時期,time,戦われたのはいつ？,**1526年**,1526年,,,,04_mughal_empire.md p.343〜344,
イスラーム世界：形成・専制帝国・文化（150用語）,WHS-000113,107,大学受験・標準,戦争,パーニーパットの戦い,ぱーにーぱっとのたたかい,,近世,南アジア,北インド・デリーへの進出,1526年,1526,WHS-000113-R02,reverse,核心内容,reverse,何が起き、何につながった？,北インドへ南下した**バーブル**が、内紛で衰退した**ロディー朝**を破った。デリーを占領して、**1526年**に**ムガル帝国**を建てた。,バーブル|ロディー朝|1526年|ムガル帝国,,,1526：「行こう風呂場へ　バーブル［泡］で遊ぼう」ムガル帝国成立,04_mughal_empire.md p.343〜344,
イスラーム世界：形成・専制帝国・文化（150用語）,WHS-000113,107,大学受験・標準,戦争,パーニーパットの戦い,ぱーにーぱっとのたたかい,,近世,南アジア,北インド・デリーへの進出,1526年,1526,WHS-000113-I01,integrated,統合説明,integrated,「パーニーパットの戦い」について説明せよ。,**1526年**、北インドへ南下した**バーブル**が**ロディー朝**を破った戦い。バーブルはデリーを占領し、同年に**ムガル帝国**を建てた。,1526年|バーブル|ロディー朝|ムガル帝国,,,1526：「行こう風呂場へ　バーブル［泡］で遊ぼう」ムガル帝国成立,04_mughal_empire.md p.343〜344,
イスラーム世界：形成・専制帝国・文化（150用語）,WHS-000129,147,大学受験・標準,文書・作品,バーブル＝ナーマ,ばーぶるなーま,,近世,中央アジア・南アジア,中央アジアとインドの文化的連続,1526年建国のバーブルに関する回顧録,1526,WHS-000129-B01,beginner,用語の特定,identify,ムガル帝国の初代皇帝が自ら記した回顧録で、トルコ語の散文の傑作とされる作品は？,バーブル＝ナーマ,バーブル＝ナーマ,,,,04_mughal_empire.md p.343〜344・346,
イスラーム世界：形成・専制帝国・文化（150用語）,WHS-000129,147,大学受験・標準,文書・作品,バーブル＝ナーマ,ばーぶるなーま,,近世,中央アジア・南アジア,中央アジアとインドの文化的連続,1526年建国のバーブルに関する回顧録,1526,WHS-000129-B02,beginner,内容,content,バーブル＝ナーマが書かれた言語は？,トルコ語,トルコ語,チャガタイ語,,,04_mughal_empire.md p.343〜344・346,
イスラーム世界：形成・専制帝国・文化（150用語）,WHS-000129,147,大学受験・標準,文書・作品,バーブル＝ナーマ,ばーぶるなーま,,近世,中央アジア・南アジア,中央アジアとインドの文化的連続,1526年建国のバーブルに関する回顧録,1526,WHS-000129-B03,beginner,内容,content,バーブル＝ナーマは著者自身の過去を記す、どの種類の作品？,回顧録,回顧録,,,,04_mughal_empire.md p.343〜344・346,
イスラーム世界：形成・専制帝国・文化（150用語）,WHS-000129,147,大学受験・標準,文書・作品,バーブル＝ナーマ,ばーぶるなーま,,近世,中央アジア・南アジア,中央アジアとインドの文化的連続,1526年建国のバーブルに関する回顧録,1526,WHS-000129-B04,beginner,国家・勢力,actor,バーブル＝ナーマが文化的伝統を受け継いだ中央アジアの王朝は？,ティムール朝,ティムール朝,,,,04_mughal_empire.md p.343〜344・346,
イスラーム世界：形成・専制帝国・文化（150用語）,WHS-000129,147,大学受験・標準,文書・作品,バーブル＝ナーマ,ばーぶるなーま,,近世,中央アジア・南アジア,中央アジアとインドの文化的連続,1526年建国のバーブルに関する回顧録,1526,WHS-000129-R01,reverse,核心内容,reverse,どんな作品？,**1526年**に北インドのデリーでムガル帝国を建てた**バーブル**自身の回顧録。中央アジアの**ティムール朝**の伝統を受け継ぎ、**トルコ語（チャガタイ語）**で書かれた散文の傑作とされる。,1526年|バーブル|ティムール朝|トルコ語,,,1526：「行こう風呂場へ　バーブル［泡］で遊ぼう」ムガル帝国成立,04_mughal_empire.md p.343〜344・346,
イスラーム世界：形成・専制帝国・文化（150用語）,WHS-000129,147,大学受験・標準,文書・作品,バーブル＝ナーマ,ばーぶるなーま,,近世,中央アジア・南アジア,中央アジアとインドの文化的連続,1526年建国のバーブルに関する回顧録,1526,WHS-000129-I01,integrated,統合説明,integrated,「バーブル＝ナーマ」について説明せよ。,**1526年**に北インドのデリーでムガル帝国を建てた**バーブル**自身の回顧録。中央アジアの**ティムール朝**の文化的伝統を受け継ぎ、**トルコ語（チャガタイ語）**で書かれた散文の傑作とされる。,1526年|バーブル|ティムール朝|トルコ語,,1526年はムガル帝国の建国年であり、作品の執筆年ではない。,1526：「行こう風呂場へ　バーブル［泡］で遊ぼう」ムガル帝国成立,04_mughal_empire.md p.343〜344・346,
イスラーム世界：形成・専制帝国・文化（150用語）,WHS-000103,33,大学受験・基礎,戦争,第1次ウィーン包囲,だいいちじうぃーんほうい,,近世,ヨーロッパ,中央ヨーロッパ・ウィーン,1529年,1529,WHS-000103-B01,beginner,用語の特定,identify,モハーチの戦いの後、スレイマン1世がハプスブルク家に圧力をかけるため行い、寒気の到来で撤退した包囲戦は？,第1次ウィーン包囲,第1次ウィーン包囲,,,,03_ottoman_empire.md p.338・342,
イスラーム世界：形成・専制帝国・文化（150用語）,WHS-000103,33,大学受験・基礎,戦争,第1次ウィーン包囲,だいいちじうぃーんほうい,,近世,ヨーロッパ,中央ヨーロッパ・ウィーン,1529年,1529,WHS-000103-B02,beginner,時期,time,第1次ウィーン包囲が行われたのは何年？,1529年,1529年,,,1529：「行こう憎き　ウィーンの街」第1次ウィーン包囲,03_ottoman_empire.md p.338・342,
イスラーム世界：形成・専制帝国・文化（150用語）,WHS-000103,33,大学受験・基礎,戦争,第1次ウィーン包囲,だいいちじうぃーんほうい,,近世,ヨーロッパ,中央ヨーロッパ・ウィーン,1529年,1529,WHS-000103-B03,beginner,中心人物,person,第1次ウィーン包囲を行ったオスマン帝国の君主は？,スレイマン1世,スレイマン1世,,,,03_ottoman_empire.md p.338・342,
イスラーム世界：形成・専制帝国・文化（150用語）,WHS-000103,33,大学受験・基礎,戦争,第1次ウィーン包囲,だいいちじうぃーんほうい,,近世,ヨーロッパ,中央ヨーロッパ・ウィーン,1529年,1529,WHS-000103-B04,beginner,国家・勢力,actor,第1次ウィーン包囲で圧力をかけられた、ハンガリーの支配権を主張する家系は？,ハプスブルク家,ハプスブルク家,,,,03_ottoman_empire.md p.338・342,
イスラーム世界：形成・専制帝国・文化（150用語）,WHS-000103,33,大学受験・基礎,戦争,第1次ウィーン包囲,だいいちじうぃーんほうい,,近世,ヨーロッパ,中央ヨーロッパ・ウィーン,1529年,1529,WHS-000103-B05,beginner,原因,cause,第1次ウィーン包囲でオスマン軍が撤退した理由は？,寒気の到来,寒気の到来,,,,03_ottoman_empire.md p.338・342,
イスラーム世界：形成・専制帝国・文化（150用語）,WHS-000103,33,大学受験・基礎,戦争,第1次ウィーン包囲,だいいちじうぃーんほうい,,近世,ヨーロッパ,中央ヨーロッパ・ウィーン,1529年,1529,WHS-000103-R01,reverse,時期,time,行われたのはいつ？,**1529年**,1529年,,,1529：「行こう憎き　ウィーンの街」第1次ウィーン包囲,03_ottoman_empire.md p.338・342,
イスラーム世界：形成・専制帝国・文化（150用語）,WHS-000103,33,大学受験・基礎,戦争,第1次ウィーン包囲,だいいちじうぃーんほうい,,近世,ヨーロッパ,中央ヨーロッパ・ウィーン,1529年,1529,WHS-000103-R02,reverse,核心内容,reverse,なぜ行われ、どうなった？,ハンガリーの支配権を主張する**ハプスブルク家**に対し、**スレイマン1世**が中央ヨーロッパのウィーンを包囲して圧力をかけた。ヨーロッパ諸国を驚かせたが、**寒気の到来**で撤退した。,ハプスブルク家|スレイマン1世|寒気の到来,,,,03_ottoman_empire.md p.338・342,
イスラーム世界：形成・専制帝国・文化（150用語）,WHS-000103,33,大学受験・基礎,戦争,第1次ウィーン包囲,だいいちじうぃーんほうい,,近世,ヨーロッパ,中央ヨーロッパ・ウィーン,1529年,1529,WHS-000103-I01,integrated,統合説明,integrated,「第1次ウィーン包囲」について説明せよ。,**1529年**、スレイマン1世が、ハンガリーの支配権を主張する**ハプスブルク家**に圧力をかけるため中央ヨーロッパのウィーンを包囲した戦い。ヨーロッパ諸国を驚かせたが、**寒気の到来**で撤退した。,1529年|ハプスブルク家|寒気の到来,,,1529：「行こう憎き　ウィーンの街」第1次ウィーン包囲,03_ottoman_empire.md p.338・342,
イスラーム世界：形成・専制帝国・文化（150用語）,WHS-000105,104,大学受験・標準,制度・政策・法律,カピチュレーション,かぴちゅれーしょん,,近世,ヨーロッパ・西アジア,オスマン帝国と西ヨーロッパ,16世紀以降,1530,WHS-000105-B01,beginner,用語の特定,identify,オスマン帝国がフランスなどに認めた、領事裁判権や免税などを含む通商上の特権は？,カピチュレーション,カピチュレーション,,,,03_ottoman_empire.md p.338・342,
イスラーム世界：形成・専制帝国・文化（150用語）,WHS-000105,104,大学受験・標準,制度・政策・法律,カピチュレーション,かぴちゅれーしょん,,近世,ヨーロッパ・西アジア,オスマン帝国と西ヨーロッパ,16世紀以降,1530,WHS-000105-B02,beginner,国家・勢力,actor,カピチュレーションを最初に与えられた国は？,フランス,フランス,,,,03_ottoman_empire.md p.338・342,
イスラーム世界：形成・専制帝国・文化（150用語）,WHS-000105,104,大学受験・標準,制度・政策・法律,カピチュレーション,かぴちゅれーしょん,,近世,ヨーロッパ・西アジア,オスマン帝国と西ヨーロッパ,16世紀以降,1530,WHS-000105-B03,beginner,内容,content,カピチュレーションに含まれる、領事が裁判を行う権利は？,領事裁判権,領事裁判権,,,,03_ottoman_empire.md p.338・342,
イスラーム世界：形成・専制帝国・文化（150用語）,WHS-000105,104,大学受験・標準,制度・政策・法律,カピチュレーション,かぴちゅれーしょん,,近世,ヨーロッパ・西アジア,オスマン帝国と西ヨーロッパ,16世紀以降,1530,WHS-000105-B04,beginner,中心人物,person,カピチュレーションにつながる慣例的特権をフランソワ1世に認めたオスマン帝国の君主は？,スレイマン1世,スレイマン1世,,,,03_ottoman_empire.md p.338・342,
イスラーム世界：形成・専制帝国・文化（150用語）,WHS-000105,104,大学受験・標準,制度・政策・法律,カピチュレーション,かぴちゅれーしょん,,近世,ヨーロッパ・西アジア,オスマン帝国と西ヨーロッパ,16世紀以降,1530,WHS-000105-B05,beginner,国家・勢力,actor,カピチュレーションの付与の背景で、オスマン帝国とフランスが対抗した家系は？,ハプスブルク家,ハプスブルク家,,,,03_ottoman_empire.md p.338・342,
イスラーム世界：形成・専制帝国・文化（150用語）,WHS-000105,104,大学受験・標準,制度・政策・法律,カピチュレーション,かぴちゅれーしょん,,近世,ヨーロッパ・西アジア,オスマン帝国と西ヨーロッパ,16世紀以降,1530,WHS-000105-R01,reverse,核心内容,reverse,どのように生まれ、どんな内容を持った？,16世紀、**スレイマン1世**が対ハプスブルク同盟を結んだ**フランス**に慣例的に認めた**領事裁判権・免税特権**などが、のちに通商特権として発展した。,スレイマン1世|フランス|領事裁判権・免税特権,,,,03_ottoman_empire.md p.338・342,
イスラーム世界：形成・専制帝国・文化（150用語）,WHS-000105,104,大学受験・標準,制度・政策・法律,カピチュレーション,かぴちゅれーしょん,,近世,ヨーロッパ・西アジア,オスマン帝国と西ヨーロッパ,16世紀以降,1530,WHS-000105-R02,reverse,核心内容,reverse,どんな広がりや影響があった？,フランスに続き、**イギリス・オランダ**の商人にも与えられ、**オスマン帝国と西ヨーロッパの交易**が盛んになった。,イギリス・オランダ|オスマン帝国と西ヨーロッパの交易,,,,03_ottoman_empire.md p.338・342,
イスラーム世界：形成・専制帝国・文化（150用語）,WHS-000105,104,大学受験・標準,制度・政策・法律,カピチュレーション,かぴちゅれーしょん,,近世,ヨーロッパ・西アジア,オスマン帝国と西ヨーロッパ,16世紀以降,1530,WHS-000105-I01,integrated,統合説明,integrated,「カピチュレーション」について説明せよ。,**16世紀**、オスマン帝国のスレイマン1世が、**ハプスブルク家**に対抗する同盟国フランスに慣例的に認めた**領事裁判権・免税特権**などから発展した通商特権。のちにイギリス・オランダの商人にも与えられ、**西ヨーロッパとの交易**を促した。,16世紀|ハプスブルク家|領事裁判権・免税特権|西ヨーロッパとの交易,,,,03_ottoman_empire.md p.338・342,
イスラーム世界：形成・専制帝国・文化（150用語）,WHS-000104,34,大学受験・基礎,戦争,プレヴェザの海戦,ぷれゔぇざのかいせん,,近世,西アジア・ヨーロッパ,地中海,1538年,1538,WHS-000104-B01,beginner,用語の特定,identify,スレイマン1世の時代、オスマン海軍がスペイン・ヴェネツィア・教皇の連合艦隊を破り、制海権を握った海戦は？,プレヴェザの海戦,プレヴェザの海戦,,,,03_ottoman_empire.md p.338・342,
イスラーム世界：形成・専制帝国・文化（150用語）,WHS-000104,34,大学受験・基礎,戦争,プレヴェザの海戦,ぷれゔぇざのかいせん,,近世,西アジア・ヨーロッパ,地中海,1538年,1538,WHS-000104-B02,beginner,時期,time,プレヴェザの海戦が戦われたのは何年？,1538年,1538年,,,,03_ottoman_empire.md p.338・342,
イスラーム世界：形成・専制帝国・文化（150用語）,WHS-000104,34,大学受験・基礎,戦争,プレヴェザの海戦,ぷれゔぇざのかいせん,,近世,西アジア・ヨーロッパ,地中海,1538年,1538,WHS-000104-B03,beginner,中心人物,person,プレヴェザの海戦のときのオスマン帝国の君主は？,スレイマン1世,スレイマン1世,,,,03_ottoman_empire.md p.338・342,
イスラーム世界：形成・専制帝国・文化（150用語）,WHS-000104,34,大学受験・基礎,戦争,プレヴェザの海戦,ぷれゔぇざのかいせん,,近世,西アジア・ヨーロッパ,地中海,1538年,1538,WHS-000104-B04,beginner,国家・勢力,actor,プレヴェザの海戦でオスマン海軍に敗れた連合艦隊の三勢力は？,スペイン・ヴェネツィア・教皇,スペイン・ヴェネツィア・教皇,,,,03_ottoman_empire.md p.338・342,
イスラーム世界：形成・専制帝国・文化（150用語）,WHS-000104,34,大学受験・基礎,戦争,プレヴェザの海戦,ぷれゔぇざのかいせん,,近世,西アジア・ヨーロッパ,地中海,1538年,1538,WHS-000104-B05,beginner,地域,place,プレヴェザの海戦の勝利でオスマン帝国がほぼ全域の制海権を握った海域は？,地中海,地中海,,,,03_ottoman_empire.md p.338・342,
イスラーム世界：形成・専制帝国・文化（150用語）,WHS-000104,34,大学受験・基礎,戦争,プレヴェザの海戦,ぷれゔぇざのかいせん,,近世,西アジア・ヨーロッパ,地中海,1538年,1538,WHS-000104-R01,reverse,時期,time,戦われたのはいつ？,**1538年**,1538年,,,,03_ottoman_empire.md p.338・342,
イスラーム世界：形成・専制帝国・文化（150用語）,WHS-000104,34,大学受験・基礎,戦争,プレヴェザの海戦,ぷれゔぇざのかいせん,,近世,西アジア・ヨーロッパ,地中海,1538年,1538,WHS-000104-R02,reverse,核心内容,reverse,何が起き、何につながった？,スレイマン1世の時代、**オスマン海軍**が**スペイン・ヴェネツィア・教皇**の連合艦隊を破った。クレタ島・マルタ島を除き、ほぼ全**地中海の制海権**を握った。,オスマン海軍|スペイン・ヴェネツィア・教皇|地中海の制海権,,,,03_ottoman_empire.md p.338・342,
イスラーム世界：形成・専制帝国・文化（150用語）,WHS-000104,34,大学受験・基礎,戦争,プレヴェザの海戦,ぷれゔぇざのかいせん,,近世,西アジア・ヨーロッパ,地中海,1538年,1538,WHS-000104-I01,integrated,統合説明,integrated,「プレヴェザの海戦」について説明せよ。,**1538年**、地中海でスレイマン1世の**オスマン海軍**が、**スペイン・ヴェネツィア・教皇**の連合艦隊を破った海戦。オスマン帝国はクレタ島・マルタ島を除く、ほぼ全地中海の**制海権**を握った。,1538年|オスマン海軍|スペイン・ヴェネツィア・教皇|制海権,,,,03_ottoman_empire.md p.338・342,
イスラーム世界：形成・専制帝国・文化（150用語）,WHS-000126,115,大学受験・標準,文化・技術・学問,ムガル絵画,むがるかいが,,近世,南アジア,インド,16世紀以降のムガル帝国期,1550,WHS-000126-B01,beginner,用語の特定,identify,イランの細密画がインド絵画と融合して発展し、ラージプート絵画にも影響した絵画は？,ムガル絵画,ムガル絵画,,,,04_mughal_empire.md p.346,
イスラーム世界：形成・専制帝国・文化（150用語）,WHS-000126,115,大学受験・標準,文化・技術・学問,ムガル絵画,むがるかいが,,近世,南アジア,インド,16世紀以降のムガル帝国期,1550,WHS-000126-B02,beginner,関連,relation,ムガル絵画の成立に影響したイランの絵画形式は？,細密画,細密画,ミニアチュール,,,04_mughal_empire.md p.346,
イスラーム世界：形成・専制帝国・文化（150用語）,WHS-000126,115,大学受験・標準,文化・技術・学問,ムガル絵画,むがるかいが,,近世,南アジア,インド,16世紀以降のムガル帝国期,1550,WHS-000126-B03,beginner,関連,relation,ムガル絵画の影響を受け、ヒンドゥー教徒が庶民的題材を描いた絵画は？,ラージプート絵画,ラージプート絵画,,,,04_mughal_empire.md p.346,
イスラーム世界：形成・専制帝国・文化（150用語）,WHS-000126,115,大学受験・標準,文化・技術・学問,ムガル絵画,むがるかいが,,近世,南アジア,インド,16世紀以降のムガル帝国期,1550,WHS-000126-B04,beginner,内容,content,ムガル絵画の成立で細密画と融合した、現地の美術は？,インド絵画,インド絵画,,,,04_mughal_empire.md p.346,
イスラーム世界：形成・専制帝国・文化（150用語）,WHS-000126,115,大学受験・標準,文化・技術・学問,ムガル絵画,むがるかいが,,近世,南アジア,インド,16世紀以降のムガル帝国期,1550,WHS-000126-R01,reverse,核心内容,reverse,どのように成立し、何につながった？,16世紀以降のムガル帝国支配下のインドで、イランの**細密画（ミニアチュール）**が**インド絵画**と融合して発展した。さらにヒンドゥー教徒の**ラージプート絵画**にも影響を与えた。,細密画|インド絵画|ラージプート絵画,,,,04_mughal_empire.md p.346,
イスラーム世界：形成・専制帝国・文化（150用語）,WHS-000126,115,大学受験・標準,文化・技術・学問,ムガル絵画,むがるかいが,,近世,南アジア,インド,16世紀以降のムガル帝国期,1550,WHS-000126-I01,integrated,統合説明,integrated,「ムガル絵画」について説明せよ。,**16世紀以降**のムガル帝国支配下のインドで、イランの**細密画（ミニアチュール）**と**インド絵画**が融合して発展した絵画。ヒンドゥー教徒による**ラージプート絵画**にも影響を与えた。,16世紀以降|細密画|インド絵画|ラージプート絵画,,,,04_mughal_empire.md p.346,
イスラーム世界：形成・専制帝国・文化（150用語）,WHS-000148,132,大学受験・標準,文化・技術・学問,スレイマン＝モスク,すれいまんもすく,,近世,西アジア・ヨーロッパ,オスマン帝国・イスタンブル,スレイマン1世治世（1520〜1566年）,1550,WHS-000148-B01,beginner,用語の特定,identify,スレイマン1世がイスタンブルに建立し、建築家シナンが設計したモスクは？,スレイマン＝モスク,スレイマン＝モスク,,,,05_islamic_culture.md p.348,
イスラーム世界：形成・専制帝国・文化（150用語）,WHS-000148,132,大学受験・標準,文化・技術・学問,スレイマン＝モスク,すれいまんもすく,,近世,西アジア・ヨーロッパ,オスマン帝国・イスタンブル,スレイマン1世治世（1520〜1566年）,1550,WHS-000148-B02,beginner,地域,place,スレイマン＝モスクが建てられた都市は？,イスタンブル,イスタンブル,,,,05_islamic_culture.md p.348,
イスラーム世界：形成・専制帝国・文化（150用語）,WHS-000148,132,大学受験・標準,文化・技術・学問,スレイマン＝モスク,すれいまんもすく,,近世,西アジア・ヨーロッパ,オスマン帝国・イスタンブル,スレイマン1世治世（1520〜1566年）,1550,WHS-000148-B03,beginner,中心人物,person,スレイマン＝モスクを設計した建築家は？,シナン,シナン,スィナン,,,05_islamic_culture.md p.348,
イスラーム世界：形成・専制帝国・文化（150用語）,WHS-000148,132,大学受験・標準,文化・技術・学問,スレイマン＝モスク,すれいまんもすく,,近世,西アジア・ヨーロッパ,オスマン帝国・イスタンブル,スレイマン1世治世（1520〜1566年）,1550,WHS-000148-B04,beginner,国家・勢力,actor,スレイマン＝モスクは、どの帝国の全盛期の代表的建築？,オスマン帝国,オスマン帝国,,,,05_islamic_culture.md p.348,
イスラーム世界：形成・専制帝国・文化（150用語）,WHS-000148,132,大学受験・標準,文化・技術・学問,スレイマン＝モスク,すれいまんもすく,,近世,西アジア・ヨーロッパ,オスマン帝国・イスタンブル,スレイマン1世治世（1520〜1566年）,1550,WHS-000148-R01,reverse,核心内容,reverse,どんな建築？,**1520〜1566年**に在位した**スレイマン1世**が、オスマン帝国の首都**イスタンブル**に建立したモスク。設計者は**シナン**で、帝国の全盛期における文化の発展を示す。,1520〜1566年|スレイマン1世|イスタンブル|シナン,,,,05_islamic_culture.md p.348,
イスラーム世界：形成・専制帝国・文化（150用語）,WHS-000148,132,大学受験・標準,文化・技術・学問,スレイマン＝モスク,すれいまんもすく,,近世,西アジア・ヨーロッパ,オスマン帝国・イスタンブル,スレイマン1世治世（1520〜1566年）,1550,WHS-000148-I01,integrated,統合説明,integrated,「スレイマン＝モスク」について説明せよ。,**1520〜1566年**に在位した**スレイマン1世**が、オスマン帝国の首都**イスタンブル**に建立したモスク。建築家**シナン**が設計し、帝国の全盛期における文化の発展を示す。,1520〜1566年|スレイマン1世|イスタンブル|シナン,,1520〜1566年はスレイマン1世の在位期間であり、モスクの建設期間ではない。,,05_islamic_culture.md p.348,
イスラーム世界：形成・専制帝国・文化（150用語）,WHS-000114,39,大学受験・基礎,人物,アクバル,あくばる,,近世,南アジア,北インド・アグラを中心とするムガル帝国,在位1556〜1605年,1556,WHS-000114-B01,beginner,用語の特定,identify,ムガル帝国の第3代皇帝として、ラージプートとの融和とジズヤ廃止、中央集権体制の整備を進めた人物は？,アクバル,アクバル,,,,04_mughal_empire.md p.343〜345,
イスラーム世界：形成・専制帝国・文化（150用語）,WHS-000114,39,大学受験・基礎,人物,アクバル,あくばる,,近世,南アジア,北インド・アグラを中心とするムガル帝国,在位1556〜1605年,1556,WHS-000114-B02,beginner,時期,time,アクバルの在位期間は？,1556〜1605年,1556〜1605年,,,,04_mughal_empire.md p.343〜345,
イスラーム世界：形成・専制帝国・文化（150用語）,WHS-000114,39,大学受験・基礎,人物,アクバル,あくばる,,近世,南アジア,北インド・アグラを中心とするムガル帝国,在位1556〜1605年,1556,WHS-000114-B03,beginner,地域,place,アクバルが都とした都市は？,アグラ,アグラ,,,,04_mughal_empire.md p.343〜345,
イスラーム世界：形成・専制帝国・文化（150用語）,WHS-000114,39,大学受験・基礎,人物,アクバル,あくばる,,近世,南アジア,北インド・アグラを中心とするムガル帝国,在位1556〜1605年,1556,WHS-000114-B04,beginner,国家・勢力,actor,アクバルが王女との結婚や王族の登用で融和した北インドの集団は？,ラージプート,ラージプート,,,,04_mughal_empire.md p.343〜345,
イスラーム世界：形成・専制帝国・文化（150用語）,WHS-000114,39,大学受験・基礎,人物,アクバル,あくばる,,近世,南アジア,北インド・アグラを中心とするムガル帝国,在位1556〜1605年,1556,WHS-000114-B05,beginner,時期,time,アクバルがジズヤを廃止したのは何年？,1564年,1564年,,,,04_mughal_empire.md p.343〜345,
イスラーム世界：形成・専制帝国・文化（150用語）,WHS-000114,39,大学受験・基礎,人物,アクバル,あくばる,,近世,南アジア,北インド・アグラを中心とするムガル帝国,在位1556〜1605年,1556,WHS-000114-B06,beginner,内容,content,アクバルが官位に応じた給与と軍役を定めた制度は？,マンサブダール制,マンサブダール制,,,,04_mughal_empire.md p.343〜345,
イスラーム世界：形成・専制帝国・文化（150用語）,WHS-000114,39,大学受験・基礎,人物,アクバル,あくばる,,近世,南アジア,北インド・アグラを中心とするムガル帝国,在位1556〜1605年,1556,WHS-000114-B07,beginner,関連,relation,アクバルが諸宗教を折衷しようとして創始したものは？,神聖宗教,神聖宗教,ディーネ＝イラーヒー,,,04_mughal_empire.md p.343〜345,
イスラーム世界：形成・専制帝国・文化（150用語）,WHS-000114,39,大学受験・基礎,人物,アクバル,あくばる,,近世,南アジア,北インド・アグラを中心とするムガル帝国,在位1556〜1605年,1556,WHS-000114-R01,reverse,時期,time,皇帝として在位したのはいつ？,**1556〜1605年**,1556〜1605年,,,,04_mughal_empire.md p.343〜345,
イスラーム世界：形成・専制帝国・文化（150用語）,WHS-000114,39,大学受験・基礎,人物,アクバル,あくばる,,近世,南アジア,北インド・アグラを中心とするムガル帝国,在位1556〜1605年,1556,WHS-000114-R02,reverse,宗教融和,reverse,宗教と社会に対して何をした？,第3代ムガル皇帝として、北インドのアグラを都とし、**ラージプート**の王女との結婚や王族の官僚登用で融和を図り、**1564年にジズヤを廃止**した。**神聖宗教**を創始して諸宗教を折衷し、ヒンドゥー教徒とイスラーム教徒の共存を目指した。,ラージプート|1564年にジズヤを廃止|神聖宗教,,,,04_mughal_empire.md p.343〜345,
イスラーム世界：形成・専制帝国・文化（150用語）,WHS-000114,39,大学受験・基礎,人物,アクバル,あくばる,,近世,南アジア,北インド・アグラを中心とするムガル帝国,在位1556〜1605年,1556,WHS-000114-R03,reverse,統治制度,reverse,統治をどう整えた？,領内に**州県制**をしき、官位に応じた給与と軍役を定める**マンサブダール制**で官僚機構を整えた。土地を測量して地税を定め、ヒンドゥー教徒の領主**ザミンダール**に徴税を請け負わせた。,州県制|マンサブダール制|ザミンダール,,,,04_mughal_empire.md p.343〜345,
イスラーム世界：形成・専制帝国・文化（150用語）,WHS-000114,39,大学受験・基礎,人物,アクバル,あくばる,,近世,南アジア,北インド・アグラを中心とするムガル帝国,在位1556〜1605年,1556,WHS-000114-I01,integrated,統合説明,integrated,「アクバル」について説明せよ。,**1556〜1605年**に在位し、北インドのアグラを都としてムガル帝国の統治を固めた第3代皇帝。**ラージプートとの融和**や**1564年のジズヤ廃止**、神聖宗教の創始で宗教共存を図った。**州県制・マンサブダール制**を整え、土地測量に基づく地税の徴収を**ザミンダール**に請け負わせた。,1556〜1605年|ラージプートとの融和|1564年のジズヤ廃止|州県制・マンサブダール制|ザミンダール,,,,04_mughal_empire.md p.343〜345,
イスラーム世界：形成・専制帝国・文化（150用語）,WHS-000117,40,大学受験・基礎,制度・政策・法律,マンサブダール制,まんさぶだーるせい,,近世,南アジア,インド・ムガル帝国,アクバル在位1556〜1605年の時代,1556,WHS-000117-B01,beginner,用語の特定,identify,ムガル帝国で、官僚に官位に応じた給与を与え、その額に応じて騎兵・騎馬を準備させた制度は？,マンサブダール制,マンサブダール制,,,,04_mughal_empire.md p.343〜345,
イスラーム世界：形成・専制帝国・文化（150用語）,WHS-000117,40,大学受験・基礎,制度・政策・法律,マンサブダール制,まんさぶだーるせい,,近世,南アジア,インド・ムガル帝国,アクバル在位1556〜1605年の時代,1556,WHS-000117-B02,beginner,中心人物,person,マンサブダール制を採用した皇帝は？,アクバル,アクバル,,,,04_mughal_empire.md p.343〜345,
イスラーム世界：形成・専制帝国・文化（150用語）,WHS-000117,40,大学受験・基礎,制度・政策・法律,マンサブダール制,まんさぶだーるせい,,近世,南アジア,インド・ムガル帝国,アクバル在位1556〜1605年の時代,1556,WHS-000117-B03,beginner,内容,content,マンサブダール制で給与の基準となった「マンサブ」とは何？,官位,官位,,,,04_mughal_empire.md p.343〜345,
イスラーム世界：形成・専制帝国・文化（150用語）,WHS-000117,40,大学受験・基礎,制度・政策・法律,マンサブダール制,まんさぶだーるせい,,近世,南アジア,インド・ムガル帝国,アクバル在位1556〜1605年の時代,1556,WHS-000117-B04,beginner,内容,content,マンサブダール制で給与として徴税権を与えられた土地の呼び名は？,ジャーギール,ジャーギール,,,,04_mughal_empire.md p.343〜345,
イスラーム世界：形成・専制帝国・文化（150用語）,WHS-000117,40,大学受験・基礎,制度・政策・法律,マンサブダール制,まんさぶだーるせい,,近世,南アジア,インド・ムガル帝国,アクバル在位1556〜1605年の時代,1556,WHS-000117-B05,beginner,内容,content,マンサブダール制で官僚が給与額に応じて準備するものは？,騎兵や騎馬,騎兵や騎馬,,,,04_mughal_empire.md p.343〜345,
イスラーム世界：形成・専制帝国・文化（150用語）,WHS-000117,40,大学受験・基礎,制度・政策・法律,マンサブダール制,まんさぶだーるせい,,近世,南アジア,インド・ムガル帝国,アクバル在位1556〜1605年の時代,1556,WHS-000117-R01,reverse,核心内容,reverse,どんな制度？,**1556〜1605年**に在位した**アクバル**が、インドのムガル帝国で実施した制度。官僚へ**官位（マンサブ）**に応じた給与を与え、その額に応じて**騎兵・騎馬**を準備させ、給与には主に**ジャーギールの徴税権**を与えた。,1556〜1605年|アクバル|官位（マンサブ）|騎兵・騎馬|ジャーギールの徴税権,,,,04_mughal_empire.md p.343〜345,
イスラーム世界：形成・専制帝国・文化（150用語）,WHS-000117,40,大学受験・基礎,制度・政策・法律,マンサブダール制,まんさぶだーるせい,,近世,南アジア,インド・ムガル帝国,アクバル在位1556〜1605年の時代,1556,WHS-000117-I01,integrated,統合説明,integrated,「マンサブダール制」について説明せよ。,**1556〜1605年**に在位した**アクバル**が、インドのムガル帝国で採用した官僚・軍事制度。**官位（マンサブ）**に応じた給与を与え、その額に応じて**騎兵・騎馬**を準備させ、給与には主に**ジャーギールの徴税権**を用いた。,1556〜1605年|アクバル|官位（マンサブ）|騎兵・騎馬|ジャーギールの徴税権,,,,04_mughal_empire.md p.343〜345,
イスラーム世界：形成・専制帝国・文化（150用語）,WHS-000115,108,大学受験・標準,宗教・宗派,シク教,しくきょう,,近世,南アジア,インド・パンジャーブ地方など,アクバル期（1556〜1605年）の宗教融和に関連,1556,WHS-000115-B01,beginner,用語の特定,identify,ナーナクが創始し、ヒンドゥー教のバクティ信仰とイスラームの神秘主義を融合した宗教は？,シク教,シク教,,,,04_mughal_empire.md p.343〜345,
イスラーム世界：形成・専制帝国・文化（150用語）,WHS-000115,108,大学受験・標準,宗教・宗派,シク教,しくきょう,,近世,南アジア,インド・パンジャーブ地方など,アクバル期（1556〜1605年）の宗教融和に関連,1556,WHS-000115-B02,beginner,中心人物,person,シク教の創始者は？,ナーナク,ナーナク,,,,04_mughal_empire.md p.343〜345,
イスラーム世界：形成・専制帝国・文化（150用語）,WHS-000115,108,大学受験・標準,宗教・宗派,シク教,しくきょう,,近世,南アジア,インド・パンジャーブ地方など,アクバル期（1556〜1605年）の宗教融和に関連,1556,WHS-000115-B03,beginner,関連,relation,シク教の成立に融合した、イスラーム教の神秘主義は？,スーフィズム,スーフィズム,,,,04_mughal_empire.md p.343〜345,
イスラーム世界：形成・専制帝国・文化（150用語）,WHS-000115,108,大学受験・標準,宗教・宗派,シク教,しくきょう,,近世,南アジア,インド・パンジャーブ地方など,アクバル期（1556〜1605年）の宗教融和に関連,1556,WHS-000115-B04,beginner,内容,content,シク教が偶像崇拝とともに否定した身分制度は？,カースト制,カースト制,,,,04_mughal_empire.md p.343〜345,
イスラーム世界：形成・専制帝国・文化（150用語）,WHS-000115,108,大学受験・標準,宗教・宗派,シク教,しくきょう,,近世,南アジア,インド・パンジャーブ地方など,アクバル期（1556〜1605年）の宗教融和に関連,1556,WHS-000115-B05,beginner,地域,place,シク教の信者がアウラングゼーブに対して反乱を起こしたインド北西部の地方は？,パンジャーブ地方,パンジャーブ地方,,,,04_mughal_empire.md p.343〜345,
イスラーム世界：形成・専制帝国・文化（150用語）,WHS-000115,108,大学受験・標準,宗教・宗派,シク教,しくきょう,,近世,南アジア,インド・パンジャーブ地方など,アクバル期（1556〜1605年）の宗教融和に関連,1556,WHS-000115-R01,reverse,核心内容,reverse,どんな宗教？,インドで**ナーナク**が創始し、**バクティ信仰**と**スーフィズム**を融合した宗教。偶像崇拝と**カースト制**を否定して人類の平等を説き、このような宗教改革運動は、**1556〜1605年**に在位したアクバルの宗教融和政策にも影響した。,ナーナク|バクティ信仰|スーフィズム|カースト制|1556〜1605年,,,,04_mughal_empire.md p.343〜345,
イスラーム世界：形成・専制帝国・文化（150用語）,WHS-000115,108,大学受験・標準,宗教・宗派,シク教,しくきょう,,近世,南アジア,インド・パンジャーブ地方など,アクバル期（1556〜1605年）の宗教融和に関連,1556,WHS-000115-R02,reverse,核心内容,reverse,ムガル帝国とはその後どう関わった？,宗教政策が転換したアウラングゼーブの時代には、北西インドの**パンジャーブ地方**でシク教徒の反乱が繰り返された。,パンジャーブ地方,,,,04_mughal_empire.md p.343〜345,
イスラーム世界：形成・専制帝国・文化（150用語）,WHS-000115,108,大学受験・標準,宗教・宗派,シク教,しくきょう,,近世,南アジア,インド・パンジャーブ地方など,アクバル期（1556〜1605年）の宗教融和に関連,1556,WHS-000115-I01,integrated,統合説明,integrated,「シク教」について説明せよ。,インドで**ナーナク**が創始し、**バクティ信仰**と**スーフィズム**を融合して、偶像崇拝・カースト制を否定し人類の平等を説いた宗教。**1556〜1605年**に在位したアクバルの宗教融和に影響した改革運動の一つだが、アウラングゼーブの時代には**パンジャーブ地方**で信者の反乱が起きた。,ナーナク|バクティ信仰|スーフィズム|1556〜1605年|パンジャーブ地方,,1556〜1605年はアクバルの在位期間であり、シク教の成立年ではない。,,04_mughal_empire.md p.343〜345,
イスラーム世界：形成・専制帝国・文化（150用語）,WHS-000118,109,大学受験・標準,民族・身分・社会集団,ザミンダール,ざみんだーる,,近世,南アジア,インド各地,アクバル在位1556〜1605年の時代,1556,WHS-000118-B01,beginner,用語の特定,identify,アクバルが土地測量に基づいて定めた地税の徴収を請け負わせた、各地のヒンドゥー教徒の領主は？,ザミンダール,ザミンダール,,,,04_mughal_empire.md p.345,
イスラーム世界：形成・専制帝国・文化（150用語）,WHS-000118,109,大学受験・標準,民族・身分・社会集団,ザミンダール,ざみんだーる,,近世,南アジア,インド各地,アクバル在位1556〜1605年の時代,1556,WHS-000118-B02,beginner,中心人物,person,ザミンダールに地税の徴収を請け負わせたムガル皇帝は？,アクバル,アクバル,,,,04_mughal_empire.md p.345,
イスラーム世界：形成・専制帝国・文化（150用語）,WHS-000118,109,大学受験・標準,民族・身分・社会集団,ザミンダール,ざみんだーる,,近世,南アジア,インド各地,アクバル在位1556〜1605年の時代,1556,WHS-000118-B03,beginner,関連,relation,ザミンダールとして資料に示される領主たちが信仰していた宗教は？,ヒンドゥー教,ヒンドゥー教,,,,04_mughal_empire.md p.345,
イスラーム世界：形成・専制帝国・文化（150用語）,WHS-000118,109,大学受験・標準,民族・身分・社会集団,ザミンダール,ざみんだーる,,近世,南アジア,インド各地,アクバル在位1556〜1605年の時代,1556,WHS-000118-B04,beginner,内容,content,ザミンダールがアクバルのもとで請け負った業務は？,地税の徴収,地税の徴収,,,,04_mughal_empire.md p.345,
イスラーム世界：形成・専制帝国・文化（150用語）,WHS-000118,109,大学受験・標準,民族・身分・社会集団,ザミンダール,ざみんだーる,,近世,南アジア,インド各地,アクバル在位1556〜1605年の時代,1556,WHS-000118-R01,reverse,核心内容,reverse,どんな役割を担った？,**1556〜1605年**に在位したアクバルが、インド各地で徴税を請け負わせた**ヒンドゥー教徒の領主**。全国の土地測量で定められた**地税**を徴収し、ムガル帝国の統治に組み込まれた。,1556〜1605年|ヒンドゥー教徒の領主|地税,,,,04_mughal_empire.md p.345,
イスラーム世界：形成・専制帝国・文化（150用語）,WHS-000118,109,大学受験・標準,民族・身分・社会集団,ザミンダール,ざみんだーる,,近世,南アジア,インド各地,アクバル在位1556〜1605年の時代,1556,WHS-000118-I01,integrated,統合説明,integrated,「ザミンダール」について説明せよ。,**1556〜1605年**に在位したアクバルのもと、インド各地で徴税を請け負った**ヒンドゥー教徒の領主**。土地測量に基づいて定められた**地税**の徴収を担い、ムガル帝国の統治に組み込まれた。,1556〜1605年|ヒンドゥー教徒の領主|地税,,,,04_mughal_empire.md p.345,
イスラーム世界：形成・専制帝国・文化（150用語）,WHS-000116,144,大学受験・標準,宗教・宗派,神聖宗教,しんせいしゅうきょう,ディーネ＝イラーヒー,近世,南アジア,インド・ムガル帝国,アクバル在位1556〜1605年の時代,1556,WHS-000116-B01,beginner,用語の特定,identify,アクバルが、皇帝を首長に諸宗教を折衷して宗教間の融和を図ろうと創始したものは？,神聖宗教,神聖宗教,ディーネ＝イラーヒー,,,04_mughal_empire.md p.344,
イスラーム世界：形成・専制帝国・文化（150用語）,WHS-000116,144,大学受験・標準,宗教・宗派,神聖宗教,しんせいしゅうきょう,ディーネ＝イラーヒー,近世,南アジア,インド・ムガル帝国,アクバル在位1556〜1605年の時代,1556,WHS-000116-B02,beginner,中心人物,person,神聖宗教を創始したムガル皇帝は？,アクバル,アクバル,,,,04_mughal_empire.md p.344,
イスラーム世界：形成・専制帝国・文化（150用語）,WHS-000116,144,大学受験・標準,宗教・宗派,神聖宗教,しんせいしゅうきょう,ディーネ＝イラーヒー,近世,南アジア,インド・ムガル帝国,アクバル在位1556〜1605年の時代,1556,WHS-000116-B03,beginner,内容,content,神聖宗教で首長と位置づけられたのは誰？,皇帝,皇帝,,,,04_mughal_empire.md p.344,
イスラーム世界：形成・専制帝国・文化（150用語）,WHS-000116,144,大学受験・標準,宗教・宗派,神聖宗教,しんせいしゅうきょう,ディーネ＝イラーヒー,近世,南アジア,インド・ムガル帝国,アクバル在位1556〜1605年の時代,1556,WHS-000116-B04,beginner,内容,content,神聖宗教が目指した、複数の宗教の関係は？,諸宗教の折衷・融和,諸宗教の折衷・融和,,,,04_mughal_empire.md p.344,
イスラーム世界：形成・専制帝国・文化（150用語）,WHS-000116,144,大学受験・標準,宗教・宗派,神聖宗教,しんせいしゅうきょう,ディーネ＝イラーヒー,近世,南アジア,インド・ムガル帝国,アクバル在位1556〜1605年の時代,1556,WHS-000116-R01,reverse,核心内容,reverse,どんな考えでつくられた？,**1556〜1605年**に在位した**アクバル**がインドのムガル帝国で創始した。**皇帝を首長**として諸宗教を折衷し、イスラーム教だけにとらわれず、ヒンドゥー教徒を含む人々の**共存と融和**を図ろうとした。,1556〜1605年|アクバル|皇帝を首長|共存と融和,,,,04_mughal_empire.md p.344,
イスラーム世界：形成・専制帝国・文化（150用語）,WHS-000116,144,大学受験・標準,宗教・宗派,神聖宗教,しんせいしゅうきょう,ディーネ＝イラーヒー,近世,南アジア,インド・ムガル帝国,アクバル在位1556〜1605年の時代,1556,WHS-000116-I01,integrated,統合説明,integrated,「神聖宗教」について説明せよ。,**1556〜1605年**に在位した**アクバル**が、インドのムガル帝国で創始したもの。**皇帝を首長**に諸宗教を折衷し、ヒンドゥー教徒とイスラーム教徒を含む人々の**共存と融和**を図ろうとした。,1556〜1605年|アクバル|皇帝を首長|共存と融和,,,,04_mughal_empire.md p.344,
イスラーム世界：形成・専制帝国・文化（150用語）,WHS-000130,148,大学受験・標準,文書・作品,アクバル＝ナーマ,あくばるなーま,,近世,南アジア,インド・ムガル帝国,アクバル在位1556〜1605年の統治の記録,1556,WHS-000130-B01,beginner,用語の特定,identify,廷臣アブル＝ファズルが、第3代ムガル皇帝の統治をペルシア語で記録した作品は？,アクバル＝ナーマ,アクバル＝ナーマ,,,,04_mughal_empire.md p.343・346,
イスラーム世界：形成・専制帝国・文化（150用語）,WHS-000130,148,大学受験・標準,文書・作品,アクバル＝ナーマ,あくばるなーま,,近世,南アジア,インド・ムガル帝国,アクバル在位1556〜1605年の統治の記録,1556,WHS-000130-B02,beginner,中心人物,person,アクバル＝ナーマの著者は？,アブル＝ファズル,アブル＝ファズル,,,,04_mughal_empire.md p.343・346,
イスラーム世界：形成・専制帝国・文化（150用語）,WHS-000130,148,大学受験・標準,文書・作品,アクバル＝ナーマ,あくばるなーま,,近世,南アジア,インド・ムガル帝国,アクバル在位1556〜1605年の統治の記録,1556,WHS-000130-B03,beginner,内容,content,アクバル＝ナーマが書かれた言語は？,ペルシア語,ペルシア語,,,,04_mughal_empire.md p.343・346,
イスラーム世界：形成・専制帝国・文化（150用語）,WHS-000130,148,大学受験・標準,文書・作品,アクバル＝ナーマ,あくばるなーま,,近世,南アジア,インド・ムガル帝国,アクバル在位1556〜1605年の統治の記録,1556,WHS-000130-B04,beginner,関連,relation,アクバル＝ナーマと対比される、トルコ語で書かれた初代皇帝の回顧録は？,バーブル＝ナーマ,バーブル＝ナーマ,,,,04_mughal_empire.md p.343・346,
イスラーム世界：形成・専制帝国・文化（150用語）,WHS-000130,148,大学受験・標準,文書・作品,アクバル＝ナーマ,あくばるなーま,,近世,南アジア,インド・ムガル帝国,アクバル在位1556〜1605年の統治の記録,1556,WHS-000130-R01,reverse,核心内容,reverse,どんな作品？,インドのムガル帝国で**1556〜1605年**に在位したアクバルの統治を、廷臣**アブル＝ファズル**が記録した作品。言語は**ペルシア語**で、トルコ語の『バーブル＝ナーマ』と区別する。,1556〜1605年|アブル＝ファズル|ペルシア語,,,,04_mughal_empire.md p.343・346,
イスラーム世界：形成・専制帝国・文化（150用語）,WHS-000130,148,大学受験・標準,文書・作品,アクバル＝ナーマ,あくばるなーま,,近世,南アジア,インド・ムガル帝国,アクバル在位1556〜1605年の統治の記録,1556,WHS-000130-I01,integrated,統合説明,integrated,「アクバル＝ナーマ」について説明せよ。,インドのムガル帝国で**1556〜1605年**に在位したアクバルの統治を、廷臣**アブル＝ファズル**が記録した作品。**ペルシア語**で書かれており、トルコ語の『バーブル＝ナーマ』と区別する。,1556〜1605年|アブル＝ファズル|ペルシア語,,,,04_mughal_empire.md p.343・346,
イスラーム世界：形成・専制帝国・文化（150用語）,WHS-000106,35,大学受験・基礎,戦争,レパントの海戦,れぱんとのかいせん,,近世,西アジア・ヨーロッパ,地中海,1571年,1571,WHS-000106-B01,beginner,用語の特定,identify,セリム2世の時代、オスマン海軍がスペイン・ヴェネツィア・教皇の連合艦隊に敗れ、不敗神話が崩れた海戦は？,レパントの海戦,レパントの海戦,,,,03_ottoman_empire.md p.338・342,
イスラーム世界：形成・専制帝国・文化（150用語）,WHS-000106,35,大学受験・基礎,戦争,レパントの海戦,れぱんとのかいせん,,近世,西アジア・ヨーロッパ,地中海,1571年,1571,WHS-000106-B02,beginner,時期,time,レパントの海戦が戦われたのは何年？,1571年,1571年,,,1571：「以後無い　トルコ海軍」レパントの海戦,03_ottoman_empire.md p.338・342,
イスラーム世界：形成・専制帝国・文化（150用語）,WHS-000106,35,大学受験・基礎,戦争,レパントの海戦,れぱんとのかいせん,,近世,西アジア・ヨーロッパ,地中海,1571年,1571,WHS-000106-B03,beginner,国家・勢力,actor,レパントの海戦でオスマン海軍に勝利した連合艦隊の三勢力は？,スペイン・ヴェネツィア・教皇,スペイン・ヴェネツィア・教皇,,,,03_ottoman_empire.md p.338・342,
イスラーム世界：形成・専制帝国・文化（150用語）,WHS-000106,35,大学受験・基礎,戦争,レパントの海戦,れぱんとのかいせん,,近世,西アジア・ヨーロッパ,地中海,1571年,1571,WHS-000106-B04,beginner,中心人物,person,レパントの海戦のときのオスマン帝国の君主は？,セリム2世,セリム2世,,,,03_ottoman_empire.md p.338・342,
イスラーム世界：形成・専制帝国・文化（150用語）,WHS-000106,35,大学受験・基礎,戦争,レパントの海戦,れぱんとのかいせん,,近世,西アジア・ヨーロッパ,地中海,1571年,1571,WHS-000106-B05,beginner,結果,result,レパントの海戦の敗北後、オスマン帝国は艦隊をどうした？,すぐに再建した,すぐに再建した,,,,03_ottoman_empire.md p.338・342,
イスラーム世界：形成・専制帝国・文化（150用語）,WHS-000106,35,大学受験・基礎,戦争,レパントの海戦,れぱんとのかいせん,,近世,西アジア・ヨーロッパ,地中海,1571年,1571,WHS-000106-R01,reverse,時期,time,戦われたのはいつ？,**1571年**,1571年,,,1571：「以後無い　トルコ海軍」レパントの海戦,03_ottoman_empire.md p.338・342,
イスラーム世界：形成・専制帝国・文化（150用語）,WHS-000106,35,大学受験・基礎,戦争,レパントの海戦,れぱんとのかいせん,,近世,西アジア・ヨーロッパ,地中海,1571年,1571,WHS-000106-R02,reverse,核心内容,reverse,何が起き、その後どうなった？,地中海で**スペイン・ヴェネツィア・教皇**の連合艦隊が、**セリム2世**時代の**オスマン海軍**を破った。オスマン帝国はすぐに艦隊を再建して制海権を保ったが、海軍の**不敗神話**は崩れた。,スペイン・ヴェネツィア・教皇|セリム2世|オスマン海軍|不敗神話,,,,03_ottoman_empire.md p.338・342,
イスラーム世界：形成・専制帝国・文化（150用語）,WHS-000106,35,大学受験・基礎,戦争,レパントの海戦,れぱんとのかいせん,,近世,西アジア・ヨーロッパ,地中海,1571年,1571,WHS-000106-I01,integrated,統合説明,integrated,「レパントの海戦」について説明せよ。,**1571年**、地中海で**スペイン・ヴェネツィア・教皇**の連合艦隊が**セリム2世**時代の**オスマン海軍**を破った海戦。オスマン帝国はすぐに艦隊を再建して制海権を保ったが、海軍の**不敗神話**は崩れた。,1571年|スペイン・ヴェネツィア・教皇|セリム2世|オスマン海軍|不敗神話,,,1571：「以後無い　トルコ海軍」レパントの海戦,03_ottoman_empire.md p.338・342,
イスラーム世界：形成・専制帝国・文化（150用語）,WHS-000080,26,大学受験・基礎,人物,アッバース1世,あっばーすいっせい,,近世,西アジア,イラン・イスファハーン／ペルシア湾,16世紀以降のサファヴィー朝全盛期,1587,WHS-000080-B01,beginner,用語の特定,identify,軍制改革と領土回復を進め、イスファハーンへ遷都してサファヴィー朝を復興した第5代君主は？,アッバース1世,アッバース1世,,,,02_timur_and_safavid.md p.336〜337,
イスラーム世界：形成・専制帝国・文化（150用語）,WHS-000080,26,大学受験・基礎,人物,アッバース1世,あっばーすいっせい,,近世,西アジア,イラン・イスファハーン／ペルシア湾,16世紀以降のサファヴィー朝全盛期,1587,WHS-000080-B02,beginner,地域,place,アッバース1世が遷都した都市は？,イスファハーン,イスファハーン,,,,02_timur_and_safavid.md p.336〜337,
イスラーム世界：形成・専制帝国・文化（150用語）,WHS-000080,26,大学受験・基礎,人物,アッバース1世,あっばーすいっせい,,近世,西アジア,イラン・イスファハーン／ペルシア湾,16世紀以降のサファヴィー朝全盛期,1587,WHS-000080-B03,beginner,国家・勢力,actor,アッバース1世が騎兵隊の中心として採用した奴隷兵は？,ゴラーム,ゴラーム,,,,02_timur_and_safavid.md p.336〜337,
イスラーム世界：形成・専制帝国・文化（150用語）,WHS-000080,26,大学受験・基礎,人物,アッバース1世,あっばーすいっせい,,近世,西アジア,イラン・イスファハーン／ペルシア湾,16世紀以降のサファヴィー朝全盛期,1587,WHS-000080-B04,beginner,国家・勢力,actor,アッバース1世がホルムズ島からポルトガルを排除する際、協力を得た国は？,イギリス,イギリス,,,,02_timur_and_safavid.md p.336〜337,
イスラーム世界：形成・専制帝国・文化（150用語）,WHS-000080,26,大学受験・基礎,人物,アッバース1世,あっばーすいっせい,,近世,西アジア,イラン・イスファハーン／ペルシア湾,16世紀以降のサファヴィー朝全盛期,1587,WHS-000080-B05,beginner,地域,place,アッバース1世がポルトガルを追い出し、ペルシア湾交易を確保した島は？,ホルムズ島,ホルムズ島,,,,02_timur_and_safavid.md p.336〜337,
イスラーム世界：形成・専制帝国・文化（150用語）,WHS-000080,26,大学受験・基礎,人物,アッバース1世,あっばーすいっせい,,近世,西アジア,イラン・イスファハーン／ペルシア湾,16世紀以降のサファヴィー朝全盛期,1587,WHS-000080-R01,reverse,核心内容,reverse,何をした？,16世紀以降のイランで、サファヴィー朝第5代君主として**ゴラーム**の騎兵隊や火器部隊を整え、オスマン帝国から領土を回復した。**イギリス**の協力でポルトガルを**ホルムズ島**から排除し、ペルシア湾の交易路を確保した。,ゴラーム|イギリス|ホルムズ島,,,,02_timur_and_safavid.md p.336〜337,
イスラーム世界：形成・専制帝国・文化（150用語）,WHS-000080,26,大学受験・基礎,人物,アッバース1世,あっばーすいっせい,,近世,西アジア,イラン・イスファハーン／ペルシア湾,16世紀以降のサファヴィー朝全盛期,1587,WHS-000080-R02,reverse,核心内容,reverse,国内の統治と都市はどう発展した？,官僚組織を整えて中央集権化し、交易路や**キャラバンサライ**を整備した。新都**イスファハーン**はアルメニア商人などの活動で発展し、「イスファハーンは世界の半分」と称賛された。,キャラバンサライ|イスファハーン,,,,02_timur_and_safavid.md p.336〜337,
イスラーム世界：形成・専制帝国・文化（150用語）,WHS-000080,26,大学受験・基礎,人物,アッバース1世,あっばーすいっせい,,近世,西アジア,イラン・イスファハーン／ペルシア湾,16世紀以降のサファヴィー朝全盛期,1587,WHS-000080-I01,integrated,統合説明,integrated,「アッバース1世」について説明せよ。,**16世紀以降**のイランでサファヴィー朝を復興した第5代君主。**ゴラーム**の騎兵隊と火器部隊で領土を回復し、**イギリス**の協力でポルトガルを**ホルムズ島**から排除してペルシア湾の交易路を確保した。官僚組織や**キャラバンサライ**を整備し、アルメニア商人などの活動で新都**イスファハーン**を「世界の半分」と称賛される都市に発展させた。,16世紀以降|ゴラーム|イギリス|ホルムズ島|キャラバンサライ|イスファハーン,,,,02_timur_and_safavid.md p.336〜337,
イスラーム世界：形成・専制帝国・文化（150用語）,WHS-000081,140,大学受験・標準,民族・身分・社会集団,ゴラーム,ごらーむ,,近世,西アジア,グルジア・アルメニアからイラン,16世紀以降・アッバース1世の軍制改革期,1587,WHS-000081-B01,beginner,用語の特定,identify,アッバース1世がキジルバシュに代わる騎兵隊として採用した、グルジア・アルメニア出身の奴隷兵は？,ゴラーム,ゴラーム,,,,02_timur_and_safavid.md p.336,
イスラーム世界：形成・専制帝国・文化（150用語）,WHS-000081,140,大学受験・標準,民族・身分・社会集団,ゴラーム,ごらーむ,,近世,西アジア,グルジア・アルメニアからイラン,16世紀以降・アッバース1世の軍制改革期,1587,WHS-000081-B02,beginner,中心人物,person,ゴラームの騎兵隊を整備したサファヴィー朝の君主は？,アッバース1世,アッバース1世,,,,02_timur_and_safavid.md p.336,
イスラーム世界：形成・専制帝国・文化（150用語）,WHS-000081,140,大学受験・標準,民族・身分・社会集団,ゴラーム,ごらーむ,,近世,西アジア,グルジア・アルメニアからイラン,16世紀以降・アッバース1世の軍制改革期,1587,WHS-000081-B03,beginner,地域,place,ゴラームの出身地として資料に挙げられた二地域は？,グルジアとアルメニア,グルジアとアルメニア,アルメニアとグルジア,,,02_timur_and_safavid.md p.336,
イスラーム世界：形成・専制帝国・文化（150用語）,WHS-000081,140,大学受験・標準,民族・身分・社会集団,ゴラーム,ごらーむ,,近世,西アジア,グルジア・アルメニアからイラン,16世紀以降・アッバース1世の軍制改革期,1587,WHS-000081-B04,beginner,国家・勢力,actor,ゴラームの採用によって、軍の依存先から切り替えられたトルコ系遊牧民は？,キジルバシュ,キジルバシュ,,,,02_timur_and_safavid.md p.336,
イスラーム世界：形成・専制帝国・文化（150用語）,WHS-000081,140,大学受験・標準,民族・身分・社会集団,ゴラーム,ごらーむ,,近世,西アジア,グルジア・アルメニアからイラン,16世紀以降・アッバース1世の軍制改革期,1587,WHS-000081-R01,reverse,核心内容,reverse,どのように軍制に組み込まれた？,16世紀以降のイランで**アッバース1世**が軍制改革を進める際、**キジルバシュ**に代えて騎兵隊に採用した、**グルジア・アルメニア出身の奴隷兵**。火器部隊の整備とともに、サファヴィー朝の軍備強化を支えた。,アッバース1世|キジルバシュ|グルジア・アルメニア出身の奴隷兵,,,,02_timur_and_safavid.md p.336,
イスラーム世界：形成・専制帝国・文化（150用語）,WHS-000081,140,大学受験・標準,民族・身分・社会集団,ゴラーム,ごらーむ,,近世,西アジア,グルジア・アルメニアからイラン,16世紀以降・アッバース1世の軍制改革期,1587,WHS-000081-I01,integrated,統合説明,integrated,「ゴラーム」について説明せよ。,**16世紀以降**のイランでアッバース1世が軍制改革を行う際、**キジルバシュ**に代わる騎兵隊として採用した、**グルジア・アルメニア出身の奴隷兵**。火器部隊の整備とともに、サファヴィー朝の軍備強化を支えた。,16世紀以降|キジルバシュ|グルジア・アルメニア出身の奴隷兵,,,,02_timur_and_safavid.md p.336,
イスラーム世界：形成・専制帝国・文化（150用語）,WHS-000082,91,大学受験・標準,地域・都市,イスファハーン,いすふぁはーん,,近世,西アジア,イラン,16世紀以降・アッバース1世の時代,1598,WHS-000082-B01,beginner,用語の特定,identify,アッバース1世が遷都し、商業の繁栄から「世界の半分」と称賛されたイランの都市は？,イスファハーン,イスファハーン,,,,02_timur_and_safavid.md p.336〜337,
イスラーム世界：形成・専制帝国・文化（150用語）,WHS-000082,91,大学受験・標準,地域・都市,イスファハーン,いすふぁはーん,,近世,西アジア,イラン,16世紀以降・アッバース1世の時代,1598,WHS-000082-B02,beginner,中心人物,person,イスファハーンに遷都したサファヴィー朝の君主は？,アッバース1世,アッバース1世,,,,02_timur_and_safavid.md p.336〜337,
イスラーム世界：形成・専制帝国・文化（150用語）,WHS-000082,91,大学受験・標準,地域・都市,イスファハーン,いすふぁはーん,,近世,西アジア,イラン,16世紀以降・アッバース1世の時代,1598,WHS-000082-B03,beginner,関連,relation,イスファハーンに建てられた、青や黄色のタイルで装飾された代表的なモスクは？,王のモスク,王のモスク,イマームのモスク,,,02_timur_and_safavid.md p.336〜337,
イスラーム世界：形成・専制帝国・文化（150用語）,WHS-000082,91,大学受験・標準,地域・都市,イスファハーン,いすふぁはーん,,近世,西アジア,イラン,16世紀以降・アッバース1世の時代,1598,WHS-000082-B04,beginner,国家・勢力,actor,イスファハーンの国際商業で活躍したキリスト教徒の商人集団は？,アルメニア商人,アルメニア商人,,,,02_timur_and_safavid.md p.336〜337,
イスラーム世界：形成・専制帝国・文化（150用語）,WHS-000082,91,大学受験・標準,地域・都市,イスファハーン,いすふぁはーん,,近世,西アジア,イラン,16世紀以降・アッバース1世の時代,1598,WHS-000082-B05,beginner,内容,content,イスファハーンへ来たヨーロッパ人が求めた、資料に挙がる二つの商品は？,生糸と絹織物,生糸と絹織物,絹織物と生糸,,,02_timur_and_safavid.md p.336〜337,
イスラーム世界：形成・専制帝国・文化（150用語）,WHS-000082,91,大学受験・標準,地域・都市,イスファハーン,いすふぁはーん,,近世,西アジア,イラン,16世紀以降・アッバース1世の時代,1598,WHS-000082-R01,reverse,核心内容,reverse,どのように繁栄した？,16世紀以降のイランで、**アッバース1世**が遷都したサファヴィー朝の都。交易路やキャラバンサライの整備、**アルメニア商人**の活動によって国際商業が発展し、生糸や絹織物を求めるヨーロッパ人が集まった。,アッバース1世|アルメニア商人,,,,02_timur_and_safavid.md p.336〜337,
イスラーム世界：形成・専制帝国・文化（150用語）,WHS-000082,91,大学受験・標準,地域・都市,イスファハーン,いすふぁはーん,,近世,西アジア,イラン,16世紀以降・アッバース1世の時代,1598,WHS-000082-R02,reverse,核心内容,reverse,都市の建築にはどんな特徴があった？,**王の広場**を中心にモスクやマドラサが整備され、**王のモスク**は青や黄色のタイルで装飾された。「イスファハーンは世界の半分」と称賛された。,王の広場|王のモスク,,,,02_timur_and_safavid.md p.336〜337,
イスラーム世界：形成・専制帝国・文化（150用語）,WHS-000082,91,大学受験・標準,地域・都市,イスファハーン,いすふぁはーん,,近世,西アジア,イラン,16世紀以降・アッバース1世の時代,1598,WHS-000082-I01,integrated,統合説明,integrated,「イスファハーン」について説明せよ。,**16世紀以降**のイランでアッバース1世が遷都した、サファヴィー朝の都。交易路整備や**アルメニア商人**の活動で生糸・絹織物の国際商業が栄え、**王の広場**を中心に**王のモスク**などが整備され、「世界の半分」と称賛された。,16世紀以降|アルメニア商人|王の広場|王のモスク,,,,02_timur_and_safavid.md p.336〜337,
イスラーム世界：形成・専制帝国・文化（150用語）,WHS-000128,116,大学受験・標準,文化・技術・学問,ウルドゥー語,うるどぅーご,,近世,南アジア,北インド,16世紀以降のムガル帝国期の言語文化,1600,WHS-000128-B01,beginner,用語の特定,identify,北インドのヒンディー語が、アラビア語やペルシア語の語彙を取り入れて生まれた言語は？,ウルドゥー語,ウルドゥー語,,,,04_mughal_empire.md p.346,
イスラーム世界：形成・専制帝国・文化（150用語）,WHS-000128,116,大学受験・標準,文化・技術・学問,ウルドゥー語,うるどぅーご,,近世,南アジア,北インド,16世紀以降のムガル帝国期の言語文化,1600,WHS-000128-B02,beginner,関連,relation,ウルドゥー語の形成の基礎となった北インドの言語は？,ヒンディー語,ヒンディー語,,,,04_mughal_empire.md p.346,
イスラーム世界：形成・専制帝国・文化（150用語）,WHS-000128,116,大学受験・標準,文化・技術・学問,ウルドゥー語,うるどぅーご,,近世,南アジア,北インド,16世紀以降のムガル帝国期の言語文化,1600,WHS-000128-B03,beginner,関連,relation,ウルドゥー語に語彙を取り入れられた二つの言語は？,アラビア語とペルシア語,アラビア語とペルシア語,ペルシア語とアラビア語,,,04_mughal_empire.md p.346,
イスラーム世界：形成・専制帝国・文化（150用語）,WHS-000128,116,大学受験・標準,文化・技術・学問,ウルドゥー語,うるどぅーご,,近世,南アジア,北インド,16世紀以降のムガル帝国期の言語文化,1600,WHS-000128-B04,beginner,関連,relation,ウルドゥー語とは区別される、ムガル帝国の公用語は？,ペルシア語,ペルシア語,,,,04_mughal_empire.md p.346,
イスラーム世界：形成・専制帝国・文化（150用語）,WHS-000128,116,大学受験・標準,文化・技術・学問,ウルドゥー語,うるどぅーご,,近世,南アジア,北インド,16世紀以降のムガル帝国期の言語文化,1600,WHS-000128-R01,reverse,核心内容,reverse,どのように成立した？,16世紀以降のムガル帝国期の北インドでは、各地の方言から形成された**ヒンディー語**が、**アラビア語・ペルシア語**の語彙を取り入れ、ウルドゥー語が生まれた。ムガル帝国の公用語は、これとは別に**ペルシア語**だった。,ヒンディー語|アラビア語・ペルシア語|ペルシア語,,,,04_mughal_empire.md p.346,
イスラーム世界：形成・専制帝国・文化（150用語）,WHS-000128,116,大学受験・標準,文化・技術・学問,ウルドゥー語,うるどぅーご,,近世,南アジア,北インド,16世紀以降のムガル帝国期の言語文化,1600,WHS-000128-I01,integrated,統合説明,integrated,「ウルドゥー語」について説明せよ。,**16世紀以降**のムガル帝国期の北インドの言語文化で、**ヒンディー語**が**アラビア語・ペルシア語**の語彙を取り入れて成立した言語。帝国の公用語である**ペルシア語**とは区別する。,16世紀以降|ヒンディー語|アラビア語・ペルシア語|ペルシア語,,,,04_mughal_empire.md p.346,
イスラーム世界：形成・専制帝国・文化（150用語）,WHS-000127,146,大学受験・標準,文化・技術・学問,ラージプート絵画,らーじぷーとかいが,,近世,南アジア,インド,16世紀以降のムガル帝国期,1600,WHS-000127-B01,beginner,用語の特定,identify,ムガル絵画の影響を受け、ヒンドゥー教徒がヴィシュヌ信仰などの庶民的題材を描いた絵画は？,ラージプート絵画,ラージプート絵画,,,,04_mughal_empire.md p.346,
イスラーム世界：形成・専制帝国・文化（150用語）,WHS-000127,146,大学受験・標準,文化・技術・学問,ラージプート絵画,らーじぷーとかいが,,近世,南アジア,インド,16世紀以降のムガル帝国期,1600,WHS-000127-B02,beginner,関連,relation,ラージプート絵画に影響を与えた絵画は？,ムガル絵画,ムガル絵画,,,,04_mughal_empire.md p.346,
イスラーム世界：形成・専制帝国・文化（150用語）,WHS-000127,146,大学受験・標準,文化・技術・学問,ラージプート絵画,らーじぷーとかいが,,近世,南アジア,インド,16世紀以降のムガル帝国期,1600,WHS-000127-B03,beginner,関連,relation,ラージプート絵画を描く人々の宗教は？,ヒンドゥー教,ヒンドゥー教,,,,04_mughal_empire.md p.346,
イスラーム世界：形成・専制帝国・文化（150用語）,WHS-000127,146,大学受験・標準,文化・技術・学問,ラージプート絵画,らーじぷーとかいが,,近世,南アジア,インド,16世紀以降のムガル帝国期,1600,WHS-000127-B04,beginner,内容,content,ラージプート絵画の題材として挙げられる、ヒンドゥー教の神への信仰は？,ヴィシュヌ信仰,ヴィシュヌ信仰,,,,04_mughal_empire.md p.346,
イスラーム世界：形成・専制帝国・文化（150用語）,WHS-000127,146,大学受験・標準,文化・技術・学問,ラージプート絵画,らーじぷーとかいが,,近世,南アジア,インド,16世紀以降のムガル帝国期,1600,WHS-000127-R01,reverse,核心内容,reverse,どんな絵画？,16世紀以降のムガル帝国支配下のインドで、**ムガル絵画**の影響を受けて発達した。**ヒンドゥー教徒**が、**ヴィシュヌ信仰**などの庶民的な題材を描いた。,ムガル絵画|ヒンドゥー教徒|ヴィシュヌ信仰,,,,04_mughal_empire.md p.346,
イスラーム世界：形成・専制帝国・文化（150用語）,WHS-000127,146,大学受験・標準,文化・技術・学問,ラージプート絵画,らーじぷーとかいが,,近世,南アジア,インド,16世紀以降のムガル帝国期,1600,WHS-000127-I01,integrated,統合説明,integrated,「ラージプート絵画」について説明せよ。,**16世紀以降**のムガル帝国支配下のインドで、**ムガル絵画**の影響を受けて発達した絵画。**ヒンドゥー教徒**が、**ヴィシュヌ信仰**など庶民的な題材を描いた。,16世紀以降|ムガル絵画|ヒンドゥー教徒|ヴィシュヌ信仰,,,,04_mughal_empire.md p.346,
イスラーム世界：形成・専制帝国・文化（150用語）,WHS-000131,149,大学受験・標準,経済・交易,モスリン,もすりん,,近世,南アジア・ヨーロッパ,インドとヨーロッパ,17世紀ごろ以降,1600,WHS-000131-B01,beginner,用語の特定,identify,インド産綿布のうち、薄くて柔らかい平織りのものは？,モスリン,モスリン,,,,04_mughal_empire.md p.346,
イスラーム世界：形成・専制帝国・文化（150用語）,WHS-000131,149,大学受験・標準,経済・交易,モスリン,もすりん,,近世,南アジア・ヨーロッパ,インドとヨーロッパ,17世紀ごろ以降,1600,WHS-000131-B02,beginner,内容,content,モスリンはどのような繊維による布として資料に示される？,綿布,綿布,,,,04_mughal_empire.md p.346,
イスラーム世界：形成・専制帝国・文化（150用語）,WHS-000131,149,大学受験・標準,経済・交易,モスリン,もすりん,,近世,南アジア・ヨーロッパ,インドとヨーロッパ,17世紀ごろ以降,1600,WHS-000131-B03,beginner,地域,place,モスリンなどのインド産綿布が盛んに輸出されるようになった地域は？,ヨーロッパ,ヨーロッパ,,,,04_mughal_empire.md p.346,
イスラーム世界：形成・専制帝国・文化（150用語）,WHS-000131,149,大学受験・標準,経済・交易,モスリン,もすりん,,近世,南アジア・ヨーロッパ,インドとヨーロッパ,17世紀ごろ以降,1600,WHS-000131-B04,beginner,時期,time,モスリンなどの輸出を背景に、インドの地方経済が発展したのはいつごろから？,17世紀ごろ,17世紀ごろ,,,,04_mughal_empire.md p.346,
イスラーム世界：形成・専制帝国・文化（150用語）,WHS-000131,149,大学受験・標準,経済・交易,モスリン,もすりん,,近世,南アジア・ヨーロッパ,インドとヨーロッパ,17世紀ごろ以降,1600,WHS-000131-R01,reverse,核心内容,reverse,どんな商品で、何につながった？,**17世紀ごろ**から交易が発展したインドで生産された、**薄くて柔らかい平織り綿布**。キャラコやサラサとともに**ヨーロッパへ輸出**され、利益を求めるヨーロッパ各国のインド進出強化につながった。,17世紀ごろ|薄くて柔らかい平織り綿布|ヨーロッパへ輸出,,,,04_mughal_empire.md p.346,
イスラーム世界：形成・専制帝国・文化（150用語）,WHS-000131,149,大学受験・標準,経済・交易,モスリン,もすりん,,近世,南アジア・ヨーロッパ,インドとヨーロッパ,17世紀ごろ以降,1600,WHS-000131-I01,integrated,統合説明,integrated,「モスリン」について説明せよ。,**17世紀ごろ**から交易が発展したインドで生産された、**薄くて柔らかい平織り綿布**。キャラコやサラサとともに**ヨーロッパへ輸出**され、その利益をめぐって各国のインド進出が強まった。,17世紀ごろ|薄くて柔らかい平織り綿布|ヨーロッパへ輸出,,,,04_mughal_empire.md p.346,
イスラーム世界：形成・専制帝国・文化（150用語）,WHS-000132,150,大学受験・標準,経済・交易,キャラコ,きゃらこ,,近世,南アジア・ヨーロッパ,インドとヨーロッパ,17世紀ごろ以降,1600,WHS-000132-B01,beginner,用語の特定,identify,インド産の平織り綿布で、その名称がカリカットに由来するものは？,キャラコ,キャラコ,,,,04_mughal_empire.md p.346,
イスラーム世界：形成・専制帝国・文化（150用語）,WHS-000132,150,大学受験・標準,経済・交易,キャラコ,きゃらこ,,近世,南アジア・ヨーロッパ,インドとヨーロッパ,17世紀ごろ以降,1600,WHS-000132-B02,beginner,地域,place,キャラコの名称の由来となった都市は？,カリカット,カリカット,,,,04_mughal_empire.md p.346,
イスラーム世界：形成・専制帝国・文化（150用語）,WHS-000132,150,大学受験・標準,経済・交易,キャラコ,きゃらこ,,近世,南アジア・ヨーロッパ,インドとヨーロッパ,17世紀ごろ以降,1600,WHS-000132-B03,beginner,内容,content,キャラコはどのような織物？,平織り綿布,平織り綿布,,,,04_mughal_empire.md p.346,
イスラーム世界：形成・専制帝国・文化（150用語）,WHS-000132,150,大学受験・標準,経済・交易,キャラコ,きゃらこ,,近世,南アジア・ヨーロッパ,インドとヨーロッパ,17世紀ごろ以降,1600,WHS-000132-B04,beginner,地域,place,キャラコなどのインド産綿布が盛んに輸出された地域は？,ヨーロッパ,ヨーロッパ,,,,04_mughal_empire.md p.346,
イスラーム世界：形成・専制帝国・文化（150用語）,WHS-000132,150,大学受験・標準,経済・交易,キャラコ,きゃらこ,,近世,南アジア・ヨーロッパ,インドとヨーロッパ,17世紀ごろ以降,1600,WHS-000132-R01,reverse,核心内容,reverse,どんな商品で、何につながった？,**17世紀ごろ**から交易が発展したインドで生産された、**カリカット**に名が由来する**平織り綿布**。モスリンやサラサとともにヨーロッパへ輸出され、綿布交易の利益を求める各国のインド進出が強まった。,17世紀ごろ|カリカット|平織り綿布,,,,04_mughal_empire.md p.346,
イスラーム世界：形成・専制帝国・文化（150用語）,WHS-000132,150,大学受験・標準,経済・交易,キャラコ,きゃらこ,,近世,南アジア・ヨーロッパ,インドとヨーロッパ,17世紀ごろ以降,1600,WHS-000132-I01,integrated,統合説明,integrated,「キャラコ」について説明せよ。,**17世紀ごろ**から交易が発展したインドで生産された、**カリカット**に名が由来する**平織り綿布**。モスリンやサラサとともにヨーロッパへ輸出され、綿布交易の利益を求める各国のインド進出が強まった。,17世紀ごろ|カリカット|平織り綿布,,,,04_mughal_empire.md p.346,
イスラーム世界：形成・専制帝国・文化（150用語）,WHS-000149,133,大学受験・標準,文化・技術・学問,イマームのモスク,いまーむのもすく,王のモスク,近世,西アジア,イラン・イスファハーン,16世紀以降のサファヴィー朝期,1610,WHS-000149-B01,beginner,用語の特定,identify,サファヴィー朝のアッバース1世がイスファハーンに建てた、「王のモスク」とも呼ばれる建築は？,イマームのモスク,イマームのモスク,王のモスク,,,05_islamic_culture.md p.348,
イスラーム世界：形成・専制帝国・文化（150用語）,WHS-000149,133,大学受験・標準,文化・技術・学問,イマームのモスク,いまーむのもすく,王のモスク,近世,西アジア,イラン・イスファハーン,16世紀以降のサファヴィー朝期,1610,WHS-000149-B02,beginner,中心人物,person,イマームのモスクを建てたサファヴィー朝の君主は？,アッバース1世,アッバース1世,,,,05_islamic_culture.md p.348,
イスラーム世界：形成・専制帝国・文化（150用語）,WHS-000149,133,大学受験・標準,文化・技術・学問,イマームのモスク,いまーむのもすく,王のモスク,近世,西アジア,イラン・イスファハーン,16世紀以降のサファヴィー朝期,1610,WHS-000149-B03,beginner,地域,place,イマームのモスクが建てられた都市は？,イスファハーン,イスファハーン,,,,05_islamic_culture.md p.348,
イスラーム世界：形成・専制帝国・文化（150用語）,WHS-000149,133,大学受験・標準,文化・技術・学問,イマームのモスク,いまーむのもすく,王のモスク,近世,西アジア,イラン・イスファハーン,16世紀以降のサファヴィー朝期,1610,WHS-000149-B04,beginner,内容,content,イマームのモスクの装飾で特徴的なタイルの二つの色は？,青と黄色,青と黄色,黄色と青,,,05_islamic_culture.md p.348,
イスラーム世界：形成・専制帝国・文化（150用語）,WHS-000149,133,大学受験・標準,文化・技術・学問,イマームのモスク,いまーむのもすく,王のモスク,近世,西アジア,イラン・イスファハーン,16世紀以降のサファヴィー朝期,1610,WHS-000149-R01,reverse,核心内容,reverse,どんな建築？,**16世紀以降**のイランのサファヴィー朝で、**アッバース1世**が**イスファハーン**に建てたモスク。もとは**王のモスク**と呼ばれ、青や黄色のタイルで装飾されたイスラーム建築の傑作とされる。,16世紀以降|アッバース1世|イスファハーン|王のモスク,,,,05_islamic_culture.md p.348,
イスラーム世界：形成・専制帝国・文化（150用語）,WHS-000149,133,大学受験・標準,文化・技術・学問,イマームのモスク,いまーむのもすく,王のモスク,近世,西アジア,イラン・イスファハーン,16世紀以降のサファヴィー朝期,1610,WHS-000149-I01,integrated,統合説明,integrated,「イマームのモスク」について説明せよ。,**16世紀以降**のイランのサファヴィー朝で、**アッバース1世**が**イスファハーン**に建てたモスク。**王のモスク**とも呼ばれ、青や黄色のタイルで装飾されたイスラーム建築の傑作とされる。,16世紀以降|アッバース1世|イスファハーン|王のモスク,,,,05_islamic_culture.md p.348,
イスラーム世界：形成・専制帝国・文化（150用語）,WHS-000119,110,大学受験・標準,人物,シャー＝ジャハーン,しゃーじゃはーん,,近世,南アジア,インド・デリー／アグラ・デカン高原,在位1628〜1658年,1628,WHS-000119-B01,beginner,用語の特定,identify,王妃ムムターズ＝マハルを悼み、アグラにタージ＝マハルを建立したムガル帝国第5代皇帝は？,シャー＝ジャハーン,シャー＝ジャハーン,,,,04_mughal_empire.md p.343・345,
イスラーム世界：形成・専制帝国・文化（150用語）,WHS-000119,110,大学受験・標準,人物,シャー＝ジャハーン,しゃーじゃはーん,,近世,南アジア,インド・デリー／アグラ・デカン高原,在位1628〜1658年,1628,WHS-000119-B02,beginner,時期,time,シャー＝ジャハーンの在位期間は？,1628〜1658年,1628〜1658年,,,,04_mughal_empire.md p.343・345,
イスラーム世界：形成・専制帝国・文化（150用語）,WHS-000119,110,大学受験・標準,人物,シャー＝ジャハーン,しゃーじゃはーん,,近世,南アジア,インド・デリー／アグラ・デカン高原,在位1628〜1658年,1628,WHS-000119-B03,beginner,関連,relation,シャー＝ジャハーンが王妃を悼んで建立した建築は？,タージ＝マハル,タージ＝マハル,,,,04_mughal_empire.md p.343・345,
イスラーム世界：形成・専制帝国・文化（150用語）,WHS-000119,110,大学受験・標準,人物,シャー＝ジャハーン,しゃーじゃはーん,,近世,南アジア,インド・デリー／アグラ・デカン高原,在位1628〜1658年,1628,WHS-000119-B04,beginner,地域,place,シャー＝ジャハーンがタージ＝マハルを建立した都市は？,アグラ,アグラ,,,,04_mughal_empire.md p.343・345,
イスラーム世界：形成・専制帝国・文化（150用語）,WHS-000119,110,大学受験・標準,人物,シャー＝ジャハーン,しゃーじゃはーん,,近世,南アジア,インド・デリー／アグラ・デカン高原,在位1628〜1658年,1628,WHS-000119-B05,beginner,中心人物,person,シャー＝ジャハーンを晩年に幽閉した息子は？,アウラングゼーブ,アウラングゼーブ,,,,04_mughal_empire.md p.343・345,
イスラーム世界：形成・専制帝国・文化（150用語）,WHS-000119,110,大学受験・標準,人物,シャー＝ジャハーン,しゃーじゃはーん,,近世,南アジア,インド・デリー／アグラ・デカン高原,在位1628〜1658年,1628,WHS-000119-R01,reverse,時期,time,皇帝として在位したのはいつ？,**1628〜1658年**,1628〜1658年,,,,04_mughal_empire.md p.343・345,
イスラーム世界：形成・専制帝国・文化（150用語）,WHS-000119,110,大学受験・標準,人物,シャー＝ジャハーン,しゃーじゃはーん,,近世,南アジア,インド・デリー／アグラ・デカン高原,在位1628〜1658年,1628,WHS-000119-R02,reverse,核心内容,reverse,何をした？,第5代ムガル皇帝として、デカン高原の諸国を併合し、デリーに新しい都城を建設した。王妃**ムムターズ＝マハル**の死を悼んで、**アグラ**に**タージ＝マハル**を建立したが、晩年は息子**アウラングゼーブ**に幽閉された。,ムムターズ＝マハル|アグラ|タージ＝マハル|アウラングゼーブ,,,,04_mughal_empire.md p.343・345,
イスラーム世界：形成・専制帝国・文化（150用語）,WHS-000119,110,大学受験・標準,人物,シャー＝ジャハーン,しゃーじゃはーん,,近世,南アジア,インド・デリー／アグラ・デカン高原,在位1628〜1658年,1628,WHS-000119-I01,integrated,統合説明,integrated,「シャー＝ジャハーン」について説明せよ。,**1628〜1658年**に在位したムガル帝国第5代皇帝で、デカン高原の諸国を併合し、デリーに新都城を建設した。王妃**ムムターズ＝マハル**を悼んで**アグラ**に**タージ＝マハル**を建立したが、晩年は息子アウラングゼーブに幽閉された。,1628〜1658年|ムムターズ＝マハル|アグラ|タージ＝マハル,,,,04_mughal_empire.md p.343・345,
イスラーム世界：形成・専制帝国・文化（150用語）,WHS-000120,111,大学受験・標準,文化・技術・学問,タージ＝マハル,たーじまはる,,近世,南アジア,インド・アグラ,17世紀・シャー＝ジャハーン在位1628〜1658年,1630,WHS-000120-B01,beginner,用語の特定,identify,シャー＝ジャハーンが王妃を悼んでアグラに建立した、インド＝イスラーム建築の代表作は？,タージ＝マハル,タージ＝マハル,,,,04_mughal_empire.md p.343・345,
イスラーム世界：形成・専制帝国・文化（150用語）,WHS-000120,111,大学受験・標準,文化・技術・学問,タージ＝マハル,たーじまはる,,近世,南アジア,インド・アグラ,17世紀・シャー＝ジャハーン在位1628〜1658年,1630,WHS-000120-B02,beginner,中心人物,person,タージ＝マハルを建立したムガル皇帝は？,シャー＝ジャハーン,シャー＝ジャハーン,,,,04_mughal_empire.md p.343・345,
イスラーム世界：形成・専制帝国・文化（150用語）,WHS-000120,111,大学受験・標準,文化・技術・学問,タージ＝マハル,たーじまはる,,近世,南アジア,インド・アグラ,17世紀・シャー＝ジャハーン在位1628〜1658年,1630,WHS-000120-B03,beginner,地域,place,タージ＝マハルが建てられた都市は？,アグラ,アグラ,,,,04_mughal_empire.md p.343・345,
イスラーム世界：形成・専制帝国・文化（150用語）,WHS-000120,111,大学受験・標準,文化・技術・学問,タージ＝マハル,たーじまはる,,近世,南アジア,インド・アグラ,17世紀・シャー＝ジャハーン在位1628〜1658年,1630,WHS-000120-B04,beginner,中心人物,person,タージ＝マハルの建立によって死を悼まれた王妃は？,ムムターズ＝マハル,ムムターズ＝マハル,,,,04_mughal_empire.md p.343・345,
イスラーム世界：形成・専制帝国・文化（150用語）,WHS-000120,111,大学受験・標準,文化・技術・学問,タージ＝マハル,たーじまはる,,近世,南アジア,インド・アグラ,17世紀・シャー＝ジャハーン在位1628〜1658年,1630,WHS-000120-R01,reverse,時期・地域,reverse,いつ、どこに建てられた？,17世紀、シャー＝ジャハーンの在位期（1628〜1658年）に、インドの**アグラ**に建立された。,アグラ,,,,04_mughal_empire.md p.343・345,
イスラーム世界：形成・専制帝国・文化（150用語）,WHS-000120,111,大学受験・標準,文化・技術・学問,タージ＝マハル,たーじまはる,,近世,南アジア,インド・アグラ,17世紀・シャー＝ジャハーン在位1628〜1658年,1630,WHS-000120-R02,reverse,核心内容,reverse,どんな建築？,ムガル帝国の**シャー＝ジャハーン**が、王妃**ムムターズ＝マハル**の死を悼んで建立した。**インド＝イスラーム建築**の代表的傑作とされる。,シャー＝ジャハーン|ムムターズ＝マハル|インド＝イスラーム建築,,,,04_mughal_empire.md p.343・345,
イスラーム世界：形成・専制帝国・文化（150用語）,WHS-000120,111,大学受験・標準,文化・技術・学問,タージ＝マハル,たーじまはる,,近世,南アジア,インド・アグラ,17世紀・シャー＝ジャハーン在位1628〜1658年,1630,WHS-000120-I01,integrated,統合説明,integrated,「タージ＝マハル」について説明せよ。,**17世紀**、シャー＝ジャハーンの在位期（1628〜1658年）に、インドの**アグラ**に建立された建築。王妃**ムムターズ＝マハル**の死を悼んで建てられた、**インド＝イスラーム建築**の代表的傑作である。,17世紀|アグラ|ムムターズ＝マハル|インド＝イスラーム建築,,,,04_mughal_empire.md p.343・345,
イスラーム世界：形成・専制帝国・文化（150用語）,WHS-000121,41,大学受験・基礎,人物,アウラングゼーブ,あうらんぐぜーぶ,,近世,南アジア,インド・デカン高原／パンジャーブなど,在位1658〜1707年,1658,WHS-000121-B01,beginner,用語の特定,identify,ムガル帝国の最大領土を実現した一方、ジズヤの復活と宗教弾圧で反発を招いた第6代皇帝は？,アウラングゼーブ,アウラングゼーブ,,,,04_mughal_empire.md p.343・345,
イスラーム世界：形成・専制帝国・文化（150用語）,WHS-000121,41,大学受験・基礎,人物,アウラングゼーブ,あうらんぐぜーぶ,,近世,南アジア,インド・デカン高原／パンジャーブなど,在位1658〜1707年,1658,WHS-000121-B02,beginner,時期,time,アウラングゼーブの在位期間は？,1658〜1707年,1658〜1707年,,,,04_mughal_empire.md p.343・345,
イスラーム世界：形成・専制帝国・文化（150用語）,WHS-000121,41,大学受験・基礎,人物,アウラングゼーブ,あうらんぐぜーぶ,,近世,南アジア,インド・デカン高原／パンジャーブなど,在位1658〜1707年,1658,WHS-000121-B03,beginner,地域,place,アウラングゼーブが征服に治世の大半を費やしたインドの高原は？,デカン高原,デカン高原,,,,04_mughal_empire.md p.343・345,
イスラーム世界：形成・専制帝国・文化（150用語）,WHS-000121,41,大学受験・基礎,人物,アウラングゼーブ,あうらんぐぜーぶ,,近世,南アジア,インド・デカン高原／パンジャーブなど,在位1658〜1707年,1658,WHS-000121-B04,beginner,時期,time,アウラングゼーブがジズヤを復活したのは何年？,1679年,1679年,,,,04_mughal_empire.md p.343・345,
イスラーム世界：形成・専制帝国・文化（150用語）,WHS-000121,41,大学受験・基礎,人物,アウラングゼーブ,あうらんぐぜーぶ,,近世,南アジア,インド・デカン高原／パンジャーブなど,在位1658〜1707年,1658,WHS-000121-B05,beginner,関連,relation,アウラングゼーブが厳格に信仰したイスラーム教の宗派は？,スンナ派,スンナ派,スンニー派,,,04_mughal_empire.md p.343・345,
イスラーム世界：形成・専制帝国・文化（150用語）,WHS-000121,41,大学受験・基礎,人物,アウラングゼーブ,あうらんぐぜーぶ,,近世,南アジア,インド・デカン高原／パンジャーブなど,在位1658〜1707年,1658,WHS-000121-B06,beginner,中心人物,person,アウラングゼーブに対抗し、マラーター王国を建てた人物は？,シヴァージー,シヴァージー,,,,04_mughal_empire.md p.343・345,
イスラーム世界：形成・専制帝国・文化（150用語）,WHS-000121,41,大学受験・基礎,人物,アウラングゼーブ,あうらんぐぜーぶ,,近世,南アジア,インド・デカン高原／パンジャーブなど,在位1658〜1707年,1658,WHS-000121-R01,reverse,時期,time,皇帝として在位したのはいつ？,**1658〜1707年**,1658〜1707年,,,,04_mughal_empire.md p.343・345,
イスラーム世界：形成・専制帝国・文化（150用語）,WHS-000121,41,大学受験・基礎,人物,アウラングゼーブ,あうらんぐぜーぶ,,近世,南アジア,インド・デカン高原／パンジャーブなど,在位1658〜1707年,1658,WHS-000121-R02,reverse,核心内容,reverse,何をした？,第6代ムガル皇帝として、**デカン高原**を征服して、インド南端の一部を除くほぼ全インドを支配した。厳格なスンナ派として宗教寛容策を転換し、戦費による財政難も背景に、**1679年にジズヤを復活**させ、ヒンドゥー教徒やシーア派を弾圧した。,デカン高原|1679年にジズヤを復活,,,,04_mughal_empire.md p.343・345,
イスラーム世界：形成・専制帝国・文化（150用語）,WHS-000121,41,大学受験・基礎,人物,アウラングゼーブ,あうらんぐぜーぶ,,近世,南アジア,インド・デカン高原／パンジャーブなど,在位1658〜1707年,1658,WHS-000121-R03,reverse,核心内容,reverse,何につながった？,**シヴァージー**のマラーター王国や、パンジャーブ地方の**シク教徒**の反乱を招いた。官僚へ与える土地の不足も重なって地方勢力が自立し、帝国の分裂が進んだ。,シヴァージー|シク教徒,,,,04_mughal_empire.md p.343・345,
イスラーム世界：形成・専制帝国・文化（150用語）,WHS-000121,41,大学受験・基礎,人物,アウラングゼーブ,あうらんぐぜーぶ,,近世,南アジア,インド・デカン高原／パンジャーブなど,在位1658〜1707年,1658,WHS-000121-I01,integrated,統合説明,integrated,「アウラングゼーブ」について説明せよ。,**1658〜1707年**に在位し、デカン高原を征服してムガル帝国の支配をほぼ全インドへ広げた第6代皇帝。厳格なスンナ派として宗教寛容策を転換し、財政難も背景に**1679年にジズヤを復活**させ、ヒンドゥー教徒やシーア派を弾圧した。**シヴァージー**の**マラーター王国**やパンジャーブ地方の**シク教徒**の抵抗、官僚への土地不足が重なり、帝国の分裂につながった。,1658〜1707年|1679年にジズヤを復活|シヴァージー|マラーター王国|シク教徒,,,,04_mughal_empire.md p.343・345,
イスラーム世界：形成・専制帝国・文化（150用語）,WHS-000122,112,大学受験・標準,人物,シヴァージー,しゔぁーじー,,近世,南アジア,インド・デカン高原,1674年建国・17世紀後半,1674,WHS-000122-B01,beginner,用語の特定,identify,デカン高原にマラーター王国を建て、アウラングゼーブに抵抗した人物は？,シヴァージー,シヴァージー,,,,04_mughal_empire.md p.343・345,
イスラーム世界：形成・専制帝国・文化（150用語）,WHS-000122,112,大学受験・標準,人物,シヴァージー,しゔぁーじー,,近世,南アジア,インド・デカン高原,1674年建国・17世紀後半,1674,WHS-000122-B02,beginner,時期,time,シヴァージーがマラーター王国を建てたのは何年？,1674年,1674年,,,,04_mughal_empire.md p.343・345,
イスラーム世界：形成・専制帝国・文化（150用語）,WHS-000122,112,大学受験・標準,人物,シヴァージー,しゔぁーじー,,近世,南アジア,インド・デカン高原,1674年建国・17世紀後半,1674,WHS-000122-B03,beginner,地域,place,シヴァージーが王国を建てたインドの地域は？,デカン高原,デカン高原,,,,04_mughal_empire.md p.343・345,
イスラーム世界：形成・専制帝国・文化（150用語）,WHS-000122,112,大学受験・標準,人物,シヴァージー,しゔぁーじー,,近世,南アジア,インド・デカン高原,1674年建国・17世紀後半,1674,WHS-000122-B04,beginner,中心人物,person,シヴァージーが抵抗したムガル皇帝は？,アウラングゼーブ,アウラングゼーブ,,,,04_mughal_empire.md p.343・345,
イスラーム世界：形成・専制帝国・文化（150用語）,WHS-000122,112,大学受験・標準,人物,シヴァージー,しゔぁーじー,,近世,南アジア,インド・デカン高原,1674年建国・17世紀後半,1674,WHS-000122-R01,reverse,時期,time,王国を建てたのはいつ？,**1674年**,1674年,,,,04_mughal_empire.md p.343・345,
イスラーム世界：形成・専制帝国・文化（150用語）,WHS-000122,112,大学受験・標準,人物,シヴァージー,しゔぁーじー,,近世,南アジア,インド・デカン高原,1674年建国・17世紀後半,1674,WHS-000122-R02,reverse,核心内容,reverse,何をした？,インドの**デカン高原**に**マラーター王国**を建て、宗教政策を転換した**アウラングゼーブ**のムガル帝国に抵抗した。,デカン高原|マラーター王国|アウラングゼーブ,,,,04_mughal_empire.md p.343・345,
イスラーム世界：形成・専制帝国・文化（150用語）,WHS-000122,112,大学受験・標準,人物,シヴァージー,しゔぁーじー,,近世,南アジア,インド・デカン高原,1674年建国・17世紀後半,1674,WHS-000122-I01,integrated,統合説明,integrated,「シヴァージー」について説明せよ。,**1674年**、インドの**デカン高原**に**マラーター王国**を建てた人物。宗教政策を転換した**アウラングゼーブ**のムガル帝国に抵抗した。,1674年|デカン高原|マラーター王国|アウラングゼーブ,,,,04_mughal_empire.md p.343・345,
イスラーム世界：形成・専制帝国・文化（150用語）,WHS-000123,113,大学受験・標準,国家・王朝,マラーター王国,まらーたーおうこく,,近世,南アジア,インド・デカン高原から北インド,1674年成立,1674,WHS-000123-B01,beginner,用語の特定,identify,シヴァージーがデカン高原に建ててムガル帝国に抵抗し、のちに諸侯の同盟へ発展した王国は？,マラーター王国,マラーター王国,,,,04_mughal_empire.md p.343・345,
イスラーム世界：形成・専制帝国・文化（150用語）,WHS-000123,113,大学受験・標準,国家・王朝,マラーター王国,まらーたーおうこく,,近世,南アジア,インド・デカン高原から北インド,1674年成立,1674,WHS-000123-B02,beginner,時期,time,マラーター王国が成立したのは何年？,1674年,1674年,,,,04_mughal_empire.md p.343・345,
イスラーム世界：形成・専制帝国・文化（150用語）,WHS-000123,113,大学受験・標準,国家・王朝,マラーター王国,まらーたーおうこく,,近世,南アジア,インド・デカン高原から北インド,1674年成立,1674,WHS-000123-B03,beginner,中心人物,person,マラーター王国の建国者は？,シヴァージー,シヴァージー,,,,04_mughal_empire.md p.343・345,
イスラーム世界：形成・専制帝国・文化（150用語）,WHS-000123,113,大学受験・標準,国家・王朝,マラーター王国,まらーたーおうこく,,近世,南アジア,インド・デカン高原から北インド,1674年成立,1674,WHS-000123-B04,beginner,地域,place,マラーター王国が成立したインドの高原は？,デカン高原,デカン高原,,,,04_mughal_empire.md p.343・345,
イスラーム世界：形成・専制帝国・文化（150用語）,WHS-000123,113,大学受験・標準,国家・王朝,マラーター王国,まらーたーおうこく,,近世,南アジア,インド・デカン高原から北インド,1674年成立,1674,WHS-000123-B05,beginner,関連,relation,マラーター王国の拡大後、ヒンドゥー教徒の諸侯が連合してできた組織は？,マラーター同盟,マラーター同盟,,,,04_mughal_empire.md p.343・345,
イスラーム世界：形成・専制帝国・文化（150用語）,WHS-000123,113,大学受験・標準,国家・王朝,マラーター王国,まらーたーおうこく,,近世,南アジア,インド・デカン高原から北インド,1674年成立,1674,WHS-000123-R01,reverse,時期,time,成立したのはいつ？,**1674年**,1674年,,,,04_mughal_empire.md p.343・345,
イスラーム世界：形成・専制帝国・文化（150用語）,WHS-000123,113,大学受験・標準,国家・王朝,マラーター王国,まらーたーおうこく,,近世,南アジア,インド・デカン高原から北インド,1674年成立,1674,WHS-000123-R02,reverse,核心内容,reverse,何をした？,**シヴァージー**がデカン高原に建て、**アウラングゼーブ**に抵抗した。ムガル帝国の衰退に乗じて北インドへ勢力を広げ、ヒンドゥー教徒の諸侯が連合する**マラーター同盟**へと発展した。,シヴァージー|アウラングゼーブ|マラーター同盟,,,,04_mughal_empire.md p.343・345,
イスラーム世界：形成・専制帝国・文化（150用語）,WHS-000123,113,大学受験・標準,国家・王朝,マラーター王国,まらーたーおうこく,,近世,南アジア,インド・デカン高原から北インド,1674年成立,1674,WHS-000123-I01,integrated,統合説明,integrated,「マラーター王国」について説明せよ。,**1674年**、シヴァージーがインドの**デカン高原**に建て、アウラングゼーブに抵抗した王国。ムガル帝国の衰退に乗じて北インドへ勢力を広げ、諸侯が連合する**マラーター同盟**へと発展した。,1674年|デカン高原|マラーター同盟,,,,04_mughal_empire.md p.343・345,
イスラーム世界：形成・専制帝国・文化（150用語）,WHS-000107,105,大学受験・標準,戦争,第2次ウィーン包囲,だいにじうぃーんほうい,,近世,ヨーロッパ,中央ヨーロッパ・ウィーン,1683年,1683,WHS-000107-B01,beginner,用語の特定,identify,オスマン帝国が失敗し、オーストリア・ポーランドなどの反撃とカルロヴィッツ条約につながった、17世紀末の包囲戦は？,第2次ウィーン包囲,第2次ウィーン包囲,,,,03_ottoman_empire.md p.338・342,
イスラーム世界：形成・専制帝国・文化（150用語）,WHS-000107,105,大学受験・標準,戦争,第2次ウィーン包囲,だいにじうぃーんほうい,,近世,ヨーロッパ,中央ヨーロッパ・ウィーン,1683年,1683,WHS-000107-B02,beginner,時期,time,第2次ウィーン包囲が行われたのは何年？,1683年,1683年,,,,03_ottoman_empire.md p.338・342,
イスラーム世界：形成・専制帝国・文化（150用語）,WHS-000107,105,大学受験・標準,戦争,第2次ウィーン包囲,だいにじうぃーんほうい,,近世,ヨーロッパ,中央ヨーロッパ・ウィーン,1683年,1683,WHS-000107-B03,beginner,国家・勢力,actor,第2次ウィーン包囲に対してオーストリアの援軍として駆けつけた国は？,ポーランド,ポーランド,,,,03_ottoman_empire.md p.338・342,
イスラーム世界：形成・専制帝国・文化（150用語）,WHS-000107,105,大学受験・標準,戦争,第2次ウィーン包囲,だいにじうぃーんほうい,,近世,ヨーロッパ,中央ヨーロッパ・ウィーン,1683年,1683,WHS-000107-B04,beginner,関連,relation,第2次ウィーン包囲の失敗とその後の反撃を受け、1699年に結ばれた条約は？,カルロヴィッツ条約,カルロヴィッツ条約,,,,03_ottoman_empire.md p.338・342,
イスラーム世界：形成・専制帝国・文化（150用語）,WHS-000107,105,大学受験・標準,戦争,第2次ウィーン包囲,だいにじうぃーんほうい,,近世,ヨーロッパ,中央ヨーロッパ・ウィーン,1683年,1683,WHS-000107-R01,reverse,時期,time,行われたのはいつ？,**1683年**,1683年,,,,03_ottoman_empire.md p.338・342,
イスラーム世界：形成・専制帝国・文化（150用語）,WHS-000107,105,大学受験・標準,戦争,第2次ウィーン包囲,だいにじうぃーんほうい,,近世,ヨーロッパ,中央ヨーロッパ・ウィーン,1683年,1683,WHS-000107-R02,reverse,核心内容,reverse,何が起き、何につながった？,オスマン帝国が中央ヨーロッパのウィーンを包囲したが失敗し、**オーストリア・ポーランド**などの反撃を受けた。その後の**1699年**の**カルロヴィッツ条約**で、オーストリアへのハンガリー割譲に至った。,オーストリア・ポーランド|1699年|カルロヴィッツ条約,,,1699：「カルロヴィッツで　広く休戦」カルロヴィッツ条約,03_ottoman_empire.md p.338・342,
イスラーム世界：形成・専制帝国・文化（150用語）,WHS-000107,105,大学受験・標準,戦争,第2次ウィーン包囲,だいにじうぃーんほうい,,近世,ヨーロッパ,中央ヨーロッパ・ウィーン,1683年,1683,WHS-000107-I01,integrated,統合説明,integrated,「第2次ウィーン包囲」について説明せよ。,**1683年**、オスマン帝国が中央ヨーロッパのウィーンを包囲したが失敗し、**オーストリア・ポーランド**などに反撃された戦い。その後、**1699年**の**カルロヴィッツ条約**でオーストリアへハンガリーを割譲した。,1683年|オーストリア・ポーランド|1699年|カルロヴィッツ条約,,,1699：「カルロヴィッツで　広く休戦」カルロヴィッツ条約,03_ottoman_empire.md p.338・342,
イスラーム世界：形成・専制帝国・文化（150用語）,WHS-000108,36,大学受験・基礎,条約・会議,カルロヴィッツ条約,かるろゔぃっつじょうやく,,近世,ヨーロッパ・西アジア,オスマン帝国・オーストリア／ハンガリー,1699年,1699,WHS-000108-B01,beginner,用語の特定,identify,第2次ウィーン包囲失敗後、オスマン帝国が敗戦国としてオーストリアにハンガリーを割譲した条約は？,カルロヴィッツ条約,カルロヴィッツ条約,,,,03_ottoman_empire.md p.338・342,
イスラーム世界：形成・専制帝国・文化（150用語）,WHS-000108,36,大学受験・基礎,条約・会議,カルロヴィッツ条約,かるろゔぃっつじょうやく,,近世,ヨーロッパ・西アジア,オスマン帝国・オーストリア／ハンガリー,1699年,1699,WHS-000108-B02,beginner,時期,time,カルロヴィッツ条約が結ばれたのは何年？,1699年,1699年,,,1699：「カルロヴィッツで　広く休戦」カルロヴィッツ条約,03_ottoman_empire.md p.338・342,
イスラーム世界：形成・専制帝国・文化（150用語）,WHS-000108,36,大学受験・基礎,条約・会議,カルロヴィッツ条約,かるろゔぃっつじょうやく,,近世,ヨーロッパ・西アジア,オスマン帝国・オーストリア／ハンガリー,1699年,1699,WHS-000108-B03,beginner,地域,place,カルロヴィッツ条約でオスマン帝国が割譲した地域は？,ハンガリー,ハンガリー,,,,03_ottoman_empire.md p.338・342,
イスラーム世界：形成・専制帝国・文化（150用語）,WHS-000108,36,大学受験・基礎,条約・会議,カルロヴィッツ条約,かるろゔぃっつじょうやく,,近世,ヨーロッパ・西アジア,オスマン帝国・オーストリア／ハンガリー,1699年,1699,WHS-000108-B04,beginner,国家・勢力,actor,カルロヴィッツ条約でハンガリーを獲得した国は？,オーストリア,オーストリア,,,,03_ottoman_empire.md p.338・342,
イスラーム世界：形成・専制帝国・文化（150用語）,WHS-000108,36,大学受験・基礎,条約・会議,カルロヴィッツ条約,かるろゔぃっつじょうやく,,近世,ヨーロッパ・西アジア,オスマン帝国・オーストリア／ハンガリー,1699年,1699,WHS-000108-B05,beginner,関連,relation,カルロヴィッツ条約に至る敗戦の契機となった、1683年の包囲戦は？,第2次ウィーン包囲,第2次ウィーン包囲,,,,03_ottoman_empire.md p.338・342,
イスラーム世界：形成・専制帝国・文化（150用語）,WHS-000108,36,大学受験・基礎,条約・会議,カルロヴィッツ条約,かるろゔぃっつじょうやく,,近世,ヨーロッパ・西アジア,オスマン帝国・オーストリア／ハンガリー,1699年,1699,WHS-000108-R01,reverse,時期,time,結ばれたのはいつ？,**1699年**,1699年,,,1699：「カルロヴィッツで　広く休戦」カルロヴィッツ条約,03_ottoman_empire.md p.338・342,
イスラーム世界：形成・専制帝国・文化（150用語）,WHS-000108,36,大学受験・基礎,条約・会議,カルロヴィッツ条約,かるろゔぃっつじょうやく,,近世,ヨーロッパ・西アジア,オスマン帝国・オーストリア／ハンガリー,1699年,1699,WHS-000108-R02,reverse,核心内容,reverse,何を決め、どんな意味を持った？,第2次ウィーン包囲の失敗と反撃の後、**オスマン帝国**が**オーストリアにハンガリーを割譲**した。オスマン帝国が初めて敗戦国として領土を割譲した条約と位置づけられる。,オスマン帝国|オーストリアにハンガリーを割譲,,,,03_ottoman_empire.md p.338・342,
イスラーム世界：形成・専制帝国・文化（150用語）,WHS-000108,36,大学受験・基礎,条約・会議,カルロヴィッツ条約,かるろゔぃっつじょうやく,,近世,ヨーロッパ・西アジア,オスマン帝国・オーストリア／ハンガリー,1699年,1699,WHS-000108-I01,integrated,統合説明,integrated,「カルロヴィッツ条約」について説明せよ。,**1699年**、第2次ウィーン包囲の失敗とその後の反撃を受け、**オスマン帝国**が**オーストリアにハンガリーを割譲**した条約。オスマン帝国が初めて敗戦国として領土を割譲した条約と位置づけられる。,1699年|オスマン帝国|オーストリアにハンガリーを割譲,,,1699：「カルロヴィッツで　広く休戦」カルロヴィッツ条約,03_ottoman_empire.md p.338・342,
イスラーム世界：形成・専制帝国・文化（150用語）,WHS-000074,138,大学受験・標準,国家・王朝,ウズベク3ハン国,うずべくさんはんこく,,近世,中央アジア,西トルキスタン,18〜19世紀,1700,WHS-000074-B01,beginner,用語の特定,identify,ブハラ＝ハン国・ヒヴァ＝ハン国・コーカンド＝ハン国をまとめた呼び名は？,ウズベク3ハン国,ウズベク3ハン国,,,,02_timur_and_safavid.md p.335,
イスラーム世界：形成・専制帝国・文化（150用語）,WHS-000074,138,大学受験・標準,国家・王朝,ウズベク3ハン国,うずべくさんはんこく,,近世,中央アジア,西トルキスタン,18〜19世紀,1700,WHS-000074-B02,beginner,国家・勢力,actor,ウズベク3ハン国のうち、シャイバーン朝とも呼ばれる国は？,ブハラ＝ハン国,ブハラ＝ハン国,,,,02_timur_and_safavid.md p.335,
イスラーム世界：形成・専制帝国・文化（150用語）,WHS-000074,138,大学受験・標準,国家・王朝,ウズベク3ハン国,うずべくさんはんこく,,近世,中央アジア,西トルキスタン,18〜19世紀,1700,WHS-000074-B03,beginner,国家・勢力,actor,ウズベク3ハン国のうち、18世紀にブハラ＝ハン国から分かれた国は？,コーカンド＝ハン国,コーカンド＝ハン国,,,,02_timur_and_safavid.md p.335,
イスラーム世界：形成・専制帝国・文化（150用語）,WHS-000074,138,大学受験・標準,国家・王朝,ウズベク3ハン国,うずべくさんはんこく,,近世,中央アジア,西トルキスタン,18〜19世紀,1700,WHS-000074-B04,beginner,国家・勢力,actor,ウズベク3ハン国が19世紀後半までに支配下へ入った帝国は？,ロシア帝国,ロシア帝国,,,,02_timur_and_safavid.md p.335,
イスラーム世界：形成・専制帝国・文化（150用語）,WHS-000074,138,大学受験・標準,国家・王朝,ウズベク3ハン国,うずべくさんはんこく,,近世,中央アジア,西トルキスタン,18〜19世紀,1700,WHS-000074-R01,reverse,核心内容,reverse,どのように並び立ち、何をした？,西トルキスタンで**ブハラ＝ハン国（シャイバーン朝）**と**ヒヴァ＝ハン国**が成立し、18世紀にブハラから**コーカンド＝ハン国**が分かれて3国が並立した。イラン・中国・インドを結ぶ**内陸交易**で栄えた。,ブハラ＝ハン国（シャイバーン朝）|ヒヴァ＝ハン国|コーカンド＝ハン国|内陸交易,,,,02_timur_and_safavid.md p.335,
イスラーム世界：形成・専制帝国・文化（150用語）,WHS-000074,138,大学受験・標準,国家・王朝,ウズベク3ハン国,うずべくさんはんこく,,近世,中央アジア,西トルキスタン,18〜19世紀,1700,WHS-000074-R02,reverse,核心内容,reverse,その後はどうなった？,19世紀後半までに、3国とも**ロシア帝国**の支配下に入った。,ロシア帝国,,,,02_timur_and_safavid.md p.335,
イスラーム世界：形成・専制帝国・文化（150用語）,WHS-000074,138,大学受験・標準,国家・王朝,ウズベク3ハン国,うずべくさんはんこく,,近世,中央アジア,西トルキスタン,18〜19世紀,1700,WHS-000074-I01,integrated,統合説明,integrated,「ウズベク3ハン国」について説明せよ。,**18世紀**、西トルキスタンでコーカンド＝ハン国がブハラ＝ハン国（シャイバーン朝）から分かれ、**ブハラ＝ハン国・ヒヴァ＝ハン国・コーカンド＝ハン国**の3国が並立したもの。イラン・中国・インドを結ぶ**内陸交易**で栄えたが、19世紀後半までにすべて**ロシア帝国**の支配下に入った。,18世紀|ブハラ＝ハン国・ヒヴァ＝ハン国・コーカンド＝ハン国|内陸交易|ロシア帝国,,,,02_timur_and_safavid.md p.335,
イスラーム世界：形成・専制帝国・文化（150用語）,WHS-000110,143,大学受験・標準,人物,アフメト3世,あふめとさんせい,,近世,西アジア・ヨーロッパ,イスタンブル・トプカプ宮殿,在位1703〜1730年,1703,WHS-000110-B01,beginner,用語の特定,identify,18世紀前半、宮廷で西欧趣味とチューリップ栽培を広めたオスマン帝国の君主は？,アフメト3世,アフメト3世,,,,03_ottoman_empire.md p.338・343,
イスラーム世界：形成・専制帝国・文化（150用語）,WHS-000110,143,大学受験・標準,人物,アフメト3世,あふめとさんせい,,近世,西アジア・ヨーロッパ,イスタンブル・トプカプ宮殿,在位1703〜1730年,1703,WHS-000110-B02,beginner,時期,time,アフメト3世の在位期間は？,1703〜1730年,1703〜1730年,,,,03_ottoman_empire.md p.338・343,
イスラーム世界：形成・専制帝国・文化（150用語）,WHS-000110,143,大学受験・標準,人物,アフメト3世,あふめとさんせい,,近世,西アジア・ヨーロッパ,イスタンブル・トプカプ宮殿,在位1703〜1730年,1703,WHS-000110-B03,beginner,関連,relation,アフメト3世のもとで享楽的な宮廷文化が広がった時代は何と呼ばれる？,チューリップ時代,チューリップ時代,,,,03_ottoman_empire.md p.338・343,
イスラーム世界：形成・専制帝国・文化（150用語）,WHS-000110,143,大学受験・標準,人物,アフメト3世,あふめとさんせい,,近世,西アジア・ヨーロッパ,イスタンブル・トプカプ宮殿,在位1703〜1730年,1703,WHS-000110-B04,beginner,地域,place,アフメト3世がチューリップを植えたイスタンブルの宮殿は？,トプカプ宮殿,トプカプ宮殿,,,,03_ottoman_empire.md p.338・343,
イスラーム世界：形成・専制帝国・文化（150用語）,WHS-000110,143,大学受験・標準,人物,アフメト3世,あふめとさんせい,,近世,西アジア・ヨーロッパ,イスタンブル・トプカプ宮殿,在位1703〜1730年,1703,WHS-000110-R01,reverse,時期,time,君主として在位したのはいつ？,**1703〜1730年**,1703〜1730年,,,,03_ottoman_empire.md p.338・343,
イスラーム世界：形成・専制帝国・文化（150用語）,WHS-000110,143,大学受験・標準,人物,アフメト3世,あふめとさんせい,,近世,西アジア・ヨーロッパ,イスタンブル・トプカプ宮殿,在位1703〜1730年,1703,WHS-000110-R02,reverse,核心内容,reverse,何をした？,イスタンブルの宮廷で**西欧趣味**が広がるなか、**トプカプ宮殿**でチューリップ栽培を楽しんだ。享楽的な文化が栄えたこの時期は、**チューリップ時代**と呼ばれる。,西欧趣味|トプカプ宮殿|チューリップ時代,,,,03_ottoman_empire.md p.338・343,
イスラーム世界：形成・専制帝国・文化（150用語）,WHS-000110,143,大学受験・標準,人物,アフメト3世,あふめとさんせい,,近世,西アジア・ヨーロッパ,イスタンブル・トプカプ宮殿,在位1703〜1730年,1703,WHS-000110-I01,integrated,統合説明,integrated,「アフメト3世」について説明せよ。,**1703〜1730年**に在位したオスマン帝国の君主。イスタンブルの宮廷で**西欧趣味**が広がるなか、トプカプ宮殿でチューリップ栽培を楽しみ、この享楽的な文化の時期は**チューリップ時代**と呼ばれる。,1703〜1730年|西欧趣味|チューリップ時代,,,,03_ottoman_empire.md p.338・343,
イスラーム世界：形成・専制帝国・文化（150用語）,WHS-000124,114,大学受験・標準,組織・政党,マラーター同盟,まらーたーどうめい,,近世,南アジア,インド・デカン高原／北インド,1708〜1818年,1708,WHS-000124-B01,beginner,用語の特定,identify,ムガル帝国の衰退期、マラーター王国の勢力拡大に伴い、ヒンドゥー教徒の諸侯が連合してできたものは？,マラーター同盟,マラーター同盟,,,,04_mughal_empire.md p.343・345,
イスラーム世界：形成・専制帝国・文化（150用語）,WHS-000124,114,大学受験・標準,組織・政党,マラーター同盟,まらーたーどうめい,,近世,南アジア,インド・デカン高原／北インド,1708〜1818年,1708,WHS-000124-B02,beginner,時期,time,マラーター同盟の存続期間は？,1708〜1818年,1708〜1818年,,,,04_mughal_empire.md p.343・345,
イスラーム世界：形成・専制帝国・文化（150用語）,WHS-000124,114,大学受験・標準,組織・政党,マラーター同盟,まらーたーどうめい,,近世,南アジア,インド・デカン高原／北インド,1708〜1818年,1708,WHS-000124-B03,beginner,国家・勢力,actor,マラーター同盟の成立の基盤となった王国は？,マラーター王国,マラーター王国,,,,04_mughal_empire.md p.343・345,
イスラーム世界：形成・専制帝国・文化（150用語）,WHS-000124,114,大学受験・標準,組織・政党,マラーター同盟,まらーたーどうめい,,近世,南アジア,インド・デカン高原／北インド,1708〜1818年,1708,WHS-000124-B04,beginner,関連,relation,マラーター同盟を構成した諸侯の宗教は？,ヒンドゥー教,ヒンドゥー教,,,,04_mughal_empire.md p.343・345,
イスラーム世界：形成・専制帝国・文化（150用語）,WHS-000124,114,大学受験・標準,組織・政党,マラーター同盟,まらーたーどうめい,,近世,南アジア,インド・デカン高原／北インド,1708〜1818年,1708,WHS-000124-R01,reverse,時期,time,存在したのはいつ？,**1708〜1818年**,1708〜1818年,,,,04_mughal_empire.md p.343・345,
イスラーム世界：形成・専制帝国・文化（150用語）,WHS-000124,114,大学受験・標準,組織・政党,マラーター同盟,まらーたーどうめい,,近世,南アジア,インド・デカン高原／北インド,1708〜1818年,1708,WHS-000124-R02,reverse,核心内容,reverse,どのように成立した？,ムガル帝国が衰退するなか、**デカン高原**のマラーター王国が**北インド**へ勢力を拡大した。これに伴い、**ヒンドゥー教徒の諸侯**が連合して成立した。,デカン高原|北インド|ヒンドゥー教徒の諸侯,,,,04_mughal_empire.md p.343・345,
イスラーム世界：形成・専制帝国・文化（150用語）,WHS-000124,114,大学受験・標準,組織・政党,マラーター同盟,まらーたーどうめい,,近世,南アジア,インド・デカン高原／北インド,1708〜1818年,1708,WHS-000124-I01,integrated,統合説明,integrated,「マラーター同盟」について説明せよ。,**1708〜1818年**、デカン高原から北インドへ広がったマラーター勢力のもとで成立した、**ヒンドゥー教徒の諸侯の連合**。ムガル帝国の衰退と**マラーター王国**の勢力拡大を背景とした。,1708〜1818年|ヒンドゥー教徒の諸侯の連合|マラーター王国,,,,04_mughal_empire.md p.343・345,
イスラーム世界：形成・専制帝国・文化（150用語）,WHS-000109,106,大学受験・標準,時代・歴史区分,チューリップ時代,ちゅーりっぷじだい,,近世,西アジア・ヨーロッパ,オスマン帝国・イスタンブルの宮廷,18世紀前半,1720,WHS-000109-B01,beginner,用語の特定,identify,アフメト3世のもとで宮廷に西欧趣味が広まり、享楽的な文化が栄えたオスマン帝国の時代は？,チューリップ時代,チューリップ時代,,,,03_ottoman_empire.md p.338・343,
イスラーム世界：形成・専制帝国・文化（150用語）,WHS-000109,106,大学受験・標準,時代・歴史区分,チューリップ時代,ちゅーりっぷじだい,,近世,西アジア・ヨーロッパ,オスマン帝国・イスタンブルの宮廷,18世紀前半,1720,WHS-000109-B02,beginner,時期,time,チューリップ時代はいつ？,18世紀前半,18世紀前半,,,,03_ottoman_empire.md p.338・343,
イスラーム世界：形成・専制帝国・文化（150用語）,WHS-000109,106,大学受験・標準,時代・歴史区分,チューリップ時代,ちゅーりっぷじだい,,近世,西アジア・ヨーロッパ,オスマン帝国・イスタンブルの宮廷,18世紀前半,1720,WHS-000109-B03,beginner,中心人物,person,チューリップ時代のオスマン帝国の君主は？,アフメト3世,アフメト3世,,,,03_ottoman_empire.md p.338・343,
イスラーム世界：形成・専制帝国・文化（150用語）,WHS-000109,106,大学受験・標準,時代・歴史区分,チューリップ時代,ちゅーりっぷじだい,,近世,西アジア・ヨーロッパ,オスマン帝国・イスタンブルの宮廷,18世紀前半,1720,WHS-000109-B04,beginner,内容,content,チューリップ時代に宮廷で広がった、ヨーロッパを取り入れる趣向は？,西欧趣味,西欧趣味,,,,03_ottoman_empire.md p.338・343,
イスラーム世界：形成・専制帝国・文化（150用語）,WHS-000109,106,大学受験・標準,時代・歴史区分,チューリップ時代,ちゅーりっぷじだい,,近世,西アジア・ヨーロッパ,オスマン帝国・イスタンブルの宮廷,18世紀前半,1720,WHS-000109-R01,reverse,時期,time,いつの時代？,**18世紀前半**,18世紀前半,,,,03_ottoman_empire.md p.338・343,
イスラーム世界：形成・専制帝国・文化（150用語）,WHS-000109,106,大学受験・標準,時代・歴史区分,チューリップ時代,ちゅーりっぷじだい,,近世,西アジア・ヨーロッパ,オスマン帝国・イスタンブルの宮廷,18世紀前半,1720,WHS-000109-R02,reverse,核心内容,reverse,何が起きた？,**アフメト3世**の時代、イスタンブルの宮廷で**西欧趣味**が広がり、チューリップ栽培などを楽しむ享楽的な文化が栄えた。文化の円熟がみられる一方、政治・軍事面では後退した時代とされる。,アフメト3世|西欧趣味,,,,03_ottoman_empire.md p.338・343,
イスラーム世界：形成・専制帝国・文化（150用語）,WHS-000109,106,大学受験・標準,時代・歴史区分,チューリップ時代,ちゅーりっぷじだい,,近世,西アジア・ヨーロッパ,オスマン帝国・イスタンブルの宮廷,18世紀前半,1720,WHS-000109-I01,integrated,統合説明,integrated,「チューリップ時代」について説明せよ。,**18世紀前半**、オスマン帝国の**アフメト3世**のもと、イスタンブルの宮廷で**西欧趣味**やチューリップ栽培が広がった時代。文化の円熟がみられる一方、政治・軍事面では後退した時代とされる。,18世紀前半|アフメト3世|西欧趣味,,,,03_ottoman_empire.md p.338・343,
イスラーム世界：形成・専制帝国・文化（150用語）,WHS-000083,141,大学受験・標準,人物,ナーディル＝シャー,なーでぃるしゃー,,近世,西アジア,イラン,18世紀,1736,WHS-000083-B01,beginner,用語の特定,identify,衰退したサファヴィー朝を滅ぼし、アフシャール朝を建てたトルコ系アフシャール人の君主は？,ナーディル＝シャー,ナーディル＝シャー,,,,02_timur_and_safavid.md p.337,
イスラーム世界：形成・専制帝国・文化（150用語）,WHS-000083,141,大学受験・標準,人物,ナーディル＝シャー,なーでぃるしゃー,,近世,西アジア,イラン,18世紀,1736,WHS-000083-B02,beginner,国家・勢力,actor,ナーディル＝シャーが滅ぼしたイランの王朝は？,サファヴィー朝,サファヴィー朝,,,,02_timur_and_safavid.md p.337,
イスラーム世界：形成・専制帝国・文化（150用語）,WHS-000083,141,大学受験・標準,人物,ナーディル＝シャー,なーでぃるしゃー,,近世,西アジア,イラン,18世紀,1736,WHS-000083-B03,beginner,国家・勢力,actor,ナーディル＝シャーが建てた王朝は？,アフシャール朝,アフシャール朝,,,,02_timur_and_safavid.md p.337,
イスラーム世界：形成・専制帝国・文化（150用語）,WHS-000083,141,大学受験・標準,人物,ナーディル＝シャー,なーでぃるしゃー,,近世,西アジア,イラン,18世紀,1736,WHS-000083-B04,beginner,国家・勢力,actor,ナーディル＝シャーが属するトルコ系の集団は？,アフシャール人,アフシャール人,,,,02_timur_and_safavid.md p.337,
イスラーム世界：形成・専制帝国・文化（150用語）,WHS-000083,141,大学受験・標準,人物,ナーディル＝シャー,なーでぃるしゃー,,近世,西アジア,イラン,18世紀,1736,WHS-000083-R01,reverse,核心内容,reverse,何をした？,**18世紀**のイランで、アフガン人に都を奪われて弱体化した**サファヴィー朝**を滅ぼし、**アフシャール朝**を建てた。トルコ系アフシャール人の出身だった。,18世紀|サファヴィー朝|アフシャール朝,,,,02_timur_and_safavid.md p.337,
イスラーム世界：形成・専制帝国・文化（150用語）,WHS-000083,141,大学受験・標準,人物,ナーディル＝シャー,なーでぃるしゃー,,近世,西アジア,イラン,18世紀,1736,WHS-000083-I01,integrated,統合説明,integrated,「ナーディル＝シャー」について説明せよ。,**18世紀**のイランで、アフガン人に都を奪われて弱体化した**サファヴィー朝**を滅ぼし、**アフシャール朝**を建てた君主。トルコ系アフシャール人の出身だった。,18世紀|サファヴィー朝|アフシャール朝,,,,02_timur_and_safavid.md p.337,
イスラーム世界：形成・専制帝国・文化（150用語）,WHS-000084,142,大学受験・標準,国家・王朝,アフシャール朝,あふしゃーるちょう,,近世,西アジア・南アジア,イラン・デリーへの侵攻,18世紀,1736,WHS-000084-B01,beginner,用語の特定,identify,ナーディル＝シャーがサファヴィー朝を滅ぼして建てた、18世紀のイランの王朝は？,アフシャール朝,アフシャール朝,,,,02_timur_and_safavid.md p.337,
イスラーム世界：形成・専制帝国・文化（150用語）,WHS-000084,142,大学受験・標準,国家・王朝,アフシャール朝,あふしゃーるちょう,,近世,西アジア・南アジア,イラン・デリーへの侵攻,18世紀,1736,WHS-000084-B02,beginner,中心人物,person,アフシャール朝を建てた人物は？,ナーディル＝シャー,ナーディル＝シャー,,,,02_timur_and_safavid.md p.337,
イスラーム世界：形成・専制帝国・文化（150用語）,WHS-000084,142,大学受験・標準,国家・王朝,アフシャール朝,あふしゃーるちょう,,近世,西アジア・南アジア,イラン・デリーへの侵攻,18世紀,1736,WHS-000084-B03,beginner,国家・勢力,actor,アフシャール朝に先立ってイランを支配していた王朝は？,サファヴィー朝,サファヴィー朝,,,,02_timur_and_safavid.md p.337,
イスラーム世界：形成・専制帝国・文化（150用語）,WHS-000084,142,大学受験・標準,国家・王朝,アフシャール朝,あふしゃーるちょう,,近世,西アジア・南アジア,イラン・デリーへの侵攻,18世紀,1736,WHS-000084-B04,beginner,国家・勢力,actor,アフシャール朝の支配が安定しないなか、アフガン人が建てて自立した王朝は？,ドゥッラーニー朝,ドゥッラーニー朝,,,,02_timur_and_safavid.md p.337,
イスラーム世界：形成・専制帝国・文化（150用語）,WHS-000084,142,大学受験・標準,国家・王朝,アフシャール朝,あふしゃーるちょう,,近世,西アジア・南アジア,イラン・デリーへの侵攻,18世紀,1736,WHS-000084-B05,beginner,地域,place,アフシャール朝が略奪したムガル帝国の都市は？,デリー,デリー,,,,02_timur_and_safavid.md p.337,
イスラーム世界：形成・専制帝国・文化（150用語）,WHS-000084,142,大学受験・標準,国家・王朝,アフシャール朝,あふしゃーるちょう,,近世,西アジア・南アジア,イラン・デリーへの侵攻,18世紀,1736,WHS-000084-R01,reverse,核心内容,reverse,何をした？,**18世紀**のイランで**ナーディル＝シャー**がサファヴィー朝を滅ぼして建てた王朝で、ムガル帝国の**デリー**も略奪した。支配は安定せず、アフガン人が**ドゥッラーニー朝**を建てるなど地方政権が自立した。,18世紀|ナーディル＝シャー|デリー|ドゥッラーニー朝,,,,02_timur_and_safavid.md p.337,
イスラーム世界：形成・専制帝国・文化（150用語）,WHS-000084,142,大学受験・標準,国家・王朝,アフシャール朝,あふしゃーるちょう,,近世,西アジア・南アジア,イラン・デリーへの侵攻,18世紀,1736,WHS-000084-I01,integrated,統合説明,integrated,「アフシャール朝」について説明せよ。,**18世紀**のイランで、ナーディル＝シャーがサファヴィー朝を滅ぼして建てた王朝。ムガル帝国の**デリー**を略奪したが、支配は安定せず、アフガン人が**ドゥッラーニー朝**を建てるなど地方政権が自立した。,18世紀|デリー|ドゥッラーニー朝,,,,02_timur_and_safavid.md p.337,
イスラーム世界：形成・専制帝国・文化（150用語）,WHS-000100,102,大学受験・標準,制度・政策・法律,スルタン＝カリフ制,するたんかりふせい,,近世,アフリカ・西アジア・ヨーロッパ,オスマン帝国・カイロをめぐる権威継承の主張,18世紀以降に主張,1750,WHS-000100-B01,beginner,用語の特定,identify,オスマン朝の君主がカリフ位をも兼ねるとして、18世紀以降に帝国が主張した仕組みは？,スルタン＝カリフ制,スルタン＝カリフ制,,,,03_ottoman_empire.md p.341,
イスラーム世界：形成・専制帝国・文化（150用語）,WHS-000100,102,大学受験・標準,制度・政策・法律,スルタン＝カリフ制,するたんかりふせい,,近世,アフリカ・西アジア・ヨーロッパ,オスマン帝国・カイロをめぐる権威継承の主張,18世紀以降に主張,1750,WHS-000100-B02,beginner,時期,time,スルタン＝カリフ制をオスマン帝国が主張するようになったのはいつ以降？,18世紀以降,18世紀以降,,,,03_ottoman_empire.md p.341,
イスラーム世界：形成・専制帝国・文化（150用語）,WHS-000100,102,大学受験・標準,制度・政策・法律,スルタン＝カリフ制,するたんかりふせい,,近世,アフリカ・西アジア・ヨーロッパ,オスマン帝国・カイロをめぐる権威継承の主張,18世紀以降に主張,1750,WHS-000100-B03,beginner,国家・勢力,actor,スルタン＝カリフ制の根拠として、カリフ位を受け継いだとされた家系は？,アッバース家,アッバース家,,,,03_ottoman_empire.md p.341,
イスラーム世界：形成・専制帝国・文化（150用語）,WHS-000100,102,大学受験・標準,制度・政策・法律,スルタン＝カリフ制,するたんかりふせい,,近世,アフリカ・西アジア・ヨーロッパ,オスマン帝国・カイロをめぐる権威継承の主張,18世紀以降に主張,1750,WHS-000100-B04,beginner,関連,relation,スルタン＝カリフ制の根拠とされたカリフ位の継承は、どの王朝を征服した際のこととされた？,マムルーク朝,マムルーク朝,,,,03_ottoman_empire.md p.341,
イスラーム世界：形成・専制帝国・文化（150用語）,WHS-000100,102,大学受験・標準,制度・政策・法律,スルタン＝カリフ制,するたんかりふせい,,近世,アフリカ・西アジア・ヨーロッパ,オスマン帝国・カイロをめぐる権威継承の主張,18世紀以降に主張,1750,WHS-000100-R01,reverse,時期,time,いつから主張された？,**18世紀以降**,18世紀以降,,,,03_ottoman_empire.md p.341,
イスラーム世界：形成・専制帝国・文化（150用語）,WHS-000100,102,大学受験・標準,制度・政策・法律,スルタン＝カリフ制,するたんかりふせい,,近世,アフリカ・西アジア・ヨーロッパ,オスマン帝国・カイロをめぐる権威継承の主張,18世紀以降に主張,1750,WHS-000100-R02,reverse,核心内容,reverse,どんな主張で正当化された？,オスマン朝スルタンが**カリフ位を兼ねる**という主張。**1517年**のマムルーク朝征服時に、カイロの**アッバース家からカリフ位を禅譲(ぜんじょう)された**という説明によって正当化された。,カリフ位を兼ねる|1517年|アッバース家からカリフ位を禅譲された,,,,03_ottoman_empire.md p.341,
イスラーム世界：形成・専制帝国・文化（150用語）,WHS-000100,102,大学受験・標準,制度・政策・法律,スルタン＝カリフ制,するたんかりふせい,,近世,アフリカ・西アジア・ヨーロッパ,オスマン帝国・カイロをめぐる権威継承の主張,18世紀以降に主張,1750,WHS-000100-I01,integrated,統合説明,integrated,「スルタン＝カリフ制」について説明せよ。,**18世紀以降**、オスマン帝国が、スルタンは**カリフ位を兼ねる**と主張したもの。**1517年**にエジプトのマムルーク朝を征服した際、カイロの**アッバース家からカリフ位を禅譲(ぜんじょう)された**という説明で正当化した。,18世紀以降|カリフ位を兼ねる|1517年|アッバース家からカリフ位を禅譲された,,1517年の確定した継承事実ではなく、後世に掲げられた主張として扱う。,,03_ottoman_empire.md p.341,
イスラーム世界：形成・専制帝国・文化（150用語）,WHS-000085,92,大学受験・標準,国家・王朝,ガージャール朝,がーじゃーるちょう,,近世,西アジア,イラン・テヘラン,18世紀末成立,1796,WHS-000085-B01,beginner,用語の特定,identify,アーガー＝ムハンマドがテヘランを都に建て、18世紀末にイランを統一した王朝は？,ガージャール朝,ガージャール朝,,,,02_timur_and_safavid.md p.337,
イスラーム世界：形成・専制帝国・文化（150用語）,WHS-000085,92,大学受験・標準,国家・王朝,ガージャール朝,がーじゃーるちょう,,近世,西アジア,イラン・テヘラン,18世紀末成立,1796,WHS-000085-B02,beginner,時期,time,ガージャール朝がイランを統一したのはいつ？,18世紀末,18世紀末,,,,02_timur_and_safavid.md p.337,
イスラーム世界：形成・専制帝国・文化（150用語）,WHS-000085,92,大学受験・標準,国家・王朝,ガージャール朝,がーじゃーるちょう,,近世,西アジア,イラン・テヘラン,18世紀末成立,1796,WHS-000085-B03,beginner,中心人物,person,ガージャール朝の建国者は？,アーガー＝ムハンマド,アーガー＝ムハンマド,,,,02_timur_and_safavid.md p.337,
イスラーム世界：形成・専制帝国・文化（150用語）,WHS-000085,92,大学受験・標準,国家・王朝,ガージャール朝,がーじゃーるちょう,,近世,西アジア,イラン・テヘラン,18世紀末成立,1796,WHS-000085-B04,beginner,地域,place,ガージャール朝の都は？,テヘラン,テヘラン,,,,02_timur_and_safavid.md p.337,
イスラーム世界：形成・専制帝国・文化（150用語）,WHS-000085,92,大学受験・標準,国家・王朝,ガージャール朝,がーじゃーるちょう,,近世,西アジア,イラン・テヘラン,18世紀末成立,1796,WHS-000085-R01,reverse,時期,time,成立したのはいつ？,**18世紀末**,18世紀末,,,,02_timur_and_safavid.md p.337,
イスラーム世界：形成・専制帝国・文化（150用語）,WHS-000085,92,大学受験・標準,国家・王朝,ガージャール朝,がーじゃーるちょう,,近世,西アジア,イラン・テヘラン,18世紀末成立,1796,WHS-000085-R02,reverse,核心内容,reverse,何をした？,トルコ系の**アーガー＝ムハンマド**が**テヘラン**を都に建て、地方政権が分立したイランを統一した。支配領域は、資料が示す現在のイランとほぼ重なる。,アーガー＝ムハンマド|テヘラン,,,,02_timur_and_safavid.md p.337,
イスラーム世界：形成・専制帝国・文化（150用語）,WHS-000085,92,大学受験・標準,国家・王朝,ガージャール朝,がーじゃーるちょう,,近世,西アジア,イラン・テヘラン,18世紀末成立,1796,WHS-000085-I01,integrated,統合説明,integrated,「ガージャール朝」について説明せよ。,**18世紀末**、トルコ系の**アーガー＝ムハンマド**が**テヘラン**を都に建て、地方政権が分立していたイランを統一した王朝。支配領域は、資料が示す現在のイランとほぼ重なる。,18世紀末|アーガー＝ムハンマド|テヘラン,,,,02_timur_and_safavid.md p.337,
イスラーム世界：形成・専制帝国・文化（150用語）,WHS-000125,145,大学受験・標準,国家・王朝,シク王国,しくおうこく,シク教王国,近代,南アジア,北西インド・パンジャーブ地方,1707年以降のムガル帝国分裂期,1801,WHS-000125-B01,beginner,用語の特定,identify,ムガル帝国の分裂期、北西インドのパンジャーブ地方で自立した、ナーナクの教えを信仰する人々の王国は？,シク王国,シク王国,シク教王国,,,04_mughal_empire.md p.343・345,
イスラーム世界：形成・専制帝国・文化（150用語）,WHS-000125,145,大学受験・標準,国家・王朝,シク王国,しくおうこく,シク教王国,近代,南アジア,北西インド・パンジャーブ地方,1707年以降のムガル帝国分裂期,1801,WHS-000125-B02,beginner,地域,place,シク王国が自立したインド北西部の地方は？,パンジャーブ地方,パンジャーブ地方,,,,04_mughal_empire.md p.343・345,
イスラーム世界：形成・専制帝国・文化（150用語）,WHS-000125,145,大学受験・標準,国家・王朝,シク王国,しくおうこく,シク教王国,近代,南アジア,北西インド・パンジャーブ地方,1707年以降のムガル帝国分裂期,1801,WHS-000125-B03,beginner,国家・勢力,actor,シク王国がその衰退・分裂を背景に自立した帝国は？,ムガル帝国,ムガル帝国,,,,04_mughal_empire.md p.343・345,
イスラーム世界：形成・専制帝国・文化（150用語）,WHS-000125,145,大学受験・標準,国家・王朝,シク王国,しくおうこく,シク教王国,近代,南アジア,北西インド・パンジャーブ地方,1707年以降のムガル帝国分裂期,1801,WHS-000125-B04,beginner,中心人物,person,シク王国の自立を含む分裂が死後に進んだ、1707年まで在位したムガル皇帝は？,アウラングゼーブ,アウラングゼーブ,,,,04_mughal_empire.md p.343・345,
イスラーム世界：形成・専制帝国・文化（150用語）,WHS-000125,145,大学受験・標準,国家・王朝,シク王国,しくおうこく,シク教王国,近代,南アジア,北西インド・パンジャーブ地方,1707年以降のムガル帝国分裂期,1801,WHS-000125-R01,reverse,核心内容,reverse,どのような状況で成立した？,**1707年**に在位を終えるアウラングゼーブの死後、**ムガル帝国の分裂**が進むなか、北西インドの**パンジャーブ地方**で自立した。帝国がデリー周辺の地方勢力へ弱体化する過程に位置づけられる。,1707年|ムガル帝国の分裂|パンジャーブ地方,,,,04_mughal_empire.md p.343・345,
イスラーム世界：形成・専制帝国・文化（150用語）,WHS-000125,145,大学受験・標準,国家・王朝,シク王国,しくおうこく,シク教王国,近代,南アジア,北西インド・パンジャーブ地方,1707年以降のムガル帝国分裂期,1801,WHS-000125-I01,integrated,統合説明,integrated,「シク王国」について説明せよ。,**1707年**に在位を終えるアウラングゼーブの死後、**ムガル帝国の分裂**が進むなか、北西インドの**パンジャーブ地方**で自立した王国。帝国がデリー周辺の地方勢力へ弱体化する過程に位置づけられる。,1707年|ムガル帝国の分裂|パンジャーブ地方,,1707年はアウラングゼーブ治世の終年であり、王国の成立年ではない。,,04_mughal_empire.md p.343・345,
