dataset_label,item_id,importance_rank,difficulty_label,unit,subunit,item,reading,aliases,prerequisite_ids,card_id,card_type,focus,question,answer,accepted_answers,explanation,confusable_with,distinction,formula,answer_unit,memory_aid,source_name,source_url,reading_map
生物基礎_Deck1_最重要骨格,BB-000001,1,Deck1・最重要骨格,生物の特徴,生物の共通性と多様性,細胞,さいぼう,なし,なし,BB-000001-C01,identify,すべての生物の体を構成する基本単位は何か,すべての生物の体を構成する基本単位は何か。,細胞,細胞,生物は一つまたは多数の細胞から成り、細胞内で生命活動を行う。,細胞小器官,細胞は生命の基本単位であり、細胞小器官は細胞内の構造である。,なし,なし,なし,文部科学省「高等学校学習指導要領（平成30年告示）解説 理科編 理数編」｜大学入試センター「令和7年度大学入学共通テスト 生物基礎」,https://www.mext.go.jp/content/20250311-mxt_kyoiku02-100002620_05.pdf｜https://www.dnc.ac.jp/albums/abm.php?d=771&f=abm00005960.pdf&n=2025_op_37_seibutsukiso.pdf,生命活動=せいめいかつどう｜細胞=さいぼう
生物基礎_Deck1_最重要骨格,BB-000002,2,Deck1・最重要骨格,ヒトの体の調節,体内環境の維持,恒常性,こうじょうせい,ホメオスタシス,なし,BB-000002-C01,identify,外部環境が変化しても体内環境をほぼ一定に保つ性質を何というか,外部環境が変化しても体内環境をほぼ一定に保つ性質を何というか。,恒常性,恒常性｜ホメオスタシス,体温、血糖濃度、体液の浸透圧などが自律神経系と内分泌系によって調節される。,体内環境,体内環境は細胞を取り巻く体液、恒常性はそれを一定に保つ性質である。,なし,なし,なし,文部科学省「高等学校学習指導要領（平成30年告示）解説 理科編 理数編」｜大学入試センター「令和7年度大学入学共通テスト 生物基礎」,https://www.mext.go.jp/content/20250311-mxt_kyoiku02-100002620_05.pdf｜https://www.dnc.ac.jp/albums/abm.php?d=771&f=abm00005960.pdf&n=2025_op_37_seibutsukiso.pdf,自律神経系=じりつしんけいけい｜体内環境=たいないかんきょう｜内分泌系=ないぶんぴつけい｜血糖濃度=けっとうのうど｜恒常性=こうじょうせい｜浸透圧=しんとうあつ
生物基礎_Deck1_最重要骨格,BB-000003,3,Deck1・最重要骨格,生物の多様性と生態系,生態系とその保全,生態系,せいたいけい,なし,なし,BB-000003-C01,identify,ある地域の生物群集と、それを取り巻く非生物的環境を一体として捉えたまとまりを何というか,ある地域の生物群集と、それを取り巻く非生物的環境を一体として捉えたまとまりを何というか。,生態系,生態系,生態系では生物同士、生物と環境の間で物質やエネルギーが移動する。,生物群集,生態系は生物群集と非生物的環境を含み、生物群集は生物だけのまとまりである。,なし,なし,なし,文部科学省「高等学校学習指導要領（平成30年告示）解説 理科編 理数編」｜大学入試センター「令和7年度大学入学共通テスト 生物基礎」,https://www.mext.go.jp/content/20250311-mxt_kyoiku02-100002620_05.pdf｜https://www.dnc.ac.jp/albums/abm.php?d=771&f=abm00005960.pdf&n=2025_op_37_seibutsukiso.pdf,非生物的環境=ひせいぶつてきかんきょう｜生物群集=せいぶつぐんしゅう｜生態系=せいたいけい
生物基礎_Deck1_最重要骨格,BB-000004,4,Deck1・最重要骨格,生物の特徴,遺伝情報とDNA,DNA,でぃーえぬえー,デオキシリボ核酸,なし,BB-000004-C01,identify,遺伝情報を担う物質は何か,遺伝情報を担う物質は何か。,DNA,DNA｜デオキシリボ核酸,DNAは塩基配列として遺伝情報を保持する。,RNA,DNAは原則としてチミンを含み、RNAはウラシルを含む。,なし,なし,なし,文部科学省「高等学校学習指導要領（平成30年告示）解説 理科編 理数編」｜米国国立ヒトゲノム研究所「DNA」,https://www.mext.go.jp/content/20250311-mxt_kyoiku02-100002620_05.pdf｜https://www.genome.gov/genetics-glossary/Deoxyribonucleic-Acid-DNA,塩基配列=えんきはいれつ｜遺伝情報=いでんじょうほう
生物基礎_Deck1_最重要骨格,BB-000005,5,Deck1・最重要骨格,ヒトの体の調節,情報の伝達,自律神経系,じりつしんけいけい,なし,なし,BB-000005-C01,identify,意思とは無関係に内臓の働きを調節する神経系を何というか,意思とは無関係に内臓の働きを調節する神経系を何というか。,自律神経系,自律神経系,自律神経系は交感神経と副交感神経からなり、多くの器官を拮抗的に調節する。,体性神経系,自律神経系は主に内臓を無意識に調節し、体性神経系は感覚や骨格筋の運動に関わる。,なし,なし,なし,文部科学省「高等学校学習指導要領（平成30年告示）解説 理科編 理数編」｜大学入試センター「令和7年度大学入学共通テスト 生物基礎」,https://www.mext.go.jp/content/20250311-mxt_kyoiku02-100002620_05.pdf｜https://www.dnc.ac.jp/albums/abm.php?d=771&f=abm00005960.pdf&n=2025_op_37_seibutsukiso.pdf,副交感神経=ふくこうかんしんけい｜自律神経系=じりつしんけいけい｜拮抗的=きっこうてき
生物基礎_Deck1_最重要骨格,BB-000006,6,Deck1・最重要骨格,生物の多様性と生態系,生態系とその保全,生物多様性,せいぶつたようせい,なし,なし,BB-000006-C01,identify,生態系・種・遺伝子の各段階にみられる生物の豊かな違いを何というか,生態系・種・遺伝子の各段階にみられる生物の豊かな違いを何というか。,生物多様性,生物多様性,生物多様性は、生態系の多様性、種の多様性、遺伝的多様性の三段階で捉える。,種多様性,生物多様性は三段階を含む総称、種多様性はその一段階である。,なし,なし,生態系・種・遺伝子の三段階,文部科学省「高等学校学習指導要領（平成30年告示）解説 理科編 理数編」｜環境省 生物多様性センター「生物多様性」,https://www.mext.go.jp/content/20250311-mxt_kyoiku02-100002620_05.pdf｜https://www.biodic.go.jp/biodiversity/,生態系の多様性=せいたいけいのたようせい｜遺伝的多様性=いでんてきたようせい｜生物多様性=せいぶつたようせい｜遺伝子=いでんし
生物基礎_Deck1_最重要骨格,BB-000007,7,Deck1・最重要骨格,生物の特徴,生物とエネルギー,ATP,えーてぃーぴー,アデノシン三リン酸,なし,BB-000007-C01,identify,細胞内でエネルギーの受け渡しに使われる物質は何か,細胞内でエネルギーの受け渡しに使われる物質は何か。,ATP,ATP｜アデノシン三リン酸,ATPは分解時に放出するエネルギーを、さまざまな生命活動へ渡す。,ADP,ATPは高エネルギーリン酸結合を一つ失うとADPになる。,なし,なし,なし,文部科学省「高等学校学習指導要領（平成30年告示）解説 理科編 理数編」｜大学入試センター「令和7年度大学入学共通テスト 生物基礎」,https://www.mext.go.jp/content/20250311-mxt_kyoiku02-100002620_05.pdf｜https://www.dnc.ac.jp/albums/abm.php?d=771&f=abm00005960.pdf&n=2025_op_37_seibutsukiso.pdf,生命活動=せいめいかつどう｜細胞=さいぼう
生物基礎_Deck1_最重要骨格,BB-000008,8,Deck1・最重要骨格,ヒトの体の調節,情報の伝達,ホルモン,ほるもん,なし,なし,BB-000008-C01,identify,内分泌腺から分泌され、血液で運ばれて特定の標的細胞に作用する化学物質を何というか,内分泌腺から分泌され、血液で運ばれて特定の標的細胞に作用する化学物質を何というか。,ホルモン,ホルモン,ホルモンは微量で作用し、体内環境や成長などを調節する。,神経伝達物質,ホルモンは血液で広く運ばれ、神経伝達物質は主にシナプス間隙で働く。,なし,なし,なし,文部科学省「高等学校学習指導要領（平成30年告示）解説 理科編 理数編」｜大学入試センター「令和7年度大学入学共通テスト 生物基礎」,https://www.mext.go.jp/content/20250311-mxt_kyoiku02-100002620_05.pdf｜https://www.dnc.ac.jp/albums/abm.php?d=771&f=abm00005960.pdf&n=2025_op_37_seibutsukiso.pdf,ホルモン=ほるもん｜体内環境=たいないかんきょう｜内分泌腺=ないぶんぴつせん｜標的細胞=ひょうてきさいぼう｜血液=けつえき
生物基礎_Deck1_最重要骨格,BB-000009,9,Deck1・最重要骨格,生物の多様性と生態系,生態系とその保全,種多様性,しゅたようせい,なし,BB-000006,BB-000009-C01,identify,ある地域に多くの種が存在し、その個体数の偏りも小さい状態を表す多様性を何というか,ある地域に多くの種が存在し、その個体数の偏りも小さい状態を表す多様性を何というか。,種多様性,種多様性,種多様性は種数と、各種の個体数の均等さの両方に関係する。,種数,種数は種類の数だけ、種多様性は種数と個体数の均等さを含む。,なし,なし,なし,文部科学省「高等学校学習指導要領（平成30年告示）解説 理科編 理数編」｜環境省 生物多様性センター「生物多様性」,https://www.mext.go.jp/content/20250311-mxt_kyoiku02-100002620_05.pdf｜https://www.biodic.go.jp/biodiversity/,種多様性=しゅたようせい｜均等さ=きんとうさ｜種数=しゅすう
生物基礎_Deck1_最重要骨格,BB-000010,10,Deck1・最重要骨格,生物の特徴,遺伝情報とDNA,遺伝子,いでんし,なし,BB-000004,BB-000010-C01,identify,DNAのうち、主に特定の機能をもつRNAやタンパク質の情報を含む単位を何というか,DNAのうち、主に特定の機能をもつRNAやタンパク質の情報を含む単位を何というか。,遺伝子,遺伝子,遺伝子はDNA上にあり、遺伝情報の機能的な単位となる。,ゲノム,遺伝子はDNA上の一部分、ゲノムは生物がもつ遺伝情報の一組全体である。,なし,なし,なし,文部科学省「高等学校学習指導要領（平成30年告示）解説 理科編 理数編」｜米国国立ヒトゲノム研究所「Gene」,https://www.mext.go.jp/content/20250311-mxt_kyoiku02-100002620_05.pdf｜https://www.genome.gov/genetics-glossary/Gene,タンパク質=たんぱくしつ｜遺伝情報=いでんじょうほう｜遺伝子=いでんし
生物基礎_Deck1_最重要骨格,BB-000011,11,Deck1・最重要骨格,ヒトの体の調節,体内環境の維持,インスリン,いんすりん,なし,なし,BB-000011-C01,identify,血糖濃度を低下させるホルモンは何か,血糖濃度を低下させるホルモンは何か。,インスリン,インスリン,インスリンは細胞へのグルコース取り込みや、肝臓でのグリコーゲン合成を促進する。,グルカゴン,インスリンは血糖濃度を下げ、グルカゴンは上げる。,なし,なし,なし,文部科学省「高等学校学習指導要領（平成30年告示）解説 理科編 理数編」｜大学入試センター「令和7年度大学入学共通テスト 生物基礎」,https://www.mext.go.jp/content/20250311-mxt_kyoiku02-100002620_05.pdf｜https://www.dnc.ac.jp/albums/abm.php?d=771&f=abm00005960.pdf&n=2025_op_37_seibutsukiso.pdf,グリコーゲン=ぐりこーげん｜インスリン=いんすりん｜グルコース=ぐるこーす｜ホルモン=ほるもん｜血糖濃度=けっとうのうど｜細胞=さいぼう
生物基礎_Deck1_最重要骨格,BB-000012,12,Deck1・最重要骨格,生物の多様性と生態系,生態系とその保全,生産者,せいさんしゃ,なし,なし,BB-000012-C01,identify,無機物から有機物をつくり、生態系へエネルギーを取り込む生物を何というか,無機物から有機物をつくり、生態系へエネルギーを取り込む生物を何というか。,生産者,生産者,陸上では主に緑色植物、水域では植物プランクトンなどが生産者となる。,消費者,生産者は無機物から有機物をつくり、消費者は他の生物や有機物を食べる。,なし,なし,なし,文部科学省「高等学校学習指導要領（平成30年告示）解説 理科編 理数編」｜大学入試センター「令和7年度大学入学共通テスト 生物基礎」,https://www.mext.go.jp/content/20250311-mxt_kyoiku02-100002620_05.pdf｜https://www.dnc.ac.jp/albums/abm.php?d=771&f=abm00005960.pdf&n=2025_op_37_seibutsukiso.pdf,植物プランクトン=しょくぶつぷらんくとん｜有機物=ゆうきぶつ｜無機物=むきぶつ｜生態系=せいたいけい｜生産者=せいさんしゃ
生物基礎_Deck1_最重要骨格,BB-000013,13,Deck1・最重要骨格,生物の特徴,生物とエネルギー,光合成,こうごうせい,なし,なし,BB-000013-C01,identify,光エネルギーを利用して、二酸化炭素と水から有機物をつくる反応は何か,光エネルギーを利用して、二酸化炭素と水から有機物をつくる反応は何か。,光合成,光合成,光合成では光エネルギーが有機物の化学エネルギーへ変換され、酸素が生じる。,呼吸,光合成は有機物を合成してエネルギーを蓄え、呼吸は有機物を分解してエネルギーを取り出す。,なし,なし,なし,文部科学省「高等学校学習指導要領（平成30年告示）解説 理科編 理数編」｜大学入試センター「令和7年度大学入学共通テスト 生物基礎」,https://www.mext.go.jp/content/20250311-mxt_kyoiku02-100002620_05.pdf｜https://www.dnc.ac.jp/albums/abm.php?d=771&f=abm00005960.pdf&n=2025_op_37_seibutsukiso.pdf,化学エネルギー=かがくえねるぎー｜光エネルギー=ひかりえねるぎー｜二酸化炭素=にさんかたんそ｜光合成=こうごうせい｜有機物=ゆうきぶつ｜酸素=さんそ
生物基礎_Deck1_最重要骨格,BB-000014,14,Deck1・最重要骨格,ヒトの体の調節,体内環境の維持,グルカゴン,ぐるかごん,なし,なし,BB-000014-C01,identify,血糖濃度を上昇させる、膵臓のランゲルハンス島α細胞から分泌されるホルモンは何か,血糖濃度を上昇させる、膵臓のランゲルハンス島α細胞から分泌されるホルモンは何か。,グルカゴン,グルカゴン,グルカゴンは肝臓でグリコーゲンの分解などを促し、血液中へグルコースを供給する。,インスリン,グルカゴンは血糖濃度を上げ、インスリンは下げる。,なし,なし,なし,文部科学省「高等学校学習指導要領（平成30年告示）解説 理科編 理数編」｜大学入試センター「令和7年度大学入学共通テスト 生物基礎」,https://www.mext.go.jp/content/20250311-mxt_kyoiku02-100002620_05.pdf｜https://www.dnc.ac.jp/albums/abm.php?d=771&f=abm00005960.pdf&n=2025_op_37_seibutsukiso.pdf,ランゲルハンス島=らんげるはんすとう｜グリコーゲン=ぐりこーげん｜グルカゴン=ぐるかごん｜グルコース=ぐるこーす｜ホルモン=ほるもん｜血糖濃度=けっとうのうど
生物基礎_Deck1_最重要骨格,BB-000015,15,Deck1・最重要骨格,生物の多様性と生態系,生態系とその保全,消費者,しょうひしゃ,なし,なし,BB-000015-C01,identify,他の生物やそのつくった有機物を食べて、物質とエネルギーを得る生物を何というか,他の生物やそのつくった有機物を食べて、物質とエネルギーを得る生物を何というか。,消費者,消費者,草食動物や肉食動物などが消費者に含まれる。,生産者,消費者は他の生物由来の有機物を利用し、生産者は無機物から有機物をつくる。,なし,なし,なし,文部科学省「高等学校学習指導要領（平成30年告示）解説 理科編 理数編」｜大学入試センター「令和7年度大学入学共通テスト 生物基礎」,https://www.mext.go.jp/content/20250311-mxt_kyoiku02-100002620_05.pdf｜https://www.dnc.ac.jp/albums/abm.php?d=771&f=abm00005960.pdf&n=2025_op_37_seibutsukiso.pdf,有機物=ゆうきぶつ｜消費者=しょうひしゃ
生物基礎_Deck1_最重要骨格,BB-000016,16,Deck1・最重要骨格,生物の特徴,生物とエネルギー,呼吸,こきゅう,なし,なし,BB-000016-C01,identify,有機物を分解し、生命活動に利用できるエネルギーを取り出す反応は何か,有機物を分解し、生命活動に利用できるエネルギーを取り出す反応は何か。,呼吸,呼吸,酸素を用いる呼吸では、有機物と酸素から二酸化炭素と水が生じる。,光合成,呼吸は有機物からエネルギーを取り出し、光合成は有機物へエネルギーを蓄える。,なし,なし,なし,文部科学省「高等学校学習指導要領（平成30年告示）解説 理科編 理数編」｜大学入試センター「令和7年度大学入学共通テスト 生物基礎」,https://www.mext.go.jp/content/20250311-mxt_kyoiku02-100002620_05.pdf｜https://www.dnc.ac.jp/albums/abm.php?d=771&f=abm00005960.pdf&n=2025_op_37_seibutsukiso.pdf,二酸化炭素=にさんかたんそ｜生命活動=せいめいかつどう｜有機物=ゆうきぶつ｜呼吸=こきゅう｜酸素=さんそ
生物基礎_Deck1_最重要骨格,BB-000017,17,Deck1・最重要骨格,ヒトの体の調節,免疫,自然免疫,しぜんめんえき,先天性免疫,なし,BB-000017-C01,identify,病原体の種類を厳密に区別せず、生まれつき備わっている防御反応を何というか,病原体の種類を厳密に区別せず、生まれつき備わっている防御反応を何というか。,自然免疫,自然免疫｜先天性免疫,皮膚・粘膜による防御や、食細胞の食作用などが含まれる。,獲得免疫,自然免疫は非特異的で速く、獲得免疫は抗原特異的で免疫記憶を形成する。,なし,なし,なし,文部科学省「高等学校学習指導要領（平成30年告示）解説 理科編 理数編」｜米国国立医学図書館 MedlinePlus「Immune response」,https://www.mext.go.jp/content/20250311-mxt_kyoiku02-100002620_05.pdf｜https://medlineplus.gov/ency/article/000821.htm,自然免疫=しぜんめんえき｜食作用=しょくさよう｜食細胞=しょくさいぼう｜皮膚=ひふ｜粘膜=ねんまく
生物基礎_Deck1_最重要骨格,BB-000018,18,Deck1・最重要骨格,生物の多様性と生態系,生態系とその保全,分解者,ぶんかいしゃ,なし,なし,BB-000018-C01,identify,生物の遺体や排出物の有機物を分解し、無機物へ戻す生物を何というか,生物の遺体や排出物の有機物を分解し、無機物へ戻す生物を何というか。,分解者,分解者,細菌や菌類などが代表的な分解者で、物質循環を支える。,消費者,分解者は遺体・排出物を無機物へ戻し、消費者は生きた生物などを食べる。,なし,なし,なし,文部科学省「高等学校学習指導要領（平成30年告示）解説 理科編 理数編」｜大学入試センター「令和7年度大学入学共通テスト 生物基礎」,https://www.mext.go.jp/content/20250311-mxt_kyoiku02-100002620_05.pdf｜https://www.dnc.ac.jp/albums/abm.php?d=771&f=abm00005960.pdf&n=2025_op_37_seibutsukiso.pdf,物質循環=ぶっしつじゅんかん｜分解者=ぶんかいしゃ｜有機物=ゆうきぶつ｜無機物=むきぶつ
生物基礎_Deck1_最重要骨格,BB-000019,19,Deck1・最重要骨格,生物の特徴,生物とエネルギー,酵素,こうそ,なし,なし,BB-000019-C01,identify,生体内の化学反応を促進する触媒として働く物質は何か,生体内の化学反応を促進する触媒として働く物質は何か。,酵素,酵素,多くの酵素はタンパク質で、特定の基質に作用する。,基質,酵素は反応を促進する側、基質は酵素が作用する物質である。,なし,なし,なし,文部科学省「高等学校学習指導要領（平成30年告示）解説 理科編 理数編」,https://www.mext.go.jp/content/20250311-mxt_kyoiku02-100002620_05.pdf,タンパク質=たんぱくしつ｜基質=きしつ｜触媒=しょくばい｜酵素=こうそ
生物基礎_Deck1_最重要骨格,BB-000020,20,Deck1・最重要骨格,ヒトの体の調節,免疫,獲得免疫,かくとくめんえき,適応免疫,なし,BB-000020-C01,identify,特定の抗原を認識して働き、免疫記憶を形成する防御反応を何というか,特定の抗原を認識して働き、免疫記憶を形成する防御反応を何というか。,獲得免疫,獲得免疫｜適応免疫,獲得免疫には抗体が中心の体液性免疫と、T細胞が中心の細胞性免疫がある。,自然免疫,獲得免疫は抗原特異的で記憶をもち、自然免疫は非特異的で速い。,なし,なし,なし,文部科学省「高等学校学習指導要領（平成30年告示）解説 理科編 理数編」｜米国国立医学図書館 MedlinePlus「Immune response」,https://www.mext.go.jp/content/20250311-mxt_kyoiku02-100002620_05.pdf｜https://medlineplus.gov/ency/article/000821.htm,体液性免疫=たいえきせいめんえき｜細胞性免疫=さいぼうせいめんえき｜免疫記憶=めんえききおく｜獲得免疫=かくとくめんえき｜T細胞=てぃーさいぼう｜抗体=こうたい
生物基礎_Deck1_最重要骨格,BB-000021,21,Deck1・最重要骨格,生物の多様性と生態系,生態系とその保全,食物連鎖,しょくもつれんさ,なし,なし,BB-000021-C01,identify,生物が食べる・食べられる関係で鎖状につながることを何というか,生物が食べる・食べられる関係で鎖状につながることを何というか。,食物連鎖,食物連鎖,食物連鎖を通じて物質とエネルギーが生産者から高次の消費者へ移る。,食物網,食物連鎖は一本のつながり、食物網は多数の食物連鎖が網状に結び付いたもの。,なし,なし,なし,文部科学省「高等学校学習指導要領（平成30年告示）解説 理科編 理数編」｜大学入試センター「令和7年度大学入学共通テスト 生物基礎」,https://www.mext.go.jp/content/20250311-mxt_kyoiku02-100002620_05.pdf｜https://www.dnc.ac.jp/albums/abm.php?d=771&f=abm00005960.pdf&n=2025_op_37_seibutsukiso.pdf,食物連鎖=しょくもつれんさ｜消費者=しょうひしゃ｜生産者=せいさんしゃ
生物基礎_Deck1_最重要骨格,BB-000022,22,Deck1・最重要骨格,生物の特徴,生物の共通性と多様性,原核細胞,げんかくさいぼう,なし,なし,BB-000022-C01,identify,核膜で囲まれた核をもたない細胞を何というか,核膜で囲まれた核をもたない細胞を何というか。,原核細胞,原核細胞,原核細胞ではDNAが細胞質中に存在し、細菌などにみられる。,真核細胞,原核細胞は核膜で囲まれた核をもたず、真核細胞はもつ。,なし,なし,なし,文部科学省「高等学校学習指導要領（平成30年告示）解説 理科編 理数編」｜大学入試センター「令和7年度大学入学共通テスト 生物基礎」,https://www.mext.go.jp/content/20250311-mxt_kyoiku02-100002620_05.pdf｜https://www.dnc.ac.jp/albums/abm.php?d=771&f=abm00005960.pdf&n=2025_op_37_seibutsukiso.pdf,原核細胞=げんかくさいぼう｜核膜=かくまく
生物基礎_Deck1_最重要骨格,BB-000023,23,Deck1・最重要骨格,ヒトの体の調節,免疫,抗体,こうたい,免疫グロブリン,なし,BB-000023-C01,identify,抗原に特異的に結合する、形質細胞がつくるタンパク質を何というか,抗原に特異的に結合する、形質細胞がつくるタンパク質を何というか。,抗体,抗体｜免疫グロブリン,抗体は抗原と結合し、病原体の無力化や排除を助ける。,抗原,抗原は免疫反応を引き起こす目印、抗体はそれに特異的に結合する分子である。,なし,なし,なし,文部科学省「高等学校学習指導要領（平成30年告示）解説 理科編 理数編」｜米国国立医学図書館 MedlinePlus「Immune response」,https://www.mext.go.jp/content/20250311-mxt_kyoiku02-100002620_05.pdf｜https://medlineplus.gov/ency/article/000821.htm,タンパク質=たんぱくしつ｜形質細胞=けいしつさいぼう｜抗体=こうたい｜抗原=こうげん
生物基礎_Deck1_最重要骨格,BB-000024,24,Deck1・最重要骨格,生物の多様性と生態系,生態系とその保全,食物網,しょくもつもう,なし,BB-000021,BB-000024-C01,identify,複数の食物連鎖が互いに結び付き、網状になった関係を何というか,複数の食物連鎖が互いに結び付き、網状になった関係を何というか。,食物網,食物網,実際の生態系では一種が複数の生物を食べるため、食物網が形成される。,食物連鎖,食物網は多数のつながり、食物連鎖は一本のつながりを表す。,なし,なし,なし,文部科学省「高等学校学習指導要領（平成30年告示）解説 理科編 理数編」｜大学入試センター「令和7年度大学入学共通テスト 生物基礎」,https://www.mext.go.jp/content/20250311-mxt_kyoiku02-100002620_05.pdf｜https://www.dnc.ac.jp/albums/abm.php?d=771&f=abm00005960.pdf&n=2025_op_37_seibutsukiso.pdf,食物連鎖=しょくもつれんさ｜生態系=せいたいけい｜食物網=しょくもつもう
生物基礎_Deck1_最重要骨格,BB-000025,25,Deck1・最重要骨格,生物の特徴,生物の共通性と多様性,真核細胞,しんかくさいぼう,なし,なし,BB-000025-C01,identify,核膜で囲まれた核をもつ細胞を何というか,核膜で囲まれた核をもつ細胞を何というか。,真核細胞,真核細胞,真核細胞は核やミトコンドリアなどの細胞小器官をもつ。,原核細胞,真核細胞は核膜で囲まれた核をもち、原核細胞はもたない。,なし,なし,なし,文部科学省「高等学校学習指導要領（平成30年告示）解説 理科編 理数編」｜大学入試センター「令和7年度大学入学共通テスト 生物基礎」,https://www.mext.go.jp/content/20250311-mxt_kyoiku02-100002620_05.pdf｜https://www.dnc.ac.jp/albums/abm.php?d=771&f=abm00005960.pdf&n=2025_op_37_seibutsukiso.pdf,ミトコンドリア=みとこんどりあ｜細胞小器官=さいぼうしょうきかん｜真核細胞=しんかくさいぼう｜核膜=かくまく
生物基礎_Deck1_最重要骨格,BB-000026,26,Deck1・最重要骨格,ヒトの体の調節,免疫,抗原,こうげん,なし,なし,BB-000026-C01,identify,免疫系に異物として認識され、特異的な免疫反応の対象となる物質を何というか,免疫系に異物として認識され、特異的な免疫反応の対象となる物質を何というか。,抗原,抗原,病原体表面のタンパク質などが抗原となる。,抗体,抗原は認識される対象、抗体は抗原に結合する分子である。,なし,なし,なし,文部科学省「高等学校学習指導要領（平成30年告示）解説 理科編 理数編」｜米国国立医学図書館 MedlinePlus「Immune response」,https://www.mext.go.jp/content/20250311-mxt_kyoiku02-100002620_05.pdf｜https://medlineplus.gov/ency/article/000821.htm,タンパク質=たんぱくしつ｜抗原=こうげん
生物基礎_Deck1_最重要骨格,BB-000027,27,Deck1・最重要骨格,生物の多様性と生態系,生態系とその保全,栄養段階,えいようだんかい,なし,BB-000021,BB-000027-C01,identify,食物連鎖の中で、生産者・一次消費者・二次消費者などの位置を何というか,食物連鎖の中で、生産者・一次消費者・二次消費者などの位置を何というか。,栄養段階,栄養段階,栄養段階が上がるほど、利用できるエネルギー量は一般に少なくなる。,生態ピラミッド,栄養段階は食物連鎖上の位置、生態ピラミッドは各段階の量を図示したもの。,なし,なし,なし,文部科学省「高等学校学習指導要領（平成30年告示）解説 理科編 理数編」｜大学入試センター「令和7年度大学入学共通テスト 生物基礎」,https://www.mext.go.jp/content/20250311-mxt_kyoiku02-100002620_05.pdf｜https://www.dnc.ac.jp/albums/abm.php?d=771&f=abm00005960.pdf&n=2025_op_37_seibutsukiso.pdf,栄養段階=えいようだんかい｜食物連鎖=しょくもつれんさ｜消費者=しょうひしゃ｜生産者=せいさんしゃ
生物基礎_Deck1_最重要骨格,BB-000028,28,Deck1・最重要骨格,生物の特徴,生物とエネルギー,ミトコンドリア,みとこんどりあ,なし,BB-000025｜BB-000016,BB-000028-C01,identify,真核細胞で、酸素を用いる呼吸の大部分が行われる細胞小器官は何か,真核細胞で、酸素を用いる呼吸の大部分が行われる細胞小器官は何か。,ミトコンドリア,ミトコンドリア,ミトコンドリアでは有機物からエネルギーが取り出され、ATPが合成される。,葉緑体,ミトコンドリアは呼吸、葉緑体は光合成の中心となる。,なし,なし,なし,文部科学省「高等学校学習指導要領（平成30年告示）解説 理科編 理数編」｜大学入試センター「令和7年度大学入学共通テスト 生物基礎」,https://www.mext.go.jp/content/20250311-mxt_kyoiku02-100002620_05.pdf｜https://www.dnc.ac.jp/albums/abm.php?d=771&f=abm00005960.pdf&n=2025_op_37_seibutsukiso.pdf,ミトコンドリア=みとこんどりあ｜細胞小器官=さいぼうしょうきかん｜真核細胞=しんかくさいぼう｜有機物=ゆうきぶつ｜呼吸=こきゅう｜酸素=さんそ
生物基礎_Deck1_最重要骨格,BB-000029,29,Deck1・最重要骨格,ヒトの体の調節,免疫,B細胞,びーさいぼう,Bリンパ球,なし,BB-000029-C01,identify,抗原の刺激を受けて形質細胞や記憶細胞へ分化し、体液性免疫を担うリンパ球は何か,抗原の刺激を受けて形質細胞や記憶細胞へ分化し、体液性免疫を担うリンパ球は何か。,B細胞,B細胞｜Bリンパ球,B細胞から分化した形質細胞が抗体を大量に分泌する。,T細胞,B細胞は主に抗体産生、T細胞は免疫反応の調節や感染細胞の攻撃を担う。,なし,なし,なし,文部科学省「高等学校学習指導要領（平成30年告示）解説 理科編 理数編」｜米国国立医学図書館 MedlinePlus「Immune response」,https://www.mext.go.jp/content/20250311-mxt_kyoiku02-100002620_05.pdf｜https://medlineplus.gov/ency/article/000821.htm,体液性免疫=たいえきせいめんえき｜リンパ球=りんぱきゅう｜形質細胞=けいしつさいぼう｜記憶細胞=きおくさいぼう｜B細胞=びーさいぼう｜抗体=こうたい
生物基礎_Deck1_最重要骨格,BB-000030,30,Deck1・最重要骨格,生物の多様性と生態系,生態系とその保全,捕食者,ほしょくしゃ,なし,なし,BB-000030-C01,identify,他の生物を捕らえて食べる側の生物を何というか,他の生物を捕らえて食べる側の生物を何というか。,捕食者,捕食者,捕食者の増減は被食者だけでなく、食物網を通じて他の種にも影響する。,被食者,捕食者は食べる側、被食者は食べられる側である。,なし,なし,なし,文部科学省「高等学校学習指導要領（平成30年告示）解説 理科編 理数編」,https://www.mext.go.jp/content/20250311-mxt_kyoiku02-100002620_05.pdf,捕食者=ほしょくしゃ｜被食者=ひしょくしゃ｜食物網=しょくもつもう
生物基礎_Deck1_最重要骨格,BB-000031,31,Deck1・最重要骨格,生物の特徴,生物とエネルギー,葉緑体,ようりょくたい,なし,BB-000025｜BB-000013,BB-000031-C01,identify,植物細胞などで光合成が行われる細胞小器官は何か,植物細胞などで光合成が行われる細胞小器官は何か。,葉緑体,葉緑体,葉緑体はクロロフィルをもち、光エネルギーを利用する。,ミトコンドリア,葉緑体は光合成、ミトコンドリアは呼吸の中心となる。,なし,なし,なし,文部科学省「高等学校学習指導要領（平成30年告示）解説 理科編 理数編」｜大学入試センター「令和7年度大学入学共通テスト 生物基礎」,https://www.mext.go.jp/content/20250311-mxt_kyoiku02-100002620_05.pdf｜https://www.dnc.ac.jp/albums/abm.php?d=771&f=abm00005960.pdf&n=2025_op_37_seibutsukiso.pdf,クロロフィル=くろろふぃる｜光エネルギー=ひかりえねるぎー｜細胞小器官=さいぼうしょうきかん｜植物細胞=しょくぶつさいぼう｜光合成=こうごうせい｜葉緑体=ようりょくたい
生物基礎_Deck1_最重要骨格,BB-000032,32,Deck1・最重要骨格,ヒトの体の調節,免疫,ヘルパーT細胞,へるぱーてぃーさいぼう,なし,なし,BB-000032-C01,identify,抗原提示を受け、B細胞やキラーT細胞の働きを促進するT細胞は何か,抗原提示を受け、B細胞やキラーT細胞の働きを促進するT細胞は何か。,ヘルパーT細胞,ヘルパーT細胞,ヘルパーT細胞は獲得免疫全体の司令役として働く。,キラーT細胞,ヘルパーT細胞は他の免疫細胞を活性化し、キラーT細胞は感染細胞などを直接攻撃する。,なし,なし,なし,文部科学省「高等学校学習指導要領（平成30年告示）解説 理科編 理数編」｜米国国立医学図書館 MedlinePlus「Immune response」,https://www.mext.go.jp/content/20250311-mxt_kyoiku02-100002620_05.pdf｜https://medlineplus.gov/ency/article/000821.htm,ヘルパーT細胞=へるぱーてぃーさいぼう｜キラーT細胞=きらーてぃーさいぼう｜抗原提示=こうげんていじ｜獲得免疫=かくとくめんえき｜B細胞=びーさいぼう
生物基礎_Deck1_最重要骨格,BB-000033,33,Deck1・最重要骨格,生物の多様性と生態系,生態系とその保全,被食者,ひしょくしゃ,なし,なし,BB-000033-C01,identify,捕食者に捕らえられて食べられる側の生物を何というか,捕食者に捕らえられて食べられる側の生物を何というか。,被食者,被食者,被食者の個体数は捕食圧や餌資源などの影響を受ける。,捕食者,被食者は食べられる側、捕食者は食べる側である。,なし,なし,なし,文部科学省「高等学校学習指導要領（平成30年告示）解説 理科編 理数編」,https://www.mext.go.jp/content/20250311-mxt_kyoiku02-100002620_05.pdf,捕食者=ほしょくしゃ｜被食者=ひしょくしゃ
生物基礎_Deck1_最重要骨格,BB-000034,34,Deck1・最重要骨格,生物の特徴,遺伝情報とDNA,遺伝情報,いでんじょうほう,なし,BB-000004,BB-000034-C01,identify,親から子へ伝わり、生物の形質や生命活動に関わる情報を何というか,親から子へ伝わり、生物の形質や生命活動に関わる情報を何というか。,遺伝情報,遺伝情報,遺伝情報は主にDNAの塩基配列として保存される。,遺伝子,遺伝情報は情報そのもの、遺伝子はその情報を担うDNA上の単位である。,なし,なし,なし,文部科学省「高等学校学習指導要領（平成30年告示）解説 理科編 理数編」,https://www.mext.go.jp/content/20250311-mxt_kyoiku02-100002620_05.pdf,塩基配列=えんきはいれつ｜生命活動=せいめいかつどう｜遺伝情報=いでんじょうほう
生物基礎_Deck1_最重要骨格,BB-000035,35,Deck1・最重要骨格,ヒトの体の調節,免疫,キラーT細胞,きらーてぃーさいぼう,細胞傷害性T細胞,なし,BB-000035-C01,identify,ウイルス感染細胞や異常細胞を特異的に攻撃するT細胞は何か,ウイルス感染細胞や異常細胞を特異的に攻撃するT細胞は何か。,キラーT細胞,キラーT細胞｜細胞傷害性T細胞,キラーT細胞は細胞性免疫の中心として、標的細胞を直接排除する。,ヘルパーT細胞,キラーT細胞は標的細胞を直接攻撃し、ヘルパーT細胞は免疫反応を促進する。,なし,なし,なし,文部科学省「高等学校学習指導要領（平成30年告示）解説 理科編 理数編」｜米国国立医学図書館 MedlinePlus「Immune response」,https://www.mext.go.jp/content/20250311-mxt_kyoiku02-100002620_05.pdf｜https://medlineplus.gov/ency/article/000821.htm,キラーT細胞=きらーてぃーさいぼう｜細胞性免疫=さいぼうせいめんえき｜標的細胞=ひょうてきさいぼう
生物基礎_Deck1_最重要骨格,BB-000036,36,Deck1・最重要骨格,生物の多様性と生態系,生態系とその保全,生態系のバランス,せいたいけいのばらんす,生態系の平衡,なし,BB-000036-C01,identify,生物の個体数や物質の量が変動しながらも、全体として一定範囲に保たれる状態を何というか,生物の個体数や物質の量が変動しながらも、全体として一定範囲に保たれる状態を何というか。,生態系のバランス,生態系のバランス｜生態系の平衡,生態系は完全に静止しているのではなく、相互作用によって動的な均衡を保つ。,極相,生態系のバランスは生態系全体の動的均衡、極相は遷移の終盤にみられる比較的安定した植生である。,なし,なし,なし,文部科学省「高等学校学習指導要領（平成30年告示）解説 理科編 理数編」,https://www.mext.go.jp/content/20250311-mxt_kyoiku02-100002620_05.pdf,生態系のバランス=せいたいけいのばらんす
生物基礎_Deck1_最重要骨格,BB-000037,37,Deck1・最重要骨格,生物の特徴,遺伝情報とDNA,染色体,せんしょくたい,なし,BB-000004｜BB-000025,BB-000037-C01,identify,真核細胞の核内で、DNAがタンパク質とともにまとまった構造を何というか,真核細胞の核内で、DNAがタンパク質とともにまとまった構造を何というか。,染色体,染色体,染色体は細胞分裂時に凝縮して観察しやすくなる。,DNA,DNAは物質、染色体はDNAとタンパク質からなる構造である。,なし,なし,なし,文部科学省「高等学校学習指導要領（平成30年告示）解説 理科編 理数編」｜米国国立ヒトゲノム研究所「Chromosome」,https://www.mext.go.jp/content/20250311-mxt_kyoiku02-100002620_05.pdf｜https://www.genome.gov/genetics-glossary/Chromosome,タンパク質=たんぱくしつ｜真核細胞=しんかくさいぼう｜染色体=せんしょくたい｜凝縮=ぎょうしゅく
生物基礎_Deck1_最重要骨格,BB-000038,38,Deck1・最重要骨格,ヒトの体の調節,免疫,記憶細胞,きおくさいぼう,なし,なし,BB-000038-C01,identify,初回の免疫反応後も長く残り、同じ抗原への二次応答を速める細胞を何というか,初回の免疫反応後も長く残り、同じ抗原への二次応答を速める細胞を何というか。,記憶細胞,記憶細胞,記憶B細胞や記憶T細胞が残ることで、再感染時に強い反応が起こる。,形質細胞,記憶細胞は長期に残り再応答に備え、形質細胞は主に抗体を分泌する。,なし,なし,なし,文部科学省「高等学校学習指導要領（平成30年告示）解説 理科編 理数編」｜米国国立医学図書館 MedlinePlus「Immune response」,https://www.mext.go.jp/content/20250311-mxt_kyoiku02-100002620_05.pdf｜https://medlineplus.gov/ency/article/000821.htm,二次応答=にじおうとう｜記憶細胞=きおくさいぼう｜B細胞=びーさいぼう｜T細胞=てぃーさいぼう｜抗原=こうげん
生物基礎_Deck1_最重要骨格,BB-000039,39,Deck1・最重要骨格,生物の多様性と生態系,生態系とその保全,攪乱,かくらん,撹乱,なし,BB-000039-C01,identify,台風、洪水、火山噴火などによって生態系の構造や環境が大きく変化することを何というか,台風、洪水、火山噴火などによって生態系の構造や環境が大きく変化することを何というか。,攪乱,攪乱｜撹乱,適度な攪乱が多様な生息場所をつくり、生物多様性を維持する場合もある。,人為的攪乱,攪乱は自然・人為の両方を含み、人為的攪乱は人間活動によるものに限る。,なし,なし,なし,文部科学省「高等学校学習指導要領（平成30年告示）解説 理科編 理数編」,https://www.mext.go.jp/content/20250311-mxt_kyoiku02-100002620_05.pdf,生物多様性=せいぶつたようせい｜生態系=せいたいけい｜攪乱=かくらん
生物基礎_Deck1_最重要骨格,BB-000040,40,Deck1・最重要骨格,生物の特徴,生物とエネルギー,代謝,たいしゃ,なし,なし,BB-000040-C01,identify,生体内で行われる化学反応全体を何というか,生体内で行われる化学反応全体を何というか。,代謝,代謝,代謝には物質を合成する同化と、分解する異化がある。,生命活動,代謝は生命活動を支える化学反応そのものを指す。,なし,なし,なし,文部科学省「高等学校学習指導要領（平成30年告示）解説 理科編 理数編」,https://www.mext.go.jp/content/20250311-mxt_kyoiku02-100002620_05.pdf,代謝=たいしゃ｜同化=どうか｜異化=いか
生物基礎_Deck1_最重要骨格,BB-000041,41,Deck1・最重要骨格,ヒトの体の調節,免疫,予防接種,よぼうせっしゅ,ワクチン接種,なし,BB-000041-C01,identify,ワクチンを投与して免疫記憶をつくらせ、感染症の発症や重症化を防ぐ方法を何というか,ワクチンを投与して免疫記憶をつくらせ、感染症の発症や重症化を防ぐ方法を何というか。,予防接種,予防接種｜ワクチン接種,予防接種は獲得免疫の二次応答を利用する。,血清療法,予防接種は自分の免疫反応と記憶を誘導し、血清療法は完成した抗体を投与する。,なし,なし,なし,文部科学省「高等学校学習指導要領（平成30年告示）解説 理科編 理数編」｜米国国立医学図書館 MedlinePlus「Vaccines」,https://www.mext.go.jp/content/20250311-mxt_kyoiku02-100002620_05.pdf｜https://medlineplus.gov/ency/anatomyvideos/000137.htm,ワクチン=わくちん｜予防接種=よぼうせっしゅ｜二次応答=にじおうとう｜免疫記憶=めんえききおく｜獲得免疫=かくとくめんえき
生物基礎_Deck1_最重要骨格,BB-000042,42,Deck1・最重要骨格,生物の多様性と生態系,生態系とその保全,人為的攪乱,じんいてきかくらん,人為的撹乱,BB-000039,BB-000042-C01,identify,森林伐採、開発、汚染など、人間活動によって生態系が変化することを何というか,森林伐採、開発、汚染など、人間活動によって生態系が変化することを何というか。,人為的攪乱,人為的攪乱｜人為的撹乱,規模や頻度が大きい人為的攪乱は、生態系の回復力を超えることがある。,自然攪乱,人為的攪乱は人間活動、自然攪乱は台風や火山など自然現象による。,なし,なし,なし,文部科学省「高等学校学習指導要領（平成30年告示）解説 理科編 理数編」,https://www.mext.go.jp/content/20250311-mxt_kyoiku02-100002620_05.pdf,人為的攪乱=じんいてきかくらん｜生態系=せいたいけい｜頻度=ひんど
生物基礎_Deck1_最重要骨格,BB-000043,43,Deck1・最重要骨格,生物の特徴,生物とエネルギー,同化,どうか,なし,BB-000040,BB-000043-C01,identify,単純な物質から複雑な物質を合成し、エネルギーを蓄える代謝を何というか,単純な物質から複雑な物質を合成し、エネルギーを蓄える代謝を何というか。,同化,同化,光合成は代表的な同化である。,異化,同化は合成してエネルギーを蓄え、異化は分解してエネルギーを取り出す。,なし,なし,なし,文部科学省「高等学校学習指導要領（平成30年告示）解説 理科編 理数編」,https://www.mext.go.jp/content/20250311-mxt_kyoiku02-100002620_05.pdf,光合成=こうごうせい｜代謝=たいしゃ｜同化=どうか
生物基礎_Deck1_最重要骨格,BB-000044,44,Deck1・最重要骨格,ヒトの体の調節,免疫,食作用,しょくさよう,貪食,なし,BB-000044-C01,identify,白血球などが異物を取り込み、分解する働きを何というか,白血球などが異物を取り込み、分解する働きを何というか。,食作用,食作用｜貪食,好中球、マクロファージ、樹状細胞などが食作用を行う。,抗原抗体反応,食作用は細胞が異物を取り込む反応、抗原抗体反応は抗体が抗原へ特異的に結合する反応である。,なし,なし,なし,文部科学省「高等学校学習指導要領（平成30年告示）解説 理科編 理数編」｜米国国立医学図書館 MedlinePlus「Immune response」,https://www.mext.go.jp/content/20250311-mxt_kyoiku02-100002620_05.pdf｜https://medlineplus.gov/ency/article/000821.htm,マクロファージ=まくろふぁーじ｜樹状細胞=じゅじょうさいぼう｜好中球=こうちゅうきゅう｜白血球=はっけっきゅう｜食作用=しょくさよう
生物基礎_Deck1_最重要骨格,BB-000045,45,Deck1・最重要骨格,生物の多様性と生態系,生態系とその保全,外来生物,がいらいせいぶつ,外来種,なし,BB-000045-C01,identify,人間の活動によって、本来の分布域の外へ持ち込まれた生物を何というか,人間の活動によって、本来の分布域の外へ持ち込まれた生物を何というか。,外来生物,外来生物｜外来種,外来生物のすべてが害を及ぼすわけではないが、一部は在来の生態系へ大きな影響を与える。,在来種,外来生物は人為的に分布域外へ持ち込まれ、在来種はその地域に以前から自然分布する。,なし,なし,なし,文部科学省「高等学校学習指導要領（平成30年告示）解説 理科編 理数編」｜環境省「日本の外来種対策」,https://www.mext.go.jp/content/20250311-mxt_kyoiku02-100002620_05.pdf｜https://www.env.go.jp/nature/intro/,外来生物=がいらいせいぶつ｜生態系=せいたいけい
生物基礎_Deck1_最重要骨格,BB-000046,46,Deck1・最重要骨格,生物の特徴,生物とエネルギー,異化,いか,なし,BB-000040,BB-000046-C01,identify,複雑な物質を分解し、エネルギーを取り出す代謝を何というか,複雑な物質を分解し、エネルギーを取り出す代謝を何というか。,異化,異化,呼吸は代表的な異化である。,同化,異化は分解してエネルギーを取り出し、同化は合成して蓄える。,なし,なし,なし,文部科学省「高等学校学習指導要領（平成30年告示）解説 理科編 理数編」,https://www.mext.go.jp/content/20250311-mxt_kyoiku02-100002620_05.pdf,代謝=たいしゃ｜呼吸=こきゅう｜異化=いか
生物基礎_Deck1_最重要骨格,BB-000047,47,Deck1・最重要骨格,ヒトの体の調節,情報の伝達,内分泌系,ないぶんぴつけい,なし,なし,BB-000047-C01,identify,ホルモンを血液中へ分泌して、体の働きを調節する仕組みを何というか,ホルモンを血液中へ分泌して、体の働きを調節する仕組みを何というか。,内分泌系,内分泌系,内分泌系は神経系より一般に作用開始が遅いが、効果が比較的長く続く。,神経系,内分泌系はホルモンを血液で運び、神経系は神経の興奮を用いて速く伝える。,なし,なし,なし,文部科学省「高等学校学習指導要領（平成30年告示）解説 理科編 理数編」｜大学入試センター「令和7年度大学入学共通テスト 生物基礎」,https://www.mext.go.jp/content/20250311-mxt_kyoiku02-100002620_05.pdf｜https://www.dnc.ac.jp/albums/abm.php?d=771&f=abm00005960.pdf&n=2025_op_37_seibutsukiso.pdf,ホルモン=ほるもん｜内分泌系=ないぶんぴつけい｜神経系=しんけいけい｜血液=けつえき
生物基礎_Deck1_最重要骨格,BB-000048,48,Deck1・最重要骨格,生物の多様性と生態系,生態系とその保全,絶滅,ぜつめつ,なし,なし,BB-000048-C01,identify,ある生物種の個体が地球上から一個体もいなくなることを何というか,ある生物種の個体が地球上から一個体もいなくなることを何というか。,絶滅,絶滅,生息地の消失、乱獲、外来生物、環境変化などが絶滅リスクを高める。,局所絶滅,絶滅は地球上から消失、局所絶滅は特定地域から消失すること。,なし,なし,なし,文部科学省「高等学校学習指導要領（平成30年告示）解説 理科編 理数編」｜環境省「レッドリスト」,https://www.mext.go.jp/content/20250311-mxt_kyoiku02-100002620_05.pdf｜https://www.env.go.jp/nature/kisho/hozen/redlist/,絶滅リスク=ぜつめつりすく｜外来生物=がいらいせいぶつ｜生息地=せいそくち
生物基礎_Deck1_最重要骨格,BB-000049,49,Deck1・最重要骨格,生物の特徴,生物の共通性と多様性,細胞膜,さいぼうまく,なし,BB-000001,BB-000049-C01,identify,すべての細胞の表面を包み、物質の出入りを調節する膜を何というか,すべての細胞の表面を包み、物質の出入りを調節する膜を何というか。,細胞膜,細胞膜,細胞膜は細胞内外を仕切り、必要な物質の移動を選択的に調節する。,細胞壁,細胞膜はすべての細胞にあり、細胞壁は植物や細菌などの細胞膜の外側にある。,なし,なし,なし,文部科学省「高等学校学習指導要領（平成30年告示）解説 理科編 理数編」｜大学入試センター「令和7年度大学入学共通テスト 生物基礎」,https://www.mext.go.jp/content/20250311-mxt_kyoiku02-100002620_05.pdf｜https://www.dnc.ac.jp/albums/abm.php?d=771&f=abm00005960.pdf&n=2025_op_37_seibutsukiso.pdf,細胞膜=さいぼうまく
生物基礎_Deck1_最重要骨格,BB-000050,50,Deck1・最重要骨格,ヒトの体の調節,情報の伝達,神経系,しんけいけい,なし,なし,BB-000050-C01,identify,神経細胞の興奮を利用して、情報を速く伝達し体の働きを調節する仕組みを何というか,神経細胞の興奮を利用して、情報を速く伝達し体の働きを調節する仕組みを何というか。,神経系,神経系,神経系は中枢神経系と末梢神経系に分けられる。,内分泌系,神経系は速く局所的、内分泌系はホルモンにより比較的ゆっくり広く作用する。,なし,なし,なし,文部科学省「高等学校学習指導要領（平成30年告示）解説 理科編 理数編」｜大学入試センター「令和7年度大学入学共通テスト 生物基礎」,https://www.mext.go.jp/content/20250311-mxt_kyoiku02-100002620_05.pdf｜https://www.dnc.ac.jp/albums/abm.php?d=771&f=abm00005960.pdf&n=2025_op_37_seibutsukiso.pdf,中枢神経系=ちゅうすうしんけいけい｜末梢神経系=まっしょうしんけいけい｜細胞=さいぼう
生物基礎_Deck1_最重要骨格,BB-000051,51,Deck1・最重要骨格,生物の多様性と生態系,生態系とその保全,生息地の分断,せいそくちのぶんだん,なし,なし,BB-000051-C01,identify,道路や開発などで連続した生息地が小さく分かれ、個体群間の移動が妨げられることを何というか,道路や開発などで連続した生息地が小さく分かれ、個体群間の移動が妨げられることを何というか。,生息地の分断,生息地の分断,分断された個体群では個体数減少や遺伝的多様性の低下が起こりやすい。,生息地の消失,分断は生息地が細切れになること、消失は生息地そのものが失われること。,なし,なし,なし,文部科学省「高等学校学習指導要領（平成30年告示）解説 理科編 理数編」｜環境省 生物多様性センター「生物多様性」,https://www.mext.go.jp/content/20250311-mxt_kyoiku02-100002620_05.pdf｜https://www.biodic.go.jp/biodiversity/,生息地の分断=せいそくちのぶんだん｜遺伝的多様性=いでんてきたようせい｜個体群=こたいぐん
生物基礎_Deck1_最重要骨格,BB-000052,52,Deck1・最重要骨格,生物の特徴,生物の共通性と多様性,核,かく,なし,BB-000025｜BB-000004,BB-000052-C01,identify,真核細胞で、主にDNAを収める細胞小器官は何か,真核細胞で、主にDNAを収める細胞小器官は何か。,核,核,核は核膜で囲まれ、遺伝情報の保存と利用に関わる。,核膜,核は細胞小器官全体、核膜はその境界をつくる膜である。,なし,なし,なし,文部科学省「高等学校学習指導要領（平成30年告示）解説 理科編 理数編」｜大学入試センター「令和7年度大学入学共通テスト 生物基礎」,https://www.mext.go.jp/content/20250311-mxt_kyoiku02-100002620_05.pdf｜https://www.dnc.ac.jp/albums/abm.php?d=771&f=abm00005960.pdf&n=2025_op_37_seibutsukiso.pdf,細胞小器官=さいぼうしょうきかん｜真核細胞=しんかくさいぼう｜遺伝情報=いでんじょうほう｜核膜=かくまく
生物基礎_Deck1_最重要骨格,BB-000053,53,Deck1・最重要骨格,ヒトの体の調節,情報の伝達,交感神経,こうかんしんけい,なし,BB-000005,BB-000053-C01,identify,活動時や緊張時に優位となり、心拍促進などを引き起こす自律神経は何か,活動時や緊張時に優位となり、心拍促進などを引き起こす自律神経は何か。,交感神経,交感神経,交感神経は多くの器官で副交感神経と拮抗して働く。,副交感神経,交感神経は活動に適した状態、副交感神経は休息や消化に適した状態をつくる。,なし,なし,なし,文部科学省「高等学校学習指導要領（平成30年告示）解説 理科編 理数編」｜大学入試センター「令和7年度大学入学共通テスト 生物基礎」,https://www.mext.go.jp/content/20250311-mxt_kyoiku02-100002620_05.pdf｜https://www.dnc.ac.jp/albums/abm.php?d=771&f=abm00005960.pdf&n=2025_op_37_seibutsukiso.pdf,副交感神経=ふくこうかんしんけい
生物基礎_Deck1_最重要骨格,BB-000054,54,Deck1・最重要骨格,生物の多様性と生態系,生態系とその保全,環境アセスメント,かんきょうあせすめんと,環境影響評価,なし,BB-000054-C01,identify,大規模な事業を行う前に、環境への影響を調査・予測・評価し、対策へ反映する仕組みを何というか,大規模な事業を行う前に、環境への影響を調査・予測・評価し、対策へ反映する仕組みを何というか。,環境アセスメント,環境アセスメント｜環境影響評価,生態系や生物多様性への影響を事前に小さくすることが目的である。,環境モニタリング,環境アセスメントは事業前の予測・評価、環境モニタリングは継続的な観測である。,なし,なし,なし,文部科学省「高等学校学習指導要領（平成30年告示）解説 理科編 理数編」｜環境省 生物多様性センター「生物多様性」,https://www.mext.go.jp/content/20250311-mxt_kyoiku02-100002620_05.pdf｜https://www.biodic.go.jp/biodiversity/,環境アセスメント=かんきょうあせすめんと｜生物多様性=せいぶつたようせい｜生態系=せいたいけい
生物基礎_Deck1_最重要骨格,BB-000055,55,Deck1・最重要骨格,生物の特徴,遺伝情報とタンパク質の合成,リボソーム,りぼそーむ,なし,なし,BB-000055-C01,identify,mRNAの情報に従ってタンパク質を合成する構造は何か,mRNAの情報に従ってタンパク質を合成する構造は何か。,リボソーム,リボソーム,リボソームではmRNAのコドンに対応してアミノ酸がつながる。,ミトコンドリア,リボソームは翻訳を行い、ミトコンドリアは呼吸の大部分を行う。,なし,なし,なし,文部科学省「高等学校学習指導要領（平成30年告示）解説 理科編 理数編」｜大学入試センター「令和7年度大学入学共通テスト 生物基礎」,https://www.mext.go.jp/content/20250311-mxt_kyoiku02-100002620_05.pdf｜https://www.dnc.ac.jp/albums/abm.php?d=771&f=abm00005960.pdf&n=2025_op_37_seibutsukiso.pdf,タンパク質=たんぱくしつ｜リボソーム=りぼそーむ｜アミノ酸=あみのさん｜コドン=こどん
生物基礎_Deck1_最重要骨格,BB-000056,56,Deck1・最重要骨格,ヒトの体の調節,情報の伝達,副交感神経,ふくこうかんしんけい,なし,BB-000005,BB-000056-C01,identify,安静時に優位となり、心拍抑制や消化促進などを引き起こす自律神経は何か,安静時に優位となり、心拍抑制や消化促進などを引き起こす自律神経は何か。,副交感神経,副交感神経,副交感神経は多くの器官で交感神経と拮抗して働く。,交感神経,副交感神経は休息・消化、交感神経は活動・緊張に適した状態をつくる。,なし,なし,なし,文部科学省「高等学校学習指導要領（平成30年告示）解説 理科編 理数編」｜大学入試センター「令和7年度大学入学共通テスト 生物基礎」,https://www.mext.go.jp/content/20250311-mxt_kyoiku02-100002620_05.pdf｜https://www.dnc.ac.jp/albums/abm.php?d=771&f=abm00005960.pdf&n=2025_op_37_seibutsukiso.pdf,副交感神経=ふくこうかんしんけい
生物基礎_Deck1_最重要骨格,BB-000057,57,Deck1・最重要骨格,生物の多様性と生態系,生態系とその保全,キーストーン種,きーすとーんしゅ,なし,なし,BB-000057-C01,identify,個体数が多くなくても、生態系の構造や多様性に特に大きな影響を与える種を何というか,個体数が多くなくても、生態系の構造や多様性に特に大きな影響を与える種を何というか。,キーストーン種,キーストーン種,キーストーン種が失われると、食物網を通じて多くの種へ影響が及ぶことがある。,優占種,キーストーン種は影響力の大きさ、優占種は個体数・被度などの大きさで特徴づけられる。,なし,なし,なし,文部科学省「高等学校学習指導要領（平成30年告示）解説 理科編 理数編」,https://www.mext.go.jp/content/20250311-mxt_kyoiku02-100002620_05.pdf,キーストーン種=きーすとーんしゅ｜生態系=せいたいけい｜食物網=しょくもつもう
生物基礎_Deck1_最重要骨格,BB-000058,58,Deck1・最重要骨格,生物の特徴,遺伝情報とDNA,ゲノム,げのむ,なし,BB-000004｜BB-000010,BB-000058-C01,identify,生物がもつ遺伝情報の一組全体を何というか,生物がもつ遺伝情報の一組全体を何というか。,ゲノム,ゲノム,ゲノムには遺伝子だけでなく、遺伝子以外のDNA領域も含まれる。,遺伝子,ゲノムは遺伝情報の一組全体、遺伝子はその一部分である。,なし,なし,なし,文部科学省「高等学校学習指導要領（平成30年告示）解説 理科編 理数編」｜米国国立ヒトゲノム研究所「Genome」,https://www.mext.go.jp/content/20250311-mxt_kyoiku02-100002620_05.pdf｜https://www.genome.gov/genetics-glossary/Genome,遺伝情報=いでんじょうほう｜ゲノム=げのむ｜遺伝子=いでんし
生物基礎_Deck1_最重要骨格,BB-000059,59,Deck1・最重要骨格,ヒトの体の調節,情報の伝達,視床下部,ししょうかぶ,なし,なし,BB-000059-C01,identify,自律神経系の中枢であり、下垂体を介して内分泌系も調節する脳の部位は何か,自律神経系の中枢であり、下垂体を介して内分泌系も調節する脳の部位は何か。,視床下部,視床下部,視床下部は体温、血糖濃度、体液量などの恒常性維持に重要である。,下垂体,視床下部は調節中枢、下垂体はその指令を受けて多くのホルモンを分泌する。,なし,なし,なし,文部科学省「高等学校学習指導要領（平成30年告示）解説 理科編 理数編」｜大学入試センター「令和7年度大学入学共通テスト 生物基礎」,https://www.mext.go.jp/content/20250311-mxt_kyoiku02-100002620_05.pdf｜https://www.dnc.ac.jp/albums/abm.php?d=771&f=abm00005960.pdf&n=2025_op_37_seibutsukiso.pdf,自律神経系=じりつしんけいけい｜内分泌系=ないぶんぴつけい｜血糖濃度=けっとうのうど｜視床下部=ししょうかぶ｜下垂体=かすいたい｜恒常性=こうじょうせい
生物基礎_Deck1_最重要骨格,BB-000060,60,Deck1・最重要骨格,生物の多様性と生態系,生態系とその保全,間接効果,かんせつこうか,なし,BB-000024,BB-000060-C01,identify,ある種の変化が、別の種を介して第三の種へ及ぼす影響を何というか,ある種の変化が、別の種を介して第三の種へ及ぼす影響を何というか。,間接効果,間接効果,捕食者が草食動物を減らし、その結果植物が増えるような影響が例である。,直接効果,間接効果は他の種を介し、直接効果は捕食や競争などで直接及ぶ。,なし,なし,なし,文部科学省「高等学校学習指導要領（平成30年告示）解説 理科編 理数編」,https://www.mext.go.jp/content/20250311-mxt_kyoiku02-100002620_05.pdf,間接効果=かんせつこうか｜捕食者=ほしょくしゃ
生物基礎_Deck1_最重要骨格,BB-000061,61,Deck1・最重要骨格,生物の特徴,遺伝情報とDNA,DNAの二重らせん,でぃーえぬえーのにじゅうらせん,二重らせん構造,BB-000004,BB-000061-C01,identify,DNAで、2本の鎖が互いに巻き合った立体構造を何というか,DNAで、2本の鎖が互いに巻き合った立体構造を何というか。,DNAの二重らせん,DNAの二重らせん｜二重らせん構造,2本のDNA鎖は相補的な塩基対によって結び付く。,DNAの複製,二重らせんはDNAの構造、複製はDNAをコピーする過程である。,なし,なし,なし,文部科学省「高等学校学習指導要領（平成30年告示）解説 理科編 理数編」｜米国国立ヒトゲノム研究所「DNA」,https://www.mext.go.jp/content/20250311-mxt_kyoiku02-100002620_05.pdf｜https://www.genome.gov/genetics-glossary/Deoxyribonucleic-Acid-DNA,DNAの二重らせん=でぃーえぬえーのにじゅうらせん｜立体構造=りったいこうぞう｜塩基対=えんきつい｜相補的=そうほてき
生物基礎_Deck1_最重要骨格,BB-000062,62,Deck1・最重要骨格,ヒトの体の調節,情報の伝達,標的器官,ひょうてききかん,標的組織,BB-000008,BB-000062-C01,identify,特定のホルモンに反応する受容体をもち、そのホルモンの作用を受ける器官を何というか,特定のホルモンに反応する受容体をもち、そのホルモンの作用を受ける器官を何というか。,標的器官,標的器官｜標的組織,同じホルモンが血液で全身へ運ばれても、受容体をもつ標的器官に主に作用する。,内分泌腺,標的器官はホルモンを受け取る側、内分泌腺はホルモンを分泌する側である。,なし,なし,なし,文部科学省「高等学校学習指導要領（平成30年告示）解説 理科編 理数編」,https://www.mext.go.jp/content/20250311-mxt_kyoiku02-100002620_05.pdf,ホルモン=ほるもん｜標的器官=ひょうてききかん｜血液=けつえき
生物基礎_Deck1_最重要骨格,BB-000063,63,Deck1・最重要骨格,生物の多様性と生態系,植生と遷移,植生,しょくせい,なし,なし,BB-000063-C01,identify,ある場所を覆っている植物の集まりを何というか,ある場所を覆っている植物の集まりを何というか。,植生,植生,植生は気候、土壌、地形、人間活動などの影響を受ける。,植物群落,植生は地域を覆う植物全体の様相、植物群落は同じ場所で共存する植物種のまとまりを指す。,なし,なし,なし,文部科学省「高等学校学習指導要領（平成30年告示）解説 理科編 理数編」｜環境省 生物多様性センター「植生調査」,https://www.mext.go.jp/content/20250311-mxt_kyoiku02-100002620_05.pdf｜https://www.biodic.go.jp/kiso/vg/vg_kiso.html,植生=しょくせい
生物基礎_Deck1_最重要骨格,BB-000064,64,Deck1・最重要骨格,生物の特徴,遺伝情報とDNA,塩基の相補性,えんきのそうほせい,なし,BB-000004,BB-000064-C01,identify,DNAで、アデニンはチミン、グアニンはシトシンと決まって対になる性質を何というか,DNAで、アデニンはチミン、グアニンはシトシンと決まって対になる性質を何というか。,塩基の相補性,塩基の相補性,一方の鎖の塩基配列が分かれば、もう一方の鎖の配列を決められる。,塩基対,相補性は決まった組合せになる性質、塩基対は実際に対をつくった二つの塩基である。,なし,なし,なし,文部科学省「高等学校学習指導要領（平成30年告示）解説 理科編 理数編」｜米国国立ヒトゲノム研究所「DNA」,https://www.mext.go.jp/content/20250311-mxt_kyoiku02-100002620_05.pdf｜https://www.genome.gov/genetics-glossary/Deoxyribonucleic-Acid-DNA,塩基の相補性=えんきのそうほせい｜アデニン=あでにん｜グアニン=ぐあにん｜シトシン=しとしん｜塩基配列=えんきはいれつ｜チミン=ちみん
生物基礎_Deck1_最重要骨格,BB-000065,65,Deck1・最重要骨格,ヒトの体の調節,体内環境の維持,血糖濃度,けっとうのうど,血糖値,なし,BB-000065-C01,identify,血液中に含まれるグルコースの濃度を何というか,血液中に含まれるグルコースの濃度を何というか。,血糖濃度,血糖濃度｜血糖値,血糖濃度はインスリンやグルカゴンなどによって一定範囲に調節される。,血しょう浸透圧,血糖濃度は血液中のグルコース量、血しょう浸透圧は溶質全体に関係する。,なし,なし,なし,文部科学省「高等学校学習指導要領（平成30年告示）解説 理科編 理数編」｜大学入試センター「令和7年度大学入学共通テスト 生物基礎」,https://www.mext.go.jp/content/20250311-mxt_kyoiku02-100002620_05.pdf｜https://www.dnc.ac.jp/albums/abm.php?d=771&f=abm00005960.pdf&n=2025_op_37_seibutsukiso.pdf,インスリン=いんすりん｜グルカゴン=ぐるかごん｜グルコース=ぐるこーす｜血糖濃度=けっとうのうど｜血液=けつえき
生物基礎_Deck1_最重要骨格,BB-000066,66,Deck1・最重要骨格,生物の多様性と生態系,植生と遷移,相観,そうかん,なし,BB-000063,BB-000066-C01,identify,森林・草原など、植生を外見上の特徴によって捉えた姿を何というか,森林・草原など、植生を外見上の特徴によって捉えた姿を何というか。,相観,相観,相観は優占する植物の生活形や高さなどによって決まる。,植生,植生は植物の集まり全体、相観はその外見的な特徴である。,なし,なし,なし,文部科学省「高等学校学習指導要領（平成30年告示）解説 理科編 理数編」｜環境省 生物多様性センター「植生調査」,https://www.mext.go.jp/content/20250311-mxt_kyoiku02-100002620_05.pdf｜https://www.biodic.go.jp/kiso/vg/vg_kiso.html,植生=しょくせい｜相観=そうかん｜草原=そうげん
生物基礎_Deck1_最重要骨格,BB-000067,67,Deck1・最重要骨格,生物の特徴,遺伝情報とDNA,DNAの複製,でぃーえぬえーのふくせい,なし,BB-000004｜BB-000064,BB-000067-C01,identify,細胞分裂の前にDNAを同じ情報をもつ2組へ増やす過程を何というか,細胞分裂の前にDNAを同じ情報をもつ2組へ増やす過程を何というか。,DNAの複製,DNAの複製,DNAは塩基の相補性を利用して複製される。,転写,複製はDNAからDNAをつくり、転写はDNAからRNAをつくる。,なし,なし,なし,文部科学省「高等学校学習指導要領（平成30年告示）解説 理科編 理数編」｜大学入試センター「令和7年度大学入学共通テスト 生物基礎」,https://www.mext.go.jp/content/20250311-mxt_kyoiku02-100002620_05.pdf｜https://www.dnc.ac.jp/albums/abm.php?d=771&f=abm00005960.pdf&n=2025_op_37_seibutsukiso.pdf,DNAの複製=でぃーえぬえーのふくせい｜塩基の相補性=えんきのそうほせい｜細胞=さいぼう
生物基礎_Deck1_最重要骨格,BB-000068,68,Deck1・最重要骨格,ヒトの体の調節,体内環境の維持,ランゲルハンス島,らんげるはんすとう,膵島,なし,BB-000068-C01,identify,膵臓内に点在し、インスリンやグルカゴンを分泌する内分泌組織を何というか,膵臓内に点在し、インスリンやグルカゴンを分泌する内分泌組織を何というか。,ランゲルハンス島,ランゲルハンス島｜膵島,β細胞がインスリン、α細胞がグルカゴンを分泌する。,膵臓,膵臓は器官全体、ランゲルハンス島はその中の内分泌組織である。,なし,なし,なし,文部科学省「高等学校学習指導要領（平成30年告示）解説 理科編 理数編」｜大学入試センター「令和7年度大学入学共通テスト 生物基礎」,https://www.mext.go.jp/content/20250311-mxt_kyoiku02-100002620_05.pdf｜https://www.dnc.ac.jp/albums/abm.php?d=771&f=abm00005960.pdf&n=2025_op_37_seibutsukiso.pdf,ランゲルハンス島=らんげるはんすとう｜インスリン=いんすりん｜グルカゴン=ぐるかごん｜α細胞=あるふぁさいぼう｜β細胞=べーたさいぼう｜膵臓=すいぞう
生物基礎_Deck1_最重要骨格,BB-000069,69,Deck1・最重要骨格,生物の多様性と生態系,植生と遷移,優占種,ゆうせんしゅ,なし,なし,BB-000069-C01,identify,群落の中で個体数、被度、現存量などが大きく、その群落を特徴づける種を何というか,群落の中で個体数、被度、現存量などが大きく、その群落を特徴づける種を何というか。,優占種,優占種,優占種は群落の相観や環境へ大きな影響を与える。,キーストーン種,優占種は量的に多い種、キーストーン種は量が少なくても影響が大きい種である。,なし,なし,なし,文部科学省「高等学校学習指導要領（平成30年告示）解説 理科編 理数編」｜環境省 生物多様性センター「植生調査」,https://www.mext.go.jp/content/20250311-mxt_kyoiku02-100002620_05.pdf｜https://www.biodic.go.jp/kiso/vg/vg_kiso.html,優占種=ゆうせんしゅ｜現存量=げんそんりょう｜相観=そうかん｜被度=ひど
生物基礎_Deck1_最重要骨格,BB-000070,70,Deck1・最重要骨格,生物の特徴,遺伝情報とタンパク質の合成,転写,てんしゃ,なし,BB-000004,BB-000070-C01,identify,DNAの塩基配列をもとにRNAが合成される過程を何というか,DNAの塩基配列をもとにRNAが合成される過程を何というか。,転写,転写,真核細胞では、転写は主に核内で行われる。,翻訳,転写はDNAからRNA、翻訳はmRNAからタンパク質への情報変換である。,なし,なし,なし,文部科学省「高等学校学習指導要領（平成30年告示）解説 理科編 理数編」｜大学入試センター「令和7年度大学入学共通テスト 生物基礎」,https://www.mext.go.jp/content/20250311-mxt_kyoiku02-100002620_05.pdf｜https://www.dnc.ac.jp/albums/abm.php?d=771&f=abm00005960.pdf&n=2025_op_37_seibutsukiso.pdf,塩基配列=えんきはいれつ｜真核細胞=しんかくさいぼう｜転写=てんしゃ
生物基礎_Deck1_最重要骨格,BB-000071,71,Deck1・最重要骨格,ヒトの体の調節,体内環境の維持,β細胞,べーたさいぼう,B細胞（膵島）,BB-000068｜BB-000011,BB-000071-C01,identify,膵臓のランゲルハンス島でインスリンを分泌する細胞は何か,膵臓のランゲルハンス島でインスリンを分泌する細胞は何か。,β細胞,β細胞｜B細胞（膵島）,血糖濃度が高いとき、β細胞からのインスリン分泌が増える。,B細胞,β細胞は膵島の内分泌細胞でインスリンを分泌し、B細胞は抗体産生に関わるリンパ球である。,なし,なし,なし,文部科学省「高等学校学習指導要領（平成30年告示）解説 理科編 理数編」｜大学入試センター「令和7年度大学入学共通テスト 生物基礎」,https://www.mext.go.jp/content/20250311-mxt_kyoiku02-100002620_05.pdf｜https://www.dnc.ac.jp/albums/abm.php?d=771&f=abm00005960.pdf&n=2025_op_37_seibutsukiso.pdf,ランゲルハンス島=らんげるはんすとう｜インスリン=いんすりん｜血糖濃度=けっとうのうど｜β細胞=べーたさいぼう｜膵臓=すいぞう
生物基礎_Deck1_最重要骨格,BB-000072,72,Deck1・最重要骨格,生物の多様性と生態系,植生と遷移,階層構造,かいそうこうぞう,なし,BB-000063,BB-000072-C01,identify,森林で植物が高さに応じて林冠・亜高木層・低木層・草本層などに分かれる構造を何というか,森林で植物が高さに応じて林冠・亜高木層・低木層・草本層などに分かれる構造を何というか。,階層構造,階層構造,光の利用や生育場所の違いにより、森林内に垂直方向の層が形成される。,垂直分布,階層構造は一つの森林内の層、垂直分布は標高に沿う植生帯の変化である。,なし,なし,なし,文部科学省「高等学校学習指導要領（平成30年告示）解説 理科編 理数編」｜環境省 生物多様性センター「植生調査」,https://www.mext.go.jp/content/20250311-mxt_kyoiku02-100002620_05.pdf｜https://www.biodic.go.jp/kiso/vg/vg_kiso.html,亜高木層=あこうぼくそう｜階層構造=かいそうこうぞう｜低木層=ていぼくそう｜草本層=そうほんそう｜林冠=りんかん
生物基礎_Deck1_最重要骨格,BB-000073,73,Deck1・最重要骨格,生物の特徴,遺伝情報とタンパク質の合成,翻訳,ほんやく,なし,なし,BB-000073-C01,identify,mRNAの塩基配列をもとにアミノ酸が並べられ、タンパク質が合成される過程を何というか,mRNAの塩基配列をもとにアミノ酸が並べられ、タンパク質が合成される過程を何というか。,翻訳,翻訳,翻訳はリボソームで行われる。,転写,翻訳はmRNAからタンパク質、転写はDNAからRNAへの情報変換である。,なし,なし,なし,文部科学省「高等学校学習指導要領（平成30年告示）解説 理科編 理数編」｜大学入試センター「令和7年度大学入学共通テスト 生物基礎」,https://www.mext.go.jp/content/20250311-mxt_kyoiku02-100002620_05.pdf｜https://www.dnc.ac.jp/albums/abm.php?d=771&f=abm00005960.pdf&n=2025_op_37_seibutsukiso.pdf,タンパク質=たんぱくしつ｜リボソーム=りぼそーむ｜アミノ酸=あみのさん｜塩基配列=えんきはいれつ｜翻訳=ほんやく
生物基礎_Deck1_最重要骨格,BB-000074,74,Deck1・最重要骨格,ヒトの体の調節,体内環境の維持,α細胞,あるふぁさいぼう,A細胞（膵島）,BB-000068｜BB-000014,BB-000074-C01,identify,膵臓のランゲルハンス島でグルカゴンを分泌する細胞は何か,膵臓のランゲルハンス島でグルカゴンを分泌する細胞は何か。,α細胞,α細胞｜A細胞（膵島）,血糖濃度が低いとき、α細胞からのグルカゴン分泌が増える。,β細胞,α細胞はグルカゴン、β細胞はインスリンを分泌する。,なし,なし,なし,文部科学省「高等学校学習指導要領（平成30年告示）解説 理科編 理数編」｜大学入試センター「令和7年度大学入学共通テスト 生物基礎」,https://www.mext.go.jp/content/20250311-mxt_kyoiku02-100002620_05.pdf｜https://www.dnc.ac.jp/albums/abm.php?d=771&f=abm00005960.pdf&n=2025_op_37_seibutsukiso.pdf,ランゲルハンス島=らんげるはんすとう｜グルカゴン=ぐるかごん｜血糖濃度=けっとうのうど｜α細胞=あるふぁさいぼう｜膵臓=すいぞう
生物基礎_Deck1_最重要骨格,BB-000075,75,Deck1・最重要骨格,生物の多様性と生態系,植生と遷移,林冠,りんかん,なし,BB-000072,BB-000075-C01,identify,森林の最上部で、高木の枝葉が連なってつくる層を何というか,森林の最上部で、高木の枝葉が連なってつくる層を何というか。,林冠,林冠,林冠は多くの光を受け、森林内部へ届く光量を左右する。,林床,林冠は森林上部の枝葉の層、林床は森林の地表面付近である。,なし,なし,なし,文部科学省「高等学校学習指導要領（平成30年告示）解説 理科編 理数編」｜環境省 生物多様性センター「植生調査」,https://www.mext.go.jp/content/20250311-mxt_kyoiku02-100002620_05.pdf｜https://www.biodic.go.jp/kiso/vg/vg_kiso.html,林冠=りんかん
生物基礎_Deck1_最重要骨格,BB-000076,76,Deck1・最重要骨格,生物の特徴,遺伝情報とタンパク質の合成,mRNA,えむあーるえぬえー,伝令RNA｜メッセンジャーRNA,BB-000070,BB-000076-C01,identify,DNAから転写された情報をリボソームへ運ぶRNAを何というか,DNAから転写された情報をリボソームへ運ぶRNAを何というか。,mRNA,mRNA｜伝令RNA｜メッセンジャーRNA,mRNAの塩基配列は、翻訳の際にアミノ酸配列を指定する。,DNA,mRNAはDNAの情報を写して運ぶ一時的な分子である。,なし,なし,なし,文部科学省「高等学校学習指導要領（平成30年告示）解説 理科編 理数編」｜大学入試センター「令和7年度大学入学共通テスト 生物基礎」,https://www.mext.go.jp/content/20250311-mxt_kyoiku02-100002620_05.pdf｜https://www.dnc.ac.jp/albums/abm.php?d=771&f=abm00005960.pdf&n=2025_op_37_seibutsukiso.pdf,アミノ酸配列=あみのさんはいれつ｜リボソーム=りぼそーむ｜塩基配列=えんきはいれつ｜翻訳=ほんやく｜転写=てんしゃ
生物基礎_Deck1_最重要骨格,BB-000077,77,Deck1・最重要骨格,ヒトの体の調節,免疫,体液性免疫,たいえきせいめんえき,なし,BB-000020｜BB-000029｜BB-000023,BB-000077-C01,identify,B細胞がつくる抗体を中心として病原体を排除する獲得免疫を何というか,B細胞がつくる抗体を中心として病原体を排除する獲得免疫を何というか。,体液性免疫,体液性免疫,抗体は血液やリンパ液などの体液中で抗原に結合する。,細胞性免疫,体液性免疫は抗体が中心、細胞性免疫はキラーT細胞による直接攻撃が中心である。,なし,なし,なし,文部科学省「高等学校学習指導要領（平成30年告示）解説 理科編 理数編」｜米国国立医学図書館 MedlinePlus「Immune response」,https://www.mext.go.jp/content/20250311-mxt_kyoiku02-100002620_05.pdf｜https://medlineplus.gov/ency/article/000821.htm,体液性免疫=たいえきせいめんえき｜リンパ液=りんぱえき｜獲得免疫=かくとくめんえき｜B細胞=びーさいぼう｜抗体=こうたい｜抗原=こうげん
生物基礎_Deck1_最重要骨格,BB-000078,78,Deck1・最重要骨格,生物の多様性と生態系,植生と遷移,亜高木層,あこうぼくそう,なし,BB-000072,BB-000078-C01,identify,森林の階層構造で、高木層の下にある比較的低い木本の層を何というか,森林の階層構造で、高木層の下にある比較的低い木本の層を何というか。,亜高木層,亜高木層,亜高木層は林冠の下で中程度の光を利用する樹木からなる。,低木層,亜高木層は低木層より高い木本からなる。,なし,なし,なし,文部科学省「高等学校学習指導要領（平成30年告示）解説 理科編 理数編」｜環境省 生物多様性センター「植生調査」,https://www.mext.go.jp/content/20250311-mxt_kyoiku02-100002620_05.pdf｜https://www.biodic.go.jp/kiso/vg/vg_kiso.html,亜高木層=あこうぼくそう｜階層構造=かいそうこうぞう｜木本=もくほん｜林冠=りんかん
生物基礎_Deck1_最重要骨格,BB-000079,79,Deck1・最重要骨格,生物の特徴,遺伝情報とタンパク質の合成,タンパク質,たんぱくしつ,なし,なし,BB-000079-C01,identify,多数のアミノ酸がつながってでき、酵素や体の構造などとして働く物質は何か,多数のアミノ酸がつながってでき、酵素や体の構造などとして働く物質は何か。,タンパク質,タンパク質,タンパク質の種類と働きはアミノ酸配列に大きく左右される。,アミノ酸,アミノ酸は材料、タンパク質は多数のアミノ酸がつながった分子である。,なし,なし,なし,文部科学省「高等学校学習指導要領（平成30年告示）解説 理科編 理数編」,https://www.mext.go.jp/content/20250311-mxt_kyoiku02-100002620_05.pdf,アミノ酸配列=あみのさんはいれつ｜タンパク質=たんぱくしつ｜酵素=こうそ
生物基礎_Deck1_最重要骨格,BB-000080,80,Deck1・最重要骨格,ヒトの体の調節,免疫,細胞性免疫,さいぼうせいめんえき,なし,BB-000020｜BB-000035,BB-000080-C01,identify,キラーT細胞が感染細胞などを直接攻撃する獲得免疫を何というか,キラーT細胞が感染細胞などを直接攻撃する獲得免疫を何というか。,細胞性免疫,細胞性免疫,細胞性免疫はウイルス感染細胞、がん細胞、移植片などの排除に関わる。,体液性免疫,細胞性免疫はT細胞が直接攻撃し、体液性免疫は抗体が中心である。,なし,なし,なし,文部科学省「高等学校学習指導要領（平成30年告示）解説 理科編 理数編」｜米国国立医学図書館 MedlinePlus「Immune response」,https://www.mext.go.jp/content/20250311-mxt_kyoiku02-100002620_05.pdf｜https://medlineplus.gov/ency/article/000821.htm,キラーT細胞=きらーてぃーさいぼう｜細胞性免疫=さいぼうせいめんえき｜獲得免疫=かくとくめんえき
生物基礎_Deck1_最重要骨格,BB-000081,81,Deck1・最重要骨格,生物の多様性と生態系,植生と遷移,低木層,ていぼくそう,なし,BB-000072,BB-000081-C01,identify,森林の階層構造で、亜高木層より下にある低い木本の層を何というか,森林の階層構造で、亜高木層より下にある低い木本の層を何というか。,低木層,低木層,低木層は林床近くの弱い光に適応した低木などからなる。,草本層,低木層は木本、草本層は草本植物が中心である。,なし,なし,なし,文部科学省「高等学校学習指導要領（平成30年告示）解説 理科編 理数編」｜環境省 生物多様性センター「植生調査」,https://www.mext.go.jp/content/20250311-mxt_kyoiku02-100002620_05.pdf｜https://www.biodic.go.jp/kiso/vg/vg_kiso.html,亜高木層=あこうぼくそう｜階層構造=かいそうこうぞう｜低木層=ていぼくそう｜木本=もくほん｜林床=りんしょう
生物基礎_Deck1_最重要骨格,BB-000082,82,Deck1・最重要骨格,生物の特徴,遺伝情報とタンパク質の合成,アミノ酸,あみのさん,なし,なし,BB-000082-C01,identify,タンパク質を構成する基本単位となる有機物は何か,タンパク質を構成する基本単位となる有機物は何か。,アミノ酸,アミノ酸,翻訳では、mRNAのコドンに対応する順序でアミノ酸がつながる。,ヌクレオチド,アミノ酸はタンパク質、ヌクレオチドは核酸の構成単位である。,なし,なし,なし,文部科学省「高等学校学習指導要領（平成30年告示）解説 理科編 理数編」,https://www.mext.go.jp/content/20250311-mxt_kyoiku02-100002620_05.pdf,タンパク質=たんぱくしつ｜アミノ酸=あみのさん｜コドン=こどん｜有機物=ゆうきぶつ｜翻訳=ほんやく
生物基礎_Deck1_最重要骨格,BB-000083,83,Deck1・最重要骨格,ヒトの体の調節,免疫,マクロファージ,まくろふぁーじ,大食細胞,BB-000044,BB-000083-C01,identify,食作用を行い、取り込んだ異物の情報をヘルパーT細胞へ提示する食細胞は何か,食作用を行い、取り込んだ異物の情報をヘルパーT細胞へ提示する食細胞は何か。,マクロファージ,マクロファージ｜大食細胞,マクロファージは自然免疫に働くとともに、抗原提示を通じて獲得免疫にもつなぐ。,好中球,両者とも食作用を行うが、マクロファージは抗原提示にも重要である。,なし,なし,なし,文部科学省「高等学校学習指導要領（平成30年告示）解説 理科編 理数編」｜米国国立医学図書館 MedlinePlus「Immune response」,https://www.mext.go.jp/content/20250311-mxt_kyoiku02-100002620_05.pdf｜https://medlineplus.gov/ency/article/000821.htm,ヘルパーT細胞=へるぱーてぃーさいぼう｜マクロファージ=まくろふぁーじ｜抗原提示=こうげんていじ｜獲得免疫=かくとくめんえき｜自然免疫=しぜんめんえき｜食作用=しょくさよう
生物基礎_Deck1_最重要骨格,BB-000084,84,Deck1・最重要骨格,生物の多様性と生態系,植生と遷移,草本層,そうほんそう,なし,BB-000072,BB-000084-C01,identify,森林の階層構造で、草本植物がつくる地表近くの層を何というか,森林の階層構造で、草本植物がつくる地表近くの層を何というか。,草本層,草本層,草本層の植物は林冠を通過した弱い光を利用する。,低木層,草本層は草本植物、低木層は木本植物が中心である。,なし,なし,なし,文部科学省「高等学校学習指導要領（平成30年告示）解説 理科編 理数編」｜環境省 生物多様性センター「植生調査」,https://www.mext.go.jp/content/20250311-mxt_kyoiku02-100002620_05.pdf｜https://www.biodic.go.jp/kiso/vg/vg_kiso.html,階層構造=かいそうこうぞう｜草本層=そうほんそう｜林冠=りんかん
生物基礎_Deck1_最重要骨格,BB-000085,85,Deck1・最重要骨格,生物の特徴,遺伝情報とタンパク質の合成,コドン,こどん,なし,BB-000076｜BB-000082,BB-000085-C01,identify,mRNA上で、一つのアミノ酸などを指定する連続した3個の塩基を何というか,mRNA上で、一つのアミノ酸などを指定する連続した3個の塩基を何というか。,コドン,コドン,コドンとアミノ酸の対応関係に基づいて翻訳が進む。,遺伝子,コドンはmRNA上の3塩基、遺伝子はDNA上のより大きな情報単位である。,なし,なし,なし,文部科学省「高等学校学習指導要領（平成30年告示）解説 理科編 理数編」｜大学入試センター「令和7年度大学入学共通テスト 生物基礎」,https://www.mext.go.jp/content/20250311-mxt_kyoiku02-100002620_05.pdf｜https://www.dnc.ac.jp/albums/abm.php?d=771&f=abm00005960.pdf&n=2025_op_37_seibutsukiso.pdf,アミノ酸=あみのさん｜コドン=こどん｜翻訳=ほんやく
生物基礎_Deck1_最重要骨格,BB-000086,86,Deck1・最重要骨格,ヒトの体の調節,免疫,樹状細胞,じゅじょうさいぼう,なし,BB-000044,BB-000086-C01,identify,異物を取り込み、抗原提示によってT細胞を活性化することに特に優れた細胞は何か,異物を取り込み、抗原提示によってT細胞を活性化することに特に優れた細胞は何か。,樹状細胞,樹状細胞,樹状細胞は自然免疫と獲得免疫をつなぐ主要な抗原提示細胞である。,マクロファージ,樹状細胞はT細胞への抗原提示に特に優れ、マクロファージは食作用と組織内での防御も担う。,なし,なし,なし,文部科学省「高等学校学習指導要領（平成30年告示）解説 理科編 理数編」｜米国国立医学図書館 MedlinePlus「Immune response」,https://www.mext.go.jp/content/20250311-mxt_kyoiku02-100002620_05.pdf｜https://medlineplus.gov/ency/article/000821.htm,抗原提示細胞=こうげんていじさいぼう｜樹状細胞=じゅじょうさいぼう｜獲得免疫=かくとくめんえき｜自然免疫=しぜんめんえき｜T細胞=てぃーさいぼう
生物基礎_Deck1_最重要骨格,BB-000087,87,Deck1・最重要骨格,生物の多様性と生態系,植生と遷移,林床,りんしょう,なし,BB-000075,BB-000087-C01,identify,森林内の地表面付近を何というか,森林内の地表面付近を何というか。,林床,林床,林床には落葉や腐植がたまり、林冠下では光が弱いことが多い。,林冠,林床は地表付近、林冠は森林の最上部である。,なし,なし,なし,文部科学省「高等学校学習指導要領（平成30年告示）解説 理科編 理数編」｜環境省 生物多様性センター「植生調査」,https://www.mext.go.jp/content/20250311-mxt_kyoiku02-100002620_05.pdf｜https://www.biodic.go.jp/kiso/vg/vg_kiso.html,林冠=りんかん｜林床=りんしょう｜落葉=らくよう
生物基礎_Deck1_最重要骨格,BB-000088,88,Deck1・最重要骨格,生物の特徴,遺伝情報とタンパク質の合成,遺伝子発現,いでんしはつげん,なし,BB-000010｜BB-000070｜BB-000073,BB-000088-C01,identify,遺伝子の情報がRNAやタンパク質として現れ、機能することを何というか,遺伝子の情報がRNAやタンパク質として現れ、機能することを何というか。,遺伝子発現,遺伝子発現,細胞ごとに発現する遺伝子が異なるため、同じDNAをもつ細胞でも性質が異なる。,遺伝情報,遺伝情報は保存された情報、遺伝子発現はその情報が利用されることを指す。,なし,なし,なし,文部科学省「高等学校学習指導要領（平成30年告示）解説 理科編 理数編」,https://www.mext.go.jp/content/20250311-mxt_kyoiku02-100002620_05.pdf,タンパク質=たんぱくしつ｜遺伝子発現=いでんしはつげん｜細胞=さいぼう
生物基礎_Deck1_最重要骨格,BB-000089,89,Deck1・最重要骨格,ヒトの体の調節,免疫,好中球,こうちゅうきゅう,なし,BB-000044,BB-000089-C01,identify,血液中に多く、感染部位へ移動して食作用を行う白血球は何か,血液中に多く、感染部位へ移動して食作用を行う白血球は何か。,好中球,好中球,好中球は自然免疫の初期に働き、細菌などを取り込んで分解する。,マクロファージ,好中球は血液から感染部位へ速く集まり、マクロファージは組織での食作用や抗原提示も担う。,なし,なし,なし,文部科学省「高等学校学習指導要領（平成30年告示）解説 理科編 理数編」｜米国国立医学図書館 MedlinePlus「Immune response」,https://www.mext.go.jp/content/20250311-mxt_kyoiku02-100002620_05.pdf｜https://medlineplus.gov/ency/article/000821.htm,自然免疫=しぜんめんえき｜好中球=こうちゅうきゅう｜白血球=はっけっきゅう｜食作用=しょくさよう｜血液=けつえき
生物基礎_Deck1_最重要骨格,BB-000090,90,Deck1・最重要骨格,生物の多様性と生態系,植生と遷移,遷移,せんい,なし,なし,BB-000090-C01,identify,ある場所の植生が時間とともに別の植生へ変化していく過程を何というか,ある場所の植生が時間とともに別の植生へ変化していく過程を何というか。,遷移,遷移,環境条件と生物の相互作用によって、草原から森林へ進む場合などがある。,進化,遷移は同じ場所の群集の時間変化、進化は世代を通じた生物集団の遺伝的変化である。,なし,なし,なし,文部科学省「高等学校学習指導要領（平成30年告示）解説 理科編 理数編」｜大学入試センター「令和7年度大学入学共通テスト 生物基礎」,https://www.mext.go.jp/content/20250311-mxt_kyoiku02-100002620_05.pdf｜https://www.dnc.ac.jp/albums/abm.php?d=771&f=abm00005960.pdf&n=2025_op_37_seibutsukiso.pdf,植生=しょくせい｜草原=そうげん｜遷移=せんい
生物基礎_Deck1_最重要骨格,BB-000091,91,Deck1・最重要骨格,生物の特徴,遺伝情報とDNA,細胞周期,さいぼうしゅうき,なし,なし,BB-000091-C01,identify,一つの細胞分裂が終わってから次の細胞分裂が終わるまでの一連の過程を何というか,一つの細胞分裂が終わってから次の細胞分裂が終わるまでの一連の過程を何というか。,細胞周期,細胞周期,細胞周期は間期と分裂期に大別される。,体細胞分裂,細胞周期は分裂を含む全期間、体細胞分裂はそのうち核と細胞が分かれる過程である。,なし,なし,なし,文部科学省「高等学校学習指導要領（平成30年告示）解説 理科編 理数編」｜大学入試センター「令和7年度大学入学共通テスト 生物基礎」,https://www.mext.go.jp/content/20250311-mxt_kyoiku02-100002620_05.pdf｜https://www.dnc.ac.jp/albums/abm.php?d=771&f=abm00005960.pdf&n=2025_op_37_seibutsukiso.pdf,細胞周期=さいぼうしゅうき｜分裂期=ぶんれつき｜間期=かんき
生物基礎_Deck1_最重要骨格,BB-000092,92,Deck1・最重要骨格,ヒトの体の調節,免疫,形質細胞,けいしつさいぼう,抗体産生細胞,BB-000029｜BB-000023,BB-000092-C01,identify,抗原刺激を受けたB細胞から分化し、抗体を大量に分泌する細胞は何か,抗原刺激を受けたB細胞から分化し、抗体を大量に分泌する細胞は何か。,形質細胞,形質細胞｜抗体産生細胞,形質細胞が分泌する抗体は、対応する抗原へ特異的に結合する。,記憶細胞,形質細胞は抗体を分泌し、記憶細胞は再感染に備えて長く残る。,なし,なし,なし,文部科学省「高等学校学習指導要領（平成30年告示）解説 理科編 理数編」｜米国国立医学図書館 MedlinePlus「Immune response」,https://www.mext.go.jp/content/20250311-mxt_kyoiku02-100002620_05.pdf｜https://medlineplus.gov/ency/article/000821.htm,形質細胞=けいしつさいぼう｜B細胞=びーさいぼう｜抗体=こうたい｜抗原=こうげん
生物基礎_Deck1_最重要骨格,BB-000093,93,Deck1・最重要骨格,生物の多様性と生態系,植生と遷移,一次遷移,いちじせんい,なし,BB-000090,BB-000093-C01,identify,火山噴出物や新しい岩石地など、土壌がほとんどない場所から始まる遷移を何というか,火山噴出物や新しい岩石地など、土壌がほとんどない場所から始まる遷移を何というか。,一次遷移,一次遷移,地衣類やコケ植物などが侵入し、風化と有機物の蓄積により土壌が形成される。,二次遷移,一次遷移は土壌のない場所から、二次遷移は土壌が残る場所から始まる。,なし,なし,なし,文部科学省「高等学校学習指導要領（平成30年告示）解説 理科編 理数編」｜大学入試センター「令和7年度大学入学共通テスト 生物基礎」,https://www.mext.go.jp/content/20250311-mxt_kyoiku02-100002620_05.pdf｜https://www.dnc.ac.jp/albums/abm.php?d=771&f=abm00005960.pdf&n=2025_op_37_seibutsukiso.pdf,コケ植物=こけしょくぶつ｜一次遷移=いちじせんい｜地衣類=ちいるい｜有機物=ゆうきぶつ｜風化=ふうか
生物基礎_Deck1_最重要骨格,BB-000094,94,Deck1・最重要骨格,生物の特徴,遺伝情報とDNA,間期,かんき,なし,BB-000091,BB-000094-C01,identify,細胞周期のうち、DNA複製や成長が行われる分裂期以外の時期を何というか,細胞周期のうち、DNA複製や成長が行われる分裂期以外の時期を何というか。,間期,間期,間期はG1期、S期、G2期からなる。,分裂期,間期ではDNA複製や成長が進み、分裂期では核と細胞質が分かれる。,なし,なし,なし,文部科学省「高等学校学習指導要領（平成30年告示）解説 理科編 理数編」｜大学入試センター「令和7年度大学入学共通テスト 生物基礎」,https://www.mext.go.jp/content/20250311-mxt_kyoiku02-100002620_05.pdf｜https://www.dnc.ac.jp/albums/abm.php?d=771&f=abm00005960.pdf&n=2025_op_37_seibutsukiso.pdf,細胞周期=さいぼうしゅうき｜G1期=じーわんき｜G2期=じーつーき｜分裂期=ぶんれつき｜S期=えすき｜間期=かんき
生物基礎_Deck1_最重要骨格,BB-000095,95,Deck1・最重要骨格,ヒトの体の調節,免疫,一次応答,いちじおうとう,なし,BB-000020,BB-000095-C01,identify,ある抗原が初めて体内へ入ったときに起こる獲得免疫の応答を何というか,ある抗原が初めて体内へ入ったときに起こる獲得免疫の応答を何というか。,一次応答,一次応答,一次応答は抗体量が増えるまで時間がかかるが、記憶細胞が形成される。,二次応答,一次応答は初回で遅く弱め、二次応答は再侵入時に速く強い。,なし,なし,なし,文部科学省「高等学校学習指導要領（平成30年告示）解説 理科編 理数編」｜米国国立医学図書館 MedlinePlus「Immune response」,https://www.mext.go.jp/content/20250311-mxt_kyoiku02-100002620_05.pdf｜https://medlineplus.gov/ency/article/000821.htm,一次応答=いちじおうとう｜獲得免疫=かくとくめんえき｜記憶細胞=きおくさいぼう｜抗体=こうたい｜抗原=こうげん
生物基礎_Deck1_最重要骨格,BB-000096,96,Deck1・最重要骨格,生物の多様性と生態系,植生と遷移,二次遷移,にじせんい,なし,BB-000090,BB-000096-C01,identify,山火事や伐採後など、土壌や種子などが残る場所から再び進む遷移を何というか,山火事や伐採後など、土壌や種子などが残る場所から再び進む遷移を何というか。,二次遷移,二次遷移,土壌があるため、一般に一次遷移より速く進む。,一次遷移,二次遷移は土壌が残り、一次遷移は土壌のない場所から始まる。,なし,なし,なし,文部科学省「高等学校学習指導要領（平成30年告示）解説 理科編 理数編」｜大学入試センター「令和7年度大学入学共通テスト 生物基礎」,https://www.mext.go.jp/content/20250311-mxt_kyoiku02-100002620_05.pdf｜https://www.dnc.ac.jp/albums/abm.php?d=771&f=abm00005960.pdf&n=2025_op_37_seibutsukiso.pdf,一次遷移=いちじせんい｜二次遷移=にじせんい
生物基礎_Deck1_最重要骨格,BB-000097,97,Deck1・最重要骨格,生物の特徴,遺伝情報とDNA,分裂期,ぶんれつき,M期,BB-000091,BB-000097-C01,identify,細胞周期のうち、核分裂と細胞質分裂が進む時期を何というか,細胞周期のうち、核分裂と細胞質分裂が進む時期を何というか。,分裂期,分裂期｜M期,分裂期はM期とも呼ばれ、複製されたDNAが二つの娘細胞へ分配される。,間期,分裂期では細胞が実際に二つへ分かれ、間期ではその準備が進む。,なし,なし,なし,文部科学省「高等学校学習指導要領（平成30年告示）解説 理科編 理数編」｜大学入試センター「令和7年度大学入学共通テスト 生物基礎」,https://www.mext.go.jp/content/20250311-mxt_kyoiku02-100002620_05.pdf｜https://www.dnc.ac.jp/albums/abm.php?d=771&f=abm00005960.pdf&n=2025_op_37_seibutsukiso.pdf,細胞質分裂=さいぼうしつぶんれつ｜細胞周期=さいぼうしゅうき｜分裂期=ぶんれつき｜娘細胞=むすめさいぼう｜M期=ぶんれつき
生物基礎_Deck1_最重要骨格,BB-000098,98,Deck1・最重要骨格,ヒトの体の調節,免疫,二次応答,にじおうとう,なし,BB-000095｜BB-000038,BB-000098-C01,identify,同じ抗原が再び侵入したとき、一次応答より速く強く起こる獲得免疫の応答を何というか,同じ抗原が再び侵入したとき、一次応答より速く強く起こる獲得免疫の応答を何というか。,二次応答,二次応答,記憶細胞がすばやく増殖・分化するため、抗体などが短時間で多くつくられる。,一次応答,二次応答は再侵入時に速く強く、一次応答は初回で遅い。,なし,なし,なし,文部科学省「高等学校学習指導要領（平成30年告示）解説 理科編 理数編」｜米国国立医学図書館 MedlinePlus「Immune response」,https://www.mext.go.jp/content/20250311-mxt_kyoiku02-100002620_05.pdf｜https://medlineplus.gov/ency/article/000821.htm,一次応答=いちじおうとう｜二次応答=にじおうとう｜獲得免疫=かくとくめんえき｜記憶細胞=きおくさいぼう｜抗体=こうたい｜抗原=こうげん
生物基礎_Deck1_最重要骨格,BB-000099,99,Deck1・最重要骨格,生物の多様性と生態系,植生と遷移,乾性遷移,かんせいせんい,なし,BB-000090,BB-000099-C01,identify,乾燥した裸地から始まり、土壌形成を伴って進む遷移を何というか,乾燥した裸地から始まり、土壌形成を伴って進む遷移を何というか。,乾性遷移,乾性遷移,溶岩上などで始まる一次遷移は、典型的な乾性遷移である。,湿性遷移,乾性遷移は乾いた場所、湿性遷移は湖沼など水分の多い場所から始まる。,なし,なし,なし,文部科学省「高等学校学習指導要領（平成30年告示）解説 理科編 理数編」,https://www.mext.go.jp/content/20250311-mxt_kyoiku02-100002620_05.pdf,一次遷移=いちじせんい｜乾性遷移=かんせいせんい｜土壌形成=どじょうけいせい｜裸地=らち
生物基礎_Deck1_最重要骨格,BB-000100,100,Deck1・最重要骨格,生物の特徴,遺伝情報とDNA,S期,えすき,なし,BB-000094｜BB-000067,BB-000100-C01,identify,細胞周期の間期のうち、DNAが複製される時期を何というか,細胞周期の間期のうち、DNAが複製される時期を何というか。,S期,S期,S期を終えると、細胞当たりのDNA量は複製前の2倍になる。,G1期,S期ではDNA複製が起こり、G1期ではまだDNA複製前である。,なし,なし,なし,文部科学省「高等学校学習指導要領（平成30年告示）解説 理科編 理数編」｜大学入試センター「令和7年度大学入学共通テスト 生物基礎」,https://www.mext.go.jp/content/20250311-mxt_kyoiku02-100002620_05.pdf｜https://www.dnc.ac.jp/albums/abm.php?d=771&f=abm00005960.pdf&n=2025_op_37_seibutsukiso.pdf,DNA量=でぃーえぬえーりょう｜細胞周期=さいぼうしゅうき｜S期=えすき｜間期=かんき
生物基礎_Deck1_最重要骨格,BB-000101,101,Deck1・最重要骨格,ヒトの体の調節,免疫,免疫記憶,めんえききおく,なし,BB-000038｜BB-000098,BB-000101-C01,identify,一度認識した抗原に対して、再侵入時に速く強く反応できる性質を何というか,一度認識した抗原に対して、再侵入時に速く強く反応できる性質を何というか。,免疫記憶,免疫記憶,記憶細胞が長く残ることが免疫記憶の基盤となる。,記憶細胞,免疫記憶は性質・現象、記憶細胞はそれを担う細胞である。,なし,なし,なし,文部科学省「高等学校学習指導要領（平成30年告示）解説 理科編 理数編」｜米国国立医学図書館 MedlinePlus「Immune response」,https://www.mext.go.jp/content/20250311-mxt_kyoiku02-100002620_05.pdf｜https://medlineplus.gov/ency/article/000821.htm,免疫記憶=めんえききおく｜記憶細胞=きおくさいぼう｜抗原=こうげん
生物基礎_Deck1_最重要骨格,BB-000102,102,Deck1・最重要骨格,生物の多様性と生態系,植生と遷移,湿性遷移,しっせいせんい,なし,BB-000090,BB-000102-C01,identify,湖沼など水分の多い場所から始まり、堆積物の増加とともに陸地化して進む遷移を何というか,湖沼など水分の多い場所から始まり、堆積物の増加とともに陸地化して進む遷移を何というか。,湿性遷移,湿性遷移,水生植物の遺体や土砂が堆積し、湿原や草原を経て森林へ進むことがある。,乾性遷移,湿性遷移は水域・湿地、乾性遷移は乾燥した裸地から始まる。,なし,なし,なし,文部科学省「高等学校学習指導要領（平成30年告示）解説 理科編 理数編」,https://www.mext.go.jp/content/20250311-mxt_kyoiku02-100002620_05.pdf,湿性遷移=しっせいせんい｜草原=そうげん
生物基礎_Deck1_最重要骨格,BB-000103,103,Deck1・最重要骨格,生物の特徴,遺伝情報とDNA,体細胞分裂,たいさいぼうぶんれつ,なし,BB-000067｜BB-000091,BB-000103-C01,identify,一つの体細胞から、基本的に同じ遺伝情報をもつ二つの娘細胞が生じる分裂を何というか,一つの体細胞から、基本的に同じ遺伝情報をもつ二つの娘細胞が生じる分裂を何というか。,体細胞分裂,体細胞分裂,体細胞分裂は成長や細胞の補充に関わる。,DNAの複製,DNA複製は遺伝物質を増やす過程、体細胞分裂は複製後のDNAを二細胞へ分ける過程である。,なし,なし,なし,文部科学省「高等学校学習指導要領（平成30年告示）解説 理科編 理数編」｜大学入試センター「令和7年度大学入学共通テスト 生物基礎」,https://www.mext.go.jp/content/20250311-mxt_kyoiku02-100002620_05.pdf｜https://www.dnc.ac.jp/albums/abm.php?d=771&f=abm00005960.pdf&n=2025_op_37_seibutsukiso.pdf,体細胞分裂=たいさいぼうぶんれつ｜遺伝情報=いでんじょうほう｜娘細胞=むすめさいぼう
生物基礎_Deck1_最重要骨格,BB-000104,104,Deck1・最重要骨格,ヒトの体の調節,免疫,ワクチン,わくちん,なし,BB-000041｜BB-000101,BB-000104-C01,identify,病原体の成分や弱毒化・不活化した病原体などを用い、免疫記憶を誘導する製剤を何というか,病原体の成分や弱毒化・不活化した病原体などを用い、免疫記憶を誘導する製剤を何というか。,ワクチン,ワクチン,ワクチン接種後に記憶細胞が形成されると、実際の感染時に二次応答が起こりやすい。,抗血清,ワクチンは能動的に免疫記憶をつくらせ、抗血清は完成した抗体を含む。,なし,なし,なし,文部科学省「高等学校学習指導要領（平成30年告示）解説 理科編 理数編」｜米国国立医学図書館 MedlinePlus「Vaccines」,https://www.mext.go.jp/content/20250311-mxt_kyoiku02-100002620_05.pdf｜https://medlineplus.gov/ency/anatomyvideos/000137.htm,ワクチン接種=よぼうせっしゅ｜二次応答=にじおうとう｜免疫記憶=めんえききおく｜記憶細胞=きおくさいぼう｜不活化=ふかつか｜弱毒化=じゃくどくか
生物基礎_Deck1_最重要骨格,BB-000105,105,Deck1・最重要骨格,生物の多様性と生態系,植生と遷移,裸地,らち,なし,BB-000093,BB-000105-C01,identify,植物にほとんど覆われていない地表を何というか,植物にほとんど覆われていない地表を何というか。,裸地,裸地,一次遷移では、岩石からなる裸地へ先駆植物が侵入する。,草原,裸地は植物被覆がほぼなく、草原は草本植物に広く覆われる。,なし,なし,なし,文部科学省「高等学校学習指導要領（平成30年告示）解説 理科編 理数編」,https://www.mext.go.jp/content/20250311-mxt_kyoiku02-100002620_05.pdf,一次遷移=いちじせんい｜先駆植物=せんくしょくぶつ｜裸地=らち
生物基礎_Deck1_最重要骨格,BB-000106,106,Deck1・最重要骨格,生物の特徴,遺伝情報とDNA,G1期,じーわんき,なし,BB-000094,BB-000106-C01,identify,細胞周期の間期で、DNA複製より前に細胞が成長する時期を何というか,細胞周期の間期で、DNA複製より前に細胞が成長する時期を何というか。,G1期,G1期,G1期の後にS期へ進み、DNAが複製される。,G2期,G1期はDNA複製前、G2期はDNA複製後である。,なし,なし,なし,文部科学省「高等学校学習指導要領（平成30年告示）解説 理科編 理数編」,https://www.mext.go.jp/content/20250311-mxt_kyoiku02-100002620_05.pdf,細胞周期=さいぼうしゅうき｜G1期=じーわんき｜S期=えすき｜間期=かんき
生物基礎_Deck1_最重要骨格,BB-000107,107,Deck1・最重要骨格,ヒトの体の調節,情報の伝達,中枢神経系,ちゅうすうしんけいけい,なし,BB-000050,BB-000107-C01,identify,脳と脊髄からなり、情報を統合して指令を出す神経系を何というか,脳と脊髄からなり、情報を統合して指令を出す神経系を何というか。,中枢神経系,中枢神経系,中枢神経系は末梢神経系からの情報を受け取り、反応を調節する。,末梢神経系,中枢神経系は脳・脊髄、末梢神経系はそれらと全身を結ぶ神経である。,なし,なし,なし,文部科学省「高等学校学習指導要領（平成30年告示）解説 理科編 理数編」,https://www.mext.go.jp/content/20250311-mxt_kyoiku02-100002620_05.pdf,中枢神経系=ちゅうすうしんけいけい｜末梢神経系=まっしょうしんけいけい
生物基礎_Deck1_最重要骨格,BB-000108,108,Deck1・最重要骨格,生物の多様性と生態系,植生と遷移,先駆植物,せんくしょくぶつ,パイオニア植物,BB-000090｜BB-000105,BB-000108-C01,identify,遷移の初期に、裸地などへ最初に侵入して定着する植物を何というか,遷移の初期に、裸地などへ最初に侵入して定着する植物を何というか。,先駆植物,先駆植物｜パイオニア植物,地衣類、コケ植物、乾燥に強い草本などが先駆植物となり、土壌形成を助ける。,極相種,先駆植物は遷移初期、極相種は遷移後期の安定した群落で優占する。,なし,なし,なし,文部科学省「高等学校学習指導要領（平成30年告示）解説 理科編 理数編」,https://www.mext.go.jp/content/20250311-mxt_kyoiku02-100002620_05.pdf,コケ植物=こけしょくぶつ｜先駆植物=せんくしょくぶつ｜土壌形成=どじょうけいせい｜地衣類=ちいるい｜草本=そうほん｜裸地=らち
生物基礎_Deck1_最重要骨格,BB-000109,109,Deck1・最重要骨格,生物の特徴,遺伝情報とDNA,G2期,じーつーき,なし,BB-000094｜BB-000100,BB-000109-C01,identify,細胞周期の間期で、DNA複製後から分裂期までの準備期間を何というか,細胞周期の間期で、DNA複製後から分裂期までの準備期間を何というか。,G2期,G2期,G2期では複製済みのDNAをもつ状態で分裂の準備が進む。,G1期,G2期はDNA複製後、G1期はDNA複製前である。,なし,なし,なし,文部科学省「高等学校学習指導要領（平成30年告示）解説 理科編 理数編」,https://www.mext.go.jp/content/20250311-mxt_kyoiku02-100002620_05.pdf,細胞周期=さいぼうしゅうき｜G2期=じーつーき｜分裂期=ぶんれつき｜間期=かんき
生物基礎_Deck1_最重要骨格,BB-000110,110,Deck1・最重要骨格,ヒトの体の調節,情報の伝達,末梢神経系,まっしょうしんけいけい,なし,BB-000050,BB-000110-C01,identify,脳・脊髄と全身の器官を結ぶ神経系を何というか,脳・脊髄と全身の器官を結ぶ神経系を何というか。,末梢神経系,末梢神経系,末梢神経系には体性神経系と自律神経系が含まれる。,中枢神経系,末梢神経系は中枢と全身を結び、中枢神経系は情報を統合する。,なし,なし,なし,文部科学省「高等学校学習指導要領（平成30年告示）解説 理科編 理数編」,https://www.mext.go.jp/content/20250311-mxt_kyoiku02-100002620_05.pdf,末梢神経系=まっしょうしんけいけい｜自律神経系=じりつしんけいけい
生物基礎_Deck1_最重要骨格,BB-000111,111,Deck1・最重要骨格,生物の多様性と生態系,植生と遷移,地衣類,ちいるい,なし,BB-000108,BB-000111-C01,identify,菌類と藻類またはシアノバクテリアが共生し、岩上などへ先駆的に侵入できる生物体を何というか,菌類と藻類またはシアノバクテリアが共生し、岩上などへ先駆的に侵入できる生物体を何というか。,地衣類,地衣類,地衣類は岩石の風化や有機物の蓄積を進め、土壌形成に寄与する。,コケ植物,地衣類は菌類と光合成生物の共生体、コケ植物は植物である。,なし,なし,なし,文部科学省「高等学校学習指導要領（平成30年告示）解説 理科編 理数編」,https://www.mext.go.jp/content/20250311-mxt_kyoiku02-100002620_05.pdf,土壌形成=どじょうけいせい｜地衣類=ちいるい｜有機物=ゆうきぶつ｜風化=ふうか
生物基礎_Deck1_最重要骨格,BB-000112,112,Deck1・最重要骨格,生物の特徴,遺伝情報とDNA,細胞質分裂,さいぼうしつぶんれつ,なし,BB-000103,BB-000112-C01,identify,核分裂の後、細胞質が分かれて二つの娘細胞になる過程を何というか,核分裂の後、細胞質が分かれて二つの娘細胞になる過程を何というか。,細胞質分裂,細胞質分裂,動物細胞では細胞膜がくびれ、植物細胞では細胞板が形成される。,核分裂,核分裂は核が分かれ、細胞質分裂は細胞全体が二つに分かれる。,なし,なし,なし,文部科学省「高等学校学習指導要領（平成30年告示）解説 理科編 理数編」,https://www.mext.go.jp/content/20250311-mxt_kyoiku02-100002620_05.pdf,細胞質分裂=さいぼうしつぶんれつ｜動物細胞=どうぶつさいぼう｜植物細胞=しょくぶつさいぼう｜娘細胞=むすめさいぼう｜細胞膜=さいぼうまく
生物基礎_Deck1_最重要骨格,BB-000113,113,Deck1・最重要骨格,ヒトの体の調節,情報の伝達,脳幹,のうかん,なし,なし,BB-000113-C01,identify,中脳・橋・延髄などからなり、生命維持に重要な中枢を含む脳の部分を何というか,中脳・橋・延髄などからなり、生命維持に重要な中枢を含む脳の部分を何というか。,脳幹,脳幹,脳幹は呼吸や循環の調節、覚醒などに関わる。,延髄,脳幹は中脳・橋・延髄を含む範囲、延髄はその一部である。,なし,なし,なし,文部科学省「高等学校学習指導要領（平成30年告示）解説 理科編 理数編」,https://www.mext.go.jp/content/20250311-mxt_kyoiku02-100002620_05.pdf,中枢=ちゅうすう｜呼吸=こきゅう｜延髄=えんずい｜脳幹=のうかん
生物基礎_Deck1_最重要骨格,BB-000114,114,Deck1・最重要骨格,生物の多様性と生態系,植生と遷移,コケ植物,こけしょくぶつ,なし,BB-000108,BB-000114-C01,identify,維管束をもたず、遷移初期の湿った場所などへ侵入する小型の植物群を何というか,維管束をもたず、遷移初期の湿った場所などへ侵入する小型の植物群を何というか。,コケ植物,コケ植物,コケ植物は地表を覆って水分を保持し、有機物の蓄積に役立つ。,地衣類,コケ植物は植物、地衣類は菌類と藻類などの共生体である。,なし,なし,なし,文部科学省「高等学校学習指導要領（平成30年告示）解説 理科編 理数編」,https://www.mext.go.jp/content/20250311-mxt_kyoiku02-100002620_05.pdf,コケ植物=こけしょくぶつ｜有機物=ゆうきぶつ｜維管束=いかんそく｜遷移=せんい
生物基礎_Deck1_最重要骨格,BB-000115,115,Deck1・最重要骨格,生物の特徴,遺伝情報とDNA,前期,ぜんき,なし,BB-000103,BB-000115-C01,identify,体細胞分裂で、染色体が凝縮して太く短くなり始める時期を何というか,体細胞分裂で、染色体が凝縮して太く短くなり始める時期を何というか。,前期,前期,前期には核膜が消失する方向へ進み、染色体が観察しやすくなる。,中期,前期は染色体が凝縮する段階、中期は染色体が赤道面に並ぶ段階である。,なし,なし,なし,文部科学省「高等学校学習指導要領（平成30年告示）解説 理科編 理数編」,https://www.mext.go.jp/content/20250311-mxt_kyoiku02-100002620_05.pdf,体細胞分裂=たいさいぼうぶんれつ｜染色体=せんしょくたい｜凝縮=ぎょうしゅく｜前期=ぜんき｜核膜=かくまく
生物基礎_Deck1_最重要骨格,BB-000116,116,Deck1・最重要骨格,ヒトの体の調節,情報の伝達,延髄,えんずい,なし,BB-000113,BB-000116-C01,identify,呼吸運動や心臓・血管の働きなど、生命維持に重要な調節中枢を含む脳幹の部位は何か,呼吸運動や心臓・血管の働きなど、生命維持に重要な調節中枢を含む脳幹の部位は何か。,延髄,延髄,延髄は自律神経系による呼吸・循環の調節に重要である。,視床下部,延髄は呼吸・循環などの中枢、視床下部は恒常性と内分泌調節の中枢である。,なし,なし,なし,文部科学省「高等学校学習指導要領（平成30年告示）解説 理科編 理数編」｜大学入試センター「令和7年度大学入学共通テスト 生物基礎」,https://www.mext.go.jp/content/20250311-mxt_kyoiku02-100002620_05.pdf｜https://www.dnc.ac.jp/albums/abm.php?d=771&f=abm00005960.pdf&n=2025_op_37_seibutsukiso.pdf,自律神経系=じりつしんけいけい｜中枢=ちゅうすう｜呼吸=こきゅう｜延髄=えんずい｜脳幹=のうかん
生物基礎_Deck1_最重要骨格,BB-000117,117,Deck1・最重要骨格,生物の多様性と生態系,植生と遷移,草原,そうげん,なし,BB-000090,BB-000117-C01,identify,草本植物が優占する植生を何というか,草本植物が優占する植生を何というか。,草原,草原,遷移では裸地の後に草原が成立し、その後に低木林や森林へ進む場合がある。,裸地,草原は草本に覆われ、裸地は植物がほとんどない。,なし,なし,なし,文部科学省「高等学校学習指導要領（平成30年告示）解説 理科編 理数編」,https://www.mext.go.jp/content/20250311-mxt_kyoiku02-100002620_05.pdf,植生=しょくせい｜草原=そうげん｜草本=そうほん｜裸地=らち｜遷移=せんい
生物基礎_Deck1_最重要骨格,BB-000118,118,Deck1・最重要骨格,生物の特徴,遺伝情報とDNA,中期,ちゅうき,なし,BB-000103,BB-000118-C01,identify,体細胞分裂で、染色体が細胞の赤道面に並ぶ時期を何というか,体細胞分裂で、染色体が細胞の赤道面に並ぶ時期を何というか。,中期,中期,中期の染色体は凝縮しており、形や数を観察しやすい。,後期,中期は染色体が中央に並び、後期は姉妹染色分体が両極へ移動する。,なし,なし,なし,文部科学省「高等学校学習指導要領（平成30年告示）解説 理科編 理数編」,https://www.mext.go.jp/content/20250311-mxt_kyoiku02-100002620_05.pdf,体細胞分裂=たいさいぼうぶんれつ｜染色体=せんしょくたい｜赤道面=せきどうめん｜中期=ちゅうき｜凝縮=ぎょうしゅく
生物基礎_Deck1_最重要骨格,BB-000119,119,Deck1・最重要骨格,ヒトの体の調節,情報の伝達,脳死,のうし,なし,BB-000113,BB-000119-C01,identify,大脳だけでなく脳幹を含む脳全体の機能が不可逆的に失われた状態を何というか,大脳だけでなく脳幹を含む脳全体の機能が不可逆的に失われた状態を何というか。,脳死,脳死,脳死は心停止とは異なり、人工呼吸器などで心拍が一時的に維持されることがある。,植物状態,脳死では脳幹を含む全脳機能が失われ、植物状態では脳幹機能が保たれることがある。,なし,なし,なし,文部科学省「高等学校学習指導要領（平成30年告示）解説 理科編 理数編」,https://www.mext.go.jp/content/20250311-mxt_kyoiku02-100002620_05.pdf,不可逆的=ふかぎゃくてき｜呼吸=こきゅう｜脳幹=のうかん｜脳死=のうし
生物基礎_Deck1_最重要骨格,BB-000120,120,Deck1・最重要骨格,生物の多様性と生態系,植生と遷移,陽樹林,ようじゅりん,なし,BB-000090,BB-000120-C01,identify,遷移の比較的初期に、強い光を必要とする陽樹が優占する森林を何というか,遷移の比較的初期に、強い光を必要とする陽樹が優占する森林を何というか。,陽樹林,陽樹林,日本の遷移では、アカマツなどの陽樹林が成立する場合がある。,陰樹林,陽樹林は強い光を好む陽樹が優占し、陰樹林は弱い光でも更新できる陰樹が優占する。,なし,なし,なし,文部科学省「高等学校学習指導要領（平成30年告示）解説 理科編 理数編」,https://www.mext.go.jp/content/20250311-mxt_kyoiku02-100002620_05.pdf,陽樹林=ようじゅりん｜遷移=せんい
生物基礎_Deck1_最重要骨格,BB-000121,121,Deck1・最重要骨格,生物の特徴,遺伝情報とDNA,後期,こうき,なし,BB-000103,BB-000121-C01,identify,体細胞分裂で、姉妹染色分体が分かれて細胞の両極へ移動する時期を何というか,体細胞分裂で、姉妹染色分体が分かれて細胞の両極へ移動する時期を何というか。,後期,後期,複製された遺伝情報が二つの娘核へ等しく分配される段階である。,中期,後期は染色分体が両極へ移動し、中期は中央に並ぶ。,なし,なし,なし,文部科学省「高等学校学習指導要領（平成30年告示）解説 理科編 理数編」,https://www.mext.go.jp/content/20250311-mxt_kyoiku02-100002620_05.pdf,姉妹染色分体=しまいせんしょくぶんたい｜体細胞分裂=たいさいぼうぶんれつ｜遺伝情報=いでんじょうほう｜後期=こうき
生物基礎_Deck1_最重要骨格,BB-000122,122,Deck1・最重要骨格,ヒトの体の調節,体内環境の維持,体内環境,たいないかんきょう,なし,なし,BB-000122-C01,identify,多細胞動物で、細胞を直接取り巻く体液の環境を何というか,多細胞動物で、細胞を直接取り巻く体液の環境を何というか。,体内環境,体内環境,体内環境は主に血液、組織液、リンパ液によってつくられる。,恒常性,体内環境は細胞周囲の環境、恒常性はそれを安定させる性質である。,なし,なし,なし,文部科学省「高等学校学習指導要領（平成30年告示）解説 理科編 理数編」｜大学入試センター「令和7年度大学入学共通テスト 生物基礎」,https://www.mext.go.jp/content/20250311-mxt_kyoiku02-100002620_05.pdf｜https://www.dnc.ac.jp/albums/abm.php?d=771&f=abm00005960.pdf&n=2025_op_37_seibutsukiso.pdf,リンパ液=りんぱえき｜体内環境=たいないかんきょう｜組織液=そしきえき｜体液=たいえき｜細胞=さいぼう｜血液=けつえき
生物基礎_Deck1_最重要骨格,BB-000123,123,Deck1・最重要骨格,生物の多様性と生態系,植生と遷移,混交林,こんこうりん,なし,BB-000120,BB-000123-C01,identify,陽樹と陰樹など、性質の異なる樹種が混じって成立する森林を何というか,陽樹と陰樹など、性質の異なる樹種が混じって成立する森林を何というか。,混交林,混交林,遷移の途中で陽樹林から陰樹林へ移る段階にみられることがある。,陽樹林,混交林は複数タイプの樹種が混在し、陽樹林は陽樹が主に優占する。,なし,なし,なし,文部科学省「高等学校学習指導要領（平成30年告示）解説 理科編 理数編」,https://www.mext.go.jp/content/20250311-mxt_kyoiku02-100002620_05.pdf,混交林=こんこうりん｜陰樹林=いんじゅりん｜陽樹林=ようじゅりん｜遷移=せんい
生物基礎_Deck1_最重要骨格,BB-000124,124,Deck1・最重要骨格,生物の特徴,遺伝情報とDNA,終期,しゅうき,なし,BB-000103,BB-000124-C01,identify,体細胞分裂で、両極の染色体の周囲に核膜が再びできる時期を何というか,体細胞分裂で、両極の染色体の周囲に核膜が再びできる時期を何というか。,終期,終期,終期には染色体がほどけ、二つの娘核が形成される。,前期,終期では核膜が再形成され、前期では核膜が消失する方向へ進む。,なし,なし,なし,文部科学省「高等学校学習指導要領（平成30年告示）解説 理科編 理数編」,https://www.mext.go.jp/content/20250311-mxt_kyoiku02-100002620_05.pdf,体細胞分裂=たいさいぼうぶんれつ｜染色体=せんしょくたい｜核膜=かくまく｜終期=しゅうき
生物基礎_Deck1_最重要骨格,BB-000125,125,Deck1・最重要骨格,ヒトの体の調節,体内環境の維持,体液,たいえき,なし,BB-000122,BB-000125-C01,identify,体内を満たし、細胞への物質供給や老廃物の運搬に関わる液体の総称は何か,体内を満たし、細胞への物質供給や老廃物の運搬に関わる液体の総称は何か。,体液,体液,ヒトの体液は血液、組織液、リンパ液に分けられる。,血液,体液は血液・組織液・リンパ液の総称、血液はその一つである。,なし,なし,なし,文部科学省「高等学校学習指導要領（平成30年告示）解説 理科編 理数編」｜大学入試センター「令和7年度大学入学共通テスト 生物基礎」,https://www.mext.go.jp/content/20250311-mxt_kyoiku02-100002620_05.pdf｜https://www.dnc.ac.jp/albums/abm.php?d=771&f=abm00005960.pdf&n=2025_op_37_seibutsukiso.pdf,リンパ液=りんぱえき｜組織液=そしきえき｜体液=たいえき｜細胞=さいぼう｜血液=けつえき
生物基礎_Deck1_最重要骨格,BB-000126,126,Deck1・最重要骨格,生物の多様性と生態系,植生と遷移,陰樹林,いんじゅりん,なし,BB-000090,BB-000126-C01,identify,弱い光でも幼木が育つ陰樹が優占する森林を何というか,弱い光でも幼木が育つ陰樹が優占する森林を何というか。,陰樹林,陰樹林,林床の光が弱くても陰樹が更新できるため、遷移後期に成立しやすい。,陽樹林,陰樹林は弱光に耐える陰樹、陽樹林は強光を必要とする陽樹が優占する。,なし,なし,なし,文部科学省「高等学校学習指導要領（平成30年告示）解説 理科編 理数編」,https://www.mext.go.jp/content/20250311-mxt_kyoiku02-100002620_05.pdf,陰樹林=いんじゅりん｜後期=こうき｜林床=りんしょう｜遷移=せんい
生物基礎_Deck1_最重要骨格,BB-000127,127,Deck1・最重要骨格,生物の特徴,遺伝情報とDNA,ヌクレオチド,ぬくれおちど,なし,BB-000004,BB-000127-C01,identify,糖、リン酸、塩基からなる核酸の基本単位を何というか,糖、リン酸、塩基からなる核酸の基本単位を何というか。,ヌクレオチド,ヌクレオチド,DNAのヌクレオチドでは糖はデオキシリボースである。,アミノ酸,ヌクレオチドは核酸、アミノ酸はタンパク質の構成単位である。,なし,なし,なし,文部科学省「高等学校学習指導要領（平成30年告示）解説 理科編 理数編」｜米国国立ヒトゲノム研究所「DNA」,https://www.mext.go.jp/content/20250311-mxt_kyoiku02-100002620_05.pdf｜https://www.genome.gov/genetics-glossary/Deoxyribonucleic-Acid-DNA,デオキシリボース=でおきしりぼーす｜ヌクレオチド=ぬくれおちど｜リン酸=りんさん｜核酸=かくさん
生物基礎_Deck1_最重要骨格,BB-000128,128,Deck1・最重要骨格,ヒトの体の調節,体内環境の維持,血液,けつえき,なし,BB-000125,BB-000128-C01,identify,血管内を流れ、物質の運搬や体温調節、生体防御に関わる体液は何か,血管内を流れ、物質の運搬や体温調節、生体防御に関わる体液は何か。,血液,血液,血液は血しょうと血球成分からなる。,リンパ液,血液は血管内を循環し、リンパ液はリンパ管内を流れる。,なし,なし,なし,文部科学省「高等学校学習指導要領（平成30年告示）解説 理科編 理数編」｜大学入試センター「令和7年度大学入学共通テスト 生物基礎」,https://www.mext.go.jp/content/20250311-mxt_kyoiku02-100002620_05.pdf｜https://www.dnc.ac.jp/albums/abm.php?d=771&f=abm00005960.pdf&n=2025_op_37_seibutsukiso.pdf,生体防御=せいたいぼうぎょ｜血しょう=けっしょう｜体液=たいえき｜血液=けつえき
生物基礎_Deck1_最重要骨格,BB-000129,129,Deck1・最重要骨格,生物の多様性と生態系,植生と遷移,極相,きょくそう,なし,BB-000090,BB-000129-C01,identify,遷移が進んだ後、地域の気候条件のもとで長く維持される比較的安定した群落を何というか,遷移が進んだ後、地域の気候条件のもとで長く維持される比較的安定した群落を何というか。,極相,極相,極相でも小規模な攪乱や世代交代は続くため、完全に変化が止まるわけではない。,生態系のバランス,極相は遷移後期の群落、バランスは生態系全体の動的な均衡である。,なし,なし,なし,文部科学省「高等学校学習指導要領（平成30年告示）解説 理科編 理数編」,https://www.mext.go.jp/content/20250311-mxt_kyoiku02-100002620_05.pdf,攪乱=かくらん｜極相=きょくそう｜遷移=せんい
生物基礎_Deck1_最重要骨格,BB-000130,130,Deck1・最重要骨格,生物の特徴,遺伝情報とDNA,アデニン,あでにん,A,BB-000064,BB-000130-C01,identify,DNAでチミンと相補的に対をつくる塩基は何か,DNAでチミンと相補的に対をつくる塩基は何か。,アデニン,アデニン｜A,アデニンはAと略され、DNAではチミンと対をつくる。,グアニン,アデニンはチミンと、グアニンはシトシンと対をつくる。,なし,なし,なし,文部科学省「高等学校学習指導要領（平成30年告示）解説 理科編 理数編」｜米国国立ヒトゲノム研究所「DNA」,https://www.mext.go.jp/content/20250311-mxt_kyoiku02-100002620_05.pdf｜https://www.genome.gov/genetics-glossary/Deoxyribonucleic-Acid-DNA,アデニン=あでにん｜チミン=ちみん｜相補的=そうほてき
生物基礎_Deck1_最重要骨格,BB-000131,131,Deck1・最重要骨格,ヒトの体の調節,体内環境の維持,組織液,そしきえき,なし,BB-000125,BB-000131-C01,identify,毛細血管からしみ出た血しょうをもとにでき、組織の細胞を直接取り巻く体液は何か,毛細血管からしみ出た血しょうをもとにでき、組織の細胞を直接取り巻く体液は何か。,組織液,組織液,細胞は組織液を介して酸素や栄養分を受け取り、老廃物を渡す。,リンパ液,組織液がリンパ管へ入るとリンパ液と呼ばれる。,なし,なし,なし,文部科学省「高等学校学習指導要領（平成30年告示）解説 理科編 理数編」｜大学入試センター「令和7年度大学入学共通テスト 生物基礎」,https://www.mext.go.jp/content/20250311-mxt_kyoiku02-100002620_05.pdf｜https://www.dnc.ac.jp/albums/abm.php?d=771&f=abm00005960.pdf&n=2025_op_37_seibutsukiso.pdf,毛細血管=もうさいけっかん｜血しょう=けっしょう｜組織液=そしきえき｜体液=たいえき｜細胞=さいぼう｜酸素=さんそ
生物基礎_Deck1_最重要骨格,BB-000132,132,Deck1・最重要骨格,生物の多様性と生態系,植生と遷移,土壌形成,どじょうけいせい,なし,BB-000093｜BB-000108,BB-000132-C01,identify,岩石の風化と生物遺体由来の有機物の蓄積によって土壌ができる過程を何というか,岩石の風化と生物遺体由来の有機物の蓄積によって土壌ができる過程を何というか。,土壌形成,土壌形成,一次遷移では土壌形成が植物の定着と遷移の進行に重要である。,遷移,土壌形成は環境基盤ができる過程、遷移は生物群集が時間とともに変わる過程である。,なし,なし,なし,文部科学省「高等学校学習指導要領（平成30年告示）解説 理科編 理数編」,https://www.mext.go.jp/content/20250311-mxt_kyoiku02-100002620_05.pdf,一次遷移=いちじせんい｜土壌形成=どじょうけいせい｜有機物=ゆうきぶつ｜風化=ふうか
生物基礎_Deck1_最重要骨格,BB-000133,133,Deck1・最重要骨格,生物の特徴,遺伝情報とDNA,チミン,ちみん,T,BB-000064,BB-000133-C01,identify,DNAでアデニンと相補的に対をつくる塩基は何か,DNAでアデニンと相補的に対をつくる塩基は何か。,チミン,チミン｜T,チミンはTと略され、通常のRNAでは代わりにウラシルが使われる。,ウラシル,チミンはDNA、ウラシルは主にRNAに含まれる。,なし,なし,なし,文部科学省「高等学校学習指導要領（平成30年告示）解説 理科編 理数編」｜米国国立ヒトゲノム研究所「DNA」,https://www.mext.go.jp/content/20250311-mxt_kyoiku02-100002620_05.pdf｜https://www.genome.gov/genetics-glossary/Deoxyribonucleic-Acid-DNA,アデニン=あでにん｜ウラシル=うらしる｜チミン=ちみん｜相補的=そうほてき
生物基礎_Deck1_最重要骨格,BB-000134,134,Deck1・最重要骨格,ヒトの体の調節,体内環境の維持,リンパ液,りんぱえき,なし,BB-000131,BB-000134-C01,identify,組織液の一部がリンパ管へ入った体液を何というか,組織液の一部がリンパ管へ入った体液を何というか。,リンパ液,リンパ液,リンパ液はリンパ管を流れ、最終的に血液へ戻る。,組織液,組織間にある間は組織液、リンパ管内へ入るとリンパ液である。,なし,なし,なし,文部科学省「高等学校学習指導要領（平成30年告示）解説 理科編 理数編」｜大学入試センター「令和7年度大学入学共通テスト 生物基礎」,https://www.mext.go.jp/content/20250311-mxt_kyoiku02-100002620_05.pdf｜https://www.dnc.ac.jp/albums/abm.php?d=771&f=abm00005960.pdf&n=2025_op_37_seibutsukiso.pdf,リンパ液=りんぱえき｜組織液=そしきえき｜体液=たいえき｜血液=けつえき
生物基礎_Deck1_最重要骨格,BB-000135,135,Deck1・最重要骨格,生物の多様性と生態系,植生と遷移,光環境の変化,ひかりかんきょうのへんか,なし,BB-000075｜BB-000090,BB-000135-C01,relation,遷移に伴う林床光量,森林の遷移が進み林冠が発達すると、林床に届く光は一般に増えるか減るか。,減る,減る｜減少する｜弱くなる,高木の枝葉が光を遮るため、林床は暗くなり、陰生植物や陰樹が有利になる。,土壌形成,光環境は林冠形成で暗くなり、土壌は遷移初期から発達する。,なし,なし,なし,文部科学省「高等学校学習指導要領（平成30年告示）解説 理科編 理数編」,https://www.mext.go.jp/content/20250311-mxt_kyoiku02-100002620_05.pdf,陰生植物=いんせいしょくぶつ｜林冠=りんかん｜林床=りんしょう｜遷移=せんい｜陰樹=いんじゅ
生物基礎_Deck1_最重要骨格,BB-000136,136,Deck1・最重要骨格,生物の特徴,遺伝情報とDNA,グアニン,ぐあにん,G,BB-000064,BB-000136-C01,identify,DNAでシトシンと相補的に対をつくる塩基は何か,DNAでシトシンと相補的に対をつくる塩基は何か。,グアニン,グアニン｜G,グアニンはGと略され、シトシンと対をつくる。,アデニン,グアニンはシトシンと、アデニンはチミンと対をつくる。,なし,なし,なし,文部科学省「高等学校学習指導要領（平成30年告示）解説 理科編 理数編」｜米国国立ヒトゲノム研究所「DNA」,https://www.mext.go.jp/content/20250311-mxt_kyoiku02-100002620_05.pdf｜https://www.genome.gov/genetics-glossary/Deoxyribonucleic-Acid-DNA,グアニン=ぐあにん｜シトシン=しとしん｜相補的=そうほてき
生物基礎_Deck1_最重要骨格,BB-000137,137,Deck1・最重要骨格,ヒトの体の調節,体内環境の維持,血しょう,けっしょう,血漿,BB-000128,BB-000137-C01,identify,血液の液体成分で、水、タンパク質、栄養分、ホルモンなどを含むものを何というか,血液の液体成分で、水、タンパク質、栄養分、ホルモンなどを含むものを何というか。,血しょう,血しょう｜血漿,血しょうの一部は毛細血管からしみ出て組織液となる。,血清,血しょうは凝固因子を含み、血清は血液凝固後に残る液体で凝固因子の一部を欠く。,なし,なし,なし,文部科学省「高等学校学習指導要領（平成30年告示）解説 理科編 理数編」｜大学入試センター「令和7年度大学入学共通テスト 生物基礎」,https://www.mext.go.jp/content/20250311-mxt_kyoiku02-100002620_05.pdf｜https://www.dnc.ac.jp/albums/abm.php?d=771&f=abm00005960.pdf&n=2025_op_37_seibutsukiso.pdf,タンパク質=たんぱくしつ｜ホルモン=ほるもん｜毛細血管=もうさいけっかん｜血しょう=けっしょう｜組織液=そしきえき｜血液=けつえき
生物基礎_Deck1_最重要骨格,BB-000138,138,Deck1・最重要骨格,生物の多様性と生態系,植生と遷移,陽生植物,ようせいしょくぶつ,なし,なし,BB-000138-C01,identify,強い光の場所でよく生育し、光補償点が比較的高い植物を何というか,強い光の場所でよく生育し、光補償点が比較的高い植物を何というか。,陽生植物,陽生植物,陽生植物は日当たりのよい草原や裸地などで優位になりやすい。,陰生植物,陽生植物は強光に適し光補償点が高め、陰生植物は弱光に適し低めである。,なし,なし,なし,文部科学省「高等学校学習指導要領（平成30年告示）解説 理科編 理数編」,https://www.mext.go.jp/content/20250311-mxt_kyoiku02-100002620_05.pdf,光補償点=ひかりほしょうてん｜陽生植物=ようせいしょくぶつ｜草原=そうげん｜裸地=らち
生物基礎_Deck1_最重要骨格,BB-000139,139,Deck1・最重要骨格,生物の特徴,遺伝情報とDNA,シトシン,しとしん,C,BB-000064,BB-000139-C01,identify,DNAでグアニンと相補的に対をつくる塩基は何か,DNAでグアニンと相補的に対をつくる塩基は何か。,シトシン,シトシン｜C,シトシンはCと略され、グアニンと対をつくる。,チミン,シトシンはグアニンと、チミンはアデニンと対をつくる。,なし,なし,なし,文部科学省「高等学校学習指導要領（平成30年告示）解説 理科編 理数編」｜米国国立ヒトゲノム研究所「DNA」,https://www.mext.go.jp/content/20250311-mxt_kyoiku02-100002620_05.pdf｜https://www.genome.gov/genetics-glossary/Deoxyribonucleic-Acid-DNA,グアニン=ぐあにん｜シトシン=しとしん｜相補的=そうほてき
生物基礎_Deck1_最重要骨格,BB-000140,140,Deck1・最重要骨格,ヒトの体の調節,体内環境の維持,赤血球,せっけっきゅう,なし,BB-000128,BB-000140-C01,identify,ヘモグロビンを含み、主に酸素を運搬する血球は何か,ヘモグロビンを含み、主に酸素を運搬する血球は何か。,赤血球,赤血球,ヒトの成熟赤血球は核をもたず、酸素運搬に適した形をしている。,白血球,赤血球は主に酸素運搬、白血球は主に生体防御を担う。,なし,なし,なし,文部科学省「高等学校学習指導要領（平成30年告示）解説 理科編 理数編」,https://www.mext.go.jp/content/20250311-mxt_kyoiku02-100002620_05.pdf,ヘモグロビン=へもぐろびん｜赤血球=せっけっきゅう｜酸素=さんそ
生物基礎_Deck1_最重要骨格,BB-000141,141,Deck1・最重要骨格,生物の多様性と生態系,植生と遷移,陰生植物,いんせいしょくぶつ,なし,なし,BB-000141-C01,identify,弱い光でも生育でき、光補償点が比較的低い植物を何というか,弱い光でも生育でき、光補償点が比較的低い植物を何というか。,陰生植物,陰生植物,陰生植物は森林の林床など、光の弱い場所で生育しやすい。,陽生植物,陰生植物は弱光に適し光補償点が低め、陽生植物は強光に適し高めである。,なし,なし,なし,文部科学省「高等学校学習指導要領（平成30年告示）解説 理科編 理数編」,https://www.mext.go.jp/content/20250311-mxt_kyoiku02-100002620_05.pdf,光補償点=ひかりほしょうてん｜陰生植物=いんせいしょくぶつ｜林床=りんしょう
生物基礎_Deck1_最重要骨格,BB-000142,142,Deck1・最重要骨格,生物の特徴,遺伝情報とDNA,デオキシリボース,でおきしりぼーす,なし,BB-000127,BB-000142-C01,identify,DNAのヌクレオチドに含まれる糖は何か,DNAのヌクレオチドに含まれる糖は何か。,デオキシリボース,デオキシリボース,デオキシリボースはDNAという名称の由来となる糖である。,リボース,DNAにはデオキシリボース、RNAにはリボースが含まれる。,なし,なし,なし,文部科学省「高等学校学習指導要領（平成30年告示）解説 理科編 理数編」｜米国国立ヒトゲノム研究所「DNA」,https://www.mext.go.jp/content/20250311-mxt_kyoiku02-100002620_05.pdf｜https://www.genome.gov/genetics-glossary/Deoxyribonucleic-Acid-DNA,デオキシリボース=でおきしりぼーす｜ヌクレオチド=ぬくれおちど
生物基礎_Deck1_最重要骨格,BB-000143,143,Deck1・最重要骨格,ヒトの体の調節,体内環境の維持,白血球,はっけっきゅう,なし,BB-000128,BB-000143-C01,identify,食作用や抗体産生など、生体防御を担う血球の総称は何か,食作用や抗体産生など、生体防御を担う血球の総称は何か。,白血球,白血球,好中球、リンパ球、単球などが白血球に含まれる。,赤血球,白血球は生体防御、赤血球は主に酸素運搬を担う。,なし,なし,なし,文部科学省「高等学校学習指導要領（平成30年告示）解説 理科編 理数編」｜米国国立医学図書館 MedlinePlus「Immune response」,https://www.mext.go.jp/content/20250311-mxt_kyoiku02-100002620_05.pdf｜https://medlineplus.gov/ency/article/000821.htm,リンパ球=りんぱきゅう｜生体防御=せいたいぼうぎょ｜好中球=こうちゅうきゅう｜白血球=はっけっきゅう｜食作用=しょくさよう｜抗体=こうたい
生物基礎_Deck1_最重要骨格,BB-000144,144,Deck1・最重要骨格,生物の多様性と生態系,植生と遷移,陽樹,ようじゅ,なし,なし,BB-000144-C01,identify,幼木の成長に強い光を必要とし、明るい場所で更新しやすい樹木を何というか,幼木の成長に強い光を必要とし、明るい場所で更新しやすい樹木を何というか。,陽樹,陽樹,陽樹は遷移初期に侵入しやすいが、暗い林床では幼木が育ちにくい。,陰樹,陽樹は強光を必要とし、陰樹は弱光でも幼木が育つ。,なし,なし,なし,文部科学省「高等学校学習指導要領（平成30年告示）解説 理科編 理数編」,https://www.mext.go.jp/content/20250311-mxt_kyoiku02-100002620_05.pdf,林床=りんしょう｜遷移=せんい｜陽樹=ようじゅ
生物基礎_Deck1_最重要骨格,BB-000145,145,Deck1・最重要骨格,生物の特徴,遺伝情報とタンパク質の合成,RNA,あーるえぬえー,リボ核酸,なし,BB-000145-C01,identify,DNAの情報を利用してタンパク質を合成する過程などで働く核酸は何か,DNAの情報を利用してタンパク質を合成する過程などで働く核酸は何か。,RNA,RNA｜リボ核酸,RNAは一般に一本鎖で、糖としてリボース、塩基としてウラシルを含む。,DNA,RNAは主にウラシルとリボースを含み、DNAはチミンとデオキシリボースを含む。,なし,なし,なし,文部科学省「高等学校学習指導要領（平成30年告示）解説 理科編 理数編」,https://www.mext.go.jp/content/20250311-mxt_kyoiku02-100002620_05.pdf,タンパク質=たんぱくしつ｜ウラシル=うらしる｜核酸=かくさん
生物基礎_Deck1_最重要骨格,BB-000146,146,Deck1・最重要骨格,ヒトの体の調節,体内環境の維持,血小板,けっしょうばん,なし,BB-000128,BB-000146-C01,identify,血管が傷ついたときに集まり、血液凝固を始める細胞片は何か,血管が傷ついたときに集まり、血液凝固を始める細胞片は何か。,血小板,血小板,血小板は凝固因子の働きとともに出血を止める。,赤血球,血小板は止血、赤血球は酸素運搬を主に担う。,なし,なし,なし,文部科学省「高等学校学習指導要領（平成30年告示）解説 理科編 理数編」,https://www.mext.go.jp/content/20250311-mxt_kyoiku02-100002620_05.pdf,凝固因子=ぎょうこいんし｜血液凝固=けつえきぎょうこ｜血小板=けっしょうばん｜細胞=さいぼう
生物基礎_Deck1_最重要骨格,BB-000147,147,Deck1・最重要骨格,生物の多様性と生態系,植生と遷移,陰樹,いんじゅ,なし,なし,BB-000147-C01,identify,幼木が弱い光の下でも生育でき、暗い林床で更新しやすい樹木を何というか,幼木が弱い光の下でも生育でき、暗い林床で更新しやすい樹木を何というか。,陰樹,陰樹,陰樹は林冠下でも幼木が育つため、遷移後期に優占しやすい。,陽樹,陰樹は弱光に耐え、陽樹は幼木の成長に強光を必要とする。,なし,なし,なし,文部科学省「高等学校学習指導要領（平成30年告示）解説 理科編 理数編」,https://www.mext.go.jp/content/20250311-mxt_kyoiku02-100002620_05.pdf,後期=こうき｜林冠=りんかん｜林床=りんしょう｜遷移=せんい｜陰樹=いんじゅ
生物基礎_Deck1_最重要骨格,BB-000148,148,Deck1・最重要骨格,生物の特徴,遺伝情報とタンパク質の合成,ウラシル,うらしる,U,BB-000145,BB-000148-C01,identify,RNAでアデニンと相補的に対応する塩基は何か,RNAでアデニンと相補的に対応する塩基は何か。,ウラシル,ウラシル｜U,ウラシルはUと略され、DNAのチミンに相当する。,チミン,ウラシルは主にRNA、チミンはDNAに含まれる。,なし,なし,なし,文部科学省「高等学校学習指導要領（平成30年告示）解説 理科編 理数編」,https://www.mext.go.jp/content/20250311-mxt_kyoiku02-100002620_05.pdf,アデニン=あでにん｜ウラシル=うらしる｜チミン=ちみん｜相補的=そうほてき
生物基礎_Deck1_最重要骨格,BB-000149,149,Deck1・最重要骨格,ヒトの体の調節,体内環境の維持,ヘモグロビン,へもぐろびん,血色素,BB-000140,BB-000149-C01,identify,赤血球内にあり、酸素と結合して運搬するタンパク質は何か,赤血球内にあり、酸素と結合して運搬するタンパク質は何か。,ヘモグロビン,ヘモグロビン｜血色素,酸素の多い肺で酸素と結合し、酸素の少ない組織で放出しやすい。,抗体,ヘモグロビンは酸素運搬、抗体は免疫防御に働くタンパク質である。,なし,なし,なし,文部科学省「高等学校学習指導要領（平成30年告示）解説 理科編 理数編」,https://www.mext.go.jp/content/20250311-mxt_kyoiku02-100002620_05.pdf,ヘモグロビン=へもぐろびん｜タンパク質=たんぱくしつ｜赤血球=せっけっきゅう｜酸素=さんそ
生物基礎_Deck1_最重要骨格,BB-000150,150,Deck1・最重要骨格,生物の多様性と生態系,植生と遷移,陽葉,ようよう,なし,なし,BB-000150-C01,identify,同じ植物でも日当たりのよい場所につき、厚くて光飽和点が高い傾向をもつ葉を何というか,同じ植物でも日当たりのよい場所につき、厚くて光飽和点が高い傾向をもつ葉を何というか。,陽葉,陽葉,陽葉は強い光を利用するのに適した構造と光合成特性をもつ。,陰葉,陽葉は厚く強光向き、陰葉は薄く弱光向きである。,なし,なし,なし,文部科学省「高等学校学習指導要領（平成30年告示）解説 理科編 理数編」,https://www.mext.go.jp/content/20250311-mxt_kyoiku02-100002620_05.pdf,光飽和点=ひかりほうわてん｜光合成=こうごうせい｜陽葉=ようよう
生物基礎_Deck1_最重要骨格,BB-000151,151,Deck1・最重要骨格,生物の特徴,遺伝情報とDNA,DNA塩基配列,でぃーえぬえーえんきはいれつ,なし,BB-000004｜BB-000127,BB-000151-C01,identify,DNA鎖に並ぶ塩基の順序を何というか,DNA鎖に並ぶ塩基の順序を何というか。,DNA塩基配列,DNA塩基配列,塩基配列の違いが遺伝情報の違いとなり、タンパク質のアミノ酸配列にも関わる。,アミノ酸配列,DNA塩基配列は核酸の情報、アミノ酸配列はタンパク質の一次的な並びである。,なし,なし,なし,文部科学省「高等学校学習指導要領（平成30年告示）解説 理科編 理数編」｜米国国立ヒトゲノム研究所「DNA」,https://www.mext.go.jp/content/20250311-mxt_kyoiku02-100002620_05.pdf｜https://www.genome.gov/genetics-glossary/Deoxyribonucleic-Acid-DNA,DNA塩基配列=でぃーえぬえーえんきはいれつ｜アミノ酸配列=あみのさんはいれつ｜タンパク質=たんぱくしつ｜遺伝情報=いでんじょうほう
生物基礎_Deck1_最重要骨格,BB-000152,152,Deck1・最重要骨格,ヒトの体の調節,体内環境の維持,血液凝固,けつえきぎょうこ,なし,BB-000146｜BB-000137,BB-000152-C01,identify,血管が損傷したとき、フィブリンの網などによって血液が固まり出血を止める反応を何というか,血管が損傷したとき、フィブリンの網などによって血液が固まり出血を止める反応を何というか。,血液凝固,血液凝固,血液凝固には血小板や血しょう中の凝固因子が関わる。,血ぺい,血液凝固は反応過程、血ぺいはその結果できる固まりである。,なし,なし,なし,文部科学省「高等学校学習指導要領（平成30年告示）解説 理科編 理数編」,https://www.mext.go.jp/content/20250311-mxt_kyoiku02-100002620_05.pdf,フィブリン=ふぃぶりん｜凝固因子=ぎょうこいんし｜血しょう=けっしょう｜血液凝固=けつえきぎょうこ｜血小板=けっしょうばん
生物基礎_Deck1_最重要骨格,BB-000153,153,Deck1・最重要骨格,生物の多様性と生態系,植生と遷移,陰葉,いんよう,なし,なし,BB-000153-C01,identify,同じ植物でも日陰につき、薄くて光補償点・光飽和点が低い傾向をもつ葉を何というか,同じ植物でも日陰につき、薄くて光補償点・光飽和点が低い傾向をもつ葉を何というか。,陰葉,陰葉,陰葉は弱い光でも収支を正にしやすい。,陽葉,陰葉は薄く弱光向き、陽葉は厚く強光向きである。,なし,なし,なし,文部科学省「高等学校学習指導要領（平成30年告示）解説 理科編 理数編」,https://www.mext.go.jp/content/20250311-mxt_kyoiku02-100002620_05.pdf,光補償点=ひかりほしょうてん｜光飽和点=ひかりほうわてん｜陰葉=いんよう
生物基礎_Deck1_最重要骨格,BB-000154,154,Deck1・最重要骨格,生物の特徴,遺伝情報とタンパク質の合成,アミノ酸配列,あみのさんはいれつ,なし,BB-000082｜BB-000085,BB-000154-C01,identify,タンパク質を構成するアミノ酸の並ぶ順序を何というか,タンパク質を構成するアミノ酸の並ぶ順序を何というか。,アミノ酸配列,アミノ酸配列,アミノ酸配列はmRNAのコドン配列によって指定される。,DNA塩基配列,アミノ酸配列はタンパク質、塩基配列は核酸の並びである。,なし,なし,なし,文部科学省「高等学校学習指導要領（平成30年告示）解説 理科編 理数編」,https://www.mext.go.jp/content/20250311-mxt_kyoiku02-100002620_05.pdf,アミノ酸配列=あみのさんはいれつ｜タンパク質=たんぱくしつ｜コドン=こどん
生物基礎_Deck1_最重要骨格,BB-000155,155,Deck1・最重要骨格,ヒトの体の調節,体内環境の維持,フィブリン,ふぃぶりん,なし,BB-000152,BB-000155-C01,identify,血液凝固の際に網目をつくり、血球をからめ取る繊維状タンパク質は何か,血液凝固の際に網目をつくり、血球をからめ取る繊維状タンパク質は何か。,フィブリン,フィブリン,フィブリンの網に血球が捕らえられて血ぺいができる。,フィブリノーゲン,フィブリノーゲンは血しょう中の可溶性前駆体、フィブリンは凝固時にできる不溶性の繊維である。,なし,なし,なし,文部科学省「高等学校学習指導要領（平成30年告示）解説 理科編 理数編」,https://www.mext.go.jp/content/20250311-mxt_kyoiku02-100002620_05.pdf,タンパク質=たんぱくしつ｜フィブリン=ふぃぶりん｜血液凝固=けつえきぎょうこ｜繊維状=せんいじょう｜血ぺい=けっぺい
生物基礎_Deck1_最重要骨格,BB-000156,156,Deck1・最重要骨格,生物の多様性と生態系,植生と遷移,光補償点,ひかりほしょうてん,なし,なし,BB-000156-C01,identify,光合成による二酸化炭素吸収量と呼吸による放出量が等しく、見かけの吸収量が0になる光の強さを何というか,光合成による二酸化炭素吸収量と呼吸による放出量が等しく、見かけの吸収量が0になる光の強さを何というか。,光補償点,光補償点,光補償点より弱い光では、呼吸による有機物消費が光合成による生産を上回る。,光飽和点,光補償点は見かけの光合成量が0、光飽和点は光を強めても光合成速度が増えなくなる点である。,なし,なし,なし,文部科学省「高等学校学習指導要領（平成30年告示）解説 理科編 理数編」,https://www.mext.go.jp/content/20250311-mxt_kyoiku02-100002620_05.pdf,二酸化炭素=にさんかたんそ｜光補償点=ひかりほしょうてん｜光合成=こうごうせい｜有機物=ゆうきぶつ｜呼吸=こきゅう
生物基礎_Deck1_最重要骨格,BB-000157,157,Deck1・最重要骨格,生物の特徴,遺伝情報とタンパク質の合成,細胞分化,さいぼうぶんか,なし,BB-000088,BB-000157-C01,identify,細胞が特定の形や働きをもつ細胞へ変化することを何というか,細胞が特定の形や働きをもつ細胞へ変化することを何というか。,細胞分化,細胞分化,多細胞生物では、発現する遺伝子の違いが細胞分化に関わる。,体細胞分裂,細胞分化は性質が専門化すること、体細胞分裂は細胞数が増えることに関わる。,なし,なし,なし,文部科学省「高等学校学習指導要領（平成30年告示）解説 理科編 理数編」,https://www.mext.go.jp/content/20250311-mxt_kyoiku02-100002620_05.pdf,多細胞生物=たさいぼうせいぶつ｜細胞分化=さいぼうぶんか｜遺伝子=いでんし
生物基礎_Deck1_最重要骨格,BB-000158,158,Deck1・最重要骨格,ヒトの体の調節,体内環境の維持,血ぺい,けっぺい,血餅,BB-000155,BB-000158-C01,identify,フィブリンの網に血球などがからまり、傷口をふさぐ固まりを何というか,フィブリンの網に血球などがからまり、傷口をふさぐ固まりを何というか。,血ぺい,血ぺい｜血餅,血ぺいは血液凝固の結果として形成される。,血栓,血ぺいは止血に必要な固まり、血栓は血管内で血流を妨げる病的な固まりを含む。,なし,なし,なし,文部科学省「高等学校学習指導要領（平成30年告示）解説 理科編 理数編」,https://www.mext.go.jp/content/20250311-mxt_kyoiku02-100002620_05.pdf,フィブリン=ふぃぶりん｜血液凝固=けつえきぎょうこ｜血ぺい=けっぺい
生物基礎_Deck1_最重要骨格,BB-000159,159,Deck1・最重要骨格,生物の多様性と生態系,植生と遷移,光飽和点,ひかりほうわてん,なし,なし,BB-000159-C01,identify,光をさらに強くしても光合成速度がほとんど増加しなくなる光の強さを何というか,光をさらに強くしても光合成速度がほとんど増加しなくなる光の強さを何というか。,光飽和点,光飽和点,陽生植物や陽葉は、陰生植物や陰葉より光飽和点が高い傾向がある。,光補償点,光飽和点は光合成速度が頭打ちになる点、光補償点は見かけの収支が0になる点である。,なし,なし,なし,文部科学省「高等学校学習指導要領（平成30年告示）解説 理科編 理数編」,https://www.mext.go.jp/content/20250311-mxt_kyoiku02-100002620_05.pdf,光飽和点=ひかりほうわてん｜陰生植物=いんせいしょくぶつ｜陽生植物=ようせいしょくぶつ｜光合成=こうごうせい｜陰葉=いんよう｜陽葉=ようよう
生物基礎_Deck1_最重要骨格,BB-000160,160,Deck1・最重要骨格,生物の特徴,遺伝情報とタンパク質の合成,遺伝子発現の選択性,いでんしはつげんのせんたくせい,なし,BB-000088｜BB-000157,BB-000160-C01,identify,同じ個体の細胞でも、細胞の種類によって働く遺伝子が異なる性質を何というか,同じ個体の細胞でも、細胞の種類によって働く遺伝子が異なる性質を何というか。,遺伝子発現の選択性,遺伝子発現の選択性,必要な遺伝子だけが発現することで、細胞ごとに異なるタンパク質がつくられる。,体細胞の遺伝情報,遺伝情報はほぼ同じでも、実際に発現する遺伝子の組合せが異なる。,なし,なし,なし,文部科学省「高等学校学習指導要領（平成30年告示）解説 理科編 理数編」,https://www.mext.go.jp/content/20250311-mxt_kyoiku02-100002620_05.pdf,遺伝子発現の選択性=いでんしはつげんのせんたくせい｜タンパク質=たんぱくしつ｜細胞=さいぼう
生物基礎_Deck1_最重要骨格,BB-000161,161,Deck1・最重要骨格,ヒトの体の調節,体内環境の維持,肝臓,かんぞう,なし,なし,BB-000161-C01,identify,グリコーゲンの合成・分解などを行い、血糖濃度の調節に重要な器官は何か,グリコーゲンの合成・分解などを行い、血糖濃度の調節に重要な器官は何か。,肝臓,肝臓,肝臓は栄養分の代謝、解毒、胆汁生成など多くの働きをもつ。,膵臓,肝臓はグリコーゲンの貯蔵・放出、膵臓はインスリンやグルカゴンの分泌に重要である。,なし,なし,なし,文部科学省「高等学校学習指導要領（平成30年告示）解説 理科編 理数編」｜大学入試センター「令和7年度大学入学共通テスト 生物基礎」,https://www.mext.go.jp/content/20250311-mxt_kyoiku02-100002620_05.pdf｜https://www.dnc.ac.jp/albums/abm.php?d=771&f=abm00005960.pdf&n=2025_op_37_seibutsukiso.pdf,グリコーゲン=ぐりこーげん｜血糖濃度=けっとうのうど｜代謝=たいしゃ｜肝臓=かんぞう
生物基礎_Deck1_最重要骨格,BB-000162,162,Deck1・最重要骨格,生物の多様性と生態系,植生と遷移,バイオーム,ばいおーむ,生物群系,なし,BB-000162-C01,identify,気候に対応して成立する、相観の似た植生とそこにすむ動物を含む大規模な生物群集を何というか,気候に対応して成立する、相観の似た植生とそこにすむ動物を含む大規模な生物群集を何というか。,バイオーム,バイオーム｜生物群系,陸上のバイオームは主に年平均気温と年降水量に対応して分布する。,生態系,バイオームは気候に対応する大規模な生物群集、生態系は生物群集と非生物的環境のまとまりである。,なし,なし,なし,文部科学省「高等学校学習指導要領（平成30年告示）解説 理科編 理数編」｜大学入試センター「令和7年度大学入学共通テスト 生物基礎」,https://www.mext.go.jp/content/20250311-mxt_kyoiku02-100002620_05.pdf｜https://www.dnc.ac.jp/albums/abm.php?d=771&f=abm00005960.pdf&n=2025_op_37_seibutsukiso.pdf,バイオーム=ばいおーむ｜年平均気温=ねんへいきんきおん｜年降水量=ねんこうすいりょう｜生物群集=せいぶつぐんしゅう｜植生=しょくせい｜相観=そうかん
生物基礎_Deck1_最重要骨格,BB-000163,163,Deck1・最重要骨格,生物の特徴,生物の共通性と多様性,細胞小器官,さいぼうしょうきかん,なし,BB-000025,BB-000163-C01,identify,真核細胞内で、特定の構造と働きをもつ部分の総称は何か,真核細胞内で、特定の構造と働きをもつ部分の総称は何か。,細胞小器官,細胞小器官,核、ミトコンドリア、葉緑体などが細胞小器官に含まれる。,細胞,細胞は生命の基本単位、細胞小器官は細胞内の機能的な構造である。,なし,なし,なし,文部科学省「高等学校学習指導要領（平成30年告示）解説 理科編 理数編」｜大学入試センター「令和7年度大学入学共通テスト 生物基礎」,https://www.mext.go.jp/content/20250311-mxt_kyoiku02-100002620_05.pdf｜https://www.dnc.ac.jp/albums/abm.php?d=771&f=abm00005960.pdf&n=2025_op_37_seibutsukiso.pdf,ミトコンドリア=みとこんどりあ｜細胞小器官=さいぼうしょうきかん｜真核細胞=しんかくさいぼう｜葉緑体=ようりょくたい
生物基礎_Deck1_最重要骨格,BB-000164,164,Deck1・最重要骨格,ヒトの体の調節,体内環境の維持,グリコーゲン,ぐりこーげん,なし,BB-000161｜BB-000065,BB-000164-C01,identify,多数のグルコースが結合した、動物の肝臓や筋肉に蓄えられる多糖は何か,多数のグルコースが結合した、動物の肝臓や筋肉に蓄えられる多糖は何か。,グリコーゲン,グリコーゲン,血糖濃度が高いと肝臓で合成され、低いと分解されてグルコース供給に役立つ。,グルコース,グルコースは単糖、グリコーゲンはその貯蔵形である多糖である。,なし,なし,なし,文部科学省「高等学校学習指導要領（平成30年告示）解説 理科編 理数編」｜大学入試センター「令和7年度大学入学共通テスト 生物基礎」,https://www.mext.go.jp/content/20250311-mxt_kyoiku02-100002620_05.pdf｜https://www.dnc.ac.jp/albums/abm.php?d=771&f=abm00005960.pdf&n=2025_op_37_seibutsukiso.pdf,グリコーゲン=ぐりこーげん｜グルコース=ぐるこーす｜血糖濃度=けっとうのうど｜肝臓=かんぞう
生物基礎_Deck1_最重要骨格,BB-000165,165,Deck1・最重要骨格,生物の多様性と生態系,植生と遷移,年平均気温,ねんへいきんきおん,なし,BB-000162,BB-000165-C01,identify,一年間の平均気温で、陸上バイオームの分布を決める主要な気候要因の一つを何というか,一年間の平均気温で、陸上バイオームの分布を決める主要な気候要因の一つを何というか。,年平均気温,年平均気温,年平均気温は緯度や標高と関係し、低いほど寒冷地のバイオームになりやすい。,年降水量,年平均気温は温度、年降水量は一年間の降水の総量である。,なし,なし,なし,文部科学省「高等学校学習指導要領（平成30年告示）解説 理科編 理数編」,https://www.mext.go.jp/content/20250311-mxt_kyoiku02-100002620_05.pdf,バイオーム=ばいおーむ｜年平均気温=ねんへいきんきおん
生物基礎_Deck1_最重要骨格,BB-000166,166,Deck1・最重要骨格,生物の特徴,生物の共通性と多様性,細胞質基質,さいぼうしつきしつ,なし,BB-000001,BB-000166-C01,identify,細胞内で、細胞小器官を除いた液状の部分を何というか,細胞内で、細胞小器官を除いた液状の部分を何というか。,細胞質基質,細胞質基質,細胞質基質では解糖系を含むさまざまな代謝反応が進む。,細胞質,細胞質基質は液状部分、細胞質は一般に核以外の細胞内容全体を指す。,なし,なし,なし,文部科学省「高等学校学習指導要領（平成30年告示）解説 理科編 理数編」,https://www.mext.go.jp/content/20250311-mxt_kyoiku02-100002620_05.pdf,細胞小器官=さいぼうしょうきかん｜細胞質基質=さいぼうしつきしつ｜代謝=たいしゃ
生物基礎_Deck1_最重要骨格,BB-000167,167,Deck1・最重要骨格,ヒトの体の調節,体内環境の維持,糖尿病,とうにょうびょう,なし,BB-000011｜BB-000065,BB-000167-C01,identify,インスリンの不足や作用低下などにより、慢性的に血糖濃度が高くなる病気を何というか,インスリンの不足や作用低下などにより、慢性的に血糖濃度が高くなる病気を何というか。,糖尿病,糖尿病,高血糖が続くと血管や神経などに合併症を生じることがある。,低血糖,糖尿病は慢性的な高血糖、低血糖は血糖濃度が過度に低い状態である。,なし,なし,なし,文部科学省「高等学校学習指導要領（平成30年告示）解説 理科編 理数編」,https://www.mext.go.jp/content/20250311-mxt_kyoiku02-100002620_05.pdf,インスリン=いんすりん｜血糖濃度=けっとうのうど｜糖尿病=とうにょうびょう
生物基礎_Deck1_最重要骨格,BB-000168,168,Deck1・最重要骨格,生物の多様性と生態系,植生と遷移,年降水量,ねんこうすいりょう,なし,BB-000162,BB-000168-C01,identify,一年間に降る雨や雪の量の合計で、陸上バイオームの分布を決める主要な気候要因の一つを何というか,一年間に降る雨や雪の量の合計で、陸上バイオームの分布を決める主要な気候要因の一つを何というか。,年降水量,年降水量,同程度の気温でも、年降水量が少ないと森林ではなく草原や砂漠になりやすい。,年平均気温,年降水量は水分条件、年平均気温は温度条件を表す。,なし,なし,なし,文部科学省「高等学校学習指導要領（平成30年告示）解説 理科編 理数編」,https://www.mext.go.jp/content/20250311-mxt_kyoiku02-100002620_05.pdf,バイオーム=ばいおーむ｜年降水量=ねんこうすいりょう｜砂漠=さばく｜草原=そうげん
生物基礎_Deck1_最重要骨格,BB-000169,169,Deck1・最重要骨格,生物の特徴,生物の共通性と多様性,細胞壁,さいぼうへき,なし,BB-000049,BB-000169-C01,identify,植物細胞や細菌などで、細胞膜の外側にあり細胞を支える構造は何か,植物細胞や細菌などで、細胞膜の外側にあり細胞を支える構造は何か。,細胞壁,細胞壁,植物の細胞壁は主にセルロースからなり、形の維持に役立つ。,細胞膜,細胞壁は支持構造、細胞膜は物質の出入りを調節する膜である。,なし,なし,なし,文部科学省「高等学校学習指導要領（平成30年告示）解説 理科編 理数編」｜大学入試センター「令和7年度大学入学共通テスト 生物基礎」,https://www.mext.go.jp/content/20250311-mxt_kyoiku02-100002620_05.pdf｜https://www.dnc.ac.jp/albums/abm.php?d=771&f=abm00005960.pdf&n=2025_op_37_seibutsukiso.pdf,植物細胞=しょくぶつさいぼう｜細胞壁=さいぼうへき｜細胞膜=さいぼうまく
生物基礎_Deck1_最重要骨格,BB-000170,170,Deck1・最重要骨格,ヒトの体の調節,体内環境の維持,アドレナリン,あどれなりん,エピネフリン,なし,BB-000170-C01,identify,副腎髄質から分泌され、心拍を促進し血糖濃度を上げるホルモンは何か,副腎髄質から分泌され、心拍を促進し血糖濃度を上げるホルモンは何か。,アドレナリン,アドレナリン｜エピネフリン,アドレナリンは緊急時や運動時にエネルギー供給を高める。,グルカゴン,どちらも血糖を上げるが、アドレナリンは副腎髄質、グルカゴンは膵島α細胞から分泌される。,なし,なし,なし,文部科学省「高等学校学習指導要領（平成30年告示）解説 理科編 理数編」,https://www.mext.go.jp/content/20250311-mxt_kyoiku02-100002620_05.pdf,アドレナリン=あどれなりん｜ホルモン=ほるもん｜副腎髄質=ふくじんずいしつ｜血糖濃度=けっとうのうど
生物基礎_Deck1_最重要骨格,BB-000171,171,Deck1・最重要骨格,生物の多様性と生態系,植生と遷移,緯度分布,いどぶんぷ,なし,BB-000162,BB-000171-C01,identify,赤道から極へ向かう緯度の変化に伴って、バイオームが帯状に変化する分布を何というか,赤道から極へ向かう緯度の変化に伴って、バイオームが帯状に変化する分布を何というか。,緯度分布,緯度分布,低緯度から高緯度へ、熱帯林、温帯林、針葉樹林、ツンドラなどへ変化する。,垂直分布,緯度分布は南北方向、垂直分布は標高方向の変化である。,なし,なし,なし,文部科学省「高等学校学習指導要領（平成30年告示）解説 理科編 理数編」,https://www.mext.go.jp/content/20250311-mxt_kyoiku02-100002620_05.pdf,バイオーム=ばいおーむ｜ツンドラ=つんどら｜緯度分布=いどぶんぷ｜針葉樹林=しんようじゅりん
生物基礎_Deck1_最重要骨格,BB-000172,172,Deck1・最重要骨格,生物の特徴,生物の共通性と多様性,液胞,えきほう,なし,なし,BB-000172-C01,identify,植物細胞で発達し、水やさまざまな物質を蓄える細胞小器官は何か,植物細胞で発達し、水やさまざまな物質を蓄える細胞小器官は何か。,液胞,液胞,成熟した植物細胞では大きな液胞がみられ、細胞の形の維持にも関わる。,葉緑体,液胞は物質の貯蔵、葉緑体は光合成を主に担う。,なし,なし,なし,文部科学省「高等学校学習指導要領（平成30年告示）解説 理科編 理数編」,https://www.mext.go.jp/content/20250311-mxt_kyoiku02-100002620_05.pdf,細胞小器官=さいぼうしょうきかん｜植物細胞=しょくぶつさいぼう｜液胞=えきほう
生物基礎_Deck1_最重要骨格,BB-000173,173,Deck1・最重要骨格,ヒトの体の調節,体内環境の維持,糖質コルチコイド,とうしつこるちこいど,グルココルチコイド,なし,BB-000173-C01,identify,副腎皮質から分泌され、タンパク質からの糖新生などを促して血糖濃度を上げるホルモン群を何というか,副腎皮質から分泌され、タンパク質からの糖新生などを促して血糖濃度を上げるホルモン群を何というか。,糖質コルチコイド,糖質コルチコイド｜グルココルチコイド,ストレス時の代謝調節にも関わり、下垂体前葉の副腎皮質刺激ホルモンで分泌が促進される。,アドレナリン,糖質コルチコイドは副腎皮質、アドレナリンは副腎髄質から分泌される。,なし,なし,なし,文部科学省「高等学校学習指導要領（平成30年告示）解説 理科編 理数編」,https://www.mext.go.jp/content/20250311-mxt_kyoiku02-100002620_05.pdf,副腎皮質刺激ホルモン=ふくじんひしつしげきほるもん｜糖質コルチコイド=とうしつこるちこいど｜タンパク質=たんぱくしつ｜血糖濃度=けっとうのうど｜下垂体=かすいたい｜糖新生=とうしんせい
生物基礎_Deck1_最重要骨格,BB-000174,174,Deck1・最重要骨格,生物の多様性と生態系,植生と遷移,垂直分布,すいちょくぶんぷ,なし,BB-000162,BB-000174-C01,identify,山地で標高が高くなるにつれて、植生帯が変化する分布を何というか,山地で標高が高くなるにつれて、植生帯が変化する分布を何というか。,垂直分布,垂直分布,標高が上がると気温が下がるため、低地から山地帯・亜高山帯・高山帯へ変化する。,緯度分布,垂直分布は標高方向、緯度分布は南北方向の変化である。,なし,なし,なし,文部科学省「高等学校学習指導要領（平成30年告示）解説 理科編 理数編」,https://www.mext.go.jp/content/20250311-mxt_kyoiku02-100002620_05.pdf,亜高山帯=あこうざんたい｜垂直分布=すいちょくぶんぷ｜植生=しょくせい
生物基礎_Deck1_最重要骨格,BB-000175,175,Deck1・最重要骨格,生物の特徴,生物の共通性と多様性,植物細胞,しょくぶつさいぼう,なし,BB-000025,BB-000175-C01,identify,細胞壁や大きな液胞をもち、光合成を行う組織では葉緑体をもつ真核細胞を何というか,細胞壁や大きな液胞をもち、光合成を行う組織では葉緑体をもつ真核細胞を何というか。,植物細胞,植物細胞,植物細胞にも細胞膜、核、ミトコンドリアなどがある。,動物細胞,植物細胞は通常、細胞壁と発達した液胞をもち、動物細胞はもたない。,なし,なし,なし,文部科学省「高等学校学習指導要領（平成30年告示）解説 理科編 理数編」｜大学入試センター「令和7年度大学入学共通テスト 生物基礎」,https://www.mext.go.jp/content/20250311-mxt_kyoiku02-100002620_05.pdf｜https://www.dnc.ac.jp/albums/abm.php?d=771&f=abm00005960.pdf&n=2025_op_37_seibutsukiso.pdf,ミトコンドリア=みとこんどりあ｜植物細胞=しょくぶつさいぼう｜真核細胞=しんかくさいぼう｜光合成=こうごうせい｜細胞壁=さいぼうへき｜細胞膜=さいぼうまく
生物基礎_Deck1_最重要骨格,BB-000176,176,Deck1・最重要骨格,ヒトの体の調節,体内環境の維持,チロキシン,ちろきしん,なし,なし,BB-000176-C01,identify,甲状腺から分泌され、全身の代謝を促進するホルモンは何か,甲状腺から分泌され、全身の代謝を促進するホルモンは何か。,チロキシン,チロキシン,チロキシンの分泌は視床下部と下垂体を含む負のフィードバックで調節される。,甲状腺刺激ホルモン,チロキシンは甲状腺から標的組織へ作用し、甲状腺刺激ホルモンは下垂体から甲状腺へ作用する。,なし,なし,なし,文部科学省「高等学校学習指導要領（平成30年告示）解説 理科編 理数編」,https://www.mext.go.jp/content/20250311-mxt_kyoiku02-100002620_05.pdf,負のフィードバック=ふのふぃーどばっく｜チロキシン=ちろきしん｜ホルモン=ほるもん｜視床下部=ししょうかぶ｜下垂体=かすいたい｜甲状腺=こうじょうせん
生物基礎_Deck1_最重要骨格,BB-000177,177,Deck1・最重要骨格,生物の多様性と生態系,植生と遷移,森林限界,しんりんげんかい,なし,BB-000174,BB-000177-C01,identify,低温や強風などのため、高木からなる森林が成立できる上限を何というか,低温や強風などのため、高木からなる森林が成立できる上限を何というか。,森林限界,森林限界,森林限界より高い場所では低木や草本が中心の高山帯となる。,樹木限界,森林限界は森林として成立する上限、樹木限界は樹木個体が生育できる上限を指すことが多い。,なし,なし,なし,文部科学省「高等学校学習指導要領（平成30年告示）解説 理科編 理数編」,https://www.mext.go.jp/content/20250311-mxt_kyoiku02-100002620_05.pdf,森林限界=しんりんげんかい｜高山帯=こうざんたい｜草本=そうほん
生物基礎_Deck1_最重要骨格,BB-000178,178,Deck1・最重要骨格,生物の特徴,生物の共通性と多様性,動物細胞,どうぶつさいぼう,なし,BB-000025,BB-000178-C01,identify,細胞壁や葉緑体をもたない、動物を構成する真核細胞を何というか,細胞壁や葉緑体をもたない、動物を構成する真核細胞を何というか。,動物細胞,動物細胞,動物細胞にも細胞膜、核、ミトコンドリアなどがある。,植物細胞,動物細胞は細胞壁や葉緑体をもたず、植物細胞は通常それらをもつ。,なし,なし,なし,文部科学省「高等学校学習指導要領（平成30年告示）解説 理科編 理数編」｜大学入試センター「令和7年度大学入学共通テスト 生物基礎」,https://www.mext.go.jp/content/20250311-mxt_kyoiku02-100002620_05.pdf｜https://www.dnc.ac.jp/albums/abm.php?d=771&f=abm00005960.pdf&n=2025_op_37_seibutsukiso.pdf,ミトコンドリア=みとこんどりあ｜動物細胞=どうぶつさいぼう｜真核細胞=しんかくさいぼう｜細胞壁=さいぼうへき｜細胞膜=さいぼうまく｜葉緑体=ようりょくたい
生物基礎_Deck1_最重要骨格,BB-000179,179,Deck1・最重要骨格,ヒトの体の調節,体内環境の維持,成長ホルモン,せいちょうほるもん,なし,なし,BB-000179-C01,identify,下垂体前葉から分泌され、骨や筋肉などの成長を促進するホルモンは何か,下垂体前葉から分泌され、骨や筋肉などの成長を促進するホルモンは何か。,成長ホルモン,成長ホルモン,成長ホルモンはタンパク質合成や体の成長に関わる。,チロキシン,成長ホルモンは成長促進、チロキシンは代謝促進を主に担う。,なし,なし,なし,文部科学省「高等学校学習指導要領（平成30年告示）解説 理科編 理数編」,https://www.mext.go.jp/content/20250311-mxt_kyoiku02-100002620_05.pdf,成長ホルモン=せいちょうほるもん｜タンパク質=たんぱくしつ｜下垂体=かすいたい
生物基礎_Deck1_最重要骨格,BB-000180,180,Deck1・最重要骨格,生物の多様性と生態系,植生と遷移,熱帯多雨林,ねったいたうりん,熱帯雨林,BB-000162,BB-000180-C01,identify,一年中高温で降水量が多い地域に成立する、常緑広葉樹中心の多層な森林を何というか,一年中高温で降水量が多い地域に成立する、常緑広葉樹中心の多層な森林を何というか。,熱帯多雨林,熱帯多雨林｜熱帯雨林,生物種が非常に多く、赤道付近に広く分布する。,亜熱帯多雨林,熱帯多雨林は赤道近くの熱帯、亜熱帯多雨林はその周辺の亜熱帯に成立する。,なし,なし,なし,文部科学省「高等学校学習指導要領（平成30年告示）解説 理科編 理数編」,https://www.mext.go.jp/content/20250311-mxt_kyoiku02-100002620_05.pdf,常緑広葉樹=じょうりょくこうようじゅ｜熱帯多雨林=ねったいたうりん
生物基礎_Deck1_最重要骨格,BB-000181,181,Deck1・最重要骨格,生物の特徴,生物の共通性と多様性,原核生物,げんかくせいぶつ,なし,BB-000022,BB-000181-C01,identify,原核細胞からなる生物を何というか,原核細胞からなる生物を何というか。,原核生物,原核生物,細菌と古細菌は原核生物に含まれる。,真核生物,原核生物は核膜で囲まれた核をもたず、真核生物はもつ。,なし,なし,なし,文部科学省「高等学校学習指導要領（平成30年告示）解説 理科編 理数編」｜大学入試センター「令和7年度大学入学共通テスト 生物基礎」,https://www.mext.go.jp/content/20250311-mxt_kyoiku02-100002620_05.pdf｜https://www.dnc.ac.jp/albums/abm.php?d=771&f=abm00005960.pdf&n=2025_op_37_seibutsukiso.pdf,原核生物=げんかくせいぶつ｜原核細胞=げんかくさいぼう
生物基礎_Deck1_最重要骨格,BB-000182,182,Deck1・最重要骨格,ヒトの体の調節,体内環境の維持,抗利尿ホルモン,こうりにょうほるもん,ADH｜バソプレシン,なし,BB-000182-C01,identify,腎臓での水の再吸収を促進し、尿量を減らすホルモンは何か,腎臓での水の再吸収を促進し、尿量を減らすホルモンは何か。,抗利尿ホルモン,抗利尿ホルモン｜ADH｜バソプレシン,抗利尿ホルモンは視床下部でつくられ、下垂体後葉から放出される。,アルドステロン,抗利尿ホルモンは主に水の再吸収を促し、アルドステロンは主にナトリウムイオンの再吸収を促す。,なし,なし,なし,文部科学省「高等学校学習指導要領（平成30年告示）解説 理科編 理数編」,https://www.mext.go.jp/content/20250311-mxt_kyoiku02-100002620_05.pdf,抗利尿ホルモン=こうりにょうほるもん｜視床下部=ししょうかぶ｜下垂体=かすいたい｜再吸収=さいきゅうしゅう｜腎臓=じんぞう
生物基礎_Deck1_最重要骨格,BB-000183,183,Deck1・最重要骨格,生物の多様性と生態系,植生と遷移,亜熱帯多雨林,あねったいたうりん,なし,BB-000162,BB-000183-C01,identify,暖かく降水量の多い亜熱帯に成立し、日本では南西諸島などにみられる森林を何というか,暖かく降水量の多い亜熱帯に成立し、日本では南西諸島などにみられる森林を何というか。,亜熱帯多雨林,亜熱帯多雨林,ガジュマル、アコウ、ヘゴなどがみられる。,熱帯多雨林,亜熱帯多雨林は亜熱帯、熱帯多雨林はより低緯度の熱帯に成立する。,なし,なし,なし,文部科学省「高等学校学習指導要領（平成30年告示）解説 理科編 理数編」,https://www.mext.go.jp/content/20250311-mxt_kyoiku02-100002620_05.pdf,亜熱帯多雨林=あねったいたうりん
生物基礎_Deck1_最重要骨格,BB-000184,184,Deck1・最重要骨格,生物の特徴,生物の共通性と多様性,真核生物,しんかくせいぶつ,なし,BB-000025,BB-000184-C01,identify,真核細胞からなる生物を何というか,真核細胞からなる生物を何というか。,真核生物,真核生物,動物、植物、菌類、原生生物などが真核生物に含まれる。,原核生物,真核生物は核膜で囲まれた核をもち、原核生物はもたない。,なし,なし,なし,文部科学省「高等学校学習指導要領（平成30年告示）解説 理科編 理数編」｜大学入試センター「令和7年度大学入学共通テスト 生物基礎」,https://www.mext.go.jp/content/20250311-mxt_kyoiku02-100002620_05.pdf｜https://www.dnc.ac.jp/albums/abm.php?d=771&f=abm00005960.pdf&n=2025_op_37_seibutsukiso.pdf,真核生物=しんかくせいぶつ｜真核細胞=しんかくさいぼう
生物基礎_Deck1_最重要骨格,BB-000185,185,Deck1・最重要骨格,ヒトの体の調節,情報の伝達,下垂体,かすいたい,なし,BB-000059,BB-000185-C01,identify,視床下部の下にあり、多くの内分泌腺を調節するホルモンを分泌する器官は何か,視床下部の下にあり、多くの内分泌腺を調節するホルモンを分泌する器官は何か。,下垂体,下垂体,下垂体は前葉と後葉に分かれ、視床下部の調節を受ける。,視床下部,視床下部は調節中枢、下垂体はその指令に応じてホルモンを分泌・放出する。,なし,なし,なし,文部科学省「高等学校学習指導要領（平成30年告示）解説 理科編 理数編」｜大学入試センター「令和7年度大学入学共通テスト 生物基礎」,https://www.mext.go.jp/content/20250311-mxt_kyoiku02-100002620_05.pdf｜https://www.dnc.ac.jp/albums/abm.php?d=771&f=abm00005960.pdf&n=2025_op_37_seibutsukiso.pdf,ホルモン=ほるもん｜内分泌腺=ないぶんぴつせん｜視床下部=ししょうかぶ｜下垂体=かすいたい
生物基礎_Deck1_最重要骨格,BB-000186,186,Deck1・最重要骨格,生物の多様性と生態系,植生と遷移,雨緑樹林,うりょくじゅりん,熱帯季節林,BB-000162,BB-000186-C01,identify,高温だが雨季と乾季が明瞭な地域に成立し、乾季に落葉する樹木が多い森林を何というか,高温だが雨季と乾季が明瞭な地域に成立し、乾季に落葉する樹木が多い森林を何というか。,雨緑樹林,雨緑樹林｜熱帯季節林,チークなどの落葉広葉樹がみられる。,熱帯多雨林,雨緑樹林は乾季に落葉し、熱帯多雨林は一年中湿潤で常緑樹が多い。,なし,なし,なし,文部科学省「高等学校学習指導要領（平成30年告示）解説 理科編 理数編」,https://www.mext.go.jp/content/20250311-mxt_kyoiku02-100002620_05.pdf,落葉広葉樹=らくようこうようじゅ｜雨緑樹林=うりょくじゅりん
生物基礎_Deck1_最重要骨格,BB-000187,187,Deck1・最重要骨格,生物の特徴,生物の共通性と多様性,単細胞生物,たんさいぼうせいぶつ,なし,BB-000001,BB-000187-C01,identify,一個の細胞だけで個体をつくる生物を何というか,一個の細胞だけで個体をつくる生物を何というか。,単細胞生物,単細胞生物,細菌、ゾウリムシ、酵母などが代表例である。,多細胞生物,単細胞生物は一細胞で一個体、多細胞生物は多数の細胞で一個体をつくる。,なし,なし,なし,文部科学省「高等学校学習指導要領（平成30年告示）解説 理科編 理数編」,https://www.mext.go.jp/content/20250311-mxt_kyoiku02-100002620_05.pdf,単細胞生物=たんさいぼうせいぶつ
生物基礎_Deck1_最重要骨格,BB-000188,188,Deck1・最重要骨格,ヒトの体の調節,情報の伝達,甲状腺,こうじょうせん,なし,なし,BB-000188-C01,identify,首の前部にあり、チロキシンを分泌する内分泌腺は何か,首の前部にあり、チロキシンを分泌する内分泌腺は何か。,甲状腺,甲状腺,甲状腺は下垂体前葉からの甲状腺刺激ホルモンによって刺激される。,副甲状腺,甲状腺は主にチロキシン、副甲状腺は主にパラトルモンを分泌する。,なし,なし,なし,文部科学省「高等学校学習指導要領（平成30年告示）解説 理科編 理数編」,https://www.mext.go.jp/content/20250311-mxt_kyoiku02-100002620_05.pdf,甲状腺刺激ホルモン=こうじょうせんしげきほるもん｜チロキシン=ちろきしん｜内分泌腺=ないぶんぴつせん｜下垂体=かすいたい
生物基礎_Deck1_最重要骨格,BB-000189,189,Deck1・最重要骨格,生物の多様性と生態系,植生と遷移,照葉樹林,しょうようじゅりん,常緑広葉樹林,BB-000162,BB-000189-C01,identify,暖温帯に成立し、厚く光沢のある葉をもつ常緑広葉樹が優占する森林を何というか,暖温帯に成立し、厚く光沢のある葉をもつ常緑広葉樹が優占する森林を何というか。,照葉樹林,照葉樹林｜常緑広葉樹林,シイ、カシ、クスノキなどが代表的で、日本の西南部に広くみられる。,夏緑樹林,照葉樹林は常緑広葉樹、夏緑樹林は冬に落葉する広葉樹が優占する。,なし,なし,なし,文部科学省「高等学校学習指導要領（平成30年告示）解説 理科編 理数編」,https://www.mext.go.jp/content/20250311-mxt_kyoiku02-100002620_05.pdf,常緑広葉樹=じょうりょくこうようじゅ｜照葉樹林=しょうようじゅりん
生物基礎_Deck1_最重要骨格,BB-000190,190,Deck1・最重要骨格,生物の特徴,生物の共通性と多様性,多細胞生物,たさいぼうせいぶつ,なし,BB-000001｜BB-000157,BB-000190-C01,identify,多数の細胞が分化・協調して一個体をつくる生物を何というか,多数の細胞が分化・協調して一個体をつくる生物を何というか。,多細胞生物,多細胞生物,動物や植物の多くは多細胞生物である。,単細胞生物,多細胞生物は多数の細胞で一個体、単細胞生物は一細胞で一個体をつくる。,なし,なし,なし,文部科学省「高等学校学習指導要領（平成30年告示）解説 理科編 理数編」,https://www.mext.go.jp/content/20250311-mxt_kyoiku02-100002620_05.pdf,多細胞生物=たさいぼうせいぶつ
生物基礎_Deck1_最重要骨格,BB-000191,191,Deck1・最重要骨格,ヒトの体の調節,情報の伝達,副腎髄質,ふくじんずいしつ,なし,なし,BB-000191-C01,identify,副腎の内側にあり、アドレナリンを分泌する部分は何か,副腎の内側にあり、アドレナリンを分泌する部分は何か。,副腎髄質,副腎髄質,副腎髄質は交感神経の刺激を受け、緊急時の反応に関わる。,副腎皮質,副腎髄質はアドレナリン、副腎皮質は糖質コルチコイドなどを分泌する。,なし,なし,なし,文部科学省「高等学校学習指導要領（平成30年告示）解説 理科編 理数編」,https://www.mext.go.jp/content/20250311-mxt_kyoiku02-100002620_05.pdf,アドレナリン=あどれなりん｜交感神経=こうかんしんけい｜副腎髄質=ふくじんずいしつ
生物基礎_Deck1_最重要骨格,BB-000192,192,Deck1・最重要骨格,生物の多様性と生態系,植生と遷移,夏緑樹林,かりょくじゅりん,落葉広葉樹林,BB-000162,BB-000192-C01,identify,冷温帯に成立し、冬に葉を落とす落葉広葉樹が優占する森林を何というか,冷温帯に成立し、冬に葉を落とす落葉広葉樹が優占する森林を何というか。,夏緑樹林,夏緑樹林｜落葉広葉樹林,ブナ、ミズナラ、カエデ類などが代表的である。,照葉樹林,夏緑樹林は冬に落葉し、照葉樹林は常緑広葉樹が優占する。,なし,なし,なし,文部科学省「高等学校学習指導要領（平成30年告示）解説 理科編 理数編」,https://www.mext.go.jp/content/20250311-mxt_kyoiku02-100002620_05.pdf,落葉広葉樹=らくようこうようじゅ｜夏緑樹林=かりょくじゅりん
生物基礎_Deck1_最重要骨格,BB-000193,193,Deck1・最重要骨格,生物の特徴,生物の共通性と多様性,生物の共通性,せいぶつのきょうつうせい,なし,なし,BB-000193-C01,identify,すべての生物に、細胞・DNA・ATPの利用など共通する特徴があることを何というか,すべての生物に、細胞・DNA・ATPの利用など共通する特徴があることを何というか。,生物の共通性,生物の共通性,生物の共通性は、生物が共通祖先から進化したことと関係する。,生物の多様性,共通性は共通する基本特徴、多様性は形や働きの違いに注目する。,なし,なし,なし,文部科学省「高等学校学習指導要領（平成30年告示）解説 理科編 理数編」,https://www.mext.go.jp/content/20250311-mxt_kyoiku02-100002620_05.pdf,生物の共通性=せいぶつのきょうつうせい｜共通祖先=きょうつうそせん｜細胞=さいぼう｜進化=しんか
生物基礎_Deck1_最重要骨格,BB-000194,194,Deck1・最重要骨格,ヒトの体の調節,情報の伝達,副腎皮質,ふくじんひしつ,なし,なし,BB-000194-C01,identify,副腎の外側にあり、糖質コルチコイドなどを分泌する部分は何か,副腎の外側にあり、糖質コルチコイドなどを分泌する部分は何か。,副腎皮質,副腎皮質,副腎皮質は下垂体前葉の副腎皮質刺激ホルモンによる調節を受ける。,副腎髄質,副腎皮質は糖質コルチコイド、副腎髄質はアドレナリンを分泌する。,なし,なし,なし,文部科学省「高等学校学習指導要領（平成30年告示）解説 理科編 理数編」,https://www.mext.go.jp/content/20250311-mxt_kyoiku02-100002620_05.pdf,副腎皮質刺激ホルモン=ふくじんひしつしげきほるもん｜糖質コルチコイド=とうしつこるちこいど｜下垂体=かすいたい
生物基礎_Deck1_最重要骨格,BB-000195,195,Deck1・最重要骨格,生物の多様性と生態系,植生と遷移,針葉樹林,しんようじゅりん,タイガ,BB-000162,BB-000195-C01,identify,寒冷な亜寒帯や山地の亜高山帯に成立し、針葉樹が優占する森林を何というか,寒冷な亜寒帯や山地の亜高山帯に成立し、針葉樹が優占する森林を何というか。,針葉樹林,針葉樹林｜タイガ,亜寒帯ではトウヒ・モミ類、日本の亜高山帯ではシラビソなどがみられる。,夏緑樹林,針葉樹林は針葉樹、夏緑樹林は落葉広葉樹が優占する。,なし,なし,なし,文部科学省「高等学校学習指導要領（平成30年告示）解説 理科編 理数編」,https://www.mext.go.jp/content/20250311-mxt_kyoiku02-100002620_05.pdf,亜高山帯=あこうざんたい｜針葉樹林=しんようじゅりん｜亜寒帯=あかんたい
生物基礎_Deck1_最重要骨格,BB-000196,196,Deck1・最重要骨格,生物の特徴,生物の共通性と多様性,核様体,かくようたい,なし,BB-000022｜BB-000004,BB-000196-C01,identify,原核細胞で、DNAが存在する核膜に囲まれていない領域を何というか,原核細胞で、DNAが存在する核膜に囲まれていない領域を何というか。,核様体,核様体,核様体は真核細胞の核とは異なり、核膜で囲まれていない。,核,核様体は核膜をもたず、真核細胞の核は核膜で囲まれる。,なし,なし,なし,文部科学省「高等学校学習指導要領（平成30年告示）解説 理科編 理数編」｜大学入試センター「令和7年度大学入学共通テスト 生物基礎」,https://www.mext.go.jp/content/20250311-mxt_kyoiku02-100002620_05.pdf｜https://www.dnc.ac.jp/albums/abm.php?d=771&f=abm00005960.pdf&n=2025_op_37_seibutsukiso.pdf,原核細胞=げんかくさいぼう｜真核細胞=しんかくさいぼう｜核様体=かくようたい｜核膜=かくまく
生物基礎_Deck1_最重要骨格,BB-000197,197,Deck1・最重要骨格,ヒトの体の調節,情報の伝達,膵臓,すいぞう,すい臓,BB-000068,BB-000197-C01,identify,消化液を分泌するとともに、ランゲルハンス島からインスリンやグルカゴンを分泌する器官は何か,消化液を分泌するとともに、ランゲルハンス島からインスリンやグルカゴンを分泌する器官は何か。,膵臓,膵臓｜すい臓,膵臓は外分泌と内分泌の両方を行う。,肝臓,膵臓はインスリンなどを分泌し、肝臓はグリコーゲンの貯蔵・分解などを行う。,なし,なし,なし,文部科学省「高等学校学習指導要領（平成30年告示）解説 理科編 理数編」｜大学入試センター「令和7年度大学入学共通テスト 生物基礎」,https://www.mext.go.jp/content/20250311-mxt_kyoiku02-100002620_05.pdf｜https://www.dnc.ac.jp/albums/abm.php?d=771&f=abm00005960.pdf&n=2025_op_37_seibutsukiso.pdf,ランゲルハンス島=らんげるはんすとう｜インスリン=いんすりん｜グルカゴン=ぐるかごん｜膵臓=すいぞう
生物基礎_Deck1_最重要骨格,BB-000198,198,Deck1・最重要骨格,生物の多様性と生態系,植生と遷移,サバンナ,さばんな,サバナ,BB-000162,BB-000198-C01,identify,高温で雨季と乾季があり、草原に樹木がまばらに生えるバイオームを何というか,高温で雨季と乾季があり、草原に樹木がまばらに生えるバイオームを何というか。,サバンナ,サバンナ｜サバナ,熱帯・亜熱帯の降水量が森林成立には不足する地域にみられる。,ステップ,サバンナは熱帯・亜熱帯で樹木が点在し、ステップは主に温帯の短草草原である。,なし,なし,なし,文部科学省「高等学校学習指導要領（平成30年告示）解説 理科編 理数編」,https://www.mext.go.jp/content/20250311-mxt_kyoiku02-100002620_05.pdf,バイオーム=ばいおーむ｜サバンナ=さばんな｜草原=そうげん
生物基礎_Deck1_最重要骨格,BB-000199,199,Deck1・最重要骨格,生物の特徴,生物の共通性と多様性,共通祖先,きょうつうそせん,なし,BB-000193,BB-000199-C01,identify,異なる生物群が進化の過程でさかのぼる共有の祖先を何というか,異なる生物群が進化の過程でさかのぼる共有の祖先を何というか。,共通祖先,共通祖先,細胞、DNA、ATPなどの共通性は、共通祖先の存在を支持する。,進化,共通祖先は祖先となる生物、進化は世代を通じて生物集団が変化する過程である。,なし,なし,なし,文部科学省「高等学校学習指導要領（平成30年告示）解説 理科編 理数編」,https://www.mext.go.jp/content/20250311-mxt_kyoiku02-100002620_05.pdf,共通祖先=きょうつうそせん｜細胞=さいぼう｜進化=しんか
生物基礎_Deck1_最重要骨格,BB-000200,200,Deck1・最重要骨格,ヒトの体の調節,情報の伝達,甲状腺刺激ホルモン,こうじょうせんしげきほるもん,TSH,BB-000185｜BB-000188｜BB-000176,BB-000200-C01,identify,下垂体前葉から分泌され、甲状腺を刺激してチロキシン分泌を促すホルモンは何か,下垂体前葉から分泌され、甲状腺を刺激してチロキシン分泌を促すホルモンは何か。,甲状腺刺激ホルモン,甲状腺刺激ホルモン｜TSH,チロキシン濃度が上がると、負のフィードバックで甲状腺刺激ホルモンの分泌が抑えられる。,チロキシン,甲状腺刺激ホルモンは甲状腺を刺激し、チロキシンは全身の代謝を促進する。,なし,なし,なし,文部科学省「高等学校学習指導要領（平成30年告示）解説 理科編 理数編」,https://www.mext.go.jp/content/20250311-mxt_kyoiku02-100002620_05.pdf,甲状腺刺激ホルモン=こうじょうせんしげきほるもん｜負のフィードバック=ふのふぃーどばっく｜チロキシン=ちろきしん｜下垂体=かすいたい
生物基礎_Deck1_最重要骨格,BB-000201,201,Deck1・最重要骨格,生物の多様性と生態系,植生と遷移,ステップ,すてっぷ,温帯草原,BB-000162,BB-000201-C01,identify,温帯で降水量が少なく、樹木が少ない短草中心の草原バイオームを何というか,温帯で降水量が少なく、樹木が少ない短草中心の草原バイオームを何というか。,ステップ,ステップ｜温帯草原,ユーラシア内陸部などに広く分布する。,サバンナ,ステップは主に温帯、サバンナは熱帯・亜熱帯の草原である。,なし,なし,なし,文部科学省「高等学校学習指導要領（平成30年告示）解説 理科編 理数編」,https://www.mext.go.jp/content/20250311-mxt_kyoiku02-100002620_05.pdf,バイオーム=ばいおーむ｜ステップ=すてっぷ｜草原=そうげん
生物基礎_Deck1_最重要骨格,BB-000202,202,Deck1・最重要骨格,生物の特徴,生物の共通性と多様性,進化,しんか,なし,なし,BB-000202-C01,identify,生物の集団の遺伝的性質が世代を重ねて変化することを何というか,生物の集団の遺伝的性質が世代を重ねて変化することを何というか。,進化,進化,進化の結果、生物の共通性を保ちながら多様性が生じた。,細胞分化,進化は世代を超えた集団の変化、細胞分化は一個体内の細胞の変化である。,なし,なし,なし,文部科学省「高等学校学習指導要領（平成30年告示）解説 理科編 理数編」,https://www.mext.go.jp/content/20250311-mxt_kyoiku02-100002620_05.pdf,生物の共通性=せいぶつのきょうつうせい｜進化=しんか
生物基礎_Deck1_最重要骨格,BB-000203,203,Deck1・最重要骨格,ヒトの体の調節,情報の伝達,副腎皮質刺激ホルモン,ふくじんひしつしげきほるもん,ACTH,BB-000185｜BB-000194｜BB-000173,BB-000203-C01,identify,下垂体前葉から分泌され、副腎皮質を刺激するホルモンは何か,下垂体前葉から分泌され、副腎皮質を刺激するホルモンは何か。,副腎皮質刺激ホルモン,副腎皮質刺激ホルモン｜ACTH,副腎皮質刺激ホルモンは糖質コルチコイドの分泌を促す。,糖質コルチコイド,副腎皮質刺激ホルモンは下垂体から副腎皮質へ作用し、糖質コルチコイドは副腎皮質から全身へ作用する。,なし,なし,なし,文部科学省「高等学校学習指導要領（平成30年告示）解説 理科編 理数編」,https://www.mext.go.jp/content/20250311-mxt_kyoiku02-100002620_05.pdf,副腎皮質刺激ホルモン=ふくじんひしつしげきほるもん｜糖質コルチコイド=とうしつこるちこいど｜下垂体=かすいたい
生物基礎_Deck1_最重要骨格,BB-000204,204,Deck1・最重要骨格,生物の多様性と生態系,植生と遷移,砂漠,さばく,なし,BB-000162,BB-000204-C01,identify,降水量が非常に少なく、植物がまばらなバイオームを何というか,降水量が非常に少なく、植物がまばらなバイオームを何というか。,砂漠,砂漠,乾燥に耐える多肉植物や一年生植物などが限られて生育する。,ステップ,砂漠は降水がさらに少なく植物がまばら、ステップは草本が広く生育する。,なし,なし,なし,文部科学省「高等学校学習指導要領（平成30年告示）解説 理科編 理数編」,https://www.mext.go.jp/content/20250311-mxt_kyoiku02-100002620_05.pdf,バイオーム=ばいおーむ｜砂漠=さばく
生物基礎_Deck1_最重要骨格,BB-000205,205,Deck1・最重要骨格,生物の特徴,生物とエネルギー,触媒作用,しょくばいさよう,なし,BB-000019,BB-000205-C01,identify,化学反応の前後で自身は消費されず、反応を速める働きを何というか,化学反応の前後で自身は消費されず、反応を速める働きを何というか。,触媒作用,触媒作用,酵素は活性化エネルギーを下げることで触媒作用を示す。,酵素,触媒作用は働きの名称、酵素は生体内でその働きをする物質である。,なし,なし,なし,文部科学省「高等学校学習指導要領（平成30年告示）解説 理科編 理数編」,https://www.mext.go.jp/content/20250311-mxt_kyoiku02-100002620_05.pdf,活性化エネルギー=かっせいかえねるぎー｜触媒作用=しょくばいさよう｜酵素=こうそ
生物基礎_Deck1_最重要骨格,BB-000206,206,Deck1・最重要骨格,ヒトの体の調節,体内環境の維持,負のフィードバック,ふのふぃーどばっく,なし,なし,BB-000206-C01,identify,ある変化の結果が、最初の変化を打ち消す方向に働く調節を何というか,ある変化の結果が、最初の変化を打ち消す方向に働く調節を何というか。,負のフィードバック,負のフィードバック,ホルモン濃度が上がると上位の分泌が抑えられる仕組みなどにみられる。,正のフィードバック,負のフィードバックは変化を打ち消し、正のフィードバックは変化を増幅する。,なし,なし,なし,文部科学省「高等学校学習指導要領（平成30年告示）解説 理科編 理数編」｜大学入試センター「令和7年度大学入学共通テスト 生物基礎」,https://www.mext.go.jp/content/20250311-mxt_kyoiku02-100002620_05.pdf｜https://www.dnc.ac.jp/albums/abm.php?d=771&f=abm00005960.pdf&n=2025_op_37_seibutsukiso.pdf,負のフィードバック=ふのふぃーどばっく｜ホルモン=ほるもん
生物基礎_Deck1_最重要骨格,BB-000207,207,Deck1・最重要骨格,生物の多様性と生態系,植生と遷移,ツンドラ,つんどら,なし,BB-000162,BB-000207-C01,identify,寒帯に成立し、永久凍土上にコケ植物、地衣類、低木などが生育するバイオームを何というか,寒帯に成立し、永久凍土上にコケ植物、地衣類、低木などが生育するバイオームを何というか。,ツンドラ,ツンドラ,夏が短く低温で、高木の森林は成立しない。,針葉樹林,ツンドラは高木を欠き、針葉樹林は針葉樹の森林が成立する。,なし,なし,なし,文部科学省「高等学校学習指導要領（平成30年告示）解説 理科編 理数編」,https://www.mext.go.jp/content/20250311-mxt_kyoiku02-100002620_05.pdf,バイオーム=ばいおーむ｜コケ植物=こけしょくぶつ｜ツンドラ=つんどら｜永久凍土=えいきゅうとうど｜地衣類=ちいるい
生物基礎_Deck1_最重要骨格,BB-000208,208,Deck1・最重要骨格,生物の特徴,生物とエネルギー,基質,きしつ,なし,BB-000019,BB-000208-C01,identify,酵素が作用する相手の物質を何というか,酵素が作用する相手の物質を何というか。,基質,基質,基質は酵素の活性部位に結合し、反応を受ける。,酵素,基質は反応を受ける物質、酵素は反応を促進する物質である。,なし,なし,なし,文部科学省「高等学校学習指導要領（平成30年告示）解説 理科編 理数編」,https://www.mext.go.jp/content/20250311-mxt_kyoiku02-100002620_05.pdf,活性部位=かっせいぶい｜基質=きしつ｜酵素=こうそ
生物基礎_Deck1_最重要骨格,BB-000209,209,Deck1・最重要骨格,ヒトの体の調節,体内環境の維持,拮抗作用,きっこうさよう,なし,なし,BB-000209-C01,identify,二つの作用が互いに反対方向へ働き、状態を調節することを何というか,二つの作用が互いに反対方向へ働き、状態を調節することを何というか。,拮抗作用,拮抗作用,交感神経と副交感神経、インスリンとグルカゴンなどにみられる。,負のフィードバック,拮抗作用は二つの因子が逆向きに働くこと、負のフィードバックは結果が原因側を抑える調節である。,なし,なし,なし,文部科学省「高等学校学習指導要領（平成30年告示）解説 理科編 理数編」｜大学入試センター「令和7年度大学入学共通テスト 生物基礎」,https://www.mext.go.jp/content/20250311-mxt_kyoiku02-100002620_05.pdf｜https://www.dnc.ac.jp/albums/abm.php?d=771&f=abm00005960.pdf&n=2025_op_37_seibutsukiso.pdf,インスリン=いんすりん｜グルカゴン=ぐるかごん｜副交感神経=ふくこうかんしんけい｜拮抗作用=きっこうさよう
生物基礎_Deck1_最重要骨格,BB-000210,210,Deck1・最重要骨格,生物の多様性と生態系,植生と遷移,高山帯,こうざんたい,なし,BB-000177｜BB-000174,BB-000210-C01,identify,山地の森林限界より上にあり、高木が育たず低木や草本が中心となる植生帯を何というか,山地の森林限界より上にあり、高木が育たず低木や草本が中心となる植生帯を何というか。,高山帯,高山帯,日本ではハイマツや高山植物がみられる。,亜高山帯,高山帯は森林限界より上、亜高山帯はその下で針葉樹林が成立する。,なし,なし,なし,文部科学省「高等学校学習指導要領（平成30年告示）解説 理科編 理数編」,https://www.mext.go.jp/content/20250311-mxt_kyoiku02-100002620_05.pdf,森林限界=しんりんげんかい｜高山帯=こうざんたい｜植生=しょくせい｜草本=そうほん
生物基礎_Deck1_最重要骨格,BB-000211,211,Deck1・最重要骨格,生物の特徴,生物とエネルギー,基質特異性,きしつとくいせい,なし,BB-000019｜BB-000208,BB-000211-C01,identify,一つの酵素が特定の基質に選択的に作用する性質を何というか,一つの酵素が特定の基質に選択的に作用する性質を何というか。,基質特異性,基質特異性,酵素の立体構造と基質の形が合うことにより、作用する相手が限られる。,酵素の最適温度,基質特異性は作用相手の選択、最適温度は活性が最大となる温度条件である。,なし,なし,なし,文部科学省「高等学校学習指導要領（平成30年告示）解説 理科編 理数編」,https://www.mext.go.jp/content/20250311-mxt_kyoiku02-100002620_05.pdf,基質特異性=きしつとくいせい｜立体構造=りったいこうぞう｜酵素=こうそ
生物基礎_Deck1_最重要骨格,BB-000212,212,Deck1・最重要骨格,ヒトの体の調節,情報の伝達,神経系による調節,しんけいけいによるちょうせつ,なし,BB-000050｜BB-000047,BB-000212-C01,comparison,神経系の調節速度,神経系による調節は、一般に内分泌系による調節と比べて作用開始が速いか遅いか。,速い,速い｜作用開始が速い,神経の興奮は特定の経路を通って短時間で伝わる。,内分泌系による調節,神経系は速く局所的、内分泌系は比較的遅く広範囲に作用する。,なし,なし,なし,文部科学省「高等学校学習指導要領（平成30年告示）解説 理科編 理数編」,https://www.mext.go.jp/content/20250311-mxt_kyoiku02-100002620_05.pdf,内分泌系による調節=ないぶんぴつけいによるちょうせつ｜神経系による調節=しんけいけいによるちょうせつ
生物基礎_Deck1_最重要骨格,BB-000213,213,Deck1・最重要骨格,生物の多様性と生態系,植生と遷移,亜熱帯多雨林の代表種,あねったいたうりんのだいひょうしゅ,なし,BB-000183,BB-000213-C01,component,亜熱帯多雨林の代表植物,日本の亜熱帯多雨林にみられる代表的な植物を二つ答えよ。,ガジュマル・ヘゴ,ガジュマル・ヘゴ｜ガジュマルとヘゴ｜ヘゴ・ガジュマル｜ヘゴとガジュマル,ガジュマルやヘゴは、南西諸島などの暖かく湿潤な地域にみられる。,照葉樹林の代表種,亜熱帯多雨林はガジュマル・ヘゴ、照葉樹林はシイ・カシなどが代表的。,なし,なし,なし,文部科学省「高等学校学習指導要領（平成30年告示）解説 理科編 理数編」,https://www.mext.go.jp/content/20250311-mxt_kyoiku02-100002620_05.pdf,亜熱帯多雨林=あねったいたうりん
生物基礎_Deck1_最重要骨格,BB-000214,214,Deck1・最重要骨格,生物の特徴,生物とエネルギー,活性化エネルギー,かっせいかえねるぎー,なし,BB-000205,BB-000214-C01,identify,化学反応が始まるために越える必要があるエネルギーの障壁を何というか,化学反応が始まるために越える必要があるエネルギーの障壁を何というか。,活性化エネルギー,活性化エネルギー,酵素は活性化エネルギーを下げて反応速度を高める。,化学エネルギー,活性化エネルギーは反応開始の障壁、化学エネルギーは物質の化学結合に蓄えられたエネルギーである。,なし,なし,なし,文部科学省「高等学校学習指導要領（平成30年告示）解説 理科編 理数編」,https://www.mext.go.jp/content/20250311-mxt_kyoiku02-100002620_05.pdf,活性化エネルギー=かっせいかえねるぎー｜酵素=こうそ
生物基礎_Deck1_最重要骨格,BB-000215,215,Deck1・最重要骨格,ヒトの体の調節,情報の伝達,内分泌系による調節,ないぶんぴつけいによるちょうせつ,なし,BB-000047｜BB-000050,BB-000215-C01,comparison,内分泌系の作用持続時間,内分泌系による調節は、一般に神経系による調節と比べて効果が長く続くか短いか。,長く続くことが多い,長く続くことが多い｜比較的長く続く｜長い,ホルモンは血液で運ばれ、比較的ゆっくり作用して効果が長く続くことが多い。,神経系による調節,内分泌系は比較的遅く長い、神経系は速く短い調節が多い。,なし,なし,なし,文部科学省「高等学校学習指導要領（平成30年告示）解説 理科編 理数編」,https://www.mext.go.jp/content/20250311-mxt_kyoiku02-100002620_05.pdf,内分泌系による調節=ないぶんぴつけいによるちょうせつ｜神経系による調節=しんけいけいによるちょうせつ｜ホルモン=ほるもん｜血液=けつえき
生物基礎_Deck1_最重要骨格,BB-000216,216,Deck1・最重要骨格,生物の多様性と生態系,植生と遷移,照葉樹林の代表種,しょうようじゅりんのだいひょうしゅ,なし,BB-000189,BB-000216-C01,component,照葉樹林の代表樹種,日本の照葉樹林にみられる代表的な樹木を二つ答えよ。,シイ・カシ,シイ・カシ｜シイとカシ｜カシ・シイ｜カシとシイ,シイ類とカシ類は、暖温帯の常緑広葉樹林を代表する。,夏緑樹林の代表種,照葉樹林はシイ・カシ、夏緑樹林はブナ・ミズナラが代表的。,なし,なし,なし,文部科学省「高等学校学習指導要領（平成30年告示）解説 理科編 理数編」,https://www.mext.go.jp/content/20250311-mxt_kyoiku02-100002620_05.pdf,常緑広葉樹林=しょうようじゅりん｜照葉樹林=しょうようじゅりん
生物基礎_Deck1_最重要骨格,BB-000217,217,Deck1・最重要骨格,生物の特徴,生物とエネルギー,最適温度,さいてきおんど,なし,BB-000019,BB-000217-C01,identify,ある酵素の反応速度が最も大きくなる温度を何というか,ある酵素の反応速度が最も大きくなる温度を何というか。,最適温度,最適温度,最適温度を超えて高温になると、酵素が変性して活性が低下することがある。,最適pH,最適温度は温度条件、最適pHは酸性・アルカリ性の条件である。,なし,なし,なし,文部科学省「高等学校学習指導要領（平成30年告示）解説 理科編 理数編」,https://www.mext.go.jp/content/20250311-mxt_kyoiku02-100002620_05.pdf,最適温度=さいてきおんど｜変性=へんせい｜酵素=こうそ
生物基礎_Deck1_最重要骨格,BB-000218,218,Deck1・最重要骨格,ヒトの体の調節,情報の伝達,交感神経による心拍促進,こうかんしんけいによるしんぱくそくしん,なし,BB-000053,BB-000218-C01,relation,交感神経と心拍数,交感神経が心臓に作用すると、心拍数は増加するか減少するか。,増加する,増加する｜上がる｜多くなる,活動時に全身へ多くの血液を送るため、交感神経は心拍を促進する。,副交感神経による心拍抑制,交感神経は心拍を促進し、副交感神経は抑制する。,なし,なし,なし,文部科学省「高等学校学習指導要領（平成30年告示）解説 理科編 理数編」｜大学入試センター「令和7年度大学入学共通テスト 生物基礎」,https://www.mext.go.jp/content/20250311-mxt_kyoiku02-100002620_05.pdf｜https://www.dnc.ac.jp/albums/abm.php?d=771&f=abm00005960.pdf&n=2025_op_37_seibutsukiso.pdf,交感神経=こうかんしんけい｜血液=けつえき
生物基礎_Deck1_最重要骨格,BB-000219,219,Deck1・最重要骨格,生物の多様性と生態系,植生と遷移,夏緑樹林の代表種,かりょくじゅりんのだいひょうしゅ,なし,BB-000192,BB-000219-C01,component,夏緑樹林の代表樹種,日本の夏緑樹林にみられる代表的な樹木を二つ答えよ。,ブナ・ミズナラ,ブナ・ミズナラ｜ブナとミズナラ｜ミズナラ・ブナ｜ミズナラとブナ,ブナとミズナラは、冷温帯の落葉広葉樹林を代表する。,照葉樹林の代表種,夏緑樹林はブナ・ミズナラ、照葉樹林はシイ・カシが代表的。,なし,なし,なし,文部科学省「高等学校学習指導要領（平成30年告示）解説 理科編 理数編」,https://www.mext.go.jp/content/20250311-mxt_kyoiku02-100002620_05.pdf,落葉広葉樹林=かりょくじゅりん｜夏緑樹林=かりょくじゅりん
生物基礎_Deck1_最重要骨格,BB-000220,220,Deck1・最重要骨格,生物の特徴,生物とエネルギー,失活,しっかつ,なし,BB-000019,BB-000220-C01,identify,酵素などが立体構造の変化により働きを失うことを何というか,酵素などが立体構造の変化により働きを失うことを何というか。,失活,失活,高温や極端なpHによる変性で、酵素が失活することがある。,基質特異性,失活は酵素の働きが失われた状態、基質特異性は作用相手が限られる性質である。,なし,なし,なし,文部科学省「高等学校学習指導要領（平成30年告示）解説 理科編 理数編」,https://www.mext.go.jp/content/20250311-mxt_kyoiku02-100002620_05.pdf,立体構造=りったいこうぞう｜変性=へんせい｜失活=しっかつ｜酵素=こうそ
生物基礎_Deck1_最重要骨格,BB-000221,221,Deck1・最重要骨格,ヒトの体の調節,情報の伝達,交感神経による瞳孔拡大,こうかんしんけいによるどうこうかくだい,なし,BB-000053,BB-000221-C01,relation,交感神経と瞳孔,交感神経が優位になると、瞳孔は拡大するか縮小するか。,拡大する,拡大する｜開く,緊張時や活動時には交感神経により瞳孔が拡大する。,副交感神経による瞳孔縮小,交感神経は瞳孔を拡大し、副交感神経は縮小させる。,なし,なし,なし,文部科学省「高等学校学習指導要領（平成30年告示）解説 理科編 理数編」,https://www.mext.go.jp/content/20250311-mxt_kyoiku02-100002620_05.pdf,交感神経=こうかんしんけい
生物基礎_Deck1_最重要骨格,BB-000222,222,Deck1・最重要骨格,生物の多様性と生態系,植生と遷移,亜高山帯針葉樹林の代表種,あこうざんたいしんようじゅりんのだいひょうしゅ,なし,BB-000195,BB-000222-C01,component,亜高山帯針葉樹林の代表樹種,日本の亜高山帯針葉樹林にみられる代表的な樹木を二つ答えよ。,シラビソ・コメツガ,シラビソ・コメツガ｜シラビソとコメツガ｜コメツガ・シラビソ｜コメツガとシラビソ,シラビソとコメツガは、本州中部などの亜高山帯を代表する針葉樹である。,高山帯の代表種,亜高山帯はシラビソ・コメツガ、高山帯はハイマツなどが代表的。,なし,なし,なし,文部科学省「高等学校学習指導要領（平成30年告示）解説 理科編 理数編」,https://www.mext.go.jp/content/20250311-mxt_kyoiku02-100002620_05.pdf,亜高山帯=あこうざんたい｜針葉樹林=しんようじゅりん
生物基礎_Deck1_最重要骨格,BB-000223,223,Deck1・最重要骨格,生物の特徴,生物とエネルギー,最適pH,さいてきぺーはー,なし,BB-000019,BB-000223-C01,identify,ある酵素の反応速度が最も大きくなるpHを何というか,ある酵素の反応速度が最も大きくなるpHを何というか。,最適pH,最適pH,酵素ごとに最適pHが異なり、極端なpHでは活性が低下することがある。,最適温度,最適pHは酸性・アルカリ性、最適温度は温度の条件である。,なし,なし,なし,文部科学省「高等学校学習指導要領（平成30年告示）解説 理科編 理数編」,https://www.mext.go.jp/content/20250311-mxt_kyoiku02-100002620_05.pdf,最適pH=さいてきぺーはー｜酵素=こうそ
生物基礎_Deck1_最重要骨格,BB-000224,224,Deck1・最重要骨格,ヒトの体の調節,情報の伝達,交感神経による気管支拡張,こうかんしんけいによるきかんしかくちょう,なし,BB-000053,BB-000224-C01,relation,交感神経と気管支,交感神経が優位になると、気管支は拡張するか収縮するか。,拡張する,拡張する｜広がる,活動時に空気を取り込みやすくするため、気管支は拡張する。,副交感神経による気管支収縮,交感神経は気管支を拡張し、副交感神経は収縮させる。,なし,なし,なし,文部科学省「高等学校学習指導要領（平成30年告示）解説 理科編 理数編」,https://www.mext.go.jp/content/20250311-mxt_kyoiku02-100002620_05.pdf,交感神経=こうかんしんけい
生物基礎_Deck1_最重要骨格,BB-000225,225,Deck1・最重要骨格,生物の多様性と生態系,植生と遷移,高山帯の代表種,こうざんたいのだいひょうしゅ,なし,BB-000210,BB-000225-C01,relation,高山帯の代表植物,日本の高山帯を代表する低木は何か。,ハイマツ,ハイマツ,ハイマツは森林限界より上の厳しい環境に適応した低木である。,亜高山帯針葉樹林の代表種,高山帯はハイマツ、亜高山帯針葉樹林はシラビソやコメツガが代表的。,なし,なし,なし,文部科学省「高等学校学習指導要領（平成30年告示）解説 理科編 理数編」,https://www.mext.go.jp/content/20250311-mxt_kyoiku02-100002620_05.pdf,森林限界=しんりんげんかい｜高山帯=こうざんたい
生物基礎_Deck1_最重要骨格,BB-000226,226,Deck1・最重要骨格,生物の特徴,生物とエネルギー,カタラーゼ,かたらーぜ,なし,BB-000019｜BB-000208,BB-000226-C01,identify,過酸化水素を水と酸素に分解する酵素は何か,過酸化水素を水と酸素に分解する酵素は何か。,カタラーゼ,カタラーゼ,カタラーゼは肝臓や多くの生物細胞に存在し、有害な過酸化水素の分解に関わる。,過酸化水素,カタラーゼは酵素、過酸化水素はその基質である。,なし,なし,なし,文部科学省「高等学校学習指導要領（平成30年告示）解説 理科編 理数編」,https://www.mext.go.jp/content/20250311-mxt_kyoiku02-100002620_05.pdf,カタラーゼ=かたらーぜ｜過酸化水素=かさんかすいそ｜細胞=さいぼう｜肝臓=かんぞう｜酵素=こうそ｜酸素=さんそ
生物基礎_Deck1_最重要骨格,BB-000227,227,Deck1・最重要骨格,ヒトの体の調節,情報の伝達,交感神経による消化管抑制,こうかんしんけいによるしょうかかんよくせい,なし,BB-000053,BB-000227-C01,relation,交感神経と消化管運動,交感神経が優位になると、消化管の運動は促進されるか抑制されるか。,抑制される,抑制される｜弱まる,活動時には消化より筋肉や心臓への対応が優先され、消化管運動が抑制される。,副交感神経による消化管促進,交感神経は消化管を抑制し、副交感神経は促進する。,なし,なし,なし,文部科学省「高等学校学習指導要領（平成30年告示）解説 理科編 理数編」,https://www.mext.go.jp/content/20250311-mxt_kyoiku02-100002620_05.pdf,交感神経=こうかんしんけい
生物基礎_Deck1_最重要骨格,BB-000228,228,Deck1・最重要骨格,生物の多様性と生態系,植生と遷移,方形区法,ほうけいくほう,コドラート法,なし,BB-000228-C01,identify,調査地に一定面積の方形区を置き、その中の植物種や被度などを調べる植生調査法を何というか,調査地に一定面積の方形区を置き、その中の植物種や被度などを調べる植生調査法を何というか。,方形区法,方形区法｜コドラート法,複数の方形区を調べることで、各種の被度や頻度を求められる。,標識再捕法,方形区法は主に移動しない植物、標識再捕法は移動する動物の個体数推定に用いる。,なし,なし,なし,文部科学省「高等学校学習指導要領（平成30年告示）解説 理科編 理数編」｜環境省 生物多様性センター「植生調査」,https://www.mext.go.jp/content/20250311-mxt_kyoiku02-100002620_05.pdf｜https://www.biodic.go.jp/kiso/vg/vg_kiso.html,方形区法=ほうけいくほう｜植生=しょくせい｜被度=ひど｜頻度=ひんど
生物基礎_Deck1_最重要骨格,BB-000229,229,Deck1・最重要骨格,生物の特徴,生物とエネルギー,過酸化水素,かさんかすいそ,なし,BB-000226,BB-000229-C01,identify,カタラーゼによって水と酸素へ分解される物質は何か,カタラーゼによって水と酸素へ分解される物質は何か。,過酸化水素,過酸化水素,過酸化水素は細胞に有害になり得るため、カタラーゼなどで分解される。,カタラーゼ,過酸化水素は基質、カタラーゼはそれを分解する酵素である。,なし,なし,なし,文部科学省「高等学校学習指導要領（平成30年告示）解説 理科編 理数編」,https://www.mext.go.jp/content/20250311-mxt_kyoiku02-100002620_05.pdf,カタラーゼ=かたらーぜ｜過酸化水素=かさんかすいそ｜細胞=さいぼう｜酸素=さんそ
生物基礎_Deck1_最重要骨格,BB-000230,230,Deck1・最重要骨格,ヒトの体の調節,情報の伝達,副交感神経による心拍抑制,ふくこうかんしんけいによるしんぱくよくせい,なし,BB-000056,BB-000230-C01,relation,副交感神経と心拍数,副交感神経が心臓に作用すると、心拍数は増加するか減少するか。,減少する,減少する｜下がる｜少なくなる,安静時には副交感神経により心拍が抑えられる。,交感神経による心拍促進,副交感神経は心拍を抑制し、交感神経は促進する。,なし,なし,なし,文部科学省「高等学校学習指導要領（平成30年告示）解説 理科編 理数編」｜大学入試センター「令和7年度大学入学共通テスト 生物基礎」,https://www.mext.go.jp/content/20250311-mxt_kyoiku02-100002620_05.pdf｜https://www.dnc.ac.jp/albums/abm.php?d=771&f=abm00005960.pdf&n=2025_op_37_seibutsukiso.pdf,副交感神経=ふくこうかんしんけい
生物基礎_Deck1_最重要骨格,BB-000231,231,Deck1・最重要骨格,生物の多様性と生態系,植生と遷移,被度,ひど,なし,BB-000228,BB-000231-C01,identify,方形区を上から見たとき、ある植物種が地表を覆う割合を何というか,方形区を上から見たとき、ある植物種が地表を覆う割合を何というか。,被度,被度,被度は群落内でその種が占める量の大きさを表す。,頻度,被度は覆う面積の割合、頻度は調査した方形区のうち出現した区画の割合である。,なし,なし,なし,文部科学省「高等学校学習指導要領（平成30年告示）解説 理科編 理数編」｜環境省 生物多様性センター「植生調査」,https://www.mext.go.jp/content/20250311-mxt_kyoiku02-100002620_05.pdf｜https://www.biodic.go.jp/kiso/vg/vg_kiso.html,方形区=ほうけいく｜被度=ひど
生物基礎_Deck1_最重要骨格,BB-000232,232,Deck1・最重要骨格,生物の特徴,生物とエネルギー,ATPの加水分解,えーてぃーぴーのかすいぶんかい,なし,BB-000007,BB-000232-C01,identify,ATPが水と反応してADPとリン酸になり、エネルギーを放出する反応を何というか,ATPが水と反応してADPとリン酸になり、エネルギーを放出する反応を何というか。,ATPの加水分解,ATPの加水分解,ATPの加水分解で放出されたエネルギーが生命活動に利用される。,ATP合成,加水分解はATPを分解してエネルギーを放出し、ATP合成はエネルギーを蓄える。,なし,なし,なし,文部科学省「高等学校学習指導要領（平成30年告示）解説 理科編 理数編」,https://www.mext.go.jp/content/20250311-mxt_kyoiku02-100002620_05.pdf,ATPの加水分解=えーてぃーぴーのかすいぶんかい｜生命活動=せいめいかつどう｜リン酸=りんさん
生物基礎_Deck1_最重要骨格,BB-000233,233,Deck1・最重要骨格,ヒトの体の調節,情報の伝達,副交感神経による消化管促進,ふくこうかんしんけいによるしょうかかんそくしん,なし,BB-000056,BB-000233-C01,relation,副交感神経と消化管運動,副交感神経が優位になると、消化管の運動は促進されるか抑制されるか。,促進される,促進される｜活発になる,安静時には副交感神経が消化管の運動や消化液分泌を促進する。,交感神経による消化管抑制,副交感神経は消化管を促進し、交感神経は抑制する。,なし,なし,なし,文部科学省「高等学校学習指導要領（平成30年告示）解説 理科編 理数編」,https://www.mext.go.jp/content/20250311-mxt_kyoiku02-100002620_05.pdf,副交感神経=ふくこうかんしんけい
生物基礎_Deck1_最重要骨格,BB-000234,234,Deck1・最重要骨格,生物の多様性と生態系,植生と遷移,頻度,ひんど,なし,BB-000228,BB-000234-C01,identify,調査した方形区のうち、ある植物種が出現した方形区の割合を何というか,調査した方形区のうち、ある植物種が出現した方形区の割合を何というか。,頻度,頻度,頻度が高い種は、調査地内に広く分布していると考えられる。,被度,頻度は出現区画の割合、被度は地表を覆う面積の割合である。,なし,なし,なし,文部科学省「高等学校学習指導要領（平成30年告示）解説 理科編 理数編」｜環境省 生物多様性センター「植生調査」,https://www.mext.go.jp/content/20250311-mxt_kyoiku02-100002620_05.pdf｜https://www.biodic.go.jp/kiso/vg/vg_kiso.html,方形区=ほうけいく｜頻度=ひんど
生物基礎_Deck1_最重要骨格,BB-000235,235,Deck1・最重要骨格,生物の特徴,生物とエネルギー,ADP,えーでぃーぴー,アデノシン二リン酸,BB-000007,BB-000235-C01,identify,ATPからリン酸が一つ外れたときに生じる物質は何か,ATPからリン酸が一つ外れたときに生じる物質は何か。,ADP,ADP｜アデノシン二リン酸,ADPにリン酸が結合するとATPが再合成される。,ATP,ADPはリン酸が二つ、ATPは三つ結合した形である。,なし,なし,なし,文部科学省「高等学校学習指導要領（平成30年告示）解説 理科編 理数編」,https://www.mext.go.jp/content/20250311-mxt_kyoiku02-100002620_05.pdf,リン酸=りんさん
生物基礎_Deck1_最重要骨格,BB-000236,236,Deck1・最重要骨格,ヒトの体の調節,免疫,生体防御,せいたいぼうぎょ,なし,なし,BB-000236-C01,identify,病原体や異物の侵入を防ぎ、侵入後に排除する体の仕組み全体を何というか,病原体や異物の侵入を防ぎ、侵入後に排除する体の仕組み全体を何というか。,生体防御,生体防御,皮膚・粘膜による防御、自然免疫、獲得免疫が連携する。,免疫,生体防御は侵入防止まで含む広い概念、免疫は主に侵入後の認識・排除の仕組みを指す。,なし,なし,なし,文部科学省「高等学校学習指導要領（平成30年告示）解説 理科編 理数編」,https://www.mext.go.jp/content/20250311-mxt_kyoiku02-100002620_05.pdf,獲得免疫=かくとくめんえき｜生体防御=せいたいぼうぎょ｜自然免疫=しぜんめんえき｜皮膚=ひふ｜粘膜=ねんまく
生物基礎_Deck1_最重要骨格,BB-000237,237,Deck1・最重要骨格,生物の多様性と生態系,植生と遷移,相対被度,そうたいひど,なし,BB-000231,BB-000237-C01,formula,相対被度の式,ある種の被度合計が全種の被度合計に占める割合を求める式を答えよ。,その種の被度合計÷全種の被度合計×100,その種の被度合計÷全種の被度合計×100｜（その種の被度合計／全種の被度合計）×100,相対被度は群落全体の中で、その種が覆う面積の相対的な大きさを表す。,相対頻度,相対被度は被度の比、相対頻度は頻度の比である。,相対被度（%）＝その種の被度合計÷全種の被度合計×100,%,なし,文部科学省「高等学校学習指導要領（平成30年告示）解説 理科編 理数編」｜環境省 生物多様性センター「植生調査」,https://www.mext.go.jp/content/20250311-mxt_kyoiku02-100002620_05.pdf｜https://www.biodic.go.jp/kiso/vg/vg_kiso.html,相対被度=そうたいひど
生物基礎_Deck1_最重要骨格,BB-000238,238,Deck1・最重要骨格,生物の特徴,生物とエネルギー,リン酸,りんさん,なし,BB-000007｜BB-000235,BB-000238-C01,identify,ATPがADPへ分解されるとき、ADPとともに生じる成分は何か,ATPがADPへ分解されるとき、ADPとともに生じる成分は何か。,リン酸,リン酸,ADPにリン酸が結合してATPになることで、エネルギーが蓄えられる。,ADP,リン酸はATPを構成する成分、ADPはアデノシンにリン酸が二つ結合した物質である。,なし,なし,なし,文部科学省「高等学校学習指導要領（平成30年告示）解説 理科編 理数編」,https://www.mext.go.jp/content/20250311-mxt_kyoiku02-100002620_05.pdf,リン酸=りんさん
生物基礎_Deck1_最重要骨格,BB-000239,239,Deck1・最重要骨格,ヒトの体の調節,免疫,物理的防御,ぶつりてきぼうぎょ,なし,BB-000236,BB-000239-C01,identify,皮膚や粘膜が壁となり、病原体の侵入を物理的に妨げる防御を何というか,皮膚や粘膜が壁となり、病原体の侵入を物理的に妨げる防御を何というか。,物理的防御,物理的防御,皮膚の角質層や気道の粘液・繊毛などが侵入を防ぐ。,化学的防御,物理的防御は壁や排出、化学的防御は分泌物などの化学作用で病原体を抑える。,なし,なし,なし,文部科学省「高等学校学習指導要領（平成30年告示）解説 理科編 理数編」,https://www.mext.go.jp/content/20250311-mxt_kyoiku02-100002620_05.pdf,物理的防御=ぶつりてきぼうぎょ｜皮膚=ひふ｜粘膜=ねんまく
生物基礎_Deck1_最重要骨格,BB-000240,240,Deck1・最重要骨格,生物の多様性と生態系,植生と遷移,相対頻度,そうたいひんど,なし,BB-000234,BB-000240-C01,formula,相対頻度の式,ある種の頻度が全種の頻度合計に占める割合を求める式を答えよ。,その種の頻度÷全種の頻度合計×100,その種の頻度÷全種の頻度合計×100｜（その種の頻度／全種の頻度合計）×100,相対頻度は群落全体の中で、その種がどれほど広く出現するかを相対的に表す。,相対被度,相対頻度は頻度の比、相対被度は被度の比である。,相対頻度（%）＝その種の頻度÷全種の頻度合計×100,%,なし,文部科学省「高等学校学習指導要領（平成30年告示）解説 理科編 理数編」｜環境省 生物多様性センター「植生調査」,https://www.mext.go.jp/content/20250311-mxt_kyoiku02-100002620_05.pdf｜https://www.biodic.go.jp/kiso/vg/vg_kiso.html,相対頻度=そうたいひんど
生物基礎_Deck1_最重要骨格,BB-000241,241,Deck1・最重要骨格,生物の特徴,生物とエネルギー,ATP合成,えーてぃーぴーごうせい,なし,BB-000007｜BB-000235｜BB-000238,BB-000241-C01,identify,ADPとリン酸からATPをつくり、エネルギーを蓄える反応を何というか,ADPとリン酸からATPをつくり、エネルギーを蓄える反応を何というか。,ATP合成,ATP合成,呼吸や光合成で得たエネルギーの一部がATP合成に使われる。,ATPの加水分解,ATP合成はエネルギーを蓄え、加水分解はエネルギーを放出する。,なし,なし,なし,文部科学省「高等学校学習指導要領（平成30年告示）解説 理科編 理数編」,https://www.mext.go.jp/content/20250311-mxt_kyoiku02-100002620_05.pdf,ATP合成=えーてぃーぴーごうせい｜リン酸=りんさん｜光合成=こうごうせい｜呼吸=こきゅう
生物基礎_Deck1_最重要骨格,BB-000242,242,Deck1・最重要骨格,ヒトの体の調節,免疫,化学的防御,かがくてきぼうぎょ,なし,BB-000236,BB-000242-C01,identify,リゾチームや胃酸などの化学作用によって病原体を排除・抑制する防御を何というか,リゾチームや胃酸などの化学作用によって病原体を排除・抑制する防御を何というか。,化学的防御,化学的防御,涙や唾液のリゾチーム、胃の強い酸性環境などが例である。,物理的防御,化学的防御は化学物質の作用、物理的防御は皮膚などの障壁による。,なし,なし,なし,文部科学省「高等学校学習指導要領（平成30年告示）解説 理科編 理数編」,https://www.mext.go.jp/content/20250311-mxt_kyoiku02-100002620_05.pdf,リゾチーム=りぞちーむ｜化学的防御=かがくてきぼうぎょ
生物基礎_Deck1_最重要骨格,BB-000243,243,Deck1・最重要骨格,生物の多様性と生態系,植生と遷移,重要度,じゅうようど,なし,BB-000237｜BB-000240,BB-000243-C01,formula,植生調査の重要度の式,植生調査で、ある種の重要度を求める式を答えよ。,相対被度＋相対頻度,相対被度＋相対頻度｜相対被度と相対頻度の和,重要度が大きい種ほど、その群落を量的・空間的に特徴づける。,優占種,重要度は計算値、優占種はその値などが大きく群落を特徴づける種である。,重要度＝相対被度＋相対頻度,なし,なし,文部科学省「高等学校学習指導要領（平成30年告示）解説 理科編 理数編」｜環境省 生物多様性センター「植生調査」,https://www.mext.go.jp/content/20250311-mxt_kyoiku02-100002620_05.pdf｜https://www.biodic.go.jp/kiso/vg/vg_kiso.html,相対被度=そうたいひど｜相対頻度=そうたいひんど｜重要度=じゅうようど｜植生=しょくせい
生物基礎_Deck1_最重要骨格,BB-000244,244,Deck1・最重要骨格,生物の特徴,生物とエネルギー,化学エネルギー,かがくえねるぎー,なし,BB-000013,BB-000244-C01,identify,物質の化学結合に蓄えられているエネルギーを何というか,物質の化学結合に蓄えられているエネルギーを何というか。,化学エネルギー,化学エネルギー,光合成では光エネルギーが有機物の化学エネルギーに変換される。,光エネルギー,化学エネルギーは物質に蓄えられ、光エネルギーは光として届く。,なし,なし,なし,文部科学省「高等学校学習指導要領（平成30年告示）解説 理科編 理数編」,https://www.mext.go.jp/content/20250311-mxt_kyoiku02-100002620_05.pdf,化学エネルギー=かがくえねるぎー｜光エネルギー=ひかりえねるぎー｜化学結合=かがくけつごう｜光合成=こうごうせい｜有機物=ゆうきぶつ
生物基礎_Deck1_最重要骨格,BB-000245,245,Deck1・最重要骨格,ヒトの体の調節,免疫,皮膚,ひふ,なし,BB-000239,BB-000245-C01,identify,角質層をもち、病原体の侵入を防ぐ体表の主要な物理的防御は何か,角質層をもち、病原体の侵入を防ぐ体表の主要な物理的防御は何か。,皮膚,皮膚,皮膚の表面は乾燥や弱酸性などの条件も病原体の増殖を抑える。,粘膜,皮膚は乾燥した体表、粘膜は消化管・呼吸器など外界に通じる内面を覆う。,なし,なし,なし,文部科学省「高等学校学習指導要領（平成30年告示）解説 理科編 理数編」,https://www.mext.go.jp/content/20250311-mxt_kyoiku02-100002620_05.pdf,物理的防御=ぶつりてきぼうぎょ｜皮膚=ひふ
生物基礎_Deck1_最重要骨格,BB-000246,246,Deck1・最重要骨格,生物の多様性と生態系,生態系とその保全,非生物的環境,ひせいぶつてきかんきょう,なし,BB-000003,BB-000246-C01,identify,光、温度、水、土壌、空気など、生物以外の環境要因を何というか,光、温度、水、土壌、空気など、生物以外の環境要因を何というか。,非生物的環境,非生物的環境,非生物的環境は生物の分布や活動に影響し、生物によって変化させられることもある。,生物的環境,非生物的環境は物理・化学的要因、生物的環境は他の生物による要因である。,なし,なし,なし,文部科学省「高等学校学習指導要領（平成30年告示）解説 理科編 理数編」,https://www.mext.go.jp/content/20250311-mxt_kyoiku02-100002620_05.pdf,非生物的環境=ひせいぶつてきかんきょう
生物基礎_Deck1_最重要骨格,BB-000247,247,Deck1・最重要骨格,生物の特徴,生物とエネルギー,光エネルギー,ひかりえねるぎー,なし,BB-000013,BB-000247-C01,identify,光合成で有機物の化学エネルギーへ変換されるエネルギーは何か,光合成で有機物の化学エネルギーへ変換されるエネルギーは何か。,光エネルギー,光エネルギー,葉緑体のクロロフィルが光を吸収し、光合成に利用する。,化学エネルギー,光エネルギーは光として入り、化学エネルギーは有機物に蓄えられる。,なし,なし,なし,文部科学省「高等学校学習指導要領（平成30年告示）解説 理科編 理数編」,https://www.mext.go.jp/content/20250311-mxt_kyoiku02-100002620_05.pdf,化学エネルギー=かがくえねるぎー｜クロロフィル=くろろふぃる｜光エネルギー=ひかりえねるぎー｜光合成=こうごうせい｜有機物=ゆうきぶつ｜葉緑体=ようりょくたい
生物基礎_Deck1_最重要骨格,BB-000248,248,Deck1・最重要骨格,ヒトの体の調節,免疫,粘膜,ねんまく,なし,BB-000239,BB-000248-C01,identify,消化管や呼吸器などの内面を覆い、粘液などで病原体の侵入を防ぐ組織は何か,消化管や呼吸器などの内面を覆い、粘液などで病原体の侵入を防ぐ組織は何か。,粘膜,粘膜,気道では粘液が異物を捕らえ、繊毛運動で外へ運ぶ。,皮膚,粘膜は外界に通じる体内の表面、皮膚は体外表面を覆う。,なし,なし,なし,文部科学省「高等学校学習指導要領（平成30年告示）解説 理科編 理数編」,https://www.mext.go.jp/content/20250311-mxt_kyoiku02-100002620_05.pdf,呼吸=こきゅう｜粘膜=ねんまく
生物基礎_Deck1_最重要骨格,BB-000249,249,Deck1・最重要骨格,生物の多様性と生態系,生態系とその保全,生物的環境,せいぶつてきかんきょう,なし,BB-000003,BB-000249-C01,identify,捕食、競争、共生など、他の生物によってつくられる環境要因を何というか,捕食、競争、共生など、他の生物によってつくられる環境要因を何というか。,生物的環境,生物的環境,生物的環境には同種個体や他種生物との相互作用が含まれる。,非生物的環境,生物的環境は生物間の影響、非生物的環境は光・温度・水などである。,なし,なし,なし,文部科学省「高等学校学習指導要領（平成30年告示）解説 理科編 理数編」,https://www.mext.go.jp/content/20250311-mxt_kyoiku02-100002620_05.pdf,生物的環境=せいぶつてきかんきょう
生物基礎_Deck1_最重要骨格,BB-000250,250,Deck1・最重要骨格,生物の特徴,生物とエネルギー,有機物,ゆうきぶつ,なし,BB-000013,BB-000250-C01,identify,光合成で二酸化炭素と水からつくられ、化学エネルギーを蓄える物質の総称は何か,光合成で二酸化炭素と水からつくられ、化学エネルギーを蓄える物質の総称は何か。,有機物,有機物,グルコースなどの有機物は、呼吸の基質や生物体の材料になる。,無機物,有機物は炭素骨格をもちエネルギー源や材料となるものが多く、二酸化炭素や水は無機物である。,なし,なし,なし,文部科学省「高等学校学習指導要領（平成30年告示）解説 理科編 理数編」,https://www.mext.go.jp/content/20250311-mxt_kyoiku02-100002620_05.pdf,化学エネルギー=かがくえねるぎー｜グルコース=ぐるこーす｜二酸化炭素=にさんかたんそ｜光合成=こうごうせい｜有機物=ゆうきぶつ｜呼吸=こきゅう
生物基礎_Deck1_最重要骨格,BB-000251,251,Deck1・最重要骨格,ヒトの体の調節,免疫,リゾチーム,りぞちーむ,なし,BB-000242｜BB-000019,BB-000251-C01,identify,涙や唾液などに含まれ、細菌の細胞壁を分解する酵素は何か,涙や唾液などに含まれ、細菌の細胞壁を分解する酵素は何か。,リゾチーム,リゾチーム,リゾチームは化学的防御の一つとして働く。,抗体,リゾチームは非特異的に細菌細胞壁を分解し、抗体は特定の抗原に結合する。,なし,なし,なし,文部科学省「高等学校学習指導要領（平成30年告示）解説 理科編 理数編」,https://www.mext.go.jp/content/20250311-mxt_kyoiku02-100002620_05.pdf,リゾチーム=りぞちーむ｜化学的防御=かがくてきぼうぎょ｜細胞壁=さいぼうへき｜酵素=こうそ
生物基礎_Deck1_最重要骨格,BB-000252,252,Deck1・最重要骨格,生物の多様性と生態系,生態系とその保全,個体群,こたいぐん,なし,なし,BB-000252-C01,identify,同じ地域に生息する同じ種の個体の集まりを何というか,同じ地域に生息する同じ種の個体の集まりを何というか。,個体群,個体群,個体群には個体数、密度、年齢構成などの性質がある。,生物群集,個体群は同種の集まり、生物群集は複数種の個体群の集まりである。,なし,なし,なし,文部科学省「高等学校学習指導要領（平成30年告示）解説 理科編 理数編」,https://www.mext.go.jp/content/20250311-mxt_kyoiku02-100002620_05.pdf,個体群=こたいぐん
生物基礎_Deck1_最重要骨格,BB-000253,253,Deck1・最重要骨格,生物の特徴,生物とエネルギー,無機物,むきぶつ,なし,BB-000013,BB-000253-C01,identify,二酸化炭素、水、無機塩類など、有機物以外の物質をまとめて何というか,二酸化炭素、水、無機塩類など、有機物以外の物質をまとめて何というか。,無機物,無機物,光合成では二酸化炭素と水という無機物から有機物が合成される。,有機物,無機物には二酸化炭素や水が含まれ、有機物は光合成で合成される炭素化合物などを指す。,なし,なし,なし,文部科学省「高等学校学習指導要領（平成30年告示）解説 理科編 理数編」,https://www.mext.go.jp/content/20250311-mxt_kyoiku02-100002620_05.pdf,二酸化炭素=にさんかたんそ｜光合成=こうごうせい｜有機物=ゆうきぶつ｜無機物=むきぶつ
生物基礎_Deck1_最重要骨格,BB-000254,254,Deck1・最重要骨格,ヒトの体の調節,免疫,リンパ球,りんぱきゅう,なし,BB-000143,BB-000254-C01,identify,B細胞やT細胞などを含み、獲得免疫で中心的に働く白血球の一群を何というか,B細胞やT細胞などを含み、獲得免疫で中心的に働く白血球の一群を何というか。,リンパ球,リンパ球,リンパ球にはB細胞、T細胞、NK細胞などがある。,好中球,リンパ球は特異的免疫などに重要で、好中球は自然免疫で食作用を行う。,なし,なし,なし,文部科学省「高等学校学習指導要領（平成30年告示）解説 理科編 理数編」｜米国国立医学図書館 MedlinePlus「Immune response」,https://www.mext.go.jp/content/20250311-mxt_kyoiku02-100002620_05.pdf｜https://medlineplus.gov/ency/article/000821.htm,リンパ球=りんぱきゅう｜獲得免疫=かくとくめんえき｜B細胞=びーさいぼう｜T細胞=てぃーさいぼう｜白血球=はっけっきゅう
生物基礎_Deck1_最重要骨格,BB-000255,255,Deck1・最重要骨格,生物の多様性と生態系,生態系とその保全,生物群集,せいぶつぐんしゅう,なし,BB-000252,BB-000255-C01,identify,同じ地域に生息する、さまざまな種の個体群の集まりを何というか,同じ地域に生息する、さまざまな種の個体群の集まりを何というか。,生物群集,生物群集,生物群集に非生物的環境を加えると生態系として捉えられる。,個体群,生物群集は複数種、個体群は同一種の個体の集まりである。,なし,なし,なし,文部科学省「高等学校学習指導要領（平成30年告示）解説 理科編 理数編」,https://www.mext.go.jp/content/20250311-mxt_kyoiku02-100002620_05.pdf,非生物的環境=ひせいぶつてきかんきょう｜生物群集=せいぶつぐんしゅう｜個体群=こたいぐん｜生態系=せいたいけい
生物基礎_Deck1_最重要骨格,BB-000256,256,Deck1・最重要骨格,生物の特徴,生物とエネルギー,二酸化炭素,にさんかたんそ,CO2｜CO₂,BB-000013｜BB-000016,BB-000256-C01,identify,光合成で取り込まれ、呼吸で放出される気体は何か,光合成で取り込まれ、呼吸で放出される気体は何か。,二酸化炭素,二酸化炭素｜CO2｜CO₂,二酸化炭素の炭素は、光合成で有機物の材料となる。,酸素,二酸化炭素は光合成で消費され呼吸で生じ、酸素は光合成で生じ呼吸で消費される。,なし,なし,なし,文部科学省「高等学校学習指導要領（平成30年告示）解説 理科編 理数編」,https://www.mext.go.jp/content/20250311-mxt_kyoiku02-100002620_05.pdf,二酸化炭素=にさんかたんそ｜光合成=こうごうせい｜有機物=ゆうきぶつ｜呼吸=こきゅう
生物基礎_Deck1_最重要骨格,BB-000257,257,Deck1・最重要骨格,ヒトの体の調節,免疫,T細胞,てぃーさいぼう,Tリンパ球,BB-000254,BB-000257-C01,identify,胸腺で成熟し、細胞性免疫や免疫反応の調節を担うリンパ球は何か,胸腺で成熟し、細胞性免疫や免疫反応の調節を担うリンパ球は何か。,T細胞,T細胞｜Tリンパ球,ヘルパーT細胞やキラーT細胞などに分化する。,B細胞,T細胞は主に細胞性免疫や調節、B細胞は抗体産生に関わる。,なし,なし,なし,文部科学省「高等学校学習指導要領（平成30年告示）解説 理科編 理数編」｜米国国立医学図書館 MedlinePlus「Immune response」,https://www.mext.go.jp/content/20250311-mxt_kyoiku02-100002620_05.pdf｜https://medlineplus.gov/ency/article/000821.htm,ヘルパーT細胞=へるぱーてぃーさいぼう｜キラーT細胞=きらーてぃーさいぼう｜細胞性免疫=さいぼうせいめんえき｜リンパ球=りんぱきゅう｜胸腺=きょうせん
生物基礎_Deck1_最重要骨格,BB-000258,258,Deck1・最重要骨格,生物の多様性と生態系,生態系とその保全,生息地,せいそくち,ハビタット,なし,BB-000258-C01,identify,ある生物が生活し、餌や繁殖場所などを得る場所を何というか,ある生物が生活し、餌や繁殖場所などを得る場所を何というか。,生息地,生息地｜ハビタット,生息地の消失や分断は個体群の存続を脅かす。,生態的地位,生息地は住む場所、生態的地位は生態系内での役割や資源利用の仕方である。,なし,なし,なし,文部科学省「高等学校学習指導要領（平成30年告示）解説 理科編 理数編」｜環境省 生物多様性センター「生物多様性」,https://www.mext.go.jp/content/20250311-mxt_kyoiku02-100002620_05.pdf｜https://www.biodic.go.jp/biodiversity/,個体群=こたいぐん｜生息地=せいそくち
生物基礎_Deck1_最重要骨格,BB-000259,259,Deck1・最重要骨格,生物の特徴,生物とエネルギー,酸素,さんそ,O2｜O₂,BB-000013｜BB-000016,BB-000259-C01,identify,光合成で生じ、好気的な呼吸で消費される気体は何か,光合成で生じ、好気的な呼吸で消費される気体は何か。,酸素,酸素｜O2｜O₂,酸素を用いる呼吸では、有機物から効率よくエネルギーを取り出せる。,二酸化炭素,酸素は光合成で生じ呼吸で消費され、二酸化炭素は逆である。,なし,なし,なし,文部科学省「高等学校学習指導要領（平成30年告示）解説 理科編 理数編」,https://www.mext.go.jp/content/20250311-mxt_kyoiku02-100002620_05.pdf,光合成=こうごうせい｜有機物=ゆうきぶつ｜呼吸=こきゅう｜酸素=さんそ
生物基礎_Deck1_最重要骨格,BB-000260,260,Deck1・最重要骨格,ヒトの体の調節,免疫,抗原提示,こうげんていじ,なし,BB-000026｜BB-000086,BB-000260-C01,identify,食細胞などが取り込んだ異物の断片を細胞表面に示し、T細胞へ伝えることを何というか,食細胞などが取り込んだ異物の断片を細胞表面に示し、T細胞へ伝えることを何というか。,抗原提示,抗原提示,樹状細胞やマクロファージの抗原提示が獲得免疫の開始に重要である。,抗原抗体反応,抗原提示は細胞がT細胞へ情報を示し、抗原抗体反応は抗体が抗原に結合する。,なし,なし,なし,文部科学省「高等学校学習指導要領（平成30年告示）解説 理科編 理数編」｜米国国立医学図書館 MedlinePlus「Immune response」,https://www.mext.go.jp/content/20250311-mxt_kyoiku02-100002620_05.pdf｜https://medlineplus.gov/ency/article/000821.htm,マクロファージ=まくろふぁーじ｜抗原提示=こうげんていじ｜樹状細胞=じゅじょうさいぼう｜獲得免疫=かくとくめんえき｜T細胞=てぃーさいぼう｜食細胞=しょくさいぼう
生物基礎_Deck1_最重要骨格,BB-000261,261,Deck1・最重要骨格,生物の多様性と生態系,生態系とその保全,種数,しゅすう,種の豊富さ,BB-000009,BB-000261-C01,identify,ある地域に存在する生物種の数を何というか,ある地域に存在する生物種の数を何というか。,種数,種数｜種の豊富さ,種数は種多様性を表す基本要素だが、個体数の均等さは表さない。,種多様性,種数は種類の数のみ、種多様性は種類の数と個体数の均等さを含む。,なし,なし,なし,文部科学省「高等学校学習指導要領（平成30年告示）解説 理科編 理数編」｜環境省 生物多様性センター「生物多様性」,https://www.mext.go.jp/content/20250311-mxt_kyoiku02-100002620_05.pdf｜https://www.biodic.go.jp/biodiversity/,種多様性=しゅたようせい｜均等さ=きんとうさ｜種数=しゅすう
生物基礎_Deck1_最重要骨格,BB-000262,262,Deck1・最重要骨格,生物の特徴,生物とエネルギー,グルコース,ぐるこーす,ブドウ糖,BB-000013｜BB-000016,BB-000262-C01,identify,光合成で合成され、呼吸の代表的な基質となる単糖は何か,光合成で合成され、呼吸の代表的な基質となる単糖は何か。,グルコース,グルコース｜ブドウ糖,グルコースは化学エネルギーを蓄え、呼吸で分解される。,グリコーゲン,グルコースは単糖、グリコーゲンは多数のグルコースからなる貯蔵多糖である。,なし,なし,なし,文部科学省「高等学校学習指導要領（平成30年告示）解説 理科編 理数編」,https://www.mext.go.jp/content/20250311-mxt_kyoiku02-100002620_05.pdf,化学エネルギー=かがくえねるぎー｜グルコース=ぐるこーす｜光合成=こうごうせい｜呼吸=こきゅう｜基質=きしつ
生物基礎_Deck1_最重要骨格,BB-000263,263,Deck1・最重要骨格,ヒトの体の調節,免疫,炎症,えんしょう,なし,なし,BB-000263-C01,identify,感染や組織損傷の部位で、発赤・熱・腫れ・痛みなどが生じる防御反応を何というか,感染や組織損傷の部位で、発赤・熱・腫れ・痛みなどが生じる防御反応を何というか。,炎症,炎症,血流や血管透過性が増し、白血球が集まりやすくなる。,アレルギー,炎症は感染や損傷に対する局所防御、アレルギーは無害な抗原などへの過剰な免疫反応である。,なし,なし,なし,文部科学省「高等学校学習指導要領（平成30年告示）解説 理科編 理数編」｜米国国立医学図書館 MedlinePlus「Immune response」,https://www.mext.go.jp/content/20250311-mxt_kyoiku02-100002620_05.pdf｜https://medlineplus.gov/ency/article/000821.htm,血管透過性=けっかんとうかせい｜白血球=はっけっきゅう｜炎症=えんしょう
生物基礎_Deck1_最重要骨格,BB-000264,264,Deck1・最重要骨格,生物の多様性と生態系,生態系とその保全,遺伝的多様性,いでんてきたようせい,なし,BB-000006,BB-000264-C01,identify,同じ種の個体間に遺伝子や形質の違いがあることを何というか,同じ種の個体間に遺伝子や形質の違いがあることを何というか。,遺伝的多様性,遺伝的多様性,遺伝的多様性が高い個体群は、環境変化や病気に対して異なる反応を示す個体を含みやすい。,種多様性,遺伝的多様性は同種内の違い、種多様性は種間の多様さである。,なし,なし,なし,文部科学省「高等学校学習指導要領（平成30年告示）解説 理科編 理数編」｜環境省 生物多様性センター「生物多様性」,https://www.mext.go.jp/content/20250311-mxt_kyoiku02-100002620_05.pdf｜https://www.biodic.go.jp/biodiversity/,遺伝的多様性=いでんてきたようせい｜個体群=こたいぐん｜遺伝子=いでんし
生物基礎_Deck1_最重要骨格,BB-000265,265,Deck1・最重要骨格,生物の特徴,生物とエネルギー,クロロフィル,くろろふぃる,葉緑素,BB-000031｜BB-000013,BB-000265-C01,identify,葉緑体にあり、光合成に使う光を吸収する色素は何か,葉緑体にあり、光合成に使う光を吸収する色素は何か。,クロロフィル,クロロフィル｜葉緑素,クロロフィルは主に赤色光と青紫色光を吸収し、緑色光を比較的反射する。,葉緑体,クロロフィルは色素、葉緑体はその色素を含む細胞小器官である。,なし,なし,なし,文部科学省「高等学校学習指導要領（平成30年告示）解説 理科編 理数編」,https://www.mext.go.jp/content/20250311-mxt_kyoiku02-100002620_05.pdf,クロロフィル=くろろふぃる｜光合成=こうごうせい｜葉緑体=ようりょくたい
生物基礎_Deck1_最重要骨格,BB-000266,266,Deck1・最重要骨格,ヒトの体の調節,免疫,抗原抗体反応,こうげんこうたいはんのう,なし,BB-000026｜BB-000023,BB-000266-C01,identify,抗体が対応する抗原へ特異的に結合する反応を何というか,抗体が対応する抗原へ特異的に結合する反応を何というか。,抗原抗体反応,抗原抗体反応,抗原抗体反応は病原体の中和や凝集、食作用の促進などに役立つ。,食作用,抗原抗体反応は分子同士の特異的結合、食作用は細胞が異物を取り込む反応である。,なし,なし,なし,文部科学省「高等学校学習指導要領（平成30年告示）解説 理科編 理数編」｜米国国立医学図書館 MedlinePlus「Immune response」,https://www.mext.go.jp/content/20250311-mxt_kyoiku02-100002620_05.pdf｜https://medlineplus.gov/ency/article/000821.htm,抗原抗体反応=こうげんこうたいはんのう｜食作用=しょくさよう
生物基礎_Deck1_最重要骨格,BB-000267,267,Deck1・最重要骨格,生物の多様性と生態系,生態系とその保全,生態系の多様性,せいたいけいのたようせい,なし,BB-000006,BB-000267-C01,identify,森林、草原、湿地、河川、海洋など、異なる生態系が存在することを何というか,森林、草原、湿地、河川、海洋など、異なる生態系が存在することを何というか。,生態系の多様性,生態系の多様性,多様な環境があることで、異なる生物群集や生態的機能が保たれる。,種多様性,生態系の多様性は環境と群集のタイプ、種多様性は生物種の多さと均等さである。,なし,なし,なし,文部科学省「高等学校学習指導要領（平成30年告示）解説 理科編 理数編」｜環境省 生物多様性センター「生物多様性」,https://www.mext.go.jp/content/20250311-mxt_kyoiku02-100002620_05.pdf｜https://www.biodic.go.jp/biodiversity/,生態系の多様性=せいたいけいのたようせい｜生物群集=せいぶつぐんしゅう｜草原=そうげん
生物基礎_Deck1_最重要骨格,BB-000268,268,Deck1・最重要骨格,生物の特徴,生物の共通性と多様性,核膜,かくまく,なし,BB-000052,BB-000268-C01,identify,真核細胞の核を細胞質から隔てる膜を何というか,真核細胞の核を細胞質から隔てる膜を何というか。,核膜,核膜,核膜は二重膜で、核と細胞質の間の物質移動に関わる。,細胞膜,核膜は核を包み、細胞膜は細胞全体を包む。,なし,なし,なし,文部科学省「高等学校学習指導要領（平成30年告示）解説 理科編 理数編」,https://www.mext.go.jp/content/20250311-mxt_kyoiku02-100002620_05.pdf,真核細胞=しんかくさいぼう｜核膜=かくまく
生物基礎_Deck1_最重要骨格,BB-000269,269,Deck1・最重要骨格,ヒトの体の調節,免疫,血清療法,けっせいりょうほう,なし,BB-000023｜BB-000137,BB-000269-C01,identify,抗体を含む血清を投与し、すぐに防御効果を得る治療法を何というか,抗体を含む血清を投与し、すぐに防御効果を得る治療法を何というか。,血清療法,血清療法,完成した抗体を受け取るため効果は速いが、通常は免疫記憶が形成されにくい。,予防接種,血清療法は抗体を直接投与して即効性があり、予防接種は自分の免疫記憶をつくらせる。,なし,なし,なし,文部科学省「高等学校学習指導要領（平成30年告示）解説 理科編 理数編」｜米国国立医学図書館 MedlinePlus「Immune response」,https://www.mext.go.jp/content/20250311-mxt_kyoiku02-100002620_05.pdf｜https://medlineplus.gov/ency/article/000821.htm,免疫記憶=めんえききおく｜血清療法=けっせいりょうほう｜抗体=こうたい
生物基礎_Deck1_最重要骨格,BB-000270,270,Deck1・最重要骨格,生物の多様性と生態系,生態系とその保全,在来種,ざいらいしゅ,なし,なし,BB-000270-C01,identify,ある地域に、外部から人為的に持ち込まれる以前から自然に分布していた種を何というか,ある地域に、外部から人為的に持ち込まれる以前から自然に分布していた種を何というか。,在来種,在来種,在来種も自然な分布拡大で移動することがあり、外来種との区別には人為的移動が重要である。,外来生物,在来種はその地域に自然分布し、外来生物は人為的に分布域外へ持ち込まれた。,なし,なし,なし,文部科学省「高等学校学習指導要領（平成30年告示）解説 理科編 理数編」｜環境省「日本の外来種対策」,https://www.mext.go.jp/content/20250311-mxt_kyoiku02-100002620_05.pdf｜https://www.env.go.jp/nature/intro/,在来種=ざいらいしゅ｜外来種=がいらいせいぶつ
生物基礎_Deck1_最重要骨格,BB-000271,271,Deck1・最重要骨格,生物の特徴,遺伝情報とDNA,核酸,かくさん,なし,BB-000127｜BB-000004｜BB-000145,BB-000271-C01,identify,ヌクレオチドが多数つながった物質で、DNAとRNAを含む総称は何か,ヌクレオチドが多数つながった物質で、DNAとRNAを含む総称は何か。,核酸,核酸,核酸は遺伝情報の保存・伝達・利用に関わる。,タンパク質,核酸はヌクレオチド、タンパク質はアミノ酸からなる。,なし,なし,なし,文部科学省「高等学校学習指導要領（平成30年告示）解説 理科編 理数編」,https://www.mext.go.jp/content/20250311-mxt_kyoiku02-100002620_05.pdf,ヌクレオチド=ぬくれおちど｜遺伝情報=いでんじょうほう｜核酸=かくさん
生物基礎_Deck1_最重要骨格,BB-000272,272,Deck1・最重要骨格,ヒトの体の調節,免疫,アレルギー,あれるぎー,なし,なし,BB-000272-C01,identify,本来は無害な物質などに対して免疫反応が過剰に起こり、症状が現れる状態を何というか,本来は無害な物質などに対して免疫反応が過剰に起こり、症状が現れる状態を何というか。,アレルギー,アレルギー,花粉症や食物アレルギーなどが例である。,自己免疫疾患,アレルギーは外来抗原への過剰反応、自己免疫疾患は自己成分への反応である。,なし,なし,なし,文部科学省「高等学校学習指導要領（平成30年告示）解説 理科編 理数編」｜米国国立医学図書館 MedlinePlus「Immune response」,https://www.mext.go.jp/content/20250311-mxt_kyoiku02-100002620_05.pdf｜https://medlineplus.gov/ency/article/000821.htm,アレルギー=あれるぎー
生物基礎_Deck1_最重要骨格,BB-000273,273,Deck1・最重要骨格,生物の多様性と生態系,生態系とその保全,絶滅危惧種,ぜつめつきぐしゅ,なし,BB-000048,BB-000273-C01,identify,個体数や生息地の減少などにより、絶滅のおそれが高いと評価された種を何というか,個体数や生息地の減少などにより、絶滅のおそれが高いと評価された種を何というか。,絶滅危惧種,絶滅危惧種,絶滅危惧種の保全には生息地保全、捕獲規制、外来種対策などが必要となる。,希少種,絶滅危惧種は絶滅リスクに基づく評価、希少種は単に数が少ないことを表す場合がある。,なし,なし,なし,文部科学省「高等学校学習指導要領（平成30年告示）解説 理科編 理数編」｜環境省「レッドリスト」,https://www.mext.go.jp/content/20250311-mxt_kyoiku02-100002620_05.pdf｜https://www.env.go.jp/nature/kisho/hozen/redlist/,絶滅危惧種=ぜつめつきぐしゅ｜外来種=がいらいせいぶつ｜生息地=せいそくち
生物基礎_Deck1_最重要骨格,BB-000274,274,Deck1・最重要骨格,生物の特徴,遺伝情報とDNA,DNAの半保存的複製,でぃーえぬえーのはんほぞんてきふくせい,半保存的複製,BB-000067｜BB-000064,BB-000274-C01,identify,複製後の各DNAが、元の鎖1本と新しく合成された鎖1本からなる複製様式を何というか,複製後の各DNAが、元の鎖1本と新しく合成された鎖1本からなる複製様式を何というか。,DNAの半保存的複製,DNAの半保存的複製｜半保存的複製,二重らせんがほどけ、各鎖を鋳型として相補的な新しい鎖が合成される。,DNAの複製,DNAの複製は過程全体、半保存的複製はその具体的な様式である。,なし,なし,なし,文部科学省「高等学校学習指導要領（平成30年告示）解説 理科編 理数編」,https://www.mext.go.jp/content/20250311-mxt_kyoiku02-100002620_05.pdf,DNAの半保存的複製=でぃーえぬえーのはんほぞんてきふくせい｜相補的=そうほてき｜鋳型=いがた
生物基礎_Deck1_最重要骨格,BB-000275,275,Deck1・最重要骨格,ヒトの体の調節,免疫,自己免疫疾患,じこめんえきしっかん,なし,なし,BB-000275-C01,identify,免疫系が自分自身の細胞や組織を異物のように攻撃する病気を何というか,免疫系が自分自身の細胞や組織を異物のように攻撃する病気を何というか。,自己免疫疾患,自己免疫疾患,自己と非自己を区別する仕組みが破綻して起こる。,アレルギー,自己免疫疾患は自己成分が標的、アレルギーは外来抗原への過剰反応である。,なし,なし,なし,文部科学省「高等学校学習指導要領（平成30年告示）解説 理科編 理数編」｜米国国立医学図書館 MedlinePlus「Immune response」,https://www.mext.go.jp/content/20250311-mxt_kyoiku02-100002620_05.pdf｜https://medlineplus.gov/ency/article/000821.htm,自己免疫疾患=じこめんえきしっかん｜非自己=ひじこ｜細胞=さいぼう
生物基礎_Deck1_最重要骨格,BB-000276,276,Deck1・最重要骨格,生物の多様性と生態系,生態系とその保全,レッドリスト,れっどりすと,なし,BB-000273,BB-000276-C01,identify,野生生物の絶滅のおそれを評価し、カテゴリー別にまとめた一覧を何というか,野生生物の絶滅のおそれを評価し、カテゴリー別にまとめた一覧を何というか。,レッドリスト,レッドリスト,レッドリストは絶滅リスクの評価資料であり、掲載だけで直ちに法的規制が生じるとは限らない。,レッドデータブック,レッドリストは評価一覧、レッドデータブックは掲載種の生息状況などを詳しく解説した資料である。,なし,なし,なし,文部科学省「高等学校学習指導要領（平成30年告示）解説 理科編 理数編」｜環境省「レッドリスト」,https://www.mext.go.jp/content/20250311-mxt_kyoiku02-100002620_05.pdf｜https://www.env.go.jp/nature/kisho/hozen/redlist/,レッドリスト=れっどりすと｜絶滅リスク=ぜつめつりすく
生物基礎_Deck1_最重要骨格,BB-000277,277,Deck1・最重要骨格,生物の特徴,遺伝情報とDNA,DNA量,でぃーえぬえーりょう,なし,BB-000100｜BB-000067,BB-000277-C01,number,S期後のDNA量,細胞周期でS期を終えた細胞のDNA量は、G1期に比べてどうなるか。,2倍になる,2倍になる｜二倍になる｜2倍,S期にDNAが複製されるため、分裂前のDNA量はG1期の2倍になる。,染色体数,DNA量はS期に2倍になるが、染色体数の数え方はセントロメア数に基づき、S期直後には通常変わらない。,なし,倍,なし,文部科学省「高等学校学習指導要領（平成30年告示）解説 理科編 理数編」｜大学入試センター「令和7年度大学入学共通テスト 生物基礎」,https://www.mext.go.jp/content/20250311-mxt_kyoiku02-100002620_05.pdf｜https://www.dnc.ac.jp/albums/abm.php?d=771&f=abm00005960.pdf&n=2025_op_37_seibutsukiso.pdf,DNA量=でぃーえぬえーりょう｜細胞周期=さいぼうしゅうき｜G1期=じーわんき｜S期=えすき
生物基礎_Deck1_最重要骨格,BB-000278,278,Deck1・最重要骨格,ヒトの体の調節,免疫,免疫不全,めんえきふぜん,なし,なし,BB-000278-C01,identify,免疫系の一部が十分に働かず、感染症にかかりやすくなる状態を何というか,免疫系の一部が十分に働かず、感染症にかかりやすくなる状態を何というか。,免疫不全,免疫不全,先天性の場合と、HIV感染などによる後天性の場合がある。,自己免疫疾患,免疫不全は防御が弱い状態、自己免疫疾患は免疫が自己を攻撃する状態である。,なし,なし,なし,文部科学省「高等学校学習指導要領（平成30年告示）解説 理科編 理数編」｜米国国立医学図書館 MedlinePlus「Immune response」,https://www.mext.go.jp/content/20250311-mxt_kyoiku02-100002620_05.pdf｜https://medlineplus.gov/ency/article/000821.htm,免疫不全=めんえきふぜん
生物基礎_Deck1_最重要骨格,BB-000279,279,Deck1・最重要骨格,生物の多様性と生態系,生態系とその保全,富栄養化,ふえいようか,なし,なし,BB-000279-C01,identify,湖沼や内湾へ窒素・リンなどの栄養塩類が過剰に流入し、植物プランクトンなどが増える現象を何というか,湖沼や内湾へ窒素・リンなどの栄養塩類が過剰に流入し、植物プランクトンなどが増える現象を何というか。,富栄養化,富栄養化,大量発生した生物の死骸が分解されると酸素が消費され、溶存酸素が低下することがある。,赤潮,富栄養化は栄養塩の増加という状態変化、赤潮はその結果としてプランクトンが異常増殖した現象の一つである。,なし,なし,なし,文部科学省「高等学校学習指導要領（平成30年告示）解説 理科編 理数編」,https://www.mext.go.jp/content/20250311-mxt_kyoiku02-100002620_05.pdf,植物プランクトン=しょくぶつぷらんくとん｜富栄養化=ふえいようか｜栄養塩類=えいようえんるい｜溶存酸素=ようぞんさんそ
生物基礎_Deck1_最重要骨格,BB-000280,280,Deck1・最重要骨格,生物の特徴,遺伝情報とDNA,塩基対,えんきつい,なし,BB-000064,BB-000280-C01,identify,DNAの2本鎖の間で、相補的に結び付く二つの塩基の組を何というか,DNAの2本鎖の間で、相補的に結び付く二つの塩基の組を何というか。,塩基対,塩基対,DNAではAとT、GとCが塩基対をつくる。,塩基の相補性,塩基対は組そのもの、相補性は決まった組合せになる性質である。,なし,なし,なし,文部科学省「高等学校学習指導要領（平成30年告示）解説 理科編 理数編」｜米国国立ヒトゲノム研究所「DNA」,https://www.mext.go.jp/content/20250311-mxt_kyoiku02-100002620_05.pdf｜https://www.genome.gov/genetics-glossary/Deoxyribonucleic-Acid-DNA,塩基対=えんきつい｜相補的=そうほてき
生物基礎_Deck1_最重要骨格,BB-000281,281,Deck1・最重要骨格,ヒトの体の調節,免疫,HIV,えいちあいぶい,ヒト免疫不全ウイルス,BB-000032,BB-000281-C01,identify,主にヘルパーT細胞へ感染し、免疫機能を低下させるウイルスは何か,主にヘルパーT細胞へ感染し、免疫機能を低下させるウイルスは何か。,HIV,HIV｜ヒト免疫不全ウイルス,HIV感染が進行し免疫不全が重くなると、エイズを発症することがある。,エイズ,HIVはウイルス名、エイズはHIV感染によって生じる免疫不全の病態である。,なし,なし,なし,文部科学省「高等学校学習指導要領（平成30年告示）解説 理科編 理数編」｜米国国立医学図書館 MedlinePlus「Immune response」,https://www.mext.go.jp/content/20250311-mxt_kyoiku02-100002620_05.pdf｜https://medlineplus.gov/ency/article/000821.htm,ヘルパーT細胞=へるぱーてぃーさいぼう｜免疫不全=めんえきふぜん｜エイズ=えいず
生物基礎_Deck1_最重要骨格,BB-000282,282,Deck1・最重要骨格,生物の多様性と生態系,生態系とその保全,溶存酸素,ようぞんさんそ,DO,BB-000279,BB-000282-C01,identify,水中に溶けている酸素を何というか,水中に溶けている酸素を何というか。,溶存酸素,溶存酸素｜DO,富栄養化で有機物の分解が盛んになると、溶存酸素が消費され水生生物に影響する。,大気中の酸素,溶存酸素は水に溶けた酸素であり、大気中の酸素とは存在する場所が異なる。,なし,なし,なし,文部科学省「高等学校学習指導要領（平成30年告示）解説 理科編 理数編」,https://www.mext.go.jp/content/20250311-mxt_kyoiku02-100002620_05.pdf,富栄養化=ふえいようか｜溶存酸素=ようぞんさんそ｜有機物=ゆうきぶつ
生物基礎_Deck1_最重要骨格,BB-000283,283,Deck1・最重要骨格,生物の特徴,遺伝情報とタンパク質の合成,遺伝暗号,いでんあんごう,なし,BB-000085｜BB-000082,BB-000283-C01,identify,mRNAのコドンとアミノ酸の対応関係を何というか,mRNAのコドンとアミノ酸の対応関係を何というか。,遺伝暗号,遺伝暗号,遺伝暗号に従い、コドンごとに指定されたアミノ酸が並べられる。,コドン,コドンは3塩基の単位、遺伝暗号はコドンとアミノ酸の対応規則である。,なし,なし,なし,文部科学省「高等学校学習指導要領（平成30年告示）解説 理科編 理数編」,https://www.mext.go.jp/content/20250311-mxt_kyoiku02-100002620_05.pdf,アミノ酸=あみのさん｜遺伝暗号=いでんあんごう｜コドン=こどん
生物基礎_Deck1_最重要骨格,BB-000284,284,Deck1・最重要骨格,ヒトの体の調節,免疫,エイズ,えいず,後天性免疫不全症候群｜AIDS,BB-000281｜BB-000278,BB-000284-C01,identify,HIV感染によって免疫機能が著しく低下し、日和見感染などを起こす病態を何というか,HIV感染によって免疫機能が著しく低下し、日和見感染などを起こす病態を何というか。,エイズ,エイズ｜後天性免疫不全症候群｜AIDS,エイズはHIVに感染した直後の状態と同じではなく、免疫不全が進行した段階を指す。,HIV,HIVは原因となるウイルス、エイズは進行した病態である。,なし,なし,なし,文部科学省「高等学校学習指導要領（平成30年告示）解説 理科編 理数編」｜米国国立医学図書館 MedlinePlus「Immune response」,https://www.mext.go.jp/content/20250311-mxt_kyoiku02-100002620_05.pdf｜https://medlineplus.gov/ency/article/000821.htm,日和見感染=ひよりみかんせん｜免疫不全=めんえきふぜん｜エイズ=えいず
生物基礎_Deck1_最重要骨格,BB-000285,285,Deck1・最重要骨格,生物の多様性と生態系,生態系とその保全,生活排水,せいかつはいすい,なし,BB-000279,BB-000285-C01,identify,家庭の台所、風呂、洗濯、トイレなどから出る排水を何というか,家庭の台所、風呂、洗濯、トイレなどから出る排水を何というか。,生活排水,生活排水,処理が不十分な生活排水は窒素・リンや有機物を水域へ運び、富栄養化の原因となる。,工場排水,生活排水は家庭生活、工場排水は産業活動から生じる。,なし,なし,なし,文部科学省「高等学校学習指導要領（平成30年告示）解説 理科編 理数編」,https://www.mext.go.jp/content/20250311-mxt_kyoiku02-100002620_05.pdf,富栄養化=ふえいようか｜生活排水=せいかつはいすい｜有機物=ゆうきぶつ
生物基礎_Deck1_最重要骨格,BB-000286,286,Deck1・最重要骨格,生物の特徴,遺伝情報とタンパク質の合成,体細胞の遺伝情報,たいさいぼうのいでんじょうほう,なし,BB-000034｜BB-000157,BB-000286-C01,relation,体細胞間の遺伝情報の共通性,同じ個体をつくる分化した体細胞は、基本的にどのような遺伝情報をもつか。,基本的に同じ遺伝情報,基本的に同じ遺伝情報｜ほぼ同じ遺伝情報｜同じ遺伝情報,同じ個体の体細胞は、基本的に同じ一組の遺伝情報をもつ。,遺伝子発現の選択性,遺伝情報は基本的に同じでも、発現する遺伝子は細胞ごとに異なる。,なし,なし,なし,文部科学省「高等学校学習指導要領（平成30年告示）解説 理科編 理数編」,https://www.mext.go.jp/content/20250311-mxt_kyoiku02-100002620_05.pdf,遺伝情報=いでんじょうほう｜体細胞=たいさいぼう
生物基礎_Deck1_最重要骨格,BB-000287,287,Deck1・最重要骨格,ヒトの体の調節,免疫,日和見感染,ひよりみかんせん,なし,BB-000278,BB-000287-C01,identify,免疫力が低下したとき、通常は重い病気を起こしにくい微生物によって生じる感染を何というか,免疫力が低下したとき、通常は重い病気を起こしにくい微生物によって生じる感染を何というか。,日和見感染,日和見感染,エイズや免疫抑制治療などで起こりやすくなる。,通常感染,日和見感染は宿主の免疫低下を機会に起こる。,なし,なし,なし,文部科学省「高等学校学習指導要領（平成30年告示）解説 理科編 理数編」｜米国国立医学図書館 MedlinePlus「Immune response」,https://www.mext.go.jp/content/20250311-mxt_kyoiku02-100002620_05.pdf｜https://medlineplus.gov/ency/article/000821.htm,日和見感染=ひよりみかんせん｜免疫抑制=めんえきよくせい｜エイズ=えいず
生物基礎_Deck1_最重要骨格,BB-000288,288,Deck1・最重要骨格,生物の多様性と生態系,生態系とその保全,生態ピラミッド,せいたいぴらみっど,なし,BB-000027,BB-000288-C01,identify,栄養段階ごとの個体数・生物量・エネルギー量などを積み重ねて表した図を何というか,栄養段階ごとの個体数・生物量・エネルギー量などを積み重ねて表した図を何というか。,生態ピラミッド,生態ピラミッド,上位の栄養段階ほど利用できるエネルギー量は少なくなるため、エネルギーのピラミッドは常に上ほど小さい。,栄養段階,栄養段階は食物連鎖上の位置、生態ピラミッドは各段階の量を図示する。,なし,なし,なし,文部科学省「高等学校学習指導要領（平成30年告示）解説 理科編 理数編」｜大学入試センター「令和7年度大学入学共通テスト 生物基礎」,https://www.mext.go.jp/content/20250311-mxt_kyoiku02-100002620_05.pdf｜https://www.dnc.ac.jp/albums/abm.php?d=771&f=abm00005960.pdf&n=2025_op_37_seibutsukiso.pdf,生態ピラミッド=せいたいぴらみっど｜栄養段階=えいようだんかい
生物基礎_Deck1_最重要骨格,BB-000289,289,Deck1・最重要骨格,生物の特徴,遺伝情報とタンパク質の合成,ポリペプチド,ぽりぺぷちど,なし,BB-000082,BB-000289-C01,identify,多数のアミノ酸がペプチド結合で鎖状につながったものを何というか,多数のアミノ酸がペプチド結合で鎖状につながったものを何というか。,ポリペプチド,ポリペプチド,ポリペプチドが折りたたまれたり複数集まったりして、機能するタンパク質になる。,タンパク質,ポリペプチドはアミノ酸の鎖、タンパク質は機能する立体構造をとった分子を含む。,なし,なし,なし,文部科学省「高等学校学習指導要領（平成30年告示）解説 理科編 理数編」,https://www.mext.go.jp/content/20250311-mxt_kyoiku02-100002620_05.pdf,ポリペプチド=ぽりぺぷちど｜タンパク質=たんぱくしつ｜アミノ酸=あみのさん
生物基礎_Deck1_最重要骨格,BB-000290,290,Deck1・最重要骨格,ヒトの体の調節,免疫,拒絶反応,きょぜつはんのう,なし,BB-000080,BB-000290-C01,identify,移植された組織や臓器を非自己と認識し、免疫系が攻撃する反応を何というか,移植された組織や臓器を非自己と認識し、免疫系が攻撃する反応を何というか。,拒絶反応,拒絶反応,主にT細胞を中心とする細胞性免疫が関わる。,自己免疫疾患,拒絶反応は移植された他者組織、自己免疫疾患は自分の組織が標的である。,なし,なし,なし,文部科学省「高等学校学習指導要領（平成30年告示）解説 理科編 理数編」｜米国国立医学図書館 MedlinePlus「Immune response」,https://www.mext.go.jp/content/20250311-mxt_kyoiku02-100002620_05.pdf｜https://medlineplus.gov/ency/article/000821.htm,細胞性免疫=さいぼうせいめんえき｜拒絶反応=きょぜつはんのう｜T細胞=てぃーさいぼう｜非自己=ひじこ
生物基礎_Deck1_最重要骨格,BB-000291,291,Deck1・最重要骨格,生物の多様性と生態系,生態系とその保全,炭素循環,たんそじゅんかん,なし,BB-000013｜BB-000016｜BB-000018,BB-000291-C01,identify,二酸化炭素の炭素が光合成で有機物に取り込まれ、呼吸や分解で環境へ戻る循環を何というか,二酸化炭素の炭素が光合成で有機物に取り込まれ、呼吸や分解で環境へ戻る循環を何というか。,炭素循環,炭素循環,燃焼も有機物中の炭素を二酸化炭素として大気へ戻す。,エネルギーの流れ,炭素は生態系内を循環するが、エネルギーは一方向へ流れて熱として失われる。,なし,なし,なし,文部科学省「高等学校学習指導要領（平成30年告示）解説 理科編 理数編」,https://www.mext.go.jp/content/20250311-mxt_kyoiku02-100002620_05.pdf,二酸化炭素=にさんかたんそ｜炭素循環=たんそじゅんかん｜光合成=こうごうせい｜有機物=ゆうきぶつ｜呼吸=こきゅう
生物基礎_Deck1_最重要骨格,BB-000292,292,Deck1・最重要骨格,生物の特徴,生物の共通性と多様性,細胞説,さいぼうせつ,なし,BB-000001,BB-000292-C01,identify,生物は細胞からできており、細胞は生命の基本単位であるという考えを何というか,生物は細胞からできており、細胞は生命の基本単位であるという考えを何というか。,細胞説,細胞説,現代の細胞説には、細胞は既存の細胞から生じるという考えも含まれる。,生物の共通性,細胞説は細胞を基本単位とする考え、生物の共通性はDNAやATPなども含む広い概念である。,なし,なし,なし,文部科学省「高等学校学習指導要領（平成30年告示）解説 理科編 理数編」,https://www.mext.go.jp/content/20250311-mxt_kyoiku02-100002620_05.pdf,細胞説=さいぼうせつ
生物基礎_Deck1_最重要骨格,BB-000293,293,Deck1・最重要骨格,ヒトの体の調節,免疫,リンパ節,りんぱせつ,なし,BB-000134｜BB-000254,BB-000293-C01,identify,リンパ管の途中にあり、リンパ球が集まって抗原への免疫反応が起こる器官は何か,リンパ管の途中にあり、リンパ球が集まって抗原への免疫反応が起こる器官は何か。,リンパ節,リンパ節,リンパ節では樹状細胞などが抗原提示し、リンパ球の活性化が進む。,胸腺,リンパ節は免疫反応の場、胸腺はT細胞が成熟する場である。,なし,なし,なし,文部科学省「高等学校学習指導要領（平成30年告示）解説 理科編 理数編」｜米国国立医学図書館 MedlinePlus「Immune response」,https://www.mext.go.jp/content/20250311-mxt_kyoiku02-100002620_05.pdf｜https://medlineplus.gov/ency/article/000821.htm,リンパ球=りんぱきゅう｜リンパ節=りんぱせつ｜抗原提示=こうげんていじ｜樹状細胞=じゅじょうさいぼう
生物基礎_Deck1_最重要骨格,BB-000294,294,Deck1・最重要骨格,生物の多様性と生態系,生態系とその保全,窒素循環,ちっそじゅんかん,なし,BB-000018,BB-000294-C01,identify,窒素が大気・土壌・生物の間を、窒素固定・同化・分解・脱窒などで移動する循環を何というか,窒素が大気・土壌・生物の間を、窒素固定・同化・分解・脱窒などで移動する循環を何というか。,窒素循環,窒素循環,植物は主に無機窒素化合物を吸収し、食物連鎖を通じて動物へ窒素が移る。,炭素循環,窒素循環は窒素化合物、炭素循環は二酸化炭素と有機物の炭素を中心に追う。,なし,なし,なし,文部科学省「高等学校学習指導要領（平成30年告示）解説 理科編 理数編」,https://www.mext.go.jp/content/20250311-mxt_kyoiku02-100002620_05.pdf,窒素固定=ちっそこてい｜窒素循環=ちっそじゅんかん｜食物連鎖=しょくもつれんさ｜同化=どうか｜脱窒=だっちつ
生物基礎_Deck1_最重要骨格,BB-000295,295,Deck1・最重要骨格,生物の特徴,遺伝情報とDNA,体細胞,たいさいぼう,なし,BB-000001,BB-000295-C01,identify,生殖細胞以外の、体を構成する細胞を何というか,生殖細胞以外の、体を構成する細胞を何というか。,体細胞,体細胞,体細胞は体細胞分裂によって増え、成長や組織の維持に関わる。,娘細胞,体細胞は細胞の種類、娘細胞は分裂によって新たに生じた細胞を指す。,なし,なし,なし,文部科学省「高等学校学習指導要領（平成30年告示）解説 理科編 理数編」,https://www.mext.go.jp/content/20250311-mxt_kyoiku02-100002620_05.pdf,体細胞分裂=たいさいぼうぶんれつ
生物基礎_Deck1_最重要骨格,BB-000296,296,Deck1・最重要骨格,ヒトの体の調節,免疫,胸腺,きょうせん,なし,BB-000257,BB-000296-C01,identify,T細胞が成熟し、自己と非自己を区別する能力を整える器官は何か,T細胞が成熟し、自己と非自己を区別する能力を整える器官は何か。,胸腺,胸腺,未成熟なT細胞は骨髄で生じた後、胸腺で選別・成熟する。,骨髄,胸腺はT細胞の成熟、骨髄は血球の形成とB細胞の成熟に重要である。,なし,なし,なし,文部科学省「高等学校学習指導要領（平成30年告示）解説 理科編 理数編」｜米国国立医学図書館 MedlinePlus「Immune response」,https://www.mext.go.jp/content/20250311-mxt_kyoiku02-100002620_05.pdf｜https://medlineplus.gov/ency/article/000821.htm,T細胞=てぃーさいぼう｜非自己=ひじこ｜胸腺=きょうせん｜骨髄=こつずい
生物基礎_Deck1_最重要骨格,BB-000297,297,Deck1・最重要骨格,生物の多様性と生態系,生態系とその保全,エネルギーの流れ,えねるぎーのながれ,なし,BB-000012｜BB-000015｜BB-000018,BB-000297-C01,relation,生態系でのエネルギーの最終形,生態系のエネルギーは、生産者から消費者・分解者へ移った後、最終的に主に何として失われるか。,熱,熱｜熱エネルギー,生物は呼吸によってエネルギーを利用し、その多くは熱として環境へ散逸する。,物質循環,エネルギーは一方向に流れて熱として散逸し、物質は生態系内を循環する。,なし,なし,なし,文部科学省「高等学校学習指導要領（平成30年告示）解説 理科編 理数編」｜大学入試センター「令和7年度大学入学共通テスト 生物基礎」,https://www.mext.go.jp/content/20250311-mxt_kyoiku02-100002620_05.pdf｜https://www.dnc.ac.jp/albums/abm.php?d=771&f=abm00005960.pdf&n=2025_op_37_seibutsukiso.pdf,分解者=ぶんかいしゃ｜消費者=しょうひしゃ｜生態系=せいたいけい｜生産者=せいさんしゃ｜呼吸=こきゅう｜散逸=さんいつ
生物基礎_Deck1_最重要骨格,BB-000298,298,Deck1・最重要骨格,生物の特徴,遺伝情報とタンパク質の合成,セントラルドグマ,せんとらるどぐま,なし,BB-000070｜BB-000073,BB-000298-C01,identify,遺伝情報が基本的にDNAからRNAを経てタンパク質へ伝わるという原則を何というか,遺伝情報が基本的にDNAからRNAを経てタンパク質へ伝わるという原則を何というか。,セントラルドグマ,セントラルドグマ,DNAからRNAへの転写、RNAからタンパク質への翻訳という流れで表される。,遺伝子発現,セントラルドグマは情報の基本的な流れ、遺伝子発現は情報が実際に利用されることを指す。,なし,なし,DNA→RNA→タンパク質,文部科学省「高等学校学習指導要領（平成30年告示）解説 理科編 理数編」,https://www.mext.go.jp/content/20250311-mxt_kyoiku02-100002620_05.pdf,セントラルドグマ=せんとらるどぐま｜タンパク質=たんぱくしつ｜遺伝情報=いでんじょうほう｜翻訳=ほんやく｜転写=てんしゃ
生物基礎_Deck1_最重要骨格,BB-000299,299,Deck1・最重要骨格,ヒトの体の調節,免疫,骨髄,こつずい,なし,BB-000029｜BB-000257,BB-000299-C01,identify,血球がつくられ、ヒトではB細胞が成熟する組織は何か,血球がつくられ、ヒトではB細胞が成熟する組織は何か。,骨髄,骨髄,骨髄の造血幹細胞から赤血球、白血球、血小板などが生じる。,胸腺,骨髄は血球形成とB細胞成熟、胸腺はT細胞成熟に重要である。,なし,なし,なし,文部科学省「高等学校学習指導要領（平成30年告示）解説 理科編 理数編」｜米国国立医学図書館 MedlinePlus「Immune response」,https://www.mext.go.jp/content/20250311-mxt_kyoiku02-100002620_05.pdf｜https://medlineplus.gov/ency/article/000821.htm,造血幹細胞=ぞうけつかんさいぼう｜B細胞=びーさいぼう｜白血球=はっけっきゅう｜血小板=けっしょうばん｜赤血球=せっけっきゅう｜骨髄=こつずい
生物基礎_Deck1_最重要骨格,BB-000300,300,Deck1・最重要骨格,生物の多様性と生態系,生態系とその保全,物質循環,ぶっしつじゅんかん,なし,BB-000012｜BB-000015｜BB-000018,BB-000300-C01,identify,炭素や窒素などの物質が、生物と非生物的環境の間を繰り返し移動することを何というか,炭素や窒素などの物質が、生物と非生物的環境の間を繰り返し移動することを何というか。,物質循環,物質循環,生産者が無機物を取り込み、消費者へ移り、分解者によって再び無機物へ戻される。,エネルギーの流れ,物質は循環し、エネルギーは一方向へ流れて熱として散逸する。,なし,なし,なし,文部科学省「高等学校学習指導要領（平成30年告示）解説 理科編 理数編」｜大学入試センター「令和7年度大学入学共通テスト 生物基礎」,https://www.mext.go.jp/content/20250311-mxt_kyoiku02-100002620_05.pdf｜https://www.dnc.ac.jp/albums/abm.php?d=771&f=abm00005960.pdf&n=2025_op_37_seibutsukiso.pdf,非生物的環境=ひせいぶつてきかんきょう｜物質循環=ぶっしつじゅんかん｜分解者=ぶんかいしゃ｜消費者=しょうひしゃ｜無機物=むきぶつ｜生産者=せいさんしゃ
