dataset_label,term_id,importance_rank,difficulty_label,category,term,reading,aliases,era,macro_region,region_detail,display_period,sort_year,question_id,stage,focus,question_type,question,answer,keywords,accepted_answers,answer_note,year_mnemonic,source_name,source_url
第18回_04_中華帝国の完成〜明の滅亡と清の中国支配〜,WH-180054,201,標準,国家・王朝,清,しん,,近世,東アジア,中国・満洲・内陸アジア・台湾,1636〜1912年,1636,WH-180054-B01,beginner,用語の特定,identify,ホンタイジが後金(こうきん)の国号を改めて成立し、満洲人の王朝として中国や内陸アジアを支配した国家は？,清,清,,,,18_中華帝国の繁栄（明・清）(1).md pp.290–295,
第18回_04_中華帝国の完成〜明の滅亡と清の中国支配〜,WH-180054,201,標準,国家・王朝,清,しん,,近世,東アジア,中国・満洲・内陸アジア・台湾,1636〜1912年,1636,WH-180054-B02,beginner,時期,time,国号が後金(こうきん)から清に改められたのはいつ？,1636年,1636年,,,,18_中華帝国の繁栄（明・清）(1).md pp.290–295,
第18回_04_中華帝国の完成〜明の滅亡と清の中国支配〜,WH-180054,201,標準,国家・王朝,清,しん,,近世,東アジア,中国・満洲・内陸アジア・台湾,1636〜1912年,1636,WH-180054-B03,beginner,中心人物,person,清という国号を採用した人物は？,ホンタイジ,ホンタイジ,,,,18_中華帝国の繁栄（明・清）(1).md pp.290–295,
第18回_04_中華帝国の完成〜明の滅亡と清の中国支配〜,WH-180054,201,標準,国家・王朝,清,しん,,近世,東アジア,中国・満洲・内陸アジア・台湾,1636〜1912年,1636,WH-180054-B04,beginner,時期,time,清が北京に入城して中国支配を始めたのはいつ？,1644年,1644年,,,,18_中華帝国の繁栄（明・清）(1).md pp.290–295,
第18回_04_中華帝国の完成〜明の滅亡と清の中国支配〜,WH-180054,201,標準,国家・王朝,清,しん,,近世,東アジア,中国・満洲・内陸アジア・台湾,1636〜1912年,1636,WH-180054-B05,beginner,内容,content,清が内陸アジアで大幅な自治を認めた地域区分は？,藩部(はんぶ),藩部,,,,18_中華帝国の繁栄（明・清）(1).md pp.290–295,
第18回_04_中華帝国の完成〜明の滅亡と清の中国支配〜,WH-180054,201,標準,国家・王朝,清,しん,,近世,東アジア,中国・満洲・内陸アジア・台湾,1636〜1912年,1636,WH-180054-B06,beginner,内容,content,清が重要官職に満洲人と漢民族を同数登用した制度は？,満漢併用制(まんかんへいようせい),満漢併用制,,,,18_中華帝国の繁栄（明・清）(1).md pp.290–295,
第18回_04_中華帝国の完成〜明の滅亡と清の中国支配〜,WH-180054,201,標準,国家・王朝,清,しん,,近世,東アジア,中国・満洲・内陸アジア・台湾,1636〜1912年,1636,WH-180054-R01,reverse,時期,time,清が存在したのはいつ？,**1636〜1912年**。,1636〜1912年,,,,18_中華帝国の繁栄（明・清）(1).md pp.290–295,
第18回_04_中華帝国の完成〜明の滅亡と清の中国支配〜,WH-180054,201,標準,国家・王朝,清,しん,,近世,東アジア,中国・満洲・内陸アジア・台湾,1636〜1912年,1636,WH-180054-R02,reverse,複合説明,reverse,清は何をした？,**1636年**に**ホンタイジ**が後金(こうきん)から改称し、1912年まで続いた王朝。**1644年に北京へ入城**して中国支配を始め、内陸アジアの**藩部(はんぶ)**などには自治を認める複合的な支配を行った。中国本土では**満漢併用制(まんかんへいようせい)**などの懐柔策(かいじゅうさく)と、**辮髪(べんぱつ)や文字の獄**などの威圧策を併用した。,1636年|ホンタイジ|1644年に北京へ入城|藩部|満漢併用制|辮髪や文字の獄,,,,18_中華帝国の繁栄（明・清）(1).md pp.290–295,
第18回_04_中華帝国の完成〜明の滅亡と清の中国支配〜,WH-180054,201,標準,国家・王朝,清,しん,,近世,東アジア,中国・満洲・内陸アジア・台湾,1636〜1912年,1636,WH-180054-I01,integrated,統合説明,integrated,「清」について説明せよ。,**1636年**に**ホンタイジ**が後金(こうきん)から改称し、1912年まで続いた王朝。**1644年に北京へ入城**して中国支配を始め、内陸アジアの**藩部(はんぶ)**などには自治を認める複合的な支配を行った。中国本土では**満漢併用制(まんかんへいようせい)**などの懐柔策(かいじゅうさく)と、**辮髪(べんぱつ)や文字の獄**などの威圧策を併用した。,1636年|ホンタイジ|1644年に北京へ入城|藩部|満漢併用制|辮髪や文字の獄,,,,18_中華帝国の繁栄（明・清）(1).md pp.290–295,
第18回_04_中華帝国の完成〜明の滅亡と清の中国支配〜,WH-180055,202,標準,国家・王朝,後金,こうきん,アイシン,近世,東アジア,中国東北地方（瀋陽）,1616〜1636年,1616,WH-180055-B01,beginner,用語の特定,identify,ヌルハチが女真族(じょしんぞく)を統一して建て、のちにホンタイジが清と改称した国家は？,後金(こうきん),後金,アイシン,,,18_中華帝国の繁栄（明・清）(1).md pp.290–291,
第18回_04_中華帝国の完成〜明の滅亡と清の中国支配〜,WH-180055,202,標準,国家・王朝,後金,こうきん,アイシン,近世,東アジア,中国東北地方（瀋陽）,1616〜1636年,1616,WH-180055-B02,beginner,時期,time,後金(こうきん)が建国されたのはいつ？,1616年,1616年,,,1616：「ヌルハチは　いろいろつくった　八旗も文字も」後金の建国,18_中華帝国の繁栄（明・清）(1).md pp.290–291,
第18回_04_中華帝国の完成〜明の滅亡と清の中国支配〜,WH-180055,202,標準,国家・王朝,後金,こうきん,アイシン,近世,東アジア,中国東北地方（瀋陽）,1616〜1636年,1616,WH-180055-B03,beginner,中心人物,person,後金(こうきん)を建国した人物は？,ヌルハチ,ヌルハチ,,,,18_中華帝国の繁栄（明・清）(1).md pp.290–291,
第18回_04_中華帝国の完成〜明の滅亡と清の中国支配〜,WH-180055,202,標準,国家・王朝,後金,こうきん,アイシン,近世,東アジア,中国東北地方（瀋陽）,1616〜1636年,1616,WH-180055-B04,beginner,内容,content,後金(こうきん)の統治の基礎となった軍事・社会制度は？,八旗(はっき),八旗,,,,18_中華帝国の繁栄（明・清）(1).md pp.290–291,
第18回_04_中華帝国の完成〜明の滅亡と清の中国支配〜,WH-180055,202,標準,国家・王朝,後金,こうきん,アイシン,近世,東アジア,中国東北地方（瀋陽）,1616〜1636年,1616,WH-180055-B05,beginner,中心人物,person,後金(こうきん)の国号を清に改めた人物は？,ホンタイジ,ホンタイジ,,,,18_中華帝国の繁栄（明・清）(1).md pp.290–291,
第18回_04_中華帝国の完成〜明の滅亡と清の中国支配〜,WH-180055,202,標準,国家・王朝,後金,こうきん,アイシン,近世,東アジア,中国東北地方（瀋陽）,1616〜1636年,1616,WH-180055-B06,beginner,時期,time,後金(こうきん)の国号が清に改められたのはいつ？,1636年,1636年,,,,18_中華帝国の繁栄（明・清）(1).md pp.290–291,
第18回_04_中華帝国の完成〜明の滅亡と清の中国支配〜,WH-180055,202,標準,国家・王朝,後金,こうきん,アイシン,近世,東アジア,中国東北地方（瀋陽）,1616〜1636年,1616,WH-180055-R01,reverse,時期,time,後金(こうきん)が存在したのはいつ？,**1616〜1636年**。,1616〜1636年,,,1616：「ヌルハチは　いろいろつくった　八旗も文字も」後金の建国,18_中華帝国の繁栄（明・清）(1).md pp.290–291,
第18回_04_中華帝国の完成〜明の滅亡と清の中国支配〜,WH-180055,202,標準,国家・王朝,後金,こうきん,アイシン,近世,東アジア,中国東北地方（瀋陽）,1616〜1636年,1616,WH-180055-R02,reverse,複合説明,reverse,後金(こうきん)は何をした？,**1616年**に**ヌルハチ**が中国東北地方で女真族(じょしんぞく)を統一して建てた国家。**八旗(はっき)**を統治の基礎とし、のちにホンタイジがモンゴル勢力を平定した後、**1636年に清**と改称した。,1616年|ヌルハチ|八旗|1636年に清,,,1616：「ヌルハチは　いろいろつくった　八旗も文字も」後金の建国,18_中華帝国の繁栄（明・清）(1).md pp.290–291,
第18回_04_中華帝国の完成〜明の滅亡と清の中国支配〜,WH-180055,202,標準,国家・王朝,後金,こうきん,アイシン,近世,東アジア,中国東北地方（瀋陽）,1616〜1636年,1616,WH-180055-I01,integrated,統合説明,integrated,「後金(こうきん)」について説明せよ。,**1616年**に**ヌルハチ**が中国東北地方で女真族(じょしんぞく)を統一して建てた国家。**八旗(はっき)**を統治の基礎とし、のちにホンタイジがモンゴル勢力を平定した後、**1636年に清**と改称した。,1616年|ヌルハチ|八旗|1636年に清,,,1616：「ヌルハチは　いろいろつくった　八旗も文字も」後金の建国,18_中華帝国の繁栄（明・清）(1).md pp.290–291,
第18回_04_中華帝国の完成〜明の滅亡と清の中国支配〜,WH-180056,203,標準,人物,ヌルハチ,ぬるはち,太祖,近世,東アジア,中国東北地方（瀋陽）,1616〜1626年（在位）,1616,WH-180056-B01,beginner,用語の特定,identify,女真族(じょしんぞく)を統一して後金(こうきん)を建て、八旗(はっき)を創設した人物は？,ヌルハチ,ヌルハチ,太祖,,,18_中華帝国の繁栄（明・清）(1).md pp.290–291,
第18回_04_中華帝国の完成〜明の滅亡と清の中国支配〜,WH-180056,203,標準,人物,ヌルハチ,ぬるはち,太祖,近世,東アジア,中国東北地方（瀋陽）,1616〜1626年（在位）,1616,WH-180056-B02,beginner,国家・勢力・社会集団,actor,ヌルハチが統一した民族は？,女真族(じょしんぞく),女真族,,,,18_中華帝国の繁栄（明・清）(1).md pp.290–291,
第18回_04_中華帝国の完成〜明の滅亡と清の中国支配〜,WH-180056,203,標準,人物,ヌルハチ,ぬるはち,太祖,近世,東アジア,中国東北地方（瀋陽）,1616〜1626年（在位）,1616,WH-180056-B03,beginner,時期,time,ヌルハチが後金(こうきん)を建国したのはいつ？,1616年,1616年,,,1616：「ヌルハチは　いろいろつくった　八旗も文字も」後金の建国,18_中華帝国の繁栄（明・清）(1).md pp.290–291,
第18回_04_中華帝国の完成〜明の滅亡と清の中国支配〜,WH-180056,203,標準,人物,ヌルハチ,ぬるはち,太祖,近世,東アジア,中国東北地方（瀋陽）,1616〜1626年（在位）,1616,WH-180056-B04,beginner,内容,content,ヌルハチが部族を再編するため創設した制度は？,八旗(はっき),八旗,,,,18_中華帝国の繁栄（明・清）(1).md pp.290–291,
第18回_04_中華帝国の完成〜明の滅亡と清の中国支配〜,WH-180056,203,標準,人物,ヌルハチ,ぬるはち,太祖,近世,東アジア,中国東北地方（瀋陽）,1616〜1626年（在位）,1616,WH-180056-B05,beginner,関連,relation,ヌルハチが1619年に明を破った戦いは？,サルフの戦い,サルフの戦い,サルホの戦い,,,18_中華帝国の繁栄（明・清）(1).md pp.290–291,
第18回_04_中華帝国の完成〜明の滅亡と清の中国支配〜,WH-180056,203,標準,人物,ヌルハチ,ぬるはち,太祖,近世,東アジア,中国東北地方（瀋陽）,1616〜1626年（在位）,1616,WH-180056-B06,beginner,地域,place,ヌルハチが東北地方で都とした都市は？,瀋陽(しんよう),瀋陽,,,,18_中華帝国の繁栄（明・清）(1).md pp.290–291,
第18回_04_中華帝国の完成〜明の滅亡と清の中国支配〜,WH-180056,203,標準,人物,ヌルハチ,ぬるはち,太祖,近世,東アジア,中国東北地方（瀋陽）,1616〜1626年（在位）,1616,WH-180056-R01,reverse,時期,time,ヌルハチが後金(こうきん)を建国したのはいつ？,**1616年**。,1616年,,,1616：「ヌルハチは　いろいろつくった　八旗も文字も」後金の建国,18_中華帝国の繁栄（明・清）(1).md pp.290–291,
第18回_04_中華帝国の完成〜明の滅亡と清の中国支配〜,WH-180056,203,標準,人物,ヌルハチ,ぬるはち,太祖,近世,東アジア,中国東北地方（瀋陽）,1616〜1626年（在位）,1616,WH-180056-R02,reverse,複合説明,reverse,ヌルハチは何をした？,17世紀初めに中国東北地方で女真族(じょしんぞく)を統一し、**1616年に後金(こうきん)**を建てた人物。**八旗(はっき)**を創設して部族を再編し、**1619年のサルフの戦い**で明を破り、瀋陽(しんよう)を都に支配を固めた。,1616年に後金|八旗|1619年のサルフの戦い,,,1616：「ヌルハチは　いろいろつくった　八旗も文字も」後金の建国,18_中華帝国の繁栄（明・清）(1).md pp.290–291,
第18回_04_中華帝国の完成〜明の滅亡と清の中国支配〜,WH-180056,203,標準,人物,ヌルハチ,ぬるはち,太祖,近世,東アジア,中国東北地方（瀋陽）,1616〜1626年（在位）,1616,WH-180056-I01,integrated,統合説明,integrated,「ヌルハチ」について説明せよ。,17世紀初めに中国東北地方で女真族(じょしんぞく)を統一し、**1616年に後金(こうきん)**を建てた人物。**八旗(はっき)**を創設して部族を再編し、**1619年のサルフの戦い**で明を破り、瀋陽(しんよう)を都に支配を固めた。,1616年に後金|八旗|1619年のサルフの戦い,,,1616：「ヌルハチは　いろいろつくった　八旗も文字も」後金の建国,18_中華帝国の繁栄（明・清）(1).md pp.290–291,
第18回_04_中華帝国の完成〜明の滅亡と清の中国支配〜,WH-180057,204,標準,制度・政策・法律,八旗,はっき,,近世,東アジア,中国東北地方から清の支配地域,17世紀初め以降,1616,WH-180057-B01,beginner,用語の特定,identify,ヌルハチが女真族(じょしんぞく)を再編して創設した、軍事だけでなく政治・社会の基礎にもなった制度は？,八旗(はっき),八旗,,,,"18_中華帝国の繁栄（明・清）(1).md pp.290–291,295",
第18回_04_中華帝国の完成〜明の滅亡と清の中国支配〜,WH-180057,204,標準,制度・政策・法律,八旗,はっき,,近世,東アジア,中国東北地方から清の支配地域,17世紀初め以降,1616,WH-180057-B02,beginner,中心人物,person,八旗(はっき)を創設した人物は？,ヌルハチ,ヌルハチ,,,,"18_中華帝国の繁栄（明・清）(1).md pp.290–291,295",
第18回_04_中華帝国の完成〜明の滅亡と清の中国支配〜,WH-180057,204,標準,制度・政策・法律,八旗,はっき,,近世,東アジア,中国東北地方から清の支配地域,17世紀初め以降,1616,WH-180057-B03,beginner,国家・勢力・社会集団,actor,八旗(はっき)で最初に再編された民族は？,女真族(じょしんぞく),女真族,,,,"18_中華帝国の繁栄（明・清）(1).md pp.290–291,295",
第18回_04_中華帝国の完成〜明の滅亡と清の中国支配〜,WH-180057,204,標準,制度・政策・法律,八旗,はっき,,近世,東アジア,中国東北地方から清の支配地域,17世紀初め以降,1616,WH-180057-B04,beginner,中心人物,person,八旗(はっき)に蒙古八旗(もうこはっき)・漢軍八旗(かんぐんはっき)を加えて増強した人物は？,ホンタイジ,ホンタイジ,,,,"18_中華帝国の繁栄（明・清）(1).md pp.290–291,295",
第18回_04_中華帝国の完成〜明の滅亡と清の中国支配〜,WH-180057,204,標準,制度・政策・法律,八旗,はっき,,近世,東アジア,中国東北地方から清の支配地域,17世紀初め以降,1616,WH-180057-B05,beginner,関連,relation,八旗(はっき)と対比される、清が漢民族で編成した治安維持の軍は？,緑営(りょくえい),緑営,,,,"18_中華帝国の繁栄（明・清）(1).md pp.290–291,295",
第18回_04_中華帝国の完成〜明の滅亡と清の中国支配〜,WH-180057,204,標準,制度・政策・法律,八旗,はっき,,近世,東アジア,中国東北地方から清の支配地域,17世紀初め以降,1616,WH-180057-R01,reverse,複合説明,reverse,八旗(はっき)はどんな制度・政策？,17世紀初めに中国東北地方で**ヌルハチ**が女真族(じょしんぞく)を再編して創設した軍事・政治・社会の制度。**満洲八旗(まんしゅうはっき)**を基礎に、ホンタイジが**蒙古八旗(もうこはっき)・漢軍八旗(かんぐんはっき)**を加え、清では正規軍として重要拠点に置かれ、漢民族で編成して治安維持を担わせた**緑営(りょくえい)**とは区別される。,ヌルハチ|満洲八旗|蒙古八旗・漢軍八旗|緑営,,,,"18_中華帝国の繁栄（明・清）(1).md pp.290–291,295",
第18回_04_中華帝国の完成〜明の滅亡と清の中国支配〜,WH-180057,204,標準,制度・政策・法律,八旗,はっき,,近世,東アジア,中国東北地方から清の支配地域,17世紀初め以降,1616,WH-180057-I01,integrated,統合説明,integrated,「八旗(はっき)」について説明せよ。,17世紀初めに中国東北地方で**ヌルハチ**が女真族(じょしんぞく)を再編して創設した軍事・政治・社会の制度。**満洲八旗(まんしゅうはっき)**を基礎に、ホンタイジが**蒙古八旗(もうこはっき)・漢軍八旗(かんぐんはっき)**を加え、清では正規軍として重要拠点に置かれ、漢民族で編成して治安維持を担わせた**緑営(りょくえい)**とは区別される。,ヌルハチ|満洲八旗|蒙古八旗・漢軍八旗|緑営,,,,"18_中華帝国の繁栄（明・清）(1).md pp.290–291,295",
第18回_04_中華帝国の完成〜明の滅亡と清の中国支配〜,WH-180058,205,標準,人物,ホンタイジ,ほんたいじ,太宗,近世,東アジア,中国東北地方・内モンゴル・朝鮮,1626〜1643年（在位）,1626,WH-180058-B01,beginner,用語の特定,identify,ヌルハチの後を継ぎ、チャハル平定後に国号を清と改めた皇帝は？,ホンタイジ,ホンタイジ,太宗,,,18_中華帝国の繁栄（明・清）(1).md pp.290–291,
第18回_04_中華帝国の完成〜明の滅亡と清の中国支配〜,WH-180058,205,標準,人物,ホンタイジ,ほんたいじ,太宗,近世,東アジア,中国東北地方・内モンゴル・朝鮮,1626〜1643年（在位）,1626,WH-180058-B02,beginner,国家・勢力・社会集団,actor,ホンタイジが1635年に平定した、元の大ハーンの直系を名乗る勢力は？,チャハル,チャハル,,,,18_中華帝国の繁栄（明・清）(1).md pp.290–291,
第18回_04_中華帝国の完成〜明の滅亡と清の中国支配〜,WH-180058,205,標準,人物,ホンタイジ,ほんたいじ,太宗,近世,東アジア,中国東北地方・内モンゴル・朝鮮,1626〜1643年（在位）,1626,WH-180058-B03,beginner,時期,time,ホンタイジが国号を清と改めたのはいつ？,1636年,1636年,,,,18_中華帝国の繁栄（明・清）(1).md pp.290–291,
第18回_04_中華帝国の完成〜明の滅亡と清の中国支配〜,WH-180058,205,標準,人物,ホンタイジ,ほんたいじ,太宗,近世,東アジア,中国東北地方・内モンゴル・朝鮮,1626〜1643年（在位）,1626,WH-180058-B04,beginner,国家・勢力・社会集団,actor,ホンタイジが1637年に服属させた明の朝貢(ちょうこう)国は？,朝鮮,朝鮮,朝鮮（李朝）,,,18_中華帝国の繁栄（明・清）(1).md pp.290–291,
第18回_04_中華帝国の完成〜明の滅亡と清の中国支配〜,WH-180058,205,標準,人物,ホンタイジ,ほんたいじ,太宗,近世,東アジア,中国東北地方・内モンゴル・朝鮮,1626〜1643年（在位）,1626,WH-180058-B05,beginner,内容,content,ホンタイジが内モンゴルの部族を統括するために置いた機関は？,理藩院(りはんいん),理藩院,,,,18_中華帝国の繁栄（明・清）(1).md pp.290–291,
第18回_04_中華帝国の完成〜明の滅亡と清の中国支配〜,WH-180058,205,標準,人物,ホンタイジ,ほんたいじ,太宗,近世,東アジア,中国東北地方・内モンゴル・朝鮮,1626〜1643年（在位）,1626,WH-180058-R01,reverse,複合説明,reverse,ホンタイジは何をした？,17世紀前半に中国東北地方を基盤として後金(こうきん)を治めた皇帝。**1635年にチャハルを平定**し、**1636年に国号を清**と改め、**1637年に朝鮮を服属**させた。蒙古八旗(もうこはっき)・漢軍八旗(かんぐんはっき)で軍を増強し、**理藩院(りはんいん)**を設けた。,1635年にチャハルを平定|1636年に国号を清|1637年に朝鮮を服属|理藩院,,,,18_中華帝国の繁栄（明・清）(1).md pp.290–291,
第18回_04_中華帝国の完成〜明の滅亡と清の中国支配〜,WH-180058,205,標準,人物,ホンタイジ,ほんたいじ,太宗,近世,東アジア,中国東北地方・内モンゴル・朝鮮,1626〜1643年（在位）,1626,WH-180058-I01,integrated,統合説明,integrated,「ホンタイジ」について説明せよ。,17世紀前半に中国東北地方を基盤として後金(こうきん)を治めた皇帝。**1635年にチャハルを平定**し、**1636年に国号を清**と改め、**1637年に朝鮮を服属**させた。蒙古八旗(もうこはっき)・漢軍八旗(かんぐんはっき)で軍を増強し、**理藩院(りはんいん)**を設けた。,1635年にチャハルを平定|1636年に国号を清|1637年に朝鮮を服属|理藩院,,,,18_中華帝国の繁栄（明・清）(1).md pp.290–291,
第18回_04_中華帝国の完成〜明の滅亡と清の中国支配〜,WH-180059,320,発展,民族・身分・社会集団,チャハル,ちゃはる,,近世,東アジア,内モンゴル,1635年にホンタイジが平定,1635,WH-180059-B01,beginner,用語の特定,identify,元の大ハーンの直系を名乗り、1635年にホンタイジに平定された内モンゴルの勢力は？,チャハル,チャハル,,,,18_中華帝国の繁栄（明・清）(1).md pp.290–291,
第18回_04_中華帝国の完成〜明の滅亡と清の中国支配〜,WH-180059,320,発展,民族・身分・社会集団,チャハル,ちゃはる,,近世,東アジア,内モンゴル,1635年にホンタイジが平定,1635,WH-180059-B02,beginner,中心人物,person,チャハルを平定した後金(こうきん)の君主は？,ホンタイジ,ホンタイジ,,,,18_中華帝国の繁栄（明・清）(1).md pp.290–291,
第18回_04_中華帝国の完成〜明の滅亡と清の中国支配〜,WH-180059,320,発展,民族・身分・社会集団,チャハル,ちゃはる,,近世,東アジア,内モンゴル,1635年にホンタイジが平定,1635,WH-180059-B03,beginner,時期,time,チャハルがホンタイジに平定されたのはいつ？,1635年,1635年,,,,18_中華帝国の繁栄（明・清）(1).md pp.290–291,
第18回_04_中華帝国の完成〜明の滅亡と清の中国支配〜,WH-180059,320,発展,民族・身分・社会集団,チャハル,ちゃはる,,近世,東アジア,内モンゴル,1635年にホンタイジが平定,1635,WH-180059-B04,beginner,結果,result,チャハル平定後、ホンタイジが採用した国号は？,清,清,,,,18_中華帝国の繁栄（明・清）(1).md pp.290–291,
第18回_04_中華帝国の完成〜明の滅亡と清の中国支配〜,WH-180059,320,発展,民族・身分・社会集団,チャハル,ちゃはる,,近世,東アジア,内モンゴル,1635年にホンタイジが平定,1635,WH-180059-R01,reverse,複合説明,reverse,チャハルは何をした？,17世紀前半の**内モンゴル**で、元の大ハーンの直系を名乗ったモンゴル勢力。**1635年にホンタイジに平定**され、その後ホンタイジは大ハーン位の継承を掲げて国号を**清**とした。,内モンゴル|1635年にホンタイジに平定|清,,,,18_中華帝国の繁栄（明・清）(1).md pp.290–291,
第18回_04_中華帝国の完成〜明の滅亡と清の中国支配〜,WH-180059,320,発展,民族・身分・社会集団,チャハル,ちゃはる,,近世,東アジア,内モンゴル,1635年にホンタイジが平定,1635,WH-180059-I01,integrated,統合説明,integrated,「チャハル」について説明せよ。,17世紀前半の**内モンゴル**で、元の大ハーンの直系を名乗ったモンゴル勢力。**1635年にホンタイジに平定**され、その後ホンタイジは大ハーン位の継承を掲げて国号を**清**とした。,内モンゴル|1635年にホンタイジに平定|清,,,,18_中華帝国の繁栄（明・清）(1).md pp.290–291,
第18回_04_中華帝国の完成〜明の滅亡と清の中国支配〜,WH-180060,206,標準,制度・政策・法律,理藩院,りはんいん,,近世,東アジア,内モンゴル・チベット・新疆など,17〜18世紀の清,1636,WH-180060-B01,beginner,用語の特定,identify,ホンタイジが内モンゴルの部族を統括するために設け、のちに藩部(はんぶ)を管轄した機関は？,理藩院(りはんいん),理藩院,,,,"18_中華帝国の繁栄（明・清）(1).md pp.290–291,294",
第18回_04_中華帝国の完成〜明の滅亡と清の中国支配〜,WH-180060,206,標準,制度・政策・法律,理藩院,りはんいん,,近世,東アジア,内モンゴル・チベット・新疆など,17〜18世紀の清,1636,WH-180060-B02,beginner,中心人物,person,理藩院(りはんいん)を設置した皇帝は？,ホンタイジ,ホンタイジ,,,,"18_中華帝国の繁栄（明・清）(1).md pp.290–291,294",
第18回_04_中華帝国の完成〜明の滅亡と清の中国支配〜,WH-180060,206,標準,制度・政策・法律,理藩院,りはんいん,,近世,東アジア,内モンゴル・チベット・新疆など,17〜18世紀の清,1636,WH-180060-B03,beginner,地域,place,理藩院(りはんいん)が設置当初に統括した部族の地域は？,内モンゴル,内モンゴル,,,,"18_中華帝国の繁栄（明・清）(1).md pp.290–291,294",
第18回_04_中華帝国の完成〜明の滅亡と清の中国支配〜,WH-180060,206,標準,制度・政策・法律,理藩院,りはんいん,,近世,東アジア,内モンゴル・チベット・新疆など,17〜18世紀の清,1636,WH-180060-B04,beginner,内容,content,理藩院(りはんいん)がのちに統括した、自治を認められた地域区分は？,藩部(はんぶ),藩部,,,,"18_中華帝国の繁栄（明・清）(1).md pp.290–291,294",
第18回_04_中華帝国の完成〜明の滅亡と清の中国支配〜,WH-180060,206,標準,制度・政策・法律,理藩院,りはんいん,,近世,東アジア,内モンゴル・チベット・新疆など,17〜18世紀の清,1636,WH-180060-R01,reverse,複合説明,reverse,理藩院(りはんいん)はどんな制度・政策？,17世紀前半に**ホンタイジ**が内モンゴルの部族を統括するために設けた機関。清の領土拡大後は、モンゴル・チベット・新疆(しんきょう)などの**藩部(はんぶ)**を統括し、現地の有力者に認められた自治を伴う支配を担った。,ホンタイジ|藩部,,,,"18_中華帝国の繁栄（明・清）(1).md pp.290–291,294",
第18回_04_中華帝国の完成〜明の滅亡と清の中国支配〜,WH-180060,206,標準,制度・政策・法律,理藩院,りはんいん,,近世,東アジア,内モンゴル・チベット・新疆など,17〜18世紀の清,1636,WH-180060-I01,integrated,統合説明,integrated,「理藩院(りはんいん)」について説明せよ。,17世紀前半に**ホンタイジ**が内モンゴルの部族を統括するために設けた機関。清の領土拡大後は、モンゴル・チベット・新疆(しんきょう)などの**藩部(はんぶ)**を統括し、現地の有力者に認められた自治を伴う支配を担った。,ホンタイジ|藩部,,,,"18_中華帝国の繁栄（明・清）(1).md pp.290–291,294",
第18回_04_中華帝国の完成〜明の滅亡と清の中国支配〜,WH-180061,207,標準,制度・政策・法律,藩部,はんぶ,,近世,東アジア,モンゴル・チベット・新疆など,17〜18世紀の清,1700,WH-180061-B01,beginner,用語の特定,identify,清が現地有力者に大幅な自治を認め、理藩院(りはんいん)を通じて統括した内陸アジアの地域区分は？,藩部(はんぶ),藩部,,,,"18_中華帝国の繁栄（明・清）(1).md pp.291,294",
第18回_04_中華帝国の完成〜明の滅亡と清の中国支配〜,WH-180061,207,標準,制度・政策・法律,藩部,はんぶ,,近世,東アジア,モンゴル・チベット・新疆など,17〜18世紀の清,1700,WH-180061-B02,beginner,内容,content,藩部(はんぶ)を統括した清の機関は？,理藩院(りはんいん),理藩院,,,,"18_中華帝国の繁栄（明・清）(1).md pp.291,294",
第18回_04_中華帝国の完成〜明の滅亡と清の中国支配〜,WH-180061,207,標準,制度・政策・法律,藩部,はんぶ,,近世,東アジア,モンゴル・チベット・新疆など,17〜18世紀の清,1700,WH-180061-B03,beginner,地域,place,藩部(はんぶ)として支配された、ダライ＝ラマのいる地域は？,チベット,チベット,,,,"18_中華帝国の繁栄（明・清）(1).md pp.291,294",
第18回_04_中華帝国の完成〜明の滅亡と清の中国支配〜,WH-180061,207,標準,制度・政策・法律,藩部,はんぶ,,近世,東アジア,モンゴル・チベット・新疆など,17〜18世紀の清,1700,WH-180061-B04,beginner,内容,content,藩部(はんぶ)の現地有力者に認められた統治上の特徴は？,大幅な自治,大幅な自治,,,,"18_中華帝国の繁栄（明・清）(1).md pp.291,294",
第18回_04_中華帝国の完成〜明の滅亡と清の中国支配〜,WH-180061,207,標準,制度・政策・法律,藩部,はんぶ,,近世,東アジア,モンゴル・チベット・新疆など,17〜18世紀の清,1700,WH-180061-R01,reverse,複合説明,reverse,藩部(はんぶ)はどんな制度・政策？,17〜18世紀に領域を拡大した清が、**モンゴル・チベット・新疆(しんきょう)**などに設けた支配区分。現地の王侯・宗教指導者・有力者に**大幅な自治**を認め、**理藩院(りはんいん)**が統括した。,モンゴル・チベット・新疆|大幅な自治|理藩院,,,,"18_中華帝国の繁栄（明・清）(1).md pp.291,294",
第18回_04_中華帝国の完成〜明の滅亡と清の中国支配〜,WH-180061,207,標準,制度・政策・法律,藩部,はんぶ,,近世,東アジア,モンゴル・チベット・新疆など,17〜18世紀の清,1700,WH-180061-I01,integrated,統合説明,integrated,「藩部(はんぶ)」について説明せよ。,17〜18世紀に領域を拡大した清が、**モンゴル・チベット・新疆(しんきょう)**などに設けた支配区分。現地の王侯・宗教指導者・有力者に**大幅な自治**を認め、**理藩院(りはんいん)**が統括した。,モンゴル・チベット・新疆|大幅な自治|理藩院,,,,"18_中華帝国の繁栄（明・清）(1).md pp.291,294",
第18回_04_中華帝国の完成〜明の滅亡と清の中国支配〜,WH-180062,208,標準,国家・王朝,朝鮮,ちょうせん,李朝,近世,東アジア,朝鮮半島（漢城）,1392〜1910年,1392,WH-180062-B01,beginner,用語の特定,identify,1392年に李成桂(りせいけい)が高麗を倒して建て、漢城(かんじょう)を都とした王朝は？,朝鮮,朝鮮,李朝,,,18_中華帝国の繁栄（明・清）(1).md pp.298,
第18回_04_中華帝国の完成〜明の滅亡と清の中国支配〜,WH-180062,208,標準,国家・王朝,朝鮮,ちょうせん,李朝,近世,東アジア,朝鮮半島（漢城）,1392〜1910年,1392,WH-180062-B02,beginner,時期,time,朝鮮（李朝）が建国されたのはいつ？,1392年,1392年,,,1392：「李成桂が　いざ国づくり」朝鮮（李朝）の建国,18_中華帝国の繁栄（明・清）(1).md pp.298,
第18回_04_中華帝国の完成〜明の滅亡と清の中国支配〜,WH-180062,208,標準,国家・王朝,朝鮮,ちょうせん,李朝,近世,東アジア,朝鮮半島（漢城）,1392〜1910年,1392,WH-180062-B03,beginner,中心人物,person,朝鮮（李朝）を建国した人物は？,李成桂(りせいけい),李成桂,,,,18_中華帝国の繁栄（明・清）(1).md pp.298,
第18回_04_中華帝国の完成〜明の滅亡と清の中国支配〜,WH-180062,208,標準,国家・王朝,朝鮮,ちょうせん,李朝,近世,東アジア,朝鮮半島（漢城）,1392〜1910年,1392,WH-180062-B04,beginner,地域,place,朝鮮（李朝）の都は？,漢城(かんじょう),漢城,,,,18_中華帝国の繁栄（明・清）(1).md pp.298,
第18回_04_中華帝国の完成〜明の滅亡と清の中国支配〜,WH-180062,208,標準,国家・王朝,朝鮮,ちょうせん,李朝,近世,東アジア,朝鮮半島（漢城）,1392〜1910年,1392,WH-180062-B05,beginner,内容,content,朝鮮（李朝）で官僚への土地支給を定めた制度は？,科田法(かでんほう),科田法,,,,18_中華帝国の繁栄（明・清）(1).md pp.298,
第18回_04_中華帝国の完成〜明の滅亡と清の中国支配〜,WH-180062,208,標準,国家・王朝,朝鮮,ちょうせん,李朝,近世,東アジア,朝鮮半島（漢城）,1392〜1910年,1392,WH-180062-B06,beginner,内容,content,朝鮮（李朝）で1446年に制定された文字は？,訓民正音(くんみんせいおん),訓民正音,,,,18_中華帝国の繁栄（明・清）(1).md pp.298,
第18回_04_中華帝国の完成〜明の滅亡と清の中国支配〜,WH-180062,208,標準,国家・王朝,朝鮮,ちょうせん,李朝,近世,東アジア,朝鮮半島（漢城）,1392〜1910年,1392,WH-180062-R01,reverse,時期,time,朝鮮（李朝）が存在したのはいつ？,**1392〜1910年**。,1392〜1910年,,,1392：「李成桂が　いざ国づくり」朝鮮（李朝）の建国,18_中華帝国の繁栄（明・清）(1).md pp.298,
第18回_04_中華帝国の完成〜明の滅亡と清の中国支配〜,WH-180062,208,標準,国家・王朝,朝鮮,ちょうせん,李朝,近世,東アジア,朝鮮半島（漢城）,1392〜1910年,1392,WH-180062-R02,reverse,複合説明,reverse,朝鮮（李朝）は何をした？,**1392年**に**李成桂(りせいけい)**が朝鮮半島で建て、1910年まで続いた王朝で、都は**漢城(かんじょう)**。朱子学(しゅしがく)を官学とし、科挙(かきょ)や**科田法(かでんほう)**を整備して両班(りょうはん)支配を確立した。第4代**世宗(せいそう)**は**1446年に訓民正音(くんみんせいおん)**を制定した。,1392年|李成桂|漢城|科田法|世宗|1446年に訓民正音,,,1392：「李成桂が　いざ国づくり」朝鮮（李朝）の建国,18_中華帝国の繁栄（明・清）(1).md pp.298,
第18回_04_中華帝国の完成〜明の滅亡と清の中国支配〜,WH-180062,208,標準,国家・王朝,朝鮮,ちょうせん,李朝,近世,東アジア,朝鮮半島（漢城）,1392〜1910年,1392,WH-180062-I01,integrated,統合説明,integrated,「朝鮮」について説明せよ。,**1392年**に**李成桂(りせいけい)**が朝鮮半島で建て、1910年まで続いた王朝で、都は**漢城(かんじょう)**。朱子学(しゅしがく)を官学とし、科挙(かきょ)や**科田法(かでんほう)**を整備して両班(りょうはん)支配を確立した。第4代**世宗(せいそう)**は**1446年に訓民正音(くんみんせいおん)**を制定した。,1392年|李成桂|漢城|科田法|世宗|1446年に訓民正音,,,1392：「李成桂が　いざ国づくり」朝鮮（李朝）の建国,18_中華帝国の繁栄（明・清）(1).md pp.298,
第18回_04_中華帝国の完成〜明の滅亡と清の中国支配〜,WH-180063,321,発展,制度・政策・法律,蒙古八旗,もうこはっき,モンゴル八旗,近世,東アジア,中国東北地方・モンゴル,17世紀前半（ホンタイジ期）,1630,WH-180063-B01,beginner,用語の特定,identify,ホンタイジがモンゴル諸部族から編成し、満洲八旗(まんしゅうはっき)に加えた軍団は？,蒙古八旗(もうこはっき),蒙古八旗,モンゴル八旗,,,18_中華帝国の繁栄（明・清）(1).md pp.290–291,
第18回_04_中華帝国の完成〜明の滅亡と清の中国支配〜,WH-180063,321,発展,制度・政策・法律,蒙古八旗,もうこはっき,モンゴル八旗,近世,東アジア,中国東北地方・モンゴル,17世紀前半（ホンタイジ期）,1630,WH-180063-B02,beginner,中心人物,person,蒙古八旗(もうこはっき)を編成した皇帝は？,ホンタイジ,ホンタイジ,,,,18_中華帝国の繁栄（明・清）(1).md pp.290–291,
第18回_04_中華帝国の完成〜明の滅亡と清の中国支配〜,WH-180063,321,発展,制度・政策・法律,蒙古八旗,もうこはっき,モンゴル八旗,近世,東アジア,中国東北地方・モンゴル,17世紀前半（ホンタイジ期）,1630,WH-180063-B03,beginner,関連,relation,蒙古八旗(もうこはっき)とともにホンタイジが編成した、漢人移民や投降兵の八旗(はっき)は？,漢軍八旗(かんぐんはっき),漢軍八旗,,,,18_中華帝国の繁栄（明・清）(1).md pp.290–291,
第18回_04_中華帝国の完成〜明の滅亡と清の中国支配〜,WH-180063,321,発展,制度・政策・法律,蒙古八旗,もうこはっき,モンゴル八旗,近世,東アジア,中国東北地方・モンゴル,17世紀前半（ホンタイジ期）,1630,WH-180063-R01,reverse,複合説明,reverse,蒙古八旗(もうこはっき)はどんな制度・政策？,17世紀前半に**ホンタイジ**が、**モンゴル諸部族**から編成した八旗(はっき)。中国東北地方の満洲八旗(まんしゅうはっき)に加えられ、**漢軍八旗(かんぐんはっき)**とともに後金(こうきん)・清の軍事体制を増強した。,ホンタイジ|モンゴル諸部族|漢軍八旗,,,,18_中華帝国の繁栄（明・清）(1).md pp.290–291,
第18回_04_中華帝国の完成〜明の滅亡と清の中国支配〜,WH-180063,321,発展,制度・政策・法律,蒙古八旗,もうこはっき,モンゴル八旗,近世,東アジア,中国東北地方・モンゴル,17世紀前半（ホンタイジ期）,1630,WH-180063-I01,integrated,統合説明,integrated,「蒙古八旗(もうこはっき)」について説明せよ。,17世紀前半に**ホンタイジ**が、**モンゴル諸部族**から編成した八旗(はっき)。中国東北地方の満洲八旗(まんしゅうはっき)に加えられ、**漢軍八旗(かんぐんはっき)**とともに後金(こうきん)・清の軍事体制を増強した。,ホンタイジ|モンゴル諸部族|漢軍八旗,,,,18_中華帝国の繁栄（明・清）(1).md pp.290–291,
第18回_04_中華帝国の完成〜明の滅亡と清の中国支配〜,WH-180064,322,発展,制度・政策・法律,漢軍八旗,かんぐんはっき,,近世,東アジア,中国東北地方,17世紀前半（ホンタイジ期）,1630,WH-180064-B01,beginner,用語の特定,identify,ホンタイジが漢人移民や明からの投降兵などによって編成した八旗(はっき)は？,漢軍八旗(かんぐんはっき),漢軍八旗,,,,18_中華帝国の繁栄（明・清）(1).md pp.290–291,
第18回_04_中華帝国の完成〜明の滅亡と清の中国支配〜,WH-180064,322,発展,制度・政策・法律,漢軍八旗,かんぐんはっき,,近世,東アジア,中国東北地方,17世紀前半（ホンタイジ期）,1630,WH-180064-B02,beginner,中心人物,person,漢軍八旗(かんぐんはっき)を編成した皇帝は？,ホンタイジ,ホンタイジ,,,,18_中華帝国の繁栄（明・清）(1).md pp.290–291,
第18回_04_中華帝国の完成〜明の滅亡と清の中国支配〜,WH-180064,322,発展,制度・政策・法律,漢軍八旗,かんぐんはっき,,近世,東アジア,中国東北地方,17世紀前半（ホンタイジ期）,1630,WH-180064-B03,beginner,国家・勢力・社会集団,actor,漢軍八旗(かんぐんはっき)の編成に組み入れられた、明に属していた人びとは？,明からの投降兵,明からの投降兵,,,,18_中華帝国の繁栄（明・清）(1).md pp.290–291,
第18回_04_中華帝国の完成〜明の滅亡と清の中国支配〜,WH-180064,322,発展,制度・政策・法律,漢軍八旗,かんぐんはっき,,近世,東アジア,中国東北地方,17世紀前半（ホンタイジ期）,1630,WH-180064-B04,beginner,関連,relation,漢軍八旗(かんぐんはっき)とともにホンタイジが編成したモンゴル諸部族の八旗(はっき)は？,蒙古八旗(もうこはっき),蒙古八旗,モンゴル八旗,,,18_中華帝国の繁栄（明・清）(1).md pp.290–291,
第18回_04_中華帝国の完成〜明の滅亡と清の中国支配〜,WH-180064,322,発展,制度・政策・法律,漢軍八旗,かんぐんはっき,,近世,東アジア,中国東北地方,17世紀前半（ホンタイジ期）,1630,WH-180064-R01,reverse,複合説明,reverse,漢軍八旗(かんぐんはっき)はどんな制度・政策？,17世紀前半に中国東北地方で、**ホンタイジ**が**漢人移民や明の投降兵**によって編成した八旗(はっき)。満洲八旗(まんしゅうはっき)や**蒙古八旗(もうこはっき)**と組み合わされ、後金(こうきん)・清の軍事体制を増強した。,ホンタイジ|漢人移民や明の投降兵|蒙古八旗,,,,18_中華帝国の繁栄（明・清）(1).md pp.290–291,
第18回_04_中華帝国の完成〜明の滅亡と清の中国支配〜,WH-180064,322,発展,制度・政策・法律,漢軍八旗,かんぐんはっき,,近世,東アジア,中国東北地方,17世紀前半（ホンタイジ期）,1630,WH-180064-I01,integrated,統合説明,integrated,「漢軍八旗(かんぐんはっき)」について説明せよ。,17世紀前半に中国東北地方で、**ホンタイジ**が**漢人移民や明の投降兵**によって編成した八旗(はっき)。満洲八旗(まんしゅうはっき)や**蒙古八旗(もうこはっき)**と組み合わされ、後金(こうきん)・清の軍事体制を増強した。,ホンタイジ|漢人移民や明の投降兵|蒙古八旗,,,,18_中華帝国の繁栄（明・清）(1).md pp.290–291,
第18回_04_中華帝国の完成〜明の滅亡と清の中国支配〜,WH-180065,209,標準,人物,順治帝,じゅんちてい,世祖,近世,東アジア,中国（北京）,1643〜1661年（在位）,1643,WH-180065-B01,beginner,用語の特定,identify,1644年の北京入城後に都を北京へ移し、清が明の後継者であることを示した皇帝は？,順治帝(じゅんちてい),順治帝,世祖,,,"18_中華帝国の繁栄（明・清）(1).md pp.290,292",
第18回_04_中華帝国の完成〜明の滅亡と清の中国支配〜,WH-180065,209,標準,人物,順治帝,じゅんちてい,世祖,近世,東アジア,中国（北京）,1643〜1661年（在位）,1643,WH-180065-B02,beginner,地域,place,順治帝(じゅんちてい)が1644年に都を移した都市は？,北京,北京,,,,"18_中華帝国の繁栄（明・清）(1).md pp.290,292",
第18回_04_中華帝国の完成〜明の滅亡と清の中国支配〜,WH-180065,209,標準,人物,順治帝,じゅんちてい,世祖,近世,東アジア,中国（北京）,1643〜1661年（在位）,1643,WH-180065-B03,beginner,時期,time,順治帝(じゅんちてい)の治世に清が北京へ入城したのはいつ？,1644年,1644年,,,,"18_中華帝国の繁栄（明・清）(1).md pp.290,292",
第18回_04_中華帝国の完成〜明の滅亡と清の中国支配〜,WH-180065,209,標準,人物,順治帝,じゅんちてい,世祖,近世,東アジア,中国（北京）,1643〜1661年（在位）,1643,WH-180065-B04,beginner,関連,relation,順治帝(じゅんちてい)の時代、呉三桂(ごさんけい)らを華南に封じて成立した勢力の総称は？,三藩(さんぱん),三藩,,,,"18_中華帝国の繁栄（明・清）(1).md pp.290,292",
第18回_04_中華帝国の完成〜明の滅亡と清の中国支配〜,WH-180065,209,標準,人物,順治帝,じゅんちてい,世祖,近世,東アジア,中国（北京）,1643〜1661年（在位）,1643,WH-180065-R01,reverse,複合説明,reverse,順治帝(じゅんちてい)は何をした？,17世紀半ばの清の皇帝で、**1644年**の清軍の北京入城後、中国の**北京**へ都を移した。明の後継者という立場で中国支配を進め、**呉三桂(ごさんけい)**らを藩王として華南に置き、**三藩(さんぱん)**が成立した。,1644年|北京|呉三桂|三藩,,,,"18_中華帝国の繁栄（明・清）(1).md pp.290,292",
第18回_04_中華帝国の完成〜明の滅亡と清の中国支配〜,WH-180065,209,標準,人物,順治帝,じゅんちてい,世祖,近世,東アジア,中国（北京）,1643〜1661年（在位）,1643,WH-180065-I01,integrated,統合説明,integrated,「順治帝(じゅんちてい)」について説明せよ。,17世紀半ばの清の皇帝で、**1644年**の清軍の北京入城後、中国の**北京**へ都を移した。明の後継者という立場で中国支配を進め、**呉三桂(ごさんけい)**らを藩王として華南に置き、**三藩(さんぱん)**が成立した。,1644年|北京|呉三桂|三藩,,,,"18_中華帝国の繁栄（明・清）(1).md pp.290,292",
第18回_04_中華帝国の完成〜明の滅亡と清の中国支配〜,WH-180066,210,標準,人物,呉三桂,ごさんけい,,近世,東アジア,中国（山海関・北京・雲南）,17世紀半ば〜後半,1644,WH-180066-B01,beginner,用語の特定,identify,山海関(さんかいかん)で明軍を率いた後に清へ投降し、のちに三藩の乱(さんぱんのらん)を起こした雲南の藩王は？,呉三桂(ごさんけい),呉三桂,,,,18_中華帝国の繁栄（明・清）(1).md pp.290–292,
第18回_04_中華帝国の完成〜明の滅亡と清の中国支配〜,WH-180066,210,標準,人物,呉三桂,ごさんけい,,近世,東アジア,中国（山海関・北京・雲南）,17世紀半ば〜後半,1644,WH-180066-B02,beginner,地域,place,呉三桂(ごさんけい)が明の将軍として守っていた関門は？,山海関(さんかいかん),山海関,,,,18_中華帝国の繁栄（明・清）(1).md pp.290–292,
第18回_04_中華帝国の完成〜明の滅亡と清の中国支配〜,WH-180066,210,標準,人物,呉三桂,ごさんけい,,近世,東アジア,中国（山海関・北京・雲南）,17世紀半ば〜後半,1644,WH-180066-B03,beginner,国家・勢力・社会集団,actor,明滅亡後の呉三桂(ごさんけい)が投降した王朝は？,清,清,,,,18_中華帝国の繁栄（明・清）(1).md pp.290–292,
第18回_04_中華帝国の完成〜明の滅亡と清の中国支配〜,WH-180066,210,標準,人物,呉三桂,ごさんけい,,近世,東アジア,中国（山海関・北京・雲南）,17世紀半ば〜後半,1644,WH-180066-B04,beginner,地域,place,呉三桂(ごさんけい)が藩王として支配した主な地域は？,雲南,雲南,,,,18_中華帝国の繁栄（明・清）(1).md pp.290–292,
第18回_04_中華帝国の完成〜明の滅亡と清の中国支配〜,WH-180066,210,標準,人物,呉三桂,ごさんけい,,近世,東アジア,中国（山海関・北京・雲南）,17世紀半ば〜後半,1644,WH-180066-B05,beginner,関連,relation,呉三桂(ごさんけい)が康熙帝(こうきてい)に対して起こした反乱は？,三藩の乱(さんぱんのらん),三藩の乱,,,,18_中華帝国の繁栄（明・清）(1).md pp.290–292,
第18回_04_中華帝国の完成〜明の滅亡と清の中国支配〜,WH-180066,210,標準,人物,呉三桂,ごさんけい,,近世,東アジア,中国（山海関・北京・雲南）,17世紀半ば〜後半,1644,WH-180066-B06,beginner,時期,time,呉三桂(ごさんけい)らが三藩の乱(さんぱんのらん)を起こしたのはいつ？,1673年,1673年,,,1673：「呉三桂も　色なさず」三藩の乱勃発,18_中華帝国の繁栄（明・清）(1).md pp.290–292,
第18回_04_中華帝国の完成〜明の滅亡と清の中国支配〜,WH-180066,210,標準,人物,呉三桂,ごさんけい,,近世,東アジア,中国（山海関・北京・雲南）,17世紀半ば〜後半,1644,WH-180066-R01,reverse,複合説明,reverse,呉三桂(ごさんけい)は何をした？,17世紀半ば、中国の**山海関(さんかいかん)**を守っていた明の武将。明滅亡後に清へ投降して北京入城に協力し、**雲南の藩王**となったが、康熙帝(こうきてい)の三藩(さんぱん)廃止方針に反発して**1673年に三藩の乱(さんぱんのらん)**を起こした。,山海関|雲南の藩王|1673年に三藩の乱,,,1673：「呉三桂も　色なさず」三藩の乱勃発,18_中華帝国の繁栄（明・清）(1).md pp.290–292,
第18回_04_中華帝国の完成〜明の滅亡と清の中国支配〜,WH-180066,210,標準,人物,呉三桂,ごさんけい,,近世,東アジア,中国（山海関・北京・雲南）,17世紀半ば〜後半,1644,WH-180066-I01,integrated,統合説明,integrated,「呉三桂(ごさんけい)」について説明せよ。,17世紀半ば、中国の**山海関(さんかいかん)**を守っていた明の武将。明滅亡後に清へ投降して北京入城に協力し、**雲南の藩王**となったが、康熙帝(こうきてい)の三藩(さんぱん)廃止方針に反発して**1673年に三藩の乱(さんぱんのらん)**を起こした。,山海関|雲南の藩王|1673年に三藩の乱,,,1673：「呉三桂も　色なさず」三藩の乱勃発,18_中華帝国の繁栄（明・清）(1).md pp.290–292,
第18回_04_中華帝国の完成〜明の滅亡と清の中国支配〜,WH-180067,211,標準,制度・政策・法律,三藩,さんぱん,,近世,東アジア,中国（雲南・広東・福建）,17世紀半ば〜1681年,1644,WH-180067-B01,beginner,用語の特定,identify,清の中国平定に協力した呉三桂(ごさんけい)らを、雲南・広東・福建に藩王として封じて成立した勢力の総称は？,三藩(さんぱん),三藩,,,,"18_中華帝国の繁栄（明・清）(1).md pp.290,292",
第18回_04_中華帝国の完成〜明の滅亡と清の中国支配〜,WH-180067,211,標準,制度・政策・法律,三藩,さんぱん,,近世,東アジア,中国（雲南・広東・福建）,17世紀半ば〜1681年,1644,WH-180067-B02,beginner,中心人物,person,三藩(さんぱん)のうち雲南を拠点とした藩王は？,呉三桂(ごさんけい),呉三桂,,,,"18_中華帝国の繁栄（明・清）(1).md pp.290,292",
第18回_04_中華帝国の完成〜明の滅亡と清の中国支配〜,WH-180067,211,標準,制度・政策・法律,三藩,さんぱん,,近世,東アジア,中国（雲南・広東・福建）,17世紀半ば〜1681年,1644,WH-180067-B03,beginner,地域,place,三藩(さんぱん)が置かれた三つの地域は？,雲南・広東・福建,雲南・広東・福建,,,,"18_中華帝国の繁栄（明・清）(1).md pp.290,292",
第18回_04_中華帝国の完成〜明の滅亡と清の中国支配〜,WH-180067,211,標準,制度・政策・法律,三藩,さんぱん,,近世,東アジア,中国（雲南・広東・福建）,17世紀半ば〜1681年,1644,WH-180067-B04,beginner,中心人物,person,三藩(さんぱん)の廃止を図った清の皇帝は？,康熙帝(こうきてい),康熙帝,,,,"18_中華帝国の繁栄（明・清）(1).md pp.290,292",
第18回_04_中華帝国の完成〜明の滅亡と清の中国支配〜,WH-180067,211,標準,制度・政策・法律,三藩,さんぱん,,近世,東アジア,中国（雲南・広東・福建）,17世紀半ば〜1681年,1644,WH-180067-R01,reverse,複合説明,reverse,三藩(さんぱん)はどんな制度・政策？,17世紀半ばの中国で、清の平定に協力した**呉三桂(ごさんけい)**らを、**雲南・広東・福建**に藩王として封じた勢力。自立性が強まると**康熙帝(こうきてい)**が廃止を図り、三藩の乱(さんぱんのらん)を経て1681年に鎮圧された。,呉三桂|雲南・広東・福建|康熙帝,,,,"18_中華帝国の繁栄（明・清）(1).md pp.290,292",
第18回_04_中華帝国の完成〜明の滅亡と清の中国支配〜,WH-180067,211,標準,制度・政策・法律,三藩,さんぱん,,近世,東アジア,中国（雲南・広東・福建）,17世紀半ば〜1681年,1644,WH-180067-I01,integrated,統合説明,integrated,「三藩(さんぱん)」について説明せよ。,17世紀半ばの中国で、清の平定に協力した**呉三桂(ごさんけい)**らを、**雲南・広東・福建**に藩王として封じた勢力。自立性が強まると**康熙帝(こうきてい)**が廃止を図り、三藩の乱(さんぱんのらん)を経て1681年に鎮圧された。,呉三桂|雲南・広東・福建|康熙帝,,,,"18_中華帝国の繁栄（明・清）(1).md pp.290,292",
第18回_04_中華帝国の完成〜明の滅亡と清の中国支配〜,WH-180068,212,標準,人物,康熙帝,こうきてい,聖祖,近世,東アジア,中国・台湾・モンゴル・チベット,1661〜1722年（在位）,1661,WH-180068-B01,beginner,用語の特定,identify,三藩の乱(さんぱんのらん)と鄭氏台湾(ていしたいわん)を平定し、ロシアとネルチンスク条約を結んだ清の皇帝は？,康熙帝(こうきてい),康熙帝,聖祖,,,"18_中華帝国の繁栄（明・清）(1).md pp.290,292–295",
第18回_04_中華帝国の完成〜明の滅亡と清の中国支配〜,WH-180068,212,標準,人物,康熙帝,こうきてい,聖祖,近世,東アジア,中国・台湾・モンゴル・チベット,1661〜1722年（在位）,1661,WH-180068-B02,beginner,関連,relation,康熙帝(こうきてい)が呉三桂(ごさんけい)らの反乱を鎮圧した事件は？,三藩の乱(さんぱんのらん),三藩の乱,,,,"18_中華帝国の繁栄（明・清）(1).md pp.290,292–295",
第18回_04_中華帝国の完成〜明の滅亡と清の中国支配〜,WH-180068,212,標準,人物,康熙帝,こうきてい,聖祖,近世,東アジア,中国・台湾・モンゴル・チベット,1661〜1722年（在位）,1661,WH-180068-B03,beginner,国家・勢力・社会集団,actor,康熙帝(こうきてい)が1683年に平定した台湾の勢力は？,鄭氏台湾(ていしたいわん),鄭氏台湾,,,,"18_中華帝国の繁栄（明・清）(1).md pp.290,292–295",
第18回_04_中華帝国の完成〜明の滅亡と清の中国支配〜,WH-180068,212,標準,人物,康熙帝,こうきてい,聖祖,近世,東アジア,中国・台湾・モンゴル・チベット,1661〜1722年（在位）,1661,WH-180068-B04,beginner,関連,relation,康熙帝(こうきてい)が1689年にロシアと結んだ条約は？,ネルチンスク条約,ネルチンスク条約,,,,"18_中華帝国の繁栄（明・清）(1).md pp.290,292–295",
第18回_04_中華帝国の完成〜明の滅亡と清の中国支配〜,WH-180068,212,標準,人物,康熙帝,こうきてい,聖祖,近世,東アジア,中国・台湾・モンゴル・チベット,1661〜1722年（在位）,1661,WH-180068-B05,beginner,内容,content,康熙帝(こうきてい)が重要官職で満洲人と漢民族を同数登用した制度は？,満漢併用制(まんかんへいようせい),満漢併用制,,,,"18_中華帝国の繁栄（明・清）(1).md pp.290,292–295",
第18回_04_中華帝国の完成〜明の滅亡と清の中国支配〜,WH-180068,212,標準,人物,康熙帝,こうきてい,聖祖,近世,東アジア,中国・台湾・モンゴル・チベット,1661〜1722年（在位）,1661,WH-180068-R01,reverse,時期,time,康熙帝(こうきてい)が在位したのはいつ？,**1661〜1722年**。,1661〜1722年,,,,"18_中華帝国の繁栄（明・清）(1).md pp.290,292–295",
第18回_04_中華帝国の完成〜明の滅亡と清の中国支配〜,WH-180068,212,標準,人物,康熙帝,こうきてい,聖祖,近世,東アジア,中国・台湾・モンゴル・チベット,1661〜1722年（在位）,1661,WH-180068-R02,reverse,複合説明,reverse,康熙帝(こうきてい)は何をした？,**1661〜1722年**に中国の清を治めた皇帝。**三藩の乱(さんぱんのらん)**と**鄭氏台湾(ていしたいわん)**を平定し、**1689年にネルチンスク条約**でロシアと国境を定め、ジュンガルへの遠征やチベットへの進出も行った。国内では**満漢併用制(まんかんへいようせい)**などによって漢民族を登用し、中国文化を保護した。,1661〜1722年|三藩の乱|鄭氏台湾|1689年にネルチンスク条約|満漢併用制,,,1689：「一路邁進　ネルチンスクへ」ネルチンスク条約,"18_中華帝国の繁栄（明・清）(1).md pp.290,292–295",
第18回_04_中華帝国の完成〜明の滅亡と清の中国支配〜,WH-180068,212,標準,人物,康熙帝,こうきてい,聖祖,近世,東アジア,中国・台湾・モンゴル・チベット,1661〜1722年（在位）,1661,WH-180068-I01,integrated,統合説明,integrated,「康熙帝(こうきてい)」について説明せよ。,**1661〜1722年**に中国の清を治めた皇帝。**三藩の乱(さんぱんのらん)**と**鄭氏台湾(ていしたいわん)**を平定し、**1689年にネルチンスク条約**でロシアと国境を定め、ジュンガルへの遠征やチベットへの進出も行った。国内では**満漢併用制(まんかんへいようせい)**などによって漢民族を登用し、中国文化を保護した。,1661〜1722年|三藩の乱|鄭氏台湾|1689年にネルチンスク条約|満漢併用制,,,1689：「一路邁進　ネルチンスクへ」ネルチンスク条約,"18_中華帝国の繁栄（明・清）(1).md pp.290,292–295",
第18回_04_中華帝国の完成〜明の滅亡と清の中国支配〜,WH-180069,213,標準,事件・革命,三藩の乱,さんぱんのらん,,近世,東アジア,中国（雲南・広東・福建など）,1673〜1681年,1673,WH-180069-B01,beginner,用語の特定,identify,康熙帝(こうきてい)が三藩(さんぱん)の廃止を図ったことに反発し、呉三桂(ごさんけい)らが起こした反乱は？,三藩の乱(さんぱんのらん),三藩の乱,,,,"18_中華帝国の繁栄（明・清）(1).md pp.290,292",
第18回_04_中華帝国の完成〜明の滅亡と清の中国支配〜,WH-180069,213,標準,事件・革命,三藩の乱,さんぱんのらん,,近世,東アジア,中国（雲南・広東・福建など）,1673〜1681年,1673,WH-180069-B02,beginner,時期,time,三藩の乱(さんぱんのらん)が始まったのはいつ？,1673年,1673年,,,1673：「呉三桂も　色なさず」三藩の乱勃発,"18_中華帝国の繁栄（明・清）(1).md pp.290,292",
第18回_04_中華帝国の完成〜明の滅亡と清の中国支配〜,WH-180069,213,標準,事件・革命,三藩の乱,さんぱんのらん,,近世,東アジア,中国（雲南・広東・福建など）,1673〜1681年,1673,WH-180069-B03,beginner,時期,time,三藩の乱(さんぱんのらん)が鎮圧されたのはいつ？,1681年,1681年,,,,"18_中華帝国の繁栄（明・清）(1).md pp.290,292",
第18回_04_中華帝国の完成〜明の滅亡と清の中国支配〜,WH-180069,213,標準,事件・革命,三藩の乱,さんぱんのらん,,近世,東アジア,中国（雲南・広東・福建など）,1673〜1681年,1673,WH-180069-B04,beginner,中心人物,person,三藩の乱(さんぱんのらん)の中心となった雲南の藩王は？,呉三桂(ごさんけい),呉三桂,,,,"18_中華帝国の繁栄（明・清）(1).md pp.290,292",
第18回_04_中華帝国の完成〜明の滅亡と清の中国支配〜,WH-180069,213,標準,事件・革命,三藩の乱,さんぱんのらん,,近世,東アジア,中国（雲南・広東・福建など）,1673〜1681年,1673,WH-180069-B05,beginner,中心人物,person,三藩の乱(さんぱんのらん)を鎮圧した清の皇帝は？,康熙帝(こうきてい),康熙帝,,,,"18_中華帝国の繁栄（明・清）(1).md pp.290,292",
第18回_04_中華帝国の完成〜明の滅亡と清の中国支配〜,WH-180069,213,標準,事件・革命,三藩の乱,さんぱんのらん,,近世,東アジア,中国（雲南・広東・福建など）,1673〜1681年,1673,WH-180069-R01,reverse,時期,time,三藩の乱(さんぱんのらん)が続いたのはいつ？,**1673〜1681年**。,1673〜1681年,,,1673：「呉三桂も　色なさず」三藩の乱勃発,"18_中華帝国の繁栄（明・清）(1).md pp.290,292",
第18回_04_中華帝国の完成〜明の滅亡と清の中国支配〜,WH-180069,213,標準,事件・革命,三藩の乱,さんぱんのらん,,近世,東アジア,中国（雲南・広東・福建など）,1673〜1681年,1673,WH-180069-R02,reverse,複合説明,reverse,三藩の乱(さんぱんのらん)は何が起きた？,**1673〜1681年**に中国の雲南・広東・福建などを拠点に起きた藩王の反乱。**康熙帝(こうきてい)**の三藩(さんぱん)廃止方針に反発して**呉三桂(ごさんけい)**らが挙兵したが、清軍に鎮圧され、清の中国支配が強化された。,1673〜1681年|康熙帝|呉三桂,,,1673：「呉三桂も　色なさず」三藩の乱勃発,"18_中華帝国の繁栄（明・清）(1).md pp.290,292",
第18回_04_中華帝国の完成〜明の滅亡と清の中国支配〜,WH-180069,213,標準,事件・革命,三藩の乱,さんぱんのらん,,近世,東アジア,中国（雲南・広東・福建など）,1673〜1681年,1673,WH-180069-I01,integrated,統合説明,integrated,「三藩の乱(さんぱんのらん)」について説明せよ。,**1673〜1681年**に中国の雲南・広東・福建などを拠点に起きた藩王の反乱。**康熙帝(こうきてい)**の三藩(さんぱん)廃止方針に反発して**呉三桂(ごさんけい)**らが挙兵したが、清軍に鎮圧され、清の中国支配が強化された。,1673〜1681年|康熙帝|呉三桂,,,1673：「呉三桂も　色なさず」三藩の乱勃発,"18_中華帝国の繁栄（明・清）(1).md pp.290,292",
第18回_04_中華帝国の完成〜明の滅亡と清の中国支配〜,WH-180070,214,標準,国家・王朝,鄭氏台湾,ていしたいわん,,近世,東アジア,台湾・中国福建沿岸,17世紀後半〜1683年,1662,WH-180070-B01,beginner,用語の特定,identify,鄭成功(ていせいこう)がオランダ勢力から台湾を奪って拠点とし、反清復明(はんしんふくみん)を続けた政権を何という？,鄭氏台湾(ていしたいわん),鄭氏台湾,,,,"18_中華帝国の繁栄（明・清）(1).md pp.290,292",
第18回_04_中華帝国の完成〜明の滅亡と清の中国支配〜,WH-180070,214,標準,国家・王朝,鄭氏台湾,ていしたいわん,,近世,東アジア,台湾・中国福建沿岸,17世紀後半〜1683年,1662,WH-180070-B02,beginner,中心人物,person,鄭氏台湾(ていしたいわん)の基礎をつくり、オランダ勢力を破った人物は？,鄭成功(ていせいこう),鄭成功,,,,"18_中華帝国の繁栄（明・清）(1).md pp.290,292",
第18回_04_中華帝国の完成〜明の滅亡と清の中国支配〜,WH-180070,214,標準,国家・王朝,鄭氏台湾,ていしたいわん,,近世,東アジア,台湾・中国福建沿岸,17世紀後半〜1683年,1662,WH-180070-B03,beginner,中心人物,person,鄭氏台湾(ていしたいわん)で鄭成功(ていせいこう)の後に抵抗を継いだ息子は？,鄭経(ていけい),鄭経,,,,"18_中華帝国の繁栄（明・清）(1).md pp.290,292",
第18回_04_中華帝国の完成〜明の滅亡と清の中国支配〜,WH-180070,214,標準,国家・王朝,鄭氏台湾,ていしたいわん,,近世,東アジア,台湾・中国福建沿岸,17世紀後半〜1683年,1662,WH-180070-B04,beginner,時期,time,鄭氏台湾(ていしたいわん)が清に平定されたのはいつ？,1683年,1683年,,,,"18_中華帝国の繁栄（明・清）(1).md pp.290,292",
第18回_04_中華帝国の完成〜明の滅亡と清の中国支配〜,WH-180070,214,標準,国家・王朝,鄭氏台湾,ていしたいわん,,近世,東アジア,台湾・中国福建沿岸,17世紀後半〜1683年,1662,WH-180070-B05,beginner,中心人物,person,鄭氏台湾(ていしたいわん)を平定した清の皇帝は？,康熙帝(こうきてい),康熙帝,,,,"18_中華帝国の繁栄（明・清）(1).md pp.290,292",
第18回_04_中華帝国の完成〜明の滅亡と清の中国支配〜,WH-180070,214,標準,国家・王朝,鄭氏台湾,ていしたいわん,,近世,東アジア,台湾・中国福建沿岸,17世紀後半〜1683年,1662,WH-180070-R01,reverse,時期,time,鄭氏台湾(ていしたいわん)が清に平定されたのはいつ？,**1683年**。,1683年,,,,"18_中華帝国の繁栄（明・清）(1).md pp.290,292",
第18回_04_中華帝国の完成〜明の滅亡と清の中国支配〜,WH-180070,214,標準,国家・王朝,鄭氏台湾,ていしたいわん,,近世,東アジア,台湾・中国福建沿岸,17世紀後半〜1683年,1662,WH-180070-R02,reverse,複合説明,reverse,鄭氏台湾(ていしたいわん)は何をした？,17世紀後半に**鄭成功(ていせいこう)**がオランダ勢力から台湾を奪い、**反清復明(はんしんふくみん)**の拠点とした政権。息子の**鄭経(ていけい)**らが抵抗を引き継いだが、**1683年**に康熙帝(こうきてい)の清軍に降伏し、台湾は清の支配下に入った。,鄭成功|反清復明|鄭経|1683年,,,,"18_中華帝国の繁栄（明・清）(1).md pp.290,292",
第18回_04_中華帝国の完成〜明の滅亡と清の中国支配〜,WH-180070,214,標準,国家・王朝,鄭氏台湾,ていしたいわん,,近世,東アジア,台湾・中国福建沿岸,17世紀後半〜1683年,1662,WH-180070-I01,integrated,統合説明,integrated,「鄭氏台湾(ていしたいわん)」について説明せよ。,17世紀後半に**鄭成功(ていせいこう)**がオランダ勢力から台湾を奪い、**反清復明(はんしんふくみん)**の拠点とした政権。息子の**鄭経(ていけい)**らが抵抗を引き継いだが、**1683年**に康熙帝(こうきてい)の清軍に降伏し、台湾は清の支配下に入った。,鄭成功|反清復明|鄭経|1683年,,,,"18_中華帝国の繁栄（明・清）(1).md pp.290,292",
第18回_04_中華帝国の完成〜明の滅亡と清の中国支配〜,WH-180071,215,標準,人物,鄭成功,ていせいこう,,近世,東アジア,中国福建沿岸・台湾,17世紀半ば〜後半,1662,WH-180071-B01,beginner,用語の特定,identify,福建沿岸で反清復明(はんしんふくみん)を続け、オランダ勢力から台湾を奪って拠点とした人物は？,鄭成功(ていせいこう),鄭成功,,,,18_中華帝国の繁栄（明・清）(1).md pp.292,
第18回_04_中華帝国の完成〜明の滅亡と清の中国支配〜,WH-180071,215,標準,人物,鄭成功,ていせいこう,,近世,東アジア,中国福建沿岸・台湾,17世紀半ば〜後半,1662,WH-180071-B02,beginner,内容,content,鄭成功(ていせいこう)が掲げた、清を倒して明を復興させる運動の標語は？,反清復明(はんしんふくみん),反清復明,,,,18_中華帝国の繁栄（明・清）(1).md pp.292,
第18回_04_中華帝国の完成〜明の滅亡と清の中国支配〜,WH-180071,215,標準,人物,鄭成功,ていせいこう,,近世,東アジア,中国福建沿岸・台湾,17世紀半ば〜後半,1662,WH-180071-B03,beginner,国家・勢力・社会集団,actor,鄭成功(ていせいこう)が台湾で打倒したヨーロッパの勢力は？,オランダ,オランダ,,,,18_中華帝国の繁栄（明・清）(1).md pp.292,
第18回_04_中華帝国の完成〜明の滅亡と清の中国支配〜,WH-180071,215,標準,人物,鄭成功,ていせいこう,,近世,東アジア,中国福建沿岸・台湾,17世紀半ば〜後半,1662,WH-180071-B04,beginner,関連,relation,鄭成功(ていせいこう)を孤立させるため沿岸住民を内陸へ移住させた清の命令は？,遷界令(せんかいれい),遷界令,,,,18_中華帝国の繁栄（明・清）(1).md pp.292,
第18回_04_中華帝国の完成〜明の滅亡と清の中国支配〜,WH-180071,215,標準,人物,鄭成功,ていせいこう,,近世,東アジア,中国福建沿岸・台湾,17世紀半ば〜後半,1662,WH-180071-R01,reverse,複合説明,reverse,鄭成功(ていせいこう)は何をした？,17世紀半ば〜後半に中国福建沿岸で**反清復明(はんしんふくみん)**を続けた海上勢力の指導者。清の**遷界令(せんかいれい)**などで圧迫されると、台湾の**オランダ勢力**を破って拠点を移し、鄭氏台湾(ていしたいわん)の基礎をつくった。,反清復明|遷界令|オランダ勢力,,,,18_中華帝国の繁栄（明・清）(1).md pp.292,
第18回_04_中華帝国の完成〜明の滅亡と清の中国支配〜,WH-180071,215,標準,人物,鄭成功,ていせいこう,,近世,東アジア,中国福建沿岸・台湾,17世紀半ば〜後半,1662,WH-180071-I01,integrated,統合説明,integrated,「鄭成功(ていせいこう)」について説明せよ。,17世紀半ば〜後半に中国福建沿岸で**反清復明(はんしんふくみん)**を続けた海上勢力の指導者。清の**遷界令(せんかいれい)**などで圧迫されると、台湾の**オランダ勢力**を破って拠点を移し、鄭氏台湾(ていしたいわん)の基礎をつくった。,反清復明|遷界令|オランダ勢力,,,,18_中華帝国の繁栄（明・清）(1).md pp.292,
第18回_04_中華帝国の完成〜明の滅亡と清の中国支配〜,WH-180072,216,標準,条約・会議,ネルチンスク条約,ねるちんすくじょうやく,,近世,東アジア,清とロシアの国境（スタノヴォイ山脈・アルグン川）,1689年,1689,WH-180072-B01,beginner,用語の特定,identify,1689年、康熙帝(こうきてい)がロシアとの国境を定めた対等な条約は？,ネルチンスク条約,ネルチンスク条約,,,,"18_中華帝国の繁栄（明・清）(1).md pp.290,293",
第18回_04_中華帝国の完成〜明の滅亡と清の中国支配〜,WH-180072,216,標準,条約・会議,ネルチンスク条約,ねるちんすくじょうやく,,近世,東アジア,清とロシアの国境（スタノヴォイ山脈・アルグン川）,1689年,1689,WH-180072-B02,beginner,時期,time,ネルチンスク条約が結ばれたのはいつ？,1689年,1689年,,,1689：「一路邁進　ネルチンスクへ」ネルチンスク条約,"18_中華帝国の繁栄（明・清）(1).md pp.290,293",
第18回_04_中華帝国の完成〜明の滅亡と清の中国支配〜,WH-180072,216,標準,条約・会議,ネルチンスク条約,ねるちんすくじょうやく,,近世,東アジア,清とロシアの国境（スタノヴォイ山脈・アルグン川）,1689年,1689,WH-180072-B03,beginner,中心人物,person,ネルチンスク条約締結時の清の皇帝は？,康熙帝(こうきてい),康熙帝,,,,"18_中華帝国の繁栄（明・清）(1).md pp.290,293",
第18回_04_中華帝国の完成〜明の滅亡と清の中国支配〜,WH-180072,216,標準,条約・会議,ネルチンスク条約,ねるちんすくじょうやく,,近世,東アジア,清とロシアの国境（スタノヴォイ山脈・アルグン川）,1689年,1689,WH-180072-B04,beginner,国家・勢力・社会集団,actor,ネルチンスク条約を清と結んだ国は？,ロシア,ロシア,,,,"18_中華帝国の繁栄（明・清）(1).md pp.290,293",
第18回_04_中華帝国の完成〜明の滅亡と清の中国支配〜,WH-180072,216,標準,条約・会議,ネルチンスク条約,ねるちんすくじょうやく,,近世,東アジア,清とロシアの国境（スタノヴォイ山脈・アルグン川）,1689年,1689,WH-180072-B05,beginner,地域,place,ネルチンスク条約で国境となった山脈は？,スタノヴォイ山脈,スタノヴォイ山脈,外興安嶺,,,"18_中華帝国の繁栄（明・清）(1).md pp.290,293",
第18回_04_中華帝国の完成〜明の滅亡と清の中国支配〜,WH-180072,216,標準,条約・会議,ネルチンスク条約,ねるちんすくじょうやく,,近世,東アジア,清とロシアの国境（スタノヴォイ山脈・アルグン川）,1689年,1689,WH-180072-B06,beginner,地域,place,ネルチンスク条約で国境となった川は？,アルグン川,アルグン川,,,,"18_中華帝国の繁栄（明・清）(1).md pp.290,293",
第18回_04_中華帝国の完成〜明の滅亡と清の中国支配〜,WH-180072,216,標準,条約・会議,ネルチンスク条約,ねるちんすくじょうやく,,近世,東アジア,清とロシアの国境（スタノヴォイ山脈・アルグン川）,1689年,1689,WH-180072-R01,reverse,時期,time,ネルチンスク条約が結ばれたのはいつ？,**1689年**。,1689年,,,1689：「一路邁進　ネルチンスクへ」ネルチンスク条約,"18_中華帝国の繁栄（明・清）(1).md pp.290,293",
第18回_04_中華帝国の完成〜明の滅亡と清の中国支配〜,WH-180072,216,標準,条約・会議,ネルチンスク条約,ねるちんすくじょうやく,,近世,東アジア,清とロシアの国境（スタノヴォイ山脈・アルグン川）,1689年,1689,WH-180072-R02,reverse,複合説明,reverse,ネルチンスク条約は何を決めた？,**1689年**に清の**康熙帝(こうきてい)**とロシアの**ピョートル1世**の間で結ばれた国境条約。**スタノヴォイ山脈とアルグン川**を国境として通商を認め、イエズス会宣教師が通訳に加わった対等な条約だった。,1689年|康熙帝|ピョートル1世|スタノヴォイ山脈とアルグン川,,,1689：「一路邁進　ネルチンスクへ」ネルチンスク条約,"18_中華帝国の繁栄（明・清）(1).md pp.290,293",
第18回_04_中華帝国の完成〜明の滅亡と清の中国支配〜,WH-180072,216,標準,条約・会議,ネルチンスク条約,ねるちんすくじょうやく,,近世,東アジア,清とロシアの国境（スタノヴォイ山脈・アルグン川）,1689年,1689,WH-180072-I01,integrated,統合説明,integrated,「ネルチンスク条約」について説明せよ。,**1689年**に清の**康熙帝(こうきてい)**とロシアの**ピョートル1世**の間で結ばれた国境条約。**スタノヴォイ山脈とアルグン川**を国境として通商を認め、イエズス会宣教師が通訳に加わった対等な条約だった。,1689年|康熙帝|ピョートル1世|スタノヴォイ山脈とアルグン川,,,1689：「一路邁進　ネルチンスクへ」ネルチンスク条約,"18_中華帝国の繁栄（明・清）(1).md pp.290,293",
第18回_04_中華帝国の完成〜明の滅亡と清の中国支配〜,WH-180073,217,標準,民族・身分・社会集団,ジュンガル,じゅんがる,,近世,東アジア,モンゴル・チベット・東トルキスタン,17〜18世紀,1690,WH-180073-B01,beginner,用語の特定,identify,オイラトの一部族から強大化し、ダライ＝ラマの保護権などをめぐって清と争った勢力は？,ジュンガル,ジュンガル,,,,"18_中華帝国の繁栄（明・清）(1).md pp.290,293–294",
第18回_04_中華帝国の完成〜明の滅亡と清の中国支配〜,WH-180073,217,標準,民族・身分・社会集団,ジュンガル,じゅんがる,,近世,東アジア,モンゴル・チベット・東トルキスタン,17〜18世紀,1690,WH-180073-B02,beginner,国家・勢力・社会集団,actor,ジュンガルがもともと属していたモンゴル系勢力は？,オイラト,オイラト,,,,"18_中華帝国の繁栄（明・清）(1).md pp.290,293–294",
第18回_04_中華帝国の完成〜明の滅亡と清の中国支配〜,WH-180073,217,標準,民族・身分・社会集団,ジュンガル,じゅんがる,,近世,東アジア,モンゴル・チベット・東トルキスタン,17〜18世紀,1690,WH-180073-B03,beginner,中心人物,person,康熙帝(こうきてい)の遠征で敗れたジュンガルの指導者は？,ガルダン＝ハン,ガルダン＝ハン,,,,"18_中華帝国の繁栄（明・清）(1).md pp.290,293–294",
第18回_04_中華帝国の完成〜明の滅亡と清の中国支配〜,WH-180073,217,標準,民族・身分・社会集団,ジュンガル,じゅんがる,,近世,東アジア,モンゴル・チベット・東トルキスタン,17〜18世紀,1690,WH-180073-B04,beginner,中心人物,person,ジュンガルを最終的に滅ぼした清の皇帝は？,乾隆帝(けんりゅうてい),乾隆帝,,,,"18_中華帝国の繁栄（明・清）(1).md pp.290,293–294",
第18回_04_中華帝国の完成〜明の滅亡と清の中国支配〜,WH-180073,217,標準,民族・身分・社会集団,ジュンガル,じゅんがる,,近世,東アジア,モンゴル・チベット・東トルキスタン,17〜18世紀,1690,WH-180073-B05,beginner,結果,result,ジュンガルと回部(かいぶ)の地域を合わせて清が付けた名称は？,新疆(しんきょう),新疆,,,,"18_中華帝国の繁栄（明・清）(1).md pp.290,293–294",
第18回_04_中華帝国の完成〜明の滅亡と清の中国支配〜,WH-180073,217,標準,民族・身分・社会集団,ジュンガル,じゅんがる,,近世,東アジア,モンゴル・チベット・東トルキスタン,17〜18世紀,1690,WH-180073-R01,reverse,複合説明,reverse,ジュンガルは何をした？,17〜18世紀、モンゴル・チベット・東トルキスタンに勢力を伸ばした**オイラト系の勢力**。**ガルダン＝ハン**の時代に康熙帝(こうきてい)の遠征で打撃を受け、その後**乾隆帝(けんりゅうてい)**に滅ぼされた。支配地域は回部(かいぶ)と合わせて**新疆(しんきょう)**と呼ばれた。,オイラト系の勢力|ガルダン＝ハン|乾隆帝|新疆,,,,"18_中華帝国の繁栄（明・清）(1).md pp.290,293–294",
第18回_04_中華帝国の完成〜明の滅亡と清の中国支配〜,WH-180073,217,標準,民族・身分・社会集団,ジュンガル,じゅんがる,,近世,東アジア,モンゴル・チベット・東トルキスタン,17〜18世紀,1690,WH-180073-I01,integrated,統合説明,integrated,「ジュンガル」について説明せよ。,17〜18世紀、モンゴル・チベット・東トルキスタンに勢力を伸ばした**オイラト系の勢力**。**ガルダン＝ハン**の時代に康熙帝(こうきてい)の遠征で打撃を受け、その後**乾隆帝(けんりゅうてい)**に滅ぼされた。支配地域は回部(かいぶ)と合わせて**新疆(しんきょう)**と呼ばれた。,オイラト系の勢力|ガルダン＝ハン|乾隆帝|新疆,,,,"18_中華帝国の繁栄（明・清）(1).md pp.290,293–294",
第18回_04_中華帝国の完成〜明の滅亡と清の中国支配〜,WH-180074,218,標準,人物,雍正帝,ようせいてい,世宗,近世,東アジア,中国・青海・清露国境,1722〜1735年（在位）,1722,WH-180074-B01,beginner,用語の特定,identify,軍機処(ぐんきしょ)の設置や地丁銀(ちていぎん)の普及を進め、キリスト教布教を全面禁止した清の皇帝は？,雍正帝(ようせいてい),雍正帝,世宗,,,"18_中華帝国の繁栄（明・清）(1).md pp.290,294–296",
第18回_04_中華帝国の完成〜明の滅亡と清の中国支配〜,WH-180074,218,標準,人物,雍正帝,ようせいてい,世宗,近世,東アジア,中国・青海・清露国境,1722〜1735年（在位）,1722,WH-180074-B02,beginner,内容,content,雍正帝(ようせいてい)が軍事機密処理のため設置した機関は？,軍機処(ぐんきしょ),軍機処,,,,"18_中華帝国の繁栄（明・清）(1).md pp.290,294–296",
第18回_04_中華帝国の完成〜明の滅亡と清の中国支配〜,WH-180074,218,標準,人物,雍正帝,ようせいてい,世宗,近世,東アジア,中国・青海・清露国境,1722〜1735年（在位）,1722,WH-180074-B03,beginner,内容,content,雍正帝(ようせいてい)が普及させた、丁銀(ていぎん)を地銀(ちぎん)に繰り込む税制は？,地丁銀(ちていぎん),地丁銀,,,,"18_中華帝国の繁栄（明・清）(1).md pp.290,294–296",
第18回_04_中華帝国の完成〜明の滅亡と清の中国支配〜,WH-180074,218,標準,人物,雍正帝,ようせいてい,世宗,近世,東アジア,中国・青海・清露国境,1722〜1735年（在位）,1722,WH-180074-B04,beginner,関連,relation,雍正帝(ようせいてい)がロシアと結んだ条約は？,キャフタ条約,キャフタ条約,,,,"18_中華帝国の繁栄（明・清）(1).md pp.290,294–296",
第18回_04_中華帝国の完成〜明の滅亡と清の中国支配〜,WH-180074,218,標準,人物,雍正帝,ようせいてい,世宗,近世,東アジア,中国・青海・清露国境,1722〜1735年（在位）,1722,WH-180074-B05,beginner,内容,content,雍正帝(ようせいてい)が全面禁止した宗教活動は？,キリスト教の布教,キリスト教の布教,,,,"18_中華帝国の繁栄（明・清）(1).md pp.290,294–296",
第18回_04_中華帝国の完成〜明の滅亡と清の中国支配〜,WH-180074,218,標準,人物,雍正帝,ようせいてい,世宗,近世,東アジア,中国・青海・清露国境,1722〜1735年（在位）,1722,WH-180074-R01,reverse,時期,time,雍正帝(ようせいてい)が在位したのはいつ？,**1722〜1735年**。,1722〜1735年,,,,"18_中華帝国の繁栄（明・清）(1).md pp.290,294–296",
第18回_04_中華帝国の完成〜明の滅亡と清の中国支配〜,WH-180074,218,標準,人物,雍正帝,ようせいてい,世宗,近世,東アジア,中国・青海・清露国境,1722〜1735年（在位）,1722,WH-180074-R02,reverse,複合説明,reverse,雍正帝(ようせいてい)は何をした？,**1722〜1735年**に中国の清を治めた皇帝。**軍機処(ぐんきしょ)**を設置し、**地丁銀(ちていぎん)**を普及させ、**キリスト教布教を全面禁止**した。対外的には青海を平定し、**1727年のキャフタ条約**でロシアと国境を定めた。,1722〜1735年|軍機処|地丁銀|キリスト教布教を全面禁止|1727年のキャフタ条約,,,,"18_中華帝国の繁栄（明・清）(1).md pp.290,294–296",
第18回_04_中華帝国の完成〜明の滅亡と清の中国支配〜,WH-180074,218,標準,人物,雍正帝,ようせいてい,世宗,近世,東アジア,中国・青海・清露国境,1722〜1735年（在位）,1722,WH-180074-I01,integrated,統合説明,integrated,「雍正帝(ようせいてい)」について説明せよ。,**1722〜1735年**に中国の清を治めた皇帝。**軍機処(ぐんきしょ)**を設置し、**地丁銀(ちていぎん)**を普及させ、**キリスト教布教を全面禁止**した。対外的には青海を平定し、**1727年のキャフタ条約**でロシアと国境を定めた。,1722〜1735年|軍機処|地丁銀|キリスト教布教を全面禁止|1727年のキャフタ条約,,,,"18_中華帝国の繁栄（明・清）(1).md pp.290,294–296",
第18回_04_中華帝国の完成〜明の滅亡と清の中国支配〜,WH-180075,219,標準,条約・会議,キャフタ条約,きゃふたじょうやく,,近世,東アジア,清とロシアの国境,1727年,1727,WH-180075-B01,beginner,用語の特定,identify,1727年、雍正帝(ようせいてい)がロシアとの新たな国境を定めた条約は？,キャフタ条約,キャフタ条約,,,,"18_中華帝国の繁栄（明・清）(1).md pp.290,294",
第18回_04_中華帝国の完成〜明の滅亡と清の中国支配〜,WH-180075,219,標準,条約・会議,キャフタ条約,きゃふたじょうやく,,近世,東アジア,清とロシアの国境,1727年,1727,WH-180075-B02,beginner,時期,time,キャフタ条約が結ばれたのはいつ？,1727年,1727年,,,,"18_中華帝国の繁栄（明・清）(1).md pp.290,294",
第18回_04_中華帝国の完成〜明の滅亡と清の中国支配〜,WH-180075,219,標準,条約・会議,キャフタ条約,きゃふたじょうやく,,近世,東アジア,清とロシアの国境,1727年,1727,WH-180075-B03,beginner,中心人物,person,キャフタ条約締結時の清の皇帝は？,雍正帝(ようせいてい),雍正帝,,,,"18_中華帝国の繁栄（明・清）(1).md pp.290,294",
第18回_04_中華帝国の完成〜明の滅亡と清の中国支配〜,WH-180075,219,標準,条約・会議,キャフタ条約,きゃふたじょうやく,,近世,東アジア,清とロシアの国境,1727年,1727,WH-180075-B04,beginner,国家・勢力・社会集団,actor,キャフタ条約を清と結んだ国は？,ロシア,ロシア,,,,"18_中華帝国の繁栄（明・清）(1).md pp.290,294",
第18回_04_中華帝国の完成〜明の滅亡と清の中国支配〜,WH-180075,219,標準,条約・会議,キャフタ条約,きゃふたじょうやく,,近世,東アジア,清とロシアの国境,1727年,1727,WH-180075-R01,reverse,時期,time,キャフタ条約が結ばれたのはいつ？,**1727年**。,1727年,,,,"18_中華帝国の繁栄（明・清）(1).md pp.290,294",
第18回_04_中華帝国の完成〜明の滅亡と清の中国支配〜,WH-180075,219,標準,条約・会議,キャフタ条約,きゃふたじょうやく,,近世,東アジア,清とロシアの国境,1727年,1727,WH-180075-R02,reverse,複合説明,reverse,キャフタ条約は何を決めた？,**1727年**に、清の**雍正帝(ようせいてい)**とロシアの**ピョートル2世**の時代に結ばれた国境確定条約。清とロシアの間で、新たに国境を定めた。,1727年|雍正帝|ピョートル2世,,,,"18_中華帝国の繁栄（明・清）(1).md pp.290,294",
第18回_04_中華帝国の完成〜明の滅亡と清の中国支配〜,WH-180075,219,標準,条約・会議,キャフタ条約,きゃふたじょうやく,,近世,東アジア,清とロシアの国境,1727年,1727,WH-180075-I01,integrated,統合説明,integrated,「キャフタ条約」について説明せよ。,**1727年**に、清の**雍正帝(ようせいてい)**とロシアの**ピョートル2世**の時代に結ばれた国境確定条約。清とロシアの間で、新たに国境を定めた。,1727年|雍正帝|ピョートル2世,,,,"18_中華帝国の繁栄（明・清）(1).md pp.290,294",
第18回_04_中華帝国の完成〜明の滅亡と清の中国支配〜,WH-180076,220,標準,制度・政策・法律,軍機処,ぐんきしょ,,近世,東アジア,中国,18世紀前半（雍正帝期）,1729,WH-180076-B01,beginner,用語の特定,identify,雍正帝(ようせいてい)がジュンガル遠征のため設け、のちに軍事・行政の最高機関となった組織は？,軍機処(ぐんきしょ),軍機処,,,,"18_中華帝国の繁栄（明・清）(1).md pp.290,295",
第18回_04_中華帝国の完成〜明の滅亡と清の中国支配〜,WH-180076,220,標準,制度・政策・法律,軍機処,ぐんきしょ,,近世,東アジア,中国,18世紀前半（雍正帝期）,1729,WH-180076-B02,beginner,中心人物,person,軍機処(ぐんきしょ)を設置した清の皇帝は？,雍正帝(ようせいてい),雍正帝,,,,"18_中華帝国の繁栄（明・清）(1).md pp.290,295",
第18回_04_中華帝国の完成〜明の滅亡と清の中国支配〜,WH-180076,220,標準,制度・政策・法律,軍機処,ぐんきしょ,,近世,東アジア,中国,18世紀前半（雍正帝期）,1729,WH-180076-B03,beginner,国家・勢力・社会集団,actor,軍機処(ぐんきしょ)設置の契機となった遠征の相手は？,ジュンガル,ジュンガル,,,,"18_中華帝国の繁栄（明・清）(1).md pp.290,295",
第18回_04_中華帝国の完成〜明の滅亡と清の中国支配〜,WH-180076,220,標準,制度・政策・法律,軍機処,ぐんきしょ,,近世,東アジア,中国,18世紀前半（雍正帝期）,1729,WH-180076-B04,beginner,内容,content,軍機処(ぐんきしょ)が設置当初に扱った情報の性質は？,軍事機密,軍事機密,,,,"18_中華帝国の繁栄（明・清）(1).md pp.290,295",
第18回_04_中華帝国の完成〜明の滅亡と清の中国支配〜,WH-180076,220,標準,制度・政策・法律,軍機処,ぐんきしょ,,近世,東アジア,中国,18世紀前半（雍正帝期）,1729,WH-180076-R01,reverse,複合説明,reverse,軍機処(ぐんきしょ)はどんな制度・政策？,18世紀前半の中国で、**雍正帝(ようせいてい)**が**ジュンガル遠征**に際して設置した機関。軍事機密を迅速に処理するために始まり、のちに軍事以外の命令も扱う**軍事・行政の最高機関**となった。,雍正帝|ジュンガル遠征|軍事・行政の最高機関,,,,"18_中華帝国の繁栄（明・清）(1).md pp.290,295",
第18回_04_中華帝国の完成〜明の滅亡と清の中国支配〜,WH-180076,220,標準,制度・政策・法律,軍機処,ぐんきしょ,,近世,東アジア,中国,18世紀前半（雍正帝期）,1729,WH-180076-I01,integrated,統合説明,integrated,「軍機処(ぐんきしょ)」について説明せよ。,18世紀前半の中国で、**雍正帝(ようせいてい)**が**ジュンガル遠征**に際して設置した機関。軍事機密を迅速に処理するために始まり、のちに軍事以外の命令も扱う**軍事・行政の最高機関**となった。,雍正帝|ジュンガル遠征|軍事・行政の最高機関,,,,"18_中華帝国の繁栄（明・清）(1).md pp.290,295",
第18回_04_中華帝国の完成〜明の滅亡と清の中国支配〜,WH-180077,221,標準,制度・政策・法律,地丁銀,ちていぎん,,近世,東アジア,中国,18世紀前半に普及,1722,WH-180077-B01,beginner,用語の特定,identify,清が人頭税の丁銀(ていぎん)を土地税の地銀(ちぎん)へ繰り込み、地税として銀納させた税制は？,地丁銀(ちていぎん),地丁銀,,,,"18_中華帝国の繁栄（明・清）(1).md pp.290,295",
第18回_04_中華帝国の完成〜明の滅亡と清の中国支配〜,WH-180077,221,標準,制度・政策・法律,地丁銀,ちていぎん,,近世,東アジア,中国,18世紀前半に普及,1722,WH-180077-B02,beginner,中心人物,person,地丁銀(ちていぎん)を普及させた清の皇帝は？,雍正帝(ようせいてい),雍正帝,,,,"18_中華帝国の繁栄（明・清）(1).md pp.290,295",
第18回_04_中華帝国の完成〜明の滅亡と清の中国支配〜,WH-180077,221,標準,制度・政策・法律,地丁銀,ちていぎん,,近世,東アジア,中国,18世紀前半に普及,1722,WH-180077-B03,beginner,内容,content,地丁銀(ちていぎん)で土地税に繰り込まれた人頭税の名称は？,丁銀(ていぎん),丁銀,,,,"18_中華帝国の繁栄（明・清）(1).md pp.290,295",
第18回_04_中華帝国の完成〜明の滅亡と清の中国支配〜,WH-180077,221,標準,制度・政策・法律,地丁銀,ちていぎん,,近世,東アジア,中国,18世紀前半に普及,1722,WH-180077-B04,beginner,内容,content,地丁銀(ちていぎん)で丁銀(ていぎん)を繰り込んだ土地税の名称は？,地銀(ちぎん),地銀,,,,"18_中華帝国の繁栄（明・清）(1).md pp.290,295",
第18回_04_中華帝国の完成〜明の滅亡と清の中国支配〜,WH-180077,221,標準,制度・政策・法律,地丁銀,ちていぎん,,近世,東アジア,中国,18世紀前半に普及,1722,WH-180077-B05,beginner,内容,content,地丁銀(ちていぎん)による税の納入に用いたものは？,銀,銀,,,,"18_中華帝国の繁栄（明・清）(1).md pp.290,295",
第18回_04_中華帝国の完成〜明の滅亡と清の中国支配〜,WH-180077,221,標準,制度・政策・法律,地丁銀,ちていぎん,,近世,東アジア,中国,18世紀前半に普及,1722,WH-180077-B06,beginner,関連,relation,地丁銀(ちていぎん)に先立ち明から清初まで用いられた銀納税制は？,一条鞭法(いちじょうべんぽう),一条鞭法,,,,"18_中華帝国の繁栄（明・清）(1).md pp.290,295",
第18回_04_中華帝国の完成〜明の滅亡と清の中国支配〜,WH-180077,221,標準,制度・政策・法律,地丁銀,ちていぎん,,近世,東アジア,中国,18世紀前半に普及,1722,WH-180077-R01,reverse,複合説明,reverse,地丁銀(ちていぎん)はどんな制度・政策？,18世紀前半の中国で、**康熙帝(こうきてい)**の人頭税額固定を経て、**雍正帝(ようせいてい)**の時代に普及した税制。**丁銀(ていぎん)を地銀(ちぎん)に繰り込んで銀納**させ、独立した人頭税を廃止した。人頭税と土地税をまとめて納める**一条鞭法(いちじょうべんぽう)**とは異なり、家族の人数が増えても人頭税は増えなくなった。,康熙帝|雍正帝|丁銀を地銀に繰り込んで銀納|一条鞭法,,,,"18_中華帝国の繁栄（明・清）(1).md pp.290,295",
第18回_04_中華帝国の完成〜明の滅亡と清の中国支配〜,WH-180077,221,標準,制度・政策・法律,地丁銀,ちていぎん,,近世,東アジア,中国,18世紀前半に普及,1722,WH-180077-I01,integrated,統合説明,integrated,「地丁銀(ちていぎん)」について説明せよ。,18世紀前半の中国で、**康熙帝(こうきてい)**の人頭税額固定を経て、**雍正帝(ようせいてい)**の時代に普及した税制。**丁銀(ていぎん)を地銀(ちぎん)に繰り込んで銀納**させ、独立した人頭税を廃止した。人頭税と土地税をまとめて納める**一条鞭法(いちじょうべんぽう)**とは異なり、家族の人数が増えても人頭税は増えなくなった。,康熙帝|雍正帝|丁銀を地銀に繰り込んで銀納|一条鞭法,,,,"18_中華帝国の繁栄（明・清）(1).md pp.290,295",
第18回_04_中華帝国の完成〜明の滅亡と清の中国支配〜,WH-180078,222,標準,人物,乾隆帝,けんりゅうてい,高宗,近世,東アジア,中国・新疆,1735〜1795年（在位）,1735,WH-180078-B01,beginner,用語の特定,identify,ジュンガルと回部(かいぶ)を征服し、新疆(しんきょう)と名付けて清の最大領域を実現した皇帝は？,乾隆帝(けんりゅうてい),乾隆帝,高宗,,,"18_中華帝国の繁栄（明・清）(1).md pp.290,294,297",
第18回_04_中華帝国の完成〜明の滅亡と清の中国支配〜,WH-180078,222,標準,人物,乾隆帝,けんりゅうてい,高宗,近世,東アジア,中国・新疆,1735〜1795年（在位）,1735,WH-180078-B02,beginner,時期,time,乾隆帝(けんりゅうてい)が即位したのはいつ？,1735年,1735年,,,1735：「人並み超えた　乾隆帝」乾隆帝の即位,"18_中華帝国の繁栄（明・清）(1).md pp.290,294,297",
第18回_04_中華帝国の完成〜明の滅亡と清の中国支配〜,WH-180078,222,標準,人物,乾隆帝,けんりゅうてい,高宗,近世,東アジア,中国・新疆,1735〜1795年（在位）,1735,WH-180078-B03,beginner,国家・勢力・社会集団,actor,乾隆帝(けんりゅうてい)が新疆(しんきょう)に組み込んだ二つの勢力は？,ジュンガルと回部(かいぶ),ジュンガルと回部,,,,"18_中華帝国の繁栄（明・清）(1).md pp.290,294,297",
第18回_04_中華帝国の完成〜明の滅亡と清の中国支配〜,WH-180078,222,標準,人物,乾隆帝,けんりゅうてい,高宗,近世,東アジア,中国・新疆,1735〜1795年（在位）,1735,WH-180078-B04,beginner,内容,content,乾隆帝(けんりゅうてい)が編纂させた、中国の書物を集めた叢書は？,四庫全書(しこぜんしょ),四庫全書,,,,"18_中華帝国の繁栄（明・清）(1).md pp.290,294,297",
第18回_04_中華帝国の完成〜明の滅亡と清の中国支配〜,WH-180078,222,標準,人物,乾隆帝,けんりゅうてい,高宗,近世,東アジア,中国・新疆,1735〜1795年（在位）,1735,WH-180078-B05,beginner,地域,place,乾隆帝(けんりゅうてい)がヨーロッパ商船の入港地として限定した都市は？,広州,広州,,,,"18_中華帝国の繁栄（明・清）(1).md pp.290,294,297",
第18回_04_中華帝国の完成〜明の滅亡と清の中国支配〜,WH-180078,222,標準,人物,乾隆帝,けんりゅうてい,高宗,近世,東アジア,中国・新疆,1735〜1795年（在位）,1735,WH-180078-R01,reverse,時期,time,乾隆帝(けんりゅうてい)が在位したのはいつ？,**1735〜1795年**。,1735〜1795年,,,1735：「人並み超えた　乾隆帝」乾隆帝の即位,"18_中華帝国の繁栄（明・清）(1).md pp.290,294,297",
第18回_04_中華帝国の完成〜明の滅亡と清の中国支配〜,WH-180078,222,標準,人物,乾隆帝,けんりゅうてい,高宗,近世,東アジア,中国・新疆,1735〜1795年（在位）,1735,WH-180078-R02,reverse,複合説明,reverse,乾隆帝(けんりゅうてい)は何をした？,**1735年**に即位し、1795年まで中国の清を治めた皇帝。**ジュンガルと回部(かいぶ)**を征服して**新疆(しんきょう)**と名づけ、清の最大領域を実現した。文化面では**四庫全書(しこぜんしょ)**を編纂させ、ヨーロッパ商船の入港地を**広州**に限定して貿易を管理した。,1735年|ジュンガルと回部|新疆|四庫全書|広州,,,1735：「人並み超えた　乾隆帝」乾隆帝の即位,"18_中華帝国の繁栄（明・清）(1).md pp.290,294,297",
第18回_04_中華帝国の完成〜明の滅亡と清の中国支配〜,WH-180078,222,標準,人物,乾隆帝,けんりゅうてい,高宗,近世,東アジア,中国・新疆,1735〜1795年（在位）,1735,WH-180078-I01,integrated,統合説明,integrated,「乾隆帝(けんりゅうてい)」について説明せよ。,**1735年**に即位し、1795年まで中国の清を治めた皇帝。**ジュンガルと回部(かいぶ)**を征服して**新疆(しんきょう)**と名づけ、清の最大領域を実現した。文化面では**四庫全書(しこぜんしょ)**を編纂させ、ヨーロッパ商船の入港地を**広州**に限定して貿易を管理した。,1735年|ジュンガルと回部|新疆|四庫全書|広州,,,1735：「人並み超えた　乾隆帝」乾隆帝の即位,"18_中華帝国の繁栄（明・清）(1).md pp.290,294,297",
第18回_04_中華帝国の完成〜明の滅亡と清の中国支配〜,WH-180079,323,発展,地域・都市,回部,かいぶ,,近世,東アジア,東トルキスタン（タリム盆地）,18世紀半ば,1759,WH-180079-B01,beginner,用語の特定,identify,乾隆帝(けんりゅうてい)が制圧し、ジュンガルの地域と合わせて新疆(しんきょう)としたタリム盆地のウイグル人地域は？,回部(かいぶ),回部,,,,"18_中華帝国の繁栄（明・清）(1).md pp.290,294",
第18回_04_中華帝国の完成〜明の滅亡と清の中国支配〜,WH-180079,323,発展,地域・都市,回部,かいぶ,,近世,東アジア,東トルキスタン（タリム盆地）,18世紀半ば,1759,WH-180079-B02,beginner,国家・勢力・社会集団,actor,回部(かいぶ)の住民として資料が挙げる民族は？,ウイグル人,ウイグル人,,,,"18_中華帝国の繁栄（明・清）(1).md pp.290,294",
第18回_04_中華帝国の完成〜明の滅亡と清の中国支配〜,WH-180079,323,発展,地域・都市,回部,かいぶ,,近世,東アジア,東トルキスタン（タリム盆地）,18世紀半ば,1759,WH-180079-B03,beginner,中心人物,person,回部(かいぶ)を制圧した清の皇帝は？,乾隆帝(けんりゅうてい),乾隆帝,,,,"18_中華帝国の繁栄（明・清）(1).md pp.290,294",
第18回_04_中華帝国の完成〜明の滅亡と清の中国支配〜,WH-180079,323,発展,地域・都市,回部,かいぶ,,近世,東アジア,東トルキスタン（タリム盆地）,18世紀半ば,1759,WH-180079-B04,beginner,結果,result,回部(かいぶ)とジュンガルの地域を合わせて付けられた名称は？,新疆(しんきょう),新疆,,,,"18_中華帝国の繁栄（明・清）(1).md pp.290,294",
第18回_04_中華帝国の完成〜明の滅亡と清の中国支配〜,WH-180079,323,発展,地域・都市,回部,かいぶ,,近世,東アジア,東トルキスタン（タリム盆地）,18世紀半ば,1759,WH-180079-R01,reverse,複合説明,reverse,回部(かいぶ)はどこにあり、どんな役割を持った？,18世紀半ば、**東トルキスタンのタリム盆地**にあったウイグル人の地域。**乾隆帝(けんりゅうてい)**に制圧され、ジュンガルの地域と合わせて**1759年に新疆(しんきょう)**と名づけられた。,東トルキスタンのタリム盆地|乾隆帝|1759年に新疆,,,,"18_中華帝国の繁栄（明・清）(1).md pp.290,294",
第18回_04_中華帝国の完成〜明の滅亡と清の中国支配〜,WH-180079,323,発展,地域・都市,回部,かいぶ,,近世,東アジア,東トルキスタン（タリム盆地）,18世紀半ば,1759,WH-180079-I01,integrated,統合説明,integrated,「回部(かいぶ)」について説明せよ。,18世紀半ば、**東トルキスタンのタリム盆地**にあったウイグル人の地域。**乾隆帝(けんりゅうてい)**に制圧され、ジュンガルの地域と合わせて**1759年に新疆(しんきょう)**と名づけられた。,東トルキスタンのタリム盆地|乾隆帝|1759年に新疆,,,,"18_中華帝国の繁栄（明・清）(1).md pp.290,294",
第18回_04_中華帝国の完成〜明の滅亡と清の中国支配〜,WH-180080,223,標準,地域・都市,新疆,しんきょう,,近世,東アジア,ジュンガルの地域と東トルキスタンのタリム盆地,1759年に命名,1759,WH-180080-B01,beginner,用語の特定,identify,乾隆帝(けんりゅうてい)が征服したジュンガルと回部(かいぶ)を合わせて付けた地域名は？,新疆(しんきょう),新疆,,,,"18_中華帝国の繁栄（明・清）(1).md pp.290,294",
第18回_04_中華帝国の完成〜明の滅亡と清の中国支配〜,WH-180080,223,標準,地域・都市,新疆,しんきょう,,近世,東アジア,ジュンガルの地域と東トルキスタンのタリム盆地,1759年に命名,1759,WH-180080-B02,beginner,時期,time,清が新疆(しんきょう)と命名したのはいつ？,1759年,1759年,,,,"18_中華帝国の繁栄（明・清）(1).md pp.290,294",
第18回_04_中華帝国の完成〜明の滅亡と清の中国支配〜,WH-180080,223,標準,地域・都市,新疆,しんきょう,,近世,東アジア,ジュンガルの地域と東トルキスタンのタリム盆地,1759年に命名,1759,WH-180080-B03,beginner,中心人物,person,新疆(しんきょう)の地域を征服し命名した皇帝は？,乾隆帝(けんりゅうてい),乾隆帝,,,,"18_中華帝国の繁栄（明・清）(1).md pp.290,294",
第18回_04_中華帝国の完成〜明の滅亡と清の中国支配〜,WH-180080,223,標準,地域・都市,新疆,しんきょう,,近世,東アジア,ジュンガルの地域と東トルキスタンのタリム盆地,1759年に命名,1759,WH-180080-B04,beginner,国家・勢力・社会集団,actor,新疆(しんきょう)にまとめられた二つの勢力は？,ジュンガルと回部(かいぶ),ジュンガルと回部,,,,"18_中華帝国の繁栄（明・清）(1).md pp.290,294",
第18回_04_中華帝国の完成〜明の滅亡と清の中国支配〜,WH-180080,223,標準,地域・都市,新疆,しんきょう,,近世,東アジア,ジュンガルの地域と東トルキスタンのタリム盆地,1759年に命名,1759,WH-180080-B05,beginner,内容,content,新疆(しんきょう)を藩部(はんぶ)として統括した機関は？,理藩院(りはんいん),理藩院,,,,"18_中華帝国の繁栄（明・清）(1).md pp.290,294",
第18回_04_中華帝国の完成〜明の滅亡と清の中国支配〜,WH-180080,223,標準,地域・都市,新疆,しんきょう,,近世,東アジア,ジュンガルの地域と東トルキスタンのタリム盆地,1759年に命名,1759,WH-180080-R01,reverse,時期,time,新疆(しんきょう)が命名されたのはいつ？,**1759年**。,1759年,,,,"18_中華帝国の繁栄（明・清）(1).md pp.290,294",
第18回_04_中華帝国の完成〜明の滅亡と清の中国支配〜,WH-180080,223,標準,地域・都市,新疆,しんきょう,,近世,東アジア,ジュンガルの地域と東トルキスタンのタリム盆地,1759年に命名,1759,WH-180080-R02,reverse,複合説明,reverse,新疆(しんきょう)はどこにあり、どんな役割を持った？,**1759年**に清の**乾隆帝(けんりゅうてい)**が、征服した**ジュンガルと回部(かいぶ)**を合わせて付けた地域名。東トルキスタンのタリム盆地などを含み、**理藩院(りはんいん)**が統括する藩部(はんぶ)として支配された。,1759年|乾隆帝|ジュンガルと回部|理藩院,,,,"18_中華帝国の繁栄（明・清）(1).md pp.290,294",
第18回_04_中華帝国の完成〜明の滅亡と清の中国支配〜,WH-180080,223,標準,地域・都市,新疆,しんきょう,,近世,東アジア,ジュンガルの地域と東トルキスタンのタリム盆地,1759年に命名,1759,WH-180080-I01,integrated,統合説明,integrated,「新疆(しんきょう)」について説明せよ。,**1759年**に清の**乾隆帝(けんりゅうてい)**が、征服した**ジュンガルと回部(かいぶ)**を合わせて付けた地域名。東トルキスタンのタリム盆地などを含み、**理藩院(りはんいん)**が統括する藩部(はんぶ)として支配された。,1759年|乾隆帝|ジュンガルと回部|理藩院,,,,"18_中華帝国の繁栄（明・清）(1).md pp.290,294",
第18回_04_中華帝国の完成〜明の滅亡と清の中国支配〜,WH-180081,324,発展,人物,嘉慶帝,かけいてい,,近世,東アジア,中国,1796〜1820年（在位）,1796,WH-180081-B01,beginner,用語の特定,identify,乾隆帝(けんりゅうてい)の次に即位し、白蓮教徒の乱(びゃくれんきょうとのらん)や天理教徒の乱が起きた時代の清の皇帝は？,嘉慶帝(かけいてい),嘉慶帝,,,,"18_中華帝国の繁栄（明・清）(1).md pp.290,299",
第18回_04_中華帝国の完成〜明の滅亡と清の中国支配〜,WH-180081,324,発展,人物,嘉慶帝,かけいてい,,近世,東アジア,中国,1796〜1820年（在位）,1796,WH-180081-B02,beginner,中心人物,person,嘉慶帝(かけいてい)の前に即位していた清の皇帝は？,乾隆帝(けんりゅうてい),乾隆帝,,,,"18_中華帝国の繁栄（明・清）(1).md pp.290,299",
第18回_04_中華帝国の完成〜明の滅亡と清の中国支配〜,WH-180081,324,発展,人物,嘉慶帝,かけいてい,,近世,東アジア,中国,1796〜1820年（在位）,1796,WH-180081-B03,beginner,関連,relation,嘉慶帝(かけいてい)の即位年から続いた、弥勒信仰と結びつく農民反乱は？,白蓮教徒の乱(びゃくれんきょうとのらん),白蓮教徒の乱,,,,"18_中華帝国の繁栄（明・清）(1).md pp.290,299",
第18回_04_中華帝国の完成〜明の滅亡と清の中国支配〜,WH-180081,324,発展,人物,嘉慶帝,かけいてい,,近世,東アジア,中国,1796〜1820年（在位）,1796,WH-180081-B04,beginner,関連,relation,嘉慶帝(かけいてい)の時代に反乱軍が紫禁城(しきんじょう)へ乱入した事件は？,天理教徒の乱,天理教徒の乱,,,,"18_中華帝国の繁栄（明・清）(1).md pp.290,299",
第18回_04_中華帝国の完成〜明の滅亡と清の中国支配〜,WH-180081,324,発展,人物,嘉慶帝,かけいてい,,近世,東アジア,中国,1796〜1820年（在位）,1796,WH-180081-R01,reverse,複合説明,reverse,嘉慶帝(かけいてい)は何をした？,**1796〜1820年**に中国の清を治めた、乾隆帝(けんりゅうてい)の後継皇帝。治世には**白蓮教徒の乱(びゃくれんきょうとのらん)**や**1813年の天理教徒の乱**が起こり、清の地方支配や反乱鎮圧の困難が表面化した。,1796〜1820年|白蓮教徒の乱|1813年の天理教徒の乱,,,,"18_中華帝国の繁栄（明・清）(1).md pp.290,299",
第18回_04_中華帝国の完成〜明の滅亡と清の中国支配〜,WH-180081,324,発展,人物,嘉慶帝,かけいてい,,近世,東アジア,中国,1796〜1820年（在位）,1796,WH-180081-I01,integrated,統合説明,integrated,「嘉慶帝(かけいてい)」について説明せよ。,**1796〜1820年**に中国の清を治めた、乾隆帝(けんりゅうてい)の後継皇帝。治世には**白蓮教徒の乱(びゃくれんきょうとのらん)**や**1813年の天理教徒の乱**が起こり、清の地方支配や反乱鎮圧の困難が表面化した。,1796〜1820年|白蓮教徒の乱|1813年の天理教徒の乱,,,,"18_中華帝国の繁栄（明・清）(1).md pp.290,299",
第18回_04_中華帝国の完成〜明の滅亡と清の中国支配〜,WH-180082,224,標準,事件・革命,白蓮教徒の乱,びゃくれんきょうとのらん,,近世,東アジア,中国（河南・湖北・四川など）,1796〜1804年,1796,WH-180082-B01,beginner,用語の特定,identify,嘉慶帝(かけいてい)の時代、弥勒菩薩(みろくぼさつ)の復活を説く信仰を背景に河南・湖北・四川などで広がった農民反乱は？,白蓮教徒の乱(びゃくれんきょうとのらん),白蓮教徒の乱,,,,"18_中華帝国の繁栄（明・清）(1).md pp.290,299",
第18回_04_中華帝国の完成〜明の滅亡と清の中国支配〜,WH-180082,224,標準,事件・革命,白蓮教徒の乱,びゃくれんきょうとのらん,,近世,東アジア,中国（河南・湖北・四川など）,1796〜1804年,1796,WH-180082-B02,beginner,時期,time,白蓮教徒の乱(びゃくれんきょうとのらん)が続いた期間は？,1796〜1804年,1796〜1804年,,,,"18_中華帝国の繁栄（明・清）(1).md pp.290,299",
第18回_04_中華帝国の完成〜明の滅亡と清の中国支配〜,WH-180082,224,標準,事件・革命,白蓮教徒の乱,びゃくれんきょうとのらん,,近世,東アジア,中国（河南・湖北・四川など）,1796〜1804年,1796,WH-180082-B03,beginner,中心人物,person,白蓮教徒の乱(びゃくれんきょうとのらん)の時代に在位した清の皇帝は？,嘉慶帝(かけいてい),嘉慶帝,,,,"18_中華帝国の繁栄（明・清）(1).md pp.290,299",
第18回_04_中華帝国の完成〜明の滅亡と清の中国支配〜,WH-180082,224,標準,事件・革命,白蓮教徒の乱,びゃくれんきょうとのらん,,近世,東アジア,中国（河南・湖北・四川など）,1796〜1804年,1796,WH-180082-B04,beginner,内容,content,白蓮教徒の乱(びゃくれんきょうとのらん)の信仰で復活が説かれた菩薩は？,弥勒菩薩(みろくぼさつ),弥勒菩薩,,,,"18_中華帝国の繁栄（明・清）(1).md pp.290,299",
第18回_04_中華帝国の完成〜明の滅亡と清の中国支配〜,WH-180082,224,標準,事件・革命,白蓮教徒の乱,びゃくれんきょうとのらん,,近世,東アジア,中国（河南・湖北・四川など）,1796〜1804年,1796,WH-180082-B05,beginner,地域,place,白蓮教徒の乱(びゃくれんきょうとのらん)の主な地域として挙げられる三つの省は？,河南・湖北・四川,河南・湖北・四川,,,,"18_中華帝国の繁栄（明・清）(1).md pp.290,299",
第18回_04_中華帝国の完成〜明の滅亡と清の中国支配〜,WH-180082,224,標準,事件・革命,白蓮教徒の乱,びゃくれんきょうとのらん,,近世,東アジア,中国（河南・湖北・四川など）,1796〜1804年,1796,WH-180082-R01,reverse,時期,time,白蓮教徒の乱(びゃくれんきょうとのらん)が起きたのはいつ？,**1796〜1804年**。,1796〜1804年,,,,"18_中華帝国の繁栄（明・清）(1).md pp.290,299",
第18回_04_中華帝国の完成〜明の滅亡と清の中国支配〜,WH-180082,224,標準,事件・革命,白蓮教徒の乱,びゃくれんきょうとのらん,,近世,東アジア,中国（河南・湖北・四川など）,1796〜1804年,1796,WH-180082-R02,reverse,複合説明,reverse,白蓮教徒の乱(びゃくれんきょうとのらん)は何が起きた？,**1796〜1804年**に中国の河南・湖北・四川などで起きた農民反乱。**弥勒菩薩(みろくぼさつ)の復活**を説く白蓮教(びゃくれんきょう)が、人口増加や生活難による社会不安のなかで広まり、**嘉慶帝(かけいてい)**期の清の支配を揺るがした。,1796〜1804年|弥勒菩薩の復活|嘉慶帝,,,,"18_中華帝国の繁栄（明・清）(1).md pp.290,299",
第18回_04_中華帝国の完成〜明の滅亡と清の中国支配〜,WH-180082,224,標準,事件・革命,白蓮教徒の乱,びゃくれんきょうとのらん,,近世,東アジア,中国（河南・湖北・四川など）,1796〜1804年,1796,WH-180082-I01,integrated,統合説明,integrated,「白蓮教徒の乱(びゃくれんきょうとのらん)」について説明せよ。,**1796〜1804年**に中国の河南・湖北・四川などで起きた農民反乱。**弥勒菩薩(みろくぼさつ)の復活**を説く白蓮教(びゃくれんきょう)が、人口増加や生活難による社会不安のなかで広まり、**嘉慶帝(かけいてい)**期の清の支配を揺るがした。,1796〜1804年|弥勒菩薩の復活|嘉慶帝,,,,"18_中華帝国の繁栄（明・清）(1).md pp.290,299",
第18回_04_中華帝国の完成〜明の滅亡と清の中国支配〜,WH-180083,325,発展,事件・革命,天理教徒の乱,てんりきょうとのらん,,近代,東アジア,中国（北京など）,1813年,1813,WH-180083-B01,beginner,用語の特定,identify,1813年、清への反乱軍が一時北京の紫禁城(しきんじょう)にまで乱入した事件は？,天理教徒の乱,天理教徒の乱,,,,"18_中華帝国の繁栄（明・清）(1).md pp.290,299",
第18回_04_中華帝国の完成〜明の滅亡と清の中国支配〜,WH-180083,325,発展,事件・革命,天理教徒の乱,てんりきょうとのらん,,近代,東アジア,中国（北京など）,1813年,1813,WH-180083-B02,beginner,時期,time,天理教徒の乱が起きたのはいつ？,1813年,1813年,,,,"18_中華帝国の繁栄（明・清）(1).md pp.290,299",
第18回_04_中華帝国の完成〜明の滅亡と清の中国支配〜,WH-180083,325,発展,事件・革命,天理教徒の乱,てんりきょうとのらん,,近代,東アジア,中国（北京など）,1813年,1813,WH-180083-B03,beginner,中心人物,person,天理教徒の乱の時代の清の皇帝は？,嘉慶帝(かけいてい),嘉慶帝,,,,"18_中華帝国の繁栄（明・清）(1).md pp.290,299",
第18回_04_中華帝国の完成〜明の滅亡と清の中国支配〜,WH-180083,325,発展,事件・革命,天理教徒の乱,てんりきょうとのらん,,近代,東アジア,中国（北京など）,1813年,1813,WH-180083-B04,beginner,地域,place,天理教徒の乱の反乱軍が乱入した北京の宮城は？,紫禁城(しきんじょう),紫禁城,,,,"18_中華帝国の繁栄（明・清）(1).md pp.290,299",
第18回_04_中華帝国の完成〜明の滅亡と清の中国支配〜,WH-180083,325,発展,事件・革命,天理教徒の乱,てんりきょうとのらん,,近代,東アジア,中国（北京など）,1813年,1813,WH-180083-R01,reverse,時期,time,天理教徒の乱が起きたのはいつ？,**1813年**。,1813年,,,,"18_中華帝国の繁栄（明・清）(1).md pp.290,299",
第18回_04_中華帝国の完成〜明の滅亡と清の中国支配〜,WH-180083,325,発展,事件・革命,天理教徒の乱,てんりきょうとのらん,,近代,東アジア,中国（北京など）,1813年,1813,WH-180083-R02,reverse,複合説明,reverse,天理教徒の乱は何が起きた？,**1813年**に中国で起きた民衆反乱。**嘉慶帝(かけいてい)**の治世に反乱軍が一時**北京の紫禁城(しきんじょう)**へ乱入したが、失敗した。,1813年|嘉慶帝|北京の紫禁城,,,,"18_中華帝国の繁栄（明・清）(1).md pp.290,299",
第18回_04_中華帝国の完成〜明の滅亡と清の中国支配〜,WH-180083,325,発展,事件・革命,天理教徒の乱,てんりきょうとのらん,,近代,東アジア,中国（北京など）,1813年,1813,WH-180083-I01,integrated,統合説明,integrated,「天理教徒の乱」について説明せよ。,**1813年**に中国で起きた民衆反乱。**嘉慶帝(かけいてい)**の治世に反乱軍が一時**北京の紫禁城(しきんじょう)**へ乱入したが、失敗した。,1813年|嘉慶帝|北京の紫禁城,,,,"18_中華帝国の繁栄（明・清）(1).md pp.290,299",
第18回_04_中華帝国の完成〜明の滅亡と清の中国支配〜,WH-180084,326,発展,戦争,サルフの戦い,さるふのたたかい,サルホの戦い,近世,東アジア,中国東北地方,1619年,1619,WH-180084-B01,beginner,用語の特定,identify,1619年、ヌルハチが明を破って後金(こうきん)の支配を固めた戦いは？,サルフの戦い,サルフの戦い,サルホの戦い,,,18_中華帝国の繁栄（明・清）(1).md pp.291,
第18回_04_中華帝国の完成〜明の滅亡と清の中国支配〜,WH-180084,326,発展,戦争,サルフの戦い,さるふのたたかい,サルホの戦い,近世,東アジア,中国東北地方,1619年,1619,WH-180084-B02,beginner,時期,time,サルフの戦いが起きたのはいつ？,1619年,1619年,,,,18_中華帝国の繁栄（明・清）(1).md pp.291,
第18回_04_中華帝国の完成〜明の滅亡と清の中国支配〜,WH-180084,326,発展,戦争,サルフの戦い,さるふのたたかい,サルホの戦い,近世,東アジア,中国東北地方,1619年,1619,WH-180084-B03,beginner,中心人物,person,サルフの戦いで勝利した後金(こうきん)の君主は？,ヌルハチ,ヌルハチ,,,,18_中華帝国の繁栄（明・清）(1).md pp.291,
第18回_04_中華帝国の完成〜明の滅亡と清の中国支配〜,WH-180084,326,発展,戦争,サルフの戦い,さるふのたたかい,サルホの戦い,近世,東アジア,中国東北地方,1619年,1619,WH-180084-B04,beginner,国家・勢力・社会集団,actor,サルフの戦いで後金(こうきん)に敗れた中国王朝は？,明,明,,,,18_中華帝国の繁栄（明・清）(1).md pp.291,
第18回_04_中華帝国の完成〜明の滅亡と清の中国支配〜,WH-180084,326,発展,戦争,サルフの戦い,さるふのたたかい,サルホの戦い,近世,東アジア,中国東北地方,1619年,1619,WH-180084-R01,reverse,時期,time,サルフの戦いが戦われたのはいつ？,**1619年**。,1619年,,,,18_中華帝国の繁栄（明・清）(1).md pp.291,
第18回_04_中華帝国の完成〜明の滅亡と清の中国支配〜,WH-180084,326,発展,戦争,サルフの戦い,さるふのたたかい,サルホの戦い,近世,東アジア,中国東北地方,1619年,1619,WH-180084-R02,reverse,複合説明,reverse,サルフの戦いは何が起きた？,**1619年**に中国東北地方で、後金(こうきん)の**ヌルハチ**が**明**を破った戦い。八旗(はっき)によって体制を整えた後金が、東北地方で支配を固める契機となった。,1619年|ヌルハチ|明,,,,18_中華帝国の繁栄（明・清）(1).md pp.291,
第18回_04_中華帝国の完成〜明の滅亡と清の中国支配〜,WH-180084,326,発展,戦争,サルフの戦い,さるふのたたかい,サルホの戦い,近世,東アジア,中国東北地方,1619年,1619,WH-180084-I01,integrated,統合説明,integrated,「サルフの戦い」について説明せよ。,**1619年**に中国東北地方で、後金(こうきん)の**ヌルハチ**が**明**を破った戦い。八旗(はっき)によって体制を整えた後金が、東北地方で支配を固める契機となった。,1619年|ヌルハチ|明,,,,18_中華帝国の繁栄（明・清）(1).md pp.291,
第18回_04_中華帝国の完成〜明の滅亡と清の中国支配〜,WH-180085,225,標準,人物,李自成,りじせい,,近世,東アジア,中国（洛陽・西安・北京）,17世紀前半（1644年に北京占領）,1644,WH-180085-B01,beginner,用語の特定,identify,農民反乱を拡大し、1644年に北京を占領して明を滅亡させた指導者は？,李自成(りじせい),李自成,,,,"18_中華帝国の繁栄（明・清）(1).md pp.282,291",
第18回_04_中華帝国の完成〜明の滅亡と清の中国支配〜,WH-180085,225,標準,人物,李自成,りじせい,,近世,東アジア,中国（洛陽・西安・北京）,17世紀前半（1644年に北京占領）,1644,WH-180085-B02,beginner,時期,time,李自成(りじせい)が北京を占領したのはいつ？,1644年,1644年,,,1644：「疲労して死ぬ　崇禎帝」明の滅亡,"18_中華帝国の繁栄（明・清）(1).md pp.282,291",
第18回_04_中華帝国の完成〜明の滅亡と清の中国支配〜,WH-180085,225,標準,人物,李自成,りじせい,,近世,東アジア,中国（洛陽・西安・北京）,17世紀前半（1644年に北京占領）,1644,WH-180085-B03,beginner,結果,result,李自成(りじせい)の北京占領によって滅亡した王朝は？,明,明,,,,"18_中華帝国の繁栄（明・清）(1).md pp.282,291",
第18回_04_中華帝国の完成〜明の滅亡と清の中国支配〜,WH-180085,225,標準,人物,李自成,りじせい,,近世,東アジア,中国（洛陽・西安・北京）,17世紀前半（1644年に北京占領）,1644,WH-180085-B04,beginner,中心人物,person,李自成(りじせい)の北京侵入時に自殺した皇帝は？,崇禎帝(すうていてい),崇禎帝,,,,"18_中華帝国の繁栄（明・清）(1).md pp.282,291",
第18回_04_中華帝国の完成〜明の滅亡と清の中国支配〜,WH-180085,225,標準,人物,李自成,りじせい,,近世,東アジア,中国（洛陽・西安・北京）,17世紀前半（1644年に北京占領）,1644,WH-180085-R01,reverse,複合説明,reverse,李自成(りじせい)は何をした？,17世紀前半の中国で、重税などを背景とする農民反乱を率いた人物。洛陽・西安を占領して勢力を拡大し、**1644年に北京**へ侵入して、**崇禎帝(すうていてい)**の自殺と**明の滅亡**につながった。,1644年に北京|崇禎帝|明の滅亡,,,1644：「疲労して死ぬ　崇禎帝」明の滅亡,"18_中華帝国の繁栄（明・清）(1).md pp.282,291",
第18回_04_中華帝国の完成〜明の滅亡と清の中国支配〜,WH-180085,225,標準,人物,李自成,りじせい,,近世,東アジア,中国（洛陽・西安・北京）,17世紀前半（1644年に北京占領）,1644,WH-180085-I01,integrated,統合説明,integrated,「李自成(りじせい)」について説明せよ。,17世紀前半の中国で、重税などを背景とする農民反乱を率いた人物。洛陽・西安を占領して勢力を拡大し、**1644年に北京**へ侵入して、**崇禎帝(すうていてい)**の自殺と**明の滅亡**につながった。,1644年に北京|崇禎帝|明の滅亡,,,1644：「疲労して死ぬ　崇禎帝」明の滅亡,"18_中華帝国の繁栄（明・清）(1).md pp.282,291",
第18回_04_中華帝国の完成〜明の滅亡と清の中国支配〜,WH-180086,226,標準,人物,崇禎帝,すうていてい,毅宗,近世,東アジア,中国（北京）,1627〜1644年（在位）,1627,WH-180086-B01,beginner,用語の特定,identify,李自成(りじせい)の反乱軍が北京に侵入した際に自殺し、明の最後の皇帝となった人物は？,崇禎帝(すうていてい),崇禎帝,毅宗,,,"18_中華帝国の繁栄（明・清）(1).md pp.282,291",
第18回_04_中華帝国の完成〜明の滅亡と清の中国支配〜,WH-180086,226,標準,人物,崇禎帝,すうていてい,毅宗,近世,東アジア,中国（北京）,1627〜1644年（在位）,1627,WH-180086-B02,beginner,中心人物,person,崇禎帝(すうていてい)が改革に用いた官僚のうち、西洋技術導入でも知られる人物は？,徐光啓(じょこうけい),徐光啓,,,,"18_中華帝国の繁栄（明・清）(1).md pp.282,291",
第18回_04_中華帝国の完成〜明の滅亡と清の中国支配〜,WH-180086,226,標準,人物,崇禎帝,すうていてい,毅宗,近世,東アジア,中国（北京）,1627〜1644年（在位）,1627,WH-180086-B03,beginner,中心人物,person,崇禎帝(すうていてい)の治世末に北京へ侵入した反乱軍の指導者は？,李自成(りじせい),李自成,,,,"18_中華帝国の繁栄（明・清）(1).md pp.282,291",
第18回_04_中華帝国の完成〜明の滅亡と清の中国支配〜,WH-180086,226,標準,人物,崇禎帝,すうていてい,毅宗,近世,東アジア,中国（北京）,1627〜1644年（在位）,1627,WH-180086-B04,beginner,時期,time,崇禎帝(すうていてい)が自殺し明が滅亡したのはいつ？,1644年,1644年,,,1644：「疲労して死ぬ　崇禎帝」明の滅亡,"18_中華帝国の繁栄（明・清）(1).md pp.282,291",
第18回_04_中華帝国の完成〜明の滅亡と清の中国支配〜,WH-180086,226,標準,人物,崇禎帝,すうていてい,毅宗,近世,東アジア,中国（北京）,1627〜1644年（在位）,1627,WH-180086-R01,reverse,複合説明,reverse,崇禎帝(すうていてい)は何をした？,17世紀前半の中国で、**徐光啓(じょこうけい)**らを用いて改革を図った明最後の皇帝。**1644年**に**李自成(りじせい)**の反乱軍が北京へ侵入すると自殺し、明は滅亡した。,徐光啓|1644年|李自成,,,1644：「疲労して死ぬ　崇禎帝」明の滅亡,"18_中華帝国の繁栄（明・清）(1).md pp.282,291",
第18回_04_中華帝国の完成〜明の滅亡と清の中国支配〜,WH-180086,226,標準,人物,崇禎帝,すうていてい,毅宗,近世,東アジア,中国（北京）,1627〜1644年（在位）,1627,WH-180086-I01,integrated,統合説明,integrated,「崇禎帝(すうていてい)」について説明せよ。,17世紀前半の中国で、**徐光啓(じょこうけい)**らを用いて改革を図った明最後の皇帝。**1644年**に**李自成(りじせい)**の反乱軍が北京へ侵入すると自殺し、明は滅亡した。,徐光啓|1644年|李自成,,,1644：「疲労して死ぬ　崇禎帝」明の滅亡,"18_中華帝国の繁栄（明・清）(1).md pp.282,291",
第18回_04_中華帝国の完成〜明の滅亡と清の中国支配〜,WH-180087,227,標準,人物,徐光啓,じょこうけい,,近世,東アジア,中国,16世紀後半〜17世紀前半（明末）,1600,WH-180087-B01,beginner,用語の特定,identify,マテオ＝リッチやアダム＝シャールと親交を持ち、西洋学術の導入に協力した明末の官僚は？,徐光啓(じょこうけい),徐光啓,,,,"18_中華帝国の繁栄（明・清）(1).md pp.291,296",
第18回_04_中華帝国の完成〜明の滅亡と清の中国支配〜,WH-180087,227,標準,人物,徐光啓,じょこうけい,,近世,東アジア,中国,16世紀後半〜17世紀前半（明末）,1600,WH-180087-B02,beginner,中心人物,person,徐光啓(じょこうけい)が幾何学の漢訳で協力したイタリア人宣教師は？,マテオ＝リッチ,マテオ＝リッチ,,,,"18_中華帝国の繁栄（明・清）(1).md pp.291,296",
第18回_04_中華帝国の完成〜明の滅亡と清の中国支配〜,WH-180087,227,標準,人物,徐光啓,じょこうけい,,近世,東アジア,中国,16世紀後半〜17世紀前半（明末）,1600,WH-180087-B03,beginner,内容,content,徐光啓(じょこうけい)らがつくったユークリッド幾何学の漢訳は？,幾何原本,幾何原本,,,,"18_中華帝国の繁栄（明・清）(1).md pp.291,296",
第18回_04_中華帝国の完成〜明の滅亡と清の中国支配〜,WH-180087,227,標準,人物,徐光啓,じょこうけい,,近世,東アジア,中国,16世紀後半〜17世紀前半（明末）,1600,WH-180087-B04,beginner,中心人物,person,明末に徐光啓(じょこうけい)を改革に用いた皇帝は？,崇禎帝(すうていてい),崇禎帝,,,,"18_中華帝国の繁栄（明・清）(1).md pp.291,296",
第18回_04_中華帝国の完成〜明の滅亡と清の中国支配〜,WH-180087,227,標準,人物,徐光啓,じょこうけい,,近世,東アジア,中国,16世紀後半〜17世紀前半（明末）,1600,WH-180087-R01,reverse,複合説明,reverse,徐光啓(じょこうけい)は何をした？,16世紀後半〜17世紀前半の中国で活動した明の官僚。**マテオ＝リッチ**や**アダム＝シャール**と親交を持ち、**幾何原本**など西洋学術の導入に協力した。明末には**崇禎帝(すうていてい)**が改革に用いた官僚の一人だった。,マテオ＝リッチ|アダム＝シャール|幾何原本|崇禎帝,,,,"18_中華帝国の繁栄（明・清）(1).md pp.291,296",
第18回_04_中華帝国の完成〜明の滅亡と清の中国支配〜,WH-180087,227,標準,人物,徐光啓,じょこうけい,,近世,東アジア,中国,16世紀後半〜17世紀前半（明末）,1600,WH-180087-I01,integrated,統合説明,integrated,「徐光啓(じょこうけい)」について説明せよ。,16世紀後半〜17世紀前半の中国で活動した明の官僚。**マテオ＝リッチ**や**アダム＝シャール**と親交を持ち、**幾何原本**など西洋学術の導入に協力した。明末には**崇禎帝(すうていてい)**が改革に用いた官僚の一人だった。,マテオ＝リッチ|アダム＝シャール|幾何原本|崇禎帝,,,,"18_中華帝国の繁栄（明・清）(1).md pp.291,296",
第18回_04_中華帝国の完成〜明の滅亡と清の中国支配〜,WH-180088,327,発展,地域・都市,山海関,さんかいかん,,近世,東アジア,中国本土と東北地方の境界,17世紀半ば,1644,WH-180088-B01,beginner,用語の特定,identify,明と清の境で呉三桂(ごさんけい)が精鋭軍を率いて守っていた関門は？,山海関(さんかいかん),山海関,,,,18_中華帝国の繁栄（明・清）(1).md pp.291,
第18回_04_中華帝国の完成〜明の滅亡と清の中国支配〜,WH-180088,327,発展,地域・都市,山海関,さんかいかん,,近世,東アジア,中国本土と東北地方の境界,17世紀半ば,1644,WH-180088-B02,beginner,中心人物,person,明末に山海関(さんかいかん)を守っていた武将は？,呉三桂(ごさんけい),呉三桂,,,,18_中華帝国の繁栄（明・清）(1).md pp.291,
第18回_04_中華帝国の完成〜明の滅亡と清の中国支配〜,WH-180088,327,発展,地域・都市,山海関,さんかいかん,,近世,東アジア,中国本土と東北地方の境界,17世紀半ば,1644,WH-180088-B03,beginner,国家・勢力・社会集団,actor,山海関(さんかいかん)を守る呉三桂(ごさんけい)が明滅亡後に投降した王朝は？,清,清,,,,18_中華帝国の繁栄（明・清）(1).md pp.291,
第18回_04_中華帝国の完成〜明の滅亡と清の中国支配〜,WH-180088,327,発展,地域・都市,山海関,さんかいかん,,近世,東アジア,中国本土と東北地方の境界,17世紀半ば,1644,WH-180088-R01,reverse,複合説明,reverse,山海関(さんかいかん)はどこにあり、どんな役割を持った？,17世紀半ばの中国で、**明と清の国境**にあった関門。明の武将**呉三桂(ごさんけい)**が守っていたが、明滅亡後に清へ投降し、清軍の北京入城に協力した。,明と清の国境|呉三桂,,,,18_中華帝国の繁栄（明・清）(1).md pp.291,
第18回_04_中華帝国の完成〜明の滅亡と清の中国支配〜,WH-180088,327,発展,地域・都市,山海関,さんかいかん,,近世,東アジア,中国本土と東北地方の境界,17世紀半ば,1644,WH-180088-I01,integrated,統合説明,integrated,「山海関(さんかいかん)」について説明せよ。,17世紀半ばの中国で、**明と清の国境**にあった関門。明の武将**呉三桂(ごさんけい)**が守っていたが、明滅亡後に清へ投降し、清軍の北京入城に協力した。,明と清の国境|呉三桂,,,,18_中華帝国の繁栄（明・清）(1).md pp.291,
第18回_04_中華帝国の完成〜明の滅亡と清の中国支配〜,WH-180089,228,標準,制度・政策・法律,海関,かいかん,,近世,東アジア,中国の港市,1684年以降,1684,WH-180089-B01,beginner,用語の特定,identify,鄭氏台湾(ていしたいわん)平定後の海禁(かいきん)解除に伴い、清が港市に設けた税関は？,海関,海関,,,,"18_中華帝国の繁栄（明・清）(1).md pp.292,297",
第18回_04_中華帝国の完成〜明の滅亡と清の中国支配〜,WH-180089,228,標準,制度・政策・法律,海関,かいかん,,近世,東アジア,中国の港市,1684年以降,1684,WH-180089-B02,beginner,時期,time,海関の設置と結びつく清の海禁(かいきん)解除はいつ？,1684年,1684年,,,,"18_中華帝国の繁栄（明・清）(1).md pp.292,297",
第18回_04_中華帝国の完成〜明の滅亡と清の中国支配〜,WH-180089,228,標準,制度・政策・法律,海関,かいかん,,近世,東アジア,中国の港市,1684年以降,1684,WH-180089-B03,beginner,内容,content,海関はどのような施設を意味する？,税関,税関,,,,"18_中華帝国の繁栄（明・清）(1).md pp.292,297",
第18回_04_中華帝国の完成〜明の滅亡と清の中国支配〜,WH-180089,228,標準,制度・政策・法律,海関,かいかん,,近世,東アジア,中国の港市,1684年以降,1684,WH-180089-B04,beginner,関連,relation,清が海関を置いて管理した民間貿易は？,互市貿易,互市貿易,,,,"18_中華帝国の繁栄（明・清）(1).md pp.292,297",
第18回_04_中華帝国の完成〜明の滅亡と清の中国支配〜,WH-180089,228,標準,制度・政策・法律,海関,かいかん,,近世,東アジア,中国の港市,1684年以降,1684,WH-180089-R01,reverse,複合説明,reverse,海関はどんな制度・政策？,**1684年**に清が海禁(かいきん)を解除した後、中国の港市に設けた**税関**。鄭氏台湾(ていしたいわん)の平定を経て民間貿易が認められ、活発化する**互市貿易**を管理する仕組みとなった。,1684年|税関|互市貿易,,,,"18_中華帝国の繁栄（明・清）(1).md pp.292,297",
第18回_04_中華帝国の完成〜明の滅亡と清の中国支配〜,WH-180089,228,標準,制度・政策・法律,海関,かいかん,,近世,東アジア,中国の港市,1684年以降,1684,WH-180089-I01,integrated,統合説明,integrated,「海関」について説明せよ。,**1684年**に清が海禁(かいきん)を解除した後、中国の港市に設けた**税関**。鄭氏台湾(ていしたいわん)の平定を経て民間貿易が認められ、活発化する**互市貿易**を管理する仕組みとなった。,1684年|税関|互市貿易,,,,"18_中華帝国の繁栄（明・清）(1).md pp.292,297",
第18回_04_中華帝国の完成〜明の滅亡と清の中国支配〜,WH-180090,229,標準,制度・政策・法律,遷界令,せんかいれい,,近世,東アジア,中国の福建などの沿岸地域,17世紀後半,1661,WH-180090-B01,beginner,用語の特定,identify,鄭成功(ていせいこう)らの海上勢力を孤立させるため、清が沿岸住民を内陸へ移住させた命令は？,遷界令(せんかいれい),遷界令,,,,18_中華帝国の繁栄（明・清）(1).md pp.292;19_東南アジア世界(1).md p.310,
第18回_04_中華帝国の完成〜明の滅亡と清の中国支配〜,WH-180090,229,標準,制度・政策・法律,遷界令,せんかいれい,,近世,東アジア,中国の福建などの沿岸地域,17世紀後半,1661,WH-180090-B02,beginner,国家・勢力・社会集団,actor,遷界令(せんかいれい)を発した中国王朝は？,清,清,,,,18_中華帝国の繁栄（明・清）(1).md pp.292;19_東南アジア世界(1).md p.310,
第18回_04_中華帝国の完成〜明の滅亡と清の中国支配〜,WH-180090,229,標準,制度・政策・法律,遷界令,せんかいれい,,近世,東アジア,中国の福建などの沿岸地域,17世紀後半,1661,WH-180090-B03,beginner,中心人物,person,遷界令(せんかいれい)が孤立させようとした海上勢力の指導者は？,鄭成功(ていせいこう),鄭成功,,,,18_中華帝国の繁栄（明・清）(1).md pp.292;19_東南アジア世界(1).md p.310,
第18回_04_中華帝国の完成〜明の滅亡と清の中国支配〜,WH-180090,229,標準,制度・政策・法律,遷界令,せんかいれい,,近世,東アジア,中国の福建などの沿岸地域,17世紀後半,1661,WH-180090-B04,beginner,地域,place,遷界令(せんかいれい)で沿岸住民の移住先とされたのは？,内陸,内陸,,,,18_中華帝国の繁栄（明・清）(1).md pp.292;19_東南アジア世界(1).md p.310,
第18回_04_中華帝国の完成〜明の滅亡と清の中国支配〜,WH-180090,229,標準,制度・政策・法律,遷界令,せんかいれい,,近世,東アジア,中国の福建などの沿岸地域,17世紀後半,1661,WH-180090-R01,reverse,複合説明,reverse,遷界令(せんかいれい)はどんな制度・政策？,17世紀後半の中国で、清が福建などの**沿岸住民を内陸へ移住**させた命令。**鄭成功(ていせいこう)**らの海上勢力を孤立させることを狙い、中国沿岸からベトナム南部へ移住する華人が増える背景にもなった。,沿岸住民を内陸へ移住|鄭成功,,,,18_中華帝国の繁栄（明・清）(1).md pp.292;19_東南アジア世界(1).md p.310,
第18回_04_中華帝国の完成〜明の滅亡と清の中国支配〜,WH-180090,229,標準,制度・政策・法律,遷界令,せんかいれい,,近世,東アジア,中国の福建などの沿岸地域,17世紀後半,1661,WH-180090-I01,integrated,統合説明,integrated,「遷界令(せんかいれい)」について説明せよ。,17世紀後半の中国で、清が福建などの**沿岸住民を内陸へ移住**させた命令。**鄭成功(ていせいこう)**らの海上勢力を孤立させることを狙い、中国沿岸からベトナム南部へ移住する華人が増える背景にもなった。,沿岸住民を内陸へ移住|鄭成功,,,,18_中華帝国の繁栄（明・清）(1).md pp.292;19_東南アジア世界(1).md p.310,
第18回_04_中華帝国の完成〜明の滅亡と清の中国支配〜,WH-180091,230,標準,宗教・宗派,イエズス会,いえずすかい,,近世,東アジア,ヨーロッパと中国,16世紀後半〜18世紀前半,1580,WH-180091-B01,beginner,用語の特定,identify,明末から中国に宣教師を送り、西洋技術を紹介しながら孔子や祖先の祭祀を認めて布教した修道会は？,イエズス会,イエズス会,,,,18_中華帝国の繁栄（明・清）(1).md pp.296,
第18回_04_中華帝国の完成〜明の滅亡と清の中国支配〜,WH-180091,230,標準,宗教・宗派,イエズス会,いえずすかい,,近世,東アジア,ヨーロッパと中国,16世紀後半〜18世紀前半,1580,WH-180091-B02,beginner,中心人物,person,イエズス会の宣教師で坤輿万国全図(こんよばんこくぜんず)を作成した人物は？,マテオ＝リッチ,マテオ＝リッチ,,,,18_中華帝国の繁栄（明・清）(1).md pp.296,
第18回_04_中華帝国の完成〜明の滅亡と清の中国支配〜,WH-180091,230,標準,宗教・宗派,イエズス会,いえずすかい,,近世,東アジア,ヨーロッパと中国,16世紀後半〜18世紀前半,1580,WH-180091-B03,beginner,内容,content,中国でイエズス会が認めた伝統的な儀礼は？,典礼,典礼,,,,18_中華帝国の繁栄（明・清）(1).md pp.296,
第18回_04_中華帝国の完成〜明の滅亡と清の中国支配〜,WH-180091,230,標準,宗教・宗派,イエズス会,いえずすかい,,近世,東アジア,ヨーロッパと中国,16世紀後半〜18世紀前半,1580,WH-180091-B04,beginner,関連,relation,イエズス会の中国での布教方法をめぐる対立は？,典礼問題,典礼問題,,,,18_中華帝国の繁栄（明・清）(1).md pp.296,
第18回_04_中華帝国の完成〜明の滅亡と清の中国支配〜,WH-180091,230,標準,宗教・宗派,イエズス会,いえずすかい,,近世,東アジア,ヨーロッパと中国,16世紀後半〜18世紀前半,1580,WH-180091-R01,reverse,複合説明,reverse,イエズス会はどんな活動や考え？,16世紀後半〜18世紀前半に中国で活動したカトリックの修道会。**マテオ＝リッチ**らが西洋技術を紹介し、中国の**典礼**を認めて布教したが、この布教方法は**典礼問題**を引き起こした。,マテオ＝リッチ|典礼|典礼問題,,,,18_中華帝国の繁栄（明・清）(1).md pp.296,
第18回_04_中華帝国の完成〜明の滅亡と清の中国支配〜,WH-180091,230,標準,宗教・宗派,イエズス会,いえずすかい,,近世,東アジア,ヨーロッパと中国,16世紀後半〜18世紀前半,1580,WH-180091-I01,integrated,統合説明,integrated,「イエズス会」について説明せよ。,16世紀後半〜18世紀前半に中国で活動したカトリックの修道会。**マテオ＝リッチ**らが西洋技術を紹介し、中国の**典礼**を認めて布教したが、この布教方法は**典礼問題**を引き起こした。,マテオ＝リッチ|典礼|典礼問題,,,,18_中華帝国の繁栄（明・清）(1).md pp.296,
第18回_04_中華帝国の完成〜明の滅亡と清の中国支配〜,WH-180092,328,発展,制度・政策・法律,懐柔策,かいじゅうさく,,近世,東アジア,中国,17〜18世紀の清,1661,WH-180092-B01,beginner,用語の特定,identify,清が満漢併用制(まんかんへいようせい)や中国文化の保護を通じて漢民族の協力を得ようとした統治方針は？,懐柔策(かいじゅうさく),懐柔策,,,,18_中華帝国の繁栄（明・清）(1).md pp.294–295,
第18回_04_中華帝国の完成〜明の滅亡と清の中国支配〜,WH-180092,328,発展,制度・政策・法律,懐柔策,かいじゅうさく,,近世,東アジア,中国,17〜18世紀の清,1661,WH-180092-B02,beginner,内容,content,清の懐柔策(かいじゅうさく)で、満洲人と漢民族を重要官職に同数登用した制度は？,満漢併用制(まんかんへいようせい),満漢併用制,,,,18_中華帝国の繁栄（明・清）(1).md pp.294–295,
第18回_04_中華帝国の完成〜明の滅亡と清の中国支配〜,WH-180092,328,発展,制度・政策・法律,懐柔策,かいじゅうさく,,近世,東アジア,中国,17〜18世紀の清,1661,WH-180092-B03,beginner,内容,content,清の懐柔策(かいじゅうさく)で官学として維持された儒学は？,朱子学(しゅしがく),朱子学,,,,18_中華帝国の繁栄（明・清）(1).md pp.294–295,
第18回_04_中華帝国の完成〜明の滅亡と清の中国支配〜,WH-180092,328,発展,制度・政策・法律,懐柔策,かいじゅうさく,,近世,東アジア,中国,17〜18世紀の清,1661,WH-180092-B04,beginner,関連,relation,清が懐柔策(かいじゅうさく)と併用した、辮髪(べんぱつ)の強制や思想弾圧を行う方針は？,威圧策,威圧策,,,,18_中華帝国の繁栄（明・清）(1).md pp.294–295,
第18回_04_中華帝国の完成〜明の滅亡と清の中国支配〜,WH-180092,328,発展,制度・政策・法律,懐柔策,かいじゅうさく,,近世,東アジア,中国,17〜18世紀の清,1661,WH-180092-R01,reverse,複合説明,reverse,懐柔策(かいじゅうさく)はどんな制度・政策？,17〜18世紀の中国で、清が**漢民族や中国文化を重視**して支配を安定させようとした方針。**満漢併用制(まんかんへいようせい)**、朱子学(しゅしがく)の官学化、科挙(かきょ)の実施、**康熙字典(こうきじてん)や四庫全書(しこぜんしょ)**などの編纂を行い、威圧策と併用した。,漢民族や中国文化を重視|満漢併用制|康熙字典や四庫全書,,,,18_中華帝国の繁栄（明・清）(1).md pp.294–295,
第18回_04_中華帝国の完成〜明の滅亡と清の中国支配〜,WH-180092,328,発展,制度・政策・法律,懐柔策,かいじゅうさく,,近世,東アジア,中国,17〜18世紀の清,1661,WH-180092-I01,integrated,統合説明,integrated,「懐柔策(かいじゅうさく)」について説明せよ。,17〜18世紀の中国で、清が**漢民族や中国文化を重視**して支配を安定させようとした方針。**満漢併用制(まんかんへいようせい)**、朱子学(しゅしがく)の官学化、科挙(かきょ)の実施、**康熙字典(こうきじてん)や四庫全書(しこぜんしょ)**などの編纂を行い、威圧策と併用した。,漢民族や中国文化を重視|満漢併用制|康熙字典や四庫全書,,,,18_中華帝国の繁栄（明・清）(1).md pp.294–295,
第18回_04_中華帝国の完成〜明の滅亡と清の中国支配〜,WH-180093,329,発展,制度・政策・法律,威圧策,いあつさく,,近世,東アジア,中国,17〜18世紀の清,1644,WH-180093-B01,beginner,用語の特定,identify,清が辮髪(べんぱつ)の強制や文字の獄・禁書によって漢民族の服従を求めた統治方針は？,威圧策,威圧策,,,,18_中華帝国の繁栄（明・清）(1).md pp.294–295,
第18回_04_中華帝国の完成〜明の滅亡と清の中国支配〜,WH-180093,329,発展,制度・政策・法律,威圧策,いあつさく,,近世,東アジア,中国,17〜18世紀の清,1644,WH-180093-B02,beginner,内容,content,清の威圧策として漢民族の男子に強制された髪形は？,辮髪(べんぱつ),辮髪,,,,18_中華帝国の繁栄（明・清）(1).md pp.294–295,
第18回_04_中華帝国の完成〜明の滅亡と清の中国支配〜,WH-180093,329,発展,制度・政策・法律,威圧策,いあつさく,,近世,東アジア,中国,17〜18世紀の清,1644,WH-180093-B03,beginner,内容,content,清の威圧策として反抗的な思想・著述を弾圧したことは？,文字の獄,文字の獄,,,,18_中華帝国の繁栄（明・清）(1).md pp.294–295,
第18回_04_中華帝国の完成〜明の滅亡と清の中国支配〜,WH-180093,329,発展,制度・政策・法律,威圧策,いあつさく,,近世,東アジア,中国,17〜18世紀の清,1644,WH-180093-B04,beginner,関連,relation,清が威圧策と並行させた、漢民族や中国文化を重視する方針は？,懐柔策(かいじゅうさく),懐柔策,,,,18_中華帝国の繁栄（明・清）(1).md pp.294–295,
第18回_04_中華帝国の完成〜明の滅亡と清の中国支配〜,WH-180093,329,発展,制度・政策・法律,威圧策,いあつさく,,近世,東アジア,中国,17〜18世紀の清,1644,WH-180093-R01,reverse,複合説明,reverse,威圧策はどんな制度・政策？,17〜18世紀の中国で、清が**辮髪(べんぱつ)の強制**や**文字の獄・禁書**などにより漢民族の服従を求めた方針。中国文化や官僚を重視する**懐柔策(かいじゅうさく)**と組み合わせて統治した。,辮髪の強制|文字の獄・禁書|懐柔策,,,,18_中華帝国の繁栄（明・清）(1).md pp.294–295,
第18回_04_中華帝国の完成〜明の滅亡と清の中国支配〜,WH-180093,329,発展,制度・政策・法律,威圧策,いあつさく,,近世,東アジア,中国,17〜18世紀の清,1644,WH-180093-I01,integrated,統合説明,integrated,「威圧策」について説明せよ。,17〜18世紀の中国で、清が**辮髪(べんぱつ)の強制**や**文字の獄・禁書**などにより漢民族の服従を求めた方針。中国文化や官僚を重視する**懐柔策(かいじゅうさく)**と組み合わせて統治した。,辮髪の強制|文字の獄・禁書|懐柔策,,,,18_中華帝国の繁栄（明・清）(1).md pp.294–295,
第18回_04_中華帝国の完成〜明の滅亡と清の中国支配〜,WH-180094,231,標準,制度・政策・法律,満漢併用制,まんかんへいようせい,,近世,東アジア,中国,17世紀後半以降の清,1661,WH-180094-B01,beginner,用語の特定,identify,清が重要官職に満洲人と漢民族の官僚を同数登用した制度は？,満漢併用制(まんかんへいようせい),満漢併用制,,,,18_中華帝国の繁栄（明・清）(1).md pp.294,
第18回_04_中華帝国の完成〜明の滅亡と清の中国支配〜,WH-180094,231,標準,制度・政策・法律,満漢併用制,まんかんへいようせい,,近世,東アジア,中国,17世紀後半以降の清,1661,WH-180094-B02,beginner,中心人物,person,資料で満漢併用制(まんかんへいようせい)を進めた皇帝として挙げられるのは？,康熙帝(こうきてい),康熙帝,,,,18_中華帝国の繁栄（明・清）(1).md pp.294,
第18回_04_中華帝国の完成〜明の滅亡と清の中国支配〜,WH-180094,231,標準,制度・政策・法律,満漢併用制,まんかんへいようせい,,近世,東アジア,中国,17世紀後半以降の清,1661,WH-180094-B03,beginner,内容,content,満漢併用制(まんかんへいようせい)における満洲人と漢民族の重要官職への登用人数の関係は？,同数,同数,,,,18_中華帝国の繁栄（明・清）(1).md pp.294,
第18回_04_中華帝国の完成〜明の滅亡と清の中国支配〜,WH-180094,231,標準,制度・政策・法律,満漢併用制,まんかんへいようせい,,近世,東アジア,中国,17世紀後半以降の清,1661,WH-180094-B04,beginner,関連,relation,満漢併用制(まんかんへいようせい)は清のどの統治方針に位置づけられる？,懐柔策(かいじゅうさく),懐柔策,,,,18_中華帝国の繁栄（明・清）(1).md pp.294,
第18回_04_中華帝国の完成〜明の滅亡と清の中国支配〜,WH-180094,231,標準,制度・政策・法律,満漢併用制,まんかんへいようせい,,近世,東アジア,中国,17世紀後半以降の清,1661,WH-180094-R01,reverse,複合説明,reverse,満漢併用制(まんかんへいようせい)はどんな制度・政策？,17世紀後半以降の中国で、清の**康熙帝(こうきてい)**が進めた漢民族の官僚を登用する制度。重要な官職に**満洲人と漢民族を同数**配置し、朱子学(しゅしがく)の官学化や科挙(かきょ)の継続とともに**懐柔策(かいじゅうさく)**の一環となった。,康熙帝|満洲人と漢民族を同数|懐柔策,,,,18_中華帝国の繁栄（明・清）(1).md pp.294,
第18回_04_中華帝国の完成〜明の滅亡と清の中国支配〜,WH-180094,231,標準,制度・政策・法律,満漢併用制,まんかんへいようせい,,近世,東アジア,中国,17世紀後半以降の清,1661,WH-180094-I01,integrated,統合説明,integrated,「満漢併用制(まんかんへいようせい)」について説明せよ。,17世紀後半以降の中国で、清の**康熙帝(こうきてい)**が進めた漢民族の官僚を登用する制度。重要な官職に**満洲人と漢民族を同数**配置し、朱子学(しゅしがく)の官学化や科挙(かきょ)の継続とともに**懐柔策(かいじゅうさく)**の一環となった。,康熙帝|満洲人と漢民族を同数|懐柔策,,,,18_中華帝国の繁栄（明・清）(1).md pp.294,
第18回_04_中華帝国の完成〜明の滅亡と清の中国支配〜,WH-180095,330,発展,文書・作品,康熙字典,こうきじてん,,近世,東アジア,中国,17世紀後半〜18世紀初め（康熙帝期）,1716,WH-180095-B01,beginner,用語の特定,identify,清の康熙帝(こうきてい)による中国文化保護の事業で編纂された字典は？,康熙字典(こうきじてん),康熙字典,,,,18_中華帝国の繁栄（明・清）(1).md pp.294,
第18回_04_中華帝国の完成〜明の滅亡と清の中国支配〜,WH-180095,330,発展,文書・作品,康熙字典,こうきじてん,,近世,東アジア,中国,17世紀後半〜18世紀初め（康熙帝期）,1716,WH-180095-B02,beginner,国家・勢力・社会集団,actor,康熙字典(こうきじてん)が編纂された中国王朝は？,清,清,,,,18_中華帝国の繁栄（明・清）(1).md pp.294,
第18回_04_中華帝国の完成〜明の滅亡と清の中国支配〜,WH-180095,330,発展,文書・作品,康熙字典,こうきじてん,,近世,東アジア,中国,17世紀後半〜18世紀初め（康熙帝期）,1716,WH-180095-B03,beginner,関連,relation,康熙字典(こうきじてん)の編纂は、清のどの統治方針に位置づけられる？,懐柔策(かいじゅうさく),懐柔策,,,,18_中華帝国の繁栄（明・清）(1).md pp.294,
第18回_04_中華帝国の完成〜明の滅亡と清の中国支配〜,WH-180095,330,発展,文書・作品,康熙字典,こうきじてん,,近世,東アジア,中国,17世紀後半〜18世紀初め（康熙帝期）,1716,WH-180095-R01,reverse,複合説明,reverse,康熙字典(こうきじてん)は何をまとめたもの？,17世紀後半〜18世紀初めの中国で、**康熙帝(こうきてい)**の文化保護事業として編纂された字典。**漢民族や中国文化を重視する懐柔策(かいじゅうさく)**の一つであり、清が中国文化の保護者であることを示した。,康熙帝|漢民族や中国文化を重視する懐柔策,,,,18_中華帝国の繁栄（明・清）(1).md pp.294,
第18回_04_中華帝国の完成〜明の滅亡と清の中国支配〜,WH-180095,330,発展,文書・作品,康熙字典,こうきじてん,,近世,東アジア,中国,17世紀後半〜18世紀初め（康熙帝期）,1716,WH-180095-I01,integrated,統合説明,integrated,「康熙字典(こうきじてん)」について説明せよ。,17世紀後半〜18世紀初めの中国で、**康熙帝(こうきてい)**の文化保護事業として編纂された字典。**漢民族や中国文化を重視する懐柔策(かいじゅうさく)**の一つであり、清が中国文化の保護者であることを示した。,康熙帝|漢民族や中国文化を重視する懐柔策,,,,18_中華帝国の繁栄（明・清）(1).md pp.294,
第18回_04_中華帝国の完成〜明の滅亡と清の中国支配〜,WH-180096,331,発展,文書・作品,古今図書集成,ここんとしょしゅうせい,,近世,東アジア,中国,17世紀後半〜18世紀前半（康熙帝〜雍正帝期）,1725,WH-180096-B01,beginner,用語の特定,identify,康熙帝(こうきてい)から雍正帝(ようせいてい)にかけて編纂された、中国の大百科事典は？,古今図書集成(ここんとしょしゅうせい),古今図書集成,,,,18_中華帝国の繁栄（明・清）(1).md pp.294,
第18回_04_中華帝国の完成〜明の滅亡と清の中国支配〜,WH-180096,331,発展,文書・作品,古今図書集成,ここんとしょしゅうせい,,近世,東アジア,中国,17世紀後半〜18世紀前半（康熙帝〜雍正帝期）,1725,WH-180096-B02,beginner,中心人物,person,古今図書集成(ここんとしょしゅうせい)の編纂が進められたのは、どの二人の清の皇帝にかけての時代？,康熙帝(こうきてい)と雍正帝(ようせいてい),康熙帝と雍正帝,,,,18_中華帝国の繁栄（明・清）(1).md pp.294,
第18回_04_中華帝国の完成〜明の滅亡と清の中国支配〜,WH-180096,331,発展,文書・作品,古今図書集成,ここんとしょしゅうせい,,近世,東アジア,中国,17世紀後半〜18世紀前半（康熙帝〜雍正帝期）,1725,WH-180096-B03,beginner,内容,content,古今図書集成(ここんとしょしゅうせい)の書物としての種類は？,百科事典,百科事典,,,,18_中華帝国の繁栄（明・清）(1).md pp.294,
第18回_04_中華帝国の完成〜明の滅亡と清の中国支配〜,WH-180096,331,発展,文書・作品,古今図書集成,ここんとしょしゅうせい,,近世,東アジア,中国,17世紀後半〜18世紀前半（康熙帝〜雍正帝期）,1725,WH-180096-R01,reverse,複合説明,reverse,古今図書集成(ここんとしょしゅうせい)は何をまとめたもの？,17世紀後半〜18世紀前半の中国で、**康熙帝(こうきてい)から雍正帝(ようせいてい)**にかけて編纂された大百科事典。清が中国文化を保護し、漢民族を懐柔する大規模な編纂事業の一つだった。,康熙帝から雍正帝,,,,18_中華帝国の繁栄（明・清）(1).md pp.294,
第18回_04_中華帝国の完成〜明の滅亡と清の中国支配〜,WH-180096,331,発展,文書・作品,古今図書集成,ここんとしょしゅうせい,,近世,東アジア,中国,17世紀後半〜18世紀前半（康熙帝〜雍正帝期）,1725,WH-180096-I01,integrated,統合説明,integrated,「古今図書集成(ここんとしょしゅうせい)」について説明せよ。,17世紀後半〜18世紀前半の中国で、**康熙帝(こうきてい)から雍正帝(ようせいてい)**にかけて編纂された大百科事典。清が中国文化を保護し、漢民族を懐柔する大規模な編纂事業の一つだった。,康熙帝から雍正帝,,,,18_中華帝国の繁栄（明・清）(1).md pp.294,
第18回_04_中華帝国の完成〜明の滅亡と清の中国支配〜,WH-180097,232,標準,文書・作品,四庫全書,しこぜんしょ,,近世,東アジア,中国,18世紀（乾隆帝期）,1770,WH-180097-B01,beginner,用語の特定,identify,乾隆帝(けんりゅうてい)が中国の書物を広く集めさせた大規模な編纂事業の成果は？,四庫全書(しこぜんしょ),四庫全書,,,,18_中華帝国の繁栄（明・清）(1).md pp.294,
第18回_04_中華帝国の完成〜明の滅亡と清の中国支配〜,WH-180097,232,標準,文書・作品,四庫全書,しこぜんしょ,,近世,東アジア,中国,18世紀（乾隆帝期）,1770,WH-180097-B02,beginner,中心人物,person,四庫全書(しこぜんしょ)を編纂させた清の皇帝は？,乾隆帝(けんりゅうてい),乾隆帝,,,,18_中華帝国の繁栄（明・清）(1).md pp.294,
第18回_04_中華帝国の完成〜明の滅亡と清の中国支配〜,WH-180097,232,標準,文書・作品,四庫全書,しこぜんしょ,,近世,東アジア,中国,18世紀（乾隆帝期）,1770,WH-180097-B03,beginner,関連,relation,四庫全書(しこぜんしょ)の編纂は、清のどの統治方針に位置づけられる？,懐柔策(かいじゅうさく),懐柔策,,,,18_中華帝国の繁栄（明・清）(1).md pp.294,
第18回_04_中華帝国の完成〜明の滅亡と清の中国支配〜,WH-180097,232,標準,文書・作品,四庫全書,しこぜんしょ,,近世,東アジア,中国,18世紀（乾隆帝期）,1770,WH-180097-R01,reverse,複合説明,reverse,四庫全書(しこぜんしょ)は何をまとめたもの？,18世紀の中国で、**乾隆帝(けんりゅうてい)**が中国の書物を広く集めて編纂させたもの。清による**中国文化の保護**を示す事業で、漢民族を重視する懐柔策(かいじゅうさく)の一環だった。,乾隆帝|中国文化の保護,,,,18_中華帝国の繁栄（明・清）(1).md pp.294,
第18回_04_中華帝国の完成〜明の滅亡と清の中国支配〜,WH-180097,232,標準,文書・作品,四庫全書,しこぜんしょ,,近世,東アジア,中国,18世紀（乾隆帝期）,1770,WH-180097-I01,integrated,統合説明,integrated,「四庫全書(しこぜんしょ)」について説明せよ。,18世紀の中国で、**乾隆帝(けんりゅうてい)**が中国の書物を広く集めて編纂させたもの。清による**中国文化の保護**を示す事業で、漢民族を重視する懐柔策(かいじゅうさく)の一環だった。,乾隆帝|中国文化の保護,,,,18_中華帝国の繁栄（明・清）(1).md pp.294,
第18回_04_中華帝国の完成〜明の滅亡と清の中国支配〜,WH-180098,332,発展,文書・作品,明史,みんし,,近世,東アジア,中国,17世紀後半〜18世紀前半（康熙帝〜乾隆帝期）,1739,WH-180098-B01,beginner,用語の特定,identify,康熙帝(こうきてい)から乾隆帝(けんりゅうてい)にかけて、伝統的な形式で編纂された明王朝の正史は？,明史(みんし),明史,,,,18_中華帝国の繁栄（明・清）(1).md pp.294,
第18回_04_中華帝国の完成〜明の滅亡と清の中国支配〜,WH-180098,332,発展,文書・作品,明史,みんし,,近世,東アジア,中国,17世紀後半〜18世紀前半（康熙帝〜乾隆帝期）,1739,WH-180098-B02,beginner,国家・勢力・社会集団,actor,明史(みんし)を編纂した中国王朝は？,清,清,,,,18_中華帝国の繁栄（明・清）(1).md pp.294,
第18回_04_中華帝国の完成〜明の滅亡と清の中国支配〜,WH-180098,332,発展,文書・作品,明史,みんし,,近世,東アジア,中国,17世紀後半〜18世紀前半（康熙帝〜乾隆帝期）,1739,WH-180098-B03,beginner,中心人物,person,明史(みんし)が編纂されたのは康熙帝(こうきてい)からどの皇帝にかけて？,乾隆帝(けんりゅうてい),乾隆帝,,,,18_中華帝国の繁栄（明・清）(1).md pp.294,
第18回_04_中華帝国の完成〜明の滅亡と清の中国支配〜,WH-180098,332,発展,文書・作品,明史,みんし,,近世,東アジア,中国,17世紀後半〜18世紀前半（康熙帝〜乾隆帝期）,1739,WH-180098-R01,reverse,複合説明,reverse,明史(みんし)は何をまとめたもの？,17世紀後半〜18世紀前半の中国で、**康熙帝(こうきてい)から乾隆帝(けんりゅうてい)**にかけて編纂された正史。清が**中国の伝統的な歴史編纂**を継承し、中国文化を保護する事業の一つだった。,康熙帝から乾隆帝|中国の伝統的な歴史編纂,,,,18_中華帝国の繁栄（明・清）(1).md pp.294,
第18回_04_中華帝国の完成〜明の滅亡と清の中国支配〜,WH-180098,332,発展,文書・作品,明史,みんし,,近世,東アジア,中国,17世紀後半〜18世紀前半（康熙帝〜乾隆帝期）,1739,WH-180098-I01,integrated,統合説明,integrated,「明史(みんし)」について説明せよ。,17世紀後半〜18世紀前半の中国で、**康熙帝(こうきてい)から乾隆帝(けんりゅうてい)**にかけて編纂された正史。清が**中国の伝統的な歴史編纂**を継承し、中国文化を保護する事業の一つだった。,康熙帝から乾隆帝|中国の伝統的な歴史編纂,,,,18_中華帝国の繁栄（明・清）(1).md pp.294,
第18回_04_中華帝国の完成〜明の滅亡と清の中国支配〜,WH-180099,233,標準,文化・技術・学問,辮髪,べんぱつ,,近世,東アジア,中国,17世紀以降の清,1644,WH-180099-B01,beginner,用語の特定,identify,清が漢民族の男子に服従を示すため強制した、北方民族の髪形は？,辮髪(べんぱつ),辮髪,,,,18_中華帝国の繁栄（明・清）(1).md pp.294–295,
第18回_04_中華帝国の完成〜明の滅亡と清の中国支配〜,WH-180099,233,標準,文化・技術・学問,辮髪,べんぱつ,,近世,東アジア,中国,17世紀以降の清,1644,WH-180099-B02,beginner,国家・勢力・社会集団,actor,中国の漢民族に辮髪(べんぱつ)を強制した王朝は？,清,清,,,,18_中華帝国の繁栄（明・清）(1).md pp.294–295,
第18回_04_中華帝国の完成〜明の滅亡と清の中国支配〜,WH-180099,233,標準,文化・技術・学問,辮髪,べんぱつ,,近世,東アジア,中国,17世紀以降の清,1644,WH-180099-B03,beginner,内容,content,辮髪(べんぱつ)の強制で清が示させようとしたことは？,清への服従,清への服従,,,,18_中華帝国の繁栄（明・清）(1).md pp.294–295,
第18回_04_中華帝国の完成〜明の滅亡と清の中国支配〜,WH-180099,233,標準,文化・技術・学問,辮髪,べんぱつ,,近世,東アジア,中国,17世紀以降の清,1644,WH-180099-B04,beginner,関連,relation,辮髪(べんぱつ)の強制は清のどの統治方針に位置づけられる？,威圧策,威圧策,,,,18_中華帝国の繁栄（明・清）(1).md pp.294–295,
第18回_04_中華帝国の完成〜明の滅亡と清の中国支配〜,WH-180099,233,標準,文化・技術・学問,辮髪,べんぱつ,,近世,東アジア,中国,17世紀以降の清,1644,WH-180099-R01,reverse,複合説明,reverse,辮髪(べんぱつ)はどんな特徴がある？,17世紀以降の中国で、清が漢民族の男子に強制した**北方民族の髪形**。**清への服従**を示すものとされ、文字の獄や禁書とともに**威圧策**に位置づけられる。,北方民族の髪形|清への服従|威圧策,,,,18_中華帝国の繁栄（明・清）(1).md pp.294–295,
第18回_04_中華帝国の完成〜明の滅亡と清の中国支配〜,WH-180099,233,標準,文化・技術・学問,辮髪,べんぱつ,,近世,東アジア,中国,17世紀以降の清,1644,WH-180099-I01,integrated,統合説明,integrated,「辮髪(べんぱつ)」について説明せよ。,17世紀以降の中国で、清が漢民族の男子に強制した**北方民族の髪形**。**清への服従**を示すものとされ、文字の獄や禁書とともに**威圧策**に位置づけられる。,北方民族の髪形|清への服従|威圧策,,,,18_中華帝国の繁栄（明・清）(1).md pp.294–295,
第18回_04_中華帝国の完成〜明の滅亡と清の中国支配〜,WH-180100,234,標準,制度・政策・法律,文字の獄,もじのごく,,近世,東アジア,中国,17〜18世紀の清,1700,WH-180100-B01,beginner,用語の特定,identify,清への反抗的な思想や著述を厳しく取り締まった弾圧を何という？,文字の獄,文字の獄,,,,18_中華帝国の繁栄（明・清）(1).md pp.294–295,
第18回_04_中華帝国の完成〜明の滅亡と清の中国支配〜,WH-180100,234,標準,制度・政策・法律,文字の獄,もじのごく,,近世,東アジア,中国,17〜18世紀の清,1700,WH-180100-B02,beginner,国家・勢力・社会集団,actor,文字の獄を中国統治の威圧策として行った王朝は？,清,清,,,,18_中華帝国の繁栄（明・清）(1).md pp.294–295,
第18回_04_中華帝国の完成〜明の滅亡と清の中国支配〜,WH-180100,234,標準,制度・政策・法律,文字の獄,もじのごく,,近世,東アジア,中国,17〜18世紀の清,1700,WH-180100-B03,beginner,関連,relation,文字の獄とともに行われた、反抗的な書物の発刊を禁じる措置は？,禁書,禁書,,,,18_中華帝国の繁栄（明・清）(1).md pp.294–295,
第18回_04_中華帝国の完成〜明の滅亡と清の中国支配〜,WH-180100,234,標準,制度・政策・法律,文字の獄,もじのごく,,近世,東アジア,中国,17〜18世紀の清,1700,WH-180100-B04,beginner,関連,relation,文字の獄は清のどの統治方針に位置づけられる？,威圧策,威圧策,,,,18_中華帝国の繁栄（明・清）(1).md pp.294–295,
第18回_04_中華帝国の完成〜明の滅亡と清の中国支配〜,WH-180100,234,標準,制度・政策・法律,文字の獄,もじのごく,,近世,東アジア,中国,17〜18世紀の清,1700,WH-180100-R01,reverse,複合説明,reverse,文字の獄はどんな制度・政策？,17〜18世紀の中国の清で、**反抗的な思想や著述**を厳しく取り締まったこと。満洲人の支配を否定する書物の**禁書**とともに、漢民族に対する**威圧策**の一部となった。,反抗的な思想や著述|禁書|威圧策,,,,18_中華帝国の繁栄（明・清）(1).md pp.294–295,
第18回_04_中華帝国の完成〜明の滅亡と清の中国支配〜,WH-180100,234,標準,制度・政策・法律,文字の獄,もじのごく,,近世,東アジア,中国,17〜18世紀の清,1700,WH-180100-I01,integrated,統合説明,integrated,「文字の獄」について説明せよ。,17〜18世紀の中国の清で、**反抗的な思想や著述**を厳しく取り締まったこと。満洲人の支配を否定する書物の**禁書**とともに、漢民族に対する**威圧策**の一部となった。,反抗的な思想や著述|禁書|威圧策,,,,18_中華帝国の繁栄（明・清）(1).md pp.294–295,
第18回_04_中華帝国の完成〜明の滅亡と清の中国支配〜,WH-180101,235,標準,制度・政策・法律,緑営,りょくえい,,近世,東アジア,中国,17世紀以降の清,1644,WH-180101-B01,beginner,用語の特定,identify,清が漢民族で編成し、各地の治安維持に用いた軍は？,緑営(りょくえい),緑営,,,,18_中華帝国の繁栄（明・清）(1).md pp.295,
第18回_04_中華帝国の完成〜明の滅亡と清の中国支配〜,WH-180101,235,標準,制度・政策・法律,緑営,りょくえい,,近世,東アジア,中国,17世紀以降の清,1644,WH-180101-B02,beginner,国家・勢力・社会集団,actor,緑営(りょくえい)を構成した主な民族は？,漢民族,漢民族,,,,18_中華帝国の繁栄（明・清）(1).md pp.295,
第18回_04_中華帝国の完成〜明の滅亡と清の中国支配〜,WH-180101,235,標準,制度・政策・法律,緑営,りょくえい,,近世,東アジア,中国,17世紀以降の清,1644,WH-180101-B03,beginner,内容,content,緑営(りょくえい)が主に担った役割は？,治安維持,治安維持,,,,18_中華帝国の繁栄（明・清）(1).md pp.295,
第18回_04_中華帝国の完成〜明の滅亡と清の中国支配〜,WH-180101,235,標準,制度・政策・法律,緑営,りょくえい,,近世,東アジア,中国,17世紀以降の清,1644,WH-180101-B04,beginner,関連,relation,緑営(りょくえい)と対比される、ヌルハチ以来の清の軍事制度は？,八旗(はっき),八旗,,,,18_中華帝国の繁栄（明・清）(1).md pp.295,
第18回_04_中華帝国の完成〜明の滅亡と清の中国支配〜,WH-180101,235,標準,制度・政策・法律,緑営,りょくえい,,近世,東アジア,中国,17世紀以降の清,1644,WH-180101-R01,reverse,複合説明,reverse,緑営(りょくえい)はどんな制度・政策？,17世紀以降の中国で、清が**漢民族**によって編成した軍。明の軍団を再編して治安維持に当たらせたもので、清の正規軍の**八旗(はっき)**と区別される。,漢民族|八旗,,,,18_中華帝国の繁栄（明・清）(1).md pp.295,
第18回_04_中華帝国の完成〜明の滅亡と清の中国支配〜,WH-180101,235,標準,制度・政策・法律,緑営,りょくえい,,近世,東アジア,中国,17世紀以降の清,1644,WH-180101-I01,integrated,統合説明,integrated,「緑営(りょくえい)」について説明せよ。,17世紀以降の中国で、清が**漢民族**によって編成した軍。明の軍団を再編して治安維持に当たらせたもので、清の正規軍の**八旗(はっき)**と区別される。,漢民族|八旗,,,,18_中華帝国の繁栄（明・清）(1).md pp.295,
第18回_04_中華帝国の完成〜明の滅亡と清の中国支配〜,WH-180102,333,発展,制度・政策・法律,盛世滋生人丁,せいせいじせいじんてい,,近世,東アジア,中国,1711年の人口を基準とする清の措置,1711,WH-180102-B01,beginner,用語の特定,identify,康熙帝(こうきてい)が1711年の人口で人頭税額を固定した際、それ以後増加しても課税しないとした人口の呼称は？,盛世滋生人丁(せいせいじせいじんてい),盛世滋生人丁,,,,18_中華帝国の繁栄（明・清）(1).md pp.295,
第18回_04_中華帝国の完成〜明の滅亡と清の中国支配〜,WH-180102,333,発展,制度・政策・法律,盛世滋生人丁,せいせいじせいじんてい,,近世,東アジア,中国,1711年の人口を基準とする清の措置,1711,WH-180102-B02,beginner,中心人物,person,盛世滋生人丁(せいせいじせいじんてい)を課税しないとした清の皇帝は？,康熙帝(こうきてい),康熙帝,,,,18_中華帝国の繁栄（明・清）(1).md pp.295,
第18回_04_中華帝国の完成〜明の滅亡と清の中国支配〜,WH-180102,333,発展,制度・政策・法律,盛世滋生人丁,せいせいじせいじんてい,,近世,東アジア,中国,1711年の人口を基準とする清の措置,1711,WH-180102-B03,beginner,時期,time,盛世滋生人丁(せいせいじせいじんてい)の措置で人口の基準となった年は？,1711年,1711年,,,,18_中華帝国の繁栄（明・清）(1).md pp.295,
第18回_04_中華帝国の完成〜明の滅亡と清の中国支配〜,WH-180102,333,発展,制度・政策・法律,盛世滋生人丁,せいせいじせいじんてい,,近世,東アジア,中国,1711年の人口を基準とする清の措置,1711,WH-180102-B04,beginner,関連,relation,盛世滋生人丁(せいせいじせいじんてい)を非課税とする措置の後に普及した、人頭税を土地税に繰り込む税制は？,地丁銀(ちていぎん),地丁銀,,,,18_中華帝国の繁栄（明・清）(1).md pp.295,
第18回_04_中華帝国の完成〜明の滅亡と清の中国支配〜,WH-180102,333,発展,制度・政策・法律,盛世滋生人丁,せいせいじせいじんてい,,近世,東アジア,中国,1711年の人口を基準とする清の措置,1711,WH-180102-R01,reverse,複合説明,reverse,盛世滋生人丁(せいせいじせいじんてい)はどんな制度・政策？,18世紀初めの中国で、**康熙帝(こうきてい)**が**1711年の人口**を基準に人頭税の額を固定した際、それ以後に増えても課税しないとした人口。人頭税負担への不安を抑える措置で、のちの**地丁銀(ちていぎん)**につながった。,康熙帝|1711年の人口|地丁銀,,,,18_中華帝国の繁栄（明・清）(1).md pp.295,
第18回_04_中華帝国の完成〜明の滅亡と清の中国支配〜,WH-180102,333,発展,制度・政策・法律,盛世滋生人丁,せいせいじせいじんてい,,近世,東アジア,中国,1711年の人口を基準とする清の措置,1711,WH-180102-I01,integrated,統合説明,integrated,「盛世滋生人丁(せいせいじせいじんてい)」について説明せよ。,18世紀初めの中国で、**康熙帝(こうきてい)**が**1711年の人口**を基準に人頭税の額を固定した際、それ以後に増えても課税しないとした人口。人頭税負担への不安を抑える措置で、のちの**地丁銀(ちていぎん)**につながった。,康熙帝|1711年の人口|地丁銀,,,,18_中華帝国の繁栄（明・清）(1).md pp.295,
第18回_04_中華帝国の完成〜明の滅亡と清の中国支配〜,WH-180103,236,標準,宗教・宗派,典礼問題,てんれいもんだい,,近世,東アジア,中国とヨーロッパのカトリック教会,17世紀後半〜18世紀前半,1700,WH-180103-B01,beginner,用語の特定,identify,中国の孔子・祖先の祭祀をキリスト教徒に認めるかをめぐり、修道会や教皇が対立した問題は？,典礼問題,典礼問題,,,,18_中華帝国の繁栄（明・清）(1).md pp.296,
第18回_04_中華帝国の完成〜明の滅亡と清の中国支配〜,WH-180103,236,標準,宗教・宗派,典礼問題,てんれいもんだい,,近世,東アジア,中国とヨーロッパのカトリック教会,17世紀後半〜18世紀前半,1700,WH-180103-B02,beginner,国家・勢力・社会集団,actor,典礼問題で当初、中国の儀礼を認めて布教した修道会は？,イエズス会,イエズス会,,,,18_中華帝国の繁栄（明・清）(1).md pp.296,
第18回_04_中華帝国の完成〜明の滅亡と清の中国支配〜,WH-180103,236,標準,宗教・宗派,典礼問題,てんれいもんだい,,近世,東アジア,中国とヨーロッパのカトリック教会,17世紀後半〜18世紀前半,1700,WH-180103-B03,beginner,中心人物,person,典礼問題で中国の典礼を禁止した教皇は？,クレメンス11世,クレメンス11世,,,,18_中華帝国の繁栄（明・清）(1).md pp.296,
第18回_04_中華帝国の完成〜明の滅亡と清の中国支配〜,WH-180103,236,標準,宗教・宗派,典礼問題,てんれいもんだい,,近世,東アジア,中国とヨーロッパのカトリック教会,17世紀後半〜18世紀前半,1700,WH-180103-B04,beginner,中心人物,person,典礼問題に際してイエズス会以外の布教を禁止した清の皇帝は？,康熙帝(こうきてい),康熙帝,,,,18_中華帝国の繁栄（明・清）(1).md pp.296,
第18回_04_中華帝国の完成〜明の滅亡と清の中国支配〜,WH-180103,236,標準,宗教・宗派,典礼問題,てんれいもんだい,,近世,東アジア,中国とヨーロッパのカトリック教会,17世紀後半〜18世紀前半,1700,WH-180103-B05,beginner,中心人物,person,典礼問題ののち、キリスト教布教を全面禁止した清の皇帝は？,雍正帝(ようせいてい),雍正帝,,,,18_中華帝国の繁栄（明・清）(1).md pp.296,
第18回_04_中華帝国の完成〜明の滅亡と清の中国支配〜,WH-180103,236,標準,宗教・宗派,典礼問題,てんれいもんだい,,近世,東アジア,中国とヨーロッパのカトリック教会,17世紀後半〜18世紀前半,1700,WH-180103-R01,reverse,複合説明,reverse,典礼問題はどんな活動や考え？,17世紀後半〜18世紀前半、中国でのキリスト教布教に際し、**孔子や祖先の祭祀**を認めるかをめぐって起きた対立。典礼を認めた**イエズス会**に他の修道会が反対し、教皇**クレメンス11世**が典礼を禁止した。清では**康熙帝(こうきてい)**がイエズス会以外、**雍正帝(ようせいてい)**がキリスト教全体の布教を禁止した。,孔子や祖先の祭祀|イエズス会|クレメンス11世|康熙帝|雍正帝,,,,18_中華帝国の繁栄（明・清）(1).md pp.296,
第18回_04_中華帝国の完成〜明の滅亡と清の中国支配〜,WH-180103,236,標準,宗教・宗派,典礼問題,てんれいもんだい,,近世,東アジア,中国とヨーロッパのカトリック教会,17世紀後半〜18世紀前半,1700,WH-180103-I01,integrated,統合説明,integrated,「典礼問題」について説明せよ。,17世紀後半〜18世紀前半、中国でのキリスト教布教に際し、**孔子や祖先の祭祀**を認めるかをめぐって起きた対立。典礼を認めた**イエズス会**に他の修道会が反対し、教皇**クレメンス11世**が典礼を禁止した。清では**康熙帝(こうきてい)**がイエズス会以外、**雍正帝(ようせいてい)**がキリスト教全体の布教を禁止した。,孔子や祖先の祭祀|イエズス会|クレメンス11世|康熙帝|雍正帝,,,,18_中華帝国の繁栄（明・清）(1).md pp.296,
第18回_04_中華帝国の完成〜明の滅亡と清の中国支配〜,WH-180104,237,標準,人物,マテオ＝リッチ,まておりっち,利瑪竇,近世,東アジア,イタリア・中国,16世紀後半〜17世紀初め（明末）,1600,WH-180104-B01,beginner,用語の特定,identify,明末の中国で坤輿万国全図(こんよばんこくぜんず)をつくり、徐光啓(じょこうけい)と幾何学の漢訳を進めたイタリア人宣教師は？,マテオ＝リッチ,マテオ＝リッチ,利瑪竇,,,18_中華帝国の繁栄（明・清）(1).md pp.296,
第18回_04_中華帝国の完成〜明の滅亡と清の中国支配〜,WH-180104,237,標準,人物,マテオ＝リッチ,まておりっち,利瑪竇,近世,東アジア,イタリア・中国,16世紀後半〜17世紀初め（明末）,1600,WH-180104-B02,beginner,国家・勢力・社会集団,actor,マテオ＝リッチが所属した修道会は？,イエズス会,イエズス会,,,,18_中華帝国の繁栄（明・清）(1).md pp.296,
第18回_04_中華帝国の完成〜明の滅亡と清の中国支配〜,WH-180104,237,標準,人物,マテオ＝リッチ,まておりっち,利瑪竇,近世,東アジア,イタリア・中国,16世紀後半〜17世紀初め（明末）,1600,WH-180104-B03,beginner,内容,content,マテオ＝リッチが作成した世界地図は？,坤輿万国全図(こんよばんこくぜんず),坤輿万国全図,,,,18_中華帝国の繁栄（明・清）(1).md pp.296,
第18回_04_中華帝国の完成〜明の滅亡と清の中国支配〜,WH-180104,237,標準,人物,マテオ＝リッチ,まておりっち,利瑪竇,近世,東アジア,イタリア・中国,16世紀後半〜17世紀初め（明末）,1600,WH-180104-B04,beginner,中心人物,person,マテオ＝リッチが幾何学の漢訳で協力した中国人官僚は？,徐光啓(じょこうけい),徐光啓,,,,18_中華帝国の繁栄（明・清）(1).md pp.296,
第18回_04_中華帝国の完成〜明の滅亡と清の中国支配〜,WH-180104,237,標準,人物,マテオ＝リッチ,まておりっち,利瑪竇,近世,東アジア,イタリア・中国,16世紀後半〜17世紀初め（明末）,1600,WH-180104-B05,beginner,内容,content,マテオ＝リッチらがつくったユークリッド幾何学の漢訳は？,幾何原本,幾何原本,,,,18_中華帝国の繁栄（明・清）(1).md pp.296,
第18回_04_中華帝国の完成〜明の滅亡と清の中国支配〜,WH-180104,237,標準,人物,マテオ＝リッチ,まておりっち,利瑪竇,近世,東アジア,イタリア・中国,16世紀後半〜17世紀初め（明末）,1600,WH-180104-R01,reverse,複合説明,reverse,マテオ＝リッチは何をした？,16世紀後半〜17世紀初めの明末に中国で活動した、イタリア出身の**イエズス会宣教師**。**坤輿万国全図(こんよばんこくぜんず)**を作成し、**徐光啓(じょこうけい)**とともにユークリッド幾何学の漢訳**幾何原本**をつくった。,イエズス会宣教師|坤輿万国全図|徐光啓|幾何原本,,,,18_中華帝国の繁栄（明・清）(1).md pp.296,
第18回_04_中華帝国の完成〜明の滅亡と清の中国支配〜,WH-180104,237,標準,人物,マテオ＝リッチ,まておりっち,利瑪竇,近世,東アジア,イタリア・中国,16世紀後半〜17世紀初め（明末）,1600,WH-180104-I01,integrated,統合説明,integrated,「マテオ＝リッチ」について説明せよ。,16世紀後半〜17世紀初めの明末に中国で活動した、イタリア出身の**イエズス会宣教師**。**坤輿万国全図(こんよばんこくぜんず)**を作成し、**徐光啓(じょこうけい)**とともにユークリッド幾何学の漢訳**幾何原本**をつくった。,イエズス会宣教師|坤輿万国全図|徐光啓|幾何原本,,,,18_中華帝国の繁栄（明・清）(1).md pp.296,
第18回_04_中華帝国の完成〜明の滅亡と清の中国支配〜,WH-180105,238,標準,人物,アダム＝シャール,あだむしゃーる,湯若望,近世,東アジア,ドイツ・中国,17世紀（明末〜清初）,1644,WH-180105-B01,beginner,用語の特定,identify,明末に崇禎暦書(すうていれきしょ)をつくり、清では欽天監(きんてんかん)の長官となって時憲暦(じけんれき)を実施したドイツ人宣教師は？,アダム＝シャール,アダム＝シャール,湯若望,,,18_中華帝国の繁栄（明・清）(1).md pp.296,
第18回_04_中華帝国の完成〜明の滅亡と清の中国支配〜,WH-180105,238,標準,人物,アダム＝シャール,あだむしゃーる,湯若望,近世,東アジア,ドイツ・中国,17世紀（明末〜清初）,1644,WH-180105-B02,beginner,地域,place,アダム＝シャールの出身国は？,ドイツ,ドイツ,,,,18_中華帝国の繁栄（明・清）(1).md pp.296,
第18回_04_中華帝国の完成〜明の滅亡と清の中国支配〜,WH-180105,238,標準,人物,アダム＝シャール,あだむしゃーる,湯若望,近世,東アジア,ドイツ・中国,17世紀（明末〜清初）,1644,WH-180105-B03,beginner,内容,content,アダム＝シャールが明末につくった暦書は？,崇禎暦書(すうていれきしょ),崇禎暦書,,,,18_中華帝国の繁栄（明・清）(1).md pp.296,
第18回_04_中華帝国の完成〜明の滅亡と清の中国支配〜,WH-180105,238,標準,人物,アダム＝シャール,あだむしゃーる,湯若望,近世,東アジア,ドイツ・中国,17世紀（明末〜清初）,1644,WH-180105-B04,beginner,内容,content,アダム＝シャールが清で実施した暦は？,時憲暦(じけんれき),時憲暦,,,,18_中華帝国の繁栄（明・清）(1).md pp.296,
第18回_04_中華帝国の完成〜明の滅亡と清の中国支配〜,WH-180105,238,標準,人物,アダム＝シャール,あだむしゃーる,湯若望,近世,東アジア,ドイツ・中国,17世紀（明末〜清初）,1644,WH-180105-B05,beginner,内容,content,アダム＝シャールが清で長官となった天文機関は？,欽天監(きんてんかん),欽天監,,,,18_中華帝国の繁栄（明・清）(1).md pp.296,
第18回_04_中華帝国の完成〜明の滅亡と清の中国支配〜,WH-180105,238,標準,人物,アダム＝シャール,あだむしゃーる,湯若望,近世,東アジア,ドイツ・中国,17世紀（明末〜清初）,1644,WH-180105-R01,reverse,複合説明,reverse,アダム＝シャールは何をした？,17世紀に中国で活動した、ドイツ出身の**イエズス会宣教師**。明末に**崇禎暦書(すうていれきしょ)**をつくり、清では**欽天監(きんてんかん)**の長官となって、その成果を**時憲暦(じけんれき)**として実施した。,イエズス会宣教師|崇禎暦書|欽天監|時憲暦,,,,18_中華帝国の繁栄（明・清）(1).md pp.296,
第18回_04_中華帝国の完成〜明の滅亡と清の中国支配〜,WH-180105,238,標準,人物,アダム＝シャール,あだむしゃーる,湯若望,近世,東アジア,ドイツ・中国,17世紀（明末〜清初）,1644,WH-180105-I01,integrated,統合説明,integrated,「アダム＝シャール」について説明せよ。,17世紀に中国で活動した、ドイツ出身の**イエズス会宣教師**。明末に**崇禎暦書(すうていれきしょ)**をつくり、清では**欽天監(きんてんかん)**の長官となって、その成果を**時憲暦(じけんれき)**として実施した。,イエズス会宣教師|崇禎暦書|欽天監|時憲暦,,,,18_中華帝国の繁栄（明・清）(1).md pp.296,
第18回_04_中華帝国の完成〜明の滅亡と清の中国支配〜,WH-180106,239,標準,文書・作品,坤輿万国全図,こんよばんこくぜんず,,近世,東アジア,中国,16世紀末〜17世紀初め（明末）,1602,WH-180106-B01,beginner,用語の特定,identify,マテオ＝リッチが明末の中国で作成した世界地図は？,坤輿万国全図(こんよばんこくぜんず),坤輿万国全図,,,,18_中華帝国の繁栄（明・清）(1).md pp.296,
第18回_04_中華帝国の完成〜明の滅亡と清の中国支配〜,WH-180106,239,標準,文書・作品,坤輿万国全図,こんよばんこくぜんず,,近世,東アジア,中国,16世紀末〜17世紀初め（明末）,1602,WH-180106-B02,beginner,中心人物,person,坤輿万国全図(こんよばんこくぜんず)を作成した宣教師は？,マテオ＝リッチ,マテオ＝リッチ,,,,18_中華帝国の繁栄（明・清）(1).md pp.296,
第18回_04_中華帝国の完成〜明の滅亡と清の中国支配〜,WH-180106,239,標準,文書・作品,坤輿万国全図,こんよばんこくぜんず,,近世,東アジア,中国,16世紀末〜17世紀初め（明末）,1602,WH-180106-B03,beginner,国家・勢力・社会集団,actor,坤輿万国全図(こんよばんこくぜんず)が作成された時代の中国王朝は？,明,明,,,,18_中華帝国の繁栄（明・清）(1).md pp.296,
第18回_04_中華帝国の完成〜明の滅亡と清の中国支配〜,WH-180106,239,標準,文書・作品,坤輿万国全図,こんよばんこくぜんず,,近世,東アジア,中国,16世紀末〜17世紀初め（明末）,1602,WH-180106-R01,reverse,複合説明,reverse,坤輿万国全図(こんよばんこくぜんず)は何をまとめたもの？,16世紀末〜17世紀初めの中国の明末に、イエズス会宣教師**マテオ＝リッチ**が作成した**世界地図**。西洋の地理知識を中国へ紹介した、明末の学術交流の成果だった。,マテオ＝リッチ|世界地図,,,,18_中華帝国の繁栄（明・清）(1).md pp.296,
第18回_04_中華帝国の完成〜明の滅亡と清の中国支配〜,WH-180106,239,標準,文書・作品,坤輿万国全図,こんよばんこくぜんず,,近世,東アジア,中国,16世紀末〜17世紀初め（明末）,1602,WH-180106-I01,integrated,統合説明,integrated,「坤輿万国全図(こんよばんこくぜんず)」について説明せよ。,16世紀末〜17世紀初めの中国の明末に、イエズス会宣教師**マテオ＝リッチ**が作成した**世界地図**。西洋の地理知識を中国へ紹介した、明末の学術交流の成果だった。,マテオ＝リッチ|世界地図,,,,18_中華帝国の繁栄（明・清）(1).md pp.296,
第18回_04_中華帝国の完成〜明の滅亡と清の中国支配〜,WH-180107,240,標準,文書・作品,幾何原本,きかげんぽん,,近世,東アジア,中国,16世紀末〜17世紀初め（明末）,1607,WH-180107-B01,beginner,用語の特定,identify,明末にマテオ＝リッチと徐光啓(じょこうけい)がつくったユークリッド幾何学の漢訳は？,幾何原本,幾何原本,,,,18_中華帝国の繁栄（明・清）(1).md pp.296,
第18回_04_中華帝国の完成〜明の滅亡と清の中国支配〜,WH-180107,240,標準,文書・作品,幾何原本,きかげんぽん,,近世,東アジア,中国,16世紀末〜17世紀初め（明末）,1607,WH-180107-B02,beginner,中心人物,person,幾何原本の作成に参加したイタリア人宣教師は？,マテオ＝リッチ,マテオ＝リッチ,,,,18_中華帝国の繁栄（明・清）(1).md pp.296,
第18回_04_中華帝国の完成〜明の滅亡と清の中国支配〜,WH-180107,240,標準,文書・作品,幾何原本,きかげんぽん,,近世,東アジア,中国,16世紀末〜17世紀初め（明末）,1607,WH-180107-B03,beginner,中心人物,person,幾何原本の作成に参加した中国人官僚は？,徐光啓(じょこうけい),徐光啓,,,,18_中華帝国の繁栄（明・清）(1).md pp.296,
第18回_04_中華帝国の完成〜明の滅亡と清の中国支配〜,WH-180107,240,標準,文書・作品,幾何原本,きかげんぽん,,近世,東アジア,中国,16世紀末〜17世紀初め（明末）,1607,WH-180107-B04,beginner,中心人物,person,幾何原本で紹介された幾何学の基となる古代の数学者は？,ユークリッド,ユークリッド,,,,18_中華帝国の繁栄（明・清）(1).md pp.296,
第18回_04_中華帝国の完成〜明の滅亡と清の中国支配〜,WH-180107,240,標準,文書・作品,幾何原本,きかげんぽん,,近世,東アジア,中国,16世紀末〜17世紀初め（明末）,1607,WH-180107-R01,reverse,複合説明,reverse,幾何原本は何をまとめたもの？,16世紀末〜17世紀初めの中国で、**マテオ＝リッチ**と**徐光啓(じょこうけい)**がつくった**ユークリッド幾何学の漢訳**。明末に西洋の数学を中国へ紹介した学術交流の成果だった。,マテオ＝リッチ|徐光啓|ユークリッド幾何学の漢訳,,,,18_中華帝国の繁栄（明・清）(1).md pp.296,
第18回_04_中華帝国の完成〜明の滅亡と清の中国支配〜,WH-180107,240,標準,文書・作品,幾何原本,きかげんぽん,,近世,東アジア,中国,16世紀末〜17世紀初め（明末）,1607,WH-180107-I01,integrated,統合説明,integrated,「幾何原本」について説明せよ。,16世紀末〜17世紀初めの中国で、**マテオ＝リッチ**と**徐光啓(じょこうけい)**がつくった**ユークリッド幾何学の漢訳**。明末に西洋の数学を中国へ紹介した学術交流の成果だった。,マテオ＝リッチ|徐光啓|ユークリッド幾何学の漢訳,,,,18_中華帝国の繁栄（明・清）(1).md pp.296,
第18回_04_中華帝国の完成〜明の滅亡と清の中国支配〜,WH-180108,334,発展,文書・作品,崇禎暦書,すうていれきしょ,,近世,東アジア,中国,17世紀前半（明末）,1630,WH-180108-B01,beginner,用語の特定,identify,アダム＝シャールが明末につくり、清の時憲暦(じけんれき)の基礎となった暦書は？,崇禎暦書(すうていれきしょ),崇禎暦書,,,,18_中華帝国の繁栄（明・清）(1).md pp.296,
第18回_04_中華帝国の完成〜明の滅亡と清の中国支配〜,WH-180108,334,発展,文書・作品,崇禎暦書,すうていれきしょ,,近世,東アジア,中国,17世紀前半（明末）,1630,WH-180108-B02,beginner,中心人物,person,崇禎暦書(すうていれきしょ)の作成で資料が挙げるドイツ人宣教師は？,アダム＝シャール,アダム＝シャール,,,,18_中華帝国の繁栄（明・清）(1).md pp.296,
第18回_04_中華帝国の完成〜明の滅亡と清の中国支配〜,WH-180108,334,発展,文書・作品,崇禎暦書,すうていれきしょ,,近世,東アジア,中国,17世紀前半（明末）,1630,WH-180108-B03,beginner,関連,relation,崇禎暦書(すうていれきしょ)の成果が清で実施された暦の名称は？,時憲暦(じけんれき),時憲暦,,,,18_中華帝国の繁栄（明・清）(1).md pp.296,
第18回_04_中華帝国の完成〜明の滅亡と清の中国支配〜,WH-180108,334,発展,文書・作品,崇禎暦書,すうていれきしょ,,近世,東アジア,中国,17世紀前半（明末）,1630,WH-180108-R01,reverse,複合説明,reverse,崇禎暦書(すうていれきしょ)は何をまとめたもの？,17世紀前半の中国の明末に、**アダム＝シャール**がつくった暦書。その成果は清でも受け継がれ、**時憲暦(じけんれき)**として実施された。,アダム＝シャール|時憲暦,,,,18_中華帝国の繁栄（明・清）(1).md pp.296,
第18回_04_中華帝国の完成〜明の滅亡と清の中国支配〜,WH-180108,334,発展,文書・作品,崇禎暦書,すうていれきしょ,,近世,東アジア,中国,17世紀前半（明末）,1630,WH-180108-I01,integrated,統合説明,integrated,「崇禎暦書(すうていれきしょ)」について説明せよ。,17世紀前半の中国の明末に、**アダム＝シャール**がつくった暦書。その成果は清でも受け継がれ、**時憲暦(じけんれき)**として実施された。,アダム＝シャール|時憲暦,,,,18_中華帝国の繁栄（明・清）(1).md pp.296,
第18回_04_中華帝国の完成〜明の滅亡と清の中国支配〜,WH-180109,241,標準,文化・技術・学問,時憲暦,じけんれき,,近世,東アジア,中国,17世紀（清初）,1645,WH-180109-B01,beginner,用語の特定,identify,明末の崇禎暦書(すうていれきしょ)を基に、アダム＝シャールが清で実施した暦は？,時憲暦(じけんれき),時憲暦,,,,18_中華帝国の繁栄（明・清）(1).md pp.296,
第18回_04_中華帝国の完成〜明の滅亡と清の中国支配〜,WH-180109,241,標準,文化・技術・学問,時憲暦,じけんれき,,近世,東アジア,中国,17世紀（清初）,1645,WH-180109-B02,beginner,中心人物,person,時憲暦(じけんれき)を清で実施したドイツ人宣教師は？,アダム＝シャール,アダム＝シャール,,,,18_中華帝国の繁栄（明・清）(1).md pp.296,
第18回_04_中華帝国の完成〜明の滅亡と清の中国支配〜,WH-180109,241,標準,文化・技術・学問,時憲暦,じけんれき,,近世,東アジア,中国,17世紀（清初）,1645,WH-180109-B03,beginner,関連,relation,時憲暦(じけんれき)の基礎となった明末の暦書は？,崇禎暦書(すうていれきしょ),崇禎暦書,,,,18_中華帝国の繁栄（明・清）(1).md pp.296,
第18回_04_中華帝国の完成〜明の滅亡と清の中国支配〜,WH-180109,241,標準,文化・技術・学問,時憲暦,じけんれき,,近世,東アジア,中国,17世紀（清初）,1645,WH-180109-R01,reverse,複合説明,reverse,時憲暦(じけんれき)はどんな特徴がある？,17世紀の中国の清初に、**アダム＝シャール**が実施した暦。明末につくられた**崇禎暦書(すうていれきしょ)**の成果を受け継ぎ、宣教師による西洋学術の導入と結びついていた。,アダム＝シャール|崇禎暦書,,,,18_中華帝国の繁栄（明・清）(1).md pp.296,
第18回_04_中華帝国の完成〜明の滅亡と清の中国支配〜,WH-180109,241,標準,文化・技術・学問,時憲暦,じけんれき,,近世,東アジア,中国,17世紀（清初）,1645,WH-180109-I01,integrated,統合説明,integrated,「時憲暦(じけんれき)」について説明せよ。,17世紀の中国の清初に、**アダム＝シャール**が実施した暦。明末につくられた**崇禎暦書(すうていれきしょ)**の成果を受け継ぎ、宣教師による西洋学術の導入と結びついていた。,アダム＝シャール|崇禎暦書,,,,18_中華帝国の繁栄（明・清）(1).md pp.296,
第18回_04_中華帝国の完成〜明の滅亡と清の中国支配〜,WH-180110,335,発展,人物,フェルビースト,ふぇるびーすと,南懐仁,近世,東アジア,中国,17世紀（清初）,1660,WH-180110-B01,beginner,用語の特定,identify,アダム＝シャールを助け、清に大砲の鋳造技術などを紹介した南懐仁(なんかいじん)と呼ばれる宣教師は？,フェルビースト,フェルビースト,南懐仁,,,18_中華帝国の繁栄（明・清）(1).md pp.296,
第18回_04_中華帝国の完成〜明の滅亡と清の中国支配〜,WH-180110,335,発展,人物,フェルビースト,ふぇるびーすと,南懐仁,近世,東アジア,中国,17世紀（清初）,1660,WH-180110-B02,beginner,中心人物,person,フェルビーストが中国で助けたドイツ人宣教師は？,アダム＝シャール,アダム＝シャール,,,,18_中華帝国の繁栄（明・清）(1).md pp.296,
第18回_04_中華帝国の完成〜明の滅亡と清の中国支配〜,WH-180110,335,発展,人物,フェルビースト,ふぇるびーすと,南懐仁,近世,東アジア,中国,17世紀（清初）,1660,WH-180110-B03,beginner,内容,content,フェルビーストが清に紹介した兵器製造の技術は？,大砲の鋳造,大砲の鋳造,,,,18_中華帝国の繁栄（明・清）(1).md pp.296,
第18回_04_中華帝国の完成〜明の滅亡と清の中国支配〜,WH-180110,335,発展,人物,フェルビースト,ふぇるびーすと,南懐仁,近世,東アジア,中国,17世紀（清初）,1660,WH-180110-R01,reverse,複合説明,reverse,フェルビーストは何をした？,17世紀の中国で活動し、中国名を**南懐仁(なんかいじん)**とした宣教師。**アダム＝シャール**を助け、清に**大砲の鋳造技術**などを紹介した。,南懐仁|アダム＝シャール|大砲の鋳造技術,,,,18_中華帝国の繁栄（明・清）(1).md pp.296,
第18回_04_中華帝国の完成〜明の滅亡と清の中国支配〜,WH-180110,335,発展,人物,フェルビースト,ふぇるびーすと,南懐仁,近世,東アジア,中国,17世紀（清初）,1660,WH-180110-I01,integrated,統合説明,integrated,「フェルビースト」について説明せよ。,17世紀の中国で活動し、中国名を**南懐仁(なんかいじん)**とした宣教師。**アダム＝シャール**を助け、清に**大砲の鋳造技術**などを紹介した。,南懐仁|アダム＝シャール|大砲の鋳造技術,,,,18_中華帝国の繁栄（明・清）(1).md pp.296,
第18回_04_中華帝国の完成〜明の滅亡と清の中国支配〜,WH-180111,242,標準,人物,ブーヴェ,ぶーゔぇ,白晋,近世,東アジア,フランス・中国,17世紀後半〜18世紀初め（康熙帝期）,1700,WH-180111-B01,beginner,用語の特定,identify,ルイ14世の命で中国に来朝し、レジスとともに皇輿全覧図(こうよぜんらんず)をつくった宣教師は？,ブーヴェ,ブーヴェ,白晋,,,18_中華帝国の繁栄（明・清）(1).md pp.296,
第18回_04_中華帝国の完成〜明の滅亡と清の中国支配〜,WH-180111,242,標準,人物,ブーヴェ,ぶーゔぇ,白晋,近世,東アジア,フランス・中国,17世紀後半〜18世紀初め（康熙帝期）,1700,WH-180111-B02,beginner,中心人物,person,ブーヴェの中国来朝を命じたフランス王は？,ルイ14世,ルイ14世,,,,18_中華帝国の繁栄（明・清）(1).md pp.296,
第18回_04_中華帝国の完成〜明の滅亡と清の中国支配〜,WH-180111,242,標準,人物,ブーヴェ,ぶーゔぇ,白晋,近世,東アジア,フランス・中国,17世紀後半〜18世紀初め（康熙帝期）,1700,WH-180111-B03,beginner,中心人物,person,ブーヴェが中国で仕えた清の皇帝は？,康熙帝(こうきてい),康熙帝,,,,18_中華帝国の繁栄（明・清）(1).md pp.296,
第18回_04_中華帝国の完成〜明の滅亡と清の中国支配〜,WH-180111,242,標準,人物,ブーヴェ,ぶーゔぇ,白晋,近世,東アジア,フランス・中国,17世紀後半〜18世紀初め（康熙帝期）,1700,WH-180111-B04,beginner,内容,content,ブーヴェがレジスとともにつくった実測中国地図は？,皇輿全覧図(こうよぜんらんず),皇輿全覧図,,,,18_中華帝国の繁栄（明・清）(1).md pp.296,
第18回_04_中華帝国の完成〜明の滅亡と清の中国支配〜,WH-180111,242,標準,人物,ブーヴェ,ぶーゔぇ,白晋,近世,東アジア,フランス・中国,17世紀後半〜18世紀初め（康熙帝期）,1700,WH-180111-R01,reverse,複合説明,reverse,ブーヴェは何をした？,17世紀後半〜18世紀初めに、フランス王**ルイ14世**の命で中国に来朝した宣教師。**康熙帝(こうきてい)**に仕え、**レジス**とともに実測に基づく中国地図**皇輿全覧図(こうよぜんらんず)**をつくった。,ルイ14世|康熙帝|レジス|皇輿全覧図,,,,18_中華帝国の繁栄（明・清）(1).md pp.296,
第18回_04_中華帝国の完成〜明の滅亡と清の中国支配〜,WH-180111,242,標準,人物,ブーヴェ,ぶーゔぇ,白晋,近世,東アジア,フランス・中国,17世紀後半〜18世紀初め（康熙帝期）,1700,WH-180111-I01,integrated,統合説明,integrated,「ブーヴェ」について説明せよ。,17世紀後半〜18世紀初めに、フランス王**ルイ14世**の命で中国に来朝した宣教師。**康熙帝(こうきてい)**に仕え、**レジス**とともに実測に基づく中国地図**皇輿全覧図(こうよぜんらんず)**をつくった。,ルイ14世|康熙帝|レジス|皇輿全覧図,,,,18_中華帝国の繁栄（明・清）(1).md pp.296,
第18回_04_中華帝国の完成〜明の滅亡と清の中国支配〜,WH-180112,243,標準,文書・作品,皇輿全覧図,こうよぜんらんず,,近世,東アジア,中国,17世紀後半〜18世紀初め（康熙帝期）,1718,WH-180112-B01,beginner,用語の特定,identify,康熙帝(こうきてい)に仕えたブーヴェやレジスが作成した、実測による中国地図は？,皇輿全覧図(こうよぜんらんず),皇輿全覧図,,,,18_中華帝国の繁栄（明・清）(1).md pp.296,
第18回_04_中華帝国の完成〜明の滅亡と清の中国支配〜,WH-180112,243,標準,文書・作品,皇輿全覧図,こうよぜんらんず,,近世,東アジア,中国,17世紀後半〜18世紀初め（康熙帝期）,1718,WH-180112-B02,beginner,中心人物,person,皇輿全覧図(こうよぜんらんず)作成の中心となった、ルイ14世が派遣した宣教師は？,ブーヴェ,ブーヴェ,,,,18_中華帝国の繁栄（明・清）(1).md pp.296,
第18回_04_中華帝国の完成〜明の滅亡と清の中国支配〜,WH-180112,243,標準,文書・作品,皇輿全覧図,こうよぜんらんず,,近世,東アジア,中国,17世紀後半〜18世紀初め（康熙帝期）,1718,WH-180112-B03,beginner,中心人物,person,皇輿全覧図(こうよぜんらんず)作成時の清の皇帝は？,康熙帝(こうきてい),康熙帝,,,,18_中華帝国の繁栄（明・清）(1).md pp.296,
第18回_04_中華帝国の完成〜明の滅亡と清の中国支配〜,WH-180112,243,標準,文書・作品,皇輿全覧図,こうよぜんらんず,,近世,東アジア,中国,17世紀後半〜18世紀初め（康熙帝期）,1718,WH-180112-B04,beginner,内容,content,皇輿全覧図(こうよぜんらんず)の地図作成に使われた、土地を実際に測る方法は？,実測,実測,,,,18_中華帝国の繁栄（明・清）(1).md pp.296,
第18回_04_中華帝国の完成〜明の滅亡と清の中国支配〜,WH-180112,243,標準,文書・作品,皇輿全覧図,こうよぜんらんず,,近世,東アジア,中国,17世紀後半〜18世紀初め（康熙帝期）,1718,WH-180112-R01,reverse,複合説明,reverse,皇輿全覧図(こうよぜんらんず)は何をまとめたもの？,17世紀後半〜18世紀初めの中国で、**康熙帝(こうきてい)**に仕えた**ブーヴェとレジス**が作成した中国地図。**実測**に基づいてつくられた点が特徴だった。,康熙帝|ブーヴェとレジス|実測,,,,18_中華帝国の繁栄（明・清）(1).md pp.296,
第18回_04_中華帝国の完成〜明の滅亡と清の中国支配〜,WH-180112,243,標準,文書・作品,皇輿全覧図,こうよぜんらんず,,近世,東アジア,中国,17世紀後半〜18世紀初め（康熙帝期）,1718,WH-180112-I01,integrated,統合説明,integrated,「皇輿全覧図(こうよぜんらんず)」について説明せよ。,17世紀後半〜18世紀初めの中国で、**康熙帝(こうきてい)**に仕えた**ブーヴェとレジス**が作成した中国地図。**実測**に基づいてつくられた点が特徴だった。,康熙帝|ブーヴェとレジス|実測,,,,18_中華帝国の繁栄（明・清）(1).md pp.296,
第18回_04_中華帝国の完成〜明の滅亡と清の中国支配〜,WH-180113,244,標準,人物,カスティリオーネ,かすてぃりおーね,郎世寧,近世,東アジア,イタリア・中国（北京）,18世紀（康熙・雍正・乾隆帝期）,1715,WH-180113-B01,beginner,用語の特定,identify,清の宮廷画家として西洋画法を紹介し、円明園(えんめいえん)の設計にも関わったイタリア人は？,カスティリオーネ,カスティリオーネ,郎世寧,,,18_中華帝国の繁栄（明・清）(1).md pp.296,
第18回_04_中華帝国の完成〜明の滅亡と清の中国支配〜,WH-180113,244,標準,人物,カスティリオーネ,かすてぃりおーね,郎世寧,近世,東アジア,イタリア・中国（北京）,18世紀（康熙・雍正・乾隆帝期）,1715,WH-180113-B02,beginner,地域,place,カスティリオーネの出身国は？,イタリア,イタリア,,,,18_中華帝国の繁栄（明・清）(1).md pp.296,
第18回_04_中華帝国の完成〜明の滅亡と清の中国支配〜,WH-180113,244,標準,人物,カスティリオーネ,かすてぃりおーね,郎世寧,近世,東アジア,イタリア・中国（北京）,18世紀（康熙・雍正・乾隆帝期）,1715,WH-180113-B03,beginner,内容,content,カスティリオーネが清の宮廷で紹介した絵画の技法は？,西洋画法,西洋画法,,,,18_中華帝国の繁栄（明・清）(1).md pp.296,
第18回_04_中華帝国の完成〜明の滅亡と清の中国支配〜,WH-180113,244,標準,人物,カスティリオーネ,かすてぃりおーね,郎世寧,近世,東アジア,イタリア・中国（北京）,18世紀（康熙・雍正・乾隆帝期）,1715,WH-180113-B04,beginner,内容,content,カスティリオーネが設計に関わった北京の離宮は？,円明園(えんめいえん),円明園,,,,18_中華帝国の繁栄（明・清）(1).md pp.296,
第18回_04_中華帝国の完成〜明の滅亡と清の中国支配〜,WH-180113,244,標準,人物,カスティリオーネ,かすてぃりおーね,郎世寧,近世,東アジア,イタリア・中国（北京）,18世紀（康熙・雍正・乾隆帝期）,1715,WH-180113-R01,reverse,複合説明,reverse,カスティリオーネは何をした？,18世紀の中国で康熙・雍正・乾隆の3皇帝に仕えた、イタリア出身の**宮廷画家**。中国名を**郎世寧(ろうせいねい)**とし、**西洋画法**を紹介して、北京の離宮**円明園(えんめいえん)**の設計にも関わった。,宮廷画家|郎世寧|西洋画法|円明園,,,,18_中華帝国の繁栄（明・清）(1).md pp.296,
第18回_04_中華帝国の完成〜明の滅亡と清の中国支配〜,WH-180113,244,標準,人物,カスティリオーネ,かすてぃりおーね,郎世寧,近世,東アジア,イタリア・中国（北京）,18世紀（康熙・雍正・乾隆帝期）,1715,WH-180113-I01,integrated,統合説明,integrated,「カスティリオーネ」について説明せよ。,18世紀の中国で康熙・雍正・乾隆の3皇帝に仕えた、イタリア出身の**宮廷画家**。中国名を**郎世寧(ろうせいねい)**とし、**西洋画法**を紹介して、北京の離宮**円明園(えんめいえん)**の設計にも関わった。,宮廷画家|郎世寧|西洋画法|円明園,,,,18_中華帝国の繁栄（明・清）(1).md pp.296,
第18回_04_中華帝国の完成〜明の滅亡と清の中国支配〜,WH-180114,336,発展,文化・技術・学問,円明園,えんめいえん,,近世,東アジア,中国（北京）,18世紀の清,1750,WH-180114-B01,beginner,用語の特定,identify,カスティリオーネが設計に関わり、北京に造営されたバロック式の離宮は？,円明園(えんめいえん),円明園,,,,18_中華帝国の繁栄（明・清）(1).md pp.296,
第18回_04_中華帝国の完成〜明の滅亡と清の中国支配〜,WH-180114,336,発展,文化・技術・学問,円明園,えんめいえん,,近世,東アジア,中国（北京）,18世紀の清,1750,WH-180114-B02,beginner,中心人物,person,円明園(えんめいえん)の設計で資料が挙げる人物は？,カスティリオーネ,カスティリオーネ,,,,18_中華帝国の繁栄（明・清）(1).md pp.296,
第18回_04_中華帝国の完成〜明の滅亡と清の中国支配〜,WH-180114,336,発展,文化・技術・学問,円明園,えんめいえん,,近世,東アジア,中国（北京）,18世紀の清,1750,WH-180114-B03,beginner,地域,place,円明園(えんめいえん)が造営された都市は？,北京,北京,,,,18_中華帝国の繁栄（明・清）(1).md pp.296,
第18回_04_中華帝国の完成〜明の滅亡と清の中国支配〜,WH-180114,336,発展,文化・技術・学問,円明園,えんめいえん,,近世,東アジア,中国（北京）,18世紀の清,1750,WH-180114-B04,beginner,内容,content,資料で円明園(えんめいえん)の建築様式として挙げられるものは？,バロック式,バロック式,,,,18_中華帝国の繁栄（明・清）(1).md pp.296,
第18回_04_中華帝国の完成〜明の滅亡と清の中国支配〜,WH-180114,336,発展,文化・技術・学問,円明園,えんめいえん,,近世,東アジア,中国（北京）,18世紀の清,1750,WH-180114-R01,reverse,複合説明,reverse,円明園(えんめいえん)はどんな特徴がある？,18世紀の中国の北京で造営された離宮。資料では、**カスティリオーネ**が設計した**バロック式**の離宮として紹介され、西洋の建築や美術が清の宮廷に伝わった例とされる。,カスティリオーネ|バロック式,,,,18_中華帝国の繁栄（明・清）(1).md pp.296,
第18回_04_中華帝国の完成〜明の滅亡と清の中国支配〜,WH-180114,336,発展,文化・技術・学問,円明園,えんめいえん,,近世,東アジア,中国（北京）,18世紀の清,1750,WH-180114-I01,integrated,統合説明,integrated,「円明園(えんめいえん)」について説明せよ。,18世紀の中国の北京で造営された離宮。資料では、**カスティリオーネ**が設計した**バロック式**の離宮として紹介され、西洋の建築や美術が清の宮廷に伝わった例とされる。,カスティリオーネ|バロック式,,,,18_中華帝国の繁栄（明・清）(1).md pp.296,
第18回_04_中華帝国の完成〜明の滅亡と清の中国支配〜,WH-180115,245,標準,制度・政策・法律,朝鮮通信使,ちょうせんつうしんし,,近世,東アジア,朝鮮・日本（対馬を介する関係）,17世紀以降の江戸時代,1607,WH-180115-B01,beginner,用語の特定,identify,豊臣秀吉の朝鮮侵略後、江戸幕府との国交回復を経て朝鮮から日本へ送られた使節は？,朝鮮通信使,朝鮮通信使,,,,18_中華帝国の繁栄（明・清）(1).md pp.297–298,
第18回_04_中華帝国の完成〜明の滅亡と清の中国支配〜,WH-180115,245,標準,制度・政策・法律,朝鮮通信使,ちょうせんつうしんし,,近世,東アジア,朝鮮・日本（対馬を介する関係）,17世紀以降の江戸時代,1607,WH-180115-B02,beginner,国家・勢力・社会集団,actor,朝鮮通信使派遣につながる国交回復を仲介した対馬の勢力は？,宗氏,宗氏,,,,18_中華帝国の繁栄（明・清）(1).md pp.297–298,
第18回_04_中華帝国の完成〜明の滅亡と清の中国支配〜,WH-180115,245,標準,制度・政策・法律,朝鮮通信使,ちょうせんつうしんし,,近世,東アジア,朝鮮・日本（対馬を介する関係）,17世紀以降の江戸時代,1607,WH-180115-B03,beginner,国家・勢力・社会集団,actor,朝鮮通信使の日本側の外交相手となった政権は？,江戸幕府,江戸幕府,,,,18_中華帝国の繁栄（明・清）(1).md pp.297–298,
第18回_04_中華帝国の完成〜明の滅亡と清の中国支配〜,WH-180115,245,標準,制度・政策・法律,朝鮮通信使,ちょうせんつうしんし,,近世,東アジア,朝鮮・日本（対馬を介する関係）,17世紀以降の江戸時代,1607,WH-180115-B04,beginner,関連,relation,朝鮮通信使派遣に先立って日朝関係を悪化させた戦争は？,文禄・慶長の役(ぶんろくけいちょうのえき),文禄・慶長の役,壬辰・丁酉倭乱|豊臣秀吉の朝鮮侵略,,,18_中華帝国の繁栄（明・清）(1).md pp.297–298,
第18回_04_中華帝国の完成〜明の滅亡と清の中国支配〜,WH-180115,245,標準,制度・政策・法律,朝鮮通信使,ちょうせんつうしんし,,近世,東アジア,朝鮮・日本（対馬を介する関係）,17世紀以降の江戸時代,1607,WH-180115-R01,reverse,複合説明,reverse,朝鮮通信使はどんな制度・政策？,17世紀以降の江戸時代に、**朝鮮から日本**へ派遣された外交使節。豊臣秀吉の朝鮮侵略（**文禄・慶長の役(ぶんろくけいちょうのえき)**）で悪化した関係を、**対馬の宗氏**の仲介で回復したことを背景として、江戸幕府との交流を担った。,朝鮮から日本|文禄・慶長の役|対馬の宗氏,,,,18_中華帝国の繁栄（明・清）(1).md pp.297–298,
第18回_04_中華帝国の完成〜明の滅亡と清の中国支配〜,WH-180115,245,標準,制度・政策・法律,朝鮮通信使,ちょうせんつうしんし,,近世,東アジア,朝鮮・日本（対馬を介する関係）,17世紀以降の江戸時代,1607,WH-180115-I01,integrated,統合説明,integrated,「朝鮮通信使」について説明せよ。,17世紀以降の江戸時代に、**朝鮮から日本**へ派遣された外交使節。豊臣秀吉の朝鮮侵略（**文禄・慶長の役(ぶんろくけいちょうのえき)**）で悪化した関係を、**対馬の宗氏**の仲介で回復したことを背景として、江戸幕府との交流を担った。,朝鮮から日本|文禄・慶長の役|対馬の宗氏,,,,18_中華帝国の繁栄（明・清）(1).md pp.297–298,
第18回_04_中華帝国の完成〜明の滅亡と清の中国支配〜,WH-180116,337,発展,制度・政策・法律,両属体制,りょうぞくたいせい,,近世,東アジア,琉球・日本・中国,17世紀以降,1644,WH-180116-B01,beginner,用語の特定,identify,琉球(りゅうきゅう)が薩摩の支配を受けながら清への朝貢(ちょうこう)も続け、日本と清の双方に属した関係は？,両属体制,両属体制,,,,18_中華帝国の繁栄（明・清）(1).md pp.297,
第18回_04_中華帝国の完成〜明の滅亡と清の中国支配〜,WH-180116,337,発展,制度・政策・法律,両属体制,りょうぞくたいせい,,近世,東アジア,琉球・日本・中国,17世紀以降,1644,WH-180116-B02,beginner,国家・勢力・社会集団,actor,琉球(りゅうきゅう)の両属体制における二つの相手は？,日本と清,日本と清,,,,18_中華帝国の繁栄（明・清）(1).md pp.297,
第18回_04_中華帝国の完成〜明の滅亡と清の中国支配〜,WH-180116,337,発展,制度・政策・法律,両属体制,りょうぞくたいせい,,近世,東アジア,琉球・日本・中国,17世紀以降,1644,WH-180116-B03,beginner,国家・勢力・社会集団,actor,両属体制成立の前提として琉球(りゅうきゅう)を征服した薩摩の勢力は？,島津氏,島津氏,,,,18_中華帝国の繁栄（明・清）(1).md pp.297,
第18回_04_中華帝国の完成〜明の滅亡と清の中国支配〜,WH-180116,337,発展,制度・政策・法律,両属体制,りょうぞくたいせい,,近世,東アジア,琉球・日本・中国,17世紀以降,1644,WH-180116-B04,beginner,内容,content,両属体制のもとでも琉球(りゅうきゅう)が中国に対して続けた行為は？,朝貢(ちょうこう),朝貢,,,,18_中華帝国の繁栄（明・清）(1).md pp.297,
第18回_04_中華帝国の完成〜明の滅亡と清の中国支配〜,WH-180116,337,発展,制度・政策・法律,両属体制,りょうぞくたいせい,,近世,東アジア,琉球・日本・中国,17世紀以降,1644,WH-180116-R01,reverse,複合説明,reverse,両属体制はどんな制度・政策？,17世紀以降の琉球(りゅうきゅう)が、**日本と清**の双方に属した関係。**薩摩の島津氏**に征服された後も、江戸幕府と薩摩は中国との貿易経路を残すため、琉球に**中国への朝貢(ちょうこう)**を続けさせた。,日本と清|薩摩の島津氏|中国への朝貢,,,,18_中華帝国の繁栄（明・清）(1).md pp.297,
第18回_04_中華帝国の完成〜明の滅亡と清の中国支配〜,WH-180116,337,発展,制度・政策・法律,両属体制,りょうぞくたいせい,,近世,東アジア,琉球・日本・中国,17世紀以降,1644,WH-180116-I01,integrated,統合説明,integrated,「両属体制」について説明せよ。,17世紀以降の琉球(りゅうきゅう)が、**日本と清**の双方に属した関係。**薩摩の島津氏**に征服された後も、江戸幕府と薩摩は中国との貿易経路を残すため、琉球に**中国への朝貢(ちょうこう)**を続けさせた。,日本と清|薩摩の島津氏|中国への朝貢,,,,18_中華帝国の繁栄（明・清）(1).md pp.297,
第18回_04_中華帝国の完成〜明の滅亡と清の中国支配〜,WH-180117,338,発展,経済・交易,四つの口,よっつのくち,,近世,東アジア,日本（長崎・対馬・琉球・松前）,17世紀以降の江戸時代,1640,WH-180117-B01,beginner,用語の特定,identify,江戸幕府の海禁政策(かいきんせいさく)のもとでも対外交流が行われた、長崎・対馬・琉球(りゅうきゅう)・松前の経路の総称は？,四つの口,四つの口,,,,18_中華帝国の繁栄（明・清）(1).md pp.297,
第18回_04_中華帝国の完成〜明の滅亡と清の中国支配〜,WH-180117,338,発展,経済・交易,四つの口,よっつのくち,,近世,東アジア,日本（長崎・対馬・琉球・松前）,17世紀以降の江戸時代,1640,WH-180117-B02,beginner,地域,place,四つの口のうち、オランダ・中国と取引した港は？,長崎,長崎,,,,18_中華帝国の繁栄（明・清）(1).md pp.297,
第18回_04_中華帝国の完成〜明の滅亡と清の中国支配〜,WH-180117,338,発展,経済・交易,四つの口,よっつのくち,,近世,東アジア,日本（長崎・対馬・琉球・松前）,17世紀以降の江戸時代,1640,WH-180117-B03,beginner,地域,place,四つの口のうち、朝鮮との交流を担った経路は？,対馬,対馬,,,,18_中華帝国の繁栄（明・清）(1).md pp.297,
第18回_04_中華帝国の完成〜明の滅亡と清の中国支配〜,WH-180117,338,発展,経済・交易,四つの口,よっつのくち,,近世,東アジア,日本（長崎・対馬・琉球・松前）,17世紀以降の江戸時代,1640,WH-180117-B04,beginner,地域,place,四つの口のうち、アイヌとの交易を担った経路は？,松前,松前,,,,18_中華帝国の繁栄（明・清）(1).md pp.297,
第18回_04_中華帝国の完成〜明の滅亡と清の中国支配〜,WH-180117,338,発展,経済・交易,四つの口,よっつのくち,,近世,東アジア,日本（長崎・対馬・琉球・松前）,17世紀以降の江戸時代,1640,WH-180117-B05,beginner,地域,place,四つの口のうち、長崎以外で中国につながる経路は？,琉球(りゅうきゅう),琉球,,,,18_中華帝国の繁栄（明・清）(1).md pp.297,
第18回_04_中華帝国の完成〜明の滅亡と清の中国支配〜,WH-180117,338,発展,経済・交易,四つの口,よっつのくち,,近世,東アジア,日本（長崎・対馬・琉球・松前）,17世紀以降の江戸時代,1640,WH-180117-R01,reverse,複合説明,reverse,四つの口はどんな取引・経済活動？,17世紀以降の日本の江戸時代に、海禁政策(かいきんせいさく)下でも残された対外交流の経路。**長崎**でオランダ・中国、**対馬**で朝鮮、**琉球(りゅうきゅう)**を通じて中国、**松前**を通じてアイヌと交易や交流を行った。,長崎|対馬|琉球|松前,,,,18_中華帝国の繁栄（明・清）(1).md pp.297,
第18回_04_中華帝国の完成〜明の滅亡と清の中国支配〜,WH-180117,338,発展,経済・交易,四つの口,よっつのくち,,近世,東アジア,日本（長崎・対馬・琉球・松前）,17世紀以降の江戸時代,1640,WH-180117-I01,integrated,統合説明,integrated,「四つの口」について説明せよ。,17世紀以降の日本の江戸時代に、海禁政策(かいきんせいさく)下でも残された対外交流の経路。**長崎**でオランダ・中国、**対馬**で朝鮮、**琉球(りゅうきゅう)**を通じて中国、**松前**を通じてアイヌと交易や交流を行った。,長崎|対馬|琉球|松前,,,,18_中華帝国の繁栄（明・清）(1).md pp.297,
第18回_04_中華帝国の完成〜明の滅亡と清の中国支配〜,WH-180118,246,標準,思想・主義,小中華,しょうちゅうか,,近世,東アジア,朝鮮半島,17世紀以降の朝鮮,1644,WH-180118-B01,beginner,用語の特定,identify,明の滅亡後、正統な中華文明は朝鮮に受け継がれていると考えた朝鮮側の意識は？,小中華,小中華,,,,18_中華帝国の繁栄（明・清）(1).md pp.297,
第18回_04_中華帝国の完成〜明の滅亡と清の中国支配〜,WH-180118,246,標準,思想・主義,小中華,しょうちゅうか,,近世,東アジア,朝鮮半島,17世紀以降の朝鮮,1644,WH-180118-B02,beginner,地域,place,小中華の意識が強まった地域は？,朝鮮,朝鮮,,,,18_中華帝国の繁栄（明・清）(1).md pp.297,
第18回_04_中華帝国の完成〜明の滅亡と清の中国支配〜,WH-180118,246,標準,思想・主義,小中華,しょうちゅうか,,近世,東アジア,朝鮮半島,17世紀以降の朝鮮,1644,WH-180118-B03,beginner,国家・勢力・社会集団,actor,小中華の意識で文化を継承したとされた中国王朝は？,明,明,,,,18_中華帝国の繁栄（明・清）(1).md pp.297,
第18回_04_中華帝国の完成〜明の滅亡と清の中国支配〜,WH-180118,246,標準,思想・主義,小中華,しょうちゅうか,,近世,東アジア,朝鮮半島,17世紀以降の朝鮮,1644,WH-180118-B04,beginner,内容,content,小中華の意識のもとで朝鮮が特に重視した儀礼は？,儒教的儀礼,儒教的儀礼,,,,18_中華帝国の繁栄（明・清）(1).md pp.297,
第18回_04_中華帝国の完成〜明の滅亡と清の中国支配〜,WH-180118,246,標準,思想・主義,小中華,しょうちゅうか,,近世,東アジア,朝鮮半島,17世紀以降の朝鮮,1644,WH-180118-R01,reverse,複合説明,reverse,小中華はどんな考え？,17世紀以降の朝鮮で、**明の滅亡**後に、正統な中華文明は自国に受け継がれたと考えた意識。清に朝貢(ちょうこう)しつつもその文化的正統性を認めず、**儒教的儀礼**を重視した。,明の滅亡|儒教的儀礼,,,,18_中華帝国の繁栄（明・清）(1).md pp.297,
第18回_04_中華帝国の完成〜明の滅亡と清の中国支配〜,WH-180118,246,標準,思想・主義,小中華,しょうちゅうか,,近世,東アジア,朝鮮半島,17世紀以降の朝鮮,1644,WH-180118-I01,integrated,統合説明,integrated,「小中華」について説明せよ。,17世紀以降の朝鮮で、**明の滅亡**後に、正統な中華文明は自国に受け継がれたと考えた意識。清に朝貢(ちょうこう)しつつもその文化的正統性を認めず、**儒教的儀礼**を重視した。,明の滅亡|儒教的儀礼,,,,18_中華帝国の繁栄（明・清）(1).md pp.297,
第18回_04_中華帝国の完成〜明の滅亡と清の中国支配〜,WH-180119,247,標準,組織・政党,公行,こうこう,広東十三行,近世,東アジア,中国（広州）,18世紀半ば以降（乾隆帝期）,1757,WH-180119-B01,beginner,用語の特定,identify,乾隆帝(けんりゅうてい)の貿易管理下で、広州のヨーロッパ貿易を担当した中国側特許商人の組合は？,公行(こうこう),公行,広東十三行,,,18_中華帝国の繁栄（明・清）(1).md pp.297,
第18回_04_中華帝国の完成〜明の滅亡と清の中国支配〜,WH-180119,247,標準,組織・政党,公行,こうこう,広東十三行,近世,東アジア,中国（広州）,18世紀半ば以降（乾隆帝期）,1757,WH-180119-B02,beginner,地域,place,公行(こうこう)がヨーロッパ商人と取引した都市は？,広州,広州,,,,18_中華帝国の繁栄（明・清）(1).md pp.297,
第18回_04_中華帝国の完成〜明の滅亡と清の中国支配〜,WH-180119,247,標準,組織・政党,公行,こうこう,広東十三行,近世,東アジア,中国（広州）,18世紀半ば以降（乾隆帝期）,1757,WH-180119-B03,beginner,中心人物,person,公行(こうこう)を相手とする貿易管理を行った清の皇帝は？,乾隆帝(けんりゅうてい),乾隆帝,,,,18_中華帝国の繁栄（明・清）(1).md pp.297,
第18回_04_中華帝国の完成〜明の滅亡と清の中国支配〜,WH-180119,247,標準,組織・政党,公行,こうこう,広東十三行,近世,東アジア,中国（広州）,18世紀半ば以降（乾隆帝期）,1757,WH-180119-B04,beginner,国家・勢力・社会集団,actor,公行(こうこう)を構成した、中国側の特許商人の呼称は？,行商,行商,,,,18_中華帝国の繁栄（明・清）(1).md pp.297,
第18回_04_中華帝国の完成〜明の滅亡と清の中国支配〜,WH-180119,247,標準,組織・政党,公行,こうこう,広東十三行,近世,東アジア,中国（広州）,18世紀半ば以降（乾隆帝期）,1757,WH-180119-R01,reverse,複合説明,reverse,公行(こうこう)は何をした？,18世紀半ば以降の中国の**広州**で、清がヨーロッパ商船の取引相手として指定した**行商の組合**。**広東十三行**とも呼ばれ、乾隆帝(けんりゅうてい)による貿易管理の仕組みを担った。,広州|行商の組合|広東十三行,,,,18_中華帝国の繁栄（明・清）(1).md pp.297,
第18回_04_中華帝国の完成〜明の滅亡と清の中国支配〜,WH-180119,247,標準,組織・政党,公行,こうこう,広東十三行,近世,東アジア,中国（広州）,18世紀半ば以降（乾隆帝期）,1757,WH-180119-I01,integrated,統合説明,integrated,「公行(こうこう)」について説明せよ。,18世紀半ば以降の中国の**広州**で、清がヨーロッパ商船の取引相手として指定した**行商の組合**。**広東十三行**とも呼ばれ、乾隆帝(けんりゅうてい)による貿易管理の仕組みを担った。,広州|行商の組合|広東十三行,,,,18_中華帝国の繁栄（明・清）(1).md pp.297,
第18回_04_中華帝国の完成〜明の滅亡と清の中国支配〜,WH-180120,248,標準,制度・政策・法律,カントン・システム,かんとんしすてむ,,近世,東アジア,中国（広州）とヨーロッパ,18世紀半ば以降,1757,WH-180120-B01,beginner,用語の特定,identify,清がヨーロッパ商船の入港地を広州に限り、公行(こうこう)とのみ取引させた貿易管理の仕組みは？,カントン・システム,カントン・システム,,,,18_中華帝国の繁栄（明・清）(1).md pp.297,
第18回_04_中華帝国の完成〜明の滅亡と清の中国支配〜,WH-180120,248,標準,制度・政策・法律,カントン・システム,かんとんしすてむ,,近世,東アジア,中国（広州）とヨーロッパ,18世紀半ば以降,1757,WH-180120-B02,beginner,中心人物,person,カントン・システムによって貿易を管理した清の皇帝は？,乾隆帝(けんりゅうてい),乾隆帝,,,,18_中華帝国の繁栄（明・清）(1).md pp.297,
第18回_04_中華帝国の完成〜明の滅亡と清の中国支配〜,WH-180120,248,標準,制度・政策・法律,カントン・システム,かんとんしすてむ,,近世,東アジア,中国（広州）とヨーロッパ,18世紀半ば以降,1757,WH-180120-B03,beginner,地域,place,カントン・システムでヨーロッパ商船の入港が認められた港は？,広州,広州,,,,18_中華帝国の繁栄（明・清）(1).md pp.297,
第18回_04_中華帝国の完成〜明の滅亡と清の中国支配〜,WH-180120,248,標準,制度・政策・法律,カントン・システム,かんとんしすてむ,,近世,東アジア,中国（広州）とヨーロッパ,18世紀半ば以降,1757,WH-180120-B04,beginner,国家・勢力・社会集団,actor,カントン・システムでヨーロッパ商人の取引相手となった組合は？,公行(こうこう),公行,広東十三行,,,18_中華帝国の繁栄（明・清）(1).md pp.297,
第18回_04_中華帝国の完成〜明の滅亡と清の中国支配〜,WH-180120,248,標準,制度・政策・法律,カントン・システム,かんとんしすてむ,,近世,東アジア,中国（広州）とヨーロッパ,18世紀半ば以降,1757,WH-180120-R01,reverse,複合説明,reverse,カントン・システムはどんな制度・政策？,18世紀半ば以降、中国の**乾隆帝(けんりゅうてい)**がヨーロッパとの貿易を管理した仕組み。入港地を**広州1港**に限定して**公行(こうこう)**との取引に限り、朝貢(ちょうこう)しないヨーロッパ諸国にも政治交渉を伴わない互市貿易を認めた。,乾隆帝|広州1港|公行,,,,18_中華帝国の繁栄（明・清）(1).md pp.297,
第18回_04_中華帝国の完成〜明の滅亡と清の中国支配〜,WH-180120,248,標準,制度・政策・法律,カントン・システム,かんとんしすてむ,,近世,東アジア,中国（広州）とヨーロッパ,18世紀半ば以降,1757,WH-180120-I01,integrated,統合説明,integrated,「カントン・システム」について説明せよ。,18世紀半ば以降、中国の**乾隆帝(けんりゅうてい)**がヨーロッパとの貿易を管理した仕組み。入港地を**広州1港**に限定して**公行(こうこう)**との取引に限り、朝貢(ちょうこう)しないヨーロッパ諸国にも政治交渉を伴わない互市貿易を認めた。,乾隆帝|広州1港|公行,,,,18_中華帝国の繁栄（明・清）(1).md pp.297,
第18回_04_中華帝国の完成〜明の滅亡と清の中国支配〜,WH-180121,249,標準,人物,李成桂,りせいけい,,近世,東アジア,朝鮮半島（漢城）,14世紀末（1392年に建国）,1392,WH-180121-B01,beginner,用語の特定,identify,高麗を滅ぼして朝鮮を建て、朱子学(しゅしがく)の官学化や科田法(かでんほう)を進めた人物は？,李成桂(りせいけい),李成桂,,,,18_中華帝国の繁栄（明・清）(1).md pp.298,
第18回_04_中華帝国の完成〜明の滅亡と清の中国支配〜,WH-180121,249,標準,人物,李成桂,りせいけい,,近世,東アジア,朝鮮半島（漢城）,14世紀末（1392年に建国）,1392,WH-180121-B02,beginner,時期,time,李成桂(りせいけい)が朝鮮を建国したのはいつ？,1392年,1392年,,,1392：「李成桂が　いざ国づくり」朝鮮（李朝）の建国,18_中華帝国の繁栄（明・清）(1).md pp.298,
第18回_04_中華帝国の完成〜明の滅亡と清の中国支配〜,WH-180121,249,標準,人物,李成桂,りせいけい,,近世,東アジア,朝鮮半島（漢城）,14世紀末（1392年に建国）,1392,WH-180121-B03,beginner,国家・勢力・社会集団,actor,李成桂(りせいけい)が滅ぼした王朝は？,高麗,高麗,,,,18_中華帝国の繁栄（明・清）(1).md pp.298,
第18回_04_中華帝国の完成〜明の滅亡と清の中国支配〜,WH-180121,249,標準,人物,李成桂,りせいけい,,近世,東アジア,朝鮮半島（漢城）,14世紀末（1392年に建国）,1392,WH-180121-B04,beginner,内容,content,李成桂(りせいけい)が官学とした儒学は？,朱子学(しゅしがく),朱子学,,,,18_中華帝国の繁栄（明・清）(1).md pp.298,
第18回_04_中華帝国の完成〜明の滅亡と清の中国支配〜,WH-180121,249,標準,人物,李成桂,りせいけい,,近世,東アジア,朝鮮半島（漢城）,14世紀末（1392年に建国）,1392,WH-180121-B05,beginner,内容,content,李成桂(りせいけい)が定めた官僚への土地支給法は？,科田法(かでんほう),科田法,,,,18_中華帝国の繁栄（明・清）(1).md pp.298,
第18回_04_中華帝国の完成〜明の滅亡と清の中国支配〜,WH-180121,249,標準,人物,李成桂,りせいけい,,近世,東アジア,朝鮮半島（漢城）,14世紀末（1392年に建国）,1392,WH-180121-R01,reverse,複合説明,reverse,李成桂(りせいけい)は何をした？,14世紀末の朝鮮半島で、**1392年**に高麗を滅ぼして**朝鮮**を建て、**漢城(かんじょう)**を都とした人物。**朱子学(しゅしがく)を官学化**し、官僚への土地支給を定める**科田法(かでんほう)**を整えた。,1392年|朝鮮|漢城|朱子学を官学化|科田法,,,1392：「李成桂が　いざ国づくり」朝鮮（李朝）の建国,18_中華帝国の繁栄（明・清）(1).md pp.298,
第18回_04_中華帝国の完成〜明の滅亡と清の中国支配〜,WH-180121,249,標準,人物,李成桂,りせいけい,,近世,東アジア,朝鮮半島（漢城）,14世紀末（1392年に建国）,1392,WH-180121-I01,integrated,統合説明,integrated,「李成桂(りせいけい)」について説明せよ。,14世紀末の朝鮮半島で、**1392年**に高麗を滅ぼして**朝鮮**を建て、**漢城(かんじょう)**を都とした人物。**朱子学(しゅしがく)を官学化**し、官僚への土地支給を定める**科田法(かでんほう)**を整えた。,1392年|朝鮮|漢城|朱子学を官学化|科田法,,,1392：「李成桂が　いざ国づくり」朝鮮（李朝）の建国,18_中華帝国の繁栄（明・清）(1).md pp.298,
第18回_04_中華帝国の完成〜明の滅亡と清の中国支配〜,WH-180122,250,標準,制度・政策・法律,科田法,かでんほう,,近世,東アジア,朝鮮半島,14世紀末（朝鮮建国期）,1392,WH-180122-B01,beginner,用語の特定,identify,李成桂(りせいけい)が定めた、官僚に土地を支給する制度は？,科田法(かでんほう),科田法,,,,18_中華帝国の繁栄（明・清）(1).md pp.298,
第18回_04_中華帝国の完成〜明の滅亡と清の中国支配〜,WH-180122,250,標準,制度・政策・法律,科田法,かでんほう,,近世,東アジア,朝鮮半島,14世紀末（朝鮮建国期）,1392,WH-180122-B02,beginner,中心人物,person,科田法(かでんほう)を定めた朝鮮の建国者は？,李成桂(りせいけい),李成桂,,,,18_中華帝国の繁栄（明・清）(1).md pp.298,
第18回_04_中華帝国の完成〜明の滅亡と清の中国支配〜,WH-180122,250,標準,制度・政策・法律,科田法,かでんほう,,近世,東アジア,朝鮮半島,14世紀末（朝鮮建国期）,1392,WH-180122-B03,beginner,国家・勢力・社会集団,actor,科田法(かでんほう)で土地支給の対象になった人びとは？,官僚,官僚,,,,18_中華帝国の繁栄（明・清）(1).md pp.298,
第18回_04_中華帝国の完成〜明の滅亡と清の中国支配〜,WH-180122,250,標準,制度・政策・法律,科田法,かでんほう,,近世,東アジア,朝鮮半島,14世紀末（朝鮮建国期）,1392,WH-180122-R01,reverse,複合説明,reverse,科田法(かでんほう)はどんな制度・政策？,14世紀末の朝鮮半島で、朝鮮建国者の**李成桂(りせいけい)**が定めた**官僚への土地支給法**。明にならった官僚制度や両班(りょうはん)支配を整える時期の土地制度だった。,李成桂|官僚への土地支給法,,,,18_中華帝国の繁栄（明・清）(1).md pp.298,
第18回_04_中華帝国の完成〜明の滅亡と清の中国支配〜,WH-180122,250,標準,制度・政策・法律,科田法,かでんほう,,近世,東アジア,朝鮮半島,14世紀末（朝鮮建国期）,1392,WH-180122-I01,integrated,統合説明,integrated,「科田法(かでんほう)」について説明せよ。,14世紀末の朝鮮半島で、朝鮮建国者の**李成桂(りせいけい)**が定めた**官僚への土地支給法**。明にならった官僚制度や両班(りょうはん)支配を整える時期の土地制度だった。,李成桂|官僚への土地支給法,,,,18_中華帝国の繁栄（明・清）(1).md pp.298,
第18回_04_中華帝国の完成〜明の滅亡と清の中国支配〜,WH-180123,251,標準,文化・技術・学問,訓民正音,くんみんせいおん,,近世,東アジア,朝鮮半島,1446年,1446,WH-180123-B01,beginner,用語の特定,identify,1446年に朝鮮の世宗(せいそう)が制定した朝鮮文字は？,訓民正音(くんみんせいおん),訓民正音,,,,18_中華帝国の繁栄（明・清）(1).md pp.298,
第18回_04_中華帝国の完成〜明の滅亡と清の中国支配〜,WH-180123,251,標準,文化・技術・学問,訓民正音,くんみんせいおん,,近世,東アジア,朝鮮半島,1446年,1446,WH-180123-B02,beginner,時期,time,訓民正音(くんみんせいおん)が制定されたのはいつ？,1446年,1446年,,,,18_中華帝国の繁栄（明・清）(1).md pp.298,
第18回_04_中華帝国の完成〜明の滅亡と清の中国支配〜,WH-180123,251,標準,文化・技術・学問,訓民正音,くんみんせいおん,,近世,東アジア,朝鮮半島,1446年,1446,WH-180123-B03,beginner,中心人物,person,訓民正音(くんみんせいおん)を制定した朝鮮の国王は？,世宗(せいそう),世宗,,,,18_中華帝国の繁栄（明・清）(1).md pp.298,
第18回_04_中華帝国の完成〜明の滅亡と清の中国支配〜,WH-180123,251,標準,文化・技術・学問,訓民正音,くんみんせいおん,,近世,東アジア,朝鮮半島,1446年,1446,WH-180123-B04,beginner,国家・勢力・社会集団,actor,訓民正音(くんみんせいおん)が制定された王朝は？,朝鮮,朝鮮,朝鮮（李朝）,,,18_中華帝国の繁栄（明・清）(1).md pp.298,
第18回_04_中華帝国の完成〜明の滅亡と清の中国支配〜,WH-180123,251,標準,文化・技術・学問,訓民正音,くんみんせいおん,,近世,東アジア,朝鮮半島,1446年,1446,WH-180123-R01,reverse,時期,time,訓民正音(くんみんせいおん)が制定されたのはいつ？,**1446年**。,1446年,,,,18_中華帝国の繁栄（明・清）(1).md pp.298,
第18回_04_中華帝国の完成〜明の滅亡と清の中国支配〜,WH-180123,251,標準,文化・技術・学問,訓民正音,くんみんせいおん,,近世,東アジア,朝鮮半島,1446年,1446,WH-180123-R02,reverse,複合説明,reverse,訓民正音(くんみんせいおん)はどんな特徴がある？,**1446年**に朝鮮半島で、朝鮮の第4代国王**世宗(せいそう)**が制定した**朝鮮文字**。朝鮮王朝における独自の文化の発展を示す。,1446年|世宗|朝鮮文字,,,,18_中華帝国の繁栄（明・清）(1).md pp.298,
第18回_04_中華帝国の完成〜明の滅亡と清の中国支配〜,WH-180123,251,標準,文化・技術・学問,訓民正音,くんみんせいおん,,近世,東アジア,朝鮮半島,1446年,1446,WH-180123-I01,integrated,統合説明,integrated,「訓民正音(くんみんせいおん)」について説明せよ。,**1446年**に朝鮮半島で、朝鮮の第4代国王**世宗(せいそう)**が制定した**朝鮮文字**。朝鮮王朝における独自の文化の発展を示す。,1446年|世宗|朝鮮文字,,,,18_中華帝国の繁栄（明・清）(1).md pp.298,
第18回_04_中華帝国の完成〜明の滅亡と清の中国支配〜,WH-180124,339,発展,人物,世宗,せいそう,,近世,東アジア,朝鮮半島,15世紀前半（朝鮮の第4代）,1446,WH-180124-B01,beginner,用語の特定,identify,1446年に訓民正音(くんみんせいおん)を制定した朝鮮の第4代国王は？,世宗(せいそう),世宗,,,,18_中華帝国の繁栄（明・清）(1).md pp.298,
第18回_04_中華帝国の完成〜明の滅亡と清の中国支配〜,WH-180124,339,発展,人物,世宗,せいそう,,近世,東アジア,朝鮮半島,15世紀前半（朝鮮の第4代）,1446,WH-180124-B02,beginner,国家・勢力・社会集団,actor,世宗(せいそう)が第4代国王を務めた王朝は？,朝鮮,朝鮮,朝鮮（李朝）,,,18_中華帝国の繁栄（明・清）(1).md pp.298,
第18回_04_中華帝国の完成〜明の滅亡と清の中国支配〜,WH-180124,339,発展,人物,世宗,せいそう,,近世,東アジア,朝鮮半島,15世紀前半（朝鮮の第4代）,1446,WH-180124-B03,beginner,内容,content,朝鮮の世宗(せいそう)が制定した文字は？,訓民正音(くんみんせいおん),訓民正音,,,,18_中華帝国の繁栄（明・清）(1).md pp.298,
第18回_04_中華帝国の完成〜明の滅亡と清の中国支配〜,WH-180124,339,発展,人物,世宗,せいそう,,近世,東アジア,朝鮮半島,15世紀前半（朝鮮の第4代）,1446,WH-180124-B04,beginner,時期,time,朝鮮の世宗(せいそう)が訓民正音(くんみんせいおん)を制定したのはいつ？,1446年,1446年,,,,18_中華帝国の繁栄（明・清）(1).md pp.298,
第18回_04_中華帝国の完成〜明の滅亡と清の中国支配〜,WH-180124,339,発展,人物,世宗,せいそう,,近世,東アジア,朝鮮半島,15世紀前半（朝鮮の第4代）,1446,WH-180124-R01,reverse,複合説明,reverse,朝鮮の世宗(せいそう)は何をした？,15世紀前半の朝鮮半島で、朝鮮の第4代国王として**1446年に訓民正音(くんみんせいおん)**を制定した人物。朝鮮独自の文字の制定を通じて文化の発展に関わった。,1446年に訓民正音,,,,18_中華帝国の繁栄（明・清）(1).md pp.298,
第18回_04_中華帝国の完成〜明の滅亡と清の中国支配〜,WH-180124,339,発展,人物,世宗,せいそう,,近世,東アジア,朝鮮半島,15世紀前半（朝鮮の第4代）,1446,WH-180124-I01,integrated,統合説明,integrated,「世宗(せいそう)」について説明せよ。,15世紀前半の朝鮮半島で、朝鮮の第4代国王として**1446年に訓民正音(くんみんせいおん)**を制定した人物。朝鮮独自の文字の制定を通じて文化の発展に関わった。,1446年に訓民正音,,,,18_中華帝国の繁栄（明・清）(1).md pp.298,
第18回_04_中華帝国の完成〜明の滅亡と清の中国支配〜,WH-180125,340,発展,文化・技術・学問,李朝白磁,りちょうはくじ,,近世,東アジア,朝鮮半島,14世紀末以降の朝鮮王朝,1392,WH-180125-B01,beginner,用語の特定,identify,朝鮮王朝で、宋磁の技法から発展した白い陶磁器は？,李朝白磁(りちょうはくじ),李朝白磁,,,,18_中華帝国の繁栄（明・清）(1).md pp.298,
第18回_04_中華帝国の完成〜明の滅亡と清の中国支配〜,WH-180125,340,発展,文化・技術・学問,李朝白磁,りちょうはくじ,,近世,東アジア,朝鮮半島,14世紀末以降の朝鮮王朝,1392,WH-180125-B02,beginner,関連,relation,李朝白磁(りちょうはくじ)が技法を受け継いだ中国の陶磁器は？,宋磁,宋磁,,,,18_中華帝国の繁栄（明・清）(1).md pp.298,
第18回_04_中華帝国の完成〜明の滅亡と清の中国支配〜,WH-180125,340,発展,文化・技術・学問,李朝白磁,りちょうはくじ,,近世,東アジア,朝鮮半島,14世紀末以降の朝鮮王朝,1392,WH-180125-B03,beginner,国家・勢力・社会集団,actor,李朝白磁(りちょうはくじ)が発展した朝鮮半島の王朝は？,朝鮮,朝鮮,朝鮮（李朝）,,,18_中華帝国の繁栄（明・清）(1).md pp.298,
第18回_04_中華帝国の完成〜明の滅亡と清の中国支配〜,WH-180125,340,発展,文化・技術・学問,李朝白磁,りちょうはくじ,,近世,東アジア,朝鮮半島,14世紀末以降の朝鮮王朝,1392,WH-180125-R01,reverse,複合説明,reverse,李朝白磁(りちょうはくじ)はどんな特徴がある？,14世紀末以降の朝鮮半島の朝鮮王朝で発展した白磁。**宋磁の技法**を受け継いで発展した陶磁器で、朝鮮王朝の文化を代表するものの一つだった。,宋磁の技法,,,,18_中華帝国の繁栄（明・清）(1).md pp.298,
第18回_04_中華帝国の完成〜明の滅亡と清の中国支配〜,WH-180125,340,発展,文化・技術・学問,李朝白磁,りちょうはくじ,,近世,東アジア,朝鮮半島,14世紀末以降の朝鮮王朝,1392,WH-180125-I01,integrated,統合説明,integrated,「李朝白磁(りちょうはくじ)」について説明せよ。,14世紀末以降の朝鮮半島の朝鮮王朝で発展した白磁。**宋磁の技法**を受け継いで発展した陶磁器で、朝鮮王朝の文化を代表するものの一つだった。,宋磁の技法,,,,18_中華帝国の繁栄（明・清）(1).md pp.298,
第18回_04_中華帝国の完成〜明の滅亡と清の中国支配〜,WH-180126,341,発展,組織・政党,団練,だんれん,,近代,東アジア,中国の地方社会,18世紀末〜19世紀初め,1800,WH-180126-B01,beginner,用語の特定,identify,清の正規軍による反乱鎮圧が難しくなるなか、郷紳(きょうしん)が組織した自衛団は？,団練(だんれん),団練,,,,18_中華帝国の繁栄（明・清）(1).md pp.299,
第18回_04_中華帝国の完成〜明の滅亡と清の中国支配〜,WH-180126,341,発展,組織・政党,団練,だんれん,,近代,東アジア,中国の地方社会,18世紀末〜19世紀初め,1800,WH-180126-B02,beginner,国家・勢力・社会集団,actor,団練(だんれん)を組織した地方の有力者層は？,郷紳(きょうしん),郷紳,,,,18_中華帝国の繁栄（明・清）(1).md pp.299,
第18回_04_中華帝国の完成〜明の滅亡と清の中国支配〜,WH-180126,341,発展,組織・政党,団練,だんれん,,近代,東アジア,中国の地方社会,18世紀末〜19世紀初め,1800,WH-180126-B03,beginner,内容,content,団練(だんれん)が正規軍を補って協力した活動は？,反乱の鎮圧,反乱の鎮圧,,,,18_中華帝国の繁栄（明・清）(1).md pp.299,
第18回_04_中華帝国の完成〜明の滅亡と清の中国支配〜,WH-180126,341,発展,組織・政党,団練,だんれん,,近代,東アジア,中国の地方社会,18世紀末〜19世紀初め,1800,WH-180126-R01,reverse,複合説明,reverse,団練(だんれん)は何をした？,18世紀末〜19世紀初めの中国で、地方有力者の**郷紳(きょうしん)**が組織した**自衛団**。清の正規軍が十分に対応できない民衆反乱の鎮圧に協力した。,郷紳|自衛団,,,,18_中華帝国の繁栄（明・清）(1).md pp.299,
第18回_04_中華帝国の完成〜明の滅亡と清の中国支配〜,WH-180126,341,発展,組織・政党,団練,だんれん,,近代,東アジア,中国の地方社会,18世紀末〜19世紀初め,1800,WH-180126-I01,integrated,統合説明,integrated,「団練(だんれん)」について説明せよ。,18世紀末〜19世紀初めの中国で、地方有力者の**郷紳(きょうしん)**が組織した**自衛団**。清の正規軍が十分に対応できない民衆反乱の鎮圧に協力した。,郷紳|自衛団,,,,18_中華帝国の繁栄（明・清）(1).md pp.299,
第18回_04_中華帝国の完成〜明の滅亡と清の中国支配〜,WH-180127,252,標準,組織・政党,天地会,てんちかい,,近代,東アジア,中国（華南沿岸部）,18世紀末以降,1800,WH-180127-B01,beginner,用語の特定,identify,華南沿岸部で反清復明(はんしんふくみん)を掲げて活動した秘密結社は？,天地会,天地会,,,,18_中華帝国の繁栄（明・清）(1).md pp.299,
第18回_04_中華帝国の完成〜明の滅亡と清の中国支配〜,WH-180127,252,標準,組織・政党,天地会,てんちかい,,近代,東アジア,中国（華南沿岸部）,18世紀末以降,1800,WH-180127-B02,beginner,地域,place,天地会が主に活動した中国の地域は？,華南沿岸部,華南沿岸部,,,,18_中華帝国の繁栄（明・清）(1).md pp.299,
第18回_04_中華帝国の完成〜明の滅亡と清の中国支配〜,WH-180127,252,標準,組織・政党,天地会,てんちかい,,近代,東アジア,中国（華南沿岸部）,18世紀末以降,1800,WH-180127-B03,beginner,内容,content,天地会が掲げた政治的標語は？,反清復明(はんしんふくみん),反清復明,,,,18_中華帝国の繁栄（明・清）(1).md pp.299,
第18回_04_中華帝国の完成〜明の滅亡と清の中国支配〜,WH-180127,252,標準,組織・政党,天地会,てんちかい,,近代,東アジア,中国（華南沿岸部）,18世紀末以降,1800,WH-180127-R01,reverse,複合説明,reverse,天地会は何をした？,18世紀末以降の中国の**華南沿岸部**で活動が盛んになった秘密結社。**反清復明(はんしんふくみん)**を掲げて清の支配に反対した。,華南沿岸部|反清復明,,,,18_中華帝国の繁栄（明・清）(1).md pp.299,
第18回_04_中華帝国の完成〜明の滅亡と清の中国支配〜,WH-180127,252,標準,組織・政党,天地会,てんちかい,,近代,東アジア,中国（華南沿岸部）,18世紀末以降,1800,WH-180127-I01,integrated,統合説明,integrated,「天地会」について説明せよ。,18世紀末以降の中国の**華南沿岸部**で活動が盛んになった秘密結社。**反清復明(はんしんふくみん)**を掲げて清の支配に反対した。,華南沿岸部|反清復明,,,,18_中華帝国の繁栄（明・清）(1).md pp.299,
第18回_04_中華帝国の完成〜明の滅亡と清の中国支配〜,WH-180128,342,発展,組織・政党,哥老会,かろうかい,,近代,東アジア,中国（四川など内陸部）,18世紀末以降,1800,WH-180128-B01,beginner,用語の特定,identify,四川などの内陸部で反清復明(はんしんふくみん)を掲げて活動した秘密結社は？,哥老会(かろうかい),哥老会,,,,18_中華帝国の繁栄（明・清）(1).md pp.299,
第18回_04_中華帝国の完成〜明の滅亡と清の中国支配〜,WH-180128,342,発展,組織・政党,哥老会,かろうかい,,近代,東アジア,中国（四川など内陸部）,18世紀末以降,1800,WH-180128-B02,beginner,地域,place,哥老会(かろうかい)が主に活動した地域として挙げられる省は？,四川,四川,,,,18_中華帝国の繁栄（明・清）(1).md pp.299,
第18回_04_中華帝国の完成〜明の滅亡と清の中国支配〜,WH-180128,342,発展,組織・政党,哥老会,かろうかい,,近代,東アジア,中国（四川など内陸部）,18世紀末以降,1800,WH-180128-B03,beginner,内容,content,哥老会(かろうかい)が掲げた政治的標語は？,反清復明(はんしんふくみん),反清復明,,,,18_中華帝国の繁栄（明・清）(1).md pp.299,
第18回_04_中華帝国の完成〜明の滅亡と清の中国支配〜,WH-180128,342,発展,組織・政党,哥老会,かろうかい,,近代,東アジア,中国（四川など内陸部）,18世紀末以降,1800,WH-180128-R01,reverse,複合説明,reverse,哥老会(かろうかい)は何をした？,18世紀末以降の中国の**四川など内陸部**で活動が盛んになった秘密結社。**反清復明(はんしんふくみん)**を掲げ、沿岸部の天地会などと同じく清の支配に反対した。,四川など内陸部|反清復明,,,,18_中華帝国の繁栄（明・清）(1).md pp.299,
第18回_04_中華帝国の完成〜明の滅亡と清の中国支配〜,WH-180128,342,発展,組織・政党,哥老会,かろうかい,,近代,東アジア,中国（四川など内陸部）,18世紀末以降,1800,WH-180128-I01,integrated,統合説明,integrated,「哥老会(かろうかい)」について説明せよ。,18世紀末以降の中国の**四川など内陸部**で活動が盛んになった秘密結社。**反清復明(はんしんふくみん)**を掲げ、沿岸部の天地会などと同じく清の支配に反対した。,四川など内陸部|反清復明,,,,18_中華帝国の繁栄（明・清）(1).md pp.299,
