dataset_label,item_id,importance_rank,difficulty_label,domain,unit,item,reading,aliases,item_type,rule_info,card_id,card_type,focus,question,answer,accepted_answers,explanation,example_original,example_kundoku,example_kakikudashi,example_reading,example_translation,confusable_with,distinction,memory_aid,source_name,source_url,reading_map
漢文_Deck1_最重要句法・語彙_250項目,CC-000001,1,Deck1_最重要句法・語彙,訓読,訓読の基礎,白文,はくぶん,なし,白文,定義=句読点・返り点・送り仮名などを付けていない漢文,CC-000001-C01,meaning,用語の定義,漢文でいう「白文」とは何か。,句読点・返り点・送り仮名などを付けていない漢文,句読点・返り点・送り仮名などを付けていない漢文,「白文」は、句読点・返り点・送り仮名などを付けていない漢文を指す。,なし,なし,なし,なし,なし,なし,なし,なし,文部科学省『高等学校学習指導要領解説 国語編』,https://www.mext.go.jp/content/20250410-mxt_kyoiku01-100002620_02.pdf,なし
漢文_Deck1_最重要句法・語彙_250項目,CC-000001,1,Deck1_最重要句法・語彙,訓読,訓読の基礎,白文,はくぶん,なし,白文,定義=句読点・返り点・送り仮名などを付けていない漢文,CC-000001-C02,term_from_meaning,用語の想起,句読点・返り点・送り仮名などを付けていない漢文を何というか。,白文,白文,この用語は「白文」である。,なし,なし,なし,なし,なし,なし,なし,なし,文部科学省『高等学校学習指導要領解説 国語編』,https://www.mext.go.jp/content/20250410-mxt_kyoiku01-100002620_02.pdf,なし
漢文_Deck1_最重要句法・語彙_250項目,CC-000002,2,Deck1_最重要句法・語彙,訓読,訓読の基礎,訓点,くんてん,なし,訓点,定義=漢文を訓読するために加える句読点・返り点・送り仮名など,CC-000002-C01,meaning,用語の定義,漢文でいう「訓点」とは何か。,漢文を訓読するために加える句読点・返り点・送り仮名など,漢文を訓読するために加える句読点・返り点・送り仮名など,「訓点」は、漢文を訓読するために加える句読点・返り点・送り仮名などを指す。,なし,なし,なし,なし,なし,なし,なし,なし,国立国語研究所「漢文の訓読はいつから始まりましたか」,https://kotoba.ninjal.ac.jp/qa/yokuaru/qa-84/,なし
漢文_Deck1_最重要句法・語彙_250項目,CC-000002,2,Deck1_最重要句法・語彙,訓読,訓読の基礎,訓点,くんてん,なし,訓点,定義=漢文を訓読するために加える句読点・返り点・送り仮名など,CC-000002-C02,term_from_meaning,用語の想起,漢文を訓読するために加える句読点・返り点・送り仮名などを何というか。,訓点,訓点,この用語は「訓点」である。,なし,なし,なし,なし,なし,なし,なし,なし,国立国語研究所「漢文の訓読はいつから始まりましたか」,https://kotoba.ninjal.ac.jp/qa/yokuaru/qa-84/,なし
漢文_Deck1_最重要句法・語彙_250項目,CC-000003,3,Deck1_最重要句法・語彙,訓読,訓読の基礎,書き下し文,かきくだしぶん,なし,書き下し文,定義=漢文を日本語の語順に直し、仮名を補って書いた文,CC-000003-C01,meaning,用語の定義,漢文でいう「書き下し文」とは何か。,漢文を日本語の語順に直し、仮名を補って書いた文,漢文を日本語の語順に直し、仮名を補って書いた文,「書き下し文」は、漢文を日本語の語順に直し、仮名を補って書いた文を指す。,なし,なし,なし,なし,なし,なし,なし,なし,文部科学省『高等学校学習指導要領解説 国語編』,https://www.mext.go.jp/content/20250410-mxt_kyoiku01-100002620_02.pdf,なし
漢文_Deck1_最重要句法・語彙_250項目,CC-000003,3,Deck1_最重要句法・語彙,訓読,訓読の基礎,書き下し文,かきくだしぶん,なし,書き下し文,定義=漢文を日本語の語順に直し、仮名を補って書いた文,CC-000003-C02,term_from_meaning,用語の想起,漢文を日本語の語順に直し、仮名を補って書いた文を何というか。,書き下し文,書き下し文,この用語は「書き下し文」である。,なし,なし,なし,なし,なし,なし,なし,なし,文部科学省『高等学校学習指導要領解説 国語編』,https://www.mext.go.jp/content/20250410-mxt_kyoiku01-100002620_02.pdf,なし
漢文_Deck1_最重要句法・語彙_250項目,CC-000004,4,Deck1_最重要句法・語彙,訓読,訓読の基礎,送り仮名,おくりがな,なし,送り仮名,定義=漢字の読み・活用・助詞などを示すために添える仮名,CC-000004-C01,meaning,用語の定義,漢文でいう「送り仮名」とは何か。,漢字の読み・活用・助詞などを示すために添える仮名,漢字の読み・活用・助詞などを示すために添える仮名,「送り仮名」は、漢字の読み・活用・助詞などを示すために添える仮名を指す。,なし,なし,なし,なし,なし,なし,なし,なし,文部科学省『高等学校学習指導要領解説 国語編』,https://www.mext.go.jp/content/20250410-mxt_kyoiku01-100002620_02.pdf,なし
漢文_Deck1_最重要句法・語彙_250項目,CC-000004,4,Deck1_最重要句法・語彙,訓読,訓読の基礎,送り仮名,おくりがな,なし,送り仮名,定義=漢字の読み・活用・助詞などを示すために添える仮名,CC-000004-C02,term_from_meaning,用語の想起,漢字の読み・活用・助詞などを示すために添える仮名を何というか。,送り仮名,送り仮名,この用語は「送り仮名」である。,なし,なし,なし,なし,なし,なし,なし,なし,文部科学省『高等学校学習指導要領解説 国語編』,https://www.mext.go.jp/content/20250410-mxt_kyoiku01-100002620_02.pdf,なし
漢文_Deck1_最重要句法・語彙_250項目,CC-000005,5,Deck1_最重要句法・語彙,返り点,返り点,レ点,れてん,なし,レ点,読む順=直下の一字を先に読み、すぐレ点の字へ返る;働き=一字だけ上へ返る,CC-000005-C01,kundoku_order,返り点の読む順,「レ点」の基本的な読む順を答えよ。,直下の一字を先に読み、すぐレ点の字へ返る,直下の一字を先に読み、すぐレ点の字へ返る,「レ点」は、直下の一字を先に読み、すぐレ点の字へ返る。,なし,なし,なし,なし,なし,なし,なし,なし,大学受験漢文・句形句法一覧（標準形の照合）,https://lawcityblog.com/kanbun-kukei-list/,なし
漢文_Deck1_最重要句法・語彙_250項目,CC-000005,5,Deck1_最重要句法・語彙,返り点,返り点,レ点,れてん,なし,レ点,読む順=直下の一字を先に読み、すぐレ点の字へ返る;働き=一字だけ上へ返る,CC-000005-C02,meaning,返り点の働き,「レ点」はどのような返読に使うか。,一字だけ上へ返る,一字だけ上へ返る,働きの核は「一字だけ上へ返る」。,なし,なし,なし,なし,なし,なし,なし,なし,大学受験漢文・句形句法一覧（標準形の照合）,https://lawcityblog.com/kanbun-kukei-list/,なし
漢文_Deck1_最重要句法・語彙_250項目,CC-000006,6,Deck1_最重要句法・語彙,返り点,返り点,一二点,いちにてん,なし,一二点,読む順=一点の字まで読んだ後、二点の字へ返る;働き=二字以上を隔てて上へ返る,CC-000006-C01,kundoku_order,返り点の読む順,「一二点」の基本的な読む順を答えよ。,一点の字まで読んだ後、二点の字へ返る,一点の字まで読んだ後、二点の字へ返る,「一二点」は、一点の字まで読んだ後、二点の字へ返る。,なし,なし,なし,なし,なし,なし,なし,なし,大学受験漢文・句形句法一覧（標準形の照合）,https://lawcityblog.com/kanbun-kukei-list/,なし
漢文_Deck1_最重要句法・語彙_250項目,CC-000006,6,Deck1_最重要句法・語彙,返り点,返り点,一二点,いちにてん,なし,一二点,読む順=一点の字まで読んだ後、二点の字へ返る;働き=二字以上を隔てて上へ返る,CC-000006-C02,meaning,返り点の働き,「一二点」はどのような返読に使うか。,二字以上を隔てて上へ返る,二字以上を隔てて上へ返る,働きの核は「二字以上を隔てて上へ返る」。,なし,なし,なし,なし,なし,なし,なし,なし,大学受験漢文・句形句法一覧（標準形の照合）,https://lawcityblog.com/kanbun-kukei-list/,なし
漢文_Deck1_最重要句法・語彙_250項目,CC-000007,7,Deck1_最重要句法・語彙,返り点,返り点,上下点,じょうげてん,なし,上下点,読む順=上点の字まで読んだ後、下点の字へ返る;働き=一二点をまたぐ外側の返読に使う,CC-000007-C01,kundoku_order,返り点の読む順,「上下点」の基本的な読む順を答えよ。,上点の字まで読んだ後、下点の字へ返る,上点の字まで読んだ後、下点の字へ返る,「上下点」は、上点の字まで読んだ後、下点の字へ返る。,なし,なし,なし,なし,なし,なし,なし,なし,大学受験漢文・句形句法一覧（標準形の照合）,https://lawcityblog.com/kanbun-kukei-list/,なし
漢文_Deck1_最重要句法・語彙_250項目,CC-000007,7,Deck1_最重要句法・語彙,返り点,返り点,上下点,じょうげてん,なし,上下点,読む順=上点の字まで読んだ後、下点の字へ返る;働き=一二点をまたぐ外側の返読に使う,CC-000007-C02,meaning,返り点の働き,「上下点」はどのような返読に使うか。,一二点をまたぐ外側の返読に使う,一二点をまたぐ外側の返読に使う,働きの核は「一二点をまたぐ外側の返読に使う」。,なし,なし,なし,なし,なし,なし,なし,なし,大学受験漢文・句形句法一覧（標準形の照合）,https://lawcityblog.com/kanbun-kukei-list/,なし
漢文_Deck1_最重要句法・語彙_250項目,CC-000008,8,Deck1_最重要句法・語彙,返り点,返り点,甲乙点,こうおつてん,なし,甲乙点,読む順=甲点の字まで読んだ後、乙点の字へ返る;働き=上下点をまたぐさらに外側の返読に使う,CC-000008-C01,kundoku_order,返り点の読む順,「甲乙点」の基本的な読む順を答えよ。,甲点の字まで読んだ後、乙点の字へ返る,甲点の字まで読んだ後、乙点の字へ返る,「甲乙点」は、甲点の字まで読んだ後、乙点の字へ返る。,なし,なし,なし,なし,なし,なし,なし,なし,大学受験漢文・句形句法一覧（標準形の照合）,https://lawcityblog.com/kanbun-kukei-list/,なし
漢文_Deck1_最重要句法・語彙_250項目,CC-000008,8,Deck1_最重要句法・語彙,返り点,返り点,甲乙点,こうおつてん,なし,甲乙点,読む順=甲点の字まで読んだ後、乙点の字へ返る;働き=上下点をまたぐさらに外側の返読に使う,CC-000008-C02,meaning,返り点の働き,「甲乙点」はどのような返読に使うか。,上下点をまたぐさらに外側の返読に使う,上下点をまたぐさらに外側の返読に使う,働きの核は「上下点をまたぐさらに外側の返読に使う」。,なし,なし,なし,なし,なし,なし,なし,なし,大学受験漢文・句形句法一覧（標準形の照合）,https://lawcityblog.com/kanbun-kukei-list/,なし
漢文_Deck1_最重要句法・語彙_250項目,CC-000009,9,Deck1_最重要句法・語彙,返り点,返り点,一レ点,いちれてん,なし,一レ点,読む順=まずレ点の働きで直下を読み、後で一点として上へ返る;働き=一点とレ点が同じ字に重なった記号,CC-000009-C01,kundoku_order,返り点の読む順,「一レ点」の基本的な読む順を答えよ。,まずレ点の働きで直下を読み、後で一点として上へ返る,まずレ点の働きで直下を読み、後で一点として上へ返る,「一レ点」は、まずレ点の働きで直下を読み、後で一点として上へ返る。,なし,なし,なし,なし,なし,なし,なし,なし,大学受験漢文・句形句法一覧（標準形の照合）,https://lawcityblog.com/kanbun-kukei-list/,なし
漢文_Deck1_最重要句法・語彙_250項目,CC-000009,9,Deck1_最重要句法・語彙,返り点,返り点,一レ点,いちれてん,なし,一レ点,読む順=まずレ点の働きで直下を読み、後で一点として上へ返る;働き=一点とレ点が同じ字に重なった記号,CC-000009-C02,meaning,返り点の働き,「一レ点」はどのような返読に使うか。,一点とレ点が同じ字に重なった記号,一点とレ点が同じ字に重なった記号,働きの核は「一点とレ点が同じ字に重なった記号」。,なし,なし,なし,なし,なし,なし,なし,なし,大学受験漢文・句形句法一覧（標準形の照合）,https://lawcityblog.com/kanbun-kukei-list/,なし
漢文_Deck1_最重要句法・語彙_250項目,CC-000010,10,Deck1_最重要句法・語彙,返り点,返り点,返り点の優先順,かえりてんのゆうせんじゅん,なし,読む順,読む順=レ点→一二点→上下点→甲乙点;働き=内側の小さな返読から外側へ処理する,CC-000010-C01,kundoku_order,返り点の読む順,「返り点の優先順」の基本的な読む順を答えよ。,レ点→一二点→上下点→甲乙点,レ点→一二点→上下点→甲乙点,「返り点の優先順」は、レ点→一二点→上下点→甲乙点。,なし,なし,なし,なし,なし,なし,なし,内側から、レ→一二→上下→甲乙。,大学受験漢文・句形句法一覧（標準形の照合）,https://lawcityblog.com/kanbun-kukei-list/,なし
漢文_Deck1_最重要句法・語彙_250項目,CC-000010,10,Deck1_最重要句法・語彙,返り点,返り点,返り点の優先順,かえりてんのゆうせんじゅん,なし,読む順,読む順=レ点→一二点→上下点→甲乙点;働き=内側の小さな返読から外側へ処理する,CC-000010-C02,meaning,返り点の働き,「返り点の優先順」はどのような返読に使うか。,内側の小さな返読から外側へ処理する,内側の小さな返読から外側へ処理する,働きの核は「内側の小さな返読から外側へ処理する」。,なし,なし,なし,なし,なし,なし,なし,内側から、レ→一二→上下→甲乙。,大学受験漢文・句形句法一覧（標準形の照合）,https://lawcityblog.com/kanbun-kukei-list/,なし
漢文_Deck1_最重要句法・語彙_250項目,CC-000011,11,Deck1_最重要句法・語彙,置き字,接続,而（置き字）,よまない,なし,置き字,形=而（置き字）;読み=よまない;意味=書き下しでは字を読まず、順接・逆接・修飾を「〜て・〜ども・〜にして」などへ反映する,CC-000011-C01,reading,句形の読み,「而（置き字）」はどう読むか。,よまない,よまない,形と読みを一まとまりで覚える。標準的な読みは「よまない」。,なし,なし,なし,なし,なし,なし,なし,なし,大学受験漢文・句形句法一覧（標準形の照合）,https://lawcityblog.com/kanbun-kukei-list/,なし
漢文_Deck1_最重要句法・語彙_250項目,CC-000011,11,Deck1_最重要句法・語彙,置き字,接続,而（置き字）,よまない,なし,置き字,形=而（置き字）;読み=よまない;意味=書き下しでは字を読まず、順接・逆接・修飾を「〜て・〜ども・〜にして」などへ反映する,CC-000011-C02,meaning,句形の意味,「而（置き字）」の基本的な意味を答えよ。,書き下しでは字を読まず、順接・逆接・修飾を「〜て・〜ども・〜にして」などへ反映する,書き下しでは字を読まず、順接・逆接・修飾を「〜て・〜ども・〜にして」などへ反映する,訳の核は「書き下しでは字を読まず、順接・逆接・修飾を「〜て・〜ども・〜にして」などへ反映する」。本文では前後関係に合わせて自然な日本語へ整える。,なし,なし,なし,なし,なし,なし,なし,なし,大学受験漢文・句形句法一覧（標準形の照合）,https://lawcityblog.com/kanbun-kukei-list/,なし
漢文_Deck1_最重要句法・語彙_250項目,CC-000012,12,Deck1_最重要句法・語彙,置き字,前置詞,於・于・乎（置き字）,よまない,なし,置き字,形=於・于・乎（置き字）;読み=よまない;意味=書き下しでは字を読まず、場所・対象・比較・受身を「〜に・〜より・〜と」などへ反映する,CC-000012-C01,reading,句形の読み,「於・于・乎（置き字）」はどう読むか。,よまない,よまない,形と読みを一まとまりで覚える。標準的な読みは「よまない」。,なし,なし,なし,なし,なし,なし,なし,なし,大学受験漢文・句形句法一覧（標準形の照合）,https://lawcityblog.com/kanbun-kukei-list/,なし
漢文_Deck1_最重要句法・語彙_250項目,CC-000012,12,Deck1_最重要句法・語彙,置き字,前置詞,於・于・乎（置き字）,よまない,なし,置き字,形=於・于・乎（置き字）;読み=よまない;意味=書き下しでは字を読まず、場所・対象・比較・受身を「〜に・〜より・〜と」などへ反映する,CC-000012-C02,meaning,句形の意味,「於・于・乎（置き字）」の基本的な意味を答えよ。,書き下しでは字を読まず、場所・対象・比較・受身を「〜に・〜より・〜と」などへ反映する,書き下しでは字を読まず、場所・対象・比較・受身を「〜に・〜より・〜と」などへ反映する,訳の核は「書き下しでは字を読まず、場所・対象・比較・受身を「〜に・〜より・〜と」などへ反映する」。本文では前後関係に合わせて自然な日本語へ整える。,なし,なし,なし,なし,なし,なし,なし,なし,大学受験漢文・句形句法一覧（標準形の照合）,https://lawcityblog.com/kanbun-kukei-list/,なし
漢文_Deck1_最重要句法・語彙_250項目,CC-000013,13,Deck1_最重要句法・語彙,置き字,終尾詞,焉（置き字）,よまない,なし,置き字,形=焉（置き字）;読み=よまない;意味=文末で断定・強調などの語気を添える,CC-000013-C01,reading,句形の読み,「焉（置き字）」はどう読むか。,よまない,よまない,形と読みを一まとまりで覚える。標準的な読みは「よまない」。,なし,なし,なし,なし,なし,なし,なし,なし,大学受験漢文・句形句法一覧（標準形の照合）,https://lawcityblog.com/kanbun-kukei-list/,なし
漢文_Deck1_最重要句法・語彙_250項目,CC-000013,13,Deck1_最重要句法・語彙,置き字,終尾詞,焉（置き字）,よまない,なし,置き字,形=焉（置き字）;読み=よまない;意味=文末で断定・強調などの語気を添える,CC-000013-C02,meaning,句形の意味,「焉（置き字）」の基本的な意味を答えよ。,文末で断定・強調などの語気を添える,文末で断定・強調などの語気を添える,訳の核は「文末で断定・強調などの語気を添える」。本文では前後関係に合わせて自然な日本語へ整える。,なし,なし,なし,なし,なし,なし,なし,なし,大学受験漢文・句形句法一覧（標準形の照合）,https://lawcityblog.com/kanbun-kukei-list/,なし
漢文_Deck1_最重要句法・語彙_250項目,CC-000014,14,Deck1_最重要句法・語彙,置き字,終尾詞,矣（置き字）,よまない,なし,置き字,形=矣（置き字）;読み=よまない;意味=文末で完了・断定・強調などの語気を添える,CC-000014-C01,reading,句形の読み,「矣（置き字）」はどう読むか。,よまない,よまない,形と読みを一まとまりで覚える。標準的な読みは「よまない」。,なし,なし,なし,なし,なし,なし,なし,なし,大学受験漢文・句形句法一覧（標準形の照合）,https://lawcityblog.com/kanbun-kukei-list/,なし
漢文_Deck1_最重要句法・語彙_250項目,CC-000014,14,Deck1_最重要句法・語彙,置き字,終尾詞,矣（置き字）,よまない,なし,置き字,形=矣（置き字）;読み=よまない;意味=文末で完了・断定・強調などの語気を添える,CC-000014-C02,meaning,句形の意味,「矣（置き字）」の基本的な意味を答えよ。,文末で完了・断定・強調などの語気を添える,文末で完了・断定・強調などの語気を添える,訳の核は「文末で完了・断定・強調などの語気を添える」。本文では前後関係に合わせて自然な日本語へ整える。,なし,なし,なし,なし,なし,なし,なし,なし,大学受験漢文・句形句法一覧（標準形の照合）,https://lawcityblog.com/kanbun-kukei-list/,なし
漢文_Deck1_最重要句法・語彙_250項目,CC-000015,15,Deck1_最重要句法・語彙,句法,判断,也（判断）,〜なり,なし,断定形,形=也（判断）;読み=〜なり;意味=〜である,CC-000015-C01,reading,句形の読み,「也（判断）」はどう読むか。,〜なり,〜なり,形と読みを一まとまりで覚える。標準的な読みは「〜なり」。,なし,なし,なし,なし,なし,也（置き字的用法）,断定を明示するときは「なり」と読み、語気だけなら読まない場合がある。,なし,大学受験漢文・句形句法一覧（標準形の照合）,https://lawcityblog.com/kanbun-kukei-list/,なし
漢文_Deck1_最重要句法・語彙_250項目,CC-000015,15,Deck1_最重要句法・語彙,句法,判断,也（判断）,〜なり,なし,断定形,形=也（判断）;読み=〜なり;意味=〜である,CC-000015-C02,meaning,句形の意味,「也（判断）」の基本的な意味を答えよ。,〜である,〜である,訳の核は「〜である」。本文では前後関係に合わせて自然な日本語へ整える。,なし,なし,なし,なし,なし,也（置き字的用法）,断定を明示するときは「なり」と読み、語気だけなら読まない場合がある。,なし,大学受験漢文・句形句法一覧（標準形の照合）,https://lawcityblog.com/kanbun-kukei-list/,なし
漢文_Deck1_最重要句法・語彙_250項目,CC-000016,16,Deck1_最重要句法・語彙,再読文字,否定,未,いまだ〜ず,なし,再読文字,最初=いまだ;二度目=〜ず;意味=まだ〜ない,CC-000016-C01,saidoku,二度の読み,再読文字「未」は、最初と二度目にそれぞれどう読むか。,いまだ／〜ず,いまだ／〜ず,最初は「いまだ」、返って二度目は「〜ず」と読む。,なし,なし,なし,なし,なし,なし,なし,なし,大学受験漢文・句形句法一覧（標準形の照合）,https://lawcityblog.com/kanbun-kukei-list/,なし
漢文_Deck1_最重要句法・語彙_250項目,CC-000016,16,Deck1_最重要句法・語彙,再読文字,否定,未,いまだ〜ず,なし,再読文字,最初=いまだ;二度目=〜ず;意味=まだ〜ない,CC-000016-C02,meaning,再読文字の意味,再読文字「未」の基本的な意味を答えよ。,まだ〜ない,まだ〜ない,「未」は「まだ〜ない」を表す。,なし,なし,なし,なし,なし,なし,なし,なし,大学受験漢文・句形句法一覧（標準形の照合）,https://lawcityblog.com/kanbun-kukei-list/,なし
漢文_Deck1_最重要句法・語彙_250項目,CC-000017,17,Deck1_最重要句法・語彙,再読文字,将来・意志,将,まさに〜んとす,なし,再読文字,最初=まさに;二度目=〜んとす;意味=今にも〜しようとする,CC-000017-C01,saidoku,二度の読み,再読文字「将」は、最初と二度目にそれぞれどう読むか。,まさに／〜んとす,まさに／〜んとす,最初は「まさに」、返って二度目は「〜んとす」と読む。,なし,なし,なし,なし,なし,なし,なし,「将・且」は二度目が「んとす」。,大学受験漢文・句形句法一覧（標準形の照合）,https://lawcityblog.com/kanbun-kukei-list/,なし
漢文_Deck1_最重要句法・語彙_250項目,CC-000017,17,Deck1_最重要句法・語彙,再読文字,将来・意志,将,まさに〜んとす,なし,再読文字,最初=まさに;二度目=〜んとす;意味=今にも〜しようとする,CC-000017-C02,meaning,再読文字の意味,再読文字「将」の基本的な意味を答えよ。,今にも〜しようとする,今にも〜しようとする,「将」は「今にも〜しようとする」を表す。,なし,なし,なし,なし,なし,なし,なし,「将・且」は二度目が「んとす」。,大学受験漢文・句形句法一覧（標準形の照合）,https://lawcityblog.com/kanbun-kukei-list/,なし
漢文_Deck1_最重要句法・語彙_250項目,CC-000018,18,Deck1_最重要句法・語彙,再読文字,将来・意志,且,まさに〜んとす,なし,再読文字,最初=まさに;二度目=〜んとす;意味=今にも〜しようとする,CC-000018-C01,saidoku,二度の読み,再読文字「且」は、最初と二度目にそれぞれどう読むか。,まさに／〜んとす,まさに／〜んとす,最初は「まさに」、返って二度目は「〜んとす」と読む。,なし,なし,なし,なし,なし,なし,なし,「将・且」は二度目が「んとす」。,大学受験漢文・句形句法一覧（標準形の照合）,https://lawcityblog.com/kanbun-kukei-list/,なし
漢文_Deck1_最重要句法・語彙_250項目,CC-000018,18,Deck1_最重要句法・語彙,再読文字,将来・意志,且,まさに〜んとす,なし,再読文字,最初=まさに;二度目=〜んとす;意味=今にも〜しようとする,CC-000018-C02,meaning,再読文字の意味,再読文字「且」の基本的な意味を答えよ。,今にも〜しようとする,今にも〜しようとする,「且」は「今にも〜しようとする」を表す。,なし,なし,なし,なし,なし,なし,なし,「将・且」は二度目が「んとす」。,大学受験漢文・句形句法一覧（標準形の照合）,https://lawcityblog.com/kanbun-kukei-list/,なし
漢文_Deck1_最重要句法・語彙_250項目,CC-000019,19,Deck1_最重要句法・語彙,再読文字,当然,当,まさに〜べし,なし,再読文字,最初=まさに;二度目=〜べし;意味=当然〜すべきだ,CC-000019-C01,saidoku,二度の読み,再読文字「当」は、最初と二度目にそれぞれどう読むか。,まさに／〜べし,まさに／〜べし,最初は「まさに」、返って二度目は「〜べし」と読む。,なし,なし,なし,なし,なし,なし,なし,「当・応」は二度目が「べし」。,大学受験漢文・句形句法一覧（標準形の照合）,https://lawcityblog.com/kanbun-kukei-list/,なし
漢文_Deck1_最重要句法・語彙_250項目,CC-000019,19,Deck1_最重要句法・語彙,再読文字,当然,当,まさに〜べし,なし,再読文字,最初=まさに;二度目=〜べし;意味=当然〜すべきだ,CC-000019-C02,meaning,再読文字の意味,再読文字「当」の基本的な意味を答えよ。,当然〜すべきだ,当然〜すべきだ,「当」は「当然〜すべきだ」を表す。,なし,なし,なし,なし,なし,なし,なし,「当・応」は二度目が「べし」。,大学受験漢文・句形句法一覧（標準形の照合）,https://lawcityblog.com/kanbun-kukei-list/,なし
漢文_Deck1_最重要句法・語彙_250項目,CC-000020,20,Deck1_最重要句法・語彙,再読文字,推量,応,まさに〜べし,なし,再読文字,最初=まさに;二度目=〜べし;意味=きっと〜だろう,CC-000020-C01,saidoku,二度の読み,再読文字「応」は、最初と二度目にそれぞれどう読むか。,まさに／〜べし,まさに／〜べし,最初は「まさに」、返って二度目は「〜べし」と読む。,なし,なし,なし,なし,なし,なし,なし,「当・応」は二度目が「べし」。,大学受験漢文・句形句法一覧（標準形の照合）,https://lawcityblog.com/kanbun-kukei-list/,なし
漢文_Deck1_最重要句法・語彙_250項目,CC-000020,20,Deck1_最重要句法・語彙,再読文字,推量,応,まさに〜べし,なし,再読文字,最初=まさに;二度目=〜べし;意味=きっと〜だろう,CC-000020-C02,meaning,再読文字の意味,再読文字「応」の基本的な意味を答えよ。,きっと〜だろう,きっと〜だろう,「応」は「きっと〜だろう」を表す。,なし,なし,なし,なし,なし,なし,なし,「当・応」は二度目が「べし」。,大学受験漢文・句形句法一覧（標準形の照合）,https://lawcityblog.com/kanbun-kukei-list/,なし
漢文_Deck1_最重要句法・語彙_250項目,CC-000021,21,Deck1_最重要句法・語彙,再読文字,当然・勧告,宜,よろしく〜べし,なし,再読文字,最初=よろしく;二度目=〜べし;意味=〜するのがよい,CC-000021-C01,saidoku,二度の読み,再読文字「宜」は、最初と二度目にそれぞれどう読むか。,よろしく／〜べし,よろしく／〜べし,最初は「よろしく」、返って二度目は「〜べし」と読む。,なし,なし,なし,なし,なし,なし,なし,「宜」は「よろしく」、「須」は「すべからく」。,大学受験漢文・句形句法一覧（標準形の照合）,https://lawcityblog.com/kanbun-kukei-list/,なし
漢文_Deck1_最重要句法・語彙_250項目,CC-000021,21,Deck1_最重要句法・語彙,再読文字,当然・勧告,宜,よろしく〜べし,なし,再読文字,最初=よろしく;二度目=〜べし;意味=〜するのがよい,CC-000021-C02,meaning,再読文字の意味,再読文字「宜」の基本的な意味を答えよ。,〜するのがよい,〜するのがよい,「宜」は「〜するのがよい」を表す。,なし,なし,なし,なし,なし,なし,なし,「宜」は「よろしく」、「須」は「すべからく」。,大学受験漢文・句形句法一覧（標準形の照合）,https://lawcityblog.com/kanbun-kukei-list/,なし
漢文_Deck1_最重要句法・語彙_250項目,CC-000022,22,Deck1_最重要句法・語彙,再読文字,必要,須,すべからく〜べし,なし,再読文字,最初=すべからく;二度目=〜べし;意味=ぜひ〜する必要がある,CC-000022-C01,saidoku,二度の読み,再読文字「須」は、最初と二度目にそれぞれどう読むか。,すべからく／〜べし,すべからく／〜べし,最初は「すべからく」、返って二度目は「〜べし」と読む。,なし,なし,なし,なし,なし,なし,なし,「須」は「すべからく」、「宜」は「よろしく」。,大学受験漢文・句形句法一覧（標準形の照合）,https://lawcityblog.com/kanbun-kukei-list/,なし
漢文_Deck1_最重要句法・語彙_250項目,CC-000022,22,Deck1_最重要句法・語彙,再読文字,必要,須,すべからく〜べし,なし,再読文字,最初=すべからく;二度目=〜べし;意味=ぜひ〜する必要がある,CC-000022-C02,meaning,再読文字の意味,再読文字「須」の基本的な意味を答えよ。,ぜひ〜する必要がある,ぜひ〜する必要がある,「須」は「ぜひ〜する必要がある」を表す。,なし,なし,なし,なし,なし,なし,なし,「須」は「すべからく」、「宜」は「よろしく」。,大学受験漢文・句形句法一覧（標準形の照合）,https://lawcityblog.com/kanbun-kukei-list/,なし
漢文_Deck1_最重要句法・語彙_250項目,CC-000023,23,Deck1_最重要句法・語彙,再読文字,比況,猶,なほ〜ごとし,由,再読文字,最初=なほ;二度目=〜ごとし;意味=ちょうど〜のようだ,CC-000023-C01,saidoku,二度の読み,再読文字「猶」は、最初と二度目にそれぞれどう読むか。,なほ／〜ごとし,なほ／〜ごとし｜なお／〜ごとし,最初は「なほ」、返って二度目は「〜ごとし」と読む。,なし,なし,なし,なし,なし,なし,なし,「猶」は「なほ〜ごとし」。,大学受験漢文・句形句法一覧（標準形の照合）,https://lawcityblog.com/kanbun-kukei-list/,なし
漢文_Deck1_最重要句法・語彙_250項目,CC-000023,23,Deck1_最重要句法・語彙,再読文字,比況,猶,なほ〜ごとし,由,再読文字,最初=なほ;二度目=〜ごとし;意味=ちょうど〜のようだ,CC-000023-C02,meaning,再読文字の意味,再読文字「猶」の基本的な意味を答えよ。,ちょうど〜のようだ,ちょうど〜のようだ,「猶」は「ちょうど〜のようだ」を表す。,なし,なし,なし,なし,なし,なし,なし,「猶」は「なほ〜ごとし」。,大学受験漢文・句形句法一覧（標準形の照合）,https://lawcityblog.com/kanbun-kukei-list/,なし
漢文_Deck1_最重要句法・語彙_250項目,CC-000024,24,Deck1_最重要句法・語彙,再読文字,反語・勧誘,盍,なんぞ〜ざる,なし,再読文字,最初=なんぞ;二度目=〜ざる;意味=どうして〜しないのか,CC-000024-C01,saidoku,二度の読み,再読文字「盍」は、最初と二度目にそれぞれどう読むか。,なんぞ／〜ざる,なんぞ／〜ざる,最初は「なんぞ」、返って二度目は「〜ざる」と読む。,なし,なし,なし,なし,なし,なし,なし,「盍」は「なんぞ〜ざる」。,大学受験漢文・句形句法一覧（標準形の照合）,https://lawcityblog.com/kanbun-kukei-list/,なし
漢文_Deck1_最重要句法・語彙_250項目,CC-000024,24,Deck1_最重要句法・語彙,再読文字,反語・勧誘,盍,なんぞ〜ざる,なし,再読文字,最初=なんぞ;二度目=〜ざる;意味=どうして〜しないのか,CC-000024-C02,meaning,再読文字の意味,再読文字「盍」の基本的な意味を答えよ。,どうして〜しないのか,どうして〜しないのか,「盍」は「どうして〜しないのか」を表す。,なし,なし,なし,なし,なし,なし,なし,「盍」は「なんぞ〜ざる」。,大学受験漢文・句形句法一覧（標準形の照合）,https://lawcityblog.com/kanbun-kukei-list/,なし
漢文_Deck1_最重要句法・語彙_250項目,CC-000025,25,Deck1_最重要句法・語彙,訓読,再読文字,再読文字の書き下し原則,さいどくもじのかきくだしげんそく,なし,書き下し規則,原則=一度目は漢字で書き、二度目はひらがなで書く,CC-000025-C01,meaning,書き下しの原則,再読文字は、書き下し文で一度目と二度目をそれぞれどう表記するか。,一度目は漢字、二度目はひらがな,一度目は漢字、二度目はひらがな,同じ漢字を二回書かず、返って読む二度目だけをひらがなで表す。,なし,なし,なし,なし,なし,なし,なし,なし,大学受験漢文・句形句法一覧（標準形の照合）,https://lawcityblog.com/kanbun-kukei-list/,なし
漢文_Deck1_最重要句法・語彙_250項目,CC-000025,25,Deck1_最重要句法・語彙,訓読,再読文字,再読文字の書き下し原則,さいどくもじのかきくだしげんそく,なし,書き下し規則,原則=一度目は漢字で書き、二度目はひらがなで書く,CC-000025-C02,identification,誤表記の防止,再読文字を、書き下し文で同じ漢字のまま二回書いてよいか。,書いてはいけない,書いてはいけない,二度目は必ずひらがなに直す。,なし,なし,なし,なし,なし,なし,なし,なし,大学受験漢文・句形句法一覧（標準形の照合）,https://lawcityblog.com/kanbun-kukei-list/,なし
漢文_Deck1_最重要句法・語彙_250項目,CC-000026,26,Deck1_最重要句法・語彙,句法,基本否定,不〜,〜ず,なし,否定形,形=不〜;読み=〜ず;意味=〜ない,CC-000026-C01,reading,句形の読み,「不〜」はどう読むか。,〜ず,〜ず,形と読みを一まとまりで覚える。標準的な読みは「〜ず」。,なし,なし,なし,なし,なし,非〜,不は動作・状態を打ち消し、非は主に名詞判断を打ち消す。,なし,大学受験漢文・句形句法一覧（標準形の照合）,https://lawcityblog.com/kanbun-kukei-list/,なし
漢文_Deck1_最重要句法・語彙_250項目,CC-000026,26,Deck1_最重要句法・語彙,句法,基本否定,不〜,〜ず,なし,否定形,形=不〜;読み=〜ず;意味=〜ない,CC-000026-C02,meaning,句形の意味,「不〜」の基本的な意味を答えよ。,〜ない,〜ない,訳の核は「〜ない」。本文では前後関係に合わせて自然な日本語へ整える。,なし,なし,なし,なし,なし,非〜,不は動作・状態を打ち消し、非は主に名詞判断を打ち消す。,なし,大学受験漢文・句形句法一覧（標準形の照合）,https://lawcityblog.com/kanbun-kukei-list/,なし
漢文_Deck1_最重要句法・語彙_250項目,CC-000027,27,Deck1_最重要句法・語彙,句法,基本否定,弗〜,〜ず,なし,否定形,形=弗〜;読み=〜ず;意味=〜ない,CC-000027-C01,reading,句形の読み,「弗〜」はどう読むか。,〜ず,〜ず,形と読みを一まとまりで覚える。標準的な読みは「〜ず」。,なし,なし,なし,なし,なし,なし,なし,なし,大学受験漢文・句形句法一覧（標準形の照合）,https://lawcityblog.com/kanbun-kukei-list/,なし
漢文_Deck1_最重要句法・語彙_250項目,CC-000027,27,Deck1_最重要句法・語彙,句法,基本否定,弗〜,〜ず,なし,否定形,形=弗〜;読み=〜ず;意味=〜ない,CC-000027-C02,meaning,句形の意味,「弗〜」の基本的な意味を答えよ。,〜ない,〜ない,訳の核は「〜ない」。本文では前後関係に合わせて自然な日本語へ整える。,なし,なし,なし,なし,なし,なし,なし,なし,大学受験漢文・句形句法一覧（標準形の照合）,https://lawcityblog.com/kanbun-kukei-list/,なし
漢文_Deck1_最重要句法・語彙_250項目,CC-000028,28,Deck1_最重要句法・語彙,句法,基本否定,非〜,〜にあらず,匪〜,否定形,形=非〜;読み=〜にあらず;意味=〜ではない,CC-000028-C01,reading,句形の読み,「非〜」はどう読むか。,〜にあらず,〜にあらず,形と読みを一まとまりで覚える。標準的な読みは「〜にあらず」。,なし,なし,なし,なし,なし,不〜,非は「〜ではない」、不は「〜しない」。,なし,大学受験漢文・句形句法一覧（標準形の照合）,https://lawcityblog.com/kanbun-kukei-list/,なし
漢文_Deck1_最重要句法・語彙_250項目,CC-000028,28,Deck1_最重要句法・語彙,句法,基本否定,非〜,〜にあらず,匪〜,否定形,形=非〜;読み=〜にあらず;意味=〜ではない,CC-000028-C02,meaning,句形の意味,「非〜」の基本的な意味を答えよ。,〜ではない,〜ではない,訳の核は「〜ではない」。本文では前後関係に合わせて自然な日本語へ整える。,なし,なし,なし,なし,なし,不〜,非は「〜ではない」、不は「〜しない」。,なし,大学受験漢文・句形句法一覧（標準形の照合）,https://lawcityblog.com/kanbun-kukei-list/,なし
漢文_Deck1_最重要句法・語彙_250項目,CC-000029,29,Deck1_最重要句法・語彙,句法,存在否定,無〜（存在否定）,〜なし,无〜,否定形,形=無〜（存在否定）;読み=〜なし;意味=〜がない・いない,CC-000029-C01,reading,句形の読み,「無〜（存在否定）」はどう読むか。,〜なし,〜なし,形と読みを一まとまりで覚える。標準的な読みは「〜なし」。,なし,なし,なし,なし,なし,無〜（禁止）,「なし」なら存在否定、「なかれ」なら禁止。,なし,大学受験漢文・句形句法一覧（標準形の照合）,https://lawcityblog.com/kanbun-kukei-list/,なし
漢文_Deck1_最重要句法・語彙_250項目,CC-000029,29,Deck1_最重要句法・語彙,句法,存在否定,無〜（存在否定）,〜なし,无〜,否定形,形=無〜（存在否定）;読み=〜なし;意味=〜がない・いない,CC-000029-C02,meaning,句形の意味,「無〜（存在否定）」の基本的な意味を答えよ。,〜がない・いない,〜がない・いない,訳の核は「〜がない・いない」。本文では前後関係に合わせて自然な日本語へ整える。,なし,なし,なし,なし,なし,無〜（禁止）,「なし」なら存在否定、「なかれ」なら禁止。,なし,大学受験漢文・句形句法一覧（標準形の照合）,https://lawcityblog.com/kanbun-kukei-list/,なし
漢文_Deck1_最重要句法・語彙_250項目,CC-000030,30,Deck1_最重要句法・語彙,句法,存在否定,莫〜（存在否定）,〜なし,なし,否定形,形=莫〜（存在否定）;読み=〜なし;意味=〜がない・いない,CC-000030-C01,reading,句形の読み,「莫〜（存在否定）」はどう読むか。,〜なし,〜なし,形と読みを一まとまりで覚える。標準的な読みは「〜なし」。,なし,なし,なし,なし,なし,莫〜（禁止）,「なし」なら存在否定、「なかれ」なら禁止。,なし,大学受験漢文・句形句法一覧（標準形の照合）,https://lawcityblog.com/kanbun-kukei-list/,なし
漢文_Deck1_最重要句法・語彙_250項目,CC-000030,30,Deck1_最重要句法・語彙,句法,存在否定,莫〜（存在否定）,〜なし,なし,否定形,形=莫〜（存在否定）;読み=〜なし;意味=〜がない・いない,CC-000030-C02,meaning,句形の意味,「莫〜（存在否定）」の基本的な意味を答えよ。,〜がない・いない,〜がない・いない,訳の核は「〜がない・いない」。本文では前後関係に合わせて自然な日本語へ整える。,なし,なし,なし,なし,なし,莫〜（禁止）,「なし」なら存在否定、「なかれ」なら禁止。,なし,大学受験漢文・句形句法一覧（標準形の照合）,https://lawcityblog.com/kanbun-kukei-list/,なし
漢文_Deck1_最重要句法・語彙_250項目,CC-000031,31,Deck1_最重要句法・語彙,句法,禁止,勿〜,〜するなかれ,なし,禁止形,形=勿〜;読み=〜するなかれ;意味=〜してはいけない,CC-000031-C01,reading,句形の読み,「勿〜」はどう読むか。,〜するなかれ,〜するなかれ,形と読みを一まとまりで覚える。標準的な読みは「〜するなかれ」。,なし,なし,なし,なし,なし,なし,なし,なし,大学受験漢文・句形句法一覧（標準形の照合）,https://lawcityblog.com/kanbun-kukei-list/,なし
漢文_Deck1_最重要句法・語彙_250項目,CC-000031,31,Deck1_最重要句法・語彙,句法,禁止,勿〜,〜するなかれ,なし,禁止形,形=勿〜;読み=〜するなかれ;意味=〜してはいけない,CC-000031-C02,meaning,句形の意味,「勿〜」の基本的な意味を答えよ。,〜してはいけない,〜してはいけない,訳の核は「〜してはいけない」。本文では前後関係に合わせて自然な日本語へ整える。,なし,なし,なし,なし,なし,なし,なし,なし,大学受験漢文・句形句法一覧（標準形の照合）,https://lawcityblog.com/kanbun-kukei-list/,なし
漢文_Deck1_最重要句法・語彙_250項目,CC-000032,32,Deck1_最重要句法・語彙,句法,禁止,毋〜,〜するなかれ,なし,禁止形,形=毋〜;読み=〜するなかれ;意味=〜してはいけない,CC-000032-C01,reading,句形の読み,「毋〜」はどう読むか。,〜するなかれ,〜するなかれ,形と読みを一まとまりで覚える。標準的な読みは「〜するなかれ」。,なし,なし,なし,なし,なし,なし,なし,なし,大学受験漢文・句形句法一覧（標準形の照合）,https://lawcityblog.com/kanbun-kukei-list/,なし
漢文_Deck1_最重要句法・語彙_250項目,CC-000032,32,Deck1_最重要句法・語彙,句法,禁止,毋〜,〜するなかれ,なし,禁止形,形=毋〜;読み=〜するなかれ;意味=〜してはいけない,CC-000032-C02,meaning,句形の意味,「毋〜」の基本的な意味を答えよ。,〜してはいけない,〜してはいけない,訳の核は「〜してはいけない」。本文では前後関係に合わせて自然な日本語へ整える。,なし,なし,なし,なし,なし,なし,なし,なし,大学受験漢文・句形句法一覧（標準形の照合）,https://lawcityblog.com/kanbun-kukei-list/,なし
漢文_Deck1_最重要句法・語彙_250項目,CC-000033,33,Deck1_最重要句法・語彙,句法,禁止,無〜（禁止）,〜するなかれ,なし,禁止形,形=無〜（禁止）;読み=〜するなかれ;意味=〜してはいけない,CC-000033-C01,reading,句形の読み,「無〜（禁止）」はどう読むか。,〜するなかれ,〜するなかれ,形と読みを一まとまりで覚える。標準的な読みは「〜するなかれ」。,なし,なし,なし,なし,なし,なし,なし,なし,大学受験漢文・句形句法一覧（標準形の照合）,https://lawcityblog.com/kanbun-kukei-list/,なし
漢文_Deck1_最重要句法・語彙_250項目,CC-000033,33,Deck1_最重要句法・語彙,句法,禁止,無〜（禁止）,〜するなかれ,なし,禁止形,形=無〜（禁止）;読み=〜するなかれ;意味=〜してはいけない,CC-000033-C02,meaning,句形の意味,「無〜（禁止）」の基本的な意味を答えよ。,〜してはいけない,〜してはいけない,訳の核は「〜してはいけない」。本文では前後関係に合わせて自然な日本語へ整える。,なし,なし,なし,なし,なし,なし,なし,なし,大学受験漢文・句形句法一覧（標準形の照合）,https://lawcityblog.com/kanbun-kukei-list/,なし
漢文_Deck1_最重要句法・語彙_250項目,CC-000034,34,Deck1_最重要句法・語彙,句法,禁止,莫〜（禁止）,〜するなかれ,なし,禁止形,形=莫〜（禁止）;読み=〜するなかれ;意味=〜してはいけない,CC-000034-C01,reading,句形の読み,「莫〜（禁止）」はどう読むか。,〜するなかれ,〜するなかれ,形と読みを一まとまりで覚える。標準的な読みは「〜するなかれ」。,なし,なし,なし,なし,なし,なし,なし,なし,大学受験漢文・句形句法一覧（標準形の照合）,https://lawcityblog.com/kanbun-kukei-list/,なし
漢文_Deck1_最重要句法・語彙_250項目,CC-000034,34,Deck1_最重要句法・語彙,句法,禁止,莫〜（禁止）,〜するなかれ,なし,禁止形,形=莫〜（禁止）;読み=〜するなかれ;意味=〜してはいけない,CC-000034-C02,meaning,句形の意味,「莫〜（禁止）」の基本的な意味を答えよ。,〜してはいけない,〜してはいけない,訳の核は「〜してはいけない」。本文では前後関係に合わせて自然な日本語へ整える。,なし,なし,なし,なし,なし,なし,なし,なし,大学受験漢文・句形句法一覧（標準形の照合）,https://lawcityblog.com/kanbun-kukei-list/,なし
漢文_Deck1_最重要句法・語彙_250項目,CC-000035,35,Deck1_最重要句法・語彙,句法,禁止・不可能,不可〜,〜すべからず,なし,禁止・不可能形,形=不可〜;読み=〜すべからず;意味=〜してはいけない／〜できない,CC-000035-C01,reading,句形の読み,「不可〜」はどう読むか。,〜すべからず,〜すべからず,形と読みを一まとまりで覚える。標準的な読みは「〜すべからず」。,なし,なし,なし,なし,なし,不得〜,不可は「べからず」、不得は「するを得ず」。,なし,大学受験漢文・句形句法一覧（標準形の照合）,https://lawcityblog.com/kanbun-kukei-list/,なし
漢文_Deck1_最重要句法・語彙_250項目,CC-000035,35,Deck1_最重要句法・語彙,句法,禁止・不可能,不可〜,〜すべからず,なし,禁止・不可能形,形=不可〜;読み=〜すべからず;意味=〜してはいけない／〜できない,CC-000035-C02,meaning,句形の意味,「不可〜」の主な意味を2つ答えよ。,〜してはいけない／〜できない,〜してはいけない／〜できない,訳の核は「〜してはいけない／〜できない」。本文では前後関係に合わせて自然な日本語へ整える。,なし,なし,なし,なし,なし,不得〜,不可は「べからず」、不得は「するを得ず」。,なし,大学受験漢文・句形句法一覧（標準形の照合）,https://lawcityblog.com/kanbun-kukei-list/,なし
漢文_Deck1_最重要句法・語彙_250項目,CC-000036,36,Deck1_最重要句法・語彙,句法,不可能,不能〜,よく〜せず,なし,不可能形,形=不能〜;読み=よく〜せず;意味=〜することができない,CC-000036-C01,reading,句形の読み,「不能〜」はどう読むか。,よく〜せず,よく〜せず,形と読みを一まとまりで覚える。標準的な読みは「よく〜せず」。,なし,なし,なし,なし,なし,なし,なし,なし,大学受験漢文・句形句法一覧（標準形の照合）,https://lawcityblog.com/kanbun-kukei-list/,なし
漢文_Deck1_最重要句法・語彙_250項目,CC-000036,36,Deck1_最重要句法・語彙,句法,不可能,不能〜,よく〜せず,なし,不可能形,形=不能〜;読み=よく〜せず;意味=〜することができない,CC-000036-C02,meaning,句形の意味,「不能〜」の基本的な意味を答えよ。,〜することができない,〜することができない,訳の核は「〜することができない」。本文では前後関係に合わせて自然な日本語へ整える。,なし,なし,なし,なし,なし,なし,なし,なし,大学受験漢文・句形句法一覧（標準形の照合）,https://lawcityblog.com/kanbun-kukei-list/,なし
漢文_Deck1_最重要句法・語彙_250項目,CC-000037,37,Deck1_最重要句法・語彙,句法,不可能,不得〜,〜するをえず,なし,不可能形,形=不得〜;読み=〜するをえず;意味=〜することができない,CC-000037-C01,reading,句形の読み,「不得〜」はどう読むか。,〜するをえず,〜するをえず,形と読みを一まとまりで覚える。標準的な読みは「〜するをえず」。,なし,なし,なし,なし,なし,なし,なし,なし,大学受験漢文・句形句法一覧（標準形の照合）,https://lawcityblog.com/kanbun-kukei-list/,なし
漢文_Deck1_最重要句法・語彙_250項目,CC-000037,37,Deck1_最重要句法・語彙,句法,不可能,不得〜,〜するをえず,なし,不可能形,形=不得〜;読み=〜するをえず;意味=〜することができない,CC-000037-C02,meaning,句形の意味,「不得〜」の基本的な意味を答えよ。,〜することができない,〜することができない,訳の核は「〜することができない」。本文では前後関係に合わせて自然な日本語へ整える。,なし,なし,なし,なし,なし,なし,なし,なし,大学受験漢文・句形句法一覧（標準形の照合）,https://lawcityblog.com/kanbun-kukei-list/,なし
漢文_Deck1_最重要句法・語彙_250項目,CC-000038,38,Deck1_最重要句法・語彙,句法,禁止,無得〜,〜するをうるなかれ,なし,禁止形,形=無得〜;読み=〜するをうるなかれ;意味=〜してはいけない,CC-000038-C01,reading,句形の読み,「無得〜」はどう読むか。,〜するをうるなかれ,〜するをうるなかれ,形と読みを一まとまりで覚える。標準的な読みは「〜するをうるなかれ」。,なし,なし,なし,なし,なし,なし,なし,なし,大学受験漢文・句形句法一覧（標準形の照合）,https://lawcityblog.com/kanbun-kukei-list/,なし
漢文_Deck1_最重要句法・語彙_250項目,CC-000038,38,Deck1_最重要句法・語彙,句法,禁止,無得〜,〜するをうるなかれ,なし,禁止形,形=無得〜;読み=〜するをうるなかれ;意味=〜してはいけない,CC-000038-C02,meaning,句形の意味,「無得〜」の基本的な意味を答えよ。,〜してはいけない,〜してはいけない,訳の核は「〜してはいけない」。本文では前後関係に合わせて自然な日本語へ整える。,なし,なし,なし,なし,なし,なし,なし,なし,大学受験漢文・句形句法一覧（標準形の照合）,https://lawcityblog.com/kanbun-kukei-list/,なし
漢文_Deck1_最重要句法・語彙_250項目,CC-000039,39,Deck1_最重要句法・語彙,句法,部分否定,不必〜,かならずしも〜ず,なし,部分否定形,形=不必〜;読み=かならずしも〜ず;意味=必ずしも〜とは限らない,CC-000039-C01,reading,句形の読み,「不必〜」はどう読むか。,かならずしも〜ず,かならずしも〜ず,形と読みを一まとまりで覚える。標準的な読みは「かならずしも〜ず」。,なし,なし,なし,なし,なし,必不〜,否定辞が先なら部分否定、副詞が先なら全部否定。,否定辞が先なら部分否定。,大学受験漢文・句形句法一覧（標準形の照合）,https://lawcityblog.com/kanbun-kukei-list/,なし
漢文_Deck1_最重要句法・語彙_250項目,CC-000039,39,Deck1_最重要句法・語彙,句法,部分否定,不必〜,かならずしも〜ず,なし,部分否定形,形=不必〜;読み=かならずしも〜ず;意味=必ずしも〜とは限らない,CC-000039-C02,meaning,句形の意味,「不必〜」の基本的な意味を答えよ。,必ずしも〜とは限らない,必ずしも〜とは限らない,訳の核は「必ずしも〜とは限らない」。本文では前後関係に合わせて自然な日本語へ整える。,なし,なし,なし,なし,なし,必不〜,否定辞が先なら部分否定、副詞が先なら全部否定。,否定辞が先なら部分否定。,大学受験漢文・句形句法一覧（標準形の照合）,https://lawcityblog.com/kanbun-kukei-list/,なし
漢文_Deck1_最重要句法・語彙_250項目,CC-000040,40,Deck1_最重要句法・語彙,句法,全部否定,必不〜,かならず〜ず,なし,全部否定形,形=必不〜;読み=かならず〜ず;意味=必ず〜しない,CC-000040-C01,reading,句形の読み,「必不〜」はどう読むか。,かならず〜ず,かならず〜ず,形と読みを一まとまりで覚える。標準的な読みは「かならず〜ず」。,なし,なし,なし,なし,なし,不必〜,必不は「必ず〜しない」、不必は「必ずしも〜ない」。,副詞が先なら全部否定。,大学受験漢文・句形句法一覧（標準形の照合）,https://lawcityblog.com/kanbun-kukei-list/,なし
漢文_Deck1_最重要句法・語彙_250項目,CC-000040,40,Deck1_最重要句法・語彙,句法,全部否定,必不〜,かならず〜ず,なし,全部否定形,形=必不〜;読み=かならず〜ず;意味=必ず〜しない,CC-000040-C02,meaning,句形の意味,「必不〜」の基本的な意味を答えよ。,必ず〜しない,必ず〜しない,訳の核は「必ず〜しない」。本文では前後関係に合わせて自然な日本語へ整える。,なし,なし,なし,なし,なし,不必〜,必不は「必ず〜しない」、不必は「必ずしも〜ない」。,副詞が先なら全部否定。,大学受験漢文・句形句法一覧（標準形の照合）,https://lawcityblog.com/kanbun-kukei-list/,なし
漢文_Deck1_最重要句法・語彙_250項目,CC-000041,41,Deck1_最重要句法・語彙,句法,部分否定,不常〜,つねには〜ず,なし,部分否定形,形=不常〜;読み=つねには〜ず;意味=いつも〜とは限らない,CC-000041-C01,reading,句形の読み,「不常〜」はどう読むか。,つねには〜ず,つねには〜ず,形と読みを一まとまりで覚える。標準的な読みは「つねには〜ず」。,なし,なし,なし,なし,なし,常不〜,不常は「いつもとは限らない」、常不は「いつも〜しない」。,なし,大学受験漢文・句形句法一覧（標準形の照合）,https://lawcityblog.com/kanbun-kukei-list/,なし
漢文_Deck1_最重要句法・語彙_250項目,CC-000041,41,Deck1_最重要句法・語彙,句法,部分否定,不常〜,つねには〜ず,なし,部分否定形,形=不常〜;読み=つねには〜ず;意味=いつも〜とは限らない,CC-000041-C02,meaning,句形の意味,「不常〜」の基本的な意味を答えよ。,いつも〜とは限らない,いつも〜とは限らない,訳の核は「いつも〜とは限らない」。本文では前後関係に合わせて自然な日本語へ整える。,なし,なし,なし,なし,なし,常不〜,不常は「いつもとは限らない」、常不は「いつも〜しない」。,なし,大学受験漢文・句形句法一覧（標準形の照合）,https://lawcityblog.com/kanbun-kukei-list/,なし
漢文_Deck1_最重要句法・語彙_250項目,CC-000042,42,Deck1_最重要句法・語彙,句法,全部否定,常不〜,つねに〜ず,なし,全部否定形,形=常不〜;読み=つねに〜ず;意味=いつも〜しない,CC-000042-C01,reading,句形の読み,「常不〜」はどう読むか。,つねに〜ず,つねに〜ず,形と読みを一まとまりで覚える。標準的な読みは「つねに〜ず」。,なし,なし,なし,なし,なし,不常〜,常不は全部否定、不常は部分否定。,なし,大学受験漢文・句形句法一覧（標準形の照合）,https://lawcityblog.com/kanbun-kukei-list/,なし
漢文_Deck1_最重要句法・語彙_250項目,CC-000042,42,Deck1_最重要句法・語彙,句法,全部否定,常不〜,つねに〜ず,なし,全部否定形,形=常不〜;読み=つねに〜ず;意味=いつも〜しない,CC-000042-C02,meaning,句形の意味,「常不〜」の基本的な意味を答えよ。,いつも〜しない,いつも〜しない,訳の核は「いつも〜しない」。本文では前後関係に合わせて自然な日本語へ整える。,なし,なし,なし,なし,なし,不常〜,常不は全部否定、不常は部分否定。,なし,大学受験漢文・句形句法一覧（標準形の照合）,https://lawcityblog.com/kanbun-kukei-list/,なし
漢文_Deck1_最重要句法・語彙_250項目,CC-000043,43,Deck1_最重要句法・語彙,句法,部分否定,不倶〜,ともには〜ず,なし,部分否定形,形=不倶〜;読み=ともには〜ず;意味=両方そろっては〜しない,CC-000043-C01,reading,句形の読み,「不倶〜」はどう読むか。,ともには〜ず,ともには〜ず,形と読みを一まとまりで覚える。標準的な読みは「ともには〜ず」。,なし,なし,なし,なし,なし,倶不〜,不倶は「両方そろっては〜ない」、倶不は「両方とも〜ない」。,なし,大学受験漢文・句形句法一覧（標準形の照合）,https://lawcityblog.com/kanbun-kukei-list/,なし
漢文_Deck1_最重要句法・語彙_250項目,CC-000043,43,Deck1_最重要句法・語彙,句法,部分否定,不倶〜,ともには〜ず,なし,部分否定形,形=不倶〜;読み=ともには〜ず;意味=両方そろっては〜しない,CC-000043-C02,meaning,句形の意味,「不倶〜」の基本的な意味を答えよ。,両方そろっては〜しない,両方そろっては〜しない,訳の核は「両方そろっては〜しない」。本文では前後関係に合わせて自然な日本語へ整える。,なし,なし,なし,なし,なし,倶不〜,不倶は「両方そろっては〜ない」、倶不は「両方とも〜ない」。,なし,大学受験漢文・句形句法一覧（標準形の照合）,https://lawcityblog.com/kanbun-kukei-list/,なし
漢文_Deck1_最重要句法・語彙_250項目,CC-000044,44,Deck1_最重要句法・語彙,句法,全部否定,倶不〜,ともに〜ず,なし,全部否定形,形=倶不〜;読み=ともに〜ず;意味=両方とも〜しない,CC-000044-C01,reading,句形の読み,「倶不〜」はどう読むか。,ともに〜ず,ともに〜ず,形と読みを一まとまりで覚える。標準的な読みは「ともに〜ず」。,なし,なし,なし,なし,なし,不倶〜,倶不は全部否定、不倶は部分否定。,なし,大学受験漢文・句形句法一覧（標準形の照合）,https://lawcityblog.com/kanbun-kukei-list/,なし
漢文_Deck1_最重要句法・語彙_250項目,CC-000044,44,Deck1_最重要句法・語彙,句法,全部否定,倶不〜,ともに〜ず,なし,全部否定形,形=倶不〜;読み=ともに〜ず;意味=両方とも〜しない,CC-000044-C02,meaning,句形の意味,「倶不〜」の基本的な意味を答えよ。,両方とも〜しない,両方とも〜しない,訳の核は「両方とも〜しない」。本文では前後関係に合わせて自然な日本語へ整える。,なし,なし,なし,なし,なし,不倶〜,倶不は全部否定、不倶は部分否定。,なし,大学受験漢文・句形句法一覧（標準形の照合）,https://lawcityblog.com/kanbun-kukei-list/,なし
漢文_Deck1_最重要句法・語彙_250項目,CC-000045,45,Deck1_最重要句法・語彙,句法,部分否定,不復〜,また〜ず,なし,部分否定形,形=不復〜;読み=また〜ず;意味=二度とは〜しない,CC-000045-C01,reading,句形の読み,「不復〜」はどう読むか。,また〜ず,また〜ず,形と読みを一まとまりで覚える。標準的な読みは「また〜ず」。,なし,なし,なし,なし,なし,復不〜,不復は「二度とは〜ない」、復不は「今度もまた〜ない」。,なし,大学受験漢文・句形句法一覧（標準形の照合）,https://lawcityblog.com/kanbun-kukei-list/,なし
漢文_Deck1_最重要句法・語彙_250項目,CC-000045,45,Deck1_最重要句法・語彙,句法,部分否定,不復〜,また〜ず,なし,部分否定形,形=不復〜;読み=また〜ず;意味=二度とは〜しない,CC-000045-C02,meaning,句形の意味,「不復〜」の基本的な意味を答えよ。,二度とは〜しない,二度とは〜しない,訳の核は「二度とは〜しない」。本文では前後関係に合わせて自然な日本語へ整える。,なし,なし,なし,なし,なし,復不〜,不復は「二度とは〜ない」、復不は「今度もまた〜ない」。,なし,大学受験漢文・句形句法一覧（標準形の照合）,https://lawcityblog.com/kanbun-kukei-list/,なし
漢文_Deck1_最重要句法・語彙_250項目,CC-000046,46,Deck1_最重要句法・語彙,句法,全部否定,復不〜,また〜ず,なし,全部否定形,形=復不〜;読み=また〜ず;意味=今度もまた〜しない,CC-000046-C01,reading,句形の読み,「復不〜」はどう読むか。,また〜ず,また〜ず,形と読みを一まとまりで覚える。標準的な読みは「また〜ず」。,なし,なし,なし,なし,なし,不復〜,字順だけが否定範囲の手掛かりになる。,なし,大学受験漢文・句形句法一覧（標準形の照合）,https://lawcityblog.com/kanbun-kukei-list/,なし
漢文_Deck1_最重要句法・語彙_250項目,CC-000046,46,Deck1_最重要句法・語彙,句法,全部否定,復不〜,また〜ず,なし,全部否定形,形=復不〜;読み=また〜ず;意味=今度もまた〜しない,CC-000046-C02,meaning,句形の意味,「復不〜」の基本的な意味を答えよ。,今度もまた〜しない,今度もまた〜しない,訳の核は「今度もまた〜しない」。本文では前後関係に合わせて自然な日本語へ整える。,なし,なし,なし,なし,なし,不復〜,字順だけが否定範囲の手掛かりになる。,なし,大学受験漢文・句形句法一覧（標準形の照合）,https://lawcityblog.com/kanbun-kukei-list/,なし
漢文_Deck1_最重要句法・語彙_250項目,CC-000047,47,Deck1_最重要句法・語彙,句法,部分否定,未必〜,いまだかならずしも〜ず,なし,部分否定形,形=未必〜;読み=いまだかならずしも〜ず;意味=まだ必ずしも〜とは限らない,CC-000047-C01,reading,句形の読み,「未必〜」はどう読むか。,いまだかならずしも〜ず,いまだかならずしも〜ず,形と読みを一まとまりで覚える。標準的な読みは「いまだかならずしも〜ず」。,なし,なし,なし,なし,なし,なし,なし,なし,大学受験漢文・句形句法一覧（標準形の照合）,https://lawcityblog.com/kanbun-kukei-list/,なし
漢文_Deck1_最重要句法・語彙_250項目,CC-000047,47,Deck1_最重要句法・語彙,句法,部分否定,未必〜,いまだかならずしも〜ず,なし,部分否定形,形=未必〜;読み=いまだかならずしも〜ず;意味=まだ必ずしも〜とは限らない,CC-000047-C02,meaning,句形の意味,「未必〜」の基本的な意味を答えよ。,まだ必ずしも〜とは限らない,まだ必ずしも〜とは限らない,訳の核は「まだ必ずしも〜とは限らない」。本文では前後関係に合わせて自然な日本語へ整える。,なし,なし,なし,なし,なし,なし,なし,なし,大学受験漢文・句形句法一覧（標準形の照合）,https://lawcityblog.com/kanbun-kukei-list/,なし
漢文_Deck1_最重要句法・語彙_250項目,CC-000048,48,Deck1_最重要句法・語彙,句法,未経験否定,未嘗〜,いまだかつて〜ず,なし,否定形,形=未嘗〜;読み=いまだかつて〜ず;意味=今まで一度も〜したことがない,CC-000048-C01,reading,句形の読み,「未嘗〜」はどう読むか。,いまだかつて〜ず,いまだかつて〜ず,形と読みを一まとまりで覚える。標準的な読みは「いまだかつて〜ず」。,なし,なし,なし,なし,なし,なし,なし,なし,大学受験漢文・句形句法一覧（標準形の照合）,https://lawcityblog.com/kanbun-kukei-list/,なし
漢文_Deck1_最重要句法・語彙_250項目,CC-000048,48,Deck1_最重要句法・語彙,句法,未経験否定,未嘗〜,いまだかつて〜ず,なし,否定形,形=未嘗〜;読み=いまだかつて〜ず;意味=今まで一度も〜したことがない,CC-000048-C02,meaning,句形の意味,「未嘗〜」の基本的な意味を答えよ。,今まで一度も〜したことがない,今まで一度も〜したことがない,訳の核は「今まで一度も〜したことがない」。本文では前後関係に合わせて自然な日本語へ整える。,なし,なし,なし,なし,なし,なし,なし,なし,大学受験漢文・句形句法一覧（標準形の照合）,https://lawcityblog.com/kanbun-kukei-list/,なし
漢文_Deck1_最重要句法・語彙_250項目,CC-000049,49,Deck1_最重要句法・語彙,句法,未経験否定,未曾〜,いまだかつて〜ず,なし,否定形,形=未曾〜;読み=いまだかつて〜ず;意味=今まで一度も〜したことがない,CC-000049-C01,reading,句形の読み,「未曾〜」はどう読むか。,いまだかつて〜ず,いまだかつて〜ず,形と読みを一まとまりで覚える。標準的な読みは「いまだかつて〜ず」。,なし,なし,なし,なし,なし,なし,なし,なし,大学受験漢文・句形句法一覧（標準形の照合）,https://lawcityblog.com/kanbun-kukei-list/,なし
漢文_Deck1_最重要句法・語彙_250項目,CC-000049,49,Deck1_最重要句法・語彙,句法,未経験否定,未曾〜,いまだかつて〜ず,なし,否定形,形=未曾〜;読み=いまだかつて〜ず;意味=今まで一度も〜したことがない,CC-000049-C02,meaning,句形の意味,「未曾〜」の基本的な意味を答えよ。,今まで一度も〜したことがない,今まで一度も〜したことがない,訳の核は「今まで一度も〜したことがない」。本文では前後関係に合わせて自然な日本語へ整える。,なし,なし,なし,なし,なし,なし,なし,なし,大学受験漢文・句形句法一覧（標準形の照合）,https://lawcityblog.com/kanbun-kukei-list/,なし
漢文_Deck1_最重要句法・語彙_250項目,CC-000050,50,Deck1_最重要句法・語彙,句法,二重否定,無不〜,〜ざるはなし,なし,二重否定形,形=無不〜;読み=〜ざるはなし;意味=〜しないものはない・すべて〜する,CC-000050-C01,reading,句形の読み,「無不〜」はどう読むか。,〜ざるはなし,〜ざるはなし,形と読みを一まとまりで覚える。標準的な読みは「〜ざるはなし」。,なし,なし,なし,なし,なし,なし,なし,なし,大学受験漢文・句形句法一覧（標準形の照合）,https://lawcityblog.com/kanbun-kukei-list/,なし
漢文_Deck1_最重要句法・語彙_250項目,CC-000050,50,Deck1_最重要句法・語彙,句法,二重否定,無不〜,〜ざるはなし,なし,二重否定形,形=無不〜;読み=〜ざるはなし;意味=〜しないものはない・すべて〜する,CC-000050-C02,meaning,句形の意味,「無不〜」の基本的な意味を答えよ。,〜しないものはない・すべて〜する,〜しないものはない・すべて〜する,訳の核は「〜しないものはない・すべて〜する」。本文では前後関係に合わせて自然な日本語へ整える。,なし,なし,なし,なし,なし,なし,なし,なし,大学受験漢文・句形句法一覧（標準形の照合）,https://lawcityblog.com/kanbun-kukei-list/,なし
漢文_Deck1_最重要句法・語彙_250項目,CC-000051,51,Deck1_最重要句法・語彙,句法,二重否定,莫不〜,〜ざるはなし,なし,二重否定形,形=莫不〜;読み=〜ざるはなし;意味=〜しないものはない・すべて〜する,CC-000051-C01,reading,句形の読み,「莫不〜」はどう読むか。,〜ざるはなし,〜ざるはなし,形と読みを一まとまりで覚える。標準的な読みは「〜ざるはなし」。,なし,なし,なし,なし,なし,なし,なし,なし,大学受験漢文・句形句法一覧（標準形の照合）,https://lawcityblog.com/kanbun-kukei-list/,なし
漢文_Deck1_最重要句法・語彙_250項目,CC-000051,51,Deck1_最重要句法・語彙,句法,二重否定,莫不〜,〜ざるはなし,なし,二重否定形,形=莫不〜;読み=〜ざるはなし;意味=〜しないものはない・すべて〜する,CC-000051-C02,meaning,句形の意味,「莫不〜」の基本的な意味を答えよ。,〜しないものはない・すべて〜する,〜しないものはない・すべて〜する,訳の核は「〜しないものはない・すべて〜する」。本文では前後関係に合わせて自然な日本語へ整える。,なし,なし,なし,なし,なし,なし,なし,なし,大学受験漢文・句形句法一覧（標準形の照合）,https://lawcityblog.com/kanbun-kukei-list/,なし
漢文_Deck1_最重要句法・語彙_250項目,CC-000052,52,Deck1_最重要句法・語彙,句法,二重否定,無非〜,〜にあらざるはなし,なし,二重否定形,形=無非〜;読み=〜にあらざるはなし;意味=〜でないものはない・すべて〜である,CC-000052-C01,reading,句形の読み,「無非〜」はどう読むか。,〜にあらざるはなし,〜にあらざるはなし,形と読みを一まとまりで覚える。標準的な読みは「〜にあらざるはなし」。,なし,なし,なし,なし,なし,なし,なし,なし,大学受験漢文・句形句法一覧（標準形の照合）,https://lawcityblog.com/kanbun-kukei-list/,なし
漢文_Deck1_最重要句法・語彙_250項目,CC-000052,52,Deck1_最重要句法・語彙,句法,二重否定,無非〜,〜にあらざるはなし,なし,二重否定形,形=無非〜;読み=〜にあらざるはなし;意味=〜でないものはない・すべて〜である,CC-000052-C02,meaning,句形の意味,「無非〜」の基本的な意味を答えよ。,〜でないものはない・すべて〜である,〜でないものはない・すべて〜である,訳の核は「〜でないものはない・すべて〜である」。本文では前後関係に合わせて自然な日本語へ整える。,なし,なし,なし,なし,なし,なし,なし,なし,大学受験漢文・句形句法一覧（標準形の照合）,https://lawcityblog.com/kanbun-kukei-list/,なし
漢文_Deck1_最重要句法・語彙_250項目,CC-000053,53,Deck1_最重要句法・語彙,句法,二重否定,非不〜,〜ざるにあらず,なし,二重否定形,形=非不〜;読み=〜ざるにあらず;意味=〜しないわけではない,CC-000053-C01,reading,句形の読み,「非不〜」はどう読むか。,〜ざるにあらず,〜ざるにあらず,形と読みを一まとまりで覚える。標準的な読みは「〜ざるにあらず」。,なし,なし,なし,なし,なし,なし,なし,なし,大学受験漢文・句形句法一覧（標準形の照合）,https://lawcityblog.com/kanbun-kukei-list/,なし
漢文_Deck1_最重要句法・語彙_250項目,CC-000053,53,Deck1_最重要句法・語彙,句法,二重否定,非不〜,〜ざるにあらず,なし,二重否定形,形=非不〜;読み=〜ざるにあらず;意味=〜しないわけではない,CC-000053-C02,meaning,句形の意味,「非不〜」の基本的な意味を答えよ。,〜しないわけではない,〜しないわけではない,訳の核は「〜しないわけではない」。本文では前後関係に合わせて自然な日本語へ整える。,なし,なし,なし,なし,なし,なし,なし,なし,大学受験漢文・句形句法一覧（標準形の照合）,https://lawcityblog.com/kanbun-kukei-list/,なし
漢文_Deck1_最重要句法・語彙_250項目,CC-000054,54,Deck1_最重要句法・語彙,句法,二重否定,不可不〜,〜ざるべからず,なし,義務形,形=不可不〜;読み=〜ざるべからず;意味=〜しなければならない,CC-000054-C01,reading,句形の読み,「不可不〜」はどう読むか。,〜ざるべからず,〜ざるべからず,形と読みを一まとまりで覚える。標準的な読みは「〜ざるべからず」。,なし,なし,なし,なし,なし,なし,なし,二つの否定で強い肯定、「必ず〜する」。,大学受験漢文・句形句法一覧（標準形の照合）,https://lawcityblog.com/kanbun-kukei-list/,なし
漢文_Deck1_最重要句法・語彙_250項目,CC-000054,54,Deck1_最重要句法・語彙,句法,二重否定,不可不〜,〜ざるべからず,なし,義務形,形=不可不〜;読み=〜ざるべからず;意味=〜しなければならない,CC-000054-C02,meaning,句形の意味,「不可不〜」の基本的な意味を答えよ。,〜しなければならない,〜しなければならない,訳の核は「〜しなければならない」。本文では前後関係に合わせて自然な日本語へ整える。,なし,なし,なし,なし,なし,なし,なし,二つの否定で強い肯定、「必ず〜する」。,大学受験漢文・句形句法一覧（標準形の照合）,https://lawcityblog.com/kanbun-kukei-list/,なし
漢文_Deck1_最重要句法・語彙_250項目,CC-000055,55,Deck1_最重要句法・語彙,句法,二重否定,不能不〜,〜ざるあたはず,なし,必然形,形=不能不〜;読み=〜ざるあたはず;意味=〜しないではいられない,CC-000055-C01,reading,句形の読み,「不能不〜」はどう読むか。,〜ざるあたはず,〜ざるあたはず,形と読みを一まとまりで覚える。標準的な読みは「〜ざるあたはず」。,なし,なし,なし,なし,なし,なし,なし,なし,大学受験漢文・句形句法一覧（標準形の照合）,https://lawcityblog.com/kanbun-kukei-list/,なし
漢文_Deck1_最重要句法・語彙_250項目,CC-000055,55,Deck1_最重要句法・語彙,句法,二重否定,不能不〜,〜ざるあたはず,なし,必然形,形=不能不〜;読み=〜ざるあたはず;意味=〜しないではいられない,CC-000055-C02,meaning,句形の意味,「不能不〜」の基本的な意味を答えよ。,〜しないではいられない,〜しないではいられない,訳の核は「〜しないではいられない」。本文では前後関係に合わせて自然な日本語へ整える。,なし,なし,なし,なし,なし,なし,なし,なし,大学受験漢文・句形句法一覧（標準形の照合）,https://lawcityblog.com/kanbun-kukei-list/,なし
漢文_Deck1_最重要句法・語彙_250項目,CC-000056,56,Deck1_最重要句法・語彙,句法,二重否定,不得不〜,〜ざるをえず,なし,必然形,形=不得不〜;読み=〜ざるをえず;意味=〜しないわけにはいかない,CC-000056-C01,reading,句形の読み,「不得不〜」はどう読むか。,〜ざるをえず,〜ざるをえず,形と読みを一まとまりで覚える。標準的な読みは「〜ざるをえず」。,なし,なし,なし,なし,なし,なし,なし,なし,大学受験漢文・句形句法一覧（標準形の照合）,https://lawcityblog.com/kanbun-kukei-list/,なし
漢文_Deck1_最重要句法・語彙_250項目,CC-000056,56,Deck1_最重要句法・語彙,句法,二重否定,不得不〜,〜ざるをえず,なし,必然形,形=不得不〜;読み=〜ざるをえず;意味=〜しないわけにはいかない,CC-000056-C02,meaning,句形の意味,「不得不〜」の基本的な意味を答えよ。,〜しないわけにはいかない,〜しないわけにはいかない,訳の核は「〜しないわけにはいかない」。本文では前後関係に合わせて自然な日本語へ整える。,なし,なし,なし,なし,なし,なし,なし,なし,大学受験漢文・句形句法一覧（標準形の照合）,https://lawcityblog.com/kanbun-kukei-list/,なし
漢文_Deck1_最重要句法・語彙_250項目,CC-000057,57,Deck1_最重要句法・語彙,句法,二重否定,未嘗不〜,いまだかつて〜ずんばあらず,なし,強い肯定形,形=未嘗不〜;読み=いまだかつて〜ずんばあらず;意味=今まで〜しなかったことはない,CC-000057-C01,reading,句形の読み,「未嘗不〜」はどう読むか。,いまだかつて〜ずんばあらず,いまだかつて〜ずんばあらず,形と読みを一まとまりで覚える。標準的な読みは「いまだかつて〜ずんばあらず」。,なし,なし,なし,なし,なし,なし,なし,なし,大学受験漢文・句形句法一覧（標準形の照合）,https://lawcityblog.com/kanbun-kukei-list/,なし
漢文_Deck1_最重要句法・語彙_250項目,CC-000057,57,Deck1_最重要句法・語彙,句法,二重否定,未嘗不〜,いまだかつて〜ずんばあらず,なし,強い肯定形,形=未嘗不〜;読み=いまだかつて〜ずんばあらず;意味=今まで〜しなかったことはない,CC-000057-C02,meaning,句形の意味,「未嘗不〜」の基本的な意味を答えよ。,今まで〜しなかったことはない,今まで〜しなかったことはない,訳の核は「今まで〜しなかったことはない」。本文では前後関係に合わせて自然な日本語へ整える。,なし,なし,なし,なし,なし,なし,なし,なし,大学受験漢文・句形句法一覧（標準形の照合）,https://lawcityblog.com/kanbun-kukei-list/,なし
漢文_Deck1_最重要句法・語彙_250項目,CC-000058,58,Deck1_最重要句法・語彙,句法,二重否定,不敢不〜,あへて〜ずんばあらず,なし,強い肯定形,形=不敢不〜;読み=あへて〜ずんばあらず;意味=〜しないではいられない,CC-000058-C01,reading,句形の読み,「不敢不〜」はどう読むか。,あへて〜ずんばあらず,あへて〜ずんばあらず｜あえて〜ずんばあらず,形と読みを一まとまりで覚える。標準的な読みは「あへて〜ずんばあらず」。,なし,なし,なし,なし,なし,なし,なし,なし,大学受験漢文・句形句法一覧（標準形の照合）,https://lawcityblog.com/kanbun-kukei-list/,なし
漢文_Deck1_最重要句法・語彙_250項目,CC-000058,58,Deck1_最重要句法・語彙,句法,二重否定,不敢不〜,あへて〜ずんばあらず,なし,強い肯定形,形=不敢不〜;読み=あへて〜ずんばあらず;意味=〜しないではいられない,CC-000058-C02,meaning,句形の意味,「不敢不〜」の基本的な意味を答えよ。,〜しないではいられない,〜しないではいられない,訳の核は「〜しないではいられない」。本文では前後関係に合わせて自然な日本語へ整える。,なし,なし,なし,なし,なし,なし,なし,なし,大学受験漢文・句形句法一覧（標準形の照合）,https://lawcityblog.com/kanbun-kukei-list/,なし
漢文_Deck1_最重要句法・語彙_250項目,CC-000059,59,Deck1_最重要句法・語彙,句法,所字否定,無所〜,〜するところなし,なし,否定形,形=無所〜;読み=〜するところなし;意味=〜するもの・こと・場所がない,CC-000059-C01,reading,句形の読み,「無所〜」はどう読むか。,〜するところなし,〜するところなし,形と読みを一まとまりで覚える。標準的な読みは「〜するところなし」。,なし,なし,なし,なし,なし,なし,なし,なし,大学受験漢文・句形句法一覧（標準形の照合）,https://lawcityblog.com/kanbun-kukei-list/,なし
漢文_Deck1_最重要句法・語彙_250項目,CC-000059,59,Deck1_最重要句法・語彙,句法,所字否定,無所〜,〜するところなし,なし,否定形,形=無所〜;読み=〜するところなし;意味=〜するもの・こと・場所がない,CC-000059-C02,meaning,句形の意味,「無所〜」の基本的な意味を答えよ。,〜するもの・こと・場所がない,〜するもの・こと・場所がない,訳の核は「〜するもの・こと・場所がない」。本文では前後関係に合わせて自然な日本語へ整える。,なし,なし,なし,なし,なし,なし,なし,なし,大学受験漢文・句形句法一覧（標準形の照合）,https://lawcityblog.com/kanbun-kukei-list/,なし
漢文_Deck1_最重要句法・語彙_250項目,CC-000060,60,Deck1_最重要句法・語彙,句法,手段否定,無以〜,もつて〜することなし,なし,否定形,形=無以〜;読み=もつて〜することなし;意味=〜する手段・方法がない,CC-000060-C01,reading,句形の読み,「無以〜」はどう読むか。,もつて〜することなし,もつて〜することなし,形と読みを一まとまりで覚える。標準的な読みは「もつて〜することなし」。,なし,なし,なし,なし,なし,なし,なし,なし,大学受験漢文・句形句法一覧（標準形の照合）,https://lawcityblog.com/kanbun-kukei-list/,なし
漢文_Deck1_最重要句法・語彙_250項目,CC-000060,60,Deck1_最重要句法・語彙,句法,手段否定,無以〜,もつて〜することなし,なし,否定形,形=無以〜;読み=もつて〜することなし;意味=〜する手段・方法がない,CC-000060-C02,meaning,句形の意味,「無以〜」の基本的な意味を答えよ。,〜する手段・方法がない,〜する手段・方法がない,訳の核は「〜する手段・方法がない」。本文では前後関係に合わせて自然な日本語へ整える。,なし,なし,なし,なし,なし,なし,なし,なし,大学受験漢文・句形句法一覧（標準形の照合）,https://lawcityblog.com/kanbun-kukei-list/,なし
漢文_Deck1_最重要句法・語彙_250項目,CC-000061,61,Deck1_最重要句法・語彙,句法,手段否定,無由〜,〜するによしなし,なし,否定形,形=無由〜;読み=〜するによしなし;意味=〜する手段・理由がない,CC-000061-C01,reading,句形の読み,「無由〜」はどう読むか。,〜するによしなし,〜するによしなし,形と読みを一まとまりで覚える。標準的な読みは「〜するによしなし」。,なし,なし,なし,なし,なし,なし,なし,なし,大学受験漢文・句形句法一覧（標準形の照合）,https://lawcityblog.com/kanbun-kukei-list/,なし
漢文_Deck1_最重要句法・語彙_250項目,CC-000061,61,Deck1_最重要句法・語彙,句法,手段否定,無由〜,〜するによしなし,なし,否定形,形=無由〜;読み=〜するによしなし;意味=〜する手段・理由がない,CC-000061-C02,meaning,句形の意味,「無由〜」の基本的な意味を答えよ。,〜する手段・理由がない,〜する手段・理由がない,訳の核は「〜する手段・理由がない」。本文では前後関係に合わせて自然な日本語へ整える。,なし,なし,なし,なし,なし,なし,なし,なし,大学受験漢文・句形句法一覧（標準形の照合）,https://lawcityblog.com/kanbun-kukei-list/,なし
漢文_Deck1_最重要句法・語彙_250項目,CC-000062,62,Deck1_最重要句法・語彙,句法,不可能,未能〜,いまだよく〜せず,なし,不可能形,形=未能〜;読み=いまだよく〜せず;意味=まだ〜することができない,CC-000062-C01,reading,句形の読み,「未能〜」はどう読むか。,いまだよく〜せず,いまだよく〜せず,形と読みを一まとまりで覚える。標準的な読みは「いまだよく〜せず」。,なし,なし,なし,なし,なし,なし,なし,なし,大学受験漢文・句形句法一覧（標準形の照合）,https://lawcityblog.com/kanbun-kukei-list/,なし
漢文_Deck1_最重要句法・語彙_250項目,CC-000062,62,Deck1_最重要句法・語彙,句法,不可能,未能〜,いまだよく〜せず,なし,不可能形,形=未能〜;読み=いまだよく〜せず;意味=まだ〜することができない,CC-000062-C02,meaning,句形の意味,「未能〜」の基本的な意味を答えよ。,まだ〜することができない,まだ〜することができない,訳の核は「まだ〜することができない」。本文では前後関係に合わせて自然な日本語へ整える。,なし,なし,なし,なし,なし,なし,なし,なし,大学受験漢文・句形句法一覧（標準形の照合）,https://lawcityblog.com/kanbun-kukei-list/,なし
漢文_Deck1_最重要句法・語彙_250項目,CC-000063,63,Deck1_最重要句法・語彙,句法,程度否定,不足以〜,もつて〜するにたらず,なし,否定形,形=不足以〜;読み=もつて〜するにたらず;意味=〜するのに十分でない・値しない,CC-000063-C01,reading,句形の読み,「不足以〜」はどう読むか。,もつて〜するにたらず,もつて〜するにたらず,形と読みを一まとまりで覚える。標準的な読みは「もつて〜するにたらず」。,なし,なし,なし,なし,なし,なし,なし,なし,大学受験漢文・句形句法一覧（標準形の照合）,https://lawcityblog.com/kanbun-kukei-list/,なし
漢文_Deck1_最重要句法・語彙_250項目,CC-000063,63,Deck1_最重要句法・語彙,句法,程度否定,不足以〜,もつて〜するにたらず,なし,否定形,形=不足以〜;読み=もつて〜するにたらず;意味=〜するのに十分でない・値しない,CC-000063-C02,meaning,句形の意味,「不足以〜」の基本的な意味を答えよ。,〜するのに十分でない・値しない,〜するのに十分でない・値しない,訳の核は「〜するのに十分でない・値しない」。本文では前後関係に合わせて自然な日本語へ整える。,なし,なし,なし,なし,なし,なし,なし,なし,大学受験漢文・句形句法一覧（標準形の照合）,https://lawcityblog.com/kanbun-kukei-list/,なし
漢文_Deck1_最重要句法・語彙_250項目,CC-000064,64,Deck1_最重要句法・語彙,句法,程度否定,未足以〜,いまだもつて〜するにたらず,なし,否定形,形=未足以〜;読み=いまだもつて〜するにたらず;意味=まだ〜するのに十分でない,CC-000064-C01,reading,句形の読み,「未足以〜」はどう読むか。,いまだもつて〜するにたらず,いまだもつて〜するにたらず,形と読みを一まとまりで覚える。標準的な読みは「いまだもつて〜するにたらず」。,なし,なし,なし,なし,なし,なし,なし,なし,大学受験漢文・句形句法一覧（標準形の照合）,https://lawcityblog.com/kanbun-kukei-list/,なし
漢文_Deck1_最重要句法・語彙_250項目,CC-000064,64,Deck1_最重要句法・語彙,句法,程度否定,未足以〜,いまだもつて〜するにたらず,なし,否定形,形=未足以〜;読み=いまだもつて〜するにたらず;意味=まだ〜するのに十分でない,CC-000064-C02,meaning,句形の意味,「未足以〜」の基本的な意味を答えよ。,まだ〜するのに十分でない,まだ〜するのに十分でない,訳の核は「まだ〜するのに十分でない」。本文では前後関係に合わせて自然な日本語へ整える。,なし,なし,なし,なし,なし,なし,なし,なし,大学受験漢文・句形句法一覧（標準形の照合）,https://lawcityblog.com/kanbun-kukei-list/,なし
漢文_Deck1_最重要句法・語彙_250項目,CC-000065,65,Deck1_最重要句法・語彙,句法,疑問,何〜（理由疑問）,なんぞ〜,なし,理由疑問,形=何〜（理由疑問）;読み=なんぞ〜;意味=どうして〜か,CC-000065-C01,reading,句形の読み,「何〜（理由疑問）」はどう読むか。,なんぞ〜,なんぞ〜,形と読みを一まとまりで覚える。標準的な読みは「なんぞ〜」。,なし,なし,なし,なし,なし,なし,なし,なし,大学受験漢文・句形句法一覧（標準形の照合）,https://lawcityblog.com/kanbun-kukei-list/,なし
漢文_Deck1_最重要句法・語彙_250項目,CC-000065,65,Deck1_最重要句法・語彙,句法,疑問,何〜（理由疑問）,なんぞ〜,なし,理由疑問,形=何〜（理由疑問）;読み=なんぞ〜;意味=どうして〜か,CC-000065-C02,meaning,句形の意味,「何〜（理由疑問）」の基本的な意味を答えよ。,どうして〜か,どうして〜か,訳の核は「どうして〜か」。本文では前後関係に合わせて自然な日本語へ整える。,なし,なし,なし,なし,なし,なし,なし,なし,大学受験漢文・句形句法一覧（標準形の照合）,https://lawcityblog.com/kanbun-kukei-list/,なし
漢文_Deck1_最重要句法・語彙_250項目,CC-000066,66,Deck1_最重要句法・語彙,句法,疑問,何〜（目的語疑問）,なにをか〜,なし,目的語疑問,形=何〜（目的語疑問）;読み=なにをか〜;意味=何を〜するのか,CC-000066-C01,reading,句形の読み,「何〜（目的語疑問）」はどう読むか。,なにをか〜,なにをか〜,形と読みを一まとまりで覚える。標準的な読みは「なにをか〜」。,なし,なし,なし,なし,なし,なし,なし,なし,大学受験漢文・句形句法一覧（標準形の照合）,https://lawcityblog.com/kanbun-kukei-list/,なし
漢文_Deck1_最重要句法・語彙_250項目,CC-000066,66,Deck1_最重要句法・語彙,句法,疑問,何〜（目的語疑問）,なにをか〜,なし,目的語疑問,形=何〜（目的語疑問）;読み=なにをか〜;意味=何を〜するのか,CC-000066-C02,meaning,句形の意味,「何〜（目的語疑問）」の基本的な意味を答えよ。,何を〜するのか,何を〜するのか,訳の核は「何を〜するのか」。本文では前後関係に合わせて自然な日本語へ整える。,なし,なし,なし,なし,なし,なし,なし,なし,大学受験漢文・句形句法一覧（標準形の照合）,https://lawcityblog.com/kanbun-kukei-list/,なし
漢文_Deck1_最重要句法・語彙_250項目,CC-000067,67,Deck1_最重要句法・語彙,句法,疑問,何以〜,なにをもつて〜,なし,手段・理由疑問,形=何以〜;読み=なにをもつて〜;意味=何によって〜するのか・どうして〜か,CC-000067-C01,reading,句形の読み,「何以〜」はどう読むか。,なにをもつて〜,なにをもつて〜,形と読みを一まとまりで覚える。標準的な読みは「なにをもつて〜」。,なし,なし,なし,なし,なし,なし,なし,なし,大学受験漢文・句形句法一覧（標準形の照合）,https://lawcityblog.com/kanbun-kukei-list/,なし
漢文_Deck1_最重要句法・語彙_250項目,CC-000067,67,Deck1_最重要句法・語彙,句法,疑問,何以〜,なにをもつて〜,なし,手段・理由疑問,形=何以〜;読み=なにをもつて〜;意味=何によって〜するのか・どうして〜か,CC-000067-C02,meaning,句形の意味,「何以〜」の基本的な意味を答えよ。,何によって〜するのか・どうして〜か,何によって〜するのか・どうして〜か,訳の核は「何によって〜するのか・どうして〜か」。本文では前後関係に合わせて自然な日本語へ整える。,なし,なし,なし,なし,なし,なし,なし,なし,大学受験漢文・句形句法一覧（標準形の照合）,https://lawcityblog.com/kanbun-kukei-list/,なし
漢文_Deck1_最重要句法・語彙_250項目,CC-000068,68,Deck1_最重要句法・語彙,句法,疑問,何故〜,なんのゆゑに〜,なし,理由疑問,形=何故〜;読み=なんのゆゑに〜;意味=なぜ〜か,CC-000068-C01,reading,句形の読み,「何故〜」はどう読むか。,なんのゆゑに〜,なんのゆゑに〜｜なんのゆえに〜,形と読みを一まとまりで覚える。標準的な読みは「なんのゆゑに〜」。,なし,なし,なし,なし,なし,なし,なし,なし,大学受験漢文・句形句法一覧（標準形の照合）,https://lawcityblog.com/kanbun-kukei-list/,なし
漢文_Deck1_最重要句法・語彙_250項目,CC-000068,68,Deck1_最重要句法・語彙,句法,疑問,何故〜,なんのゆゑに〜,なし,理由疑問,形=何故〜;読み=なんのゆゑに〜;意味=なぜ〜か,CC-000068-C02,meaning,句形の意味,「何故〜」の基本的な意味を答えよ。,なぜ〜か,なぜ〜か,訳の核は「なぜ〜か」。本文では前後関係に合わせて自然な日本語へ整える。,なし,なし,なし,なし,なし,なし,なし,なし,大学受験漢文・句形句法一覧（標準形の照合）,https://lawcityblog.com/kanbun-kukei-list/,なし
漢文_Deck1_最重要句法・語彙_250項目,CC-000069,69,Deck1_最重要句法・語彙,句法,疑問,誰〜,たれか〜,なし,人物疑問,形=誰〜;読み=たれか〜;意味=誰が・誰を〜するのか,CC-000069-C01,reading,句形の読み,「誰〜」はどう読むか。,たれか〜,たれか〜,形と読みを一まとまりで覚える。標準的な読みは「たれか〜」。,なし,なし,なし,なし,なし,なし,なし,なし,大学受験漢文・句形句法一覧（標準形の照合）,https://lawcityblog.com/kanbun-kukei-list/,なし
漢文_Deck1_最重要句法・語彙_250項目,CC-000069,69,Deck1_最重要句法・語彙,句法,疑問,誰〜,たれか〜,なし,人物疑問,形=誰〜;読み=たれか〜;意味=誰が・誰を〜するのか,CC-000069-C02,meaning,句形の意味,「誰〜」の基本的な意味を答えよ。,誰が・誰を〜するのか,誰が・誰を〜するのか,訳の核は「誰が・誰を〜するのか」。本文では前後関係に合わせて自然な日本語へ整える。,なし,なし,なし,なし,なし,なし,なし,なし,大学受験漢文・句形句法一覧（標準形の照合）,https://lawcityblog.com/kanbun-kukei-list/,なし
漢文_Deck1_最重要句法・語彙_250項目,CC-000070,70,Deck1_最重要句法・語彙,句法,疑問,孰〜,たれか〜／いづれか〜,なし,人物・選択疑問,形=孰〜;読み=たれか〜／いづれか〜;意味=誰が／どちらが〜か,CC-000070-C01,reading,句形の読み,「孰〜」の代表的な読みを2つ答えよ。,たれか〜／いづれか〜,たれか〜／いづれか〜｜たれか〜／いずれか〜,形と読みを一まとまりで覚える。標準的な読みは「たれか〜／いづれか〜」。,なし,なし,なし,なし,なし,なし,なし,なし,大学受験漢文・句形句法一覧（標準形の照合）,https://lawcityblog.com/kanbun-kukei-list/,なし
漢文_Deck1_最重要句法・語彙_250項目,CC-000070,70,Deck1_最重要句法・語彙,句法,疑問,孰〜,たれか〜／いづれか〜,なし,人物・選択疑問,形=孰〜;読み=たれか〜／いづれか〜;意味=誰が／どちらが〜か,CC-000070-C02,meaning,句形の意味,「孰〜」の主な意味を2つ答えよ。,誰が／どちらが〜か,誰が／どちらが〜か,訳の核は「誰が／どちらが〜か」。本文では前後関係に合わせて自然な日本語へ整える。,なし,なし,なし,なし,なし,なし,なし,なし,大学受験漢文・句形句法一覧（標準形の照合）,https://lawcityblog.com/kanbun-kukei-list/,なし
漢文_Deck1_最重要句法・語彙_250項目,CC-000071,71,Deck1_最重要句法・語彙,句法,疑問,安・悪・焉〜（場所疑問）,いづくにか〜,なし,場所疑問,形=安・悪・焉〜（場所疑問）;読み=いづくにか〜;意味=どこに・どこで〜か,CC-000071-C01,reading,句形の読み,「安・悪・焉〜（場所疑問）」はどう読むか。,いづくにか〜,いづくにか〜｜いずくにか〜,形と読みを一まとまりで覚える。標準的な読みは「いづくにか〜」。,なし,なし,なし,なし,なし,なし,なし,なし,大学受験漢文・句形句法一覧（標準形の照合）,https://lawcityblog.com/kanbun-kukei-list/,なし
漢文_Deck1_最重要句法・語彙_250項目,CC-000071,71,Deck1_最重要句法・語彙,句法,疑問,安・悪・焉〜（場所疑問）,いづくにか〜,なし,場所疑問,形=安・悪・焉〜（場所疑問）;読み=いづくにか〜;意味=どこに・どこで〜か,CC-000071-C02,meaning,句形の意味,「安・悪・焉〜（場所疑問）」の基本的な意味を答えよ。,どこに・どこで〜か,どこに・どこで〜か,訳の核は「どこに・どこで〜か」。本文では前後関係に合わせて自然な日本語へ整える。,なし,なし,なし,なし,なし,なし,なし,なし,大学受験漢文・句形句法一覧（標準形の照合）,https://lawcityblog.com/kanbun-kukei-list/,なし
漢文_Deck1_最重要句法・語彙_250項目,CC-000072,72,Deck1_最重要句法・語彙,句法,疑問,胡・奚〜,なんぞ〜,なし,理由疑問,形=胡・奚〜;読み=なんぞ〜;意味=どうして〜か,CC-000072-C01,reading,句形の読み,「胡・奚〜」はどう読むか。,なんぞ〜,なんぞ〜,形と読みを一まとまりで覚える。標準的な読みは「なんぞ〜」。,なし,なし,なし,なし,なし,なし,なし,なし,大学受験漢文・句形句法一覧（標準形の照合）,https://lawcityblog.com/kanbun-kukei-list/,なし
漢文_Deck1_最重要句法・語彙_250項目,CC-000072,72,Deck1_最重要句法・語彙,句法,疑問,胡・奚〜,なんぞ〜,なし,理由疑問,形=胡・奚〜;読み=なんぞ〜;意味=どうして〜か,CC-000072-C02,meaning,句形の意味,「胡・奚〜」の基本的な意味を答えよ。,どうして〜か,どうして〜か,訳の核は「どうして〜か」。本文では前後関係に合わせて自然な日本語へ整える。,なし,なし,なし,なし,なし,なし,なし,なし,大学受験漢文・句形句法一覧（標準形の照合）,https://lawcityblog.com/kanbun-kukei-list/,なし
漢文_Deck1_最重要句法・語彙_250項目,CC-000073,73,Deck1_最重要句法・語彙,句法,疑問,幾何,いくばく,なし,数量疑問,形=幾何;読み=いくばく;意味=どれほど・いくつ,CC-000073-C01,reading,句形の読み,「幾何」はどう読むか。,いくばく,いくばく,形と読みを一まとまりで覚える。標準的な読みは「いくばく」。,なし,なし,なし,なし,なし,なし,なし,なし,大学受験漢文・句形句法一覧（標準形の照合）,https://lawcityblog.com/kanbun-kukei-list/,なし
漢文_Deck1_最重要句法・語彙_250項目,CC-000073,73,Deck1_最重要句法・語彙,句法,疑問,幾何,いくばく,なし,数量疑問,形=幾何;読み=いくばく;意味=どれほど・いくつ,CC-000073-C02,meaning,句形の意味,「幾何」の基本的な意味を答えよ。,どれほど・いくつ,どれほど・いくつ,訳の核は「どれほど・いくつ」。本文では前後関係に合わせて自然な日本語へ整える。,なし,なし,なし,なし,なし,なし,なし,なし,大学受験漢文・句形句法一覧（標準形の照合）,https://lawcityblog.com/kanbun-kukei-list/,なし
漢文_Deck1_最重要句法・語彙_250項目,CC-000074,74,Deck1_最重要句法・語彙,句法,疑問,何如,いかん,なし,状態疑問,形=何如;読み=いかん;意味=どのようであるか,CC-000074-C01,reading,句形の読み,「何如」はどう読むか。,いかん,いかん,形と読みを一まとまりで覚える。標準的な読みは「いかん」。,なし,なし,なし,なし,なし,如何,何如は状態・評価、如何は方法・処置を問う。,何如＝状態、如何＝方法。,大学受験漢文・句形句法一覧（標準形の照合）,https://lawcityblog.com/kanbun-kukei-list/,なし
漢文_Deck1_最重要句法・語彙_250項目,CC-000074,74,Deck1_最重要句法・語彙,句法,疑問,何如,いかん,なし,状態疑問,形=何如;読み=いかん;意味=どのようであるか,CC-000074-C02,meaning,句形の意味,「何如」の基本的な意味を答えよ。,どのようであるか,どのようであるか,訳の核は「どのようであるか」。本文では前後関係に合わせて自然な日本語へ整える。,なし,なし,なし,なし,なし,如何,何如は状態・評価、如何は方法・処置を問う。,何如＝状態、如何＝方法。,大学受験漢文・句形句法一覧（標準形の照合）,https://lawcityblog.com/kanbun-kukei-list/,なし
漢文_Deck1_最重要句法・語彙_250項目,CC-000075,75,Deck1_最重要句法・語彙,句法,疑問,如何,いかん,なし,方法疑問,形=如何;読み=いかん;意味=どうしたらよいか,CC-000075-C01,reading,句形の読み,「如何」はどう読むか。,いかん,いかん,形と読みを一まとまりで覚える。標準的な読みは「いかん」。,なし,なし,なし,なし,なし,何如,如何は方法・処置、何如は状態・評価を問う。,何如＝状態、如何＝方法。,大学受験漢文・句形句法一覧（標準形の照合）,https://lawcityblog.com/kanbun-kukei-list/,なし
漢文_Deck1_最重要句法・語彙_250項目,CC-000075,75,Deck1_最重要句法・語彙,句法,疑問,如何,いかん,なし,方法疑問,形=如何;読み=いかん;意味=どうしたらよいか,CC-000075-C02,meaning,句形の意味,「如何」の基本的な意味を答えよ。,どうしたらよいか,どうしたらよいか,訳の核は「どうしたらよいか」。本文では前後関係に合わせて自然な日本語へ整える。,なし,なし,なし,なし,なし,何如,如何は方法・処置、何如は状態・評価を問う。,何如＝状態、如何＝方法。,大学受験漢文・句形句法一覧（標準形の照合）,https://lawcityblog.com/kanbun-kukei-list/,なし
漢文_Deck1_最重要句法・語彙_250項目,CC-000076,76,Deck1_最重要句法・語彙,句法,疑問,奈A何,えーをいかんせん,なし,処置疑問,形=奈A何;読み=Aをいかんせん;意味=Aをどうしようか,CC-000076-C01,reading,句形の読み,「奈A何」はどう読むか。,Aをいかんせん,Aをいかんせん｜えーをいかんせん,形と読みを一まとまりで覚える。標準的な読みは「Aをいかんせん」。,なし,なし,なし,なし,なし,なし,なし,なし,大学受験漢文・句形句法一覧（標準形の照合）,https://lawcityblog.com/kanbun-kukei-list/,なし
漢文_Deck1_最重要句法・語彙_250項目,CC-000076,76,Deck1_最重要句法・語彙,句法,疑問,奈A何,えーをいかんせん,なし,処置疑問,形=奈A何;読み=Aをいかんせん;意味=Aをどうしようか,CC-000076-C02,meaning,句形の意味,「奈A何」の基本的な意味を答えよ。,Aをどうしようか,Aをどうしようか,訳の核は「Aをどうしようか」。本文では前後関係に合わせて自然な日本語へ整える。,なし,なし,なし,なし,なし,なし,なし,なし,大学受験漢文・句形句法一覧（標準形の照合）,https://lawcityblog.com/kanbun-kukei-list/,なし
漢文_Deck1_最重要句法・語彙_250項目,CC-000077,77,Deck1_最重要句法・語彙,句法,疑問,如A何,えーをいかんせん,なし,処置疑問,形=如A何;読み=Aをいかんせん;意味=Aをどうしようか,CC-000077-C01,reading,句形の読み,「如A何」はどう読むか。,Aをいかんせん,Aをいかんせん｜えーをいかんせん,形と読みを一まとまりで覚える。標準的な読みは「Aをいかんせん」。,なし,なし,なし,なし,なし,なし,なし,なし,大学受験漢文・句形句法一覧（標準形の照合）,https://lawcityblog.com/kanbun-kukei-list/,なし
漢文_Deck1_最重要句法・語彙_250項目,CC-000077,77,Deck1_最重要句法・語彙,句法,疑問,如A何,えーをいかんせん,なし,処置疑問,形=如A何;読み=Aをいかんせん;意味=Aをどうしようか,CC-000077-C02,meaning,句形の意味,「如A何」の基本的な意味を答えよ。,Aをどうしようか,Aをどうしようか,訳の核は「Aをどうしようか」。本文では前後関係に合わせて自然な日本語へ整える。,なし,なし,なし,なし,なし,なし,なし,なし,大学受験漢文・句形句法一覧（標準形の照合）,https://lawcityblog.com/kanbun-kukei-list/,なし
漢文_Deck1_最重要句法・語彙_250項目,CC-000078,78,Deck1_最重要句法・語彙,句法,疑問,若A何,えーをいかんせん,なし,処置疑問,形=若A何;読み=Aをいかんせん;意味=Aをどうしようか,CC-000078-C01,reading,句形の読み,「若A何」はどう読むか。,Aをいかんせん,Aをいかんせん｜えーをいかんせん,形と読みを一まとまりで覚える。標準的な読みは「Aをいかんせん」。,なし,なし,なし,なし,なし,なし,なし,なし,大学受験漢文・句形句法一覧（標準形の照合）,https://lawcityblog.com/kanbun-kukei-list/,なし
漢文_Deck1_最重要句法・語彙_250項目,CC-000078,78,Deck1_最重要句法・語彙,句法,疑問,若A何,えーをいかんせん,なし,処置疑問,形=若A何;読み=Aをいかんせん;意味=Aをどうしようか,CC-000078-C02,meaning,句形の意味,「若A何」の基本的な意味を答えよ。,Aをどうしようか,Aをどうしようか,訳の核は「Aをどうしようか」。本文では前後関係に合わせて自然な日本語へ整える。,なし,なし,なし,なし,なし,なし,なし,なし,大学受験漢文・句形句法一覧（標準形の照合）,https://lawcityblog.com/kanbun-kukei-list/,なし
漢文_Deck1_最重要句法・語彙_250項目,CC-000079,79,Deck1_最重要句法・語彙,句法,疑問,何為,なんすれぞ,なし,理由疑問,形=何為;読み=なんすれぞ;意味=どうして〜するのか,CC-000079-C01,reading,句形の読み,「何為」はどう読むか。,なんすれぞ,なんすれぞ,形と読みを一まとまりで覚える。標準的な読みは「なんすれぞ」。,なし,なし,なし,なし,なし,なし,なし,なし,大学受験漢文・句形句法一覧（標準形の照合）,https://lawcityblog.com/kanbun-kukei-list/,なし
漢文_Deck1_最重要句法・語彙_250項目,CC-000079,79,Deck1_最重要句法・語彙,句法,疑問,何為,なんすれぞ,なし,理由疑問,形=何為;読み=なんすれぞ;意味=どうして〜するのか,CC-000079-C02,meaning,句形の意味,「何為」の基本的な意味を答えよ。,どうして〜するのか,どうして〜するのか,訳の核は「どうして〜するのか」。本文では前後関係に合わせて自然な日本語へ整える。,なし,なし,なし,なし,なし,なし,なし,なし,大学受験漢文・句形句法一覧（標準形の照合）,https://lawcityblog.com/kanbun-kukei-list/,なし
漢文_Deck1_最重要句法・語彙_250項目,CC-000080,80,Deck1_最重要句法・語彙,句法,理由提示,何者,なんとなれば,なし,理由提示形,形=何者;読み=なんとなれば;意味=なぜならば,CC-000080-C01,reading,句形の読み,「何者」はどう読むか。,なんとなれば,なんとなれば,形と読みを一まとまりで覚える。標準的な読みは「なんとなれば」。,なし,なし,なし,なし,なし,なし,なし,なし,大東文化大学「漢文訓読」,https://www2.ic.daito.ac.jp/oukodou/kuzukago/kundoku%2C1.html,なし
漢文_Deck1_最重要句法・語彙_250項目,CC-000080,80,Deck1_最重要句法・語彙,句法,理由提示,何者,なんとなれば,なし,理由提示形,形=何者;読み=なんとなれば;意味=なぜならば,CC-000080-C02,meaning,句形の意味,「何者」の基本的な意味を答えよ。,なぜならば,なぜならば,訳の核は「なぜならば」。本文では前後関係に合わせて自然な日本語へ整える。,なし,なし,なし,なし,なし,なし,なし,なし,大東文化大学「漢文訓読」,https://www2.ic.daito.ac.jp/oukodou/kuzukago/kundoku%2C1.html,なし
漢文_Deck1_最重要句法・語彙_250項目,CC-000081,81,Deck1_最重要句法・語彙,句法,疑問,何謂也,なんのいひぞや,なし,定義疑問,形=何謂也;読み=なんのいひぞや;意味=どういう意味か,CC-000081-C01,reading,句形の読み,「何謂也」はどう読むか。,なんのいひぞや,なんのいひぞや,形と読みを一まとまりで覚える。標準的な読みは「なんのいひぞや」。,なし,なし,なし,なし,なし,なし,なし,なし,大東文化大学「漢文訓読」,https://www2.ic.daito.ac.jp/oukodou/kuzukago/kundoku%2C1.html,なし
漢文_Deck1_最重要句法・語彙_250項目,CC-000081,81,Deck1_最重要句法・語彙,句法,疑問,何謂也,なんのいひぞや,なし,定義疑問,形=何謂也;読み=なんのいひぞや;意味=どういう意味か,CC-000081-C02,meaning,句形の意味,「何謂也」の基本的な意味を答えよ。,どういう意味か,どういう意味か,訳の核は「どういう意味か」。本文では前後関係に合わせて自然な日本語へ整える。,なし,なし,なし,なし,なし,なし,なし,なし,大東文化大学「漢文訓読」,https://www2.ic.daito.ac.jp/oukodou/kuzukago/kundoku%2C1.html,なし
漢文_Deck1_最重要句法・語彙_250項目,CC-000082,82,Deck1_最重要句法・語彙,句法,反語,豈〜乎,あに〜んや,なし,反語形,形=豈〜乎;読み=あに〜んや;意味=どうして〜だろうか、いや〜ない,CC-000082-C01,reading,句形の読み,「豈〜乎」はどう読むか。,あに〜んや,あに〜んや,形と読みを一まとまりで覚える。標準的な読みは「あに〜んや」。,なし,なし,なし,なし,なし,何〜（理由疑問）,豈があれば反語を疑い、訳を「いや〜ない」まで完成させる。,なし,大学受験漢文・句形句法一覧（標準形の照合）,https://lawcityblog.com/kanbun-kukei-list/,なし
漢文_Deck1_最重要句法・語彙_250項目,CC-000082,82,Deck1_最重要句法・語彙,句法,反語,豈〜乎,あに〜んや,なし,反語形,形=豈〜乎;読み=あに〜んや;意味=どうして〜だろうか、いや〜ない,CC-000082-C02,meaning,句形の意味,「豈〜乎」の基本的な意味を答えよ。,どうして〜だろうか、いや〜ない,どうして〜だろうか、いや〜ない,訳の核は「どうして〜だろうか、いや〜ない」。本文では前後関係に合わせて自然な日本語へ整える。,なし,なし,なし,なし,なし,何〜（理由疑問）,豈があれば反語を疑い、訳を「いや〜ない」まで完成させる。,なし,大学受験漢文・句形句法一覧（標準形の照合）,https://lawcityblog.com/kanbun-kukei-list/,なし
漢文_Deck1_最重要句法・語彙_250項目,CC-000083,83,Deck1_最重要句法・語彙,句法,反語,豈〜哉,あに〜んや,なし,反語形,形=豈〜哉;読み=あに〜んや;意味=どうして〜だろうか、いや〜ない,CC-000083-C01,reading,句形の読み,「豈〜哉」はどう読むか。,あに〜んや,あに〜んや,形と読みを一まとまりで覚える。標準的な読みは「あに〜んや」。,なし,なし,なし,なし,なし,なし,なし,なし,大学受験漢文・句形句法一覧（標準形の照合）,https://lawcityblog.com/kanbun-kukei-list/,なし
漢文_Deck1_最重要句法・語彙_250項目,CC-000083,83,Deck1_最重要句法・語彙,句法,反語,豈〜哉,あに〜んや,なし,反語形,形=豈〜哉;読み=あに〜んや;意味=どうして〜だろうか、いや〜ない,CC-000083-C02,meaning,句形の意味,「豈〜哉」の基本的な意味を答えよ。,どうして〜だろうか、いや〜ない,どうして〜だろうか、いや〜ない,訳の核は「どうして〜だろうか、いや〜ない」。本文では前後関係に合わせて自然な日本語へ整える。,なし,なし,なし,なし,なし,なし,なし,なし,大学受験漢文・句形句法一覧（標準形の照合）,https://lawcityblog.com/kanbun-kukei-list/,なし
漢文_Deck1_最重要句法・語彙_250項目,CC-000084,84,Deck1_最重要句法・語彙,句法,反語・詠嘆,豈不〜哉,あに〜ずや,なし,反語形,形=豈不〜哉;読み=あに〜ずや;意味=なんと〜ではないか,CC-000084-C01,reading,句形の読み,「豈不〜哉」はどう読むか。,あに〜ずや,あに〜ずや,形と読みを一まとまりで覚える。標準的な読みは「あに〜ずや」。,なし,なし,なし,なし,なし,なし,なし,なし,大学受験漢文・句形句法一覧（標準形の照合）,https://lawcityblog.com/kanbun-kukei-list/,なし
漢文_Deck1_最重要句法・語彙_250項目,CC-000084,84,Deck1_最重要句法・語彙,句法,反語・詠嘆,豈不〜哉,あに〜ずや,なし,反語形,形=豈不〜哉;読み=あに〜ずや;意味=なんと〜ではないか,CC-000084-C02,meaning,句形の意味,「豈不〜哉」の基本的な意味を答えよ。,なんと〜ではないか,なんと〜ではないか,訳の核は「なんと〜ではないか」。本文では前後関係に合わせて自然な日本語へ整える。,なし,なし,なし,なし,なし,なし,なし,なし,大学受験漢文・句形句法一覧（標準形の照合）,https://lawcityblog.com/kanbun-kukei-list/,なし
漢文_Deck1_最重要句法・語彙_250項目,CC-000085,85,Deck1_最重要句法・語彙,句法,反語,安〜哉,いづくんぞ〜んや,なし,反語形,形=安〜哉;読み=いづくんぞ〜んや;意味=どうして〜だろうか、いや〜ない,CC-000085-C01,reading,句形の読み,「安〜哉」はどう読むか。,いづくんぞ〜んや,いづくんぞ〜んや｜いずくんぞ〜んや,形と読みを一まとまりで覚える。標準的な読みは「いづくんぞ〜んや」。,なし,なし,なし,なし,なし,なし,なし,なし,大学受験漢文・句形句法一覧（標準形の照合）,https://lawcityblog.com/kanbun-kukei-list/,なし
漢文_Deck1_最重要句法・語彙_250項目,CC-000085,85,Deck1_最重要句法・語彙,句法,反語,安〜哉,いづくんぞ〜んや,なし,反語形,形=安〜哉;読み=いづくんぞ〜んや;意味=どうして〜だろうか、いや〜ない,CC-000085-C02,meaning,句形の意味,「安〜哉」の基本的な意味を答えよ。,どうして〜だろうか、いや〜ない,どうして〜だろうか、いや〜ない,訳の核は「どうして〜だろうか、いや〜ない」。本文では前後関係に合わせて自然な日本語へ整える。,なし,なし,なし,なし,なし,なし,なし,なし,大学受験漢文・句形句法一覧（標準形の照合）,https://lawcityblog.com/kanbun-kukei-list/,なし
漢文_Deck1_最重要句法・語彙_250項目,CC-000086,86,Deck1_最重要句法・語彙,句法,反語,寧〜乎,いづくんぞ〜んや,なし,反語形,形=寧〜乎;読み=いづくんぞ〜んや;意味=どうして〜だろうか、いや〜ない,CC-000086-C01,reading,句形の読み,「寧〜乎」はどう読むか。,いづくんぞ〜んや,いづくんぞ〜んや｜いずくんぞ〜んや,形と読みを一まとまりで覚える。標準的な読みは「いづくんぞ〜んや」。,なし,なし,なし,なし,なし,なし,なし,なし,大学受験漢文・句形句法一覧（標準形の照合）,https://lawcityblog.com/kanbun-kukei-list/,なし
漢文_Deck1_最重要句法・語彙_250項目,CC-000086,86,Deck1_最重要句法・語彙,句法,反語,寧〜乎,いづくんぞ〜んや,なし,反語形,形=寧〜乎;読み=いづくんぞ〜んや;意味=どうして〜だろうか、いや〜ない,CC-000086-C02,meaning,句形の意味,「寧〜乎」の基本的な意味を答えよ。,どうして〜だろうか、いや〜ない,どうして〜だろうか、いや〜ない,訳の核は「どうして〜だろうか、いや〜ない」。本文では前後関係に合わせて自然な日本語へ整える。,なし,なし,なし,なし,なし,なし,なし,なし,大学受験漢文・句形句法一覧（標準形の照合）,https://lawcityblog.com/kanbun-kukei-list/,なし
漢文_Deck1_最重要句法・語彙_250項目,CC-000087,87,Deck1_最重要句法・語彙,句法,反語,独〜哉,ひとり〜んや,なし,反語形,形=独〜哉;読み=ひとり〜んや;意味=どうして〜だけだろうか、いや〜だけではない,CC-000087-C01,reading,句形の読み,「独〜哉」はどう読むか。,ひとり〜んや,ひとり〜んや,形と読みを一まとまりで覚える。標準的な読みは「ひとり〜んや」。,なし,なし,なし,なし,なし,なし,なし,なし,大学受験漢文・句形句法一覧（標準形の照合）,https://lawcityblog.com/kanbun-kukei-list/,なし
漢文_Deck1_最重要句法・語彙_250項目,CC-000087,87,Deck1_最重要句法・語彙,句法,反語,独〜哉,ひとり〜んや,なし,反語形,形=独〜哉;読み=ひとり〜んや;意味=どうして〜だけだろうか、いや〜だけではない,CC-000087-C02,meaning,句形の意味,「独〜哉」の基本的な意味を答えよ。,どうして〜だけだろうか、いや〜だけではない,どうして〜だけだろうか、いや〜だけではない,訳の核は「どうして〜だけだろうか、いや〜だけではない」。本文では前後関係に合わせて自然な日本語へ整える。,なし,なし,なし,なし,なし,なし,なし,なし,大学受験漢文・句形句法一覧（標準形の照合）,https://lawcityblog.com/kanbun-kukei-list/,なし
漢文_Deck1_最重要句法・語彙_250項目,CC-000088,88,Deck1_最重要句法・語彙,句法,反語・倒置,何A之有,なんのえーかこれあらん,なし,倒置反語,形=何A之有;読み=なんのAかこれあらん;意味=どうしてAがあるだろうか、いやない,CC-000088-C01,reading,句形の読み,「何A之有」はどう読むか。,なんのAかこれあらん,なんのAかこれあらん｜なんのえーかこれあらん,形と読みを一まとまりで覚える。標準的な読みは「なんのAかこれあらん」。,なし,なし,なし,なし,なし,なし,なし,なし,大学受験漢文・句形句法一覧（標準形の照合）,https://lawcityblog.com/kanbun-kukei-list/,なし
漢文_Deck1_最重要句法・語彙_250項目,CC-000088,88,Deck1_最重要句法・語彙,句法,反語・倒置,何A之有,なんのえーかこれあらん,なし,倒置反語,形=何A之有;読み=なんのAかこれあらん;意味=どうしてAがあるだろうか、いやない,CC-000088-C02,meaning,句形の意味,「何A之有」の基本的な意味を答えよ。,どうしてAがあるだろうか、いやない,どうしてAがあるだろうか、いやない,訳の核は「どうしてAがあるだろうか、いやない」。本文では前後関係に合わせて自然な日本語へ整える。,なし,なし,なし,なし,なし,なし,なし,なし,大学受験漢文・句形句法一覧（標準形の照合）,https://lawcityblog.com/kanbun-kukei-list/,なし
漢文_Deck1_最重要句法・語彙_250項目,CC-000089,89,Deck1_最重要句法・語彙,句法,反語,烏〜哉,いづくんぞ〜んや,なし,反語形,形=烏〜哉;読み=いづくんぞ〜んや;意味=どうして〜だろうか、いや〜ない,CC-000089-C01,reading,句形の読み,「烏〜哉」はどう読むか。,いづくんぞ〜んや,いづくんぞ〜んや｜いずくんぞ〜んや,形と読みを一まとまりで覚える。標準的な読みは「いづくんぞ〜んや」。,なし,なし,なし,なし,なし,なし,なし,なし,大学受験漢文・句形句法一覧（標準形の照合）,https://lawcityblog.com/kanbun-kukei-list/,なし
漢文_Deck1_最重要句法・語彙_250項目,CC-000089,89,Deck1_最重要句法・語彙,句法,反語,烏〜哉,いづくんぞ〜んや,なし,反語形,形=烏〜哉;読み=いづくんぞ〜んや;意味=どうして〜だろうか、いや〜ない,CC-000089-C02,meaning,句形の意味,「烏〜哉」の基本的な意味を答えよ。,どうして〜だろうか、いや〜ない,どうして〜だろうか、いや〜ない,訳の核は「どうして〜だろうか、いや〜ない」。本文では前後関係に合わせて自然な日本語へ整える。,なし,なし,なし,なし,なし,なし,なし,なし,大学受験漢文・句形句法一覧（標準形の照合）,https://lawcityblog.com/kanbun-kukei-list/,なし
漢文_Deck1_最重要句法・語彙_250項目,CC-000090,90,Deck1_最重要句法・語彙,句法,反語,曷〜哉,なんぞ〜んや,なし,反語形,形=曷〜哉;読み=なんぞ〜んや;意味=どうして〜だろうか、いや〜ない,CC-000090-C01,reading,句形の読み,「曷〜哉」はどう読むか。,なんぞ〜んや,なんぞ〜んや,形と読みを一まとまりで覚える。標準的な読みは「なんぞ〜んや」。,なし,なし,なし,なし,なし,なし,なし,なし,大学受験漢文・句形句法一覧（標準形の照合）,https://lawcityblog.com/kanbun-kukei-list/,なし
漢文_Deck1_最重要句法・語彙_250項目,CC-000090,90,Deck1_最重要句法・語彙,句法,反語,曷〜哉,なんぞ〜んや,なし,反語形,形=曷〜哉;読み=なんぞ〜んや;意味=どうして〜だろうか、いや〜ない,CC-000090-C02,meaning,句形の意味,「曷〜哉」の基本的な意味を答えよ。,どうして〜だろうか、いや〜ない,どうして〜だろうか、いや〜ない,訳の核は「どうして〜だろうか、いや〜ない」。本文では前後関係に合わせて自然な日本語へ整える。,なし,なし,なし,なし,なし,なし,なし,なし,大学受験漢文・句形句法一覧（標準形の照合）,https://lawcityblog.com/kanbun-kukei-list/,なし
漢文_Deck1_最重要句法・語彙_250項目,CC-000091,91,Deck1_最重要句法・語彙,句法,反語,庸〜乎,いづくんぞ〜んや,なし,反語形,形=庸〜乎;読み=いづくんぞ〜んや;意味=どうして〜だろうか、いや〜ない,CC-000091-C01,reading,句形の読み,「庸〜乎」はどう読むか。,いづくんぞ〜んや,いづくんぞ〜んや｜いずくんぞ〜んや,形と読みを一まとまりで覚える。標準的な読みは「いづくんぞ〜んや」。,なし,なし,なし,なし,なし,なし,なし,なし,大学受験漢文・句形句法一覧（標準形の照合）,https://lawcityblog.com/kanbun-kukei-list/,なし
漢文_Deck1_最重要句法・語彙_250項目,CC-000091,91,Deck1_最重要句法・語彙,句法,反語,庸〜乎,いづくんぞ〜んや,なし,反語形,形=庸〜乎;読み=いづくんぞ〜んや;意味=どうして〜だろうか、いや〜ない,CC-000091-C02,meaning,句形の意味,「庸〜乎」の基本的な意味を答えよ。,どうして〜だろうか、いや〜ない,どうして〜だろうか、いや〜ない,訳の核は「どうして〜だろうか、いや〜ない」。本文では前後関係に合わせて自然な日本語へ整える。,なし,なし,なし,なし,なし,なし,なし,なし,大学受験漢文・句形句法一覧（標準形の照合）,https://lawcityblog.com/kanbun-kukei-list/,なし
漢文_Deck1_最重要句法・語彙_250項目,CC-000092,92,Deck1_最重要句法・語彙,句法,疑念・推量,無乃〜乎,すなはち〜なからんや,なし,疑念形,形=無乃〜乎;読み=すなはち〜なからんや;意味=〜ではないだろうか,CC-000092-C01,reading,句形の読み,「無乃〜乎」はどう読むか。,すなはち〜なからんや,すなはち〜なからんや,形と読みを一まとまりで覚える。標準的な読みは「すなはち〜なからんや」。,なし,なし,なし,なし,なし,抑A邪B邪,無乃は疑念・推量、抑〜邪〜邪は二者択一の疑問。,なし,大学受験漢文・句形句法一覧（標準形の照合）,https://lawcityblog.com/kanbun-kukei-list/,なし
漢文_Deck1_最重要句法・語彙_250項目,CC-000092,92,Deck1_最重要句法・語彙,句法,疑念・推量,無乃〜乎,すなはち〜なからんや,なし,疑念形,形=無乃〜乎;読み=すなはち〜なからんや;意味=〜ではないだろうか,CC-000092-C02,meaning,句形の意味,「無乃〜乎」の基本的な意味を答えよ。,〜ではないだろうか,〜ではないだろうか,訳の核は「〜ではないだろうか」。本文では前後関係に合わせて自然な日本語へ整える。,なし,なし,なし,なし,なし,抑A邪B邪,無乃は疑念・推量、抑〜邪〜邪は二者択一の疑問。,なし,大学受験漢文・句形句法一覧（標準形の照合）,https://lawcityblog.com/kanbun-kukei-list/,なし
漢文_Deck1_最重要句法・語彙_250項目,CC-000093,93,Deck1_最重要句法・語彙,句法,疑問,抑A邪B邪,そもそもえーかびーか,なし,選択疑問,形=抑A邪B邪;読み=そもそもAかBか;意味=Aか、それともBか,CC-000093-C01,reading,句形の読み,「抑A邪B邪」はどう読むか。,そもそもAかBか,そもそもAかBか｜そもそもえーかびーか,形と読みを一まとまりで覚える。標準的な読みは「そもそもAかBか」。,なし,なし,なし,なし,なし,無乃〜乎,抑〜邪〜邪はAかBかを選ばせる疑問。,なし,大学受験漢文・句形句法一覧（標準形の照合）,https://lawcityblog.com/kanbun-kukei-list/,なし
漢文_Deck1_最重要句法・語彙_250項目,CC-000093,93,Deck1_最重要句法・語彙,句法,疑問,抑A邪B邪,そもそもえーかびーか,なし,選択疑問,形=抑A邪B邪;読み=そもそもAかBか;意味=Aか、それともBか,CC-000093-C02,meaning,句形の意味,「抑A邪B邪」の基本的な意味を答えよ。,Aか、それともBか,Aか、それともBか,訳の核は「Aか、それともBか」。本文では前後関係に合わせて自然な日本語へ整える。,なし,なし,なし,なし,なし,無乃〜乎,抑〜邪〜邪はAかBかを選ばせる疑問。,なし,大学受験漢文・句形句法一覧（標準形の照合）,https://lawcityblog.com/kanbun-kukei-list/,なし
漢文_Deck1_最重要句法・語彙_250項目,CC-000094,94,Deck1_最重要句法・語彙,句法,詠嘆,不亦〜乎,また〜ずや,なし,詠嘆形,形=不亦〜乎;読み=また〜ずや;意味=なんと〜ではないか,CC-000094-C01,reading,句形の読み,「不亦〜乎」はどう読むか。,また〜ずや,また〜ずや,形と読みを一まとまりで覚える。標準的な読みは「また〜ずや」。,なし,なし,なし,なし,なし,なし,なし,なし,大学受験漢文・句形句法一覧（標準形の照合）,https://lawcityblog.com/kanbun-kukei-list/,なし
漢文_Deck1_最重要句法・語彙_250項目,CC-000094,94,Deck1_最重要句法・語彙,句法,詠嘆,不亦〜乎,また〜ずや,なし,詠嘆形,形=不亦〜乎;読み=また〜ずや;意味=なんと〜ではないか,CC-000094-C02,meaning,句形の意味,「不亦〜乎」の基本的な意味を答えよ。,なんと〜ではないか,なんと〜ではないか,訳の核は「なんと〜ではないか」。本文では前後関係に合わせて自然な日本語へ整える。,なし,なし,なし,なし,なし,なし,なし,なし,大学受験漢文・句形句法一覧（標準形の照合）,https://lawcityblog.com/kanbun-kukei-list/,なし
漢文_Deck1_最重要句法・語彙_250項目,CC-000095,95,Deck1_最重要句法・語彙,句法,使役,使A B,えーをしてびーせしむ,なし,使役形,形=使A B;読み=AをしてBせしむ;意味=AにBさせる,CC-000095-C01,reading,句形の読み,「使A B」はどう読むか。,AをしてBせしむ,AをしてBせしむ｜えーをしてびーせしむ,形と読みを一まとまりで覚える。標準的な読みは「AをしてBせしむ」。,なし,なし,なし,なし,なし,使・令〜（仮定）,人・対象Aが続けば使役、文頭で仮の条件なら仮定。,なし,大学受験漢文・句形句法一覧（標準形の照合）,https://lawcityblog.com/kanbun-kukei-list/,なし
漢文_Deck1_最重要句法・語彙_250項目,CC-000095,95,Deck1_最重要句法・語彙,句法,使役,使A B,えーをしてびーせしむ,なし,使役形,形=使A B;読み=AをしてBせしむ;意味=AにBさせる,CC-000095-C02,meaning,句形の意味,「使A B」の基本的な意味を答えよ。,AにBさせる,AにBさせる,訳の核は「AにBさせる」。本文では前後関係に合わせて自然な日本語へ整える。,なし,なし,なし,なし,なし,使・令〜（仮定）,人・対象Aが続けば使役、文頭で仮の条件なら仮定。,なし,大学受験漢文・句形句法一覧（標準形の照合）,https://lawcityblog.com/kanbun-kukei-list/,なし
漢文_Deck1_最重要句法・語彙_250項目,CC-000096,96,Deck1_最重要句法・語彙,句法,使役,令A B,えーをしてびーせしむ,なし,使役形,形=令A B;読み=AをしてBせしむ;意味=AにBさせる,CC-000096-C01,reading,句形の読み,「令A B」はどう読むか。,AをしてBせしむ,AをしてBせしむ｜えーをしてびーせしむ,形と読みを一まとまりで覚える。標準的な読みは「AをしてBせしむ」。,なし,なし,なし,なし,なし,なし,なし,なし,大学受験漢文・句形句法一覧（標準形の照合）,https://lawcityblog.com/kanbun-kukei-list/,なし
漢文_Deck1_最重要句法・語彙_250項目,CC-000096,96,Deck1_最重要句法・語彙,句法,使役,令A B,えーをしてびーせしむ,なし,使役形,形=令A B;読み=AをしてBせしむ;意味=AにBさせる,CC-000096-C02,meaning,句形の意味,「令A B」の基本的な意味を答えよ。,AにBさせる,AにBさせる,訳の核は「AにBさせる」。本文では前後関係に合わせて自然な日本語へ整える。,なし,なし,なし,なし,なし,なし,なし,なし,大学受験漢文・句形句法一覧（標準形の照合）,https://lawcityblog.com/kanbun-kukei-list/,なし
漢文_Deck1_最重要句法・語彙_250項目,CC-000097,97,Deck1_最重要句法・語彙,句法,使役,遣A B,えーをしてびーせしむ,なし,使役形,形=遣A B;読み=AをしてBせしむ;意味=Aを派遣してBさせる,CC-000097-C01,reading,句形の読み,「遣A B」はどう読むか。,AをしてBせしむ,AをしてBせしむ｜えーをしてびーせしむ,形と読みを一まとまりで覚える。標準的な読みは「AをしてBせしむ」。,なし,なし,なし,なし,なし,なし,なし,なし,大学受験漢文・句形句法一覧（標準形の照合）,https://lawcityblog.com/kanbun-kukei-list/,なし
漢文_Deck1_最重要句法・語彙_250項目,CC-000097,97,Deck1_最重要句法・語彙,句法,使役,遣A B,えーをしてびーせしむ,なし,使役形,形=遣A B;読み=AをしてBせしむ;意味=Aを派遣してBさせる,CC-000097-C02,meaning,句形の意味,「遣A B」の基本的な意味を答えよ。,Aを派遣してBさせる,Aを派遣してBさせる,訳の核は「Aを派遣してBさせる」。本文では前後関係に合わせて自然な日本語へ整える。,なし,なし,なし,なし,なし,なし,なし,なし,大学受験漢文・句形句法一覧（標準形の照合）,https://lawcityblog.com/kanbun-kukei-list/,なし
漢文_Deck1_最重要句法・語彙_250項目,CC-000098,98,Deck1_最重要句法・語彙,句法,使役,教A B,えーをしてびーせしむ,なし,使役形,形=教A B;読み=AをしてBせしむ;意味=AにBさせる,CC-000098-C01,reading,句形の読み,「教A B」はどう読むか。,AをしてBせしむ,AをしてBせしむ｜えーをしてびーせしむ,形と読みを一まとまりで覚える。標準的な読みは「AをしてBせしむ」。,なし,なし,なし,なし,なし,なし,なし,なし,大学受験漢文・句形句法一覧（標準形の照合）,https://lawcityblog.com/kanbun-kukei-list/,なし
漢文_Deck1_最重要句法・語彙_250項目,CC-000098,98,Deck1_最重要句法・語彙,句法,使役,教A B,えーをしてびーせしむ,なし,使役形,形=教A B;読み=AをしてBせしむ;意味=AにBさせる,CC-000098-C02,meaning,句形の意味,「教A B」の基本的な意味を答えよ。,AにBさせる,AにBさせる,訳の核は「AにBさせる」。本文では前後関係に合わせて自然な日本語へ整える。,なし,なし,なし,なし,なし,なし,なし,なし,大学受験漢文・句形句法一覧（標準形の照合）,https://lawcityblog.com/kanbun-kukei-list/,なし
漢文_Deck1_最重要句法・語彙_250項目,CC-000099,99,Deck1_最重要句法・語彙,句法,使役,命A B,えーにめいじてびーせしむ,なし,使役形,形=命A B;読み=AにめいじてBせしむ;意味=Aに命じてBさせる,CC-000099-C01,reading,句形の読み,「命A B」はどう読むか。,AにめいじてBせしむ,AにめいじてBせしむ｜えーにめいじてびーせしむ,形と読みを一まとまりで覚える。標準的な読みは「AにめいじてBせしむ」。,なし,なし,なし,なし,なし,なし,なし,なし,大学受験漢文・句形句法一覧（標準形の照合）,https://lawcityblog.com/kanbun-kukei-list/,なし
漢文_Deck1_最重要句法・語彙_250項目,CC-000099,99,Deck1_最重要句法・語彙,句法,使役,命A B,えーにめいじてびーせしむ,なし,使役形,形=命A B;読み=AにめいじてBせしむ;意味=Aに命じてBさせる,CC-000099-C02,meaning,句形の意味,「命A B」の基本的な意味を答えよ。,Aに命じてBさせる,Aに命じてBさせる,訳の核は「Aに命じてBさせる」。本文では前後関係に合わせて自然な日本語へ整える。,なし,なし,なし,なし,なし,なし,なし,なし,大学受験漢文・句形句法一覧（標準形の照合）,https://lawcityblog.com/kanbun-kukei-list/,なし
漢文_Deck1_最重要句法・語彙_250項目,CC-000100,100,Deck1_最重要句法・語彙,句法,使役,勧A B,えーにすすめてびーせしむ,なし,使役形,形=勧A B;読み=AにすすめてBせしむ;意味=Aに勧めてBさせる,CC-000100-C01,reading,句形の読み,「勧A B」はどう読むか。,AにすすめてBせしむ,AにすすめてBせしむ｜えーにすすめてびーせしむ,形と読みを一まとまりで覚える。標準的な読みは「AにすすめてBせしむ」。,なし,なし,なし,なし,なし,なし,なし,なし,大学受験漢文・句形句法一覧（標準形の照合）,https://lawcityblog.com/kanbun-kukei-list/,なし
漢文_Deck1_最重要句法・語彙_250項目,CC-000100,100,Deck1_最重要句法・語彙,句法,使役,勧A B,えーにすすめてびーせしむ,なし,使役形,形=勧A B;読み=AにすすめてBせしむ;意味=Aに勧めてBさせる,CC-000100-C02,meaning,句形の意味,「勧A B」の基本的な意味を答えよ。,Aに勧めてBさせる,Aに勧めてBさせる,訳の核は「Aに勧めてBさせる」。本文では前後関係に合わせて自然な日本語へ整える。,なし,なし,なし,なし,なし,なし,なし,なし,大学受験漢文・句形句法一覧（標準形の照合）,https://lawcityblog.com/kanbun-kukei-list/,なし
漢文_Deck1_最重要句法・語彙_250項目,CC-000101,101,Deck1_最重要句法・語彙,句法,使役,説A B,えーにときてびーせしむ,なし,使役形,形=説A B;読み=AにときてBせしむ;意味=Aを説得してBさせる,CC-000101-C01,reading,句形の読み,「説A B」はどう読むか。,AにときてBせしむ,AにときてBせしむ｜えーにときてびーせしむ,形と読みを一まとまりで覚える。標準的な読みは「AにときてBせしむ」。,なし,なし,なし,なし,なし,なし,なし,なし,大学受験漢文・句形句法一覧（標準形の照合）,https://lawcityblog.com/kanbun-kukei-list/,なし
漢文_Deck1_最重要句法・語彙_250項目,CC-000101,101,Deck1_最重要句法・語彙,句法,使役,説A B,えーにときてびーせしむ,なし,使役形,形=説A B;読み=AにときてBせしむ;意味=Aを説得してBさせる,CC-000101-C02,meaning,句形の意味,「説A B」の基本的な意味を答えよ。,Aを説得してBさせる,Aを説得してBさせる,訳の核は「Aを説得してBさせる」。本文では前後関係に合わせて自然な日本語へ整える。,なし,なし,なし,なし,なし,なし,なし,なし,大学受験漢文・句形句法一覧（標準形の照合）,https://lawcityblog.com/kanbun-kukei-list/,なし
漢文_Deck1_最重要句法・語彙_250項目,CC-000102,102,Deck1_最重要句法・語彙,句法,受身,見＋動詞,〜らる,なし,受身形,形=見＋動詞;読み=〜らる;意味=〜される,CC-000102-C01,reading,句形の読み,「見＋動詞」はどう読むか。,〜らる,〜らる,形と読みを一まとまりで覚える。標準的な読みは「〜らる」。,なし,なし,なし,なし,なし,見（みる）,直後が動詞で受け手が主語なら受身。,なし,大学受験漢文・句形句法一覧（標準形の照合）,https://lawcityblog.com/kanbun-kukei-list/,なし
漢文_Deck1_最重要句法・語彙_250項目,CC-000102,102,Deck1_最重要句法・語彙,句法,受身,見＋動詞,〜らる,なし,受身形,形=見＋動詞;読み=〜らる;意味=〜される,CC-000102-C02,meaning,句形の意味,「見＋動詞」の基本的な意味を答えよ。,〜される,〜される,訳の核は「〜される」。本文では前後関係に合わせて自然な日本語へ整える。,なし,なし,なし,なし,なし,見（みる）,直後が動詞で受け手が主語なら受身。,なし,大学受験漢文・句形句法一覧（標準形の照合）,https://lawcityblog.com/kanbun-kukei-list/,なし
漢文_Deck1_最重要句法・語彙_250項目,CC-000103,103,Deck1_最重要句法・語彙,句法,受身,被＋動詞,〜らる,なし,受身形,形=被＋動詞;読み=〜らる;意味=〜される,CC-000103-C01,reading,句形の読み,「被＋動詞」はどう読むか。,〜らる,〜らる,形と読みを一まとまりで覚える。標準的な読みは「〜らる」。,なし,なし,なし,なし,なし,被（かうぶる）,直後が動詞なら受身、名詞なら「着る・かぶる」の場合がある。,なし,大学受験漢文・句形句法一覧（標準形の照合）,https://lawcityblog.com/kanbun-kukei-list/,なし
漢文_Deck1_最重要句法・語彙_250項目,CC-000103,103,Deck1_最重要句法・語彙,句法,受身,被＋動詞,〜らる,なし,受身形,形=被＋動詞;読み=〜らる;意味=〜される,CC-000103-C02,meaning,句形の意味,「被＋動詞」の基本的な意味を答えよ。,〜される,〜される,訳の核は「〜される」。本文では前後関係に合わせて自然な日本語へ整える。,なし,なし,なし,なし,なし,被（かうぶる）,直後が動詞なら受身、名詞なら「着る・かぶる」の場合がある。,なし,大学受験漢文・句形句法一覧（標準形の照合）,https://lawcityblog.com/kanbun-kukei-list/,なし
漢文_Deck1_最重要句法・語彙_250項目,CC-000104,104,Deck1_最重要句法・語彙,句法,受身,為A所B,えーのびーするところとなる,なし,受身形,形=為A所B;読み=AのBするところとなる;意味=AにBされる,CC-000104-C01,reading,句形の読み,「為A所B」はどう読むか。,AのBするところとなる,AのBするところとなる｜えーのびーするところとなる,形と読みを一まとまりで覚える。標準的な読みは「AのBするところとなる」。,なし,なし,なし,なし,なし,為（なす・ために）,「所」と組めば受身の目印。,なし,大学受験漢文・句形句法一覧（標準形の照合）,https://lawcityblog.com/kanbun-kukei-list/,なし
漢文_Deck1_最重要句法・語彙_250項目,CC-000104,104,Deck1_最重要句法・語彙,句法,受身,為A所B,えーのびーするところとなる,なし,受身形,形=為A所B;読み=AのBするところとなる;意味=AにBされる,CC-000104-C02,meaning,句形の意味,「為A所B」の基本的な意味を答えよ。,AにBされる,AにBされる,訳の核は「AにBされる」。本文では前後関係に合わせて自然な日本語へ整える。,なし,なし,なし,なし,なし,為（なす・ために）,「所」と組めば受身の目印。,なし,大学受験漢文・句形句法一覧（標準形の照合）,https://lawcityblog.com/kanbun-kukei-list/,なし
漢文_Deck1_最重要句法・語彙_250項目,CC-000105,105,Deck1_最重要句法・語彙,句法,受身,為所B,びーするところとなる,なし,受身形,形=為所B;読み=Bするところとなる;意味=〜にBされる,CC-000105-C01,reading,句形の読み,「為所B」はどう読むか。,Bするところとなる,Bするところとなる｜びーするところとなる,形と読みを一まとまりで覚える。標準的な読みは「Bするところとなる」。,なし,なし,なし,なし,なし,なし,なし,なし,大学受験漢文・句形句法一覧（標準形の照合）,https://lawcityblog.com/kanbun-kukei-list/,なし
漢文_Deck1_最重要句法・語彙_250項目,CC-000105,105,Deck1_最重要句法・語彙,句法,受身,為所B,びーするところとなる,なし,受身形,形=為所B;読み=Bするところとなる;意味=〜にBされる,CC-000105-C02,meaning,句形の意味,「為所B」の基本的な意味を答えよ。,〜にBされる,〜にBされる,訳の核は「〜にBされる」。本文では前後関係に合わせて自然な日本語へ整える。,なし,なし,なし,なし,なし,なし,なし,なし,大学受験漢文・句形句法一覧（標準形の照合）,https://lawcityblog.com/kanbun-kukei-list/,なし
漢文_Deck1_最重要句法・語彙_250項目,CC-000106,106,Deck1_最重要句法・語彙,句法,受身,動詞＋於A（受身）,えーに〜らる,なし,受身形,形=動詞＋於A（受身）;読み=Aに〜らる;意味=Aに〜される,CC-000106-C01,reading,句形の読み,「動詞＋於A（受身）」はどう読むか。,Aに〜らる,Aに〜らる｜えーに〜らる,形と読みを一まとまりで覚える。標準的な読みは「Aに〜らる」。,なし,なし,なし,なし,なし,なし,なし,なし,大学受験漢文・句形句法一覧（標準形の照合）,https://lawcityblog.com/kanbun-kukei-list/,なし
漢文_Deck1_最重要句法・語彙_250項目,CC-000106,106,Deck1_最重要句法・語彙,句法,受身,動詞＋於A（受身）,えーに〜らる,なし,受身形,形=動詞＋於A（受身）;読み=Aに〜らる;意味=Aに〜される,CC-000106-C02,meaning,句形の意味,「動詞＋於A（受身）」の基本的な意味を答えよ。,Aに〜される,Aに〜される,訳の核は「Aに〜される」。本文では前後関係に合わせて自然な日本語へ整える。,なし,なし,なし,なし,なし,なし,なし,なし,大学受験漢文・句形句法一覧（標準形の照合）,https://lawcityblog.com/kanbun-kukei-list/,なし
漢文_Deck1_最重要句法・語彙_250項目,CC-000107,107,Deck1_最重要句法・語彙,句法,受身,見V於A,えーにぶいせらる,なし,受身形,形=見V於A;読み=AにVせらる;意味=AにVされる,CC-000107-C01,reading,句形の読み,「見V於A」はどう読むか。,AにVせらる,AにVせらる｜えーにぶいせらる,形と読みを一まとまりで覚える。標準的な読みは「AにVせらる」。,なし,なし,なし,なし,なし,なし,なし,なし,大学受験漢文・句形句法一覧（標準形の照合）,https://lawcityblog.com/kanbun-kukei-list/,なし
漢文_Deck1_最重要句法・語彙_250項目,CC-000107,107,Deck1_最重要句法・語彙,句法,受身,見V於A,えーにぶいせらる,なし,受身形,形=見V於A;読み=AにVせらる;意味=AにVされる,CC-000107-C02,meaning,句形の意味,「見V於A」の基本的な意味を答えよ。,AにVされる,AにVされる,訳の核は「AにVされる」。本文では前後関係に合わせて自然な日本語へ整える。,なし,なし,なし,なし,なし,なし,なし,なし,大学受験漢文・句形句法一覧（標準形の照合）,https://lawcityblog.com/kanbun-kukei-list/,なし
漢文_Deck1_最重要句法・語彙_250項目,CC-000108,108,Deck1_最重要句法・語彙,句法,比較,A於B（比較）,えーはびーより〜,なし,比較形,形=A於B（比較）;読み=AはBより〜;意味=AはBより〜である,CC-000108-C01,reading,句形の読み,「A於B（比較）」はどう読むか。,AはBより〜,AはBより〜｜えーはびーより〜,形と読みを一まとまりで覚える。標準的な読みは「AはBより〜」。,なし,なし,なし,なし,なし,なし,なし,なし,大学受験漢文・句形句法一覧（標準形の照合）,https://lawcityblog.com/kanbun-kukei-list/,なし
漢文_Deck1_最重要句法・語彙_250項目,CC-000108,108,Deck1_最重要句法・語彙,句法,比較,A於B（比較）,えーはびーより〜,なし,比較形,形=A於B（比較）;読み=AはBより〜;意味=AはBより〜である,CC-000108-C02,meaning,句形の意味,「A於B（比較）」の基本的な意味を答えよ。,AはBより〜である,AはBより〜である,訳の核は「AはBより〜である」。本文では前後関係に合わせて自然な日本語へ整える。,なし,なし,なし,なし,なし,なし,なし,なし,大学受験漢文・句形句法一覧（標準形の照合）,https://lawcityblog.com/kanbun-kukei-list/,なし
漢文_Deck1_最重要句法・語彙_250項目,CC-000109,109,Deck1_最重要句法・語彙,句法,比較,A不如B,えーはびーにしかず,なし,比較形,形=A不如B;読み=AはBにしかず;意味=AはBに及ばない,CC-000109-C01,reading,句形の読み,「A不如B」はどう読むか。,AはBにしかず,AはBにしかず｜えーはびーにしかず,形と読みを一まとまりで覚える。標準的な読みは「AはBにしかず」。,なし,なし,なし,なし,なし,莫如A,不如は二者比較、莫如は最上級。,なし,大学受験漢文・句形句法一覧（標準形の照合）,https://lawcityblog.com/kanbun-kukei-list/,なし
漢文_Deck1_最重要句法・語彙_250項目,CC-000109,109,Deck1_最重要句法・語彙,句法,比較,A不如B,えーはびーにしかず,なし,比較形,形=A不如B;読み=AはBにしかず;意味=AはBに及ばない,CC-000109-C02,meaning,句形の意味,「A不如B」の基本的な意味を答えよ。,AはBに及ばない,AはBに及ばない,訳の核は「AはBに及ばない」。本文では前後関係に合わせて自然な日本語へ整える。,なし,なし,なし,なし,なし,莫如A,不如は二者比較、莫如は最上級。,なし,大学受験漢文・句形句法一覧（標準形の照合）,https://lawcityblog.com/kanbun-kukei-list/,なし
漢文_Deck1_最重要句法・語彙_250項目,CC-000110,110,Deck1_最重要句法・語彙,句法,比較,A不若B,えーはびーにしかず,なし,比較形,形=A不若B;読み=AはBにしかず;意味=AはBに及ばない,CC-000110-C01,reading,句形の読み,「A不若B」はどう読むか。,AはBにしかず,AはBにしかず｜えーはびーにしかず,形と読みを一まとまりで覚える。標準的な読みは「AはBにしかず」。,なし,なし,なし,なし,なし,なし,なし,なし,大学受験漢文・句形句法一覧（標準形の照合）,https://lawcityblog.com/kanbun-kukei-list/,なし
漢文_Deck1_最重要句法・語彙_250項目,CC-000110,110,Deck1_最重要句法・語彙,句法,比較,A不若B,えーはびーにしかず,なし,比較形,形=A不若B;読み=AはBにしかず;意味=AはBに及ばない,CC-000110-C02,meaning,句形の意味,「A不若B」の基本的な意味を答えよ。,AはBに及ばない,AはBに及ばない,訳の核は「AはBに及ばない」。本文では前後関係に合わせて自然な日本語へ整える。,なし,なし,なし,なし,なし,なし,なし,なし,大学受験漢文・句形句法一覧（標準形の照合）,https://lawcityblog.com/kanbun-kukei-list/,なし
漢文_Deck1_最重要句法・語彙_250項目,CC-000111,111,Deck1_最重要句法・語彙,句法,最上級,莫如A,えーにしくはなし,なし,最上級形,形=莫如A;読み=Aにしくはなし;意味=Aに及ぶものはない・Aが最もよい,CC-000111-C01,reading,句形の読み,「莫如A」はどう読むか。,Aにしくはなし,Aにしくはなし｜えーにしくはなし,形と読みを一まとまりで覚える。標準的な読みは「Aにしくはなし」。,なし,なし,なし,なし,なし,A不如B,莫如は「Aに及ぶものなし」という最上級。,なし,大学受験漢文・句形句法一覧（標準形の照合）,https://lawcityblog.com/kanbun-kukei-list/,なし
漢文_Deck1_最重要句法・語彙_250項目,CC-000111,111,Deck1_最重要句法・語彙,句法,最上級,莫如A,えーにしくはなし,なし,最上級形,形=莫如A;読み=Aにしくはなし;意味=Aに及ぶものはない・Aが最もよい,CC-000111-C02,meaning,句形の意味,「莫如A」の基本的な意味を答えよ。,Aに及ぶものはない・Aが最もよい,Aに及ぶものはない・Aが最もよい,訳の核は「Aに及ぶものはない・Aが最もよい」。本文では前後関係に合わせて自然な日本語へ整える。,なし,なし,なし,なし,なし,A不如B,莫如は「Aに及ぶものなし」という最上級。,なし,大学受験漢文・句形句法一覧（標準形の照合）,https://lawcityblog.com/kanbun-kukei-list/,なし
漢文_Deck1_最重要句法・語彙_250項目,CC-000112,112,Deck1_最重要句法・語彙,句法,最上級,莫若A,えーにしくはなし,なし,最上級形,形=莫若A;読み=Aにしくはなし;意味=Aに及ぶものはない・Aが最もよい,CC-000112-C01,reading,句形の読み,「莫若A」はどう読むか。,Aにしくはなし,Aにしくはなし｜えーにしくはなし,形と読みを一まとまりで覚える。標準的な読みは「Aにしくはなし」。,なし,なし,なし,なし,なし,なし,なし,なし,大学受験漢文・句形句法一覧（標準形の照合）,https://lawcityblog.com/kanbun-kukei-list/,なし
漢文_Deck1_最重要句法・語彙_250項目,CC-000112,112,Deck1_最重要句法・語彙,句法,最上級,莫若A,えーにしくはなし,なし,最上級形,形=莫若A;読み=Aにしくはなし;意味=Aに及ぶものはない・Aが最もよい,CC-000112-C02,meaning,句形の意味,「莫若A」の基本的な意味を答えよ。,Aに及ぶものはない・Aが最もよい,Aに及ぶものはない・Aが最もよい,訳の核は「Aに及ぶものはない・Aが最もよい」。本文では前後関係に合わせて自然な日本語へ整える。,なし,なし,なし,なし,なし,なし,なし,なし,大学受験漢文・句形句法一覧（標準形の照合）,https://lawcityblog.com/kanbun-kukei-list/,なし
漢文_Deck1_最重要句法・語彙_250項目,CC-000113,113,Deck1_最重要句法・語彙,句法,最上級,莫〜於A,えーより〜なるはなし,なし,最上級形,形=莫〜於A;読み=Aより〜なるはなし;意味=Aより〜なものはない,CC-000113-C01,reading,句形の読み,「莫〜於A」はどう読むか。,Aより〜なるはなし,Aより〜なるはなし｜えーより〜なるはなし,形と読みを一まとまりで覚える。標準的な読みは「Aより〜なるはなし」。,なし,なし,なし,なし,なし,なし,なし,なし,大学受験漢文・句形句法一覧（標準形の照合）,https://lawcityblog.com/kanbun-kukei-list/,なし
漢文_Deck1_最重要句法・語彙_250項目,CC-000113,113,Deck1_最重要句法・語彙,句法,最上級,莫〜於A,えーより〜なるはなし,なし,最上級形,形=莫〜於A;読み=Aより〜なるはなし;意味=Aより〜なものはない,CC-000113-C02,meaning,句形の意味,「莫〜於A」の基本的な意味を答えよ。,Aより〜なものはない,Aより〜なものはない,訳の核は「Aより〜なものはない」。本文では前後関係に合わせて自然な日本語へ整える。,なし,なし,なし,なし,なし,なし,なし,なし,大学受験漢文・句形句法一覧（標準形の照合）,https://lawcityblog.com/kanbun-kukei-list/,なし
漢文_Deck1_最重要句法・語彙_250項目,CC-000114,114,Deck1_最重要句法・語彙,句法,比較疑問,A孰与B,えーとびーといづれぞ,なし,比較疑問形,形=A孰与B;読み=AとBといづれぞ;意味=AとBではどちらが〜か,CC-000114-C01,reading,句形の読み,「A孰与B」はどう読むか。,AとBといづれぞ,AとBといづれぞ｜えーとびーといづれぞ｜AとBといずれぞ,形と読みを一まとまりで覚える。標準的な読みは「AとBといづれぞ」。,なし,なし,なし,なし,なし,なし,なし,なし,大学受験漢文・句形句法一覧（標準形の照合）,https://lawcityblog.com/kanbun-kukei-list/,なし
漢文_Deck1_最重要句法・語彙_250項目,CC-000114,114,Deck1_最重要句法・語彙,句法,比較疑問,A孰与B,えーとびーといづれぞ,なし,比較疑問形,形=A孰与B;読み=AとBといづれぞ;意味=AとBではどちらが〜か,CC-000114-C02,meaning,句形の意味,「A孰与B」の基本的な意味を答えよ。,AとBではどちらが〜か,AとBではどちらが〜か,訳の核は「AとBではどちらが〜か」。本文では前後関係に合わせて自然な日本語へ整える。,なし,なし,なし,なし,なし,なし,なし,なし,大学受験漢文・句形句法一覧（標準形の照合）,https://lawcityblog.com/kanbun-kukei-list/,なし
漢文_Deck1_最重要句法・語彙_250項目,CC-000115,115,Deck1_最重要句法・語彙,句法,比較疑問,A与B孰〜,えーとびーといづれか〜,なし,比較疑問形,形=A与B孰〜;読み=AとBといづれか〜;意味=AとBではどちらが〜か,CC-000115-C01,reading,句形の読み,「A与B孰〜」はどう読むか。,AとBといづれか〜,AとBといづれか〜｜えーとびーといづれか〜｜AとBといずれか〜,形と読みを一まとまりで覚える。標準的な読みは「AとBといづれか〜」。,なし,なし,なし,なし,なし,なし,なし,なし,大学受験漢文・句形句法一覧（標準形の照合）,https://lawcityblog.com/kanbun-kukei-list/,なし
漢文_Deck1_最重要句法・語彙_250項目,CC-000115,115,Deck1_最重要句法・語彙,句法,比較疑問,A与B孰〜,えーとびーといづれか〜,なし,比較疑問形,形=A与B孰〜;読み=AとBといづれか〜;意味=AとBではどちらが〜か,CC-000115-C02,meaning,句形の意味,「A与B孰〜」の基本的な意味を答えよ。,AとBではどちらが〜か,AとBではどちらが〜か,訳の核は「AとBではどちらが〜か」。本文では前後関係に合わせて自然な日本語へ整える。,なし,なし,なし,なし,なし,なし,なし,なし,大学受験漢文・句形句法一覧（標準形の照合）,https://lawcityblog.com/kanbun-kukei-list/,なし
漢文_Deck1_最重要句法・語彙_250項目,CC-000116,116,Deck1_最重要句法・語彙,句法,比況,A如B,えーはびーのごとし,なし,比況形,形=A如B;読み=AはBのごとし;意味=AはBのようだ,CC-000116-C01,reading,句形の読み,「A如B」はどう読むか。,AはBのごとし,AはBのごとし｜えーはびーのごとし,形と読みを一まとまりで覚える。標準的な読みは「AはBのごとし」。,なし,なし,なし,なし,なし,なし,なし,なし,大学受験漢文・句形句法一覧（標準形の照合）,https://lawcityblog.com/kanbun-kukei-list/,なし
漢文_Deck1_最重要句法・語彙_250項目,CC-000116,116,Deck1_最重要句法・語彙,句法,比況,A如B,えーはびーのごとし,なし,比況形,形=A如B;読み=AはBのごとし;意味=AはBのようだ,CC-000116-C02,meaning,句形の意味,「A如B」の基本的な意味を答えよ。,AはBのようだ,AはBのようだ,訳の核は「AはBのようだ」。本文では前後関係に合わせて自然な日本語へ整える。,なし,なし,なし,なし,なし,なし,なし,なし,大学受験漢文・句形句法一覧（標準形の照合）,https://lawcityblog.com/kanbun-kukei-list/,なし
漢文_Deck1_最重要句法・語彙_250項目,CC-000117,117,Deck1_最重要句法・語彙,句法,比況,A若B,えーはびーのごとし,なし,比況形,形=A若B;読み=AはBのごとし;意味=AはBのようだ,CC-000117-C01,reading,句形の読み,「A若B」はどう読むか。,AはBのごとし,AはBのごとし｜えーはびーのごとし,形と読みを一まとまりで覚える。標準的な読みは「AはBのごとし」。,なし,なし,なし,なし,なし,なし,なし,なし,大学受験漢文・句形句法一覧（標準形の照合）,https://lawcityblog.com/kanbun-kukei-list/,なし
漢文_Deck1_最重要句法・語彙_250項目,CC-000117,117,Deck1_最重要句法・語彙,句法,比況,A若B,えーはびーのごとし,なし,比況形,形=A若B;読み=AはBのごとし;意味=AはBのようだ,CC-000117-C02,meaning,句形の意味,「A若B」の基本的な意味を答えよ。,AはBのようだ,AはBのようだ,訳の核は「AはBのようだ」。本文では前後関係に合わせて自然な日本語へ整える。,なし,なし,なし,なし,なし,なし,なし,なし,大学受験漢文・句形句法一覧（標準形の照合）,https://lawcityblog.com/kanbun-kukei-list/,なし
漢文_Deck1_最重要句法・語彙_250項目,CC-000118,118,Deck1_最重要句法・語彙,句法,比況,A猶B也,えーはなほびーのごときなり,なし,比況形,形=A猶B也;読み=AはなほBのごときなり;意味=AはちょうどBのようだ,CC-000118-C01,reading,句形の読み,「A猶B也」はどう読むか。,AはなほBのごときなり,AはなほBのごときなり｜えーはなほびーのごときなり｜AはなおBのごときなり,形と読みを一まとまりで覚える。標準的な読みは「AはなほBのごときなり」。,なし,なし,なし,なし,なし,なし,なし,なし,大学受験漢文・句形句法一覧（標準形の照合）,https://lawcityblog.com/kanbun-kukei-list/,なし
漢文_Deck1_最重要句法・語彙_250項目,CC-000118,118,Deck1_最重要句法・語彙,句法,比況,A猶B也,えーはなほびーのごときなり,なし,比況形,形=A猶B也;読み=AはなほBのごときなり;意味=AはちょうどBのようだ,CC-000118-C02,meaning,句形の意味,「A猶B也」の基本的な意味を答えよ。,AはちょうどBのようだ,AはちょうどBのようだ,訳の核は「AはちょうどBのようだ」。本文では前後関係に合わせて自然な日本語へ整える。,なし,なし,なし,なし,なし,なし,なし,なし,大学受験漢文・句形句法一覧（標準形の照合）,https://lawcityblog.com/kanbun-kukei-list/,なし
漢文_Deck1_最重要句法・語彙_250項目,CC-000119,119,Deck1_最重要句法・語彙,句法,限定,唯・惟・但・只〜,ただ〜のみ,なし,限定形,形=唯・惟・但・只〜;読み=ただ〜のみ;意味=ただ〜だけ,CC-000119-C01,reading,句形の読み,「唯・惟・但・只〜」はどう読むか。,ただ〜のみ,ただ〜のみ,形と読みを一まとまりで覚える。標準的な読みは「ただ〜のみ」。,なし,なし,なし,なし,なし,不唯A亦B,唯だけなら限定、不唯〜亦〜なら累加。,なし,大学受験漢文・句形句法一覧（標準形の照合）,https://lawcityblog.com/kanbun-kukei-list/,なし
漢文_Deck1_最重要句法・語彙_250項目,CC-000119,119,Deck1_最重要句法・語彙,句法,限定,唯・惟・但・只〜,ただ〜のみ,なし,限定形,形=唯・惟・但・只〜;読み=ただ〜のみ;意味=ただ〜だけ,CC-000119-C02,meaning,句形の意味,「唯・惟・但・只〜」の基本的な意味を答えよ。,ただ〜だけ,ただ〜だけ,訳の核は「ただ〜だけ」。本文では前後関係に合わせて自然な日本語へ整える。,なし,なし,なし,なし,なし,不唯A亦B,唯だけなら限定、不唯〜亦〜なら累加。,なし,大学受験漢文・句形句法一覧（標準形の照合）,https://lawcityblog.com/kanbun-kukei-list/,なし
漢文_Deck1_最重要句法・語彙_250項目,CC-000120,120,Deck1_最重要句法・語彙,句法,限定,〜耳,〜のみ,なし,限定形,形=〜耳;読み=〜のみ;意味=〜だけだ,CC-000120-C01,reading,句形の読み,「〜耳」はどう読むか。,〜のみ,〜のみ,形と読みを一まとまりで覚える。標準的な読みは「〜のみ」。,なし,なし,なし,なし,なし,なし,なし,なし,大学受験漢文・句形句法一覧（標準形の照合）,https://lawcityblog.com/kanbun-kukei-list/,なし
漢文_Deck1_最重要句法・語彙_250項目,CC-000120,120,Deck1_最重要句法・語彙,句法,限定,〜耳,〜のみ,なし,限定形,形=〜耳;読み=〜のみ;意味=〜だけだ,CC-000120-C02,meaning,句形の意味,「〜耳」の基本的な意味を答えよ。,〜だけだ,〜だけだ,訳の核は「〜だけだ」。本文では前後関係に合わせて自然な日本語へ整える。,なし,なし,なし,なし,なし,なし,なし,なし,大学受験漢文・句形句法一覧（標準形の照合）,https://lawcityblog.com/kanbun-kukei-list/,なし
漢文_Deck1_最重要句法・語彙_250項目,CC-000121,121,Deck1_最重要句法・語彙,句法,限定,〜已,〜のみ,なし,限定形,形=〜已;読み=〜のみ;意味=〜だけだ,CC-000121-C01,reading,句形の読み,「〜已」はどう読むか。,〜のみ,〜のみ,形と読みを一まとまりで覚える。標準的な読みは「〜のみ」。,なし,なし,なし,なし,なし,なし,なし,なし,大学受験漢文・句形句法一覧（標準形の照合）,https://lawcityblog.com/kanbun-kukei-list/,なし
漢文_Deck1_最重要句法・語彙_250項目,CC-000121,121,Deck1_最重要句法・語彙,句法,限定,〜已,〜のみ,なし,限定形,形=〜已;読み=〜のみ;意味=〜だけだ,CC-000121-C02,meaning,句形の意味,「〜已」の基本的な意味を答えよ。,〜だけだ,〜だけだ,訳の核は「〜だけだ」。本文では前後関係に合わせて自然な日本語へ整える。,なし,なし,なし,なし,なし,なし,なし,なし,大学受験漢文・句形句法一覧（標準形の照合）,https://lawcityblog.com/kanbun-kukei-list/,なし
漢文_Deck1_最重要句法・語彙_250項目,CC-000122,122,Deck1_最重要句法・語彙,句法,限定,〜爾,〜のみ,なし,限定形,形=〜爾;読み=〜のみ;意味=〜だけだ,CC-000122-C01,reading,句形の読み,「〜爾」はどう読むか。,〜のみ,〜のみ,形と読みを一まとまりで覚える。標準的な読みは「〜のみ」。,なし,なし,なし,なし,なし,なし,なし,なし,大学受験漢文・句形句法一覧（標準形の照合）,https://lawcityblog.com/kanbun-kukei-list/,なし
漢文_Deck1_最重要句法・語彙_250項目,CC-000122,122,Deck1_最重要句法・語彙,句法,限定,〜爾,〜のみ,なし,限定形,形=〜爾;読み=〜のみ;意味=〜だけだ,CC-000122-C02,meaning,句形の意味,「〜爾」の基本的な意味を答えよ。,〜だけだ,〜だけだ,訳の核は「〜だけだ」。本文では前後関係に合わせて自然な日本語へ整える。,なし,なし,なし,なし,なし,なし,なし,なし,大学受験漢文・句形句法一覧（標準形の照合）,https://lawcityblog.com/kanbun-kukei-list/,なし
漢文_Deck1_最重要句法・語彙_250項目,CC-000123,123,Deck1_最重要句法・語彙,句法,限定,〜而已,〜のみ,なし,限定形,形=〜而已;読み=〜のみ;意味=〜だけだ,CC-000123-C01,reading,句形の読み,「〜而已」はどう読むか。,〜のみ,〜のみ,形と読みを一まとまりで覚える。標準的な読みは「〜のみ」。,なし,なし,なし,なし,なし,なし,なし,なし,大学受験漢文・句形句法一覧（標準形の照合）,https://lawcityblog.com/kanbun-kukei-list/,なし
漢文_Deck1_最重要句法・語彙_250項目,CC-000123,123,Deck1_最重要句法・語彙,句法,限定,〜而已,〜のみ,なし,限定形,形=〜而已;読み=〜のみ;意味=〜だけだ,CC-000123-C02,meaning,句形の意味,「〜而已」の基本的な意味を答えよ。,〜だけだ,〜だけだ,訳の核は「〜だけだ」。本文では前後関係に合わせて自然な日本語へ整える。,なし,なし,なし,なし,なし,なし,なし,なし,大学受験漢文・句形句法一覧（標準形の照合）,https://lawcityblog.com/kanbun-kukei-list/,なし
漢文_Deck1_最重要句法・語彙_250項目,CC-000124,124,Deck1_最重要句法・語彙,句法,限定,〜而已矣,〜のみ,なし,限定形,形=〜而已矣;読み=〜のみ;意味=〜だけだ,CC-000124-C01,reading,句形の読み,「〜而已矣」はどう読むか。,〜のみ,〜のみ,形と読みを一まとまりで覚える。標準的な読みは「〜のみ」。,なし,なし,なし,なし,なし,なし,なし,なし,大学受験漢文・句形句法一覧（標準形の照合）,https://lawcityblog.com/kanbun-kukei-list/,なし
漢文_Deck1_最重要句法・語彙_250項目,CC-000124,124,Deck1_最重要句法・語彙,句法,限定,〜而已矣,〜のみ,なし,限定形,形=〜而已矣;読み=〜のみ;意味=〜だけだ,CC-000124-C02,meaning,句形の意味,「〜而已矣」の基本的な意味を答えよ。,〜だけだ,〜だけだ,訳の核は「〜だけだ」。本文では前後関係に合わせて自然な日本語へ整える。,なし,なし,なし,なし,なし,なし,なし,なし,大学受験漢文・句形句法一覧（標準形の照合）,https://lawcityblog.com/kanbun-kukei-list/,なし
漢文_Deck1_最重要句法・語彙_250項目,CC-000125,125,Deck1_最重要句法・語彙,句法,限定,唯〜耳,ただ〜のみ,なし,限定形,形=唯〜耳;読み=ただ〜のみ;意味=ただ〜だけだ,CC-000125-C01,reading,句形の読み,「唯〜耳」はどう読むか。,ただ〜のみ,ただ〜のみ,形と読みを一まとまりで覚える。標準的な読みは「ただ〜のみ」。,なし,なし,なし,なし,なし,なし,なし,なし,大学受験漢文・句形句法一覧（標準形の照合）,https://lawcityblog.com/kanbun-kukei-list/,なし
漢文_Deck1_最重要句法・語彙_250項目,CC-000125,125,Deck1_最重要句法・語彙,句法,限定,唯〜耳,ただ〜のみ,なし,限定形,形=唯〜耳;読み=ただ〜のみ;意味=ただ〜だけだ,CC-000125-C02,meaning,句形の意味,「唯〜耳」の基本的な意味を答えよ。,ただ〜だけだ,ただ〜だけだ,訳の核は「ただ〜だけだ」。本文では前後関係に合わせて自然な日本語へ整える。,なし,なし,なし,なし,なし,なし,なし,なし,大学受験漢文・句形句法一覧（標準形の照合）,https://lawcityblog.com/kanbun-kukei-list/,なし
漢文_Deck1_最重要句法・語彙_250項目,CC-000126,126,Deck1_最重要句法・語彙,句法,限定,独〜（限定）,ひとり〜のみ,なし,限定形,形=独〜（限定）;読み=ひとり〜のみ;意味=ただ〜だけ,CC-000126-C01,reading,句形の読み,「独〜（限定）」はどう読むか。,ひとり〜のみ,ひとり〜のみ,形と読みを一まとまりで覚える。標準的な読みは「ひとり〜のみ」。,なし,なし,なし,なし,なし,なし,なし,なし,大学受験漢文・句形句法一覧（標準形の照合）,https://lawcityblog.com/kanbun-kukei-list/,なし
漢文_Deck1_最重要句法・語彙_250項目,CC-000126,126,Deck1_最重要句法・語彙,句法,限定,独〜（限定）,ひとり〜のみ,なし,限定形,形=独〜（限定）;読み=ひとり〜のみ;意味=ただ〜だけ,CC-000126-C02,meaning,句形の意味,「独〜（限定）」の基本的な意味を答えよ。,ただ〜だけ,ただ〜だけ,訳の核は「ただ〜だけ」。本文では前後関係に合わせて自然な日本語へ整える。,なし,なし,なし,なし,なし,なし,なし,なし,大学受験漢文・句形句法一覧（標準形の照合）,https://lawcityblog.com/kanbun-kukei-list/,なし
漢文_Deck1_最重要句法・語彙_250項目,CC-000127,127,Deck1_最重要句法・語彙,句法,限定,徒〜（限定）,ただ〜のみ,なし,限定形,形=徒〜（限定）;読み=ただ〜のみ;意味=ただ〜だけ,CC-000127-C01,reading,句形の読み,「徒〜（限定）」はどう読むか。,ただ〜のみ,ただ〜のみ,形と読みを一まとまりで覚える。標準的な読みは「ただ〜のみ」。,なし,なし,なし,なし,なし,なし,なし,なし,大学受験漢文・句形句法一覧（標準形の照合）,https://lawcityblog.com/kanbun-kukei-list/,なし
漢文_Deck1_最重要句法・語彙_250項目,CC-000127,127,Deck1_最重要句法・語彙,句法,限定,徒〜（限定）,ただ〜のみ,なし,限定形,形=徒〜（限定）;読み=ただ〜のみ;意味=ただ〜だけ,CC-000127-C02,meaning,句形の意味,「徒〜（限定）」の基本的な意味を答えよ。,ただ〜だけ,ただ〜だけ,訳の核は「ただ〜だけ」。本文では前後関係に合わせて自然な日本語へ整える。,なし,なし,なし,なし,なし,なし,なし,なし,大学受験漢文・句形句法一覧（標準形の照合）,https://lawcityblog.com/kanbun-kukei-list/,なし
漢文_Deck1_最重要句法・語彙_250項目,CC-000128,128,Deck1_最重要句法・語彙,句法,累加,不唯A亦B,ただにえーのみにあらずまたびー,なし,累加形,形=不唯A亦B;読み=ただにAのみにあらずまたB;意味=AだけでなくBもまた,CC-000128-C01,reading,句形の読み,「不唯A亦B」はどう読むか。,ただにAのみにあらずまたB,ただにAのみにあらずまたB｜ただにえーのみにあらずまたびー,形と読みを一まとまりで覚える。標準的な読みは「ただにAのみにあらずまたB」。,なし,なし,なし,なし,なし,なし,なし,なし,大学受験漢文・句形句法一覧（標準形の照合）,https://lawcityblog.com/kanbun-kukei-list/,なし
漢文_Deck1_最重要句法・語彙_250項目,CC-000128,128,Deck1_最重要句法・語彙,句法,累加,不唯A亦B,ただにえーのみにあらずまたびー,なし,累加形,形=不唯A亦B;読み=ただにAのみにあらずまたB;意味=AだけでなくBもまた,CC-000128-C02,meaning,句形の意味,「不唯A亦B」の基本的な意味を答えよ。,AだけでなくBもまた,AだけでなくBもまた,訳の核は「AだけでなくBもまた」。本文では前後関係に合わせて自然な日本語へ整える。,なし,なし,なし,なし,なし,なし,なし,なし,大学受験漢文・句形句法一覧（標準形の照合）,https://lawcityblog.com/kanbun-kukei-list/,なし
漢文_Deck1_最重要句法・語彙_250項目,CC-000129,129,Deck1_最重要句法・語彙,句法,累加,非独A亦B,ひとりえーのみにあらずまたびー,なし,累加形,形=非独A亦B;読み=ひとりAのみにあらずまたB;意味=AだけでなくBもまた,CC-000129-C01,reading,句形の読み,「非独A亦B」はどう読むか。,ひとりAのみにあらずまたB,ひとりAのみにあらずまたB｜ひとりえーのみにあらずまたびー,形と読みを一まとまりで覚える。標準的な読みは「ひとりAのみにあらずまたB」。,なし,なし,なし,なし,なし,なし,なし,なし,大学受験漢文・句形句法一覧（標準形の照合）,https://lawcityblog.com/kanbun-kukei-list/,なし
漢文_Deck1_最重要句法・語彙_250項目,CC-000129,129,Deck1_最重要句法・語彙,句法,累加,非独A亦B,ひとりえーのみにあらずまたびー,なし,累加形,形=非独A亦B;読み=ひとりAのみにあらずまたB;意味=AだけでなくBもまた,CC-000129-C02,meaning,句形の意味,「非独A亦B」の基本的な意味を答えよ。,AだけでなくBもまた,AだけでなくBもまた,訳の核は「AだけでなくBもまた」。本文では前後関係に合わせて自然な日本語へ整える。,なし,なし,なし,なし,なし,なし,なし,なし,大学受験漢文・句形句法一覧（標準形の照合）,https://lawcityblog.com/kanbun-kukei-list/,なし
漢文_Deck1_最重要句法・語彙_250項目,CC-000130,130,Deck1_最重要句法・語彙,句法,累加,非徒A亦B,ただにえーのみにあらずまたびー,なし,累加形,形=非徒A亦B;読み=ただにAのみにあらずまたB;意味=AだけでなくBもまた,CC-000130-C01,reading,句形の読み,「非徒A亦B」はどう読むか。,ただにAのみにあらずまたB,ただにAのみにあらずまたB｜ただにえーのみにあらずまたびー,形と読みを一まとまりで覚える。標準的な読みは「ただにAのみにあらずまたB」。,なし,なし,なし,なし,なし,なし,なし,なし,大学受験漢文・句形句法一覧（標準形の照合）,https://lawcityblog.com/kanbun-kukei-list/,なし
漢文_Deck1_最重要句法・語彙_250項目,CC-000130,130,Deck1_最重要句法・語彙,句法,累加,非徒A亦B,ただにえーのみにあらずまたびー,なし,累加形,形=非徒A亦B;読み=ただにAのみにあらずまたB;意味=AだけでなくBもまた,CC-000130-C02,meaning,句形の意味,「非徒A亦B」の基本的な意味を答えよ。,AだけでなくBもまた,AだけでなくBもまた,訳の核は「AだけでなくBもまた」。本文では前後関係に合わせて自然な日本語へ整える。,なし,なし,なし,なし,なし,なし,なし,なし,大学受験漢文・句形句法一覧（標準形の照合）,https://lawcityblog.com/kanbun-kukei-list/,なし
漢文_Deck1_最重要句法・語彙_250項目,CC-000131,131,Deck1_最重要句法・語彙,句法,仮定,若・如〜（仮定）,もし〜ば,なし,仮定形,形=若・如〜（仮定）;読み=もし〜ば;意味=もし〜ならば,CC-000131-C01,reading,句形の読み,「若・如〜（仮定）」はどう読むか。,もし〜ば,もし〜ば,形と読みを一まとまりで覚える。標準的な読みは「もし〜ば」。,なし,なし,なし,なし,なし,なし,なし,なし,大学受験漢文・句形句法一覧（標準形の照合）,https://lawcityblog.com/kanbun-kukei-list/,なし
漢文_Deck1_最重要句法・語彙_250項目,CC-000131,131,Deck1_最重要句法・語彙,句法,仮定,若・如〜（仮定）,もし〜ば,なし,仮定形,形=若・如〜（仮定）;読み=もし〜ば;意味=もし〜ならば,CC-000131-C02,meaning,句形の意味,「若・如〜（仮定）」の基本的な意味を答えよ。,もし〜ならば,もし〜ならば,訳の核は「もし〜ならば」。本文では前後関係に合わせて自然な日本語へ整える。,なし,なし,なし,なし,なし,なし,なし,なし,大学受験漢文・句形句法一覧（標準形の照合）,https://lawcityblog.com/kanbun-kukei-list/,なし
漢文_Deck1_最重要句法・語彙_250項目,CC-000132,132,Deck1_最重要句法・語彙,句法,仮定,苟〜,いやしくも〜ば,なし,仮定形,形=苟〜;読み=いやしくも〜ば;意味=かりにも〜ならば,CC-000132-C01,reading,句形の読み,「苟〜」はどう読むか。,いやしくも〜ば,いやしくも〜ば,形と読みを一まとまりで覚える。標準的な読みは「いやしくも〜ば」。,なし,なし,なし,なし,なし,なし,なし,なし,大学受験漢文・句形句法一覧（標準形の照合）,https://lawcityblog.com/kanbun-kukei-list/,なし
漢文_Deck1_最重要句法・語彙_250項目,CC-000132,132,Deck1_最重要句法・語彙,句法,仮定,苟〜,いやしくも〜ば,なし,仮定形,形=苟〜;読み=いやしくも〜ば;意味=かりにも〜ならば,CC-000132-C02,meaning,句形の意味,「苟〜」の基本的な意味を答えよ。,かりにも〜ならば,かりにも〜ならば,訳の核は「かりにも〜ならば」。本文では前後関係に合わせて自然な日本語へ整える。,なし,なし,なし,なし,なし,なし,なし,なし,大学受験漢文・句形句法一覧（標準形の照合）,https://lawcityblog.com/kanbun-kukei-list/,なし
漢文_Deck1_最重要句法・語彙_250項目,CC-000133,133,Deck1_最重要句法・語彙,句法,仮定,使・令〜（仮定）,もし〜ば,なし,仮定形,形=使・令〜（仮定）;読み=もし〜ば;意味=もし〜ならば,CC-000133-C01,reading,句形の読み,「使・令〜（仮定）」はどう読むか。,もし〜ば,もし〜ば,形と読みを一まとまりで覚える。標準的な読みは「もし〜ば」。,なし,なし,なし,なし,なし,使A B,文頭で非現実の条件を置けば仮定、AにBさせれば使役。,なし,大学受験漢文・句形句法一覧（標準形の照合）,https://lawcityblog.com/kanbun-kukei-list/,なし
漢文_Deck1_最重要句法・語彙_250項目,CC-000133,133,Deck1_最重要句法・語彙,句法,仮定,使・令〜（仮定）,もし〜ば,なし,仮定形,形=使・令〜（仮定）;読み=もし〜ば;意味=もし〜ならば,CC-000133-C02,meaning,句形の意味,「使・令〜（仮定）」の基本的な意味を答えよ。,もし〜ならば,もし〜ならば,訳の核は「もし〜ならば」。本文では前後関係に合わせて自然な日本語へ整える。,なし,なし,なし,なし,なし,使A B,文頭で非現実の条件を置けば仮定、AにBさせれば使役。,なし,大学受験漢文・句形句法一覧（標準形の照合）,https://lawcityblog.com/kanbun-kukei-list/,なし
漢文_Deck1_最重要句法・語彙_250項目,CC-000134,134,Deck1_最重要句法・語彙,句法,仮定,即〜（仮定）,もし〜ば,なし,仮定形,形=即〜（仮定）;読み=もし〜ば;意味=もし〜ならば,CC-000134-C01,reading,句形の読み,「即〜（仮定）」はどう読むか。,もし〜ば,もし〜ば,形と読みを一まとまりで覚える。標準的な読みは「もし〜ば」。,なし,なし,なし,なし,なし,なし,なし,なし,大学受験漢文・句形句法一覧（標準形の照合）,https://lawcityblog.com/kanbun-kukei-list/,なし
漢文_Deck1_最重要句法・語彙_250項目,CC-000134,134,Deck1_最重要句法・語彙,句法,仮定,即〜（仮定）,もし〜ば,なし,仮定形,形=即〜（仮定）;読み=もし〜ば;意味=もし〜ならば,CC-000134-C02,meaning,句形の意味,「即〜（仮定）」の基本的な意味を答えよ。,もし〜ならば,もし〜ならば,訳の核は「もし〜ならば」。本文では前後関係に合わせて自然な日本語へ整える。,なし,なし,なし,なし,なし,なし,なし,なし,大学受験漢文・句形句法一覧（標準形の照合）,https://lawcityblog.com/kanbun-kukei-list/,なし
漢文_Deck1_最重要句法・語彙_250項目,CC-000135,135,Deck1_最重要句法・語彙,句法,仮定,誠〜,まことに〜ば,なし,仮定形,形=誠〜;読み=まことに〜ば;意味=もし本当に〜ならば,CC-000135-C01,reading,句形の読み,「誠〜」はどう読むか。,まことに〜ば,まことに〜ば,形と読みを一まとまりで覚える。標準的な読みは「まことに〜ば」。,なし,なし,なし,なし,なし,なし,なし,なし,大学受験漢文・句形句法一覧（標準形の照合）,https://lawcityblog.com/kanbun-kukei-list/,なし
漢文_Deck1_最重要句法・語彙_250項目,CC-000135,135,Deck1_最重要句法・語彙,句法,仮定,誠〜,まことに〜ば,なし,仮定形,形=誠〜;読み=まことに〜ば;意味=もし本当に〜ならば,CC-000135-C02,meaning,句形の意味,「誠〜」の基本的な意味を答えよ。,もし本当に〜ならば,もし本当に〜ならば,訳の核は「もし本当に〜ならば」。本文では前後関係に合わせて自然な日本語へ整える。,なし,なし,なし,なし,なし,なし,なし,なし,大学受験漢文・句形句法一覧（標準形の照合）,https://lawcityblog.com/kanbun-kukei-list/,なし
漢文_Deck1_最重要句法・語彙_250項目,CC-000136,136,Deck1_最重要句法・語彙,句法,仮定,微〜,〜なかりせば,なし,仮定形,形=微〜;読み=〜なかりせば;意味=〜がなかったならば,CC-000136-C01,reading,句形の読み,「微〜」はどう読むか。,〜なかりせば,〜なかりせば,形と読みを一まとまりで覚える。標準的な読みは「〜なかりせば」。,なし,なし,なし,なし,なし,なし,なし,なし,大学受験漢文・句形句法一覧（標準形の照合）,https://lawcityblog.com/kanbun-kukei-list/,なし
漢文_Deck1_最重要句法・語彙_250項目,CC-000136,136,Deck1_最重要句法・語彙,句法,仮定,微〜,〜なかりせば,なし,仮定形,形=微〜;読み=〜なかりせば;意味=〜がなかったならば,CC-000136-C02,meaning,句形の意味,「微〜」の基本的な意味を答えよ。,〜がなかったならば,〜がなかったならば,訳の核は「〜がなかったならば」。本文では前後関係に合わせて自然な日本語へ整える。,なし,なし,なし,なし,なし,なし,なし,なし,大学受験漢文・句形句法一覧（標準形の照合）,https://lawcityblog.com/kanbun-kukei-list/,なし
漢文_Deck1_最重要句法・語彙_250項目,CC-000137,137,Deck1_最重要句法・語彙,句法,仮定・譲歩,縦〜,たとひ〜とも,なし,譲歩形,形=縦〜;読み=たとひ〜とも;意味=たとえ〜だとしても,CC-000137-C01,reading,句形の読み,「縦〜」はどう読むか。,たとひ〜とも,たとひ〜とも｜たとえ〜とも,形と読みを一まとまりで覚える。標準的な読みは「たとひ〜とも」。,なし,なし,なし,なし,なし,なし,なし,なし,大学受験漢文・句形句法一覧（標準形の照合）,https://lawcityblog.com/kanbun-kukei-list/,なし
漢文_Deck1_最重要句法・語彙_250項目,CC-000137,137,Deck1_最重要句法・語彙,句法,仮定・譲歩,縦〜,たとひ〜とも,なし,譲歩形,形=縦〜;読み=たとひ〜とも;意味=たとえ〜だとしても,CC-000137-C02,meaning,句形の意味,「縦〜」の基本的な意味を答えよ。,たとえ〜だとしても,たとえ〜だとしても,訳の核は「たとえ〜だとしても」。本文では前後関係に合わせて自然な日本語へ整える。,なし,なし,なし,なし,なし,なし,なし,なし,大学受験漢文・句形句法一覧（標準形の照合）,https://lawcityblog.com/kanbun-kukei-list/,なし
漢文_Deck1_最重要句法・語彙_250項目,CC-000138,138,Deck1_最重要句法・語彙,句法,譲歩,雖〜,〜といへども,なし,譲歩形,形=雖〜;読み=〜といへども;意味=〜ではあるが,CC-000138-C01,reading,句形の読み,「雖〜」はどう読むか。,〜といへども,〜といへども｜〜といえども,形と読みを一まとまりで覚える。標準的な読みは「〜といへども」。,なし,なし,なし,なし,なし,なし,なし,なし,大学受験漢文・句形句法一覧（標準形の照合）,https://lawcityblog.com/kanbun-kukei-list/,なし
漢文_Deck1_最重要句法・語彙_250項目,CC-000138,138,Deck1_最重要句法・語彙,句法,譲歩,雖〜,〜といへども,なし,譲歩形,形=雖〜;読み=〜といへども;意味=〜ではあるが,CC-000138-C02,meaning,句形の意味,「雖〜」の基本的な意味を答えよ。,〜ではあるが,〜ではあるが,訳の核は「〜ではあるが」。本文では前後関係に合わせて自然な日本語へ整える。,なし,なし,なし,なし,なし,なし,なし,なし,大学受験漢文・句形句法一覧（標準形の照合）,https://lawcityblog.com/kanbun-kukei-list/,なし
漢文_Deck1_最重要句法・語彙_250項目,CC-000139,139,Deck1_最重要句法・語彙,句法,譲歩,雖A而B,えーといへどもびー,なし,譲歩形,形=雖A而B;読み=AといへどもB;意味=AではあるがB,CC-000139-C01,reading,句形の読み,「雖A而B」はどう読むか。,AといへどもB,AといへどもB｜えーといへどもびー｜AといえどもB,形と読みを一まとまりで覚える。標準的な読みは「AといへどもB」。,なし,なし,なし,なし,なし,なし,なし,なし,大学受験漢文・句形句法一覧（標準形の照合）,https://lawcityblog.com/kanbun-kukei-list/,なし
漢文_Deck1_最重要句法・語彙_250項目,CC-000139,139,Deck1_最重要句法・語彙,句法,譲歩,雖A而B,えーといへどもびー,なし,譲歩形,形=雖A而B;読み=AといへどもB;意味=AではあるがB,CC-000139-C02,meaning,句形の意味,「雖A而B」の基本的な意味を答えよ。,AではあるがB,AではあるがB,訳の核は「AではあるがB」。本文では前後関係に合わせて自然な日本語へ整える。,なし,なし,なし,なし,なし,なし,なし,なし,大学受験漢文・句形句法一覧（標準形の照合）,https://lawcityblog.com/kanbun-kukei-list/,なし
漢文_Deck1_最重要句法・語彙_250項目,CC-000140,140,Deck1_最重要句法・語彙,句法,仮定・譲歩,仮令〜,たとひ〜とも,縦令〜｜設使〜,譲歩形,形=仮令〜;読み=たとひ〜とも;意味=たとえ〜だとしても,CC-000140-C01,reading,句形の読み,「仮令〜」はどう読むか。,たとひ〜とも,たとひ〜とも｜たとえ〜とも,形と読みを一まとまりで覚える。標準的な読みは「たとひ〜とも」。,なし,なし,なし,なし,なし,なし,なし,なし,大学受験漢文・句形句法一覧（標準形の照合）,https://lawcityblog.com/kanbun-kukei-list/,なし
漢文_Deck1_最重要句法・語彙_250項目,CC-000140,140,Deck1_最重要句法・語彙,句法,仮定・譲歩,仮令〜,たとひ〜とも,縦令〜｜設使〜,譲歩形,形=仮令〜;読み=たとひ〜とも;意味=たとえ〜だとしても,CC-000140-C02,meaning,句形の意味,「仮令〜」の基本的な意味を答えよ。,たとえ〜だとしても,たとえ〜だとしても,訳の核は「たとえ〜だとしても」。本文では前後関係に合わせて自然な日本語へ整える。,なし,なし,なし,なし,なし,なし,なし,なし,大学受験漢文・句形句法一覧（標準形の照合）,https://lawcityblog.com/kanbun-kukei-list/,なし
漢文_Deck1_最重要句法・語彙_250項目,CC-000141,141,Deck1_最重要句法・語彙,句法,願望,願〜,ねがはくは〜ん,なし,願望形,形=願〜;読み=ねがはくは〜ん;意味=どうか〜してください,CC-000141-C01,reading,句形の読み,「願〜」はどう読むか。,ねがはくは〜ん,ねがはくは〜ん｜ねがわくは〜ん,形と読みを一まとまりで覚える。標準的な読みは「ねがはくは〜ん」。,なし,なし,なし,なし,なし,請〜,願は相手にしてほしい、請は自分にさせてほしい。,願＝相手、請＝自分。,大学受験漢文・句形句法一覧（標準形の照合）,https://lawcityblog.com/kanbun-kukei-list/,なし
漢文_Deck1_最重要句法・語彙_250項目,CC-000141,141,Deck1_最重要句法・語彙,句法,願望,願〜,ねがはくは〜ん,なし,願望形,形=願〜;読み=ねがはくは〜ん;意味=どうか〜してください,CC-000141-C02,meaning,句形の意味,「願〜」の基本的な意味を答えよ。,どうか〜してください,どうか〜してください,訳の核は「どうか〜してください」。本文では前後関係に合わせて自然な日本語へ整える。,なし,なし,なし,なし,なし,請〜,願は相手にしてほしい、請は自分にさせてほしい。,願＝相手、請＝自分。,大学受験漢文・句形句法一覧（標準形の照合）,https://lawcityblog.com/kanbun-kukei-list/,なし
漢文_Deck1_最重要句法・語彙_250項目,CC-000142,142,Deck1_最重要句法・語彙,句法,願望,請〜,こふ〜ん,なし,願望形,形=請〜;読み=こふ〜ん;意味=どうか〜させてください,CC-000142-C01,reading,句形の読み,「請〜」はどう読むか。,こふ〜ん,こふ〜ん｜こう〜ん,形と読みを一まとまりで覚える。標準的な読みは「こふ〜ん」。,なし,なし,なし,なし,なし,願〜,請は自分の行動の許可を求める。,願＝相手、請＝自分。,大学受験漢文・句形句法一覧（標準形の照合）,https://lawcityblog.com/kanbun-kukei-list/,なし
漢文_Deck1_最重要句法・語彙_250項目,CC-000142,142,Deck1_最重要句法・語彙,句法,願望,請〜,こふ〜ん,なし,願望形,形=請〜;読み=こふ〜ん;意味=どうか〜させてください,CC-000142-C02,meaning,句形の意味,「請〜」の基本的な意味を答えよ。,どうか〜させてください,どうか〜させてください,訳の核は「どうか〜させてください」。本文では前後関係に合わせて自然な日本語へ整える。,なし,なし,なし,なし,なし,願〜,請は自分の行動の許可を求める。,願＝相手、請＝自分。,大学受験漢文・句形句法一覧（標準形の照合）,https://lawcityblog.com/kanbun-kukei-list/,なし
漢文_Deck1_最重要句法・語彙_250項目,CC-000143,143,Deck1_最重要句法・語彙,句法,願望,欲〜,〜せんとほつす,なし,願望形,形=欲〜;読み=〜せんとほつす;意味=〜したい,CC-000143-C01,reading,句形の読み,「欲〜」はどう読むか。,〜せんとほつす,〜せんとほつす,形と読みを一まとまりで覚える。標準的な読みは「〜せんとほつす」。,なし,なし,なし,なし,なし,なし,なし,なし,大学受験漢文・句形句法一覧（標準形の照合）,https://lawcityblog.com/kanbun-kukei-list/,なし
漢文_Deck1_最重要句法・語彙_250項目,CC-000143,143,Deck1_最重要句法・語彙,句法,願望,欲〜,〜せんとほつす,なし,願望形,形=欲〜;読み=〜せんとほつす;意味=〜したい,CC-000143-C02,meaning,句形の意味,「欲〜」の基本的な意味を答えよ。,〜したい,〜したい,訳の核は「〜したい」。本文では前後関係に合わせて自然な日本語へ整える。,なし,なし,なし,なし,なし,なし,なし,なし,大学受験漢文・句形句法一覧（標準形の照合）,https://lawcityblog.com/kanbun-kukei-list/,なし
漢文_Deck1_最重要句法・語彙_250項目,CC-000144,144,Deck1_最重要句法・語彙,句法,願望,庶幾〜,こひねがはくは〜ん,なし,願望形,形=庶幾〜;読み=こひねがはくは〜ん;意味=どうか〜であってほしい,CC-000144-C01,reading,句形の読み,「庶幾〜」はどう読むか。,こひねがはくは〜ん,こひねがはくは〜ん｜こひねがわくは〜ん,形と読みを一まとまりで覚える。標準的な読みは「こひねがはくは〜ん」。,なし,なし,なし,なし,なし,なし,なし,なし,大学受験漢文・句形句法一覧（標準形の照合）,https://lawcityblog.com/kanbun-kukei-list/,なし
漢文_Deck1_最重要句法・語彙_250項目,CC-000144,144,Deck1_最重要句法・語彙,句法,願望,庶幾〜,こひねがはくは〜ん,なし,願望形,形=庶幾〜;読み=こひねがはくは〜ん;意味=どうか〜であってほしい,CC-000144-C02,meaning,句形の意味,「庶幾〜」の基本的な意味を答えよ。,どうか〜であってほしい,どうか〜であってほしい,訳の核は「どうか〜であってほしい」。本文では前後関係に合わせて自然な日本語へ整える。,なし,なし,なし,なし,なし,なし,なし,なし,大学受験漢文・句形句法一覧（標準形の照合）,https://lawcityblog.com/kanbun-kukei-list/,なし
漢文_Deck1_最重要句法・語彙_250項目,CC-000145,145,Deck1_最重要句法・語彙,句法,詠嘆,嗚呼・嗟乎,ああ,噫｜嗟｜嗚乎,感動詞,形=嗚呼・嗟乎;読み=ああ;意味=ああ,CC-000145-C01,reading,句形の読み,「嗚呼・嗟乎」はどう読むか。,ああ,ああ,形と読みを一まとまりで覚える。標準的な読みは「ああ」。,なし,なし,なし,なし,なし,なし,なし,なし,大学受験漢文・句形句法一覧（標準形の照合）,https://lawcityblog.com/kanbun-kukei-list/,なし
漢文_Deck1_最重要句法・語彙_250項目,CC-000145,145,Deck1_最重要句法・語彙,句法,詠嘆,嗚呼・嗟乎,ああ,噫｜嗟｜嗚乎,感動詞,形=嗚呼・嗟乎;読み=ああ;意味=ああ,CC-000145-C02,meaning,句形の意味,「嗚呼・嗟乎」の基本的な意味を答えよ。,ああ,ああ,訳の核は「ああ」。本文では前後関係に合わせて自然な日本語へ整える。,なし,なし,なし,なし,なし,なし,なし,なし,大学受験漢文・句形句法一覧（標準形の照合）,https://lawcityblog.com/kanbun-kukei-list/,なし
漢文_Deck1_最重要句法・語彙_250項目,CC-000146,146,Deck1_最重要句法・語彙,句法,詠嘆,〜哉（詠嘆）,〜かな,なし,詠嘆形,形=〜哉（詠嘆）;読み=〜かな;意味=〜だなあ,CC-000146-C01,reading,句形の読み,「〜哉（詠嘆）」はどう読むか。,〜かな,〜かな,形と読みを一まとまりで覚える。標準的な読みは「〜かな」。,なし,なし,なし,なし,なし,なし,なし,なし,大学受験漢文・句形句法一覧（標準形の照合）,https://lawcityblog.com/kanbun-kukei-list/,なし
漢文_Deck1_最重要句法・語彙_250項目,CC-000146,146,Deck1_最重要句法・語彙,句法,詠嘆,〜哉（詠嘆）,〜かな,なし,詠嘆形,形=〜哉（詠嘆）;読み=〜かな;意味=〜だなあ,CC-000146-C02,meaning,句形の意味,「〜哉（詠嘆）」の基本的な意味を答えよ。,〜だなあ,〜だなあ,訳の核は「〜だなあ」。本文では前後関係に合わせて自然な日本語へ整える。,なし,なし,なし,なし,なし,なし,なし,なし,大学受験漢文・句形句法一覧（標準形の照合）,https://lawcityblog.com/kanbun-kukei-list/,なし
漢文_Deck1_最重要句法・語彙_250項目,CC-000147,147,Deck1_最重要句法・語彙,句法,詠嘆,〜夫（詠嘆）,〜かな,なし,詠嘆形,形=〜夫（詠嘆）;読み=〜かな;意味=〜だなあ,CC-000147-C01,reading,句形の読み,「〜夫（詠嘆）」はどう読むか。,〜かな,〜かな,形と読みを一まとまりで覚える。標準的な読みは「〜かな」。,なし,なし,なし,なし,なし,なし,なし,なし,大学受験漢文・句形句法一覧（標準形の照合）,https://lawcityblog.com/kanbun-kukei-list/,なし
漢文_Deck1_最重要句法・語彙_250項目,CC-000147,147,Deck1_最重要句法・語彙,句法,詠嘆,〜夫（詠嘆）,〜かな,なし,詠嘆形,形=〜夫（詠嘆）;読み=〜かな;意味=〜だなあ,CC-000147-C02,meaning,句形の意味,「〜夫（詠嘆）」の基本的な意味を答えよ。,〜だなあ,〜だなあ,訳の核は「〜だなあ」。本文では前後関係に合わせて自然な日本語へ整える。,なし,なし,なし,なし,なし,なし,なし,なし,大学受験漢文・句形句法一覧（標準形の照合）,https://lawcityblog.com/kanbun-kukei-list/,なし
漢文_Deck1_最重要句法・語彙_250項目,CC-000148,148,Deck1_最重要句法・語彙,句法,詠嘆・完了,〜矣（詠嘆・完了）,〜かな／〜たり,なし,終尾形,形=〜矣（詠嘆・完了）;読み=〜かな／〜たり;意味=〜だなあ／〜した,CC-000148-C01,reading,句形の読み,「〜矣（詠嘆・完了）」の代表的な読みを2つ答えよ。,〜かな／〜たり,〜かな／〜たり,形と読みを一まとまりで覚える。標準的な読みは「〜かな／〜たり」。,なし,なし,なし,なし,なし,なし,なし,なし,大学受験漢文・句形句法一覧（標準形の照合）,https://lawcityblog.com/kanbun-kukei-list/,なし
漢文_Deck1_最重要句法・語彙_250項目,CC-000148,148,Deck1_最重要句法・語彙,句法,詠嘆・完了,〜矣（詠嘆・完了）,〜かな／〜たり,なし,終尾形,形=〜矣（詠嘆・完了）;読み=〜かな／〜たり;意味=〜だなあ／〜した,CC-000148-C02,meaning,句形の意味,「〜矣（詠嘆・完了）」の主な意味を2つ答えよ。,〜だなあ／〜した,〜だなあ／〜した,訳の核は「〜だなあ／〜した」。本文では前後関係に合わせて自然な日本語へ整える。,なし,なし,なし,なし,なし,なし,なし,なし,大学受験漢文・句形句法一覧（標準形の照合）,https://lawcityblog.com/kanbun-kukei-list/,なし
漢文_Deck1_最重要句法・語彙_250項目,CC-000149,149,Deck1_最重要句法・語彙,句法,詠嘆,何其〜也,なんぞその〜や,なし,詠嘆形,形=何其〜也;読み=なんぞその〜や;意味=なんとまあ〜なことよ,CC-000149-C01,reading,句形の読み,「何其〜也」はどう読むか。,なんぞその〜や,なんぞその〜や,形と読みを一まとまりで覚える。標準的な読みは「なんぞその〜や」。,なし,なし,なし,なし,なし,何〜（理由疑問）,何其は理由疑問でなく「なんとまあ」という詠嘆。,なし,大学受験漢文・句形句法一覧（標準形の照合）,https://lawcityblog.com/kanbun-kukei-list/,なし
漢文_Deck1_最重要句法・語彙_250項目,CC-000149,149,Deck1_最重要句法・語彙,句法,詠嘆,何其〜也,なんぞその〜や,なし,詠嘆形,形=何其〜也;読み=なんぞその〜や;意味=なんとまあ〜なことよ,CC-000149-C02,meaning,句形の意味,「何其〜也」の基本的な意味を答えよ。,なんとまあ〜なことよ,なんとまあ〜なことよ,訳の核は「なんとまあ〜なことよ」。本文では前後関係に合わせて自然な日本語へ整える。,なし,なし,なし,なし,なし,何〜（理由疑問）,何其は理由疑問でなく「なんとまあ」という詠嘆。,なし,大学受験漢文・句形句法一覧（標準形の照合）,https://lawcityblog.com/kanbun-kukei-list/,なし
漢文_Deck1_最重要句法・語彙_250項目,CC-000150,150,Deck1_最重要句法・語彙,句法,詠嘆・倒置,甚矣〜也,はなはだしきかな〜や,なし,倒置詠嘆,形=甚矣〜也;読み=はなはだしきかな〜や;意味=なんと甚だしいことよ、〜は,CC-000150-C01,reading,句形の読み,「甚矣〜也」はどう読むか。,はなはだしきかな〜や,はなはだしきかな〜や,形と読みを一まとまりで覚える。標準的な読みは「はなはだしきかな〜や」。,なし,なし,なし,なし,なし,なし,なし,なし,大学受験漢文・句形句法一覧（標準形の照合）,https://lawcityblog.com/kanbun-kukei-list/,なし
漢文_Deck1_最重要句法・語彙_250項目,CC-000150,150,Deck1_最重要句法・語彙,句法,詠嘆・倒置,甚矣〜也,はなはだしきかな〜や,なし,倒置詠嘆,形=甚矣〜也;読み=はなはだしきかな〜や;意味=なんと甚だしいことよ、〜は,CC-000150-C02,meaning,句形の意味,「甚矣〜也」の基本的な意味を答えよ。,なんと甚だしいことよ、〜は,なんと甚だしいことよ、〜は,訳の核は「なんと甚だしいことよ、〜は」。本文では前後関係に合わせて自然な日本語へ整える。,なし,なし,なし,なし,なし,なし,なし,なし,大学受験漢文・句形句法一覧（標準形の照合）,https://lawcityblog.com/kanbun-kukei-list/,なし
漢文_Deck1_最重要句法・語彙_250項目,CC-000151,151,Deck1_最重要句法・語彙,句法,抑揚,A且〜況B乎,えーすらかつ〜いはんやびーをや,なし,抑揚形,形=A且〜況B乎;読み=Aすらかつ〜いはんやBをや;意味=Aでさえ〜、ましてBはなおさらだ,CC-000151-C01,reading,句形の読み,「A且〜況B乎」はどう読むか。,Aすらかつ〜いはんやBをや,Aすらかつ〜いはんやBをや｜えーすらかつ〜いはんやびーをや｜Aすらかつ〜いわんやBをや,形と読みを一まとまりで覚える。標準的な読みは「Aすらかつ〜いはんやBをや」。,なし,なし,なし,なし,なし,なし,なし,重心は後半のB。,大学受験漢文・句形句法一覧（標準形の照合）,https://lawcityblog.com/kanbun-kukei-list/,なし
漢文_Deck1_最重要句法・語彙_250項目,CC-000151,151,Deck1_最重要句法・語彙,句法,抑揚,A且〜況B乎,えーすらかつ〜いはんやびーをや,なし,抑揚形,形=A且〜況B乎;読み=Aすらかつ〜いはんやBをや;意味=Aでさえ〜、ましてBはなおさらだ,CC-000151-C02,meaning,句形の意味,「A且〜況B乎」の基本的な意味を答えよ。,Aでさえ〜、ましてBはなおさらだ,Aでさえ〜、ましてBはなおさらだ,訳の核は「Aでさえ〜、ましてBはなおさらだ」。本文では前後関係に合わせて自然な日本語へ整える。,なし,なし,なし,なし,なし,なし,なし,重心は後半のB。,大学受験漢文・句形句法一覧（標準形の照合）,https://lawcityblog.com/kanbun-kukei-list/,なし
漢文_Deck1_最重要句法・語彙_250項目,CC-000152,152,Deck1_最重要句法・語彙,句法,抑揚,猶A況B乎,なほえーいはんやびーをや,なし,抑揚形,形=猶A況B乎;読み=なほAいはんやBをや;意味=Aでさえ〜、ましてBはなおさらだ,CC-000152-C01,reading,句形の読み,「猶A況B乎」はどう読むか。,なほAいはんやBをや,なほAいはんやBをや｜なほえーいはんやびーをや｜なおAいわんやBをや,形と読みを一まとまりで覚える。標準的な読みは「なほAいはんやBをや」。,なし,なし,なし,なし,なし,なし,なし,重心は後半のB。,大学受験漢文・句形句法一覧（標準形の照合）,https://lawcityblog.com/kanbun-kukei-list/,なし
漢文_Deck1_最重要句法・語彙_250項目,CC-000152,152,Deck1_最重要句法・語彙,句法,抑揚,猶A況B乎,なほえーいはんやびーをや,なし,抑揚形,形=猶A況B乎;読み=なほAいはんやBをや;意味=Aでさえ〜、ましてBはなおさらだ,CC-000152-C02,meaning,句形の意味,「猶A況B乎」の基本的な意味を答えよ。,Aでさえ〜、ましてBはなおさらだ,Aでさえ〜、ましてBはなおさらだ,訳の核は「Aでさえ〜、ましてBはなおさらだ」。本文では前後関係に合わせて自然な日本語へ整える。,なし,なし,なし,なし,なし,なし,なし,重心は後半のB。,大学受験漢文・句形句法一覧（標準形の照合）,https://lawcityblog.com/kanbun-kukei-list/,なし
漢文_Deck1_最重要句法・語彙_250項目,CC-000153,153,Deck1_最重要句法・語彙,句法,抑揚,況〜乎,いはんや〜をや,なし,抑揚形,形=況〜乎;読み=いはんや〜をや;意味=まして〜はなおさらだ,CC-000153-C01,reading,句形の読み,「況〜乎」はどう読むか。,いはんや〜をや,いはんや〜をや｜いわんや〜をや,形と読みを一まとまりで覚える。標準的な読みは「いはんや〜をや」。,なし,なし,なし,なし,なし,なし,なし,なし,大学受験漢文・句形句法一覧（標準形の照合）,https://lawcityblog.com/kanbun-kukei-list/,なし
漢文_Deck1_最重要句法・語彙_250項目,CC-000153,153,Deck1_最重要句法・語彙,句法,抑揚,況〜乎,いはんや〜をや,なし,抑揚形,形=況〜乎;読み=いはんや〜をや;意味=まして〜はなおさらだ,CC-000153-C02,meaning,句形の意味,「況〜乎」の基本的な意味を答えよ。,まして〜はなおさらだ,まして〜はなおさらだ,訳の核は「まして〜はなおさらだ」。本文では前後関係に合わせて自然な日本語へ整える。,なし,なし,なし,なし,なし,なし,なし,なし,大学受験漢文・句形句法一覧（標準形の照合）,https://lawcityblog.com/kanbun-kukei-list/,なし
漢文_Deck1_最重要句法・語彙_250項目,CC-000154,154,Deck1_最重要句法・語彙,句法,選択,与其A寧B,そのえーせんよりはむしろびー,なし,選択形,形=与其A寧B;読み=そのAせんよりはむしろB;意味=Aするくらいなら、むしろBがよい,CC-000154-C01,reading,句形の読み,「与其A寧B」はどう読むか。,そのAせんよりはむしろB,そのAせんよりはむしろB｜そのえーせんよりはむしろびー,形と読みを一まとまりで覚える。標準的な読みは「そのAせんよりはむしろB」。,なし,なし,なし,なし,なし,なし,なし,なし,大学受験漢文・句形句法一覧（標準形の照合）,https://lawcityblog.com/kanbun-kukei-list/,なし
漢文_Deck1_最重要句法・語彙_250項目,CC-000154,154,Deck1_最重要句法・語彙,句法,選択,与其A寧B,そのえーせんよりはむしろびー,なし,選択形,形=与其A寧B;読み=そのAせんよりはむしろB;意味=Aするくらいなら、むしろBがよい,CC-000154-C02,meaning,句形の意味,「与其A寧B」の基本的な意味を答えよ。,Aするくらいなら、むしろBがよい,Aするくらいなら、むしろBがよい,訳の核は「Aするくらいなら、むしろBがよい」。本文では前後関係に合わせて自然な日本語へ整える。,なし,なし,なし,なし,なし,なし,なし,なし,大学受験漢文・句形句法一覧（標準形の照合）,https://lawcityblog.com/kanbun-kukei-list/,なし
漢文_Deck1_最重要句法・語彙_250項目,CC-000155,155,Deck1_最重要句法・語彙,句法,選択,与其A孰若B,そのえーせんよりはいづれかびーにしかん,なし,選択形,形=与其A孰若B;読み=そのAせんよりはいづれかBにしかん;意味=Aするくらいなら、Bのほうがよい,CC-000155-C01,reading,句形の読み,「与其A孰若B」はどう読むか。,そのAせんよりはいづれかBにしかん,そのAせんよりはいづれかBにしかん｜そのえーせんよりはいづれかびーにしかん｜そのAせんよりはいずれかBにしかん,形と読みを一まとまりで覚える。標準的な読みは「そのAせんよりはいづれかBにしかん」。,なし,なし,なし,なし,なし,なし,なし,なし,大学受験漢文・句形句法一覧（標準形の照合）,https://lawcityblog.com/kanbun-kukei-list/,なし
漢文_Deck1_最重要句法・語彙_250項目,CC-000155,155,Deck1_最重要句法・語彙,句法,選択,与其A孰若B,そのえーせんよりはいづれかびーにしかん,なし,選択形,形=与其A孰若B;読み=そのAせんよりはいづれかBにしかん;意味=Aするくらいなら、Bのほうがよい,CC-000155-C02,meaning,句形の意味,「与其A孰若B」の基本的な意味を答えよ。,Aするくらいなら、Bのほうがよい,Aするくらいなら、Bのほうがよい,訳の核は「Aするくらいなら、Bのほうがよい」。本文では前後関係に合わせて自然な日本語へ整える。,なし,なし,なし,なし,なし,なし,なし,なし,大学受験漢文・句形句法一覧（標準形の照合）,https://lawcityblog.com/kanbun-kukei-list/,なし
漢文_Deck1_最重要句法・語彙_250項目,CC-000156,156,Deck1_最重要句法・語彙,句法,選択,寧A無B,むしろえーするともびーするなかれ,なし,選択形,形=寧A無B;読み=むしろAするともBするなかれ;意味=いっそAしても、Bはするな,CC-000156-C01,reading,句形の読み,「寧A無B」はどう読むか。,むしろAするともBするなかれ,むしろAするともBするなかれ｜むしろえーするともびーするなかれ,形と読みを一まとまりで覚える。標準的な読みは「むしろAするともBするなかれ」。,なし,なし,なし,なし,なし,なし,なし,なし,大学受験漢文・句形句法一覧（標準形の照合）,https://lawcityblog.com/kanbun-kukei-list/,なし
漢文_Deck1_最重要句法・語彙_250項目,CC-000156,156,Deck1_最重要句法・語彙,句法,選択,寧A無B,むしろえーするともびーするなかれ,なし,選択形,形=寧A無B;読み=むしろAするともBするなかれ;意味=いっそAしても、Bはするな,CC-000156-C02,meaning,句形の意味,「寧A無B」の基本的な意味を答えよ。,いっそAしても、Bはするな,いっそAしても、Bはするな,訳の核は「いっそAしても、Bはするな」。本文では前後関係に合わせて自然な日本語へ整える。,なし,なし,なし,なし,なし,なし,なし,なし,大学受験漢文・句形句法一覧（標準形の照合）,https://lawcityblog.com/kanbun-kukei-list/,なし
漢文_Deck1_最重要句法・語彙_250項目,CC-000157,157,Deck1_最重要句法・語彙,句法,判断,A者B也,えーはびーなり,なし,判断形,形=A者B也;読み=AはBなり;意味=AはBである,CC-000157-C01,reading,句形の読み,「A者B也」はどう読むか。,AはBなり,AはBなり｜えーはびーなり,形と読みを一まとまりで覚える。標準的な読みは「AはBなり」。,なし,なし,なし,なし,なし,所以A者B也,A者B也は単純判断、所以〜者〜也は理由説明。,なし,大学受験漢文・句形句法一覧（標準形の照合）,https://lawcityblog.com/kanbun-kukei-list/,なし
漢文_Deck1_最重要句法・語彙_250項目,CC-000157,157,Deck1_最重要句法・語彙,句法,判断,A者B也,えーはびーなり,なし,判断形,形=A者B也;読み=AはBなり;意味=AはBである,CC-000157-C02,meaning,句形の意味,「A者B也」の基本的な意味を答えよ。,AはBである,AはBである,訳の核は「AはBである」。本文では前後関係に合わせて自然な日本語へ整える。,なし,なし,なし,なし,なし,所以A者B也,A者B也は単純判断、所以〜者〜也は理由説明。,なし,大学受験漢文・句形句法一覧（標準形の照合）,https://lawcityblog.com/kanbun-kukei-list/,なし
漢文_Deck1_最重要句法・語彙_250項目,CC-000158,158,Deck1_最重要句法・語彙,句法,目的語前置,唯A是B,ただえーをこれびーす,なし,倒置形,形=唯A是B;読み=ただAをこれBす;意味=ただAだけをBする,CC-000158-C01,reading,句形の読み,「唯A是B」はどう読むか。,ただAをこれBす,ただAをこれBす｜ただえーをこれびーす,形と読みを一まとまりで覚える。標準的な読みは「ただAをこれBす」。,なし,なし,なし,なし,なし,なし,なし,なし,大学受験漢文・句形句法一覧（標準形の照合）,https://lawcityblog.com/kanbun-kukei-list/,なし
漢文_Deck1_最重要句法・語彙_250項目,CC-000158,158,Deck1_最重要句法・語彙,句法,目的語前置,唯A是B,ただえーをこれびーす,なし,倒置形,形=唯A是B;読み=ただAをこれBす;意味=ただAだけをBする,CC-000158-C02,meaning,句形の意味,「唯A是B」の基本的な意味を答えよ。,ただAだけをBする,ただAだけをBする,訳の核は「ただAだけをBする」。本文では前後関係に合わせて自然な日本語へ整える。,なし,なし,なし,なし,なし,なし,なし,なし,大学受験漢文・句形句法一覧（標準形の照合）,https://lawcityblog.com/kanbun-kukei-list/,なし
漢文_Deck1_最重要句法・語彙_250項目,CC-000159,159,Deck1_最重要句法・語彙,句法,評価・判断,可謂A矣,えーといふべし,なし,可能判断形,形=可謂A矣;読み=Aといふべし;意味=Aと言うことができる,CC-000159-C01,reading,句形の読み,「可謂A矣」はどう読むか。,Aといふべし,Aといふべし｜えーといふべし｜Aというべし,形と読みを一まとまりで覚える。標準的な読みは「Aといふべし」。,なし,なし,なし,なし,なし,なし,なし,なし,大学受験漢文・句形句法一覧（標準形の照合）,https://lawcityblog.com/kanbun-kukei-list/,なし
漢文_Deck1_最重要句法・語彙_250項目,CC-000159,159,Deck1_最重要句法・語彙,句法,評価・判断,可謂A矣,えーといふべし,なし,可能判断形,形=可謂A矣;読み=Aといふべし;意味=Aと言うことができる,CC-000159-C02,meaning,句形の意味,「可謂A矣」の基本的な意味を答えよ。,Aと言うことができる,Aと言うことができる,訳の核は「Aと言うことができる」。本文では前後関係に合わせて自然な日本語へ整える。,なし,なし,なし,なし,なし,なし,なし,なし,大学受験漢文・句形句法一覧（標準形の照合）,https://lawcityblog.com/kanbun-kukei-list/,なし
漢文_Deck1_最重要句法・語彙_250項目,CC-000160,160,Deck1_最重要句法・語彙,句法,理由説明,A所以B者C也,えーのびーするゆゑんのものはしーなり,なし,理由説明形,形=A所以B者C也;読み=AのBするゆゑんのものはCなり;意味=AがBする理由はCである,CC-000160-C01,reading,句形の読み,「A所以B者C也」はどう読むか。,AのBするゆゑんのものはCなり,AのBするゆゑんのものはCなり｜えーのびーするゆゑんのものはしーなり｜AのBするゆえんのものはCなり,形と読みを一まとまりで覚える。標準的な読みは「AのBするゆゑんのものはCなり」。,なし,なし,なし,なし,なし,なし,なし,なし,大学受験漢文・句形句法一覧（標準形の照合）,https://lawcityblog.com/kanbun-kukei-list/,なし
漢文_Deck1_最重要句法・語彙_250項目,CC-000160,160,Deck1_最重要句法・語彙,句法,理由説明,A所以B者C也,えーのびーするゆゑんのものはしーなり,なし,理由説明形,形=A所以B者C也;読み=AのBするゆゑんのものはCなり;意味=AがBする理由はCである,CC-000160-C02,meaning,句形の意味,「A所以B者C也」の基本的な意味を答えよ。,AがBする理由はCである,AがBする理由はCである,訳の核は「AがBする理由はCである」。本文では前後関係に合わせて自然な日本語へ整える。,なし,なし,なし,なし,なし,なし,なし,なし,大学受験漢文・句形句法一覧（標準形の照合）,https://lawcityblog.com/kanbun-kukei-list/,なし
漢文_Deck1_最重要句法・語彙_250項目,CC-000161,161,Deck1_最重要句法・語彙,重要語,指示・機能語,之,これ／の／ゆく,なし,多義語,形=之;読み=これ／の／ゆく;意味=これ・この・目的語を示す代名詞／〜の／行く,CC-000161-C01,reading,重要語の読み,「之」の代表的な読みを3つ答えよ。,これ／の／ゆく,これ／の／ゆく,形と読みを一まとまりで覚える。標準的な読みは「これ／の／ゆく」。,なし,なし,なし,なし,なし,なし,なし,なし,大学入試漢文・頻出漢字（語義の照合）,https://cafetalk.com/column/read/?id=325787&lang=ja,なし
漢文_Deck1_最重要句法・語彙_250項目,CC-000161,161,Deck1_最重要句法・語彙,重要語,指示・機能語,之,これ／の／ゆく,なし,多義語,形=之;読み=これ／の／ゆく;意味=これ・この・目的語を示す代名詞／〜の／行く,CC-000161-C02,meaning,重要語の意味,「之」の主な意味を3つ答えよ。,これ・この・目的語を示す代名詞／〜の／行く,これ・この・目的語を示す代名詞／〜の／行く,訳の核は「これ・この・目的語を示す代名詞／〜の／行く」。本文では前後関係に合わせて自然な日本語へ整える。,なし,なし,なし,なし,なし,なし,なし,なし,大学入試漢文・頻出漢字（語義の照合）,https://cafetalk.com/column/read/?id=325787&lang=ja,なし
漢文_Deck1_最重要句法・語彙_250項目,CC-000162,162,Deck1_最重要句法・語彙,重要語,指示・機能語,其,その／それ,なし,多義語,形=其;読み=その／それ;意味=その・それ／文頭で推量・反語の語気を添える,CC-000162-C01,reading,重要語の読み,「其」の代表的な読みを2つ答えよ。,その／それ,その／それ,形と読みを一まとまりで覚える。標準的な読みは「その／それ」。,なし,なし,なし,なし,なし,なし,なし,なし,大学入試漢文・頻出漢字（語義の照合）,https://cafetalk.com/column/read/?id=325787&lang=ja,なし
漢文_Deck1_最重要句法・語彙_250項目,CC-000162,162,Deck1_最重要句法・語彙,重要語,指示・機能語,其,その／それ,なし,多義語,形=其;読み=その／それ;意味=その・それ／文頭で推量・反語の語気を添える,CC-000162-C02,meaning,重要語の意味,「其」の主な意味を2つ答えよ。,その・それ／文頭で推量・反語の語気を添える,その・それ／文頭で推量・反語の語気を添える,訳の核は「その・それ／文頭で推量・反語の語気を添える」。本文では前後関係に合わせて自然な日本語へ整える。,なし,なし,なし,なし,なし,なし,なし,なし,大学入試漢文・頻出漢字（語義の照合）,https://cafetalk.com/column/read/?id=325787&lang=ja,なし
漢文_Deck1_最重要句法・語彙_250項目,CC-000163,163,Deck1_最重要句法・語彙,重要語,指示語,此,これ／ここ,なし,指示語,形=此;読み=これ／ここ;意味=これ・この／ここ,CC-000163-C01,reading,重要語の読み,「此」の代表的な読みを2つ答えよ。,これ／ここ,これ／ここ,形と読みを一まとまりで覚える。標準的な読みは「これ／ここ」。,なし,なし,なし,なし,なし,なし,なし,なし,大学入試漢文・頻出漢字（語義の照合）,https://cafetalk.com/column/read/?id=325787&lang=ja,なし
漢文_Deck1_最重要句法・語彙_250項目,CC-000163,163,Deck1_最重要句法・語彙,重要語,指示語,此,これ／ここ,なし,指示語,形=此;読み=これ／ここ;意味=これ・この／ここ,CC-000163-C02,meaning,重要語の意味,「此」の主な意味を2つ答えよ。,これ・この／ここ,これ・この／ここ,訳の核は「これ・この／ここ」。本文では前後関係に合わせて自然な日本語へ整える。,なし,なし,なし,なし,なし,なし,なし,なし,大学入試漢文・頻出漢字（語義の照合）,https://cafetalk.com/column/read/?id=325787&lang=ja,なし
漢文_Deck1_最重要句法・語彙_250項目,CC-000164,164,Deck1_最重要句法・語彙,重要語,指示・判断,是,これ／ぜとす,なし,多義語,形=是;読み=これ／ぜとす;意味=これ／正しいと認める,CC-000164-C01,reading,重要語の読み,「是」の代表的な読みを2つ答えよ。,これ／ぜとす,これ／ぜとす,形と読みを一まとまりで覚える。標準的な読みは「これ／ぜとす」。,なし,なし,なし,なし,なし,なし,なし,なし,大学入試漢文・頻出漢字（語義の照合）,https://cafetalk.com/column/read/?id=325787&lang=ja,なし
漢文_Deck1_最重要句法・語彙_250項目,CC-000164,164,Deck1_最重要句法・語彙,重要語,指示・判断,是,これ／ぜとす,なし,多義語,形=是;読み=これ／ぜとす;意味=これ／正しいと認める,CC-000164-C02,meaning,重要語の意味,「是」の主な意味を2つ答えよ。,これ／正しいと認める,これ／正しいと認める,訳の核は「これ／正しいと認める」。本文では前後関係に合わせて自然な日本語へ整える。,なし,なし,なし,なし,なし,なし,なし,なし,大学入試漢文・頻出漢字（語義の照合）,https://cafetalk.com/column/read/?id=325787&lang=ja,なし
漢文_Deck1_最重要句法・語彙_250項目,CC-000165,165,Deck1_最重要句法・語彙,重要語,指示語,斯,これ／ここに,なし,多義語,形=斯;読み=これ／ここに;意味=これ・この／そこで,CC-000165-C01,reading,重要語の読み,「斯」の代表的な読みを2つ答えよ。,これ／ここに,これ／ここに,形と読みを一まとまりで覚える。標準的な読みは「これ／ここに」。,なし,なし,なし,なし,なし,なし,なし,なし,大学入試漢文・頻出漢字（語義の照合）,https://cafetalk.com/column/read/?id=325787&lang=ja,なし
漢文_Deck1_最重要句法・語彙_250項目,CC-000165,165,Deck1_最重要句法・語彙,重要語,指示語,斯,これ／ここに,なし,多義語,形=斯;読み=これ／ここに;意味=これ・この／そこで,CC-000165-C02,meaning,重要語の意味,「斯」の主な意味を2つ答えよ。,これ・この／そこで,これ・この／そこで,訳の核は「これ・この／そこで」。本文では前後関係に合わせて自然な日本語へ整える。,なし,なし,なし,なし,なし,なし,なし,なし,大学入試漢文・頻出漢字（語義の照合）,https://cafetalk.com/column/read/?id=325787&lang=ja,なし
漢文_Deck1_最重要句法・語彙_250項目,CC-000166,166,Deck1_最重要句法・語彙,重要語,指示語,彼,かれ／かの,なし,指示語,形=彼;読み=かれ／かの;意味=あの人・あれ／あの,CC-000166-C01,reading,重要語の読み,「彼」の代表的な読みを2つ答えよ。,かれ／かの,かれ／かの,形と読みを一まとまりで覚える。標準的な読みは「かれ／かの」。,なし,なし,なし,なし,なし,なし,なし,なし,大学入試漢文・頻出漢字（語義の照合）,https://cafetalk.com/column/read/?id=325787&lang=ja,なし
漢文_Deck1_最重要句法・語彙_250項目,CC-000166,166,Deck1_最重要句法・語彙,重要語,指示語,彼,かれ／かの,なし,指示語,形=彼;読み=かれ／かの;意味=あの人・あれ／あの,CC-000166-C02,meaning,重要語の意味,「彼」の主な意味を2つ答えよ。,あの人・あれ／あの,あの人・あれ／あの,訳の核は「あの人・あれ／あの」。本文では前後関係に合わせて自然な日本語へ整える。,なし,なし,なし,なし,なし,なし,なし,なし,大学入試漢文・頻出漢字（語義の照合）,https://cafetalk.com/column/read/?id=325787&lang=ja,なし
漢文_Deck1_最重要句法・語彙_250項目,CC-000167,167,Deck1_最重要句法・語彙,重要語,機能語,者,もの／は,なし,名詞化・提示語,形=者;読み=もの／は;意味=〜する人・もの／話題を示す,CC-000167-C01,reading,重要語の読み,「者」の代表的な読みを2つ答えよ。,もの／は,もの／は,形と読みを一まとまりで覚える。標準的な読みは「もの／は」。,なし,なし,なし,なし,なし,なし,なし,なし,大学入試漢文・頻出漢字（語義の照合）,https://cafetalk.com/column/read/?id=325787&lang=ja,なし
漢文_Deck1_最重要句法・語彙_250項目,CC-000167,167,Deck1_最重要句法・語彙,重要語,機能語,者,もの／は,なし,名詞化・提示語,形=者;読み=もの／は;意味=〜する人・もの／話題を示す,CC-000167-C02,meaning,重要語の意味,「者」の主な意味を2つ答えよ。,〜する人・もの／話題を示す,〜する人・もの／話題を示す,訳の核は「〜する人・もの／話題を示す」。本文では前後関係に合わせて自然な日本語へ整える。,なし,なし,なし,なし,なし,なし,なし,なし,大学入試漢文・頻出漢字（語義の照合）,https://cafetalk.com/column/read/?id=325787&lang=ja,なし
漢文_Deck1_最重要句法・語彙_250項目,CC-000168,168,Deck1_最重要句法・語彙,重要語,機能語,所,ところ,なし,所字,形=所;読み=ところ;意味=〜すること・もの・場所,CC-000168-C01,reading,重要語の読み,「所」はどう読むか。,ところ,ところ,形と読みを一まとまりで覚える。標準的な読みは「ところ」。,なし,なし,なし,なし,なし,なし,なし,なし,大学入試漢文・頻出漢字（語義の照合）,https://cafetalk.com/column/read/?id=325787&lang=ja,なし
漢文_Deck1_最重要句法・語彙_250項目,CC-000168,168,Deck1_最重要句法・語彙,重要語,機能語,所,ところ,なし,所字,形=所;読み=ところ;意味=〜すること・もの・場所,CC-000168-C02,meaning,重要語の意味,「所」の基本的な意味を答えよ。,〜すること・もの・場所,〜すること・もの・場所,訳の核は「〜すること・もの・場所」。本文では前後関係に合わせて自然な日本語へ整える。,なし,なし,なし,なし,なし,なし,なし,なし,大学入試漢文・頻出漢字（語義の照合）,https://cafetalk.com/column/read/?id=325787&lang=ja,なし
漢文_Deck1_最重要句法・語彙_250項目,CC-000169,169,Deck1_最重要句法・語彙,重要語,機能語,以,もつて／ゆゑに,なし,多義語,形=以;読み=もつて／ゆゑに;意味=〜を用いて／〜のために・〜ので,CC-000169-C01,reading,重要語の読み,「以」の代表的な読みを2つ答えよ。,もつて／ゆゑに,もつて／ゆゑに｜もつて／ゆえに,形と読みを一まとまりで覚える。標準的な読みは「もつて／ゆゑに」。,なし,なし,なし,なし,なし,なし,なし,なし,大学入試漢文・頻出漢字（語義の照合）,https://cafetalk.com/column/read/?id=325787&lang=ja,なし
漢文_Deck1_最重要句法・語彙_250項目,CC-000169,169,Deck1_最重要句法・語彙,重要語,機能語,以,もつて／ゆゑに,なし,多義語,形=以;読み=もつて／ゆゑに;意味=〜を用いて／〜のために・〜ので,CC-000169-C02,meaning,重要語の意味,「以」の主な意味を2つ答えよ。,〜を用いて／〜のために・〜ので,〜を用いて／〜のために・〜ので,訳の核は「〜を用いて／〜のために・〜ので」。本文では前後関係に合わせて自然な日本語へ整える。,なし,なし,なし,なし,なし,なし,なし,なし,大学入試漢文・頻出漢字（語義の照合）,https://cafetalk.com/column/read/?id=325787&lang=ja,なし
漢文_Deck1_最重要句法・語彙_250項目,CC-000170,170,Deck1_最重要句法・語彙,重要語,機能語,為,なす／ために／たり／る・らる,なし,多義語,形=為;読み=なす／ために／たり／る・らる;意味=する・なる／〜のために／〜である／〜される,CC-000170-C01,reading,重要語の読み,「為」の代表的な読みを4つ答えよ。,なす／ために／たり／る・らる,なす／ために／たり／る・らる,形と読みを一まとまりで覚える。標準的な読みは「なす／ために／たり／る・らる」。,なし,なし,なし,なし,なし,なし,なし,なし,大学入試漢文・頻出漢字（語義の照合）,https://cafetalk.com/column/read/?id=325787&lang=ja,なし
漢文_Deck1_最重要句法・語彙_250項目,CC-000170,170,Deck1_最重要句法・語彙,重要語,機能語,為,なす／ために／たり／る・らる,なし,多義語,形=為;読み=なす／ために／たり／る・らる;意味=する・なる／〜のために／〜である／〜される,CC-000170-C02,meaning,重要語の意味,「為」の主な意味を4つ答えよ。,する・なる／〜のために／〜である／〜される,する・なる／〜のために／〜である／〜される,訳の核は「する・なる／〜のために／〜である／〜される」。本文では前後関係に合わせて自然な日本語へ整える。,なし,なし,なし,なし,なし,なし,なし,なし,大学入試漢文・頻出漢字（語義の照合）,https://cafetalk.com/column/read/?id=325787&lang=ja,なし
漢文_Deck1_最重要句法・語彙_250項目,CC-000171,171,Deck1_最重要句法・語彙,重要語,機能語,与,と／あたふ／か,なし,多義語,形=与;読み=と／あたふ／か;意味=〜と一緒に／与える／疑問の助字,CC-000171-C01,reading,重要語の読み,「与」の代表的な読みを3つ答えよ。,と／あたふ／か,と／あたふ／か,形と読みを一まとまりで覚える。標準的な読みは「と／あたふ／か」。,なし,なし,なし,なし,なし,なし,なし,なし,大学入試漢文・頻出漢字（語義の照合）,https://cafetalk.com/column/read/?id=325787&lang=ja,なし
漢文_Deck1_最重要句法・語彙_250項目,CC-000171,171,Deck1_最重要句法・語彙,重要語,機能語,与,と／あたふ／か,なし,多義語,形=与;読み=と／あたふ／か;意味=〜と一緒に／与える／疑問の助字,CC-000171-C02,meaning,重要語の意味,「与」の主な意味を3つ答えよ。,〜と一緒に／与える／疑問の助字,〜と一緒に／与える／疑問の助字,訳の核は「〜と一緒に／与える／疑問の助字」。本文では前後関係に合わせて自然な日本語へ整える。,なし,なし,なし,なし,なし,なし,なし,なし,大学入試漢文・頻出漢字（語義の照合）,https://cafetalk.com/column/read/?id=325787&lang=ja,なし
漢文_Deck1_最重要句法・語彙_250項目,CC-000172,172,Deck1_最重要句法・語彙,重要語,起点・副詞,自,より／おのづから,なし,多義語,形=自;読み=より／おのづから;意味=〜から／自然に・自分から,CC-000172-C01,reading,重要語の読み,「自」の代表的な読みを2つ答えよ。,より／おのづから,より／おのづから,形と読みを一まとまりで覚える。標準的な読みは「より／おのづから」。,なし,なし,なし,なし,なし,なし,なし,なし,大学入試漢文・頻出漢字（語義の照合）,https://cafetalk.com/column/read/?id=325787&lang=ja,なし
漢文_Deck1_最重要句法・語彙_250項目,CC-000172,172,Deck1_最重要句法・語彙,重要語,起点・副詞,自,より／おのづから,なし,多義語,形=自;読み=より／おのづから;意味=〜から／自然に・自分から,CC-000172-C02,meaning,重要語の意味,「自」の主な意味を2つ答えよ。,〜から／自然に・自分から,〜から／自然に・自分から,訳の核は「〜から／自然に・自分から」。本文では前後関係に合わせて自然な日本語へ整える。,なし,なし,なし,なし,なし,なし,なし,なし,大学入試漢文・頻出漢字（語義の照合）,https://cafetalk.com/column/read/?id=325787&lang=ja,なし
漢文_Deck1_最重要句法・語彙_250項目,CC-000173,173,Deck1_最重要句法・語彙,重要語,起点・動作,従,より／したがふ,なし,多義語,形=従;読み=より／したがふ;意味=〜から／従う,CC-000173-C01,reading,重要語の読み,「従」の代表的な読みを2つ答えよ。,より／したがふ,より／したがふ,形と読みを一まとまりで覚える。標準的な読みは「より／したがふ」。,なし,なし,なし,なし,なし,なし,なし,なし,大学入試漢文・頻出漢字（語義の照合）,https://cafetalk.com/column/read/?id=325787&lang=ja,なし
漢文_Deck1_最重要句法・語彙_250項目,CC-000173,173,Deck1_最重要句法・語彙,重要語,起点・動作,従,より／したがふ,なし,多義語,形=従;読み=より／したがふ;意味=〜から／従う,CC-000173-C02,meaning,重要語の意味,「従」の主な意味を2つ答えよ。,〜から／従う,〜から／従う,訳の核は「〜から／従う」。本文では前後関係に合わせて自然な日本語へ整える。,なし,なし,なし,なし,なし,なし,なし,なし,大学入試漢文・頻出漢字（語義の照合）,https://cafetalk.com/column/read/?id=325787&lang=ja,なし
漢文_Deck1_最重要句法・語彙_250項目,CC-000174,174,Deck1_最重要句法・語彙,重要語,起点・理由,由,より／よし,なし,多義語,形=由;読み=より／よし;意味=〜から・〜によって／理由・手段,CC-000174-C01,reading,重要語の読み,「由」の代表的な読みを2つ答えよ。,より／よし,より／よし,形と読みを一まとまりで覚える。標準的な読みは「より／よし」。,なし,なし,なし,なし,なし,なし,なし,なし,大学入試漢文・頻出漢字（語義の照合）,https://cafetalk.com/column/read/?id=325787&lang=ja,なし
漢文_Deck1_最重要句法・語彙_250項目,CC-000174,174,Deck1_最重要句法・語彙,重要語,起点・理由,由,より／よし,なし,多義語,形=由;読み=より／よし;意味=〜から・〜によって／理由・手段,CC-000174-C02,meaning,重要語の意味,「由」の主な意味を2つ答えよ。,〜から・〜によって／理由・手段,〜から・〜によって／理由・手段,訳の核は「〜から・〜によって／理由・手段」。本文では前後関係に合わせて自然な日本語へ整える。,なし,なし,なし,なし,なし,なし,なし,なし,大学入試漢文・頻出漢字（語義の照合）,https://cafetalk.com/column/read/?id=325787&lang=ja,なし
漢文_Deck1_最重要句法・語彙_250項目,CC-000175,175,Deck1_最重要句法・語彙,重要語,理由・動作,因,よりて／よる,なし,多義語,形=因;読み=よりて／よる;意味=〜によって／頼る・基づく,CC-000175-C01,reading,重要語の読み,「因」の代表的な読みを2つ答えよ。,よりて／よる,よりて／よる,形と読みを一まとまりで覚える。標準的な読みは「よりて／よる」。,なし,なし,なし,なし,なし,なし,なし,なし,大学入試漢文・頻出漢字（語義の照合）,https://cafetalk.com/column/read/?id=325787&lang=ja,なし
漢文_Deck1_最重要句法・語彙_250項目,CC-000175,175,Deck1_最重要句法・語彙,重要語,理由・動作,因,よりて／よる,なし,多義語,形=因;読み=よりて／よる;意味=〜によって／頼る・基づく,CC-000175-C02,meaning,重要語の意味,「因」の主な意味を2つ答えよ。,〜によって／頼る・基づく,〜によって／頼る・基づく,訳の核は「〜によって／頼る・基づく」。本文では前後関係に合わせて自然な日本語へ整える。,なし,なし,なし,なし,なし,なし,なし,なし,大学入試漢文・頻出漢字（語義の照合）,https://cafetalk.com/column/read/?id=325787&lang=ja,なし
漢文_Deck1_最重要句法・語彙_250項目,CC-000176,176,Deck1_最重要句法・語彙,重要語,理由・副詞,故,ゆゑに／ことさらに,なし,多義語,形=故;読み=ゆゑに／ことさらに;意味=だから／わざと,CC-000176-C01,reading,重要語の読み,「故」の代表的な読みを2つ答えよ。,ゆゑに／ことさらに,ゆゑに／ことさらに｜ゆえに／ことさらに,形と読みを一まとまりで覚える。標準的な読みは「ゆゑに／ことさらに」。,なし,なし,なし,なし,なし,なし,なし,なし,大学入試漢文・頻出漢字（語義の照合）,https://cafetalk.com/column/read/?id=325787&lang=ja,なし
漢文_Deck1_最重要句法・語彙_250項目,CC-000176,176,Deck1_最重要句法・語彙,重要語,理由・副詞,故,ゆゑに／ことさらに,なし,多義語,形=故;読み=ゆゑに／ことさらに;意味=だから／わざと,CC-000176-C02,meaning,重要語の意味,「故」の主な意味を2つ答えよ。,だから／わざと,だから／わざと,訳の核は「だから／わざと」。本文では前後関係に合わせて自然な日本語へ整える。,なし,なし,なし,なし,なし,なし,なし,なし,大学入試漢文・頻出漢字（語義の照合）,https://cafetalk.com/column/read/?id=325787&lang=ja,なし
漢文_Deck1_最重要句法・語彙_250項目,CC-000177,177,Deck1_最重要句法・語彙,重要語,接続,是故,このゆゑに,なし,接続語,形=是故;読み=このゆゑに;意味=このために・だから,CC-000177-C01,reading,重要語の読み,「是故」はどう読むか。,このゆゑに,このゆゑに｜このゆえに,形と読みを一まとまりで覚える。標準的な読みは「このゆゑに」。,なし,なし,なし,なし,なし,なし,なし,なし,大学入試漢文・頻出漢字（語義の照合）,https://cafetalk.com/column/read/?id=325787&lang=ja,なし
漢文_Deck1_最重要句法・語彙_250項目,CC-000177,177,Deck1_最重要句法・語彙,重要語,接続,是故,このゆゑに,なし,接続語,形=是故;読み=このゆゑに;意味=このために・だから,CC-000177-C02,meaning,重要語の意味,「是故」の基本的な意味を答えよ。,このために・だから,このために・だから,訳の核は「このために・だから」。本文では前後関係に合わせて自然な日本語へ整える。,なし,なし,なし,なし,なし,なし,なし,なし,大学入試漢文・頻出漢字（語義の照合）,https://cafetalk.com/column/read/?id=325787&lang=ja,なし
漢文_Deck1_最重要句法・語彙_250項目,CC-000178,178,Deck1_最重要句法・語彙,重要語,接続,乃,すなはち,なし,接続語,形=乃;読み=すなはち;意味=そこで・すると・ようやく,CC-000178-C01,reading,重要語の読み,「乃」はどう読むか。,すなはち,すなはち,形と読みを一まとまりで覚える。標準的な読みは「すなはち」。,なし,なし,なし,なし,なし,なし,なし,なし,大学入試漢文・頻出漢字（語義の照合）,https://cafetalk.com/column/read/?id=325787&lang=ja,なし
漢文_Deck1_最重要句法・語彙_250項目,CC-000178,178,Deck1_最重要句法・語彙,重要語,接続,乃,すなはち,なし,接続語,形=乃;読み=すなはち;意味=そこで・すると・ようやく,CC-000178-C02,meaning,重要語の意味,「乃」の基本的な意味を答えよ。,そこで・すると・ようやく,そこで・すると・ようやく,訳の核は「そこで・すると・ようやく」。本文では前後関係に合わせて自然な日本語へ整える。,なし,なし,なし,なし,なし,なし,なし,なし,大学入試漢文・頻出漢字（語義の照合）,https://cafetalk.com/column/read/?id=325787&lang=ja,なし
漢文_Deck1_最重要句法・語彙_250項目,CC-000179,179,Deck1_最重要句法・語彙,重要語,接続・動作,則,すなはち／のつとる,なし,多義語,形=則;読み=すなはち／のつとる;意味=そこで・ならば／手本とする,CC-000179-C01,reading,重要語の読み,「則」の代表的な読みを2つ答えよ。,すなはち／のつとる,すなはち／のつとる,形と読みを一まとまりで覚える。標準的な読みは「すなはち／のつとる」。,なし,なし,なし,なし,なし,なし,なし,なし,大学入試漢文・頻出漢字（語義の照合）,https://cafetalk.com/column/read/?id=325787&lang=ja,なし
漢文_Deck1_最重要句法・語彙_250項目,CC-000179,179,Deck1_最重要句法・語彙,重要語,接続・動作,則,すなはち／のつとる,なし,多義語,形=則;読み=すなはち／のつとる;意味=そこで・ならば／手本とする,CC-000179-C02,meaning,重要語の意味,「則」の主な意味を2つ答えよ。,そこで・ならば／手本とする,そこで・ならば／手本とする,訳の核は「そこで・ならば／手本とする」。本文では前後関係に合わせて自然な日本語へ整える。,なし,なし,なし,なし,なし,なし,なし,なし,大学入試漢文・頻出漢字（語義の照合）,https://cafetalk.com/column/read/?id=325787&lang=ja,なし
漢文_Deck1_最重要句法・語彙_250項目,CC-000180,180,Deck1_最重要句法・語彙,重要語,接続・動作,即,すなはち／つく,なし,多義語,形=即;読み=すなはち／つく;意味=すぐに・そこで／近づく・就く,CC-000180-C01,reading,重要語の読み,「即」の代表的な読みを2つ答えよ。,すなはち／つく,すなはち／つく,形と読みを一まとまりで覚える。標準的な読みは「すなはち／つく」。,なし,なし,なし,なし,なし,なし,なし,なし,大学入試漢文・頻出漢字（語義の照合）,https://cafetalk.com/column/read/?id=325787&lang=ja,なし
漢文_Deck1_最重要句法・語彙_250項目,CC-000180,180,Deck1_最重要句法・語彙,重要語,接続・動作,即,すなはち／つく,なし,多義語,形=即;読み=すなはち／つく;意味=すぐに・そこで／近づく・就く,CC-000180-C02,meaning,重要語の意味,「即」の主な意味を2つ答えよ。,すぐに・そこで／近づく・就く,すぐに・そこで／近づく・就く,訳の核は「すぐに・そこで／近づく・就く」。本文では前後関係に合わせて自然な日本語へ整える。,なし,なし,なし,なし,なし,なし,なし,なし,大学入試漢文・頻出漢字（語義の照合）,https://cafetalk.com/column/read/?id=325787&lang=ja,なし
漢文_Deck1_最重要句法・語彙_250項目,CC-000181,181,Deck1_最重要句法・語彙,重要語,時間・展開,遂,つひに,なし,副詞,形=遂;読み=つひに;意味=とうとう・そのまま成し遂げて,CC-000181-C01,reading,重要語の読み,「遂」はどう読むか。,つひに,つひに｜ついに,形と読みを一まとまりで覚える。標準的な読みは「つひに」。,なし,なし,なし,なし,なし,なし,なし,なし,大学入試漢文・頻出漢字（語義の照合）,https://cafetalk.com/column/read/?id=325787&lang=ja,なし
漢文_Deck1_最重要句法・語彙_250項目,CC-000181,181,Deck1_最重要句法・語彙,重要語,時間・展開,遂,つひに,なし,副詞,形=遂;読み=つひに;意味=とうとう・そのまま成し遂げて,CC-000181-C02,meaning,重要語の意味,「遂」の基本的な意味を答えよ。,とうとう・そのまま成し遂げて,とうとう・そのまま成し遂げて,訳の核は「とうとう・そのまま成し遂げて」。本文では前後関係に合わせて自然な日本語へ整える。,なし,なし,なし,なし,なし,なし,なし,なし,大学入試漢文・頻出漢字（語義の照合）,https://cafetalk.com/column/read/?id=325787&lang=ja,なし
漢文_Deck1_最重要句法・語彙_250項目,CC-000182,182,Deck1_最重要句法・語彙,重要語,時間・展開,終,つひに,なし,副詞,形=終;読み=つひに;意味=最後には・とうとう,CC-000182-C01,reading,重要語の読み,「終」はどう読むか。,つひに,つひに｜ついに,形と読みを一まとまりで覚える。標準的な読みは「つひに」。,なし,なし,なし,なし,なし,なし,なし,なし,大学入試漢文・頻出漢字（語義の照合）,https://cafetalk.com/column/read/?id=325787&lang=ja,なし
漢文_Deck1_最重要句法・語彙_250項目,CC-000182,182,Deck1_最重要句法・語彙,重要語,時間・展開,終,つひに,なし,副詞,形=終;読み=つひに;意味=最後には・とうとう,CC-000182-C02,meaning,重要語の意味,「終」の基本的な意味を答えよ。,最後には・とうとう,最後には・とうとう,訳の核は「最後には・とうとう」。本文では前後関係に合わせて自然な日本語へ整える。,なし,なし,なし,なし,なし,なし,なし,なし,大学入試漢文・頻出漢字（語義の照合）,https://cafetalk.com/column/read/?id=325787&lang=ja,なし
漢文_Deck1_最重要句法・語彙_250項目,CC-000183,183,Deck1_最重要句法・語彙,重要語,時間・動作,卒,ついに／しゅっす,なし,多義語,形=卒;読み=ついに／しゅっす;意味=とうとう／死ぬ,CC-000183-C01,reading,重要語の読み,「卒」の代表的な読みを2つ答えよ。,ついに／しゅっす,ついに／しゅっす,形と読みを一まとまりで覚える。標準的な読みは「ついに／しゅっす」。,なし,なし,なし,なし,なし,なし,なし,なし,大学入試漢文・頻出漢字（語義の照合）,https://cafetalk.com/column/read/?id=325787&lang=ja,なし
漢文_Deck1_最重要句法・語彙_250項目,CC-000183,183,Deck1_最重要句法・語彙,重要語,時間・動作,卒,ついに／しゅっす,なし,多義語,形=卒;読み=ついに／しゅっす;意味=とうとう／死ぬ,CC-000183-C02,meaning,重要語の意味,「卒」の主な意味を2つ答えよ。,とうとう／死ぬ,とうとう／死ぬ,訳の核は「とうとう／死ぬ」。本文では前後関係に合わせて自然な日本語へ整える。,なし,なし,なし,なし,なし,なし,なし,なし,大学入試漢文・頻出漢字（語義の照合）,https://cafetalk.com/column/read/?id=325787&lang=ja,なし
漢文_Deck1_最重要句法・語彙_250項目,CC-000184,184,Deck1_最重要句法・語彙,重要語,判断,然,しかり,なし,指示語,形=然;読み=しかり;意味=そうである,CC-000184-C01,reading,重要語の読み,「然」はどう読むか。,しかり,しかり,形と読みを一まとまりで覚える。標準的な読みは「しかり」。,なし,なし,なし,なし,なし,なし,なし,なし,大学入試漢文・頻出漢字（語義の照合）,https://cafetalk.com/column/read/?id=325787&lang=ja,なし
漢文_Deck1_最重要句法・語彙_250項目,CC-000184,184,Deck1_最重要句法・語彙,重要語,判断,然,しかり,なし,指示語,形=然;読み=しかり;意味=そうである,CC-000184-C02,meaning,重要語の意味,「然」の基本的な意味を答えよ。,そうである,そうである,訳の核は「そうである」。本文では前後関係に合わせて自然な日本語へ整える。,なし,なし,なし,なし,なし,なし,なし,なし,大学入試漢文・頻出漢字（語義の照合）,https://cafetalk.com/column/read/?id=325787&lang=ja,なし
漢文_Deck1_最重要句法・語彙_250項目,CC-000185,185,Deck1_最重要句法・語彙,重要語,接続,然而,しかれども,なし,接続語,形=然而;読み=しかれども;意味=しかしながら,CC-000185-C01,reading,重要語の読み,「然而」はどう読むか。,しかれども,しかれども,形と読みを一まとまりで覚える。標準的な読みは「しかれども」。,なし,なし,なし,なし,なし,なし,なし,なし,大学入試漢文・頻出漢字（語義の照合）,https://cafetalk.com/column/read/?id=325787&lang=ja,なし
漢文_Deck1_最重要句法・語彙_250項目,CC-000185,185,Deck1_最重要句法・語彙,重要語,接続,然而,しかれども,なし,接続語,形=然而;読み=しかれども;意味=しかしながら,CC-000185-C02,meaning,重要語の意味,「然而」の基本的な意味を答えよ。,しかしながら,しかしながら,訳の核は「しかしながら」。本文では前後関係に合わせて自然な日本語へ整える。,なし,なし,なし,なし,なし,なし,なし,なし,大学入試漢文・頻出漢字（語義の照合）,https://cafetalk.com/column/read/?id=325787&lang=ja,なし
漢文_Deck1_最重要句法・語彙_250項目,CC-000186,186,Deck1_最重要句法・語彙,重要語,接続,雖然,しかりといへども,なし,接続語,形=雖然;読み=しかりといへども;意味=そうではあるが,CC-000186-C01,reading,重要語の読み,「雖然」はどう読むか。,しかりといへども,しかりといへども｜しかりといえども,形と読みを一まとまりで覚える。標準的な読みは「しかりといへども」。,なし,なし,なし,なし,なし,なし,なし,なし,大学入試漢文・頻出漢字（語義の照合）,https://cafetalk.com/column/read/?id=325787&lang=ja,なし
漢文_Deck1_最重要句法・語彙_250項目,CC-000186,186,Deck1_最重要句法・語彙,重要語,接続,雖然,しかりといへども,なし,接続語,形=雖然;読み=しかりといへども;意味=そうではあるが,CC-000186-C02,meaning,重要語の意味,「雖然」の基本的な意味を答えよ。,そうではあるが,そうではあるが,訳の核は「そうではあるが」。本文では前後関係に合わせて自然な日本語へ整える。,なし,なし,なし,なし,なし,なし,なし,なし,大学入試漢文・頻出漢字（語義の照合）,https://cafetalk.com/column/read/?id=325787&lang=ja,なし
漢文_Deck1_最重要句法・語彙_250項目,CC-000187,187,Deck1_最重要句法・語彙,重要語,接続,是以,ここをもつて,なし,接続語,形=是以;読み=ここをもつて;意味=だから・こういうわけで,CC-000187-C01,reading,重要語の読み,「是以」はどう読むか。,ここをもつて,ここをもつて,形と読みを一まとまりで覚える。標準的な読みは「ここをもつて」。,なし,なし,なし,なし,なし,於是,是以は理由から結論へ、於是は場面・時点の展開。,なし,大学入試漢文・頻出漢字（語義の照合）,https://cafetalk.com/column/read/?id=325787&lang=ja,なし
漢文_Deck1_最重要句法・語彙_250項目,CC-000187,187,Deck1_最重要句法・語彙,重要語,接続,是以,ここをもつて,なし,接続語,形=是以;読み=ここをもつて;意味=だから・こういうわけで,CC-000187-C02,meaning,重要語の意味,「是以」の基本的な意味を答えよ。,だから・こういうわけで,だから・こういうわけで,訳の核は「だから・こういうわけで」。本文では前後関係に合わせて自然な日本語へ整える。,なし,なし,なし,なし,なし,於是,是以は理由から結論へ、於是は場面・時点の展開。,なし,大学入試漢文・頻出漢字（語義の照合）,https://cafetalk.com/column/read/?id=325787&lang=ja,なし
漢文_Deck1_最重要句法・語彙_250項目,CC-000188,188,Deck1_最重要句法・語彙,重要語,接続,於是,ここにおいて,なし,接続語,形=於是;読み=ここにおいて;意味=そこで・そのとき,CC-000188-C01,reading,重要語の読み,「於是」はどう読むか。,ここにおいて,ここにおいて,形と読みを一まとまりで覚える。標準的な読みは「ここにおいて」。,なし,なし,なし,なし,なし,是以,於是は「そこで・そのとき」、是以は「だから」。,なし,大学入試漢文・頻出漢字（語義の照合）,https://cafetalk.com/column/read/?id=325787&lang=ja,なし
漢文_Deck1_最重要句法・語彙_250項目,CC-000188,188,Deck1_最重要句法・語彙,重要語,接続,於是,ここにおいて,なし,接続語,形=於是;読み=ここにおいて;意味=そこで・そのとき,CC-000188-C02,meaning,重要語の意味,「於是」の基本的な意味を答えよ。,そこで・そのとき,そこで・そのとき,訳の核は「そこで・そのとき」。本文では前後関係に合わせて自然な日本語へ整える。,なし,なし,なし,なし,なし,是以,於是は「そこで・そのとき」、是以は「だから」。,なし,大学入試漢文・頻出漢字（語義の照合）,https://cafetalk.com/column/read/?id=325787&lang=ja,なし
漢文_Deck1_最重要句法・語彙_250項目,CC-000189,189,Deck1_最重要句法・語彙,重要語,理由・手段,所以,ゆゑん,なし,多義語,形=所以;読み=ゆゑん;意味=理由・原因／手段・方法,CC-000189-C01,reading,重要語の読み,「所以」はどう読むか。,ゆゑん,ゆゑん｜ゆえん,形と読みを一まとまりで覚える。標準的な読みは「ゆゑん」。,なし,なし,なし,なし,なし,是以,所以は「理由・手段」、是以は「だから」。,なし,大学入試漢文・頻出漢字（語義の照合）,https://cafetalk.com/column/read/?id=325787&lang=ja,なし
漢文_Deck1_最重要句法・語彙_250項目,CC-000189,189,Deck1_最重要句法・語彙,重要語,理由・手段,所以,ゆゑん,なし,多義語,形=所以;読み=ゆゑん;意味=理由・原因／手段・方法,CC-000189-C02,meaning,重要語の意味,「所以」の主な意味を2つ答えよ。,理由・原因／手段・方法,理由・原因／手段・方法,訳の核は「理由・原因／手段・方法」。本文では前後関係に合わせて自然な日本語へ整える。,なし,なし,なし,なし,なし,是以,所以は「理由・手段」、是以は「だから」。,なし,大学入試漢文・頻出漢字（語義の照合）,https://cafetalk.com/column/read/?id=325787&lang=ja,なし
漢文_Deck1_最重要句法・語彙_250項目,CC-000190,190,Deck1_最重要句法・語彙,重要語,接続,然則,しからばすなはち,なし,接続語,形=然則;読み=しからばすなはち;意味=それならば,CC-000190-C01,reading,重要語の読み,「然則」はどう読むか。,しからばすなはち,しからばすなはち,形と読みを一まとまりで覚える。標準的な読みは「しからばすなはち」。,なし,なし,なし,なし,なし,なし,なし,なし,大学入試漢文・頻出漢字（語義の照合）,https://cafetalk.com/column/read/?id=325787&lang=ja,なし
漢文_Deck1_最重要句法・語彙_250項目,CC-000190,190,Deck1_最重要句法・語彙,重要語,接続,然則,しからばすなはち,なし,接続語,形=然則;読み=しからばすなはち;意味=それならば,CC-000190-C02,meaning,重要語の意味,「然則」の基本的な意味を答えよ。,それならば,それならば,訳の核は「それならば」。本文では前後関係に合わせて自然な日本語へ整える。,なし,なし,なし,なし,なし,なし,なし,なし,大学入試漢文・頻出漢字（語義の照合）,https://cafetalk.com/column/read/?id=325787&lang=ja,なし
漢文_Deck1_最重要句法・語彙_250項目,CC-000191,191,Deck1_最重要句法・語彙,重要語,累加,亦,また,なし,副詞,形=亦;読み=また;意味=〜もまた,CC-000191-C01,reading,重要語の読み,「亦」はどう読むか。,また,また,形と読みを一まとまりで覚える。標準的な読みは「また」。,なし,なし,なし,なし,なし,なし,なし,なし,大学入試漢文・頻出漢字（語義の照合）,https://cafetalk.com/column/read/?id=325787&lang=ja,なし
漢文_Deck1_最重要句法・語彙_250項目,CC-000191,191,Deck1_最重要句法・語彙,重要語,累加,亦,また,なし,副詞,形=亦;読み=また;意味=〜もまた,CC-000191-C02,meaning,重要語の意味,「亦」の基本的な意味を答えよ。,〜もまた,〜もまた,訳の核は「〜もまた」。本文では前後関係に合わせて自然な日本語へ整える。,なし,なし,なし,なし,なし,なし,なし,なし,大学入試漢文・頻出漢字（語義の照合）,https://cafetalk.com/column/read/?id=325787&lang=ja,なし
漢文_Deck1_最重要句法・語彙_250項目,CC-000192,192,Deck1_最重要句法・語彙,重要語,累加・反復,又,また,なし,副詞,形=又;読み=また;意味=再び・さらに,CC-000192-C01,reading,重要語の読み,「又」はどう読むか。,また,また,形と読みを一まとまりで覚える。標準的な読みは「また」。,なし,なし,なし,なし,なし,なし,なし,なし,大学入試漢文・頻出漢字（語義の照合）,https://cafetalk.com/column/read/?id=325787&lang=ja,なし
漢文_Deck1_最重要句法・語彙_250項目,CC-000192,192,Deck1_最重要句法・語彙,重要語,累加・反復,又,また,なし,副詞,形=又;読み=また;意味=再び・さらに,CC-000192-C02,meaning,重要語の意味,「又」の基本的な意味を答えよ。,再び・さらに,再び・さらに,訳の核は「再び・さらに」。本文では前後関係に合わせて自然な日本語へ整える。,なし,なし,なし,なし,なし,なし,なし,なし,大学入試漢文・頻出漢字（語義の照合）,https://cafetalk.com/column/read/?id=325787&lang=ja,なし
漢文_Deck1_最重要句法・語彙_250項目,CC-000193,193,Deck1_最重要句法・語彙,重要語,程度・継続,尚,なほ,なし,副詞,形=尚;読み=なほ;意味=なお・まだ・そのうえ,CC-000193-C01,reading,重要語の読み,「尚」はどう読むか。,なほ,なほ｜なお,形と読みを一まとまりで覚える。標準的な読みは「なほ」。,なし,なし,なし,なし,なし,なし,なし,なし,大学入試漢文・頻出漢字（語義の照合）,https://cafetalk.com/column/read/?id=325787&lang=ja,なし
漢文_Deck1_最重要句法・語彙_250項目,CC-000193,193,Deck1_最重要句法・語彙,重要語,程度・継続,尚,なほ,なし,副詞,形=尚;読み=なほ;意味=なお・まだ・そのうえ,CC-000193-C02,meaning,重要語の意味,「尚」の基本的な意味を答えよ。,なお・まだ・そのうえ,なお・まだ・そのうえ,訳の核は「なお・まだ・そのうえ」。本文では前後関係に合わせて自然な日本語へ整える。,なし,なし,なし,なし,なし,なし,なし,なし,大学入試漢文・頻出漢字（語義の照合）,https://cafetalk.com/column/read/?id=325787&lang=ja,なし
漢文_Deck1_最重要句法・語彙_250項目,CC-000194,194,Deck1_最重要句法・語彙,重要語,判断,蓋,けだし,なし,副詞,形=蓋;読み=けだし;意味=思うに・おそらく,CC-000194-C01,reading,重要語の読み,「蓋」はどう読むか。,けだし,けだし,形と読みを一まとまりで覚える。標準的な読みは「けだし」。,なし,なし,なし,なし,なし,なし,なし,なし,大学入試漢文・頻出漢字（語義の照合）,https://cafetalk.com/column/read/?id=325787&lang=ja,なし
漢文_Deck1_最重要句法・語彙_250項目,CC-000194,194,Deck1_最重要句法・語彙,重要語,判断,蓋,けだし,なし,副詞,形=蓋;読み=けだし;意味=思うに・おそらく,CC-000194-C02,meaning,重要語の意味,「蓋」の基本的な意味を答えよ。,思うに・おそらく,思うに・おそらく,訳の核は「思うに・おそらく」。本文では前後関係に合わせて自然な日本語へ整える。,なし,なし,なし,なし,なし,なし,なし,なし,大学入試漢文・頻出漢字（語義の照合）,https://cafetalk.com/column/read/?id=325787&lang=ja,なし
漢文_Deck1_最重要句法・語彙_250項目,CC-000195,195,Deck1_最重要句法・語彙,重要語,提示・指示,夫,それ／かの,なし,多義語,形=夫;読み=それ／かの;意味=そもそも／あの,CC-000195-C01,reading,重要語の読み,「夫」の代表的な読みを2つ答えよ。,それ／かの,それ／かの,形と読みを一まとまりで覚える。標準的な読みは「それ／かの」。,なし,なし,なし,なし,なし,なし,なし,なし,大学入試漢文・頻出漢字（語義の照合）,https://cafetalk.com/column/read/?id=325787&lang=ja,なし
漢文_Deck1_最重要句法・語彙_250項目,CC-000195,195,Deck1_最重要句法・語彙,重要語,提示・指示,夫,それ／かの,なし,多義語,形=夫;読み=それ／かの;意味=そもそも／あの,CC-000195-C02,meaning,重要語の意味,「夫」の主な意味を2つ答えよ。,そもそも／あの,そもそも／あの,訳の核は「そもそも／あの」。本文では前後関係に合わせて自然な日本語へ整える。,なし,なし,なし,なし,なし,なし,なし,なし,大学入試漢文・頻出漢字（語義の照合）,https://cafetalk.com/column/read/?id=325787&lang=ja,なし
漢文_Deck1_最重要句法・語彙_250項目,CC-000196,196,Deck1_最重要句法・語彙,重要語,範囲,凡,およそ,なし,副詞,形=凡;読み=およそ;意味=総じて・一般に,CC-000196-C01,reading,重要語の読み,「凡」はどう読むか。,およそ,およそ,形と読みを一まとまりで覚える。標準的な読みは「およそ」。,なし,なし,なし,なし,なし,なし,なし,なし,大学入試漢文・頻出漢字（語義の照合）,https://cafetalk.com/column/read/?id=325787&lang=ja,なし
漢文_Deck1_最重要句法・語彙_250項目,CC-000196,196,Deck1_最重要句法・語彙,重要語,範囲,凡,およそ,なし,副詞,形=凡;読み=およそ;意味=総じて・一般に,CC-000196-C02,meaning,重要語の意味,「凡」の基本的な意味を答えよ。,総じて・一般に,総じて・一般に,訳の核は「総じて・一般に」。本文では前後関係に合わせて自然な日本語へ整える。,なし,なし,なし,なし,なし,なし,なし,なし,大学入試漢文・頻出漢字（語義の照合）,https://cafetalk.com/column/read/?id=325787&lang=ja,なし
漢文_Deck1_最重要句法・語彙_250項目,CC-000197,197,Deck1_最重要句法・語彙,重要語,時間,嘗,かつて,なし,副詞,形=嘗;読み=かつて;意味=以前に・かつて,CC-000197-C01,reading,重要語の読み,「嘗」はどう読むか。,かつて,かつて,形と読みを一まとまりで覚える。標準的な読みは「かつて」。,なし,なし,なし,なし,なし,なし,なし,なし,大学入試漢文・頻出漢字（語義の照合）,https://cafetalk.com/column/read/?id=325787&lang=ja,なし
漢文_Deck1_最重要句法・語彙_250項目,CC-000197,197,Deck1_最重要句法・語彙,重要語,時間,嘗,かつて,なし,副詞,形=嘗;読み=かつて;意味=以前に・かつて,CC-000197-C02,meaning,重要語の意味,「嘗」の基本的な意味を答えよ。,以前に・かつて,以前に・かつて,訳の核は「以前に・かつて」。本文では前後関係に合わせて自然な日本語へ整える。,なし,なし,なし,なし,なし,なし,なし,なし,大学入試漢文・頻出漢字（語義の照合）,https://cafetalk.com/column/read/?id=325787&lang=ja,なし
漢文_Deck1_最重要句法・語彙_250項目,CC-000198,198,Deck1_最重要句法・語彙,重要語,時間・完了,既,すでに,なし,副詞,形=既;読み=すでに;意味=もう・すでに,CC-000198-C01,reading,重要語の読み,「既」はどう読むか。,すでに,すでに,形と読みを一まとまりで覚える。標準的な読みは「すでに」。,なし,なし,なし,なし,なし,なし,なし,なし,大学入試漢文・頻出漢字（語義の照合）,https://cafetalk.com/column/read/?id=325787&lang=ja,なし
漢文_Deck1_最重要句法・語彙_250項目,CC-000198,198,Deck1_最重要句法・語彙,重要語,時間・完了,既,すでに,なし,副詞,形=既;読み=すでに;意味=もう・すでに,CC-000198-C02,meaning,重要語の意味,「既」の基本的な意味を答えよ。,もう・すでに,もう・すでに,訳の核は「もう・すでに」。本文では前後関係に合わせて自然な日本語へ整える。,なし,なし,なし,なし,なし,なし,なし,なし,大学入試漢文・頻出漢字（語義の照合）,https://cafetalk.com/column/read/?id=325787&lang=ja,なし
漢文_Deck1_最重要句法・語彙_250項目,CC-000199,199,Deck1_最重要句法・語彙,重要語,時間・展開,既而,すでにして,なし,接続語,形=既而;読み=すでにして;意味=その後まもなく,CC-000199-C01,reading,重要語の読み,「既而」はどう読むか。,すでにして,すでにして,形と読みを一まとまりで覚える。標準的な読みは「すでにして」。,なし,なし,なし,なし,なし,已而,どちらも時間経過を示すが、文脈に応じて「その後」「まもなく」と訳す。,なし,大学入試漢文・頻出漢字（語義の照合）,https://cafetalk.com/column/read/?id=325787&lang=ja,なし
漢文_Deck1_最重要句法・語彙_250項目,CC-000199,199,Deck1_最重要句法・語彙,重要語,時間・展開,既而,すでにして,なし,接続語,形=既而;読み=すでにして;意味=その後まもなく,CC-000199-C02,meaning,重要語の意味,「既而」の基本的な意味を答えよ。,その後まもなく,その後まもなく,訳の核は「その後まもなく」。本文では前後関係に合わせて自然な日本語へ整える。,なし,なし,なし,なし,なし,已而,どちらも時間経過を示すが、文脈に応じて「その後」「まもなく」と訳す。,なし,大学入試漢文・頻出漢字（語義の照合）,https://cafetalk.com/column/read/?id=325787&lang=ja,なし
漢文_Deck1_最重要句法・語彙_250項目,CC-000200,200,Deck1_最重要句法・語彙,重要語,時間・展開,已而,すでにして,なし,接続語,形=已而;読み=すでにして;意味=まもなく・やがて,CC-000200-C01,reading,重要語の読み,「已而」はどう読むか。,すでにして,すでにして,形と読みを一まとまりで覚える。標準的な読みは「すでにして」。,なし,なし,なし,なし,なし,なし,なし,なし,大学入試漢文・頻出漢字（語義の照合）,https://cafetalk.com/column/read/?id=325787&lang=ja,なし
漢文_Deck1_最重要句法・語彙_250項目,CC-000200,200,Deck1_最重要句法・語彙,重要語,時間・展開,已而,すでにして,なし,接続語,形=已而;読み=すでにして;意味=まもなく・やがて,CC-000200-C02,meaning,重要語の意味,「已而」の基本的な意味を答えよ。,まもなく・やがて,まもなく・やがて,訳の核は「まもなく・やがて」。本文では前後関係に合わせて自然な日本語へ整える。,なし,なし,なし,なし,なし,なし,なし,なし,大学入試漢文・頻出漢字（語義の照合）,https://cafetalk.com/column/read/?id=325787&lang=ja,なし
漢文_Deck1_最重要句法・語彙_250項目,CC-000201,201,Deck1_最重要句法・語彙,重要語,時間・進行,方,まさに,なし,副詞,形=方;読み=まさに;意味=ちょうど今〜している,CC-000201-C01,reading,重要語の読み,「方」はどう読むか。,まさに,まさに,形と読みを一まとまりで覚える。標準的な読みは「まさに」。,なし,なし,なし,なし,なし,なし,なし,なし,大学入試漢文・頻出漢字（語義の照合）,https://cafetalk.com/column/read/?id=325787&lang=ja,なし
漢文_Deck1_最重要句法・語彙_250項目,CC-000201,201,Deck1_最重要句法・語彙,重要語,時間・進行,方,まさに,なし,副詞,形=方;読み=まさに;意味=ちょうど今〜している,CC-000201-C02,meaning,重要語の意味,「方」の基本的な意味を答えよ。,ちょうど今〜している,ちょうど今〜している,訳の核は「ちょうど今〜している」。本文では前後関係に合わせて自然な日本語へ整える。,なし,なし,なし,なし,なし,なし,なし,なし,大学入試漢文・頻出漢字（語義の照合）,https://cafetalk.com/column/read/?id=325787&lang=ja,なし
漢文_Deck1_最重要句法・語彙_250項目,CC-000202,202,Deck1_最重要句法・語彙,重要語,時間,向,さきに,なし,副詞,形=向;読み=さきに;意味=以前に・先ほど,CC-000202-C01,reading,重要語の読み,「向」はどう読むか。,さきに,さきに,形と読みを一まとまりで覚える。標準的な読みは「さきに」。,なし,なし,なし,なし,なし,なし,なし,なし,大学入試漢文・頻出漢字（語義の照合）,https://cafetalk.com/column/read/?id=325787&lang=ja,なし
漢文_Deck1_最重要句法・語彙_250項目,CC-000202,202,Deck1_最重要句法・語彙,重要語,時間,向,さきに,なし,副詞,形=向;読み=さきに;意味=以前に・先ほど,CC-000202-C02,meaning,重要語の意味,「向」の基本的な意味を答えよ。,以前に・先ほど,以前に・先ほど,訳の核は「以前に・先ほど」。本文では前後関係に合わせて自然な日本語へ整える。,なし,なし,なし,なし,なし,なし,なし,なし,大学入試漢文・頻出漢字（語義の照合）,https://cafetalk.com/column/read/?id=325787&lang=ja,なし
漢文_Deck1_最重要句法・語彙_250項目,CC-000203,203,Deck1_最重要句法・語彙,重要語,時間・展開,頃之,しばらくして,なし,時間語,形=頃之;読み=しばらくして;意味=しばらくして,CC-000203-C01,reading,重要語の読み,「頃之」はどう読むか。,しばらくして,しばらくして,形と読みを一まとまりで覚える。標準的な読みは「しばらくして」。,なし,なし,なし,なし,なし,なし,なし,なし,大学入試漢文・頻出漢字（語義の照合）,https://cafetalk.com/column/read/?id=325787&lang=ja,なし
漢文_Deck1_最重要句法・語彙_250項目,CC-000203,203,Deck1_最重要句法・語彙,重要語,時間・展開,頃之,しばらくして,なし,時間語,形=頃之;読み=しばらくして;意味=しばらくして,CC-000203-C02,meaning,重要語の意味,「頃之」の基本的な意味を答えよ。,しばらくして,しばらくして,訳の核は「しばらくして」。本文では前後関係に合わせて自然な日本語へ整える。,なし,なし,なし,なし,なし,なし,なし,なし,大学入試漢文・頻出漢字（語義の照合）,https://cafetalk.com/column/read/?id=325787&lang=ja,なし
漢文_Deck1_最重要句法・語彙_250項目,CC-000204,204,Deck1_最重要句法・語彙,重要語,時間・展開,未幾,いくばくもなく,なし,時間語,形=未幾;読み=いくばくもなく;意味=ほどなく・間もなく,CC-000204-C01,reading,重要語の読み,「未幾」はどう読むか。,いくばくもなく,いくばくもなく,形と読みを一まとまりで覚える。標準的な読みは「いくばくもなく」。,なし,なし,なし,なし,なし,なし,なし,なし,大学入試漢文・頻出漢字（語義の照合）,https://cafetalk.com/column/read/?id=325787&lang=ja,なし
漢文_Deck1_最重要句法・語彙_250項目,CC-000204,204,Deck1_最重要句法・語彙,重要語,時間・展開,未幾,いくばくもなく,なし,時間語,形=未幾;読み=いくばくもなく;意味=ほどなく・間もなく,CC-000204-C02,meaning,重要語の意味,「未幾」の基本的な意味を答えよ。,ほどなく・間もなく,ほどなく・間もなく,訳の核は「ほどなく・間もなく」。本文では前後関係に合わせて自然な日本語へ整える。,なし,なし,なし,なし,なし,なし,なし,なし,大学入試漢文・頻出漢字（語義の照合）,https://cafetalk.com/column/read/?id=325787&lang=ja,なし
漢文_Deck1_最重要句法・語彙_250項目,CC-000205,205,Deck1_最重要句法・語彙,重要語,時間・変化,俄,にはかに,なし,副詞,形=俄;読み=にはかに;意味=急に,CC-000205-C01,reading,重要語の読み,「俄」はどう読むか。,にはかに,にはかに｜にわかに,形と読みを一まとまりで覚える。標準的な読みは「にはかに」。,なし,なし,なし,なし,なし,なし,なし,なし,大学入試漢文・頻出漢字（語義の照合）,https://cafetalk.com/column/read/?id=325787&lang=ja,なし
漢文_Deck1_最重要句法・語彙_250項目,CC-000205,205,Deck1_最重要句法・語彙,重要語,時間・変化,俄,にはかに,なし,副詞,形=俄;読み=にはかに;意味=急に,CC-000205-C02,meaning,重要語の意味,「俄」の基本的な意味を答えよ。,急に,急に,訳の核は「急に」。本文では前後関係に合わせて自然な日本語へ整える。,なし,なし,なし,なし,なし,なし,なし,なし,大学入試漢文・頻出漢字（語義の照合）,https://cafetalk.com/column/read/?id=325787&lang=ja,なし
漢文_Deck1_最重要句法・語彙_250項目,CC-000206,206,Deck1_最重要句法・語彙,重要語,時間・展開,俄而,にはかにして,なし,接続語,形=俄而;読み=にはかにして;意味=ほどなく・急に,CC-000206-C01,reading,重要語の読み,「俄而」はどう読むか。,にはかにして,にはかにして｜にわかにして,形と読みを一まとまりで覚える。標準的な読みは「にはかにして」。,なし,なし,なし,なし,なし,なし,なし,なし,大学入試漢文・頻出漢字（語義の照合）,https://cafetalk.com/column/read/?id=325787&lang=ja,なし
漢文_Deck1_最重要句法・語彙_250項目,CC-000206,206,Deck1_最重要句法・語彙,重要語,時間・展開,俄而,にはかにして,なし,接続語,形=俄而;読み=にはかにして;意味=ほどなく・急に,CC-000206-C02,meaning,重要語の意味,「俄而」の基本的な意味を答えよ。,ほどなく・急に,ほどなく・急に,訳の核は「ほどなく・急に」。本文では前後関係に合わせて自然な日本語へ整える。,なし,なし,なし,なし,なし,なし,なし,なし,大学入試漢文・頻出漢字（語義の照合）,https://cafetalk.com/column/read/?id=325787&lang=ja,なし
漢文_Deck1_最重要句法・語彙_250項目,CC-000207,207,Deck1_最重要句法・語彙,重要語,程度,益,ますます,なし,副詞,形=益;読み=ますます;意味=いっそう・ますます,CC-000207-C01,reading,重要語の読み,「益」はどう読むか。,ますます,ますます,形と読みを一まとまりで覚える。標準的な読みは「ますます」。,なし,なし,なし,なし,なし,なし,なし,なし,大学入試漢文・頻出漢字（語義の照合）,https://cafetalk.com/column/read/?id=325787&lang=ja,なし
漢文_Deck1_最重要句法・語彙_250項目,CC-000207,207,Deck1_最重要句法・語彙,重要語,程度,益,ますます,なし,副詞,形=益;読み=ますます;意味=いっそう・ますます,CC-000207-C02,meaning,重要語の意味,「益」の基本的な意味を答えよ。,いっそう・ますます,いっそう・ますます,訳の核は「いっそう・ますます」。本文では前後関係に合わせて自然な日本語へ整える。,なし,なし,なし,なし,なし,なし,なし,なし,大学入試漢文・頻出漢字（語義の照合）,https://cafetalk.com/column/read/?id=325787&lang=ja,なし
漢文_Deck1_最重要句法・語彙_250項目,CC-000208,208,Deck1_最重要句法・語彙,重要語,程度,愈,いよいよ,なし,副詞,形=愈;読み=いよいよ;意味=ますます・いっそう,CC-000208-C01,reading,重要語の読み,「愈」はどう読むか。,いよいよ,いよいよ,形と読みを一まとまりで覚える。標準的な読みは「いよいよ」。,なし,なし,なし,なし,なし,なし,なし,なし,大学入試漢文・頻出漢字（語義の照合）,https://cafetalk.com/column/read/?id=325787&lang=ja,なし
漢文_Deck1_最重要句法・語彙_250項目,CC-000208,208,Deck1_最重要句法・語彙,重要語,程度,愈,いよいよ,なし,副詞,形=愈;読み=いよいよ;意味=ますます・いっそう,CC-000208-C02,meaning,重要語の意味,「愈」の基本的な意味を答えよ。,ますます・いっそう,ますます・いっそう,訳の核は「ますます・いっそう」。本文では前後関係に合わせて自然な日本語へ整える。,なし,なし,なし,なし,なし,なし,なし,なし,大学入試漢文・頻出漢字（語義の照合）,https://cafetalk.com/column/read/?id=325787&lang=ja,なし
漢文_Deck1_最重要句法・語彙_250項目,CC-000209,209,Deck1_最重要句法・語彙,重要語,程度,甚,はなはだ,なし,副詞,形=甚;読み=はなはだ;意味=非常に,CC-000209-C01,reading,重要語の読み,「甚」はどう読むか。,はなはだ,はなはだ,形と読みを一まとまりで覚える。標準的な読みは「はなはだ」。,なし,なし,なし,なし,なし,なし,なし,なし,大学入試漢文・頻出漢字（語義の照合）,https://cafetalk.com/column/read/?id=325787&lang=ja,なし
漢文_Deck1_最重要句法・語彙_250項目,CC-000209,209,Deck1_最重要句法・語彙,重要語,程度,甚,はなはだ,なし,副詞,形=甚;読み=はなはだ;意味=非常に,CC-000209-C02,meaning,重要語の意味,「甚」の基本的な意味を答えよ。,非常に,非常に,訳の核は「非常に」。本文では前後関係に合わせて自然な日本語へ整える。,なし,なし,なし,なし,なし,なし,なし,なし,大学入試漢文・頻出漢字（語義の照合）,https://cafetalk.com/column/read/?id=325787&lang=ja,なし
漢文_Deck1_最重要句法・語彙_250項目,CC-000210,210,Deck1_最重要句法・語彙,重要語,程度,頗,すこぶる,なし,副詞,形=頗;読み=すこぶる;意味=非常に／やや,CC-000210-C01,reading,重要語の読み,「頗」はどう読むか。,すこぶる,すこぶる,形と読みを一まとまりで覚える。標準的な読みは「すこぶる」。,なし,なし,なし,なし,なし,なし,なし,なし,大学入試漢文・頻出漢字（語義の照合）,https://cafetalk.com/column/read/?id=325787&lang=ja,なし
漢文_Deck1_最重要句法・語彙_250項目,CC-000210,210,Deck1_最重要句法・語彙,重要語,程度,頗,すこぶる,なし,副詞,形=頗;読み=すこぶる;意味=非常に／やや,CC-000210-C02,meaning,重要語の意味,「頗」の主な意味を2つ答えよ。,非常に／やや,非常に／やや,訳の核は「非常に／やや」。本文では前後関係に合わせて自然な日本語へ整える。,なし,なし,なし,なし,なし,なし,なし,なし,大学入試漢文・頻出漢字（語義の照合）,https://cafetalk.com/column/read/?id=325787&lang=ja,なし
漢文_Deck1_最重要句法・語彙_250項目,CC-000211,211,Deck1_最重要句法・語彙,重要語,程度・判断,殆,ほとんど／あやふし,なし,多義語,形=殆;読み=ほとんど／あやふし;意味=もう少しで／危うい,CC-000211-C01,reading,重要語の読み,「殆」の代表的な読みを2つ答えよ。,ほとんど／あやふし,ほとんど／あやふし,形と読みを一まとまりで覚える。標準的な読みは「ほとんど／あやふし」。,なし,なし,なし,なし,なし,なし,なし,なし,大学入試漢文・頻出漢字（語義の照合）,https://cafetalk.com/column/read/?id=325787&lang=ja,なし
漢文_Deck1_最重要句法・語彙_250項目,CC-000211,211,Deck1_最重要句法・語彙,重要語,程度・判断,殆,ほとんど／あやふし,なし,多義語,形=殆;読み=ほとんど／あやふし;意味=もう少しで／危うい,CC-000211-C02,meaning,重要語の意味,「殆」の主な意味を2つ答えよ。,もう少しで／危うい,もう少しで／危うい,訳の核は「もう少しで／危うい」。本文では前後関係に合わせて自然な日本語へ整える。,なし,なし,なし,なし,なし,なし,なし,なし,大学入試漢文・頻出漢字（語義の照合）,https://cafetalk.com/column/read/?id=325787&lang=ja,なし
漢文_Deck1_最重要句法・語彙_250項目,CC-000212,212,Deck1_最重要句法・語彙,重要語,判断,固,もとより,なし,副詞,形=固;読み=もとより;意味=もともと・言うまでもなく,CC-000212-C01,reading,重要語の読み,「固」はどう読むか。,もとより,もとより,形と読みを一まとまりで覚える。標準的な読みは「もとより」。,なし,なし,なし,なし,なし,素,固は本来・当然、素は平素からの意が中心。,なし,大学入試漢文・頻出漢字（語義の照合）,https://cafetalk.com/column/read/?id=325787&lang=ja,なし
漢文_Deck1_最重要句法・語彙_250項目,CC-000212,212,Deck1_最重要句法・語彙,重要語,判断,固,もとより,なし,副詞,形=固;読み=もとより;意味=もともと・言うまでもなく,CC-000212-C02,meaning,重要語の意味,「固」の基本的な意味を答えよ。,もともと・言うまでもなく,もともと・言うまでもなく,訳の核は「もともと・言うまでもなく」。本文では前後関係に合わせて自然な日本語へ整える。,なし,なし,なし,なし,なし,素,固は本来・当然、素は平素からの意が中心。,なし,大学入試漢文・頻出漢字（語義の照合）,https://cafetalk.com/column/read/?id=325787&lang=ja,なし
漢文_Deck1_最重要句法・語彙_250項目,CC-000213,213,Deck1_最重要句法・語彙,重要語,時間・状態,素,もとより,なし,副詞,形=素;読み=もとより;意味=ふだんから・以前から,CC-000213-C01,reading,重要語の読み,「素」はどう読むか。,もとより,もとより,形と読みを一まとまりで覚える。標準的な読みは「もとより」。,なし,なし,なし,なし,なし,固,素は「ふだんから」、固は「もともと・当然」。,なし,大学入試漢文・頻出漢字（語義の照合）,https://cafetalk.com/column/read/?id=325787&lang=ja,なし
漢文_Deck1_最重要句法・語彙_250項目,CC-000213,213,Deck1_最重要句法・語彙,重要語,時間・状態,素,もとより,なし,副詞,形=素;読み=もとより;意味=ふだんから・以前から,CC-000213-C02,meaning,重要語の意味,「素」の基本的な意味を答えよ。,ふだんから・以前から,ふだんから・以前から,訳の核は「ふだんから・以前から」。本文では前後関係に合わせて自然な日本語へ整える。,なし,なし,なし,なし,なし,固,素は「ふだんから」、固は「もともと・当然」。,なし,大学入試漢文・頻出漢字（語義の照合）,https://cafetalk.com/column/read/?id=325787&lang=ja,なし
漢文_Deck1_最重要句法・語彙_250項目,CC-000214,214,Deck1_最重要句法・語彙,重要語,判断・強調,信,まことに,なし,副詞,形=信;読み=まことに;意味=本当に・確かに,CC-000214-C01,reading,重要語の読み,「信」はどう読むか。,まことに,まことに,形と読みを一まとまりで覚える。標準的な読みは「まことに」。,なし,なし,なし,なし,なし,なし,なし,なし,大学入試漢文・頻出漢字（語義の照合）,https://cafetalk.com/column/read/?id=325787&lang=ja,なし
漢文_Deck1_最重要句法・語彙_250項目,CC-000214,214,Deck1_最重要句法・語彙,重要語,判断・強調,信,まことに,なし,副詞,形=信;読み=まことに;意味=本当に・確かに,CC-000214-C02,meaning,重要語の意味,「信」の基本的な意味を答えよ。,本当に・確かに,本当に・確かに,訳の核は「本当に・確かに」。本文では前後関係に合わせて自然な日本語へ整える。,なし,なし,なし,なし,なし,なし,なし,なし,大学入試漢文・頻出漢字（語義の照合）,https://cafetalk.com/column/read/?id=325787&lang=ja,なし
漢文_Deck1_最重要句法・語彙_250項目,CC-000215,215,Deck1_最重要句法・語彙,重要語,時間・偶然,偶,たまたま,なし,副詞,形=偶;読み=たまたま;意味=偶然に,CC-000215-C01,reading,重要語の読み,「偶」はどう読むか。,たまたま,たまたま,形と読みを一まとまりで覚える。標準的な読みは「たまたま」。,なし,なし,なし,なし,なし,なし,なし,なし,大学入試漢文・頻出漢字（語義の照合）,https://cafetalk.com/column/read/?id=325787&lang=ja,なし
漢文_Deck1_最重要句法・語彙_250項目,CC-000215,215,Deck1_最重要句法・語彙,重要語,時間・偶然,偶,たまたま,なし,副詞,形=偶;読み=たまたま;意味=偶然に,CC-000215-C02,meaning,重要語の意味,「偶」の基本的な意味を答えよ。,偶然に,偶然に,訳の核は「偶然に」。本文では前後関係に合わせて自然な日本語へ整える。,なし,なし,なし,なし,なし,なし,なし,なし,大学入試漢文・頻出漢字（語義の照合）,https://cafetalk.com/column/read/?id=325787&lang=ja,なし
漢文_Deck1_最重要句法・語彙_250項目,CC-000216,216,Deck1_最重要句法・語彙,重要語,時間・偶然,適,たまたま,なし,副詞,形=適;読み=たまたま;意味=ちょうど・たまたま,CC-000216-C01,reading,重要語の読み,「適」はどう読むか。,たまたま,たまたま,形と読みを一まとまりで覚える。標準的な読みは「たまたま」。,なし,なし,なし,なし,なし,なし,なし,なし,大学入試漢文・頻出漢字（語義の照合）,https://cafetalk.com/column/read/?id=325787&lang=ja,なし
漢文_Deck1_最重要句法・語彙_250項目,CC-000216,216,Deck1_最重要句法・語彙,重要語,時間・偶然,適,たまたま,なし,副詞,形=適;読み=たまたま;意味=ちょうど・たまたま,CC-000216-C02,meaning,重要語の意味,「適」の基本的な意味を答えよ。,ちょうど・たまたま,ちょうど・たまたま,訳の核は「ちょうど・たまたま」。本文では前後関係に合わせて自然な日本語へ整える。,なし,なし,なし,なし,なし,なし,なし,なし,大学入試漢文・頻出漢字（語義の照合）,https://cafetalk.com/column/read/?id=325787&lang=ja,なし
漢文_Deck1_最重要句法・語彙_250項目,CC-000217,217,Deck1_最重要句法・語彙,重要語,定義・提示,所謂,いはゆる,なし,連語,形=所謂;読み=いはゆる;意味=世間でいう・いわゆる,CC-000217-C01,reading,重要語の読み,「所謂」はどう読むか。,いはゆる,いはゆる,形と読みを一まとまりで覚える。標準的な読みは「いはゆる」。,なし,なし,なし,なし,なし,なし,なし,なし,大学入試漢文・頻出漢字（語義の照合）,https://cafetalk.com/column/read/?id=325787&lang=ja,なし
漢文_Deck1_最重要句法・語彙_250項目,CC-000217,217,Deck1_最重要句法・語彙,重要語,定義・提示,所謂,いはゆる,なし,連語,形=所謂;読み=いはゆる;意味=世間でいう・いわゆる,CC-000217-C02,meaning,重要語の意味,「所謂」の基本的な意味を答えよ。,世間でいう・いわゆる,世間でいう・いわゆる,訳の核は「世間でいう・いわゆる」。本文では前後関係に合わせて自然な日本語へ整える。,なし,なし,なし,なし,なし,なし,なし,なし,大学入試漢文・頻出漢字（語義の照合）,https://cafetalk.com/column/read/?id=325787&lang=ja,なし
漢文_Deck1_最重要句法・語彙_250項目,CC-000218,218,Deck1_最重要句法・語彙,重要語,社会・政治,百姓,ひゃくせい,なし,社会語,形=百姓;読み=ひゃくせい;意味=人民・国民,CC-000218-C01,reading,重要語の読み,「百姓」はどう読むか。,ひゃくせい,ひゃくせい,形と読みを一まとまりで覚える。標準的な読みは「ひゃくせい」。,なし,なし,なし,なし,なし,現代語の百姓,古典漢文では農民に限らず、広く人民を指す。,百の姓＝広く人民。,大学入試漢文・頻出漢字（語義の照合）,https://cafetalk.com/column/read/?id=325787&lang=ja,なし
漢文_Deck1_最重要句法・語彙_250項目,CC-000218,218,Deck1_最重要句法・語彙,重要語,社会・政治,百姓,ひゃくせい,なし,社会語,形=百姓;読み=ひゃくせい;意味=人民・国民,CC-000218-C02,meaning,重要語の意味,「百姓」の基本的な意味を答えよ。,人民・国民,人民・国民,訳の核は「人民・国民」。本文では前後関係に合わせて自然な日本語へ整える。,なし,なし,なし,なし,なし,現代語の百姓,古典漢文では農民に限らず、広く人民を指す。,百の姓＝広く人民。,大学入試漢文・頻出漢字（語義の照合）,https://cafetalk.com/column/read/?id=325787&lang=ja,なし
漢文_Deck1_最重要句法・語彙_250項目,CC-000219,219,Deck1_最重要句法・語彙,重要語,社会・政治,社稷,しゃしょく,なし,社会語,形=社稷;読み=しゃしょく;意味=国家,CC-000219-C01,reading,重要語の読み,「社稷」はどう読むか。,しゃしょく,しゃしょく,形と読みを一まとまりで覚える。標準的な読みは「しゃしょく」。,なし,なし,なし,なし,なし,なし,なし,土地の神「社」と穀物の神「稷」から国家を表す。,大学入試漢文・頻出漢字（語義の照合）,https://cafetalk.com/column/read/?id=325787&lang=ja,なし
漢文_Deck1_最重要句法・語彙_250項目,CC-000219,219,Deck1_最重要句法・語彙,重要語,社会・政治,社稷,しゃしょく,なし,社会語,形=社稷;読み=しゃしょく;意味=国家,CC-000219-C02,meaning,重要語の意味,「社稷」の基本的な意味を答えよ。,国家,国家,訳の核は「国家」。本文では前後関係に合わせて自然な日本語へ整える。,なし,なし,なし,なし,なし,なし,なし,土地の神「社」と穀物の神「稷」から国家を表す。,大学入試漢文・頻出漢字（語義の照合）,https://cafetalk.com/column/read/?id=325787&lang=ja,なし
漢文_Deck1_最重要句法・語彙_250項目,CC-000220,220,Deck1_最重要句法・語彙,重要語,思考・判断,遠慮,えんりょ,なし,古今異義語,形=遠慮;読み=えんりょ;意味=遠い将来まで見通した深い考え,CC-000220-C01,reading,重要語の読み,「遠慮」はどう読むか。,えんりょ,えんりょ,形と読みを一まとまりで覚える。標準的な読みは「えんりょ」。,なし,なし,なし,なし,なし,現代語の遠慮,「控えめにする」ではなく、先々まで考えること。,遠くまで思慮する＝先の先まで考える。,大学入試漢文・頻出漢字（語義の照合）,https://cafetalk.com/column/read/?id=325787&lang=ja,なし
漢文_Deck1_最重要句法・語彙_250項目,CC-000220,220,Deck1_最重要句法・語彙,重要語,思考・判断,遠慮,えんりょ,なし,古今異義語,形=遠慮;読み=えんりょ;意味=遠い将来まで見通した深い考え,CC-000220-C02,meaning,重要語の意味,「遠慮」の基本的な意味を答えよ。,遠い将来まで見通した深い考え,遠い将来まで見通した深い考え,訳の核は「遠い将来まで見通した深い考え」。本文では前後関係に合わせて自然な日本語へ整える。,なし,なし,なし,なし,なし,現代語の遠慮,「控えめにする」ではなく、先々まで考えること。,遠くまで思慮する＝先の先まで考える。,大学入試漢文・頻出漢字（語義の照合）,https://cafetalk.com/column/read/?id=325787&lang=ja,なし
漢文_Deck1_最重要句法・語彙_250項目,CC-000221,221,Deck1_最重要句法・語彙,重要語,感情・評価,愛,をしむ,なし,古今異義語,形=愛;読み=をしむ;意味=大切にする／出し惜しみする,CC-000221-C01,reading,重要語の読み,「愛」はどう読むか。,をしむ,をしむ｜おしむ,形と読みを一まとまりで覚える。標準的な読みは「をしむ」。,なし,なし,なし,なし,なし,現代語の愛する,好意だけでなく、物を惜しむ意味が頻出。,なし,大学入試漢文・頻出漢字（語義の照合）,https://cafetalk.com/column/read/?id=325787&lang=ja,なし
漢文_Deck1_最重要句法・語彙_250項目,CC-000221,221,Deck1_最重要句法・語彙,重要語,感情・評価,愛,をしむ,なし,古今異義語,形=愛;読み=をしむ;意味=大切にする／出し惜しみする,CC-000221-C02,meaning,重要語の意味,「愛」の主な意味を2つ答えよ。,大切にする／出し惜しみする,大切にする／出し惜しみする,訳の核は「大切にする／出し惜しみする」。本文では前後関係に合わせて自然な日本語へ整える。,なし,なし,なし,なし,なし,現代語の愛する,好意だけでなく、物を惜しむ意味が頻出。,なし,大学入試漢文・頻出漢字（語義の照合）,https://cafetalk.com/column/read/?id=325787&lang=ja,なし
漢文_Deck1_最重要句法・語彙_250項目,CC-000222,222,Deck1_最重要句法・語彙,重要語,感情・評価,憐,あはれむ,なし,多義語,形=憐;読み=あはれむ;意味=かわいがる・気の毒に思う,CC-000222-C01,reading,重要語の読み,「憐」はどう読むか。,あはれむ,あはれむ｜あわれむ,形と読みを一まとまりで覚える。標準的な読みは「あはれむ」。,なし,なし,なし,なし,なし,なし,なし,なし,大学入試漢文・頻出漢字（語義の照合）,https://cafetalk.com/column/read/?id=325787&lang=ja,なし
漢文_Deck1_最重要句法・語彙_250項目,CC-000222,222,Deck1_最重要句法・語彙,重要語,感情・評価,憐,あはれむ,なし,多義語,形=憐;読み=あはれむ;意味=かわいがる・気の毒に思う,CC-000222-C02,meaning,重要語の意味,「憐」の基本的な意味を答えよ。,かわいがる・気の毒に思う,かわいがる・気の毒に思う,訳の核は「かわいがる・気の毒に思う」。本文では前後関係に合わせて自然な日本語へ整える。,なし,なし,なし,なし,なし,なし,なし,なし,大学入試漢文・頻出漢字（語義の照合）,https://cafetalk.com/column/read/?id=325787&lang=ja,なし
漢文_Deck1_最重要句法・語彙_250項目,CC-000223,223,Deck1_最重要句法・語彙,重要語,感情・評価,怨,うらむ,なし,多義語,形=怨;読み=うらむ;意味=恨む・責める,CC-000223-C01,reading,重要語の読み,「怨」はどう読むか。,うらむ,うらむ,形と読みを一まとまりで覚える。標準的な読みは「うらむ」。,なし,なし,なし,なし,なし,なし,なし,なし,大学入試漢文・頻出漢字（語義の照合）,https://cafetalk.com/column/read/?id=325787&lang=ja,なし
漢文_Deck1_最重要句法・語彙_250項目,CC-000223,223,Deck1_最重要句法・語彙,重要語,感情・評価,怨,うらむ,なし,多義語,形=怨;読み=うらむ;意味=恨む・責める,CC-000223-C02,meaning,重要語の意味,「怨」の基本的な意味を答えよ。,恨む・責める,恨む・責める,訳の核は「恨む・責める」。本文では前後関係に合わせて自然な日本語へ整える。,なし,なし,なし,なし,なし,なし,なし,なし,大学入試漢文・頻出漢字（語義の照合）,https://cafetalk.com/column/read/?id=325787&lang=ja,なし
漢文_Deck1_最重要句法・語彙_250項目,CC-000224,224,Deck1_最重要句法・語彙,重要語,意志・判断,肯,がへんず／あへて〜,なし,多義語,形=肯;読み=がへんず／あへて〜;意味=承知する／進んで〜する,CC-000224-C01,reading,重要語の読み,「肯」の代表的な読みを2つ答えよ。,がへんず／あへて〜,がへんず／あへて〜｜がへんず／あえて〜,形と読みを一まとまりで覚える。標準的な読みは「がへんず／あへて〜」。,なし,なし,なし,なし,なし,なし,なし,なし,大学入試漢文・頻出漢字（語義の照合）,https://cafetalk.com/column/read/?id=325787&lang=ja,なし
漢文_Deck1_最重要句法・語彙_250項目,CC-000224,224,Deck1_最重要句法・語彙,重要語,意志・判断,肯,がへんず／あへて〜,なし,多義語,形=肯;読み=がへんず／あへて〜;意味=承知する／進んで〜する,CC-000224-C02,meaning,重要語の意味,「肯」の主な意味を2つ答えよ。,承知する／進んで〜する,承知する／進んで〜する,訳の核は「承知する／進んで〜する」。本文では前後関係に合わせて自然な日本語へ整える。,なし,なし,なし,なし,なし,なし,なし,なし,大学入試漢文・頻出漢字（語義の照合）,https://cafetalk.com/column/read/?id=325787&lang=ja,なし
漢文_Deck1_最重要句法・語彙_250項目,CC-000225,225,Deck1_最重要句法・語彙,重要語,感情・評価,忌,いむ,なし,多義語,形=忌;読み=いむ;意味=嫌う・恐れる,CC-000225-C01,reading,重要語の読み,「忌」はどう読むか。,いむ,いむ,形と読みを一まとまりで覚える。標準的な読みは「いむ」。,なし,なし,なし,なし,なし,なし,なし,なし,大学入試漢文・頻出漢字（語義の照合）,https://cafetalk.com/column/read/?id=325787&lang=ja,なし
漢文_Deck1_最重要句法・語彙_250項目,CC-000225,225,Deck1_最重要句法・語彙,重要語,感情・評価,忌,いむ,なし,多義語,形=忌;読み=いむ;意味=嫌う・恐れる,CC-000225-C02,meaning,重要語の意味,「忌」の基本的な意味を答えよ。,嫌う・恐れる,嫌う・恐れる,訳の核は「嫌う・恐れる」。本文では前後関係に合わせて自然な日本語へ整える。,なし,なし,なし,なし,なし,なし,なし,なし,大学入試漢文・頻出漢字（語義の照合）,https://cafetalk.com/column/read/?id=325787&lang=ja,なし
漢文_Deck1_最重要句法・語彙_250項目,CC-000226,226,Deck1_最重要句法・語彙,重要語,思考・判断,惑,まどふ,なし,多義語,形=惑;読み=まどふ;意味=迷う・判断を誤る,CC-000226-C01,reading,重要語の読み,「惑」はどう読むか。,まどふ,まどふ｜まどう,形と読みを一まとまりで覚える。標準的な読みは「まどふ」。,なし,なし,なし,なし,なし,なし,なし,なし,大学入試漢文・頻出漢字（語義の照合）,https://cafetalk.com/column/read/?id=325787&lang=ja,なし
漢文_Deck1_最重要句法・語彙_250項目,CC-000226,226,Deck1_最重要句法・語彙,重要語,思考・判断,惑,まどふ,なし,多義語,形=惑;読み=まどふ;意味=迷う・判断を誤る,CC-000226-C02,meaning,重要語の意味,「惑」の基本的な意味を答えよ。,迷う・判断を誤る,迷う・判断を誤る,訳の核は「迷う・判断を誤る」。本文では前後関係に合わせて自然な日本語へ整える。,なし,なし,なし,なし,なし,なし,なし,なし,大学入試漢文・頻出漢字（語義の照合）,https://cafetalk.com/column/read/?id=325787&lang=ja,なし
漢文_Deck1_最重要句法・語彙_250項目,CC-000227,227,Deck1_最重要句法・語彙,重要語,話題転換,若夫,それ〜にいたりては,なし,接続句,形=若夫;読み=それ〜にいたりては;意味=それ・〜に関していえば,CC-000227-C01,reading,重要語の読み,「若夫」はどう読むか。,それ〜にいたりては,それ〜にいたりては,形と読みを一まとまりで覚える。標準的な読みは「それ〜にいたりては」。,なし,なし,なし,なし,なし,なし,なし,なし,大学入試漢文・頻出漢字（語義の照合）,https://cafetalk.com/column/read/?id=325787&lang=ja,なし
漢文_Deck1_最重要句法・語彙_250項目,CC-000227,227,Deck1_最重要句法・語彙,重要語,話題転換,若夫,それ〜にいたりては,なし,接続句,形=若夫;読み=それ〜にいたりては;意味=それ・〜に関していえば,CC-000227-C02,meaning,重要語の意味,「若夫」の基本的な意味を答えよ。,それ・〜に関していえば,それ・〜に関していえば,訳の核は「それ・〜に関していえば」。本文では前後関係に合わせて自然な日本語へ整える。,なし,なし,なし,なし,なし,なし,なし,なし,大学入試漢文・頻出漢字（語義の照合）,https://cafetalk.com/column/read/?id=325787&lang=ja,なし
漢文_Deck1_最重要句法・語彙_250項目,CC-000228,228,Deck1_最重要句法・語彙,重要語,評価・人物,賢,けん／かしこし,なし,多義語,形=賢;読み=けん／かしこし;意味=優れている／徳のある人,CC-000228-C01,reading,重要語の読み,「賢」の代表的な読みを2つ答えよ。,けん／かしこし,けん／かしこし,形と読みを一まとまりで覚える。標準的な読みは「けん／かしこし」。,なし,なし,なし,なし,なし,なし,なし,なし,大学入試漢文・頻出漢字（語義の照合）,https://cafetalk.com/column/read/?id=325787&lang=ja,なし
漢文_Deck1_最重要句法・語彙_250項目,CC-000228,228,Deck1_最重要句法・語彙,重要語,評価・人物,賢,けん／かしこし,なし,多義語,形=賢;読み=けん／かしこし;意味=優れている／徳のある人,CC-000228-C02,meaning,重要語の意味,「賢」の主な意味を2つ答えよ。,優れている／徳のある人,優れている／徳のある人,訳の核は「優れている／徳のある人」。本文では前後関係に合わせて自然な日本語へ整える。,なし,なし,なし,なし,なし,なし,なし,なし,大学入試漢文・頻出漢字（語義の照合）,https://cafetalk.com/column/read/?id=325787&lang=ja,なし
漢文_Deck1_最重要句法・語彙_250項目,CC-000229,229,Deck1_最重要句法・語彙,重要語,能力,能,よくす／あたふ,なし,多義語,形=能;読み=よくす／あたふ;意味=できる・能力がある,CC-000229-C01,reading,重要語の読み,「能」の代表的な読みを2つ答えよ。,よくす／あたふ,よくす／あたふ,形と読みを一まとまりで覚える。標準的な読みは「よくす／あたふ」。,なし,なし,なし,なし,なし,なし,なし,なし,大学入試漢文・頻出漢字（語義の照合）,https://cafetalk.com/column/read/?id=325787&lang=ja,なし
漢文_Deck1_最重要句法・語彙_250項目,CC-000229,229,Deck1_最重要句法・語彙,重要語,能力,能,よくす／あたふ,なし,多義語,形=能;読み=よくす／あたふ;意味=できる・能力がある,CC-000229-C02,meaning,重要語の意味,「能」の基本的な意味を答えよ。,できる・能力がある,できる・能力がある,訳の核は「できる・能力がある」。本文では前後関係に合わせて自然な日本語へ整える。,なし,なし,なし,なし,なし,なし,なし,なし,大学入試漢文・頻出漢字（語義の照合）,https://cafetalk.com/column/read/?id=325787&lang=ja,なし
漢文_Deck1_最重要句法・語彙_250項目,CC-000230,230,Deck1_最重要句法・語彙,重要語,話題転換,至於,〜にいたりては,なし,接続句,形=至於;読み=〜にいたりては;意味=〜については・〜の段階になると,CC-000230-C01,reading,重要語の読み,「至於」はどう読むか。,〜にいたりては,〜にいたりては,形と読みを一まとまりで覚える。標準的な読みは「〜にいたりては」。,なし,なし,なし,なし,なし,なし,なし,なし,大学入試漢文・頻出漢字（語義の照合）,https://cafetalk.com/column/read/?id=325787&lang=ja,なし
漢文_Deck1_最重要句法・語彙_250項目,CC-000230,230,Deck1_最重要句法・語彙,重要語,話題転換,至於,〜にいたりては,なし,接続句,形=至於;読み=〜にいたりては;意味=〜については・〜の段階になると,CC-000230-C02,meaning,重要語の意味,「至於」の基本的な意味を答えよ。,〜については・〜の段階になると,〜については・〜の段階になると,訳の核は「〜については・〜の段階になると」。本文では前後関係に合わせて自然な日本語へ整える。,なし,なし,なし,なし,なし,なし,なし,なし,大学入試漢文・頻出漢字（語義の照合）,https://cafetalk.com/column/read/?id=325787&lang=ja,なし
漢文_Deck1_最重要句法・語彙_250項目,CC-000231,231,Deck1_最重要句法・語彙,重要語,行動・状態,易,かふ,なし,古今異義語,形=易;読み=かふ;意味=取り替える,CC-000231-C01,reading,重要語の読み,「易」はどう読むか。,かふ,かふ,形と読みを一まとまりで覚える。標準的な読みは「かふ」。,なし,なし,なし,なし,なし,やさしい,動詞では「取り替える」と読む。,なし,大学入試漢文・頻出漢字（語義の照合）,https://cafetalk.com/column/read/?id=325787&lang=ja,なし
漢文_Deck1_最重要句法・語彙_250項目,CC-000231,231,Deck1_最重要句法・語彙,重要語,行動・状態,易,かふ,なし,古今異義語,形=易;読み=かふ;意味=取り替える,CC-000231-C02,meaning,重要語の意味,「易」の基本的な意味を答えよ。,取り替える,取り替える,訳の核は「取り替える」。本文では前後関係に合わせて自然な日本語へ整える。,なし,なし,なし,なし,なし,やさしい,動詞では「取り替える」と読む。,なし,大学入試漢文・頻出漢字（語義の照合）,https://cafetalk.com/column/read/?id=325787&lang=ja,なし
漢文_Deck1_最重要句法・語彙_250項目,CC-000232,232,Deck1_最重要句法・語彙,重要語,言語・行動,辞,じす,なし,多義語,形=辞;読み=じす;意味=辞退する／別れを告げる,CC-000232-C01,reading,重要語の読み,「辞」はどう読むか。,じす,じす,形と読みを一まとまりで覚える。標準的な読みは「じす」。,なし,なし,なし,なし,なし,なし,なし,なし,大学入試漢文・頻出漢字（語義の照合）,https://cafetalk.com/column/read/?id=325787&lang=ja,なし
漢文_Deck1_最重要句法・語彙_250項目,CC-000232,232,Deck1_最重要句法・語彙,重要語,言語・行動,辞,じす,なし,多義語,形=辞;読み=じす;意味=辞退する／別れを告げる,CC-000232-C02,meaning,重要語の意味,「辞」の主な意味を2つ答えよ。,辞退する／別れを告げる,辞退する／別れを告げる,訳の核は「辞退する／別れを告げる」。本文では前後関係に合わせて自然な日本語へ整える。,なし,なし,なし,なし,なし,なし,なし,なし,大学入試漢文・頻出漢字（語義の照合）,https://cafetalk.com/column/read/?id=325787&lang=ja,なし
漢文_Deck1_最重要句法・語彙_250項目,CC-000233,233,Deck1_最重要句法・語彙,重要語,言語・行動,謝,しゃす,なし,多義語,形=謝;読み=しゃす;意味=謝る／断る／礼を言う,CC-000233-C01,reading,重要語の読み,「謝」はどう読むか。,しゃす,しゃす,形と読みを一まとまりで覚える。標準的な読みは「しゃす」。,なし,なし,なし,なし,なし,なし,なし,なし,大学入試漢文・頻出漢字（語義の照合）,https://cafetalk.com/column/read/?id=325787&lang=ja,なし
漢文_Deck1_最重要句法・語彙_250項目,CC-000233,233,Deck1_最重要句法・語彙,重要語,言語・行動,謝,しゃす,なし,多義語,形=謝;読み=しゃす;意味=謝る／断る／礼を言う,CC-000233-C02,meaning,重要語の意味,「謝」の主な意味を3つ答えよ。,謝る／断る／礼を言う,謝る／断る／礼を言う,訳の核は「謝る／断る／礼を言う」。本文では前後関係に合わせて自然な日本語へ整える。,なし,なし,なし,なし,なし,なし,なし,なし,大学入試漢文・頻出漢字（語義の照合）,https://cafetalk.com/column/read/?id=325787&lang=ja,なし
漢文_Deck1_最重要句法・語彙_250項目,CC-000234,234,Deck1_最重要句法・語彙,重要語,行動・状態,過,よぎる／あやまつ,なし,多義語,形=過;読み=よぎる／あやまつ;意味=立ち寄る／過ちを犯す,CC-000234-C01,reading,重要語の読み,「過」の代表的な読みを2つ答えよ。,よぎる／あやまつ,よぎる／あやまつ,形と読みを一まとまりで覚える。標準的な読みは「よぎる／あやまつ」。,なし,なし,なし,なし,なし,なし,なし,なし,大学入試漢文・頻出漢字（語義の照合）,https://cafetalk.com/column/read/?id=325787&lang=ja,なし
漢文_Deck1_最重要句法・語彙_250項目,CC-000234,234,Deck1_最重要句法・語彙,重要語,行動・状態,過,よぎる／あやまつ,なし,多義語,形=過;読み=よぎる／あやまつ;意味=立ち寄る／過ちを犯す,CC-000234-C02,meaning,重要語の意味,「過」の主な意味を2つ答えよ。,立ち寄る／過ちを犯す,立ち寄る／過ちを犯す,訳の核は「立ち寄る／過ちを犯す」。本文では前後関係に合わせて自然な日本語へ整える。,なし,なし,なし,なし,なし,なし,なし,なし,大学入試漢文・頻出漢字（語義の照合）,https://cafetalk.com/column/read/?id=325787&lang=ja,なし
漢文_Deck1_最重要句法・語彙_250項目,CC-000235,235,Deck1_最重要句法・語彙,重要語,感情・思考,患,わづらふ,なし,多義語,形=患;読み=わづらふ;意味=心配する・悩む,CC-000235-C01,reading,重要語の読み,「患」はどう読むか。,わづらふ,わづらふ｜わずらう,形と読みを一まとまりで覚える。標準的な読みは「わづらふ」。,なし,なし,なし,なし,なし,なし,なし,なし,大学入試漢文・頻出漢字（語義の照合）,https://cafetalk.com/column/read/?id=325787&lang=ja,なし
漢文_Deck1_最重要句法・語彙_250項目,CC-000235,235,Deck1_最重要句法・語彙,重要語,感情・思考,患,わづらふ,なし,多義語,形=患;読み=わづらふ;意味=心配する・悩む,CC-000235-C02,meaning,重要語の意味,「患」の基本的な意味を答えよ。,心配する・悩む,心配する・悩む,訳の核は「心配する・悩む」。本文では前後関係に合わせて自然な日本語へ整える。,なし,なし,なし,なし,なし,なし,なし,なし,大学入試漢文・頻出漢字（語義の照合）,https://cafetalk.com/column/read/?id=325787&lang=ja,なし
漢文_Deck1_最重要句法・語彙_250項目,CC-000236,236,Deck1_最重要句法・語彙,重要語,社会・行動,事,つかふ,なし,古今異義語,形=事;読み=つかふ;意味=仕える,CC-000236-C01,reading,重要語の読み,「事」はどう読むか。,つかふ,つかふ｜つかう,形と読みを一まとまりで覚える。標準的な読みは「つかふ」。,なし,なし,なし,なし,なし,こと,動詞では「つかふ」と読み、仕える意味。,なし,大学入試漢文・頻出漢字（語義の照合）,https://cafetalk.com/column/read/?id=325787&lang=ja,なし
漢文_Deck1_最重要句法・語彙_250項目,CC-000236,236,Deck1_最重要句法・語彙,重要語,社会・行動,事,つかふ,なし,古今異義語,形=事;読み=つかふ;意味=仕える,CC-000236-C02,meaning,重要語の意味,「事」の基本的な意味を答えよ。,仕える,仕える,訳の核は「仕える」。本文では前後関係に合わせて自然な日本語へ整える。,なし,なし,なし,なし,なし,こと,動詞では「つかふ」と読み、仕える意味。,なし,大学入試漢文・頻出漢字（語義の照合）,https://cafetalk.com/column/read/?id=325787&lang=ja,なし
漢文_Deck1_最重要句法・語彙_250項目,CC-000237,237,Deck1_最重要句法・語彙,重要語,言語・行動,対,こたふ,なし,古今異義語,形=対;読み=こたふ;意味=目上の人に答える,CC-000237-C01,reading,重要語の読み,「対」はどう読むか。,こたふ,こたふ｜こたう,形と読みを一まとまりで覚える。標準的な読みは「こたふ」。,なし,なし,なし,なし,なし,むかう,漢文では目上の人に答える意味が重要。,なし,大学入試漢文・頻出漢字（語義の照合）,https://cafetalk.com/column/read/?id=325787&lang=ja,なし
漢文_Deck1_最重要句法・語彙_250項目,CC-000237,237,Deck1_最重要句法・語彙,重要語,言語・行動,対,こたふ,なし,古今異義語,形=対;読み=こたふ;意味=目上の人に答える,CC-000237-C02,meaning,重要語の意味,「対」の基本的な意味を答えよ。,目上の人に答える,目上の人に答える,訳の核は「目上の人に答える」。本文では前後関係に合わせて自然な日本語へ整える。,なし,なし,なし,なし,なし,むかう,漢文では目上の人に答える意味が重要。,なし,大学入試漢文・頻出漢字（語義の照合）,https://cafetalk.com/column/read/?id=325787&lang=ja,なし
漢文_Deck1_最重要句法・語彙_250項目,CC-000238,238,Deck1_最重要句法・語彙,重要語,能力・状態,勝,たふ,なし,古今異義語,形=勝;読み=たふ;意味=耐える・持ちこたえる,CC-000238-C01,reading,重要語の読み,「勝」はどう読むか。,たふ,たふ,形と読みを一まとまりで覚える。標準的な読みは「たふ」。,なし,なし,なし,なし,なし,勝つ,「たふ」と読めば、耐える・持ちこたえる。,なし,大学入試漢文・頻出漢字（語義の照合）,https://cafetalk.com/column/read/?id=325787&lang=ja,なし
漢文_Deck1_最重要句法・語彙_250項目,CC-000238,238,Deck1_最重要句法・語彙,重要語,能力・状態,勝,たふ,なし,古今異義語,形=勝;読み=たふ;意味=耐える・持ちこたえる,CC-000238-C02,meaning,重要語の意味,「勝」の基本的な意味を答えよ。,耐える・持ちこたえる,耐える・持ちこたえる,訳の核は「耐える・持ちこたえる」。本文では前後関係に合わせて自然な日本語へ整える。,なし,なし,なし,なし,なし,勝つ,「たふ」と読めば、耐える・持ちこたえる。,なし,大学入試漢文・頻出漢字（語義の照合）,https://cafetalk.com/column/read/?id=325787&lang=ja,なし
漢文_Deck1_最重要句法・語彙_250項目,CC-000239,239,Deck1_最重要句法・語彙,重要語,行動・関係,服,ふくす,なし,多義語,形=服;読み=ふくす;意味=従う・降参する,CC-000239-C01,reading,重要語の読み,「服」はどう読むか。,ふくす,ふくす,形と読みを一まとまりで覚える。標準的な読みは「ふくす」。,なし,なし,なし,なし,なし,なし,なし,なし,大学入試漢文・頻出漢字（語義の照合）,https://cafetalk.com/column/read/?id=325787&lang=ja,なし
漢文_Deck1_最重要句法・語彙_250項目,CC-000239,239,Deck1_最重要句法・語彙,重要語,行動・関係,服,ふくす,なし,多義語,形=服;読み=ふくす;意味=従う・降参する,CC-000239-C02,meaning,重要語の意味,「服」の基本的な意味を答えよ。,従う・降参する,従う・降参する,訳の核は「従う・降参する」。本文では前後関係に合わせて自然な日本語へ整える。,なし,なし,なし,なし,なし,なし,なし,なし,大学入試漢文・頻出漢字（語義の照合）,https://cafetalk.com/column/read/?id=325787&lang=ja,なし
漢文_Deck1_最重要句法・語彙_250項目,CC-000240,240,Deck1_最重要句法・語彙,重要語,社会・政治,質,しち,なし,古今異義語,形=質;読み=しち;意味=人質,CC-000240-C01,reading,重要語の読み,「質」はどう読むか。,しち,しち,形と読みを一まとまりで覚える。標準的な読みは「しち」。,なし,なし,なし,なし,なし,なし,なし,なし,大学入試漢文・頻出漢字（語義の照合）,https://cafetalk.com/column/read/?id=325787&lang=ja,なし
漢文_Deck1_最重要句法・語彙_250項目,CC-000240,240,Deck1_最重要句法・語彙,重要語,社会・政治,質,しち,なし,古今異義語,形=質;読み=しち;意味=人質,CC-000240-C02,meaning,重要語の意味,「質」の基本的な意味を答えよ。,人質,人質,訳の核は「人質」。本文では前後関係に合わせて自然な日本語へ整える。,なし,なし,なし,なし,なし,なし,なし,なし,大学入試漢文・頻出漢字（語義の照合）,https://cafetalk.com/column/read/?id=325787&lang=ja,なし
漢文_Deck1_最重要句法・語彙_250項目,CC-000241,241,Deck1_最重要句法・語彙,重要語,移動,造,いたる,なし,古今異義語,形=造;読み=いたる;意味=行く・到着する,CC-000241-C01,reading,重要語の読み,「造」はどう読むか。,いたる,いたる,形と読みを一まとまりで覚える。標準的な読みは「いたる」。,なし,なし,なし,なし,なし,なし,なし,なし,大学入試漢文・頻出漢字（語義の照合）,https://cafetalk.com/column/read/?id=325787&lang=ja,なし
漢文_Deck1_最重要句法・語彙_250項目,CC-000241,241,Deck1_最重要句法・語彙,重要語,移動,造,いたる,なし,古今異義語,形=造;読み=いたる;意味=行く・到着する,CC-000241-C02,meaning,重要語の意味,「造」の基本的な意味を答えよ。,行く・到着する,行く・到着する,訳の核は「行く・到着する」。本文では前後関係に合わせて自然な日本語へ整える。,なし,なし,なし,なし,なし,なし,なし,なし,大学入試漢文・頻出漢字（語義の照合）,https://cafetalk.com/column/read/?id=325787&lang=ja,なし
漢文_Deck1_最重要句法・語彙_250項目,CC-000242,242,Deck1_最重要句法・語彙,重要語,移動・学問,遊,あそぶ,なし,古今異義語,形=遊;読み=あそぶ;意味=旅をする／他国へ学びに行く,CC-000242-C01,reading,重要語の読み,「遊」はどう読むか。,あそぶ,あそぶ,形と読みを一まとまりで覚える。標準的な読みは「あそぶ」。,なし,なし,なし,なし,なし,なし,なし,なし,大学入試漢文・頻出漢字（語義の照合）,https://cafetalk.com/column/read/?id=325787&lang=ja,なし
漢文_Deck1_最重要句法・語彙_250項目,CC-000242,242,Deck1_最重要句法・語彙,重要語,移動・学問,遊,あそぶ,なし,古今異義語,形=遊;読み=あそぶ;意味=旅をする／他国へ学びに行く,CC-000242-C02,meaning,重要語の意味,「遊」の主な意味を2つ答えよ。,旅をする／他国へ学びに行く,旅をする／他国へ学びに行く,訳の核は「旅をする／他国へ学びに行く」。本文では前後関係に合わせて自然な日本語へ整える。,なし,なし,なし,なし,なし,なし,なし,なし,大学入試漢文・頻出漢字（語義の照合）,https://cafetalk.com/column/read/?id=325787&lang=ja,なし
漢文_Deck1_最重要句法・語彙_250項目,CC-000243,243,Deck1_最重要句法・語彙,重要語,行動・状態,遺,わする／おくる,なし,多義語,形=遺;読み=わする／おくる;意味=忘れる／贈る・残す,CC-000243-C01,reading,重要語の読み,「遺」の代表的な読みを2つ答えよ。,わする／おくる,わする／おくる,形と読みを一まとまりで覚える。標準的な読みは「わする／おくる」。,なし,なし,なし,なし,なし,なし,なし,なし,大学入試漢文・頻出漢字（語義の照合）,https://cafetalk.com/column/read/?id=325787&lang=ja,なし
漢文_Deck1_最重要句法・語彙_250項目,CC-000243,243,Deck1_最重要句法・語彙,重要語,行動・状態,遺,わする／おくる,なし,多義語,形=遺;読み=わする／おくる;意味=忘れる／贈る・残す,CC-000243-C02,meaning,重要語の意味,「遺」の主な意味を2つ答えよ。,忘れる／贈る・残す,忘れる／贈る・残す,訳の核は「忘れる／贈る・残す」。本文では前後関係に合わせて自然な日本語へ整える。,なし,なし,なし,なし,なし,なし,なし,なし,大学入試漢文・頻出漢字（語義の照合）,https://cafetalk.com/column/read/?id=325787&lang=ja,なし
漢文_Deck1_最重要句法・語彙_250項目,CC-000244,244,Deck1_最重要句法・語彙,重要語,態度・行動,私,ひそかに,なし,副詞,形=私;読み=ひそかに;意味=こっそりと・個人的に,CC-000244-C01,reading,重要語の読み,「私」はどう読むか。,ひそかに,ひそかに,形と読みを一まとまりで覚える。標準的な読みは「ひそかに」。,なし,なし,なし,なし,なし,なし,なし,なし,大学入試漢文・頻出漢字（語義の照合）,https://cafetalk.com/column/read/?id=325787&lang=ja,なし
漢文_Deck1_最重要句法・語彙_250項目,CC-000244,244,Deck1_最重要句法・語彙,重要語,態度・行動,私,ひそかに,なし,副詞,形=私;読み=ひそかに;意味=こっそりと・個人的に,CC-000244-C02,meaning,重要語の意味,「私」の基本的な意味を答えよ。,こっそりと・個人的に,こっそりと・個人的に,訳の核は「こっそりと・個人的に」。本文では前後関係に合わせて自然な日本語へ整える。,なし,なし,なし,なし,なし,なし,なし,なし,大学入試漢文・頻出漢字（語義の照合）,https://cafetalk.com/column/read/?id=325787&lang=ja,なし
漢文_Deck1_最重要句法・語彙_250項目,CC-000245,245,Deck1_最重要句法・語彙,重要語,態度・動作,徐,おもむろに,なし,副詞,形=徐;読み=おもむろに;意味=ゆっくりと,CC-000245-C01,reading,重要語の読み,「徐」はどう読むか。,おもむろに,おもむろに,形と読みを一まとまりで覚える。標準的な読みは「おもむろに」。,なし,なし,なし,なし,なし,なし,なし,なし,大学入試漢文・頻出漢字（語義の照合）,https://cafetalk.com/column/read/?id=325787&lang=ja,なし
漢文_Deck1_最重要句法・語彙_250項目,CC-000245,245,Deck1_最重要句法・語彙,重要語,態度・動作,徐,おもむろに,なし,副詞,形=徐;読み=おもむろに;意味=ゆっくりと,CC-000245-C02,meaning,重要語の意味,「徐」の基本的な意味を答えよ。,ゆっくりと,ゆっくりと,訳の核は「ゆっくりと」。本文では前後関係に合わせて自然な日本語へ整える。,なし,なし,なし,なし,なし,なし,なし,なし,大学入試漢文・頻出漢字（語義の照合）,https://cafetalk.com/column/read/?id=325787&lang=ja,なし
漢文_Deck1_最重要句法・語彙_250項目,CC-000246,246,Deck1_最重要句法・語彙,重要語,程度・範囲,具,つぶさに,なし,副詞,形=具;読み=つぶさに;意味=詳しく・ことごとく,CC-000246-C01,reading,重要語の読み,「具」はどう読むか。,つぶさに,つぶさに,形と読みを一まとまりで覚える。標準的な読みは「つぶさに」。,なし,なし,なし,なし,なし,なし,なし,なし,大学入試漢文・頻出漢字（語義の照合）,https://cafetalk.com/column/read/?id=325787&lang=ja,なし
漢文_Deck1_最重要句法・語彙_250項目,CC-000246,246,Deck1_最重要句法・語彙,重要語,程度・範囲,具,つぶさに,なし,副詞,形=具;読み=つぶさに;意味=詳しく・ことごとく,CC-000246-C02,meaning,重要語の意味,「具」の基本的な意味を答えよ。,詳しく・ことごとく,詳しく・ことごとく,訳の核は「詳しく・ことごとく」。本文では前後関係に合わせて自然な日本語へ整える。,なし,なし,なし,なし,なし,なし,なし,なし,大学入試漢文・頻出漢字（語義の照合）,https://cafetalk.com/column/read/?id=325787&lang=ja,なし
漢文_Deck1_最重要句法・語彙_250項目,CC-000247,247,Deck1_最重要句法・語彙,重要語,範囲,悉,ことごとく,なし,副詞,形=悉;読み=ことごとく;意味=すべて,CC-000247-C01,reading,重要語の読み,「悉」はどう読むか。,ことごとく,ことごとく,形と読みを一まとまりで覚える。標準的な読みは「ことごとく」。,なし,なし,なし,なし,なし,なし,なし,なし,大学入試漢文・頻出漢字（語義の照合）,https://cafetalk.com/column/read/?id=325787&lang=ja,なし
漢文_Deck1_最重要句法・語彙_250項目,CC-000247,247,Deck1_最重要句法・語彙,重要語,範囲,悉,ことごとく,なし,副詞,形=悉;読み=ことごとく;意味=すべて,CC-000247-C02,meaning,重要語の意味,「悉」の基本的な意味を答えよ。,すべて,すべて,訳の核は「すべて」。本文では前後関係に合わせて自然な日本語へ整える。,なし,なし,なし,なし,なし,なし,なし,なし,大学入試漢文・頻出漢字（語義の照合）,https://cafetalk.com/column/read/?id=325787&lang=ja,なし
漢文_Deck1_最重要句法・語彙_250項目,CC-000248,248,Deck1_最重要句法・語彙,重要語,社会・人物,君子,くんし,なし,人物類型,形=君子;読み=くんし;意味=徳のある立派な人,CC-000248-C01,reading,重要語の読み,「君子」はどう読むか。,くんし,くんし,形と読みを一まとまりで覚える。標準的な読みは「くんし」。,なし,なし,なし,なし,なし,小人,君子は徳のある理想的人物、小人は徳や見識の乏しい人物。,徳のある理想的人物。,大学入試漢文・頻出漢字（語義の照合）,https://cafetalk.com/column/read/?id=325787&lang=ja,なし
漢文_Deck1_最重要句法・語彙_250項目,CC-000248,248,Deck1_最重要句法・語彙,重要語,社会・人物,君子,くんし,なし,人物類型,形=君子;読み=くんし;意味=徳のある立派な人,CC-000248-C02,meaning,重要語の意味,「君子」の基本的な意味を答えよ。,徳のある立派な人,徳のある立派な人,訳の核は「徳のある立派な人」。本文では前後関係に合わせて自然な日本語へ整える。,なし,なし,なし,なし,なし,小人,君子は徳のある理想的人物、小人は徳や見識の乏しい人物。,徳のある理想的人物。,大学入試漢文・頻出漢字（語義の照合）,https://cafetalk.com/column/read/?id=325787&lang=ja,なし
漢文_Deck1_最重要句法・語彙_250項目,CC-000249,249,Deck1_最重要句法・語彙,重要語,社会・人物,小人,しょうじん,なし,人物類型,形=小人;読み=しょうじん;意味=器量や徳の乏しい人,CC-000249-C01,reading,重要語の読み,「小人」はどう読むか。,しょうじん,しょうじん,形と読みを一まとまりで覚える。標準的な読みは「しょうじん」。,なし,なし,なし,なし,なし,君子,身体の小さい人ではなく、徳や見識の乏しい人物。,徳・見識が小さい人物。,大学入試漢文・頻出漢字（語義の照合）,https://cafetalk.com/column/read/?id=325787&lang=ja,なし
漢文_Deck1_最重要句法・語彙_250項目,CC-000249,249,Deck1_最重要句法・語彙,重要語,社会・人物,小人,しょうじん,なし,人物類型,形=小人;読み=しょうじん;意味=器量や徳の乏しい人,CC-000249-C02,meaning,重要語の意味,「小人」の基本的な意味を答えよ。,器量や徳の乏しい人,器量や徳の乏しい人,訳の核は「器量や徳の乏しい人」。本文では前後関係に合わせて自然な日本語へ整える。,なし,なし,なし,なし,なし,君子,身体の小さい人ではなく、徳や見識の乏しい人物。,徳・見識が小さい人物。,大学入試漢文・頻出漢字（語義の照合）,https://cafetalk.com/column/read/?id=325787&lang=ja,なし
漢文_Deck1_最重要句法・語彙_250項目,CC-000250,250,Deck1_最重要句法・語彙,重要語,理由提示,何則,なんとなればすなはち,なし,理由提示語,形=何則;読み=なんとなればすなはち;意味=なぜならば,CC-000250-C01,reading,重要語の読み,「何則」はどう読むか。,なんとなればすなはち,なんとなればすなはち,形と読みを一まとまりで覚える。標準的な読みは「なんとなればすなはち」。,なし,なし,なし,なし,なし,何者,どちらも理由提示だが、何則は「なんとなればすなはち」と読む。,なし,大学入試漢文・頻出漢字（語義の照合）,https://cafetalk.com/column/read/?id=325787&lang=ja,なし
漢文_Deck1_最重要句法・語彙_250項目,CC-000250,250,Deck1_最重要句法・語彙,重要語,理由提示,何則,なんとなればすなはち,なし,理由提示語,形=何則;読み=なんとなればすなはち;意味=なぜならば,CC-000250-C02,meaning,重要語の意味,「何則」の基本的な意味を答えよ。,なぜならば,なぜならば,訳の核は「なぜならば」。本文では前後関係に合わせて自然な日本語へ整える。,なし,なし,なし,なし,なし,何者,どちらも理由提示だが、何則は「なんとなればすなはち」と読む。,なし,大学入試漢文・頻出漢字（語義の照合）,https://cafetalk.com/column/read/?id=325787&lang=ja,なし
