dataset_label,item_id,importance_rank,difficulty_label,domain,unit,item,reading,aliases,item_type,grammar_info,card_id,card_type,focus,question,answer,accepted_answers,explanation,example_text,example_reading,example_translation,confusable_with,distinction,memory_aid,source_name,source_url,reading_map
古文単語_単語Deck1_最重要古文単語_300,CJ-000001,1,単語Deck1_最重要古文単語,語彙,重要形容動詞,あはれなり,あわれなり,あわれなり,形容動詞,品詞=形容動詞,CJ-000001-C01,meaning,重要語義1,古語「あはれなり」の意味は何か。,しみじみと心を動かされる,しみじみと心を動かされる｜情趣深い,悲しみだけでなく、喜び・美しさなどに深く心を動かされる感情を表す。,なし,なし,なし,をかし,「あはれ」は内面から湧く深い感動、「をかし」は明るい興趣・美しさ。,なし,標準古語辞典・検定済み教科書（複数資料照合）,なし,なし
古文単語_単語Deck1_最重要古文単語_300,CJ-000002,2,単語Deck1_最重要古文単語,語彙,重要形容詞,をかし,おかし,おかし,形容詞,品詞=形容詞,CJ-000002-C01,meaning,重要語義1,古語「をかし」の意味は何か。,趣がある,趣がある｜おもしろい｜美しい,明るく知的な興味、美しさ、かわいらしさなどを感じる語。,なし,なし,なし,あはれなり,「をかし」は対象を見て感じる明るい興趣、「あはれ」は深い感動。,なし,標準古語辞典・検定済み教科書（複数資料照合）,なし,なし
古文単語_単語Deck1_最重要古文単語_300,CJ-000003,3,単語Deck1_最重要古文単語,語彙,重要形容詞,いみじ,いみじ,なし,形容詞,品詞=形容詞,CJ-000003-C01,meaning,重要語義1,古語「いみじ」の意味は何か。,程度がはなはだしい,程度がはなはだしい｜非常だ,よい意味にも悪い意味にも使い、文脈に応じて「すばらしい」「ひどい」と具体化する。,なし,なし,なし,なし,なし,なし,標準古語辞典・検定済み教科書（複数資料照合）,なし,なし
古文単語_単語Deck1_最重要古文単語_300,CJ-000003,3,単語Deck1_最重要古文単語,語彙,重要形容詞,いみじ,いみじ,なし,形容詞,品詞=形容詞,CJ-000003-C02,meaning,重要語義2,古語「いみじ」の意味は何か。,すばらしい,すばらしい｜立派だ,程度の強さが肯定的な評価に向いた語義。,なし,なし,なし,なし,なし,なし,標準古語辞典・検定済み教科書（複数資料照合）,なし,なし
古文単語_単語Deck1_最重要古文単語_300,CJ-000003,3,単語Deck1_最重要古文単語,語彙,重要形容詞,いみじ,いみじ,なし,形容詞,品詞=形容詞,CJ-000003-C03,meaning,重要語義3,古語「いみじ」の意味は何か。,ひどい,ひどい｜恐ろしい,程度の強さが否定的な評価に向いた語義。,なし,なし,なし,なし,なし,なし,標準古語辞典・検定済み教科書（複数資料照合）,なし,なし
古文単語_単語Deck1_最重要古文単語_300,CJ-000004,4,単語Deck1_最重要古文単語,語彙,重要形容詞,ありがたし,ありがたし,なし,形容詞,品詞=形容詞,CJ-000004-C01,meaning,重要語義1,古語「ありがたし」の意味は何か。,めったにない,めったにない｜珍しい,本来は「存在することが難しい」の意で、現代語の「感謝したい」とは異なる。,なし,なし,なし,現代語の「ありがたい」,古文の中心義は「めったにない」。,なし,標準古語辞典・検定済み教科書（複数資料照合）,なし,なし
古文単語_単語Deck1_最重要古文単語_300,CJ-000004,4,単語Deck1_最重要古文単語,語彙,重要形容詞,ありがたし,ありがたし,なし,形容詞,品詞=形容詞,CJ-000004-C02,meaning,重要語義2,古語「ありがたし」の意味は何か。,すばらしい,すばらしい｜尊い,珍しいほど立派である、という評価を表す。,なし,なし,なし,現代語の「ありがたい」,古文の中心義は「めったにない」。,なし,標準古語辞典・検定済み教科書（複数資料照合）,なし,なし
古文単語_単語Deck1_最重要古文単語_300,CJ-000005,5,単語Deck1_最重要古文単語,語彙,重要形容詞,うつくし,うつくし,なし,形容詞,品詞=形容詞,CJ-000005-C01,meaning,重要語義1,古語「うつくし」の意味は何か。,かわいらしい,かわいらしい｜いとしい,小さいものや子どもなどに対する愛情を表すのが中心。,なし,なし,なし,現代語の「美しい」,古文ではまず「かわいらしい・いとしい」を考える。,なし,標準古語辞典・検定済み教科書（複数資料照合）,なし,なし
古文単語_単語Deck1_最重要古文単語_300,CJ-000006,6,単語Deck1_最重要古文単語,語彙,重要形容詞,かなし,かなし,なし,形容詞,品詞=形容詞,CJ-000006-C01,meaning,重要語義1,古語「かなし」の意味は何か。,いとしい,いとしい｜かわいい,深く愛する気持ちを表す。,なし,なし,なし,なし,なし,なし,標準古語辞典・検定済み教科書（複数資料照合）,なし,なし
古文単語_単語Deck1_最重要古文単語_300,CJ-000006,6,単語Deck1_最重要古文単語,語彙,重要形容詞,かなし,かなし,なし,形容詞,品詞=形容詞,CJ-000006-C02,meaning,重要語義2,古語「かなし」の意味は何か。,悲しい,悲しい,現代語と同じ悲哀の意味もあるため、文脈で判定する。,なし,なし,なし,なし,なし,なし,標準古語辞典・検定済み教科書（複数資料照合）,なし,なし
古文単語_単語Deck1_最重要古文単語_300,CJ-000007,7,単語Deck1_最重要古文単語,語彙,重要形容詞,めでたし,めでたし,なし,形容詞,品詞=形容詞,CJ-000007-C01,meaning,重要語義1,古語「めでたし」の意味は何か。,すばらしい,すばらしい｜立派だ,見事で賞賛に値することを表す。現代語の「祝うべき」に限定されない。,なし,なし,なし,現代語の「めでたい」,古文では広く「すばらしい・立派だ」。,なし,標準古語辞典・検定済み教科書（複数資料照合）,なし,なし
古文単語_単語Deck1_最重要古文単語_300,CJ-000008,8,単語Deck1_最重要古文単語,語彙,重要形容詞,やさし,やさし,なし,形容詞,品詞=形容詞,CJ-000008-C01,meaning,重要語義1,古語「やさし」の意味は何か。,恥ずかしい,恥ずかしい｜肩身が狭い,「痩す」と関連し、身が細るほど恥ずかしい気持ちを表す。,なし,なし,なし,現代語の「優しい」,古文では「恥ずかしい」「優美だ」が重要。,なし,標準古語辞典・検定済み教科書（複数資料照合）,なし,なし
古文単語_単語Deck1_最重要古文単語_300,CJ-000008,8,単語Deck1_最重要古文単語,語彙,重要形容詞,やさし,やさし,なし,形容詞,品詞=形容詞,CJ-000008-C02,meaning,重要語義2,古語「やさし」の意味は何か。,優美だ,優美だ｜上品だ,洗練され、上品であることを表す。,なし,なし,なし,現代語の「優しい」,古文では「恥ずかしい」「優美だ」が重要。,なし,標準古語辞典・検定済み教科書（複数資料照合）,なし,なし
古文単語_単語Deck1_最重要古文単語_300,CJ-000009,9,単語Deck1_最重要古文単語,語彙,重要形容詞,ゆかし,ゆかし,なし,形容詞,品詞=形容詞,CJ-000009-C01,meaning,重要語義1,古語「ゆかし」の意味は何か。,見たい・聞きたい・知りたい,見たい・聞きたい・知りたい｜心が引かれる,対象へ心が行くように、好奇心や関心を抱く。,なし,なし,なし,なつかし,「ゆかし」は近づいて知りたい気持ち、「なつかし」は親しみを感じる気持ち。,なし,標準古語辞典・検定済み教科書（複数資料照合）,なし,なし
古文単語_単語Deck1_最重要古文単語_300,CJ-000010,10,単語Deck1_最重要古文単語,語彙,重要動詞,おどろく,おどろく,なし,動詞,品詞=動詞,CJ-000010-C01,meaning,重要語義1,古語「おどろく」の意味は何か。,目を覚ます,目を覚ます｜起きる,眠りから覚める意味。現代語の「びっくりする」だけに限定しない。,なし,なし,なし,現代語の「驚く」,古文では「目を覚ます」「気づく」が頻出。,なし,標準古語辞典・検定済み教科書（複数資料照合）,なし,なし
古文単語_単語Deck1_最重要古文単語_300,CJ-000010,10,単語Deck1_最重要古文単語,語彙,重要動詞,おどろく,おどろく,なし,動詞,品詞=動詞,CJ-000010-C02,meaning,重要語義2,古語「おどろく」の意味は何か。,気づく,気づく｜はっとする,それまで意識していなかったことに気づく。,なし,なし,なし,現代語の「驚く」,古文では「目を覚ます」「気づく」が頻出。,なし,標準古語辞典・検定済み教科書（複数資料照合）,なし,なし
古文単語_単語Deck1_最重要古文単語_300,CJ-000011,11,単語Deck1_最重要古文単語,語彙,重要動詞,おぼゆ,おぼゆ,なし,動詞,品詞=動詞,CJ-000011-C01,meaning,重要語義1,古語「おぼゆ」の意味は何か。,自然に思われる,自然に思われる｜思われる,自発の意味を含み、意識せずそう感じられる。,なし,なし,なし,なし,なし,なし,標準古語辞典・検定済み教科書（複数資料照合）,なし,なし
古文単語_単語Deck1_最重要古文単語_300,CJ-000011,11,単語Deck1_最重要古文単語,語彙,重要動詞,おぼゆ,おぼゆ,なし,動詞,品詞=動詞,CJ-000011-C02,meaning,重要語義2,古語「おぼゆ」の意味は何か。,似る,似る｜そっくりだ,人や物の姿が別のものに似ていることを表す。,なし,なし,なし,なし,なし,なし,標準古語辞典・検定済み教科書（複数資料照合）,なし,なし
古文単語_単語Deck1_最重要古文単語_300,CJ-000011,11,単語Deck1_最重要古文単語,語彙,重要動詞,おぼゆ,おぼゆ,なし,動詞,品詞=動詞,CJ-000011-C03,meaning,重要語義3,古語「おぼゆ」の意味は何か。,思い出される,思い出される｜思い出す,過去のことが自然に心に浮かぶ。,なし,なし,なし,なし,なし,なし,標準古語辞典・検定済み教科書（複数資料照合）,なし,なし
古文単語_単語Deck1_最重要古文単語_300,CJ-000012,12,単語Deck1_最重要古文単語,語彙,重要動詞,ののしる,ののしる,なし,動詞,品詞=動詞,CJ-000012-C01,meaning,重要語義1,古語「ののしる」の意味は何か。,大声で騒ぐ,大声で騒ぐ｜大声を立てる,大きな声や音で騒ぎ立てる。現代語の「悪口を言う」に限らない。,なし,なし,なし,現代語の「罵る」,古文では「大騒ぎする」「評判になる」が中心。,なし,標準古語辞典・検定済み教科書（複数資料照合）,なし,なし
古文単語_単語Deck1_最重要古文単語_300,CJ-000012,12,単語Deck1_最重要古文単語,語彙,重要動詞,ののしる,ののしる,なし,動詞,品詞=動詞,CJ-000012-C02,meaning,重要語義2,古語「ののしる」の意味は何か。,評判になる,評判になる｜名声が高い,世間で盛んに言い立てられ、名声が広がる。,なし,なし,なし,現代語の「罵る」,古文では「大騒ぎする」「評判になる」が中心。,なし,標準古語辞典・検定済み教科書（複数資料照合）,なし,なし
古文単語_単語Deck1_最重要古文単語_300,CJ-000013,13,単語Deck1_最重要古文単語,語彙,重要動詞,ねんず,ねんず,なし,動詞,品詞=動詞,CJ-000013-C01,meaning,重要語義1,古語「ねんず」の意味は何か。,我慢する,我慢する｜こらえる,感情や苦痛を心の中で抑える。,なし,なし,なし,なし,なし,なし,標準古語辞典・検定済み教科書（複数資料照合）,なし,なし
古文単語_単語Deck1_最重要古文単語_300,CJ-000013,13,単語Deck1_最重要古文単語,語彙,重要動詞,ねんず,ねんず,なし,動詞,品詞=動詞,CJ-000013-C02,meaning,重要語義2,古語「ねんず」の意味は何か。,祈る,祈る｜念じる,心を集中して神仏に願う。,なし,なし,なし,なし,なし,なし,標準古語辞典・検定済み教科書（複数資料照合）,なし,なし
古文単語_単語Deck1_最重要古文単語_300,CJ-000014,14,単語Deck1_最重要古文単語,語彙,重要動詞,しのぶ,しのぶ,忍ぶ｜偲ぶ,動詞,品詞=動詞,CJ-000014-C01,meaning,重要語義1,古語「しのぶ」の意味は何か。,我慢する,我慢する｜こらえる,表に出したい気持ちをこらえる。,なし,なし,なし,なし,なし,なし,標準古語辞典・検定済み教科書（複数資料照合）,なし,なし
古文単語_単語Deck1_最重要古文単語_300,CJ-000014,14,単語Deck1_最重要古文単語,語彙,重要動詞,しのぶ,しのぶ,忍ぶ｜偲ぶ,動詞,品詞=動詞,CJ-000014-C02,meaning,重要語義2,古語「しのぶ」の意味は何か。,人目を避ける,人目を避ける｜隠す,人に知られないように行動する。,なし,なし,なし,なし,なし,なし,標準古語辞典・検定済み教科書（複数資料照合）,なし,なし
古文単語_単語Deck1_最重要古文単語_300,CJ-000014,14,単語Deck1_最重要古文単語,語彙,重要動詞,しのぶ,しのぶ,忍ぶ｜偲ぶ,動詞,品詞=動詞,CJ-000014-C03,meaning,重要語義3,古語「しのぶ」の意味は何か。,懐かしく思う,懐かしく思う｜思い慕う,「偲ぶ」の語義で、過去や離れた人を思う。,なし,なし,なし,なし,なし,なし,標準古語辞典・検定済み教科書（複数資料照合）,なし,なし
古文単語_単語Deck1_最重要古文単語_300,CJ-000015,15,単語Deck1_最重要古文単語,語彙,重要動詞,ながむ,ながむ,なし,動詞,品詞=動詞,CJ-000015-C01,meaning,重要語義1,古語「ながむ」の意味は何か。,物思いに沈む,物思いに沈む｜ぼんやり物思いをする,長くぼんやりと物思いにふける。,なし,なし,なし,なし,なし,なし,標準古語辞典・検定済み教科書（複数資料照合）,なし,なし
古文単語_単語Deck1_最重要古文単語_300,CJ-000015,15,単語Deck1_最重要古文単語,語彙,重要動詞,ながむ,ながむ,なし,動詞,品詞=動詞,CJ-000015-C02,meaning,重要語義2,古語「ながむ」の意味は何か。,眺める,眺める｜見渡す,景色などを長く見つめる。,なし,なし,なし,なし,なし,なし,標準古語辞典・検定済み教科書（複数資料照合）,なし,なし
古文単語_単語Deck1_最重要古文単語_300,CJ-000016,16,単語Deck1_最重要古文単語,語彙,重要動詞,みる,みる,なし,動詞,品詞=動詞,CJ-000016-C01,meaning,重要語義1,古語「みる」の意味は何か。,結婚する,結婚する｜妻とする,男性が女性と夫婦関係を結ぶ意味で用いられる。,なし,なし,なし,なし,なし,なし,標準古語辞典・検定済み教科書（複数資料照合）,なし,なし
古文単語_単語Deck1_最重要古文単語_300,CJ-000016,16,単語Deck1_最重要古文単語,語彙,重要動詞,みる,みる,なし,動詞,品詞=動詞,CJ-000016-C02,meaning,重要語義2,古語「みる」の意味は何か。,世話をする,世話をする｜面倒を見る,人を養い、世話する。,なし,なし,なし,なし,なし,なし,標準古語辞典・検定済み教科書（複数資料照合）,なし,なし
古文単語_単語Deck1_最重要古文単語_300,CJ-000016,16,単語Deck1_最重要古文単語,語彙,重要動詞,みる,みる,なし,動詞,品詞=動詞,CJ-000016-C03,meaning,重要語義3,古語「みる」の意味は何か。,見る,見る,現代語と同じ視覚の意味もある。,なし,なし,なし,なし,なし,なし,標準古語辞典・検定済み教科書（複数資料照合）,なし,なし
古文単語_単語Deck1_最重要古文単語_300,CJ-000017,17,単語Deck1_最重要古文単語,語彙,重要動詞,わぶ,わぶ,なし,動詞,品詞=動詞,CJ-000017-C01,meaning,重要語義1,古語「わぶ」の意味は何か。,困る,困る｜つらく思う,どうしようもなくつらく感じる。,なし,なし,なし,なし,なし,なし,標準古語辞典・検定済み教科書（複数資料照合）,なし,なし
古文単語_単語Deck1_最重要古文単語_300,CJ-000017,17,単語Deck1_最重要古文単語,語彙,重要動詞,わぶ,わぶ,なし,動詞,品詞=動詞,CJ-000017-C02,meaning,重要語義2,古語「わぶ」の意味は何か。,嘆く,嘆く｜悲しむ,不遇や苦しさを嘆く。,なし,なし,なし,なし,なし,なし,標準古語辞典・検定済み教科書（複数資料照合）,なし,なし
古文単語_単語Deck1_最重要古文単語_300,CJ-000017,17,単語Deck1_最重要古文単語,語彙,重要動詞,わぶ,わぶ,なし,動詞,品詞=動詞,CJ-000017-C03,meaning,重要語義3,古語「わぶ」の意味は何か。,〜しかねる,〜しかねる｜〜するのに困る,動詞の連用形に付き、その行為を続けられないことを表す。,なし,なし,なし,なし,なし,なし,標準古語辞典・検定済み教科書（複数資料照合）,なし,なし
古文単語_単語Deck1_最重要古文単語_300,CJ-000018,18,単語Deck1_最重要古文単語,語彙,重要形容動詞,つれづれなり,つれづれなり,なし,形容動詞,品詞=形容動詞,CJ-000018-C01,meaning,重要語義1,古語「つれづれなり」の意味は何か。,退屈だ,退屈だ｜手持ち無沙汰だ,することがなく、所在ない状態。,なし,なし,なし,なし,なし,なし,標準古語辞典・検定済み教科書（複数資料照合）,なし,なし
古文単語_単語Deck1_最重要古文単語_300,CJ-000018,18,単語Deck1_最重要古文単語,語彙,重要形容動詞,つれづれなり,つれづれなり,なし,形容動詞,品詞=形容動詞,CJ-000018-C02,meaning,重要語義2,古語「つれづれなり」の意味は何か。,しんみりと物思いに沈む,しんみりと物思いに沈む｜もの寂しい,静かに物思いにふける状態を表す。,なし,なし,なし,なし,なし,なし,標準古語辞典・検定済み教科書（複数資料照合）,なし,なし
古文単語_単語Deck1_最重要古文単語_300,CJ-000019,19,単語Deck1_最重要古文単語,語彙,重要形容詞,すさまじ,すさまじ,なし,形容詞,品詞=形容詞,CJ-000019-C01,meaning,重要語義1,古語「すさまじ」の意味は何か。,興ざめだ,興ざめだ｜殺風景だ,期待に反しておもしろみがなく、気持ちが冷める。,なし,なし,なし,現代語の「すさまじい」,古文では「興ざめだ」が中心。,なし,標準古語辞典・検定済み教科書（複数資料照合）,なし,なし
古文単語_単語Deck1_最重要古文単語_300,CJ-000020,20,単語Deck1_最重要古文単語,語彙,重要形容詞,つきづきし,つきづきし,なし,形容詞,品詞=形容詞,CJ-000020-C01,meaning,重要語義1,古語「つきづきし」の意味は何か。,似つかわしい,似つかわしい｜ふさわしい,その人・場面・身分に調和している。,なし,なし,なし,なし,なし,なし,標準古語辞典・検定済み教科書（複数資料照合）,なし,なし
古文単語_単語Deck1_最重要古文単語_300,CJ-000021,21,単語Deck1_最重要古文単語,語彙,重要形容詞,なまめかし,なまめかし,なし,形容詞,品詞=形容詞,CJ-000021-C01,meaning,重要語義1,古語「なまめかし」の意味は何か。,優美だ,優美だ｜上品だ,若々しく上品で、しっとりした美しさがある。,なし,なし,なし,なし,なし,なし,標準古語辞典・検定済み教科書（複数資料照合）,なし,なし
古文単語_単語Deck1_最重要古文単語_300,CJ-000021,21,単語Deck1_最重要古文単語,語彙,重要形容詞,なまめかし,なまめかし,なし,形容詞,品詞=形容詞,CJ-000021-C02,meaning,重要語義2,古語「なまめかし」の意味は何か。,若々しい,若々しい｜みずみずしい,生気があり、新鮮な印象を表す。,なし,なし,なし,なし,なし,なし,標準古語辞典・検定済み教科書（複数資料照合）,なし,なし
古文単語_単語Deck1_最重要古文単語_300,CJ-000022,22,単語Deck1_最重要古文単語,語彙,重要形容詞,らうたし,ろうたし,ろうたし,形容詞,品詞=形容詞,CJ-000022-C01,meaning,重要語義1,古語「らうたし」の意味は何か。,かわいらしい,かわいらしい｜いとしい,守ってやりたいほど愛らしい。,なし,なし,なし,なし,なし,なし,標準古語辞典・検定済み教科書（複数資料照合）,なし,なし
古文単語_単語Deck1_最重要古文単語_300,CJ-000023,23,単語Deck1_最重要古文単語,語彙,重要形容詞,かたはらいたし,かたわらいたし,かたわらいたし,形容詞,品詞=形容詞,CJ-000023-C01,meaning,重要語義1,古語「かたはらいたし」の意味は何か。,見苦しい,見苦しい｜みっともない,そばで見ていて不快・気の毒に感じる。,なし,なし,なし,なし,なし,なし,標準古語辞典・検定済み教科書（複数資料照合）,なし,なし
古文単語_単語Deck1_最重要古文単語_300,CJ-000023,23,単語Deck1_最重要古文単語,語彙,重要形容詞,かたはらいたし,かたわらいたし,かたわらいたし,形容詞,品詞=形容詞,CJ-000023-C02,meaning,重要語義2,古語「かたはらいたし」の意味は何か。,気の毒だ,気の毒だ｜いたわしい,相手の状態を見て心苦しく思う。,なし,なし,なし,なし,なし,なし,標準古語辞典・検定済み教科書（複数資料照合）,なし,なし
古文単語_単語Deck1_最重要古文単語_300,CJ-000023,23,単語Deck1_最重要古文単語,語彙,重要形容詞,かたはらいたし,かたわらいたし,かたわらいたし,形容詞,品詞=形容詞,CJ-000023-C03,meaning,重要語義3,古語「かたはらいたし」の意味は何か。,恥ずかしい,恥ずかしい｜きまりが悪い,そばの人に見られて恥ずかしい気持ち。,なし,なし,なし,なし,なし,なし,標準古語辞典・検定済み教科書（複数資料照合）,なし,なし
古文単語_単語Deck1_最重要古文単語_300,CJ-000024,24,単語Deck1_最重要古文単語,語彙,重要形容詞,こころにくし,こころにくし,なし,形容詞,品詞=形容詞,CJ-000024-C01,meaning,重要語義1,古語「こころにくし」の意味は何か。,奥ゆかしい,奥ゆかしい｜上品だ,表面にすべてを出さず、もっと知りたいと思わせる深みがある。,なし,なし,なし,現代語の「心憎い」,古文では高く評価する「奥ゆかしい」。,なし,標準古語辞典・検定済み教科書（複数資料照合）,なし,なし
古文単語_単語Deck1_最重要古文単語_300,CJ-000025,25,単語Deck1_最重要古文単語,語彙,重要形容詞,うし,うし,なし,形容詞,品詞=形容詞,CJ-000025-C01,meaning,重要語義1,古語「うし」の意味は何か。,つらい,つらい｜嫌だ,自分にとって不快で、耐えがたい気持ちを表す。,なし,なし,なし,なし,なし,なし,標準古語辞典・検定済み教科書（複数資料照合）,なし,なし
古文単語_単語Deck1_最重要古文単語_300,CJ-000026,26,単語Deck1_最重要古文単語,語彙,重要形容詞,つらし,つらし,なし,形容詞,品詞=形容詞,CJ-000026-C01,meaning,重要語義1,古語「つらし」の意味は何か。,薄情だ,薄情だ｜冷淡だ,相手が思いやりなく冷たいことを責める。,なし,なし,なし,うし,「うし」は自分のつらさ、「つらし」は相手の薄情さを責める用法が重要。,なし,標準古語辞典・検定済み教科書（複数資料照合）,なし,なし
古文単語_単語Deck1_最重要古文単語_300,CJ-000026,26,単語Deck1_最重要古文単語,語彙,重要形容詞,つらし,つらし,なし,形容詞,品詞=形容詞,CJ-000026-C02,meaning,重要語義2,古語「つらし」の意味は何か。,つらい,つらい｜苦しい,自分にとって耐えがたい気持ちを表す。,なし,なし,なし,うし,「うし」は自分のつらさ、「つらし」は相手の薄情さを責める用法が重要。,なし,標準古語辞典・検定済み教科書（複数資料照合）,なし,なし
古文単語_単語Deck1_最重要古文単語_300,CJ-000027,27,単語Deck1_最重要古文単語,語彙,重要形容詞,こころもとなし,こころもとなし,なし,形容詞,品詞=形容詞,CJ-000027-C01,meaning,重要語義1,古語「こころもとなし」の意味は何か。,待ち遠しい,待ち遠しい｜じれったい,先が分からず、早く知りたい・進んでほしいと思う。,なし,なし,なし,なし,なし,なし,標準古語辞典・検定済み教科書（複数資料照合）,なし,なし
古文単語_単語Deck1_最重要古文単語_300,CJ-000027,27,単語Deck1_最重要古文単語,語彙,重要形容詞,こころもとなし,こころもとなし,なし,形容詞,品詞=形容詞,CJ-000027-C02,meaning,重要語義2,古語「こころもとなし」の意味は何か。,不安だ,不安だ｜心配だ,頼りなく、行く末が気がかりである。,なし,なし,なし,なし,なし,なし,標準古語辞典・検定済み教科書（複数資料照合）,なし,なし
古文単語_単語Deck1_最重要古文単語_300,CJ-000027,27,単語Deck1_最重要古文単語,語彙,重要形容詞,こころもとなし,こころもとなし,なし,形容詞,品詞=形容詞,CJ-000027-C03,meaning,重要語義3,古語「こころもとなし」の意味は何か。,ぼんやりしている,ぼんやりしている｜はっきりしない,物事が明確でなく、頼りない状態。,なし,なし,なし,なし,なし,なし,標準古語辞典・検定済み教科書（複数資料照合）,なし,なし
古文単語_単語Deck1_最重要古文単語_300,CJ-000028,28,単語Deck1_最重要古文単語,語彙,重要形容詞,あやし,あやし,なし,形容詞,品詞=形容詞,CJ-000028-C01,meaning,重要語義1,古語「あやし」の意味は何か。,不思議だ,不思議だ｜奇妙だ,普通ではなく、納得しにくい。,なし,なし,なし,なし,なし,なし,標準古語辞典・検定済み教科書（複数資料照合）,なし,なし
古文単語_単語Deck1_最重要古文単語_300,CJ-000028,28,単語Deck1_最重要古文単語,語彙,重要形容詞,あやし,あやし,なし,形容詞,品詞=形容詞,CJ-000028-C02,meaning,重要語義2,古語「あやし」の意味は何か。,身分が低い,身分が低い｜卑しい,社会的地位が低いことを表す。,なし,なし,なし,なし,なし,なし,標準古語辞典・検定済み教科書（複数資料照合）,なし,なし
古文単語_単語Deck1_最重要古文単語_300,CJ-000028,28,単語Deck1_最重要古文単語,語彙,重要形容詞,あやし,あやし,なし,形容詞,品詞=形容詞,CJ-000028-C03,meaning,重要語義3,古語「あやし」の意味は何か。,粗末だ,粗末だ｜みすぼらしい,見た目や造りが貧しく、立派でない。,なし,なし,なし,なし,なし,なし,標準古語辞典・検定済み教科書（複数資料照合）,なし,なし
古文単語_単語Deck1_最重要古文単語_300,CJ-000029,29,単語Deck1_最重要古文単語,語彙,重要形容詞,あさまし,あさまし,なし,形容詞,品詞=形容詞,CJ-000029-C01,meaning,重要語義1,古語「あさまし」の意味は何か。,驚きあきれる,驚きあきれる｜意外だ,あまりのことに驚き、あきれる。,なし,なし,なし,なし,なし,なし,標準古語辞典・検定済み教科書（複数資料照合）,なし,なし
古文単語_単語Deck1_最重要古文単語_300,CJ-000029,29,単語Deck1_最重要古文単語,語彙,重要形容詞,あさまし,あさまし,なし,形容詞,品詞=形容詞,CJ-000029-C02,meaning,重要語義2,古語「あさまし」の意味は何か。,情けない,情けない｜ひどい,見苦しく、嘆かわしい。,なし,なし,なし,なし,なし,なし,標準古語辞典・検定済み教科書（複数資料照合）,なし,なし
古文単語_単語Deck1_最重要古文単語_300,CJ-000030,30,単語Deck1_最重要古文単語,語彙,重要形容詞,あぢきなし,あじきなし,あじきなし,形容詞,品詞=形容詞,CJ-000030-C01,meaning,重要語義1,古語「あぢきなし」の意味は何か。,どうにもならない,どうにもならない｜無益だ｜つまらない,努力しても仕方がなく、価値がないと感じる。,なし,なし,なし,なし,なし,なし,標準古語辞典・検定済み教科書（複数資料照合）,なし,なし
古文単語_単語Deck1_最重要古文単語_300,CJ-000031,31,単語Deck1_最重要古文単語,語彙,重要形容詞,あたらし,あたらし,なし,形容詞,品詞=形容詞,CJ-000031-C01,meaning,重要語義1,古語「あたらし」の意味は何か。,惜しい,惜しい｜もったいない,立派なものが損なわれたり、十分に生かされなかったりするのを惜しむ。,なし,なし,なし,現代語の「新しい」,古文の「あたらし」は「惜しい」。,なし,標準古語辞典・検定済み教科書（複数資料照合）,なし,なし
古文単語_単語Deck1_最重要古文単語_300,CJ-000032,32,単語Deck1_最重要古文単語,語彙,重要形容詞,くちをし,くちおし,くちおし,形容詞,品詞=形容詞,CJ-000032-C01,meaning,重要語義1,古語「くちをし」の意味は何か。,残念だ,残念だ｜情けない,期待どおりでなく、心残りに思う。,なし,なし,なし,なし,なし,なし,標準古語辞典・検定済み教科書（複数資料照合）,なし,なし
古文単語_単語Deck1_最重要古文単語_300,CJ-000033,33,単語Deck1_最重要古文単語,語彙,重要形容詞,せんなし,せんなし,なし,形容詞,品詞=形容詞,CJ-000033-C01,meaning,重要語義1,古語「せんなし」の意味は何か。,どうしようもない,どうしようもない｜仕方がない｜無益だ,「為ん方なし」に由来し、手段がないことを表す。,なし,なし,なし,なし,なし,なし,標準古語辞典・検定済み教科書（複数資料照合）,なし,なし
古文単語_単語Deck1_最重要古文単語_300,CJ-000034,34,単語Deck1_最重要古文単語,語彙,重要形容詞,よしなし,よしなし,なし,形容詞,品詞=形容詞,CJ-000034-C01,meaning,重要語義1,古語「よしなし」の意味は何か。,理由がない,理由がない｜根拠がない,正当な理由や根拠がない。,なし,なし,なし,なし,なし,なし,標準古語辞典・検定済み教科書（複数資料照合）,なし,なし
古文単語_単語Deck1_最重要古文単語_300,CJ-000034,34,単語Deck1_最重要古文単語,語彙,重要形容詞,よしなし,よしなし,なし,形容詞,品詞=形容詞,CJ-000034-C02,meaning,重要語義2,古語「よしなし」の意味は何か。,つまらない,つまらない｜取るに足りない,意味や価値が乏しい。,なし,なし,なし,なし,なし,なし,標準古語辞典・検定済み教科書（複数資料照合）,なし,なし
古文単語_単語Deck1_最重要古文単語_300,CJ-000034,34,単語Deck1_最重要古文単語,語彙,重要形容詞,よしなし,よしなし,なし,形容詞,品詞=形容詞,CJ-000034-C03,meaning,重要語義3,古語「よしなし」の意味は何か。,関係がない,関係がない｜縁がない,直接の関係やゆかりがない。,なし,なし,なし,なし,なし,なし,標準古語辞典・検定済み教科書（複数資料照合）,なし,なし
古文単語_単語Deck1_最重要古文単語_300,CJ-000035,35,単語Deck1_最重要古文単語,語彙,重要形容詞,わりなし,わりなし,なし,形容詞,品詞=形容詞,CJ-000035-C01,meaning,重要語義1,古語「わりなし」の意味は何か。,道理に合わない,道理に合わない｜無理だ,物事の筋道が通らない。,なし,なし,なし,なし,なし,なし,標準古語辞典・検定済み教科書（複数資料照合）,なし,なし
古文単語_単語Deck1_最重要古文単語_300,CJ-000035,35,単語Deck1_最重要古文単語,語彙,重要形容詞,わりなし,わりなし,なし,形容詞,品詞=形容詞,CJ-000035-C02,meaning,重要語義2,古語「わりなし」の意味は何か。,どうしようもない,どうしようもない｜耐えがたい,手の施しようがなく、困り果てる。,なし,なし,なし,なし,なし,なし,標準古語辞典・検定済み教科書（複数資料照合）,なし,なし
古文単語_単語Deck1_最重要古文単語_300,CJ-000035,35,単語Deck1_最重要古文単語,語彙,重要形容詞,わりなし,わりなし,なし,形容詞,品詞=形容詞,CJ-000035-C03,meaning,重要語義3,古語「わりなし」の意味は何か。,むやみだ,むやみだ｜ひどい,限度を超えて甚だしい。,なし,なし,なし,なし,なし,なし,標準古語辞典・検定済み教科書（複数資料照合）,なし,なし
古文単語_単語Deck1_最重要古文単語_300,CJ-000036,36,単語Deck1_最重要古文単語,語彙,重要形容詞,びんなし,びんなし,なし,形容詞,品詞=形容詞,CJ-000036-C01,meaning,重要語義1,古語「びんなし」の意味は何か。,都合が悪い,都合が悪い｜具合が悪い,時機や状況が悪く、行動しにくい。,なし,なし,なし,なし,なし,なし,標準古語辞典・検定済み教科書（複数資料照合）,なし,なし
古文単語_単語Deck1_最重要古文単語_300,CJ-000037,37,単語Deck1_最重要古文単語,語彙,重要形容詞,かたじけなし,かたじけなし,なし,形容詞,品詞=形容詞,CJ-000037-C01,meaning,重要語義1,古語「かたじけなし」の意味は何か。,恐れ多い,恐れ多い｜もったいない,高貴な人から受ける厚意などを、身に余ると感じる。,なし,なし,なし,なし,なし,なし,標準古語辞典・検定済み教科書（複数資料照合）,なし,なし
古文単語_単語Deck1_最重要古文単語_300,CJ-000037,37,単語Deck1_最重要古文単語,語彙,重要形容詞,かたじけなし,かたじけなし,なし,形容詞,品詞=形容詞,CJ-000037-C02,meaning,重要語義2,古語「かたじけなし」の意味は何か。,ありがたい,ありがたい｜恐縮だ,厚意に感謝し、恐縮する。,なし,なし,なし,なし,なし,なし,標準古語辞典・検定済み教科書（複数資料照合）,なし,なし
古文単語_単語Deck1_最重要古文単語_300,CJ-000038,38,単語Deck1_最重要古文単語,語彙,重要形容詞,おぼつかなし,おぼつかなし,なし,形容詞,品詞=形容詞,CJ-000038-C01,meaning,重要語義1,古語「おぼつかなし」の意味は何か。,はっきりしない,はっきりしない｜ぼんやりしている,物事が明確でない。,なし,なし,なし,こころもとなし,両語とも不安・待ち遠しさを表すが、語形ごと覚えて文脈で判定する。,なし,標準古語辞典・検定済み教科書（複数資料照合）,なし,なし
古文単語_単語Deck1_最重要古文単語_300,CJ-000038,38,単語Deck1_最重要古文単語,語彙,重要形容詞,おぼつかなし,おぼつかなし,なし,形容詞,品詞=形容詞,CJ-000038-C02,meaning,重要語義2,古語「おぼつかなし」の意味は何か。,気がかりだ,気がかりだ｜不安だ,先の様子が分からず心配である。,なし,なし,なし,こころもとなし,両語とも不安・待ち遠しさを表すが、語形ごと覚えて文脈で判定する。,なし,標準古語辞典・検定済み教科書（複数資料照合）,なし,なし
古文単語_単語Deck1_最重要古文単語_300,CJ-000038,38,単語Deck1_最重要古文単語,語彙,重要形容詞,おぼつかなし,おぼつかなし,なし,形容詞,品詞=形容詞,CJ-000038-C03,meaning,重要語義3,古語「おぼつかなし」の意味は何か。,待ち遠しい,待ち遠しい｜じれったい,早く結果を知りたい気持ち。,なし,なし,なし,こころもとなし,両語とも不安・待ち遠しさを表すが、語形ごと覚えて文脈で判定する。,なし,標準古語辞典・検定済み教科書（複数資料照合）,なし,なし
古文単語_単語Deck1_最重要古文単語_300,CJ-000039,39,単語Deck1_最重要古文単語,語彙,重要形容詞,むつかし,むつかし,なし,形容詞,品詞=形容詞,CJ-000039-C01,meaning,重要語義1,古語「むつかし」の意味は何か。,不快だ,不快だ｜うっとうしい,わずらわしく、気分が晴れない。,なし,なし,なし,現代語の「難しい」,古文では「不快だ・うっとうしい」が中心。,なし,標準古語辞典・検定済み教科書（複数資料照合）,なし,なし
古文単語_単語Deck1_最重要古文単語_300,CJ-000039,39,単語Deck1_最重要古文単語,語彙,重要形容詞,むつかし,むつかし,なし,形容詞,品詞=形容詞,CJ-000039-C02,meaning,重要語義2,古語「むつかし」の意味は何か。,気味が悪い,気味が悪い｜恐ろしい,近寄りたくない不快感を表す。,なし,なし,なし,現代語の「難しい」,古文では「不快だ・うっとうしい」が中心。,なし,標準古語辞典・検定済み教科書（複数資料照合）,なし,なし
古文単語_単語Deck1_最重要古文単語_300,CJ-000040,40,単語Deck1_最重要古文単語,語彙,重要形容詞,めざまし,めざまし,なし,形容詞,品詞=形容詞,CJ-000040-C01,meaning,重要語義1,古語「めざまし」の意味は何か。,気にくわない,気にくわない｜目障りだ,身分不相応な振る舞いなどを見て不快に思う。,なし,なし,なし,なし,なし,なし,標準古語辞典・検定済み教科書（複数資料照合）,なし,なし
古文単語_単語Deck1_最重要古文単語_300,CJ-000040,40,単語Deck1_最重要古文単語,語彙,重要形容詞,めざまし,めざまし,なし,形容詞,品詞=形容詞,CJ-000040-C02,meaning,重要語義2,古語「めざまし」の意味は何か。,すばらしい,すばらしい｜目を見張るほどだ,目が覚めるほど見事である。,なし,なし,なし,なし,なし,なし,標準古語辞典・検定済み教科書（複数資料照合）,なし,なし
古文単語_単語Deck1_最重要古文単語_300,CJ-000041,41,単語Deck1_最重要古文単語,語彙,重要形容詞,いぶせし,いぶせし,なし,形容詞,品詞=形容詞,CJ-000041-C01,meaning,重要語義1,古語「いぶせし」の意味は何か。,気が晴れない,気が晴れない｜うっとうしい,胸がふさがるようで、すっきりしない。,なし,なし,なし,なし,なし,なし,標準古語辞典・検定済み教科書（複数資料照合）,なし,なし
古文単語_単語Deck1_最重要古文単語_300,CJ-000041,41,単語Deck1_最重要古文単語,語彙,重要形容詞,いぶせし,いぶせし,なし,形容詞,品詞=形容詞,CJ-000041-C02,meaning,重要語義2,古語「いぶせし」の意味は何か。,気がかりだ,気がかりだ｜心配だ,事情が分からず、心に引っかかる。,なし,なし,なし,なし,なし,なし,標準古語辞典・検定済み教科書（複数資料照合）,なし,なし
古文単語_単語Deck1_最重要古文単語_300,CJ-000042,42,単語Deck1_最重要古文単語,語彙,重要形容詞,うしろめたし,うしろめたし,なし,形容詞,品詞=形容詞,CJ-000042-C01,meaning,重要語義1,古語「うしろめたし」の意味は何か。,気がかりだ,気がかりだ｜心配だ,見えないところでどうなるか不安に思う。現代語の「やましい」だけではない。,なし,なし,なし,現代語の「後ろめたい」,古文では「気がかりだ・心配だ」が中心。,なし,標準古語辞典・検定済み教科書（複数資料照合）,なし,なし
古文単語_単語Deck1_最重要古文単語_300,CJ-000043,43,単語Deck1_最重要古文単語,語彙,重要形容詞,かしこし,かしこし,なし,形容詞,品詞=形容詞,CJ-000043-C01,meaning,重要語義1,古語「かしこし」の意味は何か。,恐れ多い,恐れ多い｜畏れ多い,身分の高い人や神仏を前に、畏れ敬う。,なし,なし,なし,なし,なし,なし,標準古語辞典・検定済み教科書（複数資料照合）,なし,なし
古文単語_単語Deck1_最重要古文単語_300,CJ-000043,43,単語Deck1_最重要古文単語,語彙,重要形容詞,かしこし,かしこし,なし,形容詞,品詞=形容詞,CJ-000043-C02,meaning,重要語義2,古語「かしこし」の意味は何か。,非常に,非常に｜たいそう,程度の甚だしさを強める。,なし,なし,なし,なし,なし,なし,標準古語辞典・検定済み教科書（複数資料照合）,なし,なし
古文単語_単語Deck1_最重要古文単語_300,CJ-000043,43,単語Deck1_最重要古文単語,語彙,重要形容詞,かしこし,かしこし,なし,形容詞,品詞=形容詞,CJ-000043-C03,meaning,重要語義3,古語「かしこし」の意味は何か。,すぐれている,すぐれている｜賢い,能力や徳が高い。,なし,なし,なし,なし,なし,なし,標準古語辞典・検定済み教科書（複数資料照合）,なし,なし
古文単語_単語Deck1_最重要古文単語_300,CJ-000044,44,単語Deck1_最重要古文単語,語彙,重要形容詞,さうざうし,そうぞうし,そうぞうし,形容詞,品詞=形容詞,CJ-000044-C01,meaning,重要語義1,古語「さうざうし」の意味は何か。,物足りない,物足りない｜寂しい,あるべきものがなく、満たされない感じ。,なし,なし,なし,なし,なし,なし,標準古語辞典・検定済み教科書（複数資料照合）,なし,なし
古文単語_単語Deck1_最重要古文単語_300,CJ-000045,45,単語Deck1_最重要古文単語,語彙,重要形容詞,つれなし,つれなし,なし,形容詞,品詞=形容詞,CJ-000045-C01,meaning,重要語義1,古語「つれなし」の意味は何か。,平然としている,平然としている｜何気ない,心に感じていても表情や態度に出さない。,なし,なし,なし,なし,なし,なし,標準古語辞典・検定済み教科書（複数資料照合）,なし,なし
古文単語_単語Deck1_最重要古文単語_300,CJ-000045,45,単語Deck1_最重要古文単語,語彙,重要形容詞,つれなし,つれなし,なし,形容詞,品詞=形容詞,CJ-000045-C02,meaning,重要語義2,古語「つれなし」の意味は何か。,冷淡だ,冷淡だ｜よそよそしい,相手に思いやりを示さない。,なし,なし,なし,なし,なし,なし,標準古語辞典・検定済み教科書（複数資料照合）,なし,なし
古文単語_単語Deck1_最重要古文単語_300,CJ-000046,46,単語Deck1_最重要古文単語,語彙,重要形容動詞,あからさまなり,あからさまなり,なし,形容動詞,品詞=形容動詞,CJ-000046-C01,meaning,重要語義1,古語「あからさまなり」の意味は何か。,ほんのしばらく,ほんのしばらく｜一時的だ,時間的に少しの間だけである。現代語の「露骨だ」とは異なる。,なし,なし,なし,現代語の「あからさま」,古文では「ほんのしばらく」。,なし,標準古語辞典・検定済み教科書（複数資料照合）,なし,なし
古文単語_単語Deck1_最重要古文単語_300,CJ-000047,47,単語Deck1_最重要古文単語,語彙,重要形容動詞,かりそめなり,かりそめなり,なし,形容動詞,品詞=形容動詞,CJ-000047-C01,meaning,重要語義1,古語「かりそめなり」の意味は何か。,一時的だ,一時的だ｜その場限りだ,長く続かず、仮の状態である。,なし,なし,なし,なし,なし,なし,標準古語辞典・検定済み教科書（複数資料照合）,なし,なし
古文単語_単語Deck1_最重要古文単語_300,CJ-000047,47,単語Deck1_最重要古文単語,語彙,重要形容動詞,かりそめなり,かりそめなり,なし,形容動詞,品詞=形容動詞,CJ-000047-C02,meaning,重要語義2,古語「かりそめなり」の意味は何か。,いい加減だ,いい加減だ｜軽々しい,深く考えず、軽い気持ちである。,なし,なし,なし,なし,なし,なし,標準古語辞典・検定済み教科書（複数資料照合）,なし,なし
古文単語_単語Deck1_最重要古文単語_300,CJ-000048,48,単語Deck1_最重要古文単語,語彙,重要形容動詞,なのめなり,なのめなり,なし,形容動詞,品詞=形容動詞,CJ-000048-C01,meaning,重要語義1,古語「なのめなり」の意味は何か。,並一通りだ,並一通りだ｜普通だ,特別ではなく、ありふれた程度。,なし,なし,なし,なし,なし,なし,標準古語辞典・検定済み教科書（複数資料照合）,なし,なし
古文単語_単語Deck1_最重要古文単語_300,CJ-000048,48,単語Deck1_最重要古文単語,語彙,重要形容動詞,なのめなり,なのめなり,なし,形容動詞,品詞=形容動詞,CJ-000048-C02,meaning,重要語義2,古語「なのめなり」の意味は何か。,いい加減だ,いい加減だ｜おろそかだ,真剣さが足りない。,なし,なし,なし,なし,なし,なし,標準古語辞典・検定済み教科書（複数資料照合）,なし,なし
古文単語_単語Deck1_最重要古文単語_300,CJ-000049,49,単語Deck1_最重要古文単語,語彙,重要形容動詞,おろかなり,おろかなり,なし,形容動詞,品詞=形容動詞,CJ-000049-C01,meaning,重要語義1,古語「おろかなり」の意味は何か。,言葉では言い尽くせない,言葉では言い尽くせない｜言うまでもない,程度が甚だしく、普通の言葉では十分に表せない。,なし,なし,なし,現代語の「愚かだ」,古文では「言葉では言い尽くせない」「おろそかだ」が重要。,なし,標準古語辞典・検定済み教科書（複数資料照合）,なし,なし
古文単語_単語Deck1_最重要古文単語_300,CJ-000049,49,単語Deck1_最重要古文単語,語彙,重要形容動詞,おろかなり,おろかなり,なし,形容動詞,品詞=形容動詞,CJ-000049-C02,meaning,重要語義2,古語「おろかなり」の意味は何か。,いい加減だ,いい加減だ｜おろそかだ,十分に心を尽くさない。,なし,なし,なし,現代語の「愚かだ」,古文では「言葉では言い尽くせない」「おろそかだ」が重要。,なし,標準古語辞典・検定済み教科書（複数資料照合）,なし,なし
古文単語_単語Deck1_最重要古文単語_300,CJ-000050,50,単語Deck1_最重要古文単語,語彙,重要形容動詞,ねんごろなり,ねんごろなり,なし,形容動詞,品詞=形容動詞,CJ-000050-C01,meaning,重要語義1,古語「ねんごろなり」の意味は何か。,心を込めている,心を込めている｜丁寧だ,熱心で、誠意を尽くしている。,なし,なし,なし,なし,なし,なし,標準古語辞典・検定済み教科書（複数資料照合）,なし,なし
古文単語_単語Deck1_最重要古文単語_300,CJ-000050,50,単語Deck1_最重要古文単語,語彙,重要形容動詞,ねんごろなり,ねんごろなり,なし,形容動詞,品詞=形容動詞,CJ-000050-C02,meaning,重要語義2,古語「ねんごろなり」の意味は何か。,親密だ,親密だ｜仲がよい,人と人との関係が深い。,なし,なし,なし,なし,なし,なし,標準古語辞典・検定済み教科書（複数資料照合）,なし,なし
古文単語_単語Deck1_最重要古文単語_300,CJ-000051,51,単語Deck1_最重要古文単語,語彙,重要形容動詞,あてなり,あてなり,なし,形容動詞,品詞=形容動詞,CJ-000051-C01,meaning,重要語義1,古語「あてなり」の意味は何か。,身分が高い,身分が高い｜高貴だ,生まれや地位が高い。,なし,なし,なし,なし,なし,なし,標準古語辞典・検定済み教科書（複数資料照合）,なし,なし
古文単語_単語Deck1_最重要古文単語_300,CJ-000051,51,単語Deck1_最重要古文単語,語彙,重要形容動詞,あてなり,あてなり,なし,形容動詞,品詞=形容動詞,CJ-000051-C02,meaning,重要語義2,古語「あてなり」の意味は何か。,上品だ,上品だ｜優雅だ,洗練され、品がある。,なし,なし,なし,なし,なし,なし,標準古語辞典・検定済み教科書（複数資料照合）,なし,なし
古文単語_単語Deck1_最重要古文単語_300,CJ-000052,52,単語Deck1_最重要古文単語,語彙,重要形容詞,あらまほし,あらまほし,なし,形容詞,品詞=形容詞,CJ-000052-C01,meaning,重要語義1,古語「あらまほし」の意味は何か。,理想的だ,理想的だ｜望ましい,そうあってほしいと思う、好ましい状態。,なし,なし,なし,なし,なし,なし,標準古語辞典・検定済み教科書（複数資料照合）,なし,なし
古文単語_単語Deck1_最重要古文単語_300,CJ-000053,53,単語Deck1_最重要古文単語,語彙,重要形容詞,さかし,さかし,なし,形容詞,品詞=形容詞,CJ-000053-C01,meaning,重要語義1,古語「さかし」の意味は何か。,賢い,賢い｜しっかりしている,判断力があり、利口である。,なし,なし,なし,なし,なし,なし,標準古語辞典・検定済み教科書（複数資料照合）,なし,なし
古文単語_単語Deck1_最重要古文単語_300,CJ-000053,53,単語Deck1_最重要古文単語,語彙,重要形容詞,さかし,さかし,なし,形容詞,品詞=形容詞,CJ-000053-C02,meaning,重要語義2,古語「さかし」の意味は何か。,利口ぶっている,利口ぶっている｜こざかしい,自分の知恵をひけらかす否定的な語義。,なし,なし,なし,なし,なし,なし,標準古語辞典・検定済み教科書（複数資料照合）,なし,なし
古文単語_単語Deck1_最重要古文単語_300,CJ-000054,54,単語Deck1_最重要古文単語,語彙,重要形容詞,さうなし,そうなし,そうなし,形容詞,品詞=形容詞,CJ-000054-C01,meaning,重要語義1,古語「さうなし」の意味は何か。,ためらわない,ためらわない｜あれこれ考えない,左右を見回して迷うことがなく、すぐ判断・行動する。,なし,なし,なし,なし,なし,なし,標準古語辞典・検定済み教科書（複数資料照合）,なし,なし
古文単語_単語Deck1_最重要古文単語_300,CJ-000054,54,単語Deck1_最重要古文単語,語彙,重要形容詞,さうなし,そうなし,そうなし,形容詞,品詞=形容詞,CJ-000054-C02,meaning,重要語義2,古語「さうなし」の意味は何か。,簡単だ,簡単だ｜無造作だ,手間取らず、たやすく行える。,なし,なし,なし,なし,なし,なし,標準古語辞典・検定済み教科書（複数資料照合）,なし,なし
古文単語_単語Deck1_最重要古文単語_300,CJ-000055,55,単語Deck1_最重要古文単語,語彙,重要形容動詞,かたくななり,かたくななり,なし,形容動詞,品詞=形容動詞,CJ-000055-C01,meaning,重要語義1,古語「かたくななり」の意味は何か。,教養がない,教養がない｜見苦しい,物の道理や風雅を知らず、洗練されていない。,なし,なし,なし,なし,なし,なし,標準古語辞典・検定済み教科書（複数資料照合）,なし,なし
古文単語_単語Deck1_最重要古文単語_300,CJ-000055,55,単語Deck1_最重要古文単語,語彙,重要形容動詞,かたくななり,かたくななり,なし,形容動詞,品詞=形容動詞,CJ-000055-C02,meaning,重要語義2,古語「かたくななり」の意味は何か。,頑固だ,頑固だ｜融通が利かない,自分の考えに固執する。,なし,なし,なし,なし,なし,なし,標準古語辞典・検定済み教科書（複数資料照合）,なし,なし
古文単語_単語Deck1_最重要古文単語_300,CJ-000056,56,単語Deck1_最重要古文単語,語彙,重要形容詞,いとほし,いとおし,いとおし,形容詞,品詞=形容詞,CJ-000056-C01,meaning,重要語義1,古語「いとほし」の意味は何か。,かわいそうだ,かわいそうだ｜気の毒だ,相手をいたわしく思う。,なし,なし,なし,なし,なし,なし,標準古語辞典・検定済み教科書（複数資料照合）,なし,なし
古文単語_単語Deck1_最重要古文単語_300,CJ-000056,56,単語Deck1_最重要古文単語,語彙,重要形容詞,いとほし,いとおし,いとおし,形容詞,品詞=形容詞,CJ-000056-C02,meaning,重要語義2,古語「いとほし」の意味は何か。,かわいらしい,かわいらしい｜いとしい,相手を大切に思う気持ち。,なし,なし,なし,なし,なし,なし,標準古語辞典・検定済み教科書（複数資料照合）,なし,なし
古文単語_単語Deck1_最重要古文単語_300,CJ-000057,57,単語Deck1_最重要古文単語,語彙,重要形容詞,ゆゆし,ゆゆし,なし,形容詞,品詞=形容詞,CJ-000057-C01,meaning,重要語義1,古語「ゆゆし」の意味は何か。,不吉だ,不吉だ｜恐ろしい,触れてはならないほど神聖・不吉である。,なし,なし,なし,なし,なし,なし,標準古語辞典・検定済み教科書（複数資料照合）,なし,なし
古文単語_単語Deck1_最重要古文単語_300,CJ-000057,57,単語Deck1_最重要古文単語,語彙,重要形容詞,ゆゆし,ゆゆし,なし,形容詞,品詞=形容詞,CJ-000057-C02,meaning,重要語義2,古語「ゆゆし」の意味は何か。,すばらしい,すばらしい｜立派だ,程度が甚だしいことから、よい評価にも使う。,なし,なし,なし,なし,なし,なし,標準古語辞典・検定済み教科書（複数資料照合）,なし,なし
古文単語_単語Deck1_最重要古文単語_300,CJ-000057,57,単語Deck1_最重要古文単語,語彙,重要形容詞,ゆゆし,ゆゆし,なし,形容詞,品詞=形容詞,CJ-000057-C03,meaning,重要語義3,古語「ゆゆし」の意味は何か。,ひどい,ひどい｜大変だ,程度が甚だしく、好ましくない。,なし,なし,なし,なし,なし,なし,標準古語辞典・検定済み教科書（複数資料照合）,なし,なし
古文単語_単語Deck1_最重要古文単語_300,CJ-000058,58,単語Deck1_最重要古文単語,語彙,重要形容詞,やむごとなし,やんごとなし,やんごとなし,形容詞,品詞=形容詞,CJ-000058-C01,meaning,重要語義1,古語「やむごとなし」の意味は何か。,身分が高い,身分が高い｜高貴だ,捨てておけないほど重要で、身分が高い。,なし,なし,なし,なし,なし,なし,標準古語辞典・検定済み教科書（複数資料照合）,なし,なし
古文単語_単語Deck1_最重要古文単語_300,CJ-000058,58,単語Deck1_最重要古文単語,語彙,重要形容詞,やむごとなし,やんごとなし,やんごとなし,形容詞,品詞=形容詞,CJ-000058-C02,meaning,重要語義2,古語「やむごとなし」の意味は何か。,格別だ,格別だ｜並々でない,特別に重んじるべきである。,なし,なし,なし,なし,なし,なし,標準古語辞典・検定済み教科書（複数資料照合）,なし,なし
古文単語_単語Deck1_最重要古文単語_300,CJ-000059,59,単語Deck1_最重要古文単語,語彙,重要形容動詞,おぼろけなり,おぼろけなり,なし,形容動詞,品詞=形容動詞,CJ-000059-C01,meaning,重要語義1,古語「おぼろけなり」の意味は何か。,並一通りだ,並一通りだ｜普通だ,「おぼろけならず」の形では「並一通りではない」と強い程度を表す。,なし,なし,なし,なし,なし,なし,標準古語辞典・検定済み教科書（複数資料照合）,なし,なし
古文単語_単語Deck1_最重要古文単語_300,CJ-000059,59,単語Deck1_最重要古文単語,語彙,重要形容動詞,おぼろけなり,おぼろけなり,なし,形容動詞,品詞=形容動詞,CJ-000059-C02,meaning,重要語義2,古語「おぼろけなり」の意味は何か。,並々でない,並々でない｜格別だ,打消と呼応すると、普通ではないほど甚だしい意味になる。,なし,なし,なし,なし,なし,なし,標準古語辞典・検定済み教科書（複数資料照合）,なし,なし
古文単語_単語Deck1_最重要古文単語_300,CJ-000060,60,単語Deck1_最重要古文単語,語彙,重要形容動詞,まめなり,まめなり,なし,形容動詞,品詞=形容動詞,CJ-000060-C01,meaning,重要語義1,古語「まめなり」の意味は何か。,誠実だ,誠実だ｜まじめだ,浮つかず、真心がある。,なし,なし,なし,なし,なし,なし,標準古語辞典・検定済み教科書（複数資料照合）,なし,なし
古文単語_単語Deck1_最重要古文単語_300,CJ-000060,60,単語Deck1_最重要古文単語,語彙,重要形容動詞,まめなり,まめなり,なし,形容動詞,品詞=形容動詞,CJ-000060-C02,meaning,重要語義2,古語「まめなり」の意味は何か。,実用的だ,実用的だ｜役に立つ,風流ではなく、日常生活に役立つ。,なし,なし,なし,なし,なし,なし,標準古語辞典・検定済み教科書（複数資料照合）,なし,なし
古文単語_単語Deck1_最重要古文単語_300,CJ-000061,61,単語Deck1_最重要古文単語,語彙,重要名詞,こころざし,こころざし,なし,名詞,品詞=名詞,CJ-000061-C01,meaning,重要語義1,古語「こころざし」の意味は何か。,愛情,愛情｜好意,相手を思う気持ちや誠意を表す。,なし,なし,なし,なし,なし,なし,標準古語辞典・検定済み教科書（複数資料照合）,なし,なし
古文単語_単語Deck1_最重要古文単語_300,CJ-000061,61,単語Deck1_最重要古文単語,語彙,重要名詞,こころざし,こころざし,なし,名詞,品詞=名詞,CJ-000061-C02,meaning,重要語義2,古語「こころざし」の意味は何か。,贈り物,贈り物｜謝礼,愛情・感謝を表すために贈る品。,なし,なし,なし,なし,なし,なし,標準古語辞典・検定済み教科書（複数資料照合）,なし,なし
古文単語_単語Deck1_最重要古文単語_300,CJ-000062,62,単語Deck1_最重要古文単語,語彙,重要名詞,けしき,けしき,なし,名詞,品詞=名詞,CJ-000062-C01,meaning,重要語義1,古語「けしき」の意味は何か。,様子,様子｜態度,人の表情・態度や物事の外見を表す。,なし,なし,なし,なし,なし,なし,標準古語辞典・検定済み教科書（複数資料照合）,なし,なし
古文単語_単語Deck1_最重要古文単語_300,CJ-000062,62,単語Deck1_最重要古文単語,語彙,重要名詞,けしき,けしき,なし,名詞,品詞=名詞,CJ-000062-C02,meaning,重要語義2,古語「けしき」の意味は何か。,意向,意向｜気持ち,はっきり言わずに示された考えや気持ち。,なし,なし,なし,なし,なし,なし,標準古語辞典・検定済み教科書（複数資料照合）,なし,なし
古文単語_単語Deck1_最重要古文単語_300,CJ-000062,62,単語Deck1_最重要古文単語,語彙,重要名詞,けしき,けしき,なし,名詞,品詞=名詞,CJ-000062-C03,meaning,重要語義3,古語「けしき」の意味は何か。,兆候,兆候｜気配,物事が起こりそうな気配。,なし,なし,なし,なし,なし,なし,標準古語辞典・検定済み教科書（複数資料照合）,なし,なし
古文単語_単語Deck1_最重要古文単語_300,CJ-000063,63,単語Deck1_最重要古文単語,語彙,重要名詞,こころばへ,こころばえ,こころばえ,名詞,品詞=名詞,CJ-000063-C01,meaning,重要語義1,古語「こころばへ」の意味は何か。,心遣い,心遣い｜気立て,人への配慮や心の持ち方。,なし,なし,なし,なし,なし,なし,標準古語辞典・検定済み教科書（複数資料照合）,なし,なし
古文単語_単語Deck1_最重要古文単語_300,CJ-000063,63,単語Deck1_最重要古文単語,語彙,重要名詞,こころばへ,こころばえ,こころばえ,名詞,品詞=名詞,CJ-000063-C02,meaning,重要語義2,古語「こころばへ」の意味は何か。,趣向,趣向｜意図,物事に込めた考えや工夫。,なし,なし,なし,なし,なし,なし,標準古語辞典・検定済み教科書（複数資料照合）,なし,なし
古文単語_単語Deck1_最重要古文単語_300,CJ-000064,64,単語Deck1_最重要古文単語,語彙,重要名詞,よし,よし,なし,名詞,品詞=名詞,CJ-000064-C01,meaning,重要語義1,古語「よし」の意味は何か。,理由,理由｜わけ,そうなる根拠や事情。,なし,なし,なし,なし,なし,なし,標準古語辞典・検定済み教科書（複数資料照合）,なし,なし
古文単語_単語Deck1_最重要古文単語_300,CJ-000064,64,単語Deck1_最重要古文単語,語彙,重要名詞,よし,よし,なし,名詞,品詞=名詞,CJ-000064-C02,meaning,重要語義2,古語「よし」の意味は何か。,方法,方法｜手段,目的を実現するためのやり方。,なし,なし,なし,なし,なし,なし,標準古語辞典・検定済み教科書（複数資料照合）,なし,なし
古文単語_単語Deck1_最重要古文単語_300,CJ-000064,64,単語Deck1_最重要古文単語,語彙,重要名詞,よし,よし,なし,名詞,品詞=名詞,CJ-000064-C03,meaning,重要語義3,古語「よし」の意味は何か。,風情,風情｜趣,見た目や振る舞いに備わる趣。,なし,なし,なし,なし,なし,なし,標準古語辞典・検定済み教科書（複数資料照合）,なし,なし
古文単語_単語Deck1_最重要古文単語_300,CJ-000064,64,単語Deck1_最重要古文単語,語彙,重要名詞,よし,よし,なし,名詞,品詞=名詞,CJ-000064-C04,meaning,重要語義4,古語「よし」の意味は何か。,由緒,由緒｜いわれ,物事の由来や家柄の筋。,なし,なし,なし,なし,なし,なし,標準古語辞典・検定済み教科書（複数資料照合）,なし,なし
古文単語_単語Deck1_最重要古文単語_300,CJ-000065,65,単語Deck1_最重要古文単語,語彙,重要名詞,ためし,ためし,なし,名詞,品詞=名詞,CJ-000065-C01,meaning,重要語義1,古語「ためし」の意味は何か。,例,例｜先例,過去の出来事のうち、参考になる例。,なし,なし,なし,なし,なし,なし,標準古語辞典・検定済み教科書（複数資料照合）,なし,なし
古文単語_単語Deck1_最重要古文単語_300,CJ-000066,66,単語Deck1_最重要古文単語,語彙,重要形容詞,うるはし,うるわし,なし,形容詞,品詞=形容詞,CJ-000066-C01,meaning,重要語義1,古語「うるはし」の意味は何か。,きちんとしている,きちんとしている｜整っている,欠けたところがなく、整然としている様子。,なし,なし,なし,うつくし,「うるはし」は整然・親密、「うつくし」はかわいらしさが中心。,なし,標準古語辞典・検定済み教科書（複数資料照合）,なし,なし
古文単語_単語Deck1_最重要古文単語_300,CJ-000066,66,単語Deck1_最重要古文単語,語彙,重要形容詞,うるはし,うるわし,なし,形容詞,品詞=形容詞,CJ-000066-C02,meaning,重要語義2,古語「うるはし」の意味は何か。,親しい,親しい｜仲がよい,人間関係が隔てなく親密である様子。,なし,なし,なし,うつくし,「うるはし」は整然・親密、「うつくし」はかわいらしさが中心。,なし,標準古語辞典・検定済み教科書（複数資料照合）,なし,なし
古文単語_単語Deck1_最重要古文単語_300,CJ-000067,67,単語Deck1_最重要古文単語,語彙,重要形容詞,はかばかし,はかばかし,なし,形容詞,品詞=形容詞,CJ-000067-C01,meaning,重要語義1,古語「はかばかし」の意味は何か。,はっきりしている,はっきりしている｜しっかりしている,物事が明確で、十分に進んでいる様子。,なし,なし,なし,なし,なし,なし,標準古語辞典・検定済み教科書（複数資料照合）,なし,なし
古文単語_単語Deck1_最重要古文単語_300,CJ-000067,67,単語Deck1_最重要古文単語,語彙,重要形容詞,はかばかし,はかばかし,なし,形容詞,品詞=形容詞,CJ-000067-C02,meaning,重要語義2,古語「はかばかし」の意味は何か。,頼もしい,頼もしい｜しっかりしている,人物や働きが確かで期待できる様子。,なし,なし,なし,なし,なし,なし,標準古語辞典・検定済み教科書（複数資料照合）,なし,なし
古文単語_単語Deck1_最重要古文単語_300,CJ-000068,68,単語Deck1_最重要古文単語,語彙,重要形容詞,すべなし,すべなし,なし,形容詞,品詞=形容詞,CJ-000068-C01,meaning,重要語義1,古語「すべなし」の意味は何か。,どうしようもない,どうしようもない｜なすすべがない,対処する方法がなく、手の打ちようがない。,なし,なし,なし,なし,なし,なし,標準古語辞典・検定済み教科書（複数資料照合）,なし,なし
古文単語_単語Deck1_最重要古文単語_300,CJ-000069,69,単語Deck1_最重要古文単語,語彙,重要形容詞,こころづきなし,こころづきなし,なし,形容詞,品詞=形容詞,CJ-000069-C01,meaning,重要語義1,古語「こころづきなし」の意味は何か。,気に入らない,気に入らない｜不愉快だ,心に合わず、好ましく感じられない。,なし,なし,なし,なし,なし,なし,標準古語辞典・検定済み教科書（複数資料照合）,なし,なし
古文単語_単語Deck1_最重要古文単語_300,CJ-000070,70,単語Deck1_最重要古文単語,語彙,重要形容詞,こちたし,こちたし,なし,形容詞,品詞=形容詞,CJ-000070-C01,meaning,重要語義1,古語「こちたし」の意味は何か。,大げさだ,大げさだ｜仰々しい,程度や表現が必要以上に大きい。,なし,なし,なし,なし,なし,なし,標準古語辞典・検定済み教科書（複数資料照合）,なし,仰々しい=ぎょうぎょうしい
古文単語_単語Deck1_最重要古文単語_300,CJ-000070,70,単語Deck1_最重要古文単語,語彙,重要形容詞,こちたし,こちたし,なし,形容詞,品詞=形容詞,CJ-000070-C02,meaning,重要語義2,古語「こちたし」の意味は何か。,わずらわしい,わずらわしい｜面倒だ,事が込み入っていて面倒に感じられる。,なし,なし,なし,なし,なし,なし,標準古語辞典・検定済み教科書（複数資料照合）,なし,なし
古文単語_単語Deck1_最重要古文単語_300,CJ-000071,71,単語Deck1_最重要古文単語,語彙,重要形容詞,むくつけし,むくつけし,なし,形容詞,品詞=形容詞,CJ-000071-C01,meaning,重要語義1,古語「むくつけし」の意味は何か。,気味が悪い,気味が悪い｜恐ろしい｜不気味だ,異様で、ぞっとするように感じられる。,なし,なし,なし,なし,なし,なし,標準古語辞典・検定済み教科書（複数資料照合）,なし,なし
古文単語_単語Deck1_最重要古文単語_300,CJ-000072,72,単語Deck1_最重要古文単語,語彙,重要形容詞,つたなし,つたなし,なし,形容詞,品詞=形容詞,CJ-000072-C01,meaning,重要語義1,古語「つたなし」の意味は何か。,下手だ,下手だ｜未熟だ,技量や表現が未熟である。,なし,なし,なし,なし,なし,なし,標準古語辞典・検定済み教科書（複数資料照合）,なし,なし
古文単語_単語Deck1_最重要古文単語_300,CJ-000072,72,単語Deck1_最重要古文単語,語彙,重要形容詞,つたなし,つたなし,なし,形容詞,品詞=形容詞,CJ-000072-C02,meaning,重要語義2,古語「つたなし」の意味は何か。,劣っている,劣っている｜身分が低い,能力・身分などが低い。,なし,なし,なし,なし,なし,なし,標準古語辞典・検定済み教科書（複数資料照合）,なし,なし
古文単語_単語Deck1_最重要古文単語_300,CJ-000072,72,単語Deck1_最重要古文単語,語彙,重要形容詞,つたなし,つたなし,なし,形容詞,品詞=形容詞,CJ-000072-C03,meaning,重要語義3,古語「つたなし」の意味は何か。,不運だ,不運だ｜運が悪い,めぐり合わせが悪い。,なし,なし,なし,なし,なし,なし,標準古語辞典・検定済み教科書（複数資料照合）,なし,なし
古文単語_単語Deck1_最重要古文単語_300,CJ-000073,73,単語Deck1_最重要古文単語,語彙,重要形容詞,まさなし,まさなし,なし,形容詞,品詞=形容詞,CJ-000073-C01,meaning,重要語義1,古語「まさなし」の意味は何か。,よくない,よくない｜不都合だ,ふさわしくなく、好ましくない。,なし,なし,なし,なし,なし,なし,標準古語辞典・検定済み教科書（複数資料照合）,なし,なし
古文単語_単語Deck1_最重要古文単語_300,CJ-000073,73,単語Deck1_最重要古文単語,語彙,重要形容詞,まさなし,まさなし,なし,形容詞,品詞=形容詞,CJ-000073-C02,meaning,重要語義2,古語「まさなし」の意味は何か。,見苦しい,見苦しい｜みっともない,行動や様子が体裁を欠いている。,なし,なし,なし,なし,なし,なし,標準古語辞典・検定済み教科書（複数資料照合）,なし,なし
古文単語_単語Deck1_最重要古文単語_300,CJ-000074,74,単語Deck1_最重要古文単語,語彙,重要形容詞,さがなし,さがなし,なし,形容詞,品詞=形容詞,CJ-000074-C01,meaning,重要語義1,古語「さがなし」の意味は何か。,意地が悪い,意地が悪い｜性質が悪い,人の性質が悪く、思いやりがない。,なし,なし,なし,なし,なし,なし,標準古語辞典・検定済み教科書（複数資料照合）,なし,なし
古文単語_単語Deck1_最重要古文単語_300,CJ-000074,74,単語Deck1_最重要古文単語,語彙,重要形容詞,さがなし,さがなし,なし,形容詞,品詞=形容詞,CJ-000074-C02,meaning,重要語義2,古語「さがなし」の意味は何か。,いたずらだ,いたずらだ｜いたずら好きだ,悪ふざけを好む様子。,なし,なし,なし,なし,なし,なし,標準古語辞典・検定済み教科書（複数資料照合）,なし,なし
古文単語_単語Deck1_最重要古文単語_300,CJ-000075,75,単語Deck1_最重要古文単語,語彙,重要形容詞,しどけなし,しどけなし,なし,形容詞,品詞=形容詞,CJ-000075-C01,meaning,重要語義1,古語「しどけなし」の意味は何か。,だらしない,だらしない｜無造作だ,身なりや振る舞いが整わず、締まりがない。,なし,なし,なし,なし,なし,なし,標準古語辞典・検定済み教科書（複数資料照合）,なし,なし
古文単語_単語Deck1_最重要古文単語_300,CJ-000076,76,単語Deck1_最重要古文単語,語彙,重要形容詞,ひがひがし,ひがひがし,なし,形容詞,品詞=形容詞,CJ-000076-C01,meaning,重要語義1,古語「ひがひがし」の意味は何か。,ひねくれている,ひねくれている｜偏屈だ,考え方や性質が素直でない。,なし,なし,なし,なし,なし,なし,標準古語辞典・検定済み教科書（複数資料照合）,なし,なし
古文単語_単語Deck1_最重要古文単語_300,CJ-000076,76,単語Deck1_最重要古文単語,語彙,重要形容詞,ひがひがし,ひがひがし,なし,形容詞,品詞=形容詞,CJ-000076-C02,meaning,重要語義2,古語「ひがひがし」の意味は何か。,風流でない,風流でない｜無教養だ,情趣を解さず、洗練されていない。,なし,なし,なし,なし,なし,なし,標準古語辞典・検定済み教科書（複数資料照合）,なし,なし
古文単語_単語Deck1_最重要古文単語_300,CJ-000077,77,単語Deck1_最重要古文単語,語彙,重要形容詞,らうがはし,ろうがわし,乱がはし,形容詞,品詞=形容詞,CJ-000077-C01,meaning,重要語義1,古語「らうがはし」の意味は何か。,乱雑だ,乱雑だ｜むさくるしい,物や場の秩序が乱れている。,なし,なし,なし,なし,なし,なし,標準古語辞典・検定済み教科書（複数資料照合）,なし,なし
古文単語_単語Deck1_最重要古文単語_300,CJ-000077,77,単語Deck1_最重要古文単語,語彙,重要形容詞,らうがはし,ろうがわし,乱がはし,形容詞,品詞=形容詞,CJ-000077-C02,meaning,重要語義2,古語「らうがはし」の意味は何か。,騒がしい,騒がしい｜やかましい,声や物音が入り乱れている。,なし,なし,なし,なし,なし,なし,標準古語辞典・検定済み教科書（複数資料照合）,なし,なし
古文単語_単語Deck1_最重要古文単語_300,CJ-000077,77,単語Deck1_最重要古文単語,語彙,重要形容詞,らうがはし,ろうがわし,乱がはし,形容詞,品詞=形容詞,CJ-000077-C03,meaning,重要語義3,古語「らうがはし」の意味は何か。,無作法だ,無作法だ｜乱暴だ,振る舞いが荒く、礼儀を欠いている。,なし,なし,なし,なし,なし,なし,標準古語辞典・検定済み教科書（複数資料照合）,なし,無作法=ぶさほう
古文単語_単語Deck1_最重要古文単語_300,CJ-000078,78,単語Deck1_最重要古文単語,語彙,重要形容詞,めづらし,めずらし,なし,形容詞,品詞=形容詞,CJ-000078-C01,meaning,重要語義1,古語「めづらし」の意味は何か。,珍しい,珍しい｜めったにない,見聞きすることが少なく、新鮮に感じられる。,なし,なし,なし,なし,なし,なし,標準古語辞典・検定済み教科書（複数資料照合）,なし,なし
古文単語_単語Deck1_最重要古文単語_300,CJ-000078,78,単語Deck1_最重要古文単語,語彙,重要形容詞,めづらし,めずらし,なし,形容詞,品詞=形容詞,CJ-000078-C02,meaning,重要語義2,古語「めづらし」の意味は何か。,すばらしい,すばらしい｜感心だ,珍しさから高く評価される。,なし,なし,なし,なし,なし,なし,標準古語辞典・検定済み教科書（複数資料照合）,なし,なし
古文単語_単語Deck1_最重要古文単語_300,CJ-000079,79,単語Deck1_最重要古文単語,語彙,重要形容詞,ともし,ともし,なし,形容詞,品詞=形容詞,CJ-000079-C01,meaning,重要語義1,古語「ともし」の意味は何か。,乏しい,乏しい｜少ない,必要なものが不足している。,なし,なし,なし,なし,なし,なし,標準古語辞典・検定済み教科書（複数資料照合）,なし,なし
古文単語_単語Deck1_最重要古文単語_300,CJ-000079,79,単語Deck1_最重要古文単語,語彙,重要形容詞,ともし,ともし,なし,形容詞,品詞=形容詞,CJ-000079-C02,meaning,重要語義2,古語「ともし」の意味は何か。,心ひかれる,心ひかれる｜うらやましい,他のものをよいと思い、心を引かれる。,なし,なし,なし,なし,なし,なし,標準古語辞典・検定済み教科書（複数資料照合）,なし,なし
古文単語_単語Deck1_最重要古文単語_300,CJ-000080,80,単語Deck1_最重要古文単語,語彙,重要形容詞,まばゆし,まばゆし,なし,形容詞,品詞=形容詞,CJ-000080-C01,meaning,重要語義1,古語「まばゆし」の意味は何か。,まぶしい,まぶしい｜光が強い,光が強く、まともに見にくい。,なし,なし,なし,なし,なし,なし,標準古語辞典・検定済み教科書（複数資料照合）,なし,なし
古文単語_単語Deck1_最重要古文単語_300,CJ-000080,80,単語Deck1_最重要古文単語,語彙,重要形容詞,まばゆし,まばゆし,なし,形容詞,品詞=形容詞,CJ-000080-C02,meaning,重要語義2,古語「まばゆし」の意味は何か。,恥ずかしい,恥ずかしい｜きまりが悪い,人目を意識して気後れする。,なし,なし,なし,なし,なし,なし,標準古語辞典・検定済み教科書（複数資料照合）,なし,なし
古文単語_単語Deck1_最重要古文単語_300,CJ-000080,80,単語Deck1_最重要古文単語,語彙,重要形容詞,まばゆし,まばゆし,なし,形容詞,品詞=形容詞,CJ-000080-C03,meaning,重要語義3,古語「まばゆし」の意味は何か。,見ていられない,見ていられない｜目を背けたい,気の毒さや不快さのため直視しにくい。,なし,なし,なし,なし,なし,なし,標準古語辞典・検定済み教科書（複数資料照合）,なし,なし
古文単語_単語Deck1_最重要古文単語_300,CJ-000081,81,単語Deck1_最重要古文単語,語彙,重要形容詞,ところせし,ところせし,なし,形容詞,品詞=形容詞,CJ-000081-C01,meaning,重要語義1,古語「ところせし」の意味は何か。,窮屈だ,窮屈だ｜場所が狭い,空間や立場に余裕がなく、自由がきかない。,なし,なし,なし,なし,なし,なし,標準古語辞典・検定済み教科書（複数資料照合）,なし,窮屈=きゅうくつ
古文単語_単語Deck1_最重要古文単語_300,CJ-000081,81,単語Deck1_最重要古文単語,語彙,重要形容詞,ところせし,ところせし,なし,形容詞,品詞=形容詞,CJ-000081-C02,meaning,重要語義2,古語「ところせし」の意味は何か。,仰々しい,仰々しい｜威圧的だ,重々しく、周囲を圧するような様子。,なし,なし,なし,なし,なし,なし,標準古語辞典・検定済み教科書（複数資料照合）,なし,仰々しい=ぎょうぎょうしい
古文単語_単語Deck1_最重要古文単語_300,CJ-000082,82,単語Deck1_最重要古文単語,語彙,重要形容詞,なめし,なめし,なし,形容詞,品詞=形容詞,CJ-000082-C01,meaning,重要語義1,古語「なめし」の意味は何か。,無礼だ,無礼だ｜失礼だ,相手を軽んじ、礼儀を欠いている。,なし,なし,なし,なし,なし,なし,標準古語辞典・検定済み教科書（複数資料照合）,なし,無礼=ぶれい
古文単語_単語Deck1_最重要古文単語_300,CJ-000083,83,単語Deck1_最重要古文単語,語彙,重要形容詞,うるせし,うるせし,なし,形容詞,品詞=形容詞,CJ-000083-C01,meaning,重要語義1,古語「うるせし」の意味は何か。,巧みだ,巧みだ｜賢い｜優れている,物事によく通じ、技量が高い。,なし,なし,なし,現代語の「うるさい」,古文では「巧みだ・賢い」という肯定的語義も重要。,なし,標準古語辞典・検定済み教科書（複数資料照合）,なし,巧み=たくみ
古文単語_単語Deck1_最重要古文単語_300,CJ-000083,83,単語Deck1_最重要古文単語,語彙,重要形容詞,うるせし,うるせし,なし,形容詞,品詞=形容詞,CJ-000083-C02,meaning,重要語義2,古語「うるせし」の意味は何か。,わずらわしい,わずらわしい｜面倒だ,細かくて面倒に感じられる。,なし,なし,なし,現代語の「うるさい」,古文では「巧みだ・賢い」という肯定的語義も重要。,なし,標準古語辞典・検定済み教科書（複数資料照合）,なし,なし
古文単語_単語Deck1_最重要古文単語_300,CJ-000084,84,単語Deck1_最重要古文単語,語彙,重要形容詞,いぶかし,いぶかし,なし,形容詞,品詞=形容詞,CJ-000084-C01,meaning,重要語義1,古語「いぶかし」の意味は何か。,気がかりだ,気がかりだ｜心配だ,事情が分からず心に引っかかる。,なし,なし,なし,なし,なし,なし,標準古語辞典・検定済み教科書（複数資料照合）,なし,なし
古文単語_単語Deck1_最重要古文単語_300,CJ-000084,84,単語Deck1_最重要古文単語,語彙,重要形容詞,いぶかし,いぶかし,なし,形容詞,品詞=形容詞,CJ-000084-C02,meaning,重要語義2,古語「いぶかし」の意味は何か。,不審だ,不審だ｜疑わしい,理由や事情が分からず疑問に感じる。,なし,なし,なし,なし,なし,なし,標準古語辞典・検定済み教科書（複数資料照合）,なし,不審=ふしん
古文単語_単語Deck1_最重要古文単語_300,CJ-000084,84,単語Deck1_最重要古文単語,語彙,重要形容詞,いぶかし,いぶかし,なし,形容詞,品詞=形容詞,CJ-000084-C03,meaning,重要語義3,古語「いぶかし」の意味は何か。,知りたい,知りたい｜見たい｜聞きたい,分からないことを確かめたい気持ちを表す。,なし,なし,なし,なし,なし,なし,標準古語辞典・検定済み教科書（複数資料照合）,なし,なし
古文単語_単語Deck1_最重要古文単語_300,CJ-000085,85,単語Deck1_最重要古文単語,語彙,重要形容詞,うとし,うとし,なし,形容詞,品詞=形容詞,CJ-000085-C01,meaning,重要語義1,古語「うとし」の意味は何か。,疎遠だ,疎遠だ｜親しくない,人との関係が遠く、親しみが薄い。,なし,なし,なし,なし,なし,なし,標準古語辞典・検定済み教科書（複数資料照合）,なし,疎遠=そえん
古文単語_単語Deck1_最重要古文単語_300,CJ-000085,85,単語Deck1_最重要古文単語,語彙,重要形容詞,うとし,うとし,なし,形容詞,品詞=形容詞,CJ-000085-C02,meaning,重要語義2,古語「うとし」の意味は何か。,よく知らない,よく知らない｜不案内だ,事情や物事に詳しくない。,なし,なし,なし,なし,なし,なし,標準古語辞典・検定済み教科書（複数資料照合）,なし,なし
古文単語_単語Deck1_最重要古文単語_300,CJ-000086,86,単語Deck1_最重要古文単語,語彙,重要形容詞,こころやすし,こころやすし,なし,形容詞,品詞=形容詞,CJ-000086-C01,meaning,重要語義1,古語「こころやすし」の意味は何か。,安心だ,安心だ｜気楽だ,心配がなく、落ち着いていられる。,なし,なし,なし,なし,なし,なし,標準古語辞典・検定済み教科書（複数資料照合）,なし,なし
古文単語_単語Deck1_最重要古文単語_300,CJ-000086,86,単語Deck1_最重要古文単語,語彙,重要形容詞,こころやすし,こころやすし,なし,形容詞,品詞=形容詞,CJ-000086-C02,meaning,重要語義2,古語「こころやすし」の意味は何か。,親しい,親しい｜遠慮がない,互いに気兼ねしない関係である。,なし,なし,なし,なし,なし,なし,標準古語辞典・検定済み教科書（複数資料照合）,なし,なし
古文単語_単語Deck1_最重要古文単語_300,CJ-000087,87,単語Deck1_最重要古文単語,語彙,重要形容詞,ことごとし,ことごとし,事事し,形容詞,品詞=形容詞,CJ-000087-C01,meaning,重要語義1,古語「ことごとし」の意味は何か。,大げさだ,大げさだ｜仰々しい,実際以上に重大そうに見せる。,なし,なし,なし,なし,なし,なし,標準古語辞典・検定済み教科書（複数資料照合）,なし,仰々しい=ぎょうぎょうしい
古文単語_単語Deck1_最重要古文単語_300,CJ-000088,88,単語Deck1_最重要古文単語,語彙,重要形容詞,こよなし,こよなし,なし,形容詞,品詞=形容詞,CJ-000088-C01,meaning,重要語義1,古語「こよなし」の意味は何か。,格別だ,格別だ｜この上ない｜はなはだしい,他と比べて程度が際立っている。,なし,なし,なし,こよなく,「こよなし」は形容詞、「こよなく」はその連用形由来の副詞。,なし,標準古語辞典・検定済み教科書（複数資料照合）,なし,なし
古文単語_単語Deck1_最重要古文単語_300,CJ-000089,89,単語Deck1_最重要古文単語,語彙,重要形容動詞,まほなり,まほなり,なし,形容動詞,品詞=形容動詞,CJ-000089-C01,meaning,重要語義1,古語「まほなり」の意味は何か。,完全だ,完全だ｜欠けたところがない,必要なものがそろい、不足がない。,なし,なし,なし,あらまほし,「まほなり」は完全・正式、「あらまほし」は理想的だ。,なし,標準古語辞典・検定済み教科書（複数資料照合）,なし,なし
古文単語_単語Deck1_最重要古文単語_300,CJ-000089,89,単語Deck1_最重要古文単語,語彙,重要形容動詞,まほなり,まほなり,なし,形容動詞,品詞=形容動詞,CJ-000089-C02,meaning,重要語義2,古語「まほなり」の意味は何か。,まともだ,まともだ｜正しい,正式で、きちんとしている。,なし,なし,なし,あらまほし,「まほなり」は完全・正式、「あらまほし」は理想的だ。,なし,標準古語辞典・検定済み教科書（複数資料照合）,なし,なし
古文単語_単語Deck1_最重要古文単語_300,CJ-000090,90,単語Deck1_最重要古文単語,語彙,重要形容動詞,あだなり,あだなり,なし,形容動詞,品詞=形容動詞,CJ-000090-C01,meaning,重要語義1,古語「あだなり」の意味は何か。,はかない,はかない｜頼りない,長続きせず、むなしく消えやすい。,なし,なし,なし,なし,なし,なし,標準古語辞典・検定済み教科書（複数資料照合）,なし,なし
古文単語_単語Deck1_最重要古文単語_300,CJ-000090,90,単語Deck1_最重要古文単語,語彙,重要形容動詞,あだなり,あだなり,なし,形容動詞,品詞=形容動詞,CJ-000090-C02,meaning,重要語義2,古語「あだなり」の意味は何か。,浮気だ,浮気だ｜誠実でない,男女関係などで心が定まらない。,なし,なし,なし,なし,なし,なし,標準古語辞典・検定済み教科書（複数資料照合）,なし,なし
古文単語_単語Deck1_最重要古文単語_300,CJ-000091,91,単語Deck1_最重要古文単語,語彙,重要形容動詞,なほざりなり,なおざりなり,なし,形容動詞,品詞=形容動詞,CJ-000091-C01,meaning,重要語義1,古語「なほざりなり」の意味は何か。,おろそかだ,おろそかだ｜いい加減だ,十分に心を配らず、真剣でない。,なし,なし,なし,おろかなり,「なほざりなり」はいい加減、「おろかなり」は十分に言い尽くせない意もある。,なし,標準古語辞典・検定済み教科書（複数資料照合）,なし,なし
古文単語_単語Deck1_最重要古文単語_300,CJ-000092,92,単語Deck1_最重要古文単語,語彙,重要形容動詞,うちつけなり,うちつけなり,なし,形容動詞,品詞=形容動詞,CJ-000092-C01,meaning,重要語義1,古語「うちつけなり」の意味は何か。,突然だ,突然だ｜だしぬけだ,前触れなく急に起こる。,なし,なし,なし,なし,なし,なし,標準古語辞典・検定済み教科書（複数資料照合）,なし,なし
古文単語_単語Deck1_最重要古文単語_300,CJ-000092,92,単語Deck1_最重要古文単語,語彙,重要形容動詞,うちつけなり,うちつけなり,なし,形容動詞,品詞=形容動詞,CJ-000092-C02,meaning,重要語義2,古語「うちつけなり」の意味は何か。,軽率だ,軽率だ｜不用意だ,よく考えず、性急に行動する。,なし,なし,なし,なし,なし,なし,標準古語辞典・検定済み教科書（複数資料照合）,なし,軽率=けいそつ
古文単語_単語Deck1_最重要古文単語_300,CJ-000093,93,単語Deck1_最重要古文単語,語彙,重要形容動詞,あやにくなり,あやにくなり,なし,形容動詞,品詞=形容動詞,CJ-000093-C01,meaning,重要語義1,古語「あやにくなり」の意味は何か。,あいにくだ,あいにくだ｜都合が悪い,期待に反して都合が悪い。,なし,なし,なし,なし,なし,なし,標準古語辞典・検定済み教科書（複数資料照合）,なし,なし
古文単語_単語Deck1_最重要古文単語_300,CJ-000093,93,単語Deck1_最重要古文単語,語彙,重要形容動詞,あやにくなり,あやにくなり,なし,形容動詞,品詞=形容動詞,CJ-000093-C02,meaning,重要語義2,古語「あやにくなり」の意味は何か。,意地が悪い,意地が悪い｜厳しい,相手を困らせるように容赦がない。,なし,なし,なし,なし,なし,なし,標準古語辞典・検定済み教科書（複数資料照合）,なし,なし
古文単語_単語Deck1_最重要古文単語_300,CJ-000094,94,単語Deck1_最重要古文単語,語彙,重要形容動詞,おいらかなり,おいらかなり,なし,形容動詞,品詞=形容動詞,CJ-000094-C01,meaning,重要語義1,古語「おいらかなり」の意味は何か。,おっとりしている,おっとりしている｜穏やかだ,性格や振る舞いがゆったりしている。,なし,なし,なし,なし,なし,なし,標準古語辞典・検定済み教科書（複数資料照合）,なし,なし
古文単語_単語Deck1_最重要古文単語_300,CJ-000094,94,単語Deck1_最重要古文単語,語彙,重要形容動詞,おいらかなり,おいらかなり,なし,形容動詞,品詞=形容動詞,CJ-000094-C02,meaning,重要語義2,古語「おいらかなり」の意味は何か。,素直だ,素直だ｜率直だ,飾らず、ひねくれたところがない。,なし,なし,なし,なし,なし,なし,標準古語辞典・検定済み教科書（複数資料照合）,なし,なし
古文単語_単語Deck1_最重要古文単語_300,CJ-000095,95,単語Deck1_最重要古文単語,語彙,重要形容動詞,きよげなり,きよげなり,なし,形容動詞,品詞=形容動詞,CJ-000095-C01,meaning,重要語義1,古語「きよげなり」の意味は何か。,美しい,美しい｜清らかで美しい,見た目が清潔で整い、美しく見える。,なし,なし,なし,きよらなり,「きよげなり」は見た目が美しい、「きよらなり」は際立って美しい。,なし,標準古語辞典・検定済み教科書（複数資料照合）,なし,なし
古文単語_単語Deck1_最重要古文単語_300,CJ-000096,96,単語Deck1_最重要古文単語,語彙,重要名詞,おぼえ,おぼえ,なし,名詞,品詞=名詞,CJ-000096-C01,meaning,重要語義1,古語「おぼえ」の意味は何か。,評判,評判｜名声,人々から受ける評価。,なし,なし,なし,なし,なし,なし,標準古語辞典・検定済み教科書（複数資料照合）,なし,なし
古文単語_単語Deck1_最重要古文単語_300,CJ-000096,96,単語Deck1_最重要古文単語,語彙,重要名詞,おぼえ,おぼえ,なし,名詞,品詞=名詞,CJ-000096-C02,meaning,重要語義2,古語「おぼえ」の意味は何か。,寵愛,寵愛｜お気に入り,帝など身分の高い人から特別に愛されること。,なし,なし,なし,なし,なし,なし,標準古語辞典・検定済み教科書（複数資料照合）,なし,寵愛=ちょうあい
古文単語_単語Deck1_最重要古文単語_300,CJ-000097,97,単語Deck1_最重要古文単語,語彙,重要名詞,かたち,かたち,なし,名詞,品詞=名詞,CJ-000097-C01,meaning,重要語義1,古語「かたち」の意味は何か。,容貌,容貌｜顔立ち,特に人の顔つきや姿を表す。現代語の一般的な「形」より狭い用法が重要。,なし,なし,なし,なし,なし,なし,標準古語辞典・検定済み教科書（複数資料照合）,なし,容貌=ようぼう
古文単語_単語Deck1_最重要古文単語_300,CJ-000098,98,単語Deck1_最重要古文単語,語彙,重要名詞,ありさま,ありさま,なし,名詞,品詞=名詞,CJ-000098-C01,meaning,重要語義1,古語「ありさま」の意味は何か。,様子,様子｜状態,人や物事がどのようであるかを表す。,なし,なし,なし,なし,なし,なし,標準古語辞典・検定済み教科書（複数資料照合）,なし,なし
古文単語_単語Deck1_最重要古文単語_300,CJ-000098,98,単語Deck1_最重要古文単語,語彙,重要名詞,ありさま,ありさま,なし,名詞,品詞=名詞,CJ-000098-C02,meaning,重要語義2,古語「ありさま」の意味は何か。,事情,事情｜成り行き,そこに至った事情や経過。,なし,なし,なし,なし,なし,なし,標準古語辞典・検定済み教科書（複数資料照合）,なし,なし
古文単語_単語Deck1_最重要古文単語_300,CJ-000099,99,単語Deck1_最重要古文単語,語彙,重要名詞,ことわり,ことわり,なし,名詞,品詞=名詞,CJ-000099-C01,meaning,重要語義1,古語「ことわり」の意味は何か。,道理,道理｜当然の理屈,物事がそうなるべき筋道。,なし,なし,なし,なし,なし,なし,標準古語辞典・検定済み教科書（複数資料照合）,なし,なし
古文単語_単語Deck1_最重要古文単語_300,CJ-000099,99,単語Deck1_最重要古文単語,語彙,重要名詞,ことわり,ことわり,なし,名詞,品詞=名詞,CJ-000099-C02,meaning,重要語義2,古語「ことわり」の意味は何か。,理由,理由｜わけ,ある事柄が生じた根拠。,なし,なし,なし,なし,なし,なし,標準古語辞典・検定済み教科書（複数資料照合）,なし,なし
古文単語_単語Deck1_最重要古文単語_300,CJ-000100,100,単語Deck1_最重要古文単語,語彙,重要名詞,ほい,ほい,本意,名詞,品詞=名詞,CJ-000100-C01,meaning,重要語義1,古語「ほい」の意味は何か。,本来の願い,本来の願い｜かねてからの望み,以前から心に抱いていた目的や願望。,なし,なし,なし,なし,なし,なし,標準古語辞典・検定済み教科書（複数資料照合）,なし,なし
古文単語_単語Deck1_最重要古文単語_300,CJ-000101,101,単語Deck1_最重要古文単語,語彙,重要名詞,よ,よ,なし,名詞,品詞=名詞,CJ-000101-C01,meaning,重要語義1,古語「よ」の意味は何か。,男女の仲,男女の仲｜夫婦関係,男女の関係や夫婦の仲を表す。,なし,なし,なし,なし,なし,なし,標準古語辞典・検定済み教科書（複数資料照合）,なし,なし
古文単語_単語Deck1_最重要古文単語_300,CJ-000101,101,単語Deck1_最重要古文単語,語彙,重要名詞,よ,よ,なし,名詞,品詞=名詞,CJ-000101-C02,meaning,重要語義2,古語「よ」の意味は何か。,世間,世間｜世の中,人々が暮らす社会。,なし,なし,なし,なし,なし,なし,標準古語辞典・検定済み教科書（複数資料照合）,なし,なし
古文単語_単語Deck1_最重要古文単語_300,CJ-000101,101,単語Deck1_最重要古文単語,語彙,重要名詞,よ,よ,なし,名詞,品詞=名詞,CJ-000101-C03,meaning,重要語義3,古語「よ」の意味は何か。,時代,時代｜治世,ある君主の治世や一つの時代。,なし,なし,なし,なし,なし,なし,標準古語辞典・検定済み教科書（複数資料照合）,なし,なし
古文単語_単語Deck1_最重要古文単語_300,CJ-000102,102,単語Deck1_最重要古文単語,語彙,重要名詞,ついで,ついで,なし,名詞,品詞=名詞,CJ-000102-C01,meaning,重要語義1,古語「ついで」の意味は何か。,機会,機会｜折,ある行動に続いて別のことをする好機。,なし,なし,なし,なし,なし,なし,標準古語辞典・検定済み教科書（複数資料照合）,なし,なし
古文単語_単語Deck1_最重要古文単語_300,CJ-000102,102,単語Deck1_最重要古文単語,語彙,重要名詞,ついで,ついで,なし,名詞,品詞=名詞,CJ-000102-C02,meaning,重要語義2,古語「ついで」の意味は何か。,順序,順序｜次第,物事が並ぶ順番。,なし,なし,なし,なし,なし,なし,標準古語辞典・検定済み教科書（複数資料照合）,なし,なし
古文単語_単語Deck1_最重要古文単語_300,CJ-000103,103,単語Deck1_最重要古文単語,語彙,重要名詞,つとめて,つとめて,なし,名詞,品詞=名詞,CJ-000103-C01,meaning,重要語義1,古語「つとめて」の意味は何か。,早朝,早朝｜夜明け方,夜が明けて間もない時間。,なし,なし,なし,なし,なし,なし,標準古語辞典・検定済み教科書（複数資料照合）,なし,なし
古文単語_単語Deck1_最重要古文単語_300,CJ-000104,104,単語Deck1_最重要古文単語,語彙,重要名詞,つごもり,つごもり,なし,名詞,品詞=名詞,CJ-000104-C01,meaning,重要語義1,古語「つごもり」の意味は何か。,月末,月末｜月の最終日,月が隠れるころ、すなわち陰暦の月末を指す。,なし,なし,なし,なし,なし,なし,標準古語辞典・検定済み教科書（複数資料照合）,なし,陰暦=いんれき
古文単語_単語Deck1_最重要古文単語_300,CJ-000105,105,単語Deck1_最重要古文単語,語彙,重要名詞,ついたち,ついたち,なし,名詞,品詞=名詞,CJ-000105-C01,meaning,重要語義1,古語「ついたち」の意味は何か。,月の第一日,月の第一日｜一日,「月立ち」に由来し、陰暦の月初めを指す。,なし,なし,なし,なし,なし,なし,標準古語辞典・検定済み教科書（複数資料照合）,なし,陰暦=いんれき
古文単語_単語Deck1_最重要古文単語_300,CJ-000106,106,単語Deck1_最重要古文単語,語彙,重要名詞,あした,あした,なし,名詞,品詞=名詞,CJ-000106-C01,meaning,重要語義1,古語「あした」の意味は何か。,朝,朝｜翌朝,古文では基本的に朝を表す。文脈によって「翌朝」。,なし,なし,なし,現代語の「あした」,古文では「朝」、現代語では「翌日」。,なし,標準古語辞典・検定済み教科書（複数資料照合）,なし,なし
古文単語_単語Deck1_最重要古文単語_300,CJ-000107,107,単語Deck1_最重要古文単語,語彙,重要名詞,ゆふべ,ゆうべ,ゆうべ,名詞,品詞=名詞,CJ-000107-C01,meaning,重要語義1,古語「ゆふべ」の意味は何か。,夕方,夕方｜日暮れ,日が暮れるころ。,なし,なし,なし,なし,なし,なし,標準古語辞典・検定済み教科書（複数資料照合）,なし,なし
古文単語_単語Deck1_最重要古文単語_300,CJ-000107,107,単語Deck1_最重要古文単語,語彙,重要名詞,ゆふべ,ゆうべ,ゆうべ,名詞,品詞=名詞,CJ-000107-C02,meaning,重要語義2,古語「ゆふべ」の意味は何か。,昨夜,昨夜｜昨晩,文脈によって前日の夜を指す。,なし,なし,なし,なし,なし,なし,標準古語辞典・検定済み教科書（複数資料照合）,なし,なし
古文単語_単語Deck1_最重要古文単語_300,CJ-000108,108,単語Deck1_最重要古文単語,語彙,重要副詞,ひねもす,ひねもす,なし,副詞,品詞=副詞,CJ-000108-C01,meaning,重要語義1,古語「ひねもす」の意味は何か。,一日中,一日中｜朝から晩まで,日中の全時間を通して。,なし,なし,なし,なし,なし,なし,標準古語辞典・検定済み教科書（複数資料照合）,なし,なし
古文単語_単語Deck1_最重要古文単語_300,CJ-000109,109,単語Deck1_最重要古文単語,語彙,重要副詞,よもすがら,よもすがら,なし,副詞,品詞=副詞,CJ-000109-C01,meaning,重要語義1,古語「よもすがら」の意味は何か。,一晩中,一晩中｜夜通し,夜の間ずっと。,なし,なし,なし,なし,なし,なし,標準古語辞典・検定済み教科書（複数資料照合）,なし,なし
古文単語_単語Deck1_最重要古文単語_300,CJ-000110,110,単語Deck1_最重要古文単語,語彙,重要副詞,かたみに,かたみに,なし,副詞,品詞=副詞,CJ-000110-C01,meaning,重要語義1,古語「かたみに」の意味は何か。,互いに,互いに｜かわるがわる,双方が相手に対して同じようにする。,なし,なし,なし,なし,なし,なし,標準古語辞典・検定済み教科書（複数資料照合）,なし,なし
古文単語_単語Deck1_最重要古文単語_300,CJ-000111,111,単語Deck1_最重要古文単語,語彙,重要形容動詞,さらなり,さらなり,なし,形容動詞,品詞=形容動詞,CJ-000111-C01,meaning,重要語義1,古語「さらなり」の意味は何か。,言うまでもない,言うまでもない｜もちろんだ,改めて言う必要がないほど明らかである。,なし,なし,なし,なし,なし,なし,標準古語辞典・検定済み教科書（複数資料照合）,なし,なし
古文単語_単語Deck1_最重要古文単語_300,CJ-000112,112,単語Deck1_最重要古文単語,語彙,重要副詞,さながら,さながら,なし,副詞,品詞=副詞,CJ-000112-C01,meaning,重要語義1,古語「さながら」の意味は何か。,そのまま,そのまま｜元のまま,変化させず、元の状態を保つ。,なし,なし,なし,なし,なし,なし,標準古語辞典・検定済み教科書（複数資料照合）,なし,なし
古文単語_単語Deck1_最重要古文単語_300,CJ-000112,112,単語Deck1_最重要古文単語,語彙,重要副詞,さながら,さながら,なし,副詞,品詞=副詞,CJ-000112-C02,meaning,重要語義2,古語「さながら」の意味は何か。,全部,全部｜すべて,残らず全体を指す。,なし,なし,なし,なし,なし,なし,標準古語辞典・検定済み教科書（複数資料照合）,なし,なし
古文単語_単語Deck1_最重要古文単語_300,CJ-000113,113,単語Deck1_最重要古文単語,語彙,重要副詞,いと,いと,なし,副詞,品詞=副詞,CJ-000113-C01,meaning,重要語義1,古語「いと」の意味は何か。,たいそう,たいそう｜非常に,程度を強くする最重要副詞。,なし,なし,なし,なし,なし,なし,標準古語辞典・検定済み教科書（複数資料照合）,なし,なし
古文単語_単語Deck1_最重要古文単語_300,CJ-000114,114,単語Deck1_最重要古文単語,語彙,重要副詞,いとど,いとど,なし,副詞,品詞=副詞,CJ-000114-C01,meaning,重要語義1,古語「いとど」の意味は何か。,ますます,ますます｜いっそう,以前より程度がさらに増す。,なし,なし,なし,なし,なし,なし,標準古語辞典・検定済み教科書（複数資料照合）,なし,なし
古文単語_単語Deck1_最重要古文単語_300,CJ-000115,115,単語Deck1_最重要古文単語,語彙,重要副詞,げに,げに,なし,副詞,品詞=副詞,CJ-000115-C01,meaning,重要語義1,古語「げに」の意味は何か。,なるほど,なるほど｜本当に,前に示された内容を、もっともだと認める。,なし,なし,なし,なし,なし,なし,標準古語辞典・検定済み教科書（複数資料照合）,なし,なし
古文単語_単語Deck1_最重要古文単語_300,CJ-000115,115,単語Deck1_最重要古文単語,語彙,重要副詞,げに,げに,なし,副詞,品詞=副詞,CJ-000115-C02,meaning,重要語義2,古語「げに」の意味は何か。,本当に,本当に｜実に,事実であることを強く述べる。,なし,なし,なし,なし,なし,なし,標準古語辞典・検定済み教科書（複数資料照合）,なし,なし
古文単語_単語Deck1_最重要古文単語_300,CJ-000116,116,単語Deck1_最重要古文単語,語彙,重要副詞,やがて,やがて,なし,副詞,品詞=副詞,CJ-000116-C01,meaning,重要語義1,古語「やがて」の意味は何か。,そのまま,そのまま｜引き続き,間を置かず、同じ状態が続く。,なし,なし,なし,現代語の「やがて」,古文では「そのまま」「すぐに」が中心で、遠い未来とは限らない。,なし,標準古語辞典・検定済み教科書（複数資料照合）,なし,なし
古文単語_単語Deck1_最重要古文単語_300,CJ-000116,116,単語Deck1_最重要古文単語,語彙,重要副詞,やがて,やがて,なし,副詞,品詞=副詞,CJ-000116-C02,meaning,重要語義2,古語「やがて」の意味は何か。,すぐに,すぐに｜ただちに,ある出来事の直後に次が起こる。,なし,なし,なし,現代語の「やがて」,古文では「そのまま」「すぐに」が中心で、遠い未来とは限らない。,なし,標準古語辞典・検定済み教科書（複数資料照合）,なし,なし
古文単語_単語Deck1_最重要古文単語_300,CJ-000117,117,単語Deck1_最重要古文単語,語彙,重要副詞,やうやう,ようよう,ようよう,副詞,品詞=副詞,CJ-000117-C01,meaning,重要語義1,古語「やうやう」の意味は何か。,だんだん,だんだん｜次第に,時間の経過とともに少しずつ変化する。,なし,なし,なし,なし,なし,なし,標準古語辞典・検定済み教科書（複数資料照合）,なし,なし
古文単語_単語Deck1_最重要古文単語_300,CJ-000118,118,単語Deck1_最重要古文単語,語彙,重要副詞,おのづから,おのずから,おのずから,副詞,品詞=副詞,CJ-000118-C01,meaning,重要語義1,古語「おのづから」の意味は何か。,自然に,自然に｜ひとりでに,特別に働きかけなくてもそうなる。,なし,なし,なし,なし,なし,なし,標準古語辞典・検定済み教科書（複数資料照合）,なし,なし
古文単語_単語Deck1_最重要古文単語_300,CJ-000118,118,単語Deck1_最重要古文単語,語彙,重要副詞,おのづから,おのずから,おのずから,副詞,品詞=副詞,CJ-000118-C02,meaning,重要語義2,古語「おのづから」の意味は何か。,偶然に,偶然に｜たまたま,意図せず出来事が起こる。,なし,なし,なし,なし,なし,なし,標準古語辞典・検定済み教科書（複数資料照合）,なし,なし
古文単語_単語Deck1_最重要古文単語_300,CJ-000119,119,単語Deck1_最重要古文単語,語彙,重要副詞,おほかた,おおかた,おおかた,副詞,品詞=副詞,CJ-000119-C01,meaning,重要語義1,古語「おほかた」の意味は何か。,だいたい,だいたい｜おおよそ,全体を大づかみに見た程度。,なし,なし,なし,なし,なし,なし,標準古語辞典・検定済み教科書（複数資料照合）,なし,なし
古文単語_単語Deck1_最重要古文単語_300,CJ-000119,119,単語Deck1_最重要古文単語,語彙,重要副詞,おほかた,おおかた,おおかた,副詞,品詞=副詞,CJ-000119-C02,meaning,重要語義2,古語「おほかた」の意味は何か。,まったく,まったく｜少しも,打消と呼応して「まったく〜ない」と強く否定する。,なし,なし,なし,なし,なし,なし,標準古語辞典・検定済み教科書（複数資料照合）,なし,なし
古文単語_単語Deck1_最重要古文単語_300,CJ-000120,120,単語Deck1_最重要古文単語,語彙,重要副詞,かまへて,かまえて,かまえて,副詞,品詞=副詞,CJ-000120-C01,meaning,重要語義1,古語「かまへて」の意味は何か。,必ず,必ず｜ぜひとも,強く念を押して行動を求める。,なし,なし,なし,なし,なし,なし,標準古語辞典・検定済み教科書（複数資料照合）,なし,なし
古文単語_単語Deck1_最重要古文単語_300,CJ-000120,120,単語Deck1_最重要古文単語,語彙,重要副詞,かまへて,かまえて,かまえて,副詞,品詞=副詞,CJ-000120-C02,meaning,重要語義2,古語「かまへて」の意味は何か。,決して,決して｜絶対に,打消と呼応して強い禁止・否定を表す。,なし,なし,なし,なし,なし,なし,標準古語辞典・検定済み教科書（複数資料照合）,なし,なし
古文単語_単語Deck1_最重要古文単語_300,CJ-000121,121,単語Deck1_最重要古文単語,語彙,重要副詞,なかなか,なかなか,なし,副詞,品詞=副詞,CJ-000121-C01,meaning,重要語義1,古語「なかなか」の意味は何か。,かえって,かえって｜むしろ,予想とは反対の結果になることを表す。,なし,なし,なし,現代語の「かなり」,古文の中心義は「かえって・むしろ」。,なし,標準古語辞典・検定済み教科書（複数資料照合）,なし,なし
古文単語_単語Deck1_最重要古文単語_300,CJ-000122,122,単語Deck1_最重要古文単語,語彙,重要副詞,なべて,なべて,なし,副詞,品詞=副詞,CJ-000122-C01,meaning,重要語義1,古語「なべて」の意味は何か。,一般に,一般に｜すべて,例外を設けず、広く全体について述べる。,なし,なし,なし,なし,なし,なし,標準古語辞典・検定済み教科書（複数資料照合）,なし,なし
古文単語_単語Deck1_最重要古文単語_300,CJ-000122,122,単語Deck1_最重要古文単語,語彙,重要副詞,なべて,なべて,なし,副詞,品詞=副詞,CJ-000122-C02,meaning,重要語義2,古語「なべて」の意味は何か。,普通,普通｜並一通り,特別ではない一般的な程度。,なし,なし,なし,なし,なし,なし,標準古語辞典・検定済み教科書（複数資料照合）,なし,なし
古文単語_単語Deck1_最重要古文単語_300,CJ-000123,123,単語Deck1_最重要古文単語,語彙,重要副詞,なほ,なお,なお,副詞,品詞=副詞,CJ-000123-C01,meaning,重要語義1,古語「なほ」の意味は何か。,やはり,やはり｜それでも,事情があっても結局同じ判断になる。,なし,なし,なし,なし,なし,なし,標準古語辞典・検定済み教科書（複数資料照合）,なし,なし
古文単語_単語Deck1_最重要古文単語_300,CJ-000123,123,単語Deck1_最重要古文単語,語彙,重要副詞,なほ,なお,なお,副詞,品詞=副詞,CJ-000123-C02,meaning,重要語義2,古語「なほ」の意味は何か。,さらに,さらに｜いっそう,以前より程度を増す。,なし,なし,なし,なし,なし,なし,標準古語辞典・検定済み教科書（複数資料照合）,なし,なし
古文単語_単語Deck1_最重要古文単語_300,CJ-000124,124,単語Deck1_最重要古文単語,語彙,重要副詞,はた,はた,なし,副詞,品詞=副詞,CJ-000124-C01,meaning,重要語義1,古語「はた」の意味は何か。,また,また｜一方で,前の内容に別の観点を加える。,なし,なし,なし,なし,なし,なし,標準古語辞典・検定済み教科書（複数資料照合）,なし,なし
古文単語_単語Deck1_最重要古文単語_300,CJ-000124,124,単語Deck1_最重要古文単語,語彙,重要副詞,はた,はた,なし,副詞,品詞=副詞,CJ-000124-C02,meaning,重要語義2,古語「はた」の意味は何か。,あるいは,あるいは｜それとも,複数の可能性の間で迷う。,なし,なし,なし,なし,なし,なし,標準古語辞典・検定済み教科書（複数資料照合）,なし,なし
古文単語_単語Deck1_最重要古文単語_300,CJ-000125,125,単語Deck1_最重要古文単語,語彙,重要副詞,ひとへに,ひとえに,ひとえに,副詞,品詞=副詞,CJ-000125-C01,meaning,重要語義1,古語「ひとへに」の意味は何か。,ひたすら,ひたすら｜ただ一つに,他のことに心を向けず、一つのことだけに集中する。,なし,なし,なし,なし,なし,なし,標準古語辞典・検定済み教科書（複数資料照合）,なし,なし
古文単語_単語Deck1_最重要古文単語_300,CJ-000126,126,単語Deck1_最重要古文単語,語彙,重要副詞,ふと,ふと,なし,副詞,品詞=副詞,CJ-000126-C01,meaning,重要語義1,古語「ふと」の意味は何か。,すぐに,すぐに｜たちまち,短い時間のうちに起こる。,なし,なし,なし,なし,なし,なし,標準古語辞典・検定済み教科書（複数資料照合）,なし,なし
古文単語_単語Deck1_最重要古文単語_300,CJ-000126,126,単語Deck1_最重要古文単語,語彙,重要副詞,ふと,ふと,なし,副詞,品詞=副詞,CJ-000126-C02,meaning,重要語義2,古語「ふと」の意味は何か。,ふいに,ふいに｜突然,予想せず急に起こる。,なし,なし,なし,なし,なし,なし,標準古語辞典・検定済み教科書（複数資料照合）,なし,なし
古文単語_単語Deck1_最重要古文単語_300,CJ-000127,127,単語Deck1_最重要古文単語,語彙,重要副詞,むべ,むべ,なし,副詞,品詞=副詞,CJ-000127-C01,meaning,重要語義1,古語「むべ」の意味は何か。,なるほど,なるほど｜もっともだ,事情を知って、そうなるのは当然だと納得する。,なし,なし,なし,なし,なし,なし,標準古語辞典・検定済み教科書（複数資料照合）,なし,なし
古文単語_単語Deck1_最重要古文単語_300,CJ-000128,128,単語Deck1_最重要古文単語,語彙,重要副詞,やをら,やおら,やおら,副詞,品詞=副詞,CJ-000128-C01,meaning,重要語義1,古語「やをら」の意味は何か。,そっと,そっと｜静かに,音を立てず、穏やかに動く。,なし,なし,なし,なし,なし,なし,標準古語辞典・検定済み教科書（複数資料照合）,なし,なし
古文単語_単語Deck1_最重要古文単語_300,CJ-000128,128,単語Deck1_最重要古文単語,語彙,重要副詞,やをら,やおら,やおら,副詞,品詞=副詞,CJ-000128-C02,meaning,重要語義2,古語「やをら」の意味は何か。,ゆっくりと,ゆっくりと｜おもむろに,落ち着いて動作を始める。,なし,なし,なし,なし,なし,なし,標準古語辞典・検定済み教科書（複数資料照合）,なし,なし
古文単語_単語Deck1_最重要古文単語_300,CJ-000129,129,単語Deck1_最重要古文単語,語彙,重要副詞,ゆめゆめ,ゆめゆめ,なし,副詞,品詞=副詞,CJ-000129-C01,meaning,重要語義1,古語「ゆめゆめ」の意味は何か。,決して,決して｜断じて,多く打消・禁止と呼応し、強い否定を表す。,なし,なし,なし,なし,なし,なし,標準古語辞典・検定済み教科書（複数資料照合）,なし,なし
古文単語_単語Deck1_最重要古文単語_300,CJ-000130,130,単語Deck1_最重要古文単語,語彙,重要副詞,よに,よに,なし,副詞,品詞=副詞,CJ-000130-C01,meaning,重要語義1,古語「よに」の意味は何か。,非常に,非常に｜たいそう,程度が甚だしいことを表す。,なし,なし,なし,なし,なし,なし,標準古語辞典・検定済み教科書（複数資料照合）,なし,なし
古文単語_単語Deck1_最重要古文単語_300,CJ-000130,130,単語Deck1_最重要古文単語,語彙,重要副詞,よに,よに,なし,副詞,品詞=副詞,CJ-000130-C02,meaning,重要語義2,古語「よに」の意味は何か。,決して,決して｜まったく,打消と呼応して強く否定する。,なし,なし,なし,なし,なし,なし,標準古語辞典・検定済み教科書（複数資料照合）,なし,なし
古文単語_単語Deck1_最重要古文単語_300,CJ-000131,131,単語Deck1_最重要古文単語,語彙,重要副詞,わざと,わざと,なし,副詞,品詞=副詞,CJ-000131-C01,meaning,重要語義1,古語「わざと」の意味は何か。,正式に,正式に｜本格的に,特別に準備し、改まって行う。,なし,なし,なし,現代語の「故意に」,古文では「正式に・わざわざ」が重要。,なし,標準古語辞典・検定済み教科書（複数資料照合）,なし,なし
古文単語_単語Deck1_最重要古文単語_300,CJ-000131,131,単語Deck1_最重要古文単語,語彙,重要副詞,わざと,わざと,なし,副詞,品詞=副詞,CJ-000131-C02,meaning,重要語義2,古語「わざと」の意味は何か。,わざわざ,わざわざ｜意図的に,他のこととは別に、特にそのために行う。,なし,なし,なし,現代語の「故意に」,古文では「正式に・わざわざ」が重要。,なし,標準古語辞典・検定済み教科書（複数資料照合）,なし,なし
古文単語_単語Deck1_最重要古文単語_300,CJ-000132,132,単語Deck1_最重要古文単語,語彙,重要形容動詞,わづかなり,わずかなり,わづか｜わずか,形容動詞,品詞=形容動詞,CJ-000132-C01,meaning,重要語義1,古語「わづかなり」の意味は何か。,ほんの少し,ほんの少し｜かろうじて,量や程度がきわめて少ない。,なし,なし,なし,なし,なし,なし,標準古語辞典・検定済み教科書（複数資料照合）,なし,なし
古文単語_単語Deck1_最重要古文単語_300,CJ-000133,133,単語Deck1_最重要古文単語,語彙,重要動詞,あくがる,あくがる,なし,動詞,品詞=動詞,CJ-000133-C01,meaning,重要語義1,古語「あくがる」の意味は何か。,心が離れる,心が離れる｜上の空になる,心が身体や現在の場所から離れ、落ち着かない。,なし,なし,なし,なし,なし,なし,標準古語辞典・検定済み教科書（複数資料照合）,なし,なし
古文単語_単語Deck1_最重要古文単語_300,CJ-000133,133,単語Deck1_最重要古文単語,語彙,重要動詞,あくがる,あくがる,なし,動詞,品詞=動詞,CJ-000133-C02,meaning,重要語義2,古語「あくがる」の意味は何か。,さまよい出る,さまよい出る｜浮かれ出る,魂や人が元の場所を離れて出歩く。,なし,なし,なし,なし,なし,なし,標準古語辞典・検定済み教科書（複数資料照合）,なし,なし
古文単語_単語Deck1_最重要古文単語_300,CJ-000134,134,単語Deck1_最重要古文単語,語彙,重要動詞,あふ,あう,あう,動詞,品詞=動詞,CJ-000134-C01,meaning,重要語義1,古語「あふ」の意味は何か。,結婚する,結婚する｜夫婦になる,男女が夫婦関係を結ぶ。,なし,なし,なし,なし,なし,なし,標準古語辞典・検定済み教科書（複数資料照合）,なし,なし
古文単語_単語Deck1_最重要古文単語_300,CJ-000134,134,単語Deck1_最重要古文単語,語彙,重要動詞,あふ,あう,あう,動詞,品詞=動詞,CJ-000134-C02,meaning,重要語義2,古語「あふ」の意味は何か。,対面する,対面する｜会う,人と顔を合わせる。,なし,なし,なし,なし,なし,なし,標準古語辞典・検定済み教科書（複数資料照合）,なし,なし
古文単語_単語Deck1_最重要古文単語_300,CJ-000135,135,単語Deck1_最重要古文単語,語彙,重要動詞,ありく,ありく,なし,動詞,品詞=動詞,CJ-000135-C01,meaning,重要語義1,古語「ありく」の意味は何か。,歩き回る,歩き回る｜動き回る,あちこちを移動する。,なし,なし,なし,なし,なし,なし,標準古語辞典・検定済み教科書（複数資料照合）,なし,なし
古文単語_単語Deck1_最重要古文単語_300,CJ-000135,135,単語Deck1_最重要古文単語,語彙,重要動詞,ありく,ありく,なし,動詞,品詞=動詞,CJ-000135-C02,meaning,重要語義2,古語「ありく」の意味は何か。,〜し続ける,〜し続ける｜あちこちで〜する,動詞の連用形に付き、継続・反復して行う。,なし,なし,なし,なし,なし,なし,標準古語辞典・検定済み教科書（複数資料照合）,なし,なし
古文単語_単語Deck1_最重要古文単語_300,CJ-000136,136,単語Deck1_最重要古文単語,語彙,重要動詞,いらふ,いらう,いらう,動詞,品詞=動詞,CJ-000136-C01,meaning,重要語義1,古語「いらふ」の意味は何か。,返事をする,返事をする｜答える,呼びかけや問いに応じる。,なし,なし,なし,なし,なし,なし,標準古語辞典・検定済み教科書（複数資料照合）,なし,なし
古文単語_単語Deck1_最重要古文単語_300,CJ-000137,137,単語Deck1_最重要古文単語,語彙,重要動詞,うつろふ,うつろう,うつろう,動詞,品詞=動詞,CJ-000137-C01,meaning,重要語義1,古語「うつろふ」の意味は何か。,色あせる,色あせる｜散る,花や色が衰え、変化する。,なし,なし,なし,なし,なし,なし,標準古語辞典・検定済み教科書（複数資料照合）,なし,なし
古文単語_単語Deck1_最重要古文単語_300,CJ-000137,137,単語Deck1_最重要古文単語,語彙,重要動詞,うつろふ,うつろう,うつろう,動詞,品詞=動詞,CJ-000137-C02,meaning,重要語義2,古語「うつろふ」の意味は何か。,心変わりする,心変わりする｜愛情が薄れる,愛情や関心が別の対象へ移る。,なし,なし,なし,なし,なし,なし,標準古語辞典・検定済み教科書（複数資料照合）,なし,なし
古文単語_単語Deck1_最重要古文単語_300,CJ-000137,137,単語Deck1_最重要古文単語,語彙,重要動詞,うつろふ,うつろう,うつろう,動詞,品詞=動詞,CJ-000137-C03,meaning,重要語義3,古語「うつろふ」の意味は何か。,移る,移る｜変わる,場所・時・状態が別のものになる。,なし,なし,なし,なし,なし,なし,標準古語辞典・検定済み教科書（複数資料照合）,なし,なし
古文単語_単語Deck1_最重要古文単語_300,CJ-000138,138,単語Deck1_最重要古文単語,語彙,重要動詞,おきつ,おきつ,なし,動詞,品詞=動詞,CJ-000138-C01,meaning,重要語義1,古語「おきつ」の意味は何か。,指図する,指図する｜命令する,人に仕事の手順や処置を命じる。,なし,なし,なし,なし,なし,なし,標準古語辞典・検定済み教科書（複数資料照合）,なし,なし
古文単語_単語Deck1_最重要古文単語_300,CJ-000139,139,単語Deck1_最重要古文単語,語彙,重要動詞,おこす,おこす,なし,動詞,品詞=動詞,CJ-000139-C01,meaning,重要語義1,古語「おこす」の意味は何か。,こちらへ送ってよこす,こちらへ送ってよこす｜よこす,話し手側へ人や物、手紙などを送る。,なし,なし,なし,なし,なし,なし,標準古語辞典・検定済み教科書（複数資料照合）,なし,なし
古文単語_単語Deck1_最重要古文単語_300,CJ-000140,140,単語Deck1_最重要古文単語,語彙,重要動詞,おこたる,おこたる,なし,動詞,品詞=動詞,CJ-000140-C01,meaning,重要語義1,古語「おこたる」の意味は何か。,病気がよくなる,病気がよくなる｜快方に向かう,病気や苦痛が軽くなる。,なし,なし,なし,なし,なし,なし,標準古語辞典・検定済み教科書（複数資料照合）,なし,なし
古文単語_単語Deck1_最重要古文単語_300,CJ-000140,140,単語Deck1_最重要古文単語,語彙,重要動詞,おこたる,おこたる,なし,動詞,品詞=動詞,CJ-000140-C02,meaning,重要語義2,古語「おこたる」の意味は何か。,怠る,怠る｜さぼる,すべきことを十分にしない。,なし,なし,なし,なし,なし,なし,標準古語辞典・検定済み教科書（複数資料照合）,なし,なし
古文単語_単語Deck1_最重要古文単語_300,CJ-000141,141,単語Deck1_最重要古文単語,語彙,重要動詞,かこつ,かこつ,なし,動詞,品詞=動詞,CJ-000141-C01,meaning,重要語義1,古語「かこつ」の意味は何か。,嘆く,嘆く｜愚痴を言う,不遇や不満を他のことに託して述べる。,なし,なし,なし,なし,なし,なし,標準古語辞典・検定済み教科書（複数資料照合）,なし,なし
古文単語_単語Deck1_最重要古文単語_300,CJ-000141,141,単語Deck1_最重要古文単語,語彙,重要動詞,かこつ,かこつ,なし,動詞,品詞=動詞,CJ-000141-C02,meaning,重要語義2,古語「かこつ」の意味は何か。,口実にする,口実にする｜かこつける,別の事柄を理由として持ち出す。,なし,なし,なし,なし,なし,なし,標準古語辞典・検定済み教科書（複数資料照合）,なし,なし
古文単語_単語Deck1_最重要古文単語_300,CJ-000142,142,単語Deck1_最重要古文単語,語彙,重要動詞,かしづく,かしずく,かしずく,動詞,品詞=動詞,CJ-000142-C01,meaning,重要語義1,古語「かしづく」の意味は何か。,大切に育てる,大切に育てる｜大切に世話をする,子どもや身分の高い人を、丁重に世話する。,なし,なし,なし,なし,なし,なし,標準古語辞典・検定済み教科書（複数資料照合）,なし,なし
古文単語_単語Deck1_最重要古文単語_300,CJ-000143,143,単語Deck1_最重要古文単語,語彙,重要動詞,かづく,かずく,かずく,動詞,品詞=動詞;活用=カ行四段・カ行下二段で意味が異なる,CJ-000143-C01,meaning,重要語義1,古語「かづく」の意味は何か。,かぶる,かぶる｜身に付ける,四段活用では、自分が衣などをかぶる。また、褒美の衣をいただく意味にもなる。,なし,なし,なし,四段活用と下二段活用,四段は自分がかぶる・いただく、下二段は相手にかぶせる・与える。,なし,標準古語辞典・検定済み教科書（複数資料照合）,なし,なし
古文単語_単語Deck1_最重要古文単語_300,CJ-000143,143,単語Deck1_最重要古文単語,語彙,重要動詞,かづく,かずく,かずく,動詞,品詞=動詞;活用=カ行四段・カ行下二段で意味が異なる,CJ-000143-C02,meaning,重要語義2,古語「かづく」の意味は何か。,かぶせる・褒美を与える,かぶせる・褒美を与える｜かぶせる｜褒美を与える,下二段活用では、相手に衣をかぶせ、褒美として与える。,なし,なし,なし,四段活用と下二段活用,四段は自分がかぶる・いただく、下二段は相手にかぶせる・与える。,なし,標準古語辞典・検定済み教科書（複数資料照合）,なし,なし
古文単語_単語Deck1_最重要古文単語_300,CJ-000143,143,単語Deck1_最重要古文単語,語彙,重要動詞,かづく,かずく,かずく,動詞,品詞=動詞;活用=カ行四段・カ行下二段で意味が異なる,CJ-000143-C03,meaning,重要語義3,古語「かづく」の意味は何か。,褒美をいただく,褒美をいただく｜褒美の衣を受ける,四段活用では、自分が褒美の衣をかぶることから「褒美をいただく」となる。,なし,なし,なし,四段活用と下二段活用,四段は自分がかぶる・いただく、下二段は相手にかぶせる・与える。,なし,標準古語辞典・検定済み教科書（複数資料照合）,なし,なし
古文単語_単語Deck1_最重要古文単語_300,CJ-000144,144,単語Deck1_最重要古文単語,語彙,重要動詞,かる,かる,離る,動詞,品詞=動詞,CJ-000144-C01,meaning,重要語義1,古語「かる」の意味は何か。,離れる,離れる｜遠ざかる,人や場所から離れる。,なし,なし,なし,なし,なし,なし,標準古語辞典・検定済み教科書（複数資料照合）,なし,なし
古文単語_単語Deck1_最重要古文単語_300,CJ-000145,145,単語Deck1_最重要古文単語,語彙,重要動詞,ぐす,ぐす,なし,動詞,品詞=動詞,CJ-000145-C01,meaning,重要語義1,古語「ぐす」の意味は何か。,連れる,連れる｜伴う,人を一緒に連れて行く。,なし,なし,なし,なし,なし,なし,標準古語辞典・検定済み教科書（複数資料照合）,なし,なし
古文単語_単語Deck1_最重要古文単語_300,CJ-000145,145,単語Deck1_最重要古文単語,語彙,重要動詞,ぐす,ぐす,なし,動詞,品詞=動詞,CJ-000145-C02,meaning,重要語義2,古語「ぐす」の意味は何か。,備わる,備わる｜具備する,必要な性質や能力が身に付いている。,なし,なし,なし,なし,なし,なし,標準古語辞典・検定済み教科書（複数資料照合）,なし,なし
古文単語_単語Deck1_最重要古文単語_300,CJ-000146,146,単語Deck1_最重要古文単語,語彙,重要動詞,こうず,こうず,困ず,動詞,品詞=動詞,CJ-000146-C01,meaning,重要語義1,古語「こうず」の意味は何か。,疲れる,疲れる｜困り果てる,長く続けて力が尽きる。,なし,なし,なし,なし,なし,なし,標準古語辞典・検定済み教科書（複数資料照合）,なし,なし
古文単語_単語Deck1_最重要古文単語_300,CJ-000146,146,単語Deck1_最重要古文単語,語彙,重要動詞,こうず,こうず,困ず,動詞,品詞=動詞,CJ-000146-C02,meaning,重要語義2,古語「こうず」の意味は何か。,困る,困る｜手に負えない,どうしてよいか分からなくなる。,なし,なし,なし,なし,なし,なし,標準古語辞典・検定済み教科書（複数資料照合）,なし,なし
古文単語_単語Deck1_最重要古文単語_300,CJ-000147,147,単語Deck1_最重要古文単語,語彙,重要動詞,さはる,さわる,さわる,動詞,品詞=動詞,CJ-000147-C01,meaning,重要語義1,古語「さはる」の意味は何か。,差し支える,差し支える｜妨げになる,物事の実行に障害となる。,なし,なし,なし,なし,なし,なし,標準古語辞典・検定済み教科書（複数資料照合）,なし,なし
古文単語_単語Deck1_最重要古文単語_300,CJ-000148,148,単語Deck1_最重要古文単語,語彙,重要動詞,すさぶ,すさぶ,なし,動詞,品詞=動詞,CJ-000148-C01,meaning,重要語義1,古語「すさぶ」の意味は何か。,興じる,興じる｜気の向くまま楽しむ,その場の勢いに任せて遊びや芸事をする。,なし,なし,なし,なし,なし,なし,標準古語辞典・検定済み教科書（複数資料照合）,なし,なし
古文単語_単語Deck1_最重要古文単語_300,CJ-000148,148,単語Deck1_最重要古文単語,語彙,重要動詞,すさぶ,すさぶ,なし,動詞,品詞=動詞,CJ-000148-C02,meaning,重要語義2,古語「すさぶ」の意味は何か。,荒れる・激しくなる,荒れる・激しくなる｜勢いが激しくなる,風雨などが荒れ、勢いが激しくなることを表す。,なし,なし,なし,なし,なし,なし,標準古語辞典・検定済み教科書（複数資料照合）,なし,なし
古文単語_単語Deck1_最重要古文単語_300,CJ-000149,149,単語Deck1_最重要古文単語,語彙,重要動詞,たのむ,たのむ,なし,動詞,品詞=動詞;活用=四段・下二段で意味が異なる,CJ-000149-C01,meaning,重要語義1,古語「たのむ」の意味は何か。,頼りにする,頼りにする｜あてにする,自分が相手を支えとして期待する。,なし,なし,なし,四段活用と下二段活用,四段は「頼りにする」、下二段は「頼りにさせる」。,なし,標準古語辞典・検定済み教科書（複数資料照合）,なし,なし
古文単語_単語Deck1_最重要古文単語_300,CJ-000149,149,単語Deck1_最重要古文単語,語彙,重要動詞,たのむ,たのむ,なし,動詞,品詞=動詞;活用=四段・下二段で意味が異なる,CJ-000149-C02,meaning,重要語義2,古語「たのむ」の意味は何か。,頼りにさせる,頼りにさせる｜期待させる,相手に自分を頼みと思わせる。,なし,なし,なし,四段活用と下二段活用,四段は「頼りにする」、下二段は「頼りにさせる」。,なし,標準古語辞典・検定済み教科書（複数資料照合）,なし,なし
古文単語_単語Deck1_最重要古文単語_300,CJ-000150,150,単語Deck1_最重要古文単語,語彙,重要動詞,たばかる,たばかる,なし,動詞,品詞=動詞,CJ-000150-C01,meaning,重要語義1,古語「たばかる」の意味は何か。,工夫する,工夫する｜計画する,目的を達成するために知恵を働かせる。,なし,なし,なし,なし,なし,なし,標準古語辞典・検定済み教科書（複数資料照合）,なし,なし
古文単語_単語Deck1_最重要古文単語_300,CJ-000150,150,単語Deck1_最重要古文単語,語彙,重要動詞,たばかる,たばかる,なし,動詞,品詞=動詞,CJ-000150-C02,meaning,重要語義2,古語「たばかる」の意味は何か。,だます,だます｜欺く,策略を用いて相手を誤らせる。,なし,なし,なし,なし,なし,なし,標準古語辞典・検定済み教科書（複数資料照合）,なし,なし
古文単語_単語Deck1_最重要古文単語_300,CJ-000151,151,単語Deck1_最重要古文単語,語彙,重要動詞,つつむ,つつむ,なし,動詞,品詞=動詞,CJ-000151-C01,meaning,重要語義1,古語「つつむ」の意味は何か。,遠慮する,遠慮する｜気兼ねする,人目や礼儀を考えて行動を控える。,なし,なし,なし,なし,なし,なし,標準古語辞典・検定済み教科書（複数資料照合）,なし,なし
古文単語_単語Deck1_最重要古文単語_300,CJ-000151,151,単語Deck1_最重要古文単語,語彙,重要動詞,つつむ,つつむ,なし,動詞,品詞=動詞,CJ-000151-C02,meaning,重要語義2,古語「つつむ」の意味は何か。,隠す,隠す｜包み隠す,気持ちや事実を外に表さない。,なし,なし,なし,なし,なし,なし,標準古語辞典・検定済み教科書（複数資料照合）,なし,なし
古文単語_単語Deck1_最重要古文単語_300,CJ-000152,152,単語Deck1_最重要古文単語,語彙,重要動詞,とぶらふ,とぶらう,とぶらう,動詞,品詞=動詞,CJ-000152-C01,meaning,重要語義1,古語「とぶらふ」の意味は何か。,訪ねる,訪ねる｜訪問する,人の様子を知るために訪れる。,なし,なし,なし,なし,なし,なし,標準古語辞典・検定済み教科書（複数資料照合）,なし,なし
古文単語_単語Deck1_最重要古文単語_300,CJ-000152,152,単語Deck1_最重要古文単語,語彙,重要動詞,とぶらふ,とぶらう,とぶらう,動詞,品詞=動詞,CJ-000152-C02,meaning,重要語義2,古語「とぶらふ」の意味は何か。,見舞う,見舞う｜安否を尋ねる,病人・困っている人を訪ねて気遣う。,なし,なし,なし,なし,なし,なし,標準古語辞典・検定済み教科書（複数資料照合）,なし,なし
古文単語_単語Deck1_最重要古文単語_300,CJ-000152,152,単語Deck1_最重要古文単語,語彙,重要動詞,とぶらふ,とぶらう,とぶらう,動詞,品詞=動詞,CJ-000152-C03,meaning,重要語義3,古語「とぶらふ」の意味は何か。,弔う,弔う｜供養する,死者の冥福を祈る。,なし,なし,なし,なし,なし,なし,標準古語辞典・検定済み教科書（複数資料照合）,なし,弔う=とむらう｜冥福=めいふく
古文単語_単語Deck1_最重要古文単語_300,CJ-000153,153,単語Deck1_最重要古文単語,語彙,重要動詞,なづむ,なずむ,なずむ,動詞,品詞=動詞,CJ-000153-C01,meaning,重要語義1,古語「なづむ」の意味は何か。,行き悩む,行き悩む｜進めない,障害に阻まれて進めなくなる。,なし,なし,なし,なし,なし,なし,標準古語辞典・検定済み教科書（複数資料照合）,なし,なし
古文単語_単語Deck1_最重要古文単語_300,CJ-000153,153,単語Deck1_最重要古文単語,語彙,重要動詞,なづむ,なずむ,なずむ,動詞,品詞=動詞,CJ-000153-C02,meaning,重要語義2,古語「なづむ」の意味は何か。,執着する,執着する｜こだわる,一つのものに心を取られ、離れられない。,なし,なし,なし,なし,なし,なし,標準古語辞典・検定済み教科書（複数資料照合）,なし,執着=しゅうちゃく
古文単語_単語Deck1_最重要古文単語_300,CJ-000154,154,単語Deck1_最重要古文単語,語彙,重要動詞,ならふ,ならう,ならう,動詞,品詞=動詞,CJ-000154-C01,meaning,重要語義1,古語「ならふ」の意味は何か。,慣れる,慣れる｜なじむ,繰り返し経験して、違和感がなくなる。,なし,なし,なし,なし,なし,なし,標準古語辞典・検定済み教科書（複数資料照合）,なし,なし
古文単語_単語Deck1_最重要古文単語_300,CJ-000154,154,単語Deck1_最重要古文単語,語彙,重要動詞,ならふ,ならう,ならう,動詞,品詞=動詞,CJ-000154-C02,meaning,重要語義2,古語「ならふ」の意味は何か。,習う,習う｜学ぶ,教えを受けて身に付ける。,なし,なし,なし,なし,なし,なし,標準古語辞典・検定済み教科書（複数資料照合）,なし,なし
古文単語_単語Deck1_最重要古文単語_300,CJ-000155,155,単語Deck1_最重要古文単語,語彙,重要動詞,まどふ,まどう,まどう,動詞,品詞=動詞,CJ-000155-C01,meaning,重要語義1,古語「まどふ」の意味は何か。,迷う,迷う｜途方に暮れる,方向・判断が定まらなくなる。,なし,なし,なし,なし,なし,なし,標準古語辞典・検定済み教科書（複数資料照合）,なし,なし
古文単語_単語Deck1_最重要古文単語_300,CJ-000155,155,単語Deck1_最重要古文単語,語彙,重要動詞,まどふ,まどう,まどう,動詞,品詞=動詞,CJ-000155-C02,meaning,重要語義2,古語「まどふ」の意味は何か。,ひどく〜する,ひどく〜する｜激しく〜する,動詞の連用形に付き、程度の甚だしさを表す。,なし,なし,なし,なし,なし,なし,標準古語辞典・検定済み教科書（複数資料照合）,なし,なし
古文単語_単語Deck1_最重要古文単語_300,CJ-000156,156,単語Deck1_最重要古文単語,語彙,重要動詞,まねぶ,まねぶ,なし,動詞,品詞=動詞,CJ-000156-C01,meaning,重要語義1,古語「まねぶ」の意味は何か。,まねる,まねる｜模倣する,他人の行為や言葉をそのまま再現する。,なし,なし,なし,なし,なし,なし,標準古語辞典・検定済み教科書（複数資料照合）,なし,模倣=もほう
古文単語_単語Deck1_最重要古文単語_300,CJ-000156,156,単語Deck1_最重要古文単語,語彙,重要動詞,まねぶ,まねぶ,なし,動詞,品詞=動詞,CJ-000156-C02,meaning,重要語義2,古語「まねぶ」の意味は何か。,伝える,伝える｜語る,見聞きしたことをそのまま人に話す。,なし,なし,なし,なし,なし,なし,標準古語辞典・検定済み教科書（複数資料照合）,なし,なし
古文単語_単語Deck1_最重要古文単語_300,CJ-000157,157,単語Deck1_最重要古文単語,語彙,重要動詞,まもる,まもる,なし,動詞,品詞=動詞,CJ-000157-C01,meaning,重要語義1,古語「まもる」の意味は何か。,見つめる,見つめる｜じっと見る,相手や物を目を離さず見続ける。,なし,なし,なし,現代語の「守る」,古文では「見つめる」の語義が重要。,なし,標準古語辞典・検定済み教科書（複数資料照合）,なし,なし
古文単語_単語Deck1_最重要古文単語_300,CJ-000158,158,単語Deck1_最重要古文単語,語彙,重要動詞,めづ,めず,めず,動詞,品詞=動詞,CJ-000158-C01,meaning,重要語義1,古語「めづ」の意味は何か。,愛する,愛する｜かわいがる,よいものとして心を寄せる。,なし,なし,なし,なし,なし,なし,標準古語辞典・検定済み教科書（複数資料照合）,なし,なし
古文単語_単語Deck1_最重要古文単語_300,CJ-000158,158,単語Deck1_最重要古文単語,語彙,重要動詞,めづ,めず,めず,動詞,品詞=動詞,CJ-000158-C02,meaning,重要語義2,古語「めづ」の意味は何か。,感嘆する,感嘆する｜ほめる,すばらしさに心を動かされる。,なし,なし,なし,なし,なし,なし,標準古語辞典・検定済み教科書（複数資料照合）,なし,なし
古文単語_単語Deck1_最重要古文単語_300,CJ-000159,159,単語Deck1_最重要古文単語,語彙,重要動詞,ものす,ものす,なし,動詞,品詞=動詞,CJ-000159-C01,meaning,重要語義1,古語「ものす」の意味は何か。,いる,いる｜ある,具体的な動詞をぼかして、存在を表す。,なし,なし,なし,なし,なし,なし,標準古語辞典・検定済み教科書（複数資料照合）,なし,なし
古文単語_単語Deck1_最重要古文単語_300,CJ-000159,159,単語Deck1_最重要古文単語,語彙,重要動詞,ものす,ものす,なし,動詞,品詞=動詞,CJ-000159-C02,meaning,重要語義2,古語「ものす」の意味は何か。,行く・来る,行く・来る｜移動する,文脈に応じて移動を表す代用動詞。,なし,なし,なし,なし,なし,なし,標準古語辞典・検定済み教科書（複数資料照合）,なし,なし
古文単語_単語Deck1_最重要古文単語_300,CJ-000159,159,単語Deck1_最重要古文単語,語彙,重要動詞,ものす,ものす,なし,動詞,品詞=動詞,CJ-000159-C03,meaning,重要語義3,古語「ものす」の意味は何か。,する,する｜行う,具体的な行為をぼかして表す。,なし,なし,なし,なし,なし,なし,標準古語辞典・検定済み教科書（複数資料照合）,なし,なし
古文単語_単語Deck1_最重要古文単語_300,CJ-000160,160,単語Deck1_最重要古文単語,語彙,重要動詞,やる,やる,なし,動詞,品詞=動詞,CJ-000160-C01,meaning,重要語義1,古語「やる」の意味は何か。,行かせる,行かせる｜派遣する,人を自分のいる所から離れた場所へ行かせる。,なし,なし,なし,なし,なし,なし,標準古語辞典・検定済み教科書（複数資料照合）,なし,なし
古文単語_単語Deck1_最重要古文単語_300,CJ-000160,160,単語Deck1_最重要古文単語,語彙,重要動詞,やる,やる,なし,動詞,品詞=動詞,CJ-000160-C02,meaning,重要語義2,古語「やる」の意味は何か。,送る,送る｜届ける,物を相手の所へ届ける。,なし,なし,なし,なし,なし,なし,標準古語辞典・検定済み教科書（複数資料照合）,なし,なし
古文単語_単語Deck1_最重要古文単語_300,CJ-000160,160,単語Deck1_最重要古文単語,語彙,重要動詞,やる,やる,なし,動詞,品詞=動詞,CJ-000160-C03,meaning,重要語義3,古語「やる」の意味は何か。,気を晴らす,気を晴らす｜心を慰める,心の憂さを外へ向けて解消する。,なし,なし,なし,なし,なし,なし,標準古語辞典・検定済み教科書（複数資料照合）,なし,なし
古文単語_単語Deck1_最重要古文単語_300,CJ-000161,161,単語Deck1_最重要古文単語,語彙,重要動詞,わたる,わたる,なし,動詞,品詞=動詞,CJ-000161-C01,meaning,重要語義1,古語「わたる」の意味は何か。,移動する,移動する｜渡る,場所を越えて移る。,なし,なし,なし,なし,なし,なし,標準古語辞典・検定済み教科書（複数資料照合）,なし,なし
古文単語_単語Deck1_最重要古文単語_300,CJ-000161,161,単語Deck1_最重要古文単語,語彙,重要動詞,わたる,わたる,なし,動詞,品詞=動詞,CJ-000161-C02,meaning,重要語義2,古語「わたる」の意味は何か。,一面に〜する,一面に〜する｜広く〜する,広い範囲全体に動作・状態が及ぶ。,なし,なし,なし,なし,なし,なし,標準古語辞典・検定済み教科書（複数資料照合）,なし,なし
古文単語_単語Deck1_最重要古文単語_300,CJ-000161,161,単語Deck1_最重要古文単語,語彙,重要動詞,わたる,わたる,なし,動詞,品詞=動詞,CJ-000161-C03,meaning,重要語義3,古語「わたる」の意味は何か。,ずっと〜する,ずっと〜する｜長く〜し続ける,長い時間にわたり動作・状態が続く。,なし,なし,なし,なし,なし,なし,標準古語辞典・検定済み教科書（複数資料照合）,なし,なし
古文単語_単語Deck1_最重要古文単語_300,CJ-000162,162,単語Deck1_最重要古文単語,語彙,重要動詞,ゐる,いる,居る｜率る｜いる,動詞,品詞=動詞;活用=上一段・ワ行上一段系の用法,CJ-000162-C01,meaning,重要語義1,古語「ゐる」の意味は何か。,座る,座る｜じっとしている,その場に腰を下ろしている。,なし,なし,なし,「居る」と「率る」,「居る」は座る・いる、「率る」は連れる。,なし,標準古語辞典・検定済み教科書（複数資料照合）,なし,率る=ゐる
古文単語_単語Deck1_最重要古文単語_300,CJ-000162,162,単語Deck1_最重要古文単語,語彙,重要動詞,ゐる,いる,居る｜率る｜いる,動詞,品詞=動詞;活用=上一段・ワ行上一段系の用法,CJ-000162-C02,meaning,重要語義2,古語「ゐる」の意味は何か。,連れる,連れる｜伴う,人を引き連れて行く。,なし,なし,なし,「居る」と「率る」,「居る」は座る・いる、「率る」は連れる。,なし,標準古語辞典・検定済み教科書（複数資料照合）,なし,率る=ゐる
古文単語_単語Deck1_最重要古文単語_300,CJ-000163,163,単語Deck1_最重要古文単語,語彙,重要動詞,いぬ,いぬ,往ぬ｜去ぬ,動詞,品詞=動詞;活用=ナ行変格,CJ-000163-C01,meaning,重要語義1,古語「いぬ」の意味は何か。,去る,去る｜行ってしまう,その場を離れて行く。「往ぬ・去ぬ」と書く。,なし,なし,なし,なし,なし,なし,標準古語辞典・検定済み教科書（複数資料照合）,なし,往ぬ=いぬ
古文単語_単語Deck1_最重要古文単語_300,CJ-000164,164,単語Deck1_最重要古文単語,語彙,重要動詞,うちとく,うちとく,なし,動詞,品詞=動詞,CJ-000164-C01,meaning,重要語義1,古語「うちとく」の意味は何か。,気を許す,気を許す｜くつろぐ,警戒や遠慮を解き、親しく振る舞う。,なし,なし,なし,なし,なし,なし,標準古語辞典・検定済み教科書（複数資料照合）,なし,なし
古文単語_単語Deck1_最重要古文単語_300,CJ-000164,164,単語Deck1_最重要古文単語,語彙,重要動詞,うちとく,うちとく,なし,動詞,品詞=動詞,CJ-000164-C02,meaning,重要語義2,古語「うちとく」の意味は何か。,くつろぐ,くつろぐ｜打ち解ける,緊張を解いて楽な状態になる。,なし,なし,なし,なし,なし,なし,標準古語辞典・検定済み教科書（複数資料照合）,なし,なし
古文単語_単語Deck1_最重要古文単語_300,CJ-000165,165,単語Deck1_最重要古文単語,語彙,重要動詞,かきくらす,かきくらす,なし,動詞,品詞=動詞,CJ-000165-C01,meaning,重要語義1,古語「かきくらす」の意味は何か。,悲しみで心を暗くする,悲しみで心を暗くする｜ひどく悲しむ,悲しみが心を覆い、何も見えないように感じる。,なし,なし,なし,なし,なし,なし,標準古語辞典・検定済み教科書（複数資料照合）,なし,なし
古文単語_単語Deck1_最重要古文単語_300,CJ-000165,165,単語Deck1_最重要古文単語,語彙,重要動詞,かきくらす,かきくらす,なし,動詞,品詞=動詞,CJ-000165-C02,meaning,重要語義2,古語「かきくらす」の意味は何か。,空を暗くする,空を暗くする｜あたりを暗くする,雲・雨・雪などが一面を暗くする。,なし,なし,なし,なし,なし,なし,標準古語辞典・検定済み教科書（複数資料照合）,なし,なし
古文単語_単語Deck1_最重要古文単語_300,CJ-000166,166,単語Deck1_最重要古文単語,語彙,重要動詞,かしこまる,かしこまる,なし,動詞,品詞=動詞,CJ-000166-C01,meaning,重要語義1,古語「かしこまる」の意味は何か。,恐縮する,恐縮する｜畏まる,恐れ敬い、慎んだ態度を取る。,なし,なし,なし,なし,なし,なし,標準古語辞典・検定済み教科書（複数資料照合）,なし,恐縮=きょうしゅく｜畏まる=かしこまる
古文単語_単語Deck1_最重要古文単語_300,CJ-000166,166,単語Deck1_最重要古文単語,語彙,重要動詞,かしこまる,かしこまる,なし,動詞,品詞=動詞,CJ-000166-C02,meaning,重要語義2,古語「かしこまる」の意味は何か。,承知する,承知する｜お受けする,目上の人の命令を謹んで受ける。,なし,なし,なし,なし,なし,なし,標準古語辞典・検定済み教科書（複数資料照合）,なし,なし
古文単語_単語Deck1_最重要古文単語_300,CJ-000167,167,単語Deck1_最重要古文単語,語彙,重要動詞,かたらふ,かたらう,かたらう,動詞,品詞=動詞,CJ-000167-C01,meaning,重要語義1,古語「かたらふ」の意味は何か。,語り合う,語り合う｜話し合う,互いに話を交わす。,なし,なし,なし,なし,なし,なし,標準古語辞典・検定済み教科書（複数資料照合）,なし,なし
古文単語_単語Deck1_最重要古文単語_300,CJ-000167,167,単語Deck1_最重要古文単語,語彙,重要動詞,かたらふ,かたらう,かたらう,動詞,品詞=動詞,CJ-000167-C02,meaning,重要語義2,古語「かたらふ」の意味は何か。,親しく交際する,親しく交際する｜契りを結ぶ,深い関係を結び、付き合う。,なし,なし,なし,なし,なし,なし,標準古語辞典・検定済み教科書（複数資料照合）,なし,なし
古文単語_単語Deck1_最重要古文単語_300,CJ-000168,168,単語Deck1_最重要古文単語,語彙,重要動詞,こころう,こころう,心得,動詞,品詞=動詞,CJ-000168-C01,meaning,重要語義1,古語「こころう」の意味は何か。,理解する,理解する｜心得る,物事の意味や事情をのみこむ。,なし,なし,なし,なし,なし,なし,標準古語辞典・検定済み教科書（複数資料照合）,なし,心得=こころう
古文単語_単語Deck1_最重要古文単語_300,CJ-000168,168,単語Deck1_最重要古文単語,語彙,重要動詞,こころう,こころう,心得,動詞,品詞=動詞,CJ-000168-C02,meaning,重要語義2,古語「こころう」の意味は何か。,用心する,用心する｜心構えをする,起こりうることを予想して備える。,なし,なし,なし,なし,なし,なし,標準古語辞典・検定済み教科書（複数資料照合）,なし,なし
古文単語_単語Deck1_最重要古文単語_300,CJ-000169,169,単語Deck1_最重要古文単語,語彙,重要動詞,しる,しる,知る｜領る,動詞,品詞=動詞,CJ-000169-C01,meaning,重要語義1,古語「しる」の意味は何か。,領有する,領有する｜治める,土地・国などを自分のものとして支配する。,なし,なし,なし,なし,なし,なし,標準古語辞典・検定済み教科書（複数資料照合）,なし,なし
古文単語_単語Deck1_最重要古文単語_300,CJ-000169,169,単語Deck1_最重要古文単語,語彙,重要動詞,しる,しる,知る｜領る,動詞,品詞=動詞,CJ-000169-C02,meaning,重要語義2,古語「しる」の意味は何か。,知る,知る｜理解する,現代語と同じ認識の意味もある。,なし,なし,なし,なし,なし,なし,標準古語辞典・検定済み教科書（複数資料照合）,なし,なし
古文単語_単語Deck1_最重要古文単語_300,CJ-000170,170,単語Deck1_最重要古文単語,語彙,重要動詞,すく,すく,好く,動詞,品詞=動詞,CJ-000170-C01,meaning,重要語義1,古語「すく」の意味は何か。,風流を好む,風流を好む｜物好きである,和歌・音楽・恋愛などに心を寄せる。,なし,なし,なし,なし,なし,なし,標準古語辞典・検定済み教科書（複数資料照合）,なし,なし
古文単語_単語Deck1_最重要古文単語_300,CJ-000170,170,単語Deck1_最重要古文単語,語彙,重要動詞,すく,すく,好く,動詞,品詞=動詞,CJ-000170-C02,meaning,重要語義2,古語「すく」の意味は何か。,好色である,好色である｜恋愛好きだ,異性との恋愛に熱心である。,なし,なし,なし,なし,なし,なし,標準古語辞典・検定済み教科書（複数資料照合）,なし,なし
古文単語_単語Deck1_最重要古文単語_300,CJ-000171,171,単語Deck1_最重要古文単語,語彙,重要動詞,たがふ,たがう,たがう,動詞,品詞=動詞,CJ-000171-C01,meaning,重要語義1,古語「たがふ」の意味は何か。,違う,違う｜食い違う,一致せず、予想・約束から外れる。,なし,なし,なし,なし,なし,なし,標準古語辞典・検定済み教科書（複数資料照合）,なし,なし
古文単語_単語Deck1_最重要古文単語_300,CJ-000171,171,単語Deck1_最重要古文単語,語彙,重要動詞,たがふ,たがう,たがう,動詞,品詞=動詞,CJ-000171-C02,meaning,重要語義2,古語「たがふ」の意味は何か。,背く,背く｜反する,決まりや相手の意向に従わない。,なし,なし,なし,なし,なし,なし,標準古語辞典・検定済み教科書（複数資料照合）,なし,なし
古文単語_単語Deck1_最重要古文単語_300,CJ-000172,172,単語Deck1_最重要古文単語,語彙,重要動詞,ときめく,ときめく,なし,動詞,品詞=動詞,CJ-000172-C01,meaning,重要語義1,古語「ときめく」の意味は何か。,寵愛を受ける,寵愛を受ける｜もてはやされる,帝などから特別に愛され、勢力を得る。,なし,なし,なし,なし,なし,なし,標準古語辞典・検定済み教科書（複数資料照合）,なし,寵愛=ちょうあい
古文単語_単語Deck1_最重要古文単語_300,CJ-000172,172,単語Deck1_最重要古文単語,語彙,重要動詞,ときめく,ときめく,なし,動詞,品詞=動詞,CJ-000172-C02,meaning,重要語義2,古語「ときめく」の意味は何か。,栄える,栄える｜時勢に乗る,権力や名声を得て盛んになる。,なし,なし,なし,なし,なし,なし,標準古語辞典・検定済み教科書（複数資料照合）,なし,なし
古文単語_単語Deck1_最重要古文単語_300,CJ-000173,173,単語Deck1_最重要古文単語,語彙,重要動詞,なやむ,なやむ,なし,動詞,品詞=動詞,CJ-000173-C01,meaning,重要語義1,古語「なやむ」の意味は何か。,病気になる,病気になる｜患う,病気で苦しむ。,なし,なし,なし,なし,なし,なし,標準古語辞典・検定済み教科書（複数資料照合）,なし,なし
古文単語_単語Deck1_最重要古文単語_300,CJ-000173,173,単語Deck1_最重要古文単語,語彙,重要動詞,なやむ,なやむ,なし,動詞,品詞=動詞,CJ-000173-C02,meaning,重要語義2,古語「なやむ」の意味は何か。,苦しむ,苦しむ｜悩む,つらい状態に苦しめられる。,なし,なし,なし,なし,なし,なし,標準古語辞典・検定済み教科書（複数資料照合）,なし,なし
古文単語_単語Deck1_最重要古文単語_300,CJ-000174,174,単語Deck1_最重要古文単語,語彙,重要動詞,にほふ,におう,におう,動詞,品詞=動詞,CJ-000174-C01,meaning,重要語義1,古語「にほふ」の意味は何か。,美しく映える,美しく映える｜美しく輝く,色つやが美しく、周囲に際立って見える。,なし,なし,なし,なし,なし,なし,標準古語辞典・検定済み教科書（複数資料照合）,なし,なし
古文単語_単語Deck1_最重要古文単語_300,CJ-000174,174,単語Deck1_最重要古文単語,語彙,重要動詞,にほふ,におう,におう,動詞,品詞=動詞,CJ-000174-C02,meaning,重要語義2,古語「にほふ」の意味は何か。,香る,香る｜よい匂いがする,現代語に近い香りの意味もある。,なし,なし,なし,なし,なし,なし,標準古語辞典・検定済み教科書（複数資料照合）,なし,なし
古文単語_単語Deck1_最重要古文単語_300,CJ-000175,175,単語Deck1_最重要古文単語,語彙,重要動詞,まうく,もうく,設く｜儲く,動詞,品詞=動詞,CJ-000175-C01,meaning,重要語義1,古語「まうく」の意味は何か。,準備する,準備する｜用意する,必要なものをあらかじめ整える。,なし,なし,なし,なし,なし,なし,標準古語辞典・検定済み教科書（複数資料照合）,なし,なし
古文単語_単語Deck1_最重要古文単語_300,CJ-000175,175,単語Deck1_最重要古文単語,語彙,重要動詞,まうく,もうく,設く｜儲く,動詞,品詞=動詞,CJ-000175-C02,meaning,重要語義2,古語「まうく」の意味は何か。,得る,得る｜手に入れる,利益・子・地位などを獲得する。,なし,なし,なし,なし,なし,なし,標準古語辞典・検定済み教科書（複数資料照合）,なし,なし
古文単語_単語Deck1_最重要古文単語_300,CJ-000176,176,単語Deck1_最重要古文単語,語彙,重要動詞,やつす,やつす,なし,動詞,品詞=動詞,CJ-000176-C01,meaning,重要語義1,古語「やつす」の意味は何か。,目立たない姿にする,目立たない姿にする｜身をやつす,人目を避けるため、身なりを粗末・簡素にする。,なし,なし,なし,なし,なし,なし,標準古語辞典・検定済み教科書（複数資料照合）,なし,なし
古文単語_単語Deck1_最重要古文単語_300,CJ-000176,176,単語Deck1_最重要古文単語,語彙,重要動詞,やつす,やつす,なし,動詞,品詞=動詞,CJ-000176-C02,meaning,重要語義2,古語「やつす」の意味は何か。,出家する,出家する｜僧姿になる,髪や服装を変えて仏門に入る。,なし,なし,なし,なし,なし,なし,標準古語辞典・検定済み教科書（複数資料照合）,なし,出家=しゅっけ｜仏門=ぶつもん
古文単語_単語Deck1_最重要古文単語_300,CJ-000177,177,単語Deck1_最重要古文単語,語彙,重要動詞,よばふ,よばう,よばう,動詞,品詞=動詞,CJ-000177-C01,meaning,重要語義1,古語「よばふ」の意味は何か。,求婚する,求婚する｜言い寄る,男性が女性のもとへ通い、結婚を申し込む。,なし,なし,なし,なし,なし,なし,標準古語辞典・検定済み教科書（複数資料照合）,なし,なし
古文単語_単語Deck1_最重要古文単語_300,CJ-000178,178,単語Deck1_最重要古文単語,語彙,重要動詞,わづらふ,わずらう,わずらう,動詞,品詞=動詞,CJ-000178-C01,meaning,重要語義1,古語「わづらふ」の意味は何か。,病気になる,病気になる｜患う,病気にかかって苦しむ。,なし,なし,なし,なし,なし,なし,標準古語辞典・検定済み教科書（複数資料照合）,なし,なし
古文単語_単語Deck1_最重要古文単語_300,CJ-000178,178,単語Deck1_最重要古文単語,語彙,重要動詞,わづらふ,わずらう,わずらう,動詞,品詞=動詞,CJ-000178-C02,meaning,重要語義2,古語「わづらふ」の意味は何か。,苦労する,苦労する｜悩む,うまくできず、困り苦しむ。,なし,なし,なし,なし,なし,なし,標準古語辞典・検定済み教科書（複数資料照合）,なし,なし
古文単語_単語Deck1_最重要古文単語_300,CJ-000178,178,単語Deck1_最重要古文単語,語彙,重要動詞,わづらふ,わずらう,わずらう,動詞,品詞=動詞,CJ-000178-C03,meaning,重要語義3,古語「わづらふ」の意味は何か。,〜しかねる,〜しかねる｜なかなか〜できない,動詞の連用形に付き、その行為が難しいことを表す。,なし,なし,なし,なし,なし,なし,標準古語辞典・検定済み教科書（複数資料照合）,なし,なし
古文単語_単語Deck1_最重要古文単語_300,CJ-000179,179,単語Deck1_最重要古文単語,語彙,重要動詞,あそぶ,あそぶ,なし,動詞,品詞=動詞,CJ-000179-C01,meaning,重要語義1,古語「あそぶ」の意味は何か。,管弦を楽しむ,管弦を楽しむ｜音楽を演奏する,笛・琴などの音楽を楽しむ。,なし,なし,なし,なし,なし,なし,標準古語辞典・検定済み教科書（複数資料照合）,なし,管弦=かんげん
古文単語_単語Deck1_最重要古文単語_300,CJ-000179,179,単語Deck1_最重要古文単語,語彙,重要動詞,あそぶ,あそぶ,なし,動詞,品詞=動詞,CJ-000179-C02,meaning,重要語義2,古語「あそぶ」の意味は何か。,遊興する,遊興する｜遊ぶ,詩歌・狩り・宴などを楽しむ。,なし,なし,なし,なし,なし,なし,標準古語辞典・検定済み教科書（複数資料照合）,なし,遊興=ゆうきょう
古文単語_単語Deck1_最重要古文単語_300,CJ-000180,180,単語Deck1_最重要古文単語,語彙,重要動詞,いそぐ,いそぐ,なし,動詞,品詞=動詞,CJ-000180-C01,meaning,重要語義1,古語「いそぐ」の意味は何か。,準備する,準備する｜用意する,行事や旅などに必要な支度をする。,なし,なし,なし,現代語の「急ぐ」,古文では「準備する」の語義が重要。,なし,標準古語辞典・検定済み教科書（複数資料照合）,なし,なし
古文単語_単語Deck1_最重要古文単語_300,CJ-000181,181,単語Deck1_最重要古文単語,語彙,重要動詞,くゆ,くゆ,悔ゆ,動詞,品詞=動詞,CJ-000181-C01,meaning,重要語義1,古語「くゆ」の意味は何か。,後悔する,後悔する｜悔やむ,過去の行為を残念に思う。,なし,なし,なし,なし,なし,なし,標準古語辞典・検定済み教科書（複数資料照合）,なし,なし
古文単語_単語Deck1_最重要古文単語_300,CJ-000182,182,単語Deck1_最重要古文単語,語彙,重要動詞,しほたる,しおたる,しおたる,動詞,品詞=動詞,CJ-000182-C01,meaning,重要語義1,古語「しほたる」の意味は何か。,涙で袖がぬれる,涙で袖がぬれる｜涙にぬれる,海水にぬれるように、涙で衣がぬれることを表す。,なし,なし,なし,なし,なし,なし,標準古語辞典・検定済み教科書（複数資料照合）,なし,なし
古文単語_単語Deck1_最重要古文単語_300,CJ-000183,183,単語Deck1_最重要古文単語,語彙,重要動詞,つくろふ,つくろう,つくろう,動詞,品詞=動詞,CJ-000183-C01,meaning,重要語義1,古語「つくろふ」の意味は何か。,修理する,修理する｜直す,壊れたり乱れたりしたものを整える。,なし,なし,なし,なし,なし,なし,標準古語辞典・検定済み教科書（複数資料照合）,なし,なし
古文単語_単語Deck1_最重要古文単語_300,CJ-000183,183,単語Deck1_最重要古文単語,語彙,重要動詞,つくろふ,つくろう,つくろう,動詞,品詞=動詞,CJ-000183-C02,meaning,重要語義2,古語「つくろふ」の意味は何か。,取り繕う,取り繕う｜装う,欠点を隠し、見た目を整える。,なし,なし,なし,なし,なし,なし,標準古語辞典・検定済み教科書（複数資料照合）,なし,なし
古文単語_単語Deck1_最重要古文単語_300,CJ-000184,184,単語Deck1_最重要古文単語,語彙,重要動詞,なぐさむ,なぐさむ,なし,動詞,品詞=動詞,CJ-000184-C01,meaning,重要語義1,古語「なぐさむ」の意味は何か。,心が晴れる,心が晴れる｜気が紛れる,悲しみや退屈が和らぐ。,なし,なし,なし,なし,なし,なし,標準古語辞典・検定済み教科書（複数資料照合）,なし,なし
古文単語_単語Deck1_最重要古文単語_300,CJ-000184,184,単語Deck1_最重要古文単語,語彙,重要動詞,なぐさむ,なぐさむ,なし,動詞,品詞=動詞,CJ-000184-C02,meaning,重要語義2,古語「なぐさむ」の意味は何か。,慰める,慰める｜気を紛らわせる,人の悲しみや退屈を和らげる。,なし,なし,なし,なし,なし,なし,標準古語辞典・検定済み教科書（複数資料照合）,なし,なし
古文単語_単語Deck1_最重要古文単語_300,CJ-000185,185,単語Deck1_最重要古文単語,語彙,重要動詞,はつ,はつ,なし,動詞,品詞=動詞,CJ-000185-C01,meaning,重要語義1,古語「はつ」の意味は何か。,終える,終える｜すっかり〜する,動詞の連用形に付き、動作が完全に終わることを表す。,なし,なし,なし,なし,なし,なし,標準古語辞典・検定済み教科書（複数資料照合）,なし,なし
古文単語_単語Deck1_最重要古文単語_300,CJ-000186,186,単語Deck1_最重要古文単語,語彙,重要動詞,ふる,ふる,経,動詞,品詞=動詞,CJ-000186-C01,meaning,重要語義1,古語「ふる」の意味は何か。,時を過ごす,時を過ごす｜暮らす,長い時間を経る。,なし,なし,なし,なし,なし,なし,標準古語辞典・検定済み教科書（複数資料照合）,なし,なし
古文単語_単語Deck1_最重要古文単語_300,CJ-000186,186,単語Deck1_最重要古文単語,語彙,重要動詞,ふる,ふる,経,動詞,品詞=動詞,CJ-000186-C02,meaning,重要語義2,古語「ふる」の意味は何か。,年を取る,年を取る｜老いる,年月が重なり、老いる。,なし,なし,なし,なし,なし,なし,標準古語辞典・検定済み教科書（複数資料照合）,なし,なし
古文単語_単語Deck1_最重要古文単語_300,CJ-000187,187,単語Deck1_最重要古文単語,語彙,重要動詞,ほだす,ほだす,なし,動詞,品詞=動詞,CJ-000187-C01,meaning,重要語義1,古語「ほだす」の意味は何か。,束縛する,束縛する｜引き留める,情愛や関係が、自由な行動を妨げる。,なし,なし,なし,なし,なし,なし,標準古語辞典・検定済み教科書（複数資料照合）,なし,束縛=そくばく
古文単語_単語Deck1_最重要古文単語_300,CJ-000188,188,単語Deck1_最重要古文単語,語彙,重要動詞,まぎる,まぎる,なし,動詞,品詞=動詞,CJ-000188-C01,meaning,重要語義1,古語「まぎる」の意味は何か。,隠れる,隠れる｜見分けがつかなくなる,他のものに混じり、目立たなくなる。,なし,なし,なし,なし,なし,なし,標準古語辞典・検定済み教科書（複数資料照合）,なし,なし
古文単語_単語Deck1_最重要古文単語_300,CJ-000188,188,単語Deck1_最重要古文単語,語彙,重要動詞,まぎる,まぎる,なし,動詞,品詞=動詞,CJ-000188-C02,meaning,重要語義2,古語「まぎる」の意味は何か。,気が紛れる,気が紛れる｜心が慰む,別のことに注意が向き、つらさを一時忘れる。,なし,なし,なし,なし,なし,なし,標準古語辞典・検定済み教科書（複数資料照合）,なし,なし
古文単語_単語Deck1_最重要古文単語_300,CJ-000189,189,単語Deck1_最重要古文単語,語彙,重要動詞,もてなす,もてなす,なし,動詞,品詞=動詞,CJ-000189-C01,meaning,重要語義1,古語「もてなす」の意味は何か。,扱う,扱う｜取り扱う,相手に対してある態度で接する。,なし,なし,なし,なし,なし,なし,標準古語辞典・検定済み教科書（複数資料照合）,なし,なし
古文単語_単語Deck1_最重要古文単語_300,CJ-000189,189,単語Deck1_最重要古文単語,語彙,重要動詞,もてなす,もてなす,なし,動詞,品詞=動詞,CJ-000189-C02,meaning,重要語義2,古語「もてなす」の意味は何か。,振る舞う,振る舞う｜ふるまう,ある様子・態度を外に示す。,なし,なし,なし,なし,なし,なし,標準古語辞典・検定済み教科書（複数資料照合）,なし,なし
古文単語_単語Deck1_最重要古文単語_300,CJ-000190,190,単語Deck1_最重要古文単語,語彙,重要動詞,やすらふ,やすらう,やすらう,動詞,品詞=動詞,CJ-000190-C01,meaning,重要語義1,古語「やすらふ」の意味は何か。,ためらう,ためらう｜立ち止まる,進むかどうか迷い、しばらく動かない。,なし,なし,なし,なし,なし,なし,標準古語辞典・検定済み教科書（複数資料照合）,なし,なし
古文単語_単語Deck1_最重要古文単語_300,CJ-000190,190,単語Deck1_最重要古文単語,語彙,重要動詞,やすらふ,やすらう,やすらう,動詞,品詞=動詞,CJ-000190-C02,meaning,重要語義2,古語「やすらふ」の意味は何か。,休む,休む｜休息する,動きを止めて休息する。,なし,なし,なし,なし,なし,なし,標準古語辞典・検定済み教科書（複数資料照合）,なし,なし
古文単語_単語Deck1_最重要古文単語_300,CJ-000191,191,単語Deck1_最重要古文単語,語彙,重要動詞,よそふ,よそう,比ふ｜寄そふ,動詞,品詞=動詞,CJ-000191-C01,meaning,重要語義1,古語「よそふ」の意味は何か。,比べる,比べる｜なぞらえる,あるものを別のものと対応させる。,なし,なし,なし,なし,なし,なし,標準古語辞典・検定済み教科書（複数資料照合）,なし,なし
古文単語_単語Deck1_最重要古文単語_300,CJ-000191,191,単語Deck1_最重要古文単語,語彙,重要動詞,よそふ,よそう,比ふ｜寄そふ,動詞,品詞=動詞,CJ-000191-C02,meaning,重要語義2,古語「よそふ」の意味は何か。,関係づける,関係づける｜こじつける,物事をある対象に結び付けて考える。,なし,なし,なし,なし,なし,なし,標準古語辞典・検定済み教科書（複数資料照合）,なし,なし
古文単語_単語Deck1_最重要古文単語_300,CJ-000192,192,単語Deck1_最重要古文単語,語彙,重要動詞,あく,あく,飽く,動詞,品詞=動詞,CJ-000192-C01,meaning,重要語義1,古語「あく」の意味は何か。,満足する,満足する｜十分だと思う,十分に満たされる意。打消を伴う「あかず」が頻出。,なし,なし,なし,なし,なし,なし,標準古語辞典・検定済み教科書（複数資料照合）,なし,なし
古文単語_単語Deck1_最重要古文単語_300,CJ-000193,193,単語Deck1_最重要古文単語,語彙,重要動詞,あるじす,あるじす,饗す,動詞,品詞=動詞,CJ-000193-C01,meaning,重要語義1,古語「あるじす」の意味は何か。,客をもてなす,客をもてなす｜主人役を務める,主人として客を迎え、接待する。,なし,なし,なし,なし,なし,なし,標準古語辞典・検定済み教科書（複数資料照合）,なし,なし
古文単語_単語Deck1_最重要古文単語_300,CJ-000194,194,単語Deck1_最重要古文単語,語彙,重要動詞,うれふ,うれう,憂ふ,動詞,品詞=動詞,CJ-000194-C01,meaning,重要語義1,古語「うれふ」の意味は何か。,訴える,訴える｜事情を申し立てる,苦しみや事情を人に申し立てる。,なし,なし,なし,なし,なし,なし,標準古語辞典・検定済み教科書（複数資料照合）,なし,なし
古文単語_単語Deck1_最重要古文単語_300,CJ-000194,194,単語Deck1_最重要古文単語,語彙,重要動詞,うれふ,うれう,憂ふ,動詞,品詞=動詞,CJ-000194-C02,meaning,重要語義2,古語「うれふ」の意味は何か。,嘆く,嘆く｜悲しむ,つらいことを悲しみ訴える。,なし,なし,なし,なし,なし,なし,標準古語辞典・検定済み教科書（複数資料照合）,なし,なし
古文単語_単語Deck1_最重要古文単語_300,CJ-000195,195,単語Deck1_最重要古文単語,語彙,重要動詞,おくる,おくる,後る,動詞,品詞=動詞,CJ-000195-C01,meaning,重要語義1,古語「おくる」の意味は何か。,後に残る,後に残る｜先立たれる｜遅れる,他の人に先を越され、後に取り残される。,なし,なし,なし,なし,なし,なし,標準古語辞典・検定済み教科書（複数資料照合）,なし,なし
古文単語_単語Deck1_最重要古文単語_300,CJ-000196,196,単語Deck1_最重要古文単語,語彙,重要動詞,こぼつ,こぼつ,毀つ,動詞,品詞=動詞,CJ-000196-C01,meaning,重要語義1,古語「こぼつ」の意味は何か。,壊す,壊す｜取り壊す,建物などを壊して形を失わせる。,なし,なし,なし,なし,なし,なし,標準古語辞典・検定済み教科書（複数資料照合）,なし,なし
古文単語_単語Deck1_最重要古文単語_300,CJ-000197,197,単語Deck1_最重要古文単語,語彙,重要動詞,さる,さる,避る｜去る,動詞,品詞=動詞,CJ-000197-C01,meaning,重要語義1,古語「さる」の意味は何か。,避ける,避ける｜遠ざける,好ましくないものをよける。,なし,なし,なし,なし,なし,なし,標準古語辞典・検定済み教科書（複数資料照合）,なし,なし
古文単語_単語Deck1_最重要古文単語_300,CJ-000197,197,単語Deck1_最重要古文単語,語彙,重要動詞,さる,さる,避る｜去る,動詞,品詞=動詞,CJ-000197-C02,meaning,重要語義2,古語「さる」の意味は何か。,立ち去る,立ち去る｜離れる,その場所から離れて行く。,なし,なし,なし,なし,なし,なし,標準古語辞典・検定済み教科書（複数資料照合）,なし,なし
古文単語_単語Deck1_最重要古文単語_300,CJ-000198,198,単語Deck1_最重要古文単語,語彙,重要動詞,すぐす,すぐす,過ぐす,動詞,品詞=動詞,CJ-000198-C01,meaning,重要語義1,古語「すぐす」の意味は何か。,時を過ごす,時を過ごす｜暮らす,ある状態で時間を送る。,なし,なし,なし,なし,なし,なし,標準古語辞典・検定済み教科書（複数資料照合）,なし,なし
古文単語_単語Deck1_最重要古文単語_300,CJ-000198,198,単語Deck1_最重要古文単語,語彙,重要動詞,すぐす,すぐす,過ぐす,動詞,品詞=動詞,CJ-000198-C02,meaning,重要語義2,古語「すぐす」の意味は何か。,そのままにする,そのままにする｜見過ごす,手を加えず、通り過ぎさせる。,なし,なし,なし,なし,なし,なし,標準古語辞典・検定済み教科書（複数資料照合）,なし,なし
古文単語_単語Deck1_最重要古文単語_300,CJ-000199,199,単語Deck1_最重要古文単語,語彙,重要動詞,すまふ,すまう,争ふ,動詞,品詞=動詞,CJ-000199-C01,meaning,重要語義1,古語「すまふ」の意味は何か。,抵抗する,抵抗する｜争う｜拒む,相手に従わず、張り合う。,なし,なし,なし,なし,なし,なし,標準古語辞典・検定済み教科書（複数資料照合）,なし,なし
古文単語_単語Deck1_最重要古文単語_300,CJ-000200,200,単語Deck1_最重要古文単語,語彙,重要動詞,たゆむ,たゆむ,弛む,動詞,品詞=動詞,CJ-000200-C01,meaning,重要語義1,古語「たゆむ」の意味は何か。,油断する,油断する｜気を緩める｜怠る,緊張や努力をゆるめる。,なし,なし,なし,なし,なし,なし,標準古語辞典・検定済み教科書（複数資料照合）,なし,なし
古文単語_単語Deck1_最重要古文単語_300,CJ-000201,201,単語Deck1_最重要古文単語,語彙,重要動詞,とりなす,とりなす,取り成す,動詞,品詞=動詞,CJ-000201-C01,meaning,重要語義1,古語「とりなす」の意味は何か。,間を取り持つ,間を取り持つ｜仲介する,人と人の間に入り、関係を調整する。,なし,なし,なし,なし,なし,なし,標準古語辞典・検定済み教科書（複数資料照合）,なし,なし
古文単語_単語Deck1_最重要古文単語_300,CJ-000201,201,単語Deck1_最重要古文単語,語彙,重要動詞,とりなす,とりなす,取り成す,動詞,品詞=動詞,CJ-000201-C02,meaning,重要語義2,古語「とりなす」の意味は何か。,都合よく解釈する,都合よく解釈する｜取り繕う,物事をよいように説明し直す。,なし,なし,なし,なし,なし,なし,標準古語辞典・検定済み教科書（複数資料照合）,なし,なし
古文単語_単語Deck1_最重要古文単語_300,CJ-000202,202,単語Deck1_最重要古文単語,語彙,重要動詞,ながらふ,ながらう,永らふ,動詞,品詞=動詞,CJ-000202-C01,meaning,重要語義1,古語「ながらふ」の意味は何か。,長く生きる,長く生きる｜生き長らえる,命を保って長い年月を生きる。,なし,なし,なし,なし,なし,なし,標準古語辞典・検定済み教科書（複数資料照合）,なし,なし
古文単語_単語Deck1_最重要古文単語_300,CJ-000202,202,単語Deck1_最重要古文単語,語彙,重要動詞,ながらふ,ながらう,永らふ,動詞,品詞=動詞,CJ-000202-C02,meaning,重要語義2,古語「ながらふ」の意味は何か。,長く続く,長く続く｜存続する,状態が長期間続く。,なし,なし,なし,なし,なし,なし,標準古語辞典・検定済み教科書（複数資料照合）,なし,なし
古文単語_単語Deck1_最重要古文単語_300,CJ-000203,203,単語Deck1_最重要古文単語,語彙,重要動詞,ひがむ,ひがむ,僻む,動詞,品詞=動詞,CJ-000203-C01,meaning,重要語義1,古語「ひがむ」の意味は何か。,曲解する,曲解する｜間違って受け取る,物事を正しく受け取らず、ゆがめて解釈する。,なし,なし,なし,なし,なし,なし,標準古語辞典・検定済み教科書（複数資料照合）,なし,曲解=きょっかい
古文単語_単語Deck1_最重要古文単語_300,CJ-000203,203,単語Deck1_最重要古文単語,語彙,重要動詞,ひがむ,ひがむ,僻む,動詞,品詞=動詞,CJ-000203-C02,meaning,重要語義2,古語「ひがむ」の意味は何か。,ひねくれる,ひねくれる｜性質がゆがむ,素直でない考え方になる。,なし,なし,なし,なし,なし,なし,標準古語辞典・検定済み教科書（複数資料照合）,なし,なし
古文単語_単語Deck1_最重要古文単語_300,CJ-000204,204,単語Deck1_最重要古文単語,語彙,重要動詞,ふるまふ,ふるまう,振る舞ふ,動詞,品詞=動詞,CJ-000204-C01,meaning,重要語義1,古語「ふるまふ」の意味は何か。,行動する,行動する｜振る舞う,ある態度や様子で行動する。,なし,なし,なし,なし,なし,なし,標準古語辞典・検定済み教科書（複数資料照合）,なし,なし
古文単語_単語Deck1_最重要古文単語_300,CJ-000204,204,単語Deck1_最重要古文単語,語彙,重要動詞,ふるまふ,ふるまう,振る舞ふ,動詞,品詞=動詞,CJ-000204-C02,meaning,重要語義2,古語「ふるまふ」の意味は何か。,もてなす,もてなす｜ごちそうする,飲食物などを出して人を接待する。,なし,なし,なし,なし,なし,なし,標準古語辞典・検定済み教科書（複数資料照合）,なし,なし
古文単語_単語Deck1_最重要古文単語_300,CJ-000205,205,単語Deck1_最重要古文単語,語彙,重要動詞,まがふ,まがう,紛ふ,動詞,品詞=動詞,CJ-000205-C01,meaning,重要語義1,古語「まがふ」の意味は何か。,見分けがつかない,見分けがつかない｜紛らわしい,よく似ていて区別できない。,なし,なし,なし,なし,なし,なし,標準古語辞典・検定済み教科書（複数資料照合）,なし,なし
古文単語_単語Deck1_最重要古文単語_300,CJ-000205,205,単語Deck1_最重要古文単語,語彙,重要動詞,まがふ,まがう,紛ふ,動詞,品詞=動詞,CJ-000205-C02,meaning,重要語義2,古語「まがふ」の意味は何か。,よく似る,よく似る｜まちがえるほど似る,別のものと取り違えるほど似ている。,なし,なし,なし,なし,なし,なし,標準古語辞典・検定済み教科書（複数資料照合）,なし,なし
古文単語_単語Deck1_最重要古文単語_300,CJ-000206,206,単語Deck1_最重要古文単語,語彙,重要動詞,もどく,もどく,擬く,動詞,品詞=動詞,CJ-000206-C01,meaning,重要語義1,古語「もどく」の意味は何か。,非難する,非難する｜批評する,欠点を取り上げて責める。,なし,なし,なし,なし,なし,なし,標準古語辞典・検定済み教科書（複数資料照合）,なし,なし
古文単語_単語Deck1_最重要古文単語_300,CJ-000206,206,単語Deck1_最重要古文単語,語彙,重要動詞,もどく,もどく,擬く,動詞,品詞=動詞,CJ-000206-C02,meaning,重要語義2,古語「もどく」の意味は何か。,まねる,まねる｜似せる,他のもののやり方や形を模倣する。,なし,なし,なし,なし,なし,なし,標準古語辞典・検定済み教科書（複数資料照合）,なし,なし
古文単語_単語Deck1_最重要古文単語_300,CJ-000207,207,単語Deck1_最重要古文単語,語彙,重要動詞,わく,わく,分く,動詞,品詞=動詞,CJ-000207-C01,meaning,重要語義1,古語「わく」の意味は何か。,区別する,区別する｜見分ける,違いを明らかにして分ける。,なし,なし,なし,なし,なし,なし,標準古語辞典・検定済み教科書（複数資料照合）,なし,なし
古文単語_単語Deck1_最重要古文単語_300,CJ-000207,207,単語Deck1_最重要古文単語,語彙,重要動詞,わく,わく,分く,動詞,品詞=動詞,CJ-000207-C02,meaning,重要語義2,古語「わく」の意味は何か。,理解する,理解する｜判断する,物事の意味や道理を見分ける。,なし,なし,なし,なし,なし,なし,標準古語辞典・検定済み教科書（複数資料照合）,なし,なし
古文単語_単語Deck1_最重要古文単語_300,CJ-000208,208,単語Deck1_最重要古文単語,語彙,重要動詞,さはぐ,さわぐ,騒ぐ,動詞,品詞=動詞,CJ-000208-C01,meaning,重要語義1,古語「さはぐ」の意味は何か。,騒ぐ,騒ぐ｜騒ぎ立てる,声や動作を大きくして騒がしくする。,なし,なし,なし,なし,なし,なし,標準古語辞典・検定済み教科書（複数資料照合）,なし,なし
古文単語_単語Deck1_最重要古文単語_300,CJ-000208,208,単語Deck1_最重要古文単語,語彙,重要動詞,さはぐ,さわぐ,騒ぐ,動詞,品詞=動詞,CJ-000208-C02,meaning,重要語義2,古語「さはぐ」の意味は何か。,慌てる,慌てる｜動揺する,心が落ち着かず、うろたえる。,なし,なし,なし,なし,なし,なし,標準古語辞典・検定済み教科書（複数資料照合）,なし,なし
古文単語_単語Deck1_最重要古文単語_300,CJ-000209,209,単語Deck1_最重要古文単語,語彙,重要動詞,いたはる,いたわる,労る,動詞,品詞=動詞,CJ-000209-C01,meaning,重要語義1,古語「いたはる」の意味は何か。,苦労する,苦労する｜骨を折る,物事のために力を尽くして苦労する。,なし,なし,なし,なし,なし,なし,標準古語辞典・検定済み教科書（複数資料照合）,なし,なし
古文単語_単語Deck1_最重要古文単語_300,CJ-000209,209,単語Deck1_最重要古文単語,語彙,重要動詞,いたはる,いたわる,労る,動詞,品詞=動詞,CJ-000209-C02,meaning,重要語義2,古語「いたはる」の意味は何か。,病気になる,病気になる｜患う,体を病み、弱る。,なし,なし,なし,なし,なし,なし,標準古語辞典・検定済み教科書（複数資料照合）,なし,なし
古文単語_単語Deck1_最重要古文単語_300,CJ-000209,209,単語Deck1_最重要古文単語,語彙,重要動詞,いたはる,いたわる,労る,動詞,品詞=動詞,CJ-000209-C03,meaning,重要語義3,古語「いたはる」の意味は何か。,大切に世話する,大切に世話する｜いたわる,弱い者などを気づかい、世話をする。,なし,なし,なし,なし,なし,なし,標準古語辞典・検定済み教科書（複数資料照合）,なし,なし
古文単語_単語Deck1_最重要古文単語_300,CJ-000210,210,単語Deck1_最重要古文単語,語彙,重要動詞,くづほる,くずおる,頽る,動詞,品詞=動詞,CJ-000210-C01,meaning,重要語義1,古語「くづほる」の意味は何か。,気落ちする,気落ちする｜落胆する,心がくじけ、元気を失う。,なし,なし,なし,なし,なし,なし,標準古語辞典・検定済み教科書（複数資料照合）,なし,なし
古文単語_単語Deck1_最重要古文単語_300,CJ-000210,210,単語Deck1_最重要古文単語,語彙,重要動詞,くづほる,くずおる,頽る,動詞,品詞=動詞,CJ-000210-C02,meaning,重要語義2,古語「くづほる」の意味は何か。,衰える,衰える｜弱る,勢いや力が失われる。,なし,なし,なし,なし,なし,なし,標準古語辞典・検定済み教科書（複数資料照合）,なし,なし
古文単語_単語Deck1_最重要古文単語_300,CJ-000211,211,単語Deck1_最重要古文単語,語彙,重要動詞,したたむ,したたむ,認む,動詞,品詞=動詞,CJ-000211-C01,meaning,重要語義1,古語「したたむ」の意味は何か。,準備する,準備する｜整える｜処理する,必要な物事を整え、手配する。,なし,なし,なし,なし,なし,なし,標準古語辞典・検定済み教科書（複数資料照合）,なし,なし
古文単語_単語Deck1_最重要古文単語_300,CJ-000211,211,単語Deck1_最重要古文単語,語彙,重要動詞,したたむ,したたむ,認む,動詞,品詞=動詞,CJ-000211-C02,meaning,重要語義2,古語「したたむ」の意味は何か。,書き記す,書き記す｜書く,文章や手紙として書きつける。,なし,なし,なし,なし,なし,なし,標準古語辞典・検定済み教科書（複数資料照合）,なし,なし
古文単語_単語Deck1_最重要古文単語_300,CJ-000212,212,単語Deck1_最重要古文単語,語彙,重要動詞,やむ,やむ,止む,動詞,品詞=動詞,CJ-000212-C01,meaning,重要語義1,古語「やむ」の意味は何か。,終わる,終わる｜止まる,続いていた事がそこで終止する。,なし,なし,なし,なし,なし,なし,標準古語辞典・検定済み教科書（複数資料照合）,なし,なし
古文単語_単語Deck1_最重要古文単語_300,CJ-000212,212,単語Deck1_最重要古文単語,語彙,重要動詞,やむ,やむ,止む,動詞,品詞=動詞,CJ-000212-C02,meaning,重要語義2,古語「やむ」の意味は何か。,死ぬ,死ぬ｜亡くなる,生命の働きが終わる意で用いられる。,なし,なし,なし,なし,なし,なし,標準古語辞典・検定済み教科書（複数資料照合）,なし,なし
古文単語_単語Deck1_最重要古文単語_300,CJ-000213,213,単語Deck1_最重要古文単語,語彙,重要動詞,さだむ,さだむ,定む,動詞,品詞=動詞,CJ-000213-C01,meaning,重要語義1,古語「さだむ」の意味は何か。,決定する,決定する｜定める,物事を一つに決める。,なし,なし,なし,なし,なし,なし,標準古語辞典・検定済み教科書（複数資料照合）,なし,なし
古文単語_単語Deck1_最重要古文単語_300,CJ-000213,213,単語Deck1_最重要古文単語,語彙,重要動詞,さだむ,さだむ,定む,動詞,品詞=動詞,CJ-000213-C02,meaning,重要語義2,古語「さだむ」の意味は何か。,評価する,評価する｜論評する,人物や物事の価値を判断する。,なし,なし,なし,なし,なし,なし,標準古語辞典・検定済み教科書（複数資料照合）,なし,なし
古文単語_単語Deck1_最重要古文単語_300,CJ-000214,214,単語Deck1_最重要古文単語,語彙,重要名詞,あらまし,あらまし,なし,名詞,品詞=名詞,CJ-000214-C01,meaning,重要語義1,古語「あらまし」の意味は何か。,計画,計画｜予定｜願い,これからこうしたいと考えていること。,なし,なし,なし,なし,なし,なし,標準古語辞典・検定済み教科書（複数資料照合）,なし,なし
古文単語_単語Deck1_最重要古文単語_300,CJ-000214,214,単語Deck1_最重要古文単語,語彙,重要名詞,あらまし,あらまし,なし,名詞,品詞=名詞,CJ-000214-C02,meaning,重要語義2,古語「あらまし」の意味は何か。,概略,概略｜あらすじ,内容を大まかにまとめたもの。,なし,なし,なし,なし,なし,なし,標準古語辞典・検定済み教科書（複数資料照合）,なし,概略=がいりゃく
古文単語_単語Deck1_最重要古文単語_300,CJ-000215,215,単語Deck1_最重要古文単語,語彙,重要名詞,うつつ,うつつ,現,名詞,品詞=名詞,CJ-000215-C01,meaning,重要語義1,古語「うつつ」の意味は何か。,現実,現実｜実際,夢ではない、目の前の現実。,なし,なし,なし,なし,なし,なし,標準古語辞典・検定済み教科書（複数資料照合）,なし,なし
古文単語_単語Deck1_最重要古文単語_300,CJ-000215,215,単語Deck1_最重要古文単語,語彙,重要名詞,うつつ,うつつ,現,名詞,品詞=名詞,CJ-000215-C02,meaning,重要語義2,古語「うつつ」の意味は何か。,正気,正気｜意識,夢や放心ではない、はっきりした意識。,なし,なし,なし,なし,なし,なし,標準古語辞典・検定済み教科書（複数資料照合）,なし,なし
古文単語_単語Deck1_最重要古文単語_300,CJ-000216,216,単語Deck1_最重要古文単語,語彙,重要名詞,あやめ,あやめ,文目,名詞,品詞=名詞,CJ-000216-C01,meaning,重要語義1,古語「あやめ」の意味は何か。,区別,区別｜見分け,物事の違いを見分けること。,なし,なし,なし,なし,なし,なし,標準古語辞典・検定済み教科書（複数資料照合）,なし,なし
古文単語_単語Deck1_最重要古文単語_300,CJ-000216,216,単語Deck1_最重要古文単語,語彙,重要名詞,あやめ,あやめ,文目,名詞,品詞=名詞,CJ-000216-C02,meaning,重要語義2,古語「あやめ」の意味は何か。,道理,道理｜筋道,物事の理由や筋道。,なし,なし,なし,なし,なし,なし,標準古語辞典・検定済み教科書（複数資料照合）,なし,なし
古文単語_単語Deck1_最重要古文単語_300,CJ-000217,217,単語Deck1_最重要古文単語,語彙,重要名詞,おほやけ,おおやけ,公,名詞,品詞=名詞,CJ-000217-C01,meaning,重要語義1,古語「おほやけ」の意味は何か。,朝廷,朝廷｜宮廷,天皇を中心とする公的な政治の場。,なし,なし,なし,なし,なし,なし,標準古語辞典・検定済み教科書（複数資料照合）,なし,朝廷=ちょうてい
古文単語_単語Deck1_最重要古文単語_300,CJ-000217,217,単語Deck1_最重要古文単語,語彙,重要名詞,おほやけ,おおやけ,公,名詞,品詞=名詞,CJ-000217-C02,meaning,重要語義2,古語「おほやけ」の意味は何か。,天皇,天皇｜帝,朝廷を代表する存在として天皇を指す。,なし,なし,なし,なし,なし,なし,標準古語辞典・検定済み教科書（複数資料照合）,なし,なし
古文単語_単語Deck1_最重要古文単語_300,CJ-000217,217,単語Deck1_最重要古文単語,語彙,重要名詞,おほやけ,おおやけ,公,名詞,品詞=名詞,CJ-000217-C03,meaning,重要語義3,古語「おほやけ」の意味は何か。,公,公｜公的なこと,個人に対する公の立場や事柄。,なし,なし,なし,なし,なし,なし,標準古語辞典・検定済み教科書（複数資料照合）,なし,なし
古文単語_単語Deck1_最重要古文単語_300,CJ-000218,218,単語Deck1_最重要古文単語,語彙,重要名詞,うへ,うえ,上,名詞,品詞=名詞,CJ-000218-C01,meaning,重要語義1,古語「うへ」の意味は何か。,天皇,天皇｜帝,敬意を込めて天皇を指す。,なし,なし,なし,なし,なし,なし,標準古語辞典・検定済み教科書（複数資料照合）,なし,なし
古文単語_単語Deck1_最重要古文単語_300,CJ-000218,218,単語Deck1_最重要古文単語,語彙,重要名詞,うへ,うえ,上,名詞,品詞=名詞,CJ-000218-C02,meaning,重要語義2,古語「うへ」の意味は何か。,身分の高い人,身分の高い人｜主人,自分より上位にいる人物を指す。,なし,なし,なし,なし,なし,なし,標準古語辞典・検定済み教科書（複数資料照合）,なし,なし
古文単語_単語Deck1_最重要古文単語_300,CJ-000218,218,単語Deck1_最重要古文単語,語彙,重要名詞,うへ,うえ,上,名詞,品詞=名詞,CJ-000218-C03,meaning,重要語義3,古語「うへ」の意味は何か。,奥方,奥方｜妻,貴人の正妻などを指すことがある。,なし,なし,なし,なし,なし,なし,標準古語辞典・検定済み教科書（複数資料照合）,なし,奥方=おくがた
古文単語_単語Deck1_最重要古文単語_300,CJ-000219,219,単語Deck1_最重要古文単語,語彙,重要名詞,うち,うち,内,名詞,品詞=名詞,CJ-000219-C01,meaning,重要語義1,古語「うち」の意味は何か。,宮中,宮中｜内裏,天皇の住む宮殿や、その内部を指す。,なし,なし,なし,なし,なし,なし,標準古語辞典・検定済み教科書（複数資料照合）,なし,宮中=きゅうちゅう｜内裏=だいり
古文単語_単語Deck1_最重要古文単語_300,CJ-000220,220,単語Deck1_最重要古文単語,語彙,重要名詞,くもゐ,くもい,雲居｜雲井,名詞,品詞=名詞,CJ-000220-C01,meaning,重要語義1,古語「くもゐ」の意味は何か。,空,空｜雲のある所,雲の浮かぶ高い空。,なし,なし,なし,なし,なし,なし,標準古語辞典・検定済み教科書（複数資料照合）,なし,なし
古文単語_単語Deck1_最重要古文単語_300,CJ-000220,220,単語Deck1_最重要古文単語,語彙,重要名詞,くもゐ,くもい,雲居｜雲井,名詞,品詞=名詞,CJ-000220-C02,meaning,重要語義2,古語「くもゐ」の意味は何か。,宮中,宮中｜皇居,空高い所になぞらえて宮中を指す。,なし,なし,なし,なし,なし,なし,標準古語辞典・検定済み教科書（複数資料照合）,なし,宮中=きゅうちゅう
古文単語_単語Deck1_最重要古文単語_300,CJ-000221,221,単語Deck1_最重要古文単語,語彙,重要名詞,しな,しな,品,名詞,品詞=名詞,CJ-000221-C01,meaning,重要語義1,古語「しな」の意味は何か。,身分,身分｜家柄,社会上の地位や階層。,なし,なし,なし,なし,なし,なし,標準古語辞典・検定済み教科書（複数資料照合）,なし,なし
古文単語_単語Deck1_最重要古文単語_300,CJ-000221,221,単語Deck1_最重要古文単語,語彙,重要名詞,しな,しな,品,名詞,品詞=名詞,CJ-000221-C02,meaning,重要語義2,古語「しな」の意味は何か。,種類,種類｜段階,物事の種類や等級。,なし,なし,なし,なし,なし,なし,標準古語辞典・検定済み教科書（複数資料照合）,なし,なし
古文単語_単語Deck1_最重要古文単語_300,CJ-000222,222,単語Deck1_最重要古文単語,語彙,重要名詞,さま,さま,様,名詞,品詞=名詞,CJ-000222-C01,meaning,重要語義1,古語「さま」の意味は何か。,様子,様子｜あり方,人や物事の外見・状態。,なし,なし,なし,なし,なし,なし,標準古語辞典・検定済み教科書（複数資料照合）,なし,なし
古文単語_単語Deck1_最重要古文単語_300,CJ-000222,222,単語Deck1_最重要古文単語,語彙,重要名詞,さま,さま,様,名詞,品詞=名詞,CJ-000222-C02,meaning,重要語義2,古語「さま」の意味は何か。,方法,方法｜手段,物事を行うやり方。,なし,なし,なし,なし,なし,なし,標準古語辞典・検定済み教科書（複数資料照合）,なし,なし
古文単語_単語Deck1_最重要古文単語_300,CJ-000222,222,単語Deck1_最重要古文単語,語彙,重要名詞,さま,さま,様,名詞,品詞=名詞,CJ-000222-C03,meaning,重要語義3,古語「さま」の意味は何か。,身分,身分｜立場,人の社会的な地位や立場。,なし,なし,なし,なし,なし,なし,標準古語辞典・検定済み教科書（複数資料照合）,なし,なし
古文単語_単語Deck1_最重要古文単語_300,CJ-000223,223,単語Deck1_最重要古文単語,語彙,重要名詞,たより,たより,頼り｜便り,名詞,品詞=名詞,CJ-000223-C01,meaning,重要語義1,古語「たより」の意味は何か。,頼み,頼み｜よりどころ,助けや支えとして頼るもの。,なし,なし,なし,なし,なし,なし,標準古語辞典・検定済み教科書（複数資料照合）,なし,なし
古文単語_単語Deck1_最重要古文単語_300,CJ-000223,223,単語Deck1_最重要古文単語,語彙,重要名詞,たより,たより,頼り｜便り,名詞,品詞=名詞,CJ-000223-C02,meaning,重要語義2,古語「たより」の意味は何か。,機会,機会｜ついで,何かをするのに都合のよい折。,なし,なし,なし,なし,なし,なし,標準古語辞典・検定済み教科書（複数資料照合）,なし,なし
古文単語_単語Deck1_最重要古文単語_300,CJ-000223,223,単語Deck1_最重要古文単語,語彙,重要名詞,たより,たより,頼り｜便り,名詞,品詞=名詞,CJ-000223-C03,meaning,重要語義3,古語「たより」の意味は何か。,便利,便利｜都合がよいこと,物事を行うのに都合がよいこと。,なし,なし,なし,なし,なし,なし,標準古語辞典・検定済み教科書（複数資料照合）,なし,なし
古文単語_単語Deck1_最重要古文単語_300,CJ-000224,224,単語Deck1_最重要古文単語,語彙,重要名詞,なさけ,なさけ,情け,名詞,品詞=名詞,CJ-000224-C01,meaning,重要語義1,古語「なさけ」の意味は何か。,思いやり,思いやり｜人情,他人をいたわる気持ち。,なし,なし,なし,なし,なし,なし,標準古語辞典・検定済み教科書（複数資料照合）,なし,なし
古文単語_単語Deck1_最重要古文単語_300,CJ-000224,224,単語Deck1_最重要古文単語,語彙,重要名詞,なさけ,なさけ,情け,名詞,品詞=名詞,CJ-000224-C02,meaning,重要語義2,古語「なさけ」の意味は何か。,風流心,風流心｜情趣を解する心,美や情趣を理解する心。,なし,なし,なし,なし,なし,なし,標準古語辞典・検定済み教科書（複数資料照合）,なし,情趣=じょうしゅ
古文単語_単語Deck1_最重要古文単語_300,CJ-000224,224,単語Deck1_最重要古文単語,語彙,重要名詞,なさけ,なさけ,情け,名詞,品詞=名詞,CJ-000224-C03,meaning,重要語義3,古語「なさけ」の意味は何か。,男女の愛情,男女の愛情｜恋情,男女の間の恋愛感情。,なし,なし,なし,なし,なし,なし,標準古語辞典・検定済み教科書（複数資料照合）,なし,恋情=れんじょう
古文単語_単語Deck1_最重要古文単語_300,CJ-000225,225,単語Deck1_最重要古文単語,語彙,重要名詞,なごり,なごり,名残,名詞,品詞=名詞,CJ-000225-C01,meaning,重要語義1,古語「なごり」の意味は何か。,あとに残るもの,あとに残るもの｜余韻,物事が過ぎた後にも残る影響や気配。,なし,なし,なし,なし,なし,なし,標準古語辞典・検定済み教科書（複数資料照合）,なし,余韻=よいん
古文単語_単語Deck1_最重要古文単語_300,CJ-000225,225,単語Deck1_最重要古文単語,語彙,重要名詞,なごり,なごり,名残,名詞,品詞=名詞,CJ-000225-C02,meaning,重要語義2,古語「なごり」の意味は何か。,別れ,別れ｜別れを惜しむ気持ち,去る人や時との別れ。,なし,なし,なし,なし,なし,なし,標準古語辞典・検定済み教科書（複数資料照合）,なし,なし
古文単語_単語Deck1_最重要古文単語_300,CJ-000226,226,単語Deck1_最重要古文単語,語彙,重要名詞,とが,とが,咎,名詞,品詞=名詞,CJ-000226-C01,meaning,重要語義1,古語「とが」の意味は何か。,罪,罪｜過ち,責められるべき行為。,なし,なし,なし,なし,なし,なし,標準古語辞典・検定済み教科書（複数資料照合）,なし,なし
古文単語_単語Deck1_最重要古文単語_300,CJ-000226,226,単語Deck1_最重要古文単語,語彙,重要名詞,とが,とが,咎,名詞,品詞=名詞,CJ-000226-C02,meaning,重要語義2,古語「とが」の意味は何か。,欠点,欠点｜非難すべき点,人や物事のよくない点。,なし,なし,なし,なし,なし,なし,標準古語辞典・検定済み教科書（複数資料照合）,なし,なし
古文単語_単語Deck1_最重要古文単語_300,CJ-000227,227,単語Deck1_最重要古文単語,語彙,重要名詞,としごろ,としごろ,年頃,名詞,品詞=名詞,CJ-000227-C01,meaning,重要語義1,古語「としごろ」の意味は何か。,長年,長年｜数年来,何年もの長い間。,なし,なし,なし,なし,なし,なし,標準古語辞典・検定済み教科書（複数資料照合）,なし,なし
古文単語_単語Deck1_最重要古文単語_300,CJ-000228,228,単語Deck1_最重要古文単語,語彙,重要名詞,ひま,ひま,隙,名詞,品詞=名詞,CJ-000228-C01,meaning,重要語義1,古語「ひま」の意味は何か。,すき間,すき間｜合間,物と物、時と時の間。,なし,なし,なし,なし,なし,なし,標準古語辞典・検定済み教科書（複数資料照合）,なし,なし
古文単語_単語Deck1_最重要古文単語_300,CJ-000228,228,単語Deck1_最重要古文単語,語彙,重要名詞,ひま,ひま,隙,名詞,品詞=名詞,CJ-000228-C02,meaning,重要語義2,古語「ひま」の意味は何か。,機会,機会｜すき,何かを行える都合のよい時。,なし,なし,なし,なし,なし,なし,標準古語辞典・検定済み教科書（複数資料照合）,なし,なし
古文単語_単語Deck1_最重要古文単語_300,CJ-000228,228,単語Deck1_最重要古文単語,語彙,重要名詞,ひま,ひま,隙,名詞,品詞=名詞,CJ-000228-C03,meaning,重要語義3,古語「ひま」の意味は何か。,仲たがい,仲たがい｜関係の切れ目,人間関係に生じた隔たり。,なし,なし,なし,なし,なし,なし,標準古語辞典・検定済み教科書（複数資料照合）,なし,なし
古文単語_単語Deck1_最重要古文単語_300,CJ-000229,229,単語Deck1_最重要古文単語,語彙,重要名詞,すべ,すべ,術,名詞,品詞=名詞,CJ-000229-C01,meaning,重要語義1,古語「すべ」の意味は何か。,方法,方法｜手段,目的を実現するためのやり方。,なし,なし,なし,なし,なし,なし,標準古語辞典・検定済み教科書（複数資料照合）,なし,なし
古文単語_単語Deck1_最重要古文単語_300,CJ-000230,230,単語Deck1_最重要古文単語,語彙,重要名詞,こころ,こころ,心,名詞,品詞=名詞,CJ-000230-C01,meaning,重要語義1,古語「こころ」の意味は何か。,気持ち,気持ち｜感情,人の内面に生じる思い。,なし,なし,なし,なし,なし,なし,標準古語辞典・検定済み教科書（複数資料照合）,なし,なし
古文単語_単語Deck1_最重要古文単語_300,CJ-000230,230,単語Deck1_最重要古文単語,語彙,重要名詞,こころ,こころ,心,名詞,品詞=名詞,CJ-000230-C02,meaning,重要語義2,古語「こころ」の意味は何か。,意図,意図｜考え,何かをしようとする考え。,なし,なし,なし,なし,なし,なし,標準古語辞典・検定済み教科書（複数資料照合）,なし,なし
古文単語_単語Deck1_最重要古文単語_300,CJ-000230,230,単語Deck1_最重要古文単語,語彙,重要名詞,こころ,こころ,心,名詞,品詞=名詞,CJ-000230-C03,meaning,重要語義3,古語「こころ」の意味は何か。,意味,意味｜趣旨,言葉や行動に込められた内容。,なし,なし,なし,なし,なし,なし,標準古語辞典・検定済み教科書（複数資料照合）,なし,趣旨=しゅし
古文単語_単語Deck1_最重要古文単語_300,CJ-000231,231,単語Deck1_最重要古文単語,語彙,重要代名詞,おのれ,おのれ,己,代名詞,品詞=代名詞,CJ-000231-C01,meaning,重要語義1,古語「おのれ」の意味は何か。,自分,自分｜自分自身,話し手自身を指す。,なし,なし,なし,なし,なし,なし,標準古語辞典・検定済み教科書（複数資料照合）,なし,なし
古文単語_単語Deck1_最重要古文単語_300,CJ-000231,231,単語Deck1_最重要古文単語,語彙,重要代名詞,おのれ,おのれ,己,代名詞,品詞=代名詞,CJ-000231-C02,meaning,重要語義2,古語「おのれ」の意味は何か。,おまえ,おまえ｜あなた,相手を指す。ぞんざいな響きを持つことがある。,なし,なし,なし,なし,なし,なし,標準古語辞典・検定済み教科書（複数資料照合）,なし,なし
古文単語_単語Deck1_最重要古文単語_300,CJ-000232,232,単語Deck1_最重要古文単語,語彙,重要名詞,かた,かた,方,名詞,品詞=名詞,CJ-000232-C01,meaning,重要語義1,古語「かた」の意味は何か。,人,人｜お方,人物を敬意を込めて、または婉曲に指す。,なし,なし,なし,なし,なし,なし,標準古語辞典・検定済み教科書（複数資料照合）,なし,なし
古文単語_単語Deck1_最重要古文単語_300,CJ-000232,232,単語Deck1_最重要古文単語,語彙,重要名詞,かた,かた,方,名詞,品詞=名詞,CJ-000232-C02,meaning,重要語義2,古語「かた」の意味は何か。,方向,方向｜方角,ある場所へ向かう向き。,なし,なし,なし,なし,なし,なし,標準古語辞典・検定済み教科書（複数資料照合）,なし,なし
古文単語_単語Deck1_最重要古文単語_300,CJ-000232,232,単語Deck1_最重要古文単語,語彙,重要名詞,かた,かた,方,名詞,品詞=名詞,CJ-000232-C03,meaning,重要語義3,古語「かた」の意味は何か。,方法,方法｜手段,物事を行うやり方。,なし,なし,なし,なし,なし,なし,標準古語辞典・検定済み教科書（複数資料照合）,なし,なし
古文単語_単語Deck1_最重要古文単語_300,CJ-000233,233,単語Deck1_最重要古文単語,語彙,重要名詞,かたみ,かたみ,形見,名詞,品詞=名詞,CJ-000233-C01,meaning,重要語義1,古語「かたみ」の意味は何か。,形見,形見｜遺品,亡くなった人や別れた人を思い出す品。,なし,なし,なし,なし,なし,なし,標準古語辞典・検定済み教科書（複数資料照合）,なし,なし
古文単語_単語Deck1_最重要古文単語_300,CJ-000233,233,単語Deck1_最重要古文単語,語彙,重要名詞,かたみ,かたみ,形見,名詞,品詞=名詞,CJ-000233-C02,meaning,重要語義2,古語「かたみ」の意味は何か。,記念,記念｜思い出のしるし,後まで残して思い出すためのもの。,なし,なし,なし,なし,なし,なし,標準古語辞典・検定済み教科書（複数資料照合）,なし,なし
古文単語_単語Deck1_最重要古文単語_300,CJ-000234,234,単語Deck1_最重要古文単語,語彙,重要名詞,しるべ,しるべ,導,名詞,品詞=名詞,CJ-000234-C01,meaning,重要語義1,古語「しるべ」の意味は何か。,案内,案内｜道案内,道や場所を教え導くこと、またはその人。,なし,なし,なし,なし,なし,なし,標準古語辞典・検定済み教科書（複数資料照合）,なし,なし
古文単語_単語Deck1_最重要古文単語_300,CJ-000234,234,単語Deck1_最重要古文単語,語彙,重要名詞,しるべ,しるべ,導,名詞,品詞=名詞,CJ-000234-C02,meaning,重要語義2,古語「しるべ」の意味は何か。,知り合い,知り合い｜縁故,頼りにできる知人やつて。,なし,なし,なし,なし,なし,なし,標準古語辞典・検定済み教科書（複数資料照合）,なし,縁故=えんこ
古文単語_単語Deck1_最重要古文単語_300,CJ-000235,235,単語Deck1_最重要古文単語,語彙,重要名詞,せうそこ,しょうそこ,消息,名詞,品詞=名詞,CJ-000235-C01,meaning,重要語義1,古語「せうそこ」の意味は何か。,手紙,手紙｜便り｜知らせ,人に近況や用件を伝える文や消息。,なし,なし,なし,なし,なし,なし,標準古語辞典・検定済み教科書（複数資料照合）,なし,なし
古文単語_単語Deck1_最重要古文単語_300,CJ-000236,236,単語Deck1_最重要古文単語,語彙,重要名詞,よすが,よすが,縁｜因,名詞,品詞=名詞,CJ-000236-C01,meaning,重要語義1,古語「よすが」の意味は何か。,頼り,頼り｜よりどころ,身を寄せ、頼みとするもの。,なし,なし,なし,なし,なし,なし,標準古語辞典・検定済み教科書（複数資料照合）,なし,なし
古文単語_単語Deck1_最重要古文単語_300,CJ-000236,236,単語Deck1_最重要古文単語,語彙,重要名詞,よすが,よすが,縁｜因,名詞,品詞=名詞,CJ-000236-C02,meaning,重要語義2,古語「よすが」の意味は何か。,縁,縁｜ゆかり,人や物事を結びつける関係。,なし,なし,なし,なし,なし,なし,標準古語辞典・検定済み教科書（複数資料照合）,なし,なし
古文単語_単語Deck1_最重要古文単語_300,CJ-000237,237,単語Deck1_最重要古文単語,語彙,重要名詞,ひがごと,ひがごと,僻事,名詞,品詞=名詞,CJ-000237-C01,meaning,重要語義1,古語「ひがごと」の意味は何か。,間違い,間違い｜誤り,事実や道理に合わないこと。,なし,なし,なし,なし,なし,なし,標準古語辞典・検定済み教科書（複数資料照合）,なし,なし
古文単語_単語Deck1_最重要古文単語_300,CJ-000237,237,単語Deck1_最重要古文単語,語彙,重要名詞,ひがごと,ひがごと,僻事,名詞,品詞=名詞,CJ-000237-C02,meaning,重要語義2,古語「ひがごと」の意味は何か。,道理に外れたこと,道理に外れたこと｜不当なこと,正しい筋道から外れた行為や考え。,なし,なし,なし,なし,なし,なし,標準古語辞典・検定済み教科書（複数資料照合）,なし,なし
古文単語_単語Deck1_最重要古文単語_300,CJ-000238,238,単語Deck1_最重要古文単語,語彙,重要名詞,ふるさと,ふるさと,古里｜故郷,名詞,品詞=名詞,CJ-000238-C01,meaning,重要語義1,古語「ふるさと」の意味は何か。,昔住んだ土地,昔住んだ土地｜故郷,以前暮らした、なじみのある土地。,なし,なし,なし,なし,なし,なし,標準古語辞典・検定済み教科書（複数資料照合）,なし,なし
古文単語_単語Deck1_最重要古文単語_300,CJ-000238,238,単語Deck1_最重要古文単語,語彙,重要名詞,ふるさと,ふるさと,古里｜故郷,名詞,品詞=名詞,CJ-000238-C02,meaning,重要語義2,古語「ふるさと」の意味は何か。,古都,古都｜昔の都,かつて都であった場所。,なし,なし,なし,なし,なし,なし,標準古語辞典・検定済み教科書（複数資料照合）,なし,なし
古文単語_単語Deck1_最重要古文単語_300,CJ-000239,239,単語Deck1_最重要古文単語,語彙,重要名詞,わざ,わざ,業,名詞,品詞=名詞,CJ-000239-C01,meaning,重要語義1,古語「わざ」の意味は何か。,行為,行為｜しわざ,人が行うこと。,なし,なし,なし,なし,なし,なし,標準古語辞典・検定済み教科書（複数資料照合）,なし,なし
古文単語_単語Deck1_最重要古文単語_300,CJ-000239,239,単語Deck1_最重要古文単語,語彙,重要名詞,わざ,わざ,業,名詞,品詞=名詞,CJ-000239-C02,meaning,重要語義2,古語「わざ」の意味は何か。,法事,法事｜仏事,死者のために行う仏教上の儀式。,なし,なし,なし,なし,なし,なし,標準古語辞典・検定済み教科書（複数資料照合）,なし,法事=ほうじ｜仏事=ぶつじ
古文単語_単語Deck1_最重要古文単語_300,CJ-000240,240,単語Deck1_最重要古文単語,語彙,重要名詞,まらうど,まろうど,客人,名詞,品詞=名詞,CJ-000240-C01,meaning,重要語義1,古語「まらうど」の意味は何か。,客,客｜訪問客,よそから訪ねて来た人。,なし,なし,なし,なし,なし,なし,標準古語辞典・検定済み教科書（複数資料照合）,なし,なし
古文単語_単語Deck1_最重要古文単語_300,CJ-000241,241,単語Deck1_最重要古文単語,語彙,重要代名詞,かしこ,かしこ,彼処,代名詞・感動詞,品詞=代名詞・感動詞,CJ-000241-C01,meaning,重要語義1,古語「かしこ」の意味は何か。,あそこ,あそこ｜そこ,話し手・聞き手から離れた場所を指す。,なし,なし,なし,なし,なし,なし,標準古語辞典・検定済み教科書（複数資料照合）,なし,なし
古文単語_単語Deck1_最重要古文単語_300,CJ-000241,241,単語Deck1_最重要古文単語,語彙,重要代名詞,かしこ,かしこ,彼処,代名詞・感動詞,品詞=代名詞・感動詞,CJ-000241-C02,meaning,重要語義2,古語「かしこ」の意味は何か。,手紙の末尾の語,手紙の末尾の語｜かしこ,女性の手紙などで、結びに用いる挨拶語。,なし,なし,なし,なし,なし,なし,標準古語辞典・検定済み教科書（複数資料照合）,なし,なし
古文単語_単語Deck1_最重要古文単語_300,CJ-000242,242,単語Deck1_最重要古文単語,語彙,重要副詞,あへて,あえて,敢へて,副詞,品詞=副詞,CJ-000242-C01,meaning,重要語義1,古語「あへて」の意味は何か。,まったく,まったく｜少しも,打消を伴って、全面的な否定を強める。,なし,なし,なし,なし,なし,なし,標準古語辞典・検定済み教科書（複数資料照合）,なし,なし
古文単語_単語Deck1_最重要古文単語_300,CJ-000242,242,単語Deck1_最重要古文単語,語彙,重要副詞,あへて,あえて,敢へて,副詞,品詞=副詞,CJ-000242-C02,meaning,重要語義2,古語「あへて」の意味は何か。,無理に,無理に｜しいて,困難を押して、あえて行う。,なし,なし,なし,なし,なし,なし,標準古語辞典・検定済み教科書（複数資料照合）,なし,なし
古文単語_単語Deck1_最重要古文単語_300,CJ-000243,243,単語Deck1_最重要古文単語,語彙,重要副詞,うたて,うたて,なし,副詞,品詞=副詞,CJ-000243-C01,meaning,重要語義1,古語「うたて」の意味は何か。,いやに,いやに｜不快に,好ましくない感じを強く表す。,なし,なし,なし,なし,なし,なし,標準古語辞典・検定済み教科書（複数資料照合）,なし,なし
古文単語_単語Deck1_最重要古文単語_300,CJ-000243,243,単語Deck1_最重要古文単語,語彙,重要副詞,うたて,うたて,なし,副詞,品詞=副詞,CJ-000243-C02,meaning,重要語義2,古語「うたて」の意味は何か。,ますます,ますます｜いっそう,状態がさらに進むことを表す。,なし,なし,なし,なし,なし,なし,標準古語辞典・検定済み教科書（複数資料照合）,なし,なし
古文単語_単語Deck1_最重要古文単語_300,CJ-000244,244,単語Deck1_最重要古文単語,語彙,重要副詞,かつ,かつ,なし,副詞,品詞=副詞,CJ-000244-C01,meaning,重要語義1,古語「かつ」の意味は何か。,一方では,一方では｜同時に,二つの事柄が並行していることを表す。,なし,なし,なし,なし,なし,なし,標準古語辞典・検定済み教科書（複数資料照合）,なし,なし
古文単語_単語Deck1_最重要古文単語_300,CJ-000244,244,単語Deck1_最重要古文単語,語彙,重要副詞,かつ,かつ,なし,副詞,品詞=副詞,CJ-000244-C02,meaning,重要語義2,古語「かつ」の意味は何か。,すぐに,すぐに｜そのそばから,ある動作に続いて直ちに起こる。,なし,なし,なし,なし,なし,なし,標準古語辞典・検定済み教科書（複数資料照合）,なし,なし
古文単語_単語Deck1_最重要古文単語_300,CJ-000245,245,単語Deck1_最重要古文単語,語彙,重要副詞,かねて,かねて,予て,副詞,品詞=副詞,CJ-000245-C01,meaning,重要語義1,古語「かねて」の意味は何か。,前もって,前もって｜以前から,ある時より前に準備・認識していることを表す。,なし,なし,なし,なし,なし,なし,標準古語辞典・検定済み教科書（複数資料照合）,なし,なし
古文単語_単語Deck1_最重要古文単語_300,CJ-000246,246,単語Deck1_最重要古文単語,語彙,重要副詞,かへりて,かえりて,却りて,副詞,品詞=副詞,CJ-000246-C01,meaning,重要語義1,古語「かへりて」の意味は何か。,かえって,かえって｜反対に,予想や通常とは反対の結果になることを表す。,なし,なし,なし,なし,なし,なし,標準古語辞典・検定済み教科書（複数資料照合）,なし,なし
古文単語_単語Deck1_最重要古文単語_300,CJ-000247,247,単語Deck1_最重要古文単語,語彙,重要副詞,こよなく,こよなく,なし,副詞,品詞=副詞,CJ-000247-C01,meaning,重要語義1,古語「こよなく」の意味は何か。,この上なく,この上なく｜格段に｜非常に,他と比べて程度が際立っている。,なし,なし,なし,こよなし,「こよなく」は副詞、「こよなし」は形容詞。,なし,標準古語辞典・検定済み教科書（複数資料照合）,なし,なし
古文単語_単語Deck1_最重要古文単語_300,CJ-000248,248,単語Deck1_最重要古文単語,語彙,重要副詞,さしも,さしも,なし,副詞,品詞=副詞,CJ-000248-C01,meaning,重要語義1,古語「さしも」の意味は何か。,あれほど,あれほど｜それほど,前に示した程度の大きさを指す。,なし,なし,なし,なし,なし,なし,標準古語辞典・検定済み教科書（複数資料照合）,なし,なし
古文単語_単語Deck1_最重要古文単語_300,CJ-000249,249,単語Deck1_最重要古文単語,語彙,重要副詞,とかく,とかく,なし,副詞,品詞=副詞,CJ-000249-C01,meaning,重要語義1,古語「とかく」の意味は何か。,あれこれ,あれこれ｜いろいろ,さまざまなことを取り上げる。,なし,なし,なし,なし,なし,なし,標準古語辞典・検定済み教科書（複数資料照合）,なし,なし
古文単語_単語Deck1_最重要古文単語_300,CJ-000249,249,単語Deck1_最重要古文単語,語彙,重要副詞,とかく,とかく,なし,副詞,品詞=副詞,CJ-000249-C02,meaning,重要語義2,古語「とかく」の意味は何か。,何かにつけて,何かにつけて｜ともすれば,多くの機会に同じ傾向が現れる。,なし,なし,なし,なし,なし,なし,標準古語辞典・検定済み教科書（複数資料照合）,なし,なし
古文単語_単語Deck1_最重要古文単語_300,CJ-000250,250,単語Deck1_最重要古文単語,語彙,重要副詞,なでふ,なんじょう,なんでふ,副詞・連体詞,品詞=副詞・連体詞,CJ-000250-C01,meaning,重要語義1,古語「なでふ」の意味は何か。,どうして,どうして｜なぜ,疑問・反語で理由を問う。,なし,なし,なし,なし,なし,なし,標準古語辞典・検定済み教科書（複数資料照合）,なし,なし
古文単語_単語Deck1_最重要古文単語_300,CJ-000250,250,単語Deck1_最重要古文単語,語彙,重要副詞,なでふ,なんじょう,なんでふ,副詞・連体詞,品詞=副詞・連体詞,CJ-000250-C02,meaning,重要語義2,古語「なでふ」の意味は何か。,どんな,どんな｜何という,後ろの名詞の性質を問いかける。,なし,なし,なし,なし,なし,なし,標準古語辞典・検定済み教科書（複数資料照合）,なし,なし
古文単語_単語Deck1_最重要古文単語_300,CJ-000251,251,単語Deck1_最重要古文単語,語彙,重要副詞,なまじひに,なまじいに,憖ひに,副詞,品詞=副詞,CJ-000251-C01,meaning,重要語義1,古語「なまじひに」の意味は何か。,無理に,無理に｜しいて,十分でないのに、あえて行う。,なし,なし,なし,なし,なし,なし,標準古語辞典・検定済み教科書（複数資料照合）,なし,なし
古文単語_単語Deck1_最重要古文単語_300,CJ-000251,251,単語Deck1_最重要古文単語,語彙,重要副詞,なまじひに,なまじいに,憖ひに,副詞,品詞=副詞,CJ-000251-C02,meaning,重要語義2,古語「なまじひに」の意味は何か。,中途半端に,中途半端に｜なまじ,不十分な状態でかえって悪い結果を招く。,なし,なし,なし,なし,なし,なし,標準古語辞典・検定済み教科書（複数資料照合）,なし,なし
古文単語_単語Deck1_最重要古文単語_300,CJ-000252,252,単語Deck1_最重要古文単語,語彙,重要副詞,ひたぶるに,ひたぶるに,なし,副詞,品詞=副詞,CJ-000252-C01,meaning,重要語義1,古語「ひたぶるに」の意味は何か。,ひたすら,ひたすら｜一途に,他を顧みず、一つのことだけに向かう。,なし,なし,なし,なし,なし,なし,標準古語辞典・検定済み教科書（複数資料照合）,なし,なし
古文単語_単語Deck1_最重要古文単語_300,CJ-000253,253,単語Deck1_最重要古文単語,語彙,重要副詞,をさをさ,おさおさ,なし,副詞,品詞=副詞,CJ-000253-C01,meaning,重要語義1,古語「をさをさ」の意味は何か。,ほとんど,ほとんど｜めったに,多くは打消を伴い、「ほとんど〜ない」を表す。,なし,なし,なし,なし,なし,なし,標準古語辞典・検定済み教科書（複数資料照合）,なし,なし
古文単語_単語Deck1_最重要古文単語_300,CJ-000254,254,単語Deck1_最重要古文単語,語彙,重要副詞,もとより,もとより,元より｜固より,副詞,品詞=副詞,CJ-000254-C01,meaning,重要語義1,古語「もとより」の意味は何か。,初めから,初めから｜以前から,物事の最初の時点からそうであること。,なし,なし,なし,なし,なし,なし,標準古語辞典・検定済み教科書（複数資料照合）,なし,なし
古文単語_単語Deck1_最重要古文単語_300,CJ-000254,254,単語Deck1_最重要古文単語,語彙,重要副詞,もとより,もとより,元より｜固より,副詞,品詞=副詞,CJ-000254-C02,meaning,重要語義2,古語「もとより」の意味は何か。,もちろん,もちろん｜言うまでもなく,当然であることを強く示す。,なし,なし,なし,なし,なし,なし,標準古語辞典・検定済み教科書（複数資料照合）,なし,なし
古文単語_単語Deck1_最重要古文単語_300,CJ-000255,255,単語Deck1_最重要古文単語,語彙,重要副詞,しひて,しいて,強ひて,副詞,品詞=副詞,CJ-000255-C01,meaning,重要語義1,古語「しひて」の意味は何か。,無理に,無理に｜強引に,相手や状況に逆らって押し進める。,なし,なし,なし,なし,なし,なし,標準古語辞典・検定済み教科書（複数資料照合）,なし,なし
古文単語_単語Deck1_最重要古文単語_300,CJ-000256,256,単語Deck1_最重要古文単語,語彙,重要副詞,ここら,ここら,なし,副詞,品詞=副詞,CJ-000256-C01,meaning,重要語義1,古語「ここら」の意味は何か。,たくさん,たくさん｜多く,数量が多いことを表す。,なし,なし,なし,なし,なし,なし,標準古語辞典・検定済み教科書（複数資料照合）,なし,なし
古文単語_単語Deck1_最重要古文単語_300,CJ-000256,256,単語Deck1_最重要古文単語,語彙,重要副詞,ここら,ここら,なし,副詞,品詞=副詞,CJ-000256-C02,meaning,重要語義2,古語「ここら」の意味は何か。,たいそう,たいそう｜非常に,程度が大きいことを表す。,なし,なし,なし,なし,なし,なし,標準古語辞典・検定済み教科書（複数資料照合）,なし,なし
古文単語_単語Deck1_最重要古文単語_300,CJ-000257,257,単語Deck1_最重要古文単語,語彙,重要形容詞,あいなし,あいなし,なし,形容詞,品詞=形容詞,CJ-000257-C01,meaning,重要語義1,古語「あいなし」の意味は何か。,おもしろくない,おもしろくない｜つまらない,筋が通らず、取り合う価値がない。,なし,なし,なし,なし,なし,なし,標準古語辞典・検定済み教科書（複数資料照合）,なし,なし
古文単語_単語Deck1_最重要古文単語_300,CJ-000257,257,単語Deck1_最重要古文単語,語彙,重要形容詞,あいなし,あいなし,なし,形容詞,品詞=形容詞,CJ-000257-C02,meaning,重要語義2,古語「あいなし」の意味は何か。,むやみだ,むやみだ｜わけもない,これといった理由がなく、不必要である。,なし,なし,なし,なし,なし,なし,標準古語辞典・検定済み教科書（複数資料照合）,なし,なし
古文単語_単語Deck1_最重要古文単語_300,CJ-000258,258,単語Deck1_最重要古文単語,語彙,重要形容詞,あえなし,あえなし,なし,形容詞,品詞=形容詞,CJ-000258-C01,meaning,重要語義1,古語「あえなし」の意味は何か。,あっけない,あっけない｜張り合いがない,期待に反して簡単に終わり、満足感がない。,なし,なし,なし,なし,なし,なし,標準古語辞典・検定済み教科書（複数資料照合）,なし,なし
古文単語_単語Deck1_最重要古文単語_300,CJ-000259,259,単語Deck1_最重要古文単語,語彙,重要形容動詞,あながちなり,あながちなり,なし,形容動詞,品詞=形容動詞,CJ-000259-C01,meaning,重要語義1,古語「あながちなり」の意味は何か。,無理やりだ,無理やりだ｜強引だ,相手や事情を顧みず、押し通す。,なし,なし,なし,なし,なし,なし,標準古語辞典・検定済み教科書（複数資料照合）,なし,なし
古文単語_単語Deck1_最重要古文単語_300,CJ-000259,259,単語Deck1_最重要古文単語,語彙,重要形容動詞,あながちなり,あながちなり,なし,形容動詞,品詞=形容動詞,CJ-000259-C02,meaning,重要語義2,古語「あながちなり」の意味は何か。,ひたすらだ,ひたすらだ｜一途だ,他を顧みず、一つのことに集中する。,なし,なし,なし,なし,なし,なし,標準古語辞典・検定済み教科書（複数資料照合）,なし,なし
古文単語_単語Deck1_最重要古文単語_300,CJ-000260,260,単語Deck1_最重要古文単語,語彙,重要形容動詞,いたづらなり,いたずらなり,いたずらなり,形容動詞,品詞=形容動詞,CJ-000260-C01,meaning,重要語義1,古語「いたづらなり」の意味は何か。,むだだ,むだだ｜役に立たない,成果がなく、むなしい。,なし,なし,なし,なし,なし,なし,標準古語辞典・検定済み教科書（複数資料照合）,なし,なし
古文単語_単語Deck1_最重要古文単語_300,CJ-000260,260,単語Deck1_最重要古文単語,語彙,重要形容動詞,いたづらなり,いたずらなり,いたずらなり,形容動詞,品詞=形容動詞,CJ-000260-C02,meaning,重要語義2,古語「いたづらなり」の意味は何か。,むなしい,むなしい｜はかない,実質がなく、何も残らない。,なし,なし,なし,なし,なし,なし,標準古語辞典・検定済み教科書（複数資料照合）,なし,なし
古文単語_単語Deck1_最重要古文単語_300,CJ-000261,261,単語Deck1_最重要古文単語,語彙,重要形容詞,いぎたなし,いぎたなし,なし,形容詞,品詞=形容詞,CJ-000261-C01,meaning,重要語義1,古語「いぎたなし」の意味は何か。,寝坊だ,寝坊だ｜眠り込んでいる,眠りが深く、なかなか起きない。,なし,なし,なし,なし,なし,なし,標準古語辞典・検定済み教科書（複数資料照合）,なし,なし
古文単語_単語Deck1_最重要古文単語_300,CJ-000261,261,単語Deck1_最重要古文単語,語彙,重要形容詞,いぎたなし,いぎたなし,なし,形容詞,品詞=形容詞,CJ-000261-C02,meaning,重要語義2,古語「いぎたなし」の意味は何か。,寝相が悪い,寝相が悪い｜みっともなく寝ている,見苦しい姿で眠っている。,なし,なし,なし,なし,なし,なし,標準古語辞典・検定済み教科書（複数資料照合）,なし,なし
古文単語_単語Deck1_最重要古文単語_300,CJ-000262,262,単語Deck1_最重要古文単語,語彙,重要形容動詞,えんなり,えんなり,なし,形容動詞,品詞=形容動詞,CJ-000262-C01,meaning,重要語義1,古語「えんなり」の意味は何か。,優美だ,優美だ｜あでやかだ,洗練され、華やかな美しさがある。,なし,なし,なし,なし,なし,なし,標準古語辞典・検定済み教科書（複数資料照合）,なし,なし
古文単語_単語Deck1_最重要古文単語_300,CJ-000263,263,単語Deck1_最重要古文単語,語彙,重要形容詞,おほけなし,おおけなし,おおけなし,形容詞,品詞=形容詞,CJ-000263-C01,meaning,重要語義1,古語「おほけなし」の意味は何か。,身の程知らずだ,身の程知らずだ｜恐れ多い,自分の身分・力量を越えて、大それた望みや行動をする。,なし,なし,なし,なし,なし,なし,標準古語辞典・検定済み教科書（複数資料照合）,なし,なし
古文単語_単語Deck1_最重要古文単語_300,CJ-000264,264,単語Deck1_最重要古文単語,語彙,重要形容動詞,きよらなり,きよらなり,なし,形容動詞,品詞=形容動詞,CJ-000264-C01,meaning,重要語義1,古語「きよらなり」の意味は何か。,美しい,美しい｜清らかで上品だ,並外れて清らかで、輝くように美しい。,なし,なし,なし,きよげなり,「きよらなり」は最上級の美、「きよげなり」は見た目がさっぱり美しい。,なし,標準古語辞典・検定済み教科書（複数資料照合）,なし,なし
古文単語_単語Deck1_最重要古文単語_300,CJ-000265,265,単語Deck1_最重要古文単語,語彙,重要形容動詞,けうなり,きょうなり,きょうなり,形容動詞,品詞=形容動詞,CJ-000265-C01,meaning,重要語義1,古語「けうなり」の意味は何か。,珍しい,珍しい｜まれだ,普通には起こらない。,なし,なし,なし,なし,なし,なし,標準古語辞典・検定済み教科書（複数資料照合）,なし,なし
古文単語_単語Deck1_最重要古文単語_300,CJ-000265,265,単語Deck1_最重要古文単語,語彙,重要形容動詞,けうなり,きょうなり,きょうなり,形容動詞,品詞=形容動詞,CJ-000265-C02,meaning,重要語義2,古語「けうなり」の意味は何か。,意外だ,意外だ｜思いがけない,予想と異なる。,なし,なし,なし,なし,なし,なし,標準古語辞典・検定済み教科書（複数資料照合）,なし,なし
古文単語_単語Deck1_最重要古文単語_300,CJ-000266,266,単語Deck1_最重要古文単語,語彙,重要形容詞,こころぐるし,こころぐるし,なし,形容詞,品詞=形容詞,CJ-000266-C01,meaning,重要語義1,古語「こころぐるし」の意味は何か。,気の毒だ,気の毒だ｜見ていてつらい,相手の苦しさを思い、こちらも心が苦しくなる。,なし,なし,なし,なし,なし,なし,標準古語辞典・検定済み教科書（複数資料照合）,なし,なし
古文単語_単語Deck1_最重要古文単語_300,CJ-000266,266,単語Deck1_最重要古文単語,語彙,重要形容詞,こころぐるし,こころぐるし,なし,形容詞,品詞=形容詞,CJ-000266-C02,meaning,重要語義2,古語「こころぐるし」の意味は何か。,心配だ,心配だ｜気がかりだ,相手や物事の先行きを案じる。,なし,なし,なし,なし,なし,なし,標準古語辞典・検定済み教科書（複数資料照合）,なし,なし
古文単語_単語Deck1_最重要古文単語_300,CJ-000267,267,単語Deck1_最重要古文単語,語彙,重要形容動詞,さすがなり,さすがなり,なし,形容動詞,品詞=形容動詞,CJ-000267-C01,meaning,重要語義1,古語「さすがなり」の意味は何か。,そうはいうものの,そうはいうものの｜やはり,一方の事情を認めながら、それだけでは割り切れない気持ちを表す。,なし,なし,なし,なし,なし,なし,標準古語辞典・検定済み教科書（複数資料照合）,なし,なし
古文単語_単語Deck1_最重要古文単語_300,CJ-000268,268,単語Deck1_最重要古文単語,語彙,重要形容詞,すごし,すごし,なし,形容詞,品詞=形容詞,CJ-000268-C01,meaning,重要語義1,古語「すごし」の意味は何か。,もの寂しい,もの寂しい｜ぞっとするほど寂しい,荒涼として、寒々しい感じを与える。,なし,なし,なし,なし,なし,なし,標準古語辞典・検定済み教科書（複数資料照合）,なし,なし
古文単語_単語Deck1_最重要古文単語_300,CJ-000268,268,単語Deck1_最重要古文単語,語彙,重要形容詞,すごし,すごし,なし,形容詞,品詞=形容詞,CJ-000268-C02,meaning,重要語義2,古語「すごし」の意味は何か。,恐ろしい,恐ろしい｜気味が悪い,ぞっとするほど不気味である。,なし,なし,なし,なし,なし,なし,標準古語辞典・検定済み教科書（複数資料照合）,なし,なし
古文単語_単語Deck1_最重要古文単語_300,CJ-000269,269,単語Deck1_最重要古文単語,語彙,重要形容動詞,すずろなり,すずろなり,なし,形容動詞,品詞=形容動詞,CJ-000269-C01,meaning,重要語義1,古語「すずろなり」の意味は何か。,なんとなくだ,なんとなくだ｜わけもない,明確な理由がない。,なし,なし,なし,なし,なし,なし,標準古語辞典・検定済み教科書（複数資料照合）,なし,なし
古文単語_単語Deck1_最重要古文単語_300,CJ-000269,269,単語Deck1_最重要古文単語,語彙,重要形容動詞,すずろなり,すずろなり,なし,形容動詞,品詞=形容動詞,CJ-000269-C02,meaning,重要語義2,古語「すずろなり」の意味は何か。,思いがけない,思いがけない｜突然だ,予想せず起こる。,なし,なし,なし,なし,なし,なし,標準古語辞典・検定済み教科書（複数資料照合）,なし,なし
古文単語_単語Deck1_最重要古文単語_300,CJ-000269,269,単語Deck1_最重要古文単語,語彙,重要形容動詞,すずろなり,すずろなり,なし,形容動詞,品詞=形容動詞,CJ-000269-C03,meaning,重要語義3,古語「すずろなり」の意味は何か。,むやみだ,むやみだ｜やたらだ,理由なく度を越している。,なし,なし,なし,なし,なし,なし,標準古語辞典・検定済み教科書（複数資料照合）,なし,なし
古文単語_単語Deck1_最重要古文単語_300,CJ-000270,270,単語Deck1_最重要古文単語,語彙,重要形容詞,なつかし,なつかし,なし,形容詞,品詞=形容詞,CJ-000270-C01,meaning,重要語義1,古語「なつかし」の意味は何か。,親しみ深い,親しみ深い｜心が引かれる,そばにいたい、親しく接したいと感じる。現代語の過去回想に限らない。,なし,なし,なし,ゆかし,「なつかし」は親しみを感じる、「ゆかし」は見たい・知りたい。,なし,標準古語辞典・検定済み教科書（複数資料照合）,なし,なし
古文単語_単語Deck1_最重要古文単語_300,CJ-000271,271,単語Deck1_最重要古文単語,語彙,重要形容詞,ねたし,ねたし,なし,形容詞,品詞=形容詞,CJ-000271-C01,meaning,重要語義1,古語「ねたし」の意味は何か。,しゃくだ,しゃくだ｜悔しい,相手に対する悔しさ・腹立たしさを表す。,なし,なし,なし,なし,なし,なし,標準古語辞典・検定済み教科書（複数資料照合）,なし,なし
古文単語_単語Deck1_最重要古文単語_300,CJ-000272,272,単語Deck1_最重要古文単語,語彙,重要形容詞,はかなし,はかなし,なし,形容詞,品詞=形容詞,CJ-000272-C01,meaning,重要語義1,古語「はかなし」の意味は何か。,頼りない,頼りない｜心細い,確かな支えがなく、不安定である。,なし,なし,なし,なし,なし,なし,標準古語辞典・検定済み教科書（複数資料照合）,なし,なし
古文単語_単語Deck1_最重要古文単語_300,CJ-000272,272,単語Deck1_最重要古文単語,語彙,重要形容詞,はかなし,はかなし,なし,形容詞,品詞=形容詞,CJ-000272-C02,meaning,重要語義2,古語「はかなし」の意味は何か。,つまらない,つまらない｜取るに足りない,大した価値や意味がない。,なし,なし,なし,なし,なし,なし,標準古語辞典・検定済み教科書（複数資料照合）,なし,なし
古文単語_単語Deck1_最重要古文単語_300,CJ-000272,272,単語Deck1_最重要古文単語,語彙,重要形容詞,はかなし,はかなし,なし,形容詞,品詞=形容詞,CJ-000272-C03,meaning,重要語義3,古語「はかなし」の意味は何か。,むなしい,むなしい｜はかない,一時的で、すぐ消えてしまう。,なし,なし,なし,なし,なし,なし,標準古語辞典・検定済み教科書（複数資料照合）,なし,なし
古文単語_単語Deck1_最重要古文単語_300,CJ-000273,273,単語Deck1_最重要古文単語,語彙,重要形容詞,はしたなし,はしたなし,なし,形容詞,品詞=形容詞,CJ-000273-C01,meaning,重要語義1,古語「はしたなし」の意味は何か。,きまりが悪い,きまりが悪い｜居心地が悪い,中途半端な立場に置かれ、恥ずかしく感じる。,なし,なし,なし,なし,なし,なし,標準古語辞典・検定済み教科書（複数資料照合）,なし,なし
古文単語_単語Deck1_最重要古文単語_300,CJ-000273,273,単語Deck1_最重要古文単語,語彙,重要形容詞,はしたなし,はしたなし,なし,形容詞,品詞=形容詞,CJ-000273-C02,meaning,重要語義2,古語「はしたなし」の意味は何か。,そっけない,そっけない｜無愛想だ,相手を十分に取り扱わず、冷たい。,なし,なし,なし,なし,なし,なし,標準古語辞典・検定済み教科書（複数資料照合）,なし,なし
古文単語_単語Deck1_最重要古文単語_300,CJ-000273,273,単語Deck1_最重要古文単語,語彙,重要形容詞,はしたなし,はしたなし,なし,形容詞,品詞=形容詞,CJ-000273-C03,meaning,重要語義3,古語「はしたなし」の意味は何か。,激しい,激しい｜強い,程度が甚だしい。,なし,なし,なし,なし,なし,なし,標準古語辞典・検定済み教科書（複数資料照合）,なし,なし
古文単語_単語Deck1_最重要古文単語_300,CJ-000274,274,単語Deck1_最重要古文単語,語彙,重要形容詞,はづかし,はずかし,はずかし,形容詞,品詞=形容詞,CJ-000274-C01,meaning,重要語義1,古語「はづかし」の意味は何か。,立派だ,立派だ｜気品がある,相手がすぐれていて、自分が恥じ入るほどである。,なし,なし,なし,現代語の「恥ずかしい」,古文では「こちらが恥じるほど相手が立派だ」が重要。,なし,標準古語辞典・検定済み教科書（複数資料照合）,なし,なし
古文単語_単語Deck1_最重要古文単語_300,CJ-000274,274,単語Deck1_最重要古文単語,語彙,重要形容詞,はづかし,はずかし,はずかし,形容詞,品詞=形容詞,CJ-000274-C02,meaning,重要語義2,古語「はづかし」の意味は何か。,恥ずかしい,恥ずかしい,現代語と同じ意味もある。,なし,なし,なし,現代語の「恥ずかしい」,古文では「こちらが恥じるほど相手が立派だ」が重要。,なし,標準古語辞典・検定済み教科書（複数資料照合）,なし,なし
古文単語_単語Deck1_最重要古文単語_300,CJ-000275,275,単語Deck1_最重要古文単語,語彙,重要形容詞,まだし,まだし,なし,形容詞,品詞=形容詞,CJ-000275-C01,meaning,重要語義1,古語「まだし」の意味は何か。,まだ早い,まだ早い｜時期尚早だ,その時がまだ来ていない。,なし,なし,なし,なし,なし,なし,標準古語辞典・検定済み教科書（複数資料照合）,なし,時期尚早=じきしょうそう
古文単語_単語Deck1_最重要古文単語_300,CJ-000275,275,単語Deck1_最重要古文単語,語彙,重要形容詞,まだし,まだし,なし,形容詞,品詞=形容詞,CJ-000275-C02,meaning,重要語義2,古語「まだし」の意味は何か。,未熟だ,未熟だ｜不十分だ,まだ十分に完成していない。,なし,なし,なし,なし,なし,なし,標準古語辞典・検定済み教科書（複数資料照合）,なし,なし
古文単語_単語Deck1_最重要古文単語_300,CJ-000276,276,単語Deck1_最重要古文単語,語彙,重要形容動詞,むげなり,むげなり,なし,形容動詞,品詞=形容動詞,CJ-000276-C01,meaning,重要語義1,古語「むげなり」の意味は何か。,まったくひどい,まったくひどい｜最低だ,程度が甚だしく、救いようがない。,なし,なし,なし,なし,なし,なし,標準古語辞典・検定済み教科書（複数資料照合）,なし,なし
古文単語_単語Deck1_最重要古文単語_300,CJ-000276,276,単語Deck1_最重要古文単語,語彙,重要形容動詞,むげなり,むげなり,なし,形容動詞,品詞=形容動詞,CJ-000276-C02,meaning,重要語義2,古語「むげなり」の意味は何か。,むやみだ,むやみだ｜ひどく,限度を越えている。,なし,なし,なし,なし,なし,なし,標準古語辞典・検定済み教科書（複数資料照合）,なし,なし
古文単語_単語Deck1_最重要古文単語_300,CJ-000277,277,単語Deck1_最重要古文単語,語彙,重要形容詞,めやすし,めやすし,なし,形容詞,品詞=形容詞,CJ-000277-C01,meaning,重要語義1,古語「めやすし」の意味は何か。,見苦しくない,見苦しくない｜感じがよい,見た目や振る舞いが無難で、好ましい。,なし,なし,なし,なし,なし,なし,標準古語辞典・検定済み教科書（複数資料照合）,なし,なし
古文単語_単語Deck1_最重要古文単語_300,CJ-000278,278,単語Deck1_最重要古文単語,語彙,重要形容詞,よろし,よろし,なし,形容詞,品詞=形容詞,CJ-000278-C01,meaning,重要語義1,古語「よろし」の意味は何か。,悪くない,悪くない｜まあよい,最高ではないが、十分に許容できる。,なし,なし,なし,よし,「よし」は積極的によい、「よろし」は悪くない程度。,なし,標準古語辞典・検定済み教科書（複数資料照合）,なし,なし
古文単語_単語Deck1_最重要古文単語_300,CJ-000278,278,単語Deck1_最重要古文単語,語彙,重要形容詞,よろし,よろし,なし,形容詞,品詞=形容詞,CJ-000278-C02,meaning,重要語義2,古語「よろし」の意味は何か。,普通だ,普通だ｜並一通りだ,特別ではない一般的な程度。,なし,なし,なし,よし,「よし」は積極的によい、「よろし」は悪くない程度。,なし,標準古語辞典・検定済み教科書（複数資料照合）,なし,なし
古文単語_単語Deck1_最重要古文単語_300,CJ-000279,279,単語Deck1_最重要古文単語,語彙,重要形容詞,らうらうじ,ろうろうじ,ろうろうじ,形容詞,品詞=形容詞,CJ-000279-C01,meaning,重要語義1,古語「らうらうじ」の意味は何か。,洗練されている,洗練されている｜気品がある,知識・技能・立ち居振る舞いが上品で、よく身に付いている。,なし,なし,なし,なし,なし,なし,標準古語辞典・検定済み教科書（複数資料照合）,なし,なし
古文単語_単語Deck1_最重要古文単語_300,CJ-000280,280,単語Deck1_最重要古文単語,語彙,重要形容詞,わびし,わびし,なし,形容詞,品詞=形容詞,CJ-000280-C01,meaning,重要語義1,古語「わびし」の意味は何か。,つらい,つらい｜苦しい,思いどおりにならず、心細く苦しい。,なし,なし,なし,なし,なし,なし,標準古語辞典・検定済み教科書（複数資料照合）,なし,なし
古文単語_単語Deck1_最重要古文単語_300,CJ-000280,280,単語Deck1_最重要古文単語,語彙,重要形容詞,わびし,わびし,なし,形容詞,品詞=形容詞,CJ-000280-C02,meaning,重要語義2,古語「わびし」の意味は何か。,みすぼらしい,みすぼらしい｜貧しい,外見・暮らしが粗末である。,なし,なし,なし,なし,なし,なし,標準古語辞典・検定済み教科書（複数資料照合）,なし,なし
古文単語_単語Deck1_最重要古文単語_300,CJ-000280,280,単語Deck1_最重要古文単語,語彙,重要形容詞,わびし,わびし,なし,形容詞,品詞=形容詞,CJ-000280-C03,meaning,重要語義3,古語「わびし」の意味は何か。,興ざめだ,興ざめだ｜つまらない,おもしろみがなく、気持ちが冷める。,なし,なし,なし,なし,なし,なし,標準古語辞典・検定済み教科書（複数資料照合）,なし,なし
古文単語_単語Deck1_最重要古文単語_300,CJ-000281,281,単語Deck1_最重要古文単語,語彙,重要副詞,あまた,あまた,なし,副詞,品詞=副詞,CJ-000281-C01,meaning,重要語義1,古語「あまた」の意味は何か。,たくさん,たくさん｜数多く,人・物の数量が多い。,なし,なし,なし,なし,なし,なし,標準古語辞典・検定済み教科書（複数資料照合）,なし,なし
古文単語_単語Deck1_最重要古文単語_300,CJ-000282,282,単語Deck1_最重要古文単語,語彙,重要副詞,いかで,いかで,なし,副詞,品詞=副詞,CJ-000282-C01,meaning,重要語義1,古語「いかで」の意味は何か。,どうして,どうして｜どうやって,方法や理由を問う。反語なら「どうして〜か、いや〜ない」。,なし,なし,なし,なし,なし,なし,標準古語辞典・検定済み教科書（複数資料照合）,なし,なし
古文単語_単語Deck1_最重要古文単語_300,CJ-000282,282,単語Deck1_最重要古文単語,語彙,重要副詞,いかで,いかで,なし,副詞,品詞=副詞,CJ-000282-C02,meaning,重要語義2,古語「いかで」の意味は何か。,なんとかして,なんとかして｜どうにかして,実現を強く願い、方法を求める。,なし,なし,なし,なし,なし,なし,標準古語辞典・検定済み教科書（複数資料照合）,なし,なし
古文単語_単語Deck1_最重要古文単語_300,CJ-000283,283,単語Deck1_最重要古文単語,語彙,重要副詞,いかが,いかが,なし,副詞,品詞=副詞,CJ-000283-C01,meaning,重要語義1,古語「いかが」の意味は何か。,どのように,どのように｜どう,様子・方法を尋ねる。,なし,なし,なし,なし,なし,なし,標準古語辞典・検定済み教科書（複数資料照合）,なし,なし
古文単語_単語Deck1_最重要古文単語_300,CJ-000283,283,単語Deck1_最重要古文単語,語彙,重要副詞,いかが,いかが,なし,副詞,品詞=副詞,CJ-000283-C02,meaning,重要語義2,古語「いかが」の意味は何か。,どうして〜か,どうして〜か｜どうして〜だろうか,文脈により反語となり、「いや〜ない」と続く。,なし,なし,なし,なし,なし,なし,標準古語辞典・検定済み教科書（複数資料照合）,なし,なし
古文単語_単語Deck1_最重要古文単語_300,CJ-000284,284,単語Deck1_最重要古文単語,語彙,重要感動詞,いさ,いさ,なし,感動詞,品詞=感動詞,CJ-000284-C01,meaning,重要語義1,古語「いさ」の意味は何か。,さあ、どうだろう,さあ、どうだろう｜さあね,返答に迷う、または知らないとぼかす。,なし,なし,なし,なし,なし,なし,標準古語辞典・検定済み教科書（複数資料照合）,なし,なし
古文単語_単語Deck1_最重要古文単語_300,CJ-000285,285,単語Deck1_最重要古文単語,語彙,重要感動詞,いざ,いざ,なし,感動詞,品詞=感動詞,CJ-000285-C01,meaning,重要語義1,古語「いざ」の意味は何か。,さあ,さあ,人を誘ったり、自分を奮い立たせたりするときに用いる。,なし,なし,なし,なし,なし,なし,標準古語辞典・検定済み教科書（複数資料照合）,なし,なし
古文単語_単語Deck1_最重要古文単語_300,CJ-000286,286,単語Deck1_最重要古文単語,語彙,重要副詞,いつしか,いつしか,なし,副詞,品詞=副詞,CJ-000286-C01,meaning,重要語義1,古語「いつしか」の意味は何か。,いつの間にか,いつの間にか,時間の経過に気づかないうちに変化する。,なし,なし,なし,なし,なし,なし,標準古語辞典・検定済み教科書（複数資料照合）,なし,なし
古文単語_単語Deck1_最重要古文単語_300,CJ-000286,286,単語Deck1_最重要古文単語,語彙,重要副詞,いつしか,いつしか,なし,副詞,品詞=副詞,CJ-000286-C02,meaning,重要語義2,古語「いつしか」の意味は何か。,早く,早く｜一刻も早く,実現を待ちきれない気持ちを表す。,なし,なし,なし,なし,なし,なし,標準古語辞典・検定済み教科書（複数資料照合）,なし,なし
古文単語_単語Deck1_最重要古文単語_300,CJ-000287,287,単語Deck1_最重要古文単語,語彙,重要副詞,かく,かく,なし,副詞,品詞=副詞,CJ-000287-C01,meaning,重要語義1,古語「かく」の意味は何か。,このように,このように｜こう,話し手に近い内容や、直前の事柄を指す。,なし,なし,なし,なし,なし,なし,標準古語辞典・検定済み教科書（複数資料照合）,なし,なし
古文単語_単語Deck1_最重要古文単語_300,CJ-000288,288,単語Deck1_最重要古文単語,語彙,重要副詞,さ,さ,なし,副詞,品詞=副詞,CJ-000288-C01,meaning,重要語義1,古語「さ」の意味は何か。,そう,そう｜そのように,相手側・前に述べた内容を指す。,なし,なし,なし,なし,なし,なし,標準古語辞典・検定済み教科書（複数資料照合）,なし,なし
古文単語_単語Deck1_最重要古文単語_300,CJ-000289,289,単語Deck1_最重要古文単語,語彙,重要副詞,しか,しか,なし,副詞,品詞=副詞,CJ-000289-C01,meaning,重要語義1,古語「しか」の意味は何か。,そのように,そのように｜そう,前に述べた事柄や相手側の内容を指す。,なし,なし,なし,なし,なし,なし,標準古語辞典・検定済み教科書（複数資料照合）,なし,なし
古文単語_単語Deck1_最重要古文単語_300,CJ-000290,290,単語Deck1_最重要古文単語,語彙,重要副詞,すなはち,すなわち,すなわち,副詞,品詞=副詞,CJ-000290-C01,meaning,重要語義1,古語「すなはち」の意味は何か。,すぐに,すぐに｜ただちに,間を置かず、直後に行う。,なし,なし,なし,なし,なし,なし,標準古語辞典・検定済み教科書（複数資料照合）,なし,なし
古文単語_単語Deck1_最重要古文単語_300,CJ-000290,290,単語Deck1_最重要古文単語,語彙,重要副詞,すなはち,すなわち,すなわち,副詞,品詞=副詞,CJ-000290-C02,meaning,重要語義2,古語「すなはち」の意味は何か。,つまり,つまり｜すなわち,前の内容を別の表現で説明する。,なし,なし,なし,なし,なし,なし,標準古語辞典・検定済み教科書（複数資料照合）,なし,なし
古文単語_単語Deck1_最重要古文単語_300,CJ-000291,291,単語Deck1_最重要古文単語,語彙,重要副詞,せめて,せめて,なし,副詞,品詞=副詞,CJ-000291-C01,meaning,重要語義1,古語「せめて」の意味は何か。,無理に,無理に｜強いて,困難を押して強引に行う。,なし,なし,なし,なし,なし,なし,標準古語辞典・検定済み教科書（複数資料照合）,なし,なし
古文単語_単語Deck1_最重要古文単語_300,CJ-000291,291,単語Deck1_最重要古文単語,語彙,重要副詞,せめて,せめて,なし,副詞,品詞=副詞,CJ-000291-C02,meaning,重要語義2,古語「せめて」の意味は何か。,ひどく,ひどく｜非常に,程度が甚だしい。,なし,なし,なし,なし,なし,なし,標準古語辞典・検定済み教科書（複数資料照合）,なし,なし
古文単語_単語Deck1_最重要古文単語_300,CJ-000292,292,単語Deck1_最重要古文単語,語彙,重要副詞,つゆ,つゆ,なし,副詞,品詞=副詞,CJ-000292-C01,meaning,重要語義1,古語「つゆ」の意味は何か。,少しも,少しも｜まったく,打消と呼応し、「少しも〜ない」と強く否定する。,なし,なし,なし,なし,なし,なし,標準古語辞典・検定済み教科書（複数資料照合）,なし,なし
古文単語_単語Deck1_最重要古文単語_300,CJ-000293,293,単語Deck1_最重要古文単語,語彙,重要副詞,さらに,さらに,なし,副詞,品詞=副詞,CJ-000293-C01,meaning,重要語義1,古語「さらに」の意味は何か。,まったく,まったく｜少しも,打消と呼応して、完全な否定を表す。,なし,なし,なし,なし,なし,なし,標準古語辞典・検定済み教科書（複数資料照合）,なし,なし
古文単語_単語Deck1_最重要古文単語_300,CJ-000293,293,単語Deck1_最重要古文単語,語彙,重要副詞,さらに,さらに,なし,副詞,品詞=副詞,CJ-000293-C02,meaning,重要語義2,古語「さらに」の意味は何か。,そのうえ,そのうえ｜さらに,前の事柄に別の事柄を加える。,なし,なし,なし,なし,なし,なし,標準古語辞典・検定済み教科書（複数資料照合）,なし,なし
古文単語_単語Deck1_最重要古文単語_300,CJ-000294,294,単語Deck1_最重要古文単語,語彙,重要副詞,よも,よも,なし,副詞,品詞=副詞,CJ-000294-C01,meaning,重要語義1,古語「よも」の意味は何か。,まさか,まさか,多く「じ」などの打消推量と呼応し、「まさか〜まい」と強く推量する。,なし,なし,なし,なし,なし,なし,標準古語辞典・検定済み教科書（複数資料照合）,なし,なし
古文単語_単語Deck1_最重要古文単語_300,CJ-000295,295,単語Deck1_最重要古文単語,語彙,重要名詞,かぎり,かぎり,なし,名詞,品詞=名詞,CJ-000295-C01,meaning,重要語義1,古語「かぎり」の意味は何か。,全部,全部｜すべて,ある範囲に含まれるものを残らず指す。,なし,なし,なし,なし,なし,なし,標準古語辞典・検定済み教科書（複数資料照合）,なし,なし
古文単語_単語Deck1_最重要古文単語_300,CJ-000295,295,単語Deck1_最重要古文単語,語彙,重要名詞,かぎり,かぎり,なし,名詞,品詞=名詞,CJ-000295-C02,meaning,重要語義2,古語「かぎり」の意味は何か。,最後,最後｜最期,命・期間などの終わる時点。,なし,なし,なし,なし,なし,なし,標準古語辞典・検定済み教科書（複数資料照合）,なし,なし
古文単語_単語Deck1_最重要古文単語_300,CJ-000295,295,単語Deck1_最重要古文単語,語彙,重要名詞,かぎり,かぎり,なし,名詞,品詞=名詞,CJ-000295-C03,meaning,重要語義3,古語「かぎり」の意味は何か。,限度,限度｜限界,それ以上はない境界。,なし,なし,なし,なし,なし,なし,標準古語辞典・検定済み教科書（複数資料照合）,なし,なし
古文単語_単語Deck1_最重要古文単語_300,CJ-000296,296,単語Deck1_最重要古文単語,語彙,重要名詞,きは,きわ,きわ,名詞,品詞=名詞,CJ-000296-C01,meaning,重要語義1,古語「きは」の意味は何か。,身分,身分｜家柄,社会の中での地位や階層。,なし,なし,なし,なし,なし,なし,標準古語辞典・検定済み教科書（複数資料照合）,なし,なし
古文単語_単語Deck1_最重要古文単語_300,CJ-000296,296,単語Deck1_最重要古文単語,語彙,重要名詞,きは,きわ,きわ,名詞,品詞=名詞,CJ-000296-C02,meaning,重要語義2,古語「きは」の意味は何か。,程度,程度｜段階,性質や状態の高低・深浅。,なし,なし,なし,なし,なし,なし,標準古語辞典・検定済み教科書（複数資料照合）,なし,なし
古文単語_単語Deck1_最重要古文単語_300,CJ-000296,296,単語Deck1_最重要古文単語,語彙,重要名詞,きは,きわ,きわ,名詞,品詞=名詞,CJ-000296-C03,meaning,重要語義3,古語「きは」の意味は何か。,境目,境目｜際,二つのものが接する端。,なし,なし,なし,なし,なし,なし,標準古語辞典・検定済み教科書（複数資料照合）,なし,なし
古文単語_単語Deck1_最重要古文単語_300,CJ-000297,297,単語Deck1_最重要古文単語,語彙,重要名詞,しるし,しるし,なし,名詞,品詞=名詞,CJ-000297-C01,meaning,重要語義1,古語「しるし」の意味は何か。,効果,効果｜効き目,行為・祈願などがもたらした効力。,なし,なし,なし,なし,なし,なし,標準古語辞典・検定済み教科書（複数資料照合）,なし,なし
古文単語_単語Deck1_最重要古文単語_300,CJ-000297,297,単語Deck1_最重要古文単語,語彙,重要名詞,しるし,しるし,なし,名詞,品詞=名詞,CJ-000297-C02,meaning,重要語義2,古語「しるし」の意味は何か。,兆候,兆候｜きざし,これから起こることを示す現象。,なし,なし,なし,なし,なし,なし,標準古語辞典・検定済み教科書（複数資料照合）,なし,なし
古文単語_単語Deck1_最重要古文単語_300,CJ-000297,297,単語Deck1_最重要古文単語,語彙,重要名詞,しるし,しるし,なし,名詞,品詞=名詞,CJ-000297-C03,meaning,重要語義3,古語「しるし」の意味は何か。,証拠,証拠｜印,事実を確かめる手掛かり。,なし,なし,なし,なし,なし,なし,標準古語辞典・検定済み教科書（複数資料照合）,なし,なし
古文単語_単語Deck1_最重要古文単語_300,CJ-000298,298,単語Deck1_最重要古文単語,語彙,重要名詞,ふみ,ふみ,なし,名詞,品詞=名詞,CJ-000298-C01,meaning,重要語義1,古語「ふみ」の意味は何か。,手紙,手紙｜書状,人に気持ちや用件を伝える文書。,なし,なし,なし,なし,なし,なし,標準古語辞典・検定済み教科書（複数資料照合）,なし,なし
古文単語_単語Deck1_最重要古文単語_300,CJ-000298,298,単語Deck1_最重要古文単語,語彙,重要名詞,ふみ,ふみ,なし,名詞,品詞=名詞,CJ-000298-C02,meaning,重要語義2,古語「ふみ」の意味は何か。,漢詩・漢籍,漢詩・漢籍｜書物,漢文で書かれた詩や書物を指すことがある。,なし,なし,なし,なし,なし,なし,標準古語辞典・検定済み教科書（複数資料照合）,なし,漢籍=かんせき
古文単語_単語Deck1_最重要古文単語_300,CJ-000299,299,単語Deck1_最重要古文単語,語彙,重要名詞,ほど,ほど,なし,名詞,品詞=名詞,CJ-000299-C01,meaning,重要語義1,古語「ほど」の意味は何か。,程度,程度｜ほど,性質・状態の高低や限界。,なし,なし,なし,なし,なし,なし,標準古語辞典・検定済み教科書（複数資料照合）,なし,なし
古文単語_単語Deck1_最重要古文単語_300,CJ-000299,299,単語Deck1_最重要古文単語,語彙,重要名詞,ほど,ほど,なし,名詞,品詞=名詞,CJ-000299-C02,meaning,重要語義2,古語「ほど」の意味は何か。,身分,身分｜分際,その人に応じた社会的地位。,なし,なし,なし,なし,なし,なし,標準古語辞典・検定済み教科書（複数資料照合）,なし,なし
古文単語_単語Deck1_最重要古文単語_300,CJ-000299,299,単語Deck1_最重要古文単語,語彙,重要名詞,ほど,ほど,なし,名詞,品詞=名詞,CJ-000299-C03,meaning,重要語義3,古語「ほど」の意味は何か。,時間,時間｜ころ,ある長さの時間や時期。,なし,なし,なし,なし,なし,なし,標準古語辞典・検定済み教科書（複数資料照合）,なし,なし
古文単語_単語Deck1_最重要古文単語_300,CJ-000300,300,単語Deck1_最重要古文単語,語彙,重要名詞,ゆかり,ゆかり,なし,名詞,品詞=名詞,CJ-000300-C01,meaning,重要語義1,古語「ゆかり」の意味は何か。,縁,縁｜関係,血縁・地縁・人間関係などのつながり。,なし,なし,なし,なし,なし,なし,標準古語辞典・検定済み教科書（複数資料照合）,なし,なし
古文単語_単語Deck1_最重要古文単語_300,CJ-000300,300,単語Deck1_最重要古文単語,語彙,重要名詞,ゆかり,ゆかり,なし,名詞,品詞=名詞,CJ-000300-C02,meaning,重要語義2,古語「ゆかり」の意味は何か。,関係のある人,関係のある人｜縁者,ある人と血縁・婚姻などでつながる人。,なし,なし,なし,なし,なし,なし,標準古語辞典・検定済み教科書（複数資料照合）,なし,なし
