dataset_label,item_id,importance_rank,difficulty_label,domain,unit,item,reading,aliases,item_type,grammar_info,card_id,card_type,focus,question,answer,accepted_answers,explanation,example_text,example_reading,example_translation,confusable_with,distinction,memory_aid,source_name,source_url,reading_map
古文_Deck1_最重要単語・文法_300,CJ-000001,1,Deck1_最重要単語・文法,文法,助動詞,ず,ず,なし,助動詞,品詞=助動詞;接続=未然形;活用=特殊型;主な意味=打消,CJ-000001-C01,auxiliary_meaning,主要な意味,助動詞「ず」の主要な意味を1つ答えよ。,打消,打消,文脈と主語を手掛かりに、打消を判別する。,なし,なし,なし,ぬ（完了の助動詞）,打消の系列は未然形接続、完了の「ぬ」は連用形接続。,なし,文部科学省「高等学校学習指導要領解説 国語編」・標準学校文法（複数資料照合）,https://www.mext.go.jp/content/20250410-mxt_kyoiku01-100002620_02.pdf,助動詞=じょどうし
古文_Deck1_最重要単語・文法_300,CJ-000001,1,Deck1_最重要単語・文法,文法,助動詞,ず,ず,なし,助動詞,品詞=助動詞;接続=未然形;活用=特殊型;主な意味=打消,CJ-000001-C02,connection,接続,助動詞「ず」は原則として何形に接続するか。,未然形,未然形,接続は「未然形」。識別では直前の活用形を確認する。,なし,なし,なし,ぬ（完了の助動詞）,打消の系列は未然形接続、完了の「ぬ」は連用形接続。,なし,文部科学省「高等学校学習指導要領解説 国語編」・標準学校文法（複数資料照合）,https://www.mext.go.jp/content/20250410-mxt_kyoiku01-100002620_02.pdf,接続=せつぞく
古文_Deck1_最重要単語・文法_300,CJ-000001,1,Deck1_最重要単語・文法,文法,助動詞,ず,ず,なし,助動詞,品詞=助動詞;接続=未然形;活用=特殊型;主な意味=打消,CJ-000001-C03,conjugation,代表的な活用,助動詞「ず」の連体形は何か。,ぬ,ぬ,「ぬ」は助動詞「ず」の連体形。完了の助動詞「ぬ」とは接続・文脈で区別する。,なし,なし,なし,ぬ（完了の助動詞）,打消の「ぬ」は未然形接続の「ず」の連体形、完了の「ぬ」は連用形接続。,なし,文部科学省「高等学校学習指導要領解説 国語編」・標準学校文法（複数資料照合）,https://www.mext.go.jp/content/20250410-mxt_kyoiku01-100002620_02.pdf,連体形=れんたいけい｜完了=かんりょう
古文_Deck1_最重要単語・文法_300,CJ-000002,2,Deck1_最重要単語・文法,文法,助動詞,む・むず,む・むず,むず,助動詞,品詞=助動詞;接続=未然形;活用=四段型;主な意味=推量｜意志｜適当｜勧誘｜婉曲｜仮定,CJ-000002-C01,auxiliary_meaning,主要な意味,助動詞「む・むず」の主要な意味を6つ答えよ。,推量・意志・適当・勧誘・婉曲・仮定,推量・意志・適当・勧誘・婉曲・仮定,文脈と主語を手掛かりに、推量・意志・適当・勧誘・婉曲・仮定を判別する。,なし,なし,なし,なし,なし,なし,文部科学省「高等学校学習指導要領解説 国語編」・標準学校文法（複数資料照合）,https://www.mext.go.jp/content/20250410-mxt_kyoiku01-100002620_02.pdf,助動詞=じょどうし
古文_Deck1_最重要単語・文法_300,CJ-000002,2,Deck1_最重要単語・文法,文法,助動詞,む・むず,む・むず,むず,助動詞,品詞=助動詞;接続=未然形;活用=四段型;主な意味=推量｜意志｜適当｜勧誘｜婉曲｜仮定,CJ-000002-C02,connection,接続,助動詞「む・むず」は原則として何形に接続するか。,未然形,未然形,接続は「未然形」。識別では直前の活用形を確認する。,なし,なし,なし,なし,なし,なし,文部科学省「高等学校学習指導要領解説 国語編」・標準学校文法（複数資料照合）,https://www.mext.go.jp/content/20250410-mxt_kyoiku01-100002620_02.pdf,接続=せつぞく
古文_Deck1_最重要単語・文法_300,CJ-000002,2,Deck1_最重要単語・文法,文法,助動詞,む・むず,む・むず,むず,助動詞,品詞=助動詞;接続=未然形;活用=四段型;主な意味=推量｜意志｜適当｜勧誘｜婉曲｜仮定,CJ-000002-C03,identification,人称による基本判定,文末の助動詞「む」で、主語が一人称なら基本的に何の意味か。,意志,意志,一人称主語なら意志、三人称主語なら推量が基本。二人称への呼びかけでは勧誘・適当を考える。,なし,なし,なし,推量,主語の人称と文の種類で判定する。,なし,文部科学省「高等学校学習指導要領解説 国語編」・標準学校文法（複数資料照合）,https://www.mext.go.jp/content/20250410-mxt_kyoiku01-100002620_02.pdf,一人称=いちにんしょう｜推量=すいりょう
古文_Deck1_最重要単語・文法_300,CJ-000003,3,Deck1_最重要単語・文法,文法,助動詞,べし,べし,なし,助動詞,品詞=助動詞;接続=終止形（ラ変は連体形）;活用=ク活用型;主な意味=推量｜意志｜可能｜当然｜命令｜適当,CJ-000003-C01,auxiliary_meaning,主要な意味,助動詞「べし」の主要な意味を6つ答えよ。,推量・意志・可能・当然・命令・適当,推量・意志・可能・当然・命令・適当,文脈と主語を手掛かりに、推量・意志・可能・当然・命令・適当を判別する。,なし,なし,なし,なし,なし,なし,文部科学省「高等学校学習指導要領解説 国語編」・標準学校文法（複数資料照合）,https://www.mext.go.jp/content/20250410-mxt_kyoiku01-100002620_02.pdf,助動詞=じょどうし
古文_Deck1_最重要単語・文法_300,CJ-000003,3,Deck1_最重要単語・文法,文法,助動詞,べし,べし,なし,助動詞,品詞=助動詞;接続=終止形（ラ変は連体形）;活用=ク活用型;主な意味=推量｜意志｜可能｜当然｜命令｜適当,CJ-000003-C02,connection,接続,助動詞「べし」は原則として何形に接続するか。,終止形（ラ変は連体形）,終止形（ラ変は連体形）,接続は「終止形（ラ変は連体形）」。識別では直前の活用形を確認する。,なし,なし,なし,なし,なし,なし,文部科学省「高等学校学習指導要領解説 国語編」・標準学校文法（複数資料照合）,https://www.mext.go.jp/content/20250410-mxt_kyoiku01-100002620_02.pdf,接続=せつぞく
古文_Deck1_最重要単語・文法_300,CJ-000003,3,Deck1_最重要単語・文法,文法,助動詞,べし,べし,なし,助動詞,品詞=助動詞;接続=終止形（ラ変は連体形）;活用=ク活用型;主な意味=推量｜意志｜可能｜当然｜命令｜適当,CJ-000003-C03,identification,主語による基本判定,助動詞「べし」で、主語が一人称なら基本的に何の意味か。,意志,意志,一人称なら意志、二人称なら命令・適当、三人称なら推量・当然・可能をまず考える。,なし,なし,なし,む,「べし」は当然・可能・命令まで表しうる。,なし,文部科学省「高等学校学習指導要領解説 国語編」・標準学校文法（複数資料照合）,https://www.mext.go.jp/content/20250410-mxt_kyoiku01-100002620_02.pdf,当然=とうぜん
古文_Deck1_最重要単語・文法_300,CJ-000004,4,Deck1_最重要単語・文法,文法,助動詞,けり,けり,なし,助動詞,品詞=助動詞;接続=連用形;活用=ラ変型;主な意味=過去｜詠嘆,CJ-000004-C01,auxiliary_meaning,主要な意味,助動詞「けり」の主要な意味を2つ答えよ。,過去・詠嘆,過去・詠嘆,文脈と主語を手掛かりに、過去・詠嘆を判別する。,なし,なし,なし,き,「けり」は伝聞的過去・詠嘆、「き」は直接経験の過去。,なし,文部科学省「高等学校学習指導要領解説 国語編」・標準学校文法（複数資料照合）,https://www.mext.go.jp/content/20250410-mxt_kyoiku01-100002620_02.pdf,助動詞=じょどうし
古文_Deck1_最重要単語・文法_300,CJ-000004,4,Deck1_最重要単語・文法,文法,助動詞,けり,けり,なし,助動詞,品詞=助動詞;接続=連用形;活用=ラ変型;主な意味=過去｜詠嘆,CJ-000004-C02,connection,接続,助動詞「けり」は原則として何形に接続するか。,連用形,連用形,接続は「連用形」。識別では直前の活用形を確認する。,なし,なし,なし,き,「けり」は伝聞的過去・詠嘆、「き」は直接経験の過去。,なし,文部科学省「高等学校学習指導要領解説 国語編」・標準学校文法（複数資料照合）,https://www.mext.go.jp/content/20250410-mxt_kyoiku01-100002620_02.pdf,接続=せつぞく
古文_Deck1_最重要単語・文法_300,CJ-000004,4,Deck1_最重要単語・文法,文法,助動詞,けり,けり,なし,助動詞,品詞=助動詞;接続=連用形;活用=ラ変型;主な意味=過去｜詠嘆,CJ-000004-C03,identification,詠嘆の目印,和歌や会話文の文末にある助動詞「けり」は、何の意味になりやすいか。,詠嘆,詠嘆｜気づきの詠嘆,今初めて気づいた感動を表すときは詠嘆。「〜だったのだなあ」と訳すことが多い。,なし,なし,なし,き,「けり」は伝聞的過去や詠嘆、「き」は直接経験の過去。,なし,文部科学省「高等学校学習指導要領解説 国語編」・標準学校文法（複数資料照合）,https://www.mext.go.jp/content/20250410-mxt_kyoiku01-100002620_02.pdf,詠嘆=えいたん
古文_Deck1_最重要単語・文法_300,CJ-000005,5,Deck1_最重要単語・文法,文法,助動詞,き,き,なし,助動詞,品詞=助動詞;接続=連用形;活用=特殊型;主な意味=過去,CJ-000005-C01,auxiliary_meaning,主要な意味,助動詞「き」の主要な意味を1つ答えよ。,過去,過去,文脈と主語を手掛かりに、過去を判別する。,なし,なし,なし,けり,「き」は直接経験の過去、「けり」は伝聞的過去・詠嘆。,なし,文部科学省「高等学校学習指導要領解説 国語編」・標準学校文法（複数資料照合）,https://www.mext.go.jp/content/20250410-mxt_kyoiku01-100002620_02.pdf,助動詞=じょどうし
古文_Deck1_最重要単語・文法_300,CJ-000005,5,Deck1_最重要単語・文法,文法,助動詞,き,き,なし,助動詞,品詞=助動詞;接続=連用形;活用=特殊型;主な意味=過去,CJ-000005-C02,connection,接続,助動詞「き」は原則として何形に接続するか。,連用形,連用形,接続は「連用形」。識別では直前の活用形を確認する。,なし,なし,なし,けり,「き」は直接経験の過去、「けり」は伝聞的過去・詠嘆。,なし,文部科学省「高等学校学習指導要領解説 国語編」・標準学校文法（複数資料照合）,https://www.mext.go.jp/content/20250410-mxt_kyoiku01-100002620_02.pdf,接続=せつぞく
古文_Deck1_最重要単語・文法_300,CJ-000005,5,Deck1_最重要単語・文法,文法,助動詞,き,き,なし,助動詞,品詞=助動詞;接続=連用形;活用=特殊型;主な意味=過去,CJ-000005-C03,conjugation,特殊な連体形,助動詞「き」の連体形は何か。,し,し,終止形は「き」、連体形は「し」、已然形は「しか」。,なし,なし,なし,けり,「き」は話し手が直接経験した過去を表すのが基本。,なし,文部科学省「高等学校学習指導要領解説 国語編」・標準学校文法（複数資料照合）,https://www.mext.go.jp/content/20250410-mxt_kyoiku01-100002620_02.pdf,已然形=いぜんけい
古文_Deck1_最重要単語・文法_300,CJ-000006,6,Deck1_最重要単語・文法,文法,助動詞,つ,つ,なし,助動詞,品詞=助動詞;接続=連用形;活用=下二段型;主な意味=完了｜強意,CJ-000006-C01,auxiliary_meaning,主要な意味,助動詞「つ」の主要な意味を2つ答えよ。,完了・強意,完了・強意,文脈と主語を手掛かりに、完了・強意を判別する。,なし,なし,なし,ぬ,どちらも完了・強意。一般に「つ」は意志的動作、「ぬ」は自然な推移に付きやすい。,なし,文部科学省「高等学校学習指導要領解説 国語編」・標準学校文法（複数資料照合）,https://www.mext.go.jp/content/20250410-mxt_kyoiku01-100002620_02.pdf,助動詞=じょどうし
古文_Deck1_最重要単語・文法_300,CJ-000006,6,Deck1_最重要単語・文法,文法,助動詞,つ,つ,なし,助動詞,品詞=助動詞;接続=連用形;活用=下二段型;主な意味=完了｜強意,CJ-000006-C02,connection,接続,助動詞「つ」は原則として何形に接続するか。,連用形,連用形,接続は「連用形」。識別では直前の活用形を確認する。,なし,なし,なし,ぬ,どちらも完了・強意。一般に「つ」は意志的動作、「ぬ」は自然な推移に付きやすい。,なし,文部科学省「高等学校学習指導要領解説 国語編」・標準学校文法（複数資料照合）,https://www.mext.go.jp/content/20250410-mxt_kyoiku01-100002620_02.pdf,接続=せつぞく
古文_Deck1_最重要単語・文法_300,CJ-000006,6,Deck1_最重要単語・文法,文法,助動詞,つ,つ,なし,助動詞,品詞=助動詞;接続=連用形;活用=下二段型;主な意味=完了｜強意,CJ-000006-C03,identification,強意の形,助動詞「つ」が「む・べし」などの推量表現と続くとき、何の意味になりやすいか。,強意,強意｜確述,「てむ」「つべし」などでは、完了よりも強い意志・確信を示す強意になりやすい。,なし,なし,なし,ぬ,「つ」は意志的な動作に付きやすく、「ぬ」は自然な推移にも付きやすい。,なし,文部科学省「高等学校学習指導要領解説 国語編」・標準学校文法（複数資料照合）,https://www.mext.go.jp/content/20250410-mxt_kyoiku01-100002620_02.pdf,強意=きょうい｜確述=かくじゅつ
古文_Deck1_最重要単語・文法_300,CJ-000007,7,Deck1_最重要単語・文法,文法,助動詞,ぬ,ぬ,なし,助動詞,品詞=助動詞;接続=連用形;活用=ナ変型;主な意味=完了｜強意,CJ-000007-C01,auxiliary_meaning,主要な意味,助動詞「ぬ」の主要な意味を2つ答えよ。,完了・強意,完了・強意,文脈と主語を手掛かりに、完了・強意を判別する。,なし,なし,なし,ず,完了の「ぬ」は連用形接続、打消の「ぬ」は未然形接続。,なし,文部科学省「高等学校学習指導要領解説 国語編」・標準学校文法（複数資料照合）,https://www.mext.go.jp/content/20250410-mxt_kyoiku01-100002620_02.pdf,助動詞=じょどうし
古文_Deck1_最重要単語・文法_300,CJ-000007,7,Deck1_最重要単語・文法,文法,助動詞,ぬ,ぬ,なし,助動詞,品詞=助動詞;接続=連用形;活用=ナ変型;主な意味=完了｜強意,CJ-000007-C02,connection,接続,助動詞「ぬ」は原則として何形に接続するか。,連用形,連用形,接続は「連用形」。識別では直前の活用形を確認する。,なし,なし,なし,ず,完了の「ぬ」は連用形接続、打消の「ぬ」は未然形接続。,なし,文部科学省「高等学校学習指導要領解説 国語編」・標準学校文法（複数資料照合）,https://www.mext.go.jp/content/20250410-mxt_kyoiku01-100002620_02.pdf,接続=せつぞく
古文_Deck1_最重要単語・文法_300,CJ-000007,7,Deck1_最重要単語・文法,文法,助動詞,ぬ,ぬ,なし,助動詞,品詞=助動詞;接続=連用形;活用=ナ変型;主な意味=完了｜強意,CJ-000007-C03,identification,打消との識別,連用形に付く「ぬ」は、打消と完了のどちらか。,完了,完了,完了の助動詞「ぬ」は連用形接続。打消の「ぬ」は未然形接続の「ず」の連体形。,なし,なし,なし,ぬ（打消の助動詞「ず」の連体形）,直前が連用形なら完了、未然形なら打消を疑う。,なし,文部科学省「高等学校学習指導要領解説 国語編」・標準学校文法（複数資料照合）,https://www.mext.go.jp/content/20250410-mxt_kyoiku01-100002620_02.pdf,打消=うちけし
古文_Deck1_最重要単語・文法_300,CJ-000008,8,Deck1_最重要単語・文法,文法,助動詞,たり（完了・存続）,たり（かんりょう・そんぞく）,なし,助動詞,品詞=助動詞;接続=連用形;活用=ラ変型;主な意味=完了｜存続,CJ-000008-C01,auxiliary_meaning,主要な意味,助動詞「たり（完了・存続）」の主要な意味を2つ答えよ。,完了・存続,完了・存続,文脈と主語を手掛かりに、完了・存続を判別する。,なし,なし,なし,たり（断定の助動詞）,完了・存続は連用形接続、断定は体言接続。,なし,文部科学省「高等学校学習指導要領解説 国語編」・標準学校文法（複数資料照合）,https://www.mext.go.jp/content/20250410-mxt_kyoiku01-100002620_02.pdf,助動詞=じょどうし
古文_Deck1_最重要単語・文法_300,CJ-000008,8,Deck1_最重要単語・文法,文法,助動詞,たり（完了・存続）,たり（かんりょう・そんぞく）,なし,助動詞,品詞=助動詞;接続=連用形;活用=ラ変型;主な意味=完了｜存続,CJ-000008-C02,connection,接続,助動詞「たり（完了・存続）」は原則として何形に接続するか。,連用形,連用形,接続は「連用形」。識別では直前の活用形を確認する。,なし,なし,なし,たり（断定の助動詞）,完了・存続は連用形接続、断定は体言接続。,なし,文部科学省「高等学校学習指導要領解説 国語編」・標準学校文法（複数資料照合）,https://www.mext.go.jp/content/20250410-mxt_kyoiku01-100002620_02.pdf,接続=せつぞく
古文_Deck1_最重要単語・文法_300,CJ-000008,8,Deck1_最重要単語・文法,文法,助動詞,たり（完了・存続）,たり（かんりょう・そんぞく）,なし,助動詞,品詞=助動詞;接続=連用形;活用=ラ変型;主な意味=完了｜存続,CJ-000008-C03,identification,訳し分け,助動詞「たり」が動作後の状態を表すときの意味は何か。,存続,存続,動作が終わった結果、その状態が続いているなら存続。「〜ている」「〜てある」と訳す。,なし,なし,なし,たり（断定の助動詞）,完了・存続の「たり」は連用形接続、断定の「たり」は体言接続。,なし,文部科学省「高等学校学習指導要領解説 国語編」・標準学校文法（複数資料照合）,https://www.mext.go.jp/content/20250410-mxt_kyoiku01-100002620_02.pdf,存続=そんぞく
古文_Deck1_最重要単語・文法_300,CJ-000009,9,Deck1_最重要単語・文法,文法,助動詞,り（完了・存続）,り（かんりょう・そんぞく）,なし,助動詞,品詞=助動詞;接続=サ変の未然形・四段の已然形;活用=ラ変型;主な意味=完了｜存続,CJ-000009-C01,auxiliary_meaning,主要な意味,助動詞「り（完了・存続）」の主要な意味を2つ答えよ。,完了・存続,完了・存続,文脈と主語を手掛かりに、完了・存続を判別する。,なし,なし,なし,なし,なし,なし,文部科学省「高等学校学習指導要領解説 国語編」・標準学校文法（複数資料照合）,https://www.mext.go.jp/content/20250410-mxt_kyoiku01-100002620_02.pdf,助動詞=じょどうし
古文_Deck1_最重要単語・文法_300,CJ-000009,9,Deck1_最重要単語・文法,文法,助動詞,り（完了・存続）,り（かんりょう・そんぞく）,なし,助動詞,品詞=助動詞;接続=サ変の未然形・四段の已然形;活用=ラ変型;主な意味=完了｜存続,CJ-000009-C02,connection,接続の覚え方,助動詞「り」が接続する二つの活用形を答えよ。,サ変の未然形・四段の已然形,サ変の未然形・四段の已然形｜サ未四已,「サ未四已」と整理する。具体的には「せ・○」「四段のエ段」に付く。,なし,なし,なし,なし,なし,サ未四已（さみしい）,文部科学省「高等学校学習指導要領解説 国語編」・標準学校文法（複数資料照合）,https://www.mext.go.jp/content/20250410-mxt_kyoiku01-100002620_02.pdf,サ変=さへん｜四段=よだん｜已然形=いぜんけい
古文_Deck1_最重要単語・文法_300,CJ-000010,10,Deck1_最重要単語・文法,文法,助動詞,る,る,なし,助動詞,品詞=助動詞;接続=四段・ナ変・ラ変の未然形;活用=下二段型;主な意味=受身｜尊敬｜自発｜可能,CJ-000010-C01,auxiliary_meaning,主要な意味,助動詞「る」の主要な意味を4つ答えよ。,受身・尊敬・自発・可能,受身・尊敬・自発・可能,文脈と主語を手掛かりに、受身・尊敬・自発・可能を判別する。,なし,なし,なし,なし,なし,なし,文部科学省「高等学校学習指導要領解説 国語編」・標準学校文法（複数資料照合）,https://www.mext.go.jp/content/20250410-mxt_kyoiku01-100002620_02.pdf,助動詞=じょどうし
古文_Deck1_最重要単語・文法_300,CJ-000010,10,Deck1_最重要単語・文法,文法,助動詞,る,る,なし,助動詞,品詞=助動詞;接続=四段・ナ変・ラ変の未然形;活用=下二段型;主な意味=受身｜尊敬｜自発｜可能,CJ-000010-C02,connection,接続,助動詞「る」は原則として何形に接続するか。,四段・ナ変・ラ変の未然形,四段・ナ変・ラ変の未然形,接続は「四段・ナ変・ラ変の未然形」。識別では直前の活用形を確認する。,なし,なし,なし,なし,なし,なし,文部科学省「高等学校学習指導要領解説 国語編」・標準学校文法（複数資料照合）,https://www.mext.go.jp/content/20250410-mxt_kyoiku01-100002620_02.pdf,接続=せつぞく
古文_Deck1_最重要単語・文法_300,CJ-000010,10,Deck1_最重要単語・文法,文法,助動詞,る,る,なし,助動詞,品詞=助動詞;接続=四段・ナ変・ラ変の未然形;活用=下二段型;主な意味=受身｜尊敬｜自発｜可能,CJ-000010-C03,identification,自発の目印,心情・知覚を表す動詞に付く助動詞「る」は、何の意味になりやすいか。,自発,自発,「思ふ・偲ぶ・泣く」など心の動きに付けば、「自然と〜される」の自発を考える。,なし,なし,なし,尊敬,高貴な主語なら尊敬、心情・知覚なら自発が有力。,なし,文部科学省「高等学校学習指導要領解説 国語編」・標準学校文法（複数資料照合）,https://www.mext.go.jp/content/20250410-mxt_kyoiku01-100002620_02.pdf,自発=じはつ｜知覚=ちかく
古文_Deck1_最重要単語・文法_300,CJ-000011,11,Deck1_最重要単語・文法,文法,助動詞,らる,らる,なし,助動詞,品詞=助動詞;接続=四段・ナ変・ラ変以外の未然形;活用=下二段型;主な意味=受身｜尊敬｜自発｜可能,CJ-000011-C01,auxiliary_meaning,主要な意味,助動詞「らる」の主要な意味を4つ答えよ。,受身・尊敬・自発・可能,受身・尊敬・自発・可能,文脈と主語を手掛かりに、受身・尊敬・自発・可能を判別する。,なし,なし,なし,なし,なし,なし,文部科学省「高等学校学習指導要領解説 国語編」・標準学校文法（複数資料照合）,https://www.mext.go.jp/content/20250410-mxt_kyoiku01-100002620_02.pdf,助動詞=じょどうし
古文_Deck1_最重要単語・文法_300,CJ-000011,11,Deck1_最重要単語・文法,文法,助動詞,らる,らる,なし,助動詞,品詞=助動詞;接続=四段・ナ変・ラ変以外の未然形;活用=下二段型;主な意味=受身｜尊敬｜自発｜可能,CJ-000011-C02,connection,接続,助動詞「らる」は原則として何形に接続するか。,四段・ナ変・ラ変以外の未然形,四段・ナ変・ラ変以外の未然形,接続は「四段・ナ変・ラ変以外の未然形」。識別では直前の活用形を確認する。,なし,なし,なし,なし,なし,なし,文部科学省「高等学校学習指導要領解説 国語編」・標準学校文法（複数資料照合）,https://www.mext.go.jp/content/20250410-mxt_kyoiku01-100002620_02.pdf,接続=せつぞく
古文_Deck1_最重要単語・文法_300,CJ-000011,11,Deck1_最重要単語・文法,文法,助動詞,らる,らる,なし,助動詞,品詞=助動詞;接続=四段・ナ変・ラ変以外の未然形;活用=下二段型;主な意味=受身｜尊敬｜自発｜可能,CJ-000011-C03,identification,受身と尊敬の判定,助動詞「らる」が高貴な人物の動作に付くとき、まず考える意味は何か。,尊敬,尊敬,主語が高貴な人物なら尊敬が有力。受身では動作主を示す「に」などが手掛かりになる。,なし,なし,なし,受身,主語の身分と、動作主を示す語の有無を見る。,なし,文部科学省「高等学校学習指導要領解説 国語編」・標準学校文法（複数資料照合）,https://www.mext.go.jp/content/20250410-mxt_kyoiku01-100002620_02.pdf,高貴=こうき
古文_Deck1_最重要単語・文法_300,CJ-000012,12,Deck1_最重要単語・文法,文法,助動詞,す,す,なし,助動詞,品詞=助動詞;接続=四段・ナ変・ラ変の未然形;活用=下二段型;主な意味=使役｜尊敬,CJ-000012-C01,auxiliary_meaning,主要な意味,助動詞「す」の主要な意味を2つ答えよ。,使役・尊敬,使役・尊敬,文脈と主語を手掛かりに、使役・尊敬を判別する。,なし,なし,なし,なし,なし,なし,文部科学省「高等学校学習指導要領解説 国語編」・標準学校文法（複数資料照合）,https://www.mext.go.jp/content/20250410-mxt_kyoiku01-100002620_02.pdf,助動詞=じょどうし
古文_Deck1_最重要単語・文法_300,CJ-000012,12,Deck1_最重要単語・文法,文法,助動詞,す,す,なし,助動詞,品詞=助動詞;接続=四段・ナ変・ラ変の未然形;活用=下二段型;主な意味=使役｜尊敬,CJ-000012-C02,connection,接続,助動詞「す」は原則として何形に接続するか。,四段・ナ変・ラ変の未然形,四段・ナ変・ラ変の未然形,接続は「四段・ナ変・ラ変の未然形」。識別では直前の活用形を確認する。,なし,なし,なし,なし,なし,なし,文部科学省「高等学校学習指導要領解説 国語編」・標準学校文法（複数資料照合）,https://www.mext.go.jp/content/20250410-mxt_kyoiku01-100002620_02.pdf,接続=せつぞく
古文_Deck1_最重要単語・文法_300,CJ-000012,12,Deck1_最重要単語・文法,文法,助動詞,す,す,なし,助動詞,品詞=助動詞;接続=四段・ナ変・ラ変の未然形;活用=下二段型;主な意味=使役｜尊敬,CJ-000012-C03,identification,尊敬用法の目印,助動詞「す」が尊敬語と重なり、高貴な人物の動作を表すときの意味は何か。,尊敬,尊敬,「せ給ふ」など、尊敬語を伴う場合は尊敬用法を考える。,なし,なし,なし,使役,使役なら動作をさせられる相手が文脈に現れやすい。,なし,文部科学省「高等学校学習指導要領解説 国語編」・標準学校文法（複数資料照合）,https://www.mext.go.jp/content/20250410-mxt_kyoiku01-100002620_02.pdf,使役=しえき
古文_Deck1_最重要単語・文法_300,CJ-000013,13,Deck1_最重要単語・文法,文法,助動詞,さす,さす,なし,助動詞,品詞=助動詞;接続=四段・ナ変・ラ変以外の未然形;活用=下二段型;主な意味=使役｜尊敬,CJ-000013-C01,auxiliary_meaning,主要な意味,助動詞「さす」の主要な意味を2つ答えよ。,使役・尊敬,使役・尊敬,文脈と主語を手掛かりに、使役・尊敬を判別する。,なし,なし,なし,す,意味は同じだが、接続する動詞の活用種類が異なる。,なし,文部科学省「高等学校学習指導要領解説 国語編」・標準学校文法（複数資料照合）,https://www.mext.go.jp/content/20250410-mxt_kyoiku01-100002620_02.pdf,助動詞=じょどうし
古文_Deck1_最重要単語・文法_300,CJ-000013,13,Deck1_最重要単語・文法,文法,助動詞,さす,さす,なし,助動詞,品詞=助動詞;接続=四段・ナ変・ラ変以外の未然形;活用=下二段型;主な意味=使役｜尊敬,CJ-000013-C02,connection,接続,助動詞「さす」は原則として何形に接続するか。,四段・ナ変・ラ変以外の未然形,四段・ナ変・ラ変以外の未然形,接続は「四段・ナ変・ラ変以外の未然形」。識別では直前の活用形を確認する。,なし,なし,なし,す,意味は同じだが、接続する動詞の活用種類が異なる。,なし,文部科学省「高等学校学習指導要領解説 国語編」・標準学校文法（複数資料照合）,https://www.mext.go.jp/content/20250410-mxt_kyoiku01-100002620_02.pdf,接続=せつぞく
古文_Deck1_最重要単語・文法_300,CJ-000014,14,Deck1_最重要単語・文法,文法,助動詞,しむ,しむ,なし,助動詞,品詞=助動詞;接続=未然形;活用=下二段型;主な意味=使役｜尊敬,CJ-000014-C01,auxiliary_meaning,主要な意味,助動詞「しむ」の主要な意味を2つ答えよ。,使役・尊敬,使役・尊敬,文脈と主語を手掛かりに、使役・尊敬を判別する。,なし,なし,なし,なし,なし,なし,文部科学省「高等学校学習指導要領解説 国語編」・標準学校文法（複数資料照合）,https://www.mext.go.jp/content/20250410-mxt_kyoiku01-100002620_02.pdf,助動詞=じょどうし
古文_Deck1_最重要単語・文法_300,CJ-000014,14,Deck1_最重要単語・文法,文法,助動詞,しむ,しむ,なし,助動詞,品詞=助動詞;接続=未然形;活用=下二段型;主な意味=使役｜尊敬,CJ-000014-C02,connection,接続,助動詞「しむ」は原則として何形に接続するか。,未然形,未然形,接続は「未然形」。識別では直前の活用形を確認する。,なし,なし,なし,なし,なし,なし,文部科学省「高等学校学習指導要領解説 国語編」・標準学校文法（複数資料照合）,https://www.mext.go.jp/content/20250410-mxt_kyoiku01-100002620_02.pdf,接続=せつぞく
古文_Deck1_最重要単語・文法_300,CJ-000014,14,Deck1_最重要単語・文法,文法,助動詞,しむ,しむ,なし,助動詞,品詞=助動詞;接続=未然形;活用=下二段型;主な意味=使役｜尊敬,CJ-000014-C03,identification,尊敬用法の目印,助動詞「しむ」が尊敬語を伴って高貴な人物の動作を表すときの意味は何か。,尊敬,尊敬,使役対象が見えず、尊敬語と重なる場合は尊敬用法を考える。,なし,なし,なし,使役,使役では「誰に何をさせるか」が文脈に現れやすい。,なし,文部科学省「高等学校学習指導要領解説 国語編」・標準学校文法（複数資料照合）,https://www.mext.go.jp/content/20250410-mxt_kyoiku01-100002620_02.pdf,使役=しえき
古文_Deck1_最重要単語・文法_300,CJ-000015,15,Deck1_最重要単語・文法,文法,助動詞,らむ,らむ,なし,助動詞,品詞=助動詞;接続=終止形（ラ変は連体形）;活用=四段型;主な意味=現在推量｜現在の原因推量｜伝聞｜婉曲,CJ-000015-C01,auxiliary_meaning,主要な意味,助動詞「らむ」の主要な意味を4つ答えよ。,現在推量・現在の原因推量・伝聞・婉曲,現在推量・現在の原因推量・伝聞・婉曲,文脈と主語を手掛かりに、現在推量・現在の原因推量・伝聞・婉曲を判別する。,なし,なし,なし,けむ,「らむ」は現在、「けむ」は過去。,なし,文部科学省「高等学校学習指導要領解説 国語編」・標準学校文法（複数資料照合）,https://www.mext.go.jp/content/20250410-mxt_kyoiku01-100002620_02.pdf,助動詞=じょどうし
古文_Deck1_最重要単語・文法_300,CJ-000015,15,Deck1_最重要単語・文法,文法,助動詞,らむ,らむ,なし,助動詞,品詞=助動詞;接続=終止形（ラ変は連体形）;活用=四段型;主な意味=現在推量｜現在の原因推量｜伝聞｜婉曲,CJ-000015-C02,connection,接続,助動詞「らむ」は原則として何形に接続するか。,終止形（ラ変は連体形）,終止形（ラ変は連体形）,接続は「終止形（ラ変は連体形）」。識別では直前の活用形を確認する。,なし,なし,なし,けむ,「らむ」は現在、「けむ」は過去。,なし,文部科学省「高等学校学習指導要領解説 国語編」・標準学校文法（複数資料照合）,https://www.mext.go.jp/content/20250410-mxt_kyoiku01-100002620_02.pdf,接続=せつぞく
古文_Deck1_最重要単語・文法_300,CJ-000015,15,Deck1_最重要単語・文法,文法,助動詞,らむ,らむ,なし,助動詞,品詞=助動詞;接続=終止形（ラ変は連体形）;活用=四段型;主な意味=現在推量｜現在の原因推量｜伝聞｜婉曲,CJ-000015-C03,identification,時間の基準,助動詞「らむ」が推量する時間は、原則として現在・過去のどちらか。,現在,現在,今見えない場所で起きていることや、目の前の事実の現在原因を推量する。,なし,なし,なし,けむ,「らむ」は現在、「けむ」は過去を推量する。,なし,文部科学省「高等学校学習指導要領解説 国語編」・標準学校文法（複数資料照合）,https://www.mext.go.jp/content/20250410-mxt_kyoiku01-100002620_02.pdf,原因推量=げんいんすいりょう
古文_Deck1_最重要単語・文法_300,CJ-000016,16,Deck1_最重要単語・文法,文法,助動詞,けむ,けむ,なし,助動詞,品詞=助動詞;接続=連用形;活用=四段型;主な意味=過去推量｜過去の原因推量｜伝聞｜婉曲,CJ-000016-C01,auxiliary_meaning,主要な意味,助動詞「けむ」の主要な意味を4つ答えよ。,過去推量・過去の原因推量・伝聞・婉曲,過去推量・過去の原因推量・伝聞・婉曲,文脈と主語を手掛かりに、過去推量・過去の原因推量・伝聞・婉曲を判別する。,なし,なし,なし,らむ,「けむ」は過去、「らむ」は現在。,なし,文部科学省「高等学校学習指導要領解説 国語編」・標準学校文法（複数資料照合）,https://www.mext.go.jp/content/20250410-mxt_kyoiku01-100002620_02.pdf,助動詞=じょどうし
古文_Deck1_最重要単語・文法_300,CJ-000016,16,Deck1_最重要単語・文法,文法,助動詞,けむ,けむ,なし,助動詞,品詞=助動詞;接続=連用形;活用=四段型;主な意味=過去推量｜過去の原因推量｜伝聞｜婉曲,CJ-000016-C02,connection,接続,助動詞「けむ」は原則として何形に接続するか。,連用形,連用形,接続は「連用形」。識別では直前の活用形を確認する。,なし,なし,なし,らむ,「けむ」は過去、「らむ」は現在。,なし,文部科学省「高等学校学習指導要領解説 国語編」・標準学校文法（複数資料照合）,https://www.mext.go.jp/content/20250410-mxt_kyoiku01-100002620_02.pdf,接続=せつぞく
古文_Deck1_最重要単語・文法_300,CJ-000016,16,Deck1_最重要単語・文法,文法,助動詞,けむ,けむ,なし,助動詞,品詞=助動詞;接続=連用形;活用=四段型;主な意味=過去推量｜過去の原因推量｜伝聞｜婉曲,CJ-000016-C03,identification,時間の基準,助動詞「けむ」が推量する時間は、原則として現在・過去のどちらか。,過去,過去,過去の出来事や、その出来事が起きた理由を推量する。,なし,なし,なし,らむ,「けむ」は過去、「らむ」は現在。,なし,文部科学省「高等学校学習指導要領解説 国語編」・標準学校文法（複数資料照合）,https://www.mext.go.jp/content/20250410-mxt_kyoiku01-100002620_02.pdf,過去推量=かこすいりょう
古文_Deck1_最重要単語・文法_300,CJ-000017,17,Deck1_最重要単語・文法,文法,助動詞,まし,まし,なし,助動詞,品詞=助動詞;接続=未然形;活用=特殊型;主な意味=反実仮想｜ためらいの意志｜実現不可能な願望,CJ-000017-C01,auxiliary_meaning,主要な意味,助動詞「まし」の主要な意味を3つ答えよ。,反実仮想・ためらいの意志・実現不可能な願望,反実仮想・ためらいの意志・実現不可能な願望,文脈と主語を手掛かりに、反実仮想・ためらいの意志・実現不可能な願望を判別する。,なし,なし,なし,なし,なし,なし,文部科学省「高等学校学習指導要領解説 国語編」・標準学校文法（複数資料照合）,https://www.mext.go.jp/content/20250410-mxt_kyoiku01-100002620_02.pdf,助動詞=じょどうし
古文_Deck1_最重要単語・文法_300,CJ-000017,17,Deck1_最重要単語・文法,文法,助動詞,まし,まし,なし,助動詞,品詞=助動詞;接続=未然形;活用=特殊型;主な意味=反実仮想｜ためらいの意志｜実現不可能な願望,CJ-000017-C02,connection,接続,助動詞「まし」は原則として何形に接続するか。,未然形,未然形,接続は「未然形」。識別では直前の活用形を確認する。,なし,なし,なし,なし,なし,なし,文部科学省「高等学校学習指導要領解説 国語編」・標準学校文法（複数資料照合）,https://www.mext.go.jp/content/20250410-mxt_kyoiku01-100002620_02.pdf,接続=せつぞく
古文_Deck1_最重要単語・文法_300,CJ-000017,17,Deck1_最重要単語・文法,文法,助動詞,まし,まし,なし,助動詞,品詞=助動詞;接続=未然形;活用=特殊型;主な意味=反実仮想｜ためらいの意志｜実現不可能な願望,CJ-000017-C03,identification,反実仮想の基本訳,助動詞「まし」が反実仮想を表すとき、どのように訳すか。,もし〜なら、…だろうに,もし〜なら、…だろうに｜もし〜なら…だろうに｜〜たなら…ただろうに,現実とは異なる事態を仮定し、その結果を想像する。,なし,なし,なし,む,「まし」は現実に反する仮定や迷いを含む。,なし,文部科学省「高等学校学習指導要領解説 国語編」・標準学校文法（複数資料照合）,https://www.mext.go.jp/content/20250410-mxt_kyoiku01-100002620_02.pdf,反実仮想=はんじつかそう
古文_Deck1_最重要単語・文法_300,CJ-000018,18,Deck1_最重要単語・文法,文法,助動詞,じ,じ,なし,助動詞,品詞=助動詞;接続=未然形;活用=特殊型;主な意味=打消推量｜打消意志,CJ-000018-C01,auxiliary_meaning,主要な意味,助動詞「じ」の主要な意味を2つ答えよ。,打消推量・打消意志,打消推量・打消意志,文脈と主語を手掛かりに、打消推量・打消意志を判別する。,なし,なし,なし,なし,なし,なし,文部科学省「高等学校学習指導要領解説 国語編」・標準学校文法（複数資料照合）,https://www.mext.go.jp/content/20250410-mxt_kyoiku01-100002620_02.pdf,助動詞=じょどうし
古文_Deck1_最重要単語・文法_300,CJ-000018,18,Deck1_最重要単語・文法,文法,助動詞,じ,じ,なし,助動詞,品詞=助動詞;接続=未然形;活用=特殊型;主な意味=打消推量｜打消意志,CJ-000018-C02,connection,接続,助動詞「じ」は原則として何形に接続するか。,未然形,未然形,接続は「未然形」。識別では直前の活用形を確認する。,なし,なし,なし,なし,なし,なし,文部科学省「高等学校学習指導要領解説 国語編」・標準学校文法（複数資料照合）,https://www.mext.go.jp/content/20250410-mxt_kyoiku01-100002620_02.pdf,接続=せつぞく
古文_Deck1_最重要単語・文法_300,CJ-000018,18,Deck1_最重要単語・文法,文法,助動詞,じ,じ,なし,助動詞,品詞=助動詞;接続=未然形;活用=特殊型;主な意味=打消推量｜打消意志,CJ-000018-C03,identification,人称による基本判定,文末の助動詞「じ」で、主語が一人称なら基本的に何の意味か。,打消意志,打消意志｜〜まい,一人称なら「〜するまい」の打消意志、三人称なら「〜ないだろう」の打消推量が基本。,なし,なし,なし,まじ,「じ」は主に打消推量・打消意志の二つ。,なし,文部科学省「高等学校学習指導要領解説 国語編」・標準学校文法（複数資料照合）,https://www.mext.go.jp/content/20250410-mxt_kyoiku01-100002620_02.pdf,打消推量=うちけしすいりょう
古文_Deck1_最重要単語・文法_300,CJ-000019,19,Deck1_最重要単語・文法,文法,助動詞,まじ,まじ,なし,助動詞,品詞=助動詞;接続=終止形（ラ変は連体形）;活用=シク活用型;主な意味=打消推量｜打消意志｜不可能｜打消当然｜禁止｜不適当,CJ-000019-C01,auxiliary_meaning,主要な意味,助動詞「まじ」の主要な意味を6つ答えよ。,打消推量・打消意志・不可能・打消当然・禁止・不適当,打消推量・打消意志・不可能・打消当然・禁止・不適当,文脈と主語を手掛かりに、打消推量・打消意志・不可能・打消当然・禁止・不適当を判別する。,なし,なし,なし,なし,なし,なし,文部科学省「高等学校学習指導要領解説 国語編」・標準学校文法（複数資料照合）,https://www.mext.go.jp/content/20250410-mxt_kyoiku01-100002620_02.pdf,助動詞=じょどうし
古文_Deck1_最重要単語・文法_300,CJ-000019,19,Deck1_最重要単語・文法,文法,助動詞,まじ,まじ,なし,助動詞,品詞=助動詞;接続=終止形（ラ変は連体形）;活用=シク活用型;主な意味=打消推量｜打消意志｜不可能｜打消当然｜禁止｜不適当,CJ-000019-C02,connection,接続,助動詞「まじ」は原則として何形に接続するか。,終止形（ラ変は連体形）,終止形（ラ変は連体形）,接続は「終止形（ラ変は連体形）」。識別では直前の活用形を確認する。,なし,なし,なし,なし,なし,なし,文部科学省「高等学校学習指導要領解説 国語編」・標準学校文法（複数資料照合）,https://www.mext.go.jp/content/20250410-mxt_kyoiku01-100002620_02.pdf,接続=せつぞく
古文_Deck1_最重要単語・文法_300,CJ-000019,19,Deck1_最重要単語・文法,文法,助動詞,まじ,まじ,なし,助動詞,品詞=助動詞;接続=終止形（ラ変は連体形）;活用=シク活用型;主な意味=打消推量｜打消意志｜不可能｜打消当然｜禁止｜不適当,CJ-000019-C03,identification,可能の否定,助動詞「まじ」が能力・状況上「〜できない」を表す意味は何か。,不可能,不可能,文脈上、実行できないことを述べる場合は不可能。,なし,なし,なし,じ,「まじ」は不可能・禁止・不適当など、より広い否定を表す。,なし,文部科学省「高等学校学習指導要領解説 国語編」・標準学校文法（複数資料照合）,https://www.mext.go.jp/content/20250410-mxt_kyoiku01-100002620_02.pdf,不可能=ふかのう
古文_Deck1_最重要単語・文法_300,CJ-000020,20,Deck1_最重要単語・文法,文法,助動詞,まほし,まほし,なし,助動詞,品詞=助動詞;接続=未然形;活用=シク活用型;主な意味=願望,CJ-000020-C01,auxiliary_meaning,主要な意味,助動詞「まほし」の主要な意味を1つ答えよ。,願望,願望,文脈と主語を手掛かりに、願望を判別する。,なし,なし,なし,たし,「まほし」は未然形接続、「たし」は連用形接続。,なし,文部科学省「高等学校学習指導要領解説 国語編」・標準学校文法（複数資料照合）,https://www.mext.go.jp/content/20250410-mxt_kyoiku01-100002620_02.pdf,助動詞=じょどうし
古文_Deck1_最重要単語・文法_300,CJ-000020,20,Deck1_最重要単語・文法,文法,助動詞,まほし,まほし,なし,助動詞,品詞=助動詞;接続=未然形;活用=シク活用型;主な意味=願望,CJ-000020-C02,connection,接続,助動詞「まほし」は原則として何形に接続するか。,未然形,未然形,接続は「未然形」。識別では直前の活用形を確認する。,なし,なし,なし,たし,「まほし」は未然形接続、「たし」は連用形接続。,なし,文部科学省「高等学校学習指導要領解説 国語編」・標準学校文法（複数資料照合）,https://www.mext.go.jp/content/20250410-mxt_kyoiku01-100002620_02.pdf,接続=せつぞく
古文_Deck1_最重要単語・文法_300,CJ-000020,20,Deck1_最重要単語・文法,文法,助動詞,まほし,まほし,なし,助動詞,品詞=助動詞;接続=未然形;活用=シク活用型;主な意味=願望,CJ-000020-C03,meaning,基本訳,助動詞「まほし」はどのように訳すか。,〜たい,〜たい｜〜てほしい,自分の願望なら「〜たい」、他者への願望なら「〜てほしい」となる。,なし,なし,なし,たし,「まほし」は未然形接続、「たし」は連用形接続。,なし,文部科学省「高等学校学習指導要領解説 国語編」・標準学校文法（複数資料照合）,https://www.mext.go.jp/content/20250410-mxt_kyoiku01-100002620_02.pdf,願望=がんぼう
古文_Deck1_最重要単語・文法_300,CJ-000021,21,Deck1_最重要単語・文法,文法,助動詞,たし,たし,なし,助動詞,品詞=助動詞;接続=連用形;活用=ク活用型;主な意味=願望,CJ-000021-C01,auxiliary_meaning,主要な意味,助動詞「たし」の主要な意味を1つ答えよ。,願望,願望,文脈と主語を手掛かりに、願望を判別する。,なし,なし,なし,まほし,「たし」は連用形接続、「まほし」は未然形接続。,なし,文部科学省「高等学校学習指導要領解説 国語編」・標準学校文法（複数資料照合）,https://www.mext.go.jp/content/20250410-mxt_kyoiku01-100002620_02.pdf,助動詞=じょどうし
古文_Deck1_最重要単語・文法_300,CJ-000021,21,Deck1_最重要単語・文法,文法,助動詞,たし,たし,なし,助動詞,品詞=助動詞;接続=連用形;活用=ク活用型;主な意味=願望,CJ-000021-C02,connection,接続,助動詞「たし」は原則として何形に接続するか。,連用形,連用形,接続は「連用形」。識別では直前の活用形を確認する。,なし,なし,なし,まほし,「たし」は連用形接続、「まほし」は未然形接続。,なし,文部科学省「高等学校学習指導要領解説 国語編」・標準学校文法（複数資料照合）,https://www.mext.go.jp/content/20250410-mxt_kyoiku01-100002620_02.pdf,接続=せつぞく
古文_Deck1_最重要単語・文法_300,CJ-000021,21,Deck1_最重要単語・文法,文法,助動詞,たし,たし,なし,助動詞,品詞=助動詞;接続=連用形;活用=ク活用型;主な意味=願望,CJ-000021-C03,meaning,基本訳,助動詞「たし」はどのように訳すか。,〜たい,〜たい｜〜てほしい,話し手自身の願望にも、他者への願望にも用いる。,なし,なし,なし,まほし,「たし」は連用形接続、「まほし」は未然形接続。,なし,文部科学省「高等学校学習指導要領解説 国語編」・標準学校文法（複数資料照合）,https://www.mext.go.jp/content/20250410-mxt_kyoiku01-100002620_02.pdf,願望=がんぼう
古文_Deck1_最重要単語・文法_300,CJ-000022,22,Deck1_最重要単語・文法,文法,助動詞,なり（断定）,なり（だんてい）,なし,助動詞,品詞=助動詞;接続=体言・連体形;活用=ナリ活用型;主な意味=断定｜存在,CJ-000022-C01,auxiliary_meaning,主要な意味,助動詞「なり（断定）」の主要な意味を2つ答えよ。,断定・存在,断定・存在,文脈と主語を手掛かりに、断定・存在を判別する。,なし,なし,なし,なり（伝聞・推定）,接続が決定的。断定は体言・連体形、伝聞・推定は終止形。,なし,文部科学省「高等学校学習指導要領解説 国語編」・標準学校文法（複数資料照合）,https://www.mext.go.jp/content/20250410-mxt_kyoiku01-100002620_02.pdf,助動詞=じょどうし
古文_Deck1_最重要単語・文法_300,CJ-000022,22,Deck1_最重要単語・文法,文法,助動詞,なり（断定）,なり（だんてい）,なし,助動詞,品詞=助動詞;接続=体言・連体形;活用=ナリ活用型;主な意味=断定｜存在,CJ-000022-C02,connection,接続,助動詞「なり（断定）」は原則として何形に接続するか。,体言・連体形,体言・連体形,接続は「体言・連体形」。識別では直前の活用形を確認する。,なし,なし,なし,なり（伝聞・推定）,接続が決定的。断定は体言・連体形、伝聞・推定は終止形。,なし,文部科学省「高等学校学習指導要領解説 国語編」・標準学校文法（複数資料照合）,https://www.mext.go.jp/content/20250410-mxt_kyoiku01-100002620_02.pdf,接続=せつぞく
古文_Deck1_最重要単語・文法_300,CJ-000022,22,Deck1_最重要単語・文法,文法,助動詞,なり（断定）,なり（だんてい）,なし,助動詞,品詞=助動詞;接続=体言・連体形;活用=ナリ活用型;主な意味=断定｜存在,CJ-000022-C03,identification,接続による識別,体言または連体形に接続する「なり」は、断定と伝聞・推定のどちらか。,断定,断定,断定の「なり」は体言・連体形に接続し、「〜である」と訳す。,なし,なし,なし,なり（伝聞・推定）,断定は体言・連体形接続、伝聞・推定は終止形接続。,なし,文部科学省「高等学校学習指導要領解説 国語編」・標準学校文法（複数資料照合）,https://www.mext.go.jp/content/20250410-mxt_kyoiku01-100002620_02.pdf,断定=だんてい
古文_Deck1_最重要単語・文法_300,CJ-000023,23,Deck1_最重要単語・文法,文法,助動詞,たり（断定）,たり（だんてい）,なし,助動詞,品詞=助動詞;接続=体言;活用=タリ活用型;主な意味=断定,CJ-000023-C01,auxiliary_meaning,主要な意味,助動詞「たり（断定）」の主要な意味を1つ答えよ。,断定,断定,文脈と主語を手掛かりに、断定を判別する。,なし,なし,なし,たり（完了・存続）,断定は体言接続、完了・存続は連用形接続。,なし,文部科学省「高等学校学習指導要領解説 国語編」・標準学校文法（複数資料照合）,https://www.mext.go.jp/content/20250410-mxt_kyoiku01-100002620_02.pdf,助動詞=じょどうし
古文_Deck1_最重要単語・文法_300,CJ-000023,23,Deck1_最重要単語・文法,文法,助動詞,たり（断定）,たり（だんてい）,なし,助動詞,品詞=助動詞;接続=体言;活用=タリ活用型;主な意味=断定,CJ-000023-C02,connection,接続,助動詞「たり（断定）」は原則として何形に接続するか。,体言,体言,接続は「体言」。識別では直前の活用形を確認する。,なし,なし,なし,たり（完了・存続）,断定は体言接続、完了・存続は連用形接続。,なし,文部科学省「高等学校学習指導要領解説 国語編」・標準学校文法（複数資料照合）,https://www.mext.go.jp/content/20250410-mxt_kyoiku01-100002620_02.pdf,接続=せつぞく
古文_Deck1_最重要単語・文法_300,CJ-000023,23,Deck1_最重要単語・文法,文法,助動詞,たり（断定）,たり（だんてい）,なし,助動詞,品詞=助動詞;接続=体言;活用=タリ活用型;主な意味=断定,CJ-000023-C03,identification,完了との識別,体言に接続する「たり」は、完了・存続と断定のどちらか。,断定,断定,断定の「たり」は体言に付き、「〜である」と訳す。,なし,なし,なし,たり（完了・存続）,断定は体言接続、完了・存続は連用形接続。,なし,文部科学省「高等学校学習指導要領解説 国語編」・標準学校文法（複数資料照合）,https://www.mext.go.jp/content/20250410-mxt_kyoiku01-100002620_02.pdf,体言=たいげん
古文_Deck1_最重要単語・文法_300,CJ-000024,24,Deck1_最重要単語・文法,文法,助動詞,なり（伝聞・推定）,なり（でんぶん・すいてい）,なし,助動詞,品詞=助動詞;接続=終止形（ラ変は連体形）;活用=ラ変型;主な意味=伝聞｜推定,CJ-000024-C01,auxiliary_meaning,主要な意味,助動詞「なり（伝聞・推定）」の主要な意味を2つ答えよ。,伝聞・推定,伝聞・推定,文脈と主語を手掛かりに、伝聞・推定を判別する。,なし,なし,なし,なり（断定）,伝聞・推定は終止形接続、断定は体言・連体形接続。,なし,文部科学省「高等学校学習指導要領解説 国語編」・標準学校文法（複数資料照合）,https://www.mext.go.jp/content/20250410-mxt_kyoiku01-100002620_02.pdf,助動詞=じょどうし
古文_Deck1_最重要単語・文法_300,CJ-000024,24,Deck1_最重要単語・文法,文法,助動詞,なり（伝聞・推定）,なり（でんぶん・すいてい）,なし,助動詞,品詞=助動詞;接続=終止形（ラ変は連体形）;活用=ラ変型;主な意味=伝聞｜推定,CJ-000024-C02,connection,接続,助動詞「なり（伝聞・推定）」は原則として何形に接続するか。,終止形（ラ変は連体形）,終止形（ラ変は連体形）,接続は「終止形（ラ変は連体形）」。識別では直前の活用形を確認する。,なし,なし,なし,なり（断定）,伝聞・推定は終止形接続、断定は体言・連体形接続。,なし,文部科学省「高等学校学習指導要領解説 国語編」・標準学校文法（複数資料照合）,https://www.mext.go.jp/content/20250410-mxt_kyoiku01-100002620_02.pdf,接続=せつぞく
古文_Deck1_最重要単語・文法_300,CJ-000024,24,Deck1_最重要単語・文法,文法,助動詞,なり（伝聞・推定）,なり（でんぶん・すいてい）,なし,助動詞,品詞=助動詞;接続=終止形（ラ変は連体形）;活用=ラ変型;主な意味=伝聞｜推定,CJ-000024-C03,identification,推定の根拠,助動詞「なり」の推定は、主に何を根拠とするか。,耳で聞いた音や声,耳で聞いた音や声｜聴覚的根拠,音・声など聴覚的な根拠から「〜ようだ」と推定する。,なし,なし,なし,めり,「なり」は聴覚的根拠、「めり」は視覚的根拠。,なし,文部科学省「高等学校学習指導要領解説 国語編」・標準学校文法（複数資料照合）,https://www.mext.go.jp/content/20250410-mxt_kyoiku01-100002620_02.pdf,聴覚=ちょうかく｜推定=すいてい
古文_Deck1_最重要単語・文法_300,CJ-000025,25,Deck1_最重要単語・文法,文法,助動詞,めり,めり,なし,助動詞,品詞=助動詞;接続=終止形（ラ変は連体形）;活用=ラ変型;主な意味=推定｜婉曲,CJ-000025-C01,auxiliary_meaning,主要な意味,助動詞「めり」の主要な意味を2つ答えよ。,推定・婉曲,推定・婉曲,文脈と主語を手掛かりに、推定・婉曲を判別する。,なし,なし,なし,なり（伝聞・推定）,「めり」は視覚的推定、「なり」は聴覚的推定。,なし,文部科学省「高等学校学習指導要領解説 国語編」・標準学校文法（複数資料照合）,https://www.mext.go.jp/content/20250410-mxt_kyoiku01-100002620_02.pdf,助動詞=じょどうし
古文_Deck1_最重要単語・文法_300,CJ-000025,25,Deck1_最重要単語・文法,文法,助動詞,めり,めり,なし,助動詞,品詞=助動詞;接続=終止形（ラ変は連体形）;活用=ラ変型;主な意味=推定｜婉曲,CJ-000025-C02,connection,接続,助動詞「めり」は原則として何形に接続するか。,終止形（ラ変は連体形）,終止形（ラ変は連体形）,接続は「終止形（ラ変は連体形）」。識別では直前の活用形を確認する。,なし,なし,なし,なり（伝聞・推定）,「めり」は視覚的推定、「なり」は聴覚的推定。,なし,文部科学省「高等学校学習指導要領解説 国語編」・標準学校文法（複数資料照合）,https://www.mext.go.jp/content/20250410-mxt_kyoiku01-100002620_02.pdf,接続=せつぞく
古文_Deck1_最重要単語・文法_300,CJ-000025,25,Deck1_最重要単語・文法,文法,助動詞,めり,めり,なし,助動詞,品詞=助動詞;接続=終止形（ラ変は連体形）;活用=ラ変型;主な意味=推定｜婉曲,CJ-000025-C03,identification,推定の根拠,助動詞「めり」の推定は、主に何を根拠とするか。,目に見える様子,目に見える様子｜視覚的根拠,外から見える様子を根拠に「〜ようだ」と推定する。,なし,なし,なし,なり（伝聞・推定）,「めり」は視覚、「なり」は聴覚を手掛かりにする。,なし,文部科学省「高等学校学習指導要領解説 国語編」・標準学校文法（複数資料照合）,https://www.mext.go.jp/content/20250410-mxt_kyoiku01-100002620_02.pdf,視覚=しかく
古文_Deck1_最重要単語・文法_300,CJ-000026,26,Deck1_最重要単語・文法,文法,助動詞,らし,らし,なし,助動詞,品詞=助動詞;接続=終止形（ラ変は連体形）;活用=無変化型;主な意味=推定,CJ-000026-C01,auxiliary_meaning,主要な意味,助動詞「らし」の主要な意味を1つ答えよ。,推定,推定,文脈と主語を手掛かりに、推定を判別する。,なし,なし,なし,なし,なし,なし,文部科学省「高等学校学習指導要領解説 国語編」・標準学校文法（複数資料照合）,https://www.mext.go.jp/content/20250410-mxt_kyoiku01-100002620_02.pdf,助動詞=じょどうし
古文_Deck1_最重要単語・文法_300,CJ-000026,26,Deck1_最重要単語・文法,文法,助動詞,らし,らし,なし,助動詞,品詞=助動詞;接続=終止形（ラ変は連体形）;活用=無変化型;主な意味=推定,CJ-000026-C02,connection,接続,助動詞「らし」は原則として何形に接続するか。,終止形（ラ変は連体形）,終止形（ラ変は連体形）,接続は「終止形（ラ変は連体形）」。識別では直前の活用形を確認する。,なし,なし,なし,なし,なし,なし,文部科学省「高等学校学習指導要領解説 国語編」・標準学校文法（複数資料照合）,https://www.mext.go.jp/content/20250410-mxt_kyoiku01-100002620_02.pdf,接続=せつぞく
古文_Deck1_最重要単語・文法_300,CJ-000026,26,Deck1_最重要単語・文法,文法,助動詞,らし,らし,なし,助動詞,品詞=助動詞;接続=終止形（ラ変は連体形）;活用=無変化型;主な意味=推定,CJ-000026-C03,identification,推定の根拠,助動詞「らし」は、どのような根拠に基づく推定を表すか。,客観的な根拠に基づく推定,客観的な根拠に基づく推定｜根拠のある推定,目の前の事実など、比較的はっきりした根拠から判断する。,なし,なし,なし,めり,「らし」は客観的根拠を伴う推定、「めり」は見た印象からの推定。,なし,文部科学省「高等学校学習指導要領解説 国語編」・標準学校文法（複数資料照合）,https://www.mext.go.jp/content/20250410-mxt_kyoiku01-100002620_02.pdf,客観的=きゃっかんてき
古文_Deck1_最重要単語・文法_300,CJ-000027,27,Deck1_最重要単語・文法,文法,助動詞,ごとし,ごとし,なし,助動詞,品詞=助動詞;接続=体言＋の・連体形・助詞「が」;活用=ク活用型;主な意味=比況｜例示,CJ-000027-C01,auxiliary_meaning,主要な意味,助動詞「ごとし」の主要な意味を2つ答えよ。,比況・例示,比況・例示,文脈と主語を手掛かりに、比況・例示を判別する。,なし,なし,なし,なし,なし,なし,文部科学省「高等学校学習指導要領解説 国語編」・標準学校文法（複数資料照合）,https://www.mext.go.jp/content/20250410-mxt_kyoiku01-100002620_02.pdf,助動詞=じょどうし
古文_Deck1_最重要単語・文法_300,CJ-000027,27,Deck1_最重要単語・文法,文法,助動詞,ごとし,ごとし,なし,助動詞,品詞=助動詞;接続=体言＋の・連体形・助詞「が」;活用=ク活用型;主な意味=比況｜例示,CJ-000027-C02,connection,接続,助動詞「ごとし」は原則として何形に接続するか。,体言＋の・連体形・助詞「が」,体言＋の・連体形・助詞「が」,接続は「体言＋の・連体形・助詞「が」」。識別では直前の活用形を確認する。,なし,なし,なし,なし,なし,なし,文部科学省「高等学校学習指導要領解説 国語編」・標準学校文法（複数資料照合）,https://www.mext.go.jp/content/20250410-mxt_kyoiku01-100002620_02.pdf,接続=せつぞく
古文_Deck1_最重要単語・文法_300,CJ-000027,27,Deck1_最重要単語・文法,文法,助動詞,ごとし,ごとし,なし,助動詞,品詞=助動詞;接続=体言＋の・連体形・助詞「が」;活用=ク活用型;主な意味=比況｜例示,CJ-000027-C03,meaning,基本訳,助動詞「ごとし」の比況の意味はどのように訳すか。,〜のようだ,〜のようだ｜〜と同じだ,あるものを別のものになぞらえる。,なし,なし,なし,なし,なし,なし,文部科学省「高等学校学習指導要領解説 国語編」・標準学校文法（複数資料照合）,https://www.mext.go.jp/content/20250410-mxt_kyoiku01-100002620_02.pdf,比況=ひきょう
古文_Deck1_最重要単語・文法_300,CJ-000028,28,Deck1_最重要単語・文法,文法,接続助詞,ば,ば,なし,接続助詞,品詞=接続助詞;接続=未然形・已然形;主な意味=仮定条件｜確定条件,CJ-000028-C01,connection,未然形接続,接続助詞「ば」が未然形に付くとき、どのような条件を表すか。,仮定条件,仮定条件｜もし〜ならば,未然形＋ばは、まだ実現していない仮定を表す。,なし,なし,なし,已然形＋ば,未然形＋ばは仮定、已然形＋ばは確定条件。,なし,文部科学省「高等学校学習指導要領解説 国語編」・標準学校文法（複数資料照合）,https://www.mext.go.jp/content/20250410-mxt_kyoiku01-100002620_02.pdf,仮定条件=かていじょうけん
古文_Deck1_最重要単語・文法_300,CJ-000028,28,Deck1_最重要単語・文法,文法,接続助詞,ば,ば,なし,接続助詞,品詞=接続助詞;接続=未然形・已然形;主な意味=仮定条件｜確定条件,CJ-000028-C02,connection,已然形接続,接続助詞「ば」が已然形に付くとき、代表的に何を表すか。三つ答えよ。,原因・理由、偶然条件、恒常条件,原因・理由、偶然条件、恒常条件｜原因理由・偶然条件・恒常条件,已然形＋ばは、すでに成立した事実を受けて「〜ので」「〜ところ」「〜といつも」と訳し分ける。,なし,なし,なし,未然形＋ば,直前の活用形と前後の時間関係を見る。,なし,文部科学省「高等学校学習指導要領解説 国語編」・標準学校文法（複数資料照合）,https://www.mext.go.jp/content/20250410-mxt_kyoiku01-100002620_02.pdf,偶然条件=ぐうぜんじょうけん｜恒常条件=こうじょうじょうけん
古文_Deck1_最重要単語・文法_300,CJ-000029,29,Deck1_最重要単語・文法,文法,接続助詞,ど・ども,ど・ども,なし,接続助詞,品詞=接続助詞;接続=已然形;主な意味=逆接確定条件,CJ-000029-C01,connection,接続,接続助詞「ど・ども」は何形に接続するか。,已然形,已然形,已然形に付き、「〜けれども」と逆接する。,なし,なし,なし,なし,なし,なし,文部科学省「高等学校学習指導要領解説 国語編」・標準学校文法（複数資料照合）,https://www.mext.go.jp/content/20250410-mxt_kyoiku01-100002620_02.pdf,逆接=ぎゃくせつ
古文_Deck1_最重要単語・文法_300,CJ-000029,29,Deck1_最重要単語・文法,文法,接続助詞,ど・ども,ど・ども,なし,接続助詞,品詞=接続助詞;接続=已然形;主な意味=逆接確定条件,CJ-000029-C02,meaning,主要な意味,接続助詞「ど・ども」の主要な意味は何か。,逆接確定条件,逆接確定条件｜〜けれども,前件が事実として成立しているのに、予想に反する後件が続く。,なし,なし,なし,なし,なし,なし,文部科学省「高等学校学習指導要領解説 国語編」・標準学校文法（複数資料照合）,https://www.mext.go.jp/content/20250410-mxt_kyoiku01-100002620_02.pdf,なし
古文_Deck1_最重要単語・文法_300,CJ-000030,30,Deck1_最重要単語・文法,文法,接続助詞,て,て,なし,接続助詞,品詞=接続助詞;接続=連用形;主な意味=単純接続｜並列｜原因・理由｜手段・方法,CJ-000030-C01,connection,接続,接続助詞「て」は何形に接続するか。,連用形,連用形,動詞・形容詞などの連用形に付く。,なし,なし,なし,なし,なし,なし,文部科学省「高等学校学習指導要領解説 国語編」・標準学校文法（複数資料照合）,https://www.mext.go.jp/content/20250410-mxt_kyoiku01-100002620_02.pdf,なし
古文_Deck1_最重要単語・文法_300,CJ-000030,30,Deck1_最重要単語・文法,文法,接続助詞,て,て,なし,接続助詞,品詞=接続助詞;接続=連用形;主な意味=単純接続｜並列｜原因・理由｜手段・方法,CJ-000030-C02,meaning,主要用法,接続助詞「て」の主要な用法を四つ答えよ。,単純接続・並列・原因理由・手段方法,単純接続・並列・原因理由・手段方法｜単純接続・並列・原因・手段,前後関係に応じて「〜て」「〜ので」「〜によって」などと訳し分ける。,なし,なし,なし,なし,なし,なし,文部科学省「高等学校学習指導要領解説 国語編」・標準学校文法（複数資料照合）,https://www.mext.go.jp/content/20250410-mxt_kyoiku01-100002620_02.pdf,なし
古文_Deck1_最重要単語・文法_300,CJ-000031,31,Deck1_最重要単語・文法,文法,接続助詞,つつ,つつ,なし,接続助詞,品詞=接続助詞;接続=連用形;主な意味=反復・継続｜同時進行,CJ-000031-C01,connection,接続,接続助詞「つつ」は何形に接続するか。,連用形,連用形,連用形に付き、動作の反復・継続や同時進行を表す。,なし,なし,なし,なし,なし,なし,文部科学省「高等学校学習指導要領解説 国語編」・標準学校文法（複数資料照合）,https://www.mext.go.jp/content/20250410-mxt_kyoiku01-100002620_02.pdf,なし
古文_Deck1_最重要単語・文法_300,CJ-000031,31,Deck1_最重要単語・文法,文法,接続助詞,つつ,つつ,なし,接続助詞,品詞=接続助詞;接続=連用形;主な意味=反復・継続｜同時進行,CJ-000031-C02,meaning,主要な意味,接続助詞「つつ」の主要な意味を二つ答えよ。,反復・継続・同時進行,反復・継続・同時進行｜反復継続・同時進行,「何度も〜して」「〜しながら」と訳す。,なし,なし,なし,なし,なし,なし,文部科学省「高等学校学習指導要領解説 国語編」・標準学校文法（複数資料照合）,https://www.mext.go.jp/content/20250410-mxt_kyoiku01-100002620_02.pdf,なし
古文_Deck1_最重要単語・文法_300,CJ-000032,32,Deck1_最重要単語・文法,文法,接続助詞,ながら,ながら,なし,接続助詞,品詞=接続助詞;接続=連用形・体言など;主な意味=同時進行｜逆接｜状態の継続,CJ-000032-C01,meaning,主要な意味,接続助詞「ながら」の主要な意味を三つ答えよ。,同時進行・逆接・状態の継続,同時進行・逆接・状態の継続｜〜しながら・〜けれども・〜のまま,文脈に応じて「〜しながら」「〜けれども」「〜のまま」と訳す。,なし,なし,なし,なし,なし,なし,文部科学省「高等学校学習指導要領解説 国語編」・標準学校文法（複数資料照合）,https://www.mext.go.jp/content/20250410-mxt_kyoiku01-100002620_02.pdf,なし
古文_Deck1_最重要単語・文法_300,CJ-000033,33,Deck1_最重要単語・文法,文法,接続助詞,ものの,ものの,なし,接続助詞,品詞=接続助詞;接続=連体形;主な意味=逆接確定条件,CJ-000033-C01,connection,接続,接続助詞「ものの」は何形に接続するか。,連体形,連体形,連体形に付き、「〜けれども」と事実を逆接する。,なし,なし,なし,なし,なし,なし,文部科学省「高等学校学習指導要領解説 国語編」・標準学校文法（複数資料照合）,https://www.mext.go.jp/content/20250410-mxt_kyoiku01-100002620_02.pdf,なし
古文_Deck1_最重要単語・文法_300,CJ-000033,33,Deck1_最重要単語・文法,文法,接続助詞,ものの,ものの,なし,接続助詞,品詞=接続助詞;接続=連体形;主な意味=逆接確定条件,CJ-000033-C02,meaning,主要な意味,接続助詞「ものの」の主要な意味は何か。,逆接確定条件,逆接確定条件｜〜けれども,前件を認めながら、反対方向の後件を続ける。,なし,なし,なし,なし,なし,なし,文部科学省「高等学校学習指導要領解説 国語編」・標準学校文法（複数資料照合）,https://www.mext.go.jp/content/20250410-mxt_kyoiku01-100002620_02.pdf,なし
古文_Deck1_最重要単語・文法_300,CJ-000034,34,Deck1_最重要単語・文法,文法,接続助詞,ものを,ものを,なし,接続助詞,品詞=接続助詞;接続=連体形;主な意味=逆接｜詠嘆,CJ-000034-C01,meaning,主要な意味,接続助詞「ものを」の主要な意味を二つ答えよ。,逆接・詠嘆,逆接・詠嘆｜〜のに・〜ものを,「〜のに」と逆接し、文末では残念さや不満をこめた詠嘆になることがある。,なし,なし,なし,なし,なし,なし,文部科学省「高等学校学習指導要領解説 国語編」・標準学校文法（複数資料照合）,https://www.mext.go.jp/content/20250410-mxt_kyoiku01-100002620_02.pdf,詠嘆=えいたん
古文_Deck1_最重要単語・文法_300,CJ-000035,35,Deck1_最重要単語・文法,文法,接続助詞,に（接続助詞）,に（せつぞくじょし）,なし,接続助詞,品詞=接続助詞;接続=連体形;主な意味=逆接｜順接｜単純接続,CJ-000035-C01,connection,接続,接続助詞「に」は何形に接続するか。,連体形,連体形,連体形に付き、前後関係から用法を判定する。,なし,なし,なし,なし,なし,なし,文部科学省「高等学校学習指導要領解説 国語編」・標準学校文法（複数資料照合）,https://www.mext.go.jp/content/20250410-mxt_kyoiku01-100002620_02.pdf,なし
古文_Deck1_最重要単語・文法_300,CJ-000035,35,Deck1_最重要単語・文法,文法,接続助詞,に（接続助詞）,に（せつぞくじょし）,なし,接続助詞,品詞=接続助詞;接続=連体形;主な意味=逆接｜順接｜単純接続,CJ-000035-C02,meaning,主要な意味,接続助詞「に」の主要な意味を三つ答えよ。,逆接・順接・単純接続,逆接・順接・単純接続｜〜のに・〜ので・〜ところ,「〜のに」「〜ので」「〜ところ」などと訳し分ける。,なし,なし,なし,格助詞「に」,接続助詞は活用語の連体形に続き、文と文を結ぶ。,なし,文部科学省「高等学校学習指導要領解説 国語編」・標準学校文法（複数資料照合）,https://www.mext.go.jp/content/20250410-mxt_kyoiku01-100002620_02.pdf,なし
古文_Deck1_最重要単語・文法_300,CJ-000036,36,Deck1_最重要単語・文法,文法,接続助詞,を（接続助詞）,を（せつぞくじょし）,なし,接続助詞,品詞=接続助詞;接続=連体形;主な意味=逆接｜原因・理由｜単純接続,CJ-000036-C01,connection,接続,接続助詞「を」は何形に接続するか。,連体形,連体形,連体形に付き、後続文との関係を示す。,なし,なし,なし,なし,なし,なし,文部科学省「高等学校学習指導要領解説 国語編」・標準学校文法（複数資料照合）,https://www.mext.go.jp/content/20250410-mxt_kyoiku01-100002620_02.pdf,なし
古文_Deck1_最重要単語・文法_300,CJ-000036,36,Deck1_最重要単語・文法,文法,接続助詞,を（接続助詞）,を（せつぞくじょし）,なし,接続助詞,品詞=接続助詞;接続=連体形;主な意味=逆接｜原因・理由｜単純接続,CJ-000036-C02,meaning,主要な意味,接続助詞「を」の主要な意味を三つ答えよ。,逆接・原因理由・単純接続,逆接・原因理由・単純接続｜〜のに・〜ので・〜ところ,格助詞の目的語とは異なり、文と文をつなぐ。,なし,なし,なし,格助詞「を」,接続助詞は連体形に付き、後ろに述語を含む文が続く。,なし,文部科学省「高等学校学習指導要領解説 国語編」・標準学校文法（複数資料照合）,https://www.mext.go.jp/content/20250410-mxt_kyoiku01-100002620_02.pdf,なし
古文_Deck1_最重要単語・文法_300,CJ-000037,37,Deck1_最重要単語・文法,文法,係助詞,ぞ,ぞ,なし,係助詞,品詞=係助詞;結び=連体形;主な意味=強意,CJ-000037-C01,meaning,働き,係助詞「ぞ」の主な働きは何か。,強意,強意,文中の語を強く取り立て、結びを連体形にする。,なし,なし,なし,なし,なし,なし,文部科学省「高等学校学習指導要領解説 国語編」・標準学校文法（複数資料照合）,https://www.mext.go.jp/content/20250410-mxt_kyoiku01-100002620_02.pdf,なし
古文_Deck1_最重要単語・文法_300,CJ-000037,37,Deck1_最重要単語・文法,文法,係助詞,ぞ,ぞ,なし,係助詞,品詞=係助詞;結び=連体形;主な意味=強意,CJ-000037-C02,connection,結び,係助詞「ぞ」の結びは何形になるか。,連体形,連体形,「ぞ・なむ・や・か」は連体形で結ぶ。,なし,なし,なし,なし,なし,ぞ・なむ・や・か→連体形,文部科学省「高等学校学習指導要領解説 国語編」・標準学校文法（複数資料照合）,https://www.mext.go.jp/content/20250410-mxt_kyoiku01-100002620_02.pdf,なし
古文_Deck1_最重要単語・文法_300,CJ-000038,38,Deck1_最重要単語・文法,文法,係助詞,なむ（係助詞）,なむ（かかりじょし）,なし,係助詞,品詞=係助詞;結び=連体形;主な意味=強意,CJ-000038-C01,meaning,働き,係助詞「なむ」の主な働きは何か。,強意,強意,語を強く取り立て、結びを連体形にする。,なし,なし,なし,なむ（願望の終助詞）,係助詞は文中に入り連体形で結ぶ。願望の終助詞は未然形に付く。,なし,文部科学省「高等学校学習指導要領解説 国語編」・標準学校文法（複数資料照合）,https://www.mext.go.jp/content/20250410-mxt_kyoiku01-100002620_02.pdf,なし
古文_Deck1_最重要単語・文法_300,CJ-000038,38,Deck1_最重要単語・文法,文法,係助詞,なむ（係助詞）,なむ（かかりじょし）,なし,係助詞,品詞=係助詞;結び=連体形;主な意味=強意,CJ-000038-C02,connection,結び,係助詞「なむ」の結びは何形になるか。,連体形,連体形,「ぞ・なむ・や・か」は連体形で結ぶ。,なし,なし,なし,なし,なし,なし,文部科学省「高等学校学習指導要領解説 国語編」・標準学校文法（複数資料照合）,https://www.mext.go.jp/content/20250410-mxt_kyoiku01-100002620_02.pdf,なし
古文_Deck1_最重要単語・文法_300,CJ-000039,39,Deck1_最重要単語・文法,文法,係助詞,や,や,なし,係助詞,品詞=係助詞;結び=連体形;主な意味=疑問｜反語,CJ-000039-C01,meaning,主要な意味,係助詞「や」の主要な意味を二つ答えよ。,疑問・反語,疑問・反語,答えを求める疑問か、「いや〜ない」の反語かを文脈で判断する。,なし,なし,なし,なし,なし,なし,文部科学省「高等学校学習指導要領解説 国語編」・標準学校文法（複数資料照合）,https://www.mext.go.jp/content/20250410-mxt_kyoiku01-100002620_02.pdf,なし
古文_Deck1_最重要単語・文法_300,CJ-000039,39,Deck1_最重要単語・文法,文法,係助詞,や,や,なし,係助詞,品詞=係助詞;結び=連体形;主な意味=疑問｜反語,CJ-000039-C02,connection,結び,係助詞「や」の結びは何形になるか。,連体形,連体形,係り結びにより連体形となる。,なし,なし,なし,なし,なし,なし,文部科学省「高等学校学習指導要領解説 国語編」・標準学校文法（複数資料照合）,https://www.mext.go.jp/content/20250410-mxt_kyoiku01-100002620_02.pdf,なし
古文_Deck1_最重要単語・文法_300,CJ-000040,40,Deck1_最重要単語・文法,文法,係助詞,か,か,なし,係助詞,品詞=係助詞;結び=連体形;主な意味=疑問｜反語,CJ-000040-C01,meaning,主要な意味,係助詞「か」の主要な意味を二つ答えよ。,疑問・反語,疑問・反語,疑問語を伴うことも多く、反語なら「どうして〜か、いや〜ない」と読む。,なし,なし,なし,なし,なし,なし,文部科学省「高等学校学習指導要領解説 国語編」・標準学校文法（複数資料照合）,https://www.mext.go.jp/content/20250410-mxt_kyoiku01-100002620_02.pdf,なし
古文_Deck1_最重要単語・文法_300,CJ-000040,40,Deck1_最重要単語・文法,文法,係助詞,か,か,なし,係助詞,品詞=係助詞;結び=連体形;主な意味=疑問｜反語,CJ-000040-C02,connection,結び,係助詞「か」の結びは何形になるか。,連体形,連体形,係り結びにより連体形となる。,なし,なし,なし,なし,なし,なし,文部科学省「高等学校学習指導要領解説 国語編」・標準学校文法（複数資料照合）,https://www.mext.go.jp/content/20250410-mxt_kyoiku01-100002620_02.pdf,なし
古文_Deck1_最重要単語・文法_300,CJ-000041,41,Deck1_最重要単語・文法,文法,係助詞,こそ,こそ,なし,係助詞,品詞=係助詞;結び=已然形;主な意味=強意,CJ-000041-C01,meaning,働き,係助詞「こそ」の主な働きは何か。,強意,強意,語を特に強く取り立てる。,なし,なし,なし,なし,なし,なし,文部科学省「高等学校学習指導要領解説 国語編」・標準学校文法（複数資料照合）,https://www.mext.go.jp/content/20250410-mxt_kyoiku01-100002620_02.pdf,なし
古文_Deck1_最重要単語・文法_300,CJ-000041,41,Deck1_最重要単語・文法,文法,係助詞,こそ,こそ,なし,係助詞,品詞=係助詞;結び=已然形;主な意味=強意,CJ-000041-C02,connection,結び,係助詞「こそ」の結びは何形になるか。,已然形,已然形,「こそ」だけは已然形で結ぶ。,なし,なし,なし,なし,なし,こそ→已然形,文部科学省「高等学校学習指導要領解説 国語編」・標準学校文法（複数資料照合）,https://www.mext.go.jp/content/20250410-mxt_kyoiku01-100002620_02.pdf,已然形=いぜんけい
古文_Deck1_最重要単語・文法_300,CJ-000041,41,Deck1_最重要単語・文法,文法,係助詞,こそ,こそ,なし,係助詞,品詞=係助詞;結び=已然形;主な意味=強意,CJ-000041-C03,identification,逆接の含み,「こそ」の結びが已然形で文が続くとき、後続にどのような関係が生じやすいか。,逆接,逆接｜〜けれども,「確かに〜ではあるが」と、後ろに逆接の内容が続きやすい。,なし,なし,なし,なし,なし,なし,文部科学省「高等学校学習指導要領解説 国語編」・標準学校文法（複数資料照合）,https://www.mext.go.jp/content/20250410-mxt_kyoiku01-100002620_02.pdf,なし
古文_Deck1_最重要単語・文法_300,CJ-000042,42,Deck1_最重要単語・文法,文法,副助詞,だに,だに,なし,副助詞,品詞=副助詞;主な意味=類推｜最小限,CJ-000042-C01,meaning,類推,副助詞「だに」が類推を表すとき、どのように訳すか。,〜さえ,〜さえ,軽い例を挙げ、それ以上のものを推し量らせる。,なし,なし,なし,なし,なし,なし,文部科学省「高等学校学習指導要領解説 国語編」・標準学校文法（複数資料照合）,https://www.mext.go.jp/content/20250410-mxt_kyoiku01-100002620_02.pdf,なし
古文_Deck1_最重要単語・文法_300,CJ-000042,42,Deck1_最重要単語・文法,文法,副助詞,だに,だに,なし,副助詞,品詞=副助詞;主な意味=類推｜最小限,CJ-000042-C02,meaning,最小限,副助詞「だに」が願望表現などと呼応して最小限を表すとき、どのように訳すか。,せめて〜だけでも,せめて〜だけでも｜〜だけでも,最低限これだけは、という願いを表す。,なし,なし,なし,すら,「だに」は最小限の願望にも使う。,なし,文部科学省「高等学校学習指導要領解説 国語編」・標準学校文法（複数資料照合）,https://www.mext.go.jp/content/20250410-mxt_kyoiku01-100002620_02.pdf,なし
古文_Deck1_最重要単語・文法_300,CJ-000043,43,Deck1_最重要単語・文法,文法,副助詞,すら,すら,なし,副助詞,品詞=副助詞;主な意味=類推,CJ-000043-C01,meaning,主要な意味,副助詞「すら」の主要な意味は何か。,〜さえ,〜さえ,一つの例を強く取り立て、それ以上の場合を推し量らせる。,なし,なし,なし,だに,「すら」は主に類推。「だに」は最小限の願望にも用いる。,なし,文部科学省「高等学校学習指導要領解説 国語編」・標準学校文法（複数資料照合）,https://www.mext.go.jp/content/20250410-mxt_kyoiku01-100002620_02.pdf,なし
古文_Deck1_最重要単語・文法_300,CJ-000044,44,Deck1_最重要単語・文法,文法,副助詞,さへ,さえ,なし,副助詞,品詞=副助詞;主な意味=添加,CJ-000044-C01,meaning,主要な意味,古文の副助詞「さへ」の中心的な意味は何か。,そのうえ〜まで,そのうえ〜まで｜〜まで,すでにある事柄に、さらに別の事柄を付け加える。,なし,なし,なし,だに・すら,古文の中心は添加。現代語の「さえ」の類推に引かれすぎない。,なし,文部科学省「高等学校学習指導要領解説 国語編」・標準学校文法（複数資料照合）,https://www.mext.go.jp/content/20250410-mxt_kyoiku01-100002620_02.pdf,なし
古文_Deck1_最重要単語・文法_300,CJ-000045,45,Deck1_最重要単語・文法,文法,終助詞,な…そ,な…そ,なし,禁止表現,品詞=終助詞;接続=な＋連用形＋そ;主な意味=禁止,CJ-000045-C01,meaning,意味,古文の「な…そ」は何を表すか。,禁止,禁止｜〜するな,「な」の後に動詞の連用形を置き、文末の「そ」と組み合わせる。,なし,なし,なし,なし,なし,なし,文部科学省「高等学校学習指導要領解説 国語編」・標準学校文法（複数資料照合）,https://www.mext.go.jp/content/20250410-mxt_kyoiku01-100002620_02.pdf,なし
古文_Deck1_最重要単語・文法_300,CJ-000045,45,Deck1_最重要単語・文法,文法,終助詞,な…そ,な…そ,なし,禁止表現,品詞=終助詞;接続=な＋連用形＋そ;主な意味=禁止,CJ-000045-C02,connection,語形,禁止表現「な…そ」の間に置く動詞は何形か。,連用形,連用形,「な＋連用形＋そ」で「〜するな」となる。,なし,なし,なし,なし,なし,なし,文部科学省「高等学校学習指導要領解説 国語編」・標準学校文法（複数資料照合）,https://www.mext.go.jp/content/20250410-mxt_kyoiku01-100002620_02.pdf,なし
古文_Deck1_最重要単語・文法_300,CJ-000046,46,Deck1_最重要単語・文法,文法,終助詞,ばや,ばや,なし,終助詞,品詞=終助詞;接続=未然形;主な意味=自己の願望,CJ-000046-C01,meaning,意味,終助詞「ばや」は何を表すか。,自己の願望,自己の願望｜〜たい,話し手自身の願いを表し、「〜たい」と訳す。,なし,なし,なし,なし,なし,なし,文部科学省「高等学校学習指導要領解説 国語編」・標準学校文法（複数資料照合）,https://www.mext.go.jp/content/20250410-mxt_kyoiku01-100002620_02.pdf,なし
古文_Deck1_最重要単語・文法_300,CJ-000046,46,Deck1_最重要単語・文法,文法,終助詞,ばや,ばや,なし,終助詞,品詞=終助詞;接続=未然形;主な意味=自己の願望,CJ-000046-C02,connection,接続,終助詞「ばや」は何形に接続するか。,未然形,未然形,未然形に付く。,なし,なし,なし,なし,なし,なし,文部科学省「高等学校学習指導要領解説 国語編」・標準学校文法（複数資料照合）,https://www.mext.go.jp/content/20250410-mxt_kyoiku01-100002620_02.pdf,なし
古文_Deck1_最重要単語・文法_300,CJ-000047,47,Deck1_最重要単語・文法,文法,終助詞,なむ（願望）,なむ（がんぼう）,なし,終助詞,品詞=終助詞;接続=未然形;主な意味=他者への願望,CJ-000047-C01,meaning,意味,終助詞「なむ」は何を表すか。,他者への願望,他者への願望｜〜てほしい,相手や第三者に「〜してほしい」と願う。,なし,なし,なし,なむ（係助詞）,願望の終助詞は未然形に付く。係助詞は文中に入り連体形で結ぶ。,なし,文部科学省「高等学校学習指導要領解説 国語編」・標準学校文法（複数資料照合）,https://www.mext.go.jp/content/20250410-mxt_kyoiku01-100002620_02.pdf,なし
古文_Deck1_最重要単語・文法_300,CJ-000047,47,Deck1_最重要単語・文法,文法,終助詞,なむ（願望）,なむ（がんぼう）,なし,終助詞,品詞=終助詞;接続=未然形;主な意味=他者への願望,CJ-000047-C02,connection,接続,願望の終助詞「なむ」は何形に接続するか。,未然形,未然形,未然形に付いて「〜てほしい」となる。,なし,なし,なし,なし,なし,なし,文部科学省「高等学校学習指導要領解説 国語編」・標準学校文法（複数資料照合）,https://www.mext.go.jp/content/20250410-mxt_kyoiku01-100002620_02.pdf,なし
古文_Deck1_最重要単語・文法_300,CJ-000048,48,Deck1_最重要単語・文法,文法,終助詞,てしがな・にしがな,てしがな・にしがな,なし,終助詞,品詞=終助詞;接続=連用形＋て・に;主な意味=自己の願望,CJ-000048-C01,meaning,意味,終助詞「てしがな・にしがな」は何を表すか。,自己の願望,自己の願望｜〜たいものだ,完了の助動詞「つ・ぬ」の連用形を含み、強い願望を表す。,なし,なし,なし,なし,なし,なし,文部科学省「高等学校学習指導要領解説 国語編」・標準学校文法（複数資料照合）,https://www.mext.go.jp/content/20250410-mxt_kyoiku01-100002620_02.pdf,なし
古文_Deck1_最重要単語・文法_300,CJ-000049,49,Deck1_最重要単語・文法,文法,終助詞,もがな,もがな,なし,終助詞,品詞=終助詞;接続=体言など;主な意味=願望,CJ-000049-C01,meaning,意味,終助詞「もがな」は何を表すか。,願望,願望｜〜があればなあ,物や状態の実現を願う。,なし,なし,なし,なし,なし,なし,文部科学省「高等学校学習指導要領解説 国語編」・標準学校文法（複数資料照合）,https://www.mext.go.jp/content/20250410-mxt_kyoiku01-100002620_02.pdf,なし
古文_Deck1_最重要単語・文法_300,CJ-000050,50,Deck1_最重要単語・文法,文法,終助詞,かな,かな,なし,終助詞,品詞=終助詞;主な意味=詠嘆,CJ-000050-C01,meaning,意味,終助詞「かな」は何を表すか。,詠嘆,詠嘆｜〜だなあ,深い感動や気づきを文末で表す。,なし,なし,なし,なし,なし,なし,文部科学省「高等学校学習指導要領解説 国語編」・標準学校文法（複数資料照合）,https://www.mext.go.jp/content/20250410-mxt_kyoiku01-100002620_02.pdf,詠嘆=えいたん
古文_Deck1_最重要単語・文法_300,CJ-000051,51,Deck1_最重要単語・文法,文法,構文,ましかば…まし,ましかば…まし,なし,反実仮想構文,構文=未然形＋ましかば…まし;主な意味=反実仮想,CJ-000051-C01,identification,構文の意味,「未然形＋ましかば…まし」の構文は何を表すか。,反実仮想,反実仮想｜もし〜なら…だろうに,現実とは違う条件を仮定し、その場合の結果を述べる。,なし,なし,なし,なし,なし,なし,文部科学省「高等学校学習指導要領解説 国語編」・標準学校文法（複数資料照合）,https://www.mext.go.jp/content/20250410-mxt_kyoiku01-100002620_02.pdf,反実仮想=はんじつかそう
古文_Deck1_最重要単語・文法_300,CJ-000052,52,Deck1_最重要単語・文法,文法,構文,係り結び,かかりむすび,なし,文法構文,構文=係助詞と文末活用形の呼応,CJ-000052-C01,identification,基本規則,係り結びで「ぞ・なむ・や・か」の結びは何形になるか。,連体形,連体形,四つの係助詞は連体形で結ぶ。,なし,なし,なし,なし,なし,ぞ・なむ・や・か→連体形,文部科学省「高等学校学習指導要領解説 国語編」・標準学校文法（複数資料照合）,https://www.mext.go.jp/content/20250410-mxt_kyoiku01-100002620_02.pdf,なし
古文_Deck1_最重要単語・文法_300,CJ-000052,52,Deck1_最重要単語・文法,文法,構文,係り結び,かかりむすび,なし,文法構文,構文=係助詞と文末活用形の呼応,CJ-000052-C02,identification,こその規則,係り結びで「こそ」の結びは何形になるか。,已然形,已然形,「こそ」だけは已然形で結ぶ。,なし,なし,なし,なし,なし,こそ→已然形,文部科学省「高等学校学習指導要領解説 国語編」・標準学校文法（複数資料照合）,https://www.mext.go.jp/content/20250410-mxt_kyoiku01-100002620_02.pdf,已然形=いぜんけい
古文_Deck1_最重要単語・文法_300,CJ-000053,53,Deck1_最重要単語・文法,文法,構文,結びの省略,むすびのしょうりゃく,なし,文法構文,構文=係助詞に対応する結びの省略,CJ-000053-C01,identification,定義,係助詞があるのに対応する文末の活用語が省かれている現象を何というか。,結びの省略,結びの省略,文脈から補える結びが省かれる。係助詞だけを見て文が未完成だと誤解しない。,なし,なし,なし,なし,なし,なし,文部科学省「高等学校学習指導要領解説 国語編」・標準学校文法（複数資料照合）,https://www.mext.go.jp/content/20250410-mxt_kyoiku01-100002620_02.pdf,省略=しょうりゃく
古文_Deck1_最重要単語・文法_300,CJ-000054,54,Deck1_最重要単語・文法,文法,構文,結びの流れ,むすびのながれ,なし,文法構文,構文=係助詞があっても結びが通常形になる現象,CJ-000054-C01,identification,定義,係助詞があるのに、接続助詞などの影響で結びが連体形・已然形にならない現象を何というか。,結びの流れ,結びの流れ,文が接続助詞などで続くと、係り結びが成立せず通常の形で流れることがある。,なし,なし,なし,なし,なし,なし,文部科学省「高等学校学習指導要領解説 国語編」・標準学校文法（複数資料照合）,https://www.mext.go.jp/content/20250410-mxt_kyoiku01-100002620_02.pdf,接続助詞=せつぞくじょし
古文_Deck1_最重要単語・文法_300,CJ-000055,55,Deck1_最重要単語・文法,文法,動詞活用,四段活用,よだんかつよう,なし,動詞活用,未然=a・連用=i・終止=u・連体=u・已然=e・命令=e,CJ-000055-C01,conjugation,活用段,四段活用の活用語尾は、ア・イ・ウ・ウ・エ・エのどの段に変化するか。,ア・イ・ウ・ウ・エ・エ段,ア・イ・ウ・ウ・エ・エ段｜ア段・イ段・ウ段・ウ段・エ段・エ段,未然・連用・終止・連体・已然・命令の順。,なし,なし,なし,なし,なし,なし,文部科学省「高等学校学習指導要領解説 国語編」・標準学校文法（複数資料照合）,https://www.mext.go.jp/content/20250410-mxt_kyoiku01-100002620_02.pdf,なし
古文_Deck1_最重要単語・文法_300,CJ-000056,56,Deck1_最重要単語・文法,文法,動詞活用,上二段活用,かみにだんかつよう,なし,動詞活用,未然=i・連用=i・終止=u・連体=uru・已然=ure・命令=iyo,CJ-000056-C01,conjugation,活用の中心,上二段活用は主に何段と何段で活用するか。,イ段・ウ段,イ段・ウ段,未然形・連用形がイ段、終止形がウ段となる。,なし,なし,なし,なし,なし,なし,文部科学省「高等学校学習指導要領解説 国語編」・標準学校文法（複数資料照合）,https://www.mext.go.jp/content/20250410-mxt_kyoiku01-100002620_02.pdf,なし
古文_Deck1_最重要単語・文法_300,CJ-000057,57,Deck1_最重要単語・文法,文法,動詞活用,下二段活用,しもにだんかつよう,なし,動詞活用,未然=e・連用=e・終止=u・連体=uru・已然=ure・命令=eyo,CJ-000057-C01,conjugation,活用の中心,下二段活用は主に何段と何段で活用するか。,エ段・ウ段,エ段・ウ段,未然形・連用形がエ段、終止形がウ段となる。,なし,なし,なし,なし,なし,なし,文部科学省「高等学校学習指導要領解説 国語編」・標準学校文法（複数資料照合）,https://www.mext.go.jp/content/20250410-mxt_kyoiku01-100002620_02.pdf,なし
古文_Deck1_最重要単語・文法_300,CJ-000058,58,Deck1_最重要単語・文法,文法,動詞活用,上一段活用,かみいちだんかつよう,なし,動詞活用,活用=イ段を中心とする一段活用;代表語=着る｜見る｜似る｜煮る｜射る｜居る｜率る｜干る,CJ-000058-C01,conjugation,代表語,古文の上一段活用の代表語を八つ答えよ。,着る・見る・似る・煮る・射る・居る・率る・干る,着る・見る・似る・煮る・射る・居る・率る・干る,上一段活用は語数が少ないため、代表語をまとめて覚える。,なし,なし,なし,なし,なし,ひいきにみゐる,文部科学省「高等学校学習指導要領解説 国語編」・標準学校文法（複数資料照合）,https://www.mext.go.jp/content/20250410-mxt_kyoiku01-100002620_02.pdf,率る=ゐる｜干る=ひる
古文_Deck1_最重要単語・文法_300,CJ-000059,59,Deck1_最重要単語・文法,文法,動詞活用,下一段活用,しもいちだんかつよう,なし,動詞活用,活用=エ段を中心とする一段活用;代表語=蹴る,CJ-000059-C01,conjugation,代表語,古文で下一段活用をする代表的な動詞は何か。,蹴る,蹴る,古文では「蹴る」一語が下一段活用の代表。,なし,なし,なし,なし,なし,なし,文部科学省「高等学校学習指導要領解説 国語編」・標準学校文法（複数資料照合）,https://www.mext.go.jp/content/20250410-mxt_kyoiku01-100002620_02.pdf,蹴る=ける
古文_Deck1_最重要単語・文法_300,CJ-000060,60,Deck1_最重要単語・文法,文法,動詞活用,カ行変格活用,かぎょうへんかくかつよう,なし,動詞活用,活用=こ・き・く・くる・くれ・こ／こよ;代表語=来,CJ-000060-C01,conjugation,代表語,カ行変格活用をする動詞は何か。,来,来｜来る｜来,「来」一語がカ変。,なし,なし,なし,なし,なし,なし,文部科学省「高等学校学習指導要領解説 国語編」・標準学校文法（複数資料照合）,https://www.mext.go.jp/content/20250410-mxt_kyoiku01-100002620_02.pdf,来=く
古文_Deck1_最重要単語・文法_300,CJ-000060,60,Deck1_最重要単語・文法,文法,動詞活用,カ行変格活用,かぎょうへんかくかつよう,なし,動詞活用,活用=こ・き・く・くる・くれ・こ／こよ;代表語=来,CJ-000060-C02,conjugation,活用,カ行変格活用「来」の活用を順に答えよ。,こ・き・く・くる・くれ・こ（こよ）,こ・き・く・くる・くれ・こ（こよ）｜こ・き・く・くる・くれ・こ｜こ・き・く・くる・くれ・こよ,未然・連用・終止・連体・已然・命令の順。,なし,なし,なし,なし,なし,なし,文部科学省「高等学校学習指導要領解説 国語編」・標準学校文法（複数資料照合）,https://www.mext.go.jp/content/20250410-mxt_kyoiku01-100002620_02.pdf,なし
古文_Deck1_最重要単語・文法_300,CJ-000061,61,Deck1_最重要単語・文法,文法,動詞活用,サ行変格活用,さぎょうへんかくかつよう,なし,動詞活用,活用=せ・し・す・する・すれ・せよ;代表語=す,CJ-000061-C01,conjugation,代表語,サ行変格活用をする基本動詞は何か。,す,す｜する,「す」と、その複合動詞がサ変。,なし,なし,なし,なし,なし,なし,文部科学省「高等学校学習指導要領解説 国語編」・標準学校文法（複数資料照合）,https://www.mext.go.jp/content/20250410-mxt_kyoiku01-100002620_02.pdf,なし
古文_Deck1_最重要単語・文法_300,CJ-000061,61,Deck1_最重要単語・文法,文法,動詞活用,サ行変格活用,さぎょうへんかくかつよう,なし,動詞活用,活用=せ・し・す・する・すれ・せよ;代表語=す,CJ-000061-C02,conjugation,活用,サ行変格活用「す」の活用を順に答えよ。,せ・し・す・する・すれ・せよ,せ・し・す・する・すれ・せよ,未然・連用・終止・連体・已然・命令の順。,なし,なし,なし,なし,なし,なし,文部科学省「高等学校学習指導要領解説 国語編」・標準学校文法（複数資料照合）,https://www.mext.go.jp/content/20250410-mxt_kyoiku01-100002620_02.pdf,なし
古文_Deck1_最重要単語・文法_300,CJ-000062,62,Deck1_最重要単語・文法,文法,動詞活用,ナ行変格活用,なぎょうへんかくかつよう,なし,動詞活用,活用=な・に・ぬ・ぬる・ぬれ・ね;代表語=死ぬ｜往ぬ,CJ-000062-C01,conjugation,代表語,ナ行変格活用をする代表的な動詞を二つ答えよ。,死ぬ・往ぬ,死ぬ・往ぬ｜死ぬ・いぬ,ナ変は「死ぬ」「往ぬ」が基本。,なし,なし,なし,なし,なし,死ぬ・往ぬ,文部科学省「高等学校学習指導要領解説 国語編」・標準学校文法（複数資料照合）,https://www.mext.go.jp/content/20250410-mxt_kyoiku01-100002620_02.pdf,往ぬ=いぬ
古文_Deck1_最重要単語・文法_300,CJ-000062,62,Deck1_最重要単語・文法,文法,動詞活用,ナ行変格活用,なぎょうへんかくかつよう,なし,動詞活用,活用=な・に・ぬ・ぬる・ぬれ・ね;代表語=死ぬ｜往ぬ,CJ-000062-C02,conjugation,活用,ナ行変格活用の活用語尾を順に答えよ。,な・に・ぬ・ぬる・ぬれ・ね,な・に・ぬ・ぬる・ぬれ・ね,未然・連用・終止・連体・已然・命令の順。,なし,なし,なし,なし,なし,なし,文部科学省「高等学校学習指導要領解説 国語編」・標準学校文法（複数資料照合）,https://www.mext.go.jp/content/20250410-mxt_kyoiku01-100002620_02.pdf,なし
古文_Deck1_最重要単語・文法_300,CJ-000063,63,Deck1_最重要単語・文法,文法,動詞活用,ラ行変格活用,らぎょうへんかくかつよう,なし,動詞活用,活用=ら・り・り・る・れ・れ;代表語=あり｜をり｜はべり｜いまそかり,CJ-000063-C01,conjugation,代表語,ラ行変格活用の代表語を四つ答えよ。,あり・をり・はべり・いまそかり,あり・をり・はべり・いまそかり,存在を表す語が多い。,なし,なし,なし,なし,なし,あり・をり・はべり・いまそかり,文部科学省「高等学校学習指導要領解説 国語編」・標準学校文法（複数資料照合）,https://www.mext.go.jp/content/20250410-mxt_kyoiku01-100002620_02.pdf,なし
古文_Deck1_最重要単語・文法_300,CJ-000063,63,Deck1_最重要単語・文法,文法,動詞活用,ラ行変格活用,らぎょうへんかくかつよう,なし,動詞活用,活用=ら・り・り・る・れ・れ;代表語=あり｜をり｜はべり｜いまそかり,CJ-000063-C02,conjugation,活用,ラ行変格活用の活用語尾を順に答えよ。,ら・り・り・る・れ・れ,ら・り・り・る・れ・れ,終止形がイ段の「り」になる点が特徴。,なし,なし,なし,なし,なし,なし,文部科学省「高等学校学習指導要領解説 国語編」・標準学校文法（複数資料照合）,https://www.mext.go.jp/content/20250410-mxt_kyoiku01-100002620_02.pdf,なし
古文_Deck1_最重要単語・文法_300,CJ-000064,64,Deck1_最重要単語・文法,文法,形容詞活用,形容詞のク活用・シク活用,けいようしのくかつよう・しくかつよう,なし,形容詞活用,品詞=形容詞;活用=ク活用｜シク活用,CJ-000064-C01,conjugation,二種類,古文の形容詞の活用は、大きく何活用と何活用に分かれるか。,ク活用・シク活用,ク活用・シク活用,語幹に「し」を含む形容詞の多くがシク活用だが、語ごとに確認する。,なし,なし,なし,なし,なし,なし,文部科学省「高等学校学習指導要領解説 国語編」・標準学校文法（複数資料照合）,https://www.mext.go.jp/content/20250410-mxt_kyoiku01-100002620_02.pdf,なし
古文_Deck1_最重要単語・文法_300,CJ-000064,64,Deck1_最重要単語・文法,文法,形容詞活用,形容詞のク活用・シク活用,けいようしのくかつよう・しくかつよう,なし,形容詞活用,品詞=形容詞;活用=ク活用｜シク活用,CJ-000064-C02,identification,連用形の目印,形容詞の連用形「く」にラ変動詞「あり」が付いて縮まった形を何というか。,カリ活用,カリ活用,「く＋あり」が「かり」となり、助動詞が続く形を作る。,なし,なし,なし,なし,なし,なし,文部科学省「高等学校学習指導要領解説 国語編」・標準学校文法（複数資料照合）,https://www.mext.go.jp/content/20250410-mxt_kyoiku01-100002620_02.pdf,縮まる=ちぢまる
古文_Deck1_最重要単語・文法_300,CJ-000065,65,Deck1_最重要単語・文法,文法,形容動詞活用,形容動詞のナリ活用・タリ活用,けいようどうしのなりかつよう・たりかつよう,なし,形容動詞活用,品詞=形容動詞;活用=ナリ活用｜タリ活用,CJ-000065-C01,conjugation,二種類,古文の形容動詞の活用は、何活用と何活用に分かれるか。,ナリ活用・タリ活用,ナリ活用・タリ活用,和語系にナリ活用、漢語系にタリ活用が多い。,なし,なし,なし,なし,なし,なし,文部科学省「高等学校学習指導要領解説 国語編」・標準学校文法（複数資料照合）,https://www.mext.go.jp/content/20250410-mxt_kyoiku01-100002620_02.pdf,なし
古文_Deck1_最重要単語・文法_300,CJ-000065,65,Deck1_最重要単語・文法,文法,形容動詞活用,形容動詞のナリ活用・タリ活用,けいようどうしのなりかつよう・たりかつよう,なし,形容動詞活用,品詞=形容動詞;活用=ナリ活用｜タリ活用,CJ-000065-C02,conjugation,連用形,ナリ活用の形容動詞の代表的な連用形を二つ答えよ。,なり・に,なり・に,「静かなり」の連用形は「静かなり」「静かに」。,なし,なし,なし,なし,なし,なし,文部科学省「高等学校学習指導要領解説 国語編」・標準学校文法（複数資料照合）,https://www.mext.go.jp/content/20250410-mxt_kyoiku01-100002620_02.pdf,なし
古文_Deck1_最重要単語・文法_300,CJ-000066,66,Deck1_最重要単語・文法,語彙,重要形容動詞,あはれなり,あわれなり,あわれなり,形容動詞,品詞=形容動詞,CJ-000066-C01,meaning,語義：しみじみと心を動かされる,古語「あはれなり」の入試で最も重要な意味は何か。,しみじみと心を動かされる,しみじみと心を動かされる｜情趣深い,悲しみだけでなく、喜び・美しさなどに深く心を動かされる感情を表す。,なし,なし,なし,をかし,「あはれ」は内面から湧く深い感動、「をかし」は明るい興趣・美しさ。,なし,標準古語辞典・検定済み教科書（複数資料照合）,なし,なし
古文_Deck1_最重要単語・文法_300,CJ-000067,67,Deck1_最重要単語・文法,語彙,重要形容詞,をかし,おかし,おかし,形容詞,品詞=形容詞,CJ-000067-C01,meaning,語義：趣がある,古語「をかし」の入試で最も重要な意味は何か。,趣がある,趣がある｜おもしろい｜美しい,明るく知的な興味、美しさ、かわいらしさなどを感じる語。,なし,なし,なし,あはれなり,「をかし」は対象を見て感じる明るい興趣、「あはれ」は深い感動。,なし,標準古語辞典・検定済み教科書（複数資料照合）,なし,なし
古文_Deck1_最重要単語・文法_300,CJ-000068,68,Deck1_最重要単語・文法,語彙,重要形容詞,いみじ,いみじ,なし,形容詞,品詞=形容詞,CJ-000068-C01,meaning,語義：程度がはなはだしい,古語「いみじ」が程度を強めて使われるときの意味は何か。,程度がはなはだしい,程度がはなはだしい｜非常だ,よい意味にも悪い意味にも使い、文脈に応じて「すばらしい」「ひどい」と具体化する。,なし,なし,なし,なし,なし,なし,標準古語辞典・検定済み教科書（複数資料照合）,なし,なし
古文_Deck1_最重要単語・文法_300,CJ-000068,68,Deck1_最重要単語・文法,語彙,重要形容詞,いみじ,いみじ,なし,形容詞,品詞=形容詞,CJ-000068-C02,meaning,語義：すばらしい,古語「いみじ」がよい評価として使われるときの意味は何か。,すばらしい,すばらしい｜立派だ,程度の強さが肯定的な評価に向いた語義。,なし,なし,なし,なし,なし,なし,標準古語辞典・検定済み教科書（複数資料照合）,なし,なし
古文_Deck1_最重要単語・文法_300,CJ-000068,68,Deck1_最重要単語・文法,語彙,重要形容詞,いみじ,いみじ,なし,形容詞,品詞=形容詞,CJ-000068-C03,meaning,語義：ひどい,古語「いみじ」が悪い評価として使われるときの意味は何か。,ひどい,ひどい｜恐ろしい,程度の強さが否定的な評価に向いた語義。,なし,なし,なし,なし,なし,なし,標準古語辞典・検定済み教科書（複数資料照合）,なし,なし
古文_Deck1_最重要単語・文法_300,CJ-000069,69,Deck1_最重要単語・文法,語彙,重要形容詞,ありがたし,ありがたし,なし,形容詞,品詞=形容詞,CJ-000069-C01,meaning,語義：めったにない,古語「ありがたし」の重要語義のうち、1番目の語義は何か。,めったにない,めったにない｜珍しい,本来は「存在することが難しい」の意で、現代語の「感謝したい」とは異なる。,なし,なし,なし,現代語の「ありがたい」,古文の中心義は「めったにない」。,なし,標準古語辞典・検定済み教科書（複数資料照合）,なし,なし
古文_Deck1_最重要単語・文法_300,CJ-000069,69,Deck1_最重要単語・文法,語彙,重要形容詞,ありがたし,ありがたし,なし,形容詞,品詞=形容詞,CJ-000069-C02,meaning,語義：すばらしい,古語「ありがたし」が価値を高く評価して使われるときの意味は何か。,すばらしい,すばらしい｜尊い,珍しいほど立派である、という評価を表す。,なし,なし,なし,現代語の「ありがたい」,古文の中心義は「めったにない」。,なし,標準古語辞典・検定済み教科書（複数資料照合）,なし,なし
古文_Deck1_最重要単語・文法_300,CJ-000070,70,Deck1_最重要単語・文法,語彙,重要形容詞,うつくし,うつくし,なし,形容詞,品詞=形容詞,CJ-000070-C01,meaning,語義：かわいらしい,古語「うつくし」の入試で最も重要な意味は何か。,かわいらしい,かわいらしい｜いとしい,小さいものや子どもなどに対する愛情を表すのが中心。,なし,なし,なし,現代語の「美しい」,古文ではまず「かわいらしい・いとしい」を考える。,なし,標準古語辞典・検定済み教科書（複数資料照合）,なし,なし
古文_Deck1_最重要単語・文法_300,CJ-000071,71,Deck1_最重要単語・文法,語彙,重要形容詞,かなし,かなし,なし,形容詞,品詞=形容詞,CJ-000071-C01,meaning,語義：いとしい,古語「かなし」が愛情について使われるときの意味は何か。,いとしい,いとしい｜かわいい,深く愛する気持ちを表す。,なし,なし,なし,なし,なし,なし,標準古語辞典・検定済み教科書（複数資料照合）,なし,なし
古文_Deck1_最重要単語・文法_300,CJ-000071,71,Deck1_最重要単語・文法,語彙,重要形容詞,かなし,かなし,なし,形容詞,品詞=形容詞,CJ-000071-C02,meaning,語義：悲しい,古語「かなし」が悲哀について使われるときの意味は何か。,悲しい,悲しい,現代語と同じ悲哀の意味もあるため、文脈で判定する。,なし,なし,なし,なし,なし,なし,標準古語辞典・検定済み教科書（複数資料照合）,なし,なし
古文_Deck1_最重要単語・文法_300,CJ-000072,72,Deck1_最重要単語・文法,語彙,重要形容詞,めでたし,めでたし,なし,形容詞,品詞=形容詞,CJ-000072-C01,meaning,語義：すばらしい,古語「めでたし」の入試で最も重要な意味は何か。,すばらしい,すばらしい｜立派だ,見事で賞賛に値することを表す。現代語の「祝うべき」に限定されない。,なし,なし,なし,現代語の「めでたい」,古文では広く「すばらしい・立派だ」。,なし,標準古語辞典・検定済み教科書（複数資料照合）,なし,なし
古文_Deck1_最重要単語・文法_300,CJ-000073,73,Deck1_最重要単語・文法,語彙,重要形容詞,やさし,やさし,なし,形容詞,品詞=形容詞,CJ-000073-C01,meaning,語義：恥ずかしい,古語「やさし」が身が細るような気持ちとして使われるときの意味は何か。,恥ずかしい,恥ずかしい｜肩身が狭い,「痩す」と関連し、身が細るほど恥ずかしい気持ちを表す。,なし,なし,なし,現代語の「優しい」,古文では「恥ずかしい」「優美だ」が重要。,なし,標準古語辞典・検定済み教科書（複数資料照合）,なし,なし
古文_Deck1_最重要単語・文法_300,CJ-000073,73,Deck1_最重要単語・文法,語彙,重要形容詞,やさし,やさし,なし,形容詞,品詞=形容詞,CJ-000073-C02,meaning,語義：優美だ,古語「やさし」が人物や姿をほめて使われるときの意味は何か。,優美だ,優美だ｜上品だ,洗練され、上品であることを表す。,なし,なし,なし,現代語の「優しい」,古文では「恥ずかしい」「優美だ」が重要。,なし,標準古語辞典・検定済み教科書（複数資料照合）,なし,なし
古文_Deck1_最重要単語・文法_300,CJ-000074,74,Deck1_最重要単語・文法,語彙,重要形容詞,ゆかし,ゆかし,なし,形容詞,品詞=形容詞,CJ-000074-C01,meaning,語義：見たい・聞きたい・知りたい,古語「ゆかし」の入試で最も重要な意味は何か。,見たい・聞きたい・知りたい,見たい・聞きたい・知りたい｜心が引かれる,対象へ心が行くように、好奇心や関心を抱く。,なし,なし,なし,なつかし,「ゆかし」は近づいて知りたい気持ち、「なつかし」は親しみを感じる気持ち。,なし,標準古語辞典・検定済み教科書（複数資料照合）,なし,なし
古文_Deck1_最重要単語・文法_300,CJ-000075,75,Deck1_最重要単語・文法,語彙,重要動詞,おどろく,おどろく,なし,動詞,品詞=動詞,CJ-000075-C01,meaning,語義：目を覚ます,古語「おどろく」が睡眠について使われるときの意味は何か。,目を覚ます,目を覚ます｜起きる,眠りから覚める意味。現代語の「びっくりする」だけに限定しない。,なし,なし,なし,現代語の「驚く」,古文では「目を覚ます」「気づく」が頻出。,なし,標準古語辞典・検定済み教科書（複数資料照合）,なし,なし
古文_Deck1_最重要単語・文法_300,CJ-000075,75,Deck1_最重要単語・文法,語彙,重要動詞,おどろく,おどろく,なし,動詞,品詞=動詞,CJ-000075-C02,meaning,語義：気づく,古語「おどろく」が物事の認識について使われるときの意味は何か。,気づく,気づく｜はっとする,それまで意識していなかったことに気づく。,なし,なし,なし,現代語の「驚く」,古文では「目を覚ます」「気づく」が頻出。,なし,標準古語辞典・検定済み教科書（複数資料照合）,なし,なし
古文_Deck1_最重要単語・文法_300,CJ-000076,76,Deck1_最重要単語・文法,語彙,重要動詞,おぼゆ,おぼゆ,なし,動詞,品詞=動詞,CJ-000076-C01,meaning,語義：自然に思われる,古語「おぼゆ」が心に自然に浮かぶ意味で使われるときの意味は何か。,自然に思われる,自然に思われる｜思われる,自発の意味を含み、意識せずそう感じられる。,なし,なし,なし,なし,なし,なし,標準古語辞典・検定済み教科書（複数資料照合）,なし,なし
古文_Deck1_最重要単語・文法_300,CJ-000076,76,Deck1_最重要単語・文法,語彙,重要動詞,おぼゆ,おぼゆ,なし,動詞,品詞=動詞,CJ-000076-C02,meaning,語義：似る,古語「おぼゆ」が容姿などの類似について使われるときの意味は何か。,似る,似る｜そっくりだ,人や物の姿が別のものに似ていることを表す。,なし,なし,なし,なし,なし,なし,標準古語辞典・検定済み教科書（複数資料照合）,なし,なし
古文_Deck1_最重要単語・文法_300,CJ-000076,76,Deck1_最重要単語・文法,語彙,重要動詞,おぼゆ,おぼゆ,なし,動詞,品詞=動詞,CJ-000076-C03,meaning,語義：思い出される,古語「おぼゆ」が記憶について使われるときの意味は何か。,思い出される,思い出される｜思い出す,過去のことが自然に心に浮かぶ。,なし,なし,なし,なし,なし,なし,標準古語辞典・検定済み教科書（複数資料照合）,なし,なし
古文_Deck1_最重要単語・文法_300,CJ-000077,77,Deck1_最重要単語・文法,語彙,重要動詞,ののしる,ののしる,なし,動詞,品詞=動詞,CJ-000077-C01,meaning,語義：大声で騒ぐ,古語「ののしる」が声や物音について使われるときの意味は何か。,大声で騒ぐ,大声で騒ぐ｜大声を立てる,大きな声や音で騒ぎ立てる。現代語の「悪口を言う」に限らない。,なし,なし,なし,現代語の「罵る」,古文では「大騒ぎする」「評判になる」が中心。,なし,標準古語辞典・検定済み教科書（複数資料照合）,なし,なし
古文_Deck1_最重要単語・文法_300,CJ-000077,77,Deck1_最重要単語・文法,語彙,重要動詞,ののしる,ののしる,なし,動詞,品詞=動詞,CJ-000077-C02,meaning,語義：評判になる,古語「ののしる」が世間の評価について使われるときの意味は何か。,評判になる,評判になる｜名声が高い,世間で盛んに言い立てられ、名声が広がる。,なし,なし,なし,現代語の「罵る」,古文では「大騒ぎする」「評判になる」が中心。,なし,標準古語辞典・検定済み教科書（複数資料照合）,なし,なし
古文_Deck1_最重要単語・文法_300,CJ-000078,78,Deck1_最重要単語・文法,語彙,重要動詞,ねんず,ねんず,なし,動詞,品詞=動詞,CJ-000078-C01,meaning,語義：我慢する,古語「ねんず」が感情を抑える意味で使われるときの意味は何か。,我慢する,我慢する｜こらえる,感情や苦痛を心の中で抑える。,なし,なし,なし,なし,なし,なし,標準古語辞典・検定済み教科書（複数資料照合）,なし,なし
古文_Deck1_最重要単語・文法_300,CJ-000078,78,Deck1_最重要単語・文法,語彙,重要動詞,ねんず,ねんず,なし,動詞,品詞=動詞,CJ-000078-C02,meaning,語義：祈る,古語「ねんず」が神仏に対して使われるときの意味は何か。,祈る,祈る｜念じる,心を集中して神仏に願う。,なし,なし,なし,なし,なし,なし,標準古語辞典・検定済み教科書（複数資料照合）,なし,なし
古文_Deck1_最重要単語・文法_300,CJ-000079,79,Deck1_最重要単語・文法,語彙,重要動詞,しのぶ,しのぶ,忍ぶ｜偲ぶ,動詞,品詞=動詞,CJ-000079-C01,meaning,語義：我慢する,古語「しのぶ」が感情を抑えて使われるときの意味は何か。,我慢する,我慢する｜こらえる,表に出したい気持ちをこらえる。,なし,なし,なし,なし,なし,なし,標準古語辞典・検定済み教科書（複数資料照合）,なし,なし
古文_Deck1_最重要単語・文法_300,CJ-000079,79,Deck1_最重要単語・文法,語彙,重要動詞,しのぶ,しのぶ,忍ぶ｜偲ぶ,動詞,品詞=動詞,CJ-000079-C02,meaning,語義：人目を避ける,古語「しのぶ」が行動を隠して使われるときの意味は何か。,人目を避ける,人目を避ける｜隠す,人に知られないように行動する。,なし,なし,なし,なし,なし,なし,標準古語辞典・検定済み教科書（複数資料照合）,なし,なし
古文_Deck1_最重要単語・文法_300,CJ-000079,79,Deck1_最重要単語・文法,語彙,重要動詞,しのぶ,しのぶ,忍ぶ｜偲ぶ,動詞,品詞=動詞,CJ-000079-C03,meaning,語義：懐かしく思う,古語「しのぶ」が過去や人を思い出して使われるときの意味は何か。,懐かしく思う,懐かしく思う｜思い慕う,「偲ぶ」の語義で、過去や離れた人を思う。,なし,なし,なし,なし,なし,なし,標準古語辞典・検定済み教科書（複数資料照合）,なし,なし
古文_Deck1_最重要単語・文法_300,CJ-000080,80,Deck1_最重要単語・文法,語彙,重要動詞,ながむ,ながむ,なし,動詞,品詞=動詞,CJ-000080-C01,meaning,語義：物思いに沈む,古語「ながむ」が心情について使われるときの意味は何か。,物思いに沈む,物思いに沈む｜ぼんやり物思いをする,長くぼんやりと物思いにふける。,なし,なし,なし,なし,なし,なし,標準古語辞典・検定済み教科書（複数資料照合）,なし,なし
古文_Deck1_最重要単語・文法_300,CJ-000080,80,Deck1_最重要単語・文法,語彙,重要動詞,ながむ,ながむ,なし,動詞,品詞=動詞,CJ-000080-C02,meaning,語義：眺める,古語「ながむ」が景色を見る意味で使われるときの意味は何か。,眺める,眺める｜見渡す,景色などを長く見つめる。,なし,なし,なし,なし,なし,なし,標準古語辞典・検定済み教科書（複数資料照合）,なし,なし
古文_Deck1_最重要単語・文法_300,CJ-000081,81,Deck1_最重要単語・文法,語彙,重要動詞,みる,みる,なし,動詞,品詞=動詞,CJ-000081-C01,meaning,語義：結婚する,古語「みる」が男女関係について使われるときの意味は何か。,結婚する,結婚する｜妻とする,男性が女性と夫婦関係を結ぶ意味で用いられる。,なし,なし,なし,なし,なし,なし,標準古語辞典・検定済み教科書（複数資料照合）,なし,なし
古文_Deck1_最重要単語・文法_300,CJ-000081,81,Deck1_最重要単語・文法,語彙,重要動詞,みる,みる,なし,動詞,品詞=動詞,CJ-000081-C02,meaning,語義：世話をする,古語「みる」が人の面倒について使われるときの意味は何か。,世話をする,世話をする｜面倒を見る,人を養い、世話する。,なし,なし,なし,なし,なし,なし,標準古語辞典・検定済み教科書（複数資料照合）,なし,なし
古文_Deck1_最重要単語・文法_300,CJ-000081,81,Deck1_最重要単語・文法,語彙,重要動詞,みる,みる,なし,動詞,品詞=動詞,CJ-000081-C03,meaning,語義：見る,古語「みる」が視覚について使われるときの意味は何か。,見る,見る,現代語と同じ視覚の意味もある。,なし,なし,なし,なし,なし,なし,標準古語辞典・検定済み教科書（複数資料照合）,なし,なし
古文_Deck1_最重要単語・文法_300,CJ-000082,82,Deck1_最重要単語・文法,語彙,重要動詞,わぶ,わぶ,なし,動詞,品詞=動詞,CJ-000082-C01,meaning,語義：困る,古語「わぶ」がつらい状況で使われるときの意味は何か。,困る,困る｜つらく思う,どうしようもなくつらく感じる。,なし,なし,なし,なし,なし,なし,標準古語辞典・検定済み教科書（複数資料照合）,なし,なし
古文_Deck1_最重要単語・文法_300,CJ-000082,82,Deck1_最重要単語・文法,語彙,重要動詞,わぶ,わぶ,なし,動詞,品詞=動詞,CJ-000082-C02,meaning,語義：嘆く,古語「わぶ」が悲しみを言葉や態度に出して使われるときの意味は何か。,嘆く,嘆く｜悲しむ,不遇や苦しさを嘆く。,なし,なし,なし,なし,なし,なし,標準古語辞典・検定済み教科書（複数資料照合）,なし,なし
古文_Deck1_最重要単語・文法_300,CJ-000082,82,Deck1_最重要単語・文法,語彙,重要動詞,わぶ,わぶ,なし,動詞,品詞=動詞,CJ-000082-C03,meaning,語義：〜しかねる,古語「わぶ」が補助動詞として使われるときの意味は何か。,〜しかねる,〜しかねる｜〜するのに困る,動詞の連用形に付き、その行為を続けられないことを表す。,なし,なし,なし,なし,なし,なし,標準古語辞典・検定済み教科書（複数資料照合）,なし,なし
古文_Deck1_最重要単語・文法_300,CJ-000083,83,Deck1_最重要単語・文法,語彙,重要形容動詞,つれづれなり,つれづれなり,なし,形容動詞,品詞=形容動詞,CJ-000083-C01,meaning,語義：退屈だ,古語「つれづれなり」がすることがなく使われるときの意味は何か。,退屈だ,退屈だ｜手持ち無沙汰だ,することがなく、所在ない状態。,なし,なし,なし,なし,なし,なし,標準古語辞典・検定済み教科書（複数資料照合）,なし,なし
古文_Deck1_最重要単語・文法_300,CJ-000083,83,Deck1_最重要単語・文法,語彙,重要形容動詞,つれづれなり,つれづれなり,なし,形容動詞,品詞=形容動詞,CJ-000083-C02,meaning,語義：しんみりと物思いに沈む,古語「つれづれなり」が心情として使われるときの意味は何か。,しんみりと物思いに沈む,しんみりと物思いに沈む｜もの寂しい,静かに物思いにふける状態を表す。,なし,なし,なし,なし,なし,なし,標準古語辞典・検定済み教科書（複数資料照合）,なし,なし
古文_Deck1_最重要単語・文法_300,CJ-000084,84,Deck1_最重要単語・文法,語彙,重要形容詞,すさまじ,すさまじ,なし,形容詞,品詞=形容詞,CJ-000084-C01,meaning,語義：興ざめだ,古語「すさまじ」の入試で最も重要な意味は何か。,興ざめだ,興ざめだ｜殺風景だ,期待に反しておもしろみがなく、気持ちが冷める。,なし,なし,なし,現代語の「すさまじい」,古文では「興ざめだ」が中心。,なし,標準古語辞典・検定済み教科書（複数資料照合）,なし,なし
古文_Deck1_最重要単語・文法_300,CJ-000085,85,Deck1_最重要単語・文法,語彙,重要形容詞,つきづきし,つきづきし,なし,形容詞,品詞=形容詞,CJ-000085-C01,meaning,語義：似つかわしい,古語「つきづきし」の入試で最も重要な意味は何か。,似つかわしい,似つかわしい｜ふさわしい,その人・場面・身分に調和している。,なし,なし,なし,なし,なし,なし,標準古語辞典・検定済み教科書（複数資料照合）,なし,なし
古文_Deck1_最重要単語・文法_300,CJ-000086,86,Deck1_最重要単語・文法,語彙,重要形容詞,なまめかし,なまめかし,なし,形容詞,品詞=形容詞,CJ-000086-C01,meaning,語義：優美だ,古語「なまめかし」が姿や態度について使われるときの意味は何か。,優美だ,優美だ｜上品だ,若々しく上品で、しっとりした美しさがある。,なし,なし,なし,なし,なし,なし,標準古語辞典・検定済み教科書（複数資料照合）,なし,なし
古文_Deck1_最重要単語・文法_300,CJ-000086,86,Deck1_最重要単語・文法,語彙,重要形容詞,なまめかし,なまめかし,なし,形容詞,品詞=形容詞,CJ-000086-C02,meaning,語義：若々しい,古語「なまめかし」が年齢感や新鮮さについて使われるときの意味は何か。,若々しい,若々しい｜みずみずしい,生気があり、新鮮な印象を表す。,なし,なし,なし,なし,なし,なし,標準古語辞典・検定済み教科書（複数資料照合）,なし,なし
古文_Deck1_最重要単語・文法_300,CJ-000087,87,Deck1_最重要単語・文法,語彙,重要形容詞,らうたし,ろうたし,ろうたし,形容詞,品詞=形容詞,CJ-000087-C01,meaning,語義：かわいらしい,古語「らうたし」の入試で最も重要な意味は何か。,かわいらしい,かわいらしい｜いとしい,守ってやりたいほど愛らしい。,なし,なし,なし,なし,なし,なし,標準古語辞典・検定済み教科書（複数資料照合）,なし,なし
古文_Deck1_最重要単語・文法_300,CJ-000088,88,Deck1_最重要単語・文法,語彙,重要形容詞,かたはらいたし,かたわらいたし,かたわらいたし,形容詞,品詞=形容詞,CJ-000088-C01,meaning,語義：見苦しい,古語「かたはらいたし」が他人の様子を見て使われるときの意味は何か。,見苦しい,見苦しい｜みっともない,そばで見ていて不快・気の毒に感じる。,なし,なし,なし,なし,なし,なし,標準古語辞典・検定済み教科書（複数資料照合）,なし,なし
古文_Deck1_最重要単語・文法_300,CJ-000088,88,Deck1_最重要単語・文法,語彙,重要形容詞,かたはらいたし,かたわらいたし,かたわらいたし,形容詞,品詞=形容詞,CJ-000088-C02,meaning,語義：気の毒だ,古語「かたはらいたし」が同情して使われるときの意味は何か。,気の毒だ,気の毒だ｜いたわしい,相手の状態を見て心苦しく思う。,なし,なし,なし,なし,なし,なし,標準古語辞典・検定済み教科書（複数資料照合）,なし,なし
古文_Deck1_最重要単語・文法_300,CJ-000088,88,Deck1_最重要単語・文法,語彙,重要形容詞,かたはらいたし,かたわらいたし,かたわらいたし,形容詞,品詞=形容詞,CJ-000088-C03,meaning,語義：恥ずかしい,古語「かたはらいたし」が自分の立場について使われるときの意味は何か。,恥ずかしい,恥ずかしい｜きまりが悪い,そばの人に見られて恥ずかしい気持ち。,なし,なし,なし,なし,なし,なし,標準古語辞典・検定済み教科書（複数資料照合）,なし,なし
古文_Deck1_最重要単語・文法_300,CJ-000089,89,Deck1_最重要単語・文法,語彙,重要形容詞,こころにくし,こころにくし,なし,形容詞,品詞=形容詞,CJ-000089-C01,meaning,語義：奥ゆかしい,古語「こころにくし」の入試で最も重要な意味は何か。,奥ゆかしい,奥ゆかしい｜上品だ,表面にすべてを出さず、もっと知りたいと思わせる深みがある。,なし,なし,なし,現代語の「心憎い」,古文では高く評価する「奥ゆかしい」。,なし,標準古語辞典・検定済み教科書（複数資料照合）,なし,なし
古文_Deck1_最重要単語・文法_300,CJ-000090,90,Deck1_最重要単語・文法,語彙,重要形容詞,うし,うし,なし,形容詞,品詞=形容詞,CJ-000090-C01,meaning,語義：つらい,古語「うし」の入試で最も重要な意味は何か。,つらい,つらい｜嫌だ,自分にとって不快で、耐えがたい気持ちを表す。,なし,なし,なし,なし,なし,なし,標準古語辞典・検定済み教科書（複数資料照合）,なし,なし
古文_Deck1_最重要単語・文法_300,CJ-000091,91,Deck1_最重要単語・文法,語彙,重要形容詞,つらし,つらし,なし,形容詞,品詞=形容詞,CJ-000091-C01,meaning,語義：薄情だ,古語「つらし」が相手の態度について使われるときの意味は何か。,薄情だ,薄情だ｜冷淡だ,相手が思いやりなく冷たいことを責める。,なし,なし,なし,うし,「うし」は自分のつらさ、「つらし」は相手の薄情さを責める用法が重要。,なし,標準古語辞典・検定済み教科書（複数資料照合）,なし,なし
古文_Deck1_最重要単語・文法_300,CJ-000091,91,Deck1_最重要単語・文法,語彙,重要形容詞,つらし,つらし,なし,形容詞,品詞=形容詞,CJ-000091-C02,meaning,語義：つらい,古語「つらし」が自分の苦しさとして使われるときの意味は何か。,つらい,つらい｜苦しい,自分にとって耐えがたい気持ちを表す。,なし,なし,なし,うし,「うし」は自分のつらさ、「つらし」は相手の薄情さを責める用法が重要。,なし,標準古語辞典・検定済み教科書（複数資料照合）,なし,なし
古文_Deck1_最重要単語・文法_300,CJ-000092,92,Deck1_最重要単語・文法,語彙,重要形容詞,こころもとなし,こころもとなし,なし,形容詞,品詞=形容詞,CJ-000092-C01,meaning,語義：待ち遠しい,古語「こころもとなし」が結果を待つ気持ちとして使われるときの意味は何か。,待ち遠しい,待ち遠しい｜じれったい,先が分からず、早く知りたい・進んでほしいと思う。,なし,なし,なし,なし,なし,なし,標準古語辞典・検定済み教科書（複数資料照合）,なし,なし
古文_Deck1_最重要単語・文法_300,CJ-000092,92,Deck1_最重要単語・文法,語彙,重要形容詞,こころもとなし,こころもとなし,なし,形容詞,品詞=形容詞,CJ-000092-C02,meaning,語義：不安だ,古語「こころもとなし」が先行きについて使われるときの意味は何か。,不安だ,不安だ｜心配だ,頼りなく、行く末が気がかりである。,なし,なし,なし,なし,なし,なし,標準古語辞典・検定済み教科書（複数資料照合）,なし,なし
古文_Deck1_最重要単語・文法_300,CJ-000092,92,Deck1_最重要単語・文法,語彙,重要形容詞,こころもとなし,こころもとなし,なし,形容詞,品詞=形容詞,CJ-000092-C03,meaning,語義：ぼんやりしている,古語「こころもとなし」が視界や知識について使われるときの意味は何か。,ぼんやりしている,ぼんやりしている｜はっきりしない,物事が明確でなく、頼りない状態。,なし,なし,なし,なし,なし,なし,標準古語辞典・検定済み教科書（複数資料照合）,なし,なし
古文_Deck1_最重要単語・文法_300,CJ-000093,93,Deck1_最重要単語・文法,語彙,重要形容詞,あやし,あやし,なし,形容詞,品詞=形容詞,CJ-000093-C01,meaning,語義：不思議だ,古語「あやし」が理解しにくいことについて使われるときの意味は何か。,不思議だ,不思議だ｜奇妙だ,普通ではなく、納得しにくい。,なし,なし,なし,なし,なし,なし,標準古語辞典・検定済み教科書（複数資料照合）,なし,なし
古文_Deck1_最重要単語・文法_300,CJ-000093,93,Deck1_最重要単語・文法,語彙,重要形容詞,あやし,あやし,なし,形容詞,品詞=形容詞,CJ-000093-C02,meaning,語義：身分が低い,古語「あやし」が身分や家柄について使われるときの意味は何か。,身分が低い,身分が低い｜卑しい,社会的地位が低いことを表す。,なし,なし,なし,なし,なし,なし,標準古語辞典・検定済み教科書（複数資料照合）,なし,なし
古文_Deck1_最重要単語・文法_300,CJ-000093,93,Deck1_最重要単語・文法,語彙,重要形容詞,あやし,あやし,なし,形容詞,品詞=形容詞,CJ-000093-C03,meaning,語義：粗末だ,古語「あやし」が物や住居について使われるときの意味は何か。,粗末だ,粗末だ｜みすぼらしい,見た目や造りが貧しく、立派でない。,なし,なし,なし,なし,なし,なし,標準古語辞典・検定済み教科書（複数資料照合）,なし,なし
古文_Deck1_最重要単語・文法_300,CJ-000094,94,Deck1_最重要単語・文法,語彙,重要形容詞,あさまし,あさまし,なし,形容詞,品詞=形容詞,CJ-000094-C01,meaning,語義：驚きあきれる,古語「あさまし」が予想外の出来事に使われるときの意味は何か。,驚きあきれる,驚きあきれる｜意外だ,あまりのことに驚き、あきれる。,なし,なし,なし,なし,なし,なし,標準古語辞典・検定済み教科書（複数資料照合）,なし,なし
古文_Deck1_最重要単語・文法_300,CJ-000094,94,Deck1_最重要単語・文法,語彙,重要形容詞,あさまし,あさまし,なし,形容詞,品詞=形容詞,CJ-000094-C02,meaning,語義：情けない,古語「あさまし」が否定的に評価して使われるときの意味は何か。,情けない,情けない｜ひどい,見苦しく、嘆かわしい。,なし,なし,なし,なし,なし,なし,標準古語辞典・検定済み教科書（複数資料照合）,なし,なし
古文_Deck1_最重要単語・文法_300,CJ-000095,95,Deck1_最重要単語・文法,語彙,重要形容詞,あぢきなし,あじきなし,あじきなし,形容詞,品詞=形容詞,CJ-000095-C01,meaning,語義：どうにもならない,古語「あぢきなし」の入試で最も重要な意味は何か。,どうにもならない,どうにもならない｜無益だ｜つまらない,努力しても仕方がなく、価値がないと感じる。,なし,なし,なし,なし,なし,なし,標準古語辞典・検定済み教科書（複数資料照合）,なし,なし
古文_Deck1_最重要単語・文法_300,CJ-000096,96,Deck1_最重要単語・文法,語彙,重要形容詞,あたらし,あたらし,なし,形容詞,品詞=形容詞,CJ-000096-C01,meaning,語義：惜しい,古語「あたらし」の入試で最も重要な意味は何か。,惜しい,惜しい｜もったいない,立派なものが損なわれたり、十分に生かされなかったりするのを惜しむ。,なし,なし,なし,現代語の「新しい」,古文の「あたらし」は「惜しい」。,なし,標準古語辞典・検定済み教科書（複数資料照合）,なし,なし
古文_Deck1_最重要単語・文法_300,CJ-000097,97,Deck1_最重要単語・文法,語彙,重要形容詞,くちをし,くちおし,くちおし,形容詞,品詞=形容詞,CJ-000097-C01,meaning,語義：残念だ,古語「くちをし」の入試で最も重要な意味は何か。,残念だ,残念だ｜情けない,期待どおりでなく、心残りに思う。,なし,なし,なし,なし,なし,なし,標準古語辞典・検定済み教科書（複数資料照合）,なし,なし
古文_Deck1_最重要単語・文法_300,CJ-000098,98,Deck1_最重要単語・文法,語彙,重要形容詞,せんなし,せんなし,なし,形容詞,品詞=形容詞,CJ-000098-C01,meaning,語義：どうしようもない,古語「せんなし」の入試で最も重要な意味は何か。,どうしようもない,どうしようもない｜仕方がない｜無益だ,「為ん方なし」に由来し、手段がないことを表す。,なし,なし,なし,なし,なし,なし,標準古語辞典・検定済み教科書（複数資料照合）,なし,なし
古文_Deck1_最重要単語・文法_300,CJ-000099,99,Deck1_最重要単語・文法,語彙,重要形容詞,よしなし,よしなし,なし,形容詞,品詞=形容詞,CJ-000099-C01,meaning,語義：理由がない,古語「よしなし」が根拠について使われるときの意味は何か。,理由がない,理由がない｜根拠がない,正当な理由や根拠がない。,なし,なし,なし,なし,なし,なし,標準古語辞典・検定済み教科書（複数資料照合）,なし,なし
古文_Deck1_最重要単語・文法_300,CJ-000099,99,Deck1_最重要単語・文法,語彙,重要形容詞,よしなし,よしなし,なし,形容詞,品詞=形容詞,CJ-000099-C02,meaning,語義：つまらない,古語「よしなし」が内容の価値について使われるときの意味は何か。,つまらない,つまらない｜取るに足りない,意味や価値が乏しい。,なし,なし,なし,なし,なし,なし,標準古語辞典・検定済み教科書（複数資料照合）,なし,なし
古文_Deck1_最重要単語・文法_300,CJ-000099,99,Deck1_最重要単語・文法,語彙,重要形容詞,よしなし,よしなし,なし,形容詞,品詞=形容詞,CJ-000099-C03,meaning,語義：関係がない,古語「よしなし」がつながりについて使われるときの意味は何か。,関係がない,関係がない｜縁がない,直接の関係やゆかりがない。,なし,なし,なし,なし,なし,なし,標準古語辞典・検定済み教科書（複数資料照合）,なし,なし
古文_Deck1_最重要単語・文法_300,CJ-000100,100,Deck1_最重要単語・文法,語彙,重要形容詞,わりなし,わりなし,なし,形容詞,品詞=形容詞,CJ-000100-C01,meaning,語義：道理に合わない,古語「わりなし」が理屈や道理について使われるときの意味は何か。,道理に合わない,道理に合わない｜無理だ,物事の筋道が通らない。,なし,なし,なし,なし,なし,なし,標準古語辞典・検定済み教科書（複数資料照合）,なし,なし
古文_Deck1_最重要単語・文法_300,CJ-000100,100,Deck1_最重要単語・文法,語彙,重要形容詞,わりなし,わりなし,なし,形容詞,品詞=形容詞,CJ-000100-C02,meaning,語義：どうしようもない,古語「わりなし」が状況について使われるときの意味は何か。,どうしようもない,どうしようもない｜耐えがたい,手の施しようがなく、困り果てる。,なし,なし,なし,なし,なし,なし,標準古語辞典・検定済み教科書（複数資料照合）,なし,なし
古文_Deck1_最重要単語・文法_300,CJ-000100,100,Deck1_最重要単語・文法,語彙,重要形容詞,わりなし,わりなし,なし,形容詞,品詞=形容詞,CJ-000100-C03,meaning,語義：むやみだ,古語「わりなし」が程度について使われるときの意味は何か。,むやみだ,むやみだ｜ひどい,限度を超えて甚だしい。,なし,なし,なし,なし,なし,なし,標準古語辞典・検定済み教科書（複数資料照合）,なし,なし
古文_Deck1_最重要単語・文法_300,CJ-000101,101,Deck1_最重要単語・文法,語彙,重要形容詞,びんなし,びんなし,なし,形容詞,品詞=形容詞,CJ-000101-C01,meaning,語義：都合が悪い,古語「びんなし」の入試で最も重要な意味は何か。,都合が悪い,都合が悪い｜具合が悪い,時機や状況が悪く、行動しにくい。,なし,なし,なし,なし,なし,なし,標準古語辞典・検定済み教科書（複数資料照合）,なし,なし
古文_Deck1_最重要単語・文法_300,CJ-000102,102,Deck1_最重要単語・文法,語彙,重要形容詞,かたじけなし,かたじけなし,なし,形容詞,品詞=形容詞,CJ-000102-C01,meaning,語義：恐れ多い,古語「かたじけなし」が身分差を意識して使われるときの意味は何か。,恐れ多い,恐れ多い｜もったいない,高貴な人から受ける厚意などを、身に余ると感じる。,なし,なし,なし,なし,なし,なし,標準古語辞典・検定済み教科書（複数資料照合）,なし,なし
古文_Deck1_最重要単語・文法_300,CJ-000102,102,Deck1_最重要単語・文法,語彙,重要形容詞,かたじけなし,かたじけなし,なし,形容詞,品詞=形容詞,CJ-000102-C02,meaning,語義：ありがたい,古語「かたじけなし」が恩を受けて使われるときの意味は何か。,ありがたい,ありがたい｜恐縮だ,厚意に感謝し、恐縮する。,なし,なし,なし,なし,なし,なし,標準古語辞典・検定済み教科書（複数資料照合）,なし,なし
古文_Deck1_最重要単語・文法_300,CJ-000103,103,Deck1_最重要単語・文法,語彙,重要形容詞,おぼつかなし,おぼつかなし,なし,形容詞,品詞=形容詞,CJ-000103-C01,meaning,語義：はっきりしない,古語「おぼつかなし」が見え方や理解について使われるときの意味は何か。,はっきりしない,はっきりしない｜ぼんやりしている,物事が明確でない。,なし,なし,なし,こころもとなし,両語とも不安・待ち遠しさを表すが、語形ごと覚えて文脈で判定する。,なし,標準古語辞典・検定済み教科書（複数資料照合）,なし,なし
古文_Deck1_最重要単語・文法_300,CJ-000103,103,Deck1_最重要単語・文法,語彙,重要形容詞,おぼつかなし,おぼつかなし,なし,形容詞,品詞=形容詞,CJ-000103-C02,meaning,語義：気がかりだ,古語「おぼつかなし」が心配について使われるときの意味は何か。,気がかりだ,気がかりだ｜不安だ,先の様子が分からず心配である。,なし,なし,なし,こころもとなし,両語とも不安・待ち遠しさを表すが、語形ごと覚えて文脈で判定する。,なし,標準古語辞典・検定済み教科書（複数資料照合）,なし,なし
古文_Deck1_最重要単語・文法_300,CJ-000103,103,Deck1_最重要単語・文法,語彙,重要形容詞,おぼつかなし,おぼつかなし,なし,形容詞,品詞=形容詞,CJ-000103-C03,meaning,語義：待ち遠しい,古語「おぼつかなし」が待つ気持ちとして使われるときの意味は何か。,待ち遠しい,待ち遠しい｜じれったい,早く結果を知りたい気持ち。,なし,なし,なし,こころもとなし,両語とも不安・待ち遠しさを表すが、語形ごと覚えて文脈で判定する。,なし,標準古語辞典・検定済み教科書（複数資料照合）,なし,なし
古文_Deck1_最重要単語・文法_300,CJ-000104,104,Deck1_最重要単語・文法,語彙,重要形容詞,むつかし,むつかし,なし,形容詞,品詞=形容詞,CJ-000104-C01,meaning,語義：不快だ,古語「むつかし」が気分について使われるときの意味は何か。,不快だ,不快だ｜うっとうしい,わずらわしく、気分が晴れない。,なし,なし,なし,現代語の「難しい」,古文では「不快だ・うっとうしい」が中心。,なし,標準古語辞典・検定済み教科書（複数資料照合）,なし,なし
古文_Deck1_最重要単語・文法_300,CJ-000104,104,Deck1_最重要単語・文法,語彙,重要形容詞,むつかし,むつかし,なし,形容詞,品詞=形容詞,CJ-000104-C02,meaning,語義：気味が悪い,古語「むつかし」が対象への嫌悪として使われるときの意味は何か。,気味が悪い,気味が悪い｜恐ろしい,近寄りたくない不快感を表す。,なし,なし,なし,現代語の「難しい」,古文では「不快だ・うっとうしい」が中心。,なし,標準古語辞典・検定済み教科書（複数資料照合）,なし,なし
古文_Deck1_最重要単語・文法_300,CJ-000105,105,Deck1_最重要単語・文法,語彙,重要形容詞,めざまし,めざまし,なし,形容詞,品詞=形容詞,CJ-000105-C01,meaning,語義：気にくわない,古語「めざまし」が相手への反感として使われるときの意味は何か。,気にくわない,気にくわない｜目障りだ,身分不相応な振る舞いなどを見て不快に思う。,なし,なし,なし,なし,なし,なし,標準古語辞典・検定済み教科書（複数資料照合）,なし,なし
古文_Deck1_最重要単語・文法_300,CJ-000105,105,Deck1_最重要単語・文法,語彙,重要形容詞,めざまし,めざまし,なし,形容詞,品詞=形容詞,CJ-000105-C02,meaning,語義：すばらしい,古語「めざまし」が驚くほど優れて使われるときの意味は何か。,すばらしい,すばらしい｜目を見張るほどだ,目が覚めるほど見事である。,なし,なし,なし,なし,なし,なし,標準古語辞典・検定済み教科書（複数資料照合）,なし,なし
古文_Deck1_最重要単語・文法_300,CJ-000106,106,Deck1_最重要単語・文法,語彙,重要形容詞,いぶせし,いぶせし,なし,形容詞,品詞=形容詞,CJ-000106-C01,meaning,語義：気が晴れない,古語「いぶせし」が心情として使われるときの意味は何か。,気が晴れない,気が晴れない｜うっとうしい,胸がふさがるようで、すっきりしない。,なし,なし,なし,なし,なし,なし,標準古語辞典・検定済み教科書（複数資料照合）,なし,なし
古文_Deck1_最重要単語・文法_300,CJ-000106,106,Deck1_最重要単語・文法,語彙,重要形容詞,いぶせし,いぶせし,なし,形容詞,品詞=形容詞,CJ-000106-C02,meaning,語義：気がかりだ,古語「いぶせし」が先行きについて使われるときの意味は何か。,気がかりだ,気がかりだ｜心配だ,事情が分からず、心に引っかかる。,なし,なし,なし,なし,なし,なし,標準古語辞典・検定済み教科書（複数資料照合）,なし,なし
古文_Deck1_最重要単語・文法_300,CJ-000107,107,Deck1_最重要単語・文法,語彙,重要形容詞,うしろめたし,うしろめたし,なし,形容詞,品詞=形容詞,CJ-000107-C01,meaning,語義：気がかりだ,古語「うしろめたし」の入試で最も重要な意味は何か。,気がかりだ,気がかりだ｜心配だ,見えないところでどうなるか不安に思う。現代語の「やましい」だけではない。,なし,なし,なし,現代語の「後ろめたい」,古文では「気がかりだ・心配だ」が中心。,なし,標準古語辞典・検定済み教科書（複数資料照合）,なし,なし
古文_Deck1_最重要単語・文法_300,CJ-000108,108,Deck1_最重要単語・文法,語彙,重要形容詞,かしこし,かしこし,なし,形容詞,品詞=形容詞,CJ-000108-C01,meaning,語義：恐れ多い,古語「かしこし」が高貴なものに対して使われるときの意味は何か。,恐れ多い,恐れ多い｜畏れ多い,身分の高い人や神仏を前に、畏れ敬う。,なし,なし,なし,なし,なし,なし,標準古語辞典・検定済み教科書（複数資料照合）,なし,なし
古文_Deck1_最重要単語・文法_300,CJ-000108,108,Deck1_最重要単語・文法,語彙,重要形容詞,かしこし,かしこし,なし,形容詞,品詞=形容詞,CJ-000108-C02,meaning,語義：非常に,古語「かしこし」が程度を強める副詞的用法で使われるときの意味は何か。,非常に,非常に｜たいそう,程度の甚だしさを強める。,なし,なし,なし,なし,なし,なし,標準古語辞典・検定済み教科書（複数資料照合）,なし,なし
古文_Deck1_最重要単語・文法_300,CJ-000108,108,Deck1_最重要単語・文法,語彙,重要形容詞,かしこし,かしこし,なし,形容詞,品詞=形容詞,CJ-000108-C03,meaning,語義：すぐれている,古語「かしこし」が能力や身分の評価として使われるときの意味は何か。,すぐれている,すぐれている｜賢い,能力や徳が高い。,なし,なし,なし,なし,なし,なし,標準古語辞典・検定済み教科書（複数資料照合）,なし,なし
古文_Deck1_最重要単語・文法_300,CJ-000109,109,Deck1_最重要単語・文法,語彙,重要形容詞,さうざうし,そうぞうし,そうぞうし,形容詞,品詞=形容詞,CJ-000109-C01,meaning,語義：物足りない,古語「さうざうし」の入試で最も重要な意味は何か。,物足りない,物足りない｜寂しい,あるべきものがなく、満たされない感じ。,なし,なし,なし,なし,なし,なし,標準古語辞典・検定済み教科書（複数資料照合）,なし,なし
古文_Deck1_最重要単語・文法_300,CJ-000110,110,Deck1_最重要単語・文法,語彙,重要形容詞,つれなし,つれなし,なし,形容詞,品詞=形容詞,CJ-000110-C01,meaning,語義：平然としている,古語「つれなし」が態度について使われるときの意味は何か。,平然としている,平然としている｜何気ない,心に感じていても表情や態度に出さない。,なし,なし,なし,なし,なし,なし,標準古語辞典・検定済み教科書（複数資料照合）,なし,なし
古文_Deck1_最重要単語・文法_300,CJ-000110,110,Deck1_最重要単語・文法,語彙,重要形容詞,つれなし,つれなし,なし,形容詞,品詞=形容詞,CJ-000110-C02,meaning,語義：冷淡だ,古語「つれなし」が人への接し方について使われるときの意味は何か。,冷淡だ,冷淡だ｜よそよそしい,相手に思いやりを示さない。,なし,なし,なし,なし,なし,なし,標準古語辞典・検定済み教科書（複数資料照合）,なし,なし
古文_Deck1_最重要単語・文法_300,CJ-000111,111,Deck1_最重要単語・文法,語彙,重要形容動詞,あからさまなり,あからさまなり,なし,形容動詞,品詞=形容動詞,CJ-000111-C01,meaning,語義：ほんのしばらく,古語「あからさまなり」の入試で最も重要な意味は何か。,ほんのしばらく,ほんのしばらく｜一時的だ,時間的に少しの間だけである。現代語の「露骨だ」とは異なる。,なし,なし,なし,現代語の「あからさま」,古文では「ほんのしばらく」。,なし,標準古語辞典・検定済み教科書（複数資料照合）,なし,なし
古文_Deck1_最重要単語・文法_300,CJ-000112,112,Deck1_最重要単語・文法,語彙,重要形容動詞,かりそめなり,かりそめなり,なし,形容動詞,品詞=形容動詞,CJ-000112-C01,meaning,語義：一時的だ,古語「かりそめなり」が時間について使われるときの意味は何か。,一時的だ,一時的だ｜その場限りだ,長く続かず、仮の状態である。,なし,なし,なし,なし,なし,なし,標準古語辞典・検定済み教科書（複数資料照合）,なし,なし
古文_Deck1_最重要単語・文法_300,CJ-000112,112,Deck1_最重要単語・文法,語彙,重要形容動詞,かりそめなり,かりそめなり,なし,形容動詞,品詞=形容動詞,CJ-000112-C02,meaning,語義：いい加減だ,古語「かりそめなり」が態度について使われるときの意味は何か。,いい加減だ,いい加減だ｜軽々しい,深く考えず、軽い気持ちである。,なし,なし,なし,なし,なし,なし,標準古語辞典・検定済み教科書（複数資料照合）,なし,なし
古文_Deck1_最重要単語・文法_300,CJ-000113,113,Deck1_最重要単語・文法,語彙,重要形容動詞,なのめなり,なのめなり,なし,形容動詞,品詞=形容動詞,CJ-000113-C01,meaning,語義：並一通りだ,古語「なのめなり」が普通の程度として使われるときの意味は何か。,並一通りだ,並一通りだ｜普通だ,特別ではなく、ありふれた程度。,なし,なし,なし,なし,なし,なし,標準古語辞典・検定済み教科書（複数資料照合）,なし,なし
古文_Deck1_最重要単語・文法_300,CJ-000113,113,Deck1_最重要単語・文法,語彙,重要形容動詞,なのめなり,なのめなり,なし,形容動詞,品詞=形容動詞,CJ-000113-C02,meaning,語義：いい加減だ,古語「なのめなり」が態度として使われるときの意味は何か。,いい加減だ,いい加減だ｜おろそかだ,真剣さが足りない。,なし,なし,なし,なし,なし,なし,標準古語辞典・検定済み教科書（複数資料照合）,なし,なし
古文_Deck1_最重要単語・文法_300,CJ-000114,114,Deck1_最重要単語・文法,語彙,重要形容動詞,おろかなり,おろかなり,なし,形容動詞,品詞=形容動詞,CJ-000114-C01,meaning,語義：言葉では言い尽くせない,古語「おろかなり」が「〜と言ふもおろかなり」などで使われるときの意味は何か。,言葉では言い尽くせない,言葉では言い尽くせない｜言うまでもない,程度が甚だしく、普通の言葉では十分に表せない。,なし,なし,なし,現代語の「愚かだ」,古文では「言葉では言い尽くせない」「おろそかだ」が重要。,なし,標準古語辞典・検定済み教科書（複数資料照合）,なし,なし
古文_Deck1_最重要単語・文法_300,CJ-000114,114,Deck1_最重要単語・文法,語彙,重要形容動詞,おろかなり,おろかなり,なし,形容動詞,品詞=形容動詞,CJ-000114-C02,meaning,語義：いい加減だ,古語「おろかなり」が扱いや態度について使われるときの意味は何か。,いい加減だ,いい加減だ｜おろそかだ,十分に心を尽くさない。,なし,なし,なし,現代語の「愚かだ」,古文では「言葉では言い尽くせない」「おろそかだ」が重要。,なし,標準古語辞典・検定済み教科書（複数資料照合）,なし,なし
古文_Deck1_最重要単語・文法_300,CJ-000115,115,Deck1_最重要単語・文法,語彙,重要形容動詞,ねんごろなり,ねんごろなり,なし,形容動詞,品詞=形容動詞,CJ-000115-C01,meaning,語義：心を込めている,古語「ねんごろなり」が態度について使われるときの意味は何か。,心を込めている,心を込めている｜丁寧だ,熱心で、誠意を尽くしている。,なし,なし,なし,なし,なし,なし,標準古語辞典・検定済み教科書（複数資料照合）,なし,なし
古文_Deck1_最重要単語・文法_300,CJ-000115,115,Deck1_最重要単語・文法,語彙,重要形容動詞,ねんごろなり,ねんごろなり,なし,形容動詞,品詞=形容動詞,CJ-000115-C02,meaning,語義：親密だ,古語「ねんごろなり」が人間関係について使われるときの意味は何か。,親密だ,親密だ｜仲がよい,人と人との関係が深い。,なし,なし,なし,なし,なし,なし,標準古語辞典・検定済み教科書（複数資料照合）,なし,なし
古文_Deck1_最重要単語・文法_300,CJ-000116,116,Deck1_最重要単語・文法,語彙,重要形容動詞,あてなり,あてなり,なし,形容動詞,品詞=形容動詞,CJ-000116-C01,meaning,語義：身分が高い,古語「あてなり」が家柄について使われるときの意味は何か。,身分が高い,身分が高い｜高貴だ,生まれや地位が高い。,なし,なし,なし,なし,なし,なし,標準古語辞典・検定済み教科書（複数資料照合）,なし,なし
古文_Deck1_最重要単語・文法_300,CJ-000116,116,Deck1_最重要単語・文法,語彙,重要形容動詞,あてなり,あてなり,なし,形容動詞,品詞=形容動詞,CJ-000116-C02,meaning,語義：上品だ,古語「あてなり」が姿や雰囲気について使われるときの意味は何か。,上品だ,上品だ｜優雅だ,洗練され、品がある。,なし,なし,なし,なし,なし,なし,標準古語辞典・検定済み教科書（複数資料照合）,なし,なし
古文_Deck1_最重要単語・文法_300,CJ-000117,117,Deck1_最重要単語・文法,語彙,重要形容詞,あらまほし,あらまほし,なし,形容詞,品詞=形容詞,CJ-000117-C01,meaning,語義：理想的だ,古語「あらまほし」の入試で最も重要な意味は何か。,理想的だ,理想的だ｜望ましい,そうあってほしいと思う、好ましい状態。,なし,なし,なし,なし,なし,なし,標準古語辞典・検定済み教科書（複数資料照合）,なし,なし
古文_Deck1_最重要単語・文法_300,CJ-000118,118,Deck1_最重要単語・文法,語彙,重要形容詞,さかし,さかし,なし,形容詞,品詞=形容詞,CJ-000118-C01,meaning,語義：賢い,古語「さかし」が能力を評価して使われるときの意味は何か。,賢い,賢い｜しっかりしている,判断力があり、利口である。,なし,なし,なし,なし,なし,なし,標準古語辞典・検定済み教科書（複数資料照合）,なし,なし
古文_Deck1_最重要単語・文法_300,CJ-000118,118,Deck1_最重要単語・文法,語彙,重要形容詞,さかし,さかし,なし,形容詞,品詞=形容詞,CJ-000118-C02,meaning,語義：利口ぶっている,古語「さかし」が批判的に使われるときの意味は何か。,利口ぶっている,利口ぶっている｜こざかしい,自分の知恵をひけらかす否定的な語義。,なし,なし,なし,なし,なし,なし,標準古語辞典・検定済み教科書（複数資料照合）,なし,なし
古文_Deck1_最重要単語・文法_300,CJ-000119,119,Deck1_最重要単語・文法,語彙,重要形容詞,さうなし,そうなし,そうなし,形容詞,品詞=形容詞,CJ-000119-C01,meaning,語義：ためらわない,古語「さうなし」が判断や行動について使われるときの意味は何か。,ためらわない,ためらわない｜あれこれ考えない,左右を見回して迷うことがなく、すぐ判断・行動する。,なし,なし,なし,なし,なし,なし,標準古語辞典・検定済み教科書（複数資料照合）,なし,なし
古文_Deck1_最重要単語・文法_300,CJ-000119,119,Deck1_最重要単語・文法,語彙,重要形容詞,さうなし,そうなし,そうなし,形容詞,品詞=形容詞,CJ-000119-C02,meaning,語義：簡単だ,古語「さうなし」が物事の難易について使われるときの意味は何か。,簡単だ,簡単だ｜無造作だ,手間取らず、たやすく行える。,なし,なし,なし,なし,なし,なし,標準古語辞典・検定済み教科書（複数資料照合）,なし,なし
古文_Deck1_最重要単語・文法_300,CJ-000120,120,Deck1_最重要単語・文法,語彙,重要形容動詞,かたくななり,かたくななり,なし,形容動詞,品詞=形容動詞,CJ-000120-C01,meaning,語義：教養がない,古語「かたくななり」が人の品位について使われるときの意味は何か。,教養がない,教養がない｜見苦しい,物の道理や風雅を知らず、洗練されていない。,なし,なし,なし,なし,なし,なし,標準古語辞典・検定済み教科書（複数資料照合）,なし,なし
古文_Deck1_最重要単語・文法_300,CJ-000120,120,Deck1_最重要単語・文法,語彙,重要形容動詞,かたくななり,かたくななり,なし,形容動詞,品詞=形容動詞,CJ-000120-C02,meaning,語義：頑固だ,古語「かたくななり」が態度について使われるときの意味は何か。,頑固だ,頑固だ｜融通が利かない,自分の考えに固執する。,なし,なし,なし,なし,なし,なし,標準古語辞典・検定済み教科書（複数資料照合）,なし,なし
古文_Deck1_最重要単語・文法_300,CJ-000121,121,Deck1_最重要単語・文法,語彙,重要形容詞,いとほし,いとおし,いとおし,形容詞,品詞=形容詞,CJ-000121-C01,meaning,語義：かわいそうだ,古語「いとほし」が同情して使われるときの意味は何か。,かわいそうだ,かわいそうだ｜気の毒だ,相手をいたわしく思う。,なし,なし,なし,なし,なし,なし,標準古語辞典・検定済み教科書（複数資料照合）,なし,なし
古文_Deck1_最重要単語・文法_300,CJ-000121,121,Deck1_最重要単語・文法,語彙,重要形容詞,いとほし,いとおし,いとおし,形容詞,品詞=形容詞,CJ-000121-C02,meaning,語義：かわいらしい,古語「いとほし」が愛情を込めて使われるときの意味は何か。,かわいらしい,かわいらしい｜いとしい,相手を大切に思う気持ち。,なし,なし,なし,なし,なし,なし,標準古語辞典・検定済み教科書（複数資料照合）,なし,なし
古文_Deck1_最重要単語・文法_300,CJ-000122,122,Deck1_最重要単語・文法,語彙,重要形容詞,ゆゆし,ゆゆし,なし,形容詞,品詞=形容詞,CJ-000122-C01,meaning,語義：不吉だ,古語「ゆゆし」が忌み避けるべきこととして使われるときの意味は何か。,不吉だ,不吉だ｜恐ろしい,触れてはならないほど神聖・不吉である。,なし,なし,なし,なし,なし,なし,標準古語辞典・検定済み教科書（複数資料照合）,なし,なし
古文_Deck1_最重要単語・文法_300,CJ-000122,122,Deck1_最重要単語・文法,語彙,重要形容詞,ゆゆし,ゆゆし,なし,形容詞,品詞=形容詞,CJ-000122-C02,meaning,語義：すばらしい,古語「ゆゆし」が程度が非常に高い評価として使われるときの意味は何か。,すばらしい,すばらしい｜立派だ,程度が甚だしいことから、よい評価にも使う。,なし,なし,なし,なし,なし,なし,標準古語辞典・検定済み教科書（複数資料照合）,なし,なし
古文_Deck1_最重要単語・文法_300,CJ-000122,122,Deck1_最重要単語・文法,語彙,重要形容詞,ゆゆし,ゆゆし,なし,形容詞,品詞=形容詞,CJ-000122-C03,meaning,語義：ひどい,古語「ゆゆし」が悪い評価として使われるときの意味は何か。,ひどい,ひどい｜大変だ,程度が甚だしく、好ましくない。,なし,なし,なし,なし,なし,なし,標準古語辞典・検定済み教科書（複数資料照合）,なし,なし
古文_Deck1_最重要単語・文法_300,CJ-000123,123,Deck1_最重要単語・文法,語彙,重要形容詞,やむごとなし,やんごとなし,やんごとなし,形容詞,品詞=形容詞,CJ-000123-C01,meaning,語義：身分が高い,古語「やむごとなし」が人物の地位について使われるときの意味は何か。,身分が高い,身分が高い｜高貴だ,捨てておけないほど重要で、身分が高い。,なし,なし,なし,なし,なし,なし,標準古語辞典・検定済み教科書（複数資料照合）,なし,なし
古文_Deck1_最重要単語・文法_300,CJ-000123,123,Deck1_最重要単語・文法,語彙,重要形容詞,やむごとなし,やんごとなし,やんごとなし,形容詞,品詞=形容詞,CJ-000123-C02,meaning,語義：格別だ,古語「やむごとなし」が扱いや価値について使われるときの意味は何か。,格別だ,格別だ｜並々でない,特別に重んじるべきである。,なし,なし,なし,なし,なし,なし,標準古語辞典・検定済み教科書（複数資料照合）,なし,なし
古文_Deck1_最重要単語・文法_300,CJ-000124,124,Deck1_最重要単語・文法,語彙,重要形容動詞,おぼろけなり,おぼろけなり,なし,形容動詞,品詞=形容動詞,CJ-000124-C01,meaning,語義：並一通りだ,古語「おぼろけなり」が普通の程度として使われるときの意味は何か。,並一通りだ,並一通りだ｜普通だ,「おぼろけならず」の形では「並一通りではない」と強い程度を表す。,なし,なし,なし,なし,なし,なし,標準古語辞典・検定済み教科書（複数資料照合）,なし,なし
古文_Deck1_最重要単語・文法_300,CJ-000124,124,Deck1_最重要単語・文法,語彙,重要形容動詞,おぼろけなり,おぼろけなり,なし,形容動詞,品詞=形容動詞,CJ-000124-C02,meaning,語義：並々でない,古語「おぼろけなり」が打消を伴う「おぼろけならず」で使われるときの意味は何か。,並々でない,並々でない｜格別だ,打消と呼応すると、普通ではないほど甚だしい意味になる。,なし,なし,なし,なし,なし,なし,標準古語辞典・検定済み教科書（複数資料照合）,なし,なし
古文_Deck1_最重要単語・文法_300,CJ-000125,125,Deck1_最重要単語・文法,語彙,重要形容動詞,まめなり,まめなり,なし,形容動詞,品詞=形容動詞,CJ-000125-C01,meaning,語義：誠実だ,古語「まめなり」が人柄について使われるときの意味は何か。,誠実だ,誠実だ｜まじめだ,浮つかず、真心がある。,なし,なし,なし,なし,なし,なし,標準古語辞典・検定済み教科書（複数資料照合）,なし,なし
古文_Deck1_最重要単語・文法_300,CJ-000125,125,Deck1_最重要単語・文法,語彙,重要形容動詞,まめなり,まめなり,なし,形容動詞,品詞=形容動詞,CJ-000125-C02,meaning,語義：実用的だ,古語「まめなり」が物事の役立ち方について使われるときの意味は何か。,実用的だ,実用的だ｜役に立つ,風流ではなく、日常生活に役立つ。,なし,なし,なし,なし,なし,なし,標準古語辞典・検定済み教科書（複数資料照合）,なし,なし
古文_Deck1_最重要単語・文法_300,CJ-000126,126,Deck1_最重要単語・文法,語彙,重要名詞,こころざし,こころざし,なし,名詞,品詞=名詞,CJ-000126-C01,meaning,語義：愛情,古語「こころざし」が人への思いとして使われるときの意味は何か。,愛情,愛情｜好意,相手を思う気持ちや誠意を表す。,なし,なし,なし,なし,なし,なし,標準古語辞典・検定済み教科書（複数資料照合）,なし,なし
古文_Deck1_最重要単語・文法_300,CJ-000126,126,Deck1_最重要単語・文法,語彙,重要名詞,こころざし,こころざし,なし,名詞,品詞=名詞,CJ-000126-C02,meaning,語義：贈り物,古語「こころざし」が好意を形にしたものとして使われるときの意味は何か。,贈り物,贈り物｜謝礼,愛情・感謝を表すために贈る品。,なし,なし,なし,なし,なし,なし,標準古語辞典・検定済み教科書（複数資料照合）,なし,なし
古文_Deck1_最重要単語・文法_300,CJ-000127,127,Deck1_最重要単語・文法,語彙,重要名詞,けしき,けしき,なし,名詞,品詞=名詞,CJ-000127-C01,meaning,語義：様子,古語「けしき」が外に現れた状態として使われるときの意味は何か。,様子,様子｜態度,人の表情・態度や物事の外見を表す。,なし,なし,なし,なし,なし,なし,標準古語辞典・検定済み教科書（複数資料照合）,なし,なし
古文_Deck1_最重要単語・文法_300,CJ-000127,127,Deck1_最重要単語・文法,語彙,重要名詞,けしき,けしき,なし,名詞,品詞=名詞,CJ-000127-C02,meaning,語義：意向,古語「けしき」が心の中の考えが表に出たものとして使われるときの意味は何か。,意向,意向｜気持ち,はっきり言わずに示された考えや気持ち。,なし,なし,なし,なし,なし,なし,標準古語辞典・検定済み教科書（複数資料照合）,なし,なし
古文_Deck1_最重要単語・文法_300,CJ-000127,127,Deck1_最重要単語・文法,語彙,重要名詞,けしき,けしき,なし,名詞,品詞=名詞,CJ-000127-C03,meaning,語義：兆候,古語「けしき」がこれから起こることの前触れとして使われるときの意味は何か。,兆候,兆候｜気配,物事が起こりそうな気配。,なし,なし,なし,なし,なし,なし,標準古語辞典・検定済み教科書（複数資料照合）,なし,なし
古文_Deck1_最重要単語・文法_300,CJ-000128,128,Deck1_最重要単語・文法,語彙,重要名詞,こころばへ,こころばえ,こころばえ,名詞,品詞=名詞,CJ-000128-C01,meaning,語義：心遣い,古語「こころばへ」が他人への配慮として使われるときの意味は何か。,心遣い,心遣い｜気立て,人への配慮や心の持ち方。,なし,なし,なし,なし,なし,なし,標準古語辞典・検定済み教科書（複数資料照合）,なし,なし
古文_Deck1_最重要単語・文法_300,CJ-000128,128,Deck1_最重要単語・文法,語彙,重要名詞,こころばへ,こころばえ,こころばえ,名詞,品詞=名詞,CJ-000128-C02,meaning,語義：趣向,古語「こころばへ」が工夫や好みとして使われるときの意味は何か。,趣向,趣向｜意図,物事に込めた考えや工夫。,なし,なし,なし,なし,なし,なし,標準古語辞典・検定済み教科書（複数資料照合）,なし,なし
古文_Deck1_最重要単語・文法_300,CJ-000129,129,Deck1_最重要単語・文法,語彙,重要名詞,よし,よし,なし,名詞,品詞=名詞,CJ-000129-C01,meaning,語義：理由,古語「よし」が物事の根拠として使われるときの意味は何か。,理由,理由｜わけ,そうなる根拠や事情。,なし,なし,なし,なし,なし,なし,標準古語辞典・検定済み教科書（複数資料照合）,なし,なし
古文_Deck1_最重要単語・文法_300,CJ-000129,129,Deck1_最重要単語・文法,語彙,重要名詞,よし,よし,なし,名詞,品詞=名詞,CJ-000129-C02,meaning,語義：方法,古語「よし」が手段として使われるときの意味は何か。,方法,方法｜手段,目的を実現するためのやり方。,なし,なし,なし,なし,なし,なし,標準古語辞典・検定済み教科書（複数資料照合）,なし,なし
古文_Deck1_最重要単語・文法_300,CJ-000129,129,Deck1_最重要単語・文法,語彙,重要名詞,よし,よし,なし,名詞,品詞=名詞,CJ-000129-C03,meaning,語義：風情,古語「よし」が物の様子や趣として使われるときの意味は何か。,風情,風情｜趣,見た目や振る舞いに備わる趣。,なし,なし,なし,なし,なし,なし,標準古語辞典・検定済み教科書（複数資料照合）,なし,なし
古文_Deck1_最重要単語・文法_300,CJ-000129,129,Deck1_最重要単語・文法,語彙,重要名詞,よし,よし,なし,名詞,品詞=名詞,CJ-000129-C04,meaning,語義：由緒,古語「よし」が家柄や来歴として使われるときの意味は何か。,由緒,由緒｜いわれ,物事の由来や家柄の筋。,なし,なし,なし,なし,なし,なし,標準古語辞典・検定済み教科書（複数資料照合）,なし,なし
古文_Deck1_最重要単語・文法_300,CJ-000130,130,Deck1_最重要単語・文法,語彙,重要名詞,ためし,ためし,なし,名詞,品詞=名詞,CJ-000130-C01,meaning,語義：例,古語「ためし」の入試で最も重要な意味は何か。,例,例｜先例,過去の出来事のうち、参考になる例。,なし,なし,なし,なし,なし,なし,標準古語辞典・検定済み教科書（複数資料照合）,なし,なし
古文_Deck1_最重要単語・文法_300,CJ-000131,131,Deck1_最重要単語・文法,語彙,重要名詞,おぼえ,おぼえ,なし,名詞,品詞=名詞,CJ-000131-C01,meaning,語義：評判,古語「おぼえ」が世間からの評価として使われるときの意味は何か。,評判,評判｜名声,人々から受ける評価。,なし,なし,なし,なし,なし,なし,標準古語辞典・検定済み教科書（複数資料照合）,なし,寵愛=ちょうあい
古文_Deck1_最重要単語・文法_300,CJ-000131,131,Deck1_最重要単語・文法,語彙,重要名詞,おぼえ,おぼえ,なし,名詞,品詞=名詞,CJ-000131-C02,meaning,語義：寵愛,古語「おぼえ」が高貴な人から受ける愛情として使われるときの意味は何か。,寵愛,寵愛｜お気に入り,帝など身分の高い人から特別に愛されること。,なし,なし,なし,なし,なし,なし,標準古語辞典・検定済み教科書（複数資料照合）,なし,寵愛=ちょうあい
古文_Deck1_最重要単語・文法_300,CJ-000132,132,Deck1_最重要単語・文法,語彙,重要名詞,かたち,かたち,なし,名詞,品詞=名詞,CJ-000132-C01,meaning,語義：容貌,古語「かたち」の入試で最も重要な意味は何か。,容貌,容貌｜顔立ち,特に人の顔つきや姿を表す。現代語の一般的な「形」より狭い用法が重要。,なし,なし,なし,なし,なし,なし,標準古語辞典・検定済み教科書（複数資料照合）,なし,容貌=ようぼう
古文_Deck1_最重要単語・文法_300,CJ-000133,133,Deck1_最重要単語・文法,語彙,重要名詞,ありさま,ありさま,なし,名詞,品詞=名詞,CJ-000133-C01,meaning,語義：様子,古語「ありさま」が現在の状態として使われるときの意味は何か。,様子,様子｜状態,人や物事がどのようであるかを表す。,なし,なし,なし,なし,なし,なし,標準古語辞典・検定済み教科書（複数資料照合）,なし,なし
古文_Deck1_最重要単語・文法_300,CJ-000133,133,Deck1_最重要単語・文法,語彙,重要名詞,ありさま,ありさま,なし,名詞,品詞=名詞,CJ-000133-C02,meaning,語義：事情,古語「ありさま」が経緯を含む状況として使われるときの意味は何か。,事情,事情｜成り行き,そこに至った事情や経過。,なし,なし,なし,なし,なし,なし,標準古語辞典・検定済み教科書（複数資料照合）,なし,なし
古文_Deck1_最重要単語・文法_300,CJ-000134,134,Deck1_最重要単語・文法,語彙,重要名詞,ことわり,ことわり,なし,名詞,品詞=名詞,CJ-000134-C01,meaning,語義：道理,古語「ことわり」が筋道として使われるときの意味は何か。,道理,道理｜当然の理屈,物事がそうなるべき筋道。,なし,なし,なし,なし,なし,なし,標準古語辞典・検定済み教科書（複数資料照合）,なし,なし
古文_Deck1_最重要単語・文法_300,CJ-000134,134,Deck1_最重要単語・文法,語彙,重要名詞,ことわり,ことわり,なし,名詞,品詞=名詞,CJ-000134-C02,meaning,語義：理由,古語「ことわり」が原因や根拠として使われるときの意味は何か。,理由,理由｜わけ,ある事柄が生じた根拠。,なし,なし,なし,なし,なし,なし,標準古語辞典・検定済み教科書（複数資料照合）,なし,なし
古文_Deck1_最重要単語・文法_300,CJ-000135,135,Deck1_最重要単語・文法,語彙,重要名詞,ほい,ほい,本意,名詞,品詞=名詞,CJ-000135-C01,meaning,語義：本来の願い,古語「ほい」の入試で最も重要な意味は何か。,本来の願い,本来の願い｜かねてからの望み,以前から心に抱いていた目的や願望。,なし,なし,なし,なし,なし,なし,標準古語辞典・検定済み教科書（複数資料照合）,なし,本意=ほい
古文_Deck1_最重要単語・文法_300,CJ-000136,136,Deck1_最重要単語・文法,語彙,重要名詞,よ,よ,なし,名詞,品詞=名詞,CJ-000136-C01,meaning,語義：男女の仲,古語「よ」が恋愛関係について使われるときの意味は何か。,男女の仲,男女の仲｜夫婦関係,男女の関係や夫婦の仲を表す。,なし,なし,なし,なし,なし,なし,標準古語辞典・検定済み教科書（複数資料照合）,なし,なし
古文_Deck1_最重要単語・文法_300,CJ-000136,136,Deck1_最重要単語・文法,語彙,重要名詞,よ,よ,なし,名詞,品詞=名詞,CJ-000136-C02,meaning,語義：世間,古語「よ」が社会について使われるときの意味は何か。,世間,世間｜世の中,人々が暮らす社会。,なし,なし,なし,なし,なし,なし,標準古語辞典・検定済み教科書（複数資料照合）,なし,なし
古文_Deck1_最重要単語・文法_300,CJ-000136,136,Deck1_最重要単語・文法,語彙,重要名詞,よ,よ,なし,名詞,品詞=名詞,CJ-000136-C03,meaning,語義：時代,古語「よ」が時間の区分として使われるときの意味は何か。,時代,時代｜治世,ある君主の治世や一つの時代。,なし,なし,なし,なし,なし,なし,標準古語辞典・検定済み教科書（複数資料照合）,なし,なし
古文_Deck1_最重要単語・文法_300,CJ-000137,137,Deck1_最重要単語・文法,語彙,重要名詞,ついで,ついで,なし,名詞,品詞=名詞,CJ-000137-C01,meaning,語義：機会,古語「ついで」が何かをする好都合な時として使われるときの意味は何か。,機会,機会｜折,ある行動に続いて別のことをする好機。,なし,なし,なし,なし,なし,なし,標準古語辞典・検定済み教科書（複数資料照合）,なし,なし
古文_Deck1_最重要単語・文法_300,CJ-000137,137,Deck1_最重要単語・文法,語彙,重要名詞,ついで,ついで,なし,名詞,品詞=名詞,CJ-000137-C02,meaning,語義：順序,古語「ついで」が物事の並びとして使われるときの意味は何か。,順序,順序｜次第,物事が並ぶ順番。,なし,なし,なし,なし,なし,なし,標準古語辞典・検定済み教科書（複数資料照合）,なし,なし
古文_Deck1_最重要単語・文法_300,CJ-000138,138,Deck1_最重要単語・文法,語彙,重要名詞,つとめて,つとめて,なし,名詞,品詞=名詞,CJ-000138-C01,meaning,語義：早朝,古語「つとめて」の入試で最も重要な意味は何か。,早朝,早朝｜夜明け方,夜が明けて間もない時間。,なし,なし,なし,なし,なし,なし,標準古語辞典・検定済み教科書（複数資料照合）,なし,なし
古文_Deck1_最重要単語・文法_300,CJ-000139,139,Deck1_最重要単語・文法,語彙,重要名詞,つごもり,つごもり,なし,名詞,品詞=名詞,CJ-000139-C01,meaning,語義：月末,古語「つごもり」の入試で最も重要な意味は何か。,月末,月末｜月の最終日,月が隠れるころ、すなわち陰暦の月末を指す。,なし,なし,なし,なし,なし,なし,標準古語辞典・検定済み教科書（複数資料照合）,なし,陰暦=いんれき
古文_Deck1_最重要単語・文法_300,CJ-000140,140,Deck1_最重要単語・文法,語彙,重要名詞,ついたち,ついたち,なし,名詞,品詞=名詞,CJ-000140-C01,meaning,語義：月の第一日,古語「ついたち」の入試で最も重要な意味は何か。,月の第一日,月の第一日｜一日,「月立ち」に由来し、陰暦の月初めを指す。,なし,なし,なし,なし,なし,なし,標準古語辞典・検定済み教科書（複数資料照合）,なし,陰暦=いんれき
古文_Deck1_最重要単語・文法_300,CJ-000141,141,Deck1_最重要単語・文法,語彙,重要名詞,あした,あした,なし,名詞,品詞=名詞,CJ-000141-C01,meaning,語義：朝,古語「あした」の入試で最も重要な意味は何か。,朝,朝｜翌朝,古文では基本的に朝を表す。文脈によって「翌朝」。,なし,なし,なし,現代語の「あした」,古文では「朝」、現代語では「翌日」。,なし,標準古語辞典・検定済み教科書（複数資料照合）,なし,なし
古文_Deck1_最重要単語・文法_300,CJ-000142,142,Deck1_最重要単語・文法,語彙,重要名詞,ゆふべ,ゆうべ,ゆうべ,名詞,品詞=名詞,CJ-000142-C01,meaning,語義：夕方,古語「ゆふべ」が一日の時間帯として使われるときの意味は何か。,夕方,夕方｜日暮れ,日が暮れるころ。,なし,なし,なし,なし,なし,なし,標準古語辞典・検定済み教科書（複数資料照合）,なし,なし
古文_Deck1_最重要単語・文法_300,CJ-000142,142,Deck1_最重要単語・文法,語彙,重要名詞,ゆふべ,ゆうべ,ゆうべ,名詞,品詞=名詞,CJ-000142-C02,meaning,語義：昨夜,古語「ゆふべ」が前日の夜として使われるときの意味は何か。,昨夜,昨夜｜昨晩,文脈によって前日の夜を指す。,なし,なし,なし,なし,なし,なし,標準古語辞典・検定済み教科書（複数資料照合）,なし,なし
古文_Deck1_最重要単語・文法_300,CJ-000143,143,Deck1_最重要単語・文法,語彙,重要副詞,ひねもす,ひねもす,なし,副詞,品詞=副詞,CJ-000143-C01,meaning,語義：一日中,古語「ひねもす」の入試で最も重要な意味は何か。,一日中,一日中｜朝から晩まで,日中の全時間を通して。,なし,なし,なし,なし,なし,なし,標準古語辞典・検定済み教科書（複数資料照合）,なし,なし
古文_Deck1_最重要単語・文法_300,CJ-000144,144,Deck1_最重要単語・文法,語彙,重要副詞,よもすがら,よもすがら,なし,副詞,品詞=副詞,CJ-000144-C01,meaning,語義：一晩中,古語「よもすがら」の入試で最も重要な意味は何か。,一晩中,一晩中｜夜通し,夜の間ずっと。,なし,なし,なし,なし,なし,なし,標準古語辞典・検定済み教科書（複数資料照合）,なし,なし
古文_Deck1_最重要単語・文法_300,CJ-000145,145,Deck1_最重要単語・文法,語彙,重要副詞,かたみに,かたみに,なし,副詞,品詞=副詞,CJ-000145-C01,meaning,語義：互いに,古語「かたみに」の入試で最も重要な意味は何か。,互いに,互いに｜かわるがわる,双方が相手に対して同じようにする。,なし,なし,なし,なし,なし,なし,標準古語辞典・検定済み教科書（複数資料照合）,なし,なし
古文_Deck1_最重要単語・文法_300,CJ-000146,146,Deck1_最重要単語・文法,語彙,重要形容動詞,さらなり,さらなり,なし,形容動詞,品詞=形容動詞,CJ-000146-C01,meaning,語義：言うまでもない,古語「さらなり」の入試で最も重要な意味は何か。,言うまでもない,言うまでもない｜もちろんだ,改めて言う必要がないほど明らかである。,なし,なし,なし,なし,なし,なし,標準古語辞典・検定済み教科書（複数資料照合）,なし,なし
古文_Deck1_最重要単語・文法_300,CJ-000147,147,Deck1_最重要単語・文法,語彙,重要副詞,さながら,さながら,なし,副詞,品詞=副詞,CJ-000147-C01,meaning,語義：そのまま,古語「さながら」が状態を変えずに使われるときの意味は何か。,そのまま,そのまま｜元のまま,変化させず、元の状態を保つ。,なし,なし,なし,なし,なし,なし,標準古語辞典・検定済み教科書（複数資料照合）,なし,なし
古文_Deck1_最重要単語・文法_300,CJ-000147,147,Deck1_最重要単語・文法,語彙,重要副詞,さながら,さながら,なし,副詞,品詞=副詞,CJ-000147-C02,meaning,語義：全部,古語「さながら」が範囲のすべてとして使われるときの意味は何か。,全部,全部｜すべて,残らず全体を指す。,なし,なし,なし,なし,なし,なし,標準古語辞典・検定済み教科書（複数資料照合）,なし,なし
古文_Deck1_最重要単語・文法_300,CJ-000148,148,Deck1_最重要単語・文法,語彙,重要副詞,いと,いと,なし,副詞,品詞=副詞,CJ-000148-C01,meaning,語義：たいそう,古語「いと」の入試で最も重要な意味は何か。,たいそう,たいそう｜非常に,程度を強くする最重要副詞。,なし,なし,なし,なし,なし,なし,標準古語辞典・検定済み教科書（複数資料照合）,なし,なし
古文_Deck1_最重要単語・文法_300,CJ-000149,149,Deck1_最重要単語・文法,語彙,重要副詞,いとど,いとど,なし,副詞,品詞=副詞,CJ-000149-C01,meaning,語義：ますます,古語「いとど」の入試で最も重要な意味は何か。,ますます,ますます｜いっそう,以前より程度がさらに増す。,なし,なし,なし,なし,なし,なし,標準古語辞典・検定済み教科書（複数資料照合）,なし,なし
古文_Deck1_最重要単語・文法_300,CJ-000150,150,Deck1_最重要単語・文法,語彙,重要副詞,げに,げに,なし,副詞,品詞=副詞,CJ-000150-C01,meaning,語義：なるほど,古語「げに」が相手の言葉を認めて使われるときの意味は何か。,なるほど,なるほど｜本当に,前に示された内容を、もっともだと認める。,なし,なし,なし,なし,なし,なし,標準古語辞典・検定済み教科書（複数資料照合）,なし,なし
古文_Deck1_最重要単語・文法_300,CJ-000150,150,Deck1_最重要単語・文法,語彙,重要副詞,げに,げに,なし,副詞,品詞=副詞,CJ-000150-C02,meaning,語義：本当に,古語「げに」が事実を強調して使われるときの意味は何か。,本当に,本当に｜実に,事実であることを強く述べる。,なし,なし,なし,なし,なし,なし,標準古語辞典・検定済み教科書（複数資料照合）,なし,なし
古文_Deck1_最重要単語・文法_300,CJ-000151,151,Deck1_最重要単語・文法,語彙,重要副詞,やがて,やがて,なし,副詞,品詞=副詞,CJ-000151-C01,meaning,語義：そのまま,古語「やがて」が状態が続く意味で使われるときの意味は何か。,そのまま,そのまま｜引き続き,間を置かず、同じ状態が続く。,なし,なし,なし,現代語の「やがて」,古文では「そのまま」「すぐに」が中心で、遠い未来とは限らない。,なし,標準古語辞典・検定済み教科書（複数資料照合）,なし,なし
古文_Deck1_最重要単語・文法_300,CJ-000151,151,Deck1_最重要単語・文法,語彙,重要副詞,やがて,やがて,なし,副詞,品詞=副詞,CJ-000151-C02,meaning,語義：すぐに,古語「やがて」が時間を置かずに使われるときの意味は何か。,すぐに,すぐに｜ただちに,ある出来事の直後に次が起こる。,なし,なし,なし,現代語の「やがて」,古文では「そのまま」「すぐに」が中心で、遠い未来とは限らない。,なし,標準古語辞典・検定済み教科書（複数資料照合）,なし,なし
古文_Deck1_最重要単語・文法_300,CJ-000152,152,Deck1_最重要単語・文法,語彙,重要副詞,やうやう,ようよう,ようよう,副詞,品詞=副詞,CJ-000152-C01,meaning,語義：だんだん,古語「やうやう」の入試で最も重要な意味は何か。,だんだん,だんだん｜次第に,時間の経過とともに少しずつ変化する。,なし,なし,なし,なし,なし,なし,標準古語辞典・検定済み教科書（複数資料照合）,なし,なし
古文_Deck1_最重要単語・文法_300,CJ-000153,153,Deck1_最重要単語・文法,語彙,重要副詞,おのづから,おのずから,おのずから,副詞,品詞=副詞,CJ-000153-C01,meaning,語義：自然に,古語「おのづから」が人為によらず使われるときの意味は何か。,自然に,自然に｜ひとりでに,特別に働きかけなくてもそうなる。,なし,なし,なし,なし,なし,なし,標準古語辞典・検定済み教科書（複数資料照合）,なし,なし
古文_Deck1_最重要単語・文法_300,CJ-000153,153,Deck1_最重要単語・文法,語彙,重要副詞,おのづから,おのずから,おのずから,副詞,品詞=副詞,CJ-000153-C02,meaning,語義：偶然に,古語「おのづから」が思いがけず使われるときの意味は何か。,偶然に,偶然に｜たまたま,意図せず出来事が起こる。,なし,なし,なし,なし,なし,なし,標準古語辞典・検定済み教科書（複数資料照合）,なし,なし
古文_Deck1_最重要単語・文法_300,CJ-000154,154,Deck1_最重要単語・文法,語彙,重要副詞,おほかた,おおかた,おおかた,副詞,品詞=副詞,CJ-000154-C01,meaning,語義：だいたい,古語「おほかた」が全体のおおよそとして使われるときの意味は何か。,だいたい,だいたい｜おおよそ,全体を大づかみに見た程度。,なし,なし,なし,なし,なし,なし,標準古語辞典・検定済み教科書（複数資料照合）,なし,なし
古文_Deck1_最重要単語・文法_300,CJ-000154,154,Deck1_最重要単語・文法,語彙,重要副詞,おほかた,おおかた,おおかた,副詞,品詞=副詞,CJ-000154-C02,meaning,語義：まったく,古語「おほかた」が打消を伴って使われるときの意味は何か。,まったく,まったく｜少しも,打消と呼応して「まったく〜ない」と強く否定する。,なし,なし,なし,なし,なし,なし,標準古語辞典・検定済み教科書（複数資料照合）,なし,なし
古文_Deck1_最重要単語・文法_300,CJ-000155,155,Deck1_最重要単語・文法,語彙,重要副詞,かまへて,かまえて,かまえて,副詞,品詞=副詞,CJ-000155-C01,meaning,語義：必ず,古語「かまへて」が強い命令や願いとともに使われるときの意味は何か。,必ず,必ず｜ぜひとも,強く念を押して行動を求める。,なし,なし,なし,なし,なし,なし,標準古語辞典・検定済み教科書（複数資料照合）,なし,なし
古文_Deck1_最重要単語・文法_300,CJ-000155,155,Deck1_最重要単語・文法,語彙,重要副詞,かまへて,かまえて,かまえて,副詞,品詞=副詞,CJ-000155-C02,meaning,語義：決して,古語「かまへて」が打消とともに使われるときの意味は何か。,決して,決して｜絶対に,打消と呼応して強い禁止・否定を表す。,なし,なし,なし,なし,なし,なし,標準古語辞典・検定済み教科書（複数資料照合）,なし,なし
古文_Deck1_最重要単語・文法_300,CJ-000156,156,Deck1_最重要単語・文法,語彙,重要副詞,なかなか,なかなか,なし,副詞,品詞=副詞,CJ-000156-C01,meaning,語義：かえって,古語「なかなか」の入試で最も重要な意味は何か。,かえって,かえって｜むしろ,予想とは反対の結果になることを表す。,なし,なし,なし,現代語の「かなり」,古文の中心義は「かえって・むしろ」。,なし,標準古語辞典・検定済み教科書（複数資料照合）,なし,なし
古文_Deck1_最重要単語・文法_300,CJ-000157,157,Deck1_最重要単語・文法,語彙,重要副詞,なべて,なべて,なし,副詞,品詞=副詞,CJ-000157-C01,meaning,語義：一般に,古語「なべて」が全体を一括して使われるときの意味は何か。,一般に,一般に｜すべて,例外を設けず、広く全体について述べる。,なし,なし,なし,なし,なし,なし,標準古語辞典・検定済み教科書（複数資料照合）,なし,なし
古文_Deck1_最重要単語・文法_300,CJ-000157,157,Deck1_最重要単語・文法,語彙,重要副詞,なべて,なべて,なし,副詞,品詞=副詞,CJ-000157-C02,meaning,語義：普通,古語「なべて」が程度として使われるときの意味は何か。,普通,普通｜並一通り,特別ではない一般的な程度。,なし,なし,なし,なし,なし,なし,標準古語辞典・検定済み教科書（複数資料照合）,なし,なし
古文_Deck1_最重要単語・文法_300,CJ-000158,158,Deck1_最重要単語・文法,語彙,重要副詞,なほ,なお,なお,副詞,品詞=副詞,CJ-000158-C01,meaning,語義：やはり,古語「なほ」が結論が変わらず使われるときの意味は何か。,やはり,やはり｜それでも,事情があっても結局同じ判断になる。,なし,なし,なし,なし,なし,なし,標準古語辞典・検定済み教科書（複数資料照合）,なし,なし
古文_Deck1_最重要単語・文法_300,CJ-000158,158,Deck1_最重要単語・文法,語彙,重要副詞,なほ,なお,なお,副詞,品詞=副詞,CJ-000158-C02,meaning,語義：さらに,古語「なほ」が程度が加わって使われるときの意味は何か。,さらに,さらに｜いっそう,以前より程度を増す。,なし,なし,なし,なし,なし,なし,標準古語辞典・検定済み教科書（複数資料照合）,なし,なし
古文_Deck1_最重要単語・文法_300,CJ-000159,159,Deck1_最重要単語・文法,語彙,重要副詞,はた,はた,なし,副詞,品詞=副詞,CJ-000159-C01,meaning,語義：また,古語「はた」が別の事柄を加えて使われるときの意味は何か。,また,また｜一方で,前の内容に別の観点を加える。,なし,なし,なし,なし,なし,なし,標準古語辞典・検定済み教科書（複数資料照合）,なし,なし
古文_Deck1_最重要単語・文法_300,CJ-000159,159,Deck1_最重要単語・文法,語彙,重要副詞,はた,はた,なし,副詞,品詞=副詞,CJ-000159-C02,meaning,語義：あるいは,古語「はた」が選択や疑いとして使われるときの意味は何か。,あるいは,あるいは｜それとも,複数の可能性の間で迷う。,なし,なし,なし,なし,なし,なし,標準古語辞典・検定済み教科書（複数資料照合）,なし,なし
古文_Deck1_最重要単語・文法_300,CJ-000160,160,Deck1_最重要単語・文法,語彙,重要副詞,ひとへに,ひとえに,ひとえに,副詞,品詞=副詞,CJ-000160-C01,meaning,語義：ひたすら,古語「ひとへに」の入試で最も重要な意味は何か。,ひたすら,ひたすら｜ただ一つに,他のことに心を向けず、一つのことだけに集中する。,なし,なし,なし,なし,なし,なし,標準古語辞典・検定済み教科書（複数資料照合）,なし,なし
古文_Deck1_最重要単語・文法_300,CJ-000161,161,Deck1_最重要単語・文法,語彙,重要副詞,ふと,ふと,なし,副詞,品詞=副詞,CJ-000161-C01,meaning,語義：すぐに,古語「ふと」が時間を置かず使われるときの意味は何か。,すぐに,すぐに｜たちまち,短い時間のうちに起こる。,なし,なし,なし,なし,なし,なし,標準古語辞典・検定済み教科書（複数資料照合）,なし,なし
古文_Deck1_最重要単語・文法_300,CJ-000161,161,Deck1_最重要単語・文法,語彙,重要副詞,ふと,ふと,なし,副詞,品詞=副詞,CJ-000161-C02,meaning,語義：ふいに,古語「ふと」が思いがけず使われるときの意味は何か。,ふいに,ふいに｜突然,予想せず急に起こる。,なし,なし,なし,なし,なし,なし,標準古語辞典・検定済み教科書（複数資料照合）,なし,なし
古文_Deck1_最重要単語・文法_300,CJ-000162,162,Deck1_最重要単語・文法,語彙,重要副詞,むべ,むべ,なし,副詞,品詞=副詞,CJ-000162-C01,meaning,語義：なるほど,古語「むべ」の入試で最も重要な意味は何か。,なるほど,なるほど｜もっともだ,事情を知って、そうなるのは当然だと納得する。,なし,なし,なし,なし,なし,なし,標準古語辞典・検定済み教科書（複数資料照合）,なし,なし
古文_Deck1_最重要単語・文法_300,CJ-000163,163,Deck1_最重要単語・文法,語彙,重要副詞,やをら,やおら,やおら,副詞,品詞=副詞,CJ-000163-C01,meaning,語義：そっと,古語「やをら」が静かな動作として使われるときの意味は何か。,そっと,そっと｜静かに,音を立てず、穏やかに動く。,なし,なし,なし,なし,なし,なし,標準古語辞典・検定済み教科書（複数資料照合）,なし,なし
古文_Deck1_最重要単語・文法_300,CJ-000163,163,Deck1_最重要単語・文法,語彙,重要副詞,やをら,やおら,やおら,副詞,品詞=副詞,CJ-000163-C02,meaning,語義：ゆっくりと,古語「やをら」が急がずに使われるときの意味は何か。,ゆっくりと,ゆっくりと｜おもむろに,落ち着いて動作を始める。,なし,なし,なし,なし,なし,なし,標準古語辞典・検定済み教科書（複数資料照合）,なし,なし
古文_Deck1_最重要単語・文法_300,CJ-000164,164,Deck1_最重要単語・文法,語彙,重要副詞,ゆめゆめ,ゆめゆめ,なし,副詞,品詞=副詞,CJ-000164-C01,meaning,語義：決して,古語「ゆめゆめ」の入試で最も重要な意味は何か。,決して,決して｜断じて,多く打消・禁止と呼応し、強い否定を表す。,なし,なし,なし,なし,なし,なし,標準古語辞典・検定済み教科書（複数資料照合）,なし,なし
古文_Deck1_最重要単語・文法_300,CJ-000165,165,Deck1_最重要単語・文法,語彙,重要副詞,よに,よに,なし,副詞,品詞=副詞,CJ-000165-C01,meaning,語義：非常に,古語「よに」が程度を強めて使われるときの意味は何か。,非常に,非常に｜たいそう,程度が甚だしいことを表す。,なし,なし,なし,なし,なし,なし,標準古語辞典・検定済み教科書（複数資料照合）,なし,なし
古文_Deck1_最重要単語・文法_300,CJ-000165,165,Deck1_最重要単語・文法,語彙,重要副詞,よに,よに,なし,副詞,品詞=副詞,CJ-000165-C02,meaning,語義：決して,古語「よに」が打消とともに使われるときの意味は何か。,決して,決して｜まったく,打消と呼応して強く否定する。,なし,なし,なし,なし,なし,なし,標準古語辞典・検定済み教科書（複数資料照合）,なし,なし
古文_Deck1_最重要単語・文法_300,CJ-000166,166,Deck1_最重要単語・文法,語彙,重要副詞,わざと,わざと,なし,副詞,品詞=副詞,CJ-000166-C01,meaning,語義：正式に,古語「わざと」が改まった行為として使われるときの意味は何か。,正式に,正式に｜本格的に,特別に準備し、改まって行う。,なし,なし,なし,現代語の「故意に」,古文では「正式に・わざわざ」が重要。,なし,標準古語辞典・検定済み教科書（複数資料照合）,なし,なし
古文_Deck1_最重要単語・文法_300,CJ-000166,166,Deck1_最重要単語・文法,語彙,重要副詞,わざと,わざと,なし,副詞,品詞=副詞,CJ-000166-C02,meaning,語義：わざわざ,古語「わざと」が特に意図して使われるときの意味は何か。,わざわざ,わざわざ｜意図的に,他のこととは別に、特にそのために行う。,なし,なし,なし,現代語の「故意に」,古文では「正式に・わざわざ」が重要。,なし,標準古語辞典・検定済み教科書（複数資料照合）,なし,なし
古文_Deck1_最重要単語・文法_300,CJ-000167,167,Deck1_最重要単語・文法,語彙,重要形容動詞,わづかなり,わずかなり,わづか｜わずか,形容動詞,品詞=形容動詞,CJ-000167-C01,meaning,語義：ほんの少し,古語「わづかなり」の入試で最も重要な意味は何か。,ほんの少し,ほんの少し｜かろうじて,量や程度がきわめて少ない。,なし,なし,なし,なし,なし,なし,標準古語辞典・検定済み教科書（複数資料照合）,なし,なし
古文_Deck1_最重要単語・文法_300,CJ-000168,168,Deck1_最重要単語・文法,語彙,重要動詞,あくがる,あくがる,なし,動詞,品詞=動詞,CJ-000168-C01,meaning,語義：心が離れる,古語「あくがる」が心について使われるときの意味は何か。,心が離れる,心が離れる｜上の空になる,心が身体や現在の場所から離れ、落ち着かない。,なし,なし,なし,なし,なし,なし,標準古語辞典・検定済み教科書（複数資料照合）,なし,なし
古文_Deck1_最重要単語・文法_300,CJ-000168,168,Deck1_最重要単語・文法,語彙,重要動詞,あくがる,あくがる,なし,動詞,品詞=動詞,CJ-000168-C02,meaning,語義：さまよい出る,古語「あくがる」が身体の移動として使われるときの意味は何か。,さまよい出る,さまよい出る｜浮かれ出る,魂や人が元の場所を離れて出歩く。,なし,なし,なし,なし,なし,なし,標準古語辞典・検定済み教科書（複数資料照合）,なし,なし
古文_Deck1_最重要単語・文法_300,CJ-000169,169,Deck1_最重要単語・文法,語彙,重要動詞,あふ,あう,あう,動詞,品詞=動詞,CJ-000169-C01,meaning,語義：結婚する,古語「あふ」が男女関係について使われるときの意味は何か。,結婚する,結婚する｜夫婦になる,男女が夫婦関係を結ぶ。,なし,なし,なし,なし,なし,なし,標準古語辞典・検定済み教科書（複数資料照合）,なし,なし
古文_Deck1_最重要単語・文法_300,CJ-000169,169,Deck1_最重要単語・文法,語彙,重要動詞,あふ,あう,あう,動詞,品詞=動詞,CJ-000169-C02,meaning,語義：対面する,古語「あふ」が人と会う意味で使われるときの意味は何か。,対面する,対面する｜会う,人と顔を合わせる。,なし,なし,なし,なし,なし,なし,標準古語辞典・検定済み教科書（複数資料照合）,なし,なし
古文_Deck1_最重要単語・文法_300,CJ-000170,170,Deck1_最重要単語・文法,語彙,重要動詞,ありく,ありく,なし,動詞,品詞=動詞,CJ-000170-C01,meaning,語義：歩き回る,古語「ありく」が移動について使われるときの意味は何か。,歩き回る,歩き回る｜動き回る,あちこちを移動する。,なし,なし,なし,なし,なし,なし,標準古語辞典・検定済み教科書（複数資料照合）,なし,なし
古文_Deck1_最重要単語・文法_300,CJ-000170,170,Deck1_最重要単語・文法,語彙,重要動詞,ありく,ありく,なし,動詞,品詞=動詞,CJ-000170-C02,meaning,語義：〜し続ける,古語「ありく」が補助動詞として使われるときの意味は何か。,〜し続ける,〜し続ける｜あちこちで〜する,動詞の連用形に付き、継続・反復して行う。,なし,なし,なし,なし,なし,なし,標準古語辞典・検定済み教科書（複数資料照合）,なし,なし
古文_Deck1_最重要単語・文法_300,CJ-000171,171,Deck1_最重要単語・文法,語彙,重要動詞,いらふ,いらう,いらう,動詞,品詞=動詞,CJ-000171-C01,meaning,語義：返事をする,古語「いらふ」の入試で最も重要な意味は何か。,返事をする,返事をする｜答える,呼びかけや問いに応じる。,なし,なし,なし,なし,なし,なし,標準古語辞典・検定済み教科書（複数資料照合）,なし,なし
古文_Deck1_最重要単語・文法_300,CJ-000172,172,Deck1_最重要単語・文法,語彙,重要動詞,うつろふ,うつろう,うつろう,動詞,品詞=動詞,CJ-000172-C01,meaning,語義：色あせる,古語「うつろふ」が花や色について使われるときの意味は何か。,色あせる,色あせる｜散る,花や色が衰え、変化する。,なし,なし,なし,なし,なし,なし,標準古語辞典・検定済み教科書（複数資料照合）,なし,なし
古文_Deck1_最重要単語・文法_300,CJ-000172,172,Deck1_最重要単語・文法,語彙,重要動詞,うつろふ,うつろう,うつろう,動詞,品詞=動詞,CJ-000172-C02,meaning,語義：心変わりする,古語「うつろふ」が人の気持ちについて使われるときの意味は何か。,心変わりする,心変わりする｜愛情が薄れる,愛情や関心が別の対象へ移る。,なし,なし,なし,なし,なし,なし,標準古語辞典・検定済み教科書（複数資料照合）,なし,なし
古文_Deck1_最重要単語・文法_300,CJ-000172,172,Deck1_最重要単語・文法,語彙,重要動詞,うつろふ,うつろう,うつろう,動詞,品詞=動詞,CJ-000172-C03,meaning,語義：移る,古語「うつろふ」が場所や状態について使われるときの意味は何か。,移る,移る｜変わる,場所・時・状態が別のものになる。,なし,なし,なし,なし,なし,なし,標準古語辞典・検定済み教科書（複数資料照合）,なし,なし
古文_Deck1_最重要単語・文法_300,CJ-000173,173,Deck1_最重要単語・文法,語彙,重要動詞,おきつ,おきつ,なし,動詞,品詞=動詞,CJ-000173-C01,meaning,語義：指図する,古語「おきつ」の入試で最も重要な意味は何か。,指図する,指図する｜命令する,人に仕事の手順や処置を命じる。,なし,なし,なし,なし,なし,なし,標準古語辞典・検定済み教科書（複数資料照合）,なし,なし
古文_Deck1_最重要単語・文法_300,CJ-000174,174,Deck1_最重要単語・文法,語彙,重要動詞,おこす,おこす,なし,動詞,品詞=動詞,CJ-000174-C01,meaning,語義：こちらへ送ってよこす,古語「おこす」の入試で最も重要な意味は何か。,こちらへ送ってよこす,こちらへ送ってよこす｜よこす,話し手側へ人や物、手紙などを送る。,なし,なし,なし,なし,なし,なし,標準古語辞典・検定済み教科書（複数資料照合）,なし,なし
古文_Deck1_最重要単語・文法_300,CJ-000175,175,Deck1_最重要単語・文法,語彙,重要動詞,おこたる,おこたる,なし,動詞,品詞=動詞,CJ-000175-C01,meaning,語義：病気がよくなる,古語「おこたる」が病状について使われるときの意味は何か。,病気がよくなる,病気がよくなる｜快方に向かう,病気や苦痛が軽くなる。,なし,なし,なし,なし,なし,なし,標準古語辞典・検定済み教科書（複数資料照合）,なし,なし
古文_Deck1_最重要単語・文法_300,CJ-000175,175,Deck1_最重要単語・文法,語彙,重要動詞,おこたる,おこたる,なし,動詞,品詞=動詞,CJ-000175-C02,meaning,語義：怠る,古語「おこたる」が務めについて使われるときの意味は何か。,怠る,怠る｜さぼる,すべきことを十分にしない。,なし,なし,なし,なし,なし,なし,標準古語辞典・検定済み教科書（複数資料照合）,なし,なし
古文_Deck1_最重要単語・文法_300,CJ-000176,176,Deck1_最重要単語・文法,語彙,重要動詞,かこつ,かこつ,なし,動詞,品詞=動詞,CJ-000176-C01,meaning,語義：嘆く,古語「かこつ」が不満や悲しみを使われるときの意味は何か。,嘆く,嘆く｜愚痴を言う,不遇や不満を他のことに託して述べる。,なし,なし,なし,なし,なし,なし,標準古語辞典・検定済み教科書（複数資料照合）,なし,なし
古文_Deck1_最重要単語・文法_300,CJ-000176,176,Deck1_最重要単語・文法,語彙,重要動詞,かこつ,かこつ,なし,動詞,品詞=動詞,CJ-000176-C02,meaning,語義：口実にする,古語「かこつ」が理由として利用して使われるときの意味は何か。,口実にする,口実にする｜かこつける,別の事柄を理由として持ち出す。,なし,なし,なし,なし,なし,なし,標準古語辞典・検定済み教科書（複数資料照合）,なし,なし
古文_Deck1_最重要単語・文法_300,CJ-000177,177,Deck1_最重要単語・文法,語彙,重要動詞,かしづく,かしずく,かしずく,動詞,品詞=動詞,CJ-000177-C01,meaning,語義：大切に育てる,古語「かしづく」の入試で最も重要な意味は何か。,大切に育てる,大切に育てる｜大切に世話をする,子どもや身分の高い人を、丁重に世話する。,なし,なし,なし,なし,なし,なし,標準古語辞典・検定済み教科書（複数資料照合）,なし,なし
古文_Deck1_最重要単語・文法_300,CJ-000178,178,Deck1_最重要単語・文法,語彙,重要動詞,かづく,かずく,かずく,動詞,品詞=動詞;活用=カ行四段・カ行下二段で意味が異なる,CJ-000178-C01,meaning,語義：かぶる,古語「かづく」が四段活用で、自分が衣などを身に付けるときの意味は何か。,かぶる,かぶる｜身に付ける,四段活用では、自分が衣などをかぶる。また、褒美の衣をいただく意味にもなる。,なし,なし,なし,四段活用と下二段活用,四段は自分がかぶる・いただく、下二段は相手にかぶせる・与える。,なし,標準古語辞典・検定済み教科書（複数資料照合）,なし,なし
古文_Deck1_最重要単語・文法_300,CJ-000178,178,Deck1_最重要単語・文法,語彙,重要動詞,かづく,かずく,かずく,動詞,品詞=動詞;活用=カ行四段・カ行下二段で意味が異なる,CJ-000178-C02,meaning,語義：褒美を与える,古語「かづく」が下二段活用で、相手に衣などを身に付けさせるときの意味は何か。,かぶせる・褒美を与える,かぶせる・褒美を与える｜かぶせる｜褒美を与える,下二段活用では、相手に衣をかぶせ、褒美として与える。,なし,なし,なし,四段活用と下二段活用,四段は自分がかぶる・いただく、下二段は相手にかぶせる・与える。,なし,標準古語辞典・検定済み教科書（複数資料照合）,なし,なし
古文_Deck1_最重要単語・文法_300,CJ-000178,178,Deck1_最重要単語・文法,語彙,重要動詞,かづく,かずく,かずく,動詞,品詞=動詞;活用=カ行四段・カ行下二段で意味が異なる,CJ-000178-C03,meaning,語義：褒美をいただく,古語「かづく」が四段活用で、褒美の衣を受けるときの意味は何か。,褒美をいただく,褒美をいただく｜褒美の衣を受ける,四段活用では、自分が褒美の衣をかぶることから「褒美をいただく」となる。,なし,なし,なし,四段活用と下二段活用,四段は自分がかぶる・いただく、下二段は相手にかぶせる・与える。,なし,標準古語辞典・検定済み教科書（複数資料照合）,なし,なし
古文_Deck1_最重要単語・文法_300,CJ-000179,179,Deck1_最重要単語・文法,語彙,重要動詞,かる,かる,離る,動詞,品詞=動詞,CJ-000179-C01,meaning,語義：離れる,古語「かる」の入試で最も重要な意味は何か。,離れる,離れる｜遠ざかる,人や場所から離れる。,なし,なし,なし,なし,なし,なし,標準古語辞典・検定済み教科書（複数資料照合）,なし,離る=かる
古文_Deck1_最重要単語・文法_300,CJ-000180,180,Deck1_最重要単語・文法,語彙,重要動詞,ぐす,ぐす,なし,動詞,品詞=動詞,CJ-000180-C01,meaning,語義：連れる,古語「ぐす」が人を伴って使われるときの意味は何か。,連れる,連れる｜伴う,人を一緒に連れて行く。,なし,なし,なし,なし,なし,なし,標準古語辞典・検定済み教科書（複数資料照合）,なし,なし
古文_Deck1_最重要単語・文法_300,CJ-000180,180,Deck1_最重要単語・文法,語彙,重要動詞,ぐす,ぐす,なし,動詞,品詞=動詞,CJ-000180-C02,meaning,語義：備わる,古語「ぐす」が性質や能力について使われるときの意味は何か。,備わる,備わる｜具備する,必要な性質や能力が身に付いている。,なし,なし,なし,なし,なし,なし,標準古語辞典・検定済み教科書（複数資料照合）,なし,なし
古文_Deck1_最重要単語・文法_300,CJ-000181,181,Deck1_最重要単語・文法,語彙,重要動詞,こうず,こうず,困ず,動詞,品詞=動詞,CJ-000181-C01,meaning,語義：疲れる,古語「こうず」が身体や心について使われるときの意味は何か。,疲れる,疲れる｜困り果てる,長く続けて力が尽きる。,なし,なし,なし,なし,なし,なし,標準古語辞典・検定済み教科書（複数資料照合）,なし,なし
古文_Deck1_最重要単語・文法_300,CJ-000181,181,Deck1_最重要単語・文法,語彙,重要動詞,こうず,こうず,困ず,動詞,品詞=動詞,CJ-000181-C02,meaning,語義：困る,古語「こうず」が対応できずに使われるときの意味は何か。,困る,困る｜手に負えない,どうしてよいか分からなくなる。,なし,なし,なし,なし,なし,なし,標準古語辞典・検定済み教科書（複数資料照合）,なし,なし
古文_Deck1_最重要単語・文法_300,CJ-000182,182,Deck1_最重要単語・文法,語彙,重要動詞,さはる,さわる,さわる,動詞,品詞=動詞,CJ-000182-C01,meaning,語義：差し支える,古語「さはる」の入試で最も重要な意味は何か。,差し支える,差し支える｜妨げになる,物事の実行に障害となる。,なし,なし,なし,なし,なし,なし,標準古語辞典・検定済み教科書（複数資料照合）,なし,なし
古文_Deck1_最重要単語・文法_300,CJ-000183,183,Deck1_最重要単語・文法,語彙,重要動詞,すさぶ,すさぶ,なし,動詞,品詞=動詞,CJ-000183-C01,meaning,語義：興じる,古語「すさぶ」が遊びや芸事に使われるときの意味は何か。,興じる,興じる｜気の向くまま楽しむ,その場の勢いに任せて遊びや芸事をする。,なし,なし,なし,なし,なし,なし,標準古語辞典・検定済み教科書（複数資料照合）,なし,なし
古文_Deck1_最重要単語・文法_300,CJ-000183,183,Deck1_最重要単語・文法,語彙,重要動詞,すさぶ,すさぶ,なし,動詞,品詞=動詞,CJ-000183-C02,meaning,語義：荒れる・激しくなる,古語「すさぶ」が天候や状態の勢いについて使われるときの意味は何か。,荒れる・激しくなる,荒れる・激しくなる｜勢いが激しくなる,風雨などが荒れ、勢いが激しくなることを表す。,なし,なし,なし,なし,なし,なし,標準古語辞典・検定済み教科書（複数資料照合）,なし,なし
古文_Deck1_最重要単語・文法_300,CJ-000184,184,Deck1_最重要単語・文法,語彙,重要動詞,たのむ,たのむ,なし,動詞,品詞=動詞;活用=四段・下二段で意味が異なる,CJ-000184-C01,meaning,語義：頼りにする,古語「たのむ」が四段活用として使われるときの意味は何か。,頼りにする,頼りにする｜あてにする,自分が相手を支えとして期待する。,なし,なし,なし,四段活用と下二段活用,四段は「頼りにする」、下二段は「頼りにさせる」。,なし,標準古語辞典・検定済み教科書（複数資料照合）,なし,なし
古文_Deck1_最重要単語・文法_300,CJ-000184,184,Deck1_最重要単語・文法,語彙,重要動詞,たのむ,たのむ,なし,動詞,品詞=動詞;活用=四段・下二段で意味が異なる,CJ-000184-C02,meaning,語義：頼りにさせる,古語「たのむ」が下二段活用として使われるときの意味は何か。,頼りにさせる,頼りにさせる｜期待させる,相手に自分を頼みと思わせる。,なし,なし,なし,四段活用と下二段活用,四段は「頼りにする」、下二段は「頼りにさせる」。,なし,標準古語辞典・検定済み教科書（複数資料照合）,なし,なし
古文_Deck1_最重要単語・文法_300,CJ-000185,185,Deck1_最重要単語・文法,語彙,重要動詞,たばかる,たばかる,なし,動詞,品詞=動詞,CJ-000185-C01,meaning,語義：工夫する,古語「たばかる」が方法を考えて使われるときの意味は何か。,工夫する,工夫する｜計画する,目的を達成するために知恵を働かせる。,なし,なし,なし,なし,なし,なし,標準古語辞典・検定済み教科書（複数資料照合）,なし,なし
古文_Deck1_最重要単語・文法_300,CJ-000185,185,Deck1_最重要単語・文法,語彙,重要動詞,たばかる,たばかる,なし,動詞,品詞=動詞,CJ-000185-C02,meaning,語義：だます,古語「たばかる」が相手を欺いて使われるときの意味は何か。,だます,だます｜欺く,策略を用いて相手を誤らせる。,なし,なし,なし,なし,なし,なし,標準古語辞典・検定済み教科書（複数資料照合）,なし,なし
古文_Deck1_最重要単語・文法_300,CJ-000186,186,Deck1_最重要単語・文法,語彙,重要動詞,つつむ,つつむ,なし,動詞,品詞=動詞,CJ-000186-C01,meaning,語義：遠慮する,古語「つつむ」が人目や礼儀を気にして使われるときの意味は何か。,遠慮する,遠慮する｜気兼ねする,人目や礼儀を考えて行動を控える。,なし,なし,なし,なし,なし,なし,標準古語辞典・検定済み教科書（複数資料照合）,なし,なし
古文_Deck1_最重要単語・文法_300,CJ-000186,186,Deck1_最重要単語・文法,語彙,重要動詞,つつむ,つつむ,なし,動詞,品詞=動詞,CJ-000186-C02,meaning,語義：隠す,古語「つつむ」が表に出さず使われるときの意味は何か。,隠す,隠す｜包み隠す,気持ちや事実を外に表さない。,なし,なし,なし,なし,なし,なし,標準古語辞典・検定済み教科書（複数資料照合）,なし,なし
古文_Deck1_最重要単語・文法_300,CJ-000187,187,Deck1_最重要単語・文法,語彙,重要動詞,とぶらふ,とぶらう,とぶらう,動詞,品詞=動詞,CJ-000187-C01,meaning,語義：訪ねる,古語「とぶらふ」が人のもとを使われるときの意味は何か。,訪ねる,訪ねる｜訪問する,人の様子を知るために訪れる。,なし,なし,なし,なし,なし,なし,標準古語辞典・検定済み教科書（複数資料照合）,なし,弔う=とむらう｜冥福=めいふく
古文_Deck1_最重要単語・文法_300,CJ-000187,187,Deck1_最重要単語・文法,語彙,重要動詞,とぶらふ,とぶらう,とぶらう,動詞,品詞=動詞,CJ-000187-C02,meaning,語義：見舞う,古語「とぶらふ」が病人などを使われるときの意味は何か。,見舞う,見舞う｜安否を尋ねる,病人・困っている人を訪ねて気遣う。,なし,なし,なし,なし,なし,なし,標準古語辞典・検定済み教科書（複数資料照合）,なし,弔う=とむらう｜冥福=めいふく
古文_Deck1_最重要単語・文法_300,CJ-000187,187,Deck1_最重要単語・文法,語彙,重要動詞,とぶらふ,とぶらう,とぶらう,動詞,品詞=動詞,CJ-000187-C03,meaning,語義：弔う,古語「とぶらふ」が死者を使われるときの意味は何か。,弔う,弔う｜供養する,死者の冥福を祈る。,なし,なし,なし,なし,なし,なし,標準古語辞典・検定済み教科書（複数資料照合）,なし,弔う=とむらう｜冥福=めいふく
古文_Deck1_最重要単語・文法_300,CJ-000188,188,Deck1_最重要単語・文法,語彙,重要動詞,なづむ,なずむ,なずむ,動詞,品詞=動詞,CJ-000188-C01,meaning,語義：行き悩む,古語「なづむ」が進行について使われるときの意味は何か。,行き悩む,行き悩む｜進めない,障害に阻まれて進めなくなる。,なし,なし,なし,なし,なし,なし,標準古語辞典・検定済み教科書（複数資料照合）,なし,執着=しゅうちゃく
古文_Deck1_最重要単語・文法_300,CJ-000188,188,Deck1_最重要単語・文法,語彙,重要動詞,なづむ,なずむ,なずむ,動詞,品詞=動詞,CJ-000188-C02,meaning,語義：執着する,古語「なづむ」が心が一つのものに使われるときの意味は何か。,執着する,執着する｜こだわる,一つのものに心を取られ、離れられない。,なし,なし,なし,なし,なし,なし,標準古語辞典・検定済み教科書（複数資料照合）,なし,執着=しゅうちゃく
古文_Deck1_最重要単語・文法_300,CJ-000189,189,Deck1_最重要単語・文法,語彙,重要動詞,ならふ,ならう,ならう,動詞,品詞=動詞,CJ-000189-C01,meaning,語義：慣れる,古語「ならふ」が状態に使われるときの意味は何か。,慣れる,慣れる｜なじむ,繰り返し経験して、違和感がなくなる。,なし,なし,なし,なし,なし,なし,標準古語辞典・検定済み教科書（複数資料照合）,なし,なし
古文_Deck1_最重要単語・文法_300,CJ-000189,189,Deck1_最重要単語・文法,語彙,重要動詞,ならふ,ならう,ならう,動詞,品詞=動詞,CJ-000189-C02,meaning,語義：習う,古語「ならふ」が学習について使われるときの意味は何か。,習う,習う｜学ぶ,教えを受けて身に付ける。,なし,なし,なし,なし,なし,なし,標準古語辞典・検定済み教科書（複数資料照合）,なし,なし
古文_Deck1_最重要単語・文法_300,CJ-000190,190,Deck1_最重要単語・文法,語彙,重要動詞,まどふ,まどう,まどう,動詞,品詞=動詞,CJ-000190-C01,meaning,語義：迷う,古語「まどふ」が進む方向や判断について使われるときの意味は何か。,迷う,迷う｜途方に暮れる,方向・判断が定まらなくなる。,なし,なし,なし,なし,なし,なし,標準古語辞典・検定済み教科書（複数資料照合）,なし,なし
古文_Deck1_最重要単語・文法_300,CJ-000190,190,Deck1_最重要単語・文法,語彙,重要動詞,まどふ,まどう,まどう,動詞,品詞=動詞,CJ-000190-C02,meaning,語義：ひどく〜する,古語「まどふ」が補助動詞として使われるときの意味は何か。,ひどく〜する,ひどく〜する｜激しく〜する,動詞の連用形に付き、程度の甚だしさを表す。,なし,なし,なし,なし,なし,なし,標準古語辞典・検定済み教科書（複数資料照合）,なし,なし
古文_Deck1_最重要単語・文法_300,CJ-000191,191,Deck1_最重要単語・文法,語彙,重要動詞,まねぶ,まねぶ,なし,動詞,品詞=動詞,CJ-000191-C01,meaning,語義：まねる,古語「まねぶ」が行動や表現を使われるときの意味は何か。,まねる,まねる｜模倣する,他人の行為や言葉をそのまま再現する。,なし,なし,なし,なし,なし,なし,標準古語辞典・検定済み教科書（複数資料照合）,なし,模倣=もほう
古文_Deck1_最重要単語・文法_300,CJ-000191,191,Deck1_最重要単語・文法,語彙,重要動詞,まねぶ,まねぶ,なし,動詞,品詞=動詞,CJ-000191-C02,meaning,語義：伝える,古語「まねぶ」が見聞した内容を使われるときの意味は何か。,伝える,伝える｜語る,見聞きしたことをそのまま人に話す。,なし,なし,なし,なし,なし,なし,標準古語辞典・検定済み教科書（複数資料照合）,なし,模倣=もほう
古文_Deck1_最重要単語・文法_300,CJ-000192,192,Deck1_最重要単語・文法,語彙,重要動詞,まもる,まもる,なし,動詞,品詞=動詞,CJ-000192-C01,meaning,語義：見つめる,古語「まもる」の入試で最も重要な意味は何か。,見つめる,見つめる｜じっと見る,相手や物を目を離さず見続ける。,なし,なし,なし,現代語の「守る」,古文では「見つめる」の語義が重要。,なし,標準古語辞典・検定済み教科書（複数資料照合）,なし,なし
古文_Deck1_最重要単語・文法_300,CJ-000193,193,Deck1_最重要単語・文法,語彙,重要動詞,めづ,めず,めず,動詞,品詞=動詞,CJ-000193-C01,meaning,語義：愛する,古語「めづ」が人や物を使われるときの意味は何か。,愛する,愛する｜かわいがる,よいものとして心を寄せる。,なし,なし,なし,なし,なし,なし,標準古語辞典・検定済み教科書（複数資料照合）,なし,なし
古文_Deck1_最重要単語・文法_300,CJ-000193,193,Deck1_最重要単語・文法,語彙,重要動詞,めづ,めず,めず,動詞,品詞=動詞,CJ-000193-C02,meaning,語義：感嘆する,古語「めづ」が美しさや立派さに使われるときの意味は何か。,感嘆する,感嘆する｜ほめる,すばらしさに心を動かされる。,なし,なし,なし,なし,なし,なし,標準古語辞典・検定済み教科書（複数資料照合）,なし,なし
古文_Deck1_最重要単語・文法_300,CJ-000194,194,Deck1_最重要単語・文法,語彙,重要動詞,ものす,ものす,なし,動詞,品詞=動詞,CJ-000194-C01,meaning,語義：いる,古語「ものす」が存在について使われるときの意味は何か。,いる,いる｜ある,具体的な動詞をぼかして、存在を表す。,なし,なし,なし,なし,なし,なし,標準古語辞典・検定済み教科書（複数資料照合）,なし,なし
古文_Deck1_最重要単語・文法_300,CJ-000194,194,Deck1_最重要単語・文法,語彙,重要動詞,ものす,ものす,なし,動詞,品詞=動詞,CJ-000194-C02,meaning,語義：行く・来る,古語「ものす」が移動について使われるときの意味は何か。,行く・来る,行く・来る｜移動する,文脈に応じて移動を表す代用動詞。,なし,なし,なし,なし,なし,なし,標準古語辞典・検定済み教科書（複数資料照合）,なし,なし
古文_Deck1_最重要単語・文法_300,CJ-000194,194,Deck1_最重要単語・文法,語彙,重要動詞,ものす,ものす,なし,動詞,品詞=動詞,CJ-000194-C03,meaning,語義：する,古語「ものす」が行為一般について使われるときの意味は何か。,する,する｜行う,具体的な行為をぼかして表す。,なし,なし,なし,なし,なし,なし,標準古語辞典・検定済み教科書（複数資料照合）,なし,なし
古文_Deck1_最重要単語・文法_300,CJ-000195,195,Deck1_最重要単語・文法,語彙,重要動詞,やる,やる,なし,動詞,品詞=動詞,CJ-000195-C01,meaning,語義：行かせる,古語「やる」が人を別の場所へ使われるときの意味は何か。,行かせる,行かせる｜派遣する,人を自分のいる所から離れた場所へ行かせる。,なし,なし,なし,なし,なし,なし,標準古語辞典・検定済み教科書（複数資料照合）,なし,なし
古文_Deck1_最重要単語・文法_300,CJ-000195,195,Deck1_最重要単語・文法,語彙,重要動詞,やる,やる,なし,動詞,品詞=動詞,CJ-000195-C02,meaning,語義：送る,古語「やる」が物や手紙を使われるときの意味は何か。,送る,送る｜届ける,物を相手の所へ届ける。,なし,なし,なし,なし,なし,なし,標準古語辞典・検定済み教科書（複数資料照合）,なし,なし
古文_Deck1_最重要単語・文法_300,CJ-000195,195,Deck1_最重要単語・文法,語彙,重要動詞,やる,やる,なし,動詞,品詞=動詞,CJ-000195-C03,meaning,語義：気を晴らす,古語「やる」が「心をやる」の形で使われるときの意味は何か。,気を晴らす,気を晴らす｜心を慰める,心の憂さを外へ向けて解消する。,なし,なし,なし,なし,なし,なし,標準古語辞典・検定済み教科書（複数資料照合）,なし,なし
古文_Deck1_最重要単語・文法_300,CJ-000196,196,Deck1_最重要単語・文法,語彙,重要動詞,わたる,わたる,なし,動詞,品詞=動詞,CJ-000196-C01,meaning,語義：移動する,古語「わたる」が一方から他方へ使われるときの意味は何か。,移動する,移動する｜渡る,場所を越えて移る。,なし,なし,なし,なし,なし,なし,標準古語辞典・検定済み教科書（複数資料照合）,なし,なし
古文_Deck1_最重要単語・文法_300,CJ-000196,196,Deck1_最重要単語・文法,語彙,重要動詞,わたる,わたる,なし,動詞,品詞=動詞,CJ-000196-C02,meaning,語義：一面に〜する,古語「わたる」が空間全体について補助動詞として使われるときの意味は何か。,一面に〜する,一面に〜する｜広く〜する,広い範囲全体に動作・状態が及ぶ。,なし,なし,なし,なし,なし,なし,標準古語辞典・検定済み教科書（複数資料照合）,なし,なし
古文_Deck1_最重要単語・文法_300,CJ-000196,196,Deck1_最重要単語・文法,語彙,重要動詞,わたる,わたる,なし,動詞,品詞=動詞,CJ-000196-C03,meaning,語義：ずっと〜する,古語「わたる」が時間の継続について補助動詞として使われるときの意味は何か。,ずっと〜する,ずっと〜する｜長く〜し続ける,長い時間にわたり動作・状態が続く。,なし,なし,なし,なし,なし,なし,標準古語辞典・検定済み教科書（複数資料照合）,なし,なし
古文_Deck1_最重要単語・文法_300,CJ-000197,197,Deck1_最重要単語・文法,語彙,重要動詞,ゐる,いる,居る｜率る｜いる,動詞,品詞=動詞;活用=上一段・ワ行上一段系の用法,CJ-000197-C01,meaning,語義：座る,古語「ゐる」が自動詞として使われるときの意味は何か。,座る,座る｜じっとしている,その場に腰を下ろしている。,なし,なし,なし,「居る」と「率る」,「居る」は座る・いる、「率る」は連れる。,なし,標準古語辞典・検定済み教科書（複数資料照合）,なし,率る=ゐる
古文_Deck1_最重要単語・文法_300,CJ-000197,197,Deck1_最重要単語・文法,語彙,重要動詞,ゐる,いる,居る｜率る｜いる,動詞,品詞=動詞;活用=上一段・ワ行上一段系の用法,CJ-000197-C02,meaning,語義：連れる,古語「ゐる」が他動詞として使われるときの意味は何か。,連れる,連れる｜伴う,人を引き連れて行く。,なし,なし,なし,「居る」と「率る」,「居る」は座る・いる、「率る」は連れる。,なし,標準古語辞典・検定済み教科書（複数資料照合）,なし,率る=ゐる
古文_Deck1_最重要単語・文法_300,CJ-000198,198,Deck1_最重要単語・文法,語彙,重要動詞,いぬ,いぬ,往ぬ｜去ぬ,動詞,品詞=動詞;活用=ナ行変格,CJ-000198-C01,meaning,語義：去る,古語「いぬ」が場所から使われるときの意味は何か。,去る,去る｜行ってしまう,その場を離れて行く。「往ぬ・去ぬ」と書く。,なし,なし,なし,なし,なし,なし,標準古語辞典・検定済み教科書（複数資料照合）,なし,往ぬ=いぬ
古文_Deck1_最重要単語・文法_300,CJ-000199,199,Deck1_最重要単語・文法,語彙,重要動詞,うちとく,うちとく,なし,動詞,品詞=動詞,CJ-000199-C01,meaning,語義：気を許す,古語「うちとく」が人間関係について使われるときの意味は何か。,気を許す,気を許す｜くつろぐ,警戒や遠慮を解き、親しく振る舞う。,なし,なし,なし,なし,なし,なし,標準古語辞典・検定済み教科書（複数資料照合）,なし,なし
古文_Deck1_最重要単語・文法_300,CJ-000199,199,Deck1_最重要単語・文法,語彙,重要動詞,うちとく,うちとく,なし,動詞,品詞=動詞,CJ-000199-C02,meaning,語義：くつろぐ,古語「うちとく」が姿勢や態度について使われるときの意味は何か。,くつろぐ,くつろぐ｜打ち解ける,緊張を解いて楽な状態になる。,なし,なし,なし,なし,なし,なし,標準古語辞典・検定済み教科書（複数資料照合）,なし,なし
古文_Deck1_最重要単語・文法_300,CJ-000200,200,Deck1_最重要単語・文法,語彙,重要動詞,かきくらす,かきくらす,なし,動詞,品詞=動詞,CJ-000200-C01,meaning,語義：悲しみで心を暗くする,古語「かきくらす」が心情について使われるときの意味は何か。,悲しみで心を暗くする,悲しみで心を暗くする｜ひどく悲しむ,悲しみが心を覆い、何も見えないように感じる。,なし,なし,なし,なし,なし,なし,標準古語辞典・検定済み教科書（複数資料照合）,なし,なし
古文_Deck1_最重要単語・文法_300,CJ-000200,200,Deck1_最重要単語・文法,語彙,重要動詞,かきくらす,かきくらす,なし,動詞,品詞=動詞,CJ-000200-C02,meaning,語義：空を暗くする,古語「かきくらす」が天候について使われるときの意味は何か。,空を暗くする,空を暗くする｜あたりを暗くする,雲・雨・雪などが一面を暗くする。,なし,なし,なし,なし,なし,なし,標準古語辞典・検定済み教科書（複数資料照合）,なし,なし
古文_Deck1_最重要単語・文法_300,CJ-000201,201,Deck1_最重要単語・文法,語彙,重要動詞,かしこまる,かしこまる,なし,動詞,品詞=動詞,CJ-000201-C01,meaning,語義：恐縮する,古語「かしこまる」が高貴な人の前で使われるときの意味は何か。,恐縮する,恐縮する｜畏まる,恐れ敬い、慎んだ態度を取る。,なし,なし,なし,なし,なし,なし,標準古語辞典・検定済み教科書（複数資料照合）,なし,恐縮=きょうしゅく｜畏まる=かしこまる
古文_Deck1_最重要単語・文法_300,CJ-000201,201,Deck1_最重要単語・文法,語彙,重要動詞,かしこまる,かしこまる,なし,動詞,品詞=動詞,CJ-000201-C02,meaning,語義：承知する,古語「かしこまる」が命令を受けて使われるときの意味は何か。,承知する,承知する｜お受けする,目上の人の命令を謹んで受ける。,なし,なし,なし,なし,なし,なし,標準古語辞典・検定済み教科書（複数資料照合）,なし,恐縮=きょうしゅく｜畏まる=かしこまる
古文_Deck1_最重要単語・文法_300,CJ-000202,202,Deck1_最重要単語・文法,語彙,重要動詞,かたらふ,かたらう,かたらう,動詞,品詞=動詞,CJ-000202-C01,meaning,語義：語り合う,古語「かたらふ」が会話について使われるときの意味は何か。,語り合う,語り合う｜話し合う,互いに話を交わす。,なし,なし,なし,なし,なし,なし,標準古語辞典・検定済み教科書（複数資料照合）,なし,なし
古文_Deck1_最重要単語・文法_300,CJ-000202,202,Deck1_最重要単語・文法,語彙,重要動詞,かたらふ,かたらう,かたらう,動詞,品詞=動詞,CJ-000202-C02,meaning,語義：親しく交際する,古語「かたらふ」が人間関係について使われるときの意味は何か。,親しく交際する,親しく交際する｜契りを結ぶ,深い関係を結び、付き合う。,なし,なし,なし,なし,なし,なし,標準古語辞典・検定済み教科書（複数資料照合）,なし,なし
古文_Deck1_最重要単語・文法_300,CJ-000203,203,Deck1_最重要単語・文法,語彙,重要動詞,こころう,こころう,心得,動詞,品詞=動詞,CJ-000203-C01,meaning,語義：理解する,古語「こころう」が意味や事情を使われるときの意味は何か。,理解する,理解する｜心得る,物事の意味や事情をのみこむ。,なし,なし,なし,なし,なし,なし,標準古語辞典・検定済み教科書（複数資料照合）,なし,心得=こころう
古文_Deck1_最重要単語・文法_300,CJ-000203,203,Deck1_最重要単語・文法,語彙,重要動詞,こころう,こころう,心得,動詞,品詞=動詞,CJ-000203-C02,meaning,語義：用心する,古語「こころう」が注意して備える意味で使われるときの意味は何か。,用心する,用心する｜心構えをする,起こりうることを予想して備える。,なし,なし,なし,なし,なし,なし,標準古語辞典・検定済み教科書（複数資料照合）,なし,心得=こころう
古文_Deck1_最重要単語・文法_300,CJ-000204,204,Deck1_最重要単語・文法,語彙,重要動詞,しる,しる,知る｜領る,動詞,品詞=動詞,CJ-000204-C01,meaning,語義：領有する,古語「しる」が土地や国を使われるときの意味は何か。,領有する,領有する｜治める,土地・国などを自分のものとして支配する。,なし,なし,なし,なし,なし,なし,標準古語辞典・検定済み教科書（複数資料照合）,なし,なし
古文_Deck1_最重要単語・文法_300,CJ-000204,204,Deck1_最重要単語・文法,語彙,重要動詞,しる,しる,知る｜領る,動詞,品詞=動詞,CJ-000204-C02,meaning,語義：知る,古語「しる」が理解や認識について使われるときの意味は何か。,知る,知る｜理解する,現代語と同じ認識の意味もある。,なし,なし,なし,なし,なし,なし,標準古語辞典・検定済み教科書（複数資料照合）,なし,なし
古文_Deck1_最重要単語・文法_300,CJ-000205,205,Deck1_最重要単語・文法,語彙,重要動詞,すく,すく,好く,動詞,品詞=動詞,CJ-000205-C01,meaning,語義：風流を好む,古語「すく」が芸事や美を使われるときの意味は何か。,風流を好む,風流を好む｜物好きである,和歌・音楽・恋愛などに心を寄せる。,なし,なし,なし,なし,なし,なし,標準古語辞典・検定済み教科書（複数資料照合）,なし,なし
古文_Deck1_最重要単語・文法_300,CJ-000205,205,Deck1_最重要単語・文法,語彙,重要動詞,すく,すく,好く,動詞,品詞=動詞,CJ-000205-C02,meaning,語義：好色である,古語「すく」が恋愛について使われるときの意味は何か。,好色である,好色である｜恋愛好きだ,異性との恋愛に熱心である。,なし,なし,なし,なし,なし,なし,標準古語辞典・検定済み教科書（複数資料照合）,なし,なし
古文_Deck1_最重要単語・文法_300,CJ-000206,206,Deck1_最重要単語・文法,語彙,重要動詞,たがふ,たがう,たがう,動詞,品詞=動詞,CJ-000206-C01,meaning,語義：違う,古語「たがふ」が予想や約束と使われるときの意味は何か。,違う,違う｜食い違う,一致せず、予想・約束から外れる。,なし,なし,なし,なし,なし,なし,標準古語辞典・検定済み教科書（複数資料照合）,なし,なし
古文_Deck1_最重要単語・文法_300,CJ-000206,206,Deck1_最重要単語・文法,語彙,重要動詞,たがふ,たがう,たがう,動詞,品詞=動詞,CJ-000206-C02,meaning,語義：背く,古語「たがふ」が命令や期待に使われるときの意味は何か。,背く,背く｜反する,決まりや相手の意向に従わない。,なし,なし,なし,なし,なし,なし,標準古語辞典・検定済み教科書（複数資料照合）,なし,なし
古文_Deck1_最重要単語・文法_300,CJ-000207,207,Deck1_最重要単語・文法,語彙,重要動詞,ときめく,ときめく,なし,動詞,品詞=動詞,CJ-000207-C01,meaning,語義：寵愛を受ける,古語「ときめく」が高貴な人から使われるときの意味は何か。,寵愛を受ける,寵愛を受ける｜もてはやされる,帝などから特別に愛され、勢力を得る。,なし,なし,なし,なし,なし,なし,標準古語辞典・検定済み教科書（複数資料照合）,なし,寵愛=ちょうあい｜権勢=けんせい
古文_Deck1_最重要単語・文法_300,CJ-000207,207,Deck1_最重要単語・文法,語彙,重要動詞,ときめく,ときめく,なし,動詞,品詞=動詞,CJ-000207-C02,meaning,語義：栄える,古語「ときめく」が権勢について使われるときの意味は何か。,栄える,栄える｜時勢に乗る,権力や名声を得て盛んになる。,なし,なし,なし,なし,なし,なし,標準古語辞典・検定済み教科書（複数資料照合）,なし,寵愛=ちょうあい｜権勢=けんせい
古文_Deck1_最重要単語・文法_300,CJ-000208,208,Deck1_最重要単語・文法,語彙,重要動詞,なやむ,なやむ,なし,動詞,品詞=動詞,CJ-000208-C01,meaning,語義：病気になる,古語「なやむ」が身体について使われるときの意味は何か。,病気になる,病気になる｜患う,病気で苦しむ。,なし,なし,なし,なし,なし,なし,標準古語辞典・検定済み教科書（複数資料照合）,なし,なし
古文_Deck1_最重要単語・文法_300,CJ-000208,208,Deck1_最重要単語・文法,語彙,重要動詞,なやむ,なやむ,なし,動詞,品詞=動詞,CJ-000208-C02,meaning,語義：苦しむ,古語「なやむ」が心身の苦痛として使われるときの意味は何か。,苦しむ,苦しむ｜悩む,つらい状態に苦しめられる。,なし,なし,なし,なし,なし,なし,標準古語辞典・検定済み教科書（複数資料照合）,なし,なし
古文_Deck1_最重要単語・文法_300,CJ-000209,209,Deck1_最重要単語・文法,語彙,重要動詞,にほふ,におう,におう,動詞,品詞=動詞,CJ-000209-C01,meaning,語義：美しく映える,古語「にほふ」が色や姿について使われるときの意味は何か。,美しく映える,美しく映える｜美しく輝く,色つやが美しく、周囲に際立って見える。,なし,なし,なし,なし,なし,なし,標準古語辞典・検定済み教科書（複数資料照合）,なし,なし
古文_Deck1_最重要単語・文法_300,CJ-000209,209,Deck1_最重要単語・文法,語彙,重要動詞,にほふ,におう,におう,動詞,品詞=動詞,CJ-000209-C02,meaning,語義：香る,古語「にほふ」が香りについて使われるときの意味は何か。,香る,香る｜よい匂いがする,現代語に近い香りの意味もある。,なし,なし,なし,なし,なし,なし,標準古語辞典・検定済み教科書（複数資料照合）,なし,なし
古文_Deck1_最重要単語・文法_300,CJ-000210,210,Deck1_最重要単語・文法,語彙,重要動詞,まうく,もうく,設く｜儲く,動詞,品詞=動詞,CJ-000210-C01,meaning,語義：準備する,古語「まうく」が前もって使われるときの意味は何か。,準備する,準備する｜用意する,必要なものをあらかじめ整える。,なし,なし,なし,なし,なし,なし,標準古語辞典・検定済み教科書（複数資料照合）,なし,なし
古文_Deck1_最重要単語・文法_300,CJ-000210,210,Deck1_最重要単語・文法,語彙,重要動詞,まうく,もうく,設く｜儲く,動詞,品詞=動詞,CJ-000210-C02,meaning,語義：得る,古語「まうく」が利益や地位を使われるときの意味は何か。,得る,得る｜手に入れる,利益・子・地位などを獲得する。,なし,なし,なし,なし,なし,なし,標準古語辞典・検定済み教科書（複数資料照合）,なし,なし
古文_Deck1_最重要単語・文法_300,CJ-000211,211,Deck1_最重要単語・文法,語彙,重要動詞,やつす,やつす,なし,動詞,品詞=動詞,CJ-000211-C01,meaning,語義：目立たない姿にする,古語「やつす」が服装や身なりを使われるときの意味は何か。,目立たない姿にする,目立たない姿にする｜身をやつす,人目を避けるため、身なりを粗末・簡素にする。,なし,なし,なし,なし,なし,なし,標準古語辞典・検定済み教科書（複数資料照合）,なし,出家=しゅっけ｜仏門=ぶつもん
古文_Deck1_最重要単語・文法_300,CJ-000211,211,Deck1_最重要単語・文法,語彙,重要動詞,やつす,やつす,なし,動詞,品詞=動詞,CJ-000211-C02,meaning,語義：出家する,古語「やつす」が俗世を離れて使われるときの意味は何か。,出家する,出家する｜僧姿になる,髪や服装を変えて仏門に入る。,なし,なし,なし,なし,なし,なし,標準古語辞典・検定済み教科書（複数資料照合）,なし,出家=しゅっけ｜仏門=ぶつもん
古文_Deck1_最重要単語・文法_300,CJ-000212,212,Deck1_最重要単語・文法,語彙,重要動詞,よばふ,よばう,よばう,動詞,品詞=動詞,CJ-000212-C01,meaning,語義：求婚する,古語「よばふ」の入試で最も重要な意味は何か。,求婚する,求婚する｜言い寄る,男性が女性のもとへ通い、結婚を申し込む。,なし,なし,なし,なし,なし,なし,標準古語辞典・検定済み教科書（複数資料照合）,なし,なし
古文_Deck1_最重要単語・文法_300,CJ-000213,213,Deck1_最重要単語・文法,語彙,重要動詞,わづらふ,わずらう,わずらう,動詞,品詞=動詞,CJ-000213-C01,meaning,語義：病気になる,古語「わづらふ」が身体について使われるときの意味は何か。,病気になる,病気になる｜患う,病気にかかって苦しむ。,なし,なし,なし,なし,なし,なし,標準古語辞典・検定済み教科書（複数資料照合）,なし,なし
古文_Deck1_最重要単語・文法_300,CJ-000213,213,Deck1_最重要単語・文法,語彙,重要動詞,わづらふ,わずらう,わずらう,動詞,品詞=動詞,CJ-000213-C02,meaning,語義：苦労する,古語「わづらふ」が物事の処理について使われるときの意味は何か。,苦労する,苦労する｜悩む,うまくできず、困り苦しむ。,なし,なし,なし,なし,なし,なし,標準古語辞典・検定済み教科書（複数資料照合）,なし,なし
古文_Deck1_最重要単語・文法_300,CJ-000213,213,Deck1_最重要単語・文法,語彙,重要動詞,わづらふ,わずらう,わずらう,動詞,品詞=動詞,CJ-000213-C03,meaning,語義：〜しかねる,古語「わづらふ」が補助動詞として使われるときの意味は何か。,〜しかねる,〜しかねる｜なかなか〜できない,動詞の連用形に付き、その行為が難しいことを表す。,なし,なし,なし,なし,なし,なし,標準古語辞典・検定済み教科書（複数資料照合）,なし,なし
古文_Deck1_最重要単語・文法_300,CJ-000214,214,Deck1_最重要単語・文法,語彙,重要動詞,あそぶ,あそぶ,なし,動詞,品詞=動詞,CJ-000214-C01,meaning,語義：管弦を楽しむ,古語「あそぶ」が貴族の芸能として使われるときの意味は何か。,管弦を楽しむ,管弦を楽しむ｜音楽を演奏する,笛・琴などの音楽を楽しむ。,なし,なし,なし,なし,なし,なし,標準古語辞典・検定済み教科書（複数資料照合）,なし,管弦=かんげん｜遊興=ゆうきょう
古文_Deck1_最重要単語・文法_300,CJ-000214,214,Deck1_最重要単語・文法,語彙,重要動詞,あそぶ,あそぶ,なし,動詞,品詞=動詞,CJ-000214-C02,meaning,語義：遊興する,古語「あそぶ」が余暇を楽しんで使われるときの意味は何か。,遊興する,遊興する｜遊ぶ,詩歌・狩り・宴などを楽しむ。,なし,なし,なし,なし,なし,なし,標準古語辞典・検定済み教科書（複数資料照合）,なし,管弦=かんげん｜遊興=ゆうきょう
古文_Deck1_最重要単語・文法_300,CJ-000215,215,Deck1_最重要単語・文法,語彙,重要動詞,いそぐ,いそぐ,なし,動詞,品詞=動詞,CJ-000215-C01,meaning,語義：準備する,古語「いそぐ」の入試で最も重要な意味は何か。,準備する,準備する｜用意する,行事や旅などに必要な支度をする。,なし,なし,なし,現代語の「急ぐ」,古文では「準備する」の語義が重要。,なし,標準古語辞典・検定済み教科書（複数資料照合）,なし,なし
古文_Deck1_最重要単語・文法_300,CJ-000216,216,Deck1_最重要単語・文法,語彙,重要動詞,くゆ,くゆ,悔ゆ,動詞,品詞=動詞,CJ-000216-C01,meaning,語義：後悔する,古語「くゆ」の入試で最も重要な意味は何か。,後悔する,後悔する｜悔やむ,過去の行為を残念に思う。,なし,なし,なし,なし,なし,なし,標準古語辞典・検定済み教科書（複数資料照合）,なし,なし
古文_Deck1_最重要単語・文法_300,CJ-000217,217,Deck1_最重要単語・文法,語彙,重要動詞,しほたる,しおたる,しおたる,動詞,品詞=動詞,CJ-000217-C01,meaning,語義：涙で袖がぬれる,古語「しほたる」の入試で最も重要な意味は何か。,涙で袖がぬれる,涙で袖がぬれる｜涙にぬれる,海水にぬれるように、涙で衣がぬれることを表す。,なし,なし,なし,なし,なし,なし,標準古語辞典・検定済み教科書（複数資料照合）,なし,なし
古文_Deck1_最重要単語・文法_300,CJ-000218,218,Deck1_最重要単語・文法,語彙,重要動詞,つくろふ,つくろう,つくろう,動詞,品詞=動詞,CJ-000218-C01,meaning,語義：修理する,古語「つくろふ」が壊れた物を使われるときの意味は何か。,修理する,修理する｜直す,壊れたり乱れたりしたものを整える。,なし,なし,なし,なし,なし,なし,標準古語辞典・検定済み教科書（複数資料照合）,なし,なし
古文_Deck1_最重要単語・文法_300,CJ-000218,218,Deck1_最重要単語・文法,語彙,重要動詞,つくろふ,つくろう,つくろう,動詞,品詞=動詞,CJ-000218-C02,meaning,語義：取り繕う,古語「つくろふ」が外見や体裁を使われるときの意味は何か。,取り繕う,取り繕う｜装う,欠点を隠し、見た目を整える。,なし,なし,なし,なし,なし,なし,標準古語辞典・検定済み教科書（複数資料照合）,なし,なし
古文_Deck1_最重要単語・文法_300,CJ-000219,219,Deck1_最重要単語・文法,語彙,重要動詞,なぐさむ,なぐさむ,なし,動詞,品詞=動詞,CJ-000219-C01,meaning,語義：心が晴れる,古語「なぐさむ」が自動詞として使われるときの意味は何か。,心が晴れる,心が晴れる｜気が紛れる,悲しみや退屈が和らぐ。,なし,なし,なし,なし,なし,なし,標準古語辞典・検定済み教科書（複数資料照合）,なし,なし
古文_Deck1_最重要単語・文法_300,CJ-000219,219,Deck1_最重要単語・文法,語彙,重要動詞,なぐさむ,なぐさむ,なし,動詞,品詞=動詞,CJ-000219-C02,meaning,語義：慰める,古語「なぐさむ」が他動詞として使われるときの意味は何か。,慰める,慰める｜気を紛らわせる,人の悲しみや退屈を和らげる。,なし,なし,なし,なし,なし,なし,標準古語辞典・検定済み教科書（複数資料照合）,なし,なし
古文_Deck1_最重要単語・文法_300,CJ-000220,220,Deck1_最重要単語・文法,語彙,重要動詞,はつ,はつ,なし,動詞,品詞=動詞,CJ-000220-C01,meaning,語義：終える,古語「はつ」の入試で最も重要な意味は何か。,終える,終える｜すっかり〜する,動詞の連用形に付き、動作が完全に終わることを表す。,なし,なし,なし,なし,なし,なし,標準古語辞典・検定済み教科書（複数資料照合）,なし,なし
古文_Deck1_最重要単語・文法_300,CJ-000221,221,Deck1_最重要単語・文法,語彙,重要動詞,ふる,ふる,経,動詞,品詞=動詞,CJ-000221-C01,meaning,語義：時を過ごす,古語「ふる」が年月について使われるときの意味は何か。,時を過ごす,時を過ごす｜暮らす,長い時間を経る。,なし,なし,なし,なし,なし,なし,標準古語辞典・検定済み教科書（複数資料照合）,なし,なし
古文_Deck1_最重要単語・文法_300,CJ-000221,221,Deck1_最重要単語・文法,語彙,重要動詞,ふる,ふる,経,動詞,品詞=動詞,CJ-000221-C02,meaning,語義：年を取る,古語「ふる」が人の年齢について使われるときの意味は何か。,年を取る,年を取る｜老いる,年月が重なり、老いる。,なし,なし,なし,なし,なし,なし,標準古語辞典・検定済み教科書（複数資料照合）,なし,なし
古文_Deck1_最重要単語・文法_300,CJ-000222,222,Deck1_最重要単語・文法,語彙,重要動詞,ほだす,ほだす,なし,動詞,品詞=動詞,CJ-000222-C01,meaning,語義：束縛する,古語「ほだす」の入試で最も重要な意味は何か。,束縛する,束縛する｜引き留める,情愛や関係が、自由な行動を妨げる。,なし,なし,なし,なし,なし,なし,標準古語辞典・検定済み教科書（複数資料照合）,なし,束縛=そくばく
古文_Deck1_最重要単語・文法_300,CJ-000223,223,Deck1_最重要単語・文法,語彙,重要動詞,まぎる,まぎる,なし,動詞,品詞=動詞,CJ-000223-C01,meaning,語義：隠れる,古語「まぎる」が他のものに交じって使われるときの意味は何か。,隠れる,隠れる｜見分けがつかなくなる,他のものに混じり、目立たなくなる。,なし,なし,なし,なし,なし,なし,標準古語辞典・検定済み教科書（複数資料照合）,なし,なし
古文_Deck1_最重要単語・文法_300,CJ-000223,223,Deck1_最重要単語・文法,語彙,重要動詞,まぎる,まぎる,なし,動詞,品詞=動詞,CJ-000223-C02,meaning,語義：気が紛れる,古語「まぎる」が心情について使われるときの意味は何か。,気が紛れる,気が紛れる｜心が慰む,別のことに注意が向き、つらさを一時忘れる。,なし,なし,なし,なし,なし,なし,標準古語辞典・検定済み教科書（複数資料照合）,なし,なし
古文_Deck1_最重要単語・文法_300,CJ-000224,224,Deck1_最重要単語・文法,語彙,重要動詞,もてなす,もてなす,なし,動詞,品詞=動詞,CJ-000224-C01,meaning,語義：扱う,古語「もてなす」が人や物を使われるときの意味は何か。,扱う,扱う｜取り扱う,相手に対してある態度で接する。,なし,なし,なし,なし,なし,なし,標準古語辞典・検定済み教科書（複数資料照合）,なし,なし
古文_Deck1_最重要単語・文法_300,CJ-000224,224,Deck1_最重要単語・文法,語彙,重要動詞,もてなす,もてなす,なし,動詞,品詞=動詞,CJ-000224-C02,meaning,語義：振る舞う,古語「もてなす」が自分の態度として使われるときの意味は何か。,振る舞う,振る舞う｜ふるまう,ある様子・態度を外に示す。,なし,なし,なし,なし,なし,なし,標準古語辞典・検定済み教科書（複数資料照合）,なし,なし
古文_Deck1_最重要単語・文法_300,CJ-000225,225,Deck1_最重要単語・文法,語彙,重要動詞,やすらふ,やすらう,やすらう,動詞,品詞=動詞,CJ-000225-C01,meaning,語義：ためらう,古語「やすらふ」が行動を決めかねて使われるときの意味は何か。,ためらう,ためらう｜立ち止まる,進むかどうか迷い、しばらく動かない。,なし,なし,なし,なし,なし,なし,標準古語辞典・検定済み教科書（複数資料照合）,なし,なし
古文_Deck1_最重要単語・文法_300,CJ-000225,225,Deck1_最重要単語・文法,語彙,重要動詞,やすらふ,やすらう,やすらう,動詞,品詞=動詞,CJ-000225-C02,meaning,語義：休む,古語「やすらふ」が身体を休めて使われるときの意味は何か。,休む,休む｜休息する,動きを止めて休息する。,なし,なし,なし,なし,なし,なし,標準古語辞典・検定済み教科書（複数資料照合）,なし,なし
古文_Deck1_最重要単語・文法_300,CJ-000226,226,Deck1_最重要単語・文法,語彙,重要動詞,よそふ,よそう,比ふ｜寄そふ,動詞,品詞=動詞,CJ-000226-C01,meaning,語義：比べる,古語「よそふ」が他のものに使われるときの意味は何か。,比べる,比べる｜なぞらえる,あるものを別のものと対応させる。,なし,なし,なし,なし,なし,なし,標準古語辞典・検定済み教科書（複数資料照合）,なし,なし
古文_Deck1_最重要単語・文法_300,CJ-000226,226,Deck1_最重要単語・文法,語彙,重要動詞,よそふ,よそう,比ふ｜寄そふ,動詞,品詞=動詞,CJ-000226-C02,meaning,語義：関係づける,古語「よそふ」が結び付けて使われるときの意味は何か。,関係づける,関係づける｜こじつける,物事をある対象に結び付けて考える。,なし,なし,なし,なし,なし,なし,標準古語辞典・検定済み教科書（複数資料照合）,なし,なし
古文_Deck1_最重要単語・文法_300,CJ-000227,227,Deck1_最重要単語・文法,語彙,重要形容詞,あいなし,あいなし,なし,形容詞,品詞=形容詞,CJ-000227-C01,meaning,語義：おもしろくない,古語「あいなし」が価値や興味について使われるときの意味は何か。,おもしろくない,おもしろくない｜つまらない,筋が通らず、取り合う価値がない。,なし,なし,なし,なし,なし,なし,標準古語辞典・検定済み教科書（複数資料照合）,なし,なし
古文_Deck1_最重要単語・文法_300,CJ-000227,227,Deck1_最重要単語・文法,語彙,重要形容詞,あいなし,あいなし,なし,形容詞,品詞=形容詞,CJ-000227-C02,meaning,語義：むやみだ,古語「あいなし」が理由もなく使われるときの意味は何か。,むやみだ,むやみだ｜わけもない,これといった理由がなく、不必要である。,なし,なし,なし,なし,なし,なし,標準古語辞典・検定済み教科書（複数資料照合）,なし,なし
古文_Deck1_最重要単語・文法_300,CJ-000228,228,Deck1_最重要単語・文法,語彙,重要形容詞,あえなし,あえなし,なし,形容詞,品詞=形容詞,CJ-000228-C01,meaning,語義：あっけない,古語「あえなし」の入試で最も重要な意味は何か。,あっけない,あっけない｜張り合いがない,期待に反して簡単に終わり、満足感がない。,なし,なし,なし,なし,なし,なし,標準古語辞典・検定済み教科書（複数資料照合）,なし,なし
古文_Deck1_最重要単語・文法_300,CJ-000229,229,Deck1_最重要単語・文法,語彙,重要形容動詞,あながちなり,あながちなり,なし,形容動詞,品詞=形容動詞,CJ-000229-C01,meaning,語義：無理やりだ,古語「あながちなり」が行動の強引さとして使われるときの意味は何か。,無理やりだ,無理やりだ｜強引だ,相手や事情を顧みず、押し通す。,なし,なし,なし,なし,なし,なし,標準古語辞典・検定済み教科書（複数資料照合）,なし,なし
古文_Deck1_最重要単語・文法_300,CJ-000229,229,Deck1_最重要単語・文法,語彙,重要形容動詞,あながちなり,あながちなり,なし,形容動詞,品詞=形容動詞,CJ-000229-C02,meaning,語義：ひたすらだ,古語「あながちなり」が一途な態度として使われるときの意味は何か。,ひたすらだ,ひたすらだ｜一途だ,他を顧みず、一つのことに集中する。,なし,なし,なし,なし,なし,なし,標準古語辞典・検定済み教科書（複数資料照合）,なし,なし
古文_Deck1_最重要単語・文法_300,CJ-000230,230,Deck1_最重要単語・文法,語彙,重要形容動詞,いたづらなり,いたずらなり,いたずらなり,形容動詞,品詞=形容動詞,CJ-000230-C01,meaning,語義：むだだ,古語「いたづらなり」が努力や行為について使われるときの意味は何か。,むだだ,むだだ｜役に立たない,成果がなく、むなしい。,なし,なし,なし,なし,なし,なし,標準古語辞典・検定済み教科書（複数資料照合）,なし,なし
古文_Deck1_最重要単語・文法_300,CJ-000230,230,Deck1_最重要単語・文法,語彙,重要形容動詞,いたづらなり,いたずらなり,いたずらなり,形容動詞,品詞=形容動詞,CJ-000230-C02,meaning,語義：むなしい,古語「いたづらなり」が人生や死について使われるときの意味は何か。,むなしい,むなしい｜はかない,実質がなく、何も残らない。,なし,なし,なし,なし,なし,なし,標準古語辞典・検定済み教科書（複数資料照合）,なし,なし
古文_Deck1_最重要単語・文法_300,CJ-000231,231,Deck1_最重要単語・文法,語彙,重要形容詞,いぎたなし,いぎたなし,なし,形容詞,品詞=形容詞,CJ-000231-C01,meaning,語義：寝坊だ,古語「いぎたなし」が眠りについて使われるときの意味は何か。,寝坊だ,寝坊だ｜眠り込んでいる,眠りが深く、なかなか起きない。,なし,なし,なし,なし,なし,なし,標準古語辞典・検定済み教科書（複数資料照合）,なし,なし
古文_Deck1_最重要単語・文法_300,CJ-000231,231,Deck1_最重要単語・文法,語彙,重要形容詞,いぎたなし,いぎたなし,なし,形容詞,品詞=形容詞,CJ-000231-C02,meaning,語義：寝相が悪い,古語「いぎたなし」が寝姿について使われるときの意味は何か。,寝相が悪い,寝相が悪い｜みっともなく寝ている,見苦しい姿で眠っている。,なし,なし,なし,なし,なし,なし,標準古語辞典・検定済み教科書（複数資料照合）,なし,なし
古文_Deck1_最重要単語・文法_300,CJ-000232,232,Deck1_最重要単語・文法,語彙,重要形容動詞,えんなり,えんなり,なし,形容動詞,品詞=形容動詞,CJ-000232-C01,meaning,語義：優美だ,古語「えんなり」の入試で最も重要な意味は何か。,優美だ,優美だ｜あでやかだ,洗練され、華やかな美しさがある。,なし,なし,なし,なし,なし,なし,標準古語辞典・検定済み教科書（複数資料照合）,なし,なし
古文_Deck1_最重要単語・文法_300,CJ-000233,233,Deck1_最重要単語・文法,語彙,重要形容詞,おほけなし,おおけなし,おおけなし,形容詞,品詞=形容詞,CJ-000233-C01,meaning,語義：身の程知らずだ,古語「おほけなし」の入試で最も重要な意味は何か。,身の程知らずだ,身の程知らずだ｜恐れ多い,自分の身分・力量を越えて、大それた望みや行動をする。,なし,なし,なし,なし,なし,なし,標準古語辞典・検定済み教科書（複数資料照合）,なし,なし
古文_Deck1_最重要単語・文法_300,CJ-000234,234,Deck1_最重要単語・文法,語彙,重要形容動詞,きよらなり,きよらなり,なし,形容動詞,品詞=形容動詞,CJ-000234-C01,meaning,語義：美しい,古語「きよらなり」の入試で最も重要な意味は何か。,美しい,美しい｜清らかで上品だ,並外れて清らかで、輝くように美しい。,なし,なし,なし,きよげなり,「きよらなり」は最上級の美、「きよげなり」は見た目がさっぱり美しい。,なし,標準古語辞典・検定済み教科書（複数資料照合）,なし,なし
古文_Deck1_最重要単語・文法_300,CJ-000235,235,Deck1_最重要単語・文法,語彙,重要形容動詞,けうなり,きょうなり,きょうなり,形容動詞,品詞=形容動詞,CJ-000235-C01,meaning,語義：珍しい,古語「けうなり」がめったにないこととして使われるときの意味は何か。,珍しい,珍しい｜まれだ,普通には起こらない。,なし,なし,なし,なし,なし,なし,標準古語辞典・検定済み教科書（複数資料照合）,なし,なし
古文_Deck1_最重要単語・文法_300,CJ-000235,235,Deck1_最重要単語・文法,語彙,重要形容動詞,けうなり,きょうなり,きょうなり,形容動詞,品詞=形容動詞,CJ-000235-C02,meaning,語義：意外だ,古語「けうなり」が予想外として使われるときの意味は何か。,意外だ,意外だ｜思いがけない,予想と異なる。,なし,なし,なし,なし,なし,なし,標準古語辞典・検定済み教科書（複数資料照合）,なし,なし
古文_Deck1_最重要単語・文法_300,CJ-000236,236,Deck1_最重要単語・文法,語彙,重要形容詞,こころぐるし,こころぐるし,なし,形容詞,品詞=形容詞,CJ-000236-C01,meaning,語義：気の毒だ,古語「こころぐるし」が相手に同情して使われるときの意味は何か。,気の毒だ,気の毒だ｜見ていてつらい,相手の苦しさを思い、こちらも心が苦しくなる。,なし,なし,なし,なし,なし,なし,標準古語辞典・検定済み教科書（複数資料照合）,なし,なし
古文_Deck1_最重要単語・文法_300,CJ-000236,236,Deck1_最重要単語・文法,語彙,重要形容詞,こころぐるし,こころぐるし,なし,形容詞,品詞=形容詞,CJ-000236-C02,meaning,語義：心配だ,古語「こころぐるし」が行く末を案じて使われるときの意味は何か。,心配だ,心配だ｜気がかりだ,相手や物事の先行きを案じる。,なし,なし,なし,なし,なし,なし,標準古語辞典・検定済み教科書（複数資料照合）,なし,なし
古文_Deck1_最重要単語・文法_300,CJ-000237,237,Deck1_最重要単語・文法,語彙,重要形容動詞,さすがなり,さすがなり,なし,形容動詞,品詞=形容動詞,CJ-000237-C01,meaning,語義：そうはいうものの,古語「さすがなり」の入試で最も重要な意味は何か。,そうはいうものの,そうはいうものの｜やはり,一方の事情を認めながら、それだけでは割り切れない気持ちを表す。,なし,なし,なし,なし,なし,なし,標準古語辞典・検定済み教科書（複数資料照合）,なし,なし
古文_Deck1_最重要単語・文法_300,CJ-000238,238,Deck1_最重要単語・文法,語彙,重要形容詞,すごし,すごし,なし,形容詞,品詞=形容詞,CJ-000238-C01,meaning,語義：もの寂しい,古語「すごし」が景色や雰囲気について使われるときの意味は何か。,もの寂しい,もの寂しい｜ぞっとするほど寂しい,荒涼として、寒々しい感じを与える。,なし,なし,なし,なし,なし,なし,標準古語辞典・検定済み教科書（複数資料照合）,なし,なし
古文_Deck1_最重要単語・文法_300,CJ-000238,238,Deck1_最重要単語・文法,語彙,重要形容詞,すごし,すごし,なし,形容詞,品詞=形容詞,CJ-000238-C02,meaning,語義：恐ろしい,古語「すごし」が強い不安や畏れとして使われるときの意味は何か。,恐ろしい,恐ろしい｜気味が悪い,ぞっとするほど不気味である。,なし,なし,なし,なし,なし,なし,標準古語辞典・検定済み教科書（複数資料照合）,なし,なし
古文_Deck1_最重要単語・文法_300,CJ-000239,239,Deck1_最重要単語・文法,語彙,重要形容動詞,すずろなり,すずろなり,なし,形容動詞,品詞=形容動詞,CJ-000239-C01,meaning,語義：なんとなくだ,古語「すずろなり」が理由がはっきりせず使われるときの意味は何か。,なんとなくだ,なんとなくだ｜わけもない,明確な理由がない。,なし,なし,なし,なし,なし,なし,標準古語辞典・検定済み教科書（複数資料照合）,なし,なし
古文_Deck1_最重要単語・文法_300,CJ-000239,239,Deck1_最重要単語・文法,語彙,重要形容動詞,すずろなり,すずろなり,なし,形容動詞,品詞=形容動詞,CJ-000239-C02,meaning,語義：思いがけない,古語「すずろなり」が予想外として使われるときの意味は何か。,思いがけない,思いがけない｜突然だ,予想せず起こる。,なし,なし,なし,なし,なし,なし,標準古語辞典・検定済み教科書（複数資料照合）,なし,なし
古文_Deck1_最重要単語・文法_300,CJ-000239,239,Deck1_最重要単語・文法,語彙,重要形容動詞,すずろなり,すずろなり,なし,形容動詞,品詞=形容動詞,CJ-000239-C03,meaning,語義：むやみだ,古語「すずろなり」が程度や行動について使われるときの意味は何か。,むやみだ,むやみだ｜やたらだ,理由なく度を越している。,なし,なし,なし,なし,なし,なし,標準古語辞典・検定済み教科書（複数資料照合）,なし,なし
古文_Deck1_最重要単語・文法_300,CJ-000240,240,Deck1_最重要単語・文法,語彙,重要形容詞,なつかし,なつかし,なし,形容詞,品詞=形容詞,CJ-000240-C01,meaning,語義：親しみ深い,古語「なつかし」の入試で最も重要な意味は何か。,親しみ深い,親しみ深い｜心が引かれる,そばにいたい、親しく接したいと感じる。現代語の過去回想に限らない。,なし,なし,なし,ゆかし,「なつかし」は親しみを感じる、「ゆかし」は見たい・知りたい。,なし,標準古語辞典・検定済み教科書（複数資料照合）,なし,なし
古文_Deck1_最重要単語・文法_300,CJ-000241,241,Deck1_最重要単語・文法,語彙,重要形容詞,ねたし,ねたし,なし,形容詞,品詞=形容詞,CJ-000241-C01,meaning,語義：しゃくだ,古語「ねたし」の入試で最も重要な意味は何か。,しゃくだ,しゃくだ｜悔しい,相手に対する悔しさ・腹立たしさを表す。,なし,なし,なし,なし,なし,なし,標準古語辞典・検定済み教科書（複数資料照合）,なし,なし
古文_Deck1_最重要単語・文法_300,CJ-000242,242,Deck1_最重要単語・文法,語彙,重要形容詞,はかなし,はかなし,なし,形容詞,品詞=形容詞,CJ-000242-C01,meaning,語義：頼りない,古語「はかなし」が確かさについて使われるときの意味は何か。,頼りない,頼りない｜心細い,確かな支えがなく、不安定である。,なし,なし,なし,なし,なし,なし,標準古語辞典・検定済み教科書（複数資料照合）,なし,なし
古文_Deck1_最重要単語・文法_300,CJ-000242,242,Deck1_最重要単語・文法,語彙,重要形容詞,はかなし,はかなし,なし,形容詞,品詞=形容詞,CJ-000242-C02,meaning,語義：つまらない,古語「はかなし」が価値について使われるときの意味は何か。,つまらない,つまらない｜取るに足りない,大した価値や意味がない。,なし,なし,なし,なし,なし,なし,標準古語辞典・検定済み教科書（複数資料照合）,なし,なし
古文_Deck1_最重要単語・文法_300,CJ-000242,242,Deck1_最重要単語・文法,語彙,重要形容詞,はかなし,はかなし,なし,形容詞,品詞=形容詞,CJ-000242-C03,meaning,語義：むなしい,古語「はかなし」が長続きしないこととして使われるときの意味は何か。,むなしい,むなしい｜はかない,一時的で、すぐ消えてしまう。,なし,なし,なし,なし,なし,なし,標準古語辞典・検定済み教科書（複数資料照合）,なし,なし
古文_Deck1_最重要単語・文法_300,CJ-000243,243,Deck1_最重要単語・文法,語彙,重要形容詞,はしたなし,はしたなし,なし,形容詞,品詞=形容詞,CJ-000243-C01,meaning,語義：きまりが悪い,古語「はしたなし」が場に合わず使われるときの意味は何か。,きまりが悪い,きまりが悪い｜居心地が悪い,中途半端な立場に置かれ、恥ずかしく感じる。,なし,なし,なし,なし,なし,なし,標準古語辞典・検定済み教科書（複数資料照合）,なし,なし
古文_Deck1_最重要単語・文法_300,CJ-000243,243,Deck1_最重要単語・文法,語彙,重要形容詞,はしたなし,はしたなし,なし,形容詞,品詞=形容詞,CJ-000243-C02,meaning,語義：そっけない,古語「はしたなし」が相手への態度として使われるときの意味は何か。,そっけない,そっけない｜無愛想だ,相手を十分に取り扱わず、冷たい。,なし,なし,なし,なし,なし,なし,標準古語辞典・検定済み教科書（複数資料照合）,なし,なし
古文_Deck1_最重要単語・文法_300,CJ-000243,243,Deck1_最重要単語・文法,語彙,重要形容詞,はしたなし,はしたなし,なし,形容詞,品詞=形容詞,CJ-000243-C03,meaning,語義：激しい,古語「はしたなし」が雨風などの程度として使われるときの意味は何か。,激しい,激しい｜強い,程度が甚だしい。,なし,なし,なし,なし,なし,なし,標準古語辞典・検定済み教科書（複数資料照合）,なし,なし
古文_Deck1_最重要単語・文法_300,CJ-000244,244,Deck1_最重要単語・文法,語彙,重要形容詞,はづかし,はずかし,はずかし,形容詞,品詞=形容詞,CJ-000244-C01,meaning,語義：立派だ,古語「はづかし」がこちらが気後れするほど使われるときの意味は何か。,立派だ,立派だ｜気品がある,相手がすぐれていて、自分が恥じ入るほどである。,なし,なし,なし,現代語の「恥ずかしい」,古文では「こちらが恥じるほど相手が立派だ」が重要。,なし,標準古語辞典・検定済み教科書（複数資料照合）,なし,なし
古文_Deck1_最重要単語・文法_300,CJ-000244,244,Deck1_最重要単語・文法,語彙,重要形容詞,はづかし,はずかし,はずかし,形容詞,品詞=形容詞,CJ-000244-C02,meaning,語義：恥ずかしい,古語「はづかし」が自分の感情として使われるときの意味は何か。,恥ずかしい,恥ずかしい,現代語と同じ意味もある。,なし,なし,なし,現代語の「恥ずかしい」,古文では「こちらが恥じるほど相手が立派だ」が重要。,なし,標準古語辞典・検定済み教科書（複数資料照合）,なし,なし
古文_Deck1_最重要単語・文法_300,CJ-000245,245,Deck1_最重要単語・文法,語彙,重要形容詞,まだし,まだし,なし,形容詞,品詞=形容詞,CJ-000245-C01,meaning,語義：まだ早い,古語「まだし」が時期について使われるときの意味は何か。,まだ早い,まだ早い｜時期尚早だ,その時がまだ来ていない。,なし,なし,なし,なし,なし,なし,標準古語辞典・検定済み教科書（複数資料照合）,なし,時期尚早=じきしょうそう
古文_Deck1_最重要単語・文法_300,CJ-000245,245,Deck1_最重要単語・文法,語彙,重要形容詞,まだし,まだし,なし,形容詞,品詞=形容詞,CJ-000245-C02,meaning,語義：未熟だ,古語「まだし」が能力や完成度について使われるときの意味は何か。,未熟だ,未熟だ｜不十分だ,まだ十分に完成していない。,なし,なし,なし,なし,なし,なし,標準古語辞典・検定済み教科書（複数資料照合）,なし,時期尚早=じきしょうそう
古文_Deck1_最重要単語・文法_300,CJ-000246,246,Deck1_最重要単語・文法,語彙,重要形容動詞,むげなり,むげなり,なし,形容動詞,品詞=形容動詞,CJ-000246-C01,meaning,語義：まったくひどい,古語「むげなり」が否定的評価として使われるときの意味は何か。,まったくひどい,まったくひどい｜最低だ,程度が甚だしく、救いようがない。,なし,なし,なし,なし,なし,なし,標準古語辞典・検定済み教科書（複数資料照合）,なし,なし
古文_Deck1_最重要単語・文法_300,CJ-000246,246,Deck1_最重要単語・文法,語彙,重要形容動詞,むげなり,むげなり,なし,形容動詞,品詞=形容動詞,CJ-000246-C02,meaning,語義：むやみだ,古語「むげなり」が程度について使われるときの意味は何か。,むやみだ,むやみだ｜ひどく,限度を越えている。,なし,なし,なし,なし,なし,なし,標準古語辞典・検定済み教科書（複数資料照合）,なし,なし
古文_Deck1_最重要単語・文法_300,CJ-000247,247,Deck1_最重要単語・文法,語彙,重要形容詞,めやすし,めやすし,なし,形容詞,品詞=形容詞,CJ-000247-C01,meaning,語義：見苦しくない,古語「めやすし」の入試で最も重要な意味は何か。,見苦しくない,見苦しくない｜感じがよい,見た目や振る舞いが無難で、好ましい。,なし,なし,なし,なし,なし,なし,標準古語辞典・検定済み教科書（複数資料照合）,なし,なし
古文_Deck1_最重要単語・文法_300,CJ-000248,248,Deck1_最重要単語・文法,語彙,重要形容詞,よろし,よろし,なし,形容詞,品詞=形容詞,CJ-000248-C01,meaning,語義：悪くない,古語「よろし」が中程度の評価として使われるときの意味は何か。,悪くない,悪くない｜まあよい,最高ではないが、十分に許容できる。,なし,なし,なし,よし,「よし」は積極的によい、「よろし」は悪くない程度。,なし,標準古語辞典・検定済み教科書（複数資料照合）,なし,なし
古文_Deck1_最重要単語・文法_300,CJ-000248,248,Deck1_最重要単語・文法,語彙,重要形容詞,よろし,よろし,なし,形容詞,品詞=形容詞,CJ-000248-C02,meaning,語義：普通だ,古語「よろし」が程度として使われるときの意味は何か。,普通だ,普通だ｜並一通りだ,特別ではない一般的な程度。,なし,なし,なし,よし,「よし」は積極的によい、「よろし」は悪くない程度。,なし,標準古語辞典・検定済み教科書（複数資料照合）,なし,なし
古文_Deck1_最重要単語・文法_300,CJ-000249,249,Deck1_最重要単語・文法,語彙,重要形容詞,らうらうじ,ろうろうじ,ろうろうじ,形容詞,品詞=形容詞,CJ-000249-C01,meaning,語義：洗練されている,古語「らうらうじ」の入試で最も重要な意味は何か。,洗練されている,洗練されている｜気品がある,知識・技能・立ち居振る舞いが上品で、よく身に付いている。,なし,なし,なし,なし,なし,なし,標準古語辞典・検定済み教科書（複数資料照合）,なし,なし
古文_Deck1_最重要単語・文法_300,CJ-000250,250,Deck1_最重要単語・文法,語彙,重要形容詞,わびし,わびし,なし,形容詞,品詞=形容詞,CJ-000250-C01,meaning,語義：つらい,古語「わびし」が心情として使われるときの意味は何か。,つらい,つらい｜苦しい,思いどおりにならず、心細く苦しい。,なし,なし,なし,なし,なし,なし,標準古語辞典・検定済み教科書（複数資料照合）,なし,なし
古文_Deck1_最重要単語・文法_300,CJ-000250,250,Deck1_最重要単語・文法,語彙,重要形容詞,わびし,わびし,なし,形容詞,品詞=形容詞,CJ-000250-C02,meaning,語義：みすぼらしい,古語「わびし」が生活や外見について使われるときの意味は何か。,みすぼらしい,みすぼらしい｜貧しい,外見・暮らしが粗末である。,なし,なし,なし,なし,なし,なし,標準古語辞典・検定済み教科書（複数資料照合）,なし,なし
古文_Deck1_最重要単語・文法_300,CJ-000250,250,Deck1_最重要単語・文法,語彙,重要形容詞,わびし,わびし,なし,形容詞,品詞=形容詞,CJ-000250-C03,meaning,語義：興ざめだ,古語「わびし」が期待外れとして使われるときの意味は何か。,興ざめだ,興ざめだ｜つまらない,おもしろみがなく、気持ちが冷める。,なし,なし,なし,なし,なし,なし,標準古語辞典・検定済み教科書（複数資料照合）,なし,なし
古文_Deck1_最重要単語・文法_300,CJ-000251,251,Deck1_最重要単語・文法,語彙,重要副詞,あまた,あまた,なし,副詞,品詞=副詞,CJ-000251-C01,meaning,語義：たくさん,古語「あまた」の入試で最も重要な意味は何か。,たくさん,たくさん｜数多く,人・物の数量が多い。,なし,なし,なし,なし,なし,なし,標準古語辞典・検定済み教科書（複数資料照合）,なし,なし
古文_Deck1_最重要単語・文法_300,CJ-000252,252,Deck1_最重要単語・文法,語彙,重要副詞,いかで,いかで,なし,副詞,品詞=副詞,CJ-000252-C01,meaning,語義：どうして,古語「いかで」が疑問・反語として使われるときの意味は何か。,どうして,どうして｜どうやって,方法や理由を問う。反語なら「どうして〜か、いや〜ない」。,なし,なし,なし,なし,なし,なし,標準古語辞典・検定済み教科書（複数資料照合）,なし,なし
古文_Deck1_最重要単語・文法_300,CJ-000252,252,Deck1_最重要単語・文法,語彙,重要副詞,いかで,いかで,なし,副詞,品詞=副詞,CJ-000252-C02,meaning,語義：なんとかして,古語「いかで」が願望とともに使われるときの意味は何か。,なんとかして,なんとかして｜どうにかして,実現を強く願い、方法を求める。,なし,なし,なし,なし,なし,なし,標準古語辞典・検定済み教科書（複数資料照合）,なし,なし
古文_Deck1_最重要単語・文法_300,CJ-000253,253,Deck1_最重要単語・文法,語彙,重要副詞,いかが,いかが,なし,副詞,品詞=副詞,CJ-000253-C01,meaning,語義：どのように,古語「いかが」が状態や方法を問って使われるときの意味は何か。,どのように,どのように｜どう,様子・方法を尋ねる。,なし,なし,なし,なし,なし,なし,標準古語辞典・検定済み教科書（複数資料照合）,なし,なし
古文_Deck1_最重要単語・文法_300,CJ-000253,253,Deck1_最重要単語・文法,語彙,重要副詞,いかが,いかが,なし,副詞,品詞=副詞,CJ-000253-C02,meaning,語義：どうして〜か,古語「いかが」が反語として使われるときの意味は何か。,どうして〜か,どうして〜か｜どうして〜だろうか,文脈により反語となり、「いや〜ない」と続く。,なし,なし,なし,なし,なし,なし,標準古語辞典・検定済み教科書（複数資料照合）,なし,なし
古文_Deck1_最重要単語・文法_300,CJ-000254,254,Deck1_最重要単語・文法,語彙,重要感動詞,いさ,いさ,なし,感動詞,品詞=感動詞,CJ-000254-C01,meaning,語義：さあ、どうだろう,古語「いさ」の入試で最も重要な意味は何か。,さあ、どうだろう,さあ、どうだろう｜さあね,返答に迷う、または知らないとぼかす。,なし,なし,なし,なし,なし,なし,標準古語辞典・検定済み教科書（複数資料照合）,なし,なし
古文_Deck1_最重要単語・文法_300,CJ-000255,255,Deck1_最重要単語・文法,語彙,重要感動詞,いざ,いざ,なし,感動詞,品詞=感動詞,CJ-000255-C01,meaning,語義：さあ,古語「いざ」の入試で最も重要な意味は何か。,さあ,さあ,人を誘ったり、自分を奮い立たせたりするときに用いる。,なし,なし,なし,なし,なし,なし,標準古語辞典・検定済み教科書（複数資料照合）,なし,なし
古文_Deck1_最重要単語・文法_300,CJ-000256,256,Deck1_最重要単語・文法,語彙,重要副詞,いつしか,いつしか,なし,副詞,品詞=副詞,CJ-000256-C01,meaning,語義：いつの間にか,古語「いつしか」が気づかない変化として使われるときの意味は何か。,いつの間にか,いつの間にか,時間の経過に気づかないうちに変化する。,なし,なし,なし,なし,なし,なし,標準古語辞典・検定済み教科書（複数資料照合）,なし,なし
古文_Deck1_最重要単語・文法_300,CJ-000256,256,Deck1_最重要単語・文法,語彙,重要副詞,いつしか,いつしか,なし,副詞,品詞=副詞,CJ-000256-C02,meaning,語義：早く,古語「いつしか」が願望とともに使われるときの意味は何か。,早く,早く｜一刻も早く,実現を待ちきれない気持ちを表す。,なし,なし,なし,なし,なし,なし,標準古語辞典・検定済み教科書（複数資料照合）,なし,なし
古文_Deck1_最重要単語・文法_300,CJ-000257,257,Deck1_最重要単語・文法,語彙,重要副詞,かく,かく,なし,副詞,品詞=副詞,CJ-000257-C01,meaning,語義：このように,古語「かく」の入試で最も重要な意味は何か。,このように,このように｜こう,話し手に近い内容や、直前の事柄を指す。,なし,なし,なし,なし,なし,なし,標準古語辞典・検定済み教科書（複数資料照合）,なし,なし
古文_Deck1_最重要単語・文法_300,CJ-000258,258,Deck1_最重要単語・文法,語彙,重要副詞,さ,さ,なし,副詞,品詞=副詞,CJ-000258-C01,meaning,語義：そう,古語「さ」の入試で最も重要な意味は何か。,そう,そう｜そのように,相手側・前に述べた内容を指す。,なし,なし,なし,なし,なし,なし,標準古語辞典・検定済み教科書（複数資料照合）,なし,なし
古文_Deck1_最重要単語・文法_300,CJ-000259,259,Deck1_最重要単語・文法,語彙,重要副詞,しか,しか,なし,副詞,品詞=副詞,CJ-000259-C01,meaning,語義：そのように,古語「しか」の入試で最も重要な意味は何か。,そのように,そのように｜そう,前に述べた事柄や相手側の内容を指す。,なし,なし,なし,なし,なし,なし,標準古語辞典・検定済み教科書（複数資料照合）,なし,なし
古文_Deck1_最重要単語・文法_300,CJ-000260,260,Deck1_最重要単語・文法,語彙,重要副詞,すなはち,すなわち,すなわち,副詞,品詞=副詞,CJ-000260-C01,meaning,語義：すぐに,古語「すなはち」が時間について使われるときの意味は何か。,すぐに,すぐに｜ただちに,間を置かず、直後に行う。,なし,なし,なし,なし,なし,なし,標準古語辞典・検定済み教科書（複数資料照合）,なし,なし
古文_Deck1_最重要単語・文法_300,CJ-000260,260,Deck1_最重要単語・文法,語彙,重要副詞,すなはち,すなわち,すなわち,副詞,品詞=副詞,CJ-000260-C02,meaning,語義：つまり,古語「すなはち」が言い換えとして使われるときの意味は何か。,つまり,つまり｜すなわち,前の内容を別の表現で説明する。,なし,なし,なし,なし,なし,なし,標準古語辞典・検定済み教科書（複数資料照合）,なし,なし
古文_Deck1_最重要単語・文法_300,CJ-000261,261,Deck1_最重要単語・文法,語彙,重要副詞,せめて,せめて,なし,副詞,品詞=副詞,CJ-000261-C01,meaning,語義：無理に,古語「せめて」が強引な行動として使われるときの意味は何か。,無理に,無理に｜強いて,困難を押して強引に行う。,なし,なし,なし,なし,なし,なし,標準古語辞典・検定済み教科書（複数資料照合）,なし,なし
古文_Deck1_最重要単語・文法_300,CJ-000261,261,Deck1_最重要単語・文法,語彙,重要副詞,せめて,せめて,なし,副詞,品詞=副詞,CJ-000261-C02,meaning,語義：ひどく,古語「せめて」が程度について使われるときの意味は何か。,ひどく,ひどく｜非常に,程度が甚だしい。,なし,なし,なし,なし,なし,なし,標準古語辞典・検定済み教科書（複数資料照合）,なし,なし
古文_Deck1_最重要単語・文法_300,CJ-000262,262,Deck1_最重要単語・文法,語彙,重要副詞,つゆ,つゆ,なし,副詞,品詞=副詞,CJ-000262-C01,meaning,語義：少しも,古語「つゆ」の入試で最も重要な意味は何か。,少しも,少しも｜まったく,打消と呼応し、「少しも〜ない」と強く否定する。,なし,なし,なし,なし,なし,なし,標準古語辞典・検定済み教科書（複数資料照合）,なし,なし
古文_Deck1_最重要単語・文法_300,CJ-000263,263,Deck1_最重要単語・文法,語彙,重要副詞,さらに,さらに,なし,副詞,品詞=副詞,CJ-000263-C01,meaning,語義：まったく,古語「さらに」が打消とともに使われるときの意味は何か。,まったく,まったく｜少しも,打消と呼応して、完全な否定を表す。,なし,なし,なし,なし,なし,なし,標準古語辞典・検定済み教科書（複数資料照合）,なし,なし
古文_Deck1_最重要単語・文法_300,CJ-000263,263,Deck1_最重要単語・文法,語彙,重要副詞,さらに,さらに,なし,副詞,品詞=副詞,CJ-000263-C02,meaning,語義：そのうえ,古語「さらに」が追加として使われるときの意味は何か。,そのうえ,そのうえ｜さらに,前の事柄に別の事柄を加える。,なし,なし,なし,なし,なし,なし,標準古語辞典・検定済み教科書（複数資料照合）,なし,なし
古文_Deck1_最重要単語・文法_300,CJ-000264,264,Deck1_最重要単語・文法,語彙,重要副詞,よも,よも,なし,副詞,品詞=副詞,CJ-000264-C01,meaning,語義：まさか,古語「よも」の入試で最も重要な意味は何か。,まさか,まさか,多く「じ」などの打消推量と呼応し、「まさか〜まい」と強く推量する。,なし,なし,なし,なし,なし,なし,標準古語辞典・検定済み教科書（複数資料照合）,なし,なし
古文_Deck1_最重要単語・文法_300,CJ-000265,265,Deck1_最重要単語・文法,語彙,重要名詞,かぎり,かぎり,なし,名詞,品詞=名詞,CJ-000265-C01,meaning,語義：全部,古語「かぎり」が範囲のすべてとして使われるときの意味は何か。,全部,全部｜すべて,ある範囲に含まれるものを残らず指す。,なし,なし,なし,なし,なし,なし,標準古語辞典・検定済み教科書（複数資料照合）,なし,なし
古文_Deck1_最重要単語・文法_300,CJ-000265,265,Deck1_最重要単語・文法,語彙,重要名詞,かぎり,かぎり,なし,名詞,品詞=名詞,CJ-000265-C02,meaning,語義：最後,古語「かぎり」が生命や関係の終わりとして使われるときの意味は何か。,最後,最後｜最期,命・期間などの終わる時点。,なし,なし,なし,なし,なし,なし,標準古語辞典・検定済み教科書（複数資料照合）,なし,なし
古文_Deck1_最重要単語・文法_300,CJ-000265,265,Deck1_最重要単語・文法,語彙,重要名詞,かぎり,かぎり,なし,名詞,品詞=名詞,CJ-000265-C03,meaning,語義：限度,古語「かぎり」が程度の端として使われるときの意味は何か。,限度,限度｜限界,それ以上はない境界。,なし,なし,なし,なし,なし,なし,標準古語辞典・検定済み教科書（複数資料照合）,なし,なし
古文_Deck1_最重要単語・文法_300,CJ-000266,266,Deck1_最重要単語・文法,語彙,重要名詞,きは,きわ,きわ,名詞,品詞=名詞,CJ-000266-C01,meaning,語義：身分,古語「きは」が社会的な位置として使われるときの意味は何か。,身分,身分｜家柄,社会の中での地位や階層。,なし,なし,なし,なし,なし,なし,標準古語辞典・検定済み教科書（複数資料照合）,なし,なし
古文_Deck1_最重要単語・文法_300,CJ-000266,266,Deck1_最重要単語・文法,語彙,重要名詞,きは,きわ,きわ,名詞,品詞=名詞,CJ-000266-C02,meaning,語義：程度,古語「きは」が物事の段階として使われるときの意味は何か。,程度,程度｜段階,性質や状態の高低・深浅。,なし,なし,なし,なし,なし,なし,標準古語辞典・検定済み教科書（複数資料照合）,なし,なし
古文_Deck1_最重要単語・文法_300,CJ-000266,266,Deck1_最重要単語・文法,語彙,重要名詞,きは,きわ,きわ,名詞,品詞=名詞,CJ-000266-C03,meaning,語義：境目,古語「きは」が場所や時間の端として使われるときの意味は何か。,境目,境目｜際,二つのものが接する端。,なし,なし,なし,なし,なし,なし,標準古語辞典・検定済み教科書（複数資料照合）,なし,なし
古文_Deck1_最重要単語・文法_300,CJ-000267,267,Deck1_最重要単語・文法,語彙,重要名詞,しるし,しるし,なし,名詞,品詞=名詞,CJ-000267-C01,meaning,語義：効果,古語「しるし」が祈りや行為の結果として使われるときの意味は何か。,効果,効果｜効き目,行為・祈願などがもたらした効力。,なし,なし,なし,なし,なし,なし,標準古語辞典・検定済み教科書（複数資料照合）,なし,なし
古文_Deck1_最重要単語・文法_300,CJ-000267,267,Deck1_最重要単語・文法,語彙,重要名詞,しるし,しるし,なし,名詞,品詞=名詞,CJ-000267-C02,meaning,語義：兆候,古語「しるし」が前触れとして使われるときの意味は何か。,兆候,兆候｜きざし,これから起こることを示す現象。,なし,なし,なし,なし,なし,なし,標準古語辞典・検定済み教科書（複数資料照合）,なし,なし
古文_Deck1_最重要単語・文法_300,CJ-000267,267,Deck1_最重要単語・文法,語彙,重要名詞,しるし,しるし,なし,名詞,品詞=名詞,CJ-000267-C03,meaning,語義：証拠,古語「しるし」が事実を示すものとして使われるときの意味は何か。,証拠,証拠｜印,事実を確かめる手掛かり。,なし,なし,なし,なし,なし,なし,標準古語辞典・検定済み教科書（複数資料照合）,なし,なし
古文_Deck1_最重要単語・文法_300,CJ-000268,268,Deck1_最重要単語・文法,語彙,重要名詞,ふみ,ふみ,なし,名詞,品詞=名詞,CJ-000268-C01,meaning,語義：手紙,古語「ふみ」が人に送る文書として使われるときの意味は何か。,手紙,手紙｜書状,人に気持ちや用件を伝える文書。,なし,なし,なし,なし,なし,なし,標準古語辞典・検定済み教科書（複数資料照合）,なし,漢籍=かんせき
古文_Deck1_最重要単語・文法_300,CJ-000268,268,Deck1_最重要単語・文法,語彙,重要名詞,ふみ,ふみ,なし,名詞,品詞=名詞,CJ-000268-C02,meaning,語義：漢詩・漢籍,古語「ふみ」が学問や文学について使われるときの意味は何か。,漢詩・漢籍,漢詩・漢籍｜書物,漢文で書かれた詩や書物を指すことがある。,なし,なし,なし,なし,なし,なし,標準古語辞典・検定済み教科書（複数資料照合）,なし,漢籍=かんせき
古文_Deck1_最重要単語・文法_300,CJ-000269,269,Deck1_最重要単語・文法,語彙,重要名詞,ほど,ほど,なし,名詞,品詞=名詞,CJ-000269-C01,meaning,語義：程度,古語「ほど」が物事の大きさや強さとして使われるときの意味は何か。,程度,程度｜ほど,性質・状態の高低や限界。,なし,なし,なし,なし,なし,なし,標準古語辞典・検定済み教科書（複数資料照合）,なし,なし
古文_Deck1_最重要単語・文法_300,CJ-000269,269,Deck1_最重要単語・文法,語彙,重要名詞,ほど,ほど,なし,名詞,品詞=名詞,CJ-000269-C02,meaning,語義：身分,古語「ほど」が社会的地位として使われるときの意味は何か。,身分,身分｜分際,その人に応じた社会的地位。,なし,なし,なし,なし,なし,なし,標準古語辞典・検定済み教科書（複数資料照合）,なし,なし
古文_Deck1_最重要単語・文法_300,CJ-000269,269,Deck1_最重要単語・文法,語彙,重要名詞,ほど,ほど,なし,名詞,品詞=名詞,CJ-000269-C03,meaning,語義：時間,古語「ほど」が一定の間として使われるときの意味は何か。,時間,時間｜ころ,ある長さの時間や時期。,なし,なし,なし,なし,なし,なし,標準古語辞典・検定済み教科書（複数資料照合）,なし,なし
古文_Deck1_最重要単語・文法_300,CJ-000270,270,Deck1_最重要単語・文法,語彙,重要名詞,ゆかり,ゆかり,なし,名詞,品詞=名詞,CJ-000270-C01,meaning,語義：縁,古語「ゆかり」が人や場所とのつながりとして使われるときの意味は何か。,縁,縁｜関係,血縁・地縁・人間関係などのつながり。,なし,なし,なし,なし,なし,なし,標準古語辞典・検定済み教科書（複数資料照合）,なし,なし
古文_Deck1_最重要単語・文法_300,CJ-000270,270,Deck1_最重要単語・文法,語彙,重要名詞,ゆかり,ゆかり,なし,名詞,品詞=名詞,CJ-000270-C02,meaning,語義：関係のある人,古語「ゆかり」が縁者として使われるときの意味は何か。,関係のある人,関係のある人｜縁者,ある人と血縁・婚姻などでつながる人。,なし,なし,なし,なし,なし,なし,標準古語辞典・検定済み教科書（複数資料照合）,なし,なし
古文_Deck1_最重要単語・文法_300,CJ-000271,271,Deck1_最重要単語・文法,敬語,敬語動詞,たまふ（四段）,たまう（よだん）,給ふ（四段）,敬語動詞,品詞=敬語動詞;敬語種別=尊敬語;活用=ハ行四段;本動詞・補助動詞,CJ-000271-C01,meaning,敬語としての意味,敬語「たまふ（四段）」の主要な意味を2つ答えよ。,お与えになる・〜なさる,お与えになる・〜なさる,本動詞では「お与えになる」、補助動詞では動詞連用形に付き「〜なさる」。,なし,なし,なし,たまふ（下二段）,四段は尊敬、下二段は謙譲。直前の形と主語で判定する。,なし,標準古語辞典・学校文法資料（複数資料照合）,なし,敬語=けいご
古文_Deck1_最重要単語・文法_300,CJ-000271,271,Deck1_最重要単語・文法,敬語,敬語動詞,たまふ（四段）,たまう（よだん）,給ふ（四段）,敬語動詞,品詞=敬語動詞;敬語種別=尊敬語;活用=ハ行四段;本動詞・補助動詞,CJ-000271-C02,honorific_type,敬語の種類,「たまふ（四段）」は尊敬語・謙譲語・丁寧語のどれか。,尊敬語,尊敬語,尊敬語として用いられる。主語と敬意の向きを合わせて確認する。,なし,なし,なし,たまふ（下二段）,四段は尊敬、下二段は謙譲。直前の形と主語で判定する。,なし,標準古語辞典・学校文法資料（複数資料照合）,なし,尊敬語=そんけいご｜謙譲語=けんじょうご｜丁寧語=ていねいご
古文_Deck1_最重要単語・文法_300,CJ-000271,271,Deck1_最重要単語・文法,敬語,敬語動詞,たまふ（四段）,たまう（よだん）,給ふ（四段）,敬語動詞,品詞=敬語動詞;敬語種別=尊敬語;活用=ハ行四段;本動詞・補助動詞,CJ-000271-C03,respect_direction,敬意の方向,敬語「たまふ（四段）」の敬意は、基本的に誰に向くか。,話し手・書き手から動作主へ,話し手・書き手から動作主へ,敬語の種類だけでなく、動作主・動作の相手・聞き手のどこが高められるかを確認する。,なし,なし,なし,なし,なし,なし,標準古語辞典・学校文法資料（複数資料照合）,なし,敬意=けいい
古文_Deck1_最重要単語・文法_300,CJ-000272,272,Deck1_最重要単語・文法,敬語,敬語動詞,たまふ（下二段）,たまう（しもにだん）,給ふ（下二段）,謙譲補助動詞,品詞=謙譲補助動詞;敬語種別=謙譲語;活用=ハ行下二段;主に会話文の補助動詞,CJ-000272-C01,meaning,敬語としての意味,敬語「たまふ（下二段）」の主要な意味を1つ答えよ。,〜させていただく,〜させていただく,主に会話文で、自分側の動作を「〜させていただく」とへりくだる。,なし,なし,なし,たまふ（四段）,下二段は話し手側の動作をへりくだる。四段は主語を高める尊敬。,なし,標準古語辞典・学校文法資料（複数資料照合）,なし,敬語=けいご
古文_Deck1_最重要単語・文法_300,CJ-000272,272,Deck1_最重要単語・文法,敬語,敬語動詞,たまふ（下二段）,たまう（しもにだん）,給ふ（下二段）,謙譲補助動詞,品詞=謙譲補助動詞;敬語種別=謙譲語;活用=ハ行下二段;主に会話文の補助動詞,CJ-000272-C02,honorific_type,敬語の種類,「たまふ（下二段）」は尊敬語・謙譲語・丁寧語のどれか。,謙譲語,謙譲語,謙譲語として用いられる。主語と敬意の向きを合わせて確認する。,なし,なし,なし,たまふ（四段）,下二段は話し手側の動作をへりくだる。四段は主語を高める尊敬。,なし,標準古語辞典・学校文法資料（複数資料照合）,なし,尊敬語=そんけいご｜謙譲語=けんじょうご｜丁寧語=ていねいご
古文_Deck1_最重要単語・文法_300,CJ-000272,272,Deck1_最重要単語・文法,敬語,敬語動詞,たまふ（下二段）,たまう（しもにだん）,給ふ（下二段）,謙譲補助動詞,品詞=謙譲補助動詞;敬語種別=謙譲語;活用=ハ行下二段;主に会話文の補助動詞,CJ-000272-C03,respect_direction,敬意の方向,敬語「たまふ（下二段）」の敬意は、基本的に誰に向くか。,話し手から、動作の相手である高位者へ,話し手から、動作の相手である高位者へ,敬語の種類だけでなく、動作主・動作の相手・聞き手のどこが高められるかを確認する。,なし,なし,なし,なし,なし,なし,標準古語辞典・学校文法資料（複数資料照合）,なし,敬意=けいい
古文_Deck1_最重要単語・文法_300,CJ-000273,273,Deck1_最重要単語・文法,敬語,敬語動詞,おはす,おわす,御座す,敬語動詞,品詞=敬語動詞;敬語種別=尊敬語;意味=あり｜をり｜行く｜来,CJ-000273-C01,meaning,敬語としての意味,敬語「おはす」の主要な意味を1つ答えよ。,いらっしゃる,いらっしゃる,「あり・をり・行く・来」の尊敬語で、「いらっしゃる」と訳す。,なし,なし,なし,なし,なし,なし,標準古語辞典・学校文法資料（複数資料照合）,なし,敬語=けいご
古文_Deck1_最重要単語・文法_300,CJ-000273,273,Deck1_最重要単語・文法,敬語,敬語動詞,おはす,おわす,御座す,敬語動詞,品詞=敬語動詞;敬語種別=尊敬語;意味=あり｜をり｜行く｜来,CJ-000273-C02,honorific_type,敬語の種類,「おはす」は尊敬語・謙譲語・丁寧語のどれか。,尊敬語,尊敬語,尊敬語として用いられる。主語と敬意の向きを合わせて確認する。,なし,なし,なし,なし,なし,なし,標準古語辞典・学校文法資料（複数資料照合）,なし,尊敬語=そんけいご｜謙譲語=けんじょうご｜丁寧語=ていねいご
古文_Deck1_最重要単語・文法_300,CJ-000273,273,Deck1_最重要単語・文法,敬語,敬語動詞,おはす,おわす,御座す,敬語動詞,品詞=敬語動詞;敬語種別=尊敬語;意味=あり｜をり｜行く｜来,CJ-000273-C03,respect_direction,敬意の方向,敬語「おはす」の敬意は、基本的に誰に向くか。,話し手・書き手から動作主へ,話し手・書き手から動作主へ,敬語の種類だけでなく、動作主・動作の相手・聞き手のどこが高められるかを確認する。,なし,なし,なし,なし,なし,なし,標準古語辞典・学校文法資料（複数資料照合）,なし,敬意=けいい
古文_Deck1_最重要単語・文法_300,CJ-000274,274,Deck1_最重要単語・文法,敬語,敬語動詞,おはします,おわします,御座します,敬語動詞,品詞=敬語動詞;敬語種別=尊敬語;尊敬度=高い,CJ-000274-C01,meaning,敬語としての意味,敬語「おはします」の主要な意味を1つ答えよ。,いらっしゃる,いらっしゃる,「おはす」より敬意の高い表現。,なし,なし,なし,おはす,どちらも尊敬語だが、「おはします」の方が敬意が高い。,なし,標準古語辞典・学校文法資料（複数資料照合）,なし,敬語=けいご
古文_Deck1_最重要単語・文法_300,CJ-000274,274,Deck1_最重要単語・文法,敬語,敬語動詞,おはします,おわします,御座します,敬語動詞,品詞=敬語動詞;敬語種別=尊敬語;尊敬度=高い,CJ-000274-C02,honorific_type,敬語の種類,「おはします」は尊敬語・謙譲語・丁寧語のどれか。,尊敬語,尊敬語,尊敬語として用いられる。主語と敬意の向きを合わせて確認する。,なし,なし,なし,おはす,どちらも尊敬語だが、「おはします」の方が敬意が高い。,なし,標準古語辞典・学校文法資料（複数資料照合）,なし,尊敬語=そんけいご｜謙譲語=けんじょうご｜丁寧語=ていねいご
古文_Deck1_最重要単語・文法_300,CJ-000274,274,Deck1_最重要単語・文法,敬語,敬語動詞,おはします,おわします,御座します,敬語動詞,品詞=敬語動詞;敬語種別=尊敬語;尊敬度=高い,CJ-000274-C03,respect_direction,敬意の方向,敬語「おはします」の敬意は、基本的に誰に向くか。,話し手・書き手から動作主へ,話し手・書き手から動作主へ,敬語の種類だけでなく、動作主・動作の相手・聞き手のどこが高められるかを確認する。,なし,なし,なし,なし,なし,なし,標準古語辞典・学校文法資料（複数資料照合）,なし,敬意=けいい
古文_Deck1_最重要単語・文法_300,CJ-000275,275,Deck1_最重要単語・文法,敬語,敬語動詞,いますがり・いまそかり,いますがり・いまそかり,いますかり｜いまそがり,敬語動詞,品詞=敬語動詞;敬語種別=尊敬語;活用=ラ行変格,CJ-000275-C01,meaning,敬語としての意味,敬語「いますがり・いまそかり」の主要な意味を1つ答えよ。,いらっしゃる,いらっしゃる,「あり・をり」の尊敬語として、身分の高い人物の存在を表す。,なし,なし,なし,なし,なし,なし,標準古語辞典・学校文法資料（複数資料照合）,なし,敬語=けいご
古文_Deck1_最重要単語・文法_300,CJ-000275,275,Deck1_最重要単語・文法,敬語,敬語動詞,いますがり・いまそかり,いますがり・いまそかり,いますかり｜いまそがり,敬語動詞,品詞=敬語動詞;敬語種別=尊敬語;活用=ラ行変格,CJ-000275-C02,honorific_type,敬語の種類,「いますがり・いまそかり」は尊敬語・謙譲語・丁寧語のどれか。,尊敬語,尊敬語,尊敬語として用いられる。主語と敬意の向きを合わせて確認する。,なし,なし,なし,なし,なし,なし,標準古語辞典・学校文法資料（複数資料照合）,なし,尊敬語=そんけいご｜謙譲語=けんじょうご｜丁寧語=ていねいご
古文_Deck1_最重要単語・文法_300,CJ-000275,275,Deck1_最重要単語・文法,敬語,敬語動詞,いますがり・いまそかり,いますがり・いまそかり,いますかり｜いまそがり,敬語動詞,品詞=敬語動詞;敬語種別=尊敬語;活用=ラ行変格,CJ-000275-C03,respect_direction,敬意の方向,敬語「いますがり・いまそかり」の敬意は、基本的に誰に向くか。,話し手・書き手から動作主へ,話し手・書き手から動作主へ,敬語の種類だけでなく、動作主・動作の相手・聞き手のどこが高められるかを確認する。,なし,なし,なし,なし,なし,なし,標準古語辞典・学校文法資料（複数資料照合）,なし,敬意=けいい
古文_Deck1_最重要単語・文法_300,CJ-000276,276,Deck1_最重要単語・文法,敬語,敬語動詞,のたまふ,のたもう,宣ふ,敬語動詞,品詞=敬語動詞;敬語種別=尊敬語;意味=言ふの尊敬語,CJ-000276-C01,meaning,敬語としての意味,敬語「のたまふ」の主要な意味を1つ答えよ。,おっしゃる,おっしゃる,身分の高い人が言う動作を高める。,なし,なし,なし,なし,なし,なし,標準古語辞典・学校文法資料（複数資料照合）,なし,敬語=けいご
古文_Deck1_最重要単語・文法_300,CJ-000276,276,Deck1_最重要単語・文法,敬語,敬語動詞,のたまふ,のたもう,宣ふ,敬語動詞,品詞=敬語動詞;敬語種別=尊敬語;意味=言ふの尊敬語,CJ-000276-C02,honorific_type,敬語の種類,「のたまふ」は尊敬語・謙譲語・丁寧語のどれか。,尊敬語,尊敬語,尊敬語として用いられる。主語と敬意の向きを合わせて確認する。,なし,なし,なし,なし,なし,なし,標準古語辞典・学校文法資料（複数資料照合）,なし,尊敬語=そんけいご｜謙譲語=けんじょうご｜丁寧語=ていねいご
古文_Deck1_最重要単語・文法_300,CJ-000276,276,Deck1_最重要単語・文法,敬語,敬語動詞,のたまふ,のたもう,宣ふ,敬語動詞,品詞=敬語動詞;敬語種別=尊敬語;意味=言ふの尊敬語,CJ-000276-C03,respect_direction,敬意の方向,敬語「のたまふ」の敬意は、基本的に誰に向くか。,話し手・書き手から発言者へ,話し手・書き手から発言者へ,敬語の種類だけでなく、動作主・動作の相手・聞き手のどこが高められるかを確認する。,なし,なし,なし,なし,なし,なし,標準古語辞典・学校文法資料（複数資料照合）,なし,敬意=けいい
古文_Deck1_最重要単語・文法_300,CJ-000277,277,Deck1_最重要単語・文法,敬語,敬語動詞,おぼす,おぼす,思す,敬語動詞,品詞=敬語動詞;敬語種別=尊敬語;意味=思ふの尊敬語,CJ-000277-C01,meaning,敬語としての意味,敬語「おぼす」の主要な意味を1つ答えよ。,お思いになる,お思いになる,身分の高い人が思う動作を高める。,なし,なし,なし,なし,なし,なし,標準古語辞典・学校文法資料（複数資料照合）,なし,敬語=けいご
古文_Deck1_最重要単語・文法_300,CJ-000277,277,Deck1_最重要単語・文法,敬語,敬語動詞,おぼす,おぼす,思す,敬語動詞,品詞=敬語動詞;敬語種別=尊敬語;意味=思ふの尊敬語,CJ-000277-C02,honorific_type,敬語の種類,「おぼす」は尊敬語・謙譲語・丁寧語のどれか。,尊敬語,尊敬語,尊敬語として用いられる。主語と敬意の向きを合わせて確認する。,なし,なし,なし,なし,なし,なし,標準古語辞典・学校文法資料（複数資料照合）,なし,尊敬語=そんけいご｜謙譲語=けんじょうご｜丁寧語=ていねいご
古文_Deck1_最重要単語・文法_300,CJ-000277,277,Deck1_最重要単語・文法,敬語,敬語動詞,おぼす,おぼす,思す,敬語動詞,品詞=敬語動詞;敬語種別=尊敬語;意味=思ふの尊敬語,CJ-000277-C03,respect_direction,敬意の方向,敬語「おぼす」の敬意は、基本的に誰に向くか。,話し手・書き手から思考の主体へ,話し手・書き手から思考の主体へ,敬語の種類だけでなく、動作主・動作の相手・聞き手のどこが高められるかを確認する。,なし,なし,なし,なし,なし,なし,標準古語辞典・学校文法資料（複数資料照合）,なし,敬意=けいい
古文_Deck1_最重要単語・文法_300,CJ-000278,278,Deck1_最重要単語・文法,敬語,敬語動詞,きこしめす,きこしめす,聞こし召す,敬語動詞,品詞=敬語動詞;敬語種別=尊敬語;意味=聞く｜食ふ｜飲むの尊敬語,CJ-000278-C01,meaning,敬語としての意味,敬語「きこしめす」の主要な意味を2つ答えよ。,お聞きになる・召し上がる,お聞きになる・召し上がる,文脈により「お聞きになる」「召し上がる」と訳し分ける。,なし,なし,なし,なし,なし,なし,標準古語辞典・学校文法資料（複数資料照合）,なし,敬語=けいご
古文_Deck1_最重要単語・文法_300,CJ-000278,278,Deck1_最重要単語・文法,敬語,敬語動詞,きこしめす,きこしめす,聞こし召す,敬語動詞,品詞=敬語動詞;敬語種別=尊敬語;意味=聞く｜食ふ｜飲むの尊敬語,CJ-000278-C02,honorific_type,敬語の種類,「きこしめす」は尊敬語・謙譲語・丁寧語のどれか。,尊敬語,尊敬語,尊敬語として用いられる。主語と敬意の向きを合わせて確認する。,なし,なし,なし,なし,なし,なし,標準古語辞典・学校文法資料（複数資料照合）,なし,尊敬語=そんけいご｜謙譲語=けんじょうご｜丁寧語=ていねいご
古文_Deck1_最重要単語・文法_300,CJ-000278,278,Deck1_最重要単語・文法,敬語,敬語動詞,きこしめす,きこしめす,聞こし召す,敬語動詞,品詞=敬語動詞;敬語種別=尊敬語;意味=聞く｜食ふ｜飲むの尊敬語,CJ-000278-C03,respect_direction,敬意の方向,敬語「きこしめす」の敬意は、基本的に誰に向くか。,話し手・書き手から動作主へ,話し手・書き手から動作主へ,敬語の種類だけでなく、動作主・動作の相手・聞き手のどこが高められるかを確認する。,なし,なし,なし,なし,なし,なし,標準古語辞典・学校文法資料（複数資料照合）,なし,敬意=けいい
古文_Deck1_最重要単語・文法_300,CJ-000279,279,Deck1_最重要単語・文法,敬語,敬語動詞,きこゆ（謙譲）,きこゆ（けんじょう）,聞こゆ,敬語動詞,品詞=敬語動詞;敬語種別=謙譲語;意味=言ふの謙譲語,CJ-000279-C01,meaning,敬語としての意味,敬語「きこゆ（謙譲）」の主要な意味を1つ答えよ。,申し上げる,申し上げる,自分側が高位者に言う動作を低め、「申し上げる」と訳す。,なし,なし,なし,なし,なし,なし,標準古語辞典・学校文法資料（複数資料照合）,なし,敬語=けいご
古文_Deck1_最重要単語・文法_300,CJ-000279,279,Deck1_最重要単語・文法,敬語,敬語動詞,きこゆ（謙譲）,きこゆ（けんじょう）,聞こゆ,敬語動詞,品詞=敬語動詞;敬語種別=謙譲語;意味=言ふの謙譲語,CJ-000279-C02,honorific_type,敬語の種類,「きこゆ（謙譲）」は尊敬語・謙譲語・丁寧語のどれか。,謙譲語,謙譲語,謙譲語として用いられる。主語と敬意の向きを合わせて確認する。,なし,なし,なし,なし,なし,なし,標準古語辞典・学校文法資料（複数資料照合）,なし,尊敬語=そんけいご｜謙譲語=けんじょうご｜丁寧語=ていねいご
古文_Deck1_最重要単語・文法_300,CJ-000279,279,Deck1_最重要単語・文法,敬語,敬語動詞,きこゆ（謙譲）,きこゆ（けんじょう）,聞こゆ,敬語動詞,品詞=敬語動詞;敬語種別=謙譲語;意味=言ふの謙譲語,CJ-000279-C03,respect_direction,敬意の方向,敬語「きこゆ（謙譲）」の敬意は、基本的に誰に向くか。,話し手・書き手から、発言の相手である高位者へ,話し手・書き手から、発言の相手である高位者へ,敬語の種類だけでなく、動作主・動作の相手・聞き手のどこが高められるかを確認する。,なし,なし,なし,なし,なし,なし,標準古語辞典・学校文法資料（複数資料照合）,なし,敬意=けいい
古文_Deck1_最重要単語・文法_300,CJ-000280,280,Deck1_最重要単語・文法,敬語,敬語動詞,まうす,もうす,申す,敬語動詞,品詞=敬語動詞;敬語種別=謙譲語;意味=言ふの謙譲語,CJ-000280-C01,meaning,敬語としての意味,敬語「まうす」の主要な意味を1つ答えよ。,申し上げる,申し上げる,自分側の発言を低め、相手を高める。,なし,なし,なし,なし,なし,なし,標準古語辞典・学校文法資料（複数資料照合）,なし,敬語=けいご
古文_Deck1_最重要単語・文法_300,CJ-000280,280,Deck1_最重要単語・文法,敬語,敬語動詞,まうす,もうす,申す,敬語動詞,品詞=敬語動詞;敬語種別=謙譲語;意味=言ふの謙譲語,CJ-000280-C02,honorific_type,敬語の種類,「まうす」は尊敬語・謙譲語・丁寧語のどれか。,謙譲語,謙譲語,謙譲語として用いられる。主語と敬意の向きを合わせて確認する。,なし,なし,なし,なし,なし,なし,標準古語辞典・学校文法資料（複数資料照合）,なし,尊敬語=そんけいご｜謙譲語=けんじょうご｜丁寧語=ていねいご
古文_Deck1_最重要単語・文法_300,CJ-000280,280,Deck1_最重要単語・文法,敬語,敬語動詞,まうす,もうす,申す,敬語動詞,品詞=敬語動詞;敬語種別=謙譲語;意味=言ふの謙譲語,CJ-000280-C03,respect_direction,敬意の方向,敬語「まうす」の敬意は、基本的に誰に向くか。,話し手・書き手から、発言の相手である高位者へ,話し手・書き手から、発言の相手である高位者へ,敬語の種類だけでなく、動作主・動作の相手・聞き手のどこが高められるかを確認する。,なし,なし,なし,なし,なし,なし,標準古語辞典・学校文法資料（複数資料照合）,なし,敬意=けいい
古文_Deck1_最重要単語・文法_300,CJ-000281,281,Deck1_最重要単語・文法,敬語,敬語動詞,まゐる,まいる,参る,敬語動詞,品詞=敬語動詞;敬語種別=謙譲語;意味=行く・来の謙譲｜与ふの謙譲,CJ-000281-C01,meaning,敬語としての意味,敬語「まゐる」の主要な意味を2つ答えよ。,参上する・差し上げる,参上する・差し上げる,移動なら「参上する」、物を与えるなら「差し上げる」と訳す。,なし,なし,なし,なし,なし,なし,標準古語辞典・学校文法資料（複数資料照合）,なし,敬語=けいご
古文_Deck1_最重要単語・文法_300,CJ-000281,281,Deck1_最重要単語・文法,敬語,敬語動詞,まゐる,まいる,参る,敬語動詞,品詞=敬語動詞;敬語種別=謙譲語;意味=行く・来の謙譲｜与ふの謙譲,CJ-000281-C02,honorific_type,敬語の種類,「まゐる」は尊敬語・謙譲語・丁寧語のどれか。,謙譲語,謙譲語,謙譲語として用いられる。主語と敬意の向きを合わせて確認する。,なし,なし,なし,なし,なし,なし,標準古語辞典・学校文法資料（複数資料照合）,なし,尊敬語=そんけいご｜謙譲語=けんじょうご｜丁寧語=ていねいご
古文_Deck1_最重要単語・文法_300,CJ-000281,281,Deck1_最重要単語・文法,敬語,敬語動詞,まゐる,まいる,参る,敬語動詞,品詞=敬語動詞;敬語種別=謙譲語;意味=行く・来の謙譲｜与ふの謙譲,CJ-000281-C03,respect_direction,敬意の方向,敬語「まゐる」の敬意は、基本的に誰に向くか。,話し手・書き手から、移動先・受け手である高位者へ,話し手・書き手から、移動先・受け手である高位者へ,敬語の種類だけでなく、動作主・動作の相手・聞き手のどこが高められるかを確認する。,なし,なし,なし,なし,なし,なし,標準古語辞典・学校文法資料（複数資料照合）,なし,敬意=けいい
古文_Deck1_最重要単語・文法_300,CJ-000282,282,Deck1_最重要単語・文法,敬語,敬語動詞,たてまつる,たてまつる,奉る,敬語動詞,品詞=敬語動詞;敬語種別=謙譲語;本動詞・補助動詞,CJ-000282-C01,meaning,敬語としての意味,敬語「たてまつる」の主要な意味を2つ答えよ。,差し上げる・申し上げる,差し上げる・申し上げる,本動詞では「差し上げる」、補助動詞では「〜申し上げる」となる。,なし,なし,なし,なし,なし,なし,標準古語辞典・学校文法資料（複数資料照合）,なし,敬語=けいご
古文_Deck1_最重要単語・文法_300,CJ-000282,282,Deck1_最重要単語・文法,敬語,敬語動詞,たてまつる,たてまつる,奉る,敬語動詞,品詞=敬語動詞;敬語種別=謙譲語;本動詞・補助動詞,CJ-000282-C02,honorific_type,敬語の種類,「たてまつる」は尊敬語・謙譲語・丁寧語のどれか。,謙譲語,謙譲語,謙譲語として用いられる。主語と敬意の向きを合わせて確認する。,なし,なし,なし,なし,なし,なし,標準古語辞典・学校文法資料（複数資料照合）,なし,尊敬語=そんけいご｜謙譲語=けんじょうご｜丁寧語=ていねいご
古文_Deck1_最重要単語・文法_300,CJ-000282,282,Deck1_最重要単語・文法,敬語,敬語動詞,たてまつる,たてまつる,奉る,敬語動詞,品詞=敬語動詞;敬語種別=謙譲語;本動詞・補助動詞,CJ-000282-C03,respect_direction,敬意の方向,敬語「たてまつる」の敬意は、基本的に誰に向くか。,話し手・書き手から、動作の受け手である高位者へ,話し手・書き手から、動作の受け手である高位者へ,敬語の種類だけでなく、動作主・動作の相手・聞き手のどこが高められるかを確認する。,なし,なし,なし,なし,なし,なし,標準古語辞典・学校文法資料（複数資料照合）,なし,敬意=けいい
古文_Deck1_最重要単語・文法_300,CJ-000283,283,Deck1_最重要単語・文法,敬語,敬語動詞,まかる,まかる,罷る,敬語動詞,品詞=敬語動詞;敬語種別=謙譲語;意味=退出・移動の謙譲,CJ-000283-C01,meaning,敬語としての意味,敬語「まかる」の主要な意味を2つ答えよ。,退出する・参る,退出する・参る,高位者のもとから退出する、またはへりくだって移動する。,なし,なし,なし,なし,なし,なし,標準古語辞典・学校文法資料（複数資料照合）,なし,敬語=けいご
古文_Deck1_最重要単語・文法_300,CJ-000283,283,Deck1_最重要単語・文法,敬語,敬語動詞,まかる,まかる,罷る,敬語動詞,品詞=敬語動詞;敬語種別=謙譲語;意味=退出・移動の謙譲,CJ-000283-C02,honorific_type,敬語の種類,「まかる」は尊敬語・謙譲語・丁寧語のどれか。,謙譲語,謙譲語,謙譲語として用いられる。主語と敬意の向きを合わせて確認する。,なし,なし,なし,なし,なし,なし,標準古語辞典・学校文法資料（複数資料照合）,なし,尊敬語=そんけいご｜謙譲語=けんじょうご｜丁寧語=ていねいご
古文_Deck1_最重要単語・文法_300,CJ-000283,283,Deck1_最重要単語・文法,敬語,敬語動詞,まかる,まかる,罷る,敬語動詞,品詞=敬語動詞;敬語種別=謙譲語;意味=退出・移動の謙譲,CJ-000283-C03,respect_direction,敬意の方向,敬語「まかる」の敬意は、基本的に誰に向くか。,話し手・書き手から、退出元などの高位者へ,話し手・書き手から、退出元などの高位者へ,敬語の種類だけでなく、動作主・動作の相手・聞き手のどこが高められるかを確認する。,なし,なし,なし,なし,なし,なし,標準古語辞典・学校文法資料（複数資料照合）,なし,敬意=けいい
古文_Deck1_最重要単語・文法_300,CJ-000284,284,Deck1_最重要単語・文法,敬語,敬語動詞,まうづ,もうず,詣づ,敬語動詞,品詞=敬語動詞;敬語種別=謙譲語;意味=行く・来の謙譲,CJ-000284-C01,meaning,敬語としての意味,敬語「まうづ」の主要な意味を2つ答えよ。,参上する・参詣する,参上する・参詣する,高位者のもとや寺社へ行くことをへりくだって表す。,なし,なし,なし,なし,なし,なし,標準古語辞典・学校文法資料（複数資料照合）,なし,敬語=けいご
古文_Deck1_最重要単語・文法_300,CJ-000284,284,Deck1_最重要単語・文法,敬語,敬語動詞,まうづ,もうず,詣づ,敬語動詞,品詞=敬語動詞;敬語種別=謙譲語;意味=行く・来の謙譲,CJ-000284-C02,honorific_type,敬語の種類,「まうづ」は尊敬語・謙譲語・丁寧語のどれか。,謙譲語,謙譲語,謙譲語として用いられる。主語と敬意の向きを合わせて確認する。,なし,なし,なし,なし,なし,なし,標準古語辞典・学校文法資料（複数資料照合）,なし,尊敬語=そんけいご｜謙譲語=けんじょうご｜丁寧語=ていねいご
古文_Deck1_最重要単語・文法_300,CJ-000284,284,Deck1_最重要単語・文法,敬語,敬語動詞,まうづ,もうず,詣づ,敬語動詞,品詞=敬語動詞;敬語種別=謙譲語;意味=行く・来の謙譲,CJ-000284-C03,respect_direction,敬意の方向,敬語「まうづ」の敬意は、基本的に誰に向くか。,話し手・書き手から、移動先の高位者・神仏へ,話し手・書き手から、移動先の高位者・神仏へ,敬語の種類だけでなく、動作主・動作の相手・聞き手のどこが高められるかを確認する。,なし,なし,なし,なし,なし,なし,標準古語辞典・学校文法資料（複数資料照合）,なし,敬意=けいい
古文_Deck1_最重要単語・文法_300,CJ-000285,285,Deck1_最重要単語・文法,敬語,敬語動詞,はべり,はべり,侍り,敬語動詞,品詞=敬語動詞;敬語種別=謙譲語・丁寧語;活用=ラ行変格;本動詞では謙譲・補助動詞では丁寧,CJ-000285-C01,meaning,敬語としての意味,敬語「はべり」の主要な意味を2つ答えよ。,お仕えする・ございます,お仕えする・ございます,本動詞では「お仕えする」、補助動詞では聞き手への丁寧を表し「ございます」。,なし,なし,なし,さぶらふ,どちらも「お仕えする・ございます」。文章の時代や文体で形が異なる。,なし,標準古語辞典・学校文法資料（複数資料照合）,なし,敬語=けいご
古文_Deck1_最重要単語・文法_300,CJ-000285,285,Deck1_最重要単語・文法,敬語,敬語動詞,はべり,はべり,侍り,敬語動詞,品詞=敬語動詞;敬語種別=謙譲語・丁寧語;活用=ラ行変格;本動詞では謙譲・補助動詞では丁寧,CJ-000285-C02,honorific_type,敬語の種類,「はべり」は尊敬語・謙譲語・丁寧語のどれか。,謙譲語・丁寧語,謙譲語・丁寧語,本動詞では「お仕えする」の謙譲語、補助動詞では「ございます」の丁寧語として働く。,なし,なし,なし,さぶらふ,どちらも「お仕えする・ございます」。文章の時代や文体で形が異なる。,なし,標準古語辞典・学校文法資料（複数資料照合）,なし,尊敬語=そんけいご｜謙譲語=けんじょうご｜丁寧語=ていねいご
古文_Deck1_最重要単語・文法_300,CJ-000285,285,Deck1_最重要単語・文法,敬語,敬語動詞,はべり,はべり,侍り,敬語動詞,品詞=敬語動詞;敬語種別=謙譲語・丁寧語;活用=ラ行変格;本動詞では謙譲・補助動詞では丁寧,CJ-000285-C03,respect_direction,敬意の方向,敬語「はべり」の敬意は、基本的に誰に向くか。,本動詞では高位者へ、補助動詞では聞き手へ,本動詞では高位者へ、補助動詞では聞き手へ,本動詞では仕える相手を高め、補助動詞では聞き手への丁寧さを示す。,なし,なし,なし,なし,なし,なし,標準古語辞典・学校文法資料（複数資料照合）,なし,敬意=けいい
古文_Deck1_最重要単語・文法_300,CJ-000286,286,Deck1_最重要単語・文法,敬語,敬語動詞,さぶらふ,さぶろう,候ふ｜さむらふ,敬語動詞,品詞=敬語動詞;敬語種別=謙譲語・丁寧語;本動詞では謙譲・補助動詞では丁寧,CJ-000286-C01,meaning,敬語としての意味,敬語「さぶらふ」の主要な意味を2つ答えよ。,お仕えする・ございます,お仕えする・ございます,本動詞では高位者に仕える意味、補助動詞では「ございます」と丁寧に述べる。,なし,なし,なし,はべり,意味は近い。補助動詞ではともに丁寧語として働く。,なし,標準古語辞典・学校文法資料（複数資料照合）,なし,敬語=けいご
古文_Deck1_最重要単語・文法_300,CJ-000286,286,Deck1_最重要単語・文法,敬語,敬語動詞,さぶらふ,さぶろう,候ふ｜さむらふ,敬語動詞,品詞=敬語動詞;敬語種別=謙譲語・丁寧語;本動詞では謙譲・補助動詞では丁寧,CJ-000286-C02,honorific_type,敬語の種類,「さぶらふ」は尊敬語・謙譲語・丁寧語のどれか。,謙譲語・丁寧語,謙譲語・丁寧語,本動詞では「お仕えする」の謙譲語、補助動詞では「ございます」の丁寧語として働く。,なし,なし,なし,はべり,意味は近い。補助動詞ではともに丁寧語として働く。,なし,標準古語辞典・学校文法資料（複数資料照合）,なし,尊敬語=そんけいご｜謙譲語=けんじょうご｜丁寧語=ていねいご
古文_Deck1_最重要単語・文法_300,CJ-000286,286,Deck1_最重要単語・文法,敬語,敬語動詞,さぶらふ,さぶろう,候ふ｜さむらふ,敬語動詞,品詞=敬語動詞;敬語種別=謙譲語・丁寧語;本動詞では謙譲・補助動詞では丁寧,CJ-000286-C03,respect_direction,敬意の方向,敬語「さぶらふ」の敬意は、基本的に誰に向くか。,本動詞では高位者へ、補助動詞では聞き手へ,本動詞では高位者へ、補助動詞では聞き手へ,本動詞では仕える相手を高め、補助動詞では聞き手への丁寧さを示す。,なし,なし,なし,なし,なし,なし,標準古語辞典・学校文法資料（複数資料照合）,なし,敬意=けいい
古文_Deck1_最重要単語・文法_300,CJ-000287,287,Deck1_最重要単語・文法,敬語,敬語動詞,つかうまつる,つこうまつる,仕うまつる,敬語動詞,品詞=敬語動詞;敬語種別=謙譲語;本動詞・補助動詞,CJ-000287-C01,meaning,敬語としての意味,敬語「つかうまつる」の主要な意味を2つ答えよ。,お仕え申し上げる・〜して差し上げる,お仕え申し上げる・〜して差し上げる,高位者に仕える、または自分側の動作を「〜して差し上げる」と低める。,なし,なし,なし,なし,なし,なし,標準古語辞典・学校文法資料（複数資料照合）,なし,敬語=けいご
古文_Deck1_最重要単語・文法_300,CJ-000287,287,Deck1_最重要単語・文法,敬語,敬語動詞,つかうまつる,つこうまつる,仕うまつる,敬語動詞,品詞=敬語動詞;敬語種別=謙譲語;本動詞・補助動詞,CJ-000287-C02,honorific_type,敬語の種類,「つかうまつる」は尊敬語・謙譲語・丁寧語のどれか。,謙譲語,謙譲語,謙譲語として用いられる。主語と敬意の向きを合わせて確認する。,なし,なし,なし,なし,なし,なし,標準古語辞典・学校文法資料（複数資料照合）,なし,尊敬語=そんけいご｜謙譲語=けんじょうご｜丁寧語=ていねいご
古文_Deck1_最重要単語・文法_300,CJ-000287,287,Deck1_最重要単語・文法,敬語,敬語動詞,つかうまつる,つこうまつる,仕うまつる,敬語動詞,品詞=敬語動詞;敬語種別=謙譲語;本動詞・補助動詞,CJ-000287-C03,respect_direction,敬意の方向,敬語「つかうまつる」の敬意は、基本的に誰に向くか。,話し手・書き手から、動作の相手である高位者へ,話し手・書き手から、動作の相手である高位者へ,敬語の種類だけでなく、動作主・動作の相手・聞き手のどこが高められるかを確認する。,なし,なし,なし,なし,なし,なし,標準古語辞典・学校文法資料（複数資料照合）,なし,敬意=けいい
古文_Deck1_最重要単語・文法_300,CJ-000288,288,Deck1_最重要単語・文法,敬語,敬語動詞,たまはる,たまわる,賜る｜給はる,敬語動詞,品詞=敬語動詞;敬語種別=謙譲語;意味=受く・もらふの謙譲,CJ-000288-C01,meaning,敬語としての意味,敬語「たまはる」の主要な意味を1つ答えよ。,いただく,いただく,高位者から物や恩恵を受けることをへりくだって表す。,なし,なし,なし,なし,なし,なし,標準古語辞典・学校文法資料（複数資料照合）,なし,敬語=けいご
古文_Deck1_最重要単語・文法_300,CJ-000288,288,Deck1_最重要単語・文法,敬語,敬語動詞,たまはる,たまわる,賜る｜給はる,敬語動詞,品詞=敬語動詞;敬語種別=謙譲語;意味=受く・もらふの謙譲,CJ-000288-C02,honorific_type,敬語の種類,「たまはる」は尊敬語・謙譲語・丁寧語のどれか。,謙譲語,謙譲語,謙譲語として用いられる。主語と敬意の向きを合わせて確認する。,なし,なし,なし,なし,なし,なし,標準古語辞典・学校文法資料（複数資料照合）,なし,尊敬語=そんけいご｜謙譲語=けんじょうご｜丁寧語=ていねいご
古文_Deck1_最重要単語・文法_300,CJ-000288,288,Deck1_最重要単語・文法,敬語,敬語動詞,たまはる,たまわる,賜る｜給はる,敬語動詞,品詞=敬語動詞;敬語種別=謙譲語;意味=受く・もらふの謙譲,CJ-000288-C03,respect_direction,敬意の方向,敬語「たまはる」の敬意は、基本的に誰に向くか。,話し手・書き手から、物を与える高位者へ,話し手・書き手から、物を与える高位者へ,敬語の種類だけでなく、動作主・動作の相手・聞き手のどこが高められるかを確認する。,なし,なし,なし,なし,なし,なし,標準古語辞典・学校文法資料（複数資料照合）,なし,敬意=けいい
古文_Deck1_最重要単語・文法_300,CJ-000289,289,Deck1_最重要単語・文法,敬語,敬語動詞,おほとのごもる,おおとのごもる,大殿籠る,敬語動詞,品詞=敬語動詞;敬語種別=尊敬語;意味=寝ぬの尊敬語,CJ-000289-C01,meaning,敬語としての意味,敬語「おほとのごもる」の主要な意味を1つ答えよ。,お休みになる,お休みになる,身分の高い人が寝ることを高めて表す。,なし,なし,なし,なし,なし,なし,標準古語辞典・学校文法資料（複数資料照合）,なし,敬語=けいご
古文_Deck1_最重要単語・文法_300,CJ-000289,289,Deck1_最重要単語・文法,敬語,敬語動詞,おほとのごもる,おおとのごもる,大殿籠る,敬語動詞,品詞=敬語動詞;敬語種別=尊敬語;意味=寝ぬの尊敬語,CJ-000289-C02,honorific_type,敬語の種類,「おほとのごもる」は尊敬語・謙譲語・丁寧語のどれか。,尊敬語,尊敬語,尊敬語として用いられる。主語と敬意の向きを合わせて確認する。,なし,なし,なし,なし,なし,なし,標準古語辞典・学校文法資料（複数資料照合）,なし,尊敬語=そんけいご｜謙譲語=けんじょうご｜丁寧語=ていねいご
古文_Deck1_最重要単語・文法_300,CJ-000289,289,Deck1_最重要単語・文法,敬語,敬語動詞,おほとのごもる,おおとのごもる,大殿籠る,敬語動詞,品詞=敬語動詞;敬語種別=尊敬語;意味=寝ぬの尊敬語,CJ-000289-C03,respect_direction,敬意の方向,敬語「おほとのごもる」の敬意は、基本的に誰に向くか。,話し手・書き手から眠る動作主へ,話し手・書き手から眠る動作主へ,敬語の種類だけでなく、動作主・動作の相手・聞き手のどこが高められるかを確認する。,なし,なし,なし,なし,なし,なし,標準古語辞典・学校文法資料（複数資料照合）,なし,敬意=けいい
古文_Deck1_最重要単語・文法_300,CJ-000290,290,Deck1_最重要単語・文法,敬語,敬語動詞,ごらんず,ごらんず,御覧ず,敬語動詞,品詞=敬語動詞;敬語種別=尊敬語;意味=見るの尊敬語,CJ-000290-C01,meaning,敬語としての意味,敬語「ごらんず」の主要な意味を1つ答えよ。,ご覧になる,ご覧になる,身分の高い人が見る動作を高める。,なし,なし,なし,なし,なし,なし,標準古語辞典・学校文法資料（複数資料照合）,なし,敬語=けいご
古文_Deck1_最重要単語・文法_300,CJ-000290,290,Deck1_最重要単語・文法,敬語,敬語動詞,ごらんず,ごらんず,御覧ず,敬語動詞,品詞=敬語動詞;敬語種別=尊敬語;意味=見るの尊敬語,CJ-000290-C02,honorific_type,敬語の種類,「ごらんず」は尊敬語・謙譲語・丁寧語のどれか。,尊敬語,尊敬語,尊敬語として用いられる。主語と敬意の向きを合わせて確認する。,なし,なし,なし,なし,なし,なし,標準古語辞典・学校文法資料（複数資料照合）,なし,尊敬語=そんけいご｜謙譲語=けんじょうご｜丁寧語=ていねいご
古文_Deck1_最重要単語・文法_300,CJ-000290,290,Deck1_最重要単語・文法,敬語,敬語動詞,ごらんず,ごらんず,御覧ず,敬語動詞,品詞=敬語動詞;敬語種別=尊敬語;意味=見るの尊敬語,CJ-000290-C03,respect_direction,敬意の方向,敬語「ごらんず」の敬意は、基本的に誰に向くか。,話し手・書き手から見る動作主へ,話し手・書き手から見る動作主へ,敬語の種類だけでなく、動作主・動作の相手・聞き手のどこが高められるかを確認する。,なし,なし,なし,なし,なし,なし,標準古語辞典・学校文法資料（複数資料照合）,なし,敬意=けいい
古文_Deck1_最重要単語・文法_300,CJ-000291,291,Deck1_最重要単語・文法,敬語,敬語動詞,めす,めす,召す,敬語動詞,品詞=敬語動詞;敬語種別=尊敬語;意味=呼ぶ｜食ふ・飲む｜着る｜乗るの尊敬語,CJ-000291-C01,meaning,敬語としての意味,敬語「めす」の主要な意味を4つ答えよ。,お呼びになる・召し上がる・お召しになる・お乗りになる,お呼びになる・召し上がる・お召しになる・お乗りになる,文脈に応じて「呼ぶ・食べる・着る・乗る」の尊敬語として訳し分ける。,なし,なし,なし,なし,なし,なし,標準古語辞典・学校文法資料（複数資料照合）,なし,敬語=けいご
古文_Deck1_最重要単語・文法_300,CJ-000291,291,Deck1_最重要単語・文法,敬語,敬語動詞,めす,めす,召す,敬語動詞,品詞=敬語動詞;敬語種別=尊敬語;意味=呼ぶ｜食ふ・飲む｜着る｜乗るの尊敬語,CJ-000291-C02,honorific_type,敬語の種類,「めす」は尊敬語・謙譲語・丁寧語のどれか。,尊敬語,尊敬語,尊敬語として用いられる。主語と敬意の向きを合わせて確認する。,なし,なし,なし,なし,なし,なし,標準古語辞典・学校文法資料（複数資料照合）,なし,尊敬語=そんけいご｜謙譲語=けんじょうご｜丁寧語=ていねいご
古文_Deck1_最重要単語・文法_300,CJ-000291,291,Deck1_最重要単語・文法,敬語,敬語動詞,めす,めす,召す,敬語動詞,品詞=敬語動詞;敬語種別=尊敬語;意味=呼ぶ｜食ふ・飲む｜着る｜乗るの尊敬語,CJ-000291-C03,respect_direction,敬意の方向,敬語「めす」の敬意は、基本的に誰に向くか。,話し手・書き手から動作主へ,話し手・書き手から動作主へ,敬語の種類だけでなく、動作主・動作の相手・聞き手のどこが高められるかを確認する。,なし,なし,なし,なし,なし,なし,標準古語辞典・学校文法資料（複数資料照合）,なし,敬意=けいい
古文_Deck1_最重要単語・文法_300,CJ-000292,292,Deck1_最重要単語・文法,敬語,敬語動詞,しろしめす,しろしめす,知ろし召す,敬語動詞,品詞=敬語動詞;敬語種別=尊敬語;意味=知る・治むの尊敬語,CJ-000292-C01,meaning,敬語としての意味,敬語「しろしめす」の主要な意味を2つ答えよ。,お知りになる・お治めになる,お知りになる・お治めになる,高位者が知る、または国を統治する動作を高める。,なし,なし,なし,なし,なし,なし,標準古語辞典・学校文法資料（複数資料照合）,なし,敬語=けいご
古文_Deck1_最重要単語・文法_300,CJ-000292,292,Deck1_最重要単語・文法,敬語,敬語動詞,しろしめす,しろしめす,知ろし召す,敬語動詞,品詞=敬語動詞;敬語種別=尊敬語;意味=知る・治むの尊敬語,CJ-000292-C02,honorific_type,敬語の種類,「しろしめす」は尊敬語・謙譲語・丁寧語のどれか。,尊敬語,尊敬語,尊敬語として用いられる。主語と敬意の向きを合わせて確認する。,なし,なし,なし,なし,なし,なし,標準古語辞典・学校文法資料（複数資料照合）,なし,尊敬語=そんけいご｜謙譲語=けんじょうご｜丁寧語=ていねいご
古文_Deck1_最重要単語・文法_300,CJ-000292,292,Deck1_最重要単語・文法,敬語,敬語動詞,しろしめす,しろしめす,知ろし召す,敬語動詞,品詞=敬語動詞;敬語種別=尊敬語;意味=知る・治むの尊敬語,CJ-000292-C03,respect_direction,敬意の方向,敬語「しろしめす」の敬意は、基本的に誰に向くか。,話し手・書き手から動作主へ,話し手・書き手から動作主へ,敬語の種類だけでなく、動作主・動作の相手・聞き手のどこが高められるかを確認する。,なし,なし,なし,なし,なし,なし,標準古語辞典・学校文法資料（複数資料照合）,なし,敬意=けいい
古文_Deck1_最重要単語・文法_300,CJ-000293,293,Deck1_最重要単語・文法,修辞,和歌修辞,枕詞,まくらことば,なし,和歌修辞,なし,CJ-000293-C01,rhetoric,定義,和歌で、特定の語の前に慣用的に置かれ、主に調子を整える五音程度の語句を何というか。,枕詞,枕詞,特定の語に固定的にかかり、多くは五音で、訳に直接反映しないことも多い。,なし,なし,なし,なし,なし,なし,国文学研究資料館・標準古典教材（複数資料照合）,https://www.nijl.ac.jp/,枕詞=まくらことば｜慣用的=かんようてき
古文_Deck1_最重要単語・文法_300,CJ-000294,294,Deck1_最重要単語・文法,修辞,和歌修辞,掛詞,かけことば,なし,和歌修辞,なし,CJ-000294-C01,rhetoric,定義,一つの音に二つ以上の意味を重ねる和歌の修辞を何というか。,掛詞,掛詞,同音異義語を利用し、一つの表現に複数の意味を持たせる。,なし,なし,なし,なし,なし,なし,国文学研究資料館・標準古典教材（複数資料照合）,https://www.nijl.ac.jp/,掛詞=かけことば｜同音異義語=どうおんいぎご
古文_Deck1_最重要単語・文法_300,CJ-000295,295,Deck1_最重要単語・文法,修辞,和歌修辞,縁語,えんご,なし,和歌修辞,なし,CJ-000295-C01,rhetoric,定義,和歌で、意味上関連の深い語を一首の中に配置する修辞を何というか。,縁語,縁語,たとえば「海」に対して「波・浜・沖」など、同じ連想領域の語を結び付ける。,なし,なし,なし,なし,なし,なし,国文学研究資料館・標準古典教材（複数資料照合）,https://www.nijl.ac.jp/,縁語=えんご｜一首=いっしゅ
古文_Deck1_最重要単語・文法_300,CJ-000296,296,Deck1_最重要単語・文法,修辞,和歌修辞,序詞,じょことば,なし,和歌修辞,なし,CJ-000296-C01,rhetoric,定義,和歌で、ある語を導くために置かれる、二句以上の比較的長い修飾句を何というか。,序詞,序詞,枕詞より長く、意味・音・掛詞などの関係を使って後の語を導く。,なし,なし,なし,なし,なし,なし,国文学研究資料館・標準古典教材（複数資料照合）,https://www.nijl.ac.jp/,序詞=じょことば｜修飾句=しゅうしょくく
古文_Deck1_最重要単語・文法_300,CJ-000297,297,Deck1_最重要単語・文法,修辞,和歌修辞,本歌取り,ほんかどり,なし,和歌修辞,なし,CJ-000297-C01,rhetoric,定義,有名な古歌の語句や趣向を意識的に取り入れ、元歌を連想させる和歌の技法を何というか。,本歌取り,本歌取り,元歌との共通点と違いを重ね、新しい情趣を生み出す。,なし,なし,なし,なし,なし,なし,国文学研究資料館・標準古典教材（複数資料照合）,https://www.nijl.ac.jp/,本歌取り=ほんかどり｜古歌=こか｜趣向=しゅこう
古文_Deck1_最重要単語・文法_300,CJ-000298,298,Deck1_最重要単語・文法,古典常識,生活・信仰,方違へ,かたたがえ,方違え,習俗,なし,CJ-000298-C01,classical_culture,定義,陰陽道で凶方へ直接向かうのを避け、いったん別の方角に宿泊してから目的地へ行く習俗を何というか。,方違へ,方違へ｜方違え,方角の吉凶を重視した貴族社会の習俗。予定変更や外泊の理由になる。,なし,なし,なし,なし,なし,なし,国文学研究資料館・標準古典教材（複数資料照合）,https://www.nijl.ac.jp/,方違へ=かたたがえ｜陰陽道=おんみょうどう｜凶方=きょうほう
古文_Deck1_最重要単語・文法_300,CJ-000299,299,Deck1_最重要単語・文法,古典常識,生活・信仰,物忌み,ものいみ,なし,習俗,なし,CJ-000299-C01,classical_culture,定義,不吉な日や穢れを避けるため、一定期間家にこもり行動を慎む習俗を何というか。,物忌み,物忌み,外出や人との接触を控え、災いを避けようとする。,なし,なし,なし,なし,なし,なし,国文学研究資料館・標準古典教材（複数資料照合）,https://www.nijl.ac.jp/,物忌み=ものいみ｜穢れ=けがれ
古文_Deck1_最重要単語・文法_300,CJ-000300,300,Deck1_最重要単語・文法,古典常識,恋愛・婚姻,後朝,きぬぎぬ,後朝の別れ｜後朝の歌,恋愛習俗,なし,CJ-000300-C01,classical_culture,定義,男女が共に過ごした翌朝に別れること、またその際に交わす歌を指す古典常識は何か。,後朝,後朝｜後朝の別れ｜後朝の歌,通い婚の社会では、男性が明け方に女性の家を去り、その後に歌を贈ることが重要な慣習だった。,なし,なし,なし,なし,なし,なし,国文学研究資料館・標準古典教材（複数資料照合）,https://www.nijl.ac.jp/,後朝=きぬぎぬ｜通い婚=かよいこん
