dataset_label,item_id,importance_rank,difficulty_label,domain,unit,item,reading,aliases,item_type,grammar_info,card_id,card_type,focus,question,answer,accepted_answers,explanation,example_text,example_reading,example_translation,confusable_with,distinction,memory_aid,source_name,source_url,reading_map
古文単語_単語Deck2_共通テスト・受験標準_300,CJ-000301,301,単語Deck2_共通テスト・受験標準,語彙,標準形容詞,おとなし,おとなし,なし,形容詞,品詞=形容詞,CJ-000301-C01,meaning,重要語義1,おとなし,大人びている,大人びている｜大人らしい,古文で「大人びている」を表す語義。文脈に応じて他の重要語義と訳し分ける。,なし,なし,なし,現代語の「おとなしい」,古文では静かな性格より「大人びる・思慮分別がある」が中心。,なし,標準古語辞典・検定済み教科書（複数資料照合）,なし,思慮分別=しりょふんべつ
古文単語_単語Deck2_共通テスト・受験標準_300,CJ-000301,301,単語Deck2_共通テスト・受験標準,語彙,標準形容詞,おとなし,おとなし,なし,形容詞,品詞=形容詞,CJ-000301-C02,meaning,重要語義2,おとなし,思慮分別がある,思慮分別がある｜思慮がある,古文で「思慮分別がある」を表す語義。文脈に応じて他の重要語義と訳し分ける。,なし,なし,なし,現代語の「おとなしい」,古文では静かな性格より「大人びる・思慮分別がある」が中心。,なし,標準古語辞典・検定済み教科書（複数資料照合）,なし,思慮分別=しりょふんべつ
古文単語_単語Deck2_共通テスト・受験標準_300,CJ-000301,301,単語Deck2_共通テスト・受験標準,語彙,標準形容詞,おとなし,おとなし,なし,形容詞,品詞=形容詞,CJ-000301-C03,meaning,重要語義3,おとなし,年配だ,年配だ｜年長だ,古文で「年配だ」を表す語義。文脈に応じて他の重要語義と訳し分ける。,なし,なし,なし,現代語の「おとなしい」,古文では静かな性格より「大人びる・思慮分別がある」が中心。,なし,標準古語辞典・検定済み教科書（複数資料照合）,なし,思慮分別=しりょふんべつ
古文単語_単語Deck2_共通テスト・受験標準_300,CJ-000302,302,単語Deck2_共通テスト・受験標準,語彙,標準形容詞,いはけなし,いわけなし,いわけなし,形容詞,品詞=形容詞,CJ-000302-C01,meaning,重要語義1,いはけなし,幼い,幼い｜子どもっぽい,古文で「幼い」を表す基本語義。,なし,なし,なし,いとけなし,どちらも「幼い」。表記の違いも含めて覚える。,なし,標準古語辞典・検定済み教科書（複数資料照合）,なし,なし
古文単語_単語Deck2_共通テスト・受験標準_300,CJ-000303,303,単語Deck2_共通テスト・受験標準,語彙,標準形容詞,しるし（形容詞）,しるし,著し,形容詞,品詞=形容詞,CJ-000303-C01,meaning,重要語義1,しるし（形容詞）,はっきりしている,はっきりしている｜明白だ,古文で「はっきりしている」を表す基本語義。,なし,なし,なし,しるし（名詞）,形容詞は「はっきりしている」、名詞は「効果・兆候・証拠」。,なし,標準古語辞典・検定済み教科書（複数資料照合）,なし,なし
古文単語_単語Deck2_共通テスト・受験標準_300,CJ-000304,304,単語Deck2_共通テスト・受験標準,語彙,標準形容詞,おどろおどろし,おどろおどろし,なし,形容詞,品詞=形容詞,CJ-000304-C01,meaning,重要語義1,おどろおどろし,大げさだ,大げさだ｜仰々しい,古文で「大げさだ」を表す語義。文脈に応じて他の重要語義と訳し分ける。,なし,なし,なし,なし,なし,なし,標準古語辞典・検定済み教科書（複数資料照合）,なし,仰々しい=ぎょうぎょうしい
古文単語_単語Deck2_共通テスト・受験標準_300,CJ-000304,304,単語Deck2_共通テスト・受験標準,語彙,標準形容詞,おどろおどろし,おどろおどろし,なし,形容詞,品詞=形容詞,CJ-000304-C02,meaning,重要語義2,おどろおどろし,気味が悪い,気味が悪い｜恐ろしい,古文で「気味が悪い」を表す語義。文脈に応じて他の重要語義と訳し分ける。,なし,なし,なし,なし,なし,なし,標準古語辞典・検定済み教科書（複数資料照合）,なし,なし
古文単語_単語Deck2_共通テスト・受験標準_300,CJ-000305,305,単語Deck2_共通テスト・受験標準,語彙,標準形容詞,ゆくりなし,ゆくりなし,なし,形容詞,品詞=形容詞,CJ-000305-C01,meaning,重要語義1,ゆくりなし,突然だ,突然だ｜思いがけない,古文で「突然だ」を表す基本語義。,なし,なし,なし,なし,なし,なし,標準古語辞典・検定済み教科書（複数資料照合）,なし,なし
古文単語_単語Deck2_共通テスト・受験標準_300,CJ-000306,306,単語Deck2_共通テスト・受験標準,語彙,標準形容詞,いふかひなし,いうかいなし,いうかいなし,形容詞,品詞=形容詞,CJ-000306-C01,meaning,重要語義1,いふかひなし,どうしようもない,どうしようもない｜言ってもしかたがない,古文で「どうしようもない」を表す語義。文脈に応じて他の重要語義と訳し分ける。,なし,なし,なし,なし,なし,なし,標準古語辞典・検定済み教科書（複数資料照合）,なし,なし
古文単語_単語Deck2_共通テスト・受験標準_300,CJ-000306,306,単語Deck2_共通テスト・受験標準,語彙,標準形容詞,いふかひなし,いうかいなし,いうかいなし,形容詞,品詞=形容詞,CJ-000306-C02,meaning,重要語義2,いふかひなし,取るに足りない,取るに足りない｜つまらない,古文で「取るに足りない」を表す語義。文脈に応じて他の重要語義と訳し分ける。,なし,なし,なし,なし,なし,なし,標準古語辞典・検定済み教科書（複数資料照合）,なし,なし
古文単語_単語Deck2_共通テスト・受験標準_300,CJ-000307,307,単語Deck2_共通テスト・受験標準,語彙,標準形容詞,ほいなし,ほいなし,本意なし,形容詞,品詞=形容詞,CJ-000307-C01,meaning,重要語義1,ほいなし,残念だ,残念だ｜不本意だ,古文で「残念だ」を表す基本語義。,なし,なし,なし,ほい,「ほい」は本来の願い、「ほいなし」はその願いに反して残念だ。,なし,標準古語辞典・検定済み教科書（複数資料照合）,なし,なし
古文単語_単語Deck2_共通テスト・受験標準_300,CJ-000308,308,単語Deck2_共通テスト・受験標準,語彙,標準形容詞,いたし,いたし,なし,形容詞,品詞=形容詞,CJ-000308-C01,meaning,重要語義1,いたし,はなはだしい,はなはだしい｜程度が激しい,古文で「はなはだしい」を表す語義。文脈に応じて他の重要語義と訳し分ける。,なし,なし,なし,なし,なし,なし,標準古語辞典・検定済み教科書（複数資料照合）,なし,なし
古文単語_単語Deck2_共通テスト・受験標準_300,CJ-000308,308,単語Deck2_共通テスト・受験標準,語彙,標準形容詞,いたし,いたし,なし,形容詞,品詞=形容詞,CJ-000308-C02,meaning,重要語義2,いたし,すばらしい,すばらしい｜立派だ,古文で「すばらしい」を表す語義。文脈に応じて他の重要語義と訳し分ける。,なし,なし,なし,なし,なし,なし,標準古語辞典・検定済み教科書（複数資料照合）,なし,なし
古文単語_単語Deck2_共通テスト・受験標準_300,CJ-000309,309,単語Deck2_共通テスト・受験標準,語彙,標準形容詞,おもしろし,おもしろし,なし,形容詞,品詞=形容詞,CJ-000309-C01,meaning,重要語義1,おもしろし,趣がある,趣がある｜風情がある,古文で「趣がある」を表す語義。文脈に応じて他の重要語義と訳し分ける。,なし,なし,なし,をかし,どちらも趣を表すが、「おもしろし」は目の前が明るく開けた感動にも用いる。,なし,標準古語辞典・検定済み教科書（複数資料照合）,なし,なし
古文単語_単語Deck2_共通テスト・受験標準_300,CJ-000309,309,単語Deck2_共通テスト・受験標準,語彙,標準形容詞,おもしろし,おもしろし,なし,形容詞,品詞=形容詞,CJ-000309-C02,meaning,重要語義2,おもしろし,すばらしい,すばらしい｜見事だ,古文で「すばらしい」を表す語義。文脈に応じて他の重要語義と訳し分ける。,なし,なし,なし,をかし,どちらも趣を表すが、「おもしろし」は目の前が明るく開けた感動にも用いる。,なし,標準古語辞典・検定済み教科書（複数資料照合）,なし,なし
古文単語_単語Deck2_共通テスト・受験標準_300,CJ-000310,310,単語Deck2_共通テスト・受験標準,語彙,標準形容詞,わろし,わろし,なし,形容詞,品詞=形容詞,CJ-000310-C01,meaning,重要語義1,わろし,よくない,よくない｜好ましくない,古文で「よくない」を表す基本語義。,なし,なし,なし,なし,なし,なし,標準古語辞典・検定済み教科書（複数資料照合）,なし,なし
古文単語_単語Deck2_共通テスト・受験標準_300,CJ-000311,311,単語Deck2_共通テスト・受験標準,語彙,標準形容詞,あし,あし,悪し,形容詞,品詞=形容詞,CJ-000311-C01,meaning,重要語義1,あし,悪い,悪い｜よくない,古文で「悪い」を表す基本語義。,なし,なし,なし,なし,なし,なし,標準古語辞典・検定済み教科書（複数資料照合）,なし,なし
古文単語_単語Deck2_共通テスト・受験標準_300,CJ-000312,312,単語Deck2_共通テスト・受験標準,語彙,標準形容詞,かひなし,かいなし,かいなし,形容詞,品詞=形容詞,CJ-000312-C01,meaning,重要語義1,かひなし,効果がない,効果がない｜かいがない,古文で「効果がない」を表す語義。文脈に応じて他の重要語義と訳し分ける。,なし,なし,なし,かひ,「かひ」は効果・価値、「かひなし」は効果や価値がない。,なし,標準古語辞典・検定済み教科書（複数資料照合）,なし,なし
古文単語_単語Deck2_共通テスト・受験標準_300,CJ-000312,312,単語Deck2_共通テスト・受験標準,語彙,標準形容詞,かひなし,かいなし,かいなし,形容詞,品詞=形容詞,CJ-000312-C02,meaning,重要語義2,かひなし,どうしようもない,どうしようもない｜無益だ,古文で「どうしようもない」を表す語義。文脈に応じて他の重要語義と訳し分ける。,なし,なし,なし,かひ,「かひ」は効果・価値、「かひなし」は効果や価値がない。,なし,標準古語辞典・検定済み教科書（複数資料照合）,なし,なし
古文単語_単語Deck2_共通テスト・受験標準_300,CJ-000313,313,単語Deck2_共通テスト・受験標準,語彙,標準形容詞,ずちなし,ずちなし,術なし,形容詞,品詞=形容詞,CJ-000313-C01,meaning,重要語義1,ずちなし,どうしようもない,どうしようもない｜方法がない,古文で「どうしようもない」を表す基本語義。,なし,なし,なし,なし,なし,なし,標準古語辞典・検定済み教科書（複数資料照合）,なし,なし
古文単語_単語Deck2_共通テスト・受験標準_300,CJ-000314,314,単語Deck2_共通テスト・受験標準,語彙,標準形容詞,くまなし,くまなし,隈なし,形容詞,品詞=形容詞,CJ-000314-C01,meaning,重要語義1,くまなし,曇りがない,曇りがない｜暗い所がない,古文で「曇りがない」を表す語義。文脈に応じて他の重要語義と訳し分ける。,なし,なし,なし,なし,なし,なし,標準古語辞典・検定済み教科書（複数資料照合）,なし,なし
古文単語_単語Deck2_共通テスト・受験標準_300,CJ-000314,314,単語Deck2_共通テスト・受験標準,語彙,標準形容詞,くまなし,くまなし,隈なし,形容詞,品詞=形容詞,CJ-000314-C02,meaning,重要語義2,くまなし,行き届かないところがない,行き届かないところがない｜抜け目がない,古文で「行き届かないところがない」を表す語義。文脈に応じて他の重要語義と訳し分ける。,なし,なし,なし,なし,なし,なし,標準古語辞典・検定済み教科書（複数資料照合）,なし,なし
古文単語_単語Deck2_共通テスト・受験標準_300,CJ-000315,315,単語Deck2_共通テスト・受験標準,語彙,標準形容動詞,とみなり,とみなり,なし,形容動詞,品詞=形容動詞,CJ-000315-C01,meaning,重要語義1,とみなり,急だ,急だ｜突然だ,古文で「急だ」を表す基本語義。,なし,なし,なし,なし,なし,なし,標準古語辞典・検定済み教科書（複数資料照合）,なし,なし
古文単語_単語Deck2_共通テスト・受験標準_300,CJ-000316,316,単語Deck2_共通テスト・受験標準,語彙,標準形容動詞,こまやかなり,こまやかなり,なし,形容動詞,品詞=形容動詞,CJ-000316-C01,meaning,重要語義1,こまやかなり,色が濃い,色が濃い｜濃厚だ,古文で「色が濃い」を表す語義。文脈に応じて他の重要語義と訳し分ける。,なし,なし,なし,ねんごろなり,「こまやかなり」は濃さ・情愛の深さ、「ねんごろなり」は親密・丁寧。,なし,標準古語辞典・検定済み教科書（複数資料照合）,なし,なし
古文単語_単語Deck2_共通テスト・受験標準_300,CJ-000316,316,単語Deck2_共通テスト・受験標準,語彙,標準形容動詞,こまやかなり,こまやかなり,なし,形容動詞,品詞=形容動詞,CJ-000316-C02,meaning,重要語義2,こまやかなり,心がこもっている,心がこもっている｜情愛が深い,古文で「心がこもっている」を表す語義。文脈に応じて他の重要語義と訳し分ける。,なし,なし,なし,ねんごろなり,「こまやかなり」は濃さ・情愛の深さ、「ねんごろなり」は親密・丁寧。,なし,標準古語辞典・検定済み教科書（複数資料照合）,なし,なし
古文単語_単語Deck2_共通テスト・受験標準_300,CJ-000317,317,単語Deck2_共通テスト・受験標準,語彙,標準形容詞,たのもし,たのもし,頼もし,形容詞,品詞=形容詞,CJ-000317-C01,meaning,重要語義1,たのもし,頼りになる,頼りになる｜心強い,古文で「頼りになる」を表す語義。文脈に応じて他の重要語義と訳し分ける。,なし,なし,なし,なし,なし,なし,標準古語辞典・検定済み教科書（複数資料照合）,なし,なし
古文単語_単語Deck2_共通テスト・受験標準_300,CJ-000317,317,単語Deck2_共通テスト・受験標準,語彙,標準形容詞,たのもし,たのもし,頼もし,形容詞,品詞=形容詞,CJ-000317-C02,meaning,重要語義2,たのもし,期待できる,期待できる｜楽しみだ,古文で「期待できる」を表す語義。文脈に応じて他の重要語義と訳し分ける。,なし,なし,なし,なし,なし,なし,標準古語辞典・検定済み教科書（複数資料照合）,なし,なし
古文単語_単語Deck2_共通テスト・受験標準_300,CJ-000318,318,単語Deck2_共通テスト・受験標準,語彙,標準形容動詞,まめやかなり,まめやかなり,なし,形容動詞,品詞=形容動詞,CJ-000318-C01,meaning,重要語義1,まめやかなり,誠実だ,誠実だ｜まじめだ,古文で「誠実だ」を表す語義。文脈に応じて他の重要語義と訳し分ける。,なし,なし,なし,まめなり,どちらも誠実を表すが、「まめやかなり」は本気・真剣の意も強い。,なし,標準古語辞典・検定済み教科書（複数資料照合）,なし,なし
古文単語_単語Deck2_共通テスト・受験標準_300,CJ-000318,318,単語Deck2_共通テスト・受験標準,語彙,標準形容動詞,まめやかなり,まめやかなり,なし,形容動詞,品詞=形容動詞,CJ-000318-C02,meaning,重要語義2,まめやかなり,本気だ,本気だ｜真剣だ,古文で「本気だ」を表す語義。文脈に応じて他の重要語義と訳し分ける。,なし,なし,なし,まめなり,どちらも誠実を表すが、「まめやかなり」は本気・真剣の意も強い。,なし,標準古語辞典・検定済み教科書（複数資料照合）,なし,なし
古文単語_単語Deck2_共通テスト・受験標準_300,CJ-000319,319,単語Deck2_共通テスト・受験標準,語彙,標準形容詞,むつまじ,むつまじ,むつまし,形容詞,品詞=形容詞,CJ-000319-C01,meaning,重要語義1,むつまじ,親しい,親しい｜仲がよい,古文で「親しい」を表す語義。文脈に応じて他の重要語義と訳し分ける。,なし,なし,なし,なし,なし,なし,標準古語辞典・検定済み教科書（複数資料照合）,なし,なし
古文単語_単語Deck2_共通テスト・受験標準_300,CJ-000319,319,単語Deck2_共通テスト・受験標準,語彙,標準形容詞,むつまじ,むつまじ,むつまし,形容詞,品詞=形容詞,CJ-000319-C02,meaning,重要語義2,むつまじ,愛情深い,愛情深い｜睦まじい,古文で「愛情深い」を表す語義。文脈に応じて他の重要語義と訳し分ける。,なし,なし,なし,なし,なし,なし,標準古語辞典・検定済み教科書（複数資料照合）,なし,なし
古文単語_単語Deck2_共通テスト・受験標準_300,CJ-000320,320,単語Deck2_共通テスト・受験標準,語彙,標準形容動詞,さやかなり,さやかなり,なし,形容動詞,品詞=形容動詞,CJ-000320-C01,meaning,重要語義1,さやかなり,はっきりしている,はっきりしている｜明瞭だ,古文で「はっきりしている」を表す基本語義。,なし,なし,なし,なし,なし,なし,標準古語辞典・検定済み教科書（複数資料照合）,なし,明瞭=めいりょう
古文単語_単語Deck2_共通テスト・受験標準_300,CJ-000321,321,単語Deck2_共通テスト・受験標準,語彙,標準形容動詞,しめやかなり,しめやかなり,なし,形容動詞,品詞=形容動詞,CJ-000321-C01,meaning,重要語義1,しめやかなり,しんみりとしている,しんみりとしている｜もの静かだ,古文で「しんみりとしている」を表す語義。文脈に応じて他の重要語義と訳し分ける。,なし,なし,なし,なし,なし,なし,標準古語辞典・検定済み教科書（複数資料照合）,なし,なし
古文単語_単語Deck2_共通テスト・受験標準_300,CJ-000321,321,単語Deck2_共通テスト・受験標準,語彙,標準形容動詞,しめやかなり,しめやかなり,なし,形容動詞,品詞=形容動詞,CJ-000321-C02,meaning,重要語義2,しめやかなり,静かだ,静かだ｜ひっそりしている,古文で「静かだ」を表す語義。文脈に応じて他の重要語義と訳し分ける。,なし,なし,なし,なし,なし,なし,標準古語辞典・検定済み教科書（複数資料照合）,なし,なし
古文単語_単語Deck2_共通テスト・受験標準_300,CJ-000322,322,単語Deck2_共通テスト・受験標準,語彙,標準形容動詞,あらはなり,あらわなり,あらわなり,形容動詞,品詞=形容動詞,CJ-000322-C01,meaning,重要語義1,あらはなり,明白だ,明白だ｜はっきりしている,古文で「明白だ」を表す語義。文脈に応じて他の重要語義と訳し分ける。,なし,なし,なし,なし,なし,なし,標準古語辞典・検定済み教科書（複数資料照合）,なし,なし
古文単語_単語Deck2_共通テスト・受験標準_300,CJ-000322,322,単語Deck2_共通テスト・受験標準,語彙,標準形容動詞,あらはなり,あらわなり,あらわなり,形容動詞,品詞=形容動詞,CJ-000322-C02,meaning,重要語義2,あらはなり,むき出しだ,むき出しだ｜隠れていない,古文で「むき出しだ」を表す語義。文脈に応じて他の重要語義と訳し分ける。,なし,なし,なし,なし,なし,なし,標準古語辞典・検定済み教科書（複数資料照合）,なし,なし
古文単語_単語Deck2_共通テスト・受験標準_300,CJ-000323,323,単語Deck2_共通テスト・受験標準,語彙,標準形容動詞,かれがれなり,かれがれなり,なし,形容動詞,品詞=形容動詞,CJ-000323-C01,meaning,重要語義1,かれがれなり,途絶えがちだ,途絶えがちだ｜来なくなりがちだ,古文で「途絶えがちだ」を表す語義。文脈に応じて他の重要語義と訳し分ける。,なし,なし,なし,なし,なし,なし,標準古語辞典・検定済み教科書（複数資料照合）,なし,なし
古文単語_単語Deck2_共通テスト・受験標準_300,CJ-000323,323,単語Deck2_共通テスト・受験標準,語彙,標準形容動詞,かれがれなり,かれがれなり,なし,形容動詞,品詞=形容動詞,CJ-000323-C02,meaning,重要語義2,かれがれなり,疎遠だ,疎遠だ｜関係が薄い,古文で「疎遠だ」を表す語義。文脈に応じて他の重要語義と訳し分ける。,なし,なし,なし,なし,なし,なし,標準古語辞典・検定済み教科書（複数資料照合）,なし,なし
古文単語_単語Deck2_共通テスト・受験標準_300,CJ-000324,324,単語Deck2_共通テスト・受験標準,語彙,標準形容詞,きらきらし,きらきらし,なし,形容詞,品詞=形容詞,CJ-000324-C01,meaning,重要語義1,きらきらし,きらびやかだ,きらびやかだ｜華やかだ,古文で「きらびやかだ」を表す語義。文脈に応じて他の重要語義と訳し分ける。,なし,なし,なし,なし,なし,なし,標準古語辞典・検定済み教科書（複数資料照合）,なし,なし
古文単語_単語Deck2_共通テスト・受験標準_300,CJ-000324,324,単語Deck2_共通テスト・受験標準,語彙,標準形容詞,きらきらし,きらきらし,なし,形容詞,品詞=形容詞,CJ-000324-C02,meaning,重要語義2,きらきらし,威厳がある,威厳がある｜堂々としている,古文で「威厳がある」を表す語義。文脈に応じて他の重要語義と訳し分ける。,なし,なし,なし,なし,なし,なし,標準古語辞典・検定済み教科書（複数資料照合）,なし,なし
古文単語_単語Deck2_共通テスト・受験標準_300,CJ-000325,325,単語Deck2_共通テスト・受験標準,語彙,標準形容詞,たはやすし,たわやすし,たわやすし,形容詞,品詞=形容詞,CJ-000325-C01,meaning,重要語義1,たはやすし,たやすい,たやすい｜簡単だ,古文で「たやすい」を表す語義。文脈に応じて他の重要語義と訳し分ける。,なし,なし,なし,なし,なし,なし,標準古語辞典・検定済み教科書（複数資料照合）,なし,なし
古文単語_単語Deck2_共通テスト・受験標準_300,CJ-000325,325,単語Deck2_共通テスト・受験標準,語彙,標準形容詞,たはやすし,たわやすし,たわやすし,形容詞,品詞=形容詞,CJ-000325-C02,meaning,重要語義2,たはやすし,軽々しい,軽々しい｜安易だ,古文で「軽々しい」を表す語義。文脈に応じて他の重要語義と訳し分ける。,なし,なし,なし,なし,なし,なし,標準古語辞典・検定済み教科書（複数資料照合）,なし,なし
古文単語_単語Deck2_共通テスト・受験標準_300,CJ-000326,326,単語Deck2_共通テスト・受験標準,語彙,標準形容動詞,ほのかなり,ほのかなり,なし,形容動詞,品詞=形容動詞,CJ-000326-C01,meaning,重要語義1,ほのかなり,かすかだ,かすかだ｜ぼんやりしている,古文で「かすかだ」を表す基本語義。,なし,なし,なし,なし,なし,なし,標準古語辞典・検定済み教科書（複数資料照合）,なし,なし
古文単語_単語Deck2_共通テスト・受験標準_300,CJ-000327,327,単語Deck2_共通テスト・受験標準,語彙,標準形容詞,よそよそし,よそよそし,なし,形容詞,品詞=形容詞,CJ-000327-C01,meaning,重要語義1,よそよそし,疎遠だ,疎遠だ｜親しくない,古文で「疎遠だ」を表す語義。文脈に応じて他の重要語義と訳し分ける。,なし,なし,なし,なし,なし,なし,標準古語辞典・検定済み教科書（複数資料照合）,なし,なし
古文単語_単語Deck2_共通テスト・受験標準_300,CJ-000327,327,単語Deck2_共通テスト・受験標準,語彙,標準形容詞,よそよそし,よそよそし,なし,形容詞,品詞=形容詞,CJ-000327-C02,meaning,重要語義2,よそよそし,無関係だ,無関係だ｜自分には関係がない,古文で「無関係だ」を表す語義。文脈に応じて他の重要語義と訳し分ける。,なし,なし,なし,なし,なし,なし,標準古語辞典・検定済み教科書（複数資料照合）,なし,なし
古文単語_単語Deck2_共通テスト・受験標準_300,CJ-000328,328,単語Deck2_共通テスト・受験標準,語彙,標準形容詞,いさぎよし,いさぎよし,潔し,形容詞,品詞=形容詞,CJ-000328-C01,meaning,重要語義1,いさぎよし,清らかだ,清らかだ｜汚れがない,古文で「清らかだ」を表す語義。文脈に応じて他の重要語義と訳し分ける。,なし,なし,なし,なし,なし,なし,標準古語辞典・検定済み教科書（複数資料照合）,なし,なし
古文単語_単語Deck2_共通テスト・受験標準_300,CJ-000328,328,単語Deck2_共通テスト・受験標準,語彙,標準形容詞,いさぎよし,いさぎよし,潔し,形容詞,品詞=形容詞,CJ-000328-C02,meaning,重要語義2,いさぎよし,潔白だ,潔白だ｜やましいところがない,古文で「潔白だ」を表す語義。文脈に応じて他の重要語義と訳し分ける。,なし,なし,なし,なし,なし,なし,標準古語辞典・検定済み教科書（複数資料照合）,なし,潔白=けっぱく
古文単語_単語Deck2_共通テスト・受験標準_300,CJ-000329,329,単語Deck2_共通テスト・受験標準,語彙,標準形容詞,かろし,かろし,軽し,形容詞,品詞=形容詞,CJ-000329-C01,meaning,重要語義1,かろし,軽率だ,軽率だ｜軽々しい,古文で「軽率だ」を表す語義。文脈に応じて他の重要語義と訳し分ける。,なし,なし,なし,なし,なし,なし,標準古語辞典・検定済み教科書（複数資料照合）,なし,なし
古文単語_単語Deck2_共通テスト・受験標準_300,CJ-000329,329,単語Deck2_共通テスト・受験標準,語彙,標準形容詞,かろし,かろし,軽し,形容詞,品詞=形容詞,CJ-000329-C02,meaning,重要語義2,かろし,身分が低い,身分が低い｜軽い身分だ,古文で「身分が低い」を表す語義。文脈に応じて他の重要語義と訳し分ける。,なし,なし,なし,なし,なし,なし,標準古語辞典・検定済み教科書（複数資料照合）,なし,なし
古文単語_単語Deck2_共通テスト・受験標準_300,CJ-000330,330,単語Deck2_共通テスト・受験標準,語彙,標準形容詞,こころなし,こころなし,心なし,形容詞,品詞=形容詞,CJ-000330-C01,meaning,重要語義1,こころなし,思いやりがない,思いやりがない｜無情だ,古文で「思いやりがない」を表す語義。文脈に応じて他の重要語義と訳し分ける。,なし,なし,なし,なし,なし,なし,標準古語辞典・検定済み教科書（複数資料照合）,なし,なし
古文単語_単語Deck2_共通テスト・受験標準_300,CJ-000330,330,単語Deck2_共通テスト・受験標準,語彙,標準形容詞,こころなし,こころなし,心なし,形容詞,品詞=形容詞,CJ-000330-C02,meaning,重要語義2,こころなし,風情を解さない,風情を解さない｜情趣が分からない,古文で「風情を解さない」を表す語義。文脈に応じて他の重要語義と訳し分ける。,なし,なし,なし,なし,なし,なし,標準古語辞典・検定済み教科書（複数資料照合）,なし,なし
古文単語_単語Deck2_共通テスト・受験標準_300,CJ-000331,331,単語Deck2_共通テスト・受験標準,語彙,標準形容動詞,さかしらなり,さかしらなり,賢しらなり,形容動詞,品詞=形容動詞,CJ-000331-C01,meaning,重要語義1,さかしらなり,利口ぶっている,利口ぶっている｜知ったかぶりだ,古文で「利口ぶっている」を表す語義。文脈に応じて他の重要語義と訳し分ける。,なし,なし,なし,なし,なし,なし,標準古語辞典・検定済み教科書（複数資料照合）,なし,なし
古文単語_単語Deck2_共通テスト・受験標準_300,CJ-000331,331,単語Deck2_共通テスト・受験標準,語彙,標準形容動詞,さかしらなり,さかしらなり,賢しらなり,形容動詞,品詞=形容動詞,CJ-000331-C02,meaning,重要語義2,さかしらなり,余計なおせっかいだ,余計なおせっかいだ｜差し出がましい,古文で「余計なおせっかいだ」を表す語義。文脈に応じて他の重要語義と訳し分ける。,なし,なし,なし,なし,なし,なし,標準古語辞典・検定済み教科書（複数資料照合）,なし,なし
古文単語_単語Deck2_共通テスト・受験標準_300,CJ-000332,332,単語Deck2_共通テスト・受験標準,語彙,標準形容詞,しげし,しげし,繁し,形容詞,品詞=形容詞,CJ-000332-C01,meaning,重要語義1,しげし,多い,多い｜たくさんある,古文で「多い」を表す語義。文脈に応じて他の重要語義と訳し分ける。,なし,なし,なし,なし,なし,なし,標準古語辞典・検定済み教科書（複数資料照合）,なし,なし
古文単語_単語Deck2_共通テスト・受験標準_300,CJ-000332,332,単語Deck2_共通テスト・受験標準,語彙,標準形容詞,しげし,しげし,繁し,形容詞,品詞=形容詞,CJ-000332-C02,meaning,重要語義2,しげし,頻繁だ,頻繁だ｜しきりだ,古文で「頻繁だ」を表す語義。文脈に応じて他の重要語義と訳し分ける。,なし,なし,なし,なし,なし,なし,標準古語辞典・検定済み教科書（複数資料照合）,なし,なし
古文単語_単語Deck2_共通テスト・受験標準_300,CJ-000333,333,単語Deck2_共通テスト・受験標準,語彙,標準形容動詞,すくよかなり,すくよかなり,なし,形容動詞,品詞=形容動詞,CJ-000333-C01,meaning,重要語義1,すくよかなり,しっかりしている,しっかりしている｜きちんとしている,古文で「しっかりしている」を表す語義。文脈に応じて他の重要語義と訳し分ける。,なし,なし,なし,なし,なし,なし,標準古語辞典・検定済み教科書（複数資料照合）,なし,なし
古文単語_単語Deck2_共通テスト・受験標準_300,CJ-000333,333,単語Deck2_共通テスト・受験標準,語彙,標準形容動詞,すくよかなり,すくよかなり,なし,形容動詞,品詞=形容動詞,CJ-000333-C02,meaning,重要語義2,すくよかなり,無愛想だ,無愛想だ｜堅苦しい,古文で「無愛想だ」を表す語義。文脈に応じて他の重要語義と訳し分ける。,なし,なし,なし,なし,なし,なし,標準古語辞典・検定済み教科書（複数資料照合）,なし,なし
古文単語_単語Deck2_共通テスト・受験標準_300,CJ-000334,334,単語Deck2_共通テスト・受験標準,語彙,標準形容詞,ひとわろし,ひとわろし,人悪し,形容詞,品詞=形容詞,CJ-000334-C01,meaning,重要語義1,ひとわろし,体裁が悪い,体裁が悪い｜人聞きが悪い,古文で「体裁が悪い」を表す基本語義。,なし,なし,なし,なし,なし,なし,標準古語辞典・検定済み教科書（複数資料照合）,なし,なし
古文単語_単語Deck2_共通テスト・受験標準_300,CJ-000335,335,単語Deck2_共通テスト・受験標準,語彙,標準形容詞,ものぐるほし,ものぐるおし,ものぐるおし,形容詞,品詞=形容詞,CJ-000335-C01,meaning,重要語義1,ものぐるほし,正気でない,正気でない｜狂おしい,古文で「正気でない」を表す語義。文脈に応じて他の重要語義と訳し分ける。,なし,なし,なし,なし,なし,なし,標準古語辞典・検定済み教科書（複数資料照合）,なし,なし
古文単語_単語Deck2_共通テスト・受験標準_300,CJ-000335,335,単語Deck2_共通テスト・受験標準,語彙,標準形容詞,ものぐるほし,ものぐるおし,ものぐるおし,形容詞,品詞=形容詞,CJ-000335-C02,meaning,重要語義2,ものぐるほし,夢中だ,夢中だ｜一心に熱中している,古文で「夢中だ」を表す語義。文脈に応じて他の重要語義と訳し分ける。,なし,なし,なし,なし,なし,なし,標準古語辞典・検定済み教科書（複数資料照合）,なし,なし
古文単語_単語Deck2_共通テスト・受験標準_300,CJ-000336,336,単語Deck2_共通テスト・受験標準,語彙,標準形容詞,けうとし,きょうとし,きょうとし,形容詞,品詞=形容詞,CJ-000336-C01,meaning,重要語義1,けうとし,気味が悪い,気味が悪い｜不気味だ,古文で「気味が悪い」を表す語義。文脈に応じて他の重要語義と訳し分ける。,なし,なし,なし,なし,なし,なし,標準古語辞典・検定済み教科書（複数資料照合）,なし,なし
古文単語_単語Deck2_共通テスト・受験標準_300,CJ-000336,336,単語Deck2_共通テスト・受験標準,語彙,標準形容詞,けうとし,きょうとし,きょうとし,形容詞,品詞=形容詞,CJ-000336-C02,meaning,重要語義2,けうとし,疎ましい,疎ましい｜親しみにくい,古文で「疎ましい」を表す語義。文脈に応じて他の重要語義と訳し分ける。,なし,なし,なし,なし,なし,なし,標準古語辞典・検定済み教科書（複数資料照合）,なし,なし
古文単語_単語Deck2_共通テスト・受験標準_300,CJ-000337,337,単語Deck2_共通テスト・受験標準,語彙,標準形容詞,かひがひし,かいがいし,かいがいし,形容詞,品詞=形容詞,CJ-000337-C01,meaning,重要語義1,かひがひし,頼もしい,頼もしい｜しっかりしている,古文で「頼もしい」を表す語義。文脈に応じて他の重要語義と訳し分ける。,なし,なし,なし,なし,なし,なし,標準古語辞典・検定済み教科書（複数資料照合）,なし,なし
古文単語_単語Deck2_共通テスト・受験標準_300,CJ-000337,337,単語Deck2_共通テスト・受験標準,語彙,標準形容詞,かひがひし,かいがいし,かいがいし,形容詞,品詞=形容詞,CJ-000337-C02,meaning,重要語義2,かひがひし,手際がよい,手際がよい｜働きがよい,古文で「手際がよい」を表す語義。文脈に応じて他の重要語義と訳し分ける。,なし,なし,なし,なし,なし,なし,標準古語辞典・検定済み教科書（複数資料照合）,なし,なし
古文単語_単語Deck2_共通テスト・受験標準_300,CJ-000338,338,単語Deck2_共通テスト・受験標準,語彙,標準形容詞,いまめかし,いまめかし,なし,形容詞,品詞=形容詞,CJ-000338-C01,meaning,重要語義1,いまめかし,現代風だ,現代風だ｜当世風だ,古文で「現代風だ」を表す語義。文脈に応じて他の重要語義と訳し分ける。,なし,なし,なし,なまめかし,「いまめかし」は当世風、「なまめかし」は優美・若々しい。,なし,標準古語辞典・検定済み教科書（複数資料照合）,なし,なし
古文単語_単語Deck2_共通テスト・受験標準_300,CJ-000338,338,単語Deck2_共通テスト・受験標準,語彙,標準形容詞,いまめかし,いまめかし,なし,形容詞,品詞=形容詞,CJ-000338-C02,meaning,重要語義2,いまめかし,華やかだ,華やかだ｜目新しい,古文で「華やかだ」を表す語義。文脈に応じて他の重要語義と訳し分ける。,なし,なし,なし,なまめかし,「いまめかし」は当世風、「なまめかし」は優美・若々しい。,なし,標準古語辞典・検定済み教科書（複数資料照合）,なし,なし
古文単語_単語Deck2_共通テスト・受験標準_300,CJ-000339,339,単語Deck2_共通テスト・受験標準,語彙,標準形容詞,うらやまし,うらやまし,なし,形容詞,品詞=形容詞,CJ-000339-C01,meaning,重要語義1,うらやまし,心ひかれる,心ひかれる｜望ましい,古文で「心ひかれる」を表す語義。文脈に応じて他の重要語義と訳し分ける。,なし,なし,なし,ともし,どちらも心が引かれるが、「うらやまし」は相手を望ましく思う。,なし,標準古語辞典・検定済み教科書（複数資料照合）,なし,なし
古文単語_単語Deck2_共通テスト・受験標準_300,CJ-000339,339,単語Deck2_共通テスト・受験標準,語彙,標準形容詞,うらやまし,うらやまし,なし,形容詞,品詞=形容詞,CJ-000339-C02,meaning,重要語義2,うらやまし,うらやましい,うらやましい｜羨ましく思う,古文で「うらやましい」を表す語義。文脈に応じて他の重要語義と訳し分ける。,なし,なし,なし,ともし,どちらも心が引かれるが、「うらやまし」は相手を望ましく思う。,なし,標準古語辞典・検定済み教科書（複数資料照合）,なし,なし
古文単語_単語Deck2_共通テスト・受験標準_300,CJ-000340,340,単語Deck2_共通テスト・受験標準,語彙,標準形容詞,くすし,くすし,奇し,形容詞,品詞=形容詞,CJ-000340-C01,meaning,重要語義1,くすし,不思議だ,不思議だ｜神秘的だ,古文で「不思議だ」を表す語義。文脈に応じて他の重要語義と訳し分ける。,なし,なし,なし,なし,なし,なし,標準古語辞典・検定済み教科書（複数資料照合）,なし,なし
古文単語_単語Deck2_共通テスト・受験標準_300,CJ-000340,340,単語Deck2_共通テスト・受験標準,語彙,標準形容詞,くすし,くすし,奇し,形容詞,品詞=形容詞,CJ-000340-C02,meaning,重要語義2,くすし,霊妙だ,霊妙だ｜神聖だ,古文で「霊妙だ」を表す語義。文脈に応じて他の重要語義と訳し分ける。,なし,なし,なし,なし,なし,なし,標準古語辞典・検定済み教科書（複数資料照合）,なし,なし
古文単語_単語Deck2_共通テスト・受験標準_300,CJ-000341,341,単語Deck2_共通テスト・受験標準,語彙,標準形容詞,けやけし,けやけし,なし,形容詞,品詞=形容詞,CJ-000341-C01,meaning,重要語義1,けやけし,際立っている,際立っている｜目立つ,古文で「際立っている」を表す語義。文脈に応じて他の重要語義と訳し分ける。,なし,なし,なし,なし,なし,なし,標準古語辞典・検定済み教科書（複数資料照合）,なし,なし
古文単語_単語Deck2_共通テスト・受験標準_300,CJ-000341,341,単語Deck2_共通テスト・受験標準,語彙,標準形容詞,けやけし,けやけし,なし,形容詞,品詞=形容詞,CJ-000341-C02,meaning,重要語義2,けやけし,異様だ,異様だ｜普通と違う,古文で「異様だ」を表す語義。文脈に応じて他の重要語義と訳し分ける。,なし,なし,なし,なし,なし,なし,標準古語辞典・検定済み教科書（複数資料照合）,なし,なし
古文単語_単語Deck2_共通テスト・受験標準_300,CJ-000342,342,単語Deck2_共通テスト・受験標準,語彙,標準形容詞,すがすがし,すがすがし,なし,形容詞,品詞=形容詞,CJ-000342-C01,meaning,重要語義1,すがすがし,ためらいがない,ためらいがない｜思い切りがよい,古文で「ためらいがない」を表す語義。文脈に応じて他の重要語義と訳し分ける。,なし,なし,なし,なし,なし,なし,標準古語辞典・検定済み教科書（複数資料照合）,なし,なし
古文単語_単語Deck2_共通テスト・受験標準_300,CJ-000342,342,単語Deck2_共通テスト・受験標準,語彙,標準形容詞,すがすがし,すがすがし,なし,形容詞,品詞=形容詞,CJ-000342-C02,meaning,重要語義2,すがすがし,さっぱりしている,さっぱりしている｜爽快だ,古文で「さっぱりしている」を表す語義。文脈に応じて他の重要語義と訳し分ける。,なし,なし,なし,なし,なし,なし,標準古語辞典・検定済み教科書（複数資料照合）,なし,なし
古文単語_単語Deck2_共通テスト・受験標準_300,CJ-000343,343,単語Deck2_共通テスト・受験標準,語彙,標準形容詞,つきなし,つきなし,なし,形容詞,品詞=形容詞,CJ-000343-C01,meaning,重要語義1,つきなし,不似合いだ,不似合いだ｜ふさわしくない,古文で「不似合いだ」を表す基本語義。,なし,なし,なし,なし,なし,なし,標準古語辞典・検定済み教科書（複数資料照合）,なし,なし
古文単語_単語Deck2_共通テスト・受験標準_300,CJ-000344,344,単語Deck2_共通テスト・受験標準,語彙,標準形容詞,にくし,にくし,憎し,形容詞,品詞=形容詞,CJ-000344-C01,meaning,重要語義1,にくし,気に入らない,気に入らない｜いやだ,古文で「気に入らない」を表す語義。文脈に応じて他の重要語義と訳し分ける。,なし,なし,なし,なし,なし,なし,標準古語辞典・検定済み教科書（複数資料照合）,なし,なし
古文単語_単語Deck2_共通テスト・受験標準_300,CJ-000344,344,単語Deck2_共通テスト・受験標準,語彙,標準形容詞,にくし,にくし,憎し,形容詞,品詞=形容詞,CJ-000344-C02,meaning,重要語義2,にくし,憎らしい,憎らしい｜しゃくだ,古文で「憎らしい」を表す語義。文脈に応じて他の重要語義と訳し分ける。,なし,なし,なし,なし,なし,なし,標準古語辞典・検定済み教科書（複数資料照合）,なし,なし
古文単語_単語Deck2_共通テスト・受験標準_300,CJ-000345,345,単語Deck2_共通テスト・受験標準,語彙,標準形容詞,まぎれなし,まぎれなし,紛れなし,形容詞,品詞=形容詞,CJ-000345-C01,meaning,重要語義1,まぎれなし,はっきりしている,はっきりしている｜明白だ,古文で「はっきりしている」を表す語義。文脈に応じて他の重要語義と訳し分ける。,なし,なし,なし,なし,なし,なし,標準古語辞典・検定済み教科書（複数資料照合）,なし,なし
古文単語_単語Deck2_共通テスト・受験標準_300,CJ-000345,345,単語Deck2_共通テスト・受験標準,語彙,標準形容詞,まぎれなし,まぎれなし,紛れなし,形容詞,品詞=形容詞,CJ-000345-C02,meaning,重要語義2,まぎれなし,間違いない,間違いない｜疑いない,古文で「間違いない」を表す語義。文脈に応じて他の重要語義と訳し分ける。,なし,なし,なし,なし,なし,なし,標準古語辞典・検定済み教科書（複数資料照合）,なし,なし
古文単語_単語Deck2_共通テスト・受験標準_300,CJ-000346,346,単語Deck2_共通テスト・受験標準,語彙,標準形容詞,まことし,まことし,実し,形容詞,品詞=形容詞,CJ-000346-C01,meaning,重要語義1,まことし,本当らしい,本当らしい｜もっともらしい,古文で「本当らしい」を表す基本語義。,なし,なし,なし,なし,なし,なし,標準古語辞典・検定済み教科書（複数資料照合）,なし,なし
古文単語_単語Deck2_共通テスト・受験標準_300,CJ-000347,347,単語Deck2_共通テスト・受験標準,語彙,標準形容動詞,みそかなり,みそかなり,密かなり,形容動詞,品詞=形容動詞,CJ-000347-C01,meaning,重要語義1,みそかなり,ひそかだ,ひそかだ｜人目につかない,古文で「ひそかだ」を表す基本語義。,なし,なし,なし,なし,なし,なし,標準古語辞典・検定済み教科書（複数資料照合）,なし,なし
古文単語_単語Deck2_共通テスト・受験標準_300,CJ-000348,348,単語Deck2_共通テスト・受験標準,語彙,標準形容詞,わづらはし,わずらわし,わずらわし,形容詞,品詞=形容詞,CJ-000348-C01,meaning,重要語義1,わづらはし,面倒だ,面倒だ｜わずらわしい,古文で「面倒だ」を表す語義。文脈に応じて他の重要語義と訳し分ける。,なし,なし,なし,なし,なし,なし,標準古語辞典・検定済み教科書（複数資料照合）,なし,なし
古文単語_単語Deck2_共通テスト・受験標準_300,CJ-000348,348,単語Deck2_共通テスト・受験標準,語彙,標準形容詞,わづらはし,わずらわし,わずらわし,形容詞,品詞=形容詞,CJ-000348-C02,meaning,重要語義2,わづらはし,気がかりだ,気がかりだ｜心配だ,古文で「気がかりだ」を表す語義。文脈に応じて他の重要語義と訳し分ける。,なし,なし,なし,なし,なし,なし,標準古語辞典・検定済み教科書（複数資料照合）,なし,なし
古文単語_単語Deck2_共通テスト・受験標準_300,CJ-000349,349,単語Deck2_共通テスト・受験標準,語彙,標準形容詞,いとけなし,いとけなし,なし,形容詞,品詞=形容詞,CJ-000349-C01,meaning,重要語義1,いとけなし,幼い,幼い｜あどけない,古文で「幼い」を表す基本語義。,なし,なし,なし,いはけなし,どちらも「幼い」。,なし,標準古語辞典・検定済み教科書（複数資料照合）,なし,なし
古文単語_単語Deck2_共通テスト・受験標準_300,CJ-000350,350,単語Deck2_共通テスト・受験標準,語彙,標準形容詞,いたはし,いたわし,いたわし,形容詞,品詞=形容詞,CJ-000350-C01,meaning,重要語義1,いたはし,気の毒だ,気の毒だ｜かわいそうだ,古文で「気の毒だ」を表す語義。文脈に応じて他の重要語義と訳し分ける。,なし,なし,なし,なし,なし,なし,標準古語辞典・検定済み教科書（複数資料照合）,なし,なし
古文単語_単語Deck2_共通テスト・受験標準_300,CJ-000350,350,単語Deck2_共通テスト・受験標準,語彙,標準形容詞,いたはし,いたわし,いたわし,形容詞,品詞=形容詞,CJ-000350-C02,meaning,重要語義2,いたはし,大切にしたい,大切にしたい｜いたわりたい,古文で「大切にしたい」を表す語義。文脈に応じて他の重要語義と訳し分ける。,なし,なし,なし,なし,なし,なし,標準古語辞典・検定済み教科書（複数資料照合）,なし,なし
古文単語_単語Deck2_共通テスト・受験標準_300,CJ-000351,351,単語Deck2_共通テスト・受験標準,語彙,標準形容詞,うたてし,うたてし,なし,形容詞,品詞=形容詞,CJ-000351-C01,meaning,重要語義1,うたてし,嫌だ,嫌だ｜不快だ,古文で「嫌だ」を表す語義。文脈に応じて他の重要語義と訳し分ける。,なし,なし,なし,うたて,「うたてし」は形容詞、「うたて」は副詞。,なし,標準古語辞典・検定済み教科書（複数資料照合）,なし,なし
古文単語_単語Deck2_共通テスト・受験標準_300,CJ-000351,351,単語Deck2_共通テスト・受験標準,語彙,標準形容詞,うたてし,うたてし,なし,形容詞,品詞=形容詞,CJ-000351-C02,meaning,重要語義2,うたてし,情けない,情けない｜嘆かわしい,古文で「情けない」を表す語義。文脈に応じて他の重要語義と訳し分ける。,なし,なし,なし,うたて,「うたてし」は形容詞、「うたて」は副詞。,なし,標準古語辞典・検定済み教科書（複数資料照合）,なし,なし
古文単語_単語Deck2_共通テスト・受験標準_300,CJ-000352,352,単語Deck2_共通テスト・受験標準,語彙,標準形容詞,かしがまし,かしがまし,なし,形容詞,品詞=形容詞,CJ-000352-C01,meaning,重要語義1,かしがまし,やかましい,やかましい｜騒がしい,古文で「やかましい」を表す語義。文脈に応じて他の重要語義と訳し分ける。,なし,なし,なし,なし,なし,なし,標準古語辞典・検定済み教科書（複数資料照合）,なし,なし
古文単語_単語Deck2_共通テスト・受験標準_300,CJ-000352,352,単語Deck2_共通テスト・受験標準,語彙,標準形容詞,かしがまし,かしがまし,なし,形容詞,品詞=形容詞,CJ-000352-C02,meaning,重要語義2,かしがまし,口うるさい,口うるさい｜細かく言い立てる,古文で「口うるさい」を表す語義。文脈に応じて他の重要語義と訳し分ける。,なし,なし,なし,なし,なし,なし,標準古語辞典・検定済み教科書（複数資料照合）,なし,なし
古文単語_単語Deck2_共通テスト・受験標準_300,CJ-000353,353,単語Deck2_共通テスト・受験標準,語彙,標準形容詞,たけし,たけし,猛し,形容詞,品詞=形容詞,CJ-000353-C01,meaning,重要語義1,たけし,勇ましい,勇ましい｜強い,古文で「勇ましい」を表す語義。文脈に応じて他の重要語義と訳し分ける。,なし,なし,なし,なし,なし,なし,標準古語辞典・検定済み教科書（複数資料照合）,なし,なし
古文単語_単語Deck2_共通テスト・受験標準_300,CJ-000353,353,単語Deck2_共通テスト・受験標準,語彙,標準形容詞,たけし,たけし,猛し,形容詞,品詞=形容詞,CJ-000353-C02,meaning,重要語義2,たけし,勢いが強い,勢いが強い｜激しい,古文で「勢いが強い」を表す語義。文脈に応じて他の重要語義と訳し分ける。,なし,なし,なし,なし,なし,なし,標準古語辞典・検定済み教科書（複数資料照合）,なし,なし
古文単語_単語Deck2_共通テスト・受験標準_300,CJ-000354,354,単語Deck2_共通テスト・受験標準,語彙,標準形容詞,はげし,はげし,激し,形容詞,品詞=形容詞,CJ-000354-C01,meaning,重要語義1,はげし,激しい,激しい｜勢いが強い,古文で「激しい」を表す基本語義。,なし,なし,なし,なし,なし,なし,標準古語辞典・検定済み教科書（複数資料照合）,なし,なし
古文単語_単語Deck2_共通テスト・受験標準_300,CJ-000355,355,単語Deck2_共通テスト・受験標準,語彙,標準形容動詞,をこなり,おこなり,おこなり｜痴なり,形容動詞,品詞=形容動詞,CJ-000355-C01,meaning,重要語義1,をこなり,愚かだ,愚かだ｜ばかだ,古文で「愚かだ」を表す語義。文脈に応じて他の重要語義と訳し分ける。,なし,なし,なし,なし,なし,なし,標準古語辞典・検定済み教科書（複数資料照合）,なし,なし
古文単語_単語Deck2_共通テスト・受験標準_300,CJ-000355,355,単語Deck2_共通テスト・受験標準,語彙,標準形容動詞,をこなり,おこなり,おこなり｜痴なり,形容動詞,品詞=形容動詞,CJ-000355-C02,meaning,重要語義2,をこなり,ばかげている,ばかげている｜滑稽だ,古文で「ばかげている」を表す語義。文脈に応じて他の重要語義と訳し分ける。,なし,なし,なし,なし,なし,なし,標準古語辞典・検定済み教科書（複数資料照合）,なし,なし
古文単語_単語Deck2_共通テスト・受験標準_300,CJ-000356,356,単語Deck2_共通テスト・受験標準,語彙,標準形容動詞,あららかなり,あららかなり,なし,形容動詞,品詞=形容動詞,CJ-000356-C01,meaning,重要語義1,あららかなり,荒々しい,荒々しい｜粗野だ,古文で「荒々しい」を表す基本語義。,なし,なし,なし,なし,なし,なし,標準古語辞典・検定済み教科書（複数資料照合）,なし,なし
古文単語_単語Deck2_共通テスト・受験標準_300,CJ-000357,357,単語Deck2_共通テスト・受験標準,語彙,標準形容詞,こちなし,こちなし,なし,形容詞,品詞=形容詞,CJ-000357-C01,meaning,重要語義1,こちなし,無骨だ,無骨だ｜風流でない,古文で「無骨だ」を表す語義。文脈に応じて他の重要語義と訳し分ける。,なし,なし,なし,なし,なし,なし,標準古語辞典・検定済み教科書（複数資料照合）,なし,風流=ふうりゅう
古文単語_単語Deck2_共通テスト・受験標準_300,CJ-000357,357,単語Deck2_共通テスト・受験標準,語彙,標準形容詞,こちなし,こちなし,なし,形容詞,品詞=形容詞,CJ-000357-C02,meaning,重要語義2,こちなし,不器用だ,不器用だ｜洗練されていない,古文で「不器用だ」を表す語義。文脈に応じて他の重要語義と訳し分ける。,なし,なし,なし,なし,なし,なし,標準古語辞典・検定済み教科書（複数資料照合）,なし,なし
古文単語_単語Deck2_共通テスト・受験標準_300,CJ-000358,358,単語Deck2_共通テスト・受験標準,語彙,標準形容詞,さやけし,さやけし,清けし,形容詞,品詞=形容詞,CJ-000358-C01,meaning,重要語義1,さやけし,明るい,明るい｜澄んでいる,古文で「明るい」を表す語義。文脈に応じて他の重要語義と訳し分ける。,なし,なし,なし,なし,なし,なし,標準古語辞典・検定済み教科書（複数資料照合）,なし,なし
古文単語_単語Deck2_共通テスト・受験標準_300,CJ-000358,358,単語Deck2_共通テスト・受験標準,語彙,標準形容詞,さやけし,さやけし,清けし,形容詞,品詞=形容詞,CJ-000358-C02,meaning,重要語義2,さやけし,はっきりしている,はっきりしている｜明瞭だ,古文で「はっきりしている」を表す語義。文脈に応じて他の重要語義と訳し分ける。,なし,なし,なし,なし,なし,なし,標準古語辞典・検定済み教科書（複数資料照合）,なし,明瞭=めいりょう
古文単語_単語Deck2_共通テスト・受験標準_300,CJ-000359,359,単語Deck2_共通テスト・受験標準,語彙,標準形容詞,はれがまし,はれがまし,晴れがまし,形容詞,品詞=形容詞,CJ-000359-C01,meaning,重要語義1,はれがまし,晴れがましい,晴れがましい｜華やかだ,古文で「晴れがましい」を表す語義。文脈に応じて他の重要語義と訳し分ける。,なし,なし,なし,なし,なし,なし,標準古語辞典・検定済み教科書（複数資料照合）,なし,なし
古文単語_単語Deck2_共通テスト・受験標準_300,CJ-000359,359,単語Deck2_共通テスト・受験標準,語彙,標準形容詞,はれがまし,はれがまし,晴れがまし,形容詞,品詞=形容詞,CJ-000359-C02,meaning,重要語義2,はれがまし,人目が多く気が引ける,人目が多く気が引ける｜気恥ずかしい,古文で「人目が多く気が引ける」を表す語義。文脈に応じて他の重要語義と訳し分ける。,なし,なし,なし,なし,なし,なし,標準古語辞典・検定済み教科書（複数資料照合）,なし,なし
古文単語_単語Deck2_共通テスト・受験標準_300,CJ-000360,360,単語Deck2_共通テスト・受験標準,語彙,標準形容詞,かはゆし,かわゆし,かわゆし,形容詞,品詞=形容詞,CJ-000360-C01,meaning,重要語義1,かはゆし,気の毒だ,気の毒だ｜見ていられない,古文で「気の毒だ」を表す語義。文脈に応じて他の重要語義と訳し分ける。,なし,なし,なし,うつくし,「かはゆし」は気の毒・見ていられない意から、かわいらしい意へ広がる。,なし,標準古語辞典・検定済み教科書（複数資料照合）,なし,なし
古文単語_単語Deck2_共通テスト・受験標準_300,CJ-000360,360,単語Deck2_共通テスト・受験標準,語彙,標準形容詞,かはゆし,かわゆし,かわゆし,形容詞,品詞=形容詞,CJ-000360-C02,meaning,重要語義2,かはゆし,かわいらしい,かわいらしい｜愛らしい,古文で「かわいらしい」を表す語義。文脈に応じて他の重要語義と訳し分ける。,なし,なし,なし,うつくし,「かはゆし」は気の毒・見ていられない意から、かわいらしい意へ広がる。,なし,標準古語辞典・検定済み教科書（複数資料照合）,なし,なし
古文単語_単語Deck2_共通テスト・受験標準_300,CJ-000361,361,単語Deck2_共通テスト・受験標準,語彙,標準動詞,かいまみる,かいまみる,垣間見る,動詞,品詞=動詞,CJ-000361-C01,meaning,重要語義1,かいまみる,のぞき見る,のぞき見る｜物のすき間から見る,古文で「のぞき見る」を表す基本語義。,なし,なし,なし,なし,なし,なし,標準古語辞典・検定済み教科書（複数資料照合）,なし,なし
古文単語_単語Deck2_共通テスト・受験標準_300,CJ-000362,362,単語Deck2_共通テスト・受験標準,語彙,標準動詞,みゆ,みゆ,見ゆ,動詞,品詞=動詞,CJ-000362-C01,meaning,重要語義1,みゆ,見える,見える｜目に入る,古文で「見える」を表す語義。文脈に応じて他の重要語義と訳し分ける。,なし,なし,なし,みる,「みゆ」は見える・姿を見せる・結婚する。「みる」は見る・世話をする・結婚する。,なし,標準古語辞典・検定済み教科書（複数資料照合）,なし,なし
古文単語_単語Deck2_共通テスト・受験標準_300,CJ-000362,362,単語Deck2_共通テスト・受験標準,語彙,標準動詞,みゆ,みゆ,見ゆ,動詞,品詞=動詞,CJ-000362-C02,meaning,重要語義2,みゆ,姿を見せる,姿を見せる｜現れる,古文で「姿を見せる」を表す語義。文脈に応じて他の重要語義と訳し分ける。,なし,なし,なし,みる,「みゆ」は見える・姿を見せる・結婚する。「みる」は見る・世話をする・結婚する。,なし,標準古語辞典・検定済み教科書（複数資料照合）,なし,なし
古文単語_単語Deck2_共通テスト・受験標準_300,CJ-000362,362,単語Deck2_共通テスト・受験標準,語彙,標準動詞,みゆ,みゆ,見ゆ,動詞,品詞=動詞,CJ-000362-C03,meaning,重要語義3,みゆ,結婚する,結婚する｜妻になる,古文で「結婚する」を表す語義。文脈に応じて他の重要語義と訳し分ける。,なし,なし,なし,みる,「みゆ」は見える・姿を見せる・結婚する。「みる」は見る・世話をする・結婚する。,なし,標準古語辞典・検定済み教科書（複数資料照合）,なし,なし
古文単語_単語Deck2_共通テスト・受験標準_300,CJ-000363,363,単語Deck2_共通テスト・受験標準,語彙,標準動詞,みす,みす,見す,動詞,品詞=動詞,CJ-000363-C01,meaning,重要語義1,みす,見せる,見せる｜人に見せる,古文で「見せる」を表す語義。文脈に応じて他の重要語義と訳し分ける。,なし,なし,なし,みゆ,「みす」は他動詞で見せる・結婚させる。「みゆ」は見える・結婚する。,なし,標準古語辞典・検定済み教科書（複数資料照合）,なし,なし
古文単語_単語Deck2_共通テスト・受験標準_300,CJ-000363,363,単語Deck2_共通テスト・受験標準,語彙,標準動詞,みす,みす,見す,動詞,品詞=動詞,CJ-000363-C02,meaning,重要語義2,みす,結婚させる,結婚させる｜妻を持たせる,古文で「結婚させる」を表す語義。文脈に応じて他の重要語義と訳し分ける。,なし,なし,なし,みゆ,「みす」は他動詞で見せる・結婚させる。「みゆ」は見える・結婚する。,なし,標準古語辞典・検定済み教科書（複数資料照合）,なし,なし
古文単語_単語Deck2_共通テスト・受験標準_300,CJ-000364,364,単語Deck2_共通テスト・受験標準,語彙,標準動詞,おこなふ,おこなう,おこなう｜行ふ,動詞,品詞=動詞,CJ-000364-C01,meaning,重要語義1,おこなふ,仏道修行をする,仏道修行をする｜勤行する,古文で「仏道修行をする」を表す基本語義。,なし,なし,なし,現代語の「行う」,古文では特に仏道修行・勤行の意味が重要。,なし,標準古語辞典・検定済み教科書（複数資料照合）,なし,勤行=ごんぎょう
古文単語_単語Deck2_共通テスト・受験標準_300,CJ-000365,365,単語Deck2_共通テスト・受験標準,語彙,標準動詞,こたふ,こたう,こたう｜答ふ,動詞,品詞=動詞,CJ-000365-C01,meaning,重要語義1,こたふ,返事をする,返事をする｜答える,古文で「返事をする」を表す語義。文脈に応じて他の重要語義と訳し分ける。,なし,なし,なし,なし,なし,なし,標準古語辞典・検定済み教科書（複数資料照合）,なし,なし
古文単語_単語Deck2_共通テスト・受験標準_300,CJ-000365,365,単語Deck2_共通テスト・受験標準,語彙,標準動詞,こたふ,こたう,こたう｜答ふ,動詞,品詞=動詞,CJ-000365-C02,meaning,重要語義2,こたふ,応じる,応じる｜反応する,古文で「応じる」を表す語義。文脈に応じて他の重要語義と訳し分ける。,なし,なし,なし,なし,なし,なし,標準古語辞典・検定済み教科書（複数資料照合）,なし,なし
古文単語_単語Deck2_共通テスト・受験標準_300,CJ-000366,366,単語Deck2_共通テスト・受験標準,語彙,標準動詞,あらがふ,あらがう,あらがう,動詞,品詞=動詞,CJ-000366-C01,meaning,重要語義1,あらがふ,争う,争う｜抵抗する,古文で「争う」を表す語義。文脈に応じて他の重要語義と訳し分ける。,なし,なし,なし,なし,なし,なし,標準古語辞典・検定済み教科書（複数資料照合）,なし,なし
古文単語_単語Deck2_共通テスト・受験標準_300,CJ-000366,366,単語Deck2_共通テスト・受験標準,語彙,標準動詞,あらがふ,あらがう,あらがう,動詞,品詞=動詞,CJ-000366-C02,meaning,重要語義2,あらがふ,反論する,反論する｜言い返す,古文で「反論する」を表す語義。文脈に応じて他の重要語義と訳し分ける。,なし,なし,なし,なし,なし,なし,標準古語辞典・検定済み教科書（複数資料照合）,なし,なし
古文単語_単語Deck2_共通テスト・受験標準_300,CJ-000367,367,単語Deck2_共通テスト・受験標準,語彙,標準動詞,あらます,あらます,なし,動詞,品詞=動詞,CJ-000367-C01,meaning,重要語義1,あらます,予想する,予想する｜前もって思う,古文で「予想する」を表す語義。文脈に応じて他の重要語義と訳し分ける。,なし,なし,なし,なし,なし,なし,標準古語辞典・検定済み教科書（複数資料照合）,なし,なし
古文単語_単語Deck2_共通テスト・受験標準_300,CJ-000367,367,単語Deck2_共通テスト・受験標準,語彙,標準動詞,あらます,あらます,なし,動詞,品詞=動詞,CJ-000367-C02,meaning,重要語義2,あらます,計画する,計画する｜心づもりをする,古文で「計画する」を表す語義。文脈に応じて他の重要語義と訳し分ける。,なし,なし,なし,なし,なし,なし,標準古語辞典・検定済み教科書（複数資料照合）,なし,なし
古文単語_単語Deck2_共通テスト・受験標準_300,CJ-000368,368,単語Deck2_共通テスト・受験標準,語彙,標準動詞,あへしらふ,あえしらう,あえしらう,動詞,品詞=動詞,CJ-000368-C01,meaning,重要語義1,あへしらふ,応対する,応対する｜受け答えする,古文で「応対する」を表す語義。文脈に応じて他の重要語義と訳し分ける。,なし,なし,なし,なし,なし,なし,標準古語辞典・検定済み教科書（複数資料照合）,なし,なし
古文単語_単語Deck2_共通テスト・受験標準_300,CJ-000368,368,単語Deck2_共通テスト・受験標準,語彙,標準動詞,あへしらふ,あえしらう,あえしらう,動詞,品詞=動詞,CJ-000368-C02,meaning,重要語義2,あへしらふ,適当に扱う,適当に扱う｜あしらう,古文で「適当に扱う」を表す語義。文脈に応じて他の重要語義と訳し分ける。,なし,なし,なし,なし,なし,なし,標準古語辞典・検定済み教科書（複数資料照合）,なし,なし
古文単語_単語Deck2_共通テスト・受験標準_300,CJ-000369,369,単語Deck2_共通テスト・受験標準,語彙,標準動詞,あなづる,あなどる,あなどる｜侮る,動詞,品詞=動詞,CJ-000369-C01,meaning,重要語義1,あなづる,軽蔑する,軽蔑する｜見下す｜侮る,古文で「軽蔑する」を表す基本語義。,なし,なし,なし,なし,なし,なし,標準古語辞典・検定済み教科書（複数資料照合）,なし,軽蔑=けいべつ｜侮る=あなどる
古文単語_単語Deck2_共通テスト・受験標準_300,CJ-000370,370,単語Deck2_共通テスト・受験標準,語彙,標準動詞,いなぶ,いなぶ,否ぶ,動詞,品詞=動詞,CJ-000370-C01,meaning,重要語義1,いなぶ,断る,断る｜拒む,古文で「断る」を表す基本語義。,なし,なし,なし,なし,なし,なし,標準古語辞典・検定済み教科書（複数資料照合）,なし,なし
古文単語_単語Deck2_共通テスト・受験標準_300,CJ-000371,371,単語Deck2_共通テスト・受験標準,語彙,標準動詞,うす,うす,失す,動詞,品詞=動詞,CJ-000371-C01,meaning,重要語義1,うす,消える,消える｜なくなる,古文で「消える」を表す語義。文脈に応じて他の重要語義と訳し分ける。,なし,なし,なし,なし,なし,なし,標準古語辞典・検定済み教科書（複数資料照合）,なし,なし
古文単語_単語Deck2_共通テスト・受験標準_300,CJ-000371,371,単語Deck2_共通テスト・受験標準,語彙,標準動詞,うす,うす,失す,動詞,品詞=動詞,CJ-000371-C02,meaning,重要語義2,うす,死ぬ,死ぬ｜亡くなる,古文で「死ぬ」を表す語義。文脈に応じて他の重要語義と訳し分ける。,なし,なし,なし,なし,なし,なし,標準古語辞典・検定済み教科書（複数資料照合）,なし,なし
古文単語_単語Deck2_共通テスト・受験標準_300,CJ-000372,372,単語Deck2_共通テスト・受験標準,語彙,標準動詞,おとなふ,おとなう,おとなう｜訪ふ,動詞,品詞=動詞,CJ-000372-C01,meaning,重要語義1,おとなふ,訪れる,訪れる｜訪問する,古文で「訪れる」を表す語義。文脈に応じて他の重要語義と訳し分ける。,なし,なし,なし,なし,なし,なし,標準古語辞典・検定済み教科書（複数資料照合）,なし,なし
古文単語_単語Deck2_共通テスト・受験標準_300,CJ-000372,372,単語Deck2_共通テスト・受験標準,語彙,標準動詞,おとなふ,おとなう,おとなう｜訪ふ,動詞,品詞=動詞,CJ-000372-C02,meaning,重要語義2,おとなふ,音を立てる,音を立てる｜声をかける,古文で「音を立てる」を表す語義。文脈に応じて他の重要語義と訳し分ける。,なし,なし,なし,なし,なし,なし,標準古語辞典・検定済み教科書（複数資料照合）,なし,なし
古文単語_単語Deck2_共通テスト・受験標準_300,CJ-000373,373,単語Deck2_共通テスト・受験標準,語彙,標準動詞,およすぐ,およすぐ,なし,動詞,品詞=動詞,CJ-000373-C01,meaning,重要語義1,およすぐ,成長する,成長する｜大きくなる,古文で「成長する」を表す語義。文脈に応じて他の重要語義と訳し分ける。,なし,なし,なし,なし,なし,なし,標準古語辞典・検定済み教科書（複数資料照合）,なし,なし
古文単語_単語Deck2_共通テスト・受験標準_300,CJ-000373,373,単語Deck2_共通テスト・受験標準,語彙,標準動詞,およすぐ,およすぐ,なし,動詞,品詞=動詞,CJ-000373-C02,meaning,重要語義2,およすぐ,大人びる,大人びる｜ませる,古文で「大人びる」を表す語義。文脈に応じて他の重要語義と訳し分ける。,なし,なし,なし,なし,なし,なし,標準古語辞典・検定済み教科書（複数資料照合）,なし,なし
古文単語_単語Deck2_共通テスト・受験標準_300,CJ-000374,374,単語Deck2_共通テスト・受験標準,語彙,標準動詞,かへりみる,かえりみる,かえりみる｜顧みる,動詞,品詞=動詞,CJ-000374-C01,meaning,重要語義1,かへりみる,振り返る,振り返る｜後ろを見る,古文で「振り返る」を表す語義。文脈に応じて他の重要語義と訳し分ける。,なし,なし,なし,なし,なし,なし,標準古語辞典・検定済み教科書（複数資料照合）,なし,なし
古文単語_単語Deck2_共通テスト・受験標準_300,CJ-000374,374,単語Deck2_共通テスト・受験標準,語彙,標準動詞,かへりみる,かえりみる,かえりみる｜顧みる,動詞,品詞=動詞,CJ-000374-C02,meaning,重要語義2,かへりみる,気にかける,気にかける｜心配する,古文で「気にかける」を表す語義。文脈に応じて他の重要語義と訳し分ける。,なし,なし,なし,なし,なし,なし,標準古語辞典・検定済み教科書（複数資料照合）,なし,なし
古文単語_単語Deck2_共通テスト・受験標準_300,CJ-000375,375,単語Deck2_共通テスト・受験標準,語彙,標準動詞,きはむ,きわむ,きわむ｜極む,動詞,品詞=動詞,CJ-000375-C01,meaning,重要語義1,きはむ,果てる,果てる｜終わる,古文で「果てる」を表す語義。文脈に応じて他の重要語義と訳し分ける。,なし,なし,なし,なし,なし,なし,標準古語辞典・検定済み教科書（複数資料照合）,なし,なし
古文単語_単語Deck2_共通テスト・受験標準_300,CJ-000375,375,単語Deck2_共通テスト・受験標準,語彙,標準動詞,きはむ,きわむ,きわむ｜極む,動詞,品詞=動詞,CJ-000375-C02,meaning,重要語義2,きはむ,極める,極める｜限界まで達する,古文で「極める」を表す語義。文脈に応じて他の重要語義と訳し分ける。,なし,なし,なし,なし,なし,なし,標準古語辞典・検定済み教科書（複数資料照合）,なし,なし
古文単語_単語Deck2_共通テスト・受験標準_300,CJ-000376,376,単語Deck2_共通テスト・受験標準,語彙,標準動詞,くんず,くんず,屈ず,動詞,品詞=動詞,CJ-000376-C01,meaning,重要語義1,くんず,ふさぎ込む,ふさぎ込む｜気落ちする,古文で「ふさぎ込む」を表す基本語義。,なし,なし,なし,なし,なし,なし,標準古語辞典・検定済み教科書（複数資料照合）,なし,なし
古文単語_単語Deck2_共通テスト・受験標準_300,CJ-000377,377,単語Deck2_共通テスト・受験標準,語彙,標準動詞,けしきばむ,けしきばむ,なし,動詞,品詞=動詞,CJ-000377-C01,meaning,重要語義1,けしきばむ,様子を見せる,様子を見せる｜態度に出す,古文で「様子を見せる」を表す語義。文脈に応じて他の重要語義と訳し分ける。,なし,なし,なし,けしき,「けしき」は様子・意向、「けしきばむ」はそれを態度に表す。,なし,標準古語辞典・検定済み教科書（複数資料照合）,なし,なし
古文単語_単語Deck2_共通テスト・受験標準_300,CJ-000377,377,単語Deck2_共通テスト・受験標準,語彙,標準動詞,けしきばむ,けしきばむ,なし,動詞,品詞=動詞,CJ-000377-C02,meaning,重要語義2,けしきばむ,意向をほのめかす,意向をほのめかす｜気持ちをにおわせる,古文で「意向をほのめかす」を表す語義。文脈に応じて他の重要語義と訳し分ける。,なし,なし,なし,けしき,「けしき」は様子・意向、「けしきばむ」はそれを態度に表す。,なし,標準古語辞典・検定済み教科書（複数資料照合）,なし,なし
古文単語_単語Deck2_共通テスト・受験標準_300,CJ-000378,378,単語Deck2_共通テスト・受験標準,語彙,標準動詞,さすらふ,さすらう,さすらう,動詞,品詞=動詞,CJ-000378-C01,meaning,重要語義1,さすらふ,さまよう,さまよう｜あてもなく歩く,古文で「さまよう」を表す語義。文脈に応じて他の重要語義と訳し分ける。,なし,なし,なし,なし,なし,なし,標準古語辞典・検定済み教科書（複数資料照合）,なし,なし
古文単語_単語Deck2_共通テスト・受験標準_300,CJ-000378,378,単語Deck2_共通テスト・受験標準,語彙,標準動詞,さすらふ,さすらう,さすらう,動詞,品詞=動詞,CJ-000378-C02,meaning,重要語義2,さすらふ,落ちぶれる,落ちぶれる｜漂泊する,古文で「落ちぶれる」を表す語義。文脈に応じて他の重要語義と訳し分ける。,なし,なし,なし,なし,なし,なし,標準古語辞典・検定済み教科書（複数資料照合）,なし,なし
古文単語_単語Deck2_共通テスト・受験標準_300,CJ-000379,379,単語Deck2_共通テスト・受験標準,語彙,標準動詞,したふ,したう,したう｜慕ふ,動詞,品詞=動詞,CJ-000379-C01,meaning,重要語義1,したふ,慕う,慕う｜恋しく思う,古文で「慕う」を表す語義。文脈に応じて他の重要語義と訳し分ける。,なし,なし,なし,なし,なし,なし,標準古語辞典・検定済み教科書（複数資料照合）,なし,なし
古文単語_単語Deck2_共通テスト・受験標準_300,CJ-000379,379,単語Deck2_共通テスト・受験標準,語彙,標準動詞,したふ,したう,したう｜慕ふ,動詞,品詞=動詞,CJ-000379-C02,meaning,重要語義2,したふ,後を追う,後を追う｜ついて行く,古文で「後を追う」を表す語義。文脈に応じて他の重要語義と訳し分ける。,なし,なし,なし,なし,なし,なし,標準古語辞典・検定済み教科書（複数資料照合）,なし,なし
古文単語_単語Deck2_共通テスト・受験標準_300,CJ-000380,380,単語Deck2_共通テスト・受験標準,語彙,標準動詞,たどる,たどる,なし,動詞,品詞=動詞,CJ-000380-C01,meaning,重要語義1,たどる,道を探す,道を探す｜手探りで進む,古文で「道を探す」を表す語義。文脈に応じて他の重要語義と訳し分ける。,なし,なし,なし,なし,なし,なし,標準古語辞典・検定済み教科書（複数資料照合）,なし,なし
古文単語_単語Deck2_共通テスト・受験標準_300,CJ-000380,380,単語Deck2_共通テスト・受験標準,語彙,標準動詞,たどる,たどる,なし,動詞,品詞=動詞,CJ-000380-C02,meaning,重要語義2,たどる,思案しながら進む,思案しながら進む｜たどたどしく進む,古文で「思案しながら進む」を表す語義。文脈に応じて他の重要語義と訳し分ける。,なし,なし,なし,なし,なし,なし,標準古語辞典・検定済み教科書（複数資料照合）,なし,なし
古文単語_単語Deck2_共通テスト・受験標準_300,CJ-000381,381,単語Deck2_共通テスト・受験標準,語彙,標準動詞,たふ,たう,堪ふ,動詞,品詞=動詞,CJ-000381-C01,meaning,重要語義1,たふ,耐える,耐える｜我慢する,古文で「耐える」を表す語義。文脈に応じて他の重要語義と訳し分ける。,なし,なし,なし,たのもし,「たふ」は耐える・能力がある動詞。,なし,標準古語辞典・検定済み教科書（複数資料照合）,なし,なし
古文単語_単語Deck2_共通テスト・受験標準_300,CJ-000381,381,単語Deck2_共通テスト・受験標準,語彙,標準動詞,たふ,たう,堪ふ,動詞,品詞=動詞,CJ-000381-C02,meaning,重要語義2,たふ,能力がある,能力がある｜〜することができる,古文で「能力がある」を表す語義。文脈に応じて他の重要語義と訳し分ける。,なし,なし,なし,たのもし,「たふ」は耐える・能力がある動詞。,なし,標準古語辞典・検定済み教科書（複数資料照合）,なし,なし
古文単語_単語Deck2_共通テスト・受験標準_300,CJ-000382,382,単語Deck2_共通テスト・受験標準,語彙,標準動詞,つとむ,つとむ,努む,動詞,品詞=動詞,CJ-000382-C01,meaning,重要語義1,つとむ,努力する,努力する｜励む,古文で「努力する」を表す語義。文脈に応じて他の重要語義と訳し分ける。,なし,なし,なし,なし,なし,なし,標準古語辞典・検定済み教科書（複数資料照合）,なし,なし
古文単語_単語Deck2_共通テスト・受験標準_300,CJ-000382,382,単語Deck2_共通テスト・受験標準,語彙,標準動詞,つとむ,つとむ,努む,動詞,品詞=動詞,CJ-000382-C02,meaning,重要語義2,つとむ,勤める,勤める｜役目を果たす,古文で「勤める」を表す語義。文脈に応じて他の重要語義と訳し分ける。,なし,なし,なし,なし,なし,なし,標準古語辞典・検定済み教科書（複数資料照合）,なし,なし
古文単語_単語Deck2_共通テスト・受験標準_300,CJ-000383,383,単語Deck2_共通テスト・受験標準,語彙,標準動詞,とまる,とまる,留まる,動詞,品詞=動詞,CJ-000383-C01,meaning,重要語義1,とまる,残る,残る｜その場にとどまる,古文で「残る」を表す語義。文脈に応じて他の重要語義と訳し分ける。,なし,なし,なし,なし,なし,なし,標準古語辞典・検定済み教科書（複数資料照合）,なし,なし
古文単語_単語Deck2_共通テスト・受験標準_300,CJ-000383,383,単語Deck2_共通テスト・受験標準,語彙,標準動詞,とまる,とまる,留まる,動詞,品詞=動詞,CJ-000383-C02,meaning,重要語義2,とまる,心が引かれる,心が引かれる｜気に留まる,古文で「心が引かれる」を表す語義。文脈に応じて他の重要語義と訳し分ける。,なし,なし,なし,なし,なし,なし,標準古語辞典・検定済み教科書（複数資料照合）,なし,なし
古文単語_単語Deck2_共通テスト・受験標準_300,CJ-000384,384,単語Deck2_共通テスト・受験標準,語彙,標準動詞,なぐ,なぐ,和ぐ,動詞,品詞=動詞,CJ-000384-C01,meaning,重要語義1,なぐ,心が晴れる,心が晴れる｜気持ちが和らぐ,古文で「心が晴れる」を表す基本語義。,なし,なし,なし,なし,なし,なし,標準古語辞典・検定済み教科書（複数資料照合）,なし,なし
古文単語_単語Deck2_共通テスト・受験標準_300,CJ-000385,385,単語Deck2_共通テスト・受験標準,語彙,標準動詞,はかる,はかる,謀る｜計る,動詞,品詞=動詞,CJ-000385-C01,meaning,重要語義1,はかる,相談する,相談する｜話し合う,古文で「相談する」を表す語義。文脈に応じて他の重要語義と訳し分ける。,なし,なし,なし,たばかる,「はかる」は相談・計画、「たばかる」は工夫・だます。,なし,標準古語辞典・検定済み教科書（複数資料照合）,なし,なし
古文単語_単語Deck2_共通テスト・受験標準_300,CJ-000385,385,単語Deck2_共通テスト・受験標準,語彙,標準動詞,はかる,はかる,謀る｜計る,動詞,品詞=動詞,CJ-000385-C02,meaning,重要語義2,はかる,計画する,計画する｜工夫する,古文で「計画する」を表す語義。文脈に応じて他の重要語義と訳し分ける。,なし,なし,なし,たばかる,「はかる」は相談・計画、「たばかる」は工夫・だます。,なし,標準古語辞典・検定済み教科書（複数資料照合）,なし,なし
古文単語_単語Deck2_共通テスト・受験標準_300,CJ-000386,386,単語Deck2_共通テスト・受験標準,語彙,標準動詞,ひきつくろふ,ひきつくろう,ひきつくろう｜引き繕ふ,動詞,品詞=動詞,CJ-000386-C01,meaning,重要語義1,ひきつくろふ,整える,整える｜身なりを直す,古文で「整える」を表す語義。文脈に応じて他の重要語義と訳し分ける。,なし,なし,なし,なし,なし,なし,標準古語辞典・検定済み教科書（複数資料照合）,なし,なし
古文単語_単語Deck2_共通テスト・受験標準_300,CJ-000386,386,単語Deck2_共通テスト・受験標準,語彙,標準動詞,ひきつくろふ,ひきつくろう,ひきつくろう｜引き繕ふ,動詞,品詞=動詞,CJ-000386-C02,meaning,重要語義2,ひきつくろふ,取り繕う,取り繕う｜体裁を整える,古文で「取り繕う」を表す語義。文脈に応じて他の重要語義と訳し分ける。,なし,なし,なし,なし,なし,なし,標準古語辞典・検定済み教科書（複数資料照合）,なし,なし
古文単語_単語Deck2_共通テスト・受験標準_300,CJ-000387,387,単語Deck2_共通テスト・受験標準,語彙,標準動詞,ほのめかす,ほのめかす,なし,動詞,品詞=動詞,CJ-000387-C01,meaning,重要語義1,ほのめかす,かすかに見せる,かすかに見せる｜ちらりと示す,古文で「かすかに見せる」を表す語義。文脈に応じて他の重要語義と訳し分ける。,なし,なし,なし,なし,なし,なし,標準古語辞典・検定済み教科書（複数資料照合）,なし,なし
古文単語_単語Deck2_共通テスト・受験標準_300,CJ-000387,387,単語Deck2_共通テスト・受験標準,語彙,標準動詞,ほのめかす,ほのめかす,なし,動詞,品詞=動詞,CJ-000387-C02,meaning,重要語義2,ほのめかす,匂わせる,匂わせる｜暗示する,古文で「匂わせる」を表す語義。文脈に応じて他の重要語義と訳し分ける。,なし,なし,なし,なし,なし,なし,標準古語辞典・検定済み教科書（複数資料照合）,なし,なし
古文単語_単語Deck2_共通テスト・受験標準_300,CJ-000388,388,単語Deck2_共通テスト・受験標準,語彙,標準動詞,まじらふ,まじらう,まじらう｜交らふ,動詞,品詞=動詞,CJ-000388-C01,meaning,重要語義1,まじらふ,交際する,交際する｜人付き合いをする,古文で「交際する」を表す語義。文脈に応じて他の重要語義と訳し分ける。,なし,なし,なし,なし,なし,なし,標準古語辞典・検定済み教科書（複数資料照合）,なし,なし
古文単語_単語Deck2_共通テスト・受験標準_300,CJ-000388,388,単語Deck2_共通テスト・受験標準,語彙,標準動詞,まじらふ,まじらう,まじらう｜交らふ,動詞,品詞=動詞,CJ-000388-C02,meaning,重要語義2,まじらふ,宮仕えする,宮仕えする｜世間に出る,古文で「宮仕えする」を表す語義。文脈に応じて他の重要語義と訳し分ける。,なし,なし,なし,なし,なし,なし,標準古語辞典・検定済み教科書（複数資料照合）,なし,なし
古文単語_単語Deck2_共通テスト・受験標準_300,CJ-000389,389,単語Deck2_共通テスト・受験標準,語彙,標準動詞,むすぶ,むすぶ,結ぶ,動詞,品詞=動詞,CJ-000389-C01,meaning,重要語義1,むすぶ,結ぶ,結ぶ｜つなぐ,古文で「結ぶ」を表す語義。文脈に応じて他の重要語義と訳し分ける。,なし,なし,なし,なし,なし,なし,標準古語辞典・検定済み教科書（複数資料照合）,なし,なし
古文単語_単語Deck2_共通テスト・受験標準_300,CJ-000389,389,単語Deck2_共通テスト・受験標準,語彙,標準動詞,むすぶ,むすぶ,結ぶ,動詞,品詞=動詞,CJ-000389-C02,meaning,重要語義2,むすぶ,契る,契る｜約束する,古文で「契る」を表す語義。文脈に応じて他の重要語義と訳し分ける。,なし,なし,なし,なし,なし,なし,標準古語辞典・検定済み教科書（複数資料照合）,なし,なし
古文単語_単語Deck2_共通テスト・受験標準_300,CJ-000389,389,単語Deck2_共通テスト・受験標準,語彙,標準動詞,むすぶ,むすぶ,結ぶ,動詞,品詞=動詞,CJ-000389-C03,meaning,重要語義3,むすぶ,庵を作る,庵を作る｜草庵を構える,古文で「庵を作る」を表す語義。文脈に応じて他の重要語義と訳し分ける。,なし,なし,なし,なし,なし,なし,標準古語辞典・検定済み教科書（複数資料照合）,なし,なし
古文単語_単語Deck2_共通テスト・受験標準_300,CJ-000390,390,単語Deck2_共通テスト・受験標準,語彙,標準動詞,めぐる,めぐる,巡る,動詞,品詞=動詞,CJ-000390-C01,meaning,重要語義1,めぐる,巡る,巡る｜回る,古文で「巡る」を表す基本語義。,なし,なし,なし,なし,なし,なし,標準古語辞典・検定済み教科書（複数資料照合）,なし,なし
古文単語_単語Deck2_共通テスト・受験標準_300,CJ-000391,391,単語Deck2_共通テスト・受験標準,語彙,標準動詞,さそふ,さそう,さそう｜誘ふ,動詞,品詞=動詞,CJ-000391-C01,meaning,重要語義1,さそふ,誘う,誘う｜呼びかける,古文で「誘う」を表す語義。文脈に応じて他の重要語義と訳し分ける。,なし,なし,なし,なし,なし,なし,標準古語辞典・検定済み教科書（複数資料照合）,なし,なし
古文単語_単語Deck2_共通テスト・受験標準_300,CJ-000391,391,単語Deck2_共通テスト・受験標準,語彙,標準動詞,さそふ,さそう,さそう｜誘ふ,動詞,品詞=動詞,CJ-000391-C02,meaning,重要語義2,さそふ,連れていく,連れていく｜伴う,古文で「連れていく」を表す語義。文脈に応じて他の重要語義と訳し分ける。,なし,なし,なし,なし,なし,なし,標準古語辞典・検定済み教科書（複数資料照合）,なし,なし
古文単語_単語Deck2_共通テスト・受験標準_300,CJ-000392,392,単語Deck2_共通テスト・受験標準,語彙,標準動詞,なづらふ,なずらう,なずらう｜準ふ,動詞,品詞=動詞,CJ-000392-C01,meaning,重要語義1,なづらふ,同等に扱う,同等に扱う｜同じものとみなす,古文で「同等に扱う」を表す語義。文脈に応じて他の重要語義と訳し分ける。,なし,なし,なし,ならふ,「なづらふ」は同等に扱う・なぞらえる。「ならふ」は慣れる・習う。,なし,標準古語辞典・検定済み教科書（複数資料照合）,なし,なし
古文単語_単語Deck2_共通テスト・受験標準_300,CJ-000392,392,単語Deck2_共通テスト・受験標準,語彙,標準動詞,なづらふ,なずらう,なずらう｜準ふ,動詞,品詞=動詞,CJ-000392-C02,meaning,重要語義2,なづらふ,なぞらえる,なぞらえる｜比べる,古文で「なぞらえる」を表す語義。文脈に応じて他の重要語義と訳し分ける。,なし,なし,なし,ならふ,「なづらふ」は同等に扱う・なぞらえる。「ならふ」は慣れる・習う。,なし,標準古語辞典・検定済み教科書（複数資料照合）,なし,なし
古文単語_単語Deck2_共通テスト・受験標準_300,CJ-000393,393,単語Deck2_共通テスト・受験標準,語彙,標準動詞,なびく,なびく,靡く,動詞,品詞=動詞,CJ-000393-C01,meaning,重要語義1,なびく,従う,従う｜言いなりになる,古文で「従う」を表す語義。文脈に応じて他の重要語義と訳し分ける。,なし,なし,なし,なし,なし,なし,標準古語辞典・検定済み教科書（複数資料照合）,なし,なし
古文単語_単語Deck2_共通テスト・受験標準_300,CJ-000393,393,単語Deck2_共通テスト・受験標準,語彙,標準動詞,なびく,なびく,靡く,動詞,品詞=動詞,CJ-000393-C02,meaning,重要語義2,なびく,心を寄せる,心を寄せる｜相手になびく,古文で「心を寄せる」を表す語義。文脈に応じて他の重要語義と訳し分ける。,なし,なし,なし,なし,なし,なし,標準古語辞典・検定済み教科書（複数資料照合）,なし,なし
古文単語_単語Deck2_共通テスト・受験標準_300,CJ-000394,394,単語Deck2_共通テスト・受験標準,語彙,標準動詞,ひとりごつ,ひとりごつ,独り言つ,動詞,品詞=動詞,CJ-000394-C01,meaning,重要語義1,ひとりごつ,独り言を言う,独り言を言う｜ひとりでつぶやく,古文で「独り言を言う」を表す基本語義。,なし,なし,なし,なし,なし,なし,標準古語辞典・検定済み教科書（複数資料照合）,なし,なし
古文単語_単語Deck2_共通テスト・受験標準_300,CJ-000395,395,単語Deck2_共通テスト・受験標準,語彙,標準動詞,もてあそぶ,もてあそぶ,弄ぶ,動詞,品詞=動詞,CJ-000395-C01,meaning,重要語義1,もてあそぶ,賞美する,賞美する｜大切に扱う,古文で「賞美する」を表す語義。文脈に応じて他の重要語義と訳し分ける。,なし,なし,なし,なし,なし,なし,標準古語辞典・検定済み教科書（複数資料照合）,なし,なし
古文単語_単語Deck2_共通テスト・受験標準_300,CJ-000395,395,単語Deck2_共通テスト・受験標準,語彙,標準動詞,もてあそぶ,もてあそぶ,弄ぶ,動詞,品詞=動詞,CJ-000395-C02,meaning,重要語義2,もてあそぶ,慰みとする,慰みとする｜遊びの対象にする,古文で「慰みとする」を表す語義。文脈に応じて他の重要語義と訳し分ける。,なし,なし,なし,なし,なし,なし,標準古語辞典・検定済み教科書（複数資料照合）,なし,慰み=なぐさみ
古文単語_単語Deck2_共通テスト・受験標準_300,CJ-000396,396,単語Deck2_共通テスト・受験標準,語彙,標準動詞,わななく,わななく,戦慄く,動詞,品詞=動詞,CJ-000396-C01,meaning,重要語義1,わななく,震える,震える｜わなわなする,古文で「震える」を表す基本語義。,なし,なし,なし,なし,なし,なし,標準古語辞典・検定済み教科書（複数資料照合）,なし,なし
古文単語_単語Deck2_共通テスト・受験標準_300,CJ-000397,397,単語Deck2_共通テスト・受験標準,語彙,標準動詞,あきらむ,あきらむ,明らむ,動詞,品詞=動詞,CJ-000397-C01,meaning,重要語義1,あきらむ,明らかにする,明らかにする｜事情をはっきりさせる,古文で「明らかにする」を表す語義。文脈に応じて他の重要語義と訳し分ける。,なし,なし,なし,現代語の「あきらめる」,古文では「明らかにする・事情を説明する」。,なし,標準古語辞典・検定済み教科書（複数資料照合）,なし,なし
古文単語_単語Deck2_共通テスト・受験標準_300,CJ-000397,397,単語Deck2_共通テスト・受験標準,語彙,標準動詞,あきらむ,あきらむ,明らむ,動詞,品詞=動詞,CJ-000397-C02,meaning,重要語義2,あきらむ,事情を説明する,事情を説明する｜釈明する,古文で「事情を説明する」を表す語義。文脈に応じて他の重要語義と訳し分ける。,なし,なし,なし,現代語の「あきらめる」,古文では「明らかにする・事情を説明する」。,なし,標準古語辞典・検定済み教科書（複数資料照合）,なし,釈明=しゃくめい
古文単語_単語Deck2_共通テスト・受験標準_300,CJ-000398,398,単語Deck2_共通テスト・受験標準,語彙,標準動詞,あつかふ,あつかう,あつかう｜扱ふ,動詞,品詞=動詞,CJ-000398-C01,meaning,重要語義1,あつかふ,世話をする,世話をする｜面倒を見る,古文で「世話をする」を表す語義。文脈に応じて他の重要語義と訳し分ける。,なし,なし,なし,なし,なし,なし,標準古語辞典・検定済み教科書（複数資料照合）,なし,なし
古文単語_単語Deck2_共通テスト・受験標準_300,CJ-000398,398,単語Deck2_共通テスト・受験標準,語彙,標準動詞,あつかふ,あつかう,あつかう｜扱ふ,動詞,品詞=動詞,CJ-000398-C02,meaning,重要語義2,あつかふ,扱う,扱う｜取り計らう,古文で「扱う」を表す語義。文脈に応じて他の重要語義と訳し分ける。,なし,なし,なし,なし,なし,なし,標準古語辞典・検定済み教科書（複数資料照合）,なし,なし
古文単語_単語Deck2_共通テスト・受験標準_300,CJ-000399,399,単語Deck2_共通テスト・受験標準,語彙,標準動詞,うらむ,うらむ,恨む,動詞,品詞=動詞,CJ-000399-C01,meaning,重要語義1,うらむ,恨む,恨む｜相手をうらめしく思う,古文で「恨む」を表す語義。文脈に応じて他の重要語義と訳し分ける。,なし,なし,なし,なし,なし,なし,標準古語辞典・検定済み教科書（複数資料照合）,なし,なし
古文単語_単語Deck2_共通テスト・受験標準_300,CJ-000399,399,単語Deck2_共通テスト・受験標準,語彙,標準動詞,うらむ,うらむ,恨む,動詞,品詞=動詞,CJ-000399-C02,meaning,重要語義2,うらむ,心残りに思う,心残りに思う｜残念に思う,古文で「心残りに思う」を表す語義。文脈に応じて他の重要語義と訳し分ける。,なし,なし,なし,なし,なし,なし,標準古語辞典・検定済み教科書（複数資料照合）,なし,なし
古文単語_単語Deck2_共通テスト・受験標準_300,CJ-000400,400,単語Deck2_共通テスト・受験標準,語彙,標準動詞,こころみる,こころみる,試みる,動詞,品詞=動詞,CJ-000400-C01,meaning,重要語義1,こころみる,試す,試す｜実際にやってみる,古文で「試す」を表す基本語義。,なし,なし,なし,なし,なし,なし,標準古語辞典・検定済み教科書（複数資料照合）,なし,なし
古文単語_単語Deck2_共通テスト・受験標準_300,CJ-000401,401,単語Deck2_共通テスト・受験標準,語彙,標準動詞,さしぐむ,さしぐむ,差し含む,動詞,品詞=動詞,CJ-000401-C01,meaning,重要語義1,さしぐむ,涙ぐむ,涙ぐむ｜目に涙を浮かべる,古文で「涙ぐむ」を表す基本語義。,なし,なし,なし,なし,なし,なし,標準古語辞典・検定済み教科書（複数資料照合）,なし,なし
古文単語_単語Deck2_共通テスト・受験標準_300,CJ-000402,402,単語Deck2_共通テスト・受験標準,語彙,標準動詞,しづむ,しずむ,しずむ｜沈む,動詞,品詞=動詞,CJ-000402-C01,meaning,重要語義1,しづむ,沈む,沈む｜下に落ちる,古文で「沈む」を表す語義。文脈に応じて他の重要語義と訳し分ける。,なし,なし,なし,なし,なし,なし,標準古語辞典・検定済み教科書（複数資料照合）,なし,なし
古文単語_単語Deck2_共通テスト・受験標準_300,CJ-000402,402,単語Deck2_共通テスト・受験標準,語彙,標準動詞,しづむ,しずむ,しずむ｜沈む,動詞,品詞=動詞,CJ-000402-C02,meaning,重要語義2,しづむ,落胆する,落胆する｜気落ちする,古文で「落胆する」を表す語義。文脈に応じて他の重要語義と訳し分ける。,なし,なし,なし,なし,なし,なし,標準古語辞典・検定済み教科書（複数資料照合）,なし,なし
古文単語_単語Deck2_共通テスト・受験標準_300,CJ-000403,403,単語Deck2_共通テスト・受験標準,語彙,標準動詞,たちまさる,たちまさる,立ち勝る,動詞,品詞=動詞,CJ-000403-C01,meaning,重要語義1,たちまさる,優れる,優れる｜一段上である,古文で「優れる」を表す基本語義。,なし,なし,なし,なし,なし,なし,標準古語辞典・検定済み教科書（複数資料照合）,なし,なし
古文単語_単語Deck2_共通テスト・受験標準_300,CJ-000404,404,単語Deck2_共通テスト・受験標準,語彙,標準動詞,ねびゆく,ねびゆく,なし,動詞,品詞=動詞,CJ-000404-C01,meaning,重要語義1,ねびゆく,成長する,成長する｜大人になる,古文で「成長する」を表す語義。文脈に応じて他の重要語義と訳し分ける。,なし,なし,なし,なし,なし,なし,標準古語辞典・検定済み教科書（複数資料照合）,なし,なし
古文単語_単語Deck2_共通テスト・受験標準_300,CJ-000404,404,単語Deck2_共通テスト・受験標準,語彙,標準動詞,ねびゆく,ねびゆく,なし,動詞,品詞=動詞,CJ-000404-C02,meaning,重要語義2,ねびゆく,年を取る,年を取る｜老成する,古文で「年を取る」を表す語義。文脈に応じて他の重要語義と訳し分ける。,なし,なし,なし,なし,なし,なし,標準古語辞典・検定済み教科書（複数資料照合）,なし,老成=ろうせい
古文単語_単語Deck2_共通テスト・受験標準_300,CJ-000405,405,単語Deck2_共通テスト・受験標準,語彙,標準動詞,のがる,のがる,逃る,動詞,品詞=動詞,CJ-000405-C01,meaning,重要語義1,のがる,逃れる,逃れる｜免れる,古文で「逃れる」を表す基本語義。,なし,なし,なし,なし,なし,なし,標準古語辞典・検定済み教科書（複数資料照合）,なし,なし
古文単語_単語Deck2_共通テスト・受験標準_300,CJ-000406,406,単語Deck2_共通テスト・受験標準,語彙,標準動詞,はづる,はずる,はずる｜恥づる,動詞,品詞=動詞,CJ-000406-C01,meaning,重要語義1,はづる,恥じる,恥じる｜恥ずかしく思う,古文で「恥じる」を表す語義。文脈に応じて他の重要語義と訳し分ける。,なし,なし,なし,現代語の「外れる」,古文の「恥づる」は恥じる・遠慮する。,なし,標準古語辞典・検定済み教科書（複数資料照合）,なし,なし
古文単語_単語Deck2_共通テスト・受験標準_300,CJ-000406,406,単語Deck2_共通テスト・受験標準,語彙,標準動詞,はづる,はずる,はずる｜恥づる,動詞,品詞=動詞,CJ-000406-C02,meaning,重要語義2,はづる,避ける,避ける｜遠慮する,古文で「避ける」を表す語義。文脈に応じて他の重要語義と訳し分ける。,なし,なし,なし,現代語の「外れる」,古文の「恥づる」は恥じる・遠慮する。,なし,標準古語辞典・検定済み教科書（複数資料照合）,なし,なし
古文単語_単語Deck2_共通テスト・受験標準_300,CJ-000407,407,単語Deck2_共通テスト・受験標準,語彙,標準動詞,ほころぶ,ほころぶ,綻ぶ,動詞,品詞=動詞,CJ-000407-C01,meaning,重要語義1,ほころぶ,ほつれる,ほつれる｜縫い目がほどける,古文で「ほつれる」を表す語義。文脈に応じて他の重要語義と訳し分ける。,なし,なし,なし,なし,なし,なし,標準古語辞典・検定済み教科書（複数資料照合）,なし,なし
古文単語_単語Deck2_共通テスト・受験標準_300,CJ-000407,407,単語Deck2_共通テスト・受験標準,語彙,標準動詞,ほころぶ,ほころぶ,綻ぶ,動詞,品詞=動詞,CJ-000407-C02,meaning,重要語義2,ほころぶ,笑顔になる,笑顔になる｜口元がゆるむ,古文で「笑顔になる」を表す語義。文脈に応じて他の重要語義と訳し分ける。,なし,なし,なし,なし,なし,なし,標準古語辞典・検定済み教科書（複数資料照合）,なし,なし
古文単語_単語Deck2_共通テスト・受験標準_300,CJ-000408,408,単語Deck2_共通テスト・受験標準,語彙,標準動詞,まどろむ,まどろむ,微睡む,動詞,品詞=動詞,CJ-000408-C01,meaning,重要語義1,まどろむ,うとうとする,うとうとする｜少し眠る,古文で「うとうとする」を表す基本語義。,なし,なし,なし,なし,なし,なし,標準古語辞典・検定済み教科書（複数資料照合）,なし,なし
古文単語_単語Deck2_共通テスト・受験標準_300,CJ-000409,409,単語Deck2_共通テスト・受験標準,語彙,標準動詞,よそほふ,よそおう,よそおう｜装ふ,動詞,品詞=動詞,CJ-000409-C01,meaning,重要語義1,よそほふ,装う,装う｜身なりを整える,古文で「装う」を表す語義。文脈に応じて他の重要語義と訳し分ける。,なし,なし,なし,なし,なし,なし,標準古語辞典・検定済み教科書（複数資料照合）,なし,なし
古文単語_単語Deck2_共通テスト・受験標準_300,CJ-000409,409,単語Deck2_共通テスト・受験標準,語彙,標準動詞,よそほふ,よそおう,よそおう｜装ふ,動詞,品詞=動詞,CJ-000409-C02,meaning,重要語義2,よそほふ,準備する,準備する｜支度する,古文で「準備する」を表す語義。文脈に応じて他の重要語義と訳し分ける。,なし,なし,なし,なし,なし,なし,標準古語辞典・検定済み教科書（複数資料照合）,なし,なし
古文単語_単語Deck2_共通テスト・受験標準_300,CJ-000410,410,単語Deck2_共通テスト・受験標準,語彙,標準動詞,わきまふ,わきまう,わきまう｜弁ふ,動詞,品詞=動詞,CJ-000410-C01,meaning,重要語義1,わきまふ,区別する,区別する｜見分ける,古文で「区別する」を表す語義。文脈に応じて他の重要語義と訳し分ける。,なし,なし,なし,なし,なし,なし,標準古語辞典・検定済み教科書（複数資料照合）,なし,なし
古文単語_単語Deck2_共通テスト・受験標準_300,CJ-000410,410,単語Deck2_共通テスト・受験標準,語彙,標準動詞,わきまふ,わきまう,わきまう｜弁ふ,動詞,品詞=動詞,CJ-000410-C02,meaning,重要語義2,わきまふ,理解する,理解する｜道理をわきまえる,古文で「理解する」を表す語義。文脈に応じて他の重要語義と訳し分ける。,なし,なし,なし,なし,なし,なし,標準古語辞典・検定済み教科書（複数資料照合）,なし,なし
古文単語_単語Deck2_共通テスト・受験標準_300,CJ-000411,411,単語Deck2_共通テスト・受験標準,語彙,標準動詞,あらはる,あらわる,あらわる｜現る,動詞,品詞=動詞,CJ-000411-C01,meaning,重要語義1,あらはる,姿を現す,姿を現す｜見えるようになる,古文で「姿を現す」を表す語義。文脈に応じて他の重要語義と訳し分ける。,なし,なし,なし,なし,なし,なし,標準古語辞典・検定済み教科書（複数資料照合）,なし,なし
古文単語_単語Deck2_共通テスト・受験標準_300,CJ-000411,411,単語Deck2_共通テスト・受験標準,語彙,標準動詞,あらはる,あらわる,あらわる｜現る,動詞,品詞=動詞,CJ-000411-C02,meaning,重要語義2,あらはる,露見する,露見する｜秘密が明らかになる,古文で「露見する」を表す語義。文脈に応じて他の重要語義と訳し分ける。,なし,なし,なし,なし,なし,なし,標準古語辞典・検定済み教科書（複数資料照合）,なし,露見=ろけん
古文単語_単語Deck2_共通テスト・受験標準_300,CJ-000412,412,単語Deck2_共通テスト・受験標準,語彙,標準動詞,おきまどふ,おきまどう,おきまどう｜起き惑ふ,動詞,品詞=動詞,CJ-000412-C01,meaning,重要語義1,おきまどふ,起きて慌てる,起きて慌てる｜寝起きにうろたえる,古文で「起きて慌てる」を表す基本語義。,なし,なし,なし,なし,なし,なし,標準古語辞典・検定済み教科書（複数資料照合）,なし,なし
古文単語_単語Deck2_共通テスト・受験標準_300,CJ-000413,413,単語Deck2_共通テスト・受験標準,語彙,標準動詞,きえいる,きえいる,消え入る,動詞,品詞=動詞,CJ-000413-C01,meaning,重要語義1,きえいる,消え入る,消え入る｜声や姿が弱くなる,古文で「消え入る」を表す語義。文脈に応じて他の重要語義と訳し分ける。,なし,なし,なし,なし,なし,なし,標準古語辞典・検定済み教科書（複数資料照合）,なし,なし
古文単語_単語Deck2_共通テスト・受験標準_300,CJ-000413,413,単語Deck2_共通テスト・受験標準,語彙,標準動詞,きえいる,きえいる,消え入る,動詞,品詞=動詞,CJ-000413-C02,meaning,重要語義2,きえいる,死にそうになる,死にそうになる｜気を失いそうになる,古文で「死にそうになる」を表す語義。文脈に応じて他の重要語義と訳し分ける。,なし,なし,なし,なし,なし,なし,標準古語辞典・検定済み教科書（複数資料照合）,なし,なし
古文単語_単語Deck2_共通テスト・受験標準_300,CJ-000414,414,単語Deck2_共通テスト・受験標準,語彙,標準動詞,くちす,くちす,朽ちす,動詞,品詞=動詞,CJ-000414-C01,meaning,重要語義1,くちす,腐る,腐る｜朽ちる,古文で「腐る」を表す語義。文脈に応じて他の重要語義と訳し分ける。,なし,なし,なし,くちをし,「くちす」は朽ちる動詞、「くちをし」は残念だという形容詞。,なし,標準古語辞典・検定済み教科書（複数資料照合）,なし,なし
古文単語_単語Deck2_共通テスト・受験標準_300,CJ-000414,414,単語Deck2_共通テスト・受験標準,語彙,標準動詞,くちす,くちす,朽ちす,動詞,品詞=動詞,CJ-000414-C02,meaning,重要語義2,くちす,むなしく終わる,むなしく終わる｜名を残さず終わる,古文で「むなしく終わる」を表す語義。文脈に応じて他の重要語義と訳し分ける。,なし,なし,なし,くちをし,「くちす」は朽ちる動詞、「くちをし」は残念だという形容詞。,なし,標準古語辞典・検定済み教科書（複数資料照合）,なし,なし
古文単語_単語Deck2_共通テスト・受験標準_300,CJ-000415,415,単語Deck2_共通テスト・受験標準,語彙,標準動詞,とりわく,とりわく,取り分く,動詞,品詞=動詞,CJ-000415-C01,meaning,重要語義1,とりわく,区別する,区別する｜分けて扱う,古文で「区別する」を表す語義。文脈に応じて他の重要語義と訳し分ける。,なし,なし,なし,なし,なし,なし,標準古語辞典・検定済み教科書（複数資料照合）,なし,なし
古文単語_単語Deck2_共通テスト・受験標準_300,CJ-000415,415,単語Deck2_共通テスト・受験標準,語彙,標準動詞,とりわく,とりわく,取り分く,動詞,品詞=動詞,CJ-000415-C02,meaning,重要語義2,とりわく,特別に扱う,特別に扱う｜とりわけ大切にする,古文で「特別に扱う」を表す語義。文脈に応じて他の重要語義と訳し分ける。,なし,なし,なし,なし,なし,なし,標準古語辞典・検定済み教科書（複数資料照合）,なし,なし
古文単語_単語Deck2_共通テスト・受験標準_300,CJ-000416,416,単語Deck2_共通テスト・受験標準,語彙,標準動詞,ふるふ,ふるう,ふるう｜震ふ｜振るふ,動詞,品詞=動詞,CJ-000416-C01,meaning,重要語義1,ふるふ,震える,震える｜身を震わせる,古文で「震える」を表す語義。文脈に応じて他の重要語義と訳し分ける。,なし,なし,なし,なし,なし,なし,標準古語辞典・検定済み教科書（複数資料照合）,なし,なし
古文単語_単語Deck2_共通テスト・受験標準_300,CJ-000416,416,単語Deck2_共通テスト・受験標準,語彙,標準動詞,ふるふ,ふるう,ふるう｜震ふ｜振るふ,動詞,品詞=動詞,CJ-000416-C02,meaning,重要語義2,ふるふ,勢いを振るう,勢いを振るう｜威力を示す,古文で「勢いを振るう」を表す語義。文脈に応じて他の重要語義と訳し分ける。,なし,なし,なし,なし,なし,なし,標準古語辞典・検定済み教科書（複数資料照合）,なし,なし
古文単語_単語Deck2_共通テスト・受験標準_300,CJ-000417,417,単語Deck2_共通テスト・受験標準,語彙,標準動詞,やつる,やつる,窶る,動詞,品詞=動詞,CJ-000417-C01,meaning,重要語義1,やつる,やせ衰える,やせ衰える｜みすぼらしくなる,古文で「やせ衰える」を表す語義。文脈に応じて他の重要語義と訳し分ける。,なし,なし,なし,なし,なし,なし,標準古語辞典・検定済み教科書（複数資料照合）,なし,なし
古文単語_単語Deck2_共通テスト・受験標準_300,CJ-000417,417,単語Deck2_共通テスト・受験標準,語彙,標準動詞,やつる,やつる,窶る,動詞,品詞=動詞,CJ-000417-C02,meaning,重要語義2,やつる,目立たない姿になる,目立たない姿になる｜身をやつす,古文で「目立たない姿になる」を表す語義。文脈に応じて他の重要語義と訳し分ける。,なし,なし,なし,なし,なし,なし,標準古語辞典・検定済み教科書（複数資料照合）,なし,なし
古文単語_単語Deck2_共通テスト・受験標準_300,CJ-000418,418,単語Deck2_共通テスト・受験標準,語彙,標準動詞,おしはかる,おしはかる,推し量る,動詞,品詞=動詞,CJ-000418-C01,meaning,重要語義1,おしはかる,推量する,推量する｜事情を想像する,古文で「推量する」を表す基本語義。,なし,なし,なし,なし,なし,なし,標準古語辞典・検定済み教科書（複数資料照合）,なし,なし
古文単語_単語Deck2_共通テスト・受験標準_300,CJ-000419,419,単語Deck2_共通テスト・受験標準,語彙,標準動詞,かきつく,かきつく,掻き付く,動詞,品詞=動詞,CJ-000419-C01,meaning,重要語義1,かきつく,抱きつく,抱きつく｜取りつく,古文で「抱きつく」を表す語義。文脈に応じて他の重要語義と訳し分ける。,なし,なし,なし,なし,なし,なし,標準古語辞典・検定済み教科書（複数資料照合）,なし,なし
古文単語_単語Deck2_共通テスト・受験標準_300,CJ-000419,419,単語Deck2_共通テスト・受験標準,語彙,標準動詞,かきつく,かきつく,掻き付く,動詞,品詞=動詞,CJ-000419-C02,meaning,重要語義2,かきつく,すがりつく,すがりつく｜頼りつく,古文で「すがりつく」を表す語義。文脈に応じて他の重要語義と訳し分ける。,なし,なし,なし,なし,なし,なし,標準古語辞典・検定済み教科書（複数資料照合）,なし,なし
古文単語_単語Deck2_共通テスト・受験標準_300,CJ-000420,420,単語Deck2_共通テスト・受験標準,語彙,標準動詞,かきやる,かきやる,掻き遣る,動詞,品詞=動詞,CJ-000420-C01,meaning,重要語義1,かきやる,払いのける,払いのける｜手でどける,古文で「払いのける」を表す語義。文脈に応じて他の重要語義と訳し分ける。,なし,なし,なし,なし,なし,なし,標準古語辞典・検定済み教科書（複数資料照合）,なし,なし
古文単語_単語Deck2_共通テスト・受験標準_300,CJ-000420,420,単語Deck2_共通テスト・受験標準,語彙,標準動詞,かきやる,かきやる,掻き遣る,動詞,品詞=動詞,CJ-000420-C02,meaning,重要語義2,かきやる,遠ざける,遠ざける｜脇へやる,古文で「遠ざける」を表す語義。文脈に応じて他の重要語義と訳し分ける。,なし,なし,なし,なし,なし,なし,標準古語辞典・検定済み教科書（複数資料照合）,なし,なし
古文単語_単語Deck2_共通テスト・受験標準_300,CJ-000421,421,単語Deck2_共通テスト・受験標準,語彙,標準動詞,くどく,くどく,口説く,動詞,品詞=動詞,CJ-000421-C01,meaning,重要語義1,くどく,繰り返し訴える,繰り返し訴える｜嘆願する,古文で「繰り返し訴える」を表す語義。文脈に応じて他の重要語義と訳し分ける。,なし,なし,なし,なし,なし,なし,標準古語辞典・検定済み教科書（複数資料照合）,なし,嘆願=たんがん
古文単語_単語Deck2_共通テスト・受験標準_300,CJ-000421,421,単語Deck2_共通テスト・受験標準,語彙,標準動詞,くどく,くどく,口説く,動詞,品詞=動詞,CJ-000421-C02,meaning,重要語義2,くどく,口説く,口説く｜言い寄る,古文で「口説く」を表す語義。文脈に応じて他の重要語義と訳し分ける。,なし,なし,なし,なし,なし,なし,標準古語辞典・検定済み教科書（複数資料照合）,なし,なし
古文単語_単語Deck2_共通テスト・受験標準_300,CJ-000422,422,単語Deck2_共通テスト・受験標準,語彙,標準動詞,こひわたる,こいわたる,こいわたる｜恋ひ渡る,動詞,品詞=動詞,CJ-000422-C01,meaning,重要語義1,こひわたる,長く恋い慕う,長く恋い慕う｜ずっと恋しく思う,古文で「長く恋い慕う」を表す基本語義。,なし,なし,なし,なし,なし,なし,標準古語辞典・検定済み教科書（複数資料照合）,なし,なし
古文単語_単語Deck2_共通テスト・受験標準_300,CJ-000423,423,単語Deck2_共通テスト・受験標準,語彙,標準動詞,さしおく,さしおく,差し置く,動詞,品詞=動詞,CJ-000423-C01,meaning,重要語義1,さしおく,そのままにする,そのままにする｜手をつけずにおく,古文で「そのままにする」を表す語義。文脈に応じて他の重要語義と訳し分ける。,なし,なし,なし,なし,なし,なし,標準古語辞典・検定済み教科書（複数資料照合）,なし,なし
古文単語_単語Deck2_共通テスト・受験標準_300,CJ-000423,423,単語Deck2_共通テスト・受験標準,語彙,標準動詞,さしおく,さしおく,差し置く,動詞,品詞=動詞,CJ-000423-C02,meaning,重要語義2,さしおく,後回しにする,後回しにする｜わきへ置く,古文で「後回しにする」を表す語義。文脈に応じて他の重要語義と訳し分ける。,なし,なし,なし,なし,なし,なし,標準古語辞典・検定済み教科書（複数資料照合）,なし,なし
古文単語_単語Deck2_共通テスト・受験標準_300,CJ-000424,424,単語Deck2_共通テスト・受験標準,語彙,標準動詞,つきはつ,つきはつ,尽き果つ,動詞,品詞=動詞,CJ-000424-C01,meaning,重要語義1,つきはつ,尽きる,尽きる｜すっかりなくなる,古文で「尽きる」を表す語義。文脈に応じて他の重要語義と訳し分ける。,なし,なし,なし,なし,なし,なし,標準古語辞典・検定済み教科書（複数資料照合）,なし,なし
古文単語_単語Deck2_共通テスト・受験標準_300,CJ-000424,424,単語Deck2_共通テスト・受験標準,語彙,標準動詞,つきはつ,つきはつ,尽き果つ,動詞,品詞=動詞,CJ-000424-C02,meaning,重要語義2,つきはつ,終わる,終わる｜完全に果てる,古文で「終わる」を表す語義。文脈に応じて他の重要語義と訳し分ける。,なし,なし,なし,なし,なし,なし,標準古語辞典・検定済み教科書（複数資料照合）,なし,なし
古文単語_単語Deck2_共通テスト・受験標準_300,CJ-000425,425,単語Deck2_共通テスト・受験標準,語彙,標準動詞,とりつく,とりつく,取り付く,動詞,品詞=動詞,CJ-000425-C01,meaning,重要語義1,とりつく,すがりつく,すがりつく｜つかまる,古文で「すがりつく」を表す語義。文脈に応じて他の重要語義と訳し分ける。,なし,なし,なし,なし,なし,なし,標準古語辞典・検定済み教科書（複数資料照合）,なし,なし
古文単語_単語Deck2_共通テスト・受験標準_300,CJ-000425,425,単語Deck2_共通テスト・受験標準,語彙,標準動詞,とりつく,とりつく,取り付く,動詞,品詞=動詞,CJ-000425-C02,meaning,重要語義2,とりつく,取りかかる,取りかかる｜着手する,古文で「取りかかる」を表す語義。文脈に応じて他の重要語義と訳し分ける。,なし,なし,なし,なし,なし,なし,標準古語辞典・検定済み教科書（複数資料照合）,なし,なし
古文単語_単語Deck2_共通テスト・受験標準_300,CJ-000426,426,単語Deck2_共通テスト・受験標準,語彙,標準動詞,ふりすつ,ふりすつ,振り捨つ,動詞,品詞=動詞,CJ-000426-C01,meaning,重要語義1,ふりすつ,振り捨てる,振り捨てる｜捨て去る,古文で「振り捨てる」を表す語義。文脈に応じて他の重要語義と訳し分ける。,なし,なし,なし,なし,なし,なし,標準古語辞典・検定済み教科書（複数資料照合）,なし,なし
古文単語_単語Deck2_共通テスト・受験標準_300,CJ-000426,426,単語Deck2_共通テスト・受験標準,語彙,標準動詞,ふりすつ,ふりすつ,振り捨つ,動詞,品詞=動詞,CJ-000426-C02,meaning,重要語義2,ふりすつ,顧みない,顧みない｜見捨てる,古文で「顧みない」を表す語義。文脈に応じて他の重要語義と訳し分ける。,なし,なし,なし,なし,なし,なし,標準古語辞典・検定済み教科書（複数資料照合）,なし,なし
古文単語_単語Deck2_共通テスト・受験標準_300,CJ-000427,427,単語Deck2_共通テスト・受験標準,語彙,標準連語,まどひありく,まどいありく,まどいありく｜惑ひ歩く,連語,品詞=連語,CJ-000427-C01,meaning,重要語義1,まどひありく,うろたえて歩き回る,うろたえて歩き回る｜迷い歩く,古文で「うろたえて歩き回る」を表す基本語義。,なし,なし,なし,なし,なし,なし,標準古語辞典・検定済み教科書（複数資料照合）,なし,なし
古文単語_単語Deck2_共通テスト・受験標準_300,CJ-000428,428,単語Deck2_共通テスト・受験標準,語彙,標準動詞,しほる,しおる,しおる｜萎る,動詞,品詞=動詞,CJ-000428-C01,meaning,重要語義1,しほる,涙で濡らす,涙で濡らす｜袖を濡らす,古文で「涙で濡らす」を表す語義。文脈に応じて他の重要語義と訳し分ける。,なし,なし,なし,しほたる,「しほる」は濡らす・しおれる、「しほたる」は涙で袖が濡れる。,なし,標準古語辞典・検定済み教科書（複数資料照合）,なし,なし
古文単語_単語Deck2_共通テスト・受験標準_300,CJ-000428,428,単語Deck2_共通テスト・受験標準,語彙,標準動詞,しほる,しおる,しおる｜萎る,動詞,品詞=動詞,CJ-000428-C02,meaning,重要語義2,しほる,しおれる,しおれる｜元気を失う,古文で「しおれる」を表す語義。文脈に応じて他の重要語義と訳し分ける。,なし,なし,なし,しほたる,「しほる」は濡らす・しおれる、「しほたる」は涙で袖が濡れる。,なし,標準古語辞典・検定済み教科書（複数資料照合）,なし,なし
古文単語_単語Deck2_共通テスト・受験標準_300,CJ-000429,429,単語Deck2_共通テスト・受験標準,語彙,標準動詞,つらなる,つらなる,連なる,動詞,品詞=動詞,CJ-000429-C01,meaning,重要語義1,つらなる,並ぶ,並ぶ｜列をなす,古文で「並ぶ」を表す語義。文脈に応じて他の重要語義と訳し分ける。,なし,なし,なし,なし,なし,なし,標準古語辞典・検定済み教科書（複数資料照合）,なし,なし
古文単語_単語Deck2_共通テスト・受験標準_300,CJ-000429,429,単語Deck2_共通テスト・受験標準,語彙,標準動詞,つらなる,つらなる,連なる,動詞,品詞=動詞,CJ-000429-C02,meaning,重要語義2,つらなる,連なる,連なる｜続く,古文で「連なる」を表す語義。文脈に応じて他の重要語義と訳し分ける。,なし,なし,なし,なし,なし,なし,標準古語辞典・検定済み教科書（複数資料照合）,なし,なし
古文単語_単語Deck2_共通テスト・受験標準_300,CJ-000430,430,単語Deck2_共通テスト・受験標準,語彙,標準動詞,ふす,ふす,臥す,動詞,品詞=動詞,CJ-000430-C01,meaning,重要語義1,ふす,横になる,横になる｜伏せる,古文で「横になる」を表す語義。文脈に応じて他の重要語義と訳し分ける。,なし,なし,なし,なし,なし,なし,標準古語辞典・検定済み教科書（複数資料照合）,なし,なし
古文単語_単語Deck2_共通テスト・受験標準_300,CJ-000430,430,単語Deck2_共通テスト・受験標準,語彙,標準動詞,ふす,ふす,臥す,動詞,品詞=動詞,CJ-000430-C02,meaning,重要語義2,ふす,寝る,寝る｜床に就く,古文で「寝る」を表す語義。文脈に応じて他の重要語義と訳し分ける。,なし,なし,なし,なし,なし,なし,標準古語辞典・検定済み教科書（複数資料照合）,なし,なし
古文単語_単語Deck2_共通テスト・受験標準_300,CJ-000431,431,単語Deck2_共通テスト・受験標準,語彙,標準動詞,とふ,とう,とう｜問ふ｜訪ふ,動詞,品詞=動詞,CJ-000431-C01,meaning,重要語義1,とふ,尋ねる,尋ねる｜質問する,古文で「尋ねる」を表す語義。文脈に応じて他の重要語義と訳し分ける。,なし,なし,なし,なし,なし,なし,標準古語辞典・検定済み教科書（複数資料照合）,なし,なし
古文単語_単語Deck2_共通テスト・受験標準_300,CJ-000431,431,単語Deck2_共通テスト・受験標準,語彙,標準動詞,とふ,とう,とう｜問ふ｜訪ふ,動詞,品詞=動詞,CJ-000431-C02,meaning,重要語義2,とふ,訪れる,訪れる｜見舞う,古文で「訪れる」を表す語義。文脈に応じて他の重要語義と訳し分ける。,なし,なし,なし,なし,なし,なし,標準古語辞典・検定済み教科書（複数資料照合）,なし,なし
古文単語_単語Deck2_共通テスト・受験標準_300,CJ-000432,432,単語Deck2_共通テスト・受験標準,語彙,標準動詞,うちかへす,うちかえす,うちかえす｜打ち返す,動詞,品詞=動詞,CJ-000432-C01,meaning,重要語義1,うちかへす,繰り返す,繰り返す｜何度も行う,古文で「繰り返す」を表す語義。文脈に応じて他の重要語義と訳し分ける。,なし,なし,なし,なし,なし,なし,標準古語辞典・検定済み教科書（複数資料照合）,なし,なし
古文単語_単語Deck2_共通テスト・受験標準_300,CJ-000432,432,単語Deck2_共通テスト・受験標準,語彙,標準動詞,うちかへす,うちかえす,うちかえす｜打ち返す,動詞,品詞=動詞,CJ-000432-C02,meaning,重要語義2,うちかへす,裏返す,裏返す｜反転させる,古文で「裏返す」を表す語義。文脈に応じて他の重要語義と訳し分ける。,なし,なし,なし,なし,なし,なし,標準古語辞典・検定済み教科書（複数資料照合）,なし,なし
古文単語_単語Deck2_共通テスト・受験標準_300,CJ-000433,433,単語Deck2_共通テスト・受験標準,語彙,標準動詞,うちわらふ,うちわらう,うちわらう｜打ち笑ふ,動詞,品詞=動詞,CJ-000433-C01,meaning,重要語義1,うちわらふ,ほほえむ,ほほえむ｜ふっと笑う,古文で「ほほえむ」を表す基本語義。,なし,なし,なし,なし,なし,なし,標準古語辞典・検定済み教科書（複数資料照合）,なし,なし
古文単語_単語Deck2_共通テスト・受験標準_300,CJ-000434,434,単語Deck2_共通テスト・受験標準,語彙,標準動詞,かくる,かくる,隠る,動詞,品詞=動詞,CJ-000434-C01,meaning,重要語義1,かくる,隠れる,隠れる｜姿を消す,古文で「隠れる」を表す語義。文脈に応じて他の重要語義と訳し分ける。,なし,なし,なし,なし,なし,なし,標準古語辞典・検定済み教科書（複数資料照合）,なし,なし
古文単語_単語Deck2_共通テスト・受験標準_300,CJ-000434,434,単語Deck2_共通テスト・受験標準,語彙,標準動詞,かくる,かくる,隠る,動詞,品詞=動詞,CJ-000434-C02,meaning,重要語義2,かくる,死ぬ,死ぬ｜亡くなる,古文で「死ぬ」を表す語義。文脈に応じて他の重要語義と訳し分ける。,なし,なし,なし,なし,なし,なし,標準古語辞典・検定済み教科書（複数資料照合）,なし,なし
古文単語_単語Deck2_共通テスト・受験標準_300,CJ-000435,435,単語Deck2_共通テスト・受験標準,語彙,標準動詞,すむ,すむ,住む｜澄む,動詞,品詞=動詞,CJ-000435-C01,meaning,重要語義1,すむ,暮らす,暮らす｜住み続ける,古文で「暮らす」を表す語義。文脈に応じて他の重要語義と訳し分ける。,なし,なし,なし,なし,なし,なし,標準古語辞典・検定済み教科書（複数資料照合）,なし,なし
古文単語_単語Deck2_共通テスト・受験標準_300,CJ-000435,435,単語Deck2_共通テスト・受験標準,語彙,標準動詞,すむ,すむ,住む｜澄む,動詞,品詞=動詞,CJ-000435-C02,meaning,重要語義2,すむ,心が澄む,心が澄む｜落ち着く,古文で「心が澄む」を表す語義。文脈に応じて他の重要語義と訳し分ける。,なし,なし,なし,なし,なし,なし,標準古語辞典・検定済み教科書（複数資料照合）,なし,なし
古文単語_単語Deck2_共通テスト・受験標準_300,CJ-000436,436,単語Deck2_共通テスト・受験標準,語彙,標準動詞,もてわづらふ,もてわずらう,もてわずらう｜もて煩ふ,動詞,品詞=動詞,CJ-000436-C01,meaning,重要語義1,もてわづらふ,扱いに困る,扱いに困る｜手を焼く,古文で「扱いに困る」を表す基本語義。,なし,なし,なし,なし,なし,なし,標準古語辞典・検定済み教科書（複数資料照合）,なし,なし
古文単語_単語Deck2_共通テスト・受験標準_300,CJ-000437,437,単語Deck2_共通テスト・受験標準,語彙,標準動詞,おどろかす,おどろかす,驚かす,動詞,品詞=動詞,CJ-000437-C01,meaning,重要語義1,おどろかす,目を覚まさせる,目を覚まさせる｜起こす,古文で「目を覚まさせる」を表す語義。文脈に応じて他の重要語義と訳し分ける。,なし,なし,なし,なし,なし,なし,標準古語辞典・検定済み教科書（複数資料照合）,なし,なし
古文単語_単語Deck2_共通テスト・受験標準_300,CJ-000437,437,単語Deck2_共通テスト・受験標準,語彙,標準動詞,おどろかす,おどろかす,驚かす,動詞,品詞=動詞,CJ-000437-C02,meaning,重要語義2,おどろかす,気づかせる,気づかせる｜注意を向けさせる,古文で「気づかせる」を表す語義。文脈に応じて他の重要語義と訳し分ける。,なし,なし,なし,なし,なし,なし,標準古語辞典・検定済み教科書（複数資料照合）,なし,なし
古文単語_単語Deck2_共通テスト・受験標準_300,CJ-000438,438,単語Deck2_共通テスト・受験標準,語彙,標準動詞,あらはす,あらわす,あらわす｜現す｜顕す,動詞,品詞=動詞,CJ-000438-C01,meaning,重要語義1,あらはす,明らかにする,明らかにする｜表に出す,古文で「明らかにする」を表す語義。文脈に応じて他の重要語義と訳し分ける。,なし,なし,なし,なし,なし,なし,標準古語辞典・検定済み教科書（複数資料照合）,なし,なし
古文単語_単語Deck2_共通テスト・受験標準_300,CJ-000438,438,単語Deck2_共通テスト・受験標準,語彙,標準動詞,あらはす,あらわす,あらわす｜現す｜顕す,動詞,品詞=動詞,CJ-000438-C02,meaning,重要語義2,あらはす,姿を見せる,姿を見せる｜出現させる,古文で「姿を見せる」を表す語義。文脈に応じて他の重要語義と訳し分ける。,なし,なし,なし,なし,なし,なし,標準古語辞典・検定済み教科書（複数資料照合）,なし,なし
古文単語_単語Deck2_共通テスト・受験標準_300,CJ-000439,439,単語Deck2_共通テスト・受験標準,語彙,標準動詞,しのびやる,しのびやる,偲び遣る,動詞,品詞=動詞,CJ-000439-C01,meaning,重要語義1,しのびやる,遠くの人を思いやる,遠くの人を思いやる｜懐かしく思う,古文で「遠くの人を思いやる」を表す基本語義。,なし,なし,なし,なし,なし,なし,標準古語辞典・検定済み教科書（複数資料照合）,なし,なし
古文単語_単語Deck2_共通テスト・受験標準_300,CJ-000440,440,単語Deck2_共通テスト・受験標準,語彙,標準連語,すきありく,すきありく,好き歩く,連語,品詞=連語,CJ-000440-C01,meaning,重要語義1,すきありく,風流や恋愛に熱中して歩き回る,風流や恋愛に熱中して歩き回る｜好色にふける,古文で「風流や恋愛に熱中して歩き回る」を表す基本語義。,なし,なし,なし,なし,なし,なし,標準古語辞典・検定済み教科書（複数資料照合）,なし,風流=ふうりゅう
古文単語_単語Deck2_共通テスト・受験標準_300,CJ-000441,441,単語Deck2_共通テスト・受験標準,語彙,標準動詞,たはぶる,たわぶる,たわぶる｜戯る,動詞,品詞=動詞,CJ-000441-C01,meaning,重要語義1,たはぶる,ふざける,ふざける｜戯れる,古文で「ふざける」を表す語義。文脈に応じて他の重要語義と訳し分ける。,なし,なし,なし,なし,なし,なし,標準古語辞典・検定済み教科書（複数資料照合）,なし,なし
古文単語_単語Deck2_共通テスト・受験標準_300,CJ-000441,441,単語Deck2_共通テスト・受験標準,語彙,標準動詞,たはぶる,たわぶる,たわぶる｜戯る,動詞,品詞=動詞,CJ-000441-C02,meaning,重要語義2,たはぶる,恋愛をする,恋愛をする｜男女が親しくする,古文で「恋愛をする」を表す語義。文脈に応じて他の重要語義と訳し分ける。,なし,なし,なし,なし,なし,なし,標準古語辞典・検定済み教科書（複数資料照合）,なし,なし
古文単語_単語Deck2_共通テスト・受験標準_300,CJ-000442,442,単語Deck2_共通テスト・受験標準,語彙,標準動詞,つれだつ,つれだつ,連れ立つ,動詞,品詞=動詞,CJ-000442-C01,meaning,重要語義1,つれだつ,連れ立つ,連れ立つ｜一緒に行く,古文で「連れ立つ」を表す基本語義。,なし,なし,なし,なし,なし,なし,標準古語辞典・検定済み教科書（複数資料照合）,なし,なし
古文単語_単語Deck2_共通テスト・受験標準_300,CJ-000443,443,単語Deck2_共通テスト・受験標準,語彙,標準連語,ながめわぶ,ながめわぶ,眺め侘ぶ,連語,品詞=連語,CJ-000443-C01,meaning,重要語義1,ながめわぶ,物思いに沈んで嘆く,物思いに沈んで嘆く｜嘆きながら眺める,古文で「物思いに沈んで嘆く」を表す基本語義。,なし,なし,なし,なし,なし,なし,標準古語辞典・検定済み教科書（複数資料照合）,なし,なし
古文単語_単語Deck2_共通テスト・受験標準_300,CJ-000444,444,単語Deck2_共通テスト・受験標準,語彙,標準動詞,はやる,はやる,逸る,動詞,品詞=動詞,CJ-000444-C01,meaning,重要語義1,はやる,気がせく,気がせく｜心がはやる,古文で「気がせく」を表す語義。文脈に応じて他の重要語義と訳し分ける。,なし,なし,なし,なし,なし,なし,標準古語辞典・検定済み教科書（複数資料照合）,なし,なし
古文単語_単語Deck2_共通テスト・受験標準_300,CJ-000444,444,単語Deck2_共通テスト・受験標準,語彙,標準動詞,はやる,はやる,逸る,動詞,品詞=動詞,CJ-000444-C02,meaning,重要語義2,はやる,勢いづく,勢いづく｜勇み立つ,古文で「勢いづく」を表す語義。文脈に応じて他の重要語義と訳し分ける。,なし,なし,なし,なし,なし,なし,標準古語辞典・検定済み教科書（複数資料照合）,なし,なし
古文単語_単語Deck2_共通テスト・受験標準_300,CJ-000445,445,単語Deck2_共通テスト・受験標準,語彙,標準動詞,ひきゐる,ひきいる,ひきいる,動詞,品詞=動詞,CJ-000445-C01,meaning,重要語義1,ひきゐる,引き連れる,引き連れる｜率いる,古文で「引き連れる」を表す基本語義。,なし,なし,なし,なし,なし,なし,標準古語辞典・検定済み教科書（複数資料照合）,なし,なし
古文単語_単語Deck2_共通テスト・受験標準_300,CJ-000446,446,単語Deck2_共通テスト・受験標準,語彙,標準動詞,ふるさぶ,ふるさぶ,古さぶ,動詞,品詞=動詞,CJ-000446-C01,meaning,重要語義1,ふるさぶ,古びる,古びる｜古めかしくなる,古文で「古びる」を表す基本語義。,なし,なし,なし,なし,なし,なし,標準古語辞典・検定済み教科書（複数資料照合）,なし,なし
古文単語_単語Deck2_共通テスト・受験標準_300,CJ-000447,447,単語Deck2_共通テスト・受験標準,語彙,標準動詞,まどはす,まどわす,まどわす｜惑はす,動詞,品詞=動詞,CJ-000447-C01,meaning,重要語義1,まどはす,迷わせる,迷わせる｜道を失わせる,古文で「迷わせる」を表す語義。文脈に応じて他の重要語義と訳し分ける。,なし,なし,なし,なし,なし,なし,標準古語辞典・検定済み教科書（複数資料照合）,なし,なし
古文単語_単語Deck2_共通テスト・受験標準_300,CJ-000447,447,単語Deck2_共通テスト・受験標準,語彙,標準動詞,まどはす,まどわす,まどわす｜惑はす,動詞,品詞=動詞,CJ-000447-C02,meaning,重要語義2,まどはす,惑わせる,惑わせる｜判断を狂わせる,古文で「惑わせる」を表す語義。文脈に応じて他の重要語義と訳し分ける。,なし,なし,なし,なし,なし,なし,標準古語辞典・検定済み教科書（複数資料照合）,なし,なし
古文単語_単語Deck2_共通テスト・受験標準_300,CJ-000448,448,単語Deck2_共通テスト・受験標準,語彙,標準動詞,むすぼほる,むすぼおる,むすぼおる,動詞,品詞=動詞,CJ-000448-C01,meaning,重要語義1,むすぼほる,ふさぎ込む,ふさぎ込む｜心が晴れない,古文で「ふさぎ込む」を表す語義。文脈に応じて他の重要語義と訳し分ける。,なし,なし,なし,なし,なし,なし,標準古語辞典・検定済み教科書（複数資料照合）,なし,なし
古文単語_単語Deck2_共通テスト・受験標準_300,CJ-000448,448,単語Deck2_共通テスト・受験標準,語彙,標準動詞,むすぼほる,むすぼおる,むすぼおる,動詞,品詞=動詞,CJ-000448-C02,meaning,重要語義2,むすぼほる,もつれる,もつれる｜結ばれて解けない,古文で「もつれる」を表す語義。文脈に応じて他の重要語義と訳し分ける。,なし,なし,なし,なし,なし,なし,標準古語辞典・検定済み教科書（複数資料照合）,なし,なし
古文単語_単語Deck2_共通テスト・受験標準_300,CJ-000449,449,単語Deck2_共通テスト・受験標準,語彙,標準動詞,めぐらす,めぐらす,巡らす,動詞,品詞=動詞,CJ-000449-C01,meaning,重要語義1,めぐらす,巡らせる,巡らせる｜周囲に回す,古文で「巡らせる」を表す語義。文脈に応じて他の重要語義と訳し分ける。,なし,なし,なし,なし,なし,なし,標準古語辞典・検定済み教科書（複数資料照合）,なし,なし
古文単語_単語Deck2_共通テスト・受験標準_300,CJ-000449,449,単語Deck2_共通テスト・受験標準,語彙,標準動詞,めぐらす,めぐらす,巡らす,動詞,品詞=動詞,CJ-000449-C02,meaning,重要語義2,めぐらす,考えを巡らせる,考えを巡らせる｜熟考する,古文で「考えを巡らせる」を表す語義。文脈に応じて他の重要語義と訳し分ける。,なし,なし,なし,なし,なし,なし,標準古語辞典・検定済み教科書（複数資料照合）,なし,なし
古文単語_単語Deck2_共通テスト・受験標準_300,CJ-000450,450,単語Deck2_共通テスト・受験標準,語彙,標準動詞,あふぐ,あおぐ,あおぐ｜仰ぐ,動詞,品詞=動詞,CJ-000450-C01,meaning,重要語義1,あふぐ,仰ぎ見る,仰ぎ見る｜見上げる,古文で「仰ぎ見る」を表す語義。文脈に応じて他の重要語義と訳し分ける。,なし,なし,なし,なし,なし,なし,標準古語辞典・検定済み教科書（複数資料照合）,なし,なし
古文単語_単語Deck2_共通テスト・受験標準_300,CJ-000450,450,単語Deck2_共通テスト・受験標準,語彙,標準動詞,あふぐ,あおぐ,あおぐ｜仰ぐ,動詞,品詞=動詞,CJ-000450-C02,meaning,重要語義2,あふぐ,尊敬する,尊敬する｜敬う,古文で「尊敬する」を表す語義。文脈に応じて他の重要語義と訳し分ける。,なし,なし,なし,なし,なし,なし,標準古語辞典・検定済み教科書（複数資料照合）,なし,なし
古文単語_単語Deck2_共通テスト・受験標準_300,CJ-000451,451,単語Deck2_共通テスト・受験標準,語彙,標準名詞,ざえ,ざえ,才,名詞,品詞=名詞,CJ-000451-C01,meaning,重要語義1,ざえ,漢学,漢学｜漢籍の学問,古文で「漢学」を表す語義。文脈に応じて他の重要語義と訳し分ける。,なし,なし,なし,なし,なし,なし,標準古語辞典・検定済み教科書（複数資料照合）,なし,漢籍=かんせき
古文単語_単語Deck2_共通テスト・受験標準_300,CJ-000451,451,単語Deck2_共通テスト・受験標準,語彙,標準名詞,ざえ,ざえ,才,名詞,品詞=名詞,CJ-000451-C02,meaning,重要語義2,ざえ,学問,学問｜教養,古文で「学問」を表す語義。文脈に応じて他の重要語義と訳し分ける。,なし,なし,なし,なし,なし,なし,標準古語辞典・検定済み教科書（複数資料照合）,なし,なし
古文単語_単語Deck2_共通テスト・受験標準_300,CJ-000451,451,単語Deck2_共通テスト・受験標準,語彙,標準名詞,ざえ,ざえ,才,名詞,品詞=名詞,CJ-000451-C03,meaning,重要語義3,ざえ,才芸,才芸｜技芸,古文で「才芸」を表す語義。文脈に応じて他の重要語義と訳し分ける。,なし,なし,なし,なし,なし,なし,標準古語辞典・検定済み教科書（複数資料照合）,なし,才芸=さいげい
古文単語_単語Deck2_共通テスト・受験標準_300,CJ-000452,452,単語Deck2_共通テスト・受験標準,語彙,標準名詞,て,て,手,名詞,品詞=名詞,CJ-000452-C01,meaning,重要語義1,て,筆跡,筆跡｜書きぶり,古文で「筆跡」を表す語義。文脈に応じて他の重要語義と訳し分ける。,なし,なし,なし,なし,なし,なし,標準古語辞典・検定済み教科書（複数資料照合）,なし,なし
古文単語_単語Deck2_共通テスト・受験標準_300,CJ-000452,452,単語Deck2_共通テスト・受験標準,語彙,標準名詞,て,て,手,名詞,品詞=名詞,CJ-000452-C02,meaning,重要語義2,て,書法,書法｜文字の書き方,古文で「書法」を表す語義。文脈に応じて他の重要語義と訳し分ける。,なし,なし,なし,なし,なし,なし,標準古語辞典・検定済み教科書（複数資料照合）,なし,書法=しょほう
古文単語_単語Deck2_共通テスト・受験標準_300,CJ-000452,452,単語Deck2_共通テスト・受験標準,語彙,標準名詞,て,て,手,名詞,品詞=名詞,CJ-000452-C03,meaning,重要語義3,て,楽器の演奏法,楽器の演奏法｜曲の弾き方,古文で「楽器の演奏法」を表す語義。文脈に応じて他の重要語義と訳し分ける。,なし,なし,なし,なし,なし,なし,標準古語辞典・検定済み教科書（複数資料照合）,なし,なし
古文単語_単語Deck2_共通テスト・受験標準_300,CJ-000453,453,単語Deck2_共通テスト・受験標準,語彙,標準名詞,かげ,かげ,影,名詞,品詞=名詞,CJ-000453-C01,meaning,重要語義1,かげ,光,光｜月光｜日光,古文で「光」を表す語義。文脈に応じて他の重要語義と訳し分ける。,なし,なし,なし,現代語の「影」,古文では暗い影だけでなく、月日などの光や人の姿も表す。,なし,標準古語辞典・検定済み教科書（複数資料照合）,なし,なし
古文単語_単語Deck2_共通テスト・受験標準_300,CJ-000453,453,単語Deck2_共通テスト・受験標準,語彙,標準名詞,かげ,かげ,影,名詞,品詞=名詞,CJ-000453-C02,meaning,重要語義2,かげ,姿,姿｜人影,古文で「姿」を表す語義。文脈に応じて他の重要語義と訳し分ける。,なし,なし,なし,現代語の「影」,古文では暗い影だけでなく、月日などの光や人の姿も表す。,なし,標準古語辞典・検定済み教科書（複数資料照合）,なし,なし
古文単語_単語Deck2_共通テスト・受験標準_300,CJ-000453,453,単語Deck2_共通テスト・受験標準,語彙,標準名詞,かげ,かげ,影,名詞,品詞=名詞,CJ-000453-C03,meaning,重要語義3,かげ,面影,面影｜心に浮かぶ姿,古文で「面影」を表す語義。文脈に応じて他の重要語義と訳し分ける。,なし,なし,なし,現代語の「影」,古文では暗い影だけでなく、月日などの光や人の姿も表す。,なし,標準古語辞典・検定済み教科書（複数資料照合）,なし,なし
古文単語_単語Deck2_共通テスト・受験標準_300,CJ-000454,454,単語Deck2_共通テスト・受験標準,語彙,標準名詞,まみ,まみ,目見,名詞,品詞=名詞,CJ-000454-C01,meaning,重要語義1,まみ,目元,目元｜目のあたり,古文で「目元」を表す語義。文脈に応じて他の重要語義と訳し分ける。,なし,なし,なし,なし,なし,なし,標準古語辞典・検定済み教科書（複数資料照合）,なし,なし
古文単語_単語Deck2_共通テスト・受験標準_300,CJ-000454,454,単語Deck2_共通テスト・受験標準,語彙,標準名詞,まみ,まみ,目見,名詞,品詞=名詞,CJ-000454-C02,meaning,重要語義2,まみ,目つき,目つき｜まなざし,古文で「目つき」を表す語義。文脈に応じて他の重要語義と訳し分ける。,なし,なし,なし,なし,なし,なし,標準古語辞典・検定済み教科書（複数資料照合）,なし,なし
古文単語_単語Deck2_共通テスト・受験標準_300,CJ-000455,455,単語Deck2_共通テスト・受験標準,語彙,標準名詞,あいぎゃう,あいぎょう,あいぎょう｜愛敬,名詞,品詞=名詞,CJ-000455-C01,meaning,重要語義1,あいぎゃう,愛らしさ,愛らしさ｜かわいらしさ,古文で「愛らしさ」を表す語義。文脈に応じて他の重要語義と訳し分ける。,なし,なし,なし,なし,なし,なし,標準古語辞典・検定済み教科書（複数資料照合）,なし,なし
古文単語_単語Deck2_共通テスト・受験標準_300,CJ-000455,455,単語Deck2_共通テスト・受験標準,語彙,標準名詞,あいぎゃう,あいぎょう,あいぎょう｜愛敬,名詞,品詞=名詞,CJ-000455-C02,meaning,重要語義2,あいぎゃう,人に好かれる魅力,人に好かれる魅力｜愛敬,古文で「人に好かれる魅力」を表す語義。文脈に応じて他の重要語義と訳し分ける。,なし,なし,なし,なし,なし,なし,標準古語辞典・検定済み教科書（複数資料照合）,なし,なし
古文単語_単語Deck2_共通テスト・受験標準_300,CJ-000456,456,単語Deck2_共通テスト・受験標準,語彙,標準名詞,かひ,かい,かい｜甲斐,名詞,品詞=名詞,CJ-000456-C01,meaning,重要語義1,かひ,効果,効果｜結果,古文で「効果」を表す語義。文脈に応じて他の重要語義と訳し分ける。,なし,なし,なし,なし,なし,なし,標準古語辞典・検定済み教科書（複数資料照合）,なし,なし
古文単語_単語Deck2_共通テスト・受験標準_300,CJ-000456,456,単語Deck2_共通テスト・受験標準,語彙,標準名詞,かひ,かい,かい｜甲斐,名詞,品詞=名詞,CJ-000456-C02,meaning,重要語義2,かひ,価値,価値｜やりがい,古文で「価値」を表す語義。文脈に応じて他の重要語義と訳し分ける。,なし,なし,なし,なし,なし,なし,標準古語辞典・検定済み教科書（複数資料照合）,なし,なし
古文単語_単語Deck2_共通テスト・受験標準_300,CJ-000457,457,単語Deck2_共通テスト・受験標準,語彙,標準名詞,きこえ,きこえ,聞こえ,名詞,品詞=名詞,CJ-000457-C01,meaning,重要語義1,きこえ,評判,評判｜うわさ,古文で「評判」を表す語義。文脈に応じて他の重要語義と訳し分ける。,なし,なし,なし,なし,なし,なし,標準古語辞典・検定済み教科書（複数資料照合）,なし,なし
古文単語_単語Deck2_共通テスト・受験標準_300,CJ-000457,457,単語Deck2_共通テスト・受験標準,語彙,標準名詞,きこえ,きこえ,聞こえ,名詞,品詞=名詞,CJ-000457-C02,meaning,重要語義2,きこえ,名声,名声｜世間の評価,古文で「名声」を表す語義。文脈に応じて他の重要語義と訳し分ける。,なし,なし,なし,なし,なし,なし,標準古語辞典・検定済み教科書（複数資料照合）,なし,なし
古文単語_単語Deck2_共通テスト・受験標準_300,CJ-000458,458,単語Deck2_共通テスト・受験標準,語彙,標準名詞,けぢめ,けじめ,けじめ,名詞,品詞=名詞,CJ-000458-C01,meaning,重要語義1,けぢめ,区別,区別｜違い,古文で「区別」を表す語義。文脈に応じて他の重要語義と訳し分ける。,なし,なし,なし,なし,なし,なし,標準古語辞典・検定済み教科書（複数資料照合）,なし,なし
古文単語_単語Deck2_共通テスト・受験標準_300,CJ-000458,458,単語Deck2_共通テスト・受験標準,語彙,標準名詞,けぢめ,けじめ,けじめ,名詞,品詞=名詞,CJ-000458-C02,meaning,重要語義2,けぢめ,隔て,隔て｜境界,古文で「隔て」を表す語義。文脈に応じて他の重要語義と訳し分ける。,なし,なし,なし,なし,なし,なし,標準古語辞典・検定済み教科書（複数資料照合）,なし,なし
古文単語_単語Deck2_共通テスト・受験標準_300,CJ-000459,459,単語Deck2_共通テスト・受験標準,語彙,標準名詞,ことごころ,ことごころ,異心,名詞,品詞=名詞,CJ-000459-C01,meaning,重要語義1,ことごころ,浮気心,浮気心｜別の人に移る心,古文で「浮気心」を表す語義。文脈に応じて他の重要語義と訳し分ける。,なし,なし,なし,なし,なし,なし,標準古語辞典・検定済み教科書（複数資料照合）,なし,なし
古文単語_単語Deck2_共通テスト・受験標準_300,CJ-000459,459,単語Deck2_共通テスト・受験標準,語彙,標準名詞,ことごころ,ことごころ,異心,名詞,品詞=名詞,CJ-000459-C02,meaning,重要語義2,ことごころ,別心,別心｜裏切る心,古文で「別心」を表す語義。文脈に応じて他の重要語義と訳し分ける。,なし,なし,なし,なし,なし,なし,標準古語辞典・検定済み教科書（複数資料照合）,なし,なし
古文単語_単語Deck2_共通テスト・受験標準_300,CJ-000460,460,単語Deck2_共通テスト・受験標準,語彙,標準名詞,ことば,ことば,言葉,名詞,品詞=名詞,CJ-000460-C01,meaning,重要語義1,ことば,言葉,言葉｜表現,古文で「言葉」を表す語義。文脈に応じて他の重要語義と訳し分ける。,なし,なし,なし,なし,なし,なし,標準古語辞典・検定済み教科書（複数資料照合）,なし,なし
古文単語_単語Deck2_共通テスト・受験標準_300,CJ-000460,460,単語Deck2_共通テスト・受験標準,語彙,標準名詞,ことば,ことば,言葉,名詞,品詞=名詞,CJ-000460-C02,meaning,重要語義2,ことば,和歌,和歌｜歌の詞,古文で「和歌」を表す語義。文脈に応じて他の重要語義と訳し分ける。,なし,なし,なし,なし,なし,なし,標準古語辞典・検定済み教科書（複数資料照合）,なし,なし
古文単語_単語Deck2_共通テスト・受験標準_300,CJ-000461,461,単語Deck2_共通テスト・受験標準,語彙,標準名詞,しわざ,しわざ,仕業,名詞,品詞=名詞,CJ-000461-C01,meaning,重要語義1,しわざ,行為,行為｜したこと,古文で「行為」を表す語義。文脈に応じて他の重要語義と訳し分ける。,なし,なし,なし,なし,なし,なし,標準古語辞典・検定済み教科書（複数資料照合）,なし,なし
古文単語_単語Deck2_共通テスト・受験標準_300,CJ-000461,461,単語Deck2_共通テスト・受験標準,語彙,標準名詞,しわざ,しわざ,仕業,名詞,品詞=名詞,CJ-000461-C02,meaning,重要語義2,しわざ,仕事,仕事｜わざ,古文で「仕事」を表す語義。文脈に応じて他の重要語義と訳し分ける。,なし,なし,なし,なし,なし,なし,標準古語辞典・検定済み教科書（複数資料照合）,なし,なし
古文単語_単語Deck2_共通テスト・受験標準_300,CJ-000462,462,単語Deck2_共通テスト・受験標準,語彙,標準名詞,そらごと,そらごと,虚言,名詞,品詞=名詞,CJ-000462-C01,meaning,重要語義1,そらごと,うそ,うそ｜偽り,古文で「うそ」を表す基本語義。,なし,なし,なし,なし,なし,なし,標準古語辞典・検定済み教科書（複数資料照合）,なし,なし
古文単語_単語Deck2_共通テスト・受験標準_300,CJ-000463,463,単語Deck2_共通テスト・受験標準,語彙,標準名詞,たづき,たずき,たずき｜方便,名詞,品詞=名詞,CJ-000463-C01,meaning,重要語義1,たづき,手段,手段｜方法,古文で「手段」を表す語義。文脈に応じて他の重要語義と訳し分ける。,なし,なし,なし,なし,なし,なし,標準古語辞典・検定済み教科書（複数資料照合）,なし,なし
古文単語_単語Deck2_共通テスト・受験標準_300,CJ-000463,463,単語Deck2_共通テスト・受験標準,語彙,標準名詞,たづき,たずき,たずき｜方便,名詞,品詞=名詞,CJ-000463-C02,meaning,重要語義2,たづき,頼り,頼り｜手がかり,古文で「頼り」を表す語義。文脈に応じて他の重要語義と訳し分ける。,なし,なし,なし,なし,なし,なし,標準古語辞典・検定済み教科書（複数資料照合）,なし,なし
古文単語_単語Deck2_共通テスト・受験標準_300,CJ-000464,464,単語Deck2_共通テスト・受験標準,語彙,標準名詞,ちぎり,ちぎり,契り,名詞,品詞=名詞,CJ-000464-C01,meaning,重要語義1,ちぎり,約束,約束｜契約,古文で「約束」を表す語義。文脈に応じて他の重要語義と訳し分ける。,なし,なし,なし,なし,なし,なし,標準古語辞典・検定済み教科書（複数資料照合）,なし,なし
古文単語_単語Deck2_共通テスト・受験標準_300,CJ-000464,464,単語Deck2_共通テスト・受験標準,語彙,標準名詞,ちぎり,ちぎり,契り,名詞,品詞=名詞,CJ-000464-C02,meaning,重要語義2,ちぎり,宿縁,宿縁｜前世からの縁,古文で「宿縁」を表す語義。文脈に応じて他の重要語義と訳し分ける。,なし,なし,なし,なし,なし,なし,標準古語辞典・検定済み教科書（複数資料照合）,なし,宿縁=しゅくえん
古文単語_単語Deck2_共通テスト・受験標準_300,CJ-000464,464,単語Deck2_共通テスト・受験標準,語彙,標準名詞,ちぎり,ちぎり,契り,名詞,品詞=名詞,CJ-000464-C03,meaning,重要語義3,ちぎり,男女の契り,男女の契り｜夫婦の縁,古文で「男女の契り」を表す語義。文脈に応じて他の重要語義と訳し分ける。,なし,なし,なし,なし,なし,なし,標準古語辞典・検定済み教科書（複数資料照合）,なし,なし
古文単語_単語Deck2_共通テスト・受験標準_300,CJ-000465,465,単語Deck2_共通テスト・受験標準,語彙,標準名詞,なからひ,なからい,なからい｜仲らひ,名詞,品詞=名詞,CJ-000465-C01,meaning,重要語義1,なからひ,関係,関係｜付き合い,古文で「関係」を表す語義。文脈に応じて他の重要語義と訳し分ける。,なし,なし,なし,なし,なし,なし,標準古語辞典・検定済み教科書（複数資料照合）,なし,なし
古文単語_単語Deck2_共通テスト・受験標準_300,CJ-000465,465,単語Deck2_共通テスト・受験標準,語彙,標準名詞,なからひ,なからい,なからい｜仲らひ,名詞,品詞=名詞,CJ-000465-C02,meaning,重要語義2,なからひ,間柄,間柄｜仲,古文で「間柄」を表す語義。文脈に応じて他の重要語義と訳し分ける。,なし,なし,なし,なし,なし,なし,標準古語辞典・検定済み教科書（複数資料照合）,なし,なし
古文単語_単語Deck2_共通テスト・受験標準_300,CJ-000466,466,単語Deck2_共通テスト・受験標準,語彙,標準名詞,にほひ,におい,におい｜匂ひ,名詞,品詞=名詞,CJ-000466-C01,meaning,重要語義1,にほひ,色つや,色つや｜鮮やかな色,古文で「色つや」を表す語義。文脈に応じて他の重要語義と訳し分ける。,なし,なし,なし,なし,なし,なし,標準古語辞典・検定済み教科書（複数資料照合）,なし,なし
古文単語_単語Deck2_共通テスト・受験標準_300,CJ-000466,466,単語Deck2_共通テスト・受験標準,語彙,標準名詞,にほひ,におい,におい｜匂ひ,名詞,品詞=名詞,CJ-000466-C02,meaning,重要語義2,にほひ,美しさ,美しさ｜華やかさ,古文で「美しさ」を表す語義。文脈に応じて他の重要語義と訳し分ける。,なし,なし,なし,なし,なし,なし,標準古語辞典・検定済み教科書（複数資料照合）,なし,なし
古文単語_単語Deck2_共通テスト・受験標準_300,CJ-000467,467,単語Deck2_共通テスト・受験標準,語彙,標準名詞,はらから,はらから,同胞,名詞,品詞=名詞,CJ-000467-C01,meaning,重要語義1,はらから,兄弟姉妹,兄弟姉妹｜同じ母から生まれたきょうだい,古文で「兄弟姉妹」を表す基本語義。,なし,なし,なし,なし,なし,なし,標準古語辞典・検定済み教科書（複数資料照合）,なし,なし
古文単語_単語Deck2_共通テスト・受験標準_300,CJ-000468,468,単語Deck2_共通テスト・受験標準,語彙,標準名詞,ひととなり,ひととなり,人となり,名詞,品詞=名詞,CJ-000468-C01,meaning,重要語義1,ひととなり,人柄,人柄｜性格,古文で「人柄」を表す語義。文脈に応じて他の重要語義と訳し分ける。,なし,なし,なし,なし,なし,なし,標準古語辞典・検定済み教科書（複数資料照合）,なし,なし
古文単語_単語Deck2_共通テスト・受験標準_300,CJ-000468,468,単語Deck2_共通テスト・受験標準,語彙,標準名詞,ひととなり,ひととなり,人となり,名詞,品詞=名詞,CJ-000468-C02,meaning,重要語義2,ひととなり,身分,身分｜立場,古文で「身分」を表す語義。文脈に応じて他の重要語義と訳し分ける。,なし,なし,なし,なし,なし,なし,標準古語辞典・検定済み教科書（複数資料照合）,なし,なし
古文単語_単語Deck2_共通テスト・受験標準_300,CJ-000469,469,単語Deck2_共通テスト・受験標準,語彙,標準名詞,ほだし,ほだし,絆,名詞,品詞=名詞,CJ-000469-C01,meaning,重要語義1,ほだし,束縛,束縛｜自由を妨げるもの,古文で「束縛」を表す語義。文脈に応じて他の重要語義と訳し分ける。,なし,なし,なし,なし,なし,なし,標準古語辞典・検定済み教科書（複数資料照合）,なし,なし
古文単語_単語Deck2_共通テスト・受験標準_300,CJ-000469,469,単語Deck2_共通テスト・受験標準,語彙,標準名詞,ほだし,ほだし,絆,名詞,品詞=名詞,CJ-000469-C02,meaning,重要語義2,ほだし,妨げ,妨げ｜足手まとい,古文で「妨げ」を表す語義。文脈に応じて他の重要語義と訳し分ける。,なし,なし,なし,なし,なし,なし,標準古語辞典・検定済み教科書（複数資料照合）,なし,なし
古文単語_単語Deck2_共通テスト・受験標準_300,CJ-000470,470,単語Deck2_共通テスト・受験標準,語彙,標準名詞,まうけ,もうけ,もうけ｜設け,名詞,品詞=名詞,CJ-000470-C01,meaning,重要語義1,まうけ,準備,準備｜用意,古文で「準備」を表す基本語義。,なし,なし,なし,なし,なし,なし,標準古語辞典・検定済み教科書（複数資料照合）,なし,なし
古文単語_単語Deck2_共通テスト・受験標準_300,CJ-000471,471,単語Deck2_共通テスト・受験標準,語彙,標準名詞,みやび,みやび,雅,名詞,品詞=名詞,CJ-000471-C01,meaning,重要語義1,みやび,風流,風流｜上品な趣,古文で「風流」を表す語義。文脈に応じて他の重要語義と訳し分ける。,なし,なし,なし,なし,なし,なし,標準古語辞典・検定済み教科書（複数資料照合）,なし,風流=ふうりゅう
古文単語_単語Deck2_共通テスト・受験標準_300,CJ-000471,471,単語Deck2_共通テスト・受験標準,語彙,標準名詞,みやび,みやび,雅,名詞,品詞=名詞,CJ-000471-C02,meaning,重要語義2,みやび,都風,都風｜都会的な洗練,古文で「都風」を表す語義。文脈に応じて他の重要語義と訳し分ける。,なし,なし,なし,なし,なし,なし,標準古語辞典・検定済み教科書（複数資料照合）,なし,なし
古文単語_単語Deck2_共通テスト・受験標準_300,CJ-000472,472,単語Deck2_共通テスト・受験標準,語彙,標準名詞,むくい,むくい,報い,名詞,品詞=名詞,CJ-000472-C01,meaning,重要語義1,むくい,報い,報い｜行為の結果,古文で「報い」を表す語義。文脈に応じて他の重要語義と訳し分ける。,なし,なし,なし,なし,なし,なし,標準古語辞典・検定済み教科書（複数資料照合）,なし,なし
古文単語_単語Deck2_共通テスト・受験標準_300,CJ-000472,472,単語Deck2_共通テスト・受験標準,語彙,標準名詞,むくい,むくい,報い,名詞,品詞=名詞,CJ-000472-C02,meaning,重要語義2,むくい,返礼,返礼｜恩返し,古文で「返礼」を表す語義。文脈に応じて他の重要語義と訳し分ける。,なし,なし,なし,なし,なし,なし,標準古語辞典・検定済み教科書（複数資料照合）,なし,なし
古文単語_単語Deck2_共通テスト・受験標準_300,CJ-000473,473,単語Deck2_共通テスト・受験標準,語彙,標準名詞,ゆゑ,ゆえ,ゆえ｜故,名詞,品詞=名詞,CJ-000473-C01,meaning,重要語義1,ゆゑ,理由,理由｜わけ,古文で「理由」を表す語義。文脈に応じて他の重要語義と訳し分ける。,なし,なし,なし,なし,なし,なし,標準古語辞典・検定済み教科書（複数資料照合）,なし,なし
古文単語_単語Deck2_共通テスト・受験標準_300,CJ-000473,473,単語Deck2_共通テスト・受験標準,語彙,標準名詞,ゆゑ,ゆえ,ゆえ｜故,名詞,品詞=名詞,CJ-000473-C02,meaning,重要語義2,ゆゑ,由緒,由緒｜いわれ,古文で「由緒」を表す語義。文脈に応じて他の重要語義と訳し分ける。,なし,なし,なし,なし,なし,なし,標準古語辞典・検定済み教科書（複数資料照合）,なし,由緒=ゆいしょ
古文単語_単語Deck2_共通テスト・受験標準_300,CJ-000473,473,単語Deck2_共通テスト・受験標準,語彙,標準名詞,ゆゑ,ゆえ,ゆえ｜故,名詞,品詞=名詞,CJ-000473-C03,meaning,重要語義3,ゆゑ,趣,趣｜風情,古文で「趣」を表す語義。文脈に応じて他の重要語義と訳し分ける。,なし,なし,なし,なし,なし,なし,標準古語辞典・検定済み教科書（複数資料照合）,なし,なし
古文単語_単語Deck2_共通テスト・受験標準_300,CJ-000474,474,単語Deck2_共通テスト・受験標準,語彙,標準名詞,わらは,わらわ,わらわ｜童,名詞,品詞=名詞,CJ-000474-C01,meaning,重要語義1,わらは,子ども,子ども｜幼児,古文で「子ども」を表す語義。文脈に応じて他の重要語義と訳し分ける。,なし,なし,なし,なし,なし,なし,標準古語辞典・検定済み教科書（複数資料照合）,なし,なし
古文単語_単語Deck2_共通テスト・受験標準_300,CJ-000474,474,単語Deck2_共通テスト・受験標準,語彙,標準名詞,わらは,わらわ,わらわ｜童,名詞,品詞=名詞,CJ-000474-C02,meaning,重要語義2,わらは,召使いの少女,召使いの少女｜童女,古文で「召使いの少女」を表す語義。文脈に応じて他の重要語義と訳し分ける。,なし,なし,なし,なし,なし,なし,標準古語辞典・検定済み教科書（複数資料照合）,なし,なし
古文単語_単語Deck2_共通テスト・受験標準_300,CJ-000475,475,単語Deck2_共通テスト・受験標準,語彙,標準名詞,あそび,あそび,遊び,名詞,品詞=名詞,CJ-000475-C01,meaning,重要語義1,あそび,管弦,管弦｜音楽の演奏,古文で「管弦」を表す語義。文脈に応じて他の重要語義と訳し分ける。,なし,なし,なし,なし,なし,なし,標準古語辞典・検定済み教科書（複数資料照合）,なし,なし
古文単語_単語Deck2_共通テスト・受験標準_300,CJ-000475,475,単語Deck2_共通テスト・受験標準,語彙,標準名詞,あそび,あそび,遊び,名詞,品詞=名詞,CJ-000475-C02,meaning,重要語義2,あそび,遊興,遊興｜遊び楽しむこと,古文で「遊興」を表す語義。文脈に応じて他の重要語義と訳し分ける。,なし,なし,なし,なし,なし,なし,標準古語辞典・検定済み教科書（複数資料照合）,なし,なし
古文単語_単語Deck2_共通テスト・受験標準_300,CJ-000476,476,単語Deck2_共通テスト・受験標準,語彙,標準名詞,あや,あや,文,名詞,品詞=名詞,CJ-000476-C01,meaning,重要語義1,あや,道理,道理｜筋道,古文で「道理」を表す語義。文脈に応じて他の重要語義と訳し分ける。,なし,なし,なし,なし,なし,なし,標準古語辞典・検定済み教科書（複数資料照合）,なし,なし
古文単語_単語Deck2_共通テスト・受験標準_300,CJ-000476,476,単語Deck2_共通テスト・受験標準,語彙,標準名詞,あや,あや,文,名詞,品詞=名詞,CJ-000476-C02,meaning,重要語義2,あや,模様,模様｜織物の柄,古文で「模様」を表す語義。文脈に応じて他の重要語義と訳し分ける。,なし,なし,なし,なし,なし,なし,標準古語辞典・検定済み教科書（複数資料照合）,なし,なし
古文単語_単語Deck2_共通テスト・受験標準_300,CJ-000476,476,単語Deck2_共通テスト・受験標準,語彙,標準名詞,あや,あや,文,名詞,品詞=名詞,CJ-000476-C03,meaning,重要語義3,あや,言葉の技巧,言葉の技巧｜表現のあや,古文で「言葉の技巧」を表す語義。文脈に応じて他の重要語義と訳し分ける。,なし,なし,なし,なし,なし,なし,標準古語辞典・検定済み教科書（複数資料照合）,なし,なし
古文単語_単語Deck2_共通テスト・受験標準_300,CJ-000477,477,単語Deck2_共通テスト・受験標準,語彙,標準名詞,いらへ,いらえ,いらえ｜答へ,名詞,品詞=名詞,CJ-000477-C01,meaning,重要語義1,いらへ,返事,返事｜応答,古文で「返事」を表す基本語義。,なし,なし,なし,なし,なし,なし,標準古語辞典・検定済み教科書（複数資料照合）,なし,なし
古文単語_単語Deck2_共通テスト・受験標準_300,CJ-000478,478,単語Deck2_共通テスト・受験標準,語彙,標準名詞,うらみ,うらみ,恨み,名詞,品詞=名詞,CJ-000478-C01,meaning,重要語義1,うらみ,恨み,恨み｜不満,古文で「恨み」を表す語義。文脈に応じて他の重要語義と訳し分ける。,なし,なし,なし,なし,なし,なし,標準古語辞典・検定済み教科書（複数資料照合）,なし,なし
古文単語_単語Deck2_共通テスト・受験標準_300,CJ-000478,478,単語Deck2_共通テスト・受験標準,語彙,標準名詞,うらみ,うらみ,恨み,名詞,品詞=名詞,CJ-000478-C02,meaning,重要語義2,うらみ,心残り,心残り｜残念な思い,古文で「心残り」を表す語義。文脈に応じて他の重要語義と訳し分ける。,なし,なし,なし,なし,なし,なし,標準古語辞典・検定済み教科書（複数資料照合）,なし,なし
古文単語_単語Deck2_共通テスト・受験標準_300,CJ-000479,479,単語Deck2_共通テスト・受験標準,語彙,標準名詞,おもて,おもて,面,名詞,品詞=名詞,CJ-000479-C01,meaning,重要語義1,おもて,顔,顔｜顔つき,古文で「顔」を表す語義。文脈に応じて他の重要語義と訳し分ける。,なし,なし,なし,なし,なし,なし,標準古語辞典・検定済み教科書（複数資料照合）,なし,なし
古文単語_単語Deck2_共通テスト・受験標準_300,CJ-000479,479,単語Deck2_共通テスト・受験標準,語彙,標準名詞,おもて,おもて,面,名詞,品詞=名詞,CJ-000479-C02,meaning,重要語義2,おもて,面目,面目｜名誉,古文で「面目」を表す語義。文脈に応じて他の重要語義と訳し分ける。,なし,なし,なし,なし,なし,なし,標準古語辞典・検定済み教科書（複数資料照合）,なし,なし
古文単語_単語Deck2_共通テスト・受験標準_300,CJ-000480,480,単語Deck2_共通テスト・受験標準,語彙,標準名詞,かたへ,かたえ,かたえ｜傍へ,名詞,品詞=名詞,CJ-000480-C01,meaning,重要語義1,かたへ,仲間,仲間｜同類,古文で「仲間」を表す語義。文脈に応じて他の重要語義と訳し分ける。,なし,なし,なし,なし,なし,なし,標準古語辞典・検定済み教科書（複数資料照合）,なし,なし
古文単語_単語Deck2_共通テスト・受験標準_300,CJ-000480,480,単語Deck2_共通テスト・受験標準,語彙,標準名詞,かたへ,かたえ,かたえ｜傍へ,名詞,品詞=名詞,CJ-000480-C02,meaning,重要語義2,かたへ,傍ら,傍ら｜そば,古文で「傍ら」を表す語義。文脈に応じて他の重要語義と訳し分ける。,なし,なし,なし,なし,なし,なし,標準古語辞典・検定済み教科書（複数資料照合）,なし,なし
古文単語_単語Deck2_共通テスト・受験標準_300,CJ-000481,481,単語Deck2_共通テスト・受験標準,語彙,標準名詞,かど,かど,才,名詞,品詞=名詞,CJ-000481-C01,meaning,重要語義1,かど,才気,才気｜才能,古文で「才気」を表す語義。文脈に応じて他の重要語義と訳し分ける。,なし,なし,なし,現代語の「角」,古文の名詞「かど」は才気・見どころ。,なし,標準古語辞典・検定済み教科書（複数資料照合）,なし,なし
古文単語_単語Deck2_共通テスト・受験標準_300,CJ-000481,481,単語Deck2_共通テスト・受験標準,語彙,標準名詞,かど,かど,才,名詞,品詞=名詞,CJ-000481-C02,meaning,重要語義2,かど,趣,趣｜見どころ,古文で「趣」を表す語義。文脈に応じて他の重要語義と訳し分ける。,なし,なし,なし,現代語の「角」,古文の名詞「かど」は才気・見どころ。,なし,標準古語辞典・検定済み教科書（複数資料照合）,なし,なし
古文単語_単語Deck2_共通テスト・受験標準_300,CJ-000482,482,単語Deck2_共通テスト・受験標準,語彙,標準名詞,きざし,きざし,兆し,名詞,品詞=名詞,CJ-000482-C01,meaning,重要語義1,きざし,兆し,兆し｜前触れ,古文で「兆し」を表す基本語義。,なし,なし,なし,なし,なし,なし,標準古語辞典・検定済み教科書（複数資料照合）,なし,なし
古文単語_単語Deck2_共通テスト・受験標準_300,CJ-000483,483,単語Deck2_共通テスト・受験標準,語彙,標準名詞,きぬぎぬ,きぬぎぬ,後朝,名詞,品詞=名詞,CJ-000483-C01,meaning,重要語義1,きぬぎぬ,共寝した男女が別れる朝,共寝した男女が別れる朝｜後朝,古文で「共寝した男女が別れる朝」を表す語義。文脈に応じて他の重要語義と訳し分ける。,なし,なし,なし,現代語の「衣」,古文では共寝した男女が別れる翌朝や、その別れを表す。,なし,標準古語辞典・検定済み教科書（複数資料照合）,なし,なし
古文単語_単語Deck2_共通テスト・受験標準_300,CJ-000483,483,単語Deck2_共通テスト・受験標準,語彙,標準名詞,きぬぎぬ,きぬぎぬ,後朝,名詞,品詞=名詞,CJ-000483-C02,meaning,重要語義2,きぬぎぬ,別れ,別れ｜男女の別れ,古文で「別れ」を表す語義。文脈に応じて他の重要語義と訳し分ける。,なし,なし,なし,現代語の「衣」,古文では共寝した男女が別れる翌朝や、その別れを表す。,なし,標準古語辞典・検定済み教科書（複数資料照合）,なし,なし
古文単語_単語Deck2_共通テスト・受験標準_300,CJ-000484,484,単語Deck2_共通テスト・受験標準,語彙,標準名詞,こころざま,こころざま,心様,名詞,品詞=名詞,CJ-000484-C01,meaning,重要語義1,こころざま,性格,性格｜心のあり方,古文で「性格」を表す語義。文脈に応じて他の重要語義と訳し分ける。,なし,なし,なし,なし,なし,なし,標準古語辞典・検定済み教科書（複数資料照合）,なし,なし
古文単語_単語Deck2_共通テスト・受験標準_300,CJ-000484,484,単語Deck2_共通テスト・受験標準,語彙,標準名詞,こころざま,こころざま,心様,名詞,品詞=名詞,CJ-000484-C02,meaning,重要語義2,こころざま,心構え,心構え｜考え方,古文で「心構え」を表す語義。文脈に応じて他の重要語義と訳し分ける。,なし,なし,なし,なし,なし,なし,標準古語辞典・検定済み教科書（複数資料照合）,なし,なし
古文単語_単語Deck2_共通テスト・受験標準_300,CJ-000485,485,単語Deck2_共通テスト・受験標準,語彙,標準名詞,さだめ,さだめ,定め,名詞,品詞=名詞,CJ-000485-C01,meaning,重要語義1,さだめ,評判,評判｜世間の批評,古文で「評判」を表す語義。文脈に応じて他の重要語義と訳し分ける。,なし,なし,なし,なし,なし,なし,標準古語辞典・検定済み教科書（複数資料照合）,なし,なし
古文単語_単語Deck2_共通テスト・受験標準_300,CJ-000485,485,単語Deck2_共通テスト・受験標準,語彙,標準名詞,さだめ,さだめ,定め,名詞,品詞=名詞,CJ-000485-C02,meaning,重要語義2,さだめ,議論,議論｜論評,古文で「議論」を表す語義。文脈に応じて他の重要語義と訳し分ける。,なし,なし,なし,なし,なし,なし,標準古語辞典・検定済み教科書（複数資料照合）,なし,なし
古文単語_単語Deck2_共通テスト・受験標準_300,CJ-000485,485,単語Deck2_共通テスト・受験標準,語彙,標準名詞,さだめ,さだめ,定め,名詞,品詞=名詞,CJ-000485-C03,meaning,重要語義3,さだめ,決定,決定｜取り決め,古文で「決定」を表す語義。文脈に応じて他の重要語義と訳し分ける。,なし,なし,なし,なし,なし,なし,標準古語辞典・検定済み教科書（複数資料照合）,なし,なし
古文単語_単語Deck2_共通テスト・受験標準_300,CJ-000486,486,単語Deck2_共通テスト・受験標準,語彙,標準名詞,たぐひ,たぐい,たぐい｜類ひ,名詞,品詞=名詞,CJ-000486-C01,meaning,重要語義1,たぐひ,類例,類例｜同じ種類,古文で「類例」を表す語義。文脈に応じて他の重要語義と訳し分ける。,なし,なし,なし,なし,なし,なし,標準古語辞典・検定済み教科書（複数資料照合）,なし,なし
古文単語_単語Deck2_共通テスト・受験標準_300,CJ-000486,486,単語Deck2_共通テスト・受験標準,語彙,標準名詞,たぐひ,たぐい,たぐい｜類ひ,名詞,品詞=名詞,CJ-000486-C02,meaning,重要語義2,たぐひ,仲間,仲間｜同類,古文で「仲間」を表す語義。文脈に応じて他の重要語義と訳し分ける。,なし,なし,なし,なし,なし,なし,標準古語辞典・検定済み教科書（複数資料照合）,なし,なし
古文単語_単語Deck2_共通テスト・受験標準_300,CJ-000487,487,単語Deck2_共通テスト・受験標準,語彙,標準名詞,つて,つて,伝,名詞,品詞=名詞,CJ-000487-C01,meaning,重要語義1,つて,手づる,手づる｜縁故,古文で「手づる」を表す語義。文脈に応じて他の重要語義と訳し分ける。,なし,なし,なし,なし,なし,なし,標準古語辞典・検定済み教科書（複数資料照合）,なし,なし
古文単語_単語Deck2_共通テスト・受験標準_300,CJ-000487,487,単語Deck2_共通テスト・受験標準,語彙,標準名詞,つて,つて,伝,名詞,品詞=名詞,CJ-000487-C02,meaning,重要語義2,つて,伝言,伝言｜人づての知らせ,古文で「伝言」を表す語義。文脈に応じて他の重要語義と訳し分ける。,なし,なし,なし,なし,なし,なし,標準古語辞典・検定済み教科書（複数資料照合）,なし,なし
古文単語_単語Deck2_共通テスト・受験標準_300,CJ-000488,488,単語Deck2_共通テスト・受験標準,語彙,標準名詞,ふるまひ,ふるまい,ふるまい｜振る舞ひ,名詞,品詞=名詞,CJ-000488-C01,meaning,重要語義1,ふるまひ,行動,行動｜態度,古文で「行動」を表す語義。文脈に応じて他の重要語義と訳し分ける。,なし,なし,なし,なし,なし,なし,標準古語辞典・検定済み教科書（複数資料照合）,なし,なし
古文単語_単語Deck2_共通テスト・受験標準_300,CJ-000488,488,単語Deck2_共通テスト・受験標準,語彙,標準名詞,ふるまひ,ふるまい,ふるまい｜振る舞ひ,名詞,品詞=名詞,CJ-000488-C02,meaning,重要語義2,ふるまひ,もてなし,もてなし｜饗応,古文で「もてなし」を表す語義。文脈に応じて他の重要語義と訳し分ける。,なし,なし,なし,なし,なし,なし,標準古語辞典・検定済み教科書（複数資料照合）,なし,饗応=きょうおう
古文単語_単語Deck2_共通テスト・受験標準_300,CJ-000489,489,単語Deck2_共通テスト・受験標準,語彙,標準名詞,まどゐ,まどい,まどい｜円居,名詞,品詞=名詞,CJ-000489-C01,meaning,重要語義1,まどゐ,団らん,団らん｜人々が輪になって座ること,古文で「団らん」を表す語義。文脈に応じて他の重要語義と訳し分ける。,なし,なし,なし,なし,なし,なし,標準古語辞典・検定済み教科書（複数資料照合）,なし,なし
古文単語_単語Deck2_共通テスト・受験標準_300,CJ-000489,489,単語Deck2_共通テスト・受験標準,語彙,標準名詞,まどゐ,まどい,まどい｜円居,名詞,品詞=名詞,CJ-000489-C02,meaning,重要語義2,まどゐ,集まり,集まり｜会合,古文で「集まり」を表す語義。文脈に応じて他の重要語義と訳し分ける。,なし,なし,なし,なし,なし,なし,標準古語辞典・検定済み教科書（複数資料照合）,なし,なし
古文単語_単語Deck2_共通テスト・受験標準_300,CJ-000490,490,単語Deck2_共通テスト・受験標準,語彙,標準名詞,みぐし,みぐし,御髪,名詞,品詞=名詞,CJ-000490-C01,meaning,重要語義1,みぐし,髪,髪｜頭髪,古文で「髪」を表す基本語義。,なし,なし,なし,なし,なし,なし,標準古語辞典・検定済み教科書（複数資料照合）,なし,なし
古文単語_単語Deck2_共通テスト・受験標準_300,CJ-000491,491,単語Deck2_共通テスト・受験標準,語彙,標準名詞,もののけ,もののけ,物の怪,名詞,品詞=名詞,CJ-000491-C01,meaning,重要語義1,もののけ,物の怪,物の怪｜人に災いをなす霊,古文で「物の怪」を表す語義。文脈に応じて他の重要語義と訳し分ける。,なし,なし,なし,なし,なし,なし,標準古語辞典・検定済み教科書（複数資料照合）,なし,なし
古文単語_単語Deck2_共通テスト・受験標準_300,CJ-000491,491,単語Deck2_共通テスト・受験標準,語彙,標準名詞,もののけ,もののけ,物の怪,名詞,品詞=名詞,CJ-000491-C02,meaning,重要語義2,もののけ,怨霊,怨霊｜ものに取りつく霊,古文で「怨霊」を表す語義。文脈に応じて他の重要語義と訳し分ける。,なし,なし,なし,なし,なし,なし,標準古語辞典・検定済み教科書（複数資料照合）,なし,怨霊=おんりょう
古文単語_単語Deck2_共通テスト・受験標準_300,CJ-000492,492,単語Deck2_共通テスト・受験標準,語彙,標準名詞,やど,やど,宿,名詞,品詞=名詞,CJ-000492-C01,meaning,重要語義1,やど,家,家｜住居,古文で「家」を表す語義。文脈に応じて他の重要語義と訳し分ける。,なし,なし,なし,現代語の「宿」,古文では家のほか、女性から見た夫を指すことがある。,なし,標準古語辞典・検定済み教科書（複数資料照合）,なし,なし
古文単語_単語Deck2_共通テスト・受験標準_300,CJ-000492,492,単語Deck2_共通テスト・受験標準,語彙,標準名詞,やど,やど,宿,名詞,品詞=名詞,CJ-000492-C02,meaning,重要語義2,やど,夫,夫｜女から見た夫,古文で「夫」を表す語義。文脈に応じて他の重要語義と訳し分ける。,なし,なし,なし,現代語の「宿」,古文では家のほか、女性から見た夫を指すことがある。,なし,標準古語辞典・検定済み教科書（複数資料照合）,なし,なし
古文単語_単語Deck2_共通テスト・受験標準_300,CJ-000493,493,単語Deck2_共通テスト・受験標準,語彙,標準名詞,よそ,よそ,他所,名詞,品詞=名詞,CJ-000493-C01,meaning,重要語義1,よそ,他所,他所｜別の場所,古文で「他所」を表す語義。文脈に応じて他の重要語義と訳し分ける。,なし,なし,なし,なし,なし,なし,標準古語辞典・検定済み教科書（複数資料照合）,なし,なし
古文単語_単語Deck2_共通テスト・受験標準_300,CJ-000493,493,単語Deck2_共通テスト・受験標準,語彙,標準名詞,よそ,よそ,他所,名詞,品詞=名詞,CJ-000493-C02,meaning,重要語義2,よそ,無関係,無関係｜自分とは関係がないこと,古文で「無関係」を表す語義。文脈に応じて他の重要語義と訳し分ける。,なし,なし,なし,なし,なし,なし,標準古語辞典・検定済み教科書（複数資料照合）,なし,なし
古文単語_単語Deck2_共通テスト・受験標準_300,CJ-000494,494,単語Deck2_共通テスト・受験標準,語彙,標準名詞,わかれ,わかれ,別れ,名詞,品詞=名詞,CJ-000494-C01,meaning,重要語義1,わかれ,別れ,別れ｜離別,古文で「別れ」を表す基本語義。,なし,なし,なし,なし,なし,なし,標準古語辞典・検定済み教科書（複数資料照合）,なし,なし
古文単語_単語Deck2_共通テスト・受験標準_300,CJ-000495,495,単語Deck2_共通テスト・受験標準,語彙,標準名詞,あだごと,あだごと,徒事,名詞,品詞=名詞,CJ-000495-C01,meaning,重要語義1,あだごと,無益なこと,無益なこと｜むだなこと,古文で「無益なこと」を表す語義。文脈に応じて他の重要語義と訳し分ける。,なし,なし,なし,なし,なし,なし,標準古語辞典・検定済み教科書（複数資料照合）,なし,なし
古文単語_単語Deck2_共通テスト・受験標準_300,CJ-000495,495,単語Deck2_共通テスト・受験標準,語彙,標準名詞,あだごと,あだごと,徒事,名詞,品詞=名詞,CJ-000495-C02,meaning,重要語義2,あだごと,浮ついたこと,浮ついたこと｜誠実でない恋,古文で「浮ついたこと」を表す語義。文脈に応じて他の重要語義と訳し分ける。,なし,なし,なし,なし,なし,なし,標準古語辞典・検定済み教科書（複数資料照合）,なし,なし
古文単語_単語Deck2_共通テスト・受験標準_300,CJ-000496,496,単語Deck2_共通テスト・受験標準,語彙,標準名詞,えに,えに,なし,名詞,品詞=名詞,CJ-000496-C01,meaning,重要語義1,えに,縁,縁｜つながり,古文で「縁」を表す語義。文脈に応じて他の重要語義と訳し分ける。,なし,なし,なし,なし,なし,なし,標準古語辞典・検定済み教科書（複数資料照合）,なし,なし
古文単語_単語Deck2_共通テスト・受験標準_300,CJ-000496,496,単語Deck2_共通テスト・受験標準,語彙,標準名詞,えに,えに,なし,名詞,品詞=名詞,CJ-000496-C02,meaning,重要語義2,えに,因縁,因縁｜前世からの関係,古文で「因縁」を表す語義。文脈に応じて他の重要語義と訳し分ける。,なし,なし,なし,なし,なし,なし,標準古語辞典・検定済み教科書（複数資料照合）,なし,なし
古文単語_単語Deck2_共通テスト・受験標準_300,CJ-000497,497,単語Deck2_共通テスト・受験標準,語彙,標準名詞,ことのは,ことのは,言の葉,名詞,品詞=名詞,CJ-000497-C01,meaning,重要語義1,ことのは,言葉,言葉｜言い回し,古文で「言葉」を表す語義。文脈に応じて他の重要語義と訳し分ける。,なし,なし,なし,なし,なし,なし,標準古語辞典・検定済み教科書（複数資料照合）,なし,なし
古文単語_単語Deck2_共通テスト・受験標準_300,CJ-000497,497,単語Deck2_共通テスト・受験標準,語彙,標準名詞,ことのは,ことのは,言の葉,名詞,品詞=名詞,CJ-000497-C02,meaning,重要語義2,ことのは,和歌,和歌｜歌,古文で「和歌」を表す語義。文脈に応じて他の重要語義と訳し分ける。,なし,なし,なし,なし,なし,なし,標準古語辞典・検定済み教科書（複数資料照合）,なし,なし
古文単語_単語Deck2_共通テスト・受験標準_300,CJ-000498,498,単語Deck2_共通テスト・受験標準,語彙,標準名詞,すずろごと,すずろごと,漫ろ事,名詞,品詞=名詞,CJ-000498-C01,meaning,重要語義1,すずろごと,つまらない話,つまらない話｜とりとめのない話,古文で「つまらない話」を表す語義。文脈に応じて他の重要語義と訳し分ける。,なし,なし,なし,なし,なし,なし,標準古語辞典・検定済み教科書（複数資料照合）,なし,なし
古文単語_単語Deck2_共通テスト・受験標準_300,CJ-000498,498,単語Deck2_共通テスト・受験標準,語彙,標準名詞,すずろごと,すずろごと,漫ろ事,名詞,品詞=名詞,CJ-000498-C02,meaning,重要語義2,すずろごと,思いがけないこと,思いがけないこと｜予想外のこと,古文で「思いがけないこと」を表す語義。文脈に応じて他の重要語義と訳し分ける。,なし,なし,なし,なし,なし,なし,標準古語辞典・検定済み教科書（複数資料照合）,なし,なし
古文単語_単語Deck2_共通テスト・受験標準_300,CJ-000499,499,単語Deck2_共通テスト・受験標準,語彙,標準名詞,たはぶれ,たわぶれ,たわぶれ｜戯れ,名詞,品詞=名詞,CJ-000499-C01,meaning,重要語義1,たはぶれ,冗談,冗談｜ふざけ,古文で「冗談」を表す語義。文脈に応じて他の重要語義と訳し分ける。,なし,なし,なし,なし,なし,なし,標準古語辞典・検定済み教科書（複数資料照合）,なし,なし
古文単語_単語Deck2_共通テスト・受験標準_300,CJ-000499,499,単語Deck2_共通テスト・受験標準,語彙,標準名詞,たはぶれ,たわぶれ,たわぶれ｜戯れ,名詞,品詞=名詞,CJ-000499-C02,meaning,重要語義2,たはぶれ,遊び,遊び｜恋の戯れ,古文で「遊び」を表す語義。文脈に応じて他の重要語義と訳し分ける。,なし,なし,なし,なし,なし,なし,標準古語辞典・検定済み教科書（複数資料照合）,なし,なし
古文単語_単語Deck2_共通テスト・受験標準_300,CJ-000500,500,単語Deck2_共通テスト・受験標準,語彙,標準名詞,まこと,まこと,実,名詞,品詞=名詞,CJ-000500-C01,meaning,重要語義1,まこと,真実,真実｜本当,古文で「真実」を表す語義。文脈に応じて他の重要語義と訳し分ける。,なし,なし,なし,なし,なし,なし,標準古語辞典・検定済み教科書（複数資料照合）,なし,なし
古文単語_単語Deck2_共通テスト・受験標準_300,CJ-000500,500,単語Deck2_共通テスト・受験標準,語彙,標準名詞,まこと,まこと,実,名詞,品詞=名詞,CJ-000500-C02,meaning,重要語義2,まこと,誠意,誠意｜真心,古文で「誠意」を表す語義。文脈に応じて他の重要語義と訳し分ける。,なし,なし,なし,なし,なし,なし,標準古語辞典・検定済み教科書（複数資料照合）,なし,なし
古文単語_単語Deck2_共通テスト・受験標準_300,CJ-000501,501,単語Deck2_共通テスト・受験標準,語彙,標準名詞,ものがたり,ものがたり,物語,名詞,品詞=名詞,CJ-000501-C01,meaning,重要語義1,ものがたり,話,話｜会話,古文で「話」を表す語義。文脈に応じて他の重要語義と訳し分ける。,なし,なし,なし,なし,なし,なし,標準古語辞典・検定済み教科書（複数資料照合）,なし,なし
古文単語_単語Deck2_共通テスト・受験標準_300,CJ-000501,501,単語Deck2_共通テスト・受験標準,語彙,標準名詞,ものがたり,ものがたり,物語,名詞,品詞=名詞,CJ-000501-C02,meaning,重要語義2,ものがたり,物語,物語｜昔話,古文で「物語」を表す語義。文脈に応じて他の重要語義と訳し分ける。,なし,なし,なし,なし,なし,なし,標準古語辞典・検定済み教科書（複数資料照合）,なし,なし
古文単語_単語Deck2_共通テスト・受験標準_300,CJ-000502,502,単語Deck2_共通テスト・受験標準,語彙,標準名詞,いにしへ,いにしえ,いにしえ｜古,名詞,品詞=名詞,CJ-000502-C01,meaning,重要語義1,いにしへ,昔,昔｜過去,古文で「昔」を表す基本語義。,なし,なし,なし,なし,なし,なし,標準古語辞典・検定済み教科書（複数資料照合）,なし,なし
古文単語_単語Deck2_共通テスト・受験標準_300,CJ-000503,503,単語Deck2_共通テスト・受験標準,語彙,標準名詞,かうぶり,こうぶり,こうぶり｜冠,名詞,品詞=名詞,CJ-000503-C01,meaning,重要語義1,かうぶり,官位,官位｜官職上の地位,古文で「官位」を表す語義。文脈に応じて他の重要語義と訳し分ける。,なし,なし,なし,なし,なし,なし,標準古語辞典・検定済み教科書（複数資料照合）,なし,なし
古文単語_単語Deck2_共通テスト・受験標準_300,CJ-000503,503,単語Deck2_共通テスト・受験標準,語彙,標準名詞,かうぶり,こうぶり,こうぶり｜冠,名詞,品詞=名詞,CJ-000503-C02,meaning,重要語義2,かうぶり,位階,位階｜朝廷の位,古文で「位階」を表す語義。文脈に応じて他の重要語義と訳し分ける。,なし,なし,なし,なし,なし,なし,標準古語辞典・検定済み教科書（複数資料照合）,なし,位階=いかい
古文単語_単語Deck2_共通テスト・受験標準_300,CJ-000504,504,単語Deck2_共通テスト・受験標準,語彙,標準代名詞,そなた,そなた,其方,代名詞,品詞=代名詞,CJ-000504-C01,meaning,重要語義1,そなた,その方,その方｜そちら,古文で「その方」を表す語義。文脈に応じて他の重要語義と訳し分ける。,なし,なし,なし,なし,なし,なし,標準古語辞典・検定済み教科書（複数資料照合）,なし,なし
古文単語_単語Deck2_共通テスト・受験標準_300,CJ-000504,504,単語Deck2_共通テスト・受験標準,語彙,標準代名詞,そなた,そなた,其方,代名詞,品詞=代名詞,CJ-000504-C02,meaning,重要語義2,そなた,あなた,あなた｜おまえ,古文で「あなた」を表す語義。文脈に応じて他の重要語義と訳し分ける。,なし,なし,なし,なし,なし,なし,標準古語辞典・検定済み教科書（複数資料照合）,なし,なし
古文単語_単語Deck2_共通テスト・受験標準_300,CJ-000505,505,単語Deck2_共通テスト・受験標準,語彙,標準名詞,たましひ,たましい,たましい｜魂,名詞,品詞=名詞,CJ-000505-C01,meaning,重要語義1,たましひ,心,心｜精神,古文で「心」を表す語義。文脈に応じて他の重要語義と訳し分ける。,なし,なし,なし,なし,なし,なし,標準古語辞典・検定済み教科書（複数資料照合）,なし,なし
古文単語_単語Deck2_共通テスト・受験標準_300,CJ-000505,505,単語Deck2_共通テスト・受験標準,語彙,標準名詞,たましひ,たましい,たましい｜魂,名詞,品詞=名詞,CJ-000505-C02,meaning,重要語義2,たましひ,魂,魂｜生命の本体,古文で「魂」を表す語義。文脈に応じて他の重要語義と訳し分ける。,なし,なし,なし,なし,なし,なし,標準古語辞典・検定済み教科書（複数資料照合）,なし,なし
古文単語_単語Deck2_共通テスト・受験標準_300,CJ-000506,506,単語Deck2_共通テスト・受験標準,語彙,標準名詞,つれ,つれ,連れ,名詞,品詞=名詞,CJ-000506-C01,meaning,重要語義1,つれ,同伴者,同伴者｜一緒に行く人,古文で「同伴者」を表す語義。文脈に応じて他の重要語義と訳し分ける。,なし,なし,なし,なし,なし,なし,標準古語辞典・検定済み教科書（複数資料照合）,なし,なし
古文単語_単語Deck2_共通テスト・受験標準_300,CJ-000506,506,単語Deck2_共通テスト・受験標準,語彙,標準名詞,つれ,つれ,連れ,名詞,品詞=名詞,CJ-000506-C02,meaning,重要語義2,つれ,仲間,仲間｜連れ,古文で「仲間」を表す語義。文脈に応じて他の重要語義と訳し分ける。,なし,なし,なし,なし,なし,なし,標準古語辞典・検定済み教科書（複数資料照合）,なし,なし
古文単語_単語Deck2_共通テスト・受験標準_300,CJ-000507,507,単語Deck2_共通テスト・受験標準,語彙,標準名詞,ひがめ,ひがめ,僻目,名詞,品詞=名詞,CJ-000507-C01,meaning,重要語義1,ひがめ,誤解,誤解｜間違った見方,古文で「誤解」を表す語義。文脈に応じて他の重要語義と訳し分ける。,なし,なし,なし,なし,なし,なし,標準古語辞典・検定済み教科書（複数資料照合）,なし,なし
古文単語_単語Deck2_共通テスト・受験標準_300,CJ-000507,507,単語Deck2_共通テスト・受験標準,語彙,標準名詞,ひがめ,ひがめ,僻目,名詞,品詞=名詞,CJ-000507-C02,meaning,重要語義2,ひがめ,ひねくれた考え,ひねくれた考え｜偏見,古文で「ひねくれた考え」を表す語義。文脈に応じて他の重要語義と訳し分ける。,なし,なし,なし,なし,なし,なし,標準古語辞典・検定済み教科書（複数資料照合）,なし,なし
古文単語_単語Deck2_共通テスト・受験標準_300,CJ-000508,508,単語Deck2_共通テスト・受験標準,語彙,標準代名詞,みづから,みずから,みずから｜自ら,代名詞,品詞=代名詞,CJ-000508-C01,meaning,重要語義1,みづから,自分,自分｜本人,古文で「自分」を表す語義。文脈に応じて他の重要語義と訳し分ける。,なし,なし,なし,なし,なし,なし,標準古語辞典・検定済み教科書（複数資料照合）,なし,なし
古文単語_単語Deck2_共通テスト・受験標準_300,CJ-000508,508,単語Deck2_共通テスト・受験標準,語彙,標準代名詞,みづから,みずから,みずから｜自ら,代名詞,品詞=代名詞,CJ-000508-C02,meaning,重要語義2,みづから,自分自身,自分自身｜自分で,古文で「自分自身」を表す語義。文脈に応じて他の重要語義と訳し分ける。,なし,なし,なし,なし,なし,なし,標準古語辞典・検定済み教科書（複数資料照合）,なし,なし
古文単語_単語Deck2_共通テスト・受験標準_300,CJ-000509,509,単語Deck2_共通テスト・受験標準,語彙,標準名詞,ものおもひ,ものおもい,ものおもい｜物思ひ,名詞,品詞=名詞,CJ-000509-C01,meaning,重要語義1,ものおもひ,心配,心配｜思い悩み,古文で「心配」を表す語義。文脈に応じて他の重要語義と訳し分ける。,なし,なし,なし,なし,なし,なし,標準古語辞典・検定済み教科書（複数資料照合）,なし,なし
古文単語_単語Deck2_共通テスト・受験標準_300,CJ-000509,509,単語Deck2_共通テスト・受験標準,語彙,標準名詞,ものおもひ,ものおもい,ものおもい｜物思ひ,名詞,品詞=名詞,CJ-000509-C02,meaning,重要語義2,ものおもひ,恋の悩み,恋の悩み｜恋煩い,古文で「恋の悩み」を表す語義。文脈に応じて他の重要語義と訳し分ける。,なし,なし,なし,なし,なし,なし,標準古語辞典・検定済み教科書（複数資料照合）,なし,なし
古文単語_単語Deck2_共通テスト・受験標準_300,CJ-000510,510,単語Deck2_共通テスト・受験標準,語彙,標準名詞,やう,よう,よう,名詞,品詞=名詞,CJ-000510-C01,meaning,重要語義1,やう,様子,様子｜ありさま,古文で「様子」を表す語義。文脈に応じて他の重要語義と訳し分ける。,なし,なし,なし,なし,なし,なし,標準古語辞典・検定済み教科書（複数資料照合）,なし,なし
古文単語_単語Deck2_共通テスト・受験標準_300,CJ-000510,510,単語Deck2_共通テスト・受験標準,語彙,標準名詞,やう,よう,よう,名詞,品詞=名詞,CJ-000510-C02,meaning,重要語義2,やう,理由,理由｜わけ,古文で「理由」を表す語義。文脈に応じて他の重要語義と訳し分ける。,なし,なし,なし,なし,なし,なし,標準古語辞典・検定済み教科書（複数資料照合）,なし,なし
古文単語_単語Deck2_共通テスト・受験標準_300,CJ-000510,510,単語Deck2_共通テスト・受験標準,語彙,標準名詞,やう,よう,よう,名詞,品詞=名詞,CJ-000510-C03,meaning,重要語義3,やう,方法,方法｜しかた,古文で「方法」を表す語義。文脈に応じて他の重要語義と訳し分ける。,なし,なし,なし,なし,なし,なし,標準古語辞典・検定済み教科書（複数資料照合）,なし,なし
古文単語_単語Deck2_共通テスト・受験標準_300,CJ-000511,511,単語Deck2_共通テスト・受験標準,語彙,標準名詞,ゆくへ,ゆくえ,ゆくえ｜行方,名詞,品詞=名詞,CJ-000511-C01,meaning,重要語義1,ゆくへ,行方,行方｜行く先,古文で「行方」を表す語義。文脈に応じて他の重要語義と訳し分ける。,なし,なし,なし,なし,なし,なし,標準古語辞典・検定済み教科書（複数資料照合）,なし,なし
古文単語_単語Deck2_共通テスト・受験標準_300,CJ-000511,511,単語Deck2_共通テスト・受験標準,語彙,標準名詞,ゆくへ,ゆくえ,ゆくえ｜行方,名詞,品詞=名詞,CJ-000511-C02,meaning,重要語義2,ゆくへ,将来,将来｜今後,古文で「将来」を表す語義。文脈に応じて他の重要語義と訳し分ける。,なし,なし,なし,なし,なし,なし,標準古語辞典・検定済み教科書（複数資料照合）,なし,なし
古文単語_単語Deck2_共通テスト・受験標準_300,CJ-000512,512,単語Deck2_共通テスト・受験標準,語彙,標準名詞,わたり,わたり,辺り,名詞,品詞=名詞,CJ-000512-C01,meaning,重要語義1,わたり,あたり,あたり｜付近,古文で「あたり」を表す語義。文脈に応じて他の重要語義と訳し分ける。,なし,なし,なし,なし,なし,なし,標準古語辞典・検定済み教科書（複数資料照合）,なし,なし
古文単語_単語Deck2_共通テスト・受験標準_300,CJ-000512,512,単語Deck2_共通テスト・受験標準,語彙,標準名詞,わたり,わたり,辺り,名詞,品詞=名詞,CJ-000512-C02,meaning,重要語義2,わたり,人,人｜その方面の人,古文で「人」を表す語義。文脈に応じて他の重要語義と訳し分ける。,なし,なし,なし,なし,なし,なし,標準古語辞典・検定済み教科書（複数資料照合）,なし,なし
古文単語_単語Deck2_共通テスト・受験標準_300,CJ-000513,513,単語Deck2_共通テスト・受験標準,語彙,標準名詞,あけぼの,あけぼの,曙,名詞,品詞=名詞,CJ-000513-C01,meaning,重要語義1,あけぼの,夜明け,夜明け｜明け方,古文で「夜明け」を表す基本語義。,なし,なし,なし,なし,なし,なし,標準古語辞典・検定済み教科書（複数資料照合）,なし,なし
古文単語_単語Deck2_共通テスト・受験標準_300,CJ-000514,514,単語Deck2_共通テスト・受験標準,語彙,標準名詞,うつしごころ,うつしごころ,現し心,名詞,品詞=名詞,CJ-000514-C01,meaning,重要語義1,うつしごころ,正気,正気｜平常の心,古文で「正気」を表す基本語義。,なし,なし,なし,なし,なし,なし,標準古語辞典・検定済み教科書（複数資料照合）,なし,なし
古文単語_単語Deck2_共通テスト・受験標準_300,CJ-000515,515,単語Deck2_共通テスト・受験標準,語彙,標準名詞,おきて,おきて,掟,名詞,品詞=名詞,CJ-000515-C01,meaning,重要語義1,おきて,決まり,決まり｜規則,古文で「決まり」を表す語義。文脈に応じて他の重要語義と訳し分ける。,なし,なし,なし,なし,なし,なし,標準古語辞典・検定済み教科書（複数資料照合）,なし,なし
古文単語_単語Deck2_共通テスト・受験標準_300,CJ-000515,515,単語Deck2_共通テスト・受験標準,語彙,標準名詞,おきて,おきて,掟,名詞,品詞=名詞,CJ-000515-C02,meaning,重要語義2,おきて,取り計らい,取り計らい｜処置,古文で「取り計らい」を表す語義。文脈に応じて他の重要語義と訳し分ける。,なし,なし,なし,なし,なし,なし,標準古語辞典・検定済み教科書（複数資料照合）,なし,なし
古文単語_単語Deck2_共通テスト・受験標準_300,CJ-000516,516,単語Deck2_共通テスト・受験標準,語彙,標準名詞,たま,たま,玉｜魂,名詞,品詞=名詞,CJ-000516-C01,meaning,重要語義1,たま,魂,魂｜生命,古文で「魂」を表す語義。文脈に応じて他の重要語義と訳し分ける。,なし,なし,なし,なし,なし,なし,標準古語辞典・検定済み教科書（複数資料照合）,なし,なし
古文単語_単語Deck2_共通テスト・受験標準_300,CJ-000516,516,単語Deck2_共通テスト・受験標準,語彙,標準名詞,たま,たま,玉｜魂,名詞,品詞=名詞,CJ-000516-C02,meaning,重要語義2,たま,宝玉,宝玉｜美しい玉,古文で「宝玉」を表す語義。文脈に応じて他の重要語義と訳し分ける。,なし,なし,なし,なし,なし,なし,標準古語辞典・検定済み教科書（複数資料照合）,なし,なし
古文単語_単語Deck2_共通テスト・受験標準_300,CJ-000516,516,単語Deck2_共通テスト・受験標準,語彙,標準名詞,たま,たま,玉｜魂,名詞,品詞=名詞,CJ-000516-C03,meaning,重要語義3,たま,美しいもの,美しいもの｜大切な人,古文で「美しいもの」を表す語義。文脈に応じて他の重要語義と訳し分ける。,なし,なし,なし,なし,なし,なし,標準古語辞典・検定済み教科書（複数資料照合）,なし,なし
古文単語_単語Deck2_共通テスト・受験標準_300,CJ-000517,517,単語Deck2_共通テスト・受験標準,語彙,標準名詞,つきかげ,つきかげ,月影,名詞,品詞=名詞,CJ-000517-C01,meaning,重要語義1,つきかげ,月の光,月の光｜月光,古文で「月の光」を表す語義。文脈に応じて他の重要語義と訳し分ける。,なし,なし,なし,なし,なし,なし,標準古語辞典・検定済み教科書（複数資料照合）,なし,なし
古文単語_単語Deck2_共通テスト・受験標準_300,CJ-000517,517,単語Deck2_共通テスト・受験標準,語彙,標準名詞,つきかげ,つきかげ,月影,名詞,品詞=名詞,CJ-000517-C02,meaning,重要語義2,つきかげ,月の姿,月の姿｜月そのもの,古文で「月の姿」を表す語義。文脈に応じて他の重要語義と訳し分ける。,なし,なし,なし,なし,なし,なし,標準古語辞典・検定済み教科書（複数資料照合）,なし,なし
古文単語_単語Deck2_共通テスト・受験標準_300,CJ-000518,518,単語Deck2_共通テスト・受験標準,語彙,標準名詞,としつき,としつき,年月,名詞,品詞=名詞,CJ-000518-C01,meaning,重要語義1,としつき,長い年月,長い年月｜長年,古文で「長い年月」を表す基本語義。,なし,なし,なし,なし,なし,なし,標準古語辞典・検定済み教科書（複数資料照合）,なし,なし
古文単語_単語Deck2_共通テスト・受験標準_300,CJ-000519,519,単語Deck2_共通テスト・受験標準,語彙,標準名詞,ふし,ふし,節,名詞,品詞=名詞,CJ-000519-C01,meaning,重要語義1,ふし,機会,機会｜折,古文で「機会」を表す語義。文脈に応じて他の重要語義と訳し分ける。,なし,なし,なし,なし,なし,なし,標準古語辞典・検定済み教科書（複数資料照合）,なし,なし
古文単語_単語Deck2_共通テスト・受験標準_300,CJ-000519,519,単語Deck2_共通テスト・受験標準,語彙,標準名詞,ふし,ふし,節,名詞,品詞=名詞,CJ-000519-C02,meaning,重要語義2,ふし,節,節｜区切り,古文で「節」を表す語義。文脈に応じて他の重要語義と訳し分ける。,なし,なし,なし,なし,なし,なし,標準古語辞典・検定済み教科書（複数資料照合）,なし,なし
古文単語_単語Deck2_共通テスト・受験標準_300,CJ-000520,520,単語Deck2_共通テスト・受験標準,語彙,標準名詞,ほとけ,ほとけ,仏,名詞,品詞=名詞,CJ-000520-C01,meaning,重要語義1,ほとけ,仏,仏｜仏像,古文で「仏」を表す語義。文脈に応じて他の重要語義と訳し分ける。,なし,なし,なし,なし,なし,なし,標準古語辞典・検定済み教科書（複数資料照合）,なし,なし
古文単語_単語Deck2_共通テスト・受験標準_300,CJ-000520,520,単語Deck2_共通テスト・受験標準,語彙,標準名詞,ほとけ,ほとけ,仏,名詞,品詞=名詞,CJ-000520-C02,meaning,重要語義2,ほとけ,死者,死者｜亡くなった人,古文で「死者」を表す語義。文脈に応じて他の重要語義と訳し分ける。,なし,なし,なし,なし,なし,なし,標準古語辞典・検定済み教科書（複数資料照合）,なし,なし
古文単語_単語Deck2_共通テスト・受験標準_300,CJ-000521,521,単語Deck2_共通テスト・受験標準,語彙,標準名詞,よしみ,よしみ,好み,名詞,品詞=名詞,CJ-000521-C01,meaning,重要語義1,よしみ,縁,縁｜つながり,古文で「縁」を表す語義。文脈に応じて他の重要語義と訳し分ける。,なし,なし,なし,なし,なし,なし,標準古語辞典・検定済み教科書（複数資料照合）,なし,なし
古文単語_単語Deck2_共通テスト・受験標準_300,CJ-000521,521,単語Deck2_共通テスト・受験標準,語彙,標準名詞,よしみ,よしみ,好み,名詞,品詞=名詞,CJ-000521-C02,meaning,重要語義2,よしみ,親交,親交｜親しい関係,古文で「親交」を表す語義。文脈に応じて他の重要語義と訳し分ける。,なし,なし,なし,なし,なし,なし,標準古語辞典・検定済み教科書（複数資料照合）,なし,なし
古文単語_単語Deck2_共通テスト・受験標準_300,CJ-000522,522,単語Deck2_共通テスト・受験標準,語彙,標準名詞,わざはひ,わざわい,わざわい｜災ひ,名詞,品詞=名詞,CJ-000522-C01,meaning,重要語義1,わざはひ,災難,災難｜不幸,古文で「災難」を表す基本語義。,なし,なし,なし,なし,なし,なし,標準古語辞典・検定済み教科書（複数資料照合）,なし,なし
古文単語_単語Deck2_共通テスト・受験標準_300,CJ-000523,523,単語Deck2_共通テスト・受験標準,語彙,標準名詞,あくがれ,あくがれ,なし,名詞,品詞=名詞,CJ-000523-C01,meaning,重要語義1,あくがれ,心がさまよい出ること,心がさまよい出ること｜心ここにあらずの状態,古文で「心がさまよい出ること」を表す語義。文脈に応じて他の重要語義と訳し分ける。,なし,なし,なし,なし,なし,なし,標準古語辞典・検定済み教科書（複数資料照合）,なし,なし
古文単語_単語Deck2_共通テスト・受験標準_300,CJ-000523,523,単語Deck2_共通テスト・受験標準,語彙,標準名詞,あくがれ,あくがれ,なし,名詞,品詞=名詞,CJ-000523-C02,meaning,重要語義2,あくがれ,魂が抜けること,魂が抜けること｜放心,古文で「魂が抜けること」を表す語義。文脈に応じて他の重要語義と訳し分ける。,なし,なし,なし,なし,なし,なし,標準古語辞典・検定済み教科書（複数資料照合）,なし,なし
古文単語_単語Deck2_共通テスト・受験標準_300,CJ-000524,524,単語Deck2_共通テスト・受験標準,語彙,標準名詞,いさめ,いさめ,諫め,名詞,品詞=名詞,CJ-000524-C01,meaning,重要語義1,いさめ,忠告,忠告｜いさめること,古文で「忠告」を表す基本語義。,なし,なし,なし,なし,なし,なし,標準古語辞典・検定済み教科書（複数資料照合）,なし,なし
古文単語_単語Deck2_共通テスト・受験標準_300,CJ-000525,525,単語Deck2_共通テスト・受験標準,語彙,標準名詞,うた,うた,歌,名詞,品詞=名詞,CJ-000525-C01,meaning,重要語義1,うた,和歌,和歌｜歌,古文で「和歌」を表す基本語義。,なし,なし,なし,なし,なし,なし,標準古語辞典・検定済み教科書（複数資料照合）,なし,なし
古文単語_単語Deck2_共通テスト・受験標準_300,CJ-000526,526,単語Deck2_共通テスト・受験標準,語彙,標準名詞,おもひ,おもい,おもい｜思ひ,名詞,品詞=名詞,CJ-000526-C01,meaning,重要語義1,おもひ,恋心,恋心｜人を思う気持ち,古文で「恋心」を表す語義。文脈に応じて他の重要語義と訳し分ける。,なし,なし,なし,なし,なし,なし,標準古語辞典・検定済み教科書（複数資料照合）,なし,なし
古文単語_単語Deck2_共通テスト・受験標準_300,CJ-000526,526,単語Deck2_共通テスト・受験標準,語彙,標準名詞,おもひ,おもい,おもい｜思ひ,名詞,品詞=名詞,CJ-000526-C02,meaning,重要語義2,おもひ,喪,喪｜服喪,古文で「喪」を表す語義。文脈に応じて他の重要語義と訳し分ける。,なし,なし,なし,なし,なし,なし,標準古語辞典・検定済み教科書（複数資料照合）,なし,服喪=ふくも
古文単語_単語Deck2_共通テスト・受験標準_300,CJ-000527,527,単語Deck2_共通テスト・受験標準,語彙,標準名詞,かたらひ,かたらい,かたらい｜語らひ,名詞,品詞=名詞,CJ-000527-C01,meaning,重要語義1,かたらひ,約束,約束｜契り,古文で「約束」を表す語義。文脈に応じて他の重要語義と訳し分ける。,なし,なし,なし,なし,なし,なし,標準古語辞典・検定済み教科書（複数資料照合）,なし,なし
古文単語_単語Deck2_共通テスト・受験標準_300,CJ-000527,527,単語Deck2_共通テスト・受験標準,語彙,標準名詞,かたらひ,かたらい,かたらい｜語らひ,名詞,品詞=名詞,CJ-000527-C02,meaning,重要語義2,かたらひ,親交,親交｜親しい付き合い,古文で「親交」を表す語義。文脈に応じて他の重要語義と訳し分ける。,なし,なし,なし,なし,なし,なし,標準古語辞典・検定済み教科書（複数資料照合）,なし,なし
古文単語_単語Deck2_共通テスト・受験標準_300,CJ-000528,528,単語Deck2_共通テスト・受験標準,語彙,標準名詞,けさう,けそう,けそう｜懸想,名詞,品詞=名詞,CJ-000528-C01,meaning,重要語義1,けさう,恋慕,恋慕｜恋心,古文で「恋慕」を表す語義。文脈に応じて他の重要語義と訳し分ける。,なし,なし,なし,現代語の「化粧」,「けさう（懸想）」は恋慕・求婚。,なし,標準古語辞典・検定済み教科書（複数資料照合）,なし,恋慕=れんぼ
古文単語_単語Deck2_共通テスト・受験標準_300,CJ-000528,528,単語Deck2_共通テスト・受験標準,語彙,標準名詞,けさう,けそう,けそう｜懸想,名詞,品詞=名詞,CJ-000528-C02,meaning,重要語義2,けさう,求婚,求婚｜言い寄ること,古文で「求婚」を表す語義。文脈に応じて他の重要語義と訳し分ける。,なし,なし,なし,現代語の「化粧」,「けさう（懸想）」は恋慕・求婚。,なし,標準古語辞典・検定済み教科書（複数資料照合）,なし,恋慕=れんぼ
古文単語_単語Deck2_共通テスト・受験標準_300,CJ-000529,529,単語Deck2_共通テスト・受験標準,語彙,標準名詞,こころづくし,こころずくし,心尽くし,名詞,品詞=名詞,CJ-000529-C01,meaning,重要語義1,こころづくし,物思い,物思い｜心を悩ませること,古文で「物思い」を表す語義。文脈に応じて他の重要語義と訳し分ける。,なし,なし,なし,なし,なし,なし,標準古語辞典・検定済み教科書（複数資料照合）,なし,なし
古文単語_単語Deck2_共通テスト・受験標準_300,CJ-000529,529,単語Deck2_共通テスト・受験標準,語彙,標準名詞,こころづくし,こころずくし,心尽くし,名詞,品詞=名詞,CJ-000529-C02,meaning,重要語義2,こころづくし,心配,心配｜気苦労,古文で「心配」を表す語義。文脈に応じて他の重要語義と訳し分ける。,なし,なし,なし,なし,なし,なし,標準古語辞典・検定済み教科書（複数資料照合）,なし,なし
古文単語_単語Deck2_共通テスト・受験標準_300,CJ-000530,530,単語Deck2_共通テスト・受験標準,語彙,標準名詞,すみか,すみか,住処,名詞,品詞=名詞,CJ-000530-C01,meaning,重要語義1,すみか,住居,住居｜住む所,古文で「住居」を表す基本語義。,なし,なし,なし,なし,なし,なし,標準古語辞典・検定済み教科書（複数資料照合）,なし,なし
古文単語_単語Deck2_共通テスト・受験標準_300,CJ-000531,531,単語Deck2_共通テスト・受験標準,語彙,標準名詞,たまゆら,たまゆら,玉響,名詞,品詞=名詞,CJ-000531-C01,meaning,重要語義1,たまゆら,ほんの少しの間,ほんの少しの間｜一瞬,古文で「ほんの少しの間」を表す基本語義。,なし,なし,なし,なし,なし,なし,標準古語辞典・検定済み教科書（複数資料照合）,なし,なし
古文単語_単語Deck2_共通テスト・受験標準_300,CJ-000532,532,単語Deck2_共通テスト・受験標準,語彙,標準名詞,とぶらひ,とぶらい,とぶらい｜訪ひ,名詞,品詞=名詞,CJ-000532-C01,meaning,重要語義1,とぶらひ,訪問,訪問｜訪ねること,古文で「訪問」を表す語義。文脈に応じて他の重要語義と訳し分ける。,なし,なし,なし,なし,なし,なし,標準古語辞典・検定済み教科書（複数資料照合）,なし,なし
古文単語_単語Deck2_共通テスト・受験標準_300,CJ-000532,532,単語Deck2_共通テスト・受験標準,語彙,標準名詞,とぶらひ,とぶらい,とぶらい｜訪ひ,名詞,品詞=名詞,CJ-000532-C02,meaning,重要語義2,とぶらひ,見舞い,見舞い｜安否を問うこと,古文で「見舞い」を表す語義。文脈に応じて他の重要語義と訳し分ける。,なし,なし,なし,なし,なし,なし,標準古語辞典・検定済み教科書（複数資料照合）,なし,なし
古文単語_単語Deck2_共通テスト・受験標準_300,CJ-000532,532,単語Deck2_共通テスト・受験標準,語彙,標準名詞,とぶらひ,とぶらい,とぶらい｜訪ひ,名詞,品詞=名詞,CJ-000532-C03,meaning,重要語義3,とぶらひ,弔い,弔い｜死者を悼むこと,古文で「弔い」を表す語義。文脈に応じて他の重要語義と訳し分ける。,なし,なし,なし,なし,なし,なし,標準古語辞典・検定済み教科書（複数資料照合）,なし,弔い=とむらい
古文単語_単語Deck2_共通テスト・受験標準_300,CJ-000533,533,単語Deck2_共通テスト・受験標準,語彙,標準名詞,ながめ,ながめ,眺め,名詞,品詞=名詞,CJ-000533-C01,meaning,重要語義1,ながめ,物思い,物思い｜ぼんやり思いに沈むこと,古文で「物思い」を表す語義。文脈に応じて他の重要語義と訳し分ける。,なし,なし,なし,なし,なし,なし,標準古語辞典・検定済み教科書（複数資料照合）,なし,なし
古文単語_単語Deck2_共通テスト・受験標準_300,CJ-000533,533,単語Deck2_共通テスト・受験標準,語彙,標準名詞,ながめ,ながめ,眺め,名詞,品詞=名詞,CJ-000533-C02,meaning,重要語義2,ながめ,眺望,眺望｜見晴らし,古文で「眺望」を表す語義。文脈に応じて他の重要語義と訳し分ける。,なし,なし,なし,なし,なし,なし,標準古語辞典・検定済み教科書（複数資料照合）,なし,なし
古文単語_単語Deck2_共通テスト・受験標準_300,CJ-000534,534,単語Deck2_共通テスト・受験標準,語彙,標準名詞,はかなごと,はかなごと,果敢な事,名詞,品詞=名詞,CJ-000534-C01,meaning,重要語義1,はかなごと,つまらないこと,つまらないこと｜取るに足りないこと,古文で「つまらないこと」を表す語義。文脈に応じて他の重要語義と訳し分ける。,なし,なし,なし,なし,なし,なし,標準古語辞典・検定済み教科書（複数資料照合）,なし,なし
古文単語_単語Deck2_共通テスト・受験標準_300,CJ-000534,534,単語Deck2_共通テスト・受験標準,語彙,標準名詞,はかなごと,はかなごと,果敢な事,名詞,品詞=名詞,CJ-000534-C02,meaning,重要語義2,はかなごと,ちょっとしたこと,ちょっとしたこと｜些細なこと,古文で「ちょっとしたこと」を表す語義。文脈に応じて他の重要語義と訳し分ける。,なし,なし,なし,なし,なし,なし,標準古語辞典・検定済み教科書（複数資料照合）,なし,なし
古文単語_単語Deck2_共通テスト・受験標準_300,CJ-000535,535,単語Deck2_共通テスト・受験標準,語彙,標準名詞,ふること,ふること,古事,名詞,品詞=名詞,CJ-000535-C01,meaning,重要語義1,ふること,昔話,昔話｜古い物語,古文で「昔話」を表す語義。文脈に応じて他の重要語義と訳し分ける。,なし,なし,なし,なし,なし,なし,標準古語辞典・検定済み教科書（複数資料照合）,なし,なし
古文単語_単語Deck2_共通テスト・受験標準_300,CJ-000535,535,単語Deck2_共通テスト・受験標準,語彙,標準名詞,ふること,ふること,古事,名詞,品詞=名詞,CJ-000535-C02,meaning,重要語義2,ふること,古い和歌,古い和歌｜昔の歌,古文で「古い和歌」を表す語義。文脈に応じて他の重要語義と訳し分ける。,なし,なし,なし,なし,なし,なし,標準古語辞典・検定済み教科書（複数資料照合）,なし,なし
古文単語_単語Deck2_共通テスト・受験標準_300,CJ-000536,536,単語Deck2_共通テスト・受験標準,語彙,標準名詞,まうで,もうで,もうで｜詣で,名詞,品詞=名詞,CJ-000536-C01,meaning,重要語義1,まうで,参詣,参詣｜寺社に参ること,古文で「参詣」を表す語義。文脈に応じて他の重要語義と訳し分ける。,なし,なし,なし,まゐる,「まうで」は参詣・外出を表す名詞。,なし,標準古語辞典・検定済み教科書（複数資料照合）,なし,参詣=さんけい
古文単語_単語Deck2_共通テスト・受験標準_300,CJ-000536,536,単語Deck2_共通テスト・受験標準,語彙,標準名詞,まうで,もうで,もうで｜詣で,名詞,品詞=名詞,CJ-000536-C02,meaning,重要語義2,まうで,外出,外出｜出かけること,古文で「外出」を表す語義。文脈に応じて他の重要語義と訳し分ける。,なし,なし,なし,まゐる,「まうで」は参詣・外出を表す名詞。,なし,標準古語辞典・検定済み教科書（複数資料照合）,なし,参詣=さんけい
古文単語_単語Deck2_共通テスト・受験標準_300,CJ-000537,537,単語Deck2_共通テスト・受験標準,語彙,標準名詞,もてなし,もてなし,なし,名詞,品詞=名詞,CJ-000537-C01,meaning,重要語義1,もてなし,扱い,扱い｜待遇,古文で「扱い」を表す語義。文脈に応じて他の重要語義と訳し分ける。,なし,なし,なし,なし,なし,なし,標準古語辞典・検定済み教科書（複数資料照合）,なし,なし
古文単語_単語Deck2_共通テスト・受験標準_300,CJ-000537,537,単語Deck2_共通テスト・受験標準,語彙,標準名詞,もてなし,もてなし,なし,名詞,品詞=名詞,CJ-000537-C02,meaning,重要語義2,もてなし,振る舞い,振る舞い｜態度,古文で「振る舞い」を表す語義。文脈に応じて他の重要語義と訳し分ける。,なし,なし,なし,なし,なし,なし,標準古語辞典・検定済み教科書（複数資料照合）,なし,なし
古文単語_単語Deck2_共通テスト・受験標準_300,CJ-000538,538,単語Deck2_共通テスト・受験標準,語彙,標準名詞,やどり,やどり,宿り,名詞,品詞=名詞,CJ-000538-C01,meaning,重要語義1,やどり,宿,宿｜泊まる所,古文で「宿」を表す語義。文脈に応じて他の重要語義と訳し分ける。,なし,なし,なし,なし,なし,なし,標準古語辞典・検定済み教科書（複数資料照合）,なし,なし
古文単語_単語Deck2_共通テスト・受験標準_300,CJ-000538,538,単語Deck2_共通テスト・受験標準,語彙,標準名詞,やどり,やどり,宿り,名詞,品詞=名詞,CJ-000538-C02,meaning,重要語義2,やどり,仮の住まい,仮の住まい｜一時の居所,古文で「仮の住まい」を表す語義。文脈に応じて他の重要語義と訳し分ける。,なし,なし,なし,なし,なし,なし,標準古語辞典・検定済み教科書（複数資料照合）,なし,なし
古文単語_単語Deck2_共通テスト・受験標準_300,CJ-000539,539,単語Deck2_共通テスト・受験標準,語彙,標準名詞,よのなか,よのなか,世の中,名詞,品詞=名詞,CJ-000539-C01,meaning,重要語義1,よのなか,世間,世間｜社会,古文で「世間」を表す語義。文脈に応じて他の重要語義と訳し分ける。,なし,なし,なし,なし,なし,なし,標準古語辞典・検定済み教科書（複数資料照合）,なし,なし
古文単語_単語Deck2_共通テスト・受験標準_300,CJ-000539,539,単語Deck2_共通テスト・受験標準,語彙,標準名詞,よのなか,よのなか,世の中,名詞,品詞=名詞,CJ-000539-C02,meaning,重要語義2,よのなか,男女の仲,男女の仲｜夫婦関係,古文で「男女の仲」を表す語義。文脈に応じて他の重要語義と訳し分ける。,なし,なし,なし,なし,なし,なし,標準古語辞典・検定済み教科書（複数資料照合）,なし,なし
古文単語_単語Deck2_共通テスト・受験標準_300,CJ-000540,540,単語Deck2_共通テスト・受験標準,語彙,標準名詞,せうと,しょうと,しょうと｜兄人,名詞,品詞=名詞,CJ-000540-C01,meaning,重要語義1,せうと,兄弟,兄弟｜男のきょうだい,古文で「兄弟」を表す基本語義。,なし,なし,なし,なし,なし,なし,標準古語辞典・検定済み教科書（複数資料照合）,なし,なし
古文単語_単語Deck2_共通テスト・受験標準_300,CJ-000541,541,単語Deck2_共通テスト・受験標準,語彙,標準名詞,ちご,ちご,児,名詞,品詞=名詞,CJ-000541-C01,meaning,重要語義1,ちご,幼児,幼児｜小さな子ども,古文で「幼児」を表す語義。文脈に応じて他の重要語義と訳し分ける。,なし,なし,なし,なし,なし,なし,標準古語辞典・検定済み教科書（複数資料照合）,なし,なし
古文単語_単語Deck2_共通テスト・受験標準_300,CJ-000541,541,単語Deck2_共通テスト・受験標準,語彙,標準名詞,ちご,ちご,児,名詞,品詞=名詞,CJ-000541-C02,meaning,重要語義2,ちご,寺院に仕える少年,寺院に仕える少年｜稚児,古文で「寺院に仕える少年」を表す語義。文脈に応じて他の重要語義と訳し分ける。,なし,なし,なし,なし,なし,なし,標準古語辞典・検定済み教科書（複数資料照合）,なし,稚児=ちご
古文単語_単語Deck2_共通テスト・受験標準_300,CJ-000542,542,単語Deck2_共通テスト・受験標準,語彙,標準名詞,めのと,めのと,乳母,名詞,品詞=名詞,CJ-000542-C01,meaning,重要語義1,めのと,乳母,乳母｜養育係,古文で「乳母」を表す基本語義。,なし,なし,なし,なし,なし,なし,標準古語辞典・検定済み教科書（複数資料照合）,なし,なし
古文単語_単語Deck2_共通テスト・受験標準_300,CJ-000543,543,単語Deck2_共通テスト・受験標準,語彙,標準名詞,おとな,おとな,大人,名詞,品詞=名詞,CJ-000543-C01,meaning,重要語義1,おとな,年長者,年長者｜成人,古文で「年長者」を表す語義。文脈に応じて他の重要語義と訳し分ける。,なし,なし,なし,なし,なし,なし,標準古語辞典・検定済み教科書（複数資料照合）,なし,なし
古文単語_単語Deck2_共通テスト・受験標準_300,CJ-000543,543,単語Deck2_共通テスト・受験標準,語彙,標準名詞,おとな,おとな,大人,名詞,品詞=名詞,CJ-000543-C02,meaning,重要語義2,おとな,一族の代表,一族の代表｜主だった人,古文で「一族の代表」を表す語義。文脈に応じて他の重要語義と訳し分ける。,なし,なし,なし,なし,なし,なし,標準古語辞典・検定済み教科書（複数資料照合）,なし,なし
古文単語_単語Deck2_共通テスト・受験標準_300,CJ-000544,544,単語Deck2_共通テスト・受験標準,語彙,標準名詞,ひとやり,ひとやり,人遣り,名詞,品詞=名詞,CJ-000544-C01,meaning,重要語義1,ひとやり,他人のせい,他人のせい｜他人に責任を負わせること,古文で「他人のせい」を表す基本語義。,なし,なし,なし,なし,なし,なし,標準古語辞典・検定済み教科書（複数資料照合）,なし,なし
古文単語_単語Deck2_共通テスト・受験標準_300,CJ-000545,545,単語Deck2_共通テスト・受験標準,語彙,標準名詞,むつび,むつび,睦び,名詞,品詞=名詞,CJ-000545-C01,meaning,重要語義1,むつび,親しみ,親しみ｜親密さ,古文で「親しみ」を表す語義。文脈に応じて他の重要語義と訳し分ける。,なし,なし,なし,なし,なし,なし,標準古語辞典・検定済み教科書（複数資料照合）,なし,なし
古文単語_単語Deck2_共通テスト・受験標準_300,CJ-000545,545,単語Deck2_共通テスト・受験標準,語彙,標準名詞,むつび,むつび,睦び,名詞,品詞=名詞,CJ-000545-C02,meaning,重要語義2,むつび,愛情,愛情｜仲のよさ,古文で「愛情」を表す語義。文脈に応じて他の重要語義と訳し分ける。,なし,なし,なし,なし,なし,なし,標準古語辞典・検定済み教科書（複数資料照合）,なし,なし
古文単語_単語Deck2_共通テスト・受験標準_300,CJ-000546,546,単語Deck2_共通テスト・受験標準,語彙,標準名詞,やから,やから,族,名詞,品詞=名詞,CJ-000546-C01,meaning,重要語義1,やから,一族,一族｜血縁の者,古文で「一族」を表す語義。文脈に応じて他の重要語義と訳し分ける。,なし,なし,なし,なし,なし,なし,標準古語辞典・検定済み教科書（複数資料照合）,なし,なし
古文単語_単語Deck2_共通テスト・受験標準_300,CJ-000546,546,単語Deck2_共通テスト・受験標準,語彙,標準名詞,やから,やから,族,名詞,品詞=名詞,CJ-000546-C02,meaning,重要語義2,やから,仲間,仲間｜同類,古文で「仲間」を表す語義。文脈に応じて他の重要語義と訳し分ける。,なし,なし,なし,なし,なし,なし,標準古語辞典・検定済み教科書（複数資料照合）,なし,なし
古文単語_単語Deck2_共通テスト・受験標準_300,CJ-000547,547,単語Deck2_共通テスト・受験標準,語彙,標準名詞,おとづれ,おとずれ,おとずれ｜訪れ,名詞,品詞=名詞,CJ-000547-C01,meaning,重要語義1,おとづれ,訪問,訪問｜人が訪ねて来ること,古文で「訪問」を表す語義。文脈に応じて他の重要語義と訳し分ける。,なし,なし,なし,なし,なし,なし,標準古語辞典・検定済み教科書（複数資料照合）,なし,なし
古文単語_単語Deck2_共通テスト・受験標準_300,CJ-000547,547,単語Deck2_共通テスト・受験標準,語彙,標準名詞,おとづれ,おとずれ,おとずれ｜訪れ,名詞,品詞=名詞,CJ-000547-C02,meaning,重要語義2,おとづれ,便り,便り｜消息,古文で「便り」を表す語義。文脈に応じて他の重要語義と訳し分ける。,なし,なし,なし,なし,なし,なし,標準古語辞典・検定済み教科書（複数資料照合）,なし,なし
古文単語_単語Deck2_共通テスト・受験標準_300,CJ-000548,548,単語Deck2_共通テスト・受験標準,語彙,標準名詞,よそほひ,よそおい,よそおい｜装ひ,名詞,品詞=名詞,CJ-000548-C01,meaning,重要語義1,よそほひ,装い,装い｜身なり,古文で「装い」を表す語義。文脈に応じて他の重要語義と訳し分ける。,なし,なし,なし,なし,なし,なし,標準古語辞典・検定済み教科書（複数資料照合）,なし,なし
古文単語_単語Deck2_共通テスト・受験標準_300,CJ-000548,548,単語Deck2_共通テスト・受験標準,語彙,標準名詞,よそほひ,よそおい,よそおい｜装ひ,名詞,品詞=名詞,CJ-000548-C02,meaning,重要語義2,よそほひ,準備,準備｜支度,古文で「準備」を表す語義。文脈に応じて他の重要語義と訳し分ける。,なし,なし,なし,なし,なし,なし,標準古語辞典・検定済み教科書（複数資料照合）,なし,なし
古文単語_単語Deck2_共通テスト・受験標準_300,CJ-000549,549,単語Deck2_共通テスト・受験標準,語彙,標準名詞,うきよ,うきよ,憂き世,名詞,品詞=名詞,CJ-000549-C01,meaning,重要語義1,うきよ,つらい世,つらい世｜苦しい世の中,古文で「つらい世」を表す語義。文脈に応じて他の重要語義と訳し分ける。,なし,なし,なし,なし,なし,なし,標準古語辞典・検定済み教科書（複数資料照合）,なし,なし
古文単語_単語Deck2_共通テスト・受験標準_300,CJ-000549,549,単語Deck2_共通テスト・受験標準,語彙,標準名詞,うきよ,うきよ,憂き世,名詞,品詞=名詞,CJ-000549-C02,meaning,重要語義2,うきよ,この世,この世｜現世,古文で「この世」を表す語義。文脈に応じて他の重要語義と訳し分ける。,なし,なし,なし,なし,なし,なし,標準古語辞典・検定済み教科書（複数資料照合）,なし,現世=げんせ
古文単語_単語Deck2_共通テスト・受験標準_300,CJ-000550,550,単語Deck2_共通テスト・受験標準,語彙,標準名詞,すくせ,すくせ,宿世,名詞,品詞=名詞,CJ-000550-C01,meaning,重要語義1,すくせ,前世,前世｜前の世,古文で「前世」を表す語義。文脈に応じて他の重要語義と訳し分ける。,なし,なし,なし,なし,なし,なし,標準古語辞典・検定済み教科書（複数資料照合）,なし,なし
古文単語_単語Deck2_共通テスト・受験標準_300,CJ-000550,550,単語Deck2_共通テスト・受験標準,語彙,標準名詞,すくせ,すくせ,宿世,名詞,品詞=名詞,CJ-000550-C02,meaning,重要語義2,すくせ,因縁,因縁｜宿命,古文で「因縁」を表す語義。文脈に応じて他の重要語義と訳し分ける。,なし,なし,なし,なし,なし,なし,標準古語辞典・検定済み教科書（複数資料照合）,なし,なし
古文単語_単語Deck2_共通テスト・受験標準_300,CJ-000551,551,単語Deck2_共通テスト・受験標準,語彙,標準感動詞,あなかしこ,あなかしこ,なし,感動詞,品詞=感動詞,CJ-000551-C01,meaning,重要語義1,あなかしこ,ああ恐れ多い,ああ恐れ多い｜ああもったいない,古文で「ああ恐れ多い」を表す語義。文脈に応じて他の重要語義と訳し分ける。,なし,なし,なし,なし,なし,なし,標準古語辞典・検定済み教科書（複数資料照合）,なし,なし
古文単語_単語Deck2_共通テスト・受験標準_300,CJ-000551,551,単語Deck2_共通テスト・受験標準,語彙,標準感動詞,あなかしこ,あなかしこ,なし,感動詞,品詞=感動詞,CJ-000551-C02,meaning,重要語義2,あなかしこ,決して,決して｜くれぐれも,古文で「決して」を表す語義。文脈に応じて他の重要語義と訳し分ける。,なし,なし,なし,なし,なし,なし,標準古語辞典・検定済み教科書（複数資料照合）,なし,なし
古文単語_単語Deck2_共通テスト・受験標準_300,CJ-000552,552,単語Deck2_共通テスト・受験標準,語彙,標準感動詞,いで,いで,なし,感動詞,品詞=感動詞,CJ-000552-C01,meaning,重要語義1,いで,さあ,さあ｜さて,古文で「さあ」を表す語義。文脈に応じて他の重要語義と訳し分ける。,なし,なし,なし,なし,なし,なし,標準古語辞典・検定済み教科書（複数資料照合）,なし,なし
古文単語_単語Deck2_共通テスト・受験標準_300,CJ-000552,552,単語Deck2_共通テスト・受験標準,語彙,標準感動詞,いで,いで,なし,感動詞,品詞=感動詞,CJ-000552-C02,meaning,重要語義2,いで,いや,いや｜いやはや,古文で「いや」を表す語義。文脈に応じて他の重要語義と訳し分ける。,なし,なし,なし,なし,なし,なし,標準古語辞典・検定済み教科書（複数資料照合）,なし,なし
古文単語_単語Deck2_共通テスト・受験標準_300,CJ-000553,553,単語Deck2_共通テスト・受験標準,語彙,標準副詞,うべ,うべ,宜,副詞,品詞=副詞,CJ-000553-C01,meaning,重要語義1,うべ,なるほど,なるほど｜もっともだ,古文で「なるほど」を表す基本語義。,なし,なし,なし,なし,なし,なし,標準古語辞典・検定済み教科書（複数資料照合）,なし,なし
古文単語_単語Deck2_共通テスト・受験標準_300,CJ-000554,554,単語Deck2_共通テスト・受験標準,語彙,標準副詞,え,え,なし,副詞,品詞=副詞,CJ-000554-C01,meaning,重要語義1,え,〜できない,〜できない｜不可能だ,古文で「〜できない」を表す基本語義。,なし,なし,なし,打消表現,副詞「え」は通常、後ろの打消と呼応して「〜できない」。,なし,標準古語辞典・検定済み教科書（複数資料照合）,なし,なし
古文単語_単語Deck2_共通テスト・受験標準_300,CJ-000555,555,単語Deck2_共通テスト・受験標準,語彙,標準副詞,おほよそ,おおよそ,おおよそ,副詞,品詞=副詞,CJ-000555-C01,meaning,重要語義1,おほよそ,だいたい,だいたい｜おおむね,古文で「だいたい」を表す語義。文脈に応じて他の重要語義と訳し分ける。,なし,なし,なし,なし,なし,なし,標準古語辞典・検定済み教科書（複数資料照合）,なし,なし
古文単語_単語Deck2_共通テスト・受験標準_300,CJ-000555,555,単語Deck2_共通テスト・受験標準,語彙,標準副詞,おほよそ,おおよそ,おおよそ,副詞,品詞=副詞,CJ-000555-C02,meaning,重要語義2,おほよそ,まったく,まったく｜全然,古文で「まったく」を表す語義。文脈に応じて他の重要語義と訳し分ける。,なし,なし,なし,なし,なし,なし,標準古語辞典・検定済み教科書（複数資料照合）,なし,なし
古文単語_単語Deck2_共通テスト・受験標準_300,CJ-000556,556,単語Deck2_共通テスト・受験標準,語彙,標準副詞,かくて,かくて,なし,副詞,品詞=副詞,CJ-000556-C01,meaning,重要語義1,かくて,こうして,こうして｜このようにして,古文で「こうして」を表す基本語義。,なし,なし,なし,なし,なし,なし,標準古語辞典・検定済み教科書（複数資料照合）,なし,なし
古文単語_単語Deck2_共通テスト・受験標準_300,CJ-000557,557,単語Deck2_共通テスト・受験標準,語彙,標準副詞,かけて,かけて,なし,副詞,品詞=副詞,CJ-000557-C01,meaning,重要語義1,かけて,決して,決して｜少しも,古文で「決して」を表す語義。文脈に応じて他の重要語義と訳し分ける。,なし,なし,なし,打消表現,「かけて〜ず」の形では「決して・少しも」。,なし,標準古語辞典・検定済み教科書（複数資料照合）,なし,なし
古文単語_単語Deck2_共通テスト・受験標準_300,CJ-000557,557,単語Deck2_共通テスト・受験標準,語彙,標準副詞,かけて,かけて,なし,副詞,品詞=副詞,CJ-000557-C02,meaning,重要語義2,かけて,心にかけて,心にかけて｜気にして,古文で「心にかけて」を表す語義。文脈に応じて他の重要語義と訳し分ける。,なし,なし,なし,打消表現,「かけて〜ず」の形では「決して・少しも」。,なし,標準古語辞典・検定済み教科書（複数資料照合）,なし,なし
古文単語_単語Deck2_共通テスト・受験標準_300,CJ-000558,558,単語Deck2_共通テスト・受験標準,語彙,標準副詞,さだめて,さだめて,定めて,副詞,品詞=副詞,CJ-000558-C01,meaning,重要語義1,さだめて,きっと,きっと｜必ず,古文で「きっと」を表す基本語義。,なし,なし,なし,なし,なし,なし,標準古語辞典・検定済み教科書（複数資料照合）,なし,なし
古文単語_単語Deck2_共通テスト・受験標準_300,CJ-000559,559,単語Deck2_共通テスト・受験標準,語彙,標準副詞,さのみ,さのみ,なし,副詞,品詞=副詞,CJ-000559-C01,meaning,重要語義1,さのみ,それほど,それほど｜そんなに,古文で「それほど」を表す基本語義。,なし,なし,なし,なし,なし,なし,標準古語辞典・検定済み教科書（複数資料照合）,なし,なし
古文単語_単語Deck2_共通テスト・受験標準_300,CJ-000560,560,単語Deck2_共通テスト・受験標準,語彙,標準感動詞,さはれ,さわれ,さわれ,感動詞,品詞=感動詞,CJ-000560-C01,meaning,重要語義1,さはれ,どうにでもなれ,どうにでもなれ｜ままよ,古文で「どうにでもなれ」を表す語義。文脈に応じて他の重要語義と訳し分ける。,なし,なし,なし,なし,なし,なし,標準古語辞典・検定済み教科書（複数資料照合）,なし,なし
古文単語_単語Deck2_共通テスト・受験標準_300,CJ-000560,560,単語Deck2_共通テスト・受験標準,語彙,標準感動詞,さはれ,さわれ,さわれ,感動詞,品詞=感動詞,CJ-000560-C02,meaning,重要語義2,さはれ,それはそうとして,それはそうとして｜ともかく,古文で「それはそうとして」を表す語義。文脈に応じて他の重要語義と訳し分ける。,なし,なし,なし,なし,なし,なし,標準古語辞典・検定済み教科書（複数資料照合）,なし,なし
古文単語_単語Deck2_共通テスト・受験標準_300,CJ-000561,561,単語Deck2_共通テスト・受験標準,語彙,標準接続詞,さりとも,さりとも,なし,接続詞,品詞=接続詞,CJ-000561-C01,meaning,重要語義1,さりとも,そうであっても,そうであっても｜それでも,古文で「そうであっても」を表す基本語義。,なし,なし,なし,なし,なし,なし,標準古語辞典・検定済み教科書（複数資料照合）,なし,なし
古文単語_単語Deck2_共通テスト・受験標準_300,CJ-000562,562,単語Deck2_共通テスト・受験標準,語彙,標準副詞,すべて,すべて,総て,副詞,品詞=副詞,CJ-000562-C01,meaning,重要語義1,すべて,全部,全部｜ことごとく,古文で「全部」を表す語義。文脈に応じて他の重要語義と訳し分ける。,なし,なし,なし,なし,なし,なし,標準古語辞典・検定済み教科書（複数資料照合）,なし,なし
古文単語_単語Deck2_共通テスト・受験標準_300,CJ-000562,562,単語Deck2_共通テスト・受験標準,語彙,標準副詞,すべて,すべて,総て,副詞,品詞=副詞,CJ-000562-C02,meaning,重要語義2,すべて,まったく,まったく｜一向に,古文で「まったく」を表す語義。文脈に応じて他の重要語義と訳し分ける。,なし,なし,なし,なし,なし,なし,標準古語辞典・検定済み教科書（複数資料照合）,なし,なし
古文単語_単語Deck2_共通テスト・受験標準_300,CJ-000563,563,単語Deck2_共通テスト・受験標準,語彙,標準副詞,たえて,たえて,絶えて,副詞,品詞=副詞,CJ-000563-C01,meaning,重要語義1,たえて,まったく,まったく｜少しも,古文で「まったく」を表す基本語義。,なし,なし,なし,打消表現,打消を伴って「まったく・少しも」となることが多い。,なし,標準古語辞典・検定済み教科書（複数資料照合）,なし,なし
古文単語_単語Deck2_共通テスト・受験標準_300,CJ-000564,564,単語Deck2_共通テスト・受験標準,語彙,標準副詞,つと,つと,なし,副詞,品詞=副詞,CJ-000564-C01,meaning,重要語義1,つと,じっと,じっと｜そのまま,古文で「じっと」を表す語義。文脈に応じて他の重要語義と訳し分ける。,なし,なし,なし,なし,なし,なし,標準古語辞典・検定済み教科書（複数資料照合）,なし,なし
古文単語_単語Deck2_共通テスト・受験標準_300,CJ-000564,564,単語Deck2_共通テスト・受験標準,語彙,標準副詞,つと,つと,なし,副詞,品詞=副詞,CJ-000564-C02,meaning,重要語義2,つと,急に,急に｜さっと,古文で「急に」を表す語義。文脈に応じて他の重要語義と訳し分ける。,なし,なし,なし,なし,なし,なし,標準古語辞典・検定済み教科書（複数資料照合）,なし,なし
古文単語_単語Deck2_共通テスト・受験標準_300,CJ-000565,565,単語Deck2_共通テスト・受験標準,語彙,標準副詞,とみに,とみに,頓に,副詞,品詞=副詞,CJ-000565-C01,meaning,重要語義1,とみに,急に,急に｜すぐに,古文で「急に」を表す基本語義。,なし,なし,なし,なし,なし,なし,標準古語辞典・検定済み教科書（複数資料照合）,なし,なし
古文単語_単語Deck2_共通テスト・受験標準_300,CJ-000566,566,単語Deck2_共通テスト・受験標準,語彙,標準副詞,ひときは,ひときわ,ひときわ｜一際,副詞,品詞=副詞,CJ-000566-C01,meaning,重要語義1,ひときは,ひときわ,ひときわ｜いっそう,古文で「ひときわ」を表す基本語義。,なし,なし,なし,なし,なし,なし,標準古語辞典・検定済み教科書（複数資料照合）,なし,なし
古文単語_単語Deck2_共通テスト・受験標準_300,CJ-000567,567,単語Deck2_共通テスト・受験標準,語彙,標準副詞,まして,まして,なし,副詞,品詞=副詞,CJ-000567-C01,meaning,重要語義1,まして,なおさら,なおさら｜いっそう,古文で「なおさら」を表す基本語義。,なし,なし,なし,なし,なし,なし,標準古語辞典・検定済み教科書（複数資料照合）,なし,なし
古文単語_単語Deck2_共通テスト・受験標準_300,CJ-000568,568,単語Deck2_共通テスト・受験標準,語彙,標準副詞,やや,やや,漸,副詞,品詞=副詞,CJ-000568-C01,meaning,重要語義1,やや,だんだん,だんだん｜次第に,古文で「だんだん」を表す語義。文脈に応じて他の重要語義と訳し分ける。,なし,なし,なし,なし,なし,なし,標準古語辞典・検定済み教科書（複数資料照合）,なし,なし
古文単語_単語Deck2_共通テスト・受験標準_300,CJ-000568,568,単語Deck2_共通テスト・受験標準,語彙,標準副詞,やや,やや,漸,副詞,品詞=副詞,CJ-000568-C02,meaning,重要語義2,やや,少し,少し｜しばらく,古文で「少し」を表す語義。文脈に応じて他の重要語義と訳し分ける。,なし,なし,なし,なし,なし,なし,標準古語辞典・検定済み教科書（複数資料照合）,なし,なし
古文単語_単語Deck2_共通テスト・受験標準_300,CJ-000569,569,単語Deck2_共通テスト・受験標準,語彙,標準副詞,よしや,よしや,なし,副詞,品詞=副詞,CJ-000569-C01,meaning,重要語義1,よしや,たとえ,たとえ｜仮に,古文で「たとえ」を表す基本語義。,なし,なし,なし,なし,なし,なし,標準古語辞典・検定済み教科書（複数資料照合）,なし,なし
古文単語_単語Deck2_共通テスト・受験標準_300,CJ-000570,570,単語Deck2_共通テスト・受験標準,語彙,標準副詞,まさしく,まさしく,正しく,副詞,品詞=副詞,CJ-000570-C01,meaning,重要語義1,まさしく,確かに,確かに｜まちがいなく,古文で「確かに」を表す基本語義。,なし,なし,なし,なし,なし,なし,標準古語辞典・検定済み教科書（複数資料照合）,なし,なし
古文単語_単語Deck2_共通テスト・受験標準_300,CJ-000571,571,単語Deck2_共通テスト・受験標準,語彙,標準副詞,いかばかり,いかばかり,なし,副詞,品詞=副詞,CJ-000571-C01,meaning,重要語義1,いかばかり,どれほど,どれほど｜どのくらい,古文で「どれほど」を表す基本語義。,なし,なし,なし,なし,なし,なし,標準古語辞典・検定済み教科書（複数資料照合）,なし,なし
古文単語_単語Deck2_共通テスト・受験標準_300,CJ-000572,572,単語Deck2_共通テスト・受験標準,語彙,標準副詞,いかに,いかに,なし,副詞,品詞=副詞,CJ-000572-C01,meaning,重要語義1,いかに,どのように,どのように｜どう,古文で「どのように」を表す語義。文脈に応じて他の重要語義と訳し分ける。,なし,なし,なし,なし,なし,なし,標準古語辞典・検定済み教科書（複数資料照合）,なし,なし
古文単語_単語Deck2_共通テスト・受験標準_300,CJ-000572,572,単語Deck2_共通テスト・受験標準,語彙,標準副詞,いかに,いかに,なし,副詞,品詞=副詞,CJ-000572-C02,meaning,重要語義2,いかに,どうして,どうして｜なぜ,古文で「どうして」を表す語義。文脈に応じて他の重要語義と訳し分ける。,なし,なし,なし,なし,なし,なし,標準古語辞典・検定済み教科書（複数資料照合）,なし,なし
古文単語_単語Deck2_共通テスト・受験標準_300,CJ-000573,573,単語Deck2_共通テスト・受験標準,語彙,標準連体詞,いかなる,いかなる,なし,連体詞,品詞=連体詞,CJ-000573-C01,meaning,重要語義1,いかなる,どんな,どんな｜どのような,古文で「どんな」を表す基本語義。,なし,なし,なし,なし,なし,なし,標準古語辞典・検定済み教科書（複数資料照合）,なし,なし
古文単語_単語Deck2_共通テスト・受験標準_300,CJ-000574,574,単語Deck2_共通テスト・受験標準,語彙,標準副詞,かつがつ,かつがつ,且つ且つ,副詞,品詞=副詞,CJ-000574-C01,meaning,重要語義1,かつがつ,どうにか,どうにか｜かろうじて,古文で「どうにか」を表す語義。文脈に応じて他の重要語義と訳し分ける。,なし,なし,なし,なし,なし,なし,標準古語辞典・検定済み教科書（複数資料照合）,なし,なし
古文単語_単語Deck2_共通テスト・受験標準_300,CJ-000574,574,単語Deck2_共通テスト・受験標準,語彙,標準副詞,かつがつ,かつがつ,且つ且つ,副詞,品詞=副詞,CJ-000574-C02,meaning,重要語義2,かつがつ,少しずつ,少しずつ｜ぼつぼつ,古文で「少しずつ」を表す語義。文脈に応じて他の重要語義と訳し分ける。,なし,なし,なし,なし,なし,なし,標準古語辞典・検定済み教科書（複数資料照合）,なし,なし
古文単語_単語Deck2_共通テスト・受験標準_300,CJ-000575,575,単語Deck2_共通テスト・受験標準,語彙,標準副詞,ただ,ただ,唯,副詞,品詞=副詞,CJ-000575-C01,meaning,重要語義1,ただ,ひたすら,ひたすら｜ただ一筋に,古文で「ひたすら」を表す語義。文脈に応じて他の重要語義と訳し分ける。,なし,なし,なし,なし,なし,なし,標準古語辞典・検定済み教科書（複数資料照合）,なし,なし
古文単語_単語Deck2_共通テスト・受験標準_300,CJ-000575,575,単語Deck2_共通テスト・受験標準,語彙,標準副詞,ただ,ただ,唯,副詞,品詞=副詞,CJ-000575-C02,meaning,重要語義2,ただ,直接,直接｜じかに,古文で「直接」を表す語義。文脈に応じて他の重要語義と訳し分ける。,なし,なし,なし,なし,なし,なし,標準古語辞典・検定済み教科書（複数資料照合）,なし,なし
古文単語_単語Deck2_共通テスト・受験標準_300,CJ-000576,576,単語Deck2_共通テスト・受験標準,語彙,標準副詞,つくづくと,つくづくと,熟と,副詞,品詞=副詞,CJ-000576-C01,meaning,重要語義1,つくづくと,しみじみ,しみじみ｜深く,古文で「しみじみ」を表す語義。文脈に応じて他の重要語義と訳し分ける。,なし,なし,なし,なし,なし,なし,標準古語辞典・検定済み教科書（複数資料照合）,なし,なし
古文単語_単語Deck2_共通テスト・受験標準_300,CJ-000576,576,単語Deck2_共通テスト・受験標準,語彙,標準副詞,つくづくと,つくづくと,熟と,副詞,品詞=副詞,CJ-000576-C02,meaning,重要語義2,つくづくと,よくよく,よくよく｜念入りに,古文で「よくよく」を表す語義。文脈に応じて他の重要語義と訳し分ける。,なし,なし,なし,なし,なし,なし,標準古語辞典・検定済み教科書（複数資料照合）,なし,なし
古文単語_単語Deck2_共通テスト・受験標準_300,CJ-000577,577,単語Deck2_共通テスト・受験標準,語彙,標準連語,とかや,とかや,なし,連語,品詞=連語,CJ-000577-C01,meaning,重要語義1,とかや,〜とかいう,〜とかいう｜〜だとか,古文で「〜とかいう」を表す基本語義。,なし,なし,なし,なし,なし,なし,標準古語辞典・検定済み教科書（複数資料照合）,なし,なし
古文単語_単語Deck2_共通テスト・受験標準_300,CJ-000578,578,単語Deck2_共通テスト・受験標準,語彙,標準副詞,ほとほと,ほとほと,殆,副詞,品詞=副詞,CJ-000578-C01,meaning,重要語義1,ほとほと,ほとんど,ほとんど｜もう少しで,古文で「ほとんど」を表す語義。文脈に応じて他の重要語義と訳し分ける。,なし,なし,なし,なし,なし,なし,標準古語辞典・検定済み教科書（複数資料照合）,なし,なし
古文単語_単語Deck2_共通テスト・受験標準_300,CJ-000578,578,単語Deck2_共通テスト・受験標準,語彙,標準副詞,ほとほと,ほとほと,殆,副詞,品詞=副詞,CJ-000578-C02,meaning,重要語義2,ほとほと,すっかり,すっかり｜まったく,古文で「すっかり」を表す語義。文脈に応じて他の重要語義と訳し分ける。,なし,なし,なし,なし,なし,なし,標準古語辞典・検定済み教科書（複数資料照合）,なし,なし
古文単語_単語Deck2_共通テスト・受験標準_300,CJ-000579,579,単語Deck2_共通テスト・受験標準,語彙,標準副詞,をりふし,おりふし,おりふし｜折節,副詞,品詞=副詞,CJ-000579-C01,meaning,重要語義1,をりふし,ちょうどその時,ちょうどその時｜折よく,古文で「ちょうどその時」を表す語義。文脈に応じて他の重要語義と訳し分ける。,なし,なし,なし,なし,なし,なし,標準古語辞典・検定済み教科書（複数資料照合）,なし,なし
古文単語_単語Deck2_共通テスト・受験標準_300,CJ-000579,579,単語Deck2_共通テスト・受験標準,語彙,標準副詞,をりふし,おりふし,おりふし｜折節,副詞,品詞=副詞,CJ-000579-C02,meaning,重要語義2,をりふし,季節,季節｜時節,古文で「季節」を表す語義。文脈に応じて他の重要語義と訳し分ける。,なし,なし,なし,なし,なし,なし,標準古語辞典・検定済み教科書（複数資料照合）,なし,なし
古文単語_単語Deck2_共通テスト・受験標準_300,CJ-000580,580,単語Deck2_共通テスト・受験標準,語彙,標準副詞,おほむね,おおむね,おおむね｜概ね,副詞,品詞=副詞,CJ-000580-C01,meaning,重要語義1,おほむね,だいたい,だいたい｜おおよそ,古文で「だいたい」を表す基本語義。,なし,なし,なし,なし,なし,なし,標準古語辞典・検定済み教科書（複数資料照合）,なし,なし
古文単語_単語Deck2_共通テスト・受験標準_300,CJ-000581,581,単語Deck2_共通テスト・受験標準,語彙,標準副詞,かへすがへす,かえすがえす,かえすがえす,副詞,品詞=副詞,CJ-000581-C01,meaning,重要語義1,かへすがへす,何度も,何度も｜繰り返し,古文で「何度も」を表す語義。文脈に応じて他の重要語義と訳し分ける。,なし,なし,なし,なし,なし,なし,標準古語辞典・検定済み教科書（複数資料照合）,なし,なし
古文単語_単語Deck2_共通テスト・受験標準_300,CJ-000581,581,単語Deck2_共通テスト・受験標準,語彙,標準副詞,かへすがへす,かえすがえす,かえすがえす,副詞,品詞=副詞,CJ-000581-C02,meaning,重要語義2,かへすがへす,つくづく,つくづく｜深く,古文で「つくづく」を表す語義。文脈に応じて他の重要語義と訳し分ける。,なし,なし,なし,なし,なし,なし,標準古語辞典・検定済み教科書（複数資料照合）,なし,なし
古文単語_単語Deck2_共通テスト・受験標準_300,CJ-000582,582,単語Deck2_共通テスト・受験標準,語彙,標準副詞,ことに,ことに,殊に,副詞,品詞=副詞,CJ-000582-C01,meaning,重要語義1,ことに,特に,特に｜とりわけ,古文で「特に」を表す基本語義。,なし,なし,なし,なし,なし,なし,標準古語辞典・検定済み教科書（複数資料照合）,なし,なし
古文単語_単語Deck2_共通テスト・受験標準_300,CJ-000583,583,単語Deck2_共通テスト・受験標準,語彙,標準副詞,ひとまづ,ひとまず,ひとまず,副詞,品詞=副詞,CJ-000583-C01,meaning,重要語義1,ひとまづ,まず,まず｜とりあえず,古文で「まず」を表す基本語義。,なし,なし,なし,なし,なし,なし,標準古語辞典・検定済み教科書（複数資料照合）,なし,なし
古文単語_単語Deck2_共通テスト・受験標準_300,CJ-000584,584,単語Deck2_共通テスト・受験標準,語彙,標準副詞,ふつに,ふつに,なし,副詞,品詞=副詞,CJ-000584-C01,meaning,重要語義1,ふつに,まったく,まったく｜決して,古文で「まったく」を表す基本語義。,なし,なし,なし,なし,なし,なし,標準古語辞典・検定済み教科書（複数資料照合）,なし,なし
古文単語_単語Deck2_共通テスト・受験標準_300,CJ-000585,585,単語Deck2_共通テスト・受験標準,語彙,標準副詞,まれまれ,まれまれ,稀々,副詞,品詞=副詞,CJ-000585-C01,meaning,重要語義1,まれまれ,ごくまれに,ごくまれに｜たまに,古文で「ごくまれに」を表す基本語義。,なし,なし,なし,なし,なし,なし,標準古語辞典・検定済み教科書（複数資料照合）,なし,なし
古文単語_単語Deck2_共通テスト・受験標準_300,CJ-000586,586,単語Deck2_共通テスト・受験標準,語彙,標準副詞,ややもすれば,ややもすれば,なし,副詞,品詞=副詞,CJ-000586-C01,meaning,重要語義1,ややもすれば,ともすれば,ともすれば｜どうかすると,古文で「ともすれば」を表す基本語義。,なし,なし,なし,なし,なし,なし,標準古語辞典・検定済み教科書（複数資料照合）,なし,なし
古文単語_単語Deck2_共通テスト・受験標準_300,CJ-000587,587,単語Deck2_共通テスト・受験標準,語彙,標準副詞,よしなに,よしなに,なし,副詞,品詞=副詞,CJ-000587-C01,meaning,重要語義1,よしなに,適切に,適切に｜よいように,古文で「適切に」を表す語義。文脈に応じて他の重要語義と訳し分ける。,なし,なし,なし,なし,なし,なし,標準古語辞典・検定済み教科書（複数資料照合）,なし,なし
古文単語_単語Deck2_共通テスト・受験標準_300,CJ-000587,587,単語Deck2_共通テスト・受験標準,語彙,標準副詞,よしなに,よしなに,なし,副詞,品詞=副詞,CJ-000587-C02,meaning,重要語義2,よしなに,よろしく,よろしく｜うまく,古文で「よろしく」を表す語義。文脈に応じて他の重要語義と訳し分ける。,なし,なし,なし,なし,なし,なし,標準古語辞典・検定済み教科書（複数資料照合）,なし,なし
古文単語_単語Deck2_共通テスト・受験標準_300,CJ-000588,588,単語Deck2_共通テスト・受験標準,語彙,標準代名詞,いづく,いずく,いずく｜何処,代名詞,品詞=代名詞,CJ-000588-C01,meaning,重要語義1,いづく,どこ,どこ｜どの場所,古文で「どこ」を表す基本語義。,なし,なし,なし,なし,なし,なし,標準古語辞典・検定済み教科書（複数資料照合）,なし,なし
古文単語_単語Deck2_共通テスト・受験標準_300,CJ-000589,589,単語Deck2_共通テスト・受験標準,語彙,標準代名詞,いづれ,いずれ,いずれ｜何れ,代名詞,品詞=代名詞,CJ-000589-C01,meaning,重要語義1,いづれ,どちら,どちら｜どっち,古文で「どちら」を表す語義。文脈に応じて他の重要語義と訳し分ける。,なし,なし,なし,なし,なし,なし,標準古語辞典・検定済み教科書（複数資料照合）,なし,なし
古文単語_単語Deck2_共通テスト・受験標準_300,CJ-000589,589,単語Deck2_共通テスト・受験標準,語彙,標準代名詞,いづれ,いずれ,いずれ｜何れ,代名詞,品詞=代名詞,CJ-000589-C02,meaning,重要語義2,いづれ,どれ,どれ｜どのもの,古文で「どれ」を表す語義。文脈に応じて他の重要語義と訳し分ける。,なし,なし,なし,なし,なし,なし,標準古語辞典・検定済み教科書（複数資料照合）,なし,なし
古文単語_単語Deck2_共通テスト・受験標準_300,CJ-000590,590,単語Deck2_共通テスト・受験標準,語彙,標準代名詞,かなた,かなた,彼方,代名詞,品詞=代名詞,CJ-000590-C01,meaning,重要語義1,かなた,あちら,あちら｜向こう,古文で「あちら」を表す基本語義。,なし,なし,なし,なし,なし,なし,標準古語辞典・検定済み教科書（複数資料照合）,なし,なし
古文単語_単語Deck2_共通テスト・受験標準_300,CJ-000591,591,単語Deck2_共通テスト・受験標準,語彙,標準副詞,いかさま,いかさま,如何様,副詞,品詞=副詞,CJ-000591-C01,meaning,重要語義1,いかさま,きっと,きっと｜確かに,古文で「きっと」を表す語義。文脈に応じて他の重要語義と訳し分ける。,なし,なし,なし,なし,なし,なし,標準古語辞典・検定済み教科書（複数資料照合）,なし,なし
古文単語_単語Deck2_共通テスト・受験標準_300,CJ-000591,591,単語Deck2_共通テスト・受験標準,語彙,標準副詞,いかさま,いかさま,如何様,副詞,品詞=副詞,CJ-000591-C02,meaning,重要語義2,いかさま,どのように,どのように｜いかように,古文で「どのように」を表す語義。文脈に応じて他の重要語義と訳し分ける。,なし,なし,なし,なし,なし,なし,標準古語辞典・検定済み教科書（複数資料照合）,なし,なし
古文単語_単語Deck2_共通テスト・受験標準_300,CJ-000592,592,単語Deck2_共通テスト・受験標準,語彙,標準連語,かくばかり,かくばかり,なし,連語,品詞=連語,CJ-000592-C01,meaning,重要語義1,かくばかり,これほど,これほど｜このくらい,古文で「これほど」を表す基本語義。,なし,なし,なし,なし,なし,なし,標準古語辞典・検定済み教科書（複数資料照合）,なし,なし
古文単語_単語Deck2_共通テスト・受験標準_300,CJ-000593,593,単語Deck2_共通テスト・受験標準,語彙,標準副詞,さばかり,さばかり,なし,副詞,品詞=副詞,CJ-000593-C01,meaning,重要語義1,さばかり,それほど,それほど｜そのくらい,古文で「それほど」を表す基本語義。,なし,なし,なし,なし,なし,なし,標準古語辞典・検定済み教科書（複数資料照合）,なし,なし
古文単語_単語Deck2_共通テスト・受験標準_300,CJ-000594,594,単語Deck2_共通テスト・受験標準,語彙,標準接続詞,さるは,さるは,然るは,接続詞,品詞=接続詞,CJ-000594-C01,meaning,重要語義1,さるは,そうはいっても,そうはいっても｜しかし,古文で「そうはいっても」を表す語義。文脈に応じて他の重要語義と訳し分ける。,なし,なし,なし,さはれ,「さるは」はしかし・実は、「さはれ」はままよ・ともかく。,なし,標準古語辞典・検定済み教科書（複数資料照合）,なし,なし
古文単語_単語Deck2_共通テスト・受験標準_300,CJ-000594,594,単語Deck2_共通テスト・受験標準,語彙,標準接続詞,さるは,さるは,然るは,接続詞,品詞=接続詞,CJ-000594-C02,meaning,重要語義2,さるは,実は,実は｜ところで,古文で「実は」を表す語義。文脈に応じて他の重要語義と訳し分ける。,なし,なし,なし,さはれ,「さるは」はしかし・実は、「さはれ」はままよ・ともかく。,なし,標準古語辞典・検定済み教科書（複数資料照合）,なし,なし
古文単語_単語Deck2_共通テスト・受験標準_300,CJ-000595,595,単語Deck2_共通テスト・受験標準,語彙,標準接続詞,しかるに,しかるに,然るに,接続詞,品詞=接続詞,CJ-000595-C01,meaning,重要語義1,しかるに,ところが,ところが｜しかし,古文で「ところが」を表す基本語義。,なし,なし,なし,なし,なし,なし,標準古語辞典・検定済み教科書（複数資料照合）,なし,なし
古文単語_単語Deck2_共通テスト・受験標準_300,CJ-000596,596,単語Deck2_共通テスト・受験標準,語彙,標準接続詞,されど,されど,然れど,接続詞,品詞=接続詞,CJ-000596-C01,meaning,重要語義1,されど,しかし,しかし｜けれども,古文で「しかし」を表す基本語義。,なし,なし,なし,なし,なし,なし,標準古語辞典・検定済み教科書（複数資料照合）,なし,なし
古文単語_単語Deck2_共通テスト・受験標準_300,CJ-000597,597,単語Deck2_共通テスト・受験標準,語彙,標準副詞,つらつら,つらつら,倩,副詞,品詞=副詞,CJ-000597-C01,meaning,重要語義1,つらつら,よくよく,よくよく｜念入りに,古文で「よくよく」を表す語義。文脈に応じて他の重要語義と訳し分ける。,なし,なし,なし,なし,なし,なし,標準古語辞典・検定済み教科書（複数資料照合）,なし,なし
古文単語_単語Deck2_共通テスト・受験標準_300,CJ-000597,597,単語Deck2_共通テスト・受験標準,語彙,標準副詞,つらつら,つらつら,倩,副詞,品詞=副詞,CJ-000597-C02,meaning,重要語義2,つらつら,つくづく,つくづく｜深く,古文で「つくづく」を表す語義。文脈に応じて他の重要語義と訳し分ける。,なし,なし,なし,なし,なし,なし,標準古語辞典・検定済み教科書（複数資料照合）,なし,なし
古文単語_単語Deck2_共通テスト・受験標準_300,CJ-000598,598,単語Deck2_共通テスト・受験標準,語彙,標準副詞,もろともに,もろともに,諸共に,副詞,品詞=副詞,CJ-000598-C01,meaning,重要語義1,もろともに,一緒に,一緒に｜ともに,古文で「一緒に」を表す基本語義。,なし,なし,なし,なし,なし,なし,標準古語辞典・検定済み教科書（複数資料照合）,なし,なし
古文単語_単語Deck2_共通テスト・受験標準_300,CJ-000599,599,単語Deck2_共通テスト・受験標準,語彙,標準副詞,つひに,ついに,ついに｜遂に,副詞,品詞=副詞,CJ-000599-C01,meaning,重要語義1,つひに,とうとう,とうとう｜最後には,古文で「とうとう」を表す基本語義。,なし,なし,なし,なし,なし,なし,標準古語辞典・検定済み教科書（複数資料照合）,なし,なし
古文単語_単語Deck2_共通テスト・受験標準_300,CJ-000600,600,単語Deck2_共通テスト・受験標準,語彙,標準副詞,とりわき,とりわき,取り分き,副詞,品詞=副詞,CJ-000600-C01,meaning,重要語義1,とりわき,特に,特に｜とりわけ,古文で「特に」を表す基本語義。,なし,なし,なし,なし,なし,なし,標準古語辞典・検定済み教科書（複数資料照合）,なし,なし
