dataset_label,item_id,importance_rank,difficulty_label,curriculum_scope,domain,unit,subunit,item,reading,aliases,prerequisite_ids,time_sensitivity,reference_date,legal_basis,card_id,card_type,focus,question,answer,accepted_answers,explanation,confusable_with,distinction,formula,answer_unit,memory_aid,source_name,source_url,reading_map
政治・経済 Deck 1 公共・政治・経済の骨格,PE-000001,1,Deck 1・骨格,公共,複合,公共の基本原理,公共・政治思想,公共,こうきょう,なし,なし,stable,該当なし,なし,PE-000001-C01,identify,社会の構成員が対話と協働を通じて、共通の利益や課題を扱う領域。,次の説明に当てはまる用語は何か。社会の構成員が対話と協働を通じて、共通の利益や課題を扱う領域。,公共,公共,社会の構成員が対話と協働を通じて、共通の利益や課題を扱う領域。,なし,なし,なし,なし,なし,文部科学省「高等学校学習指導要領解説 公民編」,https://www.mext.go.jp/content/20211102-mxt_kyoiku02-100002620_04.pdf,なし
政治・経済 Deck 1 公共・政治・経済の骨格,PE-000002,2,Deck 1・骨格,公共,複合,公共の基本原理,公共・政治思想,公共的な空間,こうきょうてきなくうかん,なし,なし,stable,該当なし,なし,PE-000002-C01,identify,個人や多様な集団が共に生き、社会の課題を話し合い解決する場。,次の説明に当てはまる用語は何か。個人や多様な集団が共に生き、社会の課題を話し合い解決する場。,公共的な空間,公共的な空間,個人や多様な集団が共に生き、社会の課題を話し合い解決する場。,なし,なし,なし,なし,なし,文部科学省「高等学校学習指導要領解説 公民編」,https://www.mext.go.jp/content/20211102-mxt_kyoiku02-100002620_04.pdf,なし
政治・経済 Deck 1 公共・政治・経済の骨格,PE-000003,3,Deck 1・骨格,公共,複合,公共の基本原理,公共・政治思想,個人の尊厳,こじんのそんげん,なし,なし,stable,該当なし,なし,PE-000003-C01,identify,一人ひとりをかけがえのない人格として尊重する原理。,次の説明に当てはまる用語は何か。一人ひとりをかけがえのない人格として尊重する原理。,個人の尊厳,個人の尊厳,一人ひとりをかけがえのない人格として尊重する原理。,なし,なし,なし,なし,なし,文部科学省「高等学校学習指導要領解説 公民編」,https://www.mext.go.jp/content/20211102-mxt_kyoiku02-100002620_04.pdf,なし
政治・経済 Deck 1 公共・政治・経済の骨格,PE-000004,4,Deck 1・骨格,公共,複合,公共の基本原理,公共・政治思想,基本的人権,きほんてきじんけん,なし,なし,stable,該当なし,なし,PE-000004-C01,identify,人が生まれながらに持ち、国家権力も原則として侵してはならない権利。,次の説明に当てはまる用語は何か。人が生まれながらに持ち、国家権力も原則として侵してはならない権利。,基本的人権,基本的人権,人が生まれながらに持ち、国家権力も原則として侵してはならない権利。,公共の福祉,基本的人権が原則、公共の福祉は人権相互の調整原理。,なし,なし,なし,文部科学省「高等学校学習指導要領解説 公民編」,https://www.mext.go.jp/content/20211102-mxt_kyoiku02-100002620_04.pdf,なし
政治・経済 Deck 1 公共・政治・経済の骨格,PE-000005,5,Deck 1・骨格,公共,複合,公共の基本原理,公共・政治思想,公共の福祉,こうきょうのふくし,なし,なし,stable,該当なし,なし,PE-000005-C01,identify,人権相互の衝突を調整し、すべての人の権利を共に保障するための原理。,次の説明に当てはまる用語は何か。人権相互の衝突を調整し、すべての人の権利を共に保障するための原理。,公共の福祉,公共の福祉,人権相互の衝突を調整し、すべての人の権利を共に保障するための原理。,なし,なし,なし,なし,なし,文部科学省「高等学校学習指導要領解説 公民編」,https://www.mext.go.jp/content/20211102-mxt_kyoiku02-100002620_04.pdf,なし
政治・経済 Deck 1 公共・政治・経済の骨格,PE-000006,6,Deck 1・骨格,公共,複合,公共の基本原理,公共・政治思想,自由,じゆう,なし,なし,stable,該当なし,なし,PE-000006-C01,identify,他者の権利を侵さない範囲で、自ら考え選択し行動できること。,次の説明に当てはまる用語は何か。他者の権利を侵さない範囲で、自ら考え選択し行動できること。,自由,自由,他者の権利を侵さない範囲で、自ら考え選択し行動できること。,なし,なし,なし,なし,なし,文部科学省「高等学校学習指導要領解説 公民編」,https://www.mext.go.jp/content/20211102-mxt_kyoiku02-100002620_04.pdf,なし
政治・経済 Deck 1 公共・政治・経済の骨格,PE-000007,7,Deck 1・骨格,公共,複合,公共の基本原理,公共・政治思想,平等,びょうどう,なし,なし,stable,該当なし,なし,PE-000007-C01,identify,人種・信条・性別・社会的身分などによる不合理な差別を受けないこと。,次の説明に当てはまる用語は何か。人種・信条・性別・社会的身分などによる不合理な差別を受けないこと。,平等,平等,人種・信条・性別・社会的身分などによる不合理な差別を受けないこと。,なし,なし,なし,なし,なし,文部科学省「高等学校学習指導要領解説 公民編」,https://www.mext.go.jp/content/20211102-mxt_kyoiku02-100002620_04.pdf,なし
政治・経済 Deck 1 公共・政治・経済の骨格,PE-000008,8,Deck 1・骨格,公共,複合,公共の基本原理,公共・政治思想,公正,こうせい,なし,なし,stable,該当なし,なし,PE-000008-C01,identify,手続や分配が、関係者に対して偏りなく妥当であること。,次の説明に当てはまる用語は何か。手続や分配が、関係者に対して偏りなく妥当であること。,公正,公正,手続や分配が、関係者に対して偏りなく妥当であること。,なし,なし,なし,なし,なし,文部科学省「高等学校学習指導要領解説 公民編」,https://www.mext.go.jp/content/20211102-mxt_kyoiku02-100002620_04.pdf,なし
政治・経済 Deck 1 公共・政治・経済の骨格,PE-000009,9,Deck 1・骨格,公共,複合,公共の基本原理,公共・政治思想,正義,せいぎ,なし,なし,stable,該当なし,なし,PE-000009-C01,identify,社会の制度や行為を、権利・義務・分配の妥当性から評価する基準。,次の説明に当てはまる用語は何か。社会の制度や行為を、権利・義務・分配の妥当性から評価する基準。,正義,正義,社会の制度や行為を、権利・義務・分配の妥当性から評価する基準。,なし,なし,なし,なし,なし,文部科学省「高等学校学習指導要領解説 公民編」,https://www.mext.go.jp/content/20211102-mxt_kyoiku02-100002620_04.pdf,なし
政治・経済 Deck 1 公共・政治・経済の骨格,PE-000010,10,Deck 1・骨格,公共,複合,公共の基本原理,公共・政治思想,責任,せきにん,なし,なし,stable,該当なし,なし,PE-000010-C01,identify,自らの選択や行為の結果を引き受け、必要な説明や対応を行うこと。,次の説明に当てはまる用語は何か。自らの選択や行為の結果を引き受け、必要な説明や対応を行うこと。,責任,責任,自らの選択や行為の結果を引き受け、必要な説明や対応を行うこと。,なし,なし,なし,なし,なし,文部科学省「高等学校学習指導要領解説 公民編」,https://www.mext.go.jp/content/20211102-mxt_kyoiku02-100002620_04.pdf,なし
政治・経済 Deck 1 公共・政治・経済の骨格,PE-000011,11,Deck 1・骨格,公共,複合,公共の基本原理,公共・政治思想,合意形成,ごういけいせい,なし,なし,stable,該当なし,なし,PE-000011-C01,identify,異なる意見を持つ人々が対話し、受け入れ可能な共通決定をつくること。,次の説明に当てはまる用語は何か。異なる意見を持つ人々が対話し、受け入れ可能な共通決定をつくること。,合意形成,合意形成,異なる意見を持つ人々が対話し、受け入れ可能な共通決定をつくること。,なし,なし,なし,なし,なし,文部科学省「高等学校学習指導要領解説 公民編」,https://www.mext.go.jp/content/20211102-mxt_kyoiku02-100002620_04.pdf,なし
政治・経済 Deck 1 公共・政治・経済の骨格,PE-000012,12,Deck 1・骨格,公共,複合,公共の基本原理,公共・政治思想,利害調整,りがいちょうせい,なし,なし,stable,該当なし,なし,PE-000012-C01,identify,対立する利益や要求の間に、妥協点やルールを設けること。,次の説明に当てはまる用語は何か。対立する利益や要求の間に、妥協点やルールを設けること。,利害調整,利害調整,対立する利益や要求の間に、妥協点やルールを設けること。,なし,なし,なし,なし,なし,文部科学省「高等学校学習指導要領解説 公民編」,https://www.mext.go.jp/content/20211102-mxt_kyoiku02-100002620_04.pdf,なし
政治・経済 Deck 1 公共・政治・経済の骨格,PE-000013,13,Deck 1・骨格,公共,複合,公共の基本原理,公共・政治思想,寛容,かんよう,なし,なし,stable,該当なし,なし,PE-000013-C01,identify,自分と異なる価値観や生き方を、権利侵害がない限り認める態度。,次の説明に当てはまる用語は何か。自分と異なる価値観や生き方を、権利侵害がない限り認める態度。,寛容,寛容,自分と異なる価値観や生き方を、権利侵害がない限り認める態度。,なし,なし,なし,なし,なし,文部科学省「高等学校学習指導要領解説 公民編」,https://www.mext.go.jp/content/20211102-mxt_kyoiku02-100002620_04.pdf,なし
政治・経済 Deck 1 公共・政治・経済の骨格,PE-000014,14,Deck 1・骨格,公共,複合,公共の基本原理,公共・政治思想,多文化共生,たぶんかきょうせい,なし,なし,stable,該当なし,なし,PE-000014-C01,identify,文化的背景の異なる人々が互いを尊重し、共に社会をつくること。,次の説明に当てはまる用語は何か。文化的背景の異なる人々が互いを尊重し、共に社会をつくること。,多文化共生,多文化共生,文化的背景の異なる人々が互いを尊重し、共に社会をつくること。,なし,なし,なし,なし,なし,文部科学省「高等学校学習指導要領解説 公民編」,https://www.mext.go.jp/content/20211102-mxt_kyoiku02-100002620_04.pdf,なし
政治・経済 Deck 1 公共・政治・経済の骨格,PE-000015,15,Deck 1・骨格,公共,複合,公共の基本原理,公共・政治思想,社会的包摂,しゃかいてきほうせつ,なし,なし,stable,該当なし,なし,PE-000015-C01,identify,貧困・障害・差別などで排除されやすい人も社会参加できるようにする考え。,次の説明に当てはまる用語は何か。貧困・障害・差別などで排除されやすい人も社会参加できるようにする考え。,社会的包摂,社会的包摂,貧困・障害・差別などで排除されやすい人も社会参加できるようにする考え。,なし,なし,なし,なし,なし,文部科学省「高等学校学習指導要領解説 公民編」,https://www.mext.go.jp/content/20211102-mxt_kyoiku02-100002620_04.pdf,なし
政治・経済 Deck 1 公共・政治・経済の骨格,PE-000016,16,Deck 1・骨格,公共,複合,公共の基本原理,公共・政治思想,持続可能な開発,じぞくかのうなかいはつ,なし,なし,stable,該当なし,なし,PE-000016-C01,identify,将来世代の可能性を損なわず、現世代の必要も満たす開発。,次の説明に当てはまる用語は何か。将来世代の可能性を損なわず、現世代の必要も満たす開発。,持続可能な開発,持続可能な開発,将来世代の可能性を損なわず、現世代の必要も満たす開発。,なし,なし,なし,なし,なし,文部科学省「高等学校学習指導要領解説 公民編」,https://www.mext.go.jp/content/20211102-mxt_kyoiku02-100002620_04.pdf,なし
政治・経済 Deck 1 公共・政治・経済の骨格,PE-000017,17,Deck 1・骨格,公共,複合,公共の基本原理,公共・政治思想,法,ほう,なし,なし,stable,該当なし,なし,PE-000017-C01,identify,国家などが定め、社会の秩序を維持するために強制力を伴う規範。,次の説明に当てはまる用語は何か。国家などが定め、社会の秩序を維持するために強制力を伴う規範。,法,法,国家などが定め、社会の秩序を維持するために強制力を伴う規範。,なし,なし,なし,なし,なし,文部科学省「高等学校学習指導要領解説 公民編」,https://www.mext.go.jp/content/20211102-mxt_kyoiku02-100002620_04.pdf,なし
政治・経済 Deck 1 公共・政治・経済の骨格,PE-000018,18,Deck 1・骨格,公共,複合,公共の基本原理,公共・政治思想,法の支配,ほうのしはい,なし,PE-000017,stable,該当なし,なし,PE-000018-C01,identify,統治する者を含め、すべての国家権力を法で拘束する原理。,次の説明に当てはまる用語は何か。統治する者を含め、すべての国家権力を法で拘束する原理。,法の支配,法の支配,統治する者を含め、すべての国家権力を法で拘束する原理。,法治主義,法の支配は権力者も法に拘束される原理、法治主義は行政を法律に基づかせる原理。,なし,なし,なし,文部科学省「高等学校学習指導要領解説 公民編」,https://www.mext.go.jp/content/20211102-mxt_kyoiku02-100002620_04.pdf,支配=しはい
政治・経済 Deck 1 公共・政治・経済の骨格,PE-000019,19,Deck 1・骨格,公共,複合,公共の基本原理,公共・政治思想,法治主義,ほうちしゅぎ,なし,PE-000017,stable,該当なし,なし,PE-000019-C01,identify,行政権の行使は、あらかじめ定められた法律に基づかなければならないという原則。,次の説明に当てはまる用語は何か。行政権の行使は、あらかじめ定められた法律に基づかなければならないという原則。,法治主義,法治主義,行政権の行使は、あらかじめ定められた法律に基づかなければならないという原則。,法の支配,法治主義は行政の法律適合性、法の支配は権力全体を法で拘束する考え。,なし,なし,なし,文部科学省「高等学校学習指導要領解説 公民編」,https://www.mext.go.jp/content/20211102-mxt_kyoiku02-100002620_04.pdf,なし
政治・経済 Deck 1 公共・政治・経済の骨格,PE-000020,20,Deck 1・骨格,公共,複合,公共の基本原理,公共・政治思想,立憲主義,りっけんしゅぎ,なし,PE-000018,stable,該当なし,なし,PE-000020-C01,identify,憲法によって国家権力を制限し、国民の権利と自由を保障する考え。,次の説明に当てはまる用語は何か。憲法によって国家権力を制限し、国民の権利と自由を保障する考え。,立憲主義,立憲主義,憲法によって国家権力を制限し、国民の権利と自由を保障する考え。,なし,なし,なし,なし,なし,文部科学省「高等学校学習指導要領解説 公民編」,https://www.mext.go.jp/content/20211102-mxt_kyoiku02-100002620_04.pdf,立憲=りっけん
政治・経済 Deck 1 公共・政治・経済の骨格,PE-000021,21,Deck 1・骨格,公共,複合,公共の基本原理,公共・政治思想,国民主権,こくみんしゅけん,なし,なし,stable,該当なし,日本国憲法前文・第1条,PE-000021-C01,identify,国家の政治の在り方を最終的に決定する権力が国民にあるという原理。,次の説明に当てはまる用語は何か。国家の政治の在り方を最終的に決定する権力が国民にあるという原理。,国民主権,国民主権,国家の政治の在り方を最終的に決定する権力が国民にあるという原理。,なし,なし,なし,なし,なし,衆議院「日本国憲法」,https://www.shugiin.go.jp/internet/itdb_annai.nsf/html/statics/shiryo/dl-constitution.htm,なし
政治・経済 Deck 1 公共・政治・経済の骨格,PE-000022,22,Deck 1・骨格,公共,複合,公共の基本原理,公共・政治思想,民主主義,みんしゅしゅぎ,なし,なし,stable,該当なし,なし,PE-000022-C01,identify,政治の最終的な意思を国民が形成し、その意思に基づいて統治する考え。,次の説明に当てはまる用語は何か。政治の最終的な意思を国民が形成し、その意思に基づいて統治する考え。,民主主義,民主主義,政治の最終的な意思を国民が形成し、その意思に基づいて統治する考え。,なし,なし,なし,なし,なし,文部科学省「高等学校学習指導要領解説 公民編」,https://www.mext.go.jp/content/20211102-mxt_kyoiku02-100002620_04.pdf,なし
政治・経済 Deck 1 公共・政治・経済の骨格,PE-000023,23,Deck 1・骨格,公共,複合,公共の基本原理,公共・政治思想,多数決,たすうけつ,なし,なし,stable,該当なし,なし,PE-000023-C01,identify,意見が一致しないとき、より多くの支持を得た案を決定とする方法。,次の説明に当てはまる用語は何か。意見が一致しないとき、より多くの支持を得た案を決定とする方法。,多数決,多数決,意見が一致しないとき、より多くの支持を得た案を決定とする方法。,なし,なし,なし,なし,なし,文部科学省「高等学校学習指導要領解説 公民編」,https://www.mext.go.jp/content/20211102-mxt_kyoiku02-100002620_04.pdf,なし
政治・経済 Deck 1 公共・政治・経済の骨格,PE-000024,24,Deck 1・骨格,公共,複合,公共の基本原理,公共・政治思想,少数者の権利,しょうすうしゃのけんり,なし,PE-000023,stable,該当なし,なし,PE-000024-C01,identify,多数決でも侵してはならない、少数派の自由・人権・意見表明の保障。,次の説明に当てはまる用語は何か。多数決でも侵してはならない、少数派の自由・人権・意見表明の保障。,少数者の権利,少数者の権利,多数決でも侵してはならない、少数派の自由・人権・意見表明の保障。,なし,なし,なし,なし,なし,文部科学省「高等学校学習指導要領解説 公民編」,https://www.mext.go.jp/content/20211102-mxt_kyoiku02-100002620_04.pdf,なし
政治・経済 Deck 1 公共・政治・経済の骨格,PE-000025,25,Deck 1・骨格,公共,複合,公共の基本原理,公共・政治思想,直接民主制,ちょくせつみんしゅせい,なし,PE-000022,stable,該当なし,なし,PE-000025-C01,identify,国民や住民が代表者を介さず、重要事項を直接決定する仕組み。,次の説明に当てはまる用語は何か。国民や住民が代表者を介さず、重要事項を直接決定する仕組み。,直接民主制,直接民主制,国民や住民が代表者を介さず、重要事項を直接決定する仕組み。,間接民主制,直接民主制は国民が直接決定し、間接民主制は代表者が決定する。,なし,なし,なし,文部科学省「高等学校学習指導要領解説 公民編」,https://www.mext.go.jp/content/20211102-mxt_kyoiku02-100002620_04.pdf,なし
政治・経済 Deck 1 公共・政治・経済の骨格,PE-000026,26,Deck 1・骨格,公共,複合,公共の基本原理,公共・政治思想,間接民主制,かんせつみんしゅせい,なし,PE-000022,stable,該当なし,なし,PE-000026-C01,identify,国民が選挙した代表者を通じて政治的意思を決定する仕組み。,次の説明に当てはまる用語は何か。国民が選挙した代表者を通じて政治的意思を決定する仕組み。,間接民主制,間接民主制,国民が選挙した代表者を通じて政治的意思を決定する仕組み。,直接民主制,間接民主制は選挙された代表者が政治を行う。,なし,なし,なし,文部科学省「高等学校学習指導要領解説 公民編」,https://www.mext.go.jp/content/20211102-mxt_kyoiku02-100002620_04.pdf,なし
政治・経済 Deck 1 公共・政治・経済の骨格,PE-000027,27,Deck 1・骨格,公共,複合,公共の基本原理,公共・政治思想,代議制,だいぎせい,なし,PE-000026,stable,該当なし,なし,PE-000027-C01,identify,選挙で選ばれた代表者が議会で政治を行う制度。,次の説明に当てはまる用語は何か。選挙で選ばれた代表者が議会で政治を行う制度。,代議制,代議制,選挙で選ばれた代表者が議会で政治を行う制度。,なし,なし,なし,なし,なし,文部科学省「高等学校学習指導要領解説 公民編」,https://www.mext.go.jp/content/20211102-mxt_kyoiku02-100002620_04.pdf,なし
政治・経済 Deck 1 公共・政治・経済の骨格,PE-000028,28,Deck 1・骨格,公共,複合,公共の基本原理,公共・政治思想,権力分立,けんりょくぶんりつ,なし,PE-000020,stable,該当なし,なし,PE-000028-C01,identify,国家権力を複数の機関に分け、権力の集中と濫用を防ぐ仕組み。,次の説明に当てはまる用語は何か。国家権力を複数の機関に分け、権力の集中と濫用を防ぐ仕組み。,権力分立,権力分立,国家権力を複数の機関に分け、権力の集中と濫用を防ぐ仕組み。,なし,なし,なし,なし,なし,文部科学省「高等学校学習指導要領解説 公民編」,https://www.mext.go.jp/content/20211102-mxt_kyoiku02-100002620_04.pdf,なし
政治・経済 Deck 1 公共・政治・経済の骨格,PE-000029,29,Deck 1・骨格,公共,複合,公共の基本原理,公共・政治思想,抑制と均衡,よくせいときんこう,なし,PE-000028,stable,該当なし,なし,PE-000029-C01,identify,分立した国家機関が互いを牽制し、力の均衡を保つ仕組み。,次の説明に当てはまる用語は何か。分立した国家機関が互いを牽制し、力の均衡を保つ仕組み。,抑制と均衡,抑制と均衡,分立した国家機関が互いを牽制し、力の均衡を保つ仕組み。,なし,なし,なし,なし,なし,文部科学省「高等学校学習指導要領解説 公民編」,https://www.mext.go.jp/content/20211102-mxt_kyoiku02-100002620_04.pdf,抑制=よくせい｜均衡=きんこう
政治・経済 Deck 1 公共・政治・経済の骨格,PE-000030,30,Deck 1・骨格,公共,複合,公共の基本原理,公共・政治思想,社会契約説,しゃかいけいやくせつ,なし,なし,stable,該当なし,なし,PE-000030-C01,identify,国家や政治権力は、人々の合意によって成立すると考える政治思想。,次の説明に当てはまる用語は何か。国家や政治権力は、人々の合意によって成立すると考える政治思想。,社会契約説,社会契約説,国家や政治権力は、人々の合意によって成立すると考える政治思想。,なし,なし,なし,なし,なし,文部科学省「高等学校学習指導要領解説 公民編」,https://www.mext.go.jp/content/20211102-mxt_kyoiku02-100002620_04.pdf,なし
政治・経済 Deck 1 公共・政治・経済の骨格,PE-000031,31,Deck 1・骨格,公共,複合,公共の基本原理,公共・政治思想,自然権,しぜんけん,なし,なし,stable,該当なし,なし,PE-000031-C01,identify,国家が与えるのではなく、人が生まれながらに持つと考えられる権利。,次の説明に当てはまる用語は何か。国家が与えるのではなく、人が生まれながらに持つと考えられる権利。,自然権,自然権,国家が与えるのではなく、人が生まれながらに持つと考えられる権利。,なし,なし,なし,なし,なし,文部科学省「高等学校学習指導要領解説 公民編」,https://www.mext.go.jp/content/20211102-mxt_kyoiku02-100002620_04.pdf,自然権=しぜんけん
政治・経済 Deck 1 公共・政治・経済の骨格,PE-000032,32,Deck 1・骨格,公共,複合,公共の基本原理,公共・政治思想,ホッブズ,ほっぶず,なし,PE-000030,stable,該当なし,なし,PE-000032-C01,identify,自然状態を「万人の万人に対する闘争」と捉え、秩序のため強い主権者への服従を説いた思想家。,次の説明に当てはまる用語は何か。自然状態を「万人の万人に対する闘争」と捉え、秩序のため強い主権者への服従を説いた思想家。,ホッブズ,ホッブズ,自然状態を「万人の万人に対する闘争」と捉え、秩序のため強い主権者への服従を説いた思想家。,なし,なし,なし,なし,なし,文部科学省「高等学校学習指導要領解説 公民編」,https://www.mext.go.jp/content/20211102-mxt_kyoiku02-100002620_04.pdf,なし
政治・経済 Deck 1 公共・政治・経済の骨格,PE-000033,33,Deck 1・骨格,公共,複合,公共の基本原理,公共・政治思想,ロック,ろっく,なし,PE-000030,stable,該当なし,なし,PE-000033-C01,identify,生命・自由・財産の自然権を重視し、政府が侵害すれば抵抗できると説いた思想家。,次の説明に当てはまる用語は何か。生命・自由・財産の自然権を重視し、政府が侵害すれば抵抗できると説いた思想家。,ロック,ロック,生命・自由・財産の自然権を重視し、政府が侵害すれば抵抗できると説いた思想家。,なし,なし,なし,なし,なし,文部科学省「高等学校学習指導要領解説 公民編」,https://www.mext.go.jp/content/20211102-mxt_kyoiku02-100002620_04.pdf,なし
政治・経済 Deck 1 公共・政治・経済の骨格,PE-000034,34,Deck 1・骨格,公共,複合,公共の基本原理,公共・政治思想,ルソー,るそー,なし,PE-000030,stable,該当なし,なし,PE-000034-C01,identify,人民の一般意志に基づく主権を説き、人民主権に影響を与えた思想家。,次の説明に当てはまる用語は何か。人民の一般意志に基づく主権を説き、人民主権に影響を与えた思想家。,ルソー,ルソー,人民の一般意志に基づく主権を説き、人民主権に影響を与えた思想家。,なし,なし,なし,なし,なし,文部科学省「高等学校学習指導要領解説 公民編」,https://www.mext.go.jp/content/20211102-mxt_kyoiku02-100002620_04.pdf,なし
政治・経済 Deck 1 公共・政治・経済の骨格,PE-000035,35,Deck 1・骨格,公共,複合,公共の基本原理,公共・政治思想,モンテスキュー,もんてすきゅー,なし,PE-000028,stable,該当なし,なし,PE-000035-C01,identify,権力濫用を防ぐため、立法・行政・司法の権力分立を説いた思想家。,次の説明に当てはまる用語は何か。権力濫用を防ぐため、立法・行政・司法の権力分立を説いた思想家。,モンテスキュー,モンテスキュー,権力濫用を防ぐため、立法・行政・司法の権力分立を説いた思想家。,なし,なし,なし,なし,なし,文部科学省「高等学校学習指導要領解説 公民編」,https://www.mext.go.jp/content/20211102-mxt_kyoiku02-100002620_04.pdf,なし
政治・経済 Deck 1 公共・政治・経済の骨格,PE-000036,36,Deck 1・骨格,公共,複合,公共の基本原理,公共・政治思想,ベンサム,べんさむ,なし,なし,stable,該当なし,なし,PE-000036-C01,identify,社会全体の幸福を「最大多数の最大幸福」で測る功利主義を唱えた思想家。,次の説明に当てはまる用語は何か。社会全体の幸福を「最大多数の最大幸福」で測る功利主義を唱えた思想家。,ベンサム,ベンサム,社会全体の幸福を「最大多数の最大幸福」で測る功利主義を唱えた思想家。,なし,なし,なし,なし,なし,文部科学省「高等学校学習指導要領解説 公民編」,https://www.mext.go.jp/content/20211102-mxt_kyoiku02-100002620_04.pdf,なし
政治・経済 Deck 1 公共・政治・経済の骨格,PE-000037,37,Deck 1・骨格,公共,複合,公共の基本原理,公共・政治思想,J.S.ミル,じょんすちゅあーとみる,なし,なし,stable,該当なし,なし,PE-000037-C01,identify,他者に危害を加えない限り個人の自由を尊重すべきだと説いた思想家。,次の説明に当てはまる用語は何か。他者に危害を加えない限り個人の自由を尊重すべきだと説いた思想家。,J.S.ミル,J.S.ミル,他者に危害を加えない限り個人の自由を尊重すべきだと説いた思想家。,なし,なし,なし,なし,なし,文部科学省「高等学校学習指導要領解説 公民編」,https://www.mext.go.jp/content/20211102-mxt_kyoiku02-100002620_04.pdf,なし
政治・経済 Deck 1 公共・政治・経済の骨格,PE-000038,38,Deck 1・骨格,公共,複合,公共の基本原理,公共・政治思想,ロールズ,じょんろーるず,なし,なし,stable,該当なし,なし,PE-000038-C01,identify,無知のヴェールの下で選ばれる公正な社会原理を構想した思想家。,次の説明に当てはまる用語は何か。無知のヴェールの下で選ばれる公正な社会原理を構想した思想家。,ロールズ,ロールズ,無知のヴェールの下で選ばれる公正な社会原理を構想した思想家。,なし,なし,なし,なし,なし,文部科学省「高等学校学習指導要領解説 公民編」,https://www.mext.go.jp/content/20211102-mxt_kyoiku02-100002620_04.pdf,なし
政治・経済 Deck 1 公共・政治・経済の骨格,PE-000039,39,Deck 1・骨格,公共,複合,公共の基本原理,公共・政治思想,市民社会,しみんしゃかい,なし,なし,stable,該当なし,なし,PE-000039-C01,identify,国家とは区別され、市民の自発的な活動や団体が形成する社会領域。,次の説明に当てはまる用語は何か。国家とは区別され、市民の自発的な活動や団体が形成する社会領域。,市民社会,市民社会,国家とは区別され、市民の自発的な活動や団体が形成する社会領域。,なし,なし,なし,なし,なし,文部科学省「高等学校学習指導要領解説 公民編」,https://www.mext.go.jp/content/20211102-mxt_kyoiku02-100002620_04.pdf,なし
政治・経済 Deck 1 公共・政治・経済の骨格,PE-000040,40,Deck 1・骨格,公共,複合,公共の基本原理,公共・政治思想,非営利組織,ひえいりそしき,NPO,なし,stable,該当なし,なし,PE-000040-C01,identify,利益の分配を主目的とせず、公益的・社会的活動を行う民間組織。,次の説明に当てはまる用語は何か。利益の分配を主目的とせず、公益的・社会的活動を行う民間組織。,非営利組織,非営利組織｜NPO,利益の分配を主目的とせず、公益的・社会的活動を行う民間組織。,なし,なし,なし,なし,なし,文部科学省「高等学校学習指導要領解説 公民編」,https://www.mext.go.jp/content/20211102-mxt_kyoiku02-100002620_04.pdf,なし
政治・経済 Deck 1 公共・政治・経済の骨格,PE-000041,41,Deck 1・骨格,両方,法,憲法と人権,人権思想の歴史,市民革命,しみんかくめい,なし,なし,stable,該当なし,なし,PE-000041-C01,identify,絶対王政を倒し、市民の自由・権利と立憲政治を実現した近代の革命。,次の説明に当てはまる用語は何か。絶対王政を倒し、市民の自由・権利と立憲政治を実現した近代の革命。,市民革命,市民革命,絶対王政を倒し、市民の自由・権利と立憲政治を実現した近代の革命。,なし,なし,なし,なし,なし,文部科学省「高等学校学習指導要領解説 公民編」,https://www.mext.go.jp/content/20211102-mxt_kyoiku02-100002620_04.pdf,なし
政治・経済 Deck 1 公共・政治・経済の骨格,PE-000042,42,Deck 1・骨格,両方,法,憲法と人権,人権思想の歴史,イギリス権利章典,いぎりすけんりしょうてん,なし,なし,stable,該当なし,なし,PE-000042-C01,identify,1689年に議会の権利と王権の制限を確認し、立憲政治の基礎となった文書。,次の説明に当てはまる用語は何か。1689年に議会の権利と王権の制限を確認し、立憲政治の基礎となった文書。,イギリス権利章典,イギリス権利章典,1689年に議会の権利と王権の制限を確認し、立憲政治の基礎となった文書。,なし,なし,なし,なし,なし,文部科学省「高等学校学習指導要領解説 公民編」,https://www.mext.go.jp/content/20211102-mxt_kyoiku02-100002620_04.pdf,なし
政治・経済 Deck 1 公共・政治・経済の骨格,PE-000043,43,Deck 1・骨格,両方,法,憲法と人権,人権思想の歴史,アメリカ独立宣言,あめりかどくりつせんげん,なし,なし,stable,該当なし,なし,PE-000043-C01,identify,1776年に自然権と人民の同意に基づく政府を掲げた独立宣言。,次の説明に当てはまる用語は何か。1776年に自然権と人民の同意に基づく政府を掲げた独立宣言。,アメリカ独立宣言,アメリカ独立宣言,1776年に自然権と人民の同意に基づく政府を掲げた独立宣言。,なし,なし,なし,なし,なし,文部科学省「高等学校学習指導要領解説 公民編」,https://www.mext.go.jp/content/20211102-mxt_kyoiku02-100002620_04.pdf,なし
政治・経済 Deck 1 公共・政治・経済の骨格,PE-000044,44,Deck 1・骨格,両方,法,憲法と人権,人権思想の歴史,フランス人権宣言,ふらんすじんけんせんげん,なし,なし,stable,該当なし,なし,PE-000044-C01,identify,1789年に自由・平等、人民主権、権利保障を示した宣言。,次の説明に当てはまる用語は何か。1789年に自由・平等、人民主権、権利保障を示した宣言。,フランス人権宣言,フランス人権宣言,1789年に自由・平等、人民主権、権利保障を示した宣言。,なし,なし,なし,なし,なし,文部科学省「高等学校学習指導要領解説 公民編」,https://www.mext.go.jp/content/20211102-mxt_kyoiku02-100002620_04.pdf,なし
政治・経済 Deck 1 公共・政治・経済の骨格,PE-000045,45,Deck 1・骨格,両方,法,憲法と人権,人権思想の歴史,世界人権宣言,せかいじんけんせんげん,なし,なし,stable,該当なし,なし,PE-000045-C01,identify,1948年に国連総会が採択した、すべての人の基本的人権の共通基準。,次の説明に当てはまる用語は何か。1948年に国連総会が採択した、すべての人の基本的人権の共通基準。,世界人権宣言,世界人権宣言,1948年に国連総会が採択した、すべての人の基本的人権の共通基準。,なし,なし,なし,なし,なし,文部科学省「高等学校学習指導要領解説 公民編」,https://www.mext.go.jp/content/20211102-mxt_kyoiku02-100002620_04.pdf,なし
政治・経済 Deck 1 公共・政治・経済の骨格,PE-000046,46,Deck 1・骨格,両方,法,憲法と人権,日本国憲法・基本的人権,大日本帝国憲法,だいにほんていこくけんぽう,なし,なし,stable,該当なし,なし,PE-000046-C01,identify,1889年に発布され、天皇主権を原則とした日本の旧憲法。,次の説明に当てはまる用語は何か。1889年に発布され、天皇主権を原則とした日本の旧憲法。,大日本帝国憲法,大日本帝国憲法,1889年に発布され、天皇主権を原則とした日本の旧憲法。,なし,なし,なし,なし,なし,衆議院「日本国憲法」,https://www.shugiin.go.jp/internet/itdb_annai.nsf/html/statics/shiryo/dl-constitution.htm,なし
政治・経済 Deck 1 公共・政治・経済の骨格,PE-000047,47,Deck 1・骨格,両方,法,憲法と人権,日本国憲法・基本的人権,日本国憲法,にほんこくけんぽう,なし,なし,stable,該当なし,日本国憲法,PE-000047-C01,identify,国民主権・基本的人権の尊重・平和主義を基本原理とする日本の最高法規。,次の説明に当てはまる用語は何か。国民主権・基本的人権の尊重・平和主義を基本原理とする日本の最高法規。,日本国憲法,日本国憲法,国民主権・基本的人権の尊重・平和主義を基本原理とする日本の最高法規。,なし,なし,なし,なし,なし,衆議院「日本国憲法」,https://www.shugiin.go.jp/internet/itdb_annai.nsf/html/statics/shiryo/dl-constitution.htm,なし
政治・経済 Deck 1 公共・政治・経済の骨格,PE-000048,48,Deck 1・骨格,両方,法,憲法と人権,日本国憲法・基本的人権,日本国憲法の三大原理,にほんこくけんぽうのさんだいげんり,三大原則,PE-000047,stable,該当なし,日本国憲法前文・第1条・第9条・第11条・第97条,PE-000048-C01,relation,三大原理の列挙,日本国憲法の三大原理を3つ答えよ。,国民主権・基本的人権の尊重・平和主義,国民主権・基本的人権の尊重・平和主義｜国民主権、基本的人権の尊重、平和主義,国民主権、基本的人権の尊重、平和主義の三つ。,なし,なし,なし,なし,国・人・平＝国民主権、基本的人権、平和主義,衆議院「日本国憲法」,https://www.shugiin.go.jp/internet/itdb_annai.nsf/html/statics/shiryo/dl-constitution.htm,なし
政治・経済 Deck 1 公共・政治・経済の骨格,PE-000049,49,Deck 1・骨格,両方,法,憲法と人権,日本国憲法・基本的人権,象徴天皇制,しょうちょうてんのうせい,なし,PE-000047,stable,該当なし,日本国憲法第1条・第4条,PE-000049-C01,identify,天皇を日本国と日本国民統合の象徴とし、国政に関する権能を持たせない制度。,次の説明に当てはまる用語は何か。天皇を日本国と日本国民統合の象徴とし、国政に関する権能を持たせない制度。,象徴天皇制,象徴天皇制,天皇を日本国と日本国民統合の象徴とし、国政に関する権能を持たせない制度。,なし,なし,なし,なし,なし,衆議院「日本国憲法」,https://www.shugiin.go.jp/internet/itdb_annai.nsf/html/statics/shiryo/dl-constitution.htm,象徴=しょうちょう
政治・経済 Deck 1 公共・政治・経済の骨格,PE-000050,50,Deck 1・骨格,両方,法,憲法と人権,日本国憲法・基本的人権,天皇の国事行為,てんのうのこくじこうい,なし,PE-000049,stable,該当なし,日本国憲法第3条・第6条・第7条,PE-000050-C01,identify,内閣の助言と承認により天皇が行う、憲法に列挙された形式的・儀礼的行為。,次の説明に当てはまる用語は何か。内閣の助言と承認により天皇が行う、憲法に列挙された形式的・儀礼的行為。,天皇の国事行為,天皇の国事行為,内閣の助言と承認により天皇が行う、憲法に列挙された形式的・儀礼的行為。,なし,なし,なし,なし,なし,衆議院「日本国憲法」,https://www.shugiin.go.jp/internet/itdb_annai.nsf/html/statics/shiryo/dl-constitution.htm,なし
政治・経済 Deck 1 公共・政治・経済の骨格,PE-000051,51,Deck 1・骨格,両方,法,憲法と人権,日本国憲法・基本的人権,憲法尊重擁護義務,けんぽうそんちょうようごぎむ,なし,なし,stable,該当なし,日本国憲法第99条,PE-000051-C01,identify,天皇・摂政・国務大臣・国会議員・裁判官などの公務員が憲法を尊重し擁護する義務。,次の説明に当てはまる用語は何か。天皇・摂政・国務大臣・国会議員・裁判官などの公務員が憲法を尊重し擁護する義務。,憲法尊重擁護義務,憲法尊重擁護義務,天皇・摂政・国務大臣・国会議員・裁判官などの公務員が憲法を尊重し擁護する義務。,なし,なし,なし,なし,なし,衆議院「日本国憲法」,https://www.shugiin.go.jp/internet/itdb_annai.nsf/html/statics/shiryo/dl-constitution.htm,擁護=ようご
政治・経済 Deck 1 公共・政治・経済の骨格,PE-000052,52,Deck 1・骨格,両方,法,憲法と人権,日本国憲法・基本的人権,平和主義,へいわしゅぎ,なし,なし,stable,該当なし,日本国憲法前文・第9条,PE-000052-C01,identify,戦争を放棄し、恒久平和を目指す日本国憲法の基本原理。,次の説明に当てはまる用語は何か。戦争を放棄し、恒久平和を目指す日本国憲法の基本原理。,平和主義,平和主義,戦争を放棄し、恒久平和を目指す日本国憲法の基本原理。,なし,なし,なし,なし,なし,衆議院「日本国憲法」,https://www.shugiin.go.jp/internet/itdb_annai.nsf/html/statics/shiryo/dl-constitution.htm,なし
政治・経済 Deck 1 公共・政治・経済の骨格,PE-000053,53,Deck 1・骨格,両方,法,憲法と人権,日本国憲法・基本的人権,戦争放棄,せんそうほうき,なし,PE-000052,stable,該当なし,日本国憲法第9条第1項,PE-000053-C01,identify,国権の発動たる戦争と、武力による威嚇・武力行使を国際紛争解決の手段として用いないこと。,次の説明に当てはまる用語は何か。国権の発動たる戦争と、武力による威嚇・武力行使を国際紛争解決の手段として用いないこと。,戦争放棄,戦争放棄,国権の発動たる戦争と、武力による威嚇・武力行使を国際紛争解決の手段として用いないこと。,なし,なし,なし,なし,なし,衆議院「日本国憲法」,https://www.shugiin.go.jp/internet/itdb_annai.nsf/html/statics/shiryo/dl-constitution.htm,なし
政治・経済 Deck 1 公共・政治・経済の骨格,PE-000054,54,Deck 1・骨格,両方,法,憲法と人権,日本国憲法・基本的人権,戦力不保持,せんりょくふほじ,なし,PE-000052,stable,該当なし,日本国憲法第9条第2項,PE-000054-C01,identify,日本国憲法第9条第2項が、陸海空軍その他の戦力を保持しないと定める原則。,次の説明に当てはまる用語は何か。日本国憲法第9条第2項が、陸海空軍その他の戦力を保持しないと定める原則。,戦力不保持,戦力不保持,日本国憲法第9条第2項が、陸海空軍その他の戦力を保持しないと定める原則。,なし,なし,なし,なし,なし,衆議院「日本国憲法」,https://www.shugiin.go.jp/internet/itdb_annai.nsf/html/statics/shiryo/dl-constitution.htm,なし
政治・経済 Deck 1 公共・政治・経済の骨格,PE-000055,55,Deck 1・骨格,両方,法,憲法と人権,日本国憲法・基本的人権,交戦権否認,こうせんけんひにん,なし,PE-000052,stable,該当なし,日本国憲法第9条第2項,PE-000055-C01,identify,日本国憲法第9条第2項が、国の交戦権を認めないとする原則。,次の説明に当てはまる用語は何か。日本国憲法第9条第2項が、国の交戦権を認めないとする原則。,交戦権否認,交戦権否認,日本国憲法第9条第2項が、国の交戦権を認めないとする原則。,なし,なし,なし,なし,なし,衆議院「日本国憲法」,https://www.shugiin.go.jp/internet/itdb_annai.nsf/html/statics/shiryo/dl-constitution.htm,交戦権=こうせんけん｜否認=ひにん
政治・経済 Deck 1 公共・政治・経済の骨格,PE-000056,56,Deck 1・骨格,両方,法,憲法と人権,日本国憲法・基本的人権,基本的人権の永久不可侵,きほんてきじんけんのえいきゅうふかしん,なし,なし,stable,該当なし,日本国憲法第11条・第97条,PE-000056-C01,identify,基本的人権を侵すことのできない永久の権利として保障する原則。,次の説明に当てはまる用語は何か。基本的人権を侵すことのできない永久の権利として保障する原則。,基本的人権の永久不可侵,基本的人権の永久不可侵,基本的人権を侵すことのできない永久の権利として保障する原則。,なし,なし,なし,なし,なし,衆議院「日本国憲法」,https://www.shugiin.go.jp/internet/itdb_annai.nsf/html/statics/shiryo/dl-constitution.htm,なし
政治・経済 Deck 1 公共・政治・経済の骨格,PE-000057,57,Deck 1・骨格,両方,法,憲法と人権,日本国憲法・基本的人権,幸福追求権,こうふくついきゅうけん,なし,PE-000004,stable,該当なし,日本国憲法第13条,PE-000057-C01,identify,生命・自由・幸福追求に対する国民の権利を尊重する包括的な権利。,次の説明に当てはまる用語は何か。生命・自由・幸福追求に対する国民の権利を尊重する包括的な権利。,幸福追求権,幸福追求権,生命・自由・幸福追求に対する国民の権利を尊重する包括的な権利。,なし,なし,なし,なし,なし,衆議院「日本国憲法」,https://www.shugiin.go.jp/internet/itdb_annai.nsf/html/statics/shiryo/dl-constitution.htm,なし
政治・経済 Deck 1 公共・政治・経済の骨格,PE-000058,58,Deck 1・骨格,両方,法,憲法と人権,日本国憲法・基本的人権,法の下の平等,ほうのもとのびょうどう,なし,PE-000004,stable,該当なし,日本国憲法第14条,PE-000058-C01,identify,すべての国民を法の下に平等とし、不合理な差別を禁じる原則。,次の説明に当てはまる用語は何か。すべての国民を法の下に平等とし、不合理な差別を禁じる原則。,法の下の平等,法の下の平等,すべての国民を法の下に平等とし、不合理な差別を禁じる原則。,なし,なし,なし,なし,なし,衆議院「日本国憲法」,https://www.shugiin.go.jp/internet/itdb_annai.nsf/html/statics/shiryo/dl-constitution.htm,なし
政治・経済 Deck 1 公共・政治・経済の骨格,PE-000059,59,Deck 1・骨格,両方,法,憲法と人権,日本国憲法・基本的人権,思想・良心の自由,しそうりょうしんのじゆう,なし,なし,stable,該当なし,日本国憲法第19条,PE-000059-C01,identify,内心の思想や良心を国家から強制・干渉されない自由。,次の説明に当てはまる用語は何か。内心の思想や良心を国家から強制・干渉されない自由。,思想・良心の自由,思想・良心の自由,内心の思想や良心を国家から強制・干渉されない自由。,なし,なし,なし,なし,なし,衆議院「日本国憲法」,https://www.shugiin.go.jp/internet/itdb_annai.nsf/html/statics/shiryo/dl-constitution.htm,なし
政治・経済 Deck 1 公共・政治・経済の骨格,PE-000060,60,Deck 1・骨格,両方,法,憲法と人権,日本国憲法・基本的人権,信教の自由,しんきょうのじゆう,なし,なし,stable,該当なし,日本国憲法第20条第1項・第2項,PE-000060-C01,identify,宗教を信じる・信じない・変更することや宗教的行為を行う自由。,次の説明に当てはまる用語は何か。宗教を信じる・信じない・変更することや宗教的行為を行う自由。,信教の自由,信教の自由,宗教を信じる・信じない・変更することや宗教的行為を行う自由。,なし,なし,なし,なし,なし,衆議院「日本国憲法」,https://www.shugiin.go.jp/internet/itdb_annai.nsf/html/statics/shiryo/dl-constitution.htm,なし
政治・経済 Deck 1 公共・政治・経済の骨格,PE-000061,61,Deck 1・骨格,両方,法,憲法と人権,日本国憲法・基本的人権,政教分離,せいきょうぶんり,なし,なし,stable,該当なし,日本国憲法第20条第3項・第89条,PE-000061-C01,identify,国家と宗教を分離し、国やその機関の宗教的活動を禁じる原則。,次の説明に当てはまる用語は何か。国家と宗教を分離し、国やその機関の宗教的活動を禁じる原則。,政教分離,政教分離,国家と宗教を分離し、国やその機関の宗教的活動を禁じる原則。,なし,なし,なし,なし,なし,衆議院「日本国憲法」,https://www.shugiin.go.jp/internet/itdb_annai.nsf/html/statics/shiryo/dl-constitution.htm,なし
政治・経済 Deck 1 公共・政治・経済の骨格,PE-000062,62,Deck 1・骨格,両方,法,憲法と人権,日本国憲法・基本的人権,表現の自由,ひょうげんのじゆう,なし,なし,stable,該当なし,日本国憲法第21条第1項,PE-000062-C01,identify,思想や意見を外部へ発表し、情報を伝達・受領する自由。,次の説明に当てはまる用語は何か。思想や意見を外部へ発表し、情報を伝達・受領する自由。,表現の自由,表現の自由,思想や意見を外部へ発表し、情報を伝達・受領する自由。,知る権利,表現の自由は発信を中心に保障し、知る権利は情報の受領・取得を重視する。,なし,なし,なし,衆議院「日本国憲法」,https://www.shugiin.go.jp/internet/itdb_annai.nsf/html/statics/shiryo/dl-constitution.htm,なし
政治・経済 Deck 1 公共・政治・経済の骨格,PE-000063,63,Deck 1・骨格,両方,法,憲法と人権,日本国憲法・基本的人権,集会・結社の自由,しゅうかいけっしゃのじゆう,なし,なし,stable,該当なし,日本国憲法第21条第1項,PE-000063-C01,identify,人々が集まり、団体をつくり活動する自由。,次の説明に当てはまる用語は何か。人々が集まり、団体をつくり活動する自由。,集会・結社の自由,集会・結社の自由,人々が集まり、団体をつくり活動する自由。,なし,なし,なし,なし,なし,衆議院「日本国憲法」,https://www.shugiin.go.jp/internet/itdb_annai.nsf/html/statics/shiryo/dl-constitution.htm,なし
政治・経済 Deck 1 公共・政治・経済の骨格,PE-000064,64,Deck 1・骨格,両方,法,憲法と人権,日本国憲法・基本的人権,検閲の禁止,けんえつのきんし,なし,なし,stable,該当なし,日本国憲法第21条第2項,PE-000064-C01,identify,行政権が発表前に表現内容を審査し、不適当としたものの発表を禁じることを許さない原則。,次の説明に当てはまる用語は何か。行政権が発表前に表現内容を審査し、不適当としたものの発表を禁じることを許さない原則。,検閲の禁止,検閲の禁止,行政権が発表前に表現内容を審査し、不適当としたものの発表を禁じることを許さない原則。,なし,なし,なし,なし,なし,衆議院「日本国憲法」,https://www.shugiin.go.jp/internet/itdb_annai.nsf/html/statics/shiryo/dl-constitution.htm,検閲=けんえつ
政治・経済 Deck 1 公共・政治・経済の骨格,PE-000065,65,Deck 1・骨格,両方,法,憲法と人権,日本国憲法・基本的人権,通信の秘密,つうしんのひみつ,なし,なし,stable,該当なし,日本国憲法第21条第2項,PE-000065-C01,identify,手紙・電話・電子通信などの内容や通信関係をみだりに知られない権利。,次の説明に当てはまる用語は何か。手紙・電話・電子通信などの内容や通信関係をみだりに知られない権利。,通信の秘密,通信の秘密,手紙・電話・電子通信などの内容や通信関係をみだりに知られない権利。,なし,なし,なし,なし,なし,衆議院「日本国憲法」,https://www.shugiin.go.jp/internet/itdb_annai.nsf/html/statics/shiryo/dl-constitution.htm,なし
政治・経済 Deck 1 公共・政治・経済の骨格,PE-000066,66,Deck 1・骨格,両方,法,憲法と人権,日本国憲法・基本的人権,学問の自由,がくもんのじゆう,なし,なし,stable,該当なし,日本国憲法第23条,PE-000066-C01,identify,研究・発表・教授などの学問活動を国家権力から保障する自由。,次の説明に当てはまる用語は何か。研究・発表・教授などの学問活動を国家権力から保障する自由。,学問の自由,学問の自由,研究・発表・教授などの学問活動を国家権力から保障する自由。,なし,なし,なし,なし,なし,衆議院「日本国憲法」,https://www.shugiin.go.jp/internet/itdb_annai.nsf/html/statics/shiryo/dl-constitution.htm,なし
政治・経済 Deck 1 公共・政治・経済の骨格,PE-000067,67,Deck 1・骨格,両方,法,憲法と人権,日本国憲法・基本的人権,居住・移転・職業選択の自由,きょじゅういてんしょくぎょうせんたくのじゆう,なし,なし,stable,該当なし,日本国憲法第22条第1項,PE-000067-C01,identify,住む場所、移動、職業を原則として自由に選べる経済的自由権。,次の説明に当てはまる用語は何か。住む場所、移動、職業を原則として自由に選べる経済的自由権。,居住・移転・職業選択の自由,居住・移転・職業選択の自由,住む場所、移動、職業を原則として自由に選べる経済的自由権。,なし,なし,なし,なし,なし,衆議院「日本国憲法」,https://www.shugiin.go.jp/internet/itdb_annai.nsf/html/statics/shiryo/dl-constitution.htm,なし
政治・経済 Deck 1 公共・政治・経済の骨格,PE-000068,68,Deck 1・骨格,両方,法,憲法と人権,日本国憲法・基本的人権,財産権,ざいさんけん,なし,なし,stable,該当なし,日本国憲法第29条,PE-000068-C01,identify,財産を所有・使用・処分する権利で、公共の福祉に適合するよう法律で内容が定められる。,次の説明に当てはまる用語は何か。財産を所有・使用・処分する権利で、公共の福祉に適合するよう法律で内容が定められる。,財産権,財産権,財産を所有・使用・処分する権利で、公共の福祉に適合するよう法律で内容が定められる。,なし,なし,なし,なし,なし,衆議院「日本国憲法」,https://www.shugiin.go.jp/internet/itdb_annai.nsf/html/statics/shiryo/dl-constitution.htm,なし
政治・経済 Deck 1 公共・政治・経済の骨格,PE-000069,69,Deck 1・骨格,両方,法,憲法と人権,日本国憲法・基本的人権,生存権,せいぞんけん,なし,なし,stable,該当なし,日本国憲法第25条,PE-000069-C01,identify,健康で文化的な最低限度の生活を営む権利。,次の説明に当てはまる用語は何か。健康で文化的な最低限度の生活を営む権利。,生存権,生存権,健康で文化的な最低限度の生活を営む権利。,なし,なし,なし,なし,なし,衆議院「日本国憲法」,https://www.shugiin.go.jp/internet/itdb_annai.nsf/html/statics/shiryo/dl-constitution.htm,なし
政治・経済 Deck 1 公共・政治・経済の骨格,PE-000070,70,Deck 1・骨格,両方,法,憲法と人権,日本国憲法・基本的人権,教育を受ける権利,きょういくをうけるけんり,なし,なし,stable,該当なし,日本国憲法第26条,PE-000070-C01,identify,能力に応じて、ひとしく教育を受ける権利。,次の説明に当てはまる用語は何か。能力に応じて、ひとしく教育を受ける権利。,教育を受ける権利,教育を受ける権利,能力に応じて、ひとしく教育を受ける権利。,なし,なし,なし,なし,なし,衆議院「日本国憲法」,https://www.shugiin.go.jp/internet/itdb_annai.nsf/html/statics/shiryo/dl-constitution.htm,なし
政治・経済 Deck 1 公共・政治・経済の骨格,PE-000071,71,Deck 1・骨格,両方,法,憲法と人権,日本国憲法・基本的人権,勤労の権利,きんろうのけんり,なし,なし,stable,該当なし,日本国憲法第27条,PE-000071-C01,identify,働く機会を求め、勤労条件について法律上の保護を受ける権利。,次の説明に当てはまる用語は何か。働く機会を求め、勤労条件について法律上の保護を受ける権利。,勤労の権利,勤労の権利,働く機会を求め、勤労条件について法律上の保護を受ける権利。,なし,なし,なし,なし,なし,衆議院「日本国憲法」,https://www.shugiin.go.jp/internet/itdb_annai.nsf/html/statics/shiryo/dl-constitution.htm,なし
政治・経済 Deck 1 公共・政治・経済の骨格,PE-000072,72,Deck 1・骨格,両方,法,憲法と人権,日本国憲法・基本的人権,労働基本権,ろうどうきほんけん,なし,PE-000004,stable,該当なし,日本国憲法第28条,PE-000072-C01,identify,労働者の団結権・団体交渉権・団体行動権をまとめた権利。,次の説明に当てはまる用語は何か。労働者の団結権・団体交渉権・団体行動権をまとめた権利。,労働基本権,労働基本権,労働者の団結権・団体交渉権・団体行動権をまとめた権利。,なし,なし,なし,なし,なし,衆議院「日本国憲法」,https://www.shugiin.go.jp/internet/itdb_annai.nsf/html/statics/shiryo/dl-constitution.htm,なし
政治・経済 Deck 1 公共・政治・経済の骨格,PE-000073,73,Deck 1・骨格,両方,法,憲法と人権,日本国憲法・基本的人権,団結権,だんけつけん,なし,PE-000072,stable,該当なし,日本国憲法第28条,PE-000073-C01,identify,労働者が労働組合を結成し、加入する権利。,次の説明に当てはまる用語は何か。労働者が労働組合を結成し、加入する権利。,団結権,団結権,労働者が労働組合を結成し、加入する権利。,なし,なし,なし,なし,なし,衆議院「日本国憲法」,https://www.shugiin.go.jp/internet/itdb_annai.nsf/html/statics/shiryo/dl-constitution.htm,なし
政治・経済 Deck 1 公共・政治・経済の骨格,PE-000074,74,Deck 1・骨格,両方,法,憲法と人権,日本国憲法・基本的人権,団体交渉権,だんたいこうしょうけん,なし,PE-000072,stable,該当なし,日本国憲法第28条,PE-000074-C01,identify,労働組合が使用者と労働条件について交渉する権利。,次の説明に当てはまる用語は何か。労働組合が使用者と労働条件について交渉する権利。,団体交渉権,団体交渉権,労働組合が使用者と労働条件について交渉する権利。,なし,なし,なし,なし,なし,衆議院「日本国憲法」,https://www.shugiin.go.jp/internet/itdb_annai.nsf/html/statics/shiryo/dl-constitution.htm,なし
政治・経済 Deck 1 公共・政治・経済の骨格,PE-000075,75,Deck 1・骨格,両方,法,憲法と人権,日本国憲法・基本的人権,団体行動権,だんたいこうどうけん,なし,PE-000072,stable,該当なし,日本国憲法第28条,PE-000075-C01,identify,労働者が要求実現のため、争議行為など団体で行動する権利。,次の説明に当てはまる用語は何か。労働者が要求実現のため、争議行為など団体で行動する権利。,団体行動権,団体行動権,労働者が要求実現のため、争議行為など団体で行動する権利。,なし,なし,なし,なし,なし,衆議院「日本国憲法」,https://www.shugiin.go.jp/internet/itdb_annai.nsf/html/statics/shiryo/dl-constitution.htm,なし
政治・経済 Deck 1 公共・政治・経済の骨格,PE-000076,76,Deck 1・骨格,両方,法,憲法と人権,日本国憲法・基本的人権,参政権,さんせいけん,なし,なし,stable,該当なし,日本国憲法第15条,PE-000076-C01,identify,選挙や公務就任などを通じて政治に参加する権利。,次の説明に当てはまる用語は何か。選挙や公務就任などを通じて政治に参加する権利。,参政権,参政権,選挙や公務就任などを通じて政治に参加する権利。,なし,なし,なし,なし,なし,衆議院「日本国憲法」,https://www.shugiin.go.jp/internet/itdb_annai.nsf/html/statics/shiryo/dl-constitution.htm,なし
政治・経済 Deck 1 公共・政治・経済の骨格,PE-000077,77,Deck 1・骨格,両方,法,憲法と人権,日本国憲法・基本的人権,選挙権,せんきょけん,なし,なし,stable,該当なし,日本国憲法第15条・第44条,PE-000077-C01,identify,選挙で公職の代表者を選ぶ権利。,次の説明に当てはまる用語は何か。選挙で公職の代表者を選ぶ権利。,選挙権,選挙権,選挙で公職の代表者を選ぶ権利。,被選挙権,選挙権は選ぶ権利、被選挙権は選ばれる資格。,なし,なし,なし,衆議院「日本国憲法」,https://www.shugiin.go.jp/internet/itdb_annai.nsf/html/statics/shiryo/dl-constitution.htm,なし
政治・経済 Deck 1 公共・政治・経済の骨格,PE-000078,78,Deck 1・骨格,両方,法,憲法と人権,日本国憲法・基本的人権,被選挙権,ひせんきょけん,なし,なし,stable,該当なし,日本国憲法第44条・公職選挙法,PE-000078-C01,identify,選挙で候補者となり、公職に選ばれる資格。,次の説明に当てはまる用語は何か。選挙で候補者となり、公職に選ばれる資格。,被選挙権,被選挙権,選挙で候補者となり、公職に選ばれる資格。,選挙権,被選挙権は候補者となる資格、選挙権は投票する権利。,なし,なし,なし,衆議院「日本国憲法」,https://www.shugiin.go.jp/internet/itdb_annai.nsf/html/statics/shiryo/dl-constitution.htm,なし
政治・経済 Deck 1 公共・政治・経済の骨格,PE-000079,79,Deck 1・骨格,両方,法,憲法と人権,日本国憲法・基本的人権,請願権,せいがんけん,なし,なし,stable,該当なし,日本国憲法第16条,PE-000079-C01,identify,国や地方公共団体の機関に、希望や苦情を文書で申し出る権利。,次の説明に当てはまる用語は何か。国や地方公共団体の機関に、希望や苦情を文書で申し出る権利。,請願権,請願権,国や地方公共団体の機関に、希望や苦情を文書で申し出る権利。,なし,なし,なし,なし,なし,衆議院「日本国憲法」,https://www.shugiin.go.jp/internet/itdb_annai.nsf/html/statics/shiryo/dl-constitution.htm,なし
政治・経済 Deck 1 公共・政治・経済の骨格,PE-000080,80,Deck 1・骨格,両方,法,憲法と人権,日本国憲法・基本的人権,裁判を受ける権利,さいばんをうけるけんり,なし,なし,stable,該当なし,日本国憲法第32条,PE-000080-C01,identify,裁判所に訴え、法に基づく裁判を受ける権利。,次の説明に当てはまる用語は何か。裁判所に訴え、法に基づく裁判を受ける権利。,裁判を受ける権利,裁判を受ける権利,裁判所に訴え、法に基づく裁判を受ける権利。,なし,なし,なし,なし,なし,衆議院「日本国憲法」,https://www.shugiin.go.jp/internet/itdb_annai.nsf/html/statics/shiryo/dl-constitution.htm,なし
政治・経済 Deck 1 公共・政治・経済の骨格,PE-000081,81,Deck 1・骨格,両方,法,憲法と人権,日本国憲法・基本的人権,国家賠償請求権,こっかばいしょうせいきゅうけん,なし,なし,stable,該当なし,日本国憲法第17条,PE-000081-C01,identify,公務員の違法行為で損害を受けたとき、国や公共団体に賠償を求める権利。,次の説明に当てはまる用語は何か。公務員の違法行為で損害を受けたとき、国や公共団体に賠償を求める権利。,国家賠償請求権,国家賠償請求権,公務員の違法行為で損害を受けたとき、国や公共団体に賠償を求める権利。,なし,なし,なし,なし,なし,衆議院「日本国憲法」,https://www.shugiin.go.jp/internet/itdb_annai.nsf/html/statics/shiryo/dl-constitution.htm,なし
政治・経済 Deck 1 公共・政治・経済の骨格,PE-000082,82,Deck 1・骨格,両方,法,憲法と人権,日本国憲法・基本的人権,刑事補償請求権,けいじほしょうせいきゅうけん,なし,なし,stable,該当なし,日本国憲法第40条,PE-000082-C01,identify,抑留・拘禁された後に無罪となった人が国へ補償を求める権利。,次の説明に当てはまる用語は何か。抑留・拘禁された後に無罪となった人が国へ補償を求める権利。,刑事補償請求権,刑事補償請求権,抑留・拘禁された後に無罪となった人が国へ補償を求める権利。,なし,なし,なし,なし,なし,衆議院「日本国憲法」,https://www.shugiin.go.jp/internet/itdb_annai.nsf/html/statics/shiryo/dl-constitution.htm,なし
政治・経済 Deck 1 公共・政治・経済の骨格,PE-000083,83,Deck 1・骨格,両方,法,憲法と人権,日本国憲法・基本的人権,適正手続,てきせいてつづき,なし,なし,stable,該当なし,日本国憲法第31条,PE-000083-C01,identify,生命・自由を奪い、刑罰を科すには法律の定める公正な手続が必要だとする原則。,次の説明に当てはまる用語は何か。生命・自由を奪い、刑罰を科すには法律の定める公正な手続が必要だとする原則。,適正手続,適正手続,生命・自由を奪い、刑罰を科すには法律の定める公正な手続が必要だとする原則。,なし,なし,なし,なし,なし,衆議院「日本国憲法」,https://www.shugiin.go.jp/internet/itdb_annai.nsf/html/statics/shiryo/dl-constitution.htm,なし
政治・経済 Deck 1 公共・政治・経済の骨格,PE-000084,84,Deck 1・骨格,両方,法,憲法と人権,日本国憲法・基本的人権,令状主義,れいじょうしゅぎ,なし,なし,stable,該当なし,日本国憲法第33条・第35条,PE-000084-C01,identify,逮捕・捜索・押収などは原則として裁判官の令状によらなければならないという原則。,次の説明に当てはまる用語は何か。逮捕・捜索・押収などは原則として裁判官の令状によらなければならないという原則。,令状主義,令状主義,逮捕・捜索・押収などは原則として裁判官の令状によらなければならないという原則。,なし,なし,なし,なし,なし,衆議院「日本国憲法」,https://www.shugiin.go.jp/internet/itdb_annai.nsf/html/statics/shiryo/dl-constitution.htm,令状=れいじょう
政治・経済 Deck 1 公共・政治・経済の骨格,PE-000085,85,Deck 1・骨格,両方,法,憲法と人権,日本国憲法・基本的人権,黙秘権,もくひけん,なし,なし,stable,該当なし,日本国憲法第38条第1項,PE-000085-C01,identify,刑事手続で自己に不利益な供述を強要されない権利。,次の説明に当てはまる用語は何か。刑事手続で自己に不利益な供述を強要されない権利。,黙秘権,黙秘権,刑事手続で自己に不利益な供述を強要されない権利。,なし,なし,なし,なし,なし,衆議院「日本国憲法」,https://www.shugiin.go.jp/internet/itdb_annai.nsf/html/statics/shiryo/dl-constitution.htm,黙秘=もくひ
政治・経済 Deck 1 公共・政治・経済の骨格,PE-000086,86,Deck 1・骨格,両方,法,憲法と人権,日本国憲法・基本的人権,二重処罰の禁止,にじゅうしょばつのきんし,なし,なし,stable,該当なし,日本国憲法第39条,PE-000086-C01,identify,同じ犯罪について重ねて刑事責任を問われない原則。,次の説明に当てはまる用語は何か。同じ犯罪について重ねて刑事責任を問われない原則。,二重処罰の禁止,二重処罰の禁止,同じ犯罪について重ねて刑事責任を問われない原則。,なし,なし,なし,なし,なし,衆議院「日本国憲法」,https://www.shugiin.go.jp/internet/itdb_annai.nsf/html/statics/shiryo/dl-constitution.htm,なし
政治・経済 Deck 1 公共・政治・経済の骨格,PE-000087,87,Deck 1・骨格,両方,法,憲法と人権,日本国憲法・基本的人権,奴隷的拘束の禁止,どれいてきこうそくのきんし,なし,なし,stable,該当なし,日本国憲法第18条,PE-000087-C01,identify,人を奴隷のように人格と自由を奪った状態へ置くことを禁じる原則。,次の説明に当てはまる用語は何か。人を奴隷のように人格と自由を奪った状態へ置くことを禁じる原則。,奴隷的拘束の禁止,奴隷的拘束の禁止,人を奴隷のように人格と自由を奪った状態へ置くことを禁じる原則。,なし,なし,なし,なし,なし,衆議院「日本国憲法」,https://www.shugiin.go.jp/internet/itdb_annai.nsf/html/statics/shiryo/dl-constitution.htm,なし
政治・経済 Deck 1 公共・政治・経済の骨格,PE-000088,88,Deck 1・骨格,両方,法,憲法と人権,日本国憲法・基本的人権,苦役からの自由,くえきからのじゆう,なし,なし,stable,該当なし,日本国憲法第18条,PE-000088-C01,identify,犯罪による処罰の場合を除き、本人の意思に反する苦役を強制されない自由。,次の説明に当てはまる用語は何か。犯罪による処罰の場合を除き、本人の意思に反する苦役を強制されない自由。,苦役からの自由,苦役からの自由,犯罪による処罰の場合を除き、本人の意思に反する苦役を強制されない自由。,なし,なし,なし,なし,なし,衆議院「日本国憲法」,https://www.shugiin.go.jp/internet/itdb_annai.nsf/html/statics/shiryo/dl-constitution.htm,なし
政治・経済 Deck 1 公共・政治・経済の骨格,PE-000089,89,Deck 1・骨格,両方,法,憲法と人権,日本国憲法・基本的人権,プライバシー権,ぷらいばしーけん,なし,なし,stable,該当なし,日本国憲法第13条を根拠とする判例上の権利,PE-000089-C01,identify,私生活上の情報をみだりに公開・利用されない権利。,次の説明に当てはまる用語は何か。私生活上の情報をみだりに公開・利用されない権利。,プライバシー権,プライバシー権,私生活上の情報をみだりに公開・利用されない権利。,なし,なし,なし,なし,なし,衆議院「日本国憲法」,https://www.shugiin.go.jp/internet/itdb_annai.nsf/html/statics/shiryo/dl-constitution.htm,なし
政治・経済 Deck 1 公共・政治・経済の骨格,PE-000090,90,Deck 1・骨格,両方,法,憲法と人権,日本国憲法・基本的人権,知る権利,しるけんり,なし,PE-000062,stable,該当なし,日本国憲法第21条を基礎とする権利,PE-000090-C01,identify,国民が政治的判断に必要な情報を受け取り、入手する権利。,次の説明に当てはまる用語は何か。国民が政治的判断に必要な情報を受け取り、入手する権利。,知る権利,知る権利,国民が政治的判断に必要な情報を受け取り、入手する権利。,なし,なし,なし,なし,なし,衆議院「日本国憲法」,https://www.shugiin.go.jp/internet/itdb_annai.nsf/html/statics/shiryo/dl-constitution.htm,なし
政治・経済 Deck 1 公共・政治・経済の骨格,PE-000091,91,Deck 1・骨格,両方,法,憲法と人権,日本国憲法・基本的人権,環境権,かんきょうけん,なし,なし,stable,該当なし,日本国憲法第13条・第25条を根拠として主張される権利,PE-000091-C01,identify,良好な環境の中で生活する利益を権利として保障しようとする考え。,次の説明に当てはまる用語は何か。良好な環境の中で生活する利益を権利として保障しようとする考え。,環境権,環境権,良好な環境の中で生活する利益を権利として保障しようとする考え。,なし,なし,なし,なし,なし,衆議院「日本国憲法」,https://www.shugiin.go.jp/internet/itdb_annai.nsf/html/statics/shiryo/dl-constitution.htm,なし
政治・経済 Deck 1 公共・政治・経済の骨格,PE-000092,92,Deck 1・骨格,両方,法,憲法と人権,日本国憲法・基本的人権,自己決定権,じこけっていけん,なし,なし,stable,該当なし,日本国憲法第13条を基礎とする権利,PE-000092-C01,identify,個人の生き方に関する重要事項を、自ら決定する権利。,次の説明に当てはまる用語は何か。個人の生き方に関する重要事項を、自ら決定する権利。,自己決定権,自己決定権,個人の生き方に関する重要事項を、自ら決定する権利。,なし,なし,なし,なし,なし,衆議院「日本国憲法」,https://www.shugiin.go.jp/internet/itdb_annai.nsf/html/statics/shiryo/dl-constitution.htm,なし
政治・経済 Deck 1 公共・政治・経済の骨格,PE-000093,93,Deck 1・骨格,両方,法,憲法と人権,日本国憲法・基本的人権,新しい人権,あたらしいじんけん,なし,PE-000057,stable,該当なし,日本国憲法第13条など,PE-000093-C01,identify,憲法に明文がなくても、社会変化に応じて幸福追求権などから導かれる人権。,次の説明に当てはまる用語は何か。憲法に明文がなくても、社会変化に応じて幸福追求権などから導かれる人権。,新しい人権,新しい人権,憲法に明文がなくても、社会変化に応じて幸福追求権などから導かれる人権。,なし,なし,なし,なし,なし,衆議院「日本国憲法」,https://www.shugiin.go.jp/internet/itdb_annai.nsf/html/statics/shiryo/dl-constitution.htm,なし
政治・経済 Deck 1 公共・政治・経済の骨格,PE-000094,94,Deck 1・骨格,両方,法,憲法と人権,日本国憲法・基本的人権,憲法改正,けんぽうかいせい,なし,なし,stable,該当なし,日本国憲法第96条,PE-000094-C01,procedure,国会の発議要件,日本国憲法の改正を国会が発議するには、各議院で総議員の何分の何以上の賛成が必要か。,3分の2以上,3分の2以上｜三分の二以上,国会の発議と国民投票の承認を経て、憲法の条文を変更すること。,なし,なし,なし,割合,なし,衆議院「日本国憲法」,https://www.shugiin.go.jp/internet/itdb_annai.nsf/html/statics/shiryo/dl-constitution.htm,なし
政治・経済 Deck 1 公共・政治・経済の骨格,PE-000095,95,Deck 1・骨格,両方,法,憲法と人権,日本国憲法・基本的人権,硬性憲法,こうせいけんぽう,なし,なし,stable,該当なし,日本国憲法第96条,PE-000095-C01,identify,通常の法律より厳しい手続を経なければ改正できない憲法。,次の説明に当てはまる用語は何か。通常の法律より厳しい手続を経なければ改正できない憲法。,硬性憲法,硬性憲法,通常の法律より厳しい手続を経なければ改正できない憲法。,なし,なし,なし,なし,なし,衆議院「日本国憲法」,https://www.shugiin.go.jp/internet/itdb_annai.nsf/html/statics/shiryo/dl-constitution.htm,なし
政治・経済 Deck 1 公共・政治・経済の骨格,PE-000096,96,Deck 1・骨格,両方,法,憲法と人権,日本国憲法・基本的人権,国民投票,こくみんとうひょう,なし,なし,stable,該当なし,日本国憲法第96条・日本国憲法の改正手続に関する法律,PE-000096-C01,identify,憲法改正案など特定の重要事項について、国民が直接投票する制度。,次の説明に当てはまる用語は何か。憲法改正案など特定の重要事項について、国民が直接投票する制度。,国民投票,国民投票,憲法改正案など特定の重要事項について、国民が直接投票する制度。,なし,なし,なし,なし,なし,衆議院「日本国憲法」,https://www.shugiin.go.jp/internet/itdb_annai.nsf/html/statics/shiryo/dl-constitution.htm,なし
政治・経済 Deck 1 公共・政治・経済の骨格,PE-000097,97,Deck 1・骨格,両方,法,憲法と人権,日本国憲法・基本的人権,違憲審査権,いけんしんさけん,なし,なし,stable,該当なし,日本国憲法第81条,PE-000097-C01,identify,法律・命令・規則・処分が憲法に適合するかを裁判所が判断する権限。,次の説明に当てはまる用語は何か。法律・命令・規則・処分が憲法に適合するかを裁判所が判断する権限。,違憲審査権,違憲審査権,法律・命令・規則・処分が憲法に適合するかを裁判所が判断する権限。,なし,なし,なし,なし,なし,衆議院「日本国憲法」,https://www.shugiin.go.jp/internet/itdb_annai.nsf/html/statics/shiryo/dl-constitution.htm,なし
政治・経済 Deck 1 公共・政治・経済の骨格,PE-000098,98,Deck 1・骨格,両方,法,憲法と人権,日本国憲法・基本的人権,付随的違憲審査制,ふずいてきいけんしんさせい,なし,PE-000097,stable,該当なし,日本国憲法第81条・最高裁判所判例,PE-000098-C01,identify,具体的な訴訟事件を解決するために必要な範囲で違憲審査を行う方式。,次の説明に当てはまる用語は何か。具体的な訴訟事件を解決するために必要な範囲で違憲審査を行う方式。,付随的違憲審査制,付随的違憲審査制,具体的な訴訟事件を解決するために必要な範囲で違憲審査を行う方式。,なし,なし,なし,なし,なし,衆議院「日本国憲法」,https://www.shugiin.go.jp/internet/itdb_annai.nsf/html/statics/shiryo/dl-constitution.htm,なし
政治・経済 Deck 1 公共・政治・経済の骨格,PE-000099,99,Deck 1・骨格,両方,法,憲法と人権,日本国憲法・基本的人権,司法権の独立,しほうけんのどくりつ,なし,なし,stable,該当なし,日本国憲法第76条第3項,PE-000099-C01,identify,裁判所と裁判官が他の国家機関から干渉を受けず、独立して裁判する原則。,次の説明に当てはまる用語は何か。裁判所と裁判官が他の国家機関から干渉を受けず、独立して裁判する原則。,司法権の独立,司法権の独立,裁判所と裁判官が他の国家機関から干渉を受けず、独立して裁判する原則。,なし,なし,なし,なし,なし,衆議院「日本国憲法」,https://www.shugiin.go.jp/internet/itdb_annai.nsf/html/statics/shiryo/dl-constitution.htm,なし
政治・経済 Deck 1 公共・政治・経済の骨格,PE-000100,100,Deck 1・骨格,両方,法,憲法と人権,日本国憲法・基本的人権,裁判官の身分保障,さいばんかんのみぶんほしょう,なし,PE-000099,stable,該当なし,日本国憲法第78条・第80条,PE-000100-C01,identify,裁判官を、弾劾や心身の故障など憲法・法律上の理由なく罷免できない保障。,次の説明に当てはまる用語は何か。裁判官を、弾劾や心身の故障など憲法・法律上の理由なく罷免できない保障。,裁判官の身分保障,裁判官の身分保障,裁判官を、弾劾や心身の故障など憲法・法律上の理由なく罷免できない保障。,なし,なし,なし,なし,なし,衆議院「日本国憲法」,https://www.shugiin.go.jp/internet/itdb_annai.nsf/html/statics/shiryo/dl-constitution.htm,なし
政治・経済 Deck 1 公共・政治・経済の骨格,PE-000101,101,Deck 1・骨格,政治・経済,法,統治機構,司法,三審制,さんしんせい,なし,なし,stable,該当なし,裁判所法・各訴訟法,PE-000101-C01,identify,原則として同じ事件について三回まで異なる裁判所の判断を受けられる制度。,次の説明に当てはまる用語は何か。原則として同じ事件について三回まで異なる裁判所の判断を受けられる制度。,三審制,三審制,原則として同じ事件について三回まで異なる裁判所の判断を受けられる制度。,なし,なし,なし,なし,なし,裁判所「裁判所の仕組み」,https://www.courts.go.jp/about/sosiki/index.html,なし
政治・経済 Deck 1 公共・政治・経済の骨格,PE-000102,102,Deck 1・骨格,政治・経済,法,統治機構,司法,公開裁判,こうかいさいばん,なし,なし,stable,該当なし,日本国憲法第82条,PE-000102-C01,identify,裁判の対審と判決を原則として公開の法廷で行う制度。,次の説明に当てはまる用語は何か。裁判の対審と判決を原則として公開の法廷で行う制度。,公開裁判,公開裁判,裁判の対審と判決を原則として公開の法廷で行う制度。,なし,なし,なし,なし,なし,衆議院「日本国憲法」,https://www.shugiin.go.jp/internet/itdb_annai.nsf/html/statics/shiryo/dl-constitution.htm,なし
政治・経済 Deck 1 公共・政治・経済の骨格,PE-000103,103,Deck 1・骨格,政治・経済,法,統治機構,司法,裁判員制度,さいばんいんせいど,なし,なし,stable,該当なし,裁判員の参加する刑事裁判に関する法律,PE-000103-C01,identify,国民から選ばれた裁判員が、裁判官と共に重大な刑事事件の第一審へ参加する制度。,次の説明に当てはまる用語は何か。国民から選ばれた裁判員が、裁判官と共に重大な刑事事件の第一審へ参加する制度。,裁判員制度,裁判員制度,国民から選ばれた裁判員が、裁判官と共に重大な刑事事件の第一審へ参加する制度。,なし,なし,なし,なし,なし,裁判所「裁判員制度」,https://www.courts.go.jp/saibanin/index.html,なし
政治・経済 Deck 1 公共・政治・経済の骨格,PE-000104,104,Deck 1・骨格,政治・経済,法,統治機構,司法,最高裁判所裁判官国民審査,さいこうさいばんしょさいばんかんこくみんしんさ,国民審査,なし,stable,該当なし,日本国憲法第79条第2項～第4項,PE-000104-C01,identify,最高裁判所裁判官が職務に適するかを、衆議院議員総選挙の際に国民が審査する制度。,次の説明に当てはまる用語は何か。最高裁判所裁判官が職務に適するかを、衆議院議員総選挙の際に国民が審査する制度。,最高裁判所裁判官国民審査,最高裁判所裁判官国民審査｜国民審査,最高裁判所裁判官が職務に適するかを、衆議院議員総選挙の際に国民が審査する制度。,なし,なし,なし,なし,なし,衆議院「日本国憲法」,https://www.shugiin.go.jp/internet/itdb_annai.nsf/html/statics/shiryo/dl-constitution.htm,なし
政治・経済 Deck 1 公共・政治・経済の骨格,PE-000105,105,Deck 1・骨格,政治・経済,法,統治機構,司法,弾劾裁判所,だんがいさいばんしょ,なし,なし,stable,該当なし,日本国憲法第64条・第78条,PE-000105-C01,identify,罷免の訴追を受けた裁判官を裁判するため、国会に設けられる機関。,次の説明に当てはまる用語は何か。罷免の訴追を受けた裁判官を裁判するため、国会に設けられる機関。,弾劾裁判所,弾劾裁判所,罷免の訴追を受けた裁判官を裁判するため、国会に設けられる機関。,なし,なし,なし,なし,なし,衆議院「日本国憲法」,https://www.shugiin.go.jp/internet/itdb_annai.nsf/html/statics/shiryo/dl-constitution.htm,弾劾=だんがい
政治・経済 Deck 1 公共・政治・経済の骨格,PE-000106,106,Deck 1・骨格,政治・経済,法,統治機構,司法,最高裁判所,さいこうさいばんしょ,なし,なし,stable,該当なし,日本国憲法第76条・第81条,PE-000106-C01,identify,日本の司法制度で最上級に位置し、違憲審査の終審裁判所である裁判所。,次の説明に当てはまる用語は何か。日本の司法制度で最上級に位置し、違憲審査の終審裁判所である裁判所。,最高裁判所,最高裁判所,日本の司法制度で最上級に位置し、違憲審査の終審裁判所である裁判所。,高等裁判所,最高裁判所は最上級・違憲審査の終審、高等裁判所は下級裁判所。,なし,なし,なし,衆議院「日本国憲法」,https://www.shugiin.go.jp/internet/itdb_annai.nsf/html/statics/shiryo/dl-constitution.htm,なし
政治・経済 Deck 1 公共・政治・経済の骨格,PE-000107,107,Deck 1・骨格,政治・経済,法,統治機構,司法,下級裁判所,かきゅうさいばんしょ,なし,なし,stable,該当なし,日本国憲法第76条・裁判所法,PE-000107-C01,identify,最高裁判所以外の、高等・地方・家庭・簡易の各裁判所の総称。,次の説明に当てはまる用語は何か。最高裁判所以外の、高等・地方・家庭・簡易の各裁判所の総称。,下級裁判所,下級裁判所,最高裁判所以外の、高等・地方・家庭・簡易の各裁判所の総称。,なし,なし,なし,なし,なし,衆議院「日本国憲法」,https://www.shugiin.go.jp/internet/itdb_annai.nsf/html/statics/shiryo/dl-constitution.htm,なし
政治・経済 Deck 1 公共・政治・経済の骨格,PE-000108,108,Deck 1・骨格,政治・経済,法,統治機構,司法,高等裁判所,こうとうさいばんしょ,なし,なし,stable,該当なし,裁判所法,PE-000108-C01,identify,主に地方裁判所などの判決に対する控訴を扱う下級裁判所。,次の説明に当てはまる用語は何か。主に地方裁判所などの判決に対する控訴を扱う下級裁判所。,高等裁判所,高等裁判所,主に地方裁判所などの判決に対する控訴を扱う下級裁判所。,なし,なし,なし,なし,なし,e-Gov法令検索「裁判所法」,https://elaws.e-gov.go.jp/document?lawid=322AC0000000059,なし
政治・経済 Deck 1 公共・政治・経済の骨格,PE-000109,109,Deck 1・骨格,政治・経済,法,統治機構,司法,地方裁判所,ちほうさいばんしょ,なし,なし,stable,該当なし,裁判所法,PE-000109-C01,identify,原則的な第一審を広く担当する下級裁判所。,次の説明に当てはまる用語は何か。原則的な第一審を広く担当する下級裁判所。,地方裁判所,地方裁判所,原則的な第一審を広く担当する下級裁判所。,なし,なし,なし,なし,なし,e-Gov法令検索「裁判所法」,https://elaws.e-gov.go.jp/document?lawid=322AC0000000059,なし
政治・経済 Deck 1 公共・政治・経済の骨格,PE-000110,110,Deck 1・骨格,政治・経済,法,統治機構,司法,家庭裁判所,かていさいばんしょ,なし,なし,stable,該当なし,裁判所法,PE-000110-C01,identify,家事事件と少年事件を主に扱う下級裁判所。,次の説明に当てはまる用語は何か。家事事件と少年事件を主に扱う下級裁判所。,家庭裁判所,家庭裁判所,家事事件と少年事件を主に扱う下級裁判所。,なし,なし,なし,なし,なし,e-Gov法令検索「裁判所法」,https://elaws.e-gov.go.jp/document?lawid=322AC0000000059,なし
政治・経済 Deck 1 公共・政治・経済の骨格,PE-000111,111,Deck 1・骨格,政治・経済,法,統治機構,司法,簡易裁判所,かんいさいばんしょ,なし,なし,stable,該当なし,裁判所法,PE-000111-C01,identify,比較的軽微な民事・刑事事件の第一審を扱う下級裁判所。,次の説明に当てはまる用語は何か。比較的軽微な民事・刑事事件の第一審を扱う下級裁判所。,簡易裁判所,簡易裁判所,比較的軽微な民事・刑事事件の第一審を扱う下級裁判所。,なし,なし,なし,なし,なし,e-Gov法令検索「裁判所法」,https://elaws.e-gov.go.jp/document?lawid=322AC0000000059,なし
政治・経済 Deck 1 公共・政治・経済の骨格,PE-000112,112,Deck 1・骨格,政治・経済,政治,統治機構,国会・内閣,国会,こっかい,なし,なし,stable,該当なし,日本国憲法第41条,PE-000112-C01,identify,国権の最高機関であり、国の唯一の立法機関とされる機関。,次の説明に当てはまる用語は何か。国権の最高機関であり、国の唯一の立法機関とされる機関。,国会,国会,国権の最高機関であり、国の唯一の立法機関とされる機関。,内閣,国会は立法、内閣は行政を担う。,なし,なし,なし,衆議院「日本国憲法」,https://www.shugiin.go.jp/internet/itdb_annai.nsf/html/statics/shiryo/dl-constitution.htm,なし
政治・経済 Deck 1 公共・政治・経済の骨格,PE-000113,113,Deck 1・骨格,政治・経済,政治,統治機構,国会・内閣,二院制,にいんせい,なし,PE-000112,stable,該当なし,日本国憲法第42条,PE-000113-C01,identify,議会を性格の異なる二つの議院で構成し、審議を慎重にする制度。,次の説明に当てはまる用語は何か。議会を性格の異なる二つの議院で構成し、審議を慎重にする制度。,二院制,二院制,議会を性格の異なる二つの議院で構成し、審議を慎重にする制度。,なし,なし,なし,なし,なし,衆議院「日本国憲法」,https://www.shugiin.go.jp/internet/itdb_annai.nsf/html/statics/shiryo/dl-constitution.htm,なし
政治・経済 Deck 1 公共・政治・経済の骨格,PE-000114,114,Deck 1・骨格,政治・経済,政治,統治機構,国会・内閣,衆議院,しゅうぎいん,なし,PE-000113,stable,該当なし,日本国憲法第42条・第45条,PE-000114-C01,identify,参議院と共に国会を構成し、解散があり任期が短い議院。,次の説明に当てはまる用語は何か。参議院と共に国会を構成し、解散があり任期が短い議院。,衆議院,衆議院,参議院と共に国会を構成し、解散があり任期が短い議院。,参議院,衆議院は解散があり任期4年、参議院は解散がなく任期6年。,なし,なし,なし,衆議院「日本国憲法」,https://www.shugiin.go.jp/internet/itdb_annai.nsf/html/statics/shiryo/dl-constitution.htm,なし
政治・経済 Deck 1 公共・政治・経済の骨格,PE-000115,115,Deck 1・骨格,政治・経済,政治,統治機構,国会・内閣,参議院,さんぎいん,なし,PE-000113,stable,該当なし,日本国憲法第42条・第46条,PE-000115-C01,identify,衆議院と共に国会を構成し、解散がなく議員の半数を3年ごとに改選する議院。,次の説明に当てはまる用語は何か。衆議院と共に国会を構成し、解散がなく議員の半数を3年ごとに改選する議院。,参議院,参議院,衆議院と共に国会を構成し、解散がなく議員の半数を3年ごとに改選する議院。,なし,なし,なし,なし,なし,衆議院「日本国憲法」,https://www.shugiin.go.jp/internet/itdb_annai.nsf/html/statics/shiryo/dl-constitution.htm,なし
政治・経済 Deck 1 公共・政治・経済の骨格,PE-000116,116,Deck 1・骨格,政治・経済,政治,統治機構,国会・内閣,衆議院議員の任期,しゅうぎいんぎいんのにんき,なし,なし,stable,該当なし,日本国憲法第45条,PE-000116-C01,institution,任期,日本国憲法上、衆議院議員の任期は何年か。,4年,4年｜四年,日本国憲法上4年で、衆議院解散の場合は満了前に終了する任期。,なし,なし,なし,年,なし,衆議院「日本国憲法」,https://www.shugiin.go.jp/internet/itdb_annai.nsf/html/statics/shiryo/dl-constitution.htm,なし
政治・経済 Deck 1 公共・政治・経済の骨格,PE-000117,117,Deck 1・骨格,政治・経済,政治,統治機構,国会・内閣,参議院議員の任期,さんぎいんぎいんのにんき,なし,なし,stable,該当なし,日本国憲法第46条,PE-000117-C01,institution,任期,日本国憲法上、参議院議員の任期は何年か。,6年,6年｜六年,日本国憲法上6年で、3年ごとに議員の半数を改選する任期。,なし,なし,なし,年,なし,衆議院「日本国憲法」,https://www.shugiin.go.jp/internet/itdb_annai.nsf/html/statics/shiryo/dl-constitution.htm,なし
政治・経済 Deck 1 公共・政治・経済の骨格,PE-000118,118,Deck 1・骨格,政治・経済,政治,統治機構,国会・内閣,常会,じょうかい,なし,なし,stable,該当なし,日本国憲法第52条,PE-000118-C01,identify,毎年1回召集され、予算などを審議する通常の国会。,次の説明に当てはまる用語は何か。毎年1回召集され、予算などを審議する通常の国会。,常会,常会,毎年1回召集され、予算などを審議する通常の国会。,臨時会,常会は毎年1回、臨時会は必要に応じて召集される。,なし,なし,なし,衆議院「日本国憲法」,https://www.shugiin.go.jp/internet/itdb_annai.nsf/html/statics/shiryo/dl-constitution.htm,なし
政治・経済 Deck 1 公共・政治・経済の骨格,PE-000119,119,Deck 1・骨格,政治・経済,政治,統治機構,国会・内閣,臨時会,りんじかい,なし,なし,stable,該当なし,日本国憲法第53条,PE-000119-C01,identify,必要に応じて内閣が召集し、いずれかの議院の総議員の4分の1以上の要求でも召集が必要となる国会。,次の説明に当てはまる用語は何か。必要に応じて内閣が召集し、いずれかの議院の総議員の4分の1以上の要求でも召集が必要となる国会。,臨時会,臨時会,必要に応じて内閣が召集し、いずれかの議院の総議員の4分の1以上の要求でも召集が必要となる国会。,特別会,臨時会は必要時、特別会は衆議院総選挙後に召集される。,なし,なし,なし,衆議院「日本国憲法」,https://www.shugiin.go.jp/internet/itdb_annai.nsf/html/statics/shiryo/dl-constitution.htm,なし
政治・経済 Deck 1 公共・政治・経済の骨格,PE-000120,120,Deck 1・骨格,政治・経済,政治,統治機構,国会・内閣,特別会,とくべつかい,なし,なし,stable,該当なし,日本国憲法第54条第1項,PE-000120-C01,identify,衆議院議員総選挙後に召集され、内閣総理大臣の指名などを行う国会。,次の説明に当てはまる用語は何か。衆議院議員総選挙後に召集され、内閣総理大臣の指名などを行う国会。,特別会,特別会,衆議院議員総選挙後に召集され、内閣総理大臣の指名などを行う国会。,なし,なし,なし,なし,なし,衆議院「日本国憲法」,https://www.shugiin.go.jp/internet/itdb_annai.nsf/html/statics/shiryo/dl-constitution.htm,なし
政治・経済 Deck 1 公共・政治・経済の骨格,PE-000121,121,Deck 1・骨格,政治・経済,政治,統治機構,国会・内閣,参議院の緊急集会,さんぎいんのきんきゅうしゅうかい,なし,なし,stable,該当なし,日本国憲法第54条第2項・第3項,PE-000121-C01,identify,衆議院解散中に国へ緊急の必要があるとき、内閣が求めて開く参議院の集会。,次の説明に当てはまる用語は何か。衆議院解散中に国へ緊急の必要があるとき、内閣が求めて開く参議院の集会。,参議院の緊急集会,参議院の緊急集会,衆議院解散中に国へ緊急の必要があるとき、内閣が求めて開く参議院の集会。,なし,なし,なし,なし,なし,衆議院「日本国憲法」,https://www.shugiin.go.jp/internet/itdb_annai.nsf/html/statics/shiryo/dl-constitution.htm,なし
政治・経済 Deck 1 公共・政治・経済の骨格,PE-000122,122,Deck 1・骨格,政治・経済,政治,統治機構,国会・内閣,委員会制度,いいんかいせいど,なし,なし,stable,該当なし,国会法・各議院規則,PE-000122-C01,identify,本会議に先立ち、専門分野ごとの少人数で法案などを詳しく審査する仕組み。,次の説明に当てはまる用語は何か。本会議に先立ち、専門分野ごとの少人数で法案などを詳しく審査する仕組み。,委員会制度,委員会制度,本会議に先立ち、専門分野ごとの少人数で法案などを詳しく審査する仕組み。,なし,なし,なし,なし,なし,e-Gov法令検索「国会法」,https://elaws.e-gov.go.jp/document?lawid=322AC1000000079,なし
政治・経済 Deck 1 公共・政治・経済の骨格,PE-000123,123,Deck 1・骨格,政治・経済,政治,統治機構,国会・内閣,本会議,ほんかいぎ,なし,なし,stable,該当なし,国会法・各議院規則,PE-000123-C01,identify,議院の全議員で構成され、議院としての最終的な意思を決める会議。,次の説明に当てはまる用語は何か。議院の全議員で構成され、議院としての最終的な意思を決める会議。,本会議,本会議,議院の全議員で構成され、議院としての最終的な意思を決める会議。,なし,なし,なし,なし,なし,e-Gov法令検索「国会法」,https://elaws.e-gov.go.jp/document?lawid=322AC1000000079,なし
政治・経済 Deck 1 公共・政治・経済の骨格,PE-000124,124,Deck 1・骨格,政治・経済,政治,統治機構,国会・内閣,法律案の議決,ほうりつあんのぎけつ,なし,なし,stable,該当なし,日本国憲法第59条,PE-000124-C01,identify,原則として衆議院・参議院の両方で可決して法律を成立させる国会の権能。,次の説明に当てはまる用語は何か。原則として衆議院・参議院の両方で可決して法律を成立させる国会の権能。,法律案の議決,法律案の議決,原則として衆議院・参議院の両方で可決して法律を成立させる国会の権能。,なし,なし,なし,なし,なし,衆議院「日本国憲法」,https://www.shugiin.go.jp/internet/itdb_annai.nsf/html/statics/shiryo/dl-constitution.htm,なし
政治・経済 Deck 1 公共・政治・経済の骨格,PE-000125,125,Deck 1・骨格,政治・経済,政治,統治機構,国会・内閣,予算の議決,よさんのぎけつ,なし,なし,stable,該当なし,日本国憲法第60条,PE-000125-C01,identify,内閣が作成・提出した予算を国会が審議し決定する権能。,次の説明に当てはまる用語は何か。内閣が作成・提出した予算を国会が審議し決定する権能。,予算の議決,予算の議決,内閣が作成・提出した予算を国会が審議し決定する権能。,なし,なし,なし,なし,なし,衆議院「日本国憲法」,https://www.shugiin.go.jp/internet/itdb_annai.nsf/html/statics/shiryo/dl-constitution.htm,なし
政治・経済 Deck 1 公共・政治・経済の骨格,PE-000126,126,Deck 1・骨格,政治・経済,政治,統治機構,国会・内閣,条約の承認,じょうやくのしょうにん,なし,なし,stable,該当なし,日本国憲法第61条・第73条第3号,PE-000126-C01,identify,内閣が締結する条約について、国会が事前または事後に承認する権能。,次の説明に当てはまる用語は何か。内閣が締結する条約について、国会が事前または事後に承認する権能。,条約の承認,条約の承認,内閣が締結する条約について、国会が事前または事後に承認する権能。,なし,なし,なし,なし,なし,衆議院「日本国憲法」,https://www.shugiin.go.jp/internet/itdb_annai.nsf/html/statics/shiryo/dl-constitution.htm,なし
政治・経済 Deck 1 公共・政治・経済の骨格,PE-000127,127,Deck 1・骨格,政治・経済,政治,統治機構,国会・内閣,国政調査権,こくせいちょうさけん,なし,なし,stable,該当なし,日本国憲法第62条,PE-000127-C01,identify,各議院が国政を調査し、証人の出頭・証言や記録の提出を求める権限。,次の説明に当てはまる用語は何か。各議院が国政を調査し、証人の出頭・証言や記録の提出を求める権限。,国政調査権,国政調査権,各議院が国政を調査し、証人の出頭・証言や記録の提出を求める権限。,なし,なし,なし,なし,なし,衆議院「日本国憲法」,https://www.shugiin.go.jp/internet/itdb_annai.nsf/html/statics/shiryo/dl-constitution.htm,なし
政治・経済 Deck 1 公共・政治・経済の骨格,PE-000128,128,Deck 1・骨格,政治・経済,政治,統治機構,国会・内閣,議員の不逮捕特権,ぎいんのふたいほとっけん,なし,なし,stable,該当なし,日本国憲法第50条,PE-000128-C01,identify,国会議員が原則として会期中逮捕されず、会期前の逮捕も議院の要求で釈放される特権。,次の説明に当てはまる用語は何か。国会議員が原則として会期中逮捕されず、会期前の逮捕も議院の要求で釈放される特権。,議員の不逮捕特権,議員の不逮捕特権,国会議員が原則として会期中逮捕されず、会期前の逮捕も議院の要求で釈放される特権。,なし,なし,なし,なし,なし,衆議院「日本国憲法」,https://www.shugiin.go.jp/internet/itdb_annai.nsf/html/statics/shiryo/dl-constitution.htm,逮捕=たいほ
政治・経済 Deck 1 公共・政治・経済の骨格,PE-000129,129,Deck 1・骨格,政治・経済,政治,統治機構,国会・内閣,議員の免責特権,ぎいんのめんせきとっけん,なし,なし,stable,該当なし,日本国憲法第51条,PE-000129-C01,identify,国会議員が議院で行った演説・討論・表決について院外で責任を問われない特権。,次の説明に当てはまる用語は何か。国会議員が議院で行った演説・討論・表決について院外で責任を問われない特権。,議員の免責特権,議員の免責特権,国会議員が議院で行った演説・討論・表決について院外で責任を問われない特権。,なし,なし,なし,なし,なし,衆議院「日本国憲法」,https://www.shugiin.go.jp/internet/itdb_annai.nsf/html/statics/shiryo/dl-constitution.htm,免責=めんせき
政治・経済 Deck 1 公共・政治・経済の骨格,PE-000130,130,Deck 1・骨格,政治・経済,政治,統治機構,国会・内閣,衆議院の優越,しゅうぎいんのゆうえつ,なし,PE-000114｜PE-000115,stable,該当なし,日本国憲法第59条～第61条・第67条第2項,PE-000130-C01,identify,予算・条約・内閣総理大臣指名や一定の法律案で、衆議院の意思を参議院より優先する仕組み。,次の説明に当てはまる用語は何か。予算・条約・内閣総理大臣指名や一定の法律案で、衆議院の意思を参議院より優先する仕組み。,衆議院の優越,衆議院の優越,予算・条約・内閣総理大臣指名や一定の法律案で、衆議院の意思を参議院より優先する仕組み。,なし,なし,なし,なし,なし,衆議院「日本国憲法」,https://www.shugiin.go.jp/internet/itdb_annai.nsf/html/statics/shiryo/dl-constitution.htm,なし
政治・経済 Deck 1 公共・政治・経済の骨格,PE-000131,131,Deck 1・骨格,政治・経済,政治,統治機構,国会・内閣,両院協議会,りょういんきょうぎかい,なし,なし,stable,該当なし,日本国憲法第59条第3項・第60条第2項・第61条・第67条第2項,PE-000131-C01,identify,衆議院と参議院の議決が異なる場合に、両院の代表者が協議する機関。,次の説明に当てはまる用語は何か。衆議院と参議院の議決が異なる場合に、両院の代表者が協議する機関。,両院協議会,両院協議会,衆議院と参議院の議決が異なる場合に、両院の代表者が協議する機関。,なし,なし,なし,なし,なし,衆議院「日本国憲法」,https://www.shugiin.go.jp/internet/itdb_annai.nsf/html/statics/shiryo/dl-constitution.htm,なし
政治・経済 Deck 1 公共・政治・経済の骨格,PE-000132,132,Deck 1・骨格,政治・経済,政治,統治機構,国会・内閣,内閣総理大臣の指名,ないかくそうりだいじんのしめい,なし,なし,stable,該当なし,日本国憲法第67条,PE-000132-C01,identify,国会が国会議員の中から内閣総理大臣となる者を選ぶこと。,次の説明に当てはまる用語は何か。国会が国会議員の中から内閣総理大臣となる者を選ぶこと。,内閣総理大臣の指名,内閣総理大臣の指名,国会が国会議員の中から内閣総理大臣となる者を選ぶこと。,なし,なし,なし,なし,なし,衆議院「日本国憲法」,https://www.shugiin.go.jp/internet/itdb_annai.nsf/html/statics/shiryo/dl-constitution.htm,なし
政治・経済 Deck 1 公共・政治・経済の骨格,PE-000133,133,Deck 1・骨格,政治・経済,政治,統治機構,国会・内閣,内閣,ないかく,なし,なし,stable,該当なし,日本国憲法第65条・第66条,PE-000133-C01,identify,行政権を担い、内閣総理大臣とその他の国務大臣で構成される合議体。,次の説明に当てはまる用語は何か。行政権を担い、内閣総理大臣とその他の国務大臣で構成される合議体。,内閣,内閣,行政権を担い、内閣総理大臣とその他の国務大臣で構成される合議体。,なし,なし,なし,なし,なし,首相官邸「内閣制度」,https://www.kantei.go.jp/jp/seido/seido_2.html,なし
政治・経済 Deck 1 公共・政治・経済の骨格,PE-000134,134,Deck 1・骨格,政治・経済,政治,統治機構,国会・内閣,議院内閣制,ぎいんないかくせい,なし,PE-000112｜PE-000133,stable,該当なし,日本国憲法第66条第3項・第69条,PE-000134-C01,identify,内閣が国会の信任に基づいて成立し、国会に対して連帯して責任を負う制度。,次の説明に当てはまる用語は何か。内閣が国会の信任に基づいて成立し、国会に対して連帯して責任を負う制度。,議院内閣制,議院内閣制,内閣が国会の信任に基づいて成立し、国会に対して連帯して責任を負う制度。,なし,なし,なし,なし,なし,衆議院「日本国憲法」,https://www.shugiin.go.jp/internet/itdb_annai.nsf/html/statics/shiryo/dl-constitution.htm,なし
政治・経済 Deck 1 公共・政治・経済の骨格,PE-000135,135,Deck 1・骨格,政治・経済,政治,統治機構,国会・内閣,内閣の連帯責任,ないかくのれんたいせきにん,なし,なし,stable,該当なし,日本国憲法第66条第3項,PE-000135-C01,identify,内閣が行政権の行使について、国会に対し一体として責任を負うこと。,次の説明に当てはまる用語は何か。内閣が行政権の行使について、国会に対し一体として責任を負うこと。,内閣の連帯責任,内閣の連帯責任,内閣が行政権の行使について、国会に対し一体として責任を負うこと。,なし,なし,なし,なし,なし,衆議院「日本国憲法」,https://www.shugiin.go.jp/internet/itdb_annai.nsf/html/statics/shiryo/dl-constitution.htm,なし
政治・経済 Deck 1 公共・政治・経済の骨格,PE-000136,136,Deck 1・骨格,政治・経済,政治,統治機構,国会・内閣,内閣総理大臣,ないかくそうりだいじん,なし,なし,stable,該当なし,日本国憲法第66条・第68条・第72条,PE-000136-C01,identify,内閣の首長として国務大臣を任免し、内閣を代表する役職。,次の説明に当てはまる用語は何か。内閣の首長として国務大臣を任免し、内閣を代表する役職。,内閣総理大臣,内閣総理大臣,内閣の首長として国務大臣を任免し、内閣を代表する役職。,なし,なし,なし,なし,なし,首相官邸「内閣制度」,https://www.kantei.go.jp/jp/seido/seido_2.html,なし
政治・経済 Deck 1 公共・政治・経済の骨格,PE-000137,137,Deck 1・骨格,政治・経済,政治,統治機構,国会・内閣,国務大臣,こくむだいじん,なし,なし,stable,該当なし,日本国憲法第66条・第68条,PE-000137-C01,identify,内閣総理大臣に任命され内閣を構成する者で、過半数は国会議員でなければならない。,次の説明に当てはまる用語は何か。内閣総理大臣に任命され内閣を構成する者で、過半数は国会議員でなければならない。,国務大臣,国務大臣,内閣総理大臣に任命され内閣を構成する者で、過半数は国会議員でなければならない。,なし,なし,なし,なし,なし,首相官邸「内閣制度」,https://www.kantei.go.jp/jp/seido/seido_2.html,なし
政治・経済 Deck 1 公共・政治・経済の骨格,PE-000138,138,Deck 1・骨格,政治・経済,政治,統治機構,国会・内閣,内閣不信任決議,ないかくふしんにんけつぎ,なし,PE-000134,stable,該当なし,日本国憲法第69条,PE-000138-C01,procedure,決議後の内閣の対応,衆議院で内閣不信任決議が可決された場合、内閣は10日以内に何をしなければならないか。,衆議院を解散するか、内閣総辞職する,衆議院を解散するか、内閣総辞職する｜衆議院解散または内閣総辞職,衆議院で内閣不信任決議が可決された場合、内閣は10日以内に衆議院を解散しない限り総辞職しなければならない。,なし,なし,なし,なし,なし,衆議院「日本国憲法」,https://www.shugiin.go.jp/internet/itdb_annai.nsf/html/statics/shiryo/dl-constitution.htm,なし
政治・経済 Deck 1 公共・政治・経済の骨格,PE-000139,139,Deck 1・骨格,政治・経済,政治,統治機構,国会・内閣,内閣総辞職,ないかくそうじしょく,なし,PE-000138,stable,該当なし,日本国憲法第69条・第70条,PE-000139-C01,identify,内閣総理大臣とすべての国務大臣が一体として職を辞すること。,次の説明に当てはまる用語は何か。内閣総理大臣とすべての国務大臣が一体として職を辞すること。,内閣総辞職,内閣総辞職,内閣総理大臣とすべての国務大臣が一体として職を辞すること。,なし,なし,なし,なし,なし,衆議院「日本国憲法」,https://www.shugiin.go.jp/internet/itdb_annai.nsf/html/statics/shiryo/dl-constitution.htm,なし
政治・経済 Deck 1 公共・政治・経済の骨格,PE-000140,140,Deck 1・骨格,政治・経済,政治,統治機構,国会・内閣,衆議院の解散,しゅうぎいんのかいさん,なし,なし,stable,該当なし,日本国憲法第7条第3号・第69条,PE-000140-C01,identify,衆議院議員全員の任期を途中で終了させ、総選挙を行うこと。,次の説明に当てはまる用語は何か。衆議院議員全員の任期を途中で終了させ、総選挙を行うこと。,衆議院の解散,衆議院の解散,衆議院議員全員の任期を途中で終了させ、総選挙を行うこと。,なし,なし,なし,なし,なし,衆議院「日本国憲法」,https://www.shugiin.go.jp/internet/itdb_annai.nsf/html/statics/shiryo/dl-constitution.htm,なし
政治・経済 Deck 1 公共・政治・経済の骨格,PE-000141,141,Deck 1・骨格,政治・経済,政治,統治機構,国会・内閣,行政権,ぎょうせいけん,なし,なし,stable,該当なし,日本国憲法第65条,PE-000141-C01,identify,法律を執行し、国の政策を具体的に実施する国家作用で、内閣に属する。,次の説明に当てはまる用語は何か。法律を執行し、国の政策を具体的に実施する国家作用で、内閣に属する。,行政権,行政権,法律を執行し、国の政策を具体的に実施する国家作用で、内閣に属する。,なし,なし,なし,なし,なし,衆議院「日本国憲法」,https://www.shugiin.go.jp/internet/itdb_annai.nsf/html/statics/shiryo/dl-constitution.htm,なし
政治・経済 Deck 1 公共・政治・経済の骨格,PE-000142,142,Deck 1・骨格,政治・経済,政治,統治機構,国会・内閣,政令,せいれい,なし,PE-000141,stable,該当なし,日本国憲法第73条第6号,PE-000142-C01,identify,憲法と法律を実施するため、または法律の委任に基づいて内閣が制定する命令。,次の説明に当てはまる用語は何か。憲法と法律を実施するため、または法律の委任に基づいて内閣が制定する命令。,政令,政令,憲法と法律を実施するため、または法律の委任に基づいて内閣が制定する命令。,法律,法律は国会が制定し、政令は内閣が法律実施・委任の範囲で制定する。,なし,なし,なし,衆議院「日本国憲法」,https://www.shugiin.go.jp/internet/itdb_annai.nsf/html/statics/shiryo/dl-constitution.htm,なし
政治・経済 Deck 1 公共・政治・経済の骨格,PE-000143,143,Deck 1・骨格,政治・経済,政治,統治機構,国会・内閣,外交関係の処理,がいこうかんけいのしょり,なし,なし,stable,該当なし,日本国憲法第73条第2号,PE-000143-C01,identify,外国との交渉や外交方針の実施などを内閣が行う権能。,次の説明に当てはまる用語は何か。外国との交渉や外交方針の実施などを内閣が行う権能。,外交関係の処理,外交関係の処理,外国との交渉や外交方針の実施などを内閣が行う権能。,なし,なし,なし,なし,なし,衆議院「日本国憲法」,https://www.shugiin.go.jp/internet/itdb_annai.nsf/html/statics/shiryo/dl-constitution.htm,なし
政治・経済 Deck 1 公共・政治・経済の骨格,PE-000144,144,Deck 1・骨格,政治・経済,政治,統治機構,国会・内閣,条約締結,じょうやくていけつ,なし,なし,stable,該当なし,日本国憲法第73条第3号,PE-000144-C01,identify,外国や国際機関との条約を内閣が結ぶ権能で、国会の承認を必要とする。,次の説明に当てはまる用語は何か。外国や国際機関との条約を内閣が結ぶ権能で、国会の承認を必要とする。,条約締結,条約締結,外国や国際機関との条約を内閣が結ぶ権能で、国会の承認を必要とする。,なし,なし,なし,なし,なし,衆議院「日本国憲法」,https://www.shugiin.go.jp/internet/itdb_annai.nsf/html/statics/shiryo/dl-constitution.htm,なし
政治・経済 Deck 1 公共・政治・経済の骨格,PE-000145,145,Deck 1・骨格,政治・経済,政治,統治機構,国会・内閣,予算編成,よさんへんせい,なし,なし,stable,該当なし,日本国憲法第73条第5号・第86条,PE-000145-C01,identify,国の一会計年度の収入・支出の計画を内閣が作成し、国会へ提出すること。,次の説明に当てはまる用語は何か。国の一会計年度の収入・支出の計画を内閣が作成し、国会へ提出すること。,予算編成,予算編成,国の一会計年度の収入・支出の計画を内閣が作成し、国会へ提出すること。,なし,なし,なし,なし,なし,衆議院「日本国憲法」,https://www.shugiin.go.jp/internet/itdb_annai.nsf/html/statics/shiryo/dl-constitution.htm,なし
政治・経済 Deck 1 公共・政治・経済の骨格,PE-000146,146,Deck 1・骨格,政治・経済,政治,統治機構,国会・内閣,最高裁判所長官の指名,さいこうさいばんしょちょうかんのしめい,なし,なし,stable,該当なし,日本国憲法第6条第2項,PE-000146-C01,identify,内閣が最高裁判所長官となる者を指名し、天皇が任命する仕組み。,次の説明に当てはまる用語は何か。内閣が最高裁判所長官となる者を指名し、天皇が任命する仕組み。,最高裁判所長官の指名,最高裁判所長官の指名,内閣が最高裁判所長官となる者を指名し、天皇が任命する仕組み。,なし,なし,なし,なし,なし,衆議院「日本国憲法」,https://www.shugiin.go.jp/internet/itdb_annai.nsf/html/statics/shiryo/dl-constitution.htm,なし
政治・経済 Deck 1 公共・政治・経済の骨格,PE-000147,147,Deck 1・骨格,政治・経済,政治,統治機構,国会・内閣,その他の裁判官の任命,そのたのさいばんかんのにんめい,なし,なし,stable,該当なし,日本国憲法第79条第1項・第80条第1項,PE-000147-C01,identify,最高裁判所長官以外の最高裁判所裁判官と下級裁判所裁判官を内閣が任命すること。,次の説明に当てはまる用語は何か。最高裁判所長官以外の最高裁判所裁判官と下級裁判所裁判官を内閣が任命すること。,その他の裁判官の任命,その他の裁判官の任命,最高裁判所長官以外の最高裁判所裁判官と下級裁判所裁判官を内閣が任命すること。,なし,なし,なし,なし,なし,衆議院「日本国憲法」,https://www.shugiin.go.jp/internet/itdb_annai.nsf/html/statics/shiryo/dl-constitution.htm,なし
政治・経済 Deck 1 公共・政治・経済の骨格,PE-000148,148,Deck 1・骨格,両方,政治,政治参加と行政,行政・情報・世論,世論,せろん,なし,なし,stable,該当なし,なし,PE-000148-C01,identify,社会の多数の人々が、公共的な問題について示す意見や態度の傾向。,次の説明に当てはまる用語は何か。社会の多数の人々が、公共的な問題について示す意見や態度の傾向。,世論,世論,社会の多数の人々が、公共的な問題について示す意見や態度の傾向。,なし,なし,なし,なし,なし,文部科学省「高等学校学習指導要領解説 公民編」,https://www.mext.go.jp/content/20211102-mxt_kyoiku02-100002620_04.pdf,なし
政治・経済 Deck 1 公共・政治・経済の骨格,PE-000149,149,Deck 1・骨格,両方,政治,政治参加と行政,行政・情報・世論,会計検査院,かいけいけんさいん,なし,なし,stable,該当なし,日本国憲法第90条,PE-000149-C01,identify,国の収入支出の決算などを検査する、内閣から独立した憲法上の機関。,次の説明に当てはまる用語は何か。国の収入支出の決算などを検査する、内閣から独立した憲法上の機関。,会計検査院,会計検査院,国の収入支出の決算などを検査する、内閣から独立した憲法上の機関。,なし,なし,なし,なし,なし,衆議院「日本国憲法」,https://www.shugiin.go.jp/internet/itdb_annai.nsf/html/statics/shiryo/dl-constitution.htm,なし
政治・経済 Deck 1 公共・政治・経済の骨格,PE-000150,150,Deck 1・骨格,両方,政治,政治参加と行政,行政・情報・世論,行政委員会,ぎょうせいいいんかい,なし,なし,stable,該当なし,なし,PE-000150-C01,identify,政治的中立や専門性を確保するため、一般の行政機関から一定の独立性を持つ合議制機関。,次の説明に当てはまる用語は何か。政治的中立や専門性を確保するため、一般の行政機関から一定の独立性を持つ合議制機関。,行政委員会,行政委員会,政治的中立や専門性を確保するため、一般の行政機関から一定の独立性を持つ合議制機関。,なし,なし,なし,なし,なし,文部科学省「高等学校学習指導要領解説 公民編」,https://www.mext.go.jp/content/20211102-mxt_kyoiku02-100002620_04.pdf,なし
政治・経済 Deck 1 公共・政治・経済の骨格,PE-000151,151,Deck 1・骨格,両方,政治,政治参加と行政,行政・情報・世論,マスメディア,ますめでぃあ,なし,なし,stable,該当なし,なし,PE-000151-C01,identify,新聞・放送など、不特定多数へ情報を大量に伝える媒体や組織。,次の説明に当てはまる用語は何か。新聞・放送など、不特定多数へ情報を大量に伝える媒体や組織。,マスメディア,マスメディア,新聞・放送など、不特定多数へ情報を大量に伝える媒体や組織。,なし,なし,なし,なし,なし,文部科学省「高等学校学習指導要領解説 公民編」,https://www.mext.go.jp/content/20211102-mxt_kyoiku02-100002620_04.pdf,なし
政治・経済 Deck 1 公共・政治・経済の骨格,PE-000152,152,Deck 1・骨格,両方,政治,政治参加と行政,行政・情報・世論,官僚制,かんりょうせい,なし,なし,stable,該当なし,なし,PE-000152-C01,identify,専門的な公務員が階層的組織と規則に基づいて行政を運営する仕組み。,次の説明に当てはまる用語は何か。専門的な公務員が階層的組織と規則に基づいて行政を運営する仕組み。,官僚制,官僚制,専門的な公務員が階層的組織と規則に基づいて行政を運営する仕組み。,なし,なし,なし,なし,なし,文部科学省「高等学校学習指導要領解説 公民編」,https://www.mext.go.jp/content/20211102-mxt_kyoiku02-100002620_04.pdf,官僚=かんりょう
政治・経済 Deck 1 公共・政治・経済の骨格,PE-000153,153,Deck 1・骨格,両方,政治,政治参加と行政,行政・情報・世論,行政国家,ぎょうせいこっか,なし,なし,stable,該当なし,なし,PE-000153-C01,identify,社会・経済への行政の役割が拡大し、行政機関の権限が大きくなった国家の在り方。,次の説明に当てはまる用語は何か。社会・経済への行政の役割が拡大し、行政機関の権限が大きくなった国家の在り方。,行政国家,行政国家,社会・経済への行政の役割が拡大し、行政機関の権限が大きくなった国家の在り方。,なし,なし,なし,なし,なし,文部科学省「高等学校学習指導要領解説 公民編」,https://www.mext.go.jp/content/20211102-mxt_kyoiku02-100002620_04.pdf,なし
政治・経済 Deck 1 公共・政治・経済の骨格,PE-000154,154,Deck 1・骨格,両方,政治,政治参加と行政,行政・情報・世論,委任立法,いにんりっぽう,なし,なし,stable,該当なし,なし,PE-000154-C01,identify,法律が定めた範囲内で、行政機関が政令・省令などの具体的規則を定めること。,次の説明に当てはまる用語は何か。法律が定めた範囲内で、行政機関が政令・省令などの具体的規則を定めること。,委任立法,委任立法,法律が定めた範囲内で、行政機関が政令・省令などの具体的規則を定めること。,なし,なし,なし,なし,なし,文部科学省「高等学校学習指導要領解説 公民編」,https://www.mext.go.jp/content/20211102-mxt_kyoiku02-100002620_04.pdf,委任=いにん
政治・経済 Deck 1 公共・政治・経済の骨格,PE-000155,155,Deck 1・骨格,両方,政治,政治参加と行政,行政・情報・世論,公職選挙法,こうしょくせんきょほう,なし,なし,law_as_of_date,2026-08-22,公職選挙法,PE-000155-C01,identify,国会議員や地方公共団体の議員・長の選挙手続などを定める法律。,2026年8月22日時点で、次の説明に当てはまる用語は何か。国会議員や地方公共団体の議員・長の選挙手続などを定める法律。,公職選挙法,公職選挙法,国会議員や地方公共団体の議員・長の選挙手続などを定める法律。,なし,なし,なし,なし,なし,e-Gov法令検索「公職選挙法」,https://elaws.e-gov.go.jp/document?lawid=325AC1000000100,なし
政治・経済 Deck 1 公共・政治・経済の骨格,PE-000156,156,Deck 1・骨格,両方,政治,政治参加と行政,行政・情報・世論,行政手続法,ぎょうせいてつづきほう,なし,なし,law_as_of_date,2026-08-22,行政手続法,PE-000156-C01,identify,行政処分・行政指導・届出などの共通手続を定め、行政運営の公正と透明性を確保する法律。,2026年8月22日時点で、次の説明に当てはまる用語は何か。行政処分・行政指導・届出などの共通手続を定め、行政運営の公正と透明性を確保する法律。,行政手続法,行政手続法,行政処分・行政指導・届出などの共通手続を定め、行政運営の公正と透明性を確保する法律。,なし,なし,なし,なし,なし,e-Gov法令検索「行政手続法」,https://elaws.e-gov.go.jp/document?lawid=405AC0000000088,なし
政治・経済 Deck 1 公共・政治・経済の骨格,PE-000157,157,Deck 1・骨格,両方,政治,政治参加と行政,行政・情報・世論,情報公開制度,じょうほうこうかいせいど,行政機関情報公開制度,なし,law_as_of_date,2026-08-22,行政機関の保有する情報の公開に関する法律,PE-000157-C01,identify,国民の請求に基づき、行政機関が保有する文書を原則として開示する制度。,2026年8月22日時点で、次の説明に当てはまる用語は何か。国民の請求に基づき、行政機関が保有する文書を原則として開示する制度。,情報公開制度,情報公開制度｜行政機関情報公開制度,国民の請求に基づき、行政機関が保有する文書を原則として開示する制度。,なし,なし,なし,なし,なし,e-Gov法令検索「行政機関の保有する情報の公開に関する法律」,https://elaws.e-gov.go.jp/document?lawid=411AC0000000042,なし
政治・経済 Deck 1 公共・政治・経済の骨格,PE-000158,158,Deck 1・骨格,両方,政治,政治参加と行政,行政・情報・世論,個人情報保護制度,こじんじょうほうほごせいど,なし,なし,law_as_of_date,2026-08-22,個人情報の保護に関する法律,PE-000158-C01,identify,個人情報の適正な取扱いと、本人の権利利益の保護を図る制度。,2026年8月22日時点で、次の説明に当てはまる用語は何か。個人情報の適正な取扱いと、本人の権利利益の保護を図る制度。,個人情報保護制度,個人情報保護制度,個人情報の適正な取扱いと、本人の権利利益の保護を図る制度。,なし,なし,なし,なし,なし,個人情報保護委員会「個人情報保護法」,https://www.ppc.go.jp/personalinfo/legal/,なし
政治・経済 Deck 1 公共・政治・経済の骨格,PE-000159,159,Deck 1・骨格,両方,政治,政治参加と行政,行政・情報・世論,選挙権年齢,せんきょけんねんれい,なし,なし,law_as_of_date,2026-08-22,公職選挙法第9条,PE-000159-C01,legal_basis,選挙権を得る年齢,2026年8月22日時点で、日本の国政選挙・地方選挙の選挙権を得るのは満何歳以上か。,満18歳以上,満18歳以上｜18歳以上｜満十八歳以上,日本の国政選挙・地方選挙で選挙権を得る年齢で、満18歳以上。,なし,なし,なし,歳,なし,e-Gov法令検索「公職選挙法」,https://elaws.e-gov.go.jp/document?lawid=325AC1000000100,なし
政治・経済 Deck 1 公共・政治・経済の骨格,PE-000160,160,Deck 1・骨格,政治・経済,政治,地方自治,地方制度・住民参加,地方自治の本旨,ちほうじちのほんし,なし,なし,stable,該当なし,日本国憲法第92条,PE-000160-C01,identify,地方自治を住民自治と団体自治の二つの原理に基づいて行うという考え。,次の説明に当てはまる用語は何か。地方自治を住民自治と団体自治の二つの原理に基づいて行うという考え。,地方自治の本旨,地方自治の本旨,地方自治を住民自治と団体自治の二つの原理に基づいて行うという考え。,なし,なし,なし,なし,なし,衆議院「日本国憲法」,https://www.shugiin.go.jp/internet/itdb_annai.nsf/html/statics/shiryo/dl-constitution.htm,なし
政治・経済 Deck 1 公共・政治・経済の骨格,PE-000161,161,Deck 1・骨格,政治・経済,政治,地方自治,地方制度・住民参加,地方公共団体,ちほうこうきょうだんたい,地方自治体,なし,stable,該当なし,日本国憲法第92条～第95条・地方自治法,PE-000161-C01,identify,一定の地域と住民を基礎に、自治権を持って地方行政を行う団体。,次の説明に当てはまる用語は何か。一定の地域と住民を基礎に、自治権を持って地方行政を行う団体。,地方公共団体,地方公共団体｜地方自治体,一定の地域と住民を基礎に、自治権を持って地方行政を行う団体。,なし,なし,なし,なし,なし,衆議院「日本国憲法」,https://www.shugiin.go.jp/internet/itdb_annai.nsf/html/statics/shiryo/dl-constitution.htm,なし
政治・経済 Deck 1 公共・政治・経済の骨格,PE-000162,162,Deck 1・骨格,政治・経済,政治,地方自治,地方制度・住民参加,住民自治,じゅうみんじち,なし,PE-000160,stable,該当なし,なし,PE-000162-C01,identify,地方政治を住民の意思と参加に基づいて運営する原理。,次の説明に当てはまる用語は何か。地方政治を住民の意思と参加に基づいて運営する原理。,住民自治,住民自治,地方政治を住民の意思と参加に基づいて運営する原理。,団体自治,住民自治は住民意思の反映、団体自治は国から独立した自治体運営。,なし,なし,なし,e-Gov法令検索「地方自治法」,https://elaws.e-gov.go.jp/document?lawid=322AC0000000067,なし
政治・経済 Deck 1 公共・政治・経済の骨格,PE-000163,163,Deck 1・骨格,政治・経済,政治,地方自治,地方制度・住民参加,団体自治,だんたいじち,なし,PE-000160,stable,該当なし,なし,PE-000163-C01,identify,地方公共団体が国から一定の独立性を持ち、自らの責任で行政を行う原理。,次の説明に当てはまる用語は何か。地方公共団体が国から一定の独立性を持ち、自らの責任で行政を行う原理。,団体自治,団体自治,地方公共団体が国から一定の独立性を持ち、自らの責任で行政を行う原理。,住民自治,団体自治は地方公共団体の自主性、住民自治は住民参加。,なし,なし,なし,e-Gov法令検索「地方自治法」,https://elaws.e-gov.go.jp/document?lawid=322AC0000000067,なし
政治・経済 Deck 1 公共・政治・経済の骨格,PE-000164,164,Deck 1・骨格,政治・経済,政治,地方自治,地方制度・住民参加,地方議会,ちほうぎかい,なし,なし,stable,該当なし,日本国憲法第93条第1項,PE-000164-C01,identify,地方公共団体の議決機関で、条例・予算などを決定する住民代表の機関。,次の説明に当てはまる用語は何か。地方公共団体の議決機関で、条例・予算などを決定する住民代表の機関。,地方議会,地方議会,地方公共団体の議決機関で、条例・予算などを決定する住民代表の機関。,なし,なし,なし,なし,なし,衆議院「日本国憲法」,https://www.shugiin.go.jp/internet/itdb_annai.nsf/html/statics/shiryo/dl-constitution.htm,なし
政治・経済 Deck 1 公共・政治・経済の骨格,PE-000165,165,Deck 1・骨格,政治・経済,政治,地方自治,地方制度・住民参加,首長,しゅちょう,なし,なし,stable,該当なし,日本国憲法第93条第2項,PE-000165-C01,identify,地方公共団体の執行機関を代表する都道府県知事や市町村長。,次の説明に当てはまる用語は何か。地方公共団体の執行機関を代表する都道府県知事や市町村長。,首長,首長,地方公共団体の執行機関を代表する都道府県知事や市町村長。,なし,なし,なし,なし,なし,衆議院「日本国憲法」,https://www.shugiin.go.jp/internet/itdb_annai.nsf/html/statics/shiryo/dl-constitution.htm,なし
政治・経済 Deck 1 公共・政治・経済の骨格,PE-000166,166,Deck 1・骨格,政治・経済,政治,地方自治,地方制度・住民参加,条例,じょうれい,なし,なし,stable,該当なし,日本国憲法第94条・地方自治法,PE-000166-C01,identify,地方公共団体が、法令に違反しない範囲で議会の議決により制定する自主法。,次の説明に当てはまる用語は何か。地方公共団体が、法令に違反しない範囲で議会の議決により制定する自主法。,条例,条例,地方公共団体が、法令に違反しない範囲で議会の議決により制定する自主法。,なし,なし,なし,なし,なし,衆議院「日本国憲法」,https://www.shugiin.go.jp/internet/itdb_annai.nsf/html/statics/shiryo/dl-constitution.htm,条例=じょうれい
政治・経済 Deck 1 公共・政治・経済の骨格,PE-000167,167,Deck 1・骨格,政治・経済,政治,地方自治,地方制度・住民参加,直接請求権,ちょくせつせいきゅうけん,なし,PE-000162,law_as_of_date,2026-08-22,なし,PE-000167-C01,identify,住民が一定数の署名を集め、条例・監査・解散・解職などを直接請求できる権利。,2026年8月22日時点で、次の説明に当てはまる用語は何か。住民が一定数の署名を集め、条例・監査・解散・解職などを直接請求できる権利。,直接請求権,直接請求権,住民が一定数の署名を集め、条例・監査・解散・解職などを直接請求できる権利。,なし,なし,なし,なし,なし,e-Gov法令検索「地方自治法」,https://elaws.e-gov.go.jp/document?lawid=322AC0000000067,なし
政治・経済 Deck 1 公共・政治・経済の骨格,PE-000168,168,Deck 1・骨格,政治・経済,政治,地方自治,地方制度・住民参加,条例の制定・改廃請求,じょうれいのせいていかいはいせいきゅう,なし,なし,law_as_of_date,2026-08-22,なし,PE-000168-C01,identify,有権者の一定数の署名により、条例の制定・改正・廃止を首長へ請求する制度。,2026年8月22日時点で、次の説明に当てはまる用語は何か。有権者の一定数の署名により、条例の制定・改正・廃止を首長へ請求する制度。,条例の制定・改廃請求,条例の制定・改廃請求,有権者の一定数の署名により、条例の制定・改正・廃止を首長へ請求する制度。,なし,なし,なし,なし,なし,e-Gov法令検索「地方自治法」,https://elaws.e-gov.go.jp/document?lawid=322AC0000000067,なし
政治・経済 Deck 1 公共・政治・経済の骨格,PE-000169,169,Deck 1・骨格,政治・経済,政治,地方自治,地方制度・住民参加,監査請求,かんさせいきゅう,なし,なし,law_as_of_date,2026-08-22,なし,PE-000169-C01,identify,有権者の一定数の署名により、地方公共団体の事務の監査を請求する制度。,2026年8月22日時点で、次の説明に当てはまる用語は何か。有権者の一定数の署名により、地方公共団体の事務の監査を請求する制度。,監査請求,監査請求,有権者の一定数の署名により、地方公共団体の事務の監査を請求する制度。,なし,なし,なし,なし,なし,e-Gov法令検索「地方自治法」,https://elaws.e-gov.go.jp/document?lawid=322AC0000000067,なし
政治・経済 Deck 1 公共・政治・経済の骨格,PE-000170,170,Deck 1・骨格,政治・経済,政治,地方自治,地方制度・住民参加,議会の解散請求,ぎかいのかいさんせいきゅう,なし,なし,law_as_of_date,2026-08-22,なし,PE-000170-C01,identify,有権者の一定数の署名により、地方議会の解散について住民投票を求める制度。,2026年8月22日時点で、次の説明に当てはまる用語は何か。有権者の一定数の署名により、地方議会の解散について住民投票を求める制度。,議会の解散請求,議会の解散請求,有権者の一定数の署名により、地方議会の解散について住民投票を求める制度。,なし,なし,なし,なし,なし,e-Gov法令検索「地方自治法」,https://elaws.e-gov.go.jp/document?lawid=322AC0000000067,なし
政治・経済 Deck 1 公共・政治・経済の骨格,PE-000171,171,Deck 1・骨格,政治・経済,政治,地方自治,地方制度・住民参加,解職請求,かいしょくせいきゅう,なし,なし,law_as_of_date,2026-08-22,なし,PE-000171-C01,identify,有権者の一定数の署名により、首長・議員などの解職について住民投票等を求める制度。,2026年8月22日時点で、次の説明に当てはまる用語は何か。有権者の一定数の署名により、首長・議員などの解職について住民投票等を求める制度。,解職請求,解職請求,有権者の一定数の署名により、首長・議員などの解職について住民投票等を求める制度。,なし,なし,なし,なし,なし,e-Gov法令検索「地方自治法」,https://elaws.e-gov.go.jp/document?lawid=322AC0000000067,なし
政治・経済 Deck 1 公共・政治・経済の骨格,PE-000172,172,Deck 1・骨格,政治・経済,政治,地方自治,地方制度・住民参加,住民投票,じゅうみんとうひょう,なし,なし,stable,該当なし,なし,PE-000172-C01,identify,地域の重要事項について、住民が直接賛否や意思を示す投票。,次の説明に当てはまる用語は何か。地域の重要事項について、住民が直接賛否や意思を示す投票。,住民投票,住民投票,地域の重要事項について、住民が直接賛否や意思を示す投票。,なし,なし,なし,なし,なし,e-Gov法令検索「地方自治法」,https://elaws.e-gov.go.jp/document?lawid=322AC0000000067,なし
政治・経済 Deck 1 公共・政治・経済の骨格,PE-000173,173,Deck 1・骨格,政治・経済,政治,地方自治,地方制度・住民参加,地方税,ちほうぜい,なし,なし,stable,該当なし,なし,PE-000173-C01,identify,地方公共団体が条例と法律に基づいて住民・企業などから徴収する税。,次の説明に当てはまる用語は何か。地方公共団体が条例と法律に基づいて住民・企業などから徴収する税。,地方税,地方税,地方公共団体が条例と法律に基づいて住民・企業などから徴収する税。,なし,なし,なし,なし,なし,e-Gov法令検索「地方自治法」,https://elaws.e-gov.go.jp/document?lawid=322AC0000000067,なし
政治・経済 Deck 1 公共・政治・経済の骨格,PE-000174,174,Deck 1・骨格,政治・経済,政治,地方自治,地方制度・住民参加,地方交付税,ちほうこうふぜい,なし,なし,law_as_of_date,2026-08-22,なし,PE-000174-C01,identify,地域間の財源格差を調整し、地方公共団体の一般財源を保障するため国から交付される財源。,2026年8月22日時点で、次の説明に当てはまる用語は何か。地域間の財源格差を調整し、地方公共団体の一般財源を保障するため国から交付される財源。,地方交付税,地方交付税,地域間の財源格差を調整し、地方公共団体の一般財源を保障するため国から交付される財源。,国庫支出金,地方交付税は原則使途自由の一般財源、国庫支出金は使途が特定される。,なし,なし,なし,e-Gov法令検索「地方自治法」,https://elaws.e-gov.go.jp/document?lawid=322AC0000000067,なし
政治・経済 Deck 1 公共・政治・経済の骨格,PE-000175,175,Deck 1・骨格,政治・経済,政治,地方自治,地方制度・住民参加,国庫支出金,こっこししゅつきん,なし,なし,law_as_of_date,2026-08-22,なし,PE-000175-C01,identify,国が特定の事業や目的のため、地方公共団体へ用途を定めて支出する財源。,2026年8月22日時点で、次の説明に当てはまる用語は何か。国が特定の事業や目的のため、地方公共団体へ用途を定めて支出する財源。,国庫支出金,国庫支出金,国が特定の事業や目的のため、地方公共団体へ用途を定めて支出する財源。,なし,なし,なし,なし,なし,e-Gov法令検索「地方自治法」,https://elaws.e-gov.go.jp/document?lawid=322AC0000000067,なし
政治・経済 Deck 1 公共・政治・経済の骨格,PE-000176,176,Deck 1・骨格,政治・経済,政治,地方自治,地方制度・住民参加,地方分権,ちほうぶんけん,なし,なし,stable,該当なし,なし,PE-000176-C01,identify,国に集中した権限や財源を地方公共団体へ移し、地方の自主性を高めること。,次の説明に当てはまる用語は何か。国に集中した権限や財源を地方公共団体へ移し、地方の自主性を高めること。,地方分権,地方分権,国に集中した権限や財源を地方公共団体へ移し、地方の自主性を高めること。,なし,なし,なし,なし,なし,e-Gov法令検索「地方自治法」,https://elaws.e-gov.go.jp/document?lawid=322AC0000000067,なし
政治・経済 Deck 1 公共・政治・経済の骨格,PE-000177,177,Deck 1・骨格,政治・経済,政治,地方自治,地方制度・住民参加,自治事務,じちじむ,なし,なし,law_as_of_date,2026-08-22,なし,PE-000177-C01,identify,地方公共団体が地域の判断と責任で処理する事務。,2026年8月22日時点で、次の説明に当てはまる用語は何か。地方公共団体が地域の判断と責任で処理する事務。,自治事務,自治事務,地方公共団体が地域の判断と責任で処理する事務。,なし,なし,なし,なし,なし,e-Gov法令検索「地方自治法」,https://elaws.e-gov.go.jp/document?lawid=322AC0000000067,なし
政治・経済 Deck 1 公共・政治・経済の骨格,PE-000178,178,Deck 1・骨格,政治・経済,政治,地方自治,地方制度・住民参加,法定受託事務,ほうていじゅたくじむ,なし,なし,law_as_of_date,2026-08-22,なし,PE-000178-C01,identify,国または都道府県が本来果たすべき役割に関わり、法律・政令により地方公共団体が処理する事務。,2026年8月22日時点で、次の説明に当てはまる用語は何か。国または都道府県が本来果たすべき役割に関わり、法律・政令により地方公共団体が処理する事務。,法定受託事務,法定受託事務,国または都道府県が本来果たすべき役割に関わり、法律・政令により地方公共団体が処理する事務。,なし,なし,なし,なし,なし,e-Gov法令検索「地方自治法」,https://elaws.e-gov.go.jp/document?lawid=322AC0000000067,なし
政治・経済 Deck 1 公共・政治・経済の骨格,PE-000179,179,Deck 1・骨格,両方,政治,政治参加と選挙,選挙・政党・メディア,選挙の四原則,せんきょのよんげんそく,なし,なし,stable,該当なし,なし,PE-000179-C01,relation,四原則の列挙,選挙の四原則を4つ答えよ。,普通選挙・平等選挙・秘密選挙・直接選挙,普通選挙・平等選挙・秘密選挙・直接選挙｜普通・平等・秘密・直接,普通選挙・平等選挙・秘密選挙・直接選挙の四つ。,なし,なし,なし,なし,普・平・秘・直,総務省「選挙の仕組み」,https://www.soumu.go.jp/senkyo/senkyo_s/naruhodo/index.html,なし
政治・経済 Deck 1 公共・政治・経済の骨格,PE-000180,180,Deck 1・骨格,両方,政治,政治参加と選挙,選挙・政党・メディア,小選挙区比例代表並立制,しょうせんきょくひれいだいひょうへいりつせい,並立制,なし,system_as_of_date,2026-08-22,公職選挙法,PE-000180-C01,identify,小選挙区と比例代表を別々に行い、それぞれの当選者を合計する衆議院議員選挙の制度。,2026年8月22日時点で、次の説明に当てはまる用語は何か。小選挙区と比例代表を別々に行い、それぞれの当選者を合計する衆議院議員選挙の制度。,小選挙区比例代表並立制,小選挙区比例代表並立制｜並立制,小選挙区と比例代表を別々に行い、それぞれの当選者を合計する衆議院議員選挙の制度。,なし,なし,なし,なし,なし,e-Gov法令検索「公職選挙法」,https://elaws.e-gov.go.jp/document?lawid=325AC1000000100,なし
政治・経済 Deck 1 公共・政治・経済の骨格,PE-000181,181,Deck 1・骨格,両方,政治,政治参加と選挙,選挙・政党・メディア,小選挙区制,しょうせんきょくせい,なし,なし,stable,該当なし,なし,PE-000181-C01,identify,一つの選挙区から原則一人を選ぶ選挙制度。,次の説明に当てはまる用語は何か。一つの選挙区から原則一人を選ぶ選挙制度。,小選挙区制,小選挙区制,一つの選挙区から原則一人を選ぶ選挙制度。,比例代表制,小選挙区制は各区原則1人、比例代表制は得票割合で議席を配分する。,なし,なし,なし,総務省「選挙の仕組み」,https://www.soumu.go.jp/senkyo/senkyo_s/naruhodo/index.html,なし
政治・経済 Deck 1 公共・政治・経済の骨格,PE-000182,182,Deck 1・骨格,両方,政治,政治参加と選挙,選挙・政党・メディア,比例代表制,ひれいだいひょうせい,なし,なし,stable,該当なし,なし,PE-000182-C01,identify,政党などの得票割合に応じて議席を配分する選挙制度。,次の説明に当てはまる用語は何か。政党などの得票割合に応じて議席を配分する選挙制度。,比例代表制,比例代表制,政党などの得票割合に応じて議席を配分する選挙制度。,なし,なし,なし,なし,なし,総務省「選挙の仕組み」,https://www.soumu.go.jp/senkyo/senkyo_s/naruhodo/index.html,なし
政治・経済 Deck 1 公共・政治・経済の骨格,PE-000183,183,Deck 1・骨格,両方,政治,政治参加と選挙,選挙・政党・メディア,ドント式,どんとしき,なし,PE-000182,stable,該当なし,なし,PE-000183-C01,identify,各政党の得票数を1、2、3…で割り、商の大きい順に議席を配分する計算方法。,次の説明に当てはまる用語は何か。各政党の得票数を1、2、3…で割り、商の大きい順に議席を配分する計算方法。,ドント式,ドント式,各政党の得票数を1、2、3…で割り、商の大きい順に議席を配分する計算方法。,なし,なし,なし,なし,なし,総務省「選挙の仕組み」,https://www.soumu.go.jp/senkyo/senkyo_s/naruhodo/index.html,なし
政治・経済 Deck 1 公共・政治・経済の骨格,PE-000184,184,Deck 1・骨格,両方,政治,政治参加と選挙,選挙・政党・メディア,一票の格差,いっぴょうのかくさ,なし,なし,stable,該当なし,なし,PE-000184-C01,identify,選挙区ごとの議員一人当たり有権者数の違いにより、一票の価値に差が生じる問題。,次の説明に当てはまる用語は何か。選挙区ごとの議員一人当たり有権者数の違いにより、一票の価値に差が生じる問題。,一票の格差,一票の格差,選挙区ごとの議員一人当たり有権者数の違いにより、一票の価値に差が生じる問題。,なし,なし,なし,なし,なし,総務省「選挙の仕組み」,https://www.soumu.go.jp/senkyo/senkyo_s/naruhodo/index.html,なし
政治・経済 Deck 1 公共・政治・経済の骨格,PE-000185,185,Deck 1・骨格,両方,政治,政治参加と選挙,選挙・政党・メディア,政党,せいとう,なし,なし,stable,該当なし,なし,PE-000185-C01,identify,共通の政策や政治理念を掲げ、政権獲得や政策実現を目指す政治団体。,次の説明に当てはまる用語は何か。共通の政策や政治理念を掲げ、政権獲得や政策実現を目指す政治団体。,政党,政党,共通の政策や政治理念を掲げ、政権獲得や政策実現を目指す政治団体。,なし,なし,なし,なし,なし,総務省「選挙の仕組み」,https://www.soumu.go.jp/senkyo/senkyo_s/naruhodo/index.html,なし
政治・経済 Deck 1 公共・政治・経済の骨格,PE-000186,186,Deck 1・骨格,両方,政治,政治参加と選挙,選挙・政党・メディア,与党,よとう,なし,PE-000185,stable,該当なし,なし,PE-000186-C01,identify,政権を担当し、内閣を支える政党または政党連合。,次の説明に当てはまる用語は何か。政権を担当し、内閣を支える政党または政党連合。,与党,与党,政権を担当し、内閣を支える政党または政党連合。,なし,なし,なし,なし,なし,総務省「選挙の仕組み」,https://www.soumu.go.jp/senkyo/senkyo_s/naruhodo/index.html,なし
政治・経済 Deck 1 公共・政治・経済の骨格,PE-000187,187,Deck 1・骨格,両方,政治,政治参加と選挙,選挙・政党・メディア,野党,やとう,なし,PE-000185,stable,該当なし,なし,PE-000187-C01,identify,政権を担当せず、政府・与党を批判・監視し対案を示す政党。,次の説明に当てはまる用語は何か。政権を担当せず、政府・与党を批判・監視し対案を示す政党。,野党,野党,政権を担当せず、政府・与党を批判・監視し対案を示す政党。,なし,なし,なし,なし,なし,総務省「選挙の仕組み」,https://www.soumu.go.jp/senkyo/senkyo_s/naruhodo/index.html,なし
政治・経済 Deck 1 公共・政治・経済の骨格,PE-000188,188,Deck 1・骨格,両方,政治,政治参加と選挙,選挙・政党・メディア,連立政権,れんりつせいけん,なし,PE-000185,stable,該当なし,なし,PE-000188-C01,identify,複数の政党が協力して内閣を組織し、政権を運営する形態。,次の説明に当てはまる用語は何か。複数の政党が協力して内閣を組織し、政権を運営する形態。,連立政権,連立政権,複数の政党が協力して内閣を組織し、政権を運営する形態。,なし,なし,なし,なし,なし,総務省「選挙の仕組み」,https://www.soumu.go.jp/senkyo/senkyo_s/naruhodo/index.html,なし
政治・経済 Deck 1 公共・政治・経済の骨格,PE-000189,189,Deck 1・骨格,両方,政治,政治参加と選挙,選挙・政党・メディア,政治参加,せいじさんか,なし,なし,stable,該当なし,なし,PE-000189-C01,identify,投票、請願、政党・市民活動などを通じて政治過程へ関わること。,次の説明に当てはまる用語は何か。投票、請願、政党・市民活動などを通じて政治過程へ関わること。,政治参加,政治参加,投票、請願、政党・市民活動などを通じて政治過程へ関わること。,なし,なし,なし,なし,なし,総務省「選挙の仕組み」,https://www.soumu.go.jp/senkyo/senkyo_s/naruhodo/index.html,なし
政治・経済 Deck 1 公共・政治・経済の骨格,PE-000190,190,Deck 1・骨格,両方,政治,政治参加と選挙,選挙・政党・メディア,メディア・リテラシー,めでぃありてらしー,なし,なし,stable,該当なし,なし,PE-000190-C01,identify,情報の出所・意図・根拠を吟味し、メディアを批判的かつ適切に利用する能力。,次の説明に当てはまる用語は何か。情報の出所・意図・根拠を吟味し、メディアを批判的かつ適切に利用する能力。,メディア・リテラシー,メディア・リテラシー,情報の出所・意図・根拠を吟味し、メディアを批判的かつ適切に利用する能力。,なし,なし,なし,なし,なし,総務省「選挙の仕組み」,https://www.soumu.go.jp/senkyo/senkyo_s/naruhodo/index.html,なし
政治・経済 Deck 1 公共・政治・経済の骨格,PE-000191,191,Deck 1・骨格,政治・経済,経済,市場経済,経済の基本・企業,経済,けいざい,なし,なし,stable,該当なし,なし,PE-000191-C01,identify,限られた資源を用いて財・サービスを生産し、分配し、消費する社会の活動。,次の説明に当てはまる用語は何か。限られた資源を用いて財・サービスを生産し、分配し、消費する社会の活動。,経済,経済,限られた資源を用いて財・サービスを生産し、分配し、消費する社会の活動。,なし,なし,なし,なし,なし,文部科学省「高等学校学習指導要領解説 公民編」,https://www.mext.go.jp/content/20211102-mxt_kyoiku02-100002620_04.pdf,なし
政治・経済 Deck 1 公共・政治・経済の骨格,PE-000192,192,Deck 1・骨格,政治・経済,経済,市場経済,経済の基本・企業,経済主体,けいざいしゅたい,なし,なし,stable,該当なし,なし,PE-000192-C01,identify,経済活動で意思決定を行う家計・企業・政府などの主体。,次の説明に当てはまる用語は何か。経済活動で意思決定を行う家計・企業・政府などの主体。,経済主体,経済主体,経済活動で意思決定を行う家計・企業・政府などの主体。,なし,なし,なし,なし,なし,文部科学省「高等学校学習指導要領解説 公民編」,https://www.mext.go.jp/content/20211102-mxt_kyoiku02-100002620_04.pdf,なし
政治・経済 Deck 1 公共・政治・経済の骨格,PE-000193,193,Deck 1・骨格,政治・経済,経済,市場経済,経済の基本・企業,家計,かけい,なし,なし,stable,該当なし,なし,PE-000193-C01,identify,労働などを供給して所得を得て、消費・貯蓄を行う経済主体。,次の説明に当てはまる用語は何か。労働などを供給して所得を得て、消費・貯蓄を行う経済主体。,家計,家計,労働などを供給して所得を得て、消費・貯蓄を行う経済主体。,なし,なし,なし,なし,なし,文部科学省「高等学校学習指導要領解説 公民編」,https://www.mext.go.jp/content/20211102-mxt_kyoiku02-100002620_04.pdf,なし
政治・経済 Deck 1 公共・政治・経済の骨格,PE-000194,194,Deck 1・骨格,政治・経済,経済,市場経済,経済の基本・企業,企業,きぎょう,なし,なし,stable,該当なし,なし,PE-000194-C01,identify,生産要素を組み合わせて財・サービスを生産し、販売する経済主体。,次の説明に当てはまる用語は何か。生産要素を組み合わせて財・サービスを生産し、販売する経済主体。,企業,企業,生産要素を組み合わせて財・サービスを生産し、販売する経済主体。,なし,なし,なし,なし,なし,文部科学省「高等学校学習指導要領解説 公民編」,https://www.mext.go.jp/content/20211102-mxt_kyoiku02-100002620_04.pdf,なし
政治・経済 Deck 1 公共・政治・経済の骨格,PE-000195,195,Deck 1・骨格,政治・経済,経済,市場経済,経済の基本・企業,政府,せいふ,なし,なし,stable,該当なし,なし,PE-000195-C01,identify,租税を徴収し、公共サービスの提供や所得再分配などを行う経済主体。,次の説明に当てはまる用語は何か。租税を徴収し、公共サービスの提供や所得再分配などを行う経済主体。,政府,政府,租税を徴収し、公共サービスの提供や所得再分配などを行う経済主体。,なし,なし,なし,なし,なし,文部科学省「高等学校学習指導要領解説 公民編」,https://www.mext.go.jp/content/20211102-mxt_kyoiku02-100002620_04.pdf,なし
政治・経済 Deck 1 公共・政治・経済の骨格,PE-000196,196,Deck 1・骨格,政治・経済,経済,市場経済,経済の基本・企業,市場経済,しじょうけいざい,なし,なし,stable,該当なし,なし,PE-000196-C01,identify,需要と供給に基づく価格を通じて、資源配分が行われる経済の仕組み。,次の説明に当てはまる用語は何か。需要と供給に基づく価格を通じて、資源配分が行われる経済の仕組み。,市場経済,市場経済,需要と供給に基づく価格を通じて、資源配分が行われる経済の仕組み。,なし,なし,なし,なし,なし,文部科学省「高等学校学習指導要領解説 公民編」,https://www.mext.go.jp/content/20211102-mxt_kyoiku02-100002620_04.pdf,なし
政治・経済 Deck 1 公共・政治・経済の骨格,PE-000197,197,Deck 1・骨格,政治・経済,経済,市場経済,経済の基本・企業,計画経済,けいかくけいざい,なし,なし,stable,該当なし,なし,PE-000197-C01,identify,政府が生産量・価格・資源配分などを計画的に決定する経済の仕組み。,次の説明に当てはまる用語は何か。政府が生産量・価格・資源配分などを計画的に決定する経済の仕組み。,計画経済,計画経済,政府が生産量・価格・資源配分などを計画的に決定する経済の仕組み。,なし,なし,なし,なし,なし,文部科学省「高等学校学習指導要領解説 公民編」,https://www.mext.go.jp/content/20211102-mxt_kyoiku02-100002620_04.pdf,なし
政治・経済 Deck 1 公共・政治・経済の骨格,PE-000198,198,Deck 1・骨格,政治・経済,経済,市場経済,経済の基本・企業,混合経済,こんごうけいざい,なし,なし,stable,該当なし,なし,PE-000198-C01,identify,市場による資源配分を基本としつつ、政府も経済へ介入する仕組み。,次の説明に当てはまる用語は何か。市場による資源配分を基本としつつ、政府も経済へ介入する仕組み。,混合経済,混合経済,市場による資源配分を基本としつつ、政府も経済へ介入する仕組み。,なし,なし,なし,なし,なし,文部科学省「高等学校学習指導要領解説 公民編」,https://www.mext.go.jp/content/20211102-mxt_kyoiku02-100002620_04.pdf,なし
政治・経済 Deck 1 公共・政治・経済の骨格,PE-000199,199,Deck 1・骨格,政治・経済,経済,市場経済,経済の基本・企業,資本主義,しほんしゅぎ,なし,なし,stable,該当なし,なし,PE-000199-C01,identify,私有財産制と市場経済を基礎に、利潤を目指す企業活動を中心とする経済体制。,次の説明に当てはまる用語は何か。私有財産制と市場経済を基礎に、利潤を目指す企業活動を中心とする経済体制。,資本主義,資本主義,私有財産制と市場経済を基礎に、利潤を目指す企業活動を中心とする経済体制。,なし,なし,なし,なし,なし,文部科学省「高等学校学習指導要領解説 公民編」,https://www.mext.go.jp/content/20211102-mxt_kyoiku02-100002620_04.pdf,なし
政治・経済 Deck 1 公共・政治・経済の骨格,PE-000200,200,Deck 1・骨格,政治・経済,経済,市場経済,経済の基本・企業,社会主義,しゃかいしゅぎ,なし,なし,stable,該当なし,なし,PE-000200-C01,identify,生産手段の社会的所有や計画的配分を重視する経済・社会思想。,次の説明に当てはまる用語は何か。生産手段の社会的所有や計画的配分を重視する経済・社会思想。,社会主義,社会主義,生産手段の社会的所有や計画的配分を重視する経済・社会思想。,なし,なし,なし,なし,なし,文部科学省「高等学校学習指導要領解説 公民編」,https://www.mext.go.jp/content/20211102-mxt_kyoiku02-100002620_04.pdf,なし
政治・経済 Deck 1 公共・政治・経済の骨格,PE-000201,201,Deck 1・骨格,政治・経済,経済,市場経済,経済の基本・企業,希少性,きしょうせい,なし,なし,stable,該当なし,なし,PE-000201-C01,identify,人々の欲求に対して、利用できる資源が限られていること。,次の説明に当てはまる用語は何か。人々の欲求に対して、利用できる資源が限られていること。,希少性,希少性,人々の欲求に対して、利用できる資源が限られていること。,なし,なし,なし,なし,なし,文部科学省「高等学校学習指導要領解説 公民編」,https://www.mext.go.jp/content/20211102-mxt_kyoiku02-100002620_04.pdf,なし
政治・経済 Deck 1 公共・政治・経済の骨格,PE-000202,202,Deck 1・骨格,政治・経済,経済,市場経済,経済の基本・企業,機会費用,きかいひよう,なし,PE-000201,stable,該当なし,なし,PE-000202-C01,identify,ある選択をしたために諦めた選択肢のうち、最も価値の高いもの。,次の説明に当てはまる用語は何か。ある選択をしたために諦めた選択肢のうち、最も価値の高いもの。,機会費用,機会費用,ある選択をしたために諦めた選択肢のうち、最も価値の高いもの。,なし,なし,なし,なし,なし,文部科学省「高等学校学習指導要領解説 公民編」,https://www.mext.go.jp/content/20211102-mxt_kyoiku02-100002620_04.pdf,なし
政治・経済 Deck 1 公共・政治・経済の骨格,PE-000203,203,Deck 1・骨格,政治・経済,経済,市場経済,経済の基本・企業,トレードオフ,とれーどおふ,なし,PE-000201,stable,該当なし,なし,PE-000203-C01,identify,一方を多く得ると、他方を犠牲にしなければならない関係。,次の説明に当てはまる用語は何か。一方を多く得ると、他方を犠牲にしなければならない関係。,トレードオフ,トレードオフ,一方を多く得ると、他方を犠牲にしなければならない関係。,なし,なし,なし,なし,なし,文部科学省「高等学校学習指導要領解説 公民編」,https://www.mext.go.jp/content/20211102-mxt_kyoiku02-100002620_04.pdf,なし
政治・経済 Deck 1 公共・政治・経済の骨格,PE-000204,204,Deck 1・骨格,政治・経済,経済,市場経済,経済の基本・企業,分業,ぶんぎょう,なし,なし,stable,該当なし,なし,PE-000204-C01,identify,生産工程や仕事を分担し、専門化によって生産性を高めること。,次の説明に当てはまる用語は何か。生産工程や仕事を分担し、専門化によって生産性を高めること。,分業,分業,生産工程や仕事を分担し、専門化によって生産性を高めること。,なし,なし,なし,なし,なし,文部科学省「高等学校学習指導要領解説 公民編」,https://www.mext.go.jp/content/20211102-mxt_kyoiku02-100002620_04.pdf,なし
政治・経済 Deck 1 公共・政治・経済の骨格,PE-000205,205,Deck 1・骨格,政治・経済,経済,市場経済,経済の基本・企業,交換,こうかん,なし,なし,stable,該当なし,なし,PE-000205-C01,identify,互いに異なる財・サービスを取引し、それぞれの必要を満たすこと。,次の説明に当てはまる用語は何か。互いに異なる財・サービスを取引し、それぞれの必要を満たすこと。,交換,交換,互いに異なる財・サービスを取引し、それぞれの必要を満たすこと。,なし,なし,なし,なし,なし,文部科学省「高等学校学習指導要領解説 公民編」,https://www.mext.go.jp/content/20211102-mxt_kyoiku02-100002620_04.pdf,なし
政治・経済 Deck 1 公共・政治・経済の骨格,PE-000206,206,Deck 1・骨格,政治・経済,経済,市場経済,経済の基本・企業,需要,じゅよう,なし,なし,stable,該当なし,なし,PE-000206-C01,identify,消費者がある価格で購入しようとする意思と支払能力を伴う欲求。,次の説明に当てはまる用語は何か。消費者がある価格で購入しようとする意思と支払能力を伴う欲求。,需要,需要,消費者がある価格で購入しようとする意思と支払能力を伴う欲求。,需要量,需要は価格と数量の関係全体、需要量は特定価格での数量。,なし,なし,なし,文部科学省「高等学校学習指導要領解説 公民編」,https://www.mext.go.jp/content/20211102-mxt_kyoiku02-100002620_04.pdf,なし
政治・経済 Deck 1 公共・政治・経済の骨格,PE-000207,207,Deck 1・骨格,政治・経済,経済,市場経済,経済の基本・企業,供給,きょうきゅう,なし,なし,stable,該当なし,なし,PE-000207-C01,identify,生産者がある価格で販売しようとする意思と能力。,次の説明に当てはまる用語は何か。生産者がある価格で販売しようとする意思と能力。,供給,供給,生産者がある価格で販売しようとする意思と能力。,供給量,供給は価格と数量の関係全体、供給量は特定価格での数量。,なし,なし,なし,文部科学省「高等学校学習指導要領解説 公民編」,https://www.mext.go.jp/content/20211102-mxt_kyoiku02-100002620_04.pdf,なし
政治・経済 Deck 1 公共・政治・経済の骨格,PE-000208,208,Deck 1・骨格,政治・経済,経済,市場経済,経済の基本・企業,需要曲線,じゅようきょくせん,なし,PE-000206,stable,該当なし,なし,PE-000208-C01,identify,他の条件が一定のとき、価格と需要量の関係を示す曲線。,次の説明に当てはまる用語は何か。他の条件が一定のとき、価格と需要量の関係を示す曲線。,需要曲線,需要曲線,他の条件が一定のとき、価格と需要量の関係を示す曲線。,なし,なし,なし,なし,なし,文部科学省「高等学校学習指導要領解説 公民編」,https://www.mext.go.jp/content/20211102-mxt_kyoiku02-100002620_04.pdf,なし
政治・経済 Deck 1 公共・政治・経済の骨格,PE-000209,209,Deck 1・骨格,政治・経済,経済,市場経済,経済の基本・企業,供給曲線,きょうきゅうきょくせん,なし,PE-000207,stable,該当なし,なし,PE-000209-C01,identify,他の条件が一定のとき、価格と供給量の関係を示す曲線。,次の説明に当てはまる用語は何か。他の条件が一定のとき、価格と供給量の関係を示す曲線。,供給曲線,供給曲線,他の条件が一定のとき、価格と供給量の関係を示す曲線。,なし,なし,なし,なし,なし,文部科学省「高等学校学習指導要領解説 公民編」,https://www.mext.go.jp/content/20211102-mxt_kyoiku02-100002620_04.pdf,なし
政治・経済 Deck 1 公共・政治・経済の骨格,PE-000210,210,Deck 1・骨格,政治・経済,経済,市場経済,経済の基本・企業,需要量,じゅようりょう,なし,なし,stable,該当なし,なし,PE-000210-C01,identify,ある価格の下で、消費者が購入しようとする財・サービスの数量。,次の説明に当てはまる用語は何か。ある価格の下で、消費者が購入しようとする財・サービスの数量。,需要量,需要量,ある価格の下で、消費者が購入しようとする財・サービスの数量。,なし,なし,なし,なし,なし,文部科学省「高等学校学習指導要領解説 公民編」,https://www.mext.go.jp/content/20211102-mxt_kyoiku02-100002620_04.pdf,なし
政治・経済 Deck 1 公共・政治・経済の骨格,PE-000211,211,Deck 1・骨格,政治・経済,経済,市場経済,経済の基本・企業,供給量,きょうきゅうりょう,なし,なし,stable,該当なし,なし,PE-000211-C01,identify,ある価格の下で、生産者が販売しようとする財・サービスの数量。,次の説明に当てはまる用語は何か。ある価格の下で、生産者が販売しようとする財・サービスの数量。,供給量,供給量,ある価格の下で、生産者が販売しようとする財・サービスの数量。,なし,なし,なし,なし,なし,文部科学省「高等学校学習指導要領解説 公民編」,https://www.mext.go.jp/content/20211102-mxt_kyoiku02-100002620_04.pdf,なし
政治・経済 Deck 1 公共・政治・経済の骨格,PE-000212,212,Deck 1・骨格,政治・経済,経済,市場経済,経済の基本・企業,均衡価格,きんこうかかく,なし,PE-000206｜PE-000207,stable,該当なし,なし,PE-000212-C01,identify,需要量と供給量が一致し、市場で過不足がなくなる価格。,次の説明に当てはまる用語は何か。需要量と供給量が一致し、市場で過不足がなくなる価格。,均衡価格,均衡価格,需要量と供給量が一致し、市場で過不足がなくなる価格。,なし,なし,なし,なし,なし,文部科学省「高等学校学習指導要領解説 公民編」,https://www.mext.go.jp/content/20211102-mxt_kyoiku02-100002620_04.pdf,なし
政治・経済 Deck 1 公共・政治・経済の骨格,PE-000213,213,Deck 1・骨格,政治・経済,経済,市場経済,経済の基本・企業,均衡取引量,きんこうとりひきりょう,なし,PE-000212,stable,該当なし,なし,PE-000213-C01,identify,均衡価格の下で実際に取引される需要量・供給量。,次の説明に当てはまる用語は何か。均衡価格の下で実際に取引される需要量・供給量。,均衡取引量,均衡取引量,均衡価格の下で実際に取引される需要量・供給量。,なし,なし,なし,なし,なし,文部科学省「高等学校学習指導要領解説 公民編」,https://www.mext.go.jp/content/20211102-mxt_kyoiku02-100002620_04.pdf,なし
政治・経済 Deck 1 公共・政治・経済の骨格,PE-000214,214,Deck 1・骨格,政治・経済,経済,市場経済,経済の基本・企業,超過需要,ちょうかじゅよう,なし,PE-000210｜PE-000211,stable,該当なし,なし,PE-000214-C01,identify,ある価格で需要量が供給量を上回り、品不足が生じる状態。,次の説明に当てはまる用語は何か。ある価格で需要量が供給量を上回り、品不足が生じる状態。,超過需要,超過需要,ある価格で需要量が供給量を上回り、品不足が生じる状態。,なし,なし,なし,なし,なし,文部科学省「高等学校学習指導要領解説 公民編」,https://www.mext.go.jp/content/20211102-mxt_kyoiku02-100002620_04.pdf,なし
政治・経済 Deck 1 公共・政治・経済の骨格,PE-000215,215,Deck 1・骨格,政治・経済,経済,市場経済,経済の基本・企業,超過供給,ちょうかきょうきゅう,なし,PE-000210｜PE-000211,stable,該当なし,なし,PE-000215-C01,identify,ある価格で供給量が需要量を上回り、売れ残りが生じる状態。,次の説明に当てはまる用語は何か。ある価格で供給量が需要量を上回り、売れ残りが生じる状態。,超過供給,超過供給,ある価格で供給量が需要量を上回り、売れ残りが生じる状態。,なし,なし,なし,なし,なし,文部科学省「高等学校学習指導要領解説 公民編」,https://www.mext.go.jp/content/20211102-mxt_kyoiku02-100002620_04.pdf,なし
政治・経済 Deck 1 公共・政治・経済の骨格,PE-000216,216,Deck 1・骨格,政治・経済,経済,市場経済,経済の基本・企業,価格メカニズム,かかくめかにずむ,なし,PE-000212,stable,該当なし,なし,PE-000216-C01,identify,価格の変化が需要と供給を調整し、資源配分を導く仕組み。,次の説明に当てはまる用語は何か。価格の変化が需要と供給を調整し、資源配分を導く仕組み。,価格メカニズム,価格メカニズム,価格の変化が需要と供給を調整し、資源配分を導く仕組み。,なし,なし,なし,なし,なし,文部科学省「高等学校学習指導要領解説 公民編」,https://www.mext.go.jp/content/20211102-mxt_kyoiku02-100002620_04.pdf,なし
政治・経済 Deck 1 公共・政治・経済の骨格,PE-000217,217,Deck 1・骨格,政治・経済,経済,市場経済,経済の基本・企業,需要の価格弾力性,じゅようのかかくだんりょくせい,なし,PE-000210,stable,該当なし,なし,PE-000217-C01,formula,基本式,需要の価格弾力性の大きさを求める基本式を答えよ。,需要量の変化率の絶対値÷価格の変化率の絶対値,需要量の変化率の絶対値÷価格の変化率の絶対値｜需要量変化率÷価格変化率（絶対値）,価格が1％変化したとき、需要量が何％変化するかを示す指標。,なし,なし,需要の価格弾力性＝需要量の変化率の絶対値÷価格の変化率の絶対値,なし,なし,文部科学省「高等学校学習指導要領解説 公民編」,https://www.mext.go.jp/content/20211102-mxt_kyoiku02-100002620_04.pdf,なし
政治・経済 Deck 1 公共・政治・経済の骨格,PE-000218,218,Deck 1・骨格,政治・経済,経済,市場経済,経済の基本・企業,代替財,だいたいざい,なし,なし,stable,該当なし,なし,PE-000218-C01,identify,一方の代わりに他方を使える関係にある財。,次の説明に当てはまる用語は何か。一方の代わりに他方を使える関係にある財。,代替財,代替財,一方の代わりに他方を使える関係にある財。,なし,なし,なし,なし,なし,文部科学省「高等学校学習指導要領解説 公民編」,https://www.mext.go.jp/content/20211102-mxt_kyoiku02-100002620_04.pdf,なし
政治・経済 Deck 1 公共・政治・経済の骨格,PE-000219,219,Deck 1・骨格,政治・経済,経済,市場経済,経済の基本・企業,補完財,ほかんざい,なし,なし,stable,該当なし,なし,PE-000219-C01,identify,自動車とガソリンのように、組み合わせて消費される関係にある財。,次の説明に当てはまる用語は何か。自動車とガソリンのように、組み合わせて消費される関係にある財。,補完財,補完財,自動車とガソリンのように、組み合わせて消費される関係にある財。,なし,なし,なし,なし,なし,文部科学省「高等学校学習指導要領解説 公民編」,https://www.mext.go.jp/content/20211102-mxt_kyoiku02-100002620_04.pdf,なし
政治・経済 Deck 1 公共・政治・経済の骨格,PE-000220,220,Deck 1・骨格,政治・経済,経済,市場経済,経済の基本・企業,正常財,せいじょうざい,なし,なし,stable,該当なし,なし,PE-000220-C01,identify,他の条件が一定のとき、所得が増えると需要が増える財。,次の説明に当てはまる用語は何か。他の条件が一定のとき、所得が増えると需要が増える財。,正常財,正常財,他の条件が一定のとき、所得が増えると需要が増える財。,なし,なし,なし,なし,なし,文部科学省「高等学校学習指導要領解説 公民編」,https://www.mext.go.jp/content/20211102-mxt_kyoiku02-100002620_04.pdf,なし
政治・経済 Deck 1 公共・政治・経済の骨格,PE-000221,221,Deck 1・骨格,政治・経済,経済,市場経済,経済の基本・企業,劣等財,れっとうざい,なし,なし,stable,該当なし,なし,PE-000221-C01,identify,他の条件が一定のとき、所得が増えると需要が減る財。,次の説明に当てはまる用語は何か。他の条件が一定のとき、所得が増えると需要が減る財。,劣等財,劣等財,他の条件が一定のとき、所得が増えると需要が減る財。,なし,なし,なし,なし,なし,文部科学省「高等学校学習指導要領解説 公民編」,https://www.mext.go.jp/content/20211102-mxt_kyoiku02-100002620_04.pdf,なし
政治・経済 Deck 1 公共・政治・経済の骨格,PE-000222,222,Deck 1・骨格,政治・経済,経済,市場経済,経済の基本・企業,市場の失敗,しじょうのしっぱい,なし,PE-000196,stable,該当なし,なし,PE-000222-C01,identify,市場に任せるだけでは資源が効率的・公正に配分されない状態。,次の説明に当てはまる用語は何か。市場に任せるだけでは資源が効率的・公正に配分されない状態。,市場の失敗,市場の失敗,市場に任せるだけでは資源が効率的・公正に配分されない状態。,なし,なし,なし,なし,なし,文部科学省「高等学校学習指導要領解説 公民編」,https://www.mext.go.jp/content/20211102-mxt_kyoiku02-100002620_04.pdf,なし
政治・経済 Deck 1 公共・政治・経済の骨格,PE-000223,223,Deck 1・骨格,政治・経済,経済,市場経済,経済の基本・企業,外部経済,がいぶけいざい,なし,PE-000222,stable,該当なし,なし,PE-000223-C01,identify,ある主体の活動が、対価を受け取らず第三者へ利益を与えること。,次の説明に当てはまる用語は何か。ある主体の活動が、対価を受け取らず第三者へ利益を与えること。,外部経済,外部経済,ある主体の活動が、対価を受け取らず第三者へ利益を与えること。,外部不経済,外部経済は第三者への利益、外部不経済は第三者への損失。,なし,なし,なし,文部科学省「高等学校学習指導要領解説 公民編」,https://www.mext.go.jp/content/20211102-mxt_kyoiku02-100002620_04.pdf,なし
政治・経済 Deck 1 公共・政治・経済の骨格,PE-000224,224,Deck 1・骨格,政治・経済,経済,市場経済,経済の基本・企業,外部不経済,がいぶふけいざい,なし,PE-000222,stable,該当なし,なし,PE-000224-C01,identify,ある主体の活動が、補償せず第三者へ不利益や費用を与えること。,次の説明に当てはまる用語は何か。ある主体の活動が、補償せず第三者へ不利益や費用を与えること。,外部不経済,外部不経済,ある主体の活動が、補償せず第三者へ不利益や費用を与えること。,なし,なし,なし,なし,なし,文部科学省「高等学校学習指導要領解説 公民編」,https://www.mext.go.jp/content/20211102-mxt_kyoiku02-100002620_04.pdf,なし
政治・経済 Deck 1 公共・政治・経済の骨格,PE-000225,225,Deck 1・骨格,政治・経済,経済,市場経済,経済の基本・企業,公共財,こうきょうざい,なし,PE-000222,stable,該当なし,なし,PE-000225-C01,identify,非排除性と非競合性を持ち、市場では十分に供給されにくい財・サービス。,次の説明に当てはまる用語は何か。非排除性と非競合性を持ち、市場では十分に供給されにくい財・サービス。,公共財,公共財,非排除性と非競合性を持ち、市場では十分に供給されにくい財・サービス。,なし,なし,なし,なし,なし,文部科学省「高等学校学習指導要領解説 公民編」,https://www.mext.go.jp/content/20211102-mxt_kyoiku02-100002620_04.pdf,なし
政治・経済 Deck 1 公共・政治・経済の骨格,PE-000226,226,Deck 1・骨格,政治・経済,経済,市場経済,経済の基本・企業,非排除性,ひはいじょせい,なし,PE-000225,stable,該当なし,なし,PE-000226-C01,identify,対価を払わない人を財・サービスの利用から排除するのが難しい性質。,次の説明に当てはまる用語は何か。対価を払わない人を財・サービスの利用から排除するのが難しい性質。,非排除性,非排除性,対価を払わない人を財・サービスの利用から排除するのが難しい性質。,なし,なし,なし,なし,なし,文部科学省「高等学校学習指導要領解説 公民編」,https://www.mext.go.jp/content/20211102-mxt_kyoiku02-100002620_04.pdf,なし
政治・経済 Deck 1 公共・政治・経済の骨格,PE-000227,227,Deck 1・骨格,政治・経済,経済,市場経済,経済の基本・企業,非競合性,ひきょうごうせい,なし,PE-000225,stable,該当なし,なし,PE-000227-C01,identify,一人が利用しても、他の人の利用可能量がほとんど減らない性質。,次の説明に当てはまる用語は何か。一人が利用しても、他の人の利用可能量がほとんど減らない性質。,非競合性,非競合性,一人が利用しても、他の人の利用可能量がほとんど減らない性質。,なし,なし,なし,なし,なし,文部科学省「高等学校学習指導要領解説 公民編」,https://www.mext.go.jp/content/20211102-mxt_kyoiku02-100002620_04.pdf,なし
政治・経済 Deck 1 公共・政治・経済の骨格,PE-000228,228,Deck 1・骨格,政治・経済,経済,市場経済,経済の基本・企業,情報の非対称性,じょうほうのひたいしょうせい,なし,なし,stable,該当なし,なし,PE-000228-C01,identify,取引当事者の一方が、他方より多くの重要情報を持つ状態。,次の説明に当てはまる用語は何か。取引当事者の一方が、他方より多くの重要情報を持つ状態。,情報の非対称性,情報の非対称性,取引当事者の一方が、他方より多くの重要情報を持つ状態。,なし,なし,なし,なし,なし,文部科学省「高等学校学習指導要領解説 公民編」,https://www.mext.go.jp/content/20211102-mxt_kyoiku02-100002620_04.pdf,なし
政治・経済 Deck 1 公共・政治・経済の骨格,PE-000229,229,Deck 1・骨格,政治・経済,経済,市場経済,経済の基本・企業,逆選択,ぎゃくせんたく,なし,PE-000228,stable,該当なし,なし,PE-000229-C01,identify,取引前の情報格差により、質の悪い商品や高リスクの相手が市場に残りやすくなる問題。,次の説明に当てはまる用語は何か。取引前の情報格差により、質の悪い商品や高リスクの相手が市場に残りやすくなる問題。,逆選択,逆選択,取引前の情報格差により、質の悪い商品や高リスクの相手が市場に残りやすくなる問題。,モラル・ハザード,逆選択は契約前、モラル・ハザードは契約後の情報問題。,なし,なし,なし,文部科学省「高等学校学習指導要領解説 公民編」,https://www.mext.go.jp/content/20211102-mxt_kyoiku02-100002620_04.pdf,なし
政治・経済 Deck 1 公共・政治・経済の骨格,PE-000230,230,Deck 1・骨格,政治・経済,経済,市場経済,経済の基本・企業,モラル・ハザード,もらるはざーど,なし,PE-000228,stable,該当なし,なし,PE-000230-C01,identify,契約後に行動が観察しにくいため、当事者がリスクの高い行動を取りやすくなる問題。,次の説明に当てはまる用語は何か。契約後に行動が観察しにくいため、当事者がリスクの高い行動を取りやすくなる問題。,モラル・ハザード,モラル・ハザード,契約後に行動が観察しにくいため、当事者がリスクの高い行動を取りやすくなる問題。,なし,なし,なし,なし,なし,文部科学省「高等学校学習指導要領解説 公民編」,https://www.mext.go.jp/content/20211102-mxt_kyoiku02-100002620_04.pdf,なし
政治・経済 Deck 1 公共・政治・経済の骨格,PE-000231,231,Deck 1・骨格,政治・経済,経済,市場経済,経済の基本・企業,独占,どくせん,なし,なし,stable,該当なし,なし,PE-000231-C01,identify,一つの企業が市場の供給をほぼ支配する市場構造。,次の説明に当てはまる用語は何か。一つの企業が市場の供給をほぼ支配する市場構造。,独占,独占,一つの企業が市場の供給をほぼ支配する市場構造。,寡占,独占は一社、寡占は少数社が市場の大部分を占める。,なし,なし,なし,文部科学省「高等学校学習指導要領解説 公民編」,https://www.mext.go.jp/content/20211102-mxt_kyoiku02-100002620_04.pdf,なし
政治・経済 Deck 1 公共・政治・経済の骨格,PE-000232,232,Deck 1・骨格,政治・経済,経済,市場経済,経済の基本・企業,寡占,かせん,なし,なし,stable,該当なし,なし,PE-000232-C01,identify,少数の大企業が市場の大部分を占め、互いの行動を意識する市場構造。,次の説明に当てはまる用語は何か。少数の大企業が市場の大部分を占め、互いの行動を意識する市場構造。,寡占,寡占,少数の大企業が市場の大部分を占め、互いの行動を意識する市場構造。,なし,なし,なし,なし,なし,文部科学省「高等学校学習指導要領解説 公民編」,https://www.mext.go.jp/content/20211102-mxt_kyoiku02-100002620_04.pdf,寡占=かせん
政治・経済 Deck 1 公共・政治・経済の骨格,PE-000233,233,Deck 1・骨格,政治・経済,経済,市場経済,経済の基本・企業,独占的競争,どくせんてききょうそう,なし,なし,stable,該当なし,なし,PE-000233-C01,identify,多数の企業が、差別化された商品を販売して競争する市場構造。,次の説明に当てはまる用語は何か。多数の企業が、差別化された商品を販売して競争する市場構造。,独占的競争,独占的競争,多数の企業が、差別化された商品を販売して競争する市場構造。,なし,なし,なし,なし,なし,文部科学省「高等学校学習指導要領解説 公民編」,https://www.mext.go.jp/content/20211102-mxt_kyoiku02-100002620_04.pdf,なし
政治・経済 Deck 1 公共・政治・経済の骨格,PE-000234,234,Deck 1・骨格,政治・経済,経済,市場経済,経済の基本・企業,カルテル,かるてる,なし,PE-000232,stable,該当なし,なし,PE-000234-C01,identify,複数企業が価格・生産量などを協定して競争を制限する行為。,次の説明に当てはまる用語は何か。複数企業が価格・生産量などを協定して競争を制限する行為。,カルテル,カルテル,複数企業が価格・生産量などを協定して競争を制限する行為。,なし,なし,なし,なし,なし,公正取引委員会「独占禁止法」,https://www.jftc.go.jp/dk/dkgaiyo/gaiyo.html,なし
政治・経済 Deck 1 公共・政治・経済の骨格,PE-000235,235,Deck 1・骨格,政治・経済,経済,市場経済,経済の基本・企業,トラスト,とらすと,なし,なし,stable,該当なし,なし,PE-000235-C01,identify,同種企業が合併などで一体化し、市場支配力を強める企業結合。,次の説明に当てはまる用語は何か。同種企業が合併などで一体化し、市場支配力を強める企業結合。,トラスト,トラスト,同種企業が合併などで一体化し、市場支配力を強める企業結合。,なし,なし,なし,なし,なし,文部科学省「高等学校学習指導要領解説 公民編」,https://www.mext.go.jp/content/20211102-mxt_kyoiku02-100002620_04.pdf,なし
政治・経済 Deck 1 公共・政治・経済の骨格,PE-000236,236,Deck 1・骨格,政治・経済,経済,市場経済,経済の基本・企業,コンツェルン,こんつぇるん,なし,なし,stable,該当なし,なし,PE-000236-C01,identify,持株会社などを中心に、異業種を含む多数の企業が支配・系列化される企業集団。,次の説明に当てはまる用語は何か。持株会社などを中心に、異業種を含む多数の企業が支配・系列化される企業集団。,コンツェルン,コンツェルン,持株会社などを中心に、異業種を含む多数の企業が支配・系列化される企業集団。,なし,なし,なし,なし,なし,文部科学省「高等学校学習指導要領解説 公民編」,https://www.mext.go.jp/content/20211102-mxt_kyoiku02-100002620_04.pdf,なし
政治・経済 Deck 1 公共・政治・経済の骨格,PE-000237,237,Deck 1・骨格,政治・経済,経済,市場経済,経済の基本・企業,持株会社,もちかぶがいしゃ,なし,なし,stable,該当なし,なし,PE-000237-C01,identify,他社の株式を保有し、その会社の事業方針を支配することを主な目的とする会社。,次の説明に当てはまる用語は何か。他社の株式を保有し、その会社の事業方針を支配することを主な目的とする会社。,持株会社,持株会社,他社の株式を保有し、その会社の事業方針を支配することを主な目的とする会社。,なし,なし,なし,なし,なし,e-Gov法令検索「会社法」,https://elaws.e-gov.go.jp/document?lawid=417AC0000000086,なし
政治・経済 Deck 1 公共・政治・経済の骨格,PE-000238,238,Deck 1・骨格,政治・経済,経済,市場経済,経済の基本・企業,独占禁止法,どくせんきんしほう,なし,PE-000222,law_as_of_date,2026-08-22,私的独占の禁止及び公正取引の確保に関する法律,PE-000238-C01,identify,私的独占・不当な取引制限・不公正な取引方法などを規制し、公正で自由な競争を促す法律。,2026年8月22日時点で、次の説明に当てはまる用語は何か。私的独占・不当な取引制限・不公正な取引方法などを規制し、公正で自由な競争を促す法律。,独占禁止法,独占禁止法,私的独占・不当な取引制限・不公正な取引方法などを規制し、公正で自由な競争を促す法律。,なし,なし,なし,なし,なし,公正取引委員会「独占禁止法」,https://www.jftc.go.jp/dk/dkgaiyo/gaiyo.html,なし
政治・経済 Deck 1 公共・政治・経済の骨格,PE-000239,239,Deck 1・骨格,政治・経済,経済,市場経済,経済の基本・企業,公正取引委員会,こうせいとりひきいいんかい,なし,PE-000238,law_as_of_date,2026-08-22,独占禁止法第27条以下,PE-000239-C01,identify,独占禁止法を運用し、競争政策を担当する独立性の高い行政委員会。,2026年8月22日時点で、次の説明に当てはまる用語は何か。独占禁止法を運用し、競争政策を担当する独立性の高い行政委員会。,公正取引委員会,公正取引委員会,独占禁止法を運用し、競争政策を担当する独立性の高い行政委員会。,なし,なし,なし,なし,なし,公正取引委員会「独占禁止法」,https://www.jftc.go.jp/dk/dkgaiyo/gaiyo.html,なし
政治・経済 Deck 1 公共・政治・経済の骨格,PE-000240,240,Deck 1・骨格,政治・経済,経済,市場経済,経済の基本・企業,規模の経済,きぼのけいざい,なし,なし,stable,該当なし,なし,PE-000240-C01,identify,生産規模を拡大すると、平均費用が低下する現象。,次の説明に当てはまる用語は何か。生産規模を拡大すると、平均費用が低下する現象。,規模の経済,規模の経済,生産規模を拡大すると、平均費用が低下する現象。,なし,なし,なし,なし,なし,文部科学省「高等学校学習指導要領解説 公民編」,https://www.mext.go.jp/content/20211102-mxt_kyoiku02-100002620_04.pdf,なし
政治・経済 Deck 1 公共・政治・経済の骨格,PE-000241,241,Deck 1・骨格,政治・経済,経済,市場経済,経済の基本・企業,自然独占,しぜんどくせん,なし,なし,stable,該当なし,なし,PE-000241-C01,identify,巨額の設備費などにより、一社で供給した方が平均費用が低くなる市場。,次の説明に当てはまる用語は何か。巨額の設備費などにより、一社で供給した方が平均費用が低くなる市場。,自然独占,自然独占,巨額の設備費などにより、一社で供給した方が平均費用が低くなる市場。,なし,なし,なし,なし,なし,文部科学省「高等学校学習指導要領解説 公民編」,https://www.mext.go.jp/content/20211102-mxt_kyoiku02-100002620_04.pdf,なし
政治・経済 Deck 1 公共・政治・経済の骨格,PE-000242,242,Deck 1・骨格,政治・経済,経済,市場経済,経済の基本・企業,株式会社,かぶしきがいしゃ,なし,なし,law_as_of_date,2026-08-22,会社法,PE-000242-C01,identify,株式を発行して資金を集め、出資者である株主が有限責任を負う会社形態。,2026年8月22日時点で、次の説明に当てはまる用語は何か。株式を発行して資金を集め、出資者である株主が有限責任を負う会社形態。,株式会社,株式会社,株式を発行して資金を集め、出資者である株主が有限責任を負う会社形態。,なし,なし,なし,なし,なし,e-Gov法令検索「会社法」,https://elaws.e-gov.go.jp/document?lawid=417AC0000000086,なし
政治・経済 Deck 1 公共・政治・経済の骨格,PE-000243,243,Deck 1・骨格,政治・経済,経済,市場経済,経済の基本・企業,有限責任,ゆうげんせきにん,なし,PE-000242,stable,該当なし,なし,PE-000243-C01,identify,出資者が原則として出資額の範囲でのみ会社の債務リスクを負うこと。,次の説明に当てはまる用語は何か。出資者が原則として出資額の範囲でのみ会社の債務リスクを負うこと。,有限責任,有限責任,出資者が原則として出資額の範囲でのみ会社の債務リスクを負うこと。,なし,なし,なし,なし,なし,e-Gov法令検索「会社法」,https://elaws.e-gov.go.jp/document?lawid=417AC0000000086,なし
政治・経済 Deck 1 公共・政治・経済の骨格,PE-000244,244,Deck 1・骨格,政治・経済,経済,市場経済,経済の基本・企業,所有と経営の分離,しょゆうとけいえいのぶんり,なし,PE-000242,stable,該当なし,なし,PE-000244-C01,identify,会社の所有者である株主と、実際に経営する取締役・経営者が分かれること。,次の説明に当てはまる用語は何か。会社の所有者である株主と、実際に経営する取締役・経営者が分かれること。,所有と経営の分離,所有と経営の分離,会社の所有者である株主と、実際に経営する取締役・経営者が分かれること。,なし,なし,なし,なし,なし,e-Gov法令検索「会社法」,https://elaws.e-gov.go.jp/document?lawid=417AC0000000086,なし
政治・経済 Deck 1 公共・政治・経済の骨格,PE-000245,245,Deck 1・骨格,政治・経済,経済,市場経済,経済の基本・企業,コーポレートガバナンス,こーぽれーとがばなんす,なし,PE-000244,stable,該当なし,なし,PE-000245-C01,identify,経営者を監督し、企業経営の適正性と透明性を確保する仕組み。,次の説明に当てはまる用語は何か。経営者を監督し、企業経営の適正性と透明性を確保する仕組み。,コーポレートガバナンス,コーポレートガバナンス,経営者を監督し、企業経営の適正性と透明性を確保する仕組み。,なし,なし,なし,なし,なし,e-Gov法令検索「会社法」,https://elaws.e-gov.go.jp/document?lawid=417AC0000000086,なし
政治・経済 Deck 1 公共・政治・経済の骨格,PE-000246,246,Deck 1・骨格,政治・経済,経済,国民経済,マクロ経済・金融・財政,国内総生産,こくないそうせいさん,GDP,なし,stable,該当なし,なし,PE-000246-C01,identify,一定期間に国内で新たに生産された財・サービスの付加価値の合計。,次の説明に当てはまる用語は何か。一定期間に国内で新たに生産された財・サービスの付加価値の合計。,国内総生産,国内総生産｜GDP,一定期間に国内で新たに生産された財・サービスの付加価値の合計。,国民総所得,GDPは国内で生産された付加価値、GNIは国民が受け取る所得。,なし,なし,なし,内閣府経済社会総合研究所「国民経済計算」,https://www.esri.cao.go.jp/jp/sna/menu.html,なし
政治・経済 Deck 1 公共・政治・経済の骨格,PE-000247,247,Deck 1・骨格,政治・経済,経済,国民経済,マクロ経済・金融・財政,名目国内総生産,めいもくこくないそうせいさん,名目GDP,PE-000246,stable,該当なし,なし,PE-000247-C01,identify,その年の市場価格で評価した国内総生産。,次の説明に当てはまる用語は何か。その年の市場価格で評価した国内総生産。,名目国内総生産,名目国内総生産｜名目GDP,その年の市場価格で評価した国内総生産。,実質国内総生産,名目は当年価格、実質は物価変動を除いた数量ベース。,なし,なし,なし,内閣府経済社会総合研究所「国民経済計算」,https://www.esri.cao.go.jp/jp/sna/menu.html,なし
政治・経済 Deck 1 公共・政治・経済の骨格,PE-000248,248,Deck 1・骨格,政治・経済,経済,国民経済,マクロ経済・金融・財政,実質国内総生産,じっしつこくないそうせいさん,実質GDP,PE-000246,stable,該当なし,なし,PE-000248-C01,identify,物価変動の影響を除き、基準年の価格などで評価した国内総生産。,次の説明に当てはまる用語は何か。物価変動の影響を除き、基準年の価格などで評価した国内総生産。,実質国内総生産,実質国内総生産｜実質GDP,物価変動の影響を除き、基準年の価格などで評価した国内総生産。,名目国内総生産,実質は物価変動を除き、名目は当年価格で測る。,なし,なし,なし,内閣府経済社会総合研究所「国民経済計算」,https://www.esri.cao.go.jp/jp/sna/menu.html,なし
政治・経済 Deck 1 公共・政治・経済の骨格,PE-000249,249,Deck 1・骨格,政治・経済,経済,国民経済,マクロ経済・金融・財政,国内総生産デフレーター,こくないそうせいさんでふれーたー,GDPデフレーター,PE-000247｜PE-000248,stable,該当なし,なし,PE-000249-C01,formula,基本式,国内総生産デフレーターの基本式を答えよ。,名目GDP÷実質GDP×100,名目GDP÷実質GDP×100｜名目国内総生産÷実質国内総生産×100,国内総生産に含まれる財・サービス全体の物価変動を示す指数。,なし,なし,GDPデフレーター＝名目GDP÷実質GDP×100,指数,なし,内閣府経済社会総合研究所「国民経済計算」,https://www.esri.cao.go.jp/jp/sna/menu.html,なし
政治・経済 Deck 1 公共・政治・経済の骨格,PE-000250,250,Deck 1・骨格,政治・経済,経済,国民経済,マクロ経済・金融・財政,三面等価の原則,さんめんとうかのげんそく,なし,PE-000246,stable,該当なし,なし,PE-000250-C01,relation,三面の対応,国内総生産の三面等価で等しくなる三つの面を答えよ。,生産面・分配面・支出面,生産面・分配面・支出面｜生産・分配・支出,国内総生産を生産・分配・支出のどの面から測っても理論上同じ額になる原則。,なし,なし,生産面のGDP＝分配面のGDP＝支出面のGDP,なし,なし,内閣府経済社会総合研究所「国民経済計算」,https://www.esri.cao.go.jp/jp/sna/menu.html,なし
政治・経済 Deck 1 公共・政治・経済の骨格,PE-000251,251,Deck 1・骨格,政治・経済,経済,国民経済,マクロ経済・金融・財政,生産面,せいさんめん,なし,PE-000250,stable,該当なし,なし,PE-000251-C01,identify,国内総生産を各産業が生み出した付加価値の合計として捉える面。,次の説明に当てはまる用語は何か。国内総生産を各産業が生み出した付加価値の合計として捉える面。,生産面,生産面,国内総生産を各産業が生み出した付加価値の合計として捉える面。,なし,なし,なし,なし,なし,内閣府経済社会総合研究所「国民経済計算」,https://www.esri.cao.go.jp/jp/sna/menu.html,なし
政治・経済 Deck 1 公共・政治・経済の骨格,PE-000252,252,Deck 1・骨格,政治・経済,経済,国民経済,マクロ経済・金融・財政,分配面,ぶんぱいめん,なし,PE-000250,stable,該当なし,なし,PE-000252-C01,identify,国内総生産を賃金・利潤など生産から生じた所得の合計として捉える面。,次の説明に当てはまる用語は何か。国内総生産を賃金・利潤など生産から生じた所得の合計として捉える面。,分配面,分配面,国内総生産を賃金・利潤など生産から生じた所得の合計として捉える面。,なし,なし,なし,なし,なし,内閣府経済社会総合研究所「国民経済計算」,https://www.esri.cao.go.jp/jp/sna/menu.html,なし
政治・経済 Deck 1 公共・政治・経済の骨格,PE-000253,253,Deck 1・骨格,政治・経済,経済,国民経済,マクロ経済・金融・財政,支出面,ししゅつめん,なし,PE-000250,stable,該当なし,なし,PE-000253-C01,formula,支出面GDPの基本式,支出面から見た国内総生産の基本式を、C・I・G・X・Mを用いて答えよ。,C＋I＋G＋（X－M）,C＋I＋G＋（X－M）｜C+I+G+(X-M),国内総生産を消費・投資・政府支出・純輸出など最終需要の合計として捉える面。,なし,なし,GDP＝民間消費C＋民間投資I＋政府支出G＋輸出X－輸入M,なし,なし,内閣府経済社会総合研究所「国民経済計算」,https://www.esri.cao.go.jp/jp/sna/menu.html,なし
政治・経済 Deck 1 公共・政治・経済の骨格,PE-000254,254,Deck 1・骨格,政治・経済,経済,国民経済,マクロ経済・金融・財政,国民総所得,こくみんそうしょとく,GNI,PE-000246,stable,該当なし,なし,PE-000254-C01,identify,国内総生産に海外からの純所得受取を加えた、国民が受け取った所得の総額。,次の説明に当てはまる用語は何か。国内総生産に海外からの純所得受取を加えた、国民が受け取った所得の総額。,国民総所得,国民総所得｜GNI,国内総生産に海外からの純所得受取を加えた、国民が受け取った所得の総額。,なし,なし,なし,なし,なし,内閣府経済社会総合研究所「国民経済計算」,https://www.esri.cao.go.jp/jp/sna/menu.html,なし
政治・経済 Deck 1 公共・政治・経済の骨格,PE-000255,255,Deck 1・骨格,政治・経済,経済,国民経済,マクロ経済・金融・財政,国民純所得,こくみんじゅんしょとく,NNI,PE-000254,stable,該当なし,なし,PE-000255-C01,identify,国民総所得から固定資本減耗を差し引いた所得。,次の説明に当てはまる用語は何か。国民総所得から固定資本減耗を差し引いた所得。,国民純所得,国民純所得｜NNI,国民総所得から固定資本減耗を差し引いた所得。,なし,なし,なし,なし,なし,内閣府経済社会総合研究所「国民経済計算」,https://www.esri.cao.go.jp/jp/sna/menu.html,なし
政治・経済 Deck 1 公共・政治・経済の骨格,PE-000256,256,Deck 1・骨格,政治・経済,経済,国民経済,マクロ経済・金融・財政,国民所得,こくみんしょとく,なし,なし,stable,該当なし,なし,PE-000256-C01,identify,国民が生産活動への参加によって得た雇用者報酬・財産所得・企業所得などの合計。,次の説明に当てはまる用語は何か。国民が生産活動への参加によって得た雇用者報酬・財産所得・企業所得などの合計。,国民所得,国民所得,国民が生産活動への参加によって得た雇用者報酬・財産所得・企業所得などの合計。,なし,なし,なし,なし,なし,内閣府経済社会総合研究所「国民経済計算」,https://www.esri.cao.go.jp/jp/sna/menu.html,なし
政治・経済 Deck 1 公共・政治・経済の骨格,PE-000257,257,Deck 1・骨格,政治・経済,経済,国民経済,マクロ経済・金融・財政,経済成長,けいざいせいちょう,なし,なし,stable,該当なし,なし,PE-000257-C01,identify,一国の生産力や実質的な財・サービスの生産量が長期的に増えること。,次の説明に当てはまる用語は何か。一国の生産力や実質的な財・サービスの生産量が長期的に増えること。,経済成長,経済成長,一国の生産力や実質的な財・サービスの生産量が長期的に増えること。,なし,なし,なし,なし,なし,内閣府経済社会総合研究所「国民経済計算」,https://www.esri.cao.go.jp/jp/sna/menu.html,なし
政治・経済 Deck 1 公共・政治・経済の骨格,PE-000258,258,Deck 1・骨格,政治・経済,経済,国民経済,マクロ経済・金融・財政,経済成長率,けいざいせいちょうりつ,なし,PE-000248,stable,該当なし,なし,PE-000258-C01,formula,基本式,実質GDPを用いる経済成長率の基本式を答えよ。,（当期実質GDP－前期実質GDP）÷前期実質GDP×100,（当期実質GDP－前期実質GDP）÷前期実質GDP×100｜実質GDPの増加率,ある期間に実質国内総生産がどれだけ増減したかを百分率で示す指標。,なし,なし,経済成長率＝（当期実質GDP－前期実質GDP）÷前期実質GDP×100,%,なし,内閣府経済社会総合研究所「国民経済計算」,https://www.esri.cao.go.jp/jp/sna/menu.html,なし
政治・経済 Deck 1 公共・政治・経済の骨格,PE-000259,259,Deck 1・骨格,政治・経済,経済,国民経済,マクロ経済・金融・財政,一人当たり国内総生産,ひとりあたりこくないそうせいさん,一人当たりGDP,PE-000246,stable,該当なし,なし,PE-000259-C01,formula,基本式,一人当たり国内総生産の基本式を答えよ。,国内総生産÷人口,国内総生産÷人口｜GDP÷人口,国内総生産を人口で割り、平均的な経済規模を示す指標。,なし,なし,一人当たりGDP＝GDP÷人口,なし,なし,内閣府経済社会総合研究所「国民経済計算」,https://www.esri.cao.go.jp/jp/sna/menu.html,なし
政治・経済 Deck 1 公共・政治・経済の骨格,PE-000260,260,Deck 1・骨格,政治・経済,経済,国民経済,マクロ経済・金融・財政,ストック,すとっく,なし,なし,stable,該当なし,なし,PE-000260-C01,identify,資産・負債・人口など、一時点で測る残高。,次の説明に当てはまる用語は何か。資産・負債・人口など、一時点で測る残高。,ストック,ストック,資産・負債・人口など、一時点で測る残高。,フロー,ストックは一時点の残高、フローは一定期間の量。,なし,なし,なし,内閣府経済社会総合研究所「国民経済計算」,https://www.esri.cao.go.jp/jp/sna/menu.html,なし
政治・経済 Deck 1 公共・政治・経済の骨格,PE-000261,261,Deck 1・骨格,政治・経済,経済,国民経済,マクロ経済・金融・財政,フロー,ふろー,なし,PE-000260,stable,該当なし,なし,PE-000261-C01,identify,所得・消費・生産など、一定期間に生じた量。,次の説明に当てはまる用語は何か。所得・消費・生産など、一定期間に生じた量。,フロー,フロー,所得・消費・生産など、一定期間に生じた量。,ストック,フローは期間量、ストックは時点残高。,なし,なし,なし,内閣府経済社会総合研究所「国民経済計算」,https://www.esri.cao.go.jp/jp/sna/menu.html,なし
政治・経済 Deck 1 公共・政治・経済の骨格,PE-000262,262,Deck 1・骨格,政治・経済,経済,国民経済,マクロ経済・金融・財政,国富,こくふ,なし,なし,stable,該当なし,なし,PE-000262-C01,identify,国全体が保有する実物資産や対外純資産などの資産残高。,次の説明に当てはまる用語は何か。国全体が保有する実物資産や対外純資産などの資産残高。,国富,国富,国全体が保有する実物資産や対外純資産などの資産残高。,なし,なし,なし,なし,なし,内閣府経済社会総合研究所「国民経済計算」,https://www.esri.cao.go.jp/jp/sna/menu.html,なし
政治・経済 Deck 1 公共・政治・経済の骨格,PE-000263,263,Deck 1・骨格,政治・経済,経済,国民経済,マクロ経済・金融・財政,景気循環,けいきじゅんかん,なし,PE-000257,stable,該当なし,なし,PE-000263-C01,identify,経済活動が好況・後退・不況・回復を繰り返す変動。,次の説明に当てはまる用語は何か。経済活動が好況・後退・不況・回復を繰り返す変動。,景気循環,景気循環,経済活動が好況・後退・不況・回復を繰り返す変動。,なし,なし,なし,なし,なし,文部科学省「高等学校学習指導要領解説 公民編」,https://www.mext.go.jp/content/20211102-mxt_kyoiku02-100002620_04.pdf,なし
政治・経済 Deck 1 公共・政治・経済の骨格,PE-000264,264,Deck 1・骨格,政治・経済,経済,国民経済,マクロ経済・金融・財政,好況,こうきょう,なし,なし,stable,該当なし,なし,PE-000264-C01,identify,生産・所得・雇用などの経済活動が活発な景気局面。,次の説明に当てはまる用語は何か。生産・所得・雇用などの経済活動が活発な景気局面。,好況,好況,生産・所得・雇用などの経済活動が活発な景気局面。,なし,なし,なし,なし,なし,文部科学省「高等学校学習指導要領解説 公民編」,https://www.mext.go.jp/content/20211102-mxt_kyoiku02-100002620_04.pdf,なし
政治・経済 Deck 1 公共・政治・経済の骨格,PE-000265,265,Deck 1・骨格,政治・経済,経済,国民経済,マクロ経済・金融・財政,後退,こうたい,なし,なし,stable,該当なし,なし,PE-000265-C01,identify,景気の山から谷へ向けて経済活動が縮小する局面。,次の説明に当てはまる用語は何か。景気の山から谷へ向けて経済活動が縮小する局面。,後退,後退,景気の山から谷へ向けて経済活動が縮小する局面。,なし,なし,なし,なし,なし,文部科学省「高等学校学習指導要領解説 公民編」,https://www.mext.go.jp/content/20211102-mxt_kyoiku02-100002620_04.pdf,なし
政治・経済 Deck 1 公共・政治・経済の骨格,PE-000266,266,Deck 1・骨格,政治・経済,経済,国民経済,マクロ経済・金融・財政,不況,ふきょう,なし,なし,stable,該当なし,なし,PE-000266-C01,identify,生産・所得・雇用などの経済活動が低迷する景気局面。,次の説明に当てはまる用語は何か。生産・所得・雇用などの経済活動が低迷する景気局面。,不況,不況,生産・所得・雇用などの経済活動が低迷する景気局面。,なし,なし,なし,なし,なし,文部科学省「高等学校学習指導要領解説 公民編」,https://www.mext.go.jp/content/20211102-mxt_kyoiku02-100002620_04.pdf,なし
政治・経済 Deck 1 公共・政治・経済の骨格,PE-000267,267,Deck 1・骨格,政治・経済,経済,国民経済,マクロ経済・金融・財政,回復,かいふく,なし,なし,stable,該当なし,なし,PE-000267-C01,identify,景気の谷から山へ向けて経済活動が拡大する局面。,次の説明に当てはまる用語は何か。景気の谷から山へ向けて経済活動が拡大する局面。,回復,回復,景気の谷から山へ向けて経済活動が拡大する局面。,なし,なし,なし,なし,なし,文部科学省「高等学校学習指導要領解説 公民編」,https://www.mext.go.jp/content/20211102-mxt_kyoiku02-100002620_04.pdf,なし
政治・経済 Deck 1 公共・政治・経済の骨格,PE-000268,268,Deck 1・骨格,政治・経済,経済,国民経済,マクロ経済・金融・財政,インフレーション,いんふれーしょん,なし,なし,stable,該当なし,なし,PE-000268-C01,identify,一般物価水準が持続的に上昇し、貨幣価値が低下する現象。,次の説明に当てはまる用語は何か。一般物価水準が持続的に上昇し、貨幣価値が低下する現象。,インフレーション,インフレーション,一般物価水準が持続的に上昇し、貨幣価値が低下する現象。,デフレーション,インフレは物価の持続的上昇、デフレは持続的下落。,なし,なし,なし,文部科学省「高等学校学習指導要領解説 公民編」,https://www.mext.go.jp/content/20211102-mxt_kyoiku02-100002620_04.pdf,なし
政治・経済 Deck 1 公共・政治・経済の骨格,PE-000269,269,Deck 1・骨格,政治・経済,経済,国民経済,マクロ経済・金融・財政,デフレーション,でふれーしょん,なし,なし,stable,該当なし,なし,PE-000269-C01,identify,一般物価水準が持続的に下落し、貨幣価値が上昇する現象。,次の説明に当てはまる用語は何か。一般物価水準が持続的に下落し、貨幣価値が上昇する現象。,デフレーション,デフレーション,一般物価水準が持続的に下落し、貨幣価値が上昇する現象。,インフレーション,デフレは物価の持続的下落、インフレは持続的上昇。,なし,なし,なし,文部科学省「高等学校学習指導要領解説 公民編」,https://www.mext.go.jp/content/20211102-mxt_kyoiku02-100002620_04.pdf,なし
政治・経済 Deck 1 公共・政治・経済の骨格,PE-000270,270,Deck 1・骨格,政治・経済,経済,国民経済,マクロ経済・金融・財政,ディスインフレーション,でぃすいんふれーしょん,なし,なし,stable,該当なし,なし,PE-000270-C01,identify,物価は上昇しているが、上昇率が低下していく状態。,次の説明に当てはまる用語は何か。物価は上昇しているが、上昇率が低下していく状態。,ディスインフレーション,ディスインフレーション,物価は上昇しているが、上昇率が低下していく状態。,なし,なし,なし,なし,なし,文部科学省「高等学校学習指導要領解説 公民編」,https://www.mext.go.jp/content/20211102-mxt_kyoiku02-100002620_04.pdf,なし
政治・経済 Deck 1 公共・政治・経済の骨格,PE-000271,271,Deck 1・骨格,政治・経済,経済,国民経済,マクロ経済・金融・財政,スタグフレーション,すたぐふれーしょん,なし,PE-000268｜PE-000266,stable,該当なし,なし,PE-000271-C01,identify,景気停滞と物価上昇が同時に進む現象。,次の説明に当てはまる用語は何か。景気停滞と物価上昇が同時に進む現象。,スタグフレーション,スタグフレーション,景気停滞と物価上昇が同時に進む現象。,なし,なし,なし,なし,なし,文部科学省「高等学校学習指導要領解説 公民編」,https://www.mext.go.jp/content/20211102-mxt_kyoiku02-100002620_04.pdf,なし
政治・経済 Deck 1 公共・政治・経済の骨格,PE-000272,272,Deck 1・骨格,政治・経済,経済,国民経済,マクロ経済・金融・財政,消費者物価指数,しょうひしゃぶっかしすう,CPI,なし,stable,該当なし,なし,PE-000272-C01,identify,家計が購入する財・サービスの価格変動を総合的に測る指数。,次の説明に当てはまる用語は何か。家計が購入する財・サービスの価格変動を総合的に測る指数。,消費者物価指数,消費者物価指数｜CPI,家計が購入する財・サービスの価格変動を総合的に測る指数。,企業物価指数,CPIは家計購入段階、企業物価指数は企業間取引段階。,なし,なし,なし,総務省統計局「消費者物価指数」,https://www.stat.go.jp/data/cpi/,なし
政治・経済 Deck 1 公共・政治・経済の骨格,PE-000273,273,Deck 1・骨格,政治・経済,経済,国民経済,マクロ経済・金融・財政,企業物価指数,きぎょうぶっかしすう,CGPI,なし,stable,該当なし,なし,PE-000273-C01,identify,企業間で取引される財の価格変動を測る指数。,次の説明に当てはまる用語は何か。企業間で取引される財の価格変動を測る指数。,企業物価指数,企業物価指数｜CGPI,企業間で取引される財の価格変動を測る指数。,なし,なし,なし,なし,なし,日本銀行「教えて！にちぎん」,https://www.boj.or.jp/about/education/oshiete/,なし
政治・経済 Deck 1 公共・政治・経済の骨格,PE-000274,274,Deck 1・骨格,政治・経済,経済,国民経済,マクロ経済・金融・財政,失業率,しつぎょうりつ,なし,なし,stable,該当なし,なし,PE-000274-C01,formula,基本式,失業率の基本式を答えよ。,完全失業者数÷労働力人口×100,完全失業者数÷労働力人口×100｜完全失業者／労働力人口×100,労働力人口に占める完全失業者の割合。,なし,なし,失業率＝完全失業者数÷労働力人口×100,%,なし,総務省統計局「労働力調査」,https://www.stat.go.jp/data/roudou/,なし
政治・経済 Deck 1 公共・政治・経済の骨格,PE-000275,275,Deck 1・骨格,政治・経済,経済,国民経済,マクロ経済・金融・財政,完全失業者,かんぜんしつぎょうしゃ,なし,なし,stable,該当なし,なし,PE-000275-C01,identify,仕事がなく、仕事があればすぐ就け、求職活動をしている人。,次の説明に当てはまる用語は何か。仕事がなく、仕事があればすぐ就け、求職活動をしている人。,完全失業者,完全失業者,仕事がなく、仕事があればすぐ就け、求職活動をしている人。,なし,なし,なし,なし,なし,総務省統計局「労働力調査」,https://www.stat.go.jp/data/roudou/,なし
政治・経済 Deck 1 公共・政治・経済の骨格,PE-000276,276,Deck 1・骨格,政治・経済,経済,国民経済,マクロ経済・金融・財政,労働力人口,ろうどうりょくじんこう,なし,なし,stable,該当なし,なし,PE-000276-C01,identify,就業者と完全失業者を合わせた人口。,次の説明に当てはまる用語は何か。就業者と完全失業者を合わせた人口。,労働力人口,労働力人口,就業者と完全失業者を合わせた人口。,なし,なし,なし,なし,なし,総務省統計局「労働力調査」,https://www.stat.go.jp/data/roudou/,なし
政治・経済 Deck 1 公共・政治・経済の骨格,PE-000277,277,Deck 1・骨格,政治・経済,経済,国民経済,マクロ経済・金融・財政,非労働力人口,ひろうどうりょくじんこう,なし,なし,stable,該当なし,なし,PE-000277-C01,identify,15歳以上人口のうち、就業者でも完全失業者でもない人。,次の説明に当てはまる用語は何か。15歳以上人口のうち、就業者でも完全失業者でもない人。,非労働力人口,非労働力人口,15歳以上人口のうち、就業者でも完全失業者でもない人。,なし,なし,なし,なし,なし,総務省統計局「労働力調査」,https://www.stat.go.jp/data/roudou/,なし
政治・経済 Deck 1 公共・政治・経済の骨格,PE-000278,278,Deck 1・骨格,政治・経済,経済,国民経済,マクロ経済・金融・財政,有効求人倍率,ゆうこうきゅうじんばいりつ,なし,なし,stable,該当なし,なし,PE-000278-C01,formula,基本式,有効求人倍率の基本式を答えよ。,有効求人数÷有効求職者数,有効求人数÷有効求職者数｜有効求人／有効求職,公共職業安定所の有効求人数を有効求職者数で割った指標。,なし,なし,有効求人倍率＝有効求人数÷有効求職者数,倍,なし,厚生労働省「一般職業紹介状況」,https://www.mhlw.go.jp/toukei/list/114-1.html,なし
政治・経済 Deck 1 公共・政治・経済の骨格,PE-000279,279,Deck 1・骨格,政治・経済,経済,国民経済,マクロ経済・金融・財政,貨幣,かへい,なし,なし,stable,該当なし,なし,PE-000279-C01,identify,社会で広く受け入れられ、交換・価値尺度・価値保存に用いられるもの。,次の説明に当てはまる用語は何か。社会で広く受け入れられ、交換・価値尺度・価値保存に用いられるもの。,貨幣,貨幣,社会で広く受け入れられ、交換・価値尺度・価値保存に用いられるもの。,なし,なし,なし,なし,なし,日本銀行「教えて！にちぎん」,https://www.boj.or.jp/about/education/oshiete/,なし
政治・経済 Deck 1 公共・政治・経済の骨格,PE-000280,280,Deck 1・骨格,政治・経済,経済,国民経済,マクロ経済・金融・財政,貨幣の三機能,かへいのさんきのう,なし,なし,stable,該当なし,なし,PE-000280-C01,relation,三機能の列挙,貨幣の三機能を3つ答えよ。,交換手段・価値尺度・価値保存,交換手段・価値尺度・価値保存｜交換の媒介・価値尺度・価値保存,交換手段、価値尺度、価値保存の三つの機能。,なし,なし,なし,なし,交・尺・保,日本銀行「教えて！にちぎん」,https://www.boj.or.jp/about/education/oshiete/,なし
政治・経済 Deck 1 公共・政治・経済の骨格,PE-000281,281,Deck 1・骨格,政治・経済,経済,国民経済,マクロ経済・金融・財政,現金通貨,げんきんつうか,なし,なし,stable,該当なし,なし,PE-000281-C01,identify,中央銀行券と補助貨幣からなる、現物として流通する通貨。,次の説明に当てはまる用語は何か。中央銀行券と補助貨幣からなる、現物として流通する通貨。,現金通貨,現金通貨,中央銀行券と補助貨幣からなる、現物として流通する通貨。,預金通貨,現金通貨は紙幣・硬貨、預金通貨は決済に使える銀行預金。,なし,なし,なし,日本銀行「教えて！にちぎん」,https://www.boj.or.jp/about/education/oshiete/,なし
政治・経済 Deck 1 公共・政治・経済の骨格,PE-000282,282,Deck 1・骨格,政治・経済,経済,国民経済,マクロ経済・金融・財政,預金通貨,よきんつうか,なし,PE-000279,stable,該当なし,なし,PE-000282-C01,identify,銀行預金のうち、振込や小切手などで決済に使える通貨。,次の説明に当てはまる用語は何か。銀行預金のうち、振込や小切手などで決済に使える通貨。,預金通貨,預金通貨,銀行預金のうち、振込や小切手などで決済に使える通貨。,なし,なし,なし,なし,なし,日本銀行「教えて！にちぎん」,https://www.boj.or.jp/about/education/oshiete/,なし
政治・経済 Deck 1 公共・政治・経済の骨格,PE-000283,283,Deck 1・骨格,政治・経済,経済,国民経済,マクロ経済・金融・財政,信用創造,しんようそうぞう,なし,PE-000282,stable,該当なし,なし,PE-000283-C01,identify,銀行が預金の一部を貸し出し、その資金が再び預金される過程で預金通貨が増える仕組み。,次の説明に当てはまる用語は何か。銀行が預金の一部を貸し出し、その資金が再び預金される過程で預金通貨が増える仕組み。,信用創造,信用創造,銀行が預金の一部を貸し出し、その資金が再び預金される過程で預金通貨が増える仕組み。,なし,なし,なし,なし,なし,日本銀行「教えて！にちぎん」,https://www.boj.or.jp/about/education/oshiete/,なし
政治・経済 Deck 1 公共・政治・経済の骨格,PE-000284,284,Deck 1・骨格,政治・経済,経済,国民経済,マクロ経済・金融・財政,準備預金制度,じゅんびよきんせいど,なし,なし,stable,該当なし,準備預金制度に関する法律,PE-000284-C01,identify,対象金融機関に、受け入れた預金等の一定割合以上を日本銀行へ預けるよう義務付ける制度。,次の説明に当てはまる用語は何か。対象金融機関に、受け入れた預金等の一定割合以上を日本銀行へ預けるよう義務付ける制度。,準備預金制度,準備預金制度,対象金融機関に、受け入れた預金等の一定割合以上を日本銀行へ預けるよう義務付ける制度。,なし,なし,なし,なし,なし,日本銀行「準備預金制度とは何ですか」,https://www.boj.or.jp/about/education/oshiete/seisaku/b33.htm,なし
政治・経済 Deck 1 公共・政治・経済の骨格,PE-000285,285,Deck 1・骨格,政治・経済,経済,国民経済,マクロ経済・金融・財政,中央銀行,ちゅうおうぎんこう,なし,なし,stable,該当なし,なし,PE-000285-C01,identify,通貨発行、金融政策、金融機関間決済などを担う一国の中心的な銀行。,次の説明に当てはまる用語は何か。通貨発行、金融政策、金融機関間決済などを担う一国の中心的な銀行。,中央銀行,中央銀行,通貨発行、金融政策、金融機関間決済などを担う一国の中心的な銀行。,なし,なし,なし,なし,なし,日本銀行「教えて！にちぎん」,https://www.boj.or.jp/about/education/oshiete/,なし
政治・経済 Deck 1 公共・政治・経済の骨格,PE-000286,286,Deck 1・骨格,政治・経済,経済,国民経済,マクロ経済・金融・財政,日本銀行,にっぽんぎんこう,なし,PE-000285,stable,該当なし,日本銀行法第1条・第2条,PE-000286-C01,identify,物価の安定と金融システムの安定を目的とする日本の中央銀行。,次の説明に当てはまる用語は何か。物価の安定と金融システムの安定を目的とする日本の中央銀行。,日本銀行,日本銀行,物価の安定と金融システムの安定を目的とする日本の中央銀行。,なし,なし,なし,なし,なし,日本銀行「教えて！にちぎん」,https://www.boj.or.jp/about/education/oshiete/,なし
政治・経済 Deck 1 公共・政治・経済の骨格,PE-000287,287,Deck 1・骨格,政治・経済,経済,国民経済,マクロ経済・金融・財政,発券銀行,はっけんぎんこう,なし,なし,stable,該当なし,なし,PE-000287-C01,identify,中央銀行が銀行券を独占的に発行する役割。,次の説明に当てはまる用語は何か。中央銀行が銀行券を独占的に発行する役割。,発券銀行,発券銀行,中央銀行が銀行券を独占的に発行する役割。,なし,なし,なし,なし,なし,日本銀行「教えて！にちぎん」,https://www.boj.or.jp/about/education/oshiete/,なし
政治・経済 Deck 1 公共・政治・経済の骨格,PE-000288,288,Deck 1・骨格,政治・経済,経済,国民経済,マクロ経済・金融・財政,銀行の銀行,ぎんこうのぎんこう,なし,なし,stable,該当なし,なし,PE-000288-C01,identify,中央銀行が民間銀行から預金を受け、決済や資金供給を行う役割。,次の説明に当てはまる用語は何か。中央銀行が民間銀行から預金を受け、決済や資金供給を行う役割。,銀行の銀行,銀行の銀行,中央銀行が民間銀行から預金を受け、決済や資金供給を行う役割。,なし,なし,なし,なし,なし,日本銀行「教えて！にちぎん」,https://www.boj.or.jp/about/education/oshiete/,なし
政治・経済 Deck 1 公共・政治・経済の骨格,PE-000289,289,Deck 1・骨格,政治・経済,経済,国民経済,マクロ経済・金融・財政,政府の銀行,せいふのぎんこう,なし,なし,stable,該当なし,なし,PE-000289-C01,identify,中央銀行が国庫金の受払い、国債事務など政府の資金業務を扱う役割。,次の説明に当てはまる用語は何か。中央銀行が国庫金の受払い、国債事務など政府の資金業務を扱う役割。,政府の銀行,政府の銀行,中央銀行が国庫金の受払い、国債事務など政府の資金業務を扱う役割。,なし,なし,なし,なし,なし,日本銀行「教えて！にちぎん」,https://www.boj.or.jp/about/education/oshiete/,なし
政治・経済 Deck 1 公共・政治・経済の骨格,PE-000290,290,Deck 1・骨格,政治・経済,経済,国民経済,マクロ経済・金融・財政,金融政策,きんゆうせいさく,なし,PE-000286,stable,該当なし,日本銀行法第1条・第2条,PE-000290-C01,identify,中央銀行が金利や資金量に働きかけ、物価と経済の安定を図る政策。,次の説明に当てはまる用語は何か。中央銀行が金利や資金量に働きかけ、物価と経済の安定を図る政策。,金融政策,金融政策,中央銀行が金利や資金量に働きかけ、物価と経済の安定を図る政策。,財政政策,金融政策は中央銀行、財政政策は政府が担う。,なし,なし,なし,日本銀行「金融政策の概要」,https://www.boj.or.jp/mopo/outline/index.htm,なし
政治・経済 Deck 1 公共・政治・経済の骨格,PE-000291,291,Deck 1・骨格,政治・経済,経済,国民経済,マクロ経済・金融・財政,公開市場操作,こうかいしじょうそうさ,オペレーション｜オペ,PE-000290,stable,該当なし,なし,PE-000291-C01,identify,中央銀行が金融市場で国債などを売買し、資金量や金利に働きかける政策手段。,次の説明に当てはまる用語は何か。中央銀行が金融市場で国債などを売買し、資金量や金利に働きかける政策手段。,公開市場操作,公開市場操作｜オペレーション｜オペ,中央銀行が金融市場で国債などを売買し、資金量や金利に働きかける政策手段。,なし,なし,なし,なし,なし,日本銀行「金融政策の概要」,https://www.boj.or.jp/mopo/outline/index.htm,なし
政治・経済 Deck 1 公共・政治・経済の骨格,PE-000292,292,Deck 1・骨格,政治・経済,経済,国民経済,マクロ経済・金融・財政,買いオペレーション,かいおぺれーしょん,買いオペ,PE-000291,stable,該当なし,なし,PE-000292-C01,relation,市場資金への作用,ほかの条件が一定のとき、日本銀行の買いオペレーションは金融市場へ資金を供給するか、吸収するか。,供給する,供給する｜資金を供給する,中央銀行が金融機関から国債などを買い、金融市場へ資金を供給する操作。,売りオペレーション,買いオペは資金供給、売りオペは資金吸収。,なし,なし,なし,日本銀行「金融政策の概要」,https://www.boj.or.jp/mopo/outline/index.htm,なし
政治・経済 Deck 1 公共・政治・経済の骨格,PE-000293,293,Deck 1・骨格,政治・経済,経済,国民経済,マクロ経済・金融・財政,売りオペレーション,うりおぺれーしょん,売りオペ,PE-000291,stable,該当なし,なし,PE-000293-C01,relation,市場資金への作用,ほかの条件が一定のとき、日本銀行の売りオペレーションは金融市場へ資金を供給するか、吸収するか。,吸収する,吸収する｜資金を吸収する,中央銀行が金融機関へ国債などを売り、金融市場から資金を吸収する操作。,買いオペレーション,売りオペは資金吸収、買いオペは資金供給。,なし,なし,なし,日本銀行「金融政策の概要」,https://www.boj.or.jp/mopo/outline/index.htm,なし
政治・経済 Deck 1 公共・政治・経済の骨格,PE-000294,294,Deck 1・骨格,政治・経済,経済,国民経済,マクロ経済・金融・財政,政策金利,せいさくきんり,なし,なし,stable,該当なし,なし,PE-000294-C01,identify,中央銀行が金融政策を運営する際に誘導・設定する基準的な金利。,次の説明に当てはまる用語は何か。中央銀行が金融政策を運営する際に誘導・設定する基準的な金利。,政策金利,政策金利,中央銀行が金融政策を運営する際に誘導・設定する基準的な金利。,なし,なし,なし,なし,なし,日本銀行「金融政策の概要」,https://www.boj.or.jp/mopo/outline/index.htm,なし
政治・経済 Deck 1 公共・政治・経済の骨格,PE-000295,295,Deck 1・骨格,政治・経済,経済,国民経済,マクロ経済・金融・財政,金融緩和,きんゆうかんわ,なし,PE-000290,stable,該当なし,なし,PE-000295-C01,identify,金利低下や資金供給の増加を通じて、借入・投資・消費を促す金融政策。,次の説明に当てはまる用語は何か。金利低下や資金供給の増加を通じて、借入・投資・消費を促す金融政策。,金融緩和,金融緩和,金利低下や資金供給の増加を通じて、借入・投資・消費を促す金融政策。,なし,なし,なし,なし,なし,日本銀行「金融政策の概要」,https://www.boj.or.jp/mopo/outline/index.htm,なし
政治・経済 Deck 1 公共・政治・経済の骨格,PE-000296,296,Deck 1・骨格,政治・経済,経済,国民経済,マクロ経済・金融・財政,金融引締め,きんゆうひきしめ,なし,PE-000290,stable,該当なし,なし,PE-000296-C01,identify,金利上昇や資金供給の抑制を通じて、過熱や物価上昇を抑える金融政策。,次の説明に当てはまる用語は何か。金利上昇や資金供給の抑制を通じて、過熱や物価上昇を抑える金融政策。,金融引締め,金融引締め,金利上昇や資金供給の抑制を通じて、過熱や物価上昇を抑える金融政策。,なし,なし,なし,なし,なし,日本銀行「金融政策の概要」,https://www.boj.or.jp/mopo/outline/index.htm,なし
政治・経済 Deck 1 公共・政治・経済の骨格,PE-000297,297,Deck 1・骨格,政治・経済,経済,国民経済,マクロ経済・金融・財政,最後の貸し手,さいごのかして,なし,なし,stable,該当なし,なし,PE-000297-C01,identify,金融危機時に中央銀行が一時的な資金不足の金融機関へ資金を供給する機能。,次の説明に当てはまる用語は何か。金融危機時に中央銀行が一時的な資金不足の金融機関へ資金を供給する機能。,最後の貸し手,最後の貸し手,金融危機時に中央銀行が一時的な資金不足の金融機関へ資金を供給する機能。,なし,なし,なし,なし,なし,日本銀行「教えて！にちぎん」,https://www.boj.or.jp/about/education/oshiete/,なし
政治・経済 Deck 1 公共・政治・経済の骨格,PE-000298,298,Deck 1・骨格,政治・経済,経済,国民経済,マクロ経済・金融・財政,金利,きんり,なし,なし,stable,該当なし,なし,PE-000298-C01,identify,資金の貸借に対して支払われる利子の元金に対する割合。,次の説明に当てはまる用語は何か。資金の貸借に対して支払われる利子の元金に対する割合。,金利,金利,資金の貸借に対して支払われる利子の元金に対する割合。,なし,なし,なし,なし,なし,日本銀行「教えて！にちぎん」,https://www.boj.or.jp/about/education/oshiete/,なし
政治・経済 Deck 1 公共・政治・経済の骨格,PE-000299,299,Deck 1・骨格,政治・経済,経済,国民経済,マクロ経済・金融・財政,名目金利,めいもくきんり,なし,なし,stable,該当なし,なし,PE-000299-C01,identify,物価変動を調整していない、表示された金利。,次の説明に当てはまる用語は何か。物価変動を調整していない、表示された金利。,名目金利,名目金利,物価変動を調整していない、表示された金利。,なし,なし,なし,なし,なし,日本銀行「教えて！にちぎん」,https://www.boj.or.jp/about/education/oshiete/,なし
政治・経済 Deck 1 公共・政治・経済の骨格,PE-000300,300,Deck 1・骨格,政治・経済,経済,国民経済,マクロ経済・金融・財政,実質金利,じっしつきんり,なし,PE-000299,stable,該当なし,なし,PE-000300-C01,formula,近似式,実質金利の近似式を答えよ。,名目金利－予想インフレ率,名目金利－予想インフレ率｜名目金利－予想物価上昇率,名目金利から予想インフレ率を差し引いた実質的な金利。,なし,なし,実質金利≒名目金利－予想インフレ率,%,なし,日本銀行「教えて！にちぎん」,https://www.boj.or.jp/about/education/oshiete/,なし
政治・経済 Deck 1 公共・政治・経済の骨格,PE-000301,301,Deck 1・骨格,政治・経済,経済,国民経済,マクロ経済・金融・財政,債券,さいけん,なし,なし,stable,該当なし,なし,PE-000301-C01,identify,国や企業などが資金を借り入れ、利子と元本の返済を約束して発行する証券。,次の説明に当てはまる用語は何か。国や企業などが資金を借り入れ、利子と元本の返済を約束して発行する証券。,債券,債券,国や企業などが資金を借り入れ、利子と元本の返済を約束して発行する証券。,株式,債券は借入証券、株式は出資持分。,なし,なし,なし,日本銀行「教えて！にちぎん」,https://www.boj.or.jp/about/education/oshiete/,なし
政治・経済 Deck 1 公共・政治・経済の骨格,PE-000302,302,Deck 1・骨格,政治・経済,経済,国民経済,マクロ経済・金融・財政,株式,かぶしき,なし,なし,stable,該当なし,なし,PE-000302-C01,identify,株式会社への出資持分を表し、株主としての権利を与える証券。,次の説明に当てはまる用語は何か。株式会社への出資持分を表し、株主としての権利を与える証券。,株式,株式,株式会社への出資持分を表し、株主としての権利を与える証券。,なし,なし,なし,なし,なし,日本銀行「教えて！にちぎん」,https://www.boj.or.jp/about/education/oshiete/,なし
政治・経済 Deck 1 公共・政治・経済の骨格,PE-000303,303,Deck 1・骨格,政治・経済,経済,国民経済,マクロ経済・金融・財政,直接金融,ちょくせつきんゆう,なし,PE-000301｜PE-000302,stable,該当なし,なし,PE-000303-C01,identify,企業などが株式・債券を発行し、資金供給者から直接資金を調達する方法。,次の説明に当てはまる用語は何か。企業などが株式・債券を発行し、資金供給者から直接資金を調達する方法。,直接金融,直接金融,企業などが株式・債券を発行し、資金供給者から直接資金を調達する方法。,間接金融,直接金融は証券を通じ資金供給者と需要者が直接結び付く。,なし,なし,なし,日本銀行「教えて！にちぎん」,https://www.boj.or.jp/about/education/oshiete/,なし
政治・経済 Deck 1 公共・政治・経済の骨格,PE-000304,304,Deck 1・骨格,政治・経済,経済,国民経済,マクロ経済・金融・財政,間接金融,かんせつきんゆう,なし,なし,stable,該当なし,なし,PE-000304-C01,identify,銀行などの金融機関が預金を集め、資金需要者へ貸し出す方法。,次の説明に当てはまる用語は何か。銀行などの金融機関が預金を集め、資金需要者へ貸し出す方法。,間接金融,間接金融,銀行などの金融機関が預金を集め、資金需要者へ貸し出す方法。,直接金融,間接金融は銀行などが資金を仲介する。,なし,なし,なし,日本銀行「教えて！にちぎん」,https://www.boj.or.jp/about/education/oshiete/,なし
政治・経済 Deck 1 公共・政治・経済の骨格,PE-000305,305,Deck 1・骨格,政治・経済,経済,国民経済,マクロ経済・金融・財政,財政,ざいせい,なし,なし,stable,該当なし,なし,PE-000305-C01,identify,政府が租税や公債で収入を得て、公共サービスなどへ支出する経済活動。,次の説明に当てはまる用語は何か。政府が租税や公債で収入を得て、公共サービスなどへ支出する経済活動。,財政,財政,政府が租税や公債で収入を得て、公共サービスなどへ支出する経済活動。,なし,なし,なし,なし,なし,財務省「予算・決算」,https://www.mof.go.jp/policy/budget/,なし
政治・経済 Deck 1 公共・政治・経済の骨格,PE-000306,306,Deck 1・骨格,政治・経済,経済,国民経済,マクロ経済・金融・財政,財政政策,ざいせいせいさく,なし,PE-000305,stable,該当なし,なし,PE-000306-C01,identify,政府が歳出や租税を変え、景気・雇用・所得分配などに働きかける政策。,次の説明に当てはまる用語は何か。政府が歳出や租税を変え、景気・雇用・所得分配などに働きかける政策。,財政政策,財政政策,政府が歳出や租税を変え、景気・雇用・所得分配などに働きかける政策。,なし,なし,なし,なし,なし,財務省「予算・決算」,https://www.mof.go.jp/policy/budget/,なし
政治・経済 Deck 1 公共・政治・経済の骨格,PE-000307,307,Deck 1・骨格,政治・経済,経済,国民経済,マクロ経済・金融・財政,予算,よさん,なし,なし,stable,該当なし,日本国憲法第83条～第86条・財政法,PE-000307-C01,identify,一会計年度における国の収入と支出の見積り・計画。,次の説明に当てはまる用語は何か。一会計年度における国の収入と支出の見積り・計画。,予算,予算,一会計年度における国の収入と支出の見積り・計画。,なし,なし,なし,なし,なし,財務省「予算・決算」,https://www.mof.go.jp/policy/budget/,なし
政治・経済 Deck 1 公共・政治・経済の骨格,PE-000308,308,Deck 1・骨格,政治・経済,経済,国民経済,マクロ経済・金融・財政,一般会計,いっぱんかいけい,なし,PE-000307,stable,該当なし,なし,PE-000308-C01,identify,国の基本的な行政に必要な歳入・歳出を一体的に扱う会計。,次の説明に当てはまる用語は何か。国の基本的な行政に必要な歳入・歳出を一体的に扱う会計。,一般会計,一般会計,国の基本的な行政に必要な歳入・歳出を一体的に扱う会計。,なし,なし,なし,なし,なし,財務省「予算・決算」,https://www.mof.go.jp/policy/budget/,なし
政治・経済 Deck 1 公共・政治・経済の骨格,PE-000309,309,Deck 1・骨格,政治・経済,経済,国民経済,マクロ経済・金融・財政,特別会計,とくべつかいけい,なし,PE-000307,stable,該当なし,なし,PE-000309-C01,identify,特定の事業や資金を一般会計と区分し、個別に経理する会計。,次の説明に当てはまる用語は何か。特定の事業や資金を一般会計と区分し、個別に経理する会計。,特別会計,特別会計,特定の事業や資金を一般会計と区分し、個別に経理する会計。,なし,なし,なし,なし,なし,財務省「予算・決算」,https://www.mof.go.jp/policy/budget/,なし
政治・経済 Deck 1 公共・政治・経済の骨格,PE-000310,310,Deck 1・骨格,政治・経済,経済,国民経済,マクロ経済・金融・財政,租税,そぜい,なし,なし,stable,該当なし,なし,PE-000310-C01,identify,国や地方公共団体が公共サービスの財源として、法律・条例に基づき強制的に徴収する金銭。,次の説明に当てはまる用語は何か。国や地方公共団体が公共サービスの財源として、法律・条例に基づき強制的に徴収する金銭。,租税,租税,国や地方公共団体が公共サービスの財源として、法律・条例に基づき強制的に徴収する金銭。,なし,なし,なし,なし,なし,財務省「税制」,https://www.mof.go.jp/tax_policy/summary/,なし
政治・経済 Deck 1 公共・政治・経済の骨格,PE-000311,311,Deck 1・骨格,政治・経済,経済,国民経済,マクロ経済・金融・財政,直接税,ちょくせつぜい,なし,PE-000310,stable,該当なし,なし,PE-000311-C01,identify,法律上の納税者と実際の負担者が原則として同じ税。,次の説明に当てはまる用語は何か。法律上の納税者と実際の負担者が原則として同じ税。,直接税,直接税,法律上の納税者と実際の負担者が原則として同じ税。,間接税,直接税は納税者と負担者が原則同じ、間接税は異なり得る。,なし,なし,なし,財務省「税制」,https://www.mof.go.jp/tax_policy/summary/,なし
政治・経済 Deck 1 公共・政治・経済の骨格,PE-000312,312,Deck 1・骨格,政治・経済,経済,国民経済,マクロ経済・金融・財政,間接税,かんせつぜい,なし,PE-000310,stable,該当なし,なし,PE-000312-C01,identify,法律上の納税者から別の人へ税負担が転嫁され得る税。,次の説明に当てはまる用語は何か。法律上の納税者から別の人へ税負担が転嫁され得る税。,間接税,間接税,法律上の納税者から別の人へ税負担が転嫁され得る税。,直接税,間接税は納税者から他者へ負担が転嫁され得る。,なし,なし,なし,財務省「税制」,https://www.mof.go.jp/tax_policy/summary/,なし
政治・経済 Deck 1 公共・政治・経済の骨格,PE-000313,313,Deck 1・骨格,政治・経済,経済,国民経済,マクロ経済・金融・財政,累進課税,るいしんかぜい,なし,PE-000311,stable,該当なし,なし,PE-000313-C01,identify,課税対象の所得などが増えるほど、適用される税率が高くなる仕組み。,次の説明に当てはまる用語は何か。課税対象の所得などが増えるほど、適用される税率が高くなる仕組み。,累進課税,累進課税,課税対象の所得などが増えるほど、適用される税率が高くなる仕組み。,なし,なし,なし,なし,なし,財務省「税制」,https://www.mof.go.jp/tax_policy/summary/,累進=るいしん
政治・経済 Deck 1 公共・政治・経済の骨格,PE-000314,314,Deck 1・骨格,政治・経済,経済,国民経済,マクロ経済・金融・財政,所得税,しょとくぜい,なし,PE-000311,stable,該当なし,なし,PE-000314-C01,identify,個人の所得に対して課される国税。,次の説明に当てはまる用語は何か。個人の所得に対して課される国税。,所得税,所得税,個人の所得に対して課される国税。,なし,なし,なし,なし,なし,財務省「税制」,https://www.mof.go.jp/tax_policy/summary/,なし
政治・経済 Deck 1 公共・政治・経済の骨格,PE-000315,315,Deck 1・骨格,政治・経済,経済,国民経済,マクロ経済・金融・財政,消費税,しょうひぜい,なし,PE-000312,stable,該当なし,なし,PE-000315-C01,identify,財・サービスの消費に広く負担を求め、事業者が納付する間接税。,次の説明に当てはまる用語は何か。財・サービスの消費に広く負担を求め、事業者が納付する間接税。,消費税,消費税,財・サービスの消費に広く負担を求め、事業者が納付する間接税。,なし,なし,なし,なし,なし,財務省「税制」,https://www.mof.go.jp/tax_policy/summary/,なし
政治・経済 Deck 1 公共・政治・経済の骨格,PE-000316,316,Deck 1・骨格,政治・経済,経済,国民経済,マクロ経済・金融・財政,国債,こくさい,なし,PE-000305,stable,該当なし,財政法・特例公債法等,PE-000316-C01,identify,国が財政資金を調達するために発行する債券。,次の説明に当てはまる用語は何か。国が財政資金を調達するために発行する債券。,国債,国債,国が財政資金を調達するために発行する債券。,なし,なし,なし,なし,なし,財務省「予算・決算」,https://www.mof.go.jp/policy/budget/,国債=こくさい
政治・経済 Deck 1 公共・政治・経済の骨格,PE-000317,317,Deck 1・骨格,政治・経済,経済,国民経済,マクロ経済・金融・財政,プライマリーバランス,ぷらいまりーばらんす,基礎的財政収支｜PB,PE-000305,stable,該当なし,なし,PE-000317-C01,formula,基本式,一般会計のプライマリーバランスを簡便に表す基本式を答えよ。,国債発行収入を除く歳入－国債の元利払いを除く歳出,国債発行収入を除く歳入－国債の元利払いを除く歳出｜税収等－国債費を除く歳出,国債の元利払いを除く歳出と、国債発行収入を除く歳入の収支。,なし,なし,PB＝国債発行収入を除く歳入－国債の元利払いを除く歳出,なし,なし,財務省「財政に関する資料」,https://www.mof.go.jp/tax_policy/summary/condition/a02.htm,なし
政治・経済 Deck 1 公共・政治・経済の骨格,PE-000318,318,Deck 1・骨格,両方,複合,現代社会の課題,労働・社会保障・消費者・環境,労働三法,ろうどうさんぽう,なし,PE-000072,stable,該当なし,なし,PE-000318-C01,relation,三法の列挙,労働三法を3つ答えよ。,労働基準法・労働組合法・労働関係調整法,労働基準法・労働組合法・労働関係調整法｜労基法・労組法・労調法,労働基準法・労働組合法・労働関係調整法の三つをまとめた呼称。,なし,なし,なし,なし,なし,厚生労働省「労働法の基礎」,https://www.mhlw.go.jp/stf/seisakunitsuite/bunya/koyou_roudou/roudouzenpan/labor_education.html,なし
政治・経済 Deck 1 公共・政治・経済の骨格,PE-000319,319,Deck 1・骨格,両方,複合,現代社会の課題,労働・社会保障・消費者・環境,労働基準法,ろうどうきじゅんほう,なし,なし,law_as_of_date,2026-08-22,労働基準法,PE-000319-C01,identify,労働条件の最低基準を定め、労働者を保護する法律。,2026年8月22日時点で、次の説明に当てはまる用語は何か。労働条件の最低基準を定め、労働者を保護する法律。,労働基準法,労働基準法,労働条件の最低基準を定め、労働者を保護する法律。,なし,なし,なし,なし,なし,e-Gov法令検索「労働基準法」,https://elaws.e-gov.go.jp/document?lawid=322AC0000000049,なし
政治・経済 Deck 1 公共・政治・経済の骨格,PE-000320,320,Deck 1・骨格,両方,複合,現代社会の課題,労働・社会保障・消費者・環境,労働組合法,ろうどうくみあいほう,なし,なし,law_as_of_date,2026-08-22,労働組合法,PE-000320-C01,identify,労働者の団結権・団体交渉権・団体行動権を具体的に保障する法律。,2026年8月22日時点で、次の説明に当てはまる用語は何か。労働者の団結権・団体交渉権・団体行動権を具体的に保障する法律。,労働組合法,労働組合法,労働者の団結権・団体交渉権・団体行動権を具体的に保障する法律。,なし,なし,なし,なし,なし,e-Gov法令検索「労働組合法」,https://elaws.e-gov.go.jp/document?lawid=324AC0000000174,なし
政治・経済 Deck 1 公共・政治・経済の骨格,PE-000321,321,Deck 1・骨格,両方,複合,現代社会の課題,労働・社会保障・消費者・環境,労働関係調整法,ろうどうかんけいちょうせいほう,なし,なし,law_as_of_date,2026-08-22,労働関係調整法,PE-000321-C01,identify,あっせん・調停・仲裁などにより労働争議の予防・解決を図る法律。,2026年8月22日時点で、次の説明に当てはまる用語は何か。あっせん・調停・仲裁などにより労働争議の予防・解決を図る法律。,労働関係調整法,労働関係調整法,あっせん・調停・仲裁などにより労働争議の予防・解決を図る法律。,なし,なし,なし,なし,なし,e-Gov法令検索「労働関係調整法」,https://elaws.e-gov.go.jp/document?lawid=321AC0000000025,なし
政治・経済 Deck 1 公共・政治・経済の骨格,PE-000322,322,Deck 1・骨格,両方,複合,現代社会の課題,労働・社会保障・消費者・環境,労働組合,ろうどうくみあい,なし,PE-000073,stable,該当なし,なし,PE-000322-C01,identify,労働者が労働条件の維持・改善などを主目的として自主的に組織する団体。,次の説明に当てはまる用語は何か。労働者が労働条件の維持・改善などを主目的として自主的に組織する団体。,労働組合,労働組合,労働者が労働条件の維持・改善などを主目的として自主的に組織する団体。,なし,なし,なし,なし,なし,厚生労働省「労働法の基礎」,https://www.mhlw.go.jp/stf/seisakunitsuite/bunya/koyou_roudou/roudouzenpan/labor_education.html,なし
政治・経済 Deck 1 公共・政治・経済の骨格,PE-000323,323,Deck 1・骨格,両方,複合,現代社会の課題,労働・社会保障・消費者・環境,不当労働行為,ふとうろうどうこうい,なし,PE-000320,law_as_of_date,2026-08-22,労働組合法第7条,PE-000323-C01,identify,労働組合への加入を理由とする不利益取扱いや団体交渉拒否など、使用者に禁じられた行為。,2026年8月22日時点で、次の説明に当てはまる用語は何か。労働組合への加入を理由とする不利益取扱いや団体交渉拒否など、使用者に禁じられた行為。,不当労働行為,不当労働行為,労働組合への加入を理由とする不利益取扱いや団体交渉拒否など、使用者に禁じられた行為。,なし,なし,なし,なし,なし,e-Gov法令検索「労働組合法」,https://elaws.e-gov.go.jp/document?lawid=324AC0000000174,不当=ふとう
政治・経済 Deck 1 公共・政治・経済の骨格,PE-000324,324,Deck 1・骨格,両方,複合,現代社会の課題,労働・社会保障・消費者・環境,最低賃金,さいていちんぎん,なし,なし,stable,該当なし,なし,PE-000324-C01,identify,使用者が労働者へ支払わなければならない賃金の最低額。,次の説明に当てはまる用語は何か。使用者が労働者へ支払わなければならない賃金の最低額。,最低賃金,最低賃金,使用者が労働者へ支払わなければならない賃金の最低額。,なし,なし,なし,なし,なし,厚生労働省「労働法の基礎」,https://www.mhlw.go.jp/stf/seisakunitsuite/bunya/koyou_roudou/roudouzenpan/labor_education.html,なし
政治・経済 Deck 1 公共・政治・経済の骨格,PE-000325,325,Deck 1・骨格,両方,複合,現代社会の課題,労働・社会保障・消費者・環境,同一労働同一賃金,どういつろうどうどういつちんぎん,なし,なし,stable,該当なし,なし,PE-000325-C01,identify,同じ企業内で、雇用形態だけを理由とする不合理な待遇差をなくす考え方。,次の説明に当てはまる用語は何か。同じ企業内で、雇用形態だけを理由とする不合理な待遇差をなくす考え方。,同一労働同一賃金,同一労働同一賃金,同じ企業内で、雇用形態だけを理由とする不合理な待遇差をなくす考え方。,なし,なし,なし,なし,なし,厚生労働省「労働法の基礎」,https://www.mhlw.go.jp/stf/seisakunitsuite/bunya/koyou_roudou/roudouzenpan/labor_education.html,なし
政治・経済 Deck 1 公共・政治・経済の骨格,PE-000326,326,Deck 1・骨格,両方,複合,現代社会の課題,労働・社会保障・消費者・環境,社会保障,しゃかいほしょう,なし,なし,stable,該当なし,なし,PE-000326-C01,identify,病気・失業・老齢・貧困などの生活上のリスクに対し、社会全体で生活を支える制度。,次の説明に当てはまる用語は何か。病気・失業・老齢・貧困などの生活上のリスクに対し、社会全体で生活を支える制度。,社会保障,社会保障,病気・失業・老齢・貧困などの生活上のリスクに対し、社会全体で生活を支える制度。,なし,なし,なし,なし,なし,厚生労働省「社会保障とは何か」,https://www.mhlw.go.jp/stf/newpage_21479.html,なし
政治・経済 Deck 1 公共・政治・経済の骨格,PE-000327,327,Deck 1・骨格,両方,複合,現代社会の課題,労働・社会保障・消費者・環境,社会保険,しゃかいほけん,なし,PE-000326,stable,該当なし,なし,PE-000327-C01,identify,保険料を主な財源とし、病気・老齢・失業・介護などのリスクに給付を行う制度。,次の説明に当てはまる用語は何か。保険料を主な財源とし、病気・老齢・失業・介護などのリスクに給付を行う制度。,社会保険,社会保険,保険料を主な財源とし、病気・老齢・失業・介護などのリスクに給付を行う制度。,公的扶助,社会保険は保険料中心、公的扶助は公費と資力調査が基本。,なし,なし,なし,厚生労働省「社会保障とは何か」,https://www.mhlw.go.jp/stf/newpage_21479.html,なし
政治・経済 Deck 1 公共・政治・経済の骨格,PE-000328,328,Deck 1・骨格,両方,複合,現代社会の課題,労働・社会保障・消費者・環境,公的扶助,こうてきふじょ,なし,PE-000326,stable,該当なし,なし,PE-000328-C01,identify,資力調査などに基づき、公費で最低生活を保障し自立を助ける制度。,次の説明に当てはまる用語は何か。資力調査などに基づき、公費で最低生活を保障し自立を助ける制度。,公的扶助,公的扶助,資力調査などに基づき、公費で最低生活を保障し自立を助ける制度。,なし,なし,なし,なし,なし,厚生労働省「社会保障とは何か」,https://www.mhlw.go.jp/stf/newpage_21479.html,なし
政治・経済 Deck 1 公共・政治・経済の骨格,PE-000329,329,Deck 1・骨格,両方,複合,現代社会の課題,労働・社会保障・消費者・環境,社会福祉,しゃかいふくし,なし,PE-000326,stable,該当なし,なし,PE-000329-C01,identify,高齢者・障害者・児童などが安定した社会生活を送れるようサービスや支援を行う制度。,次の説明に当てはまる用語は何か。高齢者・障害者・児童などが安定した社会生活を送れるようサービスや支援を行う制度。,社会福祉,社会福祉,高齢者・障害者・児童などが安定した社会生活を送れるようサービスや支援を行う制度。,なし,なし,なし,なし,なし,厚生労働省「社会保障とは何か」,https://www.mhlw.go.jp/stf/newpage_21479.html,なし
政治・経済 Deck 1 公共・政治・経済の骨格,PE-000330,330,Deck 1・骨格,両方,複合,現代社会の課題,労働・社会保障・消費者・環境,公衆衛生,こうしゅうえいせい,なし,PE-000326,stable,該当なし,なし,PE-000330-C01,identify,感染症対策、健康増進、食品安全などにより社会全体の健康を守る活動。,次の説明に当てはまる用語は何か。感染症対策、健康増進、食品安全などにより社会全体の健康を守る活動。,公衆衛生,公衆衛生,感染症対策、健康増進、食品安全などにより社会全体の健康を守る活動。,なし,なし,なし,なし,なし,厚生労働省「社会保障とは何か」,https://www.mhlw.go.jp/stf/newpage_21479.html,なし
政治・経済 Deck 1 公共・政治・経済の骨格,PE-000331,331,Deck 1・骨格,両方,複合,現代社会の課題,労働・社会保障・消費者・環境,国民皆保険,こくみんかいほけん,なし,なし,system_as_of_date,2026-08-22,なし,PE-000331-C01,identify,原則としてすべての国民が公的医療保険のいずれかに加入する仕組み。,2026年8月22日時点で、次の説明に当てはまる用語は何か。原則としてすべての国民が公的医療保険のいずれかに加入する仕組み。,国民皆保険,国民皆保険,原則としてすべての国民が公的医療保険のいずれかに加入する仕組み。,なし,なし,なし,なし,なし,厚生労働省「社会保障とは何か」,https://www.mhlw.go.jp/stf/newpage_21479.html,なし
政治・経済 Deck 1 公共・政治・経済の骨格,PE-000332,332,Deck 1・骨格,両方,複合,現代社会の課題,労働・社会保障・消費者・環境,国民皆年金,こくみんかいねんきん,なし,なし,system_as_of_date,2026-08-22,なし,PE-000332-C01,identify,原則としてすべての国民が公的年金制度の対象となる仕組み。,2026年8月22日時点で、次の説明に当てはまる用語は何か。原則としてすべての国民が公的年金制度の対象となる仕組み。,国民皆年金,国民皆年金,原則としてすべての国民が公的年金制度の対象となる仕組み。,なし,なし,なし,なし,なし,厚生労働省「社会保障とは何か」,https://www.mhlw.go.jp/stf/newpage_21479.html,なし
政治・経済 Deck 1 公共・政治・経済の骨格,PE-000333,333,Deck 1・骨格,両方,複合,現代社会の課題,労働・社会保障・消費者・環境,少子高齢化,しょうしこうれいか,なし,なし,stable,該当なし,なし,PE-000333-C01,identify,出生数・出生率の低下と、高齢者人口割合の上昇が同時に進む現象。,次の説明に当てはまる用語は何か。出生数・出生率の低下と、高齢者人口割合の上昇が同時に進む現象。,少子高齢化,少子高齢化,出生数・出生率の低下と、高齢者人口割合の上昇が同時に進む現象。,なし,なし,なし,なし,なし,厚生労働省「社会保障とは何か」,https://www.mhlw.go.jp/stf/newpage_21479.html,なし
政治・経済 Deck 1 公共・政治・経済の骨格,PE-000334,334,Deck 1・骨格,両方,複合,現代社会の課題,労働・社会保障・消費者・環境,消費者主権,しょうひしゃしゅけん,なし,なし,stable,該当なし,なし,PE-000334-C01,identify,消費者の選択が市場の生産内容を方向付けるという考え。,次の説明に当てはまる用語は何か。消費者の選択が市場の生産内容を方向付けるという考え。,消費者主権,消費者主権,消費者の選択が市場の生産内容を方向付けるという考え。,なし,なし,なし,なし,なし,文部科学省「高等学校学習指導要領解説 公民編」,https://www.mext.go.jp/content/20211102-mxt_kyoiku02-100002620_04.pdf,なし
政治・経済 Deck 1 公共・政治・経済の骨格,PE-000335,335,Deck 1・骨格,両方,複合,現代社会の課題,労働・社会保障・消費者・環境,消費者基本法,しょうひしゃきほんほう,なし,なし,law_as_of_date,2026-08-22,消費者基本法,PE-000335-C01,identify,消費者の権利の尊重と自立支援を基本理念として、消費者政策の枠組みを定める法律。,2026年8月22日時点で、次の説明に当てはまる用語は何か。消費者の権利の尊重と自立支援を基本理念として、消費者政策の枠組みを定める法律。,消費者基本法,消費者基本法,消費者の権利の尊重と自立支援を基本理念として、消費者政策の枠組みを定める法律。,なし,なし,なし,なし,なし,e-Gov法令検索「消費者基本法」,https://elaws.e-gov.go.jp/document?lawid=343AC0000000078,なし
政治・経済 Deck 1 公共・政治・経済の骨格,PE-000336,336,Deck 1・骨格,両方,複合,現代社会の課題,労働・社会保障・消費者・環境,消費者契約法,しょうひしゃけいやくほう,なし,PE-000335,law_as_of_date,2026-08-22,消費者契約法,PE-000336-C01,identify,不当な勧誘による契約の取消しや不当な契約条項の無効などを定める法律。,2026年8月22日時点で、次の説明に当てはまる用語は何か。不当な勧誘による契約の取消しや不当な契約条項の無効などを定める法律。,消費者契約法,消費者契約法,不当な勧誘による契約の取消しや不当な契約条項の無効などを定める法律。,なし,なし,なし,なし,なし,消費者庁「消費者契約法」,https://www.caa.go.jp/policies/policy/consumer_system/consumer_contract_act/,なし
政治・経済 Deck 1 公共・政治・経済の骨格,PE-000337,337,Deck 1・骨格,両方,複合,現代社会の課題,労働・社会保障・消費者・環境,製造物責任法,せいぞうぶつせきにんほう,なし,PE-000335,law_as_of_date,2026-08-22,製造物責任法,PE-000337-C01,identify,製品の欠陥で生命・身体・財産に損害が生じた場合の製造業者等の賠償責任を定める法律。,2026年8月22日時点で、次の説明に当てはまる用語は何か。製品の欠陥で生命・身体・財産に損害が生じた場合の製造業者等の賠償責任を定める法律。,製造物責任法,製造物責任法,製品の欠陥で生命・身体・財産に損害が生じた場合の製造業者等の賠償責任を定める法律。,なし,なし,なし,なし,なし,e-Gov法令検索「製造物責任法」,https://elaws.e-gov.go.jp/document?lawid=406AC0000000085,なし
政治・経済 Deck 1 公共・政治・経済の骨格,PE-000338,338,Deck 1・骨格,両方,複合,現代社会の課題,労働・社会保障・消費者・環境,クーリング・オフ,くーりんぐおふ,なし,PE-000335,law_as_of_date,2026-08-22,特定商取引に関する法律,PE-000338-C01,identify,訪問販売など特定の取引で、一定期間内なら理由を問わず申込み撤回・契約解除ができる制度。,2026年8月22日時点で、次の説明に当てはまる用語は何か。訪問販売など特定の取引で、一定期間内なら理由を問わず申込み撤回・契約解除ができる制度。,クーリング・オフ,クーリング・オフ,訪問販売など特定の取引で、一定期間内なら理由を問わず申込み撤回・契約解除ができる制度。,なし,なし,なし,なし,なし,消費者庁「特定商取引法とは」,https://www.no-trouble.caa.go.jp/what/,なし
政治・経済 Deck 1 公共・政治・経済の骨格,PE-000339,339,Deck 1・骨格,両方,複合,現代社会の課題,労働・社会保障・消費者・環境,環境基本法,かんきょうきほんほう,なし,なし,law_as_of_date,2026-08-22,環境基本法,PE-000339-C01,identify,環境保全の基本理念と、国・地方公共団体・事業者・国民の責務などを定める基本法。,2026年8月22日時点で、次の説明に当てはまる用語は何か。環境保全の基本理念と、国・地方公共団体・事業者・国民の責務などを定める基本法。,環境基本法,環境基本法,環境保全の基本理念と、国・地方公共団体・事業者・国民の責務などを定める基本法。,なし,なし,なし,なし,なし,環境省「環境基本法・環境基本計画」,https://www.env.go.jp/policy/kihon_keikaku/introduction01.html,なし
政治・経済 Deck 1 公共・政治・経済の骨格,PE-000340,340,Deck 1・骨格,両方,複合,現代社会の課題,労働・社会保障・消費者・環境,外部不経済の内部化,がいぶふけいざいのないぶか,なし,PE-000224,stable,該当なし,なし,PE-000340-C01,identify,課税・規制・排出量取引などで、第三者へ押し付けられた社会的費用を意思決定へ反映させること。,次の説明に当てはまる用語は何か。課税・規制・排出量取引などで、第三者へ押し付けられた社会的費用を意思決定へ反映させること。,外部不経済の内部化,外部不経済の内部化,課税・規制・排出量取引などで、第三者へ押し付けられた社会的費用を意思決定へ反映させること。,なし,なし,なし,なし,なし,環境省「環境基本法・環境基本計画」,https://www.env.go.jp/policy/kihon_keikaku/introduction01.html,なし
政治・経済 Deck 1 公共・政治・経済の骨格,PE-000341,341,Deck 1・骨格,政治・経済,国際政治,国際政治,国際法・国際連合・安全保障,主権国家,しゅけんこっか,なし,なし,stable,該当なし,なし,PE-000341-C01,identify,領域内で最高の統治権を持ち、対外的に独立している国家。,次の説明に当てはまる用語は何か。領域内で最高の統治権を持ち、対外的に独立している国家。,主権国家,主権国家,領域内で最高の統治権を持ち、対外的に独立している国家。,なし,なし,なし,なし,なし,国際連合「Main Bodies」,https://www.un.org/en/about-us/main-bodies,なし
政治・経済 Deck 1 公共・政治・経済の骨格,PE-000342,342,Deck 1・骨格,政治・経済,国際政治,国際政治,国際法・国際連合・安全保障,国際社会,こくさいしゃかい,なし,なし,stable,該当なし,なし,PE-000342-C01,identify,主権国家を中心に、国際機関・企業・市民団体なども関わる社会。,次の説明に当てはまる用語は何か。主権国家を中心に、国際機関・企業・市民団体なども関わる社会。,国際社会,国際社会,主権国家を中心に、国際機関・企業・市民団体なども関わる社会。,なし,なし,なし,なし,なし,国際連合「Main Bodies」,https://www.un.org/en/about-us/main-bodies,なし
政治・経済 Deck 1 公共・政治・経済の骨格,PE-000343,343,Deck 1・骨格,政治・経済,国際政治,国際政治,国際法・国際連合・安全保障,国際法,こくさいほう,なし,PE-000341,stable,該当なし,なし,PE-000343-C01,identify,国家間や国際機関などの関係を規律する法規範。,次の説明に当てはまる用語は何か。国家間や国際機関などの関係を規律する法規範。,国際法,国際法,国家間や国際機関などの関係を規律する法規範。,なし,なし,なし,なし,なし,国際連合「国連憲章」,https://www.un.org/en/about-us/un-charter/full-text,なし
政治・経済 Deck 1 公共・政治・経済の骨格,PE-000344,344,Deck 1・骨格,政治・経済,国際政治,国際政治,国際法・国際連合・安全保障,条約,じょうやく,なし,PE-000343,stable,該当なし,なし,PE-000344-C01,identify,国家や国際機関が文書で結び、国際法上の権利・義務を定める合意。,次の説明に当てはまる用語は何か。国家や国際機関が文書で結び、国際法上の権利・義務を定める合意。,条約,条約,国家や国際機関が文書で結び、国際法上の権利・義務を定める合意。,なし,なし,なし,なし,なし,国際連合「国連憲章」,https://www.un.org/en/about-us/un-charter/full-text,なし
政治・経済 Deck 1 公共・政治・経済の骨格,PE-000345,345,Deck 1・骨格,政治・経済,国際政治,国際政治,国際法・国際連合・安全保障,慣習国際法,かんしゅうこくさいほう,なし,PE-000343,stable,該当なし,なし,PE-000345-C01,identify,国家の一般的な実行と、それを法的義務と認める意識から成立する国際法。,次の説明に当てはまる用語は何か。国家の一般的な実行と、それを法的義務と認める意識から成立する国際法。,慣習国際法,慣習国際法,国家の一般的な実行と、それを法的義務と認める意識から成立する国際法。,なし,なし,なし,なし,なし,国際連合「国連憲章」,https://www.un.org/en/about-us/un-charter/full-text,慣習=かんしゅう
政治・経済 Deck 1 公共・政治・経済の骨格,PE-000346,346,Deck 1・骨格,政治・経済,国際政治,国際政治,国際法・国際連合・安全保障,国際連合,こくさいれんごう,なし,なし,stable,該当なし,なし,PE-000346-C01,identify,国際平和と安全の維持、友好関係、人権・開発などを目的に1945年に設立された国際機関。,次の説明に当てはまる用語は何か。国際平和と安全の維持、友好関係、人権・開発などを目的に1945年に設立された国際機関。,国際連合,国際連合,国際平和と安全の維持、友好関係、人権・開発などを目的に1945年に設立された国際機関。,なし,なし,なし,なし,なし,国際連合「Main Bodies」,https://www.un.org/en/about-us/main-bodies,なし
政治・経済 Deck 1 公共・政治・経済の骨格,PE-000347,347,Deck 1・骨格,政治・経済,国際政治,国際政治,国際法・国際連合・安全保障,国連憲章,こくれんけんしょう,なし,PE-000346,stable,該当なし,国際連合憲章,PE-000347-C01,identify,国際連合の目的・原則・機構・加盟国の義務を定める基本文書。,次の説明に当てはまる用語は何か。国際連合の目的・原則・機構・加盟国の義務を定める基本文書。,国連憲章,国連憲章,国際連合の目的・原則・機構・加盟国の義務を定める基本文書。,なし,なし,なし,なし,なし,国際連合「国連憲章」,https://www.un.org/en/about-us/un-charter/full-text,なし
政治・経済 Deck 1 公共・政治・経済の骨格,PE-000348,348,Deck 1・骨格,政治・経済,国際政治,国際政治,国際法・国際連合・安全保障,国連総会,こくれんそうかい,なし,PE-000346,stable,該当なし,国際連合憲章第4章,PE-000348-C01,identify,すべての国連加盟国で構成され、各国一票で広範な問題を討議する主要機関。,次の説明に当てはまる用語は何か。すべての国連加盟国で構成され、各国一票で広範な問題を討議する主要機関。,国連総会,国連総会,すべての国連加盟国で構成され、各国一票で広範な問題を討議する主要機関。,なし,なし,なし,なし,なし,国際連合「Main Bodies」,https://www.un.org/en/about-us/main-bodies,なし
政治・経済 Deck 1 公共・政治・経済の骨格,PE-000349,349,Deck 1・骨格,政治・経済,国際政治,国際政治,国際法・国際連合・安全保障,国連安全保障理事会,こくれんあんぜんほしょうりじかい,なし,PE-000346,stable,該当なし,国際連合憲章第5章～第8章,PE-000349-C01,identify,国際平和と安全の維持に主要な責任を負い、加盟国を拘束する決定も行う主要機関。,次の説明に当てはまる用語は何か。国際平和と安全の維持に主要な責任を負い、加盟国を拘束する決定も行う主要機関。,国連安全保障理事会,国連安全保障理事会,国際平和と安全の維持に主要な責任を負い、加盟国を拘束する決定も行う主要機関。,なし,なし,なし,なし,なし,国際連合「Main Bodies」,https://www.un.org/en/about-us/main-bodies,なし
政治・経済 Deck 1 公共・政治・経済の骨格,PE-000350,350,Deck 1・骨格,政治・経済,国際政治,国際政治,国際法・国際連合・安全保障,常任理事国,じょうにんりじこく,なし,PE-000349,stable,該当なし,国際連合憲章第23条,PE-000350-C01,identify,国連安全保障理事会で常に議席を持ち、実質事項について拒否権を持つ5か国。,次の説明に当てはまる用語は何か。国連安全保障理事会で常に議席を持ち、実質事項について拒否権を持つ5か国。,常任理事国,常任理事国,国連安全保障理事会で常に議席を持ち、実質事項について拒否権を持つ5か国。,なし,なし,なし,なし,なし,国際連合「Main Bodies」,https://www.un.org/en/about-us/main-bodies,なし
政治・経済 Deck 1 公共・政治・経済の骨格,PE-000351,351,Deck 1・骨格,政治・経済,国際政治,国際政治,国際法・国際連合・安全保障,拒否権,きょひけん,なし,PE-000350,stable,該当なし,国際連合憲章第27条,PE-000351-C01,identify,安全保障理事会の実質事項で、常任理事国一国の反対により決議成立を阻止できる権限。,次の説明に当てはまる用語は何か。安全保障理事会の実質事項で、常任理事国一国の反対により決議成立を阻止できる権限。,拒否権,拒否権,安全保障理事会の実質事項で、常任理事国一国の反対により決議成立を阻止できる権限。,なし,なし,なし,なし,なし,国際連合「Main Bodies」,https://www.un.org/en/about-us/main-bodies,拒否=きょひ
政治・経済 Deck 1 公共・政治・経済の骨格,PE-000352,352,Deck 1・骨格,政治・経済,国際政治,国際政治,国際法・国際連合・安全保障,国連経済社会理事会,こくれんけいざいしゃかいりじかい,なし,なし,stable,該当なし,国際連合憲章第10章,PE-000352-C01,identify,経済・社会・人権分野の国際協力を調整する国連の主要機関。,次の説明に当てはまる用語は何か。経済・社会・人権分野の国際協力を調整する国連の主要機関。,国連経済社会理事会,国連経済社会理事会,経済・社会・人権分野の国際協力を調整する国連の主要機関。,なし,なし,なし,なし,なし,国際連合「Main Bodies」,https://www.un.org/en/about-us/main-bodies,なし
政治・経済 Deck 1 公共・政治・経済の骨格,PE-000353,353,Deck 1・骨格,政治・経済,国際政治,国際政治,国際法・国際連合・安全保障,国際司法裁判所,こくさいしほうさいばんしょ,なし,PE-000346,stable,該当なし,国際連合憲章第14章・国際司法裁判所規程,PE-000353-C01,identify,国家間の法的紛争を裁き、国連機関等の求めに応じ勧告的意見を示す国連の主要司法機関。,次の説明に当てはまる用語は何か。国家間の法的紛争を裁き、国連機関等の求めに応じ勧告的意見を示す国連の主要司法機関。,国際司法裁判所,国際司法裁判所,国家間の法的紛争を裁き、国連機関等の求めに応じ勧告的意見を示す国連の主要司法機関。,国際刑事裁判所,ICJは国家間紛争、ICCは個人の国際犯罪を裁く。,なし,なし,なし,国際司法裁判所「The Court」,https://www.icj-cij.org/court,なし
政治・経済 Deck 1 公共・政治・経済の骨格,PE-000354,354,Deck 1・骨格,政治・経済,国際政治,国際政治,国際法・国際連合・安全保障,国連事務局,こくれんじむきょく,なし,なし,stable,該当なし,国際連合憲章第15章,PE-000354-C01,identify,事務総長を長として、国連の日常業務と各機関の活動を支える主要機関。,次の説明に当てはまる用語は何か。事務総長を長として、国連の日常業務と各機関の活動を支える主要機関。,国連事務局,国連事務局,事務総長を長として、国連の日常業務と各機関の活動を支える主要機関。,なし,なし,なし,なし,なし,国際連合「Main Bodies」,https://www.un.org/en/about-us/main-bodies,なし
政治・経済 Deck 1 公共・政治・経済の骨格,PE-000355,355,Deck 1・骨格,政治・経済,国際政治,国際政治,国際法・国際連合・安全保障,国連事務総長,こくれんじむそうちょう,なし,なし,stable,該当なし,なし,PE-000355-C01,identify,国連事務局の長であり、国連の最高行政責任者として外交的役割も担う人物。,次の説明に当てはまる用語は何か。国連事務局の長であり、国連の最高行政責任者として外交的役割も担う人物。,国連事務総長,国連事務総長,国連事務局の長であり、国連の最高行政責任者として外交的役割も担う人物。,なし,なし,なし,なし,なし,国際連合「Main Bodies」,https://www.un.org/en/about-us/main-bodies,なし
政治・経済 Deck 1 公共・政治・経済の骨格,PE-000356,356,Deck 1・骨格,政治・経済,国際政治,国際政治,国際法・国際連合・安全保障,集団安全保障,しゅうだんあんぜんほしょう,なし,PE-000349,stable,該当なし,国際連合憲章第7章,PE-000356-C01,identify,侵略を全加盟国への脅威とみなし、国際社会が共同で制裁・対処する仕組み。,次の説明に当てはまる用語は何か。侵略を全加盟国への脅威とみなし、国際社会が共同で制裁・対処する仕組み。,集団安全保障,集団安全保障,侵略を全加盟国への脅威とみなし、国際社会が共同で制裁・対処する仕組み。,なし,なし,なし,なし,なし,国際連合「国連憲章」,https://www.un.org/en/about-us/un-charter/full-text,なし
政治・経済 Deck 1 公共・政治・経済の骨格,PE-000357,357,Deck 1・骨格,政治・経済,国際政治,国際政治,国際法・国際連合・安全保障,国連平和維持活動,こくれんへいわいじかつどう,PKO,PE-000346,stable,該当なし,なし,PE-000357-C01,identify,停戦監視、文民保護、選挙支援などにより紛争地域の平和を支える国連活動。,次の説明に当てはまる用語は何か。停戦監視、文民保護、選挙支援などにより紛争地域の平和を支える国連活動。,国連平和維持活動,国連平和維持活動｜PKO,停戦監視、文民保護、選挙支援などにより紛争地域の平和を支える国連活動。,なし,なし,なし,なし,なし,国連広報センター「平和維持活動の歴史」,https://www.unic.or.jp/news_press/features_backgrounders/6257/,なし
政治・経済 Deck 1 公共・政治・経済の骨格,PE-000358,358,Deck 1・骨格,政治・経済,国際政治,国際政治,国際法・国際連合・安全保障,自衛権,じえいけん,なし,なし,stable,該当なし,国際連合憲章第51条,PE-000358-C01,identify,武力攻撃を受けた国家が、自国を守るため必要な措置をとる権利。,次の説明に当てはまる用語は何か。武力攻撃を受けた国家が、自国を守るため必要な措置をとる権利。,自衛権,自衛権,武力攻撃を受けた国家が、自国を守るため必要な措置をとる権利。,なし,なし,なし,なし,なし,国際連合「国連憲章」,https://www.un.org/en/about-us/un-charter/full-text,なし
政治・経済 Deck 1 公共・政治・経済の骨格,PE-000359,359,Deck 1・骨格,政治・経済,国際政治,国際政治,国際法・国際連合・安全保障,集団的自衛権,しゅうだんてきじえいけん,なし,PE-000358,stable,該当なし,国際連合憲章第51条,PE-000359-C01,identify,密接な関係にある他国への武力攻撃を、自国への攻撃とみなして共同で防衛する権利。,次の説明に当てはまる用語は何か。密接な関係にある他国への武力攻撃を、自国への攻撃とみなして共同で防衛する権利。,集団的自衛権,集団的自衛権,密接な関係にある他国への武力攻撃を、自国への攻撃とみなして共同で防衛する権利。,なし,なし,なし,なし,なし,国際連合「国連憲章」,https://www.un.org/en/about-us/un-charter/full-text,なし
政治・経済 Deck 1 公共・政治・経済の骨格,PE-000360,360,Deck 1・骨格,政治・経済,国際政治,国際政治,国際法・国際連合・安全保障,人間の安全保障,にんげんのあんぜんほしょう,なし,なし,stable,該当なし,なし,PE-000360-C01,identify,国家だけでなく一人ひとりを、恐怖と欠乏などの脅威から守る考え。,次の説明に当てはまる用語は何か。国家だけでなく一人ひとりを、恐怖と欠乏などの脅威から守る考え。,人間の安全保障,人間の安全保障,国家だけでなく一人ひとりを、恐怖と欠乏などの脅威から守る考え。,なし,なし,なし,なし,なし,国連広報センター「用語集」,https://www.unic.or.jp/glossary/,なし
政治・経済 Deck 1 公共・政治・経済の骨格,PE-000361,361,Deck 1・骨格,政治・経済,国際政治,国際政治,国際法・国際連合・安全保障,国際人権規約,こくさいじんけんきやく,なし,PE-000045,stable,該当なし,経済的、社会的及び文化的権利に関する国際規約・市民的及び政治的権利に関する国際規約,PE-000361-C01,identify,世界人権宣言の内容を法的義務として具体化した二つの国際条約。,次の説明に当てはまる用語は何か。世界人権宣言の内容を法的義務として具体化した二つの国際条約。,国際人権規約,国際人権規約,世界人権宣言の内容を法的義務として具体化した二つの国際条約。,なし,なし,なし,なし,なし,国際連合人権高等弁務官事務所「国際人権規約」,https://www.ohchr.org/en/what-are-human-rights/international-bill-human-rights,なし
政治・経済 Deck 1 公共・政治・経済の骨格,PE-000362,362,Deck 1・骨格,政治・経済,国際政治,国際政治,国際法・国際連合・安全保障,難民条約,なんみんじょうやく,なし,なし,stable,該当なし,難民の地位に関する条約,PE-000362-C01,identify,難民の定義、権利、保護国の義務やノン・ルフールマン原則などを定める条約。,次の説明に当てはまる用語は何か。難民の定義、権利、保護国の義務やノン・ルフールマン原則などを定める条約。,難民条約,難民条約,難民の定義、権利、保護国の義務やノン・ルフールマン原則などを定める条約。,なし,なし,なし,なし,なし,UNHCR「難民条約」,https://www.unhcr.org/about-unhcr/who-we-are/1951-refugee-convention,難民=なんみん
政治・経済 Deck 1 公共・政治・経済の骨格,PE-000363,363,Deck 1・骨格,政治・経済,国際政治,国際政治,国際法・国際連合・安全保障,核兵器不拡散条約,かくへいきふかくさんじょうやく,なし,なし,stable,該当なし,核兵器の不拡散に関する条約,PE-000363-C01,identify,核兵器の拡散防止、核軍縮、原子力の平和利用を三本柱とする条約。,次の説明に当てはまる用語は何か。核兵器の拡散防止、核軍縮、原子力の平和利用を三本柱とする条約。,核兵器不拡散条約,核兵器不拡散条約,核兵器の拡散防止、核軍縮、原子力の平和利用を三本柱とする条約。,なし,なし,なし,なし,なし,国連軍縮部「NPT」,https://disarmament.unoda.org/wmd/nuclear/npt/,なし
政治・経済 Deck 1 公共・政治・経済の骨格,PE-000364,364,Deck 1・骨格,政治・経済,国際政治,国際政治,国際法・国際連合・安全保障,軍縮,ぐんしゅく,なし,なし,stable,該当なし,なし,PE-000364-C01,identify,兵器や軍備を削減・制限し、戦争の危険や軍事負担を減らす取組。,次の説明に当てはまる用語は何か。兵器や軍備を削減・制限し、戦争の危険や軍事負担を減らす取組。,軍縮,軍縮,兵器や軍備を削減・制限し、戦争の危険や軍事負担を減らす取組。,なし,なし,なし,なし,なし,国連軍縮部「NPT」,https://disarmament.unoda.org/wmd/nuclear/npt/,軍縮=ぐんしゅく
政治・経済 Deck 1 公共・政治・経済の骨格,PE-000365,365,Deck 1・骨格,政治・経済,国際政治,国際政治,国際法・国際連合・安全保障,政府開発援助,せいふかいはつえんじょ,ODA,なし,stable,該当なし,なし,PE-000365-C01,identify,政府や政府機関が開発途上国の経済・社会開発や福祉向上のために行う援助。,次の説明に当てはまる用語は何か。政府や政府機関が開発途上国の経済・社会開発や福祉向上のために行う援助。,政府開発援助,政府開発援助｜ODA,政府や政府機関が開発途上国の経済・社会開発や福祉向上のために行う援助。,なし,なし,なし,なし,なし,外務省「ODA（政府開発援助）」,https://www.mofa.go.jp/mofaj/gaiko/oda/index.html,なし
政治・経済 Deck 1 公共・政治・経済の骨格,PE-000366,366,Deck 1・骨格,政治・経済,国際政治,国際政治,国際・地域機構,非政府組織,ひせいふそしき,NGO,なし,stable,該当なし,なし,PE-000366-C01,identify,政府から独立し、国境を越えて人権・環境・援助などの公益活動を行う民間組織。,次の説明に当てはまる用語は何か。政府から独立し、国境を越えて人権・環境・援助などの公益活動を行う民間組織。,非政府組織,非政府組織｜NGO,政府から独立し、国境を越えて人権・環境・援助などの公益活動を行う民間組織。,なし,なし,なし,なし,なし,国連広報センター「用語集」,https://www.unic.or.jp/glossary/,なし
政治・経済 Deck 1 公共・政治・経済の骨格,PE-000367,367,Deck 1・骨格,政治・経済,国際政治,国際政治,国際・地域機構,北大西洋条約機構,きたたいせいようじょうやくきこう,NATO,なし,stable,該当なし,なし,PE-000367-C01,identify,北米と欧州の加盟国による集団防衛を目的とする軍事同盟。,次の説明に当てはまる用語は何か。北米と欧州の加盟国による集団防衛を目的とする軍事同盟。,北大西洋条約機構,北大西洋条約機構｜NATO,北米と欧州の加盟国による集団防衛を目的とする軍事同盟。,なし,なし,なし,なし,なし,NATO「What is NATO?」,https://www.nato.int/cps/en/natohq/what_is_nato.htm,なし
政治・経済 Deck 1 公共・政治・経済の骨格,PE-000368,368,Deck 1・骨格,政治・経済,国際政治,国際政治,国際・地域機構,欧州連合,おうしゅうれんごう,EU,なし,stable,該当なし,なし,PE-000368-C01,identify,欧州諸国が単一市場や共通政策などを進める地域統合組織。,次の説明に当てはまる用語は何か。欧州諸国が単一市場や共通政策などを進める地域統合組織。,欧州連合,欧州連合｜EU,欧州諸国が単一市場や共通政策などを進める地域統合組織。,なし,なし,なし,なし,なし,"欧州連合「Principles, countries, history」",https://european-union.europa.eu/principles-countries-history_en,なし
政治・経済 Deck 1 公共・政治・経済の骨格,PE-000369,369,Deck 1・骨格,政治・経済,国際政治,国際政治,国際・地域機構,東南アジア諸国連合,とうなんあじあしょこくれんごう,ASEAN,なし,stable,該当なし,なし,PE-000369-C01,identify,東南アジア諸国が地域の平和・安定と経済成長を目的に協力する地域機構。,次の説明に当てはまる用語は何か。東南アジア諸国が地域の平和・安定と経済成長を目的に協力する地域機構。,東南アジア諸国連合,東南アジア諸国連合｜ASEAN,東南アジア諸国が地域の平和・安定と経済成長を目的に協力する地域機構。,なし,なし,なし,なし,なし,ASEAN「About ASEAN」,https://asean.org/about-asean/,なし
政治・経済 Deck 1 公共・政治・経済の骨格,PE-000370,370,Deck 1・骨格,政治・経済,国際政治,国際政治,国際・地域機構,国際労働機関,こくさいろうどうきかん,ILO,なし,stable,該当なし,なし,PE-000370-C01,identify,労働条件と社会正義の向上を目指し、政府・使用者・労働者の三者で構成される国連専門機関。,次の説明に当てはまる用語は何か。労働条件と社会正義の向上を目指し、政府・使用者・労働者の三者で構成される国連専門機関。,国際労働機関,国際労働機関｜ILO,労働条件と社会正義の向上を目指し、政府・使用者・労働者の三者で構成される国連専門機関。,なし,なし,なし,なし,なし,国際労働機関「About the ILO」,https://www.ilo.org/about-ilo,なし
政治・経済 Deck 1 公共・政治・経済の骨格,PE-000371,371,Deck 1・骨格,政治・経済,国際政治,国際政治,国際・地域機構,経済協力開発機構,けいざいきょうりょくかいはつきこう,OECD,なし,stable,該当なし,なし,PE-000371-C01,identify,市場経済国を中心に、経済・社会政策の分析と国際協力を行う機構。,次の説明に当てはまる用語は何か。市場経済国を中心に、経済・社会政策の分析と国際協力を行う機構。,経済協力開発機構,経済協力開発機構｜OECD,市場経済国を中心に、経済・社会政策の分析と国際協力を行う機構。,なし,なし,なし,なし,なし,OECD「About」,https://www.oecd.org/en/about.html,なし
政治・経済 Deck 1 公共・政治・経済の骨格,PE-000372,372,Deck 1・骨格,政治・経済,国際政治,国際政治,国際・地域機構,主要国首脳会議,しゅようこくしゅのうかいぎ,G7｜主要7か国首脳会議,なし,stable,該当なし,なし,PE-000372-C01,identify,主要7か国と欧州連合の首脳が国際政治・経済の重要課題を協議する枠組み。,次の説明に当てはまる用語は何か。主要7か国と欧州連合の首脳が国際政治・経済の重要課題を協議する枠組み。,主要国首脳会議,主要国首脳会議｜G7｜主要7か国首脳会議,主要7か国と欧州連合の首脳が国際政治・経済の重要課題を協議する枠組み。,なし,なし,なし,なし,なし,外務省「G7／G20」,https://www.mofa.go.jp/mofaj/ecm/ec/page24_000601.html,なし
政治・経済 Deck 1 公共・政治・経済の骨格,PE-000373,373,Deck 1・骨格,政治・経済,国際政治,国際政治,国際・地域機構,20か国・地域首脳会合,にじゅっかこくちいきしゅのうかいごう,G20,なし,stable,該当なし,なし,PE-000373-C01,identify,主要な先進国・新興国と欧州連合などが世界経済や国際課題を協議する首脳会合。,次の説明に当てはまる用語は何か。主要な先進国・新興国と欧州連合などが世界経済や国際課題を協議する首脳会合。,20か国・地域首脳会合,20か国・地域首脳会合｜G20,主要な先進国・新興国と欧州連合などが世界経済や国際課題を協議する首脳会合。,なし,なし,なし,なし,なし,外務省「G7／G20」,https://www.mofa.go.jp/mofaj/ecm/ec/page24_000601.html,なし
政治・経済 Deck 1 公共・政治・経済の骨格,PE-000374,374,Deck 1・骨格,政治・経済,国際政治,国際政治,国際・地域機構,国際通貨基金,こくさいつうかききん,IMF,なし,stable,該当なし,なし,PE-000374-C01,identify,国際通貨協力と為替の安定を促し、国際収支困難国へ融資する国際機関。,次の説明に当てはまる用語は何か。国際通貨協力と為替の安定を促し、国際収支困難国へ融資する国際機関。,国際通貨基金,国際通貨基金｜IMF,国際通貨協力と為替の安定を促し、国際収支困難国へ融資する国際機関。,国際復興開発銀行,IMFは国際収支・通貨安定、IBRDは開発融資が中心。,なし,なし,なし,国際通貨基金「IMF at a Glance」,https://www.imf.org/en/about/factsheets/imf-at-a-glance,なし
政治・経済 Deck 1 公共・政治・経済の骨格,PE-000375,375,Deck 1・骨格,政治・経済,国際政治,国際政治,国際・地域機構,国際復興開発銀行,こくさいふっこうかいはつぎんこう,IBRD｜世界銀行,なし,stable,該当なし,なし,PE-000375-C01,identify,中所得国などへ開発資金を融資する、世界銀行グループの中心機関。,次の説明に当てはまる用語は何か。中所得国などへ開発資金を融資する、世界銀行グループの中心機関。,国際復興開発銀行,国際復興開発銀行｜IBRD｜世界銀行,中所得国などへ開発資金を融資する、世界銀行グループの中心機関。,なし,なし,なし,なし,なし,世界銀行「Who We Are」,https://www.worldbank.org/en/who-we-are,なし
政治・経済 Deck 1 公共・政治・経済の骨格,PE-000376,376,Deck 1・骨格,政治・経済,国際経済,国際経済,国際収支・為替・貿易,国際収支,こくさいしゅうし,なし,なし,stable,該当なし,なし,PE-000376-C01,identify,一定期間の一国と外国との間の経済取引を体系的に記録した統計。,次の説明に当てはまる用語は何か。一定期間の一国と外国との間の経済取引を体系的に記録した統計。,国際収支,国際収支,一定期間の一国と外国との間の経済取引を体系的に記録した統計。,なし,なし,なし,なし,なし,財務省「国際収支統計」,https://www.mof.go.jp/policy/international_policy/reference/balance_of_payments/,なし
政治・経済 Deck 1 公共・政治・経済の骨格,PE-000377,377,Deck 1・骨格,政治・経済,国際経済,国際経済,国際収支・為替・貿易,経常収支,けいじょうしゅうし,なし,PE-000376,stable,該当なし,なし,PE-000377-C01,formula,構成項目,国際収支の経常収支を構成する三つの収支を答えよ。,貿易・サービス収支・第一次所得収支・第二次所得収支,貿易・サービス収支・第一次所得収支・第二次所得収支,貿易・サービス、第一次所得、第二次所得の各収支を合計した国際収支項目。,なし,なし,経常収支＝貿易・サービス収支＋第一次所得収支＋第二次所得収支,なし,なし,財務省「国際収支統計」,https://www.mof.go.jp/policy/international_policy/reference/balance_of_payments/,なし
政治・経済 Deck 1 公共・政治・経済の骨格,PE-000378,378,Deck 1・骨格,政治・経済,国際経済,国際経済,国際収支・為替・貿易,貿易・サービス収支,ぼうえきさーびすしゅうし,なし,PE-000377,stable,該当なし,なし,PE-000378-C01,identify,財の輸出入と、旅行・輸送などサービス取引の受払を記録する収支。,次の説明に当てはまる用語は何か。財の輸出入と、旅行・輸送などサービス取引の受払を記録する収支。,貿易・サービス収支,貿易・サービス収支,財の輸出入と、旅行・輸送などサービス取引の受払を記録する収支。,なし,なし,なし,なし,なし,財務省「国際収支統計」,https://www.mof.go.jp/policy/international_policy/reference/balance_of_payments/,なし
政治・経済 Deck 1 公共・政治・経済の骨格,PE-000379,379,Deck 1・骨格,政治・経済,国際経済,国際経済,国際収支・為替・貿易,第一次所得収支,だいいちじしょとくしゅうし,なし,PE-000377,stable,該当なし,なし,PE-000379-C01,identify,海外投資の利子・配当や雇用者報酬など、対外資産・労働から得る所得の収支。,次の説明に当てはまる用語は何か。海外投資の利子・配当や雇用者報酬など、対外資産・労働から得る所得の収支。,第一次所得収支,第一次所得収支,海外投資の利子・配当や雇用者報酬など、対外資産・労働から得る所得の収支。,なし,なし,なし,なし,なし,財務省「国際収支統計」,https://www.mof.go.jp/policy/international_policy/reference/balance_of_payments/,なし
政治・経済 Deck 1 公共・政治・経済の骨格,PE-000380,380,Deck 1・骨格,政治・経済,国際経済,国際経済,国際収支・為替・貿易,第二次所得収支,だいにじしょとくしゅうし,なし,PE-000377,stable,該当なし,なし,PE-000380-C01,identify,対価を伴わない経常移転、援助・送金などの受払を記録する収支。,次の説明に当てはまる用語は何か。対価を伴わない経常移転、援助・送金などの受払を記録する収支。,第二次所得収支,第二次所得収支,対価を伴わない経常移転、援助・送金などの受払を記録する収支。,なし,なし,なし,なし,なし,財務省「国際収支統計」,https://www.mof.go.jp/policy/international_policy/reference/balance_of_payments/,なし
政治・経済 Deck 1 公共・政治・経済の骨格,PE-000381,381,Deck 1・骨格,政治・経済,国際経済,国際経済,国際収支・為替・貿易,金融収支,きんゆうしゅうし,なし,PE-000376,stable,該当なし,なし,PE-000381-C01,identify,直接投資・証券投資・金融派生商品・その他投資・外貨準備など金融資産負債の変化を記録する収支。,次の説明に当てはまる用語は何か。直接投資・証券投資・金融派生商品・その他投資・外貨準備など金融資産負債の変化を記録する収支。,金融収支,金融収支,直接投資・証券投資・金融派生商品・その他投資・外貨準備など金融資産負債の変化を記録する収支。,なし,なし,なし,なし,なし,財務省「国際収支統計」,https://www.mof.go.jp/policy/international_policy/reference/balance_of_payments/,なし
政治・経済 Deck 1 公共・政治・経済の骨格,PE-000382,382,Deck 1・骨格,政治・経済,国際経済,国際経済,国際収支・為替・貿易,外国為替相場,がいこくかわせそうば,為替相場,なし,stable,該当なし,なし,PE-000382-C01,identify,異なる通貨を交換するときの比率。,次の説明に当てはまる用語は何か。異なる通貨を交換するときの比率。,外国為替相場,外国為替相場｜為替相場,異なる通貨を交換するときの比率。,なし,なし,なし,なし,なし,日本銀行「円高、円安とは何ですか」,https://www.boj.or.jp/about/education/oshiete/intl/g18.htm,為替=かわせ
政治・経済 Deck 1 公共・政治・経済の骨格,PE-000383,383,Deck 1・骨格,政治・経済,国際経済,国際経済,国際収支・為替・貿易,円高,えんだか,なし,PE-000382,stable,該当なし,なし,PE-000383-C01,relation,外貨購入に必要な円,円高になると、同じ1ドルを買うのに必要な円の額は増えるか、減るか。,減る,減る｜少なくなる,外国通貨に対する円の価値が上がり、同じ外貨をより少ない円で買える状態。,円安,円高は同じ円でより多くの外貨を買える状態。,なし,なし,なし,日本銀行「円高、円安とは何ですか」,https://www.boj.or.jp/about/education/oshiete/intl/g18.htm,なし
政治・経済 Deck 1 公共・政治・経済の骨格,PE-000384,384,Deck 1・骨格,政治・経済,国際経済,国際経済,国際収支・為替・貿易,円安,えんやす,なし,PE-000382,stable,該当なし,なし,PE-000384-C01,relation,外貨購入に必要な円,円安になると、同じ1ドルを買うのに必要な円の額は増えるか、減るか。,増える,増える｜多くなる,外国通貨に対する円の価値が下がり、同じ外貨を買うのにより多くの円が必要な状態。,円高,円安は同じ外貨を得るのにより多くの円が必要な状態。,なし,なし,なし,日本銀行「円高、円安とは何ですか」,https://www.boj.or.jp/about/education/oshiete/intl/g18.htm,なし
政治・経済 Deck 1 公共・政治・経済の骨格,PE-000385,385,Deck 1・骨格,政治・経済,国際経済,国際経済,国際収支・為替・貿易,固定相場制,こていそうばせい,なし,PE-000382,stable,該当なし,なし,PE-000385-C01,identify,政府・中央銀行が為替相場を一定の水準または範囲に維持する制度。,次の説明に当てはまる用語は何か。政府・中央銀行が為替相場を一定の水準または範囲に維持する制度。,固定相場制,固定相場制,政府・中央銀行が為替相場を一定の水準または範囲に維持する制度。,変動相場制,固定相場制は当局が相場を一定範囲に維持し、変動相場制は市場で動く。,なし,なし,なし,文部科学省「高等学校学習指導要領解説 公民編」,https://www.mext.go.jp/content/20211102-mxt_kyoiku02-100002620_04.pdf,なし
政治・経済 Deck 1 公共・政治・経済の骨格,PE-000386,386,Deck 1・骨格,政治・経済,国際経済,国際経済,国際収支・為替・貿易,変動相場制,へんどうそうばせい,なし,PE-000382,stable,該当なし,なし,PE-000386-C01,identify,為替相場が原則として外国為替市場の需要と供給で変動する制度。,次の説明に当てはまる用語は何か。為替相場が原則として外国為替市場の需要と供給で変動する制度。,変動相場制,変動相場制,為替相場が原則として外国為替市場の需要と供給で変動する制度。,固定相場制,変動相場制は為替相場が需給で変動する。,なし,なし,なし,文部科学省「高等学校学習指導要領解説 公民編」,https://www.mext.go.jp/content/20211102-mxt_kyoiku02-100002620_04.pdf,なし
政治・経済 Deck 1 公共・政治・経済の骨格,PE-000387,387,Deck 1・骨格,政治・経済,国際経済,国際経済,国際収支・為替・貿易,ブレトン・ウッズ体制,ぶれとんうっずたいせい,なし,なし,stable,該当なし,なし,PE-000387-C01,identify,第二次世界大戦後、金と交換できるドルを基軸に各国通貨を固定した国際通貨体制。,次の説明に当てはまる用語は何か。第二次世界大戦後、金と交換できるドルを基軸に各国通貨を固定した国際通貨体制。,ブレトン・ウッズ体制,ブレトン・ウッズ体制,第二次世界大戦後、金と交換できるドルを基軸に各国通貨を固定した国際通貨体制。,なし,なし,なし,なし,なし,文部科学省「高等学校学習指導要領解説 公民編」,https://www.mext.go.jp/content/20211102-mxt_kyoiku02-100002620_04.pdf,なし
政治・経済 Deck 1 公共・政治・経済の骨格,PE-000388,388,Deck 1・骨格,政治・経済,国際経済,国際経済,国際収支・為替・貿易,ニクソン・ショック,にくそんしょっく,なし,PE-000387,stable,該当なし,なし,PE-000388-C01,identify,1971年に米国がドルと金の交換停止などを発表し、固定相場体制を揺るがした出来事。,次の説明に当てはまる用語は何か。1971年に米国がドルと金の交換停止などを発表し、固定相場体制を揺るがした出来事。,ニクソン・ショック,ニクソン・ショック,1971年に米国がドルと金の交換停止などを発表し、固定相場体制を揺るがした出来事。,なし,なし,なし,なし,なし,文部科学省「高等学校学習指導要領解説 公民編」,https://www.mext.go.jp/content/20211102-mxt_kyoiku02-100002620_04.pdf,なし
政治・経済 Deck 1 公共・政治・経済の骨格,PE-000389,389,Deck 1・骨格,政治・経済,国際経済,国際経済,国際収支・為替・貿易,プラザ合意,ぷらざごうい,なし,なし,stable,該当なし,なし,PE-000389-C01,identify,1985年に主要5か国がドル高是正のため為替市場への協調介入で合意したこと。,次の説明に当てはまる用語は何か。1985年に主要5か国がドル高是正のため為替市場への協調介入で合意したこと。,プラザ合意,プラザ合意,1985年に主要5か国がドル高是正のため為替市場への協調介入で合意したこと。,なし,なし,なし,なし,なし,文部科学省「高等学校学習指導要領解説 公民編」,https://www.mext.go.jp/content/20211102-mxt_kyoiku02-100002620_04.pdf,なし
政治・経済 Deck 1 公共・政治・経済の骨格,PE-000390,390,Deck 1・骨格,政治・経済,国際経済,国際経済,国際収支・為替・貿易,関税及び貿易に関する一般協定,かんぜいおよびぼうえきにかんするいっぱんきょうてい,GATT,なし,stable,該当なし,1947年のGATT,PE-000390-C01,identify,関税引下げと無差別貿易を進め、戦後の自由貿易体制を支えた国際協定。,次の説明に当てはまる用語は何か。関税引下げと無差別貿易を進め、戦後の自由貿易体制を支えた国際協定。,関税及び貿易に関する一般協定,関税及び貿易に関する一般協定｜GATT,関税引下げと無差別貿易を進め、戦後の自由貿易体制を支えた国際協定。,なし,なし,なし,なし,なし,世界貿易機関「GATT 1947」,https://www.wto.org/english/docs_e/legal_e/gatt47_01_e.htm,なし
政治・経済 Deck 1 公共・政治・経済の骨格,PE-000391,391,Deck 1・骨格,政治・経済,国際経済,国際経済,国際収支・為替・貿易,世界貿易機関,せかいぼうえききかん,WTO,PE-000390,stable,該当なし,世界貿易機関を設立するマラケシュ協定,PE-000391-C01,identify,貿易ルールを運営し、交渉と紛争解決の場を提供する国際機関。,次の説明に当てはまる用語は何か。貿易ルールを運営し、交渉と紛争解決の場を提供する国際機関。,世界貿易機関,世界貿易機関｜WTO,貿易ルールを運営し、交渉と紛争解決の場を提供する国際機関。,なし,なし,なし,なし,なし,世界貿易機関「Principles of the trading system」,https://www.wto.org/english/thewto_e/whatis_e/tif_e/fact2_e.htm,なし
政治・経済 Deck 1 公共・政治・経済の骨格,PE-000392,392,Deck 1・骨格,政治・経済,国際経済,国際経済,国際収支・為替・貿易,最恵国待遇,さいけいこくたいぐう,なし,PE-000391,stable,該当なし,GATT第1条,PE-000392-C01,identify,ある加盟国に与えた有利な貿易待遇を、原則として他の全加盟国にも与える原則。,次の説明に当てはまる用語は何か。ある加盟国に与えた有利な貿易待遇を、原則として他の全加盟国にも与える原則。,最恵国待遇,最恵国待遇,ある加盟国に与えた有利な貿易待遇を、原則として他の全加盟国にも与える原則。,内国民待遇,最恵国待遇は外国間の差別禁止、内国民待遇は輸入品と国産品の差別禁止。,なし,なし,なし,世界貿易機関「Principles of the trading system」,https://www.wto.org/english/thewto_e/whatis_e/tif_e/fact2_e.htm,最恵国=さいけいこく
政治・経済 Deck 1 公共・政治・経済の骨格,PE-000393,393,Deck 1・骨格,政治・経済,国際経済,国際経済,国際収支・為替・貿易,内国民待遇,ないこくみんたいぐう,なし,PE-000391,stable,該当なし,GATT第3条,PE-000393-C01,identify,輸入品を国内市場へ入れた後、同種の国産品より不利に扱わない原則。,次の説明に当てはまる用語は何か。輸入品を国内市場へ入れた後、同種の国産品より不利に扱わない原則。,内国民待遇,内国民待遇,輸入品を国内市場へ入れた後、同種の国産品より不利に扱わない原則。,なし,なし,なし,なし,なし,世界貿易機関「Principles of the trading system」,https://www.wto.org/english/thewto_e/whatis_e/tif_e/fact2_e.htm,なし
政治・経済 Deck 1 公共・政治・経済の骨格,PE-000394,394,Deck 1・骨格,政治・経済,国際経済,国際経済,国際収支・為替・貿易,自由貿易,じゆうぼうえき,なし,なし,stable,該当なし,なし,PE-000394-C01,identify,関税・数量制限などの貿易障壁をできるだけ減らし、国際取引を自由にする考え。,次の説明に当てはまる用語は何か。関税・数量制限などの貿易障壁をできるだけ減らし、国際取引を自由にする考え。,自由貿易,自由貿易,関税・数量制限などの貿易障壁をできるだけ減らし、国際取引を自由にする考え。,なし,なし,なし,なし,なし,世界貿易機関「Principles of the trading system」,https://www.wto.org/english/thewto_e/whatis_e/tif_e/fact2_e.htm,なし
政治・経済 Deck 1 公共・政治・経済の骨格,PE-000395,395,Deck 1・骨格,政治・経済,国際経済,国際経済,国際収支・為替・貿易,保護貿易,ほごぼうえき,なし,なし,stable,該当なし,なし,PE-000395-C01,identify,関税や輸入制限などで国内産業を外国との競争から保護する政策。,次の説明に当てはまる用語は何か。関税や輸入制限などで国内産業を外国との競争から保護する政策。,保護貿易,保護貿易,関税や輸入制限などで国内産業を外国との競争から保護する政策。,なし,なし,なし,なし,なし,世界貿易機関「Principles of the trading system」,https://www.wto.org/english/thewto_e/whatis_e/tif_e/fact2_e.htm,なし
政治・経済 Deck 1 公共・政治・経済の骨格,PE-000396,396,Deck 1・骨格,政治・経済,国際経済,国際経済,国際収支・為替・貿易,関税,かんぜい,なし,なし,stable,該当なし,なし,PE-000396-C01,identify,輸入品などに課され、価格を引き上げて貿易や財政収入に影響する税。,次の説明に当てはまる用語は何か。輸入品などに課され、価格を引き上げて貿易や財政収入に影響する税。,関税,関税,輸入品などに課され、価格を引き上げて貿易や財政収入に影響する税。,なし,なし,なし,なし,なし,世界貿易機関「Principles of the trading system」,https://www.wto.org/english/thewto_e/whatis_e/tif_e/fact2_e.htm,なし
政治・経済 Deck 1 公共・政治・経済の骨格,PE-000397,397,Deck 1・骨格,政治・経済,国際経済,国際経済,国際収支・為替・貿易,非関税障壁,ひかんぜいしょうへき,なし,なし,stable,該当なし,なし,PE-000397-C01,identify,数量制限・規格・許認可など、関税以外で貿易を制限する措置。,次の説明に当てはまる用語は何か。数量制限・規格・許認可など、関税以外で貿易を制限する措置。,非関税障壁,非関税障壁,数量制限・規格・許認可など、関税以外で貿易を制限する措置。,なし,なし,なし,なし,なし,世界貿易機関「Principles of the trading system」,https://www.wto.org/english/thewto_e/whatis_e/tif_e/fact2_e.htm,なし
政治・経済 Deck 1 公共・政治・経済の骨格,PE-000398,398,Deck 1・骨格,政治・経済,国際経済,国際経済,国際収支・為替・貿易,自由貿易協定,じゆうぼうえききょうてい,FTA,PE-000394,stable,該当なし,なし,PE-000398-C01,identify,特定の国・地域間で、関税やサービス貿易の障壁を削減・撤廃する協定。,次の説明に当てはまる用語は何か。特定の国・地域間で、関税やサービス貿易の障壁を削減・撤廃する協定。,自由貿易協定,自由貿易協定｜FTA,特定の国・地域間で、関税やサービス貿易の障壁を削減・撤廃する協定。,経済連携協定,FTAは関税撤廃など物品・サービス貿易中心、EPAは投資・人の移動なども広く扱う。,なし,なし,なし,世界貿易機関「Principles of the trading system」,https://www.wto.org/english/thewto_e/whatis_e/tif_e/fact2_e.htm,なし
政治・経済 Deck 1 公共・政治・経済の骨格,PE-000399,399,Deck 1・骨格,政治・経済,国際経済,国際経済,国際収支・為替・貿易,経済連携協定,けいざいれんけいきょうてい,EPA,PE-000398,stable,該当なし,なし,PE-000399-C01,identify,貿易自由化に加え、投資・人の移動・知的財産など幅広い経済関係を扱う協定。,次の説明に当てはまる用語は何か。貿易自由化に加え、投資・人の移動・知的財産など幅広い経済関係を扱う協定。,経済連携協定,経済連携協定｜EPA,貿易自由化に加え、投資・人の移動・知的財産など幅広い経済関係を扱う協定。,自由貿易協定,EPAはFTAより広い経済関係を対象にする。,なし,なし,なし,世界貿易機関「Principles of the trading system」,https://www.wto.org/english/thewto_e/whatis_e/tif_e/fact2_e.htm,なし
政治・経済 Deck 1 公共・政治・経済の骨格,PE-000400,400,Deck 1・骨格,政治・経済,国際経済,国際経済,国際収支・為替・貿易,比較優位,ひかくゆうい,なし,PE-000202,stable,該当なし,なし,PE-000400-C01,identify,他国より機会費用が低い財の生産へ特化すると、相互に貿易利益を得られるという考え。,次の説明に当てはまる用語は何か。他国より機会費用が低い財の生産へ特化すると、相互に貿易利益を得られるという考え。,比較優位,比較優位,他国より機会費用が低い財の生産へ特化すると、相互に貿易利益を得られるという考え。,なし,なし,なし,なし,なし,文部科学省「高等学校学習指導要領解説 公民編」,https://www.mext.go.jp/content/20211102-mxt_kyoiku02-100002620_04.pdf,なし
