dataset_label,item_id,importance_rank,difficulty_label,curriculum_scope,unit,subunit,item,reading,aliases,prerequisite_ids,scale,region,reference_year,card_id,card_type,focus,question,answer,accepted_answers,explanation,confusable_with,distinction,formula,answer_unit,memory_aid,source_name,source_url,reading_map
大学受験地理_Deck1_全範囲の骨格,GE-000001,1,Deck 1｜全範囲の骨格,両方,地図・地理情報,位置,緯度,いど,なし,なし,世界,世界全体,該当なし,GE-000001-C01,identify,用語の識別,地球上の地点を、赤道から南北に何度離れているかで示す座標は何か。,緯度,緯度,赤道を0度、北極・南極を90度とする。,なし,なし,なし,なし,なし,国土地理院『地理教育の道具箱』,https://www.gsi.go.jp/CHIRIKYOUIKU/,なし
大学受験地理_Deck1_全範囲の骨格,GE-000002,2,Deck 1｜全範囲の骨格,両方,地図・地理情報,位置,経度,けいど,なし,なし,世界,世界全体,該当なし,GE-000002-C01,identify,用語の識別,地球上の地点を、本初子午線から東西に何度離れているかで示す座標は何か。,経度,経度,本初子午線を0度として東経・西経で表す。,なし,なし,なし,なし,なし,国土地理院『地理教育の道具箱』,https://www.gsi.go.jp/CHIRIKYOUIKU/,なし
大学受験地理_Deck1_全範囲の骨格,GE-000003,3,Deck 1｜全範囲の骨格,両方,地図・地理情報,位置,赤道,せきどう,なし,なし,世界,世界全体,該当なし,GE-000003-C01,identify,用語の識別,緯度0度を通り、地球を北半球と南半球に分ける大円は何か。,赤道,赤道,赤道は地球の自転軸に垂直な平面と地表の交線である。,なし,なし,なし,なし,なし,国土地理院『地理教育の道具箱』,https://www.gsi.go.jp/CHIRIKYOUIKU/,なし
大学受験地理_Deck1_全範囲の骨格,GE-000004,4,Deck 1｜全範囲の骨格,両方,地図・地理情報,位置,本初子午線,ほんしょしごせん,なし,なし,世界,世界全体,該当なし,GE-000004-C01,identify,用語の識別,経度0度の基準となり、イギリスのグリニッジを通る経線は何か。,本初子午線,本初子午線,世界の経度を測る基準である。,なし,なし,なし,なし,なし,国土地理院『地理教育の道具箱』,https://www.gsi.go.jp/CHIRIKYOUIKU/,本初子午線=ほんしょしごせん
大学受験地理_Deck1_全範囲の骨格,GE-000005,5,Deck 1｜全範囲の骨格,両方,地図・地理情報,時差,標準時,ひょうじゅんじ,なし,なし,世界,世界全体,該当なし,GE-000005-C01,identify,用語の識別,ある地域で共通に用いる、基準となる経線に合わせた時刻を何というか。,標準時,標準時,多くの国では標準時子午線を基準に定める。,なし,なし,なし,なし,なし,文部科学省『高等学校学習指導要領解説 地理歴史編』,https://www.mext.go.jp/content/20220802-mxt_kyoiku02-100002620_03.pdf,なし
大学受験地理_Deck1_全範囲の骨格,GE-000006,6,Deck 1｜全範囲の骨格,両方,地図・地理情報,時差,時差,じさ,なし,なし,世界,世界全体,該当なし,GE-000006-C01,formula,基本式,時差を経度差から求める基本式を答えよ。,経度差÷15,経度差÷15｜経度差を15で割る,地球は24時間で360度回転するため、経度15度につき1時間が目安となる。,なし,なし,時差（時間）=経度差（度）÷15,時間,なし,文部科学省『高等学校学習指導要領解説 地理歴史編』,https://www.mext.go.jp/content/20220802-mxt_kyoiku02-100002620_03.pdf,なし
大学受験地理_Deck1_全範囲の骨格,GE-000007,7,Deck 1｜全範囲の骨格,両方,地図・地理情報,時差,日付変更線,ひづけへんこうせん,なし,なし,世界,世界全体,該当なし,GE-000007-C01,identify,用語の識別,ほぼ経度180度に沿い、越えると暦の日付を1日調整する線は何か。,日付変更線,日付変更線,国や島を分断しにくいよう、経度180度から曲がる部分がある。,なし,なし,なし,なし,なし,文部科学省『高等学校学習指導要領解説 地理歴史編』,https://www.mext.go.jp/content/20220802-mxt_kyoiku02-100002620_03.pdf,日付変更線=ひづけへんこうせん
大学受験地理_Deck1_全範囲の骨格,GE-000008,8,Deck 1｜全範囲の骨格,両方,地図・地理情報,位置,絶対的位置,ぜったいいち,なし,なし,世界,世界全体,該当なし,GE-000008-C01,identify,用語の識別,緯度・経度などの座標で示す位置を何というか。,絶対的位置,絶対的位置,他の場所との関係ではなく、座標そのもので表す。,相対的位置,絶対的位置は座標、相対的位置は他地域との関係で示す。,なし,なし,なし,文部科学省『高等学校学習指導要領解説 地理歴史編』,https://www.mext.go.jp/content/20220802-mxt_kyoiku02-100002620_03.pdf,なし
大学受験地理_Deck1_全範囲の骨格,GE-000009,9,Deck 1｜全範囲の骨格,両方,地図・地理情報,位置,相対的位置,そうたいいち,なし,なし,世界,世界全体,該当なし,GE-000009-C01,identify,用語の識別,周辺の国、交通路、海などとの関係で示す位置を何というか。,相対的位置,相対的位置,位置の意味は交通や政治・経済の変化によって変わり得る。,絶対的位置,相対的位置は周辺との関係、絶対的位置は座標で示す。,なし,なし,なし,文部科学省『高等学校学習指導要領解説 地理歴史編』,https://www.mext.go.jp/content/20220802-mxt_kyoiku02-100002620_03.pdf,なし
大学受験地理_Deck1_全範囲の骨格,GE-000010,10,Deck 1｜全範囲の骨格,両方,地図・地理情報,地図表現,縮尺,しゅくしゃく,なし,なし,世界,世界全体,該当なし,GE-000010-C01,definition,定義,縮尺とは何と何の比か。,地図上の距離と実際の距離の比,地図上の距離と実際の距離の比,分母が小さいほど大縮尺で、狭い範囲を詳しく示す。,なし,なし,縮尺=地図上の距離÷実際の距離,なし,なし,国土地理院『地理教育の道具箱』,https://www.gsi.go.jp/CHIRIKYOUIKU/,縮尺=しゅくしゃく
大学受験地理_Deck1_全範囲の骨格,GE-000011,11,Deck 1｜全範囲の骨格,両方,地図・地理情報,地図表現,大縮尺地図,だいしゅくしゃくちず,なし,GE-000010,世界,世界全体,該当なし,GE-000011-C01,identify,用語の識別,狭い範囲を詳しく表し、縮尺の分母が比較的小さい地図を何というか。,大縮尺地図,大縮尺地図,市街地図や大縮尺の地形図が例である。,小縮尺地図,大縮尺は狭く詳しく、小縮尺は広く概略的に示す。,なし,なし,なし,国土地理院『地理教育の道具箱』,https://www.gsi.go.jp/CHIRIKYOUIKU/,なし
大学受験地理_Deck1_全範囲の骨格,GE-000012,12,Deck 1｜全範囲の骨格,両方,地図・地理情報,地図表現,小縮尺地図,しょうしゅくしゃくちず,なし,GE-000010,世界,世界全体,該当なし,GE-000012-C01,identify,用語の識別,広い範囲を概略的に表し、縮尺の分母が比較的大きい地図を何というか。,小縮尺地図,小縮尺地図,世界地図や大陸地図が例である。,大縮尺地図,小縮尺は広く概略的に、大縮尺は狭く詳しく示す。,なし,なし,なし,国土地理院『地理教育の道具箱』,https://www.gsi.go.jp/CHIRIKYOUIKU/,なし
大学受験地理_Deck1_全範囲の骨格,GE-000013,13,Deck 1｜全範囲の骨格,両方,地図・地理情報,地図読図,方位,ほうい,なし,なし,世界,世界全体,該当なし,GE-000013-C01,identify,用語の識別,ある地点から見た方向を、東西南北などで表す概念を何というか。,方位,方位,地図では通常、方位記号や経緯線から判断する。,なし,なし,なし,なし,なし,国土地理院『地理教育の道具箱』,https://www.gsi.go.jp/CHIRIKYOUIKU/,なし
大学受験地理_Deck1_全範囲の骨格,GE-000014,14,Deck 1｜全範囲の骨格,両方,地図・地理情報,地図読図,等高線,とうこうせん,なし,なし,世界,世界全体,該当なし,GE-000014-C01,identify,用語の識別,地形図で、標高が等しい地点を結んだ線は何か。,等高線,等高線,線の間隔が狭いほど一般に斜面は急である。,なし,なし,なし,なし,なし,国土地理院『地理教育の道具箱』,https://www.gsi.go.jp/CHIRIKYOUIKU/,なし
大学受験地理_Deck1_全範囲の骨格,GE-000015,15,Deck 1｜全範囲の骨格,両方,地図・地理情報,地図読図,地形図,ちけいず,なし,なし,世界,世界全体,該当なし,GE-000015-C01,identify,用語の識別,地表の起伏、道路、建物、土地利用などを一定の縮尺と記号で詳しく表す地図は何か。,地形図,地形図,日本では国土地理院が基本的な地形図や地理空間情報を提供する。,なし,なし,なし,なし,なし,国土地理院『地理院地図』,https://maps.gsi.go.jp/,なし
大学受験地理_Deck1_全範囲の骨格,GE-000016,16,Deck 1｜全範囲の骨格,両方,地図・地理情報,地図表現,地図投影法,ちずとうえいほう,なし,なし,世界,世界全体,該当なし,GE-000016-C01,identify,用語の識別,球面の地球を平面の地図に表す方法を何というか。,地図投影法,地図投影法,面積・角度・距離を同時に完全には正しく表せないため、目的に応じて選ぶ。,なし,なし,なし,なし,なし,文部科学省『高等学校学習指導要領解説 地理歴史編』,https://www.mext.go.jp/content/20220802-mxt_kyoiku02-100002620_03.pdf,なし
大学受験地理_Deck1_全範囲の骨格,GE-000017,17,Deck 1｜全範囲の骨格,両方,地図・地理情報,地図投影,メルカトル図法,めるかとるずほう,なし,GE-000016,世界,世界全体,該当なし,GE-000017-C01,identify,用語の識別,経線と緯線が直角に交わり、航海で方位を保つ直線を描きやすい正角図法は何か。,メルカトル図法,メルカトル図法,高緯度ほど面積が大きく誇張される。,モルワイデ図法,メルカトル図法は角度、モルワイデ図法は面積を正しく表す。,なし,なし,なし,文部科学省『高等学校学習指導要領解説 地理歴史編』,https://www.mext.go.jp/content/20220802-mxt_kyoiku02-100002620_03.pdf,なし
大学受験地理_Deck1_全範囲の骨格,GE-000018,18,Deck 1｜全範囲の骨格,両方,地図・地理情報,地図投影,正距方位図法,せいきょほういずほう,なし,GE-000016,世界,世界全体,該当なし,GE-000018-C01,identify,用語の識別,中心から各地点までの距離と方位が正しい地図投影法は何か。,正距方位図法,正距方位図法,中心を空港などに置くと、大圏航路の方向と距離の比較に使いやすい。,なし,なし,なし,なし,なし,文部科学省『高等学校学習指導要領解説 地理歴史編』,https://www.mext.go.jp/content/20220802-mxt_kyoiku02-100002620_03.pdf,正距方位図法=せいきょほういずほう
大学受験地理_Deck1_全範囲の骨格,GE-000019,19,Deck 1｜全範囲の骨格,両方,地図・地理情報,地図投影,モルワイデ図法,もるわいでずほう,なし,GE-000016,世界,世界全体,該当なし,GE-000019-C01,identify,用語の識別,世界全体の面積比を正しく表すために用いられる、楕円形の正積図法は何か。,モルワイデ図法,モルワイデ図法,分布図に適するが、形や角度はゆがむ。,メルカトル図法,モルワイデ図法は面積、メルカトル図法は角度を正しく表す。,なし,なし,なし,文部科学省『高等学校学習指導要領解説 地理歴史編』,https://www.mext.go.jp/content/20220802-mxt_kyoiku02-100002620_03.pdf,なし
大学受験地理_Deck1_全範囲の骨格,GE-000020,20,Deck 1｜全範囲の骨格,両方,地図・地理情報,主題図,統計地図,とうけいちず,なし,なし,世界,世界全体,該当なし,GE-000020-C01,identify,用語の識別,人口や産業などの統計値を地図上に表現した地図を何というか。,統計地図,統計地図,階級区分図、ドットマップ、等値線図などがある。,なし,なし,なし,なし,なし,文部科学省『高等学校学習指導要領解説 地理歴史編』,https://www.mext.go.jp/content/20220802-mxt_kyoiku02-100002620_03.pdf,なし
大学受験地理_Deck1_全範囲の骨格,GE-000021,21,Deck 1｜全範囲の骨格,両方,地図・地理情報,主題図,階級区分図,かいきゅうくぶんず,なし,GE-000020,世界,世界全体,該当なし,GE-000021-C01,identify,用語の識別,地域ごとの比率や密度を階級に分け、色や模様の濃淡で示す統計地図は何か。,階級区分図,階級区分図,総数よりも面積や人口で標準化した比率・密度に向く。,ドットマップ,階級区分図は地域単位の値、ドットマップは点の集まりで分布量を表す。,なし,なし,なし,文部科学省『高等学校学習指導要領解説 地理歴史編』,https://www.mext.go.jp/content/20220802-mxt_kyoiku02-100002620_03.pdf,階級区分図=かいきゅうくぶんず
大学受験地理_Deck1_全範囲の骨格,GE-000022,22,Deck 1｜全範囲の骨格,両方,地図・地理情報,主題図,ドットマップ,どっとまっぷ,なし,GE-000020,世界,世界全体,該当なし,GE-000022-C01,identify,用語の識別,一定量を一つの点に置き換え、点の密度で数量分布を表す統計地図は何か。,ドットマップ,ドットマップ,農産物や人口の分布を視覚的に示すのに向く。,なし,なし,なし,なし,なし,文部科学省『高等学校学習指導要領解説 地理歴史編』,https://www.mext.go.jp/content/20220802-mxt_kyoiku02-100002620_03.pdf,なし
大学受験地理_Deck1_全範囲の骨格,GE-000023,23,Deck 1｜全範囲の骨格,両方,地図・地理情報,主題図,等値線図,とうちせんず,なし,GE-000020,世界,世界全体,該当なし,GE-000023-C01,identify,用語の識別,気温や降水量など、連続的に変化する値が等しい地点を線で結ぶ統計地図は何か。,等値線図,等値線図,等温線・等圧線・等雨量線などがある。,なし,なし,なし,なし,なし,文部科学省『高等学校学習指導要領解説 地理歴史編』,https://www.mext.go.jp/content/20220802-mxt_kyoiku02-100002620_03.pdf,等値線図=とうちせんず
大学受験地理_Deck1_全範囲の骨格,GE-000024,24,Deck 1｜全範囲の骨格,両方,地図・地理情報,主題図,流線図,りゅうせんず,なし,GE-000020,世界,世界全体,該当なし,GE-000024-C01,identify,用語の識別,人・物・情報などの移動を、線の向きや太さで表す統計地図は何か。,流線図,流線図,流動量が多いほど線を太くする表現が一般的である。,なし,なし,なし,なし,なし,文部科学省『高等学校学習指導要領解説 地理歴史編』,https://www.mext.go.jp/content/20220802-mxt_kyoiku02-100002620_03.pdf,なし
大学受験地理_Deck1_全範囲の骨格,GE-000025,25,Deck 1｜全範囲の骨格,両方,地図・地理情報,主題図,カルトグラム,かるとぐらむ,変形地図,GE-000020,世界,世界全体,該当なし,GE-000025-C01,identify,用語の識別,人口やGDPなどの値に応じて地域の面積や形を変形して表す地図は何か。,カルトグラム,カルトグラム｜変形地図,実際の面積や形より、統計量の大小を強調する。,なし,なし,なし,なし,なし,文部科学省『高等学校学習指導要領解説 地理歴史編』,https://www.mext.go.jp/content/20220802-mxt_kyoiku02-100002620_03.pdf,なし
大学受験地理_Deck1_全範囲の骨格,GE-000026,26,Deck 1｜全範囲の骨格,両方,地図・地理情報,地理情報技術,GIS,じーあいえす,地理情報システム,なし,世界,世界全体,該当なし,GE-000026-C01,identify,用語の識別,位置情報を持つデータを重ね合わせ、検索・分析・表示する仕組みは何か。,GIS,GIS｜地理情報システム,地形、人口、土地利用、災害リスクなどを同じ地図上で分析できる。,なし,なし,なし,なし,なし,国土地理院『地理教育の道具箱』,https://www.gsi.go.jp/CHIRIKYOUIKU/,なし
大学受験地理_Deck1_全範囲の骨格,GE-000027,27,Deck 1｜全範囲の骨格,両方,地図・地理情報,地理情報技術,GNSS,じーえぬえすえす,全球測位衛星システム,なし,世界,世界全体,該当なし,GE-000027-C01,identify,用語の識別,人工衛星の信号を利用して地球上の位置を測る衛星測位システムの総称は何か。,GNSS,GNSS｜全球測位衛星システム,GPSはGNSSを構成する代表的な衛星測位システムの一つである。,GPS,GNSSは衛星測位システムの総称、GPSはその一方式である。,なし,なし,なし,国土地理院『地理教育の道具箱』,https://www.gsi.go.jp/CHIRIKYOUIKU/,なし
大学受験地理_Deck1_全範囲の骨格,GE-000028,28,Deck 1｜全範囲の骨格,両方,地図・地理情報,地理情報技術,リモートセンシング,りもーとせんしんぐ,遠隔探査,なし,世界,世界全体,該当なし,GE-000028-C01,identify,用語の識別,人工衛星や航空機のセンサーで、対象に直接触れず地表の情報を観測する技術は何か。,リモートセンシング,リモートセンシング｜遠隔探査,土地利用、植生、海面温度、災害状況などの把握に使われる。,なし,なし,なし,なし,なし,国土地理院『地理教育の道具箱』,https://www.gsi.go.jp/CHIRIKYOUIKU/,なし
大学受験地理_Deck1_全範囲の骨格,GE-000029,29,Deck 1｜全範囲の骨格,両方,地図・地理情報,地理情報技術,メッシュ統計,めっしゅとうけい,なし,なし,世界,世界全体,該当なし,GE-000029-C01,identify,用語の識別,地域を規則的な格子に区切り、各区画ごとに人口などを集計した統計は何か。,メッシュ統計,メッシュ統計,行政区域の違いに左右されにくく、地域を細かく比較できる。,なし,なし,なし,なし,なし,総務省統計局『人口推計』,https://www.stat.go.jp/data/jinsui/,なし
大学受験地理_Deck1_全範囲の骨格,GE-000030,30,Deck 1｜全範囲の骨格,地理総合,地図・地理情報,地域調査,フィールドワーク,ふぃーるどわーく,地域調査,なし,世界,世界全体,該当なし,GE-000030-C01,identify,用語の識別,現地で観察、聞き取り、測定などを行って地域を調べる方法は何か。,フィールドワーク,フィールドワーク｜地域調査,事前の仮説、現地調査、整理・分析、発表という流れで行う。,なし,なし,なし,なし,なし,文部科学省『高等学校学習指導要領解説 地理歴史編』,https://www.mext.go.jp/content/20220802-mxt_kyoiku02-100002620_03.pdf,なし
大学受験地理_Deck1_全範囲の骨格,GE-000031,31,Deck 1｜全範囲の骨格,両方,地図・地理情報,国家領域,国境,こっきょう,なし,なし,複数国家,世界全体,該当なし,GE-000031-C01,identify,用語の識別,国家の領域を区切る境界を何というか。,国境,国境,山脈・河川などの自然的境界と、緯線・経線などを用いた人為的境界がある。,なし,なし,なし,なし,なし,国際連合統計部『M49地域区分』,https://unstats.un.org/unsd/methodology/m49,なし
大学受験地理_Deck1_全範囲の骨格,GE-000032,32,Deck 1｜全範囲の骨格,両方,地図・地理情報,国家領域,領海,りょうかい,なし,なし,国家,沿岸国,該当なし,GE-000032-C01,number,幅,領海は、国連海洋法条約で基線から原則何海里までか。,12海里まで,12海里まで｜基線から12海里まで,領海では沿岸国の主権が及ぶが、外国船には無害通航権が認められる。,なし,なし,なし,海里,なし,国際連合『海洋法条約の概要』,https://www.un.org/depts/los/convention_agreements/convention_overview_convention.htm,なし
大学受験地理_Deck1_全範囲の骨格,GE-000033,33,Deck 1｜全範囲の骨格,両方,地図・地理情報,国家領域,排他的経済水域,はいたてきけいざいすいいき,EEZ,なし,国家,沿岸国,該当なし,GE-000033-C01,number,幅,排他的経済水域（EEZ）は、基線から原則何海里までか。,200海里まで,200海里まで｜基線から200海里まで,領海とは異なり、航行などに対する完全な主権ではなく、主に資源に関する主権的権利をもつ。,領海,領海は原則12海里で主権が及び、EEZは原則200海里で資源利用の主権的権利をもつ。,なし,海里,なし,国際連合『海洋法条約の概要』,https://www.un.org/depts/los/convention_agreements/convention_overview_convention.htm,排他的経済水域=はいたてきけいざいすいいき
大学受験地理_Deck1_全範囲の骨格,GE-000034,34,Deck 1｜全範囲の骨格,両方,地図・地理情報,世界の地域構成,大陸,たいりく,なし,なし,世界,世界全体,該当なし,GE-000034-C01,identify,用語の識別,海洋によって大きく隔てられた、地球上の広大な陸地を何というか。,大陸,大陸,大州という地域区分とは必ずしも完全に一致しない。,なし,なし,なし,なし,なし,国際連合統計部『M49地域区分』,https://unstats.un.org/unsd/methodology/m49,なし
大学受験地理_Deck1_全範囲の骨格,GE-000035,35,Deck 1｜全範囲の骨格,両方,地図・地理情報,世界の地域構成,大洋,たいよう,なし,なし,世界,世界全体,該当なし,GE-000035-C01,identify,用語の識別,大陸間に広がる世界規模の海洋を何というか。,大洋,大洋,太平洋・大西洋・インド洋などが代表例である。,なし,なし,なし,なし,なし,国際連合統計部『M49地域区分』,https://unstats.un.org/unsd/methodology/m49,なし
大学受験地理_Deck1_全範囲の骨格,GE-000036,36,Deck 1｜全範囲の骨格,両方,自然環境,地球内部,地球の内部構造,ちきゅうのないぶこうぞう,なし,なし,世界,世界全体,該当なし,GE-000036-C01,sequence,層の順序,地球の内部構造を、外側から内側へ基本的な三層で並べよ。,地殻・マントル・核,地殻・マントル・核｜地殻、マントル、核,地殻の下にマントルがあり、中心部に核がある。,なし,なし,なし,なし,なし,米国地質調査所『This Dynamic Earth』,https://pubs.usgs.gov/gip/dynamic/,なし
大学受験地理_Deck1_全範囲の骨格,GE-000037,37,Deck 1｜全範囲の骨格,両方,自然環境,地球内部,地殻,ちかく,なし,GE-000036,世界,世界全体,該当なし,GE-000037-C01,identify,用語の識別,地球の最外層をなす固体部分を何というか。,地殻,地殻,大陸地殻と海洋地殻があり、その下にマントルがある。,なし,なし,なし,なし,なし,米国地質調査所『This Dynamic Earth』,https://pubs.usgs.gov/gip/dynamic/,なし
大学受験地理_Deck1_全範囲の骨格,GE-000038,38,Deck 1｜全範囲の骨格,両方,自然環境,地球内部,マントル,まんとる,なし,GE-000036,世界,世界全体,該当なし,GE-000038-C01,identify,用語の識別,地殻の下から核の外側までを占める地球内部の層は何か。,マントル,マントル,長い時間尺度では流動し、プレート運動と関係する。,なし,なし,なし,なし,なし,米国地質調査所『This Dynamic Earth』,https://pubs.usgs.gov/gip/dynamic/,なし
大学受験地理_Deck1_全範囲の骨格,GE-000039,39,Deck 1｜全範囲の骨格,両方,自然環境,プレート運動,プレート,ぷれーと,なし,GE-000037｜GE-000038,世界,世界全体,該当なし,GE-000039-C01,identify,用語の識別,地殻と上部マントルの一部からなる、地球表面を覆う硬い岩板は何か。,プレート,プレート,複数のプレートがゆっくり移動し、その境界で地震や火山が多い。,なし,なし,なし,なし,なし,米国地質調査所『This Dynamic Earth』,https://pubs.usgs.gov/gip/dynamic/,なし
大学受験地理_Deck1_全範囲の骨格,GE-000040,40,Deck 1｜全範囲の骨格,両方,自然環境,プレート運動,プレートテクトニクス,ぷれーとてくとにくす,なし,GE-000039,世界,世界全体,該当なし,GE-000040-C01,identify,用語の識別,地球表面のプレートの運動によって、地震・火山・造山運動などを説明する理論は何か。,プレートテクトニクス,プレートテクトニクス,プレート境界の種類によって生じる地形や災害が異なる。,なし,なし,なし,なし,なし,米国地質調査所『This Dynamic Earth』,https://pubs.usgs.gov/gip/dynamic/,なし
大学受験地理_Deck1_全範囲の骨格,GE-000041,41,Deck 1｜全範囲の骨格,両方,自然環境,プレート地形,海嶺,かいれい,なし,GE-000040,世界,世界全体,該当なし,GE-000041-C01,identify,用語の識別,海底でプレートが左右に広がり、新しい海洋地殻が生まれる細長い高まりは何か。,海嶺,海嶺,発散境界に形成され、中央海嶺が代表的である。,なし,なし,なし,なし,なし,米国地質調査所『This Dynamic Earth』,https://pubs.usgs.gov/gip/dynamic/,海嶺=かいれい
大学受験地理_Deck1_全範囲の骨格,GE-000042,42,Deck 1｜全範囲の骨格,両方,自然環境,プレート地形,海溝,かいこう,なし,GE-000040,世界,世界全体,該当なし,GE-000042-C01,identify,用語の識別,海洋プレートが沈み込む場所にできる、細長く深い海底地形は何か。,海溝,海溝,収束境界に形成され、強い地震や津波と関係する。,なし,なし,なし,なし,なし,米国地質調査所『This Dynamic Earth』,https://pubs.usgs.gov/gip/dynamic/,海溝=かいこう
大学受験地理_Deck1_全範囲の骨格,GE-000043,43,Deck 1｜全範囲の骨格,両方,自然環境,プレート境界,沈み込み帯,しずみこみたい,なし,GE-000039｜GE-000042,世界,世界全体,該当なし,GE-000043-C01,identify,用語の識別,一方のプレートが他方のプレートの下へ沈み込む帯状の地域を何というか。,沈み込み帯,沈み込み帯,海溝、火山弧、深発地震などが組み合わさる。,なし,なし,なし,なし,なし,米国地質調査所『This Dynamic Earth』,https://pubs.usgs.gov/gip/dynamic/,沈み込み帯=しずみこみたい
大学受験地理_Deck1_全範囲の骨格,GE-000044,44,Deck 1｜全範囲の骨格,両方,自然環境,プレート境界,発散境界,はっさんきょうかい,なし,GE-000039,世界,世界全体,該当なし,GE-000044-C01,identify,用語の識別,二つのプレートが互いに離れる境界を何というか。,発散境界,発散境界,海嶺や大地溝帯が形成される。,収束境界,発散境界は離れ、収束境界は近づく。,なし,なし,なし,米国地質調査所『This Dynamic Earth』,https://pubs.usgs.gov/gip/dynamic/,発散境界=はっさんきょうかい
大学受験地理_Deck1_全範囲の骨格,GE-000045,45,Deck 1｜全範囲の骨格,両方,自然環境,プレート境界,収束境界,しゅうそくきょうかい,なし,GE-000039,世界,世界全体,該当なし,GE-000045-C01,identify,用語の識別,二つのプレートが互いに近づく境界を何というか。,収束境界,収束境界,沈み込みや大陸衝突が起こり、海溝や山脈が形成される。,発散境界,収束境界は近づき、発散境界は離れる。,なし,なし,なし,米国地質調査所『This Dynamic Earth』,https://pubs.usgs.gov/gip/dynamic/,収束境界=しゅうそくきょうかい
大学受験地理_Deck1_全範囲の骨格,GE-000046,46,Deck 1｜全範囲の骨格,両方,自然環境,プレート境界,横ずれ境界,よこずれきょうかい,トランスフォーム断層境界,GE-000039,世界,世界全体,該当なし,GE-000046-C01,identify,用語の識別,二つのプレートが水平方向にすれ違う境界を何というか。,横ずれ境界,横ずれ境界｜トランスフォーム断層境界,地殻の新生や消滅をほとんど伴わず、地震が起こりやすい。,なし,なし,なし,なし,なし,米国地質調査所『This Dynamic Earth』,https://pubs.usgs.gov/gip/dynamic/,なし
大学受験地理_Deck1_全範囲の骨格,GE-000047,47,Deck 1｜全範囲の骨格,両方,自然環境,地殻変動,断層,だんそう,なし,なし,世界,世界全体,該当なし,GE-000047-C01,identify,用語の識別,地層や岩盤に割れ目が生じ、その両側がずれた構造を何というか。,断層,断層,正断層、逆断層、横ずれ断層などがある。,なし,なし,なし,なし,なし,米国地質調査所『This Dynamic Earth』,https://pubs.usgs.gov/gip/dynamic/,なし
大学受験地理_Deck1_全範囲の骨格,GE-000048,48,Deck 1｜全範囲の骨格,両方,自然環境,地殻変動,活断層,かつだんそう,なし,GE-000047,世界,世界全体,該当なし,GE-000048-C01,identify,用語の識別,地質学的に新しい時代に繰り返し動き、今後も活動する可能性がある断層は何か。,活断層,活断層,内陸の浅い地震を起こすことがある。,なし,なし,なし,なし,なし,国土地理院『地理教育の道具箱』,https://www.gsi.go.jp/CHIRIKYOUIKU/,活断層=かつだんそう
大学受験地理_Deck1_全範囲の骨格,GE-000049,49,Deck 1｜全範囲の骨格,両方,自然環境,地震,震源,しんげん,なし,なし,世界,世界全体,該当なし,GE-000049-C01,identify,用語の識別,地下で地震の破壊が始まった地点を何というか。,震源,震源,地表上の真上の地点が震央である。,震央,震源は地下、震央はその真上の地表。,なし,なし,なし,米国地質調査所『This Dynamic Earth』,https://pubs.usgs.gov/gip/dynamic/,震源=しんげん
大学受験地理_Deck1_全範囲の骨格,GE-000050,50,Deck 1｜全範囲の骨格,両方,自然環境,地震,震央,しんおう,なし,GE-000049,世界,世界全体,該当なし,GE-000050-C01,identify,用語の識別,震源の真上にあたる地表の地点を何というか。,震央,震央,震源の深さとは別の位置情報である。,震源,震央は地表、震源は地下。,なし,なし,なし,米国地質調査所『This Dynamic Earth』,https://pubs.usgs.gov/gip/dynamic/,震央=しんおう
大学受験地理_Deck1_全範囲の骨格,GE-000051,51,Deck 1｜全範囲の骨格,両方,自然環境,地震,マグニチュード,まぐにちゅーど,なし,なし,世界,世界全体,該当なし,GE-000051-C01,identify,用語の識別,地震そのものの規模を表す尺度を何というか。,マグニチュード,マグニチュード,同じ地震でも地点ごとに異なる震度とは区別する。,震度,マグニチュードは地震の規模、震度は各地点の揺れの強さ。,なし,なし,なし,米国地質調査所『This Dynamic Earth』,https://pubs.usgs.gov/gip/dynamic/,なし
大学受験地理_Deck1_全範囲の骨格,GE-000052,52,Deck 1｜全範囲の骨格,両方,自然環境,地震,震度,しんど,なし,なし,世界,世界全体,該当なし,GE-000052-C01,identify,用語の識別,ある地点で観測された地震の揺れの強さを表す尺度を何というか。,震度,震度,一つの地震でも場所によって異なる。,マグニチュード,震度は地点ごとの揺れ、マグニチュードは地震全体の規模。,なし,なし,なし,気象庁『世界の天候』,https://www.data.jma.go.jp/cpd/monitor/index.html,震度=しんど
大学受験地理_Deck1_全範囲の骨格,GE-000053,53,Deck 1｜全範囲の骨格,両方,自然環境,火山,火山,かざん,なし,なし,世界,世界全体,該当なし,GE-000053-C01,identify,用語の識別,地下のマグマや火山灰などが地表へ噴出してできる地形を何というか。,火山,火山,プレート境界やホットスポットに多い。,なし,なし,なし,なし,なし,米国地質調査所『This Dynamic Earth』,https://pubs.usgs.gov/gip/dynamic/,なし
大学受験地理_Deck1_全範囲の骨格,GE-000054,54,Deck 1｜全範囲の骨格,両方,自然環境,火山,火山フロント,かざんふろんと,火山前線,GE-000043｜GE-000053,世界,世界全体,該当なし,GE-000054-C01,identify,用語の識別,沈み込み帯で、海溝にほぼ平行に火山が並ぶ帯の海溝側の境界を何というか。,火山フロント,火山フロント｜火山前線,沈み込むプレートから供給される水がマグマ生成を促す地域と関係する。,なし,なし,なし,なし,なし,米国地質調査所『This Dynamic Earth』,https://pubs.usgs.gov/gip/dynamic/,なし
大学受験地理_Deck1_全範囲の骨格,GE-000055,55,Deck 1｜全範囲の骨格,両方,自然環境,造山帯,環太平洋造山帯,かんたいへいようぞうざんたい,環太平洋火山帯｜リング・オブ・ファイア,なし,大州,太平洋周辺,該当なし,GE-000055-C01,identify,用語の識別,太平洋を取り囲み、地震と火山活動が活発な造山帯は何か。,環太平洋造山帯,環太平洋造山帯｜環太平洋火山帯｜リング・オブ・ファイア,プレートの沈み込み帯が多く分布する。,なし,なし,なし,なし,なし,米国地質調査所『This Dynamic Earth』,https://pubs.usgs.gov/gip/dynamic/,環太平洋造山帯=かんたいへいようぞうざんたい
大学受験地理_Deck1_全範囲の骨格,GE-000056,56,Deck 1｜全範囲の骨格,両方,自然環境,造山帯,アルプス・ヒマラヤ造山帯,あるぷすひまらやぞうざんたい,なし,なし,大州,ユーラシア南部,該当なし,GE-000056-C01,identify,用語の識別,地中海沿岸からヒマラヤ、東南アジアへ続く新期造山帯は何か。,アルプス・ヒマラヤ造山帯,アルプス・ヒマラヤ造山帯,アフリカ・アラビア・インドなどのプレートとユーラシアプレートの収束に関係する。,なし,なし,なし,なし,なし,米国地質調査所『This Dynamic Earth』,https://pubs.usgs.gov/gip/dynamic/,なし
大学受験地理_Deck1_全範囲の骨格,GE-000057,57,Deck 1｜全範囲の骨格,両方,自然環境,大地形,新期造山帯,しんきぞうざんたい,なし,なし,世界,世界全体,該当なし,GE-000057-C01,identify,用語の識別,地質学的に新しく形成され、険しい山地が多く地震・火山活動が活発な造山帯を何というか。,新期造山帯,新期造山帯,環太平洋造山帯とアルプス・ヒマラヤ造山帯が代表的である。,古期造山帯,新期造山帯は若く険しく地殻変動が活発、古期造山帯は侵食が進み比較的なだらか。,なし,なし,なし,文部科学省『高等学校学習指導要領解説 地理歴史編』,https://www.mext.go.jp/content/20220802-mxt_kyoiku02-100002620_03.pdf,なし
大学受験地理_Deck1_全範囲の骨格,GE-000058,58,Deck 1｜全範囲の骨格,両方,自然環境,大地形,古期造山帯,こきぞうざんたい,なし,なし,世界,世界全体,該当なし,GE-000058-C01,identify,用語の識別,古い時代の造山運動で形成され、侵食が進んだ比較的なだらかな山地を何というか。,古期造山帯,古期造山帯,石炭などの資源を産する地域が多い。,新期造山帯,古期造山帯は古く侵食が進み、新期造山帯は若く険しい。,なし,なし,なし,文部科学省『高等学校学習指導要領解説 地理歴史編』,https://www.mext.go.jp/content/20220802-mxt_kyoiku02-100002620_03.pdf,なし
大学受験地理_Deck1_全範囲の骨格,GE-000059,59,Deck 1｜全範囲の骨格,両方,自然環境,大地形,安定陸塊,あんていりくかい,なし,なし,世界,世界全体,該当なし,GE-000059-C01,identify,用語の識別,先カンブリア時代の古い岩石からなり、長期間大きな造山運動を受けていない大陸部分を何というか。,安定陸塊,安定陸塊,楯状地と卓状地に大別される。,なし,なし,なし,なし,なし,文部科学省『高等学校学習指導要領解説 地理歴史編』,https://www.mext.go.jp/content/20220802-mxt_kyoiku02-100002620_03.pdf,安定陸塊=あんていりくかい
大学受験地理_Deck1_全範囲の骨格,GE-000060,60,Deck 1｜全範囲の骨格,両方,自然環境,大地形,楯状地,たてじょうち,なし,GE-000059,世界,世界全体,該当なし,GE-000060-C01,identify,用語の識別,安定陸塊のうち、古い基盤岩が地表に露出している地域を何というか。,楯状地,楯状地,カナダ楯状地などが代表例で、金属資源に富む地域がある。,卓状地,楯状地は基盤岩が露出し、卓状地はその上を堆積層が覆う。,なし,なし,なし,文部科学省『高等学校学習指導要領解説 地理歴史編』,https://www.mext.go.jp/content/20220802-mxt_kyoiku02-100002620_03.pdf,楯状地=たてじょうち
大学受験地理_Deck1_全範囲の骨格,GE-000061,61,Deck 1｜全範囲の骨格,両方,自然環境,大地形,卓状地,たくじょうち,なし,GE-000059,世界,世界全体,該当なし,GE-000061-C01,identify,用語の識別,安定陸塊のうち、古い基盤岩の上を水平に近い堆積層が覆う地域を何というか。,卓状地,卓状地,広い平原や台地を形成しやすい。,楯状地,卓状地は堆積層に覆われ、楯状地は基盤岩が露出する。,なし,なし,なし,文部科学省『高等学校学習指導要領解説 地理歴史編』,https://www.mext.go.jp/content/20220802-mxt_kyoiku02-100002620_03.pdf,卓状地=たくじょうち
大学受験地理_Deck1_全範囲の骨格,GE-000062,62,Deck 1｜全範囲の骨格,両方,自然環境,山地地形,褶曲山地,しゅうきょくさんち,なし,なし,世界,世界全体,該当なし,GE-000062-C01,identify,用語の識別,地層が横から圧縮されて波状に曲がり、隆起してできた山地を何というか。,褶曲山地,褶曲山地,プレートの収束境界に形成される大山脈に多い。,なし,なし,なし,なし,なし,米国地質調査所『This Dynamic Earth』,https://pubs.usgs.gov/gip/dynamic/,褶曲山地=しゅうきょくさんち
大学受験地理_Deck1_全範囲の骨格,GE-000063,63,Deck 1｜全範囲の骨格,両方,自然環境,山地地形,断層山地,だんそうさんち,なし,GE-000047,世界,世界全体,該当なし,GE-000063-C01,identify,用語の識別,断層運動によって地塊が隆起してできた山地を何というか。,断層山地,断層山地,周辺に断層崖や盆地を伴うことがある。,なし,なし,なし,なし,なし,国土地理院『地理教育の道具箱』,https://www.gsi.go.jp/CHIRIKYOUIKU/,断層山地=だんそうさんち
大学受験地理_Deck1_全範囲の骨格,GE-000064,64,Deck 1｜全範囲の骨格,両方,自然環境,地形形成,外的営力,がいてきえいりょく,なし,なし,世界,世界全体,該当なし,GE-000064-C01,identify,用語の識別,流水、風、氷河などが地表を削り運び堆積させる作用の総称は何か。,外的営力,外的営力,風化・侵食・運搬・堆積を通じて小地形をつくる。,なし,なし,なし,なし,なし,国土地理院『地理教育の道具箱』,https://www.gsi.go.jp/CHIRIKYOUIKU/,外的営力=がいてきえいりょく
大学受験地理_Deck1_全範囲の骨格,GE-000065,65,Deck 1｜全範囲の骨格,両方,自然環境,地形形成,風化,ふうか,なし,GE-000064,世界,世界全体,該当なし,GE-000065-C01,identify,用語の識別,岩石が気温変化、水、生物などによってその場で崩れたり変質したりする作用は何か。,風化,風化,物理的風化と化学的風化がある。,侵食,風化はその場で岩石が崩れ、侵食は物質が削り取られる。,なし,なし,なし,国土地理院『地理教育の道具箱』,https://www.gsi.go.jp/CHIRIKYOUIKU/,なし
大学受験地理_Deck1_全範囲の骨格,GE-000066,66,Deck 1｜全範囲の骨格,両方,自然環境,地形形成,侵食,しんしょく,なし,GE-000064,世界,世界全体,該当なし,GE-000066-C01,identify,用語の識別,流水、波、風、氷河などが地表を削り取る作用は何か。,侵食,侵食,削られた物質は運搬され、別の場所に堆積する。,風化,侵食は削り取り、風化はその場で崩壊・変質する。,なし,なし,なし,国土地理院『地理教育の道具箱』,https://www.gsi.go.jp/CHIRIKYOUIKU/,なし
大学受験地理_Deck1_全範囲の骨格,GE-000067,67,Deck 1｜全範囲の骨格,両方,自然環境,地形形成,運搬,うんぱん,なし,GE-000064,世界,世界全体,該当なし,GE-000067-C01,identify,用語の識別,侵食された土砂や岩石を、流水・風・氷河などが別の場所へ移動させる作用は何か。,運搬,運搬,運ぶ力が弱まると堆積が起こる。,なし,なし,なし,なし,なし,国土地理院『地理教育の道具箱』,https://www.gsi.go.jp/CHIRIKYOUIKU/,なし
大学受験地理_Deck1_全範囲の骨格,GE-000068,68,Deck 1｜全範囲の骨格,両方,自然環境,地形形成,堆積,たいせき,なし,GE-000064｜GE-000067,世界,世界全体,該当なし,GE-000068-C01,identify,用語の識別,流水や風などの運搬力が弱まり、土砂が積もる作用は何か。,堆積,堆積,扇状地、三角州、砂州などの形成に関係する。,なし,なし,なし,なし,なし,国土地理院『地理教育の道具箱』,https://www.gsi.go.jp/CHIRIKYOUIKU/,堆積=たいせき
大学受験地理_Deck1_全範囲の骨格,GE-000069,69,Deck 1｜全範囲の骨格,両方,自然環境,河川地形,河川の上流,かせんのじょうりゅう,なし,GE-000066,世界,世界全体,該当なし,GE-000069-C01,association,卓越作用,河川の上流では、侵食・運搬・堆積のうちどの作用が最も卓越しやすいか。,侵食,侵食｜侵食作用,勾配が急で流速が大きく、V字谷が形成されやすい。,なし,なし,なし,なし,なし,国土地理院『地理教育の道具箱』,https://www.gsi.go.jp/CHIRIKYOUIKU/,なし
大学受験地理_Deck1_全範囲の骨格,GE-000070,70,Deck 1｜全範囲の骨格,両方,自然環境,河川地形,河川の中流,かせんのちゅうりゅう,なし,GE-000067,世界,世界全体,該当なし,GE-000070-C01,association,卓越作用,河川の中流では、侵食・運搬・堆積のうちどの作用が最も卓越しやすいか。,運搬,運搬｜運搬作用,上流で侵食された土砂を下流へ運ぶ作用が目立ち、蛇行も発達しやすい。,なし,なし,なし,なし,なし,国土地理院『地理教育の道具箱』,https://www.gsi.go.jp/CHIRIKYOUIKU/,なし
大学受験地理_Deck1_全範囲の骨格,GE-000071,71,Deck 1｜全範囲の骨格,両方,自然環境,河川地形,河川の下流,かせんのかりゅう,なし,GE-000068,世界,世界全体,該当なし,GE-000071-C01,association,卓越作用,河川の下流では、侵食・運搬・堆積のうちどの作用が最も卓越しやすいか。,堆積,堆積｜堆積作用,勾配が緩くなり、氾濫原や三角州が形成されやすい。,なし,なし,なし,なし,なし,国土地理院『地理教育の道具箱』,https://www.gsi.go.jp/CHIRIKYOUIKU/,なし
大学受験地理_Deck1_全範囲の骨格,GE-000072,72,Deck 1｜全範囲の骨格,両方,自然環境,河川地形,V字谷,ぶいじこく,なし,GE-000069,世界,世界全体,該当なし,GE-000072-C01,identify,用語の識別,河川の上流で下方侵食が進み、横断面がV字形になった谷を何というか。,V字谷,V字谷,谷底が狭く、両側の斜面が急である。,なし,なし,なし,なし,なし,国土地理院『地理教育の道具箱』,https://www.gsi.go.jp/CHIRIKYOUIKU/,なし
大学受験地理_Deck1_全範囲の骨格,GE-000073,73,Deck 1｜全範囲の骨格,両方,自然環境,河川地形,扇状地,せんじょうち,なし,GE-000068,世界,世界全体,該当なし,GE-000073-C01,identify,用語の識別,山地から平地へ出た河川が土砂を扇形に堆積させてできる地形は何か。,扇状地,扇状地,扇頂・扇央・扇端に分けられ、扇央は水が伏流しやすい。,なし,なし,なし,なし,なし,国土地理院『地理教育の道具箱』,https://www.gsi.go.jp/CHIRIKYOUIKU/,扇状地=せんじょうち
大学受験地理_Deck1_全範囲の骨格,GE-000074,74,Deck 1｜全範囲の骨格,両方,自然環境,河川地形,氾濫原,はんらんげん,なし,GE-000068,世界,世界全体,該当なし,GE-000074-C01,identify,用語の識別,河川の洪水による堆積が繰り返されてできる、低く平らな土地を何というか。,氾濫原,氾濫原,自然堤防や後背湿地などを含む。,なし,なし,なし,なし,なし,国土地理院『地理教育の道具箱』,https://www.gsi.go.jp/CHIRIKYOUIKU/,氾濫原=はんらんげん
大学受験地理_Deck1_全範囲の骨格,GE-000075,75,Deck 1｜全範囲の骨格,両方,自然環境,河川地形,自然堤防,しぜんていぼう,なし,GE-000074,世界,世界全体,該当なし,GE-000075-C01,identify,用語の識別,洪水時に河道沿いへ比較的粗い土砂が堆積してできる微高地は何か。,自然堤防,自然堤防,周囲よりやや高く排水がよいため、集落や畑に利用されやすい。,人工堤防,自然堤防は洪水堆積で自然形成され、人工堤防は人が築く。,なし,なし,なし,国土地理院『地理教育の道具箱』,https://www.gsi.go.jp/CHIRIKYOUIKU/,自然堤防=しぜんていぼう
大学受験地理_Deck1_全範囲の骨格,GE-000076,76,Deck 1｜全範囲の骨格,両方,自然環境,河川地形,後背湿地,こうはいしっち,なし,GE-000074｜GE-000075,世界,世界全体,該当なし,GE-000076-C01,identify,用語の識別,自然堤防の背後で細かい泥が堆積し、水はけが悪くなった低地を何というか。,後背湿地,後背湿地,水田に利用されることが多いが、洪水時には浸水しやすい。,なし,なし,なし,なし,なし,国土地理院『地理教育の道具箱』,https://www.gsi.go.jp/CHIRIKYOUIKU/,後背湿地=こうはいしっち
大学受験地理_Deck1_全範囲の骨格,GE-000077,77,Deck 1｜全範囲の骨格,両方,自然環境,河川地形,三角州,さんかくす,デルタ,GE-000068,世界,世界全体,該当なし,GE-000077-C01,identify,用語の識別,河口付近で流速が弱まり、土砂が堆積してできる低平な地形は何か。,三角州,三角州｜デルタ,河川が分流しやすく、低湿な土地が広がる。,なし,なし,なし,なし,なし,国土地理院『地理教育の道具箱』,https://www.gsi.go.jp/CHIRIKYOUIKU/,なし
大学受験地理_Deck1_全範囲の骨格,GE-000078,78,Deck 1｜全範囲の骨格,両方,自然環境,河川地形,河岸段丘,かがんだんきゅう,なし,GE-000066,世界,世界全体,該当なし,GE-000078-C01,identify,用語の識別,河川の下刻や地盤隆起により、かつての河床が階段状に残った地形は何か。,河岸段丘,河岸段丘,段丘面と段丘崖からなる。,なし,なし,なし,なし,なし,国土地理院『地理教育の道具箱』,https://www.gsi.go.jp/CHIRIKYOUIKU/,河岸段丘=かがんだんきゅう
大学受験地理_Deck1_全範囲の骨格,GE-000079,79,Deck 1｜全範囲の骨格,両方,自然環境,河川地形,三日月湖,みかづきこ,河跡湖,なし,世界,世界全体,該当なし,GE-000079-C01,identify,用語の識別,蛇行する河川の一部が本流から切り離されてできる弧状の湖は何か。,三日月湖,三日月湖｜河跡湖,氾濫原で河道が短絡した後に残る。,なし,なし,なし,なし,なし,国土地理院『地理教育の道具箱』,https://www.gsi.go.jp/CHIRIKYOUIKU/,三日月湖=みかづきこ
大学受験地理_Deck1_全範囲の骨格,GE-000080,80,Deck 1｜全範囲の骨格,両方,自然環境,河川地形,伏流,ふくりゅう,なし,GE-000073,世界,世界全体,該当なし,GE-000080-C01,identify,用語の識別,河川水が透水性の高い砂礫層へしみ込み、地表から見えなくなる流れを何というか。,伏流,伏流,扇状地の扇央で生じやすく、扇端で湧水となることがある。,なし,なし,なし,なし,なし,国土地理院『地理教育の道具箱』,https://www.gsi.go.jp/CHIRIKYOUIKU/,伏流=ふくりゅう
大学受験地理_Deck1_全範囲の骨格,GE-000081,81,Deck 1｜全範囲の骨格,両方,自然環境,平野,沖積平野,ちゅうせきへいや,なし,なし,世界,世界全体,該当なし,GE-000081-C01,identify,用語の識別,主に現在に近い地質時代の河川堆積物からなる、低く平らな平野を何というか。,沖積平野,沖積平野,氾濫原や三角州を含み、人口や農業が集中しやすい。,なし,なし,なし,なし,なし,国土地理院『地理教育の道具箱』,https://www.gsi.go.jp/CHIRIKYOUIKU/,沖積平野=ちゅうせきへいや
大学受験地理_Deck1_全範囲の骨格,GE-000082,82,Deck 1｜全範囲の骨格,両方,自然環境,平野,洪積台地,こうせきだいち,更新世段丘,なし,世界,世界全体,該当なし,GE-000082-C01,identify,用語の識別,更新世に形成された地層が隆起・侵食され、沖積低地より一段高く残る台地を何というか。,洪積台地,洪積台地｜更新世段丘,日本の地理では武蔵野台地などの理解に用いられる伝統的用語である。,沖積平野,洪積台地は低地より高く古い地層、沖積平野は低く新しい堆積地形。,なし,なし,なし,国土地理院『地理教育の道具箱』,https://www.gsi.go.jp/CHIRIKYOUIKU/,洪積台地=こうせきだいち
大学受験地理_Deck1_全範囲の骨格,GE-000083,83,Deck 1｜全範囲の骨格,両方,自然環境,特殊地形,カルスト地形,かるすとちけい,なし,なし,世界,世界全体,該当なし,GE-000083-C01,identify,用語の識別,石灰岩が雨水や地下水に溶かされてできる地形の総称は何か。,カルスト地形,カルスト地形,ドリーネ、鍾乳洞、石灰岩柱などが代表的である。,なし,なし,なし,なし,なし,国土地理院『地理教育の道具箱』,https://www.gsi.go.jp/CHIRIKYOUIKU/,なし
大学受験地理_Deck1_全範囲の骨格,GE-000084,84,Deck 1｜全範囲の骨格,両方,自然環境,特殊地形,ドリーネ,どりーね,なし,GE-000083,世界,世界全体,該当なし,GE-000084-C01,identify,用語の識別,カルスト地域にみられる、すり鉢状の閉じたくぼ地を何というか。,ドリーネ,ドリーネ,石灰岩の溶食や地下空洞の陥没で生じる。,なし,なし,なし,なし,なし,国土地理院『地理教育の道具箱』,https://www.gsi.go.jp/CHIRIKYOUIKU/,なし
大学受験地理_Deck1_全範囲の骨格,GE-000085,85,Deck 1｜全範囲の骨格,両方,自然環境,特殊地形,鍾乳洞,しょうにゅうどう,なし,GE-000083,世界,世界全体,該当なし,GE-000085-C01,identify,用語の識別,石灰岩地域で、地下水の溶食によってできる地下洞窟を何というか。,鍾乳洞,鍾乳洞,洞内では炭酸カルシウムが再沈殿し、鍾乳石や石筍が形成される。,なし,なし,なし,なし,なし,国土地理院『地理教育の道具箱』,https://www.gsi.go.jp/CHIRIKYOUIKU/,鍾乳洞=しょうにゅうどう
大学受験地理_Deck1_全範囲の骨格,GE-000086,86,Deck 1｜全範囲の骨格,両方,自然環境,風成地形,砂丘,さきゅう,なし,なし,世界,世界全体,該当なし,GE-000086-C01,identify,用語の識別,風で運ばれた砂が堆積してできる丘状の地形を何というか。,砂丘,砂丘,海岸や砂漠に形成され、風向によって形が変わる。,なし,なし,なし,なし,なし,国土地理院『地理教育の道具箱』,https://www.gsi.go.jp/CHIRIKYOUIKU/,砂丘=さきゅう
大学受験地理_Deck1_全範囲の骨格,GE-000087,87,Deck 1｜全範囲の骨格,両方,自然環境,海岸地形,砂州,さす,なし,なし,世界,世界全体,該当なし,GE-000087-C01,identify,用語の識別,沿岸流や波によって運ばれた砂礫が、細長く堆積してできる地形は何か。,砂州,砂州,湾口をふさぐと内側に潟湖ができる。,なし,なし,なし,なし,なし,国土地理院『地理教育の道具箱』,https://www.gsi.go.jp/CHIRIKYOUIKU/,砂州=さす
大学受験地理_Deck1_全範囲の骨格,GE-000088,88,Deck 1｜全範囲の骨格,両方,自然環境,海岸地形,潟湖,せきこ,ラグーン,GE-000087,世界,世界全体,該当なし,GE-000088-C01,identify,用語の識別,砂州などによって海の一部が外海から隔てられてできる浅い湖は何か。,潟湖,潟湖｜ラグーン,海水と淡水が混じる汽水湖になることが多い。,なし,なし,なし,なし,なし,国土地理院『地理教育の道具箱』,https://www.gsi.go.jp/CHIRIKYOUIKU/,潟湖=せきこ
大学受験地理_Deck1_全範囲の骨格,GE-000089,89,Deck 1｜全範囲の骨格,両方,自然環境,海岸地形,リアス海岸,りあすかいがん,なし,なし,世界,世界全体,該当なし,GE-000089-C01,identify,用語の識別,山地の谷が沈水して、入り江が複雑に入り組んだ海岸を何というか。,リアス海岸,リアス海岸,天然の良港になりやすい一方、湾奥で津波が高くなる場合がある。,フィヨルド,リアス海岸は河谷の沈水、フィヨルドは氷食谷の沈水。,なし,なし,なし,国土地理院『地理教育の道具箱』,https://www.gsi.go.jp/CHIRIKYOUIKU/,なし
大学受験地理_Deck1_全範囲の骨格,GE-000090,90,Deck 1｜全範囲の骨格,両方,自然環境,海岸地形,フィヨルド,ふぃよるど,なし,なし,世界,世界全体,該当なし,GE-000090-C01,identify,用語の識別,氷河が削ったU字谷が沈水してできた、細長く深い湾を何というか。,フィヨルド,フィヨルド,ノルウェー沿岸など高緯度の氷河地域に多い。,リアス海岸,フィヨルドは氷食谷、リアス海岸は河谷が沈水してできる。,なし,なし,なし,米国地質調査所『This Dynamic Earth』,https://pubs.usgs.gov/gip/dynamic/,なし
大学受験地理_Deck1_全範囲の骨格,GE-000091,91,Deck 1｜全範囲の骨格,両方,自然環境,海岸地形,海岸段丘,かいがんだんきゅう,なし,なし,世界,世界全体,該当なし,GE-000091-C01,identify,用語の識別,海食台や旧海岸線が地盤隆起や海面低下で階段状に陸上へ残った地形は何か。,海岸段丘,海岸段丘,段丘面にかつての海岸地形が残る。,なし,なし,なし,なし,なし,国土地理院『地理教育の道具箱』,https://www.gsi.go.jp/CHIRIKYOUIKU/,海岸段丘=かいがんだんきゅう
大学受験地理_Deck1_全範囲の骨格,GE-000092,92,Deck 1｜全範囲の骨格,両方,自然環境,海岸地形,海食崖,かいしょくがい,なし,なし,世界,世界全体,該当なし,GE-000092-C01,identify,用語の識別,波の侵食によって海岸に形成される急な崖を何というか。,海食崖,海食崖,崖の前面には波食台が形成されることがある。,なし,なし,なし,なし,なし,国土地理院『地理教育の道具箱』,https://www.gsi.go.jp/CHIRIKYOUIKU/,海食崖=かいしょくがい
大学受験地理_Deck1_全範囲の骨格,GE-000093,93,Deck 1｜全範囲の骨格,両方,自然環境,海岸地形,サンゴ礁,さんごしょう,なし,なし,世界,世界全体,該当なし,GE-000093-C01,identify,用語の識別,造礁サンゴなどの石灰質骨格が堆積してつくられる浅海の地形は何か。,サンゴ礁,サンゴ礁,一般に温暖で透明度が高く、浅い海に発達する。,なし,なし,なし,なし,なし,文部科学省『高等学校学習指導要領解説 地理歴史編』,https://www.mext.go.jp/content/20220802-mxt_kyoiku02-100002620_03.pdf,サンゴ礁=さんごしょう
大学受験地理_Deck1_全範囲の骨格,GE-000094,94,Deck 1｜全範囲の骨格,両方,自然環境,サンゴ礁,裾礁,きょしょう,なし,GE-000093,世界,世界全体,該当なし,GE-000094-C01,identify,用語の識別,サンゴ礁のうち、島や大陸の海岸に接して発達する型を何というか。,裾礁,裾礁,海岸との間に広い礁湖をほとんどもたない。,堡礁,裾礁は海岸に接し、堡礁は礁湖を隔てて沖合にある。,なし,なし,なし,文部科学省『高等学校学習指導要領解説 地理歴史編』,https://www.mext.go.jp/content/20220802-mxt_kyoiku02-100002620_03.pdf,裾礁=きょしょう
大学受験地理_Deck1_全範囲の骨格,GE-000095,95,Deck 1｜全範囲の骨格,両方,自然環境,サンゴ礁,堡礁,ほしょう,なし,GE-000093,世界,世界全体,該当なし,GE-000095-C01,identify,用語の識別,サンゴ礁のうち、島や大陸との間に広い礁湖をはさんで沖合に発達する型を何というか。,堡礁,堡礁,グレートバリアリーフが代表例である。,裾礁,堡礁は広い礁湖を隔て、裾礁は海岸に接する。,なし,なし,なし,文部科学省『高等学校学習指導要領解説 地理歴史編』,https://www.mext.go.jp/content/20220802-mxt_kyoiku02-100002620_03.pdf,堡礁=ほしょう
大学受験地理_Deck1_全範囲の骨格,GE-000096,96,Deck 1｜全範囲の骨格,両方,自然環境,サンゴ礁,環礁,かんしょう,アトール,GE-000093,世界,世界全体,該当なし,GE-000096-C01,identify,用語の識別,中央に礁湖を囲む環状のサンゴ礁を何というか。,環礁,環礁｜アトール,火山島の沈降とサンゴ礁の成長で説明されることが多い。,なし,なし,なし,なし,なし,文部科学省『高等学校学習指導要領解説 地理歴史編』,https://www.mext.go.jp/content/20220802-mxt_kyoiku02-100002620_03.pdf,環礁=かんしょう
大学受験地理_Deck1_全範囲の骨格,GE-000097,97,Deck 1｜全範囲の骨格,両方,自然環境,氷河地形,氷河,ひょうが,なし,なし,世界,世界全体,該当なし,GE-000097-C01,identify,用語の識別,雪が長期間圧縮されて氷となり、重力でゆっくり流動する氷体を何というか。,氷河,氷河,山岳氷河と大陸氷河があり、侵食・運搬・堆積作用を行う。,なし,なし,なし,なし,なし,米国地質調査所『This Dynamic Earth』,https://pubs.usgs.gov/gip/dynamic/,なし
大学受験地理_Deck1_全範囲の骨格,GE-000098,98,Deck 1｜全範囲の骨格,両方,自然環境,氷河地形,圏谷,けんこく,カール,GE-000097,世界,世界全体,該当なし,GE-000098-C01,identify,用語の識別,山岳氷河の侵食で山腹に形成される、半円形のくぼ地を何というか。,圏谷,圏谷｜カール,氷河が消えた後に湖ができることがある。,なし,なし,なし,なし,なし,米国地質調査所『This Dynamic Earth』,https://pubs.usgs.gov/gip/dynamic/,圏谷=けんこく
大学受験地理_Deck1_全範囲の骨格,GE-000099,99,Deck 1｜全範囲の骨格,両方,自然環境,氷河地形,U字谷,ゆーじこく,なし,GE-000097,世界,世界全体,該当なし,GE-000099-C01,identify,用語の識別,氷河の侵食によって谷底が広く、横断面がU字形になった谷を何というか。,U字谷,U字谷,河川がつくるV字谷と対照的である。,V字谷,U字谷は氷河侵食、V字谷は河川の下方侵食で形成される。,なし,なし,なし,米国地質調査所『This Dynamic Earth』,https://pubs.usgs.gov/gip/dynamic/,なし
大学受験地理_Deck1_全範囲の骨格,GE-000100,100,Deck 1｜全範囲の骨格,両方,自然環境,氷河地形,モレーン,もれーん,氷堆石,GE-000097,世界,世界全体,該当なし,GE-000100-C01,identify,用語の識別,氷河が運んだ岩屑が、氷河の末端や側面などに堆積した地形を何というか。,モレーン,モレーン｜氷堆石,氷河の過去の広がりを示す手掛かりになる。,なし,なし,なし,なし,なし,米国地質調査所『This Dynamic Earth』,https://pubs.usgs.gov/gip/dynamic/,なし
大学受験地理_Deck1_全範囲の骨格,GE-000101,101,Deck 1｜全範囲の骨格,両方,自然環境,乾燥地形,ワジ,わじ,涸れ川,なし,世界,乾燥地域,該当なし,GE-000101-C01,identify,用語の識別,乾燥地域で、普段は水がなく降雨時だけ流れる河道を何というか。,ワジ,ワジ｜涸れ川,短時間の集中豪雨で急な洪水が起こることがある。,なし,なし,なし,なし,なし,文部科学省『高等学校学習指導要領解説 地理歴史編』,https://www.mext.go.jp/content/20220802-mxt_kyoiku02-100002620_03.pdf,なし
大学受験地理_Deck1_全範囲の骨格,GE-000102,102,Deck 1｜全範囲の骨格,両方,自然環境,乾燥地形,オアシス,おあしす,なし,なし,世界,乾燥地域,該当なし,GE-000102-C01,identify,用語の識別,乾燥地域で地下水や河川水を得られ、居住や農業が可能な場所を何というか。,オアシス,オアシス,泉、井戸、外来河川などが水源となる。,なし,なし,なし,なし,なし,国連食糧農業機関『Land & Water』,https://www.fao.org/land-water/en/,なし
大学受験地理_Deck1_全範囲の骨格,GE-000103,103,Deck 1｜全範囲の骨格,両方,自然環境,風成地形,黄土,おうど,レス,なし,世界,世界の中緯度地域,該当なし,GE-000103-C01,identify,用語の識別,風で運ばれた細かなシルトが厚く堆積した、黄褐色の土を何というか。,黄土,黄土｜レス,中国の黄土高原やヨーロッパ、北アメリカなどに分布する。,なし,なし,なし,なし,なし,文部科学省『高等学校学習指導要領解説 地理歴史編』,https://www.mext.go.jp/content/20220802-mxt_kyoiku02-100002620_03.pdf,黄土=おうど
大学受験地理_Deck1_全範囲の骨格,GE-000104,104,Deck 1｜全範囲の骨格,両方,自然環境,火山地形,溶岩台地,ようがんだいち,なし,GE-000053,世界,世界全体,該当なし,GE-000104-C01,identify,用語の識別,流動性の高い溶岩が広く流れ重なってできる台地を何というか。,溶岩台地,溶岩台地,大規模な玄武岩質溶岩流で形成されることが多い。,なし,なし,なし,なし,なし,米国地質調査所『This Dynamic Earth』,https://pubs.usgs.gov/gip/dynamic/,溶岩台地=ようがんだいち
大学受験地理_Deck1_全範囲の骨格,GE-000105,105,Deck 1｜全範囲の骨格,両方,自然環境,構造地形,ケスタ,けすた,なし,なし,世界,世界全体,該当なし,GE-000105-C01,identify,用語の識別,硬い地層と軟らかい地層が緩く傾く地域で、侵食差により片側が急崖、反対側が緩斜面となる地形は何か。,ケスタ,ケスタ,パリ盆地周辺などでみられる。,なし,なし,なし,なし,なし,文部科学省『高等学校学習指導要領解説 地理歴史編』,https://www.mext.go.jp/content/20220802-mxt_kyoiku02-100002620_03.pdf,なし
大学受験地理_Deck1_全範囲の骨格,GE-000106,106,Deck 1｜全範囲の骨格,両方,気候・植生・土壌,気候要素,天気,てんき,なし,なし,世界,世界全体,該当なし,GE-000106-C01,identify,用語の識別,ある場所の短い時間における大気の状態を何というか。,天気,天気,気温、降水、風、雲などで表され、長期平均である気候とは区別する。,気候,天気は短期間の状態、気候は長期間の平均的特徴。,なし,なし,なし,気象庁『世界の天候』,https://www.data.jma.go.jp/cpd/monitor/index.html,なし
大学受験地理_Deck1_全範囲の骨格,GE-000107,107,Deck 1｜全範囲の骨格,両方,気候・植生・土壌,気候要素,気候,きこう,なし,なし,世界,世界全体,該当なし,GE-000107-C01,identify,用語の識別,ある地域で長期間にわたり繰り返される大気の平均的な状態を何というか。,気候,気候,気温・降水量・風などの長期的な特徴で表す。,天気,気候は長期間の平均、天気は短期間の状態。,なし,なし,なし,気象庁『世界の天候』,https://www.data.jma.go.jp/cpd/monitor/index.html,なし
大学受験地理_Deck1_全範囲の骨格,GE-000108,108,Deck 1｜全範囲の骨格,両方,気候・植生・土壌,気候要素,気温,きおん,なし,なし,世界,世界全体,該当なし,GE-000108-C01,identify,用語の識別,大気の温度を何というか。,気温,気温,緯度、標高、海陸分布、海流などの影響を受ける。,なし,なし,なし,なし,なし,気象庁『世界の天候』,https://www.data.jma.go.jp/cpd/monitor/index.html,なし
大学受験地理_Deck1_全範囲の骨格,GE-000109,109,Deck 1｜全範囲の骨格,両方,気候・植生・土壌,気候要素,降水量,こうすいりょう,なし,なし,世界,世界全体,該当なし,GE-000109-C01,definition,定義,降水量とは、雨や雪などを何に換算した量か。,水の深さに換算した量,水の深さに換算した量,通常はミリメートルで表す。,なし,なし,なし,mm,なし,気象庁『世界の天候』,https://www.data.jma.go.jp/cpd/monitor/index.html,降水量=こうすいりょう
大学受験地理_Deck1_全範囲の骨格,GE-000110,110,Deck 1｜全範囲の骨格,両方,気候・植生・土壌,気温,年較差,ねんかくさ,なし,なし,世界,世界全体,該当なし,GE-000110-C01,identify,用語の識別,最暖月の平均気温と最寒月の平均気温の差を何というか。,年較差,年較差,一般に内陸ほど大きく、海洋の影響が強い地域ほど小さい。,日較差,年較差は月平均気温の年内差、日較差は一日の最高・最低気温差。,なし,なし,なし,気象庁『世界の天候』,https://www.data.jma.go.jp/cpd/monitor/index.html,年較差=ねんかくさ
大学受験地理_Deck1_全範囲の骨格,GE-000111,111,Deck 1｜全範囲の骨格,両方,気候・植生・土壌,気温,日較差,にちかくさ,なし,なし,世界,世界全体,該当なし,GE-000111-C01,identify,用語の識別,一日の最高気温と最低気温の差を何というか。,日較差,日較差,乾燥地域や晴天時に大きくなりやすい。,年較差,日較差は一日内、年較差は一年内の気温差。,なし,なし,なし,気象庁『世界の天候』,https://www.data.jma.go.jp/cpd/monitor/index.html,日較差=にちかくさ
大学受験地理_Deck1_全範囲の骨格,GE-000112,112,Deck 1｜全範囲の骨格,両方,気候・植生・土壌,気温,日射,にっしゃ,なし,なし,世界,世界全体,該当なし,GE-000112-C01,identify,用語の識別,太陽から地表へ届く放射エネルギーを何というか。,日射,日射,太陽高度が高いほど単位面積当たりの日射が強くなりやすい。,なし,なし,なし,なし,なし,気象庁『世界の天候』,https://www.data.jma.go.jp/cpd/monitor/index.html,日射=にっしゃ
大学受験地理_Deck1_全範囲の骨格,GE-000113,113,Deck 1｜全範囲の骨格,両方,気候・植生・土壌,気温,気温逓減率,きおんていげんりつ,なし,なし,世界,世界全体,該当なし,GE-000113-C01,number,高度による低下,気温逓減率の目安として、対流圏では高度が100m上がると気温は平均約何度下がるか。,約0.6℃,約0.6℃｜0.6℃程度,実際の値は湿度や大気状態で変わるが、地理では100mにつき約0.6℃を目安にする。,なし,なし,なし,℃/100m,なし,気象庁『世界の天候』,https://www.data.jma.go.jp/cpd/monitor/index.html,気温逓減率=きおんていげんりつ
大学受験地理_Deck1_全範囲の骨格,GE-000114,114,Deck 1｜全範囲の骨格,両方,気候・植生・土壌,気候因子,海陸分布,かいりくぶんぷ,なし,なし,世界,世界全体,該当なし,GE-000114-C01,identify,用語の識別,海洋と大陸の配置によって、沿岸と内陸の気温差や風が変わる気候因子を何というか。,海陸分布,海陸分布,陸は海より温まりやすく冷えやすいため、内陸ほど気温変化が大きくなりやすい。,なし,なし,なし,なし,なし,文部科学省『高等学校学習指導要領解説 地理歴史編』,https://www.mext.go.jp/content/20220802-mxt_kyoiku02-100002620_03.pdf,海陸分布=かいりくぶんぷ
大学受験地理_Deck1_全範囲の骨格,GE-000115,115,Deck 1｜全範囲の骨格,両方,気候・植生・土壌,気候因子,大陸性気候,たいりくせいきこう,なし,GE-000110｜GE-000114,世界,世界全体,該当なし,GE-000115-C01,identify,用語の識別,海洋の影響が弱く、一般に気温の年較差が大きい内陸の気候を何というか。,大陸性気候,大陸性気候,冬の寒さや夏の暑さが強まりやすい。,海洋性気候,大陸性気候は年較差が大きく、海洋性気候は小さい。,なし,なし,なし,気象庁『世界の天候』,https://www.data.jma.go.jp/cpd/monitor/index.html,なし
大学受験地理_Deck1_全範囲の骨格,GE-000116,116,Deck 1｜全範囲の骨格,両方,気候・植生・土壌,気候因子,海洋性気候,かいようせいきこう,なし,GE-000110｜GE-000114,世界,世界全体,該当なし,GE-000116-C01,identify,用語の識別,海洋の影響が強く、一般に気温の年較差が小さい沿岸の気候を何というか。,海洋性気候,海洋性気候,夏は比較的涼しく、冬は比較的温和になりやすい。,大陸性気候,海洋性気候は年較差が小さく、大陸性気候は大きい。,なし,なし,なし,気象庁『世界の天候』,https://www.data.jma.go.jp/cpd/monitor/index.html,なし
大学受験地理_Deck1_全範囲の骨格,GE-000117,117,Deck 1｜全範囲の骨格,両方,気候・植生・土壌,大気運動,気圧,きあつ,なし,なし,世界,世界全体,該当なし,GE-000117-C01,identify,用語の識別,大気が地表を押す力を何というか。,気圧,気圧,気圧差が風を生む基本要因になる。,なし,なし,なし,なし,なし,気象庁『世界の天候』,https://www.data.jma.go.jp/cpd/monitor/index.html,なし
大学受験地理_Deck1_全範囲の骨格,GE-000118,118,Deck 1｜全範囲の骨格,両方,気候・植生・土壌,大気運動,風,かぜ,なし,GE-000117,世界,世界全体,該当なし,GE-000118-C01,identify,用語の識別,一般に高気圧側から低気圧側へ向かう空気の水平移動を何というか。,風,風,実際の風向は地球の自転や摩擦の影響で曲げられる。,なし,なし,なし,なし,なし,気象庁『世界の天候』,https://www.data.jma.go.jp/cpd/monitor/index.html,なし
大学受験地理_Deck1_全範囲の骨格,GE-000119,119,Deck 1｜全範囲の骨格,両方,気候・植生・土壌,大気運動,コリオリの力,こりおりのちから,なし,なし,世界,世界全体,該当なし,GE-000119-C01,identify,用語の識別,地球の自転によって、移動する空気や海水が北半球では右、南半球では左へ曲がるように見える力は何か。,コリオリの力,コリオリの力,赤道付近では弱く、高緯度ほど強い。,なし,なし,なし,なし,なし,気象庁『世界の天候』,https://www.data.jma.go.jp/cpd/monitor/index.html,なし
大学受験地理_Deck1_全範囲の骨格,GE-000120,120,Deck 1｜全範囲の骨格,両方,気候・植生・土壌,大気運動,大気大循環,たいきだいじゅんかん,なし,GE-000117｜GE-000118｜GE-000119,世界,世界全体,該当なし,GE-000120-C01,identify,用語の識別,低緯度と高緯度の熱の差をならす、地球規模の大気の循環を何というか。,大気大循環,大気大循環,気圧帯と恒常風の分布を生み出す。,なし,なし,なし,なし,なし,気象庁『世界の天候』,https://www.data.jma.go.jp/cpd/monitor/index.html,大気大循環=たいきだいじゅんかん
大学受験地理_Deck1_全範囲の骨格,GE-000121,121,Deck 1｜全範囲の骨格,両方,気候・植生・土壌,気圧帯,赤道低圧帯,せきどうていあつたい,熱帯収束帯｜ITCZ,GE-000120,世界,世界全体,該当なし,GE-000121-C01,identify,用語の識別,赤道付近で強い日射により空気が上昇し、低圧となる帯を何というか。,赤道低圧帯,赤道低圧帯｜熱帯収束帯｜ITCZ,貿易風が収束し、対流性降雨が多い。,なし,なし,なし,なし,なし,気象庁『世界の天候』,https://www.data.jma.go.jp/cpd/monitor/index.html,なし
大学受験地理_Deck1_全範囲の骨格,GE-000122,122,Deck 1｜全範囲の骨格,両方,気候・植生・土壌,気圧帯,亜熱帯高圧帯,あねったいこうあつたい,なし,GE-000120,世界,世界全体,該当なし,GE-000122-C01,identify,用語の識別,南北緯30度付近で下降気流が卓越し、乾燥しやすい高圧帯を何というか。,亜熱帯高圧帯,亜熱帯高圧帯,世界の大砂漠が分布する緯度帯とおおむね対応する。,なし,なし,なし,なし,なし,気象庁『世界の天候』,https://www.data.jma.go.jp/cpd/monitor/index.html,亜熱帯高圧帯=あねったいこうあつたい
大学受験地理_Deck1_全範囲の骨格,GE-000123,123,Deck 1｜全範囲の骨格,両方,気候・植生・土壌,気圧帯,亜寒帯低圧帯,あかんたいていあつたい,なし,GE-000120,世界,世界全体,該当なし,GE-000123-C01,identify,用語の識別,南北緯60度付近で偏西風と極東風が収束し、低圧となる帯を何というか。,亜寒帯低圧帯,亜寒帯低圧帯,温帯低気圧が発達しやすい。,なし,なし,なし,なし,なし,気象庁『世界の天候』,https://www.data.jma.go.jp/cpd/monitor/index.html,亜寒帯低圧帯=あかんたいていあつたい
大学受験地理_Deck1_全範囲の骨格,GE-000124,124,Deck 1｜全範囲の骨格,両方,気候・植生・土壌,気圧帯,極高圧帯,きょくこうあつたい,なし,GE-000120,世界,世界全体,該当なし,GE-000124-C01,identify,用語の識別,極付近で冷たい空気が下降し、高圧となる帯を何というか。,極高圧帯,極高圧帯,ここから低緯度側へ極東風が吹き出す。,なし,なし,なし,なし,なし,気象庁『世界の天候』,https://www.data.jma.go.jp/cpd/monitor/index.html,なし
大学受験地理_Deck1_全範囲の骨格,GE-000125,125,Deck 1｜全範囲の骨格,両方,気候・植生・土壌,恒常風,貿易風,ぼうえきふう,なし,GE-000121｜GE-000122｜GE-000119,世界,世界全体,該当なし,GE-000125-C01,identify,用語の識別,亜熱帯高圧帯から赤道低圧帯へ向かい、東寄りに吹く恒常風は何か。,貿易風,貿易風,北半球では北東、南半球では南東から吹く。,なし,なし,なし,なし,なし,気象庁『世界の天候』,https://www.data.jma.go.jp/cpd/monitor/index.html,なし
大学受験地理_Deck1_全範囲の骨格,GE-000126,126,Deck 1｜全範囲の骨格,両方,気候・植生・土壌,恒常風,偏西風,へんせいふう,なし,GE-000122｜GE-000123｜GE-000119,世界,世界全体,該当なし,GE-000126-C01,identify,用語の識別,中緯度で亜熱帯高圧帯から亜寒帯低圧帯へ向かい、西から東へ吹く恒常風は何か。,偏西風,偏西風,温帯の天気変化や海流に大きく関係する。,なし,なし,なし,なし,なし,気象庁『世界の天候』,https://www.data.jma.go.jp/cpd/monitor/index.html,なし
大学受験地理_Deck1_全範囲の骨格,GE-000127,127,Deck 1｜全範囲の骨格,両方,気候・植生・土壌,恒常風,極東風,きょくとうふう,なし,GE-000123｜GE-000124｜GE-000119,世界,世界全体,該当なし,GE-000127-C01,identify,用語の識別,極高圧帯から亜寒帯低圧帯へ向かい、東寄りに吹く恒常風は何か。,極東風,極東風,高緯度の大気循環を構成する。,なし,なし,なし,なし,なし,気象庁『世界の天候』,https://www.data.jma.go.jp/cpd/monitor/index.html,なし
大学受験地理_Deck1_全範囲の骨格,GE-000128,128,Deck 1｜全範囲の骨格,両方,気候・植生・土壌,風系,季節風,きせつふう,モンスーン,GE-000114,世界,世界全体,該当なし,GE-000128-C01,identify,用語の識別,大陸と海洋の気圧配置が季節で逆転し、風向が大きく変わる風を何というか。,季節風,季節風｜モンスーン,南・東アジアの雨季と乾季に大きく関係する。,なし,なし,なし,なし,なし,気象庁『世界の天候』,https://www.data.jma.go.jp/cpd/monitor/index.html,なし
大学受験地理_Deck1_全範囲の骨格,GE-000129,129,Deck 1｜全範囲の骨格,両方,気候・植生・土壌,海洋,海流,かいりゅう,なし,なし,世界,世界全体,該当なし,GE-000129-C01,identify,用語の識別,海洋中をほぼ一定方向へ流れる大規模な海水の流れを何というか。,海流,海流,風、海水の密度差、地球の自転などで生じ、沿岸の気候に影響する。,なし,なし,なし,なし,なし,気象庁『世界の天候』,https://www.data.jma.go.jp/cpd/monitor/index.html,なし
大学受験地理_Deck1_全範囲の骨格,GE-000130,130,Deck 1｜全範囲の骨格,両方,気候・植生・土壌,海洋,暖流,だんりゅう,なし,GE-000129,世界,世界全体,該当なし,GE-000130-C01,identify,用語の識別,低緯度側から高緯度側へ、周囲より温かい海水を運ぶ海流を何というか。,暖流,暖流,沿岸を温暖・湿潤にする傾向がある。,寒流,暖流は低緯度から高緯度へ暖水を運び、寒流は高緯度から低緯度へ冷水を運ぶ。,なし,なし,なし,気象庁『世界の天候』,https://www.data.jma.go.jp/cpd/monitor/index.html,なし
大学受験地理_Deck1_全範囲の骨格,GE-000131,131,Deck 1｜全範囲の骨格,両方,気候・植生・土壌,海洋,寒流,かんりゅう,なし,GE-000129,世界,世界全体,該当なし,GE-000131-C01,identify,用語の識別,高緯度側から低緯度側へ、周囲より冷たい海水を運ぶ海流を何というか。,寒流,寒流,沿岸を冷涼・乾燥にし、上昇流と好漁場に関係する場合がある。,暖流,寒流は高緯度から低緯度へ冷水を運び、暖流は逆方向に暖水を運ぶ。,なし,なし,なし,気象庁『世界の天候』,https://www.data.jma.go.jp/cpd/monitor/index.html,なし
大学受験地理_Deck1_全範囲の骨格,GE-000132,132,Deck 1｜全範囲の骨格,両方,気候・植生・土壌,海流,北大西洋海流,きたたいせいようかいりゅう,なし,GE-000126｜GE-000130,複数国家,北大西洋・西ヨーロッパ,該当なし,GE-000132-C01,identify,用語の識別,西ヨーロッパを同緯度の大陸東岸より温暖にする暖流は何か。,北大西洋海流,北大西洋海流,偏西風とともに西ヨーロッパの温和な気候に寄与する。,なし,なし,なし,なし,なし,気象庁『世界の天候』,https://www.data.jma.go.jp/cpd/monitor/index.html,なし
大学受験地理_Deck1_全範囲の骨格,GE-000133,133,Deck 1｜全範囲の骨格,両方,気候・植生・土壌,海流,ペルー海流,ぺるーかいりゅう,フンボルト海流,GE-000131,複数国家,南アメリカ西岸,該当なし,GE-000133-C01,identify,用語の識別,南アメリカ西岸を北上し、沿岸の乾燥と好漁場に関係する寒流は何か。,ペルー海流,ペルー海流｜フンボルト海流,冷たい海水と上昇流がペルー沖の豊かな漁場を支える。,なし,なし,なし,なし,なし,気象庁『世界の天候』,https://www.data.jma.go.jp/cpd/monitor/index.html,なし
大学受験地理_Deck1_全範囲の骨格,GE-000134,134,Deck 1｜全範囲の骨格,両方,気候・植生・土壌,海流,黒潮,くろしお,日本海流,GE-000130,国内地域,日本南岸,該当なし,GE-000134-C01,identify,用語の識別,日本の南岸を北東へ流れ、日本の気候に影響する暖流は何か。,黒潮,黒潮｜日本海流,フィリピン東方から東シナ海、日本南岸へ流れる。,なし,なし,なし,なし,なし,気象庁『日本の気候』,https://www.jma.go.jp/jma/kishou/know/kisetsu_riyou/tenkou/Average_Climate_Japan.html,なし
大学受験地理_Deck1_全範囲の骨格,GE-000135,135,Deck 1｜全範囲の骨格,両方,気候・植生・土壌,海流,親潮,おやしお,千島海流,GE-000131,国内地域,北海道・東北太平洋岸,該当なし,GE-000135-C01,identify,用語の識別,千島列島・北海道東方から南下し、栄養塩に富む日本近海の寒流は何か。,親潮,親潮｜千島海流,黒潮との潮目付近は好漁場になりやすい。,なし,なし,なし,なし,なし,気象庁『日本の気候』,https://www.jma.go.jp/jma/kishou/know/kisetsu_riyou/tenkou/Average_Climate_Japan.html,なし
大学受験地理_Deck1_全範囲の骨格,GE-000136,136,Deck 1｜全範囲の骨格,両方,気候・植生・土壌,地形性気候,雨陰,あめかげ,なし,GE-000118,世界,世界全体,該当なし,GE-000136-C01,identify,用語の識別,山地の風下側で、空気が下降して乾燥し降水量が少なくなる地域を何というか。,雨陰,雨陰,風上側で水分を失った空気が風下へ下るため生じる。,なし,なし,なし,なし,なし,気象庁『世界の天候』,https://www.data.jma.go.jp/cpd/monitor/index.html,雨陰=あめかげ
大学受験地理_Deck1_全範囲の骨格,GE-000137,137,Deck 1｜全範囲の骨格,両方,気候・植生・土壌,地形性気候,フェーン現象,ふぇーんげんしょう,なし,GE-000136,世界,世界全体,該当なし,GE-000137-C01,identify,用語の識別,湿った空気が山を越えた風下側で、高温で乾燥した風となる現象は何か。,フェーン現象,フェーン現象,風上で凝結・降水し、風下で断熱圧縮により昇温する。,なし,なし,なし,なし,なし,気象庁『世界の天候』,https://www.data.jma.go.jp/cpd/monitor/index.html,なし
大学受験地理_Deck1_全範囲の骨格,GE-000138,138,Deck 1｜全範囲の骨格,両方,気候・植生・土壌,海洋・大気相互作用,エルニーニョ現象,えるにーにょげんしょう,なし,なし,世界,世界全体,該当なし,GE-000138-C01,identify,用語の識別,赤道太平洋東部から中部の海面水温が平年より高い状態が続く現象は何か。,エルニーニョ現象,エルニーニョ現象,大気循環を変化させ、世界各地の天候に影響する。,ラニーニャ現象,エルニーニョは赤道太平洋東部・中部が高温、ラニーニャは低温。,なし,なし,なし,気象庁『世界の天候』,https://www.data.jma.go.jp/cpd/monitor/index.html,なし
大学受験地理_Deck1_全範囲の骨格,GE-000139,139,Deck 1｜全範囲の骨格,両方,気候・植生・土壌,海洋・大気相互作用,ラニーニャ現象,らにーにゃげんしょう,なし,なし,世界,世界全体,該当なし,GE-000139-C01,identify,用語の識別,赤道太平洋東部から中部の海面水温が平年より低い状態が続く現象は何か。,ラニーニャ現象,ラニーニャ現象,貿易風が強まり、エルニーニョと異なる異常天候をもたらすことがある。,エルニーニョ現象,ラニーニャは赤道太平洋東部・中部が低温、エルニーニョは高温。,なし,なし,なし,気象庁『世界の天候』,https://www.data.jma.go.jp/cpd/monitor/index.html,なし
大学受験地理_Deck1_全範囲の骨格,GE-000140,140,Deck 1｜全範囲の骨格,両方,気候・植生・土壌,気候区分,ケッペンの気候区分,けっぺんのきこうくぶん,なし,なし,世界,世界全体,該当なし,GE-000140-C01,identify,用語の識別,植生との対応を重視し、主に気温と降水量で世界の気候を分類する方法は何か。,ケッペンの気候区分,ケッペンの気候区分,A・B・C・D・Eの大区分と、降水季節や気温を示す記号を組み合わせる。,なし,なし,なし,なし,なし,文部科学省『高等学校学習指導要領解説 地理歴史編』,https://www.mext.go.jp/content/20220802-mxt_kyoiku02-100002620_03.pdf,なし
大学受験地理_Deck1_全範囲の骨格,GE-000141,141,Deck 1｜全範囲の骨格,両方,気候・植生・土壌,気候区分,熱帯雨林気候,ねったいうりんきこう,Af,GE-000140,世界,赤道周辺,該当なし,GE-000141-C01,identify,用語の識別,一年中高温で、明瞭な乾季がなく多雨なケッペンの気候区分は何か。,熱帯雨林気候,熱帯雨林気候｜Af,赤道周辺に分布し、熱帯雨林が発達する。,なし,なし,なし,なし,なし,気象庁『世界の天候』,https://www.data.jma.go.jp/cpd/monitor/index.html,なし
大学受験地理_Deck1_全範囲の骨格,GE-000142,142,Deck 1｜全範囲の骨格,両方,気候・植生・土壌,気候区分,熱帯モンスーン気候,ねったいもんすーんきこう,Am,GE-000128｜GE-000140,世界,南・東南アジアなど,該当なし,GE-000142-C01,identify,用語の識別,一年中高温で短い乾季があるが、季節風による多雨で森林が成立する気候は何か。,熱帯モンスーン気候,熱帯モンスーン気候｜Am,南アジアや東南アジアの一部に分布する。,なし,なし,なし,なし,なし,気象庁『世界の天候』,https://www.data.jma.go.jp/cpd/monitor/index.html,なし
大学受験地理_Deck1_全範囲の骨格,GE-000143,143,Deck 1｜全範囲の骨格,両方,気候・植生・土壌,気候区分,サバナ気候,さばなきこう,Aw,GE-000140,世界,熱帯の外縁部,該当なし,GE-000143-C01,identify,用語の識別,一年中高温で、夏に雨季、冬に乾季が明瞭な気候は何か。,サバナ気候,サバナ気候｜Aw,丈の高い草原と疎林からなるサバナが広がる。,なし,なし,なし,なし,なし,気象庁『世界の天候』,https://www.data.jma.go.jp/cpd/monitor/index.html,なし
大学受験地理_Deck1_全範囲の骨格,GE-000144,144,Deck 1｜全範囲の骨格,両方,気候・植生・土壌,気候区分,ステップ気候,すてっぷきこう,BS,GE-000140,世界,半乾燥地域,該当なし,GE-000144-C01,identify,用語の識別,砂漠気候よりやや降水量が多く、短草草原が広がる半乾燥気候は何か。,ステップ気候,ステップ気候｜BS,砂漠の周辺や大陸内部に分布する。,砂漠気候,ステップ気候は半乾燥、砂漠気候はより乾燥が強い。,なし,なし,なし,気象庁『世界の天候』,https://www.data.jma.go.jp/cpd/monitor/index.html,なし
大学受験地理_Deck1_全範囲の骨格,GE-000145,145,Deck 1｜全範囲の骨格,両方,気候・植生・土壌,気候区分,砂漠気候,さばくきこう,BW,GE-000122｜GE-000140,世界,乾燥地域,該当なし,GE-000145-C01,identify,用語の識別,蒸発量に対して降水量が極めて少なく、植生が乏しい乾燥気候は何か。,砂漠気候,砂漠気候｜BW,亜熱帯高圧帯、大陸内部、寒流沿岸などに分布する。,ステップ気候,砂漠気候は極乾燥、ステップ気候は半乾燥。,なし,なし,なし,気象庁『世界の天候』,https://www.data.jma.go.jp/cpd/monitor/index.html,なし
大学受験地理_Deck1_全範囲の骨格,GE-000146,146,Deck 1｜全範囲の骨格,両方,気候・植生・土壌,気候区分,地中海性気候,ちちゅうかいせいきこう,Cs,GE-000140,世界,地中海沿岸などの大陸西岸,該当なし,GE-000146-C01,identify,用語の識別,夏に乾燥し、冬に降水が多い温帯気候は何か。,地中海性気候,地中海性気候｜Cs,大陸西岸の緯度30〜40度付近に分布し、硬葉樹林と結び付く。,なし,なし,なし,なし,なし,気象庁『世界の天候』,https://www.data.jma.go.jp/cpd/monitor/index.html,なし
大学受験地理_Deck1_全範囲の骨格,GE-000147,147,Deck 1｜全範囲の骨格,両方,気候・植生・土壌,気候区分,温暖湿潤気候,おんだんしつじゅんきこう,Cfa,GE-000140,世界,温帯の大陸東岸,該当なし,GE-000147-C01,identify,用語の識別,温帯の大陸東岸に多く、夏が高温で年間を通じて降水がある気候は何か。,温暖湿潤気候,温暖湿潤気候｜Cfa,日本の多く、中国東部、アメリカ合衆国南東部などに分布する。,なし,なし,なし,なし,なし,気象庁『世界の天候』,https://www.data.jma.go.jp/cpd/monitor/index.html,なし
大学受験地理_Deck1_全範囲の骨格,GE-000148,148,Deck 1｜全範囲の骨格,両方,気候・植生・土壌,気候区分,西岸海洋性気候,せいがんかいようせいきこう,Cfb,GE-000126｜GE-000130｜GE-000140,世界,温帯の大陸西岸,該当なし,GE-000148-C01,identify,用語の識別,偏西風と暖流の影響で、年較差が小さく一年を通じて降水がある温帯気候は何か。,西岸海洋性気候,西岸海洋性気候｜Cfb,西ヨーロッパやニュージーランドなどに分布する。,なし,なし,なし,なし,なし,気象庁『世界の天候』,https://www.data.jma.go.jp/cpd/monitor/index.html,なし
大学受験地理_Deck1_全範囲の骨格,GE-000149,149,Deck 1｜全範囲の骨格,両方,気候・植生・土壌,気候区分,冷帯湿潤気候,れいたいしつじゅんきこう,Df｜亜寒帯湿潤気候,GE-000140,世界,北半球高緯度の大陸東部など,該当なし,GE-000149-C01,identify,用語の識別,冷帯で明瞭な乾季がなく、年較差が大きい気候は何か。,冷帯湿潤気候,冷帯湿潤気候｜Df｜亜寒帯湿潤気候,北アメリカ北東部やユーラシア北部などに分布する。,なし,なし,なし,なし,なし,気象庁『世界の天候』,https://www.data.jma.go.jp/cpd/monitor/index.html,なし
大学受験地理_Deck1_全範囲の骨格,GE-000150,150,Deck 1｜全範囲の骨格,両方,気候・植生・土壌,気候区分,冷帯冬季少雨気候,れいたいとうきしょううきこう,Dw｜亜寒帯冬季少雨気候,GE-000140,世界,東アジア北部,該当なし,GE-000150-C01,identify,用語の識別,冷帯で、冬の降水量が少なく夏に降水が集中する気候は何か。,冷帯冬季少雨気候,冷帯冬季少雨気候｜Dw｜亜寒帯冬季少雨気候,シベリア東部や中国東北部などに分布する。,なし,なし,なし,なし,なし,気象庁『世界の天候』,https://www.data.jma.go.jp/cpd/monitor/index.html,なし
大学受験地理_Deck1_全範囲の骨格,GE-000151,151,Deck 1｜全範囲の骨格,両方,気候・植生・土壌,気候区分,ツンドラ気候,つんどらきこう,ET,GE-000140,世界,北極海沿岸など,該当なし,GE-000151-C01,identify,用語の識別,最暖月平均気温が0℃以上10℃未満で、樹木が育ちにくい寒帯気候は何か。,ツンドラ気候,ツンドラ気候｜ET,コケ類・地衣類・低木からなるツンドラが広がる。,なし,なし,なし,なし,なし,気象庁『世界の天候』,https://www.data.jma.go.jp/cpd/monitor/index.html,なし
大学受験地理_Deck1_全範囲の骨格,GE-000152,152,Deck 1｜全範囲の骨格,両方,気候・植生・土壌,気候区分,氷雪気候,ひょうせつきこう,EF,GE-000140,世界,南極・グリーンランド内陸,該当なし,GE-000152-C01,identify,用語の識別,最暖月平均気温が0℃未満で、年間を通じて氷雪に覆われる寒帯気候は何か。,氷雪気候,氷雪気候｜EF,南極大陸やグリーンランド内陸部が代表的である。,なし,なし,なし,なし,なし,気象庁『世界の天候』,https://www.data.jma.go.jp/cpd/monitor/index.html,氷雪気候=ひょうせつきこう
大学受験地理_Deck1_全範囲の骨格,GE-000153,153,Deck 1｜全範囲の骨格,両方,気候・植生・土壌,気候区分,高山気候,こうざんきこう,なし,GE-000113,世界,世界の高山地域,該当なし,GE-000153-C01,identify,用語の識別,低緯度でも標高が高いため低温となり、高度による気候・植生の垂直変化がみられる気候は何か。,高山気候,高山気候,アンデスやヒマラヤなどで顕著である。,なし,なし,なし,なし,なし,気象庁『世界の天候』,https://www.data.jma.go.jp/cpd/monitor/index.html,なし
大学受験地理_Deck1_全範囲の骨格,GE-000154,154,Deck 1｜全範囲の骨格,両方,気候・植生・土壌,植生,熱帯雨林,ねったいうりん,なし,GE-000141,世界,赤道周辺,該当なし,GE-000154-C01,identify,用語の識別,一年中高温多雨な地域に発達する、常緑広葉樹中心の密な森林を何というか。,熱帯雨林,熱帯雨林,生物多様性が高く、赤道付近に広がる。,なし,なし,なし,なし,なし,国連食糧農業機関『FAOSTAT』,https://www.fao.org/faostat/en/,なし
大学受験地理_Deck1_全範囲の骨格,GE-000155,155,Deck 1｜全範囲の骨格,両方,気候・植生・土壌,植生,サバナ,さばな,なし,GE-000143,世界,熱帯の外縁部,該当なし,GE-000155-C01,identify,用語の識別,熱帯の雨季と乾季がある地域に広がる、丈の高い草原と疎林からなる植生を何というか。,サバナ,サバナ,アフリカ、南アメリカ、オーストラリア北部などに分布する。,なし,なし,なし,なし,なし,国連食糧農業機関『FAOSTAT』,https://www.fao.org/faostat/en/,なし
大学受験地理_Deck1_全範囲の骨格,GE-000156,156,Deck 1｜全範囲の骨格,両方,気候・植生・土壌,植生,ステップ,すてっぷ,なし,GE-000144,世界,半乾燥地域,該当なし,GE-000156-C01,identify,用語の識別,半乾燥地域に広がる、丈の低い草を中心とする短草草原を何というか。,ステップ,ステップ,穀物栽培や牧畜に利用される地域が多い。,なし,なし,なし,なし,なし,国連食糧農業機関『FAOSTAT』,https://www.fao.org/faostat/en/,なし
大学受験地理_Deck1_全範囲の骨格,GE-000157,157,Deck 1｜全範囲の骨格,両方,気候・植生・土壌,植生,硬葉樹林,こうようじゅりん,なし,GE-000146,世界,地中海性気候地域,該当なし,GE-000157-C01,identify,用語の識別,夏の乾燥に耐える、厚く硬い葉をもつ樹木からなる植生を何というか。,硬葉樹林,硬葉樹林,地中海性気候に対応し、オリーブやコルクガシが代表的である。,なし,なし,なし,なし,なし,国連食糧農業機関『FAOSTAT』,https://www.fao.org/faostat/en/,硬葉樹林=こうようじゅりん
大学受験地理_Deck1_全範囲の骨格,GE-000158,158,Deck 1｜全範囲の骨格,両方,気候・植生・土壌,植生,落葉広葉樹林,らくようこうようじゅりん,なし,なし,世界,温帯,該当なし,GE-000158-C01,identify,用語の識別,寒い季節に葉を落とす広葉樹からなる温帯の森林を何というか。,落葉広葉樹林,落葉広葉樹林,適度な降水があり、冬の寒さがある地域に分布する。,なし,なし,なし,なし,なし,国連食糧農業機関『FAOSTAT』,https://www.fao.org/faostat/en/,落葉広葉樹林=らくようこうようじゅりん
大学受験地理_Deck1_全範囲の骨格,GE-000159,159,Deck 1｜全範囲の骨格,両方,気候・植生・土壌,植生,タイガ,たいが,北方針葉樹林,GE-000149｜GE-000150,世界,北半球の冷帯,該当なし,GE-000159-C01,identify,用語の識別,冷帯に広がる、トウヒやモミなどの針葉樹林を何というか。,タイガ,タイガ｜北方針葉樹林,シベリアやカナダに広大に分布する。,なし,なし,なし,なし,なし,国連食糧農業機関『FAOSTAT』,https://www.fao.org/faostat/en/,なし
大学受験地理_Deck1_全範囲の骨格,GE-000160,160,Deck 1｜全範囲の骨格,両方,気候・植生・土壌,植生,ツンドラ,つんどら,なし,GE-000151,世界,北極海沿岸など,該当なし,GE-000160-C01,identify,用語の識別,寒帯で永久凍土の表面が夏だけ融け、コケ類・地衣類・低木が育つ植生を何というか。,ツンドラ,ツンドラ,樹木がほとんど育たない。,なし,なし,なし,なし,なし,国連食糧農業機関『FAOSTAT』,https://www.fao.org/faostat/en/,なし
大学受験地理_Deck1_全範囲の骨格,GE-000161,161,Deck 1｜全範囲の骨格,両方,気候・植生・土壌,土壌,ラトソル,らとそる,なし,なし,世界,湿潤熱帯,該当なし,GE-000161-C01,identify,用語の識別,高温多雨の熱帯で強い溶脱を受け、鉄やアルミニウム酸化物が残る赤色系の土壌を何というか。,ラトソル,ラトソル,養分が流亡しやすく、森林を除くと地力が低下しやすい。,なし,なし,なし,なし,なし,国連食糧農業機関『Land & Water』,https://www.fao.org/land-water/en/,なし
大学受験地理_Deck1_全範囲の骨格,GE-000162,162,Deck 1｜全範囲の骨格,両方,気候・植生・土壌,土壌,テラロッサ,てらろっさ,なし,なし,世界,地中海沿岸,該当なし,GE-000162-C01,identify,用語の識別,地中海沿岸の石灰岩地域にみられる赤色土を何というか。,テラロッサ,テラロッサ,地中海性気候地域のブドウやオリーブ栽培と結び付けて学ぶ。,なし,なし,なし,なし,なし,国連食糧農業機関『Land & Water』,https://www.fao.org/land-water/en/,なし
大学受験地理_Deck1_全範囲の骨格,GE-000163,163,Deck 1｜全範囲の骨格,両方,気候・植生・土壌,土壌,チェルノーゼム,ちぇるのーぜむ,黒土,なし,世界,温帯草原,該当なし,GE-000163-C01,identify,用語の識別,温帯草原に分布する、腐植に富んだ肥沃な黒色土を何というか。,チェルノーゼム,チェルノーゼム｜黒土,ウクライナや北アメリカのプレーリーなどに分布する。,なし,なし,なし,なし,なし,国連食糧農業機関『Land & Water』,https://www.fao.org/land-water/en/,なし
大学受験地理_Deck1_全範囲の骨格,GE-000164,164,Deck 1｜全範囲の骨格,両方,気候・植生・土壌,土壌,ポドゾル,ぽどぞる,なし,GE-000159,世界,冷帯の針葉樹林地域,該当なし,GE-000164-C01,identify,用語の識別,冷湿な針葉樹林下で強い溶脱を受け、表層が灰白色になりやすい土壌を何というか。,ポドゾル,ポドゾル,タイガ地域に広く分布し、一般に酸性でやせている。,なし,なし,なし,なし,なし,国連食糧農業機関『Land & Water』,https://www.fao.org/land-water/en/,なし
大学受験地理_Deck1_全範囲の骨格,GE-000165,165,Deck 1｜全範囲の骨格,両方,気候・植生・土壌,寒冷地環境,永久凍土,えいきゅうとうど,なし,GE-000160,世界,高緯度・高山地域,該当なし,GE-000165-C01,identify,用語の識別,少なくとも2年以上連続して0℃以下の状態にある地盤を何というか。,永久凍土,永久凍土,ツンドラや高緯度の大陸内部に広く分布する。,なし,なし,なし,なし,なし,気象庁『世界の天候』,https://www.data.jma.go.jp/cpd/monitor/index.html,永久凍土=えいきゅうとうど
大学受験地理_Deck1_全範囲の骨格,GE-000166,166,Deck 1｜全範囲の骨格,両方,水・災害・環境,水環境,水循環,みずじゅんかん,なし,なし,世界,世界全体,該当なし,GE-000166-C01,identify,用語の識別,蒸発、降水、浸透、河川流出などを通じて水が地球上を循環する仕組みを何というか。,水循環,水循環,太陽エネルギーと重力によって駆動される。,なし,なし,なし,なし,なし,国連食糧農業機関『Land & Water』,https://www.fao.org/land-water/en/,なし
大学受験地理_Deck1_全範囲の骨格,GE-000167,167,Deck 1｜全範囲の骨格,両方,水・災害・環境,河川,流域,りゅういき,集水域,なし,世界,世界全体,該当なし,GE-000167-C01,identify,用語の識別,ある河川とその支流へ雨水が集まる範囲を何というか。,流域,流域｜集水域,流域の境界が分水界である。,なし,なし,なし,なし,なし,国土地理院『地理教育の道具箱』,https://www.gsi.go.jp/CHIRIKYOUIKU/,流域=りゅういき
大学受験地理_Deck1_全範囲の骨格,GE-000168,168,Deck 1｜全範囲の骨格,両方,水・災害・環境,河川,分水界,ぶんすいかい,なし,GE-000167,世界,世界全体,該当なし,GE-000168-C01,identify,用語の識別,雨水が異なる河川流域へ分かれて流れる境界を何というか。,分水界,分水界,山地の尾根などが分水界になりやすい。,なし,なし,なし,なし,なし,国土地理院『地理教育の道具箱』,https://www.gsi.go.jp/CHIRIKYOUIKU/,分水界=ぶんすいかい
大学受験地理_Deck1_全範囲の骨格,GE-000169,169,Deck 1｜全範囲の骨格,両方,水・災害・環境,水資源,地下水,ちかすい,なし,GE-000166,世界,世界全体,該当なし,GE-000169-C01,identify,用語の識別,地表から浸透し、土や岩石のすき間を満たして地下を流れる水を何というか。,地下水,地下水,井戸水や湧水の水源となる。,なし,なし,なし,なし,なし,国連食糧農業機関『Land & Water』,https://www.fao.org/land-water/en/,なし
大学受験地理_Deck1_全範囲の骨格,GE-000170,170,Deck 1｜全範囲の骨格,両方,水・災害・環境,水資源,帯水層,たいすいそう,なし,GE-000169,世界,世界全体,該当なし,GE-000170-C01,identify,用語の識別,地下水を蓄え、通しやすい砂礫層や岩盤の層を何というか。,帯水層,帯水層,過剰揚水は地盤沈下や塩水化の原因になり得る。,なし,なし,なし,なし,なし,国連食糧農業機関『Land & Water』,https://www.fao.org/land-water/en/,帯水層=たいすいそう
大学受験地理_Deck1_全範囲の骨格,GE-000171,171,Deck 1｜全範囲の骨格,両方,水・災害・環境,河川,河川流量,かせんりゅうりょう,なし,なし,世界,世界全体,該当なし,GE-000171-C01,definition,定義,河川流量とは、河川のある断面をどのように通過する水の量か。,単位時間に通過する水の量,単位時間に通過する水の量,流域の降水、融雪、地質、植生、ダムなどの影響を受ける。,なし,なし,流量=断面積×平均流速,m³/s,なし,国土地理院『地理教育の道具箱』,https://www.gsi.go.jp/CHIRIKYOUIKU/,河川流量=かせんりゅうりょう
大学受験地理_Deck1_全範囲の骨格,GE-000172,172,Deck 1｜全範囲の骨格,両方,水・災害・環境,河川,外来河川,がいらいかせん,なし,なし,世界,乾燥地域,該当なし,GE-000172-C01,identify,用語の識別,湿潤地域に水源をもち、乾燥地域を通っても流れ続ける河川を何というか。,外来河川,外来河川,ナイル川やインダス川などが代表例で、乾燥地域の灌漑を支える。,なし,なし,なし,なし,なし,国連食糧農業機関『Land & Water』,https://www.fao.org/land-water/en/,なし
大学受験地理_Deck1_全範囲の骨格,GE-000173,173,Deck 1｜全範囲の骨格,両方,水・災害・環境,河川,内陸流域,ないりくりゅういき,内陸排水地域,なし,世界,乾燥地域,該当なし,GE-000173-C01,identify,用語の識別,河川が海へ達せず、湖や低地で終わる流域を何というか。,内陸流域,内陸流域｜内陸排水地域,乾燥地域に多く、塩湖が形成されることがある。,外洋流域,内陸流域は海へ流出せず、外洋流域は海へ注ぐ。,なし,なし,なし,国連食糧農業機関『Land & Water』,https://www.fao.org/land-water/en/,なし
大学受験地理_Deck1_全範囲の骨格,GE-000174,174,Deck 1｜全範囲の骨格,地理総合,水・災害・環境,自然災害,洪水,こうずい,なし,なし,世界,世界全体,該当なし,GE-000174-C01,identify,用語の識別,河川の水位や流量が大きく増え、水が河道からあふれる現象を何というか。,洪水,洪水,豪雨、融雪、堤防決壊などが原因となる。,なし,なし,なし,なし,なし,国連防災機関『災害リスク削減用語集』,https://www.undrr.org/drr-glossary/terminology,洪水=こうずい
大学受験地理_Deck1_全範囲の骨格,GE-000175,175,Deck 1｜全範囲の骨格,地理総合,水・災害・環境,自然災害,干ばつ,かんばつ,なし,なし,世界,世界全体,該当なし,GE-000175-C01,identify,用語の識別,長期間の少雨により水不足が続き、農業や生活に被害が生じる現象を何というか。,干ばつ,干ばつ,気象的干ばつが河川流量や土壌水分の不足へ波及する。,なし,なし,なし,なし,なし,国連防災機関『災害リスク削減用語集』,https://www.undrr.org/drr-glossary/terminology,干ばつ=かんばつ
大学受験地理_Deck1_全範囲の骨格,GE-000176,176,Deck 1｜全範囲の骨格,地理総合,水・災害・環境,地震災害,液状化現象,えきじょうかげんしょう,なし,なし,世界,世界全体,該当なし,GE-000176-C01,identify,用語の識別,地震の揺れで水分を多く含む砂地盤が一時的に液体のようになる現象は何か。,液状化現象,液状化現象,埋立地や旧河道などで起こりやすく、建物の傾斜や噴砂を生じる。,なし,なし,なし,なし,なし,国土地理院『地理教育の道具箱』,https://www.gsi.go.jp/CHIRIKYOUIKU/,液状化現象=えきじょうかげんしょう
大学受験地理_Deck1_全範囲の骨格,GE-000177,177,Deck 1｜全範囲の骨格,地理総合,水・災害・環境,自然災害,津波,つなみ,なし,なし,世界,世界全体,該当なし,GE-000177-C01,identify,用語の識別,海底地震などによる海底の急な変動で生じ、長い波長をもって沿岸へ押し寄せる波を何というか。,津波,津波,浅海へ入ると波高が増し、湾奥や低地で被害が大きくなることがある。,なし,なし,なし,なし,なし,国連防災機関『災害リスク削減用語集』,https://www.undrr.org/drr-glossary/terminology,なし
大学受験地理_Deck1_全範囲の骨格,GE-000178,178,Deck 1｜全範囲の骨格,地理総合,水・災害・環境,自然災害,高潮,たかしお,なし,なし,世界,世界全体,該当なし,GE-000178-C01,identify,用語の識別,台風や低気圧による気圧低下と強風で、海面が平常より大きく上昇する現象は何か。,高潮,高潮,満潮と重なると沿岸低地の浸水リスクが高まる。,津波,高潮は低気圧と強風、津波は主に海底の急変動で生じる。,なし,なし,なし,気象庁『日本の気候』,https://www.jma.go.jp/jma/kishou/know/kisetsu_riyou/tenkou/Average_Climate_Japan.html,なし
大学受験地理_Deck1_全範囲の骨格,GE-000179,179,Deck 1｜全範囲の骨格,地理総合,水・災害・環境,土砂災害,土石流,どせきりゅう,なし,なし,世界,世界全体,該当なし,GE-000179-C01,identify,用語の識別,山地の谷で、土砂や岩石が大量の水と混じって高速で流れ下る現象は何か。,土石流,土石流,急勾配の谷や扇状地で被害が生じやすい。,なし,なし,なし,なし,なし,国土地理院『地理教育の道具箱』,https://www.gsi.go.jp/CHIRIKYOUIKU/,土石流=どせきりゅう
大学受験地理_Deck1_全範囲の骨格,GE-000180,180,Deck 1｜全範囲の骨格,地理総合,水・災害・環境,土砂災害,地すべり,じすべり,なし,なし,世界,世界全体,該当なし,GE-000180-C01,identify,用語の識別,斜面の土塊が地下のすべり面に沿って比較的まとまって移動する現象は何か。,地すべり,地すべり,地下水の増加や地震などが誘因になる。,土石流,地すべりは土塊がすべり面に沿って動き、土石流は水と土砂が谷を流下する。,なし,なし,なし,国土地理院『地理教育の道具箱』,https://www.gsi.go.jp/CHIRIKYOUIKU/,なし
大学受験地理_Deck1_全範囲の骨格,GE-000181,181,Deck 1｜全範囲の骨格,地理総合,水・災害・環境,防災概念,ハザード,はざーど,危険事象,なし,世界,世界全体,該当なし,GE-000181-C01,identify,用語の識別,人命・財産などに損失をもたらす可能性のある現象や活動を何というか。,ハザード,ハザード｜危険事象,地震、洪水、火山噴火などの現象そのものを指し、被害の大きさである災害リスクとは異なる。,災害リスク,ハザードは危険現象、災害リスクは被害が生じる可能性と大きさ。,なし,なし,なし,国連防災機関『災害リスク削減用語集』,https://www.undrr.org/drr-glossary/terminology,なし
大学受験地理_Deck1_全範囲の骨格,GE-000182,182,Deck 1｜全範囲の骨格,地理総合,水・災害・環境,防災概念,災害リスク,さいがいりすく,なし,GE-000181,世界,世界全体,該当なし,GE-000182-C01,identify,用語の識別,ハザード、曝露、脆弱性などが組み合わさって生じる、災害による損失の可能性を何というか。,災害リスク,災害リスク,同じハザードでも人口・土地利用・防災力によりリスクは異なる。,ハザード,災害リスクは被害の可能性、ハザードは危険現象そのもの。,なし,なし,なし,国連防災機関『災害リスク削減用語集』,https://www.undrr.org/drr-glossary/terminology,災害リスク=さいがいりすく
大学受験地理_Deck1_全範囲の骨格,GE-000183,183,Deck 1｜全範囲の骨格,地理総合,水・災害・環境,防災,ハザードマップ,はざーどまっぷ,防災地図,GE-000181,世界,世界全体,該当なし,GE-000183-C01,identify,用語の識別,洪水、津波、土砂災害などの想定危険区域や避難場所を地図に示したものは何か。,ハザードマップ,ハザードマップ｜防災地図,災害ごとに示す内容が異なるため、居住地で複数種類を確認する。,なし,なし,なし,なし,なし,国土地理院『地理教育の道具箱』,https://www.gsi.go.jp/CHIRIKYOUIKU/,なし
大学受験地理_Deck1_全範囲の骨格,GE-000184,184,Deck 1｜全範囲の骨格,地理総合,水・災害・環境,防災,防災,ぼうさい,なし,なし,世界,世界全体,該当なし,GE-000184-C01,identify,用語の識別,災害の発生を防いだり、被害を未然に防いだりする取り組みの総称は何か。,防災,防災,堤防、耐震化、土地利用規制、避難計画などを含む。,減災,防災は被害防止を広く目指し、減災は被害を完全に防げない前提で小さくする。,なし,なし,なし,国連防災機関『災害リスク削減用語集』,https://www.undrr.org/drr-glossary/terminology,なし
大学受験地理_Deck1_全範囲の骨格,GE-000185,185,Deck 1｜全範囲の骨格,地理総合,水・災害・環境,防災,減災,げんさい,なし,なし,世界,世界全体,該当なし,GE-000185-C01,identify,用語の識別,災害を完全には防げないことを前提に、被害をできるだけ小さくする考え方を何というか。,減災,減災,早期警報、避難、備蓄、復旧力向上などを組み合わせる。,防災,減災は被害軽減を重視し、防災は災害対策全般を指す。,なし,なし,なし,国連防災機関『災害リスク削減用語集』,https://www.undrr.org/drr-glossary/terminology,なし
大学受験地理_Deck1_全範囲の骨格,GE-000186,186,Deck 1｜全範囲の骨格,地理総合,水・災害・環境,防災,レジリエンス,れじりえんす,強靱性｜回復力,なし,世界,世界全体,該当なし,GE-000186-C01,identify,用語の識別,災害などの衝撃を受けても、社会や地域が耐え、回復し、適応する力を何というか。,レジリエンス,レジリエンス｜強靱性｜回復力,インフラだけでなく、地域のつながりや制度も関係する。,なし,なし,なし,なし,なし,国連防災機関『災害リスク削減用語集』,https://www.undrr.org/drr-glossary/terminology,なし
大学受験地理_Deck1_全範囲の骨格,GE-000187,187,Deck 1｜全範囲の骨格,両方,水・災害・環境,地球環境,地球温暖化,ちきゅうおんだんか,なし,なし,世界,世界全体,該当なし,GE-000187-C01,identify,用語の識別,温室効果ガスの増加などにより、地球全体の平均気温が長期的に上昇する現象を何というか。,地球温暖化,地球温暖化,海面上昇、極端現象、生態系変化などのリスクと関係する。,なし,なし,なし,なし,なし,気象庁『気候変動監視レポート』,https://www.data.jma.go.jp/cpdinfo/monitor/,なし
大学受験地理_Deck1_全範囲の骨格,GE-000188,188,Deck 1｜全範囲の骨格,地理総合,水・災害・環境,気候変動,気候変動の緩和,きこうへんどうのかんわ,なし,なし,世界,世界全体,該当なし,GE-000188-C01,identify,用語の識別,温室効果ガスの排出削減や吸収源強化により、気候変動の進行を抑える対策を何というか。,気候変動の緩和,気候変動の緩和,再生可能エネルギー、省エネルギー、森林保全などが例である。,気候変動への適応,緩和は原因を抑え、適応は起こる影響へ備える。,なし,なし,なし,気象庁『気候変動監視レポート』,https://www.data.jma.go.jp/cpdinfo/monitor/,なし
大学受験地理_Deck1_全範囲の骨格,GE-000189,189,Deck 1｜全範囲の骨格,地理総合,水・災害・環境,気候変動,気候変動への適応,きこうへんどうへのてきおう,なし,なし,世界,世界全体,該当なし,GE-000189-C01,identify,用語の識別,気候変動による被害を小さくし、変化した条件へ社会や生態系を合わせる対策を何というか。,気候変動への適応,気候変動への適応,洪水対策、耐暑作物、熱中症対策などが例である。,気候変動の緩和,適応は影響へ備え、緩和は温室効果ガスなど原因を抑える。,なし,なし,なし,気象庁『気候変動監視レポート』,https://www.data.jma.go.jp/cpdinfo/monitor/,なし
大学受験地理_Deck1_全範囲の骨格,GE-000190,190,Deck 1｜全範囲の骨格,両方,水・災害・環境,地球環境,砂漠化,さばくか,なし,なし,世界,乾燥・半乾燥地域,該当なし,GE-000190-C01,identify,用語の識別,乾燥・半乾燥地域で、気候変動や人間活動により土地が劣化する現象を何というか。,砂漠化,砂漠化,過放牧、森林伐採、不適切な灌漑などが要因となることがある。,なし,なし,なし,なし,なし,国連砂漠化対処条約,https://www.unccd.int/,なし
大学受験地理_Deck1_全範囲の骨格,GE-000191,191,Deck 1｜全範囲の骨格,両方,水・災害・環境,地球環境,森林減少,しんりんげんしょう,森林破壊,なし,世界,世界全体,該当なし,GE-000191-C01,identify,用語の識別,農地開発、伐採、火災などによって森林面積が減る現象を何というか。,森林減少,森林減少｜森林破壊,生物多様性の低下や炭素吸収源の減少につながる。,なし,なし,なし,なし,なし,国連食糧農業機関『FAOSTAT』,https://www.fao.org/faostat/en/,なし
大学受験地理_Deck1_全範囲の骨格,GE-000192,192,Deck 1｜全範囲の骨格,両方,水・災害・環境,大気環境,酸性雨,さんせいう,なし,なし,世界,世界全体,該当なし,GE-000192-C01,identify,用語の識別,硫黄酸化物や窒素酸化物から生じた酸性物質を含む雨や雪などを何というか。,酸性雨,酸性雨,越境して森林、湖沼、建造物へ影響することがある。,なし,なし,なし,なし,なし,国連環境計画,https://www.unep.org/,なし
大学受験地理_Deck1_全範囲の骨格,GE-000193,193,Deck 1｜全範囲の骨格,両方,水・災害・環境,大気環境,オゾン層破壊,おぞんそうはかい,なし,なし,世界,世界全体,該当なし,GE-000193-C01,identify,用語の識別,フロン類などにより成層圏のオゾンが減少する現象を何というか。,オゾン層破壊,オゾン層破壊,地表へ届く有害な紫外線が増えるため、国際的な規制が行われてきた。,なし,なし,なし,なし,なし,国連環境計画,https://www.unep.org/,なし
大学受験地理_Deck1_全範囲の骨格,GE-000194,194,Deck 1｜全範囲の骨格,両方,水・災害・環境,水環境,富栄養化,ふえいようか,なし,なし,世界,世界全体,該当なし,GE-000194-C01,identify,用語の識別,湖沼や内湾へ窒素・リンが過剰に流入し、植物プランクトンが異常増殖しやすくなる現象を何というか。,富栄養化,富栄養化,赤潮、アオコ、酸欠などを引き起こすことがある。,なし,なし,なし,なし,なし,国連環境計画,https://www.unep.org/,富栄養化=ふえいようか
大学受験地理_Deck1_全範囲の骨格,GE-000195,195,Deck 1｜全範囲の骨格,両方,水・災害・環境,生態系,生物多様性,せいぶつたようせい,なし,なし,世界,世界全体,該当なし,GE-000195-C01,identify,用語の識別,生態系、種、遺伝子の各レベルにみられる生物の多様さを何というか。,生物多様性,生物多様性,生息地の破壊、外来種、乱獲、気候変動などで失われる。,なし,なし,なし,なし,なし,生物多様性条約事務局,https://www.cbd.int/,なし
大学受験地理_Deck1_全範囲の骨格,GE-000196,196,Deck 1｜全範囲の骨格,両方,人口・都市・文化,人口統計,人口,じんこう,なし,なし,複数尺度,世界全体,該当なし,GE-000196-C01,identify,用語の識別,ある地域に居住する人の総数を何というか。,人口,人口,人口は出生・死亡・移動によって変化する。,なし,なし,なし,なし,なし,国際連合経済社会局人口部,https://www.un.org/development/desa/pd/,なし
大学受験地理_Deck1_全範囲の骨格,GE-000197,197,Deck 1｜全範囲の骨格,両方,人口・都市・文化,人口統計,人口密度,じんこうみつど,なし,GE-000196,世界,世界全体,該当なし,GE-000197-C01,formula,基本式,人口密度を求める基本式を答えよ。,人口÷面積,人口÷面積｜人口を面積で割る,通常は1平方キロメートル当たりの人口で表す。,なし,なし,人口密度=人口÷面積,人/km²,なし,世界銀行『World Development Indicators』,https://data.worldbank.org/indicator,なし
大学受験地理_Deck1_全範囲の骨格,GE-000198,198,Deck 1｜全範囲の骨格,両方,人口・都市・文化,人口分布,人口分布,じんこうぶんぷ,なし,GE-000196,世界,世界全体,該当なし,GE-000198-C01,identify,用語の識別,人口が地域ごとにどのように偏って居住しているかという空間的な広がりを何というか。,人口分布,人口分布,平野、沿岸、都市、温暖湿潤地域などに人口が集中しやすい。,なし,なし,なし,なし,なし,国際連合経済社会局人口部,https://www.un.org/development/desa/pd/,なし
大学受験地理_Deck1_全範囲の骨格,GE-000199,199,Deck 1｜全範囲の骨格,両方,人口・都市・文化,人口変動,人口増加率,じんこうぞうかりつ,なし,GE-000196,世界,世界全体,該当なし,GE-000199-C01,definition,定義,人口増加率とは、一定期間の人口増加量を何に対する割合で表した指標か。,期首人口に対する割合,期首人口に対する割合,自然増加と社会増加の両方を含む。,なし,なし,人口増加率=人口増加量÷期首人口×100,％,なし,国際連合経済社会局人口部,https://www.un.org/development/desa/pd/,なし
大学受験地理_Deck1_全範囲の骨格,GE-000200,200,Deck 1｜全範囲の骨格,両方,人口・都市・文化,人口変動,出生率,しゅっしょうりつ,なし,なし,世界,世界全体,該当なし,GE-000200-C01,identify,用語の識別,一定期間の出生数を人口に対する割合で表す指標を何というか。,出生率,出生率,粗出生率は通常、人口1000人当たりの年間出生数で表す。,なし,なし,なし,なし,なし,国際連合経済社会局人口部,https://www.un.org/development/desa/pd/,出生率=しゅっしょうりつ
大学受験地理_Deck1_全範囲の骨格,GE-000201,201,Deck 1｜全範囲の骨格,両方,人口・都市・文化,人口変動,死亡率,しぼうりつ,なし,なし,世界,世界全体,該当なし,GE-000201-C01,identify,用語の識別,一定期間の死亡数を人口に対する割合で表す指標を何というか。,死亡率,死亡率,粗死亡率は通常、人口1000人当たりの年間死亡数で表す。,なし,なし,なし,なし,なし,国際連合経済社会局人口部,https://www.un.org/development/desa/pd/,なし
大学受験地理_Deck1_全範囲の骨格,GE-000202,202,Deck 1｜全範囲の骨格,両方,人口・都市・文化,人口変動,自然増加,しぜんぞうか,なし,GE-000200｜GE-000201,世界,世界全体,該当なし,GE-000202-C01,formula,基本式,人口の自然増加の基本式は何か。,出生数−死亡数,出生数−死亡数｜出生から死亡を引いた数,移住による変化を含まない。,社会増加,自然増加は出生と死亡、社会増加は転入と転出による。,自然増加=出生数−死亡数,なし,なし,国際連合経済社会局人口部,https://www.un.org/development/desa/pd/,なし
大学受験地理_Deck1_全範囲の骨格,GE-000203,203,Deck 1｜全範囲の骨格,両方,人口・都市・文化,人口変動,社会増加,しゃかいぞうか,なし,なし,世界,世界全体,該当なし,GE-000203-C01,formula,基本式,人口の社会増加の基本式は何か。,転入者数−転出者数,転入者数−転出者数｜転入から転出を引いた数,人口移動による増減を表す。,自然増加,社会増加は移動、自然増加は出生と死亡による。,社会増加=転入者数−転出者数,なし,なし,国際連合経済社会局人口部,https://www.un.org/development/desa/pd/,なし
大学受験地理_Deck1_全範囲の骨格,GE-000204,204,Deck 1｜全範囲の骨格,両方,人口・都市・文化,人口変動,合計特殊出生率,ごうけいとくしゅしゅっしょうりつ,なし,なし,世界,世界全体,該当なし,GE-000204-C01,identify,用語の識別,一人の女性が一生の間に産む子どもの数に相当する指標を何というか。,合計特殊出生率,合計特殊出生率,年齢別出生率を合計して算出する。,なし,なし,なし,なし,なし,国際連合経済社会局人口部,https://www.un.org/development/desa/pd/,合計特殊出生率=ごうけいとくしゅしゅっしょうりつ
大学受験地理_Deck1_全範囲の骨格,GE-000205,205,Deck 1｜全範囲の骨格,両方,人口・都市・文化,人口変動,人口転換,じんこうてんかん,人口転換モデル｜人口革命,GE-000200｜GE-000201,世界,世界全体,該当なし,GE-000205-C01,identify,用語の識別,社会の発展に伴い、死亡率と出生率が高い状態から低い状態へ移る過程を何というか。,人口転換,人口転換｜人口転換モデル｜人口革命,一般に死亡率が先に低下し、その後に出生率が低下する。,なし,なし,なし,なし,なし,国際連合経済社会局人口部,https://www.un.org/development/desa/pd/,なし
大学受験地理_Deck1_全範囲の骨格,GE-000206,206,Deck 1｜全範囲の骨格,両方,人口・都市・文化,人口転換,多産多死,たさんたし,なし,GE-000205,世界,世界全体,該当なし,GE-000206-C01,identify,用語の識別,出生率も死亡率も高く、人口増加が小さい人口転換初期の状態を何というか。,多産多死,多産多死,医療・衛生が十分でない前近代的社会に典型的とされる。,多産少死,多産多死は死亡率も高く、多産少死は死亡率が低下している。,なし,なし,なし,国際連合経済社会局人口部,https://www.un.org/development/desa/pd/,なし
大学受験地理_Deck1_全範囲の骨格,GE-000207,207,Deck 1｜全範囲の骨格,両方,人口・都市・文化,人口転換,多産少死,たさんしょうし,なし,GE-000205,世界,世界全体,該当なし,GE-000207-C01,identify,用語の識別,出生率が高いまま死亡率が低下し、人口が急増する人口転換の状態を何というか。,多産少死,多産少死,医療・衛生の改善が出生率低下より先に進むと生じやすい。,少産少死,多産少死は出生率が高く、少産少死は出生率も低い。,なし,なし,なし,国際連合経済社会局人口部,https://www.un.org/development/desa/pd/,なし
大学受験地理_Deck1_全範囲の骨格,GE-000208,208,Deck 1｜全範囲の骨格,両方,人口・都市・文化,人口転換,少産少死,しょうさんしょうし,なし,GE-000205,世界,世界全体,該当なし,GE-000208-C01,identify,用語の識別,出生率・死亡率がともに低く、人口増加が小さい人口転換後期の状態を何というか。,少産少死,少産少死,高齢化や人口減少が課題になる場合がある。,なし,なし,なし,なし,なし,国際連合経済社会局人口部,https://www.un.org/development/desa/pd/,なし
大学受験地理_Deck1_全範囲の骨格,GE-000209,209,Deck 1｜全範囲の骨格,両方,人口・都市・文化,人口構成,人口ピラミッド,じんこうぴらみっど,なし,なし,世界,世界全体,該当なし,GE-000209-C01,identify,用語の識別,年齢別・男女別の人口構成を左右に分けた棒グラフを何というか。,人口ピラミッド,人口ピラミッド,出生、死亡、移動、戦争など人口の歴史を読み取れる。,なし,なし,なし,なし,なし,国際連合経済社会局人口部,https://www.un.org/development/desa/pd/,なし
大学受験地理_Deck1_全範囲の骨格,GE-000210,210,Deck 1｜全範囲の骨格,両方,人口・都市・文化,人口構成,富士山型,ふじさんがた,ピラミッド型,GE-000209,世界,世界全体,該当なし,GE-000210-C01,identify,用語の識別,人口ピラミッドで、年少人口が多く裾が広い、人口増加型の形を何というか。,富士山型,富士山型｜ピラミッド型,高出生率の地域に多い。,つぼ型,富士山型は底が広く若年層が多いが、つぼ型は底が狭い。,なし,なし,なし,国際連合経済社会局人口部,https://www.un.org/development/desa/pd/,なし
大学受験地理_Deck1_全範囲の骨格,GE-000211,211,Deck 1｜全範囲の骨格,両方,人口・都市・文化,人口構成,つりがね型,つりがねがた,ベル型,GE-000209,世界,世界全体,該当なし,GE-000211-C01,identify,用語の識別,人口ピラミッドで、年齢構成の差が比較的小さく、人口が安定的な形を何というか。,つりがね型,つりがね型｜ベル型,出生率と死亡率が低く、おおむね均衡する社会でみられる。,なし,なし,なし,なし,なし,国際連合経済社会局人口部,https://www.un.org/development/desa/pd/,なし
大学受験地理_Deck1_全範囲の骨格,GE-000212,212,Deck 1｜全範囲の骨格,両方,人口・都市・文化,人口構成,つぼ型,つぼがた,なし,GE-000209,世界,世界全体,該当なし,GE-000212-C01,identify,用語の識別,人口ピラミッドで、年少人口が少なく底が狭い、少子高齢化型の形を何というか。,つぼ型,つぼ型,出生率が低く、将来の人口減少を示しやすい。,富士山型,つぼ型は底が狭く、富士山型は底が広い。,なし,なし,なし,国際連合経済社会局人口部,https://www.un.org/development/desa/pd/,なし
大学受験地理_Deck1_全範囲の骨格,GE-000213,213,Deck 1｜全範囲の骨格,両方,人口・都市・文化,人口構成,年少人口,ねんしょうじんこう,なし,なし,世界,世界全体,該当なし,GE-000213-C01,number,年齢区分,年少人口は、人口統計で一般に何歳から何歳までか。,0〜14歳,0〜14歳｜0歳から14歳｜15歳未満,生産年齢人口・老年人口と合わせて年齢3区分を構成する。,なし,なし,なし,歳,なし,総務省統計局『人口推計』,https://www.stat.go.jp/data/jinsui/,なし
大学受験地理_Deck1_全範囲の骨格,GE-000214,214,Deck 1｜全範囲の骨格,両方,人口・都市・文化,人口構成,生産年齢人口,せいさんねんれいじんこう,なし,なし,世界,世界全体,該当なし,GE-000214-C01,number,年齢区分,生産年齢人口は、人口統計で一般に何歳から何歳までか。,15〜64歳,15〜64歳｜15歳から64歳,実際の就業者だけでなく、この年齢範囲の全人口を指す。,なし,なし,なし,歳,なし,総務省統計局『人口推計』,https://www.stat.go.jp/data/jinsui/,なし
大学受験地理_Deck1_全範囲の骨格,GE-000215,215,Deck 1｜全範囲の骨格,両方,人口・都市・文化,人口構成,老年人口,ろうねんじんこう,なし,なし,世界,世界全体,該当なし,GE-000215-C01,number,年齢区分,老年人口は、人口統計で一般に何歳以上か。,65歳以上,65歳以上,総人口に占める割合は高齢化の基本指標となる。,なし,なし,なし,歳,なし,総務省統計局『人口推計』,https://www.stat.go.jp/data/jinsui/,なし
大学受験地理_Deck1_全範囲の骨格,GE-000216,216,Deck 1｜全範囲の骨格,両方,人口・都市・文化,人口構成,従属人口指数,じゅうぞくじんこうしすう,なし,GE-000213｜GE-000214｜GE-000215,世界,世界全体,該当なし,GE-000216-C01,formula,基本式,従属人口指数を求める基本式を答えよ。,（年少人口＋老年人口）÷生産年齢人口×100,（年少人口＋老年人口）÷生産年齢人口×100｜従属人口を生産年齢人口で割って100を掛ける,生産年齢人口が支える年少・老年人口の相対的な大きさを示す。,なし,なし,従属人口指数=（年少人口＋老年人口）÷生産年齢人口×100,％,なし,国際連合経済社会局人口部,https://www.un.org/development/desa/pd/,従属人口指数=じゅうぞくじんこうしすう
大学受験地理_Deck1_全範囲の骨格,GE-000217,217,Deck 1｜全範囲の骨格,両方,人口・都市・文化,人口問題,高齢化,こうれいか,なし,GE-000215,世界,世界全体,該当なし,GE-000217-C01,identify,用語の識別,総人口に占める老年人口の割合が高まる現象を何というか。,高齢化,高齢化,出生率低下と平均寿命の伸長などが要因となる。,なし,なし,なし,なし,なし,国際連合経済社会局人口部,https://www.un.org/development/desa/pd/,なし
大学受験地理_Deck1_全範囲の骨格,GE-000218,218,Deck 1｜全範囲の骨格,両方,人口・都市・文化,人口問題,少子化,しょうしか,なし,GE-000200｜GE-000204,世界,世界全体,該当なし,GE-000218-C01,identify,用語の識別,出生数や出生率が長期的に低下し、子どもの割合が小さくなる現象を何というか。,少子化,少子化,将来の人口規模や労働力、地域社会に影響する。,なし,なし,なし,なし,なし,国際連合経済社会局人口部,https://www.un.org/development/desa/pd/,なし
大学受験地理_Deck1_全範囲の骨格,GE-000219,219,Deck 1｜全範囲の骨格,両方,人口・都市・文化,人口移動,人口移動,じんこういどう,移住｜マイグレーション,なし,世界,世界全体,該当なし,GE-000219-C01,identify,用語の識別,人が居住地を変えることにより地域間を移動する現象を何というか。,人口移動,人口移動｜移住｜マイグレーション,国内移動と国際移動に分けられる。,なし,なし,なし,なし,なし,国際連合経済社会局人口部,https://www.un.org/development/desa/pd/,なし
大学受験地理_Deck1_全範囲の骨格,GE-000220,220,Deck 1｜全範囲の骨格,両方,人口・都市・文化,人口移動,国内人口移動,こくないじんこういどう,なし,GE-000219,世界,世界全体,該当なし,GE-000220-C01,identify,用語の識別,国境を越えず、同一国内で居住地を変える人口移動を何というか。,国内人口移動,国内人口移動,農村から都市、地方から大都市圏への移動などがある。,国際人口移動,国内人口移動は国境内、国際人口移動は国境を越える。,なし,なし,なし,国際連合経済社会局人口部,https://www.un.org/development/desa/pd/,なし
大学受験地理_Deck1_全範囲の骨格,GE-000221,221,Deck 1｜全範囲の骨格,両方,人口・都市・文化,人口移動,国際人口移動,こくさいじんこういどう,国際移住,GE-000219,世界,世界全体,該当なし,GE-000221-C01,identify,用語の識別,国境を越えて居住地を変える人口移動を何というか。,国際人口移動,国際人口移動｜国際移住,就労、家族、教育、紛争、迫害など多様な理由がある。,国内人口移動,国際人口移動は国境を越え、国内人口移動は越えない。,なし,なし,なし,国際連合経済社会局人口部,https://www.un.org/development/desa/pd/,なし
大学受験地理_Deck1_全範囲の骨格,GE-000222,222,Deck 1｜全範囲の骨格,両方,人口・都市・文化,人口移動,プッシュ要因,ぷっしゅよういん,なし,GE-000219,世界,世界全体,該当なし,GE-000222-C01,identify,用語の識別,失業、貧困、紛争、災害など、人を出発地から押し出す人口移動の要因を何というか。,プッシュ要因,プッシュ要因,移動先へ引き付けるプル要因と対で考える。,プル要因,プッシュ要因は出発地から押し出し、プル要因は目的地へ引き付ける。,なし,なし,なし,国際連合経済社会局人口部,https://www.un.org/development/desa/pd/,なし
大学受験地理_Deck1_全範囲の骨格,GE-000223,223,Deck 1｜全範囲の骨格,両方,人口・都市・文化,人口移動,プル要因,ぷるよういん,なし,GE-000219,世界,世界全体,該当なし,GE-000223-C01,identify,用語の識別,雇用、賃金、教育、安全など、人を目的地へ引き付ける人口移動の要因を何というか。,プル要因,プル要因,実際の移動はプッシュ要因と組み合わさって起こる。,プッシュ要因,プル要因は目的地へ引き付け、プッシュ要因は出発地から押し出す。,なし,なし,なし,国際連合経済社会局人口部,https://www.un.org/development/desa/pd/,なし
大学受験地理_Deck1_全範囲の骨格,GE-000224,224,Deck 1｜全範囲の骨格,両方,人口・都市・文化,人口移動,難民,なんみん,なし,なし,複数国家,世界全体,該当なし,GE-000224-C01,identify,用語の識別,迫害への十分な理由のある恐れなどにより、自国の外にいて保護を必要とする人を何というか。,難民,難民,経済的理由だけで移動する移民とは法的な定義が異なる。,移民,難民は迫害などから国際的保護を必要とし、移民はより広い移動者を指す。,なし,なし,なし,国連難民高等弁務官事務所,https://www.unhcr.org/,なし
大学受験地理_Deck1_全範囲の骨格,GE-000225,225,Deck 1｜全範囲の骨格,両方,人口・都市・文化,都市化,都市化,としか,なし,なし,世界,世界全体,該当なし,GE-000225-C01,identify,用語の識別,人口や産業が都市へ集中し、都市人口の割合や都市的土地利用が拡大する過程を何というか。,都市化,都市化,工業化やサービス業の発展と結び付くことが多い。,なし,なし,なし,なし,なし,国連人間居住計画,https://unhabitat.org/,なし
大学受験地理_Deck1_全範囲の骨格,GE-000226,226,Deck 1｜全範囲の骨格,両方,人口・都市・文化,都市体系,都市圏,としけん,なし,なし,都市・生活圏,世界全体,該当なし,GE-000226-C01,identify,用語の識別,中心都市と、通勤・通学・買い物などで強く結び付く周辺地域を合わせた範囲を何というか。,都市圏,都市圏,行政界を越えて形成される生活・経済圏である。,なし,なし,なし,なし,なし,国連人間居住計画,https://unhabitat.org/,なし
大学受験地理_Deck1_全範囲の骨格,GE-000227,227,Deck 1｜全範囲の骨格,両方,人口・都市・文化,都市体系,メガシティ,めがしてぃ,巨大都市,なし,都市・生活圏,世界全体,該当なし,GE-000227-C01,number,人口規模,メガシティは、一般に人口何人以上の巨大都市圏か。,1000万人以上,1000万人以上｜人口1000万人以上,国連の都市統計で広く用いられる区分である。,なし,なし,なし,人,なし,国連人間居住計画,https://unhabitat.org/,なし
大学受験地理_Deck1_全範囲の骨格,GE-000228,228,Deck 1｜全範囲の骨格,両方,人口・都市・文化,都市体系,首位都市,しゅいとし,プライメートシティ,なし,国家,世界全体,該当なし,GE-000228-C01,identify,用語の識別,一国の都市体系で、第2位以下を大きく引き離して人口・機能が集中する最大都市を何というか。,首位都市,首位都市｜プライメートシティ,政治・経済機能が一都市へ過度に集中する国でみられる。,なし,なし,なし,なし,なし,国連人間居住計画,https://unhabitat.org/,首位都市=しゅいとし
大学受験地理_Deck1_全範囲の骨格,GE-000229,229,Deck 1｜全範囲の骨格,両方,人口・都市・文化,都市体系,コナーベーション,こなーべーしょん,連接都市,なし,都市・生活圏,世界全体,該当なし,GE-000229-C01,identify,用語の識別,複数の都市が拡大し、市街地が連続して一体化した都市地域を何というか。,コナーベーション,コナーベーション｜連接都市,個々の中心都市は残りつつ、市街地がつながる。,メガロポリス,コナーベーションは連続市街地、メガロポリスは複数の大都市圏が帯状に連なる。,なし,なし,なし,国連人間居住計画,https://unhabitat.org/,なし
大学受験地理_Deck1_全範囲の骨格,GE-000230,230,Deck 1｜全範囲の骨格,両方,人口・都市・文化,都市体系,メガロポリス,めがろぽりす,なし,なし,複数国家,世界全体,該当なし,GE-000230-C01,identify,用語の識別,複数の大都市圏が交通・経済で結び付き、広域の都市帯を形成した地域を何というか。,メガロポリス,メガロポリス,アメリカ合衆国北東部のボスウォッシュが代表例である。,コナーベーション,メガロポリスは広域の都市圏連鎖、コナーベーションは隣接市街地の連続。,なし,なし,なし,国連人間居住計画,https://unhabitat.org/,なし
大学受験地理_Deck1_全範囲の骨格,GE-000231,231,Deck 1｜全範囲の骨格,両方,人口・都市・文化,都市問題,郊外化,こうがいか,サバーバニゼーション,なし,都市・生活圏,世界全体,該当なし,GE-000231-C01,identify,用語の識別,人口や住宅、商業施設などが都心から郊外へ移る現象を何というか。,郊外化,郊外化｜サバーバニゼーション,自動車交通の発達や住宅需要の拡大と関係する。,なし,なし,なし,なし,なし,国連人間居住計画,https://unhabitat.org/,郊外化=こうがいか
大学受験地理_Deck1_全範囲の骨格,GE-000232,232,Deck 1｜全範囲の骨格,両方,人口・都市・文化,都市問題,ドーナツ化現象,どーなつかげんしょう,なし,GE-000231,都市・生活圏,日本など,該当なし,GE-000232-C01,identify,用語の識別,都心部の夜間人口が減り、周辺郊外の人口が増える現象を何というか。,ドーナツ化現象,ドーナツ化現象,人口分布が中心の空いたドーナツ状になることに由来する。,なし,なし,なし,なし,なし,文部科学省『高等学校学習指導要領解説 地理歴史編』,https://www.mext.go.jp/content/20220802-mxt_kyoiku02-100002620_03.pdf,なし
大学受験地理_Deck1_全範囲の骨格,GE-000233,233,Deck 1｜全範囲の骨格,両方,人口・都市・文化,都市問題,都心回帰,としんかいき,なし,なし,都市・生活圏,先進工業国の大都市,該当なし,GE-000233-C01,identify,用語の識別,郊外へ流出していた人口が、再開発や住宅供給により都心部へ戻る現象を何というか。,都心回帰,都心回帰,都心の利便性や集合住宅の増加が背景となる。,郊外化,都心回帰は中心部へ戻り、郊外化は中心部から周辺へ移る。,なし,なし,なし,国連人間居住計画,https://unhabitat.org/,なし
大学受験地理_Deck1_全範囲の骨格,GE-000234,234,Deck 1｜全範囲の骨格,両方,人口・都市・文化,都市問題,ジェントリフィケーション,じぇんとりふぃけーしょん,なし,なし,都市・生活圏,世界の大都市,該当なし,GE-000234-C01,identify,用語の識別,都心周辺の低所得者地区が再開発され、中高所得者が流入して地価・家賃が上昇する現象は何か。,ジェントリフィケーション,ジェントリフィケーション,地域環境が改善する一方、従来住民が転出を迫られる問題がある。,なし,なし,なし,なし,なし,国連人間居住計画,https://unhabitat.org/,なし
大学受験地理_Deck1_全範囲の骨格,GE-000235,235,Deck 1｜全範囲の骨格,両方,人口・都市・文化,都市内部構造,中心業務地区,ちゅうしんぎょうむちく,CBD,なし,都市・生活圏,世界の大都市,該当なし,GE-000235-C01,identify,用語の識別,大都市の中心部で、企業本社、金融、商業、行政などの高次機能が集中する地区を何というか。,中心業務地区,中心業務地区｜CBD,地価が高く、高層建築が多い。,なし,なし,なし,なし,なし,国連人間居住計画,https://unhabitat.org/,中心業務地区=ちゅうしんぎょうむちく
大学受験地理_Deck1_全範囲の骨格,GE-000236,236,Deck 1｜全範囲の骨格,両方,人口・都市・文化,都市内部構造,都市の内部構造,としのないぶこうぞう,なし,なし,都市・生活圏,世界の都市,該当なし,GE-000236-C01,identify,用語の識別,都心、住宅地、工業地などの土地利用が都市内で分化して配置される構造を何というか。,都市の内部構造,都市の内部構造,同心円型、扇形、多核心型などのモデルがある。,なし,なし,なし,なし,なし,国連人間居住計画,https://unhabitat.org/,なし
大学受験地理_Deck1_全範囲の骨格,GE-000237,237,Deck 1｜全範囲の骨格,両方,人口・都市・文化,都市問題,スラム,すらむ,なし,なし,都市・生活圏,世界の都市,該当なし,GE-000237-C01,identify,用語の識別,住宅やインフラが不十分で、過密・不安定な居住環境が広がる都市地区を何というか。,スラム,スラム,原因は急速な都市化、貧困、住宅供給不足など複合的である。,なし,なし,なし,なし,なし,国連人間居住計画,https://unhabitat.org/,なし
大学受験地理_Deck1_全範囲の骨格,GE-000238,238,Deck 1｜全範囲の骨格,両方,人口・都市・文化,都市経済,インフォーマルセクター,いんふぉーまるせくたー,非公式部門,なし,複数尺度,世界全体,該当なし,GE-000238-C01,identify,用語の識別,法的登録や社会保障の枠外で行われることが多い、小規模・非公式な経済活動を何というか。,インフォーマルセクター,インフォーマルセクター｜非公式部門,露店、日雇い、家庭内生産など多様で、都市の雇用を支える面もある。,なし,なし,なし,なし,なし,世界銀行『World Development Indicators』,https://data.worldbank.org/indicator,なし
大学受験地理_Deck1_全範囲の骨格,GE-000239,239,Deck 1｜全範囲の骨格,両方,人口・都市・文化,文化,民族,みんぞく,なし,なし,世界,世界全体,該当なし,GE-000239-C01,identify,用語の識別,言語、文化、歴史などの共有意識によって形成される人々の集団を何というか。,民族,民族,国籍や人種と同一ではなく、境界や自己認識は歴史的に変化し得る。,国籍,民族は文化的・歴史的帰属、国籍は国家との法的関係。,なし,なし,なし,UNESCO World Heritage Centre,https://whc.unesco.org/,なし
大学受験地理_Deck1_全範囲の骨格,GE-000240,240,Deck 1｜全範囲の骨格,両方,人口・都市・文化,文化,国籍,こくせき,なし,なし,国家,世界全体,該当なし,GE-000240-C01,identify,用語の識別,個人と国家との法的な所属関係を何というか。,国籍,国籍,同じ国籍の人々が同じ民族・言語・宗教であるとは限らない。,民族,国籍は法的所属、民族は文化的・歴史的帰属。,なし,なし,なし,国際連合統計部『M49地域区分』,https://unstats.un.org/unsd/methodology/m49,なし
大学受験地理_Deck1_全範囲の骨格,GE-000241,241,Deck 1｜全範囲の骨格,両方,人口・都市・文化,文化,言語,げんご,なし,なし,世界,世界全体,該当なし,GE-000241-C01,identify,用語の識別,音声や文字などの記号を用いて意思や情報を伝える体系を何というか。,言語,言語,言語分布は移住、国家政策、植民地支配、交易などの歴史を反映する。,なし,なし,なし,なし,なし,UNESCO World Heritage Centre,https://whc.unesco.org/,なし
大学受験地理_Deck1_全範囲の骨格,GE-000242,242,Deck 1｜全範囲の骨格,両方,人口・都市・文化,文化,宗教,しゅうきょう,なし,なし,世界,世界全体,該当なし,GE-000242-C01,identify,用語の識別,超越的存在や聖なるものに関する信仰・儀礼・制度の体系を何というか。,宗教,宗教,宗教分布は地域文化に影響するが、個人や地域の多様性を一括して扱わない。,なし,なし,なし,なし,なし,UNESCO World Heritage Centre,https://whc.unesco.org/,なし
大学受験地理_Deck1_全範囲の骨格,GE-000243,243,Deck 1｜全範囲の骨格,両方,人口・都市・文化,文化,文化景観,ぶんかけいかん,なし,なし,複数尺度,世界全体,該当なし,GE-000243-C01,identify,用語の識別,自然環境と人間の長期的な営みが組み合わさって形成された景観を何というか。,文化景観,文化景観,棚田、牧草地、歴史都市などが例である。,なし,なし,なし,なし,なし,UNESCO World Heritage Centre,https://whc.unesco.org/,なし
大学受験地理_Deck1_全範囲の骨格,GE-000244,244,Deck 1｜全範囲の骨格,両方,人口・都市・文化,文化・経済,グローバル化,ぐろーばるか,グローバリゼーション,なし,世界,世界全体,該当なし,GE-000244-C01,identify,用語の識別,人・物・資本・情報の国境を越えた結び付きが世界規模で強まる現象を何というか。,グローバル化,グローバル化｜グローバリゼーション,経済だけでなく文化、政治、環境問題にも影響する。,ローカライゼーション,グローバル化は世界的結合の強化、ローカライゼーションは地域条件への適応。,なし,なし,なし,世界銀行『World Development Indicators』,https://data.worldbank.org/indicator,なし
大学受験地理_Deck1_全範囲の骨格,GE-000245,245,Deck 1｜全範囲の骨格,両方,人口・都市・文化,文化・経済,ローカライゼーション,ろーからいぜーしょん,現地化,なし,複数尺度,世界全体,該当なし,GE-000245-C01,identify,用語の識別,世界的な商品・制度・文化などを、地域の言語や習慣、需要に合わせて適応させることを何というか。,ローカライゼーション,ローカライゼーション｜現地化,グローバル化と対立するだけでなく、同時に進むことも多い。,グローバル化,ローカライゼーションは地域への適応、グローバル化は世界的な結合の強化。,なし,なし,なし,世界銀行『World Development Indicators』,https://data.worldbank.org/indicator,なし
大学受験地理_Deck1_全範囲の骨格,GE-000246,246,Deck 1｜全範囲の骨格,両方,農林水産業,農業の基本,農業,のうぎょう,なし,なし,世界,世界全体,該当なし,GE-000246-C01,identify,用語の識別,土地や生物を利用して作物を栽培し、家畜を飼育する生産活動を何というか。,農業,農業,自然条件だけでなく、市場、技術、土地制度、政策にも左右される。,なし,なし,なし,なし,なし,国連食糧農業機関『FAOSTAT』,https://www.fao.org/faostat/en/,なし
大学受験地理_Deck1_全範囲の骨格,GE-000247,247,Deck 1｜全範囲の骨格,両方,農林水産業,農業の類型,自給的農業,じきゅうてきのうぎょう,なし,GE-000246,世界,世界全体,該当なし,GE-000247-C01,identify,用語の識別,主に農家や地域自身の消費を目的として行う農業を何というか。,自給的農業,自給的農業,市場販売を主目的とする商業的農業と対比される。,商業的農業,自給的農業は自己消費中心、商業的農業は市場販売中心。,なし,なし,なし,国連食糧農業機関『FAOSTAT』,https://www.fao.org/faostat/en/,なし
大学受験地理_Deck1_全範囲の骨格,GE-000248,248,Deck 1｜全範囲の骨格,両方,農林水産業,農業の類型,商業的農業,しょうぎょうてきのうぎょう,なし,GE-000246,世界,世界全体,該当なし,GE-000248-C01,identify,用語の識別,市場で販売して収益を得ることを主目的とする農業を何というか。,商業的農業,商業的農業,都市市場、交通、価格、企業活動との結び付きが強い。,自給的農業,商業的農業は販売中心、自給的農業は自己消費中心。,なし,なし,なし,国連食糧農業機関『FAOSTAT』,https://www.fao.org/faostat/en/,なし
大学受験地理_Deck1_全範囲の骨格,GE-000249,249,Deck 1｜全範囲の骨格,両方,農林水産業,農業の類型,集約的農業,しゅうやくてきのうぎょう,なし,GE-000246,世界,世界全体,該当なし,GE-000249-C01,identify,用語の識別,単位面積当たりに多くの労働・資本・肥料などを投入する農業を何というか。,集約的農業,集約的農業,土地が限られ人口密度が高い地域で発達しやすい。,粗放的農業,集約的農業は面積当たり投入が多く、粗放的農業は少ない。,なし,なし,なし,国連食糧農業機関『FAOSTAT』,https://www.fao.org/faostat/en/,集約的農業=しゅうやくてきのうぎょう
大学受験地理_Deck1_全範囲の骨格,GE-000250,250,Deck 1｜全範囲の骨格,両方,農林水産業,農業の類型,粗放的農業,そほうてきのうぎょう,なし,GE-000246,世界,世界全体,該当なし,GE-000250-C01,identify,用語の識別,広い土地に対し、単位面積当たりの労働・資本投入が比較的少ない農業を何というか。,粗放的農業,粗放的農業,土地が広く人口密度が低い地域の大規模農業や牧畜に多い。,集約的農業,粗放的農業は面積当たり投入が少なく、集約的農業は多い。,なし,なし,なし,国連食糧農業機関『FAOSTAT』,https://www.fao.org/faostat/en/,粗放的農業=そほうてきのうぎょう
大学受験地理_Deck1_全範囲の骨格,GE-000251,251,Deck 1｜全範囲の骨格,両方,農林水産業,穀物,稲作,いなさく,なし,なし,世界,モンスーンアジアなど,該当なし,GE-000251-C01,identify,用語の識別,高温期と豊富な水を利用し、水田で米を栽培する農業を何というか。,稲作,稲作,季節風の影響を受けるアジアの平野・デルタに広く分布する。,なし,なし,なし,なし,なし,国連食糧農業機関『FAOSTAT』,https://www.fao.org/faostat/en/,なし
大学受験地理_Deck1_全範囲の骨格,GE-000252,252,Deck 1｜全範囲の骨格,両方,農林水産業,穀物,小麦,こむぎ,なし,なし,世界,温帯・半乾燥地域,該当なし,GE-000252-C01,identify,用語の識別,米より少ない水分でも栽培しやすく、温帯・半乾燥地域に広く分布する主要穀物は何か。,小麦,小麦,パン、麺などの原料で、企業的大規模農業でも栽培される。,なし,なし,なし,なし,なし,国連食糧農業機関『FAOSTAT』,https://www.fao.org/faostat/en/,なし
大学受験地理_Deck1_全範囲の骨格,GE-000253,253,Deck 1｜全範囲の骨格,両方,農林水産業,穀物,とうもろこし,とうもろこし,トウモロコシ｜玉蜀黍,なし,世界,世界の温暖地域,該当なし,GE-000253-C01,identify,用語の識別,食用だけでなく家畜飼料や工業原料にも広く利用される、温暖な気候を好む主要穀物は何か。,とうもろこし,とうもろこし｜トウモロコシ｜玉蜀黍,アメリカ合衆国のコーンベルトなどで大規模栽培される。,なし,なし,なし,なし,なし,国連食糧農業機関『FAOSTAT』,https://www.fao.org/faostat/en/,玉蜀黍=とうもろこし
大学受験地理_Deck1_全範囲の骨格,GE-000254,254,Deck 1｜全範囲の骨格,両方,農林水産業,油料・豆類,大豆,だいず,なし,なし,世界,世界の温帯地域,該当なし,GE-000254-C01,identify,用語の識別,たんぱく質と油脂を多く含み、食用・飼料・搾油用に栽培される作物は何か。,大豆,大豆,温帯を中心に大規模栽培され、国際商品として取引される。,なし,なし,なし,なし,なし,国連食糧農業機関『FAOSTAT』,https://www.fao.org/faostat/en/,なし
大学受験地理_Deck1_全範囲の骨格,GE-000255,255,Deck 1｜全範囲の骨格,両方,農林水産業,農業技術,灌漑農業,かんがいのうぎょう,なし,GE-000169｜GE-000246,世界,世界全体,該当なし,GE-000255-C01,identify,用語の識別,河川、地下水、貯水池などから人工的に水を供給して行う農業を何というか。,灌漑農業,灌漑農業,乾燥地域の農業を可能にする一方、過剰灌漑は塩害を招くことがある。,天水農業,灌漑農業は人工給水、天水農業は降水に主に依存する。,なし,なし,なし,国連食糧農業機関『Land & Water』,https://www.fao.org/land-water/en/,灌漑農業=かんがいのうぎょう
大学受験地理_Deck1_全範囲の骨格,GE-000256,256,Deck 1｜全範囲の骨格,両方,農林水産業,農業技術,天水農業,てんすいのうぎょう,雨水依存農業,GE-000246,世界,世界全体,該当なし,GE-000256-C01,identify,用語の識別,人工的な灌漑に大きく頼らず、主に降水を利用して行う農業を何というか。,天水農業,天水農業｜雨水依存農業,降水量や降水の季節変動に収穫が左右されやすい。,灌漑農業,天水農業は降水依存、灌漑農業は人工給水を利用する。,なし,なし,なし,国連食糧農業機関『Land & Water』,https://www.fao.org/land-water/en/,天水農業=てんすいのうぎょう
大学受験地理_Deck1_全範囲の骨格,GE-000257,257,Deck 1｜全範囲の骨格,両方,農林水産業,農業の類型,焼畑農業,やきはたのうぎょう,なし,なし,世界,熱帯など,該当なし,GE-000257-C01,identify,用語の識別,森林や草地を焼いて灰を肥料とし、数年耕作後に休閑地へ移る農業を何というか。,焼畑農業,焼畑農業,十分な休閑期間があれば持続し得るが、人口圧で周期が短くなると地力低下を招く。,なし,なし,なし,なし,なし,国連食糧農業機関『FAOSTAT』,https://www.fao.org/faostat/en/,焼畑農業=やきはたのうぎょう
大学受験地理_Deck1_全範囲の骨格,GE-000258,258,Deck 1｜全範囲の骨格,両方,農林水産業,牧畜,遊牧,ゆうぼく,なし,なし,世界,乾燥・寒冷地域,該当なし,GE-000258-C01,identify,用語の識別,乾燥・寒冷地域で、家畜とともに水や草を求めて移動する牧畜を何というか。,遊牧,遊牧,移動範囲や家畜種は地域の自然・社会条件で異なる。,移牧,遊牧は生活拠点ごと移動し、移牧は季節的に一定経路を往復する。,なし,なし,なし,国連食糧農業機関『FAOSTAT』,https://www.fao.org/faostat/en/,なし
大学受験地理_Deck1_全範囲の骨格,GE-000259,259,Deck 1｜全範囲の骨格,両方,農林水産業,牧畜,移牧,いぼく,トランスヒューマンス,なし,世界,山地・乾燥地域,該当なし,GE-000259-C01,identify,用語の識別,季節に応じて山地と低地などの決まった牧草地の間を家畜と移動する牧畜を何というか。,移牧,移牧｜トランスヒューマンス,アルプスなどでみられ、遊牧より移動経路が規則的である。,遊牧,移牧は季節的な定期往復、遊牧は水・草を求め生活拠点ごと移動する。,なし,なし,なし,国連食糧農業機関『FAOSTAT』,https://www.fao.org/faostat/en/,移牧=いぼく
大学受験地理_Deck1_全範囲の骨格,GE-000260,260,Deck 1｜全範囲の骨格,両方,農林水産業,商品作物,プランテーション,ぷらんてーしょん,なし,なし,世界,熱帯・亜熱帯,該当なし,GE-000260-C01,identify,用語の識別,熱帯・亜熱帯で、輸出向け作物を大規模・単一的に生産する企業的農園を何というか。,プランテーション,プランテーション,植民地期に形成されたものが多く、加工・流通を多国籍企業が担う場合もある。,なし,なし,なし,なし,なし,国連食糧農業機関『FAOSTAT』,https://www.fao.org/faostat/en/,なし
大学受験地理_Deck1_全範囲の骨格,GE-000261,261,Deck 1｜全範囲の骨格,両方,農林水産業,農業経済,モノカルチャー,ものかるちゃー,単一栽培経済｜単一商品経済,なし,国家,世界全体,該当なし,GE-000261-C01,identify,用語の識別,一国・一地域の生産や輸出が特定の一次産品に強く依存する状態を何というか。,モノカルチャー,モノカルチャー｜単一栽培経済｜単一商品経済,国際価格や天候の変動に経済が左右されやすい。,プランテーション,プランテーションは農園形態、モノカルチャーは経済の特定産品依存。,なし,なし,なし,世界銀行『World Development Indicators』,https://data.worldbank.org/indicator,なし
大学受験地理_Deck1_全範囲の骨格,GE-000262,262,Deck 1｜全範囲の骨格,両方,農林水産業,商品作物,商品作物,しょうひんさくもつ,換金作物｜カッシュクロップ,GE-000248,世界,世界全体,該当なし,GE-000262-C01,identify,用語の識別,自家消費よりも販売・輸出を目的として栽培される作物を何というか。,商品作物,商品作物｜換金作物｜カッシュクロップ,コーヒー、カカオ、綿花、天然ゴムなどが代表例である。,なし,なし,なし,なし,なし,国連食糧農業機関『FAOSTAT』,https://www.fao.org/faostat/en/,なし
大学受験地理_Deck1_全範囲の骨格,GE-000263,263,Deck 1｜全範囲の骨格,両方,農林水産業,商品作物,コーヒー,こーひー,なし,なし,世界,熱帯高地など,該当なし,GE-000263-C01,identify,用語の識別,熱帯の高地などで栽培され、霜に弱い代表的な嗜好性商品作物は何か。,コーヒー,コーヒー,中南米、アフリカ、東南アジアの生産地域から世界市場へ輸出される。,なし,なし,なし,なし,なし,国連食糧農業機関『FAOSTAT』,https://www.fao.org/faostat/en/,なし
大学受験地理_Deck1_全範囲の骨格,GE-000264,264,Deck 1｜全範囲の骨格,両方,農林水産業,商品作物,茶,ちゃ,なし,なし,世界,温暖湿潤地域,該当なし,GE-000264-C01,identify,用語の識別,温暖で降水が多く、排水のよい斜面などで栽培される代表的な嗜好性作物は何か。,茶,茶,南・東・東南アジアや東アフリカの高地などで栽培される。,なし,なし,なし,なし,なし,国連食糧農業機関『FAOSTAT』,https://www.fao.org/faostat/en/,なし
大学受験地理_Deck1_全範囲の骨格,GE-000265,265,Deck 1｜全範囲の骨格,両方,農林水産業,商品作物,カカオ,かかお,なし,なし,世界,湿潤熱帯,該当なし,GE-000265-C01,identify,用語の識別,高温多湿な熱帯低地で栽培され、チョコレートの原料となる作物は何か。,カカオ,カカオ,赤道付近の西アフリカ、中南米、東南アジアなどで生産される。,なし,なし,なし,なし,なし,国連食糧農業機関『FAOSTAT』,https://www.fao.org/faostat/en/,なし
大学受験地理_Deck1_全範囲の骨格,GE-000266,266,Deck 1｜全範囲の骨格,両方,農林水産業,工芸作物,綿花,めんか,なし,なし,世界,温暖・乾燥地域,該当なし,GE-000266-C01,identify,用語の識別,生育期に高温を必要とし、収穫期の乾燥が望ましい繊維作物は何か。,綿花,綿花,乾燥地域では灌漑栽培も多く、水利用や塩害が課題になる場合がある。,なし,なし,なし,なし,なし,国連食糧農業機関『FAOSTAT』,https://www.fao.org/faostat/en/,綿花=めんか
大学受験地理_Deck1_全範囲の骨格,GE-000267,267,Deck 1｜全範囲の骨格,両方,農林水産業,工芸作物,天然ゴム,てんねんごむ,なし,なし,世界,湿潤熱帯,該当なし,GE-000267-C01,identify,用語の識別,高温多雨の熱帯で栽培されるゴムノキの樹液から得る工業原料は何か。,天然ゴム,天然ゴム,東南アジアに主要な生産地域が広がる。,なし,なし,なし,なし,なし,国連食糧農業機関『FAOSTAT』,https://www.fao.org/faostat/en/,なし
大学受験地理_Deck1_全範囲の骨格,GE-000268,268,Deck 1｜全範囲の骨格,両方,農林水産業,油料作物,油やし,あぶらやし,アブラヤシ,なし,世界,湿潤熱帯,該当なし,GE-000268-C01,identify,用語の識別,高温多雨の熱帯で栽培され、果実からパーム油を得る作物は何か。,油やし,油やし｜アブラヤシ,食用油や加工品の原料となる一方、農園拡大と森林減少の関係が課題となる。,なし,なし,なし,なし,なし,国連食糧農業機関『FAOSTAT』,https://www.fao.org/faostat/en/,なし
大学受験地理_Deck1_全範囲の骨格,GE-000269,269,Deck 1｜全範囲の骨格,両方,農林水産業,工芸作物,さとうきび,さとうきび,サトウキビ｜甘蔗,なし,世界,熱帯・亜熱帯,該当なし,GE-000269-C01,identify,用語の識別,高温な熱帯・亜熱帯で栽培され、砂糖やバイオエタノールの原料となる作物は何か。,さとうきび,さとうきび｜サトウキビ｜甘蔗,ブラジル、インド、東南アジア、南西諸島などで栽培される。,なし,なし,なし,なし,なし,国連食糧農業機関『FAOSTAT』,https://www.fao.org/faostat/en/,甘蔗=かんしょ
大学受験地理_Deck1_全範囲の骨格,GE-000270,270,Deck 1｜全範囲の骨格,両方,農林水産業,農業の類型,混合農業,こんごうのうぎょう,なし,なし,世界,温帯,該当なし,GE-000270-C01,identify,用語の識別,穀物栽培と家畜飼育を組み合わせ、飼料と家畜ふんを循環させる農業を何というか。,混合農業,混合農業,ヨーロッパ中部や北アメリカ東部などに発達した。,なし,なし,なし,なし,なし,国連食糧農業機関『FAOSTAT』,https://www.fao.org/faostat/en/,なし
大学受験地理_Deck1_全範囲の骨格,GE-000271,271,Deck 1｜全範囲の骨格,両方,農林水産業,牧畜,酪農,らくのう,なし,なし,世界,冷涼地域・都市近郊,該当なし,GE-000271-C01,identify,用語の識別,乳牛を飼育し、牛乳や乳製品を生産する農業を何というか。,酪農,酪農,冷涼な地域や大都市周辺で発達し、生乳の輸送・加工条件が重要である。,なし,なし,なし,なし,なし,国連食糧農業機関『FAOSTAT』,https://www.fao.org/faostat/en/,酪農=らくのう
大学受験地理_Deck1_全範囲の骨格,GE-000272,272,Deck 1｜全範囲の骨格,両方,農林水産業,牧畜,企業的牧畜,きぎょうてきぼくちく,なし,なし,世界,新大陸の草原地域など,該当なし,GE-000272-C01,identify,用語の識別,広大な牧場で肉牛や羊などを市場向けに大規模飼育する牧畜を何というか。,企業的牧畜,企業的牧畜,土地が広く人口密度の低い新大陸などで発達した。,なし,なし,なし,なし,なし,国連食糧農業機関『FAOSTAT』,https://www.fao.org/faostat/en/,企業的牧畜=きぎょうてきぼくちく
大学受験地理_Deck1_全範囲の骨格,GE-000273,273,Deck 1｜全範囲の骨格,両方,農林水産業,農業の類型,地中海式農業,ちちゅうかいしきのうぎょう,なし,GE-000146,世界,地中海性気候地域,該当なし,GE-000273-C01,identify,用語の識別,冬の雨を利用する小麦栽培と、夏の乾燥に強いオリーブ・ブドウなどを組み合わせる農業は何か。,地中海式農業,地中海式農業,地中海性気候に適応した農業である。,なし,なし,なし,なし,なし,国連食糧農業機関『FAOSTAT』,https://www.fao.org/faostat/en/,なし
大学受験地理_Deck1_全範囲の骨格,GE-000274,274,Deck 1｜全範囲の骨格,両方,農林水産業,農業の類型,園芸農業,えんげいのうぎょう,なし,なし,世界,世界全体,該当なし,GE-000274-C01,identify,用語の識別,野菜、果樹、花きなどの高付加価値作物を集約的に生産する農業を何というか。,園芸農業,園芸農業,施設園芸、輸送園芸、近郊農業などの形がある。,なし,なし,なし,なし,なし,国連食糧農業機関『FAOSTAT』,https://www.fao.org/faostat/en/,なし
大学受験地理_Deck1_全範囲の骨格,GE-000275,275,Deck 1｜全範囲の骨格,両方,農林水産業,農業立地,近郊農業,きんこうのうぎょう,なし,なし,都市・生活圏,大都市周辺,該当なし,GE-000275-C01,identify,用語の識別,大都市の近くで、新鮮さが重要な野菜・花・牛乳などを供給する農業を何というか。,近郊農業,近郊農業,市場への距離が短く、輸送時間を抑えられる。,なし,なし,なし,なし,なし,国連食糧農業機関『FAOSTAT』,https://www.fao.org/faostat/en/,なし
大学受験地理_Deck1_全範囲の骨格,GE-000276,276,Deck 1｜全範囲の骨格,両方,農林水産業,農業技術,緑の革命,みどりのかくめい,なし,なし,世界,南・東南アジアなど,該当なし,GE-000276-C01,identify,用語の識別,高収量品種、化学肥料、農薬、灌漑などの普及により穀物生産を大幅に増やした取り組みを何というか。,緑の革命,緑の革命,食料増産に寄与した一方、水・資本格差や環境負荷の課題も生じた。,なし,なし,なし,なし,なし,国連食糧農業機関『FAOSTAT』,https://www.fao.org/faostat/en/,なし
大学受験地理_Deck1_全範囲の骨格,GE-000277,277,Deck 1｜全範囲の骨格,両方,農林水産業,農業指標,土地生産性,とちせいさんせい,なし,なし,世界,世界全体,該当なし,GE-000277-C01,formula,基本式,土地生産性を求める基本的な考え方を式で答えよ。,生産量÷耕地面積,生産量÷耕地面積｜単位面積当たりの生産量,単位面積当たりにどれだけ生産したかを示す。,なし,なし,土地生産性=生産量÷耕地面積,なし,なし,国連食糧農業機関『FAOSTAT』,https://www.fao.org/faostat/en/,なし
大学受験地理_Deck1_全範囲の骨格,GE-000278,278,Deck 1｜全範囲の骨格,両方,農林水産業,農業指標,労働生産性,ろうどうせいさんせい,なし,なし,世界,世界全体,該当なし,GE-000278-C01,formula,基本式,農業の労働生産性を求める基本的な考え方を式で答えよ。,生産量÷労働投入量,生産量÷労働投入量｜労働者一人当たりまたは労働時間当たりの生産量,機械化や経営規模が大きい農業では高くなりやすい。,なし,なし,労働生産性=生産量÷労働投入量,なし,なし,国連食糧農業機関『FAOSTAT』,https://www.fao.org/faostat/en/,なし
大学受験地理_Deck1_全範囲の骨格,GE-000279,279,Deck 1｜全範囲の骨格,両方,農林水産業,食料問題,食料自給率,しょくりょうじきゅうりつ,なし,なし,国家,世界全体,該当なし,GE-000279-C01,identify,用語の識別,国内で消費する食料のうち、国内生産でまかなえる割合を何というか。,食料自給率,食料自給率,品目別、重量、カロリー、生産額など計算方法により値が異なる。,なし,なし,なし,なし,なし,農林水産省『統計情報』,https://www.maff.go.jp/j/tokei/,なし
大学受験地理_Deck1_全範囲の骨格,GE-000280,280,Deck 1｜全範囲の骨格,両方,農林水産業,食料問題,食料安全保障,しょくりょうあんぜんほしょう,フードセキュリティ,なし,複数尺度,世界全体,該当なし,GE-000280-C01,identify,用語の識別,すべての人が、十分で安全かつ栄養ある食料へ物理的・経済的に継続してアクセスできる状態を何というか。,食料安全保障,食料安全保障｜フードセキュリティ,供給量だけでなく、入手可能性、利用、安定性も重要である。,なし,なし,なし,なし,なし,国連食糧農業機関『FAOSTAT』,https://www.fao.org/faostat/en/,なし
大学受験地理_Deck1_全範囲の骨格,GE-000281,281,Deck 1｜全範囲の骨格,両方,農林水産業,水産業,漁業,ぎょぎょう,なし,なし,世界,世界全体,該当なし,GE-000281-C01,identify,用語の識別,天然の水産生物を海や河川・湖沼から採捕する産業を何というか。,漁業,漁業,漁場は海流、海底地形、資源管理、EEZなどの影響を受ける。,なし,なし,なし,なし,なし,国連食糧農業機関『FAOSTAT』,https://www.fao.org/faostat/en/,なし
大学受験地理_Deck1_全範囲の骨格,GE-000282,282,Deck 1｜全範囲の骨格,両方,農林水産業,水産業,養殖業,ようしょくぎょう,なし,なし,世界,世界全体,該当なし,GE-000282-C01,identify,用語の識別,魚介類や海藻などを人工的に育成・増殖して生産する産業を何というか。,養殖業,養殖業,海面養殖と内水面養殖があり、飼料・水質・疾病管理が課題となる。,漁業,養殖業は人が育成し、漁業は天然資源を採捕する。,なし,なし,なし,国連食糧農業機関『FAOSTAT』,https://www.fao.org/faostat/en/,養殖業=ようしょくぎょう
大学受験地理_Deck1_全範囲の骨格,GE-000283,283,Deck 1｜全範囲の骨格,両方,農林水産業,林業,林業,りんぎょう,なし,なし,世界,世界全体,該当なし,GE-000283-C01,identify,用語の識別,森林を育成・管理し、木材やその他の林産物を生産する産業を何というか。,林業,林業,伐採だけでなく、植林、保育、搬出、森林保全を含む。,なし,なし,なし,なし,なし,国連食糧農業機関『FAOSTAT』,https://www.fao.org/faostat/en/,なし
大学受験地理_Deck1_全範囲の骨格,GE-000284,284,Deck 1｜全範囲の骨格,両方,農林水産業,林業,持続可能な森林経営,じぞくかのうなしんりんけいえい,なし,GE-000283,世界,世界全体,該当なし,GE-000284-C01,identify,用語の識別,森林の生物多様性、生産力、更新力などを長期的に保ちながら利用・管理する考え方を何というか。,持続可能な森林経営,持続可能な森林経営,伐採量の管理、再造林、違法伐採防止などが重要である。,なし,なし,なし,なし,なし,国連食糧農業機関『FAOSTAT』,https://www.fao.org/faostat/en/,なし
大学受験地理_Deck1_全範囲の骨格,GE-000285,285,Deck 1｜全範囲の骨格,両方,農林水産業,食料と環境,フードマイレージ,ふーどまいれーじ,なし,なし,世界,世界全体,該当なし,GE-000285-C01,formula,基本式,フードマイレージの基本式は何か。,食料の輸送量×輸送距離,食料の輸送量×輸送距離｜食料輸送量×輸送距離｜輸送量×輸送距離,大きいほど必ず環境負荷が大きいとは限らず、輸送手段や生産方法も考慮が必要である。,なし,なし,フードマイレージ=輸送量×輸送距離,なし,なし,農林水産省『統計情報』,https://www.maff.go.jp/j/tokei/,なし
大学受験地理_Deck1_全範囲の骨格,GE-000286,286,Deck 1｜全範囲の骨格,両方,資源・エネルギー,資源の基本,資源,しげん,なし,なし,世界,世界全体,該当なし,GE-000286-C01,identify,用語の識別,人間が生活や生産に利用できる自然物・エネルギー・環境などを何というか。,資源,資源,技術や価格の変化により、資源として利用できる範囲は変わる。,なし,なし,なし,なし,なし,文部科学省『高等学校学習指導要領解説 地理歴史編』,https://www.mext.go.jp/content/20220802-mxt_kyoiku02-100002620_03.pdf,なし
大学受験地理_Deck1_全範囲の骨格,GE-000287,287,Deck 1｜全範囲の骨格,両方,資源・エネルギー,資源分類,再生可能資源,さいせいかのうしげん,なし,GE-000286,世界,世界全体,該当なし,GE-000287-C01,identify,用語の識別,適切に利用すれば、人間の時間尺度で再生・更新される資源を何というか。,再生可能資源,再生可能資源,森林、水産資源、水、太陽光、風などが含まれるが、過剰利用で枯渇するものもある。,非再生可能資源,再生可能資源は更新し得るが、非再生可能資源は形成に非常に長い時間を要する。,なし,なし,なし,国際エネルギー機関『World energy mix』,https://www.iea.org/world/energy-mix,なし
大学受験地理_Deck1_全範囲の骨格,GE-000288,288,Deck 1｜全範囲の骨格,両方,資源・エネルギー,資源分類,非再生可能資源,ひさいせいかのうしげん,なし,GE-000286,世界,世界全体,該当なし,GE-000288-C01,identify,用語の識別,人間の時間尺度ではほとんど再生せず、利用により減少する資源を何というか。,非再生可能資源,非再生可能資源,化石燃料や多くの鉱物資源が代表例である。,再生可能資源,非再生可能資源は短期間に更新せず、再生可能資源は更新し得る。,なし,なし,なし,国際エネルギー機関『World energy mix』,https://www.iea.org/world/energy-mix,なし
大学受験地理_Deck1_全範囲の骨格,GE-000289,289,Deck 1｜全範囲の骨格,両方,資源・エネルギー,鉱物資源,鉱産資源,こうさんしげん,なし,GE-000286,世界,世界全体,該当なし,GE-000289-C01,identify,用語の識別,地殻から採掘される金属鉱物、非金属鉱物、エネルギー資源の総称は何か。,鉱産資源,鉱産資源,分布が偏在するため、国際貿易や資源外交と強く結び付く。,なし,なし,なし,なし,なし,米国地質調査所『Mineral Commodity Summaries』,https://www.usgs.gov/centers/national-minerals-information-center/mineral-commodity-summaries,鉱産資源=こうさんしげん
大学受験地理_Deck1_全範囲の骨格,GE-000290,290,Deck 1｜全範囲の骨格,両方,資源・エネルギー,金属資源,鉄鉱石,てっこうせき,なし,なし,世界,世界全体,該当なし,GE-000290-C01,identify,用語の識別,鉄鋼をつくる主原料となる鉱産資源は何か。,鉄鉱石,鉄鉱石,高品位鉱床の分布と港湾・輸送条件が鉄鋼業の立地に影響する。,なし,なし,なし,なし,なし,米国地質調査所『Mineral Commodity Summaries』,https://www.usgs.gov/centers/national-minerals-information-center/mineral-commodity-summaries,鉄鉱石=てっこうせき
大学受験地理_Deck1_全範囲の骨格,GE-000291,291,Deck 1｜全範囲の骨格,両方,資源・エネルギー,金属資源,ボーキサイト,ぼーきさいと,なし,なし,世界,世界全体,該当なし,GE-000291-C01,identify,用語の識別,アルミニウムの主原料となる鉱石は何か。,ボーキサイト,ボーキサイト,精錬に大量の電力を要するため、安価な電力供給が重要である。,なし,なし,なし,なし,なし,米国地質調査所『Mineral Commodity Summaries』,https://www.usgs.gov/centers/national-minerals-information-center/mineral-commodity-summaries,なし
大学受験地理_Deck1_全範囲の骨格,GE-000292,292,Deck 1｜全範囲の骨格,両方,資源・エネルギー,金属資源,銅鉱,どうこう,なし,なし,世界,世界全体,該当なし,GE-000292-C01,identify,用語の識別,電線や電子機器などに広く使われる銅の原料鉱石を何というか。,銅鉱,銅鉱,アンデス地域などの新期造山帯に大規模鉱床が分布する。,なし,なし,なし,なし,なし,米国地質調査所『Mineral Commodity Summaries』,https://www.usgs.gov/centers/national-minerals-information-center/mineral-commodity-summaries,銅鉱=どうこう
大学受験地理_Deck1_全範囲の骨格,GE-000293,293,Deck 1｜全範囲の骨格,両方,資源・エネルギー,化石燃料,石炭,せきたん,なし,なし,世界,世界全体,該当なし,GE-000293-C01,identify,用語の識別,古代の植物が地中で変化してできた固体の化石燃料は何か。,石炭,石炭,発電、製鉄用コークスなどに利用され、古期造山帯や堆積盆地に分布する。,なし,なし,なし,なし,なし,国際エネルギー機関『World energy mix』,https://www.iea.org/world/energy-mix,なし
大学受験地理_Deck1_全範囲の骨格,GE-000294,294,Deck 1｜全範囲の骨格,両方,資源・エネルギー,化石燃料,石油,せきゆ,原油,なし,世界,世界全体,該当なし,GE-000294-C01,identify,用語の識別,地下の堆積層にたまり、燃料や石油化学製品の原料となる液体の化石燃料は何か。,石油,石油｜原油,中東などに大規模埋蔵地域があり、海上輸送とパイプラインが重要である。,なし,なし,なし,なし,なし,国際エネルギー機関『World energy mix』,https://www.iea.org/world/energy-mix,なし
大学受験地理_Deck1_全範囲の骨格,GE-000295,295,Deck 1｜全範囲の骨格,両方,資源・エネルギー,化石燃料,天然ガス,てんねんがす,なし,なし,世界,世界全体,該当なし,GE-000295-C01,identify,用語の識別,地下から産出し、主成分がメタンである気体の化石燃料は何か。,天然ガス,天然ガス,パイプラインやLNGとして輸送され、発電・都市ガス・化学原料に使われる。,なし,なし,なし,なし,なし,国際エネルギー機関『World energy mix』,https://www.iea.org/world/energy-mix,なし
大学受験地理_Deck1_全範囲の骨格,GE-000296,296,Deck 1｜全範囲の骨格,両方,資源・エネルギー,化石燃料,化石燃料,かせきねんりょう,なし,GE-000293｜GE-000294｜GE-000295,世界,世界全体,該当なし,GE-000296-C01,identify,用語の識別,石炭、石油、天然ガスなど、過去の生物由来物質が地中で変化してできた燃料を何というか。,化石燃料,化石燃料,燃焼時の二酸化炭素排出が気候変動の主要因の一つとなる。,なし,なし,なし,なし,なし,国際エネルギー機関『World energy mix』,https://www.iea.org/world/energy-mix,なし
大学受験地理_Deck1_全範囲の骨格,GE-000297,297,Deck 1｜全範囲の骨格,両方,資源・エネルギー,エネルギー概念,一次エネルギー,いちじえねるぎー,なし,なし,世界,世界全体,該当なし,GE-000297-C01,identify,用語の識別,石油、石炭、太陽光、水力など、自然界から得られた変換前のエネルギーを何というか。,一次エネルギー,一次エネルギー,電気やガソリンなどは一次エネルギーを変換した二次エネルギーである。,二次エネルギー,一次エネルギーは自然界から得た変換前、二次エネルギーは電気・燃料など変換後。,なし,なし,なし,国際エネルギー機関『World energy mix』,https://www.iea.org/world/energy-mix,なし
大学受験地理_Deck1_全範囲の骨格,GE-000298,298,Deck 1｜全範囲の骨格,両方,資源・エネルギー,エネルギー概念,エネルギーミックス,えねるぎーみっくす,電源構成｜エネルギー構成,なし,国家,世界全体,該当なし,GE-000298-C01,identify,用語の識別,国や地域が利用する石油、石炭、天然ガス、原子力、再生可能エネルギーなどの組み合わせを何というか。,エネルギーミックス,エネルギーミックス｜電源構成｜エネルギー構成,安定供給、価格、環境負荷、安全性などを考えて構成される。,なし,なし,なし,なし,なし,国際エネルギー機関『World energy mix』,https://www.iea.org/world/energy-mix,なし
大学受験地理_Deck1_全範囲の骨格,GE-000299,299,Deck 1｜全範囲の骨格,両方,資源・エネルギー,発電,火力発電,かりょくはつでん,なし,GE-000296,世界,世界全体,該当なし,GE-000299-C01,identify,用語の識別,石炭、石油、天然ガスなどを燃やして得た熱で発電する方式を何というか。,火力発電,火力発電,出力調整がしやすい一方、化石燃料を使う場合は二酸化炭素を排出する。,なし,なし,なし,なし,なし,国際エネルギー機関『World energy mix』,https://www.iea.org/world/energy-mix,なし
大学受験地理_Deck1_全範囲の骨格,GE-000300,300,Deck 1｜全範囲の骨格,両方,資源・エネルギー,発電,水力発電,すいりょくはつでん,なし,なし,世界,世界全体,該当なし,GE-000300-C01,identify,用語の識別,河川やダムの水の位置エネルギー・運動エネルギーを利用する発電方式は何か。,水力発電,水力発電,降水と地形に恵まれた地域に適するが、ダム建設は環境・移転問題を伴うことがある。,なし,なし,なし,なし,なし,国際エネルギー機関『World energy mix』,https://www.iea.org/world/energy-mix,なし
大学受験地理_Deck1_全範囲の骨格,GE-000301,301,Deck 1｜全範囲の骨格,両方,資源・エネルギー,発電,原子力発電,げんしりょくはつでん,なし,なし,世界,世界全体,該当なし,GE-000301-C01,identify,用語の識別,ウランなどの核分裂で生じる熱を利用して発電する方式は何か。,原子力発電,原子力発電,運転時の二酸化炭素排出は少ないが、安全性、廃棄物、事故リスクが課題となる。,なし,なし,なし,なし,なし,国際エネルギー機関『World energy mix』,https://www.iea.org/world/energy-mix,なし
大学受験地理_Deck1_全範囲の骨格,GE-000302,302,Deck 1｜全範囲の骨格,両方,資源・エネルギー,再生可能エネルギー,太陽光発電,たいようこうはつでん,太陽光発電（PV）,なし,世界,世界全体,該当なし,GE-000302-C01,identify,用語の識別,太陽電池で光エネルギーを直接電気へ変換する発電方式は何か。,太陽光発電,太陽光発電｜太陽光発電（PV）,日射条件に左右され、蓄電・送電網との組み合わせが重要である。,なし,なし,なし,なし,なし,国際エネルギー機関『World energy mix』,https://www.iea.org/world/energy-mix,なし
大学受験地理_Deck1_全範囲の骨格,GE-000303,303,Deck 1｜全範囲の骨格,両方,資源・エネルギー,再生可能エネルギー,風力発電,ふうりょくはつでん,なし,なし,世界,世界全体,該当なし,GE-000303-C01,identify,用語の識別,風の運動エネルギーで風車を回して発電する方式は何か。,風力発電,風力発電,強く安定した風が得られる沿岸、海上、高原などに適する。,なし,なし,なし,なし,なし,国際エネルギー機関『World energy mix』,https://www.iea.org/world/energy-mix,なし
大学受験地理_Deck1_全範囲の骨格,GE-000304,304,Deck 1｜全範囲の骨格,両方,資源・エネルギー,再生可能エネルギー,地熱発電,ちねつはつでん,なし,GE-000053,世界,火山地域,該当なし,GE-000304-C01,identify,用語の識別,地下のマグマなどに由来する熱や蒸気を利用する発電方式は何か。,地熱発電,地熱発電,火山地域に適するが、適地や温泉利用との調整が必要である。,なし,なし,なし,なし,なし,国際エネルギー機関『World energy mix』,https://www.iea.org/world/energy-mix,なし
大学受験地理_Deck1_全範囲の骨格,GE-000305,305,Deck 1｜全範囲の骨格,両方,資源・エネルギー,再生可能エネルギー,バイオマスエネルギー,ばいおますえねるぎー,なし,なし,世界,世界全体,該当なし,GE-000305-C01,identify,用語の識別,木材、農業残さ、家畜ふん、廃棄物などの生物由来資源から得るエネルギーを何というか。,バイオマスエネルギー,バイオマスエネルギー,資源の再生速度や土地利用、燃焼時排出まで含めて持続可能性を評価する。,なし,なし,なし,なし,なし,国際エネルギー機関『World energy mix』,https://www.iea.org/world/energy-mix,なし
大学受験地理_Deck1_全範囲の骨格,GE-000306,306,Deck 1｜全範囲の骨格,両方,資源・エネルギー,資源と国際関係,OPEC,おぺっく,石油輸出国機構,なし,複数国家,世界全体,該当なし,GE-000306-C01,identify,用語の識別,石油政策の調整などを目的とする石油輸出国の国際機構は何か。,OPEC,OPEC｜石油輸出国機構,加盟国の原油生産政策は国際石油市場に影響を与える。,なし,なし,なし,なし,なし,石油輸出国機構『About Us』,https://www.opec.org/opec_web/en/about_us/24.htm,なし
大学受験地理_Deck1_全範囲の骨格,GE-000307,307,Deck 1｜全範囲の骨格,両方,資源・エネルギー,資源と国際関係,資源ナショナリズム,しげんなしょなりずむ,なし,なし,国家,世界全体,該当なし,GE-000307-C01,identify,用語の識別,資源保有国が、自国資源への支配や利益配分を強めようとする動きを何というか。,資源ナショナリズム,資源ナショナリズム,国有化、外資規制、輸出制限、増税などの形をとることがある。,なし,なし,なし,なし,なし,文部科学省『高等学校学習指導要領解説 地理歴史編』,https://www.mext.go.jp/content/20220802-mxt_kyoiku02-100002620_03.pdf,なし
大学受験地理_Deck1_全範囲の骨格,GE-000308,308,Deck 1｜全範囲の骨格,両方,資源・エネルギー,化石燃料輸送,LNG,えるえぬじー,液化天然ガス,GE-000295,世界,世界全体,該当なし,GE-000308-C01,identify,用語の識別,天然ガスを低温で液化し、体積を小さくして船で運びやすくしたものは何か。,LNG,LNG｜液化天然ガス,パイプラインで結びにくい産地と消費地を海上輸送でつなぐ。,なし,なし,なし,なし,なし,国際エネルギー機関『World energy mix』,https://www.iea.org/world/energy-mix,なし
大学受験地理_Deck1_全範囲の骨格,GE-000309,309,Deck 1｜全範囲の骨格,両方,資源・エネルギー,非在来型資源,シェールガス,しぇーるがす,なし,GE-000295,世界,世界全体,該当なし,GE-000309-C01,identify,用語の識別,頁岩層に含まれ、水平掘削や水圧破砕などで採取される天然ガスを何というか。,シェールガス,シェールガス,生産拡大はエネルギー供給を変えた一方、水利用や環境影響が論点となる。,なし,なし,なし,なし,なし,国際エネルギー機関『World energy mix』,https://www.iea.org/world/energy-mix,頁岩=けつがん
大学受験地理_Deck1_全範囲の骨格,GE-000310,310,Deck 1｜全範囲の骨格,両方,資源・エネルギー,金属資源,レアメタル,れあめたる,希少金属,なし,世界,世界全体,該当なし,GE-000310-C01,identify,用語の識別,産出量・流通量が少ない、または供給が特定地域に偏り、先端産業に重要な非鉄金属の総称は何か。,レアメタル,レアメタル｜希少金属,リチウム、コバルトなどが含まれ、再資源化と供給網の分散が重要である。,レアアース,レアアースは希土類元素群、レアメタルはより広い希少金属の総称。,なし,なし,なし,米国地質調査所『Mineral Commodity Summaries』,https://www.usgs.gov/centers/national-minerals-information-center/mineral-commodity-summaries,なし
大学受験地理_Deck1_全範囲の骨格,GE-000311,311,Deck 1｜全範囲の骨格,両方,工業・サービス・交通・貿易,工業の基本,工業,こうぎょう,なし,なし,世界,世界全体,該当なし,GE-000311-C01,identify,用語の識別,原料に加工を加えて製品を生産する産業を何というか。,工業,工業,製造業を中心とし、原料、労働力、市場、交通、技術などが立地に影響する。,なし,なし,なし,なし,なし,経済産業省『産業立地』,https://www.meti.go.jp/policy/local_economy/industrial_location/index.html,なし
大学受験地理_Deck1_全範囲の骨格,GE-000312,312,Deck 1｜全範囲の骨格,両方,工業・サービス・交通・貿易,工業立地,工業立地,こうぎょうりっち,なし,GE-000311,世界,世界全体,該当なし,GE-000312-C01,identify,用語の識別,工場や工業地域が、原料・市場・労働力・交通・用地などの条件に応じて場所を選ぶことを何というか。,工業立地,工業立地,製品や技術の変化により重視される条件も変わる。,なし,なし,なし,なし,なし,経済産業省『産業立地』,https://www.meti.go.jp/policy/local_economy/industrial_location/index.html,なし
大学受験地理_Deck1_全範囲の骨格,GE-000313,313,Deck 1｜全範囲の骨格,両方,工業・サービス・交通・貿易,工業立地,原料指向型工業,げんりょうしこうがたこうぎょう,なし,GE-000312,世界,世界全体,該当なし,GE-000313-C01,identify,用語の識別,原料が重い、かさばる、加工で大きく減量するなどのため、原料産地に近く立地する工業を何というか。,原料指向型工業,原料指向型工業,セメント、製材、初期の製鉄などが例となる。,市場指向型工業,原料指向型は原料産地、市場指向型は消費市場への近さを重視する。,なし,なし,なし,経済産業省『産業立地』,https://www.meti.go.jp/policy/local_economy/industrial_location/index.html,なし
大学受験地理_Deck1_全範囲の骨格,GE-000314,314,Deck 1｜全範囲の骨格,両方,工業・サービス・交通・貿易,工業立地,市場指向型工業,しじょうしこうがたこうぎょう,なし,GE-000312,世界,世界全体,該当なし,GE-000314-C01,identify,用語の識別,製品が重い・壊れやすい・鮮度が重要などのため、消費市場に近く立地する工業を何というか。,市場指向型工業,市場指向型工業,印刷、パン・飲料などが例となる。,原料指向型工業,市場指向型は消費地、原料指向型は原料産地への近さを重視する。,なし,なし,なし,経済産業省『産業立地』,https://www.meti.go.jp/policy/local_economy/industrial_location/index.html,なし
大学受験地理_Deck1_全範囲の骨格,GE-000315,315,Deck 1｜全範囲の骨格,両方,工業・サービス・交通・貿易,工業立地,労働力指向型工業,ろうどうりょくしこうがたこうぎょう,なし,GE-000312,世界,世界全体,該当なし,GE-000315-C01,identify,用語の識別,多くの労働力、低賃金労働力、または熟練労働力を求めて立地する工業を何というか。,労働力指向型工業,労働力指向型工業,縫製などの労働集約型工業や、高度人材を必要とする先端産業にみられる。,なし,なし,なし,なし,なし,経済産業省『産業立地』,https://www.meti.go.jp/policy/local_economy/industrial_location/index.html,なし
大学受験地理_Deck1_全範囲の骨格,GE-000316,316,Deck 1｜全範囲の骨格,両方,工業・サービス・交通・貿易,工業立地,臨海型工業,りんかいがたこうぎょう,なし,GE-000312,世界,世界全体,該当なし,GE-000316-C01,identify,用語の識別,輸入原料や大型製品を船で大量輸送するため、港湾に近い埋立地などへ立地する工業を何というか。,臨海型工業,臨海型工業,製鉄、石油精製、石油化学などに多い。,内陸型工業,臨海型は港湾輸送、内陸型は高速道路・空港などを重視する。,なし,なし,なし,経済産業省『産業立地』,https://www.meti.go.jp/policy/local_economy/industrial_location/index.html,臨海型工業=りんかいがたこうぎょう
大学受験地理_Deck1_全範囲の骨格,GE-000317,317,Deck 1｜全範囲の骨格,両方,工業・サービス・交通・貿易,工業立地,内陸型工業,ないりくがたこうぎょう,なし,GE-000312,世界,世界全体,該当なし,GE-000317-C01,identify,用語の識別,高速道路や空港などを利用し、内陸の工業団地へ立地する工業を何というか。,内陸型工業,内陸型工業,自動車部品、電子機器など、比較的軽量・高付加価値の製品に多い。,臨海型工業,内陸型は道路・空港、臨海型は港湾と海上輸送を重視する。,なし,なし,なし,経済産業省『産業立地』,https://www.meti.go.jp/policy/local_economy/industrial_location/index.html,内陸型工業=ないりくがたこうぎょう
大学受験地理_Deck1_全範囲の骨格,GE-000318,318,Deck 1｜全範囲の骨格,両方,工業・サービス・交通・貿易,工業立地,集積の利益,しゅうせきのりえき,集積の経済,GE-000312,世界,世界全体,該当なし,GE-000318-C01,identify,用語の識別,関連企業、労働力、情報、インフラが近くに集まることで、費用低下や技術革新が生じる利点を何というか。,集積の利益,集積の利益｜集積の経済,産業クラスターや大都市への企業集中を説明する。,なし,なし,なし,なし,なし,経済産業省『産業立地』,https://www.meti.go.jp/policy/local_economy/industrial_location/index.html,集積の利益=しゅうせきのりえき
大学受験地理_Deck1_全範囲の骨格,GE-000319,319,Deck 1｜全範囲の骨格,両方,工業・サービス・交通・貿易,工業分類,重化学工業,じゅうかがくこうぎょう,なし,なし,世界,世界全体,該当なし,GE-000319-C01,identify,用語の識別,鉄鋼、機械、化学など、重い原料や大規模設備を用いる工業の総称は何か。,重化学工業,重化学工業,大量の資本・エネルギーを必要とするものが多い。,軽工業,重化学工業は鉄鋼・機械・化学など、軽工業は食品・繊維など比較的軽い製品中心。,なし,なし,なし,経済産業省『産業立地』,https://www.meti.go.jp/policy/local_economy/industrial_location/index.html,なし
大学受験地理_Deck1_全範囲の骨格,GE-000320,320,Deck 1｜全範囲の骨格,両方,工業・サービス・交通・貿易,工業分類,軽工業,けいこうぎょう,なし,なし,世界,世界全体,該当なし,GE-000320-C01,identify,用語の識別,食品、繊維、日用品など、比較的軽い製品を生産する工業の総称は何か。,軽工業,軽工業,消費市場や労働力との結び付きが強いものが多い。,重化学工業,軽工業は食品・繊維など、重化学工業は鉄鋼・機械・化学など。,なし,なし,なし,経済産業省『産業立地』,https://www.meti.go.jp/policy/local_economy/industrial_location/index.html,なし
大学受験地理_Deck1_全範囲の骨格,GE-000321,321,Deck 1｜全範囲の骨格,両方,工業・サービス・交通・貿易,主要工業,鉄鋼業,てっこうぎょう,なし,GE-000290｜GE-000293｜GE-000316,世界,世界全体,該当なし,GE-000321-C01,identify,用語の識別,鉄鉱石と石炭などを用いて銑鉄・鋼材を生産する工業は何か。,鉄鋼業,鉄鋼業,大量の原料を輸入する国では大型港湾に近い臨海部へ立地しやすい。,なし,なし,なし,なし,なし,経済産業省『産業立地』,https://www.meti.go.jp/policy/local_economy/industrial_location/index.html,銑鉄=せんてつ
大学受験地理_Deck1_全範囲の骨格,GE-000322,322,Deck 1｜全範囲の骨格,両方,工業・サービス・交通・貿易,主要工業,石油化学工業,せきゆかがくこうぎょう,なし,GE-000294｜GE-000295｜GE-000316,世界,世界全体,該当なし,GE-000322-C01,identify,用語の識別,石油や天然ガスを原料に、合成樹脂・合成繊維・化学製品を生産する工業は何か。,石油化学工業,石油化学工業,製油所やエチレンセンターを中心にコンビナートを形成することが多い。,なし,なし,なし,なし,なし,経済産業省『産業立地』,https://www.meti.go.jp/policy/local_economy/industrial_location/index.html,なし
大学受験地理_Deck1_全範囲の骨格,GE-000323,323,Deck 1｜全範囲の骨格,両方,工業・サービス・交通・貿易,主要工業,自動車工業,じどうしゃこうぎょう,なし,なし,世界,世界全体,該当なし,GE-000323-C01,identify,用語の識別,多数の部品を組み立て、部品企業との分業ネットワークを形成する代表的な加工組立型工業は何か。,自動車工業,自動車工業,市場、交通、関連企業、熟練労働力が立地に重要である。,なし,なし,なし,なし,なし,経済産業省『産業立地』,https://www.meti.go.jp/policy/local_economy/industrial_location/index.html,なし
大学受験地理_Deck1_全範囲の骨格,GE-000324,324,Deck 1｜全範囲の骨格,両方,工業・サービス・交通・貿易,主要工業,電子工業,でんしこうぎょう,なし,なし,世界,世界全体,該当なし,GE-000324-C01,identify,用語の識別,電子部品、通信機器、コンピュータ、家電などを生産する工業は何か。,電子工業,電子工業,製品が小型・高価で航空輸送に適し、研究開発や熟練労働力を重視する。,なし,なし,なし,なし,なし,経済産業省『産業立地』,https://www.meti.go.jp/policy/local_economy/industrial_location/index.html,なし
大学受験地理_Deck1_全範囲の骨格,GE-000325,325,Deck 1｜全範囲の骨格,両方,工業・サービス・交通・貿易,先端産業,半導体産業,はんどうたいさんぎょう,なし,GE-000324,世界,世界全体,該当なし,GE-000325-C01,identify,用語の識別,集積回路などを設計・製造し、電子機器の中核部品を供給する産業は何か。,半導体産業,半導体産業,高度な技術、安定した電力、超純水、専門人材、国際分業が重要である。,なし,なし,なし,なし,なし,経済産業省『産業立地』,https://www.meti.go.jp/policy/local_economy/industrial_location/index.html,なし
大学受験地理_Deck1_全範囲の骨格,GE-000326,326,Deck 1｜全範囲の骨格,両方,工業・サービス・交通・貿易,先端産業,ハイテク産業,はいてくさんぎょう,先端技術産業,なし,世界,世界全体,該当なし,GE-000326-C01,identify,用語の識別,研究開発比率が高く、高度な科学技術と専門人材を必要とする産業を何というか。,ハイテク産業,ハイテク産業｜先端技術産業,大学・研究機関、ベンチャー企業、資金、人材が集まる地域に立地しやすい。,なし,なし,なし,なし,なし,経済産業省『産業立地』,https://www.meti.go.jp/policy/local_economy/industrial_location/index.html,なし
大学受験地理_Deck1_全範囲の骨格,GE-000327,327,Deck 1｜全範囲の骨格,両方,工業・サービス・交通・貿易,産業構造,工業化,こうぎょうか,なし,なし,世界,世界全体,該当なし,GE-000327-C01,identify,用語の識別,経済や雇用に占める工業の比重が高まり、生産の機械化・工場化が進む過程を何というか。,工業化,工業化,都市化や産業構造の変化を伴うことが多い。,なし,なし,なし,なし,なし,世界銀行『World Development Indicators』,https://data.worldbank.org/indicator,なし
大学受験地理_Deck1_全範囲の骨格,GE-000328,328,Deck 1｜全範囲の骨格,両方,工業・サービス・交通・貿易,産業構造,脱工業化,だつこうぎょうか,なし,なし,世界,世界全体,該当なし,GE-000328-C01,identify,用語の識別,経済や雇用に占める製造業の比重が低下し、サービス業の比重が高まる現象を何というか。,脱工業化,脱工業化,先進国でみられるが、製造業の生産額が必ず減るとは限らない。,産業の空洞化,脱工業化は製造業比重の低下、産業の空洞化は海外移転などで国内生産基盤が弱まる現象。,なし,なし,なし,世界銀行『World Development Indicators』,https://data.worldbank.org/indicator,なし
大学受験地理_Deck1_全範囲の骨格,GE-000329,329,Deck 1｜全範囲の骨格,両方,工業・サービス・交通・貿易,企業活動,多国籍企業,たこくせききぎょう,MNC｜トランスナショナル企業,なし,複数国家,世界全体,該当なし,GE-000329-C01,identify,用語の識別,複数の国に生産・販売・研究などの拠点をもち、国境を越えて経営する企業を何というか。,多国籍企業,多国籍企業｜MNC｜トランスナショナル企業,各地域の市場、労働力、税制、資源などを組み合わせる。,なし,なし,なし,なし,なし,世界銀行『World Development Indicators』,https://data.worldbank.org/indicator,なし
大学受験地理_Deck1_全範囲の骨格,GE-000330,330,Deck 1｜全範囲の骨格,両方,工業・サービス・交通・貿易,企業活動,海外直接投資,かいがいちょくせつとうし,FDI,なし,複数国家,世界全体,該当なし,GE-000330-C01,identify,用語の識別,外国企業の経営に継続的な影響を与える目的で、工場建設や企業買収などへ資本を投じることを何というか。,海外直接投資,海外直接投資｜FDI,証券の短期売買より、経営参加や長期的関係を伴う。,なし,なし,なし,なし,なし,世界銀行『World Development Indicators』,https://data.worldbank.org/indicator,なし
大学受験地理_Deck1_全範囲の骨格,GE-000331,331,Deck 1｜全範囲の骨格,両方,工業・サービス・交通・貿易,国際経済,国際分業,こくさいぶんぎょう,なし,なし,複数国家,世界全体,該当なし,GE-000331-C01,identify,用語の識別,国・地域が得意な生産工程や産業を分担し、貿易を通じて結び付くことを何というか。,国際分業,国際分業,原料供給と工業製品生産の分業だけでなく、製造工程内の分業も進んでいる。,なし,なし,なし,なし,なし,世界貿易機関,https://www.wto.org/,なし
大学受験地理_Deck1_全範囲の骨格,GE-000332,332,Deck 1｜全範囲の骨格,両方,工業・サービス・交通・貿易,国際経済,グローバル・バリュー・チェーン,ぐろーばるばりゅーちぇーん,GVC｜国際価値連鎖,GE-000331,複数国家,世界全体,該当なし,GE-000332-C01,identify,用語の識別,研究、部品生産、組立、販売など価値を生む工程が複数国に分散した国際的な生産網を何というか。,グローバル・バリュー・チェーン,グローバル・バリュー・チェーン｜GVC｜国際価値連鎖,一つの製品が多くの国の工程を経て完成する。,なし,なし,なし,なし,なし,世界銀行『World Development Indicators』,https://data.worldbank.org/indicator,なし
大学受験地理_Deck1_全範囲の骨格,GE-000333,333,Deck 1｜全範囲の骨格,両方,工業・サービス・交通・貿易,産業政策,経済特区,けいざいとっく,SEZ,なし,国内地域,世界全体,該当なし,GE-000333-C01,identify,用語の識別,外国企業や輸出産業を誘致するため、税制・関税・規制などで特別な優遇措置を設ける地域を何というか。,経済特区,経済特区｜SEZ,中国の深圳などが代表例である。,なし,なし,なし,なし,なし,世界銀行『World Development Indicators』,https://data.worldbank.org/indicator,経済特区=けいざいとっく
大学受験地理_Deck1_全範囲の骨格,GE-000334,334,Deck 1｜全範囲の骨格,両方,工業・サービス・交通・貿易,サービス産業,サービス業,さーびすぎょう,なし,なし,世界,世界全体,該当なし,GE-000334-C01,identify,用語の識別,物そのものではなく、運輸、金融、教育、医療、情報、観光などのサービスを提供する産業を何というか。,サービス業,サービス業,経済発展とともに雇用・付加価値に占める比重が高まる傾向がある。,なし,なし,なし,なし,なし,世界銀行『World Development Indicators』,https://data.worldbank.org/indicator,なし
大学受験地理_Deck1_全範囲の骨格,GE-000335,335,Deck 1｜全範囲の骨格,両方,工業・サービス・交通・貿易,サービス産業,観光業,かんこうぎょう,なし,なし,複数尺度,世界全体,該当なし,GE-000335-C01,identify,用語の識別,旅行者に交通、宿泊、飲食、娯楽、案内などを提供する産業を何というか。,観光業,観光業,雇用や外貨獲得に寄与する一方、混雑、環境負荷、季節性への対応が必要である。,なし,なし,なし,なし,なし,世界銀行『World Development Indicators』,https://data.worldbank.org/indicator,なし
大学受験地理_Deck1_全範囲の骨格,GE-000336,336,Deck 1｜全範囲の骨格,両方,工業・サービス・交通・貿易,貿易,貿易,ぼうえき,なし,なし,複数国家,世界全体,該当なし,GE-000336-C01,identify,用語の識別,国境を越えて財やサービスを売買することを何というか。,貿易,貿易,輸出と輸入からなり、国際分業を支える。,なし,なし,なし,なし,なし,世界貿易機関,https://www.wto.org/,なし
大学受験地理_Deck1_全範囲の骨格,GE-000337,337,Deck 1｜全範囲の骨格,両方,工業・サービス・交通・貿易,貿易政策,関税,かんぜい,なし,GE-000336,世界,世界全体,該当なし,GE-000337-C01,identify,用語の識別,国境を越える輸入品などに政府が課す税を何というか。,関税,関税,国内産業保護、財政収入、通商政策などの目的で用いられる。,なし,なし,なし,なし,なし,世界貿易機関,https://www.wto.org/,なし
大学受験地理_Deck1_全範囲の骨格,GE-000338,338,Deck 1｜全範囲の骨格,両方,工業・サービス・交通・貿易,貿易政策,自由貿易,じゆうぼうえき,なし,GE-000336｜GE-000337,世界,世界全体,該当なし,GE-000338-C01,identify,用語の識別,関税や数量制限などの貿易障壁を減らし、国際取引を自由にする考え方を何というか。,自由貿易,自由貿易,効率化が期待される一方、国内産業や雇用への影響も生じる。,なし,なし,なし,なし,なし,世界貿易機関,https://www.wto.org/,なし
大学受験地理_Deck1_全範囲の骨格,GE-000339,339,Deck 1｜全範囲の骨格,両方,工業・サービス・交通・貿易,地域統合,経済統合,けいざいとうごう,なし,なし,複数国家,世界全体,該当なし,GE-000339-C01,identify,用語の識別,複数国が貿易障壁の撤廃や共通政策などを通じ、経済的結び付きを制度的に強めることを何というか。,経済統合,経済統合,自由貿易地域、関税同盟、共同市場、通貨統合など段階がある。,なし,なし,なし,なし,なし,世界貿易機関,https://www.wto.org/,なし
大学受験地理_Deck1_全範囲の骨格,GE-000340,340,Deck 1｜全範囲の骨格,両方,工業・サービス・交通・貿易,交通・物流,コンテナ輸送,こんてなゆそう,なし,なし,世界,世界全体,該当なし,GE-000340-C01,identify,用語の識別,規格化された箱に貨物を詰め、船・鉄道・トラック間で積み替えやすくする輸送方式を何というか。,コンテナ輸送,コンテナ輸送,荷役時間と費用を減らし、国際物流の発展を支えた。,なし,なし,なし,なし,なし,国土交通省『港湾関係統計』,https://www.mlit.go.jp/statistics/details/port_list.html,なし
大学受験地理_Deck1_全範囲の骨格,GE-000341,341,Deck 1｜全範囲の骨格,両方,工業・サービス・交通・貿易,交通・物流,ハブ港,はぶこう,ハブポート,なし,都市・生活圏,世界の主要港湾,該当なし,GE-000341-C01,identify,用語の識別,幹線航路と支線航路の貨物を集め、積み替える中心的な港を何というか。,ハブ港,ハブ港｜ハブポート,深い水深、大規模ターミナル、広い後背地、効率的な接続が重要である。,なし,なし,なし,なし,なし,国土交通省『港湾関係統計』,https://www.mlit.go.jp/statistics/details/port_list.html,なし
大学受験地理_Deck1_全範囲の骨格,GE-000342,342,Deck 1｜全範囲の骨格,両方,工業・サービス・交通・貿易,交通・物流,複合一貫輸送,ふくごういっかんゆそう,インターモーダル輸送,GE-000340,世界,世界全体,該当なし,GE-000342-C01,identify,用語の識別,船、鉄道、トラックなど複数の交通手段を組み合わせ、荷物を一貫して運ぶ方式を何というか。,複合一貫輸送,複合一貫輸送｜インターモーダル輸送,コンテナ化により積み替えが効率化された。,なし,なし,なし,なし,なし,国土交通省『港湾関係統計』,https://www.mlit.go.jp/statistics/details/port_list.html,なし
大学受験地理_Deck1_全範囲の骨格,GE-000343,343,Deck 1｜全範囲の骨格,両方,工業・サービス・交通・貿易,海上交通,スエズ運河,すえずうんが,なし,なし,地点,エジプト,該当なし,GE-000343-C01,location,接続海域,スエズ運河は何海と何海を結ぶか。,地中海と紅海,地中海と紅海｜紅海と地中海｜地中海・紅海,アフリカ南端を回る航路を避けられる国際物流の要衝である。,なし,なし,なし,なし,なし,文部科学省『高等学校学習指導要領解説 地理歴史編』｜CIA『The World Factbook』,https://www.mext.go.jp/content/20220802-mxt_kyoiku02-100002620_03.pdf｜https://www.cia.gov/the-world-factbook/,なし
大学受験地理_Deck1_全範囲の骨格,GE-000344,344,Deck 1｜全範囲の骨格,両方,工業・サービス・交通・貿易,海上交通,パナマ運河,ぱなまうんが,なし,なし,地点,パナマ,該当なし,GE-000344-C01,location,接続海域,パナマ運河は、大西洋側の何海と太平洋を結ぶか。,カリブ海と太平洋,カリブ海と太平洋｜太平洋とカリブ海｜大西洋側のカリブ海と太平洋,南アメリカ南端を回る航路を大幅に短縮する。,なし,なし,なし,なし,なし,文部科学省『高等学校学習指導要領解説 地理歴史編』｜CIA『The World Factbook』,https://www.mext.go.jp/content/20220802-mxt_kyoiku02-100002620_03.pdf｜https://www.cia.gov/the-world-factbook/,なし
大学受験地理_Deck1_全範囲の骨格,GE-000345,345,Deck 1｜全範囲の骨格,両方,工業・サービス・交通・貿易,経済指標,国内総生産,こくないそうせいさん,GDP,なし,国家,世界全体,該当なし,GE-000345-C01,identify,用語の識別,一定期間に一国の国内で新たに生み出された付加価値の合計を何というか。,国内総生産,国内総生産｜GDP,生産主体の国籍ではなく、国内で生産されたかを基準にする。,国民総所得,GDPは国内で生産された付加価値、GNIは居住者が国内外から得た所得。,なし,なし,なし,世界銀行『World Development Indicators』,https://data.worldbank.org/indicator,国内総生産=こくないそうせいさん
大学受験地理_Deck1_全範囲の骨格,GE-000346,346,Deck 1｜全範囲の骨格,両方,工業・サービス・交通・貿易,経済指標,国民総所得,こくみんそうしょとく,GNI,なし,国家,世界全体,該当なし,GE-000346-C01,identify,用語の識別,一国の居住者が国内外から得た所得の合計を何というか。,国民総所得,国民総所得｜GNI,GDPに海外からの純所得を加えて考える。,国内総生産,GNIは居住者の所得、GDPは国内での生産。,なし,なし,なし,世界銀行『World Development Indicators』,https://data.worldbank.org/indicator,国民総所得=こくみんそうしょとく
大学受験地理_Deck1_全範囲の骨格,GE-000347,347,Deck 1｜全範囲の骨格,両方,工業・サービス・交通・貿易,経済指標,一人当たり国民総所得,ひとりあたりこくみんそうしょとく,1人当たりGNI,GE-000196｜GE-000346,世界,世界全体,該当なし,GE-000347-C01,formula,基本式,一人当たり国民総所得を求める基本式を答えよ。,国民総所得÷人口,国民総所得÷人口｜GNI÷人口,国の平均的な所得水準を比較する指標だが、国内の格差は直接示さない。,なし,なし,一人当たりGNI=GNI÷人口,なし,なし,世界銀行『World Development Indicators』,https://data.worldbank.org/indicator,なし
大学受験地理_Deck1_全範囲の骨格,GE-000348,348,Deck 1｜全範囲の骨格,両方,工業・サービス・交通・貿易,開発指標,人間開発指数,にんげんかいはつしすう,HDI,なし,国家,世界全体,該当なし,GE-000348-C01,identify,用語の識別,健康、教育、所得の三側面から人間開発の達成度を示す指数を何というか。,人間開発指数,人間開発指数｜HDI,所得だけで国の発展を評価しないための指標である。,なし,なし,なし,なし,なし,国連開発計画『Human Development Index』,https://hdr.undp.org/data-center/human-development-index,人間開発指数=にんげんかいはつしすう
大学受験地理_Deck1_全範囲の骨格,GE-000349,349,Deck 1｜全範囲の骨格,地理総合,工業・サービス・交通・貿易,持続可能性,持続可能な開発,じぞくかのうなかいはつ,サステナブル・デベロップメント,なし,世界,世界全体,該当なし,GE-000349-C01,identify,用語の識別,将来世代の必要を損なわずに、現在世代の必要を満たす開発を何というか。,持続可能な開発,持続可能な開発｜サステナブル・デベロップメント,環境、経済、社会の三側面を統合して考える。,なし,なし,なし,なし,なし,国際連合『Sustainable Development Goals』,https://sdgs.un.org/goals,なし
大学受験地理_Deck1_全範囲の骨格,GE-000350,350,Deck 1｜全範囲の骨格,地理総合,工業・サービス・交通・貿易,持続可能性,SDGs,えすでぃーじーず,持続可能な開発目標,なし,世界,世界全体,2015,GE-000350-C01,number,目標数と期限,SDGsは、何年までの達成を目指す何個の国際目標か。,2030年までの17の目標,2030年までの17の目標｜17の持続可能な開発目標,貧困、教育、健康、環境、平和などを相互に関連する課題として扱う。,なし,なし,なし,目標,なし,国際連合『Sustainable Development Goals』,https://sdgs.un.org/goals,なし
大学受験地理_Deck1_全範囲の骨格,GE-000351,351,Deck 1｜全範囲の骨格,両方,日本地誌,国土の骨格,日本列島,にほんれっとう,なし,なし,国家,日本,該当なし,GE-000351-C01,identify,用語の識別,ユーラシア大陸の東縁に弧状に連なり、複数のプレート境界付近に位置する島列を何というか。,日本列島,日本列島,南北に長いため気候差が大きく、山地が多く地震・火山活動も活発である。,なし,なし,なし,なし,なし,国土地理院『地理教育の道具箱』,https://www.gsi.go.jp/CHIRIKYOUIKU/,なし
大学受験地理_Deck1_全範囲の骨格,GE-000352,352,Deck 1｜全範囲の骨格,両方,日本地誌,地形・地質,フォッサマグナ,ふぉっさまぐな,大地溝帯,なし,国内地域,中部地方,該当なし,GE-000352-C01,identify,用語の識別,本州中央部を南北に横切り、日本列島を地質的に東北日本と西南日本へ分ける大地溝帯を何というか。,フォッサマグナ,フォッサマグナ｜大地溝帯,西縁は糸魚川―静岡構造線とされる。,なし,なし,なし,なし,なし,国土地理院『地理教育の道具箱』,https://www.gsi.go.jp/CHIRIKYOUIKU/,なし
大学受験地理_Deck1_全範囲の骨格,GE-000353,353,Deck 1｜全範囲の骨格,両方,日本地誌,地形・地質,日本アルプス,にほんあるぷす,なし,なし,国内地域,中部地方,該当なし,GE-000353-C01,identify,用語の識別,本州中央部に並ぶ飛驒山脈・木曽山脈・赤石山脈の総称は何か。,日本アルプス,日本アルプス,高い山地が日本海側と太平洋側の気候差にも影響する。,なし,なし,なし,なし,なし,国土地理院『地理教育の道具箱』,https://www.gsi.go.jp/CHIRIKYOUIKU/,飛驒山脈=ひださんみゃく｜木曽山脈=きそさんみゃく｜赤石山脈=あかいしさんみゃく
大学受験地理_Deck1_全範囲の骨格,GE-000354,354,Deck 1｜全範囲の骨格,両方,日本地誌,平野,関東平野,かんとうへいや,なし,なし,国内地域,関東地方,該当なし,GE-000354-C01,identify,用語の識別,利根川・荒川などが流れ、東京大都市圏が広がる日本最大の平野は何か。,関東平野,関東平野,沖積低地と武蔵野台地などの台地からなる。,なし,なし,なし,なし,なし,国土地理院『地理教育の道具箱』,https://www.gsi.go.jp/CHIRIKYOUIKU/,関東平野=かんとうへいや｜利根川=とねがわ｜荒川=あらかわ
大学受験地理_Deck1_全範囲の骨格,GE-000355,355,Deck 1｜全範囲の骨格,両方,日本地誌,平野,濃尾平野,のうびへいや,なし,なし,国内地域,東海地方,該当なし,GE-000355-C01,identify,用語の識別,木曽三川が形成し、名古屋を中心とする都市・工業地域が広がる平野は何か。,濃尾平野,濃尾平野,下流部には海抜0m地帯がみられ、洪水・高潮対策が重要である。,なし,なし,なし,なし,なし,国土地理院『地理教育の道具箱』,https://www.gsi.go.jp/CHIRIKYOUIKU/,濃尾平野=のうびへいや｜木曽三川=きそさんせん
大学受験地理_Deck1_全範囲の骨格,GE-000356,356,Deck 1｜全範囲の骨格,両方,日本地誌,平野,大阪平野,おおさかへいや,なし,なし,国内地域,近畿地方,該当なし,GE-000356-C01,identify,用語の識別,淀川・大和川などが流れ、大阪市を中心とする大都市圏が広がる平野は何か。,大阪平野,大阪平野,大阪湾沿岸の低地と周辺の台地・丘陵からなる。,なし,なし,なし,なし,なし,国土地理院『地理教育の道具箱』,https://www.gsi.go.jp/CHIRIKYOUIKU/,淀川=よどがわ｜大和川=やまとがわ
大学受験地理_Deck1_全範囲の骨格,GE-000357,357,Deck 1｜全範囲の骨格,両方,日本地誌,平野,石狩平野,いしかりへいや,なし,なし,国内地域,北海道,該当なし,GE-000357-C01,identify,用語の識別,石狩川下流に広がり、札幌を含む北海道最大の平野は何か。,石狩平野,石狩平野,泥炭地の排水・土地改良が進められ、稲作や都市利用が発達した。,なし,なし,なし,なし,なし,国土地理院『地理教育の道具箱』,https://www.gsi.go.jp/CHIRIKYOUIKU/,石狩平野=いしかりへいや
大学受験地理_Deck1_全範囲の骨格,GE-000358,358,Deck 1｜全範囲の骨格,両方,日本地誌,気候,北海道の気候,ほっかいどうのきこう,なし,なし,国内地域,北海道,該当なし,GE-000358-C01,identify,用語の識別,梅雨の影響が比較的小さく、冬が長く寒冷で、台風の接近も本州以南より少ない日本の気候区分は何か。,北海道の気候,北海道の気候,冷涼で年較差が大きく、地域によって日本海側と太平洋側の差もみられる。,なし,なし,なし,なし,なし,気象庁『日本の気候』,https://www.jma.go.jp/jma/kishou/know/kisetsu_riyou/tenkou/Average_Climate_Japan.html,なし
大学受験地理_Deck1_全範囲の骨格,GE-000359,359,Deck 1｜全範囲の骨格,両方,日本地誌,気候,日本海側の気候,にほんかいがわのきこう,なし,GE-000128,国内地域,日本海側,該当なし,GE-000359-C01,identify,用語の識別,冬の北西季節風が日本海で水蒸気を得て、曇天・降雪が多くなる日本の気候区分は何か。,日本海側の気候,日本海側の気候,山地を越えた太平洋側では乾燥した晴天になりやすい。,なし,なし,なし,なし,なし,気象庁『日本の気候』,https://www.jma.go.jp/jma/kishou/know/kisetsu_riyou/tenkou/Average_Climate_Japan.html,なし
大学受験地理_Deck1_全範囲の骨格,GE-000360,360,Deck 1｜全範囲の骨格,両方,日本地誌,気候,太平洋側の気候,たいへいようがわのきこう,なし,なし,国内地域,太平洋側,該当なし,GE-000360-C01,identify,用語の識別,夏は降水が多く、冬は山地を越えた季節風の影響で晴天・乾燥が多い日本の気候区分は何か。,太平洋側の気候,太平洋側の気候,梅雨前線や台風による降水の影響も大きい。,なし,なし,なし,なし,なし,気象庁『日本の気候』,https://www.jma.go.jp/jma/kishou/know/kisetsu_riyou/tenkou/Average_Climate_Japan.html,なし
大学受験地理_Deck1_全範囲の骨格,GE-000361,361,Deck 1｜全範囲の骨格,両方,日本地誌,気候,瀬戸内の気候,せとうちのきこう,なし,なし,国内地域,瀬戸内地方,該当なし,GE-000361-C01,identify,用語の識別,中国山地と四国山地に季節風が遮られ、年間を通じて降水量が比較的少ない日本の気候区分は何か。,瀬戸内の気候,瀬戸内の気候,温暖で晴天が多く、ため池が発達した地域がある。,なし,なし,なし,なし,なし,気象庁『日本の気候』,https://www.jma.go.jp/jma/kishou/know/kisetsu_riyou/tenkou/Average_Climate_Japan.html,なし
大学受験地理_Deck1_全範囲の骨格,GE-000362,362,Deck 1｜全範囲の骨格,両方,日本地誌,気候,中央高地の気候,ちゅうおうこうちのきこう,なし,なし,国内地域,中央高地,該当なし,GE-000362-C01,identify,用語の識別,内陸に位置するため、気温の年較差・日較差が大きく、降水量が比較的少ない日本の気候区分は何か。,中央高地の気候,中央高地の気候,長野県や山梨県の盆地・高原などが代表的である。,なし,なし,なし,なし,なし,気象庁『日本の気候』,https://www.jma.go.jp/jma/kishou/know/kisetsu_riyou/tenkou/Average_Climate_Japan.html,なし
大学受験地理_Deck1_全範囲の骨格,GE-000363,363,Deck 1｜全範囲の骨格,両方,日本地誌,気候,南西諸島の気候,なんせいしょとうのきこう,なし,なし,国内地域,南西諸島,該当なし,GE-000363-C01,identify,用語の識別,年間を通じて温暖で降水量が多く、台風の影響も受けやすい日本の気候区分は何か。,南西諸島の気候,南西諸島の気候,亜熱帯性の植生がみられ、冬も比較的温暖である。,なし,なし,なし,なし,なし,気象庁『日本の気候』,https://www.jma.go.jp/jma/kishou/know/kisetsu_riyou/tenkou/Average_Climate_Japan.html,なし
大学受験地理_Deck1_全範囲の骨格,GE-000364,364,Deck 1｜全範囲の骨格,両方,日本地誌,気候,梅雨,つゆ,ばいう,なし,国内地域,日本など東アジア,該当なし,GE-000364-C01,identify,用語の識別,初夏に梅雨前線が日本付近に停滞し、曇りや雨の日が続く季節現象を何というか。,梅雨,梅雨｜ばいう,暖かく湿った気団と冷涼な気団の境界に前線が形成される。,なし,なし,なし,なし,なし,気象庁『日本の気候』,https://www.jma.go.jp/jma/kishou/know/kisetsu_riyou/tenkou/Average_Climate_Japan.html,梅雨=つゆ
大学受験地理_Deck1_全範囲の骨格,GE-000365,365,Deck 1｜全範囲の骨格,両方,日本地誌,気候・災害,台風,たいふう,なし,なし,複数国家,北西太平洋・東アジア,該当なし,GE-000365-C01,identify,用語の識別,北西太平洋または南シナ海に存在する熱帯低気圧のうち、最大風速が一定基準以上のものを日本で何というか。,台風,台風,暖かい海面から供給される水蒸気をエネルギー源とし、暴風・豪雨・高潮をもたらす。,なし,なし,なし,なし,なし,気象庁『日本の気候』,https://www.jma.go.jp/jma/kishou/know/kisetsu_riyou/tenkou/Average_Climate_Japan.html,なし
大学受験地理_Deck1_全範囲の骨格,GE-000366,366,Deck 1｜全範囲の骨格,両方,日本地誌,人口・産業,太平洋ベルト,たいへいようべると,なし,なし,国内地域,本州太平洋岸・瀬戸内・北部九州,該当なし,GE-000366-C01,identify,用語の識別,関東から東海、近畿、瀬戸内、北部九州へ連なる、人口・工業・交通が集中する地域帯を何というか。,太平洋ベルト,太平洋ベルト,大都市圏と臨海工業地域が連続する日本の経済中枢である。,なし,なし,なし,なし,なし,経済産業省『産業立地』,https://www.meti.go.jp/policy/local_economy/industrial_location/index.html,なし
大学受験地理_Deck1_全範囲の骨格,GE-000367,367,Deck 1｜全範囲の骨格,両方,日本地誌,工業地域,京浜工業地帯,けいひんこうぎょうちたい,なし,なし,国内地域,東京都・神奈川県,該当なし,GE-000367-C01,identify,用語の識別,東京・川崎・横浜を中心に、機械、化学、印刷など多様な工業が集積する工業地帯は何か。,京浜工業地帯,京浜工業地帯,巨大市場、港湾、研究開発・本社機能との結び付きが強い。,なし,なし,なし,なし,なし,経済産業省『産業立地』,https://www.meti.go.jp/policy/local_economy/industrial_location/index.html,京浜工業地帯=けいひんこうぎょうちたい
大学受験地理_Deck1_全範囲の骨格,GE-000368,368,Deck 1｜全範囲の骨格,両方,日本地誌,工業地域,中京工業地帯,ちゅうきょうこうぎょうちたい,なし,なし,国内地域,愛知県を中心とする東海地方,該当なし,GE-000368-C01,identify,用語の識別,名古屋を中心に、自動車工業の集積が特に顕著な工業地帯は何か。,中京工業地帯,中京工業地帯,輸送用機械と多数の部品企業のネットワークが発達する。,なし,なし,なし,なし,なし,経済産業省『産業立地』,https://www.meti.go.jp/policy/local_economy/industrial_location/index.html,なし
大学受験地理_Deck1_全範囲の骨格,GE-000369,369,Deck 1｜全範囲の骨格,両方,日本地誌,工業地域,阪神工業地帯,はんしんこうぎょうちたい,なし,なし,国内地域,大阪府・兵庫県,該当なし,GE-000369-C01,identify,用語の識別,大阪・神戸を中心に、機械、金属、化学などが集積する工業地帯は何か。,阪神工業地帯,阪神工業地帯,大阪湾岸の臨海部と内陸部の中小工場が特徴である。,なし,なし,なし,なし,なし,経済産業省『産業立地』,https://www.meti.go.jp/policy/local_economy/industrial_location/index.html,阪神工業地帯=はんしんこうぎょうちたい
大学受験地理_Deck1_全範囲の骨格,GE-000370,370,Deck 1｜全範囲の骨格,両方,日本地誌,工業地域,瀬戸内工業地域,せとうちこうぎょうちいき,なし,なし,国内地域,瀬戸内海沿岸,該当なし,GE-000370-C01,identify,用語の識別,瀬戸内海沿岸に、石油化学、鉄鋼、造船などの臨海型工業が発達する工業地域は何か。,瀬戸内工業地域,瀬戸内工業地域,海上交通と広い埋立地を利用し、各地にコンビナートが形成された。,なし,なし,なし,なし,なし,経済産業省『産業立地』,https://www.meti.go.jp/policy/local_economy/industrial_location/index.html,瀬戸内工業地域=せとうちこうぎょうちいき
大学受験地理_Deck1_全範囲の骨格,GE-000371,371,Deck 1｜全範囲の骨格,両方,日本地誌,工業地域,北九州工業地域,きたきゅうしゅうこうぎょうちいき,なし,なし,国内地域,福岡県北部,該当なし,GE-000371-C01,identify,用語の識別,官営八幡製鉄所を核に重工業が発達し、その後産業構造の転換が進んだ工業地域は何か。,北九州工業地域,北九州工業地域,筑豊炭田、港湾、中国からの鉄鉱石などを背景に発展した。,なし,なし,なし,なし,なし,経済産業省『産業立地』,https://www.meti.go.jp/policy/local_economy/industrial_location/index.html,官営八幡製鉄所=かんえいやはたせいてつしょ｜筑豊炭田=ちくほうたんでん
大学受験地理_Deck1_全範囲の骨格,GE-000372,372,Deck 1｜全範囲の骨格,両方,日本地誌,都市,三大都市圏,さんだいとしけん,東京圏・名古屋圏・大阪圏,なし,国内地域,日本,該当なし,GE-000372-C01,example,三地域,日本の三大都市圏を三つ答えよ。,関東・中京・近畿の各大都市圏,関東・中京・近畿の各大都市圏｜東京・名古屋・大阪の三大都市圏｜東京圏・名古屋圏・大阪圏,人口、企業、大学、交通機能が集中する。,なし,なし,なし,なし,なし,総務省統計局『人口推計』,https://www.stat.go.jp/data/jinsui/,なし
大学受験地理_Deck1_全範囲の骨格,GE-000373,373,Deck 1｜全範囲の骨格,両方,日本地誌,人口問題,過疎,かそ,なし,なし,国内地域,日本の地方部など,該当なし,GE-000373-C01,identify,用語の識別,人口が継続的に減少し、地域社会や公共サービスの維持が難しくなる状態を何というか。,過疎,過疎,高齢化、若年層流出、交通・医療・商業の縮小などと結び付く。,なし,なし,なし,なし,なし,総務省統計局『人口推計』,https://www.stat.go.jp/data/jinsui/,なし
大学受験地理_Deck1_全範囲の骨格,GE-000374,374,Deck 1｜全範囲の骨格,両方,日本地誌,農業地域,北海道の大規模農業,ほっかいどうのだいきぼのうぎょう,なし,なし,国内地域,北海道,該当なし,GE-000374-C01,association,地域対応,北海道の大規模農業を代表する二つの農業形態は何か。,畑作と酪農,畑作と酪農｜酪農と畑作,十勝平野の畑作や根釧台地の酪農などが代表例である。,なし,なし,なし,なし,なし,農林水産省『統計情報』,https://www.maff.go.jp/j/tokei/,なし
大学受験地理_Deck1_全範囲の骨格,GE-000375,375,Deck 1｜全範囲の骨格,両方,日本地誌,農業地域,北陸の稲作,ほくりくのいなさく,なし,なし,国内地域,北陸地方,該当なし,GE-000375-C01,reason,水資源との関係,北陸で稲作が盛んな基本的理由を、水資源から一つ答えよ。,雪どけ水が豊富だから,雪どけ水が豊富だから｜豊富な雪どけ水を利用できるから,越後平野などで水田農業が発達し、冬季の積雪が水資源となる。,なし,なし,なし,なし,なし,農林水産省『統計情報』,https://www.maff.go.jp/j/tokei/,なし
大学受験地理_Deck1_全範囲の骨格,GE-000376,376,Deck 1｜全範囲の骨格,両方,世界地誌,アジア,東アジア,ひがしあじあ,なし,なし,大州,東アジア,該当なし,GE-000376-C01,identify,用語の識別,中国、朝鮮半島、日本などを含み、季節風の影響と人口・都市の集中が顕著なアジア東部の地域を何というか。,東アジア,東アジア,沿岸部と内陸部で自然・人口・産業の地域差が大きい。,なし,なし,なし,なし,なし,文部科学省『高等学校学習指導要領解説 地理歴史編』｜国際連合統計部『M49地域区分』,https://www.mext.go.jp/content/20220802-mxt_kyoiku02-100002620_03.pdf｜https://unstats.un.org/unsd/methodology/m49,なし
大学受験地理_Deck1_全範囲の骨格,GE-000377,377,Deck 1｜全範囲の骨格,両方,世界地誌,東アジア,中国東部,ちゅうごくとうぶ,なし,なし,国内地域,中国,該当なし,GE-000377-C01,distribution,人口・産業分布,中国東部のうち、人口・都市・工業が特に集中するのはどの範囲か。,東部沿海部とその周辺,東部沿海部とその周辺｜中国東部｜東部,西部の高原・山地・乾燥地域に比べ、交通・農業・工業に有利な条件が多い。,なし,なし,なし,なし,なし,文部科学省『高等学校学習指導要領解説 地理歴史編』｜CIA『The World Factbook』,https://www.mext.go.jp/content/20220802-mxt_kyoiku02-100002620_03.pdf｜https://www.cia.gov/the-world-factbook/,なし
大学受験地理_Deck1_全範囲の骨格,GE-000378,378,Deck 1｜全範囲の骨格,両方,世界地誌,東アジア,長江デルタ,ちょうこうでるた,なし,なし,国内地域,中国東部・上海周辺,該当なし,GE-000378-C01,identify,用語の識別,上海を中心に、長江河口の水運・港湾と巨大市場を生かして工業・商業が発達する地域は何か。,長江デルタ,長江デルタ,中国を代表する人口・経済集積地域の一つである。,なし,なし,なし,なし,なし,文部科学省『高等学校学習指導要領解説 地理歴史編』｜CIA『The World Factbook』,https://www.mext.go.jp/content/20220802-mxt_kyoiku02-100002620_03.pdf｜https://www.cia.gov/the-world-factbook/,長江=ちょうこう
大学受験地理_Deck1_全範囲の骨格,GE-000379,379,Deck 1｜全範囲の骨格,両方,世界地誌,東アジア,珠江デルタ,しゅこうでるた,なし,なし,国内地域,中国南部,該当なし,GE-000379-C01,identify,用語の識別,広州・深圳・香港周辺に広がり、輸出加工と国際物流で発展した中国南部の地域は何か。,珠江デルタ,珠江デルタ,香港・マカオを含む大湾区として都市間連携が進む。,なし,なし,なし,なし,なし,文部科学省『高等学校学習指導要領解説 地理歴史編』｜CIA『The World Factbook』,https://www.mext.go.jp/content/20220802-mxt_kyoiku02-100002620_03.pdf｜https://www.cia.gov/the-world-factbook/,珠江デルタ=しゅこうでるた
大学受験地理_Deck1_全範囲の骨格,GE-000380,380,Deck 1｜全範囲の骨格,両方,世界地誌,東南アジア,東南アジア,とうなんあじあ,なし,なし,大州,東南アジア,該当なし,GE-000380-C01,identify,用語の識別,インドシナ半島部と島しょ部からなり、熱帯モンスーン、稲作、プランテーション、多民族・多宗教が特徴的な地域は何か。,東南アジア,東南アジア,海上交通の要衝に位置し、工業化・都市化も進む。,なし,なし,なし,なし,なし,文部科学省『高等学校学習指導要領解説 地理歴史編』｜国際連合統計部『M49地域区分』,https://www.mext.go.jp/content/20220802-mxt_kyoiku02-100002620_03.pdf｜https://unstats.un.org/unsd/methodology/m49,なし
大学受験地理_Deck1_全範囲の骨格,GE-000381,381,Deck 1｜全範囲の骨格,両方,世界地誌,東南アジア,メコンデルタ,めこんでるた,なし,なし,国内地域,ベトナム南部,該当なし,GE-000381-C01,identify,用語の識別,メコン川河口のベトナム南部に広がり、稲作と水上交通が発達する三角州は何か。,メコンデルタ,メコンデルタ,低平な土地で、洪水、塩水遡上、海面上昇への対応が課題となる。,なし,なし,なし,なし,なし,文部科学省『高等学校学習指導要領解説 地理歴史編』｜CIA『The World Factbook』,https://www.mext.go.jp/content/20220802-mxt_kyoiku02-100002620_03.pdf｜https://www.cia.gov/the-world-factbook/,なし
大学受験地理_Deck1_全範囲の骨格,GE-000382,382,Deck 1｜全範囲の骨格,両方,世界地誌,南アジア,南アジア,みなみあじあ,なし,なし,大州,南アジア,該当なし,GE-000382-C01,identify,用語の識別,インド亜大陸を中心とし、季節風が農業・生活に大きく影響するアジア南部の地域は何か。,南アジア,南アジア,人口密度が高く、宗教・言語・産業構造には大きな地域差がある。,なし,なし,なし,なし,なし,文部科学省『高等学校学習指導要領解説 地理歴史編』｜国際連合統計部『M49地域区分』,https://www.mext.go.jp/content/20220802-mxt_kyoiku02-100002620_03.pdf｜https://unstats.un.org/unsd/methodology/m49,なし
大学受験地理_Deck1_全範囲の骨格,GE-000383,383,Deck 1｜全範囲の骨格,両方,世界地誌,南アジア,インド・ガンジス平原,いんどがんじすへいや,なし,なし,複数国家,パキスタン・インド・バングラデシュ,該当なし,GE-000383-C01,identify,用語の識別,インダス川・ガンジス川水系の堆積物からなり、農業と人口が集中する南アジアの大平原は何か。,インド・ガンジス平原,インド・ガンジス平原,灌漑農業や稲作・小麦栽培が広く行われる。,なし,なし,なし,なし,なし,文部科学省『高等学校学習指導要領解説 地理歴史編』｜CIA『The World Factbook』,https://www.mext.go.jp/content/20220802-mxt_kyoiku02-100002620_03.pdf｜https://www.cia.gov/the-world-factbook/,なし
大学受験地理_Deck1_全範囲の骨格,GE-000384,384,Deck 1｜全範囲の骨格,両方,世界地誌,西アジア,西アジア,にしあじあ,なし,なし,大州,西アジア,該当なし,GE-000384-C01,identify,用語の識別,乾燥地域が広く、石油・天然ガス資源、灌漑農業、都市・宗教文化の多様性が重要なアジア西部の地域は何か。,西アジア,西アジア,沿岸、山地、河川流域では自然・産業・人口分布が大きく異なる。,なし,なし,なし,なし,なし,文部科学省『高等学校学習指導要領解説 地理歴史編』｜国際連合統計部『M49地域区分』,https://www.mext.go.jp/content/20220802-mxt_kyoiku02-100002620_03.pdf｜https://unstats.un.org/unsd/methodology/m49,なし
大学受験地理_Deck1_全範囲の骨格,GE-000385,385,Deck 1｜全範囲の骨格,両方,世界地誌,アフリカ,サヘル,さへる,なし,なし,複数国家,アフリカ・サハラ南縁,該当なし,GE-000385-C01,identify,用語の識別,サハラ砂漠の南縁に東西に延びる、乾燥地域と湿潤地域の移行帯を何というか。,サヘル,サヘル,降水変動が大きく、農耕・牧畜と砂漠化対策が重要である。,なし,なし,なし,なし,なし,国連砂漠化対処条約,https://www.unccd.int/,なし
大学受験地理_Deck1_全範囲の骨格,GE-000386,386,Deck 1｜全範囲の骨格,両方,世界地誌,アフリカ,ナイル川流域,ないるがわりゅういき,なし,GE-000172,複数国家,北東アフリカ,該当なし,GE-000386-C01,identify,用語の識別,湿潤な上流域から乾燥地域へ流れる外来河川に沿い、エジプトの人口・農業が集中する地域は何か。,ナイル川流域,ナイル川流域,河谷とデルタが居住・農業の中心で、周囲の砂漠と対照的である。,なし,なし,なし,なし,なし,文部科学省『高等学校学習指導要領解説 地理歴史編』｜CIA『The World Factbook』,https://www.mext.go.jp/content/20220802-mxt_kyoiku02-100002620_03.pdf｜https://www.cia.gov/the-world-factbook/,なし
大学受験地理_Deck1_全範囲の骨格,GE-000387,387,Deck 1｜全範囲の骨格,両方,世界地誌,アフリカ,南アフリカ共和国,みなみあふりかきょうわこく,なし,なし,国家,アフリカ南部,該当なし,GE-000387-C01,identify,用語の識別,金・白金などの鉱産資源と工業・金融の集積をもち、アフリカ南端部の地域経済で大きな役割を担う国はどこか。,南アフリカ共和国,南アフリカ共和国,都市・産業が発達する一方、歴史的背景に由来する大きな格差が残る。,なし,なし,なし,なし,なし,文部科学省『高等学校学習指導要領解説 地理歴史編』｜CIA『The World Factbook』,https://www.mext.go.jp/content/20220802-mxt_kyoiku02-100002620_03.pdf｜https://www.cia.gov/the-world-factbook/,なし
大学受験地理_Deck1_全範囲の骨格,GE-000388,388,Deck 1｜全範囲の骨格,両方,世界地誌,ヨーロッパ,西ヨーロッパ,にしよーろっぱ,なし,GE-000126｜GE-000132,大州,西ヨーロッパ,該当なし,GE-000388-C01,identify,用語の識別,偏西風と暖流で温和な気候をもち、都市・工業・交通網が高密度に発達したヨーロッパ西部の地域は何か。,西ヨーロッパ,西ヨーロッパ,EU統合の中核地域を含むが、各国・各地域の産業構造は多様である。,なし,なし,なし,なし,なし,文部科学省『高等学校学習指導要領解説 地理歴史編』｜国際連合統計部『M49地域区分』,https://www.mext.go.jp/content/20220802-mxt_kyoiku02-100002620_03.pdf｜https://unstats.un.org/unsd/methodology/m49,なし
大学受験地理_Deck1_全範囲の骨格,GE-000389,389,Deck 1｜全範囲の骨格,両方,世界地誌,ヨーロッパ,ライン川,らいんがわ,なし,なし,複数国家,西ヨーロッパ,該当なし,GE-000389-C01,identify,用語の識別,アルプス方面から北海へ流れ、西ヨーロッパの内陸水運と工業地域を結ぶ国際河川は何か。,ライン川,ライン川,流域には大都市・港湾・工業地域が連なり、河川交通が発達する。,なし,なし,なし,なし,なし,文部科学省『高等学校学習指導要領解説 地理歴史編』｜CIA『The World Factbook』,https://www.mext.go.jp/content/20220802-mxt_kyoiku02-100002620_03.pdf｜https://www.cia.gov/the-world-factbook/,なし
大学受験地理_Deck1_全範囲の骨格,GE-000390,390,Deck 1｜全範囲の骨格,両方,世界地誌,ロシア・中央アジア,ロシア,ろしあ,なし,なし,国家,ロシア,該当なし,GE-000390-C01,identify,用語の識別,ヨーロッパ東部から北アジアまで広がり、人口は西部に集中し、東部に広大な資源地域をもつ国はどこか。,ロシア,ロシア,国土が東西に長く、気候・交通・人口密度の地域差が大きい。,なし,なし,なし,なし,なし,文部科学省『高等学校学習指導要領解説 地理歴史編』｜CIA『The World Factbook』,https://www.mext.go.jp/content/20220802-mxt_kyoiku02-100002620_03.pdf｜https://www.cia.gov/the-world-factbook/,なし
大学受験地理_Deck1_全範囲の骨格,GE-000391,391,Deck 1｜全範囲の骨格,両方,世界地誌,ロシア・中央アジア,シベリア,しべりあ,なし,なし,国内地域,ロシア北アジア部,該当なし,GE-000391-C01,identify,用語の識別,ウラル山脈以東のロシアに広がり、寒冷な気候、永久凍土、豊富な森林・鉱産・エネルギー資源をもつ地域は何か。,シベリア,シベリア,人口密度は低く、鉄道や資源開発拠点に人口が集中する。,なし,なし,なし,なし,なし,文部科学省『高等学校学習指導要領解説 地理歴史編』｜CIA『The World Factbook』,https://www.mext.go.jp/content/20220802-mxt_kyoiku02-100002620_03.pdf｜https://www.cia.gov/the-world-factbook/,なし
大学受験地理_Deck1_全範囲の骨格,GE-000392,392,Deck 1｜全範囲の骨格,両方,世界地誌,北アメリカ,北アメリカ,きたあめりか,なし,なし,大州,北アメリカ,該当なし,GE-000392-C01,identify,用語の識別,カナダ、アメリカ合衆国、メキシコなどを含み、大規模農業・工業・都市圏が発達する大州は何か。,北アメリカ,北アメリカ,東西の山地、中央平原、気候帯の南北差が土地利用に影響する。,なし,なし,なし,なし,なし,文部科学省『高等学校学習指導要領解説 地理歴史編』｜国際連合統計部『M49地域区分』,https://www.mext.go.jp/content/20220802-mxt_kyoiku02-100002620_03.pdf｜https://unstats.un.org/unsd/methodology/m49,なし
大学受験地理_Deck1_全範囲の骨格,GE-000393,393,Deck 1｜全範囲の骨格,両方,世界地誌,北アメリカ,コーンベルト,こーんべると,なし,なし,国内地域,アメリカ合衆国中西部,該当なし,GE-000393-C01,identify,用語の識別,アメリカ合衆国中西部で、とうもろこし・大豆栽培と養豚・肉牛飼育が結び付く農業地域は何か。,コーンベルト,コーンベルト,肥沃な土壌と温暖な夏、大規模機械化農業が特徴である。,なし,なし,なし,なし,なし,国連食糧農業機関『FAOSTAT』,https://www.fao.org/faostat/en/,なし
大学受験地理_Deck1_全範囲の骨格,GE-000394,394,Deck 1｜全範囲の骨格,両方,世界地誌,北アメリカ,サンベルト,さんべると,なし,なし,国内地域,アメリカ合衆国南部・西部,該当なし,GE-000394-C01,identify,用語の識別,アメリカ合衆国の南部から西部にかけて、人口増加と航空宇宙・電子・石油関連などの産業が発達した地域帯は何か。,サンベルト,サンベルト,温暖な気候、軍事・研究開発投資、交通・住宅開発などが成長要因となった。,なし,なし,なし,なし,なし,文部科学省『高等学校学習指導要領解説 地理歴史編』｜CIA『The World Factbook』,https://www.mext.go.jp/content/20220802-mxt_kyoiku02-100002620_03.pdf｜https://www.cia.gov/the-world-factbook/,なし
大学受験地理_Deck1_全範囲の骨格,GE-000395,395,Deck 1｜全範囲の骨格,両方,世界地誌,ラテンアメリカ,ラテンアメリカ,らてんあめりか,なし,なし,大州,ラテンアメリカ,該当なし,GE-000395-C01,identify,用語の識別,メキシコ以南のアメリカ大陸とカリブ海地域を中心に、スペイン語・ポルトガル語などラテン系言語が広く使われる地域を何というか。,ラテンアメリカ,ラテンアメリカ,先住民、ヨーロッパ、アフリカなど多様な文化的背景をもち、都市化率が高い国が多い。,なし,なし,なし,なし,なし,文部科学省『高等学校学習指導要領解説 地理歴史編』｜国際連合統計部『M49地域区分』,https://www.mext.go.jp/content/20220802-mxt_kyoiku02-100002620_03.pdf｜https://unstats.un.org/unsd/methodology/m49,なし
大学受験地理_Deck1_全範囲の骨格,GE-000396,396,Deck 1｜全範囲の骨格,両方,世界地誌,ラテンアメリカ,アマゾン川流域,あまぞんがわりゅういき,なし,GE-000154,複数国家,南アメリカ北部,該当なし,GE-000396-C01,identify,用語の識別,赤道付近の高温多雨環境に世界最大級の熱帯雨林が広がる南アメリカの流域は何か。,アマゾン川流域,アマゾン川流域,森林保全、先住民の権利、農牧地・鉱山・道路開発の調整が課題となる。,なし,なし,なし,なし,なし,文部科学省『高等学校学習指導要領解説 地理歴史編』｜CIA『The World Factbook』,https://www.mext.go.jp/content/20220802-mxt_kyoiku02-100002620_03.pdf｜https://www.cia.gov/the-world-factbook/,なし
大学受験地理_Deck1_全範囲の骨格,GE-000397,397,Deck 1｜全範囲の骨格,両方,世界地誌,ラテンアメリカ,アンデス山脈,あんですさんみゃく,なし,GE-000043｜GE-000057,複数国家,南アメリカ西部,該当なし,GE-000397-C01,identify,用語の識別,南アメリカ西岸に沿って南北に延び、プレートの沈み込みで形成された新期造山帯の大山脈は何か。,アンデス山脈,アンデス山脈,標高による農業・居住の垂直分布と銅などの鉱産資源が重要である。,なし,なし,なし,なし,なし,米国地質調査所『This Dynamic Earth』,https://pubs.usgs.gov/gip/dynamic/,なし
大学受験地理_Deck1_全範囲の骨格,GE-000398,398,Deck 1｜全範囲の骨格,両方,世界地誌,ラテンアメリカ,パンパ,ぱんぱ,なし,なし,複数国家,アルゼンチン・ウルグアイ,該当なし,GE-000398-C01,identify,用語の識別,アルゼンチンを中心に広がり、小麦栽培と牛の企業的牧畜が発達する温帯草原は何か。,パンパ,パンパ,平坦で肥沃な土地が広がり、ブエノスアイレス港と結び付く。,なし,なし,なし,なし,なし,国連食糧農業機関『FAOSTAT』,https://www.fao.org/faostat/en/,なし
大学受験地理_Deck1_全範囲の骨格,GE-000399,399,Deck 1｜全範囲の骨格,両方,世界地誌,オセアニア,オーストラリア,おーすとらりあ,なし,なし,国家,オーストラリア,該当なし,GE-000399-C01,identify,用語の識別,内陸に乾燥地域が広がり、人口は東・南東部の沿岸都市に集中し、鉱産資源と牧羊・小麦が重要な国はどこか。,オーストラリア,オーストラリア,大鑽井盆地やマレー・ダーリング川流域など、水資源の地域差が大きい。,なし,なし,なし,なし,なし,文部科学省『高等学校学習指導要領解説 地理歴史編』｜CIA『The World Factbook』,https://www.mext.go.jp/content/20220802-mxt_kyoiku02-100002620_03.pdf｜https://www.cia.gov/the-world-factbook/,大鑽井盆地=だいさんせいぼんち｜マレー・ダーリング川=まれー・だーりんぐがわ
大学受験地理_Deck1_全範囲の骨格,GE-000400,400,Deck 1｜全範囲の骨格,両方,世界地誌,オセアニア,ニュージーランド,にゅーじーらんど,なし,なし,国家,ニュージーランド,該当なし,GE-000400-C01,identify,用語の識別,温帯の西岸海洋性気候と山地をもち、酪農・牧羊や農畜産物輸出が重要な南太平洋の国はどこか。,ニュージーランド,ニュージーランド,北島は火山活動、南島は南アルプスと氷河地形が目立つ。,なし,なし,なし,なし,なし,文部科学省『高等学校学習指導要領解説 地理歴史編』｜CIA『The World Factbook』,https://www.mext.go.jp/content/20220802-mxt_kyoiku02-100002620_03.pdf｜https://www.cia.gov/the-world-factbook/,なし
