dataset_label,term_id,importance_rank,difficulty_label,category,term,reading,aliases,era,macro_region,region_detail,display_period,sort_year,question_id,stage,focus,question_type,question,answer,keywords,accepted_answers,answer_note,source_name,source_url
大学受験世界史・重要300用語（三段階学習）,WH-000001,228,大学受験標準,時代・歴史区分,人類の進化,じんるいのしんか,,先史時代,世界,アフリカを起点に世界各地,約700万年前以降,-7000000,WH-000001-B01,beginner,用語の特定,identify,猿人・原人・旧人・新人を経て現生人類へ至る長期的な変化を何という？,人類の進化,人類の進化,,,世界史の窓：章節別用語リスト,https://www.y-history.net/appendix/appendix-list.html
大学受験世界史・重要300用語（三段階学習）,WH-000001,228,大学受験標準,時代・歴史区分,人類の進化,じんるいのしんか,,先史時代,世界,アフリカを起点に世界各地,約700万年前以降,-7000000,WH-000001-B02,beginner,時期,time,人類の進化が歴史上重要になるのはいつ頃？,約700万年前以降,約700万年前以降,,,世界史の窓：章節別用語リスト,https://www.y-history.net/appendix/appendix-list.html
大学受験世界史・重要300用語（三段階学習）,WH-000001,228,大学受験標準,時代・歴史区分,人類の進化,じんるいのしんか,,先史時代,世界,アフリカを起点に世界各地,約700万年前以降,-7000000,WH-000001-B03,beginner,用語の関連,relation,現生人類の学名は？,ホモ＝サピエンス,ホモ＝サピエンス,,,世界史の窓：章節別用語リスト,https://www.y-history.net/appendix/appendix-list.html
大学受験世界史・重要300用語（三段階学習）,WH-000001,228,大学受験標準,時代・歴史区分,人類の進化,じんるいのしんか,,先史時代,世界,アフリカを起点に世界各地,約700万年前以降,-7000000,WH-000001-R01,reverse,内容,reverse,何が起きた時代・変化？,約700万年前以降、**アフリカ**で初期人類が現れ、**直立二足歩行**・道具・火・言語などを発達させながら、原人・旧人・新人へと変化した。,アフリカ|直立二足歩行,,,世界史の窓：章節別用語リスト,https://www.y-history.net/appendix/appendix-list.html
大学受験世界史・重要300用語（三段階学習）,WH-000001,228,大学受験標準,時代・歴史区分,人類の進化,じんるいのしんか,,先史時代,世界,アフリカを起点に世界各地,約700万年前以降,-7000000,WH-000001-R02,reverse,結果・影響,reverse,何につながった？,約30万年前までに現れた**ホモ＝サピエンス**が各大陸へ拡散し、現在の人類社会の基礎を作った。,ホモ＝サピエンス,,,世界史の窓：章節別用語リスト,https://www.y-history.net/appendix/appendix-list.html
大学受験世界史・重要300用語（三段階学習）,WH-000001,228,大学受験標準,時代・歴史区分,人類の進化,じんるいのしんか,,先史時代,世界,アフリカを起点に世界各地,約700万年前以降,-7000000,WH-000001-I01,integrated,統合説明,integrated,「人類の進化」について説明せよ。,約700万年前以降、**アフリカ**で初期人類が現れ、**直立二足歩行**・道具・火・言語などを発達させながら、原人・旧人・新人へと変化した。 約30万年前までに現れた**ホモ＝サピエンス**が各大陸へ拡散し、現在の人類社会の基礎を作った。,アフリカ|直立二足歩行|ホモ＝サピエンス,,,世界史の窓：章節別用語リスト,https://www.y-history.net/appendix/appendix-list.html
大学受験世界史・重要300用語（三段階学習）,WH-000002,229,大学受験標準,時代・歴史区分,旧石器時代,きゅうせっきじだい,,先史時代,世界,世界各地,約260万年前〜前1万年頃,-2600000,WH-000002-B01,beginner,用語の特定,identify,打製石器(だせいせっき)を用い、狩猟・採集を中心に移動生活を送った時代を何という？,旧石器時代,旧石器時代,,,世界史の窓：章節別用語リスト,https://www.y-history.net/appendix/appendix-list.html
大学受験世界史・重要300用語（三段階学習）,WH-000002,229,大学受験標準,時代・歴史区分,旧石器時代,きゅうせっきじだい,,先史時代,世界,世界各地,約260万年前〜前1万年頃,-2600000,WH-000002-B02,beginner,時期,time,旧石器時代が歴史上重要になるのはいつ頃？,約260万年前〜前1万年頃,約260万年前〜前1万年頃,,,世界史の窓：章節別用語リスト,https://www.y-history.net/appendix/appendix-list.html
大学受験世界史・重要300用語（三段階学習）,WH-000002,229,大学受験標準,時代・歴史区分,旧石器時代,きゅうせっきじだい,,先史時代,世界,世界各地,約260万年前〜前1万年頃,-2600000,WH-000002-B03,beginner,技術,content,旧石器時代を代表する石器は？,打製石器(だせいせっき),打製石器,,,世界史の窓：章節別用語リスト,https://www.y-history.net/appendix/appendix-list.html
大学受験世界史・重要300用語（三段階学習）,WH-000002,229,大学受験標準,時代・歴史区分,旧石器時代,きゅうせっきじだい,,先史時代,世界,世界各地,約260万年前〜前1万年頃,-2600000,WH-000002-R01,reverse,内容,reverse,何が起きた時代・変化？,人類が**打製石器(だせいせっき)**を使い、狩猟・採集を中心に移動生活を送った長い時代で、原人の段階では**火の使用**も広がった。,打製石器|火の使用,,,世界史の窓：章節別用語リスト,https://www.y-history.net/appendix/appendix-list.html
大学受験世界史・重要300用語（三段階学習）,WH-000002,229,大学受験標準,時代・歴史区分,旧石器時代,きゅうせっきじだい,,先史時代,世界,世界各地,約260万年前〜前1万年頃,-2600000,WH-000002-R02,reverse,結果・影響,reverse,何につながった？,新人の時代には洞穴絵画などの文化が発達し、後の**新石器革命**による定住と食料生産へつながった。,新石器革命,,,世界史の窓：章節別用語リスト,https://www.y-history.net/appendix/appendix-list.html
大学受験世界史・重要300用語（三段階学習）,WH-000002,229,大学受験標準,時代・歴史区分,旧石器時代,きゅうせっきじだい,,先史時代,世界,世界各地,約260万年前〜前1万年頃,-2600000,WH-000002-I01,integrated,統合説明,integrated,「旧石器時代」について説明せよ。,人類が**打製石器(だせいせっき)**を使い、狩猟・採集を中心に移動生活を送った長い時代で、原人の段階では**火の使用**も広がった。 新人の時代には洞穴絵画などの文化が発達し、後の**新石器革命**による定住と食料生産へつながった。,打製石器|火の使用|新石器革命,,,世界史の窓：章節別用語リスト,https://www.y-history.net/appendix/appendix-list.html
大学受験世界史・重要300用語（三段階学習）,WH-000003,18,大学受験基礎,時代・歴史区分,新石器革命,しんせっきかくめい,農業革命,先史時代,世界,西アジアをはじめ世界各地,前1万年頃以降,-10000,WH-000003-B01,beginner,用語の特定,identify,狩猟・採集中心の生活から農耕・牧畜による食料生産へ移った大変化を何という？,新石器革命,新石器革命,農業革命,,世界史の窓：新石器革命／農業革命,https://www.y-history.net/appendix/wh0100-38_1.html
大学受験世界史・重要300用語（三段階学習）,WH-000003,18,大学受験基礎,時代・歴史区分,新石器革命,しんせっきかくめい,農業革命,先史時代,世界,西アジアをはじめ世界各地,前1万年頃以降,-10000,WH-000003-B02,beginner,時期,time,西アジアで農耕・牧畜が始まり、新石器革命が進み始めたのはいつ頃？,前1万年頃,前1万年頃,紀元前1万年頃,,世界史の窓：新石器革命／農業革命,https://www.y-history.net/appendix/wh0100-38_1.html
大学受験世界史・重要300用語（三段階学習）,WH-000003,18,大学受験基礎,時代・歴史区分,新石器革命,しんせっきかくめい,農業革命,先史時代,世界,西アジアをはじめ世界各地,前1万年頃以降,-10000,WH-000003-B03,beginner,結果,result,新石器革命による定住化で形成された基本的な居住共同体は？,村落,村落,定住村落,,世界史の窓：新石器革命／農業革命,https://www.y-history.net/appendix/wh0100-38_1.html
大学受験世界史・重要300用語（三段階学習）,WH-000003,18,大学受験基礎,時代・歴史区分,新石器革命,しんせっきかくめい,農業革命,先史時代,世界,西アジアをはじめ世界各地,前1万年頃以降,-10000,WH-000003-R01,reverse,内容,reverse,何が起きた？,**前1万年頃以降**、人々が**狩猟・採集**中心の生活から、**農耕・牧畜**による食料生産へ移り、**磨製石器(ませいせっき)**や**土器**を用いて定住生活を始めた。,狩猟・採集|農耕・牧畜|磨製石器|土器|定住生活,,,世界史の窓：新石器革命／農業革命,https://www.y-history.net/appendix/wh0100-38_1.html
大学受験世界史・重要300用語（三段階学習）,WH-000003,18,大学受験基礎,時代・歴史区分,新石器革命,しんせっきかくめい,農業革命,先史時代,世界,西アジアをはじめ世界各地,前1万年頃以降,-10000,WH-000003-R02,reverse,結果,reverse,社会はどのように変化した？,食料の安定と余剰によって人口が増え、**村落**が発達した。やがて分業や階層化が進み、**都市・国家**の成立につながった。,村落|分業|階層化|都市・国家,,,世界史の窓：新石器革命／農業革命,https://www.y-history.net/appendix/wh0100-38_1.html
大学受験世界史・重要300用語（三段階学習）,WH-000003,18,大学受験基礎,時代・歴史区分,新石器革命,しんせっきかくめい,農業革命,先史時代,世界,西アジアをはじめ世界各地,前1万年頃以降,-10000,WH-000003-I01,integrated,統合説明,integrated,「新石器革命」について説明せよ。,前1万年頃以降、人々が**狩猟・採集**から**農耕・牧畜**へ移り、**磨製石器(ませいせっき)**や**土器**を用いて定住するようになった変化。人口増加と余剰生産によって**村落**・分業・階層化が進み、のちの**都市・国家**形成につながった。,狩猟・採集|農耕・牧畜|磨製石器|土器|村落|都市・国家,,,世界史の窓：新石器革命／農業革命,https://www.y-history.net/appendix/wh0100-38_1.html
大学受験世界史・重要300用語（三段階学習）,WH-000004,25,大学受験基礎,文化・技術・学問,メソポタミア文明,めそぽたみあぶんめい,,古代,西アジア,ティグリス川・ユーフラテス川流域,前4千年紀〜前1千年紀,-3500,WH-000004-B01,beginner,用語の特定,identify,ティグリス川とユーフラテス川の流域に成立した古代文明は？,メソポタミア文明,メソポタミア文明,,,世界史の窓：メソポタミア文明,https://www.y-history.net/appendix/wh0101-004.html
大学受験世界史・重要300用語（三段階学習）,WH-000004,25,大学受験基礎,文化・技術・学問,メソポタミア文明,めそぽたみあぶんめい,,古代,西アジア,ティグリス川・ユーフラテス川流域,前4千年紀〜前1千年紀,-3500,WH-000004-B02,beginner,中心民族,actor,メソポタミア南部にウルやウルクなどの都市国家を築いた民族は？,シュメール人,シュメール人,シュメール,,世界史の窓：メソポタミア文明,https://www.y-history.net/appendix/wh0101-004.html
大学受験世界史・重要300用語（三段階学習）,WH-000004,25,大学受験基礎,文化・技術・学問,メソポタミア文明,めそぽたみあぶんめい,,古代,西アジア,ティグリス川・ユーフラテス川流域,前4千年紀〜前1千年紀,-3500,WH-000004-B03,beginner,文化,content,シュメール人が粘土板に刻んだ文字は？,楔形文字(くさびがたもじ),楔形文字,くさび形文字,,世界史の窓：メソポタミア文明,https://www.y-history.net/appendix/wh0101-004.html
大学受験世界史・重要300用語（三段階学習）,WH-000004,25,大学受験基礎,文化・技術・学問,メソポタミア文明,めそぽたみあぶんめい,,古代,西アジア,ティグリス川・ユーフラテス川流域,前4千年紀〜前1千年紀,-3500,WH-000004-R01,reverse,複合説明,reverse,何が生まれ、どんな特徴をもった？,**前4千年紀以降**、**ティグリス川・ユーフラテス川**流域で灌漑農業が発達し、**シュメール人**が都市国家を築いた。**楔形文字(くさびがたもじ)**、神殿を中心とする社会、法典や暦などが発達し、後の西アジア文明の基礎になった。,ティグリス川・ユーフラテス川|灌漑農業|シュメール人|都市国家|楔形文字,,,世界史の窓：メソポタミア文明,https://www.y-history.net/appendix/wh0101-004.html
大学受験世界史・重要300用語（三段階学習）,WH-000004,25,大学受験基礎,文化・技術・学問,メソポタミア文明,めそぽたみあぶんめい,,古代,西アジア,ティグリス川・ユーフラテス川流域,前4千年紀〜前1千年紀,-3500,WH-000004-I01,integrated,統合説明,integrated,「メソポタミア文明」について説明せよ。,前4千年紀以降、**ティグリス川・ユーフラテス川**流域で灌漑農業を基盤に発達した文明。**シュメール人**が都市国家を築き、**楔形文字(くさびがたもじ)**・法典・暦などを発達させ、後の西アジア文明の基礎を作った。,ティグリス川・ユーフラテス川|灌漑農業|シュメール人|都市国家|楔形文字,,,世界史の窓：メソポタミア文明,https://www.y-history.net/appendix/wh0101-004.html
大学受験世界史・重要300用語（三段階学習）,WH-000005,230,大学受験標準,民族・身分・社会集団,シュメール人,しゅめーるじん,,古代オリエント,西アジア,メソポタミア南部,前3500年頃〜前2000年頃,-3500,WH-000005-B01,beginner,用語の特定,identify,メソポタミア南部にウルやウルクなどの都市国家を築いた人々は？,シュメール人,シュメール人,,,世界史の窓：章節別用語リスト,https://www.y-history.net/appendix/appendix-list.html
大学受験世界史・重要300用語（三段階学習）,WH-000005,230,大学受験標準,民族・身分・社会集団,シュメール人,しゅめーるじん,,古代オリエント,西アジア,メソポタミア南部,前3500年頃〜前2000年頃,-3500,WH-000005-B02,beginner,時期,time,シュメール人が歴史上重要になるのはいつ頃？,前3500年頃〜前2000年頃,前3500年頃〜前2000年頃,,,世界史の窓：章節別用語リスト,https://www.y-history.net/appendix/appendix-list.html
大学受験世界史・重要300用語（三段階学習）,WH-000005,230,大学受験標準,民族・身分・社会集団,シュメール人,しゅめーるじん,,古代オリエント,西アジア,メソポタミア南部,前3500年頃〜前2000年頃,-3500,WH-000005-B03,beginner,都市,place,シュメール人が築いた代表的な二つの都市国家は？,ウルとウルク,ウルとウルク,,,世界史の窓：章節別用語リスト,https://www.y-history.net/appendix/appendix-list.html
大学受験世界史・重要300用語（三段階学習）,WH-000005,230,大学受験標準,民族・身分・社会集団,シュメール人,しゅめーるじん,,古代オリエント,西アジア,メソポタミア南部,前3500年頃〜前2000年頃,-3500,WH-000005-R01,reverse,内容,reverse,どのような集団？,**前4千年紀後半**からメソポタミア南部に都市国家を築き、神殿を中心とする灌漑農業社会を発達させた。,前4千年紀後半,,,世界史の窓：章節別用語リスト,https://www.y-history.net/appendix/appendix-list.html
大学受験世界史・重要300用語（三段階学習）,WH-000005,230,大学受験標準,民族・身分・社会集団,シュメール人,しゅめーるじん,,古代オリエント,西アジア,メソポタミア南部,前3500年頃〜前2000年頃,-3500,WH-000005-R02,reverse,結果・影響,reverse,歴史上どんな役割を果たした？,**楔形文字(くさびがたもじ)**、暦、法、神話などを生み、後のメソポタミア諸文明へ大きな影響を与えた。,楔形文字,,,世界史の窓：章節別用語リスト,https://www.y-history.net/appendix/appendix-list.html
大学受験世界史・重要300用語（三段階学習）,WH-000005,230,大学受験標準,民族・身分・社会集団,シュメール人,しゅめーるじん,,古代オリエント,西アジア,メソポタミア南部,前3500年頃〜前2000年頃,-3500,WH-000005-I01,integrated,統合説明,integrated,「シュメール人」について説明せよ。,**前4千年紀後半**からメソポタミア南部に都市国家を築き、神殿を中心とする灌漑農業社会を発達させた。 **楔形文字(くさびがたもじ)**、暦、法、神話などを生み、後のメソポタミア諸文明へ大きな影響を与えた。,前4千年紀後半|楔形文字,,,世界史の窓：章節別用語リスト,https://www.y-history.net/appendix/appendix-list.html
大学受験世界史・重要300用語（三段階学習）,WH-000006,231,大学受験標準,文化・技術・学問,楔形文字,くさびがたもじ,くさび形文字,古代オリエント,西アジア,メソポタミアを中心とする西アジア,前3200年頃以降,-3200,WH-000006-B01,beginner,用語の特定,identify,粘土板に葦の筆でくさび形の印を刻んだ古代西アジアの文字は？,楔形文字(くさびがたもじ),楔形文字,くさび形文字,,世界史の窓：章節別用語リスト,https://www.y-history.net/appendix/appendix-list.html
大学受験世界史・重要300用語（三段階学習）,WH-000006,231,大学受験標準,文化・技術・学問,楔形文字,くさびがたもじ,くさび形文字,古代オリエント,西アジア,メソポタミアを中心とする西アジア,前3200年頃以降,-3200,WH-000006-B02,beginner,時期,time,楔形文字(くさびがたもじ)が歴史上重要になるのはいつ頃？,前3200年頃以降,前3200年頃以降,,,世界史の窓：章節別用語リスト,https://www.y-history.net/appendix/appendix-list.html
大学受験世界史・重要300用語（三段階学習）,WH-000006,231,大学受験標準,文化・技術・学問,楔形文字,くさびがたもじ,くさび形文字,古代オリエント,西アジア,メソポタミアを中心とする西アジア,前3200年頃以降,-3200,WH-000006-B03,beginner,担い手,actor,楔形文字(くさびがたもじ)を最初に発達させた人々は？,シュメール人,シュメール人,,,世界史の窓：章節別用語リスト,https://www.y-history.net/appendix/appendix-list.html
大学受験世界史・重要300用語（三段階学習）,WH-000006,231,大学受験標準,文化・技術・学問,楔形文字,くさびがたもじ,くさび形文字,古代オリエント,西アジア,メソポタミアを中心とする西アジア,前3200年頃以降,-3200,WH-000006-R01,reverse,内容,reverse,どんな文化・技術・学問？,**前3200年頃**、**シュメール人**が粘土板に刻む文字として発達させ、後にアッカド語など多くの言語の表記に用いられた。,前3200年頃|シュメール人,,,世界史の窓：章節別用語リスト,https://www.y-history.net/appendix/appendix-list.html
大学受験世界史・重要300用語（三段階学習）,WH-000006,231,大学受験標準,文化・技術・学問,楔形文字,くさびがたもじ,くさび形文字,古代オリエント,西アジア,メソポタミアを中心とする西アジア,前3200年頃以降,-3200,WH-000006-R02,reverse,結果・影響,reverse,どのような影響を与えた？,行政記録、**ハンムラビ法典**、文学作品などを残し、古代西アジアの国家運営と知識伝達を支えた。,ハンムラビ法典,,,世界史の窓：章節別用語リスト,https://www.y-history.net/appendix/appendix-list.html
大学受験世界史・重要300用語（三段階学習）,WH-000006,231,大学受験標準,文化・技術・学問,楔形文字,くさびがたもじ,くさび形文字,古代オリエント,西アジア,メソポタミアを中心とする西アジア,前3200年頃以降,-3200,WH-000006-I01,integrated,統合説明,integrated,「楔形文字(くさびがたもじ)」について説明せよ。,**前3200年頃**、**シュメール人**が粘土板に刻む文字として発達させ、後にアッカド語など多くの言語の表記に用いられた。 行政記録、**ハンムラビ法典**、文学作品などを残し、古代西アジアの国家運営と知識伝達を支えた。,前3200年頃|シュメール人|ハンムラビ法典,,,世界史の窓：章節別用語リスト,https://www.y-history.net/appendix/appendix-list.html
大学受験世界史・重要300用語（三段階学習）,WH-000007,45,大学受験基礎,文化・技術・学問,エジプト文明,えじぷとぶんめい,,古代,北アフリカ,ナイル川流域,前4千年紀末以降,-3100,WH-000007-B01,beginner,用語の特定,identify,ナイル川の定期的な増水を利用して発達した古代文明は？,エジプト文明,エジプト文明,,,世界史の窓：エジプト文明,https://www.y-history.net/appendix/wh0101-030_1.html
大学受験世界史・重要300用語（三段階学習）,WH-000007,45,大学受験基礎,文化・技術・学問,エジプト文明,えじぷとぶんめい,,古代,北アフリカ,ナイル川流域,前4千年紀末以降,-3100,WH-000007-B02,beginner,政治,person,古代エジプトで神の化身とされた王を何という？,ファラオ,ファラオ,,,世界史の窓：エジプト文明,https://www.y-history.net/appendix/wh0101-030_1.html
大学受験世界史・重要300用語（三段階学習）,WH-000007,45,大学受験基礎,文化・技術・学問,エジプト文明,えじぷとぶんめい,,古代,北アフリカ,ナイル川流域,前4千年紀末以降,-3100,WH-000007-B03,beginner,文化,content,古代エジプトで神殿や墓の碑文に用いられた文字は？,神聖文字,神聖文字,ヒエログリフ|象形文字,,世界史の窓：エジプト文明,https://www.y-history.net/appendix/wh0101-030_1.html
大学受験世界史・重要300用語（三段階学習）,WH-000007,45,大学受験基礎,文化・技術・学問,エジプト文明,えじぷとぶんめい,,古代,北アフリカ,ナイル川流域,前4千年紀末以降,-3100,WH-000007-R01,reverse,複合説明,reverse,何が発達した？,**前4千年紀末以降**、**ナイル川**の増水を利用する灌漑農業を基盤に統一国家が成立し、**ファラオ**が神権的に支配した。**ピラミッド**、**神聖文字**、太陽暦や測量術などが発達した。,ナイル川|灌漑農業|ファラオ|ピラミッド|神聖文字|太陽暦,,,世界史の窓：エジプト文明,https://www.y-history.net/appendix/wh0101-030_1.html
大学受験世界史・重要300用語（三段階学習）,WH-000007,45,大学受験基礎,文化・技術・学問,エジプト文明,えじぷとぶんめい,,古代,北アフリカ,ナイル川流域,前4千年紀末以降,-3100,WH-000007-I01,integrated,統合説明,integrated,「エジプト文明」について説明せよ。,前4千年紀末以降、**ナイル川**流域で灌漑農業を基盤に発達した文明。**ファラオ**の神権政治のもとで**ピラミッド**や**神聖文字**が生まれ、太陽暦・測量術なども発達した。,ナイル川|灌漑農業|ファラオ|ピラミッド|神聖文字|太陽暦,,,世界史の窓：エジプト文明,https://www.y-history.net/appendix/wh0101-030_1.html
大学受験世界史・重要300用語（三段階学習）,WH-000008,46,大学受験基礎,文化・技術・学問,インダス文明,いんだすぶんめい,,古代,南アジア,インダス川流域,前2600年頃〜前1800年頃,-2600,WH-000008-B01,beginner,用語の特定,identify,前3千年紀、インダス川流域に計画都市を築いた文明は？,インダス文明,インダス文明,,,世界史の窓：インダス文明,https://www.y-history.net/appendix/wh0201-001.html
大学受験世界史・重要300用語（三段階学習）,WH-000008,46,大学受験基礎,文化・技術・学問,インダス文明,いんだすぶんめい,,古代,南アジア,インダス川流域,前2600年頃〜前1800年頃,-2600,WH-000008-B02,beginner,都市,place,インダス文明を代表する二つの都市遺跡は？,ハラッパーとモヘンジョ＝ダーロ,ハラッパー|モヘンジョ＝ダーロ,モヘンジョ＝ダーロとハラッパー|ハラッパー・モヘンジョ＝ダーロ,,世界史の窓：インダス文明,https://www.y-history.net/appendix/wh0201-001.html
大学受験世界史・重要300用語（三段階学習）,WH-000008,46,大学受験基礎,文化・技術・学問,インダス文明,いんだすぶんめい,,古代,南アジア,インダス川流域,前2600年頃〜前1800年頃,-2600,WH-000008-B03,beginner,文化,content,印章などに残るが、現在も十分に解読されていない文字は？,インダス文字,インダス文字,,,世界史の窓：インダス文明,https://www.y-history.net/appendix/wh0201-001.html
大学受験世界史・重要300用語（三段階学習）,WH-000008,46,大学受験基礎,文化・技術・学問,インダス文明,いんだすぶんめい,,古代,南アジア,インダス川流域,前2600年頃〜前1800年頃,-2600,WH-000008-R01,reverse,複合説明,reverse,どのような文明だった？,**前2600年頃以降**、**インダス川**流域に成立し、**ハラッパー**や**モヘンジョ＝ダーロ**では街路・排水設備を備えた計画都市が築かれた。遠隔地交易も行われたが、**インダス文字**は未解読で、政治の実態には不明点が多い。,インダス川|ハラッパー|モヘンジョ＝ダーロ|計画都市|排水設備|インダス文字,,,世界史の窓：インダス文明,https://www.y-history.net/appendix/wh0201-001.html
大学受験世界史・重要300用語（三段階学習）,WH-000008,46,大学受験基礎,文化・技術・学問,インダス文明,いんだすぶんめい,,古代,南アジア,インダス川流域,前2600年頃〜前1800年頃,-2600,WH-000008-I01,integrated,統合説明,integrated,「インダス文明」について説明せよ。,前2600年頃から**インダス川**流域で栄えた文明。**ハラッパー**・**モヘンジョ＝ダーロ**に整然とした街路と排水設備を備えた計画都市が築かれ、遠隔地交易も行われたが、**インダス文字**は未解読である。,インダス川|ハラッパー|モヘンジョ＝ダーロ|計画都市|排水設備|インダス文字,,,世界史の窓：インダス文明,https://www.y-history.net/appendix/wh0201-001.html
大学受験世界史・重要300用語（三段階学習）,WH-000009,232,大学受験標準,文化・技術・学問,エーゲ文明,えーげぶんめい,,古代ギリシア,ヨーロッパ・地中海,エーゲ海周辺,前2000〜前1200年頃,-2000,WH-000009-B01,beginner,用語の特定,identify,クレタ文明とミケーネ文明を中心とする、古代ギリシア以前の青銅器文明を何という？,エーゲ文明,エーゲ文明,,,世界史の窓：章節別用語リスト,https://www.y-history.net/appendix/appendix-list.html
大学受験世界史・重要300用語（三段階学習）,WH-000009,232,大学受験標準,文化・技術・学問,エーゲ文明,えーげぶんめい,,古代ギリシア,ヨーロッパ・地中海,エーゲ海周辺,前2000〜前1200年頃,-2000,WH-000009-B02,beginner,時期,time,エーゲ文明が歴史上重要になるのはいつ頃？,前2000〜前1200年頃,前2000〜前1200年頃,,,世界史の窓：章節別用語リスト,https://www.y-history.net/appendix/appendix-list.html
大学受験世界史・重要300用語（三段階学習）,WH-000009,232,大学受験標準,文化・技術・学問,エーゲ文明,えーげぶんめい,,古代ギリシア,ヨーロッパ・地中海,エーゲ海周辺,前2000〜前1200年頃,-2000,WH-000009-B03,beginner,構成,content,エーゲ文明のうちギリシア本土に栄えた文明は？,ミケーネ文明,ミケーネ文明,,,世界史の窓：章節別用語リスト,https://www.y-history.net/appendix/appendix-list.html
大学受験世界史・重要300用語（三段階学習）,WH-000009,232,大学受験標準,文化・技術・学問,エーゲ文明,えーげぶんめい,,古代ギリシア,ヨーロッパ・地中海,エーゲ海周辺,前2000〜前1200年頃,-2000,WH-000009-R01,reverse,内容,reverse,どんな文化・技術・学問？,エーゲ海周辺で、海洋的な**クレタ文明**と城塞的な**ミケーネ文明**を中心に発達した青銅器文明。,クレタ文明|ミケーネ文明,,,世界史の窓：章節別用語リスト,https://www.y-history.net/appendix/appendix-list.html
大学受験世界史・重要300用語（三段階学習）,WH-000009,232,大学受験標準,文化・技術・学問,エーゲ文明,えーげぶんめい,,古代ギリシア,ヨーロッパ・地中海,エーゲ海周辺,前2000〜前1200年頃,-2000,WH-000009-R02,reverse,結果・影響,reverse,どのような影響を与えた？,線文字や宮殿文化を残し、ミケーネ文明の崩壊後の混乱を経て**ポリス**社会の成立へつながった。,ポリス,,,世界史の窓：章節別用語リスト,https://www.y-history.net/appendix/appendix-list.html
大学受験世界史・重要300用語（三段階学習）,WH-000009,232,大学受験標準,文化・技術・学問,エーゲ文明,えーげぶんめい,,古代ギリシア,ヨーロッパ・地中海,エーゲ海周辺,前2000〜前1200年頃,-2000,WH-000009-I01,integrated,統合説明,integrated,「エーゲ文明」について説明せよ。,エーゲ海周辺で、海洋的な**クレタ文明**と城塞的な**ミケーネ文明**を中心に発達した青銅器文明。 線文字や宮殿文化を残し、ミケーネ文明の崩壊後の混乱を経て**ポリス**社会の成立へつながった。,クレタ文明|ミケーネ文明|ポリス,,,世界史の窓：章節別用語リスト,https://www.y-history.net/appendix/appendix-list.html
大学受験世界史・重要300用語（三段階学習）,WH-000010,233,大学受験標準,国家・王朝,古バビロニア王国,こばびろにあおうこく,バビロン第1王朝,古代オリエント,西アジア,メソポタミア中南部,前19〜前16世紀,-1894,WH-000010-B01,beginner,用語の特定,identify,アムル人がバビロンを都に建て、ハンムラビ王の時代にメソポタミアを統一した王国は？,古バビロニア王国,古バビロニア王国,バビロン第1王朝,,世界史の窓：章節別用語リスト,https://www.y-history.net/appendix/appendix-list.html
大学受験世界史・重要300用語（三段階学習）,WH-000010,233,大学受験標準,国家・王朝,古バビロニア王国,こばびろにあおうこく,バビロン第1王朝,古代オリエント,西アジア,メソポタミア中南部,前19〜前16世紀,-1894,WH-000010-B02,beginner,時期,time,古バビロニア王国が存在したのはいつ頃？,前19〜前16世紀,前19〜前16世紀,,,世界史の窓：章節別用語リスト,https://www.y-history.net/appendix/appendix-list.html
大学受験世界史・重要300用語（三段階学習）,WH-000010,233,大学受験標準,国家・王朝,古バビロニア王国,こばびろにあおうこく,バビロン第1王朝,古代オリエント,西アジア,メソポタミア中南部,前19〜前16世紀,-1894,WH-000010-B03,beginner,都,place,古バビロニア王国の都は？,バビロン,バビロン,,,世界史の窓：章節別用語リスト,https://www.y-history.net/appendix/appendix-list.html
大学受験世界史・重要300用語（三段階学習）,WH-000010,233,大学受験標準,国家・王朝,古バビロニア王国,こばびろにあおうこく,バビロン第1王朝,古代オリエント,西アジア,メソポタミア中南部,前19〜前16世紀,-1894,WH-000010-R01,reverse,内容,reverse,何をした？,**アムル人**がバビロンを中心に建て、**ハンムラビ王**の時代にメソポタミアを統一した王国。,アムル人|ハンムラビ王,,,世界史の窓：章節別用語リスト,https://www.y-history.net/appendix/appendix-list.html
大学受験世界史・重要300用語（三段階学習）,WH-000010,233,大学受験標準,国家・王朝,古バビロニア王国,こばびろにあおうこく,バビロン第1王朝,古代オリエント,西アジア,メソポタミア中南部,前19〜前16世紀,-1894,WH-000010-R02,reverse,結果・影響,reverse,どんな特徴をもち、何を残した？,法典と中央集権的支配を整え、**バビロニア**がメソポタミア政治・文化の中心となる基礎を作った。,バビロニア,,,世界史の窓：章節別用語リスト,https://www.y-history.net/appendix/appendix-list.html
大学受験世界史・重要300用語（三段階学習）,WH-000010,233,大学受験標準,国家・王朝,古バビロニア王国,こばびろにあおうこく,バビロン第1王朝,古代オリエント,西アジア,メソポタミア中南部,前19〜前16世紀,-1894,WH-000010-I01,integrated,統合説明,integrated,「古バビロニア王国」について説明せよ。,**アムル人**がバビロンを中心に建て、**ハンムラビ王**の時代にメソポタミアを統一した王国。 法典と中央集権的支配を整え、**バビロニア**がメソポタミア政治・文化の中心となる基礎を作った。,アムル人|ハンムラビ王|バビロニア,,,世界史の窓：章節別用語リスト,https://www.y-history.net/appendix/appendix-list.html
大学受験世界史・重要300用語（三段階学習）,WH-000011,234,大学受験標準,制度・政策・法律,ハンムラビ法典,はんむらびほうてん,,古代オリエント,西アジア,古バビロニア王国,前18世紀,-1750,WH-000011-B01,beginner,用語の特定,identify,古バビロニア王国の王が制定し、「目には目を」で知られる法典は？,ハンムラビ法典,ハンムラビ法典,,,世界史の窓：章節別用語リスト,https://www.y-history.net/appendix/appendix-list.html
大学受験世界史・重要300用語（三段階学習）,WH-000011,234,大学受験標準,制度・政策・法律,ハンムラビ法典,はんむらびほうてん,,古代オリエント,西アジア,古バビロニア王国,前18世紀,-1750,WH-000011-B02,beginner,時期,time,ハンムラビ法典が成立・実施されたのはいつ頃？,前18世紀,前18世紀,,,世界史の窓：章節別用語リスト,https://www.y-history.net/appendix/appendix-list.html
大学受験世界史・重要300用語（三段階学習）,WH-000011,234,大学受験標準,制度・政策・法律,ハンムラビ法典,はんむらびほうてん,,古代オリエント,西アジア,古バビロニア王国,前18世紀,-1750,WH-000011-B03,beginner,制定者,person,ハンムラビ法典を制定した王は？,ハンムラビ王,ハンムラビ王,,,世界史の窓：章節別用語リスト,https://www.y-history.net/appendix/appendix-list.html
大学受験世界史・重要300用語（三段階学習）,WH-000011,234,大学受験標準,制度・政策・法律,ハンムラビ法典,はんむらびほうてん,,古代オリエント,西アジア,古バビロニア王国,前18世紀,-1750,WH-000011-R01,reverse,内容,reverse,どんな制度・政策・法律？,**前18世紀**、古バビロニア王国の**ハンムラビ王**が、慣習法や判例を集成して石柱に刻ませた法典。,前18世紀|ハンムラビ王,,,世界史の窓：章節別用語リスト,https://www.y-history.net/appendix/appendix-list.html
大学受験世界史・重要300用語（三段階学習）,WH-000011,234,大学受験標準,制度・政策・法律,ハンムラビ法典,はんむらびほうてん,,古代オリエント,西アジア,古バビロニア王国,前18世紀,-1750,WH-000011-R02,reverse,結果・影響,reverse,どのような影響を与えた？,**ハンムラビ法典**は、身分によって刑罰が異なる一方、私人の復讐を国家の裁判へ置き換え、古代国家の法秩序を示す代表例となった。,ハンムラビ法典,,,世界史の窓：章節別用語リスト,https://www.y-history.net/appendix/appendix-list.html
大学受験世界史・重要300用語（三段階学習）,WH-000011,234,大学受験標準,制度・政策・法律,ハンムラビ法典,はんむらびほうてん,,古代オリエント,西アジア,古バビロニア王国,前18世紀,-1750,WH-000011-I01,integrated,統合説明,integrated,「ハンムラビ法典」について説明せよ。,**前18世紀**、古バビロニア王国の**ハンムラビ王**が、慣習法や判例を集成して石柱に刻ませた法典。 身分によって刑罰が異なる一方、私人の復讐を国家の裁判へ置き換え、古代国家の法秩序を示す代表例となった。,前18世紀|ハンムラビ王,,,世界史の窓：章節別用語リスト,https://www.y-history.net/appendix/appendix-list.html
大学受験世界史・重要300用語（三段階学習）,WH-000012,54,大学受験基礎,国家・王朝,殷,いん,商,古代,東アジア,黄河中下流域,前16世紀頃〜前11世紀頃,-1600,WH-000012-B01,beginner,用語の特定,identify,甲骨文字(こうこつもじ)や青銅器を残し、考古学的に実在が確認される中国最古の王朝は？,殷(いん),殷,商,,世界史の窓：殷,https://www.y-history.net/appendix/wh0203-015.html
大学受験世界史・重要300用語（三段階学習）,WH-000012,54,大学受験基礎,国家・王朝,殷,いん,商,古代,東アジア,黄河中下流域,前16世紀頃〜前11世紀頃,-1600,WH-000012-B02,beginner,文化,content,殷(いん)で占いの記録を亀甲や獣骨に刻んだ文字は？,甲骨文字(こうこつもじ),甲骨文字,,,世界史の窓：殷,https://www.y-history.net/appendix/wh0203-015.html
大学受験世界史・重要300用語（三段階学習）,WH-000012,54,大学受験基礎,国家・王朝,殷,いん,商,古代,東アジア,黄河中下流域,前16世紀頃〜前11世紀頃,-1600,WH-000012-B03,beginner,文化,content,殷(いん)の祭祀(さいし)や権力を象徴する精巧な金属器は？,青銅器,青銅器,,,世界史の窓：殷,https://www.y-history.net/appendix/wh0203-015.html
大学受験世界史・重要300用語（三段階学習）,WH-000012,54,大学受験基礎,国家・王朝,殷,いん,商,古代,東アジア,黄河中下流域,前16世紀頃〜前11世紀頃,-1600,WH-000012-R01,reverse,複合説明,reverse,何をした？,前16世紀頃から黄河(こうが)流域で栄え、王が祭祀(さいし)と軍事を掌握した。**甲骨文字(こうこつもじ)**による占いと記録、精巧な**青銅器**を特徴とし、都の遺跡として**殷墟(いんきょ)**が知られる。,甲骨文字|青銅器|殷墟|黄河,,,世界史の窓：殷,https://www.y-history.net/appendix/wh0203-015.html
大学受験世界史・重要300用語（三段階学習）,WH-000012,54,大学受験基礎,国家・王朝,殷,いん,商,古代,東アジア,黄河中下流域,前16世紀頃〜前11世紀頃,-1600,WH-000012-I01,integrated,統合説明,integrated,「殷(いん)」について説明せよ。,前16世紀頃から黄河(こうが)流域で栄えた、中国で実在が確認される最古の王朝。王が祭祀(さいし)と軍事を掌握し、**甲骨文字(こうこつもじ)**と精巧な**青銅器**を残し、都の跡として**殷墟(いんきょ)**が知られる。,黄河|甲骨文字|青銅器|殷墟,,,世界史の窓：殷,https://www.y-history.net/appendix/wh0203-015.html
大学受験世界史・重要300用語（三段階学習）,WH-000013,235,大学受験標準,民族・身分・社会集団,アーリヤ人,あーりやじん,,古代インド,南アジア,中央アジアからインド北西部,前1500年頃以降,-1500,WH-000013-B01,beginner,用語の特定,identify,前1500年頃からインド北西部へ移住し、ヴェーダ文化を築いたインド＝ヨーロッパ語系の人々は？,アーリヤ人,アーリヤ人,,,世界史の窓：章節別用語リスト,https://www.y-history.net/appendix/appendix-list.html
大学受験世界史・重要300用語（三段階学習）,WH-000013,235,大学受験標準,民族・身分・社会集団,アーリヤ人,あーりやじん,,古代インド,南アジア,中央アジアからインド北西部,前1500年頃以降,-1500,WH-000013-B02,beginner,時期,time,アーリヤ人が歴史上重要になるのはいつ頃？,前1500年頃以降,前1500年頃以降,,,世界史の窓：章節別用語リスト,https://www.y-history.net/appendix/appendix-list.html
大学受験世界史・重要300用語（三段階学習）,WH-000013,235,大学受験標準,民族・身分・社会集団,アーリヤ人,あーりやじん,,古代インド,南アジア,中央アジアからインド北西部,前1500年頃以降,-1500,WH-000013-B03,beginner,地域,place,アーリヤ人が最初に進出したインドの地域は？,インド北西部,インド北西部,,,世界史の窓：章節別用語リスト,https://www.y-history.net/appendix/appendix-list.html
大学受験世界史・重要300用語（三段階学習）,WH-000013,235,大学受験標準,民族・身分・社会集団,アーリヤ人,あーりやじん,,古代インド,南アジア,中央アジアからインド北西部,前1500年頃以降,-1500,WH-000013-R01,reverse,内容,reverse,どのような集団？,**前1500年頃**から中央アジア方面よりインド北西部へ移住し、牧畜を基礎に先住民を支配しながら定住した。,前1500年頃,,,世界史の窓：章節別用語リスト,https://www.y-history.net/appendix/appendix-list.html
大学受験世界史・重要300用語（三段階学習）,WH-000013,235,大学受験標準,民族・身分・社会集団,アーリヤ人,あーりやじん,,古代インド,南アジア,中央アジアからインド北西部,前1500年頃以降,-1500,WH-000013-R02,reverse,結果・影響,reverse,歴史上どんな役割を果たした？,**ヴェーダ**と祭式文化を発達させ、**バラモン教**やヴァルナ制など古代インド社会の基礎を作った。,ヴェーダ|バラモン教,,,世界史の窓：章節別用語リスト,https://www.y-history.net/appendix/appendix-list.html
大学受験世界史・重要300用語（三段階学習）,WH-000013,235,大学受験標準,民族・身分・社会集団,アーリヤ人,あーりやじん,,古代インド,南アジア,中央アジアからインド北西部,前1500年頃以降,-1500,WH-000013-I01,integrated,統合説明,integrated,「アーリヤ人」について説明せよ。,**前1500年頃**から中央アジア方面よりインド北西部へ移住し、牧畜を基礎に先住民を支配しながら定住した。 **ヴェーダ**と祭式文化を発達させ、**バラモン教**やヴァルナ制など古代インド社会の基礎を作った。,前1500年頃|ヴェーダ|バラモン教,,,世界史の窓：章節別用語リスト,https://www.y-history.net/appendix/appendix-list.html
大学受験世界史・重要300用語（三段階学習）,WH-000014,236,大学受験標準,文化・技術・学問,甲骨文字,こうこつもじ,,古代中国,東アジア,黄河流域・殷の都邑,前13〜前11世紀,-1300,WH-000014-B01,beginner,用語の特定,identify,殷(いん)王が亀甲や獣骨に占いの内容を刻んだ文字は？,甲骨文字(こうこつもじ),甲骨文字,,,世界史の窓：章節別用語リスト,https://www.y-history.net/appendix/appendix-list.html
大学受験世界史・重要300用語（三段階学習）,WH-000014,236,大学受験標準,文化・技術・学問,甲骨文字,こうこつもじ,,古代中国,東アジア,黄河流域・殷の都邑,前13〜前11世紀,-1300,WH-000014-B02,beginner,時期,time,甲骨文字(こうこつもじ)が歴史上重要になるのはいつ頃？,前13〜前11世紀,前13〜前11世紀,,,世界史の窓：章節別用語リスト,https://www.y-history.net/appendix/appendix-list.html
大学受験世界史・重要300用語（三段階学習）,WH-000014,236,大学受験標準,文化・技術・学問,甲骨文字,こうこつもじ,,古代中国,東アジア,黄河流域・殷の都邑,前13〜前11世紀,-1300,WH-000014-B03,beginner,王朝,relation,甲骨文字(こうこつもじ)が使われた王朝は？,殷(いん),殷,,,世界史の窓：章節別用語リスト,https://www.y-history.net/appendix/appendix-list.html
大学受験世界史・重要300用語（三段階学習）,WH-000014,236,大学受験標準,文化・技術・学問,甲骨文字,こうこつもじ,,古代中国,東アジア,黄河流域・殷の都邑,前13〜前11世紀,-1300,WH-000014-R01,reverse,内容,reverse,どんな文化・技術・学問？,**殷(いん)**の王室が、亀甲や獣骨を焼いて吉凶を占い、その質問と結果を刻んだ文字。,殷,,,世界史の窓：章節別用語リスト,https://www.y-history.net/appendix/appendix-list.html
大学受験世界史・重要300用語（三段階学習）,WH-000014,236,大学受験標準,文化・技術・学問,甲骨文字,こうこつもじ,,古代中国,東アジア,黄河流域・殷の都邑,前13〜前11世紀,-1300,WH-000014-R02,reverse,結果・影響,reverse,どのような影響を与えた？,現在の**漢字**へつながる最古級の体系的文字資料で、殷(いん)の政治・祭祀(さいし)・社会を知る重要史料となった。,漢字,,,世界史の窓：章節別用語リスト,https://www.y-history.net/appendix/appendix-list.html
大学受験世界史・重要300用語（三段階学習）,WH-000014,236,大学受験標準,文化・技術・学問,甲骨文字,こうこつもじ,,古代中国,東アジア,黄河流域・殷の都邑,前13〜前11世紀,-1300,WH-000014-I01,integrated,統合説明,integrated,「甲骨文字(こうこつもじ)」について説明せよ。,**殷(いん)**の王室が、亀甲や獣骨を焼いて吉凶を占い、その質問と結果を刻んだ文字。 現在の**漢字**へつながる最古級の体系的文字資料で、殷(いん)の政治・祭祀(さいし)・社会を知る重要史料となった。,殷|漢字,,,世界史の窓：章節別用語リスト,https://www.y-history.net/appendix/appendix-list.html
大学受験世界史・重要300用語（三段階学習）,WH-000015,237,大学受験標準,文書・作品,ヴェーダ,ゔぇーだ,,古代インド,南アジア,インド北部,前1500〜前500年頃,-1200,WH-000015-B01,beginner,用語の特定,identify,アーリヤ人の神々への賛歌や祭式を収め、バラモン教の聖典となった文献群は？,ヴェーダ,ヴェーダ,,,世界史の窓：章節別用語リスト,https://www.y-history.net/appendix/appendix-list.html
大学受験世界史・重要300用語（三段階学習）,WH-000015,237,大学受験標準,文書・作品,ヴェーダ,ゔぇーだ,,古代インド,南アジア,インド北部,前1500〜前500年頃,-1200,WH-000015-B02,beginner,時期,time,ヴェーダが作られた、または発表されたのはいつ頃？,前1500〜前500年頃,前1500〜前500年頃,,,世界史の窓：章節別用語リスト,https://www.y-history.net/appendix/appendix-list.html
大学受験世界史・重要300用語（三段階学習）,WH-000015,237,大学受験標準,文書・作品,ヴェーダ,ゔぇーだ,,古代インド,南アジア,インド北部,前1500〜前500年頃,-1200,WH-000015-B03,beginner,作品,content,ヴェーダのうち最古の賛歌集は？,リグ＝ヴェーダ,リグ＝ヴェーダ,,,世界史の窓：章節別用語リスト,https://www.y-history.net/appendix/appendix-list.html
大学受験世界史・重要300用語（三段階学習）,WH-000015,237,大学受験標準,文書・作品,ヴェーダ,ゔぇーだ,,古代インド,南アジア,インド北部,前1500〜前500年頃,-1200,WH-000015-R01,reverse,内容,reverse,何が書かれ、何を示した？,**アーリヤ人**が伝えた神々への賛歌・祭詞・呪文などの文献群で、最古のものは**リグ＝ヴェーダ**。,アーリヤ人|リグ＝ヴェーダ,,,世界史の窓：章節別用語リスト,https://www.y-history.net/appendix/appendix-list.html
大学受験世界史・重要300用語（三段階学習）,WH-000015,237,大学受験標準,文書・作品,ヴェーダ,ゔぇーだ,,古代インド,南アジア,インド北部,前1500〜前500年頃,-1200,WH-000015-R02,reverse,結果・影響,reverse,どのような影響を与えた？,祭式を独占する**バラモン**の権威を支え、バラモン教からヒンドゥー教へ続く思想文化の基礎となった。,バラモン,,,世界史の窓：章節別用語リスト,https://www.y-history.net/appendix/appendix-list.html
大学受験世界史・重要300用語（三段階学習）,WH-000015,237,大学受験標準,文書・作品,ヴェーダ,ゔぇーだ,,古代インド,南アジア,インド北部,前1500〜前500年頃,-1200,WH-000015-I01,integrated,統合説明,integrated,「ヴェーダ」について説明せよ。,**アーリヤ人**が伝えた神々への賛歌・祭詞・呪文などの文献群で、最古のものは**リグ＝ヴェーダ**。 祭式を独占する**バラモン**の権威を支え、バラモン教からヒンドゥー教へ続く思想文化の基礎となった。,アーリヤ人|リグ＝ヴェーダ|バラモン,,,世界史の窓：章節別用語リスト,https://www.y-history.net/appendix/appendix-list.html
大学受験世界史・重要300用語（三段階学習）,WH-000016,238,大学受験標準,民族・身分・社会集団,ヘブライ人,へぶらいじん,イスラエル人,古代オリエント,西アジア,パレスチナ,前13世紀頃以降,-1200,WH-000016-B01,beginner,用語の特定,identify,パレスチナにイスラエル・ユダ両王国を築き、ユダヤ教を形成した人々は？,ヘブライ人,ヘブライ人,イスラエル人,,世界史の窓：章節別用語リスト,https://www.y-history.net/appendix/appendix-list.html
大学受験世界史・重要300用語（三段階学習）,WH-000016,238,大学受験標準,民族・身分・社会集団,ヘブライ人,へぶらいじん,イスラエル人,古代オリエント,西アジア,パレスチナ,前13世紀頃以降,-1200,WH-000016-B02,beginner,時期,time,ヘブライ人が歴史上重要になるのはいつ頃？,前13世紀頃以降,前13世紀頃以降,,,世界史の窓：章節別用語リスト,https://www.y-history.net/appendix/appendix-list.html
大学受験世界史・重要300用語（三段階学習）,WH-000016,238,大学受験標準,民族・身分・社会集団,ヘブライ人,へぶらいじん,イスラエル人,古代オリエント,西アジア,パレスチナ,前13世紀頃以降,-1200,WH-000016-B03,beginner,国家,relation,ヘブライ人の統一王国が分裂してできた二王国は？,イスラエル王国とユダ王国,イスラエル王国とユダ王国,,,世界史の窓：章節別用語リスト,https://www.y-history.net/appendix/appendix-list.html
大学受験世界史・重要300用語（三段階学習）,WH-000016,238,大学受験標準,民族・身分・社会集団,ヘブライ人,へぶらいじん,イスラエル人,古代オリエント,西アジア,パレスチナ,前13世紀頃以降,-1200,WH-000016-R01,reverse,内容,reverse,どのような集団？,**前13世紀頃**からパレスチナへ定住し、ダヴィデ・ソロモンの時代に統一王国を築いた人々。,前13世紀頃,,,世界史の窓：章節別用語リスト,https://www.y-history.net/appendix/appendix-list.html
大学受験世界史・重要300用語（三段階学習）,WH-000016,238,大学受験標準,民族・身分・社会集団,ヘブライ人,へぶらいじん,イスラエル人,古代オリエント,西アジア,パレスチナ,前13世紀頃以降,-1200,WH-000016-R02,reverse,結果・影響,reverse,歴史上どんな役割を果たした？,王国分裂と捕囚の経験を通じて唯一神への信仰を深め、**ユダヤ教**を形成した。,ユダヤ教,,,世界史の窓：章節別用語リスト,https://www.y-history.net/appendix/appendix-list.html
大学受験世界史・重要300用語（三段階学習）,WH-000016,238,大学受験標準,民族・身分・社会集団,ヘブライ人,へぶらいじん,イスラエル人,古代オリエント,西アジア,パレスチナ,前13世紀頃以降,-1200,WH-000016-I01,integrated,統合説明,integrated,「ヘブライ人」について説明せよ。,**前13世紀頃**からパレスチナへ定住し、ダヴィデ・ソロモンの時代に統一王国を築いた人々。 王国分裂と捕囚の経験を通じて唯一神への信仰を深め、**ユダヤ教**を形成した。,前13世紀頃|ユダヤ教,,,世界史の窓：章節別用語リスト,https://www.y-history.net/appendix/appendix-list.html
大学受験世界史・重要300用語（三段階学習）,WH-000017,239,大学受験標準,民族・身分・社会集団,フェニキア人,ふぇにきあじん,,古代オリエント,西アジア・地中海,東地中海沿岸から地中海各地,前12〜前8世紀頃,-1100,WH-000017-B01,beginner,用語の特定,identify,東地中海沿岸を拠点に海上交易を行い、アルファベットの原型を広めた人々は？,フェニキア人,フェニキア人,,,世界史の窓：章節別用語リスト,https://www.y-history.net/appendix/appendix-list.html
大学受験世界史・重要300用語（三段階学習）,WH-000017,239,大学受験標準,民族・身分・社会集団,フェニキア人,ふぇにきあじん,,古代オリエント,西アジア・地中海,東地中海沿岸から地中海各地,前12〜前8世紀頃,-1100,WH-000017-B02,beginner,時期,time,フェニキア人が歴史上重要になるのはいつ頃？,前12〜前8世紀頃,前12〜前8世紀頃,,,世界史の窓：章節別用語リスト,https://www.y-history.net/appendix/appendix-list.html
大学受験世界史・重要300用語（三段階学習）,WH-000017,239,大学受験標準,民族・身分・社会集団,フェニキア人,ふぇにきあじん,,古代オリエント,西アジア・地中海,東地中海沿岸から地中海各地,前12〜前8世紀頃,-1100,WH-000017-B03,beginner,植民市,place,フェニキア人が北アフリカに建設した有力植民市は？,カルタゴ,カルタゴ,,,世界史の窓：章節別用語リスト,https://www.y-history.net/appendix/appendix-list.html
大学受験世界史・重要300用語（三段階学習）,WH-000017,239,大学受験標準,民族・身分・社会集団,フェニキア人,ふぇにきあじん,,古代オリエント,西アジア・地中海,東地中海沿岸から地中海各地,前12〜前8世紀頃,-1100,WH-000017-R01,reverse,内容,reverse,どのような集団？,東地中海沿岸の都市国家を拠点に、**前12世紀頃**から地中海交易と植民活動を展開したセム語系の人々。,前12世紀頃,,,世界史の窓：章節別用語リスト,https://www.y-history.net/appendix/appendix-list.html
大学受験世界史・重要300用語（三段階学習）,WH-000017,239,大学受験標準,民族・身分・社会集団,フェニキア人,ふぇにきあじん,,古代オリエント,西アジア・地中海,東地中海沿岸から地中海各地,前12〜前8世紀頃,-1100,WH-000017-R02,reverse,結果・影響,reverse,歴史上どんな役割を果たした？,簡略な表音文字である**フェニキア文字**を広め、ギリシア文字・ラテン文字などアルファベットの発達へ影響した。,フェニキア文字,,,世界史の窓：章節別用語リスト,https://www.y-history.net/appendix/appendix-list.html
大学受験世界史・重要300用語（三段階学習）,WH-000017,239,大学受験標準,民族・身分・社会集団,フェニキア人,ふぇにきあじん,,古代オリエント,西アジア・地中海,東地中海沿岸から地中海各地,前12〜前8世紀頃,-1100,WH-000017-I01,integrated,統合説明,integrated,「フェニキア人」について説明せよ。,東地中海沿岸の都市国家を拠点に、**前12世紀頃**から地中海交易と植民活動を展開したセム語系の人々。 簡略な表音文字である**フェニキア文字**を広め、ギリシア文字・ラテン文字などアルファベットの発達へ影響した。,前12世紀頃|フェニキア文字,,,世界史の窓：章節別用語リスト,https://www.y-history.net/appendix/appendix-list.html
大学受験世界史・重要300用語（三段階学習）,WH-000018,55,大学受験基礎,国家・王朝,周,しゅう,,古代,東アジア,黄河流域を中心とする中国,前11世紀頃〜前256年,-1046,WH-000018-B01,beginner,用語の特定,identify,殷(いん)を倒し、諸侯(しょこう)を各地に配置して中国を支配した王朝は？,周(しゅう),周,,,世界史の窓：周,https://www.y-history.net/appendix/wh0203-020.html
大学受験世界史・重要300用語（三段階学習）,WH-000018,55,大学受験基礎,国家・王朝,周,しゅう,,古代,東アジア,黄河流域を中心とする中国,前11世紀頃〜前256年,-1046,WH-000018-B02,beginner,制度,content,周が王族・功臣を諸侯(しょこう)として土地に封じた支配制度は？,封建制,封建制,,,世界史の窓：周,https://www.y-history.net/appendix/wh0203-020.html
大学受験世界史・重要300用語（三段階学習）,WH-000018,55,大学受験基礎,国家・王朝,周,しゅう,,古代,東アジア,黄河流域を中心とする中国,前11世紀頃〜前256年,-1046,WH-000018-B03,beginner,思想,content,徳を失った王朝は天に見放されるとして王朝交代を正当化した考えは？,天命思想,天命思想,天命,,世界史の窓：周,https://www.y-history.net/appendix/wh0203-020.html
大学受験世界史・重要300用語（三段階学習）,WH-000018,55,大学受験基礎,国家・王朝,周,しゅう,,古代,東アジア,黄河流域を中心とする中国,前11世紀頃〜前256年,-1046,WH-000018-R01,reverse,複合説明,reverse,何をした？,**前11世紀頃**に殷(いん)を倒し、王が親族や功臣を**諸侯(しょこう)**として各地に封じる**封建制**を築いた。王朝支配を**天命思想**で正当化したが、王権の弱体化後は春秋・戦国時代(しゅんじゅう・せんごくじだい)へ移った。,諸侯|封建制|天命思想|春秋・戦国時代,,,世界史の窓：周,https://www.y-history.net/appendix/wh0203-020.html
大学受験世界史・重要300用語（三段階学習）,WH-000018,55,大学受験基礎,国家・王朝,周,しゅう,,古代,東アジア,黄河流域を中心とする中国,前11世紀頃〜前256年,-1046,WH-000018-I01,integrated,統合説明,integrated,「周」について説明せよ。,前11世紀頃に殷(いん)を倒して成立し、親族・功臣を**諸侯(しょこう)**として各地に封じる**封建制**で支配した王朝。支配を**天命思想**で正当化したが、王権が弱まり春秋・戦国時代(しゅんじゅう・せんごくじだい)へ移行した。,諸侯|封建制|天命思想|春秋・戦国時代,,,世界史の窓：周,https://www.y-history.net/appendix/wh0203-020.html
大学受験世界史・重要300用語（三段階学習）,WH-000019,240,大学受験標準,宗教・宗派,バラモン教,ばらもんきょう,,古代インド,南アジア,インド北部,前1000年頃以降,-1000,WH-000019-B01,beginner,用語の特定,identify,ヴェーダを聖典とし、バラモンによる祭式を重視した古代インドの宗教は？,バラモン教,バラモン教,,,世界史の窓：章節別用語リスト,https://www.y-history.net/appendix/appendix-list.html
大学受験世界史・重要300用語（三段階学習）,WH-000019,240,大学受験標準,宗教・宗派,バラモン教,ばらもんきょう,,古代インド,南アジア,インド北部,前1000年頃以降,-1000,WH-000019-B02,beginner,時期,time,バラモン教が成立・発展したのはいつ頃？,前1000年頃以降,前1000年頃以降,,,世界史の窓：章節別用語リスト,https://www.y-history.net/appendix/appendix-list.html
大学受験世界史・重要300用語（三段階学習）,WH-000019,240,大学受験標準,宗教・宗派,バラモン教,ばらもんきょう,,古代インド,南アジア,インド北部,前1000年頃以降,-1000,WH-000019-B03,beginner,身分,actor,バラモン教で祭式を担った最高身分は？,バラモン,バラモン,,,世界史の窓：章節別用語リスト,https://www.y-history.net/appendix/appendix-list.html
大学受験世界史・重要300用語（三段階学習）,WH-000019,240,大学受験標準,宗教・宗派,バラモン教,ばらもんきょう,,古代インド,南アジア,インド北部,前1000年頃以降,-1000,WH-000019-R01,reverse,内容,reverse,どんな宗教・宗派？,**ヴェーダ**を聖典とし、司祭身分の**バラモン**が複雑な祭式を行うことで宇宙と社会の秩序を保つとした宗教。,ヴェーダ|バラモン,,,世界史の窓：章節別用語リスト,https://www.y-history.net/appendix/appendix-list.html
大学受験世界史・重要300用語（三段階学習）,WH-000019,240,大学受験標準,宗教・宗派,バラモン教,ばらもんきょう,,古代インド,南アジア,インド北部,前1000年頃以降,-1000,WH-000019-R02,reverse,結果・影響,reverse,どのように広がり、何へ影響した？,ヴァルナ制を正当化したが、祭式主義への批判から**仏教**・ジャイナ教が生まれ、後にヒンドゥー教へ再編された。,仏教,,,世界史の窓：章節別用語リスト,https://www.y-history.net/appendix/appendix-list.html
大学受験世界史・重要300用語（三段階学習）,WH-000019,240,大学受験標準,宗教・宗派,バラモン教,ばらもんきょう,,古代インド,南アジア,インド北部,前1000年頃以降,-1000,WH-000019-I01,integrated,統合説明,integrated,「バラモン教」について説明せよ。,**ヴェーダ**を聖典とし、司祭身分の**バラモン**が複雑な祭式を行うことで宇宙と社会の秩序を保つとした宗教。 ヴァルナ制を正当化したが、祭式主義への批判から**仏教**・ジャイナ教が生まれ、後にヒンドゥー教へ再編された。,ヴェーダ|バラモン|仏教,,,世界史の窓：章節別用語リスト,https://www.y-history.net/appendix/appendix-list.html
大学受験世界史・重要300用語（三段階学習）,WH-000020,241,大学受験標準,制度・政策・法律,カースト制度,かーすとせいど,,古代インド以降,南アジア,インド社会,古代インド以降,-1000,WH-000020-B01,beginner,用語の特定,identify,インドで職業・婚姻・生活慣習を世襲的に規制した身分秩序を何という？,カースト制度,カースト制度,,,世界史の窓：章節別用語リスト,https://www.y-history.net/appendix/appendix-list.html
大学受験世界史・重要300用語（三段階学習）,WH-000020,241,大学受験標準,制度・政策・法律,カースト制度,かーすとせいど,,古代インド以降,南アジア,インド社会,古代インド以降,-1000,WH-000020-B02,beginner,時期,time,カースト制度が成立・実施されたのはいつ頃？,古代インド以降,古代インド以降,,,世界史の窓：章節別用語リスト,https://www.y-history.net/appendix/appendix-list.html
大学受験世界史・重要300用語（三段階学習）,WH-000020,241,大学受験標準,制度・政策・法律,カースト制度,かーすとせいど,,古代インド以降,南アジア,インド社会,古代インド以降,-1000,WH-000020-B03,beginner,構成,content,四つの大きな身分区分を何という？,ヴァルナ,ヴァルナ,,,世界史の窓：章節別用語リスト,https://www.y-history.net/appendix/appendix-list.html
大学受験世界史・重要300用語（三段階学習）,WH-000020,241,大学受験標準,制度・政策・法律,カースト制度,かーすとせいど,,古代インド以降,南アジア,インド社会,古代インド以降,-1000,WH-000020-R01,reverse,内容,reverse,どんな制度・政策・法律？,インド社会で、四大身分の**ヴァルナ**と多数の職業的・地域的集団である**ジャーティ**が結びついた世襲的身分秩序。,ヴァルナ|ジャーティ,,,世界史の窓：章節別用語リスト,https://www.y-history.net/appendix/appendix-list.html
大学受験世界史・重要300用語（三段階学習）,WH-000020,241,大学受験標準,制度・政策・法律,カースト制度,かーすとせいど,,古代インド以降,南アジア,インド社会,古代インド以降,-1000,WH-000020-R02,reverse,結果・影響,reverse,どのような影響を与えた？,**カースト制度**は、宗教的な浄・不浄観念と結びつき、職業・婚姻・食事などを長期にわたり規制して社会構造へ強い影響を与えた。,カースト制度,,,世界史の窓：章節別用語リスト,https://www.y-history.net/appendix/appendix-list.html
大学受験世界史・重要300用語（三段階学習）,WH-000020,241,大学受験標準,制度・政策・法律,カースト制度,かーすとせいど,,古代インド以降,南アジア,インド社会,古代インド以降,-1000,WH-000020-I01,integrated,統合説明,integrated,「カースト制度」について説明せよ。,インド社会で、四大身分の**ヴァルナ**と多数の職業的・地域的集団である**ジャーティ**が結びついた世襲的身分秩序。 宗教的な浄・不浄観念と結びつき、職業・婚姻・食事などを長期にわたり規制して社会構造へ強い影響を与えた。,ヴァルナ|ジャーティ,,,世界史の窓：章節別用語リスト,https://www.y-history.net/appendix/appendix-list.html
大学受験世界史・重要300用語（三段階学習）,WH-000021,242,大学受験標準,国家・王朝,アッシリア,あっしりあ,,古代オリエント,西アジア,北メソポタミアから西アジア・エジプト,前9〜前7世紀,-900,WH-000021-B01,beginner,用語の特定,identify,鉄製武器と騎兵を用いて前7世紀にオリエント世界を初めて統一した国は？,アッシリア,アッシリア,,,世界史の窓：章節別用語リスト,https://www.y-history.net/appendix/appendix-list.html
大学受験世界史・重要300用語（三段階学習）,WH-000021,242,大学受験標準,国家・王朝,アッシリア,あっしりあ,,古代オリエント,西アジア,北メソポタミアから西アジア・エジプト,前9〜前7世紀,-900,WH-000021-B02,beginner,時期,time,アッシリアが存在したのはいつ頃？,前9〜前7世紀,前9〜前7世紀,,,世界史の窓：章節別用語リスト,https://www.y-history.net/appendix/appendix-list.html
大学受験世界史・重要300用語（三段階学習）,WH-000021,242,大学受験標準,国家・王朝,アッシリア,あっしりあ,,古代オリエント,西アジア,北メソポタミアから西アジア・エジプト,前9〜前7世紀,-900,WH-000021-B03,beginner,都,place,アッシリア帝国後期の都は？,ニネヴェ,ニネヴェ,,,世界史の窓：章節別用語リスト,https://www.y-history.net/appendix/appendix-list.html
大学受験世界史・重要300用語（三段階学習）,WH-000021,242,大学受験標準,国家・王朝,アッシリア,あっしりあ,,古代オリエント,西アジア,北メソポタミアから西アジア・エジプト,前9〜前7世紀,-900,WH-000021-R01,reverse,内容,reverse,何をした？,北メソポタミアを拠点に、**鉄製武器**・騎兵・戦車と組織的軍制によって前7世紀に西アジアからエジプトまで支配した。,鉄製武器,,,世界史の窓：章節別用語リスト,https://www.y-history.net/appendix/appendix-list.html
大学受験世界史・重要300用語（三段階学習）,WH-000021,242,大学受験標準,国家・王朝,アッシリア,あっしりあ,,古代オリエント,西アジア,北メソポタミアから西アジア・エジプト,前9〜前7世紀,-900,WH-000021-R02,reverse,結果・影響,reverse,どんな特徴をもち、何を残した？,**アッシリア**は、州制と駅伝制を整えた一方、過酷な支配で反乱を招き、滅亡後は新バビロニア・メディアなどに分裂した。,アッシリア,,,世界史の窓：章節別用語リスト,https://www.y-history.net/appendix/appendix-list.html
大学受験世界史・重要300用語（三段階学習）,WH-000021,242,大学受験標準,国家・王朝,アッシリア,あっしりあ,,古代オリエント,西アジア,北メソポタミアから西アジア・エジプト,前9〜前7世紀,-900,WH-000021-I01,integrated,統合説明,integrated,「アッシリア」について説明せよ。,北メソポタミアを拠点に、**鉄製武器**・騎兵・戦車と組織的軍制によって前7世紀に西アジアからエジプトまで支配した。 州制と駅伝制を整えた一方、過酷な支配で反乱を招き、滅亡後は新バビロニア・メディアなどに分裂した。,鉄製武器,,,世界史の窓：章節別用語リスト,https://www.y-history.net/appendix/appendix-list.html
大学受験世界史・重要300用語（三段階学習）,WH-000022,47,大学受験基礎,国家・王朝,ポリス,ぽりす,都市国家,古代,ヨーロッパ,古代ギリシア・エーゲ海世界,前8世紀頃〜前4世紀,-800,WH-000022-B01,beginner,用語の特定,identify,古代ギリシアで、市民が共同体を作って自治した都市国家を何という？,ポリス,ポリス,都市国家,,世界史の窓：ポリス,https://www.y-history.net/appendix/wh0102-021.html
大学受験世界史・重要300用語（三段階学習）,WH-000022,47,大学受験基礎,国家・王朝,ポリス,ぽりす,都市国家,古代,ヨーロッパ,古代ギリシア・エーゲ海世界,前8世紀頃〜前4世紀,-800,WH-000022-B02,beginner,都市構造,place,ポリスで神殿などが置かれた丘を何という？,アクロポリス,アクロポリス,,,世界史の窓：ポリス,https://www.y-history.net/appendix/wh0102-021.html
大学受験世界史・重要300用語（三段階学習）,WH-000022,47,大学受験基礎,国家・王朝,ポリス,ぽりす,都市国家,古代,ヨーロッパ,古代ギリシア・エーゲ海世界,前8世紀頃〜前4世紀,-800,WH-000022-B03,beginner,都市構造,place,ポリスの集会や市場の中心となった広場を何という？,アゴラ,アゴラ,,,世界史の窓：ポリス,https://www.y-history.net/appendix/wh0102-021.html
大学受験世界史・重要300用語（三段階学習）,WH-000022,47,大学受験基礎,国家・王朝,ポリス,ぽりす,都市国家,古代,ヨーロッパ,古代ギリシア・エーゲ海世界,前8世紀頃〜前4世紀,-800,WH-000022-R01,reverse,複合説明,reverse,どのような共同体だった？,**前8世紀頃以降**の古代ギリシアで成立した独立性の強い**都市国家**で、**市民**が軍事と政治に参加した。中心部には**アクロポリス**と**アゴラ**があったが、女性・奴隷・在留外人は市民権から除かれた。,都市国家|市民|アクロポリス|アゴラ|奴隷,,,世界史の窓：ポリス,https://www.y-history.net/appendix/wh0102-021.html
大学受験世界史・重要300用語（三段階学習）,WH-000022,47,大学受験基礎,国家・王朝,ポリス,ぽりす,都市国家,古代,ヨーロッパ,古代ギリシア・エーゲ海世界,前8世紀頃〜前4世紀,-800,WH-000022-I01,integrated,統合説明,integrated,「ポリス」について説明せよ。,前8世紀頃から古代ギリシア各地に成立した独立的な**都市国家**。**市民**が軍事・政治に参加し、都市の中心には**アクロポリス**と**アゴラ**があったが、女性・奴隷・在留外人には市民権がなかった。,都市国家|市民|アクロポリス|アゴラ|奴隷,,,世界史の窓：ポリス,https://www.y-history.net/appendix/wh0102-021.html
大学受験世界史・重要300用語（三段階学習）,WH-000023,56,大学受験基礎,時代・歴史区分,春秋・戦国時代,しゅんじゅうせんごくじだい,,古代中国,東アジア,黄河・長江流域,前770〜前221年,-770,WH-000023-B01,beginner,用語の特定,identify,周王の権威が弱まり、諸侯(しょこう)が覇権や統一を争った中国の時代は？,春秋・戦国時代(しゅんじゅう・せんごくじだい),春秋・戦国時代,,,世界史の窓：章節別用語リスト,https://www.y-history.net/appendix/appendix-list.html
大学受験世界史・重要300用語（三段階学習）,WH-000023,56,大学受験基礎,時代・歴史区分,春秋・戦国時代,しゅんじゅうせんごくじだい,,古代中国,東アジア,黄河・長江流域,前770〜前221年,-770,WH-000023-B02,beginner,時期,time,春秋(しゅんじゅう)・戦国時代(せんごくじだい)が歴史上重要になるのはいつ頃？,前770〜前221年,前770〜前221年,,,世界史の窓：章節別用語リスト,https://www.y-history.net/appendix/appendix-list.html
大学受験世界史・重要300用語（三段階学習）,WH-000023,56,大学受験基礎,時代・歴史区分,春秋・戦国時代,しゅんじゅうせんごくじだい,,古代中国,東アジア,黄河・長江流域,前770〜前221年,-770,WH-000023-B03,beginner,終結国,actor,春秋(しゅんじゅう)・戦国時代(せんごくじだい)を終わらせて中国を統一した国は？,秦,秦,,,世界史の窓：章節別用語リスト,https://www.y-history.net/appendix/appendix-list.html
大学受験世界史・重要300用語（三段階学習）,WH-000023,56,大学受験基礎,時代・歴史区分,春秋・戦国時代,しゅんじゅうせんごくじだい,,古代中国,東アジア,黄河・長江流域,前770〜前221年,-770,WH-000023-R01,reverse,内容,reverse,何が起きた時代・変化？,**春秋・戦国時代(しゅんじゅう・せんごくじだい)**は、周の東遷後、諸侯(しょこう)が自立して争い、鉄器・牛耕の普及と富国強兵策によって社会と政治が大きく変化した時代。,春秋・戦国時代,,,世界史の窓：章節別用語リスト,https://www.y-history.net/appendix/appendix-list.html
大学受験世界史・重要300用語（三段階学習）,WH-000023,56,大学受験基礎,時代・歴史区分,春秋・戦国時代,しゅんじゅうせんごくじだい,,古代中国,東アジア,黄河・長江流域,前770〜前221年,-770,WH-000023-R02,reverse,結果・影響,reverse,何につながった？,競争の中で中央集権化が進み、**諸子百家(しょしひゃっか)**の思想が生まれ、最終的に**秦**が中国を統一した。,諸子百家|秦,,,世界史の窓：章節別用語リスト,https://www.y-history.net/appendix/appendix-list.html
大学受験世界史・重要300用語（三段階学習）,WH-000023,56,大学受験基礎,時代・歴史区分,春秋・戦国時代,しゅんじゅうせんごくじだい,,古代中国,東アジア,黄河・長江流域,前770〜前221年,-770,WH-000023-I01,integrated,統合説明,integrated,「春秋(しゅんじゅう)・戦国時代(せんごくじだい)」について説明せよ。,周の東遷後、諸侯(しょこう)が自立して争い、鉄器・牛耕の普及と富国強兵策によって社会と政治が大きく変化した時代。 競争の中で中央集権化が進み、**諸子百家(しょしひゃっか)**の思想が生まれ、最終的に**秦**が中国を統一した。,諸子百家|秦,,,世界史の窓：章節別用語リスト,https://www.y-history.net/appendix/appendix-list.html
大学受験世界史・重要300用語（三段階学習）,WH-000024,57,大学受験基礎,地域・都市,アテネ,あてね,,古代ギリシア,ヨーロッパ・地中海,アッティカ地方,前8〜前4世紀頃,-700,WH-000024-B01,beginner,用語の特定,identify,民会を中心とする直接民主政を発達させた古代ギリシアのポリスは？,アテネ,アテネ,,,世界史の窓：章節別用語リスト,https://www.y-history.net/appendix/appendix-list.html
大学受験世界史・重要300用語（三段階学習）,WH-000024,57,大学受験基礎,地域・都市,アテネ,あてね,,古代ギリシア,ヨーロッパ・地中海,アッティカ地方,前8〜前4世紀頃,-700,WH-000024-B02,beginner,時期,time,アテネが特に重要だったのはいつ頃？,前8〜前4世紀頃,前8〜前4世紀頃,,,世界史の窓：章節別用語リスト,https://www.y-history.net/appendix/appendix-list.html
大学受験世界史・重要300用語（三段階学習）,WH-000024,57,大学受験基礎,地域・都市,アテネ,あてね,,古代ギリシア,ヨーロッパ・地中海,アッティカ地方,前8〜前4世紀頃,-700,WH-000024-B03,beginner,人物,person,陶片追放を導入し民主政の基礎を築いた改革者は？,クレイステネス,クレイステネス,,,世界史の窓：章節別用語リスト,https://www.y-history.net/appendix/appendix-list.html
大学受験世界史・重要300用語（三段階学習）,WH-000024,57,大学受験基礎,地域・都市,アテネ,あてね,,古代ギリシア,ヨーロッパ・地中海,アッティカ地方,前8〜前4世紀頃,-700,WH-000024-R01,reverse,内容,reverse,どこにあり、どのような役割を果たした？,アッティカ地方の有力ポリスで、ソロン・**クレイステネス**らの改革を経て、市民男子による**直接民主政**を発達させた。,クレイステネス|直接民主政,,,世界史の窓：章節別用語リスト,https://www.y-history.net/appendix/appendix-list.html
大学受験世界史・重要300用語（三段階学習）,WH-000024,57,大学受験基礎,地域・都市,アテネ,あてね,,古代ギリシア,ヨーロッパ・地中海,アッティカ地方,前8〜前4世紀頃,-700,WH-000024-R02,reverse,結果・影響,reverse,どのような交流や変化につながった？,ペルシア戦争後にデロス同盟を率いて繁栄したが、支配への反発から**ペロポネソス戦争**を招いた。,ペロポネソス戦争,,,世界史の窓：章節別用語リスト,https://www.y-history.net/appendix/appendix-list.html
大学受験世界史・重要300用語（三段階学習）,WH-000024,57,大学受験基礎,地域・都市,アテネ,あてね,,古代ギリシア,ヨーロッパ・地中海,アッティカ地方,前8〜前4世紀頃,-700,WH-000024-I01,integrated,統合説明,integrated,「アテネ」について説明せよ。,アッティカ地方の有力ポリスで、ソロン・**クレイステネス**らの改革を経て、市民男子による**直接民主政**を発達させた。 ペルシア戦争後にデロス同盟を率いて繁栄したが、支配への反発から**ペロポネソス戦争**を招いた。,クレイステネス|直接民主政|ペロポネソス戦争,,,世界史の窓：章節別用語リスト,https://www.y-history.net/appendix/appendix-list.html
大学受験世界史・重要300用語（三段階学習）,WH-000025,243,大学受験標準,地域・都市,スパルタ,すぱるた,,古代ギリシア,ヨーロッパ・地中海,ペロポネソス半島南部,前8〜前4世紀頃,-700,WH-000025-B01,beginner,用語の特定,identify,少数の市民が軍事訓練を受け、ヘイロータイを支配した古代ギリシアのポリスは？,スパルタ,スパルタ,,,世界史の窓：章節別用語リスト,https://www.y-history.net/appendix/appendix-list.html
大学受験世界史・重要300用語（三段階学習）,WH-000025,243,大学受験標準,地域・都市,スパルタ,すぱるた,,古代ギリシア,ヨーロッパ・地中海,ペロポネソス半島南部,前8〜前4世紀頃,-700,WH-000025-B02,beginner,時期,time,スパルタが特に重要だったのはいつ頃？,前8〜前4世紀頃,前8〜前4世紀頃,,,世界史の窓：章節別用語リスト,https://www.y-history.net/appendix/appendix-list.html
大学受験世界史・重要300用語（三段階学習）,WH-000025,243,大学受験標準,地域・都市,スパルタ,すぱるた,,古代ギリシア,ヨーロッパ・地中海,ペロポネソス半島南部,前8〜前4世紀頃,-700,WH-000025-B03,beginner,身分,actor,スパルタに隷属して農業を担った人々は？,ヘイロータイ,ヘイロータイ,,,世界史の窓：章節別用語リスト,https://www.y-history.net/appendix/appendix-list.html
大学受験世界史・重要300用語（三段階学習）,WH-000025,243,大学受験標準,地域・都市,スパルタ,すぱるた,,古代ギリシア,ヨーロッパ・地中海,ペロポネソス半島南部,前8〜前4世紀頃,-700,WH-000025-R01,reverse,内容,reverse,どこにあり、どのような役割を果たした？,ペロポネソス半島南部のポリスで、少数の市民が厳格な軍事教育を受け、多数の**ヘイロータイ**を支配した。,ヘイロータイ,,,世界史の窓：章節別用語リスト,https://www.y-history.net/appendix/appendix-list.html
大学受験世界史・重要300用語（三段階学習）,WH-000025,243,大学受験標準,地域・都市,スパルタ,すぱるた,,古代ギリシア,ヨーロッパ・地中海,ペロポネソス半島南部,前8〜前4世紀頃,-700,WH-000025-R02,reverse,結果・影響,reverse,どのような交流や変化につながった？,ペロポネソス同盟を率いてアテネと対立し、**ペロポネソス戦争**に勝利したが、長期的覇権は築けなかった。,ペロポネソス戦争,,,世界史の窓：章節別用語リスト,https://www.y-history.net/appendix/appendix-list.html
大学受験世界史・重要300用語（三段階学習）,WH-000025,243,大学受験標準,地域・都市,スパルタ,すぱるた,,古代ギリシア,ヨーロッパ・地中海,ペロポネソス半島南部,前8〜前4世紀頃,-700,WH-000025-I01,integrated,統合説明,integrated,「スパルタ」について説明せよ。,ペロポネソス半島南部のポリスで、少数の市民が厳格な軍事教育を受け、多数の**ヘイロータイ**を支配した。 ペロポネソス同盟を率いてアテネと対立し、**ペロポネソス戦争**に勝利したが、長期的覇権は築けなかった。,ヘイロータイ|ペロポネソス戦争,,,世界史の窓：章節別用語リスト,https://www.y-history.net/appendix/appendix-list.html
大学受験世界史・重要300用語（三段階学習）,WH-000026,244,大学受験標準,宗教・宗派,ゾロアスター教,ぞろあすたーきょう,拝火教,古代イラン,西アジア,イラン高原,前7〜前6世紀頃,-600,WH-000026-B01,beginner,用語の特定,identify,善神アフラ＝マズダと悪の勢力の対立を説く古代イランの宗教は？,ゾロアスター教,ゾロアスター教,拝火教,,世界史の窓：章節別用語リスト,https://www.y-history.net/appendix/appendix-list.html
大学受験世界史・重要300用語（三段階学習）,WH-000026,244,大学受験標準,宗教・宗派,ゾロアスター教,ぞろあすたーきょう,拝火教,古代イラン,西アジア,イラン高原,前7〜前6世紀頃,-600,WH-000026-B02,beginner,時期,time,ゾロアスター教が成立・発展したのはいつ頃？,前7〜前6世紀頃,前7〜前6世紀頃,,,世界史の窓：章節別用語リスト,https://www.y-history.net/appendix/appendix-list.html
大学受験世界史・重要300用語（三段階学習）,WH-000026,244,大学受験標準,宗教・宗派,ゾロアスター教,ぞろあすたーきょう,拝火教,古代イラン,西アジア,イラン高原,前7〜前6世紀頃,-600,WH-000026-B03,beginner,開祖,person,ゾロアスター教の開祖は？,ゾロアスター,ゾロアスター,,,世界史の窓：章節別用語リスト,https://www.y-history.net/appendix/appendix-list.html
大学受験世界史・重要300用語（三段階学習）,WH-000026,244,大学受験標準,宗教・宗派,ゾロアスター教,ぞろあすたーきょう,拝火教,古代イラン,西アジア,イラン高原,前7〜前6世紀頃,-600,WH-000026-R01,reverse,内容,reverse,どんな宗教・宗派？,預言者**ゾロアスター**が、善神**アフラ＝マズダ**を中心に善悪の対立と人間の自由な選択を説いた宗教。,ゾロアスター|アフラ＝マズダ,,,世界史の窓：章節別用語リスト,https://www.y-history.net/appendix/appendix-list.html
大学受験世界史・重要300用語（三段階学習）,WH-000026,244,大学受験標準,宗教・宗派,ゾロアスター教,ぞろあすたーきょう,拝火教,古代イラン,西アジア,イラン高原,前7〜前6世紀頃,-600,WH-000026-R02,reverse,結果・影響,reverse,どのように広がり、何へ影響した？,**ゾロアスター教**は、最後の審判・天国・地獄などの観念を発達させ、ユダヤ教・キリスト教・イスラーム教へ影響したとされる。,ゾロアスター教,,,世界史の窓：章節別用語リスト,https://www.y-history.net/appendix/appendix-list.html
大学受験世界史・重要300用語（三段階学習）,WH-000026,244,大学受験標準,宗教・宗派,ゾロアスター教,ぞろあすたーきょう,拝火教,古代イラン,西アジア,イラン高原,前7〜前6世紀頃,-600,WH-000026-I01,integrated,統合説明,integrated,「ゾロアスター教」について説明せよ。,預言者**ゾロアスター**が、善神**アフラ＝マズダ**を中心に善悪の対立と人間の自由な選択を説いた宗教。 最後の審判・天国・地獄などの観念を発達させ、ユダヤ教・キリスト教・イスラーム教へ影響したとされる。,ゾロアスター|アフラ＝マズダ,,,世界史の窓：章節別用語リスト,https://www.y-history.net/appendix/appendix-list.html
大学受験世界史・重要300用語（三段階学習）,WH-000027,58,大学受験基礎,宗教・宗派,ユダヤ教,ゆだやきょう,,古代オリエント,西アジア,パレスチナと離散先,前6世紀頃に教義形成,-586,WH-000027-B01,beginner,用語の特定,identify,唯一神ヤハウェとの契約と律法を重視するヘブライ人の宗教は？,ユダヤ教,ユダヤ教,,,世界史の窓：章節別用語リスト,https://www.y-history.net/appendix/appendix-list.html
大学受験世界史・重要300用語（三段階学習）,WH-000027,58,大学受験基礎,宗教・宗派,ユダヤ教,ゆだやきょう,,古代オリエント,西アジア,パレスチナと離散先,前6世紀頃に教義形成,-586,WH-000027-B02,beginner,時期,time,ユダヤ教が成立・発展したのはいつ頃？,前6世紀頃に教義形成,前6世紀頃に教義形成,,,世界史の窓：章節別用語リスト,https://www.y-history.net/appendix/appendix-list.html
大学受験世界史・重要300用語（三段階学習）,WH-000027,58,大学受験基礎,宗教・宗派,ユダヤ教,ゆだやきょう,,古代オリエント,西アジア,パレスチナと離散先,前6世紀頃に教義形成,-586,WH-000027-B03,beginner,聖典,content,ユダヤ教の聖典の中心を、キリスト教側では何と呼ぶ？,旧約聖書,旧約聖書,,,世界史の窓：章節別用語リスト,https://www.y-history.net/appendix/appendix-list.html
大学受験世界史・重要300用語（三段階学習）,WH-000027,58,大学受験基礎,宗教・宗派,ユダヤ教,ゆだやきょう,,古代オリエント,西アジア,パレスチナと離散先,前6世紀頃に教義形成,-586,WH-000027-R01,reverse,内容,reverse,どんな宗教・宗派？,唯一神**ヤハウェ**とイスラエル民族の契約、モーセの律法、選民思想を重視する一神教で、バビロン捕囚期前後に教義が整えられた。,ヤハウェ,,,世界史の窓：章節別用語リスト,https://www.y-history.net/appendix/appendix-list.html
大学受験世界史・重要300用語（三段階学習）,WH-000027,58,大学受験基礎,宗教・宗派,ユダヤ教,ゆだやきょう,,古代オリエント,西アジア,パレスチナと離散先,前6世紀頃に教義形成,-586,WH-000027-R02,reverse,結果・影響,reverse,どのように広がり、何へ影響した？,民族離散後も共同体を保つ支えとなり、**キリスト教**と**イスラーム教**の成立へ大きな影響を与えた。,キリスト教|イスラーム教,,,世界史の窓：章節別用語リスト,https://www.y-history.net/appendix/appendix-list.html
大学受験世界史・重要300用語（三段階学習）,WH-000027,58,大学受験基礎,宗教・宗派,ユダヤ教,ゆだやきょう,,古代オリエント,西アジア,パレスチナと離散先,前6世紀頃に教義形成,-586,WH-000027-I01,integrated,統合説明,integrated,「ユダヤ教」について説明せよ。,唯一神**ヤハウェ**とイスラエル民族の契約、モーセの律法、選民思想を重視する一神教で、バビロン捕囚期前後に教義が整えられた。 民族離散後も共同体を保つ支えとなり、**キリスト教**と**イスラーム教**の成立へ大きな影響を与えた。,ヤハウェ|キリスト教|イスラーム教,,,世界史の窓：章節別用語リスト,https://www.y-history.net/appendix/appendix-list.html
大学受験世界史・重要300用語（三段階学習）,WH-000028,59,大学受験基礎,人物,孔子,こうし,,古代中国,東アジア,春秋時代の魯,前6〜前5世紀,-551,WH-000028-B01,beginner,用語の特定,identify,仁(じん)と礼(れい)を重視し、徳による政治を説いた儒家(じゅか)の祖は？,孔子(こうし),孔子,,,世界史の窓：章節別用語リスト,https://www.y-history.net/appendix/appendix-list.html
大学受験世界史・重要300用語（三段階学習）,WH-000028,59,大学受験基礎,人物,孔子,こうし,,古代中国,東アジア,春秋時代の魯,前6〜前5世紀,-551,WH-000028-B02,beginner,時期,time,孔子(こうし)が主に活動したのはいつ頃？,前6〜前5世紀,前6〜前5世紀,,,世界史の窓：章節別用語リスト,https://www.y-history.net/appendix/appendix-list.html
大学受験世界史・重要300用語（三段階学習）,WH-000028,59,大学受験基礎,人物,孔子,こうし,,古代中国,東アジア,春秋時代の魯,前6〜前5世紀,-551,WH-000028-B03,beginner,作品,content,孔子(こうし)の言行を弟子たちがまとめた書物は？,論語(ろんご),論語,,,世界史の窓：章節別用語リスト,https://www.y-history.net/appendix/appendix-list.html
大学受験世界史・重要300用語（三段階学習）,WH-000028,59,大学受験基礎,人物,孔子,こうし,,古代中国,東アジア,春秋時代の魯,前6〜前5世紀,-551,WH-000028-R01,reverse,内容,reverse,何をした？,春秋時代の魯(ろ)で、他者への思いやりである**仁(じん)**と社会規範である**礼(れい)**を重視し、君主の徳による政治を説いた。,仁|礼,,,世界史の窓：章節別用語リスト,https://www.y-history.net/appendix/appendix-list.html
大学受験世界史・重要300用語（三段階学習）,WH-000028,59,大学受験基礎,人物,孔子,こうし,,古代中国,東アジア,春秋時代の魯,前6〜前5世紀,-551,WH-000028-R02,reverse,結果・影響,reverse,どのような影響を与えた？,弟子がまとめた**論語(ろんご)**を通じて儒家(じゅか)の祖となり、中国・朝鮮・日本・ベトナムの政治倫理と教育へ大きな影響を与えた。,論語,,,世界史の窓：章節別用語リスト,https://www.y-history.net/appendix/appendix-list.html
大学受験世界史・重要300用語（三段階学習）,WH-000028,59,大学受験基礎,人物,孔子,こうし,,古代中国,東アジア,春秋時代の魯,前6〜前5世紀,-551,WH-000028-I01,integrated,統合説明,integrated,「孔子(こうし)」について説明せよ。,春秋時代の魯(ろ)で、他者への思いやりである**仁(じん)**と社会規範である**礼(れい)**を重視し、君主の徳による政治を説いた。 弟子がまとめた**論語(ろんご)**を通じて儒家(じゅか)の祖となり、中国・朝鮮・日本・ベトナムの政治倫理と教育へ大きな影響を与えた。,仁|礼|論語,,,世界史の窓：章節別用語リスト,https://www.y-history.net/appendix/appendix-list.html
大学受験世界史・重要300用語（三段階学習）,WH-000029,43,大学受験基礎,国家・王朝,アケメネス朝ペルシア,あけめねすちょうぺるしあ,アケメネス朝,古代,西アジア,イラン高原を中心に西アジア・エジプト・中央アジア,前550年頃〜前330年,-550,WH-000029-B01,beginner,用語の特定,identify,キュロス2世が建国し、西アジアの広域を初めて統一したペルシアの王朝は？,アケメネス朝ペルシア,アケメネス朝ペルシア,アケメネス朝,,世界史の窓：アケメネス朝ペルシア,https://www.y-history.net/appendix/wh0101-103.html
大学受験世界史・重要300用語（三段階学習）,WH-000029,43,大学受験基礎,国家・王朝,アケメネス朝ペルシア,あけめねすちょうぺるしあ,アケメネス朝,古代,西アジア,イラン高原を中心に西アジア・エジプト・中央アジア,前550年頃〜前330年,-550,WH-000029-B02,beginner,中心人物,person,アケメネス朝ペルシアを建国した王は？,キュロス2世,キュロス2世,キュロス二世|キュロス大王,,世界史の窓：アケメネス朝ペルシア,https://www.y-history.net/appendix/wh0101-103.html
大学受験世界史・重要300用語（三段階学習）,WH-000029,43,大学受験基礎,国家・王朝,アケメネス朝ペルシア,あけめねすちょうぺるしあ,アケメネス朝,古代,西アジア,イラン高原を中心に西アジア・エジプト・中央アジア,前550年頃〜前330年,-550,WH-000029-B03,beginner,制度,content,ダレイオス1世が各州に置いた総督を何という？,サトラップ,サトラップ,州総督,,世界史の窓：アケメネス朝ペルシア,https://www.y-history.net/appendix/wh0101-103.html
大学受験世界史・重要300用語（三段階学習）,WH-000029,43,大学受験基礎,国家・王朝,アケメネス朝ペルシア,あけめねすちょうぺるしあ,アケメネス朝,古代,西アジア,イラン高原を中心に西アジア・エジプト・中央アジア,前550年頃〜前330年,-550,WH-000029-R01,reverse,複合説明,reverse,何をした？,**前6世紀**に**キュロス2世**が建国し、**ダレイオス1世**の時代に西アジアからエジプトまでを支配した。領土を州に分けて**サトラップ**を置き、**王の道**や駅伝制を整え、被征服民の宗教・慣習を比較的尊重した。,キュロス2世|ダレイオス1世|サトラップ|王の道|駅伝制,,,世界史の窓：アケメネス朝ペルシア,https://www.y-history.net/appendix/wh0101-103.html
大学受験世界史・重要300用語（三段階学習）,WH-000029,43,大学受験基礎,国家・王朝,アケメネス朝ペルシア,あけめねすちょうぺるしあ,アケメネス朝,古代,西アジア,イラン高原を中心に西アジア・エジプト・中央アジア,前550年頃〜前330年,-550,WH-000029-I01,integrated,統合説明,integrated,「アケメネス朝ペルシア」について説明せよ。,前6世紀、**キュロス2世**が建国し、**ダレイオス1世**の時代に西アジアからエジプトまで広がった大帝国。州に**サトラップ**を置き、**王の道**と駅伝制で統治し、被征服民の宗教・慣習を比較的尊重した。,キュロス2世|ダレイオス1世|サトラップ|王の道|駅伝制,,,世界史の窓：アケメネス朝ペルシア,https://www.y-history.net/appendix/wh0101-103.html
大学受験世界史・重要300用語（三段階学習）,WH-000030,60,大学受験基礎,文化・技術・学問,諸子百家,しょしひゃっか,,古代中国,東アジア,春秋・戦国時代の中国,前6〜前3世紀,-550,WH-000030-B01,beginner,用語の特定,identify,春秋(しゅんじゅう)・戦国時代(せんごくじだい)に政治や社会の立て直しを論じた多様な思想家・学派を総称して何という？,諸子百家(しょしひゃっか),諸子百家,,,世界史の窓：章節別用語リスト,https://www.y-history.net/appendix/appendix-list.html
大学受験世界史・重要300用語（三段階学習）,WH-000030,60,大学受験基礎,文化・技術・学問,諸子百家,しょしひゃっか,,古代中国,東アジア,春秋・戦国時代の中国,前6〜前3世紀,-550,WH-000030-B02,beginner,時期,time,諸子百家(しょしひゃっか)が歴史上重要になるのはいつ頃？,前6〜前3世紀,前6〜前3世紀,,,世界史の窓：章節別用語リスト,https://www.y-history.net/appendix/appendix-list.html
大学受験世界史・重要300用語（三段階学習）,WH-000030,60,大学受験基礎,文化・技術・学問,諸子百家,しょしひゃっか,,古代中国,東アジア,春秋・戦国時代の中国,前6〜前3世紀,-550,WH-000030-B03,beginner,学派,relation,秦の中央集権化に強い影響を与えた学派は？,法家(ほうか),法家,,,世界史の窓：章節別用語リスト,https://www.y-history.net/appendix/appendix-list.html
大学受験世界史・重要300用語（三段階学習）,WH-000030,60,大学受験基礎,文化・技術・学問,諸子百家,しょしひゃっか,,古代中国,東アジア,春秋・戦国時代の中国,前6〜前3世紀,-550,WH-000030-R01,reverse,内容,reverse,どんな文化・技術・学問？,社会秩序の崩壊に対し、**儒家(じゅか)**・道家(どうか)・墨家(ぼっか)・**法家(ほうか)**などが人間・政治・国家のあり方を論じた。,儒家|法家,,,世界史の窓：章節別用語リスト,https://www.y-history.net/appendix/appendix-list.html
大学受験世界史・重要300用語（三段階学習）,WH-000030,60,大学受験基礎,文化・技術・学問,諸子百家,しょしひゃっか,,古代中国,東アジア,春秋・戦国時代の中国,前6〜前3世紀,-550,WH-000030-R02,reverse,結果・影響,reverse,どのような影響を与えた？,**諸子百家(しょしひゃっか)**は、中国思想の基本的枠組みを作り、秦の統一政治や漢以後の儒教国家に長く影響した。,諸子百家,,,世界史の窓：章節別用語リスト,https://www.y-history.net/appendix/appendix-list.html
大学受験世界史・重要300用語（三段階学習）,WH-000030,60,大学受験基礎,文化・技術・学問,諸子百家,しょしひゃっか,,古代中国,東アジア,春秋・戦国時代の中国,前6〜前3世紀,-550,WH-000030-I01,integrated,統合説明,integrated,「諸子百家(しょしひゃっか)」について説明せよ。,社会秩序の崩壊に対し、**儒家(じゅか)**・道家(どうか)・墨家(ぼっか)・**法家(ほうか)**などが人間・政治・国家のあり方を論じた。 中国思想の基本的枠組みを作り、秦の統一政治や漢以後の儒教国家に長く影響した。,儒家|法家,,,世界史の窓：章節別用語リスト,https://www.y-history.net/appendix/appendix-list.html
大学受験世界史・重要300用語（三段階学習）,WH-000031,245,大学受験標準,人物,ダレイオス1世,だれいおすいっせい,,古代オリエント,西アジア,アケメネス朝ペルシア帝国,前522〜前486年,-522,WH-000031-B01,beginner,用語の特定,identify,アケメネス朝でサトラップ制・王の道・金貨を整えた王は？,ダレイオス1世,ダレイオス1世,,,世界史の窓：章節別用語リスト,https://www.y-history.net/appendix/appendix-list.html
大学受験世界史・重要300用語（三段階学習）,WH-000031,245,大学受験標準,人物,ダレイオス1世,だれいおすいっせい,,古代オリエント,西アジア,アケメネス朝ペルシア帝国,前522〜前486年,-522,WH-000031-B02,beginner,時期,time,ダレイオス1世が主に活動したのはいつ頃？,前522〜前486年,前522〜前486年,,,世界史の窓：章節別用語リスト,https://www.y-history.net/appendix/appendix-list.html
大学受験世界史・重要300用語（三段階学習）,WH-000031,245,大学受験標準,人物,ダレイオス1世,だれいおすいっせい,,古代オリエント,西アジア,アケメネス朝ペルシア帝国,前522〜前486年,-522,WH-000031-B03,beginner,制度,content,ダレイオス1世が各州に置いた総督を何という？,サトラップ,サトラップ,,,世界史の窓：章節別用語リスト,https://www.y-history.net/appendix/appendix-list.html
大学受験世界史・重要300用語（三段階学習）,WH-000031,245,大学受験標準,人物,ダレイオス1世,だれいおすいっせい,,古代オリエント,西アジア,アケメネス朝ペルシア帝国,前522〜前486年,-522,WH-000031-R01,reverse,内容,reverse,何をした？,アケメネス朝の領域を最大級に広げ、全国を州に分けて**サトラップ**を置き、監察官・駅伝制・**王の道**を整えた。,サトラップ|王の道,,,世界史の窓：章節別用語リスト,https://www.y-history.net/appendix/appendix-list.html
大学受験世界史・重要300用語（三段階学習）,WH-000031,245,大学受験標準,人物,ダレイオス1世,だれいおすいっせい,,古代オリエント,西アジア,アケメネス朝ペルシア帝国,前522〜前486年,-522,WH-000031-R02,reverse,結果・影響,reverse,どのような影響を与えた？,多民族を比較的寛容に統治する帝国制度を完成させたが、ギリシア遠征は**ペルシア戦争**につながった。,ペルシア戦争,,,世界史の窓：章節別用語リスト,https://www.y-history.net/appendix/appendix-list.html
大学受験世界史・重要300用語（三段階学習）,WH-000031,245,大学受験標準,人物,ダレイオス1世,だれいおすいっせい,,古代オリエント,西アジア,アケメネス朝ペルシア帝国,前522〜前486年,-522,WH-000031-I01,integrated,統合説明,integrated,「ダレイオス1世」について説明せよ。,アケメネス朝の領域を最大級に広げ、全国を州に分けて**サトラップ**を置き、監察官・駅伝制・**王の道**を整えた。 多民族を比較的寛容に統治する帝国制度を完成させたが、ギリシア遠征は**ペルシア戦争**につながった。,サトラップ|王の道|ペルシア戦争,,,世界史の窓：章節別用語リスト,https://www.y-history.net/appendix/appendix-list.html
大学受験世界史・重要300用語（三段階学習）,WH-000032,61,大学受験基礎,制度・政策・法律,ローマ共和政,ろーまきょうわせい,,古代ローマ,ヨーロッパ・地中海,イタリア半島から地中海世界,前509〜前27年,-509,WH-000032-B01,beginner,用語の特定,identify,王を追放した後、元老院と執政官を中心に運営された古代ローマの政治体制は？,ローマ共和政,ローマ共和政,,,世界史の窓：章節別用語リスト,https://www.y-history.net/appendix/appendix-list.html
大学受験世界史・重要300用語（三段階学習）,WH-000032,61,大学受験基礎,制度・政策・法律,ローマ共和政,ろーまきょうわせい,,古代ローマ,ヨーロッパ・地中海,イタリア半島から地中海世界,前509〜前27年,-509,WH-000032-B02,beginner,時期,time,ローマ共和政が成立・実施されたのはいつ頃？,前509〜前27年,前509〜前27年,,,世界史の窓：章節別用語リスト,https://www.y-history.net/appendix/appendix-list.html
大学受験世界史・重要300用語（三段階学習）,WH-000032,61,大学受験基礎,制度・政策・法律,ローマ共和政,ろーまきょうわせい,,古代ローマ,ヨーロッパ・地中海,イタリア半島から地中海世界,前509〜前27年,-509,WH-000032-B03,beginner,官職,content,共和政ローマで最高位の政務官は？,執政官,執政官,,,世界史の窓：章節別用語リスト,https://www.y-history.net/appendix/appendix-list.html
大学受験世界史・重要300用語（三段階学習）,WH-000032,61,大学受験基礎,制度・政策・法律,ローマ共和政,ろーまきょうわせい,,古代ローマ,ヨーロッパ・地中海,イタリア半島から地中海世界,前509〜前27年,-509,WH-000032-R01,reverse,内容,reverse,どんな制度・政策・法律？,王政を廃止し、任期一年の**執政官**と貴族中心の**元老院**を軸に運営した政治体制。,執政官|元老院,,,世界史の窓：章節別用語リスト,https://www.y-history.net/appendix/appendix-list.html
大学受験世界史・重要300用語（三段階学習）,WH-000032,61,大学受験基礎,制度・政策・法律,ローマ共和政,ろーまきょうわせい,,古代ローマ,ヨーロッパ・地中海,イタリア半島から地中海世界,前509〜前27年,-509,WH-000032-R02,reverse,結果・影響,reverse,どのような影響を与えた？,**ローマ共和政**は、身分闘争で平民の権利が拡大し、地中海を征服したが、領土拡大による格差と軍人政治から帝政へ移行した。,ローマ共和政,,,世界史の窓：章節別用語リスト,https://www.y-history.net/appendix/appendix-list.html
大学受験世界史・重要300用語（三段階学習）,WH-000032,61,大学受験基礎,制度・政策・法律,ローマ共和政,ろーまきょうわせい,,古代ローマ,ヨーロッパ・地中海,イタリア半島から地中海世界,前509〜前27年,-509,WH-000032-I01,integrated,統合説明,integrated,「ローマ共和政」について説明せよ。,王政を廃止し、任期一年の**執政官**と貴族中心の**元老院**を軸に運営した政治体制。 身分闘争で平民の権利が拡大し、地中海を征服したが、領土拡大による格差と軍人政治から帝政へ移行した。,執政官|元老院,,,世界史の窓：章節別用語リスト,https://www.y-history.net/appendix/appendix-list.html
大学受験世界史・重要300用語（三段階学習）,WH-000033,44,大学受験基礎,宗教・宗派,仏教,ぶっきょう,,古代,南アジア,ガンジス川中流域からアジア各地,前5世紀頃以降,-500,WH-000033-B01,beginner,用語の特定,identify,欲望や執着を離れ、輪廻(りんね)からの解脱(げだつ)を目指す教えを説いたインド起源の宗教は？,仏教,仏教,,,世界史の窓：仏教,https://www.y-history.net/appendix/wh0201-030.html
大学受験世界史・重要300用語（三段階学習）,WH-000033,44,大学受験基礎,宗教・宗派,仏教,ぶっきょう,,古代,南アジア,ガンジス川中流域からアジア各地,前5世紀頃以降,-500,WH-000033-B02,beginner,中心人物,person,仏教を開いた人物は？,ガウタマ＝シッダールタ,ガウタマ＝シッダールタ,ゴータマ＝シッダールタ|釈迦|ブッダ,,世界史の窓：仏教,https://www.y-history.net/appendix/wh0201-030.html
大学受験世界史・重要300用語（三段階学習）,WH-000033,44,大学受験基礎,宗教・宗派,仏教,ぶっきょう,,古代,南アジア,ガンジス川中流域からアジア各地,前5世紀頃以降,-500,WH-000033-B03,beginner,地域,place,仏教が成立したガンジス川中流域は、現在のどの地域にあたる？,北インド,北インド,インド北部,,世界史の窓：仏教,https://www.y-history.net/appendix/wh0201-030.html
大学受験世界史・重要300用語（三段階学習）,WH-000033,44,大学受験基礎,宗教・宗派,仏教,ぶっきょう,,古代,南アジア,ガンジス川中流域からアジア各地,前5世紀頃以降,-500,WH-000033-R01,reverse,複合説明,reverse,どんな宗教で、どのように広がった？,前5世紀頃の北インドで**ガウタマ＝シッダールタ**が開き、欲望と無知を克服して**輪廻(りんね)**からの**解脱(げだつ)**を目指した。身分を超えて救いを説き、**アショーカ王**の保護や交易路を通じて中央・東・東南アジアへ広がった。,ガウタマ＝シッダールタ|輪廻|解脱|アショーカ王|交易路,,,世界史の窓：仏教,https://www.y-history.net/appendix/wh0201-030.html
大学受験世界史・重要300用語（三段階学習）,WH-000033,44,大学受験基礎,宗教・宗派,仏教,ぶっきょう,,古代,南アジア,ガンジス川中流域からアジア各地,前5世紀頃以降,-500,WH-000033-I01,integrated,統合説明,integrated,「仏教」について説明せよ。,前5世紀頃の北インドで**ガウタマ＝シッダールタ**が開いた宗教。欲望と無知を克服して**輪廻(りんね)**からの**解脱(げだつ)**を目指し、**アショーカ王**の保護や交易路を通じてアジア各地へ広がった。,ガウタマ＝シッダールタ|輪廻|解脱|アショーカ王|交易路,,,世界史の窓：仏教,https://www.y-history.net/appendix/wh0201-030.html
大学受験世界史・重要300用語（三段階学習）,WH-000034,62,大学受験基礎,戦争,ペルシア戦争,ぺるしあせんそう,,古代ギリシア,ヨーロッパ・西アジア,エーゲ海・ギリシア本土,前500〜前449年,-500,WH-000034-B01,beginner,用語の特定,identify,アケメネス朝ペルシアの進出に対し、アテネやスパルタなどギリシアのポリスが戦った戦争は？,ペルシア戦争,ペルシア戦争,,,世界史の窓：章節別用語リスト,https://www.y-history.net/appendix/appendix-list.html
大学受験世界史・重要300用語（三段階学習）,WH-000034,62,大学受験基礎,戦争,ペルシア戦争,ぺるしあせんそう,,古代ギリシア,ヨーロッパ・西アジア,エーゲ海・ギリシア本土,前500〜前449年,-500,WH-000034-B02,beginner,時期,time,ペルシア戦争が起きたのはいつ？,前500〜前449年,前500〜前449年,,,世界史の窓：章節別用語リスト,https://www.y-history.net/appendix/appendix-list.html
大学受験世界史・重要300用語（三段階学習）,WH-000034,62,大学受験基礎,戦争,ペルシア戦争,ぺるしあせんそう,,古代ギリシア,ヨーロッパ・西アジア,エーゲ海・ギリシア本土,前500〜前449年,-500,WH-000034-B03,beginner,戦闘,relation,ギリシア側が海上で大勝した決定的な海戦は？,サラミスの海戦,サラミスの海戦,,,世界史の窓：章節別用語リスト,https://www.y-history.net/appendix/appendix-list.html
大学受験世界史・重要300用語（三段階学習）,WH-000034,62,大学受験基礎,戦争,ペルシア戦争,ぺるしあせんそう,,古代ギリシア,ヨーロッパ・西アジア,エーゲ海・ギリシア本土,前500〜前449年,-500,WH-000034-R01,reverse,内容,reverse,なぜ起き、何が起きた？,イオニア植民市の反乱を契機に、**アケメネス朝ペルシア**がギリシアへ遠征し、アテネ・スパルタなどが抵抗した戦争。,アケメネス朝ペルシア,,,世界史の窓：章節別用語リスト,https://www.y-history.net/appendix/appendix-list.html
大学受験世界史・重要300用語（三段階学習）,WH-000034,62,大学受験基礎,戦争,ペルシア戦争,ぺるしあせんそう,,古代ギリシア,ヨーロッパ・西アジア,エーゲ海・ギリシア本土,前500〜前449年,-500,WH-000034-R02,reverse,結果・影響,reverse,どんな結果をもたらした？,マラトン・**サラミスの海戦**などでギリシア側が勝利し、アテネの繁栄とデロス同盟の成立につながった。,サラミスの海戦,,,世界史の窓：章節別用語リスト,https://www.y-history.net/appendix/appendix-list.html
大学受験世界史・重要300用語（三段階学習）,WH-000034,62,大学受験基礎,戦争,ペルシア戦争,ぺるしあせんそう,,古代ギリシア,ヨーロッパ・西アジア,エーゲ海・ギリシア本土,前500〜前449年,-500,WH-000034-I01,integrated,統合説明,integrated,「ペルシア戦争」について説明せよ。,イオニア植民市の反乱を契機に、**アケメネス朝ペルシア**がギリシアへ遠征し、アテネ・スパルタなどが抵抗した戦争。 マラトン・**サラミスの海戦**などでギリシア側が勝利し、アテネの繁栄とデロス同盟の成立につながった。,アケメネス朝ペルシア|サラミスの海戦,,,世界史の窓：章節別用語リスト,https://www.y-history.net/appendix/appendix-list.html
大学受験世界史・重要300用語（三段階学習）,WH-000035,63,大学受験基礎,人物,ガウタマ＝シッダールタ,がうたましっだーるた,ブッダ|釈迦,古代インド,南アジア,インド北東部,前6〜前5世紀頃,-500,WH-000035-B01,beginner,用語の特定,identify,悟りを開いてブッダとなり、仏教を始めた人物は？,ガウタマ＝シッダールタ,ガウタマ＝シッダールタ,ブッダ|釈迦,,世界史の窓：章節別用語リスト,https://www.y-history.net/appendix/appendix-list.html
大学受験世界史・重要300用語（三段階学習）,WH-000035,63,大学受験基礎,人物,ガウタマ＝シッダールタ,がうたましっだーるた,ブッダ|釈迦,古代インド,南アジア,インド北東部,前6〜前5世紀頃,-500,WH-000035-B02,beginner,時期,time,ガウタマ＝シッダールタが主に活動したのはいつ頃？,前6〜前5世紀頃,前6〜前5世紀頃,,,世界史の窓：章節別用語リスト,https://www.y-history.net/appendix/appendix-list.html
大学受験世界史・重要300用語（三段階学習）,WH-000035,63,大学受験基礎,人物,ガウタマ＝シッダールタ,がうたましっだーるた,ブッダ|釈迦,古代インド,南アジア,インド北東部,前6〜前5世紀頃,-500,WH-000035-B03,beginner,教え,content,ガウタマ＝シッダールタが説いた苦しみをなくす実践の道は？,八正道(はっしょうどう),八正道,,,世界史の窓：章節別用語リスト,https://www.y-history.net/appendix/appendix-list.html
大学受験世界史・重要300用語（三段階学習）,WH-000035,63,大学受験基礎,人物,ガウタマ＝シッダールタ,がうたましっだーるた,ブッダ|釈迦,古代インド,南アジア,インド北東部,前6〜前5世紀頃,-500,WH-000035-R01,reverse,内容,reverse,何をした？,王族の生活を捨てて修行し、ブッダとして**四諦(したい)**・**八正道(はっしょうどう)**・中道を説き、欲望と執着から離れる解脱(げだつ)の道を示した。,四諦|八正道,,,世界史の窓：章節別用語リスト,https://www.y-history.net/appendix/appendix-list.html
大学受験世界史・重要300用語（三段階学習）,WH-000035,63,大学受験基礎,人物,ガウタマ＝シッダールタ,がうたましっだーるた,ブッダ|釈迦,古代インド,南アジア,インド北東部,前6〜前5世紀頃,-500,WH-000035-R02,reverse,結果・影響,reverse,どのような影響を与えた？,身分より行いを重視する教えが都市の商工民や王侯に支持され、**仏教教団**が成立した。,仏教教団,,,世界史の窓：章節別用語リスト,https://www.y-history.net/appendix/appendix-list.html
大学受験世界史・重要300用語（三段階学習）,WH-000035,63,大学受験基礎,人物,ガウタマ＝シッダールタ,がうたましっだーるた,ブッダ|釈迦,古代インド,南アジア,インド北東部,前6〜前5世紀頃,-500,WH-000035-I01,integrated,統合説明,integrated,「ガウタマ＝シッダールタ」について説明せよ。,王族の生活を捨てて修行し、ブッダとして**四諦(したい)**・**八正道(はっしょうどう)**・中道を説き、欲望と執着から離れる解脱(げだつ)の道を示した。 身分より行いを重視する教えが都市の商工民や王侯に支持され、**仏教教団**が成立した。,四諦|八正道|仏教教団,,,世界史の窓：章節別用語リスト,https://www.y-history.net/appendix/appendix-list.html
大学受験世界史・重要300用語（三段階学習）,WH-000036,64,大学受験基礎,思想・主義,儒家,じゅか,儒教,古代中国,東アジア,中国,前6世紀以降,-500,WH-000036-B01,beginner,用語の特定,identify,仁(じん)・礼(れい)・孝を重視し、道徳による政治を説いた孔子(こうし)に始まる学派は？,儒家(じゅか),儒家,儒教,,世界史の窓：章節別用語リスト,https://www.y-history.net/appendix/appendix-list.html
大学受験世界史・重要300用語（三段階学習）,WH-000036,64,大学受験基礎,思想・主義,儒家,じゅか,儒教,古代中国,東アジア,中国,前6世紀以降,-500,WH-000036-B02,beginner,時期,time,儒家(じゅか)が成立・発展したのはいつ頃？,前6世紀以降,前6世紀以降,,,世界史の窓：章節別用語リスト,https://www.y-history.net/appendix/appendix-list.html
大学受験世界史・重要300用語（三段階学習）,WH-000036,64,大学受験基礎,思想・主義,儒家,じゅか,儒教,古代中国,東アジア,中国,前6世紀以降,-500,WH-000036-B03,beginner,人物,person,儒家(じゅか)の祖とされる人物は？,孔子(こうし),孔子,,,世界史の窓：章節別用語リスト,https://www.y-history.net/appendix/appendix-list.html
大学受験世界史・重要300用語（三段階学習）,WH-000036,64,大学受験基礎,思想・主義,儒家,じゅか,儒教,古代中国,東アジア,中国,前6世紀以降,-500,WH-000036-R01,reverse,内容,reverse,どんな考え？,**孔子(こうし)**に始まり、仁(じん)・礼(れい)・孝と徳治を重んじ、家族秩序を国家秩序の基礎と考えた思想。,孔子,,,世界史の窓：章節別用語リスト,https://www.y-history.net/appendix/appendix-list.html
大学受験世界史・重要300用語（三段階学習）,WH-000036,64,大学受験基礎,思想・主義,儒家,じゅか,儒教,古代中国,東アジア,中国,前6世紀以降,-500,WH-000036-R02,reverse,結果・影響,reverse,どのような影響を与えた？,**儒家(じゅか)**は、漢の武帝(ぶてい)期に国家教学となり、官僚制・教育・家族倫理を通じて中国と東アジア社会を長く形作った。,儒家,,,世界史の窓：章節別用語リスト,https://www.y-history.net/appendix/appendix-list.html
大学受験世界史・重要300用語（三段階学習）,WH-000036,64,大学受験基礎,思想・主義,儒家,じゅか,儒教,古代中国,東アジア,中国,前6世紀以降,-500,WH-000036-I01,integrated,統合説明,integrated,「儒家(じゅか)」について説明せよ。,**孔子(こうし)**に始まり、仁(じん)・礼(れい)・孝と徳治を重んじ、家族秩序を国家秩序の基礎と考えた思想。 漢の武帝(ぶてい)期に国家教学となり、官僚制・教育・家族倫理を通じて中国と東アジア社会を長く形作った。,孔子,,,世界史の窓：章節別用語リスト,https://www.y-history.net/appendix/appendix-list.html
大学受験世界史・重要300用語（三段階学習）,WH-000037,246,大学受験標準,宗教・宗派,ジャイナ教,じゃいなきょう,,古代インド,南アジア,インド北東部,前6〜前5世紀,-500,WH-000037-B01,beginner,用語の特定,identify,ヴァルダマーナが不殺生と徹底した苦行を説いた古代インドの宗教は？,ジャイナ教,ジャイナ教,,,世界史の窓：章節別用語リスト,https://www.y-history.net/appendix/appendix-list.html
大学受験世界史・重要300用語（三段階学習）,WH-000037,246,大学受験標準,宗教・宗派,ジャイナ教,じゃいなきょう,,古代インド,南アジア,インド北東部,前6〜前5世紀,-500,WH-000037-B02,beginner,時期,time,ジャイナ教が成立・発展したのはいつ頃？,前6〜前5世紀,前6〜前5世紀,,,世界史の窓：章節別用語リスト,https://www.y-history.net/appendix/appendix-list.html
大学受験世界史・重要300用語（三段階学習）,WH-000037,246,大学受験標準,宗教・宗派,ジャイナ教,じゃいなきょう,,古代インド,南アジア,インド北東部,前6〜前5世紀,-500,WH-000037-B03,beginner,開祖,person,ジャイナ教を大成した人物は？,ヴァルダマーナ,ヴァルダマーナ,,,世界史の窓：章節別用語リスト,https://www.y-history.net/appendix/appendix-list.html
大学受験世界史・重要300用語（三段階学習）,WH-000037,246,大学受験標準,宗教・宗派,ジャイナ教,じゃいなきょう,,古代インド,南アジア,インド北東部,前6〜前5世紀,-500,WH-000037-R01,reverse,内容,reverse,どんな宗教・宗派？,**ヴァルダマーナ**が、あらゆる生命を傷つけない**不殺生**と厳しい苦行による魂の解放を説いた宗教。,ヴァルダマーナ|不殺生,,,世界史の窓：章節別用語リスト,https://www.y-history.net/appendix/appendix-list.html
大学受験世界史・重要300用語（三段階学習）,WH-000037,246,大学受験標準,宗教・宗派,ジャイナ教,じゃいなきょう,,古代インド,南アジア,インド北東部,前6〜前5世紀,-500,WH-000037-R02,reverse,結果・影響,reverse,どのように広がり、何へ影響した？,**ジャイナ教**は、商人層などに広がり、インドの倫理・食文化へ影響し、仏教とともにバラモン教の祭式主義を批判した。,ジャイナ教,,,世界史の窓：章節別用語リスト,https://www.y-history.net/appendix/appendix-list.html
大学受験世界史・重要300用語（三段階学習）,WH-000037,246,大学受験標準,宗教・宗派,ジャイナ教,じゃいなきょう,,古代インド,南アジア,インド北東部,前6〜前5世紀,-500,WH-000037-I01,integrated,統合説明,integrated,「ジャイナ教」について説明せよ。,**ヴァルダマーナ**が、あらゆる生命を傷つけない**不殺生**と厳しい苦行による魂の解放を説いた宗教。 商人層などに広がり、インドの倫理・食文化へ影響し、仏教とともにバラモン教の祭式主義を批判した。,ヴァルダマーナ|不殺生,,,世界史の窓：章節別用語リスト,https://www.y-history.net/appendix/appendix-list.html
大学受験世界史・重要300用語（三段階学習）,WH-000038,247,大学受験標準,運動,身分闘争,みぶんとうそう,,古代ローマ,ヨーロッパ・地中海,ローマ共和政,前5〜前3世紀,-494,WH-000038-B01,beginner,用語の特定,identify,共和政ローマで平民が貴族と政治的・法的権利の平等を求めた闘争は？,身分闘争,身分闘争,,,世界史の窓：章節別用語リスト,https://www.y-history.net/appendix/appendix-list.html
大学受験世界史・重要300用語（三段階学習）,WH-000038,247,大学受験標準,運動,身分闘争,みぶんとうそう,,古代ローマ,ヨーロッパ・地中海,ローマ共和政,前5〜前3世紀,-494,WH-000038-B02,beginner,時期,time,身分闘争が盛んになったのはいつ頃？,前5〜前3世紀,前5〜前3世紀,,,世界史の窓：章節別用語リスト,https://www.y-history.net/appendix/appendix-list.html
大学受験世界史・重要300用語（三段階学習）,WH-000038,247,大学受験標準,運動,身分闘争,みぶんとうそう,,古代ローマ,ヨーロッパ・地中海,ローマ共和政,前5〜前3世紀,-494,WH-000038-B03,beginner,制度,content,身分闘争の中で平民を保護するため設けられた官職は？,護民官(ごみんかん),護民官,,,世界史の窓：章節別用語リスト,https://www.y-history.net/appendix/appendix-list.html
大学受験世界史・重要300用語（三段階学習）,WH-000038,247,大学受験標準,運動,身分闘争,みぶんとうそう,,古代ローマ,ヨーロッパ・地中海,ローマ共和政,前5〜前3世紀,-494,WH-000038-R01,reverse,内容,reverse,どんな運動？,共和政初期、**平民**が貴族による政治・法の独占に反対し、聖山事件などを通じて権利を要求した。,平民,,,世界史の窓：章節別用語リスト,https://www.y-history.net/appendix/appendix-list.html
大学受験世界史・重要300用語（三段階学習）,WH-000038,247,大学受験標準,運動,身分闘争,みぶんとうそう,,古代ローマ,ヨーロッパ・地中海,ローマ共和政,前5〜前3世紀,-494,WH-000038-R02,reverse,結果・影響,reverse,何につながった？,**護民官(ごみんかん)**、十二表法、平民会の決議権などを獲得し、法的な身分差を縮小させた。,護民官,,,世界史の窓：章節別用語リスト,https://www.y-history.net/appendix/appendix-list.html
大学受験世界史・重要300用語（三段階学習）,WH-000038,247,大学受験標準,運動,身分闘争,みぶんとうそう,,古代ローマ,ヨーロッパ・地中海,ローマ共和政,前5〜前3世紀,-494,WH-000038-I01,integrated,統合説明,integrated,「身分闘争」について説明せよ。,共和政初期、**平民**が貴族による政治・法の独占に反対し、聖山事件などを通じて権利を要求した。 **護民官(ごみんかん)**、十二表法、平民会の決議権などを獲得し、法的な身分差を縮小させた。,平民|護民官,,,世界史の窓：章節別用語リスト,https://www.y-history.net/appendix/appendix-list.html
大学受験世界史・重要300用語（三段階学習）,WH-000039,248,大学受験標準,制度・政策・法律,十二表法,じゅうにひょうほう,,古代ローマ,ヨーロッパ・地中海,ローマ共和政,前451〜前450年,-451,WH-000039-B01,beginner,用語の特定,identify,貴族による法の独占を防ぐため公布されたローマ最初の成文法は？,十二表法,十二表法,,,世界史の窓：章節別用語リスト,https://www.y-history.net/appendix/appendix-list.html
大学受験世界史・重要300用語（三段階学習）,WH-000039,248,大学受験標準,制度・政策・法律,十二表法,じゅうにひょうほう,,古代ローマ,ヨーロッパ・地中海,ローマ共和政,前451〜前450年,-451,WH-000039-B02,beginner,時期,time,十二表法が成立・実施されたのはいつ頃？,前451〜前450年,前451〜前450年,,,世界史の窓：章節別用語リスト,https://www.y-history.net/appendix/appendix-list.html
大学受験世界史・重要300用語（三段階学習）,WH-000039,248,大学受験標準,制度・政策・法律,十二表法,じゅうにひょうほう,,古代ローマ,ヨーロッパ・地中海,ローマ共和政,前451〜前450年,-451,WH-000039-B03,beginner,要求主体,actor,十二表法の制定を要求した社会層は？,平民,平民,,,世界史の窓：章節別用語リスト,https://www.y-history.net/appendix/appendix-list.html
大学受験世界史・重要300用語（三段階学習）,WH-000039,248,大学受験標準,制度・政策・法律,十二表法,じゅうにひょうほう,,古代ローマ,ヨーロッパ・地中海,ローマ共和政,前451〜前450年,-451,WH-000039-R01,reverse,内容,reverse,どんな制度・政策・法律？,**前5世紀**、慣習法を十二枚の板に成文化して公開したローマ最初の成文法。,前5世紀,,,世界史の窓：章節別用語リスト,https://www.y-history.net/appendix/appendix-list.html
大学受験世界史・重要300用語（三段階学習）,WH-000039,248,大学受験標準,制度・政策・法律,十二表法,じゅうにひょうほう,,古代ローマ,ヨーロッパ・地中海,ローマ共和政,前451〜前450年,-451,WH-000039-R02,reverse,結果・影響,reverse,どのような影響を与えた？,平民が法を知り訴える基盤となり、後の**ローマ法**発展の出発点となった。,ローマ法,,,世界史の窓：章節別用語リスト,https://www.y-history.net/appendix/appendix-list.html
大学受験世界史・重要300用語（三段階学習）,WH-000039,248,大学受験標準,制度・政策・法律,十二表法,じゅうにひょうほう,,古代ローマ,ヨーロッパ・地中海,ローマ共和政,前451〜前450年,-451,WH-000039-I01,integrated,統合説明,integrated,「十二表法」について説明せよ。,**前5世紀**、慣習法を十二枚の板に成文化して公開したローマ最初の成文法。 平民が法を知り訴える基盤となり、後の**ローマ法**発展の出発点となった。,前5世紀|ローマ法,,,世界史の窓：章節別用語リスト,https://www.y-history.net/appendix/appendix-list.html
大学受験世界史・重要300用語（三段階学習）,WH-000040,249,大学受験標準,文化・技術・学問,ギリシア哲学,ぎりしあてつがく,,古代ギリシア,ヨーロッパ・地中海,ギリシアのポリス世界,前5〜前4世紀を中心,-450,WH-000040-B01,beginner,用語の特定,identify,ソクラテス・プラトン・アリストテレスらが理性によって真理や善を探究した思想を何という？,ギリシア哲学,ギリシア哲学,,,世界史の窓：章節別用語リスト,https://www.y-history.net/appendix/appendix-list.html
大学受験世界史・重要300用語（三段階学習）,WH-000040,249,大学受験標準,文化・技術・学問,ギリシア哲学,ぎりしあてつがく,,古代ギリシア,ヨーロッパ・地中海,ギリシアのポリス世界,前5〜前4世紀を中心,-450,WH-000040-B02,beginner,時期,time,ギリシア哲学が歴史上重要になるのはいつ頃？,前5〜前4世紀を中心,前5〜前4世紀を中心,,,世界史の窓：章節別用語リスト,https://www.y-history.net/appendix/appendix-list.html
大学受験世界史・重要300用語（三段階学習）,WH-000040,249,大学受験標準,文化・技術・学問,ギリシア哲学,ぎりしあてつがく,,古代ギリシア,ヨーロッパ・地中海,ギリシアのポリス世界,前5〜前4世紀を中心,-450,WH-000040-B03,beginner,人物,person,『国家』を著し、イデア論を説いた哲学者は？,プラトン,プラトン,,,世界史の窓：章節別用語リスト,https://www.y-history.net/appendix/appendix-list.html
大学受験世界史・重要300用語（三段階学習）,WH-000040,249,大学受験標準,文化・技術・学問,ギリシア哲学,ぎりしあてつがく,,古代ギリシア,ヨーロッパ・地中海,ギリシアのポリス世界,前5〜前4世紀を中心,-450,WH-000040-R01,reverse,内容,reverse,どんな文化・技術・学問？,自然や人間社会を神話だけでなく**理性**によって説明しようとし、ソクラテス・**プラトン**・アリストテレスが倫理・政治・論理を体系化した。,理性|プラトン,,,世界史の窓：章節別用語リスト,https://www.y-history.net/appendix/appendix-list.html
大学受験世界史・重要300用語（三段階学習）,WH-000040,249,大学受験標準,文化・技術・学問,ギリシア哲学,ぎりしあてつがく,,古代ギリシア,ヨーロッパ・地中海,ギリシアのポリス世界,前5〜前4世紀を中心,-450,WH-000040-R02,reverse,結果・影響,reverse,どのような影響を与えた？,**ギリシア哲学**は、ヘレニズム哲学、イスラーム哲学、キリスト教神学を経て、後のヨーロッパ学問と科学思想の基礎となった。,ギリシア哲学,,,世界史の窓：章節別用語リスト,https://www.y-history.net/appendix/appendix-list.html
大学受験世界史・重要300用語（三段階学習）,WH-000040,249,大学受験標準,文化・技術・学問,ギリシア哲学,ぎりしあてつがく,,古代ギリシア,ヨーロッパ・地中海,ギリシアのポリス世界,前5〜前4世紀を中心,-450,WH-000040-I01,integrated,統合説明,integrated,「ギリシア哲学」について説明せよ。,自然や人間社会を神話だけでなく**理性**によって説明しようとし、ソクラテス・**プラトン**・アリストテレスが倫理・政治・論理を体系化した。 ヘレニズム哲学、イスラーム哲学、キリスト教神学を経て、後のヨーロッパ学問と科学思想の基礎となった。,理性|プラトン,,,世界史の窓：章節別用語リスト,https://www.y-history.net/appendix/appendix-list.html
大学受験世界史・重要300用語（三段階学習）,WH-000041,65,大学受験基礎,戦争,ペロポネソス戦争,ぺろぽねそすせんそう,,古代ギリシア,ヨーロッパ・地中海,ギリシア世界,前431〜前404年,-431,WH-000041-B01,beginner,用語の特定,identify,アテネ中心のデロス同盟とスパルタ中心のペロポネソス同盟が争った戦争は？,ペロポネソス戦争,ペロポネソス戦争,,,世界史の窓：章節別用語リスト,https://www.y-history.net/appendix/appendix-list.html
大学受験世界史・重要300用語（三段階学習）,WH-000041,65,大学受験基礎,戦争,ペロポネソス戦争,ぺろぽねそすせんそう,,古代ギリシア,ヨーロッパ・地中海,ギリシア世界,前431〜前404年,-431,WH-000041-B02,beginner,時期,time,ペロポネソス戦争が起きたのはいつ？,前431〜前404年,前431〜前404年,,,世界史の窓：章節別用語リスト,https://www.y-history.net/appendix/appendix-list.html
大学受験世界史・重要300用語（三段階学習）,WH-000041,65,大学受験基礎,戦争,ペロポネソス戦争,ぺろぽねそすせんそう,,古代ギリシア,ヨーロッパ・地中海,ギリシア世界,前431〜前404年,-431,WH-000041-B03,beginner,勝者,actor,ペロポネソス戦争に勝利したポリスは？,スパルタ,スパルタ,,,世界史の窓：章節別用語リスト,https://www.y-history.net/appendix/appendix-list.html
大学受験世界史・重要300用語（三段階学習）,WH-000041,65,大学受験基礎,戦争,ペロポネソス戦争,ぺろぽねそすせんそう,,古代ギリシア,ヨーロッパ・地中海,ギリシア世界,前431〜前404年,-431,WH-000041-R01,reverse,内容,reverse,なぜ起き、何が起きた？,アテネの帝国的支配への反発から、**デロス同盟**と**ペロポネソス同盟**が長期にわたり戦った。,デロス同盟|ペロポネソス同盟,,,世界史の窓：章節別用語リスト,https://www.y-history.net/appendix/appendix-list.html
大学受験世界史・重要300用語（三段階学習）,WH-000041,65,大学受験基礎,戦争,ペロポネソス戦争,ぺろぽねそすせんそう,,古代ギリシア,ヨーロッパ・地中海,ギリシア世界,前431〜前404年,-431,WH-000041-R02,reverse,結果・影響,reverse,どんな結果をもたらした？,スパルタが勝利したが、全ポリスが疲弊して抗争を続け、のちの**マケドニア**による征服を招いた。,マケドニア,,,世界史の窓：章節別用語リスト,https://www.y-history.net/appendix/appendix-list.html
大学受験世界史・重要300用語（三段階学習）,WH-000041,65,大学受験基礎,戦争,ペロポネソス戦争,ぺろぽねそすせんそう,,古代ギリシア,ヨーロッパ・地中海,ギリシア世界,前431〜前404年,-431,WH-000041-I01,integrated,統合説明,integrated,「ペロポネソス戦争」について説明せよ。,アテネの帝国的支配への反発から、**デロス同盟**と**ペロポネソス同盟**が長期にわたり戦った。 スパルタが勝利したが、全ポリスが疲弊して抗争を続け、のちの**マケドニア**による征服を招いた。,デロス同盟|ペロポネソス同盟|マケドニア,,,世界史の窓：章節別用語リスト,https://www.y-history.net/appendix/appendix-list.html
大学受験世界史・重要300用語（三段階学習）,WH-000042,66,大学受験基礎,思想・主義,法家,ほうか,,古代中国,東アジア,戦国時代の中国,前4〜前3世紀,-350,WH-000042-B01,beginner,用語の特定,identify,君主が法律・刑罰・統治術を用いて富国強兵を進めるべきだと説いた学派は？,法家(ほうか),法家,,,世界史の窓：章節別用語リスト,https://www.y-history.net/appendix/appendix-list.html
大学受験世界史・重要300用語（三段階学習）,WH-000042,66,大学受験基礎,思想・主義,法家,ほうか,,古代中国,東アジア,戦国時代の中国,前4〜前3世紀,-350,WH-000042-B02,beginner,時期,time,法家(ほうか)が成立・発展したのはいつ頃？,前4〜前3世紀,前4〜前3世紀,,,世界史の窓：章節別用語リスト,https://www.y-history.net/appendix/appendix-list.html
大学受験世界史・重要300用語（三段階学習）,WH-000042,66,大学受験基礎,思想・主義,法家,ほうか,,古代中国,東アジア,戦国時代の中国,前4〜前3世紀,-350,WH-000042-B03,beginner,人物,person,法家(ほうか)思想を大成した思想家は？,韓非(かんぴ),韓非,,,世界史の窓：章節別用語リスト,https://www.y-history.net/appendix/appendix-list.html
大学受験世界史・重要300用語（三段階学習）,WH-000042,66,大学受験基礎,思想・主義,法家,ほうか,,古代中国,東アジア,戦国時代の中国,前4〜前3世紀,-350,WH-000042-R01,reverse,内容,reverse,どんな考え？,人間の利己性を前提に、君主が明確な**法**・賞罰・官僚統制によって国家を支配すべきだと説いた思想。,法,,,世界史の窓：章節別用語リスト,https://www.y-history.net/appendix/appendix-list.html
大学受験世界史・重要300用語（三段階学習）,WH-000042,66,大学受験基礎,思想・主義,法家,ほうか,,古代中国,東アジア,戦国時代の中国,前4〜前3世紀,-350,WH-000042-R02,reverse,結果・影響,reverse,どのような影響を与えた？,商鞅(しょうおう)の改革や**韓非(かんぴ)**の理論が秦の中央集権と中国統一を支えたが、苛酷な統治への批判も招いた。,韓非,,,世界史の窓：章節別用語リスト,https://www.y-history.net/appendix/appendix-list.html
大学受験世界史・重要300用語（三段階学習）,WH-000042,66,大学受験基礎,思想・主義,法家,ほうか,,古代中国,東アジア,戦国時代の中国,前4〜前3世紀,-350,WH-000042-I01,integrated,統合説明,integrated,「法家(ほうか)」について説明せよ。,人間の利己性を前提に、君主が明確な**法**・賞罰・官僚統制によって国家を支配すべきだと説いた思想。 商鞅(しょうおう)の改革や**韓非(かんぴ)**の理論が秦の中央集権と中国統一を支えたが、苛酷な統治への批判も招いた。,法|韓非,,,世界史の窓：章節別用語リスト,https://www.y-history.net/appendix/appendix-list.html
大学受験世界史・重要300用語（三段階学習）,WH-000043,67,大学受験基礎,制度・政策・法律,郡県制,ぐんけんせい,,古代中国,東アジア,中国,戦国時代〜秦以降,-350,WH-000043-B01,beginner,用語の特定,identify,君主が地方官を任命して郡と県を直接支配する中央集権的地方制度は？,郡県制(ぐんけんせい),郡県制,,,世界史の窓：章節別用語リスト,https://www.y-history.net/appendix/appendix-list.html
大学受験世界史・重要300用語（三段階学習）,WH-000043,67,大学受験基礎,制度・政策・法律,郡県制,ぐんけんせい,,古代中国,東アジア,中国,戦国時代〜秦以降,-350,WH-000043-B02,beginner,時期,time,郡県制(ぐんけんせい)が成立・実施されたのはいつ頃？,戦国時代〜秦以降,戦国時代〜秦以降,,,世界史の窓：章節別用語リスト,https://www.y-history.net/appendix/appendix-list.html
大学受験世界史・重要300用語（三段階学習）,WH-000043,67,大学受験基礎,制度・政策・法律,郡県制,ぐんけんせい,,古代中国,東アジア,中国,戦国時代〜秦以降,-350,WH-000043-B03,beginner,対照制度,relation,郡県制(ぐんけんせい)と対照的な、諸侯(しょこう)に土地を与える制度は？,封建制,封建制,,,世界史の窓：章節別用語リスト,https://www.y-history.net/appendix/appendix-list.html
大学受験世界史・重要300用語（三段階学習）,WH-000043,67,大学受験基礎,制度・政策・法律,郡県制,ぐんけんせい,,古代中国,東アジア,中国,戦国時代〜秦以降,-350,WH-000043-R01,reverse,内容,reverse,どんな制度・政策・法律？,地方を**郡**と**県**に分け、世襲諸侯(しょこう)ではなく中央政府が任免する官僚に統治させる制度。,郡|県,,,世界史の窓：章節別用語リスト,https://www.y-history.net/appendix/appendix-list.html
大学受験世界史・重要300用語（三段階学習）,WH-000043,67,大学受験基礎,制度・政策・法律,郡県制,ぐんけんせい,,古代中国,東アジア,中国,戦国時代〜秦以降,-350,WH-000043-R02,reverse,結果・影響,reverse,どのような影響を与えた？,**郡県制(ぐんけんせい)**は、秦が全国に広げ、漢以後も中国の中央集権的地方行政の基本となった。,郡県制,,,世界史の窓：章節別用語リスト,https://www.y-history.net/appendix/appendix-list.html
大学受験世界史・重要300用語（三段階学習）,WH-000043,67,大学受験基礎,制度・政策・法律,郡県制,ぐんけんせい,,古代中国,東アジア,中国,戦国時代〜秦以降,-350,WH-000043-I01,integrated,統合説明,integrated,「郡県制(ぐんけんせい)」について説明せよ。,地方を**郡**と**県**に分け、世襲諸侯(しょこう)ではなく中央政府が任免する官僚に統治させる制度。 秦が全国に広げ、漢以後も中国の中央集権的地方行政の基本となった。,郡|県,,,世界史の窓：章節別用語リスト,https://www.y-history.net/appendix/appendix-list.html
大学受験世界史・重要300用語（三段階学習）,WH-000044,250,大学受験標準,思想・主義,道家,どうか,,古代中国,東アジア,中国,前4〜前3世紀頃に展開,-350,WH-000044-B01,beginner,用語の特定,identify,老子(ろうし)・荘子(そうし)に代表され、自然の道に従う無為自然(むいしぜん)を説いた学派は？,道家(どうか),道家,,,世界史の窓：章節別用語リスト,https://www.y-history.net/appendix/appendix-list.html
大学受験世界史・重要300用語（三段階学習）,WH-000044,250,大学受験標準,思想・主義,道家,どうか,,古代中国,東アジア,中国,前4〜前3世紀頃に展開,-350,WH-000044-B02,beginner,時期,time,道家(どうか)が成立・発展したのはいつ頃？,前4〜前3世紀頃に展開,前4〜前3世紀頃に展開,,,世界史の窓：章節別用語リスト,https://www.y-history.net/appendix/appendix-list.html
大学受験世界史・重要300用語（三段階学習）,WH-000044,250,大学受験標準,思想・主義,道家,どうか,,古代中国,東アジア,中国,前4〜前3世紀頃に展開,-350,WH-000044-B03,beginner,思想,content,道家(どうか)の中心思想を四字で何という？,無為自然(むいしぜん),無為自然,,,世界史の窓：章節別用語リスト,https://www.y-history.net/appendix/appendix-list.html
大学受験世界史・重要300用語（三段階学習）,WH-000044,250,大学受験標準,思想・主義,道家,どうか,,古代中国,東アジア,中国,前4〜前3世紀頃に展開,-350,WH-000044-R01,reverse,内容,reverse,どんな考え？,**老子(ろうし)**・**荘子(そうし)**に代表され、人為的な規範や争いを離れて万物の根源である道に従う**無為自然(むいしぜん)**を説いた。,老子|荘子|無為自然,,,世界史の窓：章節別用語リスト,https://www.y-history.net/appendix/appendix-list.html
大学受験世界史・重要300用語（三段階学習）,WH-000044,250,大学受験標準,思想・主義,道家,どうか,,古代中国,東アジア,中国,前4〜前3世紀頃に展開,-350,WH-000044-R02,reverse,結果・影響,reverse,どのような影響を与えた？,**道家(どうか)**は、儒家(じゅか)の秩序主義を相対化し、中国の政治思想・文学・芸術、後の道教へ大きな影響を与えた。,道家,,,世界史の窓：章節別用語リスト,https://www.y-history.net/appendix/appendix-list.html
大学受験世界史・重要300用語（三段階学習）,WH-000044,250,大学受験標準,思想・主義,道家,どうか,,古代中国,東アジア,中国,前4〜前3世紀頃に展開,-350,WH-000044-I01,integrated,統合説明,integrated,「道家(どうか)」について説明せよ。,**老子(ろうし)**・**荘子(そうし)**に代表され、人為的な規範や争いを離れて万物の根源である道に従う**無為自然(むいしぜん)**を説いた。 儒家(じゅか)の秩序主義を相対化し、中国の政治思想・文学・芸術、後の道教へ大きな影響を与えた。,老子|荘子|無為自然,,,世界史の窓：章節別用語リスト,https://www.y-history.net/appendix/appendix-list.html
大学受験世界史・重要300用語（三段階学習）,WH-000045,68,大学受験基礎,人物,アレクサンドロス大王,あれくさんどろすだいおう,アレクサンドロス3世,古代ギリシア・ヘレニズム,ヨーロッパ・西アジア・南アジア,マケドニアからエジプト・西アジア・インダス川流域,前336〜前323年,-336,WH-000045-B01,beginner,用語の特定,identify,マケドニア王としてアケメネス朝を滅ぼし、インダス川流域まで遠征した人物は？,アレクサンドロス大王,アレクサンドロス大王,アレクサンドロス3世,,世界史の窓：章節別用語リスト,https://www.y-history.net/appendix/appendix-list.html
大学受験世界史・重要300用語（三段階学習）,WH-000045,68,大学受験基礎,人物,アレクサンドロス大王,あれくさんどろすだいおう,アレクサンドロス3世,古代ギリシア・ヘレニズム,ヨーロッパ・西アジア・南アジア,マケドニアからエジプト・西アジア・インダス川流域,前336〜前323年,-336,WH-000045-B02,beginner,時期,time,アレクサンドロス大王が主に活動したのはいつ頃？,前336〜前323年,前336〜前323年,,,世界史の窓：章節別用語リスト,https://www.y-history.net/appendix/appendix-list.html
大学受験世界史・重要300用語（三段階学習）,WH-000045,68,大学受験基礎,人物,アレクサンドロス大王,あれくさんどろすだいおう,アレクサンドロス3世,古代ギリシア・ヘレニズム,ヨーロッパ・西アジア・南アジア,マケドニアからエジプト・西アジア・インダス川流域,前336〜前323年,-336,WH-000045-B03,beginner,対立国,actor,アレクサンドロス大王が滅ぼした帝国は？,アケメネス朝ペルシア,アケメネス朝ペルシア,,,世界史の窓：章節別用語リスト,https://www.y-history.net/appendix/appendix-list.html
大学受験世界史・重要300用語（三段階学習）,WH-000045,68,大学受験基礎,人物,アレクサンドロス大王,あれくさんどろすだいおう,アレクサンドロス3世,古代ギリシア・ヘレニズム,ヨーロッパ・西アジア・南アジア,マケドニアからエジプト・西アジア・インダス川流域,前336〜前323年,-336,WH-000045-R01,reverse,内容,reverse,何をした？,マケドニア王としてギリシアを率い、**アケメネス朝ペルシア**を滅ぼしてエジプトからインダス川流域まで大帝国を築いた。,アケメネス朝ペルシア,,,世界史の窓：章節別用語リスト,https://www.y-history.net/appendix/appendix-list.html
大学受験世界史・重要300用語（三段階学習）,WH-000045,68,大学受験基礎,人物,アレクサンドロス大王,あれくさんどろすだいおう,アレクサンドロス3世,古代ギリシア・ヘレニズム,ヨーロッパ・西アジア・南アジア,マケドニアからエジプト・西アジア・インダス川流域,前336〜前323年,-336,WH-000045-R02,reverse,結果・影響,reverse,どのような影響を与えた？,各地にアレクサンドリアを建設し、ギリシア文化とオリエント文化が融合する**ヘレニズム**世界を生み出した。,ヘレニズム,,,世界史の窓：章節別用語リスト,https://www.y-history.net/appendix/appendix-list.html
大学受験世界史・重要300用語（三段階学習）,WH-000045,68,大学受験基礎,人物,アレクサンドロス大王,あれくさんどろすだいおう,アレクサンドロス3世,古代ギリシア・ヘレニズム,ヨーロッパ・西アジア・南アジア,マケドニアからエジプト・西アジア・インダス川流域,前336〜前323年,-336,WH-000045-I01,integrated,統合説明,integrated,「アレクサンドロス大王」について説明せよ。,マケドニア王としてギリシアを率い、**アケメネス朝ペルシア**を滅ぼしてエジプトからインダス川流域まで大帝国を築いた。 各地にアレクサンドリアを建設し、ギリシア文化とオリエント文化が融合する**ヘレニズム**世界を生み出した。,アケメネス朝ペルシア|ヘレニズム,,,世界史の窓：章節別用語リスト,https://www.y-history.net/appendix/appendix-list.html
大学受験世界史・重要300用語（三段階学習）,WH-000046,69,大学受験基礎,文化・技術・学問,ヘレニズム,へれにずむ,,ヘレニズム時代,地中海・西アジア,東地中海から西アジア,前4世紀末〜前1世紀,-323,WH-000046-B01,beginner,用語の特定,identify,アレクサンドロス大王の遠征後に広がった、ギリシア文化とオリエント文化の融合を何という？,ヘレニズム,ヘレニズム,,,世界史の窓：章節別用語リスト,https://www.y-history.net/appendix/appendix-list.html
大学受験世界史・重要300用語（三段階学習）,WH-000046,69,大学受験基礎,文化・技術・学問,ヘレニズム,へれにずむ,,ヘレニズム時代,地中海・西アジア,東地中海から西アジア,前4世紀末〜前1世紀,-323,WH-000046-B02,beginner,時期,time,ヘレニズムが歴史上重要になるのはいつ頃？,前4世紀末〜前1世紀,前4世紀末〜前1世紀,,,世界史の窓：章節別用語リスト,https://www.y-history.net/appendix/appendix-list.html
大学受験世界史・重要300用語（三段階学習）,WH-000046,69,大学受験基礎,文化・技術・学問,ヘレニズム,へれにずむ,,ヘレニズム時代,地中海・西アジア,東地中海から西アジア,前4世紀末〜前1世紀,-323,WH-000046-B03,beginner,都市,place,ヘレニズム文化の代表的中心都市は？,アレクサンドリア,アレクサンドリア,,,世界史の窓：章節別用語リスト,https://www.y-history.net/appendix/appendix-list.html
大学受験世界史・重要300用語（三段階学習）,WH-000046,69,大学受験基礎,文化・技術・学問,ヘレニズム,へれにずむ,,ヘレニズム時代,地中海・西アジア,東地中海から西アジア,前4世紀末〜前1世紀,-323,WH-000046-R01,reverse,内容,reverse,どんな文化・技術・学問？,**ヘレニズム**は、アレクサンドロス大王の征服後、ギリシア語を共通語としてギリシア文化とオリエント文化が広域に融合した文化・時代。,ヘレニズム,,,世界史の窓：章節別用語リスト,https://www.y-history.net/appendix/appendix-list.html
大学受験世界史・重要300用語（三段階学習）,WH-000046,69,大学受験基礎,文化・技術・学問,ヘレニズム,へれにずむ,,ヘレニズム時代,地中海・西アジア,東地中海から西アジア,前4世紀末〜前1世紀,-323,WH-000046-R02,reverse,結果・影響,reverse,どのような影響を与えた？,**アレクサンドリア**を中心に自然科学や哲学が発達し、ローマ文化やガンダーラ美術へ影響した。,アレクサンドリア,,,世界史の窓：章節別用語リスト,https://www.y-history.net/appendix/appendix-list.html
大学受験世界史・重要300用語（三段階学習）,WH-000046,69,大学受験基礎,文化・技術・学問,ヘレニズム,へれにずむ,,ヘレニズム時代,地中海・西アジア,東地中海から西アジア,前4世紀末〜前1世紀,-323,WH-000046-I01,integrated,統合説明,integrated,「ヘレニズム」について説明せよ。,アレクサンドロス大王の征服後、ギリシア語を共通語としてギリシア文化とオリエント文化が広域に融合した文化・時代。 **アレクサンドリア**を中心に自然科学や哲学が発達し、ローマ文化やガンダーラ美術へ影響した。,アレクサンドリア,,,世界史の窓：章節別用語リスト,https://www.y-history.net/appendix/appendix-list.html
大学受験世界史・重要300用語（三段階学習）,WH-000047,70,大学受験基礎,国家・王朝,マウリヤ朝,まうりやちょう,,古代インド,南アジア,インド亜大陸の大部分,前317頃〜前180年頃,-317,WH-000047-B01,beginner,用語の特定,identify,チャンドラグプタが建て、アショーカ王の時代にインドの大部分を統一した王朝は？,マウリヤ朝,マウリヤ朝,,,世界史の窓：章節別用語リスト,https://www.y-history.net/appendix/appendix-list.html
大学受験世界史・重要300用語（三段階学習）,WH-000047,70,大学受験基礎,国家・王朝,マウリヤ朝,まうりやちょう,,古代インド,南アジア,インド亜大陸の大部分,前317頃〜前180年頃,-317,WH-000047-B02,beginner,時期,time,マウリヤ朝が存在したのはいつ頃？,前317頃〜前180年頃,前317頃〜前180年頃,,,世界史の窓：章節別用語リスト,https://www.y-history.net/appendix/appendix-list.html
大学受験世界史・重要300用語（三段階学習）,WH-000047,70,大学受験基礎,国家・王朝,マウリヤ朝,まうりやちょう,,古代インド,南アジア,インド亜大陸の大部分,前317頃〜前180年頃,-317,WH-000047-B03,beginner,建国者,person,マウリヤ朝の建国者は？,チャンドラグプタ,チャンドラグプタ,,,世界史の窓：章節別用語リスト,https://www.y-history.net/appendix/appendix-list.html
大学受験世界史・重要300用語（三段階学習）,WH-000047,70,大学受験基礎,国家・王朝,マウリヤ朝,まうりやちょう,,古代インド,南アジア,インド亜大陸の大部分,前317頃〜前180年頃,-317,WH-000047-R01,reverse,内容,reverse,何をした？,**チャンドラグプタ**がマガダ国を基礎に建て、中央集権的官僚制と軍事力でインド亜大陸の大部分を初めて統一した。,チャンドラグプタ,,,世界史の窓：章節別用語リスト,https://www.y-history.net/appendix/appendix-list.html
大学受験世界史・重要300用語（三段階学習）,WH-000047,70,大学受験基礎,国家・王朝,マウリヤ朝,まうりやちょう,,古代インド,南アジア,インド亜大陸の大部分,前317頃〜前180年頃,-317,WH-000047-R02,reverse,結果・影響,reverse,どんな特徴をもち、何を残した？,**アショーカ王**の時代に最大となり、仏教保護と広域統治によってインド統一国家の先例を作った。,アショーカ王,,,世界史の窓：章節別用語リスト,https://www.y-history.net/appendix/appendix-list.html
大学受験世界史・重要300用語（三段階学習）,WH-000047,70,大学受験基礎,国家・王朝,マウリヤ朝,まうりやちょう,,古代インド,南アジア,インド亜大陸の大部分,前317頃〜前180年頃,-317,WH-000047-I01,integrated,統合説明,integrated,「マウリヤ朝」について説明せよ。,**チャンドラグプタ**がマガダ国を基礎に建て、中央集権的官僚制と軍事力でインド亜大陸の大部分を初めて統一した。 **アショーカ王**の時代に最大となり、仏教保護と広域統治によってインド統一国家の先例を作った。,チャンドラグプタ|アショーカ王,,,世界史の窓：章節別用語リスト,https://www.y-history.net/appendix/appendix-list.html
大学受験世界史・重要300用語（三段階学習）,WH-000048,71,大学受験基礎,人物,アショーカ王,あしょーかおう,,古代インド,南アジア,マウリヤ朝・インド亜大陸,前3世紀,-268,WH-000048-B01,beginner,用語の特定,identify,カリンガ征服後に仏教へ帰依し、ダルマによる統治を行ったマウリヤ朝の王は？,アショーカ王,アショーカ王,,,世界史の窓：章節別用語リスト,https://www.y-history.net/appendix/appendix-list.html
大学受験世界史・重要300用語（三段階学習）,WH-000048,71,大学受験基礎,人物,アショーカ王,あしょーかおう,,古代インド,南アジア,マウリヤ朝・インド亜大陸,前3世紀,-268,WH-000048-B02,beginner,時期,time,アショーカ王が主に活動したのはいつ頃？,前3世紀,前3世紀,,,世界史の窓：章節別用語リスト,https://www.y-history.net/appendix/appendix-list.html
大学受験世界史・重要300用語（三段階学習）,WH-000048,71,大学受験基礎,人物,アショーカ王,あしょーかおう,,古代インド,南アジア,マウリヤ朝・インド亜大陸,前3世紀,-268,WH-000048-B03,beginner,文書,content,アショーカ王が各地に刻ませた統治理念の文書は？,磨崖碑(まがいひ)・石柱碑(せきちゅうひ),磨崖碑・石柱碑,,,世界史の窓：章節別用語リスト,https://www.y-history.net/appendix/appendix-list.html
大学受験世界史・重要300用語（三段階学習）,WH-000048,71,大学受験基礎,人物,アショーカ王,あしょーかおう,,古代インド,南アジア,マウリヤ朝・インド亜大陸,前3世紀,-268,WH-000048-R01,reverse,内容,reverse,何をした？,カリンガ戦争の惨禍を反省して**仏教**に帰依し、不殺生・寛容・慈愛を含む**ダルマ**を磨崖碑(まがいひ)・石柱碑(せきちゅうひ)で布告した。,仏教|ダルマ,,,世界史の窓：章節別用語リスト,https://www.y-history.net/appendix/appendix-list.html
大学受験世界史・重要300用語（三段階学習）,WH-000048,71,大学受験基礎,人物,アショーカ王,あしょーかおう,,古代インド,南アジア,マウリヤ朝・インド亜大陸,前3世紀,-268,WH-000048-R02,reverse,結果・影響,reverse,どのような影響を与えた？,**アショーカ王**は、仏教教団を保護し、伝道をスリランカなどへ広げ、仏教が世界宗教化する大きな契機を作った。,アショーカ王,,,世界史の窓：章節別用語リスト,https://www.y-history.net/appendix/appendix-list.html
大学受験世界史・重要300用語（三段階学習）,WH-000048,71,大学受験基礎,人物,アショーカ王,あしょーかおう,,古代インド,南アジア,マウリヤ朝・インド亜大陸,前3世紀,-268,WH-000048-I01,integrated,統合説明,integrated,「アショーカ王」について説明せよ。,カリンガ戦争の惨禍を反省して**仏教**に帰依し、不殺生・寛容・慈愛を含む**ダルマ**を磨崖碑(まがいひ)・石柱碑(せきちゅうひ)で布告した。 仏教教団を保護し、伝道をスリランカなどへ広げ、仏教が世界宗教化する大きな契機を作った。,仏教|ダルマ,,,世界史の窓：章節別用語リスト,https://www.y-history.net/appendix/appendix-list.html
大学受験世界史・重要300用語（三段階学習）,WH-000049,72,大学受験基礎,戦争,ポエニ戦争,ぽえにせんそう,,古代ローマ,ヨーロッパ・地中海,西地中海,前264〜前146年,-264,WH-000049-B01,beginner,用語の特定,identify,西地中海の覇権をめぐってローマとカルタゴが三度戦った戦争は？,ポエニ戦争,ポエニ戦争,,,世界史の窓：章節別用語リスト,https://www.y-history.net/appendix/appendix-list.html
大学受験世界史・重要300用語（三段階学習）,WH-000049,72,大学受験基礎,戦争,ポエニ戦争,ぽえにせんそう,,古代ローマ,ヨーロッパ・地中海,西地中海,前264〜前146年,-264,WH-000049-B02,beginner,時期,time,ポエニ戦争が起きたのはいつ？,前264〜前146年,前264〜前146年,,,世界史の窓：章節別用語リスト,https://www.y-history.net/appendix/appendix-list.html
大学受験世界史・重要300用語（三段階学習）,WH-000049,72,大学受験基礎,戦争,ポエニ戦争,ぽえにせんそう,,古代ローマ,ヨーロッパ・地中海,西地中海,前264〜前146年,-264,WH-000049-B03,beginner,人物,person,第二次ポエニ戦争でアルプス越えを行ったカルタゴの将軍は？,ハンニバル,ハンニバル,,,世界史の窓：章節別用語リスト,https://www.y-history.net/appendix/appendix-list.html
大学受験世界史・重要300用語（三段階学習）,WH-000049,72,大学受験基礎,戦争,ポエニ戦争,ぽえにせんそう,,古代ローマ,ヨーロッパ・地中海,西地中海,前264〜前146年,-264,WH-000049-R01,reverse,内容,reverse,なぜ起き、何が起きた？,西地中海の覇権をめぐり、**ローマ**とフェニキア系都市**カルタゴ**が三度戦った戦争。,ローマ|カルタゴ,,,世界史の窓：章節別用語リスト,https://www.y-history.net/appendix/appendix-list.html
大学受験世界史・重要300用語（三段階学習）,WH-000049,72,大学受験基礎,戦争,ポエニ戦争,ぽえにせんそう,,古代ローマ,ヨーロッパ・地中海,西地中海,前264〜前146年,-264,WH-000049-R02,reverse,結果・影響,reverse,どんな結果をもたらした？,**ポエニ戦争**は、ローマが勝利してカルタゴを滅ぼし、シチリア・スペイン・北アフリカを支配する地中海帝国へ成長した。,ポエニ戦争,,,世界史の窓：章節別用語リスト,https://www.y-history.net/appendix/appendix-list.html
大学受験世界史・重要300用語（三段階学習）,WH-000049,72,大学受験基礎,戦争,ポエニ戦争,ぽえにせんそう,,古代ローマ,ヨーロッパ・地中海,西地中海,前264〜前146年,-264,WH-000049-I01,integrated,統合説明,integrated,「ポエニ戦争」について説明せよ。,西地中海の覇権をめぐり、**ローマ**とフェニキア系都市**カルタゴ**が三度戦った戦争。 ローマが勝利してカルタゴを滅ぼし、シチリア・スペイン・北アフリカを支配する地中海帝国へ成長した。,ローマ|カルタゴ,,,世界史の窓：章節別用語リスト,https://www.y-history.net/appendix/appendix-list.html
大学受験世界史・重要300用語（三段階学習）,WH-000050,14,大学受験基礎,国家・王朝,秦,しん,,古代,東アジア,中国,前221年〜前206年,-221,WH-000050-B01,beginner,用語の特定,identify,前221年、戦国時代を終わらせて中国を初めて統一した王朝は？,秦(しん),秦,,,世界史の窓：秦,https://www.y-history.net/appendix/wh0203-073.html
大学受験世界史・重要300用語（三段階学習）,WH-000050,14,大学受験基礎,国家・王朝,秦,しん,,古代,東アジア,中国,前221年〜前206年,-221,WH-000050-B02,beginner,中心人物,person,秦で中国を統一し、初めて皇帝を名乗った人物は？,始皇帝(しこうてい),始皇帝,,,世界史の窓：秦,https://www.y-history.net/appendix/wh0203-073.html
大学受験世界史・重要300用語（三段階学習）,WH-000050,14,大学受験基礎,国家・王朝,秦,しん,,古代,東アジア,中国,前221年〜前206年,-221,WH-000050-B03,beginner,制度,content,始皇帝(しこうてい)が全国に広げ、中央から官吏を派遣した地方統治制度は？,郡県制(ぐんけんせい),郡県制,,,世界史の窓：秦,https://www.y-history.net/appendix/wh0203-073.html
大学受験世界史・重要300用語（三段階学習）,WH-000050,14,大学受験基礎,国家・王朝,秦,しん,,古代,東アジア,中国,前221年〜前206年,-221,WH-000050-R01,reverse,複合説明,reverse,何をした？,前221年に**始皇帝(しこうてい)**が中国を初めて統一し、**郡県制(ぐんけんせい)**による中央集権を進めた。文字・貨幣・度量衡・車軌を統一したが、重税や労役、厳しい法治に反発が高まり、短期間で滅んだ。,始皇帝|郡県制|中央集権|文字・貨幣・度量衡の統一,,,世界史の窓：秦,https://www.y-history.net/appendix/wh0203-073.html
大学受験世界史・重要300用語（三段階学習）,WH-000050,14,大学受験基礎,国家・王朝,秦,しん,,古代,東アジア,中国,前221年〜前206年,-221,WH-000050-I01,integrated,統合説明,integrated,「秦」について説明せよ。,前221年に**始皇帝(しこうてい)**が中国を初めて統一した王朝。**郡県制(ぐんけんせい)**で中央集権化し、文字・貨幣・度量衡などを統一したが、重税・労役と厳しい法治への反発から短命に終わった。,始皇帝|郡県制|中央集権|文字・貨幣・度量衡の統一,,,世界史の窓：秦,https://www.y-history.net/appendix/wh0203-073.html
大学受験世界史・重要300用語（三段階学習）,WH-000051,73,大学受験基礎,人物,始皇帝,しこうてい,秦始皇帝,古代中国,東アジア,中国,前259〜前210年,-221,WH-000051-B01,beginner,用語の特定,identify,前221年に中国を初めて統一し、皇帝号を用いた秦の王は？,始皇帝(しこうてい),始皇帝,秦始皇帝,,世界史の窓：章節別用語リスト,https://www.y-history.net/appendix/appendix-list.html
大学受験世界史・重要300用語（三段階学習）,WH-000051,73,大学受験基礎,人物,始皇帝,しこうてい,秦始皇帝,古代中国,東アジア,中国,前259〜前210年,-221,WH-000051-B02,beginner,時期,time,始皇帝(しこうてい)が主に活動したのはいつ頃？,前259〜前210年,前259〜前210年,,,世界史の窓：章節別用語リスト,https://www.y-history.net/appendix/appendix-list.html
大学受験世界史・重要300用語（三段階学習）,WH-000051,73,大学受験基礎,人物,始皇帝,しこうてい,秦始皇帝,古代中国,東アジア,中国,前259〜前210年,-221,WH-000051-B03,beginner,制度,content,始皇帝(しこうてい)が全国に広げた地方統治制度は？,郡県制(ぐんけんせい),郡県制,,,世界史の窓：章節別用語リスト,https://www.y-history.net/appendix/appendix-list.html
大学受験世界史・重要300用語（三段階学習）,WH-000051,73,大学受験基礎,人物,始皇帝,しこうてい,秦始皇帝,古代中国,東アジア,中国,前259〜前210年,-221,WH-000051-R01,reverse,内容,reverse,何をした？,前221年に六国を滅ぼして中国を初めて統一し、**皇帝**号を創設して**郡県制(ぐんけんせい)**を全国へ広げ、文字・貨幣・度量衡を統一した。,皇帝|郡県制,,,世界史の窓：章節別用語リスト,https://www.y-history.net/appendix/appendix-list.html
大学受験世界史・重要300用語（三段階学習）,WH-000051,73,大学受験基礎,人物,始皇帝,しこうてい,秦始皇帝,古代中国,東アジア,中国,前259〜前210年,-221,WH-000051-R02,reverse,結果・影響,reverse,どのような影響を与えた？,**始皇帝(しこうてい)**は、中央集権国家の基本形を作ったが、重税・労役・思想統制への反発で秦は短命に終わった。,始皇帝,,,世界史の窓：章節別用語リスト,https://www.y-history.net/appendix/appendix-list.html
大学受験世界史・重要300用語（三段階学習）,WH-000051,73,大学受験基礎,人物,始皇帝,しこうてい,秦始皇帝,古代中国,東アジア,中国,前259〜前210年,-221,WH-000051-I01,integrated,統合説明,integrated,「始皇帝(しこうてい)」について説明せよ。,前221年に六国を滅ぼして中国を初めて統一し、**皇帝**号を創設して**郡県制(ぐんけんせい)**を全国へ広げ、文字・貨幣・度量衡を統一した。 中央集権国家の基本形を作ったが、重税・労役・思想統制への反発で秦は短命に終わった。,皇帝|郡県制,,,世界史の窓：章節別用語リスト,https://www.y-history.net/appendix/appendix-list.html
大学受験世界史・重要300用語（三段階学習）,WH-000052,251,大学受験標準,国家・王朝,匈奴,きょうど,,古代中央ユーラシア,中央アジア・東アジア,モンゴル高原と中国北方,前3世紀末〜1世紀,-209,WH-000052-B01,beginner,用語の特定,identify,冒頓単于(ぼくとつぜんう)のもとでモンゴル高原を統一し、漢と対立した騎馬遊牧国家は？,匈奴(きょうど),匈奴,,,世界史の窓：章節別用語リスト,https://www.y-history.net/appendix/appendix-list.html
大学受験世界史・重要300用語（三段階学習）,WH-000052,251,大学受験標準,国家・王朝,匈奴,きょうど,,古代中央ユーラシア,中央アジア・東アジア,モンゴル高原と中国北方,前3世紀末〜1世紀,-209,WH-000052-B02,beginner,時期,time,匈奴(きょうど)が存在したのはいつ頃？,前3世紀末〜1世紀,前3世紀末〜1世紀,,,世界史の窓：章節別用語リスト,https://www.y-history.net/appendix/appendix-list.html
大学受験世界史・重要300用語（三段階学習）,WH-000052,251,大学受験標準,国家・王朝,匈奴,きょうど,,古代中央ユーラシア,中央アジア・東アジア,モンゴル高原と中国北方,前3世紀末〜1世紀,-209,WH-000052-B03,beginner,称号,content,匈奴(きょうど)の君主の称号は？,単于(ぜんう),単于,,,世界史の窓：章節別用語リスト,https://www.y-history.net/appendix/appendix-list.html
大学受験世界史・重要300用語（三段階学習）,WH-000052,251,大学受験標準,国家・王朝,匈奴,きょうど,,古代中央ユーラシア,中央アジア・東アジア,モンゴル高原と中国北方,前3世紀末〜1世紀,-209,WH-000052-R01,reverse,内容,reverse,何をした？,**冒頓単于(ぼくとつぜんう)**のもとでモンゴル高原の遊牧諸部族を統合し、騎馬軍事力で漢を圧迫した遊牧国家。,冒頓単于,,,世界史の窓：章節別用語リスト,https://www.y-history.net/appendix/appendix-list.html
大学受験世界史・重要300用語（三段階学習）,WH-000052,251,大学受験標準,国家・王朝,匈奴,きょうど,,古代中央ユーラシア,中央アジア・東アジア,モンゴル高原と中国北方,前3世紀末〜1世紀,-209,WH-000052-R02,reverse,結果・影響,reverse,どんな特徴をもち、何を残した？,**匈奴(きょうど)**は、漢との戦争・和親・交易を通じて草原と農耕世界を結び、後の遊牧国家形成の先例となった。,匈奴,,,世界史の窓：章節別用語リスト,https://www.y-history.net/appendix/appendix-list.html
大学受験世界史・重要300用語（三段階学習）,WH-000052,251,大学受験標準,国家・王朝,匈奴,きょうど,,古代中央ユーラシア,中央アジア・東アジア,モンゴル高原と中国北方,前3世紀末〜1世紀,-209,WH-000052-I01,integrated,統合説明,integrated,「匈奴(きょうど)」について説明せよ。,**冒頓単于(ぼくとつぜんう)**のもとでモンゴル高原の遊牧諸部族を統合し、騎馬軍事力で漢を圧迫した遊牧国家。 漢との戦争・和親・交易を通じて草原と農耕世界を結び、後の遊牧国家形成の先例となった。,冒頓単于,,,世界史の窓：章節別用語リスト,https://www.y-history.net/appendix/appendix-list.html
大学受験世界史・重要300用語（三段階学習）,WH-000053,15,大学受験基礎,国家・王朝,漢,かん,前漢|後漢,古代,東アジア,中国を中心に東アジア・中央アジア,前202年〜220年,-202,WH-000053-B01,beginner,用語の特定,identify,秦の滅亡後、劉邦(りゅうほう)が建国し、中国を約400年にわたり支配した王朝は？,漢(かん),漢,漢王朝,,世界史の窓：漢,https://www.y-history.net/appendix/wh0203-085.html
大学受験世界史・重要300用語（三段階学習）,WH-000053,15,大学受験基礎,国家・王朝,漢,かん,前漢|後漢,古代,東アジア,中国を中心に東アジア・中央アジア,前202年〜220年,-202,WH-000053-B02,beginner,中心人物,person,漢を建国し、高祖となった人物は？,劉邦(りゅうほう),劉邦,高祖,,世界史の窓：漢,https://www.y-history.net/appendix/wh0203-085.html
大学受験世界史・重要300用語（三段階学習）,WH-000053,15,大学受験基礎,国家・王朝,漢,かん,前漢|後漢,古代,東アジア,中国を中心に東アジア・中央アジア,前202年〜220年,-202,WH-000053-B03,beginner,関連,person,武帝(ぶてい)が大月氏(だいげっし)との同盟を求めて西域(せいいき)へ派遣した人物は？,張騫(ちょうけん),張騫,,,世界史の窓：漢,https://www.y-history.net/appendix/wh0203-085.html
大学受験世界史・重要300用語（三段階学習）,WH-000053,15,大学受験基礎,国家・王朝,漢,かん,前漢|後漢,古代,東アジア,中国を中心に東アジア・中央アジア,前202年〜220年,-202,WH-000053-R01,reverse,複合説明,reverse,何をした？,**前202年**に**劉邦(りゅうほう)**が秦の後に建国し、郡県制(ぐんけんせい)と封建制を組み合わせた**郡国制(ぐんこくせい)**から中央集権を強めた。**武帝(ぶてい)**は儒学を重視して対外遠征を進め、**張騫(ちょうけん)**の派遣を通じてシルクロード交易が発達した。,劉邦|郡国制|武帝|儒学|張騫|シルクロード,,,世界史の窓：漢,https://www.y-history.net/appendix/wh0203-085.html
大学受験世界史・重要300用語（三段階学習）,WH-000053,15,大学受験基礎,国家・王朝,漢,かん,前漢|後漢,古代,東アジア,中国を中心に東アジア・中央アジア,前202年〜220年,-202,WH-000053-I01,integrated,統合説明,integrated,「漢」について説明せよ。,前202年に**劉邦(りゅうほう)**が建国し、前漢・後漢(ごかん)を通じて中国を支配した王朝。**郡国制(ぐんこくせい)**から中央集権を強め、**武帝(ぶてい)**は儒学を重視して対外進出を進め、**張騫(ちょうけん)**派遣を契機にシルクロード交易が発達した。,劉邦|郡国制|武帝|儒学|張騫|シルクロード,,,世界史の窓：漢,https://www.y-history.net/appendix/wh0203-085.html
大学受験世界史・重要300用語（三段階学習）,WH-000054,74,大学受験基礎,人物,武帝,ぶてい,漢の武帝,古代中国,東アジア,前漢とその周辺,前141〜前87年,-141,WH-000054-B01,beginner,用語の特定,identify,匈奴(きょうど)を攻撃し、張騫(ちょうけん)を西域(せいいき)へ派遣し、儒学を官学化した前漢の皇帝は？,武帝(ぶてい),武帝,漢の武帝,,世界史の窓：章節別用語リスト,https://www.y-history.net/appendix/appendix-list.html
大学受験世界史・重要300用語（三段階学習）,WH-000054,74,大学受験基礎,人物,武帝,ぶてい,漢の武帝,古代中国,東アジア,前漢とその周辺,前141〜前87年,-141,WH-000054-B02,beginner,時期,time,武帝(ぶてい)が主に活動したのはいつ頃？,前141〜前87年,前141〜前87年,,,世界史の窓：章節別用語リスト,https://www.y-history.net/appendix/appendix-list.html
大学受験世界史・重要300用語（三段階学習）,WH-000054,74,大学受験基礎,人物,武帝,ぶてい,漢の武帝,古代中国,東アジア,前漢とその周辺,前141〜前87年,-141,WH-000054-B03,beginner,人物,person,武帝(ぶてい)が西域(せいいき)へ派遣した使節は？,張騫(ちょうけん),張騫,,,世界史の窓：章節別用語リスト,https://www.y-history.net/appendix/appendix-list.html
大学受験世界史・重要300用語（三段階学習）,WH-000054,74,大学受験基礎,人物,武帝,ぶてい,漢の武帝,古代中国,東アジア,前漢とその周辺,前141〜前87年,-141,WH-000054-R01,reverse,内容,reverse,何をした？,前漢の最盛期を築き、**匈奴(きょうど)**を攻撃し、朝鮮・南越(なんえつ)を支配し、**張騫(ちょうけん)**を西域(せいいき)へ派遣した。,匈奴|張騫,,,世界史の窓：章節別用語リスト,https://www.y-history.net/appendix/appendix-list.html
大学受験世界史・重要300用語（三段階学習）,WH-000054,74,大学受験基礎,人物,武帝,ぶてい,漢の武帝,古代中国,東アジア,前漢とその周辺,前141〜前87年,-141,WH-000054-R02,reverse,結果・影響,reverse,どのような影響を与えた？,**武帝(ぶてい)**は、塩鉄専売(えんてつせんばい)などで財政を強化し、儒学を官学化して、領域国家と儒教官僚国家の基礎を固めた。,武帝,,,世界史の窓：章節別用語リスト,https://www.y-history.net/appendix/appendix-list.html
大学受験世界史・重要300用語（三段階学習）,WH-000054,74,大学受験基礎,人物,武帝,ぶてい,漢の武帝,古代中国,東アジア,前漢とその周辺,前141〜前87年,-141,WH-000054-I01,integrated,統合説明,integrated,「武帝(ぶてい)」について説明せよ。,前漢の最盛期を築き、**匈奴(きょうど)**を攻撃し、朝鮮・南越(なんえつ)を支配し、**張騫(ちょうけん)**を西域(せいいき)へ派遣した。 塩鉄専売(えんてつせんばい)などで財政を強化し、儒学を官学化して、領域国家と儒教官僚国家の基礎を固めた。,匈奴|張騫,,,世界史の窓：章節別用語リスト,https://www.y-history.net/appendix/appendix-list.html
大学受験世界史・重要300用語（三段階学習）,WH-000055,75,大学受験基礎,経済・交易,シルクロード,しるくろーど,絹の道,古代〜中世,ユーラシア,中国から中央アジア・西アジア・地中海世界,前2世紀頃〜中世,-139,WH-000055-B01,beginner,用語の特定,identify,中国と中央アジア・西アジア・地中海世界を結んだ東西交易路の総称は？,シルクロード,シルクロード,絹の道,,世界史の窓：章節別用語リスト,https://www.y-history.net/appendix/appendix-list.html
大学受験世界史・重要300用語（三段階学習）,WH-000055,75,大学受験基礎,経済・交易,シルクロード,しるくろーど,絹の道,古代〜中世,ユーラシア,中国から中央アジア・西アジア・地中海世界,前2世紀頃〜中世,-139,WH-000055-B02,beginner,時期,time,シルクロードが歴史上重要になるのはいつ頃？,前2世紀頃〜中世,前2世紀頃〜中世,,,世界史の窓：章節別用語リスト,https://www.y-history.net/appendix/appendix-list.html
大学受験世界史・重要300用語（三段階学習）,WH-000055,75,大学受験基礎,経済・交易,シルクロード,しるくろーど,絹の道,古代〜中世,ユーラシア,中国から中央アジア・西アジア・地中海世界,前2世紀頃〜中世,-139,WH-000055-B03,beginner,人物,person,漢が西域(せいいき)との交通を開くきっかけとなった使節は？,張騫(ちょうけん),張騫,,,世界史の窓：章節別用語リスト,https://www.y-history.net/appendix/appendix-list.html
大学受験世界史・重要300用語（三段階学習）,WH-000055,75,大学受験基礎,経済・交易,シルクロード,しるくろーど,絹の道,古代〜中世,ユーラシア,中国から中央アジア・西アジア・地中海世界,前2世紀頃〜中世,-139,WH-000055-R01,reverse,内容,reverse,どんな仕組み・交易？,**前2世紀**、漢の西域(せいいき)進出を背景に、中国から中央アジア・西アジア・地中海世界を結ぶ陸上交易路が発達した。,前2世紀,,,世界史の窓：章節別用語リスト,https://www.y-history.net/appendix/appendix-list.html
大学受験世界史・重要300用語（三段階学習）,WH-000055,75,大学受験基礎,経済・交易,シルクロード,しるくろーど,絹の道,古代〜中世,ユーラシア,中国から中央アジア・西アジア・地中海世界,前2世紀頃〜中世,-139,WH-000055-R02,reverse,結果・影響,reverse,どのような変化をもたらした？,絹・馬・香料などに加え、**仏教**・イスラーム教・技術・美術様式を運び、ユーラシア交流を促進した。,仏教,,,世界史の窓：章節別用語リスト,https://www.y-history.net/appendix/appendix-list.html
大学受験世界史・重要300用語（三段階学習）,WH-000055,75,大学受験基礎,経済・交易,シルクロード,しるくろーど,絹の道,古代〜中世,ユーラシア,中国から中央アジア・西アジア・地中海世界,前2世紀頃〜中世,-139,WH-000055-I01,integrated,統合説明,integrated,「シルクロード」について説明せよ。,**前2世紀**、漢の西域(せいいき)進出を背景に、中国から中央アジア・西アジア・地中海世界を結ぶ陸上交易路が発達した。 絹・馬・香料などに加え、**仏教**・イスラーム教・技術・美術様式を運び、ユーラシア交流を促進した。,前2世紀|仏教,,,世界史の窓：章節別用語リスト,https://www.y-history.net/appendix/appendix-list.html
大学受験世界史・重要300用語（三段階学習）,WH-000056,252,大学受験標準,人物,張騫,ちょうけん,,古代中国,東アジア・中央アジア,前漢から中央アジア,前2世紀,-139,WH-000056-B01,beginner,用語の特定,identify,武帝(ぶてい)の命令で大月氏(だいげっし)との同盟を求めて西域(せいいき)へ派遣された前漢の使節は？,張騫(ちょうけん),張騫,,,世界史の窓：章節別用語リスト,https://www.y-history.net/appendix/appendix-list.html
大学受験世界史・重要300用語（三段階学習）,WH-000056,252,大学受験標準,人物,張騫,ちょうけん,,古代中国,東アジア・中央アジア,前漢から中央アジア,前2世紀,-139,WH-000056-B02,beginner,時期,time,張騫(ちょうけん)が主に活動したのはいつ頃？,前2世紀,前2世紀,,,世界史の窓：章節別用語リスト,https://www.y-history.net/appendix/appendix-list.html
大学受験世界史・重要300用語（三段階学習）,WH-000056,252,大学受験標準,人物,張騫,ちょうけん,,古代中国,東アジア・中央アジア,前漢から中央アジア,前2世紀,-139,WH-000056-B03,beginner,人物,person,張騫(ちょうけん)を西域(せいいき)へ派遣した皇帝は？,武帝(ぶてい),武帝,,,世界史の窓：章節別用語リスト,https://www.y-history.net/appendix/appendix-list.html
大学受験世界史・重要300用語（三段階学習）,WH-000056,252,大学受験標準,人物,張騫,ちょうけん,,古代中国,東アジア・中央アジア,前漢から中央アジア,前2世紀,-139,WH-000056-R01,reverse,内容,reverse,何をした？,前漢の**武帝(ぶてい)**により匈奴(きょうど)挟撃の同盟を求めて大月氏(だいげっし)へ派遣され、中央アジア諸地域の情報を中国へもたらした。,武帝,,,世界史の窓：章節別用語リスト,https://www.y-history.net/appendix/appendix-list.html
大学受験世界史・重要300用語（三段階学習）,WH-000056,252,大学受験標準,人物,張騫,ちょうけん,,古代中国,東アジア・中央アジア,前漢から中央アジア,前2世紀,-139,WH-000056-R02,reverse,結果・影響,reverse,どのような影響を与えた？,漢の西域(せいいき)進出と交易路整備を促し、後に**シルクロード**と呼ばれる東西交流を活発化させた。,シルクロード,,,世界史の窓：章節別用語リスト,https://www.y-history.net/appendix/appendix-list.html
大学受験世界史・重要300用語（三段階学習）,WH-000056,252,大学受験標準,人物,張騫,ちょうけん,,古代中国,東アジア・中央アジア,前漢から中央アジア,前2世紀,-139,WH-000056-I01,integrated,統合説明,integrated,「張騫(ちょうけん)」について説明せよ。,前漢の**武帝(ぶてい)**により匈奴(きょうど)挟撃の同盟を求めて大月氏(だいげっし)へ派遣され、中央アジア諸地域の情報を中国へもたらした。 漢の西域(せいいき)進出と交易路整備を促し、後に**シルクロード**と呼ばれる東西交流を活発化させた。,武帝|シルクロード,,,世界史の窓：章節別用語リスト,https://www.y-history.net/appendix/appendix-list.html
大学受験世界史・重要300用語（三段階学習）,WH-000057,253,大学受験標準,制度・政策・法律,郷挙里選,きょうきょりせん,,古代中国,東アジア,漢代中国,前2世紀〜3世紀,-134,WH-000057-B01,beginner,用語の特定,identify,漢代に地方長官が徳行や才能のある人物を中央へ推薦した官吏登用制度は？,郷挙里選(きょうきょりせん),郷挙里選,,,世界史の窓：章節別用語リスト,https://www.y-history.net/appendix/appendix-list.html
大学受験世界史・重要300用語（三段階学習）,WH-000057,253,大学受験標準,制度・政策・法律,郷挙里選,きょうきょりせん,,古代中国,東アジア,漢代中国,前2世紀〜3世紀,-134,WH-000057-B02,beginner,時期,time,郷挙里選(きょうきょりせん)が成立・実施されたのはいつ頃？,前2世紀〜3世紀,前2世紀〜3世紀,,,世界史の窓：章節別用語リスト,https://www.y-history.net/appendix/appendix-list.html
大学受験世界史・重要300用語（三段階学習）,WH-000057,253,大学受験標準,制度・政策・法律,郷挙里選,きょうきょりせん,,古代中国,東アジア,漢代中国,前2世紀〜3世紀,-134,WH-000057-B03,beginner,王朝,relation,郷挙里選(きょうきょりせん)が行われた代表的王朝は？,漢,漢,,,世界史の窓：章節別用語リスト,https://www.y-history.net/appendix/appendix-list.html
大学受験世界史・重要300用語（三段階学習）,WH-000057,253,大学受験標準,制度・政策・法律,郷挙里選,きょうきょりせん,,古代中国,東アジア,漢代中国,前2世紀〜3世紀,-134,WH-000057-R01,reverse,内容,reverse,どんな制度・政策・法律？,**郷挙里選(きょうきょりせん)**は、地方長官が郷里の評判や徳行を基準に人材を推薦し、中央政府が官吏へ採用する制度。,郷挙里選,,,世界史の窓：章節別用語リスト,https://www.y-history.net/appendix/appendix-list.html
大学受験世界史・重要300用語（三段階学習）,WH-000057,253,大学受験標準,制度・政策・法律,郷挙里選,きょうきょりせん,,古代中国,東アジア,漢代中国,前2世紀〜3世紀,-134,WH-000057-R02,reverse,結果・影響,reverse,どのような影響を与えた？,儒教的教養をもつ官僚を集めたが、豪族の影響が強まり、魏の**九品中正(きゅうひんちゅうせい)**へ移行した。,九品中正,,,世界史の窓：章節別用語リスト,https://www.y-history.net/appendix/appendix-list.html
大学受験世界史・重要300用語（三段階学習）,WH-000057,253,大学受験標準,制度・政策・法律,郷挙里選,きょうきょりせん,,古代中国,東アジア,漢代中国,前2世紀〜3世紀,-134,WH-000057-I01,integrated,統合説明,integrated,「郷挙里選(きょうきょりせん)」について説明せよ。,地方長官が郷里の評判や徳行を基準に人材を推薦し、中央政府が官吏へ採用する制度。 儒教的教養をもつ官僚を集めたが、豪族の影響が強まり、魏の**九品中正(きゅうひんちゅうせい)**へ移行した。,九品中正,,,世界史の窓：章節別用語リスト,https://www.y-history.net/appendix/appendix-list.html
大学受験世界史・重要300用語（三段階学習）,WH-000058,254,大学受験標準,人物,グラックス兄弟,ぐらっくすきょうだい,,古代ローマ,ヨーロッパ・地中海,ローマ共和政,前2世紀後半,-133,WH-000058-B01,beginner,用語の特定,identify,大土地所有の拡大に対し、公有地を分配して自作農を再建しようとしたローマの兄弟は？,グラックス兄弟,グラックス兄弟,,,世界史の窓：章節別用語リスト,https://www.y-history.net/appendix/appendix-list.html
大学受験世界史・重要300用語（三段階学習）,WH-000058,254,大学受験標準,人物,グラックス兄弟,ぐらっくすきょうだい,,古代ローマ,ヨーロッパ・地中海,ローマ共和政,前2世紀後半,-133,WH-000058-B02,beginner,時期,time,グラックス兄弟が主に活動したのはいつ頃？,前2世紀後半,前2世紀後半,,,世界史の窓：章節別用語リスト,https://www.y-history.net/appendix/appendix-list.html
大学受験世界史・重要300用語（三段階学習）,WH-000058,254,大学受験標準,人物,グラックス兄弟,ぐらっくすきょうだい,,古代ローマ,ヨーロッパ・地中海,ローマ共和政,前2世紀後半,-133,WH-000058-B03,beginner,対象,actor,グラックス兄弟が再建しようとした社会層は？,自作農,自作農,,,世界史の窓：章節別用語リスト,https://www.y-history.net/appendix/appendix-list.html
大学受験世界史・重要300用語（三段階学習）,WH-000058,254,大学受験標準,人物,グラックス兄弟,ぐらっくすきょうだい,,古代ローマ,ヨーロッパ・地中海,ローマ共和政,前2世紀後半,-133,WH-000058-R01,reverse,内容,reverse,何をした？,護民官(ごみんかん)となったティベリウスとガイウスが、**公有地**の占有を制限して没落した**自作農**へ再分配しようとした。,公有地|自作農,,,世界史の窓：章節別用語リスト,https://www.y-history.net/appendix/appendix-list.html
大学受験世界史・重要300用語（三段階学習）,WH-000058,254,大学受験標準,人物,グラックス兄弟,ぐらっくすきょうだい,,古代ローマ,ヨーロッパ・地中海,ローマ共和政,前2世紀後半,-133,WH-000058-R02,reverse,結果・影響,reverse,どのような影響を与えた？,改革は元老院派の暴力で挫折し、政治対立が武力化する**内乱の1世紀**の始まりとなった。,内乱の1世紀,,,世界史の窓：章節別用語リスト,https://www.y-history.net/appendix/appendix-list.html
大学受験世界史・重要300用語（三段階学習）,WH-000058,254,大学受験標準,人物,グラックス兄弟,ぐらっくすきょうだい,,古代ローマ,ヨーロッパ・地中海,ローマ共和政,前2世紀後半,-133,WH-000058-I01,integrated,統合説明,integrated,「グラックス兄弟」について説明せよ。,護民官(ごみんかん)となったティベリウスとガイウスが、**公有地**の占有を制限して没落した**自作農**へ再分配しようとした。 改革は元老院派の暴力で挫折し、政治対立が武力化する**内乱の1世紀**の始まりとなった。,公有地|自作農|内乱の1世紀,,,世界史の窓：章節別用語リスト,https://www.y-history.net/appendix/appendix-list.html
大学受験世界史・重要300用語（三段階学習）,WH-000059,255,大学受験標準,時代・歴史区分,内乱の1世紀,ないらんのいっせいき,,古代ローマ,ヨーロッパ・地中海,ローマ共和政,前133〜前27年,-133,WH-000059-B01,beginner,用語の特定,identify,グラックス兄弟の改革からアウグストゥスの元首政(げんしゅせい)成立まで続いたローマの政治混乱期を何という？,内乱の1世紀,内乱の1世紀,,,世界史の窓：章節別用語リスト,https://www.y-history.net/appendix/appendix-list.html
大学受験世界史・重要300用語（三段階学習）,WH-000059,255,大学受験標準,時代・歴史区分,内乱の1世紀,ないらんのいっせいき,,古代ローマ,ヨーロッパ・地中海,ローマ共和政,前133〜前27年,-133,WH-000059-B02,beginner,時期,time,内乱の1世紀が歴史上重要になるのはいつ頃？,前133〜前27年,前133〜前27年,,,世界史の窓：章節別用語リスト,https://www.y-history.net/appendix/appendix-list.html
大学受験世界史・重要300用語（三段階学習）,WH-000059,255,大学受験標準,時代・歴史区分,内乱の1世紀,ないらんのいっせいき,,古代ローマ,ヨーロッパ・地中海,ローマ共和政,前133〜前27年,-133,WH-000059-B03,beginner,終結人物,person,内乱の1世紀を終わらせて元首政(げんしゅせい)を始めた人物は？,アウグストゥス,アウグストゥス,,,世界史の窓：章節別用語リスト,https://www.y-history.net/appendix/appendix-list.html
大学受験世界史・重要300用語（三段階学習）,WH-000059,255,大学受験標準,時代・歴史区分,内乱の1世紀,ないらんのいっせいき,,古代ローマ,ヨーロッパ・地中海,ローマ共和政,前133〜前27年,-133,WH-000059-R01,reverse,内容,reverse,何が起きた時代・変化？,**内乱の1世紀**は、領土拡大で自作農が没落し、軍人が私兵化したため、元老院派・民衆派や有力将軍が武力で争った時代。,内乱の1世紀,,,世界史の窓：章節別用語リスト,https://www.y-history.net/appendix/appendix-list.html
大学受験世界史・重要300用語（三段階学習）,WH-000059,255,大学受験標準,時代・歴史区分,内乱の1世紀,ないらんのいっせいき,,古代ローマ,ヨーロッパ・地中海,ローマ共和政,前133〜前27年,-133,WH-000059-R02,reverse,結果・影響,reverse,何につながった？,カエサル暗殺と内戦を経て**オクタウィアヌス**が勝利し、共和政から**元首政(げんしゅせい)**へ移行した。,オクタウィアヌス|元首政,,,世界史の窓：章節別用語リスト,https://www.y-history.net/appendix/appendix-list.html
大学受験世界史・重要300用語（三段階学習）,WH-000059,255,大学受験標準,時代・歴史区分,内乱の1世紀,ないらんのいっせいき,,古代ローマ,ヨーロッパ・地中海,ローマ共和政,前133〜前27年,-133,WH-000059-I01,integrated,統合説明,integrated,「内乱の1世紀」について説明せよ。,領土拡大で自作農が没落し、軍人が私兵化したため、元老院派・民衆派や有力将軍が武力で争った時代。 カエサル暗殺と内戦を経て**オクタウィアヌス**が勝利し、共和政から**元首政(げんしゅせい)**へ移行した。,オクタウィアヌス|元首政,,,世界史の窓：章節別用語リスト,https://www.y-history.net/appendix/appendix-list.html
大学受験世界史・重要300用語（三段階学習）,WH-000060,76,大学受験基礎,人物,カエサル,かえさる,ユリウス＝カエサル,古代ローマ,ヨーロッパ・地中海,ローマとガリア・地中海世界,前1世紀,-100,WH-000060-B01,beginner,用語の特定,identify,ガリアを征服し、ルビコン川を渡って独裁権を握ったローマの政治家・将軍は？,カエサル,カエサル,ユリウス＝カエサル,,世界史の窓：章節別用語リスト,https://www.y-history.net/appendix/appendix-list.html
大学受験世界史・重要300用語（三段階学習）,WH-000060,76,大学受験基礎,人物,カエサル,かえさる,ユリウス＝カエサル,古代ローマ,ヨーロッパ・地中海,ローマとガリア・地中海世界,前1世紀,-100,WH-000060-B02,beginner,時期,time,カエサルが主に活動したのはいつ頃？,前1世紀,前1世紀,,,世界史の窓：章節別用語リスト,https://www.y-history.net/appendix/appendix-list.html
大学受験世界史・重要300用語（三段階学習）,WH-000060,76,大学受験基礎,人物,カエサル,かえさる,ユリウス＝カエサル,古代ローマ,ヨーロッパ・地中海,ローマとガリア・地中海世界,前1世紀,-100,WH-000060-B03,beginner,征服地,place,カエサルが征服した地域は？,ガリア,ガリア,,,世界史の窓：章節別用語リスト,https://www.y-history.net/appendix/appendix-list.html
大学受験世界史・重要300用語（三段階学習）,WH-000060,76,大学受験基礎,人物,カエサル,かえさる,ユリウス＝カエサル,古代ローマ,ヨーロッパ・地中海,ローマとガリア・地中海世界,前1世紀,-100,WH-000060-R01,reverse,内容,reverse,何をした？,**ガリア征服**で軍事的名声を得て、ルビコン川を渡り内戦に勝利し、終身独裁官として暦・行政などを改革した。,ガリア征服,,,世界史の窓：章節別用語リスト,https://www.y-history.net/appendix/appendix-list.html
大学受験世界史・重要300用語（三段階学習）,WH-000060,76,大学受験基礎,人物,カエサル,かえさる,ユリウス＝カエサル,古代ローマ,ヨーロッパ・地中海,ローマとガリア・地中海世界,前1世紀,-100,WH-000060-R02,reverse,結果・影響,reverse,どのような影響を与えた？,共和政擁護派に暗殺されたが、その後の内戦を経て養子**オクタウィアヌス**による帝政成立を促した。,オクタウィアヌス,,,世界史の窓：章節別用語リスト,https://www.y-history.net/appendix/appendix-list.html
大学受験世界史・重要300用語（三段階学習）,WH-000060,76,大学受験基礎,人物,カエサル,かえさる,ユリウス＝カエサル,古代ローマ,ヨーロッパ・地中海,ローマとガリア・地中海世界,前1世紀,-100,WH-000060-I01,integrated,統合説明,integrated,「カエサル」について説明せよ。,**ガリア征服**で軍事的名声を得て、ルビコン川を渡り内戦に勝利し、終身独裁官として暦・行政などを改革した。 共和政擁護派に暗殺されたが、その後の内戦を経て養子**オクタウィアヌス**による帝政成立を促した。,ガリア征服|オクタウィアヌス,,,世界史の窓：章節別用語リスト,https://www.y-history.net/appendix/appendix-list.html
大学受験世界史・重要300用語（三段階学習）,WH-000061,256,大学受験標準,国家・王朝,高句麗,こうくり,,古代東アジア,東アジア,朝鮮半島北部・満州南部,前1世紀頃〜668年,-37,WH-000061-B01,beginner,用語の特定,identify,朝鮮半島北部から満州南部に勢力を広げ、隋(ずい)・唐の遠征に抵抗した国は？,高句麗(こうくり),高句麗,,,世界史の窓：章節別用語リスト,https://www.y-history.net/appendix/appendix-list.html
大学受験世界史・重要300用語（三段階学習）,WH-000061,256,大学受験標準,国家・王朝,高句麗,こうくり,,古代東アジア,東アジア,朝鮮半島北部・満州南部,前1世紀頃〜668年,-37,WH-000061-B02,beginner,時期,time,高句麗(こうくり)が存在したのはいつ頃？,前1世紀頃〜668年,前1世紀頃〜668年,,,世界史の窓：章節別用語リスト,https://www.y-history.net/appendix/appendix-list.html
大学受験世界史・重要300用語（三段階学習）,WH-000061,256,大学受験標準,国家・王朝,高句麗,こうくり,,古代東アジア,東アジア,朝鮮半島北部・満州南部,前1世紀頃〜668年,-37,WH-000061-B03,beginner,対立国,actor,高句麗(こうくり)に大遠征を行った中国の二王朝は？,隋(ずい)と唐,隋と唐,,,世界史の窓：章節別用語リスト,https://www.y-history.net/appendix/appendix-list.html
大学受験世界史・重要300用語（三段階学習）,WH-000061,256,大学受験標準,国家・王朝,高句麗,こうくり,,古代東アジア,東アジア,朝鮮半島北部・満州南部,前1世紀頃〜668年,-37,WH-000061-R01,reverse,内容,reverse,何をした？,**高句麗(こうくり)**は、朝鮮半島北部と満州南部に成立し、4〜5世紀に広開土王(こうかいどおう)・長寿王(ちょうじゅおう)のもとで強大化した国。,高句麗,,,世界史の窓：章節別用語リスト,https://www.y-history.net/appendix/appendix-list.html
大学受験世界史・重要300用語（三段階学習）,WH-000061,256,大学受験標準,国家・王朝,高句麗,こうくり,,古代東アジア,東アジア,朝鮮半島北部・満州南部,前1世紀頃〜668年,-37,WH-000061-R02,reverse,結果・影響,reverse,どんな特徴をもち、何を残した？,**隋(ずい)**の遠征を退けたが、668年に唐と新羅(しらぎ)の連合軍に滅ぼされ、その故地では渤海(ぼっかい)が成立した。,隋,,,世界史の窓：章節別用語リスト,https://www.y-history.net/appendix/appendix-list.html
大学受験世界史・重要300用語（三段階学習）,WH-000061,256,大学受験標準,国家・王朝,高句麗,こうくり,,古代東アジア,東アジア,朝鮮半島北部・満州南部,前1世紀頃〜668年,-37,WH-000061-I01,integrated,統合説明,integrated,「高句麗(こうくり)」について説明せよ。,朝鮮半島北部と満州南部に成立し、4〜5世紀に広開土王(こうかいどおう)・長寿王(ちょうじゅおう)のもとで強大化した国。 **隋(ずい)**の遠征を退けたが、668年に唐と新羅(しらぎ)の連合軍に滅ぼされ、その故地では渤海(ぼっかい)が成立した。,隋,,,世界史の窓：章節別用語リスト,https://www.y-history.net/appendix/appendix-list.html
大学受験世界史・重要300用語（三段階学習）,WH-000062,7,大学受験基礎,国家・王朝,ローマ帝国,ろーまていこく,,古代,ヨーロッパ,地中海世界・西アジア・北アフリカ,前27年〜後5世紀,-27,WH-000062-B01,beginner,用語の特定,identify,前27年にアウグストゥスの元首政(げんしゅせい)から始まり、地中海世界を支配した国家は？,ローマ帝国,ローマ帝国,,,世界史の窓：ローマ帝国,https://www.y-history.net/appendix/wh0103-069.html
大学受験世界史・重要300用語（三段階学習）,WH-000062,7,大学受験基礎,国家・王朝,ローマ帝国,ろーまていこく,,古代,ヨーロッパ,地中海世界・西アジア・北アフリカ,前27年〜後5世紀,-27,WH-000062-B02,beginner,中心人物,person,ローマ帝国の初代皇帝とされる人物は？,アウグストゥス,アウグストゥス,オクタウィアヌス,,世界史の窓：ローマ帝国,https://www.y-history.net/appendix/wh0103-069.html
大学受験世界史・重要300用語（三段階学習）,WH-000062,7,大学受験基礎,国家・王朝,ローマ帝国,ろーまていこく,,古代,ヨーロッパ,地中海世界・西アジア・北アフリカ,前27年〜後5世紀,-27,WH-000062-B03,beginner,時代,content,1〜2世紀を中心とするローマ帝国の平和と繁栄の時代を何という？,パクス＝ロマーナ,パクス＝ロマーナ,ローマの平和,,世界史の窓：ローマ帝国,https://www.y-history.net/appendix/wh0103-069.html
大学受験世界史・重要300用語（三段階学習）,WH-000062,7,大学受験基礎,国家・王朝,ローマ帝国,ろーまていこく,,古代,ヨーロッパ,地中海世界・西アジア・北アフリカ,前27年〜後5世紀,-27,WH-000062-R01,reverse,時期,reverse,成立し、繁栄・分裂したのはいつ頃？,前27年に**アウグストゥス**の元首政(げんしゅせい)が始まり、1〜2世紀に**パクス＝ロマーナ**を迎えた。395年に東西分裂し、西ローマ帝国は476年に滅亡した。,アウグストゥス|パクス＝ロマーナ|395年|476年,,,世界史の窓：ローマ帝国,https://www.y-history.net/appendix/wh0103-069.html
大学受験世界史・重要300用語（三段階学習）,WH-000062,7,大学受験基礎,国家・王朝,ローマ帝国,ろーまていこく,,古代,ヨーロッパ,地中海世界・西アジア・北アフリカ,前27年〜後5世紀,-27,WH-000062-R02,reverse,内容,reverse,何をした？,地中海を囲む広域を支配し、道路・都市・軍制と**ローマ法**を整えた。属州民への市民権拡大と**キリスト教**の公認・国教化を通じ、後世のヨーロッパ世界に大きな遺産を残した。,地中海世界|ローマ法|市民権|キリスト教,,,世界史の窓：ローマ帝国,https://www.y-history.net/appendix/wh0103-069.html
大学受験世界史・重要300用語（三段階学習）,WH-000062,7,大学受験基礎,国家・王朝,ローマ帝国,ろーまていこく,,古代,ヨーロッパ,地中海世界・西アジア・北アフリカ,前27年〜後5世紀,-27,WH-000062-I01,integrated,統合説明,integrated,「ローマ帝国」について説明せよ。,前27年に**アウグストゥス**の元首政(げんしゅせい)から始まり、1〜2世紀に**パクス＝ロマーナ**を迎えた地中海帝国。道路・都市・**ローマ法**を整え、市民権を拡大し、**キリスト教**を公認・国教化したが、395年に東西分裂し西ローマ帝国は476年に滅亡した。,アウグストゥス|パクス＝ロマーナ|ローマ法|市民権|キリスト教|395年|476年,,,世界史の窓：ローマ帝国,https://www.y-history.net/appendix/wh0103-069.html
大学受験世界史・重要300用語（三段階学習）,WH-000063,77,大学受験基礎,人物,アウグストゥス,あうぐすとぅす,オクタウィアヌス,古代ローマ,ヨーロッパ・地中海,ローマ帝国,前27年〜14年,-27,WH-000063-B01,beginner,用語の特定,identify,前27年に元老院から尊称を受け、ローマの元首政(げんしゅせい)を始めた初代皇帝は？,アウグストゥス,アウグストゥス,オクタウィアヌス,,世界史の窓：章節別用語リスト,https://www.y-history.net/appendix/appendix-list.html
大学受験世界史・重要300用語（三段階学習）,WH-000063,77,大学受験基礎,人物,アウグストゥス,あうぐすとぅす,オクタウィアヌス,古代ローマ,ヨーロッパ・地中海,ローマ帝国,前27年〜14年,-27,WH-000063-B02,beginner,時期,time,アウグストゥスが主に活動したのはいつ頃？,前27年〜14年,前27年〜14年,,,世界史の窓：章節別用語リスト,https://www.y-history.net/appendix/appendix-list.html
大学受験世界史・重要300用語（三段階学習）,WH-000063,77,大学受験基礎,人物,アウグストゥス,あうぐすとぅす,オクタウィアヌス,古代ローマ,ヨーロッパ・地中海,ローマ帝国,前27年〜14年,-27,WH-000063-B03,beginner,別名,relation,アウグストゥスの本名は？,オクタウィアヌス,オクタウィアヌス,,,世界史の窓：章節別用語リスト,https://www.y-history.net/appendix/appendix-list.html
大学受験世界史・重要300用語（三段階学習）,WH-000063,77,大学受験基礎,人物,アウグストゥス,あうぐすとぅす,オクタウィアヌス,古代ローマ,ヨーロッパ・地中海,ローマ帝国,前27年〜14年,-27,WH-000063-R01,reverse,内容,reverse,何をした？,アクティウムの海戦で勝利し、前27年に**アウグストゥス**の称号を受け、共和政の形式を残した**元首政(げんしゅせい)**を開始した。,アウグストゥス|元首政,,,世界史の窓：章節別用語リスト,https://www.y-history.net/appendix/appendix-list.html
大学受験世界史・重要300用語（三段階学習）,WH-000063,77,大学受験基礎,人物,アウグストゥス,あうぐすとぅす,オクタウィアヌス,古代ローマ,ヨーロッパ・地中海,ローマ帝国,前27年〜14年,-27,WH-000063-R02,reverse,結果・影響,reverse,どのような影響を与えた？,軍制・属州統治を整えて内戦を終わらせ、約二百年続く**パクス＝ロマーナ**の基礎を築いた。,パクス＝ロマーナ,,,世界史の窓：章節別用語リスト,https://www.y-history.net/appendix/appendix-list.html
大学受験世界史・重要300用語（三段階学習）,WH-000063,77,大学受験基礎,人物,アウグストゥス,あうぐすとぅす,オクタウィアヌス,古代ローマ,ヨーロッパ・地中海,ローマ帝国,前27年〜14年,-27,WH-000063-I01,integrated,統合説明,integrated,「アウグストゥス」について説明せよ。,アクティウムの海戦で勝利し、前27年に**アウグストゥス**の称号を受け、共和政の形式を残した**元首政(げんしゅせい)**を開始した。 軍制・属州統治を整えて内戦を終わらせ、約二百年続く**パクス＝ロマーナ**の基礎を築いた。,アウグストゥス|元首政|パクス＝ロマーナ,,,世界史の窓：章節別用語リスト,https://www.y-history.net/appendix/appendix-list.html
大学受験世界史・重要300用語（三段階学習）,WH-000064,257,大学受験標準,時代・歴史区分,パクス＝ロマーナ,ぱくすろまーな,ローマの平和,古代ローマ,ヨーロッパ・地中海,ローマ帝国全域,前1世紀末〜2世紀末,-27,WH-000064-B01,beginner,用語の特定,identify,アウグストゥスから五賢帝期にかけて続いたローマ帝国の安定と繁栄を何という？,パクス＝ロマーナ,パクス＝ロマーナ,ローマの平和,,世界史の窓：章節別用語リスト,https://www.y-history.net/appendix/appendix-list.html
大学受験世界史・重要300用語（三段階学習）,WH-000064,257,大学受験標準,時代・歴史区分,パクス＝ロマーナ,ぱくすろまーな,ローマの平和,古代ローマ,ヨーロッパ・地中海,ローマ帝国全域,前1世紀末〜2世紀末,-27,WH-000064-B02,beginner,時期,time,パクス＝ロマーナが歴史上重要になるのはいつ頃？,前1世紀末〜2世紀末,前1世紀末〜2世紀末,,,世界史の窓：章節別用語リスト,https://www.y-history.net/appendix/appendix-list.html
大学受験世界史・重要300用語（三段階学習）,WH-000064,257,大学受験標準,時代・歴史区分,パクス＝ロマーナ,ぱくすろまーな,ローマの平和,古代ローマ,ヨーロッパ・地中海,ローマ帝国全域,前1世紀末〜2世紀末,-27,WH-000064-B03,beginner,地域,place,ローマが「内海」として支配し交易の中心とした海は？,地中海,地中海,,,世界史の窓：章節別用語リスト,https://www.y-history.net/appendix/appendix-list.html
大学受験世界史・重要300用語（三段階学習）,WH-000064,257,大学受験標準,時代・歴史区分,パクス＝ロマーナ,ぱくすろまーな,ローマの平和,古代ローマ,ヨーロッパ・地中海,ローマ帝国全域,前1世紀末〜2世紀末,-27,WH-000064-R01,reverse,内容,reverse,何が起きた時代・変化？,**パクス＝ロマーナ**は、アウグストゥスから五賢帝期にかけ、ローマ帝国の政治秩序が安定し、道路・都市・貨幣経済が発達した時代。,パクス＝ロマーナ,,,世界史の窓：章節別用語リスト,https://www.y-history.net/appendix/appendix-list.html
大学受験世界史・重要300用語（三段階学習）,WH-000064,257,大学受験標準,時代・歴史区分,パクス＝ロマーナ,ぱくすろまーな,ローマの平和,古代ローマ,ヨーロッパ・地中海,ローマ帝国全域,前1世紀末〜2世紀末,-27,WH-000064-R02,reverse,結果・影響,reverse,何につながった？,**地中海**を中心に人・物・文化が移動し、ローマ法・ラテン語・都市文化が帝国各地へ広がった。,地中海,,,世界史の窓：章節別用語リスト,https://www.y-history.net/appendix/appendix-list.html
大学受験世界史・重要300用語（三段階学習）,WH-000064,257,大学受験標準,時代・歴史区分,パクス＝ロマーナ,ぱくすろまーな,ローマの平和,古代ローマ,ヨーロッパ・地中海,ローマ帝国全域,前1世紀末〜2世紀末,-27,WH-000064-I01,integrated,統合説明,integrated,「パクス＝ロマーナ」について説明せよ。,アウグストゥスから五賢帝期にかけ、ローマ帝国の政治秩序が安定し、道路・都市・貨幣経済が発達した時代。 **地中海**を中心に人・物・文化が移動し、ローマ法・ラテン語・都市文化が帝国各地へ広がった。,地中海,,,世界史の窓：章節別用語リスト,https://www.y-history.net/appendix/appendix-list.html
大学受験世界史・重要300用語（三段階学習）,WH-000065,258,大学受験標準,国家・王朝,後漢,ごかん,東漢,古代中国,東アジア,中国,25〜220年,25,WH-000065-B01,beginner,用語の特定,identify,王莽の新を倒した劉秀(りゅうしゅう)が建て、洛陽(らくよう)を都とした漢王朝は？,後漢(ごかん),後漢,東漢,,世界史の窓：章節別用語リスト,https://www.y-history.net/appendix/appendix-list.html
大学受験世界史・重要300用語（三段階学習）,WH-000065,258,大学受験標準,国家・王朝,後漢,ごかん,東漢,古代中国,東アジア,中国,25〜220年,25,WH-000065-B02,beginner,時期,time,後漢(ごかん)が存在したのはいつ頃？,25〜220年,25〜220年,,,世界史の窓：章節別用語リスト,https://www.y-history.net/appendix/appendix-list.html
大学受験世界史・重要300用語（三段階学習）,WH-000065,258,大学受験標準,国家・王朝,後漢,ごかん,東漢,古代中国,東アジア,中国,25〜220年,25,WH-000065-B03,beginner,都,place,後漢(ごかん)の都は？,洛陽(らくよう),洛陽,,,世界史の窓：章節別用語リスト,https://www.y-history.net/appendix/appendix-list.html
大学受験世界史・重要300用語（三段階学習）,WH-000065,258,大学受験標準,国家・王朝,後漢,ごかん,東漢,古代中国,東アジア,中国,25〜220年,25,WH-000065-R01,reverse,内容,reverse,何をした？,**劉秀(りゅうしゅう)**が漢を再興して建て、洛陽(らくよう)を都に豪族の協力を得ながら中国を統治した王朝。,劉秀,,,世界史の窓：章節別用語リスト,https://www.y-history.net/appendix/appendix-list.html
大学受験世界史・重要300用語（三段階学習）,WH-000065,258,大学受験標準,国家・王朝,後漢,ごかん,東漢,古代中国,東アジア,中国,25〜220年,25,WH-000065-R02,reverse,結果・影響,reverse,どんな特徴をもち、何を残した？,宦官(かんがん)・外戚(がいせき)・豪族の対立と**黄巾の乱(こうきんのらん)**で弱体化し、三国分立へつながった。,黄巾の乱,,,世界史の窓：章節別用語リスト,https://www.y-history.net/appendix/appendix-list.html
大学受験世界史・重要300用語（三段階学習）,WH-000065,258,大学受験標準,国家・王朝,後漢,ごかん,東漢,古代中国,東アジア,中国,25〜220年,25,WH-000065-I01,integrated,統合説明,integrated,「後漢(ごかん)」について説明せよ。,**劉秀(りゅうしゅう)**が漢を再興して建て、洛陽(らくよう)を都に豪族の協力を得ながら中国を統治した王朝。 宦官(かんがん)・外戚(がいせき)・豪族の対立と**黄巾の乱(こうきんのらん)**で弱体化し、三国分立へつながった。,劉秀|黄巾の乱,,,世界史の窓：章節別用語リスト,https://www.y-history.net/appendix/appendix-list.html
大学受験世界史・重要300用語（三段階学習）,WH-000066,13,大学受験基礎,宗教・宗派,キリスト教,きりすときょう,,古代,西アジア・ヨーロッパ,パレスチナからローマ帝国全域,1世紀以降,30,WH-000066-B01,beginner,用語の特定,identify,イエスの教えを基礎とし、唯一神による救いを説く宗教は？,キリスト教,キリスト教,,,世界史の窓：キリスト教,https://www.y-history.net/appendix/wh0103-132.html
大学受験世界史・重要300用語（三段階学習）,WH-000066,13,大学受験基礎,宗教・宗派,キリスト教,きりすときょう,,古代,西アジア・ヨーロッパ,パレスチナからローマ帝国全域,1世紀以降,30,WH-000066-B02,beginner,中心人物,person,キリスト教の中心となる教えを説いた人物は？,イエス,イエス,イエス＝キリスト|イエス・キリスト,,世界史の窓：キリスト教,https://www.y-history.net/appendix/wh0103-132.html
大学受験世界史・重要300用語（三段階学習）,WH-000066,13,大学受験基礎,宗教・宗派,キリスト教,きりすときょう,,古代,西アジア・ヨーロッパ,パレスチナからローマ帝国全域,1世紀以降,30,WH-000066-B03,beginner,関連,person,313年のミラノ勅令でキリスト教を公認したローマ皇帝は？,コンスタンティヌス帝,コンスタンティヌス帝,コンスタンティヌス1世,,世界史の窓：キリスト教,https://www.y-history.net/appendix/wh0103-132.html
大学受験世界史・重要300用語（三段階学習）,WH-000066,13,大学受験基礎,宗教・宗派,キリスト教,きりすときょう,,古代,西アジア・ヨーロッパ,パレスチナからローマ帝国全域,1世紀以降,30,WH-000066-R01,reverse,時期,reverse,成立し、ローマ帝国で公認・国教化されたのはいつ頃？,1世紀の**パレスチナ**で成立し、313年に**コンスタンティヌス帝**が公認した。4世紀末にはローマ帝国の国教となった。,パレスチナ|コンスタンティヌス帝|313年|国教化,,,世界史の窓：キリスト教,https://www.y-history.net/appendix/wh0103-132.html
大学受験世界史・重要300用語（三段階学習）,WH-000066,13,大学受験基礎,宗教・宗派,キリスト教,きりすときょう,,古代,西アジア・ヨーロッパ,パレスチナからローマ帝国全域,1世紀以降,30,WH-000066-R02,reverse,内容,reverse,どんな教えで、どのように広がった？,**イエス**が唯一神への信仰、隣人愛、神の前での魂の救いを説いた。弟子や**パウロ**らが各地へ伝え、迫害を受けながらも都市民や弱者を含む広い層へ広がった。,イエス|唯一神|隣人愛|魂の救い|パウロ,,,世界史の窓：キリスト教,https://www.y-history.net/appendix/wh0103-132.html
大学受験世界史・重要300用語（三段階学習）,WH-000066,13,大学受験基礎,宗教・宗派,キリスト教,きりすときょう,,古代,西アジア・ヨーロッパ,パレスチナからローマ帝国全域,1世紀以降,30,WH-000066-I01,integrated,統合説明,integrated,「キリスト教」について説明せよ。,1世紀の**パレスチナ**で、**イエス**の唯一神への信仰・隣人愛・魂の救いの教えから成立した宗教。**パウロ**らによってローマ帝国へ広がり、313年に**コンスタンティヌス帝**が公認し、4世紀末に国教化された。,パレスチナ|イエス|唯一神|隣人愛|魂の救い|パウロ|コンスタンティヌス帝,,,世界史の窓：キリスト教,https://www.y-history.net/appendix/wh0103-132.html
大学受験世界史・重要300用語（三段階学習）,WH-000067,259,大学受験標準,国家・王朝,クシャーナ朝,くしゃーなちょう,,古代インド,中央アジア・南アジア,中央アジア・インド北西部,1〜3世紀,50,WH-000067-B01,beginner,用語の特定,identify,中央アジアからインド北西部を支配し、カニシカ王の時代に栄えた王朝は？,クシャーナ朝,クシャーナ朝,,,世界史の窓：章節別用語リスト,https://www.y-history.net/appendix/appendix-list.html
大学受験世界史・重要300用語（三段階学習）,WH-000067,259,大学受験標準,国家・王朝,クシャーナ朝,くしゃーなちょう,,古代インド,中央アジア・南アジア,中央アジア・インド北西部,1〜3世紀,50,WH-000067-B02,beginner,時期,time,クシャーナ朝が存在したのはいつ頃？,1〜3世紀,1〜3世紀,,,世界史の窓：章節別用語リスト,https://www.y-history.net/appendix/appendix-list.html
大学受験世界史・重要300用語（三段階学習）,WH-000067,259,大学受験標準,国家・王朝,クシャーナ朝,くしゃーなちょう,,古代インド,中央アジア・南アジア,中央アジア・インド北西部,1〜3世紀,50,WH-000067-B03,beginner,人物,person,クシャーナ朝の最盛期の王は？,カニシカ王,カニシカ王,,,世界史の窓：章節別用語リスト,https://www.y-history.net/appendix/appendix-list.html
大学受験世界史・重要300用語（三段階学習）,WH-000067,259,大学受験標準,国家・王朝,クシャーナ朝,くしゃーなちょう,,古代インド,中央アジア・南アジア,中央アジア・インド北西部,1〜3世紀,50,WH-000067-R01,reverse,内容,reverse,何をした？,大月氏(だいげっし)系のクシャーナ族が中央アジアからインド北西部を支配し、**カニシカ王**の時代にシルクロード交易で繁栄した。,カニシカ王,,,世界史の窓：章節別用語リスト,https://www.y-history.net/appendix/appendix-list.html
大学受験世界史・重要300用語（三段階学習）,WH-000067,259,大学受験標準,国家・王朝,クシャーナ朝,くしゃーなちょう,,古代インド,中央アジア・南アジア,中央アジア・インド北西部,1〜3世紀,50,WH-000067-R02,reverse,結果・影響,reverse,どんな特徴をもち、何を残した？,**大乗仏教**とガンダーラ美術を保護し、仏教が中央アジアから中国へ広がる中継点となった。,大乗仏教,,,世界史の窓：章節別用語リスト,https://www.y-history.net/appendix/appendix-list.html
大学受験世界史・重要300用語（三段階学習）,WH-000067,259,大学受験標準,国家・王朝,クシャーナ朝,くしゃーなちょう,,古代インド,中央アジア・南アジア,中央アジア・インド北西部,1〜3世紀,50,WH-000067-I01,integrated,統合説明,integrated,「クシャーナ朝」について説明せよ。,大月氏(だいげっし)系のクシャーナ族が中央アジアからインド北西部を支配し、**カニシカ王**の時代にシルクロード交易で繁栄した。 **大乗仏教**とガンダーラ美術を保護し、仏教が中央アジアから中国へ広がる中継点となった。,カニシカ王|大乗仏教,,,世界史の窓：章節別用語リスト,https://www.y-history.net/appendix/appendix-list.html
大学受験世界史・重要300用語（三段階学習）,WH-000068,260,大学受験標準,文化・技術・学問,ガンダーラ美術,がんだーらびじゅつ,,古代インド,南アジア・中央アジア,インド北西部・現在のパキスタンとアフガニスタン周辺,1〜5世紀,50,WH-000068-B01,beginner,用語の特定,identify,ギリシア・ローマ風の写実表現を取り入れた仏教美術は？,ガンダーラ美術,ガンダーラ美術,,,世界史の窓：章節別用語リスト,https://www.y-history.net/appendix/appendix-list.html
大学受験世界史・重要300用語（三段階学習）,WH-000068,260,大学受験標準,文化・技術・学問,ガンダーラ美術,がんだーらびじゅつ,,古代インド,南アジア・中央アジア,インド北西部・現在のパキスタンとアフガニスタン周辺,1〜5世紀,50,WH-000068-B02,beginner,時期,time,ガンダーラ美術が歴史上重要になるのはいつ頃？,1〜5世紀,1〜5世紀,,,世界史の窓：章節別用語リスト,https://www.y-history.net/appendix/appendix-list.html
大学受験世界史・重要300用語（三段階学習）,WH-000068,260,大学受験標準,文化・技術・学問,ガンダーラ美術,がんだーらびじゅつ,,古代インド,南アジア・中央アジア,インド北西部・現在のパキスタンとアフガニスタン周辺,1〜5世紀,50,WH-000068-B03,beginner,地域,place,ガンダーラ美術が栄えた地域は？,インド北西部,インド北西部,,,世界史の窓：章節別用語リスト,https://www.y-history.net/appendix/appendix-list.html
大学受験世界史・重要300用語（三段階学習）,WH-000068,260,大学受験標準,文化・技術・学問,ガンダーラ美術,がんだーらびじゅつ,,古代インド,南アジア・中央アジア,インド北西部・現在のパキスタンとアフガニスタン周辺,1〜5世紀,50,WH-000068-R01,reverse,内容,reverse,どんな文化・技術・学問？,インド北西部のガンダーラで、**ヘレニズム**系の写実表現と仏教信仰が結びついて成立した美術。,ヘレニズム,,,世界史の窓：章節別用語リスト,https://www.y-history.net/appendix/appendix-list.html
大学受験世界史・重要300用語（三段階学習）,WH-000068,260,大学受験標準,文化・技術・学問,ガンダーラ美術,がんだーらびじゅつ,,古代インド,南アジア・中央アジア,インド北西部・現在のパキスタンとアフガニスタン周辺,1〜5世紀,50,WH-000068-R02,reverse,結果・影響,reverse,どのような影響を与えた？,人間の姿をした**仏像**表現を発達させ、中央アジア・中国・東アジアの仏教美術へ広く影響した。,仏像,,,世界史の窓：章節別用語リスト,https://www.y-history.net/appendix/appendix-list.html
大学受験世界史・重要300用語（三段階学習）,WH-000068,260,大学受験標準,文化・技術・学問,ガンダーラ美術,がんだーらびじゅつ,,古代インド,南アジア・中央アジア,インド北西部・現在のパキスタンとアフガニスタン周辺,1〜5世紀,50,WH-000068-I01,integrated,統合説明,integrated,「ガンダーラ美術」について説明せよ。,インド北西部のガンダーラで、**ヘレニズム**系の写実表現と仏教信仰が結びついて成立した美術。 人間の姿をした**仏像**表現を発達させ、中央アジア・中国・東アジアの仏教美術へ広く影響した。,ヘレニズム|仏像,,,世界史の窓：章節別用語リスト,https://www.y-history.net/appendix/appendix-list.html
大学受験世界史・重要300用語（三段階学習）,WH-000069,261,大学受験標準,事件・革命,黄巾の乱,こうきんのらん,,古代中国,東アジア,後漢末の中国,184年,184,WH-000069-B01,beginner,用語の特定,identify,太平道の張角(ちょうかく)が率い、後漢(ごかん)衰退の決定的契機となった農民反乱は？,黄巾の乱(こうきんのらん),黄巾の乱,,,世界史の窓：章節別用語リスト,https://www.y-history.net/appendix/appendix-list.html
大学受験世界史・重要300用語（三段階学習）,WH-000069,261,大学受験標準,事件・革命,黄巾の乱,こうきんのらん,,古代中国,東アジア,後漢末の中国,184年,184,WH-000069-B02,beginner,時期,time,黄巾の乱(こうきんのらん)が起きたのはいつ？,184年,184年,,,世界史の窓：章節別用語リスト,https://www.y-history.net/appendix/appendix-list.html
大学受験世界史・重要300用語（三段階学習）,WH-000069,261,大学受験標準,事件・革命,黄巾の乱,こうきんのらん,,古代中国,東アジア,後漢末の中国,184年,184,WH-000069-B03,beginner,人物,person,黄巾の乱(こうきんのらん)を指導した人物は？,張角(ちょうかく),張角,,,世界史の窓：章節別用語リスト,https://www.y-history.net/appendix/appendix-list.html
大学受験世界史・重要300用語（三段階学習）,WH-000069,261,大学受験標準,事件・革命,黄巾の乱,こうきんのらん,,古代中国,東アジア,後漢末の中国,184年,184,WH-000069-R01,reverse,内容,reverse,何が起きた？,184年、太平道の**張角(ちょうかく)**が「蒼天(そうてん)すでに死す」と唱えて各地の農民を蜂起させた大反乱。,張角,,,世界史の窓：章節別用語リスト,https://www.y-history.net/appendix/appendix-list.html
大学受験世界史・重要300用語（三段階学習）,WH-000069,261,大学受験標準,事件・革命,黄巾の乱,こうきんのらん,,古代中国,東アジア,後漢末の中国,184年,184,WH-000069-R02,reverse,結果・影響,reverse,何につながった？,**黄巾の乱(こうきんのらん)**は、反乱鎮圧のため地方軍閥が成長し、後漢(ごかん)の支配が崩れて群雄割拠と三国分立へ進んだ。,黄巾の乱,,,世界史の窓：章節別用語リスト,https://www.y-history.net/appendix/appendix-list.html
大学受験世界史・重要300用語（三段階学習）,WH-000069,261,大学受験標準,事件・革命,黄巾の乱,こうきんのらん,,古代中国,東アジア,後漢末の中国,184年,184,WH-000069-I01,integrated,統合説明,integrated,「黄巾の乱(こうきんのらん)」について説明せよ。,184年、太平道の**張角(ちょうかく)**が「蒼天(そうてん)すでに死す」と唱えて各地の農民を蜂起させた大反乱。 反乱鎮圧のため地方軍閥が成長し、後漢(ごかん)の支配が崩れて群雄割拠と三国分立へ進んだ。,張角,,,世界史の窓：章節別用語リスト,https://www.y-history.net/appendix/appendix-list.html
大学受験世界史・重要300用語（三段階学習）,WH-000070,262,大学受験標準,時代・歴史区分,魏晋南北朝,ぎしんなんぼくちょう,,古代中国,東アジア,中国南北,3〜6世紀,220,WH-000070-B01,beginner,用語の特定,identify,後漢(ごかん)滅亡後から隋(ずい)の統一まで、中国が南北に分裂した時代を何という？,魏晋南北朝(ぎしんなんぼくちょう),魏晋南北朝,,,世界史の窓：章節別用語リスト,https://www.y-history.net/appendix/appendix-list.html
大学受験世界史・重要300用語（三段階学習）,WH-000070,262,大学受験標準,時代・歴史区分,魏晋南北朝,ぎしんなんぼくちょう,,古代中国,東アジア,中国南北,3〜6世紀,220,WH-000070-B02,beginner,時期,time,魏晋南北朝(ぎしんなんぼくちょう)が歴史上重要になるのはいつ頃？,3〜6世紀,3〜6世紀,,,世界史の窓：章節別用語リスト,https://www.y-history.net/appendix/appendix-list.html
大学受験世界史・重要300用語（三段階学習）,WH-000070,262,大学受験標準,時代・歴史区分,魏晋南北朝,ぎしんなんぼくちょう,,古代中国,東アジア,中国南北,3〜6世紀,220,WH-000070-B03,beginner,都市,place,南朝の中心都市となった現在の南京を当時何と呼んだ？,建康(けんこう),建康,,,世界史の窓：章節別用語リスト,https://www.y-history.net/appendix/appendix-list.html
大学受験世界史・重要300用語（三段階学習）,WH-000070,262,大学受験標準,時代・歴史区分,魏晋南北朝,ぎしんなんぼくちょう,,古代中国,東アジア,中国南北,3〜6世紀,220,WH-000070-R01,reverse,内容,reverse,何が起きた時代・変化？,**魏晋南北朝(ぎしんなんぼくちょう)**は、後漢(ごかん)滅亡後、魏・晋と南朝、北方民族の諸王朝が並立し、中国が長く分裂した時代。,魏晋南北朝,,,世界史の窓：章節別用語リスト,https://www.y-history.net/appendix/appendix-list.html
大学受験世界史・重要300用語（三段階学習）,WH-000070,262,大学受験標準,時代・歴史区分,魏晋南北朝,ぎしんなんぼくちょう,,古代中国,東アジア,中国南北,3〜6世紀,220,WH-000070-R02,reverse,結果・影響,reverse,何につながった？,北方民族と漢人の融合、江南(こうなん)開発、**仏教**の普及、九品中正(きゅうひんちゅうせい)や均田制(きんでんせい)などの制度発展が進み、隋(ずい)唐統一の基礎となった。,仏教,,,世界史の窓：章節別用語リスト,https://www.y-history.net/appendix/appendix-list.html
大学受験世界史・重要300用語（三段階学習）,WH-000070,262,大学受験標準,時代・歴史区分,魏晋南北朝,ぎしんなんぼくちょう,,古代中国,東アジア,中国南北,3〜6世紀,220,WH-000070-I01,integrated,統合説明,integrated,「魏晋南北朝(ぎしんなんぼくちょう)」について説明せよ。,後漢(ごかん)滅亡後、魏・晋と南朝、北方民族の諸王朝が並立し、中国が長く分裂した時代。 北方民族と漢人の融合、江南(こうなん)開発、**仏教**の普及、九品中正(きゅうひんちゅうせい)や均田制(きんでんせい)などの制度発展が進み、隋(ずい)唐統一の基礎となった。,仏教,,,世界史の窓：章節別用語リスト,https://www.y-history.net/appendix/appendix-list.html
大学受験世界史・重要300用語（三段階学習）,WH-000071,263,大学受験標準,制度・政策・法律,九品中正,きゅうひんちゅうせい,,古代中国,東アジア,魏晋南北朝の中国,3〜6世紀,220,WH-000071-B01,beginner,用語の特定,identify,魏で始まり、中正官(ちゅうせいかん)が地方の人物を九段階に評価して官吏候補とした制度は？,九品中正(きゅうひんちゅうせい),九品中正,,,世界史の窓：章節別用語リスト,https://www.y-history.net/appendix/appendix-list.html
大学受験世界史・重要300用語（三段階学習）,WH-000071,263,大学受験標準,制度・政策・法律,九品中正,きゅうひんちゅうせい,,古代中国,東アジア,魏晋南北朝の中国,3〜6世紀,220,WH-000071-B02,beginner,時期,time,九品中正(きゅうひんちゅうせい)が成立・実施されたのはいつ頃？,3〜6世紀,3〜6世紀,,,世界史の窓：章節別用語リスト,https://www.y-history.net/appendix/appendix-list.html
大学受験世界史・重要300用語（三段階学習）,WH-000071,263,大学受験標準,制度・政策・法律,九品中正,きゅうひんちゅうせい,,古代中国,東アジア,魏晋南北朝の中国,3〜6世紀,220,WH-000071-B03,beginner,国家,relation,九品中正(きゅうひんちゅうせい)が最初に採用された国は？,魏,魏,,,世界史の窓：章節別用語リスト,https://www.y-history.net/appendix/appendix-list.html
大学受験世界史・重要300用語（三段階学習）,WH-000071,263,大学受験標準,制度・政策・法律,九品中正,きゅうひんちゅうせい,,古代中国,東アジア,魏晋南北朝の中国,3〜6世紀,220,WH-000071-R01,reverse,内容,reverse,どんな制度・政策・法律？,魏で始まり、地方の**中正官(ちゅうせいかん)**が人物を家柄・評判・能力により九等級へ分類し、官吏任用の基準とした。,中正官,,,世界史の窓：章節別用語リスト,https://www.y-history.net/appendix/appendix-list.html
大学受験世界史・重要300用語（三段階学習）,WH-000071,263,大学受験標準,制度・政策・法律,九品中正,きゅうひんちゅうせい,,古代中国,東アジア,魏晋南北朝の中国,3〜6世紀,220,WH-000071-R02,reverse,結果・影響,reverse,どのような影響を与えた？,有力豪族が高位を独占する**門閥貴族(もんばつきぞく)**社会を固定化し、隋(ずい)唐の科挙(かきょ)導入で廃止へ向かった。,門閥貴族,,,世界史の窓：章節別用語リスト,https://www.y-history.net/appendix/appendix-list.html
大学受験世界史・重要300用語（三段階学習）,WH-000071,263,大学受験標準,制度・政策・法律,九品中正,きゅうひんちゅうせい,,古代中国,東アジア,魏晋南北朝の中国,3〜6世紀,220,WH-000071-I01,integrated,統合説明,integrated,「九品中正(きゅうひんちゅうせい)」について説明せよ。,魏で始まり、地方の**中正官(ちゅうせいかん)**が人物を家柄・評判・能力により九等級へ分類し、官吏任用の基準とした。 有力豪族が高位を独占する**門閥貴族(もんばつきぞく)**社会を固定化し、隋(ずい)唐の科挙(かきょ)導入で廃止へ向かった。,中正官|門閥貴族,,,世界史の窓：章節別用語リスト,https://www.y-history.net/appendix/appendix-list.html
大学受験世界史・重要300用語（三段階学習）,WH-000072,264,大学受験標準,人物,ディオクレティアヌス帝,でぃおくれてぃあぬすてい,,古代ローマ,ヨーロッパ・地中海,ローマ帝国,284〜305年,284,WH-000072-B01,beginner,用語の特定,identify,ローマ帝国を四分して統治する四帝分治制(していぶんちせい)を導入し、専制君主政を進めた皇帝は？,ディオクレティアヌス帝,ディオクレティアヌス帝,,,世界史の窓：章節別用語リスト,https://www.y-history.net/appendix/appendix-list.html
大学受験世界史・重要300用語（三段階学習）,WH-000072,264,大学受験標準,人物,ディオクレティアヌス帝,でぃおくれてぃあぬすてい,,古代ローマ,ヨーロッパ・地中海,ローマ帝国,284〜305年,284,WH-000072-B02,beginner,時期,time,ディオクレティアヌス帝が主に活動したのはいつ頃？,284〜305年,284〜305年,,,世界史の窓：章節別用語リスト,https://www.y-history.net/appendix/appendix-list.html
大学受験世界史・重要300用語（三段階学習）,WH-000072,264,大学受験標準,人物,ディオクレティアヌス帝,でぃおくれてぃあぬすてい,,古代ローマ,ヨーロッパ・地中海,ローマ帝国,284〜305年,284,WH-000072-B03,beginner,制度,content,ディオクレティアヌス帝が導入した統治制度は？,四帝分治制(していぶんちせい),四帝分治制,,,世界史の窓：章節別用語リスト,https://www.y-history.net/appendix/appendix-list.html
大学受験世界史・重要300用語（三段階学習）,WH-000072,264,大学受験標準,人物,ディオクレティアヌス帝,でぃおくれてぃあぬすてい,,古代ローマ,ヨーロッパ・地中海,ローマ帝国,284〜305年,284,WH-000072-R01,reverse,内容,reverse,何をした？,軍人皇帝時代の混乱を収めるため、帝国を東西の正帝・副帝で統治する**四帝分治制(していぶんちせい)**を導入し、皇帝権を神聖化した。,四帝分治制,,,世界史の窓：章節別用語リスト,https://www.y-history.net/appendix/appendix-list.html
大学受験世界史・重要300用語（三段階学習）,WH-000072,264,大学受験標準,人物,ディオクレティアヌス帝,でぃおくれてぃあぬすてい,,古代ローマ,ヨーロッパ・地中海,ローマ帝国,284〜305年,284,WH-000072-R02,reverse,結果・影響,reverse,どのような影響を与えた？,**ディオクレティアヌス帝**は、帝国の行政・軍事を再編したが、キリスト教を大迫害し、退位後には内戦が再燃してコンスタンティヌス帝の統一へつながった。,ディオクレティアヌス帝,,,世界史の窓：章節別用語リスト,https://www.y-history.net/appendix/appendix-list.html
大学受験世界史・重要300用語（三段階学習）,WH-000072,264,大学受験標準,人物,ディオクレティアヌス帝,でぃおくれてぃあぬすてい,,古代ローマ,ヨーロッパ・地中海,ローマ帝国,284〜305年,284,WH-000072-I01,integrated,統合説明,integrated,「ディオクレティアヌス帝」について説明せよ。,軍人皇帝時代の混乱を収めるため、帝国を東西の正帝・副帝で統治する**四帝分治制(していぶんちせい)**を導入し、皇帝権を神聖化した。 帝国の行政・軍事を再編したが、キリスト教を大迫害し、退位後には内戦が再燃してコンスタンティヌス帝の統一へつながった。,四帝分治制,,,世界史の窓：章節別用語リスト,https://www.y-history.net/appendix/appendix-list.html
大学受験世界史・重要300用語（三段階学習）,WH-000073,78,大学受験基礎,文化・技術・学問,マヤ文明,まやぶんめい,,古代〜中世アメリカ,南北アメリカ,ユカタン半島・グアテマラ高地,3〜9世紀に古典期,300,WH-000073-B01,beginner,用語の特定,identify,ユカタン半島周辺に都市国家を築き、暦・天文学・象形文字を発達させた文明は？,マヤ文明,マヤ文明,,,世界史の窓：章節別用語リスト,https://www.y-history.net/appendix/appendix-list.html
大学受験世界史・重要300用語（三段階学習）,WH-000073,78,大学受験基礎,文化・技術・学問,マヤ文明,まやぶんめい,,古代〜中世アメリカ,南北アメリカ,ユカタン半島・グアテマラ高地,3〜9世紀に古典期,300,WH-000073-B02,beginner,時期,time,マヤ文明が歴史上重要になるのはいつ頃？,3〜9世紀に古典期,3〜9世紀に古典期,,,世界史の窓：章節別用語リスト,https://www.y-history.net/appendix/appendix-list.html
大学受験世界史・重要300用語（三段階学習）,WH-000073,78,大学受験基礎,文化・技術・学問,マヤ文明,まやぶんめい,,古代〜中世アメリカ,南北アメリカ,ユカタン半島・グアテマラ高地,3〜9世紀に古典期,300,WH-000073-B03,beginner,文字,content,マヤ文明が発達させた独自の文字は？,マヤ文字,マヤ文字,,,世界史の窓：章節別用語リスト,https://www.y-history.net/appendix/appendix-list.html
大学受験世界史・重要300用語（三段階学習）,WH-000073,78,大学受験基礎,文化・技術・学問,マヤ文明,まやぶんめい,,古代〜中世アメリカ,南北アメリカ,ユカタン半島・グアテマラ高地,3〜9世紀に古典期,300,WH-000073-R01,reverse,内容,reverse,どんな文化・技術・学問？,メソアメリカ南東部で多数の都市国家を築き、神殿ピラミッド、**マヤ文字**、精密な暦・天文学を発達させた文明。,マヤ文字,,,世界史の窓：章節別用語リスト,https://www.y-history.net/appendix/appendix-list.html
大学受験世界史・重要300用語（三段階学習）,WH-000073,78,大学受験基礎,文化・技術・学問,マヤ文明,まやぶんめい,,古代〜中世アメリカ,南北アメリカ,ユカタン半島・グアテマラ高地,3〜9世紀に古典期,300,WH-000073-R02,reverse,結果・影響,reverse,どのような影響を与えた？,**マヤ文明**は、古典期都市は9世紀頃に衰退したが、マヤ人社会は存続し、スペイン征服後も文化的伝統を残した。,マヤ文明,,,世界史の窓：章節別用語リスト,https://www.y-history.net/appendix/appendix-list.html
大学受験世界史・重要300用語（三段階学習）,WH-000073,78,大学受験基礎,文化・技術・学問,マヤ文明,まやぶんめい,,古代〜中世アメリカ,南北アメリカ,ユカタン半島・グアテマラ高地,3〜9世紀に古典期,300,WH-000073-I01,integrated,統合説明,integrated,「マヤ文明」について説明せよ。,メソアメリカ南東部で多数の都市国家を築き、神殿ピラミッド、**マヤ文字**、精密な暦・天文学を発達させた文明。 古典期都市は9世紀頃に衰退したが、マヤ人社会は存続し、スペイン征服後も文化的伝統を残した。,マヤ文字,,,世界史の窓：章節別用語リスト,https://www.y-history.net/appendix/appendix-list.html
大学受験世界史・重要300用語（三段階学習）,WH-000074,79,大学受験基礎,人物,コンスタンティヌス帝,こんすたんてぃぬすてい,,古代ローマ,ヨーロッパ・地中海,ローマ帝国,306〜337年,306,WH-000074-B01,beginner,用語の特定,identify,ミラノ勅令でキリスト教を公認し、コンスタンティノープルを建設した皇帝は？,コンスタンティヌス帝,コンスタンティヌス帝,,,世界史の窓：章節別用語リスト,https://www.y-history.net/appendix/appendix-list.html
大学受験世界史・重要300用語（三段階学習）,WH-000074,79,大学受験基礎,人物,コンスタンティヌス帝,こんすたんてぃぬすてい,,古代ローマ,ヨーロッパ・地中海,ローマ帝国,306〜337年,306,WH-000074-B02,beginner,時期,time,コンスタンティヌス帝が主に活動したのはいつ頃？,306〜337年,306〜337年,,,世界史の窓：章節別用語リスト,https://www.y-history.net/appendix/appendix-list.html
大学受験世界史・重要300用語（三段階学習）,WH-000074,79,大学受験基礎,人物,コンスタンティヌス帝,こんすたんてぃぬすてい,,古代ローマ,ヨーロッパ・地中海,ローマ帝国,306〜337年,306,WH-000074-B03,beginner,都,place,コンスタンティヌス帝が新たな首都とした都市は？,コンスタンティノープル,コンスタンティノープル,,,世界史の窓：章節別用語リスト,https://www.y-history.net/appendix/appendix-list.html
大学受験世界史・重要300用語（三段階学習）,WH-000074,79,大学受験基礎,人物,コンスタンティヌス帝,こんすたんてぃぬすてい,,古代ローマ,ヨーロッパ・地中海,ローマ帝国,306〜337年,306,WH-000074-R01,reverse,内容,reverse,何をした？,内戦に勝利して帝国を再統一し、313年の**ミラノ勅令**でキリスト教を公認し、ビザンティオンを**コンスタンティノープル**として新都にした。,ミラノ勅令|コンスタンティノープル,,,世界史の窓：章節別用語リスト,https://www.y-history.net/appendix/appendix-list.html
大学受験世界史・重要300用語（三段階学習）,WH-000074,79,大学受験基礎,人物,コンスタンティヌス帝,こんすたんてぃぬすてい,,古代ローマ,ヨーロッパ・地中海,ローマ帝国,306〜337年,306,WH-000074-R02,reverse,結果・影響,reverse,どのような影響を与えた？,**コンスタンティヌス帝**は、キリスト教と皇帝権の結合を進め、帝国の重心を東方へ移して後のビザンツ帝国の基礎を作った。,コンスタンティヌス帝,,,世界史の窓：章節別用語リスト,https://www.y-history.net/appendix/appendix-list.html
大学受験世界史・重要300用語（三段階学習）,WH-000074,79,大学受験基礎,人物,コンスタンティヌス帝,こんすたんてぃぬすてい,,古代ローマ,ヨーロッパ・地中海,ローマ帝国,306〜337年,306,WH-000074-I01,integrated,統合説明,integrated,「コンスタンティヌス帝」について説明せよ。,内戦に勝利して帝国を再統一し、313年の**ミラノ勅令**でキリスト教を公認し、ビザンティオンを**コンスタンティノープル**として新都にした。 キリスト教と皇帝権の結合を進め、帝国の重心を東方へ移して後のビザンツ帝国の基礎を作った。,ミラノ勅令|コンスタンティノープル,,,世界史の窓：章節別用語リスト,https://www.y-history.net/appendix/appendix-list.html
大学受験世界史・重要300用語（三段階学習）,WH-000075,80,大学受験基礎,制度・政策・法律,ミラノ勅令,みらのちょくれい,,古代ローマ,ヨーロッパ・地中海,ローマ帝国,313年,313,WH-000075-B01,beginner,用語の特定,identify,コンスタンティヌス帝らが信仰の自由を認め、キリスト教を公認した勅令は？,ミラノ勅令,ミラノ勅令,,,世界史の窓：章節別用語リスト,https://www.y-history.net/appendix/appendix-list.html
大学受験世界史・重要300用語（三段階学習）,WH-000075,80,大学受験基礎,制度・政策・法律,ミラノ勅令,みらのちょくれい,,古代ローマ,ヨーロッパ・地中海,ローマ帝国,313年,313,WH-000075-B02,beginner,時期,time,ミラノ勅令が成立・実施されたのはいつ頃？,313年,313年,,,世界史の窓：章節別用語リスト,https://www.y-history.net/appendix/appendix-list.html
大学受験世界史・重要300用語（三段階学習）,WH-000075,80,大学受験基礎,制度・政策・法律,ミラノ勅令,みらのちょくれい,,古代ローマ,ヨーロッパ・地中海,ローマ帝国,313年,313,WH-000075-B03,beginner,人物,person,ミラノ勅令を出した中心皇帝は？,コンスタンティヌス帝,コンスタンティヌス帝,,,世界史の窓：章節別用語リスト,https://www.y-history.net/appendix/appendix-list.html
大学受験世界史・重要300用語（三段階学習）,WH-000075,80,大学受験基礎,制度・政策・法律,ミラノ勅令,みらのちょくれい,,古代ローマ,ヨーロッパ・地中海,ローマ帝国,313年,313,WH-000075-R01,reverse,内容,reverse,どんな制度・政策・法律？,313年、**コンスタンティヌス帝**とリキニウス帝が帝国内の信仰の自由と没収財産の返還を認めた勅令。,コンスタンティヌス帝,,,世界史の窓：章節別用語リスト,https://www.y-history.net/appendix/appendix-list.html
大学受験世界史・重要300用語（三段階学習）,WH-000075,80,大学受験基礎,制度・政策・法律,ミラノ勅令,みらのちょくれい,,古代ローマ,ヨーロッパ・地中海,ローマ帝国,313年,313,WH-000075-R02,reverse,結果・影響,reverse,どのような影響を与えた？,**ミラノ勅令**は、キリスト教迫害を終わらせ、教会が国家の保護を受けて急速に拡大し、のちの国教化へつながった。,ミラノ勅令,,,世界史の窓：章節別用語リスト,https://www.y-history.net/appendix/appendix-list.html
大学受験世界史・重要300用語（三段階学習）,WH-000075,80,大学受験基礎,制度・政策・法律,ミラノ勅令,みらのちょくれい,,古代ローマ,ヨーロッパ・地中海,ローマ帝国,313年,313,WH-000075-I01,integrated,統合説明,integrated,「ミラノ勅令」について説明せよ。,313年、**コンスタンティヌス帝**とリキニウス帝が帝国内の信仰の自由と没収財産の返還を認めた勅令。 キリスト教迫害を終わらせ、教会が国家の保護を受けて急速に拡大し、のちの国教化へつながった。,コンスタンティヌス帝,,,世界史の窓：章節別用語リスト,https://www.y-history.net/appendix/appendix-list.html
大学受験世界史・重要300用語（三段階学習）,WH-000076,49,大学受験基礎,国家・王朝,グプタ朝,ぐぷたちょう,,古代,南アジア,北インド,320年頃〜550年頃,320,WH-000076-B01,beginner,用語の特定,identify,4〜6世紀の北インドを支配し、古典的インド文化が栄えた王朝は？,グプタ朝,グプタ朝,,,世界史の窓：グプタ朝,https://www.y-history.net/appendix/wh0201-066.html
大学受験世界史・重要300用語（三段階学習）,WH-000076,49,大学受験基礎,国家・王朝,グプタ朝,ぐぷたちょう,,古代,南アジア,北インド,320年頃〜550年頃,320,WH-000076-B02,beginner,宗教,content,グプタ朝の保護を受けて社会に定着した宗教は？,ヒンドゥー教,ヒンドゥー教,,,世界史の窓：グプタ朝,https://www.y-history.net/appendix/wh0201-066.html
大学受験世界史・重要300用語（三段階学習）,WH-000076,49,大学受験基礎,国家・王朝,グプタ朝,ぐぷたちょう,,古代,南アジア,北インド,320年頃〜550年頃,320,WH-000076-B03,beginner,文化,content,グプタ朝で文学・学問の共通語として重んじられた古典語は？,サンスクリット語,サンスクリット語,,,世界史の窓：グプタ朝,https://www.y-history.net/appendix/wh0201-066.html
大学受験世界史・重要300用語（三段階学習）,WH-000076,49,大学受験基礎,国家・王朝,グプタ朝,ぐぷたちょう,,古代,南アジア,北インド,320年頃〜550年頃,320,WH-000076-R01,reverse,複合説明,reverse,何をした？,4〜6世紀に北インドを統一し、**ヒンドゥー教**を保護した。**サンスクリット文学**、数学・天文学、仏教美術などが発達し、古典的インド文化の最盛期を作った。,ヒンドゥー教|サンスクリット文学|数学・天文学|仏教美術,,,世界史の窓：グプタ朝,https://www.y-history.net/appendix/wh0201-066.html
大学受験世界史・重要300用語（三段階学習）,WH-000076,49,大学受験基礎,国家・王朝,グプタ朝,ぐぷたちょう,,古代,南アジア,北インド,320年頃〜550年頃,320,WH-000076-I01,integrated,統合説明,integrated,「グプタ朝」について説明せよ。,4〜6世紀に北インドを支配した王朝。**ヒンドゥー教**を保護し、**サンスクリット文学**、数学・天文学、仏教美術などを発達させ、古典的インド文化の最盛期を作った。,ヒンドゥー教|サンスクリット文学|数学・天文学|仏教美術,,,世界史の窓：グプタ朝,https://www.y-history.net/appendix/wh0201-066.html
大学受験世界史・重要300用語（三段階学習）,WH-000077,81,大学受験基礎,宗教・宗派,ヒンドゥー教,ひんどぅーきょう,,古代インド以降,南アジア,インド亜大陸,4〜6世紀頃に体系化,350,WH-000077-B01,beginner,用語の特定,identify,バラモン教を基礎に民間信仰を取り込み、ヴィシュヌ神・シヴァ神などを崇拝する宗教は？,ヒンドゥー教,ヒンドゥー教,,,世界史の窓：章節別用語リスト,https://www.y-history.net/appendix/appendix-list.html
大学受験世界史・重要300用語（三段階学習）,WH-000077,81,大学受験基礎,宗教・宗派,ヒンドゥー教,ひんどぅーきょう,,古代インド以降,南アジア,インド亜大陸,4〜6世紀頃に体系化,350,WH-000077-B02,beginner,時期,time,ヒンドゥー教が成立・発展したのはいつ頃？,4〜6世紀頃に体系化,4〜6世紀頃に体系化,,,世界史の窓：章節別用語リスト,https://www.y-history.net/appendix/appendix-list.html
大学受験世界史・重要300用語（三段階学習）,WH-000077,81,大学受験基礎,宗教・宗派,ヒンドゥー教,ひんどぅーきょう,,古代インド以降,南アジア,インド亜大陸,4〜6世紀頃に体系化,350,WH-000077-B03,beginner,神,content,ヒンドゥー教の代表的な二大神は？,ヴィシュヌ神とシヴァ神,ヴィシュヌ神とシヴァ神,,,世界史の窓：章節別用語リスト,https://www.y-history.net/appendix/appendix-list.html
大学受験世界史・重要300用語（三段階学習）,WH-000077,81,大学受験基礎,宗教・宗派,ヒンドゥー教,ひんどぅーきょう,,古代インド以降,南アジア,インド亜大陸,4〜6世紀頃に体系化,350,WH-000077-R01,reverse,内容,reverse,どんな宗教・宗派？,バラモン教が民間信仰や叙事詩・神話を取り込み、**ヴィシュヌ神**・**シヴァ神**への信仰、輪廻(りんね)・業・解脱(げだつ)を中心に再編された宗教。,ヴィシュヌ神|シヴァ神,,,世界史の窓：章節別用語リスト,https://www.y-history.net/appendix/appendix-list.html
大学受験世界史・重要300用語（三段階学習）,WH-000077,81,大学受験基礎,宗教・宗派,ヒンドゥー教,ひんどぅーきょう,,古代インド以降,南アジア,インド亜大陸,4〜6世紀頃に体系化,350,WH-000077-R02,reverse,結果・影響,reverse,どのように広がり、何へ影響した？,**ヒンドゥー教**は、カースト制度や生活慣習と深く結びつき、インド社会・文化の中心的宗教となって東南アジアにも広がった。,ヒンドゥー教,,,世界史の窓：章節別用語リスト,https://www.y-history.net/appendix/appendix-list.html
大学受験世界史・重要300用語（三段階学習）,WH-000077,81,大学受験基礎,宗教・宗派,ヒンドゥー教,ひんどぅーきょう,,古代インド以降,南アジア,インド亜大陸,4〜6世紀頃に体系化,350,WH-000077-I01,integrated,統合説明,integrated,「ヒンドゥー教」について説明せよ。,バラモン教が民間信仰や叙事詩・神話を取り込み、**ヴィシュヌ神**・**シヴァ神**への信仰、輪廻(りんね)・業・解脱(げだつ)を中心に再編された宗教。 カースト制度や生活慣習と深く結びつき、インド社会・文化の中心的宗教となって東南アジアにも広がった。,ヴィシュヌ神|シヴァ神,,,世界史の窓：章節別用語リスト,https://www.y-history.net/appendix/appendix-list.html
大学受験世界史・重要300用語（三段階学習）,WH-000078,82,大学受験基礎,国家・王朝,新羅,しらぎ,,古代〜中世東アジア,東アジア,朝鮮半島南東部から半島大部分,4〜10世紀,356,WH-000078-B01,beginner,用語の特定,identify,唐と結んで百済(くだら)・高句麗(こうくり)を滅ぼし、その後唐軍を退けて朝鮮半島の大部分を統一した国は？,新羅(しらぎ),新羅,,,世界史の窓：章節別用語リスト,https://www.y-history.net/appendix/appendix-list.html
大学受験世界史・重要300用語（三段階学習）,WH-000078,82,大学受験基礎,国家・王朝,新羅,しらぎ,,古代〜中世東アジア,東アジア,朝鮮半島南東部から半島大部分,4〜10世紀,356,WH-000078-B02,beginner,時期,time,新羅(しらぎ)が存在したのはいつ頃？,4〜10世紀,4〜10世紀,,,世界史の窓：章節別用語リスト,https://www.y-history.net/appendix/appendix-list.html
大学受験世界史・重要300用語（三段階学習）,WH-000078,82,大学受験基礎,国家・王朝,新羅,しらぎ,,古代〜中世東アジア,東アジア,朝鮮半島南東部から半島大部分,4〜10世紀,356,WH-000078-B03,beginner,都,place,新羅(しらぎ)の都は？,慶州(けいしゅう),慶州,,,世界史の窓：章節別用語リスト,https://www.y-history.net/appendix/appendix-list.html
大学受験世界史・重要300用語（三段階学習）,WH-000078,82,大学受験基礎,国家・王朝,新羅,しらぎ,,古代〜中世東アジア,東アジア,朝鮮半島南東部から半島大部分,4〜10世紀,356,WH-000078-R01,reverse,内容,reverse,何をした？,**新羅(しらぎ)**は、朝鮮半島南東部から発展し、唐と連合して百済(くだら)・高句麗(こうくり)を滅ぼした後、唐軍を追い出して676年に半島の大部分を統一した。,新羅,,,世界史の窓：章節別用語リスト,https://www.y-history.net/appendix/appendix-list.html
大学受験世界史・重要300用語（三段階学習）,WH-000078,82,大学受験基礎,国家・王朝,新羅,しらぎ,,古代〜中世東アジア,東アジア,朝鮮半島南東部から半島大部分,4〜10世紀,356,WH-000078-R02,reverse,結果・影響,reverse,どんな特徴をもち、何を残した？,都**慶州(けいしゅう)**を中心に仏教文化と骨品制(こっぴんせい)を発達させ、後の高麗(こうらい)へつながる統一王朝の基礎を作った。,慶州,,,世界史の窓：章節別用語リスト,https://www.y-history.net/appendix/appendix-list.html
大学受験世界史・重要300用語（三段階学習）,WH-000078,82,大学受験基礎,国家・王朝,新羅,しらぎ,,古代〜中世東アジア,東アジア,朝鮮半島南東部から半島大部分,4〜10世紀,356,WH-000078-I01,integrated,統合説明,integrated,「新羅(しらぎ)」について説明せよ。,朝鮮半島南東部から発展し、唐と連合して百済(くだら)・高句麗(こうくり)を滅ぼした後、唐軍を追い出して676年に半島の大部分を統一した。 都**慶州(けいしゅう)**を中心に仏教文化と骨品制(こっぴんせい)を発達させ、後の高麗(こうらい)へつながる統一王朝の基礎を作った。,慶州,,,世界史の窓：章節別用語リスト,https://www.y-history.net/appendix/appendix-list.html
大学受験世界史・重要300用語（三段階学習）,WH-000079,83,大学受験基礎,運動,ゲルマン人の大移動,げるまんじんのだいいどう,,古代末期,ヨーロッパ,ローマ帝国領内とヨーロッパ各地,4〜6世紀,375,WH-000079-B01,beginner,用語の特定,identify,フン人の圧迫を契機に、ゲルマン諸部族がローマ帝国領内へ移動した現象は？,ゲルマン人の大移動,ゲルマン人の大移動,,,世界史の窓：章節別用語リスト,https://www.y-history.net/appendix/appendix-list.html
大学受験世界史・重要300用語（三段階学習）,WH-000079,83,大学受験基礎,運動,ゲルマン人の大移動,げるまんじんのだいいどう,,古代末期,ヨーロッパ,ローマ帝国領内とヨーロッパ各地,4〜6世紀,375,WH-000079-B02,beginner,時期,time,ゲルマン人の大移動が盛んになったのはいつ頃？,4〜6世紀,4〜6世紀,,,世界史の窓：章節別用語リスト,https://www.y-history.net/appendix/appendix-list.html
大学受験世界史・重要300用語（三段階学習）,WH-000079,83,大学受験基礎,運動,ゲルマン人の大移動,げるまんじんのだいいどう,,古代末期,ヨーロッパ,ローマ帝国領内とヨーロッパ各地,4〜6世紀,375,WH-000079-B03,beginner,原因主体,actor,ゲルマン人の大移動を促した遊牧民は？,フン人,フン人,,,世界史の窓：章節別用語リスト,https://www.y-history.net/appendix/appendix-list.html
大学受験世界史・重要300用語（三段階学習）,WH-000079,83,大学受験基礎,運動,ゲルマン人の大移動,げるまんじんのだいいどう,,古代末期,ヨーロッパ,ローマ帝国領内とヨーロッパ各地,4〜6世紀,375,WH-000079-R01,reverse,内容,reverse,どんな運動？,4世紀後半、東方から進出した**フン人**に圧迫され、ゴート人などゲルマン諸部族がローマ帝国領内へ大規模に移動した。,フン人,,,世界史の窓：章節別用語リスト,https://www.y-history.net/appendix/appendix-list.html
大学受験世界史・重要300用語（三段階学習）,WH-000079,83,大学受験基礎,運動,ゲルマン人の大移動,げるまんじんのだいいどう,,古代末期,ヨーロッパ,ローマ帝国領内とヨーロッパ各地,4〜6世紀,375,WH-000079-R02,reverse,結果・影響,reverse,何につながった？,西ローマ帝国の支配を崩し、フランク・西ゴートなどの**ゲルマン諸王国**を成立させて中世西ヨーロッパの形成へつながった。,ゲルマン諸王国,,,世界史の窓：章節別用語リスト,https://www.y-history.net/appendix/appendix-list.html
大学受験世界史・重要300用語（三段階学習）,WH-000079,83,大学受験基礎,運動,ゲルマン人の大移動,げるまんじんのだいいどう,,古代末期,ヨーロッパ,ローマ帝国領内とヨーロッパ各地,4〜6世紀,375,WH-000079-I01,integrated,統合説明,integrated,「ゲルマン人の大移動」について説明せよ。,4世紀後半、東方から進出した**フン人**に圧迫され、ゴート人などゲルマン諸部族がローマ帝国領内へ大規模に移動した。 西ローマ帝国の支配を崩し、フランク・西ゴートなどの**ゲルマン諸王国**を成立させて中世西ヨーロッパの形成へつながった。,フン人|ゲルマン諸王国,,,世界史の窓：章節別用語リスト,https://www.y-history.net/appendix/appendix-list.html
大学受験世界史・重要300用語（三段階学習）,WH-000080,265,大学受験標準,人物,テオドシウス帝,ておどしうすてい,,古代ローマ,ヨーロッパ・地中海,ローマ帝国,379〜395年,379,WH-000080-B01,beginner,用語の特定,identify,キリスト教をローマ帝国の国教とし、死後に帝国が東西へ分裂した皇帝は？,テオドシウス帝,テオドシウス帝,,,世界史の窓：章節別用語リスト,https://www.y-history.net/appendix/appendix-list.html
大学受験世界史・重要300用語（三段階学習）,WH-000080,265,大学受験標準,人物,テオドシウス帝,ておどしうすてい,,古代ローマ,ヨーロッパ・地中海,ローマ帝国,379〜395年,379,WH-000080-B02,beginner,時期,time,テオドシウス帝が主に活動したのはいつ頃？,379〜395年,379〜395年,,,世界史の窓：章節別用語リスト,https://www.y-history.net/appendix/appendix-list.html
大学受験世界史・重要300用語（三段階学習）,WH-000080,265,大学受験標準,人物,テオドシウス帝,ておどしうすてい,,古代ローマ,ヨーロッパ・地中海,ローマ帝国,379〜395年,379,WH-000080-B03,beginner,宗教,relation,テオドシウス帝が国教とした宗教は？,キリスト教,キリスト教,,,世界史の窓：章節別用語リスト,https://www.y-history.net/appendix/appendix-list.html
大学受験世界史・重要300用語（三段階学習）,WH-000080,265,大学受験標準,人物,テオドシウス帝,ておどしうすてい,,古代ローマ,ヨーロッパ・地中海,ローマ帝国,379〜395年,379,WH-000080-R01,reverse,内容,reverse,何をした？,**キリスト教**を国教化し、異教祭祀(さいし)や異端を抑えて帝国の宗教統一を進めた最後の東西統一皇帝。,キリスト教,,,世界史の窓：章節別用語リスト,https://www.y-history.net/appendix/appendix-list.html
大学受験世界史・重要300用語（三段階学習）,WH-000080,265,大学受験標準,人物,テオドシウス帝,ておどしうすてい,,古代ローマ,ヨーロッパ・地中海,ローマ帝国,379〜395年,379,WH-000080-R02,reverse,結果・影響,reverse,どのような影響を与えた？,**テオドシウス帝**は、395年の死後、帝国は東西に分割され、西ローマ帝国の弱体化とビザンツ帝国の展開へつながった。,テオドシウス帝,,,世界史の窓：章節別用語リスト,https://www.y-history.net/appendix/appendix-list.html
大学受験世界史・重要300用語（三段階学習）,WH-000080,265,大学受験標準,人物,テオドシウス帝,ておどしうすてい,,古代ローマ,ヨーロッパ・地中海,ローマ帝国,379〜395年,379,WH-000080-I01,integrated,統合説明,integrated,「テオドシウス帝」について説明せよ。,**キリスト教**を国教化し、異教祭祀(さいし)や異端を抑えて帝国の宗教統一を進めた最後の東西統一皇帝。 395年の死後、帝国は東西に分割され、西ローマ帝国の弱体化とビザンツ帝国の展開へつながった。,キリスト教,,,世界史の窓：章節別用語リスト,https://www.y-history.net/appendix/appendix-list.html
大学受験世界史・重要300用語（三段階学習）,WH-000081,266,大学受験標準,国家・王朝,北魏,ほくぎ,,古代中国,東アジア,中国北部,386〜534年,386,WH-000081-B01,beginner,用語の特定,identify,鮮卑(せんぴ)の拓跋氏(たくばつし)が建て、華北を統一して孝文帝(こうぶんてい)の漢化政策を行った王朝は？,北魏(ほくぎ),北魏,,,世界史の窓：章節別用語リスト,https://www.y-history.net/appendix/appendix-list.html
大学受験世界史・重要300用語（三段階学習）,WH-000081,266,大学受験標準,国家・王朝,北魏,ほくぎ,,古代中国,東アジア,中国北部,386〜534年,386,WH-000081-B02,beginner,時期,time,北魏(ほくぎ)が存在したのはいつ頃？,386〜534年,386〜534年,,,世界史の窓：章節別用語リスト,https://www.y-history.net/appendix/appendix-list.html
大学受験世界史・重要300用語（三段階学習）,WH-000081,266,大学受験標準,国家・王朝,北魏,ほくぎ,,古代中国,東アジア,中国北部,386〜534年,386,WH-000081-B03,beginner,人物,person,北魏(ほくぎ)で漢化政策を進めた皇帝は？,孝文帝(こうぶんてい),孝文帝,,,世界史の窓：章節別用語リスト,https://www.y-history.net/appendix/appendix-list.html
大学受験世界史・重要300用語（三段階学習）,WH-000081,266,大学受験標準,国家・王朝,北魏,ほくぎ,,古代中国,東アジア,中国北部,386〜534年,386,WH-000081-R01,reverse,内容,reverse,何をした？,鮮卑(せんぴ)の**拓跋氏(たくばつし)**が建てて439年に華北を統一し、**孝文帝(こうぶんてい)**が洛陽(らくよう)遷都・漢姓採用など漢化政策を進めた。,拓跋氏|孝文帝,,,世界史の窓：章節別用語リスト,https://www.y-history.net/appendix/appendix-list.html
大学受験世界史・重要300用語（三段階学習）,WH-000081,266,大学受験標準,国家・王朝,北魏,ほくぎ,,古代中国,東アジア,中国北部,386〜534年,386,WH-000081-R02,reverse,結果・影響,reverse,どんな特徴をもち、何を残した？,**均田制(きんでんせい)**と三長制を実施し、北方民族と漢人の融合を進めて隋(ずい)唐国家の形成へ影響した。,均田制,,,世界史の窓：章節別用語リスト,https://www.y-history.net/appendix/appendix-list.html
大学受験世界史・重要300用語（三段階学習）,WH-000081,266,大学受験標準,国家・王朝,北魏,ほくぎ,,古代中国,東アジア,中国北部,386〜534年,386,WH-000081-I01,integrated,統合説明,integrated,「北魏(ほくぎ)」について説明せよ。,鮮卑(せんぴ)の**拓跋氏(たくばつし)**が建てて439年に華北を統一し、**孝文帝(こうぶんてい)**が洛陽(らくよう)遷都・漢姓採用など漢化政策を進めた。 **均田制(きんでんせい)**と三長制を実施し、北方民族と漢人の融合を進めて隋(ずい)唐国家の形成へ影響した。,拓跋氏|孝文帝|均田制,,,世界史の窓：章節別用語リスト,https://www.y-history.net/appendix/appendix-list.html
大学受験世界史・重要300用語（三段階学習）,WH-000082,84,大学受験基礎,国家・王朝,ビザンツ帝国,びざんつていこく,東ローマ帝国,古代末期〜中世,ヨーロッパ・西アジア,バルカン半島・小アジア・東地中海,4世紀末〜1453年,395,WH-000082-B01,beginner,用語の特定,identify,コンスタンティノープルを都とし、ギリシア語と正教会文化を発達させた東ローマ帝国は？,ビザンツ帝国,ビザンツ帝国,東ローマ帝国,,世界史の窓：章節別用語リスト,https://www.y-history.net/appendix/appendix-list.html
大学受験世界史・重要300用語（三段階学習）,WH-000082,84,大学受験基礎,国家・王朝,ビザンツ帝国,びざんつていこく,東ローマ帝国,古代末期〜中世,ヨーロッパ・西アジア,バルカン半島・小アジア・東地中海,4世紀末〜1453年,395,WH-000082-B02,beginner,時期,time,ビザンツ帝国が存在したのはいつ頃？,4世紀末〜1453年,4世紀末〜1453年,,,世界史の窓：章節別用語リスト,https://www.y-history.net/appendix/appendix-list.html
大学受験世界史・重要300用語（三段階学習）,WH-000082,84,大学受験基礎,国家・王朝,ビザンツ帝国,びざんつていこく,東ローマ帝国,古代末期〜中世,ヨーロッパ・西アジア,バルカン半島・小アジア・東地中海,4世紀末〜1453年,395,WH-000082-B03,beginner,都,place,ビザンツ帝国の都は？,コンスタンティノープル,コンスタンティノープル,,,世界史の窓：章節別用語リスト,https://www.y-history.net/appendix/appendix-list.html
大学受験世界史・重要300用語（三段階学習）,WH-000082,84,大学受験基礎,国家・王朝,ビザンツ帝国,びざんつていこく,東ローマ帝国,古代末期〜中世,ヨーロッパ・西アジア,バルカン半島・小アジア・東地中海,4世紀末〜1453年,395,WH-000082-R01,reverse,内容,reverse,何をした？,ローマ帝国東部を継承し、**コンスタンティノープル**を都に皇帝教皇主義的な統治とギリシア語文化を発達させた。,コンスタンティノープル,,,世界史の窓：章節別用語リスト,https://www.y-history.net/appendix/appendix-list.html
大学受験世界史・重要300用語（三段階学習）,WH-000082,84,大学受験基礎,国家・王朝,ビザンツ帝国,びざんつていこく,東ローマ帝国,古代末期〜中世,ヨーロッパ・西アジア,バルカン半島・小アジア・東地中海,4世紀末〜1453年,395,WH-000082-R02,reverse,結果・影響,reverse,どんな特徴をもち、何を残した？,ローマ法・ギリシア古典を保存し、**正教会**とビザンツ文化を東欧へ広めたが、1453年にオスマン帝国に滅ぼされた。,正教会,,,世界史の窓：章節別用語リスト,https://www.y-history.net/appendix/appendix-list.html
大学受験世界史・重要300用語（三段階学習）,WH-000082,84,大学受験基礎,国家・王朝,ビザンツ帝国,びざんつていこく,東ローマ帝国,古代末期〜中世,ヨーロッパ・西アジア,バルカン半島・小アジア・東地中海,4世紀末〜1453年,395,WH-000082-I01,integrated,統合説明,integrated,「ビザンツ帝国」について説明せよ。,ローマ帝国東部を継承し、**コンスタンティノープル**を都に皇帝教皇主義的な統治とギリシア語文化を発達させた。 ローマ法・ギリシア古典を保存し、**正教会**とビザンツ文化を東欧へ広めたが、1453年にオスマン帝国に滅ぼされた。,コンスタンティノープル|正教会,,,世界史の窓：章節別用語リスト,https://www.y-history.net/appendix/appendix-list.html
大学受験世界史・重要300用語（三段階学習）,WH-000083,85,大学受験基礎,事件・革命,西ローマ帝国滅亡,にしろーまていこくめつぼう,,古代末期,ヨーロッパ,西ヨーロッパ・イタリア,476年,476,WH-000083-B01,beginner,用語の特定,identify,476年、ゲルマン人傭兵隊長オドアケルが最後の皇帝を退位させた出来事は？,西ローマ帝国滅亡,西ローマ帝国滅亡,,,世界史の窓：章節別用語リスト,https://www.y-history.net/appendix/appendix-list.html
大学受験世界史・重要300用語（三段階学習）,WH-000083,85,大学受験基礎,事件・革命,西ローマ帝国滅亡,にしろーまていこくめつぼう,,古代末期,ヨーロッパ,西ヨーロッパ・イタリア,476年,476,WH-000083-B02,beginner,時期,time,西ローマ帝国滅亡が起きたのはいつ？,476年,476年,,,世界史の窓：章節別用語リスト,https://www.y-history.net/appendix/appendix-list.html
大学受験世界史・重要300用語（三段階学習）,WH-000083,85,大学受験基礎,事件・革命,西ローマ帝国滅亡,にしろーまていこくめつぼう,,古代末期,ヨーロッパ,西ヨーロッパ・イタリア,476年,476,WH-000083-B03,beginner,人物,person,最後の西ローマ皇帝を退位させた人物は？,オドアケル,オドアケル,,,世界史の窓：章節別用語リスト,https://www.y-history.net/appendix/appendix-list.html
大学受験世界史・重要300用語（三段階学習）,WH-000083,85,大学受験基礎,事件・革命,西ローマ帝国滅亡,にしろーまていこくめつぼう,,古代末期,ヨーロッパ,西ヨーロッパ・イタリア,476年,476,WH-000083-R01,reverse,内容,reverse,何が起きた？,476年、ゲルマン人傭兵隊長**オドアケル**が皇帝ロムルス＝アウグストゥルスを退位させ、西の皇帝位が消滅した。,オドアケル,,,世界史の窓：章節別用語リスト,https://www.y-history.net/appendix/appendix-list.html
大学受験世界史・重要300用語（三段階学習）,WH-000083,85,大学受験基礎,事件・革命,西ローマ帝国滅亡,にしろーまていこくめつぼう,,古代末期,ヨーロッパ,西ヨーロッパ・イタリア,476年,476,WH-000083-R02,reverse,結果・影響,reverse,何につながった？,**西ローマ帝国滅亡**は、西ヨーロッパではゲルマン諸王国が並立し、ローマ文化・キリスト教・ゲルマン社会が融合する中世世界が形成された。,西ローマ帝国滅亡,,,世界史の窓：章節別用語リスト,https://www.y-history.net/appendix/appendix-list.html
大学受験世界史・重要300用語（三段階学習）,WH-000083,85,大学受験基礎,事件・革命,西ローマ帝国滅亡,にしろーまていこくめつぼう,,古代末期,ヨーロッパ,西ヨーロッパ・イタリア,476年,476,WH-000083-I01,integrated,統合説明,integrated,「西ローマ帝国滅亡」について説明せよ。,476年、ゲルマン人傭兵隊長**オドアケル**が皇帝ロムルス＝アウグストゥルスを退位させ、西の皇帝位が消滅した。 西ヨーロッパではゲルマン諸王国が並立し、ローマ文化・キリスト教・ゲルマン社会が融合する中世世界が形成された。,オドアケル,,,世界史の窓：章節別用語リスト,https://www.y-history.net/appendix/appendix-list.html
大学受験世界史・重要300用語（三段階学習）,WH-000084,86,大学受験基礎,国家・王朝,フランク王国,ふらんくおうこく,,中世ヨーロッパ,ヨーロッパ,西ヨーロッパ,5世紀末〜843年,481,WH-000084-B01,beginner,用語の特定,identify,クローヴィスが建て、カール大帝の時代に西ヨーロッパの大部分を支配したゲルマン王国は？,フランク王国,フランク王国,,,世界史の窓：章節別用語リスト,https://www.y-history.net/appendix/appendix-list.html
大学受験世界史・重要300用語（三段階学習）,WH-000084,86,大学受験基礎,国家・王朝,フランク王国,ふらんくおうこく,,中世ヨーロッパ,ヨーロッパ,西ヨーロッパ,5世紀末〜843年,481,WH-000084-B02,beginner,時期,time,フランク王国が存在したのはいつ頃？,5世紀末〜843年,5世紀末〜843年,,,世界史の窓：章節別用語リスト,https://www.y-history.net/appendix/appendix-list.html
大学受験世界史・重要300用語（三段階学習）,WH-000084,86,大学受験基礎,国家・王朝,フランク王国,ふらんくおうこく,,中世ヨーロッパ,ヨーロッパ,西ヨーロッパ,5世紀末〜843年,481,WH-000084-B03,beginner,民族,actor,フランク王国を建てたゲルマン人は？,フランク人,フランク人,,,世界史の窓：章節別用語リスト,https://www.y-history.net/appendix/appendix-list.html
大学受験世界史・重要300用語（三段階学習）,WH-000084,86,大学受験基礎,国家・王朝,フランク王国,ふらんくおうこく,,中世ヨーロッパ,ヨーロッパ,西ヨーロッパ,5世紀末〜843年,481,WH-000084-R01,reverse,内容,reverse,何をした？,ゲルマン系の**フランク人**がガリアに建て、クローヴィスのカトリック改宗でローマ教会と結びついた王国。,フランク人,,,世界史の窓：章節別用語リスト,https://www.y-history.net/appendix/appendix-list.html
大学受験世界史・重要300用語（三段階学習）,WH-000084,86,大学受験基礎,国家・王朝,フランク王国,ふらんくおうこく,,中世ヨーロッパ,ヨーロッパ,西ヨーロッパ,5世紀末〜843年,481,WH-000084-R02,reverse,結果・影響,reverse,どんな特徴をもち、何を残した？,**フランク王国**は、カール大帝期に西ヨーロッパの大部分を統一し、ローマ・キリスト教・ゲルマン文化を融合して中世西欧世界の基礎を作った。,フランク王国,,,世界史の窓：章節別用語リスト,https://www.y-history.net/appendix/appendix-list.html
大学受験世界史・重要300用語（三段階学習）,WH-000084,86,大学受験基礎,国家・王朝,フランク王国,ふらんくおうこく,,中世ヨーロッパ,ヨーロッパ,西ヨーロッパ,5世紀末〜843年,481,WH-000084-I01,integrated,統合説明,integrated,「フランク王国」について説明せよ。,ゲルマン系の**フランク人**がガリアに建て、クローヴィスのカトリック改宗でローマ教会と結びついた王国。 カール大帝期に西ヨーロッパの大部分を統一し、ローマ・キリスト教・ゲルマン文化を融合して中世西欧世界の基礎を作った。,フランク人,,,世界史の窓：章節別用語リスト,https://www.y-history.net/appendix/appendix-list.html
大学受験世界史・重要300用語（三段階学習）,WH-000085,87,大学受験基礎,制度・政策・法律,均田制,きんでんせい,,古代〜中世中国,東アジア,北魏・隋・唐,485年以降,485,WH-000085-B01,beginner,用語の特定,identify,国家が成人男女へ一定の土地を支給し、死亡時などに返還させた土地制度は？,均田制(きんでんせい),均田制,,,世界史の窓：章節別用語リスト,https://www.y-history.net/appendix/appendix-list.html
大学受験世界史・重要300用語（三段階学習）,WH-000085,87,大学受験基礎,制度・政策・法律,均田制,きんでんせい,,古代〜中世中国,東アジア,北魏・隋・唐,485年以降,485,WH-000085-B02,beginner,時期,time,均田制(きんでんせい)が成立・実施されたのはいつ頃？,485年以降,485年以降,,,世界史の窓：章節別用語リスト,https://www.y-history.net/appendix/appendix-list.html
大学受験世界史・重要300用語（三段階学習）,WH-000085,87,大学受験基礎,制度・政策・法律,均田制,きんでんせい,,古代〜中世中国,東アジア,北魏・隋・唐,485年以降,485,WH-000085-B03,beginner,王朝,relation,均田制(きんでんせい)を最初に本格実施した王朝は？,北魏(ほくぎ),北魏,,,世界史の窓：章節別用語リスト,https://www.y-history.net/appendix/appendix-list.html
大学受験世界史・重要300用語（三段階学習）,WH-000085,87,大学受験基礎,制度・政策・法律,均田制,きんでんせい,,古代〜中世中国,東アジア,北魏・隋・唐,485年以降,485,WH-000085-R01,reverse,内容,reverse,どんな制度・政策・法律？,485年に**北魏(ほくぎ)**が始め、国家が民衆へ土地を支給して租税・兵役の基礎を確保しようとした制度。,北魏,,,世界史の窓：章節別用語リスト,https://www.y-history.net/appendix/appendix-list.html
大学受験世界史・重要300用語（三段階学習）,WH-000085,87,大学受験基礎,制度・政策・法律,均田制,きんでんせい,,古代〜中世中国,東アジア,北魏・隋・唐,485年以降,485,WH-000085-R02,reverse,結果・影響,reverse,どのような影響を与えた？,**均田制(きんでんせい)**は、隋(ずい)唐に継承されて租庸調(そようちょう)・府兵制(ふへいせい)を支えたが、土地集中と戸籍離脱により8世紀頃から崩壊した。,均田制,,,世界史の窓：章節別用語リスト,https://www.y-history.net/appendix/appendix-list.html
大学受験世界史・重要300用語（三段階学習）,WH-000085,87,大学受験基礎,制度・政策・法律,均田制,きんでんせい,,古代〜中世中国,東アジア,北魏・隋・唐,485年以降,485,WH-000085-I01,integrated,統合説明,integrated,「均田制(きんでんせい)」について説明せよ。,485年に**北魏(ほくぎ)**が始め、国家が民衆へ土地を支給して租税・兵役の基礎を確保しようとした制度。 隋(ずい)唐に継承されて租庸調(そようちょう)・府兵制(ふへいせい)を支えたが、土地集中と戸籍離脱により8世紀頃から崩壊した。,北魏,,,世界史の窓：章節別用語リスト,https://www.y-history.net/appendix/appendix-list.html
大学受験世界史・重要300用語（三段階学習）,WH-000086,267,大学受験標準,人物,クローヴィス,くろーゔぃす,,中世ヨーロッパ,ヨーロッパ,ガリア,481〜511年,496,WH-000086-B01,beginner,用語の特定,identify,フランク人を統一し、アタナシウス派キリスト教へ改宗したメロヴィング朝の王は？,クローヴィス,クローヴィス,,,世界史の窓：章節別用語リスト,https://www.y-history.net/appendix/appendix-list.html
大学受験世界史・重要300用語（三段階学習）,WH-000086,267,大学受験標準,人物,クローヴィス,くろーゔぃす,,中世ヨーロッパ,ヨーロッパ,ガリア,481〜511年,496,WH-000086-B02,beginner,時期,time,クローヴィスが主に活動したのはいつ頃？,481〜511年,481〜511年,,,世界史の窓：章節別用語リスト,https://www.y-history.net/appendix/appendix-list.html
大学受験世界史・重要300用語（三段階学習）,WH-000086,267,大学受験標準,人物,クローヴィス,くろーゔぃす,,中世ヨーロッパ,ヨーロッパ,ガリア,481〜511年,496,WH-000086-B03,beginner,王朝,relation,クローヴィスが開いた王朝は？,メロヴィング朝,メロヴィング朝,,,世界史の窓：章節別用語リスト,https://www.y-history.net/appendix/appendix-list.html
大学受験世界史・重要300用語（三段階学習）,WH-000086,267,大学受験標準,人物,クローヴィス,くろーゔぃす,,中世ヨーロッパ,ヨーロッパ,ガリア,481〜511年,496,WH-000086-R01,reverse,内容,reverse,何をした？,フランク諸部族を統一して**メロヴィング朝**を開き、496年頃にローマ教会のアタナシウス派へ改宗した。,メロヴィング朝,,,世界史の窓：章節別用語リスト,https://www.y-history.net/appendix/appendix-list.html
大学受験世界史・重要300用語（三段階学習）,WH-000086,267,大学受験標準,人物,クローヴィス,くろーゔぃす,,中世ヨーロッパ,ヨーロッパ,ガリア,481〜511年,496,WH-000086-R02,reverse,結果・影響,reverse,どのような影響を与えた？,**クローヴィス**は、ガリアのローマ系住民と教会の支持を得て、フランク王国が西ヨーロッパの中心国家へ成長する基礎を築いた。,クローヴィス,,,世界史の窓：章節別用語リスト,https://www.y-history.net/appendix/appendix-list.html
大学受験世界史・重要300用語（三段階学習）,WH-000086,267,大学受験標準,人物,クローヴィス,くろーゔぃす,,中世ヨーロッパ,ヨーロッパ,ガリア,481〜511年,496,WH-000086-I01,integrated,統合説明,integrated,「クローヴィス」について説明せよ。,フランク諸部族を統一して**メロヴィング朝**を開き、496年頃にローマ教会のアタナシウス派へ改宗した。 ガリアのローマ系住民と教会の支持を得て、フランク王国が西ヨーロッパの中心国家へ成長する基礎を築いた。,メロヴィング朝,,,世界史の窓：章節別用語リスト,https://www.y-history.net/appendix/appendix-list.html
大学受験世界史・重要300用語（三段階学習）,WH-000087,268,大学受験標準,人物,ユスティニアヌス帝,ゆすてぃにあぬすてい,,ビザンツ帝国,ヨーロッパ・地中海,東地中海・旧西ローマ領,527〜565年,527,WH-000087-B01,beginner,用語の特定,identify,ビザンツ帝国でローマ法大全を編纂し、旧西ローマ領の再征服を進めた皇帝は？,ユスティニアヌス帝,ユスティニアヌス帝,,,世界史の窓：章節別用語リスト,https://www.y-history.net/appendix/appendix-list.html
大学受験世界史・重要300用語（三段階学習）,WH-000087,268,大学受験標準,人物,ユスティニアヌス帝,ゆすてぃにあぬすてい,,ビザンツ帝国,ヨーロッパ・地中海,東地中海・旧西ローマ領,527〜565年,527,WH-000087-B02,beginner,時期,time,ユスティニアヌス帝が主に活動したのはいつ頃？,527〜565年,527〜565年,,,世界史の窓：章節別用語リスト,https://www.y-history.net/appendix/appendix-list.html
大学受験世界史・重要300用語（三段階学習）,WH-000087,268,大学受験標準,人物,ユスティニアヌス帝,ゆすてぃにあぬすてい,,ビザンツ帝国,ヨーロッパ・地中海,東地中海・旧西ローマ領,527〜565年,527,WH-000087-B03,beginner,文書,content,ユスティニアヌス帝が編纂させた法典集は？,ローマ法大全,ローマ法大全,,,世界史の窓：章節別用語リスト,https://www.y-history.net/appendix/appendix-list.html
大学受験世界史・重要300用語（三段階学習）,WH-000087,268,大学受験標準,人物,ユスティニアヌス帝,ゆすてぃにあぬすてい,,ビザンツ帝国,ヨーロッパ・地中海,東地中海・旧西ローマ領,527〜565年,527,WH-000087-R01,reverse,内容,reverse,何をした？,将軍ベリサリウスに北アフリカ・イタリアを再征服させ、**ローマ法大全**を編纂し、ハギア＝ソフィア聖堂を建設した。,ローマ法大全,,,世界史の窓：章節別用語リスト,https://www.y-history.net/appendix/appendix-list.html
大学受験世界史・重要300用語（三段階学習）,WH-000087,268,大学受験標準,人物,ユスティニアヌス帝,ゆすてぃにあぬすてい,,ビザンツ帝国,ヨーロッパ・地中海,東地中海・旧西ローマ領,527〜565年,527,WH-000087-R02,reverse,結果・影響,reverse,どのような影響を与えた？,**ユスティニアヌス帝**は、古代ローマの法と皇帝権を継承し、ローマ法大全は後世のヨーロッパ法学へ大きな影響を与えた。,ユスティニアヌス帝,,,世界史の窓：章節別用語リスト,https://www.y-history.net/appendix/appendix-list.html
大学受験世界史・重要300用語（三段階学習）,WH-000087,268,大学受験標準,人物,ユスティニアヌス帝,ゆすてぃにあぬすてい,,ビザンツ帝国,ヨーロッパ・地中海,東地中海・旧西ローマ領,527〜565年,527,WH-000087-I01,integrated,統合説明,integrated,「ユスティニアヌス帝」について説明せよ。,将軍ベリサリウスに北アフリカ・イタリアを再征服させ、**ローマ法大全**を編纂し、ハギア＝ソフィア聖堂を建設した。 古代ローマの法と皇帝権を継承し、ローマ法大全は後世のヨーロッパ法学へ大きな影響を与えた。,ローマ法大全,,,世界史の窓：章節別用語リスト,https://www.y-history.net/appendix/appendix-list.html
大学受験世界史・重要300用語（三段階学習）,WH-000088,88,大学受験基礎,人物,ムハンマド,むはんまど,マホメット,イスラーム成立期,西アジア,アラビア半島のメッカ・メディナ,570頃〜632年,570,WH-000088-B01,beginner,用語の特定,identify,唯一神アッラーの啓示を受け、イスラーム教を始めた人物は？,ムハンマド,ムハンマド,マホメット,,世界史の窓：章節別用語リスト,https://www.y-history.net/appendix/appendix-list.html
大学受験世界史・重要300用語（三段階学習）,WH-000088,88,大学受験基礎,人物,ムハンマド,むはんまど,マホメット,イスラーム成立期,西アジア,アラビア半島のメッカ・メディナ,570頃〜632年,570,WH-000088-B02,beginner,時期,time,ムハンマドが主に活動したのはいつ頃？,570頃〜632年,570頃〜632年,,,世界史の窓：章節別用語リスト,https://www.y-history.net/appendix/appendix-list.html
大学受験世界史・重要300用語（三段階学習）,WH-000088,88,大学受験基礎,人物,ムハンマド,むはんまど,マホメット,イスラーム成立期,西アジア,アラビア半島のメッカ・メディナ,570頃〜632年,570,WH-000088-B03,beginner,都市,place,ムハンマドが最初に啓示を受けた都市は？,メッカ,メッカ,,,世界史の窓：章節別用語リスト,https://www.y-history.net/appendix/appendix-list.html
大学受験世界史・重要300用語（三段階学習）,WH-000088,88,大学受験基礎,人物,ムハンマド,むはんまど,マホメット,イスラーム成立期,西アジア,アラビア半島のメッカ・メディナ,570頃〜632年,570,WH-000088-R01,reverse,内容,reverse,何をした？,メッカの商人として生まれ、610年頃から唯一神**アッラー**の啓示を受けて、偶像崇拝と貧富の差を批判した。,アッラー,,,世界史の窓：章節別用語リスト,https://www.y-history.net/appendix/appendix-list.html
大学受験世界史・重要300用語（三段階学習）,WH-000088,88,大学受験基礎,人物,ムハンマド,むはんまど,マホメット,イスラーム成立期,西アジア,アラビア半島のメッカ・メディナ,570頃〜632年,570,WH-000088-R02,reverse,結果・影響,reverse,どのような影響を与えた？,622年の**ヒジュラ**後にメディナでウンマを組織し、アラビア半島を統一してイスラーム国家と宗教の基礎を築いた。,ヒジュラ,,,世界史の窓：章節別用語リスト,https://www.y-history.net/appendix/appendix-list.html
大学受験世界史・重要300用語（三段階学習）,WH-000088,88,大学受験基礎,人物,ムハンマド,むはんまど,マホメット,イスラーム成立期,西アジア,アラビア半島のメッカ・メディナ,570頃〜632年,570,WH-000088-I01,integrated,統合説明,integrated,「ムハンマド」について説明せよ。,メッカの商人として生まれ、610年頃から唯一神**アッラー**の啓示を受けて、偶像崇拝と貧富の差を批判した。 622年の**ヒジュラ**後にメディナでウンマを組織し、アラビア半島を統一してイスラーム国家と宗教の基礎を築いた。,アッラー|ヒジュラ,,,世界史の窓：章節別用語リスト,https://www.y-history.net/appendix/appendix-list.html
大学受験世界史・重要300用語（三段階学習）,WH-000089,89,大学受験基礎,国家・王朝,隋,ずい,,中世中国,東アジア,中国,581〜618年,581,WH-000089-B01,beginner,用語の特定,identify,楊堅(ようけん)が建て、589年に中国を再統一し、大運河を建設した王朝は？,隋(ずい),隋,,,世界史の窓：章節別用語リスト,https://www.y-history.net/appendix/appendix-list.html
大学受験世界史・重要300用語（三段階学習）,WH-000089,89,大学受験基礎,国家・王朝,隋,ずい,,中世中国,東アジア,中国,581〜618年,581,WH-000089-B02,beginner,時期,time,隋(ずい)が存在したのはいつ頃？,581〜618年,581〜618年,,,世界史の窓：章節別用語リスト,https://www.y-history.net/appendix/appendix-list.html
大学受験世界史・重要300用語（三段階学習）,WH-000089,89,大学受験基礎,国家・王朝,隋,ずい,,中世中国,東アジア,中国,581〜618年,581,WH-000089-B03,beginner,建国者,person,隋(ずい)の建国者は？,楊堅(ようけん),楊堅,,,世界史の窓：章節別用語リスト,https://www.y-history.net/appendix/appendix-list.html
大学受験世界史・重要300用語（三段階学習）,WH-000089,89,大学受験基礎,国家・王朝,隋,ずい,,中世中国,東アジア,中国,581〜618年,581,WH-000089-R01,reverse,内容,reverse,何をした？,**楊堅(ようけん)**が建てて589年に南朝陳(なんちょうちん)を滅ぼし、魏晋南北朝(ぎしんなんぼくちょう)以来の中国分裂を終わらせた。,楊堅,,,世界史の窓：章節別用語リスト,https://www.y-history.net/appendix/appendix-list.html
大学受験世界史・重要300用語（三段階学習）,WH-000089,89,大学受験基礎,国家・王朝,隋,ずい,,中世中国,東アジア,中国,581〜618年,581,WH-000089-R02,reverse,結果・影響,reverse,どんな特徴をもち、何を残した？,均田制(きんでんせい)・租庸調(そようちょう)・府兵制(ふへいせい)・**科挙(かきょ)**を整え、大運河を建設して唐帝国の制度的基礎を作った。,科挙,,,世界史の窓：章節別用語リスト,https://www.y-history.net/appendix/appendix-list.html
大学受験世界史・重要300用語（三段階学習）,WH-000089,89,大学受験基礎,国家・王朝,隋,ずい,,中世中国,東アジア,中国,581〜618年,581,WH-000089-I01,integrated,統合説明,integrated,「隋(ずい)」について説明せよ。,**楊堅(ようけん)**が建てて589年に南朝陳(なんちょうちん)を滅ぼし、魏晋南北朝(ぎしんなんぼくちょう)以来の中国分裂を終わらせた。 均田制(きんでんせい)・租庸調(そようちょう)・府兵制(ふへいせい)・**科挙(かきょ)**を整え、大運河を建設して唐帝国の制度的基礎を作った。,楊堅|科挙,,,世界史の窓：章節別用語リスト,https://www.y-history.net/appendix/appendix-list.html
大学受験世界史・重要300用語（三段階学習）,WH-000090,90,大学受験基礎,制度・政策・法律,科挙,かきょ,,中世〜近世中国,東アジア,中国と東アジア,隋〜清,587,WH-000090-B01,beginner,用語の特定,identify,家柄ではなく儒学の試験成績で官僚を選ぶ中国の制度は？,科挙(かきょ),科挙,,,世界史の窓：章節別用語リスト,https://www.y-history.net/appendix/appendix-list.html
大学受験世界史・重要300用語（三段階学習）,WH-000090,90,大学受験基礎,制度・政策・法律,科挙,かきょ,,中世〜近世中国,東アジア,中国と東アジア,隋〜清,587,WH-000090-B02,beginner,時期,time,科挙(かきょ)が成立・実施されたのはいつ頃？,隋(ずい)〜清,隋〜清,,,世界史の窓：章節別用語リスト,https://www.y-history.net/appendix/appendix-list.html
大学受験世界史・重要300用語（三段階学習）,WH-000090,90,大学受験基礎,制度・政策・法律,科挙,かきょ,,中世〜近世中国,東アジア,中国と東アジア,隋〜清,587,WH-000090-B03,beginner,王朝,relation,科挙(かきょ)を始めた王朝は？,隋(ずい),隋,,,世界史の窓：章節別用語リスト,https://www.y-history.net/appendix/appendix-list.html
大学受験世界史・重要300用語（三段階学習）,WH-000090,90,大学受験基礎,制度・政策・法律,科挙,かきょ,,中世〜近世中国,東アジア,中国と東アジア,隋〜清,587,WH-000090-R01,reverse,内容,reverse,どんな制度・政策・法律？,**隋(ずい)**に始まり、儒学の経典や文章を試験して官僚を選抜する制度として唐・宋以後に発展した。,隋,,,世界史の窓：章節別用語リスト,https://www.y-history.net/appendix/appendix-list.html
大学受験世界史・重要300用語（三段階学習）,WH-000090,90,大学受験基礎,制度・政策・法律,科挙,かきょ,,中世〜近世中国,東アジア,中国と東アジア,隋〜清,587,WH-000090-R02,reverse,結果・影響,reverse,どのような影響を与えた？,門閥貴族(もんばつきぞく)を弱めて**士大夫(したいふ)**層を形成し、中国だけでなく朝鮮・ベトナムの官僚制にも影響した。,士大夫,,,世界史の窓：章節別用語リスト,https://www.y-history.net/appendix/appendix-list.html
大学受験世界史・重要300用語（三段階学習）,WH-000090,90,大学受験基礎,制度・政策・法律,科挙,かきょ,,中世〜近世中国,東アジア,中国と東アジア,隋〜清,587,WH-000090-I01,integrated,統合説明,integrated,「科挙(かきょ)」について説明せよ。,**隋(ずい)**に始まり、儒学の経典や文章を試験して官僚を選抜する制度として唐・宋以後に発展した。 門閥貴族(もんばつきぞく)を弱めて**士大夫(したいふ)**層を形成し、中国だけでなく朝鮮・ベトナムの官僚制にも影響した。,隋|士大夫,,,世界史の窓：章節別用語リスト,https://www.y-history.net/appendix/appendix-list.html
大学受験世界史・重要300用語（三段階学習）,WH-000091,91,大学受験基礎,時代・歴史区分,東アジア文化圏,ひがしあじあぶんかけん,,中世東アジア,東アジア,中国・朝鮮・日本・ベトナム,7〜10世紀を中心,600,WH-000091-B01,beginner,用語の特定,identify,漢字・儒教・仏教・律令制(りつりょうせい)を共通要素として形成された地域世界を何という？,東アジア文化圏(ひがしあじあぶんかけん),東アジア文化圏,,,世界史の窓：章節別用語リスト,https://www.y-history.net/appendix/appendix-list.html
大学受験世界史・重要300用語（三段階学習）,WH-000091,91,大学受験基礎,時代・歴史区分,東アジア文化圏,ひがしあじあぶんかけん,,中世東アジア,東アジア,中国・朝鮮・日本・ベトナム,7〜10世紀を中心,600,WH-000091-B02,beginner,時期,time,東アジア文化圏(ひがしあじあぶんかけん)が歴史上重要になるのはいつ頃？,7〜10世紀を中心,7〜10世紀を中心,,,世界史の窓：章節別用語リスト,https://www.y-history.net/appendix/appendix-list.html
大学受験世界史・重要300用語（三段階学習）,WH-000091,91,大学受験基礎,時代・歴史区分,東アジア文化圏,ひがしあじあぶんかけん,,中世東アジア,東アジア,中国・朝鮮・日本・ベトナム,7〜10世紀を中心,600,WH-000091-B03,beginner,文化要素,content,東アジア文化圏(ひがしあじあぶんかけん)で共通の文字文化の基礎となった文字は？,漢字,漢字,,,世界史の窓：章節別用語リスト,https://www.y-history.net/appendix/appendix-list.html
大学受験世界史・重要300用語（三段階学習）,WH-000091,91,大学受験基礎,時代・歴史区分,東アジア文化圏,ひがしあじあぶんかけん,,中世東アジア,東アジア,中国・朝鮮・日本・ベトナム,7〜10世紀を中心,600,WH-000091-R01,reverse,内容,reverse,何が起きた時代・変化？,隋(ずい)唐の中国を中心に、朝鮮・日本・ベトナムが**漢字**・儒教・**仏教**・律令制(りつりょうせい)などを受容して形成した地域的文化圏。,漢字|仏教,,,世界史の窓：章節別用語リスト,https://www.y-history.net/appendix/appendix-list.html
大学受験世界史・重要300用語（三段階学習）,WH-000091,91,大学受験基礎,時代・歴史区分,東アジア文化圏,ひがしあじあぶんかけん,,中世東アジア,東アジア,中国・朝鮮・日本・ベトナム,7〜10世紀を中心,600,WH-000091-R02,reverse,結果・影響,reverse,何につながった？,**東アジア文化圏(ひがしあじあぶんかけん)**は、各国は中国文化を取り入れつつ固有の制度・文字・文化を発達させ、冊封(さくほう)・朝貢(ちょうこう)関係を通じて相互交流した。,東アジア文化圏,,,世界史の窓：章節別用語リスト,https://www.y-history.net/appendix/appendix-list.html
大学受験世界史・重要300用語（三段階学習）,WH-000091,91,大学受験基礎,時代・歴史区分,東アジア文化圏,ひがしあじあぶんかけん,,中世東アジア,東アジア,中国・朝鮮・日本・ベトナム,7〜10世紀を中心,600,WH-000091-I01,integrated,統合説明,integrated,「東アジア文化圏(ひがしあじあぶんかけん)」について説明せよ。,隋(ずい)唐の中国を中心に、朝鮮・日本・ベトナムが**漢字**・儒教・**仏教**・律令制(りつりょうせい)などを受容して形成した地域的文化圏。 各国は中国文化を取り入れつつ固有の制度・文字・文化を発達させ、冊封(さくほう)・朝貢(ちょうこう)関係を通じて相互交流した。,漢字|仏教,,,世界史の窓：章節別用語リスト,https://www.y-history.net/appendix/appendix-list.html
大学受験世界史・重要300用語（三段階学習）,WH-000092,269,大学受験標準,制度・政策・法律,三省六部,さんしょうりくぶ,,中世中国,東アジア,隋・唐の中国,6〜10世紀,600,WH-000092-B01,beginner,用語の特定,identify,中書省(ちゅうしょしょう)・門下省(もんかしょう)・尚書省(しょうしょしょう)と六部からなる隋(ずい)唐の中央官制は？,三省六部(さんしょうりくぶ),三省六部,,,世界史の窓：章節別用語リスト,https://www.y-history.net/appendix/appendix-list.html
大学受験世界史・重要300用語（三段階学習）,WH-000092,269,大学受験標準,制度・政策・法律,三省六部,さんしょうりくぶ,,中世中国,東アジア,隋・唐の中国,6〜10世紀,600,WH-000092-B02,beginner,時期,time,三省六部(さんしょうりくぶ)が成立・実施されたのはいつ頃？,6〜10世紀,6〜10世紀,,,世界史の窓：章節別用語リスト,https://www.y-history.net/appendix/appendix-list.html
大学受験世界史・重要300用語（三段階学習）,WH-000092,269,大学受験標準,制度・政策・法律,三省六部,さんしょうりくぶ,,中世中国,東アジア,隋・唐の中国,6〜10世紀,600,WH-000092-B03,beginner,機関,content,皇帝の命令を審議し、誤りがあれば差し戻した機関は？,門下省(もんかしょう),門下省,,,世界史の窓：章節別用語リスト,https://www.y-history.net/appendix/appendix-list.html
大学受験世界史・重要300用語（三段階学習）,WH-000092,269,大学受験標準,制度・政策・法律,三省六部,さんしょうりくぶ,,中世中国,東アジア,隋・唐の中国,6〜10世紀,600,WH-000092-R01,reverse,内容,reverse,どんな制度・政策・法律？,皇帝の詔勅(しょうちょく)を起草する**中書省(ちゅうしょしょう)**、審議する**門下省(もんかしょう)**、実施する尚書省(しょうしょしょう)と、その下の六部からなる中央官制。,中書省|門下省,,,世界史の窓：章節別用語リスト,https://www.y-history.net/appendix/appendix-list.html
大学受験世界史・重要300用語（三段階学習）,WH-000092,269,大学受験標準,制度・政策・法律,三省六部,さんしょうりくぶ,,中世中国,東アジア,隋・唐の中国,6〜10世紀,600,WH-000092-R02,reverse,結果・影響,reverse,どのような影響を与えた？,**三省六部(さんしょうりくぶ)**は、皇帝権を補佐しながら行政を分担・牽制する仕組みとして、唐を中心とする東アジア諸国へ広がった。,三省六部,,,世界史の窓：章節別用語リスト,https://www.y-history.net/appendix/appendix-list.html
大学受験世界史・重要300用語（三段階学習）,WH-000092,269,大学受験標準,制度・政策・法律,三省六部,さんしょうりくぶ,,中世中国,東アジア,隋・唐の中国,6〜10世紀,600,WH-000092-I01,integrated,統合説明,integrated,「三省六部(さんしょうりくぶ)」について説明せよ。,皇帝の詔勅(しょうちょく)を起草する**中書省(ちゅうしょしょう)**、審議する**門下省(もんかしょう)**、実施する尚書省(しょうしょしょう)と、その下の六部からなる中央官制。 皇帝権を補佐しながら行政を分担・牽制する仕組みとして、唐を中心とする東アジア諸国へ広がった。,中書省|門下省,,,世界史の窓：章節別用語リスト,https://www.y-history.net/appendix/appendix-list.html
大学受験世界史・重要300用語（三段階学習）,WH-000093,270,大学受験標準,制度・政策・法律,律令制,りつりょうせい,,中世東アジア,東アジア,中国・朝鮮・日本・ベトナム,7〜10世紀を中心,600,WH-000093-B01,beginner,用語の特定,identify,刑法である律(りつ)と行政法である令(りょう)を基礎に国家を統治する制度は？,律令制(りつりょうせい),律令制,,,世界史の窓：章節別用語リスト,https://www.y-history.net/appendix/appendix-list.html
大学受験世界史・重要300用語（三段階学習）,WH-000093,270,大学受験標準,制度・政策・法律,律令制,りつりょうせい,,中世東アジア,東アジア,中国・朝鮮・日本・ベトナム,7〜10世紀を中心,600,WH-000093-B02,beginner,時期,time,律令制(りつりょうせい)が成立・実施されたのはいつ頃？,7〜10世紀を中心,7〜10世紀を中心,,,世界史の窓：章節別用語リスト,https://www.y-history.net/appendix/appendix-list.html
大学受験世界史・重要300用語（三段階学習）,WH-000093,270,大学受験標準,制度・政策・法律,律令制,りつりょうせい,,中世東アジア,東アジア,中国・朝鮮・日本・ベトナム,7〜10世紀を中心,600,WH-000093-B03,beginner,王朝,relation,律令制(りつりょうせい)の模範となった中国王朝は？,隋(ずい)・唐,隋・唐,,,世界史の窓：章節別用語リスト,https://www.y-history.net/appendix/appendix-list.html
大学受験世界史・重要300用語（三段階学習）,WH-000093,270,大学受験標準,制度・政策・法律,律令制,りつりょうせい,,中世東アジア,東アジア,中国・朝鮮・日本・ベトナム,7〜10世紀を中心,600,WH-000093-R01,reverse,内容,reverse,どんな制度・政策・法律？,刑罰法の**律(りつ)**と行政法の**令(りょう)**を中心に、官僚制・戸籍・租税・軍事を体系化した国家制度。,律|令,,,世界史の窓：章節別用語リスト,https://www.y-history.net/appendix/appendix-list.html
大学受験世界史・重要300用語（三段階学習）,WH-000093,270,大学受験標準,制度・政策・法律,律令制,りつりょうせい,,中世東アジア,東アジア,中国・朝鮮・日本・ベトナム,7〜10世紀を中心,600,WH-000093-R02,reverse,結果・影響,reverse,どのような影響を与えた？,隋(ずい)唐で完成され、朝鮮・日本・ベトナムへ伝わって**東アジア文化圏(ひがしあじあぶんかけん)**の国家形成を支えた。,東アジア文化圏,,,世界史の窓：章節別用語リスト,https://www.y-history.net/appendix/appendix-list.html
大学受験世界史・重要300用語（三段階学習）,WH-000093,270,大学受験標準,制度・政策・法律,律令制,りつりょうせい,,中世東アジア,東アジア,中国・朝鮮・日本・ベトナム,7〜10世紀を中心,600,WH-000093-I01,integrated,統合説明,integrated,「律令制(りつりょうせい)」について説明せよ。,刑罰法の**律(りつ)**と行政法の**令(りょう)**を中心に、官僚制・戸籍・租税・軍事を体系化した国家制度。 隋(ずい)唐で完成され、朝鮮・日本・ベトナムへ伝わって**東アジア文化圏(ひがしあじあぶんかけん)**の国家形成を支えた。,律|令|東アジア文化圏,,,世界史の窓：章節別用語リスト,https://www.y-history.net/appendix/appendix-list.html
大学受験世界史・重要300用語（三段階学習）,WH-000094,9,大学受験基礎,宗教・宗派,イスラーム教の成立,いすらーむきょうのせいりつ,イスラム教の成立,中世,西アジア,アラビア半島のメッカ・メディナ,7世紀前半,610,WH-000094-B01,beginner,用語の特定,identify,7世紀のアラビア半島でムハンマドが唯一神アッラーへの服従を説いて成立した宗教は？,イスラーム教,イスラーム教,イスラム教,,世界史の窓：イスラーム教,https://www.y-history.net/appendix/wh0501-008.html
大学受験世界史・重要300用語（三段階学習）,WH-000094,9,大学受験基礎,宗教・宗派,イスラーム教の成立,いすらーむきょうのせいりつ,イスラム教の成立,中世,西アジア,アラビア半島のメッカ・メディナ,7世紀前半,610,WH-000094-B02,beginner,事件,content,622年、ムハンマドがメッカからメディナへ移住した出来事は？,ヒジュラ,ヒジュラ,聖遷,,世界史の窓：イスラーム教,https://www.y-history.net/appendix/wh0501-008.html
大学受験世界史・重要300用語（三段階学習）,WH-000094,9,大学受験基礎,宗教・宗派,イスラーム教の成立,いすらーむきょうのせいりつ,イスラム教の成立,中世,西アジア,アラビア半島のメッカ・メディナ,7世紀前半,610,WH-000094-B03,beginner,文書,content,ムハンマドが受けた啓示をまとめたイスラーム教の聖典は？,クルアーン,クルアーン,コーラン,,世界史の窓：イスラーム教,https://www.y-history.net/appendix/wh0501-008.html
大学受験世界史・重要300用語（三段階学習）,WH-000094,9,大学受験基礎,宗教・宗派,イスラーム教の成立,いすらーむきょうのせいりつ,イスラム教の成立,中世,西アジア,アラビア半島のメッカ・メディナ,7世紀前半,610,WH-000094-R01,reverse,時期・場所,reverse,成立したのはいつ頃・どこ？,7世紀前半、アラビア半島の**メッカ**で始まり、622年の**ヒジュラ**後は**メディナ**を拠点に共同体が形成された。,メッカ|ヒジュラ|メディナ|622年,,,世界史の窓：イスラーム教,https://www.y-history.net/appendix/wh0501-008.html
大学受験世界史・重要300用語（三段階学習）,WH-000094,9,大学受験基礎,宗教・宗派,イスラーム教の成立,いすらーむきょうのせいりつ,イスラム教の成立,中世,西アジア,アラビア半島のメッカ・メディナ,7世紀前半,610,WH-000094-R02,reverse,内容,reverse,何が起き、何につながった？,**ムハンマド**が唯一神**アッラー**への服従と信徒の平等を説き、**クルアーン**を基礎とする宗教共同体を作った。アラビア半島の統一後、後継者のカリフのもとでイスラーム世界が急速に拡大した。,ムハンマド|アッラー|クルアーン|宗教共同体|カリフ,,,世界史の窓：イスラーム教,https://www.y-history.net/appendix/wh0501-008.html
大学受験世界史・重要300用語（三段階学習）,WH-000094,9,大学受験基礎,宗教・宗派,イスラーム教の成立,いすらーむきょうのせいりつ,イスラム教の成立,中世,西アジア,アラビア半島のメッカ・メディナ,7世紀前半,610,WH-000094-I01,integrated,統合説明,integrated,「イスラーム教の成立」について説明せよ。,7世紀前半、**ムハンマド**がメッカで唯一神**アッラー**への服従を説いて始めた宗教。622年の**ヒジュラ**後にメディナで共同体を形成し、**クルアーン**を基礎にアラビア半島を統一し、カリフの時代に広域へ拡大した。,ムハンマド|メッカ|アッラー|ヒジュラ|メディナ|クルアーン|カリフ,,,世界史の窓：イスラーム教,https://www.y-history.net/appendix/wh0501-008.html
大学受験世界史・重要300用語（三段階学習）,WH-000095,16,大学受験基礎,国家・王朝,唐,とう,,中世,東アジア,中国を中心に東アジア・中央アジア,618年〜907年,618,WH-000095-B01,beginner,用語の特定,identify,618年に成立し、長安(ちょうあん)を都として東アジアに大きな影響を与えた中国王朝は？,唐(とう),唐,,,世界史の窓：唐,https://www.y-history.net/appendix/wh0302-011.html
大学受験世界史・重要300用語（三段階学習）,WH-000095,16,大学受験基礎,国家・王朝,唐,とう,,中世,東アジア,中国を中心に東アジア・中央アジア,618年〜907年,618,WH-000095-B02,beginner,都市,place,唐の国際色豊かな都は？,長安(ちょうあん),長安,,,世界史の窓：唐,https://www.y-history.net/appendix/wh0302-011.html
大学受験世界史・重要300用語（三段階学習）,WH-000095,16,大学受験基礎,国家・王朝,唐,とう,,中世,東アジア,中国を中心に東アジア・中央アジア,618年〜907年,618,WH-000095-B03,beginner,制度,content,唐が農民に土地を給付し、税役負担の基礎とした土地制度は？,均田制(きんでんせい),均田制,,,世界史の窓：唐,https://www.y-history.net/appendix/wh0302-011.html
大学受験世界史・重要300用語（三段階学習）,WH-000095,16,大学受験基礎,国家・王朝,唐,とう,,中世,東アジア,中国を中心に東アジア・中央アジア,618年〜907年,618,WH-000095-R01,reverse,複合説明,reverse,何をした？,618年に成立し、**長安(ちょうあん)**を都に律令体制(りつりょうたいせい)を整えた。**均田制・租庸調制・府兵制(きんでんせい・そようちょうせい・ふへいせい)**を基礎に支配し、陸海の交易を通じて国際的な文化が栄えたが、**安史の乱(あんしのらん)**後に節度使(せつどし)が自立して衰えた。,長安|律令体制|均田制|租庸調制|府兵制|安史の乱|節度使,,,世界史の窓：唐,https://www.y-history.net/appendix/wh0302-011.html
大学受験世界史・重要300用語（三段階学習）,WH-000095,16,大学受験基礎,国家・王朝,唐,とう,,中世,東アジア,中国を中心に東アジア・中央アジア,618年〜907年,618,WH-000095-I01,integrated,統合説明,integrated,「唐」について説明せよ。,618年に成立し、**長安(ちょうあん)**を都に東アジアへ大きな影響を与えた中国王朝。**均田制・租庸調制・府兵制(きんでんせい・そようちょうせい・ふへいせい)**を基礎に国際文化を栄えさせたが、**安史の乱(あんしのらん)**後に節度使(せつどし)が自立して衰退した。,長安|均田制|租庸調制|府兵制|安史の乱|節度使,,,世界史の窓：唐,https://www.y-history.net/appendix/wh0302-011.html
大学受験世界史・重要300用語（三段階学習）,WH-000096,92,大学受験基礎,事件・革命,ヒジュラ,ひじゅら,聖遷,イスラーム成立期,西アジア,メッカからメディナ,622年,622,WH-000096-B01,beginner,用語の特定,identify,ムハンマドと信徒が迫害を避け、メッカからメディナへ移住した出来事は？,ヒジュラ,ヒジュラ,聖遷,,世界史の窓：章節別用語リスト,https://www.y-history.net/appendix/appendix-list.html
大学受験世界史・重要300用語（三段階学習）,WH-000096,92,大学受験基礎,事件・革命,ヒジュラ,ひじゅら,聖遷,イスラーム成立期,西アジア,メッカからメディナ,622年,622,WH-000096-B02,beginner,時期,time,ヒジュラが起きたのはいつ？,622年,622年,,,世界史の窓：章節別用語リスト,https://www.y-history.net/appendix/appendix-list.html
大学受験世界史・重要300用語（三段階学習）,WH-000096,92,大学受験基礎,事件・革命,ヒジュラ,ひじゅら,聖遷,イスラーム成立期,西アジア,メッカからメディナ,622年,622,WH-000096-B03,beginner,移住先,place,ヒジュラの移住先は？,メディナ,メディナ,,,世界史の窓：章節別用語リスト,https://www.y-history.net/appendix/appendix-list.html
大学受験世界史・重要300用語（三段階学習）,WH-000096,92,大学受験基礎,事件・革命,ヒジュラ,ひじゅら,聖遷,イスラーム成立期,西アジア,メッカからメディナ,622年,622,WH-000096-R01,reverse,内容,reverse,何が起きた？,622年、メッカで迫害された**ムハンマド**と信徒が、招かれて**メディナ**へ移住した出来事。,ムハンマド|メディナ,,,世界史の窓：章節別用語リスト,https://www.y-history.net/appendix/appendix-list.html
大学受験世界史・重要300用語（三段階学習）,WH-000096,92,大学受験基礎,事件・革命,ヒジュラ,ひじゅら,聖遷,イスラーム成立期,西アジア,メッカからメディナ,622年,622,WH-000096-R02,reverse,結果・影響,reverse,何につながった？,メディナで宗教・政治共同体の**ウンマ**が成立し、この年がイスラーム暦元年となった。,ウンマ,,,世界史の窓：章節別用語リスト,https://www.y-history.net/appendix/appendix-list.html
大学受験世界史・重要300用語（三段階学習）,WH-000096,92,大学受験基礎,事件・革命,ヒジュラ,ひじゅら,聖遷,イスラーム成立期,西アジア,メッカからメディナ,622年,622,WH-000096-I01,integrated,統合説明,integrated,「ヒジュラ」について説明せよ。,622年、メッカで迫害された**ムハンマド**と信徒が、招かれて**メディナ**へ移住した出来事。 メディナで宗教・政治共同体の**ウンマ**が成立し、この年がイスラーム暦元年となった。,ムハンマド|メディナ|ウンマ,,,世界史の窓：章節別用語リスト,https://www.y-history.net/appendix/appendix-list.html
大学受験世界史・重要300用語（三段階学習）,WH-000097,93,大学受験基礎,人物,正統カリフ,せいとうかりふ,,イスラーム成立期,西アジア・北アフリカ,アラビア半島から西アジア・北アフリカ,632〜661年,632,WH-000097-B01,beginner,用語の特定,identify,ムハンマド死後、共同体の合議で選ばれた最初の四人のカリフを何という？,正統カリフ,正統カリフ,,,世界史の窓：章節別用語リスト,https://www.y-history.net/appendix/appendix-list.html
大学受験世界史・重要300用語（三段階学習）,WH-000097,93,大学受験基礎,人物,正統カリフ,せいとうかりふ,,イスラーム成立期,西アジア・北アフリカ,アラビア半島から西アジア・北アフリカ,632〜661年,632,WH-000097-B02,beginner,時期,time,正統カリフが主に活動したのはいつ頃？,632〜661年,632〜661年,,,世界史の窓：章節別用語リスト,https://www.y-history.net/appendix/appendix-list.html
大学受験世界史・重要300用語（三段階学習）,WH-000097,93,大学受験基礎,人物,正統カリフ,せいとうかりふ,,イスラーム成立期,西アジア・北アフリカ,アラビア半島から西アジア・北アフリカ,632〜661年,632,WH-000097-B03,beginner,人物,person,最後の正統カリフは？,アリー,アリー,,,世界史の窓：章節別用語リスト,https://www.y-history.net/appendix/appendix-list.html
大学受験世界史・重要300用語（三段階学習）,WH-000097,93,大学受験基礎,人物,正統カリフ,せいとうかりふ,,イスラーム成立期,西アジア・北アフリカ,アラビア半島から西アジア・北アフリカ,632〜661年,632,WH-000097-R01,reverse,内容,reverse,何をした？,ムハンマド死後、アブー＝バクル・ウマル・ウスマーン・**アリー**が共同体の指導者カリフとなった時代。,アリー,,,世界史の窓：章節別用語リスト,https://www.y-history.net/appendix/appendix-list.html
大学受験世界史・重要300用語（三段階学習）,WH-000097,93,大学受験基礎,人物,正統カリフ,せいとうかりふ,,イスラーム成立期,西アジア・北アフリカ,アラビア半島から西アジア・北アフリカ,632〜661年,632,WH-000097-R02,reverse,結果・影響,reverse,どのような影響を与えた？,ササン朝を滅ぼしビザンツ領を奪って大征服を進めたが、後継争いが内戦と**スンナ派・シーア派**の分裂へつながった。,スンナ派・シーア派,,,世界史の窓：章節別用語リスト,https://www.y-history.net/appendix/appendix-list.html
大学受験世界史・重要300用語（三段階学習）,WH-000097,93,大学受験基礎,人物,正統カリフ,せいとうかりふ,,イスラーム成立期,西アジア・北アフリカ,アラビア半島から西アジア・北アフリカ,632〜661年,632,WH-000097-I01,integrated,統合説明,integrated,「正統カリフ」について説明せよ。,ムハンマド死後、アブー＝バクル・ウマル・ウスマーン・**アリー**が共同体の指導者カリフとなった時代。 ササン朝を滅ぼしビザンツ領を奪って大征服を進めたが、後継争いが内戦と**スンナ派・シーア派**の分裂へつながった。,アリー|スンナ派・シーア派,,,世界史の窓：章節別用語リスト,https://www.y-history.net/appendix/appendix-list.html
大学受験世界史・重要300用語（三段階学習）,WH-000098,94,大学受験基礎,宗教・宗派,シーア派,しーあは,,イスラーム世界,西アジア,イラク・イランを中心に各地,7世紀以降,656,WH-000098-B01,beginner,用語の特定,identify,カリフはアリーとその子孫が継ぐべきだと考えたイスラームの宗派は？,シーア派,シーア派,,,世界史の窓：章節別用語リスト,https://www.y-history.net/appendix/appendix-list.html
大学受験世界史・重要300用語（三段階学習）,WH-000098,94,大学受験基礎,宗教・宗派,シーア派,しーあは,,イスラーム世界,西アジア,イラク・イランを中心に各地,7世紀以降,656,WH-000098-B02,beginner,時期,time,シーア派が成立・発展したのはいつ頃？,7世紀以降,7世紀以降,,,世界史の窓：章節別用語リスト,https://www.y-history.net/appendix/appendix-list.html
大学受験世界史・重要300用語（三段階学習）,WH-000098,94,大学受験基礎,宗教・宗派,シーア派,しーあは,,イスラーム世界,西アジア,イラク・イランを中心に各地,7世紀以降,656,WH-000098-B03,beginner,人物,person,シーア派が正統な後継者とみなした人物は？,アリー,アリー,,,世界史の窓：章節別用語リスト,https://www.y-history.net/appendix/appendix-list.html
大学受験世界史・重要300用語（三段階学習）,WH-000098,94,大学受験基礎,宗教・宗派,シーア派,しーあは,,イスラーム世界,西アジア,イラク・イランを中心に各地,7世紀以降,656,WH-000098-R01,reverse,内容,reverse,どんな宗教・宗派？,ムハンマドの従弟・娘婿**アリー**とその子孫だけが共同体を導く正統なイマームだとする宗派。,アリー,,,世界史の窓：章節別用語リスト,https://www.y-history.net/appendix/appendix-list.html
大学受験世界史・重要300用語（三段階学習）,WH-000098,94,大学受験基礎,宗教・宗派,シーア派,しーあは,,イスラーム世界,西アジア,イラク・イランを中心に各地,7世紀以降,656,WH-000098-R02,reverse,結果・影響,reverse,どのように広がり、何へ影響した？,**シーア派**は、ウマイヤ朝に反対する運動の核となり、後にファーティマ朝・サファヴィー朝などの国家形成へつながった。,シーア派,,,世界史の窓：章節別用語リスト,https://www.y-history.net/appendix/appendix-list.html
大学受験世界史・重要300用語（三段階学習）,WH-000098,94,大学受験基礎,宗教・宗派,シーア派,しーあは,,イスラーム世界,西アジア,イラク・イランを中心に各地,7世紀以降,656,WH-000098-I01,integrated,統合説明,integrated,「シーア派」について説明せよ。,ムハンマドの従弟・娘婿**アリー**とその子孫だけが共同体を導く正統なイマームだとする宗派。 ウマイヤ朝に反対する運動の核となり、後にファーティマ朝・サファヴィー朝などの国家形成へつながった。,アリー,,,世界史の窓：章節別用語リスト,https://www.y-history.net/appendix/appendix-list.html
大学受験世界史・重要300用語（三段階学習）,WH-000099,52,大学受験基礎,国家・王朝,ウマイヤ朝,うまいやちょう,,中世,西アジア・地中海世界,ダマスクスを中心に西アジア・北アフリカ・イベリア半島,661年〜750年,661,WH-000099-B01,beginner,用語の特定,identify,ムアーウィヤが開き、イスラーム世界で最初の世襲王朝となった王朝は？,ウマイヤ朝,ウマイヤ朝,,,世界史の窓：ウマイヤ朝,https://www.y-history.net/appendix/wh0501-030.html
大学受験世界史・重要300用語（三段階学習）,WH-000099,52,大学受験基礎,国家・王朝,ウマイヤ朝,うまいやちょう,,中世,西アジア・地中海世界,ダマスクスを中心に西アジア・北アフリカ・イベリア半島,661年〜750年,661,WH-000099-B02,beginner,都市,place,ウマイヤ朝の都は？,ダマスクス,ダマスクス,,,世界史の窓：ウマイヤ朝,https://www.y-history.net/appendix/wh0501-030.html
大学受験世界史・重要300用語（三段階学習）,WH-000099,52,大学受験基礎,国家・王朝,ウマイヤ朝,うまいやちょう,,中世,西アジア・地中海世界,ダマスクスを中心に西アジア・北アフリカ・イベリア半島,661年〜750年,661,WH-000099-B03,beginner,社会,content,ウマイヤ朝の支配で優位に置かれた集団は？,アラブ人,アラブ人,アラブ人ムスリム,,世界史の窓：ウマイヤ朝,https://www.y-history.net/appendix/wh0501-030.html
大学受験世界史・重要300用語（三段階学習）,WH-000099,52,大学受験基礎,国家・王朝,ウマイヤ朝,うまいやちょう,,中世,西アジア・地中海世界,ダマスクスを中心に西アジア・北アフリカ・イベリア半島,661年〜750年,661,WH-000099-R01,reverse,複合説明,reverse,何をした？,**ムアーウィヤ**が661年に開き、**ダマスクス**を都にイベリア半島から中央アジアまで征服した。アラブ人ムスリムを優遇する**アラブ帝国**だったため、非アラブ人ムスリムの不満が高まり、アッバース革命で倒れた。,ムアーウィヤ|ダマスクス|アラブ帝国|非アラブ人ムスリム|アッバース革命,,,世界史の窓：ウマイヤ朝,https://www.y-history.net/appendix/wh0501-030.html
大学受験世界史・重要300用語（三段階学習）,WH-000099,52,大学受験基礎,国家・王朝,ウマイヤ朝,うまいやちょう,,中世,西アジア・地中海世界,ダマスクスを中心に西アジア・北アフリカ・イベリア半島,661年〜750年,661,WH-000099-I01,integrated,統合説明,integrated,「ウマイヤ朝」について説明せよ。,661年に**ムアーウィヤ**が開き、**ダマスクス**を都に広大な領域を支配した最初の世襲イスラーム王朝。アラブ人を優遇する**アラブ帝国**であったため非アラブ人ムスリムの不満を招き、750年にアッバース革命で滅んだ。,ムアーウィヤ|ダマスクス|アラブ帝国|非アラブ人ムスリム|アッバース革命,,,世界史の窓：ウマイヤ朝,https://www.y-history.net/appendix/wh0501-030.html
大学受験世界史・重要300用語（三段階学習）,WH-000100,271,大学受験標準,国家・王朝,シュリーヴィジャヤ,しゅりーゔぃじゃや,,中世東南アジア,東南アジア,スマトラ島・マラッカ海峡周辺,7〜13世紀,670,WH-000100-B01,beginner,用語の特定,identify,スマトラ島を中心にマラッカ海峡の海上交易を支配した仏教系海上国家は？,シュリーヴィジャヤ,シュリーヴィジャヤ,,,世界史の窓：章節別用語リスト,https://www.y-history.net/appendix/appendix-list.html
大学受験世界史・重要300用語（三段階学習）,WH-000100,271,大学受験標準,国家・王朝,シュリーヴィジャヤ,しゅりーゔぃじゃや,,中世東南アジア,東南アジア,スマトラ島・マラッカ海峡周辺,7〜13世紀,670,WH-000100-B02,beginner,時期,time,シュリーヴィジャヤが存在したのはいつ頃？,7〜13世紀,7〜13世紀,,,世界史の窓：章節別用語リスト,https://www.y-history.net/appendix/appendix-list.html
大学受験世界史・重要300用語（三段階学習）,WH-000100,271,大学受験標準,国家・王朝,シュリーヴィジャヤ,しゅりーゔぃじゃや,,中世東南アジア,東南アジア,スマトラ島・マラッカ海峡周辺,7〜13世紀,670,WH-000100-B03,beginner,地域,place,シュリーヴィジャヤが支配した重要海峡は？,マラッカ海峡,マラッカ海峡,,,世界史の窓：章節別用語リスト,https://www.y-history.net/appendix/appendix-list.html
大学受験世界史・重要300用語（三段階学習）,WH-000100,271,大学受験標準,国家・王朝,シュリーヴィジャヤ,しゅりーゔぃじゃや,,中世東南アジア,東南アジア,スマトラ島・マラッカ海峡周辺,7〜13世紀,670,WH-000100-R01,reverse,内容,reverse,何をした？,スマトラ島のパレンバン周辺を中心に、**マラッカ海峡**を通る中国・インド間の中継貿易で繁栄した海上国家。,マラッカ海峡,,,世界史の窓：章節別用語リスト,https://www.y-history.net/appendix/appendix-list.html
大学受験世界史・重要300用語（三段階学習）,WH-000100,271,大学受験標準,国家・王朝,シュリーヴィジャヤ,しゅりーゔぃじゃや,,中世東南アジア,東南アジア,スマトラ島・マラッカ海峡周辺,7〜13世紀,670,WH-000100-R02,reverse,結果・影響,reverse,どんな特徴をもち、何を残した？,**シュリーヴィジャヤ**は、大乗仏教の学問中心でもあり、港市国家型の東南アジア交易世界を代表した。,シュリーヴィジャヤ,,,世界史の窓：章節別用語リスト,https://www.y-history.net/appendix/appendix-list.html
大学受験世界史・重要300用語（三段階学習）,WH-000100,271,大学受験標準,国家・王朝,シュリーヴィジャヤ,しゅりーゔぃじゃや,,中世東南アジア,東南アジア,スマトラ島・マラッカ海峡周辺,7〜13世紀,670,WH-000100-I01,integrated,統合説明,integrated,「シュリーヴィジャヤ」について説明せよ。,スマトラ島のパレンバン周辺を中心に、**マラッカ海峡**を通る中国・インド間の中継貿易で繁栄した海上国家。 大乗仏教の学問中心でもあり、港市国家型の東南アジア交易世界を代表した。,マラッカ海峡,,,世界史の窓：章節別用語リスト,https://www.y-history.net/appendix/appendix-list.html
大学受験世界史・重要300用語（三段階学習）,WH-000101,32,大学受験基礎,国家・王朝,アッバース朝,あっばーすちょう,,中世,西アジア,バグダードを中心とするイスラーム世界,750年〜1258年,750,WH-000101-B01,beginner,用語の特定,identify,750年にウマイヤ朝を倒し、バグダードを都としたイスラーム王朝は？,アッバース朝,アッバース朝,,,世界史の窓：アッバース朝,https://www.y-history.net/appendix/wh0501-045.html
大学受験世界史・重要300用語（三段階学習）,WH-000101,32,大学受験基礎,国家・王朝,アッバース朝,あっばーすちょう,,中世,西アジア,バグダードを中心とするイスラーム世界,750年〜1258年,750,WH-000101-B02,beginner,都市,place,アッバース朝が建設し、政治・交易・学問の中心となった都は？,バグダード,バグダード,,,世界史の窓：アッバース朝,https://www.y-history.net/appendix/wh0501-045.html
大学受験世界史・重要300用語（三段階学習）,WH-000101,32,大学受験基礎,国家・王朝,アッバース朝,あっばーすちょう,,中世,西アジア,バグダードを中心とするイスラーム世界,750年〜1258年,750,WH-000101-B03,beginner,社会,content,アッバース朝がアラブ人優越に代えて進めた原則は？,ムスリムの平等,ムスリムの平等,イスラーム教徒の平等|信徒の平等,,世界史の窓：アッバース朝,https://www.y-history.net/appendix/wh0501-045.html
大学受験世界史・重要300用語（三段階学習）,WH-000101,32,大学受験基礎,国家・王朝,アッバース朝,あっばーすちょう,,中世,西アジア,バグダードを中心とするイスラーム世界,750年〜1258年,750,WH-000101-R01,reverse,複合説明,reverse,何をした？,750年にウマイヤ朝を倒し、**バグダード**を都とした。非アラブ人を含む**ムスリムの平等**を進め、ペルシア系官僚を登用し、広域交易と学問・文化が栄える**イスラーム帝国**を形成した。,バグダード|ムスリムの平等|ペルシア系官僚|広域交易|イスラーム帝国,,,世界史の窓：アッバース朝,https://www.y-history.net/appendix/wh0501-045.html
大学受験世界史・重要300用語（三段階学習）,WH-000101,32,大学受験基礎,国家・王朝,アッバース朝,あっばーすちょう,,中世,西アジア,バグダードを中心とするイスラーム世界,750年〜1258年,750,WH-000101-I01,integrated,統合説明,integrated,「アッバース朝」について説明せよ。,750年にウマイヤ朝を倒して成立し、**バグダード**を都とした王朝。非アラブ人を含む**ムスリムの平等**を進め、ペルシア系官僚を登用し、広域交易と学問・文化が栄える普遍的な**イスラーム帝国**を形成した。,バグダード|ムスリムの平等|ペルシア系官僚|広域交易|イスラーム帝国,,,世界史の窓：アッバース朝,https://www.y-history.net/appendix/wh0501-045.html
大学受験世界史・重要300用語（三段階学習）,WH-000102,95,大学受験基礎,文化・技術・学問,イスラーム文化,いすらーむぶんか,,中世イスラーム世界,西アジア・北アフリカ・南アジア,イスラーム世界各地,8〜13世紀を中心,750,WH-000102-B01,beginner,用語の特定,identify,アラビア・ペルシア・ギリシア・インドなどの知識をアラビア語で統合した中世の文化を何という？,イスラーム文化,イスラーム文化,,,世界史の窓：章節別用語リスト,https://www.y-history.net/appendix/appendix-list.html
大学受験世界史・重要300用語（三段階学習）,WH-000102,95,大学受験基礎,文化・技術・学問,イスラーム文化,いすらーむぶんか,,中世イスラーム世界,西アジア・北アフリカ・南アジア,イスラーム世界各地,8〜13世紀を中心,750,WH-000102-B02,beginner,時期,time,イスラーム文化が歴史上重要になるのはいつ頃？,8〜13世紀を中心,8〜13世紀を中心,,,世界史の窓：章節別用語リスト,https://www.y-history.net/appendix/appendix-list.html
大学受験世界史・重要300用語（三段階学習）,WH-000102,95,大学受験基礎,文化・技術・学問,イスラーム文化,いすらーむぶんか,,中世イスラーム世界,西アジア・北アフリカ・南アジア,イスラーム世界各地,8〜13世紀を中心,750,WH-000102-B03,beginner,言語,content,イスラーム文化の共通学術語となった言語は？,アラビア語,アラビア語,,,世界史の窓：章節別用語リスト,https://www.y-history.net/appendix/appendix-list.html
大学受験世界史・重要300用語（三段階学習）,WH-000102,95,大学受験基礎,文化・技術・学問,イスラーム文化,いすらーむぶんか,,中世イスラーム世界,西アジア・北アフリカ・南アジア,イスラーム世界各地,8〜13世紀を中心,750,WH-000102-R01,reverse,内容,reverse,どんな文化・技術・学問？,広大なイスラーム世界で、**アラビア語**を共通語としてギリシア・ペルシア・インドなどの知識を吸収し、宗教と学問を発展させた文化。,アラビア語,,,世界史の窓：章節別用語リスト,https://www.y-history.net/appendix/appendix-list.html
大学受験世界史・重要300用語（三段階学習）,WH-000102,95,大学受験基礎,文化・技術・学問,イスラーム文化,いすらーむぶんか,,中世イスラーム世界,西アジア・北アフリカ・南アジア,イスラーム世界各地,8〜13世紀を中心,750,WH-000102-R02,reverse,結果・影響,reverse,どのような影響を与えた？,数学・医学・天文学・哲学の成果が蓄積され、翻訳を通じて後のヨーロッパの**ルネサンス**や科学へ影響した。,ルネサンス,,,世界史の窓：章節別用語リスト,https://www.y-history.net/appendix/appendix-list.html
大学受験世界史・重要300用語（三段階学習）,WH-000102,95,大学受験基礎,文化・技術・学問,イスラーム文化,いすらーむぶんか,,中世イスラーム世界,西アジア・北アフリカ・南アジア,イスラーム世界各地,8〜13世紀を中心,750,WH-000102-I01,integrated,統合説明,integrated,「イスラーム文化」について説明せよ。,広大なイスラーム世界で、**アラビア語**を共通語としてギリシア・ペルシア・インドなどの知識を吸収し、宗教と学問を発展させた文化。 数学・医学・天文学・哲学の成果が蓄積され、翻訳を通じて後のヨーロッパの**ルネサンス**や科学へ影響した。,アラビア語|ルネサンス,,,世界史の窓：章節別用語リスト,https://www.y-history.net/appendix/appendix-list.html
大学受験世界史・重要300用語（三段階学習）,WH-000103,272,大学受験標準,戦争,タラス河畔の戦い,たらすかはんのたたかい,,イスラーム世界・唐,中央アジア,タラス川流域,751年,751,WH-000103-B01,beginner,用語の特定,identify,中央アジアでアッバース朝軍と唐軍が戦った戦いは？,タラス河畔の戦い(たらすかはんのたたかい),タラス河畔の戦い,,,世界史の窓：章節別用語リスト,https://www.y-history.net/appendix/appendix-list.html
大学受験世界史・重要300用語（三段階学習）,WH-000103,272,大学受験標準,戦争,タラス河畔の戦い,たらすかはんのたたかい,,イスラーム世界・唐,中央アジア,タラス川流域,751年,751,WH-000103-B02,beginner,時期,time,タラス河畔の戦い(たらすかはんのたたかい)が起きたのはいつ？,751年,751年,,,世界史の窓：章節別用語リスト,https://www.y-history.net/appendix/appendix-list.html
大学受験世界史・重要300用語（三段階学習）,WH-000103,272,大学受験標準,戦争,タラス河畔の戦い,たらすかはんのたたかい,,イスラーム世界・唐,中央アジア,タラス川流域,751年,751,WH-000103-B03,beginner,技術,content,この戦いを通じて西方へ伝わった技術は？,製紙法,製紙法,,,世界史の窓：章節別用語リスト,https://www.y-history.net/appendix/appendix-list.html
大学受験世界史・重要300用語（三段階学習）,WH-000103,272,大学受験標準,戦争,タラス河畔の戦い,たらすかはんのたたかい,,イスラーム世界・唐,中央アジア,タラス川流域,751年,751,WH-000103-R01,reverse,内容,reverse,なぜ起き、何が起きた？,751年、中央アジアの支配をめぐって**アッバース朝**軍と唐軍がタラス川流域で戦い、アッバース朝側が勝利した。,アッバース朝,,,世界史の窓：章節別用語リスト,https://www.y-history.net/appendix/appendix-list.html
大学受験世界史・重要300用語（三段階学習）,WH-000103,272,大学受験標準,戦争,タラス河畔の戦い,たらすかはんのたたかい,,イスラーム世界・唐,中央アジア,タラス川流域,751年,751,WH-000103-R02,reverse,結果・影響,reverse,どんな結果をもたらした？,唐の西域(せいいき)支配後退を促し、捕虜となった職人を通じて中国の**製紙法**がイスラーム世界へ伝わったとされる。,製紙法,,,世界史の窓：章節別用語リスト,https://www.y-history.net/appendix/appendix-list.html
大学受験世界史・重要300用語（三段階学習）,WH-000103,272,大学受験標準,戦争,タラス河畔の戦い,たらすかはんのたたかい,,イスラーム世界・唐,中央アジア,タラス川流域,751年,751,WH-000103-I01,integrated,統合説明,integrated,「タラス河畔の戦い(たらすかはんのたたかい)」について説明せよ。,751年、中央アジアの支配をめぐって**アッバース朝**軍と唐軍がタラス川流域で戦い、アッバース朝側が勝利した。 唐の西域(せいいき)支配後退を促し、捕虜となった職人を通じて中国の**製紙法**がイスラーム世界へ伝わったとされる。,アッバース朝|製紙法,,,世界史の窓：章節別用語リスト,https://www.y-history.net/appendix/appendix-list.html
大学受験世界史・重要300用語（三段階学習）,WH-000104,96,大学受験基礎,事件・革命,安史の乱,あんしのらん,,中世中国,東アジア,唐の華北・中原,755〜763年,755,WH-000104-B01,beginner,用語の特定,identify,節度使(せつどし)の安禄山(あんろくざん)と史思明(ししめい)が起こし、唐衰退の転機となった反乱は？,安史の乱(あんしのらん),安史の乱,,,世界史の窓：章節別用語リスト,https://www.y-history.net/appendix/appendix-list.html
大学受験世界史・重要300用語（三段階学習）,WH-000104,96,大学受験基礎,事件・革命,安史の乱,あんしのらん,,中世中国,東アジア,唐の華北・中原,755〜763年,755,WH-000104-B02,beginner,時期,time,安史の乱(あんしのらん)が起きたのはいつ？,755〜763年,755〜763年,,,世界史の窓：章節別用語リスト,https://www.y-history.net/appendix/appendix-list.html
大学受験世界史・重要300用語（三段階学習）,WH-000104,96,大学受験基礎,事件・革命,安史の乱,あんしのらん,,中世中国,東アジア,唐の華北・中原,755〜763年,755,WH-000104-B03,beginner,人物,person,安史の乱(あんしのらん)を始めた節度使(せつどし)は？,安禄山(あんろくざん),安禄山,,,世界史の窓：章節別用語リスト,https://www.y-history.net/appendix/appendix-list.html
大学受験世界史・重要300用語（三段階学習）,WH-000104,96,大学受験基礎,事件・革命,安史の乱,あんしのらん,,中世中国,東アジア,唐の華北・中原,755〜763年,755,WH-000104-R01,reverse,内容,reverse,何が起きた？,755年、辺境軍を握る節度使(せつどし)**安禄山(あんろくざん)**が反乱を起こし、史思明(ししめい)が継いで長安(ちょうあん)・洛陽(らくよう)を占領した大乱。,安禄山,,,世界史の窓：章節別用語リスト,https://www.y-history.net/appendix/appendix-list.html
大学受験世界史・重要300用語（三段階学習）,WH-000104,96,大学受験基礎,事件・革命,安史の乱,あんしのらん,,中世中国,東アジア,唐の華北・中原,755〜763年,755,WH-000104-R02,reverse,結果・影響,reverse,何につながった？,**安史の乱(あんしのらん)**は、唐はウイグルなどの助力で鎮圧したが、節度使(せつどし)の自立・均田制(きんでんせい)崩壊・財政悪化が進み、中央集権が大きく弱まった。,安史の乱,,,世界史の窓：章節別用語リスト,https://www.y-history.net/appendix/appendix-list.html
大学受験世界史・重要300用語（三段階学習）,WH-000104,96,大学受験基礎,事件・革命,安史の乱,あんしのらん,,中世中国,東アジア,唐の華北・中原,755〜763年,755,WH-000104-I01,integrated,統合説明,integrated,「安史の乱(あんしのらん)」について説明せよ。,755年、辺境軍を握る節度使(せつどし)**安禄山(あんろくざん)**が反乱を起こし、史思明(ししめい)が継いで長安(ちょうあん)・洛陽(らくよう)を占領した大乱。 唐はウイグルなどの助力で鎮圧したが、節度使の自立・均田制(きんでんせい)崩壊・財政悪化が進み、中央集権が大きく弱まった。,安禄山,,,世界史の窓：章節別用語リスト,https://www.y-history.net/appendix/appendix-list.html
大学受験世界史・重要300用語（三段階学習）,WH-000105,273,大学受験標準,国家・王朝,後ウマイヤ朝,こううまいやちょう,コルドバ＝カリフ国,中世イスラーム世界,ヨーロッパ・地中海,イベリア半島,756〜1031年,756,WH-000105-B01,beginner,用語の特定,identify,アッバース革命を逃れたウマイヤ家がイベリア半島に建てた王朝は？,後ウマイヤ朝,後ウマイヤ朝,コルドバ＝カリフ国,,世界史の窓：章節別用語リスト,https://www.y-history.net/appendix/appendix-list.html
大学受験世界史・重要300用語（三段階学習）,WH-000105,273,大学受験標準,国家・王朝,後ウマイヤ朝,こううまいやちょう,コルドバ＝カリフ国,中世イスラーム世界,ヨーロッパ・地中海,イベリア半島,756〜1031年,756,WH-000105-B02,beginner,時期,time,後ウマイヤ朝が存在したのはいつ頃？,756〜1031年,756〜1031年,,,世界史の窓：章節別用語リスト,https://www.y-history.net/appendix/appendix-list.html
大学受験世界史・重要300用語（三段階学習）,WH-000105,273,大学受験標準,国家・王朝,後ウマイヤ朝,こううまいやちょう,コルドバ＝カリフ国,中世イスラーム世界,ヨーロッパ・地中海,イベリア半島,756〜1031年,756,WH-000105-B03,beginner,都,place,後ウマイヤ朝の都は？,コルドバ,コルドバ,,,世界史の窓：章節別用語リスト,https://www.y-history.net/appendix/appendix-list.html
大学受験世界史・重要300用語（三段階学習）,WH-000105,273,大学受験標準,国家・王朝,後ウマイヤ朝,こううまいやちょう,コルドバ＝カリフ国,中世イスラーム世界,ヨーロッパ・地中海,イベリア半島,756〜1031年,756,WH-000105-R01,reverse,内容,reverse,何をした？,ウマイヤ家の**アブド＝アッラフマーン1世**がイベリア半島に建て、コルドバを都としたイスラーム王朝。,アブド＝アッラフマーン1世,,,世界史の窓：章節別用語リスト,https://www.y-history.net/appendix/appendix-list.html
大学受験世界史・重要300用語（三段階学習）,WH-000105,273,大学受験標準,国家・王朝,後ウマイヤ朝,こううまいやちょう,コルドバ＝カリフ国,中世イスラーム世界,ヨーロッパ・地中海,イベリア半島,756〜1031年,756,WH-000105-R02,reverse,結果・影響,reverse,どんな特徴をもち、何を残した？,10世紀にカリフを称し、**コルドバ**を西欧有数の学術・商業都市へ発展させ、イスラーム文化をヨーロッパへ伝えた。,コルドバ,,,世界史の窓：章節別用語リスト,https://www.y-history.net/appendix/appendix-list.html
大学受験世界史・重要300用語（三段階学習）,WH-000105,273,大学受験標準,国家・王朝,後ウマイヤ朝,こううまいやちょう,コルドバ＝カリフ国,中世イスラーム世界,ヨーロッパ・地中海,イベリア半島,756〜1031年,756,WH-000105-I01,integrated,統合説明,integrated,「後ウマイヤ朝」について説明せよ。,ウマイヤ家の**アブド＝アッラフマーン1世**がイベリア半島に建て、コルドバを都としたイスラーム王朝。 10世紀にカリフを称し、**コルドバ**を西欧有数の学術・商業都市へ発展させ、イスラーム文化をヨーロッパへ伝えた。,アブド＝アッラフマーン1世|コルドバ,,,世界史の窓：章節別用語リスト,https://www.y-history.net/appendix/appendix-list.html
大学受験世界史・重要300用語（三段階学習）,WH-000106,274,大学受験標準,制度・政策・法律,両税法,りょうぜいほう,,中世中国,東アジア,唐の中国,780年,780,WH-000106-B01,beginner,用語の特定,identify,唐が資産と土地を基準に夏と秋の二回徴税した税制は？,両税法(りょうぜいほう),両税法,,,世界史の窓：章節別用語リスト,https://www.y-history.net/appendix/appendix-list.html
大学受験世界史・重要300用語（三段階学習）,WH-000106,274,大学受験標準,制度・政策・法律,両税法,りょうぜいほう,,中世中国,東アジア,唐の中国,780年,780,WH-000106-B02,beginner,時期,time,両税法(りょうぜいほう)が成立・実施されたのはいつ頃？,780年,780年,,,世界史の窓：章節別用語リスト,https://www.y-history.net/appendix/appendix-list.html
大学受験世界史・重要300用語（三段階学習）,WH-000106,274,大学受験標準,制度・政策・法律,両税法,りょうぜいほう,,中世中国,東アジア,唐の中国,780年,780,WH-000106-B03,beginner,旧制度,relation,両税法(りょうぜいほう)は従来のどの税制に代わった？,租庸調(そようちょう),租庸調,,,世界史の窓：章節別用語リスト,https://www.y-history.net/appendix/appendix-list.html
大学受験世界史・重要300用語（三段階学習）,WH-000106,274,大学受験標準,制度・政策・法律,両税法,りょうぜいほう,,中世中国,東アジア,唐の中国,780年,780,WH-000106-R01,reverse,内容,reverse,どんな制度・政策・法律？,780年、宰相**楊炎(ようえん)**が、戸籍上の身分ではなく現住地の土地・資産を基準に夏秋二回課税する制度として実施した。,楊炎,,,世界史の窓：章節別用語リスト,https://www.y-history.net/appendix/appendix-list.html
大学受験世界史・重要300用語（三段階学習）,WH-000106,274,大学受験標準,制度・政策・法律,両税法,りょうぜいほう,,中世中国,東アジア,唐の中国,780年,780,WH-000106-R02,reverse,結果・影響,reverse,どのような影響を与えた？,均田制(きんでんせい)を前提とする**租庸調(そようちょう)**から現実の私有地・貨幣経済に対応する税制へ転換し、後世の中国税制へ影響した。,租庸調,,,世界史の窓：章節別用語リスト,https://www.y-history.net/appendix/appendix-list.html
大学受験世界史・重要300用語（三段階学習）,WH-000106,274,大学受験標準,制度・政策・法律,両税法,りょうぜいほう,,中世中国,東アジア,唐の中国,780年,780,WH-000106-I01,integrated,統合説明,integrated,「両税法(りょうぜいほう)」について説明せよ。,780年、宰相**楊炎(ようえん)**が、戸籍上の身分ではなく現住地の土地・資産を基準に夏秋二回課税する制度として実施した。 均田制(きんでんせい)を前提とする**租庸調(そようちょう)**から現実の私有地・貨幣経済に対応する税制へ転換し、後世の中国税制へ影響した。,楊炎|租庸調,,,世界史の窓：章節別用語リスト,https://www.y-history.net/appendix/appendix-list.html
大学受験世界史・重要300用語（三段階学習）,WH-000107,97,大学受験基礎,人物,カール大帝,かーるたいてい,シャルルマーニュ,中世ヨーロッパ,ヨーロッパ,西ヨーロッパ,768〜814年,800,WH-000107-B01,beginner,用語の特定,identify,西ヨーロッパの大部分を統一し、800年にローマ教皇から皇帝冠を受けたフランク王は？,カール大帝,カール大帝,シャルルマーニュ,,世界史の窓：章節別用語リスト,https://www.y-history.net/appendix/appendix-list.html
大学受験世界史・重要300用語（三段階学習）,WH-000107,97,大学受験基礎,人物,カール大帝,かーるたいてい,シャルルマーニュ,中世ヨーロッパ,ヨーロッパ,西ヨーロッパ,768〜814年,800,WH-000107-B02,beginner,時期,time,カール大帝が主に活動したのはいつ頃？,768〜814年,768〜814年,,,世界史の窓：章節別用語リスト,https://www.y-history.net/appendix/appendix-list.html
大学受験世界史・重要300用語（三段階学習）,WH-000107,97,大学受験基礎,人物,カール大帝,かーるたいてい,シャルルマーニュ,中世ヨーロッパ,ヨーロッパ,西ヨーロッパ,768〜814年,800,WH-000107-B03,beginner,人物,person,カール大帝に皇帝冠を授けた教皇は？,レオ3世,レオ3世,,,世界史の窓：章節別用語リスト,https://www.y-history.net/appendix/appendix-list.html
大学受験世界史・重要300用語（三段階学習）,WH-000107,97,大学受験基礎,人物,カール大帝,かーるたいてい,シャルルマーニュ,中世ヨーロッパ,ヨーロッパ,西ヨーロッパ,768〜814年,800,WH-000107-R01,reverse,内容,reverse,何をした？,フランク王国の領土を西ヨーロッパの大部分へ広げ、800年に教皇**レオ3世**からローマ皇帝冠を受けた。,レオ3世,,,世界史の窓：章節別用語リスト,https://www.y-history.net/appendix/appendix-list.html
大学受験世界史・重要300用語（三段階学習）,WH-000107,97,大学受験基礎,人物,カール大帝,かーるたいてい,シャルルマーニュ,中世ヨーロッパ,ヨーロッパ,西ヨーロッパ,768〜814年,800,WH-000107-R02,reverse,結果・影響,reverse,どのような影響を与えた？,**カール大帝**は、キリスト教保護と教育復興を進め、西欧の皇帝理念を復活させてフランス・ドイツ・イタリアの歴史的基盤を作った。,カール大帝,,,世界史の窓：章節別用語リスト,https://www.y-history.net/appendix/appendix-list.html
大学受験世界史・重要300用語（三段階学習）,WH-000107,97,大学受験基礎,人物,カール大帝,かーるたいてい,シャルルマーニュ,中世ヨーロッパ,ヨーロッパ,西ヨーロッパ,768〜814年,800,WH-000107-I01,integrated,統合説明,integrated,「カール大帝」について説明せよ。,フランク王国の領土を西ヨーロッパの大部分へ広げ、800年に教皇**レオ3世**からローマ皇帝冠を受けた。 キリスト教保護と教育復興を進め、西欧の皇帝理念を復活させてフランス・ドイツ・イタリアの歴史的基盤を作った。,レオ3世,,,世界史の窓：章節別用語リスト,https://www.y-history.net/appendix/appendix-list.html
大学受験世界史・重要300用語（三段階学習）,WH-000108,275,大学受験標準,国家・王朝,ガーナ王国,がーなおうこく,,中世アフリカ,アフリカ,西アフリカのサヘル地帯,8〜11世紀に繁栄,800,WH-000108-B01,beginner,用語の特定,identify,金と岩塩のサハラ交易で繁栄した西アフリカ最古級の王国は？,ガーナ王国,ガーナ王国,,,世界史の窓：章節別用語リスト,https://www.y-history.net/appendix/appendix-list.html
大学受験世界史・重要300用語（三段階学習）,WH-000108,275,大学受験標準,国家・王朝,ガーナ王国,がーなおうこく,,中世アフリカ,アフリカ,西アフリカのサヘル地帯,8〜11世紀に繁栄,800,WH-000108-B02,beginner,時期,time,ガーナ王国が存在したのはいつ頃？,8〜11世紀に繁栄,8〜11世紀に繁栄,,,世界史の窓：章節別用語リスト,https://www.y-history.net/appendix/appendix-list.html
大学受験世界史・重要300用語（三段階学習）,WH-000108,275,大学受験標準,国家・王朝,ガーナ王国,がーなおうこく,,中世アフリカ,アフリカ,西アフリカのサヘル地帯,8〜11世紀に繁栄,800,WH-000108-B03,beginner,交易,relation,ガーナ王国が繁栄した交易は？,サハラ縦断交易,サハラ縦断交易,,,世界史の窓：章節別用語リスト,https://www.y-history.net/appendix/appendix-list.html
大学受験世界史・重要300用語（三段階学習）,WH-000108,275,大学受験標準,国家・王朝,ガーナ王国,がーなおうこく,,中世アフリカ,アフリカ,西アフリカのサヘル地帯,8〜11世紀に繁栄,800,WH-000108-R01,reverse,内容,reverse,何をした？,西アフリカのサヘル地帯で、金産地と北アフリカの岩塩を結ぶ**サハラ縦断交易**を統制して繁栄した王国。,サハラ縦断交易,,,世界史の窓：章節別用語リスト,https://www.y-history.net/appendix/appendix-list.html
大学受験世界史・重要300用語（三段階学習）,WH-000108,275,大学受験標準,国家・王朝,ガーナ王国,がーなおうこく,,中世アフリカ,アフリカ,西アフリカのサヘル地帯,8〜11世紀に繁栄,800,WH-000108-R02,reverse,結果・影響,reverse,どんな特徴をもち、何を残した？,**ガーナ王国**は、ムスリム商人との交易でイスラーム文化と貨幣経済が流入し、後のマリ王国へつながった。,ガーナ王国,,,世界史の窓：章節別用語リスト,https://www.y-history.net/appendix/appendix-list.html
大学受験世界史・重要300用語（三段階学習）,WH-000108,275,大学受験標準,国家・王朝,ガーナ王国,がーなおうこく,,中世アフリカ,アフリカ,西アフリカのサヘル地帯,8〜11世紀に繁栄,800,WH-000108-I01,integrated,統合説明,integrated,「ガーナ王国」について説明せよ。,西アフリカのサヘル地帯で、金産地と北アフリカの岩塩を結ぶ**サハラ縦断交易**を統制して繁栄した王国。 ムスリム商人との交易でイスラーム文化と貨幣経済が流入し、後のマリ王国へつながった。,サハラ縦断交易,,,世界史の窓：章節別用語リスト,https://www.y-history.net/appendix/appendix-list.html
大学受験世界史・重要300用語（三段階学習）,WH-000109,276,大学受験標準,国家・王朝,アンコール朝,あんこーるちょう,クメール王国,中世東南アジア,東南アジア,カンボジア・メコン川流域,9〜15世紀,802,WH-000109-B01,beginner,用語の特定,identify,カンボジアに大規模な灌漑都市とアンコール＝ワットを築いたクメール人の王朝は？,アンコール朝,アンコール朝,クメール王国,,世界史の窓：章節別用語リスト,https://www.y-history.net/appendix/appendix-list.html
大学受験世界史・重要300用語（三段階学習）,WH-000109,276,大学受験標準,国家・王朝,アンコール朝,あんこーるちょう,クメール王国,中世東南アジア,東南アジア,カンボジア・メコン川流域,9〜15世紀,802,WH-000109-B02,beginner,時期,time,アンコール朝が存在したのはいつ頃？,9〜15世紀,9〜15世紀,,,世界史の窓：章節別用語リスト,https://www.y-history.net/appendix/appendix-list.html
大学受験世界史・重要300用語（三段階学習）,WH-000109,276,大学受験標準,国家・王朝,アンコール朝,あんこーるちょう,クメール王国,中世東南アジア,東南アジア,カンボジア・メコン川流域,9〜15世紀,802,WH-000109-B03,beginner,建築,content,アンコール朝の代表的寺院は？,アンコール＝ワット,アンコール＝ワット,,,世界史の窓：章節別用語リスト,https://www.y-history.net/appendix/appendix-list.html
大学受験世界史・重要300用語（三段階学習）,WH-000109,276,大学受験標準,国家・王朝,アンコール朝,あんこーるちょう,クメール王国,中世東南アジア,東南アジア,カンボジア・メコン川流域,9〜15世紀,802,WH-000109-R01,reverse,内容,reverse,何をした？,**アンコール朝**は、クメール人がメコン川流域に建て、大規模な貯水池と灌漑農業を基盤に内陸国家を発展させた。,アンコール朝,,,世界史の窓：章節別用語リスト,https://www.y-history.net/appendix/appendix-list.html
大学受験世界史・重要300用語（三段階学習）,WH-000109,276,大学受験標準,国家・王朝,アンコール朝,あんこーるちょう,クメール王国,中世東南アジア,東南アジア,カンボジア・メコン川流域,9〜15世紀,802,WH-000109-R02,reverse,結果・影響,reverse,どんな特徴をもち、何を残した？,**アンコール＝ワット**などヒンドゥー教・仏教寺院を築き、インド文化を東南アジア風に展開した。,アンコール＝ワット,,,世界史の窓：章節別用語リスト,https://www.y-history.net/appendix/appendix-list.html
大学受験世界史・重要300用語（三段階学習）,WH-000109,276,大学受験標準,国家・王朝,アンコール朝,あんこーるちょう,クメール王国,中世東南アジア,東南アジア,カンボジア・メコン川流域,9〜15世紀,802,WH-000109-I01,integrated,統合説明,integrated,「アンコール朝」について説明せよ。,クメール人がメコン川流域に建て、大規模な貯水池と灌漑農業を基盤に内陸国家を発展させた。 **アンコール＝ワット**などヒンドゥー教・仏教寺院を築き、インド文化を東南アジア風に展開した。,アンコール＝ワット,,,世界史の窓：章節別用語リスト,https://www.y-history.net/appendix/appendix-list.html
大学受験世界史・重要300用語（三段階学習）,WH-000110,98,大学受験基礎,条約・会議,ヴェルダン条約,ゔぇるだんじょうやく,,中世ヨーロッパ,ヨーロッパ,フランク王国領,843年,843,WH-000110-B01,beginner,用語の特定,identify,カール大帝の孫三人がフランク王国を三分した条約は？,ヴェルダン条約,ヴェルダン条約,,,世界史の窓：章節別用語リスト,https://www.y-history.net/appendix/appendix-list.html
大学受験世界史・重要300用語（三段階学習）,WH-000110,98,大学受験基礎,条約・会議,ヴェルダン条約,ゔぇるだんじょうやく,,中世ヨーロッパ,ヨーロッパ,フランク王国領,843年,843,WH-000110-B02,beginner,時期,time,ヴェルダン条約が結ばれた、または開かれたのはいつ？,843年,843年,,,世界史の窓：章節別用語リスト,https://www.y-history.net/appendix/appendix-list.html
大学受験世界史・重要300用語（三段階学習）,WH-000110,98,大学受験基礎,条約・会議,ヴェルダン条約,ゔぇるだんじょうやく,,中世ヨーロッパ,ヨーロッパ,フランク王国領,843年,843,WH-000110-B03,beginner,分割内容,content,ヴェルダン条約で成立した三地域は？,西フランク・中部フランク・東フランク,西フランク・中部フランク・東フランク,,,世界史の窓：章節別用語リスト,https://www.y-history.net/appendix/appendix-list.html
大学受験世界史・重要300用語（三段階学習）,WH-000110,98,大学受験基礎,条約・会議,ヴェルダン条約,ゔぇるだんじょうやく,,中世ヨーロッパ,ヨーロッパ,フランク王国領,843年,843,WH-000110-R01,reverse,内容,reverse,何を決めた？,843年、カール大帝の孫三人が帝国を**西フランク**・中部フランク・**東フランク**に分割した条約。,西フランク|東フランク,,,世界史の窓：章節別用語リスト,https://www.y-history.net/appendix/appendix-list.html
大学受験世界史・重要300用語（三段階学習）,WH-000110,98,大学受験基礎,条約・会議,ヴェルダン条約,ゔぇるだんじょうやく,,中世ヨーロッパ,ヨーロッパ,フランク王国領,843年,843,WH-000110-R02,reverse,結果・影響,reverse,何につながった？,**ヴェルダン条約**は、西フランクはフランス、東フランクはドイツの基礎となり、西ヨーロッパ政治地図の長期的枠組みを作った。,ヴェルダン条約,,,世界史の窓：章節別用語リスト,https://www.y-history.net/appendix/appendix-list.html
大学受験世界史・重要300用語（三段階学習）,WH-000110,98,大学受験基礎,条約・会議,ヴェルダン条約,ゔぇるだんじょうやく,,中世ヨーロッパ,ヨーロッパ,フランク王国領,843年,843,WH-000110-I01,integrated,統合説明,integrated,「ヴェルダン条約」について説明せよ。,843年、カール大帝の孫三人が帝国を**西フランク**・中部フランク・**東フランク**に分割した条約。 西フランクはフランス、東フランクはドイツの基礎となり、西ヨーロッパ政治地図の長期的枠組みを作った。,西フランク|東フランク,,,世界史の窓：章節別用語リスト,https://www.y-history.net/appendix/appendix-list.html
大学受験世界史・重要300用語（三段階学習）,WH-000111,24,大学受験基礎,時代・歴史区分,西ヨーロッパ封建社会,にしよーろっぱほうけんしゃかい,封建社会,中世,ヨーロッパ,西ヨーロッパ,9世紀頃〜13世紀頃,850,WH-000111-B01,beginner,用語の特定,identify,主従関係と荘園制(しょうえんせい)を基礎に、中世西ヨーロッパで形成された社会を何という？,封建社会,封建社会,西ヨーロッパ封建社会,,世界史の窓：封建社会,https://www.y-history.net/appendix/wh0601-139.html
大学受験世界史・重要300用語（三段階学習）,WH-000111,24,大学受験基礎,時代・歴史区分,西ヨーロッパ封建社会,にしよーろっぱほうけんしゃかい,封建社会,中世,ヨーロッパ,西ヨーロッパ,9世紀頃〜13世紀頃,850,WH-000111-B02,beginner,制度,content,領主が土地を媒介に家臣と結んだ保護・奉仕の関係を何という？,封建的主従関係,封建的主従関係,主従関係,,世界史の窓：封建社会,https://www.y-history.net/appendix/wh0601-139.html
大学受験世界史・重要300用語（三段階学習）,WH-000111,24,大学受験基礎,時代・歴史区分,西ヨーロッパ封建社会,にしよーろっぱほうけんしゃかい,封建社会,中世,ヨーロッパ,西ヨーロッパ,9世紀頃〜13世紀頃,850,WH-000111-B03,beginner,身分,actor,荘園(しょうえん)に束縛され、領主に地代や労働を負担した農民を何という？,農奴,農奴,,,世界史の窓：封建社会,https://www.y-history.net/appendix/wh0601-139.html
大学受験世界史・重要300用語（三段階学習）,WH-000111,24,大学受験基礎,時代・歴史区分,西ヨーロッパ封建社会,にしよーろっぱほうけんしゃかい,封建社会,中世,ヨーロッパ,西ヨーロッパ,9世紀頃〜13世紀頃,850,WH-000111-R01,reverse,時期,reverse,成立し展開したのはいつ頃？,おもに**9〜13世紀**の**西ヨーロッパ**で、カロリング帝国の分裂や外敵の侵入を背景に形成された。,9〜13世紀|西ヨーロッパ|カロリング帝国の分裂|外敵の侵入,,,世界史の窓：封建社会,https://www.y-history.net/appendix/wh0601-139.html
大学受験世界史・重要300用語（三段階学習）,WH-000111,24,大学受験基礎,時代・歴史区分,西ヨーロッパ封建社会,にしよーろっぱほうけんしゃかい,封建社会,中世,ヨーロッパ,西ヨーロッパ,9世紀頃〜13世紀頃,850,WH-000111-R02,reverse,内容,reverse,どのような仕組み？,土地を媒介とする**封建的主従関係**で諸侯(しょこう)・騎士が結ばれ、経済面では**荘園(しょうえん)**を領主が支配し、**農奴**が地代や労働を負担した。権力が各地の領主に分散した社会だった。,封建的主従関係|荘園|農奴|領主,,,世界史の窓：封建社会,https://www.y-history.net/appendix/wh0601-139.html
大学受験世界史・重要300用語（三段階学習）,WH-000111,24,大学受験基礎,時代・歴史区分,西ヨーロッパ封建社会,にしよーろっぱほうけんしゃかい,封建社会,中世,ヨーロッパ,西ヨーロッパ,9世紀頃〜13世紀頃,850,WH-000111-I01,integrated,統合説明,integrated,「西ヨーロッパ封建社会」について説明せよ。,9〜13世紀頃の西ヨーロッパで、カロリング帝国の分裂や外敵侵入を背景に成立した社会。土地を媒介とする**封建的主従関係**と、領主が**農奴**を支配する**荘園(しょうえん)**を基礎とし、政治権力は各地の領主に分散した。,封建的主従関係|荘園|農奴|領主|カロリング帝国の分裂,,,世界史の窓：封建社会,https://www.y-history.net/appendix/wh0601-139.html
大学受験世界史・重要300用語（三段階学習）,WH-000112,99,大学受験基礎,制度・政策・法律,荘園制,しょうえんせい,,中世ヨーロッパ,ヨーロッパ,西ヨーロッパ農村,9〜13世紀を中心,900,WH-000112-B01,beginner,用語の特定,identify,領主の直営地と農民保有地からなる荘園(しょうえん)を単位に、農奴が労働や貢納を負担した制度は？,荘園制(しょうえんせい),荘園制,,,世界史の窓：章節別用語リスト,https://www.y-history.net/appendix/appendix-list.html
大学受験世界史・重要300用語（三段階学習）,WH-000112,99,大学受験基礎,制度・政策・法律,荘園制,しょうえんせい,,中世ヨーロッパ,ヨーロッパ,西ヨーロッパ農村,9〜13世紀を中心,900,WH-000112-B02,beginner,時期,time,荘園制(しょうえんせい)が成立・実施されたのはいつ頃？,9〜13世紀を中心,9〜13世紀を中心,,,世界史の窓：章節別用語リスト,https://www.y-history.net/appendix/appendix-list.html
大学受験世界史・重要300用語（三段階学習）,WH-000112,99,大学受験基礎,制度・政策・法律,荘園制,しょうえんせい,,中世ヨーロッパ,ヨーロッパ,西ヨーロッパ農村,9〜13世紀を中心,900,WH-000112-B03,beginner,身分,actor,荘園(しょうえん)で領主に従属した農民を何という？,農奴,農奴,,,世界史の窓：章節別用語リスト,https://www.y-history.net/appendix/appendix-list.html
大学受験世界史・重要300用語（三段階学習）,WH-000112,99,大学受験基礎,制度・政策・法律,荘園制,しょうえんせい,,中世ヨーロッパ,ヨーロッパ,西ヨーロッパ農村,9〜13世紀を中心,900,WH-000112-R01,reverse,内容,reverse,どんな制度・政策・法律？,領主の**直営地**と農民保有地を含む荘園(しょうえん)を単位に、農奴が賦役・貢納を負担して自給的に生産した仕組み。,直営地,,,世界史の窓：章節別用語リスト,https://www.y-history.net/appendix/appendix-list.html
大学受験世界史・重要300用語（三段階学習）,WH-000112,99,大学受験基礎,制度・政策・法律,荘園制,しょうえんせい,,中世ヨーロッパ,ヨーロッパ,西ヨーロッパ農村,9〜13世紀を中心,900,WH-000112-R02,reverse,結果・影響,reverse,どのような影響を与えた？,**荘園制(しょうえんせい)**は、封建的主従関係と結びついて中世西欧社会を支えたが、貨幣経済・都市の発達で次第に解体した。,荘園制,,,世界史の窓：章節別用語リスト,https://www.y-history.net/appendix/appendix-list.html
大学受験世界史・重要300用語（三段階学習）,WH-000112,99,大学受験基礎,制度・政策・法律,荘園制,しょうえんせい,,中世ヨーロッパ,ヨーロッパ,西ヨーロッパ農村,9〜13世紀を中心,900,WH-000112-I01,integrated,統合説明,integrated,「荘園制(しょうえんせい)」について説明せよ。,領主の**直営地**と農民保有地を含む荘園(しょうえん)を単位に、農奴が賦役・貢納を負担して自給的に生産した仕組み。 封建的主従関係と結びついて中世西欧社会を支えたが、貨幣経済・都市の発達で次第に解体した。,直営地,,,世界史の窓：章節別用語リスト,https://www.y-history.net/appendix/appendix-list.html
大学受験世界史・重要300用語（三段階学習）,WH-000113,277,大学受験標準,国家・王朝,ファーティマ朝,ふぁーてぃまちょう,,中世イスラーム世界,北アフリカ・西アジア,北アフリカ・エジプト・シリア,909〜1171年,909,WH-000113-B01,beginner,用語の特定,identify,イスマーイール派が北アフリカに建て、カイロを都としたシーア派王朝は？,ファーティマ朝,ファーティマ朝,,,世界史の窓：章節別用語リスト,https://www.y-history.net/appendix/appendix-list.html
大学受験世界史・重要300用語（三段階学習）,WH-000113,277,大学受験標準,国家・王朝,ファーティマ朝,ふぁーてぃまちょう,,中世イスラーム世界,北アフリカ・西アジア,北アフリカ・エジプト・シリア,909〜1171年,909,WH-000113-B02,beginner,時期,time,ファーティマ朝が存在したのはいつ頃？,909〜1171年,909〜1171年,,,世界史の窓：章節別用語リスト,https://www.y-history.net/appendix/appendix-list.html
大学受験世界史・重要300用語（三段階学習）,WH-000113,277,大学受験標準,国家・王朝,ファーティマ朝,ふぁーてぃまちょう,,中世イスラーム世界,北アフリカ・西アジア,北アフリカ・エジプト・シリア,909〜1171年,909,WH-000113-B03,beginner,宗派,relation,ファーティマ朝が属したシーア派の一派は？,イスマーイール派,イスマーイール派,,,世界史の窓：章節別用語リスト,https://www.y-history.net/appendix/appendix-list.html
大学受験世界史・重要300用語（三段階学習）,WH-000113,277,大学受験標準,国家・王朝,ファーティマ朝,ふぁーてぃまちょう,,中世イスラーム世界,北アフリカ・西アジア,北アフリカ・エジプト・シリア,909〜1171年,909,WH-000113-R01,reverse,内容,reverse,何をした？,シーア派の**イスマーイール派**が北アフリカに建て、969年にエジプトを征服してカイロを建設した王朝。,イスマーイール派,,,世界史の窓：章節別用語リスト,https://www.y-history.net/appendix/appendix-list.html
大学受験世界史・重要300用語（三段階学習）,WH-000113,277,大学受験標準,国家・王朝,ファーティマ朝,ふぁーてぃまちょう,,中世イスラーム世界,北アフリカ・西アジア,北アフリカ・エジプト・シリア,909〜1171年,909,WH-000113-R02,reverse,結果・影響,reverse,どんな特徴をもち、何を残した？,アッバース朝に対抗してカリフを称し、**アズハル学院**と地中海・紅海交易を発展させた。,アズハル学院,,,世界史の窓：章節別用語リスト,https://www.y-history.net/appendix/appendix-list.html
大学受験世界史・重要300用語（三段階学習）,WH-000113,277,大学受験標準,国家・王朝,ファーティマ朝,ふぁーてぃまちょう,,中世イスラーム世界,北アフリカ・西アジア,北アフリカ・エジプト・シリア,909〜1171年,909,WH-000113-I01,integrated,統合説明,integrated,「ファーティマ朝」について説明せよ。,シーア派の**イスマーイール派**が北アフリカに建て、969年にエジプトを征服してカイロを建設した王朝。 アッバース朝に対抗してカリフを称し、**アズハル学院**と地中海・紅海交易を発展させた。,イスマーイール派|アズハル学院,,,世界史の窓：章節別用語リスト,https://www.y-history.net/appendix/appendix-list.html
大学受験世界史・重要300用語（三段階学習）,WH-000114,278,大学受験標準,国家・王朝,高麗,こうらい,,中世東アジア,東アジア,朝鮮半島,918〜1392年,918,WH-000114-B01,beginner,用語の特定,identify,王建(おうけん)が建て、新羅(しらぎ)を統一し、国名Koreaの由来となった朝鮮王朝は？,高麗(こうらい),高麗,,,世界史の窓：章節別用語リスト,https://www.y-history.net/appendix/appendix-list.html
大学受験世界史・重要300用語（三段階学習）,WH-000114,278,大学受験標準,国家・王朝,高麗,こうらい,,中世東アジア,東アジア,朝鮮半島,918〜1392年,918,WH-000114-B02,beginner,時期,time,高麗(こうらい)が存在したのはいつ頃？,918〜1392年,918〜1392年,,,世界史の窓：章節別用語リスト,https://www.y-history.net/appendix/appendix-list.html
大学受験世界史・重要300用語（三段階学習）,WH-000114,278,大学受験標準,国家・王朝,高麗,こうらい,,中世東アジア,東アジア,朝鮮半島,918〜1392年,918,WH-000114-B03,beginner,建国者,person,高麗(こうらい)の建国者は？,王建(おうけん),王建,,,世界史の窓：章節別用語リスト,https://www.y-history.net/appendix/appendix-list.html
大学受験世界史・重要300用語（三段階学習）,WH-000114,278,大学受験標準,国家・王朝,高麗,こうらい,,中世東アジア,東アジア,朝鮮半島,918〜1392年,918,WH-000114-R01,reverse,内容,reverse,何をした？,**王建(おうけん)**が建てて後三国を統一し、仏教を保護しながら文官官僚制を整えた朝鮮王朝。,王建,,,世界史の窓：章節別用語リスト,https://www.y-history.net/appendix/appendix-list.html
大学受験世界史・重要300用語（三段階学習）,WH-000114,278,大学受験標準,国家・王朝,高麗,こうらい,,中世東アジア,東アジア,朝鮮半島,918〜1392年,918,WH-000114-R02,reverse,結果・影響,reverse,どんな特徴をもち、何を残した？,**高麗(こうらい)**は、高麗(こうらい)青磁・大蔵経印刷を発達させたが、モンゴル支配を受け、末期に李成桂(りせいけい)によって倒された。,高麗,,,世界史の窓：章節別用語リスト,https://www.y-history.net/appendix/appendix-list.html
大学受験世界史・重要300用語（三段階学習）,WH-000114,278,大学受験標準,国家・王朝,高麗,こうらい,,中世東アジア,東アジア,朝鮮半島,918〜1392年,918,WH-000114-I01,integrated,統合説明,integrated,「高麗(こうらい)」について説明せよ。,**王建(おうけん)**が建てて後三国を統一し、仏教を保護しながら文官官僚制を整えた朝鮮王朝。 高麗(こうらい)青磁・大蔵経印刷を発達させたが、モンゴル支配を受け、末期に李成桂(りせいけい)によって倒された。,王建,,,世界史の窓：章節別用語リスト,https://www.y-history.net/appendix/appendix-list.html
大学受験世界史・重要300用語（三段階学習）,WH-000115,279,大学受験標準,国家・王朝,ブワイフ朝,ぶわいふちょう,,中世イスラーム世界,西アジア,イラン・イラク,932〜1062年,932,WH-000115-B01,beginner,用語の特定,identify,イラン系シーア派軍事政権としてバグダードを支配し、カリフから大アミール号を得た王朝は？,ブワイフ朝,ブワイフ朝,,,世界史の窓：章節別用語リスト,https://www.y-history.net/appendix/appendix-list.html
大学受験世界史・重要300用語（三段階学習）,WH-000115,279,大学受験標準,国家・王朝,ブワイフ朝,ぶわいふちょう,,中世イスラーム世界,西アジア,イラン・イラク,932〜1062年,932,WH-000115-B02,beginner,時期,time,ブワイフ朝が存在したのはいつ頃？,932〜1062年,932〜1062年,,,世界史の窓：章節別用語リスト,https://www.y-history.net/appendix/appendix-list.html
大学受験世界史・重要300用語（三段階学習）,WH-000115,279,大学受験標準,国家・王朝,ブワイフ朝,ぶわいふちょう,,中世イスラーム世界,西アジア,イラン・イラク,932〜1062年,932,WH-000115-B03,beginner,称号,content,ブワイフ朝君主が得た称号は？,大アミール,大アミール,,,世界史の窓：章節別用語リスト,https://www.y-history.net/appendix/appendix-list.html
大学受験世界史・重要300用語（三段階学習）,WH-000115,279,大学受験標準,国家・王朝,ブワイフ朝,ぶわいふちょう,,中世イスラーム世界,西アジア,イラン・イラク,932〜1062年,932,WH-000115-R01,reverse,内容,reverse,何をした？,イラン系シーア派の軍事政権で、945年にバグダードへ入り、**アッバース朝カリフ**を宗教的権威として残しつつ実権を握った。,アッバース朝カリフ,,,世界史の窓：章節別用語リスト,https://www.y-history.net/appendix/appendix-list.html
大学受験世界史・重要300用語（三段階学習）,WH-000115,279,大学受験標準,国家・王朝,ブワイフ朝,ぶわいふちょう,,中世イスラーム世界,西アジア,イラン・イラク,932〜1062年,932,WH-000115-R02,reverse,結果・影響,reverse,どんな特徴をもち、何を残した？,君主は**大アミール**を称し、カリフと軍事支配者が分離する政治構造を明確にした。,大アミール,,,世界史の窓：章節別用語リスト,https://www.y-history.net/appendix/appendix-list.html
大学受験世界史・重要300用語（三段階学習）,WH-000115,279,大学受験標準,国家・王朝,ブワイフ朝,ぶわいふちょう,,中世イスラーム世界,西アジア,イラン・イラク,932〜1062年,932,WH-000115-I01,integrated,統合説明,integrated,「ブワイフ朝」について説明せよ。,イラン系シーア派の軍事政権で、945年にバグダードへ入り、**アッバース朝カリフ**を宗教的権威として残しつつ実権を握った。 君主は**大アミール**を称し、カリフと軍事支配者が分離する政治構造を明確にした。,アッバース朝カリフ|大アミール,,,世界史の窓：章節別用語リスト,https://www.y-history.net/appendix/appendix-list.html
大学受験世界史・重要300用語（三段階学習）,WH-000116,51,大学受験基礎,国家・王朝,宋,そう,北宋|南宋,中世,東アジア,中国,960年〜1279年,960,WH-000116-B01,beginner,用語の特定,identify,960年に趙匡胤(ちょうきょういん)が建国し、文治主義(ぶんちしゅぎ)と商業の発達で知られる中国王朝は？,宋(そう),宋,北宋|宋王朝,,世界史の窓：宋／北宋,https://www.y-history.net/appendix/wh0303-032.html
大学受験世界史・重要300用語（三段階学習）,WH-000116,51,大学受験基礎,国家・王朝,宋,そう,北宋|南宋,中世,東アジア,中国,960年〜1279年,960,WH-000116-B02,beginner,中心人物,person,宋を建国して太祖となった人物は？,趙匡胤(ちょうきょういん),趙匡胤,宋の太祖,,世界史の窓：宋／北宋,https://www.y-history.net/appendix/wh0303-032.html
大学受験世界史・重要300用語（三段階学習）,WH-000116,51,大学受験基礎,国家・王朝,宋,そう,北宋|南宋,中世,東アジア,中国,960年〜1279年,960,WH-000116-B03,beginner,政策,content,宋が軍人を抑え、文官官僚を重用した政治方針は？,文治主義(ぶんちしゅぎ),文治主義,,,世界史の窓：宋／北宋,https://www.y-history.net/appendix/wh0303-032.html
大学受験世界史・重要300用語（三段階学習）,WH-000116,51,大学受験基礎,国家・王朝,宋,そう,北宋|南宋,中世,東アジア,中国,960年〜1279年,960,WH-000116-R01,reverse,複合説明,reverse,何をした？,**趙匡胤(ちょうきょういん)**が960年に建国し、軍人を抑えて科挙(かきょ)官僚を重用する**文治主義(ぶんちしゅぎ)**を進めた。都市・商業・貨幣経済が発達し、印刷・火薬・羅針盤(らしんばん)などの技術も広がったが、北方民族への軍事的劣勢が続いた。,趙匡胤|文治主義|科挙官僚|貨幣経済|印刷|火薬|羅針盤,,,世界史の窓：宋／北宋,https://www.y-history.net/appendix/wh0303-032.html
大学受験世界史・重要300用語（三段階学習）,WH-000116,51,大学受験基礎,国家・王朝,宋,そう,北宋|南宋,中世,東アジア,中国,960年〜1279年,960,WH-000116-I01,integrated,統合説明,integrated,「宋」について説明せよ。,960年に**趙匡胤(ちょうきょういん)**が建国した中国王朝。科挙(かきょ)官僚を重用する**文治主義(ぶんちしゅぎ)**のもとで都市・商業・貨幣経済が発達し、印刷・火薬・羅針盤(らしんばん)などの技術も広がったが、北方民族には軍事的に劣勢だった。,趙匡胤|文治主義|科挙官僚|貨幣経済|印刷|火薬|羅針盤,,,世界史の窓：宋／北宋,https://www.y-history.net/appendix/wh0303-032.html
大学受験世界史・重要300用語（三段階学習）,WH-000117,100,大学受験基礎,国家・王朝,神聖ローマ帝国,しんせいろーまていこく,,中世〜近世ヨーロッパ,ヨーロッパ,ドイツ・北イタリアを中心,962〜1806年,962,WH-000117-B01,beginner,用語の特定,identify,オットー1世の皇帝戴冠に始まり、ドイツを中心に諸侯(しょこう)が並立した帝国は？,神聖ローマ帝国,神聖ローマ帝国,,,世界史の窓：章節別用語リスト,https://www.y-history.net/appendix/appendix-list.html
大学受験世界史・重要300用語（三段階学習）,WH-000117,100,大学受験基礎,国家・王朝,神聖ローマ帝国,しんせいろーまていこく,,中世〜近世ヨーロッパ,ヨーロッパ,ドイツ・北イタリアを中心,962〜1806年,962,WH-000117-B02,beginner,時期,time,神聖ローマ帝国が存在したのはいつ頃？,962〜1806年,962〜1806年,,,世界史の窓：章節別用語リスト,https://www.y-history.net/appendix/appendix-list.html
大学受験世界史・重要300用語（三段階学習）,WH-000117,100,大学受験基礎,国家・王朝,神聖ローマ帝国,しんせいろーまていこく,,中世〜近世ヨーロッパ,ヨーロッパ,ドイツ・北イタリアを中心,962〜1806年,962,WH-000117-B03,beginner,人物,person,神聖ローマ帝国成立の起点となった皇帝は？,オットー1世,オットー1世,,,世界史の窓：章節別用語リスト,https://www.y-history.net/appendix/appendix-list.html
大学受験世界史・重要300用語（三段階学習）,WH-000117,100,大学受験基礎,国家・王朝,神聖ローマ帝国,しんせいろーまていこく,,中世〜近世ヨーロッパ,ヨーロッパ,ドイツ・北イタリアを中心,962〜1806年,962,WH-000117-R01,reverse,内容,reverse,何をした？,962年、東フランク王**オットー1世**が教皇から皇帝冠を受けたことを起点とする、ドイツ・北イタリア中心の帝国。,オットー1世,,,世界史の窓：章節別用語リスト,https://www.y-history.net/appendix/appendix-list.html
大学受験世界史・重要300用語（三段階学習）,WH-000117,100,大学受験基礎,国家・王朝,神聖ローマ帝国,しんせいろーまていこく,,中世〜近世ヨーロッパ,ヨーロッパ,ドイツ・北イタリアを中心,962〜1806年,962,WH-000117-R02,reverse,結果・影響,reverse,どんな特徴をもち、何を残した？,**神聖ローマ帝国**は、皇帝は普遍的キリスト教帝国を掲げたが、教皇や諸侯(しょこう)との対立で分権化し、1806年にナポレオンによって解体された。,神聖ローマ帝国,,,世界史の窓：章節別用語リスト,https://www.y-history.net/appendix/appendix-list.html
大学受験世界史・重要300用語（三段階学習）,WH-000117,100,大学受験基礎,国家・王朝,神聖ローマ帝国,しんせいろーまていこく,,中世〜近世ヨーロッパ,ヨーロッパ,ドイツ・北イタリアを中心,962〜1806年,962,WH-000117-I01,integrated,統合説明,integrated,「神聖ローマ帝国」について説明せよ。,962年、東フランク王**オットー1世**が教皇から皇帝冠を受けたことを起点とする、ドイツ・北イタリア中心の帝国。 皇帝は普遍的キリスト教帝国を掲げたが、教皇や諸侯(しょこう)との対立で分権化し、1806年にナポレオンによって解体された。,オットー1世,,,世界史の窓：章節別用語リスト,https://www.y-history.net/appendix/appendix-list.html
大学受験世界史・重要300用語（三段階学習）,WH-000118,280,大学受験標準,人物,オットー1世,おっとーいっせい,,中世ヨーロッパ,ヨーロッパ,東フランク・ドイツ・北イタリア,936〜973年,962,WH-000118-B01,beginner,用語の特定,identify,マジャール人を破り、962年に教皇から皇帝冠を受けた東フランク王は？,オットー1世,オットー1世,,,世界史の窓：章節別用語リスト,https://www.y-history.net/appendix/appendix-list.html
大学受験世界史・重要300用語（三段階学習）,WH-000118,280,大学受験標準,人物,オットー1世,おっとーいっせい,,中世ヨーロッパ,ヨーロッパ,東フランク・ドイツ・北イタリア,936〜973年,962,WH-000118-B02,beginner,時期,time,オットー1世が主に活動したのはいつ頃？,936〜973年,936〜973年,,,世界史の窓：章節別用語リスト,https://www.y-history.net/appendix/appendix-list.html
大学受験世界史・重要300用語（三段階学習）,WH-000118,280,大学受験標準,人物,オットー1世,おっとーいっせい,,中世ヨーロッパ,ヨーロッパ,東フランク・ドイツ・北イタリア,936〜973年,962,WH-000118-B03,beginner,戦闘,relation,オットー1世がマジャール人を破った戦いは？,レヒフェルトの戦い,レヒフェルトの戦い,,,世界史の窓：章節別用語リスト,https://www.y-history.net/appendix/appendix-list.html
大学受験世界史・重要300用語（三段階学習）,WH-000118,280,大学受験標準,人物,オットー1世,おっとーいっせい,,中世ヨーロッパ,ヨーロッパ,東フランク・ドイツ・北イタリア,936〜973年,962,WH-000118-R01,reverse,内容,reverse,何をした？,東フランクのザクセン朝王として諸侯(しょこう)を抑え、955年の**レヒフェルトの戦い**でマジャール人を破った。,レヒフェルトの戦い,,,世界史の窓：章節別用語リスト,https://www.y-history.net/appendix/appendix-list.html
大学受験世界史・重要300用語（三段階学習）,WH-000118,280,大学受験標準,人物,オットー1世,おっとーいっせい,,中世ヨーロッパ,ヨーロッパ,東フランク・ドイツ・北イタリア,936〜973年,962,WH-000118-R02,reverse,結果・影響,reverse,どのような影響を与えた？,962年に教皇から皇帝冠を受け、後の**神聖ローマ帝国**の起点を作った。,神聖ローマ帝国,,,世界史の窓：章節別用語リスト,https://www.y-history.net/appendix/appendix-list.html
大学受験世界史・重要300用語（三段階学習）,WH-000118,280,大学受験標準,人物,オットー1世,おっとーいっせい,,中世ヨーロッパ,ヨーロッパ,東フランク・ドイツ・北イタリア,936〜973年,962,WH-000118-I01,integrated,統合説明,integrated,「オットー1世」について説明せよ。,東フランクのザクセン朝王として諸侯(しょこう)を抑え、955年の**レヒフェルトの戦い**でマジャール人を破った。 962年に教皇から皇帝冠を受け、後の**神聖ローマ帝国**の起点を作った。,レヒフェルトの戦い|神聖ローマ帝国,,,世界史の窓：章節別用語リスト,https://www.y-history.net/appendix/appendix-list.html
大学受験世界史・重要300用語（三段階学習）,WH-000119,101,大学受験基礎,制度・政策・法律,イクター制,いくたーせい,,中世イスラーム世界,西アジア,イスラーム諸王朝,10〜13世紀を中心,1000,WH-000119-B01,beginner,用語の特定,identify,軍人や官僚に土地そのものではなく、一定地域の徴税権を給与として与えた制度は？,イクター制,イクター制,,,世界史の窓：章節別用語リスト,https://www.y-history.net/appendix/appendix-list.html
大学受験世界史・重要300用語（三段階学習）,WH-000119,101,大学受験基礎,制度・政策・法律,イクター制,いくたーせい,,中世イスラーム世界,西アジア,イスラーム諸王朝,10〜13世紀を中心,1000,WH-000119-B02,beginner,時期,time,イクター制が成立・実施されたのはいつ頃？,10〜13世紀を中心,10〜13世紀を中心,,,世界史の窓：章節別用語リスト,https://www.y-history.net/appendix/appendix-list.html
大学受験世界史・重要300用語（三段階学習）,WH-000119,101,大学受験基礎,制度・政策・法律,イクター制,いくたーせい,,中世イスラーム世界,西アジア,イスラーム諸王朝,10〜13世紀を中心,1000,WH-000119-B03,beginner,対象,actor,イクターを主に与えられた人々は？,軍人・官僚,軍人・官僚,,,世界史の窓：章節別用語リスト,https://www.y-history.net/appendix/appendix-list.html
大学受験世界史・重要300用語（三段階学習）,WH-000119,101,大学受験基礎,制度・政策・法律,イクター制,いくたーせい,,中世イスラーム世界,西アジア,イスラーム諸王朝,10〜13世紀を中心,1000,WH-000119-R01,reverse,内容,reverse,どんな制度・政策・法律？,国家が軍人・官僚へ土地の所有権ではなく、一定地域から税を徴収する**イクター**を給与として与える制度。,イクター,,,世界史の窓：章節別用語リスト,https://www.y-history.net/appendix/appendix-list.html
大学受験世界史・重要300用語（三段階学習）,WH-000119,101,大学受験基礎,制度・政策・法律,イクター制,いくたーせい,,中世イスラーム世界,西アジア,イスラーム諸王朝,10〜13世紀を中心,1000,WH-000119-R02,reverse,結果・影響,reverse,どのような影響を与えた？,**イクター制**は、セルジューク朝などで常備的軍事力と地方統治を支え、後のイスラーム諸国の土地・軍事制度へ影響した。,イクター制,,,世界史の窓：章節別用語リスト,https://www.y-history.net/appendix/appendix-list.html
大学受験世界史・重要300用語（三段階学習）,WH-000119,101,大学受験基礎,制度・政策・法律,イクター制,いくたーせい,,中世イスラーム世界,西アジア,イスラーム諸王朝,10〜13世紀を中心,1000,WH-000119-I01,integrated,統合説明,integrated,「イクター制」について説明せよ。,国家が軍人・官僚へ土地の所有権ではなく、一定地域から税を徴収する**イクター**を給与として与える制度。 セルジューク朝などで常備的軍事力と地方統治を支え、後のイスラーム諸国の土地・軍事制度へ影響した。,イクター,,,世界史の窓：章節別用語リスト,https://www.y-history.net/appendix/appendix-list.html
大学受験世界史・重要300用語（三段階学習）,WH-000120,281,大学受験標準,地域・都市,スワヒリ都市,すわひりとし,,中世アフリカ,アフリカ・インド洋,東アフリカ沿岸,10〜15世紀に繁栄,1000,WH-000120-B01,beginner,用語の特定,identify,キルワやモンバサなど、インド洋交易で繁栄した東アフリカ沿岸の港市群を何という？,スワヒリ都市,スワヒリ都市,,,世界史の窓：章節別用語リスト,https://www.y-history.net/appendix/appendix-list.html
大学受験世界史・重要300用語（三段階学習）,WH-000120,281,大学受験標準,地域・都市,スワヒリ都市,すわひりとし,,中世アフリカ,アフリカ・インド洋,東アフリカ沿岸,10〜15世紀に繁栄,1000,WH-000120-B02,beginner,時期,time,スワヒリ都市が特に重要だったのはいつ頃？,10〜15世紀に繁栄,10〜15世紀に繁栄,,,世界史の窓：章節別用語リスト,https://www.y-history.net/appendix/appendix-list.html
大学受験世界史・重要300用語（三段階学習）,WH-000120,281,大学受験標準,地域・都市,スワヒリ都市,すわひりとし,,中世アフリカ,アフリカ・インド洋,東アフリカ沿岸,10〜15世紀に繁栄,1000,WH-000120-B03,beginner,都市,place,スワヒリ都市の代表例を一つ答えよ。,キルワ,キルワ,,,世界史の窓：章節別用語リスト,https://www.y-history.net/appendix/appendix-list.html
大学受験世界史・重要300用語（三段階学習）,WH-000120,281,大学受験標準,地域・都市,スワヒリ都市,すわひりとし,,中世アフリカ,アフリカ・インド洋,東アフリカ沿岸,10〜15世紀に繁栄,1000,WH-000120-R01,reverse,内容,reverse,どこにあり、どのような役割を果たした？,東アフリカ沿岸でバントゥー系住民とアラブ・ペルシア商人が交流し、**キルワ**・モンバサなどイスラーム系港市を形成した。,キルワ,,,世界史の窓：章節別用語リスト,https://www.y-history.net/appendix/appendix-list.html
大学受験世界史・重要300用語（三段階学習）,WH-000120,281,大学受験標準,地域・都市,スワヒリ都市,すわひりとし,,中世アフリカ,アフリカ・インド洋,東アフリカ沿岸,10〜15世紀に繁栄,1000,WH-000120-R02,reverse,結果・影響,reverse,どのような交流や変化につながった？,金・象牙・奴隷と陶磁器・綿布・香辛料を交換し、**スワヒリ語**とインド洋文化圏を発達させた。,スワヒリ語,,,世界史の窓：章節別用語リスト,https://www.y-history.net/appendix/appendix-list.html
大学受験世界史・重要300用語（三段階学習）,WH-000120,281,大学受験標準,地域・都市,スワヒリ都市,すわひりとし,,中世アフリカ,アフリカ・インド洋,東アフリカ沿岸,10〜15世紀に繁栄,1000,WH-000120-I01,integrated,統合説明,integrated,「スワヒリ都市」について説明せよ。,東アフリカ沿岸でバントゥー系住民とアラブ・ペルシア商人が交流し、**キルワ**・モンバサなどイスラーム系港市を形成した。 金・象牙・奴隷と陶磁器・綿布・香辛料を交換し、**スワヒリ語**とインド洋文化圏を発達させた。,キルワ|スワヒリ語,,,世界史の窓：章節別用語リスト,https://www.y-history.net/appendix/appendix-list.html
大学受験世界史・重要300用語（三段階学習）,WH-000121,102,大学受験基礎,国家・王朝,セルジューク朝,せるじゅーくちょう,,中世イスラーム世界,西アジア・中央アジア,イラン・イラク・小アジア,1038〜1194年,1038,WH-000121-B01,beginner,用語の特定,identify,トゥグリル＝ベクが建て、バグダードに入ってスルタン号を認められたトルコ系王朝は？,セルジューク朝,セルジューク朝,,,世界史の窓：章節別用語リスト,https://www.y-history.net/appendix/appendix-list.html
大学受験世界史・重要300用語（三段階学習）,WH-000121,102,大学受験基礎,国家・王朝,セルジューク朝,せるじゅーくちょう,,中世イスラーム世界,西アジア・中央アジア,イラン・イラク・小アジア,1038〜1194年,1038,WH-000121-B02,beginner,時期,time,セルジューク朝が存在したのはいつ頃？,1038〜1194年,1038〜1194年,,,世界史の窓：章節別用語リスト,https://www.y-history.net/appendix/appendix-list.html
大学受験世界史・重要300用語（三段階学習）,WH-000121,102,大学受験基礎,国家・王朝,セルジューク朝,せるじゅーくちょう,,中世イスラーム世界,西アジア・中央アジア,イラン・イラク・小アジア,1038〜1194年,1038,WH-000121-B03,beginner,建国者,person,セルジューク朝の建国者は？,トゥグリル＝ベク,トゥグリル＝ベク,,,世界史の窓：章節別用語リスト,https://www.y-history.net/appendix/appendix-list.html
大学受験世界史・重要300用語（三段階学習）,WH-000121,102,大学受験基礎,国家・王朝,セルジューク朝,せるじゅーくちょう,,中世イスラーム世界,西アジア・中央アジア,イラン・イラク・小アジア,1038〜1194年,1038,WH-000121-R01,reverse,内容,reverse,何をした？,トルコ系の**トゥグリル＝ベク**が建て、1055年にバグダードへ入ってアッバース朝カリフを保護し、スルタン号を得た。,トゥグリル＝ベク,,,世界史の窓：章節別用語リスト,https://www.y-history.net/appendix/appendix-list.html
大学受験世界史・重要300用語（三段階学習）,WH-000121,102,大学受験基礎,国家・王朝,セルジューク朝,せるじゅーくちょう,,中世イスラーム世界,西アジア・中央アジア,イラン・イラク・小アジア,1038〜1194年,1038,WH-000121-R02,reverse,結果・影響,reverse,どんな特徴をもち、何を残した？,**イクター制**を整え、西アジアのトルコ化を進め、小アジアへの進出が十字軍の一因となった。,イクター制,,,世界史の窓：章節別用語リスト,https://www.y-history.net/appendix/appendix-list.html
大学受験世界史・重要300用語（三段階学習）,WH-000121,102,大学受験基礎,国家・王朝,セルジューク朝,せるじゅーくちょう,,中世イスラーム世界,西アジア・中央アジア,イラン・イラク・小アジア,1038〜1194年,1038,WH-000121-I01,integrated,統合説明,integrated,「セルジューク朝」について説明せよ。,トルコ系の**トゥグリル＝ベク**が建て、1055年にバグダードへ入ってアッバース朝カリフを保護し、スルタン号を得た。 **イクター制**を整え、西アジアのトルコ化を進め、小アジアへの進出が十字軍の一因となった。,トゥグリル＝ベク|イクター制,,,世界史の窓：章節別用語リスト,https://www.y-history.net/appendix/appendix-list.html
大学受験世界史・重要300用語（三段階学習）,WH-000122,103,大学受験基礎,地域・都市,中世都市,ちゅうせいとし,,中世ヨーロッパ,ヨーロッパ,西ヨーロッパ各地,11〜13世紀に発展,1050,WH-000122-B01,beginner,用語の特定,identify,11世紀頃から商業復活を背景に成長し、自治権を獲得した西ヨーロッパの都市を何という？,中世都市,中世都市,,,世界史の窓：章節別用語リスト,https://www.y-history.net/appendix/appendix-list.html
大学受験世界史・重要300用語（三段階学習）,WH-000122,103,大学受験基礎,地域・都市,中世都市,ちゅうせいとし,,中世ヨーロッパ,ヨーロッパ,西ヨーロッパ各地,11〜13世紀に発展,1050,WH-000122-B02,beginner,時期,time,中世都市が特に重要だったのはいつ頃？,11〜13世紀に発展,11〜13世紀に発展,,,世界史の窓：章節別用語リスト,https://www.y-history.net/appendix/appendix-list.html
大学受験世界史・重要300用語（三段階学習）,WH-000122,103,大学受験基礎,地域・都市,中世都市,ちゅうせいとし,,中世ヨーロッパ,ヨーロッパ,西ヨーロッパ各地,11〜13世紀に発展,1050,WH-000122-B03,beginner,組織,relation,中世都市で商人・手工業者が結成した同業者組合は？,ギルド,ギルド,,,世界史の窓：章節別用語リスト,https://www.y-history.net/appendix/appendix-list.html
大学受験世界史・重要300用語（三段階学習）,WH-000122,103,大学受験基礎,地域・都市,中世都市,ちゅうせいとし,,中世ヨーロッパ,ヨーロッパ,西ヨーロッパ各地,11〜13世紀に発展,1050,WH-000122-R01,reverse,内容,reverse,どこにあり、どのような役割を果たした？,**中世都市**は、商業と手工業の復活により、城壁・司教座・港などを中心に成長し、領主から特許状や自治権を得た都市。,中世都市,,,世界史の窓：章節別用語リスト,https://www.y-history.net/appendix/appendix-list.html
大学受験世界史・重要300用語（三段階学習）,WH-000122,103,大学受験基礎,地域・都市,中世都市,ちゅうせいとし,,中世ヨーロッパ,ヨーロッパ,西ヨーロッパ各地,11〜13世紀に発展,1050,WH-000122-R02,reverse,結果・影響,reverse,どのような交流や変化につながった？,市民と**ギルド**を育て、貨幣経済を発達させ、荘園制(しょうえんせい)・農奴制を弱めて近代市民社会の基盤となった。,ギルド,,,世界史の窓：章節別用語リスト,https://www.y-history.net/appendix/appendix-list.html
大学受験世界史・重要300用語（三段階学習）,WH-000122,103,大学受験基礎,地域・都市,中世都市,ちゅうせいとし,,中世ヨーロッパ,ヨーロッパ,西ヨーロッパ各地,11〜13世紀に発展,1050,WH-000122-I01,integrated,統合説明,integrated,「中世都市」について説明せよ。,商業と手工業の復活により、城壁・司教座・港などを中心に成長し、領主から特許状や自治権を得た都市。 市民と**ギルド**を育て、貨幣経済を発達させ、荘園制(しょうえんせい)・農奴制を弱めて近代市民社会の基盤となった。,ギルド,,,世界史の窓：章節別用語リスト,https://www.y-history.net/appendix/appendix-list.html
大学受験世界史・重要300用語（三段階学習）,WH-000123,104,大学受験基礎,事件・革命,東西教会分裂,とうざいきょうかいぶんれつ,大シスマ,中世ヨーロッパ,ヨーロッパ・地中海,ローマとコンスタンティノープル,1054年,1054,WH-000123-B01,beginner,用語の特定,identify,1054年、キリスト教会がローマ＝カトリック教会とギリシア正教会に分裂した出来事は？,東西教会分裂,東西教会分裂,大シスマ,,世界史の窓：章節別用語リスト,https://www.y-history.net/appendix/appendix-list.html
大学受験世界史・重要300用語（三段階学習）,WH-000123,104,大学受験基礎,事件・革命,東西教会分裂,とうざいきょうかいぶんれつ,大シスマ,中世ヨーロッパ,ヨーロッパ・地中海,ローマとコンスタンティノープル,1054年,1054,WH-000123-B02,beginner,時期,time,東西教会分裂が起きたのはいつ？,1054年,1054年,,,世界史の窓：章節別用語リスト,https://www.y-history.net/appendix/appendix-list.html
大学受験世界史・重要300用語（三段階学習）,WH-000123,104,大学受験基礎,事件・革命,東西教会分裂,とうざいきょうかいぶんれつ,大シスマ,中世ヨーロッパ,ヨーロッパ・地中海,ローマとコンスタンティノープル,1054年,1054,WH-000123-B03,beginner,都市,place,東方教会の中心都市は？,コンスタンティノープル,コンスタンティノープル,,,世界史の窓：章節別用語リスト,https://www.y-history.net/appendix/appendix-list.html
大学受験世界史・重要300用語（三段階学習）,WH-000123,104,大学受験基礎,事件・革命,東西教会分裂,とうざいきょうかいぶんれつ,大シスマ,中世ヨーロッパ,ヨーロッパ・地中海,ローマとコンスタンティノープル,1054年,1054,WH-000123-R01,reverse,内容,reverse,何が起きた？,**東西教会分裂**は、教義・典礼・教皇首位権をめぐる対立から、1054年にローマ教皇とコンスタンティノープル総主教が相互破門した。,東西教会分裂,,,世界史の窓：章節別用語リスト,https://www.y-history.net/appendix/appendix-list.html
大学受験世界史・重要300用語（三段階学習）,WH-000123,104,大学受験基礎,事件・革命,東西教会分裂,とうざいきょうかいぶんれつ,大シスマ,中世ヨーロッパ,ヨーロッパ・地中海,ローマとコンスタンティノープル,1054年,1054,WH-000123-R02,reverse,結果・影響,reverse,何につながった？,西の**カトリック教会**と東の**ギリシア正教会**の分裂が固定化し、西欧と東欧の宗教文化の違いを深めた。,カトリック教会|ギリシア正教会,,,世界史の窓：章節別用語リスト,https://www.y-history.net/appendix/appendix-list.html
大学受験世界史・重要300用語（三段階学習）,WH-000123,104,大学受験基礎,事件・革命,東西教会分裂,とうざいきょうかいぶんれつ,大シスマ,中世ヨーロッパ,ヨーロッパ・地中海,ローマとコンスタンティノープル,1054年,1054,WH-000123-I01,integrated,統合説明,integrated,「東西教会分裂」について説明せよ。,教義・典礼・教皇首位権をめぐる対立から、1054年にローマ教皇とコンスタンティノープル総主教が相互破門した。 西の**カトリック教会**と東の**ギリシア正教会**の分裂が固定化し、西欧と東欧の宗教文化の違いを深めた。,カトリック教会|ギリシア正教会,,,世界史の窓：章節別用語リスト,https://www.y-history.net/appendix/appendix-list.html
大学受験世界史・重要300用語（三段階学習）,WH-000124,105,大学受験基礎,制度・政策・法律,スルタン,するたん,,中世イスラーム世界,西アジア,イスラーム世界各地,11世紀以降,1055,WH-000124-B01,beginner,用語の特定,identify,カリフの宗教的権威を認めつつ、政治・軍事の実権を握ったイスラーム君主の称号は？,スルタン,スルタン,,,世界史の窓：章節別用語リスト,https://www.y-history.net/appendix/appendix-list.html
大学受験世界史・重要300用語（三段階学習）,WH-000124,105,大学受験基礎,制度・政策・法律,スルタン,するたん,,中世イスラーム世界,西アジア,イスラーム世界各地,11世紀以降,1055,WH-000124-B02,beginner,時期,time,スルタンが成立・実施されたのはいつ頃？,11世紀以降,11世紀以降,,,世界史の窓：章節別用語リスト,https://www.y-history.net/appendix/appendix-list.html
大学受験世界史・重要300用語（三段階学習）,WH-000124,105,大学受験基礎,制度・政策・法律,スルタン,するたん,,中世イスラーム世界,西アジア,イスラーム世界各地,11世紀以降,1055,WH-000124-B03,beginner,人物,person,最初にアッバース朝カリフからスルタン号を公認された人物は？,トゥグリル＝ベク,トゥグリル＝ベク,,,世界史の窓：章節別用語リスト,https://www.y-history.net/appendix/appendix-list.html
大学受験世界史・重要300用語（三段階学習）,WH-000124,105,大学受験基礎,制度・政策・法律,スルタン,するたん,,中世イスラーム世界,西アジア,イスラーム世界各地,11世紀以降,1055,WH-000124-R01,reverse,内容,reverse,どんな制度・政策・法律？,本来「権力」を意味し、**セルジューク朝**のトゥグリル＝ベク以後、カリフに代わって政治・軍事を担う君主の称号となった。,セルジューク朝,,,世界史の窓：章節別用語リスト,https://www.y-history.net/appendix/appendix-list.html
大学受験世界史・重要300用語（三段階学習）,WH-000124,105,大学受験基礎,制度・政策・法律,スルタン,するたん,,中世イスラーム世界,西アジア,イスラーム世界各地,11世紀以降,1055,WH-000124-R02,reverse,結果・影響,reverse,どのような影響を与えた？,宗教的権威の**カリフ**と世俗的支配者のスルタンが並立する中世イスラーム政治の基本形を示した。,カリフ,,,世界史の窓：章節別用語リスト,https://www.y-history.net/appendix/appendix-list.html
大学受験世界史・重要300用語（三段階学習）,WH-000124,105,大学受験基礎,制度・政策・法律,スルタン,するたん,,中世イスラーム世界,西アジア,イスラーム世界各地,11世紀以降,1055,WH-000124-I01,integrated,統合説明,integrated,「スルタン」について説明せよ。,本来「権力」を意味し、**セルジューク朝**のトゥグリル＝ベク以後、カリフに代わって政治・軍事を担う君主の称号となった。 宗教的権威の**カリフ**と世俗的支配者のスルタンが並立する中世イスラーム政治の基本形を示した。,セルジューク朝|カリフ,,,世界史の窓：章節別用語リスト,https://www.y-history.net/appendix/appendix-list.html
大学受験世界史・重要300用語（三段階学習）,WH-000125,106,大学受験基礎,事件・革命,ノルマン＝コンクェスト,のるまんこんくぇすと,ノルマン征服,中世ヨーロッパ,ヨーロッパ,イングランド,1066年,1066,WH-000125-B01,beginner,用語の特定,identify,ノルマンディー公ウィリアムがイングランドを征服した1066年の出来事は？,ノルマン＝コンクェスト,ノルマン＝コンクェスト,ノルマン征服,,世界史の窓：章節別用語リスト,https://www.y-history.net/appendix/appendix-list.html
大学受験世界史・重要300用語（三段階学習）,WH-000125,106,大学受験基礎,事件・革命,ノルマン＝コンクェスト,のるまんこんくぇすと,ノルマン征服,中世ヨーロッパ,ヨーロッパ,イングランド,1066年,1066,WH-000125-B02,beginner,時期,time,ノルマン＝コンクェストが起きたのはいつ？,1066年,1066年,,,世界史の窓：章節別用語リスト,https://www.y-history.net/appendix/appendix-list.html
大学受験世界史・重要300用語（三段階学習）,WH-000125,106,大学受験基礎,事件・革命,ノルマン＝コンクェスト,のるまんこんくぇすと,ノルマン征服,中世ヨーロッパ,ヨーロッパ,イングランド,1066年,1066,WH-000125-B03,beginner,戦闘,relation,征服を決定づけた戦いは？,ヘースティングズの戦い,ヘースティングズの戦い,,,世界史の窓：章節別用語リスト,https://www.y-history.net/appendix/appendix-list.html
大学受験世界史・重要300用語（三段階学習）,WH-000125,106,大学受験基礎,事件・革命,ノルマン＝コンクェスト,のるまんこんくぇすと,ノルマン征服,中世ヨーロッパ,ヨーロッパ,イングランド,1066年,1066,WH-000125-R01,reverse,内容,reverse,何が起きた？,1066年、ノルマンディー公**ウィリアム**がヘースティングズの戦いでイングランド王ハロルドを破って王位に就いた。,ウィリアム,,,世界史の窓：章節別用語リスト,https://www.y-history.net/appendix/appendix-list.html
大学受験世界史・重要300用語（三段階学習）,WH-000125,106,大学受験基礎,事件・革命,ノルマン＝コンクェスト,のるまんこんくぇすと,ノルマン征服,中世ヨーロッパ,ヨーロッパ,イングランド,1066年,1066,WH-000125-R02,reverse,結果・影響,reverse,何につながった？,**ノルマン＝コンクェスト**は、大陸型封建制と中央集権的王権を導入し、英語・貴族文化・土地制度へ長期的影響を与えた。,ノルマン＝コンクェスト,,,世界史の窓：章節別用語リスト,https://www.y-history.net/appendix/appendix-list.html
大学受験世界史・重要300用語（三段階学習）,WH-000125,106,大学受験基礎,事件・革命,ノルマン＝コンクェスト,のるまんこんくぇすと,ノルマン征服,中世ヨーロッパ,ヨーロッパ,イングランド,1066年,1066,WH-000125-I01,integrated,統合説明,integrated,「ノルマン＝コンクェスト」について説明せよ。,1066年、ノルマンディー公**ウィリアム**がヘースティングズの戦いでイングランド王ハロルドを破って王位に就いた。 大陸型封建制と中央集権的王権を導入し、英語・貴族文化・土地制度へ長期的影響を与えた。,ウィリアム,,,世界史の窓：章節別用語リスト,https://www.y-history.net/appendix/appendix-list.html
大学受験世界史・重要300用語（三段階学習）,WH-000126,107,大学受験基礎,人物,王安石,おうあんせき,,宋代中国,東アジア,北宋,1021〜1086年,1069,WH-000126-B01,beginner,用語の特定,identify,北宋の神宗(しんそう)に仕え、青苗法(せいびょうほう)・募役法(ぼえきほう)などの新法を進めた政治家は？,王安石(おうあんせき),王安石,,,世界史の窓：章節別用語リスト,https://www.y-history.net/appendix/appendix-list.html
大学受験世界史・重要300用語（三段階学習）,WH-000126,107,大学受験基礎,人物,王安石,おうあんせき,,宋代中国,東アジア,北宋,1021〜1086年,1069,WH-000126-B02,beginner,時期,time,王安石(おうあんせき)が主に活動したのはいつ頃？,1021〜1086年,1021〜1086年,,,世界史の窓：章節別用語リスト,https://www.y-history.net/appendix/appendix-list.html
大学受験世界史・重要300用語（三段階学習）,WH-000126,107,大学受験基礎,人物,王安石,おうあんせき,,宋代中国,東アジア,北宋,1021〜1086年,1069,WH-000126-B03,beginner,政策,content,王安石(おうあんせき)の低利融資政策を何という？,青苗法(せいびょうほう),青苗法,,,世界史の窓：章節別用語リスト,https://www.y-history.net/appendix/appendix-list.html
大学受験世界史・重要300用語（三段階学習）,WH-000126,107,大学受験基礎,人物,王安石,おうあんせき,,宋代中国,東アジア,北宋,1021〜1086年,1069,WH-000126-R01,reverse,内容,reverse,何をした？,北宋の神宗(しんそう)のもとで、農民への低利貸付である**青苗法(せいびょうほう)**、募役法(ぼえきほう)、保甲法(ほこうほう)などを実施して国家財政と軍事を立て直そうとした。,青苗法,,,世界史の窓：章節別用語リスト,https://www.y-history.net/appendix/appendix-list.html
大学受験世界史・重要300用語（三段階学習）,WH-000126,107,大学受験基礎,人物,王安石,おうあんせき,,宋代中国,東アジア,北宋,1021〜1086年,1069,WH-000126-R02,reverse,結果・影響,reverse,どのような影響を与えた？,**王安石(おうあんせき)**は、改革は大地主・旧法党(きゅうほうとう)の反対を受けて政争を激化させ、宋の政治を新法党(しんぽうとう)と旧法党の対立へ導いた。,王安石,,,世界史の窓：章節別用語リスト,https://www.y-history.net/appendix/appendix-list.html
大学受験世界史・重要300用語（三段階学習）,WH-000126,107,大学受験基礎,人物,王安石,おうあんせき,,宋代中国,東アジア,北宋,1021〜1086年,1069,WH-000126-I01,integrated,統合説明,integrated,「王安石(おうあんせき)」について説明せよ。,北宋の神宗(しんそう)のもとで、農民への低利貸付である**青苗法(せいびょうほう)**、募役法(ぼえきほう)、保甲法(ほこうほう)などを実施して国家財政と軍事を立て直そうとした。 改革は大地主・旧法党(きゅうほうとう)の反対を受けて政争を激化させ、宋の政治を新法党(しんぽうとう)と旧法党の対立へ導いた。,青苗法,,,世界史の窓：章節別用語リスト,https://www.y-history.net/appendix/appendix-list.html
大学受験世界史・重要300用語（三段階学習）,WH-000127,108,大学受験基礎,制度・政策・法律,新法,しんぽう,王安石の新法,宋代中国,東アジア,北宋,1069年以降,1069,WH-000127-B01,beginner,用語の特定,identify,北宋で王安石(おうあんせき)が財政再建・農民保護・軍事強化を目指して実施した改革を何という？,新法,新法,王安石の新法,,世界史の窓：章節別用語リスト,https://www.y-history.net/appendix/appendix-list.html
大学受験世界史・重要300用語（三段階学習）,WH-000127,108,大学受験基礎,制度・政策・法律,新法,しんぽう,王安石の新法,宋代中国,東アジア,北宋,1069年以降,1069,WH-000127-B02,beginner,時期,time,新法が成立・実施されたのはいつ頃？,1069年以降,1069年以降,,,世界史の窓：章節別用語リスト,https://www.y-history.net/appendix/appendix-list.html
大学受験世界史・重要300用語（三段階学習）,WH-000127,108,大学受験基礎,制度・政策・法律,新法,しんぽう,王安石の新法,宋代中国,東アジア,北宋,1069年以降,1069,WH-000127-B03,beginner,人物,person,新法を採用した北宋皇帝は？,神宗(しんそう),神宗,,,世界史の窓：章節別用語リスト,https://www.y-history.net/appendix/appendix-list.html
大学受験世界史・重要300用語（三段階学習）,WH-000127,108,大学受験基礎,制度・政策・法律,新法,しんぽう,王安石の新法,宋代中国,東アジア,北宋,1069年以降,1069,WH-000127-R01,reverse,内容,reverse,どんな制度・政策・法律？,**王安石(おうあんせき)**が神宗(しんそう)の支持で、青苗法(せいびょうほう)・均輸法(きんゆほう)・市易法(しえきほう)・募役法(ぼえきほう)・保甲法(ほこうほう)などを実施した一連の改革。,王安石,,,世界史の窓：章節別用語リスト,https://www.y-history.net/appendix/appendix-list.html
大学受験世界史・重要300用語（三段階学習）,WH-000127,108,大学受験基礎,制度・政策・法律,新法,しんぽう,王安石の新法,宋代中国,東アジア,北宋,1069年以降,1069,WH-000127-R02,reverse,結果・影響,reverse,どのような影響を与えた？,**新法**は、大商人・大地主を抑え国家と小農を強化しようとしたが、旧法党(きゅうほうとう)の反対と党争で十分に定着しなかった。,新法,,,世界史の窓：章節別用語リスト,https://www.y-history.net/appendix/appendix-list.html
大学受験世界史・重要300用語（三段階学習）,WH-000127,108,大学受験基礎,制度・政策・法律,新法,しんぽう,王安石の新法,宋代中国,東アジア,北宋,1069年以降,1069,WH-000127-I01,integrated,統合説明,integrated,「新法」について説明せよ。,**王安石(おうあんせき)**が神宗(しんそう)の支持で、青苗法(せいびょうほう)・均輸法(きんゆほう)・市易法(しえきほう)・募役法(ぼえきほう)・保甲法(ほこうほう)などを実施した一連の改革。 大商人・大地主を抑え国家と小農を強化しようとしたが、旧法党(きゅうほうとう)の反対と党争で十分に定着しなかった。,王安石,,,世界史の窓：章節別用語リスト,https://www.y-history.net/appendix/appendix-list.html
大学受験世界史・重要300用語（三段階学習）,WH-000128,109,大学受験基礎,制度・政策・法律,教皇権,きょうこうけん,,中世ヨーロッパ,ヨーロッパ,西ヨーロッパ・ローマ教会,11〜13世紀に最盛,1073,WH-000128-B01,beginner,用語の特定,identify,ローマ教皇が西ヨーロッパの教会と世俗君主に対して主張した宗教的・政治的権威を何という？,教皇権(きょうこうけん),教皇権,,,世界史の窓：章節別用語リスト,https://www.y-history.net/appendix/appendix-list.html
大学受験世界史・重要300用語（三段階学習）,WH-000128,109,大学受験基礎,制度・政策・法律,教皇権,きょうこうけん,,中世ヨーロッパ,ヨーロッパ,西ヨーロッパ・ローマ教会,11〜13世紀に最盛,1073,WH-000128-B02,beginner,時期,time,教皇権(きょうこうけん)が成立・実施されたのはいつ頃？,11〜13世紀に最盛,11〜13世紀に最盛,,,世界史の窓：章節別用語リスト,https://www.y-history.net/appendix/appendix-list.html
大学受験世界史・重要300用語（三段階学習）,WH-000128,109,大学受験基礎,制度・政策・法律,教皇権,きょうこうけん,,中世ヨーロッパ,ヨーロッパ,西ヨーロッパ・ローマ教会,11〜13世紀に最盛,1073,WH-000128-B03,beginner,人物,person,中世教皇権(きょうこうけん)が最盛期に達した教皇は？,インノケンティウス3世,インノケンティウス3世,,,世界史の窓：章節別用語リスト,https://www.y-history.net/appendix/appendix-list.html
大学受験世界史・重要300用語（三段階学習）,WH-000128,109,大学受験基礎,制度・政策・法律,教皇権,きょうこうけん,,中世ヨーロッパ,ヨーロッパ,西ヨーロッパ・ローマ教会,11〜13世紀に最盛,1073,WH-000128-R01,reverse,内容,reverse,どんな制度・政策・法律？,**教皇権(きょうこうけん)**は、ローマ教皇が使徒ペテロの後継者として西方教会を統率し、破門や聖務停止を通じて君主にも影響を及ぼす権威。,教皇権,,,世界史の窓：章節別用語リスト,https://www.y-history.net/appendix/appendix-list.html
大学受験世界史・重要300用語（三段階学習）,WH-000128,109,大学受験基礎,制度・政策・法律,教皇権,きょうこうけん,,中世ヨーロッパ,ヨーロッパ,西ヨーロッパ・ローマ教会,11〜13世紀に最盛,1073,WH-000128-R02,reverse,結果・影響,reverse,どのような影響を与えた？,グレゴリウス7世の改革と叙任権闘争(じょにんけんとうそう)を経て、**インノケンティウス3世**期に最盛となったが、王権伸長で衰退した。,インノケンティウス3世,,,世界史の窓：章節別用語リスト,https://www.y-history.net/appendix/appendix-list.html
大学受験世界史・重要300用語（三段階学習）,WH-000128,109,大学受験基礎,制度・政策・法律,教皇権,きょうこうけん,,中世ヨーロッパ,ヨーロッパ,西ヨーロッパ・ローマ教会,11〜13世紀に最盛,1073,WH-000128-I01,integrated,統合説明,integrated,「教皇権(きょうこうけん)」について説明せよ。,ローマ教皇が使徒ペテロの後継者として西方教会を統率し、破門や聖務停止を通じて君主にも影響を及ぼす権威。 グレゴリウス7世の改革と叙任権闘争(じょにんけんとうそう)を経て、**インノケンティウス3世**期に最盛となったが、王権伸長で衰退した。,インノケンティウス3世,,,世界史の窓：章節別用語リスト,https://www.y-history.net/appendix/appendix-list.html
大学受験世界史・重要300用語（三段階学習）,WH-000129,110,大学受験基礎,事件・革命,叙任権闘争,じょにんけんとうそう,,中世ヨーロッパ,ヨーロッパ,神聖ローマ帝国・ローマ教会,11〜12世紀,1075,WH-000129-B01,beginner,用語の特定,identify,司教や修道院長を任命する権利をめぐり、教皇と神聖ローマ皇帝が争った対立は？,叙任権闘争(じょにんけんとうそう),叙任権闘争,,,世界史の窓：章節別用語リスト,https://www.y-history.net/appendix/appendix-list.html
大学受験世界史・重要300用語（三段階学習）,WH-000129,110,大学受験基礎,事件・革命,叙任権闘争,じょにんけんとうそう,,中世ヨーロッパ,ヨーロッパ,神聖ローマ帝国・ローマ教会,11〜12世紀,1075,WH-000129-B02,beginner,時期,time,叙任権闘争(じょにんけんとうそう)が起きたのはいつ？,11〜12世紀,11〜12世紀,,,世界史の窓：章節別用語リスト,https://www.y-history.net/appendix/appendix-list.html
大学受験世界史・重要300用語（三段階学習）,WH-000129,110,大学受験基礎,事件・革命,叙任権闘争,じょにんけんとうそう,,中世ヨーロッパ,ヨーロッパ,神聖ローマ帝国・ローマ教会,11〜12世紀,1075,WH-000129-B03,beginner,人物,person,叙任権闘争(じょにんけんとうそう)の中心となった教皇と皇帝は？,グレゴリウス7世とハインリヒ4世,グレゴリウス7世とハインリヒ4世,,,世界史の窓：章節別用語リスト,https://www.y-history.net/appendix/appendix-list.html
大学受験世界史・重要300用語（三段階学習）,WH-000129,110,大学受験基礎,事件・革命,叙任権闘争,じょにんけんとうそう,,中世ヨーロッパ,ヨーロッパ,神聖ローマ帝国・ローマ教会,11〜12世紀,1075,WH-000129-R01,reverse,内容,reverse,何が起きた？,教会改革を進める教皇**グレゴリウス7世**と、司教任命権を守ろうとする皇帝**ハインリヒ4世**が対立した。,グレゴリウス7世|ハインリヒ4世,,,世界史の窓：章節別用語リスト,https://www.y-history.net/appendix/appendix-list.html
大学受験世界史・重要300用語（三段階学習）,WH-000129,110,大学受験基礎,事件・革命,叙任権闘争,じょにんけんとうそう,,中世ヨーロッパ,ヨーロッパ,神聖ローマ帝国・ローマ教会,11〜12世紀,1075,WH-000129-R02,reverse,結果・影響,reverse,何につながった？,**叙任権闘争(じょにんけんとうそう)**は、カノッサ事件を経て1122年のヴォルムス協約で妥協し、聖職者任命に対する教会の自立を強めた。,叙任権闘争,,,世界史の窓：章節別用語リスト,https://www.y-history.net/appendix/appendix-list.html
大学受験世界史・重要300用語（三段階学習）,WH-000129,110,大学受験基礎,事件・革命,叙任権闘争,じょにんけんとうそう,,中世ヨーロッパ,ヨーロッパ,神聖ローマ帝国・ローマ教会,11〜12世紀,1075,WH-000129-I01,integrated,統合説明,integrated,「叙任権闘争(じょにんけんとうそう)」について説明せよ。,教会改革を進める教皇**グレゴリウス7世**と、司教任命権を守ろうとする皇帝**ハインリヒ4世**が対立した。 カノッサ事件を経て1122年のヴォルムス協約で妥協し、聖職者任命に対する教会の自立を強めた。,グレゴリウス7世|ハインリヒ4世,,,世界史の窓：章節別用語リスト,https://www.y-history.net/appendix/appendix-list.html
大学受験世界史・重要300用語（三段階学習）,WH-000130,33,大学受験基礎,戦争,十字軍,じゅうじぐん,十字軍運動,中世,ヨーロッパ・西アジア,西ヨーロッパ・東地中海・パレスチナ,1096年〜13世紀,1096,WH-000130-B01,beginner,用語の特定,identify,11世紀末から、西ヨーロッパのキリスト教徒が聖地回復を掲げて行った遠征は？,十字軍,十字軍,十字軍運動,,世界史の窓：十字軍,https://www.y-history.net/appendix/wh0603_1-008.html
大学受験世界史・重要300用語（三段階学習）,WH-000130,33,大学受験基礎,戦争,十字軍,じゅうじぐん,十字軍運動,中世,ヨーロッパ・西アジア,西ヨーロッパ・東地中海・パレスチナ,1096年〜13世紀,1096,WH-000130-B02,beginner,中心人物,person,1095年のクレルモン宗教会議で十字軍を呼びかけた教皇は？,ウルバヌス2世,ウルバヌス2世,ウルバヌス二世,,世界史の窓：十字軍,https://www.y-history.net/appendix/wh0603_1-008.html
大学受験世界史・重要300用語（三段階学習）,WH-000130,33,大学受験基礎,戦争,十字軍,じゅうじぐん,十字軍運動,中世,ヨーロッパ・西アジア,西ヨーロッパ・東地中海・パレスチナ,1096年〜13世紀,1096,WH-000130-B03,beginner,目的地,place,十字軍がイスラーム勢力からの奪回を目指した聖地は？,イェルサレム,イェルサレム,エルサレム|エルサレム市,,世界史の窓：十字軍,https://www.y-history.net/appendix/wh0603_1-008.html
大学受験世界史・重要300用語（三段階学習）,WH-000130,33,大学受験基礎,戦争,十字軍,じゅうじぐん,十字軍運動,中世,ヨーロッパ・西アジア,西ヨーロッパ・東地中海・パレスチナ,1096年〜13世紀,1096,WH-000130-R01,reverse,時期,reverse,戦われたのはいつ？,1096年に第1回遠征が始まり、13世紀まで繰り返された。第1回十字軍は1099年に**イェルサレム**を占領した。,1096年|13世紀|イェルサレム|1099年,,,世界史の窓：十字軍,https://www.y-history.net/appendix/wh0603_1-008.html
大学受験世界史・重要300用語（三段階学習）,WH-000130,33,大学受験基礎,戦争,十字軍,じゅうじぐん,十字軍運動,中世,ヨーロッパ・西アジア,西ヨーロッパ・東地中海・パレスチナ,1096年〜13世紀,1096,WH-000130-R02,reverse,原因・結果,reverse,なぜ始まり、何が起きた？,セルジューク朝に圧迫された**ビザンツ帝国**の救援要請を受け、**ウルバヌス2世**が聖地回復を呼びかけた。遠征は最終的に失敗したが、地中海交易と都市を活発化させ、封建領主やビザンツ帝国を弱め、キリスト教・イスラーム間の対立を深めた。,ビザンツ帝国|ウルバヌス2世|聖地回復|地中海交易|封建領主,,,世界史の窓：十字軍,https://www.y-history.net/appendix/wh0603_1-008.html
大学受験世界史・重要300用語（三段階学習）,WH-000130,33,大学受験基礎,戦争,十字軍,じゅうじぐん,十字軍運動,中世,ヨーロッパ・西アジア,西ヨーロッパ・東地中海・パレスチナ,1096年〜13世紀,1096,WH-000130-I01,integrated,統合説明,integrated,「十字軍」について説明せよ。,1096年から13世紀にかけ、**ウルバヌス2世**の呼びかけで西ヨーロッパのキリスト教徒が**イェルサレム**回復を目指した遠征。最終的には失敗したが、地中海交易と都市を活発化させ、封建領主・ビザンツ帝国を弱め、宗教間の対立を深めた。,ウルバヌス2世|イェルサレム|聖地回復|地中海交易|封建領主|ビザンツ帝国,,,世界史の窓：十字軍,https://www.y-history.net/appendix/wh0603_1-008.html
大学受験世界史・重要300用語（三段階学習）,WH-000131,282,大学受験標準,組織・政党,ギルド,ぎるど,,中世ヨーロッパ,ヨーロッパ,中世都市,11〜16世紀,1100,WH-000131-B01,beginner,用語の特定,identify,中世都市で商人や手工業者が営業独占・相互扶助・品質管理のため結成した同業組合は？,ギルド,ギルド,,,世界史の窓：章節別用語リスト,https://www.y-history.net/appendix/appendix-list.html
大学受験世界史・重要300用語（三段階学習）,WH-000131,282,大学受験標準,組織・政党,ギルド,ぎるど,,中世ヨーロッパ,ヨーロッパ,中世都市,11〜16世紀,1100,WH-000131-B02,beginner,時期,time,ギルドが歴史上重要になるのはいつ頃？,11〜16世紀,11〜16世紀,,,世界史の窓：章節別用語リスト,https://www.y-history.net/appendix/appendix-list.html
大学受験世界史・重要300用語（三段階学習）,WH-000131,282,大学受験標準,組織・政党,ギルド,ぎるど,,中世ヨーロッパ,ヨーロッパ,中世都市,11〜16世紀,1100,WH-000131-B03,beginner,分類,content,ギルドの二つの基本類型は？,商人ギルドと同職ギルド,商人ギルドと同職ギルド,,,世界史の窓：章節別用語リスト,https://www.y-history.net/appendix/appendix-list.html
大学受験世界史・重要300用語（三段階学習）,WH-000131,282,大学受験標準,組織・政党,ギルド,ぎるど,,中世ヨーロッパ,ヨーロッパ,中世都市,11〜16世紀,1100,WH-000131-R01,reverse,内容,reverse,どんな組織・政党？,**ギルド**は、中世都市で商人や同職手工業者が結成し、営業権・価格・品質・徒弟制度を統制した自治的組織。,ギルド,,,世界史の窓：章節別用語リスト,https://www.y-history.net/appendix/appendix-list.html
大学受験世界史・重要300用語（三段階学習）,WH-000131,282,大学受験標準,組織・政党,ギルド,ぎるど,,中世ヨーロッパ,ヨーロッパ,中世都市,11〜16世紀,1100,WH-000131-R02,reverse,結果・影響,reverse,何につながった？,**ギルド**は、都市の経済と政治を支配したが、特権的規制は近代の自由な商工業発展の障害ともなった。,ギルド,,,世界史の窓：章節別用語リスト,https://www.y-history.net/appendix/appendix-list.html
大学受験世界史・重要300用語（三段階学習）,WH-000131,282,大学受験標準,組織・政党,ギルド,ぎるど,,中世ヨーロッパ,ヨーロッパ,中世都市,11〜16世紀,1100,WH-000131-I01,integrated,統合説明,integrated,「ギルド」について説明せよ。,**ギルド**は、中世都市で商人や同職手工業者が結成し、営業権・価格・品質・徒弟制度を統制した自治的組織。 都市の経済と政治を支配したが、特権的規制は近代の自由な商工業発展の障害ともなった。,ギルド,,,世界史の窓：章節別用語リスト,https://www.y-history.net/appendix/appendix-list.html
大学受験世界史・重要300用語（三段階学習）,WH-000132,111,大学受験基礎,人物,サラディン,さらでぃん,サラーフ＝アッディーン,中世イスラーム世界,西アジア・北アフリカ,エジプト・シリア・パレスチナ,1137/38〜1193年,1171,WH-000132-B01,beginner,用語の特定,identify,アイユーブ朝を建て、1187年にエルサレムを十字軍から奪回した人物は？,サラディン,サラディン,サラーフ＝アッディーン,,世界史の窓：章節別用語リスト,https://www.y-history.net/appendix/appendix-list.html
大学受験世界史・重要300用語（三段階学習）,WH-000132,111,大学受験基礎,人物,サラディン,さらでぃん,サラーフ＝アッディーン,中世イスラーム世界,西アジア・北アフリカ,エジプト・シリア・パレスチナ,1137/38〜1193年,1171,WH-000132-B02,beginner,時期,time,サラディンが主に活動したのはいつ頃？,1137/38〜1193年,1137/38〜1193年,,,世界史の窓：章節別用語リスト,https://www.y-history.net/appendix/appendix-list.html
大学受験世界史・重要300用語（三段階学習）,WH-000132,111,大学受験基礎,人物,サラディン,さらでぃん,サラーフ＝アッディーン,中世イスラーム世界,西アジア・北アフリカ,エジプト・シリア・パレスチナ,1137/38〜1193年,1171,WH-000132-B03,beginner,戦闘,relation,サラディンが十字軍を破った1187年の戦いは？,ヒッティーンの戦い,ヒッティーンの戦い,,,世界史の窓：章節別用語リスト,https://www.y-history.net/appendix/appendix-list.html
大学受験世界史・重要300用語（三段階学習）,WH-000132,111,大学受験基礎,人物,サラディン,さらでぃん,サラーフ＝アッディーン,中世イスラーム世界,西アジア・北アフリカ,エジプト・シリア・パレスチナ,1137/38〜1193年,1171,WH-000132-R01,reverse,内容,reverse,何をした？,クルド人軍人としてエジプトで**アイユーブ朝**を建て、エジプトとシリアを統合し、1187年のヒッティーンの戦いで十字軍を破った。,アイユーブ朝,,,世界史の窓：章節別用語リスト,https://www.y-history.net/appendix/appendix-list.html
大学受験世界史・重要300用語（三段階学習）,WH-000132,111,大学受験基礎,人物,サラディン,さらでぃん,サラーフ＝アッディーン,中世イスラーム世界,西アジア・北アフリカ,エジプト・シリア・パレスチナ,1137/38〜1193年,1171,WH-000132-R02,reverse,結果・影響,reverse,どのような影響を与えた？,**エルサレム**を奪回して第3回十字軍を招いたが、捕虜や住民への比較的寛容な対応でも知られた。,エルサレム,,,世界史の窓：章節別用語リスト,https://www.y-history.net/appendix/appendix-list.html
大学受験世界史・重要300用語（三段階学習）,WH-000132,111,大学受験基礎,人物,サラディン,さらでぃん,サラーフ＝アッディーン,中世イスラーム世界,西アジア・北アフリカ,エジプト・シリア・パレスチナ,1137/38〜1193年,1171,WH-000132-I01,integrated,統合説明,integrated,「サラディン」について説明せよ。,クルド人軍人としてエジプトで**アイユーブ朝**を建て、エジプトとシリアを統合し、1187年のヒッティーンの戦いで十字軍を破った。 **エルサレム**を奪回して第3回十字軍を招いたが、捕虜や住民への比較的寛容な対応でも知られた。,アイユーブ朝|エルサレム,,,世界史の窓：章節別用語リスト,https://www.y-history.net/appendix/appendix-list.html
大学受験世界史・重要300用語（三段階学習）,WH-000133,10,大学受験基礎,国家・王朝,モンゴル帝国,もんごるていこく,,中世,ユーラシア,モンゴル高原から東アジア・中央アジア・西アジア・東ヨーロッパ,1206年〜14世紀頃,1206,WH-000133-B01,beginner,用語の特定,identify,1206年にチンギス＝ハンが建国し、ユーラシアの広域を征服した帝国は？,モンゴル帝国,モンゴル帝国,,,世界史の窓：モンゴル帝国,https://www.y-history.net/appendix/wh0403-006.html
大学受験世界史・重要300用語（三段階学習）,WH-000133,10,大学受験基礎,国家・王朝,モンゴル帝国,もんごるていこく,,中世,ユーラシア,モンゴル高原から東アジア・中央アジア・西アジア・東ヨーロッパ,1206年〜14世紀頃,1206,WH-000133-B02,beginner,中心人物,person,モンゴル諸部族を統一してモンゴル帝国を建てた人物は？,チンギス＝ハン,チンギス＝ハン,チンギス・ハン|成吉思汗,,世界史の窓：モンゴル帝国,https://www.y-history.net/appendix/wh0403-006.html
大学受験世界史・重要300用語（三段階学習）,WH-000133,10,大学受験基礎,国家・王朝,モンゴル帝国,もんごるていこく,,中世,ユーラシア,モンゴル高原から東アジア・中央アジア・西アジア・東ヨーロッパ,1206年〜14世紀頃,1206,WH-000133-B03,beginner,制度,content,モンゴル帝国が駅と馬を配置して命令や使節の移動を支えた制度は？,駅伝制,駅伝制,ジャムチ|站赤,,世界史の窓：モンゴル帝国,https://www.y-history.net/appendix/wh0403-006.html
大学受験世界史・重要300用語（三段階学習）,WH-000133,10,大学受験基礎,国家・王朝,モンゴル帝国,もんごるていこく,,中世,ユーラシア,モンゴル高原から東アジア・中央アジア・西アジア・東ヨーロッパ,1206年〜14世紀頃,1206,WH-000133-R01,reverse,時期・地域,reverse,成立し拡大したのはいつ頃・どこ？,1206年に**チンギス＝ハン**がモンゴル高原を統一して成立し、13世紀に東アジアから東ヨーロッパ・西アジアまで広がった。,チンギス＝ハン|1206年|13世紀|ユーラシア,,,世界史の窓：モンゴル帝国,https://www.y-history.net/appendix/wh0403-006.html
大学受験世界史・重要300用語（三段階学習）,WH-000133,10,大学受験基礎,国家・王朝,モンゴル帝国,もんごるていこく,,中世,ユーラシア,モンゴル高原から東アジア・中央アジア・西アジア・東ヨーロッパ,1206年〜14世紀頃,1206,WH-000133-R02,reverse,内容,reverse,何をした？,機動力の高い騎馬軍で征服を進め、後に複数の**ハン国**へ分かれながらも、**駅伝制**と交易路の保護でユーラシア交流を活発化させた。一方、征服地では都市破壊や大きな犠牲も生じた。,騎馬軍|ハン国|駅伝制|交易路|ユーラシア交流,,,世界史の窓：モンゴル帝国,https://www.y-history.net/appendix/wh0403-006.html
大学受験世界史・重要300用語（三段階学習）,WH-000133,10,大学受験基礎,国家・王朝,モンゴル帝国,もんごるていこく,,中世,ユーラシア,モンゴル高原から東アジア・中央アジア・西アジア・東ヨーロッパ,1206年〜14世紀頃,1206,WH-000133-I01,integrated,統合説明,integrated,「モンゴル帝国」について説明せよ。,1206年に**チンギス＝ハン**が建国し、13世紀に東アジアから東ヨーロッパ・西アジアまで広がった帝国。騎馬軍で征服し、複数の**ハン国**に分かれた後も**駅伝制**と交易路保護によってユーラシア交流を活発化させた。,チンギス＝ハン|ハン国|駅伝制|交易路|ユーラシア交流,,,世界史の窓：モンゴル帝国,https://www.y-history.net/appendix/wh0403-006.html
大学受験世界史・重要300用語（三段階学習）,WH-000134,112,大学受験基礎,国家・王朝,デリー＝スルタン朝,でりーするたんちょう,,中世インド,南アジア,北インド,1206〜1526年,1206,WH-000134-B01,beginner,用語の特定,identify,デリーを都に北インドを支配した五つのイスラーム王朝の総称は？,デリー＝スルタン朝,デリー＝スルタン朝,,,世界史の窓：章節別用語リスト,https://www.y-history.net/appendix/appendix-list.html
大学受験世界史・重要300用語（三段階学習）,WH-000134,112,大学受験基礎,国家・王朝,デリー＝スルタン朝,でりーするたんちょう,,中世インド,南アジア,北インド,1206〜1526年,1206,WH-000134-B02,beginner,時期,time,デリー＝スルタン朝が存在したのはいつ頃？,1206〜1526年,1206〜1526年,,,世界史の窓：章節別用語リスト,https://www.y-history.net/appendix/appendix-list.html
大学受験世界史・重要300用語（三段階学習）,WH-000134,112,大学受験基礎,国家・王朝,デリー＝スルタン朝,でりーするたんちょう,,中世インド,南アジア,北インド,1206〜1526年,1206,WH-000134-B03,beginner,王朝,relation,最初のデリー＝スルタン朝は？,奴隷王朝,奴隷王朝,,,世界史の窓：章節別用語リスト,https://www.y-history.net/appendix/appendix-list.html
大学受験世界史・重要300用語（三段階学習）,WH-000134,112,大学受験基礎,国家・王朝,デリー＝スルタン朝,でりーするたんちょう,,中世インド,南アジア,北インド,1206〜1526年,1206,WH-000134-R01,reverse,内容,reverse,何をした？,トルコ系・アフガン系の五王朝がデリーを都に北インドを支配し、最初は**奴隷王朝**、最後はロディー朝であった。,奴隷王朝,,,世界史の窓：章節別用語リスト,https://www.y-history.net/appendix/appendix-list.html
大学受験世界史・重要300用語（三段階学習）,WH-000134,112,大学受験基礎,国家・王朝,デリー＝スルタン朝,でりーするたんちょう,,中世インド,南アジア,北インド,1206〜1526年,1206,WH-000134-R02,reverse,結果・影響,reverse,どんな特徴をもち、何を残した？,**デリー＝スルタン朝**は、イスラーム政治・ペルシア語文化をインドへ定着させ、ヒンドゥー社会との交流と対立を経てムガル帝国へつながった。,デリー＝スルタン朝,,,世界史の窓：章節別用語リスト,https://www.y-history.net/appendix/appendix-list.html
大学受験世界史・重要300用語（三段階学習）,WH-000134,112,大学受験基礎,国家・王朝,デリー＝スルタン朝,でりーするたんちょう,,中世インド,南アジア,北インド,1206〜1526年,1206,WH-000134-I01,integrated,統合説明,integrated,「デリー＝スルタン朝」について説明せよ。,トルコ系・アフガン系の五王朝がデリーを都に北インドを支配し、最初は**奴隷王朝**、最後はロディー朝であった。 イスラーム政治・ペルシア語文化をインドへ定着させ、ヒンドゥー社会との交流と対立を経てムガル帝国へつながった。,奴隷王朝,,,世界史の窓：章節別用語リスト,https://www.y-history.net/appendix/appendix-list.html
大学受験世界史・重要300用語（三段階学習）,WH-000135,113,大学受験基礎,人物,チンギス＝ハン,ちんぎすはん,テムジン,モンゴル時代,中央アジア・東アジア,モンゴル高原からユーラシア各地,1162頃〜1227年,1206,WH-000135-B01,beginner,用語の特定,identify,1206年にモンゴル諸部族を統一し、モンゴル帝国を建てた人物は？,チンギス＝ハン,チンギス＝ハン,テムジン,,世界史の窓：章節別用語リスト,https://www.y-history.net/appendix/appendix-list.html
大学受験世界史・重要300用語（三段階学習）,WH-000135,113,大学受験基礎,人物,チンギス＝ハン,ちんぎすはん,テムジン,モンゴル時代,中央アジア・東アジア,モンゴル高原からユーラシア各地,1162頃〜1227年,1206,WH-000135-B02,beginner,時期,time,チンギス＝ハンが主に活動したのはいつ頃？,1162頃〜1227年,1162頃〜1227年,,,世界史の窓：章節別用語リスト,https://www.y-history.net/appendix/appendix-list.html
大学受験世界史・重要300用語（三段階学習）,WH-000135,113,大学受験基礎,人物,チンギス＝ハン,ちんぎすはん,テムジン,モンゴル時代,中央アジア・東アジア,モンゴル高原からユーラシア各地,1162頃〜1227年,1206,WH-000135-B03,beginner,本名,relation,チンギス＝ハンの本名は？,テムジン,テムジン,,,世界史の窓：章節別用語リスト,https://www.y-history.net/appendix/appendix-list.html
大学受験世界史・重要300用語（三段階学習）,WH-000135,113,大学受験基礎,人物,チンギス＝ハン,ちんぎすはん,テムジン,モンゴル時代,中央アジア・東アジア,モンゴル高原からユーラシア各地,1162頃〜1227年,1206,WH-000135-R01,reverse,内容,reverse,何をした？,**テムジン**がモンゴル諸部族を軍事・行政単位へ再編し、1206年にチンギス＝ハンとしてモンゴル帝国を建てた。,テムジン,,,世界史の窓：章節別用語リスト,https://www.y-history.net/appendix/appendix-list.html
大学受験世界史・重要300用語（三段階学習）,WH-000135,113,大学受験基礎,人物,チンギス＝ハン,ちんぎすはん,テムジン,モンゴル時代,中央アジア・東アジア,モンゴル高原からユーラシア各地,1162頃〜1227年,1206,WH-000135-R02,reverse,結果・影響,reverse,どのような影響を与えた？,**チンギス＝ハン**は、金・西夏(せいか)・中央アジアへ征服を広げ、能力主義的軍制と駅伝制の基礎を築いてユーラシア統合を始めた。,チンギス＝ハン,,,世界史の窓：章節別用語リスト,https://www.y-history.net/appendix/appendix-list.html
大学受験世界史・重要300用語（三段階学習）,WH-000135,113,大学受験基礎,人物,チンギス＝ハン,ちんぎすはん,テムジン,モンゴル時代,中央アジア・東アジア,モンゴル高原からユーラシア各地,1162頃〜1227年,1206,WH-000135-I01,integrated,統合説明,integrated,「チンギス＝ハン」について説明せよ。,**テムジン**がモンゴル諸部族を軍事・行政単位へ再編し、1206年にチンギス＝ハンとしてモンゴル帝国を建てた。 金・西夏(せいか)・中央アジアへ征服を広げ、能力主義的軍制と駅伝制の基礎を築いてユーラシア統合を始めた。,テムジン,,,世界史の窓：章節別用語リスト,https://www.y-history.net/appendix/appendix-list.html
大学受験世界史・重要300用語（三段階学習）,WH-000136,114,大学受験基礎,文書・作品,マグナ＝カルタ,まぐなかるた,大憲章,中世ヨーロッパ,ヨーロッパ,イングランド,1215年,1215,WH-000136-B01,beginner,用語の特定,identify,国王ジョンが貴族に認めさせられ、課税や逮捕に法的制限を置いた文書は？,マグナ＝カルタ,マグナ＝カルタ,大憲章,,世界史の窓：章節別用語リスト,https://www.y-history.net/appendix/appendix-list.html
大学受験世界史・重要300用語（三段階学習）,WH-000136,114,大学受験基礎,文書・作品,マグナ＝カルタ,まぐなかるた,大憲章,中世ヨーロッパ,ヨーロッパ,イングランド,1215年,1215,WH-000136-B02,beginner,時期,time,マグナ＝カルタが作られた、または発表されたのはいつ頃？,1215年,1215年,,,世界史の窓：章節別用語リスト,https://www.y-history.net/appendix/appendix-list.html
大学受験世界史・重要300用語（三段階学習）,WH-000136,114,大学受験基礎,文書・作品,マグナ＝カルタ,まぐなかるた,大憲章,中世ヨーロッパ,ヨーロッパ,イングランド,1215年,1215,WH-000136-B03,beginner,人物,person,マグナ＝カルタを認めたイングランド王は？,ジョン王,ジョン王,,,世界史の窓：章節別用語リスト,https://www.y-history.net/appendix/appendix-list.html
大学受験世界史・重要300用語（三段階学習）,WH-000136,114,大学受験基礎,文書・作品,マグナ＝カルタ,まぐなかるた,大憲章,中世ヨーロッパ,ヨーロッパ,イングランド,1215年,1215,WH-000136-R01,reverse,内容,reverse,何が書かれ、何を示した？,1215年、重税と失政に反発した貴族が**ジョン王**に承認させ、国王も法に従うことや課税に同意が必要なことを定めた文書。,ジョン王,,,世界史の窓：章節別用語リスト,https://www.y-history.net/appendix/appendix-list.html
大学受験世界史・重要300用語（三段階学習）,WH-000136,114,大学受験基礎,文書・作品,マグナ＝カルタ,まぐなかるた,大憲章,中世ヨーロッパ,ヨーロッパ,イングランド,1215年,1215,WH-000136-R02,reverse,結果・影響,reverse,どのような影響を与えた？,**マグナ＝カルタ**は、当初は貴族の権利保障だったが、後に議会政治・法の支配・人身の自由を支える象徴となった。,マグナ＝カルタ,,,世界史の窓：章節別用語リスト,https://www.y-history.net/appendix/appendix-list.html
大学受験世界史・重要300用語（三段階学習）,WH-000136,114,大学受験基礎,文書・作品,マグナ＝カルタ,まぐなかるた,大憲章,中世ヨーロッパ,ヨーロッパ,イングランド,1215年,1215,WH-000136-I01,integrated,統合説明,integrated,「マグナ＝カルタ」について説明せよ。,1215年、重税と失政に反発した貴族が**ジョン王**に承認させ、国王も法に従うことや課税に同意が必要なことを定めた文書。 当初は貴族の権利保障だったが、後に議会政治・法の支配・人身の自由を支える象徴となった。,ジョン王,,,世界史の窓：章節別用語リスト,https://www.y-history.net/appendix/appendix-list.html
大学受験世界史・重要300用語（三段階学習）,WH-000137,115,大学受験基礎,国家・王朝,マリ王国,まりおうこく,,中世アフリカ,アフリカ,西アフリカ・ニジェール川流域,13〜15世紀,1235,WH-000137-B01,beginner,用語の特定,identify,マンサ＝ムーサのメッカ巡礼とトンブクトゥの繁栄で知られる西アフリカ王国は？,マリ王国,マリ王国,,,世界史の窓：章節別用語リスト,https://www.y-history.net/appendix/appendix-list.html
大学受験世界史・重要300用語（三段階学習）,WH-000137,115,大学受験基礎,国家・王朝,マリ王国,まりおうこく,,中世アフリカ,アフリカ,西アフリカ・ニジェール川流域,13〜15世紀,1235,WH-000137-B02,beginner,時期,time,マリ王国が存在したのはいつ頃？,13〜15世紀,13〜15世紀,,,世界史の窓：章節別用語リスト,https://www.y-history.net/appendix/appendix-list.html
大学受験世界史・重要300用語（三段階学習）,WH-000137,115,大学受験基礎,国家・王朝,マリ王国,まりおうこく,,中世アフリカ,アフリカ,西アフリカ・ニジェール川流域,13〜15世紀,1235,WH-000137-B03,beginner,人物,person,マリ王国最盛期の王は？,マンサ＝ムーサ,マンサ＝ムーサ,,,世界史の窓：章節別用語リスト,https://www.y-history.net/appendix/appendix-list.html
大学受験世界史・重要300用語（三段階学習）,WH-000137,115,大学受験基礎,国家・王朝,マリ王国,まりおうこく,,中世アフリカ,アフリカ,西アフリカ・ニジェール川流域,13〜15世紀,1235,WH-000137-R01,reverse,内容,reverse,何をした？,**スンジャータ**が建て、ニジェール川流域の金交易とサハラ縦断交易を支配して発展した王国。,スンジャータ,,,世界史の窓：章節別用語リスト,https://www.y-history.net/appendix/appendix-list.html
大学受験世界史・重要300用語（三段階学習）,WH-000137,115,大学受験基礎,国家・王朝,マリ王国,まりおうこく,,中世アフリカ,アフリカ,西アフリカ・ニジェール川流域,13〜15世紀,1235,WH-000137-R02,reverse,結果・影響,reverse,どんな特徴をもち、何を残した？,**マンサ＝ムーサ**の豪華なメッカ巡礼で名を広め、トンブクトゥをイスラーム学問・交易の中心にした。,マンサ＝ムーサ,,,世界史の窓：章節別用語リスト,https://www.y-history.net/appendix/appendix-list.html
大学受験世界史・重要300用語（三段階学習）,WH-000137,115,大学受験基礎,国家・王朝,マリ王国,まりおうこく,,中世アフリカ,アフリカ,西アフリカ・ニジェール川流域,13〜15世紀,1235,WH-000137-I01,integrated,統合説明,integrated,「マリ王国」について説明せよ。,**スンジャータ**が建て、ニジェール川流域の金交易とサハラ縦断交易を支配して発展した王国。 **マンサ＝ムーサ**の豪華なメッカ巡礼で名を広め、トンブクトゥをイスラーム学問・交易の中心にした。,スンジャータ|マンサ＝ムーサ,,,世界史の窓：章節別用語リスト,https://www.y-history.net/appendix/appendix-list.html
大学受験世界史・重要300用語（三段階学習）,WH-000138,116,大学受験基礎,国家・王朝,マムルーク朝,まむるーくちょう,,中世イスラーム世界,北アフリカ・西アジア,エジプト・シリア,1250〜1517年,1250,WH-000138-B01,beginner,用語の特定,identify,トルコ系などの軍人奴隷がエジプトに建て、モンゴル軍を撃退した王朝は？,マムルーク朝,マムルーク朝,,,世界史の窓：章節別用語リスト,https://www.y-history.net/appendix/appendix-list.html
大学受験世界史・重要300用語（三段階学習）,WH-000138,116,大学受験基礎,国家・王朝,マムルーク朝,まむるーくちょう,,中世イスラーム世界,北アフリカ・西アジア,エジプト・シリア,1250〜1517年,1250,WH-000138-B02,beginner,時期,time,マムルーク朝が存在したのはいつ頃？,1250〜1517年,1250〜1517年,,,世界史の窓：章節別用語リスト,https://www.y-history.net/appendix/appendix-list.html
大学受験世界史・重要300用語（三段階学習）,WH-000138,116,大学受験基礎,国家・王朝,マムルーク朝,まむるーくちょう,,中世イスラーム世界,北アフリカ・西アジア,エジプト・シリア,1250〜1517年,1250,WH-000138-B03,beginner,戦闘,relation,マムルーク朝がモンゴル軍を破った戦いは？,アイン＝ジャールートの戦い,アイン＝ジャールートの戦い,,,世界史の窓：章節別用語リスト,https://www.y-history.net/appendix/appendix-list.html
大学受験世界史・重要300用語（三段階学習）,WH-000138,116,大学受験基礎,国家・王朝,マムルーク朝,まむるーくちょう,,中世イスラーム世界,北アフリカ・西アジア,エジプト・シリア,1250〜1517年,1250,WH-000138-R01,reverse,内容,reverse,何をした？,軍人奴隷の**マムルーク**がエジプトで政権を握り、シリアも支配した王朝。,マムルーク,,,世界史の窓：章節別用語リスト,https://www.y-history.net/appendix/appendix-list.html
大学受験世界史・重要300用語（三段階学習）,WH-000138,116,大学受験基礎,国家・王朝,マムルーク朝,まむるーくちょう,,中世イスラーム世界,北アフリカ・西アジア,エジプト・シリア,1250〜1517年,1250,WH-000138-R02,reverse,結果・影響,reverse,どんな特徴をもち、何を残した？,1260年の**アイン＝ジャールートの戦い**でモンゴル軍を破り、カイロをイスラーム世界の政治・交易中心として栄えさせた。,アイン＝ジャールートの戦い,,,世界史の窓：章節別用語リスト,https://www.y-history.net/appendix/appendix-list.html
大学受験世界史・重要300用語（三段階学習）,WH-000138,116,大学受験基礎,国家・王朝,マムルーク朝,まむるーくちょう,,中世イスラーム世界,北アフリカ・西アジア,エジプト・シリア,1250〜1517年,1250,WH-000138-I01,integrated,統合説明,integrated,「マムルーク朝」について説明せよ。,軍人奴隷の**マムルーク**がエジプトで政権を握り、シリアも支配した王朝。 1260年の**アイン＝ジャールートの戦い**でモンゴル軍を破り、カイロをイスラーム世界の政治・交易中心として栄えさせた。,マムルーク|アイン＝ジャールートの戦い,,,世界史の窓：章節別用語リスト,https://www.y-history.net/appendix/appendix-list.html
大学受験世界史・重要300用語（三段階学習）,WH-000139,117,大学受験基礎,運動,東南アジアのイスラーム化,とうなんあじあのいすらーむか,,中世〜近世東南アジア,東南アジア,マレー半島・スマトラ・ジャワ・島嶼部,13〜16世紀を中心,1250,WH-000139-B01,beginner,用語の特定,identify,インド洋交易を通じて商人やスーフィーにより島嶼部へイスラームが広がった過程を何という？,東南アジアのイスラーム化,東南アジアのイスラーム化,,,世界史の窓：章節別用語リスト,https://www.y-history.net/appendix/appendix-list.html
大学受験世界史・重要300用語（三段階学習）,WH-000139,117,大学受験基礎,運動,東南アジアのイスラーム化,とうなんあじあのいすらーむか,,中世〜近世東南アジア,東南アジア,マレー半島・スマトラ・ジャワ・島嶼部,13〜16世紀を中心,1250,WH-000139-B02,beginner,時期,time,東南アジアのイスラーム化が盛んになったのはいつ頃？,13〜16世紀を中心,13〜16世紀を中心,,,世界史の窓：章節別用語リスト,https://www.y-history.net/appendix/appendix-list.html
大学受験世界史・重要300用語（三段階学習）,WH-000139,117,大学受験基礎,運動,東南アジアのイスラーム化,とうなんあじあのいすらーむか,,中世〜近世東南アジア,東南アジア,マレー半島・スマトラ・ジャワ・島嶼部,13〜16世紀を中心,1250,WH-000139-B03,beginner,国家,relation,東南アジアのイスラーム化で重要な港市国家は？,マラッカ王国,マラッカ王国,,,世界史の窓：章節別用語リスト,https://www.y-history.net/appendix/appendix-list.html
大学受験世界史・重要300用語（三段階学習）,WH-000139,117,大学受験基礎,運動,東南アジアのイスラーム化,とうなんあじあのいすらーむか,,中世〜近世東南アジア,東南アジア,マレー半島・スマトラ・ジャワ・島嶼部,13〜16世紀を中心,1250,WH-000139-R01,reverse,内容,reverse,どんな運動？,**東南アジアのイスラーム化**は、13世紀頃からムスリム商人・スーフィーが港市へ定住し、支配者の改宗を通じてマレー半島・スマトラ・ジャワへイスラームが広がった。,東南アジアのイスラーム化,,,世界史の窓：章節別用語リスト,https://www.y-history.net/appendix/appendix-list.html
大学受験世界史・重要300用語（三段階学習）,WH-000139,117,大学受験基礎,運動,東南アジアのイスラーム化,とうなんあじあのいすらーむか,,中世〜近世東南アジア,東南アジア,マレー半島・スマトラ・ジャワ・島嶼部,13〜16世紀を中心,1250,WH-000139-R02,reverse,結果・影響,reverse,何につながった？,**マラッカ王国**などが交易と布教の中心となり、在来文化と融合した東南アジアのイスラーム社会が形成された。,マラッカ王国,,,世界史の窓：章節別用語リスト,https://www.y-history.net/appendix/appendix-list.html
大学受験世界史・重要300用語（三段階学習）,WH-000139,117,大学受験基礎,運動,東南アジアのイスラーム化,とうなんあじあのいすらーむか,,中世〜近世東南アジア,東南アジア,マレー半島・スマトラ・ジャワ・島嶼部,13〜16世紀を中心,1250,WH-000139-I01,integrated,統合説明,integrated,「東南アジアのイスラーム化」について説明せよ。,13世紀頃からムスリム商人・スーフィーが港市へ定住し、支配者の改宗を通じてマレー半島・スマトラ・ジャワへイスラームが広がった。 **マラッカ王国**などが交易と布教の中心となり、在来文化と融合した東南アジアのイスラーム社会が形成された。,マラッカ王国,,,世界史の窓：章節別用語リスト,https://www.y-history.net/appendix/appendix-list.html
大学受験世界史・重要300用語（三段階学習）,WH-000140,118,大学受験基礎,時代・歴史区分,パクス＝モンゴリカ,ぱくすもんごりか,モンゴルの平和,モンゴル時代,ユーラシア,東アジアからヨーロッパ・西アジア,13〜14世紀,1250,WH-000140-B01,beginner,用語の特定,identify,モンゴル諸政権の支配でユーラシアの交通と交易が活発になった状況を何という？,パクス＝モンゴリカ,パクス＝モンゴリカ,モンゴルの平和,,世界史の窓：章節別用語リスト,https://www.y-history.net/appendix/appendix-list.html
大学受験世界史・重要300用語（三段階学習）,WH-000140,118,大学受験基礎,時代・歴史区分,パクス＝モンゴリカ,ぱくすもんごりか,モンゴルの平和,モンゴル時代,ユーラシア,東アジアからヨーロッパ・西アジア,13〜14世紀,1250,WH-000140-B02,beginner,時期,time,パクス＝モンゴリカが歴史上重要になるのはいつ頃？,13〜14世紀,13〜14世紀,,,世界史の窓：章節別用語リスト,https://www.y-history.net/appendix/appendix-list.html
大学受験世界史・重要300用語（三段階学習）,WH-000140,118,大学受験基礎,時代・歴史区分,パクス＝モンゴリカ,ぱくすもんごりか,モンゴルの平和,モンゴル時代,ユーラシア,東アジアからヨーロッパ・西アジア,13〜14世紀,1250,WH-000140-B03,beginner,人物,person,元を訪れたことで知られるヴェネツィア商人は？,マルコ＝ポーロ,マルコ＝ポーロ,,,世界史の窓：章節別用語リスト,https://www.y-history.net/appendix/appendix-list.html
大学受験世界史・重要300用語（三段階学習）,WH-000140,118,大学受験基礎,時代・歴史区分,パクス＝モンゴリカ,ぱくすもんごりか,モンゴルの平和,モンゴル時代,ユーラシア,東アジアからヨーロッパ・西アジア,13〜14世紀,1250,WH-000140-R01,reverse,内容,reverse,何が起きた時代・変化？,13〜14世紀、モンゴル諸政権が広域を支配し、**駅伝制**と使節保護によってユーラシアの陸上交通を比較的安全にした状況。,駅伝制,,,世界史の窓：章節別用語リスト,https://www.y-history.net/appendix/appendix-list.html
大学受験世界史・重要300用語（三段階学習）,WH-000140,118,大学受験基礎,時代・歴史区分,パクス＝モンゴリカ,ぱくすもんごりか,モンゴルの平和,モンゴル時代,ユーラシア,東アジアからヨーロッパ・西アジア,13〜14世紀,1250,WH-000140-R02,reverse,結果・影響,reverse,何につながった？,**マルコ＝ポーロ**ら商人・旅行者、技術・宗教・疫病が広域移動し、東西交流がかつてなく活発になった。,マルコ＝ポーロ,,,世界史の窓：章節別用語リスト,https://www.y-history.net/appendix/appendix-list.html
大学受験世界史・重要300用語（三段階学習）,WH-000140,118,大学受験基礎,時代・歴史区分,パクス＝モンゴリカ,ぱくすもんごりか,モンゴルの平和,モンゴル時代,ユーラシア,東アジアからヨーロッパ・西アジア,13〜14世紀,1250,WH-000140-I01,integrated,統合説明,integrated,「パクス＝モンゴリカ」について説明せよ。,13〜14世紀、モンゴル諸政権が広域を支配し、**駅伝制**と使節保護によってユーラシアの陸上交通を比較的安全にした状況。 **マルコ＝ポーロ**ら商人・旅行者、技術・宗教・疫病が広域移動し、東西交流がかつてなく活発になった。,駅伝制|マルコ＝ポーロ,,,世界史の窓：章節別用語リスト,https://www.y-history.net/appendix/appendix-list.html
大学受験世界史・重要300用語（三段階学習）,WH-000141,283,大学受験標準,組織・政党,ハンザ同盟,はんざどうめい,,中世ヨーロッパ,ヨーロッパ,北海・バルト海沿岸,13〜17世紀,1250,WH-000141-B01,beginner,用語の特定,identify,リューベックを中心に北海・バルト海交易を支配した北ドイツ諸都市の同盟は？,ハンザ同盟,ハンザ同盟,,,世界史の窓：章節別用語リスト,https://www.y-history.net/appendix/appendix-list.html
大学受験世界史・重要300用語（三段階学習）,WH-000141,283,大学受験標準,組織・政党,ハンザ同盟,はんざどうめい,,中世ヨーロッパ,ヨーロッパ,北海・バルト海沿岸,13〜17世紀,1250,WH-000141-B02,beginner,時期,time,ハンザ同盟が歴史上重要になるのはいつ頃？,13〜17世紀,13〜17世紀,,,世界史の窓：章節別用語リスト,https://www.y-history.net/appendix/appendix-list.html
大学受験世界史・重要300用語（三段階学習）,WH-000141,283,大学受験標準,組織・政党,ハンザ同盟,はんざどうめい,,中世ヨーロッパ,ヨーロッパ,北海・バルト海沿岸,13〜17世紀,1250,WH-000141-B03,beginner,都市,place,ハンザ同盟の中心都市は？,リューベック,リューベック,,,世界史の窓：章節別用語リスト,https://www.y-history.net/appendix/appendix-list.html
大学受験世界史・重要300用語（三段階学習）,WH-000141,283,大学受験標準,組織・政党,ハンザ同盟,はんざどうめい,,中世ヨーロッパ,ヨーロッパ,北海・バルト海沿岸,13〜17世紀,1250,WH-000141-R01,reverse,内容,reverse,どんな組織・政党？,**リューベック**を中心に北ドイツ諸都市が結成し、ロンドン・ブリュージュ・ノヴゴロドなどに商館を置いた都市同盟。,リューベック,,,世界史の窓：章節別用語リスト,https://www.y-history.net/appendix/appendix-list.html
大学受験世界史・重要300用語（三段階学習）,WH-000141,283,大学受験標準,組織・政党,ハンザ同盟,はんざどうめい,,中世ヨーロッパ,ヨーロッパ,北海・バルト海沿岸,13〜17世紀,1250,WH-000141-R02,reverse,結果・影響,reverse,何につながった？,**ハンザ同盟**は、北海・バルト海交易を保護・独占して中世北欧経済を発展させたが、主権国家と大西洋交易の成長で衰退した。,ハンザ同盟,,,世界史の窓：章節別用語リスト,https://www.y-history.net/appendix/appendix-list.html
大学受験世界史・重要300用語（三段階学習）,WH-000141,283,大学受験標準,組織・政党,ハンザ同盟,はんざどうめい,,中世ヨーロッパ,ヨーロッパ,北海・バルト海沿岸,13〜17世紀,1250,WH-000141-I01,integrated,統合説明,integrated,「ハンザ同盟」について説明せよ。,**リューベック**を中心に北ドイツ諸都市が結成し、ロンドン・ブリュージュ・ノヴゴロドなどに商館を置いた都市同盟。 北海・バルト海交易を保護・独占して中世北欧経済を発展させたが、主権国家と大西洋交易の成長で衰退した。,リューベック,,,世界史の窓：章節別用語リスト,https://www.y-history.net/appendix/appendix-list.html
大学受験世界史・重要300用語（三段階学習）,WH-000142,284,大学受験標準,国家・王朝,イル＝ハン国,いるはんこく,,モンゴル時代,西アジア,イラン・イラク,1258〜1353年頃,1258,WH-000142-B01,beginner,用語の特定,identify,フラグがイランに建て、バグダードを攻略してアッバース朝を滅ぼしたモンゴル系国家は？,イル＝ハン国,イル＝ハン国,,,世界史の窓：章節別用語リスト,https://www.y-history.net/appendix/appendix-list.html
大学受験世界史・重要300用語（三段階学習）,WH-000142,284,大学受験標準,国家・王朝,イル＝ハン国,いるはんこく,,モンゴル時代,西アジア,イラン・イラク,1258〜1353年頃,1258,WH-000142-B02,beginner,時期,time,イル＝ハン国が存在したのはいつ頃？,1258〜1353年頃,1258〜1353年頃,,,世界史の窓：章節別用語リスト,https://www.y-history.net/appendix/appendix-list.html
大学受験世界史・重要300用語（三段階学習）,WH-000142,284,大学受験標準,国家・王朝,イル＝ハン国,いるはんこく,,モンゴル時代,西アジア,イラン・イラク,1258〜1353年頃,1258,WH-000142-B03,beginner,建国者,person,イル＝ハン国の建国者は？,フラグ,フラグ,,,世界史の窓：章節別用語リスト,https://www.y-history.net/appendix/appendix-list.html
大学受験世界史・重要300用語（三段階学習）,WH-000142,284,大学受験標準,国家・王朝,イル＝ハン国,いるはんこく,,モンゴル時代,西アジア,イラン・イラク,1258〜1353年頃,1258,WH-000142-R01,reverse,内容,reverse,何をした？,チンギス＝ハンの孫**フラグ**がイランを中心に建て、1258年にバグダードを攻略してアッバース朝カリフ政権を滅ぼした。,フラグ,,,世界史の窓：章節別用語リスト,https://www.y-history.net/appendix/appendix-list.html
大学受験世界史・重要300用語（三段階学習）,WH-000142,284,大学受験標準,国家・王朝,イル＝ハン国,いるはんこく,,モンゴル時代,西アジア,イラン・イラク,1258〜1353年頃,1258,WH-000142-R02,reverse,結果・影響,reverse,どんな特徴をもち、何を残した？,**イル＝ハン国**は、ガザン＝ハン期にイスラーム化し、モンゴル・ペルシア文化を融合して東西交易と学術を発展させた。,イル＝ハン国,,,世界史の窓：章節別用語リスト,https://www.y-history.net/appendix/appendix-list.html
大学受験世界史・重要300用語（三段階学習）,WH-000142,284,大学受験標準,国家・王朝,イル＝ハン国,いるはんこく,,モンゴル時代,西アジア,イラン・イラク,1258〜1353年頃,1258,WH-000142-I01,integrated,統合説明,integrated,「イル＝ハン国」について説明せよ。,チンギス＝ハンの孫**フラグ**がイランを中心に建て、1258年にバグダードを攻略してアッバース朝カリフ政権を滅ぼした。 ガザン＝ハン期にイスラーム化し、モンゴル・ペルシア文化を融合して東西交易と学術を発展させた。,フラグ,,,世界史の窓：章節別用語リスト,https://www.y-history.net/appendix/appendix-list.html
大学受験世界史・重要300用語（三段階学習）,WH-000143,119,大学受験基礎,人物,フビライ＝ハン,ふびらいはん,,モンゴル時代,東アジア,中国・モンゴル高原,1215〜1294年,1260,WH-000143-B01,beginner,用語の特定,identify,モンゴル帝国の第5代大ハンとなり、元を建てて南宋(なんそう)を滅ぼした人物は？,フビライ＝ハン,フビライ＝ハン,,,世界史の窓：章節別用語リスト,https://www.y-history.net/appendix/appendix-list.html
大学受験世界史・重要300用語（三段階学習）,WH-000143,119,大学受験基礎,人物,フビライ＝ハン,ふびらいはん,,モンゴル時代,東アジア,中国・モンゴル高原,1215〜1294年,1260,WH-000143-B02,beginner,時期,time,フビライ＝ハンが主に活動したのはいつ頃？,1215〜1294年,1215〜1294年,,,世界史の窓：章節別用語リスト,https://www.y-history.net/appendix/appendix-list.html
大学受験世界史・重要300用語（三段階学習）,WH-000143,119,大学受験基礎,人物,フビライ＝ハン,ふびらいはん,,モンゴル時代,東アジア,中国・モンゴル高原,1215〜1294年,1260,WH-000143-B03,beginner,王朝,relation,フビライ＝ハンが建てた中国王朝は？,元,元,,,世界史の窓：章節別用語リスト,https://www.y-history.net/appendix/appendix-list.html
大学受験世界史・重要300用語（三段階学習）,WH-000143,119,大学受験基礎,人物,フビライ＝ハン,ふびらいはん,,モンゴル時代,東アジア,中国・モンゴル高原,1215〜1294年,1260,WH-000143-R01,reverse,内容,reverse,何をした？,モンケ死後に大ハンとなり、中国式王朝の**元**を建て、大都(だいと)を都として南宋(なんそう)を滅ぼした。,元,,,世界史の窓：章節別用語リスト,https://www.y-history.net/appendix/appendix-list.html
大学受験世界史・重要300用語（三段階学習）,WH-000143,119,大学受験基礎,人物,フビライ＝ハン,ふびらいはん,,モンゴル時代,東アジア,中国・モンゴル高原,1215〜1294年,1260,WH-000143-R02,reverse,結果・影響,reverse,どのような影響を与えた？,**フビライ＝ハン**は、駅伝・運河・海運を整備して国際交易を促進した一方、日本・ベトナム・ジャワ遠征は大きな負担となった。,フビライ＝ハン,,,世界史の窓：章節別用語リスト,https://www.y-history.net/appendix/appendix-list.html
大学受験世界史・重要300用語（三段階学習）,WH-000143,119,大学受験基礎,人物,フビライ＝ハン,ふびらいはん,,モンゴル時代,東アジア,中国・モンゴル高原,1215〜1294年,1260,WH-000143-I01,integrated,統合説明,integrated,「フビライ＝ハン」について説明せよ。,モンケ死後に大ハンとなり、中国式王朝の**元**を建て、大都(だいと)を都として南宋(なんそう)を滅ぼした。 駅伝・運河・海運を整備して国際交易を促進した一方、日本・ベトナム・ジャワ遠征は大きな負担となった。,元,,,世界史の窓：章節別用語リスト,https://www.y-history.net/appendix/appendix-list.html
大学受験世界史・重要300用語（三段階学習）,WH-000144,120,大学受験基礎,制度・政策・法律,イギリス議会,いぎりすぎかい,,中世〜近代ヨーロッパ,ヨーロッパ,イングランド・イギリス,13世紀以降,1265,WH-000144-B01,beginner,用語の特定,identify,国王の課税承認を担い、後に上院・下院へ分かれたイングランドの代表機関は？,イギリス議会,イギリス議会,,,世界史の窓：章節別用語リスト,https://www.y-history.net/appendix/appendix-list.html
大学受験世界史・重要300用語（三段階学習）,WH-000144,120,大学受験基礎,制度・政策・法律,イギリス議会,いぎりすぎかい,,中世〜近代ヨーロッパ,ヨーロッパ,イングランド・イギリス,13世紀以降,1265,WH-000144-B02,beginner,時期,time,イギリス議会が成立・実施されたのはいつ頃？,13世紀以降,13世紀以降,,,世界史の窓：章節別用語リスト,https://www.y-history.net/appendix/appendix-list.html
大学受験世界史・重要300用語（三段階学習）,WH-000144,120,大学受験基礎,制度・政策・法律,イギリス議会,いぎりすぎかい,,中世〜近代ヨーロッパ,ヨーロッパ,イングランド・イギリス,13世紀以降,1265,WH-000144-B03,beginner,構成,content,イギリス議会を構成する二院は？,上院と下院,上院と下院,,,世界史の窓：章節別用語リスト,https://www.y-history.net/appendix/appendix-list.html
大学受験世界史・重要300用語（三段階学習）,WH-000144,120,大学受験基礎,制度・政策・法律,イギリス議会,いぎりすぎかい,,中世〜近代ヨーロッパ,ヨーロッパ,イングランド・イギリス,13世紀以降,1265,WH-000144-R01,reverse,内容,reverse,どんな制度・政策・法律？,**イギリス議会**は、13世紀に貴族・聖職者に加えて騎士・都市代表が集まり、課税承認と請願を行う代表機関として発展した。,イギリス議会,,,世界史の窓：章節別用語リスト,https://www.y-history.net/appendix/appendix-list.html
大学受験世界史・重要300用語（三段階学習）,WH-000144,120,大学受験基礎,制度・政策・法律,イギリス議会,いぎりすぎかい,,中世〜近代ヨーロッパ,ヨーロッパ,イングランド・イギリス,13世紀以降,1265,WH-000144-R02,reverse,結果・影響,reverse,どのような影響を与えた？,上院・**下院**の二院制を形成し、17世紀のイギリス革命を経て議会主権と立憲政治の中心となった。,下院,,,世界史の窓：章節別用語リスト,https://www.y-history.net/appendix/appendix-list.html
大学受験世界史・重要300用語（三段階学習）,WH-000144,120,大学受験基礎,制度・政策・法律,イギリス議会,いぎりすぎかい,,中世〜近代ヨーロッパ,ヨーロッパ,イングランド・イギリス,13世紀以降,1265,WH-000144-I01,integrated,統合説明,integrated,「イギリス議会」について説明せよ。,13世紀に貴族・聖職者に加えて騎士・都市代表が集まり、課税承認と請願を行う代表機関として発展した。 上院・**下院**の二院制を形成し、17世紀のイギリス革命を経て議会主権と立憲政治の中心となった。,下院,,,世界史の窓：章節別用語リスト,https://www.y-history.net/appendix/appendix-list.html
大学受験世界史・重要300用語（三段階学習）,WH-000145,121,大学受験基礎,国家・王朝,元,げん,,モンゴル時代,東アジア・中央アジア,中国・モンゴル高原,1271〜1368年,1271,WH-000145-B01,beginner,用語の特定,identify,フビライ＝ハンが国号を定め、南宋(なんそう)を滅ぼして中国全土を支配した王朝は？,元(げん),元,,,世界史の窓：章節別用語リスト,https://www.y-history.net/appendix/appendix-list.html
大学受験世界史・重要300用語（三段階学習）,WH-000145,121,大学受験基礎,国家・王朝,元,げん,,モンゴル時代,東アジア・中央アジア,中国・モンゴル高原,1271〜1368年,1271,WH-000145-B02,beginner,時期,time,元が存在したのはいつ頃？,1271〜1368年,1271〜1368年,,,世界史の窓：章節別用語リスト,https://www.y-history.net/appendix/appendix-list.html
大学受験世界史・重要300用語（三段階学習）,WH-000145,121,大学受験基礎,国家・王朝,元,げん,,モンゴル時代,東アジア・中央アジア,中国・モンゴル高原,1271〜1368年,1271,WH-000145-B03,beginner,都,place,元の都は？,大都(だいと),大都,,,世界史の窓：章節別用語リスト,https://www.y-history.net/appendix/appendix-list.html
大学受験世界史・重要300用語（三段階学習）,WH-000145,121,大学受験基礎,国家・王朝,元,げん,,モンゴル時代,東アジア・中央アジア,中国・モンゴル高原,1271〜1368年,1271,WH-000145-R01,reverse,内容,reverse,何をした？,**フビライ＝ハン**が1271年に国号を元とし、大都(だいと)を都に1279年に南宋(なんそう)を滅ぼして中国全土を支配した。,フビライ＝ハン,,,世界史の窓：章節別用語リスト,https://www.y-history.net/appendix/appendix-list.html
大学受験世界史・重要300用語（三段階学習）,WH-000145,121,大学受験基礎,国家・王朝,元,げん,,モンゴル時代,東アジア・中央アジア,中国・モンゴル高原,1271〜1368年,1271,WH-000145-R02,reverse,結果・影響,reverse,どんな特徴をもち、何を残した？,**元**は、モンゴル人を頂点とする身分秩序を設けつつ、海陸交易と駅伝制を発達させ、東西交流を活発化させた。,元,,,世界史の窓：章節別用語リスト,https://www.y-history.net/appendix/appendix-list.html
大学受験世界史・重要300用語（三段階学習）,WH-000145,121,大学受験基礎,国家・王朝,元,げん,,モンゴル時代,東アジア・中央アジア,中国・モンゴル高原,1271〜1368年,1271,WH-000145-I01,integrated,統合説明,integrated,「元」について説明せよ。,**フビライ＝ハン**が1271年に国号を元とし、大都(だいと)を都に1279年に南宋(なんそう)を滅ぼして中国全土を支配した。 モンゴル人を頂点とする身分秩序を設けつつ、海陸交易と駅伝制を発達させ、東西交流を活発化させた。,フビライ＝ハン,,,世界史の窓：章節別用語リスト,https://www.y-history.net/appendix/appendix-list.html
大学受験世界史・重要300用語（三段階学習）,WH-000146,285,大学受験標準,国家・王朝,マジャパヒト王国,まじゃぱひとおうこく,,中世東南アジア,東南アジア,ジャワ島・インドネシア諸島,13〜16世紀初頭,1293,WH-000146-B01,beginner,用語の特定,identify,ジャワ島を中心にインドネシア諸島の交易圏へ勢力を広げたヒンドゥー系王国は？,マジャパヒト王国,マジャパヒト王国,,,世界史の窓：章節別用語リスト,https://www.y-history.net/appendix/appendix-list.html
大学受験世界史・重要300用語（三段階学習）,WH-000146,285,大学受験標準,国家・王朝,マジャパヒト王国,まじゃぱひとおうこく,,中世東南アジア,東南アジア,ジャワ島・インドネシア諸島,13〜16世紀初頭,1293,WH-000146-B02,beginner,時期,time,マジャパヒト王国が存在したのはいつ頃？,13〜16世紀初頭,13〜16世紀初頭,,,世界史の窓：章節別用語リスト,https://www.y-history.net/appendix/appendix-list.html
大学受験世界史・重要300用語（三段階学習）,WH-000146,285,大学受験標準,国家・王朝,マジャパヒト王国,まじゃぱひとおうこく,,中世東南アジア,東南アジア,ジャワ島・インドネシア諸島,13〜16世紀初頭,1293,WH-000146-B03,beginner,地域,place,マジャパヒト王国の中心となった島は？,ジャワ島,ジャワ島,,,世界史の窓：章節別用語リスト,https://www.y-history.net/appendix/appendix-list.html
大学受験世界史・重要300用語（三段階学習）,WH-000146,285,大学受験標準,国家・王朝,マジャパヒト王国,まじゃぱひとおうこく,,中世東南アジア,東南アジア,ジャワ島・インドネシア諸島,13〜16世紀初頭,1293,WH-000146-R01,reverse,内容,reverse,何をした？,**マジャパヒト王国**は、ジャワ島東部に成立し、14世紀に宰相ガジャ＝マダのもとでインドネシア諸島の交易網へ影響力を広げた。,マジャパヒト王国,,,世界史の窓：章節別用語リスト,https://www.y-history.net/appendix/appendix-list.html
大学受験世界史・重要300用語（三段階学習）,WH-000146,285,大学受験標準,国家・王朝,マジャパヒト王国,まじゃぱひとおうこく,,中世東南アジア,東南アジア,ジャワ島・インドネシア諸島,13〜16世紀初頭,1293,WH-000146-R02,reverse,結果・影響,reverse,どんな特徴をもち、何を残した？,**マジャパヒト王国**は、ヒンドゥー・仏教文化を栄えさせたが、イスラーム系港市の台頭で衰退した。,マジャパヒト王国,,,世界史の窓：章節別用語リスト,https://www.y-history.net/appendix/appendix-list.html
大学受験世界史・重要300用語（三段階学習）,WH-000146,285,大学受験標準,国家・王朝,マジャパヒト王国,まじゃぱひとおうこく,,中世東南アジア,東南アジア,ジャワ島・インドネシア諸島,13〜16世紀初頭,1293,WH-000146-I01,integrated,統合説明,integrated,「マジャパヒト王国」について説明せよ。,**マジャパヒト王国**は、ジャワ島東部に成立し、14世紀に宰相ガジャ＝マダのもとでインドネシア諸島の交易網へ影響力を広げた。 ヒンドゥー・仏教文化を栄えさせたが、イスラーム系港市の台頭で衰退した。,マジャパヒト王国,,,世界史の窓：章節別用語リスト,https://www.y-history.net/appendix/appendix-list.html
大学受験世界史・重要300用語（三段階学習）,WH-000147,20,大学受験基礎,国家・王朝,オスマン帝国,おすまんていこく,オスマン朝|オスマン＝トルコ,中世〜近代,西アジア・ヨーロッパ・北アフリカ,アナトリア・バルカン半島・東地中海,13世紀末〜1922年,1299,WH-000147-B01,beginner,用語の特定,identify,アナトリアで成立し、ビザンツ帝国を滅ぼして東地中海を支配したイスラーム帝国は？,オスマン帝国,オスマン帝国,オスマン朝|オスマン＝トルコ,,世界史の窓：オスマン帝国,https://www.y-history.net/appendix/wh0803-009_1.html
大学受験世界史・重要300用語（三段階学習）,WH-000147,20,大学受験基礎,国家・王朝,オスマン帝国,おすまんていこく,オスマン朝|オスマン＝トルコ,中世〜近代,西アジア・ヨーロッパ・北アフリカ,アナトリア・バルカン半島・東地中海,13世紀末〜1922年,1299,WH-000147-B02,beginner,中心人物,person,13世紀末にオスマン帝国の基礎を築いた人物は？,オスマン1世,オスマン1世,オスマン一世,,世界史の窓：オスマン帝国,https://www.y-history.net/appendix/wh0803-009_1.html
大学受験世界史・重要300用語（三段階学習）,WH-000147,20,大学受験基礎,国家・王朝,オスマン帝国,おすまんていこく,オスマン朝|オスマン＝トルコ,中世〜近代,西アジア・ヨーロッパ・北アフリカ,アナトリア・バルカン半島・東地中海,13世紀末〜1922年,1299,WH-000147-B03,beginner,軍事,actor,デヴシルメで集めた少年を訓練して編成した常備歩兵軍は？,イェニチェリ,イェニチェリ,イェニチェリ軍団,,世界史の窓：オスマン帝国,https://www.y-history.net/appendix/wh0803-009_1.html
大学受験世界史・重要300用語（三段階学習）,WH-000147,20,大学受験基礎,国家・王朝,オスマン帝国,おすまんていこく,オスマン朝|オスマン＝トルコ,中世〜近代,西アジア・ヨーロッパ・北アフリカ,アナトリア・バルカン半島・東地中海,13世紀末〜1922年,1299,WH-000147-R01,reverse,時期・地域,reverse,存在したのはいつ・どこ？,13世紀末に**アナトリア**で成立し、バルカン半島・西アジア・北アフリカへ拡大して、1922年まで続いた。,アナトリア|バルカン半島|西アジア|北アフリカ|1922年,,,世界史の窓：オスマン帝国,https://www.y-history.net/appendix/wh0803-009_1.html
大学受験世界史・重要300用語（三段階学習）,WH-000147,20,大学受験基礎,国家・王朝,オスマン帝国,おすまんていこく,オスマン朝|オスマン＝トルコ,中世〜近代,西アジア・ヨーロッパ・北アフリカ,アナトリア・バルカン半島・東地中海,13世紀末〜1922年,1299,WH-000147-R02,reverse,内容,reverse,何をした？,**メフメト2世**が1453年にコンスタンティノープルを征服し、**スレイマン1世**の時代に最盛期を迎えた。**イェニチェリ**を用い、宗教共同体に自治を認める**ミッレト制**で多民族・多宗教を統治した。,メフメト2世|1453年|スレイマン1世|イェニチェリ|ミッレト制,,,世界史の窓：オスマン帝国,https://www.y-history.net/appendix/wh0803-009_1.html
大学受験世界史・重要300用語（三段階学習）,WH-000147,20,大学受験基礎,国家・王朝,オスマン帝国,おすまんていこく,オスマン朝|オスマン＝トルコ,中世〜近代,西アジア・ヨーロッパ・北アフリカ,アナトリア・バルカン半島・東地中海,13世紀末〜1922年,1299,WH-000147-I01,integrated,統合説明,integrated,「オスマン帝国」について説明せよ。,13世紀末に**アナトリア**で成立し、バルカン・西アジア・北アフリカを支配した帝国。**メフメト2世**が1453年にコンスタンティノープルを征服し、**スレイマン1世**期に最盛期を迎え、**イェニチェリ**と**ミッレト制**で多民族・多宗教を統治した。,アナトリア|メフメト2世|1453年|スレイマン1世|イェニチェリ|ミッレト制,,,世界史の窓：オスマン帝国,https://www.y-history.net/appendix/wh0803-009_1.html
大学受験世界史・重要300用語（三段階学習）,WH-000148,122,大学受験基礎,制度・政策・法律,三部会,さんぶかい,,中世〜近代フランス,ヨーロッパ,フランス,1302年以降,1302,WH-000148-B01,beginner,用語の特定,identify,フランスで聖職者・貴族・平民の三身分代表から構成された身分制議会は？,三部会,三部会,,,世界史の窓：章節別用語リスト,https://www.y-history.net/appendix/appendix-list.html
大学受験世界史・重要300用語（三段階学習）,WH-000148,122,大学受験基礎,制度・政策・法律,三部会,さんぶかい,,中世〜近代フランス,ヨーロッパ,フランス,1302年以降,1302,WH-000148-B02,beginner,時期,time,三部会が成立・実施されたのはいつ頃？,1302年以降,1302年以降,,,世界史の窓：章節別用語リスト,https://www.y-history.net/appendix/appendix-list.html
大学受験世界史・重要300用語（三段階学習）,WH-000148,122,大学受験基礎,制度・政策・法律,三部会,さんぶかい,,中世〜近代フランス,ヨーロッパ,フランス,1302年以降,1302,WH-000148-B03,beginner,構成,content,三部会を構成した三身分は？,聖職者・貴族・第三身分,聖職者・貴族・第三身分,,,世界史の窓：章節別用語リスト,https://www.y-history.net/appendix/appendix-list.html
大学受験世界史・重要300用語（三段階学習）,WH-000148,122,大学受験基礎,制度・政策・法律,三部会,さんぶかい,,中世〜近代フランス,ヨーロッパ,フランス,1302年以降,1302,WH-000148-R01,reverse,内容,reverse,どんな制度・政策・法律？,1302年、**フィリップ4世**が教皇との対立で支持を得るため招集した、聖職者・貴族・第三身分の代表会議。,フィリップ4世,,,世界史の窓：章節別用語リスト,https://www.y-history.net/appendix/appendix-list.html
大学受験世界史・重要300用語（三段階学習）,WH-000148,122,大学受験基礎,制度・政策・法律,三部会,さんぶかい,,中世〜近代フランス,ヨーロッパ,フランス,1302年以降,1302,WH-000148-R02,reverse,結果・影響,reverse,どのような影響を与えた？,王権強化とともに長く開かれなくなったが、1789年の招集が**フランス革命**の開始点となった。,フランス革命,,,世界史の窓：章節別用語リスト,https://www.y-history.net/appendix/appendix-list.html
大学受験世界史・重要300用語（三段階学習）,WH-000148,122,大学受験基礎,制度・政策・法律,三部会,さんぶかい,,中世〜近代フランス,ヨーロッパ,フランス,1302年以降,1302,WH-000148-I01,integrated,統合説明,integrated,「三部会」について説明せよ。,1302年、**フィリップ4世**が教皇との対立で支持を得るため招集した、聖職者・貴族・第三身分の代表会議。 王権強化とともに長く開かれなくなったが、1789年の招集が**フランス革命**の開始点となった。,フィリップ4世|フランス革命,,,世界史の窓：章節別用語リスト,https://www.y-history.net/appendix/appendix-list.html
大学受験世界史・重要300用語（三段階学習）,WH-000149,286,大学受験標準,事件・革命,アヴィニョン捕囚,あゔぃにょんほしゅう,教皇のバビロン捕囚,中世ヨーロッパ,ヨーロッパ,ローマから南フランスのアヴィニョン,1309〜1377年,1309,WH-000149-B01,beginner,用語の特定,identify,教皇庁がローマを離れ、フランス王の影響下でアヴィニョンに置かれた時期を何という？,アヴィニョン捕囚(あゔぃにょんほしゅう),アヴィニョン捕囚,教皇のバビロン捕囚,,世界史の窓：章節別用語リスト,https://www.y-history.net/appendix/appendix-list.html
大学受験世界史・重要300用語（三段階学習）,WH-000149,286,大学受験標準,事件・革命,アヴィニョン捕囚,あゔぃにょんほしゅう,教皇のバビロン捕囚,中世ヨーロッパ,ヨーロッパ,ローマから南フランスのアヴィニョン,1309〜1377年,1309,WH-000149-B02,beginner,時期,time,アヴィニョン捕囚(あゔぃにょんほしゅう)が起きたのはいつ？,1309〜1377年,1309〜1377年,,,世界史の窓：章節別用語リスト,https://www.y-history.net/appendix/appendix-list.html
大学受験世界史・重要300用語（三段階学習）,WH-000149,286,大学受験標準,事件・革命,アヴィニョン捕囚,あゔぃにょんほしゅう,教皇のバビロン捕囚,中世ヨーロッパ,ヨーロッパ,ローマから南フランスのアヴィニョン,1309〜1377年,1309,WH-000149-B03,beginner,都市,place,教皇庁が移された都市は？,アヴィニョン,アヴィニョン,,,世界史の窓：章節別用語リスト,https://www.y-history.net/appendix/appendix-list.html
大学受験世界史・重要300用語（三段階学習）,WH-000149,286,大学受験標準,事件・革命,アヴィニョン捕囚,あゔぃにょんほしゅう,教皇のバビロン捕囚,中世ヨーロッパ,ヨーロッパ,ローマから南フランスのアヴィニョン,1309〜1377年,1309,WH-000149-R01,reverse,内容,reverse,何が起きた？,フランス王フィリップ4世の圧力後、教皇庁が1309年から南フランスの**アヴィニョン**に置かれた時期。,アヴィニョン,,,世界史の窓：章節別用語リスト,https://www.y-history.net/appendix/appendix-list.html
大学受験世界史・重要300用語（三段階学習）,WH-000149,286,大学受験標準,事件・革命,アヴィニョン捕囚,あゔぃにょんほしゅう,教皇のバビロン捕囚,中世ヨーロッパ,ヨーロッパ,ローマから南フランスのアヴィニョン,1309〜1377年,1309,WH-000149-R02,reverse,結果・影響,reverse,何につながった？,教皇がフランス王権に従属した印象を与えて権威を低下させ、帰還後の**教会大分裂**へつながった。,教会大分裂,,,世界史の窓：章節別用語リスト,https://www.y-history.net/appendix/appendix-list.html
大学受験世界史・重要300用語（三段階学習）,WH-000149,286,大学受験標準,事件・革命,アヴィニョン捕囚,あゔぃにょんほしゅう,教皇のバビロン捕囚,中世ヨーロッパ,ヨーロッパ,ローマから南フランスのアヴィニョン,1309〜1377年,1309,WH-000149-I01,integrated,統合説明,integrated,「アヴィニョン捕囚(あゔぃにょんほしゅう)」について説明せよ。,フランス王フィリップ4世の圧力後、教皇庁が1309年から南フランスの**アヴィニョン**に置かれた時期。 教皇がフランス王権に従属した印象を与えて権威を低下させ、帰還後の**教会大分裂**へつながった。,アヴィニョン|教会大分裂,,,世界史の窓：章節別用語リスト,https://www.y-history.net/appendix/appendix-list.html
大学受験世界史・重要300用語（三段階学習）,WH-000150,123,大学受験基礎,国家・王朝,アステカ王国,あすてかおうこく,,中世〜近世アメリカ,南北アメリカ,メキシコ中央高原,14世紀前半〜1521年,1325,WH-000150-B01,beginner,用語の特定,identify,テノチティトランを都にメキシコ中央高原を支配し、コルテスに征服された王国は？,アステカ王国,アステカ王国,,,世界史の窓：章節別用語リスト,https://www.y-history.net/appendix/appendix-list.html
大学受験世界史・重要300用語（三段階学習）,WH-000150,123,大学受験基礎,国家・王朝,アステカ王国,あすてかおうこく,,中世〜近世アメリカ,南北アメリカ,メキシコ中央高原,14世紀前半〜1521年,1325,WH-000150-B02,beginner,時期,time,アステカ王国が存在したのはいつ頃？,14世紀前半〜1521年,14世紀前半〜1521年,,,世界史の窓：章節別用語リスト,https://www.y-history.net/appendix/appendix-list.html
大学受験世界史・重要300用語（三段階学習）,WH-000150,123,大学受験基礎,国家・王朝,アステカ王国,あすてかおうこく,,中世〜近世アメリカ,南北アメリカ,メキシコ中央高原,14世紀前半〜1521年,1325,WH-000150-B03,beginner,都,place,アステカ王国の都は？,テノチティトラン,テノチティトラン,,,世界史の窓：章節別用語リスト,https://www.y-history.net/appendix/appendix-list.html
大学受験世界史・重要300用語（三段階学習）,WH-000150,123,大学受験基礎,国家・王朝,アステカ王国,あすてかおうこく,,中世〜近世アメリカ,南北アメリカ,メキシコ中央高原,14世紀前半〜1521年,1325,WH-000150-R01,reverse,内容,reverse,何をした？,メシカ人が湖上都市**テノチティトラン**を中心に周辺都市から貢納を集める軍事的帝国を築いた。,テノチティトラン,,,世界史の窓：章節別用語リスト,https://www.y-history.net/appendix/appendix-list.html
大学受験世界史・重要300用語（三段階学習）,WH-000150,123,大学受験基礎,国家・王朝,アステカ王国,あすてかおうこく,,中世〜近世アメリカ,南北アメリカ,メキシコ中央高原,14世紀前半〜1521年,1325,WH-000150-R02,reverse,結果・影響,reverse,どんな特徴をもち、何を残した？,1519年以降、**コルテス**が反アステカ勢力・疫病・火器を利用し、1521年に征服した。,コルテス,,,世界史の窓：章節別用語リスト,https://www.y-history.net/appendix/appendix-list.html
大学受験世界史・重要300用語（三段階学習）,WH-000150,123,大学受験基礎,国家・王朝,アステカ王国,あすてかおうこく,,中世〜近世アメリカ,南北アメリカ,メキシコ中央高原,14世紀前半〜1521年,1325,WH-000150-I01,integrated,統合説明,integrated,「アステカ王国」について説明せよ。,メシカ人が湖上都市**テノチティトラン**を中心に周辺都市から貢納を集める軍事的帝国を築いた。 1519年以降、**コルテス**が反アステカ勢力・疫病・火器を利用し、1521年に征服した。,テノチティトラン|コルテス,,,世界史の窓：章節別用語リスト,https://www.y-history.net/appendix/appendix-list.html
大学受験世界史・重要300用語（三段階学習）,WH-000151,124,大学受験基礎,戦争,百年戦争,ひゃくねんせんそう,,中世ヨーロッパ,ヨーロッパ,フランスを主戦場,1337〜1453年,1337,WH-000151-B01,beginner,用語の特定,identify,フランス王位継承と領土をめぐり、イングランドとフランスが断続的に戦った戦争は？,百年戦争,百年戦争,,,世界史の窓：章節別用語リスト,https://www.y-history.net/appendix/appendix-list.html
大学受験世界史・重要300用語（三段階学習）,WH-000151,124,大学受験基礎,戦争,百年戦争,ひゃくねんせんそう,,中世ヨーロッパ,ヨーロッパ,フランスを主戦場,1337〜1453年,1337,WH-000151-B02,beginner,時期,time,百年戦争が起きたのはいつ？,1337〜1453年,1337〜1453年,,,世界史の窓：章節別用語リスト,https://www.y-history.net/appendix/appendix-list.html
大学受験世界史・重要300用語（三段階学習）,WH-000151,124,大学受験基礎,戦争,百年戦争,ひゃくねんせんそう,,中世ヨーロッパ,ヨーロッパ,フランスを主戦場,1337〜1453年,1337,WH-000151-B03,beginner,人物,person,百年戦争でフランス軍を鼓舞した人物は？,ジャンヌ＝ダルク,ジャンヌ＝ダルク,,,世界史の窓：章節別用語リスト,https://www.y-history.net/appendix/appendix-list.html
大学受験世界史・重要300用語（三段階学習）,WH-000151,124,大学受験基礎,戦争,百年戦争,ひゃくねんせんそう,,中世ヨーロッパ,ヨーロッパ,フランスを主戦場,1337〜1453年,1337,WH-000151-R01,reverse,内容,reverse,なぜ起き、何が起きた？,フランス王位継承と英仏間の領土・毛織物市場をめぐり、**イングランド**と**フランス**が断続的に戦った。,イングランド|フランス,,,世界史の窓：章節別用語リスト,https://www.y-history.net/appendix/appendix-list.html
大学受験世界史・重要300用語（三段階学習）,WH-000151,124,大学受験基礎,戦争,百年戦争,ひゃくねんせんそう,,中世ヨーロッパ,ヨーロッパ,フランスを主戦場,1337〜1453年,1337,WH-000151-R02,reverse,結果・影響,reverse,どんな結果をもたらした？,**百年戦争**は、ジャンヌ＝ダルクの活躍後にフランスが勝利し、両国で王権と国民意識が強まり、封建騎士の軍事的地位が低下した。,百年戦争,,,世界史の窓：章節別用語リスト,https://www.y-history.net/appendix/appendix-list.html
大学受験世界史・重要300用語（三段階学習）,WH-000151,124,大学受験基礎,戦争,百年戦争,ひゃくねんせんそう,,中世ヨーロッパ,ヨーロッパ,フランスを主戦場,1337〜1453年,1337,WH-000151-I01,integrated,統合説明,integrated,「百年戦争」について説明せよ。,フランス王位継承と英仏間の領土・毛織物市場をめぐり、**イングランド**と**フランス**が断続的に戦った。 ジャンヌ＝ダルクの活躍後にフランスが勝利し、両国で王権と国民意識が強まり、封建騎士の軍事的地位が低下した。,イングランド|フランス,,,世界史の窓：章節別用語リスト,https://www.y-history.net/appendix/appendix-list.html
大学受験世界史・重要300用語（三段階学習）,WH-000152,125,大学受験基礎,事件・革命,黒死病,こくしびょう,ペスト,中世ヨーロッパ・ユーラシア,ユーラシア,中央アジアからヨーロッパ・北アフリカ,14世紀中頃,1347,WH-000152-B01,beginner,用語の特定,identify,14世紀中頃にユーラシアへ大流行し、ヨーロッパ人口を激減させた感染症は？,黒死病,黒死病,ペスト,,世界史の窓：章節別用語リスト,https://www.y-history.net/appendix/appendix-list.html
大学受験世界史・重要300用語（三段階学習）,WH-000152,125,大学受験基礎,事件・革命,黒死病,こくしびょう,ペスト,中世ヨーロッパ・ユーラシア,ユーラシア,中央アジアからヨーロッパ・北アフリカ,14世紀中頃,1347,WH-000152-B02,beginner,時期,time,黒死病が起きたのはいつ？,14世紀中頃,14世紀中頃,,,世界史の窓：章節別用語リスト,https://www.y-history.net/appendix/appendix-list.html
大学受験世界史・重要300用語（三段階学習）,WH-000152,125,大学受験基礎,事件・革命,黒死病,こくしびょう,ペスト,中世ヨーロッパ・ユーラシア,ユーラシア,中央アジアからヨーロッパ・北アフリカ,14世紀中頃,1347,WH-000152-B03,beginner,経路,relation,黒死病がヨーロッパへ広がる主要経路となったものは？,ユーラシア交易路,ユーラシア交易路,,,世界史の窓：章節別用語リスト,https://www.y-history.net/appendix/appendix-list.html
大学受験世界史・重要300用語（三段階学習）,WH-000152,125,大学受験基礎,事件・革命,黒死病,こくしびょう,ペスト,中世ヨーロッパ・ユーラシア,ユーラシア,中央アジアからヨーロッパ・北アフリカ,14世紀中頃,1347,WH-000152-R01,reverse,内容,reverse,何が起きた？,14世紀中頃、モンゴル時代の交易路と港湾を通じて**ペスト**がユーラシア各地へ広がり、ヨーロッパで人口の約3分の1が失われたとされる。,ペスト,,,世界史の窓：章節別用語リスト,https://www.y-history.net/appendix/appendix-list.html
大学受験世界史・重要300用語（三段階学習）,WH-000152,125,大学受験基礎,事件・革命,黒死病,こくしびょう,ペスト,中世ヨーロッパ・ユーラシア,ユーラシア,中央アジアからヨーロッパ・北アフリカ,14世紀中頃,1347,WH-000152-R02,reverse,結果・影響,reverse,何につながった？,**黒死病**は、労働力不足で農奴の交渉力が高まり、賃金上昇・荘園制(しょうえんせい)動揺・社会不安を引き起こした。,黒死病,,,世界史の窓：章節別用語リスト,https://www.y-history.net/appendix/appendix-list.html
大学受験世界史・重要300用語（三段階学習）,WH-000152,125,大学受験基礎,事件・革命,黒死病,こくしびょう,ペスト,中世ヨーロッパ・ユーラシア,ユーラシア,中央アジアからヨーロッパ・北アフリカ,14世紀中頃,1347,WH-000152-I01,integrated,統合説明,integrated,「黒死病」について説明せよ。,14世紀中頃、モンゴル時代の交易路と港湾を通じて**ペスト**がユーラシア各地へ広がり、ヨーロッパで人口の約3分の1が失われたとされる。 労働力不足で農奴の交渉力が高まり、賃金上昇・荘園制(しょうえんせい)動揺・社会不安を引き起こした。,ペスト,,,世界史の窓：章節別用語リスト,https://www.y-history.net/appendix/appendix-list.html
大学受験世界史・重要300用語（三段階学習）,WH-000153,35,大学受験基礎,文化・技術・学問,ルネサンス,るねさんす,文芸復興,近世,ヨーロッパ,イタリアから西ヨーロッパ各地,14世紀〜16世紀,1350,WH-000153-B01,beginner,用語の特定,identify,古代ギリシア・ローマ文化を復興し、人間を重視した14〜16世紀の文化運動は？,ルネサンス,ルネサンス,文芸復興,,世界史の窓：ルネサンス,https://www.y-history.net/appendix/wh0902-001.html
大学受験世界史・重要300用語（三段階学習）,WH-000153,35,大学受験基礎,文化・技術・学問,ルネサンス,るねさんす,文芸復興,近世,ヨーロッパ,イタリアから西ヨーロッパ各地,14世紀〜16世紀,1350,WH-000153-B02,beginner,地域,place,ルネサンスが最初に栄えた地域は？,イタリア,イタリア,イタリア諸都市,,世界史の窓：ルネサンス,https://www.y-history.net/appendix/wh0902-001.html
大学受験世界史・重要300用語（三段階学習）,WH-000153,35,大学受験基礎,文化・技術・学問,ルネサンス,るねさんす,文芸復興,近世,ヨーロッパ,イタリアから西ヨーロッパ各地,14世紀〜16世紀,1350,WH-000153-B03,beginner,思想,content,ルネサンスで、人間の価値や現世の生活を重視した考えを何という？,人文主義,人文主義,ヒューマニズム,,世界史の窓：ルネサンス,https://www.y-history.net/appendix/wh0902-001.html
大学受験世界史・重要300用語（三段階学習）,WH-000153,35,大学受験基礎,文化・技術・学問,ルネサンス,るねさんす,文芸復興,近世,ヨーロッパ,イタリアから西ヨーロッパ各地,14世紀〜16世紀,1350,WH-000153-R01,reverse,複合説明,reverse,何が起きた？,14〜16世紀、都市と交易が栄えた**イタリア**で古代ギリシア・ローマ文化を再評価する運動が起こった。**人文主義**を基礎に文学・美術・学問が発展し、北ヨーロッパにも広がって近代的な人間観を育てた。,イタリア|古代ギリシア・ローマ文化|人文主義|文学・美術・学問,,,世界史の窓：ルネサンス,https://www.y-history.net/appendix/wh0902-001.html
大学受験世界史・重要300用語（三段階学習）,WH-000153,35,大学受験基礎,文化・技術・学問,ルネサンス,るねさんす,文芸復興,近世,ヨーロッパ,イタリアから西ヨーロッパ各地,14世紀〜16世紀,1350,WH-000153-I01,integrated,統合説明,integrated,「ルネサンス」について説明せよ。,14〜16世紀、都市と交易が栄えた**イタリア**で始まった古代ギリシア・ローマ文化の復興運動。**人文主義**を基礎に文学・美術・学問が発展し、北ヨーロッパへも広がって近代的な人間観を育てた。,イタリア|古代ギリシア・ローマ文化|人文主義|文学・美術・学問,,,世界史の窓：ルネサンス,https://www.y-history.net/appendix/wh0902-001.html
大学受験世界史・重要300用語（三段階学習）,WH-000154,126,大学受験基礎,思想・主義,人文主義,じんぶんしゅぎ,ヒューマニズム,ルネサンス期,ヨーロッパ,イタリアから西ヨーロッパ,14〜16世紀,1350,WH-000154-B01,beginner,用語の特定,identify,ギリシア・ローマ古典を研究し、人間の理性や尊厳を重視したルネサンスの思想は？,人文主義,人文主義,ヒューマニズム,,世界史の窓：章節別用語リスト,https://www.y-history.net/appendix/appendix-list.html
大学受験世界史・重要300用語（三段階学習）,WH-000154,126,大学受験基礎,思想・主義,人文主義,じんぶんしゅぎ,ヒューマニズム,ルネサンス期,ヨーロッパ,イタリアから西ヨーロッパ,14〜16世紀,1350,WH-000154-B02,beginner,時期,time,人文主義が成立・発展したのはいつ頃？,14〜16世紀,14〜16世紀,,,世界史の窓：章節別用語リスト,https://www.y-history.net/appendix/appendix-list.html
大学受験世界史・重要300用語（三段階学習）,WH-000154,126,大学受験基礎,思想・主義,人文主義,じんぶんしゅぎ,ヒューマニズム,ルネサンス期,ヨーロッパ,イタリアから西ヨーロッパ,14〜16世紀,1350,WH-000154-B03,beginner,人物,person,人文主義の先駆者とされるイタリアの詩人は？,ペトラルカ,ペトラルカ,,,世界史の窓：章節別用語リスト,https://www.y-history.net/appendix/appendix-list.html
大学受験世界史・重要300用語（三段階学習）,WH-000154,126,大学受験基礎,思想・主義,人文主義,じんぶんしゅぎ,ヒューマニズム,ルネサンス期,ヨーロッパ,イタリアから西ヨーロッパ,14〜16世紀,1350,WH-000154-R01,reverse,内容,reverse,どんな考え？,古代ギリシア・ローマの文献を原典で学び、人間の理性・個性・現世生活を重視した**ルネサンス**の思想。,ルネサンス,,,世界史の窓：章節別用語リスト,https://www.y-history.net/appendix/appendix-list.html
大学受験世界史・重要300用語（三段階学習）,WH-000154,126,大学受験基礎,思想・主義,人文主義,じんぶんしゅぎ,ヒューマニズム,ルネサンス期,ヨーロッパ,イタリアから西ヨーロッパ,14〜16世紀,1350,WH-000154-R02,reverse,結果・影響,reverse,どのような影響を与えた？,**ペトラルカ**やエラスムスらにより広がり、宗教改革・教育・近代的な歴史批判へ影響した。,ペトラルカ,,,世界史の窓：章節別用語リスト,https://www.y-history.net/appendix/appendix-list.html
大学受験世界史・重要300用語（三段階学習）,WH-000154,126,大学受験基礎,思想・主義,人文主義,じんぶんしゅぎ,ヒューマニズム,ルネサンス期,ヨーロッパ,イタリアから西ヨーロッパ,14〜16世紀,1350,WH-000154-I01,integrated,統合説明,integrated,「人文主義」について説明せよ。,古代ギリシア・ローマの文献を原典で学び、人間の理性・個性・現世生活を重視した**ルネサンス**の思想。 **ペトラルカ**やエラスムスらにより広がり、宗教改革・教育・近代的な歴史批判へ影響した。,ルネサンス|ペトラルカ,,,世界史の窓：章節別用語リスト,https://www.y-history.net/appendix/appendix-list.html
大学受験世界史・重要300用語（三段階学習）,WH-000155,38,大学受験基礎,国家・王朝,明,みん,,近世,東アジア,中国,1368年〜1644年,1368,WH-000155-B01,beginner,用語の特定,identify,1368年に朱元璋(しゅげんしょう)が元を北方へ追って建国した中国王朝は？,明(みん),明,,,世界史の窓：明,https://www.y-history.net/appendix/wh0801-004.html
大学受験世界史・重要300用語（三段階学習）,WH-000155,38,大学受験基礎,国家・王朝,明,みん,,近世,東アジア,中国,1368年〜1644年,1368,WH-000155-B02,beginner,中心人物,person,明を建国して洪武帝(こうぶてい)となった人物は？,朱元璋(しゅげんしょう),朱元璋,洪武帝,,世界史の窓：明,https://www.y-history.net/appendix/wh0801-004.html
大学受験世界史・重要300用語（三段階学習）,WH-000155,38,大学受験基礎,国家・王朝,明,みん,,近世,東アジア,中国,1368年〜1644年,1368,WH-000155-B03,beginner,対外関係,person,永楽帝(えいらくてい)の命令でインド洋方面へ大航海を行った人物は？,鄭和(ていわ),鄭和,,,世界史の窓：明,https://www.y-history.net/appendix/wh0801-004.html
大学受験世界史・重要300用語（三段階学習）,WH-000155,38,大学受験基礎,国家・王朝,明,みん,,近世,東アジア,中国,1368年〜1644年,1368,WH-000155-R01,reverse,複合説明,reverse,何をした？,**朱元璋(しゅげんしょう)**が1368年に元を退けて建国し、皇帝独裁と里甲制(りこうせい)などで統治を整えた。**永楽帝(えいらくてい)**は北京(ぺきん)へ遷都し、**鄭和(ていわ)**を南海遠征に派遣した。銀を用いる税制と国際交易が発達したが、農民反乱と満洲勢力の進出で滅んだ。,朱元璋|皇帝独裁|里甲制|永楽帝|北京|鄭和|銀,,,世界史の窓：明,https://www.y-history.net/appendix/wh0801-004.html
大学受験世界史・重要300用語（三段階学習）,WH-000155,38,大学受験基礎,国家・王朝,明,みん,,近世,東アジア,中国,1368年〜1644年,1368,WH-000155-I01,integrated,統合説明,integrated,「明」について説明せよ。,1368年に**朱元璋(しゅげんしょう)**が元を退けて建国した中国王朝。皇帝独裁を強め、**永楽帝(えいらくてい)**は北京(ぺきん)へ遷都して**鄭和(ていわ)**を南海遠征に派遣した。銀を用いる税制と国際交易が発達したが、農民反乱と満洲勢力の進出で滅んだ。,朱元璋|皇帝独裁|永楽帝|北京|鄭和|銀,,,世界史の窓：明,https://www.y-history.net/appendix/wh0801-004.html
大学受験世界史・重要300用語（三段階学習）,WH-000156,127,大学受験基礎,人物,洪武帝,こうぶてい,朱元璋,明代中国,東アジア,中国,1368〜1398年,1368,WH-000156-B01,beginner,用語の特定,identify,元を北方へ追い、1368年に明を建てた皇帝は？,洪武帝(こうぶてい),洪武帝,朱元璋,,世界史の窓：章節別用語リスト,https://www.y-history.net/appendix/appendix-list.html
大学受験世界史・重要300用語（三段階学習）,WH-000156,127,大学受験基礎,人物,洪武帝,こうぶてい,朱元璋,明代中国,東アジア,中国,1368〜1398年,1368,WH-000156-B02,beginner,時期,time,洪武帝(こうぶてい)が主に活動したのはいつ頃？,1368〜1398年,1368〜1398年,,,世界史の窓：章節別用語リスト,https://www.y-history.net/appendix/appendix-list.html
大学受験世界史・重要300用語（三段階学習）,WH-000156,127,大学受験基礎,人物,洪武帝,こうぶてい,朱元璋,明代中国,東アジア,中国,1368〜1398年,1368,WH-000156-B03,beginner,本名,relation,洪武帝(こうぶてい)の本名は？,朱元璋(しゅげんしょう),朱元璋,,,世界史の窓：章節別用語リスト,https://www.y-history.net/appendix/appendix-list.html
大学受験世界史・重要300用語（三段階学習）,WH-000156,127,大学受験基礎,人物,洪武帝,こうぶてい,朱元璋,明代中国,東アジア,中国,1368〜1398年,1368,WH-000156-R01,reverse,内容,reverse,何をした？,農民反乱から台頭した**朱元璋(しゅげんしょう)**が元を北方へ追って1368年に明を建て、南京を都に皇帝権を強化した。,朱元璋,,,世界史の窓：章節別用語リスト,https://www.y-history.net/appendix/appendix-list.html
大学受験世界史・重要300用語（三段階学習）,WH-000156,127,大学受験基礎,人物,洪武帝,こうぶてい,朱元璋,明代中国,東アジア,中国,1368〜1398年,1368,WH-000156-R02,reverse,結果・影響,reverse,どのような影響を与えた？,**洪武帝(こうぶてい)**は、宰相を廃止し、里甲制(りこうせい)・衛所制(えいしょせい)を整えて農村と軍を直接把握する中央集権国家を築いた。,洪武帝,,,世界史の窓：章節別用語リスト,https://www.y-history.net/appendix/appendix-list.html
大学受験世界史・重要300用語（三段階学習）,WH-000156,127,大学受験基礎,人物,洪武帝,こうぶてい,朱元璋,明代中国,東アジア,中国,1368〜1398年,1368,WH-000156-I01,integrated,統合説明,integrated,「洪武帝(こうぶてい)」について説明せよ。,農民反乱から台頭した**朱元璋(しゅげんしょう)**が元を北方へ追って1368年に明を建て、南京を都に皇帝権を強化した。 宰相を廃止し、里甲制(りこうせい)・衛所制(えいしょせい)を整えて農村と軍を直接把握する中央集権国家を築いた。,朱元璋,,,世界史の窓：章節別用語リスト,https://www.y-history.net/appendix/appendix-list.html
大学受験世界史・重要300用語（三段階学習）,WH-000157,287,大学受験標準,国家・王朝,ティムール朝,てぃむーるちょう,,中世中央ユーラシア,中央アジア・西アジア,中央アジア・イラン,1370〜1507年,1370,WH-000157-B01,beginner,用語の特定,identify,ティムールがサマルカンドを都に建て、中央アジアと西アジアを支配した王朝は？,ティムール朝,ティムール朝,,,世界史の窓：章節別用語リスト,https://www.y-history.net/appendix/appendix-list.html
大学受験世界史・重要300用語（三段階学習）,WH-000157,287,大学受験標準,国家・王朝,ティムール朝,てぃむーるちょう,,中世中央ユーラシア,中央アジア・西アジア,中央アジア・イラン,1370〜1507年,1370,WH-000157-B02,beginner,時期,time,ティムール朝が存在したのはいつ頃？,1370〜1507年,1370〜1507年,,,世界史の窓：章節別用語リスト,https://www.y-history.net/appendix/appendix-list.html
大学受験世界史・重要300用語（三段階学習）,WH-000157,287,大学受験標準,国家・王朝,ティムール朝,てぃむーるちょう,,中世中央ユーラシア,中央アジア・西アジア,中央アジア・イラン,1370〜1507年,1370,WH-000157-B03,beginner,都,place,ティムール朝の都は？,サマルカンド,サマルカンド,,,世界史の窓：章節別用語リスト,https://www.y-history.net/appendix/appendix-list.html
大学受験世界史・重要300用語（三段階学習）,WH-000157,287,大学受験標準,国家・王朝,ティムール朝,てぃむーるちょう,,中世中央ユーラシア,中央アジア・西アジア,中央アジア・イラン,1370〜1507年,1370,WH-000157-R01,reverse,内容,reverse,何をした？,**ティムール**がチャガタイ＝ハン国領を基盤に建て、イラン・中央アジア・西アジアへ遠征した征服国家。,ティムール,,,世界史の窓：章節別用語リスト,https://www.y-history.net/appendix/appendix-list.html
大学受験世界史・重要300用語（三段階学習）,WH-000157,287,大学受験標準,国家・王朝,ティムール朝,てぃむーるちょう,,中世中央ユーラシア,中央アジア・西アジア,中央アジア・イラン,1370〜1507年,1370,WH-000157-R02,reverse,結果・影響,reverse,どんな特徴をもち、何を残した？,都**サマルカンド**ではイスラーム建築・天文学・ペルシア文学が栄え、その王族バーブルが後にムガル帝国を建てた。,サマルカンド,,,世界史の窓：章節別用語リスト,https://www.y-history.net/appendix/appendix-list.html
大学受験世界史・重要300用語（三段階学習）,WH-000157,287,大学受験標準,国家・王朝,ティムール朝,てぃむーるちょう,,中世中央ユーラシア,中央アジア・西アジア,中央アジア・イラン,1370〜1507年,1370,WH-000157-I01,integrated,統合説明,integrated,「ティムール朝」について説明せよ。,**ティムール**がチャガタイ＝ハン国領を基盤に建て、イラン・中央アジア・西アジアへ遠征した征服国家。 都**サマルカンド**ではイスラーム建築・天文学・ペルシア文学が栄え、その王族バーブルが後にムガル帝国を建てた。,ティムール|サマルカンド,,,世界史の窓：章節別用語リスト,https://www.y-history.net/appendix/appendix-list.html
大学受験世界史・重要300用語（三段階学習）,WH-000158,288,大学受験標準,事件・革命,教会大分裂,きょうかいだいぶんれつ,大シスマ,中世ヨーロッパ,ヨーロッパ,ローマ・アヴィニョン,1378〜1417年,1378,WH-000158-B01,beginner,用語の特定,identify,ローマとアヴィニョンに複数の教皇が並立した西方教会の分裂は？,教会大分裂,教会大分裂,大シスマ,,世界史の窓：章節別用語リスト,https://www.y-history.net/appendix/appendix-list.html
大学受験世界史・重要300用語（三段階学習）,WH-000158,288,大学受験標準,事件・革命,教会大分裂,きょうかいだいぶんれつ,大シスマ,中世ヨーロッパ,ヨーロッパ,ローマ・アヴィニョン,1378〜1417年,1378,WH-000158-B02,beginner,時期,time,教会大分裂が起きたのはいつ？,1378〜1417年,1378〜1417年,,,世界史の窓：章節別用語リスト,https://www.y-history.net/appendix/appendix-list.html
大学受験世界史・重要300用語（三段階学習）,WH-000158,288,大学受験標準,事件・革命,教会大分裂,きょうかいだいぶんれつ,大シスマ,中世ヨーロッパ,ヨーロッパ,ローマ・アヴィニョン,1378〜1417年,1378,WH-000158-B03,beginner,会議,relation,教会大分裂を終結させた会議は？,コンスタンツ公会議,コンスタンツ公会議,,,世界史の窓：章節別用語リスト,https://www.y-history.net/appendix/appendix-list.html
大学受験世界史・重要300用語（三段階学習）,WH-000158,288,大学受験標準,事件・革命,教会大分裂,きょうかいだいぶんれつ,大シスマ,中世ヨーロッパ,ヨーロッパ,ローマ・アヴィニョン,1378〜1417年,1378,WH-000158-R01,reverse,内容,reverse,何が起きた？,**教会大分裂**は、1378年以降、ローマとアヴィニョンに対立教皇が並立し、各国が別々の教皇を支持した西方教会の危機。,教会大分裂,,,世界史の窓：章節別用語リスト,https://www.y-history.net/appendix/appendix-list.html
大学受験世界史・重要300用語（三段階学習）,WH-000158,288,大学受験標準,事件・革命,教会大分裂,きょうかいだいぶんれつ,大シスマ,中世ヨーロッパ,ヨーロッパ,ローマ・アヴィニョン,1378〜1417年,1378,WH-000158-R02,reverse,結果・影響,reverse,何につながった？,**コンスタンツ公会議**で1417年に統一されたが、教皇権(きょうこうけん)の威信を傷つけ、宗教改革前夜の教会批判を強めた。,コンスタンツ公会議,,,世界史の窓：章節別用語リスト,https://www.y-history.net/appendix/appendix-list.html
大学受験世界史・重要300用語（三段階学習）,WH-000158,288,大学受験標準,事件・革命,教会大分裂,きょうかいだいぶんれつ,大シスマ,中世ヨーロッパ,ヨーロッパ,ローマ・アヴィニョン,1378〜1417年,1378,WH-000158-I01,integrated,統合説明,integrated,「教会大分裂」について説明せよ。,1378年以降、ローマとアヴィニョンに対立教皇が並立し、各国が別々の教皇を支持した西方教会の危機。 **コンスタンツ公会議**で1417年に統一されたが、教皇権(きょうこうけん)の威信を傷つけ、宗教改革前夜の教会批判を強めた。,コンスタンツ公会議,,,世界史の窓：章節別用語リスト,https://www.y-history.net/appendix/appendix-list.html
大学受験世界史・重要300用語（三段階学習）,WH-000159,128,大学受験基礎,国家・王朝,朝鮮王朝,ちょうせんおうちょう,李氏朝鮮|李朝,中世〜近代東アジア,東アジア,朝鮮半島,1392〜1910年,1392,WH-000159-B01,beginner,用語の特定,identify,李成桂(りせいけい)が建て、朱子学(しゅしがく)を国家理念とし、世宗(せいそう)が訓民正音(くんみんせいおん)を制定した王朝は？,朝鮮王朝,朝鮮王朝,李氏朝鮮|李朝,,世界史の窓：章節別用語リスト,https://www.y-history.net/appendix/appendix-list.html
大学受験世界史・重要300用語（三段階学習）,WH-000159,128,大学受験基礎,国家・王朝,朝鮮王朝,ちょうせんおうちょう,李氏朝鮮|李朝,中世〜近代東アジア,東アジア,朝鮮半島,1392〜1910年,1392,WH-000159-B02,beginner,時期,time,朝鮮王朝が存在したのはいつ頃？,1392〜1910年,1392〜1910年,,,世界史の窓：章節別用語リスト,https://www.y-history.net/appendix/appendix-list.html
大学受験世界史・重要300用語（三段階学習）,WH-000159,128,大学受験基礎,国家・王朝,朝鮮王朝,ちょうせんおうちょう,李氏朝鮮|李朝,中世〜近代東アジア,東アジア,朝鮮半島,1392〜1910年,1392,WH-000159-B03,beginner,建国者,person,朝鮮王朝の建国者は？,李成桂(りせいけい),李成桂,,,世界史の窓：章節別用語リスト,https://www.y-history.net/appendix/appendix-list.html
大学受験世界史・重要300用語（三段階学習）,WH-000159,128,大学受験基礎,国家・王朝,朝鮮王朝,ちょうせんおうちょう,李氏朝鮮|李朝,中世〜近代東アジア,東アジア,朝鮮半島,1392〜1910年,1392,WH-000159-R01,reverse,内容,reverse,何をした？,**李成桂(りせいけい)**が高麗(こうらい)を倒して建て、漢城(かんじょう)を都に**朱子学(しゅしがく)**を国家理念として官僚制・身分秩序を整えた。,李成桂|朱子学,,,世界史の窓：章節別用語リスト,https://www.y-history.net/appendix/appendix-list.html
大学受験世界史・重要300用語（三段階学習）,WH-000159,128,大学受験基礎,国家・王朝,朝鮮王朝,ちょうせんおうちょう,李氏朝鮮|李朝,中世〜近代東アジア,東アジア,朝鮮半島,1392〜1910年,1392,WH-000159-R02,reverse,結果・影響,reverse,どんな特徴をもち、何を残した？,世宗(せいそう)期に**訓民正音(くんみんせいおん)**が制定され、長期に朝鮮半島を統治したが、19世紀末以降の列強・日本の圧力で終焉した。,訓民正音,,,世界史の窓：章節別用語リスト,https://www.y-history.net/appendix/appendix-list.html
大学受験世界史・重要300用語（三段階学習）,WH-000159,128,大学受験基礎,国家・王朝,朝鮮王朝,ちょうせんおうちょう,李氏朝鮮|李朝,中世〜近代東アジア,東アジア,朝鮮半島,1392〜1910年,1392,WH-000159-I01,integrated,統合説明,integrated,「朝鮮王朝」について説明せよ。,**李成桂(りせいけい)**が高麗(こうらい)を倒して建て、漢城(かんじょう)を都に**朱子学(しゅしがく)**を国家理念として官僚制・身分秩序を整えた。 世宗(せいそう)期に**訓民正音(くんみんせいおん)**が制定され、長期に朝鮮半島を統治したが、19世紀末以降の列強・日本の圧力で終焉した。,李成桂|朱子学|訓民正音,,,世界史の窓：章節別用語リスト,https://www.y-history.net/appendix/appendix-list.html
大学受験世界史・重要300用語（三段階学習）,WH-000160,129,大学受験基礎,人物,永楽帝,えいらくてい,,明代中国,東アジア,中国・東南アジア・インド洋,1402〜1424年,1402,WH-000160-B01,beginner,用語の特定,identify,北京(ぺきん)へ遷都し、鄭和(ていわ)の南海遠征を行わせた明の皇帝は？,永楽帝(えいらくてい),永楽帝,,,世界史の窓：章節別用語リスト,https://www.y-history.net/appendix/appendix-list.html
大学受験世界史・重要300用語（三段階学習）,WH-000160,129,大学受験基礎,人物,永楽帝,えいらくてい,,明代中国,東アジア,中国・東南アジア・インド洋,1402〜1424年,1402,WH-000160-B02,beginner,時期,time,永楽帝(えいらくてい)が主に活動したのはいつ頃？,1402〜1424年,1402〜1424年,,,世界史の窓：章節別用語リスト,https://www.y-history.net/appendix/appendix-list.html
大学受験世界史・重要300用語（三段階学習）,WH-000160,129,大学受験基礎,人物,永楽帝,えいらくてい,,明代中国,東アジア,中国・東南アジア・インド洋,1402〜1424年,1402,WH-000160-B03,beginner,都,place,永楽帝(えいらくてい)が明の首都とした都市は？,北京(ぺきん),北京,,,世界史の窓：章節別用語リスト,https://www.y-history.net/appendix/appendix-list.html
大学受験世界史・重要300用語（三段階学習）,WH-000160,129,大学受験基礎,人物,永楽帝,えいらくてい,,明代中国,東アジア,中国・東南アジア・インド洋,1402〜1424年,1402,WH-000160-R01,reverse,内容,reverse,何をした？,靖難の変(せいなんのへん)で帝位を得て、都を南京から**北京(ぺきん)**へ移し、モンゴル遠征と大運河修復で北方支配を強化した。,北京,,,世界史の窓：章節別用語リスト,https://www.y-history.net/appendix/appendix-list.html
大学受験世界史・重要300用語（三段階学習）,WH-000160,129,大学受験基礎,人物,永楽帝,えいらくてい,,明代中国,東アジア,中国・東南アジア・インド洋,1402〜1424年,1402,WH-000160-R02,reverse,結果・影響,reverse,どのような影響を与えた？,**鄭和(ていわ)**の大航海と朝貢(ちょうこう)外交を進め、『永楽大典(えいらくたいてん)』を編纂して明の国際的威信を高めた。,鄭和,,,世界史の窓：章節別用語リスト,https://www.y-history.net/appendix/appendix-list.html
大学受験世界史・重要300用語（三段階学習）,WH-000160,129,大学受験基礎,人物,永楽帝,えいらくてい,,明代中国,東アジア,中国・東南アジア・インド洋,1402〜1424年,1402,WH-000160-I01,integrated,統合説明,integrated,「永楽帝(えいらくてい)」について説明せよ。,靖難の変(せいなんのへん)で帝位を得て、都を南京から**北京(ぺきん)**へ移し、モンゴル遠征と大運河修復で北方支配を強化した。 **鄭和(ていわ)**の大航海と朝貢(ちょうこう)外交を進め、『永楽大典(えいらくたいてん)』を編纂して明の国際的威信を高めた。,北京|鄭和,,,世界史の窓：章節別用語リスト,https://www.y-history.net/appendix/appendix-list.html
大学受験世界史・重要300用語（三段階学習）,WH-000161,130,大学受験基礎,人物,鄭和,ていわ,,明代中国,東アジア・インド洋,東南アジア・インド洋・東アフリカ,1405〜1433年,1405,WH-000161-B01,beginner,用語の特定,identify,永楽帝(えいらくてい)の命で大艦隊を率い、インド洋から東アフリカまで航海した宦官(かんがん)は？,鄭和(ていわ),鄭和,,,世界史の窓：章節別用語リスト,https://www.y-history.net/appendix/appendix-list.html
大学受験世界史・重要300用語（三段階学習）,WH-000161,130,大学受験基礎,人物,鄭和,ていわ,,明代中国,東アジア・インド洋,東南アジア・インド洋・東アフリカ,1405〜1433年,1405,WH-000161-B02,beginner,時期,time,鄭和(ていわ)が主に活動したのはいつ頃？,1405〜1433年,1405〜1433年,,,世界史の窓：章節別用語リスト,https://www.y-history.net/appendix/appendix-list.html
大学受験世界史・重要300用語（三段階学習）,WH-000161,130,大学受験基礎,人物,鄭和,ていわ,,明代中国,東アジア・インド洋,東南アジア・インド洋・東アフリカ,1405〜1433年,1405,WH-000161-B03,beginner,人物,person,鄭和(ていわ)の航海を命じた明の皇帝は？,永楽帝(えいらくてい),永楽帝,,,世界史の窓：章節別用語リスト,https://www.y-history.net/appendix/appendix-list.html
大学受験世界史・重要300用語（三段階学習）,WH-000161,130,大学受験基礎,人物,鄭和,ていわ,,明代中国,東アジア・インド洋,東南アジア・インド洋・東アフリカ,1405〜1433年,1405,WH-000161-R01,reverse,内容,reverse,何をした？,明の宦官(かんがん)として**永楽帝(えいらくてい)**の命を受け、1405年から七度にわたり東南アジア・インド・アラビア・東アフリカへ大艦隊を派遣した。,永楽帝,,,世界史の窓：章節別用語リスト,https://www.y-history.net/appendix/appendix-list.html
大学受験世界史・重要300用語（三段階学習）,WH-000161,130,大学受験基礎,人物,鄭和,ていわ,,明代中国,東アジア・インド洋,東南アジア・インド洋・東アフリカ,1405〜1433年,1405,WH-000161-R02,reverse,結果・影響,reverse,どのような影響を与えた？,**鄭和(ていわ)**は、朝貢(ちょうこう)国を増やし海上交易を活発化させたが、征服植民を目的とせず、永楽帝(えいらくてい)死後には国家航海が縮小した。,鄭和,,,世界史の窓：章節別用語リスト,https://www.y-history.net/appendix/appendix-list.html
大学受験世界史・重要300用語（三段階学習）,WH-000161,130,大学受験基礎,人物,鄭和,ていわ,,明代中国,東アジア・インド洋,東南アジア・インド洋・東アフリカ,1405〜1433年,1405,WH-000161-I01,integrated,統合説明,integrated,「鄭和(ていわ)」について説明せよ。,明の宦官(かんがん)として**永楽帝(えいらくてい)**の命を受け、1405年から七度にわたり東南アジア・インド・アラビア・東アフリカへ大艦隊を派遣した。 朝貢(ちょうこう)国を増やし海上交易を活発化させたが、征服植民を目的とせず、永楽帝(えいらくてい)死後には国家航海が縮小した。,永楽帝,,,世界史の窓：章節別用語リスト,https://www.y-history.net/appendix/appendix-list.html
大学受験世界史・重要300用語（三段階学習）,WH-000162,289,大学受験標準,人物,ジャンヌ＝ダルク,じゃんぬだるく,オルレアンの乙女,中世ヨーロッパ,ヨーロッパ,フランス,1412頃〜1431年,1429,WH-000162-B01,beginner,用語の特定,identify,百年戦争でオルレアンを解放し、シャルル7世の戴冠を助けた少女は？,ジャンヌ＝ダルク,ジャンヌ＝ダルク,オルレアンの乙女,,世界史の窓：章節別用語リスト,https://www.y-history.net/appendix/appendix-list.html
大学受験世界史・重要300用語（三段階学習）,WH-000162,289,大学受験標準,人物,ジャンヌ＝ダルク,じゃんぬだるく,オルレアンの乙女,中世ヨーロッパ,ヨーロッパ,フランス,1412頃〜1431年,1429,WH-000162-B02,beginner,時期,time,ジャンヌ＝ダルクが主に活動したのはいつ頃？,1412頃〜1431年,1412頃〜1431年,,,世界史の窓：章節別用語リスト,https://www.y-history.net/appendix/appendix-list.html
大学受験世界史・重要300用語（三段階学習）,WH-000162,289,大学受験標準,人物,ジャンヌ＝ダルク,じゃんぬだるく,オルレアンの乙女,中世ヨーロッパ,ヨーロッパ,フランス,1412頃〜1431年,1429,WH-000162-B03,beginner,都市,place,ジャンヌ＝ダルクが解放した都市は？,オルレアン,オルレアン,,,世界史の窓：章節別用語リスト,https://www.y-history.net/appendix/appendix-list.html
大学受験世界史・重要300用語（三段階学習）,WH-000162,289,大学受験標準,人物,ジャンヌ＝ダルク,じゃんぬだるく,オルレアンの乙女,中世ヨーロッパ,ヨーロッパ,フランス,1412頃〜1431年,1429,WH-000162-R01,reverse,内容,reverse,何をした？,神の声を聞いたと称してフランス軍を率い、1429年に**オルレアン**包囲を破り、シャルル7世のランス戴冠を実現した。,オルレアン,,,世界史の窓：章節別用語リスト,https://www.y-history.net/appendix/appendix-list.html
大学受験世界史・重要300用語（三段階学習）,WH-000162,289,大学受験標準,人物,ジャンヌ＝ダルク,じゃんぬだるく,オルレアンの乙女,中世ヨーロッパ,ヨーロッパ,フランス,1412頃〜1431年,1429,WH-000162-R02,reverse,結果・影響,reverse,どのような影響を与えた？,**ジャンヌ＝ダルク**は、捕らえられて異端として火刑にされたが、フランス側の士気と国民意識を高め、百年戦争の逆転へ貢献した。,ジャンヌ＝ダルク,,,世界史の窓：章節別用語リスト,https://www.y-history.net/appendix/appendix-list.html
大学受験世界史・重要300用語（三段階学習）,WH-000162,289,大学受験標準,人物,ジャンヌ＝ダルク,じゃんぬだるく,オルレアンの乙女,中世ヨーロッパ,ヨーロッパ,フランス,1412頃〜1431年,1429,WH-000162-I01,integrated,統合説明,integrated,「ジャンヌ＝ダルク」について説明せよ。,神の声を聞いたと称してフランス軍を率い、1429年に**オルレアン**包囲を破り、シャルル7世のランス戴冠を実現した。 捕らえられて異端として火刑にされたが、フランス側の士気と国民意識を高め、百年戦争の逆転へ貢献した。,オルレアン,,,世界史の窓：章節別用語リスト,https://www.y-history.net/appendix/appendix-list.html
大学受験世界史・重要300用語（三段階学習）,WH-000163,131,大学受験基礎,国家・王朝,インカ帝国,いんかていこく,,中世〜近世アメリカ,南北アメリカ,アンデス高地,15世紀〜1533年,1438,WH-000163-B01,beginner,用語の特定,identify,クスコを都にアンデス高地を道路網とミタ制で支配し、ピサロに征服された帝国は？,インカ帝国,インカ帝国,,,世界史の窓：章節別用語リスト,https://www.y-history.net/appendix/appendix-list.html
大学受験世界史・重要300用語（三段階学習）,WH-000163,131,大学受験基礎,国家・王朝,インカ帝国,いんかていこく,,中世〜近世アメリカ,南北アメリカ,アンデス高地,15世紀〜1533年,1438,WH-000163-B02,beginner,時期,time,インカ帝国が存在したのはいつ頃？,15世紀〜1533年,15世紀〜1533年,,,世界史の窓：章節別用語リスト,https://www.y-history.net/appendix/appendix-list.html
大学受験世界史・重要300用語（三段階学習）,WH-000163,131,大学受験基礎,国家・王朝,インカ帝国,いんかていこく,,中世〜近世アメリカ,南北アメリカ,アンデス高地,15世紀〜1533年,1438,WH-000163-B03,beginner,都,place,インカ帝国の都は？,クスコ,クスコ,,,世界史の窓：章節別用語リスト,https://www.y-history.net/appendix/appendix-list.html
大学受験世界史・重要300用語（三段階学習）,WH-000163,131,大学受験基礎,国家・王朝,インカ帝国,いんかていこく,,中世〜近世アメリカ,南北アメリカ,アンデス高地,15世紀〜1533年,1438,WH-000163-R01,reverse,内容,reverse,何をした？,**クスコ**を都にアンデス高地を広域統一し、道路・宿駅・段々畑・労役の**ミタ制**で統治した帝国。,クスコ|ミタ制,,,世界史の窓：章節別用語リスト,https://www.y-history.net/appendix/appendix-list.html
大学受験世界史・重要300用語（三段階学習）,WH-000163,131,大学受験基礎,国家・王朝,インカ帝国,いんかていこく,,中世〜近世アメリカ,南北アメリカ,アンデス高地,15世紀〜1533年,1438,WH-000163-R02,reverse,結果・影響,reverse,どんな特徴をもち、何を残した？,文字を持たずキープで情報を記録したが、内戦と疫病の中で**ピサロ**に捕らえられ、1530年代に征服された。,ピサロ,,,世界史の窓：章節別用語リスト,https://www.y-history.net/appendix/appendix-list.html
大学受験世界史・重要300用語（三段階学習）,WH-000163,131,大学受験基礎,国家・王朝,インカ帝国,いんかていこく,,中世〜近世アメリカ,南北アメリカ,アンデス高地,15世紀〜1533年,1438,WH-000163-I01,integrated,統合説明,integrated,「インカ帝国」について説明せよ。,**クスコ**を都にアンデス高地を広域統一し、道路・宿駅・段々畑・労役の**ミタ制**で統治した帝国。 文字を持たずキープで情報を記録したが、内戦と疫病の中で**ピサロ**に捕らえられ、1530年代に征服された。,クスコ|ミタ制|ピサロ,,,世界史の窓：章節別用語リスト,https://www.y-history.net/appendix/appendix-list.html
大学受験世界史・重要300用語（三段階学習）,WH-000164,132,大学受験基礎,文化・技術・学問,活版印刷,かっぱんいんさつ,,近世ヨーロッパ成立期,ヨーロッパ,ドイツからヨーロッパ各地,15世紀中頃以降,1450,WH-000164-B01,beginner,用語の特定,identify,グーテンベルクが金属活字と印刷機を組み合わせて普及させた技術は？,活版印刷,活版印刷,,,世界史の窓：章節別用語リスト,https://www.y-history.net/appendix/appendix-list.html
大学受験世界史・重要300用語（三段階学習）,WH-000164,132,大学受験基礎,文化・技術・学問,活版印刷,かっぱんいんさつ,,近世ヨーロッパ成立期,ヨーロッパ,ドイツからヨーロッパ各地,15世紀中頃以降,1450,WH-000164-B02,beginner,時期,time,活版印刷が歴史上重要になるのはいつ頃？,15世紀中頃以降,15世紀中頃以降,,,世界史の窓：章節別用語リスト,https://www.y-history.net/appendix/appendix-list.html
大学受験世界史・重要300用語（三段階学習）,WH-000164,132,大学受験基礎,文化・技術・学問,活版印刷,かっぱんいんさつ,,近世ヨーロッパ成立期,ヨーロッパ,ドイツからヨーロッパ各地,15世紀中頃以降,1450,WH-000164-B03,beginner,人物,person,ヨーロッパで活版印刷を実用化した人物は？,グーテンベルク,グーテンベルク,,,世界史の窓：章節別用語リスト,https://www.y-history.net/appendix/appendix-list.html
大学受験世界史・重要300用語（三段階学習）,WH-000164,132,大学受験基礎,文化・技術・学問,活版印刷,かっぱんいんさつ,,近世ヨーロッパ成立期,ヨーロッパ,ドイツからヨーロッパ各地,15世紀中頃以降,1450,WH-000164-R01,reverse,内容,reverse,どんな文化・技術・学問？,15世紀中頃、**グーテンベルク**が金属活字・油性インク・圧搾機を組み合わせ、大量で比較的安価な印刷を可能にした。,グーテンベルク,,,世界史の窓：章節別用語リスト,https://www.y-history.net/appendix/appendix-list.html
大学受験世界史・重要300用語（三段階学習）,WH-000164,132,大学受験基礎,文化・技術・学問,活版印刷,かっぱんいんさつ,,近世ヨーロッパ成立期,ヨーロッパ,ドイツからヨーロッパ各地,15世紀中頃以降,1450,WH-000164-R02,reverse,結果・影響,reverse,どのような影響を与えた？,聖書・古典・パンフレットの流通を急増させ、識字・ルネサンス・**宗教改革**・科学知識の普及を加速した。,宗教改革,,,世界史の窓：章節別用語リスト,https://www.y-history.net/appendix/appendix-list.html
大学受験世界史・重要300用語（三段階学習）,WH-000164,132,大学受験基礎,文化・技術・学問,活版印刷,かっぱんいんさつ,,近世ヨーロッパ成立期,ヨーロッパ,ドイツからヨーロッパ各地,15世紀中頃以降,1450,WH-000164-I01,integrated,統合説明,integrated,「活版印刷」について説明せよ。,15世紀中頃、**グーテンベルク**が金属活字・油性インク・圧搾機を組み合わせ、大量で比較的安価な印刷を可能にした。 聖書・古典・パンフレットの流通を急増させ、識字・ルネサンス・**宗教改革**・科学知識の普及を加速した。,グーテンベルク|宗教改革,,,世界史の窓：章節別用語リスト,https://www.y-history.net/appendix/appendix-list.html
大学受験世界史・重要300用語（三段階学習）,WH-000165,300,大学受験発展,国家・王朝,モノモタパ王国,ものもたぱおうこく,,中世〜近世アフリカ,アフリカ,南部アフリカ・ザンベジ川流域,15〜17世紀に繁栄,1450,WH-000165-B01,beginner,用語の特定,identify,グレート＝ジンバブエの文化を継ぎ、金交易で繁栄した南部アフリカの王国は？,モノモタパ王国,モノモタパ王国,,,世界史の窓：章節別用語リスト,https://www.y-history.net/appendix/appendix-list.html
大学受験世界史・重要300用語（三段階学習）,WH-000165,300,大学受験発展,国家・王朝,モノモタパ王国,ものもたぱおうこく,,中世〜近世アフリカ,アフリカ,南部アフリカ・ザンベジ川流域,15〜17世紀に繁栄,1450,WH-000165-B02,beginner,時期,time,モノモタパ王国が存在したのはいつ頃？,15〜17世紀に繁栄,15〜17世紀に繁栄,,,世界史の窓：章節別用語リスト,https://www.y-history.net/appendix/appendix-list.html
大学受験世界史・重要300用語（三段階学習）,WH-000165,300,大学受験発展,国家・王朝,モノモタパ王国,ものもたぱおうこく,,中世〜近世アフリカ,アフリカ,南部アフリカ・ザンベジ川流域,15〜17世紀に繁栄,1450,WH-000165-B03,beginner,交易品,content,モノモタパ王国の主要輸出品は？,金,金,,,世界史の窓：章節別用語リスト,https://www.y-history.net/appendix/appendix-list.html
大学受験世界史・重要300用語（三段階学習）,WH-000165,300,大学受験発展,国家・王朝,モノモタパ王国,ものもたぱおうこく,,中世〜近世アフリカ,アフリカ,南部アフリカ・ザンベジ川流域,15〜17世紀に繁栄,1450,WH-000165-R01,reverse,内容,reverse,何をした？,ザンベジ川流域でショナ人が築き、**金**と象牙を東アフリカ沿岸の商人へ輸出して繁栄した王国。,金,,,世界史の窓：章節別用語リスト,https://www.y-history.net/appendix/appendix-list.html
大学受験世界史・重要300用語（三段階学習）,WH-000165,300,大学受験発展,国家・王朝,モノモタパ王国,ものもたぱおうこく,,中世〜近世アフリカ,アフリカ,南部アフリカ・ザンベジ川流域,15〜17世紀に繁栄,1450,WH-000165-R02,reverse,結果・影響,reverse,どんな特徴をもち、何を残した？,**モノモタパ王国**は、グレート＝ジンバブエの石造文化を継承し、16世紀以降はポルトガルの介入を受けて衰退した。,モノモタパ王国,,,世界史の窓：章節別用語リスト,https://www.y-history.net/appendix/appendix-list.html
大学受験世界史・重要300用語（三段階学習）,WH-000165,300,大学受験発展,国家・王朝,モノモタパ王国,ものもたぱおうこく,,中世〜近世アフリカ,アフリカ,南部アフリカ・ザンベジ川流域,15〜17世紀に繁栄,1450,WH-000165-I01,integrated,統合説明,integrated,「モノモタパ王国」について説明せよ。,ザンベジ川流域でショナ人が築き、**金**と象牙を東アフリカ沿岸の商人へ輸出して繁栄した王国。 グレート＝ジンバブエの石造文化を継承し、16世紀以降はポルトガルの介入を受けて衰退した。,金,,,世界史の窓：章節別用語リスト,https://www.y-history.net/appendix/appendix-list.html
大学受験世界史・重要300用語（三段階学習）,WH-000166,133,大学受験基礎,人物,メフメト2世,めふめとにせい,征服王メフメト,オスマン帝国,西アジア・ヨーロッパ,バルカン半島・小アジア,1451〜1481年,1453,WH-000166-B01,beginner,用語の特定,identify,1453年にコンスタンティノープルを征服してビザンツ帝国を滅ぼしたオスマン皇帝は？,メフメト2世,メフメト2世,征服王メフメト,,世界史の窓：章節別用語リスト,https://www.y-history.net/appendix/appendix-list.html
大学受験世界史・重要300用語（三段階学習）,WH-000166,133,大学受験基礎,人物,メフメト2世,めふめとにせい,征服王メフメト,オスマン帝国,西アジア・ヨーロッパ,バルカン半島・小アジア,1451〜1481年,1453,WH-000166-B02,beginner,時期,time,メフメト2世が主に活動したのはいつ頃？,1451〜1481年,1451〜1481年,,,世界史の窓：章節別用語リスト,https://www.y-history.net/appendix/appendix-list.html
大学受験世界史・重要300用語（三段階学習）,WH-000166,133,大学受験基礎,人物,メフメト2世,めふめとにせい,征服王メフメト,オスマン帝国,西アジア・ヨーロッパ,バルカン半島・小アジア,1451〜1481年,1453,WH-000166-B03,beginner,都市,place,メフメト2世が1453年に征服した都市は？,コンスタンティノープル,コンスタンティノープル,,,世界史の窓：章節別用語リスト,https://www.y-history.net/appendix/appendix-list.html
大学受験世界史・重要300用語（三段階学習）,WH-000166,133,大学受験基礎,人物,メフメト2世,めふめとにせい,征服王メフメト,オスマン帝国,西アジア・ヨーロッパ,バルカン半島・小アジア,1451〜1481年,1453,WH-000166-R01,reverse,内容,reverse,何をした？,大砲と海陸封鎖を用いて1453年に**コンスタンティノープル**を征服し、ビザンツ帝国を滅ぼした。,コンスタンティノープル,,,世界史の窓：章節別用語リスト,https://www.y-history.net/appendix/appendix-list.html
大学受験世界史・重要300用語（三段階学習）,WH-000166,133,大学受験基礎,人物,メフメト2世,めふめとにせい,征服王メフメト,オスマン帝国,西アジア・ヨーロッパ,バルカン半島・小アジア,1451〜1481年,1453,WH-000166-R02,reverse,結果・影響,reverse,どのような影響を与えた？,**メフメト2世**は、同市をイスタンブルとして帝都化し、オスマン帝国をバルカン・東地中海の大国へ成長させた。,メフメト2世,,,世界史の窓：章節別用語リスト,https://www.y-history.net/appendix/appendix-list.html
大学受験世界史・重要300用語（三段階学習）,WH-000166,133,大学受験基礎,人物,メフメト2世,めふめとにせい,征服王メフメト,オスマン帝国,西アジア・ヨーロッパ,バルカン半島・小アジア,1451〜1481年,1453,WH-000166-I01,integrated,統合説明,integrated,「メフメト2世」について説明せよ。,大砲と海陸封鎖を用いて1453年に**コンスタンティノープル**を征服し、ビザンツ帝国を滅ぼした。 同市をイスタンブルとして帝都化し、オスマン帝国をバルカン・東地中海の大国へ成長させた。,コンスタンティノープル,,,世界史の窓：章節別用語リスト,https://www.y-history.net/appendix/appendix-list.html
大学受験世界史・重要300用語（三段階学習）,WH-000167,290,大学受験標準,制度・政策・法律,ミッレト制,みっれとせい,,オスマン帝国,西アジア・ヨーロッパ,オスマン帝国内,15〜19世紀,1453,WH-000167-B01,beginner,用語の特定,identify,オスマン帝国で宗教共同体ごとに信仰・教育・婚姻などの自治を認めた制度は？,ミッレト制,ミッレト制,,,世界史の窓：章節別用語リスト,https://www.y-history.net/appendix/appendix-list.html
大学受験世界史・重要300用語（三段階学習）,WH-000167,290,大学受験標準,制度・政策・法律,ミッレト制,みっれとせい,,オスマン帝国,西アジア・ヨーロッパ,オスマン帝国内,15〜19世紀,1453,WH-000167-B02,beginner,時期,time,ミッレト制が成立・実施されたのはいつ頃？,15〜19世紀,15〜19世紀,,,世界史の窓：章節別用語リスト,https://www.y-history.net/appendix/appendix-list.html
大学受験世界史・重要300用語（三段階学習）,WH-000167,290,大学受験標準,制度・政策・法律,ミッレト制,みっれとせい,,オスマン帝国,西アジア・ヨーロッパ,オスマン帝国内,15〜19世紀,1453,WH-000167-B03,beginner,基準,content,ミッレトは何を基準に組織された共同体？,宗教,宗教,,,世界史の窓：章節別用語リスト,https://www.y-history.net/appendix/appendix-list.html
大学受験世界史・重要300用語（三段階学習）,WH-000167,290,大学受験標準,制度・政策・法律,ミッレト制,みっれとせい,,オスマン帝国,西アジア・ヨーロッパ,オスマン帝国内,15〜19世紀,1453,WH-000167-R01,reverse,内容,reverse,どんな制度・政策・法律？,オスマン帝国がキリスト教徒・ユダヤ教徒などを**宗教共同体**に編成し、宗教指導者のもとで礼拝・教育・家族法などの自治を認めた制度。,宗教共同体,,,世界史の窓：章節別用語リスト,https://www.y-history.net/appendix/appendix-list.html
大学受験世界史・重要300用語（三段階学習）,WH-000167,290,大学受験標準,制度・政策・法律,ミッレト制,みっれとせい,,オスマン帝国,西アジア・ヨーロッパ,オスマン帝国内,15〜19世紀,1453,WH-000167-R02,reverse,結果・影響,reverse,どのような影響を与えた？,**ミッレト制**は、異教徒へ人頭税を課しつつ多民族・多宗教帝国を比較的柔軟に統治する仕組みとなった。,ミッレト制,,,世界史の窓：章節別用語リスト,https://www.y-history.net/appendix/appendix-list.html
大学受験世界史・重要300用語（三段階学習）,WH-000167,290,大学受験標準,制度・政策・法律,ミッレト制,みっれとせい,,オスマン帝国,西アジア・ヨーロッパ,オスマン帝国内,15〜19世紀,1453,WH-000167-I01,integrated,統合説明,integrated,「ミッレト制」について説明せよ。,オスマン帝国がキリスト教徒・ユダヤ教徒などを**宗教共同体**に編成し、宗教指導者のもとで礼拝・教育・家族法などの自治を認めた制度。 異教徒へ人頭税を課しつつ多民族・多宗教帝国を比較的柔軟に統治する仕組みとなった。,宗教共同体,,,世界史の窓：章節別用語リスト,https://www.y-history.net/appendix/appendix-list.html
大学受験世界史・重要300用語（三段階学習）,WH-000168,291,大学受験標準,戦争,薔薇戦争,ばらせんそう,,中世ヨーロッパ,ヨーロッパ,イングランド,1455〜1485年,1455,WH-000168-B01,beginner,用語の特定,identify,ランカスター家とヨーク家が王位を争ったイングランドの内戦は？,薔薇戦争(ばらせんそう),薔薇戦争,,,世界史の窓：章節別用語リスト,https://www.y-history.net/appendix/appendix-list.html
大学受験世界史・重要300用語（三段階学習）,WH-000168,291,大学受験標準,戦争,薔薇戦争,ばらせんそう,,中世ヨーロッパ,ヨーロッパ,イングランド,1455〜1485年,1455,WH-000168-B02,beginner,時期,time,薔薇戦争(ばらせんそう)が起きたのはいつ？,1455〜1485年,1455〜1485年,,,世界史の窓：章節別用語リスト,https://www.y-history.net/appendix/appendix-list.html
大学受験世界史・重要300用語（三段階学習）,WH-000168,291,大学受験標準,戦争,薔薇戦争,ばらせんそう,,中世ヨーロッパ,ヨーロッパ,イングランド,1455〜1485年,1455,WH-000168-B03,beginner,王朝,result,薔薇戦争(ばらせんそう)後に成立した王朝は？,テューダー朝,テューダー朝,,,世界史の窓：章節別用語リスト,https://www.y-history.net/appendix/appendix-list.html
大学受験世界史・重要300用語（三段階学習）,WH-000168,291,大学受験標準,戦争,薔薇戦争,ばらせんそう,,中世ヨーロッパ,ヨーロッパ,イングランド,1455〜1485年,1455,WH-000168-R01,reverse,内容,reverse,なぜ起き、何が起きた？,百年戦争後、赤薔薇の**ランカスター家**と白薔薇の**ヨーク家**が王位をめぐって争った内戦。,ランカスター家|ヨーク家,,,世界史の窓：章節別用語リスト,https://www.y-history.net/appendix/appendix-list.html
大学受験世界史・重要300用語（三段階学習）,WH-000168,291,大学受験標準,戦争,薔薇戦争,ばらせんそう,,中世ヨーロッパ,ヨーロッパ,イングランド,1455〜1485年,1455,WH-000168-R02,reverse,結果・影響,reverse,どんな結果をもたらした？,貴族勢力が消耗し、1485年にヘンリ7世が**テューダー朝**を開いて王権強化を進めた。,テューダー朝,,,世界史の窓：章節別用語リスト,https://www.y-history.net/appendix/appendix-list.html
大学受験世界史・重要300用語（三段階学習）,WH-000168,291,大学受験標準,戦争,薔薇戦争,ばらせんそう,,中世ヨーロッパ,ヨーロッパ,イングランド,1455〜1485年,1455,WH-000168-I01,integrated,統合説明,integrated,「薔薇戦争(ばらせんそう)」について説明せよ。,百年戦争後、赤薔薇の**ランカスター家**と白薔薇の**ヨーク家**が王位をめぐって争った内戦。 貴族勢力が消耗し、1485年にヘンリ7世が**テューダー朝**を開いて王権強化を進めた。,ランカスター家|ヨーク家|テューダー朝,,,世界史の窓：章節別用語リスト,https://www.y-history.net/appendix/appendix-list.html
大学受験世界史・重要300用語（三段階学習）,WH-000169,292,大学受験標準,国家・王朝,ソンガイ王国,そんがいおうこく,,中世〜近世アフリカ,アフリカ,西アフリカ・ニジェール川中流域,15〜16世紀,1464,WH-000169-B01,beginner,用語の特定,identify,マリ王国衰退後、ガオを都にニジェール川交易を支配した王国は？,ソンガイ王国,ソンガイ王国,,,世界史の窓：章節別用語リスト,https://www.y-history.net/appendix/appendix-list.html
大学受験世界史・重要300用語（三段階学習）,WH-000169,292,大学受験標準,国家・王朝,ソンガイ王国,そんがいおうこく,,中世〜近世アフリカ,アフリカ,西アフリカ・ニジェール川中流域,15〜16世紀,1464,WH-000169-B02,beginner,時期,time,ソンガイ王国が存在したのはいつ頃？,15〜16世紀,15〜16世紀,,,世界史の窓：章節別用語リスト,https://www.y-history.net/appendix/appendix-list.html
大学受験世界史・重要300用語（三段階学習）,WH-000169,292,大学受験標準,国家・王朝,ソンガイ王国,そんがいおうこく,,中世〜近世アフリカ,アフリカ,西アフリカ・ニジェール川中流域,15〜16世紀,1464,WH-000169-B03,beginner,都,place,ソンガイ王国の都は？,ガオ,ガオ,,,世界史の窓：章節別用語リスト,https://www.y-history.net/appendix/appendix-list.html
大学受験世界史・重要300用語（三段階学習）,WH-000169,292,大学受験標準,国家・王朝,ソンガイ王国,そんがいおうこく,,中世〜近世アフリカ,アフリカ,西アフリカ・ニジェール川中流域,15〜16世紀,1464,WH-000169-R01,reverse,内容,reverse,何をした？,マリ王国の衰退後、**ガオ**を中心にニジェール川流域とサハラ交易路を支配し、アスキア＝ムハンマド期に繁栄した。,ガオ,,,世界史の窓：章節別用語リスト,https://www.y-history.net/appendix/appendix-list.html
大学受験世界史・重要300用語（三段階学習）,WH-000169,292,大学受験標準,国家・王朝,ソンガイ王国,そんがいおうこく,,中世〜近世アフリカ,アフリカ,西アフリカ・ニジェール川中流域,15〜16世紀,1464,WH-000169-R02,reverse,結果・影響,reverse,どんな特徴をもち、何を残した？,**ソンガイ王国**は、トンブクトゥの学問を保護したが、1591年にモロッコ軍の火器攻撃を受けて崩壊した。,ソンガイ王国,,,世界史の窓：章節別用語リスト,https://www.y-history.net/appendix/appendix-list.html
大学受験世界史・重要300用語（三段階学習）,WH-000169,292,大学受験標準,国家・王朝,ソンガイ王国,そんがいおうこく,,中世〜近世アフリカ,アフリカ,西アフリカ・ニジェール川中流域,15〜16世紀,1464,WH-000169-I01,integrated,統合説明,integrated,「ソンガイ王国」について説明せよ。,マリ王国の衰退後、**ガオ**を中心にニジェール川流域とサハラ交易路を支配し、アスキア＝ムハンマド期に繁栄した。 トンブクトゥの学問を保護したが、1591年にモロッコ軍の火器攻撃を受けて崩壊した。,ガオ,,,世界史の窓：章節別用語リスト,https://www.y-history.net/appendix/appendix-list.html
大学受験世界史・重要300用語（三段階学習）,WH-000170,293,大学受験標準,人物,レオナルド＝ダ＝ヴィンチ,れおなるどだゔぃんち,,ルネサンス期,ヨーロッパ,イタリア,1452〜1519年,1480,WH-000170-B01,beginner,用語の特定,identify,『モナ＝リザ』『最後の晩餐』を描き、解剖・工学も研究したルネサンスの万能人は？,レオナルド＝ダ＝ヴィンチ,レオナルド＝ダ＝ヴィンチ,,,世界史の窓：章節別用語リスト,https://www.y-history.net/appendix/appendix-list.html
大学受験世界史・重要300用語（三段階学習）,WH-000170,293,大学受験標準,人物,レオナルド＝ダ＝ヴィンチ,れおなるどだゔぃんち,,ルネサンス期,ヨーロッパ,イタリア,1452〜1519年,1480,WH-000170-B02,beginner,時期,time,レオナルド＝ダ＝ヴィンチが主に活動したのはいつ頃？,1452〜1519年,1452〜1519年,,,世界史の窓：章節別用語リスト,https://www.y-history.net/appendix/appendix-list.html
大学受験世界史・重要300用語（三段階学習）,WH-000170,293,大学受験標準,人物,レオナルド＝ダ＝ヴィンチ,れおなるどだゔぃんち,,ルネサンス期,ヨーロッパ,イタリア,1452〜1519年,1480,WH-000170-B03,beginner,作品,content,レオナルド＝ダ＝ヴィンチの代表作を一つ答えよ。,モナ＝リザ,モナ＝リザ,,,世界史の窓：章節別用語リスト,https://www.y-history.net/appendix/appendix-list.html
大学受験世界史・重要300用語（三段階学習）,WH-000170,293,大学受験標準,人物,レオナルド＝ダ＝ヴィンチ,れおなるどだゔぃんち,,ルネサンス期,ヨーロッパ,イタリア,1452〜1519年,1480,WH-000170-R01,reverse,内容,reverse,何をした？,絵画・彫刻・建築・解剖・工学などを横断した「**万能人**」で、『モナ＝リザ』『最後の晩餐』を制作した。,万能人,,,世界史の窓：章節別用語リスト,https://www.y-history.net/appendix/appendix-list.html
大学受験世界史・重要300用語（三段階学習）,WH-000170,293,大学受験標準,人物,レオナルド＝ダ＝ヴィンチ,れおなるどだゔぃんち,,ルネサンス期,ヨーロッパ,イタリア,1452〜1519年,1480,WH-000170-R02,reverse,結果・影響,reverse,どのような影響を与えた？,**レオナルド＝ダ＝ヴィンチ**は、観察と実験を重視する姿勢は、ルネサンスの人間中心主義と後の科学的探究を象徴した。,レオナルド＝ダ＝ヴィンチ,,,世界史の窓：章節別用語リスト,https://www.y-history.net/appendix/appendix-list.html
大学受験世界史・重要300用語（三段階学習）,WH-000170,293,大学受験標準,人物,レオナルド＝ダ＝ヴィンチ,れおなるどだゔぃんち,,ルネサンス期,ヨーロッパ,イタリア,1452〜1519年,1480,WH-000170-I01,integrated,統合説明,integrated,「レオナルド＝ダ＝ヴィンチ」について説明せよ。,絵画・彫刻・建築・解剖・工学などを横断した「**万能人**」で、『モナ＝リザ』『最後の晩餐』を制作した。 観察と実験を重視する姿勢は、ルネサンスの人間中心主義と後の科学的探究を象徴した。,万能人,,,世界史の窓：章節別用語リスト,https://www.y-history.net/appendix/appendix-list.html
大学受験世界史・重要300用語（三段階学習）,WH-000171,6,大学受験基礎,時代・歴史区分,大航海時代,だいこうかいじだい,地理上の発見,近世,世界,大西洋・インド洋・アメリカ大陸,15世紀末〜17世紀,1492,WH-000171-B01,beginner,用語の特定,identify,15世紀末以降、ヨーロッパ人が新航路を開き、世界規模の海上進出を行った時代は？,大航海時代,大航海時代,地理上の発見,,世界史の窓：大航海時代,https://www.y-history.net/appendix/wh0901-001.html
大学受験世界史・重要300用語（三段階学習）,WH-000171,6,大学受験基礎,時代・歴史区分,大航海時代,だいこうかいじだい,地理上の発見,近世,世界,大西洋・インド洋・アメリカ大陸,15世紀末〜17世紀,1492,WH-000171-B02,beginner,中心人物,person,1492年に大西洋を横断してカリブ海の島に到達した航海者は？,コロンブス,コロンブス,クリストファー＝コロンブス,,世界史の窓：大航海時代,https://www.y-history.net/appendix/wh0901-001.html
大学受験世界史・重要300用語（三段階学習）,WH-000171,6,大学受験基礎,時代・歴史区分,大航海時代,だいこうかいじだい,地理上の発見,近世,世界,大西洋・インド洋・アメリカ大陸,15世紀末〜17世紀,1492,WH-000171-B03,beginner,中心人物,person,喜望峰を回って1498年にインドのカリカットへ到達した航海者は？,ヴァスコ＝ダ＝ガマ,ヴァスコ＝ダ＝ガマ,バスコ＝ダ＝ガマ|ヴァスコ・ダ・ガマ,,世界史の窓：大航海時代,https://www.y-history.net/appendix/wh0901-001.html
大学受験世界史・重要300用語（三段階学習）,WH-000171,6,大学受験基礎,時代・歴史区分,大航海時代,だいこうかいじだい,地理上の発見,近世,世界,大西洋・インド洋・アメリカ大陸,15世紀末〜17世紀,1492,WH-000171-R01,reverse,時期・主体,reverse,進展したのはいつ頃・どの国々？,15世紀末から17世紀にかけて、まず**ポルトガル**と**スペイン**が主導し、後にオランダ・イギリス・フランスも進出した。,15世紀末〜17世紀|ポルトガル|スペイン|オランダ|イギリス|フランス,,,世界史の窓：大航海時代,https://www.y-history.net/appendix/wh0901-001.html
大学受験世界史・重要300用語（三段階学習）,WH-000171,6,大学受験基礎,時代・歴史区分,大航海時代,だいこうかいじだい,地理上の発見,近世,世界,大西洋・インド洋・アメリカ大陸,15世紀末〜17世紀,1492,WH-000171-R02,reverse,原因・結果,reverse,なぜ始まり、世界をどう変えた？,香辛料などを直接得る新航路、キリスト教布教、富を求め、航海・造船技術を利用して進出した。アメリカ大陸の征服と植民地化、**コロンブス交換**、大西洋貿易を生み、世界の諸地域を一つの交易圏へ結びつけた。,新航路|香辛料|航海・造船技術|植民地化|コロンブス交換|大西洋貿易,,,世界史の窓：大航海時代,https://www.y-history.net/appendix/wh0901-001.html
大学受験世界史・重要300用語（三段階学習）,WH-000171,6,大学受験基礎,時代・歴史区分,大航海時代,だいこうかいじだい,地理上の発見,近世,世界,大西洋・インド洋・アメリカ大陸,15世紀末〜17世紀,1492,WH-000171-I01,integrated,統合説明,integrated,「大航海時代」について説明せよ。,15世紀末から17世紀、**ポルトガル**・**スペイン**を先頭にヨーロッパ諸国が香辛料・布教・富を求めて新航路を開いた時代。アメリカ大陸の征服・植民地化、**コロンブス交換**、大西洋貿易を生み、世界を一つの交易圏へ結びつけた。,ポルトガル|スペイン|新航路|香辛料|植民地化|コロンブス交換|大西洋貿易,,,世界史の窓：大航海時代,https://www.y-history.net/appendix/wh0901-001.html
大学受験世界史・重要300用語（三段階学習）,WH-000172,134,大学受験基礎,人物,コロンブス,ころんぶす,クリストファー＝コロンブス,大航海時代,ヨーロッパ・南北アメリカ,大西洋・カリブ海,1451頃〜1506年,1492,WH-000172-B01,beginner,用語の特定,identify,スペイン王室の援助で1492年に大西洋を横断し、カリブ海諸島へ到達した航海者は？,コロンブス,コロンブス,クリストファー＝コロンブス,,世界史の窓：章節別用語リスト,https://www.y-history.net/appendix/appendix-list.html
大学受験世界史・重要300用語（三段階学習）,WH-000172,134,大学受験基礎,人物,コロンブス,ころんぶす,クリストファー＝コロンブス,大航海時代,ヨーロッパ・南北アメリカ,大西洋・カリブ海,1451頃〜1506年,1492,WH-000172-B02,beginner,時期,time,コロンブスが主に活動したのはいつ頃？,1451頃〜1506年,1451頃〜1506年,,,世界史の窓：章節別用語リスト,https://www.y-history.net/appendix/appendix-list.html
大学受験世界史・重要300用語（三段階学習）,WH-000172,134,大学受験基礎,人物,コロンブス,ころんぶす,クリストファー＝コロンブス,大航海時代,ヨーロッパ・南北アメリカ,大西洋・カリブ海,1451頃〜1506年,1492,WH-000172-B03,beginner,到達地,place,コロンブスが1492年に到達した地域は？,カリブ海諸島,カリブ海諸島,,,世界史の窓：章節別用語リスト,https://www.y-history.net/appendix/appendix-list.html
大学受験世界史・重要300用語（三段階学習）,WH-000172,134,大学受験基礎,人物,コロンブス,ころんぶす,クリストファー＝コロンブス,大航海時代,ヨーロッパ・南北アメリカ,大西洋・カリブ海,1451頃〜1506年,1492,WH-000172-R01,reverse,内容,reverse,何をした？,西回りでアジアへ到達できると考え、スペイン王室の援助を受けて1492年に大西洋を横断し、**カリブ海諸島**へ到達した。,カリブ海諸島,,,世界史の窓：章節別用語リスト,https://www.y-history.net/appendix/appendix-list.html
大学受験世界史・重要300用語（三段階学習）,WH-000172,134,大学受験基礎,人物,コロンブス,ころんぶす,クリストファー＝コロンブス,大航海時代,ヨーロッパ・南北アメリカ,大西洋・カリブ海,1451頃〜1506年,1492,WH-000172-R02,reverse,結果・影響,reverse,どのような影響を与えた？,本人はアジア周辺と思い続けたが、この航海はヨーロッパによるアメリカ征服・植民と**コロンブス交換**の起点となった。,コロンブス交換,,,世界史の窓：章節別用語リスト,https://www.y-history.net/appendix/appendix-list.html
大学受験世界史・重要300用語（三段階学習）,WH-000172,134,大学受験基礎,人物,コロンブス,ころんぶす,クリストファー＝コロンブス,大航海時代,ヨーロッパ・南北アメリカ,大西洋・カリブ海,1451頃〜1506年,1492,WH-000172-I01,integrated,統合説明,integrated,「コロンブス」について説明せよ。,西回りでアジアへ到達できると考え、スペイン王室の援助を受けて1492年に大西洋を横断し、**カリブ海諸島**へ到達した。 本人はアジア周辺と思い続けたが、この航海はヨーロッパによるアメリカ征服・植民と**コロンブス交換**の起点となった。,カリブ海諸島|コロンブス交換,,,世界史の窓：章節別用語リスト,https://www.y-history.net/appendix/appendix-list.html
大学受験世界史・重要300用語（三段階学習）,WH-000173,135,大学受験基礎,経済・交易,コロンブス交換,ころんぶすこうかん,,近世世界,世界,旧大陸と新大陸,1492年以降,1492,WH-000173-B01,beginner,用語の特定,identify,1492年以後、旧大陸と新大陸の間で作物・家畜・病原体・人々が交換された現象は？,コロンブス交換,コロンブス交換,,,世界史の窓：章節別用語リスト,https://www.y-history.net/appendix/appendix-list.html
大学受験世界史・重要300用語（三段階学習）,WH-000173,135,大学受験基礎,経済・交易,コロンブス交換,ころんぶすこうかん,,近世世界,世界,旧大陸と新大陸,1492年以降,1492,WH-000173-B02,beginner,時期,time,コロンブス交換が歴史上重要になるのはいつ頃？,1492年以降,1492年以降,,,世界史の窓：章節別用語リスト,https://www.y-history.net/appendix/appendix-list.html
大学受験世界史・重要300用語（三段階学習）,WH-000173,135,大学受験基礎,経済・交易,コロンブス交換,ころんぶすこうかん,,近世世界,世界,旧大陸と新大陸,1492年以降,1492,WH-000173-B03,beginner,作物,content,新大陸から旧大陸へ広がった代表的作物を一つ答えよ。,ジャガイモ,ジャガイモ,,,世界史の窓：章節別用語リスト,https://www.y-history.net/appendix/appendix-list.html
大学受験世界史・重要300用語（三段階学習）,WH-000173,135,大学受験基礎,経済・交易,コロンブス交換,ころんぶすこうかん,,近世世界,世界,旧大陸と新大陸,1492年以降,1492,WH-000173-R01,reverse,内容,reverse,どんな仕組み・交易？,ヨーロッパ人のアメリカ到達後、旧大陸と新大陸の間で**作物・家畜・病原体・人間**が大規模に移動した現象。,作物・家畜・病原体・人間,,,世界史の窓：章節別用語リスト,https://www.y-history.net/appendix/appendix-list.html
大学受験世界史・重要300用語（三段階学習）,WH-000173,135,大学受験基礎,経済・交易,コロンブス交換,ころんぶすこうかん,,近世世界,世界,旧大陸と新大陸,1492年以降,1492,WH-000173-R02,reverse,結果・影響,reverse,どのような変化をもたらした？,**コロンブス交換**は、ジャガイモ・トウモロコシは旧大陸の人口増加を支えた一方、天然痘などが先住民人口を激減させ、植民地化を促進した。,コロンブス交換,,,世界史の窓：章節別用語リスト,https://www.y-history.net/appendix/appendix-list.html
大学受験世界史・重要300用語（三段階学習）,WH-000173,135,大学受験基礎,経済・交易,コロンブス交換,ころんぶすこうかん,,近世世界,世界,旧大陸と新大陸,1492年以降,1492,WH-000173-I01,integrated,統合説明,integrated,「コロンブス交換」について説明せよ。,ヨーロッパ人のアメリカ到達後、旧大陸と新大陸の間で**作物・家畜・病原体・人間**が大規模に移動した現象。 ジャガイモ・トウモロコシは旧大陸の人口増加を支えた一方、天然痘などが先住民人口を激減させ、植民地化を促進した。,作物・家畜・病原体・人間,,,世界史の窓：章節別用語リスト,https://www.y-history.net/appendix/appendix-list.html
大学受験世界史・重要300用語（三段階学習）,WH-000174,136,大学受験基礎,経済・交易,ポルトガルのインド航路,ぽるとがるのいんどこうろ,,大航海時代,ヨーロッパ・アフリカ・南アジア,ポルトガルから喜望峰経由でインド,15世紀末以降,1498,WH-000174-B01,beginner,用語の特定,identify,喜望峰を回ってヨーロッパとインドを直接結んだポルトガルの海路は？,ポルトガルのインド航路,ポルトガルのインド航路,,,世界史の窓：章節別用語リスト,https://www.y-history.net/appendix/appendix-list.html
大学受験世界史・重要300用語（三段階学習）,WH-000174,136,大学受験基礎,経済・交易,ポルトガルのインド航路,ぽるとがるのいんどこうろ,,大航海時代,ヨーロッパ・アフリカ・南アジア,ポルトガルから喜望峰経由でインド,15世紀末以降,1498,WH-000174-B02,beginner,時期,time,ポルトガルのインド航路が歴史上重要になるのはいつ頃？,15世紀末以降,15世紀末以降,,,世界史の窓：章節別用語リスト,https://www.y-history.net/appendix/appendix-list.html
大学受験世界史・重要300用語（三段階学習）,WH-000174,136,大学受験基礎,経済・交易,ポルトガルのインド航路,ぽるとがるのいんどこうろ,,大航海時代,ヨーロッパ・アフリカ・南アジア,ポルトガルから喜望峰経由でインド,15世紀末以降,1498,WH-000174-B03,beginner,人物,person,1498年にインドのカリカットへ到達した航海者は？,ヴァスコ＝ダ＝ガマ,ヴァスコ＝ダ＝ガマ,,,世界史の窓：章節別用語リスト,https://www.y-history.net/appendix/appendix-list.html
大学受験世界史・重要300用語（三段階学習）,WH-000174,136,大学受験基礎,経済・交易,ポルトガルのインド航路,ぽるとがるのいんどこうろ,,大航海時代,ヨーロッパ・アフリカ・南アジア,ポルトガルから喜望峰経由でインド,15世紀末以降,1498,WH-000174-R01,reverse,内容,reverse,どんな仕組み・交易？,ポルトガルがアフリカ西岸を南下し、喜望峰を回って1498年に**ヴァスコ＝ダ＝ガマ**がカリカットへ到達した海路。,ヴァスコ＝ダ＝ガマ,,,世界史の窓：章節別用語リスト,https://www.y-history.net/appendix/appendix-list.html
大学受験世界史・重要300用語（三段階学習）,WH-000174,136,大学受験基礎,経済・交易,ポルトガルのインド航路,ぽるとがるのいんどこうろ,,大航海時代,ヨーロッパ・アフリカ・南アジア,ポルトガルから喜望峰経由でインド,15世紀末以降,1498,WH-000174-R02,reverse,結果・影響,reverse,どのような変化をもたらした？,**ポルトガルのインド航路**は、香辛料貿易の直接支配を目指してインド洋に要塞・商館網を築き、ヨーロッパ勢力のアジア進出を本格化させた。,ポルトガルのインド航路,,,世界史の窓：章節別用語リスト,https://www.y-history.net/appendix/appendix-list.html
大学受験世界史・重要300用語（三段階学習）,WH-000174,136,大学受験基礎,経済・交易,ポルトガルのインド航路,ぽるとがるのいんどこうろ,,大航海時代,ヨーロッパ・アフリカ・南アジア,ポルトガルから喜望峰経由でインド,15世紀末以降,1498,WH-000174-I01,integrated,統合説明,integrated,「ポルトガルのインド航路」について説明せよ。,ポルトガルがアフリカ西岸を南下し、喜望峰を回って1498年に**ヴァスコ＝ダ＝ガマ**がカリカットへ到達した海路。 香辛料貿易の直接支配を目指してインド洋に要塞・商館網を築き、ヨーロッパ勢力のアジア進出を本格化させた。,ヴァスコ＝ダ＝ガマ,,,世界史の窓：章節別用語リスト,https://www.y-history.net/appendix/appendix-list.html
大学受験世界史・重要300用語（三段階学習）,WH-000175,137,大学受験基礎,経済・交易,奴隷貿易,どれいぼうえき,,近世大西洋世界,アフリカ・南北アメリカ・ヨーロッパ,大西洋を中心,16〜19世紀,1500,WH-000175-B01,beginner,用語の特定,identify,アフリカ人を強制的にアメリカ大陸へ運び、農園や鉱山で働かせた交易は？,奴隷貿易,奴隷貿易,,,世界史の窓：章節別用語リスト,https://www.y-history.net/appendix/appendix-list.html
大学受験世界史・重要300用語（三段階学習）,WH-000175,137,大学受験基礎,経済・交易,奴隷貿易,どれいぼうえき,,近世大西洋世界,アフリカ・南北アメリカ・ヨーロッパ,大西洋を中心,16〜19世紀,1500,WH-000175-B02,beginner,時期,time,奴隷貿易が歴史上重要になるのはいつ頃？,16〜19世紀,16〜19世紀,,,世界史の窓：章節別用語リスト,https://www.y-history.net/appendix/appendix-list.html
大学受験世界史・重要300用語（三段階学習）,WH-000175,137,大学受験基礎,経済・交易,奴隷貿易,どれいぼうえき,,近世大西洋世界,アフリカ・南北アメリカ・ヨーロッパ,大西洋を中心,16〜19世紀,1500,WH-000175-B03,beginner,航路,relation,奴隷貿易でアフリカ人が運ばれた大西洋横断航路を何という？,中間航路,中間航路,,,世界史の窓：章節別用語リスト,https://www.y-history.net/appendix/appendix-list.html
大学受験世界史・重要300用語（三段階学習）,WH-000175,137,大学受験基礎,経済・交易,奴隷貿易,どれいぼうえき,,近世大西洋世界,アフリカ・南北アメリカ・ヨーロッパ,大西洋を中心,16〜19世紀,1500,WH-000175-R01,reverse,内容,reverse,どんな仕組み・交易？,ヨーロッパ商人がアフリカ人を捕獲・購入し、**中間航路**を通じてアメリカのプランテーションや鉱山へ強制移送した交易。,中間航路,,,世界史の窓：章節別用語リスト,https://www.y-history.net/appendix/appendix-list.html
大学受験世界史・重要300用語（三段階学習）,WH-000175,137,大学受験基礎,経済・交易,奴隷貿易,どれいぼうえき,,近世大西洋世界,アフリカ・南北アメリカ・ヨーロッパ,大西洋を中心,16〜19世紀,1500,WH-000175-R02,reverse,結果・影響,reverse,どのような変化をもたらした？,**奴隷貿易**は、数百万人規模の人的損失と暴力をアフリカにもたらし、アメリカの奴隷制経済と大西洋世界の人種秩序を形成した。,奴隷貿易,,,世界史の窓：章節別用語リスト,https://www.y-history.net/appendix/appendix-list.html
大学受験世界史・重要300用語（三段階学習）,WH-000175,137,大学受験基礎,経済・交易,奴隷貿易,どれいぼうえき,,近世大西洋世界,アフリカ・南北アメリカ・ヨーロッパ,大西洋を中心,16〜19世紀,1500,WH-000175-I01,integrated,統合説明,integrated,「奴隷貿易」について説明せよ。,ヨーロッパ商人がアフリカ人を捕獲・購入し、**中間航路**を通じてアメリカのプランテーションや鉱山へ強制移送した交易。 数百万人規模の人的損失と暴力をアフリカにもたらし、アメリカの奴隷制経済と大西洋世界の人種秩序を形成した。,中間航路,,,世界史の窓：章節別用語リスト,https://www.y-history.net/appendix/appendix-list.html
大学受験世界史・重要300用語（三段階学習）,WH-000176,138,大学受験基礎,経済・交易,商業革命,しょうぎょうかくめい,,近世世界,世界,大西洋・インド洋を中心,15〜17世紀,1500,WH-000176-B01,beginner,用語の特定,identify,大航海時代後、交易の中心が地中海から大西洋へ移り、世界市場が形成された変化は？,商業革命,商業革命,,,世界史の窓：章節別用語リスト,https://www.y-history.net/appendix/appendix-list.html
大学受験世界史・重要300用語（三段階学習）,WH-000176,138,大学受験基礎,経済・交易,商業革命,しょうぎょうかくめい,,近世世界,世界,大西洋・インド洋を中心,15〜17世紀,1500,WH-000176-B02,beginner,時期,time,商業革命が歴史上重要になるのはいつ頃？,15〜17世紀,15〜17世紀,,,世界史の窓：章節別用語リスト,https://www.y-history.net/appendix/appendix-list.html
大学受験世界史・重要300用語（三段階学習）,WH-000176,138,大学受験基礎,経済・交易,商業革命,しょうぎょうかくめい,,近世世界,世界,大西洋・インド洋を中心,15〜17世紀,1500,WH-000176-B03,beginner,海域,place,商業革命でヨーロッパ交易の中心となった海域は？,大西洋,大西洋,,,世界史の窓：章節別用語リスト,https://www.y-history.net/appendix/appendix-list.html
大学受験世界史・重要300用語（三段階学習）,WH-000176,138,大学受験基礎,経済・交易,商業革命,しょうぎょうかくめい,,近世世界,世界,大西洋・インド洋を中心,15〜17世紀,1500,WH-000176-R01,reverse,内容,reverse,どんな仕組み・交易？,大航海時代に交易圏が地中海中心から**大西洋**・インド洋へ拡大し、香辛料・銀・奴隷・植民地産品が世界規模で流通した変化。,大西洋,,,世界史の窓：章節別用語リスト,https://www.y-history.net/appendix/appendix-list.html
大学受験世界史・重要300用語（三段階学習）,WH-000176,138,大学受験基礎,経済・交易,商業革命,しょうぎょうかくめい,,近世世界,世界,大西洋・インド洋を中心,15〜17世紀,1500,WH-000176-R02,reverse,結果・影響,reverse,どのような変化をもたらした？,**商業革命**は、アントウェルペン・アムステルダム・ロンドンが成長し、銀行・保険・株式会社など近代商業制度の発達を促した。,商業革命,,,世界史の窓：章節別用語リスト,https://www.y-history.net/appendix/appendix-list.html
大学受験世界史・重要300用語（三段階学習）,WH-000176,138,大学受験基礎,経済・交易,商業革命,しょうぎょうかくめい,,近世世界,世界,大西洋・インド洋を中心,15〜17世紀,1500,WH-000176-I01,integrated,統合説明,integrated,「商業革命」について説明せよ。,大航海時代に交易圏が地中海中心から**大西洋**・インド洋へ拡大し、香辛料・銀・奴隷・植民地産品が世界規模で流通した変化。 アントウェルペン・アムステルダム・ロンドンが成長し、銀行・保険・株式会社など近代商業制度の発達を促した。,大西洋,,,世界史の窓：章節別用語リスト,https://www.y-history.net/appendix/appendix-list.html
大学受験世界史・重要300用語（三段階学習）,WH-000177,294,大学受験標準,制度・政策・法律,エンコミエンダ制,えんこみえんだせい,,スペイン植民地時代,南北アメリカ,スペイン領アメリカ,16世紀,1500,WH-000177-B01,beginner,用語の特定,identify,スペイン王室が征服者に先住民から貢納・労働を徴収する権利を与えた制度は？,エンコミエンダ制,エンコミエンダ制,,,世界史の窓：章節別用語リスト,https://www.y-history.net/appendix/appendix-list.html
大学受験世界史・重要300用語（三段階学習）,WH-000177,294,大学受験標準,制度・政策・法律,エンコミエンダ制,えんこみえんだせい,,スペイン植民地時代,南北アメリカ,スペイン領アメリカ,16世紀,1500,WH-000177-B02,beginner,時期,time,エンコミエンダ制が成立・実施されたのはいつ頃？,16世紀,16世紀,,,世界史の窓：章節別用語リスト,https://www.y-history.net/appendix/appendix-list.html
大学受験世界史・重要300用語（三段階学習）,WH-000177,294,大学受験標準,制度・政策・法律,エンコミエンダ制,えんこみえんだせい,,スペイン植民地時代,南北アメリカ,スペイン領アメリカ,16世紀,1500,WH-000177-B03,beginner,対象,actor,エンコミエンダ制で強制労働を課された人々は？,先住民,先住民,,,世界史の窓：章節別用語リスト,https://www.y-history.net/appendix/appendix-list.html
大学受験世界史・重要300用語（三段階学習）,WH-000177,294,大学受験標準,制度・政策・法律,エンコミエンダ制,えんこみえんだせい,,スペイン植民地時代,南北アメリカ,スペイン領アメリカ,16世紀,1500,WH-000177-R01,reverse,内容,reverse,どんな制度・政策・法律？,スペイン王室が征服者・植民者に一定地域の**先住民**を保護・キリスト教化する名目で、貢納と労働を徴収する権利を与えた制度。,先住民,,,世界史の窓：章節別用語リスト,https://www.y-history.net/appendix/appendix-list.html
大学受験世界史・重要300用語（三段階学習）,WH-000177,294,大学受験標準,制度・政策・法律,エンコミエンダ制,えんこみえんだせい,,スペイン植民地時代,南北アメリカ,スペイン領アメリカ,16世紀,1500,WH-000177-R02,reverse,結果・影響,reverse,どのような影響を与えた？,**エンコミエンダ制**は、実際には過酷な強制労働と人口減少を招き、ラス＝カサスらの批判やアフリカ人奴隷導入の背景となった。,エンコミエンダ制,,,世界史の窓：章節別用語リスト,https://www.y-history.net/appendix/appendix-list.html
大学受験世界史・重要300用語（三段階学習）,WH-000177,294,大学受験標準,制度・政策・法律,エンコミエンダ制,えんこみえんだせい,,スペイン植民地時代,南北アメリカ,スペイン領アメリカ,16世紀,1500,WH-000177-I01,integrated,統合説明,integrated,「エンコミエンダ制」について説明せよ。,スペイン王室が征服者・植民者に一定地域の**先住民**を保護・キリスト教化する名目で、貢納と労働を徴収する権利を与えた制度。 実際には過酷な強制労働と人口減少を招き、ラス＝カサスらの批判やアフリカ人奴隷導入の背景となった。,先住民,,,世界史の窓：章節別用語リスト,https://www.y-history.net/appendix/appendix-list.html
大学受験世界史・重要300用語（三段階学習）,WH-000178,295,大学受験標準,経済・交易,価格革命,かかくかくめい,,近世ヨーロッパ,ヨーロッパ,西ヨーロッパ,16世紀,1500,WH-000178-B01,beginner,用語の特定,identify,新大陸銀の流入や人口増加によって、16世紀ヨーロッパで物価が長期上昇した現象は？,価格革命,価格革命,,,世界史の窓：章節別用語リスト,https://www.y-history.net/appendix/appendix-list.html
大学受験世界史・重要300用語（三段階学習）,WH-000178,295,大学受験標準,経済・交易,価格革命,かかくかくめい,,近世ヨーロッパ,ヨーロッパ,西ヨーロッパ,16世紀,1500,WH-000178-B02,beginner,時期,time,価格革命が歴史上重要になるのはいつ頃？,16世紀,16世紀,,,世界史の窓：章節別用語リスト,https://www.y-history.net/appendix/appendix-list.html
大学受験世界史・重要300用語（三段階学習）,WH-000178,295,大学受験標準,経済・交易,価格革命,かかくかくめい,,近世ヨーロッパ,ヨーロッパ,西ヨーロッパ,16世紀,1500,WH-000178-B03,beginner,原因,cause,価格革命の主要な貨幣的原因は？,アメリカ銀の流入,アメリカ銀の流入,,,世界史の窓：章節別用語リスト,https://www.y-history.net/appendix/appendix-list.html
大学受験世界史・重要300用語（三段階学習）,WH-000178,295,大学受験標準,経済・交易,価格革命,かかくかくめい,,近世ヨーロッパ,ヨーロッパ,西ヨーロッパ,16世紀,1500,WH-000178-R01,reverse,内容,reverse,どんな仕組み・交易？,16世紀、アメリカ大陸から大量の**銀**が流入し、人口増加も重なってヨーロッパの物価が長期的に上昇した現象。,銀,,,世界史の窓：章節別用語リスト,https://www.y-history.net/appendix/appendix-list.html
大学受験世界史・重要300用語（三段階学習）,WH-000178,295,大学受験標準,経済・交易,価格革命,かかくかくめい,,近世ヨーロッパ,ヨーロッパ,西ヨーロッパ,16世紀,1500,WH-000178-R02,reverse,結果・影響,reverse,どのような変化をもたらした？,**価格革命**は、固定地代に依存する封建領主を弱め、商品生産者・商人・新興地主を有利にして資本主義発展を促した。,価格革命,,,世界史の窓：章節別用語リスト,https://www.y-history.net/appendix/appendix-list.html
大学受験世界史・重要300用語（三段階学習）,WH-000178,295,大学受験標準,経済・交易,価格革命,かかくかくめい,,近世ヨーロッパ,ヨーロッパ,西ヨーロッパ,16世紀,1500,WH-000178-I01,integrated,統合説明,integrated,「価格革命」について説明せよ。,16世紀、アメリカ大陸から大量の**銀**が流入し、人口増加も重なってヨーロッパの物価が長期的に上昇した現象。 固定地代に依存する封建領主を弱め、商品生産者・商人・新興地主を有利にして資本主義発展を促した。,銀,,,世界史の窓：章節別用語リスト,https://www.y-history.net/appendix/appendix-list.html
大学受験世界史・重要300用語（三段階学習）,WH-000179,139,大学受験基礎,国家・王朝,サファヴィー朝,さふぁゔぃーちょう,,近世イスラーム世界,西アジア,イラン,1501〜1736年,1501,WH-000179-B01,beginner,用語の特定,identify,イスマーイール1世がイランに建て、十二イマーム派を国教とした王朝は？,サファヴィー朝,サファヴィー朝,,,世界史の窓：章節別用語リスト,https://www.y-history.net/appendix/appendix-list.html
大学受験世界史・重要300用語（三段階学習）,WH-000179,139,大学受験基礎,国家・王朝,サファヴィー朝,さふぁゔぃーちょう,,近世イスラーム世界,西アジア,イラン,1501〜1736年,1501,WH-000179-B02,beginner,時期,time,サファヴィー朝が存在したのはいつ頃？,1501〜1736年,1501〜1736年,,,世界史の窓：章節別用語リスト,https://www.y-history.net/appendix/appendix-list.html
大学受験世界史・重要300用語（三段階学習）,WH-000179,139,大学受験基礎,国家・王朝,サファヴィー朝,さふぁゔぃーちょう,,近世イスラーム世界,西アジア,イラン,1501〜1736年,1501,WH-000179-B03,beginner,宗派,relation,サファヴィー朝が国教としたシーア派は？,十二イマーム派,十二イマーム派,,,世界史の窓：章節別用語リスト,https://www.y-history.net/appendix/appendix-list.html
大学受験世界史・重要300用語（三段階学習）,WH-000179,139,大学受験基礎,国家・王朝,サファヴィー朝,さふぁゔぃーちょう,,近世イスラーム世界,西アジア,イラン,1501〜1736年,1501,WH-000179-R01,reverse,内容,reverse,何をした？,**イスマーイール1世**がイランに建て、シーア派の**十二イマーム派**を国教として住民の宗派統一を進めた王朝。,イスマーイール1世|十二イマーム派,,,世界史の窓：章節別用語リスト,https://www.y-history.net/appendix/appendix-list.html
大学受験世界史・重要300用語（三段階学習）,WH-000179,139,大学受験基礎,国家・王朝,サファヴィー朝,さふぁゔぃーちょう,,近世イスラーム世界,西アジア,イラン,1501〜1736年,1501,WH-000179-R02,reverse,結果・影響,reverse,どんな特徴をもち、何を残した？,**サファヴィー朝**は、シャー＝アッバース1世期にイスファハーンを中心に繁栄し、現在まで続くイランのシーア派的性格を確立した。,サファヴィー朝,,,世界史の窓：章節別用語リスト,https://www.y-history.net/appendix/appendix-list.html
大学受験世界史・重要300用語（三段階学習）,WH-000179,139,大学受験基礎,国家・王朝,サファヴィー朝,さふぁゔぃーちょう,,近世イスラーム世界,西アジア,イラン,1501〜1736年,1501,WH-000179-I01,integrated,統合説明,integrated,「サファヴィー朝」について説明せよ。,**イスマーイール1世**がイランに建て、シーア派の**十二イマーム派**を国教として住民の宗派統一を進めた王朝。 シャー＝アッバース1世期にイスファハーンを中心に繁栄し、現在まで続くイランのシーア派的性格を確立した。,イスマーイール1世|十二イマーム派,,,世界史の窓：章節別用語リスト,https://www.y-history.net/appendix/appendix-list.html
大学受験世界史・重要300用語（三段階学習）,WH-000180,8,大学受験基礎,運動,宗教改革,しゅうきょうかいかく,,近世,ヨーロッパ,ドイツから西・北ヨーロッパ,16世紀,1517,WH-000180-B01,beginner,用語の特定,identify,16世紀、カトリック教会を批判してプロテスタント諸派を生んだ運動は？,宗教改革,宗教改革,,,世界史の窓：宗教改革,https://www.y-history.net/appendix/wh0903-005.html
大学受験世界史・重要300用語（三段階学習）,WH-000180,8,大学受験基礎,運動,宗教改革,しゅうきょうかいかく,,近世,ヨーロッパ,ドイツから西・北ヨーロッパ,16世紀,1517,WH-000180-B02,beginner,文書,content,1517年にルターが発表し、贖宥状販売(しょくゆうじょうはんばい)を批判した文書は？,九十五か条の論題(きゅうじゅうごかじょうのろんだい),九十五か条の論題,95か条の論題|九十五箇条の論題,,世界史の窓：宗教改革,https://www.y-history.net/appendix/wh0903-005.html
大学受験世界史・重要300用語（三段階学習）,WH-000180,8,大学受験基礎,運動,宗教改革,しゅうきょうかいかく,,近世,ヨーロッパ,ドイツから西・北ヨーロッパ,16世紀,1517,WH-000180-B03,beginner,思想,content,カルヴァンが唱えた、救われる者は神によってあらかじめ定められているという説は？,予定説,予定説,,,世界史の窓：宗教改革,https://www.y-history.net/appendix/wh0903-005.html
大学受験世界史・重要300用語（三段階学習）,WH-000180,8,大学受験基礎,運動,宗教改革,しゅうきょうかいかく,,近世,ヨーロッパ,ドイツから西・北ヨーロッパ,16世紀,1517,WH-000180-R01,reverse,時期・地域,reverse,起きたのはいつ・どこ？,1517年の**ルター**の行動を大きな契機としてドイツで始まり、16世紀にスイス・イギリス・北ヨーロッパなどへ広がった。,1517年|ルター|ドイツ|スイス|イギリス,,,世界史の窓：宗教改革,https://www.y-history.net/appendix/wh0903-005.html
大学受験世界史・重要300用語（三段階学習）,WH-000180,8,大学受験基礎,運動,宗教改革,しゅうきょうかいかく,,近世,ヨーロッパ,ドイツから西・北ヨーロッパ,16世紀,1517,WH-000180-R02,reverse,原因・結果,reverse,なぜ起き、何につながった？,教会の腐敗や**贖宥状販売(しょくゆうじょうはんばい)**への批判を背景に、ルターは**九十五か条の論題(きゅうじゅうごかじょうのろんだい)**を発表して**信仰義認**と聖書重視を唱え、カルヴァン派やイギリス国教会などが成立した。カトリック側も対抗宗教改革を進め、宗教戦争と国家教会化が進んだ。,贖宥状販売|九十五か条の論題|信仰義認|聖書重視|カルヴァン派|イギリス国教会|対抗宗教改革,,,世界史の窓：宗教改革,https://www.y-history.net/appendix/wh0903-005.html
大学受験世界史・重要300用語（三段階学習）,WH-000180,8,大学受験基礎,運動,宗教改革,しゅうきょうかいかく,,近世,ヨーロッパ,ドイツから西・北ヨーロッパ,16世紀,1517,WH-000180-I01,integrated,統合説明,integrated,「宗教改革」について説明せよ。,1517年の**ルター**による**九十五か条の論題(きゅうじゅうごかじょうのろんだい)**を契機に始まった、カトリック教会改革の運動。**信仰義認**と聖書重視を掲げ、カルヴァン派・イギリス国教会などを生み、対抗宗教改革・宗教戦争・国家教会化につながった。,ルター|九十五か条の論題|信仰義認|聖書重視|カルヴァン派|イギリス国教会|対抗宗教改革,,,世界史の窓：宗教改革,https://www.y-history.net/appendix/wh0903-005.html
大学受験世界史・重要300用語（三段階学習）,WH-000181,140,大学受験基礎,人物,ルター,るたー,マルティン＝ルター,宗教改革期,ヨーロッパ,ドイツ,1483〜1546年,1517,WH-000181-B01,beginner,用語の特定,identify,1517年に九十五か条の論題を発表し、信仰義認を説いた宗教改革者は？,ルター,ルター,マルティン＝ルター,,世界史の窓：章節別用語リスト,https://www.y-history.net/appendix/appendix-list.html
大学受験世界史・重要300用語（三段階学習）,WH-000181,140,大学受験基礎,人物,ルター,るたー,マルティン＝ルター,宗教改革期,ヨーロッパ,ドイツ,1483〜1546年,1517,WH-000181-B02,beginner,時期,time,ルターが主に活動したのはいつ頃？,1483〜1546年,1483〜1546年,,,世界史の窓：章節別用語リスト,https://www.y-history.net/appendix/appendix-list.html
大学受験世界史・重要300用語（三段階学習）,WH-000181,140,大学受験基礎,人物,ルター,るたー,マルティン＝ルター,宗教改革期,ヨーロッパ,ドイツ,1483〜1546年,1517,WH-000181-B03,beginner,文書,content,ルターが1517年に発表した文書は？,九十五か条の論題(きゅうじゅうごかじょうのろんだい),九十五か条の論題,,,世界史の窓：章節別用語リスト,https://www.y-history.net/appendix/appendix-list.html
大学受験世界史・重要300用語（三段階学習）,WH-000181,140,大学受験基礎,人物,ルター,るたー,マルティン＝ルター,宗教改革期,ヨーロッパ,ドイツ,1483〜1546年,1517,WH-000181-R01,reverse,内容,reverse,何をした？,1517年に**九十五か条の論題(きゅうじゅうごかじょうのろんだい)**を発表して贖宥状販売(しょくゆうじょうはんばい)を批判し、救いは信仰によるとする**信仰義認**と聖書中心主義を説いた。,九十五か条の論題|信仰義認,,,世界史の窓：章節別用語リスト,https://www.y-history.net/appendix/appendix-list.html
大学受験世界史・重要300用語（三段階学習）,WH-000181,140,大学受験基礎,人物,ルター,るたー,マルティン＝ルター,宗教改革期,ヨーロッパ,ドイツ,1483〜1546年,1517,WH-000181-R02,reverse,結果・影響,reverse,どのような影響を与えた？,教皇から破門された後も諸侯(しょこう)の保護で改革を進め、ルター派教会とドイツの**宗教改革**を成立させた。,宗教改革,,,世界史の窓：章節別用語リスト,https://www.y-history.net/appendix/appendix-list.html
大学受験世界史・重要300用語（三段階学習）,WH-000181,140,大学受験基礎,人物,ルター,るたー,マルティン＝ルター,宗教改革期,ヨーロッパ,ドイツ,1483〜1546年,1517,WH-000181-I01,integrated,統合説明,integrated,「ルター」について説明せよ。,1517年に**九十五か条の論題(きゅうじゅうごかじょうのろんだい)**を発表して贖宥状販売(しょくゆうじょうはんばい)を批判し、救いは信仰によるとする**信仰義認**と聖書中心主義を説いた。 教皇から破門された後も諸侯(しょこう)の保護で改革を進め、ルター派教会とドイツの**宗教改革**を成立させた。,九十五か条の論題|信仰義認|宗教改革,,,世界史の窓：章節別用語リスト,https://www.y-history.net/appendix/appendix-list.html
大学受験世界史・重要300用語（三段階学習）,WH-000182,141,大学受験基礎,人物,マゼラン,まぜらん,フェルディナンド＝マゼラン,大航海時代,世界,大西洋・太平洋・インド洋,1519〜1522年の航海,1519,WH-000182-B01,beginner,用語の特定,identify,スペイン船団を率いて南米南端を通過し、世界周航を開始した航海者は？,マゼラン,マゼラン,フェルディナンド＝マゼラン,,世界史の窓：章節別用語リスト,https://www.y-history.net/appendix/appendix-list.html
大学受験世界史・重要300用語（三段階学習）,WH-000182,141,大学受験基礎,人物,マゼラン,まぜらん,フェルディナンド＝マゼラン,大航海時代,世界,大西洋・太平洋・インド洋,1519〜1522年の航海,1519,WH-000182-B02,beginner,時期,time,マゼランが主に活動したのはいつ頃？,1519〜1522年の航海,1519〜1522年の航海,,,世界史の窓：章節別用語リスト,https://www.y-history.net/appendix/appendix-list.html
大学受験世界史・重要300用語（三段階学習）,WH-000182,141,大学受験基礎,人物,マゼラン,まぜらん,フェルディナンド＝マゼラン,大航海時代,世界,大西洋・太平洋・インド洋,1519〜1522年の航海,1519,WH-000182-B03,beginner,人物,person,マゼラン死後に世界周航を完成させた人物は？,エルカーノ,エルカーノ,,,世界史の窓：章節別用語リスト,https://www.y-history.net/appendix/appendix-list.html
大学受験世界史・重要300用語（三段階学習）,WH-000182,141,大学受験基礎,人物,マゼラン,まぜらん,フェルディナンド＝マゼラン,大航海時代,世界,大西洋・太平洋・インド洋,1519〜1522年の航海,1519,WH-000182-R01,reverse,内容,reverse,何をした？,スペイン王室のもとで1519年に出航し、南米南端の海峡を通って**太平洋**を横断したポルトガル人航海者。,太平洋,,,世界史の窓：章節別用語リスト,https://www.y-history.net/appendix/appendix-list.html
大学受験世界史・重要300用語（三段階学習）,WH-000182,141,大学受験基礎,人物,マゼラン,まぜらん,フェルディナンド＝マゼラン,大航海時代,世界,大西洋・太平洋・インド洋,1519〜1522年の航海,1519,WH-000182-R02,reverse,結果・影響,reverse,どのような影響を与えた？,フィリピンで死亡したが、**エルカーノ**が1522年に船団を帰還させ、人類初の世界周航を完成して地球規模の海洋世界を実証した。,エルカーノ,,,世界史の窓：章節別用語リスト,https://www.y-history.net/appendix/appendix-list.html
大学受験世界史・重要300用語（三段階学習）,WH-000182,141,大学受験基礎,人物,マゼラン,まぜらん,フェルディナンド＝マゼラン,大航海時代,世界,大西洋・太平洋・インド洋,1519〜1522年の航海,1519,WH-000182-I01,integrated,統合説明,integrated,「マゼラン」について説明せよ。,スペイン王室のもとで1519年に出航し、南米南端の海峡を通って**太平洋**を横断したポルトガル人航海者。 フィリピンで死亡したが、**エルカーノ**が1522年に船団を帰還させ、人類初の世界周航を完成して地球規模の海洋世界を実証した。,太平洋|エルカーノ,,,世界史の窓：章節別用語リスト,https://www.y-history.net/appendix/appendix-list.html
大学受験世界史・重要300用語（三段階学習）,WH-000183,142,大学受験基礎,人物,スレイマン1世,すれいまんいっせい,壮麗王スレイマン,オスマン帝国,西アジア・ヨーロッパ・北アフリカ,バルカン・地中海・西アジア,1520〜1566年,1520,WH-000183-B01,beginner,用語の特定,identify,モハーチの戦い・プレヴェザの海戦などで領土を拡大し、オスマン帝国最盛期を築いた皇帝は？,スレイマン1世,スレイマン1世,壮麗王スレイマン,,世界史の窓：章節別用語リスト,https://www.y-history.net/appendix/appendix-list.html
大学受験世界史・重要300用語（三段階学習）,WH-000183,142,大学受験基礎,人物,スレイマン1世,すれいまんいっせい,壮麗王スレイマン,オスマン帝国,西アジア・ヨーロッパ・北アフリカ,バルカン・地中海・西アジア,1520〜1566年,1520,WH-000183-B02,beginner,時期,time,スレイマン1世が主に活動したのはいつ頃？,1520〜1566年,1520〜1566年,,,世界史の窓：章節別用語リスト,https://www.y-history.net/appendix/appendix-list.html
大学受験世界史・重要300用語（三段階学習）,WH-000183,142,大学受験基礎,人物,スレイマン1世,すれいまんいっせい,壮麗王スレイマン,オスマン帝国,西アジア・ヨーロッパ・北アフリカ,バルカン・地中海・西アジア,1520〜1566年,1520,WH-000183-B03,beginner,戦闘,relation,1526年にハンガリーを破った戦いは？,モハーチの戦い,モハーチの戦い,,,世界史の窓：章節別用語リスト,https://www.y-history.net/appendix/appendix-list.html
大学受験世界史・重要300用語（三段階学習）,WH-000183,142,大学受験基礎,人物,スレイマン1世,すれいまんいっせい,壮麗王スレイマン,オスマン帝国,西アジア・ヨーロッパ・北アフリカ,バルカン・地中海・西アジア,1520〜1566年,1520,WH-000183-R01,reverse,内容,reverse,何をした？,1526年の**モハーチの戦い**でハンガリーを破り、ウィーンを包囲し、プレヴェザの海戦で地中海の制海権を強めた。,モハーチの戦い,,,世界史の窓：章節別用語リスト,https://www.y-history.net/appendix/appendix-list.html
大学受験世界史・重要300用語（三段階学習）,WH-000183,142,大学受験基礎,人物,スレイマン1世,すれいまんいっせい,壮麗王スレイマン,オスマン帝国,西アジア・ヨーロッパ・北アフリカ,バルカン・地中海・西アジア,1520〜1566年,1520,WH-000183-R02,reverse,結果・影響,reverse,どのような影響を与えた？,**スレイマン1世**は、法典整備から「立法者」とも呼ばれ、オスマン帝国の領土・軍事・行政・文化の最盛期を築いた。,スレイマン1世,,,世界史の窓：章節別用語リスト,https://www.y-history.net/appendix/appendix-list.html
大学受験世界史・重要300用語（三段階学習）,WH-000183,142,大学受験基礎,人物,スレイマン1世,すれいまんいっせい,壮麗王スレイマン,オスマン帝国,西アジア・ヨーロッパ・北アフリカ,バルカン・地中海・西アジア,1520〜1566年,1520,WH-000183-I01,integrated,統合説明,integrated,「スレイマン1世」について説明せよ。,1526年の**モハーチの戦い**でハンガリーを破り、ウィーンを包囲し、プレヴェザの海戦で地中海の制海権を強めた。 法典整備から「立法者」とも呼ばれ、オスマン帝国の領土・軍事・行政・文化の最盛期を築いた。,モハーチの戦い,,,世界史の窓：章節別用語リスト,https://www.y-history.net/appendix/appendix-list.html
大学受験世界史・重要300用語（三段階学習）,WH-000184,50,大学受験基礎,国家・王朝,ムガル帝国,むがるていこく,ムガル朝,近世〜近代,南アジア,インド亜大陸,1526年〜1858年,1526,WH-000184-B01,beginner,用語の特定,identify,1526年、バーブルが北インドに建てたイスラーム王朝は？,ムガル帝国,ムガル帝国,ムガル朝,,世界史の窓：ムガル帝国,https://www.y-history.net/appendix/wh0804-004.html
大学受験世界史・重要300用語（三段階学習）,WH-000184,50,大学受験基礎,国家・王朝,ムガル帝国,むがるていこく,ムガル朝,近世〜近代,南アジア,インド亜大陸,1526年〜1858年,1526,WH-000184-B02,beginner,中心人物,person,第1次パーニーパットの戦いに勝利してムガル帝国を建てた人物は？,バーブル,バーブル,,,世界史の窓：ムガル帝国,https://www.y-history.net/appendix/wh0804-004.html
大学受験世界史・重要300用語（三段階学習）,WH-000184,50,大学受験基礎,国家・王朝,ムガル帝国,むがるていこく,ムガル朝,近世〜近代,南アジア,インド亜大陸,1526年〜1858年,1526,WH-000184-B03,beginner,中心人物,person,宗教融和策を進め、ムガル帝国の支配を安定させた皇帝は？,アクバル,アクバル,アクバル帝,,世界史の窓：ムガル帝国,https://www.y-history.net/appendix/wh0804-004.html
大学受験世界史・重要300用語（三段階学習）,WH-000184,50,大学受験基礎,国家・王朝,ムガル帝国,むがるていこく,ムガル朝,近世〜近代,南アジア,インド亜大陸,1526年〜1858年,1526,WH-000184-R01,reverse,複合説明,reverse,何をした？,**バーブル**が1526年に北インドで建国した。**アクバル**はヒンドゥー教徒を登用し、ジズヤを廃止して宗教融和を進め、広大な帝国を安定させた。イスラームとインド文化が融合したが、後に地方勢力とイギリスの進出で衰えた。,バーブル|1526年|アクバル|ヒンドゥー教徒|ジズヤ|宗教融和|イギリス,,,世界史の窓：ムガル帝国,https://www.y-history.net/appendix/wh0804-004.html
大学受験世界史・重要300用語（三段階学習）,WH-000184,50,大学受験基礎,国家・王朝,ムガル帝国,むがるていこく,ムガル朝,近世〜近代,南アジア,インド亜大陸,1526年〜1858年,1526,WH-000184-I01,integrated,統合説明,integrated,「ムガル帝国」について説明せよ。,1526年に**バーブル**が北インドで建国したイスラーム王朝。**アクバル**はヒンドゥー教徒を登用し、ジズヤを廃止して宗教融和を進め、イスラームとインド文化が融合した帝国を築いたが、地方勢力とイギリスの進出で衰退した。,バーブル|アクバル|ヒンドゥー教徒|ジズヤ|宗教融和|イギリス,,,世界史の窓：ムガル帝国,https://www.y-history.net/appendix/wh0804-004.html
大学受験世界史・重要300用語（三段階学習）,WH-000185,143,大学受験基礎,宗教・宗派,イギリス国教会,いぎりすこっきょうかい,アングリカン＝チャーチ,宗教改革期,ヨーロッパ,イングランド,1534年以降,1534,WH-000185-B01,beginner,用語の特定,identify,首長法により国王を最高首長としてローマ教皇から独立したイングランドの教会は？,イギリス国教会,イギリス国教会,アングリカン＝チャーチ,,世界史の窓：章節別用語リスト,https://www.y-history.net/appendix/appendix-list.html
大学受験世界史・重要300用語（三段階学習）,WH-000185,143,大学受験基礎,宗教・宗派,イギリス国教会,いぎりすこっきょうかい,アングリカン＝チャーチ,宗教改革期,ヨーロッパ,イングランド,1534年以降,1534,WH-000185-B02,beginner,時期,time,イギリス国教会が成立・発展したのはいつ頃？,1534年以降,1534年以降,,,世界史の窓：章節別用語リスト,https://www.y-history.net/appendix/appendix-list.html
大学受験世界史・重要300用語（三段階学習）,WH-000185,143,大学受験基礎,宗教・宗派,イギリス国教会,いぎりすこっきょうかい,アングリカン＝チャーチ,宗教改革期,ヨーロッパ,イングランド,1534年以降,1534,WH-000185-B03,beginner,人物,person,イギリス国教会を成立させた国王は？,ヘンリ8世,ヘンリ8世,,,世界史の窓：章節別用語リスト,https://www.y-history.net/appendix/appendix-list.html
大学受験世界史・重要300用語（三段階学習）,WH-000185,143,大学受験基礎,宗教・宗派,イギリス国教会,いぎりすこっきょうかい,アングリカン＝チャーチ,宗教改革期,ヨーロッパ,イングランド,1534年以降,1534,WH-000185-R01,reverse,内容,reverse,どんな宗教・宗派？,**ヘンリ8世**が離婚問題を契機に1534年の首長法で教皇権(きょうこうけん)を否定し、国王を最高首長とする教会を成立させた。,ヘンリ8世,,,世界史の窓：章節別用語リスト,https://www.y-history.net/appendix/appendix-list.html
大学受験世界史・重要300用語（三段階学習）,WH-000185,143,大学受験基礎,宗教・宗派,イギリス国教会,いぎりすこっきょうかい,アングリカン＝チャーチ,宗教改革期,ヨーロッパ,イングランド,1534年以降,1534,WH-000185-R02,reverse,結果・影響,reverse,どのように広がり、何へ影響した？,**イギリス国教会**は、教義は後にプロテスタント化し、カトリック・ピューリタンとの対立がイギリス革命の宗教的背景となった。,イギリス国教会,,,世界史の窓：章節別用語リスト,https://www.y-history.net/appendix/appendix-list.html
大学受験世界史・重要300用語（三段階学習）,WH-000185,143,大学受験基礎,宗教・宗派,イギリス国教会,いぎりすこっきょうかい,アングリカン＝チャーチ,宗教改革期,ヨーロッパ,イングランド,1534年以降,1534,WH-000185-I01,integrated,統合説明,integrated,「イギリス国教会」について説明せよ。,**ヘンリ8世**が離婚問題を契機に1534年の首長法で教皇権(きょうこうけん)を否定し、国王を最高首長とする教会を成立させた。 教義は後にプロテスタント化し、カトリック・ピューリタンとの対立がイギリス革命の宗教的背景となった。,ヘンリ8世,,,世界史の窓：章節別用語リスト,https://www.y-history.net/appendix/appendix-list.html
大学受験世界史・重要300用語（三段階学習）,WH-000186,144,大学受験基礎,人物,カルヴァン,かるゔぁん,ジャン＝カルヴァン,宗教改革期,ヨーロッパ,ジュネーヴ・西ヨーロッパ,1509〜1564年,1536,WH-000186-B01,beginner,用語の特定,identify,予定説を説き、ジュネーヴで厳格な宗教政治を行った宗教改革者は？,カルヴァン,カルヴァン,ジャン＝カルヴァン,,世界史の窓：章節別用語リスト,https://www.y-history.net/appendix/appendix-list.html
大学受験世界史・重要300用語（三段階学習）,WH-000186,144,大学受験基礎,人物,カルヴァン,かるゔぁん,ジャン＝カルヴァン,宗教改革期,ヨーロッパ,ジュネーヴ・西ヨーロッパ,1509〜1564年,1536,WH-000186-B02,beginner,時期,time,カルヴァンが主に活動したのはいつ頃？,1509〜1564年,1509〜1564年,,,世界史の窓：章節別用語リスト,https://www.y-history.net/appendix/appendix-list.html
大学受験世界史・重要300用語（三段階学習）,WH-000186,144,大学受験基礎,人物,カルヴァン,かるゔぁん,ジャン＝カルヴァン,宗教改革期,ヨーロッパ,ジュネーヴ・西ヨーロッパ,1509〜1564年,1536,WH-000186-B03,beginner,教義,content,カルヴァンの中心教義は？,予定説,予定説,,,世界史の窓：章節別用語リスト,https://www.y-history.net/appendix/appendix-list.html
大学受験世界史・重要300用語（三段階学習）,WH-000186,144,大学受験基礎,人物,カルヴァン,かるゔぁん,ジャン＝カルヴァン,宗教改革期,ヨーロッパ,ジュネーヴ・西ヨーロッパ,1509〜1564年,1536,WH-000186-R01,reverse,内容,reverse,何をした？,フランス出身の宗教改革者で、『キリスト教綱要』を著し、救済される者は神によりあらかじめ定められる**予定説**を説いた。,予定説,,,世界史の窓：章節別用語リスト,https://www.y-history.net/appendix/appendix-list.html
大学受験世界史・重要300用語（三段階学習）,WH-000186,144,大学受験基礎,人物,カルヴァン,かるゔぁん,ジャン＝カルヴァン,宗教改革期,ヨーロッパ,ジュネーヴ・西ヨーロッパ,1509〜1564年,1536,WH-000186-R02,reverse,結果・影響,reverse,どのような影響を与えた？,**カルヴァン**は、ジュネーヴで規律ある教会を築き、フランスのユグノー、オランダ改革派、イギリスのピューリタンへ影響した。,カルヴァン,,,世界史の窓：章節別用語リスト,https://www.y-history.net/appendix/appendix-list.html
大学受験世界史・重要300用語（三段階学習）,WH-000186,144,大学受験基礎,人物,カルヴァン,かるゔぁん,ジャン＝カルヴァン,宗教改革期,ヨーロッパ,ジュネーヴ・西ヨーロッパ,1509〜1564年,1536,WH-000186-I01,integrated,統合説明,integrated,「カルヴァン」について説明せよ。,フランス出身の宗教改革者で、『キリスト教綱要』を著し、救済される者は神によりあらかじめ定められる**予定説**を説いた。 ジュネーヴで規律ある教会を築き、フランスのユグノー、オランダ改革派、イギリスのピューリタンへ影響した。,予定説,,,世界史の窓：章節別用語リスト,https://www.y-history.net/appendix/appendix-list.html
大学受験世界史・重要300用語（三段階学習）,WH-000187,145,大学受験基礎,組織・政党,イエズス会,いえずすかい,耶蘇会,宗教改革期,ヨーロッパ・世界,ヨーロッパ・アジア・アメリカ,1540年以降,1540,WH-000187-B01,beginner,用語の特定,identify,イグナティウス＝ロヨラが創設し、教育と海外布教で対抗宗教改革を担った修道会は？,イエズス会,イエズス会,耶蘇会,,世界史の窓：章節別用語リスト,https://www.y-history.net/appendix/appendix-list.html
大学受験世界史・重要300用語（三段階学習）,WH-000187,145,大学受験基礎,組織・政党,イエズス会,いえずすかい,耶蘇会,宗教改革期,ヨーロッパ・世界,ヨーロッパ・アジア・アメリカ,1540年以降,1540,WH-000187-B02,beginner,時期,time,イエズス会が歴史上重要になるのはいつ頃？,1540年以降,1540年以降,,,世界史の窓：章節別用語リスト,https://www.y-history.net/appendix/appendix-list.html
大学受験世界史・重要300用語（三段階学習）,WH-000187,145,大学受験基礎,組織・政党,イエズス会,いえずすかい,耶蘇会,宗教改革期,ヨーロッパ・世界,ヨーロッパ・アジア・アメリカ,1540年以降,1540,WH-000187-B03,beginner,人物,person,イエズス会の創設者は？,イグナティウス＝ロヨラ,イグナティウス＝ロヨラ,,,世界史の窓：章節別用語リスト,https://www.y-history.net/appendix/appendix-list.html
大学受験世界史・重要300用語（三段階学習）,WH-000187,145,大学受験基礎,組織・政党,イエズス会,いえずすかい,耶蘇会,宗教改革期,ヨーロッパ・世界,ヨーロッパ・アジア・アメリカ,1540年以降,1540,WH-000187-R01,reverse,内容,reverse,どんな組織・政党？,**イグナティウス＝ロヨラ**が創設し、教皇への服従・厳格な訓練・教育活動を重視したカトリック修道会。,イグナティウス＝ロヨラ,,,世界史の窓：章節別用語リスト,https://www.y-history.net/appendix/appendix-list.html
大学受験世界史・重要300用語（三段階学習）,WH-000187,145,大学受験基礎,組織・政党,イエズス会,いえずすかい,耶蘇会,宗教改革期,ヨーロッパ・世界,ヨーロッパ・アジア・アメリカ,1540年以降,1540,WH-000187-R02,reverse,結果・影響,reverse,何につながった？,**イエズス会**は、学校設立と宣教師派遣によって対抗宗教改革を支え、フランシスコ＝ザビエルやマテオ＝リッチらがアジア布教を進めた。,イエズス会,,,世界史の窓：章節別用語リスト,https://www.y-history.net/appendix/appendix-list.html
大学受験世界史・重要300用語（三段階学習）,WH-000187,145,大学受験基礎,組織・政党,イエズス会,いえずすかい,耶蘇会,宗教改革期,ヨーロッパ・世界,ヨーロッパ・アジア・アメリカ,1540年以降,1540,WH-000187-I01,integrated,統合説明,integrated,「イエズス会」について説明せよ。,**イグナティウス＝ロヨラ**が創設し、教皇への服従・厳格な訓練・教育活動を重視したカトリック修道会。 学校設立と宣教師派遣によって対抗宗教改革を支え、フランシスコ＝ザビエルやマテオ＝リッチらがアジア布教を進めた。,イグナティウス＝ロヨラ,,,世界史の窓：章節別用語リスト,https://www.y-history.net/appendix/appendix-list.html
大学受験世界史・重要300用語（三段階学習）,WH-000188,41,大学受験基礎,文化・技術・学問,科学革命,かがくかくめい,,近世,ヨーロッパ,西ヨーロッパ,16世紀〜17世紀,1543,WH-000188-B01,beginner,用語の特定,identify,16〜17世紀、観察・実験・数学を重視して近代科学の方法が成立した変化を何という？,科学革命,科学革命,,,世界史の窓：科学革命,https://www.y-history.net/appendix/wh1003-001.html
大学受験世界史・重要300用語（三段階学習）,WH-000188,41,大学受験基礎,文化・技術・学問,科学革命,かがくかくめい,,近世,ヨーロッパ,西ヨーロッパ,16世紀〜17世紀,1543,WH-000188-B02,beginner,中心人物,person,地動説を体系的に唱えたポーランドの天文学者は？,コペルニクス,コペルニクス,,,世界史の窓：科学革命,https://www.y-history.net/appendix/wh1003-001.html
大学受験世界史・重要300用語（三段階学習）,WH-000188,41,大学受験基礎,文化・技術・学問,科学革命,かがくかくめい,,近世,ヨーロッパ,西ヨーロッパ,16世紀〜17世紀,1543,WH-000188-B03,beginner,中心人物,person,万有引力の法則によって天上と地上の運動を統一的に説明した人物は？,ニュートン,ニュートン,アイザック＝ニュートン,,世界史の窓：科学革命,https://www.y-history.net/appendix/wh1003-001.html
大学受験世界史・重要300用語（三段階学習）,WH-000188,41,大学受験基礎,文化・技術・学問,科学革命,かがくかくめい,,近世,ヨーロッパ,西ヨーロッパ,16世紀〜17世紀,1543,WH-000188-R01,reverse,複合説明,reverse,何が起きた？,16〜17世紀に**コペルニクス**の地動説、ケプラー・ガリレイの研究、**ニュートン**の力学へと発展し、観察・実験・数学によって自然法則を説明する近代科学が成立した。自然や社会を理性で理解する啓蒙思想にも影響した。,コペルニクス|地動説|ケプラー|ガリレイ|ニュートン|観察・実験・数学|啓蒙思想,,,世界史の窓：科学革命,https://www.y-history.net/appendix/wh1003-001.html
大学受験世界史・重要300用語（三段階学習）,WH-000188,41,大学受験基礎,文化・技術・学問,科学革命,かがくかくめい,,近世,ヨーロッパ,西ヨーロッパ,16世紀〜17世紀,1543,WH-000188-I01,integrated,統合説明,integrated,「科学革命」について説明せよ。,16〜17世紀、**コペルニクス**の地動説からケプラー・ガリレイを経て**ニュートン**の力学へ進み、観察・実験・数学で自然法則を説明する近代科学が成立した変化。自然と社会を理性で捉える啓蒙思想にも影響した。,コペルニクス|地動説|ケプラー|ガリレイ|ニュートン|観察・実験・数学|啓蒙思想,,,世界史の窓：科学革命,https://www.y-history.net/appendix/wh1003-001.html
大学受験世界史・重要300用語（三段階学習）,WH-000189,146,大学受験基礎,人物,コペルニクス,こぺるにくす,,科学革命期,ヨーロッパ,ポーランド・ヨーロッパ,1473〜1543年,1543,WH-000189-B01,beginner,用語の特定,identify,地球が太陽の周囲を回る地動説を体系化した天文学者は？,コペルニクス,コペルニクス,,,世界史の窓：章節別用語リスト,https://www.y-history.net/appendix/appendix-list.html
大学受験世界史・重要300用語（三段階学習）,WH-000189,146,大学受験基礎,人物,コペルニクス,こぺるにくす,,科学革命期,ヨーロッパ,ポーランド・ヨーロッパ,1473〜1543年,1543,WH-000189-B02,beginner,時期,time,コペルニクスが主に活動したのはいつ頃？,1473〜1543年,1473〜1543年,,,世界史の窓：章節別用語リスト,https://www.y-history.net/appendix/appendix-list.html
大学受験世界史・重要300用語（三段階学習）,WH-000189,146,大学受験基礎,人物,コペルニクス,こぺるにくす,,科学革命期,ヨーロッパ,ポーランド・ヨーロッパ,1473〜1543年,1543,WH-000189-B03,beginner,学説,content,コペルニクスが唱えた宇宙説は？,地動説,地動説,,,世界史の窓：章節別用語リスト,https://www.y-history.net/appendix/appendix-list.html
大学受験世界史・重要300用語（三段階学習）,WH-000189,146,大学受験基礎,人物,コペルニクス,こぺるにくす,,科学革命期,ヨーロッパ,ポーランド・ヨーロッパ,1473〜1543年,1543,WH-000189-R01,reverse,内容,reverse,何をした？,天体観測と数学的計算から、地球を含む惑星が太陽の周囲を回る**地動説**を『天球回転論』で体系化した。,地動説,,,世界史の窓：章節別用語リスト,https://www.y-history.net/appendix/appendix-list.html
大学受験世界史・重要300用語（三段階学習）,WH-000189,146,大学受験基礎,人物,コペルニクス,こぺるにくす,,科学革命期,ヨーロッパ,ポーランド・ヨーロッパ,1473〜1543年,1543,WH-000189-R02,reverse,結果・影響,reverse,どのような影響を与えた？,従来の天動説と教会的宇宙観を揺さぶり、ガリレイ・ケプラー・ニュートンへ続く**科学革命**の出発点となった。,科学革命,,,世界史の窓：章節別用語リスト,https://www.y-history.net/appendix/appendix-list.html
大学受験世界史・重要300用語（三段階学習）,WH-000189,146,大学受験基礎,人物,コペルニクス,こぺるにくす,,科学革命期,ヨーロッパ,ポーランド・ヨーロッパ,1473〜1543年,1543,WH-000189-I01,integrated,統合説明,integrated,「コペルニクス」について説明せよ。,天体観測と数学的計算から、地球を含む惑星が太陽の周囲を回る**地動説**を『天球回転論』で体系化した。 従来の天動説と教会的宇宙観を揺さぶり、ガリレイ・ケプラー・ニュートンへ続く**科学革命**の出発点となった。,地動説|科学革命,,,世界史の窓：章節別用語リスト,https://www.y-history.net/appendix/appendix-list.html
大学受験世界史・重要300用語（三段階学習）,WH-000190,147,大学受験基礎,運動,対抗宗教改革,たいこうしゅうきょうかいかく,カトリック改革,宗教改革期,ヨーロッパ・世界,カトリック圏と海外布教地,16〜17世紀,1545,WH-000190-B01,beginner,用語の特定,identify,プロテスタントの拡大に対し、カトリック教会が内部改革と布教を進めた運動は？,対抗宗教改革,対抗宗教改革,カトリック改革,,世界史の窓：章節別用語リスト,https://www.y-history.net/appendix/appendix-list.html
大学受験世界史・重要300用語（三段階学習）,WH-000190,147,大学受験基礎,運動,対抗宗教改革,たいこうしゅうきょうかいかく,カトリック改革,宗教改革期,ヨーロッパ・世界,カトリック圏と海外布教地,16〜17世紀,1545,WH-000190-B02,beginner,時期,time,対抗宗教改革が盛んになったのはいつ頃？,16〜17世紀,16〜17世紀,,,世界史の窓：章節別用語リスト,https://www.y-history.net/appendix/appendix-list.html
大学受験世界史・重要300用語（三段階学習）,WH-000190,147,大学受験基礎,運動,対抗宗教改革,たいこうしゅうきょうかいかく,カトリック改革,宗教改革期,ヨーロッパ・世界,カトリック圏と海外布教地,16〜17世紀,1545,WH-000190-B03,beginner,会議,relation,教義確認と教会改革を行った公会議は？,トリエント公会議,トリエント公会議,,,世界史の窓：章節別用語リスト,https://www.y-history.net/appendix/appendix-list.html
大学受験世界史・重要300用語（三段階学習）,WH-000190,147,大学受験基礎,運動,対抗宗教改革,たいこうしゅうきょうかいかく,カトリック改革,宗教改革期,ヨーロッパ・世界,カトリック圏と海外布教地,16〜17世紀,1545,WH-000190-R01,reverse,内容,reverse,どんな運動？,カトリック教会がプロテスタントに対抗し、**トリエント公会議**で教義を確認して聖職者規律・教育を改革した運動。,トリエント公会議,,,世界史の窓：章節別用語リスト,https://www.y-history.net/appendix/appendix-list.html
大学受験世界史・重要300用語（三段階学習）,WH-000190,147,大学受験基礎,運動,対抗宗教改革,たいこうしゅうきょうかいかく,カトリック改革,宗教改革期,ヨーロッパ・世界,カトリック圏と海外布教地,16〜17世紀,1545,WH-000190-R02,reverse,結果・影響,reverse,何につながった？,**イエズス会**の教育・海外布教と結びつき、南欧・中欧でカトリック勢力を立て直し、世界的布教を進めた。,イエズス会,,,世界史の窓：章節別用語リスト,https://www.y-history.net/appendix/appendix-list.html
大学受験世界史・重要300用語（三段階学習）,WH-000190,147,大学受験基礎,運動,対抗宗教改革,たいこうしゅうきょうかいかく,カトリック改革,宗教改革期,ヨーロッパ・世界,カトリック圏と海外布教地,16〜17世紀,1545,WH-000190-I01,integrated,統合説明,integrated,「対抗宗教改革」について説明せよ。,カトリック教会がプロテスタントに対抗し、**トリエント公会議**で教義を確認して聖職者規律・教育を改革した運動。 **イエズス会**の教育・海外布教と結びつき、南欧・中欧でカトリック勢力を立て直し、世界的布教を進めた。,トリエント公会議|イエズス会,,,世界史の窓：章節別用語リスト,https://www.y-history.net/appendix/appendix-list.html
大学受験世界史・重要300用語（三段階学習）,WH-000191,148,大学受験基礎,制度・政策・法律,主権国家体制,しゅけんこっかたいせい,,近世ヨーロッパ,ヨーロッパ,ヨーロッパ諸国,16〜17世紀に形成,1550,WH-000191-B01,beginner,用語の特定,identify,一定領域内で最高権力をもつ国家が相互に独立して並び立つ国際秩序を何という？,主権国家体制,主権国家体制,,,世界史の窓：章節別用語リスト,https://www.y-history.net/appendix/appendix-list.html
大学受験世界史・重要300用語（三段階学習）,WH-000191,148,大学受験基礎,制度・政策・法律,主権国家体制,しゅけんこっかたいせい,,近世ヨーロッパ,ヨーロッパ,ヨーロッパ諸国,16〜17世紀に形成,1550,WH-000191-B02,beginner,時期,time,主権国家体制が成立・実施されたのはいつ頃？,16〜17世紀に形成,16〜17世紀に形成,,,世界史の窓：章節別用語リスト,https://www.y-history.net/appendix/appendix-list.html
大学受験世界史・重要300用語（三段階学習）,WH-000191,148,大学受験基礎,制度・政策・法律,主権国家体制,しゅけんこっかたいせい,,近世ヨーロッパ,ヨーロッパ,ヨーロッパ諸国,16〜17世紀に形成,1550,WH-000191-B03,beginner,条約,relation,主権国家体制を明確にした条約は？,ウェストファリア条約,ウェストファリア条約,,,世界史の窓：章節別用語リスト,https://www.y-history.net/appendix/appendix-list.html
大学受験世界史・重要300用語（三段階学習）,WH-000191,148,大学受験基礎,制度・政策・法律,主権国家体制,しゅけんこっかたいせい,,近世ヨーロッパ,ヨーロッパ,ヨーロッパ諸国,16〜17世紀に形成,1550,WH-000191-R01,reverse,内容,reverse,どんな制度・政策・法律？,国王が領域内の軍事・課税・司法を集中し、外部の教皇・皇帝に従属しない**主権**をもつ国家が並立する体制。,主権,,,世界史の窓：章節別用語リスト,https://www.y-history.net/appendix/appendix-list.html
大学受験世界史・重要300用語（三段階学習）,WH-000191,148,大学受験基礎,制度・政策・法律,主権国家体制,しゅけんこっかたいせい,,近世ヨーロッパ,ヨーロッパ,ヨーロッパ諸国,16〜17世紀に形成,1550,WH-000191-R02,reverse,結果・影響,reverse,どのような影響を与えた？,宗教戦争と三十年戦争を経て**ウェストファリア条約**で明確化され、近代国際関係の基本原理となった。,ウェストファリア条約,,,世界史の窓：章節別用語リスト,https://www.y-history.net/appendix/appendix-list.html
大学受験世界史・重要300用語（三段階学習）,WH-000191,148,大学受験基礎,制度・政策・法律,主権国家体制,しゅけんこっかたいせい,,近世ヨーロッパ,ヨーロッパ,ヨーロッパ諸国,16〜17世紀に形成,1550,WH-000191-I01,integrated,統合説明,integrated,「主権国家体制」について説明せよ。,国王が領域内の軍事・課税・司法を集中し、外部の教皇・皇帝に従属しない**主権**をもつ国家が並立する体制。 宗教戦争と三十年戦争を経て**ウェストファリア条約**で明確化され、近代国際関係の基本原理となった。,主権|ウェストファリア条約,,,世界史の窓：章節別用語リスト,https://www.y-history.net/appendix/appendix-list.html
大学受験世界史・重要300用語（三段階学習）,WH-000192,149,大学受験基礎,人物,アクバル,あくばる,,ムガル帝国,南アジア,インド亜大陸,1556〜1605年,1556,WH-000192-B01,beginner,用語の特定,identify,ジズヤを廃止して宗教融和を進め、ムガル帝国の支配を確立した皇帝は？,アクバル,アクバル,,,世界史の窓：章節別用語リスト,https://www.y-history.net/appendix/appendix-list.html
大学受験世界史・重要300用語（三段階学習）,WH-000192,149,大学受験基礎,人物,アクバル,あくばる,,ムガル帝国,南アジア,インド亜大陸,1556〜1605年,1556,WH-000192-B02,beginner,時期,time,アクバルが主に活動したのはいつ頃？,1556〜1605年,1556〜1605年,,,世界史の窓：章節別用語リスト,https://www.y-history.net/appendix/appendix-list.html
大学受験世界史・重要300用語（三段階学習）,WH-000192,149,大学受験基礎,人物,アクバル,あくばる,,ムガル帝国,南アジア,インド亜大陸,1556〜1605年,1556,WH-000192-B03,beginner,税,content,アクバルが非ムスリムに対して廃止した税は？,ジズヤ,ジズヤ,,,世界史の窓：章節別用語リスト,https://www.y-history.net/appendix/appendix-list.html
大学受験世界史・重要300用語（三段階学習）,WH-000192,149,大学受験基礎,人物,アクバル,あくばる,,ムガル帝国,南アジア,インド亜大陸,1556〜1605年,1556,WH-000192-R01,reverse,内容,reverse,何をした？,ラージプート諸侯(しょこう)を登用し、非ムスリムへの**ジズヤ**を廃止して宗教融和を進め、官僚・軍人を位階化する制度を整えた。,ジズヤ,,,世界史の窓：章節別用語リスト,https://www.y-history.net/appendix/appendix-list.html
大学受験世界史・重要300用語（三段階学習）,WH-000192,149,大学受験基礎,人物,アクバル,あくばる,,ムガル帝国,南アジア,インド亜大陸,1556〜1605年,1556,WH-000192-R02,reverse,結果・影響,reverse,どのような影響を与えた？,**アクバル**は、北インドの広域支配を安定させ、イスラームとインド文化が融合するムガル帝国の最盛期の基礎を築いた。,アクバル,,,世界史の窓：章節別用語リスト,https://www.y-history.net/appendix/appendix-list.html
大学受験世界史・重要300用語（三段階学習）,WH-000192,149,大学受験基礎,人物,アクバル,あくばる,,ムガル帝国,南アジア,インド亜大陸,1556〜1605年,1556,WH-000192-I01,integrated,統合説明,integrated,「アクバル」について説明せよ。,ラージプート諸侯(しょこう)を登用し、非ムスリムへの**ジズヤ**を廃止して宗教融和を進め、官僚・軍人を位階化する制度を整えた。 北インドの広域支配を安定させ、イスラームとインド文化が融合するムガル帝国の最盛期の基礎を築いた。,ジズヤ,,,世界史の窓：章節別用語リスト,https://www.y-history.net/appendix/appendix-list.html
大学受験世界史・重要300用語（三段階学習）,WH-000193,296,大学受験標準,制度・政策・法律,一条鞭法,いちじょうべんぽう,,明代中国,東アジア,中国,16世紀後半,1581,WH-000193-B01,beginner,用語の特定,identify,明で土地税・人頭税・徭役(ようえき)などを銀納に一本化した税制は？,一条鞭法(いちじょうべんぽう),一条鞭法,,,世界史の窓：章節別用語リスト,https://www.y-history.net/appendix/appendix-list.html
大学受験世界史・重要300用語（三段階学習）,WH-000193,296,大学受験標準,制度・政策・法律,一条鞭法,いちじょうべんぽう,,明代中国,東アジア,中国,16世紀後半,1581,WH-000193-B02,beginner,時期,time,一条鞭法(いちじょうべんぽう)が成立・実施されたのはいつ頃？,16世紀後半,16世紀後半,,,世界史の窓：章節別用語リスト,https://www.y-history.net/appendix/appendix-list.html
大学受験世界史・重要300用語（三段階学習）,WH-000193,296,大学受験標準,制度・政策・法律,一条鞭法,いちじょうべんぽう,,明代中国,東アジア,中国,16世紀後半,1581,WH-000193-B03,beginner,納税手段,content,一条鞭法(いちじょうべんぽう)で納税の中心となった貨幣は？,銀,銀,,,世界史の窓：章節別用語リスト,https://www.y-history.net/appendix/appendix-list.html
大学受験世界史・重要300用語（三段階学習）,WH-000193,296,大学受験標準,制度・政策・法律,一条鞭法,いちじょうべんぽう,,明代中国,東アジア,中国,16世紀後半,1581,WH-000193-R01,reverse,内容,reverse,どんな制度・政策・法律？,16世紀後半、複雑な土地税・人頭税・徭役(ようえき)をまとめ、土地面積などを基準に**銀**で納めさせた税制。,銀,,,世界史の窓：章節別用語リスト,https://www.y-history.net/appendix/appendix-list.html
大学受験世界史・重要300用語（三段階学習）,WH-000193,296,大学受験標準,制度・政策・法律,一条鞭法,いちじょうべんぽう,,明代中国,東アジア,中国,16世紀後半,1581,WH-000193-R02,reverse,結果・影響,reverse,どのような影響を与えた？,**一条鞭法(いちじょうべんぽう)**は、日本銀・アメリカ銀の流入を背景に中国の銀経済を定着させ、清の地丁銀制(ちていぎんせい)へつながった。,一条鞭法,,,世界史の窓：章節別用語リスト,https://www.y-history.net/appendix/appendix-list.html
大学受験世界史・重要300用語（三段階学習）,WH-000193,296,大学受験標準,制度・政策・法律,一条鞭法,いちじょうべんぽう,,明代中国,東アジア,中国,16世紀後半,1581,WH-000193-I01,integrated,統合説明,integrated,「一条鞭法(いちじょうべんぽう)」について説明せよ。,16世紀後半、複雑な土地税・人頭税・徭役(ようえき)をまとめ、土地面積などを基準に**銀**で納めさせた税制。 日本銀・アメリカ銀の流入を背景に中国の銀経済を定着させ、清の地丁銀制(ちていぎんせい)へつながった。,銀,,,世界史の窓：章節別用語リスト,https://www.y-history.net/appendix/appendix-list.html
大学受験世界史・重要300用語（三段階学習）,WH-000194,30,大学受験基礎,制度・政策・法律,絶対王政,ぜったいおうせい,絶対主義,近世,ヨーロッパ,西ヨーロッパを中心とする主権国家,16世紀〜18世紀,1600,WH-000194-B01,beginner,用語の特定,identify,16〜18世紀、国王が官僚・常備軍を用いて権力を集中した政治体制は？,絶対王政,絶対王政,絶対主義,,世界史の窓：絶対王政,https://www.y-history.net/appendix/wh0904-020.html
大学受験世界史・重要300用語（三段階学習）,WH-000194,30,大学受験基礎,制度・政策・法律,絶対王政,ぜったいおうせい,絶対主義,近世,ヨーロッパ,西ヨーロッパを中心とする主権国家,16世紀〜18世紀,1600,WH-000194-B02,beginner,中心人物,person,「太陽王」と呼ばれ、フランス絶対王政を代表する国王は？,ルイ14世,ルイ14世,ルイ十四世,,世界史の窓：絶対王政,https://www.y-history.net/appendix/wh0904-020.html
大学受験世界史・重要300用語（三段階学習）,WH-000194,30,大学受験基礎,制度・政策・法律,絶対王政,ぜったいおうせい,絶対主義,近世,ヨーロッパ,西ヨーロッパを中心とする主権国家,16世紀〜18世紀,1600,WH-000194-B03,beginner,経済政策,content,国家が輸出を奨励し、金銀の蓄積と産業保護を図った政策は？,重商主義,重商主義,,,世界史の窓：絶対王政,https://www.y-history.net/appendix/wh0904-020.html
大学受験世界史・重要300用語（三段階学習）,WH-000194,30,大学受験基礎,制度・政策・法律,絶対王政,ぜったいおうせい,絶対主義,近世,ヨーロッパ,西ヨーロッパを中心とする主権国家,16世紀〜18世紀,1600,WH-000194-R01,reverse,複合説明,reverse,どんな政治体制？,16〜18世紀のヨーロッパで、国王が**王権神授説**を掲げ、官僚・常備軍・統一税制を整えて中央集権化した体制。経済面では**重商主義**を進め、**ルイ14世**のフランスが代表例だが、身分制や特権は残った。,王権神授説|官僚|常備軍|中央集権|重商主義|ルイ14世|身分制,,,世界史の窓：絶対王政,https://www.y-history.net/appendix/wh0904-020.html
大学受験世界史・重要300用語（三段階学習）,WH-000194,30,大学受験基礎,制度・政策・法律,絶対王政,ぜったいおうせい,絶対主義,近世,ヨーロッパ,西ヨーロッパを中心とする主権国家,16世紀〜18世紀,1600,WH-000194-I01,integrated,統合説明,integrated,「絶対王政」について説明せよ。,16〜18世紀のヨーロッパで、国王が**王権神授説**を掲げ、官僚・常備軍・統一税制を整えて権力を集中した政治体制。**重商主義**を進めた**ルイ14世**のフランスが代表例だが、身分制と特権はなお残った。,王権神授説|官僚|常備軍|重商主義|ルイ14世|身分制,,,世界史の窓：絶対王政,https://www.y-history.net/appendix/wh0904-020.html
大学受験世界史・重要300用語（三段階学習）,WH-000195,150,大学受験基礎,思想・主義,重商主義,じゅうしょうしゅぎ,,近世ヨーロッパ,ヨーロッパ・世界,ヨーロッパ諸国と植民地,16〜18世紀,1600,WH-000195-B01,beginner,用語の特定,identify,国家が輸出奨励・輸入制限・植民地獲得で金銀と国力を増やそうとした経済政策は？,重商主義,重商主義,,,世界史の窓：章節別用語リスト,https://www.y-history.net/appendix/appendix-list.html
大学受験世界史・重要300用語（三段階学習）,WH-000195,150,大学受験基礎,思想・主義,重商主義,じゅうしょうしゅぎ,,近世ヨーロッパ,ヨーロッパ・世界,ヨーロッパ諸国と植民地,16〜18世紀,1600,WH-000195-B02,beginner,時期,time,重商主義が成立・発展したのはいつ頃？,16〜18世紀,16〜18世紀,,,世界史の窓：章節別用語リスト,https://www.y-history.net/appendix/appendix-list.html
大学受験世界史・重要300用語（三段階学習）,WH-000195,150,大学受験基礎,思想・主義,重商主義,じゅうしょうしゅぎ,,近世ヨーロッパ,ヨーロッパ・世界,ヨーロッパ諸国と植民地,16〜18世紀,1600,WH-000195-B03,beginner,目標,content,重商主義で国家が増加を目指したものは？,金銀・貿易黒字,金銀・貿易黒字,,,世界史の窓：章節別用語リスト,https://www.y-history.net/appendix/appendix-list.html
大学受験世界史・重要300用語（三段階学習）,WH-000195,150,大学受験基礎,思想・主義,重商主義,じゅうしょうしゅぎ,,近世ヨーロッパ,ヨーロッパ・世界,ヨーロッパ諸国と植民地,16〜18世紀,1600,WH-000195-R01,reverse,内容,reverse,どんな考え？,国家が関税・独占会社・産業保護・植民地支配を通じて輸出を増やし、**金銀**と貿易黒字を蓄積しようとした政策思想。,金銀,,,世界史の窓：章節別用語リスト,https://www.y-history.net/appendix/appendix-list.html
大学受験世界史・重要300用語（三段階学習）,WH-000195,150,大学受験基礎,思想・主義,重商主義,じゅうしょうしゅぎ,,近世ヨーロッパ,ヨーロッパ・世界,ヨーロッパ諸国と植民地,16〜18世紀,1600,WH-000195-R02,reverse,結果・影響,reverse,どのような影響を与えた？,**重商主義**は、絶対王政の財政と海軍を支え、英仏蘭の植民地競争を激化させ、後に自由貿易論の批判対象となった。,重商主義,,,世界史の窓：章節別用語リスト,https://www.y-history.net/appendix/appendix-list.html
大学受験世界史・重要300用語（三段階学習）,WH-000195,150,大学受験基礎,思想・主義,重商主義,じゅうしょうしゅぎ,,近世ヨーロッパ,ヨーロッパ・世界,ヨーロッパ諸国と植民地,16〜18世紀,1600,WH-000195-I01,integrated,統合説明,integrated,「重商主義」について説明せよ。,国家が関税・独占会社・産業保護・植民地支配を通じて輸出を増やし、**金銀**と貿易黒字を蓄積しようとした政策思想。 絶対王政の財政と海軍を支え、英仏蘭の植民地競争を激化させ、後に自由貿易論の批判対象となった。,金銀,,,世界史の窓：章節別用語リスト,https://www.y-history.net/appendix/appendix-list.html
大学受験世界史・重要300用語（三段階学習）,WH-000196,151,大学受験基礎,人物,ガリレイ,がりれい,ガリレオ＝ガリレイ,科学革命期,ヨーロッパ,イタリア,1564〜1642年,1610,WH-000196-B01,beginner,用語の特定,identify,望遠鏡観測で地動説を支持し、宗教裁判を受けたイタリアの科学者は？,ガリレイ,ガリレイ,ガリレオ＝ガリレイ,,世界史の窓：章節別用語リスト,https://www.y-history.net/appendix/appendix-list.html
大学受験世界史・重要300用語（三段階学習）,WH-000196,151,大学受験基礎,人物,ガリレイ,がりれい,ガリレオ＝ガリレイ,科学革命期,ヨーロッパ,イタリア,1564〜1642年,1610,WH-000196-B02,beginner,時期,time,ガリレイが主に活動したのはいつ頃？,1564〜1642年,1564〜1642年,,,世界史の窓：章節別用語リスト,https://www.y-history.net/appendix/appendix-list.html
大学受験世界史・重要300用語（三段階学習）,WH-000196,151,大学受験基礎,人物,ガリレイ,がりれい,ガリレオ＝ガリレイ,科学革命期,ヨーロッパ,イタリア,1564〜1642年,1610,WH-000196-B03,beginner,器具,content,ガリレイが観測に用いた器具は？,望遠鏡,望遠鏡,,,世界史の窓：章節別用語リスト,https://www.y-history.net/appendix/appendix-list.html
大学受験世界史・重要300用語（三段階学習）,WH-000196,151,大学受験基礎,人物,ガリレイ,がりれい,ガリレオ＝ガリレイ,科学革命期,ヨーロッパ,イタリア,1564〜1642年,1610,WH-000196-R01,reverse,内容,reverse,何をした？,改良した**望遠鏡**で木星の衛星・金星の満ち欠けなどを観測し、実験と数学に基づいて地動説を支持した。,望遠鏡,,,世界史の窓：章節別用語リスト,https://www.y-history.net/appendix/appendix-list.html
大学受験世界史・重要300用語（三段階学習）,WH-000196,151,大学受験基礎,人物,ガリレイ,がりれい,ガリレオ＝ガリレイ,科学革命期,ヨーロッパ,イタリア,1564〜1642年,1610,WH-000196-R02,reverse,結果・影響,reverse,どのような影響を与えた？,**ガリレイ**は、宗教裁判で説の撤回を命じられたが、観察・実験を重視する近代科学的方法を確立する上で重要な役割を果たした。,ガリレイ,,,世界史の窓：章節別用語リスト,https://www.y-history.net/appendix/appendix-list.html
大学受験世界史・重要300用語（三段階学習）,WH-000196,151,大学受験基礎,人物,ガリレイ,がりれい,ガリレオ＝ガリレイ,科学革命期,ヨーロッパ,イタリア,1564〜1642年,1610,WH-000196-I01,integrated,統合説明,integrated,「ガリレイ」について説明せよ。,改良した**望遠鏡**で木星の衛星・金星の満ち欠けなどを観測し、実験と数学に基づいて地動説を支持した。 宗教裁判で説の撤回を命じられたが、観察・実験を重視する近代科学的方法を確立する上で重要な役割を果たした。,望遠鏡,,,世界史の窓：章節別用語リスト,https://www.y-history.net/appendix/appendix-list.html
大学受験世界史・重要300用語（三段階学習）,WH-000197,152,大学受験基礎,戦争,三十年戦争,さんじゅうねんせんそう,,近世ヨーロッパ,ヨーロッパ,神聖ローマ帝国を中心,1618〜1648年,1618,WH-000197-B01,beginner,用語の特定,identify,神聖ローマ帝国の宗教対立から始まり、列強が介入した国際戦争は？,三十年戦争,三十年戦争,,,世界史の窓：章節別用語リスト,https://www.y-history.net/appendix/appendix-list.html
大学受験世界史・重要300用語（三段階学習）,WH-000197,152,大学受験基礎,戦争,三十年戦争,さんじゅうねんせんそう,,近世ヨーロッパ,ヨーロッパ,神聖ローマ帝国を中心,1618〜1648年,1618,WH-000197-B02,beginner,時期,time,三十年戦争が起きたのはいつ？,1618〜1648年,1618〜1648年,,,世界史の窓：章節別用語リスト,https://www.y-history.net/appendix/appendix-list.html
大学受験世界史・重要300用語（三段階学習）,WH-000197,152,大学受験基礎,戦争,三十年戦争,さんじゅうねんせんそう,,近世ヨーロッパ,ヨーロッパ,神聖ローマ帝国を中心,1618〜1648年,1618,WH-000197-B03,beginner,条約,relation,三十年戦争を終結させた条約は？,ウェストファリア条約,ウェストファリア条約,,,世界史の窓：章節別用語リスト,https://www.y-history.net/appendix/appendix-list.html
大学受験世界史・重要300用語（三段階学習）,WH-000197,152,大学受験基礎,戦争,三十年戦争,さんじゅうねんせんそう,,近世ヨーロッパ,ヨーロッパ,神聖ローマ帝国を中心,1618〜1648年,1618,WH-000197-R01,reverse,内容,reverse,なぜ起き、何が起きた？,**三十年戦争**は、ベーメンのプロテスタント反乱を契機に、神聖ローマ帝国内の宗教対立へデンマーク・スウェーデン・フランスなどが介入した。,三十年戦争,,,世界史の窓：章節別用語リスト,https://www.y-history.net/appendix/appendix-list.html
大学受験世界史・重要300用語（三段階学習）,WH-000197,152,大学受験基礎,戦争,三十年戦争,さんじゅうねんせんそう,,近世ヨーロッパ,ヨーロッパ,神聖ローマ帝国を中心,1618〜1648年,1618,WH-000197-R02,reverse,結果・影響,reverse,どんな結果をもたらした？,ドイツ地域を荒廃させ、1648年の**ウェストファリア条約**で終結し、宗教戦争から主権国家間の国際政治へ転換した。,ウェストファリア条約,,,世界史の窓：章節別用語リスト,https://www.y-history.net/appendix/appendix-list.html
大学受験世界史・重要300用語（三段階学習）,WH-000197,152,大学受験基礎,戦争,三十年戦争,さんじゅうねんせんそう,,近世ヨーロッパ,ヨーロッパ,神聖ローマ帝国を中心,1618〜1648年,1618,WH-000197-I01,integrated,統合説明,integrated,「三十年戦争」について説明せよ。,ベーメンのプロテスタント反乱を契機に、神聖ローマ帝国内の宗教対立へデンマーク・スウェーデン・フランスなどが介入した。 ドイツ地域を荒廃させ、1648年の**ウェストファリア条約**で終結し、宗教戦争から主権国家間の国際政治へ転換した。,ウェストファリア条約,,,世界史の窓：章節別用語リスト,https://www.y-history.net/appendix/appendix-list.html
大学受験世界史・重要300用語（三段階学習）,WH-000198,31,大学受験基礎,事件・革命,イギリス革命,いぎりすかくめい,市民革命,近世,ヨーロッパ,イングランドを中心とするブリテン諸島,1640年代〜1689年,1642,WH-000198-B01,beginner,用語の特定,identify,17世紀、国王と議会の対立から始まり、イギリスの立憲政治確立につながった一連の革命は？,イギリス革命,イギリス革命,市民革命,,世界史の窓：イギリス革命,https://www.y-history.net/appendix/wh1001-031.html
大学受験世界史・重要300用語（三段階学習）,WH-000198,31,大学受験基礎,事件・革命,イギリス革命,いぎりすかくめい,市民革命,近世,ヨーロッパ,イングランドを中心とするブリテン諸島,1640年代〜1689年,1642,WH-000198-B02,beginner,中心人物,person,清教徒革命で議会派を率い、国王処刑後に護国卿となった人物は？,クロムウェル,クロムウェル,オリヴァー＝クロムウェル,,世界史の窓：イギリス革命,https://www.y-history.net/appendix/wh1001-031.html
大学受験世界史・重要300用語（三段階学習）,WH-000198,31,大学受験基礎,事件・革命,イギリス革命,いぎりすかくめい,市民革命,近世,ヨーロッパ,イングランドを中心とするブリテン諸島,1640年代〜1689年,1642,WH-000198-B03,beginner,文書,content,名誉革命後の1689年に成立し、国王権力を議会の法に従わせた文書は？,権利の章典,権利の章典,権利章典,,世界史の窓：イギリス革命,https://www.y-history.net/appendix/wh1001-031.html
大学受験世界史・重要300用語（三段階学習）,WH-000198,31,大学受験基礎,事件・革命,イギリス革命,いぎりすかくめい,市民革命,近世,ヨーロッパ,イングランドを中心とするブリテン諸島,1640年代〜1689年,1642,WH-000198-R01,reverse,時期,reverse,進展したのはいつ？,1640年代の**清教徒革命**から、王政復古を経て1688年の**名誉革命**、1689年の**権利の章典**成立まで進んだ。,清教徒革命|名誉革命|権利の章典|1640年代|1689年,,,世界史の窓：イギリス革命,https://www.y-history.net/appendix/wh1001-031.html
大学受験世界史・重要300用語（三段階学習）,WH-000198,31,大学受験基礎,事件・革命,イギリス革命,いぎりすかくめい,市民革命,近世,ヨーロッパ,イングランドを中心とするブリテン諸島,1640年代〜1689年,1642,WH-000198-R02,reverse,内容・結果,reverse,何が起き、何が確立した？,国王と議会の対立から内戦となり、議会派が勝利してチャールズ1世を処刑し共和政を樹立した。王政復古後の名誉革命では議会が国王を交代させ、**議会主権**と**立憲君主政**の基礎を確立した。,国王と議会の対立|チャールズ1世|共和政|議会主権|立憲君主政,,,世界史の窓：イギリス革命,https://www.y-history.net/appendix/wh1001-031.html
大学受験世界史・重要300用語（三段階学習）,WH-000198,31,大学受験基礎,事件・革命,イギリス革命,いぎりすかくめい,市民革命,近世,ヨーロッパ,イングランドを中心とするブリテン諸島,1640年代〜1689年,1642,WH-000198-I01,integrated,統合説明,integrated,「イギリス革命」について説明せよ。,1640年代の**清教徒革命**から1688年の**名誉革命**に至る一連の変革。内戦・国王処刑・共和政・王政復古を経て、1689年の**権利の章典**により**議会主権**と**立憲君主政**の基礎が確立した。,清教徒革命|名誉革命|権利の章典|議会主権|立憲君主政,,,世界史の窓：イギリス革命,https://www.y-history.net/appendix/wh1001-031.html
大学受験世界史・重要300用語（三段階学習）,WH-000199,153,大学受験基礎,事件・革命,ピューリタン革命,ぴゅーりたんかくめい,清教徒革命,近世イギリス,ヨーロッパ,イングランド・スコットランド・アイルランド,1642〜1649年,1642,WH-000199-B01,beginner,用語の特定,identify,国王チャールズ1世と議会が戦い、クロムウェルの議会軍が勝利した革命は？,ピューリタン革命,ピューリタン革命,清教徒革命,,世界史の窓：章節別用語リスト,https://www.y-history.net/appendix/appendix-list.html
大学受験世界史・重要300用語（三段階学習）,WH-000199,153,大学受験基礎,事件・革命,ピューリタン革命,ぴゅーりたんかくめい,清教徒革命,近世イギリス,ヨーロッパ,イングランド・スコットランド・アイルランド,1642〜1649年,1642,WH-000199-B02,beginner,時期,time,ピューリタン革命が起きたのはいつ？,1642〜1649年,1642〜1649年,,,世界史の窓：章節別用語リスト,https://www.y-history.net/appendix/appendix-list.html
大学受験世界史・重要300用語（三段階学習）,WH-000199,153,大学受験基礎,事件・革命,ピューリタン革命,ぴゅーりたんかくめい,清教徒革命,近世イギリス,ヨーロッパ,イングランド・スコットランド・アイルランド,1642〜1649年,1642,WH-000199-B03,beginner,人物,person,ピューリタン革命で議会軍を率いた人物は？,クロムウェル,クロムウェル,,,世界史の窓：章節別用語リスト,https://www.y-history.net/appendix/appendix-list.html
大学受験世界史・重要300用語（三段階学習）,WH-000199,153,大学受験基礎,事件・革命,ピューリタン革命,ぴゅーりたんかくめい,清教徒革命,近世イギリス,ヨーロッパ,イングランド・スコットランド・アイルランド,1642〜1649年,1642,WH-000199-R01,reverse,内容,reverse,何が起きた？,課税・宗教・国王大権をめぐり**チャールズ1世**と議会が内戦となり、ピューリタンを中心とするクロムウェルの新型軍が勝利した。,チャールズ1世,,,世界史の窓：章節別用語リスト,https://www.y-history.net/appendix/appendix-list.html
大学受験世界史・重要300用語（三段階学習）,WH-000199,153,大学受験基礎,事件・革命,ピューリタン革命,ぴゅーりたんかくめい,清教徒革命,近世イギリス,ヨーロッパ,イングランド・スコットランド・アイルランド,1642〜1649年,1642,WH-000199-R02,reverse,結果・影響,reverse,何につながった？,**ピューリタン革命**は、国王を処刑して共和政を成立させ、王権神授説を否定して議会政治発展の画期となった。,ピューリタン革命,,,世界史の窓：章節別用語リスト,https://www.y-history.net/appendix/appendix-list.html
大学受験世界史・重要300用語（三段階学習）,WH-000199,153,大学受験基礎,事件・革命,ピューリタン革命,ぴゅーりたんかくめい,清教徒革命,近世イギリス,ヨーロッパ,イングランド・スコットランド・アイルランド,1642〜1649年,1642,WH-000199-I01,integrated,統合説明,integrated,「ピューリタン革命」について説明せよ。,課税・宗教・国王大権をめぐり**チャールズ1世**と議会が内戦となり、ピューリタンを中心とするクロムウェルの新型軍が勝利した。 国王を処刑して共和政を成立させ、王権神授説を否定して議会政治発展の画期となった。,チャールズ1世,,,世界史の窓：章節別用語リスト,https://www.y-history.net/appendix/appendix-list.html
大学受験世界史・重要300用語（三段階学習）,WH-000200,37,大学受験基礎,国家・王朝,清,しん,,近世〜近代,東アジア,中国・満洲・モンゴル・新疆・チベット,1636年〜1912年,1644,WH-000200-B01,beginner,用語の特定,identify,満洲人(まんしゅうじん)が建て、1644年に北京(ぺきん)へ入って中国を支配した最後の王朝は？,清(しん),清,,,世界史の窓：清,https://www.y-history.net/appendix/wh0802-000.html
大学受験世界史・重要300用語（三段階学習）,WH-000200,37,大学受験基礎,国家・王朝,清,しん,,近世〜近代,東アジア,中国・満洲・モンゴル・新疆・チベット,1636年〜1912年,1644,WH-000200-B02,beginner,民族,actor,清を建国した民族は？,満洲人(まんしゅうじん),満洲人,女真人|満州人,,世界史の窓：清,https://www.y-history.net/appendix/wh0802-000.html
大学受験世界史・重要300用語（三段階学習）,WH-000200,37,大学受験基礎,国家・王朝,清,しん,,近世〜近代,東アジア,中国・満洲・モンゴル・新疆・チベット,1636年〜1912年,1644,WH-000200-B03,beginner,制度,content,清の満洲人(まんしゅうじん)社会と軍事を組織した制度は？,八旗(はっき),八旗,八旗制,,世界史の窓：清,https://www.y-history.net/appendix/wh0802-000.html
大学受験世界史・重要300用語（三段階学習）,WH-000200,37,大学受験基礎,国家・王朝,清,しん,,近世〜近代,東アジア,中国・満洲・モンゴル・新疆・チベット,1636年〜1912年,1644,WH-000200-R01,reverse,複合説明,reverse,何をした？,満洲人(まんしゅうじん)が建て、1644年に北京(ぺきん)へ入って中国を支配した。**八旗(はっき)**を基盤に漢人官僚も利用し、**康熙帝・雍正帝・乾隆帝(こうきてい・ようせいてい・けんりゅうてい)**の時代に領土を拡大した。海禁(かいきん)緩和後は広州(こうしゅう)貿易を管理したが、19世紀に列強の圧力と国内反乱で弱体化し、**1912年**に滅亡した。,満洲人|八旗|康熙帝|雍正帝|乾隆帝|広州貿易|列強|1912年,,,世界史の窓：清,https://www.y-history.net/appendix/wh0802-000.html
大学受験世界史・重要300用語（三段階学習）,WH-000200,37,大学受験基礎,国家・王朝,清,しん,,近世〜近代,東アジア,中国・満洲・モンゴル・新疆・チベット,1636年〜1912年,1644,WH-000200-I01,integrated,統合説明,integrated,「清」について説明せよ。,満洲人(まんしゅうじん)が建て、1644年に北京(ぺきん)へ入って中国を支配した最後の王朝。**八旗(はっき)**を基盤に漢人官僚も利用し、**康熙帝・雍正帝・乾隆帝(こうきてい・ようせいてい・けんりゅうてい)**期に最大領域へ拡大したが、19世紀には列強の侵略と国内反乱で弱体化し、1912年に滅亡した。,満洲人|八旗|康熙帝|雍正帝|乾隆帝|列強|1912年,,,世界史の窓：清,https://www.y-history.net/appendix/wh0802-000.html
大学受験世界史・重要300用語（三段階学習）,WH-000201,154,大学受験基礎,条約・会議,ウェストファリア条約,うぇすとふぁりあじょうやく,ウェストファーレン条約,近世ヨーロッパ,ヨーロッパ,ミュンスター・オスナブリュック,1648年,1648,WH-000201-B01,beginner,用語の特定,identify,三十年戦争を終結させ、諸侯(しょこう)の主権とオランダ・スイスの独立を認めた条約は？,ウェストファリア条約,ウェストファリア条約,ウェストファーレン条約,,世界史の窓：章節別用語リスト,https://www.y-history.net/appendix/appendix-list.html
大学受験世界史・重要300用語（三段階学習）,WH-000201,154,大学受験基礎,条約・会議,ウェストファリア条約,うぇすとふぁりあじょうやく,ウェストファーレン条約,近世ヨーロッパ,ヨーロッパ,ミュンスター・オスナブリュック,1648年,1648,WH-000201-B02,beginner,時期,time,ウェストファリア条約が結ばれた、または開かれたのはいつ？,1648年,1648年,,,世界史の窓：章節別用語リスト,https://www.y-history.net/appendix/appendix-list.html
大学受験世界史・重要300用語（三段階学習）,WH-000201,154,大学受験基礎,条約・会議,ウェストファリア条約,うぇすとふぁりあじょうやく,ウェストファーレン条約,近世ヨーロッパ,ヨーロッパ,ミュンスター・オスナブリュック,1648年,1648,WH-000201-B03,beginner,承認国,result,ウェストファリア条約で独立を国際承認された二地域は？,オランダとスイス,オランダとスイス,,,世界史の窓：章節別用語リスト,https://www.y-history.net/appendix/appendix-list.html
大学受験世界史・重要300用語（三段階学習）,WH-000201,154,大学受験基礎,条約・会議,ウェストファリア条約,うぇすとふぁりあじょうやく,ウェストファーレン条約,近世ヨーロッパ,ヨーロッパ,ミュンスター・オスナブリュック,1648年,1648,WH-000201-R01,reverse,内容,reverse,何を決めた？,1648年、三十年戦争を終結させ、カトリック・ルター派に加え**カルヴァン派**を公認し、神聖ローマ帝国諸侯(しょこう)の主権を認めた。,カルヴァン派,,,世界史の窓：章節別用語リスト,https://www.y-history.net/appendix/appendix-list.html
大学受験世界史・重要300用語（三段階学習）,WH-000201,154,大学受験基礎,条約・会議,ウェストファリア条約,うぇすとふぁりあじょうやく,ウェストファーレン条約,近世ヨーロッパ,ヨーロッパ,ミュンスター・オスナブリュック,1648年,1648,WH-000201-R02,reverse,結果・影響,reverse,何につながった？,**オランダ**・スイスの独立を承認し、領域主権をもつ国家が並立する近代国際秩序の象徴となった。,オランダ,,,世界史の窓：章節別用語リスト,https://www.y-history.net/appendix/appendix-list.html
大学受験世界史・重要300用語（三段階学習）,WH-000201,154,大学受験基礎,条約・会議,ウェストファリア条約,うぇすとふぁりあじょうやく,ウェストファーレン条約,近世ヨーロッパ,ヨーロッパ,ミュンスター・オスナブリュック,1648年,1648,WH-000201-I01,integrated,統合説明,integrated,「ウェストファリア条約」について説明せよ。,1648年、三十年戦争を終結させ、カトリック・ルター派に加え**カルヴァン派**を公認し、神聖ローマ帝国諸侯(しょこう)の主権を認めた。 **オランダ**・スイスの独立を承認し、領域主権をもつ国家が並立する近代国際秩序の象徴となった。,カルヴァン派|オランダ,,,世界史の窓：章節別用語リスト,https://www.y-history.net/appendix/appendix-list.html
大学受験世界史・重要300用語（三段階学習）,WH-000202,42,大学受験基礎,経済・交易,大西洋三角貿易,たいせいようさんかくぼうえき,三角貿易,近世〜近代,大西洋世界,ヨーロッパ・アフリカ・アメリカ大陸,16世紀〜19世紀,1650,WH-000202-B01,beginner,用語の特定,identify,ヨーロッパ・アフリカ・アメリカを結び、商品と奴隷を運んだ交易構造は？,大西洋三角貿易,大西洋三角貿易,三角貿易,,世界史の窓：三角貿易,https://www.y-history.net/appendix/wh1002-081.html
大学受験世界史・重要300用語（三段階学習）,WH-000202,42,大学受験基礎,経済・交易,大西洋三角貿易,たいせいようさんかくぼうえき,三角貿易,近世〜近代,大西洋世界,ヨーロッパ・アフリカ・アメリカ大陸,16世紀〜19世紀,1650,WH-000202-B02,beginner,交易,content,大西洋三角貿易でアフリカからアメリカへ強制的に運ばれた人々は？,アフリカ人奴隷,アフリカ人奴隷,奴隷化されたアフリカ人|黒人奴隷,,世界史の窓：三角貿易,https://www.y-history.net/appendix/wh1002-081.html
大学受験世界史・重要300用語（三段階学習）,WH-000202,42,大学受験基礎,経済・交易,大西洋三角貿易,たいせいようさんかくぼうえき,三角貿易,近世〜近代,大西洋世界,ヨーロッパ・アフリカ・アメリカ大陸,16世紀〜19世紀,1650,WH-000202-B03,beginner,交易,content,アメリカのプランテーションからヨーロッパへ送られた代表的な三つの作物は？,砂糖・綿花・タバコ,砂糖|綿花|タバコ,砂糖・タバコ・綿花|綿花・砂糖・タバコ,,世界史の窓：三角貿易,https://www.y-history.net/appendix/wh1002-081.html
大学受験世界史・重要300用語（三段階学習）,WH-000202,42,大学受験基礎,経済・交易,大西洋三角貿易,たいせいようさんかくぼうえき,三角貿易,近世〜近代,大西洋世界,ヨーロッパ・アフリカ・アメリカ大陸,16世紀〜19世紀,1650,WH-000202-R01,reverse,内容,reverse,どこを結び、何が運ばれた？,**ヨーロッパ**からアフリカへ武器・織物など、**アフリカ**からアメリカへ奴隷化された人々、**アメリカ**からヨーロッパへ砂糖・綿花・タバコなどが運ばれた。,ヨーロッパ|アフリカ|アメリカ|武器・織物|奴隷化された人々|砂糖・綿花・タバコ,,,世界史の窓：三角貿易,https://www.y-history.net/appendix/wh1002-081.html
大学受験世界史・重要300用語（三段階学習）,WH-000202,42,大学受験基礎,経済・交易,大西洋三角貿易,たいせいようさんかくぼうえき,三角貿易,近世〜近代,大西洋世界,ヨーロッパ・アフリカ・アメリカ大陸,16世紀〜19世紀,1650,WH-000202-R02,reverse,結果,reverse,何につながった？,**プランテーション奴隷制**と大西洋経済を拡大し、ヨーロッパの商業資本蓄積を促した。一方、アフリカ社会には人口流出と政治的混乱をもたらし、アメリカでは人種的支配が固定化した。,プランテーション奴隷制|大西洋経済|商業資本|資本蓄積|人口流出|人種的支配,,,世界史の窓：三角貿易,https://www.y-history.net/appendix/wh1002-081.html
大学受験世界史・重要300用語（三段階学習）,WH-000202,42,大学受験基礎,経済・交易,大西洋三角貿易,たいせいようさんかくぼうえき,三角貿易,近世〜近代,大西洋世界,ヨーロッパ・アフリカ・アメリカ大陸,16世紀〜19世紀,1650,WH-000202-I01,integrated,統合説明,integrated,「大西洋三角貿易」について説明せよ。,16〜19世紀、**ヨーロッパ・アフリカ・アメリカ**を結び、工業製品・奴隷化された人々・砂糖や綿花などを循環させた交易。**プランテーション奴隷制**と大西洋経済を拡大し、ヨーロッパの資本蓄積を促す一方、アフリカとアメリカに深刻な被害を残した。,ヨーロッパ|アフリカ|アメリカ|プランテーション奴隷制|大西洋経済|資本蓄積,,,世界史の窓：三角貿易,https://www.y-history.net/appendix/wh1002-081.html
大学受験世界史・重要300用語（三段階学習）,WH-000203,297,大学受験標準,人物,アウラングゼーブ,あうらんぐぜーぶ,,ムガル帝国,南アジア,インド亜大陸,1658〜1707年,1658,WH-000203-B01,beginner,用語の特定,identify,ムガル帝国の領土を最大にした一方、ジズヤを復活して宗教対立を深めた皇帝は？,アウラングゼーブ,アウラングゼーブ,,,世界史の窓：章節別用語リスト,https://www.y-history.net/appendix/appendix-list.html
大学受験世界史・重要300用語（三段階学習）,WH-000203,297,大学受験標準,人物,アウラングゼーブ,あうらんぐぜーぶ,,ムガル帝国,南アジア,インド亜大陸,1658〜1707年,1658,WH-000203-B02,beginner,時期,time,アウラングゼーブが主に活動したのはいつ頃？,1658〜1707年,1658〜1707年,,,世界史の窓：章節別用語リスト,https://www.y-history.net/appendix/appendix-list.html
大学受験世界史・重要300用語（三段階学習）,WH-000203,297,大学受験標準,人物,アウラングゼーブ,あうらんぐぜーぶ,,ムガル帝国,南アジア,インド亜大陸,1658〜1707年,1658,WH-000203-B03,beginner,税,content,アウラングゼーブが復活させた非ムスリムへの税は？,ジズヤ,ジズヤ,,,世界史の窓：章節別用語リスト,https://www.y-history.net/appendix/appendix-list.html
大学受験世界史・重要300用語（三段階学習）,WH-000203,297,大学受験標準,人物,アウラングゼーブ,あうらんぐぜーぶ,,ムガル帝国,南アジア,インド亜大陸,1658〜1707年,1658,WH-000203-R01,reverse,内容,reverse,何をした？,デカンへ遠征してムガル帝国の領土を最大にしたが、スンナ派正統主義を強め、**ジズヤ**を復活させた。,ジズヤ,,,世界史の窓：章節別用語リスト,https://www.y-history.net/appendix/appendix-list.html
大学受験世界史・重要300用語（三段階学習）,WH-000203,297,大学受験標準,人物,アウラングゼーブ,あうらんぐぜーぶ,,ムガル帝国,南アジア,インド亜大陸,1658〜1707年,1658,WH-000203-R02,reverse,結果・影響,reverse,どのような影響を与えた？,**アウラングゼーブ**は、長期戦争と宗教政策への反発からマラーターなどの抵抗を招き、死後の帝国衰退を早めた。,アウラングゼーブ,,,世界史の窓：章節別用語リスト,https://www.y-history.net/appendix/appendix-list.html
大学受験世界史・重要300用語（三段階学習）,WH-000203,297,大学受験標準,人物,アウラングゼーブ,あうらんぐぜーぶ,,ムガル帝国,南アジア,インド亜大陸,1658〜1707年,1658,WH-000203-I01,integrated,統合説明,integrated,「アウラングゼーブ」について説明せよ。,デカンへ遠征してムガル帝国の領土を最大にしたが、スンナ派正統主義を強め、**ジズヤ**を復活させた。 長期戦争と宗教政策への反発からマラーターなどの抵抗を招き、死後の帝国衰退を早めた。,ジズヤ,,,世界史の窓：章節別用語リスト,https://www.y-history.net/appendix/appendix-list.html
大学受験世界史・重要300用語（三段階学習）,WH-000204,155,大学受験基礎,人物,康熙帝,こうきてい,,清代中国,東アジア,中国・モンゴル・台湾・ロシア国境,1661〜1722年,1661,WH-000204-B01,beginner,用語の特定,identify,三藩の乱(さんぱんのらん)を鎮圧し、台湾を併合し、ネルチンスク条約を結んだ清の皇帝は？,康熙帝(こうきてい),康熙帝,,,世界史の窓：章節別用語リスト,https://www.y-history.net/appendix/appendix-list.html
大学受験世界史・重要300用語（三段階学習）,WH-000204,155,大学受験基礎,人物,康熙帝,こうきてい,,清代中国,東アジア,中国・モンゴル・台湾・ロシア国境,1661〜1722年,1661,WH-000204-B02,beginner,時期,time,康熙帝(こうきてい)が主に活動したのはいつ頃？,1661〜1722年,1661〜1722年,,,世界史の窓：章節別用語リスト,https://www.y-history.net/appendix/appendix-list.html
大学受験世界史・重要300用語（三段階学習）,WH-000204,155,大学受験基礎,人物,康熙帝,こうきてい,,清代中国,東アジア,中国・モンゴル・台湾・ロシア国境,1661〜1722年,1661,WH-000204-B03,beginner,条約,relation,康熙帝(こうきてい)がロシアと結んだ国境条約は？,ネルチンスク条約,ネルチンスク条約,,,世界史の窓：章節別用語リスト,https://www.y-history.net/appendix/appendix-list.html
大学受験世界史・重要300用語（三段階学習）,WH-000204,155,大学受験基礎,人物,康熙帝,こうきてい,,清代中国,東アジア,中国・モンゴル・台湾・ロシア国境,1661〜1722年,1661,WH-000204-R01,reverse,内容,reverse,何をした？,幼少で即位後、**三藩の乱(さんぱんのらん)**を鎮圧し、鄭氏台湾(ていしたいわん)を併合して中国支配を安定させた。,三藩の乱,,,世界史の窓：章節別用語リスト,https://www.y-history.net/appendix/appendix-list.html
大学受験世界史・重要300用語（三段階学習）,WH-000204,155,大学受験基礎,人物,康熙帝,こうきてい,,清代中国,東アジア,中国・モンゴル・台湾・ロシア国境,1661〜1722年,1661,WH-000204-R02,reverse,結果・影響,reverse,どのような影響を与えた？,1689年にロシアと**ネルチンスク条約**を結び、モンゴル方面へも勢力を広げて清の最盛期の基礎を築いた。,ネルチンスク条約,,,世界史の窓：章節別用語リスト,https://www.y-history.net/appendix/appendix-list.html
大学受験世界史・重要300用語（三段階学習）,WH-000204,155,大学受験基礎,人物,康熙帝,こうきてい,,清代中国,東アジア,中国・モンゴル・台湾・ロシア国境,1661〜1722年,1661,WH-000204-I01,integrated,統合説明,integrated,「康熙帝(こうきてい)」について説明せよ。,幼少で即位後、**三藩の乱(さんぱんのらん)**を鎮圧し、鄭氏台湾(ていしたいわん)を併合して中国支配を安定させた。 1689年にロシアと**ネルチンスク条約**を結び、モンゴル方面へも勢力を広げて清の最盛期の基礎を築いた。,三藩の乱|ネルチンスク条約,,,世界史の窓：章節別用語リスト,https://www.y-history.net/appendix/appendix-list.html
大学受験世界史・重要300用語（三段階学習）,WH-000205,156,大学受験基礎,人物,ルイ14世,るいじゅうよんせい,太陽王,絶対王政期,ヨーロッパ,フランス,1643〜1715年,1661,WH-000205-B01,beginner,用語の特定,identify,ヴェルサイユ宮殿を造営し、「太陽王」と呼ばれたフランス絶対王政の王は？,ルイ14世,ルイ14世,太陽王,,世界史の窓：章節別用語リスト,https://www.y-history.net/appendix/appendix-list.html
大学受験世界史・重要300用語（三段階学習）,WH-000205,156,大学受験基礎,人物,ルイ14世,るいじゅうよんせい,太陽王,絶対王政期,ヨーロッパ,フランス,1643〜1715年,1661,WH-000205-B02,beginner,時期,time,ルイ14世が主に活動したのはいつ頃？,1643〜1715年,1643〜1715年,,,世界史の窓：章節別用語リスト,https://www.y-history.net/appendix/appendix-list.html
大学受験世界史・重要300用語（三段階学習）,WH-000205,156,大学受験基礎,人物,ルイ14世,るいじゅうよんせい,太陽王,絶対王政期,ヨーロッパ,フランス,1643〜1715年,1661,WH-000205-B03,beginner,人物,person,ルイ14世の財政・産業政策を担った人物は？,コルベール,コルベール,,,世界史の窓：章節別用語リスト,https://www.y-history.net/appendix/appendix-list.html
大学受験世界史・重要300用語（三段階学習）,WH-000205,156,大学受験基礎,人物,ルイ14世,るいじゅうよんせい,太陽王,絶対王政期,ヨーロッパ,フランス,1643〜1715年,1661,WH-000205-R01,reverse,内容,reverse,何をした？,親政開始後、貴族を**ヴェルサイユ宮殿**に集め、官僚と常備軍を用いてフランス絶対王政を最盛期へ導いた。,ヴェルサイユ宮殿,,,世界史の窓：章節別用語リスト,https://www.y-history.net/appendix/appendix-list.html
大学受験世界史・重要300用語（三段階学習）,WH-000205,156,大学受験基礎,人物,ルイ14世,るいじゅうよんせい,太陽王,絶対王政期,ヨーロッパ,フランス,1643〜1715年,1661,WH-000205-R02,reverse,結果・影響,reverse,どのような影響を与えた？,**コルベール**の重商主義と対外戦争で国威を高めたが、戦費と宗教統制が財政難・社会不安を残した。,コルベール,,,世界史の窓：章節別用語リスト,https://www.y-history.net/appendix/appendix-list.html
大学受験世界史・重要300用語（三段階学習）,WH-000205,156,大学受験基礎,人物,ルイ14世,るいじゅうよんせい,太陽王,絶対王政期,ヨーロッパ,フランス,1643〜1715年,1661,WH-000205-I01,integrated,統合説明,integrated,「ルイ14世」について説明せよ。,親政開始後、貴族を**ヴェルサイユ宮殿**に集め、官僚と常備軍を用いてフランス絶対王政を最盛期へ導いた。 **コルベール**の重商主義と対外戦争で国威を高めたが、戦費と宗教統制が財政難・社会不安を残した。,ヴェルサイユ宮殿|コルベール,,,世界史の窓：章節別用語リスト,https://www.y-history.net/appendix/appendix-list.html
大学受験世界史・重要300用語（三段階学習）,WH-000206,157,大学受験基礎,人物,ピョートル1世,ぴょーとるいっせい,ピョートル大帝,近世ロシア,ヨーロッパ・ユーラシア,ロシア・バルト海沿岸,1682〜1725年,1682,WH-000206-B01,beginner,用語の特定,identify,西欧化改革を進め、北方戦争でバルト海への出口を獲得したロシア皇帝は？,ピョートル1世,ピョートル1世,ピョートル大帝,,世界史の窓：章節別用語リスト,https://www.y-history.net/appendix/appendix-list.html
大学受験世界史・重要300用語（三段階学習）,WH-000206,157,大学受験基礎,人物,ピョートル1世,ぴょーとるいっせい,ピョートル大帝,近世ロシア,ヨーロッパ・ユーラシア,ロシア・バルト海沿岸,1682〜1725年,1682,WH-000206-B02,beginner,時期,time,ピョートル1世が主に活動したのはいつ頃？,1682〜1725年,1682〜1725年,,,世界史の窓：章節別用語リスト,https://www.y-history.net/appendix/appendix-list.html
大学受験世界史・重要300用語（三段階学習）,WH-000206,157,大学受験基礎,人物,ピョートル1世,ぴょーとるいっせい,ピョートル大帝,近世ロシア,ヨーロッパ・ユーラシア,ロシア・バルト海沿岸,1682〜1725年,1682,WH-000206-B03,beginner,都,place,ピョートル1世が建設した新首都は？,サンクト＝ペテルブルク,サンクト＝ペテルブルク,,,世界史の窓：章節別用語リスト,https://www.y-history.net/appendix/appendix-list.html
大学受験世界史・重要300用語（三段階学習）,WH-000206,157,大学受験基礎,人物,ピョートル1世,ぴょーとるいっせい,ピョートル大帝,近世ロシア,ヨーロッパ・ユーラシア,ロシア・バルト海沿岸,1682〜1725年,1682,WH-000206-R01,reverse,内容,reverse,何をした？,西欧視察後に軍制・官僚制・服装・産業を改革し、**北方戦争**でスウェーデンを破ってバルト海への出口を得た。,北方戦争,,,世界史の窓：章節別用語リスト,https://www.y-history.net/appendix/appendix-list.html
大学受験世界史・重要300用語（三段階学習）,WH-000206,157,大学受験基礎,人物,ピョートル1世,ぴょーとるいっせい,ピョートル大帝,近世ロシア,ヨーロッパ・ユーラシア,ロシア・バルト海沿岸,1682〜1725年,1682,WH-000206-R02,reverse,結果・影響,reverse,どのような影響を与えた？,新都**サンクト＝ペテルブルク**を建設し、ロシアをヨーロッパの列強へ押し上げた。,サンクト＝ペテルブルク,,,世界史の窓：章節別用語リスト,https://www.y-history.net/appendix/appendix-list.html
大学受験世界史・重要300用語（三段階学習）,WH-000206,157,大学受験基礎,人物,ピョートル1世,ぴょーとるいっせい,ピョートル大帝,近世ロシア,ヨーロッパ・ユーラシア,ロシア・バルト海沿岸,1682〜1725年,1682,WH-000206-I01,integrated,統合説明,integrated,「ピョートル1世」について説明せよ。,西欧視察後に軍制・官僚制・服装・産業を改革し、**北方戦争**でスウェーデンを破ってバルト海への出口を得た。 新都**サンクト＝ペテルブルク**を建設し、ロシアをヨーロッパの列強へ押し上げた。,北方戦争|サンクト＝ペテルブルク,,,世界史の窓：章節別用語リスト,https://www.y-history.net/appendix/appendix-list.html
大学受験世界史・重要300用語（三段階学習）,WH-000207,158,大学受験基礎,人物,ニュートン,にゅーとん,アイザック＝ニュートン,科学革命期,ヨーロッパ,イングランド,1642〜1727年,1687,WH-000207-B01,beginner,用語の特定,identify,万有引力の法則と運動法則を『プリンキピア』で示した科学者は？,ニュートン,ニュートン,アイザック＝ニュートン,,世界史の窓：章節別用語リスト,https://www.y-history.net/appendix/appendix-list.html
大学受験世界史・重要300用語（三段階学習）,WH-000207,158,大学受験基礎,人物,ニュートン,にゅーとん,アイザック＝ニュートン,科学革命期,ヨーロッパ,イングランド,1642〜1727年,1687,WH-000207-B02,beginner,時期,time,ニュートンが主に活動したのはいつ頃？,1642〜1727年,1642〜1727年,,,世界史の窓：章節別用語リスト,https://www.y-history.net/appendix/appendix-list.html
大学受験世界史・重要300用語（三段階学習）,WH-000207,158,大学受験基礎,人物,ニュートン,にゅーとん,アイザック＝ニュートン,科学革命期,ヨーロッパ,イングランド,1642〜1727年,1687,WH-000207-B03,beginner,作品,content,ニュートンが1687年に刊行した主著は？,プリンキピア,プリンキピア,,,世界史の窓：章節別用語リスト,https://www.y-history.net/appendix/appendix-list.html
大学受験世界史・重要300用語（三段階学習）,WH-000207,158,大学受験基礎,人物,ニュートン,にゅーとん,アイザック＝ニュートン,科学革命期,ヨーロッパ,イングランド,1642〜1727年,1687,WH-000207-R01,reverse,内容,reverse,何をした？,**万有引力の法則**と運動の三法則を数学的に示し、地上と天体の運動を一つの原理で説明した。,万有引力の法則,,,世界史の窓：章節別用語リスト,https://www.y-history.net/appendix/appendix-list.html
大学受験世界史・重要300用語（三段階学習）,WH-000207,158,大学受験基礎,人物,ニュートン,にゅーとん,アイザック＝ニュートン,科学革命期,ヨーロッパ,イングランド,1642〜1727年,1687,WH-000207-R02,reverse,結果・影響,reverse,どのような影響を与えた？,1687年の『**プリンキピア**』は機械論的自然観を完成させ、近代物理学と啓蒙思想へ大きな影響を与えた。,プリンキピア,,,世界史の窓：章節別用語リスト,https://www.y-history.net/appendix/appendix-list.html
大学受験世界史・重要300用語（三段階学習）,WH-000207,158,大学受験基礎,人物,ニュートン,にゅーとん,アイザック＝ニュートン,科学革命期,ヨーロッパ,イングランド,1642〜1727年,1687,WH-000207-I01,integrated,統合説明,integrated,「ニュートン」について説明せよ。,**万有引力の法則**と運動の三法則を数学的に示し、地上と天体の運動を一つの原理で説明した。 1687年の『**プリンキピア**』は機械論的自然観を完成させ、近代物理学と啓蒙思想へ大きな影響を与えた。,万有引力の法則|プリンキピア,,,世界史の窓：章節別用語リスト,https://www.y-history.net/appendix/appendix-list.html
大学受験世界史・重要300用語（三段階学習）,WH-000208,159,大学受験基礎,事件・革命,名誉革命,めいよかくめい,,近世イギリス,ヨーロッパ,イングランド,1688〜1689年,1688,WH-000208-B01,beginner,用語の特定,identify,議会がジェームズ2世を追放し、ウィリアム3世とメアリ2世を迎えた革命は？,名誉革命,名誉革命,,,世界史の窓：章節別用語リスト,https://www.y-history.net/appendix/appendix-list.html
大学受験世界史・重要300用語（三段階学習）,WH-000208,159,大学受験基礎,事件・革命,名誉革命,めいよかくめい,,近世イギリス,ヨーロッパ,イングランド,1688〜1689年,1688,WH-000208-B02,beginner,時期,time,名誉革命が起きたのはいつ？,1688〜1689年,1688〜1689年,,,世界史の窓：章節別用語リスト,https://www.y-history.net/appendix/appendix-list.html
大学受験世界史・重要300用語（三段階学習）,WH-000208,159,大学受験基礎,事件・革命,名誉革命,めいよかくめい,,近世イギリス,ヨーロッパ,イングランド,1688〜1689年,1688,WH-000208-B03,beginner,文書,relation,名誉革命後に制定された議会主権の文書は？,権利の章典,権利の章典,,,世界史の窓：章節別用語リスト,https://www.y-history.net/appendix/appendix-list.html
大学受験世界史・重要300用語（三段階学習）,WH-000208,159,大学受験基礎,事件・革命,名誉革命,めいよかくめい,,近世イギリス,ヨーロッパ,イングランド,1688〜1689年,1688,WH-000208-R01,reverse,内容,reverse,何が起きた？,カトリック的専制を進める**ジェームズ2世**に対し、議会がオランダ総督ウィリアムとメアリを招き、ほぼ無血で王位を交代させた。,ジェームズ2世,,,世界史の窓：章節別用語リスト,https://www.y-history.net/appendix/appendix-list.html
大学受験世界史・重要300用語（三段階学習）,WH-000208,159,大学受験基礎,事件・革命,名誉革命,めいよかくめい,,近世イギリス,ヨーロッパ,イングランド,1688〜1689年,1688,WH-000208-R02,reverse,結果・影響,reverse,何につながった？,1689年の**権利の章典**で議会主権と立憲君主政を確立した。,権利の章典,,,世界史の窓：章節別用語リスト,https://www.y-history.net/appendix/appendix-list.html
大学受験世界史・重要300用語（三段階学習）,WH-000208,159,大学受験基礎,事件・革命,名誉革命,めいよかくめい,,近世イギリス,ヨーロッパ,イングランド,1688〜1689年,1688,WH-000208-I01,integrated,統合説明,integrated,「名誉革命」について説明せよ。,カトリック的専制を進める**ジェームズ2世**に対し、議会がオランダ総督ウィリアムとメアリを招き、ほぼ無血で王位を交代させた。 1689年の**権利の章典**で議会主権と立憲君主政を確立した。,ジェームズ2世|権利の章典,,,世界史の窓：章節別用語リスト,https://www.y-history.net/appendix/appendix-list.html
大学受験世界史・重要300用語（三段階学習）,WH-000209,160,大学受験基礎,文書・作品,権利の章典,けんりのしょうてん,,近世イギリス,ヨーロッパ,イングランド,1689年,1689,WH-000209-B01,beginner,用語の特定,identify,国王の課税・法律停止・常備軍維持を議会の同意なしに行えないとした文書は？,権利の章典,権利の章典,,,世界史の窓：章節別用語リスト,https://www.y-history.net/appendix/appendix-list.html
大学受験世界史・重要300用語（三段階学習）,WH-000209,160,大学受験基礎,文書・作品,権利の章典,けんりのしょうてん,,近世イギリス,ヨーロッパ,イングランド,1689年,1689,WH-000209-B02,beginner,時期,time,権利の章典が作られた、または発表されたのはいつ頃？,1689年,1689年,,,世界史の窓：章節別用語リスト,https://www.y-history.net/appendix/appendix-list.html
大学受験世界史・重要300用語（三段階学習）,WH-000209,160,大学受験基礎,文書・作品,権利の章典,けんりのしょうてん,,近世イギリス,ヨーロッパ,イングランド,1689年,1689,WH-000209-B03,beginner,人物,person,権利の章典を承認した国王夫妻は？,ウィリアム3世とメアリ2世,ウィリアム3世とメアリ2世,,,世界史の窓：章節別用語リスト,https://www.y-history.net/appendix/appendix-list.html
大学受験世界史・重要300用語（三段階学習）,WH-000209,160,大学受験基礎,文書・作品,権利の章典,けんりのしょうてん,,近世イギリス,ヨーロッパ,イングランド,1689年,1689,WH-000209-R01,reverse,内容,reverse,何が書かれ、何を示した？,1689年、**ウィリアム3世**とメアリ2世が受諾し、国王による法律停止・課税・常備軍維持を議会同意なしに行えないと定めた。,ウィリアム3世,,,世界史の窓：章節別用語リスト,https://www.y-history.net/appendix/appendix-list.html
大学受験世界史・重要300用語（三段階学習）,WH-000209,160,大学受験基礎,文書・作品,権利の章典,けんりのしょうてん,,近世イギリス,ヨーロッパ,イングランド,1689年,1689,WH-000209-R02,reverse,結果・影響,reverse,どのような影響を与えた？,議会の自由な選挙・討論を保障し、イギリスの**立憲君主政**と議会主権を法的に確立した。,立憲君主政,,,世界史の窓：章節別用語リスト,https://www.y-history.net/appendix/appendix-list.html
大学受験世界史・重要300用語（三段階学習）,WH-000209,160,大学受験基礎,文書・作品,権利の章典,けんりのしょうてん,,近世イギリス,ヨーロッパ,イングランド,1689年,1689,WH-000209-I01,integrated,統合説明,integrated,「権利の章典」について説明せよ。,1689年、**ウィリアム3世**とメアリ2世が受諾し、国王による法律停止・課税・常備軍維持を議会同意なしに行えないと定めた。 議会の自由な選挙・討論を保障し、イギリスの**立憲君主政**と議会主権を法的に確立した。,ウィリアム3世|立憲君主政,,,世界史の窓：章節別用語リスト,https://www.y-history.net/appendix/appendix-list.html
大学受験世界史・重要300用語（三段階学習）,WH-000210,161,大学受験基礎,制度・政策・法律,立憲君主政,りっけんくんしゅせい,,近代政治,ヨーロッパ・世界,イギリスから各国,17世紀末以降,1689,WH-000210-B01,beginner,用語の特定,identify,君主の権力を憲法や議会が制限し、政治を法に基づいて行う体制は？,立憲君主政,立憲君主政,,,世界史の窓：章節別用語リスト,https://www.y-history.net/appendix/appendix-list.html
大学受験世界史・重要300用語（三段階学習）,WH-000210,161,大学受験基礎,制度・政策・法律,立憲君主政,りっけんくんしゅせい,,近代政治,ヨーロッパ・世界,イギリスから各国,17世紀末以降,1689,WH-000210-B02,beginner,時期,time,立憲君主政が成立・実施されたのはいつ頃？,17世紀末以降,17世紀末以降,,,世界史の窓：章節別用語リスト,https://www.y-history.net/appendix/appendix-list.html
大学受験世界史・重要300用語（三段階学習）,WH-000210,161,大学受験基礎,制度・政策・法律,立憲君主政,りっけんくんしゅせい,,近代政治,ヨーロッパ・世界,イギリスから各国,17世紀末以降,1689,WH-000210-B03,beginner,文書,relation,イギリスで立憲君主政確立の基礎となった文書は？,権利の章典,権利の章典,,,世界史の窓：章節別用語リスト,https://www.y-history.net/appendix/appendix-list.html
大学受験世界史・重要300用語（三段階学習）,WH-000210,161,大学受験基礎,制度・政策・法律,立憲君主政,りっけんくんしゅせい,,近代政治,ヨーロッパ・世界,イギリスから各国,17世紀末以降,1689,WH-000210-R01,reverse,内容,reverse,どんな制度・政策・法律？,君主を国家元首として残しながら、その権力を**憲法**・法律・議会によって制限する政治体制。,憲法,,,世界史の窓：章節別用語リスト,https://www.y-history.net/appendix/appendix-list.html
大学受験世界史・重要300用語（三段階学習）,WH-000210,161,大学受験基礎,制度・政策・法律,立憲君主政,りっけんくんしゅせい,,近代政治,ヨーロッパ・世界,イギリスから各国,17世紀末以降,1689,WH-000210-R02,reverse,結果・影響,reverse,どのような影響を与えた？,名誉革命と**権利の章典**後のイギリスで確立し、責任内閣制と近代議会政治の発展へつながった。,権利の章典,,,世界史の窓：章節別用語リスト,https://www.y-history.net/appendix/appendix-list.html
大学受験世界史・重要300用語（三段階学習）,WH-000210,161,大学受験基礎,制度・政策・法律,立憲君主政,りっけんくんしゅせい,,近代政治,ヨーロッパ・世界,イギリスから各国,17世紀末以降,1689,WH-000210-I01,integrated,統合説明,integrated,「立憲君主政」について説明せよ。,君主を国家元首として残しながら、その権力を**憲法**・法律・議会によって制限する政治体制。 名誉革命と**権利の章典**後のイギリスで確立し、責任内閣制と近代議会政治の発展へつながった。,憲法|権利の章典,,,世界史の窓：章節別用語リスト,https://www.y-history.net/appendix/appendix-list.html
大学受験世界史・重要300用語（三段階学習）,WH-000211,162,大学受験基礎,人物,ロック,ろっく,ジョン＝ロック,啓蒙思想期,ヨーロッパ,イングランド,1632〜1704年,1689,WH-000211-B01,beginner,用語の特定,identify,生命・自由・財産の自然権と、政府に対する抵抗権を説いた思想家は？,ロック,ロック,ジョン＝ロック,,世界史の窓：章節別用語リスト,https://www.y-history.net/appendix/appendix-list.html
大学受験世界史・重要300用語（三段階学習）,WH-000211,162,大学受験基礎,人物,ロック,ろっく,ジョン＝ロック,啓蒙思想期,ヨーロッパ,イングランド,1632〜1704年,1689,WH-000211-B02,beginner,時期,time,ロックが主に活動したのはいつ頃？,1632〜1704年,1632〜1704年,,,世界史の窓：章節別用語リスト,https://www.y-history.net/appendix/appendix-list.html
大学受験世界史・重要300用語（三段階学習）,WH-000211,162,大学受験基礎,人物,ロック,ろっく,ジョン＝ロック,啓蒙思想期,ヨーロッパ,イングランド,1632〜1704年,1689,WH-000211-B03,beginner,作品,content,ロックが政治思想を示した主著は？,統治二論,統治二論,,,世界史の窓：章節別用語リスト,https://www.y-history.net/appendix/appendix-list.html
大学受験世界史・重要300用語（三段階学習）,WH-000211,162,大学受験基礎,人物,ロック,ろっく,ジョン＝ロック,啓蒙思想期,ヨーロッパ,イングランド,1632〜1704年,1689,WH-000211-R01,reverse,内容,reverse,何をした？,人間は**生命・自由・財産**という自然権をもち、政府は人民の信託によって成立すると『統治二論』で説いた。,生命・自由・財産,,,世界史の窓：章節別用語リスト,https://www.y-history.net/appendix/appendix-list.html
大学受験世界史・重要300用語（三段階学習）,WH-000211,162,大学受験基礎,人物,ロック,ろっく,ジョン＝ロック,啓蒙思想期,ヨーロッパ,イングランド,1632〜1704年,1689,WH-000211-R02,reverse,結果・影響,reverse,どのような影響を与えた？,**ロック**は、政府が権利を侵害すれば人民に抵抗権があるとし、名誉革命を正当化してアメリカ独立革命へ強く影響した。,ロック,,,世界史の窓：章節別用語リスト,https://www.y-history.net/appendix/appendix-list.html
大学受験世界史・重要300用語（三段階学習）,WH-000211,162,大学受験基礎,人物,ロック,ろっく,ジョン＝ロック,啓蒙思想期,ヨーロッパ,イングランド,1632〜1704年,1689,WH-000211-I01,integrated,統合説明,integrated,「ロック」について説明せよ。,人間は**生命・自由・財産**という自然権をもち、政府は人民の信託によって成立すると『統治二論』で説いた。 政府が権利を侵害すれば人民に抵抗権があるとし、名誉革命を正当化してアメリカ独立革命へ強く影響した。,生命・自由・財産,,,世界史の窓：章節別用語リスト,https://www.y-history.net/appendix/appendix-list.html
大学受験世界史・重要300用語（三段階学習）,WH-000212,23,大学受験基礎,思想・主義,啓蒙思想,けいもうしそう,啓蒙主義,近世,ヨーロッパ,西ヨーロッパ・北アメリカ,17世紀後半〜18世紀,1700,WH-000212-B01,beginner,用語の特定,identify,理性によって社会の迷信・専制・身分制度を批判した17〜18世紀の思想は？,啓蒙思想,啓蒙思想,啓蒙主義,,世界史の窓：啓蒙思想,https://www.y-history.net/appendix/wh1003-031.html
大学受験世界史・重要300用語（三段階学習）,WH-000212,23,大学受験基礎,思想・主義,啓蒙思想,けいもうしそう,啓蒙主義,近世,ヨーロッパ,西ヨーロッパ・北アメリカ,17世紀後半〜18世紀,1700,WH-000212-B02,beginner,中心人物,person,『法の精神』で三権分立を唱えた思想家は？,モンテスキュー,モンテスキュー,,,世界史の窓：啓蒙思想,https://www.y-history.net/appendix/wh1003-031.html
大学受験世界史・重要300用語（三段階学習）,WH-000212,23,大学受験基礎,思想・主義,啓蒙思想,けいもうしそう,啓蒙主義,近世,ヨーロッパ,西ヨーロッパ・北アメリカ,17世紀後半〜18世紀,1700,WH-000212-B03,beginner,中心人物,person,『社会契約論』で人民主権を唱えた思想家は？,ルソー,ルソー,ジャン＝ジャック＝ルソー,,世界史の窓：啓蒙思想,https://www.y-history.net/appendix/wh1003-031.html
大学受験世界史・重要300用語（三段階学習）,WH-000212,23,大学受験基礎,思想・主義,啓蒙思想,けいもうしそう,啓蒙主義,近世,ヨーロッパ,西ヨーロッパ・北アメリカ,17世紀後半〜18世紀,1700,WH-000212-R01,reverse,複合説明,reverse,どんな考え？,人間の**理性**を重視し、絶対王政・教会権威・身分制を批判した思想。**自然権・社会契約・三権分立・人民主権**などを論じ、アメリカ独立革命とフランス革命の理念に大きな影響を与えた。,理性|自然権|社会契約|三権分立|人民主権|アメリカ独立革命|フランス革命,,,世界史の窓：啓蒙思想,https://www.y-history.net/appendix/wh1003-031.html
大学受験世界史・重要300用語（三段階学習）,WH-000212,23,大学受験基礎,思想・主義,啓蒙思想,けいもうしそう,啓蒙主義,近世,ヨーロッパ,西ヨーロッパ・北アメリカ,17世紀後半〜18世紀,1700,WH-000212-I01,integrated,統合説明,integrated,「啓蒙思想」について説明せよ。,17世紀後半〜18世紀、人間の**理性**によって絶対王政・教会権威・身分制を批判した思想。**自然権・社会契約・三権分立・人民主権**を唱え、アメリカ独立革命とフランス革命の理念的基盤となった。,理性|自然権|社会契約|三権分立|人民主権|アメリカ独立革命|フランス革命,,,世界史の窓：啓蒙思想,https://www.y-history.net/appendix/wh1003-031.html
大学受験世界史・重要300用語（三段階学習）,WH-000213,163,大学受験基礎,経済・交易,農業革命,のうぎょうかくめい,,近代イギリス,ヨーロッパ,イギリス,17〜18世紀,1700,WH-000213-B01,beginner,用語の特定,identify,輪作・品種改良・囲い込みによって農業生産性が大きく上昇した変化は？,農業革命,農業革命,,,世界史の窓：章節別用語リスト,https://www.y-history.net/appendix/appendix-list.html
大学受験世界史・重要300用語（三段階学習）,WH-000213,163,大学受験基礎,経済・交易,農業革命,のうぎょうかくめい,,近代イギリス,ヨーロッパ,イギリス,17〜18世紀,1700,WH-000213-B02,beginner,時期,time,農業革命が歴史上重要になるのはいつ頃？,17〜18世紀,17〜18世紀,,,世界史の窓：章節別用語リスト,https://www.y-history.net/appendix/appendix-list.html
大学受験世界史・重要300用語（三段階学習）,WH-000213,163,大学受験基礎,経済・交易,農業革命,のうぎょうかくめい,,近代イギリス,ヨーロッパ,イギリス,17〜18世紀,1700,WH-000213-B03,beginner,制度,content,農地をまとめ私有地化した運動は？,囲い込み,囲い込み,,,世界史の窓：章節別用語リスト,https://www.y-history.net/appendix/appendix-list.html
大学受験世界史・重要300用語（三段階学習）,WH-000213,163,大学受験基礎,経済・交易,農業革命,のうぎょうかくめい,,近代イギリス,ヨーロッパ,イギリス,17〜18世紀,1700,WH-000213-R01,reverse,内容,reverse,どんな仕組み・交易？,イギリスで**囲い込み**、ノーフォーク農法、家畜品種改良などにより農業生産性と食料供給が上昇した変化。,囲い込み,,,世界史の窓：章節別用語リスト,https://www.y-history.net/appendix/appendix-list.html
大学受験世界史・重要300用語（三段階学習）,WH-000213,163,大学受験基礎,経済・交易,農業革命,のうぎょうかくめい,,近代イギリス,ヨーロッパ,イギリス,17〜18世紀,1700,WH-000213-R02,reverse,結果・影響,reverse,どのような変化をもたらした？,人口増加を支え、土地を失った農民を賃金労働者として都市へ送り出し、**産業革命**の労働力を供給した。,産業革命,,,世界史の窓：章節別用語リスト,https://www.y-history.net/appendix/appendix-list.html
大学受験世界史・重要300用語（三段階学習）,WH-000213,163,大学受験基礎,経済・交易,農業革命,のうぎょうかくめい,,近代イギリス,ヨーロッパ,イギリス,17〜18世紀,1700,WH-000213-I01,integrated,統合説明,integrated,「農業革命」について説明せよ。,イギリスで**囲い込み**、ノーフォーク農法、家畜品種改良などにより農業生産性と食料供給が上昇した変化。 人口増加を支え、土地を失った農民を賃金労働者として都市へ送り出し、**産業革命**の労働力を供給した。,囲い込み|産業革命,,,世界史の窓：章節別用語リスト,https://www.y-history.net/appendix/appendix-list.html
大学受験世界史・重要300用語（三段階学習）,WH-000214,298,大学受験標準,人物,雍正帝,ようせいてい,,清代中国,東アジア,中国,1722〜1735年,1722,WH-000214-B01,beginner,用語の特定,identify,地丁銀制(ちていぎんせい)を広げ、軍機処(ぐんきしょ)を整えて皇帝専制を強化した清の皇帝は？,雍正帝(ようせいてい),雍正帝,,,世界史の窓：章節別用語リスト,https://www.y-history.net/appendix/appendix-list.html
大学受験世界史・重要300用語（三段階学習）,WH-000214,298,大学受験標準,人物,雍正帝,ようせいてい,,清代中国,東アジア,中国,1722〜1735年,1722,WH-000214-B02,beginner,時期,time,雍正帝(ようせいてい)が主に活動したのはいつ頃？,1722〜1735年,1722〜1735年,,,世界史の窓：章節別用語リスト,https://www.y-history.net/appendix/appendix-list.html
大学受験世界史・重要300用語（三段階学習）,WH-000214,298,大学受験標準,人物,雍正帝,ようせいてい,,清代中国,東アジア,中国,1722〜1735年,1722,WH-000214-B03,beginner,制度,content,雍正帝(ようせいてい)が丁銀を地銀に組み込んだ税制は？,地丁銀制(ちていぎんせい),地丁銀制,,,世界史の窓：章節別用語リスト,https://www.y-history.net/appendix/appendix-list.html
大学受験世界史・重要300用語（三段階学習）,WH-000214,298,大学受験標準,人物,雍正帝,ようせいてい,,清代中国,東アジア,中国,1722〜1735年,1722,WH-000214-R01,reverse,内容,reverse,何をした？,康熙帝(こうきてい)の後を継ぎ、地方財政・官僚監察を厳しくし、**地丁銀制(ちていぎんせい)**を広げて人頭税負担を土地税へ組み込んだ。,地丁銀制,,,世界史の窓：章節別用語リスト,https://www.y-history.net/appendix/appendix-list.html
大学受験世界史・重要300用語（三段階学習）,WH-000214,298,大学受験標準,人物,雍正帝,ようせいてい,,清代中国,東アジア,中国,1722〜1735年,1722,WH-000214-R02,reverse,結果・影響,reverse,どのような影響を与えた？,**軍機処(ぐんきしょ)**を整えて迅速な意思決定を可能にし、清の皇帝専制と財政基盤を強化した。,軍機処,,,世界史の窓：章節別用語リスト,https://www.y-history.net/appendix/appendix-list.html
大学受験世界史・重要300用語（三段階学習）,WH-000214,298,大学受験標準,人物,雍正帝,ようせいてい,,清代中国,東アジア,中国,1722〜1735年,1722,WH-000214-I01,integrated,統合説明,integrated,「雍正帝(ようせいてい)」について説明せよ。,康熙帝(こうきてい)の後を継ぎ、地方財政・官僚監察を厳しくし、**地丁銀制(ちていぎんせい)**を広げて人頭税負担を土地税へ組み込んだ。 **軍機処(ぐんきしょ)**を整えて迅速な意思決定を可能にし、清の皇帝専制と財政基盤を強化した。,地丁銀制|軍機処,,,世界史の窓：章節別用語リスト,https://www.y-history.net/appendix/appendix-list.html
大学受験世界史・重要300用語（三段階学習）,WH-000215,164,大学受験基礎,人物,乾隆帝,けんりゅうてい,,清代中国,東アジア・中央アジア,中国・新疆・チベット・モンゴル,1735〜1795年,1735,WH-000215-B01,beginner,用語の特定,identify,清の領域を最大にし、広州(こうしゅう)一港での対外貿易を維持した皇帝は？,乾隆帝(けんりゅうてい),乾隆帝,,,世界史の窓：章節別用語リスト,https://www.y-history.net/appendix/appendix-list.html
大学受験世界史・重要300用語（三段階学習）,WH-000215,164,大学受験基礎,人物,乾隆帝,けんりゅうてい,,清代中国,東アジア・中央アジア,中国・新疆・チベット・モンゴル,1735〜1795年,1735,WH-000215-B02,beginner,時期,time,乾隆帝(けんりゅうてい)が主に活動したのはいつ頃？,1735〜1795年,1735〜1795年,,,世界史の窓：章節別用語リスト,https://www.y-history.net/appendix/appendix-list.html
大学受験世界史・重要300用語（三段階学習）,WH-000215,164,大学受験基礎,人物,乾隆帝,けんりゅうてい,,清代中国,東アジア・中央アジア,中国・新疆・チベット・モンゴル,1735〜1795年,1735,WH-000215-B03,beginner,港,place,乾隆帝(けんりゅうてい)期にヨーロッパ貿易を限定した港は？,広州(こうしゅう),広州,,,世界史の窓：章節別用語リスト,https://www.y-history.net/appendix/appendix-list.html
大学受験世界史・重要300用語（三段階学習）,WH-000215,164,大学受験基礎,人物,乾隆帝,けんりゅうてい,,清代中国,東アジア・中央アジア,中国・新疆・チベット・モンゴル,1735〜1795年,1735,WH-000215-R01,reverse,内容,reverse,何をした？,**乾隆帝(けんりゅうてい)**は、ジュンガルを滅ぼし新疆(しんきょう)を支配するなど「十全武功(じゅうぜんぶこう)」で清の領域を最大にし、『四庫全書(しこぜんしょ)』を編纂した。,乾隆帝,,,世界史の窓：章節別用語リスト,https://www.y-history.net/appendix/appendix-list.html
大学受験世界史・重要300用語（三段階学習）,WH-000215,164,大学受験基礎,人物,乾隆帝,けんりゅうてい,,清代中国,東アジア・中央アジア,中国・新疆・チベット・モンゴル,1735〜1795年,1735,WH-000215-R02,reverse,結果・影響,reverse,どのような影響を与えた？,一方で対外貿易を**広州(こうしゅう)**一港に限定し、マカートニー使節の通商拡大要求を退け、後の欧清摩擦の背景を作った。,広州,,,世界史の窓：章節別用語リスト,https://www.y-history.net/appendix/appendix-list.html
大学受験世界史・重要300用語（三段階学習）,WH-000215,164,大学受験基礎,人物,乾隆帝,けんりゅうてい,,清代中国,東アジア・中央アジア,中国・新疆・チベット・モンゴル,1735〜1795年,1735,WH-000215-I01,integrated,統合説明,integrated,「乾隆帝(けんりゅうてい)」について説明せよ。,ジュンガルを滅ぼし新疆(しんきょう)を支配するなど「十全武功(じゅうぜんぶこう)」で清の領域を最大にし、『四庫全書(しこぜんしょ)』を編纂した。 一方で対外貿易を**広州(こうしゅう)**一港に限定し、マカートニー使節の通商拡大要求を退け、後の欧清摩擦の背景を作った。,広州,,,世界史の窓：章節別用語リスト,https://www.y-history.net/appendix/appendix-list.html
大学受験世界史・重要300用語（三段階学習）,WH-000216,165,大学受験基礎,人物,モンテスキュー,もんてすきゅー,,啓蒙思想期,ヨーロッパ,フランス,1689〜1755年,1748,WH-000216-B01,beginner,用語の特定,identify,権力集中を防ぐため立法・行政・司法の三権分立を説いた思想家は？,モンテスキュー,モンテスキュー,,,世界史の窓：章節別用語リスト,https://www.y-history.net/appendix/appendix-list.html
大学受験世界史・重要300用語（三段階学習）,WH-000216,165,大学受験基礎,人物,モンテスキュー,もんてすきゅー,,啓蒙思想期,ヨーロッパ,フランス,1689〜1755年,1748,WH-000216-B02,beginner,時期,time,モンテスキューが主に活動したのはいつ頃？,1689〜1755年,1689〜1755年,,,世界史の窓：章節別用語リスト,https://www.y-history.net/appendix/appendix-list.html
大学受験世界史・重要300用語（三段階学習）,WH-000216,165,大学受験基礎,人物,モンテスキュー,もんてすきゅー,,啓蒙思想期,ヨーロッパ,フランス,1689〜1755年,1748,WH-000216-B03,beginner,作品,content,モンテスキューの主著は？,法の精神,法の精神,,,世界史の窓：章節別用語リスト,https://www.y-history.net/appendix/appendix-list.html
大学受験世界史・重要300用語（三段階学習）,WH-000216,165,大学受験基礎,人物,モンテスキュー,もんてすきゅー,,啓蒙思想期,ヨーロッパ,フランス,1689〜1755年,1748,WH-000216-R01,reverse,内容,reverse,何をした？,『**法の精神**』で政治制度を気候・歴史・社会との関係から比較し、権力乱用を防ぐ**三権分立**を説いた。,法の精神|三権分立,,,世界史の窓：章節別用語リスト,https://www.y-history.net/appendix/appendix-list.html
大学受験世界史・重要300用語（三段階学習）,WH-000216,165,大学受験基礎,人物,モンテスキュー,もんてすきゅー,,啓蒙思想期,ヨーロッパ,フランス,1689〜1755年,1748,WH-000216-R02,reverse,結果・影響,reverse,どのような影響を与えた？,**モンテスキュー**は、アメリカ合衆国憲法など近代憲法の権力分立原理へ大きな影響を与えた。,モンテスキュー,,,世界史の窓：章節別用語リスト,https://www.y-history.net/appendix/appendix-list.html
大学受験世界史・重要300用語（三段階学習）,WH-000216,165,大学受験基礎,人物,モンテスキュー,もんてすきゅー,,啓蒙思想期,ヨーロッパ,フランス,1689〜1755年,1748,WH-000216-I01,integrated,統合説明,integrated,「モンテスキュー」について説明せよ。,『**法の精神**』で政治制度を気候・歴史・社会との関係から比較し、権力乱用を防ぐ**三権分立**を説いた。 アメリカ合衆国憲法など近代憲法の権力分立原理へ大きな影響を与えた。,法の精神|三権分立,,,世界史の窓：章節別用語リスト,https://www.y-history.net/appendix/appendix-list.html
大学受験世界史・重要300用語（三段階学習）,WH-000217,2,大学受験基礎,時代・歴史区分,産業革命,さんぎょうかくめい,,近代,ヨーロッパ・世界,イギリスからヨーロッパ・北アメリカ・日本など,18世紀後半以降,1760,WH-000217-B01,beginner,用語の特定,identify,機械・蒸気力・工場制によって生産と社会が大きく変化した過程を何という？,産業革命,産業革命,,,世界史の窓：産業革命,https://www.y-history.net/appendix/wh1101-000.html
大学受験世界史・重要300用語（三段階学習）,WH-000217,2,大学受験基礎,時代・歴史区分,産業革命,さんぎょうかくめい,,近代,ヨーロッパ・世界,イギリスからヨーロッパ・北アメリカ・日本など,18世紀後半以降,1760,WH-000217-B02,beginner,地域,place,産業革命が最初に本格化した国は？,イギリス,イギリス,英国,,世界史の窓：産業革命,https://www.y-history.net/appendix/wh1101-000.html
大学受験世界史・重要300用語（三段階学習）,WH-000217,2,大学受験基礎,時代・歴史区分,産業革命,さんぎょうかくめい,,近代,ヨーロッパ・世界,イギリスからヨーロッパ・北アメリカ・日本など,18世紀後半以降,1760,WH-000217-B03,beginner,産業,content,イギリス産業革命の初期に機械化を先導した工業は？,綿工業,綿工業,綿織物工業,,世界史の窓：産業革命,https://www.y-history.net/appendix/wh1101-000.html
大学受験世界史・重要300用語（三段階学習）,WH-000217,2,大学受験基礎,時代・歴史区分,産業革命,さんぎょうかくめい,,近代,ヨーロッパ・世界,イギリスからヨーロッパ・北アメリカ・日本など,18世紀後半以降,1760,WH-000217-R01,reverse,時期・地域,reverse,始まったのはいつ・どこ？,18世紀後半の**イギリス**で本格化し、19世紀に西ヨーロッパ・北アメリカなどへ広がった。,18世紀後半|イギリス|19世紀|西ヨーロッパ|北アメリカ,,,世界史の窓：産業革命,https://www.y-history.net/appendix/wh1101-000.html
大学受験世界史・重要300用語（三段階学習）,WH-000217,2,大学受験基礎,時代・歴史区分,産業革命,さんぎょうかくめい,,近代,ヨーロッパ・世界,イギリスからヨーロッパ・北アメリカ・日本など,18世紀後半以降,1760,WH-000217-R02,reverse,内容・結果,reverse,何が変わり、何につながった？,**綿工業**の機械化、蒸気機関、石炭・鉄、**工場制機械工業**によって大量生産が進んだ。都市化と資本主義を加速させ、資本家と労働者の階級形成、劣悪な労働・住宅問題を生んだ。,綿工業|蒸気機関|石炭・鉄|工場制機械工業|都市化|資本主義|資本家|労働者,,,世界史の窓：産業革命,https://www.y-history.net/appendix/wh1101-000.html
大学受験世界史・重要300用語（三段階学習）,WH-000217,2,大学受験基礎,時代・歴史区分,産業革命,さんぎょうかくめい,,近代,ヨーロッパ・世界,イギリスからヨーロッパ・北アメリカ・日本など,18世紀後半以降,1760,WH-000217-I01,integrated,統合説明,integrated,「産業革命」について説明せよ。,18世紀後半の**イギリス**で始まり、**綿工業**の機械化・蒸気機関・石炭と鉄・**工場制機械工業**によって生産を一変させた過程。都市化と資本主義を進め、資本家・労働者階級と深刻な社会問題を生んだ。,イギリス|綿工業|蒸気機関|石炭・鉄|工場制機械工業|都市化|資本主義|資本家|労働者,,,世界史の窓：産業革命,https://www.y-history.net/appendix/wh1101-000.html
大学受験世界史・重要300用語（三段階学習）,WH-000218,166,大学受験基礎,人物,ルソー,るそー,ジャン＝ジャック＝ルソー,啓蒙思想期,ヨーロッパ,フランス・ジュネーヴ,1712〜1778年,1762,WH-000218-B01,beginner,用語の特定,identify,人民主権と一般意志を『社会契約論』で説いた思想家は？,ルソー,ルソー,ジャン＝ジャック＝ルソー,,世界史の窓：章節別用語リスト,https://www.y-history.net/appendix/appendix-list.html
大学受験世界史・重要300用語（三段階学習）,WH-000218,166,大学受験基礎,人物,ルソー,るそー,ジャン＝ジャック＝ルソー,啓蒙思想期,ヨーロッパ,フランス・ジュネーヴ,1712〜1778年,1762,WH-000218-B02,beginner,時期,time,ルソーが主に活動したのはいつ頃？,1712〜1778年,1712〜1778年,,,世界史の窓：章節別用語リスト,https://www.y-history.net/appendix/appendix-list.html
大学受験世界史・重要300用語（三段階学習）,WH-000218,166,大学受験基礎,人物,ルソー,るそー,ジャン＝ジャック＝ルソー,啓蒙思想期,ヨーロッパ,フランス・ジュネーヴ,1712〜1778年,1762,WH-000218-B03,beginner,作品,content,ルソーが人民主権を論じた主著は？,社会契約論,社会契約論,,,世界史の窓：章節別用語リスト,https://www.y-history.net/appendix/appendix-list.html
大学受験世界史・重要300用語（三段階学習）,WH-000218,166,大学受験基礎,人物,ルソー,るそー,ジャン＝ジャック＝ルソー,啓蒙思想期,ヨーロッパ,フランス・ジュネーヴ,1712〜1778年,1762,WH-000218-R01,reverse,内容,reverse,何をした？,『**社会契約論**』で、主権は譲渡できない人民全体にあり、政治は公共善を表す**一般意志**に基づくべきだと説いた。,社会契約論|一般意志,,,世界史の窓：章節別用語リスト,https://www.y-history.net/appendix/appendix-list.html
大学受験世界史・重要300用語（三段階学習）,WH-000218,166,大学受験基礎,人物,ルソー,るそー,ジャン＝ジャック＝ルソー,啓蒙思想期,ヨーロッパ,フランス・ジュネーヴ,1712〜1778年,1762,WH-000218-R02,reverse,結果・影響,reverse,どのような影響を与えた？,**ルソー**は、人民主権と平等の思想はフランス革命、とくに共和派・ジャコバン派へ強い影響を与えた。,ルソー,,,世界史の窓：章節別用語リスト,https://www.y-history.net/appendix/appendix-list.html
大学受験世界史・重要300用語（三段階学習）,WH-000218,166,大学受験基礎,人物,ルソー,るそー,ジャン＝ジャック＝ルソー,啓蒙思想期,ヨーロッパ,フランス・ジュネーヴ,1712〜1778年,1762,WH-000218-I01,integrated,統合説明,integrated,「ルソー」について説明せよ。,『**社会契約論**』で、主権は譲渡できない人民全体にあり、政治は公共善を表す**一般意志**に基づくべきだと説いた。 人民主権と平等の思想はフランス革命、とくに共和派・ジャコバン派へ強い影響を与えた。,社会契約論|一般意志,,,世界史の窓：章節別用語リスト,https://www.y-history.net/appendix/appendix-list.html
大学受験世界史・重要300用語（三段階学習）,WH-000219,167,大学受験基礎,経済・交易,工場制機械工業,こうじょうせいきかいこうぎょう,,産業革命期,ヨーロッパ・世界,イギリスから世界各地,18世紀後半以降,1770,WH-000219-B01,beginner,用語の特定,identify,機械と動力を工場に集中し、多数の労働者を分業で働かせる生産方式は？,工場制機械工業,工場制機械工業,,,世界史の窓：章節別用語リスト,https://www.y-history.net/appendix/appendix-list.html
大学受験世界史・重要300用語（三段階学習）,WH-000219,167,大学受験基礎,経済・交易,工場制機械工業,こうじょうせいきかいこうぎょう,,産業革命期,ヨーロッパ・世界,イギリスから世界各地,18世紀後半以降,1770,WH-000219-B02,beginner,時期,time,工場制機械工業が歴史上重要になるのはいつ頃？,18世紀後半以降,18世紀後半以降,,,世界史の窓：章節別用語リスト,https://www.y-history.net/appendix/appendix-list.html
大学受験世界史・重要300用語（三段階学習）,WH-000219,167,大学受験基礎,経済・交易,工場制機械工業,こうじょうせいきかいこうぎょう,,産業革命期,ヨーロッパ・世界,イギリスから世界各地,18世紀後半以降,1770,WH-000219-B03,beginner,産業,content,工場制機械工業で初期に中心となった産業は？,綿工業,綿工業,,,世界史の窓：章節別用語リスト,https://www.y-history.net/appendix/appendix-list.html
大学受験世界史・重要300用語（三段階学習）,WH-000219,167,大学受験基礎,経済・交易,工場制機械工業,こうじょうせいきかいこうぎょう,,産業革命期,ヨーロッパ・世界,イギリスから世界各地,18世紀後半以降,1770,WH-000219-R01,reverse,内容,reverse,どんな仕組み・交易？,紡績機・織機・蒸気機関などの**機械**と労働者を工場へ集中し、規律ある分業で大量生産する方式。,機械,,,世界史の窓：章節別用語リスト,https://www.y-history.net/appendix/appendix-list.html
大学受験世界史・重要300用語（三段階学習）,WH-000219,167,大学受験基礎,経済・交易,工場制機械工業,こうじょうせいきかいこうぎょう,,産業革命期,ヨーロッパ・世界,イギリスから世界各地,18世紀後半以降,1770,WH-000219-R02,reverse,結果・影響,reverse,どのような変化をもたらした？,**工場制機械工業**は、綿工業から広がり、家内工業を置き換えて都市化・資本家と労働者の階級形成・世界市場拡大を促した。,工場制機械工業,,,世界史の窓：章節別用語リスト,https://www.y-history.net/appendix/appendix-list.html
大学受験世界史・重要300用語（三段階学習）,WH-000219,167,大学受験基礎,経済・交易,工場制機械工業,こうじょうせいきかいこうぎょう,,産業革命期,ヨーロッパ・世界,イギリスから世界各地,18世紀後半以降,1770,WH-000219-I01,integrated,統合説明,integrated,「工場制機械工業」について説明せよ。,紡績機・織機・蒸気機関などの**機械**と労働者を工場へ集中し、規律ある分業で大量生産する方式。 綿工業から広がり、家内工業を置き換えて都市化・資本家と労働者の階級形成・世界市場拡大を促した。,機械,,,世界史の窓：章節別用語リスト,https://www.y-history.net/appendix/appendix-list.html
大学受験世界史・重要300用語（三段階学習）,WH-000220,168,大学受験基礎,制度・政策・法律,ロシアの南下政策,ろしあのなんかせいさく,,近代ロシア,ヨーロッパ・中央アジア・西アジア,黒海・バルカン・中央アジア,18〜19世紀,1774,WH-000220-B01,beginner,用語の特定,identify,不凍港(ふとうこう)と海峡への進出を求め、ロシアが黒海・バルカン・中央アジア方面へ拡大した政策は？,ロシアの南下政策,ロシアの南下政策,,,世界史の窓：章節別用語リスト,https://www.y-history.net/appendix/appendix-list.html
大学受験世界史・重要300用語（三段階学習）,WH-000220,168,大学受験基礎,制度・政策・法律,ロシアの南下政策,ろしあのなんかせいさく,,近代ロシア,ヨーロッパ・中央アジア・西アジア,黒海・バルカン・中央アジア,18〜19世紀,1774,WH-000220-B02,beginner,時期,time,ロシアの南下政策が成立・実施されたのはいつ頃？,18〜19世紀,18〜19世紀,,,世界史の窓：章節別用語リスト,https://www.y-history.net/appendix/appendix-list.html
大学受験世界史・重要300用語（三段階学習）,WH-000220,168,大学受験基礎,制度・政策・法律,ロシアの南下政策,ろしあのなんかせいさく,,近代ロシア,ヨーロッパ・中央アジア・西アジア,黒海・バルカン・中央アジア,18〜19世紀,1774,WH-000220-B03,beginner,地域,place,ロシアが地中海進出のため通過を求めた二海峡は？,ボスポラス海峡とダーダネルス海峡,ボスポラス海峡とダーダネルス海峡,,,世界史の窓：章節別用語リスト,https://www.y-history.net/appendix/appendix-list.html
大学受験世界史・重要300用語（三段階学習）,WH-000220,168,大学受験基礎,制度・政策・法律,ロシアの南下政策,ろしあのなんかせいさく,,近代ロシア,ヨーロッパ・中央アジア・西アジア,黒海・バルカン・中央アジア,18〜19世紀,1774,WH-000220-R01,reverse,内容,reverse,どんな制度・政策・法律？,ロシアが**不凍港(ふとうこう)**と地中海への出口を求め、オスマン帝国領の黒海・バルカン、さらに中央アジアへ勢力を広げた政策。,不凍港,,,世界史の窓：章節別用語リスト,https://www.y-history.net/appendix/appendix-list.html
大学受験世界史・重要300用語（三段階学習）,WH-000220,168,大学受験基礎,制度・政策・法律,ロシアの南下政策,ろしあのなんかせいさく,,近代ロシア,ヨーロッパ・中央アジア・西アジア,黒海・バルカン・中央アジア,18〜19世紀,1774,WH-000220-R02,reverse,結果・影響,reverse,どのような影響を与えた？,**ロシアの南下政策**は、イギリスのインド防衛やオーストリアのバルカン利害と衝突し、クリミア戦争や東方問題を生んだ。,ロシアの南下政策,,,世界史の窓：章節別用語リスト,https://www.y-history.net/appendix/appendix-list.html
大学受験世界史・重要300用語（三段階学習）,WH-000220,168,大学受験基礎,制度・政策・法律,ロシアの南下政策,ろしあのなんかせいさく,,近代ロシア,ヨーロッパ・中央アジア・西アジア,黒海・バルカン・中央アジア,18〜19世紀,1774,WH-000220-I01,integrated,統合説明,integrated,「ロシアの南下政策」について説明せよ。,ロシアが**不凍港(ふとうこう)**と地中海への出口を求め、オスマン帝国領の黒海・バルカン、さらに中央アジアへ勢力を広げた政策。 イギリスのインド防衛やオーストリアのバルカン利害と衝突し、クリミア戦争や東方問題を生んだ。,不凍港,,,世界史の窓：章節別用語リスト,https://www.y-history.net/appendix/appendix-list.html
大学受験世界史・重要300用語（三段階学習）,WH-000221,17,大学受験基礎,事件・革命,アメリカ独立革命,あめりかどくりつかくめい,アメリカ独立戦争,近代,北アメリカ・大西洋世界,北アメリカ東部のイギリス13植民地,1775年〜1783年,1775,WH-000221-B01,beginner,用語の特定,identify,北アメリカ13植民地がイギリスから独立して合衆国を建てた革命は？,アメリカ独立革命,アメリカ独立革命,アメリカ独立戦争,,世界史の窓：アメリカ独立革命,https://www.y-history.net/appendix/wh1102-056.html
大学受験世界史・重要300用語（三段階学習）,WH-000221,17,大学受験基礎,事件・革命,アメリカ独立革命,あめりかどくりつかくめい,アメリカ独立戦争,近代,北アメリカ・大西洋世界,北アメリカ東部のイギリス13植民地,1775年〜1783年,1775,WH-000221-B02,beginner,時期,time,アメリカ独立宣言が採択された年は？,1776年,1776年,,,世界史の窓：アメリカ独立革命,https://www.y-history.net/appendix/wh1102-056.html
大学受験世界史・重要300用語（三段階学習）,WH-000221,17,大学受験基礎,事件・革命,アメリカ独立革命,あめりかどくりつかくめい,アメリカ独立戦争,近代,北アメリカ・大西洋世界,北アメリカ東部のイギリス13植民地,1775年〜1783年,1775,WH-000221-B03,beginner,中心人物,person,アメリカ独立宣言の起草を中心的に担った人物は？,トマス＝ジェファソン,トマス＝ジェファソン,トーマス＝ジェファソン|ジェファソン,,世界史の窓：アメリカ独立革命,https://www.y-history.net/appendix/wh1102-056.html
大学受験世界史・重要300用語（三段階学習）,WH-000221,17,大学受験基礎,事件・革命,アメリカ独立革命,あめりかどくりつかくめい,アメリカ独立戦争,近代,北アメリカ・大西洋世界,北アメリカ東部のイギリス13植民地,1775年〜1783年,1775,WH-000221-R01,reverse,時期,reverse,戦われたのはいつ？,1775年に独立戦争が始まり、1776年に**独立宣言**を採択し、1783年のパリ条約で独立が承認された。,1775年|独立宣言|1776年|1783年|パリ条約,,,世界史の窓：アメリカ独立革命,https://www.y-history.net/appendix/wh1102-056.html
大学受験世界史・重要300用語（三段階学習）,WH-000221,17,大学受験基礎,事件・革命,アメリカ独立革命,あめりかどくりつかくめい,アメリカ独立戦争,近代,北アメリカ・大西洋世界,北アメリカ東部のイギリス13植民地,1775年〜1783年,1775,WH-000221-R02,reverse,原因・結果,reverse,なぜ起き、何が成立した？,七年戦争後の課税に対し、植民地側が「**代表なくして課税なし**」を掲げて反発した。13植民地はフランスなどの支援を得てイギリスに勝利し、自然権と人民主権を掲げる**アメリカ合衆国**を成立させた。,代表なくして課税なし|13植民地|フランス|自然権|人民主権|アメリカ合衆国,,,世界史の窓：アメリカ独立革命,https://www.y-history.net/appendix/wh1102-056.html
大学受験世界史・重要300用語（三段階学習）,WH-000221,17,大学受験基礎,事件・革命,アメリカ独立革命,あめりかどくりつかくめい,アメリカ独立戦争,近代,北アメリカ・大西洋世界,北アメリカ東部のイギリス13植民地,1775年〜1783年,1775,WH-000221-I01,integrated,統合説明,integrated,「アメリカ独立革命」について説明せよ。,1775〜1783年、北アメリカ13植民地が「**代表なくして課税なし**」を掲げ、フランスなどの支援を得てイギリスから独立した革命。1776年の**独立宣言**に自然権・人民主権を示し、共和政の**アメリカ合衆国**を成立させた。,代表なくして課税なし|13植民地|独立宣言|自然権|人民主権|アメリカ合衆国,,,世界史の窓：アメリカ独立革命,https://www.y-history.net/appendix/wh1102-056.html
大学受験世界史・重要300用語（三段階学習）,WH-000222,169,大学受験基礎,文書・作品,独立宣言,どくりつせんげん,アメリカ独立宣言,アメリカ独立革命期,南北アメリカ,北米13植民地,1776年,1776,WH-000222-B01,beginner,用語の特定,identify,北米13植民地がイギリスからの分離と自然権を宣言した文書は？,独立宣言,独立宣言,アメリカ独立宣言,,世界史の窓：章節別用語リスト,https://www.y-history.net/appendix/appendix-list.html
大学受験世界史・重要300用語（三段階学習）,WH-000222,169,大学受験基礎,文書・作品,独立宣言,どくりつせんげん,アメリカ独立宣言,アメリカ独立革命期,南北アメリカ,北米13植民地,1776年,1776,WH-000222-B02,beginner,時期,time,独立宣言が作られた、または発表されたのはいつ頃？,1776年,1776年,,,世界史の窓：章節別用語リスト,https://www.y-history.net/appendix/appendix-list.html
大学受験世界史・重要300用語（三段階学習）,WH-000222,169,大学受験基礎,文書・作品,独立宣言,どくりつせんげん,アメリカ独立宣言,アメリカ独立革命期,南北アメリカ,北米13植民地,1776年,1776,WH-000222-B03,beginner,人物,person,独立宣言の起草中心人物は？,トマス＝ジェファソン,トマス＝ジェファソン,,,世界史の窓：章節別用語リスト,https://www.y-history.net/appendix/appendix-list.html
大学受験世界史・重要300用語（三段階学習）,WH-000222,169,大学受験基礎,文書・作品,独立宣言,どくりつせんげん,アメリカ独立宣言,アメリカ独立革命期,南北アメリカ,北米13植民地,1776年,1776,WH-000222-R01,reverse,内容,reverse,何が書かれ、何を示した？,1776年7月4日、**トマス＝ジェファソン**を中心に起草され、すべての人の平等・生命・自由・幸福追求の権利を掲げた。,トマス＝ジェファソン,,,世界史の窓：章節別用語リスト,https://www.y-history.net/appendix/appendix-list.html
大学受験世界史・重要300用語（三段階学習）,WH-000222,169,大学受験基礎,文書・作品,独立宣言,どくりつせんげん,アメリカ独立宣言,アメリカ独立革命期,南北アメリカ,北米13植民地,1776年,1776,WH-000222-R02,reverse,結果・影響,reverse,どのような影響を与えた？,**独立宣言**は、政府は人民の同意に基づくと宣言し、アメリカ独立を正当化して後の人権宣言・独立運動へ影響した。,独立宣言,,,世界史の窓：章節別用語リスト,https://www.y-history.net/appendix/appendix-list.html
大学受験世界史・重要300用語（三段階学習）,WH-000222,169,大学受験基礎,文書・作品,独立宣言,どくりつせんげん,アメリカ独立宣言,アメリカ独立革命期,南北アメリカ,北米13植民地,1776年,1776,WH-000222-I01,integrated,統合説明,integrated,「独立宣言」について説明せよ。,1776年7月4日、**トマス＝ジェファソン**を中心に起草され、すべての人の平等・生命・自由・幸福追求の権利を掲げた。 政府は人民の同意に基づくと宣言し、アメリカ独立を正当化して後の人権宣言・独立運動へ影響した。,トマス＝ジェファソン,,,世界史の窓：章節別用語リスト,https://www.y-history.net/appendix/appendix-list.html
大学受験世界史・重要300用語（三段階学習）,WH-000223,170,大学受験基礎,文書・作品,合衆国憲法,がっしゅうこくけんぽう,アメリカ合衆国憲法,アメリカ独立革命後,南北アメリカ,アメリカ合衆国,1787年制定・1788年発効,1787,WH-000223-B01,beginner,用語の特定,identify,連邦制・三権分立・大統領制を定めた世界最古の現行成文憲法は？,合衆国憲法,合衆国憲法,アメリカ合衆国憲法,,世界史の窓：章節別用語リスト,https://www.y-history.net/appendix/appendix-list.html
大学受験世界史・重要300用語（三段階学習）,WH-000223,170,大学受験基礎,文書・作品,合衆国憲法,がっしゅうこくけんぽう,アメリカ合衆国憲法,アメリカ独立革命後,南北アメリカ,アメリカ合衆国,1787年制定・1788年発効,1787,WH-000223-B02,beginner,時期,time,合衆国憲法が作られた、または発表されたのはいつ頃？,1787年制定・1788年発効,1787年制定・1788年発効,,,世界史の窓：章節別用語リスト,https://www.y-history.net/appendix/appendix-list.html
大学受験世界史・重要300用語（三段階学習）,WH-000223,170,大学受験基礎,文書・作品,合衆国憲法,がっしゅうこくけんぽう,アメリカ合衆国憲法,アメリカ独立革命後,南北アメリカ,アメリカ合衆国,1787年制定・1788年発効,1787,WH-000223-B03,beginner,制度,content,合衆国憲法が採用した国家構造は？,連邦制,連邦制,,,世界史の窓：章節別用語リスト,https://www.y-history.net/appendix/appendix-list.html
大学受験世界史・重要300用語（三段階学習）,WH-000223,170,大学受験基礎,文書・作品,合衆国憲法,がっしゅうこくけんぽう,アメリカ合衆国憲法,アメリカ独立革命後,南北アメリカ,アメリカ合衆国,1787年制定・1788年発効,1787,WH-000223-R01,reverse,内容,reverse,何が書かれ、何を示した？,1787年に制定され、州を束ねる**連邦制**、大統領制、立法・行政・司法の三権分立を定めた成文憲法。,連邦制,,,世界史の窓：章節別用語リスト,https://www.y-history.net/appendix/appendix-list.html
大学受験世界史・重要300用語（三段階学習）,WH-000223,170,大学受験基礎,文書・作品,合衆国憲法,がっしゅうこくけんぽう,アメリカ合衆国憲法,アメリカ独立革命後,南北アメリカ,アメリカ合衆国,1787年制定・1788年発効,1787,WH-000223-R02,reverse,結果・影響,reverse,どのような影響を与えた？,**合衆国憲法**は、権力分立と人民主権の近代憲法モデルとなり、後の権利章典追加で基本的人権保障を補強した。,合衆国憲法,,,世界史の窓：章節別用語リスト,https://www.y-history.net/appendix/appendix-list.html
大学受験世界史・重要300用語（三段階学習）,WH-000223,170,大学受験基礎,文書・作品,合衆国憲法,がっしゅうこくけんぽう,アメリカ合衆国憲法,アメリカ独立革命後,南北アメリカ,アメリカ合衆国,1787年制定・1788年発効,1787,WH-000223-I01,integrated,統合説明,integrated,「合衆国憲法」について説明せよ。,1787年に制定され、州を束ねる**連邦制**、大統領制、立法・行政・司法の三権分立を定めた成文憲法。 権力分立と人民主権の近代憲法モデルとなり、後の権利章典追加で基本的人権保障を補強した。,連邦制,,,世界史の窓：章節別用語リスト,https://www.y-history.net/appendix/appendix-list.html
大学受験世界史・重要300用語（三段階学習）,WH-000224,1,大学受験基礎,事件・革命,フランス革命,ふらんすかくめい,,近代,ヨーロッパ,フランス,1789年〜1799年,1789,WH-000224-B01,beginner,用語の特定,identify,1789年に始まり、旧体制と身分的特権を崩した革命は？,フランス革命,フランス革命,,,世界史の窓：フランス革命,https://www.y-history.net/appendix/wh1103_1-013_1.html
大学受験世界史・重要300用語（三段階学習）,WH-000224,1,大学受験基礎,事件・革命,フランス革命,ふらんすかくめい,,近代,ヨーロッパ,フランス,1789年〜1799年,1789,WH-000224-B02,beginner,事件,content,1789年7月14日、パリ民衆が襲撃して革命の象徴となった施設は？,バスティーユ牢獄,バスティーユ牢獄,バスティーユ,,世界史の窓：フランス革命,https://www.y-history.net/appendix/wh1103_1-013_1.html
大学受験世界史・重要300用語（三段階学習）,WH-000224,1,大学受験基礎,事件・革命,フランス革命,ふらんすかくめい,,近代,ヨーロッパ,フランス,1789年〜1799年,1789,WH-000224-B03,beginner,文書,content,自由・平等・人民主権などを掲げた1789年の宣言は？,人権宣言,人権宣言,人間と市民の権利の宣言|フランス人権宣言,,世界史の窓：フランス革命,https://www.y-history.net/appendix/wh1103_1-013_1.html
大学受験世界史・重要300用語（三段階学習）,WH-000224,1,大学受験基礎,事件・革命,フランス革命,ふらんすかくめい,,近代,ヨーロッパ,フランス,1789年〜1799年,1789,WH-000224-R01,reverse,時期,reverse,起きたのはいつ？,1789年の三部会招集と**バスティーユ牢獄襲撃**から始まり、1799年のナポレオンのクーデタまで続いた。,1789年|三部会|バスティーユ牢獄襲撃|1799年|ナポレオン,,,世界史の窓：フランス革命,https://www.y-history.net/appendix/wh1103_1-013_1.html
大学受験世界史・重要300用語（三段階学習）,WH-000224,1,大学受験基礎,事件・革命,フランス革命,ふらんすかくめい,,近代,ヨーロッパ,フランス,1789年〜1799年,1789,WH-000224-R02,reverse,原因・結果,reverse,なぜ起き、何が変わった？,財政危機、身分制への不満、啓蒙思想を背景に第三身分が政治改革を要求した。封建的特権を廃止し、**人権宣言**、共和政、国民軍、恐怖政治などを経て、自由・平等・国民主権と近代的国民国家の原理を広めた。,財政危機|身分制|啓蒙思想|第三身分|封建的特権廃止|人権宣言|共和政|国民主権,,,世界史の窓：フランス革命,https://www.y-history.net/appendix/wh1103_1-013_1.html
大学受験世界史・重要300用語（三段階学習）,WH-000224,1,大学受験基礎,事件・革命,フランス革命,ふらんすかくめい,,近代,ヨーロッパ,フランス,1789年〜1799年,1789,WH-000224-I01,integrated,統合説明,integrated,「フランス革命」について説明せよ。,1789年、財政危機・身分制への不満・啓蒙思想を背景に始まり、1799年まで続いた革命。**バスティーユ牢獄襲撃**、封建的特権廃止、**人権宣言**、共和政を経て、自由・平等・国民主権と近代的国民国家の原理を広めた。,財政危機|身分制|啓蒙思想|バスティーユ牢獄襲撃|封建的特権廃止|人権宣言|共和政|国民主権,,,世界史の窓：フランス革命,https://www.y-history.net/appendix/wh1103_1-013_1.html
大学受験世界史・重要300用語（三段階学習）,WH-000225,171,大学受験基礎,文書・作品,人権宣言,じんけんせんげん,人間と市民の権利の宣言,フランス革命期,ヨーロッパ,フランス,1789年,1789,WH-000225-B01,beginner,用語の特定,identify,自由・法の前の平等・国民主権・私有財産を掲げたフランス革命の宣言は？,人権宣言,人権宣言,人間と市民の権利の宣言,,世界史の窓：章節別用語リスト,https://www.y-history.net/appendix/appendix-list.html
大学受験世界史・重要300用語（三段階学習）,WH-000225,171,大学受験基礎,文書・作品,人権宣言,じんけんせんげん,人間と市民の権利の宣言,フランス革命期,ヨーロッパ,フランス,1789年,1789,WH-000225-B02,beginner,時期,time,人権宣言が作られた、または発表されたのはいつ頃？,1789年,1789年,,,世界史の窓：章節別用語リスト,https://www.y-history.net/appendix/appendix-list.html
大学受験世界史・重要300用語（三段階学習）,WH-000225,171,大学受験基礎,文書・作品,人権宣言,じんけんせんげん,人間と市民の権利の宣言,フランス革命期,ヨーロッパ,フランス,1789年,1789,WH-000225-B03,beginner,主権主体,content,人権宣言が主権の所在としたものは？,国民,国民,,,世界史の窓：章節別用語リスト,https://www.y-history.net/appendix/appendix-list.html
大学受験世界史・重要300用語（三段階学習）,WH-000225,171,大学受験基礎,文書・作品,人権宣言,じんけんせんげん,人間と市民の権利の宣言,フランス革命期,ヨーロッパ,フランス,1789年,1789,WH-000225-R01,reverse,内容,reverse,何が書かれ、何を示した？,1789年8月、自然権として**自由・平等・安全・所有権**を掲げ、法の前の平等と国民主権を宣言した。,自由・平等・安全・所有権,,,世界史の窓：章節別用語リスト,https://www.y-history.net/appendix/appendix-list.html
大学受験世界史・重要300用語（三段階学習）,WH-000225,171,大学受験基礎,文書・作品,人権宣言,じんけんせんげん,人間と市民の権利の宣言,フランス革命期,ヨーロッパ,フランス,1789年,1789,WH-000225-R02,reverse,結果・影響,reverse,どのような影響を与えた？,**人権宣言**は、封建的身分秩序を否定し、近代市民社会と各国の憲法・人権思想へ大きな影響を与えた。,人権宣言,,,世界史の窓：章節別用語リスト,https://www.y-history.net/appendix/appendix-list.html
大学受験世界史・重要300用語（三段階学習）,WH-000225,171,大学受験基礎,文書・作品,人権宣言,じんけんせんげん,人間と市民の権利の宣言,フランス革命期,ヨーロッパ,フランス,1789年,1789,WH-000225-I01,integrated,統合説明,integrated,「人権宣言」について説明せよ。,1789年8月、自然権として**自由・平等・安全・所有権**を掲げ、法の前の平等と国民主権を宣言した。 封建的身分秩序を否定し、近代市民社会と各国の憲法・人権思想へ大きな影響を与えた。,自由・平等・安全・所有権,,,世界史の窓：章節別用語リスト,https://www.y-history.net/appendix/appendix-list.html
大学受験世界史・重要300用語（三段階学習）,WH-000226,172,大学受験基礎,思想・主義,ナショナリズム,なしょなりずむ,国民主義|民族主義,近代,世界,ヨーロッパから世界各地,18世紀末以降,1789,WH-000226-B01,beginner,用語の特定,identify,共通の歴史・言語・文化をもつ人々が一つの国民として国家を形成・維持しようとする思想は？,ナショナリズム,ナショナリズム,国民主義|民族主義,,世界史の窓：章節別用語リスト,https://www.y-history.net/appendix/appendix-list.html
大学受験世界史・重要300用語（三段階学習）,WH-000226,172,大学受験基礎,思想・主義,ナショナリズム,なしょなりずむ,国民主義|民族主義,近代,世界,ヨーロッパから世界各地,18世紀末以降,1789,WH-000226-B02,beginner,時期,time,ナショナリズムが成立・発展したのはいつ頃？,18世紀末以降,18世紀末以降,,,世界史の窓：章節別用語リスト,https://www.y-history.net/appendix/appendix-list.html
大学受験世界史・重要300用語（三段階学習）,WH-000226,172,大学受験基礎,思想・主義,ナショナリズム,なしょなりずむ,国民主義|民族主義,近代,世界,ヨーロッパから世界各地,18世紀末以降,1789,WH-000226-B03,beginner,結果,result,19世紀にナショナリズムが促した二つの代表的動きは？,国民国家の統一と民族独立,国民国家の統一と民族独立,,,世界史の窓：章節別用語リスト,https://www.y-history.net/appendix/appendix-list.html
大学受験世界史・重要300用語（三段階学習）,WH-000226,172,大学受験基礎,思想・主義,ナショナリズム,なしょなりずむ,国民主義|民族主義,近代,世界,ヨーロッパから世界各地,18世紀末以降,1789,WH-000226-R01,reverse,内容,reverse,どんな考え？,人々が共通の歴史・言語・文化をもつ**国民・民族**として結束し、自らの国家を形成・維持すべきだとする思想。,国民・民族,,,世界史の窓：章節別用語リスト,https://www.y-history.net/appendix/appendix-list.html
大学受験世界史・重要300用語（三段階学習）,WH-000226,172,大学受験基礎,思想・主義,ナショナリズム,なしょなりずむ,国民主義|民族主義,近代,世界,ヨーロッパから世界各地,18世紀末以降,1789,WH-000226-R02,reverse,結果・影響,reverse,どのような影響を与えた？,**ナショナリズム**は、フランス革命後に広がり、イタリア・ドイツ統一や被支配民族の独立を促した一方、排外主義や国家間対立も強めた。,ナショナリズム,,,世界史の窓：章節別用語リスト,https://www.y-history.net/appendix/appendix-list.html
大学受験世界史・重要300用語（三段階学習）,WH-000226,172,大学受験基礎,思想・主義,ナショナリズム,なしょなりずむ,国民主義|民族主義,近代,世界,ヨーロッパから世界各地,18世紀末以降,1789,WH-000226-I01,integrated,統合説明,integrated,「ナショナリズム」について説明せよ。,人々が共通の歴史・言語・文化をもつ**国民・民族**として結束し、自らの国家を形成・維持すべきだとする思想。 フランス革命後に広がり、イタリア・ドイツ統一や被支配民族の独立を促した一方、排外主義や国家間対立も強めた。,国民・民族,,,世界史の窓：章節別用語リスト,https://www.y-history.net/appendix/appendix-list.html
大学受験世界史・重要300用語（三段階学習）,WH-000227,173,大学受験基礎,組織・政党,ジャコバン派,じゃこばんは,,フランス革命期,ヨーロッパ,フランス,1792〜1794年に主導,1792,WH-000227-B01,beginner,用語の特定,identify,ロベスピエールを中心に共和政と急進改革を進め、恐怖政治を行った革命派は？,ジャコバン派,ジャコバン派,,,世界史の窓：章節別用語リスト,https://www.y-history.net/appendix/appendix-list.html
大学受験世界史・重要300用語（三段階学習）,WH-000227,173,大学受験基礎,組織・政党,ジャコバン派,じゃこばんは,,フランス革命期,ヨーロッパ,フランス,1792〜1794年に主導,1792,WH-000227-B02,beginner,時期,time,ジャコバン派が歴史上重要になるのはいつ頃？,1792〜1794年に主導,1792〜1794年に主導,,,世界史の窓：章節別用語リスト,https://www.y-history.net/appendix/appendix-list.html
大学受験世界史・重要300用語（三段階学習）,WH-000227,173,大学受験基礎,組織・政党,ジャコバン派,じゃこばんは,,フランス革命期,ヨーロッパ,フランス,1792〜1794年に主導,1792,WH-000227-B03,beginner,人物,person,ジャコバン派の中心指導者は？,ロベスピエール,ロベスピエール,,,世界史の窓：章節別用語リスト,https://www.y-history.net/appendix/appendix-list.html
大学受験世界史・重要300用語（三段階学習）,WH-000227,173,大学受験基礎,組織・政党,ジャコバン派,じゃこばんは,,フランス革命期,ヨーロッパ,フランス,1792〜1794年に主導,1792,WH-000227-R01,reverse,内容,reverse,どんな組織・政党？,フランス革命の急進共和派で、山岳派としてサン＝キュロットの支持を受け、**ロベスピエール**らが国民公会を主導した。,ロベスピエール,,,世界史の窓：章節別用語リスト,https://www.y-history.net/appendix/appendix-list.html
大学受験世界史・重要300用語（三段階学習）,WH-000227,173,大学受験基礎,組織・政党,ジャコバン派,じゃこばんは,,フランス革命期,ヨーロッパ,フランス,1792〜1794年に主導,1792,WH-000227-R02,reverse,結果・影響,reverse,何につながった？,徴兵・最高価格法・封建地代無償廃止を進めた一方、反革命容疑者を処刑する**恐怖政治**を行い、テルミドール反動で失脚した。,恐怖政治,,,世界史の窓：章節別用語リスト,https://www.y-history.net/appendix/appendix-list.html
大学受験世界史・重要300用語（三段階学習）,WH-000227,173,大学受験基礎,組織・政党,ジャコバン派,じゃこばんは,,フランス革命期,ヨーロッパ,フランス,1792〜1794年に主導,1792,WH-000227-I01,integrated,統合説明,integrated,「ジャコバン派」について説明せよ。,フランス革命の急進共和派で、山岳派としてサン＝キュロットの支持を受け、**ロベスピエール**らが国民公会を主導した。 徴兵・最高価格法・封建地代無償廃止を進めた一方、反革命容疑者を処刑する**恐怖政治**を行い、テルミドール反動で失脚した。,ロベスピエール|恐怖政治,,,世界史の窓：章節別用語リスト,https://www.y-history.net/appendix/appendix-list.html
大学受験世界史・重要300用語（三段階学習）,WH-000228,26,大学受験基礎,人物,ナポレオン,なぽれおん,ナポレオン＝ボナパルト,近代,ヨーロッパ,フランス・ヨーロッパ各地,1799年〜1815年,1799,WH-000228-B01,beginner,用語の特定,identify,フランス革命後にクーデタで権力を握り、皇帝となってヨーロッパを征服した人物は？,ナポレオン,ナポレオン,ナポレオン＝ボナパルト,,世界史の窓：ナポレオン,https://www.y-history.net/appendix/wh1103_2-004.html
大学受験世界史・重要300用語（三段階学習）,WH-000228,26,大学受験基礎,人物,ナポレオン,なぽれおん,ナポレオン＝ボナパルト,近代,ヨーロッパ,フランス・ヨーロッパ各地,1799年〜1815年,1799,WH-000228-B02,beginner,制度,content,ナポレオンが1804年に制定し、法の下の平等や私有財産を保障した法典は？,ナポレオン法典,ナポレオン法典,フランス民法典,,世界史の窓：ナポレオン,https://www.y-history.net/appendix/wh1103_2-004.html
大学受験世界史・重要300用語（三段階学習）,WH-000228,26,大学受験基礎,人物,ナポレオン,なぽれおん,ナポレオン＝ボナパルト,近代,ヨーロッパ,フランス・ヨーロッパ各地,1799年〜1815年,1799,WH-000228-B03,beginner,事件,content,1815年、ナポレオンが最終的に敗れた戦いは？,ワーテルローの戦い,ワーテルローの戦い,ワーテルロー,,世界史の窓：ナポレオン,https://www.y-history.net/appendix/wh1103_2-004.html
大学受験世界史・重要300用語（三段階学習）,WH-000228,26,大学受験基礎,人物,ナポレオン,なぽれおん,ナポレオン＝ボナパルト,近代,ヨーロッパ,フランス・ヨーロッパ各地,1799年〜1815年,1799,WH-000228-R01,reverse,時期,reverse,主に活動したのはいつ？,1799年の**ブリュメール18日のクーデタ**で権力を握り、1804年に皇帝となり、1815年の**ワーテルローの戦い**で最終的に敗れた。,ブリュメール18日のクーデタ|1799年|1804年|ワーテルローの戦い|1815年,,,世界史の窓：ナポレオン,https://www.y-history.net/appendix/wh1103_2-004.html
大学受験世界史・重要300用語（三段階学習）,WH-000228,26,大学受験基礎,人物,ナポレオン,なぽれおん,ナポレオン＝ボナパルト,近代,ヨーロッパ,フランス・ヨーロッパ各地,1799年〜1815年,1799,WH-000228-R02,reverse,内容,reverse,何をした？,統領政府・帝政のもとで行政・教育・財政を整え、**ナポレオン法典**を制定した。ヨーロッパ各地を征服して革命の法的平等を広める一方、支配への反発から各地の**ナショナリズム**も高め、大陸封鎖令とロシア遠征の失敗で没落した。,ナポレオン法典|法的平等|ナショナリズム|大陸封鎖令|ロシア遠征,,,世界史の窓：ナポレオン,https://www.y-history.net/appendix/wh1103_2-004.html
大学受験世界史・重要300用語（三段階学習）,WH-000228,26,大学受験基礎,人物,ナポレオン,なぽれおん,ナポレオン＝ボナパルト,近代,ヨーロッパ,フランス・ヨーロッパ各地,1799年〜1815年,1799,WH-000228-I01,integrated,統合説明,integrated,「ナポレオン」について説明せよ。,1799年のクーデタで権力を握り、1804年に皇帝となったフランスの軍人・政治家。**ナポレオン法典**など近代制度を整え、征服によって法的平等を広める一方、各地の**ナショナリズム**を刺激し、大陸封鎖令とロシア遠征の失敗後、1815年に敗れた。,ナポレオン法典|法的平等|ナショナリズム|大陸封鎖令|ロシア遠征|1815年,,,世界史の窓：ナポレオン,https://www.y-history.net/appendix/wh1103_2-004.html
大学受験世界史・重要300用語（三段階学習）,WH-000229,174,大学受験基礎,思想・主義,自由主義,じゆうしゅぎ,リベラリズム,近代,ヨーロッパ・世界,ヨーロッパから世界各地,17〜19世紀に発展,1800,WH-000229-B01,beginner,用語の特定,identify,個人の自由・私有財産・法の支配・憲法政治を重視する思想は？,自由主義,自由主義,リベラリズム,,世界史の窓：章節別用語リスト,https://www.y-history.net/appendix/appendix-list.html
大学受験世界史・重要300用語（三段階学習）,WH-000229,174,大学受験基礎,思想・主義,自由主義,じゆうしゅぎ,リベラリズム,近代,ヨーロッパ・世界,ヨーロッパから世界各地,17〜19世紀に発展,1800,WH-000229-B02,beginner,時期,time,自由主義が成立・発展したのはいつ頃？,17〜19世紀に発展,17〜19世紀に発展,,,世界史の窓：章節別用語リスト,https://www.y-history.net/appendix/appendix-list.html
大学受験世界史・重要300用語（三段階学習）,WH-000229,174,大学受験基礎,思想・主義,自由主義,じゆうしゅぎ,リベラリズム,近代,ヨーロッパ・世界,ヨーロッパから世界各地,17〜19世紀に発展,1800,WH-000229-B03,beginner,制度,content,自由主義が政治的に求めた代表的制度は？,憲法と議会,憲法と議会,,,世界史の窓：章節別用語リスト,https://www.y-history.net/appendix/appendix-list.html
大学受験世界史・重要300用語（三段階学習）,WH-000229,174,大学受験基礎,思想・主義,自由主義,じゆうしゅぎ,リベラリズム,近代,ヨーロッパ・世界,ヨーロッパから世界各地,17〜19世紀に発展,1800,WH-000229-R01,reverse,内容,reverse,どんな考え？,個人の**自由**・権利・私有財産を尊重し、権力を憲法・議会・法によって制限すべきだとする思想。,自由,,,世界史の窓：章節別用語リスト,https://www.y-history.net/appendix/appendix-list.html
大学受験世界史・重要300用語（三段階学習）,WH-000229,174,大学受験基礎,思想・主義,自由主義,じゆうしゅぎ,リベラリズム,近代,ヨーロッパ・世界,ヨーロッパから世界各地,17〜19世紀に発展,1800,WH-000229-R02,reverse,結果・影響,reverse,どのような影響を与えた？,**自由主義**は、市民革命と産業資本家層を支え、19世紀の憲法制定・議会政治・自由貿易運動を推進した。,自由主義,,,世界史の窓：章節別用語リスト,https://www.y-history.net/appendix/appendix-list.html
大学受験世界史・重要300用語（三段階学習）,WH-000229,174,大学受験基礎,思想・主義,自由主義,じゆうしゅぎ,リベラリズム,近代,ヨーロッパ・世界,ヨーロッパから世界各地,17〜19世紀に発展,1800,WH-000229-I01,integrated,統合説明,integrated,「自由主義」について説明せよ。,個人の**自由**・権利・私有財産を尊重し、権力を憲法・議会・法によって制限すべきだとする思想。 市民革命と産業資本家層を支え、19世紀の憲法制定・議会政治・自由貿易運動を推進した。,自由,,,世界史の窓：章節別用語リスト,https://www.y-history.net/appendix/appendix-list.html
大学受験世界史・重要300用語（三段階学習）,WH-000230,175,大学受験基礎,事件・革命,東方問題,とうほうもんだい,,19世紀ヨーロッパ・西アジア,ヨーロッパ・西アジア,バルカン半島・東地中海,18世紀末〜20世紀初頭,1800,WH-000230-B01,beginner,用語の特定,identify,オスマン帝国の弱体化と領土をめぐり、ロシア・英仏墺など列強が争った国際問題は？,東方問題,東方問題,,,世界史の窓：章節別用語リスト,https://www.y-history.net/appendix/appendix-list.html
大学受験世界史・重要300用語（三段階学習）,WH-000230,175,大学受験基礎,事件・革命,東方問題,とうほうもんだい,,19世紀ヨーロッパ・西アジア,ヨーロッパ・西アジア,バルカン半島・東地中海,18世紀末〜20世紀初頭,1800,WH-000230-B02,beginner,時期,time,東方問題が起きたのはいつ？,18世紀末〜20世紀初頭,18世紀末〜20世紀初頭,,,世界史の窓：章節別用語リスト,https://www.y-history.net/appendix/appendix-list.html
大学受験世界史・重要300用語（三段階学習）,WH-000230,175,大学受験基礎,事件・革命,東方問題,とうほうもんだい,,19世紀ヨーロッパ・西アジア,ヨーロッパ・西アジア,バルカン半島・東地中海,18世紀末〜20世紀初頭,1800,WH-000230-B03,beginner,国家,actor,東方問題の中心となった衰退帝国は？,オスマン帝国,オスマン帝国,,,世界史の窓：章節別用語リスト,https://www.y-history.net/appendix/appendix-list.html
大学受験世界史・重要300用語（三段階学習）,WH-000230,175,大学受験基礎,事件・革命,東方問題,とうほうもんだい,,19世紀ヨーロッパ・西アジア,ヨーロッパ・西アジア,バルカン半島・東地中海,18世紀末〜20世紀初頭,1800,WH-000230-R01,reverse,内容,reverse,何が起きた？,弱体化する**オスマン帝国**の領土とバルカン諸民族の独立をめぐり、ロシア・イギリス・フランス・オーストリアなどが対立した問題。,オスマン帝国,,,世界史の窓：章節別用語リスト,https://www.y-history.net/appendix/appendix-list.html
大学受験世界史・重要300用語（三段階学習）,WH-000230,175,大学受験基礎,事件・革命,東方問題,とうほうもんだい,,19世紀ヨーロッパ・西アジア,ヨーロッパ・西アジア,バルカン半島・東地中海,18世紀末〜20世紀初頭,1800,WH-000230-R02,reverse,結果・影響,reverse,何につながった？,**東方問題**は、ギリシア独立・クリミア戦争・露土戦争・バルカン戦争を通じて列強対立を深め、第一次世界大戦の背景となった。,東方問題,,,世界史の窓：章節別用語リスト,https://www.y-history.net/appendix/appendix-list.html
大学受験世界史・重要300用語（三段階学習）,WH-000230,175,大学受験基礎,事件・革命,東方問題,とうほうもんだい,,19世紀ヨーロッパ・西アジア,ヨーロッパ・西アジア,バルカン半島・東地中海,18世紀末〜20世紀初頭,1800,WH-000230-I01,integrated,統合説明,integrated,「東方問題」について説明せよ。,弱体化する**オスマン帝国**の領土とバルカン諸民族の独立をめぐり、ロシア・イギリス・フランス・オーストリアなどが対立した問題。 ギリシア独立・クリミア戦争・露土戦争・バルカン戦争を通じて列強対立を深め、第一次世界大戦の背景となった。,オスマン帝国,,,世界史の窓：章節別用語リスト,https://www.y-history.net/appendix/appendix-list.html
大学受験世界史・重要300用語（三段階学習）,WH-000231,48,大学受験基礎,運動,ラテンアメリカ諸国の独立,らてんあめりかしょこくのどくりつ,ラテンアメリカ独立運動,近代,ラテンアメリカ,ハイチ・メキシコ・中南米,18世紀末〜1820年代,1804,WH-000231-B01,beginner,用語の特定,identify,19世紀初頭、スペイン・ポルトガル植民地が相次いで独立した動きを何という？,ラテンアメリカ諸国の独立,ラテンアメリカ諸国の独立,ラテンアメリカ独立運動,,世界史の窓：ラテンアメリカ,https://www.y-history.net/appendix/wh1201-030.html
大学受験世界史・重要300用語（三段階学習）,WH-000231,48,大学受験基礎,運動,ラテンアメリカ諸国の独立,らてんあめりかしょこくのどくりつ,ラテンアメリカ独立運動,近代,ラテンアメリカ,ハイチ・メキシコ・中南米,18世紀末〜1820年代,1804,WH-000231-B02,beginner,中心人物,person,南アメリカ北部の独立を指導し、「解放者」と呼ばれた人物は？,シモン＝ボリバル,シモン＝ボリバル,ボリバル,,世界史の窓：ラテンアメリカ,https://www.y-history.net/appendix/wh1201-030.html
大学受験世界史・重要300用語（三段階学習）,WH-000231,48,大学受験基礎,運動,ラテンアメリカ諸国の独立,らてんあめりかしょこくのどくりつ,ラテンアメリカ独立運動,近代,ラテンアメリカ,ハイチ・メキシコ・中南米,18世紀末〜1820年代,1804,WH-000231-B03,beginner,事件,content,奴隷反乱を経て1804年に独立した旧フランス植民地は？,ハイチ,ハイチ,,,世界史の窓：ラテンアメリカ,https://www.y-history.net/appendix/wh1201-030.html
大学受験世界史・重要300用語（三段階学習）,WH-000231,48,大学受験基礎,運動,ラテンアメリカ諸国の独立,らてんあめりかしょこくのどくりつ,ラテンアメリカ独立運動,近代,ラテンアメリカ,ハイチ・メキシコ・中南米,18世紀末〜1820年代,1804,WH-000231-R01,reverse,時期,reverse,独立が進んだのはいつ頃？,1791年に始まった**ハイチ革命**から、特に1810〜1820年代にスペイン・ポルトガル領の独立が進んだ。,ハイチ革命|1791年|1810〜1820年代|スペイン|ポルトガル,,,世界史の窓：ラテンアメリカ,https://www.y-history.net/appendix/wh1201-030.html
大学受験世界史・重要300用語（三段階学習）,WH-000231,48,大学受験基礎,運動,ラテンアメリカ諸国の独立,らてんあめりかしょこくのどくりつ,ラテンアメリカ独立運動,近代,ラテンアメリカ,ハイチ・メキシコ・中南米,18世紀末〜1820年代,1804,WH-000231-R02,reverse,原因・結果,reverse,なぜ進み、その後どうなった？,植民地生まれの白人である**クリオーリョ**の不満、啓蒙思想、アメリカ・フランス革命、ナポレオンによるイベリア半島侵入を背景に、**シモン＝ボリバル**らの指導で独立した。政治的独立後も大土地所有と社会格差が残り、**カウディーリョ**の強権政治が広がった。,クリオーリョ|啓蒙思想|アメリカ革命|フランス革命|ナポレオン|シモン＝ボリバル|大土地所有|カウディーリョ,,,世界史の窓：ラテンアメリカ,https://www.y-history.net/appendix/wh1201-030.html
大学受験世界史・重要300用語（三段階学習）,WH-000231,48,大学受験基礎,運動,ラテンアメリカ諸国の独立,らてんあめりかしょこくのどくりつ,ラテンアメリカ独立運動,近代,ラテンアメリカ,ハイチ・メキシコ・中南米,18世紀末〜1820年代,1804,WH-000231-I01,integrated,統合説明,integrated,「ラテンアメリカ諸国の独立」について説明せよ。,18世紀末〜1820年代、**クリオーリョ**の不満、啓蒙思想、アメリカ・フランス革命、ナポレオン侵入を背景にラテンアメリカ各地が独立した動き。**ハイチ革命**や**シモン＝ボリバル**の活動が代表的だが、独立後も大土地所有と**カウディーリョ**政治が残った。,クリオーリョ|啓蒙思想|アメリカ革命|フランス革命|ハイチ革命|シモン＝ボリバル|カウディーリョ,,,世界史の窓：ラテンアメリカ,https://www.y-history.net/appendix/wh1201-030.html
大学受験世界史・重要300用語（三段階学習）,WH-000232,176,大学受験基礎,制度・政策・法律,ナポレオン法典,なぽれおんほうてん,フランス民法典,ナポレオン時代,ヨーロッパ,フランスからヨーロッパ各地,1804年,1804,WH-000232-B01,beginner,用語の特定,identify,法の前の平等・私有財産・契約の自由を定めた1804年のフランス民法典は？,ナポレオン法典,ナポレオン法典,フランス民法典,,世界史の窓：章節別用語リスト,https://www.y-history.net/appendix/appendix-list.html
大学受験世界史・重要300用語（三段階学習）,WH-000232,176,大学受験基礎,制度・政策・法律,ナポレオン法典,なぽれおんほうてん,フランス民法典,ナポレオン時代,ヨーロッパ,フランスからヨーロッパ各地,1804年,1804,WH-000232-B02,beginner,時期,time,ナポレオン法典が成立・実施されたのはいつ頃？,1804年,1804年,,,世界史の窓：章節別用語リスト,https://www.y-history.net/appendix/appendix-list.html
大学受験世界史・重要300用語（三段階学習）,WH-000232,176,大学受験基礎,制度・政策・法律,ナポレオン法典,なぽれおんほうてん,フランス民法典,ナポレオン時代,ヨーロッパ,フランスからヨーロッパ各地,1804年,1804,WH-000232-B03,beginner,権利,content,ナポレオン法典が特に保障した経済上の権利は？,私有財産権,私有財産権,,,世界史の窓：章節別用語リスト,https://www.y-history.net/appendix/appendix-list.html
大学受験世界史・重要300用語（三段階学習）,WH-000232,176,大学受験基礎,制度・政策・法律,ナポレオン法典,なぽれおんほうてん,フランス民法典,ナポレオン時代,ヨーロッパ,フランスからヨーロッパ各地,1804年,1804,WH-000232-R01,reverse,内容,reverse,どんな制度・政策・法律？,1804年に公布され、身分的特権の廃止、**法の前の平等**、私有財産、契約の自由など革命の市民的成果を体系化した民法典。,法の前の平等,,,世界史の窓：章節別用語リスト,https://www.y-history.net/appendix/appendix-list.html
大学受験世界史・重要300用語（三段階学習）,WH-000232,176,大学受験基礎,制度・政策・法律,ナポレオン法典,なぽれおんほうてん,フランス民法典,ナポレオン時代,ヨーロッパ,フランスからヨーロッパ各地,1804年,1804,WH-000232-R02,reverse,結果・影響,reverse,どのような影響を与えた？,**ナポレオン法典**は、ナポレオンの征服とともにヨーロッパ各地へ広がり、近代民法のモデルとなった一方、家父長的家族秩序も強く残した。,ナポレオン法典,,,世界史の窓：章節別用語リスト,https://www.y-history.net/appendix/appendix-list.html
大学受験世界史・重要300用語（三段階学習）,WH-000232,176,大学受験基礎,制度・政策・法律,ナポレオン法典,なぽれおんほうてん,フランス民法典,ナポレオン時代,ヨーロッパ,フランスからヨーロッパ各地,1804年,1804,WH-000232-I01,integrated,統合説明,integrated,「ナポレオン法典」について説明せよ。,1804年に公布され、身分的特権の廃止、**法の前の平等**、私有財産、契約の自由など革命の市民的成果を体系化した民法典。 ナポレオンの征服とともにヨーロッパ各地へ広がり、近代民法のモデルとなった一方、家父長的家族秩序も強く残した。,法の前の平等,,,世界史の窓：章節別用語リスト,https://www.y-history.net/appendix/appendix-list.html
大学受験世界史・重要300用語（三段階学習）,WH-000233,177,大学受験基礎,人物,シモン＝ボリバル,しもんぼりばる,解放者ボリバル,ラテンアメリカ独立期,南北アメリカ,南アメリカ北部,1783〜1830年,1810,WH-000233-B01,beginner,用語の特定,identify,ベネズエラ・コロンビアなど南アメリカ北部の独立を指導した「解放者」は？,シモン＝ボリバル,シモン＝ボリバル,解放者ボリバル,,世界史の窓：章節別用語リスト,https://www.y-history.net/appendix/appendix-list.html
大学受験世界史・重要300用語（三段階学習）,WH-000233,177,大学受験基礎,人物,シモン＝ボリバル,しもんぼりばる,解放者ボリバル,ラテンアメリカ独立期,南北アメリカ,南アメリカ北部,1783〜1830年,1810,WH-000233-B02,beginner,時期,time,シモン＝ボリバルが主に活動したのはいつ頃？,1783〜1830年,1783〜1830年,,,世界史の窓：章節別用語リスト,https://www.y-history.net/appendix/appendix-list.html
大学受験世界史・重要300用語（三段階学習）,WH-000233,177,大学受験基礎,人物,シモン＝ボリバル,しもんぼりばる,解放者ボリバル,ラテンアメリカ独立期,南北アメリカ,南アメリカ北部,1783〜1830年,1810,WH-000233-B03,beginner,国家,relation,ボリバルが建設を目指した連合国家は？,大コロンビア,大コロンビア,,,世界史の窓：章節別用語リスト,https://www.y-history.net/appendix/appendix-list.html
大学受験世界史・重要300用語（三段階学習）,WH-000233,177,大学受験基礎,人物,シモン＝ボリバル,しもんぼりばる,解放者ボリバル,ラテンアメリカ独立期,南北アメリカ,南アメリカ北部,1783〜1830年,1810,WH-000233-R01,reverse,内容,reverse,何をした？,**シモン＝ボリバル**は、クリオーリョ出身の独立指導者としてスペイン軍と戦い、ベネズエラ・コロンビア・エクアドル・ボリビアの解放に貢献した。,シモン＝ボリバル,,,世界史の窓：章節別用語リスト,https://www.y-history.net/appendix/appendix-list.html
大学受験世界史・重要300用語（三段階学習）,WH-000233,177,大学受験基礎,人物,シモン＝ボリバル,しもんぼりばる,解放者ボリバル,ラテンアメリカ独立期,南北アメリカ,南アメリカ北部,1783〜1830年,1810,WH-000233-R02,reverse,結果・影響,reverse,どのような影響を与えた？,**大コロンビア**による地域統合を目指したが分裂し、独立後の政治的統一の難しさを示した。,大コロンビア,,,世界史の窓：章節別用語リスト,https://www.y-history.net/appendix/appendix-list.html
大学受験世界史・重要300用語（三段階学習）,WH-000233,177,大学受験基礎,人物,シモン＝ボリバル,しもんぼりばる,解放者ボリバル,ラテンアメリカ独立期,南北アメリカ,南アメリカ北部,1783〜1830年,1810,WH-000233-I01,integrated,統合説明,integrated,「シモン＝ボリバル」について説明せよ。,クリオーリョ出身の独立指導者としてスペイン軍と戦い、ベネズエラ・コロンビア・エクアドル・ボリビアの解放に貢献した。 **大コロンビア**による地域統合を目指したが分裂し、独立後の政治的統一の難しさを示した。,大コロンビア,,,世界史の窓：章節別用語リスト,https://www.y-history.net/appendix/appendix-list.html
大学受験世界史・重要300用語（三段階学習）,WH-000234,178,大学受験基礎,条約・会議,ウィーン会議,うぃーんかいぎ,,19世紀ヨーロッパ,ヨーロッパ,ウィーン,1814〜1815年,1814,WH-000234-B01,beginner,用語の特定,identify,ナポレオン戦争後のヨーロッパ秩序を決めるため開催された国際会議は？,ウィーン会議,ウィーン会議,,,世界史の窓：章節別用語リスト,https://www.y-history.net/appendix/appendix-list.html
大学受験世界史・重要300用語（三段階学習）,WH-000234,178,大学受験基礎,条約・会議,ウィーン会議,うぃーんかいぎ,,19世紀ヨーロッパ,ヨーロッパ,ウィーン,1814〜1815年,1814,WH-000234-B02,beginner,時期,time,ウィーン会議が結ばれた、または開かれたのはいつ？,1814〜1815年,1814〜1815年,,,世界史の窓：章節別用語リスト,https://www.y-history.net/appendix/appendix-list.html
大学受験世界史・重要300用語（三段階学習）,WH-000234,178,大学受験基礎,条約・会議,ウィーン会議,うぃーんかいぎ,,19世紀ヨーロッパ,ヨーロッパ,ウィーン,1814〜1815年,1814,WH-000234-B03,beginner,人物,person,ウィーン会議を主導したオーストリア宰相は？,メッテルニヒ,メッテルニヒ,,,世界史の窓：章節別用語リスト,https://www.y-history.net/appendix/appendix-list.html
大学受験世界史・重要300用語（三段階学習）,WH-000234,178,大学受験基礎,条約・会議,ウィーン会議,うぃーんかいぎ,,19世紀ヨーロッパ,ヨーロッパ,ウィーン,1814〜1815年,1814,WH-000234-R01,reverse,内容,reverse,何を決めた？,ナポレオン戦争後、オーストリア宰相**メッテルニヒ**を中心に列強が集まり、正統主義と勢力均衡に基づく国境・王朝復旧を協議した。,メッテルニヒ,,,世界史の窓：章節別用語リスト,https://www.y-history.net/appendix/appendix-list.html
大学受験世界史・重要300用語（三段階学習）,WH-000234,178,大学受験基礎,条約・会議,ウィーン会議,うぃーんかいぎ,,19世紀ヨーロッパ,ヨーロッパ,ウィーン,1814〜1815年,1814,WH-000234-R02,reverse,結果・影響,reverse,何につながった？,フランスも交渉へ復帰し、列強協調による**ウィーン体制**を成立させた。,ウィーン体制,,,世界史の窓：章節別用語リスト,https://www.y-history.net/appendix/appendix-list.html
大学受験世界史・重要300用語（三段階学習）,WH-000234,178,大学受験基礎,条約・会議,ウィーン会議,うぃーんかいぎ,,19世紀ヨーロッパ,ヨーロッパ,ウィーン,1814〜1815年,1814,WH-000234-I01,integrated,統合説明,integrated,「ウィーン会議」について説明せよ。,ナポレオン戦争後、オーストリア宰相**メッテルニヒ**を中心に列強が集まり、正統主義と勢力均衡に基づく国境・王朝復旧を協議した。 フランスも交渉へ復帰し、列強協調による**ウィーン体制**を成立させた。,メッテルニヒ|ウィーン体制,,,世界史の窓：章節別用語リスト,https://www.y-history.net/appendix/appendix-list.html
大学受験世界史・重要300用語（三段階学習）,WH-000235,36,大学受験基礎,時代・歴史区分,ウィーン体制,うぃーんたいせい,,近代,ヨーロッパ,ヨーロッパ,1815年〜1848年,1815,WH-000235-B01,beginner,用語の特定,identify,ナポレオン戦争後、正統主義と勢力均衡でヨーロッパ秩序を維持した体制は？,ウィーン体制,ウィーン体制,,,世界史の窓：ウィーン体制,https://www.y-history.net/appendix/wh1201-008.html
大学受験世界史・重要300用語（三段階学習）,WH-000235,36,大学受験基礎,時代・歴史区分,ウィーン体制,うぃーんたいせい,,近代,ヨーロッパ,ヨーロッパ,1815年〜1848年,1815,WH-000235-B02,beginner,中心人物,person,ウィーン会議を主導し、保守反動秩序の中心となったオーストリア外相は？,メッテルニヒ,メッテルニヒ,,,世界史の窓：ウィーン体制,https://www.y-history.net/appendix/wh1201-008.html
大学受験世界史・重要300用語（三段階学習）,WH-000235,36,大学受験基礎,時代・歴史区分,ウィーン体制,うぃーんたいせい,,近代,ヨーロッパ,ヨーロッパ,1815年〜1848年,1815,WH-000235-B03,beginner,思想,content,革命前の正統な王朝を復活させるというウィーン会議の原則は？,正統主義,正統主義,,,世界史の窓：ウィーン体制,https://www.y-history.net/appendix/wh1201-008.html
大学受験世界史・重要300用語（三段階学習）,WH-000235,36,大学受験基礎,時代・歴史区分,ウィーン体制,うぃーんたいせい,,近代,ヨーロッパ,ヨーロッパ,1815年〜1848年,1815,WH-000235-R01,reverse,複合説明,reverse,どのような体制？,1815年のウィーン会議後、**メッテルニヒ**を中心に**正統主義**と**勢力均衡**でヨーロッパの安定を図った国際秩序。自由主義・ナショナリズム運動を抑圧したが、各地の革命を止められず、1848年革命で崩壊した。,ウィーン会議|メッテルニヒ|正統主義|勢力均衡|自由主義|ナショナリズム|1848年革命,,,世界史の窓：ウィーン体制,https://www.y-history.net/appendix/wh1201-008.html
大学受験世界史・重要300用語（三段階学習）,WH-000235,36,大学受験基礎,時代・歴史区分,ウィーン体制,うぃーんたいせい,,近代,ヨーロッパ,ヨーロッパ,1815年〜1848年,1815,WH-000235-I01,integrated,統合説明,integrated,「ウィーン体制」について説明せよ。,1815年のウィーン会議後、**メッテルニヒ**を中心に**正統主義**と**勢力均衡**でヨーロッパ秩序を維持した体制。自由主義・ナショナリズムを抑圧したが各地の革命を止められず、1848年革命で崩壊した。,ウィーン会議|メッテルニヒ|正統主義|勢力均衡|自由主義|ナショナリズム|1848年革命,,,世界史の窓：ウィーン体制,https://www.y-history.net/appendix/wh1201-008.html
大学受験世界史・重要300用語（三段階学習）,WH-000236,299,大学受験標準,組織・政党,神聖同盟,しんせいどうめい,,ウィーン体制期,ヨーロッパ,ロシア・オーストリア・プロイセン,1815年,1815,WH-000236-B01,beginner,用語の特定,identify,ロシア皇帝アレクサンドル1世の提唱で結ばれた、君主制とキリスト教的秩序を守る同盟は？,神聖同盟,神聖同盟,,,世界史の窓：章節別用語リスト,https://www.y-history.net/appendix/appendix-list.html
大学受験世界史・重要300用語（三段階学習）,WH-000236,299,大学受験標準,組織・政党,神聖同盟,しんせいどうめい,,ウィーン体制期,ヨーロッパ,ロシア・オーストリア・プロイセン,1815年,1815,WH-000236-B02,beginner,時期,time,神聖同盟が歴史上重要になるのはいつ頃？,1815年,1815年,,,世界史の窓：章節別用語リスト,https://www.y-history.net/appendix/appendix-list.html
大学受験世界史・重要300用語（三段階学習）,WH-000236,299,大学受験標準,組織・政党,神聖同盟,しんせいどうめい,,ウィーン体制期,ヨーロッパ,ロシア・オーストリア・プロイセン,1815年,1815,WH-000236-B03,beginner,加盟国,actor,神聖同盟の中心三国は？,ロシア・オーストリア・プロイセン,ロシア・オーストリア・プロイセン,,,世界史の窓：章節別用語リスト,https://www.y-history.net/appendix/appendix-list.html
大学受験世界史・重要300用語（三段階学習）,WH-000236,299,大学受験標準,組織・政党,神聖同盟,しんせいどうめい,,ウィーン体制期,ヨーロッパ,ロシア・オーストリア・プロイセン,1815年,1815,WH-000236-R01,reverse,内容,reverse,どんな組織・政党？,1815年、ロシア皇帝**アレクサンドル1世**の提唱でロシア・オーストリア・プロイセンが結んだ君主間の同盟。,アレクサンドル1世,,,世界史の窓：章節別用語リスト,https://www.y-history.net/appendix/appendix-list.html
大学受験世界史・重要300用語（三段階学習）,WH-000236,299,大学受験標準,組織・政党,神聖同盟,しんせいどうめい,,ウィーン体制期,ヨーロッパ,ロシア・オーストリア・プロイセン,1815年,1815,WH-000236-R02,reverse,結果・影響,reverse,何につながった？,**神聖同盟**は、自由主義・ナショナリズム運動を抑えるウィーン体制の理念的象徴となったが、実際の列強協調は四国同盟が担った。,神聖同盟,,,世界史の窓：章節別用語リスト,https://www.y-history.net/appendix/appendix-list.html
大学受験世界史・重要300用語（三段階学習）,WH-000236,299,大学受験標準,組織・政党,神聖同盟,しんせいどうめい,,ウィーン体制期,ヨーロッパ,ロシア・オーストリア・プロイセン,1815年,1815,WH-000236-I01,integrated,統合説明,integrated,「神聖同盟」について説明せよ。,1815年、ロシア皇帝**アレクサンドル1世**の提唱でロシア・オーストリア・プロイセンが結んだ君主間の同盟。 自由主義・ナショナリズム運動を抑えるウィーン体制の理念的象徴となったが、実際の列強協調は四国同盟が担った。,アレクサンドル1世,,,世界史の窓：章節別用語リスト,https://www.y-history.net/appendix/appendix-list.html
大学受験世界史・重要300用語（三段階学習）,WH-000237,179,大学受験基礎,思想・主義,社会主義,しゃかいしゅぎ,,近代,ヨーロッパ・世界,ヨーロッパから世界各地,19世紀以降,1820,WH-000237-B01,beginner,用語の特定,identify,資本主義の貧富の差を批判し、生産手段の社会的所有や平等を目指す思想は？,社会主義,社会主義,,,世界史の窓：章節別用語リスト,https://www.y-history.net/appendix/appendix-list.html
大学受験世界史・重要300用語（三段階学習）,WH-000237,179,大学受験基礎,思想・主義,社会主義,しゃかいしゅぎ,,近代,ヨーロッパ・世界,ヨーロッパから世界各地,19世紀以降,1820,WH-000237-B02,beginner,時期,time,社会主義が成立・発展したのはいつ頃？,19世紀以降,19世紀以降,,,世界史の窓：章節別用語リスト,https://www.y-history.net/appendix/appendix-list.html
大学受験世界史・重要300用語（三段階学習）,WH-000237,179,大学受験基礎,思想・主義,社会主義,しゃかいしゅぎ,,近代,ヨーロッパ・世界,ヨーロッパから世界各地,19世紀以降,1820,WH-000237-B03,beginner,分類,content,マルクス以前の社会主義者を一般に何と呼ぶ？,空想的社会主義者,空想的社会主義者,,,世界史の窓：章節別用語リスト,https://www.y-history.net/appendix/appendix-list.html
大学受験世界史・重要300用語（三段階学習）,WH-000237,179,大学受験基礎,思想・主義,社会主義,しゃかいしゅぎ,,近代,ヨーロッパ・世界,ヨーロッパから世界各地,19世紀以降,1820,WH-000237-R01,reverse,内容,reverse,どんな考え？,産業革命後の貧困・失業・労働問題を批判し、**生産手段**の共同・社会的所有と経済的平等を目指す思想。,生産手段,,,世界史の窓：章節別用語リスト,https://www.y-history.net/appendix/appendix-list.html
大学受験世界史・重要300用語（三段階学習）,WH-000237,179,大学受験基礎,思想・主義,社会主義,しゃかいしゅぎ,,近代,ヨーロッパ・世界,ヨーロッパから世界各地,19世紀以降,1820,WH-000237-R02,reverse,結果・影響,reverse,どのような影響を与えた？,サン＝シモンらの空想的社会主義から**マルクス主義**へ展開し、労働運動・社会民主主義・共産主義国家へ影響した。,マルクス主義,,,世界史の窓：章節別用語リスト,https://www.y-history.net/appendix/appendix-list.html
大学受験世界史・重要300用語（三段階学習）,WH-000237,179,大学受験基礎,思想・主義,社会主義,しゃかいしゅぎ,,近代,ヨーロッパ・世界,ヨーロッパから世界各地,19世紀以降,1820,WH-000237-I01,integrated,統合説明,integrated,「社会主義」について説明せよ。,産業革命後の貧困・失業・労働問題を批判し、**生産手段**の共同・社会的所有と経済的平等を目指す思想。 サン＝シモンらの空想的社会主義から**マルクス主義**へ展開し、労働運動・社会民主主義・共産主義国家へ影響した。,生産手段|マルクス主義,,,世界史の窓：章節別用語リスト,https://www.y-history.net/appendix/appendix-list.html
大学受験世界史・重要300用語（三段階学習）,WH-000238,180,大学受験基礎,運動,タンジマート,たんじまーと,恩恵改革,近代オスマン帝国,西アジア・ヨーロッパ,オスマン帝国,1839〜1876年,1839,WH-000238-B01,beginner,用語の特定,identify,オスマン帝国が中央集権化と近代化、臣民の法的平等を目指した改革は？,タンジマート,タンジマート,恩恵改革,,世界史の窓：章節別用語リスト,https://www.y-history.net/appendix/appendix-list.html
大学受験世界史・重要300用語（三段階学習）,WH-000238,180,大学受験基礎,運動,タンジマート,たんじまーと,恩恵改革,近代オスマン帝国,西アジア・ヨーロッパ,オスマン帝国,1839〜1876年,1839,WH-000238-B02,beginner,時期,time,タンジマートが盛んになったのはいつ頃？,1839〜1876年,1839〜1876年,,,世界史の窓：章節別用語リスト,https://www.y-history.net/appendix/appendix-list.html
大学受験世界史・重要300用語（三段階学習）,WH-000238,180,大学受験基礎,運動,タンジマート,たんじまーと,恩恵改革,近代オスマン帝国,西アジア・ヨーロッパ,オスマン帝国,1839〜1876年,1839,WH-000238-B03,beginner,文書,content,タンジマート開始を告げた1839年の勅令は？,ギュルハネ勅令(ぎゅるはねちょくれい),ギュルハネ勅令,,,世界史の窓：章節別用語リスト,https://www.y-history.net/appendix/appendix-list.html
大学受験世界史・重要300用語（三段階学習）,WH-000238,180,大学受験基礎,運動,タンジマート,たんじまーと,恩恵改革,近代オスマン帝国,西アジア・ヨーロッパ,オスマン帝国,1839〜1876年,1839,WH-000238-R01,reverse,内容,reverse,どんな運動？,1839年の**ギュルハネ勅令(ぎゅるはねちょくれい)**に始まり、軍制・行政・教育・法・税制を西欧式に改革し、宗教を問わない臣民の平等を掲げた。,ギュルハネ勅令,,,世界史の窓：章節別用語リスト,https://www.y-history.net/appendix/appendix-list.html
大学受験世界史・重要300用語（三段階学習）,WH-000238,180,大学受験基礎,運動,タンジマート,たんじまーと,恩恵改革,近代オスマン帝国,西アジア・ヨーロッパ,オスマン帝国,1839〜1876年,1839,WH-000238-R02,reverse,結果・影響,reverse,何につながった？,**タンジマート**は、近代国家化と中央集権を進めたが、列強干渉・財政難・民族問題を解決できず、青年トルコ運動へつながった。,タンジマート,,,世界史の窓：章節別用語リスト,https://www.y-history.net/appendix/appendix-list.html
大学受験世界史・重要300用語（三段階学習）,WH-000238,180,大学受験基礎,運動,タンジマート,たんじまーと,恩恵改革,近代オスマン帝国,西アジア・ヨーロッパ,オスマン帝国,1839〜1876年,1839,WH-000238-I01,integrated,統合説明,integrated,「タンジマート」について説明せよ。,1839年の**ギュルハネ勅令(ぎゅるはねちょくれい)**に始まり、軍制・行政・教育・法・税制を西欧式に改革し、宗教を問わない臣民の平等を掲げた。 近代国家化と中央集権を進めたが、列強干渉・財政難・民族問題を解決できず、青年トルコ運動へつながった。,ギュルハネ勅令,,,世界史の窓：章節別用語リスト,https://www.y-history.net/appendix/appendix-list.html
大学受験世界史・重要300用語（三段階学習）,WH-000239,19,大学受験基礎,戦争,アヘン戦争,あへんせんそう,第一次アヘン戦争,近代,東アジア,中国沿岸部・華南,1840年〜1842年,1840,WH-000239-B01,beginner,用語の特定,identify,イギリスのアヘン貿易取締りをめぐって1840年に始まった、清とイギリスの戦争は？,アヘン戦争,アヘン戦争,第一次アヘン戦争,,世界史の窓：アヘン戦争,https://www.y-history.net/appendix/wh1303-027.html
大学受験世界史・重要300用語（三段階学習）,WH-000239,19,大学受験基礎,戦争,アヘン戦争,あへんせんそう,第一次アヘン戦争,近代,東アジア,中国沿岸部・華南,1840年〜1842年,1840,WH-000239-B02,beginner,中心人物,person,清が広州(こうしゅう)へ派遣し、アヘンを没収・廃棄した欽差大臣は？,林則徐(りんそくじょ),林則徐,,,世界史の窓：アヘン戦争,https://www.y-history.net/appendix/wh1303-027.html
大学受験世界史・重要300用語（三段階学習）,WH-000239,19,大学受験基礎,戦争,アヘン戦争,あへんせんそう,第一次アヘン戦争,近代,東アジア,中国沿岸部・華南,1840年〜1842年,1840,WH-000239-B03,beginner,条約,relation,アヘン戦争を終結させた清とイギリスの条約は？,南京条約(なんきんじょうやく),南京条約,,,世界史の窓：アヘン戦争,https://www.y-history.net/appendix/wh1303-027.html
大学受験世界史・重要300用語（三段階学習）,WH-000239,19,大学受験基礎,戦争,アヘン戦争,あへんせんそう,第一次アヘン戦争,近代,東アジア,中国沿岸部・華南,1840年〜1842年,1840,WH-000239-R01,reverse,時期,reverse,戦われたのはいつ？,1840年から1842年にかけて、**清**と**イギリス**の間で戦われた。,1840年|1842年|清|イギリス,,,世界史の窓：アヘン戦争,https://www.y-history.net/appendix/wh1303-027.html
大学受験世界史・重要300用語（三段階学習）,WH-000239,19,大学受験基礎,戦争,アヘン戦争,あへんせんそう,第一次アヘン戦争,近代,東アジア,中国沿岸部・華南,1840年〜1842年,1840,WH-000239-R02,reverse,原因・結果,reverse,なぜ起き、何につながった？,イギリスのアヘン密輸に対し、**林則徐(りんそくじょ)**が広州(こうしゅう)でアヘンを没収・廃棄したことを口実にイギリスが攻撃した。敗れた清は**南京条約(なんきんじょうやく)**で香港割譲・五港開港を認め、その後の不平等条約体制と列強の中国進出につながった。,林則徐|アヘン密輸|南京条約|香港割譲|五港開港|不平等条約,,,世界史の窓：アヘン戦争,https://www.y-history.net/appendix/wh1303-027.html
大学受験世界史・重要300用語（三段階学習）,WH-000239,19,大学受験基礎,戦争,アヘン戦争,あへんせんそう,第一次アヘン戦争,近代,東アジア,中国沿岸部・華南,1840年〜1842年,1840,WH-000239-I01,integrated,統合説明,integrated,「アヘン戦争」について説明せよ。,1840〜1842年、アヘン密輸を取り締まった**林則徐(りんそくじょ)**の措置を口実に、イギリスが清を攻撃した戦争。敗れた清は**南京条約(なんきんじょうやく)**で香港割譲・五港開港を認め、不平等条約体制と列強の中国進出が始まった。,林則徐|アヘン密輸|南京条約|香港割譲|五港開港|不平等条約,,,世界史の窓：アヘン戦争,https://www.y-history.net/appendix/wh1303-027.html
大学受験世界史・重要300用語（三段階学習）,WH-000240,181,大学受験基礎,条約・会議,南京条約,なんきんじょうやく,,19世紀東アジア,東アジア,清とイギリス,1842年,1842,WH-000240-B01,beginner,用語の特定,identify,アヘン戦争後、清が香港割譲・五港開港・賠償を認めた条約は？,南京条約(なんきんじょうやく),南京条約,,,世界史の窓：章節別用語リスト,https://www.y-history.net/appendix/appendix-list.html
大学受験世界史・重要300用語（三段階学習）,WH-000240,181,大学受験基礎,条約・会議,南京条約,なんきんじょうやく,,19世紀東アジア,東アジア,清とイギリス,1842年,1842,WH-000240-B02,beginner,時期,time,南京条約(なんきんじょうやく)が結ばれた、または開かれたのはいつ？,1842年,1842年,,,世界史の窓：章節別用語リスト,https://www.y-history.net/appendix/appendix-list.html
大学受験世界史・重要300用語（三段階学習）,WH-000240,181,大学受験基礎,条約・会議,南京条約,なんきんじょうやく,,19世紀東アジア,東アジア,清とイギリス,1842年,1842,WH-000240-B03,beginner,割譲地,place,南京条約(なんきんじょうやく)でイギリスへ割譲された地域は？,香港島(ほんこんとう),香港島,,,世界史の窓：章節別用語リスト,https://www.y-history.net/appendix/appendix-list.html
大学受験世界史・重要300用語（三段階学習）,WH-000240,181,大学受験基礎,条約・会議,南京条約,なんきんじょうやく,,19世紀東アジア,東アジア,清とイギリス,1842年,1842,WH-000240-R01,reverse,内容,reverse,何を決めた？,1842年、アヘン戦争に敗れた清がイギリスへ**香港島(ほんこんとう)**を割譲し、広州(こうしゅう)など五港の開港と賠償金支払いを認めた条約。,香港島,,,世界史の窓：章節別用語リスト,https://www.y-history.net/appendix/appendix-list.html
大学受験世界史・重要300用語（三段階学習）,WH-000240,181,大学受験基礎,条約・会議,南京条約,なんきんじょうやく,,19世紀東アジア,東アジア,清とイギリス,1842年,1842,WH-000240-R02,reverse,結果・影響,reverse,何につながった？,**南京条約(なんきんじょうやく)**は、清の伝統的朝貢(ちょうこう)秩序を崩し、追加条約による領事裁判権(りょうじさいばんけん)・協定関税と合わせて不平等条約体制の出発点となった。,南京条約,,,世界史の窓：章節別用語リスト,https://www.y-history.net/appendix/appendix-list.html
大学受験世界史・重要300用語（三段階学習）,WH-000240,181,大学受験基礎,条約・会議,南京条約,なんきんじょうやく,,19世紀東アジア,東アジア,清とイギリス,1842年,1842,WH-000240-I01,integrated,統合説明,integrated,「南京条約(なんきんじょうやく)」について説明せよ。,1842年、アヘン戦争に敗れた清がイギリスへ**香港島(ほんこんとう)**を割譲し、広州(こうしゅう)など五港の開港と賠償金支払いを認めた条約。 清の伝統的朝貢(ちょうこう)秩序を崩し、追加条約による領事裁判権(りょうじさいばんけん)・協定関税と合わせて不平等条約体制の出発点となった。,香港島,,,世界史の窓：章節別用語リスト,https://www.y-history.net/appendix/appendix-list.html
大学受験世界史・重要300用語（三段階学習）,WH-000241,53,大学受験基礎,事件・革命,1848年革命,せんはっぴゃくよんじゅうはちねんかくめい,諸国民の春,近代,ヨーロッパ,フランス・ドイツ・オーストリア・イタリアなど,1848年,1848,WH-000241-B01,beginner,用語の特定,identify,自由主義・ナショナリズムを掲げ、1848年にヨーロッパ各地へ広がった革命を総称して何という？,1848年革命,1848年革命,諸国民の春,,世界史の窓：1848年革命,https://www.y-history.net/appendix/wh1201-093.html
大学受験世界史・重要300用語（三段階学習）,WH-000241,53,大学受験基礎,事件・革命,1848年革命,せんはっぴゃくよんじゅうはちねんかくめい,諸国民の春,近代,ヨーロッパ,フランス・ドイツ・オーストリア・イタリアなど,1848年,1848,WH-000241-B02,beginner,事件,content,1848年にフランスの七月王政を倒した革命は？,二月革命,二月革命,,,世界史の窓：1848年革命,https://www.y-history.net/appendix/wh1201-093.html
大学受験世界史・重要300用語（三段階学習）,WH-000241,53,大学受験基礎,事件・革命,1848年革命,せんはっぴゃくよんじゅうはちねんかくめい,諸国民の春,近代,ヨーロッパ,フランス・ドイツ・オーストリア・イタリアなど,1848年,1848,WH-000241-B03,beginner,結果,result,1848年革命によって最終的に崩壊した、1815年以来の国際秩序は？,ウィーン体制,ウィーン体制,,,世界史の窓：1848年革命,https://www.y-history.net/appendix/wh1201-093.html
大学受験世界史・重要300用語（三段階学習）,WH-000241,53,大学受験基礎,事件・革命,1848年革命,せんはっぴゃくよんじゅうはちねんかくめい,諸国民の春,近代,ヨーロッパ,フランス・ドイツ・オーストリア・イタリアなど,1848年,1848,WH-000241-R01,reverse,複合説明,reverse,何が起きた？,1848年、フランスの**二月革命**を皮切りに、自由主義・ナショナリズムを掲げる革命がドイツ・オーストリア・イタリアなどへ連鎖した。多くは保守勢力に抑えられたが、**ウィーン体制**を終わらせ、ブルジョワジーと労働者の対立も明確にした。,二月革命|自由主義|ナショナリズム|ウィーン体制|ブルジョワジー|労働者,,,世界史の窓：1848年革命,https://www.y-history.net/appendix/wh1201-093.html
大学受験世界史・重要300用語（三段階学習）,WH-000241,53,大学受験基礎,事件・革命,1848年革命,せんはっぴゃくよんじゅうはちねんかくめい,諸国民の春,近代,ヨーロッパ,フランス・ドイツ・オーストリア・イタリアなど,1848年,1848,WH-000241-I01,integrated,統合説明,integrated,「1848年革命」について説明せよ。,1848年、フランスの**二月革命**を皮切りに、自由主義・ナショナリズムを掲げてヨーロッパ各地へ広がった革命。多くは鎮圧されたが**ウィーン体制**を終わらせ、ブルジョワジーと労働者の対立を明確にした。,二月革命|自由主義|ナショナリズム|ウィーン体制|ブルジョワジー|労働者,,,世界史の窓：1848年革命,https://www.y-history.net/appendix/wh1201-093.html
大学受験世界史・重要300用語（三段階学習）,WH-000242,182,大学受験基礎,人物,マルクス,まるくす,カール＝マルクス,近代思想,ヨーロッパ,ドイツ・イギリスを中心,1818〜1883年,1848,WH-000242-B01,beginner,用語の特定,identify,階級闘争と資本主義の矛盾を分析し、共産主義革命を説いた思想家は？,マルクス,マルクス,カール＝マルクス,,世界史の窓：章節別用語リスト,https://www.y-history.net/appendix/appendix-list.html
大学受験世界史・重要300用語（三段階学習）,WH-000242,182,大学受験基礎,人物,マルクス,まるくす,カール＝マルクス,近代思想,ヨーロッパ,ドイツ・イギリスを中心,1818〜1883年,1848,WH-000242-B02,beginner,時期,time,マルクスが主に活動したのはいつ頃？,1818〜1883年,1818〜1883年,,,世界史の窓：章節別用語リスト,https://www.y-history.net/appendix/appendix-list.html
大学受験世界史・重要300用語（三段階学習）,WH-000242,182,大学受験基礎,人物,マルクス,まるくす,カール＝マルクス,近代思想,ヨーロッパ,ドイツ・イギリスを中心,1818〜1883年,1848,WH-000242-B03,beginner,作品,content,マルクスとエンゲルスが1848年に発表した文書は？,共産党宣言,共産党宣言,,,世界史の窓：章節別用語リスト,https://www.y-history.net/appendix/appendix-list.html
大学受験世界史・重要300用語（三段階学習）,WH-000242,182,大学受験基礎,人物,マルクス,まるくす,カール＝マルクス,近代思想,ヨーロッパ,ドイツ・イギリスを中心,1818〜1883年,1848,WH-000242-R01,reverse,内容,reverse,何をした？,エンゲルスとともに**史的唯物論**と階級闘争の歴史観を示し、『資本論』で資本主義の搾取構造を分析した。,史的唯物論,,,世界史の窓：章節別用語リスト,https://www.y-history.net/appendix/appendix-list.html
大学受験世界史・重要300用語（三段階学習）,WH-000242,182,大学受験基礎,人物,マルクス,まるくす,カール＝マルクス,近代思想,ヨーロッパ,ドイツ・イギリスを中心,1818〜1883年,1848,WH-000242-R02,reverse,結果・影響,reverse,どのような影響を与えた？,1848年の『**共産党宣言**』で労働者革命を訴え、社会主義運動・労働運動と20世紀の共産主義国家へ巨大な影響を与えた。,共産党宣言,,,世界史の窓：章節別用語リスト,https://www.y-history.net/appendix/appendix-list.html
大学受験世界史・重要300用語（三段階学習）,WH-000242,182,大学受験基礎,人物,マルクス,まるくす,カール＝マルクス,近代思想,ヨーロッパ,ドイツ・イギリスを中心,1818〜1883年,1848,WH-000242-I01,integrated,統合説明,integrated,「マルクス」について説明せよ。,エンゲルスとともに**史的唯物論**と階級闘争の歴史観を示し、『資本論』で資本主義の搾取構造を分析した。 1848年の『**共産党宣言**』で労働者革命を訴え、社会主義運動・労働運動と20世紀の共産主義国家へ巨大な影響を与えた。,史的唯物論|共産党宣言,,,世界史の窓：章節別用語リスト,https://www.y-history.net/appendix/appendix-list.html
大学受験世界史・重要300用語（三段階学習）,WH-000243,183,大学受験基礎,事件・革命,太平天国の乱,たいへいてんごくのらん,,19世紀中国,東アジア,華中・華南,1851〜1864年,1851,WH-000243-B01,beginner,用語の特定,identify,洪秀全(こうしゅうぜん)が上帝会を率いて起こし、南京を天京として建国した大反乱は？,太平天国の乱(たいへいてんごくのらん),太平天国の乱,,,世界史の窓：章節別用語リスト,https://www.y-history.net/appendix/appendix-list.html
大学受験世界史・重要300用語（三段階学習）,WH-000243,183,大学受験基礎,事件・革命,太平天国の乱,たいへいてんごくのらん,,19世紀中国,東アジア,華中・華南,1851〜1864年,1851,WH-000243-B02,beginner,時期,time,太平天国の乱(たいへいてんごくのらん)が起きたのはいつ？,1851〜1864年,1851〜1864年,,,世界史の窓：章節別用語リスト,https://www.y-history.net/appendix/appendix-list.html
大学受験世界史・重要300用語（三段階学習）,WH-000243,183,大学受験基礎,事件・革命,太平天国の乱,たいへいてんごくのらん,,19世紀中国,東アジア,華中・華南,1851〜1864年,1851,WH-000243-B03,beginner,人物,person,太平天国の指導者は？,洪秀全(こうしゅうぜん),洪秀全,,,世界史の窓：章節別用語リスト,https://www.y-history.net/appendix/appendix-list.html
大学受験世界史・重要300用語（三段階学習）,WH-000243,183,大学受験基礎,事件・革命,太平天国の乱,たいへいてんごくのらん,,19世紀中国,東アジア,華中・華南,1851〜1864年,1851,WH-000243-R01,reverse,内容,reverse,何が起きた？,キリスト教の影響を受けた**洪秀全(こうしゅうぜん)**が貧困農民を率いて蜂起し、南京を天京として太平天国を建てた。,洪秀全,,,世界史の窓：章節別用語リスト,https://www.y-history.net/appendix/appendix-list.html
大学受験世界史・重要300用語（三段階学習）,WH-000243,183,大学受験基礎,事件・革命,太平天国の乱,たいへいてんごくのらん,,19世紀中国,東アジア,華中・華南,1851〜1864年,1851,WH-000243-R02,reverse,結果・影響,reverse,何につながった？,**太平天国の乱(たいへいてんごくのらん)**は、清は曽国藩(そうこくはん)ら漢人官僚の郷勇と外国人の支援で鎮圧したが、人口・経済へ甚大な被害を与え、中央権力を弱めた。,太平天国の乱,,,世界史の窓：章節別用語リスト,https://www.y-history.net/appendix/appendix-list.html
大学受験世界史・重要300用語（三段階学習）,WH-000243,183,大学受験基礎,事件・革命,太平天国の乱,たいへいてんごくのらん,,19世紀中国,東アジア,華中・華南,1851〜1864年,1851,WH-000243-I01,integrated,統合説明,integrated,「太平天国の乱(たいへいてんごくのらん)」について説明せよ。,キリスト教の影響を受けた**洪秀全(こうしゅうぜん)**が貧困農民を率いて蜂起し、南京を天京として太平天国を建てた。 清は曽国藩(そうこくはん)ら漢人官僚の郷勇と外国人の支援で鎮圧したが、人口・経済へ甚大な被害を与え、中央権力を弱めた。,洪秀全,,,世界史の窓：章節別用語リスト,https://www.y-history.net/appendix/appendix-list.html
大学受験世界史・重要300用語（三段階学習）,WH-000244,184,大学受験基礎,戦争,クリミア戦争,くりみあせんそう,,19世紀ヨーロッパ,ヨーロッパ・西アジア,クリミア半島・黒海,1853〜1856年,1853,WH-000244-B01,beginner,用語の特定,identify,ロシアの南下に対し、オスマン帝国を英仏などが支援して戦った戦争は？,クリミア戦争,クリミア戦争,,,世界史の窓：章節別用語リスト,https://www.y-history.net/appendix/appendix-list.html
大学受験世界史・重要300用語（三段階学習）,WH-000244,184,大学受験基礎,戦争,クリミア戦争,くりみあせんそう,,19世紀ヨーロッパ,ヨーロッパ・西アジア,クリミア半島・黒海,1853〜1856年,1853,WH-000244-B02,beginner,時期,time,クリミア戦争が起きたのはいつ？,1853〜1856年,1853〜1856年,,,世界史の窓：章節別用語リスト,https://www.y-history.net/appendix/appendix-list.html
大学受験世界史・重要300用語（三段階学習）,WH-000244,184,大学受験基礎,戦争,クリミア戦争,くりみあせんそう,,19世紀ヨーロッパ,ヨーロッパ・西アジア,クリミア半島・黒海,1853〜1856年,1853,WH-000244-B03,beginner,対立国,actor,クリミア戦争でロシアと戦った中心二国は？,イギリスとフランス,イギリスとフランス,,,世界史の窓：章節別用語リスト,https://www.y-history.net/appendix/appendix-list.html
大学受験世界史・重要300用語（三段階学習）,WH-000244,184,大学受験基礎,戦争,クリミア戦争,くりみあせんそう,,19世紀ヨーロッパ,ヨーロッパ・西アジア,クリミア半島・黒海,1853〜1856年,1853,WH-000244-R01,reverse,内容,reverse,なぜ起き、何が起きた？,聖地管理権とロシアの南下をめぐり、ロシアがオスマン帝国と戦い、**イギリス・フランス**がオスマン側へ参戦した。,イギリス・フランス,,,世界史の窓：章節別用語リスト,https://www.y-history.net/appendix/appendix-list.html
大学受験世界史・重要300用語（三段階学習）,WH-000244,184,大学受験基礎,戦争,クリミア戦争,くりみあせんそう,,19世紀ヨーロッパ,ヨーロッパ・西アジア,クリミア半島・黒海,1853〜1856年,1853,WH-000244-R02,reverse,結果・影響,reverse,どんな結果をもたらした？,**クリミア戦争**は、ロシアが敗れてパリ条約で黒海の軍事利用を制限され、ロシアの農奴解放改革と欧州外交再編を促した。,クリミア戦争,,,世界史の窓：章節別用語リスト,https://www.y-history.net/appendix/appendix-list.html
大学受験世界史・重要300用語（三段階学習）,WH-000244,184,大学受験基礎,戦争,クリミア戦争,くりみあせんそう,,19世紀ヨーロッパ,ヨーロッパ・西アジア,クリミア半島・黒海,1853〜1856年,1853,WH-000244-I01,integrated,統合説明,integrated,「クリミア戦争」について説明せよ。,聖地管理権とロシアの南下をめぐり、ロシアがオスマン帝国と戦い、**イギリス・フランス**がオスマン側へ参戦した。 ロシアが敗れてパリ条約で黒海の軍事利用を制限され、ロシアの農奴解放改革と欧州外交再編を促した。,イギリス・フランス,,,世界史の窓：章節別用語リスト,https://www.y-history.net/appendix/appendix-list.html
大学受験世界史・重要300用語（三段階学習）,WH-000245,185,大学受験基礎,事件・革命,インド大反乱,いんどだいはんらん,セポイの反乱|シパーヒーの反乱,19世紀インド,南アジア,北インドを中心,1857〜1858年,1857,WH-000245-B01,beginner,用語の特定,identify,東インド会社のインド人兵士の反乱から広がった、1857年の反英大反乱は？,インド大反乱,インド大反乱,セポイの反乱|シパーヒーの反乱,,世界史の窓：章節別用語リスト,https://www.y-history.net/appendix/appendix-list.html
大学受験世界史・重要300用語（三段階学習）,WH-000245,185,大学受験基礎,事件・革命,インド大反乱,いんどだいはんらん,セポイの反乱|シパーヒーの反乱,19世紀インド,南アジア,北インドを中心,1857〜1858年,1857,WH-000245-B02,beginner,時期,time,インド大反乱が起きたのはいつ？,1857〜1858年,1857〜1858年,,,世界史の窓：章節別用語リスト,https://www.y-history.net/appendix/appendix-list.html
大学受験世界史・重要300用語（三段階学習）,WH-000245,185,大学受験基礎,事件・革命,インド大反乱,いんどだいはんらん,セポイの反乱|シパーヒーの反乱,19世紀インド,南アジア,北インドを中心,1857〜1858年,1857,WH-000245-B03,beginner,組織,result,反乱後に廃止されたイギリスの統治機関は？,東インド会社,東インド会社,,,世界史の窓：章節別用語リスト,https://www.y-history.net/appendix/appendix-list.html
大学受験世界史・重要300用語（三段階学習）,WH-000245,185,大学受験基礎,事件・革命,インド大反乱,いんどだいはんらん,セポイの反乱|シパーヒーの反乱,19世紀インド,南アジア,北インドを中心,1857〜1858年,1857,WH-000245-R01,reverse,内容,reverse,何が起きた？,新式銃の薬包問題を契機に**シパーヒー**が反乱し、旧支配層・農民・都市民も加わって北インドへ拡大した。,シパーヒー,,,世界史の窓：章節別用語リスト,https://www.y-history.net/appendix/appendix-list.html
大学受験世界史・重要300用語（三段階学習）,WH-000245,185,大学受験基礎,事件・革命,インド大反乱,いんどだいはんらん,セポイの反乱|シパーヒーの反乱,19世紀インド,南アジア,北インドを中心,1857〜1858年,1857,WH-000245-R02,reverse,結果・影響,reverse,何につながった？,鎮圧後、イギリスは**東インド会社**を廃止してインドを本国政府の直接統治下に置き、ムガル帝国を正式に終わらせた。,東インド会社,,,世界史の窓：章節別用語リスト,https://www.y-history.net/appendix/appendix-list.html
大学受験世界史・重要300用語（三段階学習）,WH-000245,185,大学受験基礎,事件・革命,インド大反乱,いんどだいはんらん,セポイの反乱|シパーヒーの反乱,19世紀インド,南アジア,北インドを中心,1857〜1858年,1857,WH-000245-I01,integrated,統合説明,integrated,「インド大反乱」について説明せよ。,新式銃の薬包問題を契機に**シパーヒー**が反乱し、旧支配層・農民・都市民も加わって北インドへ拡大した。 鎮圧後、イギリスは**東インド会社**を廃止してインドを本国政府の直接統治下に置き、ムガル帝国を正式に終わらせた。,シパーヒー|東インド会社,,,世界史の窓：章節別用語リスト,https://www.y-history.net/appendix/appendix-list.html
大学受験世界史・重要300用語（三段階学習）,WH-000246,186,大学受験基礎,事件・革命,イタリア統一,いたりあとういつ,,19世紀ヨーロッパ,ヨーロッパ,イタリア半島,1859〜1870年,1859,WH-000246-B01,beginner,用語の特定,identify,サルデーニャ王国を中心に諸邦を統合し、1870年にローマを首都とした過程は？,イタリア統一,イタリア統一,,,世界史の窓：章節別用語リスト,https://www.y-history.net/appendix/appendix-list.html
大学受験世界史・重要300用語（三段階学習）,WH-000246,186,大学受験基礎,事件・革命,イタリア統一,いたりあとういつ,,19世紀ヨーロッパ,ヨーロッパ,イタリア半島,1859〜1870年,1859,WH-000246-B02,beginner,時期,time,イタリア統一が起きたのはいつ？,1859〜1870年,1859〜1870年,,,世界史の窓：章節別用語リスト,https://www.y-history.net/appendix/appendix-list.html
大学受験世界史・重要300用語（三段階学習）,WH-000246,186,大学受験基礎,事件・革命,イタリア統一,いたりあとういつ,,19世紀ヨーロッパ,ヨーロッパ,イタリア半島,1859〜1870年,1859,WH-000246-B03,beginner,人物,person,イタリア統一を外交面で主導したサルデーニャ首相は？,カヴール,カヴール,,,世界史の窓：章節別用語リスト,https://www.y-history.net/appendix/appendix-list.html
大学受験世界史・重要300用語（三段階学習）,WH-000246,186,大学受験基礎,事件・革命,イタリア統一,いたりあとういつ,,19世紀ヨーロッパ,ヨーロッパ,イタリア半島,1859〜1870年,1859,WH-000246-R01,reverse,内容,reverse,何が起きた？,サルデーニャ王国首相**カヴール**がフランスと結んでオーストリアを破り、ガリバルディが両シチリア王国を征服した。,カヴール,,,世界史の窓：章節別用語リスト,https://www.y-history.net/appendix/appendix-list.html
大学受験世界史・重要300用語（三段階学習）,WH-000246,186,大学受験基礎,事件・革命,イタリア統一,いたりあとういつ,,19世紀ヨーロッパ,ヨーロッパ,イタリア半島,1859〜1870年,1859,WH-000246-R02,reverse,結果・影響,reverse,何につながった？,**イタリア統一**は、1861年にイタリア王国が成立し、ヴェネツィア・ローマを併合して1870年に統一を完成した。,イタリア統一,,,世界史の窓：章節別用語リスト,https://www.y-history.net/appendix/appendix-list.html
大学受験世界史・重要300用語（三段階学習）,WH-000246,186,大学受験基礎,事件・革命,イタリア統一,いたりあとういつ,,19世紀ヨーロッパ,ヨーロッパ,イタリア半島,1859〜1870年,1859,WH-000246-I01,integrated,統合説明,integrated,「イタリア統一」について説明せよ。,サルデーニャ王国首相**カヴール**がフランスと結んでオーストリアを破り、ガリバルディが両シチリア王国を征服した。 1861年にイタリア王国が成立し、ヴェネツィア・ローマを併合して1870年に統一を完成した。,カヴール,,,世界史の窓：章節別用語リスト,https://www.y-history.net/appendix/appendix-list.html
大学受験世界史・重要300用語（三段階学習）,WH-000247,187,大学受験基礎,戦争,南北戦争,なんぼくせんそう,アメリカ南北戦争,19世紀アメリカ,南北アメリカ,アメリカ合衆国,1861〜1865年,1861,WH-000247-B01,beginner,用語の特定,identify,奴隷制と連邦離脱をめぐり、アメリカ北部と南部が戦った内戦は？,南北戦争,南北戦争,アメリカ南北戦争,,世界史の窓：章節別用語リスト,https://www.y-history.net/appendix/appendix-list.html
大学受験世界史・重要300用語（三段階学習）,WH-000247,187,大学受験基礎,戦争,南北戦争,なんぼくせんそう,アメリカ南北戦争,19世紀アメリカ,南北アメリカ,アメリカ合衆国,1861〜1865年,1861,WH-000247-B02,beginner,時期,time,南北戦争が起きたのはいつ？,1861〜1865年,1861〜1865年,,,世界史の窓：章節別用語リスト,https://www.y-history.net/appendix/appendix-list.html
大学受験世界史・重要300用語（三段階学習）,WH-000247,187,大学受験基礎,戦争,南北戦争,なんぼくせんそう,アメリカ南北戦争,19世紀アメリカ,南北アメリカ,アメリカ合衆国,1861〜1865年,1861,WH-000247-B03,beginner,人物,person,南北戦争中に奴隷解放宣言を出した大統領は？,リンカン,リンカン,,,世界史の窓：章節別用語リスト,https://www.y-history.net/appendix/appendix-list.html
大学受験世界史・重要300用語（三段階学習）,WH-000247,187,大学受験基礎,戦争,南北戦争,なんぼくせんそう,アメリカ南北戦争,19世紀アメリカ,南北アメリカ,アメリカ合衆国,1861〜1865年,1861,WH-000247-R01,reverse,内容,reverse,なぜ起き、何が起きた？,奴隷制拡大と州の連邦離脱をめぐり、**北部連邦**と南部連合が戦い、リンカン大統領の北部が勝利した。,北部連邦,,,世界史の窓：章節別用語リスト,https://www.y-history.net/appendix/appendix-list.html
大学受験世界史・重要300用語（三段階学習）,WH-000247,187,大学受験基礎,戦争,南北戦争,なんぼくせんそう,アメリカ南北戦争,19世紀アメリカ,南北アメリカ,アメリカ合衆国,1861〜1865年,1861,WH-000247-R02,reverse,結果・影響,reverse,どんな結果をもたらした？,**南北戦争**は、奴隷解放と連邦統一を実現し、北部の工業資本主義が主導するアメリカの国家発展を促した。,南北戦争,,,世界史の窓：章節別用語リスト,https://www.y-history.net/appendix/appendix-list.html
大学受験世界史・重要300用語（三段階学習）,WH-000247,187,大学受験基礎,戦争,南北戦争,なんぼくせんそう,アメリカ南北戦争,19世紀アメリカ,南北アメリカ,アメリカ合衆国,1861〜1865年,1861,WH-000247-I01,integrated,統合説明,integrated,「南北戦争」について説明せよ。,奴隷制拡大と州の連邦離脱をめぐり、**北部連邦**と南部連合が戦い、リンカン大統領の北部が勝利した。 奴隷解放と連邦統一を実現し、北部の工業資本主義が主導するアメリカの国家発展を促した。,北部連邦,,,世界史の窓：章節別用語リスト,https://www.y-history.net/appendix/appendix-list.html
大学受験世界史・重要300用語（三段階学習）,WH-000248,188,大学受験基礎,運動,洋務運動,ようむうんどう,,19世紀中国,東アジア,清朝中国,1860年代〜1890年代,1861,WH-000248-B01,beginner,用語の特定,identify,「中体西用(ちゅうたいせいよう)」を掲げ、西洋の軍事技術・工業を導入した清の近代化運動は？,洋務運動,洋務運動,,,世界史の窓：章節別用語リスト,https://www.y-history.net/appendix/appendix-list.html
大学受験世界史・重要300用語（三段階学習）,WH-000248,188,大学受験基礎,運動,洋務運動,ようむうんどう,,19世紀中国,東アジア,清朝中国,1860年代〜1890年代,1861,WH-000248-B02,beginner,時期,time,洋務運動が盛んになったのはいつ頃？,1860年代〜1890年代,1860年代〜1890年代,,,世界史の窓：章節別用語リスト,https://www.y-history.net/appendix/appendix-list.html
大学受験世界史・重要300用語（三段階学習）,WH-000248,188,大学受験基礎,運動,洋務運動,ようむうんどう,,19世紀中国,東アジア,清朝中国,1860年代〜1890年代,1861,WH-000248-B03,beginner,方針,content,洋務運動の基本方針を四字で何という？,中体西用(ちゅうたいせいよう),中体西用,,,世界史の窓：章節別用語リスト,https://www.y-history.net/appendix/appendix-list.html
大学受験世界史・重要300用語（三段階学習）,WH-000248,188,大学受験基礎,運動,洋務運動,ようむうんどう,,19世紀中国,東アジア,清朝中国,1860年代〜1890年代,1861,WH-000248-R01,reverse,内容,reverse,どんな運動？,曽国藩(そうこくはん)・李鴻章(りこうしょう)らが**中体西用(ちゅうたいせいよう)**を掲げ、清の政治・儒教秩序を保ちながら西洋式兵器・工場・海軍・学校を導入した。,中体西用,,,世界史の窓：章節別用語リスト,https://www.y-history.net/appendix/appendix-list.html
大学受験世界史・重要300用語（三段階学習）,WH-000248,188,大学受験基礎,運動,洋務運動,ようむうんどう,,19世紀中国,東アジア,清朝中国,1860年代〜1890年代,1861,WH-000248-R02,reverse,結果・影響,reverse,何につながった？,**洋務運動**は、近代産業の基礎を作ったが政治制度改革は限定的で、日清戦争の敗北により限界が明らかになった。,洋務運動,,,世界史の窓：章節別用語リスト,https://www.y-history.net/appendix/appendix-list.html
大学受験世界史・重要300用語（三段階学習）,WH-000248,188,大学受験基礎,運動,洋務運動,ようむうんどう,,19世紀中国,東アジア,清朝中国,1860年代〜1890年代,1861,WH-000248-I01,integrated,統合説明,integrated,「洋務運動」について説明せよ。,曽国藩(そうこくはん)・李鴻章(りこうしょう)らが**中体西用(ちゅうたいせいよう)**を掲げ、清の政治・儒教秩序を保ちながら西洋式兵器・工場・海軍・学校を導入した。 近代産業の基礎を作ったが政治制度改革は限定的で、日清戦争の敗北により限界が明らかになった。,中体西用,,,世界史の窓：章節別用語リスト,https://www.y-history.net/appendix/appendix-list.html
大学受験世界史・重要300用語（三段階学習）,WH-000249,189,大学受験基礎,人物,ビスマルク,びすまるく,オットー＝フォン＝ビスマルク,19世紀ヨーロッパ,ヨーロッパ,プロイセン・ドイツ帝国,1815〜1898年,1862,WH-000249-B01,beginner,用語の特定,identify,鉄血政策でプロイセン中心のドイツ統一を進め、統一後はフランス孤立外交を行った政治家は？,ビスマルク,ビスマルク,オットー＝フォン＝ビスマルク,,世界史の窓：章節別用語リスト,https://www.y-history.net/appendix/appendix-list.html
大学受験世界史・重要300用語（三段階学習）,WH-000249,189,大学受験基礎,人物,ビスマルク,びすまるく,オットー＝フォン＝ビスマルク,19世紀ヨーロッパ,ヨーロッパ,プロイセン・ドイツ帝国,1815〜1898年,1862,WH-000249-B02,beginner,時期,time,ビスマルクが主に活動したのはいつ頃？,1815〜1898年,1815〜1898年,,,世界史の窓：章節別用語リスト,https://www.y-history.net/appendix/appendix-list.html
大学受験世界史・重要300用語（三段階学習）,WH-000249,189,大学受験基礎,人物,ビスマルク,びすまるく,オットー＝フォン＝ビスマルク,19世紀ヨーロッパ,ヨーロッパ,プロイセン・ドイツ帝国,1815〜1898年,1862,WH-000249-B03,beginner,政策,content,ビスマルクが掲げた統一政策を何という？,鉄血政策,鉄血政策,,,世界史の窓：章節別用語リスト,https://www.y-history.net/appendix/appendix-list.html
大学受験世界史・重要300用語（三段階学習）,WH-000249,189,大学受験基礎,人物,ビスマルク,びすまるく,オットー＝フォン＝ビスマルク,19世紀ヨーロッパ,ヨーロッパ,プロイセン・ドイツ帝国,1815〜1898年,1862,WH-000249-R01,reverse,内容,reverse,何をした？,プロイセン首相として議会を押し切る**鉄血政策**を掲げ、デンマーク・オーストリア・フランスとの戦争でドイツ統一を進めた。,鉄血政策,,,世界史の窓：章節別用語リスト,https://www.y-history.net/appendix/appendix-list.html
大学受験世界史・重要300用語（三段階学習）,WH-000249,189,大学受験基礎,人物,ビスマルク,びすまるく,オットー＝フォン＝ビスマルク,19世紀ヨーロッパ,ヨーロッパ,プロイセン・ドイツ帝国,1815〜1898年,1862,WH-000249-R02,reverse,結果・影響,reverse,どのような影響を与えた？,**ビスマルク**は、1871年以後はフランス孤立と欧州均衡を図る外交を展開し、社会保険も導入したが、ヴィルヘルム2世に退陣させられた。,ビスマルク,,,世界史の窓：章節別用語リスト,https://www.y-history.net/appendix/appendix-list.html
大学受験世界史・重要300用語（三段階学習）,WH-000249,189,大学受験基礎,人物,ビスマルク,びすまるく,オットー＝フォン＝ビスマルク,19世紀ヨーロッパ,ヨーロッパ,プロイセン・ドイツ帝国,1815〜1898年,1862,WH-000249-I01,integrated,統合説明,integrated,「ビスマルク」について説明せよ。,プロイセン首相として議会を押し切る**鉄血政策**を掲げ、デンマーク・オーストリア・フランスとの戦争でドイツ統一を進めた。 1871年以後はフランス孤立と欧州均衡を図る外交を展開し、社会保険も導入したが、ヴィルヘルム2世に退陣させられた。,鉄血政策,,,世界史の窓：章節別用語リスト,https://www.y-history.net/appendix/appendix-list.html
大学受験世界史・重要300用語（三段階学習）,WH-000250,11,大学受験基礎,思想・主義,帝国主義,ていこくしゅぎ,,近代,世界,ヨーロッパ列強・アメリカ・日本とアジア・アフリカ,1870年代〜第一次世界大戦,1870,WH-000250-B01,beginner,用語の特定,identify,工業国が軍事力と資本を背景に植民地・勢力圏を拡大した19世紀後半の動きを何という？,帝国主義,帝国主義,,,世界史の窓：帝国主義,https://www.y-history.net/appendix/wh1401-016.html
大学受験世界史・重要300用語（三段階学習）,WH-000250,11,大学受験基礎,思想・主義,帝国主義,ていこくしゅぎ,,近代,世界,ヨーロッパ列強・アメリカ・日本とアジア・アフリカ,1870年代〜第一次世界大戦,1870,WH-000250-B02,beginner,時期,time,帝国主義列強による世界分割が特に激しくなったのはいつ頃？,19世紀後半,19世紀後半,1870年代以降,,世界史の窓：帝国主義,https://www.y-history.net/appendix/wh1401-016.html
大学受験世界史・重要300用語（三段階学習）,WH-000250,11,大学受験基礎,思想・主義,帝国主義,ていこくしゅぎ,,近代,世界,ヨーロッパ列強・アメリカ・日本とアジア・アフリカ,1870年代〜第一次世界大戦,1870,WH-000250-B03,beginner,会議,relation,列強がアフリカ分割の原則を協議した1884〜85年の会議は？,ベルリン会議,ベルリン会議,ベルリン＝コンゴ会議|コンゴ会議,,世界史の窓：帝国主義,https://www.y-history.net/appendix/wh1401-016.html
大学受験世界史・重要300用語（三段階学習）,WH-000250,11,大学受験基礎,思想・主義,帝国主義,ていこくしゅぎ,,近代,世界,ヨーロッパ列強・アメリカ・日本とアジア・アフリカ,1870年代〜第一次世界大戦,1870,WH-000250-R01,reverse,時期・地域,reverse,進んだのはいつ頃・どこ？,1870年代から第一次世界大戦前にかけて、欧米列強と日本が**アジア・アフリカ**を中心に植民地・勢力圏を競って拡大した。,1870年代|第一次世界大戦前|欧米列強|日本|アジア・アフリカ,,,世界史の窓：帝国主義,https://www.y-history.net/appendix/wh1401-016.html
大学受験世界史・重要300用語（三段階学習）,WH-000250,11,大学受験基礎,思想・主義,帝国主義,ていこくしゅぎ,,近代,世界,ヨーロッパ列強・アメリカ・日本とアジア・アフリカ,1870年代〜第一次世界大戦,1870,WH-000250-R02,reverse,原因・結果,reverse,なぜ進み、何をもたらした？,産業資本が原料・市場・投資先を求め、国家間競争、軍事技術、ナショナリズム、**社会ダーウィニズム**などを背景に拡大した。植民地支配と現地の抵抗を生み、列強間対立を激化させて**第一次世界大戦**の背景となった。,産業資本|原料・市場・投資先|国家間競争|社会ダーウィニズム|植民地支配|第一次世界大戦,,,世界史の窓：帝国主義,https://www.y-history.net/appendix/wh1401-016.html
大学受験世界史・重要300用語（三段階学習）,WH-000250,11,大学受験基礎,思想・主義,帝国主義,ていこくしゅぎ,,近代,世界,ヨーロッパ列強・アメリカ・日本とアジア・アフリカ,1870年代〜第一次世界大戦,1870,WH-000250-I01,integrated,統合説明,integrated,「帝国主義」について説明せよ。,1870年代から第一次世界大戦前、欧米列強と日本が資本・軍事力を背景に**アジア・アフリカ**の植民地・勢力圏を拡大した動き。原料・市場・投資先を求める競争は植民地支配と抵抗を生み、列強間対立を激化させて**第一次世界大戦**の背景となった。,アジア・アフリカ|原料・市場・投資先|国家間競争|植民地支配|第一次世界大戦,,,世界史の窓：帝国主義,https://www.y-history.net/appendix/wh1401-016.html
大学受験世界史・重要300用語（三段階学習）,WH-000251,39,大学受験基礎,運動,ドイツ統一,どいつとういつ,,近代,ヨーロッパ,ドイツ地域・中央ヨーロッパ,1860年代〜1871年,1871,WH-000251-B01,beginner,用語の特定,identify,プロイセンが戦争を通じて諸邦をまとめ、1871年に帝国を成立させた過程は？,ドイツ統一,ドイツ統一,,,世界史の窓：ドイツ（5）ウィーン体制下のドイツ・ドイツ帝国の成立,https://www.y-history.net/appendix/wh0601-089.html
大学受験世界史・重要300用語（三段階学習）,WH-000251,39,大学受験基礎,運動,ドイツ統一,どいつとういつ,,近代,ヨーロッパ,ドイツ地域・中央ヨーロッパ,1860年代〜1871年,1871,WH-000251-B02,beginner,中心国家,actor,ドイツ統一を主導した国家は？,プロイセン,プロイセン,,,世界史の窓：ドイツ（5）ウィーン体制下のドイツ・ドイツ帝国の成立,https://www.y-history.net/appendix/wh0601-089.html
大学受験世界史・重要300用語（三段階学習）,WH-000251,39,大学受験基礎,運動,ドイツ統一,どいつとういつ,,近代,ヨーロッパ,ドイツ地域・中央ヨーロッパ,1860年代〜1871年,1871,WH-000251-B03,beginner,中心人物,person,鉄血政策を掲げ、プロイセン首相としてドイツ統一を進めた人物は？,ビスマルク,ビスマルク,オットー＝フォン＝ビスマルク,,世界史の窓：ドイツ（5）ウィーン体制下のドイツ・ドイツ帝国の成立,https://www.y-history.net/appendix/wh0601-089.html
大学受験世界史・重要300用語（三段階学習）,WH-000251,39,大学受験基礎,運動,ドイツ統一,どいつとういつ,,近代,ヨーロッパ,ドイツ地域・中央ヨーロッパ,1860年代〜1871年,1871,WH-000251-R01,reverse,複合説明,reverse,何が起きた？,**ビスマルク**がプロイセンの軍事力を用いる**鉄血政策**を進め、デンマーク戦争・普墺戦争・普仏戦争に勝利した。1871年、ヴェルサイユ宮殿でプロイセン王を皇帝とする**ドイツ帝国**が成立し、ヨーロッパの勢力均衡が大きく変化した。,ビスマルク|プロイセン|鉄血政策|デンマーク戦争|普墺戦争|普仏戦争|ドイツ帝国|1871年,,,世界史の窓：ドイツ（5）ウィーン体制下のドイツ・ドイツ帝国の成立,https://www.y-history.net/appendix/wh0601-089.html
大学受験世界史・重要300用語（三段階学習）,WH-000251,39,大学受験基礎,運動,ドイツ統一,どいつとういつ,,近代,ヨーロッパ,ドイツ地域・中央ヨーロッパ,1860年代〜1871年,1871,WH-000251-I01,integrated,統合説明,integrated,「ドイツ統一」について説明せよ。,**ビスマルク**がプロイセン中心の**鉄血政策**を進め、デンマーク戦争・普墺戦争・普仏戦争に勝利して実現した統一。1871年に**ドイツ帝国**が成立し、ドイツは強力な工業・軍事国家となってヨーロッパの勢力均衡を変えた。,ビスマルク|プロイセン|鉄血政策|デンマーク戦争|普墺戦争|普仏戦争|ドイツ帝国,,,世界史の窓：ドイツ（5）ウィーン体制下のドイツ・ドイツ帝国の成立,https://www.y-history.net/appendix/wh0601-089.html
大学受験世界史・重要300用語（三段階学習）,WH-000252,190,大学受験基礎,事件・革命,アフリカ分割,あふりかぶんかつ,,帝国主義時代,アフリカ・ヨーロッパ,アフリカ大陸,19世紀後半〜20世紀初頭,1880,WH-000252-B01,beginner,用語の特定,identify,19世紀後半、ヨーロッパ列強がアフリカ大陸を植民地として競争的に占領した過程は？,アフリカ分割,アフリカ分割,,,世界史の窓：章節別用語リスト,https://www.y-history.net/appendix/appendix-list.html
大学受験世界史・重要300用語（三段階学習）,WH-000252,190,大学受験基礎,事件・革命,アフリカ分割,あふりかぶんかつ,,帝国主義時代,アフリカ・ヨーロッパ,アフリカ大陸,19世紀後半〜20世紀初頭,1880,WH-000252-B02,beginner,時期,time,アフリカ分割が起きたのはいつ？,19世紀後半〜20世紀初頭,19世紀後半〜20世紀初頭,,,世界史の窓：章節別用語リスト,https://www.y-history.net/appendix/appendix-list.html
大学受験世界史・重要300用語（三段階学習）,WH-000252,190,大学受験基礎,事件・革命,アフリカ分割,あふりかぶんかつ,,帝国主義時代,アフリカ・ヨーロッパ,アフリカ大陸,19世紀後半〜20世紀初頭,1880,WH-000252-B03,beginner,会議,relation,アフリカ分割の原則を定めた会議は？,ベルリン会議,ベルリン会議,,,世界史の窓：章節別用語リスト,https://www.y-history.net/appendix/appendix-list.html
大学受験世界史・重要300用語（三段階学習）,WH-000252,190,大学受験基礎,事件・革命,アフリカ分割,あふりかぶんかつ,,帝国主義時代,アフリカ・ヨーロッパ,アフリカ大陸,19世紀後半〜20世紀初頭,1880,WH-000252-R01,reverse,内容,reverse,何が起きた？,**アフリカ分割**は、産業資本・戦略拠点・威信を求めるヨーロッパ列強が、軍事力と条約を用いてアフリカ大陸を急速に植民地化した。,アフリカ分割,,,世界史の窓：章節別用語リスト,https://www.y-history.net/appendix/appendix-list.html
大学受験世界史・重要300用語（三段階学習）,WH-000252,190,大学受験基礎,事件・革命,アフリカ分割,あふりかぶんかつ,,帝国主義時代,アフリカ・ヨーロッパ,アフリカ大陸,19世紀後半〜20世紀初頭,1880,WH-000252-R02,reverse,結果・影響,reverse,何につながった？,**ベルリン会議**後に競争が加速し、現地社会を無視した国境・資源収奪が独立後まで深い影響を残した。,ベルリン会議,,,世界史の窓：章節別用語リスト,https://www.y-history.net/appendix/appendix-list.html
大学受験世界史・重要300用語（三段階学習）,WH-000252,190,大学受験基礎,事件・革命,アフリカ分割,あふりかぶんかつ,,帝国主義時代,アフリカ・ヨーロッパ,アフリカ大陸,19世紀後半〜20世紀初頭,1880,WH-000252-I01,integrated,統合説明,integrated,「アフリカ分割」について説明せよ。,産業資本・戦略拠点・威信を求めるヨーロッパ列強が、軍事力と条約を用いてアフリカ大陸を急速に植民地化した。 **ベルリン会議**後に競争が加速し、現地社会を無視した国境・資源収奪が独立後まで深い影響を残した。,ベルリン会議,,,世界史の窓：章節別用語リスト,https://www.y-history.net/appendix/appendix-list.html
大学受験世界史・重要300用語（三段階学習）,WH-000253,191,大学受験基礎,組織・政党,三国同盟,さんごくどうめい,,帝国主義時代,ヨーロッパ,ドイツ・オーストリア＝ハンガリー・イタリア,1882年,1882,WH-000253-B01,beginner,用語の特定,identify,ドイツ・オーストリア＝ハンガリー・イタリアが結んだ軍事同盟は？,三国同盟,三国同盟,,,世界史の窓：章節別用語リスト,https://www.y-history.net/appendix/appendix-list.html
大学受験世界史・重要300用語（三段階学習）,WH-000253,191,大学受験基礎,組織・政党,三国同盟,さんごくどうめい,,帝国主義時代,ヨーロッパ,ドイツ・オーストリア＝ハンガリー・イタリア,1882年,1882,WH-000253-B02,beginner,時期,time,三国同盟が歴史上重要になるのはいつ頃？,1882年,1882年,,,世界史の窓：章節別用語リスト,https://www.y-history.net/appendix/appendix-list.html
大学受験世界史・重要300用語（三段階学習）,WH-000253,191,大学受験基礎,組織・政党,三国同盟,さんごくどうめい,,帝国主義時代,ヨーロッパ,ドイツ・オーストリア＝ハンガリー・イタリア,1882年,1882,WH-000253-B03,beginner,加盟国,actor,三国同盟の加盟国は？,ドイツ・オーストリア＝ハンガリー・イタリア,ドイツ・オーストリア＝ハンガリー・イタリア,,,世界史の窓：章節別用語リスト,https://www.y-history.net/appendix/appendix-list.html
大学受験世界史・重要300用語（三段階学習）,WH-000253,191,大学受験基礎,組織・政党,三国同盟,さんごくどうめい,,帝国主義時代,ヨーロッパ,ドイツ・オーストリア＝ハンガリー・イタリア,1882年,1882,WH-000253-R01,reverse,内容,reverse,どんな組織・政党？,1882年、**ドイツ**・オーストリア＝ハンガリー・イタリアがフランスやロシアを警戒して結んだ防御同盟。,ドイツ,,,世界史の窓：章節別用語リスト,https://www.y-history.net/appendix/appendix-list.html
大学受験世界史・重要300用語（三段階学習）,WH-000253,191,大学受験基礎,組織・政党,三国同盟,さんごくどうめい,,帝国主義時代,ヨーロッパ,ドイツ・オーストリア＝ハンガリー・イタリア,1882年,1882,WH-000253-R02,reverse,結果・影響,reverse,何につながった？,**三国同盟**は、後の三国協商との対立構造を作ったが、第一次世界大戦ではイタリアが離脱し、ドイツ・オーストリア側と戦った。,三国同盟,,,世界史の窓：章節別用語リスト,https://www.y-history.net/appendix/appendix-list.html
大学受験世界史・重要300用語（三段階学習）,WH-000253,191,大学受験基礎,組織・政党,三国同盟,さんごくどうめい,,帝国主義時代,ヨーロッパ,ドイツ・オーストリア＝ハンガリー・イタリア,1882年,1882,WH-000253-I01,integrated,統合説明,integrated,「三国同盟」について説明せよ。,1882年、**ドイツ**・オーストリア＝ハンガリー・イタリアがフランスやロシアを警戒して結んだ防御同盟。 後の三国協商との対立構造を作ったが、第一次世界大戦ではイタリアが離脱し、ドイツ・オーストリア側と戦った。,ドイツ,,,世界史の窓：章節別用語リスト,https://www.y-history.net/appendix/appendix-list.html
大学受験世界史・重要300用語（三段階学習）,WH-000254,192,大学受験基礎,条約・会議,ベルリン会議,べるりんかいぎ,ベルリン＝コンゴ会議,帝国主義時代,ヨーロッパ・アフリカ,ベルリン・アフリカ,1884〜1885年,1884,WH-000254-B01,beginner,用語の特定,identify,ビスマルクが主催し、アフリカ植民地化の「実効支配」原則を定めた会議は？,ベルリン会議,ベルリン会議,ベルリン＝コンゴ会議,,世界史の窓：章節別用語リスト,https://www.y-history.net/appendix/appendix-list.html
大学受験世界史・重要300用語（三段階学習）,WH-000254,192,大学受験基礎,条約・会議,ベルリン会議,べるりんかいぎ,ベルリン＝コンゴ会議,帝国主義時代,ヨーロッパ・アフリカ,ベルリン・アフリカ,1884〜1885年,1884,WH-000254-B02,beginner,時期,time,ベルリン会議が結ばれた、または開かれたのはいつ？,1884〜1885年,1884〜1885年,,,世界史の窓：章節別用語リスト,https://www.y-history.net/appendix/appendix-list.html
大学受験世界史・重要300用語（三段階学習）,WH-000254,192,大学受験基礎,条約・会議,ベルリン会議,べるりんかいぎ,ベルリン＝コンゴ会議,帝国主義時代,ヨーロッパ・アフリカ,ベルリン・アフリカ,1884〜1885年,1884,WH-000254-B03,beginner,人物,person,ベルリン会議を主催した人物は？,ビスマルク,ビスマルク,,,世界史の窓：章節別用語リスト,https://www.y-history.net/appendix/appendix-list.html
大学受験世界史・重要300用語（三段階学習）,WH-000254,192,大学受験基礎,条約・会議,ベルリン会議,べるりんかいぎ,ベルリン＝コンゴ会議,帝国主義時代,ヨーロッパ・アフリカ,ベルリン・アフリカ,1884〜1885年,1884,WH-000254-R01,reverse,内容,reverse,何を決めた？,1884〜85年、**ビスマルク**が列強を集め、コンゴ川・ニジェール川の航行自由や植民地領有には実効支配が必要との原則を確認した。,ビスマルク,,,世界史の窓：章節別用語リスト,https://www.y-history.net/appendix/appendix-list.html
大学受験世界史・重要300用語（三段階学習）,WH-000254,192,大学受験基礎,条約・会議,ベルリン会議,べるりんかいぎ,ベルリン＝コンゴ会議,帝国主義時代,ヨーロッパ・アフリカ,ベルリン・アフリカ,1884〜1885年,1884,WH-000254-R02,reverse,結果・影響,reverse,何につながった？,アフリカ人の代表を参加させず、列強による**アフリカ分割**を一層加速した。,アフリカ分割,,,世界史の窓：章節別用語リスト,https://www.y-history.net/appendix/appendix-list.html
大学受験世界史・重要300用語（三段階学習）,WH-000254,192,大学受験基礎,条約・会議,ベルリン会議,べるりんかいぎ,ベルリン＝コンゴ会議,帝国主義時代,ヨーロッパ・アフリカ,ベルリン・アフリカ,1884〜1885年,1884,WH-000254-I01,integrated,統合説明,integrated,「ベルリン会議」について説明せよ。,1884〜85年、**ビスマルク**が列強を集め、コンゴ川・ニジェール川の航行自由や植民地領有には実効支配が必要との原則を確認した。 アフリカ人の代表を参加させず、列強による**アフリカ分割**を一層加速した。,ビスマルク|アフリカ分割,,,世界史の窓：章節別用語リスト,https://www.y-history.net/appendix/appendix-list.html
大学受験世界史・重要300用語（三段階学習）,WH-000255,193,大学受験基礎,組織・政党,インド国民会議,いんどこくみんかいぎ,,近代インド,南アジア,インド,1885年以降,1885,WH-000255-B01,beginner,用語の特定,identify,1885年に結成され、後にインド独立運動の中心となった政治組織は？,インド国民会議,インド国民会議,,,世界史の窓：章節別用語リスト,https://www.y-history.net/appendix/appendix-list.html
大学受験世界史・重要300用語（三段階学習）,WH-000255,193,大学受験基礎,組織・政党,インド国民会議,いんどこくみんかいぎ,,近代インド,南アジア,インド,1885年以降,1885,WH-000255-B02,beginner,時期,time,インド国民会議が歴史上重要になるのはいつ頃？,1885年以降,1885年以降,,,世界史の窓：章節別用語リスト,https://www.y-history.net/appendix/appendix-list.html
大学受験世界史・重要300用語（三段階学習）,WH-000255,193,大学受験基礎,組織・政党,インド国民会議,いんどこくみんかいぎ,,近代インド,南アジア,インド,1885年以降,1885,WH-000255-B03,beginner,目標,result,インド国民会議が最終的に目指したものは？,インド独立,インド独立,,,世界史の窓：章節別用語リスト,https://www.y-history.net/appendix/appendix-list.html
大学受験世界史・重要300用語（三段階学習）,WH-000255,193,大学受験基礎,組織・政党,インド国民会議,いんどこくみんかいぎ,,近代インド,南アジア,インド,1885年以降,1885,WH-000255-R01,reverse,内容,reverse,どんな組織・政党？,**インド国民会議**は、英語教育を受けたインド人知識人・専門職層が1885年に結成し、当初は行政参加と穏健な改革を要求した。,インド国民会議,,,世界史の窓：章節別用語リスト,https://www.y-history.net/appendix/appendix-list.html
大学受験世界史・重要300用語（三段階学習）,WH-000255,193,大学受験基礎,組織・政党,インド国民会議,いんどこくみんかいぎ,,近代インド,南アジア,インド,1885年以降,1885,WH-000255-R02,reverse,結果・影響,reverse,何につながった？,ベンガル分割反対運動や**ガンディー**の大衆運動を通じて独立運動の中心政党へ発展した。,ガンディー,,,世界史の窓：章節別用語リスト,https://www.y-history.net/appendix/appendix-list.html
大学受験世界史・重要300用語（三段階学習）,WH-000255,193,大学受験基礎,組織・政党,インド国民会議,いんどこくみんかいぎ,,近代インド,南アジア,インド,1885年以降,1885,WH-000255-I01,integrated,統合説明,integrated,「インド国民会議」について説明せよ。,英語教育を受けたインド人知識人・専門職層が1885年に結成し、当初は行政参加と穏健な改革を要求した。 ベンガル分割反対運動や**ガンディー**の大衆運動を通じて独立運動の中心政党へ発展した。,ガンディー,,,世界史の窓：章節別用語リスト,https://www.y-history.net/appendix/appendix-list.html
大学受験世界史・重要300用語（三段階学習）,WH-000256,194,大学受験基礎,戦争,日清戦争,にっしんせんそう,,帝国主義時代・東アジア,東アジア,朝鮮半島・黄海・遼東半島,1894〜1895年,1894,WH-000256-B01,beginner,用語の特定,identify,朝鮮への支配権をめぐり日本と清が戦った戦争は？,日清戦争,日清戦争,,,世界史の窓：章節別用語リスト,https://www.y-history.net/appendix/appendix-list.html
大学受験世界史・重要300用語（三段階学習）,WH-000256,194,大学受験基礎,戦争,日清戦争,にっしんせんそう,,帝国主義時代・東アジア,東アジア,朝鮮半島・黄海・遼東半島,1894〜1895年,1894,WH-000256-B02,beginner,時期,time,日清戦争が起きたのはいつ？,1894〜1895年,1894〜1895年,,,世界史の窓：章節別用語リスト,https://www.y-history.net/appendix/appendix-list.html
大学受験世界史・重要300用語（三段階学習）,WH-000256,194,大学受験基礎,戦争,日清戦争,にっしんせんそう,,帝国主義時代・東アジア,東アジア,朝鮮半島・黄海・遼東半島,1894〜1895年,1894,WH-000256-B03,beginner,条約,relation,日清戦争を終結させた条約は？,下関条約(しものせきじょうやく),下関条約,,,世界史の窓：章節別用語リスト,https://www.y-history.net/appendix/appendix-list.html
大学受験世界史・重要300用語（三段階学習）,WH-000256,194,大学受験基礎,戦争,日清戦争,にっしんせんそう,,帝国主義時代・東アジア,東アジア,朝鮮半島・黄海・遼東半島,1894〜1895年,1894,WH-000256-R01,reverse,内容,reverse,なぜ起き、何が起きた？,**日清戦争**は、朝鮮の甲午農民戦争(こうごのうみんせんそう)を契機に、日本と清が朝鮮支配をめぐって戦い、近代軍備を整えた日本が勝利した。,日清戦争,,,世界史の窓：章節別用語リスト,https://www.y-history.net/appendix/appendix-list.html
大学受験世界史・重要300用語（三段階学習）,WH-000256,194,大学受験基礎,戦争,日清戦争,にっしんせんそう,,帝国主義時代・東アジア,東アジア,朝鮮半島・黄海・遼東半島,1894〜1895年,1894,WH-000256-R02,reverse,結果・影響,reverse,どんな結果をもたらした？,**下関条約(しものせきじょうやく)**で清は朝鮮独立・台湾割譲・賠償を認め、清の弱体化と列強の中国分割を加速した。,下関条約,,,世界史の窓：章節別用語リスト,https://www.y-history.net/appendix/appendix-list.html
大学受験世界史・重要300用語（三段階学習）,WH-000256,194,大学受験基礎,戦争,日清戦争,にっしんせんそう,,帝国主義時代・東アジア,東アジア,朝鮮半島・黄海・遼東半島,1894〜1895年,1894,WH-000256-I01,integrated,統合説明,integrated,「日清戦争」について説明せよ。,朝鮮の甲午農民戦争(こうごのうみんせんそう)を契機に、日本と清が朝鮮支配をめぐって戦い、近代軍備を整えた日本が勝利した。 **下関条約(しものせきじょうやく)**で清は朝鮮独立・台湾割譲・賠償を認め、清の弱体化と列強の中国分割を加速した。,下関条約,,,世界史の窓：章節別用語リスト,https://www.y-history.net/appendix/appendix-list.html
大学受験世界史・重要300用語（三段階学習）,WH-000257,195,大学受験基礎,事件・革命,列強の中国分割,れっきょうのちゅうごくぶんかつ,,帝国主義時代・中国,東アジア,中国沿岸・内陸各地,1890年代末,1895,WH-000257-B01,beginner,用語の特定,identify,日清戦争後、列強が清から租借地(そしゃくち)・鉄道敷設権・勢力範囲を獲得した動きは？,列強の中国分割,列強の中国分割,,,世界史の窓：章節別用語リスト,https://www.y-history.net/appendix/appendix-list.html
大学受験世界史・重要300用語（三段階学習）,WH-000257,195,大学受験基礎,事件・革命,列強の中国分割,れっきょうのちゅうごくぶんかつ,,帝国主義時代・中国,東アジア,中国沿岸・内陸各地,1890年代末,1895,WH-000257-B02,beginner,時期,time,列強の中国分割が起きたのはいつ？,1890年代末,1890年代末,,,世界史の窓：章節別用語リスト,https://www.y-history.net/appendix/appendix-list.html
大学受験世界史・重要300用語（三段階学習）,WH-000257,195,大学受験基礎,事件・革命,列強の中国分割,れっきょうのちゅうごくぶんかつ,,帝国主義時代・中国,東アジア,中国沿岸・内陸各地,1890年代末,1895,WH-000257-B03,beginner,政策,relation,列強の中国分割に対しアメリカが唱えた原則は？,門戸開放・機会均等(もんこかいほう・きかいきんとう),門戸開放・機会均等,,,世界史の窓：章節別用語リスト,https://www.y-history.net/appendix/appendix-list.html
大学受験世界史・重要300用語（三段階学習）,WH-000257,195,大学受験基礎,事件・革命,列強の中国分割,れっきょうのちゅうごくぶんかつ,,帝国主義時代・中国,東アジア,中国沿岸・内陸各地,1890年代末,1895,WH-000257-R01,reverse,内容,reverse,何が起きた？,日清戦争後、ドイツ・ロシア・イギリス・フランス・日本が清から**租借地(そしゃくち)**・鉄道権益・勢力範囲を次々に獲得した。,租借地,,,世界史の窓：章節別用語リスト,https://www.y-history.net/appendix/appendix-list.html
大学受験世界史・重要300用語（三段階学習）,WH-000257,195,大学受験基礎,事件・革命,列強の中国分割,れっきょうのちゅうごくぶんかつ,,帝国主義時代・中国,東アジア,中国沿岸・内陸各地,1890年代末,1895,WH-000257-R02,reverse,結果・影響,reverse,何につながった？,中国の半植民地化を進め、アメリカの**門戸開放・機会均等(もんこかいほう・きかいきんとう)**宣言や義和団(ぎわだん)事件、改革・革命運動を招いた。,門戸開放・機会均等,,,世界史の窓：章節別用語リスト,https://www.y-history.net/appendix/appendix-list.html
大学受験世界史・重要300用語（三段階学習）,WH-000257,195,大学受験基礎,事件・革命,列強の中国分割,れっきょうのちゅうごくぶんかつ,,帝国主義時代・中国,東アジア,中国沿岸・内陸各地,1890年代末,1895,WH-000257-I01,integrated,統合説明,integrated,「列強の中国分割」について説明せよ。,日清戦争後、ドイツ・ロシア・イギリス・フランス・日本が清から**租借地(そしゃくち)**・鉄道権益・勢力範囲を次々に獲得した。 中国の半植民地化を進め、アメリカの**門戸開放・機会均等(もんこかいほう・きかいきんとう)**宣言や義和団(ぎわだん)事件、改革・革命運動を招いた。,租借地|門戸開放・機会均等,,,世界史の窓：章節別用語リスト,https://www.y-history.net/appendix/appendix-list.html
大学受験世界史・重要300用語（三段階学習）,WH-000258,196,大学受験基礎,事件・革命,義和団事件,ぎわだんじけん,義和団の乱|北清事変,帝国主義時代・中国,東アジア,華北・北京,1899〜1900年,1899,WH-000258-B01,beginner,用語の特定,identify,「扶清滅洋(ふしんめつよう)」を掲げた民衆組織が外国人・キリスト教徒を襲撃した事件は？,義和団(ぎわだん)事件,義和団事件,義和団の乱|北清事変,,世界史の窓：章節別用語リスト,https://www.y-history.net/appendix/appendix-list.html
大学受験世界史・重要300用語（三段階学習）,WH-000258,196,大学受験基礎,事件・革命,義和団事件,ぎわだんじけん,義和団の乱|北清事変,帝国主義時代・中国,東アジア,華北・北京,1899〜1900年,1899,WH-000258-B02,beginner,時期,time,義和団(ぎわだん)事件が起きたのはいつ？,1899〜1900年,1899〜1900年,,,世界史の窓：章節別用語リスト,https://www.y-history.net/appendix/appendix-list.html
大学受験世界史・重要300用語（三段階学習）,WH-000258,196,大学受験基礎,事件・革命,義和団事件,ぎわだんじけん,義和団の乱|北清事変,帝国主義時代・中国,東アジア,華北・北京,1899〜1900年,1899,WH-000258-B03,beginner,条約,relation,義和団(ぎわだん)事件後に清が列強と結んだ議定書は？,北京議定書(ぺきんぎていしょ),北京議定書,,,世界史の窓：章節別用語リスト,https://www.y-history.net/appendix/appendix-list.html
大学受験世界史・重要300用語（三段階学習）,WH-000258,196,大学受験基礎,事件・革命,義和団事件,ぎわだんじけん,義和団の乱|北清事変,帝国主義時代・中国,東アジア,華北・北京,1899〜1900年,1899,WH-000258-R01,reverse,内容,reverse,何が起きた？,山東(さんとう)などの民衆組織**義和団(ぎわだん)**が「扶清滅洋(ふしんめつよう)」を掲げて外国人・キリスト教徒を攻撃し、清朝も列強へ宣戦した。,義和団,,,世界史の窓：章節別用語リスト,https://www.y-history.net/appendix/appendix-list.html
大学受験世界史・重要300用語（三段階学習）,WH-000258,196,大学受験基礎,事件・革命,義和団事件,ぎわだんじけん,義和団の乱|北清事変,帝国主義時代・中国,東アジア,華北・北京,1899〜1900年,1899,WH-000258-R02,reverse,結果・影響,reverse,何につながった？,八カ国連合軍に鎮圧され、1901年の**北京議定書(ぺきんぎていしょ)**で巨額賠償と外国軍駐留を認め、清の威信を失墜させた。,北京議定書,,,世界史の窓：章節別用語リスト,https://www.y-history.net/appendix/appendix-list.html
大学受験世界史・重要300用語（三段階学習）,WH-000258,196,大学受験基礎,事件・革命,義和団事件,ぎわだんじけん,義和団の乱|北清事変,帝国主義時代・中国,東アジア,華北・北京,1899〜1900年,1899,WH-000258-I01,integrated,統合説明,integrated,「義和団(ぎわだん)事件」について説明せよ。,山東(さんとう)などの民衆組織**義和団(ぎわだん)**が「扶清滅洋(ふしんめつよう)」を掲げて外国人・キリスト教徒を攻撃し、清朝も列強へ宣戦した。 八カ国連合軍に鎮圧され、1901年の**北京議定書(ぺきんぎていしょ)**で巨額賠償と外国軍駐留を認め、清の威信を失墜させた。,義和団|北京議定書,,,世界史の窓：章節別用語リスト,https://www.y-history.net/appendix/appendix-list.html
大学受験世界史・重要300用語（三段階学習）,WH-000259,197,大学受験基礎,人物,孫文,そんぶん,孫中山,近代中国,東アジア,中国・海外華僑社会,1866〜1925年,1905,WH-000259-B01,beginner,用語の特定,identify,三民主義(さんみんしゅぎ)を掲げ、中国同盟会(ちゅうごくどうめいかい)を結成し、辛亥革命(しんがいかくめい)後の臨時大総統(りんじだいそうとう)となった人物は？,孫文(そんぶん),孫文,孫中山,,世界史の窓：章節別用語リスト,https://www.y-history.net/appendix/appendix-list.html
大学受験世界史・重要300用語（三段階学習）,WH-000259,197,大学受験基礎,人物,孫文,そんぶん,孫中山,近代中国,東アジア,中国・海外華僑社会,1866〜1925年,1905,WH-000259-B02,beginner,時期,time,孫文(そんぶん)が主に活動したのはいつ頃？,1866〜1925年,1866〜1925年,,,世界史の窓：章節別用語リスト,https://www.y-history.net/appendix/appendix-list.html
大学受験世界史・重要300用語（三段階学習）,WH-000259,197,大学受験基礎,人物,孫文,そんぶん,孫中山,近代中国,東アジア,中国・海外華僑社会,1866〜1925年,1905,WH-000259-B03,beginner,思想,content,孫文(そんぶん)が掲げた革命理念は？,三民主義(さんみんしゅぎ),三民主義,,,世界史の窓：章節別用語リスト,https://www.y-history.net/appendix/appendix-list.html
大学受験世界史・重要300用語（三段階学習）,WH-000259,197,大学受験基礎,人物,孫文,そんぶん,孫中山,近代中国,東アジア,中国・海外華僑社会,1866〜1925年,1905,WH-000259-R01,reverse,内容,reverse,何をした？,清朝打倒を目指して1905年に**中国同盟会(ちゅうごくどうめいかい)**を結成し、民族・民権・民生からなる**三民主義(さんみんしゅぎ)**を掲げた。,中国同盟会|三民主義,,,世界史の窓：章節別用語リスト,https://www.y-history.net/appendix/appendix-list.html
大学受験世界史・重要300用語（三段階学習）,WH-000259,197,大学受験基礎,人物,孫文,そんぶん,孫中山,近代中国,東アジア,中国・海外華僑社会,1866〜1925年,1905,WH-000259-R02,reverse,結果・影響,reverse,どのような影響を与えた？,**孫文(そんぶん)**は、辛亥革命(しんがいかくめい)後に臨時大総統(りんじだいそうとう)となり、後に中国国民党を改組して国共合作(こっきょうがっさく)を進め、中国革命の象徴となった。,孫文,,,世界史の窓：章節別用語リスト,https://www.y-history.net/appendix/appendix-list.html
大学受験世界史・重要300用語（三段階学習）,WH-000259,197,大学受験基礎,人物,孫文,そんぶん,孫中山,近代中国,東アジア,中国・海外華僑社会,1866〜1925年,1905,WH-000259-I01,integrated,統合説明,integrated,「孫文(そんぶん)」について説明せよ。,清朝打倒を目指して1905年に**中国同盟会(ちゅうごくどうめいかい)**を結成し、民族・民権・民生からなる**三民主義(さんみんしゅぎ)**を掲げた。 辛亥革命(しんがいかくめい)後に臨時大総統(りんじだいそうとう)となり、後に中国国民党を改組して国共合作(こっきょうがっさく)を進め、中国革命の象徴となった。,中国同盟会|三民主義,,,世界史の窓：章節別用語リスト,https://www.y-history.net/appendix/appendix-list.html
大学受験世界史・重要300用語（三段階学習）,WH-000260,29,大学受験基礎,事件・革命,辛亥革命,しんがいかくめい,第一革命,近代,東アジア,中国,1911年〜1912年,1911,WH-000260-B01,beginner,用語の特定,identify,1911年に始まり、清を倒して共和政国家の成立につながった中国の革命は？,辛亥革命(しんがいかくめい),辛亥革命,第一革命,,世界史の窓：辛亥革命／第一革命,https://www.y-history.net/appendix/wh1403-084.html
大学受験世界史・重要300用語（三段階学習）,WH-000260,29,大学受験基礎,事件・革命,辛亥革命,しんがいかくめい,第一革命,近代,東アジア,中国,1911年〜1912年,1911,WH-000260-B02,beginner,事件,content,辛亥革命(しんがいかくめい)の直接の発火点となった1911年10月の蜂起は？,武昌蜂起(ぶしょうほうき),武昌蜂起,,,世界史の窓：辛亥革命／第一革命,https://www.y-history.net/appendix/wh1403-084.html
大学受験世界史・重要300用語（三段階学習）,WH-000260,29,大学受験基礎,事件・革命,辛亥革命,しんがいかくめい,第一革命,近代,東アジア,中国,1911年〜1912年,1911,WH-000260-B03,beginner,結果,result,辛亥革命(しんがいかくめい)によって1912年に成立した国家は？,中華民国(ちゅうかみんこく),中華民国,,,世界史の窓：辛亥革命／第一革命,https://www.y-history.net/appendix/wh1403-084.html
大学受験世界史・重要300用語（三段階学習）,WH-000260,29,大学受験基礎,事件・革命,辛亥革命,しんがいかくめい,第一革命,近代,東アジア,中国,1911年〜1912年,1911,WH-000260-R01,reverse,複合説明,reverse,何が起きた？,清の支配と列強進出への不満、革命派の活動、鉄道国有化反対運動を背景に、1911年の**武昌蜂起(ぶしょうほうき)**から各省が独立した。1912年に**孫文(そんぶん)**を臨時大総統(りんじだいそうとう)として**中華民国(ちゅうかみんこく)**が成立し清は滅んだが、実権は袁世凱(えんせいがい)に移り共和政は不安定だった。,清|武昌蜂起|孫文|中華民国|袁世凱|共和政,,,世界史の窓：辛亥革命／第一革命,https://www.y-history.net/appendix/wh1403-084.html
大学受験世界史・重要300用語（三段階学習）,WH-000260,29,大学受験基礎,事件・革命,辛亥革命,しんがいかくめい,第一革命,近代,東アジア,中国,1911年〜1912年,1911,WH-000260-I01,integrated,統合説明,integrated,「辛亥革命(しんがいかくめい)」について説明せよ。,清の支配・列強進出への不満と革命運動を背景に、1911年の**武昌蜂起(ぶしょうほうき)**から各省の独立が広がった革命。1912年に**孫文(そんぶん)**を臨時大総統(りんじだいそうとう)とする**中華民国(ちゅうかみんこく)**が成立して清は滅んだが、実権は袁世凱(えんせいがい)へ移り共和政は不安定だった。,清|武昌蜂起|孫文|中華民国|袁世凱|共和政,,,世界史の窓：辛亥革命／第一革命,https://www.y-history.net/appendix/wh1403-084.html
大学受験世界史・重要300用語（三段階学習）,WH-000261,3,大学受験基礎,戦争,第一次世界大戦,だいいちじせかいたいせん,第一次大戦,近代,世界,ヨーロッパを中心に中東・アフリカ・アジア・大西洋,1914年〜1918年,1914,WH-000261-B01,beginner,用語の特定,identify,1914年のサライェヴォ事件をきっかけに始まった世界規模の総力戦は？,第一次世界大戦,第一次世界大戦,第一次大戦,,世界史の窓：第一次世界大戦,https://www.y-history.net/appendix/wh1501-011.html
大学受験世界史・重要300用語（三段階学習）,WH-000261,3,大学受験基礎,戦争,第一次世界大戦,だいいちじせかいたいせん,第一次大戦,近代,世界,ヨーロッパを中心に中東・アフリカ・アジア・大西洋,1914年〜1918年,1914,WH-000261-B02,beginner,原因,cause,第一次世界大戦の直接のきっかけとなった事件は？,サライェヴォ事件,サライェヴォ事件,サラエボ事件,,世界史の窓：第一次世界大戦,https://www.y-history.net/appendix/wh1501-011.html
大学受験世界史・重要300用語（三段階学習）,WH-000261,3,大学受験基礎,戦争,第一次世界大戦,だいいちじせかいたいせん,第一次大戦,近代,世界,ヨーロッパを中心に中東・アフリカ・アジア・大西洋,1914年〜1918年,1914,WH-000261-B03,beginner,対立,actor,開戦前のヨーロッパを二分した二つの国際的な陣営は？,三国同盟と三国協商,三国同盟|三国協商,三国協商と三国同盟|三国同盟・三国協商,,世界史の窓：第一次世界大戦,https://www.y-history.net/appendix/wh1501-011.html
大学受験世界史・重要300用語（三段階学習）,WH-000261,3,大学受験基礎,戦争,第一次世界大戦,だいいちじせかいたいせん,第一次大戦,近代,世界,ヨーロッパを中心に中東・アフリカ・アジア・大西洋,1914年〜1918年,1914,WH-000261-R01,reverse,時期,reverse,戦われたのはいつ？,**1914年**から**1918年**まで戦われた。,1914年|1918年,,,世界史の窓：第一次世界大戦,https://www.y-history.net/appendix/wh1501-011.html
大学受験世界史・重要300用語（三段階学習）,WH-000261,3,大学受験基礎,戦争,第一次世界大戦,だいいちじせかいたいせん,第一次大戦,近代,世界,ヨーロッパを中心に中東・アフリカ・アジア・大西洋,1914年〜1918年,1914,WH-000261-R02,reverse,原因・結果,reverse,なぜ起き、何が変わった？,帝国主義競争、軍拡、ナショナリズム、**三国同盟・三国協商**の対立に、**サライェヴォ事件**が引火した。塹壕戦と国家総動員による**総力戦**となり、四帝国の崩壊、ロシア革命、ヴェルサイユ体制の成立をもたらした。,帝国主義競争|軍拡|ナショナリズム|三国同盟|三国協商|サライェヴォ事件|総力戦|ヴェルサイユ体制,,,世界史の窓：第一次世界大戦,https://www.y-history.net/appendix/wh1501-011.html
大学受験世界史・重要300用語（三段階学習）,WH-000261,3,大学受験基礎,戦争,第一次世界大戦,だいいちじせかいたいせん,第一次大戦,近代,世界,ヨーロッパを中心に中東・アフリカ・アジア・大西洋,1914年〜1918年,1914,WH-000261-I01,integrated,統合説明,integrated,「第一次世界大戦」について説明せよ。,1914〜1918年、帝国主義競争・軍拡・ナショナリズム・**三国同盟と三国協商**の対立に**サライェヴォ事件**が引火して起きた戦争。塹壕戦と国家総動員による**総力戦**となり、四帝国の崩壊、ロシア革命、ヴェルサイユ体制をもたらした。,帝国主義競争|軍拡|ナショナリズム|三国同盟|三国協商|サライェヴォ事件|総力戦|ヴェルサイユ体制,,,世界史の窓：第一次世界大戦,https://www.y-history.net/appendix/wh1501-011.html
大学受験世界史・重要300用語（三段階学習）,WH-000262,198,大学受験基礎,戦争,総力戦,そうりょくせん,,20世紀世界,世界,交戦国社会全体,第一次世界大戦以降,1914,WH-000262-B01,beginner,用語の特定,identify,兵士だけでなく国民・産業・科学・宣伝まで国家が全面動員する戦争形態は？,総力戦,総力戦,,,世界史の窓：章節別用語リスト,https://www.y-history.net/appendix/appendix-list.html
大学受験世界史・重要300用語（三段階学習）,WH-000262,198,大学受験基礎,戦争,総力戦,そうりょくせん,,20世紀世界,世界,交戦国社会全体,第一次世界大戦以降,1914,WH-000262-B02,beginner,時期,time,総力戦が起きたのはいつ？,第一次世界大戦以降,第一次世界大戦以降,,,世界史の窓：章節別用語リスト,https://www.y-history.net/appendix/appendix-list.html
大学受験世界史・重要300用語（三段階学習）,WH-000262,198,大学受験基礎,戦争,総力戦,そうりょくせん,,20世紀世界,世界,交戦国社会全体,第一次世界大戦以降,1914,WH-000262-B03,beginner,戦争,relation,総力戦が本格化した最初の代表的戦争は？,第一次世界大戦,第一次世界大戦,,,世界史の窓：章節別用語リスト,https://www.y-history.net/appendix/appendix-list.html
大学受験世界史・重要300用語（三段階学習）,WH-000262,198,大学受験基礎,戦争,総力戦,そうりょくせん,,20世紀世界,世界,交戦国社会全体,第一次世界大戦以降,1914,WH-000262-R01,reverse,内容,reverse,なぜ起き、何が起きた？,国家が徴兵だけでなく、**経済・労働力・科学技術・食料・世論**まで社会全体を戦争目的へ動員する戦争形態。,経済・労働力・科学技術・食料・世論,,,世界史の窓：章節別用語リスト,https://www.y-history.net/appendix/appendix-list.html
大学受験世界史・重要300用語（三段階学習）,WH-000262,198,大学受験基礎,戦争,総力戦,そうりょくせん,,20世紀世界,世界,交戦国社会全体,第一次世界大戦以降,1914,WH-000262-R02,reverse,結果・影響,reverse,どんな結果をもたらした？,**総力戦**は、第一次世界大戦で本格化し、女性労働・統制経済・宣伝・民間人被害を拡大させ、国家と国民の関係を大きく変えた。,総力戦,,,世界史の窓：章節別用語リスト,https://www.y-history.net/appendix/appendix-list.html
大学受験世界史・重要300用語（三段階学習）,WH-000262,198,大学受験基礎,戦争,総力戦,そうりょくせん,,20世紀世界,世界,交戦国社会全体,第一次世界大戦以降,1914,WH-000262-I01,integrated,統合説明,integrated,「総力戦」について説明せよ。,国家が徴兵だけでなく、**経済・労働力・科学技術・食料・世論**まで社会全体を戦争目的へ動員する戦争形態。 第一次世界大戦で本格化し、女性労働・統制経済・宣伝・民間人被害を拡大させ、国家と国民の関係を大きく変えた。,経済・労働力・科学技術・食料・世論,,,世界史の窓：章節別用語リスト,https://www.y-history.net/appendix/appendix-list.html
大学受験世界史・重要300用語（三段階学習）,WH-000263,12,大学受験基礎,事件・革命,ロシア革命,ろしあかくめい,第二次ロシア革命,近代,ヨーロッパ・北アジア,ロシア帝国,1917年,1917,WH-000263-B01,beginner,用語の特定,identify,1917年、ロマノフ朝を倒し、最終的にボリシェヴィキ政権を成立させた一連の革命は？,ロシア革命,ロシア革命,第二次ロシア革命,,世界史の窓：二月革命／三月革命（ロシア）,https://www.y-history.net/appendix/wh1501-074.html
大学受験世界史・重要300用語（三段階学習）,WH-000263,12,大学受験基礎,事件・革命,ロシア革命,ろしあかくめい,第二次ロシア革命,近代,ヨーロッパ・北アジア,ロシア帝国,1917年,1917,WH-000263-B02,beginner,結果,result,二月革命によって倒されたロシアの王朝は？,ロマノフ朝,ロマノフ朝,,,世界史の窓：二月革命／三月革命（ロシア）,https://www.y-history.net/appendix/wh1501-074.html
大学受験世界史・重要300用語（三段階学習）,WH-000263,12,大学受験基礎,事件・革命,ロシア革命,ろしあかくめい,第二次ロシア革命,近代,ヨーロッパ・北アジア,ロシア帝国,1917年,1917,WH-000263-B03,beginner,中心勢力,actor,十月革命でレーニンの指導下に権力を握った党派は？,ボリシェヴィキ,ボリシェヴィキ,,,世界史の窓：二月革命／三月革命（ロシア）,https://www.y-history.net/appendix/wh1501-074.html
大学受験世界史・重要300用語（三段階学習）,WH-000263,12,大学受験基礎,事件・革命,ロシア革命,ろしあかくめい,第二次ロシア革命,近代,ヨーロッパ・北アジア,ロシア帝国,1917年,1917,WH-000263-R01,reverse,時期,reverse,起きたのはいつ？,第一次世界大戦中の1917年に、**二月革命**と**十月革命**が相次いで起きた。,1917年|二月革命|十月革命|第一次世界大戦,,,世界史の窓：二月革命／三月革命（ロシア）,https://www.y-history.net/appendix/wh1501-074.html
大学受験世界史・重要300用語（三段階学習）,WH-000263,12,大学受験基礎,事件・革命,ロシア革命,ろしあかくめい,第二次ロシア革命,近代,ヨーロッパ・北アジア,ロシア帝国,1917年,1917,WH-000263-R02,reverse,原因・結果,reverse,なぜ起き、何が成立した？,専制政治、土地問題、戦争による食料不足と犠牲への不満から二月革命で**ロマノフ朝**が倒れ、臨時政府とソヴィエトの二重権力になった。戦争を続ける臨時政府を**レーニン**率いる**ボリシェヴィキ**が十月革命で倒し、世界初の**社会主義政権**を成立させ、1922年のソ連成立へつながった。,専制政治|土地問題|二月革命|ロマノフ朝|臨時政府|ソヴィエト|レーニン|ボリシェヴィキ|十月革命|社会主義政権|ソ連,,,世界史の窓：二月革命／三月革命（ロシア）,https://www.y-history.net/appendix/wh1501-074.html
大学受験世界史・重要300用語（三段階学習）,WH-000263,12,大学受験基礎,事件・革命,ロシア革命,ろしあかくめい,第二次ロシア革命,近代,ヨーロッパ・北アジア,ロシア帝国,1917年,1917,WH-000263-I01,integrated,統合説明,integrated,「ロシア革命」について説明せよ。,1917年、専制政治・土地問題・第一次世界大戦の困窮を背景に起きた革命。**二月革命**でロマノフ朝が倒れた後、**レーニン**率いる**ボリシェヴィキ**が**十月革命**で臨時政府を倒して世界初の社会主義政権を樹立し、1922年のソ連成立へつながった。,二月革命|ロマノフ朝|レーニン|ボリシェヴィキ|十月革命|臨時政府|社会主義政権|ソ連,,,世界史の窓：二月革命／三月革命（ロシア）,https://www.y-history.net/appendix/wh1501-074.html
大学受験世界史・重要300用語（三段階学習）,WH-000264,199,大学受験基礎,人物,レーニン,れーにん,ウラジーミル＝レーニン,ロシア革命期,ヨーロッパ・ユーラシア,ロシア・ソ連,1870〜1924年,1917,WH-000264-B01,beginner,用語の特定,identify,ボリシェヴィキを率いて十月革命を成功させ、最初の社会主義政権を建てた人物は？,レーニン,レーニン,ウラジーミル＝レーニン,,世界史の窓：章節別用語リスト,https://www.y-history.net/appendix/appendix-list.html
大学受験世界史・重要300用語（三段階学習）,WH-000264,199,大学受験基礎,人物,レーニン,れーにん,ウラジーミル＝レーニン,ロシア革命期,ヨーロッパ・ユーラシア,ロシア・ソ連,1870〜1924年,1917,WH-000264-B02,beginner,時期,time,レーニンが主に活動したのはいつ頃？,1870〜1924年,1870〜1924年,,,世界史の窓：章節別用語リスト,https://www.y-history.net/appendix/appendix-list.html
大学受験世界史・重要300用語（三段階学習）,WH-000264,199,大学受験基礎,人物,レーニン,れーにん,ウラジーミル＝レーニン,ロシア革命期,ヨーロッパ・ユーラシア,ロシア・ソ連,1870〜1924年,1917,WH-000264-B03,beginner,文書,content,レーニンが1917年4月に掲げた方針は？,四月テーゼ,四月テーゼ,,,世界史の窓：章節別用語リスト,https://www.y-history.net/appendix/appendix-list.html
大学受験世界史・重要300用語（三段階学習）,WH-000264,199,大学受験基礎,人物,レーニン,れーにん,ウラジーミル＝レーニン,ロシア革命期,ヨーロッパ・ユーラシア,ロシア・ソ連,1870〜1924年,1917,WH-000264-R01,reverse,内容,reverse,何をした？,ボリシェヴィキを率い、1917年の**四月テーゼ**で「全権力をソヴィエトへ」と即時講和・土地分配を訴え、十月革命を指導した。,四月テーゼ,,,世界史の窓：章節別用語リスト,https://www.y-history.net/appendix/appendix-list.html
大学受験世界史・重要300用語（三段階学習）,WH-000264,199,大学受験基礎,人物,レーニン,れーにん,ウラジーミル＝レーニン,ロシア革命期,ヨーロッパ・ユーラシア,ロシア・ソ連,1870〜1924年,1917,WH-000264-R02,reverse,結果・影響,reverse,どのような影響を与えた？,内戦期の戦時共産主義後に**新経済政策（ネップ）**へ転換し、1922年のソ連成立を主導した。,新経済政策（ネップ）,,,世界史の窓：章節別用語リスト,https://www.y-history.net/appendix/appendix-list.html
大学受験世界史・重要300用語（三段階学習）,WH-000264,199,大学受験基礎,人物,レーニン,れーにん,ウラジーミル＝レーニン,ロシア革命期,ヨーロッパ・ユーラシア,ロシア・ソ連,1870〜1924年,1917,WH-000264-I01,integrated,統合説明,integrated,「レーニン」について説明せよ。,ボリシェヴィキを率い、1917年の**四月テーゼ**で「全権力をソヴィエトへ」と即時講和・土地分配を訴え、十月革命を指導した。 内戦期の戦時共産主義後に**新経済政策（ネップ）**へ転換し、1922年のソ連成立を主導した。,四月テーゼ|新経済政策（ネップ）,,,世界史の窓：章節別用語リスト,https://www.y-history.net/appendix/appendix-list.html
大学受験世界史・重要300用語（三段階学習）,WH-000265,200,大学受験基礎,思想・主義,民族自決,みんぞくじけつ,,第一次世界大戦後,世界,主にヨーロッパ・一部植民地世界,1918年以降,1918,WH-000265-B01,beginner,用語の特定,identify,各民族が自らの政治的帰属と国家を決める権利をもつという原則は？,民族自決,民族自決,,,世界史の窓：章節別用語リスト,https://www.y-history.net/appendix/appendix-list.html
大学受験世界史・重要300用語（三段階学習）,WH-000265,200,大学受験基礎,思想・主義,民族自決,みんぞくじけつ,,第一次世界大戦後,世界,主にヨーロッパ・一部植民地世界,1918年以降,1918,WH-000265-B02,beginner,時期,time,民族自決が成立・発展したのはいつ頃？,1918年以降,1918年以降,,,世界史の窓：章節別用語リスト,https://www.y-history.net/appendix/appendix-list.html
大学受験世界史・重要300用語（三段階学習）,WH-000265,200,大学受験基礎,思想・主義,民族自決,みんぞくじけつ,,第一次世界大戦後,世界,主にヨーロッパ・一部植民地世界,1918年以降,1918,WH-000265-B03,beginner,人物,person,第一次世界大戦末に民族自決を掲げたアメリカ大統領は？,ウィルソン,ウィルソン,,,世界史の窓：章節別用語リスト,https://www.y-history.net/appendix/appendix-list.html
大学受験世界史・重要300用語（三段階学習）,WH-000265,200,大学受験基礎,思想・主義,民族自決,みんぞくじけつ,,第一次世界大戦後,世界,主にヨーロッパ・一部植民地世界,1918年以降,1918,WH-000265-R01,reverse,内容,reverse,どんな考え？,アメリカ大統領**ウィルソン**が十四カ条で掲げ、民族が自らの国家・政治的帰属を決めるべきだとした原則。,ウィルソン,,,世界史の窓：章節別用語リスト,https://www.y-history.net/appendix/appendix-list.html
大学受験世界史・重要300用語（三段階学習）,WH-000265,200,大学受験基礎,思想・主義,民族自決,みんぞくじけつ,,第一次世界大戦後,世界,主にヨーロッパ・一部植民地世界,1918年以降,1918,WH-000265-R02,reverse,結果・影響,reverse,どのような影響を与えた？,**民族自決**は、東欧の新国家成立を促したが植民地には十分適用されず、アジア・アフリカの民族運動を刺激した。,民族自決,,,世界史の窓：章節別用語リスト,https://www.y-history.net/appendix/appendix-list.html
大学受験世界史・重要300用語（三段階学習）,WH-000265,200,大学受験基礎,思想・主義,民族自決,みんぞくじけつ,,第一次世界大戦後,世界,主にヨーロッパ・一部植民地世界,1918年以降,1918,WH-000265-I01,integrated,統合説明,integrated,「民族自決」について説明せよ。,アメリカ大統領**ウィルソン**が十四カ条で掲げ、民族が自らの国家・政治的帰属を決めるべきだとした原則。 東欧の新国家成立を促したが植民地には十分適用されず、アジア・アフリカの民族運動を刺激した。,ウィルソン,,,世界史の窓：章節別用語リスト,https://www.y-history.net/appendix/appendix-list.html
大学受験世界史・重要300用語（三段階学習）,WH-000266,21,大学受験基礎,時代・歴史区分,ヴェルサイユ体制,ゔぇるさいゆたいせい,ベルサイユ体制,近代,ヨーロッパ・世界,第一次世界大戦後のヨーロッパを中心とする国際秩序,1919年〜1930年代,1919,WH-000266-B01,beginner,用語の特定,identify,第一次世界大戦後、パリ講和会議と対独講和条約を基礎に成立した国際秩序は？,ヴェルサイユ体制,ヴェルサイユ体制,ベルサイユ体制,,世界史の窓：ヴェルサイユ体制,https://www.y-history.net/appendix/wh1502-027.html
大学受験世界史・重要300用語（三段階学習）,WH-000266,21,大学受験基礎,時代・歴史区分,ヴェルサイユ体制,ゔぇるさいゆたいせい,ベルサイユ体制,近代,ヨーロッパ・世界,第一次世界大戦後のヨーロッパを中心とする国際秩序,1919年〜1930年代,1919,WH-000266-B02,beginner,条約,relation,ヴェルサイユ体制の基礎となり、ドイツに賠償・軍備制限などを課した条約は？,ヴェルサイユ条約,ヴェルサイユ条約,ベルサイユ条約,,世界史の窓：ヴェルサイユ体制,https://www.y-history.net/appendix/wh1502-027.html
大学受験世界史・重要300用語（三段階学習）,WH-000266,21,大学受験基礎,時代・歴史区分,ヴェルサイユ体制,ゔぇるさいゆたいせい,ベルサイユ体制,近代,ヨーロッパ・世界,第一次世界大戦後のヨーロッパを中心とする国際秩序,1919年〜1930年代,1919,WH-000266-B03,beginner,組織,relation,ヴェルサイユ体制下で集団安全保障を目指して設立された国際機関は？,国際連盟,国際連盟,,,世界史の窓：ヴェルサイユ体制,https://www.y-history.net/appendix/wh1502-027.html
大学受験世界史・重要300用語（三段階学習）,WH-000266,21,大学受験基礎,時代・歴史区分,ヴェルサイユ体制,ゔぇるさいゆたいせい,ベルサイユ体制,近代,ヨーロッパ・世界,第一次世界大戦後のヨーロッパを中心とする国際秩序,1919年〜1930年代,1919,WH-000266-R01,reverse,時期・範囲,reverse,成立し機能したのはいつ頃？,1919年のパリ講和会議・**ヴェルサイユ条約**を基礎に成立し、1920年代から1930年代前半までヨーロッパ国際秩序の枠組みとなった。,1919年|パリ講和会議|ヴェルサイユ条約|1920年代|1930年代,,,世界史の窓：ヴェルサイユ体制,https://www.y-history.net/appendix/wh1502-027.html
大学受験世界史・重要300用語（三段階学習）,WH-000266,21,大学受験基礎,時代・歴史区分,ヴェルサイユ体制,ゔぇるさいゆたいせい,ベルサイユ体制,近代,ヨーロッパ・世界,第一次世界大戦後のヨーロッパを中心とする国際秩序,1919年〜1930年代,1919,WH-000266-R02,reverse,内容・問題点,reverse,何を定め、どんな問題を抱えた？,敗戦国ドイツに領土割譲・軍備制限・賠償を課し、**国際連盟**と民族自決を掲げた戦勝国中心の体制だった。しかしアメリカとソ連が当初枠外にあり、植民地には民族自決が十分適用されず、ドイツの反発を強めた。,ドイツ|領土割譲|軍備制限|賠償|国際連盟|民族自決|アメリカ|ソ連,,,世界史の窓：ヴェルサイユ体制,https://www.y-history.net/appendix/wh1502-027.html
大学受験世界史・重要300用語（三段階学習）,WH-000266,21,大学受験基礎,時代・歴史区分,ヴェルサイユ体制,ゔぇるさいゆたいせい,ベルサイユ体制,近代,ヨーロッパ・世界,第一次世界大戦後のヨーロッパを中心とする国際秩序,1919年〜1930年代,1919,WH-000266-I01,integrated,統合説明,integrated,「ヴェルサイユ体制」について説明せよ。,1919年のパリ講和会議と**ヴェルサイユ条約**を基礎にした第一次世界大戦後の国際秩序。ドイツに領土割譲・軍備制限・賠償を課し、**国際連盟**と民族自決を掲げたが、米ソの不参加、植民地への不徹底、ドイツの反発という問題を抱えた。,ヴェルサイユ条約|ドイツ|領土割譲|軍備制限|賠償|国際連盟|民族自決|アメリカ|ソ連,,,世界史の窓：ヴェルサイユ体制,https://www.y-history.net/appendix/wh1502-027.html
大学受験世界史・重要300用語（三段階学習）,WH-000267,201,大学受験基礎,運動,三・一運動,さんいちうんどう,,戦間期東アジア,東アジア,朝鮮半島,1919年,1919,WH-000267-B01,beginner,用語の特定,identify,1919年3月1日、朝鮮で独立宣言を発表して全国へ広がった反日独立運動は？,三・一運動(さんいちうんどう),三・一運動,,,世界史の窓：章節別用語リスト,https://www.y-history.net/appendix/appendix-list.html
大学受験世界史・重要300用語（三段階学習）,WH-000267,201,大学受験基礎,運動,三・一運動,さんいちうんどう,,戦間期東アジア,東アジア,朝鮮半島,1919年,1919,WH-000267-B02,beginner,時期,time,三・一運動(さんいちうんどう)が盛んになったのはいつ頃？,1919年,1919年,,,世界史の窓：章節別用語リスト,https://www.y-history.net/appendix/appendix-list.html
大学受験世界史・重要300用語（三段階学習）,WH-000267,201,大学受験基礎,運動,三・一運動,さんいちうんどう,,戦間期東アジア,東アジア,朝鮮半島,1919年,1919,WH-000267-B03,beginner,組織,result,三・一運動(さんいちうんどう)後に上海(しゃんはい)で成立した組織は？,大韓民国臨時政府(だいかんみんこくりんじせいふ),大韓民国臨時政府,,,世界史の窓：章節別用語リスト,https://www.y-history.net/appendix/appendix-list.html
大学受験世界史・重要300用語（三段階学習）,WH-000267,201,大学受験基礎,運動,三・一運動,さんいちうんどう,,戦間期東アジア,東アジア,朝鮮半島,1919年,1919,WH-000267-R01,reverse,内容,reverse,どんな運動？,民族自決の影響を受け、1919年3月1日に京城(けいじょう)で**独立宣言**が読まれ、学生・宗教者・民衆の示威(じい)が朝鮮全土へ広がった。,独立宣言,,,世界史の窓：章節別用語リスト,https://www.y-history.net/appendix/appendix-list.html
大学受験世界史・重要300用語（三段階学習）,WH-000267,201,大学受験基礎,運動,三・一運動,さんいちうんどう,,戦間期東アジア,東アジア,朝鮮半島,1919年,1919,WH-000267-R02,reverse,結果・影響,reverse,何につながった？,日本の武力弾圧を受けたが、上海(しゃんはい)の**大韓民国臨時政府(だいかんみんこくりんじせいふ)**成立と朝鮮民族運動の長期化につながった。,大韓民国臨時政府,,,世界史の窓：章節別用語リスト,https://www.y-history.net/appendix/appendix-list.html
大学受験世界史・重要300用語（三段階学習）,WH-000267,201,大学受験基礎,運動,三・一運動,さんいちうんどう,,戦間期東アジア,東アジア,朝鮮半島,1919年,1919,WH-000267-I01,integrated,統合説明,integrated,「三・一運動(さんいちうんどう)」について説明せよ。,民族自決の影響を受け、1919年3月1日に京城(けいじょう)で**独立宣言**が読まれ、学生・宗教者・民衆の示威(じい)が朝鮮全土へ広がった。 日本の武力弾圧を受けたが、上海(しゃんはい)の**大韓民国臨時政府(だいかんみんこくりんじせいふ)**成立と朝鮮民族運動の長期化につながった。,独立宣言|大韓民国臨時政府,,,世界史の窓：章節別用語リスト,https://www.y-history.net/appendix/appendix-list.html
大学受験世界史・重要300用語（三段階学習）,WH-000268,202,大学受験基礎,運動,五・四運動,ごしうんどう,,戦間期中国,東アジア,中国・北京を中心,1919年,1919,WH-000268-B01,beginner,用語の特定,identify,ヴェルサイユ会議で山東(さんとう)権益が日本へ渡ることに抗議して始まった中国の反帝国主義運動は？,五・四運動(ごしうんどう),五・四運動,,,世界史の窓：章節別用語リスト,https://www.y-history.net/appendix/appendix-list.html
大学受験世界史・重要300用語（三段階学習）,WH-000268,202,大学受験基礎,運動,五・四運動,ごしうんどう,,戦間期中国,東アジア,中国・北京を中心,1919年,1919,WH-000268-B02,beginner,時期,time,五・四運動(ごしうんどう)が盛んになったのはいつ頃？,1919年,1919年,,,世界史の窓：章節別用語リスト,https://www.y-history.net/appendix/appendix-list.html
大学受験世界史・重要300用語（三段階学習）,WH-000268,202,大学受験基礎,運動,五・四運動,ごしうんどう,,戦間期中国,東アジア,中国・北京を中心,1919年,1919,WH-000268-B03,beginner,都市,place,五・四運動(ごしうんどう)の発端となった都市は？,北京(ぺきん),北京,,,世界史の窓：章節別用語リスト,https://www.y-history.net/appendix/appendix-list.html
大学受験世界史・重要300用語（三段階学習）,WH-000268,202,大学受験基礎,運動,五・四運動,ごしうんどう,,戦間期中国,東アジア,中国・北京を中心,1919年,1919,WH-000268-R01,reverse,内容,reverse,どんな運動？,1919年5月4日、ヴェルサイユ条約が旧ドイツの山東(さんとう)権益を日本へ認めたことに、**北京(ぺきん)**の学生が抗議して始まった。,北京,,,世界史の窓：章節別用語リスト,https://www.y-history.net/appendix/appendix-list.html
大学受験世界史・重要300用語（三段階学習）,WH-000268,202,大学受験基礎,運動,五・四運動,ごしうんどう,,戦間期中国,東アジア,中国・北京を中心,1919年,1919,WH-000268-R02,reverse,結果・影響,reverse,何につながった？,**五・四運動(ごしうんどう)**は、労働者・商人へ拡大し、反帝国主義・科学・民主・白話文(はくわぶん)を掲げ、中国共産党成立など新しい政治運動を促した。,五・四運動,,,世界史の窓：章節別用語リスト,https://www.y-history.net/appendix/appendix-list.html
大学受験世界史・重要300用語（三段階学習）,WH-000268,202,大学受験基礎,運動,五・四運動,ごしうんどう,,戦間期中国,東アジア,中国・北京を中心,1919年,1919,WH-000268-I01,integrated,統合説明,integrated,「五・四運動(ごしうんどう)」について説明せよ。,1919年5月4日、ヴェルサイユ条約が旧ドイツの山東(さんとう)権益を日本へ認めたことに、**北京(ぺきん)**の学生が抗議して始まった。 労働者・商人へ拡大し、反帝国主義・科学・民主・白話文(はくわぶん)を掲げ、中国共産党成立など新しい政治運動を促した。,北京,,,世界史の窓：章節別用語リスト,https://www.y-history.net/appendix/appendix-list.html
大学受験世界史・重要300用語（三段階学習）,WH-000269,203,大学受験基礎,人物,ガンディー,がんでぃー,マハトマ＝ガンディー,インド独立運動,南アジア,インド,1869〜1948年,1919,WH-000269-B01,beginner,用語の特定,identify,非暴力・不服従を掲げ、非協力運動や塩の行進を指導したインド独立運動家は？,ガンディー,ガンディー,マハトマ＝ガンディー,,世界史の窓：章節別用語リスト,https://www.y-history.net/appendix/appendix-list.html
大学受験世界史・重要300用語（三段階学習）,WH-000269,203,大学受験基礎,人物,ガンディー,がんでぃー,マハトマ＝ガンディー,インド独立運動,南アジア,インド,1869〜1948年,1919,WH-000269-B02,beginner,時期,time,ガンディーが主に活動したのはいつ頃？,1869〜1948年,1869〜1948年,,,世界史の窓：章節別用語リスト,https://www.y-history.net/appendix/appendix-list.html
大学受験世界史・重要300用語（三段階学習）,WH-000269,203,大学受験基礎,人物,ガンディー,がんでぃー,マハトマ＝ガンディー,インド独立運動,南アジア,インド,1869〜1948年,1919,WH-000269-B03,beginner,思想,content,ガンディーの非暴力的抵抗を何という？,サティヤーグラハ,サティヤーグラハ,,,世界史の窓：章節別用語リスト,https://www.y-history.net/appendix/appendix-list.html
大学受験世界史・重要300用語（三段階学習）,WH-000269,203,大学受験基礎,人物,ガンディー,がんでぃー,マハトマ＝ガンディー,インド独立運動,南アジア,インド,1869〜1948年,1919,WH-000269-R01,reverse,内容,reverse,何をした？,真理への固執を意味する**サティヤーグラハ**と非暴力を掲げ、非協力運動・塩の行進・英貨排斥を通じて大衆を独立運動へ動員した。,サティヤーグラハ,,,世界史の窓：章節別用語リスト,https://www.y-history.net/appendix/appendix-list.html
大学受験世界史・重要300用語（三段階学習）,WH-000269,203,大学受験基礎,人物,ガンディー,がんでぃー,マハトマ＝ガンディー,インド独立運動,南アジア,インド,1869〜1948年,1919,WH-000269-R02,reverse,結果・影響,reverse,どのような影響を与えた？,**ガンディー**は、インド独立を大きく前進させ、世界の公民権・反植民地運動へ影響したが、印パ分離には反対した。,ガンディー,,,世界史の窓：章節別用語リスト,https://www.y-history.net/appendix/appendix-list.html
大学受験世界史・重要300用語（三段階学習）,WH-000269,203,大学受験基礎,人物,ガンディー,がんでぃー,マハトマ＝ガンディー,インド独立運動,南アジア,インド,1869〜1948年,1919,WH-000269-I01,integrated,統合説明,integrated,「ガンディー」について説明せよ。,真理への固執を意味する**サティヤーグラハ**と非暴力を掲げ、非協力運動・塩の行進・英貨排斥を通じて大衆を独立運動へ動員した。 インド独立を大きく前進させ、世界の公民権・反植民地運動へ影響したが、印パ分離には反対した。,サティヤーグラハ,,,世界史の窓：章節別用語リスト,https://www.y-history.net/appendix/appendix-list.html
大学受験世界史・重要300用語（三段階学習）,WH-000270,204,大学受験基礎,組織・政党,国際連盟,こくさいれんめい,,戦間期,世界,本部ジュネーヴ,1920〜1946年,1920,WH-000270-B01,beginner,用語の特定,identify,第一次世界大戦後、集団安全保障と国際協力を目的に設立された世界組織は？,国際連盟,国際連盟,,,世界史の窓：章節別用語リスト,https://www.y-history.net/appendix/appendix-list.html
大学受験世界史・重要300用語（三段階学習）,WH-000270,204,大学受験基礎,組織・政党,国際連盟,こくさいれんめい,,戦間期,世界,本部ジュネーヴ,1920〜1946年,1920,WH-000270-B02,beginner,時期,time,国際連盟が歴史上重要になるのはいつ頃？,1920〜1946年,1920〜1946年,,,世界史の窓：章節別用語リスト,https://www.y-history.net/appendix/appendix-list.html
大学受験世界史・重要300用語（三段階学習）,WH-000270,204,大学受験基礎,組織・政党,国際連盟,こくさいれんめい,,戦間期,世界,本部ジュネーヴ,1920〜1946年,1920,WH-000270-B03,beginner,非加盟国,actor,国際連盟に当初から加盟しなかった提唱国は？,アメリカ合衆国,アメリカ合衆国,,,世界史の窓：章節別用語リスト,https://www.y-history.net/appendix/appendix-list.html
大学受験世界史・重要300用語（三段階学習）,WH-000270,204,大学受験基礎,組織・政党,国際連盟,こくさいれんめい,,戦間期,世界,本部ジュネーヴ,1920〜1946年,1920,WH-000270-R01,reverse,内容,reverse,どんな組織・政党？,ウィルソンの構想を受け、1920年にジュネーヴを本部として**集団安全保障**・軍縮・国際協力を目指した組織。,集団安全保障,,,世界史の窓：章節別用語リスト,https://www.y-history.net/appendix/appendix-list.html
大学受験世界史・重要300用語（三段階学習）,WH-000270,204,大学受験基礎,組織・政党,国際連盟,こくさいれんめい,,戦間期,世界,本部ジュネーヴ,1920〜1946年,1920,WH-000270-R02,reverse,結果・影響,reverse,何につながった？,**国際連盟**は、アメリカ不参加、全会一致制、独自軍事力の欠如により侵略を止められず、第二次世界大戦後の国際連合へ教訓を残した。,国際連盟,,,世界史の窓：章節別用語リスト,https://www.y-history.net/appendix/appendix-list.html
大学受験世界史・重要300用語（三段階学習）,WH-000270,204,大学受験基礎,組織・政党,国際連盟,こくさいれんめい,,戦間期,世界,本部ジュネーヴ,1920〜1946年,1920,WH-000270-I01,integrated,統合説明,integrated,「国際連盟」について説明せよ。,ウィルソンの構想を受け、1920年にジュネーヴを本部として**集団安全保障**・軍縮・国際協力を目指した組織。 アメリカ不参加、全会一致制、独自軍事力の欠如により侵略を止められず、第二次世界大戦後の国際連合へ教訓を残した。,集団安全保障,,,世界史の窓：章節別用語リスト,https://www.y-history.net/appendix/appendix-list.html
大学受験世界史・重要300用語（三段階学習）,WH-000271,205,大学受験基礎,組織・政党,ナチス,なちす,国民社会主義ドイツ労働者党|ナチ党,戦間期・第二次世界大戦期,ヨーロッパ,ドイツ,1920〜1945年,1920,WH-000271-B01,beginner,用語の特定,identify,ヒトラーを指導者とし、反民主主義・反共産主義・人種主義を掲げたドイツの政党は？,ナチス,ナチス,国民社会主義ドイツ労働者党|ナチ党,,世界史の窓：章節別用語リスト,https://www.y-history.net/appendix/appendix-list.html
大学受験世界史・重要300用語（三段階学習）,WH-000271,205,大学受験基礎,組織・政党,ナチス,なちす,国民社会主義ドイツ労働者党|ナチ党,戦間期・第二次世界大戦期,ヨーロッパ,ドイツ,1920〜1945年,1920,WH-000271-B02,beginner,時期,time,ナチスが歴史上重要になるのはいつ頃？,1920〜1945年,1920〜1945年,,,世界史の窓：章節別用語リスト,https://www.y-history.net/appendix/appendix-list.html
大学受験世界史・重要300用語（三段階学習）,WH-000271,205,大学受験基礎,組織・政党,ナチス,なちす,国民社会主義ドイツ労働者党|ナチ党,戦間期・第二次世界大戦期,ヨーロッパ,ドイツ,1920〜1945年,1920,WH-000271-B03,beginner,正式名称,content,ナチスの正式名称は？,国民社会主義ドイツ労働者党,国民社会主義ドイツ労働者党,,,世界史の窓：章節別用語リスト,https://www.y-history.net/appendix/appendix-list.html
大学受験世界史・重要300用語（三段階学習）,WH-000271,205,大学受験基礎,組織・政党,ナチス,なちす,国民社会主義ドイツ労働者党|ナチ党,戦間期・第二次世界大戦期,ヨーロッパ,ドイツ,1920〜1945年,1920,WH-000271-R01,reverse,内容,reverse,どんな組織・政党？,**ヒトラー**を指導者とし、ヴェルサイユ体制打破、反共産主義、極端な民族主義、反ユダヤ主義を掲げた政党。,ヒトラー,,,世界史の窓：章節別用語リスト,https://www.y-history.net/appendix/appendix-list.html
大学受験世界史・重要300用語（三段階学習）,WH-000271,205,大学受験基礎,組織・政党,ナチス,なちす,国民社会主義ドイツ労働者党|ナチ党,戦間期・第二次世界大戦期,ヨーロッパ,ドイツ,1920〜1945年,1920,WH-000271-R02,reverse,結果・影響,reverse,何につながった？,**ナチス**は、世界恐慌下で支持を伸ばして1933年に独裁を成立させ、再軍備・領土拡張・ホロコースト・第二次世界大戦を引き起こした。,ナチス,,,世界史の窓：章節別用語リスト,https://www.y-history.net/appendix/appendix-list.html
大学受験世界史・重要300用語（三段階学習）,WH-000271,205,大学受験基礎,組織・政党,ナチス,なちす,国民社会主義ドイツ労働者党|ナチ党,戦間期・第二次世界大戦期,ヨーロッパ,ドイツ,1920〜1945年,1920,WH-000271-I01,integrated,統合説明,integrated,「ナチス」について説明せよ。,**ヒトラー**を指導者とし、ヴェルサイユ体制打破、反共産主義、極端な民族主義、反ユダヤ主義を掲げた政党。 世界恐慌下で支持を伸ばして1933年に独裁を成立させ、再軍備・領土拡張・ホロコースト・第二次世界大戦を引き起こした。,ヒトラー,,,世界史の窓：章節別用語リスト,https://www.y-history.net/appendix/appendix-list.html
大学受験世界史・重要300用語（三段階学習）,WH-000272,206,大学受験基礎,制度・政策・法律,ワシントン体制,わしんとんたいせい,,戦間期,東アジア・太平洋,東アジア・太平洋地域,1921〜1930年代,1921,WH-000272-B01,beginner,用語の特定,identify,ワシントン会議の諸条約によって成立した、海軍軍縮と中国の門戸開放を柱とする国際秩序は？,ワシントン体制,ワシントン体制,,,世界史の窓：章節別用語リスト,https://www.y-history.net/appendix/appendix-list.html
大学受験世界史・重要300用語（三段階学習）,WH-000272,206,大学受験基礎,制度・政策・法律,ワシントン体制,わしんとんたいせい,,戦間期,東アジア・太平洋,東アジア・太平洋地域,1921〜1930年代,1921,WH-000272-B02,beginner,時期,time,ワシントン体制が成立・実施されたのはいつ頃？,1921〜1930年代,1921〜1930年代,,,世界史の窓：章節別用語リスト,https://www.y-history.net/appendix/appendix-list.html
大学受験世界史・重要300用語（三段階学習）,WH-000272,206,大学受験基礎,制度・政策・法律,ワシントン体制,わしんとんたいせい,,戦間期,東アジア・太平洋,東アジア・太平洋地域,1921〜1930年代,1921,WH-000272-B03,beginner,条約,relation,主力艦比率を定めた条約は？,ワシントン海軍軍縮条約,ワシントン海軍軍縮条約,,,世界史の窓：章節別用語リスト,https://www.y-history.net/appendix/appendix-list.html
大学受験世界史・重要300用語（三段階学習）,WH-000272,206,大学受験基礎,制度・政策・法律,ワシントン体制,わしんとんたいせい,,戦間期,東アジア・太平洋,東アジア・太平洋地域,1921〜1930年代,1921,WH-000272-R01,reverse,内容,reverse,どんな制度・政策・法律？,1921〜22年のワシントン会議で、**四カ国条約**・海軍軍縮条約・九カ国条約により太平洋の現状維持と中国の門戸開放を確認した秩序。,四カ国条約,,,世界史の窓：章節別用語リスト,https://www.y-history.net/appendix/appendix-list.html
大学受験世界史・重要300用語（三段階学習）,WH-000272,206,大学受験基礎,制度・政策・法律,ワシントン体制,わしんとんたいせい,,戦間期,東アジア・太平洋,東アジア・太平洋地域,1921〜1930年代,1921,WH-000272-R02,reverse,結果・影響,reverse,どのような影響を与えた？,**ワシントン体制**は、日英同盟を終わらせ海軍競争を一時抑えたが、満州事変と日本の条約離脱で崩壊した。,ワシントン体制,,,世界史の窓：章節別用語リスト,https://www.y-history.net/appendix/appendix-list.html
大学受験世界史・重要300用語（三段階学習）,WH-000272,206,大学受験基礎,制度・政策・法律,ワシントン体制,わしんとんたいせい,,戦間期,東アジア・太平洋,東アジア・太平洋地域,1921〜1930年代,1921,WH-000272-I01,integrated,統合説明,integrated,「ワシントン体制」について説明せよ。,1921〜22年のワシントン会議で、**四カ国条約**・海軍軍縮条約・九カ国条約により太平洋の現状維持と中国の門戸開放を確認した秩序。 日英同盟を終わらせ海軍競争を一時抑えたが、満州事変と日本の条約離脱で崩壊した。,四カ国条約,,,世界史の窓：章節別用語リスト,https://www.y-history.net/appendix/appendix-list.html
大学受験世界史・重要300用語（三段階学習）,WH-000273,207,大学受験基礎,組織・政党,中国共産党,ちゅうごくきょうさんとう,,現代中国,東アジア,中国,1921年以降,1921,WH-000273-B01,beginner,用語の特定,identify,1921年に結成され、毛沢東(もうたくとう)らのもとで国民党との内戦に勝利した政党は？,中国共産党,中国共産党,,,世界史の窓：章節別用語リスト,https://www.y-history.net/appendix/appendix-list.html
大学受験世界史・重要300用語（三段階学習）,WH-000273,207,大学受験基礎,組織・政党,中国共産党,ちゅうごくきょうさんとう,,現代中国,東アジア,中国,1921年以降,1921,WH-000273-B02,beginner,時期,time,中国共産党が歴史上重要になるのはいつ頃？,1921年以降,1921年以降,,,世界史の窓：章節別用語リスト,https://www.y-history.net/appendix/appendix-list.html
大学受験世界史・重要300用語（三段階学習）,WH-000273,207,大学受験基礎,組織・政党,中国共産党,ちゅうごくきょうさんとう,,現代中国,東アジア,中国,1921年以降,1921,WH-000273-B03,beginner,都市,place,中国共産党が結成された都市は？,上海(しゃんはい),上海,,,世界史の窓：章節別用語リスト,https://www.y-history.net/appendix/appendix-list.html
大学受験世界史・重要300用語（三段階学習）,WH-000273,207,大学受験基礎,組織・政党,中国共産党,ちゅうごくきょうさんとう,,現代中国,東アジア,中国,1921年以降,1921,WH-000273-R01,reverse,内容,reverse,どんな組織・政党？,1921年に**上海(しゃんはい)**で結成され、コミンテルンの支援を受けて国民党との合作・対立を経験し、毛沢東(もうたくとう)の農村革命路線を形成した。,上海,,,世界史の窓：章節別用語リスト,https://www.y-history.net/appendix/appendix-list.html
大学受験世界史・重要300用語（三段階学習）,WH-000273,207,大学受験基礎,組織・政党,中国共産党,ちゅうごくきょうさんとう,,現代中国,東アジア,中国,1921年以降,1921,WH-000273-R02,reverse,結果・影響,reverse,何につながった？,**中国共産党**は、長征・抗日戦争・国共内戦を経て1949年に中華人民共和国(ちゅうかじんみんきょうわこく)を成立させ、現在まで中国を統治している。,中国共産党,,,世界史の窓：章節別用語リスト,https://www.y-history.net/appendix/appendix-list.html
大学受験世界史・重要300用語（三段階学習）,WH-000273,207,大学受験基礎,組織・政党,中国共産党,ちゅうごくきょうさんとう,,現代中国,東アジア,中国,1921年以降,1921,WH-000273-I01,integrated,統合説明,integrated,「中国共産党」について説明せよ。,1921年に**上海(しゃんはい)**で結成され、コミンテルンの支援を受けて国民党との合作・対立を経験し、毛沢東(もうたくとう)の農村革命路線を形成した。 長征・抗日戦争・国共内戦を経て1949年に中華人民共和国(ちゅうかじんみんきょうわこく)を成立させ、現在まで中国を統治している。,上海,,,世界史の窓：章節別用語リスト,https://www.y-history.net/appendix/appendix-list.html
大学受験世界史・重要300用語（三段階学習）,WH-000274,40,大学受験基礎,思想・主義,ファシズム,ふぁしずむ,,近代,ヨーロッパ・世界,イタリア・ドイツを中心とする戦間期世界,1920年代〜1945年,1922,WH-000274-B01,beginner,用語の特定,identify,議会制・自由主義を否定し、独裁・排外的国家主義・軍事動員を進めた戦間期の政治運動は？,ファシズム,ファシズム,,,世界史の窓：ファシズム,https://www.y-history.net/appendix/wh1502-119_1.html
大学受験世界史・重要300用語（三段階学習）,WH-000274,40,大学受験基礎,思想・主義,ファシズム,ふぁしずむ,,近代,ヨーロッパ・世界,イタリア・ドイツを中心とする戦間期世界,1920年代〜1945年,1922,WH-000274-B02,beginner,中心人物,person,1922年のローマ進軍を機にイタリアで政権を握った指導者は？,ムッソリーニ,ムッソリーニ,ベニート＝ムッソリーニ,,世界史の窓：ファシズム,https://www.y-history.net/appendix/wh1502-119_1.html
大学受験世界史・重要300用語（三段階学習）,WH-000274,40,大学受験基礎,思想・主義,ファシズム,ふぁしずむ,,近代,ヨーロッパ・世界,イタリア・ドイツを中心とする戦間期世界,1920年代〜1945年,1922,WH-000274-B03,beginner,組織,actor,ドイツでヒトラーが率いたファシズム政党は？,ナチ党,ナチ党,国民社会主義ドイツ労働者党|ナチス,,世界史の窓：ファシズム,https://www.y-history.net/appendix/wh1502-119_1.html
大学受験世界史・重要300用語（三段階学習）,WH-000274,40,大学受験基礎,思想・主義,ファシズム,ふぁしずむ,,近代,ヨーロッパ・世界,イタリア・ドイツを中心とする戦間期世界,1920年代〜1945年,1922,WH-000274-R01,reverse,複合説明,reverse,どんな運動・体制？,第一次世界大戦後の社会不安、経済危機、社会主義への恐怖を背景に、**ムッソリーニ**や**ヒトラー**が大衆動員と暴力で権力を握った。議会制・自由主義を否定し、一党独裁、指導者崇拝、排外的ナショナリズム、対外侵略を進めて第二次世界大戦へ向かった。,第一次世界大戦後|ムッソリーニ|ヒトラー|大衆動員|一党独裁|指導者崇拝|排外的ナショナリズム|対外侵略|第二次世界大戦,,,世界史の窓：ファシズム,https://www.y-history.net/appendix/wh1502-119_1.html
大学受験世界史・重要300用語（三段階学習）,WH-000274,40,大学受験基礎,思想・主義,ファシズム,ふぁしずむ,,近代,ヨーロッパ・世界,イタリア・ドイツを中心とする戦間期世界,1920年代〜1945年,1922,WH-000274-I01,integrated,統合説明,integrated,「ファシズム」について説明せよ。,第一次世界大戦後の社会不安・経済危機・反社会主義を背景に、**ムッソリーニ**や**ヒトラー**が大衆動員と暴力で築いた運動・体制。議会制と自由主義を否定し、一党独裁・指導者崇拝・排外的ナショナリズム・対外侵略を進め、第二次世界大戦へ向かった。,ムッソリーニ|ヒトラー|大衆動員|一党独裁|指導者崇拝|排外的ナショナリズム|対外侵略|第二次世界大戦,,,世界史の窓：ファシズム,https://www.y-history.net/appendix/wh1502-119_1.html
大学受験世界史・重要300用語（三段階学習）,WH-000275,22,大学受験基礎,経済・交易,世界恐慌,せかいきょうこう,大恐慌,近代,世界,アメリカから資本主義世界全体,1929年〜1930年代,1929,WH-000275-B01,beginner,用語の特定,identify,1929年のアメリカ株価暴落から始まり、世界に失業と倒産を広げた経済危機は？,世界恐慌,世界恐慌,大恐慌,,世界史の窓：世界恐慌／大恐慌,https://www.y-history.net/appendix/wh1504-001.html
大学受験世界史・重要300用語（三段階学習）,WH-000275,22,大学受験基礎,経済・交易,世界恐慌,せかいきょうこう,大恐慌,近代,世界,アメリカから資本主義世界全体,1929年〜1930年代,1929,WH-000275-B02,beginner,時期,time,世界恐慌が始まった年は？,1929年,1929年,,,世界史の窓：世界恐慌／大恐慌,https://www.y-history.net/appendix/wh1504-001.html
大学受験世界史・重要300用語（三段階学習）,WH-000275,22,大学受験基礎,経済・交易,世界恐慌,せかいきょうこう,大恐慌,近代,世界,アメリカから資本主義世界全体,1929年〜1930年代,1929,WH-000275-B03,beginner,政策,content,アメリカでF＝ローズヴェルトが世界恐慌克服のために進めた政策は？,ニューディール政策,ニューディール政策,ニューディール,,世界史の窓：世界恐慌／大恐慌,https://www.y-history.net/appendix/wh1504-001.html
大学受験世界史・重要300用語（三段階学習）,WH-000275,22,大学受験基礎,経済・交易,世界恐慌,せかいきょうこう,大恐慌,近代,世界,アメリカから資本主義世界全体,1929年〜1930年代,1929,WH-000275-R01,reverse,複合説明,reverse,何が起き、世界をどう変えた？,1929年の**ニューヨーク株式市場の暴落**を契機に、過剰生産・投機・金融不安が銀行倒産、企業倒産、大量失業へ連鎖し、アメリカ資本に依存した世界へ広がった。各国は**ニューディール政策**やブロック経済で対応し、国際協調の後退とファシズムの伸長を招いた。,ニューヨーク株式市場の暴落|過剰生産|投機|銀行倒産|大量失業|ニューディール政策|ブロック経済|ファシズム,,,世界史の窓：世界恐慌／大恐慌,https://www.y-history.net/appendix/wh1504-001.html
大学受験世界史・重要300用語（三段階学習）,WH-000275,22,大学受験基礎,経済・交易,世界恐慌,せかいきょうこう,大恐慌,近代,世界,アメリカから資本主義世界全体,1929年〜1930年代,1929,WH-000275-I01,integrated,統合説明,integrated,「世界恐慌」について説明せよ。,1929年の**ニューヨーク株式市場の暴落**を契機に、過剰生産・投機・金融不安から銀行・企業倒産と大量失業が世界へ広がった経済危機。各国は**ニューディール政策**やブロック経済で対応し、国際協調の後退とファシズムの伸長を招いた。,ニューヨーク株式市場の暴落|過剰生産|投機|銀行倒産|大量失業|ニューディール政策|ブロック経済|ファシズム,,,世界史の窓：世界恐慌／大恐慌,https://www.y-history.net/appendix/wh1504-001.html
大学受験世界史・重要300用語（三段階学習）,WH-000276,208,大学受験基礎,制度・政策・法律,ニューディール,にゅーでぃーる,ニューディール政策,世界恐慌期,南北アメリカ,アメリカ合衆国,1933年以降,1933,WH-000276-B01,beginner,用語の特定,identify,フランクリン＝ローズヴェルトが公共事業・金融規制・社会保障で恐慌克服を図った政策は？,ニューディール,ニューディール,ニューディール政策,,世界史の窓：章節別用語リスト,https://www.y-history.net/appendix/appendix-list.html
大学受験世界史・重要300用語（三段階学習）,WH-000276,208,大学受験基礎,制度・政策・法律,ニューディール,にゅーでぃーる,ニューディール政策,世界恐慌期,南北アメリカ,アメリカ合衆国,1933年以降,1933,WH-000276-B02,beginner,時期,time,ニューディールが成立・実施されたのはいつ頃？,1933年以降,1933年以降,,,世界史の窓：章節別用語リスト,https://www.y-history.net/appendix/appendix-list.html
大学受験世界史・重要300用語（三段階学習）,WH-000276,208,大学受験基礎,制度・政策・法律,ニューディール,にゅーでぃーる,ニューディール政策,世界恐慌期,南北アメリカ,アメリカ合衆国,1933年以降,1933,WH-000276-B03,beginner,人物,person,ニューディールを実施した大統領は？,フランクリン＝ローズヴェルト,フランクリン＝ローズヴェルト,,,世界史の窓：章節別用語リスト,https://www.y-history.net/appendix/appendix-list.html
大学受験世界史・重要300用語（三段階学習）,WH-000276,208,大学受験基礎,制度・政策・法律,ニューディール,にゅーでぃーる,ニューディール政策,世界恐慌期,南北アメリカ,アメリカ合衆国,1933年以降,1933,WH-000276-R01,reverse,内容,reverse,どんな制度・政策・法律？,1933年から**フランクリン＝ローズヴェルト**政権が、銀行救済、公共事業、農工業調整、労働権・社会保障を進めた政策。,フランクリン＝ローズヴェルト,,,世界史の窓：章節別用語リスト,https://www.y-history.net/appendix/appendix-list.html
大学受験世界史・重要300用語（三段階学習）,WH-000276,208,大学受験基礎,制度・政策・法律,ニューディール,にゅーでぃーる,ニューディール政策,世界恐慌期,南北アメリカ,アメリカ合衆国,1933年以降,1933,WH-000276-R02,reverse,結果・影響,reverse,どのような影響を与えた？,**ニューディール**は、連邦政府の経済・福祉への介入を大幅に拡大し、完全回復は戦時景気を待ったが現代福祉国家の基礎を作った。,ニューディール,,,世界史の窓：章節別用語リスト,https://www.y-history.net/appendix/appendix-list.html
大学受験世界史・重要300用語（三段階学習）,WH-000276,208,大学受験基礎,制度・政策・法律,ニューディール,にゅーでぃーる,ニューディール政策,世界恐慌期,南北アメリカ,アメリカ合衆国,1933年以降,1933,WH-000276-I01,integrated,統合説明,integrated,「ニューディール」について説明せよ。,1933年から**フランクリン＝ローズヴェルト**政権が、銀行救済、公共事業、農工業調整、労働権・社会保障を進めた政策。 連邦政府の経済・福祉への介入を大幅に拡大し、完全回復は戦時景気を待ったが現代福祉国家の基礎を作った。,フランクリン＝ローズヴェルト,,,世界史の窓：章節別用語リスト,https://www.y-history.net/appendix/appendix-list.html
大学受験世界史・重要300用語（三段階学習）,WH-000277,209,大学受験基礎,人物,ヒトラー,ひとらー,アドルフ＝ヒトラー,戦間期・第二次世界大戦期,ヨーロッパ,ドイツ・ヨーロッパ,1889〜1945年,1933,WH-000277-B01,beginner,用語の特定,identify,1933年にドイツ首相となり、ナチス独裁と侵略戦争を進めた人物は？,ヒトラー,ヒトラー,アドルフ＝ヒトラー,,世界史の窓：章節別用語リスト,https://www.y-history.net/appendix/appendix-list.html
大学受験世界史・重要300用語（三段階学習）,WH-000277,209,大学受験基礎,人物,ヒトラー,ひとらー,アドルフ＝ヒトラー,戦間期・第二次世界大戦期,ヨーロッパ,ドイツ・ヨーロッパ,1889〜1945年,1933,WH-000277-B02,beginner,時期,time,ヒトラーが主に活動したのはいつ頃？,1889〜1945年,1889〜1945年,,,世界史の窓：章節別用語リスト,https://www.y-history.net/appendix/appendix-list.html
大学受験世界史・重要300用語（三段階学習）,WH-000277,209,大学受験基礎,人物,ヒトラー,ひとらー,アドルフ＝ヒトラー,戦間期・第二次世界大戦期,ヨーロッパ,ドイツ・ヨーロッパ,1889〜1945年,1933,WH-000277-B03,beginner,法律,content,ヒトラーが独裁権を得る基礎となった法律は？,全権委任法,全権委任法,,,世界史の窓：章節別用語リスト,https://www.y-history.net/appendix/appendix-list.html
大学受験世界史・重要300用語（三段階学習）,WH-000277,209,大学受験基礎,人物,ヒトラー,ひとらー,アドルフ＝ヒトラー,戦間期・第二次世界大戦期,ヨーロッパ,ドイツ・ヨーロッパ,1889〜1945年,1933,WH-000277-R01,reverse,内容,reverse,何をした？,ナチス党首として1933年に首相となり、国会議事堂放火事件と**全権委任法**を利用して一党独裁を成立させた。,全権委任法,,,世界史の窓：章節別用語リスト,https://www.y-history.net/appendix/appendix-list.html
大学受験世界史・重要300用語（三段階学習）,WH-000277,209,大学受験基礎,人物,ヒトラー,ひとらー,アドルフ＝ヒトラー,戦間期・第二次世界大戦期,ヨーロッパ,ドイツ・ヨーロッパ,1889〜1945年,1933,WH-000277-R02,reverse,結果・影響,reverse,どのような影響を与えた？,再軍備・領土拡張を進めて第二次世界大戦を開始し、反ユダヤ人種政策による**ホロコースト**を主導した。,ホロコースト,,,世界史の窓：章節別用語リスト,https://www.y-history.net/appendix/appendix-list.html
大学受験世界史・重要300用語（三段階学習）,WH-000277,209,大学受験基礎,人物,ヒトラー,ひとらー,アドルフ＝ヒトラー,戦間期・第二次世界大戦期,ヨーロッパ,ドイツ・ヨーロッパ,1889〜1945年,1933,WH-000277-I01,integrated,統合説明,integrated,「ヒトラー」について説明せよ。,ナチス党首として1933年に首相となり、国会議事堂放火事件と**全権委任法**を利用して一党独裁を成立させた。 再軍備・領土拡張を進めて第二次世界大戦を開始し、反ユダヤ人種政策による**ホロコースト**を主導した。,全権委任法|ホロコースト,,,世界史の窓：章節別用語リスト,https://www.y-history.net/appendix/appendix-list.html
大学受験世界史・重要300用語（三段階学習）,WH-000278,4,大学受験基礎,戦争,第二次世界大戦,だいにじせかいたいせん,第二次大戦,近代,世界,ヨーロッパ・アジア太平洋・アフリカ・大西洋,1939年〜1945年,1939,WH-000278-B01,beginner,用語の特定,identify,1939年のドイツのポーランド侵攻で始まり、1945年まで続いた世界戦争は？,第二次世界大戦,第二次世界大戦,第二次大戦,,世界史の窓：第二次世界大戦,https://www.y-history.net/appendix/wh1505-014.html
大学受験世界史・重要300用語（三段階学習）,WH-000278,4,大学受験基礎,戦争,第二次世界大戦,だいにじせかいたいせん,第二次大戦,近代,世界,ヨーロッパ・アジア太平洋・アフリカ・大西洋,1939年〜1945年,1939,WH-000278-B02,beginner,原因,cause,第二次世界大戦のヨーロッパでの直接の開始となったドイツの軍事行動は？,ポーランド侵攻,ポーランド侵攻,,,世界史の窓：第二次世界大戦,https://www.y-history.net/appendix/wh1505-014.html
大学受験世界史・重要300用語（三段階学習）,WH-000278,4,大学受験基礎,戦争,第二次世界大戦,だいにじせかいたいせん,第二次大戦,近代,世界,ヨーロッパ・アジア太平洋・アフリカ・大西洋,1939年〜1945年,1939,WH-000278-B03,beginner,対立,actor,第二次世界大戦の枢軸国(すうじくこく)を構成した中心三国は？,ドイツ・イタリア・日本,ドイツ|イタリア|日本,ドイツ・日本・イタリア|日本・ドイツ・イタリア,,世界史の窓：第二次世界大戦,https://www.y-history.net/appendix/wh1505-014.html
大学受験世界史・重要300用語（三段階学習）,WH-000278,4,大学受験基礎,戦争,第二次世界大戦,だいにじせかいたいせん,第二次大戦,近代,世界,ヨーロッパ・アジア太平洋・アフリカ・大西洋,1939年〜1945年,1939,WH-000278-R01,reverse,時期,reverse,戦われたのはいつ？,**1939年**から**1945年**まで戦われ、1941年の独ソ戦と太平洋戦争開始によって真に世界規模へ拡大した。,1939年|1945年|独ソ戦|太平洋戦争|1941年,,,世界史の窓：第二次世界大戦,https://www.y-history.net/appendix/wh1505-014.html
大学受験世界史・重要300用語（三段階学習）,WH-000278,4,大学受験基礎,戦争,第二次世界大戦,だいにじせかいたいせん,第二次大戦,近代,世界,ヨーロッパ・アジア太平洋・アフリカ・大西洋,1939年〜1945年,1939,WH-000278-R02,reverse,原因・結果,reverse,なぜ起き、何をもたらした？,ヴェルサイユ体制への不満、世界恐慌、ファシズム諸国の侵略、英仏の宥和政策の失敗を背景に始まった。**枢軸国(すうじくこく)**と**連合国**が戦い、ホロコースト・無差別爆撃・原爆など甚大な犠牲を生み、枢軸国(すうじくこく)敗北後は**国際連合**、米ソ二極化、植民地独立の進展につながった。,ヴェルサイユ体制|世界恐慌|ファシズム|宥和政策|枢軸国|連合国|ホロコースト|国際連合|米ソ二極化|植民地独立,,,世界史の窓：第二次世界大戦,https://www.y-history.net/appendix/wh1505-014.html
大学受験世界史・重要300用語（三段階学習）,WH-000278,4,大学受験基礎,戦争,第二次世界大戦,だいにじせかいたいせん,第二次大戦,近代,世界,ヨーロッパ・アジア太平洋・アフリカ・大西洋,1939年〜1945年,1939,WH-000278-I01,integrated,統合説明,integrated,「第二次世界大戦」について説明せよ。,1939〜1945年、ヴェルサイユ体制への不満・世界恐慌・ファシズム諸国の侵略を背景に起きた世界戦争。**枢軸国(すうじくこく)**と**連合国**が戦い、ホロコーストなど甚大な犠牲を生み、枢軸国(すうじくこく)敗北後は**国際連合**、米ソ二極化、植民地独立の進展につながった。,ヴェルサイユ体制|世界恐慌|ファシズム|枢軸国|連合国|ホロコースト|国際連合|米ソ二極化|植民地独立,,,世界史の窓：第二次世界大戦,https://www.y-history.net/appendix/wh1505-014.html
大学受験世界史・重要300用語（三段階学習）,WH-000279,210,大学受験基礎,事件・革命,ホロコースト,ほろこーすと,ショアー,第二次世界大戦期,ヨーロッパ,ナチス支配下ヨーロッパ,1933〜1945年,1941,WH-000279-B01,beginner,用語の特定,identify,ナチス＝ドイツがユダヤ人を中心に行った組織的・大量虐殺を何という？,ホロコースト,ホロコースト,ショアー,,世界史の窓：章節別用語リスト,https://www.y-history.net/appendix/appendix-list.html
大学受験世界史・重要300用語（三段階学習）,WH-000279,210,大学受験基礎,事件・革命,ホロコースト,ほろこーすと,ショアー,第二次世界大戦期,ヨーロッパ,ナチス支配下ヨーロッパ,1933〜1945年,1941,WH-000279-B02,beginner,時期,time,ホロコーストが起きたのはいつ？,1933〜1945年,1933〜1945年,,,世界史の窓：章節別用語リスト,https://www.y-history.net/appendix/appendix-list.html
大学受験世界史・重要300用語（三段階学習）,WH-000279,210,大学受験基礎,事件・革命,ホロコースト,ほろこーすと,ショアー,第二次世界大戦期,ヨーロッパ,ナチス支配下ヨーロッパ,1933〜1945年,1941,WH-000279-B03,beginner,被害者,actor,ホロコーストで最大の標的となった人々は？,ユダヤ人,ユダヤ人,,,世界史の窓：章節別用語リスト,https://www.y-history.net/appendix/appendix-list.html
大学受験世界史・重要300用語（三段階学習）,WH-000279,210,大学受験基礎,事件・革命,ホロコースト,ほろこーすと,ショアー,第二次世界大戦期,ヨーロッパ,ナチス支配下ヨーロッパ,1933〜1945年,1941,WH-000279-R01,reverse,内容,reverse,何が起きた？,ナチスが人種主義に基づき、**ユダヤ人**を隔離・強制移送し、銃殺・強制労働・絶滅収容所で組織的に殺害した大量虐殺。,ユダヤ人,,,世界史の窓：章節別用語リスト,https://www.y-history.net/appendix/appendix-list.html
大学受験世界史・重要300用語（三段階学習）,WH-000279,210,大学受験基礎,事件・革命,ホロコースト,ほろこーすと,ショアー,第二次世界大戦期,ヨーロッパ,ナチス支配下ヨーロッパ,1933〜1945年,1941,WH-000279-R02,reverse,結果・影響,reverse,何につながった？,**ホロコースト**は、約600万人のユダヤ人に加えロマ・障害者・同性愛者・政治犯らも犠牲となり、戦後の人権・ジェノサイド法制へ重大な教訓を残した。,ホロコースト,,,世界史の窓：章節別用語リスト,https://www.y-history.net/appendix/appendix-list.html
大学受験世界史・重要300用語（三段階学習）,WH-000279,210,大学受験基礎,事件・革命,ホロコースト,ほろこーすと,ショアー,第二次世界大戦期,ヨーロッパ,ナチス支配下ヨーロッパ,1933〜1945年,1941,WH-000279-I01,integrated,統合説明,integrated,「ホロコースト」について説明せよ。,ナチスが人種主義に基づき、**ユダヤ人**を隔離・強制移送し、銃殺・強制労働・絶滅収容所で組織的に殺害した大量虐殺。 約600万人のユダヤ人に加えロマ・障害者・同性愛者・政治犯らも犠牲となり、戦後の人権・ジェノサイド法制へ重大な教訓を残した。,ユダヤ人,,,世界史の窓：章節別用語リスト,https://www.y-history.net/appendix/appendix-list.html
大学受験世界史・重要300用語（三段階学習）,WH-000280,27,大学受験基礎,運動,アジア・アフリカ諸国の独立,あじああふりかしょこくのどくりつ,脱植民地化,現代,アジア・アフリカ,南アジア・東南アジア・中東・アフリカ,第二次世界大戦後〜1970年代,1945,WH-000280-B01,beginner,用語の特定,identify,第二次世界大戦後、植民地だったアジア・アフリカで主権国家が相次いで成立した動きを何という？,アジア・アフリカ諸国の独立,アジア・アフリカ諸国の独立,脱植民地化|植民地独立,,世界史の窓：アジア＝アフリカ会議／バンドン会議,https://www.y-history.net/appendix/wh1603-005.html
大学受験世界史・重要300用語（三段階学習）,WH-000280,27,大学受験基礎,運動,アジア・アフリカ諸国の独立,あじああふりかしょこくのどくりつ,脱植民地化,現代,アジア・アフリカ,南アジア・東南アジア・中東・アフリカ,第二次世界大戦後〜1970年代,1945,WH-000280-B02,beginner,時期,time,アフリカで17か国が独立し、「アフリカの年」と呼ばれた年は？,1960年,1960年,,,世界史の窓：アジア＝アフリカ会議／バンドン会議,https://www.y-history.net/appendix/wh1603-005.html
大学受験世界史・重要300用語（三段階学習）,WH-000280,27,大学受験基礎,運動,アジア・アフリカ諸国の独立,あじああふりかしょこくのどくりつ,脱植民地化,現代,アジア・アフリカ,南アジア・東南アジア・中東・アフリカ,第二次世界大戦後〜1970年代,1945,WH-000280-B03,beginner,会議,relation,1955年、新興独立国が平和共存や反植民地主義を確認した国際会議は？,アジア＝アフリカ会議,アジア＝アフリカ会議,バンドン会議|AA会議,,世界史の窓：アジア＝アフリカ会議／バンドン会議,https://www.y-history.net/appendix/wh1603-005.html
大学受験世界史・重要300用語（三段階学習）,WH-000280,27,大学受験基礎,運動,アジア・アフリカ諸国の独立,あじああふりかしょこくのどくりつ,脱植民地化,現代,アジア・アフリカ,南アジア・東南アジア・中東・アフリカ,第二次世界大戦後〜1970年代,1945,WH-000280-R01,reverse,時期,reverse,独立が進んだのはいつ頃？,第二次世界大戦直後からアジアで独立が相次ぎ、1950〜60年代にアフリカへ広がった。特に1960年は**アフリカの年**と呼ばれる。,第二次世界大戦後|1950〜60年代|アフリカの年|1960年,,,世界史の窓：アジア＝アフリカ会議／バンドン会議,https://www.y-history.net/appendix/wh1603-005.html
大学受験世界史・重要300用語（三段階学習）,WH-000280,27,大学受験基礎,運動,アジア・アフリカ諸国の独立,あじああふりかしょこくのどくりつ,脱植民地化,現代,アジア・アフリカ,南アジア・東南アジア・中東・アフリカ,第二次世界大戦後〜1970年代,1945,WH-000280-R02,reverse,原因・結果,reverse,なぜ進み、国際社会をどう変えた？,大戦でヨーロッパ列強が弱体化し、民族運動、民族自決、国際連合、米ソ冷戦下の環境を利用して独立が進み、**脱植民地化**が進展した。新興国は**アジア＝アフリカ会議**や非同盟運動を通じて**第三世界**として発言力を高めたが、国境紛争や旧宗主国への経済依存も残った。,ヨーロッパ列強の弱体化|民族運動|民族自決|国際連合|脱植民地化|アジア＝アフリカ会議|非同盟運動|第三世界|経済依存,,,世界史の窓：アジア＝アフリカ会議／バンドン会議,https://www.y-history.net/appendix/wh1603-005.html
大学受験世界史・重要300用語（三段階学習）,WH-000280,27,大学受験基礎,運動,アジア・アフリカ諸国の独立,あじああふりかしょこくのどくりつ,脱植民地化,現代,アジア・アフリカ,南アジア・東南アジア・中東・アフリカ,第二次世界大戦後〜1970年代,1945,WH-000280-I01,integrated,統合説明,integrated,「アジア・アフリカ諸国の独立」について説明せよ。,第二次世界大戦後、列強の弱体化・民族運動・民族自決を背景に、アジアからアフリカへ広がった**脱植民地化**。新興国は**アジア＝アフリカ会議**や非同盟運動を通じて**第三世界**として発言力を高めたが、国境紛争と旧宗主国への経済依存も残った。,脱植民地化|民族運動|民族自決|アジア＝アフリカ会議|非同盟運動|第三世界|経済依存,,,世界史の窓：アジア＝アフリカ会議／バンドン会議,https://www.y-history.net/appendix/wh1603-005.html
大学受験世界史・重要300用語（三段階学習）,WH-000281,211,大学受験基礎,組織・政党,国際連合,こくさいれんごう,国連|UN,第二次世界大戦後,世界,本部ニューヨーク,1945年以降,1945,WH-000281-B01,beginner,用語の特定,identify,第二次世界大戦後、国際平和・安全保障・人権・協力を目的に設立された国際機構は？,国際連合,国際連合,国連|UN,,世界史の窓：章節別用語リスト,https://www.y-history.net/appendix/appendix-list.html
大学受験世界史・重要300用語（三段階学習）,WH-000281,211,大学受験基礎,組織・政党,国際連合,こくさいれんごう,国連|UN,第二次世界大戦後,世界,本部ニューヨーク,1945年以降,1945,WH-000281-B02,beginner,時期,time,国際連合が歴史上重要になるのはいつ頃？,1945年以降,1945年以降,,,世界史の窓：章節別用語リスト,https://www.y-history.net/appendix/appendix-list.html
大学受験世界史・重要300用語（三段階学習）,WH-000281,211,大学受験基礎,組織・政党,国際連合,こくさいれんごう,国連|UN,第二次世界大戦後,世界,本部ニューヨーク,1945年以降,1945,WH-000281-B03,beginner,機関,content,国際連合で主要な平和安全保障を担う機関は？,安全保障理事会,安全保障理事会,,,世界史の窓：章節別用語リスト,https://www.y-history.net/appendix/appendix-list.html
大学受験世界史・重要300用語（三段階学習）,WH-000281,211,大学受験基礎,組織・政党,国際連合,こくさいれんごう,国連|UN,第二次世界大戦後,世界,本部ニューヨーク,1945年以降,1945,WH-000281-R01,reverse,内容,reverse,どんな組織・政党？,1945年、**国際連合憲章**に基づき設立され、総会・安全保障理事会・経済社会理事会・国際司法裁判所などを置いた。,国際連合憲章,,,世界史の窓：章節別用語リスト,https://www.y-history.net/appendix/appendix-list.html
大学受験世界史・重要300用語（三段階学習）,WH-000281,211,大学受験基礎,組織・政党,国際連合,こくさいれんごう,国連|UN,第二次世界大戦後,世界,本部ニューヨーク,1945年以降,1945,WH-000281-R02,reverse,結果・影響,reverse,何につながった？,常任理事国の拒否権を含む**安全保障理事会**を中心に集団安全保障を担い、人権・開発・難民・保健など世界的協力を進めている。,安全保障理事会,,,世界史の窓：章節別用語リスト,https://www.y-history.net/appendix/appendix-list.html
大学受験世界史・重要300用語（三段階学習）,WH-000281,211,大学受験基礎,組織・政党,国際連合,こくさいれんごう,国連|UN,第二次世界大戦後,世界,本部ニューヨーク,1945年以降,1945,WH-000281-I01,integrated,統合説明,integrated,「国際連合」について説明せよ。,1945年、**国際連合憲章**に基づき設立され、総会・安全保障理事会・経済社会理事会・国際司法裁判所などを置いた。 常任理事国の拒否権を含む**安全保障理事会**を中心に集団安全保障を担い、人権・開発・難民・保健など世界的協力を進めている。,国際連合憲章|安全保障理事会,,,世界史の窓：章節別用語リスト,https://www.y-history.net/appendix/appendix-list.html
大学受験世界史・重要300用語（三段階学習）,WH-000282,5,大学受験基礎,時代・歴史区分,冷戦,れいせん,東西冷戦|冷たい戦争,現代,世界,アメリカ・ソ連を中心とする世界,第二次世界大戦後〜1989年／1991年,1947,WH-000282-B01,beginner,用語の特定,identify,第二次世界大戦後、アメリカ陣営とソ連陣営が世界を二分して対立した状態は？,冷戦,冷戦,東西冷戦|冷たい戦争,,世界史の窓：東西冷戦／冷たい戦争,https://www.y-history.net/appendix/wh1601-057.html
大学受験世界史・重要300用語（三段階学習）,WH-000282,5,大学受験基礎,時代・歴史区分,冷戦,れいせん,東西冷戦|冷たい戦争,現代,世界,アメリカ・ソ連を中心とする世界,第二次世界大戦後〜1989年／1991年,1947,WH-000282-B02,beginner,中心国家,actor,冷戦で二大超大国として対立した二国は？,アメリカとソ連,アメリカ|ソ連,ソ連とアメリカ|米ソ,,世界史の窓：東西冷戦／冷たい戦争,https://www.y-history.net/appendix/wh1601-057.html
大学受験世界史・重要300用語（三段階学習）,WH-000282,5,大学受験基礎,時代・歴史区分,冷戦,れいせん,東西冷戦|冷たい戦争,現代,世界,アメリカ・ソ連を中心とする世界,第二次世界大戦後〜1989年／1991年,1947,WH-000282-B03,beginner,組織,relation,1949年に結成された西側陣営の集団防衛機構は？,北大西洋条約機構,北大西洋条約機構,NATO|北大西洋条約機構（NATO）,,世界史の窓：東西冷戦／冷たい戦争,https://www.y-history.net/appendix/wh1601-057.html
大学受験世界史・重要300用語（三段階学習）,WH-000282,5,大学受験基礎,時代・歴史区分,冷戦,れいせん,東西冷戦|冷たい戦争,現代,世界,アメリカ・ソ連を中心とする世界,第二次世界大戦後〜1989年／1991年,1947,WH-000282-R01,reverse,時期,reverse,続いたのはいつ頃？,第二次世界大戦後に本格化し、1989年の**マルタ会談**で米ソ首脳が終結を宣言した。1991年のソ連崩壊で東西対立の構造は決定的に終わった。,第二次世界大戦後|マルタ会談|1989年|ソ連崩壊|1991年,,,世界史の窓：東西冷戦／冷たい戦争,https://www.y-history.net/appendix/wh1601-057.html
大学受験世界史・重要300用語（三段階学習）,WH-000282,5,大学受験基礎,時代・歴史区分,冷戦,れいせん,東西冷戦|冷たい戦争,現代,世界,アメリカ・ソ連を中心とする世界,第二次世界大戦後〜1989年／1991年,1947,WH-000282-R02,reverse,内容,reverse,何が起きた？,アメリカ中心の資本主義陣営とソ連中心の社会主義陣営が、軍事同盟・核軍拡・経済援助・宣伝で対立した。米ソは全面戦争を避けたが、朝鮮戦争・ベトナム戦争などの**代理戦争**、ベルリン危機、キューバ危機を引き起こし、緊張緩和と新冷戦を経て終結した。,資本主義陣営|社会主義陣営|軍事同盟|核軍拡|代理戦争|朝鮮戦争|ベトナム戦争|キューバ危機|緊張緩和,,,世界史の窓：東西冷戦／冷たい戦争,https://www.y-history.net/appendix/wh1601-057.html
大学受験世界史・重要300用語（三段階学習）,WH-000282,5,大学受験基礎,時代・歴史区分,冷戦,れいせん,東西冷戦|冷たい戦争,現代,世界,アメリカ・ソ連を中心とする世界,第二次世界大戦後〜1989年／1991年,1947,WH-000282-I01,integrated,統合説明,integrated,「冷戦」について説明せよ。,第二次世界大戦後、アメリカ中心の資本主義陣営とソ連中心の社会主義陣営が、軍事同盟・核軍拡・経済援助・**代理戦争**で対立した状態。全面戦争は避けつつ世界を二分し、緊張緩和と新冷戦を経て1989年の**マルタ会談**で終結が宣言され、1991年のソ連崩壊で構造が終わった。,資本主義陣営|社会主義陣営|軍事同盟|核軍拡|代理戦争|緊張緩和|マルタ会談|ソ連崩壊,,,世界史の窓：東西冷戦／冷たい戦争,https://www.y-history.net/appendix/wh1601-057.html
大学受験世界史・重要300用語（三段階学習）,WH-000283,212,大学受験基礎,制度・政策・法律,トルーマン＝ドクトリン,とるーまんどくとりん,,冷戦初期,ヨーロッパ・南北アメリカ,ギリシア・トルコを起点に世界,1947年,1947,WH-000283-B01,beginner,用語の特定,identify,共産主義の拡大を防ぐため、アメリカがギリシア・トルコ支援を表明した政策は？,トルーマン＝ドクトリン,トルーマン＝ドクトリン,,,世界史の窓：章節別用語リスト,https://www.y-history.net/appendix/appendix-list.html
大学受験世界史・重要300用語（三段階学習）,WH-000283,212,大学受験基礎,制度・政策・法律,トルーマン＝ドクトリン,とるーまんどくとりん,,冷戦初期,ヨーロッパ・南北アメリカ,ギリシア・トルコを起点に世界,1947年,1947,WH-000283-B02,beginner,時期,time,トルーマン＝ドクトリンが成立・実施されたのはいつ頃？,1947年,1947年,,,世界史の窓：章節別用語リスト,https://www.y-history.net/appendix/appendix-list.html
大学受験世界史・重要300用語（三段階学習）,WH-000283,212,大学受験基礎,制度・政策・法律,トルーマン＝ドクトリン,とるーまんどくとりん,,冷戦初期,ヨーロッパ・南北アメリカ,ギリシア・トルコを起点に世界,1947年,1947,WH-000283-B03,beginner,戦略,content,トルーマン＝ドクトリンが掲げた基本戦略は？,封じ込め政策,封じ込め政策,,,世界史の窓：章節別用語リスト,https://www.y-history.net/appendix/appendix-list.html
大学受験世界史・重要300用語（三段階学習）,WH-000283,212,大学受験基礎,制度・政策・法律,トルーマン＝ドクトリン,とるーまんどくとりん,,冷戦初期,ヨーロッパ・南北アメリカ,ギリシア・トルコを起点に世界,1947年,1947,WH-000283-R01,reverse,内容,reverse,どんな制度・政策・法律？,1947年、アメリカ大統領**トルーマン**がギリシア・トルコへ軍事・経済援助を行い、共産主義拡大を阻止すると宣言した。,トルーマン,,,世界史の窓：章節別用語リスト,https://www.y-history.net/appendix/appendix-list.html
大学受験世界史・重要300用語（三段階学習）,WH-000283,212,大学受験基礎,制度・政策・法律,トルーマン＝ドクトリン,とるーまんどくとりん,,冷戦初期,ヨーロッパ・南北アメリカ,ギリシア・トルコを起点に世界,1947年,1947,WH-000283-R02,reverse,結果・影響,reverse,どのような影響を与えた？,ソ連への**封じ込め政策**を公式化し、冷戦の世界的対立構造を明確にした。,封じ込め政策,,,世界史の窓：章節別用語リスト,https://www.y-history.net/appendix/appendix-list.html
大学受験世界史・重要300用語（三段階学習）,WH-000283,212,大学受験基礎,制度・政策・法律,トルーマン＝ドクトリン,とるーまんどくとりん,,冷戦初期,ヨーロッパ・南北アメリカ,ギリシア・トルコを起点に世界,1947年,1947,WH-000283-I01,integrated,統合説明,integrated,「トルーマン＝ドクトリン」について説明せよ。,1947年、アメリカ大統領**トルーマン**がギリシア・トルコへ軍事・経済援助を行い、共産主義拡大を阻止すると宣言した。 ソ連への**封じ込め政策**を公式化し、冷戦の世界的対立構造を明確にした。,トルーマン|封じ込め政策,,,世界史の窓：章節別用語リスト,https://www.y-history.net/appendix/appendix-list.html
大学受験世界史・重要300用語（三段階学習）,WH-000284,213,大学受験基礎,制度・政策・法律,マーシャル＝プラン,まーしゃるぷらん,ヨーロッパ復興計画,冷戦初期,ヨーロッパ・南北アメリカ,西ヨーロッパ,1947年提唱・1948年実施,1947,WH-000284-B01,beginner,用語の特定,identify,アメリカが西ヨーロッパの復興と共産主義抑制のため行った大規模経済援助計画は？,マーシャル＝プラン,マーシャル＝プラン,ヨーロッパ復興計画,,世界史の窓：章節別用語リスト,https://www.y-history.net/appendix/appendix-list.html
大学受験世界史・重要300用語（三段階学習）,WH-000284,213,大学受験基礎,制度・政策・法律,マーシャル＝プラン,まーしゃるぷらん,ヨーロッパ復興計画,冷戦初期,ヨーロッパ・南北アメリカ,西ヨーロッパ,1947年提唱・1948年実施,1947,WH-000284-B02,beginner,時期,time,マーシャル＝プランが成立・実施されたのはいつ頃？,1947年提唱・1948年実施,1947年提唱・1948年実施,,,世界史の窓：章節別用語リスト,https://www.y-history.net/appendix/appendix-list.html
大学受験世界史・重要300用語（三段階学習）,WH-000284,213,大学受験基礎,制度・政策・法律,マーシャル＝プラン,まーしゃるぷらん,ヨーロッパ復興計画,冷戦初期,ヨーロッパ・南北アメリカ,西ヨーロッパ,1947年提唱・1948年実施,1947,WH-000284-B03,beginner,人物,person,マーシャル＝プランを提唱したアメリカ国務長官は？,マーシャル,マーシャル,,,世界史の窓：章節別用語リスト,https://www.y-history.net/appendix/appendix-list.html
大学受験世界史・重要300用語（三段階学習）,WH-000284,213,大学受験基礎,制度・政策・法律,マーシャル＝プラン,まーしゃるぷらん,ヨーロッパ復興計画,冷戦初期,ヨーロッパ・南北アメリカ,西ヨーロッパ,1947年提唱・1948年実施,1947,WH-000284-R01,reverse,内容,reverse,どんな制度・政策・法律？,1947年に国務長官**マーシャル**が提唱し、戦後ヨーロッパへ資金・物資を供給して生産と貿易を回復させた援助計画。,マーシャル,,,世界史の窓：章節別用語リスト,https://www.y-history.net/appendix/appendix-list.html
大学受験世界史・重要300用語（三段階学習）,WH-000284,213,大学受験基礎,制度・政策・法律,マーシャル＝プラン,まーしゃるぷらん,ヨーロッパ復興計画,冷戦初期,ヨーロッパ・南北アメリカ,西ヨーロッパ,1947年提唱・1948年実施,1947,WH-000284-R02,reverse,結果・影響,reverse,どのような影響を与えた？,**マーシャル＝プラン**は、西欧経済復興と市場再建を進め、共産党の伸長を抑えて西側陣営の結束・欧州統合を促した。,マーシャル＝プラン,,,世界史の窓：章節別用語リスト,https://www.y-history.net/appendix/appendix-list.html
大学受験世界史・重要300用語（三段階学習）,WH-000284,213,大学受験基礎,制度・政策・法律,マーシャル＝プラン,まーしゃるぷらん,ヨーロッパ復興計画,冷戦初期,ヨーロッパ・南北アメリカ,西ヨーロッパ,1947年提唱・1948年実施,1947,WH-000284-I01,integrated,統合説明,integrated,「マーシャル＝プラン」について説明せよ。,1947年に国務長官**マーシャル**が提唱し、戦後ヨーロッパへ資金・物資を供給して生産と貿易を回復させた援助計画。 西欧経済復興と市場再建を進め、共産党の伸長を抑えて西側陣営の結束・欧州統合を促した。,マーシャル,,,世界史の窓：章節別用語リスト,https://www.y-history.net/appendix/appendix-list.html
大学受験世界史・重要300用語（三段階学習）,WH-000285,214,大学受験基礎,事件・革命,インド独立,いんどどくりつ,,第二次世界大戦後,南アジア,インド亜大陸,1947年,1947,WH-000285-B01,beginner,用語の特定,identify,1947年、イギリス植民地支配が終わり、インドとパキスタンが分離して成立した出来事は？,インド独立,インド独立,,,世界史の窓：章節別用語リスト,https://www.y-history.net/appendix/appendix-list.html
大学受験世界史・重要300用語（三段階学習）,WH-000285,214,大学受験基礎,事件・革命,インド独立,いんどどくりつ,,第二次世界大戦後,南アジア,インド亜大陸,1947年,1947,WH-000285-B02,beginner,時期,time,インド独立が起きたのはいつ？,1947年,1947年,,,世界史の窓：章節別用語リスト,https://www.y-history.net/appendix/appendix-list.html
大学受験世界史・重要300用語（三段階学習）,WH-000285,214,大学受験基礎,事件・革命,インド独立,いんどどくりつ,,第二次世界大戦後,南アジア,インド亜大陸,1947年,1947,WH-000285-B03,beginner,人物,person,独立時のインド初代首相は？,ネルー,ネルー,,,世界史の窓：章節別用語リスト,https://www.y-history.net/appendix/appendix-list.html
大学受験世界史・重要300用語（三段階学習）,WH-000285,214,大学受験基礎,事件・革命,インド独立,いんどどくりつ,,第二次世界大戦後,南アジア,インド亜大陸,1947年,1947,WH-000285-R01,reverse,内容,reverse,何が起きた？,**インド独立**は、第二次世界大戦後、国民会議派とムスリム連盟の交渉を経て、1947年にイギリス支配が終了した。,インド独立,,,世界史の窓：章節別用語リスト,https://www.y-history.net/appendix/appendix-list.html
大学受験世界史・重要300用語（三段階学習）,WH-000285,214,大学受験基礎,事件・革命,インド独立,いんどどくりつ,,第二次世界大戦後,南アジア,インド亜大陸,1947年,1947,WH-000285-R02,reverse,結果・影響,reverse,何につながった？,宗教対立により**インド**と**パキスタン**へ分離独立し、大規模な住民移動と暴力を伴った。,インド|パキスタン,,,世界史の窓：章節別用語リスト,https://www.y-history.net/appendix/appendix-list.html
大学受験世界史・重要300用語（三段階学習）,WH-000285,214,大学受験基礎,事件・革命,インド独立,いんどどくりつ,,第二次世界大戦後,南アジア,インド亜大陸,1947年,1947,WH-000285-I01,integrated,統合説明,integrated,「インド独立」について説明せよ。,第二次世界大戦後、国民会議派とムスリム連盟の交渉を経て、1947年にイギリス支配が終了した。 宗教対立により**インド**と**パキスタン**へ分離独立し、大規模な住民移動と暴力を伴った。,インド|パキスタン,,,世界史の窓：章節別用語リスト,https://www.y-history.net/appendix/appendix-list.html
大学受験世界史・重要300用語（三段階学習）,WH-000286,28,大学受験基礎,事件・革命,中華人民共和国成立,ちゅうかじんみんきょうわこくせいりつ,中華人民共和国の建国,現代,東アジア,中国大陸・台湾海峡,1949年,1949,WH-000286-B01,beginner,用語の特定,identify,国共内戦に勝利した中国共産党が北京(ぺきん)を首都に建てた国家は？,中華人民共和国(ちゅうかじんみんきょうわこく),中華人民共和国,,,世界史の窓：中華人民共和国,https://www.y-history.net/appendix/wh1601-092.html
大学受験世界史・重要300用語（三段階学習）,WH-000286,28,大学受験基礎,事件・革命,中華人民共和国成立,ちゅうかじんみんきょうわこくせいりつ,中華人民共和国の建国,現代,東アジア,中国大陸・台湾海峡,1949年,1949,WH-000286-B02,beginner,時期,time,中華人民共和国(ちゅうかじんみんきょうわこく)が成立した年は？,1949年,1949年,,,世界史の窓：中華人民共和国,https://www.y-history.net/appendix/wh1601-092.html
大学受験世界史・重要300用語（三段階学習）,WH-000286,28,大学受験基礎,事件・革命,中華人民共和国成立,ちゅうかじんみんきょうわこくせいりつ,中華人民共和国の建国,現代,東アジア,中国大陸・台湾海峡,1949年,1949,WH-000286-B03,beginner,中心人物,person,1949年10月1日に中華人民共和国(ちゅうかじんみんきょうわこく)の成立を宣言した人物は？,毛沢東(もうたくとう),毛沢東,,,世界史の窓：中華人民共和国,https://www.y-history.net/appendix/wh1601-092.html
大学受験世界史・重要300用語（三段階学習）,WH-000286,28,大学受験基礎,事件・革命,中華人民共和国成立,ちゅうかじんみんきょうわこくせいりつ,中華人民共和国の建国,現代,東アジア,中国大陸・台湾海峡,1949年,1949,WH-000286-R01,reverse,複合説明,reverse,何が起きた？,第二次国共内戦で**中国共産党**が国民党に勝利し、1949年10月1日に**毛沢東(もうたくとう)**が北京(ぺきん)で建国を宣言した。共産党中心の社会主義国家が中国大陸に成立し、国民党政府は台湾へ移り、東アジアの冷戦構造を大きく変えた。,中国共産党|国民党|1949年10月1日|毛沢東|北京|台湾|冷戦,,,世界史の窓：中華人民共和国,https://www.y-history.net/appendix/wh1601-092.html
大学受験世界史・重要300用語（三段階学習）,WH-000286,28,大学受験基礎,事件・革命,中華人民共和国成立,ちゅうかじんみんきょうわこくせいりつ,中華人民共和国の建国,現代,東アジア,中国大陸・台湾海峡,1949年,1949,WH-000286-I01,integrated,統合説明,integrated,「中華人民共和国(ちゅうかじんみんきょうわこく)成立」について説明せよ。,第二次国共内戦で**中国共産党**が国民党に勝利し、1949年10月1日に**毛沢東(もうたくとう)**が北京(ぺきん)で宣言した建国。中国大陸に共産党中心の社会主義国家が成立し、国民党政府は台湾へ移って、東アジアの冷戦構造が大きく変化した。,中国共産党|国民党|1949年10月1日|毛沢東|北京|台湾|冷戦,,,世界史の窓：中華人民共和国,https://www.y-history.net/appendix/wh1601-092.html
大学受験世界史・重要300用語（三段階学習）,WH-000287,215,大学受験基礎,組織・政党,NATO,なとー,北大西洋条約機構,冷戦期,ヨーロッパ・南北アメリカ,北米・西ヨーロッパ,1949年以降,1949,WH-000287-B01,beginner,用語の特定,identify,アメリカ・カナダ・西欧諸国が1949年に結成した集団防衛機構は？,NATO,NATO,北大西洋条約機構,,世界史の窓：章節別用語リスト,https://www.y-history.net/appendix/appendix-list.html
大学受験世界史・重要300用語（三段階学習）,WH-000287,215,大学受験基礎,組織・政党,NATO,なとー,北大西洋条約機構,冷戦期,ヨーロッパ・南北アメリカ,北米・西ヨーロッパ,1949年以降,1949,WH-000287-B02,beginner,時期,time,NATOが歴史上重要になるのはいつ頃？,1949年以降,1949年以降,,,世界史の窓：章節別用語リスト,https://www.y-history.net/appendix/appendix-list.html
大学受験世界史・重要300用語（三段階学習）,WH-000287,215,大学受験基礎,組織・政党,NATO,なとー,北大西洋条約機構,冷戦期,ヨーロッパ・南北アメリカ,北米・西ヨーロッパ,1949年以降,1949,WH-000287-B03,beginner,正式名称,content,NATOの日本語正式名は？,北大西洋条約機構,北大西洋条約機構,,,世界史の窓：章節別用語リスト,https://www.y-history.net/appendix/appendix-list.html
大学受験世界史・重要300用語（三段階学習）,WH-000287,215,大学受験基礎,組織・政党,NATO,なとー,北大西洋条約機構,冷戦期,ヨーロッパ・南北アメリカ,北米・西ヨーロッパ,1949年以降,1949,WH-000287-R01,reverse,内容,reverse,どんな組織・政党？,1949年、アメリカ・カナダと西欧諸国が、加盟国への攻撃を全体への攻撃とみなす**集団防衛**のため結成した軍事同盟。,集団防衛,,,世界史の窓：章節別用語リスト,https://www.y-history.net/appendix/appendix-list.html
大学受験世界史・重要300用語（三段階学習）,WH-000287,215,大学受験基礎,組織・政党,NATO,なとー,北大西洋条約機構,冷戦期,ヨーロッパ・南北アメリカ,北米・西ヨーロッパ,1949年以降,1949,WH-000287-R02,reverse,結果・影響,reverse,何につながった？,**NATO**は、西側陣営の軍事的中核となり、ソ連側のワルシャワ条約機構との冷戦対立を構成し、冷戦後も存続・拡大した。,NATO,,,世界史の窓：章節別用語リスト,https://www.y-history.net/appendix/appendix-list.html
大学受験世界史・重要300用語（三段階学習）,WH-000287,215,大学受験基礎,組織・政党,NATO,なとー,北大西洋条約機構,冷戦期,ヨーロッパ・南北アメリカ,北米・西ヨーロッパ,1949年以降,1949,WH-000287-I01,integrated,統合説明,integrated,「NATO」について説明せよ。,1949年、アメリカ・カナダと西欧諸国が、加盟国への攻撃を全体への攻撃とみなす**集団防衛**のため結成した軍事同盟。 西側陣営の軍事的中核となり、ソ連側のワルシャワ条約機構との冷戦対立を構成し、冷戦後も存続・拡大した。,集団防衛,,,世界史の窓：章節別用語リスト,https://www.y-history.net/appendix/appendix-list.html
大学受験世界史・重要300用語（三段階学習）,WH-000288,216,大学受験基礎,戦争,朝鮮戦争,ちょうせんせんそう,,冷戦期,東アジア,朝鮮半島,1950〜1953年,1950,WH-000288-B01,beginner,用語の特定,identify,北朝鮮の南侵から始まり、国連軍と中国人民志願軍(ちゅうごくじんみんしがんぐん)が介入した戦争は？,朝鮮戦争,朝鮮戦争,,,世界史の窓：章節別用語リスト,https://www.y-history.net/appendix/appendix-list.html
大学受験世界史・重要300用語（三段階学習）,WH-000288,216,大学受験基礎,戦争,朝鮮戦争,ちょうせんせんそう,,冷戦期,東アジア,朝鮮半島,1950〜1953年,1950,WH-000288-B02,beginner,時期,time,朝鮮戦争が起きたのはいつ？,1950〜1953年,1950〜1953年,,,世界史の窓：章節別用語リスト,https://www.y-history.net/appendix/appendix-list.html
大学受験世界史・重要300用語（三段階学習）,WH-000288,216,大学受験基礎,戦争,朝鮮戦争,ちょうせんせんそう,,冷戦期,東アジア,朝鮮半島,1950〜1953年,1950,WH-000288-B03,beginner,条約,relation,朝鮮戦争を休戦させた協定は？,朝鮮休戦協定(ちょうせんきゅうせんきょうてい),朝鮮休戦協定,,,世界史の窓：章節別用語リスト,https://www.y-history.net/appendix/appendix-list.html
大学受験世界史・重要300用語（三段階学習）,WH-000288,216,大学受験基礎,戦争,朝鮮戦争,ちょうせんせんそう,,冷戦期,東アジア,朝鮮半島,1950〜1953年,1950,WH-000288-R01,reverse,内容,reverse,なぜ起き、何が起きた？,1950年、**北朝鮮**が38度線を越えて韓国へ侵攻し、アメリカ中心の国連軍が参戦、さらに中国人民志願軍(ちゅうごくじんみんしがんぐん)が北側へ介入した。,北朝鮮,,,世界史の窓：章節別用語リスト,https://www.y-history.net/appendix/appendix-list.html
大学受験世界史・重要300用語（三段階学習）,WH-000288,216,大学受験基礎,戦争,朝鮮戦争,ちょうせんせんそう,,冷戦期,東アジア,朝鮮半島,1950〜1953年,1950,WH-000288-R02,reverse,結果・影響,reverse,どんな結果をもたらした？,1953年の**朝鮮休戦協定(ちょうせんきゅうせんきょうてい)**で軍事境界線が定められたが講和条約はなく、朝鮮半島の分断が固定化した。,朝鮮休戦協定,,,世界史の窓：章節別用語リスト,https://www.y-history.net/appendix/appendix-list.html
大学受験世界史・重要300用語（三段階学習）,WH-000288,216,大学受験基礎,戦争,朝鮮戦争,ちょうせんせんそう,,冷戦期,東アジア,朝鮮半島,1950〜1953年,1950,WH-000288-I01,integrated,統合説明,integrated,「朝鮮戦争」について説明せよ。,1950年、**北朝鮮**が38度線を越えて韓国へ侵攻し、アメリカ中心の国連軍が参戦、さらに中国人民志願軍(ちゅうごくじんみんしがんぐん)が北側へ介入した。 1953年の**朝鮮休戦協定(ちょうせんきゅうせんきょうてい)**で軍事境界線が定められたが講和条約はなく、朝鮮半島の分断が固定化した。,北朝鮮|朝鮮休戦協定,,,世界史の窓：章節別用語リスト,https://www.y-history.net/appendix/appendix-list.html
大学受験世界史・重要300用語（三段階学習）,WH-000289,217,大学受験基礎,運動,ヨーロッパ統合,よーろっぱとうごう,,第二次世界大戦後,ヨーロッパ,西ヨーロッパから欧州全域,1951年以降,1951,WH-000289-B01,beginner,用語の特定,identify,戦争再発防止と経済協力のため、ECSC・EECを経てEUへ発展した過程は？,ヨーロッパ統合,ヨーロッパ統合,,,世界史の窓：章節別用語リスト,https://www.y-history.net/appendix/appendix-list.html
大学受験世界史・重要300用語（三段階学習）,WH-000289,217,大学受験基礎,運動,ヨーロッパ統合,よーろっぱとうごう,,第二次世界大戦後,ヨーロッパ,西ヨーロッパから欧州全域,1951年以降,1951,WH-000289-B02,beginner,時期,time,ヨーロッパ統合が盛んになったのはいつ頃？,1951年以降,1951年以降,,,世界史の窓：章節別用語リスト,https://www.y-history.net/appendix/appendix-list.html
大学受験世界史・重要300用語（三段階学習）,WH-000289,217,大学受験基礎,運動,ヨーロッパ統合,よーろっぱとうごう,,第二次世界大戦後,ヨーロッパ,西ヨーロッパから欧州全域,1951年以降,1951,WH-000289-B03,beginner,組織,relation,1957年のローマ条約で成立した共同体は？,ヨーロッパ経済共同体（EEC）,ヨーロッパ経済共同体（EEC）,,,世界史の窓：章節別用語リスト,https://www.y-history.net/appendix/appendix-list.html
大学受験世界史・重要300用語（三段階学習）,WH-000289,217,大学受験基礎,運動,ヨーロッパ統合,よーろっぱとうごう,,第二次世界大戦後,ヨーロッパ,西ヨーロッパから欧州全域,1951年以降,1951,WH-000289-R01,reverse,内容,reverse,どんな運動？,仏独和解を基礎に1951年の**ヨーロッパ石炭鉄鋼共同体**、1957年のEECを通じて市場・政策を共同化した過程。,ヨーロッパ石炭鉄鋼共同体,,,世界史の窓：章節別用語リスト,https://www.y-history.net/appendix/appendix-list.html
大学受験世界史・重要300用語（三段階学習）,WH-000289,217,大学受験基礎,運動,ヨーロッパ統合,よーろっぱとうごう,,第二次世界大戦後,ヨーロッパ,西ヨーロッパから欧州全域,1951年以降,1951,WH-000289-R02,reverse,結果・影響,reverse,何につながった？,1993年に**ヨーロッパ連合（EU）**へ発展し、単一市場・共通通貨・域内移動の自由を進めた。,ヨーロッパ連合（EU）,,,世界史の窓：章節別用語リスト,https://www.y-history.net/appendix/appendix-list.html
大学受験世界史・重要300用語（三段階学習）,WH-000289,217,大学受験基礎,運動,ヨーロッパ統合,よーろっぱとうごう,,第二次世界大戦後,ヨーロッパ,西ヨーロッパから欧州全域,1951年以降,1951,WH-000289-I01,integrated,統合説明,integrated,「ヨーロッパ統合」について説明せよ。,仏独和解を基礎に1951年の**ヨーロッパ石炭鉄鋼共同体**、1957年のEECを通じて市場・政策を共同化した過程。 1993年に**ヨーロッパ連合（EU）**へ発展し、単一市場・共通通貨・域内移動の自由を進めた。,ヨーロッパ石炭鉄鋼共同体|ヨーロッパ連合（EU）,,,世界史の窓：章節別用語リスト,https://www.y-history.net/appendix/appendix-list.html
大学受験世界史・重要300用語（三段階学習）,WH-000290,218,大学受験基礎,条約・会議,バンドン会議,ばんどんかいぎ,アジア＝アフリカ会議,冷戦期・脱植民地化,アジア・アフリカ,インドネシアのバンドン,1955年,1955,WH-000290-B01,beginner,用語の特定,identify,新興独立国など29カ国が集まり、平和共存と反植民地主義を確認した会議は？,バンドン会議,バンドン会議,アジア＝アフリカ会議,,世界史の窓：章節別用語リスト,https://www.y-history.net/appendix/appendix-list.html
大学受験世界史・重要300用語（三段階学習）,WH-000290,218,大学受験基礎,条約・会議,バンドン会議,ばんどんかいぎ,アジア＝アフリカ会議,冷戦期・脱植民地化,アジア・アフリカ,インドネシアのバンドン,1955年,1955,WH-000290-B02,beginner,時期,time,バンドン会議が結ばれた、または開かれたのはいつ？,1955年,1955年,,,世界史の窓：章節別用語リスト,https://www.y-history.net/appendix/appendix-list.html
大学受験世界史・重要300用語（三段階学習）,WH-000290,218,大学受験基礎,条約・会議,バンドン会議,ばんどんかいぎ,アジア＝アフリカ会議,冷戦期・脱植民地化,アジア・アフリカ,インドネシアのバンドン,1955年,1955,WH-000290-B03,beginner,開催国,place,バンドン会議が開かれた国は？,インドネシア,インドネシア,,,世界史の窓：章節別用語リスト,https://www.y-history.net/appendix/appendix-list.html
大学受験世界史・重要300用語（三段階学習）,WH-000290,218,大学受験基礎,条約・会議,バンドン会議,ばんどんかいぎ,アジア＝アフリカ会議,冷戦期・脱植民地化,アジア・アフリカ,インドネシアのバンドン,1955年,1955,WH-000290-R01,reverse,内容,reverse,何を決めた？,1955年、インドネシアの**バンドン**にアジア・アフリカ29カ国が集まり、植民地主義反対・人種平等・平和共存を確認した。,バンドン,,,世界史の窓：章節別用語リスト,https://www.y-history.net/appendix/appendix-list.html
大学受験世界史・重要300用語（三段階学習）,WH-000290,218,大学受験基礎,条約・会議,バンドン会議,ばんどんかいぎ,アジア＝アフリカ会議,冷戦期・脱植民地化,アジア・アフリカ,インドネシアのバンドン,1955年,1955,WH-000290-R02,reverse,結果・影響,reverse,何につながった？,**平和十原則**を採択し、第三世界の連帯と非同盟運動の形成へつながった。,平和十原則,,,世界史の窓：章節別用語リスト,https://www.y-history.net/appendix/appendix-list.html
大学受験世界史・重要300用語（三段階学習）,WH-000290,218,大学受験基礎,条約・会議,バンドン会議,ばんどんかいぎ,アジア＝アフリカ会議,冷戦期・脱植民地化,アジア・アフリカ,インドネシアのバンドン,1955年,1955,WH-000290-I01,integrated,統合説明,integrated,「バンドン会議」について説明せよ。,1955年、インドネシアの**バンドン**にアジア・アフリカ29カ国が集まり、植民地主義反対・人種平等・平和共存を確認した。 **平和十原則**を採択し、第三世界の連帯と非同盟運動の形成へつながった。,バンドン|平和十原則,,,世界史の窓：章節別用語リスト,https://www.y-history.net/appendix/appendix-list.html
大学受験世界史・重要300用語（三段階学習）,WH-000291,219,大学受験基礎,戦争,ベトナム戦争,べとなむせんそう,,冷戦期,東南アジア,ベトナム・インドシナ,1955〜1975年,1955,WH-000291-B01,beginner,用語の特定,identify,北ベトナム・南ベトナム解放民族戦線と、アメリカが支援する南ベトナム政府が戦った戦争は？,ベトナム戦争,ベトナム戦争,,,世界史の窓：章節別用語リスト,https://www.y-history.net/appendix/appendix-list.html
大学受験世界史・重要300用語（三段階学習）,WH-000291,219,大学受験基礎,戦争,ベトナム戦争,べとなむせんそう,,冷戦期,東南アジア,ベトナム・インドシナ,1955〜1975年,1955,WH-000291-B02,beginner,時期,time,ベトナム戦争が起きたのはいつ？,1955〜1975年,1955〜1975年,,,世界史の窓：章節別用語リスト,https://www.y-history.net/appendix/appendix-list.html
大学受験世界史・重要300用語（三段階学習）,WH-000291,219,大学受験基礎,戦争,ベトナム戦争,べとなむせんそう,,冷戦期,東南アジア,ベトナム・インドシナ,1955〜1975年,1955,WH-000291-B03,beginner,事件,result,ベトナム戦争が終結した1975年の出来事は？,サイゴン陥落,サイゴン陥落,,,世界史の窓：章節別用語リスト,https://www.y-history.net/appendix/appendix-list.html
大学受験世界史・重要300用語（三段階学習）,WH-000291,219,大学受験基礎,戦争,ベトナム戦争,べとなむせんそう,,冷戦期,東南アジア,ベトナム・インドシナ,1955〜1975年,1955,WH-000291-R01,reverse,内容,reverse,なぜ起き、何が起きた？,ジュネーヴ協定後に分断されたベトナムで、北ベトナムと**南ベトナム解放民族戦線**が南政府・アメリカ軍と戦った。,南ベトナム解放民族戦線,,,世界史の窓：章節別用語リスト,https://www.y-history.net/appendix/appendix-list.html
大学受験世界史・重要300用語（三段階学習）,WH-000291,219,大学受験基礎,戦争,ベトナム戦争,べとなむせんそう,,冷戦期,東南アジア,ベトナム・インドシナ,1955〜1975年,1955,WH-000291-R02,reverse,結果・影響,reverse,どんな結果をもたらした？,反戦運動とアメリカ撤退後、1975年の**サイゴン陥落**で北側が勝利し、翌年ベトナムが統一された。,サイゴン陥落,,,世界史の窓：章節別用語リスト,https://www.y-history.net/appendix/appendix-list.html
大学受験世界史・重要300用語（三段階学習）,WH-000291,219,大学受験基礎,戦争,ベトナム戦争,べとなむせんそう,,冷戦期,東南アジア,ベトナム・インドシナ,1955〜1975年,1955,WH-000291-I01,integrated,統合説明,integrated,「ベトナム戦争」について説明せよ。,ジュネーヴ協定後に分断されたベトナムで、北ベトナムと**南ベトナム解放民族戦線**が南政府・アメリカ軍と戦った。 反戦運動とアメリカ撤退後、1975年の**サイゴン陥落**で北側が勝利し、翌年ベトナムが統一された。,南ベトナム解放民族戦線|サイゴン陥落,,,世界史の窓：章節別用語リスト,https://www.y-history.net/appendix/appendix-list.html
大学受験世界史・重要300用語（三段階学習）,WH-000292,220,大学受験基礎,事件・革命,中ソ対立,ちゅうそたいりつ,,冷戦期,東アジア・ユーラシア,中国・ソ連,1950年代後半〜1980年代,1956,WH-000292-B01,beginner,用語の特定,identify,社会主義路線・国家利益・国境をめぐり、中国とソ連が対立した現象は？,中ソ対立,中ソ対立,,,世界史の窓：章節別用語リスト,https://www.y-history.net/appendix/appendix-list.html
大学受験世界史・重要300用語（三段階学習）,WH-000292,220,大学受験基礎,事件・革命,中ソ対立,ちゅうそたいりつ,,冷戦期,東アジア・ユーラシア,中国・ソ連,1950年代後半〜1980年代,1956,WH-000292-B02,beginner,時期,time,中ソ対立が起きたのはいつ？,1950年代後半〜1980年代,1950年代後半〜1980年代,,,世界史の窓：章節別用語リスト,https://www.y-history.net/appendix/appendix-list.html
大学受験世界史・重要300用語（三段階学習）,WH-000292,220,大学受験基礎,事件・革命,中ソ対立,ちゅうそたいりつ,,冷戦期,東アジア・ユーラシア,中国・ソ連,1950年代後半〜1980年代,1956,WH-000292-B03,beginner,地域,place,中ソ対立が武力衝突に至った1969年の国境地点は？,珍宝島(ちんぽうとう),珍宝島,,,世界史の窓：章節別用語リスト,https://www.y-history.net/appendix/appendix-list.html
大学受験世界史・重要300用語（三段階学習）,WH-000292,220,大学受験基礎,事件・革命,中ソ対立,ちゅうそたいりつ,,冷戦期,東アジア・ユーラシア,中国・ソ連,1950年代後半〜1980年代,1956,WH-000292-R01,reverse,内容,reverse,何が起きた？,**中ソ対立**は、フルシチョフのスターリン批判・平和共存路線を中国が修正主義と批判し、援助停止・指導権争い・国境問題で対立した。,中ソ対立,,,世界史の窓：章節別用語リスト,https://www.y-history.net/appendix/appendix-list.html
大学受験世界史・重要300用語（三段階学習）,WH-000292,220,大学受験基礎,事件・革命,中ソ対立,ちゅうそたいりつ,,冷戦期,東アジア・ユーラシア,中国・ソ連,1950年代後半〜1980年代,1956,WH-000292-R02,reverse,結果・影響,reverse,何につながった？,1969年の**珍宝島事件(ちんぽうとうじけん)**で武力衝突し、中国の対米接近と社会主義陣営の分裂を促した。,珍宝島事件,,,世界史の窓：章節別用語リスト,https://www.y-history.net/appendix/appendix-list.html
大学受験世界史・重要300用語（三段階学習）,WH-000292,220,大学受験基礎,事件・革命,中ソ対立,ちゅうそたいりつ,,冷戦期,東アジア・ユーラシア,中国・ソ連,1950年代後半〜1980年代,1956,WH-000292-I01,integrated,統合説明,integrated,「中ソ対立」について説明せよ。,フルシチョフのスターリン批判・平和共存路線を中国が修正主義と批判し、援助停止・指導権争い・国境問題で対立した。 1969年の**珍宝島事件(ちんぽうとうじけん)**で武力衝突し、中国の対米接近と社会主義陣営の分裂を促した。,珍宝島事件,,,世界史の窓：章節別用語リスト,https://www.y-history.net/appendix/appendix-list.html
大学受験世界史・重要300用語（三段階学習）,WH-000293,221,大学受験基礎,事件・革命,キューバ革命,きゅーばかくめい,,冷戦期,南北アメリカ,キューバ,1959年,1959,WH-000293-B01,beginner,用語の特定,identify,カストロらがバティスタ独裁を倒し、後に社会主義政権を成立させた革命は？,キューバ革命,キューバ革命,,,世界史の窓：章節別用語リスト,https://www.y-history.net/appendix/appendix-list.html
大学受験世界史・重要300用語（三段階学習）,WH-000293,221,大学受験基礎,事件・革命,キューバ革命,きゅーばかくめい,,冷戦期,南北アメリカ,キューバ,1959年,1959,WH-000293-B02,beginner,時期,time,キューバ革命が起きたのはいつ？,1959年,1959年,,,世界史の窓：章節別用語リスト,https://www.y-history.net/appendix/appendix-list.html
大学受験世界史・重要300用語（三段階学習）,WH-000293,221,大学受験基礎,事件・革命,キューバ革命,きゅーばかくめい,,冷戦期,南北アメリカ,キューバ,1959年,1959,WH-000293-B03,beginner,人物,person,キューバ革命の中心指導者は？,フィデル＝カストロ,フィデル＝カストロ,,,世界史の窓：章節別用語リスト,https://www.y-history.net/appendix/appendix-list.html
大学受験世界史・重要300用語（三段階学習）,WH-000293,221,大学受験基礎,事件・革命,キューバ革命,きゅーばかくめい,,冷戦期,南北アメリカ,キューバ,1959年,1959,WH-000293-R01,reverse,内容,reverse,何が起きた？,**フィデル＝カストロ**とチェ＝ゲバラらの革命軍がゲリラ戦でバティスタ独裁を倒し、1959年に政権を掌握した。,フィデル＝カストロ,,,世界史の窓：章節別用語リスト,https://www.y-history.net/appendix/appendix-list.html
大学受験世界史・重要300用語（三段階学習）,WH-000293,221,大学受験基礎,事件・革命,キューバ革命,きゅーばかくめい,,冷戦期,南北アメリカ,キューバ,1959年,1959,WH-000293-R02,reverse,結果・影響,reverse,何につながった？,**キューバ革命**は、土地改革・企業国有化でアメリカと対立し、ソ連へ接近して西半球初の社会主義国家となった。,キューバ革命,,,世界史の窓：章節別用語リスト,https://www.y-history.net/appendix/appendix-list.html
大学受験世界史・重要300用語（三段階学習）,WH-000293,221,大学受験基礎,事件・革命,キューバ革命,きゅーばかくめい,,冷戦期,南北アメリカ,キューバ,1959年,1959,WH-000293-I01,integrated,統合説明,integrated,「キューバ革命」について説明せよ。,**フィデル＝カストロ**とチェ＝ゲバラらの革命軍がゲリラ戦でバティスタ独裁を倒し、1959年に政権を掌握した。 土地改革・企業国有化でアメリカと対立し、ソ連へ接近して西半球初の社会主義国家となった。,フィデル＝カストロ,,,世界史の窓：章節別用語リスト,https://www.y-history.net/appendix/appendix-list.html
大学受験世界史・重要300用語（三段階学習）,WH-000294,222,大学受験基礎,運動,非同盟運動,ひどうめいうんどう,,冷戦期,世界,アジア・アフリカ・ラテンアメリカ,1961年以降,1961,WH-000294-B01,beginner,用語の特定,identify,冷戦下で米ソいずれの軍事陣営にも属さず、自主外交を目指した新興国の運動は？,非同盟運動,非同盟運動,,,世界史の窓：章節別用語リスト,https://www.y-history.net/appendix/appendix-list.html
大学受験世界史・重要300用語（三段階学習）,WH-000294,222,大学受験基礎,運動,非同盟運動,ひどうめいうんどう,,冷戦期,世界,アジア・アフリカ・ラテンアメリカ,1961年以降,1961,WH-000294-B02,beginner,時期,time,非同盟運動が盛んになったのはいつ頃？,1961年以降,1961年以降,,,世界史の窓：章節別用語リスト,https://www.y-history.net/appendix/appendix-list.html
大学受験世界史・重要300用語（三段階学習）,WH-000294,222,大学受験基礎,運動,非同盟運動,ひどうめいうんどう,,冷戦期,世界,アジア・アフリカ・ラテンアメリカ,1961年以降,1961,WH-000294-B03,beginner,都市,place,非同盟諸国首脳会議が最初に開かれた都市は？,ベオグラード,ベオグラード,,,世界史の窓：章節別用語リスト,https://www.y-history.net/appendix/appendix-list.html
大学受験世界史・重要300用語（三段階学習）,WH-000294,222,大学受験基礎,運動,非同盟運動,ひどうめいうんどう,,冷戦期,世界,アジア・アフリカ・ラテンアメリカ,1961年以降,1961,WH-000294-R01,reverse,内容,reverse,どんな運動？,**非同盟運動**は、ネルー・ナセル・ティトーらが主導し、米ソいずれの軍事ブロックにも従属せず、反植民地主義と平和共存を掲げた運動。,非同盟運動,,,世界史の窓：章節別用語リスト,https://www.y-history.net/appendix/appendix-list.html
大学受験世界史・重要300用語（三段階学習）,WH-000294,222,大学受験基礎,運動,非同盟運動,ひどうめいうんどう,,冷戦期,世界,アジア・アフリカ・ラテンアメリカ,1961年以降,1961,WH-000294-R02,reverse,結果・影響,reverse,何につながった？,1961年の**ベオグラード会議**で組織化され、国連で新興独立国の発言力を高めた。,ベオグラード会議,,,世界史の窓：章節別用語リスト,https://www.y-history.net/appendix/appendix-list.html
大学受験世界史・重要300用語（三段階学習）,WH-000294,222,大学受験基礎,運動,非同盟運動,ひどうめいうんどう,,冷戦期,世界,アジア・アフリカ・ラテンアメリカ,1961年以降,1961,WH-000294-I01,integrated,統合説明,integrated,「非同盟運動」について説明せよ。,ネルー・ナセル・ティトーらが主導し、米ソいずれの軍事ブロックにも従属せず、反植民地主義と平和共存を掲げた運動。 1961年の**ベオグラード会議**で組織化され、国連で新興独立国の発言力を高めた。,ベオグラード会議,,,世界史の窓：章節別用語リスト,https://www.y-history.net/appendix/appendix-list.html
大学受験世界史・重要300用語（三段階学習）,WH-000295,223,大学受験基礎,事件・革命,キューバ危機,きゅーばきき,,冷戦期,南北アメリカ・世界,キューバ・カリブ海,1962年,1962,WH-000295-B01,beginner,用語の特定,identify,ソ連のキューバ核ミサイル配備をめぐり、米ソが核戦争寸前まで対立した危機は？,キューバ危機,キューバ危機,,,世界史の窓：章節別用語リスト,https://www.y-history.net/appendix/appendix-list.html
大学受験世界史・重要300用語（三段階学習）,WH-000295,223,大学受験基礎,事件・革命,キューバ危機,きゅーばきき,,冷戦期,南北アメリカ・世界,キューバ・カリブ海,1962年,1962,WH-000295-B02,beginner,時期,time,キューバ危機が起きたのはいつ？,1962年,1962年,,,世界史の窓：章節別用語リスト,https://www.y-history.net/appendix/appendix-list.html
大学受験世界史・重要300用語（三段階学習）,WH-000295,223,大学受験基礎,事件・革命,キューバ危機,きゅーばきき,,冷戦期,南北アメリカ・世界,キューバ・カリブ海,1962年,1962,WH-000295-B03,beginner,措置,content,アメリカがキューバ周辺で実施した措置は？,海上封鎖,海上封鎖,,,世界史の窓：章節別用語リスト,https://www.y-history.net/appendix/appendix-list.html
大学受験世界史・重要300用語（三段階学習）,WH-000295,223,大学受験基礎,事件・革命,キューバ危機,きゅーばきき,,冷戦期,南北アメリカ・世界,キューバ・カリブ海,1962年,1962,WH-000295-R01,reverse,内容,reverse,何が起きた？,1962年、ソ連がキューバへ核ミサイルを配備し、アメリカの**ケネディ**政権が海上封鎖を実施して撤去を要求した。,ケネディ,,,世界史の窓：章節別用語リスト,https://www.y-history.net/appendix/appendix-list.html
大学受験世界史・重要300用語（三段階学習）,WH-000295,223,大学受験基礎,事件・革命,キューバ危機,きゅーばきき,,冷戦期,南北アメリカ・世界,キューバ・カリブ海,1962年,1962,WH-000295-R02,reverse,結果・影響,reverse,何につながった？,**キューバ危機**は、フルシチョフが撤去を受け入れて回避され、米ソ直通電話・部分的核実験禁止条約など危機管理とデタントの契機となった。,キューバ危機,,,世界史の窓：章節別用語リスト,https://www.y-history.net/appendix/appendix-list.html
大学受験世界史・重要300用語（三段階学習）,WH-000295,223,大学受験基礎,事件・革命,キューバ危機,きゅーばきき,,冷戦期,南北アメリカ・世界,キューバ・カリブ海,1962年,1962,WH-000295-I01,integrated,統合説明,integrated,「キューバ危機」について説明せよ。,1962年、ソ連がキューバへ核ミサイルを配備し、アメリカの**ケネディ**政権が海上封鎖を実施して撤去を要求した。 フルシチョフが撤去を受け入れて回避され、米ソ直通電話・部分的核実験禁止条約など危機管理とデタントの契機となった。,ケネディ,,,世界史の窓：章節別用語リスト,https://www.y-history.net/appendix/appendix-list.html
大学受験世界史・重要300用語（三段階学習）,WH-000296,224,大学受験基礎,運動,文化大革命,ぶんかだいかくめい,プロレタリア文化大革命,現代中国,東アジア,中国,1966〜1976年,1966,WH-000296-B01,beginner,用語の特定,identify,毛沢東(もうたくとう)が紅衛兵(こうえいへい)を動員し、「実権派」や伝統文化を攻撃させた政治運動は？,文化大革命,文化大革命,プロレタリア文化大革命,,世界史の窓：章節別用語リスト,https://www.y-history.net/appendix/appendix-list.html
大学受験世界史・重要300用語（三段階学習）,WH-000296,224,大学受験基礎,運動,文化大革命,ぶんかだいかくめい,プロレタリア文化大革命,現代中国,東アジア,中国,1966〜1976年,1966,WH-000296-B02,beginner,時期,time,文化大革命が盛んになったのはいつ頃？,1966〜1976年,1966〜1976年,,,世界史の窓：章節別用語リスト,https://www.y-history.net/appendix/appendix-list.html
大学受験世界史・重要300用語（三段階学習）,WH-000296,224,大学受験基礎,運動,文化大革命,ぶんかだいかくめい,プロレタリア文化大革命,現代中国,東アジア,中国,1966〜1976年,1966,WH-000296-B03,beginner,組織,actor,文化大革命で主に動員された青年組織は？,紅衛兵(こうえいへい),紅衛兵,,,世界史の窓：章節別用語リスト,https://www.y-history.net/appendix/appendix-list.html
大学受験世界史・重要300用語（三段階学習）,WH-000296,224,大学受験基礎,運動,文化大革命,ぶんかだいかくめい,プロレタリア文化大革命,現代中国,東アジア,中国,1966〜1976年,1966,WH-000296-R01,reverse,内容,reverse,どんな運動？,**毛沢東(もうたくとう)**が失った指導権を回復するため、若者の**紅衛兵(こうえいへい)**を動員して党幹部・知識人・伝統文化を「反革命」として攻撃させた。,毛沢東|紅衛兵,,,世界史の窓：章節別用語リスト,https://www.y-history.net/appendix/appendix-list.html
大学受験世界史・重要300用語（三段階学習）,WH-000296,224,大学受験基礎,運動,文化大革命,ぶんかだいかくめい,プロレタリア文化大革命,現代中国,東アジア,中国,1966〜1976年,1966,WH-000296-R02,reverse,結果・影響,reverse,何につながった？,**文化大革命**は、教育・経済・行政を混乱させ、多数の迫害と死者を生み、1976年の毛沢東(もうたくとう)死去と四人組(よにんぐみ)逮捕で終結した。,文化大革命,,,世界史の窓：章節別用語リスト,https://www.y-history.net/appendix/appendix-list.html
大学受験世界史・重要300用語（三段階学習）,WH-000296,224,大学受験基礎,運動,文化大革命,ぶんかだいかくめい,プロレタリア文化大革命,現代中国,東アジア,中国,1966〜1976年,1966,WH-000296-I01,integrated,統合説明,integrated,「文化大革命」について説明せよ。,**毛沢東(もうたくとう)**が失った指導権を回復するため、若者の**紅衛兵(こうえいへい)**を動員して党幹部・知識人・伝統文化を「反革命」として攻撃させた。 教育・経済・行政を混乱させ、多数の迫害と死者を生み、1976年の毛沢東(もうたくとう)死去と四人組(よにんぐみ)逮捕で終結した。,毛沢東|紅衛兵,,,世界史の窓：章節別用語リスト,https://www.y-history.net/appendix/appendix-list.html
大学受験世界史・重要300用語（三段階学習）,WH-000297,225,大学受験基礎,時代・歴史区分,デタント,でたんと,緊張緩和,冷戦期,世界,米ソ関係・ヨーロッパ・東アジア,1960年代後半〜1970年代,1969,WH-000297-B01,beginner,用語の特定,identify,冷戦下で米ソ間の軍事・外交的緊張が一時的に緩和した時期を何という？,デタント,デタント,緊張緩和,,世界史の窓：章節別用語リスト,https://www.y-history.net/appendix/appendix-list.html
大学受験世界史・重要300用語（三段階学習）,WH-000297,225,大学受験基礎,時代・歴史区分,デタント,でたんと,緊張緩和,冷戦期,世界,米ソ関係・ヨーロッパ・東アジア,1960年代後半〜1970年代,1969,WH-000297-B02,beginner,時期,time,デタントが歴史上重要になるのはいつ頃？,1960年代後半〜1970年代,1960年代後半〜1970年代,,,世界史の窓：章節別用語リスト,https://www.y-history.net/appendix/appendix-list.html
大学受験世界史・重要300用語（三段階学習）,WH-000297,225,大学受験基礎,時代・歴史区分,デタント,でたんと,緊張緩和,冷戦期,世界,米ソ関係・ヨーロッパ・東アジア,1960年代後半〜1970年代,1969,WH-000297-B03,beginner,条約,relation,デタント期に米ソが結んだ戦略兵器制限協定は？,SALT I,SALT I,,,世界史の窓：章節別用語リスト,https://www.y-history.net/appendix/appendix-list.html
大学受験世界史・重要300用語（三段階学習）,WH-000297,225,大学受験基礎,時代・歴史区分,デタント,でたんと,緊張緩和,冷戦期,世界,米ソ関係・ヨーロッパ・東アジア,1960年代後半〜1970年代,1969,WH-000297-R01,reverse,内容,reverse,何が起きた時代・変化？,キューバ危機後、米ソが核戦争回避と軍拡負担軽減を求め、首脳外交・軍備管理を進めた**緊張緩和**の時期。,緊張緩和,,,世界史の窓：章節別用語リスト,https://www.y-history.net/appendix/appendix-list.html
大学受験世界史・重要300用語（三段階学習）,WH-000297,225,大学受験基礎,時代・歴史区分,デタント,でたんと,緊張緩和,冷戦期,世界,米ソ関係・ヨーロッパ・東アジア,1960年代後半〜1970年代,1969,WH-000297-R02,reverse,結果・影響,reverse,何につながった？,**SALT I**、東西ドイツ関係改善、米中接近、ヘルシンキ宣言などが実現したが、1979年のソ連のアフガニスタン侵攻で後退した。,SALT I,,,世界史の窓：章節別用語リスト,https://www.y-history.net/appendix/appendix-list.html
大学受験世界史・重要300用語（三段階学習）,WH-000297,225,大学受験基礎,時代・歴史区分,デタント,でたんと,緊張緩和,冷戦期,世界,米ソ関係・ヨーロッパ・東アジア,1960年代後半〜1970年代,1969,WH-000297-I01,integrated,統合説明,integrated,「デタント」について説明せよ。,キューバ危機後、米ソが核戦争回避と軍拡負担軽減を求め、首脳外交・軍備管理を進めた**緊張緩和**の時期。 **SALT I**、東西ドイツ関係改善、米中接近、ヘルシンキ宣言などが実現したが、1979年のソ連のアフガニスタン侵攻で後退した。,緊張緩和|SALT I,,,世界史の窓：章節別用語リスト,https://www.y-history.net/appendix/appendix-list.html
大学受験世界史・重要300用語（三段階学習）,WH-000298,226,大学受験基礎,事件・革命,石油危機,せきゆきき,オイルショック,現代世界,世界,中東から世界経済,1973年・1979年,1973,WH-000298-B01,beginner,用語の特定,identify,中東情勢と産油国の政策で原油価格が急騰し、世界経済が混乱した出来事は？,石油危機,石油危機,オイルショック,,世界史の窓：章節別用語リスト,https://www.y-history.net/appendix/appendix-list.html
大学受験世界史・重要300用語（三段階学習）,WH-000298,226,大学受験基礎,事件・革命,石油危機,せきゆきき,オイルショック,現代世界,世界,中東から世界経済,1973年・1979年,1973,WH-000298-B02,beginner,時期,time,石油危機が起きたのはいつ？,1973年・1979年,1973年・1979年,,,世界史の窓：章節別用語リスト,https://www.y-history.net/appendix/appendix-list.html
大学受験世界史・重要300用語（三段階学習）,WH-000298,226,大学受験基礎,事件・革命,石油危機,せきゆきき,オイルショック,現代世界,世界,中東から世界経済,1973年・1979年,1973,WH-000298-B03,beginner,戦争,cause,第1次石油危機の直接的背景となった戦争は？,第4次中東戦争,第4次中東戦争,,,世界史の窓：章節別用語リスト,https://www.y-history.net/appendix/appendix-list.html
大学受験世界史・重要300用語（三段階学習）,WH-000298,226,大学受験基礎,事件・革命,石油危機,せきゆきき,オイルショック,現代世界,世界,中東から世界経済,1973年・1979年,1973,WH-000298-R01,reverse,内容,reverse,何が起きた？,1973年の**第4次中東戦争**を背景にアラブ産油国が減産・禁輸を行い、OPECも価格を引き上げて原油価格が急騰した。,第4次中東戦争,,,世界史の窓：章節別用語リスト,https://www.y-history.net/appendix/appendix-list.html
大学受験世界史・重要300用語（三段階学習）,WH-000298,226,大学受験基礎,事件・革命,石油危機,せきゆきき,オイルショック,現代世界,世界,中東から世界経済,1973年・1979年,1973,WH-000298-R02,reverse,結果・影響,reverse,何につながった？,先進国にインフレと不況が同時進行する**スタグフレーション**をもたらし、省エネ・原子力・産業構造転換を促した。,スタグフレーション,,,世界史の窓：章節別用語リスト,https://www.y-history.net/appendix/appendix-list.html
大学受験世界史・重要300用語（三段階学習）,WH-000298,226,大学受験基礎,事件・革命,石油危機,せきゆきき,オイルショック,現代世界,世界,中東から世界経済,1973年・1979年,1973,WH-000298-I01,integrated,統合説明,integrated,「石油危機」について説明せよ。,1973年の**第4次中東戦争**を背景にアラブ産油国が減産・禁輸を行い、OPECも価格を引き上げて原油価格が急騰した。 先進国にインフレと不況が同時進行する**スタグフレーション**をもたらし、省エネ・原子力・産業構造転換を促した。,第4次中東戦争|スタグフレーション,,,世界史の窓：章節別用語リスト,https://www.y-history.net/appendix/appendix-list.html
大学受験世界史・重要300用語（三段階学習）,WH-000299,227,大学受験基礎,事件・革命,東欧革命,とうおうかくめい,1989年革命,冷戦終結期,ヨーロッパ,東ヨーロッパ,1989年,1989,WH-000299-B01,beginner,用語の特定,identify,1989年、東ヨーロッパ各国で社会主義政権が相次いで崩壊した一連の革命は？,東欧革命,東欧革命,1989年革命,,世界史の窓：章節別用語リスト,https://www.y-history.net/appendix/appendix-list.html
大学受験世界史・重要300用語（三段階学習）,WH-000299,227,大学受験基礎,事件・革命,東欧革命,とうおうかくめい,1989年革命,冷戦終結期,ヨーロッパ,東ヨーロッパ,1989年,1989,WH-000299-B02,beginner,時期,time,東欧革命が起きたのはいつ？,1989年,1989年,,,世界史の窓：章節別用語リスト,https://www.y-history.net/appendix/appendix-list.html
大学受験世界史・重要300用語（三段階学習）,WH-000299,227,大学受験基礎,事件・革命,東欧革命,とうおうかくめい,1989年革命,冷戦終結期,ヨーロッパ,東ヨーロッパ,1989年,1989,WH-000299-B03,beginner,事件,result,東欧革命を象徴する1989年の出来事は？,ベルリンの壁崩壊,ベルリンの壁崩壊,,,世界史の窓：章節別用語リスト,https://www.y-history.net/appendix/appendix-list.html
大学受験世界史・重要300用語（三段階学習）,WH-000299,227,大学受験基礎,事件・革命,東欧革命,とうおうかくめい,1989年革命,冷戦終結期,ヨーロッパ,東ヨーロッパ,1989年,1989,WH-000299-R01,reverse,内容,reverse,何が起きた？,**東欧革命**は、ソ連のゴルバチョフ政権が軍事介入を控える中、ポーランド・ハンガリー・東ドイツ・チェコスロヴァキアなどで民主化運動が政権を倒した。,東欧革命,,,世界史の窓：章節別用語リスト,https://www.y-history.net/appendix/appendix-list.html
大学受験世界史・重要300用語（三段階学習）,WH-000299,227,大学受験基礎,事件・革命,東欧革命,とうおうかくめい,1989年革命,冷戦終結期,ヨーロッパ,東ヨーロッパ,1989年,1989,WH-000299-R02,reverse,結果・影響,reverse,何につながった？,**ベルリンの壁崩壊**とドイツ統一を導き、ワルシャワ条約機構解体・ソ連崩壊へつながった。,ベルリンの壁崩壊,,,世界史の窓：章節別用語リスト,https://www.y-history.net/appendix/appendix-list.html
大学受験世界史・重要300用語（三段階学習）,WH-000299,227,大学受験基礎,事件・革命,東欧革命,とうおうかくめい,1989年革命,冷戦終結期,ヨーロッパ,東ヨーロッパ,1989年,1989,WH-000299-I01,integrated,統合説明,integrated,「東欧革命」について説明せよ。,ソ連のゴルバチョフ政権が軍事介入を控える中、ポーランド・ハンガリー・東ドイツ・チェコスロヴァキアなどで民主化運動が政権を倒した。 **ベルリンの壁崩壊**とドイツ統一を導き、ワルシャワ条約機構解体・ソ連崩壊へつながった。,ベルリンの壁崩壊,,,世界史の窓：章節別用語リスト,https://www.y-history.net/appendix/appendix-list.html
大学受験世界史・重要300用語（三段階学習）,WH-000300,34,大学受験基礎,事件・革命,ソ連崩壊,それんほうかい,ソ連解体|ソヴィエト連邦崩壊,現代,ヨーロッパ・北アジア,ソヴィエト連邦を構成した各共和国,1991年,1991,WH-000300-B01,beginner,用語の特定,identify,15の共和国から成る社会主義連邦国家が解体し、冷戦後の国際秩序を決定づけた出来事は？,ソ連崩壊,ソ連崩壊,ソ連解体|ソヴィエト連邦崩壊,,世界史の窓：ソヴィエト社会主義共和国連邦／ソ連,https://www.y-history.net/appendix/wh1501-117.html
大学受験世界史・重要300用語（三段階学習）,WH-000300,34,大学受験基礎,事件・革命,ソ連崩壊,それんほうかい,ソ連解体|ソヴィエト連邦崩壊,現代,ヨーロッパ・北アジア,ソヴィエト連邦を構成した各共和国,1991年,1991,WH-000300-B02,beginner,時期,time,ソ連が崩壊した年は？,1991年,1991年,,,世界史の窓：ソヴィエト社会主義共和国連邦／ソ連,https://www.y-history.net/appendix/wh1501-117.html
大学受験世界史・重要300用語（三段階学習）,WH-000300,34,大学受験基礎,事件・革命,ソ連崩壊,それんほうかい,ソ連解体|ソヴィエト連邦崩壊,現代,ヨーロッパ・北アジア,ソヴィエト連邦を構成した各共和国,1991年,1991,WH-000300-B03,beginner,組織,relation,ソ連解体の際、ロシア・ウクライナ・ベラルーシなどが結成した国家連合は？,独立国家共同体,独立国家共同体,CIS|独立国家共同体（CIS）,,世界史の窓：ソヴィエト社会主義共和国連邦／ソ連,https://www.y-history.net/appendix/wh1501-117.html
大学受験世界史・重要300用語（三段階学習）,WH-000300,34,大学受験基礎,事件・革命,ソ連崩壊,それんほうかい,ソ連解体|ソヴィエト連邦崩壊,現代,ヨーロッパ・北アジア,ソヴィエト連邦を構成した各共和国,1991年,1991,WH-000300-R01,reverse,複合説明,reverse,なぜ起き、何が起きた？,経済停滞と民族問題を背景に、**ゴルバチョフ**のペレストロイカとグラスノスチが改革と分離運動を加速させた。1991年8月の保守派クーデタ失敗後、各共和国が独立し、12月に**独立国家共同体**が成立、ゴルバチョフが辞任してソ連は消滅し、**冷戦**後の国際秩序が確定した。,経済停滞|民族問題|ゴルバチョフ|ペレストロイカ|グラスノスチ|保守派クーデタ|独立国家共同体|1991年|冷戦,,,世界史の窓：ソヴィエト社会主義共和国連邦／ソ連,https://www.y-history.net/appendix/wh1501-117.html
大学受験世界史・重要300用語（三段階学習）,WH-000300,34,大学受験基礎,事件・革命,ソ連崩壊,それんほうかい,ソ連解体|ソヴィエト連邦崩壊,現代,ヨーロッパ・北アジア,ソヴィエト連邦を構成した各共和国,1991年,1991,WH-000300-I01,integrated,統合説明,integrated,「ソ連崩壊」について説明せよ。,経済停滞と民族問題の中で、**ゴルバチョフ**のペレストロイカとグラスノスチが改革・分離運動を加速させ、1991年の保守派クーデタ失敗後に各共和国が独立した出来事。**独立国家共同体**成立とゴルバチョフ辞任によってソ連は消滅し、冷戦後の国際秩序が確定した。,経済停滞|民族問題|ゴルバチョフ|ペレストロイカ|グラスノスチ|保守派クーデタ|独立国家共同体|冷戦,,,世界史の窓：ソヴィエト社会主義共和国連邦／ソ連,https://www.y-history.net/appendix/wh1501-117.html
