dataset_label,term_id,importance_rank,difficulty_label,category,term,reading,aliases,era,macro_region,region_detail,display_period,sort_year,question_id,stage,focus,question_type,question,answer,keywords,accepted_answers,answer_note,year_mnemonic,source_name,source_url
世界史段階別デッキ｜Deck 3｜主要王朝・人物・制度の穴埋め400語,WH-000818,818,Deck 3｜標準,国家・王朝,新王国,しんおうこく,エジプト新王国,古代,アフリカ,ナイル川流域からシリア・ヌビア,前1550年頃〜前1070年頃,-1550,WH-000818-B01,beginner,用語の特定,identify,ヒクソスを追放した後、シリアやヌビアへ進出して古代エジプト最大の領土を築いた時代は？,新王国,新王国,エジプト新王国,,,世界史の窓（章節別用語リスト）,https://www.y-history.net/appendix/appendix-list.html
世界史段階別デッキ｜Deck 3｜主要王朝・人物・制度の穴埋め400語,WH-000818,818,Deck 3｜標準,国家・王朝,新王国,しんおうこく,エジプト新王国,古代,アフリカ,ナイル川流域からシリア・ヌビア,前1550年頃〜前1070年頃,-1550,WH-000818-B02,beginner,時期,time,「新王国」が存在したのはいつ？,前1550年頃〜前1070年頃,前1550年頃〜前1070年頃,,,,世界史の窓（章節別用語リスト）,https://www.y-history.net/appendix/appendix-list.html
世界史段階別デッキ｜Deck 3｜主要王朝・人物・制度の穴埋め400語,WH-000818,818,Deck 3｜標準,国家・王朝,新王国,しんおうこく,エジプト新王国,古代,アフリカ,ナイル川流域からシリア・ヌビア,前1550年頃〜前1070年頃,-1550,WH-000818-B03,beginner,内容,content,「新王国」について、追放した勢力は？,ヒクソス,ヒクソス,,,,世界史の窓（章節別用語リスト）,https://www.y-history.net/appendix/appendix-list.html
世界史段階別デッキ｜Deck 3｜主要王朝・人物・制度の穴埋め400語,WH-000818,818,Deck 3｜標準,国家・王朝,新王国,しんおうこく,エジプト新王国,古代,アフリカ,ナイル川流域からシリア・ヌビア,前1550年頃〜前1070年頃,-1550,WH-000818-R01,reverse,複合説明,reverse,何をした？,ナイル川流域からシリア・ヌビアを主な舞台に、**新王国**は、エジプト人が**ヒクソス**を追放して始まり、テーベを中心にシリア・パレスチナやヌビアへ進出した。アメンホテプ4世や**ラメセス2世**の時代を含む古代エジプトの帝国期である。,新王国|ヒクソス|ラメセス2世,,,,世界史の窓（章節別用語リスト）,https://www.y-history.net/appendix/appendix-list.html
世界史段階別デッキ｜Deck 3｜主要王朝・人物・制度の穴埋め400語,WH-000818,818,Deck 3｜標準,国家・王朝,新王国,しんおうこく,エジプト新王国,古代,アフリカ,ナイル川流域からシリア・ヌビア,前1550年頃〜前1070年頃,-1550,WH-000818-R02,reverse,時期,time,「新王国」が存在したのはいつ？,**前1550年頃〜前1070年頃**,前1550年頃〜前1070年頃,,,,世界史の窓（章節別用語リスト）,https://www.y-history.net/appendix/appendix-list.html
世界史段階別デッキ｜Deck 3｜主要王朝・人物・制度の穴埋め400語,WH-000818,818,Deck 3｜標準,国家・王朝,新王国,しんおうこく,エジプト新王国,古代,アフリカ,ナイル川流域からシリア・ヌビア,前1550年頃〜前1070年頃,-1550,WH-000818-I01,integrated,統合説明,integrated,「新王国」について説明せよ。,**前1550年頃〜前1070年頃**、ナイル川流域からシリア・ヌビアを主な舞台に、**新王国**は、エジプト人が**ヒクソス**を追放して始まり、テーベを中心にシリア・パレスチナやヌビアへ進出した。アメンホテプ4世や**ラメセス2世**の時代を含む古代エジプトの帝国期である。,新王国|前1550年頃〜前1070年頃|ヒクソス|ラメセス2世,,,,世界史の窓（章節別用語リスト）,https://www.y-history.net/appendix/appendix-list.html
世界史段階別デッキ｜Deck 3｜主要王朝・人物・制度の穴埋め400語,WH-000819,819,Deck 3｜標準,人物,ラメセス2世,らめせすにせい,ラムセス2世,古代,アフリカ,エジプト・シリア・ヌビア,前13世紀,-1279,WH-000819-B01,beginner,用語の特定,identify,ヒッタイトとカデシュで戦い、神殿建設でも知られるエジプト新王国の王は？,ラメセス2世,ラメセス2世,ラムセス2世,,,世界史の窓（章節別用語リスト）,https://www.y-history.net/appendix/appendix-list.html
世界史段階別デッキ｜Deck 3｜主要王朝・人物・制度の穴埋め400語,WH-000819,819,Deck 3｜標準,人物,ラメセス2世,らめせすにせい,ラムセス2世,古代,アフリカ,エジプト・シリア・ヌビア,前13世紀,-1279,WH-000819-B02,beginner,時期,time,「ラメセス2世」が主に活動したのはいつ？,前13世紀,前13世紀,,,,世界史の窓（章節別用語リスト）,https://www.y-history.net/appendix/appendix-list.html
世界史段階別デッキ｜Deck 3｜主要王朝・人物・制度の穴埋め400語,WH-000819,819,Deck 3｜標準,人物,ラメセス2世,らめせすにせい,ラムセス2世,古代,アフリカ,エジプト・シリア・ヌビア,前13世紀,-1279,WH-000819-B03,beginner,内容,content,「ラメセス2世」について、ヒッタイトと戦った戦いは？,カデシュの戦い,カデシュの戦い,,,,世界史の窓（章節別用語リスト）,https://www.y-history.net/appendix/appendix-list.html
世界史段階別デッキ｜Deck 3｜主要王朝・人物・制度の穴埋め400語,WH-000819,819,Deck 3｜標準,人物,ラメセス2世,らめせすにせい,ラムセス2世,古代,アフリカ,エジプト・シリア・ヌビア,前13世紀,-1279,WH-000819-R01,reverse,複合説明,reverse,何をした？,エジプト・シリア・ヌビアを主な舞台に、**ラメセス2世**は、エジプト**新王国**の王で、シリア支配をめぐりヒッタイトと**カデシュの戦い**を行い、のち平和条約を結んだ。アブ＝シンベル神殿など大規模な建築でも知られる。,ラメセス2世|新王国|カデシュの戦い,,,,世界史の窓（章節別用語リスト）,https://www.y-history.net/appendix/appendix-list.html
世界史段階別デッキ｜Deck 3｜主要王朝・人物・制度の穴埋め400語,WH-000819,819,Deck 3｜標準,人物,ラメセス2世,らめせすにせい,ラムセス2世,古代,アフリカ,エジプト・シリア・ヌビア,前13世紀,-1279,WH-000819-R02,reverse,時期,time,「ラメセス2世」が主に活動したのはいつ？,**前13世紀**,前13世紀,,,,世界史の窓（章節別用語リスト）,https://www.y-history.net/appendix/appendix-list.html
世界史段階別デッキ｜Deck 3｜主要王朝・人物・制度の穴埋め400語,WH-000819,819,Deck 3｜標準,人物,ラメセス2世,らめせすにせい,ラムセス2世,古代,アフリカ,エジプト・シリア・ヌビア,前13世紀,-1279,WH-000819-I01,integrated,統合説明,integrated,「ラメセス2世」について説明せよ。,**前13世紀**、エジプト・シリア・ヌビアを主な舞台に、**ラメセス2世**は、エジプト**新王国**の王で、シリア支配をめぐりヒッタイトと**カデシュの戦い**を行い、のち平和条約を結んだ。アブ＝シンベル神殿など大規模な建築でも知られる。,ラメセス2世|前13世紀|新王国|カデシュの戦い,,,,世界史の窓（章節別用語リスト）,https://www.y-history.net/appendix/appendix-list.html
世界史段階別デッキ｜Deck 3｜主要王朝・人物・制度の穴埋め400語,WH-000820,820,Deck 3｜標準,戦争,カデシュの戦い,かでしゅのたたかい,,古代,西アジア,シリアのカデシュ周辺,前1274年頃,-1274,WH-000820-B01,beginner,用語の特定,identify,シリア支配をめぐりラメセス2世のエジプトとヒッタイトが戦った戦いは？,カデシュの戦い,カデシュの戦い,,,,世界史の窓（章節別用語リスト）,https://www.y-history.net/appendix/appendix-list.html
世界史段階別デッキ｜Deck 3｜主要王朝・人物・制度の穴埋め400語,WH-000820,820,Deck 3｜標準,戦争,カデシュの戦い,かでしゅのたたかい,,古代,西アジア,シリアのカデシュ周辺,前1274年頃,-1274,WH-000820-B02,beginner,時期,time,「カデシュの戦い」が戦われたのはいつ？,前1274年頃,前1274年頃,,,,世界史の窓（章節別用語リスト）,https://www.y-history.net/appendix/appendix-list.html
世界史段階別デッキ｜Deck 3｜主要王朝・人物・制度の穴埋め400語,WH-000820,820,Deck 3｜標準,戦争,カデシュの戦い,かでしゅのたたかい,,古代,西アジア,シリアのカデシュ周辺,前1274年頃,-1274,WH-000820-B03,beginner,関連,relation,「カデシュの戦い」について、対立した二国は？,エジプト新王国とヒッタイト,エジプト新王国とヒッタイト,,,,世界史の窓（章節別用語リスト）,https://www.y-history.net/appendix/appendix-list.html
世界史段階別デッキ｜Deck 3｜主要王朝・人物・制度の穴埋め400語,WH-000820,820,Deck 3｜標準,戦争,カデシュの戦い,かでしゅのたたかい,,古代,西アジア,シリアのカデシュ周辺,前1274年頃,-1274,WH-000820-R01,reverse,複合説明,reverse,何が起きた？,シリアのカデシュ周辺を主な舞台に、**カデシュの戦い**は、**ラメセス2世**率いるエジプト新王国とヒッタイトが、シリア支配をめぐって戦った。決着はつかず、のち両国は現存最古級の国際的平和条約を結んだ。,カデシュの戦い|ラメセス2世,,,,世界史の窓（章節別用語リスト）,https://www.y-history.net/appendix/appendix-list.html
世界史段階別デッキ｜Deck 3｜主要王朝・人物・制度の穴埋め400語,WH-000820,820,Deck 3｜標準,戦争,カデシュの戦い,かでしゅのたたかい,,古代,西アジア,シリアのカデシュ周辺,前1274年頃,-1274,WH-000820-R02,reverse,時期,time,「カデシュの戦い」が戦われたのはいつ？,**前1274年頃**,前1274年頃,,,,世界史の窓（章節別用語リスト）,https://www.y-history.net/appendix/appendix-list.html
世界史段階別デッキ｜Deck 3｜主要王朝・人物・制度の穴埋め400語,WH-000820,820,Deck 3｜標準,戦争,カデシュの戦い,かでしゅのたたかい,,古代,西アジア,シリアのカデシュ周辺,前1274年頃,-1274,WH-000820-I01,integrated,統合説明,integrated,「カデシュの戦い」について説明せよ。,**前1274年頃**、シリアのカデシュ周辺を主な舞台に、**カデシュの戦い**は、**ラメセス2世**率いるエジプト新王国とヒッタイトが、シリア支配をめぐって戦った。決着はつかず、のち両国は現存最古級の国際的平和条約を結んだ。,カデシュの戦い|前1274年頃|ラメセス2世,,,,世界史の窓（章節別用語リスト）,https://www.y-history.net/appendix/appendix-list.html
世界史段階別デッキ｜Deck 3｜主要王朝・人物・制度の穴埋め400語,WH-000814,814,Deck 3｜標準,文化・技術・学問,フェニキア文字,ふぇにきあもじ,,古代,地中海,東地中海沿岸から地中海各地,前11世紀頃以後,-1050,WH-000814-B01,beginner,用語の特定,identify,フェニキア人が交易に用い、ギリシア文字やラテン文字のもとになった表音文字は？,フェニキア文字,フェニキア文字,,,,世界史の窓（章節別用語リスト）,https://www.y-history.net/appendix/appendix-list.html
世界史段階別デッキ｜Deck 3｜主要王朝・人物・制度の穴埋め400語,WH-000814,814,Deck 3｜標準,文化・技術・学問,フェニキア文字,ふぇにきあもじ,,古代,地中海,東地中海沿岸から地中海各地,前11世紀頃以後,-1050,WH-000814-B02,beginner,時期,time,「フェニキア文字」が使用・展開されたのはいつ？,前11世紀頃以後,前11世紀頃以後,,,,世界史の窓（章節別用語リスト）,https://www.y-history.net/appendix/appendix-list.html
世界史段階別デッキ｜Deck 3｜主要王朝・人物・制度の穴埋め400語,WH-000814,814,Deck 3｜標準,文化・技術・学問,フェニキア文字,ふぇにきあもじ,,古代,地中海,東地中海沿岸から地中海各地,前11世紀頃以後,-1050,WH-000814-B03,beginner,内容,content,「フェニキア文字」について、後に何の基礎となった？,ギリシア文字,ギリシア文字,,,,世界史の窓（章節別用語リスト）,https://www.y-history.net/appendix/appendix-list.html
世界史段階別デッキ｜Deck 3｜主要王朝・人物・制度の穴埋め400語,WH-000814,814,Deck 3｜標準,文化・技術・学問,フェニキア文字,ふぇにきあもじ,,古代,地中海,東地中海沿岸から地中海各地,前11世紀頃以後,-1050,WH-000814-R01,reverse,複合説明,reverse,どんな文化・技術・学問？,東地中海沿岸から地中海各地を主な舞台に、**フェニキア文字**は、フェニキア人が交易で用いた22字の子音中心の**表音文字**で、地中海各地へ広がった。ギリシア人が母音を加えて**ギリシア文字**を作り、さらにラテン文字などの基礎となった。,フェニキア文字|表音文字|ギリシア文字,,,,世界史の窓（章節別用語リスト）,https://www.y-history.net/appendix/appendix-list.html
世界史段階別デッキ｜Deck 3｜主要王朝・人物・制度の穴埋め400語,WH-000814,814,Deck 3｜標準,文化・技術・学問,フェニキア文字,ふぇにきあもじ,,古代,地中海,東地中海沿岸から地中海各地,前11世紀頃以後,-1050,WH-000814-R02,reverse,時期,time,「フェニキア文字」が使用・展開されたのはいつ？,**前11世紀頃以後**,前11世紀頃以後,,,,世界史の窓（章節別用語リスト）,https://www.y-history.net/appendix/appendix-list.html
世界史段階別デッキ｜Deck 3｜主要王朝・人物・制度の穴埋め400語,WH-000814,814,Deck 3｜標準,文化・技術・学問,フェニキア文字,ふぇにきあもじ,,古代,地中海,東地中海沿岸から地中海各地,前11世紀頃以後,-1050,WH-000814-I01,integrated,統合説明,integrated,「フェニキア文字」について説明せよ。,**前11世紀頃以後**、東地中海沿岸から地中海各地を主な舞台に、**フェニキア文字**は、フェニキア人が交易で用いた22字の子音中心の**表音文字**で、地中海各地へ広がった。ギリシア人が母音を加えて**ギリシア文字**を作り、さらにラテン文字などの基礎となった。,フェニキア文字|前11世紀頃以後|表音文字|ギリシア文字,,,,世界史の窓（章節別用語リスト）,https://www.y-history.net/appendix/appendix-list.html
世界史段階別デッキ｜Deck 3｜主要王朝・人物・制度の穴埋め400語,WH-000815,815,Deck 3｜標準,国家・王朝,イスラエル王国,いすらえるおうこく,統一イスラエル王国,古代,西アジア,パレスチナ・エルサレム,前11世紀末〜前922年頃,-1000,WH-000815-B01,beginner,用語の特定,identify,ダヴィデとソロモンの時代に栄え、のち南北に分裂したヘブライ人の王国は？,イスラエル王国,イスラエル王国,統一イスラエル王国,,,世界史の窓（章節別用語リスト）,https://www.y-history.net/appendix/appendix-list.html
世界史段階別デッキ｜Deck 3｜主要王朝・人物・制度の穴埋め400語,WH-000815,815,Deck 3｜標準,国家・王朝,イスラエル王国,いすらえるおうこく,統一イスラエル王国,古代,西アジア,パレスチナ・エルサレム,前11世紀末〜前922年頃,-1000,WH-000815-B02,beginner,時期,time,「イスラエル王国」が存在したのはいつ？,前11世紀末〜前922年頃,前11世紀末〜前922年頃,,,,世界史の窓（章節別用語リスト）,https://www.y-history.net/appendix/appendix-list.html
世界史段階別デッキ｜Deck 3｜主要王朝・人物・制度の穴埋め400語,WH-000815,815,Deck 3｜標準,国家・王朝,イスラエル王国,いすらえるおうこく,統一イスラエル王国,古代,西アジア,パレスチナ・エルサレム,前11世紀末〜前922年頃,-1000,WH-000815-B03,beginner,地域,place,「イスラエル王国」について、最盛期の都は？,エルサレム,エルサレム,,,,世界史の窓（章節別用語リスト）,https://www.y-history.net/appendix/appendix-list.html
世界史段階別デッキ｜Deck 3｜主要王朝・人物・制度の穴埋め400語,WH-000815,815,Deck 3｜標準,国家・王朝,イスラエル王国,いすらえるおうこく,統一イスラエル王国,古代,西アジア,パレスチナ・エルサレム,前11世紀末〜前922年頃,-1000,WH-000815-R01,reverse,複合説明,reverse,何をした？,パレスチナ・エルサレムを主な舞台に、**イスラエル王国**は、ヘブライ人がパレスチナに築き、**ダヴィデ王**がエルサレムを都とし、**ソロモン王**の時代に繁栄した。ソロモン死後、北のイスラエル王国と南の**ユダ王国**に分裂した。,イスラエル王国|ダヴィデ王|ソロモン王|ユダ王国,,,,世界史の窓（章節別用語リスト）,https://www.y-history.net/appendix/appendix-list.html
世界史段階別デッキ｜Deck 3｜主要王朝・人物・制度の穴埋め400語,WH-000815,815,Deck 3｜標準,国家・王朝,イスラエル王国,いすらえるおうこく,統一イスラエル王国,古代,西アジア,パレスチナ・エルサレム,前11世紀末〜前922年頃,-1000,WH-000815-R02,reverse,時期,time,「イスラエル王国」が存在したのはいつ？,**前11世紀末〜前922年頃**,前11世紀末〜前922年頃,,,,世界史の窓（章節別用語リスト）,https://www.y-history.net/appendix/appendix-list.html
世界史段階別デッキ｜Deck 3｜主要王朝・人物・制度の穴埋め400語,WH-000815,815,Deck 3｜標準,国家・王朝,イスラエル王国,いすらえるおうこく,統一イスラエル王国,古代,西アジア,パレスチナ・エルサレム,前11世紀末〜前922年頃,-1000,WH-000815-I01,integrated,統合説明,integrated,「イスラエル王国」について説明せよ。,**前11世紀末〜前922年頃**、パレスチナ・エルサレムを主な舞台に、**イスラエル王国**は、ヘブライ人がパレスチナに築き、**ダヴィデ王**がエルサレムを都とし、**ソロモン王**の時代に繁栄した。ソロモン死後、北のイスラエル王国と南の**ユダ王国**に分裂した。,イスラエル王国|前11世紀末〜前922年頃|ダヴィデ王|ソロモン王|ユダ王国,,,,世界史の窓（章節別用語リスト）,https://www.y-history.net/appendix/appendix-list.html
世界史段階別デッキ｜Deck 3｜主要王朝・人物・制度の穴埋め400語,WH-000817,817,Deck 3｜標準,人物,ソロモン王,そろもんおう,,古代,西アジア,イスラエル王国・エルサレム,前10世紀頃,-960,WH-000817-B01,beginner,用語の特定,identify,エルサレム神殿を建て、交易でイスラエル王国を繁栄させた王は？,ソロモン王,ソロモン王,,,,世界史の窓（章節別用語リスト）,https://www.y-history.net/appendix/appendix-list.html
世界史段階別デッキ｜Deck 3｜主要王朝・人物・制度の穴埋め400語,WH-000817,817,Deck 3｜標準,人物,ソロモン王,そろもんおう,,古代,西アジア,イスラエル王国・エルサレム,前10世紀頃,-960,WH-000817-B02,beginner,時期,time,「ソロモン王」が主に活動したのはいつ？,前10世紀頃,前10世紀頃,,,,世界史の窓（章節別用語リスト）,https://www.y-history.net/appendix/appendix-list.html
世界史段階別デッキ｜Deck 3｜主要王朝・人物・制度の穴埋め400語,WH-000817,817,Deck 3｜標準,人物,ソロモン王,そろもんおう,,古代,西アジア,イスラエル王国・エルサレム,前10世紀頃,-960,WH-000817-B03,beginner,内容,content,「ソロモン王」について、建てた宗教施設は？,エルサレム神殿,エルサレム神殿,,,,世界史の窓（章節別用語リスト）,https://www.y-history.net/appendix/appendix-list.html
世界史段階別デッキ｜Deck 3｜主要王朝・人物・制度の穴埋め400語,WH-000817,817,Deck 3｜標準,人物,ソロモン王,そろもんおう,,古代,西アジア,イスラエル王国・エルサレム,前10世紀頃,-960,WH-000817-R01,reverse,複合説明,reverse,何をした？,イスラエル王国・エルサレムを主な舞台に、**ソロモン王**は、ダヴィデ王の子として**イスラエル王国**を治め、交易を発展させて最盛期を築き、**エルサレム神殿**を建設した。死後、重い負担への反発から王国は南北に分裂した。,ソロモン王|イスラエル王国|エルサレム神殿,,,,世界史の窓（章節別用語リスト）,https://www.y-history.net/appendix/appendix-list.html
世界史段階別デッキ｜Deck 3｜主要王朝・人物・制度の穴埋め400語,WH-000817,817,Deck 3｜標準,人物,ソロモン王,そろもんおう,,古代,西アジア,イスラエル王国・エルサレム,前10世紀頃,-960,WH-000817-R02,reverse,時期,time,「ソロモン王」が主に活動したのはいつ？,**前10世紀頃**,前10世紀頃,,,,世界史の窓（章節別用語リスト）,https://www.y-history.net/appendix/appendix-list.html
世界史段階別デッキ｜Deck 3｜主要王朝・人物・制度の穴埋め400語,WH-000817,817,Deck 3｜標準,人物,ソロモン王,そろもんおう,,古代,西アジア,イスラエル王国・エルサレム,前10世紀頃,-960,WH-000817-I01,integrated,統合説明,integrated,「ソロモン王」について説明せよ。,**前10世紀頃**、イスラエル王国・エルサレムを主な舞台に、**ソロモン王**は、ダヴィデ王の子として**イスラエル王国**を治め、交易を発展させて最盛期を築き、**エルサレム神殿**を建設した。死後、重い負担への反発から王国は南北に分裂した。,ソロモン王|前10世紀頃|イスラエル王国|エルサレム神殿,,,,世界史の窓（章節別用語リスト）,https://www.y-history.net/appendix/appendix-list.html
世界史段階別デッキ｜Deck 3｜主要王朝・人物・制度の穴埋め400語,WH-000816,816,Deck 3｜標準,国家・王朝,ユダ王国,ゆだおうこく,南王国,古代,西アジア,パレスチナ南部・エルサレム,前922年頃〜前586年,-922,WH-000816-B01,beginner,用語の特定,identify,イスラエル王国の分裂後に南部へ成立し、新バビロニアに滅ぼされた王国は？,ユダ王国,ユダ王国,南王国,,,世界史の窓（章節別用語リスト）,https://www.y-history.net/appendix/appendix-list.html
世界史段階別デッキ｜Deck 3｜主要王朝・人物・制度の穴埋め400語,WH-000816,816,Deck 3｜標準,国家・王朝,ユダ王国,ゆだおうこく,南王国,古代,西アジア,パレスチナ南部・エルサレム,前922年頃〜前586年,-922,WH-000816-B02,beginner,時期,time,「ユダ王国」が存在したのはいつ？,前922年頃〜前586年,前922年頃〜前586年,,,,世界史の窓（章節別用語リスト）,https://www.y-history.net/appendix/appendix-list.html
世界史段階別デッキ｜Deck 3｜主要王朝・人物・制度の穴埋め400語,WH-000816,816,Deck 3｜標準,国家・王朝,ユダ王国,ゆだおうこく,南王国,古代,西アジア,パレスチナ南部・エルサレム,前922年頃〜前586年,-922,WH-000816-B03,beginner,内容,content,「ユダ王国」について、滅ぼした国は？,新バビロニア王国,新バビロニア王国,,,,世界史の窓（章節別用語リスト）,https://www.y-history.net/appendix/appendix-list.html
世界史段階別デッキ｜Deck 3｜主要王朝・人物・制度の穴埋め400語,WH-000816,816,Deck 3｜標準,国家・王朝,ユダ王国,ゆだおうこく,南王国,古代,西アジア,パレスチナ南部・エルサレム,前922年頃〜前586年,-922,WH-000816-R01,reverse,複合説明,reverse,何をした？,パレスチナ南部・エルサレムを主な舞台に、**ユダ王国**は、統一イスラエル王国の分裂後、エルサレムを中心に成立した南王国である。前586年に**新バビロニア王国**のネブカドネザル2世に滅ぼされ、多くの住民が**バビロン捕囚**にされた。,ユダ王国|新バビロニア王国|バビロン捕囚,,,,世界史の窓（章節別用語リスト）,https://www.y-history.net/appendix/appendix-list.html
世界史段階別デッキ｜Deck 3｜主要王朝・人物・制度の穴埋め400語,WH-000816,816,Deck 3｜標準,国家・王朝,ユダ王国,ゆだおうこく,南王国,古代,西アジア,パレスチナ南部・エルサレム,前922年頃〜前586年,-922,WH-000816-R02,reverse,時期,time,「ユダ王国」が存在したのはいつ？,**前922年頃〜前586年**,前922年頃〜前586年,,,,世界史の窓（章節別用語リスト）,https://www.y-history.net/appendix/appendix-list.html
世界史段階別デッキ｜Deck 3｜主要王朝・人物・制度の穴埋め400語,WH-000816,816,Deck 3｜標準,国家・王朝,ユダ王国,ゆだおうこく,南王国,古代,西アジア,パレスチナ南部・エルサレム,前922年頃〜前586年,-922,WH-000816-I01,integrated,統合説明,integrated,「ユダ王国」について説明せよ。,**前922年頃〜前586年**、パレスチナ南部・エルサレムを主な舞台に、**ユダ王国**は、統一イスラエル王国の分裂後、エルサレムを中心に成立した南王国である。前586年に**新バビロニア王国**のネブカドネザル2世に滅ぼされ、多くの住民が**バビロン捕囚**にされた。,ユダ王国|前922年頃〜前586年|新バビロニア王国|バビロン捕囚,,,,世界史の窓（章節別用語リスト）,https://www.y-history.net/appendix/appendix-list.html
世界史段階別デッキ｜Deck 3｜主要王朝・人物・制度の穴埋め400語,WH-000821,821,Deck 3｜標準,人物,ホメロス,ほめろす,,古代,ヨーロッパ,古代ギリシア・エーゲ海世界,前8世紀頃,-750,WH-000821-B01,beginner,用語の特定,identify,『イリアス』と『オデュッセイア』の作者と伝えられる古代ギリシアの詩人は？,ホメロス,ホメロス,,,,世界史の窓（章節別用語リスト）,https://www.y-history.net/appendix/appendix-list.html
世界史段階別デッキ｜Deck 3｜主要王朝・人物・制度の穴埋め400語,WH-000821,821,Deck 3｜標準,人物,ホメロス,ほめろす,,古代,ヨーロッパ,古代ギリシア・エーゲ海世界,前8世紀頃,-750,WH-000821-B02,beginner,時期,time,「ホメロス」が主に活動したのはいつ？,前8世紀頃,前8世紀頃,,,,世界史の窓（章節別用語リスト）,https://www.y-history.net/appendix/appendix-list.html
世界史段階別デッキ｜Deck 3｜主要王朝・人物・制度の穴埋め400語,WH-000821,821,Deck 3｜標準,人物,ホメロス,ほめろす,,古代,ヨーロッパ,古代ギリシア・エーゲ海世界,前8世紀頃,-750,WH-000821-B03,beginner,内容,content,「ホメロス」について、代表作は？,『イリアス』と『オデュッセイア』,イリアスとオデュッセイア,,,,世界史の窓（章節別用語リスト）,https://www.y-history.net/appendix/appendix-list.html
世界史段階別デッキ｜Deck 3｜主要王朝・人物・制度の穴埋め400語,WH-000821,821,Deck 3｜標準,人物,ホメロス,ほめろす,,古代,ヨーロッパ,古代ギリシア・エーゲ海世界,前8世紀頃,-750,WH-000821-R01,reverse,複合説明,reverse,何をした？,古代ギリシア・エーゲ海世界を主な舞台に、**ホメロス**は、古代ギリシアの叙事詩人と伝えられ、トロイア戦争を描く**『イリアス』**と、英雄オデュッセウスの帰郷を描く**『オデュッセイア』**に結び付けられる。ギリシア人の共通文化形成に影響した。,ホメロス|イリアス|オデュッセイア,,,,世界史の窓（章節別用語リスト）,https://www.y-history.net/appendix/appendix-list.html
世界史段階別デッキ｜Deck 3｜主要王朝・人物・制度の穴埋め400語,WH-000821,821,Deck 3｜標準,人物,ホメロス,ほめろす,,古代,ヨーロッパ,古代ギリシア・エーゲ海世界,前8世紀頃,-750,WH-000821-R02,reverse,時期,time,「ホメロス」が主に活動したのはいつ？,**前8世紀頃**,前8世紀頃,,,,世界史の窓（章節別用語リスト）,https://www.y-history.net/appendix/appendix-list.html
世界史段階別デッキ｜Deck 3｜主要王朝・人物・制度の穴埋め400語,WH-000821,821,Deck 3｜標準,人物,ホメロス,ほめろす,,古代,ヨーロッパ,古代ギリシア・エーゲ海世界,前8世紀頃,-750,WH-000821-I01,integrated,統合説明,integrated,「ホメロス」について説明せよ。,**前8世紀頃**、古代ギリシア・エーゲ海世界を主な舞台に、**ホメロス**は、古代ギリシアの叙事詩人と伝えられ、トロイア戦争を描く**『イリアス』**と、英雄オデュッセウスの帰郷を描く**『オデュッセイア』**に結び付けられる。ギリシア人の共通文化形成に影響した。,ホメロス|前8世紀頃|イリアス|オデュッセイア,,,,世界史の窓（章節別用語リスト）,https://www.y-history.net/appendix/appendix-list.html
世界史段階別デッキ｜Deck 3｜主要王朝・人物・制度の穴埋め400語,WH-000822,822,Deck 3｜標準,文書・作品,イリアス,いりあす,,古代,ヨーロッパ,古代ギリシア・トロイア周辺,前8世紀頃,-750,WH-000822-B01,beginner,用語の特定,identify,トロイア戦争末期のアキレウスの怒りを中心に描いた、ホメロス作とされる叙事詩は？,イリアス,イリアス,,,,世界史の窓（章節別用語リスト）,https://www.y-history.net/appendix/appendix-list.html
世界史段階別デッキ｜Deck 3｜主要王朝・人物・制度の穴埋め400語,WH-000822,822,Deck 3｜標準,文書・作品,イリアス,いりあす,,古代,ヨーロッパ,古代ギリシア・トロイア周辺,前8世紀頃,-750,WH-000822-B02,beginner,時期,time,「イリアス」が成立・発表されたのはいつ？,前8世紀頃,前8世紀頃,,,,世界史の窓（章節別用語リスト）,https://www.y-history.net/appendix/appendix-list.html
世界史段階別デッキ｜Deck 3｜主要王朝・人物・制度の穴埋め400語,WH-000822,822,Deck 3｜標準,文書・作品,イリアス,いりあす,,古代,ヨーロッパ,古代ギリシア・トロイア周辺,前8世紀頃,-750,WH-000822-B03,beginner,中心人物,person,「イリアス」について、中心人物は？,アキレウス,アキレウス,,,,世界史の窓（章節別用語リスト）,https://www.y-history.net/appendix/appendix-list.html
世界史段階別デッキ｜Deck 3｜主要王朝・人物・制度の穴埋め400語,WH-000822,822,Deck 3｜標準,文書・作品,イリアス,いりあす,,古代,ヨーロッパ,古代ギリシア・トロイア周辺,前8世紀頃,-750,WH-000822-R01,reverse,複合説明,reverse,何が書かれている？,古代ギリシア・トロイア周辺を主な舞台に、**イリアス**は、**ホメロス**作とされる古代ギリシアの叙事詩で、トロイア戦争末期の英雄**アキレウス**の怒りと戦いを描く。ギリシア神話と英雄観を伝える重要作品となった。,イリアス|ホメロス|アキレウス,,,,世界史の窓（章節別用語リスト）,https://www.y-history.net/appendix/appendix-list.html
世界史段階別デッキ｜Deck 3｜主要王朝・人物・制度の穴埋め400語,WH-000822,822,Deck 3｜標準,文書・作品,イリアス,いりあす,,古代,ヨーロッパ,古代ギリシア・トロイア周辺,前8世紀頃,-750,WH-000822-R02,reverse,時期,time,「イリアス」が成立・発表されたのはいつ？,**前8世紀頃**,前8世紀頃,,,,世界史の窓（章節別用語リスト）,https://www.y-history.net/appendix/appendix-list.html
世界史段階別デッキ｜Deck 3｜主要王朝・人物・制度の穴埋め400語,WH-000822,822,Deck 3｜標準,文書・作品,イリアス,いりあす,,古代,ヨーロッパ,古代ギリシア・トロイア周辺,前8世紀頃,-750,WH-000822-I01,integrated,統合説明,integrated,「イリアス」について説明せよ。,**前8世紀頃**、古代ギリシア・トロイア周辺を主な舞台に、**イリアス**は、**ホメロス**作とされる古代ギリシアの叙事詩で、トロイア戦争末期の英雄**アキレウス**の怒りと戦いを描く。ギリシア神話と英雄観を伝える重要作品となった。,イリアス|前8世紀頃|ホメロス|アキレウス,,,,世界史の窓（章節別用語リスト）,https://www.y-history.net/appendix/appendix-list.html
世界史段階別デッキ｜Deck 3｜主要王朝・人物・制度の穴埋め400語,WH-000823,823,Deck 3｜標準,文書・作品,オデュッセイア,おでゅっせいあ,,古代,ヨーロッパ,古代ギリシア・地中海世界,前8世紀頃,-750,WH-000823-B01,beginner,用語の特定,identify,トロイア戦争後の英雄オデュッセウスの長い帰郷を描いた叙事詩は？,オデュッセイア,オデュッセイア,,,,世界史の窓（章節別用語リスト）,https://www.y-history.net/appendix/appendix-list.html
世界史段階別デッキ｜Deck 3｜主要王朝・人物・制度の穴埋め400語,WH-000823,823,Deck 3｜標準,文書・作品,オデュッセイア,おでゅっせいあ,,古代,ヨーロッパ,古代ギリシア・地中海世界,前8世紀頃,-750,WH-000823-B02,beginner,時期,time,「オデュッセイア」が成立・発表されたのはいつ？,前8世紀頃,前8世紀頃,,,,世界史の窓（章節別用語リスト）,https://www.y-history.net/appendix/appendix-list.html
世界史段階別デッキ｜Deck 3｜主要王朝・人物・制度の穴埋め400語,WH-000823,823,Deck 3｜標準,文書・作品,オデュッセイア,おでゅっせいあ,,古代,ヨーロッパ,古代ギリシア・地中海世界,前8世紀頃,-750,WH-000823-B03,beginner,内容,content,「オデュッセイア」について、主人公は？,オデュッセウス,オデュッセウス,,,,世界史の窓（章節別用語リスト）,https://www.y-history.net/appendix/appendix-list.html
世界史段階別デッキ｜Deck 3｜主要王朝・人物・制度の穴埋め400語,WH-000823,823,Deck 3｜標準,文書・作品,オデュッセイア,おでゅっせいあ,,古代,ヨーロッパ,古代ギリシア・地中海世界,前8世紀頃,-750,WH-000823-R01,reverse,複合説明,reverse,何が書かれている？,古代ギリシア・地中海世界を主な舞台に、**オデュッセイア**は、**ホメロス**作とされ、トロイア戦争後に英雄**オデュッセウス**が故郷イタケへ戻るまでの冒険を描いた古代ギリシアの叙事詩である。『イリアス』と並ぶギリシア文学の基礎となった。,オデュッセイア|ホメロス|オデュッセウス,,,,世界史の窓（章節別用語リスト）,https://www.y-history.net/appendix/appendix-list.html
世界史段階別デッキ｜Deck 3｜主要王朝・人物・制度の穴埋め400語,WH-000823,823,Deck 3｜標準,文書・作品,オデュッセイア,おでゅっせいあ,,古代,ヨーロッパ,古代ギリシア・地中海世界,前8世紀頃,-750,WH-000823-R02,reverse,時期,time,「オデュッセイア」が成立・発表されたのはいつ？,**前8世紀頃**,前8世紀頃,,,,世界史の窓（章節別用語リスト）,https://www.y-history.net/appendix/appendix-list.html
世界史段階別デッキ｜Deck 3｜主要王朝・人物・制度の穴埋め400語,WH-000823,823,Deck 3｜標準,文書・作品,オデュッセイア,おでゅっせいあ,,古代,ヨーロッパ,古代ギリシア・地中海世界,前8世紀頃,-750,WH-000823-I01,integrated,統合説明,integrated,「オデュッセイア」について説明せよ。,**前8世紀頃**、古代ギリシア・地中海世界を主な舞台に、**オデュッセイア**は、**ホメロス**作とされ、トロイア戦争後に英雄**オデュッセウス**が故郷イタケへ戻るまでの冒険を描いた古代ギリシアの叙事詩である。『イリアス』と並ぶギリシア文学の基礎となった。,オデュッセイア|前8世紀頃|ホメロス|オデュッセウス,,,,世界史の窓（章節別用語リスト）,https://www.y-history.net/appendix/appendix-list.html
世界史段階別デッキ｜Deck 3｜主要王朝・人物・制度の穴埋め400語,WH-000813,813,Deck 3｜標準,人物,キュロス2世,きゅろすにせい,キュロス大王,古代,西アジア,イラン高原からメソポタミア・小アジア,前559〜前530年在位,-559,WH-000813-B01,beginner,用語の特定,identify,メディア・リディア・新バビロニアを征服してアケメネス朝の大帝国を築いた王は？,キュロス2世,キュロス2世,キュロス大王,,,世界史の窓（章節別用語リスト）,https://www.y-history.net/appendix/appendix-list.html
世界史段階別デッキ｜Deck 3｜主要王朝・人物・制度の穴埋め400語,WH-000813,813,Deck 3｜標準,人物,キュロス2世,きゅろすにせい,キュロス大王,古代,西アジア,イラン高原からメソポタミア・小アジア,前559〜前530年在位,-559,WH-000813-B02,beginner,時期,time,「キュロス2世」が主に活動したのはいつ？,前559〜前530年在位,前559〜前530年在位,,,,世界史の窓（章節別用語リスト）,https://www.y-history.net/appendix/appendix-list.html
世界史段階別デッキ｜Deck 3｜主要王朝・人物・制度の穴埋め400語,WH-000813,813,Deck 3｜標準,人物,キュロス2世,きゅろすにせい,キュロス大王,古代,西アジア,イラン高原からメソポタミア・小アジア,前559〜前530年在位,-559,WH-000813-B03,beginner,関連,relation,「キュロス2世」について、建てた王朝は？,アケメネス朝,アケメネス朝,,,,世界史の窓（章節別用語リスト）,https://www.y-history.net/appendix/appendix-list.html
世界史段階別デッキ｜Deck 3｜主要王朝・人物・制度の穴埋め400語,WH-000813,813,Deck 3｜標準,人物,キュロス2世,きゅろすにせい,キュロス大王,古代,西アジア,イラン高原からメソポタミア・小アジア,前559〜前530年在位,-559,WH-000813-R01,reverse,複合説明,reverse,何をした？,イラン高原からメソポタミア・小アジアを主な舞台に、**キュロス2世**は、**アケメネス朝**を建国し、メディア・リディア・**新バビロニア王国**を征服して西アジアの大帝国を築いた。征服民の宗教や慣習に比較的寛容な支配を行った。,キュロス2世|アケメネス朝|新バビロニア王国,,,,世界史の窓（章節別用語リスト）,https://www.y-history.net/appendix/appendix-list.html
世界史段階別デッキ｜Deck 3｜主要王朝・人物・制度の穴埋め400語,WH-000813,813,Deck 3｜標準,人物,キュロス2世,きゅろすにせい,キュロス大王,古代,西アジア,イラン高原からメソポタミア・小アジア,前559〜前530年在位,-559,WH-000813-R02,reverse,時期,time,「キュロス2世」が主に活動したのはいつ？,**前559〜前530年在位**,前559〜前530年在位,,,,世界史の窓（章節別用語リスト）,https://www.y-history.net/appendix/appendix-list.html
世界史段階別デッキ｜Deck 3｜主要王朝・人物・制度の穴埋め400語,WH-000813,813,Deck 3｜標準,人物,キュロス2世,きゅろすにせい,キュロス大王,古代,西アジア,イラン高原からメソポタミア・小アジア,前559〜前530年在位,-559,WH-000813-I01,integrated,統合説明,integrated,「キュロス2世」について説明せよ。,**前559〜前530年在位**、イラン高原からメソポタミア・小アジアを主な舞台に、**キュロス2世**は、**アケメネス朝**を建国し、メディア・リディア・**新バビロニア王国**を征服して西アジアの大帝国を築いた。征服民の宗教や慣習に比較的寛容な支配を行った。,キュロス2世|前559〜前530年在位|アケメネス朝|新バビロニア王国,,,,世界史の窓（章節別用語リスト）,https://www.y-history.net/appendix/appendix-list.html
世界史段階別デッキ｜Deck 3｜主要王朝・人物・制度の穴埋め400語,WH-000807,807,Deck 3｜標準,人物,老子,ろうし,,古代,東アジア,春秋時代の中国,伝承上は前6世紀頃,-550,WH-000807-B01,beginner,用語の特定,identify,無為自然を説いたとされ、『道徳経』に結び付けられる道家(どうか)の思想家は？,老子(ろうし),老子,,,,世界史の窓（章節別用語リスト）,https://www.y-history.net/appendix/appendix-list.html
世界史段階別デッキ｜Deck 3｜主要王朝・人物・制度の穴埋め400語,WH-000807,807,Deck 3｜標準,人物,老子,ろうし,,古代,東アジア,春秋時代の中国,伝承上は前6世紀頃,-550,WH-000807-B02,beginner,時期,time,「老子(ろうし)」が主に活動したのはいつ？,伝承上は前6世紀頃,伝承上は前6世紀頃,,,,世界史の窓（章節別用語リスト）,https://www.y-history.net/appendix/appendix-list.html
世界史段階別デッキ｜Deck 3｜主要王朝・人物・制度の穴埋め400語,WH-000807,807,Deck 3｜標準,人物,老子,ろうし,,古代,東アジア,春秋時代の中国,伝承上は前6世紀頃,-550,WH-000807-B03,beginner,内容,content,「老子(ろうし)」について、中心概念は？,無為自然,無為自然,,,,世界史の窓（章節別用語リスト）,https://www.y-history.net/appendix/appendix-list.html
世界史段階別デッキ｜Deck 3｜主要王朝・人物・制度の穴埋め400語,WH-000807,807,Deck 3｜標準,人物,老子,ろうし,,古代,東アジア,春秋時代の中国,伝承上は前6世紀頃,-550,WH-000807-R01,reverse,複合説明,reverse,何をした？,春秋時代の中国を主な舞台に、**老子(ろうし)**は、伝承上、**『道徳経』**の思想家とされ、人工的な作為を避けて「道」に従う**無為自然**を説いた。後の**道家(どうか)**・道教思想の源流となった。,老子|道徳経|無為自然|道家,,,,世界史の窓（章節別用語リスト）,https://www.y-history.net/appendix/appendix-list.html
世界史段階別デッキ｜Deck 3｜主要王朝・人物・制度の穴埋め400語,WH-000807,807,Deck 3｜標準,人物,老子,ろうし,,古代,東アジア,春秋時代の中国,伝承上は前6世紀頃,-550,WH-000807-R02,reverse,時期,time,「老子(ろうし)」が主に活動したのはいつ？,**伝承上は前6世紀頃**,伝承上は前6世紀頃,,,,世界史の窓（章節別用語リスト）,https://www.y-history.net/appendix/appendix-list.html
世界史段階別デッキ｜Deck 3｜主要王朝・人物・制度の穴埋め400語,WH-000807,807,Deck 3｜標準,人物,老子,ろうし,,古代,東アジア,春秋時代の中国,伝承上は前6世紀頃,-550,WH-000807-I01,integrated,統合説明,integrated,「老子(ろうし)」について説明せよ。,**伝承上は前6世紀頃**、春秋時代の中国を主な舞台に、**老子(ろうし)**は、伝承上、**『道徳経』**の思想家とされ、人工的な作為を避けて「道」に従う**無為自然**を説いた。後の**道家(どうか)**・道教思想の源流となった。,老子|伝承上は前6世紀頃|道徳経|無為自然|道家,,,,世界史の窓（章節別用語リスト）,https://www.y-history.net/appendix/appendix-list.html
世界史段階別デッキ｜Deck 3｜主要王朝・人物・制度の穴埋め400語,WH-000831,831,Deck 3｜標準,制度・政策・法律,執政官,しっせいかん,コンスル,古代,ヨーロッパ,ローマ共和政のイタリア・地中海世界,前509年以後,-509,WH-000831-B01,beginner,用語の特定,identify,ローマ共和政で毎年2名選ばれ、最高行政権と軍事指揮権を持った官職は？,執政官,執政官,コンスル,,,世界史の窓（章節別用語リスト）,https://www.y-history.net/appendix/appendix-list.html
世界史段階別デッキ｜Deck 3｜主要王朝・人物・制度の穴埋め400語,WH-000831,831,Deck 3｜標準,制度・政策・法律,執政官,しっせいかん,コンスル,古代,ヨーロッパ,ローマ共和政のイタリア・地中海世界,前509年以後,-509,WH-000831-B02,beginner,時期,time,「執政官」が実施・整備されたのはいつ？,前509年以後,前509年以後,,,,世界史の窓（章節別用語リスト）,https://www.y-history.net/appendix/appendix-list.html
世界史段階別デッキ｜Deck 3｜主要王朝・人物・制度の穴埋め400語,WH-000831,831,Deck 3｜標準,制度・政策・法律,執政官,しっせいかん,コンスル,古代,ヨーロッパ,ローマ共和政のイタリア・地中海世界,前509年以後,-509,WH-000831-B03,beginner,内容,content,「執政官」について、通常何名置かれた？,2名,2名,,,,世界史の窓（章節別用語リスト）,https://www.y-history.net/appendix/appendix-list.html
世界史段階別デッキ｜Deck 3｜主要王朝・人物・制度の穴埋め400語,WH-000831,831,Deck 3｜標準,制度・政策・法律,執政官,しっせいかん,コンスル,古代,ヨーロッパ,ローマ共和政のイタリア・地中海世界,前509年以後,-509,WH-000831-R01,reverse,複合説明,reverse,どんな制度・政策・法律？,ローマ共和政のイタリア・地中海世界を主な舞台に、**執政官**は、ローマ共和政の最高官職で、通常は毎年**2名**が選出され、行政と軍の指揮を担当した。任期と複数制によって一人への権力集中を防ぎ、非常時には独裁官が置かれた。,執政官|2名,,,,世界史の窓（章節別用語リスト）,https://www.y-history.net/appendix/appendix-list.html
世界史段階別デッキ｜Deck 3｜主要王朝・人物・制度の穴埋め400語,WH-000831,831,Deck 3｜標準,制度・政策・法律,執政官,しっせいかん,コンスル,古代,ヨーロッパ,ローマ共和政のイタリア・地中海世界,前509年以後,-509,WH-000831-R02,reverse,時期,time,「執政官」が実施・整備されたのはいつ？,**前509年以後**,前509年以後,,,,世界史の窓（章節別用語リスト）,https://www.y-history.net/appendix/appendix-list.html
世界史段階別デッキ｜Deck 3｜主要王朝・人物・制度の穴埋め400語,WH-000831,831,Deck 3｜標準,制度・政策・法律,執政官,しっせいかん,コンスル,古代,ヨーロッパ,ローマ共和政のイタリア・地中海世界,前509年以後,-509,WH-000831-I01,integrated,統合説明,integrated,「執政官」について説明せよ。,**前509年以後**、ローマ共和政のイタリア・地中海世界を主な舞台に、**執政官**は、ローマ共和政の最高官職で、通常は毎年**2名**が選出され、行政と軍の指揮を担当した。任期と複数制によって一人への権力集中を防ぎ、非常時には独裁官が置かれた。,執政官|前509年以後|2名,,,,世界史の窓（章節別用語リスト）,https://www.y-history.net/appendix/appendix-list.html
世界史段階別デッキ｜Deck 3｜主要王朝・人物・制度の穴埋め400語,WH-000808,808,Deck 3｜標準,思想・主義,道家,どうか,,古代,東アジア,春秋・戦国時代の中国,前6〜前3世紀,-500,WH-000808-B01,beginner,用語の特定,identify,老子(ろうし)や荘子(そうし)に代表され、無為自然を重んじた諸子百家(しょしひゃっか)の一派は？,道家(どうか),道家,,,,世界史の窓（章節別用語リスト）,https://www.y-history.net/appendix/appendix-list.html
世界史段階別デッキ｜Deck 3｜主要王朝・人物・制度の穴埋め400語,WH-000808,808,Deck 3｜標準,思想・主義,道家,どうか,,古代,東アジア,春秋・戦国時代の中国,前6〜前3世紀,-500,WH-000808-B02,beginner,時期,time,「道家(どうか)」が成立・広がったのはいつ？,前6〜前3世紀,前6〜前3世紀,,,,世界史の窓（章節別用語リスト）,https://www.y-history.net/appendix/appendix-list.html
世界史段階別デッキ｜Deck 3｜主要王朝・人物・制度の穴埋め400語,WH-000808,808,Deck 3｜標準,思想・主義,道家,どうか,,古代,東アジア,春秋・戦国時代の中国,前6〜前3世紀,-500,WH-000808-B03,beginner,内容,content,「道家(どうか)」について、代表者は？,老子(ろうし)・荘子(そうし),老子・荘子,,,,世界史の窓（章節別用語リスト）,https://www.y-history.net/appendix/appendix-list.html
世界史段階別デッキ｜Deck 3｜主要王朝・人物・制度の穴埋め400語,WH-000808,808,Deck 3｜標準,思想・主義,道家,どうか,,古代,東アジア,春秋・戦国時代の中国,前6〜前3世紀,-500,WH-000808-R01,reverse,複合説明,reverse,どんな考え？,春秋・戦国時代(しゅんじゅう・せんごくじだい)の中国を主な舞台に、**道家(どうか)**は、**老子(ろうし)**・**荘子(そうし)**に代表され、万物の根源である「道」に従い、作為を避ける**無為自然**を重視した。儒家(じゅか)の礼(れい)や政治的規範を相対化し、後の道教にも影響した。,道家|老子|荘子|無為自然,,,,世界史の窓（章節別用語リスト）,https://www.y-history.net/appendix/appendix-list.html
世界史段階別デッキ｜Deck 3｜主要王朝・人物・制度の穴埋め400語,WH-000808,808,Deck 3｜標準,思想・主義,道家,どうか,,古代,東アジア,春秋・戦国時代の中国,前6〜前3世紀,-500,WH-000808-R02,reverse,時期,time,「道家(どうか)」が成立・広がったのはいつ？,**前6〜前3世紀**,前6〜前3世紀,,,,世界史の窓（章節別用語リスト）,https://www.y-history.net/appendix/appendix-list.html
世界史段階別デッキ｜Deck 3｜主要王朝・人物・制度の穴埋め400語,WH-000808,808,Deck 3｜標準,思想・主義,道家,どうか,,古代,東アジア,春秋・戦国時代の中国,前6〜前3世紀,-500,WH-000808-I01,integrated,統合説明,integrated,「道家(どうか)」について説明せよ。,**前6〜前3世紀**、春秋・戦国時代(しゅんじゅう・せんごくじだい)の中国を主な舞台に、**道家(どうか)**は、**老子(ろうし)**・**荘子(そうし)**に代表され、万物の根源である「道」に従い、作為を避ける**無為自然**を重視した。儒家(じゅか)の礼(れい)や政治的規範を相対化し、後の道教にも影響した。,道家|前6〜前3世紀|老子|荘子|無為自然,,,,世界史の窓（章節別用語リスト）,https://www.y-history.net/appendix/appendix-list.html
世界史段階別デッキ｜Deck 3｜主要王朝・人物・制度の穴埋め400語,WH-000825,825,Deck 3｜標準,戦争,マラトンの戦い,まらとんのたたかい,,古代,ヨーロッパ,ギリシアのアッティカ地方・マラトン,前490年,-490,WH-000825-B01,beginner,用語の特定,identify,ペルシア戦争初期にアテネの重装歩兵がダレイオス1世の遠征軍を破った戦いは？,マラトンの戦い,マラトンの戦い,,,,世界史の窓（章節別用語リスト）,https://www.y-history.net/appendix/appendix-list.html
世界史段階別デッキ｜Deck 3｜主要王朝・人物・制度の穴埋め400語,WH-000825,825,Deck 3｜標準,戦争,マラトンの戦い,まらとんのたたかい,,古代,ヨーロッパ,ギリシアのアッティカ地方・マラトン,前490年,-490,WH-000825-B02,beginner,時期,time,「マラトンの戦い」が戦われたのはいつ？,前490年,前490年,,,前490年：「至急、お」(前490)知らせ、マラトンの戦い,世界史の窓（章節別用語リスト）,https://www.y-history.net/appendix/appendix-list.html
世界史段階別デッキ｜Deck 3｜主要王朝・人物・制度の穴埋め400語,WH-000825,825,Deck 3｜標準,戦争,マラトンの戦い,まらとんのたたかい,,古代,ヨーロッパ,ギリシアのアッティカ地方・マラトン,前490年,-490,WH-000825-B03,beginner,内容,content,「マラトンの戦い」について、勝利した中心ポリスは？,アテネ,アテネ,,,,世界史の窓（章節別用語リスト）,https://www.y-history.net/appendix/appendix-list.html
世界史段階別デッキ｜Deck 3｜主要王朝・人物・制度の穴埋め400語,WH-000825,825,Deck 3｜標準,戦争,マラトンの戦い,まらとんのたたかい,,古代,ヨーロッパ,ギリシアのアッティカ地方・マラトン,前490年,-490,WH-000825-R01,reverse,複合説明,reverse,何が起きた？,ギリシアのアッティカ地方・マラトンを主な舞台に、**マラトンの戦い**は、**ペルシア戦争**で、アテネを中心とするギリシア軍がダレイオス1世のペルシア遠征軍を破った。市民**重装歩兵**の力を示し、アテネの自信を高めた。,マラトンの戦い|ペルシア戦争|重装歩兵,,,,世界史の窓（章節別用語リスト）,https://www.y-history.net/appendix/appendix-list.html
世界史段階別デッキ｜Deck 3｜主要王朝・人物・制度の穴埋め400語,WH-000825,825,Deck 3｜標準,戦争,マラトンの戦い,まらとんのたたかい,,古代,ヨーロッパ,ギリシアのアッティカ地方・マラトン,前490年,-490,WH-000825-R02,reverse,時期,time,「マラトンの戦い」が戦われたのはいつ？,**前490年**,前490年,,,前490年：「至急、お」(前490)知らせ、マラトンの戦い,世界史の窓（章節別用語リスト）,https://www.y-history.net/appendix/appendix-list.html
世界史段階別デッキ｜Deck 3｜主要王朝・人物・制度の穴埋め400語,WH-000825,825,Deck 3｜標準,戦争,マラトンの戦い,まらとんのたたかい,,古代,ヨーロッパ,ギリシアのアッティカ地方・マラトン,前490年,-490,WH-000825-I01,integrated,統合説明,integrated,「マラトンの戦い」について説明せよ。,**前490年**、ギリシアのアッティカ地方・マラトンを主な舞台に、**マラトンの戦い**は、**ペルシア戦争**で、アテネを中心とするギリシア軍がダレイオス1世のペルシア遠征軍を破った。市民**重装歩兵**の力を示し、アテネの自信を高めた。,マラトンの戦い|前490年|ペルシア戦争|重装歩兵,,,前490年：「至急、お」(前490)知らせ、マラトンの戦い,世界史の窓（章節別用語リスト）,https://www.y-history.net/appendix/appendix-list.html
世界史段階別デッキ｜Deck 3｜主要王朝・人物・制度の穴埋め400語,WH-000827,827,Deck 3｜標準,人物,ヘロドトス,へろどとす,歴史の父,古代,ヨーロッパ,ギリシア世界・小アジア・エジプト,前5世紀,-484,WH-000827-B01,beginner,用語の特定,identify,ペルシア戦争を諸民族の習俗とともに記した『歴史』の著者は？,ヘロドトス,ヘロドトス,歴史の父,,,世界史の窓（章節別用語リスト）,https://www.y-history.net/appendix/appendix-list.html
世界史段階別デッキ｜Deck 3｜主要王朝・人物・制度の穴埋め400語,WH-000827,827,Deck 3｜標準,人物,ヘロドトス,へろどとす,歴史の父,古代,ヨーロッパ,ギリシア世界・小アジア・エジプト,前5世紀,-484,WH-000827-B02,beginner,時期,time,「ヘロドトス」が主に活動したのはいつ？,前5世紀,前5世紀,,,,世界史の窓（章節別用語リスト）,https://www.y-history.net/appendix/appendix-list.html
世界史段階別デッキ｜Deck 3｜主要王朝・人物・制度の穴埋め400語,WH-000827,827,Deck 3｜標準,人物,ヘロドトス,へろどとす,歴史の父,古代,ヨーロッパ,ギリシア世界・小アジア・エジプト,前5世紀,-484,WH-000827-B03,beginner,内容,content,「ヘロドトス」について、著作は？,『歴史』,歴史,,,,世界史の窓（章節別用語リスト）,https://www.y-history.net/appendix/appendix-list.html
世界史段階別デッキ｜Deck 3｜主要王朝・人物・制度の穴埋め400語,WH-000827,827,Deck 3｜標準,人物,ヘロドトス,へろどとす,歴史の父,古代,ヨーロッパ,ギリシア世界・小アジア・エジプト,前5世紀,-484,WH-000827-R01,reverse,複合説明,reverse,何をした？,ギリシア世界・小アジア・エジプトを主な舞台に、**ヘロドトス**は、ギリシアの歴史家で、各地を旅行し、**ペルシア戦争**の経過と諸民族の習俗を**『歴史』**にまとめた。後世に「歴史の父」と呼ばれた。,ヘロドトス|ペルシア戦争|歴史,,,,世界史の窓（章節別用語リスト）,https://www.y-history.net/appendix/appendix-list.html
世界史段階別デッキ｜Deck 3｜主要王朝・人物・制度の穴埋め400語,WH-000827,827,Deck 3｜標準,人物,ヘロドトス,へろどとす,歴史の父,古代,ヨーロッパ,ギリシア世界・小アジア・エジプト,前5世紀,-484,WH-000827-R02,reverse,時期,time,「ヘロドトス」が主に活動したのはいつ？,**前5世紀**,前5世紀,,,,世界史の窓（章節別用語リスト）,https://www.y-history.net/appendix/appendix-list.html
世界史段階別デッキ｜Deck 3｜主要王朝・人物・制度の穴埋め400語,WH-000827,827,Deck 3｜標準,人物,ヘロドトス,へろどとす,歴史の父,古代,ヨーロッパ,ギリシア世界・小アジア・エジプト,前5世紀,-484,WH-000827-I01,integrated,統合説明,integrated,「ヘロドトス」について説明せよ。,**前5世紀**、ギリシア世界・小アジア・エジプトを主な舞台に、**ヘロドトス**は、ギリシアの歴史家で、各地を旅行し、**ペルシア戦争**の経過と諸民族の習俗を**『歴史』**にまとめた。後世に「歴史の父」と呼ばれた。,ヘロドトス|前5世紀|ペルシア戦争|歴史,,,,世界史の窓（章節別用語リスト）,https://www.y-history.net/appendix/appendix-list.html
世界史段階別デッキ｜Deck 3｜主要王朝・人物・制度の穴埋め400語,WH-000824,824,Deck 3｜標準,戦争,サラミスの海戦,さらみすのかいせん,,古代,ヨーロッパ,ギリシア・サラミス島周辺の海域,前480年,-480,WH-000824-B01,beginner,用語の特定,identify,ペルシア戦争でアテネを中心とするギリシア艦隊がクセルクセス1世の大艦隊を破った海戦は？,サラミスの海戦,サラミスの海戦,,,,世界史の窓（章節別用語リスト）,https://www.y-history.net/appendix/appendix-list.html
世界史段階別デッキ｜Deck 3｜主要王朝・人物・制度の穴埋め400語,WH-000824,824,Deck 3｜標準,戦争,サラミスの海戦,さらみすのかいせん,,古代,ヨーロッパ,ギリシア・サラミス島周辺の海域,前480年,-480,WH-000824-B02,beginner,時期,time,「サラミスの海戦」が戦われたのはいつ？,前480年,前480年,,,前480年：「視野を」(前480)広げて、サラミスの海戦,世界史の窓（章節別用語リスト）,https://www.y-history.net/appendix/appendix-list.html
世界史段階別デッキ｜Deck 3｜主要王朝・人物・制度の穴埋め400語,WH-000824,824,Deck 3｜標準,戦争,サラミスの海戦,さらみすのかいせん,,古代,ヨーロッパ,ギリシア・サラミス島周辺の海域,前480年,-480,WH-000824-B03,beginner,内容,content,「サラミスの海戦」について、作戦を主導したアテネの政治家は？,テミストクレス,テミストクレス,,,,世界史の窓（章節別用語リスト）,https://www.y-history.net/appendix/appendix-list.html
世界史段階別デッキ｜Deck 3｜主要王朝・人物・制度の穴埋め400語,WH-000824,824,Deck 3｜標準,戦争,サラミスの海戦,さらみすのかいせん,,古代,ヨーロッパ,ギリシア・サラミス島周辺の海域,前480年,-480,WH-000824-R01,reverse,複合説明,reverse,何が起きた？,ギリシア・サラミス島周辺の海域を主な舞台に、**サラミスの海戦**は、**ペルシア戦争**中、**テミストクレス**の策で狭い海峡へ誘い込んだギリシア連合艦隊が、クセルクセス1世のペルシア艦隊を破った。ペルシア軍のギリシア征服を挫折させる転機となった。,サラミスの海戦|ペルシア戦争|テミストクレス,,,,世界史の窓（章節別用語リスト）,https://www.y-history.net/appendix/appendix-list.html
世界史段階別デッキ｜Deck 3｜主要王朝・人物・制度の穴埋め400語,WH-000824,824,Deck 3｜標準,戦争,サラミスの海戦,さらみすのかいせん,,古代,ヨーロッパ,ギリシア・サラミス島周辺の海域,前480年,-480,WH-000824-R02,reverse,時期,time,「サラミスの海戦」が戦われたのはいつ？,**前480年**,前480年,,,前480年：「視野を」(前480)広げて、サラミスの海戦,世界史の窓（章節別用語リスト）,https://www.y-history.net/appendix/appendix-list.html
世界史段階別デッキ｜Deck 3｜主要王朝・人物・制度の穴埋め400語,WH-000824,824,Deck 3｜標準,戦争,サラミスの海戦,さらみすのかいせん,,古代,ヨーロッパ,ギリシア・サラミス島周辺の海域,前480年,-480,WH-000824-I01,integrated,統合説明,integrated,「サラミスの海戦」について説明せよ。,**前480年**、ギリシア・サラミス島周辺の海域を主な舞台に、**サラミスの海戦**は、**ペルシア戦争**中、**テミストクレス**の策で狭い海峡へ誘い込んだギリシア連合艦隊が、クセルクセス1世のペルシア艦隊を破った。ペルシア軍のギリシア征服を挫折させる転機となった。,サラミスの海戦|前480年|ペルシア戦争|テミストクレス,,,前480年：「視野を」(前480)広げて、サラミスの海戦,世界史の窓（章節別用語リスト）,https://www.y-history.net/appendix/appendix-list.html
世界史段階別デッキ｜Deck 3｜主要王朝・人物・制度の穴埋め400語,WH-000828,828,Deck 3｜標準,人物,トゥキディデス,とぅきでぃです,,古代,ヨーロッパ,古代ギリシア・アテネ,前5世紀,-460,WH-000828-B01,beginner,用語の特定,identify,神話的説明を避け、ペロポネソス戦争を原因分析と証言批判によって記した歴史家は？,トゥキディデス,トゥキディデス,,,,世界史の窓（章節別用語リスト）,https://www.y-history.net/appendix/appendix-list.html
世界史段階別デッキ｜Deck 3｜主要王朝・人物・制度の穴埋め400語,WH-000828,828,Deck 3｜標準,人物,トゥキディデス,とぅきでぃです,,古代,ヨーロッパ,古代ギリシア・アテネ,前5世紀,-460,WH-000828-B02,beginner,時期,time,「トゥキディデス」が主に活動したのはいつ？,前5世紀,前5世紀,,,,世界史の窓（章節別用語リスト）,https://www.y-history.net/appendix/appendix-list.html
世界史段階別デッキ｜Deck 3｜主要王朝・人物・制度の穴埋め400語,WH-000828,828,Deck 3｜標準,人物,トゥキディデス,とぅきでぃです,,古代,ヨーロッパ,古代ギリシア・アテネ,前5世紀,-460,WH-000828-B03,beginner,関連,relation,「トゥキディデス」について、記録した戦争は？,ペロポネソス戦争,ペロポネソス戦争,,,,世界史の窓（章節別用語リスト）,https://www.y-history.net/appendix/appendix-list.html
世界史段階別デッキ｜Deck 3｜主要王朝・人物・制度の穴埋め400語,WH-000828,828,Deck 3｜標準,人物,トゥキディデス,とぅきでぃです,,古代,ヨーロッパ,古代ギリシア・アテネ,前5世紀,-460,WH-000828-R01,reverse,複合説明,reverse,何をした？,古代ギリシア・アテネを主な舞台に、**トゥキディデス**は、アテネの歴史家で、自らも関与した**ペロポネソス戦争**を、証言の検討と政治・軍事上の因果関係を重視して記述した。批判的歴史叙述の先駆者とされる。,トゥキディデス|ペロポネソス戦争,,,,世界史の窓（章節別用語リスト）,https://www.y-history.net/appendix/appendix-list.html
世界史段階別デッキ｜Deck 3｜主要王朝・人物・制度の穴埋め400語,WH-000828,828,Deck 3｜標準,人物,トゥキディデス,とぅきでぃです,,古代,ヨーロッパ,古代ギリシア・アテネ,前5世紀,-460,WH-000828-R02,reverse,時期,time,「トゥキディデス」が主に活動したのはいつ？,**前5世紀**,前5世紀,,,,世界史の窓（章節別用語リスト）,https://www.y-history.net/appendix/appendix-list.html
世界史段階別デッキ｜Deck 3｜主要王朝・人物・制度の穴埋め400語,WH-000828,828,Deck 3｜標準,人物,トゥキディデス,とぅきでぃです,,古代,ヨーロッパ,古代ギリシア・アテネ,前5世紀,-460,WH-000828-I01,integrated,統合説明,integrated,「トゥキディデス」について説明せよ。,**前5世紀**、古代ギリシア・アテネを主な舞台に、**トゥキディデス**は、アテネの歴史家で、自らも関与した**ペロポネソス戦争**を、証言の検討と政治・軍事上の因果関係を重視して記述した。批判的歴史叙述の先駆者とされる。,トゥキディデス|前5世紀|ペロポネソス戦争,,,,世界史の窓（章節別用語リスト）,https://www.y-history.net/appendix/appendix-list.html
世界史段階別デッキ｜Deck 3｜主要王朝・人物・制度の穴埋め400語,WH-000811,811,Deck 3｜標準,人物,墨子,ぼくし,,古代,東アジア,戦国時代の中国,前5〜前4世紀,-450,WH-000811-B01,beginner,用語の特定,identify,身分を超えた兼愛と侵略戦争への反対を説いた諸子百家(しょしひゃっか)の思想家は？,墨子,墨子,,,,世界史の窓（章節別用語リスト）,https://www.y-history.net/appendix/appendix-list.html
世界史段階別デッキ｜Deck 3｜主要王朝・人物・制度の穴埋め400語,WH-000811,811,Deck 3｜標準,人物,墨子,ぼくし,,古代,東アジア,戦国時代の中国,前5〜前4世紀,-450,WH-000811-B02,beginner,時期,time,「墨子」が主に活動したのはいつ？,前5〜前4世紀,前5〜前4世紀,,,,世界史の窓（章節別用語リスト）,https://www.y-history.net/appendix/appendix-list.html
世界史段階別デッキ｜Deck 3｜主要王朝・人物・制度の穴埋め400語,WH-000811,811,Deck 3｜標準,人物,墨子,ぼくし,,古代,東アジア,戦国時代の中国,前5〜前4世紀,-450,WH-000811-B03,beginner,内容,content,「墨子」について、中心思想は？,兼愛・非攻,兼愛・非攻,,,,世界史の窓（章節別用語リスト）,https://www.y-history.net/appendix/appendix-list.html
世界史段階別デッキ｜Deck 3｜主要王朝・人物・制度の穴埋め400語,WH-000811,811,Deck 3｜標準,人物,墨子,ぼくし,,古代,東アジア,戦国時代の中国,前5〜前4世紀,-450,WH-000811-R01,reverse,複合説明,reverse,何をした？,戦国時代の中国を主な舞台に、**墨子**は、差別のない相互愛である**兼愛**と、侵略戦争を否定する**非攻**を説いた。儒家(じゅか)の礼楽や血縁中心の秩序を批判し、実利と節約を重んじた。,墨子|兼愛|非攻,,,,世界史の窓（章節別用語リスト）,https://www.y-history.net/appendix/appendix-list.html
世界史段階別デッキ｜Deck 3｜主要王朝・人物・制度の穴埋め400語,WH-000811,811,Deck 3｜標準,人物,墨子,ぼくし,,古代,東アジア,戦国時代の中国,前5〜前4世紀,-450,WH-000811-R02,reverse,時期,time,「墨子」が主に活動したのはいつ？,**前5〜前4世紀**,前5〜前4世紀,,,,世界史の窓（章節別用語リスト）,https://www.y-history.net/appendix/appendix-list.html
世界史段階別デッキ｜Deck 3｜主要王朝・人物・制度の穴埋め400語,WH-000811,811,Deck 3｜標準,人物,墨子,ぼくし,,古代,東アジア,戦国時代の中国,前5〜前4世紀,-450,WH-000811-I01,integrated,統合説明,integrated,「墨子」について説明せよ。,**前5〜前4世紀**、戦国時代の中国を主な舞台に、**墨子**は、差別のない相互愛である**兼愛**と、侵略戦争を否定する**非攻**を説いた。儒家(じゅか)の礼楽や血縁中心の秩序を批判し、実利と節約を重んじた。,墨子|前5〜前4世紀|兼愛|非攻,,,,世界史の窓（章節別用語リスト）,https://www.y-history.net/appendix/appendix-list.html
世界史段階別デッキ｜Deck 3｜主要王朝・人物・制度の穴埋め400語,WH-000826,826,Deck 3｜標準,思想・主義,ソフィスト,そふぃすと,詭弁家,古代,ヨーロッパ,古代ギリシア・アテネ,前5世紀,-450,WH-000826-B01,beginner,用語の特定,identify,弁論術や政治参加に必要な知識を有料で教え、真理の相対性を説いた知識人たちは？,ソフィスト,ソフィスト,詭弁家,,,世界史の窓（章節別用語リスト）,https://www.y-history.net/appendix/appendix-list.html
世界史段階別デッキ｜Deck 3｜主要王朝・人物・制度の穴埋め400語,WH-000826,826,Deck 3｜標準,思想・主義,ソフィスト,そふぃすと,詭弁家,古代,ヨーロッパ,古代ギリシア・アテネ,前5世紀,-450,WH-000826-B02,beginner,時期,time,「ソフィスト」が成立・広がったのはいつ？,前5世紀,前5世紀,,,,世界史の窓（章節別用語リスト）,https://www.y-history.net/appendix/appendix-list.html
世界史段階別デッキ｜Deck 3｜主要王朝・人物・制度の穴埋め400語,WH-000826,826,Deck 3｜標準,思想・主義,ソフィスト,そふぃすと,詭弁家,古代,ヨーロッパ,古代ギリシア・アテネ,前5世紀,-450,WH-000826-B03,beginner,内容,content,「ソフィスト」について、主に教えた技術は？,弁論術,弁論術,,,,世界史の窓（章節別用語リスト）,https://www.y-history.net/appendix/appendix-list.html
世界史段階別デッキ｜Deck 3｜主要王朝・人物・制度の穴埋め400語,WH-000826,826,Deck 3｜標準,思想・主義,ソフィスト,そふぃすと,詭弁家,古代,ヨーロッパ,古代ギリシア・アテネ,前5世紀,-450,WH-000826-R01,reverse,複合説明,reverse,どんな考え？,古代ギリシア・アテネを主な舞台に、**ソフィスト**は、民主政期のアテネなどを巡回し、政治参加に必要な**弁論術**や教養を有料で教えた知識人である。価値や真理の相対性を説き、**ソクラテス**やプラトンから批判された。,ソフィスト|弁論術|ソクラテス,,,,世界史の窓（章節別用語リスト）,https://www.y-history.net/appendix/appendix-list.html
世界史段階別デッキ｜Deck 3｜主要王朝・人物・制度の穴埋め400語,WH-000826,826,Deck 3｜標準,思想・主義,ソフィスト,そふぃすと,詭弁家,古代,ヨーロッパ,古代ギリシア・アテネ,前5世紀,-450,WH-000826-R02,reverse,時期,time,「ソフィスト」が成立・広がったのはいつ？,**前5世紀**,前5世紀,,,,世界史の窓（章節別用語リスト）,https://www.y-history.net/appendix/appendix-list.html
世界史段階別デッキ｜Deck 3｜主要王朝・人物・制度の穴埋め400語,WH-000826,826,Deck 3｜標準,思想・主義,ソフィスト,そふぃすと,詭弁家,古代,ヨーロッパ,古代ギリシア・アテネ,前5世紀,-450,WH-000826-I01,integrated,統合説明,integrated,「ソフィスト」について説明せよ。,**前5世紀**、古代ギリシア・アテネを主な舞台に、**ソフィスト**は、民主政期のアテネなどを巡回し、政治参加に必要な**弁論術**や教養を有料で教えた知識人である。価値や真理の相対性を説き、**ソクラテス**やプラトンから批判された。,ソフィスト|前5世紀|弁論術|ソクラテス,,,,世界史の窓（章節別用語リスト）,https://www.y-history.net/appendix/appendix-list.html
世界史段階別デッキ｜Deck 3｜主要王朝・人物・制度の穴埋め400語,WH-000809,809,Deck 3｜標準,人物,孟子,もうし,,古代,東アジア,戦国時代の中国,前4世紀,-372,WH-000809-B01,beginner,用語の特定,identify,性善説と王道政治を説き、儒家(じゅか)を発展させた思想家は？,孟子,孟子,,,,世界史の窓（章節別用語リスト）,https://www.y-history.net/appendix/appendix-list.html
世界史段階別デッキ｜Deck 3｜主要王朝・人物・制度の穴埋め400語,WH-000809,809,Deck 3｜標準,人物,孟子,もうし,,古代,東アジア,戦国時代の中国,前4世紀,-372,WH-000809-B02,beginner,時期,time,「孟子」が主に活動したのはいつ？,前4世紀,前4世紀,,,,世界史の窓（章節別用語リスト）,https://www.y-history.net/appendix/appendix-list.html
世界史段階別デッキ｜Deck 3｜主要王朝・人物・制度の穴埋め400語,WH-000809,809,Deck 3｜標準,人物,孟子,もうし,,古代,東アジア,戦国時代の中国,前4世紀,-372,WH-000809-B03,beginner,内容,content,「孟子」について、人間の本性をどう考えた？,性善説,性善説,,,,世界史の窓（章節別用語リスト）,https://www.y-history.net/appendix/appendix-list.html
世界史段階別デッキ｜Deck 3｜主要王朝・人物・制度の穴埋め400語,WH-000809,809,Deck 3｜標準,人物,孟子,もうし,,古代,東アジア,戦国時代の中国,前4世紀,-372,WH-000809-R01,reverse,複合説明,reverse,何をした？,戦国時代の中国を主な舞台に、**孟子**は、孔子(こうし)の思想を継承し、人間の本性は善であるとする**性善説**と、徳によって民を治める**王道政治**を説いた。後に儒学の中心的思想家として尊重された。,孟子|性善説|王道政治,,,,世界史の窓（章節別用語リスト）,https://www.y-history.net/appendix/appendix-list.html
世界史段階別デッキ｜Deck 3｜主要王朝・人物・制度の穴埋め400語,WH-000809,809,Deck 3｜標準,人物,孟子,もうし,,古代,東アジア,戦国時代の中国,前4世紀,-372,WH-000809-R02,reverse,時期,time,「孟子」が主に活動したのはいつ？,**前4世紀**,前4世紀,,,,世界史の窓（章節別用語リスト）,https://www.y-history.net/appendix/appendix-list.html
世界史段階別デッキ｜Deck 3｜主要王朝・人物・制度の穴埋め400語,WH-000809,809,Deck 3｜標準,人物,孟子,もうし,,古代,東アジア,戦国時代の中国,前4世紀,-372,WH-000809-I01,integrated,統合説明,integrated,「孟子」について説明せよ。,**前4世紀**、戦国時代の中国を主な舞台に、**孟子**は、孔子(こうし)の思想を継承し、人間の本性は善であるとする**性善説**と、徳によって民を治める**王道政治**を説いた。後に儒学の中心的思想家として尊重された。,孟子|前4世紀|性善説|王道政治,,,,世界史の窓（章節別用語リスト）,https://www.y-history.net/appendix/appendix-list.html
世界史段階別デッキ｜Deck 3｜主要王朝・人物・制度の穴埋め400語,WH-000832,832,Deck 3｜標準,制度・政策・法律,リキニウス・セクスティウス法,りきにうすせくすてぃうすほう,リキニウス＝セクスティウス法,古代,ヨーロッパ,ローマ共和政のイタリア,前367年,-367,WH-000832-B01,beginner,用語の特定,identify,執政官の一人を平民から選ぶことなどを定め、身分闘争を進展させたローマの法律は？,リキニウス・セクスティウス法,リキニウス・セクスティウス法,リキニウス＝セクスティウス法,,,世界史の窓（章節別用語リスト）,https://www.y-history.net/appendix/appendix-list.html
世界史段階別デッキ｜Deck 3｜主要王朝・人物・制度の穴埋め400語,WH-000832,832,Deck 3｜標準,制度・政策・法律,リキニウス・セクスティウス法,りきにうすせくすてぃうすほう,リキニウス＝セクスティウス法,古代,ヨーロッパ,ローマ共和政のイタリア,前367年,-367,WH-000832-B02,beginner,時期,time,「リキニウス・セクスティウス法」が実施・整備されたのはいつ？,前367年,前367年,,,前367年：「リキニウス 見ろ 仲間からも 統領(コンスル)が!」（前367）リキニウス・セクスティウス法の制定。,世界史の窓（章節別用語リスト）,https://www.y-history.net/appendix/appendix-list.html
世界史段階別デッキ｜Deck 3｜主要王朝・人物・制度の穴埋め400語,WH-000832,832,Deck 3｜標準,制度・政策・法律,リキニウス・セクスティウス法,りきにうすせくすてぃうすほう,リキニウス＝セクスティウス法,古代,ヨーロッパ,ローマ共和政のイタリア,前367年,-367,WH-000832-B03,beginner,内容,content,「リキニウス・セクスティウス法」について、執政官について何を定めた？,2名のうち1名を平民から選ぶ,2名のうち1名を平民から選ぶ,,,,世界史の窓（章節別用語リスト）,https://www.y-history.net/appendix/appendix-list.html
世界史段階別デッキ｜Deck 3｜主要王朝・人物・制度の穴埋め400語,WH-000832,832,Deck 3｜標準,制度・政策・法律,リキニウス・セクスティウス法,りきにうすせくすてぃうすほう,リキニウス＝セクスティウス法,古代,ヨーロッパ,ローマ共和政のイタリア,前367年,-367,WH-000832-R01,reverse,複合説明,reverse,どんな制度・政策・法律？,ローマ共和政のイタリアを主な舞台に、**リキニウス・セクスティウス法**は、**執政官**2名のうち1名を平民から選ぶことや、公有地占有の制限などを定めた。**パトリキ**と**プレブス**の身分闘争を前進させ、平民の政治参加を拡大した。,リキニウス・セクスティウス法|執政官|パトリキ|プレブス,,,,世界史の窓（章節別用語リスト）,https://www.y-history.net/appendix/appendix-list.html
世界史段階別デッキ｜Deck 3｜主要王朝・人物・制度の穴埋め400語,WH-000832,832,Deck 3｜標準,制度・政策・法律,リキニウス・セクスティウス法,りきにうすせくすてぃうすほう,リキニウス＝セクスティウス法,古代,ヨーロッパ,ローマ共和政のイタリア,前367年,-367,WH-000832-R02,reverse,時期,time,「リキニウス・セクスティウス法」が実施・整備されたのはいつ？,**前367年**,前367年,,,前367年：「リキニウス 見ろ 仲間からも 統領(コンスル)が!」（前367）リキニウス・セクスティウス法の制定。,世界史の窓（章節別用語リスト）,https://www.y-history.net/appendix/appendix-list.html
世界史段階別デッキ｜Deck 3｜主要王朝・人物・制度の穴埋め400語,WH-000832,832,Deck 3｜標準,制度・政策・法律,リキニウス・セクスティウス法,りきにうすせくすてぃうすほう,リキニウス＝セクスティウス法,古代,ヨーロッパ,ローマ共和政のイタリア,前367年,-367,WH-000832-I01,integrated,統合説明,integrated,「リキニウス・セクスティウス法」について説明せよ。,**前367年**、ローマ共和政のイタリアを主な舞台に、**リキニウス・セクスティウス法**は、**執政官**2名のうち1名を平民から選ぶことや、公有地占有の制限などを定めた。**パトリキ**と**プレブス**の身分闘争を前進させ、平民の政治参加を拡大した。,リキニウス・セクスティウス法|前367年|執政官|パトリキ|プレブス,,,前367年：「リキニウス 見ろ 仲間からも 統領(コンスル)が!」（前367）リキニウス・セクスティウス法の制定。,世界史の窓（章節別用語リスト）,https://www.y-history.net/appendix/appendix-list.html
世界史段階別デッキ｜Deck 3｜主要王朝・人物・制度の穴埋め400語,WH-000829,829,Deck 3｜標準,国家・王朝,セレウコス朝,せれうこすちょう,セレウコス朝シリア,古代,複数地域,シリア・メソポタミア・イランを中心とする西アジア,前312〜前63年,-312,WH-000829-B01,beginner,用語の特定,identify,アレクサンドロス大王の後継者セレウコス1世が西アジアに建てたヘレニズム王国は？,セレウコス朝,セレウコス朝,セレウコス朝シリア,,,世界史の窓（章節別用語リスト）,https://www.y-history.net/appendix/appendix-list.html
世界史段階別デッキ｜Deck 3｜主要王朝・人物・制度の穴埋め400語,WH-000829,829,Deck 3｜標準,国家・王朝,セレウコス朝,せれうこすちょう,セレウコス朝シリア,古代,複数地域,シリア・メソポタミア・イランを中心とする西アジア,前312〜前63年,-312,WH-000829-B02,beginner,時期,time,「セレウコス朝」が存在したのはいつ？,前312〜前63年,前312〜前63年,,,前312年：「再任」(前312)、セレウコス朝シリアの建国,世界史の窓（章節別用語リスト）,https://www.y-history.net/appendix/appendix-list.html
世界史段階別デッキ｜Deck 3｜主要王朝・人物・制度の穴埋め400語,WH-000829,829,Deck 3｜標準,国家・王朝,セレウコス朝,せれうこすちょう,セレウコス朝シリア,古代,複数地域,シリア・メソポタミア・イランを中心とする西アジア,前312〜前63年,-312,WH-000829-B03,beginner,中心人物,person,「セレウコス朝」について、建国者は？,セレウコス1世,セレウコス1世,,,,世界史の窓（章節別用語リスト）,https://www.y-history.net/appendix/appendix-list.html
世界史段階別デッキ｜Deck 3｜主要王朝・人物・制度の穴埋め400語,WH-000829,829,Deck 3｜標準,国家・王朝,セレウコス朝,せれうこすちょう,セレウコス朝シリア,古代,複数地域,シリア・メソポタミア・イランを中心とする西アジア,前312〜前63年,-312,WH-000829-R01,reverse,複合説明,reverse,何をした？,シリア・メソポタミア・イランを中心とする西アジアを主な舞台に、**セレウコス朝**は、**ディアドコイ**の一人セレウコス1世が建てたヘレニズム王国で、シリア・メソポタミアからイランに及ぶ広大な領域を支配した。各地にギリシア人都市を築いたが、パルティアなどの進出で衰退した。,セレウコス朝|ディアドコイ,,,,世界史の窓（章節別用語リスト）,https://www.y-history.net/appendix/appendix-list.html
世界史段階別デッキ｜Deck 3｜主要王朝・人物・制度の穴埋め400語,WH-000829,829,Deck 3｜標準,国家・王朝,セレウコス朝,せれうこすちょう,セレウコス朝シリア,古代,複数地域,シリア・メソポタミア・イランを中心とする西アジア,前312〜前63年,-312,WH-000829-R02,reverse,時期,time,「セレウコス朝」が存在したのはいつ？,**前312〜前63年**,前312〜前63年,,,前312年：「再任」(前312)、セレウコス朝シリアの建国,世界史の窓（章節別用語リスト）,https://www.y-history.net/appendix/appendix-list.html
世界史段階別デッキ｜Deck 3｜主要王朝・人物・制度の穴埋め400語,WH-000829,829,Deck 3｜標準,国家・王朝,セレウコス朝,せれうこすちょう,セレウコス朝シリア,古代,複数地域,シリア・メソポタミア・イランを中心とする西アジア,前312〜前63年,-312,WH-000829-I01,integrated,統合説明,integrated,「セレウコス朝」について説明せよ。,**前312〜前63年**、シリア・メソポタミア・イランを中心とする西アジアを主な舞台に、**セレウコス朝**は、**ディアドコイ**の一人セレウコス1世が建てたヘレニズム王国で、シリア・メソポタミアからイランに及ぶ広大な領域を支配した。各地にギリシア人都市を築いたが、パルティアなどの進出で衰退した。,セレウコス朝|前312〜前63年|ディアドコイ,,,前312年：「再任」(前312)、セレウコス朝シリアの建国,世界史の窓（章節別用語リスト）,https://www.y-history.net/appendix/appendix-list.html
世界史段階別デッキ｜Deck 3｜主要王朝・人物・制度の穴埋め400語,WH-000830,830,Deck 3｜標準,思想・主義,エピクロス派,えぴくろすは,,古代,複数地域,ヘレニズム世界・ローマ帝国,前3世紀以後,-306,WH-000830-B01,beginner,用語の特定,identify,心の平静を得るため、節度ある快楽と恐怖からの解放を説いたヘレニズム哲学の一派は？,エピクロス派,エピクロス派,,,,世界史の窓（章節別用語リスト）,https://www.y-history.net/appendix/appendix-list.html
世界史段階別デッキ｜Deck 3｜主要王朝・人物・制度の穴埋め400語,WH-000830,830,Deck 3｜標準,思想・主義,エピクロス派,えぴくろすは,,古代,複数地域,ヘレニズム世界・ローマ帝国,前3世紀以後,-306,WH-000830-B02,beginner,時期,time,「エピクロス派」が成立・広がったのはいつ？,前3世紀以後,前3世紀以後,,,,世界史の窓（章節別用語リスト）,https://www.y-history.net/appendix/appendix-list.html
世界史段階別デッキ｜Deck 3｜主要王朝・人物・制度の穴埋め400語,WH-000830,830,Deck 3｜標準,思想・主義,エピクロス派,えぴくろすは,,古代,複数地域,ヘレニズム世界・ローマ帝国,前3世紀以後,-306,WH-000830-B03,beginner,内容,content,「エピクロス派」について、創始者は？,エピクロス,エピクロス,,,,世界史の窓（章節別用語リスト）,https://www.y-history.net/appendix/appendix-list.html
世界史段階別デッキ｜Deck 3｜主要王朝・人物・制度の穴埋め400語,WH-000830,830,Deck 3｜標準,思想・主義,エピクロス派,えぴくろすは,,古代,複数地域,ヘレニズム世界・ローマ帝国,前3世紀以後,-306,WH-000830-R01,reverse,複合説明,reverse,どんな考え？,ヘレニズム世界・ローマ帝国を主な舞台に、**エピクロス派**は、**エピクロス**が始め、欲望を抑えて苦痛や不安から離れた心の平静、**アタラクシア**を幸福とした。神や死への恐怖を除くことを重視し、ローマ世界にも広がった。,エピクロス派|エピクロス|アタラクシア,,,,世界史の窓（章節別用語リスト）,https://www.y-history.net/appendix/appendix-list.html
世界史段階別デッキ｜Deck 3｜主要王朝・人物・制度の穴埋め400語,WH-000830,830,Deck 3｜標準,思想・主義,エピクロス派,えぴくろすは,,古代,複数地域,ヘレニズム世界・ローマ帝国,前3世紀以後,-306,WH-000830-R02,reverse,時期,time,「エピクロス派」が成立・広がったのはいつ？,**前3世紀以後**,前3世紀以後,,,,世界史の窓（章節別用語リスト）,https://www.y-history.net/appendix/appendix-list.html
世界史段階別デッキ｜Deck 3｜主要王朝・人物・制度の穴埋め400語,WH-000830,830,Deck 3｜標準,思想・主義,エピクロス派,えぴくろすは,,古代,複数地域,ヘレニズム世界・ローマ帝国,前3世紀以後,-306,WH-000830-I01,integrated,統合説明,integrated,「エピクロス派」について説明せよ。,**前3世紀以後**、ヘレニズム世界・ローマ帝国を主な舞台に、**エピクロス派**は、**エピクロス**が始め、欲望を抑えて苦痛や不安から離れた心の平静、**アタラクシア**を幸福とした。神や死への恐怖を除くことを重視し、ローマ世界にも広がった。,エピクロス派|前3世紀以後|エピクロス|アタラクシア,,,,世界史の窓（章節別用語リスト）,https://www.y-history.net/appendix/appendix-list.html
世界史段階別デッキ｜Deck 3｜主要王朝・人物・制度の穴埋め400語,WH-000810,810,Deck 3｜標準,人物,荀子,じゅんし,,古代,東アジア,戦国時代の中国,前3世紀,-300,WH-000810-B01,beginner,用語の特定,identify,性悪説を唱え、礼(れい)による教育と統制を重視した儒家(じゅか)の思想家は？,荀子(じゅんし),荀子,,,,世界史の窓（章節別用語リスト）,https://www.y-history.net/appendix/appendix-list.html
世界史段階別デッキ｜Deck 3｜主要王朝・人物・制度の穴埋め400語,WH-000810,810,Deck 3｜標準,人物,荀子,じゅんし,,古代,東アジア,戦国時代の中国,前3世紀,-300,WH-000810-B02,beginner,時期,time,「荀子(じゅんし)」が主に活動したのはいつ？,前3世紀,前3世紀,,,,世界史の窓（章節別用語リスト）,https://www.y-history.net/appendix/appendix-list.html
世界史段階別デッキ｜Deck 3｜主要王朝・人物・制度の穴埋め400語,WH-000810,810,Deck 3｜標準,人物,荀子,じゅんし,,古代,東アジア,戦国時代の中国,前3世紀,-300,WH-000810-B03,beginner,内容,content,「荀子(じゅんし)」について、人間の本性をどう考えた？,性悪説,性悪説,,,,世界史の窓（章節別用語リスト）,https://www.y-history.net/appendix/appendix-list.html
世界史段階別デッキ｜Deck 3｜主要王朝・人物・制度の穴埋め400語,WH-000810,810,Deck 3｜標準,人物,荀子,じゅんし,,古代,東アジア,戦国時代の中国,前3世紀,-300,WH-000810-R01,reverse,複合説明,reverse,何をした？,戦国時代の中国を主な舞台に、**荀子(じゅんし)**は、人間の本性は欲望に傾くとする**性悪説**を唱え、学問と**礼(れい)**による矯正を重視した。弟子の**韓非(かんぴ)**・李斯(りし)を通じて法家(ほうか)にも影響した。,荀子|性悪説|礼|韓非,,,,世界史の窓（章節別用語リスト）,https://www.y-history.net/appendix/appendix-list.html
世界史段階別デッキ｜Deck 3｜主要王朝・人物・制度の穴埋め400語,WH-000810,810,Deck 3｜標準,人物,荀子,じゅんし,,古代,東アジア,戦国時代の中国,前3世紀,-300,WH-000810-R02,reverse,時期,time,「荀子(じゅんし)」が主に活動したのはいつ？,**前3世紀**,前3世紀,,,,世界史の窓（章節別用語リスト）,https://www.y-history.net/appendix/appendix-list.html
世界史段階別デッキ｜Deck 3｜主要王朝・人物・制度の穴埋め400語,WH-000810,810,Deck 3｜標準,人物,荀子,じゅんし,,古代,東アジア,戦国時代の中国,前3世紀,-300,WH-000810-I01,integrated,統合説明,integrated,「荀子(じゅんし)」について説明せよ。,**前3世紀**、戦国時代の中国を主な舞台に、**荀子(じゅんし)**は、人間の本性は欲望に傾くとする**性悪説**を唱え、学問と**礼(れい)**による矯正を重視した。弟子の**韓非(かんぴ)**・李斯(りし)を通じて法家(ほうか)にも影響した。,荀子|前3世紀|性悪説|礼|韓非,,,,世界史の窓（章節別用語リスト）,https://www.y-history.net/appendix/appendix-list.html
世界史段階別デッキ｜Deck 3｜主要王朝・人物・制度の穴埋め400語,WH-000812,812,Deck 3｜標準,人物,韓非,かんぴ,韓非子,古代,東アジア,戦国時代の中国・韓,前3世紀,-280,WH-000812-B01,beginner,用語の特定,identify,法・術・勢を統合して法家(ほうか)思想を大成し、秦の統治思想に影響した人物は？,韓非(かんぴ),韓非,韓非子,,,世界史の窓（章節別用語リスト）,https://www.y-history.net/appendix/appendix-list.html
世界史段階別デッキ｜Deck 3｜主要王朝・人物・制度の穴埋め400語,WH-000812,812,Deck 3｜標準,人物,韓非,かんぴ,韓非子,古代,東アジア,戦国時代の中国・韓,前3世紀,-280,WH-000812-B02,beginner,時期,time,「韓非(かんぴ)」が主に活動したのはいつ？,前3世紀,前3世紀,,,,世界史の窓（章節別用語リスト）,https://www.y-history.net/appendix/appendix-list.html
世界史段階別デッキ｜Deck 3｜主要王朝・人物・制度の穴埋め400語,WH-000812,812,Deck 3｜標準,人物,韓非,かんぴ,韓非子,古代,東アジア,戦国時代の中国・韓,前3世紀,-280,WH-000812-B03,beginner,内容,content,「韓非(かんぴ)」について、属した学派は？,法家(ほうか),法家,,,,世界史の窓（章節別用語リスト）,https://www.y-history.net/appendix/appendix-list.html
世界史段階別デッキ｜Deck 3｜主要王朝・人物・制度の穴埋め400語,WH-000812,812,Deck 3｜標準,人物,韓非,かんぴ,韓非子,古代,東アジア,戦国時代の中国・韓,前3世紀,-280,WH-000812-R01,reverse,複合説明,reverse,何をした？,戦国時代の中国・韓を主な舞台に、**韓非(かんぴ)**は、荀子(じゅんし)に学び、厳格な**法**、臣下を操る**術**、君主の権威である**勢**を統合して**法家(ほうか)**思想を大成した。その思想は秦の中央集権化に大きく影響した。,韓非|法|術|勢|法家,,,,世界史の窓（章節別用語リスト）,https://www.y-history.net/appendix/appendix-list.html
世界史段階別デッキ｜Deck 3｜主要王朝・人物・制度の穴埋め400語,WH-000812,812,Deck 3｜標準,人物,韓非,かんぴ,韓非子,古代,東アジア,戦国時代の中国・韓,前3世紀,-280,WH-000812-R02,reverse,時期,time,「韓非(かんぴ)」が主に活動したのはいつ？,**前3世紀**,前3世紀,,,,世界史の窓（章節別用語リスト）,https://www.y-history.net/appendix/appendix-list.html
世界史段階別デッキ｜Deck 3｜主要王朝・人物・制度の穴埋め400語,WH-000812,812,Deck 3｜標準,人物,韓非,かんぴ,韓非子,古代,東アジア,戦国時代の中国・韓,前3世紀,-280,WH-000812-I01,integrated,統合説明,integrated,「韓非(かんぴ)」について説明せよ。,**前3世紀**、戦国時代の中国・韓を主な舞台に、**韓非(かんぴ)**は、荀子(じゅんし)に学び、厳格な**法**、臣下を操る**術**、君主の権威である**勢**を統合して**法家(ほうか)**思想を大成した。その思想は秦の中央集権化に大きく影響した。,韓非|前3世紀|法|術|勢|法家,,,,世界史の窓（章節別用語リスト）,https://www.y-history.net/appendix/appendix-list.html
世界史段階別デッキ｜Deck 3｜主要王朝・人物・制度の穴埋め400語,WH-000802,802,Deck 3｜標準,国家・王朝,パルティア,ぱるてぃあ,アルサケス朝,古代,西アジア,イラン高原・メソポタミア,前247年頃〜224年,-247,WH-000802-B01,beginner,用語の特定,identify,イラン系遊牧民が建て、騎馬軍団でローマ帝国と争ったアルサケス朝とも呼ばれる国家は？,パルティア,パルティア,アルサケス朝,,,世界史の窓（章節別用語リスト）,https://www.y-history.net/appendix/appendix-list.html
世界史段階別デッキ｜Deck 3｜主要王朝・人物・制度の穴埋め400語,WH-000802,802,Deck 3｜標準,国家・王朝,パルティア,ぱるてぃあ,アルサケス朝,古代,西アジア,イラン高原・メソポタミア,前247年頃〜224年,-247,WH-000802-B02,beginner,時期,time,「パルティア」が存在したのはいつ？,前247年頃〜224年,前247年頃〜224年,,,,世界史の窓（章節別用語リスト）,https://www.y-history.net/appendix/appendix-list.html
世界史段階別デッキ｜Deck 3｜主要王朝・人物・制度の穴埋め400語,WH-000802,802,Deck 3｜標準,国家・王朝,パルティア,ぱるてぃあ,アルサケス朝,古代,西アジア,イラン高原・メソポタミア,前247年頃〜224年,-247,WH-000802-B03,beginner,内容,content,「パルティア」について、別名は？,アルサケス朝,アルサケス朝,,,,世界史の窓（章節別用語リスト）,https://www.y-history.net/appendix/appendix-list.html
世界史段階別デッキ｜Deck 3｜主要王朝・人物・制度の穴埋め400語,WH-000802,802,Deck 3｜標準,国家・王朝,パルティア,ぱるてぃあ,アルサケス朝,古代,西アジア,イラン高原・メソポタミア,前247年頃〜224年,-247,WH-000802-R01,reverse,複合説明,reverse,何をした？,イラン高原・メソポタミアを主な舞台に、**パルティア**は、イラン系遊牧民が建てた**アルサケス朝**で、騎馬弓兵を用いてローマ帝国と争い、東西交易の中継地を支配した。224年に**ササン朝**に滅ぼされた。,パルティア|アルサケス朝|ササン朝,,,,世界史の窓（章節別用語リスト）,https://www.y-history.net/appendix/appendix-list.html
世界史段階別デッキ｜Deck 3｜主要王朝・人物・制度の穴埋め400語,WH-000802,802,Deck 3｜標準,国家・王朝,パルティア,ぱるてぃあ,アルサケス朝,古代,西アジア,イラン高原・メソポタミア,前247年頃〜224年,-247,WH-000802-R02,reverse,時期,time,「パルティア」が存在したのはいつ？,**前247年頃〜224年**,前247年頃〜224年,,,,世界史の窓（章節別用語リスト）,https://www.y-history.net/appendix/appendix-list.html
世界史段階別デッキ｜Deck 3｜主要王朝・人物・制度の穴埋め400語,WH-000802,802,Deck 3｜標準,国家・王朝,パルティア,ぱるてぃあ,アルサケス朝,古代,西アジア,イラン高原・メソポタミア,前247年頃〜224年,-247,WH-000802-I01,integrated,統合説明,integrated,「パルティア」について説明せよ。,**前247年頃〜224年**、イラン高原・メソポタミアを主な舞台に、**パルティア**は、イラン系遊牧民が建てた**アルサケス朝**で、騎馬弓兵を用いてローマ帝国と争い、東西交易の中継地を支配した。224年に**ササン朝**に滅ぼされた。,パルティア|前247年頃〜224年|アルサケス朝|ササン朝,,,,世界史の窓（章節別用語リスト）,https://www.y-history.net/appendix/appendix-list.html
世界史段階別デッキ｜Deck 3｜主要王朝・人物・制度の穴埋め400語,WH-000833,833,Deck 3｜標準,人物,ハンニバル,はんにばる,,古代,複数地域,カルタゴ・イベリア半島・アルプス・イタリア,前3〜前2世紀,-247,WH-000833-B01,beginner,用語の特定,identify,象を伴ってアルプスを越え、第二次ポエニ戦争でローマを苦しめたカルタゴの将軍は？,ハンニバル,ハンニバル,,,,世界史の窓（章節別用語リスト）,https://www.y-history.net/appendix/appendix-list.html
世界史段階別デッキ｜Deck 3｜主要王朝・人物・制度の穴埋め400語,WH-000833,833,Deck 3｜標準,人物,ハンニバル,はんにばる,,古代,複数地域,カルタゴ・イベリア半島・アルプス・イタリア,前3〜前2世紀,-247,WH-000833-B02,beginner,時期,time,「ハンニバル」が主に活動したのはいつ？,前3〜前2世紀,前3〜前2世紀,,,,世界史の窓（章節別用語リスト）,https://www.y-history.net/appendix/appendix-list.html
世界史段階別デッキ｜Deck 3｜主要王朝・人物・制度の穴埋め400語,WH-000833,833,Deck 3｜標準,人物,ハンニバル,はんにばる,,古代,複数地域,カルタゴ・イベリア半島・アルプス・イタリア,前3〜前2世紀,-247,WH-000833-B03,beginner,関連,relation,「ハンニバル」について、戦った戦争は？,第二次ポエニ戦争,第二次ポエニ戦争,,,,世界史の窓（章節別用語リスト）,https://www.y-history.net/appendix/appendix-list.html
世界史段階別デッキ｜Deck 3｜主要王朝・人物・制度の穴埋め400語,WH-000833,833,Deck 3｜標準,人物,ハンニバル,はんにばる,,古代,複数地域,カルタゴ・イベリア半島・アルプス・イタリア,前3〜前2世紀,-247,WH-000833-R01,reverse,複合説明,reverse,何をした？,カルタゴ・イベリア半島・アルプス・イタリアを主な舞台に、**ハンニバル**は、カルタゴの将軍で、**第二次ポエニ戦争**にイベリア半島からアルプスを越えてイタリアへ侵入し、カンネーの戦いなどでローマ軍を破った。最終的にはザマの戦いでスキピオに敗れた。,ハンニバル|第二次ポエニ戦争,,,,世界史の窓（章節別用語リスト）,https://www.y-history.net/appendix/appendix-list.html
世界史段階別デッキ｜Deck 3｜主要王朝・人物・制度の穴埋め400語,WH-000833,833,Deck 3｜標準,人物,ハンニバル,はんにばる,,古代,複数地域,カルタゴ・イベリア半島・アルプス・イタリア,前3〜前2世紀,-247,WH-000833-R02,reverse,時期,time,「ハンニバル」が主に活動したのはいつ？,**前3〜前2世紀**,前3〜前2世紀,,,,世界史の窓（章節別用語リスト）,https://www.y-history.net/appendix/appendix-list.html
世界史段階別デッキ｜Deck 3｜主要王朝・人物・制度の穴埋め400語,WH-000833,833,Deck 3｜標準,人物,ハンニバル,はんにばる,,古代,複数地域,カルタゴ・イベリア半島・アルプス・イタリア,前3〜前2世紀,-247,WH-000833-I01,integrated,統合説明,integrated,「ハンニバル」について説明せよ。,**前3〜前2世紀**、カルタゴ・イベリア半島・アルプス・イタリアを主な舞台に、**ハンニバル**は、カルタゴの将軍で、**第二次ポエニ戦争**にイベリア半島からアルプスを越えてイタリアへ侵入し、カンネーの戦いなどでローマ軍を破った。最終的にはザマの戦いでスキピオに敗れた。,ハンニバル|前3〜前2世紀|第二次ポエニ戦争,,,,世界史の窓（章節別用語リスト）,https://www.y-history.net/appendix/appendix-list.html
世界史段階別デッキ｜Deck 3｜主要王朝・人物・制度の穴埋め400語,WH-000805,805,Deck 3｜標準,人物,司馬遷,しばせん,,古代,東アジア,前漢の中国・長安,前2〜前1世紀,-145,WH-000805-B01,beginner,用語の特定,identify,中国最初の本格的な紀伝体通史『史記』を著した前漢の歴史家は？,司馬遷(しばせん),司馬遷,,,,世界史の窓（章節別用語リスト）,https://www.y-history.net/appendix/appendix-list.html
世界史段階別デッキ｜Deck 3｜主要王朝・人物・制度の穴埋め400語,WH-000805,805,Deck 3｜標準,人物,司馬遷,しばせん,,古代,東アジア,前漢の中国・長安,前2〜前1世紀,-145,WH-000805-B02,beginner,時期,time,「司馬遷(しばせん)」が主に活動したのはいつ？,前2〜前1世紀,前2〜前1世紀,,,,世界史の窓（章節別用語リスト）,https://www.y-history.net/appendix/appendix-list.html
世界史段階別デッキ｜Deck 3｜主要王朝・人物・制度の穴埋め400語,WH-000805,805,Deck 3｜標準,人物,司馬遷,しばせん,,古代,東アジア,前漢の中国・長安,前2〜前1世紀,-145,WH-000805-B03,beginner,内容,content,「司馬遷(しばせん)」について、著作は？,史記,史記,,,,世界史の窓（章節別用語リスト）,https://www.y-history.net/appendix/appendix-list.html
世界史段階別デッキ｜Deck 3｜主要王朝・人物・制度の穴埋め400語,WH-000805,805,Deck 3｜標準,人物,司馬遷,しばせん,,古代,東アジア,前漢の中国・長安,前2〜前1世紀,-145,WH-000805-R01,reverse,複合説明,reverse,何をした？,前漢の中国・長安(ちょうあん)を主な舞台に、**司馬遷(しばせん)**は、前漢の歴史家で、黄帝から前漢の武帝(ぶてい)期までを扱う**『史記』**を著した。**紀伝体**による通史の形式を確立し、後世の正史の模範となった。,司馬遷|史記|紀伝体,,,,世界史の窓（章節別用語リスト）,https://www.y-history.net/appendix/appendix-list.html
世界史段階別デッキ｜Deck 3｜主要王朝・人物・制度の穴埋め400語,WH-000805,805,Deck 3｜標準,人物,司馬遷,しばせん,,古代,東アジア,前漢の中国・長安,前2〜前1世紀,-145,WH-000805-R02,reverse,時期,time,「司馬遷(しばせん)」が主に活動したのはいつ？,**前2〜前1世紀**,前2〜前1世紀,,,,世界史の窓（章節別用語リスト）,https://www.y-history.net/appendix/appendix-list.html
世界史段階別デッキ｜Deck 3｜主要王朝・人物・制度の穴埋め400語,WH-000805,805,Deck 3｜標準,人物,司馬遷,しばせん,,古代,東アジア,前漢の中国・長安,前2〜前1世紀,-145,WH-000805-I01,integrated,統合説明,integrated,「司馬遷(しばせん)」について説明せよ。,**前2〜前1世紀**、前漢の中国・長安(ちょうあん)を主な舞台に、**司馬遷(しばせん)**は、前漢の歴史家で、黄帝から前漢の武帝(ぶてい)期までを扱う**『史記』**を著した。**紀伝体**による通史の形式を確立し、後世の正史の模範となった。,司馬遷|前2〜前1世紀|史記|紀伝体,,,,世界史の窓（章節別用語リスト）,https://www.y-history.net/appendix/appendix-list.html
世界史段階別デッキ｜Deck 3｜主要王朝・人物・制度の穴埋め400語,WH-000806,806,Deck 3｜標準,文書・作品,史記,しき,,古代,東アジア,前漢の中国,前1世紀初頭,-90,WH-000806-B01,beginner,用語の特定,identify,黄帝から前漢武帝(ぶてい)期までを紀伝体で記した、中国最初の本格的な通史は？,史記,史記,,,,世界史の窓（章節別用語リスト）,https://www.y-history.net/appendix/appendix-list.html
世界史段階別デッキ｜Deck 3｜主要王朝・人物・制度の穴埋め400語,WH-000806,806,Deck 3｜標準,文書・作品,史記,しき,,古代,東アジア,前漢の中国,前1世紀初頭,-90,WH-000806-B02,beginner,時期,time,「史記」が成立・発表されたのはいつ？,前1世紀初頭,前1世紀初頭,,,,世界史の窓（章節別用語リスト）,https://www.y-history.net/appendix/appendix-list.html
世界史段階別デッキ｜Deck 3｜主要王朝・人物・制度の穴埋め400語,WH-000806,806,Deck 3｜標準,文書・作品,史記,しき,,古代,東アジア,前漢の中国,前1世紀初頭,-90,WH-000806-B03,beginner,中心人物,person,「史記」について、著者は？,司馬遷(しばせん),司馬遷,,,,世界史の窓（章節別用語リスト）,https://www.y-history.net/appendix/appendix-list.html
世界史段階別デッキ｜Deck 3｜主要王朝・人物・制度の穴埋め400語,WH-000806,806,Deck 3｜標準,文書・作品,史記,しき,,古代,東アジア,前漢の中国,前1世紀初頭,-90,WH-000806-R01,reverse,複合説明,reverse,何が書かれている？,前漢の中国を主な舞台に、**史記**は、**司馬遷(しばせん)**が著した中国最初の本格的な通史で、黄帝から前漢の武帝(ぶてい)期までを**紀伝体**で叙述した。後世の中国正史の基本形式となった。,史記|司馬遷|紀伝体,,,,世界史の窓（章節別用語リスト）,https://www.y-history.net/appendix/appendix-list.html
世界史段階別デッキ｜Deck 3｜主要王朝・人物・制度の穴埋め400語,WH-000806,806,Deck 3｜標準,文書・作品,史記,しき,,古代,東アジア,前漢の中国,前1世紀初頭,-90,WH-000806-R02,reverse,時期,time,「史記」が成立・発表されたのはいつ？,**前1世紀初頭**,前1世紀初頭,,,,世界史の窓（章節別用語リスト）,https://www.y-history.net/appendix/appendix-list.html
世界史段階別デッキ｜Deck 3｜主要王朝・人物・制度の穴埋め400語,WH-000806,806,Deck 3｜標準,文書・作品,史記,しき,,古代,東アジア,前漢の中国,前1世紀初頭,-90,WH-000806-I01,integrated,統合説明,integrated,「史記」について説明せよ。,**前1世紀初頭**、前漢の中国を主な舞台に、**史記**は、**司馬遷(しばせん)**が著した中国最初の本格的な通史で、黄帝から前漢の武帝(ぶてい)期までを**紀伝体**で叙述した。後世の中国正史の基本形式となった。,史記|前1世紀初頭|司馬遷|紀伝体,,,,世界史の窓（章節別用語リスト）,https://www.y-history.net/appendix/appendix-list.html
世界史段階別デッキ｜Deck 3｜主要王朝・人物・制度の穴埋め400語,WH-000834,834,Deck 3｜標準,事件・革命,スパルタクスの反乱,すぱるたくすのはんらん,第三次奴隷戦争,古代,ヨーロッパ,ローマ共和政下のイタリア半島,前73〜前71年,-73,WH-000834-B01,beginner,用語の特定,identify,剣闘士を中心とする奴隷がスパルタクスに率いられて起こした大反乱は？,スパルタクスの反乱,スパルタクスの反乱,第三次奴隷戦争,,,世界史の窓（章節別用語リスト）,https://www.y-history.net/appendix/appendix-list.html
世界史段階別デッキ｜Deck 3｜主要王朝・人物・制度の穴埋め400語,WH-000834,834,Deck 3｜標準,事件・革命,スパルタクスの反乱,すぱるたくすのはんらん,第三次奴隷戦争,古代,ヨーロッパ,ローマ共和政下のイタリア半島,前73〜前71年,-73,WH-000834-B02,beginner,時期,time,「スパルタクスの反乱」が起きたのはいつ？,前73〜前71年,前73〜前71年,,,前73年：「波」(前73)となる、スパルタクスの反乱,世界史の窓（章節別用語リスト）,https://www.y-history.net/appendix/appendix-list.html
世界史段階別デッキ｜Deck 3｜主要王朝・人物・制度の穴埋め400語,WH-000834,834,Deck 3｜標準,事件・革命,スパルタクスの反乱,すぱるたくすのはんらん,第三次奴隷戦争,古代,ヨーロッパ,ローマ共和政下のイタリア半島,前73〜前71年,-73,WH-000834-B03,beginner,内容,content,「スパルタクスの反乱」について、鎮圧したローマの有力者は？,クラッスス,クラッスス,,,,世界史の窓（章節別用語リスト）,https://www.y-history.net/appendix/appendix-list.html
世界史段階別デッキ｜Deck 3｜主要王朝・人物・制度の穴埋め400語,WH-000834,834,Deck 3｜標準,事件・革命,スパルタクスの反乱,すぱるたくすのはんらん,第三次奴隷戦争,古代,ヨーロッパ,ローマ共和政下のイタリア半島,前73〜前71年,-73,WH-000834-R01,reverse,複合説明,reverse,何が起きた？,ローマ共和政下のイタリア半島を主な舞台に、**スパルタクスの反乱**は、剣闘士**スパルタクス**に率いられた多数の奴隷がローマ共和政下のイタリアで蜂起した。反乱は**クラッスス**に鎮圧され、ローマの奴隷制社会の矛盾を示した。,スパルタクスの反乱|スパルタクス|クラッスス,,,,世界史の窓（章節別用語リスト）,https://www.y-history.net/appendix/appendix-list.html
世界史段階別デッキ｜Deck 3｜主要王朝・人物・制度の穴埋め400語,WH-000834,834,Deck 3｜標準,事件・革命,スパルタクスの反乱,すぱるたくすのはんらん,第三次奴隷戦争,古代,ヨーロッパ,ローマ共和政下のイタリア半島,前73〜前71年,-73,WH-000834-R02,reverse,時期,time,「スパルタクスの反乱」が起きたのはいつ？,**前73〜前71年**,前73〜前71年,,,前73年：「波」(前73)となる、スパルタクスの反乱,世界史の窓（章節別用語リスト）,https://www.y-history.net/appendix/appendix-list.html
世界史段階別デッキ｜Deck 3｜主要王朝・人物・制度の穴埋め400語,WH-000834,834,Deck 3｜標準,事件・革命,スパルタクスの反乱,すぱるたくすのはんらん,第三次奴隷戦争,古代,ヨーロッパ,ローマ共和政下のイタリア半島,前73〜前71年,-73,WH-000834-I01,integrated,統合説明,integrated,「スパルタクスの反乱」について説明せよ。,**前73〜前71年**、ローマ共和政下のイタリア半島を主な舞台に、**スパルタクスの反乱**は、剣闘士**スパルタクス**に率いられた多数の奴隷がローマ共和政下のイタリアで蜂起した。反乱は**クラッスス**に鎮圧され、ローマの奴隷制社会の矛盾を示した。,スパルタクスの反乱|前73〜前71年|スパルタクス|クラッスス,,,前73年：「波」(前73)となる、スパルタクスの反乱,世界史の窓（章節別用語リスト）,https://www.y-history.net/appendix/appendix-list.html
世界史段階別デッキ｜Deck 3｜主要王朝・人物・制度の穴埋め400語,WH-000858,858,Deck 3｜標準,国家・王朝,扶南,ふなん,,古代,東南アジア,メコン川下流域・カンボジア南部・ベトナム南部,1〜6世紀,100,WH-000858-B01,beginner,用語の特定,identify,メコン川下流域に成立し、インド文化と海上交易で栄えた東南アジア最古級の国家は？,扶南(ふなん),扶南,,,,世界史の窓（章節別用語リスト）,https://www.y-history.net/appendix/appendix-list.html
世界史段階別デッキ｜Deck 3｜主要王朝・人物・制度の穴埋め400語,WH-000858,858,Deck 3｜標準,国家・王朝,扶南,ふなん,,古代,東南アジア,メコン川下流域・カンボジア南部・ベトナム南部,1〜6世紀,100,WH-000858-B02,beginner,時期,time,「扶南(ふなん)」が存在したのはいつ？,1〜6世紀,1〜6世紀,,,,世界史の窓（章節別用語リスト）,https://www.y-history.net/appendix/appendix-list.html
世界史段階別デッキ｜Deck 3｜主要王朝・人物・制度の穴埋め400語,WH-000858,858,Deck 3｜標準,国家・王朝,扶南,ふなん,,古代,東南アジア,メコン川下流域・カンボジア南部・ベトナム南部,1〜6世紀,100,WH-000858-B03,beginner,内容,content,「扶南(ふなん)」について、繁栄を支えたものは？,海上交易,海上交易,,,,世界史の窓（章節別用語リスト）,https://www.y-history.net/appendix/appendix-list.html
世界史段階別デッキ｜Deck 3｜主要王朝・人物・制度の穴埋め400語,WH-000858,858,Deck 3｜標準,国家・王朝,扶南,ふなん,,古代,東南アジア,メコン川下流域・カンボジア南部・ベトナム南部,1〜6世紀,100,WH-000858-R01,reverse,複合説明,reverse,何をした？,メコン川下流域・カンボジア南部・ベトナム南部を主な舞台に、**扶南(ふなん)**は、メコン川下流域に成立した東南アジア最古級の国家で、インド文化を受容し、南シナ海とインド洋を結ぶ**海上交易**で栄えた。6世紀頃に真臘(しんろう)の勢力に吸収された。,扶南|海上交易,,,,世界史の窓（章節別用語リスト）,https://www.y-history.net/appendix/appendix-list.html
世界史段階別デッキ｜Deck 3｜主要王朝・人物・制度の穴埋め400語,WH-000858,858,Deck 3｜標準,国家・王朝,扶南,ふなん,,古代,東南アジア,メコン川下流域・カンボジア南部・ベトナム南部,1〜6世紀,100,WH-000858-R02,reverse,時期,time,「扶南(ふなん)」が存在したのはいつ？,**1〜6世紀**,1〜6世紀,,,,世界史の窓（章節別用語リスト）,https://www.y-history.net/appendix/appendix-list.html
世界史段階別デッキ｜Deck 3｜主要王朝・人物・制度の穴埋め400語,WH-000858,858,Deck 3｜標準,国家・王朝,扶南,ふなん,,古代,東南アジア,メコン川下流域・カンボジア南部・ベトナム南部,1〜6世紀,100,WH-000858-I01,integrated,統合説明,integrated,「扶南(ふなん)」について説明せよ。,**1〜6世紀**、メコン川下流域・カンボジア南部・ベトナム南部を主な舞台に、**扶南(ふなん)**は、メコン川下流域に成立した東南アジア最古級の国家で、インド文化を受容し、南シナ海とインド洋を結ぶ**海上交易**で栄えた。6世紀頃に真臘(しんろう)の勢力に吸収された。,扶南|1〜6世紀|海上交易,,,,世界史の窓（章節別用語リスト）,https://www.y-history.net/appendix/appendix-list.html
世界史段階別デッキ｜Deck 3｜主要王朝・人物・制度の穴埋め400語,WH-000915,915,Deck 3｜標準,国家・王朝,アクスム王国,あくすむおうこく,,古代,アフリカ,エチオピア高原・紅海沿岸,1〜7世紀頃,100,WH-000915-B01,beginner,用語の特定,identify,紅海交易で栄え、4世紀にキリスト教を受容した東アフリカの王国は？,アクスム王国,アクスム王国,,,,世界史の窓（章節別用語リスト）,https://www.y-history.net/appendix/appendix-list.html
世界史段階別デッキ｜Deck 3｜主要王朝・人物・制度の穴埋め400語,WH-000915,915,Deck 3｜標準,国家・王朝,アクスム王国,あくすむおうこく,,古代,アフリカ,エチオピア高原・紅海沿岸,1〜7世紀頃,100,WH-000915-B02,beginner,時期,time,「アクスム王国」が存在したのはいつ？,1〜7世紀頃,1〜7世紀頃,,,,世界史の窓（章節別用語リスト）,https://www.y-history.net/appendix/appendix-list.html
世界史段階別デッキ｜Deck 3｜主要王朝・人物・制度の穴埋め400語,WH-000915,915,Deck 3｜標準,国家・王朝,アクスム王国,あくすむおうこく,,古代,アフリカ,エチオピア高原・紅海沿岸,1〜7世紀頃,100,WH-000915-B03,beginner,内容,content,「アクスム王国」について、受容した宗教は？,キリスト教,キリスト教,,,,世界史の窓（章節別用語リスト）,https://www.y-history.net/appendix/appendix-list.html
世界史段階別デッキ｜Deck 3｜主要王朝・人物・制度の穴埋め400語,WH-000915,915,Deck 3｜標準,国家・王朝,アクスム王国,あくすむおうこく,,古代,アフリカ,エチオピア高原・紅海沿岸,1〜7世紀頃,100,WH-000915-R01,reverse,複合説明,reverse,何をした？,エチオピア高原・紅海沿岸を主な舞台に、**アクスム王国**は、エチオピア高原を基盤に紅海交易を支配し、独自の貨幣を発行した。4世紀に王エザナが**キリスト教**を受容し、後のエチオピアのキリスト教文化の基礎となった。,アクスム王国|キリスト教,,,,世界史の窓（章節別用語リスト）,https://www.y-history.net/appendix/appendix-list.html
世界史段階別デッキ｜Deck 3｜主要王朝・人物・制度の穴埋め400語,WH-000915,915,Deck 3｜標準,国家・王朝,アクスム王国,あくすむおうこく,,古代,アフリカ,エチオピア高原・紅海沿岸,1〜7世紀頃,100,WH-000915-R02,reverse,時期,time,「アクスム王国」が存在したのはいつ？,**1〜7世紀頃**,1〜7世紀頃,,,,世界史の窓（章節別用語リスト）,https://www.y-history.net/appendix/appendix-list.html
世界史段階別デッキ｜Deck 3｜主要王朝・人物・制度の穴埋め400語,WH-000915,915,Deck 3｜標準,国家・王朝,アクスム王国,あくすむおうこく,,古代,アフリカ,エチオピア高原・紅海沿岸,1〜7世紀頃,100,WH-000915-I01,integrated,統合説明,integrated,「アクスム王国」について説明せよ。,**1〜7世紀頃**、エチオピア高原・紅海沿岸を主な舞台に、**アクスム王国**は、エチオピア高原を基盤に紅海交易を支配し、独自の貨幣を発行した。4世紀に王エザナが**キリスト教**を受容し、後のエチオピアのキリスト教文化の基礎となった。,アクスム王国|1〜7世紀頃|キリスト教,,,,世界史の窓（章節別用語リスト）,https://www.y-history.net/appendix/appendix-list.html
世界史段階別デッキ｜Deck 3｜主要王朝・人物・制度の穴埋め400語,WH-000859,859,Deck 3｜標準,国家・王朝,チャンパー,ちゃんぱー,占城,古代,東南アジア,現在のベトナム中部沿岸,2〜19世紀,192,WH-000859-B01,beginner,用語の特定,identify,ベトナム中部沿岸にチャム人が建て、ヒンドゥー文化と海上交易で栄えた国は？,チャンパー,チャンパー,占城,,,世界史の窓（章節別用語リスト）,https://www.y-history.net/appendix/appendix-list.html
世界史段階別デッキ｜Deck 3｜主要王朝・人物・制度の穴埋め400語,WH-000859,859,Deck 3｜標準,国家・王朝,チャンパー,ちゃんぱー,占城,古代,東南アジア,現在のベトナム中部沿岸,2〜19世紀,192,WH-000859-B02,beginner,時期,time,「チャンパー」が存在したのはいつ？,2〜19世紀,2〜19世紀,,,,世界史の窓（章節別用語リスト）,https://www.y-history.net/appendix/appendix-list.html
世界史段階別デッキ｜Deck 3｜主要王朝・人物・制度の穴埋め400語,WH-000859,859,Deck 3｜標準,国家・王朝,チャンパー,ちゃんぱー,占城,古代,東南アジア,現在のベトナム中部沿岸,2〜19世紀,192,WH-000859-B03,beginner,関連,relation,「チャンパー」について、担い手となった民族は？,チャム人,チャム人,,,,世界史の窓（章節別用語リスト）,https://www.y-history.net/appendix/appendix-list.html
世界史段階別デッキ｜Deck 3｜主要王朝・人物・制度の穴埋め400語,WH-000859,859,Deck 3｜標準,国家・王朝,チャンパー,ちゃんぱー,占城,古代,東南アジア,現在のベトナム中部沿岸,2〜19世紀,192,WH-000859-R01,reverse,複合説明,reverse,何をした？,現在のベトナム中部沿岸を主な舞台に、**チャンパー**は、ベトナム中部沿岸に**チャム人**が建てた海洋国家で、インド文化を受容し、ヒンドゥー教寺院と海上交易で栄えた。北方の大越(だいえつ)と長く争い、次第に領土を失った。,チャンパー|チャム人,,,,世界史の窓（章節別用語リスト）,https://www.y-history.net/appendix/appendix-list.html
世界史段階別デッキ｜Deck 3｜主要王朝・人物・制度の穴埋め400語,WH-000859,859,Deck 3｜標準,国家・王朝,チャンパー,ちゃんぱー,占城,古代,東南アジア,現在のベトナム中部沿岸,2〜19世紀,192,WH-000859-R02,reverse,時期,time,「チャンパー」が存在したのはいつ？,**2〜19世紀**,2〜19世紀,,,,世界史の窓（章節別用語リスト）,https://www.y-history.net/appendix/appendix-list.html
世界史段階別デッキ｜Deck 3｜主要王朝・人物・制度の穴埋め400語,WH-000859,859,Deck 3｜標準,国家・王朝,チャンパー,ちゃんぱー,占城,古代,東南アジア,現在のベトナム中部沿岸,2〜19世紀,192,WH-000859-I01,integrated,統合説明,integrated,「チャンパー」について説明せよ。,**2〜19世紀**、現在のベトナム中部沿岸を主な舞台に、**チャンパー**は、ベトナム中部沿岸に**チャム人**が建てた海洋国家で、インド文化を受容し、ヒンドゥー教寺院と海上交易で栄えた。北方の大越(だいえつ)と長く争い、次第に領土を失った。,チャンパー|2〜19世紀|チャム人,,,,世界史の窓（章節別用語リスト）,https://www.y-history.net/appendix/appendix-list.html
世界史段階別デッキ｜Deck 3｜主要王朝・人物・制度の穴埋め400語,WH-000835,835,Deck 3｜標準,人物,カラカラ帝,からからてい,,古代,複数地域,ローマ帝国の地中海世界,211〜217年在位,211,WH-000835-B01,beginner,用語の特定,identify,帝国内のほぼすべての自由民にローマ市民権を与える勅令を出した皇帝は？,カラカラ帝,カラカラ帝,,,,世界史の窓（章節別用語リスト）,https://www.y-history.net/appendix/appendix-list.html
世界史段階別デッキ｜Deck 3｜主要王朝・人物・制度の穴埋め400語,WH-000835,835,Deck 3｜標準,人物,カラカラ帝,からからてい,,古代,複数地域,ローマ帝国の地中海世界,211〜217年在位,211,WH-000835-B02,beginner,時期,time,「カラカラ帝」が主に活動したのはいつ？,211〜217年在位,211〜217年在位,,,211年：「帝国で 全土に いい策 カラカラ帝」（211）カラカラ帝の即位。,世界史の窓（章節別用語リスト）,https://www.y-history.net/appendix/appendix-list.html
世界史段階別デッキ｜Deck 3｜主要王朝・人物・制度の穴埋め400語,WH-000835,835,Deck 3｜標準,人物,カラカラ帝,からからてい,,古代,複数地域,ローマ帝国の地中海世界,211〜217年在位,211,WH-000835-B03,beginner,内容,content,「カラカラ帝」について、発布した勅令は？,アントニヌス勅令,アントニヌス勅令,,,,世界史の窓（章節別用語リスト）,https://www.y-history.net/appendix/appendix-list.html
世界史段階別デッキ｜Deck 3｜主要王朝・人物・制度の穴埋め400語,WH-000835,835,Deck 3｜標準,人物,カラカラ帝,からからてい,,古代,複数地域,ローマ帝国の地中海世界,211〜217年在位,211,WH-000835-R01,reverse,複合説明,reverse,何をした？,ローマ帝国の地中海世界を主な舞台に、**カラカラ帝**は、212年に**アントニヌス勅令**を発布し、帝国内のほぼすべての自由民に**ローマ市民権**を与えた。市民権を広げる一方、課税対象を拡大する狙いもあった。,カラカラ帝|アントニヌス勅令|ローマ市民権,,,,世界史の窓（章節別用語リスト）,https://www.y-history.net/appendix/appendix-list.html
世界史段階別デッキ｜Deck 3｜主要王朝・人物・制度の穴埋め400語,WH-000835,835,Deck 3｜標準,人物,カラカラ帝,からからてい,,古代,複数地域,ローマ帝国の地中海世界,211〜217年在位,211,WH-000835-R02,reverse,時期,time,「カラカラ帝」が主に活動したのはいつ？,**211〜217年在位**,211〜217年在位,,,211年：「帝国で 全土に いい策 カラカラ帝」（211）カラカラ帝の即位。,世界史の窓（章節別用語リスト）,https://www.y-history.net/appendix/appendix-list.html
世界史段階別デッキ｜Deck 3｜主要王朝・人物・制度の穴埋め400語,WH-000835,835,Deck 3｜標準,人物,カラカラ帝,からからてい,,古代,複数地域,ローマ帝国の地中海世界,211〜217年在位,211,WH-000835-I01,integrated,統合説明,integrated,「カラカラ帝」について説明せよ。,**211〜217年在位**、ローマ帝国の地中海世界を主な舞台に、**カラカラ帝**は、212年に**アントニヌス勅令**を発布し、帝国内のほぼすべての自由民に**ローマ市民権**を与えた。市民権を広げる一方、課税対象を拡大する狙いもあった。,カラカラ帝|211〜217年在位|アントニヌス勅令|ローマ市民権,,,211年：「帝国で 全土に いい策 カラカラ帝」（211）カラカラ帝の即位。,世界史の窓（章節別用語リスト）,https://www.y-history.net/appendix/appendix-list.html
世界史段階別デッキ｜Deck 3｜主要王朝・人物・制度の穴埋め400語,WH-000836,836,Deck 3｜標準,制度・政策・法律,アントニヌス勅令,あんとにぬすちょくれい,カラカラ帝の勅令,古代,複数地域,ローマ帝国全域,212年,212,WH-000836-B01,beginner,用語の特定,identify,ローマ帝国内のほぼすべての自由民に市民権を与えたカラカラ帝の勅令は？,アントニヌス勅令,アントニヌス勅令,カラカラ帝の勅令,,,世界史の窓（章節別用語リスト）,https://www.y-history.net/appendix/appendix-list.html
世界史段階別デッキ｜Deck 3｜主要王朝・人物・制度の穴埋め400語,WH-000836,836,Deck 3｜標準,制度・政策・法律,アントニヌス勅令,あんとにぬすちょくれい,カラカラ帝の勅令,古代,複数地域,ローマ帝国全域,212年,212,WH-000836-B02,beginner,時期,time,「アントニヌス勅令」が実施・整備されたのはいつ？,212年,212年,,,212年：「遂に」(212)与えたローマ市民権、アントニヌス勅令,世界史の窓（章節別用語リスト）,https://www.y-history.net/appendix/appendix-list.html
世界史段階別デッキ｜Deck 3｜主要王朝・人物・制度の穴埋め400語,WH-000836,836,Deck 3｜標準,制度・政策・法律,アントニヌス勅令,あんとにぬすちょくれい,カラカラ帝の勅令,古代,複数地域,ローマ帝国全域,212年,212,WH-000836-B03,beginner,中心人物,person,「アントニヌス勅令」について、発布した皇帝は？,カラカラ帝,カラカラ帝,,,,世界史の窓（章節別用語リスト）,https://www.y-history.net/appendix/appendix-list.html
世界史段階別デッキ｜Deck 3｜主要王朝・人物・制度の穴埋め400語,WH-000836,836,Deck 3｜標準,制度・政策・法律,アントニヌス勅令,あんとにぬすちょくれい,カラカラ帝の勅令,古代,複数地域,ローマ帝国全域,212年,212,WH-000836-R01,reverse,複合説明,reverse,どんな制度・政策・法律？,ローマ帝国全域を主な舞台に、**アントニヌス勅令**は、**カラカラ帝**が発布し、帝国内のほぼすべての自由民へ**ローマ市民権**を与えた。都市国家ローマの市民権を帝国全体へ広げ、法的統合と課税対象の拡大を進めた。,アントニヌス勅令|カラカラ帝|ローマ市民権,,,,世界史の窓（章節別用語リスト）,https://www.y-history.net/appendix/appendix-list.html
世界史段階別デッキ｜Deck 3｜主要王朝・人物・制度の穴埋め400語,WH-000836,836,Deck 3｜標準,制度・政策・法律,アントニヌス勅令,あんとにぬすちょくれい,カラカラ帝の勅令,古代,複数地域,ローマ帝国全域,212年,212,WH-000836-R02,reverse,時期,time,「アントニヌス勅令」が実施・整備されたのはいつ？,**212年**,212年,,,212年：「遂に」(212)与えたローマ市民権、アントニヌス勅令,世界史の窓（章節別用語リスト）,https://www.y-history.net/appendix/appendix-list.html
世界史段階別デッキ｜Deck 3｜主要王朝・人物・制度の穴埋め400語,WH-000836,836,Deck 3｜標準,制度・政策・法律,アントニヌス勅令,あんとにぬすちょくれい,カラカラ帝の勅令,古代,複数地域,ローマ帝国全域,212年,212,WH-000836-I01,integrated,統合説明,integrated,「アントニヌス勅令」について説明せよ。,**212年**、ローマ帝国全域を主な舞台に、**アントニヌス勅令**は、**カラカラ帝**が発布し、帝国内のほぼすべての自由民へ**ローマ市民権**を与えた。都市国家ローマの市民権を帝国全体へ広げ、法的統合と課税対象の拡大を進めた。,アントニヌス勅令|212年|カラカラ帝|ローマ市民権,,,212年：「遂に」(212)与えたローマ市民権、アントニヌス勅令,世界史の窓（章節別用語リスト）,https://www.y-history.net/appendix/appendix-list.html
世界史段階別デッキ｜Deck 3｜主要王朝・人物・制度の穴埋め400語,WH-000801,801,Deck 3｜標準,国家・王朝,ササン朝,ささんちょう,サーサーン朝,古代,西アジア,イラン高原・メソポタミア,224〜651年,224,WH-000801-B01,beginner,用語の特定,identify,アルダシール1世がパルティアを倒して建て、イスラーム勢力に滅ぼされたイラン系王朝は？,ササン朝,ササン朝,サーサーン朝,,,世界史の窓（章節別用語リスト）,https://www.y-history.net/appendix/appendix-list.html
世界史段階別デッキ｜Deck 3｜主要王朝・人物・制度の穴埋め400語,WH-000801,801,Deck 3｜標準,国家・王朝,ササン朝,ささんちょう,サーサーン朝,古代,西アジア,イラン高原・メソポタミア,224〜651年,224,WH-000801-B02,beginner,時期,time,「ササン朝」が存在したのはいつ？,224〜651年,224〜651年,,,,世界史の窓（章節別用語リスト）,https://www.y-history.net/appendix/appendix-list.html
世界史段階別デッキ｜Deck 3｜主要王朝・人物・制度の穴埋め400語,WH-000801,801,Deck 3｜標準,国家・王朝,ササン朝,ささんちょう,サーサーン朝,古代,西アジア,イラン高原・メソポタミア,224〜651年,224,WH-000801-B03,beginner,中心人物,person,「ササン朝」について、建国者は？,アルダシール1世,アルダシール1世,,,,世界史の窓（章節別用語リスト）,https://www.y-history.net/appendix/appendix-list.html
世界史段階別デッキ｜Deck 3｜主要王朝・人物・制度の穴埋め400語,WH-000801,801,Deck 3｜標準,国家・王朝,ササン朝,ささんちょう,サーサーン朝,古代,西アジア,イラン高原・メソポタミア,224〜651年,224,WH-000801-R01,reverse,複合説明,reverse,何をした？,イラン高原・メソポタミアを主な舞台に、**ササン朝**は、**アルダシール1世**が**パルティア**を倒して建てたイラン系王朝で、**ゾロアスター教**を保護し、ローマ帝国・ビザンツ帝国と抗争した。東西交易を担ったが、7世紀にイスラーム勢力に滅ぼされた。,ササン朝|アルダシール1世|パルティア|ゾロアスター教,,,,世界史の窓（章節別用語リスト）,https://www.y-history.net/appendix/appendix-list.html
世界史段階別デッキ｜Deck 3｜主要王朝・人物・制度の穴埋め400語,WH-000801,801,Deck 3｜標準,国家・王朝,ササン朝,ささんちょう,サーサーン朝,古代,西アジア,イラン高原・メソポタミア,224〜651年,224,WH-000801-R02,reverse,時期,time,「ササン朝」が存在したのはいつ？,**224〜651年**,224〜651年,,,,世界史の窓（章節別用語リスト）,https://www.y-history.net/appendix/appendix-list.html
世界史段階別デッキ｜Deck 3｜主要王朝・人物・制度の穴埋め400語,WH-000801,801,Deck 3｜標準,国家・王朝,ササン朝,ささんちょう,サーサーン朝,古代,西アジア,イラン高原・メソポタミア,224〜651年,224,WH-000801-I01,integrated,統合説明,integrated,「ササン朝」について説明せよ。,**224〜651年**、イラン高原・メソポタミアを主な舞台に、**ササン朝**は、**アルダシール1世**が**パルティア**を倒して建てたイラン系王朝で、**ゾロアスター教**を保護し、ローマ帝国・ビザンツ帝国と抗争した。東西交易を担ったが、7世紀にイスラーム勢力に滅ぼされた。,ササン朝|224〜651年|アルダシール1世|パルティア|ゾロアスター教,,,,世界史の窓（章節別用語リスト）,https://www.y-history.net/appendix/appendix-list.html
世界史段階別デッキ｜Deck 3｜主要王朝・人物・制度の穴埋め400語,WH-000838,838,Deck 3｜標準,国家・王朝,西ゴート王国,にしごーとおうこく,,古代,ヨーロッパ,南ガリアからイベリア半島・トレド,418〜711年,418,WH-000838-B01,beginner,用語の特定,identify,イベリア半島を中心に栄え、711年にイスラーム軍に滅ぼされたゲルマン人王国は？,西ゴート王国,西ゴート王国,,,,世界史の窓（章節別用語リスト）,https://www.y-history.net/appendix/appendix-list.html
世界史段階別デッキ｜Deck 3｜主要王朝・人物・制度の穴埋め400語,WH-000838,838,Deck 3｜標準,国家・王朝,西ゴート王国,にしごーとおうこく,,古代,ヨーロッパ,南ガリアからイベリア半島・トレド,418〜711年,418,WH-000838-B02,beginner,時期,time,「西ゴート王国」が存在したのはいつ？,418〜711年,418〜711年,,,418年：「良い輪」(418)広げ、西ゴート王国の建国,世界史の窓（章節別用語リスト）,https://www.y-history.net/appendix/appendix-list.html
世界史段階別デッキ｜Deck 3｜主要王朝・人物・制度の穴埋め400語,WH-000838,838,Deck 3｜標準,国家・王朝,西ゴート王国,にしごーとおうこく,,古代,ヨーロッパ,南ガリアからイベリア半島・トレド,418〜711年,418,WH-000838-B03,beginner,地域,place,「西ゴート王国」について、後期の首都は？,トレド,トレド,,,,世界史の窓（章節別用語リスト）,https://www.y-history.net/appendix/appendix-list.html
世界史段階別デッキ｜Deck 3｜主要王朝・人物・制度の穴埋め400語,WH-000838,838,Deck 3｜標準,国家・王朝,西ゴート王国,にしごーとおうこく,,古代,ヨーロッパ,南ガリアからイベリア半島・トレド,418〜711年,418,WH-000838-R01,reverse,複合説明,reverse,何をした？,南ガリアからイベリア半島・トレドを主な舞台に、**西ゴート王国**は、西ゴート人が南ガリアに建て、のちイベリア半島の**トレド**を中心に支配したゲルマン王国である。カトリックへ改宗して住民統合を進めたが、711年にイスラーム軍に滅ぼされた。,西ゴート王国|トレド,,,,世界史の窓（章節別用語リスト）,https://www.y-history.net/appendix/appendix-list.html
世界史段階別デッキ｜Deck 3｜主要王朝・人物・制度の穴埋め400語,WH-000838,838,Deck 3｜標準,国家・王朝,西ゴート王国,にしごーとおうこく,,古代,ヨーロッパ,南ガリアからイベリア半島・トレド,418〜711年,418,WH-000838-R02,reverse,時期,time,「西ゴート王国」が存在したのはいつ？,**418〜711年**,418〜711年,,,418年：「良い輪」(418)広げ、西ゴート王国の建国,世界史の窓（章節別用語リスト）,https://www.y-history.net/appendix/appendix-list.html
世界史段階別デッキ｜Deck 3｜主要王朝・人物・制度の穴埋め400語,WH-000838,838,Deck 3｜標準,国家・王朝,西ゴート王国,にしごーとおうこく,,古代,ヨーロッパ,南ガリアからイベリア半島・トレド,418〜711年,418,WH-000838-I01,integrated,統合説明,integrated,「西ゴート王国」について説明せよ。,**418〜711年**、南ガリアからイベリア半島・トレドを主な舞台に、**西ゴート王国**は、西ゴート人が南ガリアに建て、のちイベリア半島の**トレド**を中心に支配したゲルマン王国である。カトリックへ改宗して住民統合を進めたが、711年にイスラーム軍に滅ぼされた。,西ゴート王国|418〜711年|トレド,,,418年：「良い輪」(418)広げ、西ゴート王国の建国,世界史の窓（章節別用語リスト）,https://www.y-history.net/appendix/appendix-list.html
世界史段階別デッキ｜Deck 3｜主要王朝・人物・制度の穴埋め400語,WH-000837,837,Deck 3｜標準,国家・王朝,ゲルマン諸王国,げるまんしょおうこく,,古代,ヨーロッパ,西ヨーロッパ・南ヨーロッパ・北アフリカ,5〜6世紀,450,WH-000837-B01,beginner,用語の特定,identify,民族大移動後、西ローマ帝国領内にフランク・西ゴート・東ゴートなどが築いた諸国は？,ゲルマン諸王国,ゲルマン諸王国,,,,世界史の窓（章節別用語リスト）,https://www.y-history.net/appendix/appendix-list.html
世界史段階別デッキ｜Deck 3｜主要王朝・人物・制度の穴埋め400語,WH-000837,837,Deck 3｜標準,国家・王朝,ゲルマン諸王国,げるまんしょおうこく,,古代,ヨーロッパ,西ヨーロッパ・南ヨーロッパ・北アフリカ,5〜6世紀,450,WH-000837-B02,beginner,時期,time,「ゲルマン諸王国」が存在したのはいつ？,5〜6世紀,5〜6世紀,,,,世界史の窓（章節別用語リスト）,https://www.y-history.net/appendix/appendix-list.html
世界史段階別デッキ｜Deck 3｜主要王朝・人物・制度の穴埋め400語,WH-000837,837,Deck 3｜標準,国家・王朝,ゲルマン諸王国,げるまんしょおうこく,,古代,ヨーロッパ,西ヨーロッパ・南ヨーロッパ・北アフリカ,5〜6世紀,450,WH-000837-B03,beginner,内容,content,「ゲルマン諸王国」について、代表的な王国を二つ答えると？,フランク王国・西ゴート王国,フランク王国・西ゴート王国,,,,世界史の窓（章節別用語リスト）,https://www.y-history.net/appendix/appendix-list.html
世界史段階別デッキ｜Deck 3｜主要王朝・人物・制度の穴埋め400語,WH-000837,837,Deck 3｜標準,国家・王朝,ゲルマン諸王国,げるまんしょおうこく,,古代,ヨーロッパ,西ヨーロッパ・南ヨーロッパ・北アフリカ,5〜6世紀,450,WH-000837-R01,reverse,複合説明,reverse,何をした？,西ヨーロッパ・南ヨーロッパ・北アフリカを主な舞台に、**ゲルマン諸王国**は、**民族大移動**の中でゲルマン諸部族が西ローマ帝国領内に建てた王国群で、**フランク王国**・西ゴート王国・東ゴート王国・ヴァンダル王国などがあった。ローマ文化やキリスト教を取り込み、中世西ヨーロッパの基礎となった。,ゲルマン諸王国|民族大移動|フランク王国,,,,世界史の窓（章節別用語リスト）,https://www.y-history.net/appendix/appendix-list.html
世界史段階別デッキ｜Deck 3｜主要王朝・人物・制度の穴埋め400語,WH-000837,837,Deck 3｜標準,国家・王朝,ゲルマン諸王国,げるまんしょおうこく,,古代,ヨーロッパ,西ヨーロッパ・南ヨーロッパ・北アフリカ,5〜6世紀,450,WH-000837-R02,reverse,時期,time,「ゲルマン諸王国」が存在したのはいつ？,**5〜6世紀**,5〜6世紀,,,,世界史の窓（章節別用語リスト）,https://www.y-history.net/appendix/appendix-list.html
世界史段階別デッキ｜Deck 3｜主要王朝・人物・制度の穴埋め400語,WH-000837,837,Deck 3｜標準,国家・王朝,ゲルマン諸王国,げるまんしょおうこく,,古代,ヨーロッパ,西ヨーロッパ・南ヨーロッパ・北アフリカ,5〜6世紀,450,WH-000837-I01,integrated,統合説明,integrated,「ゲルマン諸王国」について説明せよ。,**5〜6世紀**、西ヨーロッパ・南ヨーロッパ・北アフリカを主な舞台に、**ゲルマン諸王国**は、**民族大移動**の中でゲルマン諸部族が西ローマ帝国領内に建てた王国群で、**フランク王国**・西ゴート王国・東ゴート王国・ヴァンダル王国などがあった。ローマ文化やキリスト教を取り込み、中世西ヨーロッパの基礎となった。,ゲルマン諸王国|5〜6世紀|民族大移動|フランク王国,,,,世界史の窓（章節別用語リスト）,https://www.y-history.net/appendix/appendix-list.html
世界史段階別デッキ｜Deck 3｜主要王朝・人物・制度の穴埋め400語,WH-000846,846,Deck 3｜標準,文化・技術・学問,ナーランダー僧院,なーらんだーそういん,ナーランダー大学,古代,南アジア,北インド・ビハール地方,5〜12世紀,450,WH-000846-B01,beginner,用語の特定,identify,玄奘(げんじょう)も学んだ、北インドの大規模な仏教教学・研究施設は？,ナーランダー僧院,ナーランダー僧院,ナーランダー大学,,,世界史の窓（章節別用語リスト）,https://www.y-history.net/appendix/appendix-list.html
世界史段階別デッキ｜Deck 3｜主要王朝・人物・制度の穴埋め400語,WH-000846,846,Deck 3｜標準,文化・技術・学問,ナーランダー僧院,なーらんだーそういん,ナーランダー大学,古代,南アジア,北インド・ビハール地方,5〜12世紀,450,WH-000846-B02,beginner,時期,time,「ナーランダー僧院」が使用・展開されたのはいつ？,5〜12世紀,5〜12世紀,,,,世界史の窓（章節別用語リスト）,https://www.y-history.net/appendix/appendix-list.html
世界史段階別デッキ｜Deck 3｜主要王朝・人物・制度の穴埋め400語,WH-000846,846,Deck 3｜標準,文化・技術・学問,ナーランダー僧院,なーらんだーそういん,ナーランダー大学,古代,南アジア,北インド・ビハール地方,5〜12世紀,450,WH-000846-B03,beginner,内容,content,「ナーランダー僧院」について、留学した唐の僧は？,玄奘(げんじょう),玄奘,,,,世界史の窓（章節別用語リスト）,https://www.y-history.net/appendix/appendix-list.html
世界史段階別デッキ｜Deck 3｜主要王朝・人物・制度の穴埋め400語,WH-000846,846,Deck 3｜標準,文化・技術・学問,ナーランダー僧院,なーらんだーそういん,ナーランダー大学,古代,南アジア,北インド・ビハール地方,5〜12世紀,450,WH-000846-R01,reverse,複合説明,reverse,どんな文化・技術・学問？,北インド・ビハール地方を主な舞台に、**ナーランダー僧院**は、グプタ朝期以後に北インドで栄えた大規模な仏教僧院・教学機関で、インド内外から学僧が集まった。唐の**玄奘(げんじょう)**も学び、仏教知識を中国へ伝えた。,ナーランダー僧院|玄奘,,,,世界史の窓（章節別用語リスト）,https://www.y-history.net/appendix/appendix-list.html
世界史段階別デッキ｜Deck 3｜主要王朝・人物・制度の穴埋め400語,WH-000846,846,Deck 3｜標準,文化・技術・学問,ナーランダー僧院,なーらんだーそういん,ナーランダー大学,古代,南アジア,北インド・ビハール地方,5〜12世紀,450,WH-000846-R02,reverse,時期,time,「ナーランダー僧院」が使用・展開されたのはいつ？,**5〜12世紀**,5〜12世紀,,,,世界史の窓（章節別用語リスト）,https://www.y-history.net/appendix/appendix-list.html
世界史段階別デッキ｜Deck 3｜主要王朝・人物・制度の穴埋め400語,WH-000846,846,Deck 3｜標準,文化・技術・学問,ナーランダー僧院,なーらんだーそういん,ナーランダー大学,古代,南アジア,北インド・ビハール地方,5〜12世紀,450,WH-000846-I01,integrated,統合説明,integrated,「ナーランダー僧院」について説明せよ。,**5〜12世紀**、北インド・ビハール地方を主な舞台に、**ナーランダー僧院**は、グプタ朝期以後に北インドで栄えた大規模な仏教僧院・教学機関で、インド内外から学僧が集まった。唐の**玄奘(げんじょう)**も学び、仏教知識を中国へ伝えた。,ナーランダー僧院|5〜12世紀|玄奘,,,,世界史の窓（章節別用語リスト）,https://www.y-history.net/appendix/appendix-list.html
世界史段階別デッキ｜Deck 3｜主要王朝・人物・制度の穴埋め400語,WH-000840,840,Deck 3｜標準,人物,ベネディクトゥス,べねでぃくとぅす,ヌルシアのベネディクトゥス,古代,ヨーロッパ,イタリア・モンテ＝カッシーノ,5世紀末〜6世紀前半,480,WH-000840-B01,beginner,用語の特定,identify,「祈り、働け」の精神を持つ修道規則を定め、西方修道制の基礎を築いた人物は？,ベネディクトゥス,ベネディクトゥス,ヌルシアのベネディクトゥス,,,世界史の窓（章節別用語リスト）,https://www.y-history.net/appendix/appendix-list.html
世界史段階別デッキ｜Deck 3｜主要王朝・人物・制度の穴埋め400語,WH-000840,840,Deck 3｜標準,人物,ベネディクトゥス,べねでぃくとぅす,ヌルシアのベネディクトゥス,古代,ヨーロッパ,イタリア・モンテ＝カッシーノ,5世紀末〜6世紀前半,480,WH-000840-B02,beginner,時期,time,「ベネディクトゥス」が主に活動したのはいつ？,5世紀末〜6世紀前半,5世紀末〜6世紀前半,,,,世界史の窓（章節別用語リスト）,https://www.y-history.net/appendix/appendix-list.html
世界史段階別デッキ｜Deck 3｜主要王朝・人物・制度の穴埋め400語,WH-000840,840,Deck 3｜標準,人物,ベネディクトゥス,べねでぃくとぅす,ヌルシアのベネディクトゥス,古代,ヨーロッパ,イタリア・モンテ＝カッシーノ,5世紀末〜6世紀前半,480,WH-000840-B03,beginner,内容,content,「ベネディクトゥス」について、建てた修道院は？,モンテ＝カッシーノ修道院,モンテ＝カッシーノ修道院,,,,世界史の窓（章節別用語リスト）,https://www.y-history.net/appendix/appendix-list.html
世界史段階別デッキ｜Deck 3｜主要王朝・人物・制度の穴埋め400語,WH-000840,840,Deck 3｜標準,人物,ベネディクトゥス,べねでぃくとぅす,ヌルシアのベネディクトゥス,古代,ヨーロッパ,イタリア・モンテ＝カッシーノ,5世紀末〜6世紀前半,480,WH-000840-R01,reverse,複合説明,reverse,何をした？,イタリア・モンテ＝カッシーノを主な舞台に、**ベネディクトゥス**は、イタリアの**モンテ＝カッシーノ修道院**を建て、祈りと労働、共同生活を重視する**ベネディクトゥス戒律**を定めた。西ヨーロッパの修道制度の標準を築いた。,ベネディクトゥス|モンテ＝カッシーノ修道院|ベネディクトゥス戒律,,,,世界史の窓（章節別用語リスト）,https://www.y-history.net/appendix/appendix-list.html
世界史段階別デッキ｜Deck 3｜主要王朝・人物・制度の穴埋め400語,WH-000840,840,Deck 3｜標準,人物,ベネディクトゥス,べねでぃくとぅす,ヌルシアのベネディクトゥス,古代,ヨーロッパ,イタリア・モンテ＝カッシーノ,5世紀末〜6世紀前半,480,WH-000840-R02,reverse,時期,time,「ベネディクトゥス」が主に活動したのはいつ？,**5世紀末〜6世紀前半**,5世紀末〜6世紀前半,,,,世界史の窓（章節別用語リスト）,https://www.y-history.net/appendix/appendix-list.html
世界史段階別デッキ｜Deck 3｜主要王朝・人物・制度の穴埋め400語,WH-000840,840,Deck 3｜標準,人物,ベネディクトゥス,べねでぃくとぅす,ヌルシアのベネディクトゥス,古代,ヨーロッパ,イタリア・モンテ＝カッシーノ,5世紀末〜6世紀前半,480,WH-000840-I01,integrated,統合説明,integrated,「ベネディクトゥス」について説明せよ。,**5世紀末〜6世紀前半**、イタリア・モンテ＝カッシーノを主な舞台に、**ベネディクトゥス**は、イタリアの**モンテ＝カッシーノ修道院**を建て、祈りと労働、共同生活を重視する**ベネディクトゥス戒律**を定めた。西ヨーロッパの修道制度の標準を築いた。,ベネディクトゥス|5世紀末〜6世紀前半|モンテ＝カッシーノ修道院|ベネディクトゥス戒律,,,,世界史の窓（章節別用語リスト）,https://www.y-history.net/appendix/appendix-list.html
世界史段階別デッキ｜Deck 3｜主要王朝・人物・制度の穴埋め400語,WH-000920,920,Deck 3｜標準,国家・王朝,メロヴィング朝,めろゔぃんぐちょう,,古代,ヨーロッパ,ガリアを中心とする西ヨーロッパ,481〜751年,481,WH-000920-B01,beginner,用語の特定,identify,クローヴィスが統一し、カトリックへ改宗してフランク王国の基礎を築いた王朝は？,メロヴィング朝,メロヴィング朝,,,,世界史の窓（章節別用語リスト）,https://www.y-history.net/appendix/appendix-list.html
世界史段階別デッキ｜Deck 3｜主要王朝・人物・制度の穴埋め400語,WH-000920,920,Deck 3｜標準,国家・王朝,メロヴィング朝,めろゔぃんぐちょう,,古代,ヨーロッパ,ガリアを中心とする西ヨーロッパ,481〜751年,481,WH-000920-B02,beginner,時期,time,「メロヴィング朝」が存在したのはいつ？,481〜751年,481〜751年,,,481年：「支配」(481)強めて、メロヴィング朝,世界史の窓（章節別用語リスト）,https://www.y-history.net/appendix/appendix-list.html
世界史段階別デッキ｜Deck 3｜主要王朝・人物・制度の穴埋め400語,WH-000920,920,Deck 3｜標準,国家・王朝,メロヴィング朝,めろゔぃんぐちょう,,古代,ヨーロッパ,ガリアを中心とする西ヨーロッパ,481〜751年,481,WH-000920-B03,beginner,中心人物,person,「メロヴィング朝」について、代表的な建国王は？,クローヴィス,クローヴィス,,,,世界史の窓（章節別用語リスト）,https://www.y-history.net/appendix/appendix-list.html
世界史段階別デッキ｜Deck 3｜主要王朝・人物・制度の穴埋め400語,WH-000920,920,Deck 3｜標準,国家・王朝,メロヴィング朝,めろゔぃんぐちょう,,古代,ヨーロッパ,ガリアを中心とする西ヨーロッパ,481〜751年,481,WH-000920-R01,reverse,複合説明,reverse,何をした？,ガリアを中心とする西ヨーロッパを主な舞台に、**メロヴィング朝**は、**クローヴィス**がフランク諸部族を統一し、カトリックへ改宗してガリア支配を固めた王朝である。後期には宮宰が実権を握り、751年にカロリング家のピピンが王位を奪った。,メロヴィング朝|クローヴィス,,,,世界史の窓（章節別用語リスト）,https://www.y-history.net/appendix/appendix-list.html
世界史段階別デッキ｜Deck 3｜主要王朝・人物・制度の穴埋め400語,WH-000920,920,Deck 3｜標準,国家・王朝,メロヴィング朝,めろゔぃんぐちょう,,古代,ヨーロッパ,ガリアを中心とする西ヨーロッパ,481〜751年,481,WH-000920-R02,reverse,時期,time,「メロヴィング朝」が存在したのはいつ？,**481〜751年**,481〜751年,,,481年：「支配」(481)強めて、メロヴィング朝,世界史の窓（章節別用語リスト）,https://www.y-history.net/appendix/appendix-list.html
世界史段階別デッキ｜Deck 3｜主要王朝・人物・制度の穴埋め400語,WH-000920,920,Deck 3｜標準,国家・王朝,メロヴィング朝,めろゔぃんぐちょう,,古代,ヨーロッパ,ガリアを中心とする西ヨーロッパ,481〜751年,481,WH-000920-I01,integrated,統合説明,integrated,「メロヴィング朝」について説明せよ。,**481〜751年**、ガリアを中心とする西ヨーロッパを主な舞台に、**メロヴィング朝**は、**クローヴィス**がフランク諸部族を統一し、カトリックへ改宗してガリア支配を固めた王朝である。後期には宮宰が実権を握り、751年にカロリング家のピピンが王位を奪った。,メロヴィング朝|481〜751年|クローヴィス,,,481年：「支配」(481)強めて、メロヴィング朝,世界史の窓（章節別用語リスト）,https://www.y-history.net/appendix/appendix-list.html
世界史段階別デッキ｜Deck 3｜主要王朝・人物・制度の穴埋め400語,WH-000839,839,Deck 3｜標準,国家・王朝,東ゴート王国,ひがしごーとおうこく,,古代,ヨーロッパ,イタリア半島・ラヴェンナ,493〜555年,493,WH-000839-B01,beginner,用語の特定,identify,テオドリック大王がイタリアに建て、ユスティニアヌス帝の再征服で滅んだ王国は？,東ゴート王国,東ゴート王国,,,,世界史の窓（章節別用語リスト）,https://www.y-history.net/appendix/appendix-list.html
世界史段階別デッキ｜Deck 3｜主要王朝・人物・制度の穴埋め400語,WH-000839,839,Deck 3｜標準,国家・王朝,東ゴート王国,ひがしごーとおうこく,,古代,ヨーロッパ,イタリア半島・ラヴェンナ,493〜555年,493,WH-000839-B02,beginner,時期,time,「東ゴート王国」が存在したのはいつ？,493〜555年,493〜555年,,,493年：「ローマでの 仕組みを尊重 テオドリク」（493）東ゴート王国の建国。|555年：「イタリアで 今後 ゴートは 駆逐され」（555）ユスティニアヌス帝、東ゴート王国を滅ぼし、イタリアを奪還。,世界史の窓（章節別用語リスト）,https://www.y-history.net/appendix/appendix-list.html
世界史段階別デッキ｜Deck 3｜主要王朝・人物・制度の穴埋め400語,WH-000839,839,Deck 3｜標準,国家・王朝,東ゴート王国,ひがしごーとおうこく,,古代,ヨーロッパ,イタリア半島・ラヴェンナ,493〜555年,493,WH-000839-B03,beginner,中心人物,person,「東ゴート王国」について、建国した王は？,テオドリック大王,テオドリック大王,,,,世界史の窓（章節別用語リスト）,https://www.y-history.net/appendix/appendix-list.html
世界史段階別デッキ｜Deck 3｜主要王朝・人物・制度の穴埋め400語,WH-000839,839,Deck 3｜標準,国家・王朝,東ゴート王国,ひがしごーとおうこく,,古代,ヨーロッパ,イタリア半島・ラヴェンナ,493〜555年,493,WH-000839-R01,reverse,複合説明,reverse,何をした？,イタリア半島・ラヴェンナを主な舞台に、**東ゴート王国**は、**テオドリック大王**がイタリアに建て、ラヴェンナを中心にローマ人の行政制度を利用して統治した。**ユスティニアヌス帝**の再征服戦争によって滅亡した。,東ゴート王国|テオドリック大王|ユスティニアヌス帝,,,,世界史の窓（章節別用語リスト）,https://www.y-history.net/appendix/appendix-list.html
世界史段階別デッキ｜Deck 3｜主要王朝・人物・制度の穴埋め400語,WH-000839,839,Deck 3｜標準,国家・王朝,東ゴート王国,ひがしごーとおうこく,,古代,ヨーロッパ,イタリア半島・ラヴェンナ,493〜555年,493,WH-000839-R02,reverse,時期,time,「東ゴート王国」が存在したのはいつ？,**493〜555年**,493〜555年,,,493年：「ローマでの 仕組みを尊重 テオドリク」（493）東ゴート王国の建国。|555年：「イタリアで 今後 ゴートは 駆逐され」（555）ユスティニアヌス帝、東ゴート王国を滅ぼし、イタリアを奪還。,世界史の窓（章節別用語リスト）,https://www.y-history.net/appendix/appendix-list.html
世界史段階別デッキ｜Deck 3｜主要王朝・人物・制度の穴埋め400語,WH-000839,839,Deck 3｜標準,国家・王朝,東ゴート王国,ひがしごーとおうこく,,古代,ヨーロッパ,イタリア半島・ラヴェンナ,493〜555年,493,WH-000839-I01,integrated,統合説明,integrated,「東ゴート王国」について説明せよ。,**493〜555年**、イタリア半島・ラヴェンナを主な舞台に、**東ゴート王国**は、**テオドリック大王**がイタリアに建て、ラヴェンナを中心にローマ人の行政制度を利用して統治した。**ユスティニアヌス帝**の再征服戦争によって滅亡した。,東ゴート王国|493〜555年|テオドリック大王|ユスティニアヌス帝,,,493年：「ローマでの 仕組みを尊重 テオドリク」（493）東ゴート王国の建国。|555年：「イタリアで 今後 ゴートは 駆逐され」（555）ユスティニアヌス帝、東ゴート王国を滅ぼし、イタリアを奪還。,世界史の窓（章節別用語リスト）,https://www.y-history.net/appendix/appendix-list.html
世界史段階別デッキ｜Deck 3｜主要王朝・人物・制度の穴埋め400語,WH-000864,864,Deck 3｜標準,制度・政策・法律,骨品制,こっぴんせい,,中世,東アジア,朝鮮半島・新羅,新羅時代,500,WH-000864-B01,beginner,用語の特定,identify,新羅(しらぎ)で王族・貴族の血統により官位や婚姻などを厳格に定めた身分制度は？,骨品制(こっぴんせい),骨品制,,,,世界史の窓（章節別用語リスト）,https://www.y-history.net/appendix/appendix-list.html
世界史段階別デッキ｜Deck 3｜主要王朝・人物・制度の穴埋め400語,WH-000864,864,Deck 3｜標準,制度・政策・法律,骨品制,こっぴんせい,,中世,東アジア,朝鮮半島・新羅,新羅時代,500,WH-000864-B02,beginner,時期,time,「骨品制(こっぴんせい)」が実施・整備されたのはいつ？,新羅(しらぎ)時代,新羅時代,,,,世界史の窓（章節別用語リスト）,https://www.y-history.net/appendix/appendix-list.html
世界史段階別デッキ｜Deck 3｜主要王朝・人物・制度の穴埋め400語,WH-000864,864,Deck 3｜標準,制度・政策・法律,骨品制,こっぴんせい,,中世,東アジア,朝鮮半島・新羅,新羅時代,500,WH-000864-B03,beginner,内容,content,「骨品制(こっぴんせい)」について、実施された国は？,新羅(しらぎ),新羅,,,,世界史の窓（章節別用語リスト）,https://www.y-history.net/appendix/appendix-list.html
世界史段階別デッキ｜Deck 3｜主要王朝・人物・制度の穴埋め400語,WH-000864,864,Deck 3｜標準,制度・政策・法律,骨品制,こっぴんせい,,中世,東アジア,朝鮮半島・新羅,新羅時代,500,WH-000864-R01,reverse,複合説明,reverse,どんな制度・政策・法律？,朝鮮半島・新羅(しらぎ)を主な舞台に、**骨品制(こっぴんせい)**は、**新羅**で王族・貴族を血統に応じて区分し、就ける官位・身分・婚姻や生活様式まで制限した世襲的身分制度である。王権と貴族社会を支えたが、下位身分の不満は新羅末の動揺につながった。,骨品制|新羅,,,,世界史の窓（章節別用語リスト）,https://www.y-history.net/appendix/appendix-list.html
世界史段階別デッキ｜Deck 3｜主要王朝・人物・制度の穴埋め400語,WH-000864,864,Deck 3｜標準,制度・政策・法律,骨品制,こっぴんせい,,中世,東アジア,朝鮮半島・新羅,新羅時代,500,WH-000864-R02,reverse,時期,time,「骨品制(こっぴんせい)」が実施・整備されたのはいつ？,**新羅(しらぎ)時代**,新羅時代,,,,世界史の窓（章節別用語リスト）,https://www.y-history.net/appendix/appendix-list.html
世界史段階別デッキ｜Deck 3｜主要王朝・人物・制度の穴埋め400語,WH-000864,864,Deck 3｜標準,制度・政策・法律,骨品制,こっぴんせい,,中世,東アジア,朝鮮半島・新羅,新羅時代,500,WH-000864-I01,integrated,統合説明,integrated,「骨品制(こっぴんせい)」について説明せよ。,**新羅(しらぎ)時代**、朝鮮半島・新羅を主な舞台に、**骨品制(こっぴんせい)**は、**新羅**で王族・貴族を血統に応じて区分し、就ける官位・身分・婚姻や生活様式まで制限した世襲的身分制度である。王権と貴族社会を支えたが、下位身分の不満は新羅末の動揺につながった。,骨品制|新羅時代|新羅,,,,世界史の窓（章節別用語リスト）,https://www.y-history.net/appendix/appendix-list.html
世界史段階別デッキ｜Deck 3｜主要王朝・人物・制度の穴埋め400語,WH-000894,894,Deck 3｜標準,民族・身分・社会集団,ベドウィン,べどうぃん,,中世,西アジア,アラビア半島・シリア砂漠・北アフリカ,古代〜現代,500,WH-000894-B01,beginner,用語の特定,identify,アラビア半島などの砂漠で、ラクダや羊の遊牧と部族生活を営んだ人々は？,ベドウィン,ベドウィン,,,,世界史の窓（章節別用語リスト）,https://www.y-history.net/appendix/appendix-list.html
世界史段階別デッキ｜Deck 3｜主要王朝・人物・制度の穴埋め400語,WH-000894,894,Deck 3｜標準,民族・身分・社会集団,ベドウィン,べどうぃん,,中世,西アジア,アラビア半島・シリア砂漠・北アフリカ,古代〜現代,500,WH-000894-B02,beginner,時期,time,「ベドウィン」が使用・展開されたのはいつ？,古代〜現代,古代〜現代,,,,世界史の窓（章節別用語リスト）,https://www.y-history.net/appendix/appendix-list.html
世界史段階別デッキ｜Deck 3｜主要王朝・人物・制度の穴埋め400語,WH-000894,894,Deck 3｜標準,民族・身分・社会集団,ベドウィン,べどうぃん,,中世,西アジア,アラビア半島・シリア砂漠・北アフリカ,古代〜現代,500,WH-000894-B03,beginner,内容,content,「ベドウィン」について、伝統的な生業は？,遊牧,遊牧,,,,世界史の窓（章節別用語リスト）,https://www.y-history.net/appendix/appendix-list.html
世界史段階別デッキ｜Deck 3｜主要王朝・人物・制度の穴埋め400語,WH-000894,894,Deck 3｜標準,民族・身分・社会集団,ベドウィン,べどうぃん,,中世,西アジア,アラビア半島・シリア砂漠・北アフリカ,古代〜現代,500,WH-000894-R01,reverse,複合説明,reverse,どんな人々・集団？,アラビア半島・シリア砂漠・北アフリカを主な舞台に、**ベドウィン**は、アラビア半島や周辺の砂漠でラクダ・羊などの**遊牧**を営んだアラブ系住民で、血縁を基礎とする部族社会を形成した。隊商交易や初期イスラーム勢力の軍事力にも関わった。,ベドウィン|遊牧,,,,世界史の窓（章節別用語リスト）,https://www.y-history.net/appendix/appendix-list.html
世界史段階別デッキ｜Deck 3｜主要王朝・人物・制度の穴埋め400語,WH-000894,894,Deck 3｜標準,民族・身分・社会集団,ベドウィン,べどうぃん,,中世,西アジア,アラビア半島・シリア砂漠・北アフリカ,古代〜現代,500,WH-000894-R02,reverse,時期,time,「ベドウィン」が使用・展開されたのはいつ？,**古代〜現代**,古代〜現代,,,,世界史の窓（章節別用語リスト）,https://www.y-history.net/appendix/appendix-list.html
世界史段階別デッキ｜Deck 3｜主要王朝・人物・制度の穴埋め400語,WH-000894,894,Deck 3｜標準,民族・身分・社会集団,ベドウィン,べどうぃん,,中世,西アジア,アラビア半島・シリア砂漠・北アフリカ,古代〜現代,500,WH-000894-I01,integrated,統合説明,integrated,「ベドウィン」について説明せよ。,**古代〜現代**、アラビア半島・シリア砂漠・北アフリカを主な舞台に、**ベドウィン**は、アラビア半島や周辺の砂漠でラクダ・羊などの**遊牧**を営んだアラブ系住民で、血縁を基礎とする部族社会を形成した。隊商交易や初期イスラーム勢力の軍事力にも関わった。,ベドウィン|古代〜現代|遊牧,,,,世界史の窓（章節別用語リスト）,https://www.y-history.net/appendix/appendix-list.html
世界史段階別デッキ｜Deck 3｜主要王朝・人物・制度の穴埋め400語,WH-000841,841,Deck 3｜標準,組織・政党,ベネディクト会,べねでぃくとかい,,中世,ヨーロッパ,西ヨーロッパ各地の修道院,6世紀以後,529,WH-000841-B01,beginner,用語の特定,identify,ベネディクトゥス戒律に従い、祈りと労働を重視した西方教会の修道会は？,ベネディクト会,ベネディクト会,,,,世界史の窓（章節別用語リスト）,https://www.y-history.net/appendix/appendix-list.html
世界史段階別デッキ｜Deck 3｜主要王朝・人物・制度の穴埋め400語,WH-000841,841,Deck 3｜標準,組織・政党,ベネディクト会,べねでぃくとかい,,中世,ヨーロッパ,西ヨーロッパ各地の修道院,6世紀以後,529,WH-000841-B02,beginner,時期,time,「ベネディクト会」が使用・展開されたのはいつ？,6世紀以後,6世紀以後,,,,世界史の窓（章節別用語リスト）,https://www.y-history.net/appendix/appendix-list.html
世界史段階別デッキ｜Deck 3｜主要王朝・人物・制度の穴埋め400語,WH-000841,841,Deck 3｜標準,組織・政党,ベネディクト会,べねでぃくとかい,,中世,ヨーロッパ,西ヨーロッパ各地の修道院,6世紀以後,529,WH-000841-B03,beginner,内容,content,「ベネディクト会」について、従った戒律は？,ベネディクトゥス戒律,ベネディクトゥス戒律,,,,世界史の窓（章節別用語リスト）,https://www.y-history.net/appendix/appendix-list.html
世界史段階別デッキ｜Deck 3｜主要王朝・人物・制度の穴埋め400語,WH-000841,841,Deck 3｜標準,組織・政党,ベネディクト会,べねでぃくとかい,,中世,ヨーロッパ,西ヨーロッパ各地の修道院,6世紀以後,529,WH-000841-R01,reverse,複合説明,reverse,何をした？,西ヨーロッパ各地の修道院を主な舞台に、**ベネディクト会**は、**ベネディクトゥス戒律**に従う西方教会の修道士共同体で、「祈り、働け」の精神を重視した。農地開拓・救済・古典文献の写本保存を通じて中世ヨーロッパ文化を支えた。,ベネディクト会|ベネディクトゥス戒律,,,,世界史の窓（章節別用語リスト）,https://www.y-history.net/appendix/appendix-list.html
世界史段階別デッキ｜Deck 3｜主要王朝・人物・制度の穴埋め400語,WH-000841,841,Deck 3｜標準,組織・政党,ベネディクト会,べねでぃくとかい,,中世,ヨーロッパ,西ヨーロッパ各地の修道院,6世紀以後,529,WH-000841-R02,reverse,時期,time,「ベネディクト会」が使用・展開されたのはいつ？,**6世紀以後**,6世紀以後,,,,世界史の窓（章節別用語リスト）,https://www.y-history.net/appendix/appendix-list.html
世界史段階別デッキ｜Deck 3｜主要王朝・人物・制度の穴埋め400語,WH-000841,841,Deck 3｜標準,組織・政党,ベネディクト会,べねでぃくとかい,,中世,ヨーロッパ,西ヨーロッパ各地の修道院,6世紀以後,529,WH-000841-I01,integrated,統合説明,integrated,「ベネディクト会」について説明せよ。,**6世紀以後**、西ヨーロッパ各地の修道院を主な舞台に、**ベネディクト会**は、**ベネディクトゥス戒律**に従う西方教会の修道士共同体で、「祈り、働け」の精神を重視した。農地開拓・救済・古典文献の写本保存を通じて中世ヨーロッパ文化を支えた。,ベネディクト会|6世紀以後|ベネディクトゥス戒律,,,,世界史の窓（章節別用語リスト）,https://www.y-history.net/appendix/appendix-list.html
世界史段階別デッキ｜Deck 3｜主要王朝・人物・制度の穴埋め400語,WH-000842,842,Deck 3｜標準,文化・技術・学問,ハギア＝ソフィア聖堂,はぎあそふぃあせいどう,アヤソフィア,中世,複数地域,ビザンツ帝国のコンスタンティノープル,537年完成,537,WH-000842-B01,beginner,用語の特定,identify,ユスティニアヌス帝がコンスタンティノープルに建てた大円蓋の聖堂は？,ハギア＝ソフィア聖堂,ハギア＝ソフィア聖堂,アヤソフィア,,,世界史の窓（章節別用語リスト）,https://www.y-history.net/appendix/appendix-list.html
世界史段階別デッキ｜Deck 3｜主要王朝・人物・制度の穴埋め400語,WH-000842,842,Deck 3｜標準,文化・技術・学問,ハギア＝ソフィア聖堂,はぎあそふぃあせいどう,アヤソフィア,中世,複数地域,ビザンツ帝国のコンスタンティノープル,537年完成,537,WH-000842-B02,beginner,時期,time,「ハギア＝ソフィア聖堂」が使用・展開されたのはいつ？,537年完成,537年完成,,,,世界史の窓（章節別用語リスト）,https://www.y-history.net/appendix/appendix-list.html
世界史段階別デッキ｜Deck 3｜主要王朝・人物・制度の穴埋め400語,WH-000842,842,Deck 3｜標準,文化・技術・学問,ハギア＝ソフィア聖堂,はぎあそふぃあせいどう,アヤソフィア,中世,複数地域,ビザンツ帝国のコンスタンティノープル,537年完成,537,WH-000842-B03,beginner,中心人物,person,「ハギア＝ソフィア聖堂」について、建立した皇帝は？,ユスティニアヌス帝,ユスティニアヌス帝,,,,世界史の窓（章節別用語リスト）,https://www.y-history.net/appendix/appendix-list.html
世界史段階別デッキ｜Deck 3｜主要王朝・人物・制度の穴埋め400語,WH-000842,842,Deck 3｜標準,文化・技術・学問,ハギア＝ソフィア聖堂,はぎあそふぃあせいどう,アヤソフィア,中世,複数地域,ビザンツ帝国のコンスタンティノープル,537年完成,537,WH-000842-R01,reverse,複合説明,reverse,どんな文化・技術・学問？,ビザンツ帝国のコンスタンティノープルを主な舞台に、**ハギア＝ソフィア聖堂**は、**ユスティニアヌス帝**がコンスタンティノープルに建てた、巨大な円蓋を持つビザンツ建築の代表である。東方正教会の大聖堂として用いられ、オスマン征服後はモスクとなった。,ハギア＝ソフィア聖堂|ユスティニアヌス帝,,,,世界史の窓（章節別用語リスト）,https://www.y-history.net/appendix/appendix-list.html
世界史段階別デッキ｜Deck 3｜主要王朝・人物・制度の穴埋め400語,WH-000842,842,Deck 3｜標準,文化・技術・学問,ハギア＝ソフィア聖堂,はぎあそふぃあせいどう,アヤソフィア,中世,複数地域,ビザンツ帝国のコンスタンティノープル,537年完成,537,WH-000842-R02,reverse,時期,time,「ハギア＝ソフィア聖堂」が使用・展開されたのはいつ？,**537年完成**,537年完成,,,,世界史の窓（章節別用語リスト）,https://www.y-history.net/appendix/appendix-list.html
世界史段階別デッキ｜Deck 3｜主要王朝・人物・制度の穴埋め400語,WH-000842,842,Deck 3｜標準,文化・技術・学問,ハギア＝ソフィア聖堂,はぎあそふぃあせいどう,アヤソフィア,中世,複数地域,ビザンツ帝国のコンスタンティノープル,537年完成,537,WH-000842-I01,integrated,統合説明,integrated,「ハギア＝ソフィア聖堂」について説明せよ。,**537年完成**、ビザンツ帝国のコンスタンティノープルを主な舞台に、**ハギア＝ソフィア聖堂**は、**ユスティニアヌス帝**がコンスタンティノープルに建てた、巨大な円蓋を持つビザンツ建築の代表である。東方正教会の大聖堂として用いられ、オスマン征服後はモスクとなった。,ハギア＝ソフィア聖堂|537年完成|ユスティニアヌス帝,,,,世界史の窓（章節別用語リスト）,https://www.y-history.net/appendix/appendix-list.html
世界史段階別デッキ｜Deck 3｜主要王朝・人物・制度の穴埋め400語,WH-000895,895,Deck 3｜標準,民族・身分・社会集団,クライシュ族,くらいしゅぞく,,中世,西アジア,アラビア半島・メッカ,6〜7世紀,570,WH-000895-B01,beginner,用語の特定,identify,イスラーム成立前のメッカでカーバ神殿と隊商交易を支配し、ムハンマドも属した部族は？,クライシュ族,クライシュ族,,,,世界史の窓（章節別用語リスト）,https://www.y-history.net/appendix/appendix-list.html
世界史段階別デッキ｜Deck 3｜主要王朝・人物・制度の穴埋め400語,WH-000895,895,Deck 3｜標準,民族・身分・社会集団,クライシュ族,くらいしゅぞく,,中世,西アジア,アラビア半島・メッカ,6〜7世紀,570,WH-000895-B02,beginner,時期,time,「クライシュ族」が使用・展開されたのはいつ？,6〜7世紀,6〜7世紀,,,,世界史の窓（章節別用語リスト）,https://www.y-history.net/appendix/appendix-list.html
世界史段階別デッキ｜Deck 3｜主要王朝・人物・制度の穴埋め400語,WH-000895,895,Deck 3｜標準,民族・身分・社会集団,クライシュ族,くらいしゅぞく,,中世,西アジア,アラビア半島・メッカ,6〜7世紀,570,WH-000895-B03,beginner,内容,content,「クライシュ族」について、ムハンマドが属した氏族は？,ハーシム家,ハーシム家,,,,世界史の窓（章節別用語リスト）,https://www.y-history.net/appendix/appendix-list.html
世界史段階別デッキ｜Deck 3｜主要王朝・人物・制度の穴埋め400語,WH-000895,895,Deck 3｜標準,民族・身分・社会集団,クライシュ族,くらいしゅぞく,,中世,西アジア,アラビア半島・メッカ,6〜7世紀,570,WH-000895-R01,reverse,複合説明,reverse,どんな人々・集団？,アラビア半島・メッカを主な舞台に、**クライシュ族**は、メッカの**カーバ神殿**管理と隊商交易を支配した有力アラブ部族で、ムハンマドはその**ハーシム家**に属した。初めは布教に反対したが、メッカ征服後はイスラーム国家の支配層となった。,クライシュ族|カーバ神殿|ハーシム家,,,,世界史の窓（章節別用語リスト）,https://www.y-history.net/appendix/appendix-list.html
世界史段階別デッキ｜Deck 3｜主要王朝・人物・制度の穴埋め400語,WH-000895,895,Deck 3｜標準,民族・身分・社会集団,クライシュ族,くらいしゅぞく,,中世,西アジア,アラビア半島・メッカ,6〜7世紀,570,WH-000895-R02,reverse,時期,time,「クライシュ族」が使用・展開されたのはいつ？,**6〜7世紀**,6〜7世紀,,,,世界史の窓（章節別用語リスト）,https://www.y-history.net/appendix/appendix-list.html
世界史段階別デッキ｜Deck 3｜主要王朝・人物・制度の穴埋め400語,WH-000895,895,Deck 3｜標準,民族・身分・社会集団,クライシュ族,くらいしゅぞく,,中世,西アジア,アラビア半島・メッカ,6〜7世紀,570,WH-000895-I01,integrated,統合説明,integrated,「クライシュ族」について説明せよ。,**6〜7世紀**、アラビア半島・メッカを主な舞台に、**クライシュ族**は、メッカの**カーバ神殿**管理と隊商交易を支配した有力アラブ部族で、ムハンマドはその**ハーシム家**に属した。初めは布教に反対したが、メッカ征服後はイスラーム国家の支配層となった。,クライシュ族|6〜7世紀|カーバ神殿|ハーシム家,,,,世界史の窓（章節別用語リスト）,https://www.y-history.net/appendix/appendix-list.html
世界史段階別デッキ｜Deck 3｜主要王朝・人物・制度の穴埋め400語,WH-000847,847,Deck 3｜標準,国家・王朝,ヴァルダナ朝,ゔぁるだなちょう,ハルシャ朝,中世,南アジア,北インド・カナウジを中心とするガンジス川流域,606〜647年,606,WH-000847-B01,beginner,用語の特定,identify,グプタ朝衰退後、ハルシャ王が北インドを一時的に再統一した王朝は？,ヴァルダナ朝,ヴァルダナ朝,ハルシャ朝,,,世界史の窓（章節別用語リスト）,https://www.y-history.net/appendix/appendix-list.html
世界史段階別デッキ｜Deck 3｜主要王朝・人物・制度の穴埋め400語,WH-000847,847,Deck 3｜標準,国家・王朝,ヴァルダナ朝,ゔぁるだなちょう,ハルシャ朝,中世,南アジア,北インド・カナウジを中心とするガンジス川流域,606〜647年,606,WH-000847-B02,beginner,時期,time,「ヴァルダナ朝」が存在したのはいつ？,606〜647年,606〜647年,,,606年：「ヴァルダナが 統一宣言 朗々と」（606）ハルシャ王の即位。ヴァルダナ朝の北インド統一。,世界史の窓（章節別用語リスト）,https://www.y-history.net/appendix/appendix-list.html
世界史段階別デッキ｜Deck 3｜主要王朝・人物・制度の穴埋め400語,WH-000847,847,Deck 3｜標準,国家・王朝,ヴァルダナ朝,ゔぁるだなちょう,ハルシャ朝,中世,南アジア,北インド・カナウジを中心とするガンジス川流域,606〜647年,606,WH-000847-B03,beginner,中心人物,person,「ヴァルダナ朝」について、代表的な王は？,ハルシャ＝ヴァルダナ,ハルシャ＝ヴァルダナ,,,,世界史の窓（章節別用語リスト）,https://www.y-history.net/appendix/appendix-list.html
世界史段階別デッキ｜Deck 3｜主要王朝・人物・制度の穴埋め400語,WH-000847,847,Deck 3｜標準,国家・王朝,ヴァルダナ朝,ゔぁるだなちょう,ハルシャ朝,中世,南アジア,北インド・カナウジを中心とするガンジス川流域,606〜647年,606,WH-000847-R01,reverse,複合説明,reverse,何をした？,北インド・カナウジを中心とするガンジス川流域を主な舞台に、**ヴァルダナ朝**は、**ハルシャ＝ヴァルダナ**がカナウジを中心に北インドを一時的に統一した王朝である。仏教を保護し、唐の僧**玄奘(げんじょう)**が訪れたが、ハルシャの死後に分裂した。,ヴァルダナ朝|ハルシャ＝ヴァルダナ|玄奘,,,,世界史の窓（章節別用語リスト）,https://www.y-history.net/appendix/appendix-list.html
世界史段階別デッキ｜Deck 3｜主要王朝・人物・制度の穴埋め400語,WH-000847,847,Deck 3｜標準,国家・王朝,ヴァルダナ朝,ゔぁるだなちょう,ハルシャ朝,中世,南アジア,北インド・カナウジを中心とするガンジス川流域,606〜647年,606,WH-000847-R02,reverse,時期,time,「ヴァルダナ朝」が存在したのはいつ？,**606〜647年**,606〜647年,,,606年：「ヴァルダナが 統一宣言 朗々と」（606）ハルシャ王の即位。ヴァルダナ朝の北インド統一。,世界史の窓（章節別用語リスト）,https://www.y-history.net/appendix/appendix-list.html
世界史段階別デッキ｜Deck 3｜主要王朝・人物・制度の穴埋め400語,WH-000847,847,Deck 3｜標準,国家・王朝,ヴァルダナ朝,ゔぁるだなちょう,ハルシャ朝,中世,南アジア,北インド・カナウジを中心とするガンジス川流域,606〜647年,606,WH-000847-I01,integrated,統合説明,integrated,「ヴァルダナ朝」について説明せよ。,**606〜647年**、北インド・カナウジを中心とするガンジス川流域を主な舞台に、**ヴァルダナ朝**は、**ハルシャ＝ヴァルダナ**がカナウジを中心に北インドを一時的に統一した王朝である。仏教を保護し、唐の僧**玄奘(げんじょう)**が訪れたが、ハルシャの死後に分裂した。,ヴァルダナ朝|606〜647年|ハルシャ＝ヴァルダナ|玄奘,,,606年：「ヴァルダナが 統一宣言 朗々と」（606）ハルシャ王の即位。ヴァルダナ朝の北インド統一。,世界史の窓（章節別用語リスト）,https://www.y-history.net/appendix/appendix-list.html
世界史段階別デッキ｜Deck 3｜主要王朝・人物・制度の穴埋め400語,WH-000848,848,Deck 3｜標準,人物,ハルシャ＝ヴァルダナ,はるしゃゔぁるだな,ハルシャ王|戒日王,中世,南アジア,北インド・カナウジ,606〜647年在位,606,WH-000848-B01,beginner,用語の特定,identify,グプタ朝後の北インドを一時統一し、玄奘(げんじょう)を厚遇したヴァルダナ朝の王は？,ハルシャ＝ヴァルダナ,ハルシャ＝ヴァルダナ,ハルシャ王|戒日王,,,世界史の窓（章節別用語リスト）,https://www.y-history.net/appendix/appendix-list.html
世界史段階別デッキ｜Deck 3｜主要王朝・人物・制度の穴埋め400語,WH-000848,848,Deck 3｜標準,人物,ハルシャ＝ヴァルダナ,はるしゃゔぁるだな,ハルシャ王|戒日王,中世,南アジア,北インド・カナウジ,606〜647年在位,606,WH-000848-B02,beginner,時期,time,「ハルシャ＝ヴァルダナ」が主に活動したのはいつ？,606〜647年在位,606〜647年在位,,,606年：「ヴァルダナが 統一宣言 朗々と」（606）ハルシャ王の即位。ヴァルダナ朝の北インド統一。|647年：「ヴァルダナ後 無用な抗争 巻き起こる」（647）ハルシャ=ヴァルダナ死去。,世界史の窓（章節別用語リスト）,https://www.y-history.net/appendix/appendix-list.html
世界史段階別デッキ｜Deck 3｜主要王朝・人物・制度の穴埋め400語,WH-000848,848,Deck 3｜標準,人物,ハルシャ＝ヴァルダナ,はるしゃゔぁるだな,ハルシャ王|戒日王,中世,南アジア,北インド・カナウジ,606〜647年在位,606,WH-000848-B03,beginner,内容,content,「ハルシャ＝ヴァルダナ」について、訪問した唐の僧は？,玄奘(げんじょう),玄奘,,,,世界史の窓（章節別用語リスト）,https://www.y-history.net/appendix/appendix-list.html
世界史段階別デッキ｜Deck 3｜主要王朝・人物・制度の穴埋め400語,WH-000848,848,Deck 3｜標準,人物,ハルシャ＝ヴァルダナ,はるしゃゔぁるだな,ハルシャ王|戒日王,中世,南アジア,北インド・カナウジ,606〜647年在位,606,WH-000848-R01,reverse,複合説明,reverse,何をした？,北インド・カナウジを主な舞台に、**ハルシャ＝ヴァルダナ**は、**ヴァルダナ朝**の王として北インドを一時統一し、カナウジを都とした。仏教を保護し、インドを訪れた唐僧**玄奘(げんじょう)**を厚遇した。,ハルシャ＝ヴァルダナ|ヴァルダナ朝|玄奘,,,,世界史の窓（章節別用語リスト）,https://www.y-history.net/appendix/appendix-list.html
世界史段階別デッキ｜Deck 3｜主要王朝・人物・制度の穴埋め400語,WH-000848,848,Deck 3｜標準,人物,ハルシャ＝ヴァルダナ,はるしゃゔぁるだな,ハルシャ王|戒日王,中世,南アジア,北インド・カナウジ,606〜647年在位,606,WH-000848-R02,reverse,時期,time,「ハルシャ＝ヴァルダナ」が主に活動したのはいつ？,**606〜647年在位**,606〜647年在位,,,606年：「ヴァルダナが 統一宣言 朗々と」（606）ハルシャ王の即位。ヴァルダナ朝の北インド統一。|647年：「ヴァルダナ後 無用な抗争 巻き起こる」（647）ハルシャ=ヴァルダナ死去。,世界史の窓（章節別用語リスト）,https://www.y-history.net/appendix/appendix-list.html
世界史段階別デッキ｜Deck 3｜主要王朝・人物・制度の穴埋め400語,WH-000848,848,Deck 3｜標準,人物,ハルシャ＝ヴァルダナ,はるしゃゔぁるだな,ハルシャ王|戒日王,中世,南アジア,北インド・カナウジ,606〜647年在位,606,WH-000848-I01,integrated,統合説明,integrated,「ハルシャ＝ヴァルダナ」について説明せよ。,**606〜647年在位**、北インド・カナウジを主な舞台に、**ハルシャ＝ヴァルダナ**は、**ヴァルダナ朝**の王として北インドを一時統一し、カナウジを都とした。仏教を保護し、インドを訪れた唐僧**玄奘(げんじょう)**を厚遇した。,ハルシャ＝ヴァルダナ|606〜647年在位|ヴァルダナ朝|玄奘,,,606年：「ヴァルダナが 統一宣言 朗々と」（606）ハルシャ王の即位。ヴァルダナ朝の北インド統一。|647年：「ヴァルダナ後 無用な抗争 巻き起こる」（647）ハルシャ=ヴァルダナ死去。,世界史の窓（章節別用語リスト）,https://www.y-history.net/appendix/appendix-list.html
世界史段階別デッキ｜Deck 3｜主要王朝・人物・制度の穴埋め400語,WH-000896,896,Deck 3｜標準,人物,アブー＝バクル,あぶーばくる,,中世,西アジア,アラビア半島・メディナ,632〜634年在位,632,WH-000896-B01,beginner,用語の特定,identify,ムハンマド死後に最初のカリフとなり、離反部族を統合した人物は？,アブー＝バクル,アブー＝バクル,,,,世界史の窓（章節別用語リスト）,https://www.y-history.net/appendix/appendix-list.html
世界史段階別デッキ｜Deck 3｜主要王朝・人物・制度の穴埋め400語,WH-000896,896,Deck 3｜標準,人物,アブー＝バクル,あぶーばくる,,中世,西アジア,アラビア半島・メディナ,632〜634年在位,632,WH-000896-B02,beginner,時期,time,「アブー＝バクル」が主に活動したのはいつ？,632〜634年在位,632〜634年在位,,,,世界史の窓（章節別用語リスト）,https://www.y-history.net/appendix/appendix-list.html
世界史段階別デッキ｜Deck 3｜主要王朝・人物・制度の穴埋め400語,WH-000896,896,Deck 3｜標準,人物,アブー＝バクル,あぶーばくる,,中世,西アジア,アラビア半島・メディナ,632〜634年在位,632,WH-000896-B03,beginner,内容,content,「アブー＝バクル」について、何代目の正統カリフ？,初代,初代,,,,世界史の窓（章節別用語リスト）,https://www.y-history.net/appendix/appendix-list.html
世界史段階別デッキ｜Deck 3｜主要王朝・人物・制度の穴埋め400語,WH-000896,896,Deck 3｜標準,人物,アブー＝バクル,あぶーばくる,,中世,西アジア,アラビア半島・メディナ,632〜634年在位,632,WH-000896-R01,reverse,複合説明,reverse,何をした？,アラビア半島・メディナを主な舞台に、**アブー＝バクル**は、ムハンマドの親友・義父で、死後に初代**正統カリフ**となった。離反したアラブ諸部族をリッダ戦争で再統合し、シリア・イラク方面への征服を開始した。,アブー＝バクル|正統カリフ,,,,世界史の窓（章節別用語リスト）,https://www.y-history.net/appendix/appendix-list.html
世界史段階別デッキ｜Deck 3｜主要王朝・人物・制度の穴埋め400語,WH-000896,896,Deck 3｜標準,人物,アブー＝バクル,あぶーばくる,,中世,西アジア,アラビア半島・メディナ,632〜634年在位,632,WH-000896-R02,reverse,時期,time,「アブー＝バクル」が主に活動したのはいつ？,**632〜634年在位**,632〜634年在位,,,,世界史の窓（章節別用語リスト）,https://www.y-history.net/appendix/appendix-list.html
世界史段階別デッキ｜Deck 3｜主要王朝・人物・制度の穴埋め400語,WH-000896,896,Deck 3｜標準,人物,アブー＝バクル,あぶーばくる,,中世,西アジア,アラビア半島・メディナ,632〜634年在位,632,WH-000896-I01,integrated,統合説明,integrated,「アブー＝バクル」について説明せよ。,**632〜634年在位**、アラビア半島・メディナを主な舞台に、**アブー＝バクル**は、ムハンマドの親友・義父で、死後に初代**正統カリフ**となった。離反したアラブ諸部族をリッダ戦争で再統合し、シリア・イラク方面への征服を開始した。,アブー＝バクル|632〜634年在位|正統カリフ,,,,世界史の窓（章節別用語リスト）,https://www.y-history.net/appendix/appendix-list.html
世界史段階別デッキ｜Deck 3｜主要王朝・人物・制度の穴埋め400語,WH-000897,897,Deck 3｜標準,人物,ウマル,うまる,ウマル＝イブン＝ハッターブ,中世,複数地域,アラビア半島からシリア・エジプト・イラク・イラン,634〜644年在位,634,WH-000897-B01,beginner,用語の特定,identify,第2代正統カリフとしてシリア・エジプト・ササン朝領へ大征服を進めた人物は？,ウマル,ウマル,ウマル＝イブン＝ハッターブ,,,世界史の窓（章節別用語リスト）,https://www.y-history.net/appendix/appendix-list.html
世界史段階別デッキ｜Deck 3｜主要王朝・人物・制度の穴埋め400語,WH-000897,897,Deck 3｜標準,人物,ウマル,うまる,ウマル＝イブン＝ハッターブ,中世,複数地域,アラビア半島からシリア・エジプト・イラク・イラン,634〜644年在位,634,WH-000897-B02,beginner,時期,time,「ウマル」が主に活動したのはいつ？,634〜644年在位,634〜644年在位,,,,世界史の窓（章節別用語リスト）,https://www.y-history.net/appendix/appendix-list.html
世界史段階別デッキ｜Deck 3｜主要王朝・人物・制度の穴埋め400語,WH-000897,897,Deck 3｜標準,人物,ウマル,うまる,ウマル＝イブン＝ハッターブ,中世,複数地域,アラビア半島からシリア・エジプト・イラク・イラン,634〜644年在位,634,WH-000897-B03,beginner,内容,content,「ウマル」について、何代目の正統カリフ？,第2代,第2代,,,,世界史の窓（章節別用語リスト）,https://www.y-history.net/appendix/appendix-list.html
世界史段階別デッキ｜Deck 3｜主要王朝・人物・制度の穴埋め400語,WH-000897,897,Deck 3｜標準,人物,ウマル,うまる,ウマル＝イブン＝ハッターブ,中世,複数地域,アラビア半島からシリア・エジプト・イラク・イラン,634〜644年在位,634,WH-000897-R01,reverse,複合説明,reverse,何をした？,アラビア半島からシリア・エジプト・イラク・イランを主な舞台に、**ウマル**は、第2代**正統カリフ**としてビザンツ帝国からシリア・エジプトを奪い、**ササン朝**領へ進出した。征服地に軍営都市を置き、イスラーム帝国の統治制度を整えた。,ウマル|正統カリフ|ササン朝,,,,世界史の窓（章節別用語リスト）,https://www.y-history.net/appendix/appendix-list.html
世界史段階別デッキ｜Deck 3｜主要王朝・人物・制度の穴埋め400語,WH-000897,897,Deck 3｜標準,人物,ウマル,うまる,ウマル＝イブン＝ハッターブ,中世,複数地域,アラビア半島からシリア・エジプト・イラク・イラン,634〜644年在位,634,WH-000897-R02,reverse,時期,time,「ウマル」が主に活動したのはいつ？,**634〜644年在位**,634〜644年在位,,,,世界史の窓（章節別用語リスト）,https://www.y-history.net/appendix/appendix-list.html
世界史段階別デッキ｜Deck 3｜主要王朝・人物・制度の穴埋め400語,WH-000897,897,Deck 3｜標準,人物,ウマル,うまる,ウマル＝イブン＝ハッターブ,中世,複数地域,アラビア半島からシリア・エジプト・イラク・イラン,634〜644年在位,634,WH-000897-I01,integrated,統合説明,integrated,「ウマル」について説明せよ。,**634〜644年在位**、アラビア半島からシリア・エジプト・イラク・イランを主な舞台に、**ウマル**は、第2代**正統カリフ**としてビザンツ帝国からシリア・エジプトを奪い、**ササン朝**領へ進出した。征服地に軍営都市を置き、イスラーム帝国の統治制度を整えた。,ウマル|634〜644年在位|正統カリフ|ササン朝,,,,世界史の窓（章節別用語リスト）,https://www.y-history.net/appendix/appendix-list.html
世界史段階別デッキ｜Deck 3｜主要王朝・人物・制度の穴埋め400語,WH-000899,899,Deck 3｜標準,民族・身分・社会集団,ズィンミー,ずぃんみー,庇護民,中世,複数地域,イスラーム支配下の西アジア・北アフリカなど,7世紀以後,640,WH-000899-B01,beginner,用語の特定,identify,イスラーム国家でジズヤを納める代わりに信仰と共同体自治を認められた啓典の民は？,ズィンミー,ズィンミー,庇護民,,,世界史の窓（章節別用語リスト）,https://www.y-history.net/appendix/appendix-list.html
世界史段階別デッキ｜Deck 3｜主要王朝・人物・制度の穴埋め400語,WH-000899,899,Deck 3｜標準,民族・身分・社会集団,ズィンミー,ずぃんみー,庇護民,中世,複数地域,イスラーム支配下の西アジア・北アフリカなど,7世紀以後,640,WH-000899-B02,beginner,時期,time,「ズィンミー」が使用・展開されたのはいつ？,7世紀以後,7世紀以後,,,,世界史の窓（章節別用語リスト）,https://www.y-history.net/appendix/appendix-list.html
世界史段階別デッキ｜Deck 3｜主要王朝・人物・制度の穴埋め400語,WH-000899,899,Deck 3｜標準,民族・身分・社会集団,ズィンミー,ずぃんみー,庇護民,中世,複数地域,イスラーム支配下の西アジア・北アフリカなど,7世紀以後,640,WH-000899-B03,beginner,内容,content,「ズィンミー」について、納めた人頭税は？,ジズヤ,ジズヤ,,,,世界史の窓（章節別用語リスト）,https://www.y-history.net/appendix/appendix-list.html
世界史段階別デッキ｜Deck 3｜主要王朝・人物・制度の穴埋め400語,WH-000899,899,Deck 3｜標準,民族・身分・社会集団,ズィンミー,ずぃんみー,庇護民,中世,複数地域,イスラーム支配下の西アジア・北アフリカなど,7世紀以後,640,WH-000899-R01,reverse,複合説明,reverse,どんな人々・集団？,イスラーム支配下の西アジア・北アフリカなどを主な舞台に、**ズィンミー**は、イスラーム支配下のユダヤ教徒・キリスト教徒など**啓典の民**で、**ジズヤ**を納める代わりに生命・財産・信仰と共同体自治を保障された。ムスリムとは異なる法的地位に置かれた。,ズィンミー|啓典の民|ジズヤ,,,,世界史の窓（章節別用語リスト）,https://www.y-history.net/appendix/appendix-list.html
世界史段階別デッキ｜Deck 3｜主要王朝・人物・制度の穴埋め400語,WH-000899,899,Deck 3｜標準,民族・身分・社会集団,ズィンミー,ずぃんみー,庇護民,中世,複数地域,イスラーム支配下の西アジア・北アフリカなど,7世紀以後,640,WH-000899-R02,reverse,時期,time,「ズィンミー」が使用・展開されたのはいつ？,**7世紀以後**,7世紀以後,,,,世界史の窓（章節別用語リスト）,https://www.y-history.net/appendix/appendix-list.html
世界史段階別デッキ｜Deck 3｜主要王朝・人物・制度の穴埋め400語,WH-000899,899,Deck 3｜標準,民族・身分・社会集団,ズィンミー,ずぃんみー,庇護民,中世,複数地域,イスラーム支配下の西アジア・北アフリカなど,7世紀以後,640,WH-000899-I01,integrated,統合説明,integrated,「ズィンミー」について説明せよ。,**7世紀以後**、イスラーム支配下の西アジア・北アフリカなどを主な舞台に、**ズィンミー**は、イスラーム支配下のユダヤ教徒・キリスト教徒など**啓典の民**で、**ジズヤ**を納める代わりに生命・財産・信仰と共同体自治を保障された。ムスリムとは異なる法的地位に置かれた。,ズィンミー|7世紀以後|啓典の民|ジズヤ,,,,世界史の窓（章節別用語リスト）,https://www.y-history.net/appendix/appendix-list.html
世界史段階別デッキ｜Deck 3｜主要王朝・人物・制度の穴埋め400語,WH-000901,901,Deck 3｜標準,民族・身分・社会集団,カーディー,かーでぃー,カーディ,中世,複数地域,イスラーム世界の都市・地方社会,7世紀以後,650,WH-000901-B01,beginner,用語の特定,identify,イスラーム法に基づいて裁判を行い、婚姻・相続なども扱った裁判官は？,カーディー,カーディー,カーディ,,,世界史の窓（章節別用語リスト）,https://www.y-history.net/appendix/appendix-list.html
世界史段階別デッキ｜Deck 3｜主要王朝・人物・制度の穴埋め400語,WH-000901,901,Deck 3｜標準,民族・身分・社会集団,カーディー,かーでぃー,カーディ,中世,複数地域,イスラーム世界の都市・地方社会,7世紀以後,650,WH-000901-B02,beginner,時期,time,「カーディー」が使用・展開されたのはいつ？,7世紀以後,7世紀以後,,,,世界史の窓（章節別用語リスト）,https://www.y-history.net/appendix/appendix-list.html
世界史段階別デッキ｜Deck 3｜主要王朝・人物・制度の穴埋め400語,WH-000901,901,Deck 3｜標準,民族・身分・社会集団,カーディー,かーでぃー,カーディ,中世,複数地域,イスラーム世界の都市・地方社会,7世紀以後,650,WH-000901-B03,beginner,内容,content,「カーディー」について、裁判の基準は？,シャリーア,シャリーア,,,,世界史の窓（章節別用語リスト）,https://www.y-history.net/appendix/appendix-list.html
世界史段階別デッキ｜Deck 3｜主要王朝・人物・制度の穴埋め400語,WH-000901,901,Deck 3｜標準,民族・身分・社会集団,カーディー,かーでぃー,カーディ,中世,複数地域,イスラーム世界の都市・地方社会,7世紀以後,650,WH-000901-R01,reverse,複合説明,reverse,どんな人々・集団？,イスラーム世界の都市・地方社会を主な舞台に、**カーディー**は、イスラーム国家で任命された裁判官で、**シャリーア**に基づいて訴訟・婚姻・相続・財産問題などを裁いた。法学者の解釈を実際の統治と社会生活へ結び付ける役割を担った。,カーディー|シャリーア,,,,世界史の窓（章節別用語リスト）,https://www.y-history.net/appendix/appendix-list.html
世界史段階別デッキ｜Deck 3｜主要王朝・人物・制度の穴埋め400語,WH-000901,901,Deck 3｜標準,民族・身分・社会集団,カーディー,かーでぃー,カーディ,中世,複数地域,イスラーム世界の都市・地方社会,7世紀以後,650,WH-000901-R02,reverse,時期,time,「カーディー」が使用・展開されたのはいつ？,**7世紀以後**,7世紀以後,,,,世界史の窓（章節別用語リスト）,https://www.y-history.net/appendix/appendix-list.html
世界史段階別デッキ｜Deck 3｜主要王朝・人物・制度の穴埋め400語,WH-000901,901,Deck 3｜標準,民族・身分・社会集団,カーディー,かーでぃー,カーディ,中世,複数地域,イスラーム世界の都市・地方社会,7世紀以後,650,WH-000901-I01,integrated,統合説明,integrated,「カーディー」について説明せよ。,**7世紀以後**、イスラーム世界の都市・地方社会を主な舞台に、**カーディー**は、イスラーム国家で任命された裁判官で、**シャリーア**に基づいて訴訟・婚姻・相続・財産問題などを裁いた。法学者の解釈を実際の統治と社会生活へ結び付ける役割を担った。,カーディー|7世紀以後|シャリーア,,,,世界史の窓（章節別用語リスト）,https://www.y-history.net/appendix/appendix-list.html
世界史段階別デッキ｜Deck 3｜主要王朝・人物・制度の穴埋め400語,WH-000898,898,Deck 3｜標準,人物,アリー,ありー,アリー＝イブン＝アビー＝ターリブ,中世,西アジア,アラビア半島・イラク,656〜661年在位,656,WH-000898-B01,beginner,用語の特定,identify,第4代正統カリフで、ムハンマドの従弟・娘婿としてシーア派が正統な後継者とみなす人物は？,アリー,アリー,アリー＝イブン＝アビー＝ターリブ,,,世界史の窓（章節別用語リスト）,https://www.y-history.net/appendix/appendix-list.html
世界史段階別デッキ｜Deck 3｜主要王朝・人物・制度の穴埋め400語,WH-000898,898,Deck 3｜標準,人物,アリー,ありー,アリー＝イブン＝アビー＝ターリブ,中世,西アジア,アラビア半島・イラク,656〜661年在位,656,WH-000898-B02,beginner,時期,time,「アリー」が主に活動したのはいつ？,656〜661年在位,656〜661年在位,,,,世界史の窓（章節別用語リスト）,https://www.y-history.net/appendix/appendix-list.html
世界史段階別デッキ｜Deck 3｜主要王朝・人物・制度の穴埋め400語,WH-000898,898,Deck 3｜標準,人物,アリー,ありー,アリー＝イブン＝アビー＝ターリブ,中世,西アジア,アラビア半島・イラク,656〜661年在位,656,WH-000898-B03,beginner,関連,relation,「アリー」について、特に正統な後継者とみなす宗派は？,シーア派,シーア派,,,,世界史の窓（章節別用語リスト）,https://www.y-history.net/appendix/appendix-list.html
世界史段階別デッキ｜Deck 3｜主要王朝・人物・制度の穴埋め400語,WH-000898,898,Deck 3｜標準,人物,アリー,ありー,アリー＝イブン＝アビー＝ターリブ,中世,西アジア,アラビア半島・イラク,656〜661年在位,656,WH-000898-R01,reverse,複合説明,reverse,何をした？,アラビア半島・イラクを主な舞台に、**アリー**は、ムハンマドの従弟・娘婿で、第4代**正統カリフ**となったが、ムアーウィヤとの内戦中に暗殺された。彼とその子孫の指導権を重視する人々から**シーア派**が形成された。,アリー|正統カリフ|シーア派,,,,世界史の窓（章節別用語リスト）,https://www.y-history.net/appendix/appendix-list.html
世界史段階別デッキ｜Deck 3｜主要王朝・人物・制度の穴埋め400語,WH-000898,898,Deck 3｜標準,人物,アリー,ありー,アリー＝イブン＝アビー＝ターリブ,中世,西アジア,アラビア半島・イラク,656〜661年在位,656,WH-000898-R02,reverse,時期,time,「アリー」が主に活動したのはいつ？,**656〜661年在位**,656〜661年在位,,,,世界史の窓（章節別用語リスト）,https://www.y-history.net/appendix/appendix-list.html
世界史段階別デッキ｜Deck 3｜主要王朝・人物・制度の穴埋め400語,WH-000898,898,Deck 3｜標準,人物,アリー,ありー,アリー＝イブン＝アビー＝ターリブ,中世,西アジア,アラビア半島・イラク,656〜661年在位,656,WH-000898-I01,integrated,統合説明,integrated,「アリー」について説明せよ。,**656〜661年在位**、アラビア半島・イラクを主な舞台に、**アリー**は、ムハンマドの従弟・娘婿で、第4代**正統カリフ**となったが、ムアーウィヤとの内戦中に暗殺された。彼とその子孫の指導権を重視する人々から**シーア派**が形成された。,アリー|656〜661年在位|正統カリフ|シーア派,,,,世界史の窓（章節別用語リスト）,https://www.y-history.net/appendix/appendix-list.html
世界史段階別デッキ｜Deck 3｜主要王朝・人物・制度の穴埋め400語,WH-000873,873,Deck 3｜標準,文化・技術・学問,木版印刷,もくはんいんさつ,,中世,東アジア,中国から東アジア各地,唐代以後,700,WH-000873-B01,beginner,用語の特定,identify,文字や絵を彫った版木で大量印刷を可能にし、唐・宋代に発達した技術は？,木版印刷,木版印刷,,,,世界史の窓（章節別用語リスト）,https://www.y-history.net/appendix/appendix-list.html
世界史段階別デッキ｜Deck 3｜主要王朝・人物・制度の穴埋め400語,WH-000873,873,Deck 3｜標準,文化・技術・学問,木版印刷,もくはんいんさつ,,中世,東アジア,中国から東アジア各地,唐代以後,700,WH-000873-B02,beginner,時期,time,「木版印刷」が使用・展開されたのはいつ？,唐代以後,唐代以後,,,,世界史の窓（章節別用語リスト）,https://www.y-history.net/appendix/appendix-list.html
世界史段階別デッキ｜Deck 3｜主要王朝・人物・制度の穴埋め400語,WH-000873,873,Deck 3｜標準,文化・技術・学問,木版印刷,もくはんいんさつ,,中世,東アジア,中国から東アジア各地,唐代以後,700,WH-000873-B03,beginner,内容,content,「木版印刷」について、普及を促したものは？,書籍・仏典の大量刊行,書籍・仏典の大量刊行,,,,世界史の窓（章節別用語リスト）,https://www.y-history.net/appendix/appendix-list.html
世界史段階別デッキ｜Deck 3｜主要王朝・人物・制度の穴埋め400語,WH-000873,873,Deck 3｜標準,文化・技術・学問,木版印刷,もくはんいんさつ,,中世,東アジア,中国から東アジア各地,唐代以後,700,WH-000873-R01,reverse,複合説明,reverse,どんな文化・技術・学問？,中国から東アジア各地を主な舞台に、**木版印刷**は、文字や絵を版木に彫って紙へ刷る印刷技術で、唐代の仏典印刷から発達し、宋代に書籍の大量刊行を可能にした。知識の普及と科挙(かきょ)文化を支え、朝鮮・日本にも伝わった。,木版印刷,,,,世界史の窓（章節別用語リスト）,https://www.y-history.net/appendix/appendix-list.html
世界史段階別デッキ｜Deck 3｜主要王朝・人物・制度の穴埋め400語,WH-000873,873,Deck 3｜標準,文化・技術・学問,木版印刷,もくはんいんさつ,,中世,東アジア,中国から東アジア各地,唐代以後,700,WH-000873-R02,reverse,時期,time,「木版印刷」が使用・展開されたのはいつ？,**唐代以後**,唐代以後,,,,世界史の窓（章節別用語リスト）,https://www.y-history.net/appendix/appendix-list.html
世界史段階別デッキ｜Deck 3｜主要王朝・人物・制度の穴埋め400語,WH-000873,873,Deck 3｜標準,文化・技術・学問,木版印刷,もくはんいんさつ,,中世,東アジア,中国から東アジア各地,唐代以後,700,WH-000873-I01,integrated,統合説明,integrated,「木版印刷」について説明せよ。,**唐代以後**、中国から東アジア各地を主な舞台に、**木版印刷**は、文字や絵を版木に彫って紙へ刷る印刷技術で、唐代の仏典印刷から発達し、宋代に書籍の大量刊行を可能にした。知識の普及と科挙(かきょ)文化を支え、朝鮮・日本にも伝わった。,木版印刷|唐代以後,,,,世界史の窓（章節別用語リスト）,https://www.y-history.net/appendix/appendix-list.html
世界史段階別デッキ｜Deck 3｜主要王朝・人物・制度の穴埋め400語,WH-000843,843,Deck 3｜標準,制度・政策・法律,聖像禁止令,せいぞうきんしれい,イコン禁止令,中世,複数地域,ビザンツ帝国・東地中海,726年,726,WH-000843-B01,beginner,用語の特定,identify,レオン3世が発し、聖像をめぐる東西教会の対立を深めた命令は？,聖像禁止令,聖像禁止令,イコン禁止令,,,世界史の窓（章節別用語リスト）,https://www.y-history.net/appendix/appendix-list.html
世界史段階別デッキ｜Deck 3｜主要王朝・人物・制度の穴埋め400語,WH-000843,843,Deck 3｜標準,制度・政策・法律,聖像禁止令,せいぞうきんしれい,イコン禁止令,中世,複数地域,ビザンツ帝国・東地中海,726年,726,WH-000843-B02,beginner,時期,time,「聖像禁止令」が実施・整備されたのはいつ？,726年,726年,,,726年：「レオンさん なじむ聖像 禁止する」（726）聖像禁止令。,世界史の窓（章節別用語リスト）,https://www.y-history.net/appendix/appendix-list.html
世界史段階別デッキ｜Deck 3｜主要王朝・人物・制度の穴埋め400語,WH-000843,843,Deck 3｜標準,制度・政策・法律,聖像禁止令,せいぞうきんしれい,イコン禁止令,中世,複数地域,ビザンツ帝国・東地中海,726年,726,WH-000843-B03,beginner,中心人物,person,「聖像禁止令」について、発した皇帝は？,レオン3世,レオン3世,,,,世界史の窓（章節別用語リスト）,https://www.y-history.net/appendix/appendix-list.html
世界史段階別デッキ｜Deck 3｜主要王朝・人物・制度の穴埋め400語,WH-000843,843,Deck 3｜標準,制度・政策・法律,聖像禁止令,せいぞうきんしれい,イコン禁止令,中世,複数地域,ビザンツ帝国・東地中海,726年,726,WH-000843-R01,reverse,複合説明,reverse,どんな制度・政策・法律？,ビザンツ帝国・東地中海を主な舞台に、**聖像禁止令**は、ビザンツ皇帝**レオン3世**が聖像崇拝を禁止した命令で、聖像擁護派の修道士やローマ教皇と対立した。**聖像破壊運動**を引き起こし、東西教会の距離を広げた。,聖像禁止令|レオン3世|聖像破壊運動,,,,世界史の窓（章節別用語リスト）,https://www.y-history.net/appendix/appendix-list.html
世界史段階別デッキ｜Deck 3｜主要王朝・人物・制度の穴埋め400語,WH-000843,843,Deck 3｜標準,制度・政策・法律,聖像禁止令,せいぞうきんしれい,イコン禁止令,中世,複数地域,ビザンツ帝国・東地中海,726年,726,WH-000843-R02,reverse,時期,time,「聖像禁止令」が実施・整備されたのはいつ？,**726年**,726年,,,726年：「レオンさん なじむ聖像 禁止する」（726）聖像禁止令。,世界史の窓（章節別用語リスト）,https://www.y-history.net/appendix/appendix-list.html
世界史段階別デッキ｜Deck 3｜主要王朝・人物・制度の穴埋め400語,WH-000843,843,Deck 3｜標準,制度・政策・法律,聖像禁止令,せいぞうきんしれい,イコン禁止令,中世,複数地域,ビザンツ帝国・東地中海,726年,726,WH-000843-I01,integrated,統合説明,integrated,「聖像禁止令」について説明せよ。,**726年**、ビザンツ帝国・東地中海を主な舞台に、**聖像禁止令**は、ビザンツ皇帝**レオン3世**が聖像崇拝を禁止した命令で、聖像擁護派の修道士やローマ教皇と対立した。**聖像破壊運動**を引き起こし、東西教会の距離を広げた。,聖像禁止令|726年|レオン3世|聖像破壊運動,,,726年：「レオンさん なじむ聖像 禁止する」（726）聖像禁止令。,世界史の窓（章節別用語リスト）,https://www.y-history.net/appendix/appendix-list.html
世界史段階別デッキ｜Deck 3｜主要王朝・人物・制度の穴埋め400語,WH-000941,941,Deck 3｜標準,運動,ビザンツの聖像破壊運動,びざんつのせいぞうはかいうんどう,イコノクラスム|聖像禁止運動,中世,ヨーロッパ,ビザンツ帝国・東地中海,726〜843年,726,WH-000941-B01,beginner,用語の特定,identify,皇帝が聖像崇拝を禁止し、修道院やローマ教会との対立を深めた運動は？,ビザンツの聖像破壊運動,ビザンツの聖像破壊運動,イコノクラスム|聖像禁止運動,,,世界史の窓（章節別用語リスト）,https://www.y-history.net/appendix/appendix-list.html
世界史段階別デッキ｜Deck 3｜主要王朝・人物・制度の穴埋め400語,WH-000941,941,Deck 3｜標準,運動,ビザンツの聖像破壊運動,びざんつのせいぞうはかいうんどう,イコノクラスム|聖像禁止運動,中世,ヨーロッパ,ビザンツ帝国・東地中海,726〜843年,726,WH-000941-B02,beginner,時期,time,「ビザンツの聖像破壊運動」が盛んだったのはいつ？,726〜843年,726〜843年,,,,世界史の窓（章節別用語リスト）,https://www.y-history.net/appendix/appendix-list.html
世界史段階別デッキ｜Deck 3｜主要王朝・人物・制度の穴埋め400語,WH-000941,941,Deck 3｜標準,運動,ビザンツの聖像破壊運動,びざんつのせいぞうはかいうんどう,イコノクラスム|聖像禁止運動,中世,ヨーロッパ,ビザンツ帝国・東地中海,726〜843年,726,WH-000941-B03,beginner,内容,content,「ビザンツの聖像破壊運動」について、対立を深めた西方の教会は？,ローマ教会,ローマ教会,,,,世界史の窓（章節別用語リスト）,https://www.y-history.net/appendix/appendix-list.html
世界史段階別デッキ｜Deck 3｜主要王朝・人物・制度の穴埋め400語,WH-000941,941,Deck 3｜標準,運動,ビザンツの聖像破壊運動,びざんつのせいぞうはかいうんどう,イコノクラスム|聖像禁止運動,中世,ヨーロッパ,ビザンツ帝国・東地中海,726〜843年,726,WH-000941-R01,reverse,複合説明,reverse,何が起きた？,ビザンツ帝国・東地中海を主な舞台に、**ビザンツの聖像破壊運動**は、ビザンツ皇帝がキリストや聖人の**聖像**崇拝を偶像崇拝として禁止し、聖像を守る修道士・民衆と対立した。ローマ教会との対立も深まり、843年に聖像崇敬が最終的に復活した。,ビザンツの聖像破壊運動|聖像,,,,世界史の窓（章節別用語リスト）,https://www.y-history.net/appendix/appendix-list.html
世界史段階別デッキ｜Deck 3｜主要王朝・人物・制度の穴埋め400語,WH-000941,941,Deck 3｜標準,運動,ビザンツの聖像破壊運動,びざんつのせいぞうはかいうんどう,イコノクラスム|聖像禁止運動,中世,ヨーロッパ,ビザンツ帝国・東地中海,726〜843年,726,WH-000941-R02,reverse,時期,time,「ビザンツの聖像破壊運動」が盛んだったのはいつ？,**726〜843年**,726〜843年,,,,世界史の窓（章節別用語リスト）,https://www.y-history.net/appendix/appendix-list.html
世界史段階別デッキ｜Deck 3｜主要王朝・人物・制度の穴埋め400語,WH-000941,941,Deck 3｜標準,運動,ビザンツの聖像破壊運動,びざんつのせいぞうはかいうんどう,イコノクラスム|聖像禁止運動,中世,ヨーロッパ,ビザンツ帝国・東地中海,726〜843年,726,WH-000941-I01,integrated,統合説明,integrated,「ビザンツの聖像破壊運動」について説明せよ。,**726〜843年**、ビザンツ帝国・東地中海を主な舞台に、**ビザンツの聖像破壊運動**は、ビザンツ皇帝がキリストや聖人の**聖像**崇拝を偶像崇拝として禁止し、聖像を守る修道士・民衆と対立した。ローマ教会との対立も深まり、843年に聖像崇敬が最終的に復活した。,ビザンツの聖像破壊運動|726〜843年|聖像,,,,世界史の窓（章節別用語リスト）,https://www.y-history.net/appendix/appendix-list.html
世界史段階別デッキ｜Deck 3｜主要王朝・人物・制度の穴埋め400語,WH-000900,900,Deck 3｜標準,文書・作品,ハディース,はでぃーす,伝承,中世,複数地域,イスラーム世界,8〜9世紀に編纂,750,WH-000900-B01,beginner,用語の特定,identify,ムハンマドの言行や承認を伝え、コーランとともにイスラーム法の重要な根拠となった伝承は？,ハディース,ハディース,伝承,,,世界史の窓（章節別用語リスト）,https://www.y-history.net/appendix/appendix-list.html
世界史段階別デッキ｜Deck 3｜主要王朝・人物・制度の穴埋め400語,WH-000900,900,Deck 3｜標準,文書・作品,ハディース,はでぃーす,伝承,中世,複数地域,イスラーム世界,8〜9世紀に編纂,750,WH-000900-B02,beginner,時期,time,「ハディース」が成立・発表されたのはいつ？,8〜9世紀に編纂,8〜9世紀に編纂,,,,世界史の窓（章節別用語リスト）,https://www.y-history.net/appendix/appendix-list.html
世界史段階別デッキ｜Deck 3｜主要王朝・人物・制度の穴埋め400語,WH-000900,900,Deck 3｜標準,文書・作品,ハディース,はでぃーす,伝承,中世,複数地域,イスラーム世界,8〜9世紀に編纂,750,WH-000900-B03,beginner,中心人物,person,「ハディース」について、誰の言行を記す？,ムハンマド,ムハンマド,,,,世界史の窓（章節別用語リスト）,https://www.y-history.net/appendix/appendix-list.html
世界史段階別デッキ｜Deck 3｜主要王朝・人物・制度の穴埋め400語,WH-000900,900,Deck 3｜標準,文書・作品,ハディース,はでぃーす,伝承,中世,複数地域,イスラーム世界,8〜9世紀に編纂,750,WH-000900-R01,reverse,複合説明,reverse,何が書かれている？,イスラーム世界を主な舞台に、**ハディース**は、**ムハンマド**の言葉・行為・黙認を伝える伝承で、伝承者の連鎖を検証して集成された。**コーラン**に次ぐ信仰・倫理・**シャリーア**解釈の重要な根拠となった。,ハディース|ムハンマド|コーラン|シャリーア,,,,世界史の窓（章節別用語リスト）,https://www.y-history.net/appendix/appendix-list.html
世界史段階別デッキ｜Deck 3｜主要王朝・人物・制度の穴埋め400語,WH-000900,900,Deck 3｜標準,文書・作品,ハディース,はでぃーす,伝承,中世,複数地域,イスラーム世界,8〜9世紀に編纂,750,WH-000900-R02,reverse,時期,time,「ハディース」が成立・発表されたのはいつ？,**8〜9世紀に編纂**,8〜9世紀に編纂,,,,世界史の窓（章節別用語リスト）,https://www.y-history.net/appendix/appendix-list.html
世界史段階別デッキ｜Deck 3｜主要王朝・人物・制度の穴埋め400語,WH-000900,900,Deck 3｜標準,文書・作品,ハディース,はでぃーす,伝承,中世,複数地域,イスラーム世界,8〜9世紀に編纂,750,WH-000900-I01,integrated,統合説明,integrated,「ハディース」について説明せよ。,**8〜9世紀に編纂**、イスラーム世界を主な舞台に、**ハディース**は、**ムハンマド**の言葉・行為・黙認を伝える伝承で、伝承者の連鎖を検証して集成された。**コーラン**に次ぐ信仰・倫理・**シャリーア**解釈の重要な根拠となった。,ハディース|8〜9世紀に編纂|ムハンマド|コーラン|シャリーア,,,,世界史の窓（章節別用語リスト）,https://www.y-history.net/appendix/appendix-list.html
世界史段階別デッキ｜Deck 3｜主要王朝・人物・制度の穴埋め400語,WH-000902,902,Deck 3｜標準,民族・身分・社会集団,ワズィール,わずぃーる,宰相,中世,複数地域,アッバース朝をはじめとするイスラーム諸国,8世紀以後,750,WH-000902-B01,beginner,用語の特定,identify,イスラーム諸王朝で君主を補佐し、行政を統括した宰相を何という？,ワズィール,ワズィール,宰相,,,世界史の窓（章節別用語リスト）,https://www.y-history.net/appendix/appendix-list.html
世界史段階別デッキ｜Deck 3｜主要王朝・人物・制度の穴埋め400語,WH-000902,902,Deck 3｜標準,民族・身分・社会集団,ワズィール,わずぃーる,宰相,中世,複数地域,アッバース朝をはじめとするイスラーム諸国,8世紀以後,750,WH-000902-B02,beginner,時期,time,「ワズィール」が使用・展開されたのはいつ？,8世紀以後,8世紀以後,,,,世界史の窓（章節別用語リスト）,https://www.y-history.net/appendix/appendix-list.html
世界史段階別デッキ｜Deck 3｜主要王朝・人物・制度の穴埋め400語,WH-000902,902,Deck 3｜標準,民族・身分・社会集団,ワズィール,わずぃーる,宰相,中世,複数地域,アッバース朝をはじめとするイスラーム諸国,8世紀以後,750,WH-000902-B03,beginner,内容,content,「ワズィール」について、主な役割は？,君主補佐と行政統括,君主補佐と行政統括,,,,世界史の窓（章節別用語リスト）,https://www.y-history.net/appendix/appendix-list.html
世界史段階別デッキ｜Deck 3｜主要王朝・人物・制度の穴埋め400語,WH-000902,902,Deck 3｜標準,民族・身分・社会集団,ワズィール,わずぃーる,宰相,中世,複数地域,アッバース朝をはじめとするイスラーム諸国,8世紀以後,750,WH-000902-R01,reverse,複合説明,reverse,どんな人々・集団？,アッバース朝をはじめとするイスラーム諸国を主な舞台に、**ワズィール**は、**アッバース朝**で発達した宰相職で、カリフを補佐し、官僚機構・財政・文書行政を統括した。後のイスラーム諸王朝でも君主に次ぐ有力官職として用いられた。,ワズィール|アッバース朝,,,,世界史の窓（章節別用語リスト）,https://www.y-history.net/appendix/appendix-list.html
世界史段階別デッキ｜Deck 3｜主要王朝・人物・制度の穴埋め400語,WH-000902,902,Deck 3｜標準,民族・身分・社会集団,ワズィール,わずぃーる,宰相,中世,複数地域,アッバース朝をはじめとするイスラーム諸国,8世紀以後,750,WH-000902-R02,reverse,時期,time,「ワズィール」が使用・展開されたのはいつ？,**8世紀以後**,8世紀以後,,,,世界史の窓（章節別用語リスト）,https://www.y-history.net/appendix/appendix-list.html
世界史段階別デッキ｜Deck 3｜主要王朝・人物・制度の穴埋め400語,WH-000902,902,Deck 3｜標準,民族・身分・社会集団,ワズィール,わずぃーる,宰相,中世,複数地域,アッバース朝をはじめとするイスラーム諸国,8世紀以後,750,WH-000902-I01,integrated,統合説明,integrated,「ワズィール」について説明せよ。,**8世紀以後**、アッバース朝をはじめとするイスラーム諸国を主な舞台に、**ワズィール**は、**アッバース朝**で発達した宰相職で、カリフを補佐し、官僚機構・財政・文書行政を統括した。後のイスラーム諸王朝でも君主に次ぐ有力官職として用いられた。,ワズィール|8世紀以後|アッバース朝,,,,世界史の窓（章節別用語リスト）,https://www.y-history.net/appendix/appendix-list.html
世界史段階別デッキ｜Deck 3｜主要王朝・人物・制度の穴埋め400語,WH-000903,903,Deck 3｜標準,人物,マンスール,まんすーる,アブー＝ジャアファル＝マンスール,中世,西アジア,アッバース朝・イラク・バグダード,754〜775年在位,754,WH-000903-B01,beginner,用語の特定,identify,アッバース朝第2代カリフとしてバグダードを建設し、王朝支配を安定させた人物は？,マンスール,マンスール,アブー＝ジャアファル＝マンスール,,,世界史の窓（章節別用語リスト）,https://www.y-history.net/appendix/appendix-list.html
世界史段階別デッキ｜Deck 3｜主要王朝・人物・制度の穴埋め400語,WH-000903,903,Deck 3｜標準,人物,マンスール,まんすーる,アブー＝ジャアファル＝マンスール,中世,西アジア,アッバース朝・イラク・バグダード,754〜775年在位,754,WH-000903-B02,beginner,時期,time,「マンスール」が主に活動したのはいつ？,754〜775年在位,754〜775年在位,,,,世界史の窓（章節別用語リスト）,https://www.y-history.net/appendix/appendix-list.html
世界史段階別デッキ｜Deck 3｜主要王朝・人物・制度の穴埋め400語,WH-000903,903,Deck 3｜標準,人物,マンスール,まんすーる,アブー＝ジャアファル＝マンスール,中世,西アジア,アッバース朝・イラク・バグダード,754〜775年在位,754,WH-000903-B03,beginner,地域,place,「マンスール」について、建設した首都は？,バグダード,バグダード,,,,世界史の窓（章節別用語リスト）,https://www.y-history.net/appendix/appendix-list.html
世界史段階別デッキ｜Deck 3｜主要王朝・人物・制度の穴埋め400語,WH-000903,903,Deck 3｜標準,人物,マンスール,まんすーる,アブー＝ジャアファル＝マンスール,中世,西アジア,アッバース朝・イラク・バグダード,754〜775年在位,754,WH-000903-R01,reverse,複合説明,reverse,何をした？,アッバース朝・イラク・バグダードを主な舞台に、**マンスール**は、アッバース朝第2代カリフとして反対勢力を抑え、762年に円城都市**バグダード**を建設して首都とした。イラン系官僚も登用し、王朝の中央集権的統治を固めた。,マンスール|バグダード,,,,世界史の窓（章節別用語リスト）,https://www.y-history.net/appendix/appendix-list.html
世界史段階別デッキ｜Deck 3｜主要王朝・人物・制度の穴埋め400語,WH-000903,903,Deck 3｜標準,人物,マンスール,まんすーる,アブー＝ジャアファル＝マンスール,中世,西アジア,アッバース朝・イラク・バグダード,754〜775年在位,754,WH-000903-R02,reverse,時期,time,「マンスール」が主に活動したのはいつ？,**754〜775年在位**,754〜775年在位,,,,世界史の窓（章節別用語リスト）,https://www.y-history.net/appendix/appendix-list.html
世界史段階別デッキ｜Deck 3｜主要王朝・人物・制度の穴埋め400語,WH-000903,903,Deck 3｜標準,人物,マンスール,まんすーる,アブー＝ジャアファル＝マンスール,中世,西アジア,アッバース朝・イラク・バグダード,754〜775年在位,754,WH-000903-I01,integrated,統合説明,integrated,「マンスール」について説明せよ。,**754〜775年在位**、アッバース朝・イラク・バグダードを主な舞台に、**マンスール**は、アッバース朝第2代カリフとして反対勢力を抑え、762年に円城都市**バグダード**を建設して首都とした。イラン系官僚も登用し、王朝の中央集権的統治を固めた。,マンスール|754〜775年在位|バグダード,,,,世界史の窓（章節別用語リスト）,https://www.y-history.net/appendix/appendix-list.html
世界史段階別デッキ｜Deck 3｜主要王朝・人物・制度の穴埋め400語,WH-000904,904,Deck 3｜標準,人物,ハールーン＝アッラシード,はーるーんあっらしーど,,中世,西アジア,アッバース朝・バグダード,786〜809年在位,786,WH-000904-B01,beginner,用語の特定,identify,アッバース朝の最盛期を築き、『千夜一夜物語』にも登場するカリフは？,ハールーン＝アッラシード,ハールーン＝アッラシード,,,,世界史の窓（章節別用語リスト）,https://www.y-history.net/appendix/appendix-list.html
世界史段階別デッキ｜Deck 3｜主要王朝・人物・制度の穴埋め400語,WH-000904,904,Deck 3｜標準,人物,ハールーン＝アッラシード,はーるーんあっらしーど,,中世,西アジア,アッバース朝・バグダード,786〜809年在位,786,WH-000904-B02,beginner,時期,time,「ハールーン＝アッラシード」が主に活動したのはいつ？,786〜809年在位,786〜809年在位,,,,世界史の窓（章節別用語リスト）,https://www.y-history.net/appendix/appendix-list.html
世界史段階別デッキ｜Deck 3｜主要王朝・人物・制度の穴埋め400語,WH-000904,904,Deck 3｜標準,人物,ハールーン＝アッラシード,はーるーんあっらしーど,,中世,西アジア,アッバース朝・バグダード,786〜809年在位,786,WH-000904-B03,beginner,関連,relation,「ハールーン＝アッラシード」について、属した王朝は？,アッバース朝,アッバース朝,,,,世界史の窓（章節別用語リスト）,https://www.y-history.net/appendix/appendix-list.html
世界史段階別デッキ｜Deck 3｜主要王朝・人物・制度の穴埋め400語,WH-000904,904,Deck 3｜標準,人物,ハールーン＝アッラシード,はーるーんあっらしーど,,中世,西アジア,アッバース朝・バグダード,786〜809年在位,786,WH-000904-R01,reverse,複合説明,reverse,何をした？,アッバース朝・バグダードを主な舞台に、**ハールーン＝アッラシード**は、**アッバース朝**のカリフとしてバグダードを中心に政治・交易・学芸の繁栄を示した。カール大帝と使節を交換し、後世には**『千夜一夜物語』**の理想化された君主としても知られた。,ハールーン＝アッラシード|アッバース朝|千夜一夜物語,,,,世界史の窓（章節別用語リスト）,https://www.y-history.net/appendix/appendix-list.html
世界史段階別デッキ｜Deck 3｜主要王朝・人物・制度の穴埋め400語,WH-000904,904,Deck 3｜標準,人物,ハールーン＝アッラシード,はーるーんあっらしーど,,中世,西アジア,アッバース朝・バグダード,786〜809年在位,786,WH-000904-R02,reverse,時期,time,「ハールーン＝アッラシード」が主に活動したのはいつ？,**786〜809年在位**,786〜809年在位,,,,世界史の窓（章節別用語リスト）,https://www.y-history.net/appendix/appendix-list.html
世界史段階別デッキ｜Deck 3｜主要王朝・人物・制度の穴埋め400語,WH-000904,904,Deck 3｜標準,人物,ハールーン＝アッラシード,はーるーんあっらしーど,,中世,西アジア,アッバース朝・バグダード,786〜809年在位,786,WH-000904-I01,integrated,統合説明,integrated,「ハールーン＝アッラシード」について説明せよ。,**786〜809年在位**、アッバース朝・バグダードを主な舞台に、**ハールーン＝アッラシード**は、**アッバース朝**のカリフとしてバグダードを中心に政治・交易・学芸の繁栄を示した。カール大帝と使節を交換し、後世には**『千夜一夜物語』**の理想化された君主としても知られた。,ハールーン＝アッラシード|786〜809年在位|アッバース朝|千夜一夜物語,,,,世界史の窓（章節別用語リスト）,https://www.y-history.net/appendix/appendix-list.html
世界史段階別デッキ｜Deck 3｜主要王朝・人物・制度の穴埋め400語,WH-000921,921,Deck 3｜標準,国家・王朝,東フランク王国,ひがしふらんくおうこく,,中世,ヨーロッパ,ライン川以東・現在のドイツを中心とする地域,843〜10世紀,843,WH-000921-B01,beginner,用語の特定,identify,ヴェルダン条約で成立し、後のドイツ王国・神聖ローマ帝国の基礎となった国は？,東フランク王国,東フランク王国,,,,世界史の窓（章節別用語リスト）,https://www.y-history.net/appendix/appendix-list.html
世界史段階別デッキ｜Deck 3｜主要王朝・人物・制度の穴埋め400語,WH-000921,921,Deck 3｜標準,国家・王朝,東フランク王国,ひがしふらんくおうこく,,中世,ヨーロッパ,ライン川以東・現在のドイツを中心とする地域,843〜10世紀,843,WH-000921-B02,beginner,時期,time,「東フランク王国」が存在したのはいつ？,843〜10世紀,843〜10世紀,,,,世界史の窓（章節別用語リスト）,https://www.y-history.net/appendix/appendix-list.html
世界史段階別デッキ｜Deck 3｜主要王朝・人物・制度の穴埋め400語,WH-000921,921,Deck 3｜標準,国家・王朝,東フランク王国,ひがしふらんくおうこく,,中世,ヨーロッパ,ライン川以東・現在のドイツを中心とする地域,843〜10世紀,843,WH-000921-B03,beginner,関連,relation,「東フランク王国」について、成立を定めた条約は？,ヴェルダン条約,ヴェルダン条約,,,,世界史の窓（章節別用語リスト）,https://www.y-history.net/appendix/appendix-list.html
世界史段階別デッキ｜Deck 3｜主要王朝・人物・制度の穴埋め400語,WH-000921,921,Deck 3｜標準,国家・王朝,東フランク王国,ひがしふらんくおうこく,,中世,ヨーロッパ,ライン川以東・現在のドイツを中心とする地域,843〜10世紀,843,WH-000921-R01,reverse,複合説明,reverse,何をした？,ライン川以東・現在のドイツを中心とする地域を主な舞台に、**東フランク王国**は、843年の**ヴェルダン条約**でカール大帝の帝国東部に成立し、ルートヴィヒ2世が統治した。カロリング家断絶後に諸侯(しょこう)が王を選び、後のドイツ王国・神聖ローマ帝国の基礎となった。,東フランク王国|ヴェルダン条約,,,,世界史の窓（章節別用語リスト）,https://www.y-history.net/appendix/appendix-list.html
世界史段階別デッキ｜Deck 3｜主要王朝・人物・制度の穴埋め400語,WH-000921,921,Deck 3｜標準,国家・王朝,東フランク王国,ひがしふらんくおうこく,,中世,ヨーロッパ,ライン川以東・現在のドイツを中心とする地域,843〜10世紀,843,WH-000921-R02,reverse,時期,time,「東フランク王国」が存在したのはいつ？,**843〜10世紀**,843〜10世紀,,,,世界史の窓（章節別用語リスト）,https://www.y-history.net/appendix/appendix-list.html
世界史段階別デッキ｜Deck 3｜主要王朝・人物・制度の穴埋め400語,WH-000921,921,Deck 3｜標準,国家・王朝,東フランク王国,ひがしふらんくおうこく,,中世,ヨーロッパ,ライン川以東・現在のドイツを中心とする地域,843〜10世紀,843,WH-000921-I01,integrated,統合説明,integrated,「東フランク王国」について説明せよ。,**843〜10世紀**、ライン川以東・現在のドイツを中心とする地域を主な舞台に、**東フランク王国**は、843年の**ヴェルダン条約**でカール大帝の帝国東部に成立し、ルートヴィヒ2世が統治した。カロリング家断絶後に諸侯(しょこう)が王を選び、後のドイツ王国・神聖ローマ帝国の基礎となった。,東フランク王国|843〜10世紀|ヴェルダン条約,,,,世界史の窓（章節別用語リスト）,https://www.y-history.net/appendix/appendix-list.html
世界史段階別デッキ｜Deck 3｜主要王朝・人物・制度の穴埋め400語,WH-000922,922,Deck 3｜標準,国家・王朝,西フランク王国,にしふらんくおうこく,,中世,ヨーロッパ,現在のフランスを中心とする地域,843〜987年,843,WH-000922-B01,beginner,用語の特定,identify,ヴェルダン条約で成立し、後のフランス王国の基礎となった国は？,西フランク王国,西フランク王国,,,,世界史の窓（章節別用語リスト）,https://www.y-history.net/appendix/appendix-list.html
世界史段階別デッキ｜Deck 3｜主要王朝・人物・制度の穴埋め400語,WH-000922,922,Deck 3｜標準,国家・王朝,西フランク王国,にしふらんくおうこく,,中世,ヨーロッパ,現在のフランスを中心とする地域,843〜987年,843,WH-000922-B02,beginner,時期,time,「西フランク王国」が存在したのはいつ？,843〜987年,843〜987年,,,,世界史の窓（章節別用語リスト）,https://www.y-history.net/appendix/appendix-list.html
世界史段階別デッキ｜Deck 3｜主要王朝・人物・制度の穴埋め400語,WH-000922,922,Deck 3｜標準,国家・王朝,西フランク王国,にしふらんくおうこく,,中世,ヨーロッパ,現在のフランスを中心とする地域,843〜987年,843,WH-000922-B03,beginner,関連,relation,「西フランク王国」について、成立を定めた条約は？,ヴェルダン条約,ヴェルダン条約,,,,世界史の窓（章節別用語リスト）,https://www.y-history.net/appendix/appendix-list.html
世界史段階別デッキ｜Deck 3｜主要王朝・人物・制度の穴埋め400語,WH-000922,922,Deck 3｜標準,国家・王朝,西フランク王国,にしふらんくおうこく,,中世,ヨーロッパ,現在のフランスを中心とする地域,843〜987年,843,WH-000922-R01,reverse,複合説明,reverse,何をした？,現在のフランスを中心とする地域を主な舞台に、**西フランク王国**は、843年の**ヴェルダン条約**で帝国西部に成立し、シャルル2世が統治した。987年にカロリング家が断絶してユーグ＝カペーが即位し、後のフランス王国へつながった。,西フランク王国|ヴェルダン条約,,,,世界史の窓（章節別用語リスト）,https://www.y-history.net/appendix/appendix-list.html
世界史段階別デッキ｜Deck 3｜主要王朝・人物・制度の穴埋め400語,WH-000922,922,Deck 3｜標準,国家・王朝,西フランク王国,にしふらんくおうこく,,中世,ヨーロッパ,現在のフランスを中心とする地域,843〜987年,843,WH-000922-R02,reverse,時期,time,「西フランク王国」が存在したのはいつ？,**843〜987年**,843〜987年,,,,世界史の窓（章節別用語リスト）,https://www.y-history.net/appendix/appendix-list.html
世界史段階別デッキ｜Deck 3｜主要王朝・人物・制度の穴埋め400語,WH-000922,922,Deck 3｜標準,国家・王朝,西フランク王国,にしふらんくおうこく,,中世,ヨーロッパ,現在のフランスを中心とする地域,843〜987年,843,WH-000922-I01,integrated,統合説明,integrated,「西フランク王国」について説明せよ。,**843〜987年**、現在のフランスを中心とする地域を主な舞台に、**西フランク王国**は、843年の**ヴェルダン条約**で帝国西部に成立し、シャルル2世が統治した。987年にカロリング家が断絶してユーグ＝カペーが即位し、後のフランス王国へつながった。,西フランク王国|843〜987年|ヴェルダン条約,,,,世界史の窓（章節別用語リスト）,https://www.y-history.net/appendix/appendix-list.html
世界史段階別デッキ｜Deck 3｜主要王朝・人物・制度の穴埋め400語,WH-000849,849,Deck 3｜標準,国家・王朝,チョーラ朝,ちょーらちょう,,中世,南アジア,南インド・タミル地方からベンガル湾,9〜13世紀,850,WH-000849-B01,beginner,用語の特定,identify,南インドを支配し、強力な海軍でスリランカや東南アジアへ進出したタミル系王朝は？,チョーラ朝,チョーラ朝,,,,世界史の窓（章節別用語リスト）,https://www.y-history.net/appendix/appendix-list.html
世界史段階別デッキ｜Deck 3｜主要王朝・人物・制度の穴埋め400語,WH-000849,849,Deck 3｜標準,国家・王朝,チョーラ朝,ちょーらちょう,,中世,南アジア,南インド・タミル地方からベンガル湾,9〜13世紀,850,WH-000849-B02,beginner,時期,time,「チョーラ朝」が存在したのはいつ？,9〜13世紀,9〜13世紀,,,,世界史の窓（章節別用語リスト）,https://www.y-history.net/appendix/appendix-list.html
世界史段階別デッキ｜Deck 3｜主要王朝・人物・制度の穴埋め400語,WH-000849,849,Deck 3｜標準,国家・王朝,チョーラ朝,ちょーらちょう,,中世,南アジア,南インド・タミル地方からベンガル湾,9〜13世紀,850,WH-000849-B03,beginner,地域,place,「チョーラ朝」について、活動の中心海域は？,ベンガル湾,ベンガル湾,,,,世界史の窓（章節別用語リスト）,https://www.y-history.net/appendix/appendix-list.html
世界史段階別デッキ｜Deck 3｜主要王朝・人物・制度の穴埋め400語,WH-000849,849,Deck 3｜標準,国家・王朝,チョーラ朝,ちょーらちょう,,中世,南アジア,南インド・タミル地方からベンガル湾,9〜13世紀,850,WH-000849-R01,reverse,複合説明,reverse,何をした？,南インド・タミル地方からベンガル湾を主な舞台に、**チョーラ朝**は、南インドのタミル地方を支配し、灌漑農業と寺院都市を発展させた。強力な海軍でスリランカや東南アジアへ進出し、**ベンガル湾交易**を活発化させた。,チョーラ朝|ベンガル湾交易,,,,世界史の窓（章節別用語リスト）,https://www.y-history.net/appendix/appendix-list.html
世界史段階別デッキ｜Deck 3｜主要王朝・人物・制度の穴埋め400語,WH-000849,849,Deck 3｜標準,国家・王朝,チョーラ朝,ちょーらちょう,,中世,南アジア,南インド・タミル地方からベンガル湾,9〜13世紀,850,WH-000849-R02,reverse,時期,time,「チョーラ朝」が存在したのはいつ？,**9〜13世紀**,9〜13世紀,,,,世界史の窓（章節別用語リスト）,https://www.y-history.net/appendix/appendix-list.html
世界史段階別デッキ｜Deck 3｜主要王朝・人物・制度の穴埋め400語,WH-000849,849,Deck 3｜標準,国家・王朝,チョーラ朝,ちょーらちょう,,中世,南アジア,南インド・タミル地方からベンガル湾,9〜13世紀,850,WH-000849-I01,integrated,統合説明,integrated,「チョーラ朝」について説明せよ。,**9〜13世紀**、南インド・タミル地方からベンガル湾を主な舞台に、**チョーラ朝**は、南インドのタミル地方を支配し、灌漑農業と寺院都市を発展させた。強力な海軍でスリランカや東南アジアへ進出し、**ベンガル湾交易**を活発化させた。,チョーラ朝|9〜13世紀|ベンガル湾交易,,,,世界史の窓（章節別用語リスト）,https://www.y-history.net/appendix/appendix-list.html
世界史段階別デッキ｜Deck 3｜主要王朝・人物・制度の穴埋め400語,WH-000874,874,Deck 3｜標準,文化・技術・学問,火薬,かやく,,中世,東アジア,唐・宋の中国からユーラシア各地,9世紀頃以後,850,WH-000874-B01,beginner,用語の特定,identify,中国で道教の錬丹術から生まれ、宋代に兵器へ利用された技術は？,火薬,火薬,,,,世界史の窓（章節別用語リスト）,https://www.y-history.net/appendix/appendix-list.html
世界史段階別デッキ｜Deck 3｜主要王朝・人物・制度の穴埋め400語,WH-000874,874,Deck 3｜標準,文化・技術・学問,火薬,かやく,,中世,東アジア,唐・宋の中国からユーラシア各地,9世紀頃以後,850,WH-000874-B02,beginner,時期,time,「火薬」が使用・展開されたのはいつ？,9世紀頃以後,9世紀頃以後,,,,世界史の窓（章節別用語リスト）,https://www.y-history.net/appendix/appendix-list.html
世界史段階別デッキ｜Deck 3｜主要王朝・人物・制度の穴埋め400語,WH-000874,874,Deck 3｜標準,文化・技術・学問,火薬,かやく,,中世,東アジア,唐・宋の中国からユーラシア各地,9世紀頃以後,850,WH-000874-B03,beginner,内容,content,「火薬」について、西方への伝播を促した勢力は？,モンゴル帝国,モンゴル帝国,,,,世界史の窓（章節別用語リスト）,https://www.y-history.net/appendix/appendix-list.html
世界史段階別デッキ｜Deck 3｜主要王朝・人物・制度の穴埋め400語,WH-000874,874,Deck 3｜標準,文化・技術・学問,火薬,かやく,,中世,東アジア,唐・宋の中国からユーラシア各地,9世紀頃以後,850,WH-000874-R01,reverse,複合説明,reverse,どんな文化・技術・学問？,唐・宋の中国からユーラシア各地を主な舞台に、**火薬**は、中国の錬丹術から生まれ、宋代には火矢・爆弾などの**火器**に用いられた。モンゴル帝国の拡大などを通じて西アジア・ヨーロッパへ伝わり、軍事技術を変化させた。,火薬|火器,,,,世界史の窓（章節別用語リスト）,https://www.y-history.net/appendix/appendix-list.html
世界史段階別デッキ｜Deck 3｜主要王朝・人物・制度の穴埋め400語,WH-000874,874,Deck 3｜標準,文化・技術・学問,火薬,かやく,,中世,東アジア,唐・宋の中国からユーラシア各地,9世紀頃以後,850,WH-000874-R02,reverse,時期,time,「火薬」が使用・展開されたのはいつ？,**9世紀頃以後**,9世紀頃以後,,,,世界史の窓（章節別用語リスト）,https://www.y-history.net/appendix/appendix-list.html
世界史段階別デッキ｜Deck 3｜主要王朝・人物・制度の穴埋め400語,WH-000874,874,Deck 3｜標準,文化・技術・学問,火薬,かやく,,中世,東アジア,唐・宋の中国からユーラシア各地,9世紀頃以後,850,WH-000874-I01,integrated,統合説明,integrated,「火薬」について説明せよ。,**9世紀頃以後**、唐・宋の中国からユーラシア各地を主な舞台に、**火薬**は、中国の錬丹術から生まれ、宋代には火矢・爆弾などの**火器**に用いられた。モンゴル帝国の拡大などを通じて西アジア・ヨーロッパへ伝わり、軍事技術を変化させた。,火薬|9世紀頃以後|火器,,,,世界史の窓（章節別用語リスト）,https://www.y-history.net/appendix/appendix-list.html
世界史段階別デッキ｜Deck 3｜主要王朝・人物・制度の穴埋め400語,WH-000844,844,Deck 3｜標準,人物,キュリロスとメトディオス,きゅりろすとめとでぃおす,キリルとメトディウス,中世,ヨーロッパ,ビザンツ帝国から大モラヴィア・スラヴ地域,9世紀,863,WH-000844-B01,beginner,用語の特定,identify,スラヴ人へキリスト教を伝え、スラヴ語典礼と文字文化の基礎を築いた兄弟宣教師は？,キュリロスとメトディオス,キュリロスとメトディオス,キリルとメトディウス,,,世界史の窓（章節別用語リスト）,https://www.y-history.net/appendix/appendix-list.html
世界史段階別デッキ｜Deck 3｜主要王朝・人物・制度の穴埋め400語,WH-000844,844,Deck 3｜標準,人物,キュリロスとメトディオス,きゅりろすとめとでぃおす,キリルとメトディウス,中世,ヨーロッパ,ビザンツ帝国から大モラヴィア・スラヴ地域,9世紀,863,WH-000844-B02,beginner,時期,time,「キュリロスとメトディオス」が主に活動したのはいつ？,9世紀,9世紀,,,,世界史の窓（章節別用語リスト）,https://www.y-history.net/appendix/appendix-list.html
世界史段階別デッキ｜Deck 3｜主要王朝・人物・制度の穴埋め400語,WH-000844,844,Deck 3｜標準,人物,キュリロスとメトディオス,きゅりろすとめとでぃおす,キリルとメトディウス,中世,ヨーロッパ,ビザンツ帝国から大モラヴィア・スラヴ地域,9世紀,863,WH-000844-B03,beginner,関連,relation,「キュリロスとメトディオス」について、布教対象は？,スラヴ人,スラヴ人,,,,世界史の窓（章節別用語リスト）,https://www.y-history.net/appendix/appendix-list.html
世界史段階別デッキ｜Deck 3｜主要王朝・人物・制度の穴埋め400語,WH-000844,844,Deck 3｜標準,人物,キュリロスとメトディオス,きゅりろすとめとでぃおす,キリルとメトディウス,中世,ヨーロッパ,ビザンツ帝国から大モラヴィア・スラヴ地域,9世紀,863,WH-000844-R01,reverse,複合説明,reverse,何をした？,ビザンツ帝国から大モラヴィア・スラヴ地域を主な舞台に、**キュリロスとメトディオス**は、ビザンツ帝国から大モラヴィアへ派遣された兄弟宣教師で、**スラヴ人**へギリシア正教を伝え、スラヴ語による典礼と文字文化を整えた。弟子たちの活動は**キリル文字**の成立につながった。,キュリロスとメトディオス|スラヴ人|キリル文字,,,,世界史の窓（章節別用語リスト）,https://www.y-history.net/appendix/appendix-list.html
世界史段階別デッキ｜Deck 3｜主要王朝・人物・制度の穴埋め400語,WH-000844,844,Deck 3｜標準,人物,キュリロスとメトディオス,きゅりろすとめとでぃおす,キリルとメトディウス,中世,ヨーロッパ,ビザンツ帝国から大モラヴィア・スラヴ地域,9世紀,863,WH-000844-R02,reverse,時期,time,「キュリロスとメトディオス」が主に活動したのはいつ？,**9世紀**,9世紀,,,,世界史の窓（章節別用語リスト）,https://www.y-history.net/appendix/appendix-list.html
世界史段階別デッキ｜Deck 3｜主要王朝・人物・制度の穴埋め400語,WH-000844,844,Deck 3｜標準,人物,キュリロスとメトディオス,きゅりろすとめとでぃおす,キリルとメトディウス,中世,ヨーロッパ,ビザンツ帝国から大モラヴィア・スラヴ地域,9世紀,863,WH-000844-I01,integrated,統合説明,integrated,「キュリロスとメトディオス」について説明せよ。,**9世紀**、ビザンツ帝国から大モラヴィア・スラヴ地域を主な舞台に、**キュリロスとメトディオス**は、ビザンツ帝国から大モラヴィアへ派遣された兄弟宣教師で、**スラヴ人**へギリシア正教を伝え、スラヴ語による典礼と文字文化を整えた。弟子たちの活動は**キリル文字**の成立につながった。,キュリロスとメトディオス|9世紀|スラヴ人|キリル文字,,,,世界史の窓（章節別用語リスト）,https://www.y-history.net/appendix/appendix-list.html
世界史段階別デッキ｜Deck 3｜主要王朝・人物・制度の穴埋め400語,WH-000923,923,Deck 3｜標準,条約・会議,メルセン条約,めるせんじょうやく,,中世,ヨーロッパ,西ヨーロッパ・中部フランク王国領,870年,870,WH-000923-B01,beginner,用語の特定,identify,中部フランク王国北部を東西フランク王国が分割し、後の仏独国境形成に影響した条約は？,メルセン条約,メルセン条約,,,,世界史の窓（章節別用語リスト）,https://www.y-history.net/appendix/appendix-list.html
世界史段階別デッキ｜Deck 3｜主要王朝・人物・制度の穴埋め400語,WH-000923,923,Deck 3｜標準,条約・会議,メルセン条約,めるせんじょうやく,,中世,ヨーロッパ,西ヨーロッパ・中部フランク王国領,870年,870,WH-000923-B02,beginner,時期,time,「メルセン条約」が結ばれた・開かれたのはいつ？,870年,870年,,,870年：「メルセンで 離れ離れに フランク3国」（870）メルセン条約の成立。,世界史の窓（章節別用語リスト）,https://www.y-history.net/appendix/appendix-list.html
世界史段階別デッキ｜Deck 3｜主要王朝・人物・制度の穴埋め400語,WH-000923,923,Deck 3｜標準,条約・会議,メルセン条約,めるせんじょうやく,,中世,ヨーロッパ,西ヨーロッパ・中部フランク王国領,870年,870,WH-000923-B03,beginner,関連,relation,「メルセン条約」について、分割した二国は？,東フランク王国と西フランク王国,東フランク王国と西フランク王国,,,,世界史の窓（章節別用語リスト）,https://www.y-history.net/appendix/appendix-list.html
世界史段階別デッキ｜Deck 3｜主要王朝・人物・制度の穴埋め400語,WH-000923,923,Deck 3｜標準,条約・会議,メルセン条約,めるせんじょうやく,,中世,ヨーロッパ,西ヨーロッパ・中部フランク王国領,870年,870,WH-000923-R01,reverse,複合説明,reverse,何を決めた？,西ヨーロッパ・中部フランク王国領を主な舞台に、**メルセン条約**は、ロタール2世死後の中部フランク王国北部を、**東フランク王国**と**西フランク王国**が分割した条約である。後のフランス・ドイツの領域形成に影響した。,メルセン条約|東フランク王国|西フランク王国,,,,世界史の窓（章節別用語リスト）,https://www.y-history.net/appendix/appendix-list.html
世界史段階別デッキ｜Deck 3｜主要王朝・人物・制度の穴埋め400語,WH-000923,923,Deck 3｜標準,条約・会議,メルセン条約,めるせんじょうやく,,中世,ヨーロッパ,西ヨーロッパ・中部フランク王国領,870年,870,WH-000923-R02,reverse,時期,time,「メルセン条約」が結ばれた・開かれたのはいつ？,**870年**,870年,,,870年：「メルセンで 離れ離れに フランク3国」（870）メルセン条約の成立。,世界史の窓（章節別用語リスト）,https://www.y-history.net/appendix/appendix-list.html
世界史段階別デッキ｜Deck 3｜主要王朝・人物・制度の穴埋め400語,WH-000923,923,Deck 3｜標準,条約・会議,メルセン条約,めるせんじょうやく,,中世,ヨーロッパ,西ヨーロッパ・中部フランク王国領,870年,870,WH-000923-I01,integrated,統合説明,integrated,「メルセン条約」について説明せよ。,**870年**、西ヨーロッパ・中部フランク王国領を主な舞台に、**メルセン条約**は、ロタール2世死後の中部フランク王国北部を、**東フランク王国**と**西フランク王国**が分割した条約である。後のフランス・ドイツの領域形成に影響した。,メルセン条約|870年|東フランク王国|西フランク王国,,,870年：「メルセンで 離れ離れに フランク3国」（870）メルセン条約の成立。,世界史の窓（章節別用語リスト）,https://www.y-history.net/appendix/appendix-list.html
世界史段階別デッキ｜Deck 3｜主要王朝・人物・制度の穴埋め400語,WH-000845,845,Deck 3｜標準,文化・技術・学問,キリル文字,きりるもじ,,中世,ヨーロッパ,ブルガリアから東ヨーロッパ・ロシア,9世紀末以後,890,WH-000845-B01,beginner,用語の特定,identify,ギリシア文字を基礎に作られ、ロシア語など正教圏のスラヴ諸語に用いられた文字は？,キリル文字,キリル文字,,,,世界史の窓（章節別用語リスト）,https://www.y-history.net/appendix/appendix-list.html
世界史段階別デッキ｜Deck 3｜主要王朝・人物・制度の穴埋め400語,WH-000845,845,Deck 3｜標準,文化・技術・学問,キリル文字,きりるもじ,,中世,ヨーロッパ,ブルガリアから東ヨーロッパ・ロシア,9世紀末以後,890,WH-000845-B02,beginner,時期,time,「キリル文字」が使用・展開されたのはいつ？,9世紀末以後,9世紀末以後,,,,世界史の窓（章節別用語リスト）,https://www.y-history.net/appendix/appendix-list.html
世界史段階別デッキ｜Deck 3｜主要王朝・人物・制度の穴埋め400語,WH-000845,845,Deck 3｜標準,文化・技術・学問,キリル文字,きりるもじ,,中世,ヨーロッパ,ブルガリアから東ヨーロッパ・ロシア,9世紀末以後,890,WH-000845-B03,beginner,内容,content,「キリル文字」について、基礎となった文字は？,ギリシア文字,ギリシア文字,,,,世界史の窓（章節別用語リスト）,https://www.y-history.net/appendix/appendix-list.html
世界史段階別デッキ｜Deck 3｜主要王朝・人物・制度の穴埋め400語,WH-000845,845,Deck 3｜標準,文化・技術・学問,キリル文字,きりるもじ,,中世,ヨーロッパ,ブルガリアから東ヨーロッパ・ロシア,9世紀末以後,890,WH-000845-R01,reverse,複合説明,reverse,どんな文化・技術・学問？,ブルガリアから東ヨーロッパ・ロシアを主な舞台に、**キリル文字**は、キュリロスらの弟子がブルガリアで**ギリシア文字**を基礎に整えた文字体系で、正教を受け入れたスラヴ諸地域へ広がった。現在もロシア語・ブルガリア語などに用いられる。,キリル文字|ギリシア文字,,,,世界史の窓（章節別用語リスト）,https://www.y-history.net/appendix/appendix-list.html
世界史段階別デッキ｜Deck 3｜主要王朝・人物・制度の穴埋め400語,WH-000845,845,Deck 3｜標準,文化・技術・学問,キリル文字,きりるもじ,,中世,ヨーロッパ,ブルガリアから東ヨーロッパ・ロシア,9世紀末以後,890,WH-000845-R02,reverse,時期,time,「キリル文字」が使用・展開されたのはいつ？,**9世紀末以後**,9世紀末以後,,,,世界史の窓（章節別用語リスト）,https://www.y-history.net/appendix/appendix-list.html
世界史段階別デッキ｜Deck 3｜主要王朝・人物・制度の穴埋め400語,WH-000845,845,Deck 3｜標準,文化・技術・学問,キリル文字,きりるもじ,,中世,ヨーロッパ,ブルガリアから東ヨーロッパ・ロシア,9世紀末以後,890,WH-000845-I01,integrated,統合説明,integrated,「キリル文字」について説明せよ。,**9世紀末以後**、ブルガリアから東ヨーロッパ・ロシアを主な舞台に、**キリル文字**は、キュリロスらの弟子がブルガリアで**ギリシア文字**を基礎に整えた文字体系で、正教を受け入れたスラヴ諸地域へ広がった。現在もロシア語・ブルガリア語などに用いられる。,キリル文字|9世紀末以後|ギリシア文字,,,,世界史の窓（章節別用語リスト）,https://www.y-history.net/appendix/appendix-list.html
世界史段階別デッキ｜Deck 3｜主要王朝・人物・制度の穴埋め400語,WH-000869,869,Deck 3｜標準,民族・身分・社会集団,契丹人,きったんじん,,中世,東アジア,中国東北部・モンゴル高原南部,10〜12世紀に活躍,907,WH-000869-B01,beginner,用語の特定,identify,中国東北部で遼を建て、燕雲十六州を支配した遊牧系民族は？,契丹人(きったんじん),契丹人,,,,世界史の窓（章節別用語リスト）,https://www.y-history.net/appendix/appendix-list.html
世界史段階別デッキ｜Deck 3｜主要王朝・人物・制度の穴埋め400語,WH-000869,869,Deck 3｜標準,民族・身分・社会集団,契丹人,きったんじん,,中世,東アジア,中国東北部・モンゴル高原南部,10〜12世紀に活躍,907,WH-000869-B02,beginner,時期,time,「契丹人(きったんじん)」が使用・展開されたのはいつ？,10〜12世紀に活躍,10〜12世紀に活躍,,,,世界史の窓（章節別用語リスト）,https://www.y-history.net/appendix/appendix-list.html
世界史段階別デッキ｜Deck 3｜主要王朝・人物・制度の穴埋め400語,WH-000869,869,Deck 3｜標準,民族・身分・社会集団,契丹人,きったんじん,,中世,東アジア,中国東北部・モンゴル高原南部,10〜12世紀に活躍,907,WH-000869-B03,beginner,関連,relation,「契丹人(きったんじん)」について、建てた王朝は？,遼,遼,,,,世界史の窓（章節別用語リスト）,https://www.y-history.net/appendix/appendix-list.html
世界史段階別デッキ｜Deck 3｜主要王朝・人物・制度の穴埋め400語,WH-000869,869,Deck 3｜標準,民族・身分・社会集団,契丹人,きったんじん,,中世,東アジア,中国東北部・モンゴル高原南部,10〜12世紀に活躍,907,WH-000869-R01,reverse,複合説明,reverse,どんな人々・集団？,中国東北部・モンゴル高原南部を主な舞台に、**契丹人(きったんじん)**は、中国東北部の遊牧・農耕地帯を基盤に**遼**を建てた民族で、漢人社会には州県制、遊牧民には部族制を用いる二重統治を行った。宋から歳幣を受けた。,契丹人|遼,,,,世界史の窓（章節別用語リスト）,https://www.y-history.net/appendix/appendix-list.html
世界史段階別デッキ｜Deck 3｜主要王朝・人物・制度の穴埋め400語,WH-000869,869,Deck 3｜標準,民族・身分・社会集団,契丹人,きったんじん,,中世,東アジア,中国東北部・モンゴル高原南部,10〜12世紀に活躍,907,WH-000869-R02,reverse,時期,time,「契丹人(きったんじん)」が使用・展開されたのはいつ？,**10〜12世紀に活躍**,10〜12世紀に活躍,,,,世界史の窓（章節別用語リスト）,https://www.y-history.net/appendix/appendix-list.html
世界史段階別デッキ｜Deck 3｜主要王朝・人物・制度の穴埋め400語,WH-000869,869,Deck 3｜標準,民族・身分・社会集団,契丹人,きったんじん,,中世,東アジア,中国東北部・モンゴル高原南部,10〜12世紀に活躍,907,WH-000869-I01,integrated,統合説明,integrated,「契丹人(きったんじん)」について説明せよ。,**10〜12世紀に活躍**、中国東北部・モンゴル高原南部を主な舞台に、**契丹人(きったんじん)**は、中国東北部の遊牧・農耕地帯を基盤に**遼**を建てた民族で、漢人社会には州県制、遊牧民には部族制を用いる二重統治を行った。宋から歳幣を受けた。,契丹人|10〜12世紀に活躍|遼,,,,世界史の窓（章節別用語リスト）,https://www.y-history.net/appendix/appendix-list.html
世界史段階別デッキ｜Deck 3｜主要王朝・人物・制度の穴埋め400語,WH-000914,914,Deck 3｜標準,人物,アブド＝アッラフマーン3世,あぶどあっらふまーんさんせい,,中世,ヨーロッパ,後ウマイヤ朝・イベリア半島・コルドバ,912〜961年在位,912,WH-000914-B01,beginner,用語の特定,identify,929年にカリフを称し、コルドバ＝カリフ国を成立させた後ウマイヤ朝の君主は？,アブド＝アッラフマーン3世,アブド＝アッラフマーン3世,,,,世界史の窓（章節別用語リスト）,https://www.y-history.net/appendix/appendix-list.html
世界史段階別デッキ｜Deck 3｜主要王朝・人物・制度の穴埋め400語,WH-000914,914,Deck 3｜標準,人物,アブド＝アッラフマーン3世,あぶどあっらふまーんさんせい,,中世,ヨーロッパ,後ウマイヤ朝・イベリア半島・コルドバ,912〜961年在位,912,WH-000914-B02,beginner,時期,time,「アブド＝アッラフマーン3世」が主に活動したのはいつ？,912〜961年在位,912〜961年在位,,,,世界史の窓（章節別用語リスト）,https://www.y-history.net/appendix/appendix-list.html
世界史段階別デッキ｜Deck 3｜主要王朝・人物・制度の穴埋め400語,WH-000914,914,Deck 3｜標準,人物,アブド＝アッラフマーン3世,あぶどあっらふまーんさんせい,,中世,ヨーロッパ,後ウマイヤ朝・イベリア半島・コルドバ,912〜961年在位,912,WH-000914-B03,beginner,関連,relation,「アブド＝アッラフマーン3世」について、成立させた国家は？,コルドバ＝カリフ国,コルドバ＝カリフ国,,,,世界史の窓（章節別用語リスト）,https://www.y-history.net/appendix/appendix-list.html
世界史段階別デッキ｜Deck 3｜主要王朝・人物・制度の穴埋め400語,WH-000914,914,Deck 3｜標準,人物,アブド＝アッラフマーン3世,あぶどあっらふまーんさんせい,,中世,ヨーロッパ,後ウマイヤ朝・イベリア半島・コルドバ,912〜961年在位,912,WH-000914-R01,reverse,複合説明,reverse,何をした？,後ウマイヤ朝・イベリア半島・コルドバを主な舞台に、**アブド＝アッラフマーン3世**は、後ウマイヤ朝の内乱を抑えてイベリア半島の支配を再建し、929年に**カリフ**を称して**コルドバ＝カリフ国**を成立させた。コルドバの経済・文化的繁栄を導いた。,アブド＝アッラフマーン3世|カリフ|コルドバ＝カリフ国,,,,世界史の窓（章節別用語リスト）,https://www.y-history.net/appendix/appendix-list.html
世界史段階別デッキ｜Deck 3｜主要王朝・人物・制度の穴埋め400語,WH-000914,914,Deck 3｜標準,人物,アブド＝アッラフマーン3世,あぶどあっらふまーんさんせい,,中世,ヨーロッパ,後ウマイヤ朝・イベリア半島・コルドバ,912〜961年在位,912,WH-000914-R02,reverse,時期,time,「アブド＝アッラフマーン3世」が主に活動したのはいつ？,**912〜961年在位**,912〜961年在位,,,,世界史の窓（章節別用語リスト）,https://www.y-history.net/appendix/appendix-list.html
世界史段階別デッキ｜Deck 3｜主要王朝・人物・制度の穴埋め400語,WH-000914,914,Deck 3｜標準,人物,アブド＝アッラフマーン3世,あぶどあっらふまーんさんせい,,中世,ヨーロッパ,後ウマイヤ朝・イベリア半島・コルドバ,912〜961年在位,912,WH-000914-I01,integrated,統合説明,integrated,「アブド＝アッラフマーン3世」について説明せよ。,**912〜961年在位**、後ウマイヤ朝・イベリア半島・コルドバを主な舞台に、**アブド＝アッラフマーン3世**は、後ウマイヤ朝の内乱を抑えてイベリア半島の支配を再建し、929年に**カリフ**を称して**コルドバ＝カリフ国**を成立させた。コルドバの経済・文化的繁栄を導いた。,アブド＝アッラフマーン3世|912〜961年在位|カリフ|コルドバ＝カリフ国,,,,世界史の窓（章節別用語リスト）,https://www.y-history.net/appendix/appendix-list.html
世界史段階別デッキ｜Deck 3｜主要王朝・人物・制度の穴埋め400語,WH-000913,913,Deck 3｜標準,国家・王朝,コルドバ＝カリフ国,こるどばかりふこく,後ウマイヤ朝カリフ国,中世,ヨーロッパ,イベリア半島・コルドバ,929〜1031年,929,WH-000913-B01,beginner,用語の特定,identify,後ウマイヤ朝の君主がカリフを称して成立し、コルドバを中心に繁栄した国家は？,コルドバ＝カリフ国,コルドバ＝カリフ国,後ウマイヤ朝カリフ国,,,世界史の窓（章節別用語リスト）,https://www.y-history.net/appendix/appendix-list.html
世界史段階別デッキ｜Deck 3｜主要王朝・人物・制度の穴埋め400語,WH-000913,913,Deck 3｜標準,国家・王朝,コルドバ＝カリフ国,こるどばかりふこく,後ウマイヤ朝カリフ国,中世,ヨーロッパ,イベリア半島・コルドバ,929〜1031年,929,WH-000913-B02,beginner,時期,time,「コルドバ＝カリフ国」が存在したのはいつ？,929〜1031年,929〜1031年,,,,世界史の窓（章節別用語リスト）,https://www.y-history.net/appendix/appendix-list.html
世界史段階別デッキ｜Deck 3｜主要王朝・人物・制度の穴埋め400語,WH-000913,913,Deck 3｜標準,国家・王朝,コルドバ＝カリフ国,こるどばかりふこく,後ウマイヤ朝カリフ国,中世,ヨーロッパ,イベリア半島・コルドバ,929〜1031年,929,WH-000913-B03,beginner,中心人物,person,「コルドバ＝カリフ国」について、カリフを称した人物は？,アブド＝アッラフマーン3世,アブド＝アッラフマーン3世,,,,世界史の窓（章節別用語リスト）,https://www.y-history.net/appendix/appendix-list.html
世界史段階別デッキ｜Deck 3｜主要王朝・人物・制度の穴埋め400語,WH-000913,913,Deck 3｜標準,国家・王朝,コルドバ＝カリフ国,こるどばかりふこく,後ウマイヤ朝カリフ国,中世,ヨーロッパ,イベリア半島・コルドバ,929〜1031年,929,WH-000913-R01,reverse,複合説明,reverse,何をした？,イベリア半島・コルドバを主な舞台に、**コルドバ＝カリフ国**は、後ウマイヤ朝の**アブド＝アッラフマーン3世**が929年にカリフを称して成立した。コルドバを中心に農業・交易・学問が栄えたが、11世紀に内乱で分裂し、タイファ諸国となった。,コルドバ＝カリフ国|アブド＝アッラフマーン3世,,,,世界史の窓（章節別用語リスト）,https://www.y-history.net/appendix/appendix-list.html
世界史段階別デッキ｜Deck 3｜主要王朝・人物・制度の穴埋め400語,WH-000913,913,Deck 3｜標準,国家・王朝,コルドバ＝カリフ国,こるどばかりふこく,後ウマイヤ朝カリフ国,中世,ヨーロッパ,イベリア半島・コルドバ,929〜1031年,929,WH-000913-R02,reverse,時期,time,「コルドバ＝カリフ国」が存在したのはいつ？,**929〜1031年**,929〜1031年,,,,世界史の窓（章節別用語リスト）,https://www.y-history.net/appendix/appendix-list.html
世界史段階別デッキ｜Deck 3｜主要王朝・人物・制度の穴埋め400語,WH-000913,913,Deck 3｜標準,国家・王朝,コルドバ＝カリフ国,こるどばかりふこく,後ウマイヤ朝カリフ国,中世,ヨーロッパ,イベリア半島・コルドバ,929〜1031年,929,WH-000913-I01,integrated,統合説明,integrated,「コルドバ＝カリフ国」について説明せよ。,**929〜1031年**、イベリア半島・コルドバを主な舞台に、**コルドバ＝カリフ国**は、後ウマイヤ朝の**アブド＝アッラフマーン3世**が929年にカリフを称して成立した。コルドバを中心に農業・交易・学問が栄えたが、11世紀に内乱で分裂し、タイファ諸国となった。,コルドバ＝カリフ国|929〜1031年|アブド＝アッラフマーン3世,,,,世界史の窓（章節別用語リスト）,https://www.y-history.net/appendix/appendix-list.html
世界史段階別デッキ｜Deck 3｜主要王朝・人物・制度の穴埋め400語,WH-000905,905,Deck 3｜標準,文化・技術・学問,アズハル学院,あずはるがくいん,アル＝アズハル学院|アズハル大学,中世,アフリカ,ファーティマ朝のエジプト・カイロ,970年創設,970,WH-000905-B01,beginner,用語の特定,identify,ファーティマ朝がカイロに設け、後にスンナ派世界の最高学府となった教育機関は？,アズハル学院,アズハル学院,アル＝アズハル学院|アズハル大学,,,世界史の窓（章節別用語リスト）,https://www.y-history.net/appendix/appendix-list.html
世界史段階別デッキ｜Deck 3｜主要王朝・人物・制度の穴埋め400語,WH-000905,905,Deck 3｜標準,文化・技術・学問,アズハル学院,あずはるがくいん,アル＝アズハル学院|アズハル大学,中世,アフリカ,ファーティマ朝のエジプト・カイロ,970年創設,970,WH-000905-B02,beginner,時期,time,「アズハル学院」が使用・展開されたのはいつ？,970年創設,970年創設,,,,世界史の窓（章節別用語リスト）,https://www.y-history.net/appendix/appendix-list.html
世界史段階別デッキ｜Deck 3｜主要王朝・人物・制度の穴埋め400語,WH-000905,905,Deck 3｜標準,文化・技術・学問,アズハル学院,あずはるがくいん,アル＝アズハル学院|アズハル大学,中世,アフリカ,ファーティマ朝のエジプト・カイロ,970年創設,970,WH-000905-B03,beginner,関連,relation,「アズハル学院」について、創設した王朝は？,ファーティマ朝,ファーティマ朝,,,,世界史の窓（章節別用語リスト）,https://www.y-history.net/appendix/appendix-list.html
世界史段階別デッキ｜Deck 3｜主要王朝・人物・制度の穴埋め400語,WH-000905,905,Deck 3｜標準,文化・技術・学問,アズハル学院,あずはるがくいん,アル＝アズハル学院|アズハル大学,中世,アフリカ,ファーティマ朝のエジプト・カイロ,970年創設,970,WH-000905-R01,reverse,複合説明,reverse,どんな文化・技術・学問？,ファーティマ朝のエジプト・カイロを主な舞台に、**アズハル学院**は、**ファーティマ朝**が新都カイロにモスクと学院を建設し、当初はシーア派イスマーイール派の教育を行った。アイユーブ朝以後はスンナ派教学の中心となり、イスラーム世界を代表する学府へ発展した。,アズハル学院|ファーティマ朝,,,,世界史の窓（章節別用語リスト）,https://www.y-history.net/appendix/appendix-list.html
世界史段階別デッキ｜Deck 3｜主要王朝・人物・制度の穴埋め400語,WH-000905,905,Deck 3｜標準,文化・技術・学問,アズハル学院,あずはるがくいん,アル＝アズハル学院|アズハル大学,中世,アフリカ,ファーティマ朝のエジプト・カイロ,970年創設,970,WH-000905-R02,reverse,時期,time,「アズハル学院」が使用・展開されたのはいつ？,**970年創設**,970年創設,,,,世界史の窓（章節別用語リスト）,https://www.y-history.net/appendix/appendix-list.html
世界史段階別デッキ｜Deck 3｜主要王朝・人物・制度の穴埋め400語,WH-000905,905,Deck 3｜標準,文化・技術・学問,アズハル学院,あずはるがくいん,アル＝アズハル学院|アズハル大学,中世,アフリカ,ファーティマ朝のエジプト・カイロ,970年創設,970,WH-000905-I01,integrated,統合説明,integrated,「アズハル学院」について説明せよ。,**970年創設**、ファーティマ朝のエジプト・カイロを主な舞台に、**アズハル学院**は、**ファーティマ朝**が新都カイロにモスクと学院を建設し、当初はシーア派イスマーイール派の教育を行った。アイユーブ朝以後はスンナ派教学の中心となり、イスラーム世界を代表する学府へ発展した。,アズハル学院|970年創設|ファーティマ朝,,,,世界史の窓（章節別用語リスト）,https://www.y-history.net/appendix/appendix-list.html
世界史段階別デッキ｜Deck 3｜主要王朝・人物・制度の穴埋め400語,WH-000917,917,Deck 3｜標準,地域・都市,スワヒリ都市,すわひりとし,スワヒリ都市国家,中世,アフリカ,東アフリカ沿岸・インド洋西部,10〜16世紀を中心,1000,WH-000917-B01,beginner,用語の特定,identify,東アフリカ沿岸でイスラームを受容し、金・象牙・奴隷などのインド洋交易で栄えた都市群は？,スワヒリ都市,スワヒリ都市,スワヒリ都市国家,,,世界史の窓（章節別用語リスト）,https://www.y-history.net/appendix/appendix-list.html
世界史段階別デッキ｜Deck 3｜主要王朝・人物・制度の穴埋め400語,WH-000917,917,Deck 3｜標準,地域・都市,スワヒリ都市,すわひりとし,スワヒリ都市国家,中世,アフリカ,東アフリカ沿岸・インド洋西部,10〜16世紀を中心,1000,WH-000917-B02,beginner,時期,time,「スワヒリ都市」が特に繁栄・注目されたのはいつ？,10〜16世紀を中心,10〜16世紀を中心,,,,世界史の窓（章節別用語リスト）,https://www.y-history.net/appendix/appendix-list.html
世界史段階別デッキ｜Deck 3｜主要王朝・人物・制度の穴埋め400語,WH-000917,917,Deck 3｜標準,地域・都市,スワヒリ都市,すわひりとし,スワヒリ都市国家,中世,アフリカ,東アフリカ沿岸・インド洋西部,10〜16世紀を中心,1000,WH-000917-B03,beginner,地域,place,「スワヒリ都市」について、交易で結ばれた海域は？,インド洋,インド洋,,,,世界史の窓（章節別用語リスト）,https://www.y-history.net/appendix/appendix-list.html
世界史段階別デッキ｜Deck 3｜主要王朝・人物・制度の穴埋め400語,WH-000917,917,Deck 3｜標準,地域・都市,スワヒリ都市,すわひりとし,スワヒリ都市国家,中世,アフリカ,東アフリカ沿岸・インド洋西部,10〜16世紀を中心,1000,WH-000917-R01,reverse,複合説明,reverse,どんな地域・都市？,東アフリカ沿岸・インド洋西部を主な舞台に、**スワヒリ都市**は、東アフリカ沿岸のキルワ・モンバサ・マリンディなどの都市国家で、バントゥー系文化とイスラーム文化が融合した。**インド洋交易**を通じて金・象牙などを輸出し、スワヒリ語文化を形成した。,スワヒリ都市|インド洋交易,,,,世界史の窓（章節別用語リスト）,https://www.y-history.net/appendix/appendix-list.html
世界史段階別デッキ｜Deck 3｜主要王朝・人物・制度の穴埋め400語,WH-000917,917,Deck 3｜標準,地域・都市,スワヒリ都市,すわひりとし,スワヒリ都市国家,中世,アフリカ,東アフリカ沿岸・インド洋西部,10〜16世紀を中心,1000,WH-000917-R02,reverse,時期,time,「スワヒリ都市」が特に繁栄・注目されたのはいつ？,**10〜16世紀を中心**,10〜16世紀を中心,,,,世界史の窓（章節別用語リスト）,https://www.y-history.net/appendix/appendix-list.html
世界史段階別デッキ｜Deck 3｜主要王朝・人物・制度の穴埋め400語,WH-000917,917,Deck 3｜標準,地域・都市,スワヒリ都市,すわひりとし,スワヒリ都市国家,中世,アフリカ,東アフリカ沿岸・インド洋西部,10〜16世紀を中心,1000,WH-000917-I01,integrated,統合説明,integrated,「スワヒリ都市」について説明せよ。,**10〜16世紀を中心**、東アフリカ沿岸・インド洋西部を主な舞台に、**スワヒリ都市**は、東アフリカ沿岸のキルワ・モンバサ・マリンディなどの都市国家で、バントゥー系文化とイスラーム文化が融合した。**インド洋交易**を通じて金・象牙などを輸出し、スワヒリ語文化を形成した。,スワヒリ都市|10〜16世紀を中心|インド洋交易,,,,世界史の窓（章節別用語リスト）,https://www.y-history.net/appendix/appendix-list.html
世界史段階別デッキ｜Deck 3｜主要王朝・人物・制度の穴埋め400語,WH-000872,872,Deck 3｜標準,経済・交易,交子,こうし,,中世,東アジア,北宋の中国・四川地方,11世紀初頭以後,1023,WH-000872-B01,beginner,用語の特定,identify,北宋で発行され、世界最初期の政府紙幣とされる紙幣は？,交子(こうし),交子,,,,世界史の窓（章節別用語リスト）,https://www.y-history.net/appendix/appendix-list.html
世界史段階別デッキ｜Deck 3｜主要王朝・人物・制度の穴埋め400語,WH-000872,872,Deck 3｜標準,経済・交易,交子,こうし,,中世,東アジア,北宋の中国・四川地方,11世紀初頭以後,1023,WH-000872-B02,beginner,時期,time,「交子(こうし)」が使用・展開されたのはいつ？,11世紀初頭以後,11世紀初頭以後,,,,世界史の窓（章節別用語リスト）,https://www.y-history.net/appendix/appendix-list.html
世界史段階別デッキ｜Deck 3｜主要王朝・人物・制度の穴埋め400語,WH-000872,872,Deck 3｜標準,経済・交易,交子,こうし,,中世,東アジア,北宋の中国・四川地方,11世紀初頭以後,1023,WH-000872-B03,beginner,地域,place,「交子(こうし)」について、最初に広まった地域は？,四川地方,四川地方,,,,世界史の窓（章節別用語リスト）,https://www.y-history.net/appendix/appendix-list.html
世界史段階別デッキ｜Deck 3｜主要王朝・人物・制度の穴埋め400語,WH-000872,872,Deck 3｜標準,経済・交易,交子,こうし,,中世,東アジア,北宋の中国・四川地方,11世紀初頭以後,1023,WH-000872-R01,reverse,複合説明,reverse,どんな経済・交易？,北宋の中国・四川地方を主な舞台に、**交子(こうし)**は、北宋の**四川地方**で商人の預り証から発達し、政府が発行を管理した世界最初期の紙幣である。銅銭不足と遠距離商業の発展を背景に普及し、宋代の貨幣経済を支えた。,交子|四川地方,,,,世界史の窓（章節別用語リスト）,https://www.y-history.net/appendix/appendix-list.html
世界史段階別デッキ｜Deck 3｜主要王朝・人物・制度の穴埋め400語,WH-000872,872,Deck 3｜標準,経済・交易,交子,こうし,,中世,東アジア,北宋の中国・四川地方,11世紀初頭以後,1023,WH-000872-R02,reverse,時期,time,「交子(こうし)」が使用・展開されたのはいつ？,**11世紀初頭以後**,11世紀初頭以後,,,,世界史の窓（章節別用語リスト）,https://www.y-history.net/appendix/appendix-list.html
世界史段階別デッキ｜Deck 3｜主要王朝・人物・制度の穴埋め400語,WH-000872,872,Deck 3｜標準,経済・交易,交子,こうし,,中世,東アジア,北宋の中国・四川地方,11世紀初頭以後,1023,WH-000872-I01,integrated,統合説明,integrated,「交子(こうし)」について説明せよ。,**11世紀初頭以後**、北宋の中国・四川地方を主な舞台に、**交子(こうし)**は、北宋の**四川地方**で商人の預り証から発達し、政府が発行を管理した世界最初期の紙幣である。銅銭不足と遠距離商業の発展を背景に普及し、宋代の貨幣経済を支えた。,交子|11世紀初頭以後|四川地方,,,,世界史の窓（章節別用語リスト）,https://www.y-history.net/appendix/appendix-list.html
世界史段階別デッキ｜Deck 3｜主要王朝・人物・制度の穴埋め400語,WH-000906,906,Deck 3｜標準,人物,トゥグリル＝ベク,とぅぐりるべく,,中世,西アジア,イラン・イラク・バグダード,11世紀,1037,WH-000906-B01,beginner,用語の特定,identify,セルジューク朝を建て、1055年にバグダードへ入りスルタンの称号を得た人物は？,トゥグリル＝ベク,トゥグリル＝ベク,,,,世界史の窓（章節別用語リスト）,https://www.y-history.net/appendix/appendix-list.html
世界史段階別デッキ｜Deck 3｜主要王朝・人物・制度の穴埋め400語,WH-000906,906,Deck 3｜標準,人物,トゥグリル＝ベク,とぅぐりるべく,,中世,西アジア,イラン・イラク・バグダード,11世紀,1037,WH-000906-B02,beginner,時期,time,「トゥグリル＝ベク」が主に活動したのはいつ？,11世紀,11世紀,,,,世界史の窓（章節別用語リスト）,https://www.y-history.net/appendix/appendix-list.html
世界史段階別デッキ｜Deck 3｜主要王朝・人物・制度の穴埋め400語,WH-000906,906,Deck 3｜標準,人物,トゥグリル＝ベク,とぅぐりるべく,,中世,西アジア,イラン・イラク・バグダード,11世紀,1037,WH-000906-B03,beginner,関連,relation,「トゥグリル＝ベク」について、建てた王朝は？,セルジューク朝,セルジューク朝,,,,世界史の窓（章節別用語リスト）,https://www.y-history.net/appendix/appendix-list.html
世界史段階別デッキ｜Deck 3｜主要王朝・人物・制度の穴埋め400語,WH-000906,906,Deck 3｜標準,人物,トゥグリル＝ベク,とぅぐりるべく,,中世,西アジア,イラン・イラク・バグダード,11世紀,1037,WH-000906-R01,reverse,複合説明,reverse,何をした？,イラン・イラク・バグダードを主な舞台に、**トゥグリル＝ベク**は、トルコ系遊牧集団を率いて**セルジューク朝**を建て、イラン・イラクへ進出した。1055年にバグダードへ入り、アッバース朝カリフから**スルタン**として政治・軍事権を認められた。,トゥグリル＝ベク|セルジューク朝|スルタン,,,,世界史の窓（章節別用語リスト）,https://www.y-history.net/appendix/appendix-list.html
世界史段階別デッキ｜Deck 3｜主要王朝・人物・制度の穴埋め400語,WH-000906,906,Deck 3｜標準,人物,トゥグリル＝ベク,とぅぐりるべく,,中世,西アジア,イラン・イラク・バグダード,11世紀,1037,WH-000906-R02,reverse,時期,time,「トゥグリル＝ベク」が主に活動したのはいつ？,**11世紀**,11世紀,,,,世界史の窓（章節別用語リスト）,https://www.y-history.net/appendix/appendix-list.html
世界史段階別デッキ｜Deck 3｜主要王朝・人物・制度の穴埋め400語,WH-000906,906,Deck 3｜標準,人物,トゥグリル＝ベク,とぅぐりるべく,,中世,西アジア,イラン・イラク・バグダード,11世紀,1037,WH-000906-I01,integrated,統合説明,integrated,「トゥグリル＝ベク」について説明せよ。,**11世紀**、イラン・イラク・バグダードを主な舞台に、**トゥグリル＝ベク**は、トルコ系遊牧集団を率いて**セルジューク朝**を建て、イラン・イラクへ進出した。1055年にバグダードへ入り、アッバース朝カリフから**スルタン**として政治・軍事権を認められた。,トゥグリル＝ベク|11世紀|セルジューク朝|スルタン,,,,世界史の窓（章節別用語リスト）,https://www.y-history.net/appendix/appendix-list.html
世界史段階別デッキ｜Deck 3｜主要王朝・人物・制度の穴埋め400語,WH-000868,868,Deck 3｜標準,国家・王朝,西夏,せいか,大夏,中世,東アジア,中国北西部・オルドス・河西回廊,1038〜1227年,1038,WH-000868-B01,beginner,用語の特定,identify,タングート族が中国北西部に建て、宋・遼・金と並立した王朝は？,西夏(せいか),西夏,大夏,,,世界史の窓（章節別用語リスト）,https://www.y-history.net/appendix/appendix-list.html
世界史段階別デッキ｜Deck 3｜主要王朝・人物・制度の穴埋め400語,WH-000868,868,Deck 3｜標準,国家・王朝,西夏,せいか,大夏,中世,東アジア,中国北西部・オルドス・河西回廊,1038〜1227年,1038,WH-000868-B02,beginner,時期,time,「西夏(せいか)」が存在したのはいつ？,1038〜1227年,1038〜1227年,,,,世界史の窓（章節別用語リスト）,https://www.y-history.net/appendix/appendix-list.html
世界史段階別デッキ｜Deck 3｜主要王朝・人物・制度の穴埋め400語,WH-000868,868,Deck 3｜標準,国家・王朝,西夏,せいか,大夏,中世,東アジア,中国北西部・オルドス・河西回廊,1038〜1227年,1038,WH-000868-B03,beginner,関連,relation,「西夏(せいか)」について、建国した民族は？,タングート族,タングート族,,,,世界史の窓（章節別用語リスト）,https://www.y-history.net/appendix/appendix-list.html
世界史段階別デッキ｜Deck 3｜主要王朝・人物・制度の穴埋め400語,WH-000868,868,Deck 3｜標準,国家・王朝,西夏,せいか,大夏,中世,東アジア,中国北西部・オルドス・河西回廊,1038〜1227年,1038,WH-000868-R01,reverse,複合説明,reverse,何をした？,中国北西部・オルドス・河西回廊(かせいかいろう)を主な舞台に、**西夏(せいか)**は、**タングート族**が中国北西部に建て、河西回廊を支配して宋・遼・金と並立した。独自の西夏文字を用いたが、1227年に**モンゴル帝国**に滅ぼされた。,西夏|タングート族|モンゴル帝国,,,,世界史の窓（章節別用語リスト）,https://www.y-history.net/appendix/appendix-list.html
世界史段階別デッキ｜Deck 3｜主要王朝・人物・制度の穴埋め400語,WH-000868,868,Deck 3｜標準,国家・王朝,西夏,せいか,大夏,中世,東アジア,中国北西部・オルドス・河西回廊,1038〜1227年,1038,WH-000868-R02,reverse,時期,time,「西夏(せいか)」が存在したのはいつ？,**1038〜1227年**,1038〜1227年,,,,世界史の窓（章節別用語リスト）,https://www.y-history.net/appendix/appendix-list.html
世界史段階別デッキ｜Deck 3｜主要王朝・人物・制度の穴埋め400語,WH-000868,868,Deck 3｜標準,国家・王朝,西夏,せいか,大夏,中世,東アジア,中国北西部・オルドス・河西回廊,1038〜1227年,1038,WH-000868-I01,integrated,統合説明,integrated,「西夏(せいか)」について説明せよ。,**1038〜1227年**、中国北西部・オルドス・河西回廊(かせいかいろう)を主な舞台に、**西夏(せいか)**は、**タングート族**が中国北西部に建て、河西回廊を支配して宋・遼・金と並立した。独自の西夏文字を用いたが、1227年に**モンゴル帝国**に滅ぼされた。,西夏|1038〜1227年|タングート族|モンゴル帝国,,,,世界史の窓（章節別用語リスト）,https://www.y-history.net/appendix/appendix-list.html
世界史段階別デッキ｜Deck 3｜主要王朝・人物・制度の穴埋め400語,WH-000860,860,Deck 3｜標準,国家・王朝,パガン朝,ぱがんちょう,バガン朝,中世,東南アジア,ミャンマー中部・イラワディ川流域,1044〜1287年,1044,WH-000860-B01,beginner,用語の特定,identify,ミャンマーを初めて統一し、上座部仏教と多数の仏塔で知られる王朝は？,パガン朝,パガン朝,バガン朝,,,世界史の窓（章節別用語リスト）,https://www.y-history.net/appendix/appendix-list.html
世界史段階別デッキ｜Deck 3｜主要王朝・人物・制度の穴埋め400語,WH-000860,860,Deck 3｜標準,国家・王朝,パガン朝,ぱがんちょう,バガン朝,中世,東南アジア,ミャンマー中部・イラワディ川流域,1044〜1287年,1044,WH-000860-B02,beginner,時期,time,「パガン朝」が存在したのはいつ？,1044〜1287年,1044〜1287年,,,,世界史の窓（章節別用語リスト）,https://www.y-history.net/appendix/appendix-list.html
世界史段階別デッキ｜Deck 3｜主要王朝・人物・制度の穴埋め400語,WH-000860,860,Deck 3｜標準,国家・王朝,パガン朝,ぱがんちょう,バガン朝,中世,東南アジア,ミャンマー中部・イラワディ川流域,1044〜1287年,1044,WH-000860-B03,beginner,内容,content,「パガン朝」について、保護した仏教は？,上座部仏教,上座部仏教,,,,世界史の窓（章節別用語リスト）,https://www.y-history.net/appendix/appendix-list.html
世界史段階別デッキ｜Deck 3｜主要王朝・人物・制度の穴埋め400語,WH-000860,860,Deck 3｜標準,国家・王朝,パガン朝,ぱがんちょう,バガン朝,中世,東南アジア,ミャンマー中部・イラワディ川流域,1044〜1287年,1044,WH-000860-R01,reverse,複合説明,reverse,何をした？,ミャンマー中部・イラワディ川流域を主な舞台に、**パガン朝**は、イラワディ川流域のパガンを都にミャンマーを初めて統一し、**上座部仏教**を保護した。多数の寺院・仏塔を建てたが、13世紀末のモンゴル軍侵入を機に衰退した。,パガン朝|上座部仏教,,,,世界史の窓（章節別用語リスト）,https://www.y-history.net/appendix/appendix-list.html
世界史段階別デッキ｜Deck 3｜主要王朝・人物・制度の穴埋め400語,WH-000860,860,Deck 3｜標準,国家・王朝,パガン朝,ぱがんちょう,バガン朝,中世,東南アジア,ミャンマー中部・イラワディ川流域,1044〜1287年,1044,WH-000860-R02,reverse,時期,time,「パガン朝」が存在したのはいつ？,**1044〜1287年**,1044〜1287年,,,,世界史の窓（章節別用語リスト）,https://www.y-history.net/appendix/appendix-list.html
世界史段階別デッキ｜Deck 3｜主要王朝・人物・制度の穴埋め400語,WH-000860,860,Deck 3｜標準,国家・王朝,パガン朝,ぱがんちょう,バガン朝,中世,東南アジア,ミャンマー中部・イラワディ川流域,1044〜1287年,1044,WH-000860-I01,integrated,統合説明,integrated,「パガン朝」について説明せよ。,**1044〜1287年**、ミャンマー中部・イラワディ川流域を主な舞台に、**パガン朝**は、イラワディ川流域のパガンを都にミャンマーを初めて統一し、**上座部仏教**を保護した。多数の寺院・仏塔を建てたが、13世紀末のモンゴル軍侵入を機に衰退した。,パガン朝|1044〜1287年|上座部仏教,,,,世界史の窓（章節別用語リスト）,https://www.y-history.net/appendix/appendix-list.html
世界史段階別デッキ｜Deck 3｜主要王朝・人物・制度の穴埋め400語,WH-000875,875,Deck 3｜標準,文化・技術・学問,羅針盤,らしんばん,方位磁針,中世,東アジア,中国からインド洋・地中海の海域,宋代以後,1050,WH-000875-B01,beginner,用語の特定,identify,磁石で方位を示し、宋代から外洋航海に利用された航海器具は？,羅針盤(らしんばん),羅針盤,方位磁針,,,世界史の窓（章節別用語リスト）,https://www.y-history.net/appendix/appendix-list.html
世界史段階別デッキ｜Deck 3｜主要王朝・人物・制度の穴埋め400語,WH-000875,875,Deck 3｜標準,文化・技術・学問,羅針盤,らしんばん,方位磁針,中世,東アジア,中国からインド洋・地中海の海域,宋代以後,1050,WH-000875-B02,beginner,時期,time,「羅針盤(らしんばん)」が使用・展開されたのはいつ？,宋代以後,宋代以後,,,,世界史の窓（章節別用語リスト）,https://www.y-history.net/appendix/appendix-list.html
世界史段階別デッキ｜Deck 3｜主要王朝・人物・制度の穴埋め400語,WH-000875,875,Deck 3｜標準,文化・技術・学問,羅針盤,らしんばん,方位磁針,中世,東アジア,中国からインド洋・地中海の海域,宋代以後,1050,WH-000875-B03,beginner,内容,content,「羅針盤(らしんばん)」について、何に利用された？,外洋航海,外洋航海,,,,世界史の窓（章節別用語リスト）,https://www.y-history.net/appendix/appendix-list.html
世界史段階別デッキ｜Deck 3｜主要王朝・人物・制度の穴埋め400語,WH-000875,875,Deck 3｜標準,文化・技術・学問,羅針盤,らしんばん,方位磁針,中世,東アジア,中国からインド洋・地中海の海域,宋代以後,1050,WH-000875-R01,reverse,複合説明,reverse,どんな文化・技術・学問？,中国からインド洋・地中海の海域を主な舞台に、**羅針盤(らしんばん)**は、中国で磁石の性質を利用して発達し、宋代に**外洋航海**へ用いられた。イスラーム世界を経てヨーロッパにも伝わり、遠洋航海と大航海時代を支えた。,羅針盤|外洋航海,,,,世界史の窓（章節別用語リスト）,https://www.y-history.net/appendix/appendix-list.html
世界史段階別デッキ｜Deck 3｜主要王朝・人物・制度の穴埋め400語,WH-000875,875,Deck 3｜標準,文化・技術・学問,羅針盤,らしんばん,方位磁針,中世,東アジア,中国からインド洋・地中海の海域,宋代以後,1050,WH-000875-R02,reverse,時期,time,「羅針盤(らしんばん)」が使用・展開されたのはいつ？,**宋代以後**,宋代以後,,,,世界史の窓（章節別用語リスト）,https://www.y-history.net/appendix/appendix-list.html
世界史段階別デッキ｜Deck 3｜主要王朝・人物・制度の穴埋め400語,WH-000875,875,Deck 3｜標準,文化・技術・学問,羅針盤,らしんばん,方位磁針,中世,東アジア,中国からインド洋・地中海の海域,宋代以後,1050,WH-000875-I01,integrated,統合説明,integrated,「羅針盤(らしんばん)」について説明せよ。,**宋代以後**、中国からインド洋・地中海の海域を主な舞台に、**羅針盤(らしんばん)**は、中国で磁石の性質を利用して発達し、宋代に**外洋航海**へ用いられた。イスラーム世界を経てヨーロッパにも伝わり、遠洋航海と大航海時代を支えた。,羅針盤|宋代以後|外洋航海,,,,世界史の窓（章節別用語リスト）,https://www.y-history.net/appendix/appendix-list.html
世界史段階別デッキ｜Deck 3｜主要王朝・人物・制度の穴埋め400語,WH-000936,936,Deck 3｜標準,文化・技術・学問,ロマネスク様式,ろまねすくようしき,,中世,ヨーロッパ,西ヨーロッパの修道院・巡礼路沿い,11〜12世紀,1050,WH-000936-B01,beginner,用語の特定,identify,厚い壁・半円アーチ・小さな窓を特徴とする中世西ヨーロッパの建築様式は？,ロマネスク様式,ロマネスク様式,,,,世界史の窓（章節別用語リスト）,https://www.y-history.net/appendix/appendix-list.html
世界史段階別デッキ｜Deck 3｜主要王朝・人物・制度の穴埋め400語,WH-000936,936,Deck 3｜標準,文化・技術・学問,ロマネスク様式,ろまねすくようしき,,中世,ヨーロッパ,西ヨーロッパの修道院・巡礼路沿い,11〜12世紀,1050,WH-000936-B02,beginner,時期,time,「ロマネスク様式」が使用・展開されたのはいつ？,11〜12世紀,11〜12世紀,,,,世界史の窓（章節別用語リスト）,https://www.y-history.net/appendix/appendix-list.html
世界史段階別デッキ｜Deck 3｜主要王朝・人物・制度の穴埋め400語,WH-000936,936,Deck 3｜標準,文化・技術・学問,ロマネスク様式,ろまねすくようしき,,中世,ヨーロッパ,西ヨーロッパの修道院・巡礼路沿い,11〜12世紀,1050,WH-000936-B03,beginner,内容,content,「ロマネスク様式」について、代表的な構造は？,半円アーチ,半円アーチ,,,,世界史の窓（章節別用語リスト）,https://www.y-history.net/appendix/appendix-list.html
世界史段階別デッキ｜Deck 3｜主要王朝・人物・制度の穴埋め400語,WH-000936,936,Deck 3｜標準,文化・技術・学問,ロマネスク様式,ろまねすくようしき,,中世,ヨーロッパ,西ヨーロッパの修道院・巡礼路沿い,11〜12世紀,1050,WH-000936-R01,reverse,複合説明,reverse,どんな文化・技術・学問？,西ヨーロッパの修道院・巡礼路沿いを主な舞台に、**ロマネスク様式**は、11〜12世紀の西ヨーロッパで修道院・巡礼教会に広がった建築様式で、**半円アーチ**、厚い石壁、小さな窓、重厚な内部を特徴とする。後に尖頭アーチのゴシック様式へ移行した。,ロマネスク様式|半円アーチ,,,,世界史の窓（章節別用語リスト）,https://www.y-history.net/appendix/appendix-list.html
世界史段階別デッキ｜Deck 3｜主要王朝・人物・制度の穴埋め400語,WH-000936,936,Deck 3｜標準,文化・技術・学問,ロマネスク様式,ろまねすくようしき,,中世,ヨーロッパ,西ヨーロッパの修道院・巡礼路沿い,11〜12世紀,1050,WH-000936-R02,reverse,時期,time,「ロマネスク様式」が使用・展開されたのはいつ？,**11〜12世紀**,11〜12世紀,,,,世界史の窓（章節別用語リスト）,https://www.y-history.net/appendix/appendix-list.html
世界史段階別デッキ｜Deck 3｜主要王朝・人物・制度の穴埋め400語,WH-000936,936,Deck 3｜標準,文化・技術・学問,ロマネスク様式,ろまねすくようしき,,中世,ヨーロッパ,西ヨーロッパの修道院・巡礼路沿い,11〜12世紀,1050,WH-000936-I01,integrated,統合説明,integrated,「ロマネスク様式」について説明せよ。,**11〜12世紀**、西ヨーロッパの修道院・巡礼路沿いを主な舞台に、**ロマネスク様式**は、11〜12世紀の西ヨーロッパで修道院・巡礼教会に広がった建築様式で、**半円アーチ**、厚い石壁、小さな窓、重厚な内部を特徴とする。後に尖頭アーチのゴシック様式へ移行した。,ロマネスク様式|11〜12世紀|半円アーチ,,,,世界史の窓（章節別用語リスト）,https://www.y-history.net/appendix/appendix-list.html
世界史段階別デッキ｜Deck 3｜主要王朝・人物・制度の穴埋め400語,WH-000907,907,Deck 3｜標準,人物,アルプ＝アルスラーン,あるぷあるすらーん,,中世,西アジア,セルジューク朝・アナトリア東部,1063〜1072年在位,1063,WH-000907-B01,beginner,用語の特定,identify,マンジケルトの戦いでビザンツ帝国を破り、トルコ人のアナトリア進出を促したセルジューク朝のスルタンは？,アルプ＝アルスラーン,アルプ＝アルスラーン,,,,世界史の窓（章節別用語リスト）,https://www.y-history.net/appendix/appendix-list.html
世界史段階別デッキ｜Deck 3｜主要王朝・人物・制度の穴埋め400語,WH-000907,907,Deck 3｜標準,人物,アルプ＝アルスラーン,あるぷあるすらーん,,中世,西アジア,セルジューク朝・アナトリア東部,1063〜1072年在位,1063,WH-000907-B02,beginner,時期,time,「アルプ＝アルスラーン」が主に活動したのはいつ？,1063〜1072年在位,1063〜1072年在位,,,,世界史の窓（章節別用語リスト）,https://www.y-history.net/appendix/appendix-list.html
世界史段階別デッキ｜Deck 3｜主要王朝・人物・制度の穴埋め400語,WH-000907,907,Deck 3｜標準,人物,アルプ＝アルスラーン,あるぷあるすらーん,,中世,西アジア,セルジューク朝・アナトリア東部,1063〜1072年在位,1063,WH-000907-B03,beginner,内容,content,「アルプ＝アルスラーン」について、勝利した戦いは？,マンジケルトの戦い,マンジケルトの戦い,,,,世界史の窓（章節別用語リスト）,https://www.y-history.net/appendix/appendix-list.html
世界史段階別デッキ｜Deck 3｜主要王朝・人物・制度の穴埋め400語,WH-000907,907,Deck 3｜標準,人物,アルプ＝アルスラーン,あるぷあるすらーん,,中世,西アジア,セルジューク朝・アナトリア東部,1063〜1072年在位,1063,WH-000907-R01,reverse,複合説明,reverse,何をした？,セルジューク朝・アナトリア東部を主な舞台に、**アルプ＝アルスラーン**は、セルジューク朝のスルタンとして1071年の**マンジケルトの戦い**でビザンツ皇帝を破った。この勝利はトルコ系勢力のアナトリア進出を加速させ、後のルーム＝セルジューク朝成立につながった。,アルプ＝アルスラーン|マンジケルトの戦い,,,,世界史の窓（章節別用語リスト）,https://www.y-history.net/appendix/appendix-list.html
世界史段階別デッキ｜Deck 3｜主要王朝・人物・制度の穴埋め400語,WH-000907,907,Deck 3｜標準,人物,アルプ＝アルスラーン,あるぷあるすらーん,,中世,西アジア,セルジューク朝・アナトリア東部,1063〜1072年在位,1063,WH-000907-R02,reverse,時期,time,「アルプ＝アルスラーン」が主に活動したのはいつ？,**1063〜1072年在位**,1063〜1072年在位,,,,世界史の窓（章節別用語リスト）,https://www.y-history.net/appendix/appendix-list.html
世界史段階別デッキ｜Deck 3｜主要王朝・人物・制度の穴埋め400語,WH-000907,907,Deck 3｜標準,人物,アルプ＝アルスラーン,あるぷあるすらーん,,中世,西アジア,セルジューク朝・アナトリア東部,1063〜1072年在位,1063,WH-000907-I01,integrated,統合説明,integrated,「アルプ＝アルスラーン」について説明せよ。,**1063〜1072年在位**、セルジューク朝・アナトリア東部を主な舞台に、**アルプ＝アルスラーン**は、セルジューク朝のスルタンとして1071年の**マンジケルトの戦い**でビザンツ皇帝を破った。この勝利はトルコ系勢力のアナトリア進出を加速させ、後のルーム＝セルジューク朝成立につながった。,アルプ＝アルスラーン|1063〜1072年在位|マンジケルトの戦い,,,,世界史の窓（章節別用語リスト）,https://www.y-history.net/appendix/appendix-list.html
世界史段階別デッキ｜Deck 3｜主要王朝・人物・制度の穴埋め400語,WH-000909,909,Deck 3｜標準,人物,ニザーム＝アルムルク,にざーむあるむるく,,中世,西アジア,セルジューク朝・イラン・イラク,11世紀,1063,WH-000909-B01,beginner,用語の特定,identify,セルジューク朝でイクター制を整備し、ニザーミーヤ学院を設けた名宰相は？,ニザーム＝アルムルク,ニザーム＝アルムルク,,,,世界史の窓（章節別用語リスト）,https://www.y-history.net/appendix/appendix-list.html
世界史段階別デッキ｜Deck 3｜主要王朝・人物・制度の穴埋め400語,WH-000909,909,Deck 3｜標準,人物,ニザーム＝アルムルク,にざーむあるむるく,,中世,西アジア,セルジューク朝・イラン・イラク,11世紀,1063,WH-000909-B02,beginner,時期,time,「ニザーム＝アルムルク」が主に活動したのはいつ？,11世紀,11世紀,,,,世界史の窓（章節別用語リスト）,https://www.y-history.net/appendix/appendix-list.html
世界史段階別デッキ｜Deck 3｜主要王朝・人物・制度の穴埋め400語,WH-000909,909,Deck 3｜標準,人物,ニザーム＝アルムルク,にざーむあるむるく,,中世,西アジア,セルジューク朝・イラン・イラク,11世紀,1063,WH-000909-B03,beginner,内容,content,「ニザーム＝アルムルク」について、設けた教育機関は？,ニザーミーヤ学院,ニザーミーヤ学院,,,,世界史の窓（章節別用語リスト）,https://www.y-history.net/appendix/appendix-list.html
世界史段階別デッキ｜Deck 3｜主要王朝・人物・制度の穴埋め400語,WH-000909,909,Deck 3｜標準,人物,ニザーム＝アルムルク,にざーむあるむるく,,中世,西アジア,セルジューク朝・イラン・イラク,11世紀,1063,WH-000909-R01,reverse,複合説明,reverse,何をした？,セルジューク朝・イラン・イラクを主な舞台に、**ニザーム＝アルムルク**は、セルジューク朝の宰相として**イクター制**を整え、軍人へ徴税権を与えて軍事・財政を支えた。各地に**ニザーミーヤ学院**を設け、スンナ派教学と官僚養成を強化した。,ニザーム＝アルムルク|イクター制|ニザーミーヤ学院,,,,世界史の窓（章節別用語リスト）,https://www.y-history.net/appendix/appendix-list.html
世界史段階別デッキ｜Deck 3｜主要王朝・人物・制度の穴埋め400語,WH-000909,909,Deck 3｜標準,人物,ニザーム＝アルムルク,にざーむあるむるく,,中世,西アジア,セルジューク朝・イラン・イラク,11世紀,1063,WH-000909-R02,reverse,時期,time,「ニザーム＝アルムルク」が主に活動したのはいつ？,**11世紀**,11世紀,,,,世界史の窓（章節別用語リスト）,https://www.y-history.net/appendix/appendix-list.html
世界史段階別デッキ｜Deck 3｜主要王朝・人物・制度の穴埋め400語,WH-000909,909,Deck 3｜標準,人物,ニザーム＝アルムルク,にざーむあるむるく,,中世,西アジア,セルジューク朝・イラン・イラク,11世紀,1063,WH-000909-I01,integrated,統合説明,integrated,「ニザーム＝アルムルク」について説明せよ。,**11世紀**、セルジューク朝・イラン・イラクを主な舞台に、**ニザーム＝アルムルク**は、セルジューク朝の宰相として**イクター制**を整え、軍人へ徴税権を与えて軍事・財政を支えた。各地に**ニザーミーヤ学院**を設け、スンナ派教学と官僚養成を強化した。,ニザーム＝アルムルク|11世紀|イクター制|ニザーミーヤ学院,,,,世界史の窓（章節別用語リスト）,https://www.y-history.net/appendix/appendix-list.html
世界史段階別デッキ｜Deck 3｜主要王朝・人物・制度の穴埋め400語,WH-000924,924,Deck 3｜標準,人物,ウィリアム1世,うぃりあむいっせい,征服王ウィリアム|ノルマンディー公ギヨーム2世,中世,ヨーロッパ,ノルマンディーからイングランド,1066〜1087年在位,1066,WH-000924-B01,beginner,用語の特定,identify,1066年にノルマン＝コンクェストを成功させ、イングランドにノルマン朝を開いた王は？,ウィリアム1世,ウィリアム1世,征服王ウィリアム|ノルマンディー公ギヨーム2世,,,世界史の窓（章節別用語リスト）,https://www.y-history.net/appendix/appendix-list.html
世界史段階別デッキ｜Deck 3｜主要王朝・人物・制度の穴埋め400語,WH-000924,924,Deck 3｜標準,人物,ウィリアム1世,うぃりあむいっせい,征服王ウィリアム|ノルマンディー公ギヨーム2世,中世,ヨーロッパ,ノルマンディーからイングランド,1066〜1087年在位,1066,WH-000924-B02,beginner,時期,time,「ウィリアム1世」が主に活動したのはいつ？,1066〜1087年在位,1066〜1087年在位,,,,世界史の窓（章節別用語リスト）,https://www.y-history.net/appendix/appendix-list.html
世界史段階別デッキ｜Deck 3｜主要王朝・人物・制度の穴埋め400語,WH-000924,924,Deck 3｜標準,人物,ウィリアム1世,うぃりあむいっせい,征服王ウィリアム|ノルマンディー公ギヨーム2世,中世,ヨーロッパ,ノルマンディーからイングランド,1066〜1087年在位,1066,WH-000924-B03,beginner,内容,content,「ウィリアム1世」について、勝利した戦いは？,ヘースティングズの戦い,ヘースティングズの戦い,,,,世界史の窓（章節別用語リスト）,https://www.y-history.net/appendix/appendix-list.html
世界史段階別デッキ｜Deck 3｜主要王朝・人物・制度の穴埋め400語,WH-000924,924,Deck 3｜標準,人物,ウィリアム1世,うぃりあむいっせい,征服王ウィリアム|ノルマンディー公ギヨーム2世,中世,ヨーロッパ,ノルマンディーからイングランド,1066〜1087年在位,1066,WH-000924-R01,reverse,複合説明,reverse,何をした？,ノルマンディーからイングランドを主な舞台に、**ウィリアム1世**は、ノルマンディー公ギヨーム2世として海峡を渡り、1066年の**ヘースティングズの戦い**で勝利してイングランド王となった。ノルマン朝を開き、封建支配と王権を強化した。,ウィリアム1世|ヘースティングズの戦い,,,,世界史の窓（章節別用語リスト）,https://www.y-history.net/appendix/appendix-list.html
世界史段階別デッキ｜Deck 3｜主要王朝・人物・制度の穴埋め400語,WH-000924,924,Deck 3｜標準,人物,ウィリアム1世,うぃりあむいっせい,征服王ウィリアム|ノルマンディー公ギヨーム2世,中世,ヨーロッパ,ノルマンディーからイングランド,1066〜1087年在位,1066,WH-000924-R02,reverse,時期,time,「ウィリアム1世」が主に活動したのはいつ？,**1066〜1087年在位**,1066〜1087年在位,,,,世界史の窓（章節別用語リスト）,https://www.y-history.net/appendix/appendix-list.html
世界史段階別デッキ｜Deck 3｜主要王朝・人物・制度の穴埋め400語,WH-000924,924,Deck 3｜標準,人物,ウィリアム1世,うぃりあむいっせい,征服王ウィリアム|ノルマンディー公ギヨーム2世,中世,ヨーロッパ,ノルマンディーからイングランド,1066〜1087年在位,1066,WH-000924-I01,integrated,統合説明,integrated,「ウィリアム1世」について説明せよ。,**1066〜1087年在位**、ノルマンディーからイングランドを主な舞台に、**ウィリアム1世**は、ノルマンディー公ギヨーム2世として海峡を渡り、1066年の**ヘースティングズの戦い**で勝利してイングランド王となった。ノルマン朝を開き、封建支配と王権を強化した。,ウィリアム1世|1066〜1087年在位|ヘースティングズの戦い,,,,世界史の窓（章節別用語リスト）,https://www.y-history.net/appendix/appendix-list.html
世界史段階別デッキ｜Deck 3｜主要王朝・人物・制度の穴埋め400語,WH-000910,910,Deck 3｜標準,文化・技術・学問,ニザーミーヤ学院,にざーみーやがくいん,,中世,西アジア,セルジューク朝のバグダードなど,11世紀後半,1067,WH-000910-B01,beginner,用語の特定,identify,ニザーム＝アルムルクが各地に設け、スンナ派教学と官僚養成を進めた学院は？,ニザーミーヤ学院,ニザーミーヤ学院,,,,世界史の窓（章節別用語リスト）,https://www.y-history.net/appendix/appendix-list.html
世界史段階別デッキ｜Deck 3｜主要王朝・人物・制度の穴埋め400語,WH-000910,910,Deck 3｜標準,文化・技術・学問,ニザーミーヤ学院,にざーみーやがくいん,,中世,西アジア,セルジューク朝のバグダードなど,11世紀後半,1067,WH-000910-B02,beginner,時期,time,「ニザーミーヤ学院」が使用・展開されたのはいつ？,11世紀後半,11世紀後半,,,,世界史の窓（章節別用語リスト）,https://www.y-history.net/appendix/appendix-list.html
世界史段階別デッキ｜Deck 3｜主要王朝・人物・制度の穴埋め400語,WH-000910,910,Deck 3｜標準,文化・技術・学問,ニザーミーヤ学院,にざーみーやがくいん,,中世,西アジア,セルジューク朝のバグダードなど,11世紀後半,1067,WH-000910-B03,beginner,中心人物,person,「ニザーミーヤ学院」について、設置した人物は？,ニザーム＝アルムルク,ニザーム＝アルムルク,,,,世界史の窓（章節別用語リスト）,https://www.y-history.net/appendix/appendix-list.html
世界史段階別デッキ｜Deck 3｜主要王朝・人物・制度の穴埋め400語,WH-000910,910,Deck 3｜標準,文化・技術・学問,ニザーミーヤ学院,にざーみーやがくいん,,中世,西アジア,セルジューク朝のバグダードなど,11世紀後半,1067,WH-000910-R01,reverse,複合説明,reverse,どんな文化・技術・学問？,セルジューク朝のバグダードなどを主な舞台に、**ニザーミーヤ学院**は、宰相**ニザーム＝アルムルク**がバグダードなどに設けた高等教育機関で、スンナ派の法学・神学を教授した。奨学制度を備え、マドラサ教育と官僚養成の模範となった。,ニザーミーヤ学院|ニザーム＝アルムルク,,,,世界史の窓（章節別用語リスト）,https://www.y-history.net/appendix/appendix-list.html
世界史段階別デッキ｜Deck 3｜主要王朝・人物・制度の穴埋め400語,WH-000910,910,Deck 3｜標準,文化・技術・学問,ニザーミーヤ学院,にざーみーやがくいん,,中世,西アジア,セルジューク朝のバグダードなど,11世紀後半,1067,WH-000910-R02,reverse,時期,time,「ニザーミーヤ学院」が使用・展開されたのはいつ？,**11世紀後半**,11世紀後半,,,,世界史の窓（章節別用語リスト）,https://www.y-history.net/appendix/appendix-list.html
世界史段階別デッキ｜Deck 3｜主要王朝・人物・制度の穴埋め400語,WH-000910,910,Deck 3｜標準,文化・技術・学問,ニザーミーヤ学院,にざーみーやがくいん,,中世,西アジア,セルジューク朝のバグダードなど,11世紀後半,1067,WH-000910-I01,integrated,統合説明,integrated,「ニザーミーヤ学院」について説明せよ。,**11世紀後半**、セルジューク朝のバグダードなどを主な舞台に、**ニザーミーヤ学院**は、宰相**ニザーム＝アルムルク**がバグダードなどに設けた高等教育機関で、スンナ派の法学・神学を教授した。奨学制度を備え、マドラサ教育と官僚養成の模範となった。,ニザーミーヤ学院|11世紀後半|ニザーム＝アルムルク,,,,世界史の窓（章節別用語リスト）,https://www.y-history.net/appendix/appendix-list.html
世界史段階別デッキ｜Deck 3｜主要王朝・人物・制度の穴埋め400語,WH-000908,908,Deck 3｜標準,人物,マリク＝シャー,まりくしゃー,,中世,複数地域,セルジューク朝のイラン・イラク・中央アジア・アナトリア,1072〜1092年在位,1072,WH-000908-B01,beginner,用語の特定,identify,ニザーム＝アルムルクを宰相に用い、セルジューク朝の最盛期を築いたスルタンは？,マリク＝シャー,マリク＝シャー,,,,世界史の窓（章節別用語リスト）,https://www.y-history.net/appendix/appendix-list.html
世界史段階別デッキ｜Deck 3｜主要王朝・人物・制度の穴埋め400語,WH-000908,908,Deck 3｜標準,人物,マリク＝シャー,まりくしゃー,,中世,複数地域,セルジューク朝のイラン・イラク・中央アジア・アナトリア,1072〜1092年在位,1072,WH-000908-B02,beginner,時期,time,「マリク＝シャー」が主に活動したのはいつ？,1072〜1092年在位,1072〜1092年在位,,,,世界史の窓（章節別用語リスト）,https://www.y-history.net/appendix/appendix-list.html
世界史段階別デッキ｜Deck 3｜主要王朝・人物・制度の穴埋め400語,WH-000908,908,Deck 3｜標準,人物,マリク＝シャー,まりくしゃー,,中世,複数地域,セルジューク朝のイラン・イラク・中央アジア・アナトリア,1072〜1092年在位,1072,WH-000908-B03,beginner,中心人物,person,「マリク＝シャー」について、宰相は？,ニザーム＝アルムルク,ニザーム＝アルムルク,,,,世界史の窓（章節別用語リスト）,https://www.y-history.net/appendix/appendix-list.html
世界史段階別デッキ｜Deck 3｜主要王朝・人物・制度の穴埋め400語,WH-000908,908,Deck 3｜標準,人物,マリク＝シャー,まりくしゃー,,中世,複数地域,セルジューク朝のイラン・イラク・中央アジア・アナトリア,1072〜1092年在位,1072,WH-000908-R01,reverse,複合説明,reverse,何をした？,セルジューク朝のイラン・イラク・中央アジア・アナトリアを主な舞台に、**マリク＝シャー**は、宰相**ニザーム＝アルムルク**を用いて行政・軍事制度を整え、セルジューク朝の領域を中央アジアから西アジアへ広げた。王朝はその治世に最盛期を迎えたが、死後に分裂した。,マリク＝シャー|ニザーム＝アルムルク,,,,世界史の窓（章節別用語リスト）,https://www.y-history.net/appendix/appendix-list.html
世界史段階別デッキ｜Deck 3｜主要王朝・人物・制度の穴埋め400語,WH-000908,908,Deck 3｜標準,人物,マリク＝シャー,まりくしゃー,,中世,複数地域,セルジューク朝のイラン・イラク・中央アジア・アナトリア,1072〜1092年在位,1072,WH-000908-R02,reverse,時期,time,「マリク＝シャー」が主に活動したのはいつ？,**1072〜1092年在位**,1072〜1092年在位,,,,世界史の窓（章節別用語リスト）,https://www.y-history.net/appendix/appendix-list.html
世界史段階別デッキ｜Deck 3｜主要王朝・人物・制度の穴埋め400語,WH-000908,908,Deck 3｜標準,人物,マリク＝シャー,まりくしゃー,,中世,複数地域,セルジューク朝のイラン・イラク・中央アジア・アナトリア,1072〜1092年在位,1072,WH-000908-I01,integrated,統合説明,integrated,「マリク＝シャー」について説明せよ。,**1072〜1092年在位**、セルジューク朝のイラン・イラク・中央アジア・アナトリアを主な舞台に、**マリク＝シャー**は、宰相**ニザーム＝アルムルク**を用いて行政・軍事制度を整え、セルジューク朝の領域を中央アジアから西アジアへ広げた。王朝はその治世に最盛期を迎えたが、死後に分裂した。,マリク＝シャー|1072〜1092年在位|ニザーム＝アルムルク,,,,世界史の窓（章節別用語リスト）,https://www.y-history.net/appendix/appendix-list.html
世界史段階別デッキ｜Deck 3｜主要王朝・人物・制度の穴埋め400語,WH-000925,925,Deck 3｜標準,文書・作品,ドゥームズデイ＝ブック,どぅーむずでいぶっく,土地台帳,中世,ヨーロッパ,ノルマン朝のイングランド,1086年,1086,WH-000925-B01,beginner,用語の特定,identify,ウィリアム1世が全国の土地・人口・財産を調査して作らせた土地台帳は？,ドゥームズデイ＝ブック,ドゥームズデイ＝ブック,土地台帳,,,世界史の窓（章節別用語リスト）,https://www.y-history.net/appendix/appendix-list.html
世界史段階別デッキ｜Deck 3｜主要王朝・人物・制度の穴埋め400語,WH-000925,925,Deck 3｜標準,文書・作品,ドゥームズデイ＝ブック,どぅーむずでいぶっく,土地台帳,中世,ヨーロッパ,ノルマン朝のイングランド,1086年,1086,WH-000925-B02,beginner,時期,time,「ドゥームズデイ＝ブック」が成立・発表されたのはいつ？,1086年,1086年,,,,世界史の窓（章節別用語リスト）,https://www.y-history.net/appendix/appendix-list.html
世界史段階別デッキ｜Deck 3｜主要王朝・人物・制度の穴埋め400語,WH-000925,925,Deck 3｜標準,文書・作品,ドゥームズデイ＝ブック,どぅーむずでいぶっく,土地台帳,中世,ヨーロッパ,ノルマン朝のイングランド,1086年,1086,WH-000925-B03,beginner,中心人物,person,「ドゥームズデイ＝ブック」について、作成を命じた王は？,ウィリアム1世,ウィリアム1世,,,,世界史の窓（章節別用語リスト）,https://www.y-history.net/appendix/appendix-list.html
世界史段階別デッキ｜Deck 3｜主要王朝・人物・制度の穴埋め400語,WH-000925,925,Deck 3｜標準,文書・作品,ドゥームズデイ＝ブック,どぅーむずでいぶっく,土地台帳,中世,ヨーロッパ,ノルマン朝のイングランド,1086年,1086,WH-000925-R01,reverse,複合説明,reverse,何が書かれている？,ノルマン朝のイングランドを主な舞台に、**ドゥームズデイ＝ブック**は、**ウィリアム1世**が課税と封建的軍役を把握するため、イングランド各地の土地保有・人口・家畜・収益を調査させた台帳である。ノルマン朝の強い王権を示す史料となった。,ドゥームズデイ＝ブック|ウィリアム1世,,,,世界史の窓（章節別用語リスト）,https://www.y-history.net/appendix/appendix-list.html
世界史段階別デッキ｜Deck 3｜主要王朝・人物・制度の穴埋め400語,WH-000925,925,Deck 3｜標準,文書・作品,ドゥームズデイ＝ブック,どぅーむずでいぶっく,土地台帳,中世,ヨーロッパ,ノルマン朝のイングランド,1086年,1086,WH-000925-R02,reverse,時期,time,「ドゥームズデイ＝ブック」が成立・発表されたのはいつ？,**1086年**,1086年,,,,世界史の窓（章節別用語リスト）,https://www.y-history.net/appendix/appendix-list.html
世界史段階別デッキ｜Deck 3｜主要王朝・人物・制度の穴埋め400語,WH-000925,925,Deck 3｜標準,文書・作品,ドゥームズデイ＝ブック,どぅーむずでいぶっく,土地台帳,中世,ヨーロッパ,ノルマン朝のイングランド,1086年,1086,WH-000925-I01,integrated,統合説明,integrated,「ドゥームズデイ＝ブック」について説明せよ。,**1086年**、ノルマン朝のイングランドを主な舞台に、**ドゥームズデイ＝ブック**は、**ウィリアム1世**が課税と封建的軍役を把握するため、イングランド各地の土地保有・人口・家畜・収益を調査させた台帳である。ノルマン朝の強い王権を示す史料となった。,ドゥームズデイ＝ブック|1086年|ウィリアム1世,,,,世界史の窓（章節別用語リスト）,https://www.y-history.net/appendix/appendix-list.html
世界史段階別デッキ｜Deck 3｜主要王朝・人物・制度の穴埋め400語,WH-000939,939,Deck 3｜標準,文化・技術・学問,ボローニャ大学,ぼろーにゃだいがく,,中世,ヨーロッパ,北イタリア・ボローニャ,11世紀末成立,1088,WH-000939-B01,beginner,用語の特定,identify,ローマ法研究で栄え、学生組合を中心に運営された中世ヨーロッパ最古級の大学は？,ボローニャ大学,ボローニャ大学,,,,世界史の窓（章節別用語リスト）,https://www.y-history.net/appendix/appendix-list.html
世界史段階別デッキ｜Deck 3｜主要王朝・人物・制度の穴埋め400語,WH-000939,939,Deck 3｜標準,文化・技術・学問,ボローニャ大学,ぼろーにゃだいがく,,中世,ヨーロッパ,北イタリア・ボローニャ,11世紀末成立,1088,WH-000939-B02,beginner,時期,time,「ボローニャ大学」が使用・展開されたのはいつ？,11世紀末成立,11世紀末成立,,,,世界史の窓（章節別用語リスト）,https://www.y-history.net/appendix/appendix-list.html
世界史段階別デッキ｜Deck 3｜主要王朝・人物・制度の穴埋め400語,WH-000939,939,Deck 3｜標準,文化・技術・学問,ボローニャ大学,ぼろーにゃだいがく,,中世,ヨーロッパ,北イタリア・ボローニャ,11世紀末成立,1088,WH-000939-B03,beginner,内容,content,「ボローニャ大学」について、特に発達した学問は？,ローマ法,ローマ法,,,,世界史の窓（章節別用語リスト）,https://www.y-history.net/appendix/appendix-list.html
世界史段階別デッキ｜Deck 3｜主要王朝・人物・制度の穴埋め400語,WH-000939,939,Deck 3｜標準,文化・技術・学問,ボローニャ大学,ぼろーにゃだいがく,,中世,ヨーロッパ,北イタリア・ボローニャ,11世紀末成立,1088,WH-000939-R01,reverse,複合説明,reverse,どんな文化・技術・学問？,北イタリア・ボローニャを主な舞台に、**ボローニャ大学**は、北イタリアに成立した中世最古級の大学で、復興した**ローマ法**研究の中心となった。各地から集まった学生の組合が教師を雇う形で運営され、法学教育の模範となった。,ボローニャ大学|ローマ法,,,,世界史の窓（章節別用語リスト）,https://www.y-history.net/appendix/appendix-list.html
世界史段階別デッキ｜Deck 3｜主要王朝・人物・制度の穴埋め400語,WH-000939,939,Deck 3｜標準,文化・技術・学問,ボローニャ大学,ぼろーにゃだいがく,,中世,ヨーロッパ,北イタリア・ボローニャ,11世紀末成立,1088,WH-000939-R02,reverse,時期,time,「ボローニャ大学」が使用・展開されたのはいつ？,**11世紀末成立**,11世紀末成立,,,,世界史の窓（章節別用語リスト）,https://www.y-history.net/appendix/appendix-list.html
世界史段階別デッキ｜Deck 3｜主要王朝・人物・制度の穴埋め400語,WH-000939,939,Deck 3｜標準,文化・技術・学問,ボローニャ大学,ぼろーにゃだいがく,,中世,ヨーロッパ,北イタリア・ボローニャ,11世紀末成立,1088,WH-000939-I01,integrated,統合説明,integrated,「ボローニャ大学」について説明せよ。,**11世紀末成立**、北イタリア・ボローニャを主な舞台に、**ボローニャ大学**は、北イタリアに成立した中世最古級の大学で、復興した**ローマ法**研究の中心となった。各地から集まった学生の組合が教師を雇う形で運営され、法学教育の模範となった。,ボローニャ大学|11世紀末成立|ローマ法,,,,世界史の窓（章節別用語リスト）,https://www.y-history.net/appendix/appendix-list.html
世界史段階別デッキ｜Deck 3｜主要王朝・人物・制度の穴埋め400語,WH-000935,935,Deck 3｜標準,宗教・宗派,シトー会,しとーかい,,中世,ヨーロッパ,フランスから西ヨーロッパ各地,11世紀末以後,1098,WH-000935-B01,beginner,用語の特定,identify,クリュニー会の世俗化を批判し、厳格な戒律と労働を重んじた修道会は？,シトー会,シトー会,,,,世界史の窓（章節別用語リスト）,https://www.y-history.net/appendix/appendix-list.html
世界史段階別デッキ｜Deck 3｜主要王朝・人物・制度の穴埋め400語,WH-000935,935,Deck 3｜標準,宗教・宗派,シトー会,しとーかい,,中世,ヨーロッパ,フランスから西ヨーロッパ各地,11世紀末以後,1098,WH-000935-B02,beginner,時期,time,「シトー会」が成立・広がったのはいつ？,11世紀末以後,11世紀末以後,,,,世界史の窓（章節別用語リスト）,https://www.y-history.net/appendix/appendix-list.html
世界史段階別デッキ｜Deck 3｜主要王朝・人物・制度の穴埋め400語,WH-000935,935,Deck 3｜標準,宗教・宗派,シトー会,しとーかい,,中世,ヨーロッパ,フランスから西ヨーロッパ各地,11世紀末以後,1098,WH-000935-B03,beginner,中心人物,person,「シトー会」について、発展に貢献した人物は？,クレルヴォーのベルナール,クレルヴォーのベルナール,,,,世界史の窓（章節別用語リスト）,https://www.y-history.net/appendix/appendix-list.html
世界史段階別デッキ｜Deck 3｜主要王朝・人物・制度の穴埋め400語,WH-000935,935,Deck 3｜標準,宗教・宗派,シトー会,しとーかい,,中世,ヨーロッパ,フランスから西ヨーロッパ各地,11世紀末以後,1098,WH-000935-R01,reverse,複合説明,reverse,どんな宗教・宗派？,フランスから西ヨーロッパ各地を主な舞台に、**シトー会**は、ベネディクト会の原則へ戻ることを目指して創設され、質素・祈り・自給的労働を重視した修道会である。**クレルヴォーのベルナール**の活動で発展し、森林開墾や農業技術普及にも関わった。,シトー会|クレルヴォーのベルナール,,,,世界史の窓（章節別用語リスト）,https://www.y-history.net/appendix/appendix-list.html
世界史段階別デッキ｜Deck 3｜主要王朝・人物・制度の穴埋め400語,WH-000935,935,Deck 3｜標準,宗教・宗派,シトー会,しとーかい,,中世,ヨーロッパ,フランスから西ヨーロッパ各地,11世紀末以後,1098,WH-000935-R02,reverse,時期,time,「シトー会」が成立・広がったのはいつ？,**11世紀末以後**,11世紀末以後,,,,世界史の窓（章節別用語リスト）,https://www.y-history.net/appendix/appendix-list.html
世界史段階別デッキ｜Deck 3｜主要王朝・人物・制度の穴埋め400語,WH-000935,935,Deck 3｜標準,宗教・宗派,シトー会,しとーかい,,中世,ヨーロッパ,フランスから西ヨーロッパ各地,11世紀末以後,1098,WH-000935-I01,integrated,統合説明,integrated,「シトー会」について説明せよ。,**11世紀末以後**、フランスから西ヨーロッパ各地を主な舞台に、**シトー会**は、ベネディクト会の原則へ戻ることを目指して創設され、質素・祈り・自給的労働を重視した修道会である。**クレルヴォーのベルナール**の活動で発展し、森林開墾や農業技術普及にも関わった。,シトー会|11世紀末以後|クレルヴォーのベルナール,,,,世界史の窓（章節別用語リスト）,https://www.y-history.net/appendix/appendix-list.html
世界史段階別デッキ｜Deck 3｜主要王朝・人物・制度の穴埋め400語,WH-000919,919,Deck 3｜標準,地域・都市,グレート＝ジンバブエ,ぐれーとじんばぶえ,大ジンバブエ遺跡,中世,アフリカ,アフリカ南部・現在のジンバブエ,11〜15世紀,1100,WH-000919-B01,beginner,用語の特定,identify,石造建築で知られ、内陸の金とインド洋交易を結んだアフリカ南部の都市遺跡は？,グレート＝ジンバブエ,グレート＝ジンバブエ,大ジンバブエ遺跡,,,世界史の窓（章節別用語リスト）,https://www.y-history.net/appendix/appendix-list.html
世界史段階別デッキ｜Deck 3｜主要王朝・人物・制度の穴埋め400語,WH-000919,919,Deck 3｜標準,地域・都市,グレート＝ジンバブエ,ぐれーとじんばぶえ,大ジンバブエ遺跡,中世,アフリカ,アフリカ南部・現在のジンバブエ,11〜15世紀,1100,WH-000919-B02,beginner,時期,time,「グレート＝ジンバブエ」が特に繁栄・注目されたのはいつ？,11〜15世紀,11〜15世紀,,,,世界史の窓（章節別用語リスト）,https://www.y-history.net/appendix/appendix-list.html
世界史段階別デッキ｜Deck 3｜主要王朝・人物・制度の穴埋め400語,WH-000919,919,Deck 3｜標準,地域・都市,グレート＝ジンバブエ,ぐれーとじんばぶえ,大ジンバブエ遺跡,中世,アフリカ,アフリカ南部・現在のジンバブエ,11〜15世紀,1100,WH-000919-B03,beginner,内容,content,「グレート＝ジンバブエ」について、繁栄を支えた産品は？,金,金,,,,世界史の窓（章節別用語リスト）,https://www.y-history.net/appendix/appendix-list.html
世界史段階別デッキ｜Deck 3｜主要王朝・人物・制度の穴埋め400語,WH-000919,919,Deck 3｜標準,地域・都市,グレート＝ジンバブエ,ぐれーとじんばぶえ,大ジンバブエ遺跡,中世,アフリカ,アフリカ南部・現在のジンバブエ,11〜15世紀,1100,WH-000919-R01,reverse,複合説明,reverse,どんな地域・都市？,アフリカ南部・現在のジンバブエを主な舞台に、**グレート＝ジンバブエ**は、ショナ系住民が築いた大規模な石造都市で、アフリカ南部内陸の**金**・家畜生産と東海岸のインド洋交易を結んだ。後のモノモタパ王国につながる政治・交易中心地であった。,グレート＝ジンバブエ|金,,,,世界史の窓（章節別用語リスト）,https://www.y-history.net/appendix/appendix-list.html
世界史段階別デッキ｜Deck 3｜主要王朝・人物・制度の穴埋め400語,WH-000919,919,Deck 3｜標準,地域・都市,グレート＝ジンバブエ,ぐれーとじんばぶえ,大ジンバブエ遺跡,中世,アフリカ,アフリカ南部・現在のジンバブエ,11〜15世紀,1100,WH-000919-R02,reverse,時期,time,「グレート＝ジンバブエ」が特に繁栄・注目されたのはいつ？,**11〜15世紀**,11〜15世紀,,,,世界史の窓（章節別用語リスト）,https://www.y-history.net/appendix/appendix-list.html
世界史段階別デッキ｜Deck 3｜主要王朝・人物・制度の穴埋め400語,WH-000919,919,Deck 3｜標準,地域・都市,グレート＝ジンバブエ,ぐれーとじんばぶえ,大ジンバブエ遺跡,中世,アフリカ,アフリカ南部・現在のジンバブエ,11〜15世紀,1100,WH-000919-I01,integrated,統合説明,integrated,「グレート＝ジンバブエ」について説明せよ。,**11〜15世紀**、アフリカ南部・現在のジンバブエを主な舞台に、**グレート＝ジンバブエ**は、ショナ系住民が築いた大規模な石造都市で、アフリカ南部内陸の**金**・家畜生産と東海岸のインド洋交易を結んだ。後のモノモタパ王国につながる政治・交易中心地であった。,グレート＝ジンバブエ|11〜15世紀|金,,,,世界史の窓（章節別用語リスト）,https://www.y-history.net/appendix/appendix-list.html
世界史段階別デッキ｜Deck 3｜主要王朝・人物・制度の穴埋め400語,WH-000870,870,Deck 3｜標準,民族・身分・社会集団,女真,じょしん,女真人,中世,東アジア,中国東北部・華北,12世紀以後,1115,WH-000870-B01,beginner,用語の特定,identify,完顔阿骨打(わんやんあくだ)が金を建て、後世には満洲人(まんしゅうじん)の祖となった民族は？,女真,女真,女真人,,,世界史の窓（章節別用語リスト）,https://www.y-history.net/appendix/appendix-list.html
世界史段階別デッキ｜Deck 3｜主要王朝・人物・制度の穴埋め400語,WH-000870,870,Deck 3｜標準,民族・身分・社会集団,女真,じょしん,女真人,中世,東アジア,中国東北部・華北,12世紀以後,1115,WH-000870-B02,beginner,時期,time,「女真」が使用・展開されたのはいつ？,12世紀以後,12世紀以後,,,,世界史の窓（章節別用語リスト）,https://www.y-history.net/appendix/appendix-list.html
世界史段階別デッキ｜Deck 3｜主要王朝・人物・制度の穴埋め400語,WH-000870,870,Deck 3｜標準,民族・身分・社会集団,女真,じょしん,女真人,中世,東アジア,中国東北部・華北,12世紀以後,1115,WH-000870-B03,beginner,関連,relation,「女真」について、12世紀に建てた王朝は？,金,金,,,,世界史の窓（章節別用語リスト）,https://www.y-history.net/appendix/appendix-list.html
世界史段階別デッキ｜Deck 3｜主要王朝・人物・制度の穴埋め400語,WH-000870,870,Deck 3｜標準,民族・身分・社会集団,女真,じょしん,女真人,中世,東アジア,中国東北部・華北,12世紀以後,1115,WH-000870-R01,reverse,複合説明,reverse,どんな人々・集団？,中国東北部・華北を主な舞台に、**女真**は、中国東北部に住み、**完顔阿骨打(わんやんあくだ)**のもとで**金**を建てて遼と北宋を滅ぼした。後世の建州女真から**満洲人(まんしゅうじん)**が形成され、清の建国につながった。,女真|完顔阿骨打|金|満洲人,,,,世界史の窓（章節別用語リスト）,https://www.y-history.net/appendix/appendix-list.html
世界史段階別デッキ｜Deck 3｜主要王朝・人物・制度の穴埋め400語,WH-000870,870,Deck 3｜標準,民族・身分・社会集団,女真,じょしん,女真人,中世,東アジア,中国東北部・華北,12世紀以後,1115,WH-000870-R02,reverse,時期,time,「女真」が使用・展開されたのはいつ？,**12世紀以後**,12世紀以後,,,,世界史の窓（章節別用語リスト）,https://www.y-history.net/appendix/appendix-list.html
世界史段階別デッキ｜Deck 3｜主要王朝・人物・制度の穴埋め400語,WH-000870,870,Deck 3｜標準,民族・身分・社会集団,女真,じょしん,女真人,中世,東アジア,中国東北部・華北,12世紀以後,1115,WH-000870-I01,integrated,統合説明,integrated,「女真」について説明せよ。,**12世紀以後**、中国東北部・華北を主な舞台に、**女真**は、中国東北部に住み、**完顔阿骨打(わんやんあくだ)**のもとで**金**を建てて遼と北宋を滅ぼした。後世の建州女真から**満洲人(まんしゅうじん)**が形成され、清の建国につながった。,女真|12世紀以後|完顔阿骨打|金|満洲人,,,,世界史の窓（章節別用語リスト）,https://www.y-history.net/appendix/appendix-list.html
世界史段階別デッキ｜Deck 3｜主要王朝・人物・制度の穴埋め400語,WH-000871,871,Deck 3｜標準,人物,岳飛,がくひ,,中世,東アジア,南宋の中国・長江流域・華北,1103〜1142年,1127,WH-000871-B01,beginner,用語の特定,identify,南宋(なんそう)の武将として金軍と戦い、秦檜(しんかい)によって処刑された人物は？,岳飛(がくひ),岳飛,,,,世界史の窓（章節別用語リスト）,https://www.y-history.net/appendix/appendix-list.html
世界史段階別デッキ｜Deck 3｜主要王朝・人物・制度の穴埋め400語,WH-000871,871,Deck 3｜標準,人物,岳飛,がくひ,,中世,東アジア,南宋の中国・長江流域・華北,1103〜1142年,1127,WH-000871-B02,beginner,時期,time,「岳飛(がくひ)」が主に活動したのはいつ？,1103〜1142年,1103〜1142年,,,,世界史の窓（章節別用語リスト）,https://www.y-history.net/appendix/appendix-list.html
世界史段階別デッキ｜Deck 3｜主要王朝・人物・制度の穴埋め400語,WH-000871,871,Deck 3｜標準,人物,岳飛,がくひ,,中世,東アジア,南宋の中国・長江流域・華北,1103〜1142年,1127,WH-000871-B03,beginner,関連,relation,「岳飛(がくひ)」について、戦った相手は？,金,金,,,,世界史の窓（章節別用語リスト）,https://www.y-history.net/appendix/appendix-list.html
世界史段階別デッキ｜Deck 3｜主要王朝・人物・制度の穴埋め400語,WH-000871,871,Deck 3｜標準,人物,岳飛,がくひ,,中世,東アジア,南宋の中国・長江流域・華北,1103〜1142年,1127,WH-000871-R01,reverse,複合説明,reverse,何をした？,南宋(なんそう)の中国・長江流域・華北を主な舞台に、**岳飛(がくひ)**は、**南宋**の武将として北方の領土回復を目指し、**金**軍に勝利を重ねた。和平を進める宰相秦檜(しんかい)により処刑され、後世に忠臣・民族的英雄とされた。,岳飛|南宋|金,,,,世界史の窓（章節別用語リスト）,https://www.y-history.net/appendix/appendix-list.html
世界史段階別デッキ｜Deck 3｜主要王朝・人物・制度の穴埋め400語,WH-000871,871,Deck 3｜標準,人物,岳飛,がくひ,,中世,東アジア,南宋の中国・長江流域・華北,1103〜1142年,1127,WH-000871-R02,reverse,時期,time,「岳飛(がくひ)」が主に活動したのはいつ？,**1103〜1142年**,1103〜1142年,,,,世界史の窓（章節別用語リスト）,https://www.y-history.net/appendix/appendix-list.html
世界史段階別デッキ｜Deck 3｜主要王朝・人物・制度の穴埋め400語,WH-000871,871,Deck 3｜標準,人物,岳飛,がくひ,,中世,東アジア,南宋の中国・長江流域・華北,1103〜1142年,1127,WH-000871-I01,integrated,統合説明,integrated,「岳飛(がくひ)」について説明せよ。,**1103〜1142年**、南宋(なんそう)の中国・長江流域・華北を主な舞台に、**岳飛(がくひ)**は、**南宋**の武将として北方の領土回復を目指し、**金**軍に勝利を重ねた。和平を進める宰相秦檜(しんかい)により処刑され、後世に忠臣・民族的英雄とされた。,岳飛|1103〜1142年|南宋|金,,,,世界史の窓（章節別用語リスト）,https://www.y-history.net/appendix/appendix-list.html
世界史段階別デッキ｜Deck 3｜主要王朝・人物・制度の穴埋め400語,WH-000804,804,Deck 3｜標準,人物,朱熹,しゅき,朱子,中世,東アジア,南宋の中国,1130〜1200年,1130,WH-000804-B01,beginner,用語の特定,identify,四書を重視して朱子学(しゅしがく)を大成し、後世の科挙(かきょ)や東アジア思想に大きな影響を与えた南宋(なんそう)の儒学者は？,朱熹(しゅき),朱熹,朱子,,,世界史の窓（章節別用語リスト）,https://www.y-history.net/appendix/appendix-list.html
世界史段階別デッキ｜Deck 3｜主要王朝・人物・制度の穴埋め400語,WH-000804,804,Deck 3｜標準,人物,朱熹,しゅき,朱子,中世,東アジア,南宋の中国,1130〜1200年,1130,WH-000804-B02,beginner,時期,time,「朱熹(しゅき)」が主に活動したのはいつ？,1130〜1200年,1130〜1200年,,,,世界史の窓（章節別用語リスト）,https://www.y-history.net/appendix/appendix-list.html
世界史段階別デッキ｜Deck 3｜主要王朝・人物・制度の穴埋め400語,WH-000804,804,Deck 3｜標準,人物,朱熹,しゅき,朱子,中世,東アジア,南宋の中国,1130〜1200年,1130,WH-000804-B03,beginner,内容,content,「朱熹(しゅき)」について、大成した思想は？,朱子学(しゅしがく),朱子学,,,,世界史の窓（章節別用語リスト）,https://www.y-history.net/appendix/appendix-list.html
世界史段階別デッキ｜Deck 3｜主要王朝・人物・制度の穴埋め400語,WH-000804,804,Deck 3｜標準,人物,朱熹,しゅき,朱子,中世,東アジア,南宋の中国,1130〜1200年,1130,WH-000804-R01,reverse,複合説明,reverse,何をした？,南宋(なんそう)の中国を主な舞台に、**朱熹(しゅき)**は、南宋の儒学者で、**四書**に注釈を施し、**理気論(りきろん)**・**格物致知(かくぶつちち)**を柱に**朱子学(しゅしがく)**を大成した。その学説は元代以後の科挙(かきょ)や朝鮮・日本の思想に大きな影響を与えた。,朱熹|四書|理気論|格物致知|朱子学,,,,世界史の窓（章節別用語リスト）,https://www.y-history.net/appendix/appendix-list.html
世界史段階別デッキ｜Deck 3｜主要王朝・人物・制度の穴埋め400語,WH-000804,804,Deck 3｜標準,人物,朱熹,しゅき,朱子,中世,東アジア,南宋の中国,1130〜1200年,1130,WH-000804-R02,reverse,時期,time,「朱熹(しゅき)」が主に活動したのはいつ？,**1130〜1200年**,1130〜1200年,,,,世界史の窓（章節別用語リスト）,https://www.y-history.net/appendix/appendix-list.html
世界史段階別デッキ｜Deck 3｜主要王朝・人物・制度の穴埋め400語,WH-000804,804,Deck 3｜標準,人物,朱熹,しゅき,朱子,中世,東アジア,南宋の中国,1130〜1200年,1130,WH-000804-I01,integrated,統合説明,integrated,「朱熹(しゅき)」について説明せよ。,**1130〜1200年**、南宋(なんそう)の中国を主な舞台に、**朱熹(しゅき)**は、南宋の儒学者で、**四書**に注釈を施し、**理気論(りきろん)**・**格物致知(かくぶつちち)**を柱に**朱子学(しゅしがく)**を大成した。その学説は元代以後の科挙(かきょ)や朝鮮・日本の思想に大きな影響を与えた。,朱熹|1130〜1200年|四書|理気論|格物致知|朱子学,,,,世界史の窓（章節別用語リスト）,https://www.y-history.net/appendix/appendix-list.html
世界史段階別デッキ｜Deck 3｜主要王朝・人物・制度の穴埋め400語,WH-000932,932,Deck 3｜標準,国家・王朝,ホーエンシュタウフェン朝,ほーえんしゅたうふぇんちょう,シュタウフェン朝,中世,ヨーロッパ,神聖ローマ帝国・ドイツ・北イタリア・シチリア,1138〜1254年,1138,WH-000932-B01,beginner,用語の特定,identify,フリードリヒ1世・2世を出し、教皇や北イタリア都市と争った神聖ローマ帝国の王朝は？,ホーエンシュタウフェン朝,ホーエンシュタウフェン朝,シュタウフェン朝,,,世界史の窓（章節別用語リスト）,https://www.y-history.net/appendix/appendix-list.html
世界史段階別デッキ｜Deck 3｜主要王朝・人物・制度の穴埋め400語,WH-000932,932,Deck 3｜標準,国家・王朝,ホーエンシュタウフェン朝,ほーえんしゅたうふぇんちょう,シュタウフェン朝,中世,ヨーロッパ,神聖ローマ帝国・ドイツ・北イタリア・シチリア,1138〜1254年,1138,WH-000932-B02,beginner,時期,time,「ホーエンシュタウフェン朝」が存在したのはいつ？,1138〜1254年,1138〜1254年,,,,世界史の窓（章節別用語リスト）,https://www.y-history.net/appendix/appendix-list.html
世界史段階別デッキ｜Deck 3｜主要王朝・人物・制度の穴埋め400語,WH-000932,932,Deck 3｜標準,国家・王朝,ホーエンシュタウフェン朝,ほーえんしゅたうふぇんちょう,シュタウフェン朝,中世,ヨーロッパ,神聖ローマ帝国・ドイツ・北イタリア・シチリア,1138〜1254年,1138,WH-000932-B03,beginner,中心人物,person,「ホーエンシュタウフェン朝」について、代表的な皇帝は？,フリードリヒ1世・フリードリヒ2世,フリードリヒ1世・フリードリヒ2世,,,,世界史の窓（章節別用語リスト）,https://www.y-history.net/appendix/appendix-list.html
世界史段階別デッキ｜Deck 3｜主要王朝・人物・制度の穴埋め400語,WH-000932,932,Deck 3｜標準,国家・王朝,ホーエンシュタウフェン朝,ほーえんしゅたうふぇんちょう,シュタウフェン朝,中世,ヨーロッパ,神聖ローマ帝国・ドイツ・北イタリア・シチリア,1138〜1254年,1138,WH-000932-R01,reverse,複合説明,reverse,何をした？,神聖ローマ帝国・ドイツ・北イタリア・シチリアを主な舞台に、**ホーエンシュタウフェン朝**は、**神聖ローマ帝国**の王朝で、フリードリヒ1世・2世らがドイツとイタリアの支配強化を目指した。教皇・ロンバルディア同盟と対立し、王朝断絶後は大空位時代へ移った。,ホーエンシュタウフェン朝|神聖ローマ帝国,,,,世界史の窓（章節別用語リスト）,https://www.y-history.net/appendix/appendix-list.html
世界史段階別デッキ｜Deck 3｜主要王朝・人物・制度の穴埋め400語,WH-000932,932,Deck 3｜標準,国家・王朝,ホーエンシュタウフェン朝,ほーえんしゅたうふぇんちょう,シュタウフェン朝,中世,ヨーロッパ,神聖ローマ帝国・ドイツ・北イタリア・シチリア,1138〜1254年,1138,WH-000932-R02,reverse,時期,time,「ホーエンシュタウフェン朝」が存在したのはいつ？,**1138〜1254年**,1138〜1254年,,,,世界史の窓（章節別用語リスト）,https://www.y-history.net/appendix/appendix-list.html
世界史段階別デッキ｜Deck 3｜主要王朝・人物・制度の穴埋め400語,WH-000932,932,Deck 3｜標準,国家・王朝,ホーエンシュタウフェン朝,ほーえんしゅたうふぇんちょう,シュタウフェン朝,中世,ヨーロッパ,神聖ローマ帝国・ドイツ・北イタリア・シチリア,1138〜1254年,1138,WH-000932-I01,integrated,統合説明,integrated,「ホーエンシュタウフェン朝」について説明せよ。,**1138〜1254年**、神聖ローマ帝国・ドイツ・北イタリア・シチリアを主な舞台に、**ホーエンシュタウフェン朝**は、**神聖ローマ帝国**の王朝で、フリードリヒ1世・2世らがドイツとイタリアの支配強化を目指した。教皇・ロンバルディア同盟と対立し、王朝断絶後は大空位時代へ移った。,ホーエンシュタウフェン朝|1138〜1254年|神聖ローマ帝国,,,,世界史の窓（章節別用語リスト）,https://www.y-history.net/appendix/appendix-list.html
世界史段階別デッキ｜Deck 3｜主要王朝・人物・制度の穴埋め400語,WH-000803,803,Deck 3｜標準,思想・主義,朱子学,しゅしがく,宋学|新儒学,中世,東アジア,南宋の中国から朝鮮・日本・ベトナム,12世紀以後,1150,WH-000803-B01,beginner,用語の特定,identify,朱熹(しゅき)が儒学を再構成し、東アジア各国で官学化された思想は？,朱子学(しゅしがく),朱子学,宋学|新儒学,,,世界史の窓（章節別用語リスト）,https://www.y-history.net/appendix/appendix-list.html
世界史段階別デッキ｜Deck 3｜主要王朝・人物・制度の穴埋め400語,WH-000803,803,Deck 3｜標準,思想・主義,朱子学,しゅしがく,宋学|新儒学,中世,東アジア,南宋の中国から朝鮮・日本・ベトナム,12世紀以後,1150,WH-000803-B02,beginner,時期,time,「朱子学(しゅしがく)」が成立・広がったのはいつ？,12世紀以後,12世紀以後,,,,世界史の窓（章節別用語リスト）,https://www.y-history.net/appendix/appendix-list.html
世界史段階別デッキ｜Deck 3｜主要王朝・人物・制度の穴埋め400語,WH-000803,803,Deck 3｜標準,思想・主義,朱子学,しゅしがく,宋学|新儒学,中世,東アジア,南宋の中国から朝鮮・日本・ベトナム,12世紀以後,1150,WH-000803-B03,beginner,中心人物,person,「朱子学(しゅしがく)」について、大成した人物は？,朱熹(しゅき),朱熹,,,,世界史の窓（章節別用語リスト）,https://www.y-history.net/appendix/appendix-list.html
世界史段階別デッキ｜Deck 3｜主要王朝・人物・制度の穴埋め400語,WH-000803,803,Deck 3｜標準,思想・主義,朱子学,しゅしがく,宋学|新儒学,中世,東アジア,南宋の中国から朝鮮・日本・ベトナム,12世紀以後,1150,WH-000803-R01,reverse,複合説明,reverse,どんな考え？,南宋(なんそう)の中国から朝鮮・日本・ベトナムを主な舞台に、**朱子学(しゅしがく)**は、**朱熹(しゅき)**が儒学を仏教・道教への対抗も意識して体系化した思想で、**理気論(りきろん)**や**格物致知(かくぶつちち)**を重視した。後に中国・朝鮮・日本などで官学や科挙(かきょ)の基準となった。,朱子学|朱熹|理気論|格物致知,,,,世界史の窓（章節別用語リスト）,https://www.y-history.net/appendix/appendix-list.html
世界史段階別デッキ｜Deck 3｜主要王朝・人物・制度の穴埋め400語,WH-000803,803,Deck 3｜標準,思想・主義,朱子学,しゅしがく,宋学|新儒学,中世,東アジア,南宋の中国から朝鮮・日本・ベトナム,12世紀以後,1150,WH-000803-R02,reverse,時期,time,「朱子学(しゅしがく)」が成立・広がったのはいつ？,**12世紀以後**,12世紀以後,,,,世界史の窓（章節別用語リスト）,https://www.y-history.net/appendix/appendix-list.html
世界史段階別デッキ｜Deck 3｜主要王朝・人物・制度の穴埋め400語,WH-000803,803,Deck 3｜標準,思想・主義,朱子学,しゅしがく,宋学|新儒学,中世,東アジア,南宋の中国から朝鮮・日本・ベトナム,12世紀以後,1150,WH-000803-I01,integrated,統合説明,integrated,「朱子学(しゅしがく)」について説明せよ。,**12世紀以後**、南宋(なんそう)の中国から朝鮮・日本・ベトナムを主な舞台に、**朱子学(しゅしがく)**は、**朱熹(しゅき)**が儒学を仏教・道教への対抗も意識して体系化した思想で、**理気論(りきろん)**や**格物致知(かくぶつちち)**を重視した。後に中国・朝鮮・日本などで官学や科挙(かきょ)の基準となった。,朱子学|12世紀以後|朱熹|理気論|格物致知,,,,世界史の窓（章節別用語リスト）,https://www.y-history.net/appendix/appendix-list.html
世界史段階別デッキ｜Deck 3｜主要王朝・人物・制度の穴埋め400語,WH-000937,937,Deck 3｜標準,経済・交易,シャンパーニュの大市,しゃんぱーにゅのおおいち,シャンパーニュ大市,中世,ヨーロッパ,フランス北東部・シャンパーニュ地方,12〜13世紀,1150,WH-000937-B01,beginner,用語の特定,identify,北海・バルト海商業圏と地中海商業圏を結び、定期市として栄えた中世の大市は？,シャンパーニュの大市,シャンパーニュの大市,シャンパーニュ大市,,,世界史の窓（章節別用語リスト）,https://www.y-history.net/appendix/appendix-list.html
世界史段階別デッキ｜Deck 3｜主要王朝・人物・制度の穴埋め400語,WH-000937,937,Deck 3｜標準,経済・交易,シャンパーニュの大市,しゃんぱーにゅのおおいち,シャンパーニュ大市,中世,ヨーロッパ,フランス北東部・シャンパーニュ地方,12〜13世紀,1150,WH-000937-B02,beginner,時期,time,「シャンパーニュの大市」が使用・展開されたのはいつ？,12〜13世紀,12〜13世紀,,,,世界史の窓（章節別用語リスト）,https://www.y-history.net/appendix/appendix-list.html
世界史段階別デッキ｜Deck 3｜主要王朝・人物・制度の穴埋め400語,WH-000937,937,Deck 3｜標準,経済・交易,シャンパーニュの大市,しゃんぱーにゅのおおいち,シャンパーニュ大市,中世,ヨーロッパ,フランス北東部・シャンパーニュ地方,12〜13世紀,1150,WH-000937-B03,beginner,内容,content,「シャンパーニュの大市」について、結んだ二つの商業圏は？,北海・バルト海商業圏と地中海商業圏,北海・バルト海商業圏と地中海商業圏,,,,世界史の窓（章節別用語リスト）,https://www.y-history.net/appendix/appendix-list.html
世界史段階別デッキ｜Deck 3｜主要王朝・人物・制度の穴埋め400語,WH-000937,937,Deck 3｜標準,経済・交易,シャンパーニュの大市,しゃんぱーにゅのおおいち,シャンパーニュ大市,中世,ヨーロッパ,フランス北東部・シャンパーニュ地方,12〜13世紀,1150,WH-000937-R01,reverse,複合説明,reverse,どんな経済・交易？,フランス北東部・シャンパーニュ地方を主な舞台に、**シャンパーニュの大市**は、フランス北東部で年周期に開かれ、フランドルの毛織物商とイタリア商人などが集まった定期市である。北海・バルト海と地中海の商業圏を結び、信用取引・為替取引も発達した。,シャンパーニュの大市,,,,世界史の窓（章節別用語リスト）,https://www.y-history.net/appendix/appendix-list.html
世界史段階別デッキ｜Deck 3｜主要王朝・人物・制度の穴埋め400語,WH-000937,937,Deck 3｜標準,経済・交易,シャンパーニュの大市,しゃんぱーにゅのおおいち,シャンパーニュ大市,中世,ヨーロッパ,フランス北東部・シャンパーニュ地方,12〜13世紀,1150,WH-000937-R02,reverse,時期,time,「シャンパーニュの大市」が使用・展開されたのはいつ？,**12〜13世紀**,12〜13世紀,,,,世界史の窓（章節別用語リスト）,https://www.y-history.net/appendix/appendix-list.html
世界史段階別デッキ｜Deck 3｜主要王朝・人物・制度の穴埋め400語,WH-000937,937,Deck 3｜標準,経済・交易,シャンパーニュの大市,しゃんぱーにゅのおおいち,シャンパーニュ大市,中世,ヨーロッパ,フランス北東部・シャンパーニュ地方,12〜13世紀,1150,WH-000937-I01,integrated,統合説明,integrated,「シャンパーニュの大市」について説明せよ。,**12〜13世紀**、フランス北東部・シャンパーニュ地方を主な舞台に、**シャンパーニュの大市**は、フランス北東部で年周期に開かれ、フランドルの毛織物商とイタリア商人などが集まった定期市である。北海・バルト海と地中海の商業圏を結び、信用取引・為替取引も発達した。,シャンパーニュの大市|12〜13世紀,,,,世界史の窓（章節別用語リスト）,https://www.y-history.net/appendix/appendix-list.html
世界史段階別デッキ｜Deck 3｜主要王朝・人物・制度の穴埋め400語,WH-000940,940,Deck 3｜標準,文化・技術・学問,パリ大学,ぱりだいがく,ソルボンヌ大学,中世,ヨーロッパ,フランス・パリ,12世紀成立,1150,WH-000940-B01,beginner,用語の特定,identify,神学とスコラ学の中心となり、教師組合を基礎に成立した中世大学は？,パリ大学,パリ大学,ソルボンヌ大学,,,世界史の窓（章節別用語リスト）,https://www.y-history.net/appendix/appendix-list.html
世界史段階別デッキ｜Deck 3｜主要王朝・人物・制度の穴埋め400語,WH-000940,940,Deck 3｜標準,文化・技術・学問,パリ大学,ぱりだいがく,ソルボンヌ大学,中世,ヨーロッパ,フランス・パリ,12世紀成立,1150,WH-000940-B02,beginner,時期,time,「パリ大学」が使用・展開されたのはいつ？,12世紀成立,12世紀成立,,,,世界史の窓（章節別用語リスト）,https://www.y-history.net/appendix/appendix-list.html
世界史段階別デッキ｜Deck 3｜主要王朝・人物・制度の穴埋め400語,WH-000940,940,Deck 3｜標準,文化・技術・学問,パリ大学,ぱりだいがく,ソルボンヌ大学,中世,ヨーロッパ,フランス・パリ,12世紀成立,1150,WH-000940-B03,beginner,内容,content,「パリ大学」について、特に発達した学問は？,神学,神学,,,,世界史の窓（章節別用語リスト）,https://www.y-history.net/appendix/appendix-list.html
世界史段階別デッキ｜Deck 3｜主要王朝・人物・制度の穴埋め400語,WH-000940,940,Deck 3｜標準,文化・技術・学問,パリ大学,ぱりだいがく,ソルボンヌ大学,中世,ヨーロッパ,フランス・パリ,12世紀成立,1150,WH-000940-R01,reverse,複合説明,reverse,どんな文化・技術・学問？,フランス・パリを主な舞台に、**パリ大学**は、パリの司教座学校から発達し、教師組合を中心に形成された大学である。**神学**・哲学・スコラ学の中心となり、トマス＝アクィナスらが学んだ。,パリ大学|神学,,,,世界史の窓（章節別用語リスト）,https://www.y-history.net/appendix/appendix-list.html
世界史段階別デッキ｜Deck 3｜主要王朝・人物・制度の穴埋め400語,WH-000940,940,Deck 3｜標準,文化・技術・学問,パリ大学,ぱりだいがく,ソルボンヌ大学,中世,ヨーロッパ,フランス・パリ,12世紀成立,1150,WH-000940-R02,reverse,時期,time,「パリ大学」が使用・展開されたのはいつ？,**12世紀成立**,12世紀成立,,,,世界史の窓（章節別用語リスト）,https://www.y-history.net/appendix/appendix-list.html
世界史段階別デッキ｜Deck 3｜主要王朝・人物・制度の穴埋め400語,WH-000940,940,Deck 3｜標準,文化・技術・学問,パリ大学,ぱりだいがく,ソルボンヌ大学,中世,ヨーロッパ,フランス・パリ,12世紀成立,1150,WH-000940-I01,integrated,統合説明,integrated,「パリ大学」について説明せよ。,**12世紀成立**、フランス・パリを主な舞台に、**パリ大学**は、パリの司教座学校から発達し、教師組合を中心に形成された大学である。**神学**・哲学・スコラ学の中心となり、トマス＝アクィナスらが学んだ。,パリ大学|12世紀成立|神学,,,,世界史の窓（章節別用語リスト）,https://www.y-history.net/appendix/appendix-list.html
世界史段階別デッキ｜Deck 3｜主要王朝・人物・制度の穴埋め400語,WH-000933,933,Deck 3｜標準,人物,フリードリヒ1世,ふりーどりひいっせい,赤髭王|バルバロッサ,中世,ヨーロッパ,神聖ローマ帝国・北イタリア・小アジア,1152〜1190年在位,1152,WH-000933-B01,beginner,用語の特定,identify,北イタリア都市を服属させようとしてロンバルディア同盟と戦い、第3回十字軍中に死去した皇帝は？,フリードリヒ1世,フリードリヒ1世,赤髭王|バルバロッサ,,,世界史の窓（章節別用語リスト）,https://www.y-history.net/appendix/appendix-list.html
世界史段階別デッキ｜Deck 3｜主要王朝・人物・制度の穴埋め400語,WH-000933,933,Deck 3｜標準,人物,フリードリヒ1世,ふりーどりひいっせい,赤髭王|バルバロッサ,中世,ヨーロッパ,神聖ローマ帝国・北イタリア・小アジア,1152〜1190年在位,1152,WH-000933-B02,beginner,時期,time,「フリードリヒ1世」が主に活動したのはいつ？,1152〜1190年在位,1152〜1190年在位,,,,世界史の窓（章節別用語リスト）,https://www.y-history.net/appendix/appendix-list.html
世界史段階別デッキ｜Deck 3｜主要王朝・人物・制度の穴埋め400語,WH-000933,933,Deck 3｜標準,人物,フリードリヒ1世,ふりーどりひいっせい,赤髭王|バルバロッサ,中世,ヨーロッパ,神聖ローマ帝国・北イタリア・小アジア,1152〜1190年在位,1152,WH-000933-B03,beginner,内容,content,「フリードリヒ1世」について、対立した都市同盟は？,ロンバルディア同盟,ロンバルディア同盟,,,,世界史の窓（章節別用語リスト）,https://www.y-history.net/appendix/appendix-list.html
世界史段階別デッキ｜Deck 3｜主要王朝・人物・制度の穴埋め400語,WH-000933,933,Deck 3｜標準,人物,フリードリヒ1世,ふりーどりひいっせい,赤髭王|バルバロッサ,中世,ヨーロッパ,神聖ローマ帝国・北イタリア・小アジア,1152〜1190年在位,1152,WH-000933-R01,reverse,複合説明,reverse,何をした？,神聖ローマ帝国・北イタリア・小アジアを主な舞台に、**フリードリヒ1世**は、ホーエンシュタウフェン朝の神聖ローマ皇帝で、帝国権威の回復を目指して北イタリアへ遠征したが、**ロンバルディア同盟**に敗れた。**第3回十字軍**へ参加し、小アジアで溺死した。,フリードリヒ1世|ロンバルディア同盟|第3回十字軍,,,,世界史の窓（章節別用語リスト）,https://www.y-history.net/appendix/appendix-list.html
世界史段階別デッキ｜Deck 3｜主要王朝・人物・制度の穴埋め400語,WH-000933,933,Deck 3｜標準,人物,フリードリヒ1世,ふりーどりひいっせい,赤髭王|バルバロッサ,中世,ヨーロッパ,神聖ローマ帝国・北イタリア・小アジア,1152〜1190年在位,1152,WH-000933-R02,reverse,時期,time,「フリードリヒ1世」が主に活動したのはいつ？,**1152〜1190年在位**,1152〜1190年在位,,,,世界史の窓（章節別用語リスト）,https://www.y-history.net/appendix/appendix-list.html
世界史段階別デッキ｜Deck 3｜主要王朝・人物・制度の穴埋め400語,WH-000933,933,Deck 3｜標準,人物,フリードリヒ1世,ふりーどりひいっせい,赤髭王|バルバロッサ,中世,ヨーロッパ,神聖ローマ帝国・北イタリア・小アジア,1152〜1190年在位,1152,WH-000933-I01,integrated,統合説明,integrated,「フリードリヒ1世」について説明せよ。,**1152〜1190年在位**、神聖ローマ帝国・北イタリア・小アジアを主な舞台に、**フリードリヒ1世**は、ホーエンシュタウフェン朝の神聖ローマ皇帝で、帝国権威の回復を目指して北イタリアへ遠征したが、**ロンバルディア同盟**に敗れた。**第3回十字軍**へ参加し、小アジアで溺死した。,フリードリヒ1世|1152〜1190年在位|ロンバルディア同盟|第3回十字軍,,,,世界史の窓（章節別用語リスト）,https://www.y-history.net/appendix/appendix-list.html
世界史段階別デッキ｜Deck 3｜主要王朝・人物・制度の穴埋め400語,WH-000926,926,Deck 3｜標準,人物,ヘンリ2世,へんりにせい,ヘンリ2世（イングランド王）,中世,ヨーロッパ,イングランド・西フランス,1154〜1189年在位,1154,WH-000926-B01,beginner,用語の特定,identify,プランタジネット朝を開き、巡回裁判や陪審制を通じてコモン＝ローを発達させた王は？,ヘンリ2世,ヘンリ2世,ヘンリ2世（イングランド王）,,,世界史の窓（章節別用語リスト）,https://www.y-history.net/appendix/appendix-list.html
世界史段階別デッキ｜Deck 3｜主要王朝・人物・制度の穴埋め400語,WH-000926,926,Deck 3｜標準,人物,ヘンリ2世,へんりにせい,ヘンリ2世（イングランド王）,中世,ヨーロッパ,イングランド・西フランス,1154〜1189年在位,1154,WH-000926-B02,beginner,時期,time,「ヘンリ2世」が主に活動したのはいつ？,1154〜1189年在位,1154〜1189年在位,,,1154年：「プランタジネット 「いい後進に」と ヘンリ2世」（1154）プランタジネット朝が始まる。ヘンリ2世即位。,世界史の窓（章節別用語リスト）,https://www.y-history.net/appendix/appendix-list.html
世界史段階別デッキ｜Deck 3｜主要王朝・人物・制度の穴埋め400語,WH-000926,926,Deck 3｜標準,人物,ヘンリ2世,へんりにせい,ヘンリ2世（イングランド王）,中世,ヨーロッパ,イングランド・西フランス,1154〜1189年在位,1154,WH-000926-B03,beginner,関連,relation,「ヘンリ2世」について、開いた王朝は？,プランタジネット朝,プランタジネット朝,,,,世界史の窓（章節別用語リスト）,https://www.y-history.net/appendix/appendix-list.html
世界史段階別デッキ｜Deck 3｜主要王朝・人物・制度の穴埋め400語,WH-000926,926,Deck 3｜標準,人物,ヘンリ2世,へんりにせい,ヘンリ2世（イングランド王）,中世,ヨーロッパ,イングランド・西フランス,1154〜1189年在位,1154,WH-000926-R01,reverse,複合説明,reverse,何をした？,イングランド・西フランスを主な舞台に、**ヘンリ2世**は、**プランタジネット朝**を開き、広大なアンジュー帝国を支配した。巡回裁判官・陪審制を整えて**コモン＝ロー**を発達させたが、教会裁判権をめぐりカンタベリ大司教トマス＝ベケットと対立した。,ヘンリ2世|プランタジネット朝|コモン＝ロー,,,,世界史の窓（章節別用語リスト）,https://www.y-history.net/appendix/appendix-list.html
世界史段階別デッキ｜Deck 3｜主要王朝・人物・制度の穴埋め400語,WH-000926,926,Deck 3｜標準,人物,ヘンリ2世,へんりにせい,ヘンリ2世（イングランド王）,中世,ヨーロッパ,イングランド・西フランス,1154〜1189年在位,1154,WH-000926-R02,reverse,時期,time,「ヘンリ2世」が主に活動したのはいつ？,**1154〜1189年在位**,1154〜1189年在位,,,1154年：「プランタジネット 「いい後進に」と ヘンリ2世」（1154）プランタジネット朝が始まる。ヘンリ2世即位。,世界史の窓（章節別用語リスト）,https://www.y-history.net/appendix/appendix-list.html
世界史段階別デッキ｜Deck 3｜主要王朝・人物・制度の穴埋め400語,WH-000926,926,Deck 3｜標準,人物,ヘンリ2世,へんりにせい,ヘンリ2世（イングランド王）,中世,ヨーロッパ,イングランド・西フランス,1154〜1189年在位,1154,WH-000926-I01,integrated,統合説明,integrated,「ヘンリ2世」について説明せよ。,**1154〜1189年在位**、イングランド・西フランスを主な舞台に、**ヘンリ2世**は、**プランタジネット朝**を開き、広大なアンジュー帝国を支配した。巡回裁判官・陪審制を整えて**コモン＝ロー**を発達させたが、教会裁判権をめぐりカンタベリ大司教トマス＝ベケットと対立した。,ヘンリ2世|1154〜1189年在位|プランタジネット朝|コモン＝ロー,,,1154年：「プランタジネット 「いい後進に」と ヘンリ2世」（1154）プランタジネット朝が始まる。ヘンリ2世即位。,世界史の窓（章節別用語リスト）,https://www.y-history.net/appendix/appendix-list.html
世界史段階別デッキ｜Deck 3｜主要王朝・人物・制度の穴埋め400語,WH-000930,930,Deck 3｜標準,人物,フィリップ2世,ふぃりっぷにせい,フィリップ2世尊厳王|フィリップ＝オーギュスト,中世,ヨーロッパ,フランス王国・北フランス,1180〜1223年在位,1180,WH-000930-B01,beginner,用語の特定,identify,ジョン王から大陸領を奪い、ブーヴィーヌの戦いで勝利してフランス王権を強化した王は？,フィリップ2世,フィリップ2世,フィリップ2世尊厳王|フィリップ＝オーギュスト,,,世界史の窓（章節別用語リスト）,https://www.y-history.net/appendix/appendix-list.html
世界史段階別デッキ｜Deck 3｜主要王朝・人物・制度の穴埋め400語,WH-000930,930,Deck 3｜標準,人物,フィリップ2世,ふぃりっぷにせい,フィリップ2世尊厳王|フィリップ＝オーギュスト,中世,ヨーロッパ,フランス王国・北フランス,1180〜1223年在位,1180,WH-000930-B02,beginner,時期,time,「フィリップ2世」が主に活動したのはいつ？,1180〜1223年在位,1180〜1223年在位,,,,世界史の窓（章節別用語リスト）,https://www.y-history.net/appendix/appendix-list.html
世界史段階別デッキ｜Deck 3｜主要王朝・人物・制度の穴埋め400語,WH-000930,930,Deck 3｜標準,人物,フィリップ2世,ふぃりっぷにせい,フィリップ2世尊厳王|フィリップ＝オーギュスト,中世,ヨーロッパ,フランス王国・北フランス,1180〜1223年在位,1180,WH-000930-B03,beginner,内容,content,「フィリップ2世」について、勝利した戦いは？,ブーヴィーヌの戦い,ブーヴィーヌの戦い,,,,世界史の窓（章節別用語リスト）,https://www.y-history.net/appendix/appendix-list.html
世界史段階別デッキ｜Deck 3｜主要王朝・人物・制度の穴埋め400語,WH-000930,930,Deck 3｜標準,人物,フィリップ2世,ふぃりっぷにせい,フィリップ2世尊厳王|フィリップ＝オーギュスト,中世,ヨーロッパ,フランス王国・北フランス,1180〜1223年在位,1180,WH-000930-R01,reverse,複合説明,reverse,何をした？,フランス王国・北フランスを主な舞台に、**フィリップ2世**は、カペー朝の王としてイングランド王ジョンからノルマンディーなどを奪い、王領を大幅に拡大した。1214年の**ブーヴィーヌの戦い**で反仏連合を破り、フランス王権を強化した。,フィリップ2世|ブーヴィーヌの戦い,,,,世界史の窓（章節別用語リスト）,https://www.y-history.net/appendix/appendix-list.html
世界史段階別デッキ｜Deck 3｜主要王朝・人物・制度の穴埋め400語,WH-000930,930,Deck 3｜標準,人物,フィリップ2世,ふぃりっぷにせい,フィリップ2世尊厳王|フィリップ＝オーギュスト,中世,ヨーロッパ,フランス王国・北フランス,1180〜1223年在位,1180,WH-000930-R02,reverse,時期,time,「フィリップ2世」が主に活動したのはいつ？,**1180〜1223年在位**,1180〜1223年在位,,,,世界史の窓（章節別用語リスト）,https://www.y-history.net/appendix/appendix-list.html
世界史段階別デッキ｜Deck 3｜主要王朝・人物・制度の穴埋め400語,WH-000930,930,Deck 3｜標準,人物,フィリップ2世,ふぃりっぷにせい,フィリップ2世尊厳王|フィリップ＝オーギュスト,中世,ヨーロッパ,フランス王国・北フランス,1180〜1223年在位,1180,WH-000930-I01,integrated,統合説明,integrated,「フィリップ2世」について説明せよ。,**1180〜1223年在位**、フランス王国・北フランスを主な舞台に、**フィリップ2世**は、カペー朝の王としてイングランド王ジョンからノルマンディーなどを奪い、王領を大幅に拡大した。1214年の**ブーヴィーヌの戦い**で反仏連合を破り、フランス王権を強化した。,フィリップ2世|1180〜1223年在位|ブーヴィーヌの戦い,,,,世界史の窓（章節別用語リスト）,https://www.y-history.net/appendix/appendix-list.html
世界史段階別デッキ｜Deck 3｜主要王朝・人物・制度の穴埋め400語,WH-000918,918,Deck 3｜標準,地域・都市,キルワ,きるわ,キルワ＝キシワニ,中世,アフリカ,東アフリカ沿岸・現在のタンザニア沖,12〜16世紀を中心,1200,WH-000918-B01,beginner,用語の特定,identify,東アフリカ沿岸で金交易の中継地として繁栄した代表的なスワヒリ都市は？,キルワ,キルワ,キルワ＝キシワニ,,,世界史の窓（章節別用語リスト）,https://www.y-history.net/appendix/appendix-list.html
世界史段階別デッキ｜Deck 3｜主要王朝・人物・制度の穴埋め400語,WH-000918,918,Deck 3｜標準,地域・都市,キルワ,きるわ,キルワ＝キシワニ,中世,アフリカ,東アフリカ沿岸・現在のタンザニア沖,12〜16世紀を中心,1200,WH-000918-B02,beginner,時期,time,「キルワ」が特に繁栄・注目されたのはいつ？,12〜16世紀を中心,12〜16世紀を中心,,,,世界史の窓（章節別用語リスト）,https://www.y-history.net/appendix/appendix-list.html
世界史段階別デッキ｜Deck 3｜主要王朝・人物・制度の穴埋め400語,WH-000918,918,Deck 3｜標準,地域・都市,キルワ,きるわ,キルワ＝キシワニ,中世,アフリカ,東アフリカ沿岸・現在のタンザニア沖,12〜16世紀を中心,1200,WH-000918-B03,beginner,内容,content,「キルワ」について、主に中継した内陸産品は？,金,金,,,,世界史の窓（章節別用語リスト）,https://www.y-history.net/appendix/appendix-list.html
世界史段階別デッキ｜Deck 3｜主要王朝・人物・制度の穴埋め400語,WH-000918,918,Deck 3｜標準,地域・都市,キルワ,きるわ,キルワ＝キシワニ,中世,アフリカ,東アフリカ沿岸・現在のタンザニア沖,12〜16世紀を中心,1200,WH-000918-R01,reverse,複合説明,reverse,どんな地域・都市？,東アフリカ沿岸・現在のタンザニア沖を主な舞台に、**キルワ**は、現在のタンザニア沖に位置する代表的な**スワヒリ都市**で、内陸の金・象牙をインド洋商人へ中継して繁栄した。16世紀初頭にポルトガル勢力の進出で衰えた。,キルワ|スワヒリ都市,,,,世界史の窓（章節別用語リスト）,https://www.y-history.net/appendix/appendix-list.html
世界史段階別デッキ｜Deck 3｜主要王朝・人物・制度の穴埋め400語,WH-000918,918,Deck 3｜標準,地域・都市,キルワ,きるわ,キルワ＝キシワニ,中世,アフリカ,東アフリカ沿岸・現在のタンザニア沖,12〜16世紀を中心,1200,WH-000918-R02,reverse,時期,time,「キルワ」が特に繁栄・注目されたのはいつ？,**12〜16世紀を中心**,12〜16世紀を中心,,,,世界史の窓（章節別用語リスト）,https://www.y-history.net/appendix/appendix-list.html
世界史段階別デッキ｜Deck 3｜主要王朝・人物・制度の穴埋め400語,WH-000918,918,Deck 3｜標準,地域・都市,キルワ,きるわ,キルワ＝キシワニ,中世,アフリカ,東アフリカ沿岸・現在のタンザニア沖,12〜16世紀を中心,1200,WH-000918-I01,integrated,統合説明,integrated,「キルワ」について説明せよ。,**12〜16世紀を中心**、東アフリカ沿岸・現在のタンザニア沖を主な舞台に、**キルワ**は、現在のタンザニア沖に位置する代表的な**スワヒリ都市**で、内陸の金・象牙をインド洋商人へ中継して繁栄した。16世紀初頭にポルトガル勢力の進出で衰えた。,キルワ|12〜16世紀を中心|スワヒリ都市,,,,世界史の窓（章節別用語リスト）,https://www.y-history.net/appendix/appendix-list.html
世界史段階別デッキ｜Deck 3｜主要王朝・人物・制度の穴埋め400語,WH-000938,938,Deck 3｜標準,経済・交易,為替手形,かわせてがた,,中世,ヨーロッパ,イタリア都市からヨーロッパ商業圏,中世後期以後,1200,WH-000938-B01,beginner,用語の特定,identify,遠隔地へ現金を運ばず、別の場所で代金を受け取れるようにした商業文書は？,為替手形,為替手形,,,,世界史の窓（章節別用語リスト）,https://www.y-history.net/appendix/appendix-list.html
世界史段階別デッキ｜Deck 3｜主要王朝・人物・制度の穴埋め400語,WH-000938,938,Deck 3｜標準,経済・交易,為替手形,かわせてがた,,中世,ヨーロッパ,イタリア都市からヨーロッパ商業圏,中世後期以後,1200,WH-000938-B02,beginner,時期,time,「為替手形」が使用・展開されたのはいつ？,中世後期以後,中世後期以後,,,,世界史の窓（章節別用語リスト）,https://www.y-history.net/appendix/appendix-list.html
世界史段階別デッキ｜Deck 3｜主要王朝・人物・制度の穴埋め400語,WH-000938,938,Deck 3｜標準,経済・交易,為替手形,かわせてがた,,中世,ヨーロッパ,イタリア都市からヨーロッパ商業圏,中世後期以後,1200,WH-000938-B03,beginner,内容,content,「為替手形」について、発達を促した活動は？,遠隔地商業,遠隔地商業,,,,世界史の窓（章節別用語リスト）,https://www.y-history.net/appendix/appendix-list.html
世界史段階別デッキ｜Deck 3｜主要王朝・人物・制度の穴埋め400語,WH-000938,938,Deck 3｜標準,経済・交易,為替手形,かわせてがた,,中世,ヨーロッパ,イタリア都市からヨーロッパ商業圏,中世後期以後,1200,WH-000938-R01,reverse,複合説明,reverse,どんな経済・交易？,イタリア都市からヨーロッパ商業圏を主な舞台に、**為替手形**は、商人がある都市で代金を預け、別の都市の取引相手から支払いを受ける信用文書である。現金輸送の危険と貨幣交換の手間を減らし、中世後期の**遠隔地商業**と銀行業を発達させた。,為替手形|遠隔地商業,,,,世界史の窓（章節別用語リスト）,https://www.y-history.net/appendix/appendix-list.html
世界史段階別デッキ｜Deck 3｜主要王朝・人物・制度の穴埋め400語,WH-000938,938,Deck 3｜標準,経済・交易,為替手形,かわせてがた,,中世,ヨーロッパ,イタリア都市からヨーロッパ商業圏,中世後期以後,1200,WH-000938-R02,reverse,時期,time,「為替手形」が使用・展開されたのはいつ？,**中世後期以後**,中世後期以後,,,,世界史の窓（章節別用語リスト）,https://www.y-history.net/appendix/appendix-list.html
世界史段階別デッキ｜Deck 3｜主要王朝・人物・制度の穴埋め400語,WH-000938,938,Deck 3｜標準,経済・交易,為替手形,かわせてがた,,中世,ヨーロッパ,イタリア都市からヨーロッパ商業圏,中世後期以後,1200,WH-000938-I01,integrated,統合説明,integrated,「為替手形」について説明せよ。,**中世後期以後**、イタリア都市からヨーロッパ商業圏を主な舞台に、**為替手形**は、商人がある都市で代金を預け、別の都市の取引相手から支払いを受ける信用文書である。現金輸送の危険と貨幣交換の手間を減らし、中世後期の**遠隔地商業**と銀行業を発達させた。,為替手形|中世後期以後|遠隔地商業,,,,世界史の窓（章節別用語リスト）,https://www.y-history.net/appendix/appendix-list.html
世界史段階別デッキ｜Deck 3｜主要王朝・人物・制度の穴埋め400語,WH-000934,934,Deck 3｜標準,人物,フリードリヒ2世（神聖ローマ皇帝）,ふりーどりひにせい,シチリア王フェデリーコ1世,中世,ヨーロッパ,シチリア・神聖ローマ帝国・地中海東部,1194〜1250年,1220,WH-000934-B01,beginner,用語の特定,identify,シチリアを統治し、第6回十字軍で交渉によりエルサレムを回復した神聖ローマ皇帝は？,フリードリヒ2世（神聖ローマ皇帝）,フリードリヒ2世（神聖ローマ皇帝）,シチリア王フェデリーコ1世,,,世界史の窓（章節別用語リスト）,https://www.y-history.net/appendix/appendix-list.html
世界史段階別デッキ｜Deck 3｜主要王朝・人物・制度の穴埋め400語,WH-000934,934,Deck 3｜標準,人物,フリードリヒ2世（神聖ローマ皇帝）,ふりーどりひにせい,シチリア王フェデリーコ1世,中世,ヨーロッパ,シチリア・神聖ローマ帝国・地中海東部,1194〜1250年,1220,WH-000934-B02,beginner,時期,time,「フリードリヒ2世（神聖ローマ皇帝）」が主に活動したのはいつ？,1194〜1250年,1194〜1250年,,,,世界史の窓（章節別用語リスト）,https://www.y-history.net/appendix/appendix-list.html
世界史段階別デッキ｜Deck 3｜主要王朝・人物・制度の穴埋め400語,WH-000934,934,Deck 3｜標準,人物,フリードリヒ2世（神聖ローマ皇帝）,ふりーどりひにせい,シチリア王フェデリーコ1世,中世,ヨーロッパ,シチリア・神聖ローマ帝国・地中海東部,1194〜1250年,1220,WH-000934-B03,beginner,関連,relation,「フリードリヒ2世（神聖ローマ皇帝）」について、参加した十字軍は？,第6回十字軍,第6回十字軍,,,,世界史の窓（章節別用語リスト）,https://www.y-history.net/appendix/appendix-list.html
世界史段階別デッキ｜Deck 3｜主要王朝・人物・制度の穴埋め400語,WH-000934,934,Deck 3｜標準,人物,フリードリヒ2世（神聖ローマ皇帝）,ふりーどりひにせい,シチリア王フェデリーコ1世,中世,ヨーロッパ,シチリア・神聖ローマ帝国・地中海東部,1194〜1250年,1220,WH-000934-R01,reverse,複合説明,reverse,何をした？,シチリア・神聖ローマ帝国・地中海東部を主な舞台に、**フリードリヒ2世（神聖ローマ皇帝）**は、シチリアを統治したホーエンシュタウフェン朝の皇帝で、官僚制を整え学芸を保護した。教皇と対立しながら**第6回十字軍**を行い、イスラーム側との交渉で一時的にエルサレムを回復した。,フリードリヒ2世（神聖ローマ皇帝）|第6回十字軍,,,,世界史の窓（章節別用語リスト）,https://www.y-history.net/appendix/appendix-list.html
世界史段階別デッキ｜Deck 3｜主要王朝・人物・制度の穴埋め400語,WH-000934,934,Deck 3｜標準,人物,フリードリヒ2世（神聖ローマ皇帝）,ふりーどりひにせい,シチリア王フェデリーコ1世,中世,ヨーロッパ,シチリア・神聖ローマ帝国・地中海東部,1194〜1250年,1220,WH-000934-R02,reverse,時期,time,「フリードリヒ2世（神聖ローマ皇帝）」が主に活動したのはいつ？,**1194〜1250年**,1194〜1250年,,,,世界史の窓（章節別用語リスト）,https://www.y-history.net/appendix/appendix-list.html
世界史段階別デッキ｜Deck 3｜主要王朝・人物・制度の穴埋め400語,WH-000934,934,Deck 3｜標準,人物,フリードリヒ2世（神聖ローマ皇帝）,ふりーどりひにせい,シチリア王フェデリーコ1世,中世,ヨーロッパ,シチリア・神聖ローマ帝国・地中海東部,1194〜1250年,1220,WH-000934-I01,integrated,統合説明,integrated,「フリードリヒ2世（神聖ローマ皇帝）」について説明せよ。,**1194〜1250年**、シチリア・神聖ローマ帝国・地中海東部を主な舞台に、**フリードリヒ2世（神聖ローマ皇帝）**は、シチリアを統治したホーエンシュタウフェン朝の皇帝で、官僚制を整え学芸を保護した。教皇と対立しながら**第6回十字軍**を行い、イスラーム側との交渉で一時的にエルサレムを回復した。,フリードリヒ2世（神聖ローマ皇帝）|1194〜1250年|第6回十字軍,,,,世界史の窓（章節別用語リスト）,https://www.y-history.net/appendix/appendix-list.html
世界史段階別デッキ｜Deck 3｜主要王朝・人物・制度の穴埋め400語,WH-000931,931,Deck 3｜標準,人物,ルイ9世,るいきゅうせい,聖王ルイ,中世,ヨーロッパ,フランス王国・地中海東部・北アフリカ,1226〜1270年在位,1226,WH-000931-B01,beginner,用語の特定,identify,王国裁判と貨幣制度を整え、第7・第8回十字軍を率いたフランス王は？,ルイ9世,ルイ9世,聖王ルイ,,,世界史の窓（章節別用語リスト）,https://www.y-history.net/appendix/appendix-list.html
世界史段階別デッキ｜Deck 3｜主要王朝・人物・制度の穴埋め400語,WH-000931,931,Deck 3｜標準,人物,ルイ9世,るいきゅうせい,聖王ルイ,中世,ヨーロッパ,フランス王国・地中海東部・北アフリカ,1226〜1270年在位,1226,WH-000931-B02,beginner,時期,time,「ルイ9世」が主に活動したのはいつ？,1226〜1270年在位,1226〜1270年在位,,,,世界史の窓（章節別用語リスト）,https://www.y-history.net/appendix/appendix-list.html
世界史段階別デッキ｜Deck 3｜主要王朝・人物・制度の穴埋め400語,WH-000931,931,Deck 3｜標準,人物,ルイ9世,るいきゅうせい,聖王ルイ,中世,ヨーロッパ,フランス王国・地中海東部・北アフリカ,1226〜1270年在位,1226,WH-000931-B03,beginner,内容,content,「ルイ9世」について、参加した遠征は？,第7回・第8回十字軍,第7回・第8回十字軍,,,,世界史の窓（章節別用語リスト）,https://www.y-history.net/appendix/appendix-list.html
世界史段階別デッキ｜Deck 3｜主要王朝・人物・制度の穴埋め400語,WH-000931,931,Deck 3｜標準,人物,ルイ9世,るいきゅうせい,聖王ルイ,中世,ヨーロッパ,フランス王国・地中海東部・北アフリカ,1226〜1270年在位,1226,WH-000931-R01,reverse,複合説明,reverse,何をした？,フランス王国・地中海東部・北アフリカを主な舞台に、**ルイ9世**は、カペー朝の王として王国裁判・貨幣制度を整え、諸侯(しょこう)に対する王権を高めた。信仰心が厚く、**第7回十字軍**と**第8回十字軍**を率いたが成果を得られず、チュニスで死去した。,ルイ9世|第7回十字軍|第8回十字軍,,,,世界史の窓（章節別用語リスト）,https://www.y-history.net/appendix/appendix-list.html
世界史段階別デッキ｜Deck 3｜主要王朝・人物・制度の穴埋め400語,WH-000931,931,Deck 3｜標準,人物,ルイ9世,るいきゅうせい,聖王ルイ,中世,ヨーロッパ,フランス王国・地中海東部・北アフリカ,1226〜1270年在位,1226,WH-000931-R02,reverse,時期,time,「ルイ9世」が主に活動したのはいつ？,**1226〜1270年在位**,1226〜1270年在位,,,,世界史の窓（章節別用語リスト）,https://www.y-history.net/appendix/appendix-list.html
世界史段階別デッキ｜Deck 3｜主要王朝・人物・制度の穴埋め400語,WH-000931,931,Deck 3｜標準,人物,ルイ9世,るいきゅうせい,聖王ルイ,中世,ヨーロッパ,フランス王国・地中海東部・北アフリカ,1226〜1270年在位,1226,WH-000931-I01,integrated,統合説明,integrated,「ルイ9世」について説明せよ。,**1226〜1270年在位**、フランス王国・地中海東部・北アフリカを主な舞台に、**ルイ9世**は、カペー朝の王として王国裁判・貨幣制度を整え、諸侯(しょこう)に対する王権を高めた。信仰心が厚く、**第7回十字軍**と**第8回十字軍**を率いたが成果を得られず、チュニスで死去した。,ルイ9世|1226〜1270年在位|第7回十字軍|第8回十字軍,,,,世界史の窓（章節別用語リスト）,https://www.y-history.net/appendix/appendix-list.html
世界史段階別デッキ｜Deck 3｜主要王朝・人物・制度の穴埋め400語,WH-000877,877,Deck 3｜標準,国家・王朝,チャガタイ＝ハン国,ちゃがたいはんこく,,中世,中央アジア,中央アジア・トルキスタン,13〜17世紀,1227,WH-000877-B01,beginner,用語の特定,identify,チンギス＝ハンの次男チャガタイの領地を基礎に中央アジアへ成立したハン国は？,チャガタイ＝ハン国,チャガタイ＝ハン国,,,,世界史の窓（章節別用語リスト）,https://www.y-history.net/appendix/appendix-list.html
世界史段階別デッキ｜Deck 3｜主要王朝・人物・制度の穴埋め400語,WH-000877,877,Deck 3｜標準,国家・王朝,チャガタイ＝ハン国,ちゃがたいはんこく,,中世,中央アジア,中央アジア・トルキスタン,13〜17世紀,1227,WH-000877-B02,beginner,時期,time,「チャガタイ＝ハン国」が存在したのはいつ？,13〜17世紀,13〜17世紀,,,,世界史の窓（章節別用語リスト）,https://www.y-history.net/appendix/appendix-list.html
世界史段階別デッキ｜Deck 3｜主要王朝・人物・制度の穴埋め400語,WH-000877,877,Deck 3｜標準,国家・王朝,チャガタイ＝ハン国,ちゃがたいはんこく,,中世,中央アジア,中央アジア・トルキスタン,13〜17世紀,1227,WH-000877-B03,beginner,中心人物,person,「チャガタイ＝ハン国」について、祖となった人物は？,チャガタイ,チャガタイ,,,,世界史の窓（章節別用語リスト）,https://www.y-history.net/appendix/appendix-list.html
世界史段階別デッキ｜Deck 3｜主要王朝・人物・制度の穴埋め400語,WH-000877,877,Deck 3｜標準,国家・王朝,チャガタイ＝ハン国,ちゃがたいはんこく,,中世,中央アジア,中央アジア・トルキスタン,13〜17世紀,1227,WH-000877-R01,reverse,複合説明,reverse,何をした？,中央アジア・トルキスタンを主な舞台に、**チャガタイ＝ハン国**は、チンギス＝ハンの次男**チャガタイ**の領地を基礎に中央アジアへ成立したモンゴル系ハン国である。東西に分裂しながらトルコ化・イスラーム化が進み、後のティムール帝国の背景となった。,チャガタイ＝ハン国|チャガタイ,,,,世界史の窓（章節別用語リスト）,https://www.y-history.net/appendix/appendix-list.html
世界史段階別デッキ｜Deck 3｜主要王朝・人物・制度の穴埋め400語,WH-000877,877,Deck 3｜標準,国家・王朝,チャガタイ＝ハン国,ちゃがたいはんこく,,中世,中央アジア,中央アジア・トルキスタン,13〜17世紀,1227,WH-000877-R02,reverse,時期,time,「チャガタイ＝ハン国」が存在したのはいつ？,**13〜17世紀**,13〜17世紀,,,,世界史の窓（章節別用語リスト）,https://www.y-history.net/appendix/appendix-list.html
世界史段階別デッキ｜Deck 3｜主要王朝・人物・制度の穴埋め400語,WH-000877,877,Deck 3｜標準,国家・王朝,チャガタイ＝ハン国,ちゃがたいはんこく,,中世,中央アジア,中央アジア・トルキスタン,13〜17世紀,1227,WH-000877-I01,integrated,統合説明,integrated,「チャガタイ＝ハン国」について説明せよ。,**13〜17世紀**、中央アジア・トルキスタンを主な舞台に、**チャガタイ＝ハン国**は、チンギス＝ハンの次男**チャガタイ**の領地を基礎に中央アジアへ成立したモンゴル系ハン国である。東西に分裂しながらトルコ化・イスラーム化が進み、後のティムール帝国の背景となった。,チャガタイ＝ハン国|13〜17世紀|チャガタイ,,,,世界史の窓（章節別用語リスト）,https://www.y-history.net/appendix/appendix-list.html
世界史段階別デッキ｜Deck 3｜主要王朝・人物・制度の穴埋め400語,WH-000878,878,Deck 3｜標準,国家・王朝,オゴタイ＝ハン国,おごたいはんこく,,中世,中央アジア,アルタイ山脈・中央アジア東部,13〜14世紀,1227,WH-000878-B01,beginner,用語の特定,identify,チンギス＝ハンの三男オゴタイの一族が中央アジア東部に形成したハン国は？,オゴタイ＝ハン国,オゴタイ＝ハン国,,,,世界史の窓（章節別用語リスト）,https://www.y-history.net/appendix/appendix-list.html
世界史段階別デッキ｜Deck 3｜主要王朝・人物・制度の穴埋め400語,WH-000878,878,Deck 3｜標準,国家・王朝,オゴタイ＝ハン国,おごたいはんこく,,中世,中央アジア,アルタイ山脈・中央アジア東部,13〜14世紀,1227,WH-000878-B02,beginner,時期,time,「オゴタイ＝ハン国」が存在したのはいつ？,13〜14世紀,13〜14世紀,,,,世界史の窓（章節別用語リスト）,https://www.y-history.net/appendix/appendix-list.html
世界史段階別デッキ｜Deck 3｜主要王朝・人物・制度の穴埋め400語,WH-000878,878,Deck 3｜標準,国家・王朝,オゴタイ＝ハン国,おごたいはんこく,,中世,中央アジア,アルタイ山脈・中央アジア東部,13〜14世紀,1227,WH-000878-B03,beginner,中心人物,person,「オゴタイ＝ハン国」について、祖となった人物は？,オゴタイ,オゴタイ,,,,世界史の窓（章節別用語リスト）,https://www.y-history.net/appendix/appendix-list.html
世界史段階別デッキ｜Deck 3｜主要王朝・人物・制度の穴埋め400語,WH-000878,878,Deck 3｜標準,国家・王朝,オゴタイ＝ハン国,おごたいはんこく,,中世,中央アジア,アルタイ山脈・中央アジア東部,13〜14世紀,1227,WH-000878-R01,reverse,複合説明,reverse,何をした？,アルタイ山脈・中央アジア東部を主な舞台に、**オゴタイ＝ハン国**は、チンギス＝ハンの三男**オゴタイ**の一族がアルタイ山脈周辺に形成したモンゴル系勢力である。カイドゥの時代にフビライと対立したが、のちチャガタイ＝ハン国などに吸収された。,オゴタイ＝ハン国|オゴタイ,,,,世界史の窓（章節別用語リスト）,https://www.y-history.net/appendix/appendix-list.html
世界史段階別デッキ｜Deck 3｜主要王朝・人物・制度の穴埋め400語,WH-000878,878,Deck 3｜標準,国家・王朝,オゴタイ＝ハン国,おごたいはんこく,,中世,中央アジア,アルタイ山脈・中央アジア東部,13〜14世紀,1227,WH-000878-R02,reverse,時期,time,「オゴタイ＝ハン国」が存在したのはいつ？,**13〜14世紀**,13〜14世紀,,,,世界史の窓（章節別用語リスト）,https://www.y-history.net/appendix/appendix-list.html
世界史段階別デッキ｜Deck 3｜主要王朝・人物・制度の穴埋め400語,WH-000878,878,Deck 3｜標準,国家・王朝,オゴタイ＝ハン国,おごたいはんこく,,中世,中央アジア,アルタイ山脈・中央アジア東部,13〜14世紀,1227,WH-000878-I01,integrated,統合説明,integrated,「オゴタイ＝ハン国」について説明せよ。,**13〜14世紀**、アルタイ山脈・中央アジア東部を主な舞台に、**オゴタイ＝ハン国**は、チンギス＝ハンの三男**オゴタイ**の一族がアルタイ山脈周辺に形成したモンゴル系勢力である。カイドゥの時代にフビライと対立したが、のちチャガタイ＝ハン国などに吸収された。,オゴタイ＝ハン国|13〜14世紀|オゴタイ,,,,世界史の窓（章節別用語リスト）,https://www.y-history.net/appendix/appendix-list.html
世界史段階別デッキ｜Deck 3｜主要王朝・人物・制度の穴埋め400語,WH-000879,879,Deck 3｜標準,国家・王朝,キプチャク＝ハン国,きぷちゃくはんこく,ジョチ＝ウルス|金帳汗国,中世,複数地域,南ロシア草原・ヴォルガ川流域・東ヨーロッパ,13世紀中頃〜1502年,1240,WH-000879-B01,beginner,用語の特定,identify,バトゥが南ロシアに建て、ロシア諸侯(しょこう)へ貢納を課したモンゴル系国家は？,キプチャク＝ハン国,キプチャク＝ハン国,ジョチ＝ウルス|金帳汗国,,,世界史の窓（章節別用語リスト）,https://www.y-history.net/appendix/appendix-list.html
世界史段階別デッキ｜Deck 3｜主要王朝・人物・制度の穴埋め400語,WH-000879,879,Deck 3｜標準,国家・王朝,キプチャク＝ハン国,きぷちゃくはんこく,ジョチ＝ウルス|金帳汗国,中世,複数地域,南ロシア草原・ヴォルガ川流域・東ヨーロッパ,13世紀中頃〜1502年,1240,WH-000879-B02,beginner,時期,time,「キプチャク＝ハン国」が存在したのはいつ？,13世紀中頃〜1502年,13世紀中頃〜1502年,,,,世界史の窓（章節別用語リスト）,https://www.y-history.net/appendix/appendix-list.html
世界史段階別デッキ｜Deck 3｜主要王朝・人物・制度の穴埋め400語,WH-000879,879,Deck 3｜標準,国家・王朝,キプチャク＝ハン国,きぷちゃくはんこく,ジョチ＝ウルス|金帳汗国,中世,複数地域,南ロシア草原・ヴォルガ川流域・東ヨーロッパ,13世紀中頃〜1502年,1240,WH-000879-B03,beginner,中心人物,person,「キプチャク＝ハン国」について、建国者は？,バトゥ,バトゥ,,,,世界史の窓（章節別用語リスト）,https://www.y-history.net/appendix/appendix-list.html
世界史段階別デッキ｜Deck 3｜主要王朝・人物・制度の穴埋め400語,WH-000879,879,Deck 3｜標準,国家・王朝,キプチャク＝ハン国,きぷちゃくはんこく,ジョチ＝ウルス|金帳汗国,中世,複数地域,南ロシア草原・ヴォルガ川流域・東ヨーロッパ,13世紀中頃〜1502年,1240,WH-000879-R01,reverse,複合説明,reverse,何をした？,南ロシア草原・ヴォルガ川流域・東ヨーロッパを主な舞台に、**キプチャク＝ハン国**は、**バトゥ**が南ロシア草原に建てたモンゴル系国家で、ロシア諸侯(しょこう)を間接支配して貢納を課した。次第にトルコ化・イスラーム化し、モスクワ大公国の成長とともに衰退した。,キプチャク＝ハン国|バトゥ,,,,世界史の窓（章節別用語リスト）,https://www.y-history.net/appendix/appendix-list.html
世界史段階別デッキ｜Deck 3｜主要王朝・人物・制度の穴埋め400語,WH-000879,879,Deck 3｜標準,国家・王朝,キプチャク＝ハン国,きぷちゃくはんこく,ジョチ＝ウルス|金帳汗国,中世,複数地域,南ロシア草原・ヴォルガ川流域・東ヨーロッパ,13世紀中頃〜1502年,1240,WH-000879-R02,reverse,時期,time,「キプチャク＝ハン国」が存在したのはいつ？,**13世紀中頃〜1502年**,13世紀中頃〜1502年,,,,世界史の窓（章節別用語リスト）,https://www.y-history.net/appendix/appendix-list.html
世界史段階別デッキ｜Deck 3｜主要王朝・人物・制度の穴埋め400語,WH-000879,879,Deck 3｜標準,国家・王朝,キプチャク＝ハン国,きぷちゃくはんこく,ジョチ＝ウルス|金帳汗国,中世,複数地域,南ロシア草原・ヴォルガ川流域・東ヨーロッパ,13世紀中頃〜1502年,1240,WH-000879-I01,integrated,統合説明,integrated,「キプチャク＝ハン国」について説明せよ。,**13世紀中頃〜1502年**、南ロシア草原・ヴォルガ川流域・東ヨーロッパを主な舞台に、**キプチャク＝ハン国**は、**バトゥ**が南ロシア草原に建てたモンゴル系国家で、ロシア諸侯(しょこう)を間接支配して貢納を課した。次第にトルコ化・イスラーム化し、モスクワ大公国の成長とともに衰退した。,キプチャク＝ハン国|13世紀中頃〜1502年|バトゥ,,,,世界史の窓（章節別用語リスト）,https://www.y-history.net/appendix/appendix-list.html
世界史段階別デッキ｜Deck 3｜主要王朝・人物・制度の穴埋め400語,WH-000942,942,Deck 3｜標準,時代・歴史区分,タタールのくびき,たたーるのくびき,モンゴルのくびき,中世,ヨーロッパ,ロシア諸公国・南ロシア草原,13世紀中頃〜1480年,1240,WH-000942-B01,beginner,用語の特定,identify,キプチャク＝ハン国がロシア諸公国へ貢納と服属を課した時代を何という？,タタールのくびき,タタールのくびき,モンゴルのくびき,,,世界史の窓（章節別用語リスト）,https://www.y-history.net/appendix/appendix-list.html
世界史段階別デッキ｜Deck 3｜主要王朝・人物・制度の穴埋め400語,WH-000942,942,Deck 3｜標準,時代・歴史区分,タタールのくびき,たたーるのくびき,モンゴルのくびき,中世,ヨーロッパ,ロシア諸公国・南ロシア草原,13世紀中頃〜1480年,1240,WH-000942-B02,beginner,時期,time,「タタールのくびき」が使用・展開されたのはいつ？,13世紀中頃〜1480年,13世紀中頃〜1480年,,,,世界史の窓（章節別用語リスト）,https://www.y-history.net/appendix/appendix-list.html
世界史段階別デッキ｜Deck 3｜主要王朝・人物・制度の穴埋め400語,WH-000942,942,Deck 3｜標準,時代・歴史区分,タタールのくびき,たたーるのくびき,モンゴルのくびき,中世,ヨーロッパ,ロシア諸公国・南ロシア草原,13世紀中頃〜1480年,1240,WH-000942-B03,beginner,関連,relation,「タタールのくびき」について、支配した国家は？,キプチャク＝ハン国,キプチャク＝ハン国,,,,世界史の窓（章節別用語リスト）,https://www.y-history.net/appendix/appendix-list.html
世界史段階別デッキ｜Deck 3｜主要王朝・人物・制度の穴埋め400語,WH-000942,942,Deck 3｜標準,時代・歴史区分,タタールのくびき,たたーるのくびき,モンゴルのくびき,中世,ヨーロッパ,ロシア諸公国・南ロシア草原,13世紀中頃〜1480年,1240,WH-000942-R01,reverse,複合説明,reverse,どんな時代・歴史区分？,ロシア諸公国・南ロシア草原を主な舞台に、**タタールのくびき**は、モンゴル軍の侵入後、ロシア諸公国が**キプチャク＝ハン国**へ貢納し、ハンの承認を受けた時代を指す。徴税を担ったモスクワ大公国が力を伸ばし、1480年に事実上の服属を脱した。,タタールのくびき|キプチャク＝ハン国,,,,世界史の窓（章節別用語リスト）,https://www.y-history.net/appendix/appendix-list.html
世界史段階別デッキ｜Deck 3｜主要王朝・人物・制度の穴埋め400語,WH-000942,942,Deck 3｜標準,時代・歴史区分,タタールのくびき,たたーるのくびき,モンゴルのくびき,中世,ヨーロッパ,ロシア諸公国・南ロシア草原,13世紀中頃〜1480年,1240,WH-000942-R02,reverse,時期,time,「タタールのくびき」が使用・展開されたのはいつ？,**13世紀中頃〜1480年**,13世紀中頃〜1480年,,,,世界史の窓（章節別用語リスト）,https://www.y-history.net/appendix/appendix-list.html
世界史段階別デッキ｜Deck 3｜主要王朝・人物・制度の穴埋め400語,WH-000942,942,Deck 3｜標準,時代・歴史区分,タタールのくびき,たたーるのくびき,モンゴルのくびき,中世,ヨーロッパ,ロシア諸公国・南ロシア草原,13世紀中頃〜1480年,1240,WH-000942-I01,integrated,統合説明,integrated,「タタールのくびき」について説明せよ。,**13世紀中頃〜1480年**、ロシア諸公国・南ロシア草原を主な舞台に、**タタールのくびき**は、モンゴル軍の侵入後、ロシア諸公国が**キプチャク＝ハン国**へ貢納し、ハンの承認を受けた時代を指す。徴税を担ったモスクワ大公国が力を伸ばし、1480年に事実上の服属を脱した。,タタールのくびき|13世紀中頃〜1480年|キプチャク＝ハン国,,,,世界史の窓（章節別用語リスト）,https://www.y-history.net/appendix/appendix-list.html
世界史段階別デッキ｜Deck 3｜主要王朝・人物・制度の穴埋め400語,WH-000929,929,Deck 3｜標準,制度・政策・法律,パリ高等法院,ぱりこうとうほういん,パリ＝パルルマン|パルルマン,中世,ヨーロッパ,フランス・パリ,13〜18世紀,1250,WH-000929-B01,beginner,用語の特定,identify,フランス王令の登記と建言権を持ち、絶対王政末期には改革へ抵抗した最高法院は？,パリ高等法院,パリ高等法院,パリ＝パルルマン|パルルマン,,,世界史の窓（章節別用語リスト）,https://www.y-history.net/appendix/appendix-list.html
世界史段階別デッキ｜Deck 3｜主要王朝・人物・制度の穴埋め400語,WH-000929,929,Deck 3｜標準,制度・政策・法律,パリ高等法院,ぱりこうとうほういん,パリ＝パルルマン|パルルマン,中世,ヨーロッパ,フランス・パリ,13〜18世紀,1250,WH-000929-B02,beginner,時期,time,「パリ高等法院」が実施・整備されたのはいつ？,13〜18世紀,13〜18世紀,,,,世界史の窓（章節別用語リスト）,https://www.y-history.net/appendix/appendix-list.html
世界史段階別デッキ｜Deck 3｜主要王朝・人物・制度の穴埋め400語,WH-000929,929,Deck 3｜標準,制度・政策・法律,パリ高等法院,ぱりこうとうほういん,パリ＝パルルマン|パルルマン,中世,ヨーロッパ,フランス・パリ,13〜18世紀,1250,WH-000929-B03,beginner,内容,content,「パリ高等法院」について、王令に対して持った権限は？,登記権と建言権,登記権と建言権,,,,世界史の窓（章節別用語リスト）,https://www.y-history.net/appendix/appendix-list.html
世界史段階別デッキ｜Deck 3｜主要王朝・人物・制度の穴埋め400語,WH-000929,929,Deck 3｜標準,制度・政策・法律,パリ高等法院,ぱりこうとうほういん,パリ＝パルルマン|パルルマン,中世,ヨーロッパ,フランス・パリ,13〜18世紀,1250,WH-000929-R01,reverse,複合説明,reverse,どんな制度・政策・法律？,フランス・パリを主な舞台に、**パリ高等法院**は、中世フランスで王会から分化した最高法院で、王令を**登記**して効力を認め、異議を述べる建言権を持った。18世紀には法服貴族の拠点として財政改革に抵抗し、革命前の政治危機を深めた。,パリ高等法院|登記,,,,世界史の窓（章節別用語リスト）,https://www.y-history.net/appendix/appendix-list.html
世界史段階別デッキ｜Deck 3｜主要王朝・人物・制度の穴埋め400語,WH-000929,929,Deck 3｜標準,制度・政策・法律,パリ高等法院,ぱりこうとうほういん,パリ＝パルルマン|パルルマン,中世,ヨーロッパ,フランス・パリ,13〜18世紀,1250,WH-000929-R02,reverse,時期,time,「パリ高等法院」が実施・整備されたのはいつ？,**13〜18世紀**,13〜18世紀,,,,世界史の窓（章節別用語リスト）,https://www.y-history.net/appendix/appendix-list.html
世界史段階別デッキ｜Deck 3｜主要王朝・人物・制度の穴埋め400語,WH-000929,929,Deck 3｜標準,制度・政策・法律,パリ高等法院,ぱりこうとうほういん,パリ＝パルルマン|パルルマン,中世,ヨーロッパ,フランス・パリ,13〜18世紀,1250,WH-000929-I01,integrated,統合説明,integrated,「パリ高等法院」について説明せよ。,**13〜18世紀**、フランス・パリを主な舞台に、**パリ高等法院**は、中世フランスで王会から分化した最高法院で、王令を**登記**して効力を認め、異議を述べる建言権を持った。18世紀には法服貴族の拠点として財政改革に抵抗し、革命前の政治危機を深めた。,パリ高等法院|13〜18世紀|登記,,,,世界史の窓（章節別用語リスト）,https://www.y-history.net/appendix/appendix-list.html
世界史段階別デッキ｜Deck 3｜主要王朝・人物・制度の穴埋め400語,WH-000911,911,Deck 3｜標準,人物,バイバルス,ばいばるす,,中世,複数地域,マムルーク朝のエジプト・シリア,1260〜1277年在位,1260,WH-000911-B01,beginner,用語の特定,identify,アイン＝ジャールートでモンゴル軍を破り、十字軍勢力も圧迫したマムルーク朝のスルタンは？,バイバルス,バイバルス,,,,世界史の窓（章節別用語リスト）,https://www.y-history.net/appendix/appendix-list.html
世界史段階別デッキ｜Deck 3｜主要王朝・人物・制度の穴埋め400語,WH-000911,911,Deck 3｜標準,人物,バイバルス,ばいばるす,,中世,複数地域,マムルーク朝のエジプト・シリア,1260〜1277年在位,1260,WH-000911-B02,beginner,時期,time,「バイバルス」が主に活動したのはいつ？,1260〜1277年在位,1260〜1277年在位,,,,世界史の窓（章節別用語リスト）,https://www.y-history.net/appendix/appendix-list.html
世界史段階別デッキ｜Deck 3｜主要王朝・人物・制度の穴埋め400語,WH-000911,911,Deck 3｜標準,人物,バイバルス,ばいばるす,,中世,複数地域,マムルーク朝のエジプト・シリア,1260〜1277年在位,1260,WH-000911-B03,beginner,関連,relation,「バイバルス」について、属した王朝は？,マムルーク朝,マムルーク朝,,,,世界史の窓（章節別用語リスト）,https://www.y-history.net/appendix/appendix-list.html
世界史段階別デッキ｜Deck 3｜主要王朝・人物・制度の穴埋め400語,WH-000911,911,Deck 3｜標準,人物,バイバルス,ばいばるす,,中世,複数地域,マムルーク朝のエジプト・シリア,1260〜1277年在位,1260,WH-000911-R01,reverse,複合説明,reverse,何をした？,マムルーク朝のエジプト・シリアを主な舞台に、**バイバルス**は、マムルーク軍の指揮官として**アイン＝ジャールートの戦い**でモンゴル軍を破り、後にマムルーク朝スルタンとなった。シリア支配を固め、十字軍国家を圧迫し、カイロのアッバース朝カリフを保護した。,バイバルス|アイン＝ジャールートの戦い,,,,世界史の窓（章節別用語リスト）,https://www.y-history.net/appendix/appendix-list.html
世界史段階別デッキ｜Deck 3｜主要王朝・人物・制度の穴埋め400語,WH-000911,911,Deck 3｜標準,人物,バイバルス,ばいばるす,,中世,複数地域,マムルーク朝のエジプト・シリア,1260〜1277年在位,1260,WH-000911-R02,reverse,時期,time,「バイバルス」が主に活動したのはいつ？,**1260〜1277年在位**,1260〜1277年在位,,,,世界史の窓（章節別用語リスト）,https://www.y-history.net/appendix/appendix-list.html
世界史段階別デッキ｜Deck 3｜主要王朝・人物・制度の穴埋め400語,WH-000911,911,Deck 3｜標準,人物,バイバルス,ばいばるす,,中世,複数地域,マムルーク朝のエジプト・シリア,1260〜1277年在位,1260,WH-000911-I01,integrated,統合説明,integrated,「バイバルス」について説明せよ。,**1260〜1277年在位**、マムルーク朝のエジプト・シリアを主な舞台に、**バイバルス**は、マムルーク軍の指揮官として**アイン＝ジャールートの戦い**でモンゴル軍を破り、後にマムルーク朝スルタンとなった。シリア支配を固め、十字軍国家を圧迫し、カイロのアッバース朝カリフを保護した。,バイバルス|1260〜1277年在位|アイン＝ジャールートの戦い,,,,世界史の窓（章節別用語リスト）,https://www.y-history.net/appendix/appendix-list.html
世界史段階別デッキ｜Deck 3｜主要王朝・人物・制度の穴埋め400語,WH-000912,912,Deck 3｜標準,戦争,アイン＝ジャールートの戦い,あいんじゃーるーとのたたかい,,中世,西アジア,パレスチナ北部・アイン＝ジャールート,1260年,1260,WH-000912-B01,beginner,用語の特定,identify,マムルーク朝軍がモンゴル軍を破り、西方への進出を阻止した戦いは？,アイン＝ジャールートの戦い,アイン＝ジャールートの戦い,,,,世界史の窓（章節別用語リスト）,https://www.y-history.net/appendix/appendix-list.html
世界史段階別デッキ｜Deck 3｜主要王朝・人物・制度の穴埋め400語,WH-000912,912,Deck 3｜標準,戦争,アイン＝ジャールートの戦い,あいんじゃーるーとのたたかい,,中世,西アジア,パレスチナ北部・アイン＝ジャールート,1260年,1260,WH-000912-B02,beginner,時期,time,「アイン＝ジャールートの戦い」が戦われたのはいつ？,1260年,1260年,,,,世界史の窓（章節別用語リスト）,https://www.y-history.net/appendix/appendix-list.html
世界史段階別デッキ｜Deck 3｜主要王朝・人物・制度の穴埋め400語,WH-000912,912,Deck 3｜標準,戦争,アイン＝ジャールートの戦い,あいんじゃーるーとのたたかい,,中世,西アジア,パレスチナ北部・アイン＝ジャールート,1260年,1260,WH-000912-B03,beginner,内容,content,「アイン＝ジャールートの戦い」について、勝利した勢力は？,マムルーク朝,マムルーク朝,,,,世界史の窓（章節別用語リスト）,https://www.y-history.net/appendix/appendix-list.html
世界史段階別デッキ｜Deck 3｜主要王朝・人物・制度の穴埋め400語,WH-000912,912,Deck 3｜標準,戦争,アイン＝ジャールートの戦い,あいんじゃーるーとのたたかい,,中世,西アジア,パレスチナ北部・アイン＝ジャールート,1260年,1260,WH-000912-R01,reverse,複合説明,reverse,何が起きた？,パレスチナ北部・アイン＝ジャールートを主な舞台に、**アイン＝ジャールートの戦い**は、パレスチナで**マムルーク朝**軍がイル＝ハン国成立前のモンゴル軍を破った戦いで、**バイバルス**らが活躍した。モンゴル勢力のエジプト方面への拡大を阻止した転機となった。,アイン＝ジャールートの戦い|マムルーク朝|バイバルス,,,,世界史の窓（章節別用語リスト）,https://www.y-history.net/appendix/appendix-list.html
世界史段階別デッキ｜Deck 3｜主要王朝・人物・制度の穴埋め400語,WH-000912,912,Deck 3｜標準,戦争,アイン＝ジャールートの戦い,あいんじゃーるーとのたたかい,,中世,西アジア,パレスチナ北部・アイン＝ジャールート,1260年,1260,WH-000912-R02,reverse,時期,time,「アイン＝ジャールートの戦い」が戦われたのはいつ？,**1260年**,1260年,,,,世界史の窓（章節別用語リスト）,https://www.y-history.net/appendix/appendix-list.html
世界史段階別デッキ｜Deck 3｜主要王朝・人物・制度の穴埋め400語,WH-000912,912,Deck 3｜標準,戦争,アイン＝ジャールートの戦い,あいんじゃーるーとのたたかい,,中世,西アジア,パレスチナ北部・アイン＝ジャールート,1260年,1260,WH-000912-I01,integrated,統合説明,integrated,「アイン＝ジャールートの戦い」について説明せよ。,**1260年**、パレスチナ北部・アイン＝ジャールートを主な舞台に、**アイン＝ジャールートの戦い**は、パレスチナで**マムルーク朝**軍がイル＝ハン国成立前のモンゴル軍を破った戦いで、**バイバルス**らが活躍した。モンゴル勢力のエジプト方面への拡大を阻止した転機となった。,アイン＝ジャールートの戦い|1260年|マムルーク朝|バイバルス,,,,世界史の窓（章節別用語リスト）,https://www.y-history.net/appendix/appendix-list.html
世界史段階別デッキ｜Deck 3｜主要王朝・人物・制度の穴埋め400語,WH-000927,927,Deck 3｜標準,人物,シモン＝ド＝モンフォール,しもんどもんふぉーる,,中世,ヨーロッパ,イングランド,13世紀,1265,WH-000927-B01,beginner,用語の特定,identify,1265年に騎士と都市代表を加えた議会を招集し、イギリス議会史で重要な役割を果たした貴族は？,シモン＝ド＝モンフォール,シモン＝ド＝モンフォール,,,,世界史の窓（章節別用語リスト）,https://www.y-history.net/appendix/appendix-list.html
世界史段階別デッキ｜Deck 3｜主要王朝・人物・制度の穴埋め400語,WH-000927,927,Deck 3｜標準,人物,シモン＝ド＝モンフォール,しもんどもんふぉーる,,中世,ヨーロッパ,イングランド,13世紀,1265,WH-000927-B02,beginner,時期,time,「シモン＝ド＝モンフォール」が主に活動したのはいつ？,13世紀,13世紀,,,,世界史の窓（章節別用語リスト）,https://www.y-history.net/appendix/appendix-list.html
世界史段階別デッキ｜Deck 3｜主要王朝・人物・制度の穴埋め400語,WH-000927,927,Deck 3｜標準,人物,シモン＝ド＝モンフォール,しもんどもんふぉーる,,中世,ヨーロッパ,イングランド,13世紀,1265,WH-000927-B03,beginner,内容,content,「シモン＝ド＝モンフォール」について、招集したものは？,騎士・都市代表を含む議会,騎士・都市代表を含む議会,,,,世界史の窓（章節別用語リスト）,https://www.y-history.net/appendix/appendix-list.html
世界史段階別デッキ｜Deck 3｜主要王朝・人物・制度の穴埋め400語,WH-000927,927,Deck 3｜標準,人物,シモン＝ド＝モンフォール,しもんどもんふぉーる,,中世,ヨーロッパ,イングランド,13世紀,1265,WH-000927-R01,reverse,複合説明,reverse,何をした？,イングランドを主な舞台に、**シモン＝ド＝モンフォール**は、ヘンリ3世に反抗した貴族で、1265年に聖職者・貴族だけでなく各州の騎士と都市代表を含む**議会**を招集した。後の代表制議会発展の先例となった。,シモン＝ド＝モンフォール|議会,,,1265年：「「ヘンリさん 人に むごい」と 初議会」（1265）シモン=ド=モンフォール、身分制議会の開催。,世界史の窓（章節別用語リスト）,https://www.y-history.net/appendix/appendix-list.html
世界史段階別デッキ｜Deck 3｜主要王朝・人物・制度の穴埋め400語,WH-000927,927,Deck 3｜標準,人物,シモン＝ド＝モンフォール,しもんどもんふぉーる,,中世,ヨーロッパ,イングランド,13世紀,1265,WH-000927-R02,reverse,時期,time,「シモン＝ド＝モンフォール」が主に活動したのはいつ？,**13世紀**,13世紀,,,,世界史の窓（章節別用語リスト）,https://www.y-history.net/appendix/appendix-list.html
世界史段階別デッキ｜Deck 3｜主要王朝・人物・制度の穴埋め400語,WH-000927,927,Deck 3｜標準,人物,シモン＝ド＝モンフォール,しもんどもんふぉーる,,中世,ヨーロッパ,イングランド,13世紀,1265,WH-000927-I01,integrated,統合説明,integrated,「シモン＝ド＝モンフォール」について説明せよ。,**13世紀**、イングランドを主な舞台に、**シモン＝ド＝モンフォール**は、ヘンリ3世に反抗した貴族で、1265年に聖職者・貴族だけでなく各州の騎士と都市代表を含む**議会**を招集した。後の代表制議会発展の先例となった。,シモン＝ド＝モンフォール|13世紀|議会,,,1265年：「「ヘンリさん 人に むごい」と 初議会」（1265）シモン=ド=モンフォール、身分制議会の開催。,世界史の窓（章節別用語リスト）,https://www.y-history.net/appendix/appendix-list.html
世界史段階別デッキ｜Deck 3｜主要王朝・人物・制度の穴埋め400語,WH-000928,928,Deck 3｜標準,制度・政策・法律,イギリス議会,いぎりすぎかい,英国議会,中世,ヨーロッパ,イングランドからイギリス,13世紀以後,1265,WH-000928-B01,beginner,用語の特定,identify,国王への課税承認を基礎に発達し、のち上院・下院の二院制となった代表機関は？,イギリス議会,イギリス議会,英国議会,,,世界史の窓（章節別用語リスト）,https://www.y-history.net/appendix/appendix-list.html
世界史段階別デッキ｜Deck 3｜主要王朝・人物・制度の穴埋め400語,WH-000928,928,Deck 3｜標準,制度・政策・法律,イギリス議会,いぎりすぎかい,英国議会,中世,ヨーロッパ,イングランドからイギリス,13世紀以後,1265,WH-000928-B02,beginner,時期,time,「イギリス議会」が実施・整備されたのはいつ？,13世紀以後,13世紀以後,,,,世界史の窓（章節別用語リスト）,https://www.y-history.net/appendix/appendix-list.html
世界史段階別デッキ｜Deck 3｜主要王朝・人物・制度の穴埋め400語,WH-000928,928,Deck 3｜標準,制度・政策・法律,イギリス議会,いぎりすぎかい,英国議会,中世,ヨーロッパ,イングランドからイギリス,13世紀以後,1265,WH-000928-B03,beginner,内容,content,「イギリス議会」について、成立した二院は？,上院と下院,上院と下院,,,,世界史の窓（章節別用語リスト）,https://www.y-history.net/appendix/appendix-list.html
世界史段階別デッキ｜Deck 3｜主要王朝・人物・制度の穴埋め400語,WH-000928,928,Deck 3｜標準,制度・政策・法律,イギリス議会,いぎりすぎかい,英国議会,中世,ヨーロッパ,イングランドからイギリス,13世紀以後,1265,WH-000928-R01,reverse,複合説明,reverse,どんな制度・政策・法律？,イングランドからイギリスを主な舞台に、**イギリス議会**は、マグナ＝カルタ後、課税への同意を求めて聖職者・貴族・騎士・都市代表が集められ、13世紀に代表制を発達させた。14世紀頃に**上院**・**下院**へ分かれ、17世紀の革命を通じて国王に対する優位を確立した。,イギリス議会|上院|下院,,,,世界史の窓（章節別用語リスト）,https://www.y-history.net/appendix/appendix-list.html
世界史段階別デッキ｜Deck 3｜主要王朝・人物・制度の穴埋め400語,WH-000928,928,Deck 3｜標準,制度・政策・法律,イギリス議会,いぎりすぎかい,英国議会,中世,ヨーロッパ,イングランドからイギリス,13世紀以後,1265,WH-000928-R02,reverse,時期,time,「イギリス議会」が実施・整備されたのはいつ？,**13世紀以後**,13世紀以後,,,,世界史の窓（章節別用語リスト）,https://www.y-history.net/appendix/appendix-list.html
世界史段階別デッキ｜Deck 3｜主要王朝・人物・制度の穴埋め400語,WH-000928,928,Deck 3｜標準,制度・政策・法律,イギリス議会,いぎりすぎかい,英国議会,中世,ヨーロッパ,イングランドからイギリス,13世紀以後,1265,WH-000928-I01,integrated,統合説明,integrated,「イギリス議会」について説明せよ。,**13世紀以後**、イングランドからイギリスを主な舞台に、**イギリス議会**は、マグナ＝カルタ後、課税への同意を求めて聖職者・貴族・騎士・都市代表が集められ、13世紀に代表制を発達させた。14世紀頃に**上院**・**下院**へ分かれ、17世紀の革命を通じて国王に対する優位を確立した。,イギリス議会|13世紀以後|上院|下院,,,,世界史の窓（章節別用語リスト）,https://www.y-history.net/appendix/appendix-list.html
世界史段階別デッキ｜Deck 3｜主要王朝・人物・制度の穴埋め400語,WH-000916,916,Deck 3｜標準,国家・王朝,エチオピア王国,えちおぴあおうこく,エチオピア帝国,中世,アフリカ,エチオピア高原・アフリカ北東部,13世紀後半〜1974年,1270,WH-000916-B01,beginner,用語の特定,identify,ソロモン朝のもとでキリスト教を保ち、19世紀末にイタリア軍を破って独立を維持した国は？,エチオピア王国,エチオピア王国,エチオピア帝国,,,世界史の窓（章節別用語リスト）,https://www.y-history.net/appendix/appendix-list.html
世界史段階別デッキ｜Deck 3｜主要王朝・人物・制度の穴埋め400語,WH-000916,916,Deck 3｜標準,国家・王朝,エチオピア王国,えちおぴあおうこく,エチオピア帝国,中世,アフリカ,エチオピア高原・アフリカ北東部,13世紀後半〜1974年,1270,WH-000916-B02,beginner,時期,time,「エチオピア王国」が存在したのはいつ？,13世紀後半〜1974年,13世紀後半〜1974年,,,,世界史の窓（章節別用語リスト）,https://www.y-history.net/appendix/appendix-list.html
世界史段階別デッキ｜Deck 3｜主要王朝・人物・制度の穴埋め400語,WH-000916,916,Deck 3｜標準,国家・王朝,エチオピア王国,えちおぴあおうこく,エチオピア帝国,中世,アフリカ,エチオピア高原・アフリカ北東部,13世紀後半〜1974年,1270,WH-000916-B03,beginner,内容,content,「エチオピア王国」について、1896年に勝利した戦いは？,アドワの戦い,アドワの戦い,,,,世界史の窓（章節別用語リスト）,https://www.y-history.net/appendix/appendix-list.html
世界史段階別デッキ｜Deck 3｜主要王朝・人物・制度の穴埋め400語,WH-000916,916,Deck 3｜標準,国家・王朝,エチオピア王国,えちおぴあおうこく,エチオピア帝国,中世,アフリカ,エチオピア高原・アフリカ北東部,13世紀後半〜1974年,1270,WH-000916-R01,reverse,複合説明,reverse,何をした？,エチオピア高原・アフリカ北東部を主な舞台に、**エチオピア王国**は、1270年に成立した**ソロモン朝**を中心に、エチオピア正教の伝統を保った国家である。19世紀末にはメネリク2世が**アドワの戦い**でイタリアを破り、列強の分割期にも独立を維持した。,エチオピア王国|ソロモン朝|アドワの戦い,,,,世界史の窓（章節別用語リスト）,https://www.y-history.net/appendix/appendix-list.html
世界史段階別デッキ｜Deck 3｜主要王朝・人物・制度の穴埋め400語,WH-000916,916,Deck 3｜標準,国家・王朝,エチオピア王国,えちおぴあおうこく,エチオピア帝国,中世,アフリカ,エチオピア高原・アフリカ北東部,13世紀後半〜1974年,1270,WH-000916-R02,reverse,時期,time,「エチオピア王国」が存在したのはいつ？,**13世紀後半〜1974年**,13世紀後半〜1974年,,,,世界史の窓（章節別用語リスト）,https://www.y-history.net/appendix/appendix-list.html
世界史段階別デッキ｜Deck 3｜主要王朝・人物・制度の穴埋め400語,WH-000916,916,Deck 3｜標準,国家・王朝,エチオピア王国,えちおぴあおうこく,エチオピア帝国,中世,アフリカ,エチオピア高原・アフリカ北東部,13世紀後半〜1974年,1270,WH-000916-I01,integrated,統合説明,integrated,「エチオピア王国」について説明せよ。,**13世紀後半〜1974年**、エチオピア高原・アフリカ北東部を主な舞台に、**エチオピア王国**は、1270年に成立した**ソロモン朝**を中心に、エチオピア正教の伝統を保った国家である。19世紀末にはメネリク2世が**アドワの戦い**でイタリアを破り、列強の分割期にも独立を維持した。,エチオピア王国|13世紀後半〜1974年|ソロモン朝|アドワの戦い,,,,世界史の窓（章節別用語リスト）,https://www.y-history.net/appendix/appendix-list.html
世界史段階別デッキ｜Deck 3｜主要王朝・人物・制度の穴埋め400語,WH-000876,876,Deck 3｜標準,民族・身分・社会集団,色目人,しきもくじん,,中世,東アジア,元代の中国・中央アジア・西アジア,13〜14世紀,1271,WH-000876-B01,beginner,用語の特定,identify,元の身分秩序でモンゴル人に次ぐ位置に置かれた、中央・西アジア系の人々は？,色目人(しきもくじん),色目人,,,,世界史の窓（章節別用語リスト）,https://www.y-history.net/appendix/appendix-list.html
世界史段階別デッキ｜Deck 3｜主要王朝・人物・制度の穴埋め400語,WH-000876,876,Deck 3｜標準,民族・身分・社会集団,色目人,しきもくじん,,中世,東アジア,元代の中国・中央アジア・西アジア,13〜14世紀,1271,WH-000876-B02,beginner,時期,time,「色目人(しきもくじん)」が使用・展開されたのはいつ？,13〜14世紀,13〜14世紀,,,,世界史の窓（章節別用語リスト）,https://www.y-history.net/appendix/appendix-list.html
世界史段階別デッキ｜Deck 3｜主要王朝・人物・制度の穴埋め400語,WH-000876,876,Deck 3｜標準,民族・身分・社会集団,色目人,しきもくじん,,中世,東アジア,元代の中国・中央アジア・西アジア,13〜14世紀,1271,WH-000876-B03,beginner,関連,relation,「色目人(しきもくじん)」について、元の身分秩序で上位にいた民族は？,モンゴル人,モンゴル人,,,,世界史の窓（章節別用語リスト）,https://www.y-history.net/appendix/appendix-list.html
世界史段階別デッキ｜Deck 3｜主要王朝・人物・制度の穴埋め400語,WH-000876,876,Deck 3｜標準,民族・身分・社会集団,色目人,しきもくじん,,中世,東アジア,元代の中国・中央アジア・西アジア,13〜14世紀,1271,WH-000876-R01,reverse,複合説明,reverse,どんな人々・集団？,元代の中国・中央アジア・西アジアを主な舞台に、**色目人(しきもくじん)**は、元朝が中央・西アジアから登用した人々の総称で、**モンゴル人**に次ぐ身分に置かれ、行政・財政・商業で活躍した。その下に漢人・南人が位置付けられた。,色目人|モンゴル人,,,,世界史の窓（章節別用語リスト）,https://www.y-history.net/appendix/appendix-list.html
世界史段階別デッキ｜Deck 3｜主要王朝・人物・制度の穴埋め400語,WH-000876,876,Deck 3｜標準,民族・身分・社会集団,色目人,しきもくじん,,中世,東アジア,元代の中国・中央アジア・西アジア,13〜14世紀,1271,WH-000876-R02,reverse,時期,time,「色目人(しきもくじん)」が使用・展開されたのはいつ？,**13〜14世紀**,13〜14世紀,,,,世界史の窓（章節別用語リスト）,https://www.y-history.net/appendix/appendix-list.html
世界史段階別デッキ｜Deck 3｜主要王朝・人物・制度の穴埋め400語,WH-000876,876,Deck 3｜標準,民族・身分・社会集団,色目人,しきもくじん,,中世,東アジア,元代の中国・中央アジア・西アジア,13〜14世紀,1271,WH-000876-I01,integrated,統合説明,integrated,「色目人(しきもくじん)」について説明せよ。,**13〜14世紀**、元代の中国・中央アジア・西アジアを主な舞台に、**色目人(しきもくじん)**は、元朝が中央・西アジアから登用した人々の総称で、**モンゴル人**に次ぐ身分に置かれ、行政・財政・商業で活躍した。その下に漢人・南人が位置付けられた。,色目人|13〜14世紀|モンゴル人,,,,世界史の窓（章節別用語リスト）,https://www.y-history.net/appendix/appendix-list.html
世界史段階別デッキ｜Deck 3｜主要王朝・人物・制度の穴埋め400語,WH-000880,880,Deck 3｜標準,人物,マルコ＝ポーロ,まるこぽーろ,,中世,複数地域,ヴェネツィアから中央アジア・元の中国,1254〜1324年,1271,WH-000880-B01,beginner,用語の特定,identify,元の中国を訪れたとされ、帰国後の口述が『世界の記述』にまとめられたヴェネツィア商人は？,マルコ＝ポーロ,マルコ＝ポーロ,,,,世界史の窓（章節別用語リスト）,https://www.y-history.net/appendix/appendix-list.html
世界史段階別デッキ｜Deck 3｜主要王朝・人物・制度の穴埋め400語,WH-000880,880,Deck 3｜標準,人物,マルコ＝ポーロ,まるこぽーろ,,中世,複数地域,ヴェネツィアから中央アジア・元の中国,1254〜1324年,1271,WH-000880-B02,beginner,時期,time,「マルコ＝ポーロ」が主に活動したのはいつ？,1254〜1324年,1254〜1324年,,,,世界史の窓（章節別用語リスト）,https://www.y-history.net/appendix/appendix-list.html
世界史段階別デッキ｜Deck 3｜主要王朝・人物・制度の穴埋め400語,WH-000880,880,Deck 3｜標準,人物,マルコ＝ポーロ,まるこぽーろ,,中世,複数地域,ヴェネツィアから中央アジア・元の中国,1254〜1324年,1271,WH-000880-B03,beginner,内容,content,「マルコ＝ポーロ」について、旅行記の名称は？,『世界の記述』,世界の記述,,,,世界史の窓（章節別用語リスト）,https://www.y-history.net/appendix/appendix-list.html
世界史段階別デッキ｜Deck 3｜主要王朝・人物・制度の穴埋め400語,WH-000880,880,Deck 3｜標準,人物,マルコ＝ポーロ,まるこぽーろ,,中世,複数地域,ヴェネツィアから中央アジア・元の中国,1254〜1324年,1271,WH-000880-R01,reverse,複合説明,reverse,何をした？,ヴェネツィアから中央アジア・元の中国を主な舞台に、**マルコ＝ポーロ**は、ヴェネツィア商人で、中央アジアを経て**元**の中国を訪れ、フビライに仕えたとされる。帰国後の口述が**『世界の記述』**にまとめられ、ヨーロッパ人のアジア認識を広げた。,マルコ＝ポーロ|元|世界の記述,,,,世界史の窓（章節別用語リスト）,https://www.y-history.net/appendix/appendix-list.html
世界史段階別デッキ｜Deck 3｜主要王朝・人物・制度の穴埋め400語,WH-000880,880,Deck 3｜標準,人物,マルコ＝ポーロ,まるこぽーろ,,中世,複数地域,ヴェネツィアから中央アジア・元の中国,1254〜1324年,1271,WH-000880-R02,reverse,時期,time,「マルコ＝ポーロ」が主に活動したのはいつ？,**1254〜1324年**,1254〜1324年,,,,世界史の窓（章節別用語リスト）,https://www.y-history.net/appendix/appendix-list.html
世界史段階別デッキ｜Deck 3｜主要王朝・人物・制度の穴埋め400語,WH-000880,880,Deck 3｜標準,人物,マルコ＝ポーロ,まるこぽーろ,,中世,複数地域,ヴェネツィアから中央アジア・元の中国,1254〜1324年,1271,WH-000880-I01,integrated,統合説明,integrated,「マルコ＝ポーロ」について説明せよ。,**1254〜1324年**、ヴェネツィアから中央アジア・元の中国を主な舞台に、**マルコ＝ポーロ**は、ヴェネツィア商人で、中央アジアを経て**元**の中国を訪れ、フビライに仕えたとされる。帰国後の口述が**『世界の記述』**にまとめられ、ヨーロッパ人のアジア認識を広げた。,マルコ＝ポーロ|1254〜1324年|元|世界の記述,,,,世界史の窓（章節別用語リスト）,https://www.y-history.net/appendix/appendix-list.html
世界史段階別デッキ｜Deck 3｜主要王朝・人物・制度の穴埋め400語,WH-000861,861,Deck 3｜標準,国家・王朝,マジャパヒト王国,まじゃぱひとおうこく,,中世,東南アジア,ジャワ島東部からインドネシア諸島,1293〜16世紀初頭,1293,WH-000861-B01,beginner,用語の特定,identify,ジャワ島東部に成立し、ガジャ＝マダの時代にインドネシア海域へ勢力を広げた王国は？,マジャパヒト王国,マジャパヒト王国,,,,世界史の窓（章節別用語リスト）,https://www.y-history.net/appendix/appendix-list.html
世界史段階別デッキ｜Deck 3｜主要王朝・人物・制度の穴埋め400語,WH-000861,861,Deck 3｜標準,国家・王朝,マジャパヒト王国,まじゃぱひとおうこく,,中世,東南アジア,ジャワ島東部からインドネシア諸島,1293〜16世紀初頭,1293,WH-000861-B02,beginner,時期,time,「マジャパヒト王国」が存在したのはいつ？,1293〜16世紀初頭,1293〜16世紀初頭,,,,世界史の窓（章節別用語リスト）,https://www.y-history.net/appendix/appendix-list.html
世界史段階別デッキ｜Deck 3｜主要王朝・人物・制度の穴埋め400語,WH-000861,861,Deck 3｜標準,国家・王朝,マジャパヒト王国,まじゃぱひとおうこく,,中世,東南アジア,ジャワ島東部からインドネシア諸島,1293〜16世紀初頭,1293,WH-000861-B03,beginner,中心人物,person,「マジャパヒト王国」について、最盛期を支えた宰相は？,ガジャ＝マダ,ガジャ＝マダ,,,,世界史の窓（章節別用語リスト）,https://www.y-history.net/appendix/appendix-list.html
世界史段階別デッキ｜Deck 3｜主要王朝・人物・制度の穴埋め400語,WH-000861,861,Deck 3｜標準,国家・王朝,マジャパヒト王国,まじゃぱひとおうこく,,中世,東南アジア,ジャワ島東部からインドネシア諸島,1293〜16世紀初頭,1293,WH-000861-R01,reverse,複合説明,reverse,何をした？,ジャワ島東部からインドネシア諸島を主な舞台に、**マジャパヒト王国**は、ジャワ島東部に成立したヒンドゥー・仏教系王国で、宰相**ガジャ＝マダ**の時代に海上交易を背景としてインドネシア諸島へ広く影響力を及ぼした。イスラーム勢力の成長で衰退した。,マジャパヒト王国|ガジャ＝マダ,,,,世界史の窓（章節別用語リスト）,https://www.y-history.net/appendix/appendix-list.html
世界史段階別デッキ｜Deck 3｜主要王朝・人物・制度の穴埋め400語,WH-000861,861,Deck 3｜標準,国家・王朝,マジャパヒト王国,まじゃぱひとおうこく,,中世,東南アジア,ジャワ島東部からインドネシア諸島,1293〜16世紀初頭,1293,WH-000861-R02,reverse,時期,time,「マジャパヒト王国」が存在したのはいつ？,**1293〜16世紀初頭**,1293〜16世紀初頭,,,,世界史の窓（章節別用語リスト）,https://www.y-history.net/appendix/appendix-list.html
世界史段階別デッキ｜Deck 3｜主要王朝・人物・制度の穴埋め400語,WH-000861,861,Deck 3｜標準,国家・王朝,マジャパヒト王国,まじゃぱひとおうこく,,中世,東南アジア,ジャワ島東部からインドネシア諸島,1293〜16世紀初頭,1293,WH-000861-I01,integrated,統合説明,integrated,「マジャパヒト王国」について説明せよ。,**1293〜16世紀初頭**、ジャワ島東部からインドネシア諸島を主な舞台に、**マジャパヒト王国**は、ジャワ島東部に成立したヒンドゥー・仏教系王国で、宰相**ガジャ＝マダ**の時代に海上交易を背景としてインドネシア諸島へ広く影響力を及ぼした。イスラーム勢力の成長で衰退した。,マジャパヒト王国|1293〜16世紀初頭|ガジャ＝マダ,,,,世界史の窓（章節別用語リスト）,https://www.y-history.net/appendix/appendix-list.html
世界史段階別デッキ｜Deck 3｜主要王朝・人物・制度の穴埋め400語,WH-000881,881,Deck 3｜標準,文書・作品,世界の記述,せかいのきじゅつ,東方見聞録|マルコ＝ポーロ旅行記,中世,複数地域,ヨーロッパから中央アジア・元の中国・インド洋,13世紀末,1298,WH-000881-B01,beginner,用語の特定,identify,マルコ＝ポーロのアジア旅行の口述をまとめ、ヨーロッパの東方関心を高めた旅行記は？,世界の記述,世界の記述,東方見聞録|マルコ＝ポーロ旅行記,,,世界史の窓（章節別用語リスト）,https://www.y-history.net/appendix/appendix-list.html
世界史段階別デッキ｜Deck 3｜主要王朝・人物・制度の穴埋め400語,WH-000881,881,Deck 3｜標準,文書・作品,世界の記述,せかいのきじゅつ,東方見聞録|マルコ＝ポーロ旅行記,中世,複数地域,ヨーロッパから中央アジア・元の中国・インド洋,13世紀末,1298,WH-000881-B02,beginner,時期,time,「世界の記述」が成立・発表されたのはいつ？,13世紀末,13世紀末,,,,世界史の窓（章節別用語リスト）,https://www.y-history.net/appendix/appendix-list.html
世界史段階別デッキ｜Deck 3｜主要王朝・人物・制度の穴埋め400語,WH-000881,881,Deck 3｜標準,文書・作品,世界の記述,せかいのきじゅつ,東方見聞録|マルコ＝ポーロ旅行記,中世,複数地域,ヨーロッパから中央アジア・元の中国・インド洋,13世紀末,1298,WH-000881-B03,beginner,内容,content,「世界の記述」について、口述した旅行者は？,マルコ＝ポーロ,マルコ＝ポーロ,,,,世界史の窓（章節別用語リスト）,https://www.y-history.net/appendix/appendix-list.html
世界史段階別デッキ｜Deck 3｜主要王朝・人物・制度の穴埋め400語,WH-000881,881,Deck 3｜標準,文書・作品,世界の記述,せかいのきじゅつ,東方見聞録|マルコ＝ポーロ旅行記,中世,複数地域,ヨーロッパから中央アジア・元の中国・インド洋,13世紀末,1298,WH-000881-R01,reverse,複合説明,reverse,何が書かれている？,ヨーロッパから中央アジア・元の中国・インド洋を主な舞台に、**世界の記述**は、**マルコ＝ポーロ**の旅行体験をルスティケロが記録したとされる旅行記で、元の中国やアジア諸地域の富・都市・交易を紹介した。ヨーロッパの東方への関心を高め、大航海時代にも影響した。,世界の記述|マルコ＝ポーロ,,,,世界史の窓（章節別用語リスト）,https://www.y-history.net/appendix/appendix-list.html
世界史段階別デッキ｜Deck 3｜主要王朝・人物・制度の穴埋め400語,WH-000881,881,Deck 3｜標準,文書・作品,世界の記述,せかいのきじゅつ,東方見聞録|マルコ＝ポーロ旅行記,中世,複数地域,ヨーロッパから中央アジア・元の中国・インド洋,13世紀末,1298,WH-000881-R02,reverse,時期,time,「世界の記述」が成立・発表されたのはいつ？,**13世紀末**,13世紀末,,,,世界史の窓（章節別用語リスト）,https://www.y-history.net/appendix/appendix-list.html
世界史段階別デッキ｜Deck 3｜主要王朝・人物・制度の穴埋め400語,WH-000881,881,Deck 3｜標準,文書・作品,世界の記述,せかいのきじゅつ,東方見聞録|マルコ＝ポーロ旅行記,中世,複数地域,ヨーロッパから中央アジア・元の中国・インド洋,13世紀末,1298,WH-000881-I01,integrated,統合説明,integrated,「世界の記述」について説明せよ。,**13世紀末**、ヨーロッパから中央アジア・元の中国・インド洋を主な舞台に、**世界の記述**は、**マルコ＝ポーロ**の旅行体験をルスティケロが記録したとされる旅行記で、元の中国やアジア諸地域の富・都市・交易を紹介した。ヨーロッパの東方への関心を高め、大航海時代にも影響した。,世界の記述|13世紀末|マルコ＝ポーロ,,,,世界史の窓（章節別用語リスト）,https://www.y-history.net/appendix/appendix-list.html
世界史段階別デッキ｜Deck 3｜主要王朝・人物・制度の穴埋め400語,WH-000986,986,Deck 3｜標準,人物,オスマン1世,おすまんいっせい,オスマン＝ベイ,中世,西アジア,アナトリア北西部,13世紀末〜14世紀初頭,1299,WH-000986-B01,beginner,用語の特定,identify,アナトリア北西部で小国家を築き、オスマン帝国の祖となったトルコ系首長は？,オスマン1世,オスマン1世,オスマン＝ベイ,,,世界史の窓（章節別用語リスト）,https://www.y-history.net/appendix/appendix-list.html
世界史段階別デッキ｜Deck 3｜主要王朝・人物・制度の穴埋め400語,WH-000986,986,Deck 3｜標準,人物,オスマン1世,おすまんいっせい,オスマン＝ベイ,中世,西アジア,アナトリア北西部,13世紀末〜14世紀初頭,1299,WH-000986-B02,beginner,時期,time,「オスマン1世」が主に活動したのはいつ？,13世紀末〜14世紀初頭,13世紀末〜14世紀初頭,,,,世界史の窓（章節別用語リスト）,https://www.y-history.net/appendix/appendix-list.html
世界史段階別デッキ｜Deck 3｜主要王朝・人物・制度の穴埋め400語,WH-000986,986,Deck 3｜標準,人物,オスマン1世,おすまんいっせい,オスマン＝ベイ,中世,西アジア,アナトリア北西部,13世紀末〜14世紀初頭,1299,WH-000986-B03,beginner,関連,relation,「オスマン1世」について、建てた国家は？,オスマン帝国,オスマン帝国,,,,世界史の窓（章節別用語リスト）,https://www.y-history.net/appendix/appendix-list.html
世界史段階別デッキ｜Deck 3｜主要王朝・人物・制度の穴埋め400語,WH-000986,986,Deck 3｜標準,人物,オスマン1世,おすまんいっせい,オスマン＝ベイ,中世,西アジア,アナトリア北西部,13世紀末〜14世紀初頭,1299,WH-000986-R01,reverse,複合説明,reverse,何をした？,アナトリア北西部を主な舞台に、**オスマン1世**は、ルーム＝セルジューク朝衰退後のアナトリア北西部で、ビザンツ辺境へ進出するトルコ系侯国を築いた。その名から王朝は**オスマン朝**と呼ばれ、後の大帝国へ成長した。,オスマン1世|オスマン朝,,,,世界史の窓（章節別用語リスト）,https://www.y-history.net/appendix/appendix-list.html
世界史段階別デッキ｜Deck 3｜主要王朝・人物・制度の穴埋め400語,WH-000986,986,Deck 3｜標準,人物,オスマン1世,おすまんいっせい,オスマン＝ベイ,中世,西アジア,アナトリア北西部,13世紀末〜14世紀初頭,1299,WH-000986-R02,reverse,時期,time,「オスマン1世」が主に活動したのはいつ？,**13世紀末〜14世紀初頭**,13世紀末〜14世紀初頭,,,,世界史の窓（章節別用語リスト）,https://www.y-history.net/appendix/appendix-list.html
世界史段階別デッキ｜Deck 3｜主要王朝・人物・制度の穴埋め400語,WH-000986,986,Deck 3｜標準,人物,オスマン1世,おすまんいっせい,オスマン＝ベイ,中世,西アジア,アナトリア北西部,13世紀末〜14世紀初頭,1299,WH-000986-I01,integrated,統合説明,integrated,「オスマン1世」について説明せよ。,**13世紀末〜14世紀初頭**、アナトリア北西部を主な舞台に、**オスマン1世**は、ルーム＝セルジューク朝衰退後のアナトリア北西部で、ビザンツ辺境へ進出するトルコ系侯国を築いた。その名から王朝は**オスマン朝**と呼ばれ、後の大帝国へ成長した。,オスマン1世|13世紀末〜14世紀初頭|オスマン朝,,,,世界史の窓（章節別用語リスト）,https://www.y-history.net/appendix/appendix-list.html
世界史段階別デッキ｜Deck 3｜主要王朝・人物・制度の穴埋め400語,WH-000850,850,Deck 3｜標準,国家・王朝,ヴィジャヤナガル王国,ゔぃじゃやながるおうこく,,中世,南アジア,南インド・デカン高原南部・ハンピ,1336〜1646年,1336,WH-000850-B01,beginner,用語の特定,identify,デリー＝スルタン朝の南進に対抗して南インドに成立し、バフマニー朝と争ったヒンドゥー王国は？,ヴィジャヤナガル王国,ヴィジャヤナガル王国,,,,世界史の窓（章節別用語リスト）,https://www.y-history.net/appendix/appendix-list.html
世界史段階別デッキ｜Deck 3｜主要王朝・人物・制度の穴埋め400語,WH-000850,850,Deck 3｜標準,国家・王朝,ヴィジャヤナガル王国,ゔぃじゃやながるおうこく,,中世,南アジア,南インド・デカン高原南部・ハンピ,1336〜1646年,1336,WH-000850-B02,beginner,時期,time,「ヴィジャヤナガル王国」が存在したのはいつ？,1336〜1646年,1336〜1646年,,,,世界史の窓（章節別用語リスト）,https://www.y-history.net/appendix/appendix-list.html
世界史段階別デッキ｜Deck 3｜主要王朝・人物・制度の穴埋め400語,WH-000850,850,Deck 3｜標準,国家・王朝,ヴィジャヤナガル王国,ゔぃじゃやながるおうこく,,中世,南アジア,南インド・デカン高原南部・ハンピ,1336〜1646年,1336,WH-000850-B03,beginner,関連,relation,「ヴィジャヤナガル王国」について、主な対立相手は？,バフマニー朝,バフマニー朝,,,,世界史の窓（章節別用語リスト）,https://www.y-history.net/appendix/appendix-list.html
世界史段階別デッキ｜Deck 3｜主要王朝・人物・制度の穴埋め400語,WH-000850,850,Deck 3｜標準,国家・王朝,ヴィジャヤナガル王国,ゔぃじゃやながるおうこく,,中世,南アジア,南インド・デカン高原南部・ハンピ,1336〜1646年,1336,WH-000850-R01,reverse,複合説明,reverse,何をした？,南インド・デカン高原南部・ハンピを主な舞台に、**ヴィジャヤナガル王国**は、デリー＝スルタン朝の南進に対抗して南インドに成立したヒンドゥー王国で、都ヴィジャヤナガルは大商業都市として栄えた。デカン高原の**バフマニー朝**と争い、1565年のターリコータの戦いで大打撃を受けた。,ヴィジャヤナガル王国|バフマニー朝,,,,世界史の窓（章節別用語リスト）,https://www.y-history.net/appendix/appendix-list.html
世界史段階別デッキ｜Deck 3｜主要王朝・人物・制度の穴埋め400語,WH-000850,850,Deck 3｜標準,国家・王朝,ヴィジャヤナガル王国,ゔぃじゃやながるおうこく,,中世,南アジア,南インド・デカン高原南部・ハンピ,1336〜1646年,1336,WH-000850-R02,reverse,時期,time,「ヴィジャヤナガル王国」が存在したのはいつ？,**1336〜1646年**,1336〜1646年,,,,世界史の窓（章節別用語リスト）,https://www.y-history.net/appendix/appendix-list.html
世界史段階別デッキ｜Deck 3｜主要王朝・人物・制度の穴埋め400語,WH-000850,850,Deck 3｜標準,国家・王朝,ヴィジャヤナガル王国,ゔぃじゃやながるおうこく,,中世,南アジア,南インド・デカン高原南部・ハンピ,1336〜1646年,1336,WH-000850-I01,integrated,統合説明,integrated,「ヴィジャヤナガル王国」について説明せよ。,**1336〜1646年**、南インド・デカン高原南部・ハンピを主な舞台に、**ヴィジャヤナガル王国**は、デリー＝スルタン朝の南進に対抗して南インドに成立したヒンドゥー王国で、都ヴィジャヤナガルは大商業都市として栄えた。デカン高原の**バフマニー朝**と争い、1565年のターリコータの戦いで大打撃を受けた。,ヴィジャヤナガル王国|1336〜1646年|バフマニー朝,,,,世界史の窓（章節別用語リスト）,https://www.y-history.net/appendix/appendix-list.html
世界史段階別デッキ｜Deck 3｜主要王朝・人物・制度の穴埋め400語,WH-000851,851,Deck 3｜標準,国家・王朝,バフマニー朝,ばふまにーちょう,,中世,南アジア,インドのデカン高原,1347〜1527年,1347,WH-000851-B01,beginner,用語の特定,identify,デカン高原に成立し、南インドのヴィジャヤナガル王国と抗争したイスラーム王朝は？,バフマニー朝,バフマニー朝,,,,世界史の窓（章節別用語リスト）,https://www.y-history.net/appendix/appendix-list.html
世界史段階別デッキ｜Deck 3｜主要王朝・人物・制度の穴埋め400語,WH-000851,851,Deck 3｜標準,国家・王朝,バフマニー朝,ばふまにーちょう,,中世,南アジア,インドのデカン高原,1347〜1527年,1347,WH-000851-B02,beginner,時期,time,「バフマニー朝」が存在したのはいつ？,1347〜1527年,1347〜1527年,,,,世界史の窓（章節別用語リスト）,https://www.y-history.net/appendix/appendix-list.html
世界史段階別デッキ｜Deck 3｜主要王朝・人物・制度の穴埋め400語,WH-000851,851,Deck 3｜標準,国家・王朝,バフマニー朝,ばふまにーちょう,,中世,南アジア,インドのデカン高原,1347〜1527年,1347,WH-000851-B03,beginner,関連,relation,「バフマニー朝」について、主な対立相手は？,ヴィジャヤナガル王国,ヴィジャヤナガル王国,,,,世界史の窓（章節別用語リスト）,https://www.y-history.net/appendix/appendix-list.html
世界史段階別デッキ｜Deck 3｜主要王朝・人物・制度の穴埋め400語,WH-000851,851,Deck 3｜標準,国家・王朝,バフマニー朝,ばふまにーちょう,,中世,南アジア,インドのデカン高原,1347〜1527年,1347,WH-000851-R01,reverse,複合説明,reverse,何をした？,インドのデカン高原を主な舞台に、**バフマニー朝**は、デリー＝スルタン朝から自立してデカン高原に成立したイスラーム王朝で、南の**ヴィジャヤナガル王国**と抗争した。のちに分裂し、ビジャープルなどのデカン諸王国が成立した。,バフマニー朝|ヴィジャヤナガル王国,,,,世界史の窓（章節別用語リスト）,https://www.y-history.net/appendix/appendix-list.html
世界史段階別デッキ｜Deck 3｜主要王朝・人物・制度の穴埋め400語,WH-000851,851,Deck 3｜標準,国家・王朝,バフマニー朝,ばふまにーちょう,,中世,南アジア,インドのデカン高原,1347〜1527年,1347,WH-000851-R02,reverse,時期,time,「バフマニー朝」が存在したのはいつ？,**1347〜1527年**,1347〜1527年,,,,世界史の窓（章節別用語リスト）,https://www.y-history.net/appendix/appendix-list.html
世界史段階別デッキ｜Deck 3｜主要王朝・人物・制度の穴埋め400語,WH-000851,851,Deck 3｜標準,国家・王朝,バフマニー朝,ばふまにーちょう,,中世,南アジア,インドのデカン高原,1347〜1527年,1347,WH-000851-I01,integrated,統合説明,integrated,「バフマニー朝」について説明せよ。,**1347〜1527年**、インドのデカン高原を主な舞台に、**バフマニー朝**は、デリー＝スルタン朝から自立してデカン高原に成立したイスラーム王朝で、南の**ヴィジャヤナガル王国**と抗争した。のちに分裂し、ビジャープルなどのデカン諸王国が成立した。,バフマニー朝|1347〜1527年|ヴィジャヤナガル王国,,,,世界史の窓（章節別用語リスト）,https://www.y-history.net/appendix/appendix-list.html
世界史段階別デッキ｜Deck 3｜主要王朝・人物・制度の穴埋め400語,WH-000884,884,Deck 3｜標準,民族・身分・社会集団,倭寇,わこう,,中世,東アジア,朝鮮半島・中国沿岸・東シナ海,14〜16世紀,1350,WH-000884-B01,beginner,用語の特定,identify,中世末から近世初めに朝鮮・中国沿岸で略奪や密貿易を行った海上勢力は？,倭寇(わこう),倭寇,,,,世界史の窓（章節別用語リスト）,https://www.y-history.net/appendix/appendix-list.html
世界史段階別デッキ｜Deck 3｜主要王朝・人物・制度の穴埋め400語,WH-000884,884,Deck 3｜標準,民族・身分・社会集団,倭寇,わこう,,中世,東アジア,朝鮮半島・中国沿岸・東シナ海,14〜16世紀,1350,WH-000884-B02,beginner,時期,time,「倭寇(わこう)」が使用・展開されたのはいつ？,14〜16世紀,14〜16世紀,,,,世界史の窓（章節別用語リスト）,https://www.y-history.net/appendix/appendix-list.html
世界史段階別デッキ｜Deck 3｜主要王朝・人物・制度の穴埋め400語,WH-000884,884,Deck 3｜標準,民族・身分・社会集団,倭寇,わこう,,中世,東アジア,朝鮮半島・中国沿岸・東シナ海,14〜16世紀,1350,WH-000884-B03,beginner,内容,content,「倭寇(わこう)」について、16世紀の構成で多かったのは？,中国人の密貿易商人,中国人の密貿易商人,,,,世界史の窓（章節別用語リスト）,https://www.y-history.net/appendix/appendix-list.html
世界史段階別デッキ｜Deck 3｜主要王朝・人物・制度の穴埋め400語,WH-000884,884,Deck 3｜標準,民族・身分・社会集団,倭寇,わこう,,中世,東アジア,朝鮮半島・中国沿岸・東シナ海,14〜16世紀,1350,WH-000884-R01,reverse,複合説明,reverse,どんな人々・集団？,朝鮮半島・中国沿岸・東シナ海を主な舞台に、**倭寇(わこう)**は、東シナ海沿岸で略奪・密貿易を行った海上勢力で、前期には日本人集団、16世紀の後期には中国人商人や多国籍集団が多かった。明の**海禁(かいきん)**政策と結び付き、沿岸社会を混乱させた。,倭寇|海禁,,,,世界史の窓（章節別用語リスト）,https://www.y-history.net/appendix/appendix-list.html
世界史段階別デッキ｜Deck 3｜主要王朝・人物・制度の穴埋め400語,WH-000884,884,Deck 3｜標準,民族・身分・社会集団,倭寇,わこう,,中世,東アジア,朝鮮半島・中国沿岸・東シナ海,14〜16世紀,1350,WH-000884-R02,reverse,時期,time,「倭寇(わこう)」が使用・展開されたのはいつ？,**14〜16世紀**,14〜16世紀,,,,世界史の窓（章節別用語リスト）,https://www.y-history.net/appendix/appendix-list.html
世界史段階別デッキ｜Deck 3｜主要王朝・人物・制度の穴埋め400語,WH-000884,884,Deck 3｜標準,民族・身分・社会集団,倭寇,わこう,,中世,東アジア,朝鮮半島・中国沿岸・東シナ海,14〜16世紀,1350,WH-000884-I01,integrated,統合説明,integrated,「倭寇(わこう)」について説明せよ。,**14〜16世紀**、朝鮮半島・中国沿岸・東シナ海を主な舞台に、**倭寇(わこう)**は、東シナ海沿岸で略奪・密貿易を行った海上勢力で、前期には日本人集団、16世紀の後期には中国人商人や多国籍集団が多かった。明の**海禁(かいきん)**政策と結び付き、沿岸社会を混乱させた。,倭寇|14〜16世紀|海禁,,,,世界史の窓（章節別用語リスト）,https://www.y-history.net/appendix/appendix-list.html
世界史段階別デッキ｜Deck 3｜主要王朝・人物・制度の穴埋め400語,WH-000862,862,Deck 3｜標準,国家・王朝,アユタヤ朝,あゆたやちょう,,中世,東南アジア,チャオプラヤ川流域・タイ中部,1351〜1767年,1351,WH-000862-B01,beginner,用語の特定,identify,チャオプラヤ川流域に成立し、国際貿易都市アユタヤを都としたタイの王朝は？,アユタヤ朝,アユタヤ朝,,,,世界史の窓（章節別用語リスト）,https://www.y-history.net/appendix/appendix-list.html
世界史段階別デッキ｜Deck 3｜主要王朝・人物・制度の穴埋め400語,WH-000862,862,Deck 3｜標準,国家・王朝,アユタヤ朝,あゆたやちょう,,中世,東南アジア,チャオプラヤ川流域・タイ中部,1351〜1767年,1351,WH-000862-B02,beginner,時期,time,「アユタヤ朝」が存在したのはいつ？,1351〜1767年,1351〜1767年,,,,世界史の窓（章節別用語リスト）,https://www.y-history.net/appendix/appendix-list.html
世界史段階別デッキ｜Deck 3｜主要王朝・人物・制度の穴埋め400語,WH-000862,862,Deck 3｜標準,国家・王朝,アユタヤ朝,あゆたやちょう,,中世,東南アジア,チャオプラヤ川流域・タイ中部,1351〜1767年,1351,WH-000862-B03,beginner,内容,content,「アユタヤ朝」について、滅ぼした勢力は？,ビルマのコンバウン朝,ビルマのコンバウン朝,,,,世界史の窓（章節別用語リスト）,https://www.y-history.net/appendix/appendix-list.html
世界史段階別デッキ｜Deck 3｜主要王朝・人物・制度の穴埋め400語,WH-000862,862,Deck 3｜標準,国家・王朝,アユタヤ朝,あゆたやちょう,,中世,東南アジア,チャオプラヤ川流域・タイ中部,1351〜1767年,1351,WH-000862-R01,reverse,複合説明,reverse,何をした？,チャオプラヤ川流域・タイ中部を主な舞台に、**アユタヤ朝**は、タイ中部のアユタヤを都に、米作と中国・日本・ヨーロッパを結ぶ国際交易で繁栄した。1767年にビルマの**コンバウン朝**に都を破壊されて滅亡した。,アユタヤ朝|コンバウン朝,,,,世界史の窓（章節別用語リスト）,https://www.y-history.net/appendix/appendix-list.html
世界史段階別デッキ｜Deck 3｜主要王朝・人物・制度の穴埋め400語,WH-000862,862,Deck 3｜標準,国家・王朝,アユタヤ朝,あゆたやちょう,,中世,東南アジア,チャオプラヤ川流域・タイ中部,1351〜1767年,1351,WH-000862-R02,reverse,時期,time,「アユタヤ朝」が存在したのはいつ？,**1351〜1767年**,1351〜1767年,,,,世界史の窓（章節別用語リスト）,https://www.y-history.net/appendix/appendix-list.html
世界史段階別デッキ｜Deck 3｜主要王朝・人物・制度の穴埋め400語,WH-000862,862,Deck 3｜標準,国家・王朝,アユタヤ朝,あゆたやちょう,,中世,東南アジア,チャオプラヤ川流域・タイ中部,1351〜1767年,1351,WH-000862-I01,integrated,統合説明,integrated,「アユタヤ朝」について説明せよ。,**1351〜1767年**、チャオプラヤ川流域・タイ中部を主な舞台に、**アユタヤ朝**は、タイ中部のアユタヤを都に、米作と中国・日本・ヨーロッパを結ぶ国際交易で繁栄した。1767年にビルマの**コンバウン朝**に都を破壊されて滅亡した。,アユタヤ朝|1351〜1767年|コンバウン朝,,,,世界史の窓（章節別用語リスト）,https://www.y-history.net/appendix/appendix-list.html
世界史段階別デッキ｜Deck 3｜主要王朝・人物・制度の穴埋め400語,WH-000882,882,Deck 3｜標準,制度・政策・法律,海禁,かいきん,,中世,東アジア,明・清初期の中国沿岸,14〜17世紀を中心,1371,WH-000882-B01,beginner,用語の特定,identify,明や清初期に民間の海外渡航・貿易を制限し、朝貢貿易(ちょうこうぼうえき)を原則とした政策は？,海禁(かいきん),海禁,,,,世界史の窓（章節別用語リスト）,https://www.y-history.net/appendix/appendix-list.html
世界史段階別デッキ｜Deck 3｜主要王朝・人物・制度の穴埋め400語,WH-000882,882,Deck 3｜標準,制度・政策・法律,海禁,かいきん,,中世,東アジア,明・清初期の中国沿岸,14〜17世紀を中心,1371,WH-000882-B02,beginner,時期,time,「海禁(かいきん)」が実施・整備されたのはいつ？,14〜17世紀を中心,14〜17世紀を中心,,,,世界史の窓（章節別用語リスト）,https://www.y-history.net/appendix/appendix-list.html
世界史段階別デッキ｜Deck 3｜主要王朝・人物・制度の穴埋め400語,WH-000882,882,Deck 3｜標準,制度・政策・法律,海禁,かいきん,,中世,東アジア,明・清初期の中国沿岸,14〜17世紀を中心,1371,WH-000882-B03,beginner,内容,content,「海禁(かいきん)」について、公認された対外交易の基本形は？,朝貢貿易(ちょうこうぼうえき),朝貢貿易,,,,世界史の窓（章節別用語リスト）,https://www.y-history.net/appendix/appendix-list.html
世界史段階別デッキ｜Deck 3｜主要王朝・人物・制度の穴埋め400語,WH-000882,882,Deck 3｜標準,制度・政策・法律,海禁,かいきん,,中世,東アジア,明・清初期の中国沿岸,14〜17世紀を中心,1371,WH-000882-R01,reverse,複合説明,reverse,どんな制度・政策・法律？,明・清初期の中国沿岸を主な舞台に、**海禁(かいきん)**は、明や清初期が沿岸治安・密貿易・**倭寇(わこう)**対策のため、民間の海外渡航や貿易を制限した政策である。対外交易を原則として**朝貢貿易(ちょうこうぼうえき)**に統制したが、密貿易をかえって促す面もあった。,海禁|倭寇|朝貢貿易,,,,世界史の窓（章節別用語リスト）,https://www.y-history.net/appendix/appendix-list.html
世界史段階別デッキ｜Deck 3｜主要王朝・人物・制度の穴埋め400語,WH-000882,882,Deck 3｜標準,制度・政策・法律,海禁,かいきん,,中世,東アジア,明・清初期の中国沿岸,14〜17世紀を中心,1371,WH-000882-R02,reverse,時期,time,「海禁(かいきん)」が実施・整備されたのはいつ？,**14〜17世紀を中心**,14〜17世紀を中心,,,,世界史の窓（章節別用語リスト）,https://www.y-history.net/appendix/appendix-list.html
世界史段階別デッキ｜Deck 3｜主要王朝・人物・制度の穴埋め400語,WH-000882,882,Deck 3｜標準,制度・政策・法律,海禁,かいきん,,中世,東アジア,明・清初期の中国沿岸,14〜17世紀を中心,1371,WH-000882-I01,integrated,統合説明,integrated,「海禁(かいきん)」について説明せよ。,**14〜17世紀を中心**、明・清初期の中国沿岸を主な舞台に、**海禁(かいきん)**は、明や清初期が沿岸治安・密貿易・**倭寇(わこう)**対策のため、民間の海外渡航や貿易を制限した政策である。対外交易を原則として**朝貢貿易(ちょうこうぼうえき)**に統制したが、密貿易をかえって促す面もあった。,海禁|14〜17世紀を中心|倭寇|朝貢貿易,,,,世界史の窓（章節別用語リスト）,https://www.y-history.net/appendix/appendix-list.html
世界史段階別デッキ｜Deck 3｜主要王朝・人物・制度の穴埋め400語,WH-000987,987,Deck 3｜標準,人物,バヤジット1世,ばやじっといっせい,雷帝バヤジット,中世,複数地域,オスマン帝国・バルカン半島・アナトリア,1389〜1402年在位,1389,WH-000987-B01,beginner,用語の特定,identify,ニコポリスの戦いで十字軍を破ったが、アンカラの戦いでティムールに敗れたオスマン皇帝は？,バヤジット1世,バヤジット1世,雷帝バヤジット,,,世界史の窓（章節別用語リスト）,https://www.y-history.net/appendix/appendix-list.html
世界史段階別デッキ｜Deck 3｜主要王朝・人物・制度の穴埋め400語,WH-000987,987,Deck 3｜標準,人物,バヤジット1世,ばやじっといっせい,雷帝バヤジット,中世,複数地域,オスマン帝国・バルカン半島・アナトリア,1389〜1402年在位,1389,WH-000987-B02,beginner,時期,time,「バヤジット1世」が主に活動したのはいつ？,1389〜1402年在位,1389〜1402年在位,,,,世界史の窓（章節別用語リスト）,https://www.y-history.net/appendix/appendix-list.html
世界史段階別デッキ｜Deck 3｜主要王朝・人物・制度の穴埋め400語,WH-000987,987,Deck 3｜標準,人物,バヤジット1世,ばやじっといっせい,雷帝バヤジット,中世,複数地域,オスマン帝国・バルカン半島・アナトリア,1389〜1402年在位,1389,WH-000987-B03,beginner,内容,content,「バヤジット1世」について、敗れた戦いは？,アンカラの戦い,アンカラの戦い,,,,世界史の窓（章節別用語リスト）,https://www.y-history.net/appendix/appendix-list.html
世界史段階別デッキ｜Deck 3｜主要王朝・人物・制度の穴埋め400語,WH-000987,987,Deck 3｜標準,人物,バヤジット1世,ばやじっといっせい,雷帝バヤジット,中世,複数地域,オスマン帝国・バルカン半島・アナトリア,1389〜1402年在位,1389,WH-000987-R01,reverse,複合説明,reverse,何をした？,オスマン帝国・バルカン半島・アナトリアを主な舞台に、**バヤジット1世**は、オスマン帝国の領域をバルカンとアナトリアへ急速に広げ、1396年の**ニコポリスの戦い**で十字軍を破った。しかし1402年の**アンカラの戦い**でティムールに敗れて捕虜となった。,バヤジット1世|ニコポリスの戦い|アンカラの戦い,,,,世界史の窓（章節別用語リスト）,https://www.y-history.net/appendix/appendix-list.html
世界史段階別デッキ｜Deck 3｜主要王朝・人物・制度の穴埋め400語,WH-000987,987,Deck 3｜標準,人物,バヤジット1世,ばやじっといっせい,雷帝バヤジット,中世,複数地域,オスマン帝国・バルカン半島・アナトリア,1389〜1402年在位,1389,WH-000987-R02,reverse,時期,time,「バヤジット1世」が主に活動したのはいつ？,**1389〜1402年在位**,1389〜1402年在位,,,,世界史の窓（章節別用語リスト）,https://www.y-history.net/appendix/appendix-list.html
世界史段階別デッキ｜Deck 3｜主要王朝・人物・制度の穴埋め400語,WH-000987,987,Deck 3｜標準,人物,バヤジット1世,ばやじっといっせい,雷帝バヤジット,中世,複数地域,オスマン帝国・バルカン半島・アナトリア,1389〜1402年在位,1389,WH-000987-I01,integrated,統合説明,integrated,「バヤジット1世」について説明せよ。,**1389〜1402年在位**、オスマン帝国・バルカン半島・アナトリアを主な舞台に、**バヤジット1世**は、オスマン帝国の領域をバルカンとアナトリアへ急速に広げ、1396年の**ニコポリスの戦い**で十字軍を破った。しかし1402年の**アンカラの戦い**でティムールに敗れて捕虜となった。,バヤジット1世|1389〜1402年在位|ニコポリスの戦い|アンカラの戦い,,,,世界史の窓（章節別用語リスト）,https://www.y-history.net/appendix/appendix-list.html
世界史段階別デッキ｜Deck 3｜主要王朝・人物・制度の穴埋め400語,WH-000865,865,Deck 3｜標準,人物,李成桂,りせいけい,太祖,中世,東アジア,朝鮮半島・開京から漢城,1335〜1408年,1392,WH-000865-B01,beginner,用語の特定,identify,高麗(こうらい)を倒して李氏朝鮮を建国し、都を漢城(かんじょう)へ移した人物は？,李成桂(りせいけい),李成桂,太祖,,,世界史の窓（章節別用語リスト）,https://www.y-history.net/appendix/appendix-list.html
世界史段階別デッキ｜Deck 3｜主要王朝・人物・制度の穴埋め400語,WH-000865,865,Deck 3｜標準,人物,李成桂,りせいけい,太祖,中世,東アジア,朝鮮半島・開京から漢城,1335〜1408年,1392,WH-000865-B02,beginner,時期,time,「李成桂(りせいけい)」が主に活動したのはいつ？,1335〜1408年,1335〜1408年,,,,世界史の窓（章節別用語リスト）,https://www.y-history.net/appendix/appendix-list.html
世界史段階別デッキ｜Deck 3｜主要王朝・人物・制度の穴埋め400語,WH-000865,865,Deck 3｜標準,人物,李成桂,りせいけい,太祖,中世,東アジア,朝鮮半島・開京から漢城,1335〜1408年,1392,WH-000865-B03,beginner,関連,relation,「李成桂(りせいけい)」について、建てた王朝は？,李氏朝鮮,李氏朝鮮,,,,世界史の窓（章節別用語リスト）,https://www.y-history.net/appendix/appendix-list.html
世界史段階別デッキ｜Deck 3｜主要王朝・人物・制度の穴埋め400語,WH-000865,865,Deck 3｜標準,人物,李成桂,りせいけい,太祖,中世,東アジア,朝鮮半島・開京から漢城,1335〜1408年,1392,WH-000865-R01,reverse,複合説明,reverse,何をした？,朝鮮半島・開京から漢城(かんじょう)を主な舞台に、**李成桂(りせいけい)**は、高麗(こうらい)末の武将として勢力を伸ばし、1392年に高麗を倒して**李氏朝鮮**を建国した。都を漢城(かんじょう、現在のソウル)へ移し、明との冊封(さくほう)関係と儒教政治を整えた。,李成桂|李氏朝鮮,,,,世界史の窓（章節別用語リスト）,https://www.y-history.net/appendix/appendix-list.html
世界史段階別デッキ｜Deck 3｜主要王朝・人物・制度の穴埋め400語,WH-000865,865,Deck 3｜標準,人物,李成桂,りせいけい,太祖,中世,東アジア,朝鮮半島・開京から漢城,1335〜1408年,1392,WH-000865-R02,reverse,時期,time,「李成桂(りせいけい)」が主に活動したのはいつ？,**1335〜1408年**,1335〜1408年,,,,世界史の窓（章節別用語リスト）,https://www.y-history.net/appendix/appendix-list.html
世界史段階別デッキ｜Deck 3｜主要王朝・人物・制度の穴埋め400語,WH-000865,865,Deck 3｜標準,人物,李成桂,りせいけい,太祖,中世,東アジア,朝鮮半島・開京から漢城,1335〜1408年,1392,WH-000865-I01,integrated,統合説明,integrated,「李成桂(りせいけい)」について説明せよ。,**1335〜1408年**、朝鮮半島・開京から漢城(かんじょう)を主な舞台に、**李成桂(りせいけい)**は、高麗(こうらい)末の武将として勢力を伸ばし、1392年に高麗を倒して**李氏朝鮮**を建国した。都を漢城(かんじょう、現在のソウル)へ移し、明との冊封(さくほう)関係と儒教政治を整えた。,李成桂|1335〜1408年|李氏朝鮮,,,,世界史の窓（章節別用語リスト）,https://www.y-history.net/appendix/appendix-list.html
世界史段階別デッキ｜Deck 3｜主要王朝・人物・制度の穴埋め400語,WH-000863,863,Deck 3｜標準,国家・王朝,マラッカ王国,まらっかおうこく,マラッカ王国（スルタン国）,中世,東南アジア,マレー半島南西部・マラッカ海峡,15世紀初頭〜1511年,1400,WH-000863-B01,beginner,用語の特定,identify,マラッカ海峡の要地に成立し、イスラームと中継貿易で栄えた王国は？,マラッカ王国,マラッカ王国,マラッカ王国（スルタン国）,,,世界史の窓（章節別用語リスト）,https://www.y-history.net/appendix/appendix-list.html
世界史段階別デッキ｜Deck 3｜主要王朝・人物・制度の穴埋め400語,WH-000863,863,Deck 3｜標準,国家・王朝,マラッカ王国,まらっかおうこく,マラッカ王国（スルタン国）,中世,東南アジア,マレー半島南西部・マラッカ海峡,15世紀初頭〜1511年,1400,WH-000863-B02,beginner,時期,time,「マラッカ王国」が存在したのはいつ？,15世紀初頭〜1511年,15世紀初頭〜1511年,,,,世界史の窓（章節別用語リスト）,https://www.y-history.net/appendix/appendix-list.html
世界史段階別デッキ｜Deck 3｜主要王朝・人物・制度の穴埋め400語,WH-000863,863,Deck 3｜標準,国家・王朝,マラッカ王国,まらっかおうこく,マラッカ王国（スルタン国）,中世,東南アジア,マレー半島南西部・マラッカ海峡,15世紀初頭〜1511年,1400,WH-000863-B03,beginner,内容,content,「マラッカ王国」について、1511年に征服した国は？,ポルトガル,ポルトガル,,,,世界史の窓（章節別用語リスト）,https://www.y-history.net/appendix/appendix-list.html
世界史段階別デッキ｜Deck 3｜主要王朝・人物・制度の穴埋め400語,WH-000863,863,Deck 3｜標準,国家・王朝,マラッカ王国,まらっかおうこく,マラッカ王国（スルタン国）,中世,東南アジア,マレー半島南西部・マラッカ海峡,15世紀初頭〜1511年,1400,WH-000863-R01,reverse,複合説明,reverse,何をした？,マレー半島南西部・マラッカ海峡を主な舞台に、**マラッカ王国**は、マラッカ海峡の要地に成立し、イスラームを受容してインド洋と南シナ海を結ぶ**中継貿易**で繁栄した。1511年に**ポルトガル**のアルブケルケに征服された。,マラッカ王国|中継貿易|ポルトガル,,,,世界史の窓（章節別用語リスト）,https://www.y-history.net/appendix/appendix-list.html
世界史段階別デッキ｜Deck 3｜主要王朝・人物・制度の穴埋め400語,WH-000863,863,Deck 3｜標準,国家・王朝,マラッカ王国,まらっかおうこく,マラッカ王国（スルタン国）,中世,東南アジア,マレー半島南西部・マラッカ海峡,15世紀初頭〜1511年,1400,WH-000863-R02,reverse,時期,time,「マラッカ王国」が存在したのはいつ？,**15世紀初頭〜1511年**,15世紀初頭〜1511年,,,,世界史の窓（章節別用語リスト）,https://www.y-history.net/appendix/appendix-list.html
世界史段階別デッキ｜Deck 3｜主要王朝・人物・制度の穴埋め400語,WH-000863,863,Deck 3｜標準,国家・王朝,マラッカ王国,まらっかおうこく,マラッカ王国（スルタン国）,中世,東南アジア,マレー半島南西部・マラッカ海峡,15世紀初頭〜1511年,1400,WH-000863-I01,integrated,統合説明,integrated,「マラッカ王国」について説明せよ。,**15世紀初頭〜1511年**、マレー半島南西部・マラッカ海峡を主な舞台に、**マラッカ王国**は、マラッカ海峡の要地に成立し、イスラームを受容してインド洋と南シナ海を結ぶ**中継貿易**で繁栄した。1511年に**ポルトガル**のアルブケルケに征服された。,マラッカ王国|15世紀初頭〜1511年|中継貿易|ポルトガル,,,,世界史の窓（章節別用語リスト）,https://www.y-history.net/appendix/appendix-list.html
世界史段階別デッキ｜Deck 3｜主要王朝・人物・制度の穴埋め400語,WH-000883,883,Deck 3｜標準,経済・交易,朝貢貿易,ちょうこうぼうえき,,中世,東アジア,中国と朝鮮・日本・東南アジアなど,古代〜近世,1400,WH-000883-B01,beginner,用語の特定,identify,周辺国の使節が中国皇帝へ貢物を献じ、返礼や公認交易を受ける仕組みは？,朝貢貿易(ちょうこうぼうえき),朝貢貿易,,,,世界史の窓（章節別用語リスト）,https://www.y-history.net/appendix/appendix-list.html
世界史段階別デッキ｜Deck 3｜主要王朝・人物・制度の穴埋め400語,WH-000883,883,Deck 3｜標準,経済・交易,朝貢貿易,ちょうこうぼうえき,,中世,東アジア,中国と朝鮮・日本・東南アジアなど,古代〜近世,1400,WH-000883-B02,beginner,時期,time,「朝貢貿易(ちょうこうぼうえき)」が使用・展開されたのはいつ？,古代〜近世,古代〜近世,,,,世界史の窓（章節別用語リスト）,https://www.y-history.net/appendix/appendix-list.html
世界史段階別デッキ｜Deck 3｜主要王朝・人物・制度の穴埋め400語,WH-000883,883,Deck 3｜標準,経済・交易,朝貢貿易,ちょうこうぼうえき,,中世,東アジア,中国と朝鮮・日本・東南アジアなど,古代〜近世,1400,WH-000883-B03,beginner,内容,content,「朝貢貿易(ちょうこうぼうえき)」について、政治的な前提は？,中国皇帝への朝貢(ちょうこう),中国皇帝への朝貢,,,,世界史の窓（章節別用語リスト）,https://www.y-history.net/appendix/appendix-list.html
世界史段階別デッキ｜Deck 3｜主要王朝・人物・制度の穴埋め400語,WH-000883,883,Deck 3｜標準,経済・交易,朝貢貿易,ちょうこうぼうえき,,中世,東アジア,中国と朝鮮・日本・東南アジアなど,古代〜近世,1400,WH-000883-R01,reverse,複合説明,reverse,どんな経済・交易？,中国と朝鮮・日本・東南アジアなどを主な舞台に、**朝貢貿易(ちょうこうぼうえき)**は、周辺国の使節が中国皇帝へ**朝貢(ちょうこう)**し、皇帝から冊封(さくほう)・返礼品・公認交易の機会を得る外交・交易制度である。中国中心の国際秩序を示す一方、参加国に大きな経済利益を与えた。,朝貢貿易|朝貢,,,,世界史の窓（章節別用語リスト）,https://www.y-history.net/appendix/appendix-list.html
世界史段階別デッキ｜Deck 3｜主要王朝・人物・制度の穴埋め400語,WH-000883,883,Deck 3｜標準,経済・交易,朝貢貿易,ちょうこうぼうえき,,中世,東アジア,中国と朝鮮・日本・東南アジアなど,古代〜近世,1400,WH-000883-R02,reverse,時期,time,「朝貢貿易(ちょうこうぼうえき)」が使用・展開されたのはいつ？,**古代〜近世**,古代〜近世,,,,世界史の窓（章節別用語リスト）,https://www.y-history.net/appendix/appendix-list.html
世界史段階別デッキ｜Deck 3｜主要王朝・人物・制度の穴埋め400語,WH-000883,883,Deck 3｜標準,経済・交易,朝貢貿易,ちょうこうぼうえき,,中世,東アジア,中国と朝鮮・日本・東南アジアなど,古代〜近世,1400,WH-000883-I01,integrated,統合説明,integrated,「朝貢貿易(ちょうこうぼうえき)」について説明せよ。,**古代〜近世**、中国と朝鮮・日本・東南アジアなどを主な舞台に、**朝貢貿易(ちょうこうぼうえき)**は、周辺国の使節が中国皇帝へ**朝貢(ちょうこう)**し、皇帝から冊封(さくほう)・返礼品・公認交易の機会を得る外交・交易制度である。中国中心の国際秩序を示す一方、参加国に大きな経済利益を与えた。,朝貢貿易|古代〜近世|朝貢,,,,世界史の窓（章節別用語リスト）,https://www.y-history.net/appendix/appendix-list.html
世界史段階別デッキ｜Deck 3｜主要王朝・人物・制度の穴埋め400語,WH-000988,988,Deck 3｜標準,戦争,アンカラの戦い,あんからのたたかい,,中世,西アジア,アナトリア・アンカラ付近,1402年,1402,WH-000988-B01,beginner,用語の特定,identify,ティムールがオスマン皇帝バヤジット1世を破り、帝国を一時内乱へ陥れた戦いは？,アンカラの戦い,アンカラの戦い,,,,世界史の窓（章節別用語リスト）,https://www.y-history.net/appendix/appendix-list.html
世界史段階別デッキ｜Deck 3｜主要王朝・人物・制度の穴埋め400語,WH-000988,988,Deck 3｜標準,戦争,アンカラの戦い,あんからのたたかい,,中世,西アジア,アナトリア・アンカラ付近,1402年,1402,WH-000988-B02,beginner,時期,time,「アンカラの戦い」が戦われたのはいつ？,1402年,1402年,,,1402年：「人知れず アンカラ攻める ティムール軍」（1402）アンカラの戦い。,世界史の窓（章節別用語リスト）,https://www.y-history.net/appendix/appendix-list.html
世界史段階別デッキ｜Deck 3｜主要王朝・人物・制度の穴埋め400語,WH-000988,988,Deck 3｜標準,戦争,アンカラの戦い,あんからのたたかい,,中世,西アジア,アナトリア・アンカラ付近,1402年,1402,WH-000988-B03,beginner,中心人物,person,「アンカラの戦い」について、勝利した人物は？,ティムール,ティムール,,,,世界史の窓（章節別用語リスト）,https://www.y-history.net/appendix/appendix-list.html
世界史段階別デッキ｜Deck 3｜主要王朝・人物・制度の穴埋め400語,WH-000988,988,Deck 3｜標準,戦争,アンカラの戦い,あんからのたたかい,,中世,西アジア,アナトリア・アンカラ付近,1402年,1402,WH-000988-R01,reverse,複合説明,reverse,何が起きた？,アナトリア・アンカラ付近を主な舞台に、**アンカラの戦い**は、アナトリア支配をめぐり、**ティムール**軍がオスマン皇帝**バヤジット1世**を破って捕虜にした。オスマン帝国は後継争いの空位時代に入り、ビザンツ帝国の滅亡が一時遅れた。,アンカラの戦い|ティムール|バヤジット1世,,,,世界史の窓（章節別用語リスト）,https://www.y-history.net/appendix/appendix-list.html
世界史段階別デッキ｜Deck 3｜主要王朝・人物・制度の穴埋め400語,WH-000988,988,Deck 3｜標準,戦争,アンカラの戦い,あんからのたたかい,,中世,西アジア,アナトリア・アンカラ付近,1402年,1402,WH-000988-R02,reverse,時期,time,「アンカラの戦い」が戦われたのはいつ？,**1402年**,1402年,,,1402年：「人知れず アンカラ攻める ティムール軍」（1402）アンカラの戦い。,世界史の窓（章節別用語リスト）,https://www.y-history.net/appendix/appendix-list.html
世界史段階別デッキ｜Deck 3｜主要王朝・人物・制度の穴埋め400語,WH-000988,988,Deck 3｜標準,戦争,アンカラの戦い,あんからのたたかい,,中世,西アジア,アナトリア・アンカラ付近,1402年,1402,WH-000988-I01,integrated,統合説明,integrated,「アンカラの戦い」について説明せよ。,**1402年**、アナトリア・アンカラ付近を主な舞台に、**アンカラの戦い**は、アナトリア支配をめぐり、**ティムール**軍がオスマン皇帝**バヤジット1世**を破って捕虜にした。オスマン帝国は後継争いの空位時代に入り、ビザンツ帝国の滅亡が一時遅れた。,アンカラの戦い|1402年|ティムール|バヤジット1世,,,1402年：「人知れず アンカラ攻める ティムール軍」（1402）アンカラの戦い。,世界史の窓（章節別用語リスト）,https://www.y-history.net/appendix/appendix-list.html
世界史段階別デッキ｜Deck 3｜主要王朝・人物・制度の穴埋め400語,WH-000947,947,Deck 3｜標準,人物,ブルネレスキ,ぶるねれすき,,中世,ヨーロッパ,イタリア・フィレンツェ,1377〜1446年,1420,WH-000947-B01,beginner,用語の特定,identify,フィレンツェ大聖堂の大円蓋を完成させ、線遠近法の発展にも寄与した建築家は？,ブルネレスキ,ブルネレスキ,,,,世界史の窓（章節別用語リスト）,https://www.y-history.net/appendix/appendix-list.html
世界史段階別デッキ｜Deck 3｜主要王朝・人物・制度の穴埋め400語,WH-000947,947,Deck 3｜標準,人物,ブルネレスキ,ぶるねれすき,,中世,ヨーロッパ,イタリア・フィレンツェ,1377〜1446年,1420,WH-000947-B02,beginner,時期,time,「ブルネレスキ」が主に活動したのはいつ？,1377〜1446年,1377〜1446年,,,,世界史の窓（章節別用語リスト）,https://www.y-history.net/appendix/appendix-list.html
世界史段階別デッキ｜Deck 3｜主要王朝・人物・制度の穴埋め400語,WH-000947,947,Deck 3｜標準,人物,ブルネレスキ,ぶるねれすき,,中世,ヨーロッパ,イタリア・フィレンツェ,1377〜1446年,1420,WH-000947-B03,beginner,内容,content,「ブルネレスキ」について、代表的建築は？,フィレンツェ大聖堂の大円蓋,フィレンツェ大聖堂の大円蓋,,,,世界史の窓（章節別用語リスト）,https://www.y-history.net/appendix/appendix-list.html
世界史段階別デッキ｜Deck 3｜主要王朝・人物・制度の穴埋め400語,WH-000947,947,Deck 3｜標準,人物,ブルネレスキ,ぶるねれすき,,中世,ヨーロッパ,イタリア・フィレンツェ,1377〜1446年,1420,WH-000947-R01,reverse,複合説明,reverse,何をした？,イタリア・フィレンツェを主な舞台に、**ブルネレスキ**は、古代ローマ建築を研究し、**フィレンツェ大聖堂**の巨大な円蓋を新しい工法で完成させた建築家である。線遠近法の理論化にも寄与し、ルネサンス建築の先駆者となった。,ブルネレスキ|フィレンツェ大聖堂,,,,世界史の窓（章節別用語リスト）,https://www.y-history.net/appendix/appendix-list.html
世界史段階別デッキ｜Deck 3｜主要王朝・人物・制度の穴埋め400語,WH-000947,947,Deck 3｜標準,人物,ブルネレスキ,ぶるねれすき,,中世,ヨーロッパ,イタリア・フィレンツェ,1377〜1446年,1420,WH-000947-R02,reverse,時期,time,「ブルネレスキ」が主に活動したのはいつ？,**1377〜1446年**,1377〜1446年,,,,世界史の窓（章節別用語リスト）,https://www.y-history.net/appendix/appendix-list.html
世界史段階別デッキ｜Deck 3｜主要王朝・人物・制度の穴埋め400語,WH-000947,947,Deck 3｜標準,人物,ブルネレスキ,ぶるねれすき,,中世,ヨーロッパ,イタリア・フィレンツェ,1377〜1446年,1420,WH-000947-I01,integrated,統合説明,integrated,「ブルネレスキ」について説明せよ。,**1377〜1446年**、イタリア・フィレンツェを主な舞台に、**ブルネレスキ**は、古代ローマ建築を研究し、**フィレンツェ大聖堂**の巨大な円蓋を新しい工法で完成させた建築家である。線遠近法の理論化にも寄与し、ルネサンス建築の先駆者となった。,ブルネレスキ|1377〜1446年|フィレンツェ大聖堂,,,,世界史の窓（章節別用語リスト）,https://www.y-history.net/appendix/appendix-list.html
世界史段階別デッキ｜Deck 3｜主要王朝・人物・制度の穴埋め400語,WH-000950,950,Deck 3｜標準,運動,北方ルネサンス,ほっぽうるねさんす,北ヨーロッパ＝ルネサンス,近世,ヨーロッパ,ネーデルラント・ドイツ・フランス・イングランド,15〜16世紀,1450,WH-000950-B01,beginner,用語の特定,identify,イタリア人文主義を受容しつつ、キリスト教改革や写実性を強く示した北ヨーロッパの文化運動は？,北方ルネサンス,北方ルネサンス,北ヨーロッパ＝ルネサンス,,,世界史の窓（章節別用語リスト）,https://www.y-history.net/appendix/appendix-list.html
世界史段階別デッキ｜Deck 3｜主要王朝・人物・制度の穴埋め400語,WH-000950,950,Deck 3｜標準,運動,北方ルネサンス,ほっぽうるねさんす,北ヨーロッパ＝ルネサンス,近世,ヨーロッパ,ネーデルラント・ドイツ・フランス・イングランド,15〜16世紀,1450,WH-000950-B02,beginner,時期,time,「北方ルネサンス」が盛んだったのはいつ？,15〜16世紀,15〜16世紀,,,,世界史の窓（章節別用語リスト）,https://www.y-history.net/appendix/appendix-list.html
世界史段階別デッキ｜Deck 3｜主要王朝・人物・制度の穴埋め400語,WH-000950,950,Deck 3｜標準,運動,北方ルネサンス,ほっぽうるねさんす,北ヨーロッパ＝ルネサンス,近世,ヨーロッパ,ネーデルラント・ドイツ・フランス・イングランド,15〜16世紀,1450,WH-000950-B03,beginner,内容,content,「北方ルネサンス」について、思想面の代表者は？,エラスムス,エラスムス,,,,世界史の窓（章節別用語リスト）,https://www.y-history.net/appendix/appendix-list.html
世界史段階別デッキ｜Deck 3｜主要王朝・人物・制度の穴埋め400語,WH-000950,950,Deck 3｜標準,運動,北方ルネサンス,ほっぽうるねさんす,北ヨーロッパ＝ルネサンス,近世,ヨーロッパ,ネーデルラント・ドイツ・フランス・イングランド,15〜16世紀,1450,WH-000950-R01,reverse,複合説明,reverse,何が起きた？,ネーデルラント・ドイツ・フランス・イングランドを主な舞台に、**北方ルネサンス**は、ネーデルラント・ドイツ・イングランドなどで広がり、イタリアの人文主義をキリスト教信仰や社会批判と結び付けた文化運動である。**エラスムス**のキリスト教的人文主義、ファン＝アイクやデューラーの精密な写実表現が代表的である。,北方ルネサンス|エラスムス,,,,世界史の窓（章節別用語リスト）,https://www.y-history.net/appendix/appendix-list.html
世界史段階別デッキ｜Deck 3｜主要王朝・人物・制度の穴埋め400語,WH-000950,950,Deck 3｜標準,運動,北方ルネサンス,ほっぽうるねさんす,北ヨーロッパ＝ルネサンス,近世,ヨーロッパ,ネーデルラント・ドイツ・フランス・イングランド,15〜16世紀,1450,WH-000950-R02,reverse,時期,time,「北方ルネサンス」が盛んだったのはいつ？,**15〜16世紀**,15〜16世紀,,,,世界史の窓（章節別用語リスト）,https://www.y-history.net/appendix/appendix-list.html
世界史段階別デッキ｜Deck 3｜主要王朝・人物・制度の穴埋め400語,WH-000950,950,Deck 3｜標準,運動,北方ルネサンス,ほっぽうるねさんす,北ヨーロッパ＝ルネサンス,近世,ヨーロッパ,ネーデルラント・ドイツ・フランス・イングランド,15〜16世紀,1450,WH-000950-I01,integrated,統合説明,integrated,「北方ルネサンス」について説明せよ。,**15〜16世紀**、ネーデルラント・ドイツ・フランス・イングランドを主な舞台に、**北方ルネサンス**は、ネーデルラント・ドイツ・イングランドなどで広がり、イタリアの人文主義をキリスト教信仰や社会批判と結び付けた文化運動である。**エラスムス**のキリスト教的人文主義、ファン＝アイクやデューラーの精密な写実表現が代表的である。,北方ルネサンス|15〜16世紀|エラスムス,,,,世界史の窓（章節別用語リスト）,https://www.y-history.net/appendix/appendix-list.html
世界史段階別デッキ｜Deck 3｜主要王朝・人物・制度の穴埋め400語,WH-000853,853,Deck 3｜標準,人物,グル＝ナーナク,ぐるなーなく,ナーナク,近世,南アジア,インド北西部・パンジャーブ地方,1469〜1539年,1469,WH-000853-B01,beginner,用語の特定,identify,唯一神信仰とカースト否定を説いてシク教を始めた宗教家は？,グル＝ナーナク,グル＝ナーナク,ナーナク,,,世界史の窓（章節別用語リスト）,https://www.y-history.net/appendix/appendix-list.html
世界史段階別デッキ｜Deck 3｜主要王朝・人物・制度の穴埋め400語,WH-000853,853,Deck 3｜標準,人物,グル＝ナーナク,ぐるなーなく,ナーナク,近世,南アジア,インド北西部・パンジャーブ地方,1469〜1539年,1469,WH-000853-B02,beginner,時期,time,「グル＝ナーナク」が主に活動したのはいつ？,1469〜1539年,1469〜1539年,,,,世界史の窓（章節別用語リスト）,https://www.y-history.net/appendix/appendix-list.html
世界史段階別デッキ｜Deck 3｜主要王朝・人物・制度の穴埋め400語,WH-000853,853,Deck 3｜標準,人物,グル＝ナーナク,ぐるなーなく,ナーナク,近世,南アジア,インド北西部・パンジャーブ地方,1469〜1539年,1469,WH-000853-B03,beginner,内容,content,「グル＝ナーナク」について、創始した宗教は？,シク教,シク教,,,,世界史の窓（章節別用語リスト）,https://www.y-history.net/appendix/appendix-list.html
世界史段階別デッキ｜Deck 3｜主要王朝・人物・制度の穴埋め400語,WH-000853,853,Deck 3｜標準,人物,グル＝ナーナク,ぐるなーなく,ナーナク,近世,南アジア,インド北西部・パンジャーブ地方,1469〜1539年,1469,WH-000853-R01,reverse,複合説明,reverse,何をした？,インド北西部・パンジャーブ地方を主な舞台に、**グル＝ナーナク**は、パンジャーブ地方で唯一神への信仰と人間の平等を説き、ヒンドゥー教のカーストや形式主義、イスラームの外面的儀礼を批判した。弟子の共同体から**シク教**が成立した。,グル＝ナーナク|シク教,,,,世界史の窓（章節別用語リスト）,https://www.y-history.net/appendix/appendix-list.html
世界史段階別デッキ｜Deck 3｜主要王朝・人物・制度の穴埋め400語,WH-000853,853,Deck 3｜標準,人物,グル＝ナーナク,ぐるなーなく,ナーナク,近世,南アジア,インド北西部・パンジャーブ地方,1469〜1539年,1469,WH-000853-R02,reverse,時期,time,「グル＝ナーナク」が主に活動したのはいつ？,**1469〜1539年**,1469〜1539年,,,,世界史の窓（章節別用語リスト）,https://www.y-history.net/appendix/appendix-list.html
世界史段階別デッキ｜Deck 3｜主要王朝・人物・制度の穴埋め400語,WH-000853,853,Deck 3｜標準,人物,グル＝ナーナク,ぐるなーなく,ナーナク,近世,南アジア,インド北西部・パンジャーブ地方,1469〜1539年,1469,WH-000853-I01,integrated,統合説明,integrated,「グル＝ナーナク」について説明せよ。,**1469〜1539年**、インド北西部・パンジャーブ地方を主な舞台に、**グル＝ナーナク**は、パンジャーブ地方で唯一神への信仰と人間の平等を説き、ヒンドゥー教のカーストや形式主義、イスラームの外面的儀礼を批判した。弟子の共同体から**シク教**が成立した。,グル＝ナーナク|1469〜1539年|シク教,,,,世界史の窓（章節別用語リスト）,https://www.y-history.net/appendix/appendix-list.html
世界史段階別デッキ｜Deck 3｜主要王朝・人物・制度の穴埋め400語,WH-000946,946,Deck 3｜標準,人物,ボッティチェリ,ぼってぃちぇり,,近世,ヨーロッパ,イタリア・フィレンツェ,1445頃〜1510年,1470,WH-000946-B01,beginner,用語の特定,identify,『春』や『ヴィーナスの誕生』を描き、メディチ家の保護を受けたルネサンス画家は？,ボッティチェリ,ボッティチェリ,,,,世界史の窓（章節別用語リスト）,https://www.y-history.net/appendix/appendix-list.html
世界史段階別デッキ｜Deck 3｜主要王朝・人物・制度の穴埋め400語,WH-000946,946,Deck 3｜標準,人物,ボッティチェリ,ぼってぃちぇり,,近世,ヨーロッパ,イタリア・フィレンツェ,1445頃〜1510年,1470,WH-000946-B02,beginner,時期,time,「ボッティチェリ」が主に活動したのはいつ？,1445頃〜1510年,1445頃〜1510年,,,,世界史の窓（章節別用語リスト）,https://www.y-history.net/appendix/appendix-list.html
世界史段階別デッキ｜Deck 3｜主要王朝・人物・制度の穴埋め400語,WH-000946,946,Deck 3｜標準,人物,ボッティチェリ,ぼってぃちぇり,,近世,ヨーロッパ,イタリア・フィレンツェ,1445頃〜1510年,1470,WH-000946-B03,beginner,内容,content,「ボッティチェリ」について、代表作は？,『春』・『ヴィーナスの誕生』,春・ヴィーナスの誕生,,,,世界史の窓（章節別用語リスト）,https://www.y-history.net/appendix/appendix-list.html
世界史段階別デッキ｜Deck 3｜主要王朝・人物・制度の穴埋め400語,WH-000946,946,Deck 3｜標準,人物,ボッティチェリ,ぼってぃちぇり,,近世,ヨーロッパ,イタリア・フィレンツェ,1445頃〜1510年,1470,WH-000946-R01,reverse,複合説明,reverse,何をした？,イタリア・フィレンツェを主な舞台に、**ボッティチェリ**は、フィレンツェでメディチ家の保護を受け、古代神話を題材にした**『春』**・**『ヴィーナスの誕生』**を描いた。優美な線描と人文主義的主題で初期ルネサンスを代表した。,ボッティチェリ|春|ヴィーナスの誕生,,,,世界史の窓（章節別用語リスト）,https://www.y-history.net/appendix/appendix-list.html
世界史段階別デッキ｜Deck 3｜主要王朝・人物・制度の穴埋め400語,WH-000946,946,Deck 3｜標準,人物,ボッティチェリ,ぼってぃちぇり,,近世,ヨーロッパ,イタリア・フィレンツェ,1445頃〜1510年,1470,WH-000946-R02,reverse,時期,time,「ボッティチェリ」が主に活動したのはいつ？,**1445頃〜1510年**,1445頃〜1510年,,,,世界史の窓（章節別用語リスト）,https://www.y-history.net/appendix/appendix-list.html
世界史段階別デッキ｜Deck 3｜主要王朝・人物・制度の穴埋め400語,WH-000946,946,Deck 3｜標準,人物,ボッティチェリ,ぼってぃちぇり,,近世,ヨーロッパ,イタリア・フィレンツェ,1445頃〜1510年,1470,WH-000946-I01,integrated,統合説明,integrated,「ボッティチェリ」について説明せよ。,**1445頃〜1510年**、イタリア・フィレンツェを主な舞台に、**ボッティチェリ**は、フィレンツェでメディチ家の保護を受け、古代神話を題材にした**『春』**・**『ヴィーナスの誕生』**を描いた。優美な線描と人文主義的主題で初期ルネサンスを代表した。,ボッティチェリ|1445頃〜1510年|春|ヴィーナスの誕生,,,,世界史の窓（章節別用語リスト）,https://www.y-history.net/appendix/appendix-list.html
世界史段階別デッキ｜Deck 3｜主要王朝・人物・制度の穴埋め400語,WH-000984,984,Deck 3｜標準,経済・交易,コロンブス交換,ころんぶすこうかん,コロンビアン交換,近世,複数地域,ヨーロッパ・アフリカ・南北アメリカ,1492年以後,1492,WH-000984-B01,beginner,用語の特定,identify,大西洋を越えて作物・家畜・病原菌・人々が相互移動した現象を何という？,コロンブス交換,コロンブス交換,コロンビアン交換,,,世界史の窓（章節別用語リスト）,https://www.y-history.net/appendix/appendix-list.html
世界史段階別デッキ｜Deck 3｜主要王朝・人物・制度の穴埋め400語,WH-000984,984,Deck 3｜標準,経済・交易,コロンブス交換,ころんぶすこうかん,コロンビアン交換,近世,複数地域,ヨーロッパ・アフリカ・南北アメリカ,1492年以後,1492,WH-000984-B02,beginner,時期,time,「コロンブス交換」が使用・展開されたのはいつ？,1492年以後,1492年以後,,,,世界史の窓（章節別用語リスト）,https://www.y-history.net/appendix/appendix-list.html
世界史段階別デッキ｜Deck 3｜主要王朝・人物・制度の穴埋め400語,WH-000984,984,Deck 3｜標準,経済・交易,コロンブス交換,ころんぶすこうかん,コロンビアン交換,近世,複数地域,ヨーロッパ・アフリカ・南北アメリカ,1492年以後,1492,WH-000984-B03,beginner,内容,content,「コロンブス交換」について、先住民人口を激減させた要因は？,旧大陸由来の感染症,旧大陸由来の感染症,,,,世界史の窓（章節別用語リスト）,https://www.y-history.net/appendix/appendix-list.html
世界史段階別デッキ｜Deck 3｜主要王朝・人物・制度の穴埋め400語,WH-000984,984,Deck 3｜標準,経済・交易,コロンブス交換,ころんぶすこうかん,コロンビアン交換,近世,複数地域,ヨーロッパ・アフリカ・南北アメリカ,1492年以後,1492,WH-000984-R01,reverse,複合説明,reverse,どんな経済・交易？,ヨーロッパ・アフリカ・南北アメリカを主な舞台に、**コロンブス交換**は、大航海時代以後、旧大陸と新大陸の間でトウモロコシ・ジャガイモ、馬・牛、病原菌、人間が大規模に移動した現象である。食生活と人口を変化させる一方、**感染症**で先住民人口を激減させた。,コロンブス交換|感染症,,,,世界史の窓（章節別用語リスト）,https://www.y-history.net/appendix/appendix-list.html
世界史段階別デッキ｜Deck 3｜主要王朝・人物・制度の穴埋め400語,WH-000984,984,Deck 3｜標準,経済・交易,コロンブス交換,ころんぶすこうかん,コロンビアン交換,近世,複数地域,ヨーロッパ・アフリカ・南北アメリカ,1492年以後,1492,WH-000984-R02,reverse,時期,time,「コロンブス交換」が使用・展開されたのはいつ？,**1492年以後**,1492年以後,,,,世界史の窓（章節別用語リスト）,https://www.y-history.net/appendix/appendix-list.html
世界史段階別デッキ｜Deck 3｜主要王朝・人物・制度の穴埋め400語,WH-000984,984,Deck 3｜標準,経済・交易,コロンブス交換,ころんぶすこうかん,コロンビアン交換,近世,複数地域,ヨーロッパ・アフリカ・南北アメリカ,1492年以後,1492,WH-000984-I01,integrated,統合説明,integrated,「コロンブス交換」について説明せよ。,**1492年以後**、ヨーロッパ・アフリカ・南北アメリカを主な舞台に、**コロンブス交換**は、大航海時代以後、旧大陸と新大陸の間でトウモロコシ・ジャガイモ、馬・牛、病原菌、人間が大規模に移動した現象である。食生活と人口を変化させる一方、**感染症**で先住民人口を激減させた。,コロンブス交換|1492年以後|感染症,,,,世界史の窓（章節別用語リスト）,https://www.y-history.net/appendix/appendix-list.html
世界史段階別デッキ｜Deck 3｜主要王朝・人物・制度の穴埋め400語,WH-000852,852,Deck 3｜標準,宗教・宗派,シク教,しくきょう,スィク教,近世,南アジア,インド北西部・パンジャーブ地方,15世紀末以後,1499,WH-000852-B01,beginner,用語の特定,identify,グル＝ナーナクが始め、唯一神信仰とカースト否定を説いたパンジャーブ地方の宗教は？,シク教,シク教,スィク教,,,世界史の窓（章節別用語リスト）,https://www.y-history.net/appendix/appendix-list.html
世界史段階別デッキ｜Deck 3｜主要王朝・人物・制度の穴埋め400語,WH-000852,852,Deck 3｜標準,宗教・宗派,シク教,しくきょう,スィク教,近世,南アジア,インド北西部・パンジャーブ地方,15世紀末以後,1499,WH-000852-B02,beginner,時期,time,「シク教」が成立・広がったのはいつ？,15世紀末以後,15世紀末以後,,,,世界史の窓（章節別用語リスト）,https://www.y-history.net/appendix/appendix-list.html
世界史段階別デッキ｜Deck 3｜主要王朝・人物・制度の穴埋め400語,WH-000852,852,Deck 3｜標準,宗教・宗派,シク教,しくきょう,スィク教,近世,南アジア,インド北西部・パンジャーブ地方,15世紀末以後,1499,WH-000852-B03,beginner,内容,content,「シク教」について、創始者は？,グル＝ナーナク,グル＝ナーナク,,,,世界史の窓（章節別用語リスト）,https://www.y-history.net/appendix/appendix-list.html
世界史段階別デッキ｜Deck 3｜主要王朝・人物・制度の穴埋め400語,WH-000852,852,Deck 3｜標準,宗教・宗派,シク教,しくきょう,スィク教,近世,南アジア,インド北西部・パンジャーブ地方,15世紀末以後,1499,WH-000852-R01,reverse,複合説明,reverse,どんな宗教・宗派？,インド北西部・パンジャーブ地方を主な舞台に、**シク教**は、**グル＝ナーナク**がパンジャーブ地方で始めた宗教で、唯一神への信仰、偶像崇拝や**カースト制度**の否定を説いた。後に共同体を強化し、ムガル帝国やイギリス支配とも関わる有力勢力となった。,シク教|グル＝ナーナク|カースト制度,,,,世界史の窓（章節別用語リスト）,https://www.y-history.net/appendix/appendix-list.html
世界史段階別デッキ｜Deck 3｜主要王朝・人物・制度の穴埋め400語,WH-000852,852,Deck 3｜標準,宗教・宗派,シク教,しくきょう,スィク教,近世,南アジア,インド北西部・パンジャーブ地方,15世紀末以後,1499,WH-000852-R02,reverse,時期,time,「シク教」が成立・広がったのはいつ？,**15世紀末以後**,15世紀末以後,,,,世界史の窓（章節別用語リスト）,https://www.y-history.net/appendix/appendix-list.html
世界史段階別デッキ｜Deck 3｜主要王朝・人物・制度の穴埋め400語,WH-000852,852,Deck 3｜標準,宗教・宗派,シク教,しくきょう,スィク教,近世,南アジア,インド北西部・パンジャーブ地方,15世紀末以後,1499,WH-000852-I01,integrated,統合説明,integrated,「シク教」について説明せよ。,**15世紀末以後**、インド北西部・パンジャーブ地方を主な舞台に、**シク教**は、**グル＝ナーナク**がパンジャーブ地方で始めた宗教で、唯一神への信仰、偶像崇拝や**カースト制度**の否定を説いた。後に共同体を強化し、ムガル帝国やイギリス支配とも関わる有力勢力となった。,シク教|15世紀末以後|グル＝ナーナク|カースト制度,,,,世界史の窓（章節別用語リスト）,https://www.y-history.net/appendix/appendix-list.html
世界史段階別デッキ｜Deck 3｜主要王朝・人物・制度の穴埋め400語,WH-000944,944,Deck 3｜標準,人物,ミケランジェロ,みけらんじぇろ,,近世,ヨーロッパ,イタリア・フィレンツェ・ローマ,1475〜1564年,1500,WH-000944-B01,beginner,用語の特定,identify,『ダヴィデ像』やシスティナ礼拝堂天井画を制作した盛期ルネサンスの芸術家は？,ミケランジェロ,ミケランジェロ,,,,世界史の窓（章節別用語リスト）,https://www.y-history.net/appendix/appendix-list.html
世界史段階別デッキ｜Deck 3｜主要王朝・人物・制度の穴埋め400語,WH-000944,944,Deck 3｜標準,人物,ミケランジェロ,みけらんじぇろ,,近世,ヨーロッパ,イタリア・フィレンツェ・ローマ,1475〜1564年,1500,WH-000944-B02,beginner,時期,time,「ミケランジェロ」が主に活動したのはいつ？,1475〜1564年,1475〜1564年,,,,世界史の窓（章節別用語リスト）,https://www.y-history.net/appendix/appendix-list.html
世界史段階別デッキ｜Deck 3｜主要王朝・人物・制度の穴埋め400語,WH-000944,944,Deck 3｜標準,人物,ミケランジェロ,みけらんじぇろ,,近世,ヨーロッパ,イタリア・フィレンツェ・ローマ,1475〜1564年,1500,WH-000944-B03,beginner,内容,content,「ミケランジェロ」について、代表作は？,『ダヴィデ像』・システィナ礼拝堂天井画,ダヴィデ像・システィナ礼拝堂天井画,,,,世界史の窓（章節別用語リスト）,https://www.y-history.net/appendix/appendix-list.html
世界史段階別デッキ｜Deck 3｜主要王朝・人物・制度の穴埋め400語,WH-000944,944,Deck 3｜標準,人物,ミケランジェロ,みけらんじぇろ,,近世,ヨーロッパ,イタリア・フィレンツェ・ローマ,1475〜1564年,1500,WH-000944-R01,reverse,複合説明,reverse,何をした？,イタリア・フィレンツェ・ローマを主な舞台に、**ミケランジェロ**は、彫刻・絵画・建築で活躍した盛期ルネサンスの芸術家で、**『ダヴィデ像』**、**『ピエタ』**、システィナ礼拝堂天井画などを制作した。人体の力強い表現で人文主義的芸術を代表した。,ミケランジェロ|ダヴィデ像|ピエタ,,,,世界史の窓（章節別用語リスト）,https://www.y-history.net/appendix/appendix-list.html
世界史段階別デッキ｜Deck 3｜主要王朝・人物・制度の穴埋め400語,WH-000944,944,Deck 3｜標準,人物,ミケランジェロ,みけらんじぇろ,,近世,ヨーロッパ,イタリア・フィレンツェ・ローマ,1475〜1564年,1500,WH-000944-R02,reverse,時期,time,「ミケランジェロ」が主に活動したのはいつ？,**1475〜1564年**,1475〜1564年,,,,世界史の窓（章節別用語リスト）,https://www.y-history.net/appendix/appendix-list.html
世界史段階別デッキ｜Deck 3｜主要王朝・人物・制度の穴埋め400語,WH-000944,944,Deck 3｜標準,人物,ミケランジェロ,みけらんじぇろ,,近世,ヨーロッパ,イタリア・フィレンツェ・ローマ,1475〜1564年,1500,WH-000944-I01,integrated,統合説明,integrated,「ミケランジェロ」について説明せよ。,**1475〜1564年**、イタリア・フィレンツェ・ローマを主な舞台に、**ミケランジェロ**は、彫刻・絵画・建築で活躍した盛期ルネサンスの芸術家で、**『ダヴィデ像』**、**『ピエタ』**、システィナ礼拝堂天井画などを制作した。人体の力強い表現で人文主義的芸術を代表した。,ミケランジェロ|1475〜1564年|ダヴィデ像|ピエタ,,,,世界史の窓（章節別用語リスト）,https://www.y-history.net/appendix/appendix-list.html
世界史段階別デッキ｜Deck 3｜主要王朝・人物・制度の穴埋め400語,WH-000980,980,Deck 3｜標準,制度・政策・法律,エンコミエンダ制,えんこみえんだせい,,近世,アメリカ,スペイン領アメリカ,16世紀を中心,1500,WH-000980-B01,beginner,用語の特定,identify,スペイン国王が征服者へ先住民の貢納・労働徴発権を与え、改宗保護を義務付けた制度は？,エンコミエンダ制,エンコミエンダ制,,,,世界史の窓（章節別用語リスト）,https://www.y-history.net/appendix/appendix-list.html
世界史段階別デッキ｜Deck 3｜主要王朝・人物・制度の穴埋め400語,WH-000980,980,Deck 3｜標準,制度・政策・法律,エンコミエンダ制,えんこみえんだせい,,近世,アメリカ,スペイン領アメリカ,16世紀を中心,1500,WH-000980-B02,beginner,時期,time,「エンコミエンダ制」が実施・整備されたのはいつ？,16世紀を中心,16世紀を中心,,,,世界史の窓（章節別用語リスト）,https://www.y-history.net/appendix/appendix-list.html
世界史段階別デッキ｜Deck 3｜主要王朝・人物・制度の穴埋め400語,WH-000980,980,Deck 3｜標準,制度・政策・法律,エンコミエンダ制,えんこみえんだせい,,近世,アメリカ,スペイン領アメリカ,16世紀を中心,1500,WH-000980-B03,beginner,関連,relation,「エンコミエンダ制」について、労働を課された人々は？,先住民,先住民,,,,世界史の窓（章節別用語リスト）,https://www.y-history.net/appendix/appendix-list.html
世界史段階別デッキ｜Deck 3｜主要王朝・人物・制度の穴埋め400語,WH-000980,980,Deck 3｜標準,制度・政策・法律,エンコミエンダ制,えんこみえんだせい,,近世,アメリカ,スペイン領アメリカ,16世紀を中心,1500,WH-000980-R01,reverse,複合説明,reverse,どんな制度・政策・法律？,スペイン領アメリカを主な舞台に、**エンコミエンダ制**は、スペイン王室が征服者・植民者に一定地域の**先住民**から貢納や労働を徴発する権利を与え、その代わりに保護とキリスト教化を義務付けた制度である。実際には苛酷な強制労働を生んだ。,エンコミエンダ制|先住民,,,,世界史の窓（章節別用語リスト）,https://www.y-history.net/appendix/appendix-list.html
世界史段階別デッキ｜Deck 3｜主要王朝・人物・制度の穴埋め400語,WH-000980,980,Deck 3｜標準,制度・政策・法律,エンコミエンダ制,えんこみえんだせい,,近世,アメリカ,スペイン領アメリカ,16世紀を中心,1500,WH-000980-R02,reverse,時期,time,「エンコミエンダ制」が実施・整備されたのはいつ？,**16世紀を中心**,16世紀を中心,,,,世界史の窓（章節別用語リスト）,https://www.y-history.net/appendix/appendix-list.html
世界史段階別デッキ｜Deck 3｜主要王朝・人物・制度の穴埋め400語,WH-000980,980,Deck 3｜標準,制度・政策・法律,エンコミエンダ制,えんこみえんだせい,,近世,アメリカ,スペイン領アメリカ,16世紀を中心,1500,WH-000980-I01,integrated,統合説明,integrated,「エンコミエンダ制」について説明せよ。,**16世紀を中心**、スペイン領アメリカを主な舞台に、**エンコミエンダ制**は、スペイン王室が征服者・植民者に一定地域の**先住民**から貢納や労働を徴発する権利を与え、その代わりに保護とキリスト教化を義務付けた制度である。実際には苛酷な強制労働を生んだ。,エンコミエンダ制|16世紀を中心|先住民,,,,世界史の窓（章節別用語リスト）,https://www.y-history.net/appendix/appendix-list.html
世界史段階別デッキ｜Deck 3｜主要王朝・人物・制度の穴埋め400語,WH-000991,991,Deck 3｜標準,民族・身分・社会集団,キジルバシュ,きじるばしゅ,赤頭,近世,西アジア,アナトリア東部・アゼルバイジャン・イラン,15〜16世紀,1500,WH-000991-B01,beginner,用語の特定,identify,赤い帽子を目印とし、イスマーイール1世を支えてサファヴィー朝を建てたトルコ系部族軍団は？,キジルバシュ,キジルバシュ,赤頭,,,世界史の窓（章節別用語リスト）,https://www.y-history.net/appendix/appendix-list.html
世界史段階別デッキ｜Deck 3｜主要王朝・人物・制度の穴埋め400語,WH-000991,991,Deck 3｜標準,民族・身分・社会集団,キジルバシュ,きじるばしゅ,赤頭,近世,西アジア,アナトリア東部・アゼルバイジャン・イラン,15〜16世紀,1500,WH-000991-B02,beginner,時期,time,「キジルバシュ」が使用・展開されたのはいつ？,15〜16世紀,15〜16世紀,,,,世界史の窓（章節別用語リスト）,https://www.y-history.net/appendix/appendix-list.html
世界史段階別デッキ｜Deck 3｜主要王朝・人物・制度の穴埋め400語,WH-000991,991,Deck 3｜標準,民族・身分・社会集団,キジルバシュ,きじるばしゅ,赤頭,近世,西アジア,アナトリア東部・アゼルバイジャン・イラン,15〜16世紀,1500,WH-000991-B03,beginner,関連,relation,「キジルバシュ」について、支えた王朝は？,サファヴィー朝,サファヴィー朝,,,,世界史の窓（章節別用語リスト）,https://www.y-history.net/appendix/appendix-list.html
世界史段階別デッキ｜Deck 3｜主要王朝・人物・制度の穴埋め400語,WH-000991,991,Deck 3｜標準,民族・身分・社会集団,キジルバシュ,きじるばしゅ,赤頭,近世,西アジア,アナトリア東部・アゼルバイジャン・イラン,15〜16世紀,1500,WH-000991-R01,reverse,複合説明,reverse,どんな人々・集団？,アナトリア東部・アゼルバイジャン・イランを主な舞台に、**キジルバシュ**は、サファヴィー教団へ忠誠を誓ったトルコ系遊牧部族軍団で、赤い帽子から「赤頭」と呼ばれた。**イスマーイール1世**の征服を支え、サファヴィー朝初期の軍事・政治支配層となった。,キジルバシュ|イスマーイール1世,,,,世界史の窓（章節別用語リスト）,https://www.y-history.net/appendix/appendix-list.html
世界史段階別デッキ｜Deck 3｜主要王朝・人物・制度の穴埋め400語,WH-000991,991,Deck 3｜標準,民族・身分・社会集団,キジルバシュ,きじるばしゅ,赤頭,近世,西アジア,アナトリア東部・アゼルバイジャン・イラン,15〜16世紀,1500,WH-000991-R02,reverse,時期,time,「キジルバシュ」が使用・展開されたのはいつ？,**15〜16世紀**,15〜16世紀,,,,世界史の窓（章節別用語リスト）,https://www.y-history.net/appendix/appendix-list.html
世界史段階別デッキ｜Deck 3｜主要王朝・人物・制度の穴埋め400語,WH-000991,991,Deck 3｜標準,民族・身分・社会集団,キジルバシュ,きじるばしゅ,赤頭,近世,西アジア,アナトリア東部・アゼルバイジャン・イラン,15〜16世紀,1500,WH-000991-I01,integrated,統合説明,integrated,「キジルバシュ」について説明せよ。,**15〜16世紀**、アナトリア東部・アゼルバイジャン・イランを主な舞台に、**キジルバシュ**は、サファヴィー教団へ忠誠を誓ったトルコ系遊牧部族軍団で、赤い帽子から「赤頭」と呼ばれた。**イスマーイール1世**の征服を支え、サファヴィー朝初期の軍事・政治支配層となった。,キジルバシュ|15〜16世紀|イスマーイール1世,,,,世界史の窓（章節別用語リスト）,https://www.y-history.net/appendix/appendix-list.html
世界史段階別デッキ｜Deck 3｜主要王朝・人物・制度の穴埋め400語,WH-000989,989,Deck 3｜標準,人物,イスマーイール1世,いすまーいーるいっせい,,近世,西アジア,イラン・アゼルバイジャン,1501〜1524年在位,1501,WH-000989-B01,beginner,用語の特定,identify,サファヴィー朝を建て、十二イマーム派を国教化した人物は？,イスマーイール1世,イスマーイール1世,,,,世界史の窓（章節別用語リスト）,https://www.y-history.net/appendix/appendix-list.html
世界史段階別デッキ｜Deck 3｜主要王朝・人物・制度の穴埋め400語,WH-000989,989,Deck 3｜標準,人物,イスマーイール1世,いすまーいーるいっせい,,近世,西アジア,イラン・アゼルバイジャン,1501〜1524年在位,1501,WH-000989-B02,beginner,時期,time,「イスマーイール1世」が主に活動したのはいつ？,1501〜1524年在位,1501〜1524年在位,,,,世界史の窓（章節別用語リスト）,https://www.y-history.net/appendix/appendix-list.html
世界史段階別デッキ｜Deck 3｜主要王朝・人物・制度の穴埋め400語,WH-000989,989,Deck 3｜標準,人物,イスマーイール1世,いすまーいーるいっせい,,近世,西アジア,イラン・アゼルバイジャン,1501〜1524年在位,1501,WH-000989-B03,beginner,関連,relation,「イスマーイール1世」について、建てた王朝は？,サファヴィー朝,サファヴィー朝,,,,世界史の窓（章節別用語リスト）,https://www.y-history.net/appendix/appendix-list.html
世界史段階別デッキ｜Deck 3｜主要王朝・人物・制度の穴埋め400語,WH-000989,989,Deck 3｜標準,人物,イスマーイール1世,いすまーいーるいっせい,,近世,西アジア,イラン・アゼルバイジャン,1501〜1524年在位,1501,WH-000989-R01,reverse,複合説明,reverse,何をした？,イラン・アゼルバイジャンを主な舞台に、**イスマーイール1世**は、キジルバシュを率いてタブリーズを占領し、1501年に**サファヴィー朝**を建国した。**十二イマーム派**シーア派を国教として、イランの宗教的統合を進めた。,イスマーイール1世|サファヴィー朝|十二イマーム派,,,,世界史の窓（章節別用語リスト）,https://www.y-history.net/appendix/appendix-list.html
世界史段階別デッキ｜Deck 3｜主要王朝・人物・制度の穴埋め400語,WH-000989,989,Deck 3｜標準,人物,イスマーイール1世,いすまーいーるいっせい,,近世,西アジア,イラン・アゼルバイジャン,1501〜1524年在位,1501,WH-000989-R02,reverse,時期,time,「イスマーイール1世」が主に活動したのはいつ？,**1501〜1524年在位**,1501〜1524年在位,,,,世界史の窓（章節別用語リスト）,https://www.y-history.net/appendix/appendix-list.html
世界史段階別デッキ｜Deck 3｜主要王朝・人物・制度の穴埋め400語,WH-000989,989,Deck 3｜標準,人物,イスマーイール1世,いすまーいーるいっせい,,近世,西アジア,イラン・アゼルバイジャン,1501〜1524年在位,1501,WH-000989-I01,integrated,統合説明,integrated,「イスマーイール1世」について説明せよ。,**1501〜1524年在位**、イラン・アゼルバイジャンを主な舞台に、**イスマーイール1世**は、キジルバシュを率いてタブリーズを占領し、1501年に**サファヴィー朝**を建国した。**十二イマーム派**シーア派を国教として、イランの宗教的統合を進めた。,イスマーイール1世|1501〜1524年在位|サファヴィー朝|十二イマーム派,,,,世界史の窓（章節別用語リスト）,https://www.y-history.net/appendix/appendix-list.html
世界史段階別デッキ｜Deck 3｜主要王朝・人物・制度の穴埋め400語,WH-000945,945,Deck 3｜標準,人物,ラファエロ,らふぁえろ,,近世,ヨーロッパ,イタリア・フィレンツェ・ローマ,1483〜1520年,1504,WH-000945-B01,beginner,用語の特定,identify,『アテネの学堂』を描き、調和ある構図で知られる盛期ルネサンスの画家は？,ラファエロ,ラファエロ,,,,世界史の窓（章節別用語リスト）,https://www.y-history.net/appendix/appendix-list.html
世界史段階別デッキ｜Deck 3｜主要王朝・人物・制度の穴埋め400語,WH-000945,945,Deck 3｜標準,人物,ラファエロ,らふぁえろ,,近世,ヨーロッパ,イタリア・フィレンツェ・ローマ,1483〜1520年,1504,WH-000945-B02,beginner,時期,time,「ラファエロ」が主に活動したのはいつ？,1483〜1520年,1483〜1520年,,,,世界史の窓（章節別用語リスト）,https://www.y-history.net/appendix/appendix-list.html
世界史段階別デッキ｜Deck 3｜主要王朝・人物・制度の穴埋め400語,WH-000945,945,Deck 3｜標準,人物,ラファエロ,らふぁえろ,,近世,ヨーロッパ,イタリア・フィレンツェ・ローマ,1483〜1520年,1504,WH-000945-B03,beginner,内容,content,「ラファエロ」について、代表作は？,『アテネの学堂』,アテネの学堂,,,,世界史の窓（章節別用語リスト）,https://www.y-history.net/appendix/appendix-list.html
世界史段階別デッキ｜Deck 3｜主要王朝・人物・制度の穴埋め400語,WH-000945,945,Deck 3｜標準,人物,ラファエロ,らふぁえろ,,近世,ヨーロッパ,イタリア・フィレンツェ・ローマ,1483〜1520年,1504,WH-000945-R01,reverse,複合説明,reverse,何をした？,イタリア・フィレンツェ・ローマを主な舞台に、**ラファエロ**は、盛期ルネサンスの画家で、古代の哲学者を理想的空間に描いた**『アテネの学堂』**や聖母子像で知られる。均衡・調和の取れた構図を完成させ、教皇庁で活動した。,ラファエロ|アテネの学堂,,,,世界史の窓（章節別用語リスト）,https://www.y-history.net/appendix/appendix-list.html
世界史段階別デッキ｜Deck 3｜主要王朝・人物・制度の穴埋め400語,WH-000945,945,Deck 3｜標準,人物,ラファエロ,らふぁえろ,,近世,ヨーロッパ,イタリア・フィレンツェ・ローマ,1483〜1520年,1504,WH-000945-R02,reverse,時期,time,「ラファエロ」が主に活動したのはいつ？,**1483〜1520年**,1483〜1520年,,,,世界史の窓（章節別用語リスト）,https://www.y-history.net/appendix/appendix-list.html
世界史段階別デッキ｜Deck 3｜主要王朝・人物・制度の穴埋め400語,WH-000945,945,Deck 3｜標準,人物,ラファエロ,らふぁえろ,,近世,ヨーロッパ,イタリア・フィレンツェ・ローマ,1483〜1520年,1504,WH-000945-I01,integrated,統合説明,integrated,「ラファエロ」について説明せよ。,**1483〜1520年**、イタリア・フィレンツェ・ローマを主な舞台に、**ラファエロ**は、盛期ルネサンスの画家で、古代の哲学者を理想的空間に描いた**『アテネの学堂』**や聖母子像で知られる。均衡・調和の取れた構図を完成させ、教皇庁で活動した。,ラファエロ|1483〜1520年|アテネの学堂,,,,世界史の窓（章節別用語リスト）,https://www.y-history.net/appendix/appendix-list.html
世界史段階別デッキ｜Deck 3｜主要王朝・人物・制度の穴埋め400語,WH-000982,982,Deck 3｜標準,人物,ラス＝カサス,らすかさす,バルトロメ＝デ＝ラス＝カサス,近世,アメリカ,スペイン領西インド諸島・スペイン,16世紀,1514,WH-000982-B01,beginner,用語の特定,identify,スペイン人による先住民虐待を告発し、植民地政策の改善を訴えた聖職者は？,ラス＝カサス,ラス＝カサス,バルトロメ＝デ＝ラス＝カサス,,,世界史の窓（章節別用語リスト）,https://www.y-history.net/appendix/appendix-list.html
世界史段階別デッキ｜Deck 3｜主要王朝・人物・制度の穴埋め400語,WH-000982,982,Deck 3｜標準,人物,ラス＝カサス,らすかさす,バルトロメ＝デ＝ラス＝カサス,近世,アメリカ,スペイン領西インド諸島・スペイン,16世紀,1514,WH-000982-B02,beginner,時期,time,「ラス＝カサス」が主に活動したのはいつ？,16世紀,16世紀,,,,世界史の窓（章節別用語リスト）,https://www.y-history.net/appendix/appendix-list.html
世界史段階別デッキ｜Deck 3｜主要王朝・人物・制度の穴埋め400語,WH-000982,982,Deck 3｜標準,人物,ラス＝カサス,らすかさす,バルトロメ＝デ＝ラス＝カサス,近世,アメリカ,スペイン領西インド諸島・スペイン,16世紀,1514,WH-000982-B03,beginner,関連,relation,「ラス＝カサス」について、擁護した人々は？,アメリカ先住民,アメリカ先住民,,,,世界史の窓（章節別用語リスト）,https://www.y-history.net/appendix/appendix-list.html
世界史段階別デッキ｜Deck 3｜主要王朝・人物・制度の穴埋め400語,WH-000982,982,Deck 3｜標準,人物,ラス＝カサス,らすかさす,バルトロメ＝デ＝ラス＝カサス,近世,アメリカ,スペイン領西インド諸島・スペイン,16世紀,1514,WH-000982-R01,reverse,複合説明,reverse,何をした？,スペイン領西インド諸島・スペインを主な舞台に、**ラス＝カサス**は、ドミニコ会聖職者として、エンコミエンダ制下の**先住民虐待**を告発した。『インディアスの破壊についての簡潔な報告』などで保護を訴え、1542年の**新法**制定に影響した。,ラス＝カサス|先住民虐待|新法,,,,世界史の窓（章節別用語リスト）,https://www.y-history.net/appendix/appendix-list.html
世界史段階別デッキ｜Deck 3｜主要王朝・人物・制度の穴埋め400語,WH-000982,982,Deck 3｜標準,人物,ラス＝カサス,らすかさす,バルトロメ＝デ＝ラス＝カサス,近世,アメリカ,スペイン領西インド諸島・スペイン,16世紀,1514,WH-000982-R02,reverse,時期,time,「ラス＝カサス」が主に活動したのはいつ？,**16世紀**,16世紀,,,,世界史の窓（章節別用語リスト）,https://www.y-history.net/appendix/appendix-list.html
世界史段階別デッキ｜Deck 3｜主要王朝・人物・制度の穴埋め400語,WH-000982,982,Deck 3｜標準,人物,ラス＝カサス,らすかさす,バルトロメ＝デ＝ラス＝カサス,近世,アメリカ,スペイン領西インド諸島・スペイン,16世紀,1514,WH-000982-I01,integrated,統合説明,integrated,「ラス＝カサス」について説明せよ。,**16世紀**、スペイン領西インド諸島・スペインを主な舞台に、**ラス＝カサス**は、ドミニコ会聖職者として、エンコミエンダ制下の**先住民虐待**を告発した。『インディアスの破壊についての簡潔な報告』などで保護を訴え、1542年の**新法**制定に影響した。,ラス＝カサス|16世紀|先住民虐待|新法,,,,世界史の窓（章節別用語リスト）,https://www.y-history.net/appendix/appendix-list.html
世界史段階別デッキ｜Deck 3｜主要王朝・人物・制度の穴埋め400語,WH-000990,990,Deck 3｜標準,戦争,チャルディラーンの戦い,ちゃるでぃらーんのたたかい,,近世,西アジア,東アナトリア・チャルディラーン,1514年,1514,WH-000990-B01,beginner,用語の特定,identify,火器を用いたオスマン軍がサファヴィー朝を破り、両国の勢力圏を分けた戦いは？,チャルディラーンの戦い,チャルディラーンの戦い,,,,世界史の窓（章節別用語リスト）,https://www.y-history.net/appendix/appendix-list.html
世界史段階別デッキ｜Deck 3｜主要王朝・人物・制度の穴埋め400語,WH-000990,990,Deck 3｜標準,戦争,チャルディラーンの戦い,ちゃるでぃらーんのたたかい,,近世,西アジア,東アナトリア・チャルディラーン,1514年,1514,WH-000990-B02,beginner,時期,time,「チャルディラーンの戦い」が戦われたのはいつ？,1514年,1514年,,,,世界史の窓（章節別用語リスト）,https://www.y-history.net/appendix/appendix-list.html
世界史段階別デッキ｜Deck 3｜主要王朝・人物・制度の穴埋め400語,WH-000990,990,Deck 3｜標準,戦争,チャルディラーンの戦い,ちゃるでぃらーんのたたかい,,近世,西アジア,東アナトリア・チャルディラーン,1514年,1514,WH-000990-B03,beginner,関連,relation,「チャルディラーンの戦い」について、勝利した国家は？,オスマン帝国,オスマン帝国,,,,世界史の窓（章節別用語リスト）,https://www.y-history.net/appendix/appendix-list.html
世界史段階別デッキ｜Deck 3｜主要王朝・人物・制度の穴埋め400語,WH-000990,990,Deck 3｜標準,戦争,チャルディラーンの戦い,ちゃるでぃらーんのたたかい,,近世,西アジア,東アナトリア・チャルディラーン,1514年,1514,WH-000990-R01,reverse,複合説明,reverse,何が起きた？,東アナトリア・チャルディラーンを主な舞台に、**チャルディラーンの戦い**は、**オスマン帝国**のセリム1世が、キジルバシュ騎兵を主力とするイスマーイール1世の**サファヴィー朝**を火器で破った。東アナトリアでのオスマン優位を確立し、スンナ派・シーア派両帝国の対立を示した。,チャルディラーンの戦い|オスマン帝国|サファヴィー朝,,,,世界史の窓（章節別用語リスト）,https://www.y-history.net/appendix/appendix-list.html
世界史段階別デッキ｜Deck 3｜主要王朝・人物・制度の穴埋め400語,WH-000990,990,Deck 3｜標準,戦争,チャルディラーンの戦い,ちゃるでぃらーんのたたかい,,近世,西アジア,東アナトリア・チャルディラーン,1514年,1514,WH-000990-R02,reverse,時期,time,「チャルディラーンの戦い」が戦われたのはいつ？,**1514年**,1514年,,,,世界史の窓（章節別用語リスト）,https://www.y-history.net/appendix/appendix-list.html
世界史段階別デッキ｜Deck 3｜主要王朝・人物・制度の穴埋め400語,WH-000990,990,Deck 3｜標準,戦争,チャルディラーンの戦い,ちゃるでぃらーんのたたかい,,近世,西アジア,東アナトリア・チャルディラーン,1514年,1514,WH-000990-I01,integrated,統合説明,integrated,「チャルディラーンの戦い」について説明せよ。,**1514年**、東アナトリア・チャルディラーンを主な舞台に、**チャルディラーンの戦い**は、**オスマン帝国**のセリム1世が、キジルバシュ騎兵を主力とするイスマーイール1世の**サファヴィー朝**を火器で破った。東アナトリアでのオスマン優位を確立し、スンナ派・シーア派両帝国の対立を示した。,チャルディラーンの戦い|1514年|オスマン帝国|サファヴィー朝,,,,世界史の窓（章節別用語リスト）,https://www.y-history.net/appendix/appendix-list.html
世界史段階別デッキ｜Deck 3｜主要王朝・人物・制度の穴埋め400語,WH-000951,951,Deck 3｜標準,人物,ツヴィングリ,つゔぃんぐり,フルドリヒ＝ツヴィングリ,近世,ヨーロッパ,スイス・チューリヒ,16世紀前半,1519,WH-000951-B01,beginner,用語の特定,identify,チューリヒで聖書中心の宗教改革を進め、聖餐を象徴的儀式と解した改革者は？,ツヴィングリ,ツヴィングリ,フルドリヒ＝ツヴィングリ,,,世界史の窓（章節別用語リスト）,https://www.y-history.net/appendix/appendix-list.html
世界史段階別デッキ｜Deck 3｜主要王朝・人物・制度の穴埋め400語,WH-000951,951,Deck 3｜標準,人物,ツヴィングリ,つゔぃんぐり,フルドリヒ＝ツヴィングリ,近世,ヨーロッパ,スイス・チューリヒ,16世紀前半,1519,WH-000951-B02,beginner,時期,time,「ツヴィングリ」が主に活動したのはいつ？,16世紀前半,16世紀前半,,,,世界史の窓（章節別用語リスト）,https://www.y-history.net/appendix/appendix-list.html
世界史段階別デッキ｜Deck 3｜主要王朝・人物・制度の穴埋め400語,WH-000951,951,Deck 3｜標準,人物,ツヴィングリ,つゔぃんぐり,フルドリヒ＝ツヴィングリ,近世,ヨーロッパ,スイス・チューリヒ,16世紀前半,1519,WH-000951-B03,beginner,内容,content,「ツヴィングリ」について、主な活動都市は？,チューリヒ,チューリヒ,,,,世界史の窓（章節別用語リスト）,https://www.y-history.net/appendix/appendix-list.html
世界史段階別デッキ｜Deck 3｜主要王朝・人物・制度の穴埋め400語,WH-000951,951,Deck 3｜標準,人物,ツヴィングリ,つゔぃんぐり,フルドリヒ＝ツヴィングリ,近世,ヨーロッパ,スイス・チューリヒ,16世紀前半,1519,WH-000951-R01,reverse,複合説明,reverse,何をした？,スイス・チューリヒを主な舞台に、**ツヴィングリ**は、スイスのチューリヒで説教を通じて宗教改革を進め、聖書に根拠のない儀礼・聖像を排した。**聖餐**をキリストの体そのものではなく象徴と解し、ルターと対立した。,ツヴィングリ|聖餐,,,,世界史の窓（章節別用語リスト）,https://www.y-history.net/appendix/appendix-list.html
世界史段階別デッキ｜Deck 3｜主要王朝・人物・制度の穴埋め400語,WH-000951,951,Deck 3｜標準,人物,ツヴィングリ,つゔぃんぐり,フルドリヒ＝ツヴィングリ,近世,ヨーロッパ,スイス・チューリヒ,16世紀前半,1519,WH-000951-R02,reverse,時期,time,「ツヴィングリ」が主に活動したのはいつ？,**16世紀前半**,16世紀前半,,,,世界史の窓（章節別用語リスト）,https://www.y-history.net/appendix/appendix-list.html
世界史段階別デッキ｜Deck 3｜主要王朝・人物・制度の穴埋め400語,WH-000951,951,Deck 3｜標準,人物,ツヴィングリ,つゔぃんぐり,フルドリヒ＝ツヴィングリ,近世,ヨーロッパ,スイス・チューリヒ,16世紀前半,1519,WH-000951-I01,integrated,統合説明,integrated,「ツヴィングリ」について説明せよ。,**16世紀前半**、スイス・チューリヒを主な舞台に、**ツヴィングリ**は、スイスのチューリヒで説教を通じて宗教改革を進め、聖書に根拠のない儀礼・聖像を排した。**聖餐**をキリストの体そのものではなく象徴と解し、ルターと対立した。,ツヴィングリ|16世紀前半|聖餐,,,,世界史の窓（章節別用語リスト）,https://www.y-history.net/appendix/appendix-list.html
世界史段階別デッキ｜Deck 3｜主要王朝・人物・制度の穴埋め400語,WH-000994,994,Deck 3｜標準,人物,フマーユーン,ふまーゆーん,,近世,南アジア,ムガル帝国・北インド・イラン,1530〜1540年・1555〜1556年在位,1530,WH-000994-B01,beginner,用語の特定,identify,シェール＝シャーに敗れて亡命した後、サファヴィー朝の援助でムガル帝国を再建した皇帝は？,フマーユーン,フマーユーン,,,,世界史の窓（章節別用語リスト）,https://www.y-history.net/appendix/appendix-list.html
世界史段階別デッキ｜Deck 3｜主要王朝・人物・制度の穴埋め400語,WH-000994,994,Deck 3｜標準,人物,フマーユーン,ふまーゆーん,,近世,南アジア,ムガル帝国・北インド・イラン,1530〜1540年・1555〜1556年在位,1530,WH-000994-B02,beginner,時期,time,「フマーユーン」が主に活動したのはいつ？,1530〜1540年・1555〜1556年在位,1530〜1540年・1555〜1556年在位,,,,世界史の窓（章節別用語リスト）,https://www.y-history.net/appendix/appendix-list.html
世界史段階別デッキ｜Deck 3｜主要王朝・人物・制度の穴埋め400語,WH-000994,994,Deck 3｜標準,人物,フマーユーン,ふまーゆーん,,近世,南アジア,ムガル帝国・北インド・イラン,1530〜1540年・1555〜1556年在位,1530,WH-000994-B03,beginner,中心人物,person,「フマーユーン」について、父は？,バーブル,バーブル,,,,世界史の窓（章節別用語リスト）,https://www.y-history.net/appendix/appendix-list.html
世界史段階別デッキ｜Deck 3｜主要王朝・人物・制度の穴埋め400語,WH-000994,994,Deck 3｜標準,人物,フマーユーン,ふまーゆーん,,近世,南アジア,ムガル帝国・北インド・イラン,1530〜1540年・1555〜1556年在位,1530,WH-000994-R01,reverse,複合説明,reverse,何をした？,ムガル帝国・北インド・イランを主な舞台に、**フマーユーン**は、ムガル帝国初代**バーブル**の子で、アフガン系のシェール＝シャーに敗れイランへ亡命した。サファヴィー朝の援助を得て1555年にデリーを奪回し、王朝を再建した。,フマーユーン|バーブル,,,,世界史の窓（章節別用語リスト）,https://www.y-history.net/appendix/appendix-list.html
世界史段階別デッキ｜Deck 3｜主要王朝・人物・制度の穴埋め400語,WH-000994,994,Deck 3｜標準,人物,フマーユーン,ふまーゆーん,,近世,南アジア,ムガル帝国・北インド・イラン,1530〜1540年・1555〜1556年在位,1530,WH-000994-R02,reverse,時期,time,「フマーユーン」が主に活動したのはいつ？,**1530〜1540年・1555〜1556年在位**,1530〜1540年・1555〜1556年在位,,,,世界史の窓（章節別用語リスト）,https://www.y-history.net/appendix/appendix-list.html
世界史段階別デッキ｜Deck 3｜主要王朝・人物・制度の穴埋め400語,WH-000994,994,Deck 3｜標準,人物,フマーユーン,ふまーゆーん,,近世,南アジア,ムガル帝国・北インド・イラン,1530〜1540年・1555〜1556年在位,1530,WH-000994-I01,integrated,統合説明,integrated,「フマーユーン」について説明せよ。,**1530〜1540年・1555〜1556年在位**、ムガル帝国・北インド・イランを主な舞台に、**フマーユーン**は、ムガル帝国初代**バーブル**の子で、アフガン系のシェール＝シャーに敗れイランへ亡命した。サファヴィー朝の援助を得て1555年にデリーを奪回し、王朝を再建した。,フマーユーン|1530〜1540年・1555〜1556年在位|バーブル,,,,世界史の窓（章節別用語リスト）,https://www.y-history.net/appendix/appendix-list.html
世界史段階別デッキ｜Deck 3｜主要王朝・人物・制度の穴埋め400語,WH-000952,952,Deck 3｜標準,人物,イグナティウス＝ロヨラ,いぐなてぃうすろよら,,近世,ヨーロッパ,スペインからローマ・世界各地,16世紀前半,1534,WH-000952-B01,beginner,用語の特定,identify,イエズス会を創設し、教育・宣教によってカトリック改革を進めた人物は？,イグナティウス＝ロヨラ,イグナティウス＝ロヨラ,,,,世界史の窓（章節別用語リスト）,https://www.y-history.net/appendix/appendix-list.html
世界史段階別デッキ｜Deck 3｜主要王朝・人物・制度の穴埋め400語,WH-000952,952,Deck 3｜標準,人物,イグナティウス＝ロヨラ,いぐなてぃうすろよら,,近世,ヨーロッパ,スペインからローマ・世界各地,16世紀前半,1534,WH-000952-B02,beginner,時期,time,「イグナティウス＝ロヨラ」が主に活動したのはいつ？,16世紀前半,16世紀前半,,,,世界史の窓（章節別用語リスト）,https://www.y-history.net/appendix/appendix-list.html
世界史段階別デッキ｜Deck 3｜主要王朝・人物・制度の穴埋め400語,WH-000952,952,Deck 3｜標準,人物,イグナティウス＝ロヨラ,いぐなてぃうすろよら,,近世,ヨーロッパ,スペインからローマ・世界各地,16世紀前半,1534,WH-000952-B03,beginner,内容,content,「イグナティウス＝ロヨラ」について、創設した修道会は？,イエズス会,イエズス会,,,,世界史の窓（章節別用語リスト）,https://www.y-history.net/appendix/appendix-list.html
世界史段階別デッキ｜Deck 3｜主要王朝・人物・制度の穴埋め400語,WH-000952,952,Deck 3｜標準,人物,イグナティウス＝ロヨラ,いぐなてぃうすろよら,,近世,ヨーロッパ,スペインからローマ・世界各地,16世紀前半,1534,WH-000952-R01,reverse,複合説明,reverse,何をした？,スペインからローマ・世界各地を主な舞台に、**イグナティウス＝ロヨラ**は、スペイン出身の聖職者で、同志とともに**イエズス会**を組織し、1540年に教皇の認可を得た。厳格な訓練、学校教育、海外宣教を通じて**対抗宗教改革**を担った。,イグナティウス＝ロヨラ|イエズス会|対抗宗教改革,,,,世界史の窓（章節別用語リスト）,https://www.y-history.net/appendix/appendix-list.html
世界史段階別デッキ｜Deck 3｜主要王朝・人物・制度の穴埋め400語,WH-000952,952,Deck 3｜標準,人物,イグナティウス＝ロヨラ,いぐなてぃうすろよら,,近世,ヨーロッパ,スペインからローマ・世界各地,16世紀前半,1534,WH-000952-R02,reverse,時期,time,「イグナティウス＝ロヨラ」が主に活動したのはいつ？,**16世紀前半**,16世紀前半,,,,世界史の窓（章節別用語リスト）,https://www.y-history.net/appendix/appendix-list.html
世界史段階別デッキ｜Deck 3｜主要王朝・人物・制度の穴埋め400語,WH-000952,952,Deck 3｜標準,人物,イグナティウス＝ロヨラ,いぐなてぃうすろよら,,近世,ヨーロッパ,スペインからローマ・世界各地,16世紀前半,1534,WH-000952-I01,integrated,統合説明,integrated,「イグナティウス＝ロヨラ」について説明せよ。,**16世紀前半**、スペインからローマ・世界各地を主な舞台に、**イグナティウス＝ロヨラ**は、スペイン出身の聖職者で、同志とともに**イエズス会**を組織し、1540年に教皇の認可を得た。厳格な訓練、学校教育、海外宣教を通じて**対抗宗教改革**を担った。,イグナティウス＝ロヨラ|16世紀前半|イエズス会|対抗宗教改革,,,,世界史の窓（章節別用語リスト）,https://www.y-history.net/appendix/appendix-list.html
世界史段階別デッキ｜Deck 3｜主要王朝・人物・制度の穴埋め400語,WH-000995,995,Deck 3｜標準,人物,シェール＝シャー,しぇーるしゃー,シェール＝シャー＝スール,近世,南アジア,北インド,1540〜1545年在位,1540,WH-000995-B01,beginner,用語の特定,identify,フマーユーンを追放してスール朝を開き、地租・通貨・道路を整備した支配者は？,シェール＝シャー,シェール＝シャー,シェール＝シャー＝スール,,,世界史の窓（章節別用語リスト）,https://www.y-history.net/appendix/appendix-list.html
世界史段階別デッキ｜Deck 3｜主要王朝・人物・制度の穴埋め400語,WH-000995,995,Deck 3｜標準,人物,シェール＝シャー,しぇーるしゃー,シェール＝シャー＝スール,近世,南アジア,北インド,1540〜1545年在位,1540,WH-000995-B02,beginner,時期,time,「シェール＝シャー」が主に活動したのはいつ？,1540〜1545年在位,1540〜1545年在位,,,,世界史の窓（章節別用語リスト）,https://www.y-history.net/appendix/appendix-list.html
世界史段階別デッキ｜Deck 3｜主要王朝・人物・制度の穴埋め400語,WH-000995,995,Deck 3｜標準,人物,シェール＝シャー,しぇーるしゃー,シェール＝シャー＝スール,近世,南アジア,北インド,1540〜1545年在位,1540,WH-000995-B03,beginner,関連,relation,「シェール＝シャー」について、開いた王朝は？,スール朝,スール朝,,,,世界史の窓（章節別用語リスト）,https://www.y-history.net/appendix/appendix-list.html
世界史段階別デッキ｜Deck 3｜主要王朝・人物・制度の穴埋め400語,WH-000995,995,Deck 3｜標準,人物,シェール＝シャー,しぇーるしゃー,シェール＝シャー＝スール,近世,南アジア,北インド,1540〜1545年在位,1540,WH-000995-R01,reverse,複合説明,reverse,何をした？,北インドを主な舞台に、**シェール＝シャー**は、アフガン系勢力を率いてフマーユーンを破り、北インドに**スール朝**を開いた。土地測量に基づく地租、銀貨ルピー、幹線道路と宿駅を整え、後のアクバル改革へ影響した。,シェール＝シャー|スール朝,,,,世界史の窓（章節別用語リスト）,https://www.y-history.net/appendix/appendix-list.html
世界史段階別デッキ｜Deck 3｜主要王朝・人物・制度の穴埋め400語,WH-000995,995,Deck 3｜標準,人物,シェール＝シャー,しぇーるしゃー,シェール＝シャー＝スール,近世,南アジア,北インド,1540〜1545年在位,1540,WH-000995-R02,reverse,時期,time,「シェール＝シャー」が主に活動したのはいつ？,**1540〜1545年在位**,1540〜1545年在位,,,,世界史の窓（章節別用語リスト）,https://www.y-history.net/appendix/appendix-list.html
世界史段階別デッキ｜Deck 3｜主要王朝・人物・制度の穴埋め400語,WH-000995,995,Deck 3｜標準,人物,シェール＝シャー,しぇーるしゃー,シェール＝シャー＝スール,近世,南アジア,北インド,1540〜1545年在位,1540,WH-000995-I01,integrated,統合説明,integrated,「シェール＝シャー」について説明せよ。,**1540〜1545年在位**、北インドを主な舞台に、**シェール＝シャー**は、アフガン系勢力を率いてフマーユーンを破り、北インドに**スール朝**を開いた。土地測量に基づく地租、銀貨ルピー、幹線道路と宿駅を整え、後のアクバル改革へ影響した。,シェール＝シャー|1540〜1545年在位|スール朝,,,,世界史の窓（章節別用語リスト）,https://www.y-history.net/appendix/appendix-list.html
世界史段階別デッキ｜Deck 3｜主要王朝・人物・制度の穴埋め400語,WH-000957,957,Deck 3｜標準,人物,ヴェサリウス,ゔぇさりうす,アンドレアス＝ヴェサリウス,近世,ヨーロッパ,ネーデルラント・イタリア,16世紀,1543,WH-000957-B01,beginner,用語の特定,identify,人体解剖に基づく『人体の構造』を刊行し、近代解剖学を築いた人物は？,ヴェサリウス,ヴェサリウス,アンドレアス＝ヴェサリウス,,,世界史の窓（章節別用語リスト）,https://www.y-history.net/appendix/appendix-list.html
世界史段階別デッキ｜Deck 3｜主要王朝・人物・制度の穴埋め400語,WH-000957,957,Deck 3｜標準,人物,ヴェサリウス,ゔぇさりうす,アンドレアス＝ヴェサリウス,近世,ヨーロッパ,ネーデルラント・イタリア,16世紀,1543,WH-000957-B02,beginner,時期,time,「ヴェサリウス」が主に活動したのはいつ？,16世紀,16世紀,,,,世界史の窓（章節別用語リスト）,https://www.y-history.net/appendix/appendix-list.html
世界史段階別デッキ｜Deck 3｜主要王朝・人物・制度の穴埋め400語,WH-000957,957,Deck 3｜標準,人物,ヴェサリウス,ゔぇさりうす,アンドレアス＝ヴェサリウス,近世,ヨーロッパ,ネーデルラント・イタリア,16世紀,1543,WH-000957-B03,beginner,内容,content,「ヴェサリウス」について、代表作は？,『人体の構造』,人体の構造,,,,世界史の窓（章節別用語リスト）,https://www.y-history.net/appendix/appendix-list.html
世界史段階別デッキ｜Deck 3｜主要王朝・人物・制度の穴埋め400語,WH-000957,957,Deck 3｜標準,人物,ヴェサリウス,ゔぇさりうす,アンドレアス＝ヴェサリウス,近世,ヨーロッパ,ネーデルラント・イタリア,16世紀,1543,WH-000957-R01,reverse,複合説明,reverse,何をした？,ネーデルラント・イタリアを主な舞台に、**ヴェサリウス**は、実際の人体解剖を重視し、1543年に**『人体の構造』**を刊行した。古代ガレノスの動物解剖に基づく誤りを訂正し、観察を基礎とする近代解剖学を築いた。,ヴェサリウス|人体の構造,,,,世界史の窓（章節別用語リスト）,https://www.y-history.net/appendix/appendix-list.html
世界史段階別デッキ｜Deck 3｜主要王朝・人物・制度の穴埋め400語,WH-000957,957,Deck 3｜標準,人物,ヴェサリウス,ゔぇさりうす,アンドレアス＝ヴェサリウス,近世,ヨーロッパ,ネーデルラント・イタリア,16世紀,1543,WH-000957-R02,reverse,時期,time,「ヴェサリウス」が主に活動したのはいつ？,**16世紀**,16世紀,,,,世界史の窓（章節別用語リスト）,https://www.y-history.net/appendix/appendix-list.html
世界史段階別デッキ｜Deck 3｜主要王朝・人物・制度の穴埋め400語,WH-000957,957,Deck 3｜標準,人物,ヴェサリウス,ゔぇさりうす,アンドレアス＝ヴェサリウス,近世,ヨーロッパ,ネーデルラント・イタリア,16世紀,1543,WH-000957-I01,integrated,統合説明,integrated,「ヴェサリウス」について説明せよ。,**16世紀**、ネーデルラント・イタリアを主な舞台に、**ヴェサリウス**は、実際の人体解剖を重視し、1543年に**『人体の構造』**を刊行した。古代ガレノスの動物解剖に基づく誤りを訂正し、観察を基礎とする近代解剖学を築いた。,ヴェサリウス|16世紀|人体の構造,,,,世界史の窓（章節別用語リスト）,https://www.y-history.net/appendix/appendix-list.html
世界史段階別デッキ｜Deck 3｜主要王朝・人物・制度の穴埋め400語,WH-000867,867,Deck 3｜標準,人物,李舜臣,りしゅんしん,,近世,東アジア,朝鮮半島南岸・東アジア海域,1545〜1598年,1545,WH-000867-B01,beginner,用語の特定,identify,文禄・慶長の役で朝鮮水軍を率い、日本軍の海上補給を妨げた将軍は？,李舜臣(りしゅんしん),李舜臣,,,,世界史の窓（章節別用語リスト）,https://www.y-history.net/appendix/appendix-list.html
世界史段階別デッキ｜Deck 3｜主要王朝・人物・制度の穴埋め400語,WH-000867,867,Deck 3｜標準,人物,李舜臣,りしゅんしん,,近世,東アジア,朝鮮半島南岸・東アジア海域,1545〜1598年,1545,WH-000867-B02,beginner,時期,time,「李舜臣(りしゅんしん)」が主に活動したのはいつ？,1545〜1598年,1545〜1598年,,,,世界史の窓（章節別用語リスト）,https://www.y-history.net/appendix/appendix-list.html
世界史段階別デッキ｜Deck 3｜主要王朝・人物・制度の穴埋め400語,WH-000867,867,Deck 3｜標準,人物,李舜臣,りしゅんしん,,近世,東アジア,朝鮮半島南岸・東アジア海域,1545〜1598年,1545,WH-000867-B03,beginner,内容,content,「李舜臣(りしゅんしん)」について、用いたことで知られる船は？,亀甲船(きっこうせん),亀甲船,,,,世界史の窓（章節別用語リスト）,https://www.y-history.net/appendix/appendix-list.html
世界史段階別デッキ｜Deck 3｜主要王朝・人物・制度の穴埋め400語,WH-000867,867,Deck 3｜標準,人物,李舜臣,りしゅんしん,,近世,東アジア,朝鮮半島南岸・東アジア海域,1545〜1598年,1545,WH-000867-R01,reverse,複合説明,reverse,何をした？,朝鮮半島南岸・東アジア海域を主な舞台に、**李舜臣(りしゅんしん)**は、**文禄・慶長の役**で朝鮮水軍を率いた将軍で、亀甲船(きっこうせん)などを用いて日本水軍を破り、海上補給を妨げた。朝鮮では救国の英雄とされる。,李舜臣|文禄・慶長の役,,,,世界史の窓（章節別用語リスト）,https://www.y-history.net/appendix/appendix-list.html
世界史段階別デッキ｜Deck 3｜主要王朝・人物・制度の穴埋め400語,WH-000867,867,Deck 3｜標準,人物,李舜臣,りしゅんしん,,近世,東アジア,朝鮮半島南岸・東アジア海域,1545〜1598年,1545,WH-000867-R02,reverse,時期,time,「李舜臣(りしゅんしん)」が主に活動したのはいつ？,**1545〜1598年**,1545〜1598年,,,,世界史の窓（章節別用語リスト）,https://www.y-history.net/appendix/appendix-list.html
世界史段階別デッキ｜Deck 3｜主要王朝・人物・制度の穴埋め400語,WH-000867,867,Deck 3｜標準,人物,李舜臣,りしゅんしん,,近世,東アジア,朝鮮半島南岸・東アジア海域,1545〜1598年,1545,WH-000867-I01,integrated,統合説明,integrated,「李舜臣(りしゅんしん)」について説明せよ。,**1545〜1598年**、朝鮮半島南岸・東アジア海域を主な舞台に、**李舜臣(りしゅんしん)**は、**文禄・慶長の役**で朝鮮水軍を率いた将軍で、亀甲船(きっこうせん)などを用いて日本水軍を破り、海上補給を妨げた。朝鮮では救国の英雄とされる。,李舜臣|1545〜1598年|文禄・慶長の役,,,,世界史の窓（章節別用語リスト）,https://www.y-history.net/appendix/appendix-list.html
世界史段階別デッキ｜Deck 3｜主要王朝・人物・制度の穴埋め400語,WH-000953,953,Deck 3｜標準,宗教・宗派,ユグノー,ゆぐのー,フランス＝カルヴァン派,近世,ヨーロッパ,フランス,16〜17世紀,1550,WH-000953-B01,beginner,用語の特定,identify,16世紀フランスで勢力を伸ばし、カトリック側とユグノー戦争を行ったカルヴァン派を何という？,ユグノー,ユグノー,フランス＝カルヴァン派,,,世界史の窓（章節別用語リスト）,https://www.y-history.net/appendix/appendix-list.html
世界史段階別デッキ｜Deck 3｜主要王朝・人物・制度の穴埋め400語,WH-000953,953,Deck 3｜標準,宗教・宗派,ユグノー,ゆぐのー,フランス＝カルヴァン派,近世,ヨーロッパ,フランス,16〜17世紀,1550,WH-000953-B02,beginner,時期,time,「ユグノー」が成立・広がったのはいつ？,16〜17世紀,16〜17世紀,,,,世界史の窓（章節別用語リスト）,https://www.y-history.net/appendix/appendix-list.html
世界史段階別デッキ｜Deck 3｜主要王朝・人物・制度の穴埋め400語,WH-000953,953,Deck 3｜標準,宗教・宗派,ユグノー,ゆぐのー,フランス＝カルヴァン派,近世,ヨーロッパ,フランス,16〜17世紀,1550,WH-000953-B03,beginner,関連,relation,「ユグノー」について、属した宗派は？,カルヴァン派,カルヴァン派,,,,世界史の窓（章節別用語リスト）,https://www.y-history.net/appendix/appendix-list.html
世界史段階別デッキ｜Deck 3｜主要王朝・人物・制度の穴埋め400語,WH-000953,953,Deck 3｜標準,宗教・宗派,ユグノー,ゆぐのー,フランス＝カルヴァン派,近世,ヨーロッパ,フランス,16〜17世紀,1550,WH-000953-R01,reverse,複合説明,reverse,どんな宗教・宗派？,フランスを主な舞台に、**ユグノー**は、フランスの**カルヴァン派**プロテスタントで、貴族・都市民にも広がった。カトリック勢力との**ユグノー戦争**を経てナントの勅令で一定の権利を得たが、1685年の勅令廃止後に国外へ流出した。,ユグノー|カルヴァン派|ユグノー戦争,,,,世界史の窓（章節別用語リスト）,https://www.y-history.net/appendix/appendix-list.html
世界史段階別デッキ｜Deck 3｜主要王朝・人物・制度の穴埋め400語,WH-000953,953,Deck 3｜標準,宗教・宗派,ユグノー,ゆぐのー,フランス＝カルヴァン派,近世,ヨーロッパ,フランス,16〜17世紀,1550,WH-000953-R02,reverse,時期,time,「ユグノー」が成立・広がったのはいつ？,**16〜17世紀**,16〜17世紀,,,,世界史の窓（章節別用語リスト）,https://www.y-history.net/appendix/appendix-list.html
世界史段階別デッキ｜Deck 3｜主要王朝・人物・制度の穴埋め400語,WH-000953,953,Deck 3｜標準,宗教・宗派,ユグノー,ゆぐのー,フランス＝カルヴァン派,近世,ヨーロッパ,フランス,16〜17世紀,1550,WH-000953-I01,integrated,統合説明,integrated,「ユグノー」について説明せよ。,**16〜17世紀**、フランスを主な舞台に、**ユグノー**は、フランスの**カルヴァン派**プロテスタントで、貴族・都市民にも広がった。カトリック勢力との**ユグノー戦争**を経てナントの勅令で一定の権利を得たが、1685年の勅令廃止後に国外へ流出した。,ユグノー|16〜17世紀|カルヴァン派|ユグノー戦争,,,,世界史の窓（章節別用語リスト）,https://www.y-history.net/appendix/appendix-list.html
世界史段階別デッキ｜Deck 3｜主要王朝・人物・制度の穴埋め400語,WH-000983,983,Deck 3｜標準,民族・身分・社会集団,メスティソ,めすてぃそ,,近世,アメリカ,ラテンアメリカ,16世紀以後,1550,WH-000983-B01,beginner,用語の特定,identify,ヨーロッパ系住民とアメリカ先住民の混血を指す植民地社会の呼称は？,メスティソ,メスティソ,,,,世界史の窓（章節別用語リスト）,https://www.y-history.net/appendix/appendix-list.html
世界史段階別デッキ｜Deck 3｜主要王朝・人物・制度の穴埋め400語,WH-000983,983,Deck 3｜標準,民族・身分・社会集団,メスティソ,めすてぃそ,,近世,アメリカ,ラテンアメリカ,16世紀以後,1550,WH-000983-B02,beginner,時期,time,「メスティソ」が使用・展開されたのはいつ？,16世紀以後,16世紀以後,,,,世界史の窓（章節別用語リスト）,https://www.y-history.net/appendix/appendix-list.html
世界史段階別デッキ｜Deck 3｜主要王朝・人物・制度の穴埋め400語,WH-000983,983,Deck 3｜標準,民族・身分・社会集団,メスティソ,めすてぃそ,,近世,アメリカ,ラテンアメリカ,16世紀以後,1550,WH-000983-B03,beginner,内容,content,「メスティソ」について、祖先の組合せは？,ヨーロッパ系と先住民,ヨーロッパ系と先住民,,,,世界史の窓（章節別用語リスト）,https://www.y-history.net/appendix/appendix-list.html
世界史段階別デッキ｜Deck 3｜主要王朝・人物・制度の穴埋め400語,WH-000983,983,Deck 3｜標準,民族・身分・社会集団,メスティソ,めすてぃそ,,近世,アメリカ,ラテンアメリカ,16世紀以後,1550,WH-000983-R01,reverse,複合説明,reverse,どんな人々・集団？,ラテンアメリカを主な舞台に、**メスティソ**は、スペイン・ポルトガル系住民と**アメリカ先住民**の間に生まれた人々を指す。ラテンアメリカの複雑な人種・身分秩序の中間層を形成し、独立後の国民社会でも大きな割合を占めた。,メスティソ|アメリカ先住民,,,,世界史の窓（章節別用語リスト）,https://www.y-history.net/appendix/appendix-list.html
世界史段階別デッキ｜Deck 3｜主要王朝・人物・制度の穴埋め400語,WH-000983,983,Deck 3｜標準,民族・身分・社会集団,メスティソ,めすてぃそ,,近世,アメリカ,ラテンアメリカ,16世紀以後,1550,WH-000983-R02,reverse,時期,time,「メスティソ」が使用・展開されたのはいつ？,**16世紀以後**,16世紀以後,,,,世界史の窓（章節別用語リスト）,https://www.y-history.net/appendix/appendix-list.html
世界史段階別デッキ｜Deck 3｜主要王朝・人物・制度の穴埋め400語,WH-000983,983,Deck 3｜標準,民族・身分・社会集団,メスティソ,めすてぃそ,,近世,アメリカ,ラテンアメリカ,16世紀以後,1550,WH-000983-I01,integrated,統合説明,integrated,「メスティソ」について説明せよ。,**16世紀以後**、ラテンアメリカを主な舞台に、**メスティソ**は、スペイン・ポルトガル系住民と**アメリカ先住民**の間に生まれた人々を指す。ラテンアメリカの複雑な人種・身分秩序の中間層を形成し、独立後の国民社会でも大きな割合を占めた。,メスティソ|16世紀以後|アメリカ先住民,,,,世界史の窓（章節別用語リスト）,https://www.y-history.net/appendix/appendix-list.html
世界史段階別デッキ｜Deck 3｜主要王朝・人物・制度の穴埋め400語,WH-000985,985,Deck 3｜標準,経済・交易,マニラ＝ガレオン貿易,まにらがれおんぼうえき,アカプルコ貿易,近世,複数地域,フィリピン・マニラとメキシコ・アカプルコ、さらに中国,1565〜1815年,1565,WH-000985-B01,beginner,用語の特定,identify,大型帆船でマニラとアカプルコを結び、アメリカ銀と中国産品を交換した貿易は？,マニラ＝ガレオン貿易,マニラ＝ガレオン貿易,アカプルコ貿易,,,世界史の窓（章節別用語リスト）,https://www.y-history.net/appendix/appendix-list.html
世界史段階別デッキ｜Deck 3｜主要王朝・人物・制度の穴埋め400語,WH-000985,985,Deck 3｜標準,経済・交易,マニラ＝ガレオン貿易,まにらがれおんぼうえき,アカプルコ貿易,近世,複数地域,フィリピン・マニラとメキシコ・アカプルコ、さらに中国,1565〜1815年,1565,WH-000985-B02,beginner,時期,time,「マニラ＝ガレオン貿易」が使用・展開されたのはいつ？,1565〜1815年,1565〜1815年,,,,世界史の窓（章節別用語リスト）,https://www.y-history.net/appendix/appendix-list.html
世界史段階別デッキ｜Deck 3｜主要王朝・人物・制度の穴埋め400語,WH-000985,985,Deck 3｜標準,経済・交易,マニラ＝ガレオン貿易,まにらがれおんぼうえき,アカプルコ貿易,近世,複数地域,フィリピン・マニラとメキシコ・アカプルコ、さらに中国,1565〜1815年,1565,WH-000985-B03,beginner,内容,content,「マニラ＝ガレオン貿易」について、運ばれた主要な貨幣は？,メキシコ銀,メキシコ銀,,,,世界史の窓（章節別用語リスト）,https://www.y-history.net/appendix/appendix-list.html
世界史段階別デッキ｜Deck 3｜主要王朝・人物・制度の穴埋め400語,WH-000985,985,Deck 3｜標準,経済・交易,マニラ＝ガレオン貿易,まにらがれおんぼうえき,アカプルコ貿易,近世,複数地域,フィリピン・マニラとメキシコ・アカプルコ、さらに中国,1565〜1815年,1565,WH-000985-R01,reverse,複合説明,reverse,どんな経済・交易？,フィリピン・マニラとメキシコ・アカプルコ、さらに中国を主な舞台に、**マニラ＝ガレオン貿易**は、スペインが大型帆船を用いて**マニラ**と**アカプルコ**を結び、メキシコ銀をアジアへ運び、中国の絹・陶磁器などをアメリカへ送った太平洋貿易である。世界的な銀流通を支えた。,マニラ＝ガレオン貿易|マニラ|アカプルコ,,,,世界史の窓（章節別用語リスト）,https://www.y-history.net/appendix/appendix-list.html
世界史段階別デッキ｜Deck 3｜主要王朝・人物・制度の穴埋め400語,WH-000985,985,Deck 3｜標準,経済・交易,マニラ＝ガレオン貿易,まにらがれおんぼうえき,アカプルコ貿易,近世,複数地域,フィリピン・マニラとメキシコ・アカプルコ、さらに中国,1565〜1815年,1565,WH-000985-R02,reverse,時期,time,「マニラ＝ガレオン貿易」が使用・展開されたのはいつ？,**1565〜1815年**,1565〜1815年,,,,世界史の窓（章節別用語リスト）,https://www.y-history.net/appendix/appendix-list.html
世界史段階別デッキ｜Deck 3｜主要王朝・人物・制度の穴埋め400語,WH-000985,985,Deck 3｜標準,経済・交易,マニラ＝ガレオン貿易,まにらがれおんぼうえき,アカプルコ貿易,近世,複数地域,フィリピン・マニラとメキシコ・アカプルコ、さらに中国,1565〜1815年,1565,WH-000985-I01,integrated,統合説明,integrated,「マニラ＝ガレオン貿易」について説明せよ。,**1565〜1815年**、フィリピン・マニラとメキシコ・アカプルコ、さらに中国を主な舞台に、**マニラ＝ガレオン貿易**は、スペインが大型帆船を用いて**マニラ**と**アカプルコ**を結び、メキシコ銀をアジアへ運び、中国の絹・陶磁器などをアメリカへ送った太平洋貿易である。世界的な銀流通を支えた。,マニラ＝ガレオン貿易|1565〜1815年|マニラ|アカプルコ,,,,世界史の窓（章節別用語リスト）,https://www.y-history.net/appendix/appendix-list.html
世界史段階別デッキ｜Deck 3｜主要王朝・人物・制度の穴埋め400語,WH-000975,975,Deck 3｜標準,人物,オラニエ公ウィレム,おらにえこううぃれむ,沈黙公ウィレム|ウィレム1世,近世,ヨーロッパ,ネーデルラント,16世紀後半,1568,WH-000975-B01,beginner,用語の特定,identify,スペイン支配へのネーデルラント反乱を指導し、オランダ独立の父とされる人物は？,オラニエ公ウィレム,オラニエ公ウィレム,沈黙公ウィレム|ウィレム1世,,,世界史の窓（章節別用語リスト）,https://www.y-history.net/appendix/appendix-list.html
世界史段階別デッキ｜Deck 3｜主要王朝・人物・制度の穴埋め400語,WH-000975,975,Deck 3｜標準,人物,オラニエ公ウィレム,おらにえこううぃれむ,沈黙公ウィレム|ウィレム1世,近世,ヨーロッパ,ネーデルラント,16世紀後半,1568,WH-000975-B02,beginner,時期,time,「オラニエ公ウィレム」が主に活動したのはいつ？,16世紀後半,16世紀後半,,,,世界史の窓（章節別用語リスト）,https://www.y-history.net/appendix/appendix-list.html
世界史段階別デッキ｜Deck 3｜主要王朝・人物・制度の穴埋め400語,WH-000975,975,Deck 3｜標準,人物,オラニエ公ウィレム,おらにえこううぃれむ,沈黙公ウィレム|ウィレム1世,近世,ヨーロッパ,ネーデルラント,16世紀後半,1568,WH-000975-B03,beginner,中心人物,person,「オラニエ公ウィレム」について、対抗した国王は？,スペイン王フェリペ2世,スペイン王フェリペ2世,,,,世界史の窓（章節別用語リスト）,https://www.y-history.net/appendix/appendix-list.html
世界史段階別デッキ｜Deck 3｜主要王朝・人物・制度の穴埋め400語,WH-000975,975,Deck 3｜標準,人物,オラニエ公ウィレム,おらにえこううぃれむ,沈黙公ウィレム|ウィレム1世,近世,ヨーロッパ,ネーデルラント,16世紀後半,1568,WH-000975-R01,reverse,複合説明,reverse,何をした？,ネーデルラントを主な舞台に、**オラニエ公ウィレム**は、スペイン王**フェリペ2世**の課税・カトリック強制に反対し、ネーデルラント反乱を指導した。北部諸州の結束を進め、1584年に暗殺されたが、オランダ独立の象徴となった。,オラニエ公ウィレム|フェリペ2世,,,,世界史の窓（章節別用語リスト）,https://www.y-history.net/appendix/appendix-list.html
世界史段階別デッキ｜Deck 3｜主要王朝・人物・制度の穴埋め400語,WH-000975,975,Deck 3｜標準,人物,オラニエ公ウィレム,おらにえこううぃれむ,沈黙公ウィレム|ウィレム1世,近世,ヨーロッパ,ネーデルラント,16世紀後半,1568,WH-000975-R02,reverse,時期,time,「オラニエ公ウィレム」が主に活動したのはいつ？,**16世紀後半**,16世紀後半,,,,世界史の窓（章節別用語リスト）,https://www.y-history.net/appendix/appendix-list.html
世界史段階別デッキ｜Deck 3｜主要王朝・人物・制度の穴埋め400語,WH-000975,975,Deck 3｜標準,人物,オラニエ公ウィレム,おらにえこううぃれむ,沈黙公ウィレム|ウィレム1世,近世,ヨーロッパ,ネーデルラント,16世紀後半,1568,WH-000975-I01,integrated,統合説明,integrated,「オラニエ公ウィレム」について説明せよ。,**16世紀後半**、ネーデルラントを主な舞台に、**オラニエ公ウィレム**は、スペイン王**フェリペ2世**の課税・カトリック強制に反対し、ネーデルラント反乱を指導した。北部諸州の結束を進め、1584年に暗殺されたが、オランダ独立の象徴となった。,オラニエ公ウィレム|16世紀後半|フェリペ2世,,,,世界史の窓（章節別用語リスト）,https://www.y-history.net/appendix/appendix-list.html
世界史段階別デッキ｜Deck 3｜主要王朝・人物・制度の穴埋め400語,WH-000856,856,Deck 3｜標準,制度・政策・法律,マンサブダール制,まんさぶだーるせい,マンサブ制,近世,南アジア,ムガル帝国のインド亜大陸,16〜18世紀,1570,WH-000856-B01,beginner,用語の特定,identify,ムガル帝国で官僚・軍人を位階に組み込み、騎兵提供義務を負わせた制度は？,マンサブダール制,マンサブダール制,マンサブ制,,,世界史の窓（章節別用語リスト）,https://www.y-history.net/appendix/appendix-list.html
世界史段階別デッキ｜Deck 3｜主要王朝・人物・制度の穴埋め400語,WH-000856,856,Deck 3｜標準,制度・政策・法律,マンサブダール制,まんさぶだーるせい,マンサブ制,近世,南アジア,ムガル帝国のインド亜大陸,16〜18世紀,1570,WH-000856-B02,beginner,時期,time,「マンサブダール制」が実施・整備されたのはいつ？,16〜18世紀,16〜18世紀,,,,世界史の窓（章節別用語リスト）,https://www.y-history.net/appendix/appendix-list.html
世界史段階別デッキ｜Deck 3｜主要王朝・人物・制度の穴埋め400語,WH-000856,856,Deck 3｜標準,制度・政策・法律,マンサブダール制,まんさぶだーるせい,マンサブ制,近世,南アジア,ムガル帝国のインド亜大陸,16〜18世紀,1570,WH-000856-B03,beginner,中心人物,person,「マンサブダール制」について、整備した皇帝は？,アクバル,アクバル,,,,世界史の窓（章節別用語リスト）,https://www.y-history.net/appendix/appendix-list.html
世界史段階別デッキ｜Deck 3｜主要王朝・人物・制度の穴埋め400語,WH-000856,856,Deck 3｜標準,制度・政策・法律,マンサブダール制,まんさぶだーるせい,マンサブ制,近世,南アジア,ムガル帝国のインド亜大陸,16〜18世紀,1570,WH-000856-R01,reverse,複合説明,reverse,どんな制度・政策・法律？,ムガル帝国のインド亜大陸を主な舞台に、**マンサブダール制**は、**アクバル**が整備した官僚・軍人の位階制度で、マンサブに応じた給与と騎兵提供義務を課した。多民族の有力者を皇帝直属の支配機構へ組み込む役割を果たした。,マンサブダール制|アクバル,,,,世界史の窓（章節別用語リスト）,https://www.y-history.net/appendix/appendix-list.html
世界史段階別デッキ｜Deck 3｜主要王朝・人物・制度の穴埋め400語,WH-000856,856,Deck 3｜標準,制度・政策・法律,マンサブダール制,まんさぶだーるせい,マンサブ制,近世,南アジア,ムガル帝国のインド亜大陸,16〜18世紀,1570,WH-000856-R02,reverse,時期,time,「マンサブダール制」が実施・整備されたのはいつ？,**16〜18世紀**,16〜18世紀,,,,世界史の窓（章節別用語リスト）,https://www.y-history.net/appendix/appendix-list.html
世界史段階別デッキ｜Deck 3｜主要王朝・人物・制度の穴埋め400語,WH-000856,856,Deck 3｜標準,制度・政策・法律,マンサブダール制,まんさぶだーるせい,マンサブ制,近世,南アジア,ムガル帝国のインド亜大陸,16〜18世紀,1570,WH-000856-I01,integrated,統合説明,integrated,「マンサブダール制」について説明せよ。,**16〜18世紀**、ムガル帝国のインド亜大陸を主な舞台に、**マンサブダール制**は、**アクバル**が整備した官僚・軍人の位階制度で、マンサブに応じた給与と騎兵提供義務を課した。多民族の有力者を皇帝直属の支配機構へ組み込む役割を果たした。,マンサブダール制|16〜18世紀|アクバル,,,,世界史の窓（章節別用語リスト）,https://www.y-history.net/appendix/appendix-list.html
世界史段階別デッキ｜Deck 3｜主要王朝・人物・制度の穴埋め400語,WH-000981,981,Deck 3｜標準,制度・政策・法律,ミタ制,みたせい,植民地ミタ制,近世,アメリカ,スペイン領ペルー・ポトシ銀山,16〜18世紀,1570,WH-000981-B01,beginner,用語の特定,identify,スペインがインカの労役制度を利用し、アンデス先住民をポトシ銀山などへ動員した制度は？,ミタ制,ミタ制,植民地ミタ制,,,世界史の窓（章節別用語リスト）,https://www.y-history.net/appendix/appendix-list.html
世界史段階別デッキ｜Deck 3｜主要王朝・人物・制度の穴埋め400語,WH-000981,981,Deck 3｜標準,制度・政策・法律,ミタ制,みたせい,植民地ミタ制,近世,アメリカ,スペイン領ペルー・ポトシ銀山,16〜18世紀,1570,WH-000981-B02,beginner,時期,time,「ミタ制」が実施・整備されたのはいつ？,16〜18世紀,16〜18世紀,,,,世界史の窓（章節別用語リスト）,https://www.y-history.net/appendix/appendix-list.html
世界史段階別デッキ｜Deck 3｜主要王朝・人物・制度の穴埋め400語,WH-000981,981,Deck 3｜標準,制度・政策・法律,ミタ制,みたせい,植民地ミタ制,近世,アメリカ,スペイン領ペルー・ポトシ銀山,16〜18世紀,1570,WH-000981-B03,beginner,内容,content,「ミタ制」について、代表的な労働先は？,ポトシ銀山,ポトシ銀山,,,,世界史の窓（章節別用語リスト）,https://www.y-history.net/appendix/appendix-list.html
世界史段階別デッキ｜Deck 3｜主要王朝・人物・制度の穴埋め400語,WH-000981,981,Deck 3｜標準,制度・政策・法律,ミタ制,みたせい,植民地ミタ制,近世,アメリカ,スペイン領ペルー・ポトシ銀山,16〜18世紀,1570,WH-000981-R01,reverse,複合説明,reverse,どんな制度・政策・法律？,スペイン領ペルー・ポトシ銀山を主な舞台に、**ミタ制**は、インカ帝国の共同体労役をスペイン植民地支配が再編し、アンデス各村から一定数の男性を**ポトシ銀山**などへ強制動員した制度である。銀生産を支えたが、先住民社会へ大きな負担を与えた。,ミタ制|ポトシ銀山,,,,世界史の窓（章節別用語リスト）,https://www.y-history.net/appendix/appendix-list.html
世界史段階別デッキ｜Deck 3｜主要王朝・人物・制度の穴埋め400語,WH-000981,981,Deck 3｜標準,制度・政策・法律,ミタ制,みたせい,植民地ミタ制,近世,アメリカ,スペイン領ペルー・ポトシ銀山,16〜18世紀,1570,WH-000981-R02,reverse,時期,time,「ミタ制」が実施・整備されたのはいつ？,**16〜18世紀**,16〜18世紀,,,,世界史の窓（章節別用語リスト）,https://www.y-history.net/appendix/appendix-list.html
世界史段階別デッキ｜Deck 3｜主要王朝・人物・制度の穴埋め400語,WH-000981,981,Deck 3｜標準,制度・政策・法律,ミタ制,みたせい,植民地ミタ制,近世,アメリカ,スペイン領ペルー・ポトシ銀山,16〜18世紀,1570,WH-000981-I01,integrated,統合説明,integrated,「ミタ制」について説明せよ。,**16〜18世紀**、スペイン領ペルー・ポトシ銀山を主な舞台に、**ミタ制**は、インカ帝国の共同体労役をスペイン植民地支配が再編し、アンデス各村から一定数の男性を**ポトシ銀山**などへ強制動員した制度である。銀生産を支えたが、先住民社会へ大きな負担を与えた。,ミタ制|16〜18世紀|ポトシ銀山,,,,世界史の窓（章節別用語リスト）,https://www.y-history.net/appendix/appendix-list.html
世界史段階別デッキ｜Deck 3｜主要王朝・人物・制度の穴埋め400語,WH-000999,999,Deck 3｜標準,人物,張居正,ちょうきょせい,,近世,東アジア,明代中国・北京,1525〜1582年,1572,WH-000999-B01,beginner,用語の特定,identify,明末に宰相として財政・行政改革を進め、一条鞭法(いちじょうべんぽう)の全国的普及を促した人物は？,張居正(ちょうきょせい),張居正,,,,世界史の窓（章節別用語リスト）,https://www.y-history.net/appendix/appendix-list.html
世界史段階別デッキ｜Deck 3｜主要王朝・人物・制度の穴埋め400語,WH-000999,999,Deck 3｜標準,人物,張居正,ちょうきょせい,,近世,東アジア,明代中国・北京,1525〜1582年,1572,WH-000999-B02,beginner,時期,time,「張居正(ちょうきょせい)」が主に活動したのはいつ？,1525〜1582年,1525〜1582年,,,,世界史の窓（章節別用語リスト）,https://www.y-history.net/appendix/appendix-list.html
世界史段階別デッキ｜Deck 3｜主要王朝・人物・制度の穴埋め400語,WH-000999,999,Deck 3｜標準,人物,張居正,ちょうきょせい,,近世,東アジア,明代中国・北京,1525〜1582年,1572,WH-000999-B03,beginner,内容,content,「張居正(ちょうきょせい)」について、普及を促した税制は？,一条鞭法(いちじょうべんぽう),一条鞭法,,,,世界史の窓（章節別用語リスト）,https://www.y-history.net/appendix/appendix-list.html
世界史段階別デッキ｜Deck 3｜主要王朝・人物・制度の穴埋め400語,WH-000999,999,Deck 3｜標準,人物,張居正,ちょうきょせい,,近世,東アジア,明代中国・北京,1525〜1582年,1572,WH-000999-R01,reverse,複合説明,reverse,何をした？,明代中国・北京(ぺきん)を主な舞台に、**張居正(ちょうきょせい)**は、万暦帝(ばんれきてい)初期の内閣大学士として官僚考課・土地丈量・財政再建を進め、複雑な税役を銀納へまとめる**一条鞭法(いちじょうべんぽう)**の全国的実施を促した。死後、改革の一部は否定された。,張居正|一条鞭法,,,,世界史の窓（章節別用語リスト）,https://www.y-history.net/appendix/appendix-list.html
世界史段階別デッキ｜Deck 3｜主要王朝・人物・制度の穴埋め400語,WH-000999,999,Deck 3｜標準,人物,張居正,ちょうきょせい,,近世,東アジア,明代中国・北京,1525〜1582年,1572,WH-000999-R02,reverse,時期,time,「張居正(ちょうきょせい)」が主に活動したのはいつ？,**1525〜1582年**,1525〜1582年,,,,世界史の窓（章節別用語リスト）,https://www.y-history.net/appendix/appendix-list.html
世界史段階別デッキ｜Deck 3｜主要王朝・人物・制度の穴埋め400語,WH-000999,999,Deck 3｜標準,人物,張居正,ちょうきょせい,,近世,東アジア,明代中国・北京,1525〜1582年,1572,WH-000999-I01,integrated,統合説明,integrated,「張居正(ちょうきょせい)」について説明せよ。,**1525〜1582年**、明代中国・北京(ぺきん)を主な舞台に、**張居正(ちょうきょせい)**は、万暦帝(ばんれきてい)初期の内閣大学士として官僚考課・土地丈量・財政再建を進め、複雑な税役を銀納へまとめる**一条鞭法(いちじょうべんぽう)**の全国的実施を促した。死後、改革の一部は否定された。,張居正|1525〜1582年|一条鞭法,,,,世界史の窓（章節別用語リスト）,https://www.y-history.net/appendix/appendix-list.html
世界史段階別デッキ｜Deck 3｜主要王朝・人物・制度の穴埋め400語,WH-000962,962,Deck 3｜標準,思想・主義,主権論,しゅけんろん,,近世,ヨーロッパ,フランス,16世紀後半,1576,WH-000962-B01,beginner,用語の特定,identify,国家内の最高で持続的な権力を主権として理論化し、宗教戦争期の王権強化を支えた思想は？,主権論,主権論,,,,世界史の窓（章節別用語リスト）,https://www.y-history.net/appendix/appendix-list.html
世界史段階別デッキ｜Deck 3｜主要王朝・人物・制度の穴埋め400語,WH-000962,962,Deck 3｜標準,思想・主義,主権論,しゅけんろん,,近世,ヨーロッパ,フランス,16世紀後半,1576,WH-000962-B02,beginner,時期,time,「主権論」が成立・広がったのはいつ？,16世紀後半,16世紀後半,,,,世界史の窓（章節別用語リスト）,https://www.y-history.net/appendix/appendix-list.html
世界史段階別デッキ｜Deck 3｜主要王朝・人物・制度の穴埋め400語,WH-000962,962,Deck 3｜標準,思想・主義,主権論,しゅけんろん,,近世,ヨーロッパ,フランス,16世紀後半,1576,WH-000962-B03,beginner,中心人物,person,「主権論」について、体系化した人物は？,ボーダン,ボーダン,,,,世界史の窓（章節別用語リスト）,https://www.y-history.net/appendix/appendix-list.html
世界史段階別デッキ｜Deck 3｜主要王朝・人物・制度の穴埋め400語,WH-000962,962,Deck 3｜標準,思想・主義,主権論,しゅけんろん,,近世,ヨーロッパ,フランス,16世紀後半,1576,WH-000962-R01,reverse,複合説明,reverse,どんな考え？,フランスを主な舞台に、**主権論**は、宗教戦争で分裂した国家を統合するため、国家内に他の権力に従属しない最高・永続的な**主権**が必要だとする理論である。**ボーダン**が『国家論』で体系化した。,主権論|主権|ボーダン,,,,世界史の窓（章節別用語リスト）,https://www.y-history.net/appendix/appendix-list.html
世界史段階別デッキ｜Deck 3｜主要王朝・人物・制度の穴埋め400語,WH-000962,962,Deck 3｜標準,思想・主義,主権論,しゅけんろん,,近世,ヨーロッパ,フランス,16世紀後半,1576,WH-000962-R02,reverse,時期,time,「主権論」が成立・広がったのはいつ？,**16世紀後半**,16世紀後半,,,,世界史の窓（章節別用語リスト）,https://www.y-history.net/appendix/appendix-list.html
世界史段階別デッキ｜Deck 3｜主要王朝・人物・制度の穴埋め400語,WH-000962,962,Deck 3｜標準,思想・主義,主権論,しゅけんろん,,近世,ヨーロッパ,フランス,16世紀後半,1576,WH-000962-I01,integrated,統合説明,integrated,「主権論」について説明せよ。,**16世紀後半**、フランスを主な舞台に、**主権論**は、宗教戦争で分裂した国家を統合するため、国家内に他の権力に従属しない最高・永続的な**主権**が必要だとする理論である。**ボーダン**が『国家論』で体系化した。,主権論|16世紀後半|主権|ボーダン,,,,世界史の窓（章節別用語リスト）,https://www.y-history.net/appendix/appendix-list.html
世界史段階別デッキ｜Deck 3｜主要王朝・人物・制度の穴埋め400語,WH-000963,963,Deck 3｜標準,人物,ボーダン,ぼーだん,ジャン＝ボーダン,近世,ヨーロッパ,フランス,16世紀後半,1576,WH-000963-B01,beginner,用語の特定,identify,『国家論』で主権を最高・永続的権力として定義したフランスの思想家は？,ボーダン,ボーダン,ジャン＝ボーダン,,,世界史の窓（章節別用語リスト）,https://www.y-history.net/appendix/appendix-list.html
世界史段階別デッキ｜Deck 3｜主要王朝・人物・制度の穴埋め400語,WH-000963,963,Deck 3｜標準,人物,ボーダン,ぼーだん,ジャン＝ボーダン,近世,ヨーロッパ,フランス,16世紀後半,1576,WH-000963-B02,beginner,時期,time,「ボーダン」が主に活動したのはいつ？,16世紀後半,16世紀後半,,,,世界史の窓（章節別用語リスト）,https://www.y-history.net/appendix/appendix-list.html
世界史段階別デッキ｜Deck 3｜主要王朝・人物・制度の穴埋め400語,WH-000963,963,Deck 3｜標準,人物,ボーダン,ぼーだん,ジャン＝ボーダン,近世,ヨーロッパ,フランス,16世紀後半,1576,WH-000963-B03,beginner,内容,content,「ボーダン」について、体系化した概念は？,主権,主権,,,,世界史の窓（章節別用語リスト）,https://www.y-history.net/appendix/appendix-list.html
世界史段階別デッキ｜Deck 3｜主要王朝・人物・制度の穴埋め400語,WH-000963,963,Deck 3｜標準,人物,ボーダン,ぼーだん,ジャン＝ボーダン,近世,ヨーロッパ,フランス,16世紀後半,1576,WH-000963-R01,reverse,複合説明,reverse,何をした？,フランスを主な舞台に、**ボーダン**は、フランス宗教戦争期の思想家で、1576年の**『国家論』**において、国家を統合する最高で永続的な権力を**主権**と定義した。絶対王政の理論形成に影響した。,ボーダン|国家論|主権,,,,世界史の窓（章節別用語リスト）,https://www.y-history.net/appendix/appendix-list.html
世界史段階別デッキ｜Deck 3｜主要王朝・人物・制度の穴埋め400語,WH-000963,963,Deck 3｜標準,人物,ボーダン,ぼーだん,ジャン＝ボーダン,近世,ヨーロッパ,フランス,16世紀後半,1576,WH-000963-R02,reverse,時期,time,「ボーダン」が主に活動したのはいつ？,**16世紀後半**,16世紀後半,,,,世界史の窓（章節別用語リスト）,https://www.y-history.net/appendix/appendix-list.html
世界史段階別デッキ｜Deck 3｜主要王朝・人物・制度の穴埋め400語,WH-000963,963,Deck 3｜標準,人物,ボーダン,ぼーだん,ジャン＝ボーダン,近世,ヨーロッパ,フランス,16世紀後半,1576,WH-000963-I01,integrated,統合説明,integrated,「ボーダン」について説明せよ。,**16世紀後半**、フランスを主な舞台に、**ボーダン**は、フランス宗教戦争期の思想家で、1576年の**『国家論』**において、国家を統合する最高で永続的な権力を**主権**と定義した。絶対王政の理論形成に影響した。,ボーダン|16世紀後半|国家論|主権,,,,世界史の窓（章節別用語リスト）,https://www.y-history.net/appendix/appendix-list.html
世界史段階別デッキ｜Deck 3｜主要王朝・人物・制度の穴埋め400語,WH-000974,974,Deck 3｜標準,国家・王朝,ネーデルラント連邦共和国,ねーでるらんとれんぽうきょうわこく,オランダ共和国|七州連合共和国,近世,ヨーロッパ,北部ネーデルラント・オランダ,1581〜1795年,1581,WH-000974-B01,beginner,用語の特定,identify,スペインから独立し、17世紀に海運・金融・植民地交易で繁栄した連邦共和国は？,ネーデルラント連邦共和国,ネーデルラント連邦共和国,オランダ共和国|七州連合共和国,,,世界史の窓（章節別用語リスト）,https://www.y-history.net/appendix/appendix-list.html
世界史段階別デッキ｜Deck 3｜主要王朝・人物・制度の穴埋め400語,WH-000974,974,Deck 3｜標準,国家・王朝,ネーデルラント連邦共和国,ねーでるらんとれんぽうきょうわこく,オランダ共和国|七州連合共和国,近世,ヨーロッパ,北部ネーデルラント・オランダ,1581〜1795年,1581,WH-000974-B02,beginner,時期,time,「ネーデルラント連邦共和国」が存在したのはいつ？,1581〜1795年,1581〜1795年,,,,世界史の窓（章節別用語リスト）,https://www.y-history.net/appendix/appendix-list.html
世界史段階別デッキ｜Deck 3｜主要王朝・人物・制度の穴埋め400語,WH-000974,974,Deck 3｜標準,国家・王朝,ネーデルラント連邦共和国,ねーでるらんとれんぽうきょうわこく,オランダ共和国|七州連合共和国,近世,ヨーロッパ,北部ネーデルラント・オランダ,1581〜1795年,1581,WH-000974-B03,beginner,関連,relation,「ネーデルラント連邦共和国」について、独立を承認した条約は？,ウェストファリア条約,ウェストファリア条約,,,,世界史の窓（章節別用語リスト）,https://www.y-history.net/appendix/appendix-list.html
世界史段階別デッキ｜Deck 3｜主要王朝・人物・制度の穴埋め400語,WH-000974,974,Deck 3｜標準,国家・王朝,ネーデルラント連邦共和国,ねーでるらんとれんぽうきょうわこく,オランダ共和国|七州連合共和国,近世,ヨーロッパ,北部ネーデルラント・オランダ,1581〜1795年,1581,WH-000974-R01,reverse,複合説明,reverse,何をした？,北部ネーデルラント・オランダを主な舞台に、**ネーデルラント連邦共和国**は、北部七州がスペイン王の統治を否認して成立し、1648年の**ウェストファリア条約**で独立を承認された。17世紀にはアムステルダムを中心に海運・金融・東インド貿易が栄えた。,ネーデルラント連邦共和国|ウェストファリア条約,,,,世界史の窓（章節別用語リスト）,https://www.y-history.net/appendix/appendix-list.html
世界史段階別デッキ｜Deck 3｜主要王朝・人物・制度の穴埋め400語,WH-000974,974,Deck 3｜標準,国家・王朝,ネーデルラント連邦共和国,ねーでるらんとれんぽうきょうわこく,オランダ共和国|七州連合共和国,近世,ヨーロッパ,北部ネーデルラント・オランダ,1581〜1795年,1581,WH-000974-R02,reverse,時期,time,「ネーデルラント連邦共和国」が存在したのはいつ？,**1581〜1795年**,1581〜1795年,,,,世界史の窓（章節別用語リスト）,https://www.y-history.net/appendix/appendix-list.html
世界史段階別デッキ｜Deck 3｜主要王朝・人物・制度の穴埋め400語,WH-000974,974,Deck 3｜標準,国家・王朝,ネーデルラント連邦共和国,ねーでるらんとれんぽうきょうわこく,オランダ共和国|七州連合共和国,近世,ヨーロッパ,北部ネーデルラント・オランダ,1581〜1795年,1581,WH-000974-I01,integrated,統合説明,integrated,「ネーデルラント連邦共和国」について説明せよ。,**1581〜1795年**、北部ネーデルラント・オランダを主な舞台に、**ネーデルラント連邦共和国**は、北部七州がスペイン王の統治を否認して成立し、1648年の**ウェストファリア条約**で独立を承認された。17世紀にはアムステルダムを中心に海運・金融・東インド貿易が栄えた。,ネーデルラント連邦共和国|1581〜1795年|ウェストファリア条約,,,,世界史の窓（章節別用語リスト）,https://www.y-history.net/appendix/appendix-list.html
世界史段階別デッキ｜Deck 3｜主要王朝・人物・制度の穴埋め400語,WH-000996,996,Deck 3｜標準,人物,マテオ＝リッチ,まておりっち,利瑪竇,近世,東アジア,明代中国・北京,16世紀末〜17世紀初頭,1583,WH-000996-B01,beginner,用語の特定,identify,中国の士大夫(したいふ)へ西洋科学を紹介し、徐光啓(じょこうけい)と『幾何原本』を訳したイエズス会士は？,マテオ＝リッチ,マテオ＝リッチ,利瑪竇,,,世界史の窓（章節別用語リスト）,https://www.y-history.net/appendix/appendix-list.html
世界史段階別デッキ｜Deck 3｜主要王朝・人物・制度の穴埋め400語,WH-000996,996,Deck 3｜標準,人物,マテオ＝リッチ,まておりっち,利瑪竇,近世,東アジア,明代中国・北京,16世紀末〜17世紀初頭,1583,WH-000996-B02,beginner,時期,time,「マテオ＝リッチ」が主に活動したのはいつ？,16世紀末〜17世紀初頭,16世紀末〜17世紀初頭,,,,世界史の窓（章節別用語リスト）,https://www.y-history.net/appendix/appendix-list.html
世界史段階別デッキ｜Deck 3｜主要王朝・人物・制度の穴埋め400語,WH-000996,996,Deck 3｜標準,人物,マテオ＝リッチ,まておりっち,利瑪竇,近世,東アジア,明代中国・北京,16世紀末〜17世紀初頭,1583,WH-000996-B03,beginner,内容,content,「マテオ＝リッチ」について、共同翻訳者は？,徐光啓(じょこうけい),徐光啓,,,,世界史の窓（章節別用語リスト）,https://www.y-history.net/appendix/appendix-list.html
世界史段階別デッキ｜Deck 3｜主要王朝・人物・制度の穴埋め400語,WH-000996,996,Deck 3｜標準,人物,マテオ＝リッチ,まておりっち,利瑪竇,近世,東アジア,明代中国・北京,16世紀末〜17世紀初頭,1583,WH-000996-R01,reverse,複合説明,reverse,何をした？,明代中国・北京(ぺきん)を主な舞台に、**マテオ＝リッチ**は、イタリア出身の**イエズス会**宣教師で、中国文化へ適応しながら北京へ入り、時計・天文学・世界地図を紹介した。**徐光啓(じょこうけい)**と『幾何原本』を漢訳した。,マテオ＝リッチ|イエズス会|徐光啓,,,,世界史の窓（章節別用語リスト）,https://www.y-history.net/appendix/appendix-list.html
世界史段階別デッキ｜Deck 3｜主要王朝・人物・制度の穴埋め400語,WH-000996,996,Deck 3｜標準,人物,マテオ＝リッチ,まておりっち,利瑪竇,近世,東アジア,明代中国・北京,16世紀末〜17世紀初頭,1583,WH-000996-R02,reverse,時期,time,「マテオ＝リッチ」が主に活動したのはいつ？,**16世紀末〜17世紀初頭**,16世紀末〜17世紀初頭,,,,世界史の窓（章節別用語リスト）,https://www.y-history.net/appendix/appendix-list.html
世界史段階別デッキ｜Deck 3｜主要王朝・人物・制度の穴埋め400語,WH-000996,996,Deck 3｜標準,人物,マテオ＝リッチ,まておりっち,利瑪竇,近世,東アジア,明代中国・北京,16世紀末〜17世紀初頭,1583,WH-000996-I01,integrated,統合説明,integrated,「マテオ＝リッチ」について説明せよ。,**16世紀末〜17世紀初頭**、明代中国・北京(ぺきん)を主な舞台に、**マテオ＝リッチ**は、イタリア出身の**イエズス会**宣教師で、中国文化へ適応しながら北京へ入り、時計・天文学・世界地図を紹介した。**徐光啓(じょこうけい)**と『幾何原本』を漢訳した。,マテオ＝リッチ|16世紀末〜17世紀初頭|イエズス会|徐光啓,,,,世界史の窓（章節別用語リスト）,https://www.y-history.net/appendix/appendix-list.html
世界史段階別デッキ｜Deck 3｜主要王朝・人物・制度の穴埋め400語,WH-000971,971,Deck 3｜標準,人物,アンリ4世,あんりよんせい,アンリ＝ド＝ナヴァル,近世,ヨーロッパ,フランス,1589〜1610年在位,1589,WH-000971-B01,beginner,用語の特定,identify,ブルボン朝を開き、ナントの勅令でユグノー戦争を終わらせた王は？,アンリ4世,アンリ4世,アンリ＝ド＝ナヴァル,,,世界史の窓（章節別用語リスト）,https://www.y-history.net/appendix/appendix-list.html
世界史段階別デッキ｜Deck 3｜主要王朝・人物・制度の穴埋め400語,WH-000971,971,Deck 3｜標準,人物,アンリ4世,あんりよんせい,アンリ＝ド＝ナヴァル,近世,ヨーロッパ,フランス,1589〜1610年在位,1589,WH-000971-B02,beginner,時期,time,「アンリ4世」が主に活動したのはいつ？,1589〜1610年在位,1589〜1610年在位,,,1589年：「ヴァロワ絶え 以後 躍進の ブルボン家」（1589）アンリ4世の即位。ブルボン朝の始まり。,世界史の窓（章節別用語リスト）,https://www.y-history.net/appendix/appendix-list.html
世界史段階別デッキ｜Deck 3｜主要王朝・人物・制度の穴埋め400語,WH-000971,971,Deck 3｜標準,人物,アンリ4世,あんりよんせい,アンリ＝ド＝ナヴァル,近世,ヨーロッパ,フランス,1589〜1610年在位,1589,WH-000971-B03,beginner,関連,relation,「アンリ4世」について、開いた王朝は？,ブルボン朝,ブルボン朝,,,,世界史の窓（章節別用語リスト）,https://www.y-history.net/appendix/appendix-list.html
世界史段階別デッキ｜Deck 3｜主要王朝・人物・制度の穴埋め400語,WH-000971,971,Deck 3｜標準,人物,アンリ4世,あんりよんせい,アンリ＝ド＝ナヴァル,近世,ヨーロッパ,フランス,1589〜1610年在位,1589,WH-000971-R01,reverse,複合説明,reverse,何をした？,フランスを主な舞台に、**アンリ4世**は、ユグノー指導者からカトリックへ改宗してフランス王となり、**ブルボン朝**を開いた。1598年に**ナントの勅令**を出して宗教戦争を終結させ、財政・農業・交通の復興を進めた。,アンリ4世|ブルボン朝|ナントの勅令,,,,世界史の窓（章節別用語リスト）,https://www.y-history.net/appendix/appendix-list.html
世界史段階別デッキ｜Deck 3｜主要王朝・人物・制度の穴埋め400語,WH-000971,971,Deck 3｜標準,人物,アンリ4世,あんりよんせい,アンリ＝ド＝ナヴァル,近世,ヨーロッパ,フランス,1589〜1610年在位,1589,WH-000971-R02,reverse,時期,time,「アンリ4世」が主に活動したのはいつ？,**1589〜1610年在位**,1589〜1610年在位,,,1589年：「ヴァロワ絶え 以後 躍進の ブルボン家」（1589）アンリ4世の即位。ブルボン朝の始まり。,世界史の窓（章節別用語リスト）,https://www.y-history.net/appendix/appendix-list.html
世界史段階別デッキ｜Deck 3｜主要王朝・人物・制度の穴埋め400語,WH-000971,971,Deck 3｜標準,人物,アンリ4世,あんりよんせい,アンリ＝ド＝ナヴァル,近世,ヨーロッパ,フランス,1589〜1610年在位,1589,WH-000971-I01,integrated,統合説明,integrated,「アンリ4世」について説明せよ。,**1589〜1610年在位**、フランスを主な舞台に、**アンリ4世**は、ユグノー指導者からカトリックへ改宗してフランス王となり、**ブルボン朝**を開いた。1598年に**ナントの勅令**を出して宗教戦争を終結させ、財政・農業・交通の復興を進めた。,アンリ4世|1589〜1610年在位|ブルボン朝|ナントの勅令,,,1589年：「ヴァロワ絶え 以後 躍進の ブルボン家」（1589）アンリ4世の即位。ブルボン朝の始まり。,世界史の窓（章節別用語リスト）,https://www.y-history.net/appendix/appendix-list.html
世界史段階別デッキ｜Deck 3｜主要王朝・人物・制度の穴埋め400語,WH-000948,948,Deck 3｜標準,人物,シェークスピア,しぇーくすぴあ,ウィリアム＝シェークスピア,近世,ヨーロッパ,イングランド・ロンドン,1564〜1616年,1590,WH-000948-B01,beginner,用語の特定,identify,『ハムレット』『ロミオとジュリエット』などを著したイギリス＝ルネサンスの劇作家は？,シェークスピア,シェークスピア,ウィリアム＝シェークスピア,,,世界史の窓（章節別用語リスト）,https://www.y-history.net/appendix/appendix-list.html
世界史段階別デッキ｜Deck 3｜主要王朝・人物・制度の穴埋め400語,WH-000948,948,Deck 3｜標準,人物,シェークスピア,しぇーくすぴあ,ウィリアム＝シェークスピア,近世,ヨーロッパ,イングランド・ロンドン,1564〜1616年,1590,WH-000948-B02,beginner,時期,time,「シェークスピア」が主に活動したのはいつ？,1564〜1616年,1564〜1616年,,,,世界史の窓（章節別用語リスト）,https://www.y-history.net/appendix/appendix-list.html
世界史段階別デッキ｜Deck 3｜主要王朝・人物・制度の穴埋め400語,WH-000948,948,Deck 3｜標準,人物,シェークスピア,しぇーくすぴあ,ウィリアム＝シェークスピア,近世,ヨーロッパ,イングランド・ロンドン,1564〜1616年,1590,WH-000948-B03,beginner,内容,content,「シェークスピア」について、代表作は？,『ハムレット』,ハムレット,,,,世界史の窓（章節別用語リスト）,https://www.y-history.net/appendix/appendix-list.html
世界史段階別デッキ｜Deck 3｜主要王朝・人物・制度の穴埋め400語,WH-000948,948,Deck 3｜標準,人物,シェークスピア,しぇーくすぴあ,ウィリアム＝シェークスピア,近世,ヨーロッパ,イングランド・ロンドン,1564〜1616年,1590,WH-000948-R01,reverse,複合説明,reverse,何をした？,イングランド・ロンドンを主な舞台に、**シェークスピア**は、エリザベス1世・ジェームズ1世期の劇作家で、**『ハムレット』**、**『マクベス』**、**『ロミオとジュリエット』**などを著した。人間の欲望・葛藤を多面的に描き、英文学の代表者となった。,シェークスピア|ハムレット|マクベス|ロミオとジュリエット,,,,世界史の窓（章節別用語リスト）,https://www.y-history.net/appendix/appendix-list.html
世界史段階別デッキ｜Deck 3｜主要王朝・人物・制度の穴埋め400語,WH-000948,948,Deck 3｜標準,人物,シェークスピア,しぇーくすぴあ,ウィリアム＝シェークスピア,近世,ヨーロッパ,イングランド・ロンドン,1564〜1616年,1590,WH-000948-R02,reverse,時期,time,「シェークスピア」が主に活動したのはいつ？,**1564〜1616年**,1564〜1616年,,,,世界史の窓（章節別用語リスト）,https://www.y-history.net/appendix/appendix-list.html
世界史段階別デッキ｜Deck 3｜主要王朝・人物・制度の穴埋め400語,WH-000948,948,Deck 3｜標準,人物,シェークスピア,しぇーくすぴあ,ウィリアム＝シェークスピア,近世,ヨーロッパ,イングランド・ロンドン,1564〜1616年,1590,WH-000948-I01,integrated,統合説明,integrated,「シェークスピア」について説明せよ。,**1564〜1616年**、イングランド・ロンドンを主な舞台に、**シェークスピア**は、エリザベス1世・ジェームズ1世期の劇作家で、**『ハムレット』**、**『マクベス』**、**『ロミオとジュリエット』**などを著した。人間の欲望・葛藤を多面的に描き、英文学の代表者となった。,シェークスピア|1564〜1616年|ハムレット|マクベス|ロミオとジュリエット,,,,世界史の窓（章節別用語リスト）,https://www.y-history.net/appendix/appendix-list.html
世界史段階別デッキ｜Deck 3｜主要王朝・人物・制度の穴埋め400語,WH-000866,866,Deck 3｜標準,戦争,文禄・慶長の役,ぶんろくけいちょうのえき,壬辰・丁酉倭乱|豊臣秀吉の朝鮮侵略,近世,東アジア,朝鮮半島・東アジア海域,1592〜1598年,1592,WH-000866-B01,beginner,用語の特定,identify,豊臣秀吉が明征服を目指して朝鮮へ二度出兵し、明軍も介入した戦争は？,文禄・慶長の役,文禄・慶長の役,壬辰・丁酉倭乱|豊臣秀吉の朝鮮侵略,,,世界史の窓（章節別用語リスト）,https://www.y-history.net/appendix/appendix-list.html
世界史段階別デッキ｜Deck 3｜主要王朝・人物・制度の穴埋め400語,WH-000866,866,Deck 3｜標準,戦争,文禄・慶長の役,ぶんろくけいちょうのえき,壬辰・丁酉倭乱|豊臣秀吉の朝鮮侵略,近世,東アジア,朝鮮半島・東アジア海域,1592〜1598年,1592,WH-000866-B02,beginner,時期,time,「文禄・慶長の役」が戦われたのはいつ？,1592〜1598年,1592〜1598年,,,,世界史の窓（章節別用語リスト）,https://www.y-history.net/appendix/appendix-list.html
世界史段階別デッキ｜Deck 3｜主要王朝・人物・制度の穴埋め400語,WH-000866,866,Deck 3｜標準,戦争,文禄・慶長の役,ぶんろくけいちょうのえき,壬辰・丁酉倭乱|豊臣秀吉の朝鮮侵略,近世,東アジア,朝鮮半島・東アジア海域,1592〜1598年,1592,WH-000866-B03,beginner,中心人物,person,「文禄・慶長の役」について、朝鮮水軍を率いた人物は？,李舜臣(りしゅんしん),李舜臣,,,,世界史の窓（章節別用語リスト）,https://www.y-history.net/appendix/appendix-list.html
世界史段階別デッキ｜Deck 3｜主要王朝・人物・制度の穴埋め400語,WH-000866,866,Deck 3｜標準,戦争,文禄・慶長の役,ぶんろくけいちょうのえき,壬辰・丁酉倭乱|豊臣秀吉の朝鮮侵略,近世,東アジア,朝鮮半島・東アジア海域,1592〜1598年,1592,WH-000866-R01,reverse,複合説明,reverse,何が起きた？,朝鮮半島・東アジア海域を主な舞台に、**文禄・慶長の役**は、**豊臣秀吉**が明征服を目指して朝鮮へ二度出兵した戦争で、朝鮮王朝を支援する**明**も参戦した。朝鮮水軍の李舜臣(りしゅんしん)らの抵抗と秀吉の死により、日本軍は撤退した。,文禄・慶長の役|豊臣秀吉|明,,,,世界史の窓（章節別用語リスト）,https://www.y-history.net/appendix/appendix-list.html
世界史段階別デッキ｜Deck 3｜主要王朝・人物・制度の穴埋め400語,WH-000866,866,Deck 3｜標準,戦争,文禄・慶長の役,ぶんろくけいちょうのえき,壬辰・丁酉倭乱|豊臣秀吉の朝鮮侵略,近世,東アジア,朝鮮半島・東アジア海域,1592〜1598年,1592,WH-000866-R02,reverse,時期,time,「文禄・慶長の役」が戦われたのはいつ？,**1592〜1598年**,1592〜1598年,,,,世界史の窓（章節別用語リスト）,https://www.y-history.net/appendix/appendix-list.html
世界史段階別デッキ｜Deck 3｜主要王朝・人物・制度の穴埋め400語,WH-000866,866,Deck 3｜標準,戦争,文禄・慶長の役,ぶんろくけいちょうのえき,壬辰・丁酉倭乱|豊臣秀吉の朝鮮侵略,近世,東アジア,朝鮮半島・東アジア海域,1592〜1598年,1592,WH-000866-I01,integrated,統合説明,integrated,「文禄・慶長の役」について説明せよ。,**1592〜1598年**、朝鮮半島・東アジア海域を主な舞台に、**文禄・慶長の役**は、**豊臣秀吉**が明征服を目指して朝鮮へ二度出兵した戦争で、朝鮮王朝を支援する**明**も参戦した。朝鮮水軍の李舜臣(りしゅんしん)らの抵抗と秀吉の死により、日本軍は撤退した。,文禄・慶長の役|1592〜1598年|豊臣秀吉|明,,,,世界史の窓（章節別用語リスト）,https://www.y-history.net/appendix/appendix-list.html
世界史段階別デッキ｜Deck 3｜主要王朝・人物・制度の穴埋め400語,WH-000857,857,Deck 3｜標準,民族・身分・社会集団,ザミンダール,ざみんだーる,徴税請負人|地主,近世,南アジア,インド各地,ムガル帝国期以後,1600,WH-000857-B01,beginner,用語の特定,identify,ムガル帝国で地方の徴税を担い、のちイギリス支配下で地主化した有力者は？,ザミンダール,ザミンダール,徴税請負人|地主,,,世界史の窓（章節別用語リスト）,https://www.y-history.net/appendix/appendix-list.html
世界史段階別デッキ｜Deck 3｜主要王朝・人物・制度の穴埋め400語,WH-000857,857,Deck 3｜標準,民族・身分・社会集団,ザミンダール,ざみんだーる,徴税請負人|地主,近世,南アジア,インド各地,ムガル帝国期以後,1600,WH-000857-B02,beginner,時期,time,「ザミンダール」が使用・展開されたのはいつ？,ムガル帝国期以後,ムガル帝国期以後,,,,世界史の窓（章節別用語リスト）,https://www.y-history.net/appendix/appendix-list.html
世界史段階別デッキ｜Deck 3｜主要王朝・人物・制度の穴埋め400語,WH-000857,857,Deck 3｜標準,民族・身分・社会集団,ザミンダール,ざみんだーる,徴税請負人|地主,近世,南アジア,インド各地,ムガル帝国期以後,1600,WH-000857-B03,beginner,内容,content,「ザミンダール」について、主な役割は？,地租の徴収,地租の徴収,,,,世界史の窓（章節別用語リスト）,https://www.y-history.net/appendix/appendix-list.html
世界史段階別デッキ｜Deck 3｜主要王朝・人物・制度の穴埋め400語,WH-000857,857,Deck 3｜標準,民族・身分・社会集団,ザミンダール,ざみんだーる,徴税請負人|地主,近世,南アジア,インド各地,ムガル帝国期以後,1600,WH-000857-R01,reverse,複合説明,reverse,どんな人々・集団？,インド各地を主な舞台に、**ザミンダール**は、ムガル帝国で農村の**地租徴収**を担った地方有力者で、皇帝へ税を納める一方、地域社会に強い影響力を持った。イギリスの**永代地租制度**のもとでは地主として固定化された。,ザミンダール|地租徴収|永代地租制度,,,,世界史の窓（章節別用語リスト）,https://www.y-history.net/appendix/appendix-list.html
世界史段階別デッキ｜Deck 3｜主要王朝・人物・制度の穴埋め400語,WH-000857,857,Deck 3｜標準,民族・身分・社会集団,ザミンダール,ざみんだーる,徴税請負人|地主,近世,南アジア,インド各地,ムガル帝国期以後,1600,WH-000857-R02,reverse,時期,time,「ザミンダール」が使用・展開されたのはいつ？,**ムガル帝国期以後**,ムガル帝国期以後,,,,世界史の窓（章節別用語リスト）,https://www.y-history.net/appendix/appendix-list.html
世界史段階別デッキ｜Deck 3｜主要王朝・人物・制度の穴埋め400語,WH-000857,857,Deck 3｜標準,民族・身分・社会集団,ザミンダール,ざみんだーる,徴税請負人|地主,近世,南アジア,インド各地,ムガル帝国期以後,1600,WH-000857-I01,integrated,統合説明,integrated,「ザミンダール」について説明せよ。,**ムガル帝国期以後**、インド各地を主な舞台に、**ザミンダール**は、ムガル帝国で農村の**地租徴収**を担った地方有力者で、皇帝へ税を納める一方、地域社会に強い影響力を持った。イギリスの**永代地租制度**のもとでは地主として固定化された。,ザミンダール|ムガル帝国期以後|地租徴収|永代地租制度,,,,世界史の窓（章節別用語リスト）,https://www.y-history.net/appendix/appendix-list.html
世界史段階別デッキ｜Deck 3｜主要王朝・人物・制度の穴埋め400語,WH-000959,959,Deck 3｜標準,思想・主義,自然法,しぜんほう,,近世,ヨーロッパ,ヨーロッパから大西洋世界,17〜18世紀に発展,1600,WH-000959-B01,beginner,用語の特定,identify,国家や宗教を超えて、人間の理性から導かれる普遍的な法があるとする考えは？,自然法,自然法,,,,世界史の窓（章節別用語リスト）,https://www.y-history.net/appendix/appendix-list.html
世界史段階別デッキ｜Deck 3｜主要王朝・人物・制度の穴埋め400語,WH-000959,959,Deck 3｜標準,思想・主義,自然法,しぜんほう,,近世,ヨーロッパ,ヨーロッパから大西洋世界,17〜18世紀に発展,1600,WH-000959-B02,beginner,時期,time,「自然法」が成立・広がったのはいつ？,17〜18世紀に発展,17〜18世紀に発展,,,,世界史の窓（章節別用語リスト）,https://www.y-history.net/appendix/appendix-list.html
世界史段階別デッキ｜Deck 3｜主要王朝・人物・制度の穴埋め400語,WH-000959,959,Deck 3｜標準,思想・主義,自然法,しぜんほう,,近世,ヨーロッパ,ヨーロッパから大西洋世界,17〜18世紀に発展,1600,WH-000959-B03,beginner,内容,content,「自然法」について、根拠とされた能力は？,人間の理性,人間の理性,,,,世界史の窓（章節別用語リスト）,https://www.y-history.net/appendix/appendix-list.html
世界史段階別デッキ｜Deck 3｜主要王朝・人物・制度の穴埋め400語,WH-000959,959,Deck 3｜標準,思想・主義,自然法,しぜんほう,,近世,ヨーロッパ,ヨーロッパから大西洋世界,17〜18世紀に発展,1600,WH-000959-R01,reverse,複合説明,reverse,どんな考え？,ヨーロッパから大西洋世界を主な舞台に、**自然法**は、人間の**理性**によって認識でき、実定法より上位にある普遍的な正義・権利の原理を指す。グロティウスやロックらが発展させ、国際法・自然権・近代革命思想の基礎となった。,自然法|理性,,,,世界史の窓（章節別用語リスト）,https://www.y-history.net/appendix/appendix-list.html
世界史段階別デッキ｜Deck 3｜主要王朝・人物・制度の穴埋め400語,WH-000959,959,Deck 3｜標準,思想・主義,自然法,しぜんほう,,近世,ヨーロッパ,ヨーロッパから大西洋世界,17〜18世紀に発展,1600,WH-000959-R02,reverse,時期,time,「自然法」が成立・広がったのはいつ？,**17〜18世紀に発展**,17〜18世紀に発展,,,,世界史の窓（章節別用語リスト）,https://www.y-history.net/appendix/appendix-list.html
世界史段階別デッキ｜Deck 3｜主要王朝・人物・制度の穴埋め400語,WH-000959,959,Deck 3｜標準,思想・主義,自然法,しぜんほう,,近世,ヨーロッパ,ヨーロッパから大西洋世界,17〜18世紀に発展,1600,WH-000959-I01,integrated,統合説明,integrated,「自然法」について説明せよ。,**17〜18世紀に発展**、ヨーロッパから大西洋世界を主な舞台に、**自然法**は、人間の**理性**によって認識でき、実定法より上位にある普遍的な正義・権利の原理を指す。グロティウスやロックらが発展させ、国際法・自然権・近代革命思想の基礎となった。,自然法|17〜18世紀に発展|理性,,,,世界史の窓（章節別用語リスト）,https://www.y-history.net/appendix/appendix-list.html
世界史段階別デッキ｜Deck 3｜主要王朝・人物・制度の穴埋め400語,WH-000997,997,Deck 3｜標準,人物,徐光啓,じょこうけい,,近世,東アジア,明代中国・上海・北京,1562〜1633年,1600,WH-000997-B01,beginner,用語の特定,identify,マテオ＝リッチと『幾何原本』を漢訳し、西洋科学や農学を紹介した明の学者・官僚は？,徐光啓(じょこうけい),徐光啓,,,,世界史の窓（章節別用語リスト）,https://www.y-history.net/appendix/appendix-list.html
世界史段階別デッキ｜Deck 3｜主要王朝・人物・制度の穴埋め400語,WH-000997,997,Deck 3｜標準,人物,徐光啓,じょこうけい,,近世,東アジア,明代中国・上海・北京,1562〜1633年,1600,WH-000997-B02,beginner,時期,time,「徐光啓(じょこうけい)」が主に活動したのはいつ？,1562〜1633年,1562〜1633年,,,,世界史の窓（章節別用語リスト）,https://www.y-history.net/appendix/appendix-list.html
世界史段階別デッキ｜Deck 3｜主要王朝・人物・制度の穴埋め400語,WH-000997,997,Deck 3｜標準,人物,徐光啓,じょこうけい,,近世,東アジア,明代中国・上海・北京,1562〜1633年,1600,WH-000997-B03,beginner,内容,content,「徐光啓(じょこうけい)」について、共同翻訳者は？,マテオ＝リッチ,マテオ＝リッチ,,,,世界史の窓（章節別用語リスト）,https://www.y-history.net/appendix/appendix-list.html
世界史段階別デッキ｜Deck 3｜主要王朝・人物・制度の穴埋め400語,WH-000997,997,Deck 3｜標準,人物,徐光啓,じょこうけい,,近世,東アジア,明代中国・上海・北京,1562〜1633年,1600,WH-000997-R01,reverse,複合説明,reverse,何をした？,明代中国・上海(しゃんはい)・北京(ぺきん)を主な舞台に、**徐光啓(じょこうけい)**は、明末の官僚・学者でキリスト教へ改宗し、**マテオ＝リッチ**と『幾何原本』を漢訳した。天文学・暦法・軍事技術を学び、『農政全書』を著して実学を発展させた。,徐光啓|マテオ＝リッチ,,,,世界史の窓（章節別用語リスト）,https://www.y-history.net/appendix/appendix-list.html
世界史段階別デッキ｜Deck 3｜主要王朝・人物・制度の穴埋め400語,WH-000997,997,Deck 3｜標準,人物,徐光啓,じょこうけい,,近世,東アジア,明代中国・上海・北京,1562〜1633年,1600,WH-000997-R02,reverse,時期,time,「徐光啓(じょこうけい)」が主に活動したのはいつ？,**1562〜1633年**,1562〜1633年,,,,世界史の窓（章節別用語リスト）,https://www.y-history.net/appendix/appendix-list.html
世界史段階別デッキ｜Deck 3｜主要王朝・人物・制度の穴埋め400語,WH-000997,997,Deck 3｜標準,人物,徐光啓,じょこうけい,,近世,東アジア,明代中国・上海・北京,1562〜1633年,1600,WH-000997-I01,integrated,統合説明,integrated,「徐光啓(じょこうけい)」について説明せよ。,**1562〜1633年**、明代中国・上海(しゃんはい)・北京(ぺきん)を主な舞台に、**徐光啓(じょこうけい)**は、明末の官僚・学者でキリスト教へ改宗し、**マテオ＝リッチ**と『幾何原本』を漢訳した。天文学・暦法・軍事技術を学び、『農政全書』を著して実学を発展させた。,徐光啓|1562〜1633年|マテオ＝リッチ,,,,世界史の窓（章節別用語リスト）,https://www.y-history.net/appendix/appendix-list.html
世界史段階別デッキ｜Deck 3｜主要王朝・人物・制度の穴埋め400語,WH-001010,1010,Deck 3｜標準,経済・交易,問屋制家内工業,とんやせいかないこうぎょう,問屋制,近世,ヨーロッパ,西ヨーロッパの農村・都市周辺,16〜18世紀を中心,1600,WH-001010-B01,beginner,用語の特定,identify,商人が原料と道具を農民へ渡し、家庭で加工させて製品を回収する生産形態は？,問屋制家内工業,問屋制家内工業,問屋制,,,世界史の窓（章節別用語リスト）,https://www.y-history.net/appendix/appendix-list.html
世界史段階別デッキ｜Deck 3｜主要王朝・人物・制度の穴埋め400語,WH-001010,1010,Deck 3｜標準,経済・交易,問屋制家内工業,とんやせいかないこうぎょう,問屋制,近世,ヨーロッパ,西ヨーロッパの農村・都市周辺,16〜18世紀を中心,1600,WH-001010-B02,beginner,時期,time,「問屋制家内工業」が使用・展開されたのはいつ？,16〜18世紀を中心,16〜18世紀を中心,,,,世界史の窓（章節別用語リスト）,https://www.y-history.net/appendix/appendix-list.html
世界史段階別デッキ｜Deck 3｜主要王朝・人物・制度の穴埋め400語,WH-001010,1010,Deck 3｜標準,経済・交易,問屋制家内工業,とんやせいかないこうぎょう,問屋制,近世,ヨーロッパ,西ヨーロッパの農村・都市周辺,16〜18世紀を中心,1600,WH-001010-B03,beginner,内容,content,「問屋制家内工業」について、生産を統括した主体は？,問屋商人,問屋商人,,,,世界史の窓（章節別用語リスト）,https://www.y-history.net/appendix/appendix-list.html
世界史段階別デッキ｜Deck 3｜主要王朝・人物・制度の穴埋め400語,WH-001010,1010,Deck 3｜標準,経済・交易,問屋制家内工業,とんやせいかないこうぎょう,問屋制,近世,ヨーロッパ,西ヨーロッパの農村・都市周辺,16〜18世紀を中心,1600,WH-001010-R01,reverse,複合説明,reverse,どんな経済・交易？,西ヨーロッパの農村・都市周辺を主な舞台に、**問屋制家内工業**は、**問屋商人**が原料・道具・前貸し資金を農村家庭へ与え、紡績・織布などを行わせて製品を回収・販売した生産形態である。ギルド外で大量生産を進め、工場制手工業への移行を促した。,問屋制家内工業|問屋商人,,,,世界史の窓（章節別用語リスト）,https://www.y-history.net/appendix/appendix-list.html
世界史段階別デッキ｜Deck 3｜主要王朝・人物・制度の穴埋め400語,WH-001010,1010,Deck 3｜標準,経済・交易,問屋制家内工業,とんやせいかないこうぎょう,問屋制,近世,ヨーロッパ,西ヨーロッパの農村・都市周辺,16〜18世紀を中心,1600,WH-001010-R02,reverse,時期,time,「問屋制家内工業」が使用・展開されたのはいつ？,**16〜18世紀を中心**,16〜18世紀を中心,,,,世界史の窓（章節別用語リスト）,https://www.y-history.net/appendix/appendix-list.html
世界史段階別デッキ｜Deck 3｜主要王朝・人物・制度の穴埋め400語,WH-001010,1010,Deck 3｜標準,経済・交易,問屋制家内工業,とんやせいかないこうぎょう,問屋制,近世,ヨーロッパ,西ヨーロッパの農村・都市周辺,16〜18世紀を中心,1600,WH-001010-I01,integrated,統合説明,integrated,「問屋制家内工業」について説明せよ。,**16〜18世紀を中心**、西ヨーロッパの農村・都市周辺を主な舞台に、**問屋制家内工業**は、**問屋商人**が原料・道具・前貸し資金を農村家庭へ与え、紡績・織布などを行わせて製品を回収・販売した生産形態である。ギルド外で大量生産を進め、工場制手工業への移行を促した。,問屋制家内工業|16〜18世紀を中心|問屋商人,,,,世界史の窓（章節別用語リスト）,https://www.y-history.net/appendix/appendix-list.html
世界史段階別デッキ｜Deck 3｜主要王朝・人物・制度の穴埋め400語,WH-000888,888,Deck 3｜標準,制度・政策・法律,八旗,はっき,,近世,東アジア,満洲・清朝中国,17世紀以後,1601,WH-000888-B01,beginner,用語の特定,identify,ヌルハチが満洲人(まんしゅうじん)を色別の旗に編成し、軍事・行政・社会生活を一体化した制度は？,八旗(はっき),八旗,,,,世界史の窓（章節別用語リスト）,https://www.y-history.net/appendix/appendix-list.html
世界史段階別デッキ｜Deck 3｜主要王朝・人物・制度の穴埋め400語,WH-000888,888,Deck 3｜標準,制度・政策・法律,八旗,はっき,,近世,東アジア,満洲・清朝中国,17世紀以後,1601,WH-000888-B02,beginner,時期,time,「八旗(はっき)」が実施・整備されたのはいつ？,17世紀以後,17世紀以後,,,,世界史の窓（章節別用語リスト）,https://www.y-history.net/appendix/appendix-list.html
世界史段階別デッキ｜Deck 3｜主要王朝・人物・制度の穴埋め400語,WH-000888,888,Deck 3｜標準,制度・政策・法律,八旗,はっき,,近世,東アジア,満洲・清朝中国,17世紀以後,1601,WH-000888-B03,beginner,中心人物,person,「八旗(はっき)」について、整えた人物は？,ヌルハチ,ヌルハチ,,,,世界史の窓（章節別用語リスト）,https://www.y-history.net/appendix/appendix-list.html
世界史段階別デッキ｜Deck 3｜主要王朝・人物・制度の穴埋め400語,WH-000888,888,Deck 3｜標準,制度・政策・法律,八旗,はっき,,近世,東アジア,満洲・清朝中国,17世紀以後,1601,WH-000888-R01,reverse,複合説明,reverse,どんな制度・政策・法律？,満洲・清朝中国を主な舞台に、**八旗(はっき)**は、**ヌルハチ**が満洲人(まんしゅうじん)を八つの旗に編成した軍事・行政・社会組織で、兵士と家族を一体的に統率した。清の征服軍と支配層の基盤となり、後に蒙古八旗・漢軍八旗も作られた。,八旗|ヌルハチ,,,,世界史の窓（章節別用語リスト）,https://www.y-history.net/appendix/appendix-list.html
世界史段階別デッキ｜Deck 3｜主要王朝・人物・制度の穴埋め400語,WH-000888,888,Deck 3｜標準,制度・政策・法律,八旗,はっき,,近世,東アジア,満洲・清朝中国,17世紀以後,1601,WH-000888-R02,reverse,時期,time,「八旗(はっき)」が実施・整備されたのはいつ？,**17世紀以後**,17世紀以後,,,,世界史の窓（章節別用語リスト）,https://www.y-history.net/appendix/appendix-list.html
世界史段階別デッキ｜Deck 3｜主要王朝・人物・制度の穴埋め400語,WH-000888,888,Deck 3｜標準,制度・政策・法律,八旗,はっき,,近世,東アジア,満洲・清朝中国,17世紀以後,1601,WH-000888-I01,integrated,統合説明,integrated,「八旗(はっき)」について説明せよ。,**17世紀以後**、満洲・清朝中国を主な舞台に、**八旗(はっき)**は、**ヌルハチ**が満洲人(まんしゅうじん)を八つの旗に編成した軍事・行政・社会組織で、兵士と家族を一体的に統率した。清の征服軍と支配層の基盤となり、後に蒙古八旗・漢軍八旗も作られた。,八旗|17世紀以後|ヌルハチ,,,,世界史の窓（章節別用語リスト）,https://www.y-history.net/appendix/appendix-list.html
世界史段階別デッキ｜Deck 3｜主要王朝・人物・制度の穴埋め400語,WH-000998,998,Deck 3｜標準,文書・作品,坤輿万国全図,こんよばんこくぜんず,,近世,東アジア,明代中国・北京を中心に東アジア,1602年,1602,WH-000998-B01,beginner,用語の特定,identify,マテオ＝リッチが中国語で作製し、世界の地理認識を東アジアへ伝えた世界地図は？,坤輿万国全図(こんよばんこくぜんず),坤輿万国全図,,,,世界史の窓（章節別用語リスト）,https://www.y-history.net/appendix/appendix-list.html
世界史段階別デッキ｜Deck 3｜主要王朝・人物・制度の穴埋め400語,WH-000998,998,Deck 3｜標準,文書・作品,坤輿万国全図,こんよばんこくぜんず,,近世,東アジア,明代中国・北京を中心に東アジア,1602年,1602,WH-000998-B02,beginner,時期,time,「坤輿万国全図(こんよばんこくぜんず)」が成立・発表されたのはいつ？,1602年,1602年,,,,世界史の窓（章節別用語リスト）,https://www.y-history.net/appendix/appendix-list.html
世界史段階別デッキ｜Deck 3｜主要王朝・人物・制度の穴埋め400語,WH-000998,998,Deck 3｜標準,文書・作品,坤輿万国全図,こんよばんこくぜんず,,近世,東アジア,明代中国・北京を中心に東アジア,1602年,1602,WH-000998-B03,beginner,中心人物,person,「坤輿万国全図(こんよばんこくぜんず)」について、作製した人物は？,マテオ＝リッチ,マテオ＝リッチ,,,,世界史の窓（章節別用語リスト）,https://www.y-history.net/appendix/appendix-list.html
世界史段階別デッキ｜Deck 3｜主要王朝・人物・制度の穴埋め400語,WH-000998,998,Deck 3｜標準,文書・作品,坤輿万国全図,こんよばんこくぜんず,,近世,東アジア,明代中国・北京を中心に東アジア,1602年,1602,WH-000998-R01,reverse,複合説明,reverse,何が書かれている？,明代中国・北京(ぺきん)を中心に東アジアを主な舞台に、**坤輿万国全図(こんよばんこくぜんず)**は、**マテオ＝リッチ**が1602年に北京で刊行した漢文世界地図で、ヨーロッパの地理知識を中国人向けに示した。世界を一枚の地図へ配置し、中国・朝鮮・日本の世界認識へ影響した。,坤輿万国全図|マテオ＝リッチ,,,,世界史の窓（章節別用語リスト）,https://www.y-history.net/appendix/appendix-list.html
世界史段階別デッキ｜Deck 3｜主要王朝・人物・制度の穴埋め400語,WH-000998,998,Deck 3｜標準,文書・作品,坤輿万国全図,こんよばんこくぜんず,,近世,東アジア,明代中国・北京を中心に東アジア,1602年,1602,WH-000998-R02,reverse,時期,time,「坤輿万国全図(こんよばんこくぜんず)」が成立・発表されたのはいつ？,**1602年**,1602年,,,,世界史の窓（章節別用語リスト）,https://www.y-history.net/appendix/appendix-list.html
世界史段階別デッキ｜Deck 3｜主要王朝・人物・制度の穴埋め400語,WH-000998,998,Deck 3｜標準,文書・作品,坤輿万国全図,こんよばんこくぜんず,,近世,東アジア,明代中国・北京を中心に東アジア,1602年,1602,WH-000998-I01,integrated,統合説明,integrated,「坤輿万国全図(こんよばんこくぜんず)」について説明せよ。,**1602年**、明代中国・北京(ぺきん)を中心に東アジアを主な舞台に、**坤輿万国全図(こんよばんこくぜんず)**は、**マテオ＝リッチ**が1602年に北京で刊行した漢文世界地図で、ヨーロッパの地理知識を中国人向けに示した。世界を一枚の地図へ配置し、中国・朝鮮・日本の世界認識へ影響した。,坤輿万国全図|1602年|マテオ＝リッチ,,,,世界史の窓（章節別用語リスト）,https://www.y-history.net/appendix/appendix-list.html
世界史段階別デッキ｜Deck 3｜主要王朝・人物・制度の穴埋め400語,WH-000964,964,Deck 3｜標準,人物,ジェームズ1世,じぇーむずいっせい,ジェームズ6世・1世,近世,ヨーロッパ,イングランド・スコットランド,1603〜1625年在位,1603,WH-000964-B01,beginner,用語の特定,identify,ステュアート朝を開き、王権神授説を唱えて議会と対立したイングランド王は？,ジェームズ1世,ジェームズ1世,ジェームズ6世・1世,,,世界史の窓（章節別用語リスト）,https://www.y-history.net/appendix/appendix-list.html
世界史段階別デッキ｜Deck 3｜主要王朝・人物・制度の穴埋め400語,WH-000964,964,Deck 3｜標準,人物,ジェームズ1世,じぇーむずいっせい,ジェームズ6世・1世,近世,ヨーロッパ,イングランド・スコットランド,1603〜1625年在位,1603,WH-000964-B02,beginner,時期,time,「ジェームズ1世」が主に活動したのはいつ？,1603〜1625年在位,1603〜1625年在位,,,1603年：「ステュアート 今後いろいろ お騒がせ」（1603）ジェームズ1世の即位。ステュアート朝の始まり。,世界史の窓（章節別用語リスト）,https://www.y-history.net/appendix/appendix-list.html
世界史段階別デッキ｜Deck 3｜主要王朝・人物・制度の穴埋め400語,WH-000964,964,Deck 3｜標準,人物,ジェームズ1世,じぇーむずいっせい,ジェームズ6世・1世,近世,ヨーロッパ,イングランド・スコットランド,1603〜1625年在位,1603,WH-000964-B03,beginner,関連,relation,「ジェームズ1世」について、開いた王朝は？,ステュアート朝,ステュアート朝,,,,世界史の窓（章節別用語リスト）,https://www.y-history.net/appendix/appendix-list.html
世界史段階別デッキ｜Deck 3｜主要王朝・人物・制度の穴埋め400語,WH-000964,964,Deck 3｜標準,人物,ジェームズ1世,じぇーむずいっせい,ジェームズ6世・1世,近世,ヨーロッパ,イングランド・スコットランド,1603〜1625年在位,1603,WH-000964-R01,reverse,複合説明,reverse,何をした？,イングランド・スコットランドを主な舞台に、**ジェームズ1世**は、スコットランド王ジェームズ6世がイングランド王を兼ね、**ステュアート朝**を開いた。**王権神授説**を唱え、課税・宗教政策をめぐって議会と対立し、後の清教徒革命の背景を作った。,ジェームズ1世|ステュアート朝|王権神授説,,,,世界史の窓（章節別用語リスト）,https://www.y-history.net/appendix/appendix-list.html
世界史段階別デッキ｜Deck 3｜主要王朝・人物・制度の穴埋め400語,WH-000964,964,Deck 3｜標準,人物,ジェームズ1世,じぇーむずいっせい,ジェームズ6世・1世,近世,ヨーロッパ,イングランド・スコットランド,1603〜1625年在位,1603,WH-000964-R02,reverse,時期,time,「ジェームズ1世」が主に活動したのはいつ？,**1603〜1625年在位**,1603〜1625年在位,,,1603年：「ステュアート 今後いろいろ お騒がせ」（1603）ジェームズ1世の即位。ステュアート朝の始まり。,世界史の窓（章節別用語リスト）,https://www.y-history.net/appendix/appendix-list.html
世界史段階別デッキ｜Deck 3｜主要王朝・人物・制度の穴埋め400語,WH-000964,964,Deck 3｜標準,人物,ジェームズ1世,じぇーむずいっせい,ジェームズ6世・1世,近世,ヨーロッパ,イングランド・スコットランド,1603〜1625年在位,1603,WH-000964-I01,integrated,統合説明,integrated,「ジェームズ1世」について説明せよ。,**1603〜1625年在位**、イングランド・スコットランドを主な舞台に、**ジェームズ1世**は、スコットランド王ジェームズ6世がイングランド王を兼ね、**ステュアート朝**を開いた。**王権神授説**を唱え、課税・宗教政策をめぐって議会と対立し、後の清教徒革命の背景を作った。,ジェームズ1世|1603〜1625年在位|ステュアート朝|王権神授説,,,1603年：「ステュアート 今後いろいろ お騒がせ」（1603）ジェームズ1世の即位。ステュアート朝の始まり。,世界史の窓（章節別用語リスト）,https://www.y-history.net/appendix/appendix-list.html
世界史段階別デッキ｜Deck 3｜主要王朝・人物・制度の穴埋め400語,WH-000949,949,Deck 3｜標準,人物,セルバンテス,せるばんてす,ミゲル＝デ＝セルバンテス,近世,ヨーロッパ,スペイン,1547〜1616年,1605,WH-000949-B01,beginner,用語の特定,identify,騎士道物語を風刺した『ドン＝キホーテ』を著したスペインの作家は？,セルバンテス,セルバンテス,ミゲル＝デ＝セルバンテス,,,世界史の窓（章節別用語リスト）,https://www.y-history.net/appendix/appendix-list.html
世界史段階別デッキ｜Deck 3｜主要王朝・人物・制度の穴埋め400語,WH-000949,949,Deck 3｜標準,人物,セルバンテス,せるばんてす,ミゲル＝デ＝セルバンテス,近世,ヨーロッパ,スペイン,1547〜1616年,1605,WH-000949-B02,beginner,時期,time,「セルバンテス」が主に活動したのはいつ？,1547〜1616年,1547〜1616年,,,,世界史の窓（章節別用語リスト）,https://www.y-history.net/appendix/appendix-list.html
世界史段階別デッキ｜Deck 3｜主要王朝・人物・制度の穴埋め400語,WH-000949,949,Deck 3｜標準,人物,セルバンテス,せるばんてす,ミゲル＝デ＝セルバンテス,近世,ヨーロッパ,スペイン,1547〜1616年,1605,WH-000949-B03,beginner,内容,content,「セルバンテス」について、代表作は？,『ドン＝キホーテ』,ドン＝キホーテ,,,,世界史の窓（章節別用語リスト）,https://www.y-history.net/appendix/appendix-list.html
世界史段階別デッキ｜Deck 3｜主要王朝・人物・制度の穴埋め400語,WH-000949,949,Deck 3｜標準,人物,セルバンテス,せるばんてす,ミゲル＝デ＝セルバンテス,近世,ヨーロッパ,スペイン,1547〜1616年,1605,WH-000949-R01,reverse,複合説明,reverse,何をした？,スペインを主な舞台に、**セルバンテス**は、スペイン黄金世紀の作家で、時代遅れの騎士道物語に夢中になる人物を描いた**『ドン＝キホーテ』**を著した。近代小説の先駆的作品として知られる。,セルバンテス|ドン＝キホーテ,,,,世界史の窓（章節別用語リスト）,https://www.y-history.net/appendix/appendix-list.html
世界史段階別デッキ｜Deck 3｜主要王朝・人物・制度の穴埋め400語,WH-000949,949,Deck 3｜標準,人物,セルバンテス,せるばんてす,ミゲル＝デ＝セルバンテス,近世,ヨーロッパ,スペイン,1547〜1616年,1605,WH-000949-R02,reverse,時期,time,「セルバンテス」が主に活動したのはいつ？,**1547〜1616年**,1547〜1616年,,,,世界史の窓（章節別用語リスト）,https://www.y-history.net/appendix/appendix-list.html
世界史段階別デッキ｜Deck 3｜主要王朝・人物・制度の穴埋め400語,WH-000949,949,Deck 3｜標準,人物,セルバンテス,せるばんてす,ミゲル＝デ＝セルバンテス,近世,ヨーロッパ,スペイン,1547〜1616年,1605,WH-000949-I01,integrated,統合説明,integrated,「セルバンテス」について説明せよ。,**1547〜1616年**、スペインを主な舞台に、**セルバンテス**は、スペイン黄金世紀の作家で、時代遅れの騎士道物語に夢中になる人物を描いた**『ドン＝キホーテ』**を著した。近代小説の先駆的作品として知られる。,セルバンテス|1547〜1616年|ドン＝キホーテ,,,,世界史の窓（章節別用語リスト）,https://www.y-history.net/appendix/appendix-list.html
世界史段階別デッキ｜Deck 3｜主要王朝・人物・制度の穴埋め400語,WH-000992,992,Deck 3｜標準,人物,ジャハーンギール,じゃはーんぎーる,,近世,南アジア,ムガル帝国・インド北部,1605〜1627年在位,1605,WH-000992-B01,beginner,用語の特定,identify,アクバルの後を継ぎ、ヌール＝ジャハーンの影響下でムガル帝国を統治した皇帝は？,ジャハーンギール,ジャハーンギール,,,,世界史の窓（章節別用語リスト）,https://www.y-history.net/appendix/appendix-list.html
世界史段階別デッキ｜Deck 3｜主要王朝・人物・制度の穴埋め400語,WH-000992,992,Deck 3｜標準,人物,ジャハーンギール,じゃはーんぎーる,,近世,南アジア,ムガル帝国・インド北部,1605〜1627年在位,1605,WH-000992-B02,beginner,時期,time,「ジャハーンギール」が主に活動したのはいつ？,1605〜1627年在位,1605〜1627年在位,,,,世界史の窓（章節別用語リスト）,https://www.y-history.net/appendix/appendix-list.html
世界史段階別デッキ｜Deck 3｜主要王朝・人物・制度の穴埋め400語,WH-000992,992,Deck 3｜標準,人物,ジャハーンギール,じゃはーんぎーる,,近世,南アジア,ムガル帝国・インド北部,1605〜1627年在位,1605,WH-000992-B03,beginner,中心人物,person,「ジャハーンギール」について、父は？,アクバル,アクバル,,,,世界史の窓（章節別用語リスト）,https://www.y-history.net/appendix/appendix-list.html
世界史段階別デッキ｜Deck 3｜主要王朝・人物・制度の穴埋め400語,WH-000992,992,Deck 3｜標準,人物,ジャハーンギール,じゃはーんぎーる,,近世,南アジア,ムガル帝国・インド北部,1605〜1627年在位,1605,WH-000992-R01,reverse,複合説明,reverse,何をした？,ムガル帝国・インド北部を主な舞台に、**ジャハーンギール**は、**アクバル**の子としてムガル帝国皇帝となり、絵画・自然研究を保護した。皇后**ヌール＝ジャハーン**が政治へ強い影響力を持ち、イギリス東インド会社の使節も宮廷を訪れた。,ジャハーンギール|アクバル|ヌール＝ジャハーン,,,,世界史の窓（章節別用語リスト）,https://www.y-history.net/appendix/appendix-list.html
世界史段階別デッキ｜Deck 3｜主要王朝・人物・制度の穴埋め400語,WH-000992,992,Deck 3｜標準,人物,ジャハーンギール,じゃはーんぎーる,,近世,南アジア,ムガル帝国・インド北部,1605〜1627年在位,1605,WH-000992-R02,reverse,時期,time,「ジャハーンギール」が主に活動したのはいつ？,**1605〜1627年在位**,1605〜1627年在位,,,,世界史の窓（章節別用語リスト）,https://www.y-history.net/appendix/appendix-list.html
世界史段階別デッキ｜Deck 3｜主要王朝・人物・制度の穴埋め400語,WH-000992,992,Deck 3｜標準,人物,ジャハーンギール,じゃはーんぎーる,,近世,南アジア,ムガル帝国・インド北部,1605〜1627年在位,1605,WH-000992-I01,integrated,統合説明,integrated,「ジャハーンギール」について説明せよ。,**1605〜1627年在位**、ムガル帝国・インド北部を主な舞台に、**ジャハーンギール**は、**アクバル**の子としてムガル帝国皇帝となり、絵画・自然研究を保護した。皇后**ヌール＝ジャハーン**が政治へ強い影響力を持ち、イギリス東インド会社の使節も宮廷を訪れた。,ジャハーンギール|1605〜1627年在位|アクバル|ヌール＝ジャハーン,,,,世界史の窓（章節別用語リスト）,https://www.y-history.net/appendix/appendix-list.html
世界史段階別デッキ｜Deck 3｜主要王朝・人物・制度の穴埋め400語,WH-000956,956,Deck 3｜標準,人物,ケプラー,けぷらー,ヨハネス＝ケプラー,近世,ヨーロッパ,神聖ローマ帝国・プラハなど,17世紀初頭,1609,WH-000956-B01,beginner,用語の特定,identify,惑星が楕円軌道を動くことなど、惑星運動の三法則を示した天文学者は？,ケプラー,ケプラー,ヨハネス＝ケプラー,,,世界史の窓（章節別用語リスト）,https://www.y-history.net/appendix/appendix-list.html
世界史段階別デッキ｜Deck 3｜主要王朝・人物・制度の穴埋め400語,WH-000956,956,Deck 3｜標準,人物,ケプラー,けぷらー,ヨハネス＝ケプラー,近世,ヨーロッパ,神聖ローマ帝国・プラハなど,17世紀初頭,1609,WH-000956-B02,beginner,時期,time,「ケプラー」が主に活動したのはいつ？,17世紀初頭,17世紀初頭,,,,世界史の窓（章節別用語リスト）,https://www.y-history.net/appendix/appendix-list.html
世界史段階別デッキ｜Deck 3｜主要王朝・人物・制度の穴埋め400語,WH-000956,956,Deck 3｜標準,人物,ケプラー,けぷらー,ヨハネス＝ケプラー,近世,ヨーロッパ,神聖ローマ帝国・プラハなど,17世紀初頭,1609,WH-000956-B03,beginner,内容,content,「ケプラー」について、示した法則は？,惑星運動の三法則,惑星運動の三法則,,,,世界史の窓（章節別用語リスト）,https://www.y-history.net/appendix/appendix-list.html
世界史段階別デッキ｜Deck 3｜主要王朝・人物・制度の穴埋め400語,WH-000956,956,Deck 3｜標準,人物,ケプラー,けぷらー,ヨハネス＝ケプラー,近世,ヨーロッパ,神聖ローマ帝国・プラハなど,17世紀初頭,1609,WH-000956-R01,reverse,複合説明,reverse,何をした？,神聖ローマ帝国・プラハなどを主な舞台に、**ケプラー**は、ティコ＝ブラーエの精密な観測記録を分析し、惑星は太陽を焦点とする楕円軌道を動くなどの**惑星運動の三法則**を発見した。地動説を数学的に発展させた。,ケプラー|惑星運動の三法則,,,,世界史の窓（章節別用語リスト）,https://www.y-history.net/appendix/appendix-list.html
世界史段階別デッキ｜Deck 3｜主要王朝・人物・制度の穴埋め400語,WH-000956,956,Deck 3｜標準,人物,ケプラー,けぷらー,ヨハネス＝ケプラー,近世,ヨーロッパ,神聖ローマ帝国・プラハなど,17世紀初頭,1609,WH-000956-R02,reverse,時期,time,「ケプラー」が主に活動したのはいつ？,**17世紀初頭**,17世紀初頭,,,,世界史の窓（章節別用語リスト）,https://www.y-history.net/appendix/appendix-list.html
世界史段階別デッキ｜Deck 3｜主要王朝・人物・制度の穴埋め400語,WH-000956,956,Deck 3｜標準,人物,ケプラー,けぷらー,ヨハネス＝ケプラー,近世,ヨーロッパ,神聖ローマ帝国・プラハなど,17世紀初頭,1609,WH-000956-I01,integrated,統合説明,integrated,「ケプラー」について説明せよ。,**17世紀初頭**、神聖ローマ帝国・プラハなどを主な舞台に、**ケプラー**は、ティコ＝ブラーエの精密な観測記録を分析し、惑星は太陽を焦点とする楕円軌道を動くなどの**惑星運動の三法則**を発見した。地動説を数学的に発展させた。,ケプラー|17世紀初頭|惑星運動の三法則,,,,世界史の窓（章節別用語リスト）,https://www.y-history.net/appendix/appendix-list.html
世界史段階別デッキ｜Deck 3｜主要王朝・人物・制度の穴埋め400語,WH-000954,954,Deck 3｜標準,人物,グスタフ＝アドルフ,ぐすたふあどるふ,グスタフ2世アドルフ,近世,ヨーロッパ,スウェーデン・ドイツ,1611〜1632年在位,1611,WH-000954-B01,beginner,用語の特定,identify,三十年戦争へ介入して皇帝軍を破り、スウェーデンをバルト海の強国にした王は？,グスタフ＝アドルフ,グスタフ＝アドルフ,グスタフ2世アドルフ,,,世界史の窓（章節別用語リスト）,https://www.y-history.net/appendix/appendix-list.html
世界史段階別デッキ｜Deck 3｜主要王朝・人物・制度の穴埋め400語,WH-000954,954,Deck 3｜標準,人物,グスタフ＝アドルフ,ぐすたふあどるふ,グスタフ2世アドルフ,近世,ヨーロッパ,スウェーデン・ドイツ,1611〜1632年在位,1611,WH-000954-B02,beginner,時期,time,「グスタフ＝アドルフ」が主に活動したのはいつ？,1611〜1632年在位,1611〜1632年在位,,,,世界史の窓（章節別用語リスト）,https://www.y-history.net/appendix/appendix-list.html
世界史段階別デッキ｜Deck 3｜主要王朝・人物・制度の穴埋め400語,WH-000954,954,Deck 3｜標準,人物,グスタフ＝アドルフ,ぐすたふあどるふ,グスタフ2世アドルフ,近世,ヨーロッパ,スウェーデン・ドイツ,1611〜1632年在位,1611,WH-000954-B03,beginner,関連,relation,「グスタフ＝アドルフ」について、介入した戦争は？,三十年戦争,三十年戦争,,,,世界史の窓（章節別用語リスト）,https://www.y-history.net/appendix/appendix-list.html
世界史段階別デッキ｜Deck 3｜主要王朝・人物・制度の穴埋め400語,WH-000954,954,Deck 3｜標準,人物,グスタフ＝アドルフ,ぐすたふあどるふ,グスタフ2世アドルフ,近世,ヨーロッパ,スウェーデン・ドイツ,1611〜1632年在位,1611,WH-000954-R01,reverse,複合説明,reverse,何をした？,スウェーデン・ドイツを主な舞台に、**グスタフ＝アドルフ**は、スウェーデン王として軍制・行政を改革し、**三十年戦争**へプロテスタント側で参戦した。ブライテンフェルトで皇帝軍を破ったが、1632年のリュッツェンの戦いで戦死した。,グスタフ＝アドルフ|三十年戦争,,,,世界史の窓（章節別用語リスト）,https://www.y-history.net/appendix/appendix-list.html
世界史段階別デッキ｜Deck 3｜主要王朝・人物・制度の穴埋め400語,WH-000954,954,Deck 3｜標準,人物,グスタフ＝アドルフ,ぐすたふあどるふ,グスタフ2世アドルフ,近世,ヨーロッパ,スウェーデン・ドイツ,1611〜1632年在位,1611,WH-000954-R02,reverse,時期,time,「グスタフ＝アドルフ」が主に活動したのはいつ？,**1611〜1632年在位**,1611〜1632年在位,,,,世界史の窓（章節別用語リスト）,https://www.y-history.net/appendix/appendix-list.html
世界史段階別デッキ｜Deck 3｜主要王朝・人物・制度の穴埋め400語,WH-000954,954,Deck 3｜標準,人物,グスタフ＝アドルフ,ぐすたふあどるふ,グスタフ2世アドルフ,近世,ヨーロッパ,スウェーデン・ドイツ,1611〜1632年在位,1611,WH-000954-I01,integrated,統合説明,integrated,「グスタフ＝アドルフ」について説明せよ。,**1611〜1632年在位**、スウェーデン・ドイツを主な舞台に、**グスタフ＝アドルフ**は、スウェーデン王として軍制・行政を改革し、**三十年戦争**へプロテスタント側で参戦した。ブライテンフェルトで皇帝軍を破ったが、1632年のリュッツェンの戦いで戦死した。,グスタフ＝アドルフ|1611〜1632年在位|三十年戦争,,,,世界史の窓（章節別用語リスト）,https://www.y-history.net/appendix/appendix-list.html
世界史段階別デッキ｜Deck 3｜主要王朝・人物・制度の穴埋め400語,WH-000943,943,Deck 3｜標準,国家・王朝,ロマノフ朝,ろまのふちょう,,近世,ヨーロッパ,ロシア帝国・東ヨーロッパから北アジア,1613〜1917年,1613,WH-000943-B01,beginner,用語の特定,identify,動乱時代後にミハイルを初代として成立し、ロシア革命で滅びた王朝は？,ロマノフ朝,ロマノフ朝,,,,世界史の窓（章節別用語リスト）,https://www.y-history.net/appendix/appendix-list.html
世界史段階別デッキ｜Deck 3｜主要王朝・人物・制度の穴埋め400語,WH-000943,943,Deck 3｜標準,国家・王朝,ロマノフ朝,ろまのふちょう,,近世,ヨーロッパ,ロシア帝国・東ヨーロッパから北アジア,1613〜1917年,1613,WH-000943-B02,beginner,時期,time,「ロマノフ朝」が存在したのはいつ？,1613〜1917年,1613〜1917年,,,1613年：「モスクワの 広い 見晴らし ロマノフ家」（1613）ロマノフ朝の成立。,世界史の窓（章節別用語リスト）,https://www.y-history.net/appendix/appendix-list.html
世界史段階別デッキ｜Deck 3｜主要王朝・人物・制度の穴埋め400語,WH-000943,943,Deck 3｜標準,国家・王朝,ロマノフ朝,ろまのふちょう,,近世,ヨーロッパ,ロシア帝国・東ヨーロッパから北アジア,1613〜1917年,1613,WH-000943-B03,beginner,中心人物,person,「ロマノフ朝」について、初代皇帝は？,ミハイル＝ロマノフ,ミハイル＝ロマノフ,,,,世界史の窓（章節別用語リスト）,https://www.y-history.net/appendix/appendix-list.html
世界史段階別デッキ｜Deck 3｜主要王朝・人物・制度の穴埋め400語,WH-000943,943,Deck 3｜標準,国家・王朝,ロマノフ朝,ろまのふちょう,,近世,ヨーロッパ,ロシア帝国・東ヨーロッパから北アジア,1613〜1917年,1613,WH-000943-R01,reverse,複合説明,reverse,何をした？,ロシア帝国・東ヨーロッパから北アジアを主な舞台に、**ロマノフ朝**は、動乱時代の後、1613年に**ミハイル＝ロマノフ**が選出されて成立したロシア王朝である。ピョートル1世以後に帝国化・西欧化と領土拡大を進めたが、1917年のロシア革命で滅亡した。,ロマノフ朝|ミハイル＝ロマノフ,,,1613年：「モスクワの 広い 見晴らし ロマノフ家」（1613）ロマノフ朝の成立。,世界史の窓（章節別用語リスト）,https://www.y-history.net/appendix/appendix-list.html
世界史段階別デッキ｜Deck 3｜主要王朝・人物・制度の穴埋め400語,WH-000943,943,Deck 3｜標準,国家・王朝,ロマノフ朝,ろまのふちょう,,近世,ヨーロッパ,ロシア帝国・東ヨーロッパから北アジア,1613〜1917年,1613,WH-000943-R02,reverse,時期,time,「ロマノフ朝」が存在したのはいつ？,**1613〜1917年**,1613〜1917年,,,1613年：「モスクワの 広い 見晴らし ロマノフ家」（1613）ロマノフ朝の成立。,世界史の窓（章節別用語リスト）,https://www.y-history.net/appendix/appendix-list.html
世界史段階別デッキ｜Deck 3｜主要王朝・人物・制度の穴埋め400語,WH-000943,943,Deck 3｜標準,国家・王朝,ロマノフ朝,ろまのふちょう,,近世,ヨーロッパ,ロシア帝国・東ヨーロッパから北アジア,1613〜1917年,1613,WH-000943-I01,integrated,統合説明,integrated,「ロマノフ朝」について説明せよ。,**1613〜1917年**、ロシア帝国・東ヨーロッパから北アジアを主な舞台に、**ロマノフ朝**は、動乱時代の後、1613年に**ミハイル＝ロマノフ**が選出されて成立したロシア王朝である。ピョートル1世以後に帝国化・西欧化と領土拡大を進めたが、1917年のロシア革命で滅亡した。,ロマノフ朝|1613〜1917年|ミハイル＝ロマノフ,,,1613年：「モスクワの 広い 見晴らし ロマノフ家」（1613）ロマノフ朝の成立。,世界史の窓（章節別用語リスト）,https://www.y-history.net/appendix/appendix-list.html
世界史段階別デッキ｜Deck 3｜主要王朝・人物・制度の穴埋め400語,WH-000976,976,Deck 3｜標準,人物,ミハイル＝ロマノフ,みはいろまのふ,,近世,ヨーロッパ,ロシア,1613〜1645年在位,1613,WH-000976-B01,beginner,用語の特定,identify,動乱時代の後、全国会議で選出されてロマノフ朝を開いたロシア皇帝は？,ミハイル＝ロマノフ,ミハイル＝ロマノフ,,,,世界史の窓（章節別用語リスト）,https://www.y-history.net/appendix/appendix-list.html
世界史段階別デッキ｜Deck 3｜主要王朝・人物・制度の穴埋め400語,WH-000976,976,Deck 3｜標準,人物,ミハイル＝ロマノフ,みはいろまのふ,,近世,ヨーロッパ,ロシア,1613〜1645年在位,1613,WH-000976-B02,beginner,時期,time,「ミハイル＝ロマノフ」が主に活動したのはいつ？,1613〜1645年在位,1613〜1645年在位,,,,世界史の窓（章節別用語リスト）,https://www.y-history.net/appendix/appendix-list.html
世界史段階別デッキ｜Deck 3｜主要王朝・人物・制度の穴埋め400語,WH-000976,976,Deck 3｜標準,人物,ミハイル＝ロマノフ,みはいろまのふ,,近世,ヨーロッパ,ロシア,1613〜1645年在位,1613,WH-000976-B03,beginner,関連,relation,「ミハイル＝ロマノフ」について、開いた王朝は？,ロマノフ朝,ロマノフ朝,,,,世界史の窓（章節別用語リスト）,https://www.y-history.net/appendix/appendix-list.html
世界史段階別デッキ｜Deck 3｜主要王朝・人物・制度の穴埋め400語,WH-000976,976,Deck 3｜標準,人物,ミハイル＝ロマノフ,みはいろまのふ,,近世,ヨーロッパ,ロシア,1613〜1645年在位,1613,WH-000976-R01,reverse,複合説明,reverse,何をした？,ロシアを主な舞台に、**ミハイル＝ロマノフ**は、ポーランド・スウェーデンの介入と内乱が続く**動乱時代**の後、1613年に全国会議でツァーリに選ばれた。**ロマノフ朝**を開き、国家秩序の再建を進めた。,ミハイル＝ロマノフ|動乱時代|ロマノフ朝,,,,世界史の窓（章節別用語リスト）,https://www.y-history.net/appendix/appendix-list.html
世界史段階別デッキ｜Deck 3｜主要王朝・人物・制度の穴埋め400語,WH-000976,976,Deck 3｜標準,人物,ミハイル＝ロマノフ,みはいろまのふ,,近世,ヨーロッパ,ロシア,1613〜1645年在位,1613,WH-000976-R02,reverse,時期,time,「ミハイル＝ロマノフ」が主に活動したのはいつ？,**1613〜1645年在位**,1613〜1645年在位,,,,世界史の窓（章節別用語リスト）,https://www.y-history.net/appendix/appendix-list.html
世界史段階別デッキ｜Deck 3｜主要王朝・人物・制度の穴埋め400語,WH-000976,976,Deck 3｜標準,人物,ミハイル＝ロマノフ,みはいろまのふ,,近世,ヨーロッパ,ロシア,1613〜1645年在位,1613,WH-000976-I01,integrated,統合説明,integrated,「ミハイル＝ロマノフ」について説明せよ。,**1613〜1645年在位**、ロシアを主な舞台に、**ミハイル＝ロマノフ**は、ポーランド・スウェーデンの介入と内乱が続く**動乱時代**の後、1613年に全国会議でツァーリに選ばれた。**ロマノフ朝**を開き、国家秩序の再建を進めた。,ミハイル＝ロマノフ|1613〜1645年在位|動乱時代|ロマノフ朝,,,,世界史の窓（章節別用語リスト）,https://www.y-history.net/appendix/appendix-list.html
世界史段階別デッキ｜Deck 3｜主要王朝・人物・制度の穴埋め400語,WH-000886,886,Deck 3｜標準,人物,ヌルハチ,ぬるはち,清の太祖,近世,東アジア,中国東北部・満洲,1559〜1626年,1616,WH-000886-B01,beginner,用語の特定,identify,女真諸部を統一し、八旗(はっき)を整えて後金を建てた清朝の基礎を築いた人物は？,ヌルハチ,ヌルハチ,清の太祖,,,世界史の窓（章節別用語リスト）,https://www.y-history.net/appendix/appendix-list.html
世界史段階別デッキ｜Deck 3｜主要王朝・人物・制度の穴埋め400語,WH-000886,886,Deck 3｜標準,人物,ヌルハチ,ぬるはち,清の太祖,近世,東アジア,中国東北部・満洲,1559〜1626年,1616,WH-000886-B02,beginner,時期,time,「ヌルハチ」が主に活動したのはいつ？,1559〜1626年,1559〜1626年,,,,世界史の窓（章節別用語リスト）,https://www.y-history.net/appendix/appendix-list.html
世界史段階別デッキ｜Deck 3｜主要王朝・人物・制度の穴埋め400語,WH-000886,886,Deck 3｜標準,人物,ヌルハチ,ぬるはち,清の太祖,近世,東アジア,中国東北部・満洲,1559〜1626年,1616,WH-000886-B03,beginner,関連,relation,「ヌルハチ」について、建てた国家は？,後金,後金,,,,世界史の窓（章節別用語リスト）,https://www.y-history.net/appendix/appendix-list.html
世界史段階別デッキ｜Deck 3｜主要王朝・人物・制度の穴埋め400語,WH-000886,886,Deck 3｜標準,人物,ヌルハチ,ぬるはち,清の太祖,近世,東アジア,中国東北部・満洲,1559〜1626年,1616,WH-000886-R01,reverse,複合説明,reverse,何をした？,中国東北部・満洲を主な舞台に、**ヌルハチ**は、建州女真を中心に女真諸部を統合し、軍事・社会組織の**八旗(はっき)**を整えた。1616年に**後金**を建て、明への攻撃を始めて清朝成立の基礎を築いた。,ヌルハチ|八旗|後金,,,1616年：「「満[州]族が いろいろやる」と ヌルハチ即位」（1616）後金の建国。ヌルハチが即位。,世界史の窓（章節別用語リスト）,https://www.y-history.net/appendix/appendix-list.html
世界史段階別デッキ｜Deck 3｜主要王朝・人物・制度の穴埋め400語,WH-000886,886,Deck 3｜標準,人物,ヌルハチ,ぬるはち,清の太祖,近世,東アジア,中国東北部・満洲,1559〜1626年,1616,WH-000886-R02,reverse,時期,time,「ヌルハチ」が主に活動したのはいつ？,**1559〜1626年**,1559〜1626年,,,,世界史の窓（章節別用語リスト）,https://www.y-history.net/appendix/appendix-list.html
世界史段階別デッキ｜Deck 3｜主要王朝・人物・制度の穴埋め400語,WH-000886,886,Deck 3｜標準,人物,ヌルハチ,ぬるはち,清の太祖,近世,東アジア,中国東北部・満洲,1559〜1626年,1616,WH-000886-I01,integrated,統合説明,integrated,「ヌルハチ」について説明せよ。,**1559〜1626年**、中国東北部・満洲を主な舞台に、**ヌルハチ**は、建州女真を中心に女真諸部を統合し、軍事・社会組織の**八旗(はっき)**を整えた。1616年に**後金**を建て、明への攻撃を始めて清朝成立の基礎を築いた。,ヌルハチ|1559〜1626年|八旗|後金,,,1616年：「「満[州]族が いろいろやる」と ヌルハチ即位」（1616）後金の建国。ヌルハチが即位。,世界史の窓（章節別用語リスト）,https://www.y-history.net/appendix/appendix-list.html
世界史段階別デッキ｜Deck 3｜主要王朝・人物・制度の穴埋め400語,WH-000955,955,Deck 3｜標準,人物,ヴァレンシュタイン,ゔぁれんしゅたいん,ワレンシュタイン,近世,ヨーロッパ,神聖ローマ帝国・中部ヨーロッパ,三十年戦争期,1625,WH-000955-B01,beginner,用語の特定,identify,私兵を率いて三十年戦争で皇帝側の総司令官となり、のち暗殺された軍人は？,ヴァレンシュタイン,ヴァレンシュタイン,ワレンシュタイン,,,世界史の窓（章節別用語リスト）,https://www.y-history.net/appendix/appendix-list.html
世界史段階別デッキ｜Deck 3｜主要王朝・人物・制度の穴埋め400語,WH-000955,955,Deck 3｜標準,人物,ヴァレンシュタイン,ゔぁれんしゅたいん,ワレンシュタイン,近世,ヨーロッパ,神聖ローマ帝国・中部ヨーロッパ,三十年戦争期,1625,WH-000955-B02,beginner,時期,time,「ヴァレンシュタイン」が主に活動したのはいつ？,三十年戦争期,三十年戦争期,,,,世界史の窓（章節別用語リスト）,https://www.y-history.net/appendix/appendix-list.html
世界史段階別デッキ｜Deck 3｜主要王朝・人物・制度の穴埋め400語,WH-000955,955,Deck 3｜標準,人物,ヴァレンシュタイン,ゔぁれんしゅたいん,ワレンシュタイン,近世,ヨーロッパ,神聖ローマ帝国・中部ヨーロッパ,三十年戦争期,1625,WH-000955-B03,beginner,関連,relation,「ヴァレンシュタイン」について、率いた側は？,神聖ローマ皇帝側,神聖ローマ皇帝側,,,,世界史の窓（章節別用語リスト）,https://www.y-history.net/appendix/appendix-list.html
世界史段階別デッキ｜Deck 3｜主要王朝・人物・制度の穴埋め400語,WH-000955,955,Deck 3｜標準,人物,ヴァレンシュタイン,ゔぁれんしゅたいん,ワレンシュタイン,近世,ヨーロッパ,神聖ローマ帝国・中部ヨーロッパ,三十年戦争期,1625,WH-000955-R01,reverse,複合説明,reverse,何をした？,神聖ローマ帝国・中部ヨーロッパを主な舞台に、**ヴァレンシュタイン**は、ボヘミア出身の傭兵隊長で、自己資金と占領地徴発により大軍を組織し、**三十年戦争**で皇帝側を率いた。権力拡大を警戒されて罷免・復職を経た後、1634年に暗殺された。,ヴァレンシュタイン|三十年戦争,,,,世界史の窓（章節別用語リスト）,https://www.y-history.net/appendix/appendix-list.html
世界史段階別デッキ｜Deck 3｜主要王朝・人物・制度の穴埋め400語,WH-000955,955,Deck 3｜標準,人物,ヴァレンシュタイン,ゔぁれんしゅたいん,ワレンシュタイン,近世,ヨーロッパ,神聖ローマ帝国・中部ヨーロッパ,三十年戦争期,1625,WH-000955-R02,reverse,時期,time,「ヴァレンシュタイン」が主に活動したのはいつ？,**三十年戦争期**,三十年戦争期,,,,世界史の窓（章節別用語リスト）,https://www.y-history.net/appendix/appendix-list.html
世界史段階別デッキ｜Deck 3｜主要王朝・人物・制度の穴埋め400語,WH-000955,955,Deck 3｜標準,人物,ヴァレンシュタイン,ゔぁれんしゅたいん,ワレンシュタイン,近世,ヨーロッパ,神聖ローマ帝国・中部ヨーロッパ,三十年戦争期,1625,WH-000955-I01,integrated,統合説明,integrated,「ヴァレンシュタイン」について説明せよ。,**三十年戦争期**、神聖ローマ帝国・中部ヨーロッパを主な舞台に、**ヴァレンシュタイン**は、ボヘミア出身の傭兵隊長で、自己資金と占領地徴発により大軍を組織し、**三十年戦争**で皇帝側を率いた。権力拡大を警戒されて罷免・復職を経た後、1634年に暗殺された。,ヴァレンシュタイン|三十年戦争期|三十年戦争,,,,世界史の窓（章節別用語リスト）,https://www.y-history.net/appendix/appendix-list.html
世界史段階別デッキ｜Deck 3｜主要王朝・人物・制度の穴埋め400語,WH-000960,960,Deck 3｜標準,人物,グロティウス,ぐろてぃうす,フーゴー＝グロティウス,近世,ヨーロッパ,ネーデルラント・ヨーロッパ国際社会,17世紀前半,1625,WH-000960-B01,beginner,用語の特定,identify,『戦争と平和の法』を著し、自然法に基づく国際法を体系化した人物は？,グロティウス,グロティウス,フーゴー＝グロティウス,,,世界史の窓（章節別用語リスト）,https://www.y-history.net/appendix/appendix-list.html
世界史段階別デッキ｜Deck 3｜主要王朝・人物・制度の穴埋め400語,WH-000960,960,Deck 3｜標準,人物,グロティウス,ぐろてぃうす,フーゴー＝グロティウス,近世,ヨーロッパ,ネーデルラント・ヨーロッパ国際社会,17世紀前半,1625,WH-000960-B02,beginner,時期,time,「グロティウス」が主に活動したのはいつ？,17世紀前半,17世紀前半,,,,世界史の窓（章節別用語リスト）,https://www.y-history.net/appendix/appendix-list.html
世界史段階別デッキ｜Deck 3｜主要王朝・人物・制度の穴埋め400語,WH-000960,960,Deck 3｜標準,人物,グロティウス,ぐろてぃうす,フーゴー＝グロティウス,近世,ヨーロッパ,ネーデルラント・ヨーロッパ国際社会,17世紀前半,1625,WH-000960-B03,beginner,内容,content,「グロティウス」について、代表作は？,『戦争と平和の法』,戦争と平和の法,,,,世界史の窓（章節別用語リスト）,https://www.y-history.net/appendix/appendix-list.html
世界史段階別デッキ｜Deck 3｜主要王朝・人物・制度の穴埋め400語,WH-000960,960,Deck 3｜標準,人物,グロティウス,ぐろてぃうす,フーゴー＝グロティウス,近世,ヨーロッパ,ネーデルラント・ヨーロッパ国際社会,17世紀前半,1625,WH-000960-R01,reverse,複合説明,reverse,何をした？,ネーデルラント・ヨーロッパ国際社会を主な舞台に、**グロティウス**は、ネーデルラントの法学者で、1625年に**『戦争と平和の法』**を著し、国家間にも理性に基づく法が適用されると論じた。近代**国際法**の父と呼ばれる。,グロティウス|戦争と平和の法|国際法,,,,世界史の窓（章節別用語リスト）,https://www.y-history.net/appendix/appendix-list.html
世界史段階別デッキ｜Deck 3｜主要王朝・人物・制度の穴埋め400語,WH-000960,960,Deck 3｜標準,人物,グロティウス,ぐろてぃうす,フーゴー＝グロティウス,近世,ヨーロッパ,ネーデルラント・ヨーロッパ国際社会,17世紀前半,1625,WH-000960-R02,reverse,時期,time,「グロティウス」が主に活動したのはいつ？,**17世紀前半**,17世紀前半,,,,世界史の窓（章節別用語リスト）,https://www.y-history.net/appendix/appendix-list.html
世界史段階別デッキ｜Deck 3｜主要王朝・人物・制度の穴埋め400語,WH-000960,960,Deck 3｜標準,人物,グロティウス,ぐろてぃうす,フーゴー＝グロティウス,近世,ヨーロッパ,ネーデルラント・ヨーロッパ国際社会,17世紀前半,1625,WH-000960-I01,integrated,統合説明,integrated,「グロティウス」について説明せよ。,**17世紀前半**、ネーデルラント・ヨーロッパ国際社会を主な舞台に、**グロティウス**は、ネーデルラントの法学者で、1625年に**『戦争と平和の法』**を著し、国家間にも理性に基づく法が適用されると論じた。近代**国際法**の父と呼ばれる。,グロティウス|17世紀前半|戦争と平和の法|国際法,,,,世界史の窓（章節別用語リスト）,https://www.y-history.net/appendix/appendix-list.html
世界史段階別デッキ｜Deck 3｜主要王朝・人物・制度の穴埋め400語,WH-000965,965,Deck 3｜標準,人物,チャールズ1世,ちゃーるずいっせい,,近世,ヨーロッパ,イングランド・スコットランド,1625〜1649年在位,1625,WH-000965-B01,beginner,用語の特定,identify,議会を無視した統治を行い、清教徒革命で敗れて処刑されたイングランド王は？,チャールズ1世,チャールズ1世,,,,世界史の窓（章節別用語リスト）,https://www.y-history.net/appendix/appendix-list.html
世界史段階別デッキ｜Deck 3｜主要王朝・人物・制度の穴埋め400語,WH-000965,965,Deck 3｜標準,人物,チャールズ1世,ちゃーるずいっせい,,近世,ヨーロッパ,イングランド・スコットランド,1625〜1649年在位,1625,WH-000965-B02,beginner,時期,time,「チャールズ1世」が主に活動したのはいつ？,1625〜1649年在位,1625〜1649年在位,,,,世界史の窓（章節別用語リスト）,https://www.y-history.net/appendix/appendix-list.html
世界史段階別デッキ｜Deck 3｜主要王朝・人物・制度の穴埋め400語,WH-000965,965,Deck 3｜標準,人物,チャールズ1世,ちゃーるずいっせい,,近世,ヨーロッパ,イングランド・スコットランド,1625〜1649年在位,1625,WH-000965-B03,beginner,内容,content,「チャールズ1世」について、議会から突き付けられた文書は？,権利の請願,権利の請願,,,,世界史の窓（章節別用語リスト）,https://www.y-history.net/appendix/appendix-list.html
世界史段階別デッキ｜Deck 3｜主要王朝・人物・制度の穴埋め400語,WH-000965,965,Deck 3｜標準,人物,チャールズ1世,ちゃーるずいっせい,,近世,ヨーロッパ,イングランド・スコットランド,1625〜1649年在位,1625,WH-000965-R01,reverse,複合説明,reverse,何をした？,イングランド・スコットランドを主な舞台に、**チャールズ1世**は、議会の同意なく課税し、**権利の請願**を受け入れた後も11年間の無議会統治を行った。スコットランドとの対立から議会を再招集し、内戦に敗れて1649年に処刑された。,チャールズ1世|権利の請願,,,,世界史の窓（章節別用語リスト）,https://www.y-history.net/appendix/appendix-list.html
世界史段階別デッキ｜Deck 3｜主要王朝・人物・制度の穴埋め400語,WH-000965,965,Deck 3｜標準,人物,チャールズ1世,ちゃーるずいっせい,,近世,ヨーロッパ,イングランド・スコットランド,1625〜1649年在位,1625,WH-000965-R02,reverse,時期,time,「チャールズ1世」が主に活動したのはいつ？,**1625〜1649年在位**,1625〜1649年在位,,,,世界史の窓（章節別用語リスト）,https://www.y-history.net/appendix/appendix-list.html
世界史段階別デッキ｜Deck 3｜主要王朝・人物・制度の穴埋め400語,WH-000965,965,Deck 3｜標準,人物,チャールズ1世,ちゃーるずいっせい,,近世,ヨーロッパ,イングランド・スコットランド,1625〜1649年在位,1625,WH-000965-I01,integrated,統合説明,integrated,「チャールズ1世」について説明せよ。,**1625〜1649年在位**、イングランド・スコットランドを主な舞台に、**チャールズ1世**は、議会の同意なく課税し、**権利の請願**を受け入れた後も11年間の無議会統治を行った。スコットランドとの対立から議会を再招集し、内戦に敗れて1649年に処刑された。,チャールズ1世|1625〜1649年在位|権利の請願,,,,世界史の窓（章節別用語リスト）,https://www.y-history.net/appendix/appendix-list.html
世界史段階別デッキ｜Deck 3｜主要王朝・人物・制度の穴埋め400語,WH-000887,887,Deck 3｜標準,人物,ホンタイジ,ほんたいじ,,近世,東アジア,中国東北部・内モンゴル・華北北部,1592〜1643年,1626,WH-000887-B01,beginner,用語の特定,identify,女真を満洲と改称し、国号を後金から清へ改めたヌルハチの後継者は？,ホンタイジ,ホンタイジ,,,,世界史の窓（章節別用語リスト）,https://www.y-history.net/appendix/appendix-list.html
世界史段階別デッキ｜Deck 3｜主要王朝・人物・制度の穴埋め400語,WH-000887,887,Deck 3｜標準,人物,ホンタイジ,ほんたいじ,,近世,東アジア,中国東北部・内モンゴル・華北北部,1592〜1643年,1626,WH-000887-B02,beginner,時期,time,「ホンタイジ」が主に活動したのはいつ？,1592〜1643年,1592〜1643年,,,,世界史の窓（章節別用語リスト）,https://www.y-history.net/appendix/appendix-list.html
世界史段階別デッキ｜Deck 3｜主要王朝・人物・制度の穴埋め400語,WH-000887,887,Deck 3｜標準,人物,ホンタイジ,ほんたいじ,,近世,東アジア,中国東北部・内モンゴル・華北北部,1592〜1643年,1626,WH-000887-B03,beginner,内容,content,「ホンタイジ」について、改めた国号は？,清,清,,,,世界史の窓（章節別用語リスト）,https://www.y-history.net/appendix/appendix-list.html
世界史段階別デッキ｜Deck 3｜主要王朝・人物・制度の穴埋め400語,WH-000887,887,Deck 3｜標準,人物,ホンタイジ,ほんたいじ,,近世,東アジア,中国東北部・内モンゴル・華北北部,1592〜1643年,1626,WH-000887-R01,reverse,複合説明,reverse,何をした？,中国東北部・内モンゴル・華北北部を主な舞台に、**ホンタイジ**は、ヌルハチの後継者としてモンゴル諸部を服属させ、女真を**満洲**と改称した。1636年に国号を後金から**清**へ改め、明征服の体制を整えた。,ホンタイジ|満洲|清,,,,世界史の窓（章節別用語リスト）,https://www.y-history.net/appendix/appendix-list.html
世界史段階別デッキ｜Deck 3｜主要王朝・人物・制度の穴埋め400語,WH-000887,887,Deck 3｜標準,人物,ホンタイジ,ほんたいじ,,近世,東アジア,中国東北部・内モンゴル・華北北部,1592〜1643年,1626,WH-000887-R02,reverse,時期,time,「ホンタイジ」が主に活動したのはいつ？,**1592〜1643年**,1592〜1643年,,,,世界史の窓（章節別用語リスト）,https://www.y-history.net/appendix/appendix-list.html
世界史段階別デッキ｜Deck 3｜主要王朝・人物・制度の穴埋め400語,WH-000887,887,Deck 3｜標準,人物,ホンタイジ,ほんたいじ,,近世,東アジア,中国東北部・内モンゴル・華北北部,1592〜1643年,1626,WH-000887-I01,integrated,統合説明,integrated,「ホンタイジ」について説明せよ。,**1592〜1643年**、中国東北部・内モンゴル・華北北部を主な舞台に、**ホンタイジ**は、ヌルハチの後継者としてモンゴル諸部を服属させ、女真を**満洲**と改称した。1636年に国号を後金から**清**へ改め、明征服の体制を整えた。,ホンタイジ|1592〜1643年|満洲|清,,,,世界史の窓（章節別用語リスト）,https://www.y-history.net/appendix/appendix-list.html
世界史段階別デッキ｜Deck 3｜主要王朝・人物・制度の穴埋め400語,WH-000958,958,Deck 3｜標準,人物,ハーヴェー,はーゔぇー,ウィリアム＝ハーヴェー,近世,ヨーロッパ,イングランド,17世紀前半,1628,WH-000958-B01,beginner,用語の特定,identify,心臓の働きによって血液が全身を循環することを実験的に示した医師は？,ハーヴェー,ハーヴェー,ウィリアム＝ハーヴェー,,,世界史の窓（章節別用語リスト）,https://www.y-history.net/appendix/appendix-list.html
世界史段階別デッキ｜Deck 3｜主要王朝・人物・制度の穴埋め400語,WH-000958,958,Deck 3｜標準,人物,ハーヴェー,はーゔぇー,ウィリアム＝ハーヴェー,近世,ヨーロッパ,イングランド,17世紀前半,1628,WH-000958-B02,beginner,時期,time,「ハーヴェー」が主に活動したのはいつ？,17世紀前半,17世紀前半,,,,世界史の窓（章節別用語リスト）,https://www.y-history.net/appendix/appendix-list.html
世界史段階別デッキ｜Deck 3｜主要王朝・人物・制度の穴埋め400語,WH-000958,958,Deck 3｜標準,人物,ハーヴェー,はーゔぇー,ウィリアム＝ハーヴェー,近世,ヨーロッパ,イングランド,17世紀前半,1628,WH-000958-B03,beginner,内容,content,「ハーヴェー」について、発見した原理は？,血液循環,血液循環,,,,世界史の窓（章節別用語リスト）,https://www.y-history.net/appendix/appendix-list.html
世界史段階別デッキ｜Deck 3｜主要王朝・人物・制度の穴埋め400語,WH-000958,958,Deck 3｜標準,人物,ハーヴェー,はーゔぇー,ウィリアム＝ハーヴェー,近世,ヨーロッパ,イングランド,17世紀前半,1628,WH-000958-R01,reverse,複合説明,reverse,何をした？,イングランドを主な舞台に、**ハーヴェー**は、イングランドの医師で、動物実験と数量的考察から、心臓がポンプとなり血液が体内を循環する**血液循環説**を示した。1628年の著作で発表し、近代生理学を発展させた。,ハーヴェー|血液循環説,,,,世界史の窓（章節別用語リスト）,https://www.y-history.net/appendix/appendix-list.html
世界史段階別デッキ｜Deck 3｜主要王朝・人物・制度の穴埋め400語,WH-000958,958,Deck 3｜標準,人物,ハーヴェー,はーゔぇー,ウィリアム＝ハーヴェー,近世,ヨーロッパ,イングランド,17世紀前半,1628,WH-000958-R02,reverse,時期,time,「ハーヴェー」が主に活動したのはいつ？,**17世紀前半**,17世紀前半,,,,世界史の窓（章節別用語リスト）,https://www.y-history.net/appendix/appendix-list.html
世界史段階別デッキ｜Deck 3｜主要王朝・人物・制度の穴埋め400語,WH-000958,958,Deck 3｜標準,人物,ハーヴェー,はーゔぇー,ウィリアム＝ハーヴェー,近世,ヨーロッパ,イングランド,17世紀前半,1628,WH-000958-I01,integrated,統合説明,integrated,「ハーヴェー」について説明せよ。,**17世紀前半**、イングランドを主な舞台に、**ハーヴェー**は、イングランドの医師で、動物実験と数量的考察から、心臓がポンプとなり血液が体内を循環する**血液循環説**を示した。1628年の著作で発表し、近代生理学を発展させた。,ハーヴェー|17世紀前半|血液循環説,,,,世界史の窓（章節別用語リスト）,https://www.y-history.net/appendix/appendix-list.html
世界史段階別デッキ｜Deck 3｜主要王朝・人物・制度の穴埋め400語,WH-000993,993,Deck 3｜標準,人物,シャー＝ジャハーン,しゃーじゃはーん,,近世,南アジア,ムガル帝国・アグラ・デリー,1628〜1658年在位,1628,WH-000993-B01,beginner,用語の特定,identify,タージ＝マハルを建設し、ムガル建築の最盛期を築いた皇帝は？,シャー＝ジャハーン,シャー＝ジャハーン,,,,世界史の窓（章節別用語リスト）,https://www.y-history.net/appendix/appendix-list.html
世界史段階別デッキ｜Deck 3｜主要王朝・人物・制度の穴埋め400語,WH-000993,993,Deck 3｜標準,人物,シャー＝ジャハーン,しゃーじゃはーん,,近世,南アジア,ムガル帝国・アグラ・デリー,1628〜1658年在位,1628,WH-000993-B02,beginner,時期,time,「シャー＝ジャハーン」が主に活動したのはいつ？,1628〜1658年在位,1628〜1658年在位,,,,世界史の窓（章節別用語リスト）,https://www.y-history.net/appendix/appendix-list.html
世界史段階別デッキ｜Deck 3｜主要王朝・人物・制度の穴埋め400語,WH-000993,993,Deck 3｜標準,人物,シャー＝ジャハーン,しゃーじゃはーん,,近世,南アジア,ムガル帝国・アグラ・デリー,1628〜1658年在位,1628,WH-000993-B03,beginner,内容,content,「シャー＝ジャハーン」について、代表的建築は？,タージ＝マハル,タージ＝マハル,,,,世界史の窓（章節別用語リスト）,https://www.y-history.net/appendix/appendix-list.html
世界史段階別デッキ｜Deck 3｜主要王朝・人物・制度の穴埋め400語,WH-000993,993,Deck 3｜標準,人物,シャー＝ジャハーン,しゃーじゃはーん,,近世,南アジア,ムガル帝国・アグラ・デリー,1628〜1658年在位,1628,WH-000993-R01,reverse,複合説明,reverse,何をした？,ムガル帝国・アグラ・デリーを主な舞台に、**シャー＝ジャハーン**は、ムガル帝国皇帝としてデリーのシャージャハーナーバードや赤い城を建設し、亡き妃のために**タージ＝マハル**を造営した。建築文化は最盛期を迎えたが、晩年に子アウラングゼーブに幽閉された。,シャー＝ジャハーン|タージ＝マハル,,,,世界史の窓（章節別用語リスト）,https://www.y-history.net/appendix/appendix-list.html
世界史段階別デッキ｜Deck 3｜主要王朝・人物・制度の穴埋め400語,WH-000993,993,Deck 3｜標準,人物,シャー＝ジャハーン,しゃーじゃはーん,,近世,南アジア,ムガル帝国・アグラ・デリー,1628〜1658年在位,1628,WH-000993-R02,reverse,時期,time,「シャー＝ジャハーン」が主に活動したのはいつ？,**1628〜1658年在位**,1628〜1658年在位,,,,世界史の窓（章節別用語リスト）,https://www.y-history.net/appendix/appendix-list.html
世界史段階別デッキ｜Deck 3｜主要王朝・人物・制度の穴埋め400語,WH-000993,993,Deck 3｜標準,人物,シャー＝ジャハーン,しゃーじゃはーん,,近世,南アジア,ムガル帝国・アグラ・デリー,1628〜1658年在位,1628,WH-000993-I01,integrated,統合説明,integrated,「シャー＝ジャハーン」について説明せよ。,**1628〜1658年在位**、ムガル帝国・アグラ・デリーを主な舞台に、**シャー＝ジャハーン**は、ムガル帝国皇帝としてデリーのシャージャハーナーバードや赤い城を建設し、亡き妃のために**タージ＝マハル**を造営した。建築文化は最盛期を迎えたが、晩年に子アウラングゼーブに幽閉された。,シャー＝ジャハーン|1628〜1658年在位|タージ＝マハル,,,,世界史の窓（章節別用語リスト）,https://www.y-history.net/appendix/appendix-list.html
世界史段階別デッキ｜Deck 3｜主要王朝・人物・制度の穴埋め400語,WH-000855,855,Deck 3｜標準,人物,シヴァージー,しゔぁーじー,,近世,南アジア,インド西部・デカン高原,17世紀,1630,WH-000855-B01,beginner,用語の特定,identify,ゲリラ戦でムガル帝国に抵抗し、マラーター王国を建てた人物は？,シヴァージー,シヴァージー,,,,世界史の窓（章節別用語リスト）,https://www.y-history.net/appendix/appendix-list.html
世界史段階別デッキ｜Deck 3｜主要王朝・人物・制度の穴埋め400語,WH-000855,855,Deck 3｜標準,人物,シヴァージー,しゔぁーじー,,近世,南アジア,インド西部・デカン高原,17世紀,1630,WH-000855-B02,beginner,時期,time,「シヴァージー」が主に活動したのはいつ？,17世紀,17世紀,,,,世界史の窓（章節別用語リスト）,https://www.y-history.net/appendix/appendix-list.html
世界史段階別デッキ｜Deck 3｜主要王朝・人物・制度の穴埋め400語,WH-000855,855,Deck 3｜標準,人物,シヴァージー,しゔぁーじー,,近世,南アジア,インド西部・デカン高原,17世紀,1630,WH-000855-B03,beginner,関連,relation,「シヴァージー」について、建てた国家は？,マラーター王国,マラーター王国,,,,世界史の窓（章節別用語リスト）,https://www.y-history.net/appendix/appendix-list.html
世界史段階別デッキ｜Deck 3｜主要王朝・人物・制度の穴埋め400語,WH-000855,855,Deck 3｜標準,人物,シヴァージー,しゔぁーじー,,近世,南アジア,インド西部・デカン高原,17世紀,1630,WH-000855-R01,reverse,複合説明,reverse,何をした？,インド西部・デカン高原を主な舞台に、**シヴァージー**は、インド西部のマラーター人をまとめ、山城と機動的な軍事力を用いて**ムガル帝国**やデカン諸王国と戦った。1674年に即位して**マラーター王国**を確立した。,シヴァージー|ムガル帝国|マラーター王国,,,,世界史の窓（章節別用語リスト）,https://www.y-history.net/appendix/appendix-list.html
世界史段階別デッキ｜Deck 3｜主要王朝・人物・制度の穴埋め400語,WH-000855,855,Deck 3｜標準,人物,シヴァージー,しゔぁーじー,,近世,南アジア,インド西部・デカン高原,17世紀,1630,WH-000855-R02,reverse,時期,time,「シヴァージー」が主に活動したのはいつ？,**17世紀**,17世紀,,,,世界史の窓（章節別用語リスト）,https://www.y-history.net/appendix/appendix-list.html
世界史段階別デッキ｜Deck 3｜主要王朝・人物・制度の穴埋め400語,WH-000855,855,Deck 3｜標準,人物,シヴァージー,しゔぁーじー,,近世,南アジア,インド西部・デカン高原,17世紀,1630,WH-000855-I01,integrated,統合説明,integrated,「シヴァージー」について説明せよ。,**17世紀**、インド西部・デカン高原を主な舞台に、**シヴァージー**は、インド西部のマラーター人をまとめ、山城と機動的な軍事力を用いて**ムガル帝国**やデカン諸王国と戦った。1674年に即位して**マラーター王国**を確立した。,シヴァージー|17世紀|ムガル帝国|マラーター王国,,,,世界史の窓（章節別用語リスト）,https://www.y-history.net/appendix/appendix-list.html
世界史段階別デッキ｜Deck 3｜主要王朝・人物・制度の穴埋め400語,WH-000885,885,Deck 3｜標準,民族・身分・社会集団,満洲人,まんしゅうじん,マンジュ人,近世,東アジア,中国東北部から中国全域,17世紀以後,1635,WH-000885-B01,beginner,用語の特定,identify,女真諸部を統合したホンタイジが名称を改め、清を建てた民族は？,満洲人(まんしゅうじん),満洲人,マンジュ人,,,世界史の窓（章節別用語リスト）,https://www.y-history.net/appendix/appendix-list.html
世界史段階別デッキ｜Deck 3｜主要王朝・人物・制度の穴埋め400語,WH-000885,885,Deck 3｜標準,民族・身分・社会集団,満洲人,まんしゅうじん,マンジュ人,近世,東アジア,中国東北部から中国全域,17世紀以後,1635,WH-000885-B02,beginner,時期,time,「満洲人(まんしゅうじん)」が使用・展開されたのはいつ？,17世紀以後,17世紀以後,,,,世界史の窓（章節別用語リスト）,https://www.y-history.net/appendix/appendix-list.html
世界史段階別デッキ｜Deck 3｜主要王朝・人物・制度の穴埋め400語,WH-000885,885,Deck 3｜標準,民族・身分・社会集団,満洲人,まんしゅうじん,マンジュ人,近世,東アジア,中国東北部から中国全域,17世紀以後,1635,WH-000885-B03,beginner,内容,content,「満洲人(まんしゅうじん)」について、以前の呼称は？,女真,女真,,,,世界史の窓（章節別用語リスト）,https://www.y-history.net/appendix/appendix-list.html
世界史段階別デッキ｜Deck 3｜主要王朝・人物・制度の穴埋め400語,WH-000885,885,Deck 3｜標準,民族・身分・社会集団,満洲人,まんしゅうじん,マンジュ人,近世,東アジア,中国東北部から中国全域,17世紀以後,1635,WH-000885-R01,reverse,複合説明,reverse,どんな人々・集団？,中国東北部から中国全域を主な舞台に、**満洲人(まんしゅうじん)**は、**女真**諸部をヌルハチが統合し、ホンタイジが民族名を満洲へ改めた。**八旗(はっき)**に組織されて清を建国し、中国を支配しながら漢人官僚制も利用した。,満洲人|女真|八旗,,,,世界史の窓（章節別用語リスト）,https://www.y-history.net/appendix/appendix-list.html
世界史段階別デッキ｜Deck 3｜主要王朝・人物・制度の穴埋め400語,WH-000885,885,Deck 3｜標準,民族・身分・社会集団,満洲人,まんしゅうじん,マンジュ人,近世,東アジア,中国東北部から中国全域,17世紀以後,1635,WH-000885-R02,reverse,時期,time,「満洲人(まんしゅうじん)」が使用・展開されたのはいつ？,**17世紀以後**,17世紀以後,,,,世界史の窓（章節別用語リスト）,https://www.y-history.net/appendix/appendix-list.html
世界史段階別デッキ｜Deck 3｜主要王朝・人物・制度の穴埋め400語,WH-000885,885,Deck 3｜標準,民族・身分・社会集団,満洲人,まんしゅうじん,マンジュ人,近世,東アジア,中国東北部から中国全域,17世紀以後,1635,WH-000885-I01,integrated,統合説明,integrated,「満洲人(まんしゅうじん)」について説明せよ。,**17世紀以後**、中国東北部から中国全域を主な舞台に、**満洲人(まんしゅうじん)**は、**女真**諸部をヌルハチが統合し、ホンタイジが民族名を満洲へ改めた。**八旗(はっき)**に組織されて清を建国し、中国を支配しながら漢人官僚制も利用した。,満洲人|17世紀以後|女真|八旗,,,,世界史の窓（章節別用語リスト）,https://www.y-history.net/appendix/appendix-list.html
世界史段階別デッキ｜Deck 3｜主要王朝・人物・制度の穴埋め400語,WH-000889,889,Deck 3｜標準,制度・政策・法律,理藩院,りはんいん,,近世,東アジア,清朝のモンゴル・チベット・新疆など,17〜20世紀初頭,1638,WH-000889-B01,beginner,用語の特定,identify,清がモンゴル・チベットなど藩部の統治や外交を担当させた中央官庁は？,理藩院(りはんいん),理藩院,,,,世界史の窓（章節別用語リスト）,https://www.y-history.net/appendix/appendix-list.html
世界史段階別デッキ｜Deck 3｜主要王朝・人物・制度の穴埋め400語,WH-000889,889,Deck 3｜標準,制度・政策・法律,理藩院,りはんいん,,近世,東アジア,清朝のモンゴル・チベット・新疆など,17〜20世紀初頭,1638,WH-000889-B02,beginner,時期,time,「理藩院(りはんいん)」が実施・整備されたのはいつ？,17〜20世紀初頭,17〜20世紀初頭,,,,世界史の窓（章節別用語リスト）,https://www.y-history.net/appendix/appendix-list.html
世界史段階別デッキ｜Deck 3｜主要王朝・人物・制度の穴埋め400語,WH-000889,889,Deck 3｜標準,制度・政策・法律,理藩院,りはんいん,,近世,東アジア,清朝のモンゴル・チベット・新疆など,17〜20世紀初頭,1638,WH-000889-B03,beginner,関連,relation,「理藩院(りはんいん)」について、主な管轄対象は？,モンゴル・チベットなどの藩部,モンゴル・チベットなどの藩部,,,,世界史の窓（章節別用語リスト）,https://www.y-history.net/appendix/appendix-list.html
世界史段階別デッキ｜Deck 3｜主要王朝・人物・制度の穴埋め400語,WH-000889,889,Deck 3｜標準,制度・政策・法律,理藩院,りはんいん,,近世,東アジア,清朝のモンゴル・チベット・新疆など,17〜20世紀初頭,1638,WH-000889-R01,reverse,複合説明,reverse,どんな制度・政策・法律？,清朝のモンゴル・チベット・新疆(しんきょう)などを主な舞台に、**理藩院(りはんいん)**は、清朝が**モンゴル**・チベット・新疆など「藩部」の統治、朝貢(ちょうこう)・外交関係を担当させた中央官庁である。漢地を管轄する通常の官僚機構と区別して、多民族帝国を運営した。,理藩院|モンゴル,,,,世界史の窓（章節別用語リスト）,https://www.y-history.net/appendix/appendix-list.html
世界史段階別デッキ｜Deck 3｜主要王朝・人物・制度の穴埋め400語,WH-000889,889,Deck 3｜標準,制度・政策・法律,理藩院,りはんいん,,近世,東アジア,清朝のモンゴル・チベット・新疆など,17〜20世紀初頭,1638,WH-000889-R02,reverse,時期,time,「理藩院(りはんいん)」が実施・整備されたのはいつ？,**17〜20世紀初頭**,17〜20世紀初頭,,,,世界史の窓（章節別用語リスト）,https://www.y-history.net/appendix/appendix-list.html
世界史段階別デッキ｜Deck 3｜主要王朝・人物・制度の穴埋め400語,WH-000889,889,Deck 3｜標準,制度・政策・法律,理藩院,りはんいん,,近世,東アジア,清朝のモンゴル・チベット・新疆など,17〜20世紀初頭,1638,WH-000889-I01,integrated,統合説明,integrated,「理藩院(りはんいん)」について説明せよ。,**17〜20世紀初頭**、清朝のモンゴル・チベット・新疆(しんきょう)などを主な舞台に、**理藩院(りはんいん)**は、清朝が**モンゴル**・チベット・新疆など「藩部」の統治、朝貢(ちょうこう)・外交関係を担当させた中央官庁である。漢地を管轄する通常の官僚機構と区別して、多民族帝国を運営した。,理藩院|17〜20世紀初頭|モンゴル,,,,世界史の窓（章節別用語リスト）,https://www.y-history.net/appendix/appendix-list.html
世界史段階別デッキ｜Deck 3｜主要王朝・人物・制度の穴埋め400語,WH-000979,979,Deck 3｜標準,人物,大選帝侯,だいせんていこう,フリードリヒ＝ヴィルヘルム,近世,ヨーロッパ,ブランデンブルク＝プロイセン,1640〜1688年在位,1640,WH-000979-B01,beginner,用語の特定,identify,常備軍と官僚制を整え、ブランデンブルク＝プロイセン強国化の基礎を築いた選帝侯は？,大選帝侯,大選帝侯,フリードリヒ＝ヴィルヘルム,,,世界史の窓（章節別用語リスト）,https://www.y-history.net/appendix/appendix-list.html
世界史段階別デッキ｜Deck 3｜主要王朝・人物・制度の穴埋め400語,WH-000979,979,Deck 3｜標準,人物,大選帝侯,だいせんていこう,フリードリヒ＝ヴィルヘルム,近世,ヨーロッパ,ブランデンブルク＝プロイセン,1640〜1688年在位,1640,WH-000979-B02,beginner,時期,time,「大選帝侯」が主に活動したのはいつ？,1640〜1688年在位,1640〜1688年在位,,,,世界史の窓（章節別用語リスト）,https://www.y-history.net/appendix/appendix-list.html
世界史段階別デッキ｜Deck 3｜主要王朝・人物・制度の穴埋め400語,WH-000979,979,Deck 3｜標準,人物,大選帝侯,だいせんていこう,フリードリヒ＝ヴィルヘルム,近世,ヨーロッパ,ブランデンブルク＝プロイセン,1640〜1688年在位,1640,WH-000979-B03,beginner,内容,content,「大選帝侯」について、整備した軍事制度は？,常備軍,常備軍,,,,世界史の窓（章節別用語リスト）,https://www.y-history.net/appendix/appendix-list.html
世界史段階別デッキ｜Deck 3｜主要王朝・人物・制度の穴埋め400語,WH-000979,979,Deck 3｜標準,人物,大選帝侯,だいせんていこう,フリードリヒ＝ヴィルヘルム,近世,ヨーロッパ,ブランデンブルク＝プロイセン,1640〜1688年在位,1640,WH-000979-R01,reverse,複合説明,reverse,何をした？,ブランデンブルク＝プロイセンを主な舞台に、**大選帝侯**は、ブランデンブルク選帝侯フリードリヒ＝ヴィルヘルムの通称で、三十年戦争後に**常備軍**と官僚制を整え、諸身分を抑えた。プロイセン王国成立の基礎を築いた。,大選帝侯|常備軍,,,,世界史の窓（章節別用語リスト）,https://www.y-history.net/appendix/appendix-list.html
世界史段階別デッキ｜Deck 3｜主要王朝・人物・制度の穴埋め400語,WH-000979,979,Deck 3｜標準,人物,大選帝侯,だいせんていこう,フリードリヒ＝ヴィルヘルム,近世,ヨーロッパ,ブランデンブルク＝プロイセン,1640〜1688年在位,1640,WH-000979-R02,reverse,時期,time,「大選帝侯」が主に活動したのはいつ？,**1640〜1688年在位**,1640〜1688年在位,,,,世界史の窓（章節別用語リスト）,https://www.y-history.net/appendix/appendix-list.html
世界史段階別デッキ｜Deck 3｜主要王朝・人物・制度の穴埋め400語,WH-000979,979,Deck 3｜標準,人物,大選帝侯,だいせんていこう,フリードリヒ＝ヴィルヘルム,近世,ヨーロッパ,ブランデンブルク＝プロイセン,1640〜1688年在位,1640,WH-000979-I01,integrated,統合説明,integrated,「大選帝侯」について説明せよ。,**1640〜1688年在位**、ブランデンブルク＝プロイセンを主な舞台に、**大選帝侯**は、ブランデンブルク選帝侯フリードリヒ＝ヴィルヘルムの通称で、三十年戦争後に**常備軍**と官僚制を整え、諸身分を抑えた。プロイセン王国成立の基礎を築いた。,大選帝侯|1640〜1688年在位|常備軍,,,,世界史の窓（章節別用語リスト）,https://www.y-history.net/appendix/appendix-list.html
世界史段階別デッキ｜Deck 3｜主要王朝・人物・制度の穴埋め400語,WH-000972,972,Deck 3｜標準,人物,マザラン,まざらん,ジュール＝マザラン,近世,ヨーロッパ,フランス・西ヨーロッパ,17世紀中頃,1643,WH-000972-B01,beginner,用語の特定,identify,ルイ14世幼少期に宰相としてフロンドの乱を鎮圧し、王権を強化した人物は？,マザラン,マザラン,ジュール＝マザラン,,,世界史の窓（章節別用語リスト）,https://www.y-history.net/appendix/appendix-list.html
世界史段階別デッキ｜Deck 3｜主要王朝・人物・制度の穴埋め400語,WH-000972,972,Deck 3｜標準,人物,マザラン,まざらん,ジュール＝マザラン,近世,ヨーロッパ,フランス・西ヨーロッパ,17世紀中頃,1643,WH-000972-B02,beginner,時期,time,「マザラン」が主に活動したのはいつ？,17世紀中頃,17世紀中頃,,,,世界史の窓（章節別用語リスト）,https://www.y-history.net/appendix/appendix-list.html
世界史段階別デッキ｜Deck 3｜主要王朝・人物・制度の穴埋め400語,WH-000972,972,Deck 3｜標準,人物,マザラン,まざらん,ジュール＝マザラン,近世,ヨーロッパ,フランス・西ヨーロッパ,17世紀中頃,1643,WH-000972-B03,beginner,内容,content,「マザラン」について、鎮圧した反乱は？,フロンドの乱,フロンドの乱,,,,世界史の窓（章節別用語リスト）,https://www.y-history.net/appendix/appendix-list.html
世界史段階別デッキ｜Deck 3｜主要王朝・人物・制度の穴埋め400語,WH-000972,972,Deck 3｜標準,人物,マザラン,まざらん,ジュール＝マザラン,近世,ヨーロッパ,フランス・西ヨーロッパ,17世紀中頃,1643,WH-000972-R01,reverse,複合説明,reverse,何をした？,フランス・西ヨーロッパを主な舞台に、**マザラン**は、リシュリューの後を継ぎ、ルイ14世の幼少期に宰相として政治を担った。貴族・高等法院の**フロンドの乱**を鎮圧し、ウェストファリア条約・ピレネー条約でフランスの国際的優位を高めた。,マザラン|フロンドの乱,,,,世界史の窓（章節別用語リスト）,https://www.y-history.net/appendix/appendix-list.html
世界史段階別デッキ｜Deck 3｜主要王朝・人物・制度の穴埋め400語,WH-000972,972,Deck 3｜標準,人物,マザラン,まざらん,ジュール＝マザラン,近世,ヨーロッパ,フランス・西ヨーロッパ,17世紀中頃,1643,WH-000972-R02,reverse,時期,time,「マザラン」が主に活動したのはいつ？,**17世紀中頃**,17世紀中頃,,,,世界史の窓（章節別用語リスト）,https://www.y-history.net/appendix/appendix-list.html
世界史段階別デッキ｜Deck 3｜主要王朝・人物・制度の穴埋め400語,WH-000972,972,Deck 3｜標準,人物,マザラン,まざらん,ジュール＝マザラン,近世,ヨーロッパ,フランス・西ヨーロッパ,17世紀中頃,1643,WH-000972-I01,integrated,統合説明,integrated,「マザラン」について説明せよ。,**17世紀中頃**、フランス・西ヨーロッパを主な舞台に、**マザラン**は、リシュリューの後を継ぎ、ルイ14世の幼少期に宰相として政治を担った。貴族・高等法院の**フロンドの乱**を鎮圧し、ウェストファリア条約・ピレネー条約でフランスの国際的優位を高めた。,マザラン|17世紀中頃|フロンドの乱,,,,世界史の窓（章節別用語リスト）,https://www.y-history.net/appendix/appendix-list.html
世界史段階別デッキ｜Deck 3｜主要王朝・人物・制度の穴埋め400語,WH-001000,1000,Deck 3｜標準,人物,李自成,りじせい,,近世,東アジア,明末中国・陝西から北京,17世紀前半,1644,WH-001000-B01,beginner,用語の特定,identify,農民反乱軍を率いて1644年に北京(ぺきん)を占領し、明を滅亡させた人物は？,李自成(りじせい),李自成,,,,世界史の窓（章節別用語リスト）,https://www.y-history.net/appendix/appendix-list.html
世界史段階別デッキ｜Deck 3｜主要王朝・人物・制度の穴埋め400語,WH-001000,1000,Deck 3｜標準,人物,李自成,りじせい,,近世,東アジア,明末中国・陝西から北京,17世紀前半,1644,WH-001000-B02,beginner,時期,time,「李自成(りじせい)」が主に活動したのはいつ？,17世紀前半,17世紀前半,,,,世界史の窓（章節別用語リスト）,https://www.y-history.net/appendix/appendix-list.html
世界史段階別デッキ｜Deck 3｜主要王朝・人物・制度の穴埋め400語,WH-001000,1000,Deck 3｜標準,人物,李自成,りじせい,,近世,東アジア,明末中国・陝西から北京,17世紀前半,1644,WH-001000-B03,beginner,地域,place,「李自成(りじせい)」について、占領した首都は？,北京(ぺきん),北京,,,,世界史の窓（章節別用語リスト）,https://www.y-history.net/appendix/appendix-list.html
世界史段階別デッキ｜Deck 3｜主要王朝・人物・制度の穴埋め400語,WH-001000,1000,Deck 3｜標準,人物,李自成,りじせい,,近世,東アジア,明末中国・陝西から北京,17世紀前半,1644,WH-001000-R01,reverse,複合説明,reverse,何をした？,明末中国・陝西から北京(ぺきん)を主な舞台に、**李自成(りじせい)**は、明末の重税・飢饉・軍事混乱の中で農民反乱軍を率い、1644年に**北京**を占領して崇禎帝(すうていてい)を自殺へ追い込み、明を滅亡させた。その後、清軍と呉三桂(ごさんけい)に敗れて勢力を失った。,李自成|北京,,,,世界史の窓（章節別用語リスト）,https://www.y-history.net/appendix/appendix-list.html
世界史段階別デッキ｜Deck 3｜主要王朝・人物・制度の穴埋め400語,WH-001000,1000,Deck 3｜標準,人物,李自成,りじせい,,近世,東アジア,明末中国・陝西から北京,17世紀前半,1644,WH-001000-R02,reverse,時期,time,「李自成(りじせい)」が主に活動したのはいつ？,**17世紀前半**,17世紀前半,,,,世界史の窓（章節別用語リスト）,https://www.y-history.net/appendix/appendix-list.html
世界史段階別デッキ｜Deck 3｜主要王朝・人物・制度の穴埋め400語,WH-001000,1000,Deck 3｜標準,人物,李自成,りじせい,,近世,東アジア,明末中国・陝西から北京,17世紀前半,1644,WH-001000-I01,integrated,統合説明,integrated,「李自成(りじせい)」について説明せよ。,**17世紀前半**、明末中国・陝西から北京(ぺきん)を主な舞台に、**李自成(りじせい)**は、明末の重税・飢饉・軍事混乱の中で農民反乱軍を率い、1644年に**北京**を占領して崇禎帝(すうていてい)を自殺へ追い込み、明を滅亡させた。その後、清軍と呉三桂(ごさんけい)に敗れて勢力を失った。,李自成|17世紀前半|北京,,,,世界史の窓（章節別用語リスト）,https://www.y-history.net/appendix/appendix-list.html
世界史段階別デッキ｜Deck 3｜主要王朝・人物・制度の穴埋め400語,WH-000966,966,Deck 3｜標準,国家・王朝,共和政イングランド,きょうわせいいんぐらんど,イングランド共和国|コモンウェルス,近世,ヨーロッパ,イングランド・ブリテン諸島,1649〜1660年,1649,WH-000966-B01,beginner,用語の特定,identify,チャールズ1世処刑後に成立し、クロムウェルの護国卿政治を含む共和政期を何という？,共和政イングランド,共和政イングランド,イングランド共和国|コモンウェルス,,,世界史の窓（章節別用語リスト）,https://www.y-history.net/appendix/appendix-list.html
世界史段階別デッキ｜Deck 3｜主要王朝・人物・制度の穴埋め400語,WH-000966,966,Deck 3｜標準,国家・王朝,共和政イングランド,きょうわせいいんぐらんど,イングランド共和国|コモンウェルス,近世,ヨーロッパ,イングランド・ブリテン諸島,1649〜1660年,1649,WH-000966-B02,beginner,時期,time,「共和政イングランド」が存在したのはいつ？,1649〜1660年,1649〜1660年,,,,世界史の窓（章節別用語リスト）,https://www.y-history.net/appendix/appendix-list.html
世界史段階別デッキ｜Deck 3｜主要王朝・人物・制度の穴埋め400語,WH-000966,966,Deck 3｜標準,国家・王朝,共和政イングランド,きょうわせいいんぐらんど,イングランド共和国|コモンウェルス,近世,ヨーロッパ,イングランド・ブリテン諸島,1649〜1660年,1649,WH-000966-B03,beginner,中心人物,person,「共和政イングランド」について、実権を握った人物は？,クロムウェル,クロムウェル,,,,世界史の窓（章節別用語リスト）,https://www.y-history.net/appendix/appendix-list.html
世界史段階別デッキ｜Deck 3｜主要王朝・人物・制度の穴埋め400語,WH-000966,966,Deck 3｜標準,国家・王朝,共和政イングランド,きょうわせいいんぐらんど,イングランド共和国|コモンウェルス,近世,ヨーロッパ,イングランド・ブリテン諸島,1649〜1660年,1649,WH-000966-R01,reverse,複合説明,reverse,何をした？,イングランド・ブリテン諸島を主な舞台に、**共和政イングランド**は、国王処刑後に王政と上院を廃止して成立した**共和政**である。クロムウェルがアイルランドを征服し、航海法を制定した後、護国卿として軍事独裁を行い、1660年の王政復古で終わった。,共和政イングランド|共和政,,,,世界史の窓（章節別用語リスト）,https://www.y-history.net/appendix/appendix-list.html
世界史段階別デッキ｜Deck 3｜主要王朝・人物・制度の穴埋め400語,WH-000966,966,Deck 3｜標準,国家・王朝,共和政イングランド,きょうわせいいんぐらんど,イングランド共和国|コモンウェルス,近世,ヨーロッパ,イングランド・ブリテン諸島,1649〜1660年,1649,WH-000966-R02,reverse,時期,time,「共和政イングランド」が存在したのはいつ？,**1649〜1660年**,1649〜1660年,,,,世界史の窓（章節別用語リスト）,https://www.y-history.net/appendix/appendix-list.html
世界史段階別デッキ｜Deck 3｜主要王朝・人物・制度の穴埋め400語,WH-000966,966,Deck 3｜標準,国家・王朝,共和政イングランド,きょうわせいいんぐらんど,イングランド共和国|コモンウェルス,近世,ヨーロッパ,イングランド・ブリテン諸島,1649〜1660年,1649,WH-000966-I01,integrated,統合説明,integrated,「共和政イングランド」について説明せよ。,**1649〜1660年**、イングランド・ブリテン諸島を主な舞台に、**共和政イングランド**は、国王処刑後に王政と上院を廃止して成立した**共和政**である。クロムウェルがアイルランドを征服し、航海法を制定した後、護国卿として軍事独裁を行い、1660年の王政復古で終わった。,共和政イングランド|1649〜1660年|共和政,,,,世界史の窓（章節別用語リスト）,https://www.y-history.net/appendix/appendix-list.html
世界史段階別デッキ｜Deck 3｜主要王朝・人物・制度の穴埋め400語,WH-000977,977,Deck 3｜標準,制度・政策・法律,農奴制（ロシア）,のうどせいろしあ,ロシア農奴制,近世,ヨーロッパ,ロシア帝国の農村,16世紀末〜1861年,1649,WH-000977-B01,beginner,用語の特定,identify,ロシアで農民を土地と領主へ法的に拘束し、1649年の会議法典で強化された制度は？,農奴制（ロシア）,農奴制（ロシア）,ロシア農奴制,,,世界史の窓（章節別用語リスト）,https://www.y-history.net/appendix/appendix-list.html
世界史段階別デッキ｜Deck 3｜主要王朝・人物・制度の穴埋め400語,WH-000977,977,Deck 3｜標準,制度・政策・法律,農奴制（ロシア）,のうどせいろしあ,ロシア農奴制,近世,ヨーロッパ,ロシア帝国の農村,16世紀末〜1861年,1649,WH-000977-B02,beginner,時期,time,「農奴制（ロシア）」が実施・整備されたのはいつ？,16世紀末〜1861年,16世紀末〜1861年,,,,世界史の窓（章節別用語リスト）,https://www.y-history.net/appendix/appendix-list.html
世界史段階別デッキ｜Deck 3｜主要王朝・人物・制度の穴埋め400語,WH-000977,977,Deck 3｜標準,制度・政策・法律,農奴制（ロシア）,のうどせいろしあ,ロシア農奴制,近世,ヨーロッパ,ロシア帝国の農村,16世紀末〜1861年,1649,WH-000977-B03,beginner,中心人物,person,「農奴制（ロシア）」について、廃止した皇帝は？,アレクサンドル2世,アレクサンドル2世,,,,世界史の窓（章節別用語リスト）,https://www.y-history.net/appendix/appendix-list.html
世界史段階別デッキ｜Deck 3｜主要王朝・人物・制度の穴埋め400語,WH-000977,977,Deck 3｜標準,制度・政策・法律,農奴制（ロシア）,のうどせいろしあ,ロシア農奴制,近世,ヨーロッパ,ロシア帝国の農村,16世紀末〜1861年,1649,WH-000977-R01,reverse,複合説明,reverse,どんな制度・政策・法律？,ロシア帝国の農村を主な舞台に、**農奴制（ロシア）**は、国家と貴族が農民を土地へ拘束し、移動・結婚・労働を厳しく制限した制度である。1649年の**会議法典**で逃亡農民追跡が無期限化され、1861年に**アレクサンドル2世**が農奴解放令を出した。,農奴制（ロシア）|会議法典|アレクサンドル2世,,,,世界史の窓（章節別用語リスト）,https://www.y-history.net/appendix/appendix-list.html
世界史段階別デッキ｜Deck 3｜主要王朝・人物・制度の穴埋め400語,WH-000977,977,Deck 3｜標準,制度・政策・法律,農奴制（ロシア）,のうどせいろしあ,ロシア農奴制,近世,ヨーロッパ,ロシア帝国の農村,16世紀末〜1861年,1649,WH-000977-R02,reverse,時期,time,「農奴制（ロシア）」が実施・整備されたのはいつ？,**16世紀末〜1861年**,16世紀末〜1861年,,,,世界史の窓（章節別用語リスト）,https://www.y-history.net/appendix/appendix-list.html
世界史段階別デッキ｜Deck 3｜主要王朝・人物・制度の穴埋め400語,WH-000977,977,Deck 3｜標準,制度・政策・法律,農奴制（ロシア）,のうどせいろしあ,ロシア農奴制,近世,ヨーロッパ,ロシア帝国の農村,16世紀末〜1861年,1649,WH-000977-I01,integrated,統合説明,integrated,「農奴制（ロシア）」について説明せよ。,**16世紀末〜1861年**、ロシア帝国の農村を主な舞台に、**農奴制（ロシア）**は、国家と貴族が農民を土地へ拘束し、移動・結婚・労働を厳しく制限した制度である。1649年の**会議法典**で逃亡農民追跡が無期限化され、1861年に**アレクサンドル2世**が農奴解放令を出した。,農奴制（ロシア）|16世紀末〜1861年|会議法典|アレクサンドル2世,,,,世界史の窓（章節別用語リスト）,https://www.y-history.net/appendix/appendix-list.html
世界史段階別デッキ｜Deck 3｜主要王朝・人物・制度の穴埋め400語,WH-000961,961,Deck 3｜標準,思想・主義,社会契約説,しゃかいけいやくせつ,,近世,ヨーロッパ,西ヨーロッパから大西洋世界,17〜18世紀,1650,WH-000961-B01,beginner,用語の特定,identify,国家権力は人々の合意によって成立すると考え、王権神授説を相対化した政治思想は？,社会契約説,社会契約説,,,,世界史の窓（章節別用語リスト）,https://www.y-history.net/appendix/appendix-list.html
世界史段階別デッキ｜Deck 3｜主要王朝・人物・制度の穴埋め400語,WH-000961,961,Deck 3｜標準,思想・主義,社会契約説,しゃかいけいやくせつ,,近世,ヨーロッパ,西ヨーロッパから大西洋世界,17〜18世紀,1650,WH-000961-B02,beginner,時期,time,「社会契約説」が成立・広がったのはいつ？,17〜18世紀,17〜18世紀,,,,世界史の窓（章節別用語リスト）,https://www.y-history.net/appendix/appendix-list.html
世界史段階別デッキ｜Deck 3｜主要王朝・人物・制度の穴埋め400語,WH-000961,961,Deck 3｜標準,思想・主義,社会契約説,しゃかいけいやくせつ,,近世,ヨーロッパ,西ヨーロッパから大西洋世界,17〜18世紀,1650,WH-000961-B03,beginner,関連,relation,「社会契約説」について、国家成立の根拠は？,人々の合意,人々の合意,,,,世界史の窓（章節別用語リスト）,https://www.y-history.net/appendix/appendix-list.html
世界史段階別デッキ｜Deck 3｜主要王朝・人物・制度の穴埋め400語,WH-000961,961,Deck 3｜標準,思想・主義,社会契約説,しゃかいけいやくせつ,,近世,ヨーロッパ,西ヨーロッパから大西洋世界,17〜18世紀,1650,WH-000961-R01,reverse,複合説明,reverse,どんな考え？,西ヨーロッパから大西洋世界を主な舞台に、**社会契約説**は、自然状態にある人々が安全・権利・自由を守るため合意を結び、国家を成立させたと考える政治思想である。**ホッブズ**・**ロック**・**ルソー**が異なる内容で論じ、近代市民革命へ影響した。,社会契約説|ホッブズ|ロック|ルソー,,,,世界史の窓（章節別用語リスト）,https://www.y-history.net/appendix/appendix-list.html
世界史段階別デッキ｜Deck 3｜主要王朝・人物・制度の穴埋め400語,WH-000961,961,Deck 3｜標準,思想・主義,社会契約説,しゃかいけいやくせつ,,近世,ヨーロッパ,西ヨーロッパから大西洋世界,17〜18世紀,1650,WH-000961-R02,reverse,時期,time,「社会契約説」が成立・広がったのはいつ？,**17〜18世紀**,17〜18世紀,,,,世界史の窓（章節別用語リスト）,https://www.y-history.net/appendix/appendix-list.html
世界史段階別デッキ｜Deck 3｜主要王朝・人物・制度の穴埋め400語,WH-000961,961,Deck 3｜標準,思想・主義,社会契約説,しゃかいけいやくせつ,,近世,ヨーロッパ,西ヨーロッパから大西洋世界,17〜18世紀,1650,WH-000961-I01,integrated,統合説明,integrated,「社会契約説」について説明せよ。,**17〜18世紀**、西ヨーロッパから大西洋世界を主な舞台に、**社会契約説**は、自然状態にある人々が安全・権利・自由を守るため合意を結び、国家を成立させたと考える政治思想である。**ホッブズ**・**ロック**・**ルソー**が異なる内容で論じ、近代市民革命へ影響した。,社会契約説|17〜18世紀|ホッブズ|ロック|ルソー,,,,世界史の窓（章節別用語リスト）,https://www.y-history.net/appendix/appendix-list.html
世界史段階別デッキ｜Deck 3｜主要王朝・人物・制度の穴埋め400語,WH-000967,967,Deck 3｜標準,制度・政策・法律,航海法,こうかいほう,航海条例,近世,ヨーロッパ,イングランドと大西洋・植民地貿易圏,1651年以後,1651,WH-000967-B01,beginner,用語の特定,identify,イングランドが貿易を自国船などに限定し、オランダの中継貿易を排除しようとした法律は？,航海法,航海法,航海条例,,,世界史の窓（章節別用語リスト）,https://www.y-history.net/appendix/appendix-list.html
世界史段階別デッキ｜Deck 3｜主要王朝・人物・制度の穴埋め400語,WH-000967,967,Deck 3｜標準,制度・政策・法律,航海法,こうかいほう,航海条例,近世,ヨーロッパ,イングランドと大西洋・植民地貿易圏,1651年以後,1651,WH-000967-B02,beginner,時期,time,「航海法」が実施・整備されたのはいつ？,1651年以後,1651年以後,,,,世界史の窓（章節別用語リスト）,https://www.y-history.net/appendix/appendix-list.html
世界史段階別デッキ｜Deck 3｜主要王朝・人物・制度の穴埋め400語,WH-000967,967,Deck 3｜標準,制度・政策・法律,航海法,こうかいほう,航海条例,近世,ヨーロッパ,イングランドと大西洋・植民地貿易圏,1651年以後,1651,WH-000967-B03,beginner,内容,content,「航海法」について、主な標的となった国は？,オランダ,オランダ,,,,世界史の窓（章節別用語リスト）,https://www.y-history.net/appendix/appendix-list.html
世界史段階別デッキ｜Deck 3｜主要王朝・人物・制度の穴埋め400語,WH-000967,967,Deck 3｜標準,制度・政策・法律,航海法,こうかいほう,航海条例,近世,ヨーロッパ,イングランドと大西洋・植民地貿易圏,1651年以後,1651,WH-000967-R01,reverse,複合説明,reverse,どんな制度・政策・法律？,イングランドと大西洋・植民地貿易圏を主な舞台に、**航海法**は、1651年にクロムウェル政権が制定し、イングランドへの輸入を自国船または生産国の船に限定した**重商主義**的法律である。オランダの中継貿易を打撃し、英蘭戦争の一因となった。,航海法|重商主義,,,,世界史の窓（章節別用語リスト）,https://www.y-history.net/appendix/appendix-list.html
世界史段階別デッキ｜Deck 3｜主要王朝・人物・制度の穴埋め400語,WH-000967,967,Deck 3｜標準,制度・政策・法律,航海法,こうかいほう,航海条例,近世,ヨーロッパ,イングランドと大西洋・植民地貿易圏,1651年以後,1651,WH-000967-R02,reverse,時期,time,「航海法」が実施・整備されたのはいつ？,**1651年以後**,1651年以後,,,,世界史の窓（章節別用語リスト）,https://www.y-history.net/appendix/appendix-list.html
世界史段階別デッキ｜Deck 3｜主要王朝・人物・制度の穴埋め400語,WH-000967,967,Deck 3｜標準,制度・政策・法律,航海法,こうかいほう,航海条例,近世,ヨーロッパ,イングランドと大西洋・植民地貿易圏,1651年以後,1651,WH-000967-I01,integrated,統合説明,integrated,「航海法」について説明せよ。,**1651年以後**、イングランドと大西洋・植民地貿易圏を主な舞台に、**航海法**は、1651年にクロムウェル政権が制定し、イングランドへの輸入を自国船または生産国の船に限定した**重商主義**的法律である。オランダの中継貿易を打撃し、英蘭戦争の一因となった。,航海法|1651年以後|重商主義,,,,世界史の窓（章節別用語リスト）,https://www.y-history.net/appendix/appendix-list.html
世界史段階別デッキ｜Deck 3｜主要王朝・人物・制度の穴埋め400語,WH-000854,854,Deck 3｜標準,国家・王朝,マラーター王国,まらーたーおうこく,マラータ王国,近世,南アジア,インド西部・デカン高原,1674〜1818年,1674,WH-000854-B01,beginner,用語の特定,identify,シヴァージーが建て、ムガル帝国に対抗してインド各地へ勢力を広げたヒンドゥー国家は？,マラーター王国,マラーター王国,マラータ王国,,,世界史の窓（章節別用語リスト）,https://www.y-history.net/appendix/appendix-list.html
世界史段階別デッキ｜Deck 3｜主要王朝・人物・制度の穴埋め400語,WH-000854,854,Deck 3｜標準,国家・王朝,マラーター王国,まらーたーおうこく,マラータ王国,近世,南アジア,インド西部・デカン高原,1674〜1818年,1674,WH-000854-B02,beginner,時期,time,「マラーター王国」が存在したのはいつ？,1674〜1818年,1674〜1818年,,,,世界史の窓（章節別用語リスト）,https://www.y-history.net/appendix/appendix-list.html
世界史段階別デッキ｜Deck 3｜主要王朝・人物・制度の穴埋め400語,WH-000854,854,Deck 3｜標準,国家・王朝,マラーター王国,まらーたーおうこく,マラータ王国,近世,南アジア,インド西部・デカン高原,1674〜1818年,1674,WH-000854-B03,beginner,中心人物,person,「マラーター王国」について、建国者は？,シヴァージー,シヴァージー,,,,世界史の窓（章節別用語リスト）,https://www.y-history.net/appendix/appendix-list.html
世界史段階別デッキ｜Deck 3｜主要王朝・人物・制度の穴埋め400語,WH-000854,854,Deck 3｜標準,国家・王朝,マラーター王国,まらーたーおうこく,マラータ王国,近世,南アジア,インド西部・デカン高原,1674〜1818年,1674,WH-000854-R01,reverse,複合説明,reverse,何をした？,インド西部・デカン高原を主な舞台に、**マラーター王国**は、**シヴァージー**がインド西部に建てたヒンドゥー国家で、山岳地形を生かした機動戦で**ムガル帝国**に対抗した。のち宰相ペーシュワーのもとで連合勢力となったが、イギリスに敗れた。,マラーター王国|シヴァージー|ムガル帝国,,,,世界史の窓（章節別用語リスト）,https://www.y-history.net/appendix/appendix-list.html
世界史段階別デッキ｜Deck 3｜主要王朝・人物・制度の穴埋め400語,WH-000854,854,Deck 3｜標準,国家・王朝,マラーター王国,まらーたーおうこく,マラータ王国,近世,南アジア,インド西部・デカン高原,1674〜1818年,1674,WH-000854-R02,reverse,時期,time,「マラーター王国」が存在したのはいつ？,**1674〜1818年**,1674〜1818年,,,,世界史の窓（章節別用語リスト）,https://www.y-history.net/appendix/appendix-list.html
世界史段階別デッキ｜Deck 3｜主要王朝・人物・制度の穴埋め400語,WH-000854,854,Deck 3｜標準,国家・王朝,マラーター王国,まらーたーおうこく,マラータ王国,近世,南アジア,インド西部・デカン高原,1674〜1818年,1674,WH-000854-I01,integrated,統合説明,integrated,「マラーター王国」について説明せよ。,**1674〜1818年**、インド西部・デカン高原を主な舞台に、**マラーター王国**は、**シヴァージー**がインド西部に建てたヒンドゥー国家で、山岳地形を生かした機動戦で**ムガル帝国**に対抗した。のち宰相ペーシュワーのもとで連合勢力となったが、イギリスに敗れた。,マラーター王国|1674〜1818年|シヴァージー|ムガル帝国,,,,世界史の窓（章節別用語リスト）,https://www.y-history.net/appendix/appendix-list.html
世界史段階別デッキ｜Deck 3｜主要王朝・人物・制度の穴埋め400語,WH-000973,973,Deck 3｜標準,制度・政策・法律,ナントの勅令廃止,なんとのちょくれいはいし,フォンテーヌブローの勅令,近世,ヨーロッパ,フランス,1685年,1685,WH-000973-B01,beginner,用語の特定,identify,ルイ14世がユグノーへの信仰の自由を撤回し、多数の亡命を招いた政策は？,ナントの勅令廃止,ナントの勅令廃止,フォンテーヌブローの勅令,,,世界史の窓（章節別用語リスト）,https://www.y-history.net/appendix/appendix-list.html
世界史段階別デッキ｜Deck 3｜主要王朝・人物・制度の穴埋め400語,WH-000973,973,Deck 3｜標準,制度・政策・法律,ナントの勅令廃止,なんとのちょくれいはいし,フォンテーヌブローの勅令,近世,ヨーロッパ,フランス,1685年,1685,WH-000973-B02,beginner,時期,time,「ナントの勅令廃止」が実施・整備されたのはいつ？,1685年,1685年,,,,世界史の窓（章節別用語リスト）,https://www.y-history.net/appendix/appendix-list.html
世界史段階別デッキ｜Deck 3｜主要王朝・人物・制度の穴埋め400語,WH-000973,973,Deck 3｜標準,制度・政策・法律,ナントの勅令廃止,なんとのちょくれいはいし,フォンテーヌブローの勅令,近世,ヨーロッパ,フランス,1685年,1685,WH-000973-B03,beginner,中心人物,person,「ナントの勅令廃止」について、廃止を命じた王は？,ルイ14世,ルイ14世,,,,世界史の窓（章節別用語リスト）,https://www.y-history.net/appendix/appendix-list.html
世界史段階別デッキ｜Deck 3｜主要王朝・人物・制度の穴埋め400語,WH-000973,973,Deck 3｜標準,制度・政策・法律,ナントの勅令廃止,なんとのちょくれいはいし,フォンテーヌブローの勅令,近世,ヨーロッパ,フランス,1685年,1685,WH-000973-R01,reverse,複合説明,reverse,どんな制度・政策・法律？,フランスを主な舞台に、**ナントの勅令廃止**は、ルイ14世が**フォンテーヌブローの勅令**によってナントの勅令を廃止し、ユグノーの礼拝・学校を禁じた。商工業技能を持つ多くのユグノーが国外へ逃れ、フランス経済にも損失を与えた。,ナントの勅令廃止|フォンテーヌブローの勅令,,,,世界史の窓（章節別用語リスト）,https://www.y-history.net/appendix/appendix-list.html
世界史段階別デッキ｜Deck 3｜主要王朝・人物・制度の穴埋め400語,WH-000973,973,Deck 3｜標準,制度・政策・法律,ナントの勅令廃止,なんとのちょくれいはいし,フォンテーヌブローの勅令,近世,ヨーロッパ,フランス,1685年,1685,WH-000973-R02,reverse,時期,time,「ナントの勅令廃止」が実施・整備されたのはいつ？,**1685年**,1685年,,,,世界史の窓（章節別用語リスト）,https://www.y-history.net/appendix/appendix-list.html
世界史段階別デッキ｜Deck 3｜主要王朝・人物・制度の穴埋め400語,WH-000973,973,Deck 3｜標準,制度・政策・法律,ナントの勅令廃止,なんとのちょくれいはいし,フォンテーヌブローの勅令,近世,ヨーロッパ,フランス,1685年,1685,WH-000973-I01,integrated,統合説明,integrated,「ナントの勅令廃止」について説明せよ。,**1685年**、フランスを主な舞台に、**ナントの勅令廃止**は、ルイ14世が**フォンテーヌブローの勅令**によってナントの勅令を廃止し、ユグノーの礼拝・学校を禁じた。商工業技能を持つ多くのユグノーが国外へ逃れ、フランス経済にも損失を与えた。,ナントの勅令廃止|1685年|フォンテーヌブローの勅令,,,,世界史の窓（章節別用語リスト）,https://www.y-history.net/appendix/appendix-list.html
世界史段階別デッキ｜Deck 3｜主要王朝・人物・制度の穴埋め400語,WH-000968,968,Deck 3｜標準,人物,ウィリアム3世,うぃりあむさんせい,オラニエ公ウィレム3世,近世,ヨーロッパ,ネーデルラントからイングランド,1689〜1702年在位,1688,WH-000968-B01,beginner,用語の特定,identify,名誉革命でメアリ2世とともに迎えられ、権利章典を承認したイングランド王は？,ウィリアム3世,ウィリアム3世,オラニエ公ウィレム3世,,,世界史の窓（章節別用語リスト）,https://www.y-history.net/appendix/appendix-list.html
世界史段階別デッキ｜Deck 3｜主要王朝・人物・制度の穴埋め400語,WH-000968,968,Deck 3｜標準,人物,ウィリアム3世,うぃりあむさんせい,オラニエ公ウィレム3世,近世,ヨーロッパ,ネーデルラントからイングランド,1689〜1702年在位,1688,WH-000968-B02,beginner,時期,time,「ウィリアム3世」が主に活動したのはいつ？,1689〜1702年在位,1689〜1702年在位,,,,世界史の窓（章節別用語リスト）,https://www.y-history.net/appendix/appendix-list.html
世界史段階別デッキ｜Deck 3｜主要王朝・人物・制度の穴埋め400語,WH-000968,968,Deck 3｜標準,人物,ウィリアム3世,うぃりあむさんせい,オラニエ公ウィレム3世,近世,ヨーロッパ,ネーデルラントからイングランド,1689〜1702年在位,1688,WH-000968-B03,beginner,結果,result,「ウィリアム3世」について、即位につながった革命は？,名誉革命,名誉革命,,,,世界史の窓（章節別用語リスト）,https://www.y-history.net/appendix/appendix-list.html
世界史段階別デッキ｜Deck 3｜主要王朝・人物・制度の穴埋め400語,WH-000968,968,Deck 3｜標準,人物,ウィリアム3世,うぃりあむさんせい,オラニエ公ウィレム3世,近世,ヨーロッパ,ネーデルラントからイングランド,1689〜1702年在位,1688,WH-000968-R01,reverse,複合説明,reverse,何をした？,ネーデルラントからイングランドを主な舞台に、**ウィリアム3世**は、ネーデルラント総督としてフランスに対抗し、1688年の**名誉革命**でイングランドへ招かれた。メアリ2世と共同統治し、1689年に**権利章典**を受け入れて立憲君主政を確立した。,ウィリアム3世|名誉革命|権利章典,,,,世界史の窓（章節別用語リスト）,https://www.y-history.net/appendix/appendix-list.html
世界史段階別デッキ｜Deck 3｜主要王朝・人物・制度の穴埋め400語,WH-000968,968,Deck 3｜標準,人物,ウィリアム3世,うぃりあむさんせい,オラニエ公ウィレム3世,近世,ヨーロッパ,ネーデルラントからイングランド,1689〜1702年在位,1688,WH-000968-R02,reverse,時期,time,「ウィリアム3世」が主に活動したのはいつ？,**1689〜1702年在位**,1689〜1702年在位,,,,世界史の窓（章節別用語リスト）,https://www.y-history.net/appendix/appendix-list.html
世界史段階別デッキ｜Deck 3｜主要王朝・人物・制度の穴埋め400語,WH-000968,968,Deck 3｜標準,人物,ウィリアム3世,うぃりあむさんせい,オラニエ公ウィレム3世,近世,ヨーロッパ,ネーデルラントからイングランド,1689〜1702年在位,1688,WH-000968-I01,integrated,統合説明,integrated,「ウィリアム3世」について説明せよ。,**1689〜1702年在位**、ネーデルラントからイングランドを主な舞台に、**ウィリアム3世**は、ネーデルラント総督としてフランスに対抗し、1688年の**名誉革命**でイングランドへ招かれた。メアリ2世と共同統治し、1689年に**権利章典**を受け入れて立憲君主政を確立した。,ウィリアム3世|1689〜1702年在位|名誉革命|権利章典,,,,世界史の窓（章節別用語リスト）,https://www.y-history.net/appendix/appendix-list.html
世界史段階別デッキ｜Deck 3｜主要王朝・人物・制度の穴埋め400語,WH-000890,890,Deck 3｜標準,条約・会議,ネルチンスク条約,ねるちんすくじょうやく,,近世,複数地域,清朝中国東北部・ロシアのアムール川流域,1689年,1689,WH-000890-B01,beginner,用語の特定,identify,清とロシアがアムール川方面の国境を定めた、清にとって最初の対等な国際条約は？,ネルチンスク条約,ネルチンスク条約,,,,世界史の窓（章節別用語リスト）,https://www.y-history.net/appendix/appendix-list.html
世界史段階別デッキ｜Deck 3｜主要王朝・人物・制度の穴埋め400語,WH-000890,890,Deck 3｜標準,条約・会議,ネルチンスク条約,ねるちんすくじょうやく,,近世,複数地域,清朝中国東北部・ロシアのアムール川流域,1689年,1689,WH-000890-B02,beginner,時期,time,「ネルチンスク条約」が結ばれた・開かれたのはいつ？,1689年,1689年,,,1689年：「ヒーローは 国の境を 定めます」（1689）ネルチンスク条約の締結。,世界史の窓（章節別用語リスト）,https://www.y-history.net/appendix/appendix-list.html
世界史段階別デッキ｜Deck 3｜主要王朝・人物・制度の穴埋め400語,WH-000890,890,Deck 3｜標準,条約・会議,ネルチンスク条約,ねるちんすくじょうやく,,近世,複数地域,清朝中国東北部・ロシアのアムール川流域,1689年,1689,WH-000890-B03,beginner,関連,relation,「ネルチンスク条約」について、締結した二国は？,清とロシア,清とロシア,,,,世界史の窓（章節別用語リスト）,https://www.y-history.net/appendix/appendix-list.html
世界史段階別デッキ｜Deck 3｜主要王朝・人物・制度の穴埋め400語,WH-000890,890,Deck 3｜標準,条約・会議,ネルチンスク条約,ねるちんすくじょうやく,,近世,複数地域,清朝中国東北部・ロシアのアムール川流域,1689年,1689,WH-000890-R01,reverse,複合説明,reverse,何を決めた？,清朝中国東北部・ロシアのアムール川流域を主な舞台に、**ネルチンスク条約**は、**清**の康熙帝(こうきてい)とロシアの間で結ばれ、アルグン川・外興安嶺付近を国境としてアムール川上流の帰属を定めた。ラテン語を正文とした対等条約で、両国の通商関係も整えた。,ネルチンスク条約|清,,,,世界史の窓（章節別用語リスト）,https://www.y-history.net/appendix/appendix-list.html
世界史段階別デッキ｜Deck 3｜主要王朝・人物・制度の穴埋め400語,WH-000890,890,Deck 3｜標準,条約・会議,ネルチンスク条約,ねるちんすくじょうやく,,近世,複数地域,清朝中国東北部・ロシアのアムール川流域,1689年,1689,WH-000890-R02,reverse,時期,time,「ネルチンスク条約」が結ばれた・開かれたのはいつ？,**1689年**,1689年,,,1689年：「ヒーローは 国の境を 定めます」（1689）ネルチンスク条約の締結。,世界史の窓（章節別用語リスト）,https://www.y-history.net/appendix/appendix-list.html
世界史段階別デッキ｜Deck 3｜主要王朝・人物・制度の穴埋め400語,WH-000890,890,Deck 3｜標準,条約・会議,ネルチンスク条約,ねるちんすくじょうやく,,近世,複数地域,清朝中国東北部・ロシアのアムール川流域,1689年,1689,WH-000890-I01,integrated,統合説明,integrated,「ネルチンスク条約」について説明せよ。,**1689年**、清朝中国東北部・ロシアのアムール川流域を主な舞台に、**ネルチンスク条約**は、**清**の康熙帝(こうきてい)とロシアの間で結ばれ、アルグン川・外興安嶺付近を国境としてアムール川上流の帰属を定めた。ラテン語を正文とした対等条約で、両国の通商関係も整えた。,ネルチンスク条約|1689年|清,,,1689年：「ヒーローは 国の境を 定めます」（1689）ネルチンスク条約の締結。,世界史の窓（章節別用語リスト）,https://www.y-history.net/appendix/appendix-list.html
世界史段階別デッキ｜Deck 3｜主要王朝・人物・制度の穴埋め400語,WH-001009,1009,Deck 3｜標準,文化・技術・学問,ノーフォーク農法,のーふぉーくのうほう,四圃式農法,近世,ヨーロッパ,イングランド東部・ノーフォーク地方,18世紀,1700,WH-001009-B01,beginner,用語の特定,identify,休耕地を置かず、穀物とカブ・クローバーなどを輪作する四圃式農法は？,ノーフォーク農法,ノーフォーク農法,四圃式農法,,,世界史の窓（章節別用語リスト）,https://www.y-history.net/appendix/appendix-list.html
世界史段階別デッキ｜Deck 3｜主要王朝・人物・制度の穴埋め400語,WH-001009,1009,Deck 3｜標準,文化・技術・学問,ノーフォーク農法,のーふぉーくのうほう,四圃式農法,近世,ヨーロッパ,イングランド東部・ノーフォーク地方,18世紀,1700,WH-001009-B02,beginner,時期,time,「ノーフォーク農法」が使用・展開されたのはいつ？,18世紀,18世紀,,,,世界史の窓（章節別用語リスト）,https://www.y-history.net/appendix/appendix-list.html
世界史段階別デッキ｜Deck 3｜主要王朝・人物・制度の穴埋め400語,WH-001009,1009,Deck 3｜標準,文化・技術・学問,ノーフォーク農法,のーふぉーくのうほう,四圃式農法,近世,ヨーロッパ,イングランド東部・ノーフォーク地方,18世紀,1700,WH-001009-B03,beginner,内容,content,「ノーフォーク農法」について、不要にしたものは？,休耕,休耕,,,,世界史の窓（章節別用語リスト）,https://www.y-history.net/appendix/appendix-list.html
世界史段階別デッキ｜Deck 3｜主要王朝・人物・制度の穴埋め400語,WH-001009,1009,Deck 3｜標準,文化・技術・学問,ノーフォーク農法,のーふぉーくのうほう,四圃式農法,近世,ヨーロッパ,イングランド東部・ノーフォーク地方,18世紀,1700,WH-001009-R01,reverse,複合説明,reverse,どんな文化・技術・学問？,イングランド東部・ノーフォーク地方を主な舞台に、**ノーフォーク農法**は、小麦・カブ・大麦・クローバーなどを順に栽培し、家畜飼料と土壌肥沃度を確保して**休耕**を不要にした輪作法である。囲い込みや品種改良とともにイギリス農業革命を支えた。,ノーフォーク農法|休耕,,,,世界史の窓（章節別用語リスト）,https://www.y-history.net/appendix/appendix-list.html
世界史段階別デッキ｜Deck 3｜主要王朝・人物・制度の穴埋め400語,WH-001009,1009,Deck 3｜標準,文化・技術・学問,ノーフォーク農法,のーふぉーくのうほう,四圃式農法,近世,ヨーロッパ,イングランド東部・ノーフォーク地方,18世紀,1700,WH-001009-R02,reverse,時期,time,「ノーフォーク農法」が使用・展開されたのはいつ？,**18世紀**,18世紀,,,,世界史の窓（章節別用語リスト）,https://www.y-history.net/appendix/appendix-list.html
世界史段階別デッキ｜Deck 3｜主要王朝・人物・制度の穴埋め400語,WH-001009,1009,Deck 3｜標準,文化・技術・学問,ノーフォーク農法,のーふぉーくのうほう,四圃式農法,近世,ヨーロッパ,イングランド東部・ノーフォーク地方,18世紀,1700,WH-001009-I01,integrated,統合説明,integrated,「ノーフォーク農法」について説明せよ。,**18世紀**、イングランド東部・ノーフォーク地方を主な舞台に、**ノーフォーク農法**は、小麦・カブ・大麦・クローバーなどを順に栽培し、家畜飼料と土壌肥沃度を確保して**休耕**を不要にした輪作法である。囲い込みや品種改良とともにイギリス農業革命を支えた。,ノーフォーク農法|18世紀|休耕,,,,世界史の窓（章節別用語リスト）,https://www.y-history.net/appendix/appendix-list.html
世界史段階別デッキ｜Deck 3｜主要王朝・人物・制度の穴埋め400語,WH-000969,969,Deck 3｜標準,制度・政策・法律,王位継承法,おういけいしょうほう,1701年王位継承法,近世,ヨーロッパ,イングランド,1701年,1701,WH-000969-B01,beginner,用語の特定,identify,イングランド王位をプロテスタントに限定し、後のハノーヴァー朝成立を決めた法律は？,王位継承法,王位継承法,1701年王位継承法,,,世界史の窓（章節別用語リスト）,https://www.y-history.net/appendix/appendix-list.html
世界史段階別デッキ｜Deck 3｜主要王朝・人物・制度の穴埋め400語,WH-000969,969,Deck 3｜標準,制度・政策・法律,王位継承法,おういけいしょうほう,1701年王位継承法,近世,ヨーロッパ,イングランド,1701年,1701,WH-000969-B02,beginner,時期,time,「王位継承法」が実施・整備されたのはいつ？,1701年,1701年,,,,世界史の窓（章節別用語リスト）,https://www.y-history.net/appendix/appendix-list.html
世界史段階別デッキ｜Deck 3｜主要王朝・人物・制度の穴埋め400語,WH-000969,969,Deck 3｜標準,制度・政策・法律,王位継承法,おういけいしょうほう,1701年王位継承法,近世,ヨーロッパ,イングランド,1701年,1701,WH-000969-B03,beginner,内容,content,「王位継承法」について、王位継承を認めた家は？,ハノーヴァー家,ハノーヴァー家,,,,世界史の窓（章節別用語リスト）,https://www.y-history.net/appendix/appendix-list.html
世界史段階別デッキ｜Deck 3｜主要王朝・人物・制度の穴埋め400語,WH-000969,969,Deck 3｜標準,制度・政策・法律,王位継承法,おういけいしょうほう,1701年王位継承法,近世,ヨーロッパ,イングランド,1701年,1701,WH-000969-R01,reverse,複合説明,reverse,どんな制度・政策・法律？,イングランドを主な舞台に、**王位継承法**は、カトリック王の復活を防ぐため、王位継承者をプロテスタントの**ハノーヴァー家**に定めた法律である。1714年のハノーヴァー朝成立につながり、司法の独立にも関わる規定を置いた。,王位継承法|ハノーヴァー家,,,,世界史の窓（章節別用語リスト）,https://www.y-history.net/appendix/appendix-list.html
世界史段階別デッキ｜Deck 3｜主要王朝・人物・制度の穴埋め400語,WH-000969,969,Deck 3｜標準,制度・政策・法律,王位継承法,おういけいしょうほう,1701年王位継承法,近世,ヨーロッパ,イングランド,1701年,1701,WH-000969-R02,reverse,時期,time,「王位継承法」が実施・整備されたのはいつ？,**1701年**,1701年,,,,世界史の窓（章節別用語リスト）,https://www.y-history.net/appendix/appendix-list.html
世界史段階別デッキ｜Deck 3｜主要王朝・人物・制度の穴埋め400語,WH-000969,969,Deck 3｜標準,制度・政策・法律,王位継承法,おういけいしょうほう,1701年王位継承法,近世,ヨーロッパ,イングランド,1701年,1701,WH-000969-I01,integrated,統合説明,integrated,「王位継承法」について説明せよ。,**1701年**、イングランドを主な舞台に、**王位継承法**は、カトリック王の復活を防ぐため、王位継承者をプロテスタントの**ハノーヴァー家**に定めた法律である。1714年のハノーヴァー朝成立につながり、司法の独立にも関わる規定を置いた。,王位継承法|1701年|ハノーヴァー家,,,,世界史の窓（章節別用語リスト）,https://www.y-history.net/appendix/appendix-list.html
世界史段階別デッキ｜Deck 3｜主要王朝・人物・制度の穴埋め400語,WH-000978,978,Deck 3｜標準,地域・都市,サンクトペテルブルク,さんくとぺてるぶるく,ペテルブルク|レニングラード,近世,ヨーロッパ,ロシア北西部・バルト海沿岸,1703年建設,1703,WH-000978-B01,beginner,用語の特定,identify,ピョートル1世がバルト海への窓として建設し、ロシア帝国の首都とした都市は？,サンクトペテルブルク,サンクトペテルブルク,ペテルブルク|レニングラード,,,世界史の窓（章節別用語リスト）,https://www.y-history.net/appendix/appendix-list.html
世界史段階別デッキ｜Deck 3｜主要王朝・人物・制度の穴埋め400語,WH-000978,978,Deck 3｜標準,地域・都市,サンクトペテルブルク,さんくとぺてるぶるく,ペテルブルク|レニングラード,近世,ヨーロッパ,ロシア北西部・バルト海沿岸,1703年建設,1703,WH-000978-B02,beginner,時期,time,「サンクトペテルブルク」が特に繁栄・注目されたのはいつ？,1703年建設,1703年建設,,,,世界史の窓（章節別用語リスト）,https://www.y-history.net/appendix/appendix-list.html
世界史段階別デッキ｜Deck 3｜主要王朝・人物・制度の穴埋め400語,WH-000978,978,Deck 3｜標準,地域・都市,サンクトペテルブルク,さんくとぺてるぶるく,ペテルブルク|レニングラード,近世,ヨーロッパ,ロシア北西部・バルト海沿岸,1703年建設,1703,WH-000978-B03,beginner,中心人物,person,「サンクトペテルブルク」について、建設した皇帝は？,ピョートル1世,ピョートル1世,,,,世界史の窓（章節別用語リスト）,https://www.y-history.net/appendix/appendix-list.html
世界史段階別デッキ｜Deck 3｜主要王朝・人物・制度の穴埋め400語,WH-000978,978,Deck 3｜標準,地域・都市,サンクトペテルブルク,さんくとぺてるぶるく,ペテルブルク|レニングラード,近世,ヨーロッパ,ロシア北西部・バルト海沿岸,1703年建設,1703,WH-000978-R01,reverse,複合説明,reverse,どんな地域・都市？,ロシア北西部・バルト海沿岸を主な舞台に、**サンクトペテルブルク**は、**ピョートル1世**が大北方戦争中の1703年にネヴァ川河口へ建設した都市である。西欧化の象徴「西方への窓」とされ、1712年頃からロシア帝国の首都となった。,サンクトペテルブルク|ピョートル1世,,,,世界史の窓（章節別用語リスト）,https://www.y-history.net/appendix/appendix-list.html
世界史段階別デッキ｜Deck 3｜主要王朝・人物・制度の穴埋め400語,WH-000978,978,Deck 3｜標準,地域・都市,サンクトペテルブルク,さんくとぺてるぶるく,ペテルブルク|レニングラード,近世,ヨーロッパ,ロシア北西部・バルト海沿岸,1703年建設,1703,WH-000978-R02,reverse,時期,time,「サンクトペテルブルク」が特に繁栄・注目されたのはいつ？,**1703年建設**,1703年建設,,,,世界史の窓（章節別用語リスト）,https://www.y-history.net/appendix/appendix-list.html
世界史段階別デッキ｜Deck 3｜主要王朝・人物・制度の穴埋め400語,WH-000978,978,Deck 3｜標準,地域・都市,サンクトペテルブルク,さんくとぺてるぶるく,ペテルブルク|レニングラード,近世,ヨーロッパ,ロシア北西部・バルト海沿岸,1703年建設,1703,WH-000978-I01,integrated,統合説明,integrated,「サンクトペテルブルク」について説明せよ。,**1703年建設**、ロシア北西部・バルト海沿岸を主な舞台に、**サンクトペテルブルク**は、**ピョートル1世**が大北方戦争中の1703年にネヴァ川河口へ建設した都市である。西欧化の象徴「西方への窓」とされ、1712年頃からロシア帝国の首都となった。,サンクトペテルブルク|1703年建設|ピョートル1世,,,,世界史の窓（章節別用語リスト）,https://www.y-history.net/appendix/appendix-list.html
世界史段階別デッキ｜Deck 3｜主要王朝・人物・制度の穴埋め400語,WH-001016,1016,Deck 3｜標準,文化・技術・学問,コークス製鉄法,こーくすせいてつほう,,近世,ヨーロッパ,イギリスの製鉄地域,18世紀初頭以後,1709,WH-001016-B01,beginner,用語の特定,identify,木炭の代わりに石炭から作るコークスを使い、鉄の大量生産を可能にした方法は？,コークス製鉄法,コークス製鉄法,,,,世界史の窓（章節別用語リスト）,https://www.y-history.net/appendix/appendix-list.html
世界史段階別デッキ｜Deck 3｜主要王朝・人物・制度の穴埋め400語,WH-001016,1016,Deck 3｜標準,文化・技術・学問,コークス製鉄法,こーくすせいてつほう,,近世,ヨーロッパ,イギリスの製鉄地域,18世紀初頭以後,1709,WH-001016-B02,beginner,時期,time,「コークス製鉄法」が使用・展開されたのはいつ？,18世紀初頭以後,18世紀初頭以後,,,,世界史の窓（章節別用語リスト）,https://www.y-history.net/appendix/appendix-list.html
世界史段階別デッキ｜Deck 3｜主要王朝・人物・制度の穴埋め400語,WH-001016,1016,Deck 3｜標準,文化・技術・学問,コークス製鉄法,こーくすせいてつほう,,近世,ヨーロッパ,イギリスの製鉄地域,18世紀初頭以後,1709,WH-001016-B03,beginner,中心人物,person,「コークス製鉄法」について、実用化した人物は？,ダービー,ダービー,,,,世界史の窓（章節別用語リスト）,https://www.y-history.net/appendix/appendix-list.html
世界史段階別デッキ｜Deck 3｜主要王朝・人物・制度の穴埋め400語,WH-001016,1016,Deck 3｜標準,文化・技術・学問,コークス製鉄法,こーくすせいてつほう,,近世,ヨーロッパ,イギリスの製鉄地域,18世紀初頭以後,1709,WH-001016-R01,reverse,複合説明,reverse,どんな文化・技術・学問？,イギリスの製鉄地域を主な舞台に、**コークス製鉄法**は、**エイブラハム＝ダービー**が1709年頃に実用化し、木炭に代えて石炭由来の**コークス**で鉄鉱石を溶かした。森林資源の制約を減らし、機械・鉄道・建築用鉄材の大量供給を支えた。,コークス製鉄法|エイブラハム＝ダービー|コークス,,,,世界史の窓（章節別用語リスト）,https://www.y-history.net/appendix/appendix-list.html
世界史段階別デッキ｜Deck 3｜主要王朝・人物・制度の穴埋め400語,WH-001016,1016,Deck 3｜標準,文化・技術・学問,コークス製鉄法,こーくすせいてつほう,,近世,ヨーロッパ,イギリスの製鉄地域,18世紀初頭以後,1709,WH-001016-R02,reverse,時期,time,「コークス製鉄法」が使用・展開されたのはいつ？,**18世紀初頭以後**,18世紀初頭以後,,,,世界史の窓（章節別用語リスト）,https://www.y-history.net/appendix/appendix-list.html
世界史段階別デッキ｜Deck 3｜主要王朝・人物・制度の穴埋め400語,WH-001016,1016,Deck 3｜標準,文化・技術・学問,コークス製鉄法,こーくすせいてつほう,,近世,ヨーロッパ,イギリスの製鉄地域,18世紀初頭以後,1709,WH-001016-I01,integrated,統合説明,integrated,「コークス製鉄法」について説明せよ。,**18世紀初頭以後**、イギリスの製鉄地域を主な舞台に、**コークス製鉄法**は、**エイブラハム＝ダービー**が1709年頃に実用化し、木炭に代えて石炭由来の**コークス**で鉄鉱石を溶かした。森林資源の制約を減らし、機械・鉄道・建築用鉄材の大量供給を支えた。,コークス製鉄法|18世紀初頭以後|エイブラハム＝ダービー|コークス,,,,世界史の窓（章節別用語リスト）,https://www.y-history.net/appendix/appendix-list.html
世界史段階別デッキ｜Deck 3｜主要王朝・人物・制度の穴埋め400語,WH-000892,892,Deck 3｜標準,組織・政党,公行,こうこう,コホン,近世,東アジア,清朝中国・広州,18世紀〜1842年,1720,WH-000892-B01,beginner,用語の特定,identify,清の広州(こうしゅう)貿易で外国商人との取引を独占し、税納入や監督を担った特許商人組合は？,公行(こうこう),公行,コホン,,,世界史の窓（章節別用語リスト）,https://www.y-history.net/appendix/appendix-list.html
世界史段階別デッキ｜Deck 3｜主要王朝・人物・制度の穴埋め400語,WH-000892,892,Deck 3｜標準,組織・政党,公行,こうこう,コホン,近世,東アジア,清朝中国・広州,18世紀〜1842年,1720,WH-000892-B02,beginner,時期,time,「公行(こうこう)」が使用・展開されたのはいつ？,18世紀〜1842年,18世紀〜1842年,,,,世界史の窓（章節別用語リスト）,https://www.y-history.net/appendix/appendix-list.html
世界史段階別デッキ｜Deck 3｜主要王朝・人物・制度の穴埋め400語,WH-000892,892,Deck 3｜標準,組織・政党,公行,こうこう,コホン,近世,東アジア,清朝中国・広州,18世紀〜1842年,1720,WH-000892-B03,beginner,内容,content,「公行(こうこう)」について、活動した貿易制度は？,広州一港制(こうしゅういっこうせい),広州一港制,,,,世界史の窓（章節別用語リスト）,https://www.y-history.net/appendix/appendix-list.html
世界史段階別デッキ｜Deck 3｜主要王朝・人物・制度の穴埋め400語,WH-000892,892,Deck 3｜標準,組織・政党,公行,こうこう,コホン,近世,東アジア,清朝中国・広州,18世紀〜1842年,1720,WH-000892-R01,reverse,複合説明,reverse,何をした？,清朝中国・広州(こうしゅう)を主な舞台に、**公行(こうこう)**は、清政府から特許を受け、**広州一港制(こうしゅういっこうせい)**のもとで外国商人との貿易を独占した中国商人の組合である。関税納入や外国商人の統制にも責任を負い、南京条約(なんきんじょうやく)後に廃止された。,公行|広州一港制,,,,世界史の窓（章節別用語リスト）,https://www.y-history.net/appendix/appendix-list.html
世界史段階別デッキ｜Deck 3｜主要王朝・人物・制度の穴埋め400語,WH-000892,892,Deck 3｜標準,組織・政党,公行,こうこう,コホン,近世,東アジア,清朝中国・広州,18世紀〜1842年,1720,WH-000892-R02,reverse,時期,time,「公行(こうこう)」が使用・展開されたのはいつ？,**18世紀〜1842年**,18世紀〜1842年,,,,世界史の窓（章節別用語リスト）,https://www.y-history.net/appendix/appendix-list.html
世界史段階別デッキ｜Deck 3｜主要王朝・人物・制度の穴埋め400語,WH-000892,892,Deck 3｜標準,組織・政党,公行,こうこう,コホン,近世,東アジア,清朝中国・広州,18世紀〜1842年,1720,WH-000892-I01,integrated,統合説明,integrated,「公行(こうこう)」について説明せよ。,**18世紀〜1842年**、清朝中国・広州(こうしゅう)を主な舞台に、**公行(こうこう)**は、清政府から特許を受け、**広州一港制(こうしゅういっこうせい)**のもとで外国商人との貿易を独占した中国商人の組合である。関税納入や外国商人の統制にも責任を負い、南京条約(なんきんじょうやく)後に廃止された。,公行|18世紀〜1842年|広州一港制,,,,世界史の窓（章節別用語リスト）,https://www.y-history.net/appendix/appendix-list.html
世界史段階別デッキ｜Deck 3｜主要王朝・人物・制度の穴埋め400語,WH-000970,970,Deck 3｜標準,制度・政策・法律,内閣制度,ないかくせいど,,近世,ヨーロッパ,グレートブリテン王国,18世紀前半に確立,1721,WH-000970-B01,beginner,用語の特定,identify,国王に代わって議会多数派の大臣団が政治を担い、ウォルポール期に発達した制度は？,内閣制度,内閣制度,,,,世界史の窓（章節別用語リスト）,https://www.y-history.net/appendix/appendix-list.html
世界史段階別デッキ｜Deck 3｜主要王朝・人物・制度の穴埋め400語,WH-000970,970,Deck 3｜標準,制度・政策・法律,内閣制度,ないかくせいど,,近世,ヨーロッパ,グレートブリテン王国,18世紀前半に確立,1721,WH-000970-B02,beginner,時期,time,「内閣制度」が実施・整備されたのはいつ？,18世紀前半に確立,18世紀前半に確立,,,,世界史の窓（章節別用語リスト）,https://www.y-history.net/appendix/appendix-list.html
世界史段階別デッキ｜Deck 3｜主要王朝・人物・制度の穴埋め400語,WH-000970,970,Deck 3｜標準,制度・政策・法律,内閣制度,ないかくせいど,,近世,ヨーロッパ,グレートブリテン王国,18世紀前半に確立,1721,WH-000970-B03,beginner,中心人物,person,「内閣制度」について、初代首相とされる人物は？,ウォルポール,ウォルポール,,,,世界史の窓（章節別用語リスト）,https://www.y-history.net/appendix/appendix-list.html
世界史段階別デッキ｜Deck 3｜主要王朝・人物・制度の穴埋め400語,WH-000970,970,Deck 3｜標準,制度・政策・法律,内閣制度,ないかくせいど,,近世,ヨーロッパ,グレートブリテン王国,18世紀前半に確立,1721,WH-000970-R01,reverse,複合説明,reverse,どんな制度・政策・法律？,グレートブリテン王国を主な舞台に、**内閣制度**は、ハノーヴァー朝の国王が英語や国内政治に不慣れだったため、議会多数派の大臣が会議し政策を担う仕組みが発達した。**ウォルポール**が初代首相とされ、後に議会へ責任を負う責任内閣制へ進んだ。,内閣制度|ウォルポール,,,,世界史の窓（章節別用語リスト）,https://www.y-history.net/appendix/appendix-list.html
世界史段階別デッキ｜Deck 3｜主要王朝・人物・制度の穴埋め400語,WH-000970,970,Deck 3｜標準,制度・政策・法律,内閣制度,ないかくせいど,,近世,ヨーロッパ,グレートブリテン王国,18世紀前半に確立,1721,WH-000970-R02,reverse,時期,time,「内閣制度」が実施・整備されたのはいつ？,**18世紀前半に確立**,18世紀前半に確立,,,,世界史の窓（章節別用語リスト）,https://www.y-history.net/appendix/appendix-list.html
世界史段階別デッキ｜Deck 3｜主要王朝・人物・制度の穴埋め400語,WH-000970,970,Deck 3｜標準,制度・政策・法律,内閣制度,ないかくせいど,,近世,ヨーロッパ,グレートブリテン王国,18世紀前半に確立,1721,WH-000970-I01,integrated,統合説明,integrated,「内閣制度」について説明せよ。,**18世紀前半に確立**、グレートブリテン王国を主な舞台に、**内閣制度**は、ハノーヴァー朝の国王が英語や国内政治に不慣れだったため、議会多数派の大臣が会議し政策を担う仕組みが発達した。**ウォルポール**が初代首相とされ、後に議会へ責任を負う責任内閣制へ進んだ。,内閣制度|18世紀前半に確立|ウォルポール,,,,世界史の窓（章節別用語リスト）,https://www.y-history.net/appendix/appendix-list.html
世界史段階別デッキ｜Deck 3｜主要王朝・人物・制度の穴埋め400語,WH-001001,1001,Deck 3｜標準,人物,雍正帝,ようせいてい,,近世,東アジア,清朝中国,1722〜1735年在位,1722,WH-001001-B01,beginner,用語の特定,identify,地丁銀制(ちていぎんせい)を普及させ、軍機処(ぐんきしょ)を設けて皇帝独裁を強めた清の皇帝は？,雍正帝(ようせいてい),雍正帝,,,,世界史の窓（章節別用語リスト）,https://www.y-history.net/appendix/appendix-list.html
世界史段階別デッキ｜Deck 3｜主要王朝・人物・制度の穴埋め400語,WH-001001,1001,Deck 3｜標準,人物,雍正帝,ようせいてい,,近世,東アジア,清朝中国,1722〜1735年在位,1722,WH-001001-B02,beginner,時期,time,「雍正帝(ようせいてい)」が主に活動したのはいつ？,1722〜1735年在位,1722〜1735年在位,,,,世界史の窓（章節別用語リスト）,https://www.y-history.net/appendix/appendix-list.html
世界史段階別デッキ｜Deck 3｜主要王朝・人物・制度の穴埋め400語,WH-001001,1001,Deck 3｜標準,人物,雍正帝,ようせいてい,,近世,東アジア,清朝中国,1722〜1735年在位,1722,WH-001001-B03,beginner,内容,content,「雍正帝(ようせいてい)」について、設置した中枢機関は？,軍機処(ぐんきしょ),軍機処,,,,世界史の窓（章節別用語リスト）,https://www.y-history.net/appendix/appendix-list.html
世界史段階別デッキ｜Deck 3｜主要王朝・人物・制度の穴埋め400語,WH-001001,1001,Deck 3｜標準,人物,雍正帝,ようせいてい,,近世,東アジア,清朝中国,1722〜1735年在位,1722,WH-001001-R01,reverse,複合説明,reverse,何をした？,清朝中国を主な舞台に、**雍正帝(ようせいてい)**は、清の第5代皇帝として財政・官僚統制を進め、人頭税を土地税へ組み込む**地丁銀制(ちていぎんせい)**を広めた。対ジュンガル軍務のため**軍機処(ぐんきしょ)**を設け、皇帝への権力集中を強めた。,雍正帝|地丁銀制|軍機処,,,,世界史の窓（章節別用語リスト）,https://www.y-history.net/appendix/appendix-list.html
世界史段階別デッキ｜Deck 3｜主要王朝・人物・制度の穴埋め400語,WH-001001,1001,Deck 3｜標準,人物,雍正帝,ようせいてい,,近世,東アジア,清朝中国,1722〜1735年在位,1722,WH-001001-R02,reverse,時期,time,「雍正帝(ようせいてい)」が主に活動したのはいつ？,**1722〜1735年在位**,1722〜1735年在位,,,,世界史の窓（章節別用語リスト）,https://www.y-history.net/appendix/appendix-list.html
世界史段階別デッキ｜Deck 3｜主要王朝・人物・制度の穴埋め400語,WH-001001,1001,Deck 3｜標準,人物,雍正帝,ようせいてい,,近世,東アジア,清朝中国,1722〜1735年在位,1722,WH-001001-I01,integrated,統合説明,integrated,「雍正帝(ようせいてい)」について説明せよ。,**1722〜1735年在位**、清朝中国を主な舞台に、**雍正帝(ようせいてい)**は、清の第5代皇帝として財政・官僚統制を進め、人頭税を土地税へ組み込む**地丁銀制(ちていぎんせい)**を広めた。対ジュンガル軍務のため**軍機処(ぐんきしょ)**を設け、皇帝への権力集中を強めた。,雍正帝|1722〜1735年在位|地丁銀制|軍機処,,,,世界史の窓（章節別用語リスト）,https://www.y-history.net/appendix/appendix-list.html
世界史段階別デッキ｜Deck 3｜主要王朝・人物・制度の穴埋め400語,WH-001002,1002,Deck 3｜標準,制度・政策・法律,軍機処,ぐんきしょ,,近世,東アジア,清朝中国・北京,18世紀前半〜1911年,1729,WH-001002-B01,beginner,用語の特定,identify,雍正帝(ようせいてい)が軍務処理のため設け、のち皇帝直属の最高政策機関となった組織は？,軍機処(ぐんきしょ),軍機処,,,,世界史の窓（章節別用語リスト）,https://www.y-history.net/appendix/appendix-list.html
世界史段階別デッキ｜Deck 3｜主要王朝・人物・制度の穴埋め400語,WH-001002,1002,Deck 3｜標準,制度・政策・法律,軍機処,ぐんきしょ,,近世,東アジア,清朝中国・北京,18世紀前半〜1911年,1729,WH-001002-B02,beginner,時期,time,「軍機処(ぐんきしょ)」が実施・整備されたのはいつ？,18世紀前半〜1911年,18世紀前半〜1911年,,,,世界史の窓（章節別用語リスト）,https://www.y-history.net/appendix/appendix-list.html
世界史段階別デッキ｜Deck 3｜主要王朝・人物・制度の穴埋め400語,WH-001002,1002,Deck 3｜標準,制度・政策・法律,軍機処,ぐんきしょ,,近世,東アジア,清朝中国・北京,18世紀前半〜1911年,1729,WH-001002-B03,beginner,中心人物,person,「軍機処(ぐんきしょ)」について、設置した皇帝は？,雍正帝(ようせいてい),雍正帝,,,,世界史の窓（章節別用語リスト）,https://www.y-history.net/appendix/appendix-list.html
世界史段階別デッキ｜Deck 3｜主要王朝・人物・制度の穴埋め400語,WH-001002,1002,Deck 3｜標準,制度・政策・法律,軍機処,ぐんきしょ,,近世,東アジア,清朝中国・北京,18世紀前半〜1911年,1729,WH-001002-R01,reverse,複合説明,reverse,どんな制度・政策・法律？,清朝中国・北京(ぺきん)を主な舞台に、**軍機処(ぐんきしょ)**は、**雍正帝(ようせいてい)**が対ジュンガル軍務を迅速に処理するため設けた皇帝直属の機関である。少数の側近が機密文書と政策決定を担い、内閣を上回る中枢として清朝皇帝専制を支えた。,軍機処|雍正帝,,,,世界史の窓（章節別用語リスト）,https://www.y-history.net/appendix/appendix-list.html
世界史段階別デッキ｜Deck 3｜主要王朝・人物・制度の穴埋め400語,WH-001002,1002,Deck 3｜標準,制度・政策・法律,軍機処,ぐんきしょ,,近世,東アジア,清朝中国・北京,18世紀前半〜1911年,1729,WH-001002-R02,reverse,時期,time,「軍機処(ぐんきしょ)」が実施・整備されたのはいつ？,**18世紀前半〜1911年**,18世紀前半〜1911年,,,,世界史の窓（章節別用語リスト）,https://www.y-history.net/appendix/appendix-list.html
世界史段階別デッキ｜Deck 3｜主要王朝・人物・制度の穴埋め400語,WH-001002,1002,Deck 3｜標準,制度・政策・法律,軍機処,ぐんきしょ,,近世,東アジア,清朝中国・北京,18世紀前半〜1911年,1729,WH-001002-I01,integrated,統合説明,integrated,「軍機処(ぐんきしょ)」について説明せよ。,**18世紀前半〜1911年**、清朝中国・北京(ぺきん)を主な舞台に、**軍機処(ぐんきしょ)**は、**雍正帝(ようせいてい)**が対ジュンガル軍務を迅速に処理するため設けた皇帝直属の機関である。少数の側近が機密文書と政策決定を担い、内閣を上回る中枢として清朝皇帝専制を支えた。,軍機処|18世紀前半〜1911年|雍正帝,,,,世界史の窓（章節別用語リスト）,https://www.y-history.net/appendix/appendix-list.html
世界史段階別デッキ｜Deck 3｜主要王朝・人物・制度の穴埋め400語,WH-001011,1011,Deck 3｜標準,文化・技術・学問,飛び杼,とびひ,,近世,ヨーロッパ,イギリスの綿織物業,1733年,1733,WH-001011-B01,beginner,用語の特定,identify,ジョン＝ケイが発明し、一人で幅広い布を速く織れるようにした織機の装置は？,飛び杼,飛び杼,,,,世界史の窓（章節別用語リスト）,https://www.y-history.net/appendix/appendix-list.html
世界史段階別デッキ｜Deck 3｜主要王朝・人物・制度の穴埋め400語,WH-001011,1011,Deck 3｜標準,文化・技術・学問,飛び杼,とびひ,,近世,ヨーロッパ,イギリスの綿織物業,1733年,1733,WH-001011-B02,beginner,時期,time,「飛び杼」が使用・展開されたのはいつ？,1733年,1733年,,,,世界史の窓（章節別用語リスト）,https://www.y-history.net/appendix/appendix-list.html
世界史段階別デッキ｜Deck 3｜主要王朝・人物・制度の穴埋め400語,WH-001011,1011,Deck 3｜標準,文化・技術・学問,飛び杼,とびひ,,近世,ヨーロッパ,イギリスの綿織物業,1733年,1733,WH-001011-B03,beginner,内容,content,「飛び杼」について、発明者は？,ジョン＝ケイ,ジョン＝ケイ,,,,世界史の窓（章節別用語リスト）,https://www.y-history.net/appendix/appendix-list.html
世界史段階別デッキ｜Deck 3｜主要王朝・人物・制度の穴埋め400語,WH-001011,1011,Deck 3｜標準,文化・技術・学問,飛び杼,とびひ,,近世,ヨーロッパ,イギリスの綿織物業,1733年,1733,WH-001011-R01,reverse,複合説明,reverse,どんな文化・技術・学問？,イギリスの綿織物業を主な舞台に、**飛び杼**は、**ジョン＝ケイ**が1733年に発明した織機部品で、杼を左右へ高速に飛ばして織布速度を高めた。織糸需要を急増させ、紡績機械の相次ぐ発明を促した。,飛び杼|ジョン＝ケイ,,,,世界史の窓（章節別用語リスト）,https://www.y-history.net/appendix/appendix-list.html
世界史段階別デッキ｜Deck 3｜主要王朝・人物・制度の穴埋め400語,WH-001011,1011,Deck 3｜標準,文化・技術・学問,飛び杼,とびひ,,近世,ヨーロッパ,イギリスの綿織物業,1733年,1733,WH-001011-R02,reverse,時期,time,「飛び杼」が使用・展開されたのはいつ？,**1733年**,1733年,,,,世界史の窓（章節別用語リスト）,https://www.y-history.net/appendix/appendix-list.html
世界史段階別デッキ｜Deck 3｜主要王朝・人物・制度の穴埋め400語,WH-001011,1011,Deck 3｜標準,文化・技術・学問,飛び杼,とびひ,,近世,ヨーロッパ,イギリスの綿織物業,1733年,1733,WH-001011-I01,integrated,統合説明,integrated,「飛び杼」について説明せよ。,**1733年**、イギリスの綿織物業を主な舞台に、**飛び杼**は、**ジョン＝ケイ**が1733年に発明した織機部品で、杼を左右へ高速に飛ばして織布速度を高めた。織糸需要を急増させ、紡績機械の相次ぐ発明を促した。,飛び杼|1733年|ジョン＝ケイ,,,,世界史の窓（章節別用語リスト）,https://www.y-history.net/appendix/appendix-list.html
世界史段階別デッキ｜Deck 3｜主要王朝・人物・制度の穴埋め400語,WH-001007,1007,Deck 3｜標準,思想・主義,権力分立,けんりょくぶんりつ,三権分立,近世,ヨーロッパ,フランスから欧米諸国,18世紀に体系化,1748,WH-001007-B01,beginner,用語の特定,identify,国家権力を立法・行政・司法へ分け、相互に抑制させる政治原理は？,権力分立,権力分立,三権分立,,,世界史の窓（章節別用語リスト）,https://www.y-history.net/appendix/appendix-list.html
世界史段階別デッキ｜Deck 3｜主要王朝・人物・制度の穴埋め400語,WH-001007,1007,Deck 3｜標準,思想・主義,権力分立,けんりょくぶんりつ,三権分立,近世,ヨーロッパ,フランスから欧米諸国,18世紀に体系化,1748,WH-001007-B02,beginner,時期,time,「権力分立」が成立・広がったのはいつ？,18世紀に体系化,18世紀に体系化,,,,世界史の窓（章節別用語リスト）,https://www.y-history.net/appendix/appendix-list.html
世界史段階別デッキ｜Deck 3｜主要王朝・人物・制度の穴埋め400語,WH-001007,1007,Deck 3｜標準,思想・主義,権力分立,けんりょくぶんりつ,三権分立,近世,ヨーロッパ,フランスから欧米諸国,18世紀に体系化,1748,WH-001007-B03,beginner,中心人物,person,「権力分立」について、体系化した人物は？,モンテスキュー,モンテスキュー,,,,世界史の窓（章節別用語リスト）,https://www.y-history.net/appendix/appendix-list.html
世界史段階別デッキ｜Deck 3｜主要王朝・人物・制度の穴埋め400語,WH-001007,1007,Deck 3｜標準,思想・主義,権力分立,けんりょくぶんりつ,三権分立,近世,ヨーロッパ,フランスから欧米諸国,18世紀に体系化,1748,WH-001007-R01,reverse,複合説明,reverse,どんな考え？,フランスから欧米諸国を主な舞台に、**権力分立**は、国家権力の濫用を防ぐため、**立法・行政・司法**を別の機関へ分けて相互に抑制させる原理である。**モンテスキュー**が『法の精神』で体系化し、アメリカ合衆国憲法などへ影響した。,権力分立|立法・行政・司法|モンテスキュー,,,,世界史の窓（章節別用語リスト）,https://www.y-history.net/appendix/appendix-list.html
世界史段階別デッキ｜Deck 3｜主要王朝・人物・制度の穴埋め400語,WH-001007,1007,Deck 3｜標準,思想・主義,権力分立,けんりょくぶんりつ,三権分立,近世,ヨーロッパ,フランスから欧米諸国,18世紀に体系化,1748,WH-001007-R02,reverse,時期,time,「権力分立」が成立・広がったのはいつ？,**18世紀に体系化**,18世紀に体系化,,,,世界史の窓（章節別用語リスト）,https://www.y-history.net/appendix/appendix-list.html
世界史段階別デッキ｜Deck 3｜主要王朝・人物・制度の穴埋め400語,WH-001007,1007,Deck 3｜標準,思想・主義,権力分立,けんりょくぶんりつ,三権分立,近世,ヨーロッパ,フランスから欧米諸国,18世紀に体系化,1748,WH-001007-I01,integrated,統合説明,integrated,「権力分立」について説明せよ。,**18世紀に体系化**、フランスから欧米諸国を主な舞台に、**権力分立**は、国家権力の濫用を防ぐため、**立法・行政・司法**を別の機関へ分けて相互に抑制させる原理である。**モンテスキュー**が『法の精神』で体系化し、アメリカ合衆国憲法などへ影響した。,権力分立|18世紀に体系化|立法・行政・司法|モンテスキュー,,,,世界史の窓（章節別用語リスト）,https://www.y-history.net/appendix/appendix-list.html
世界史段階別デッキ｜Deck 3｜主要王朝・人物・制度の穴埋め400語,WH-001089,1089,Deck 3｜標準,民族・身分・社会集団,シパーヒー,しぱーひー,セポイ|インド人傭兵,近代,南アジア,イギリス東インド会社支配下のインド,18〜19世紀,1750,WH-001089-B01,beginner,用語の特定,identify,東インド会社軍に雇われ、1857年に大反乱の中心となったインド人兵士は？,シパーヒー,シパーヒー,セポイ|インド人傭兵,,,世界史の窓（章節別用語リスト）,https://www.y-history.net/appendix/appendix-list.html
世界史段階別デッキ｜Deck 3｜主要王朝・人物・制度の穴埋め400語,WH-001089,1089,Deck 3｜標準,民族・身分・社会集団,シパーヒー,しぱーひー,セポイ|インド人傭兵,近代,南アジア,イギリス東インド会社支配下のインド,18〜19世紀,1750,WH-001089-B02,beginner,時期,time,「シパーヒー」が使用・展開されたのはいつ？,18〜19世紀,18〜19世紀,,,,世界史の窓（章節別用語リスト）,https://www.y-history.net/appendix/appendix-list.html
世界史段階別デッキ｜Deck 3｜主要王朝・人物・制度の穴埋め400語,WH-001089,1089,Deck 3｜標準,民族・身分・社会集団,シパーヒー,しぱーひー,セポイ|インド人傭兵,近代,南アジア,イギリス東インド会社支配下のインド,18〜19世紀,1750,WH-001089-B03,beginner,内容,content,「シパーヒー」について、起こした反乱は？,インド大反乱,インド大反乱,,,,世界史の窓（章節別用語リスト）,https://www.y-history.net/appendix/appendix-list.html
世界史段階別デッキ｜Deck 3｜主要王朝・人物・制度の穴埋め400語,WH-001089,1089,Deck 3｜標準,民族・身分・社会集団,シパーヒー,しぱーひー,セポイ|インド人傭兵,近代,南アジア,イギリス東インド会社支配下のインド,18〜19世紀,1750,WH-001089-R01,reverse,複合説明,reverse,どんな人々・集団？,イギリス東インド会社支配下のインドを主な舞台に、**シパーヒー**は、イギリス東インド会社が徴募した**インド人傭兵**で、宗教・身分慣行を保ちながら植民地征服を支えた。1857年に新式銃薬包問題などへの反発から蜂起し、**インド大反乱**の中心となった。,シパーヒー|インド人傭兵|インド大反乱,,,1857年：「セポイの乱 インドの人は 御難です」（1857）セポイの乱(シパーヒーの乱)が起こる。,世界史の窓（章節別用語リスト）,https://www.y-history.net/appendix/appendix-list.html
世界史段階別デッキ｜Deck 3｜主要王朝・人物・制度の穴埋め400語,WH-001089,1089,Deck 3｜標準,民族・身分・社会集団,シパーヒー,しぱーひー,セポイ|インド人傭兵,近代,南アジア,イギリス東インド会社支配下のインド,18〜19世紀,1750,WH-001089-R02,reverse,時期,time,「シパーヒー」が使用・展開されたのはいつ？,**18〜19世紀**,18〜19世紀,,,,世界史の窓（章節別用語リスト）,https://www.y-history.net/appendix/appendix-list.html
世界史段階別デッキ｜Deck 3｜主要王朝・人物・制度の穴埋め400語,WH-001089,1089,Deck 3｜標準,民族・身分・社会集団,シパーヒー,しぱーひー,セポイ|インド人傭兵,近代,南アジア,イギリス東インド会社支配下のインド,18〜19世紀,1750,WH-001089-I01,integrated,統合説明,integrated,「シパーヒー」について説明せよ。,**18〜19世紀**、イギリス東インド会社支配下のインドを主な舞台に、**シパーヒー**は、イギリス東インド会社が徴募した**インド人傭兵**で、宗教・身分慣行を保ちながら植民地征服を支えた。1857年に新式銃薬包問題などへの反発から蜂起し、**インド大反乱**の中心となった。,シパーヒー|18〜19世紀|インド人傭兵|インド大反乱,,,1857年：「セポイの乱 インドの人は 御難です」（1857）セポイの乱(シパーヒーの乱)が起こる。,世界史の窓（章節別用語リスト）,https://www.y-history.net/appendix/appendix-list.html
世界史段階別デッキ｜Deck 3｜主要王朝・人物・制度の穴埋め400語,WH-001005,1005,Deck 3｜標準,人物,ディドロ,でぃどろ,ドニ＝ディドロ,近代,ヨーロッパ,フランス・パリ,18世紀,1751,WH-001005-B01,beginner,用語の特定,identify,ダランベールとともに『百科全書』を編集し、啓蒙思想を広めた人物は？,ディドロ,ディドロ,ドニ＝ディドロ,,,世界史の窓（章節別用語リスト）,https://www.y-history.net/appendix/appendix-list.html
世界史段階別デッキ｜Deck 3｜主要王朝・人物・制度の穴埋め400語,WH-001005,1005,Deck 3｜標準,人物,ディドロ,でぃどろ,ドニ＝ディドロ,近代,ヨーロッパ,フランス・パリ,18世紀,1751,WH-001005-B02,beginner,時期,time,「ディドロ」が主に活動したのはいつ？,18世紀,18世紀,,,,世界史の窓（章節別用語リスト）,https://www.y-history.net/appendix/appendix-list.html
世界史段階別デッキ｜Deck 3｜主要王朝・人物・制度の穴埋め400語,WH-001005,1005,Deck 3｜標準,人物,ディドロ,でぃどろ,ドニ＝ディドロ,近代,ヨーロッパ,フランス・パリ,18世紀,1751,WH-001005-B03,beginner,内容,content,「ディドロ」について、編集した書物は？,『百科全書』,百科全書,,,,世界史の窓（章節別用語リスト）,https://www.y-history.net/appendix/appendix-list.html
世界史段階別デッキ｜Deck 3｜主要王朝・人物・制度の穴埋め400語,WH-001005,1005,Deck 3｜標準,人物,ディドロ,でぃどろ,ドニ＝ディドロ,近代,ヨーロッパ,フランス・パリ,18世紀,1751,WH-001005-R01,reverse,複合説明,reverse,何をした？,フランス・パリを主な舞台に、**ディドロ**は、フランスの啓蒙思想家で、**ダランベール**らと**『百科全書』**を編集した。学問・技術知識を体系化し、教会や旧制度の権威を批判する啓蒙思想を広い読者層へ普及させた。,ディドロ|ダランベール|百科全書,,,,世界史の窓（章節別用語リスト）,https://www.y-history.net/appendix/appendix-list.html
世界史段階別デッキ｜Deck 3｜主要王朝・人物・制度の穴埋め400語,WH-001005,1005,Deck 3｜標準,人物,ディドロ,でぃどろ,ドニ＝ディドロ,近代,ヨーロッパ,フランス・パリ,18世紀,1751,WH-001005-R02,reverse,時期,time,「ディドロ」が主に活動したのはいつ？,**18世紀**,18世紀,,,,世界史の窓（章節別用語リスト）,https://www.y-history.net/appendix/appendix-list.html
世界史段階別デッキ｜Deck 3｜主要王朝・人物・制度の穴埋め400語,WH-001005,1005,Deck 3｜標準,人物,ディドロ,でぃどろ,ドニ＝ディドロ,近代,ヨーロッパ,フランス・パリ,18世紀,1751,WH-001005-I01,integrated,統合説明,integrated,「ディドロ」について説明せよ。,**18世紀**、フランス・パリを主な舞台に、**ディドロ**は、フランスの啓蒙思想家で、**ダランベール**らと**『百科全書』**を編集した。学問・技術知識を体系化し、教会や旧制度の権威を批判する啓蒙思想を広い読者層へ普及させた。,ディドロ|18世紀|ダランベール|百科全書,,,,世界史の窓（章節別用語リスト）,https://www.y-history.net/appendix/appendix-list.html
世界史段階別デッキ｜Deck 3｜主要王朝・人物・制度の穴埋め400語,WH-001006,1006,Deck 3｜標準,人物,ダランベール,だらんべーる,ジャン＝ル＝ロン＝ダランベール,近代,ヨーロッパ,フランス・パリ,18世紀,1751,WH-001006-B01,beginner,用語の特定,identify,ディドロと『百科全書』を共同編集し、数学・科学の体系化に貢献した啓蒙思想家は？,ダランベール,ダランベール,ジャン＝ル＝ロン＝ダランベール,,,世界史の窓（章節別用語リスト）,https://www.y-history.net/appendix/appendix-list.html
世界史段階別デッキ｜Deck 3｜主要王朝・人物・制度の穴埋め400語,WH-001006,1006,Deck 3｜標準,人物,ダランベール,だらんべーる,ジャン＝ル＝ロン＝ダランベール,近代,ヨーロッパ,フランス・パリ,18世紀,1751,WH-001006-B02,beginner,時期,time,「ダランベール」が主に活動したのはいつ？,18世紀,18世紀,,,,世界史の窓（章節別用語リスト）,https://www.y-history.net/appendix/appendix-list.html
世界史段階別デッキ｜Deck 3｜主要王朝・人物・制度の穴埋め400語,WH-001006,1006,Deck 3｜標準,人物,ダランベール,だらんべーる,ジャン＝ル＝ロン＝ダランベール,近代,ヨーロッパ,フランス・パリ,18世紀,1751,WH-001006-B03,beginner,内容,content,「ダランベール」について、共同編集者は？,ディドロ,ディドロ,,,,世界史の窓（章節別用語リスト）,https://www.y-history.net/appendix/appendix-list.html
世界史段階別デッキ｜Deck 3｜主要王朝・人物・制度の穴埋め400語,WH-001006,1006,Deck 3｜標準,人物,ダランベール,だらんべーる,ジャン＝ル＝ロン＝ダランベール,近代,ヨーロッパ,フランス・パリ,18世紀,1751,WH-001006-R01,reverse,複合説明,reverse,何をした？,フランス・パリを主な舞台に、**ダランベール**は、数学者・哲学者として科学的知識の分類を行い、**ディドロ**と**『百科全書』**を共同編集した。理性と経験に基づく知識の普及を通じてフランス啓蒙を推進した。,ダランベール|ディドロ|百科全書,,,,世界史の窓（章節別用語リスト）,https://www.y-history.net/appendix/appendix-list.html
世界史段階別デッキ｜Deck 3｜主要王朝・人物・制度の穴埋め400語,WH-001006,1006,Deck 3｜標準,人物,ダランベール,だらんべーる,ジャン＝ル＝ロン＝ダランベール,近代,ヨーロッパ,フランス・パリ,18世紀,1751,WH-001006-R02,reverse,時期,time,「ダランベール」が主に活動したのはいつ？,**18世紀**,18世紀,,,,世界史の窓（章節別用語リスト）,https://www.y-history.net/appendix/appendix-list.html
世界史段階別デッキ｜Deck 3｜主要王朝・人物・制度の穴埋め400語,WH-001006,1006,Deck 3｜標準,人物,ダランベール,だらんべーる,ジャン＝ル＝ロン＝ダランベール,近代,ヨーロッパ,フランス・パリ,18世紀,1751,WH-001006-I01,integrated,統合説明,integrated,「ダランベール」について説明せよ。,**18世紀**、フランス・パリを主な舞台に、**ダランベール**は、数学者・哲学者として科学的知識の分類を行い、**ディドロ**と**『百科全書』**を共同編集した。理性と経験に基づく知識の普及を通じてフランス啓蒙を推進した。,ダランベール|18世紀|ディドロ|百科全書,,,,世界史の窓（章節別用語リスト）,https://www.y-history.net/appendix/appendix-list.html
世界史段階別デッキ｜Deck 3｜主要王朝・人物・制度の穴埋め400語,WH-000891,891,Deck 3｜標準,制度・政策・法律,広州一港制,こうしゅういっこうせい,広東貿易体制|カントン体制,近代,東アジア,清朝中国・広州,1757〜1842年,1757,WH-000891-B01,beginner,用語の特定,identify,清がヨーロッパ諸国との貿易港を広州(こうしゅう)に限定し、公行(こうこう)を介して取引させた制度は？,広州一港制(こうしゅういっこうせい),広州一港制,広東貿易体制|カントン体制,,,世界史の窓（章節別用語リスト）,https://www.y-history.net/appendix/appendix-list.html
世界史段階別デッキ｜Deck 3｜主要王朝・人物・制度の穴埋め400語,WH-000891,891,Deck 3｜標準,制度・政策・法律,広州一港制,こうしゅういっこうせい,広東貿易体制|カントン体制,近代,東アジア,清朝中国・広州,1757〜1842年,1757,WH-000891-B02,beginner,時期,time,「広州一港制(こうしゅういっこうせい)」が実施・整備されたのはいつ？,1757〜1842年,1757〜1842年,,,,世界史の窓（章節別用語リスト）,https://www.y-history.net/appendix/appendix-list.html
世界史段階別デッキ｜Deck 3｜主要王朝・人物・制度の穴埋め400語,WH-000891,891,Deck 3｜標準,制度・政策・法律,広州一港制,こうしゅういっこうせい,広東貿易体制|カントン体制,近代,東アジア,清朝中国・広州,1757〜1842年,1757,WH-000891-B03,beginner,地域,place,「広州一港制(こうしゅういっこうせい)」について、指定された港は？,広州(こうしゅう),広州,,,,世界史の窓（章節別用語リスト）,https://www.y-history.net/appendix/appendix-list.html
世界史段階別デッキ｜Deck 3｜主要王朝・人物・制度の穴埋め400語,WH-000891,891,Deck 3｜標準,制度・政策・法律,広州一港制,こうしゅういっこうせい,広東貿易体制|カントン体制,近代,東アジア,清朝中国・広州,1757〜1842年,1757,WH-000891-R01,reverse,複合説明,reverse,どんな制度・政策・法律？,清朝中国・広州(こうしゅう)を主な舞台に、**広州一港制(こうしゅういっこうせい)**は、清の乾隆帝(けんりゅうてい)がヨーロッパ商人との貿易を**広州**一港に限定し、特許商人の**公行(こうこう)**を介して取引させた制度である。イギリスの通商拡大要求と対立し、アヘン戦争後に崩れた。,広州一港制|広州|公行,,,,世界史の窓（章節別用語リスト）,https://www.y-history.net/appendix/appendix-list.html
世界史段階別デッキ｜Deck 3｜主要王朝・人物・制度の穴埋め400語,WH-000891,891,Deck 3｜標準,制度・政策・法律,広州一港制,こうしゅういっこうせい,広東貿易体制|カントン体制,近代,東アジア,清朝中国・広州,1757〜1842年,1757,WH-000891-R02,reverse,時期,time,「広州一港制(こうしゅういっこうせい)」が実施・整備されたのはいつ？,**1757〜1842年**,1757〜1842年,,,,世界史の窓（章節別用語リスト）,https://www.y-history.net/appendix/appendix-list.html
世界史段階別デッキ｜Deck 3｜主要王朝・人物・制度の穴埋め400語,WH-000891,891,Deck 3｜標準,制度・政策・法律,広州一港制,こうしゅういっこうせい,広東貿易体制|カントン体制,近代,東アジア,清朝中国・広州,1757〜1842年,1757,WH-000891-I01,integrated,統合説明,integrated,「広州一港制(こうしゅういっこうせい)」について説明せよ。,**1757〜1842年**、清朝中国・広州(こうしゅう)を主な舞台に、**広州一港制(こうしゅういっこうせい)**は、清の乾隆帝(けんりゅうてい)がヨーロッパ商人との貿易を**広州**一港に限定し、特許商人の**公行(こうこう)**を介して取引させた制度である。イギリスの通商拡大要求と対立し、アヘン戦争後に崩れた。,広州一港制|1757〜1842年|広州|公行,,,,世界史の窓（章節別用語リスト）,https://www.y-history.net/appendix/appendix-list.html
世界史段階別デッキ｜Deck 3｜主要王朝・人物・制度の穴埋め400語,WH-001008,1008,Deck 3｜標準,人物,ベッカリーア,べっかりーあ,チェーザレ＝ベッカリーア,近代,ヨーロッパ,イタリア・ミラノ,18世紀後半,1764,WH-001008-B01,beginner,用語の特定,identify,『犯罪と刑罰』で拷問・死刑を批判し、罪刑法定と刑罰の合理化を説いた啓蒙思想家は？,ベッカリーア,ベッカリーア,チェーザレ＝ベッカリーア,,,世界史の窓（章節別用語リスト）,https://www.y-history.net/appendix/appendix-list.html
世界史段階別デッキ｜Deck 3｜主要王朝・人物・制度の穴埋め400語,WH-001008,1008,Deck 3｜標準,人物,ベッカリーア,べっかりーあ,チェーザレ＝ベッカリーア,近代,ヨーロッパ,イタリア・ミラノ,18世紀後半,1764,WH-001008-B02,beginner,時期,time,「ベッカリーア」が主に活動したのはいつ？,18世紀後半,18世紀後半,,,,世界史の窓（章節別用語リスト）,https://www.y-history.net/appendix/appendix-list.html
世界史段階別デッキ｜Deck 3｜主要王朝・人物・制度の穴埋め400語,WH-001008,1008,Deck 3｜標準,人物,ベッカリーア,べっかりーあ,チェーザレ＝ベッカリーア,近代,ヨーロッパ,イタリア・ミラノ,18世紀後半,1764,WH-001008-B03,beginner,内容,content,「ベッカリーア」について、代表作は？,『犯罪と刑罰』,犯罪と刑罰,,,,世界史の窓（章節別用語リスト）,https://www.y-history.net/appendix/appendix-list.html
世界史段階別デッキ｜Deck 3｜主要王朝・人物・制度の穴埋め400語,WH-001008,1008,Deck 3｜標準,人物,ベッカリーア,べっかりーあ,チェーザレ＝ベッカリーア,近代,ヨーロッパ,イタリア・ミラノ,18世紀後半,1764,WH-001008-R01,reverse,複合説明,reverse,何をした？,イタリア・ミラノを主な舞台に、**ベッカリーア**は、イタリアの啓蒙思想家で、1764年の**『犯罪と刑罰』**において拷問・恣意的処罰・死刑を批判した。刑罰は法律に基づき、犯罪防止に必要な最小限であるべきだと論じた。,ベッカリーア|犯罪と刑罰,,,,世界史の窓（章節別用語リスト）,https://www.y-history.net/appendix/appendix-list.html
世界史段階別デッキ｜Deck 3｜主要王朝・人物・制度の穴埋め400語,WH-001008,1008,Deck 3｜標準,人物,ベッカリーア,べっかりーあ,チェーザレ＝ベッカリーア,近代,ヨーロッパ,イタリア・ミラノ,18世紀後半,1764,WH-001008-R02,reverse,時期,time,「ベッカリーア」が主に活動したのはいつ？,**18世紀後半**,18世紀後半,,,,世界史の窓（章節別用語リスト）,https://www.y-history.net/appendix/appendix-list.html
世界史段階別デッキ｜Deck 3｜主要王朝・人物・制度の穴埋め400語,WH-001008,1008,Deck 3｜標準,人物,ベッカリーア,べっかりーあ,チェーザレ＝ベッカリーア,近代,ヨーロッパ,イタリア・ミラノ,18世紀後半,1764,WH-001008-I01,integrated,統合説明,integrated,「ベッカリーア」について説明せよ。,**18世紀後半**、イタリア・ミラノを主な舞台に、**ベッカリーア**は、イタリアの啓蒙思想家で、1764年の**『犯罪と刑罰』**において拷問・恣意的処罰・死刑を批判した。刑罰は法律に基づき、犯罪防止に必要な最小限であるべきだと論じた。,ベッカリーア|18世紀後半|犯罪と刑罰,,,,世界史の窓（章節別用語リスト）,https://www.y-history.net/appendix/appendix-list.html
世界史段階別デッキ｜Deck 3｜主要王朝・人物・制度の穴埋め400語,WH-001012,1012,Deck 3｜標準,文化・技術・学問,ジェニー紡績機,じぇにーぼうせきき,,近代,ヨーロッパ,イギリスの綿工業,1760年代,1764,WH-001012-B01,beginner,用語の特定,identify,ハーグリーヴズが発明し、一人で複数の糸を同時に紡げるようにした機械は？,ジェニー紡績機,ジェニー紡績機,,,,世界史の窓（章節別用語リスト）,https://www.y-history.net/appendix/appendix-list.html
世界史段階別デッキ｜Deck 3｜主要王朝・人物・制度の穴埋め400語,WH-001012,1012,Deck 3｜標準,文化・技術・学問,ジェニー紡績機,じぇにーぼうせきき,,近代,ヨーロッパ,イギリスの綿工業,1760年代,1764,WH-001012-B02,beginner,時期,time,「ジェニー紡績機」が使用・展開されたのはいつ？,1760年代,1760年代,,,,世界史の窓（章節別用語リスト）,https://www.y-history.net/appendix/appendix-list.html
世界史段階別デッキ｜Deck 3｜主要王朝・人物・制度の穴埋め400語,WH-001012,1012,Deck 3｜標準,文化・技術・学問,ジェニー紡績機,じぇにーぼうせきき,,近代,ヨーロッパ,イギリスの綿工業,1760年代,1764,WH-001012-B03,beginner,内容,content,「ジェニー紡績機」について、発明者は？,ハーグリーヴズ,ハーグリーヴズ,,,,世界史の窓（章節別用語リスト）,https://www.y-history.net/appendix/appendix-list.html
世界史段階別デッキ｜Deck 3｜主要王朝・人物・制度の穴埋め400語,WH-001012,1012,Deck 3｜標準,文化・技術・学問,ジェニー紡績機,じぇにーぼうせきき,,近代,ヨーロッパ,イギリスの綿工業,1760年代,1764,WH-001012-R01,reverse,複合説明,reverse,どんな文化・技術・学問？,イギリスの綿工業を主な舞台に、**ジェニー紡績機**は、**ハーグリーヴズ**が1760年代に発明した多軸紡績機で、一人の労働者が多数の糸を同時に紡げた。手動式で細い糸の大量生産を可能にし、綿工業の機械化を進めた。,ジェニー紡績機|ハーグリーヴズ,,,,世界史の窓（章節別用語リスト）,https://www.y-history.net/appendix/appendix-list.html
世界史段階別デッキ｜Deck 3｜主要王朝・人物・制度の穴埋め400語,WH-001012,1012,Deck 3｜標準,文化・技術・学問,ジェニー紡績機,じぇにーぼうせきき,,近代,ヨーロッパ,イギリスの綿工業,1760年代,1764,WH-001012-R02,reverse,時期,time,「ジェニー紡績機」が使用・展開されたのはいつ？,**1760年代**,1760年代,,,,世界史の窓（章節別用語リスト）,https://www.y-history.net/appendix/appendix-list.html
世界史段階別デッキ｜Deck 3｜主要王朝・人物・制度の穴埋め400語,WH-001012,1012,Deck 3｜標準,文化・技術・学問,ジェニー紡績機,じぇにーぼうせきき,,近代,ヨーロッパ,イギリスの綿工業,1760年代,1764,WH-001012-I01,integrated,統合説明,integrated,「ジェニー紡績機」について説明せよ。,**1760年代**、イギリスの綿工業を主な舞台に、**ジェニー紡績機**は、**ハーグリーヴズ**が1760年代に発明した多軸紡績機で、一人の労働者が多数の糸を同時に紡げた。手動式で細い糸の大量生産を可能にし、綿工業の機械化を進めた。,ジェニー紡績機|1760年代|ハーグリーヴズ,,,,世界史の窓（章節別用語リスト）,https://www.y-history.net/appendix/appendix-list.html
世界史段階別デッキ｜Deck 3｜主要王朝・人物・制度の穴埋め400語,WH-001013,1013,Deck 3｜標準,文化・技術・学問,水力紡績機,すいりょくぼうせきき,ウォーター＝フレーム,近代,ヨーロッパ,イギリスの綿工業,1769年特許,1769,WH-001013-B01,beginner,用語の特定,identify,アークライトが実用化し、水力で丈夫な経糸を大量生産した紡績機は？,水力紡績機,水力紡績機,ウォーター＝フレーム,,,世界史の窓（章節別用語リスト）,https://www.y-history.net/appendix/appendix-list.html
世界史段階別デッキ｜Deck 3｜主要王朝・人物・制度の穴埋め400語,WH-001013,1013,Deck 3｜標準,文化・技術・学問,水力紡績機,すいりょくぼうせきき,ウォーター＝フレーム,近代,ヨーロッパ,イギリスの綿工業,1769年特許,1769,WH-001013-B02,beginner,時期,time,「水力紡績機」が使用・展開されたのはいつ？,1769年特許,1769年特許,,,,世界史の窓（章節別用語リスト）,https://www.y-history.net/appendix/appendix-list.html
世界史段階別デッキ｜Deck 3｜主要王朝・人物・制度の穴埋め400語,WH-001013,1013,Deck 3｜標準,文化・技術・学問,水力紡績機,すいりょくぼうせきき,ウォーター＝フレーム,近代,ヨーロッパ,イギリスの綿工業,1769年特許,1769,WH-001013-B03,beginner,中心人物,person,「水力紡績機」について、実用化した人物は？,アークライト,アークライト,,,,世界史の窓（章節別用語リスト）,https://www.y-history.net/appendix/appendix-list.html
世界史段階別デッキ｜Deck 3｜主要王朝・人物・制度の穴埋め400語,WH-001013,1013,Deck 3｜標準,文化・技術・学問,水力紡績機,すいりょくぼうせきき,ウォーター＝フレーム,近代,ヨーロッパ,イギリスの綿工業,1769年特許,1769,WH-001013-R01,reverse,複合説明,reverse,どんな文化・技術・学問？,イギリスの綿工業を主な舞台に、**水力紡績機**は、**アークライト**が実用化した水力駆動の紡績機で、丈夫で均一な糸を大量に生産した。大型機械と動力を集中させる必要から、労働者を一か所へ集める**工場制度**を発展させた。,水力紡績機|アークライト|工場制度,,,,世界史の窓（章節別用語リスト）,https://www.y-history.net/appendix/appendix-list.html
世界史段階別デッキ｜Deck 3｜主要王朝・人物・制度の穴埋め400語,WH-001013,1013,Deck 3｜標準,文化・技術・学問,水力紡績機,すいりょくぼうせきき,ウォーター＝フレーム,近代,ヨーロッパ,イギリスの綿工業,1769年特許,1769,WH-001013-R02,reverse,時期,time,「水力紡績機」が使用・展開されたのはいつ？,**1769年特許**,1769年特許,,,,世界史の窓（章節別用語リスト）,https://www.y-history.net/appendix/appendix-list.html
世界史段階別デッキ｜Deck 3｜主要王朝・人物・制度の穴埋め400語,WH-001013,1013,Deck 3｜標準,文化・技術・学問,水力紡績機,すいりょくぼうせきき,ウォーター＝フレーム,近代,ヨーロッパ,イギリスの綿工業,1769年特許,1769,WH-001013-I01,integrated,統合説明,integrated,「水力紡績機」について説明せよ。,**1769年特許**、イギリスの綿工業を主な舞台に、**水力紡績機**は、**アークライト**が実用化した水力駆動の紡績機で、丈夫で均一な糸を大量に生産した。大型機械と動力を集中させる必要から、労働者を一か所へ集める**工場制度**を発展させた。,水力紡績機|1769年特許|アークライト|工場制度,,,,世界史の窓（章節別用語リスト）,https://www.y-history.net/appendix/appendix-list.html
世界史段階別デッキ｜Deck 3｜主要王朝・人物・制度の穴埋め400語,WH-001020,1020,Deck 3｜標準,事件・革命,ボストン虐殺事件,ぼすとんぎゃくさつじけん,,近代,アメリカ,北米植民地・ボストン,1770年,1770,WH-001020-B01,beginner,用語の特定,identify,緊張下のボストンでイギリス兵が植民地人へ発砲し、反英世論を高めた事件は？,ボストン虐殺事件,ボストン虐殺事件,,,,世界史の窓（章節別用語リスト）,https://www.y-history.net/appendix/appendix-list.html
世界史段階別デッキ｜Deck 3｜主要王朝・人物・制度の穴埋め400語,WH-001020,1020,Deck 3｜標準,事件・革命,ボストン虐殺事件,ぼすとんぎゃくさつじけん,,近代,アメリカ,北米植民地・ボストン,1770年,1770,WH-001020-B02,beginner,時期,time,「ボストン虐殺事件」が起きたのはいつ？,1770年,1770年,,,,世界史の窓（章節別用語リスト）,https://www.y-history.net/appendix/appendix-list.html
世界史段階別デッキ｜Deck 3｜主要王朝・人物・制度の穴埋め400語,WH-001020,1020,Deck 3｜標準,事件・革命,ボストン虐殺事件,ぼすとんぎゃくさつじけん,,近代,アメリカ,北米植民地・ボストン,1770年,1770,WH-001020-B03,beginner,関連,relation,「ボストン虐殺事件」について、発砲した側は？,イギリス軍,イギリス軍,,,,世界史の窓（章節別用語リスト）,https://www.y-history.net/appendix/appendix-list.html
世界史段階別デッキ｜Deck 3｜主要王朝・人物・制度の穴埋め400語,WH-001020,1020,Deck 3｜標準,事件・革命,ボストン虐殺事件,ぼすとんぎゃくさつじけん,,近代,アメリカ,北米植民地・ボストン,1770年,1770,WH-001020-R01,reverse,複合説明,reverse,何が起きた？,北米植民地・ボストンを主な舞台に、**ボストン虐殺事件**は、課税政策と駐屯軍への反発が強いボストンで、群衆と兵士の衝突から**イギリス軍**が発砲し、植民地人5名が死亡した。愛国派の宣伝に利用され、独立運動を激化させた。,ボストン虐殺事件|イギリス軍,,,,世界史の窓（章節別用語リスト）,https://www.y-history.net/appendix/appendix-list.html
世界史段階別デッキ｜Deck 3｜主要王朝・人物・制度の穴埋め400語,WH-001020,1020,Deck 3｜標準,事件・革命,ボストン虐殺事件,ぼすとんぎゃくさつじけん,,近代,アメリカ,北米植民地・ボストン,1770年,1770,WH-001020-R02,reverse,時期,time,「ボストン虐殺事件」が起きたのはいつ？,**1770年**,1770年,,,,世界史の窓（章節別用語リスト）,https://www.y-history.net/appendix/appendix-list.html
世界史段階別デッキ｜Deck 3｜主要王朝・人物・制度の穴埋め400語,WH-001020,1020,Deck 3｜標準,事件・革命,ボストン虐殺事件,ぼすとんぎゃくさつじけん,,近代,アメリカ,北米植民地・ボストン,1770年,1770,WH-001020-I01,integrated,統合説明,integrated,「ボストン虐殺事件」について説明せよ。,**1770年**、北米植民地・ボストンを主な舞台に、**ボストン虐殺事件**は、課税政策と駐屯軍への反発が強いボストンで、群衆と兵士の衝突から**イギリス軍**が発砲し、植民地人5名が死亡した。愛国派の宣伝に利用され、独立運動を激化させた。,ボストン虐殺事件|1770年|イギリス軍,,,,世界史の窓（章節別用語リスト）,https://www.y-history.net/appendix/appendix-list.html
世界史段階別デッキ｜Deck 3｜主要王朝・人物・制度の穴埋め400語,WH-001003,1003,Deck 3｜標準,人物,アダム＝スミス,あだむすみす,,近代,ヨーロッパ,スコットランド・イギリス,18世紀後半,1776,WH-001003-B01,beginner,用語の特定,identify,『国富論』で分業と自由競争を重視し、重商主義を批判した経済学者は？,アダム＝スミス,アダム＝スミス,,,,世界史の窓（章節別用語リスト）,https://www.y-history.net/appendix/appendix-list.html
世界史段階別デッキ｜Deck 3｜主要王朝・人物・制度の穴埋め400語,WH-001003,1003,Deck 3｜標準,人物,アダム＝スミス,あだむすみす,,近代,ヨーロッパ,スコットランド・イギリス,18世紀後半,1776,WH-001003-B02,beginner,時期,time,「アダム＝スミス」が主に活動したのはいつ？,18世紀後半,18世紀後半,,,,世界史の窓（章節別用語リスト）,https://www.y-history.net/appendix/appendix-list.html
世界史段階別デッキ｜Deck 3｜主要王朝・人物・制度の穴埋め400語,WH-001003,1003,Deck 3｜標準,人物,アダム＝スミス,あだむすみす,,近代,ヨーロッパ,スコットランド・イギリス,18世紀後半,1776,WH-001003-B03,beginner,内容,content,「アダム＝スミス」について、代表作は？,『国富論』,国富論,,,,世界史の窓（章節別用語リスト）,https://www.y-history.net/appendix/appendix-list.html
世界史段階別デッキ｜Deck 3｜主要王朝・人物・制度の穴埋め400語,WH-001003,1003,Deck 3｜標準,人物,アダム＝スミス,あだむすみす,,近代,ヨーロッパ,スコットランド・イギリス,18世紀後半,1776,WH-001003-R01,reverse,複合説明,reverse,何をした？,スコットランド・イギリスを主な舞台に、**アダム＝スミス**は、スコットランド啓蒙の経済学者で、1776年の**『国富論』**において分業・市場・自由競争の働きを論じた。国家の過度な統制と**重商主義**を批判し、古典派経済学の基礎を築いた。,アダム＝スミス|国富論|重商主義,,,,世界史の窓（章節別用語リスト）,https://www.y-history.net/appendix/appendix-list.html
世界史段階別デッキ｜Deck 3｜主要王朝・人物・制度の穴埋め400語,WH-001003,1003,Deck 3｜標準,人物,アダム＝スミス,あだむすみす,,近代,ヨーロッパ,スコットランド・イギリス,18世紀後半,1776,WH-001003-R02,reverse,時期,time,「アダム＝スミス」が主に活動したのはいつ？,**18世紀後半**,18世紀後半,,,,世界史の窓（章節別用語リスト）,https://www.y-history.net/appendix/appendix-list.html
世界史段階別デッキ｜Deck 3｜主要王朝・人物・制度の穴埋め400語,WH-001003,1003,Deck 3｜標準,人物,アダム＝スミス,あだむすみす,,近代,ヨーロッパ,スコットランド・イギリス,18世紀後半,1776,WH-001003-I01,integrated,統合説明,integrated,「アダム＝スミス」について説明せよ。,**18世紀後半**、スコットランド・イギリスを主な舞台に、**アダム＝スミス**は、スコットランド啓蒙の経済学者で、1776年の**『国富論』**において分業・市場・自由競争の働きを論じた。国家の過度な統制と**重商主義**を批判し、古典派経済学の基礎を築いた。,アダム＝スミス|18世紀後半|国富論|重商主義,,,,世界史の窓（章節別用語リスト）,https://www.y-history.net/appendix/appendix-list.html
世界史段階別デッキ｜Deck 3｜主要王朝・人物・制度の穴埋め400語,WH-001004,1004,Deck 3｜標準,文書・作品,国富論,こくふろん,諸国民の富,近代,ヨーロッパ,イギリス・スコットランド,1776年,1776,WH-001004-B01,beginner,用語の特定,identify,アダム＝スミスが分業・自由競争・市場の働きを論じた経済学書は？,国富論,国富論,諸国民の富,,,世界史の窓（章節別用語リスト）,https://www.y-history.net/appendix/appendix-list.html
世界史段階別デッキ｜Deck 3｜主要王朝・人物・制度の穴埋め400語,WH-001004,1004,Deck 3｜標準,文書・作品,国富論,こくふろん,諸国民の富,近代,ヨーロッパ,イギリス・スコットランド,1776年,1776,WH-001004-B02,beginner,時期,time,「国富論」が成立・発表されたのはいつ？,1776年,1776年,,,,世界史の窓（章節別用語リスト）,https://www.y-history.net/appendix/appendix-list.html
世界史段階別デッキ｜Deck 3｜主要王朝・人物・制度の穴埋め400語,WH-001004,1004,Deck 3｜標準,文書・作品,国富論,こくふろん,諸国民の富,近代,ヨーロッパ,イギリス・スコットランド,1776年,1776,WH-001004-B03,beginner,中心人物,person,「国富論」について、著者は？,アダム＝スミス,アダム＝スミス,,,,世界史の窓（章節別用語リスト）,https://www.y-history.net/appendix/appendix-list.html
世界史段階別デッキ｜Deck 3｜主要王朝・人物・制度の穴埋め400語,WH-001004,1004,Deck 3｜標準,文書・作品,国富論,こくふろん,諸国民の富,近代,ヨーロッパ,イギリス・スコットランド,1776年,1776,WH-001004-R01,reverse,複合説明,reverse,何が書かれている？,イギリス・スコットランドを主な舞台に、**国富論**は、**アダム＝スミス**が1776年に刊行し、国富の源泉を労働と分業に求め、市場での自由な交換・競争を論じた。重商主義的規制を批判し、古典派経済学へ大きな影響を与えた。,国富論|アダム＝スミス,,,,世界史の窓（章節別用語リスト）,https://www.y-history.net/appendix/appendix-list.html
世界史段階別デッキ｜Deck 3｜主要王朝・人物・制度の穴埋め400語,WH-001004,1004,Deck 3｜標準,文書・作品,国富論,こくふろん,諸国民の富,近代,ヨーロッパ,イギリス・スコットランド,1776年,1776,WH-001004-R02,reverse,時期,time,「国富論」が成立・発表されたのはいつ？,**1776年**,1776年,,,,世界史の窓（章節別用語リスト）,https://www.y-history.net/appendix/appendix-list.html
世界史段階別デッキ｜Deck 3｜主要王朝・人物・制度の穴埋め400語,WH-001004,1004,Deck 3｜標準,文書・作品,国富論,こくふろん,諸国民の富,近代,ヨーロッパ,イギリス・スコットランド,1776年,1776,WH-001004-I01,integrated,統合説明,integrated,「国富論」について説明せよ。,**1776年**、イギリス・スコットランドを主な舞台に、**国富論**は、**アダム＝スミス**が1776年に刊行し、国富の源泉を労働と分業に求め、市場での自由な交換・競争を論じた。重商主義的規制を批判し、古典派経済学へ大きな影響を与えた。,国富論|1776年|アダム＝スミス,,,,世界史の窓（章節別用語リスト）,https://www.y-history.net/appendix/appendix-list.html
世界史段階別デッキ｜Deck 3｜主要王朝・人物・制度の穴埋め400語,WH-001025,1025,Deck 3｜標準,人物,ジェファソン,じぇふぁそん,トマス＝ジェファソン,近代,アメリカ,アメリカ合衆国,18世紀末〜19世紀初頭,1776,WH-001025-B01,beginner,用語の特定,identify,独立宣言を起草し、大統領としてルイジアナ買収を行った人物は？,ジェファソン,ジェファソン,トマス＝ジェファソン,,,世界史の窓（章節別用語リスト）,https://www.y-history.net/appendix/appendix-list.html
世界史段階別デッキ｜Deck 3｜主要王朝・人物・制度の穴埋め400語,WH-001025,1025,Deck 3｜標準,人物,ジェファソン,じぇふぁそん,トマス＝ジェファソン,近代,アメリカ,アメリカ合衆国,18世紀末〜19世紀初頭,1776,WH-001025-B02,beginner,時期,time,「ジェファソン」が主に活動したのはいつ？,18世紀末〜19世紀初頭,18世紀末〜19世紀初頭,,,,世界史の窓（章節別用語リスト）,https://www.y-history.net/appendix/appendix-list.html
世界史段階別デッキ｜Deck 3｜主要王朝・人物・制度の穴埋め400語,WH-001025,1025,Deck 3｜標準,人物,ジェファソン,じぇふぁそん,トマス＝ジェファソン,近代,アメリカ,アメリカ合衆国,18世紀末〜19世紀初頭,1776,WH-001025-B03,beginner,内容,content,「ジェファソン」について、起草した文書は？,アメリカ独立宣言,アメリカ独立宣言,,,,世界史の窓（章節別用語リスト）,https://www.y-history.net/appendix/appendix-list.html
世界史段階別デッキ｜Deck 3｜主要王朝・人物・制度の穴埋め400語,WH-001025,1025,Deck 3｜標準,人物,ジェファソン,じぇふぁそん,トマス＝ジェファソン,近代,アメリカ,アメリカ合衆国,18世紀末〜19世紀初頭,1776,WH-001025-R01,reverse,複合説明,reverse,何をした？,アメリカ合衆国を主な舞台に、**ジェファソン**は、ヴァージニア出身の共和派政治家で、**アメリカ独立宣言**の主要起草者となった。第3代大統領として1803年に**ルイジアナ買収**を行い、合衆国領土を大きく拡大した。,ジェファソン|アメリカ独立宣言|ルイジアナ買収,,,,世界史の窓（章節別用語リスト）,https://www.y-history.net/appendix/appendix-list.html
世界史段階別デッキ｜Deck 3｜主要王朝・人物・制度の穴埋め400語,WH-001025,1025,Deck 3｜標準,人物,ジェファソン,じぇふぁそん,トマス＝ジェファソン,近代,アメリカ,アメリカ合衆国,18世紀末〜19世紀初頭,1776,WH-001025-R02,reverse,時期,time,「ジェファソン」が主に活動したのはいつ？,**18世紀末〜19世紀初頭**,18世紀末〜19世紀初頭,,,,世界史の窓（章節別用語リスト）,https://www.y-history.net/appendix/appendix-list.html
世界史段階別デッキ｜Deck 3｜主要王朝・人物・制度の穴埋め400語,WH-001025,1025,Deck 3｜標準,人物,ジェファソン,じぇふぁそん,トマス＝ジェファソン,近代,アメリカ,アメリカ合衆国,18世紀末〜19世紀初頭,1776,WH-001025-I01,integrated,統合説明,integrated,「ジェファソン」について説明せよ。,**18世紀末〜19世紀初頭**、アメリカ合衆国を主な舞台に、**ジェファソン**は、ヴァージニア出身の共和派政治家で、**アメリカ独立宣言**の主要起草者となった。第3代大統領として1803年に**ルイジアナ買収**を行い、合衆国領土を大きく拡大した。,ジェファソン|18世紀末〜19世紀初頭|アメリカ独立宣言|ルイジアナ買収,,,,世界史の窓（章節別用語リスト）,https://www.y-history.net/appendix/appendix-list.html
世界史段階別デッキ｜Deck 3｜主要王朝・人物・制度の穴埋め400語,WH-001021,1021,Deck 3｜標準,戦争,サラトガの戦い,さらとがのたたかい,,近代,アメリカ,北米・ニューヨーク州サラトガ,1777年,1777,WH-001021-B01,beginner,用語の特定,identify,アメリカ独立戦争で植民地軍がイギリス軍を降伏させ、フランス参戦を促した戦いは？,サラトガの戦い,サラトガの戦い,,,,世界史の窓（章節別用語リスト）,https://www.y-history.net/appendix/appendix-list.html
世界史段階別デッキ｜Deck 3｜主要王朝・人物・制度の穴埋め400語,WH-001021,1021,Deck 3｜標準,戦争,サラトガの戦い,さらとがのたたかい,,近代,アメリカ,北米・ニューヨーク州サラトガ,1777年,1777,WH-001021-B02,beginner,時期,time,「サラトガの戦い」が戦われたのはいつ？,1777年,1777年,,,,世界史の窓（章節別用語リスト）,https://www.y-history.net/appendix/appendix-list.html
世界史段階別デッキ｜Deck 3｜主要王朝・人物・制度の穴埋め400語,WH-001021,1021,Deck 3｜標準,戦争,サラトガの戦い,さらとがのたたかい,,近代,アメリカ,北米・ニューヨーク州サラトガ,1777年,1777,WH-001021-B03,beginner,内容,content,「サラトガの戦い」について、参戦を促した国は？,フランス,フランス,,,,世界史の窓（章節別用語リスト）,https://www.y-history.net/appendix/appendix-list.html
世界史段階別デッキ｜Deck 3｜主要王朝・人物・制度の穴埋め400語,WH-001021,1021,Deck 3｜標準,戦争,サラトガの戦い,さらとがのたたかい,,近代,アメリカ,北米・ニューヨーク州サラトガ,1777年,1777,WH-001021-R01,reverse,複合説明,reverse,何が起きた？,北米・ニューヨーク州サラトガを主な舞台に、**サラトガの戦い**は、北方から進撃したイギリス軍をアメリカ植民地軍が包囲し、1777年に降伏させた。独立側の勝利可能性を示し、翌年の**フランス**との同盟・参戦を実現させた転機である。,サラトガの戦い|フランス,,,,世界史の窓（章節別用語リスト）,https://www.y-history.net/appendix/appendix-list.html
世界史段階別デッキ｜Deck 3｜主要王朝・人物・制度の穴埋め400語,WH-001021,1021,Deck 3｜標準,戦争,サラトガの戦い,さらとがのたたかい,,近代,アメリカ,北米・ニューヨーク州サラトガ,1777年,1777,WH-001021-R02,reverse,時期,time,「サラトガの戦い」が戦われたのはいつ？,**1777年**,1777年,,,,世界史の窓（章節別用語リスト）,https://www.y-history.net/appendix/appendix-list.html
世界史段階別デッキ｜Deck 3｜主要王朝・人物・制度の穴埋め400語,WH-001021,1021,Deck 3｜標準,戦争,サラトガの戦い,さらとがのたたかい,,近代,アメリカ,北米・ニューヨーク州サラトガ,1777年,1777,WH-001021-I01,integrated,統合説明,integrated,「サラトガの戦い」について説明せよ。,**1777年**、北米・ニューヨーク州サラトガを主な舞台に、**サラトガの戦い**は、北方から進撃したイギリス軍をアメリカ植民地軍が包囲し、1777年に降伏させた。独立側の勝利可能性を示し、翌年の**フランス**との同盟・参戦を実現させた転機である。,サラトガの戦い|1777年|フランス,,,,世界史の窓（章節別用語リスト）,https://www.y-history.net/appendix/appendix-list.html
世界史段階別デッキ｜Deck 3｜主要王朝・人物・制度の穴埋め400語,WH-001014,1014,Deck 3｜標準,文化・技術・学問,ミュール紡績機,みゅーるぼうせきき,,近代,ヨーロッパ,イギリスの綿工業,1779年,1779,WH-001014-B01,beginner,用語の特定,identify,クロンプトンがジェニー紡績機と水力紡績機の長所を組み合わせた機械は？,ミュール紡績機,ミュール紡績機,,,,世界史の窓（章節別用語リスト）,https://www.y-history.net/appendix/appendix-list.html
世界史段階別デッキ｜Deck 3｜主要王朝・人物・制度の穴埋め400語,WH-001014,1014,Deck 3｜標準,文化・技術・学問,ミュール紡績機,みゅーるぼうせきき,,近代,ヨーロッパ,イギリスの綿工業,1779年,1779,WH-001014-B02,beginner,時期,time,「ミュール紡績機」が使用・展開されたのはいつ？,1779年,1779年,,,,世界史の窓（章節別用語リスト）,https://www.y-history.net/appendix/appendix-list.html
世界史段階別デッキ｜Deck 3｜主要王朝・人物・制度の穴埋め400語,WH-001014,1014,Deck 3｜標準,文化・技術・学問,ミュール紡績機,みゅーるぼうせきき,,近代,ヨーロッパ,イギリスの綿工業,1779年,1779,WH-001014-B03,beginner,内容,content,「ミュール紡績機」について、発明者は？,クロンプトン,クロンプトン,,,,世界史の窓（章節別用語リスト）,https://www.y-history.net/appendix/appendix-list.html
世界史段階別デッキ｜Deck 3｜主要王朝・人物・制度の穴埋め400語,WH-001014,1014,Deck 3｜標準,文化・技術・学問,ミュール紡績機,みゅーるぼうせきき,,近代,ヨーロッパ,イギリスの綿工業,1779年,1779,WH-001014-R01,reverse,複合説明,reverse,どんな文化・技術・学問？,イギリスの綿工業を主な舞台に、**ミュール紡績機**は、**クロンプトン**が1779年に発明し、ジェニー紡績機の多軸性と水力紡績機のローラーを組み合わせた。細く丈夫で品質の高い綿糸を大量生産し、機械制綿工業を発展させた。,ミュール紡績機|クロンプトン,,,,世界史の窓（章節別用語リスト）,https://www.y-history.net/appendix/appendix-list.html
世界史段階別デッキ｜Deck 3｜主要王朝・人物・制度の穴埋め400語,WH-001014,1014,Deck 3｜標準,文化・技術・学問,ミュール紡績機,みゅーるぼうせきき,,近代,ヨーロッパ,イギリスの綿工業,1779年,1779,WH-001014-R02,reverse,時期,time,「ミュール紡績機」が使用・展開されたのはいつ？,**1779年**,1779年,,,,世界史の窓（章節別用語リスト）,https://www.y-history.net/appendix/appendix-list.html
世界史段階別デッキ｜Deck 3｜主要王朝・人物・制度の穴埋め400語,WH-001014,1014,Deck 3｜標準,文化・技術・学問,ミュール紡績機,みゅーるぼうせきき,,近代,ヨーロッパ,イギリスの綿工業,1779年,1779,WH-001014-I01,integrated,統合説明,integrated,「ミュール紡績機」について説明せよ。,**1779年**、イギリスの綿工業を主な舞台に、**ミュール紡績機**は、**クロンプトン**が1779年に発明し、ジェニー紡績機の多軸性と水力紡績機のローラーを組み合わせた。細く丈夫で品質の高い綿糸を大量生産し、機械制綿工業を発展させた。,ミュール紡績機|1779年|クロンプトン,,,,世界史の窓（章節別用語リスト）,https://www.y-history.net/appendix/appendix-list.html
世界史段階別デッキ｜Deck 3｜主要王朝・人物・制度の穴埋め400語,WH-001022,1022,Deck 3｜標準,戦争,ヨークタウンの戦い,よーくたうんのたたかい,,近代,アメリカ,北米・ヴァージニア州ヨークタウン,1781年,1781,WH-001022-B01,beginner,用語の特定,identify,米仏連合軍がコーンウォリス軍を降伏させ、アメリカ独立戦争の決着を決定的にした戦いは？,ヨークタウンの戦い,ヨークタウンの戦い,,,,世界史の窓（章節別用語リスト）,https://www.y-history.net/appendix/appendix-list.html
世界史段階別デッキ｜Deck 3｜主要王朝・人物・制度の穴埋め400語,WH-001022,1022,Deck 3｜標準,戦争,ヨークタウンの戦い,よーくたうんのたたかい,,近代,アメリカ,北米・ヴァージニア州ヨークタウン,1781年,1781,WH-001022-B02,beginner,時期,time,「ヨークタウンの戦い」が戦われたのはいつ？,1781年,1781年,,,,世界史の窓（章節別用語リスト）,https://www.y-history.net/appendix/appendix-list.html
世界史段階別デッキ｜Deck 3｜主要王朝・人物・制度の穴埋め400語,WH-001022,1022,Deck 3｜標準,戦争,ヨークタウンの戦い,よーくたうんのたたかい,,近代,アメリカ,北米・ヴァージニア州ヨークタウン,1781年,1781,WH-001022-B03,beginner,関連,relation,「ヨークタウンの戦い」について、勝利した連合軍は？,アメリカ・フランス連合軍,アメリカ・フランス連合軍,,,,世界史の窓（章節別用語リスト）,https://www.y-history.net/appendix/appendix-list.html
世界史段階別デッキ｜Deck 3｜主要王朝・人物・制度の穴埋め400語,WH-001022,1022,Deck 3｜標準,戦争,ヨークタウンの戦い,よーくたうんのたたかい,,近代,アメリカ,北米・ヴァージニア州ヨークタウン,1781年,1781,WH-001022-R01,reverse,複合説明,reverse,何が起きた？,北米・ヴァージニア州ヨークタウンを主な舞台に、**ヨークタウンの戦い**は、ワシントン率いるアメリカ軍とフランス陸海軍が、ヴァージニアの**コーンウォリス**軍を包囲して降伏させた。イギリスの継戦意欲を失わせ、パリ条約による独立承認へつながった。,ヨークタウンの戦い|コーンウォリス,,,,世界史の窓（章節別用語リスト）,https://www.y-history.net/appendix/appendix-list.html
世界史段階別デッキ｜Deck 3｜主要王朝・人物・制度の穴埋め400語,WH-001022,1022,Deck 3｜標準,戦争,ヨークタウンの戦い,よーくたうんのたたかい,,近代,アメリカ,北米・ヴァージニア州ヨークタウン,1781年,1781,WH-001022-R02,reverse,時期,time,「ヨークタウンの戦い」が戦われたのはいつ？,**1781年**,1781年,,,,世界史の窓（章節別用語リスト）,https://www.y-history.net/appendix/appendix-list.html
世界史段階別デッキ｜Deck 3｜主要王朝・人物・制度の穴埋め400語,WH-001022,1022,Deck 3｜標準,戦争,ヨークタウンの戦い,よーくたうんのたたかい,,近代,アメリカ,北米・ヴァージニア州ヨークタウン,1781年,1781,WH-001022-I01,integrated,統合説明,integrated,「ヨークタウンの戦い」について説明せよ。,**1781年**、北米・ヴァージニア州ヨークタウンを主な舞台に、**ヨークタウンの戦い**は、ワシントン率いるアメリカ軍とフランス陸海軍が、ヴァージニアの**コーンウォリス**軍を包囲して降伏させた。イギリスの継戦意欲を失わせ、パリ条約による独立承認へつながった。,ヨークタウンの戦い|1781年|コーンウォリス,,,,世界史の窓（章節別用語リスト）,https://www.y-history.net/appendix/appendix-list.html
世界史段階別デッキ｜Deck 3｜主要王朝・人物・制度の穴埋め400語,WH-001023,1023,Deck 3｜標準,文書・作品,連合規約,れんごうきやく,アメリカ連合規約,近代,アメリカ,アメリカ合衆国,1781〜1789年施行,1781,WH-001023-B01,beginner,用語の特定,identify,独立後の13州を緩やかに結んだが、連邦政府に課税・通商統制権を十分与えなかった最初の基本法は？,連合規約,連合規約,アメリカ連合規約,,,世界史の窓（章節別用語リスト）,https://www.y-history.net/appendix/appendix-list.html
世界史段階別デッキ｜Deck 3｜主要王朝・人物・制度の穴埋め400語,WH-001023,1023,Deck 3｜標準,文書・作品,連合規約,れんごうきやく,アメリカ連合規約,近代,アメリカ,アメリカ合衆国,1781〜1789年施行,1781,WH-001023-B02,beginner,時期,time,「連合規約」が成立・発表されたのはいつ？,1781〜1789年施行,1781〜1789年施行,,,,世界史の窓（章節別用語リスト）,https://www.y-history.net/appendix/appendix-list.html
世界史段階別デッキ｜Deck 3｜主要王朝・人物・制度の穴埋め400語,WH-001023,1023,Deck 3｜標準,文書・作品,連合規約,れんごうきやく,アメリカ連合規約,近代,アメリカ,アメリカ合衆国,1781〜1789年施行,1781,WH-001023-B03,beginner,結果,result,「連合規約」について、後に置き換えた文書は？,アメリカ合衆国憲法,アメリカ合衆国憲法,,,,世界史の窓（章節別用語リスト）,https://www.y-history.net/appendix/appendix-list.html
世界史段階別デッキ｜Deck 3｜主要王朝・人物・制度の穴埋め400語,WH-001023,1023,Deck 3｜標準,文書・作品,連合規約,れんごうきやく,アメリカ連合規約,近代,アメリカ,アメリカ合衆国,1781〜1789年施行,1781,WH-001023-R01,reverse,複合説明,reverse,何が書かれている？,アメリカ合衆国を主な舞台に、**連合規約**は、13州を主権的な州の連合として結び、単院の連合会議を置いた最初の基本法である。中央政府に課税・通商規制・強制執行の力が乏しく、1787年制定の**アメリカ合衆国憲法**に置き換えられた。,連合規約|アメリカ合衆国憲法,,,,世界史の窓（章節別用語リスト）,https://www.y-history.net/appendix/appendix-list.html
世界史段階別デッキ｜Deck 3｜主要王朝・人物・制度の穴埋め400語,WH-001023,1023,Deck 3｜標準,文書・作品,連合規約,れんごうきやく,アメリカ連合規約,近代,アメリカ,アメリカ合衆国,1781〜1789年施行,1781,WH-001023-R02,reverse,時期,time,「連合規約」が成立・発表されたのはいつ？,**1781〜1789年施行**,1781〜1789年施行,,,,世界史の窓（章節別用語リスト）,https://www.y-history.net/appendix/appendix-list.html
世界史段階別デッキ｜Deck 3｜主要王朝・人物・制度の穴埋め400語,WH-001023,1023,Deck 3｜標準,文書・作品,連合規約,れんごうきやく,アメリカ連合規約,近代,アメリカ,アメリカ合衆国,1781〜1789年施行,1781,WH-001023-I01,integrated,統合説明,integrated,「連合規約」について説明せよ。,**1781〜1789年施行**、アメリカ合衆国を主な舞台に、**連合規約**は、13州を主権的な州の連合として結び、単院の連合会議を置いた最初の基本法である。中央政府に課税・通商規制・強制執行の力が乏しく、1787年制定の**アメリカ合衆国憲法**に置き換えられた。,連合規約|1781〜1789年施行|アメリカ合衆国憲法,,,,世界史の窓（章節別用語リスト）,https://www.y-history.net/appendix/appendix-list.html
世界史段階別デッキ｜Deck 3｜主要王朝・人物・制度の穴埋め400語,WH-001108,1108,Deck 3｜標準,国家・王朝,シャム王国,しゃむおうこく,タイ王国|ラタナコーシン朝,近代,東南アジア,タイ・バンコク,1782年以後,1782,WH-001108-B01,beginner,用語の特定,identify,チャクリ朝のもとで近代化と外交を進め、英仏植民地の間で独立を保った国は？,シャム王国,シャム王国,タイ王国|ラタナコーシン朝,,,世界史の窓（章節別用語リスト）,https://www.y-history.net/appendix/appendix-list.html
世界史段階別デッキ｜Deck 3｜主要王朝・人物・制度の穴埋め400語,WH-001108,1108,Deck 3｜標準,国家・王朝,シャム王国,しゃむおうこく,タイ王国|ラタナコーシン朝,近代,東南アジア,タイ・バンコク,1782年以後,1782,WH-001108-B02,beginner,時期,time,「シャム王国」が存在したのはいつ？,1782年以後,1782年以後,,,,世界史の窓（章節別用語リスト）,https://www.y-history.net/appendix/appendix-list.html
世界史段階別デッキ｜Deck 3｜主要王朝・人物・制度の穴埋め400語,WH-001108,1108,Deck 3｜標準,国家・王朝,シャム王国,しゃむおうこく,タイ王国|ラタナコーシン朝,近代,東南アジア,タイ・バンコク,1782年以後,1782,WH-001108-B03,beginner,内容,content,「シャム王国」について、現在の国名は？,タイ,タイ,,,,世界史の窓（章節別用語リスト）,https://www.y-history.net/appendix/appendix-list.html
世界史段階別デッキ｜Deck 3｜主要王朝・人物・制度の穴埋め400語,WH-001108,1108,Deck 3｜標準,国家・王朝,シャム王国,しゃむおうこく,タイ王国|ラタナコーシン朝,近代,東南アジア,タイ・バンコク,1782年以後,1782,WH-001108-R01,reverse,複合説明,reverse,何をした？,タイ・バンコクを主な舞台に、**シャム王国**は、1782年に**チャクリ朝**がバンコクを都として成立した。モンクット王・チュラロンコーン王が行政・軍制・教育を改革し、領土の一部を英仏へ譲りながら緩衝国として独立を維持した。,シャム王国|チャクリ朝,,,,世界史の窓（章節別用語リスト）,https://www.y-history.net/appendix/appendix-list.html
世界史段階別デッキ｜Deck 3｜主要王朝・人物・制度の穴埋め400語,WH-001108,1108,Deck 3｜標準,国家・王朝,シャム王国,しゃむおうこく,タイ王国|ラタナコーシン朝,近代,東南アジア,タイ・バンコク,1782年以後,1782,WH-001108-R02,reverse,時期,time,「シャム王国」が存在したのはいつ？,**1782年以後**,1782年以後,,,,世界史の窓（章節別用語リスト）,https://www.y-history.net/appendix/appendix-list.html
世界史段階別デッキ｜Deck 3｜主要王朝・人物・制度の穴埋め400語,WH-001108,1108,Deck 3｜標準,国家・王朝,シャム王国,しゃむおうこく,タイ王国|ラタナコーシン朝,近代,東南アジア,タイ・バンコク,1782年以後,1782,WH-001108-I01,integrated,統合説明,integrated,「シャム王国」について説明せよ。,**1782年以後**、タイ・バンコクを主な舞台に、**シャム王国**は、1782年に**チャクリ朝**がバンコクを都として成立した。モンクット王・チュラロンコーン王が行政・軍制・教育を改革し、領土の一部を英仏へ譲りながら緩衝国として独立を維持した。,シャム王国|1782年以後|チャクリ朝,,,,世界史の窓（章節別用語リスト）,https://www.y-history.net/appendix/appendix-list.html
世界史段階別デッキ｜Deck 3｜主要王朝・人物・制度の穴埋め400語,WH-001015,1015,Deck 3｜標準,文化・技術・学問,力織機,りきしょっき,,近代,ヨーロッパ,イギリスの綿工業,1780年代以後,1785,WH-001015-B01,beginner,用語の特定,identify,カートライトが発明し、蒸気力などで織布工程を機械化した織機は？,力織機,力織機,,,,世界史の窓（章節別用語リスト）,https://www.y-history.net/appendix/appendix-list.html
世界史段階別デッキ｜Deck 3｜主要王朝・人物・制度の穴埋め400語,WH-001015,1015,Deck 3｜標準,文化・技術・学問,力織機,りきしょっき,,近代,ヨーロッパ,イギリスの綿工業,1780年代以後,1785,WH-001015-B02,beginner,時期,time,「力織機」が使用・展開されたのはいつ？,1780年代以後,1780年代以後,,,,世界史の窓（章節別用語リスト）,https://www.y-history.net/appendix/appendix-list.html
世界史段階別デッキ｜Deck 3｜主要王朝・人物・制度の穴埋め400語,WH-001015,1015,Deck 3｜標準,文化・技術・学問,力織機,りきしょっき,,近代,ヨーロッパ,イギリスの綿工業,1780年代以後,1785,WH-001015-B03,beginner,内容,content,「力織機」について、発明者は？,カートライト,カートライト,,,,世界史の窓（章節別用語リスト）,https://www.y-history.net/appendix/appendix-list.html
世界史段階別デッキ｜Deck 3｜主要王朝・人物・制度の穴埋め400語,WH-001015,1015,Deck 3｜標準,文化・技術・学問,力織機,りきしょっき,,近代,ヨーロッパ,イギリスの綿工業,1780年代以後,1785,WH-001015-R01,reverse,複合説明,reverse,どんな文化・技術・学問？,イギリスの綿工業を主な舞台に、**力織機**は、**カートライト**が1780年代に発明した動力織機で、紡績に続いて織布工程を機械化した。改良と蒸気機関の導入によって工場での布生産を急増させ、手織工を圧迫した。,力織機|カートライト,,,,世界史の窓（章節別用語リスト）,https://www.y-history.net/appendix/appendix-list.html
世界史段階別デッキ｜Deck 3｜主要王朝・人物・制度の穴埋め400語,WH-001015,1015,Deck 3｜標準,文化・技術・学問,力織機,りきしょっき,,近代,ヨーロッパ,イギリスの綿工業,1780年代以後,1785,WH-001015-R02,reverse,時期,time,「力織機」が使用・展開されたのはいつ？,**1780年代以後**,1780年代以後,,,,世界史の窓（章節別用語リスト）,https://www.y-history.net/appendix/appendix-list.html
世界史段階別デッキ｜Deck 3｜主要王朝・人物・制度の穴埋め400語,WH-001015,1015,Deck 3｜標準,文化・技術・学問,力織機,りきしょっき,,近代,ヨーロッパ,イギリスの綿工業,1780年代以後,1785,WH-001015-I01,integrated,統合説明,integrated,「力織機」について説明せよ。,**1780年代以後**、イギリスの綿工業を主な舞台に、**力織機**は、**カートライト**が1780年代に発明した動力織機で、紡績に続いて織布工程を機械化した。改良と蒸気機関の導入によって工場での布生産を急増させ、手織工を圧迫した。,力織機|1780年代以後|カートライト,,,,世界史の窓（章節別用語リスト）,https://www.y-history.net/appendix/appendix-list.html
世界史段階別デッキ｜Deck 3｜主要王朝・人物・制度の穴埋め400語,WH-001027,1027,Deck 3｜標準,事件・革命,大恐怖,だいきょうふ,,近代,ヨーロッパ,フランス農村各地,1789年夏,1789,WH-001027-B01,beginner,用語の特定,identify,フランス革命初期、貴族の反革命攻撃という噂から農民が領主館を襲い、証文を焼いた騒乱は？,大恐怖,大恐怖,,,,世界史の窓（章節別用語リスト）,https://www.y-history.net/appendix/appendix-list.html
世界史段階別デッキ｜Deck 3｜主要王朝・人物・制度の穴埋め400語,WH-001027,1027,Deck 3｜標準,事件・革命,大恐怖,だいきょうふ,,近代,ヨーロッパ,フランス農村各地,1789年夏,1789,WH-001027-B02,beginner,時期,time,「大恐怖」が起きたのはいつ？,1789年夏,1789年夏,,,,世界史の窓（章節別用語リスト）,https://www.y-history.net/appendix/appendix-list.html
世界史段階別デッキ｜Deck 3｜主要王朝・人物・制度の穴埋め400語,WH-001027,1027,Deck 3｜標準,事件・革命,大恐怖,だいきょうふ,,近代,ヨーロッパ,フランス農村各地,1789年夏,1789,WH-001027-B03,beginner,内容,content,「大恐怖」について、直接促した議会決定は？,封建的特権の廃止,封建的特権の廃止,,,,世界史の窓（章節別用語リスト）,https://www.y-history.net/appendix/appendix-list.html
世界史段階別デッキ｜Deck 3｜主要王朝・人物・制度の穴埋め400語,WH-001027,1027,Deck 3｜標準,事件・革命,大恐怖,だいきょうふ,,近代,ヨーロッパ,フランス農村各地,1789年夏,1789,WH-001027-R01,reverse,複合説明,reverse,何が起きた？,フランス農村各地を主な舞台に、**大恐怖**は、1789年夏、貴族が農民を襲うという噂と食糧不安から、農民が領主館を襲い、地代・賦役の証文を焼いた農村騒乱である。国民議会に**封建的特権の廃止**を決断させた。,大恐怖|封建的特権の廃止,,,,世界史の窓（章節別用語リスト）,https://www.y-history.net/appendix/appendix-list.html
世界史段階別デッキ｜Deck 3｜主要王朝・人物・制度の穴埋め400語,WH-001027,1027,Deck 3｜標準,事件・革命,大恐怖,だいきょうふ,,近代,ヨーロッパ,フランス農村各地,1789年夏,1789,WH-001027-R02,reverse,時期,time,「大恐怖」が起きたのはいつ？,**1789年夏**,1789年夏,,,,世界史の窓（章節別用語リスト）,https://www.y-history.net/appendix/appendix-list.html
世界史段階別デッキ｜Deck 3｜主要王朝・人物・制度の穴埋め400語,WH-001027,1027,Deck 3｜標準,事件・革命,大恐怖,だいきょうふ,,近代,ヨーロッパ,フランス農村各地,1789年夏,1789,WH-001027-I01,integrated,統合説明,integrated,「大恐怖」について説明せよ。,**1789年夏**、フランス農村各地を主な舞台に、**大恐怖**は、1789年夏、貴族が農民を襲うという噂と食糧不安から、農民が領主館を襲い、地代・賦役の証文を焼いた農村騒乱である。国民議会に**封建的特権の廃止**を決断させた。,大恐怖|1789年夏|封建的特権の廃止,,,,世界史の窓（章節別用語リスト）,https://www.y-history.net/appendix/appendix-list.html
世界史段階別デッキ｜Deck 3｜主要王朝・人物・制度の穴埋め400語,WH-001028,1028,Deck 3｜標準,制度・政策・法律,封建的特権の廃止,ほうけんてきとっけんのはいし,8月4日夜の決議,近代,ヨーロッパ,革命期フランス,1789年8月,1789,WH-001028-B01,beginner,用語の特定,identify,国民議会が領主権・身分的免税・十分の一税などを廃止すると宣言した決定は？,封建的特権の廃止,封建的特権の廃止,8月4日夜の決議,,,世界史の窓（章節別用語リスト）,https://www.y-history.net/appendix/appendix-list.html
世界史段階別デッキ｜Deck 3｜主要王朝・人物・制度の穴埋め400語,WH-001028,1028,Deck 3｜標準,制度・政策・法律,封建的特権の廃止,ほうけんてきとっけんのはいし,8月4日夜の決議,近代,ヨーロッパ,革命期フランス,1789年8月,1789,WH-001028-B02,beginner,時期,time,「封建的特権の廃止」が実施・整備されたのはいつ？,1789年8月,1789年8月,,,,世界史の窓（章節別用語リスト）,https://www.y-history.net/appendix/appendix-list.html
世界史段階別デッキ｜Deck 3｜主要王朝・人物・制度の穴埋め400語,WH-001028,1028,Deck 3｜標準,制度・政策・法律,封建的特権の廃止,ほうけんてきとっけんのはいし,8月4日夜の決議,近代,ヨーロッパ,革命期フランス,1789年8月,1789,WH-001028-B03,beginner,原因,cause,「封建的特権の廃止」について、背景となった農村騒乱は？,大恐怖,大恐怖,,,,世界史の窓（章節別用語リスト）,https://www.y-history.net/appendix/appendix-list.html
世界史段階別デッキ｜Deck 3｜主要王朝・人物・制度の穴埋め400語,WH-001028,1028,Deck 3｜標準,制度・政策・法律,封建的特権の廃止,ほうけんてきとっけんのはいし,8月4日夜の決議,近代,ヨーロッパ,革命期フランス,1789年8月,1789,WH-001028-R01,reverse,複合説明,reverse,どんな制度・政策・法律？,革命期フランスを主な舞台に、**封建的特権の廃止**は、**大恐怖**の拡大を受け、1789年8月4日夜に国民議会が領主裁判権・身分的免税・教会十分の一税などの廃止を決議した。旧制度の身分秩序を法的に解体する重要な一歩となった。,封建的特権の廃止|大恐怖,,,,世界史の窓（章節別用語リスト）,https://www.y-history.net/appendix/appendix-list.html
世界史段階別デッキ｜Deck 3｜主要王朝・人物・制度の穴埋め400語,WH-001028,1028,Deck 3｜標準,制度・政策・法律,封建的特権の廃止,ほうけんてきとっけんのはいし,8月4日夜の決議,近代,ヨーロッパ,革命期フランス,1789年8月,1789,WH-001028-R02,reverse,時期,time,「封建的特権の廃止」が実施・整備されたのはいつ？,**1789年8月**,1789年8月,,,,世界史の窓（章節別用語リスト）,https://www.y-history.net/appendix/appendix-list.html
世界史段階別デッキ｜Deck 3｜主要王朝・人物・制度の穴埋め400語,WH-001028,1028,Deck 3｜標準,制度・政策・法律,封建的特権の廃止,ほうけんてきとっけんのはいし,8月4日夜の決議,近代,ヨーロッパ,革命期フランス,1789年8月,1789,WH-001028-I01,integrated,統合説明,integrated,「封建的特権の廃止」について説明せよ。,**1789年8月**、革命期フランスを主な舞台に、**封建的特権の廃止**は、**大恐怖**の拡大を受け、1789年8月4日夜に国民議会が領主裁判権・身分的免税・教会十分の一税などの廃止を決議した。旧制度の身分秩序を法的に解体する重要な一歩となった。,封建的特権の廃止|1789年8月|大恐怖,,,,世界史の窓（章節別用語リスト）,https://www.y-history.net/appendix/appendix-list.html
世界史段階別デッキ｜Deck 3｜主要王朝・人物・制度の穴埋め400語,WH-001029,1029,Deck 3｜標準,制度・政策・法律,聖職者民事基本法,せいしょくしゃみんじきほんほう,,近代,ヨーロッパ,革命期フランス,1790年,1790,WH-001029-B01,beginner,用語の特定,identify,聖職者を公選・国家俸給制とし、国家への宣誓を求めて教会を分裂させた法律は？,聖職者民事基本法,聖職者民事基本法,,,,世界史の窓（章節別用語リスト）,https://www.y-history.net/appendix/appendix-list.html
世界史段階別デッキ｜Deck 3｜主要王朝・人物・制度の穴埋め400語,WH-001029,1029,Deck 3｜標準,制度・政策・法律,聖職者民事基本法,せいしょくしゃみんじきほんほう,,近代,ヨーロッパ,革命期フランス,1790年,1790,WH-001029-B02,beginner,時期,time,「聖職者民事基本法」が実施・整備されたのはいつ？,1790年,1790年,,,,世界史の窓（章節別用語リスト）,https://www.y-history.net/appendix/appendix-list.html
世界史段階別デッキ｜Deck 3｜主要王朝・人物・制度の穴埋め400語,WH-001029,1029,Deck 3｜標準,制度・政策・法律,聖職者民事基本法,せいしょくしゃみんじきほんほう,,近代,ヨーロッパ,革命期フランス,1790年,1790,WH-001029-B03,beginner,関連,relation,「聖職者民事基本法」について、宣誓を求められた人々は？,聖職者,聖職者,,,,世界史の窓（章節別用語リスト）,https://www.y-history.net/appendix/appendix-list.html
世界史段階別デッキ｜Deck 3｜主要王朝・人物・制度の穴埋め400語,WH-001029,1029,Deck 3｜標準,制度・政策・法律,聖職者民事基本法,せいしょくしゃみんじきほんほう,,近代,ヨーロッパ,革命期フランス,1790年,1790,WH-001029-R01,reverse,複合説明,reverse,どんな制度・政策・法律？,革命期フランスを主な舞台に、**聖職者民事基本法**は、教区を行政区画に合わせ、司教・司祭を選挙で選び国家が給与を支払う制度に改めた。聖職者へ憲法忠誠宣誓を求めたため、宣誓派と拒否派に分裂し、革命とカトリック教会の対立を深めた。,聖職者民事基本法,,,,世界史の窓（章節別用語リスト）,https://www.y-history.net/appendix/appendix-list.html
世界史段階別デッキ｜Deck 3｜主要王朝・人物・制度の穴埋め400語,WH-001029,1029,Deck 3｜標準,制度・政策・法律,聖職者民事基本法,せいしょくしゃみんじきほんほう,,近代,ヨーロッパ,革命期フランス,1790年,1790,WH-001029-R02,reverse,時期,time,「聖職者民事基本法」が実施・整備されたのはいつ？,**1790年**,1790年,,,,世界史の窓（章節別用語リスト）,https://www.y-history.net/appendix/appendix-list.html
世界史段階別デッキ｜Deck 3｜主要王朝・人物・制度の穴埋め400語,WH-001029,1029,Deck 3｜標準,制度・政策・法律,聖職者民事基本法,せいしょくしゃみんじきほんほう,,近代,ヨーロッパ,革命期フランス,1790年,1790,WH-001029-I01,integrated,統合説明,integrated,「聖職者民事基本法」について説明せよ。,**1790年**、革命期フランスを主な舞台に、**聖職者民事基本法**は、教区を行政区画に合わせ、司教・司祭を選挙で選び国家が給与を支払う制度に改めた。聖職者へ憲法忠誠宣誓を求めたため、宣誓派と拒否派に分裂し、革命とカトリック教会の対立を深めた。,聖職者民事基本法|1790年,,,,世界史の窓（章節別用語リスト）,https://www.y-history.net/appendix/appendix-list.html
世界史段階別デッキ｜Deck 3｜主要王朝・人物・制度の穴埋め400語,WH-001024,1024,Deck 3｜標準,文書・作品,権利章典（アメリカ）,けんりしょうてんあめりか,アメリカ権利章典|合衆国憲法修正第1〜10条,近代,アメリカ,アメリカ合衆国,1791年,1791,WH-001024-B01,beginner,用語の特定,identify,信教・言論・出版の自由や適正手続などを保障した合衆国憲法最初の10修正条項は？,権利章典（アメリカ）,権利章典（アメリカ）,アメリカ権利章典|合衆国憲法修正第1〜10条,,,世界史の窓（章節別用語リスト）,https://www.y-history.net/appendix/appendix-list.html
世界史段階別デッキ｜Deck 3｜主要王朝・人物・制度の穴埋め400語,WH-001024,1024,Deck 3｜標準,文書・作品,権利章典（アメリカ）,けんりしょうてんあめりか,アメリカ権利章典|合衆国憲法修正第1〜10条,近代,アメリカ,アメリカ合衆国,1791年,1791,WH-001024-B02,beginner,時期,time,「権利章典（アメリカ）」が成立・発表されたのはいつ？,1791年,1791年,,,,世界史の窓（章節別用語リスト）,https://www.y-history.net/appendix/appendix-list.html
世界史段階別デッキ｜Deck 3｜主要王朝・人物・制度の穴埋め400語,WH-001024,1024,Deck 3｜標準,文書・作品,権利章典（アメリカ）,けんりしょうてんあめりか,アメリカ権利章典|合衆国憲法修正第1〜10条,近代,アメリカ,アメリカ合衆国,1791年,1791,WH-001024-B03,beginner,内容,content,「権利章典（アメリカ）」について、構成する条項は？,憲法修正第1〜10条,憲法修正第1〜10条,,,,世界史の窓（章節別用語リスト）,https://www.y-history.net/appendix/appendix-list.html
世界史段階別デッキ｜Deck 3｜主要王朝・人物・制度の穴埋め400語,WH-001024,1024,Deck 3｜標準,文書・作品,権利章典（アメリカ）,けんりしょうてんあめりか,アメリカ権利章典|合衆国憲法修正第1〜10条,近代,アメリカ,アメリカ合衆国,1791年,1791,WH-001024-R01,reverse,複合説明,reverse,何が書かれている？,アメリカ合衆国を主な舞台に、**権利章典（アメリカ）**は、連邦権力による自由侵害への懸念に応え、1791年に発効した合衆国憲法の**修正第1〜10条**である。信教・言論・出版・集会の自由、刑事手続上の権利などを保障した。,権利章典（アメリカ）|修正第1〜10条,,,,世界史の窓（章節別用語リスト）,https://www.y-history.net/appendix/appendix-list.html
世界史段階別デッキ｜Deck 3｜主要王朝・人物・制度の穴埋め400語,WH-001024,1024,Deck 3｜標準,文書・作品,権利章典（アメリカ）,けんりしょうてんあめりか,アメリカ権利章典|合衆国憲法修正第1〜10条,近代,アメリカ,アメリカ合衆国,1791年,1791,WH-001024-R02,reverse,時期,time,「権利章典（アメリカ）」が成立・発表されたのはいつ？,**1791年**,1791年,,,,世界史の窓（章節別用語リスト）,https://www.y-history.net/appendix/appendix-list.html
世界史段階別デッキ｜Deck 3｜主要王朝・人物・制度の穴埋め400語,WH-001024,1024,Deck 3｜標準,文書・作品,権利章典（アメリカ）,けんりしょうてんあめりか,アメリカ権利章典|合衆国憲法修正第1〜10条,近代,アメリカ,アメリカ合衆国,1791年,1791,WH-001024-I01,integrated,統合説明,integrated,「権利章典（アメリカ）」について説明せよ。,**1791年**、アメリカ合衆国を主な舞台に、**権利章典（アメリカ）**は、連邦権力による自由侵害への懸念に応え、1791年に発効した合衆国憲法の**修正第1〜10条**である。信教・言論・出版・集会の自由、刑事手続上の権利などを保障した。,権利章典（アメリカ）|1791年|修正第1〜10条,,,,世界史の窓（章節別用語リスト）,https://www.y-history.net/appendix/appendix-list.html
世界史段階別デッキ｜Deck 3｜主要王朝・人物・制度の穴埋め400語,WH-001030,1030,Deck 3｜標準,制度・政策・法律,立法議会,りっぽうぎかい,,近代,ヨーロッパ,革命期フランス・パリ,1791〜1792年,1791,WH-001030-B01,beginner,用語の特定,identify,1791年憲法のもとで成立し、対外戦争と王政廃止へ向かう時期を担った議会は？,立法議会,立法議会,,,,世界史の窓（章節別用語リスト）,https://www.y-history.net/appendix/appendix-list.html
世界史段階別デッキ｜Deck 3｜主要王朝・人物・制度の穴埋め400語,WH-001030,1030,Deck 3｜標準,制度・政策・法律,立法議会,りっぽうぎかい,,近代,ヨーロッパ,革命期フランス・パリ,1791〜1792年,1791,WH-001030-B02,beginner,時期,time,「立法議会」が実施・整備されたのはいつ？,1791〜1792年,1791〜1792年,,,1791年：「憲法・立法 一番 泣く人 アントワネット」（1791）ヴァレンヌ逃亡事件。国民議会による憲法発布。立法議会の招集。,世界史の窓（章節別用語リスト）,https://www.y-history.net/appendix/appendix-list.html
世界史段階別デッキ｜Deck 3｜主要王朝・人物・制度の穴埋め400語,WH-001030,1030,Deck 3｜標準,制度・政策・法律,立法議会,りっぽうぎかい,,近代,ヨーロッパ,革命期フランス・パリ,1791〜1792年,1791,WH-001030-B03,beginner,結果,result,「立法議会」について、次に成立した議会は？,国民公会,国民公会,,,,世界史の窓（章節別用語リスト）,https://www.y-history.net/appendix/appendix-list.html
世界史段階別デッキ｜Deck 3｜主要王朝・人物・制度の穴埋め400語,WH-001030,1030,Deck 3｜標準,制度・政策・法律,立法議会,りっぽうぎかい,,近代,ヨーロッパ,革命期フランス・パリ,1791〜1792年,1791,WH-001030-R01,reverse,複合説明,reverse,どんな制度・政策・法律？,革命期フランス・パリを主な舞台に、**立法議会**は、1791年憲法による立憲君主政の議会で、フイヤン派・ジロンド派などが対立した。オーストリアへの宣戦と戦局悪化の中で王権への不信が高まり、1792年8月の王政停止後に**国民公会**へ交代した。,立法議会|国民公会,,,1791年：「憲法・立法 一番 泣く人 アントワネット」（1791）ヴァレンヌ逃亡事件。国民議会による憲法発布。立法議会の招集。,世界史の窓（章節別用語リスト）,https://www.y-history.net/appendix/appendix-list.html
世界史段階別デッキ｜Deck 3｜主要王朝・人物・制度の穴埋め400語,WH-001030,1030,Deck 3｜標準,制度・政策・法律,立法議会,りっぽうぎかい,,近代,ヨーロッパ,革命期フランス・パリ,1791〜1792年,1791,WH-001030-R02,reverse,時期,time,「立法議会」が実施・整備されたのはいつ？,**1791〜1792年**,1791〜1792年,,,1791年：「憲法・立法 一番 泣く人 アントワネット」（1791）ヴァレンヌ逃亡事件。国民議会による憲法発布。立法議会の招集。,世界史の窓（章節別用語リスト）,https://www.y-history.net/appendix/appendix-list.html
世界史段階別デッキ｜Deck 3｜主要王朝・人物・制度の穴埋め400語,WH-001030,1030,Deck 3｜標準,制度・政策・法律,立法議会,りっぽうぎかい,,近代,ヨーロッパ,革命期フランス・パリ,1791〜1792年,1791,WH-001030-I01,integrated,統合説明,integrated,「立法議会」について説明せよ。,**1791〜1792年**、革命期フランス・パリを主な舞台に、**立法議会**は、1791年憲法による立憲君主政の議会で、フイヤン派・ジロンド派などが対立した。オーストリアへの宣戦と戦局悪化の中で王権への不信が高まり、1792年8月の王政停止後に**国民公会**へ交代した。,立法議会|1791〜1792年|国民公会,,,1791年：「憲法・立法 一番 泣く人 アントワネット」（1791）ヴァレンヌ逃亡事件。国民議会による憲法発布。立法議会の招集。,世界史の窓（章節別用語リスト）,https://www.y-history.net/appendix/appendix-list.html
世界史段階別デッキ｜Deck 3｜主要王朝・人物・制度の穴埋め400語,WH-000893,893,Deck 3｜標準,人物,マカートニー,まかーとにー,マカートニー卿,近代,複数地域,イギリスから清朝中国・北京・熱河,18世紀末,1793,WH-000893-B01,beginner,用語の特定,identify,通商拡大を求めて乾隆帝(けんりゅうてい)に派遣されたが、要求を拒否されたイギリス使節は？,マカートニー,マカートニー,マカートニー卿,,,世界史の窓（章節別用語リスト）,https://www.y-history.net/appendix/appendix-list.html
世界史段階別デッキ｜Deck 3｜主要王朝・人物・制度の穴埋め400語,WH-000893,893,Deck 3｜標準,人物,マカートニー,まかーとにー,マカートニー卿,近代,複数地域,イギリスから清朝中国・北京・熱河,18世紀末,1793,WH-000893-B02,beginner,時期,time,「マカートニー」が主に活動したのはいつ？,18世紀末,18世紀末,,,,世界史の窓（章節別用語リスト）,https://www.y-history.net/appendix/appendix-list.html
世界史段階別デッキ｜Deck 3｜主要王朝・人物・制度の穴埋め400語,WH-000893,893,Deck 3｜標準,人物,マカートニー,まかーとにー,マカートニー卿,近代,複数地域,イギリスから清朝中国・北京・熱河,18世紀末,1793,WH-000893-B03,beginner,内容,content,「マカートニー」について、派遣した国は？,イギリス,イギリス,,,,世界史の窓（章節別用語リスト）,https://www.y-history.net/appendix/appendix-list.html
世界史段階別デッキ｜Deck 3｜主要王朝・人物・制度の穴埋め400語,WH-000893,893,Deck 3｜標準,人物,マカートニー,まかーとにー,マカートニー卿,近代,複数地域,イギリスから清朝中国・北京・熱河,18世紀末,1793,WH-000893-R01,reverse,複合説明,reverse,何をした？,イギリスから清朝中国・北京(ぺきん)・熱河を主な舞台に、**マカートニー**は、イギリス政府の使節として清へ派遣され、港の追加開放・常駐公使・公正な貿易条件などを要求した。**乾隆帝(けんりゅうてい)**は朝貢(ちょうこう)使節として扱い、1793年に要求をほぼ拒否した。,マカートニー|乾隆帝,,,,世界史の窓（章節別用語リスト）,https://www.y-history.net/appendix/appendix-list.html
世界史段階別デッキ｜Deck 3｜主要王朝・人物・制度の穴埋め400語,WH-000893,893,Deck 3｜標準,人物,マカートニー,まかーとにー,マカートニー卿,近代,複数地域,イギリスから清朝中国・北京・熱河,18世紀末,1793,WH-000893-R02,reverse,時期,time,「マカートニー」が主に活動したのはいつ？,**18世紀末**,18世紀末,,,,世界史の窓（章節別用語リスト）,https://www.y-history.net/appendix/appendix-list.html
世界史段階別デッキ｜Deck 3｜主要王朝・人物・制度の穴埋め400語,WH-000893,893,Deck 3｜標準,人物,マカートニー,まかーとにー,マカートニー卿,近代,複数地域,イギリスから清朝中国・北京・熱河,18世紀末,1793,WH-000893-I01,integrated,統合説明,integrated,「マカートニー」について説明せよ。,**18世紀末**、イギリスから清朝中国・北京(ぺきん)・熱河を主な舞台に、**マカートニー**は、イギリス政府の使節として清へ派遣され、港の追加開放・常駐公使・公正な貿易条件などを要求した。**乾隆帝(けんりゅうてい)**は朝貢(ちょうこう)使節として扱い、1793年に要求をほぼ拒否した。,マカートニー|18世紀末|乾隆帝,,,,世界史の窓（章節別用語リスト）,https://www.y-history.net/appendix/appendix-list.html
世界史段階別デッキ｜Deck 3｜主要王朝・人物・制度の穴埋め400語,WH-001031,1031,Deck 3｜標準,組織・政党,公安委員会,こうあんいいんかい,,近代,ヨーロッパ,革命期フランス・パリ,1793〜1795年,1793,WH-001031-B01,beginner,用語の特定,identify,国民公会が戦争・反革命へ対応するため設け、ロベスピエール期に恐怖政治を主導した機関は？,公安委員会,公安委員会,,,,世界史の窓（章節別用語リスト）,https://www.y-history.net/appendix/appendix-list.html
世界史段階別デッキ｜Deck 3｜主要王朝・人物・制度の穴埋め400語,WH-001031,1031,Deck 3｜標準,組織・政党,公安委員会,こうあんいいんかい,,近代,ヨーロッパ,革命期フランス・パリ,1793〜1795年,1793,WH-001031-B02,beginner,時期,time,「公安委員会」が使用・展開されたのはいつ？,1793〜1795年,1793〜1795年,,,,世界史の窓（章節別用語リスト）,https://www.y-history.net/appendix/appendix-list.html
世界史段階別デッキ｜Deck 3｜主要王朝・人物・制度の穴埋め400語,WH-001031,1031,Deck 3｜標準,組織・政党,公安委員会,こうあんいいんかい,,近代,ヨーロッパ,革命期フランス・パリ,1793〜1795年,1793,WH-001031-B03,beginner,中心人物,person,「公安委員会」について、中心人物は？,ロベスピエール,ロベスピエール,,,,世界史の窓（章節別用語リスト）,https://www.y-history.net/appendix/appendix-list.html
世界史段階別デッキ｜Deck 3｜主要王朝・人物・制度の穴埋め400語,WH-001031,1031,Deck 3｜標準,組織・政党,公安委員会,こうあんいいんかい,,近代,ヨーロッパ,革命期フランス・パリ,1793〜1795年,1793,WH-001031-R01,reverse,複合説明,reverse,何をした？,革命期フランス・パリを主な舞台に、**公安委員会**は、内外の危機へ対処するため国民公会が設置した強力な執行機関である。**ロベスピエール**らが国民総動員・統制経済・反革命弾圧を進め、**恐怖政治**の中枢となった。,公安委員会|ロベスピエール|恐怖政治,,,,世界史の窓（章節別用語リスト）,https://www.y-history.net/appendix/appendix-list.html
世界史段階別デッキ｜Deck 3｜主要王朝・人物・制度の穴埋め400語,WH-001031,1031,Deck 3｜標準,組織・政党,公安委員会,こうあんいいんかい,,近代,ヨーロッパ,革命期フランス・パリ,1793〜1795年,1793,WH-001031-R02,reverse,時期,time,「公安委員会」が使用・展開されたのはいつ？,**1793〜1795年**,1793〜1795年,,,,世界史の窓（章節別用語リスト）,https://www.y-history.net/appendix/appendix-list.html
世界史段階別デッキ｜Deck 3｜主要王朝・人物・制度の穴埋め400語,WH-001031,1031,Deck 3｜標準,組織・政党,公安委員会,こうあんいいんかい,,近代,ヨーロッパ,革命期フランス・パリ,1793〜1795年,1793,WH-001031-I01,integrated,統合説明,integrated,「公安委員会」について説明せよ。,**1793〜1795年**、革命期フランス・パリを主な舞台に、**公安委員会**は、内外の危機へ対処するため国民公会が設置した強力な執行機関である。**ロベスピエール**らが国民総動員・統制経済・反革命弾圧を進め、**恐怖政治**の中枢となった。,公安委員会|1793〜1795年|ロベスピエール|恐怖政治,,,,世界史の窓（章節別用語リスト）,https://www.y-history.net/appendix/appendix-list.html
世界史段階別デッキ｜Deck 3｜主要王朝・人物・制度の穴埋め400語,WH-001032,1032,Deck 3｜標準,制度・政策・法律,国民総動員,こくみんそうどういん,レヴェ＝アン＝マス|国民総動員令,近代,ヨーロッパ,革命期フランス,1793年,1793,WH-001032-B01,beginner,用語の特定,identify,革命政府が成年男子を兵士、他の国民を軍需生産へ動員して大軍を組織した政策は？,国民総動員,国民総動員,レヴェ＝アン＝マス|国民総動員令,,,世界史の窓（章節別用語リスト）,https://www.y-history.net/appendix/appendix-list.html
世界史段階別デッキ｜Deck 3｜主要王朝・人物・制度の穴埋め400語,WH-001032,1032,Deck 3｜標準,制度・政策・法律,国民総動員,こくみんそうどういん,レヴェ＝アン＝マス|国民総動員令,近代,ヨーロッパ,革命期フランス,1793年,1793,WH-001032-B02,beginner,時期,time,「国民総動員」が実施・整備されたのはいつ？,1793年,1793年,,,,世界史の窓（章節別用語リスト）,https://www.y-history.net/appendix/appendix-list.html
世界史段階別デッキ｜Deck 3｜主要王朝・人物・制度の穴埋め400語,WH-001032,1032,Deck 3｜標準,制度・政策・法律,国民総動員,こくみんそうどういん,レヴェ＝アン＝マス|国民総動員令,近代,ヨーロッパ,革命期フランス,1793年,1793,WH-001032-B03,beginner,内容,content,「国民総動員」について、実施した目的は？,対外戦争と反革命への対応,対外戦争と反革命への対応,,,,世界史の窓（章節別用語リスト）,https://www.y-history.net/appendix/appendix-list.html
世界史段階別デッキ｜Deck 3｜主要王朝・人物・制度の穴埋め400語,WH-001032,1032,Deck 3｜標準,制度・政策・法律,国民総動員,こくみんそうどういん,レヴェ＝アン＝マス|国民総動員令,近代,ヨーロッパ,革命期フランス,1793年,1793,WH-001032-R01,reverse,複合説明,reverse,どんな制度・政策・法律？,革命期フランスを主な舞台に、**国民総動員**は、1793年、外国軍と国内反乱の危機に対し、青年を戦場へ、他の男女・高齢者を武器・衣服・食糧供給へ動員した。徴兵と国家総力を結び付ける**国民軍**を生み、フランス軍の反攻を可能にした。,国民総動員|国民軍,,,,世界史の窓（章節別用語リスト）,https://www.y-history.net/appendix/appendix-list.html
世界史段階別デッキ｜Deck 3｜主要王朝・人物・制度の穴埋め400語,WH-001032,1032,Deck 3｜標準,制度・政策・法律,国民総動員,こくみんそうどういん,レヴェ＝アン＝マス|国民総動員令,近代,ヨーロッパ,革命期フランス,1793年,1793,WH-001032-R02,reverse,時期,time,「国民総動員」が実施・整備されたのはいつ？,**1793年**,1793年,,,,世界史の窓（章節別用語リスト）,https://www.y-history.net/appendix/appendix-list.html
世界史段階別デッキ｜Deck 3｜主要王朝・人物・制度の穴埋め400語,WH-001032,1032,Deck 3｜標準,制度・政策・法律,国民総動員,こくみんそうどういん,レヴェ＝アン＝マス|国民総動員令,近代,ヨーロッパ,革命期フランス,1793年,1793,WH-001032-I01,integrated,統合説明,integrated,「国民総動員」について説明せよ。,**1793年**、革命期フランスを主な舞台に、**国民総動員**は、1793年、外国軍と国内反乱の危機に対し、青年を戦場へ、他の男女・高齢者を武器・衣服・食糧供給へ動員した。徴兵と国家総力を結び付ける**国民軍**を生み、フランス軍の反攻を可能にした。,国民総動員|1793年|国民軍,,,,世界史の窓（章節別用語リスト）,https://www.y-history.net/appendix/appendix-list.html
世界史段階別デッキ｜Deck 3｜主要王朝・人物・制度の穴埋め400語,WH-001127,1127,Deck 3｜標準,国家・王朝,ガージャール朝,がーじゃーるちょう,カージャール朝,近代,西アジア,イラン,1796〜1925年,1796,WH-001127-B01,beginner,用語の特定,identify,ロシア・イギリスの圧力と利権供与に直面し、イラン立憲革命が起きた王朝は？,ガージャール朝,ガージャール朝,カージャール朝,,,世界史の窓（章節別用語リスト）,https://www.y-history.net/appendix/appendix-list.html
世界史段階別デッキ｜Deck 3｜主要王朝・人物・制度の穴埋め400語,WH-001127,1127,Deck 3｜標準,国家・王朝,ガージャール朝,がーじゃーるちょう,カージャール朝,近代,西アジア,イラン,1796〜1925年,1796,WH-001127-B02,beginner,時期,time,「ガージャール朝」が存在したのはいつ？,1796〜1925年,1796〜1925年,,,,世界史の窓（章節別用語リスト）,https://www.y-history.net/appendix/appendix-list.html
世界史段階別デッキ｜Deck 3｜主要王朝・人物・制度の穴埋め400語,WH-001127,1127,Deck 3｜標準,国家・王朝,ガージャール朝,がーじゃーるちょう,カージャール朝,近代,西アジア,イラン,1796〜1925年,1796,WH-001127-B03,beginner,内容,content,「ガージャール朝」について、支配した国は？,イラン,イラン,,,,世界史の窓（章節別用語リスト）,https://www.y-history.net/appendix/appendix-list.html
世界史段階別デッキ｜Deck 3｜主要王朝・人物・制度の穴埋め400語,WH-001127,1127,Deck 3｜標準,国家・王朝,ガージャール朝,がーじゃーるちょう,カージャール朝,近代,西アジア,イラン,1796〜1925年,1796,WH-001127-R01,reverse,複合説明,reverse,何をした？,イランを主な舞台に、**ガージャール朝**は、トルコ系ガージャール族がイランに建てた王朝で、ロシアとの戦争でコーカサスを失い、英露へ経済利権を与えた。タバコ＝ボイコット運動と**イラン立憲革命**が起こり、1925年にパフレヴィー朝へ代わった。,ガージャール朝|イラン立憲革命,,,,世界史の窓（章節別用語リスト）,https://www.y-history.net/appendix/appendix-list.html
世界史段階別デッキ｜Deck 3｜主要王朝・人物・制度の穴埋め400語,WH-001127,1127,Deck 3｜標準,国家・王朝,ガージャール朝,がーじゃーるちょう,カージャール朝,近代,西アジア,イラン,1796〜1925年,1796,WH-001127-R02,reverse,時期,time,「ガージャール朝」が存在したのはいつ？,**1796〜1925年**,1796〜1925年,,,,世界史の窓（章節別用語リスト）,https://www.y-history.net/appendix/appendix-list.html
世界史段階別デッキ｜Deck 3｜主要王朝・人物・制度の穴埋め400語,WH-001127,1127,Deck 3｜標準,国家・王朝,ガージャール朝,がーじゃーるちょう,カージャール朝,近代,西アジア,イラン,1796〜1925年,1796,WH-001127-I01,integrated,統合説明,integrated,「ガージャール朝」について説明せよ。,**1796〜1925年**、イランを主な舞台に、**ガージャール朝**は、トルコ系ガージャール族がイランに建てた王朝で、ロシアとの戦争でコーカサスを失い、英露へ経済利権を与えた。タバコ＝ボイコット運動と**イラン立憲革命**が起こり、1925年にパフレヴィー朝へ代わった。,ガージャール朝|1796〜1925年|イラン立憲革命,,,,世界史の窓（章節別用語リスト）,https://www.y-history.net/appendix/appendix-list.html
世界史段階別デッキ｜Deck 3｜主要王朝・人物・制度の穴埋め400語,WH-001033,1033,Deck 3｜標準,事件・革命,ブリュメール18日のクーデタ,ぶりゅめーるじゅうはちにちのくーでた,ブリュメール18日の政変,近代,ヨーロッパ,フランス・パリ,1799年11月9日,1799,WH-001033-B01,beginner,用語の特定,identify,ナポレオンが総裁政府を倒し、統領政府を成立させたクーデタは？,ブリュメール18日のクーデタ,ブリュメール18日のクーデタ,ブリュメール18日の政変,,,世界史の窓（章節別用語リスト）,https://www.y-history.net/appendix/appendix-list.html
世界史段階別デッキ｜Deck 3｜主要王朝・人物・制度の穴埋め400語,WH-001033,1033,Deck 3｜標準,事件・革命,ブリュメール18日のクーデタ,ぶりゅめーるじゅうはちにちのくーでた,ブリュメール18日の政変,近代,ヨーロッパ,フランス・パリ,1799年11月9日,1799,WH-001033-B02,beginner,時期,time,「ブリュメール18日のクーデタ」が起きたのはいつ？,1799年11月9日,1799年11月9日,,,,世界史の窓（章節別用語リスト）,https://www.y-history.net/appendix/appendix-list.html
世界史段階別デッキ｜Deck 3｜主要王朝・人物・制度の穴埋め400語,WH-001033,1033,Deck 3｜標準,事件・革命,ブリュメール18日のクーデタ,ぶりゅめーるじゅうはちにちのくーでた,ブリュメール18日の政変,近代,ヨーロッパ,フランス・パリ,1799年11月9日,1799,WH-001033-B03,beginner,内容,content,「ブリュメール18日のクーデタ」について、成立した政府は？,統領政府,統領政府,,,,世界史の窓（章節別用語リスト）,https://www.y-history.net/appendix/appendix-list.html
世界史段階別デッキ｜Deck 3｜主要王朝・人物・制度の穴埋め400語,WH-001033,1033,Deck 3｜標準,事件・革命,ブリュメール18日のクーデタ,ぶりゅめーるじゅうはちにちのくーでた,ブリュメール18日の政変,近代,ヨーロッパ,フランス・パリ,1799年11月9日,1799,WH-001033-R01,reverse,複合説明,reverse,何が起きた？,フランス・パリを主な舞台に、**ブリュメール18日のクーデタ**は、政治不安が続く**総裁政府**に対し、エジプトから帰国したナポレオンが軍事力と議会工作で1799年に政権を奪った。**統領政府**を成立させ、自ら第一統領となった。,ブリュメール18日のクーデタ|総裁政府|統領政府,,,,世界史の窓（章節別用語リスト）,https://www.y-history.net/appendix/appendix-list.html
世界史段階別デッキ｜Deck 3｜主要王朝・人物・制度の穴埋め400語,WH-001033,1033,Deck 3｜標準,事件・革命,ブリュメール18日のクーデタ,ぶりゅめーるじゅうはちにちのくーでた,ブリュメール18日の政変,近代,ヨーロッパ,フランス・パリ,1799年11月9日,1799,WH-001033-R02,reverse,時期,time,「ブリュメール18日のクーデタ」が起きたのはいつ？,**1799年11月9日**,1799年11月9日,,,,世界史の窓（章節別用語リスト）,https://www.y-history.net/appendix/appendix-list.html
世界史段階別デッキ｜Deck 3｜主要王朝・人物・制度の穴埋め400語,WH-001033,1033,Deck 3｜標準,事件・革命,ブリュメール18日のクーデタ,ぶりゅめーるじゅうはちにちのくーでた,ブリュメール18日の政変,近代,ヨーロッパ,フランス・パリ,1799年11月9日,1799,WH-001033-I01,integrated,統合説明,integrated,「ブリュメール18日のクーデタ」について説明せよ。,**1799年11月9日**、フランス・パリを主な舞台に、**ブリュメール18日のクーデタ**は、政治不安が続く**総裁政府**に対し、エジプトから帰国したナポレオンが軍事力と議会工作で1799年に政権を奪った。**統領政府**を成立させ、自ら第一統領となった。,ブリュメール18日のクーデタ|1799年11月9日|総裁政府|統領政府,,,,世界史の窓（章節別用語リスト）,https://www.y-history.net/appendix/appendix-list.html
世界史段階別デッキ｜Deck 3｜主要王朝・人物・制度の穴埋め400語,WH-001110,1110,Deck 3｜標準,国家・王朝,オランダ領東インド,おらんだりょうひがしいんど,蘭領東インド,近代,東南アジア,インドネシア諸島,19世紀初頭〜1949年,1800,WH-001110-B01,beginner,用語の特定,identify,オランダがジャワ島を中心にインドネシア諸島を支配した植民地を何という？,オランダ領東インド,オランダ領東インド,蘭領東インド,,,世界史の窓（章節別用語リスト）,https://www.y-history.net/appendix/appendix-list.html
世界史段階別デッキ｜Deck 3｜主要王朝・人物・制度の穴埋め400語,WH-001110,1110,Deck 3｜標準,国家・王朝,オランダ領東インド,おらんだりょうひがしいんど,蘭領東インド,近代,東南アジア,インドネシア諸島,19世紀初頭〜1949年,1800,WH-001110-B02,beginner,時期,time,「オランダ領東インド」が存在したのはいつ？,19世紀初頭〜1949年,19世紀初頭〜1949年,,,,世界史の窓（章節別用語リスト）,https://www.y-history.net/appendix/appendix-list.html
世界史段階別デッキ｜Deck 3｜主要王朝・人物・制度の穴埋め400語,WH-001110,1110,Deck 3｜標準,国家・王朝,オランダ領東インド,おらんだりょうひがしいんど,蘭領東インド,近代,東南アジア,インドネシア諸島,19世紀初頭〜1949年,1800,WH-001110-B03,beginner,地域,place,「オランダ領東インド」について、中心となった島は？,ジャワ島,ジャワ島,,,,世界史の窓（章節別用語リスト）,https://www.y-history.net/appendix/appendix-list.html
世界史段階別デッキ｜Deck 3｜主要王朝・人物・制度の穴埋め400語,WH-001110,1110,Deck 3｜標準,国家・王朝,オランダ領東インド,おらんだりょうひがしいんど,蘭領東インド,近代,東南アジア,インドネシア諸島,19世紀初頭〜1949年,1800,WH-001110-R01,reverse,複合説明,reverse,何をした？,インドネシア諸島を主な舞台に、**オランダ領東インド**は、オランダ東インド会社解散後、政府が**ジャワ島**を中心にインドネシア諸島を直接統治した植民地である。強制栽培制度や資源開発を行い、20世紀にインドネシア民族運動が成長した。,オランダ領東インド|ジャワ島,,,,世界史の窓（章節別用語リスト）,https://www.y-history.net/appendix/appendix-list.html
世界史段階別デッキ｜Deck 3｜主要王朝・人物・制度の穴埋め400語,WH-001110,1110,Deck 3｜標準,国家・王朝,オランダ領東インド,おらんだりょうひがしいんど,蘭領東インド,近代,東南アジア,インドネシア諸島,19世紀初頭〜1949年,1800,WH-001110-R02,reverse,時期,time,「オランダ領東インド」が存在したのはいつ？,**19世紀初頭〜1949年**,19世紀初頭〜1949年,,,,世界史の窓（章節別用語リスト）,https://www.y-history.net/appendix/appendix-list.html
世界史段階別デッキ｜Deck 3｜主要王朝・人物・制度の穴埋め400語,WH-001110,1110,Deck 3｜標準,国家・王朝,オランダ領東インド,おらんだりょうひがしいんど,蘭領東インド,近代,東南アジア,インドネシア諸島,19世紀初頭〜1949年,1800,WH-001110-I01,integrated,統合説明,integrated,「オランダ領東インド」について説明せよ。,**19世紀初頭〜1949年**、インドネシア諸島を主な舞台に、**オランダ領東インド**は、オランダ東インド会社解散後、政府が**ジャワ島**を中心にインドネシア諸島を直接統治した植民地である。強制栽培制度や資源開発を行い、20世紀にインドネシア民族運動が成長した。,オランダ領東インド|19世紀初頭〜1949年|ジャワ島,,,,世界史の窓（章節別用語リスト）,https://www.y-history.net/appendix/appendix-list.html
世界史段階別デッキ｜Deck 3｜主要王朝・人物・制度の穴埋め400語,WH-001119,1119,Deck 3｜標準,時代・歴史区分,東方問題,とうほうもんだい,,近代,複数地域,バルカン半島・黒海・東地中海・西アジア,18世紀末〜20世紀初頭,1800,WH-001119-B01,beginner,用語の特定,identify,オスマン帝国の衰退に伴い、領土・海峡・民族独立をめぐって列強が争った国際問題は？,東方問題,東方問題,,,,世界史の窓（章節別用語リスト）,https://www.y-history.net/appendix/appendix-list.html
世界史段階別デッキ｜Deck 3｜主要王朝・人物・制度の穴埋め400語,WH-001119,1119,Deck 3｜標準,時代・歴史区分,東方問題,とうほうもんだい,,近代,複数地域,バルカン半島・黒海・東地中海・西アジア,18世紀末〜20世紀初頭,1800,WH-001119-B02,beginner,時期,time,「東方問題」が使用・展開されたのはいつ？,18世紀末〜20世紀初頭,18世紀末〜20世紀初頭,,,,世界史の窓（章節別用語リスト）,https://www.y-history.net/appendix/appendix-list.html
世界史段階別デッキ｜Deck 3｜主要王朝・人物・制度の穴埋め400語,WH-001119,1119,Deck 3｜標準,時代・歴史区分,東方問題,とうほうもんだい,,近代,複数地域,バルカン半島・黒海・東地中海・西アジア,18世紀末〜20世紀初頭,1800,WH-001119-B03,beginner,内容,content,「東方問題」について、衰退した帝国は？,オスマン帝国,オスマン帝国,,,,世界史の窓（章節別用語リスト）,https://www.y-history.net/appendix/appendix-list.html
世界史段階別デッキ｜Deck 3｜主要王朝・人物・制度の穴埋め400語,WH-001119,1119,Deck 3｜標準,時代・歴史区分,東方問題,とうほうもんだい,,近代,複数地域,バルカン半島・黒海・東地中海・西アジア,18世紀末〜20世紀初頭,1800,WH-001119-R01,reverse,複合説明,reverse,どんな時代・歴史区分？,バルカン半島・黒海・東地中海・西アジアを主な舞台に、**東方問題**は、**オスマン帝国**の衰退とバルカン諸民族の独立運動を背景に、ロシア・オーストリア・イギリス・フランスなどが領土・海峡・勢力均衡を争った問題である。クリミア戦争やバルカン危機を生んだ。,東方問題|オスマン帝国,,,,世界史の窓（章節別用語リスト）,https://www.y-history.net/appendix/appendix-list.html
世界史段階別デッキ｜Deck 3｜主要王朝・人物・制度の穴埋め400語,WH-001119,1119,Deck 3｜標準,時代・歴史区分,東方問題,とうほうもんだい,,近代,複数地域,バルカン半島・黒海・東地中海・西アジア,18世紀末〜20世紀初頭,1800,WH-001119-R02,reverse,時期,time,「東方問題」が使用・展開されたのはいつ？,**18世紀末〜20世紀初頭**,18世紀末〜20世紀初頭,,,,世界史の窓（章節別用語リスト）,https://www.y-history.net/appendix/appendix-list.html
世界史段階別デッキ｜Deck 3｜主要王朝・人物・制度の穴埋め400語,WH-001119,1119,Deck 3｜標準,時代・歴史区分,東方問題,とうほうもんだい,,近代,複数地域,バルカン半島・黒海・東地中海・西アジア,18世紀末〜20世紀初頭,1800,WH-001119-I01,integrated,統合説明,integrated,「東方問題」について説明せよ。,**18世紀末〜20世紀初頭**、バルカン半島・黒海・東地中海・西アジアを主な舞台に、**東方問題**は、**オスマン帝国**の衰退とバルカン諸民族の独立運動を背景に、ロシア・オーストリア・イギリス・フランスなどが領土・海峡・勢力均衡を争った問題である。クリミア戦争やバルカン危機を生んだ。,東方問題|18世紀末〜20世紀初頭|オスマン帝国,,,,世界史の窓（章節別用語リスト）,https://www.y-history.net/appendix/appendix-list.html
世界史段階別デッキ｜Deck 3｜主要王朝・人物・制度の穴埋め400語,WH-001034,1034,Deck 3｜標準,条約・会議,政教協約,せいきょうきょうやく,コンコルダート,近代,ヨーロッパ,フランスとローマ教皇庁,1801年,1801,WH-001034-B01,beginner,用語の特定,identify,ナポレオンが教皇と結び、革命で悪化したフランス国家とカトリック教会の関係を修復した協約は？,政教協約,政教協約,コンコルダート,,,世界史の窓（章節別用語リスト）,https://www.y-history.net/appendix/appendix-list.html
世界史段階別デッキ｜Deck 3｜主要王朝・人物・制度の穴埋め400語,WH-001034,1034,Deck 3｜標準,条約・会議,政教協約,せいきょうきょうやく,コンコルダート,近代,ヨーロッパ,フランスとローマ教皇庁,1801年,1801,WH-001034-B02,beginner,時期,time,「政教協約」が結ばれた・開かれたのはいつ？,1801年,1801年,,,,世界史の窓（章節別用語リスト）,https://www.y-history.net/appendix/appendix-list.html
世界史段階別デッキ｜Deck 3｜主要王朝・人物・制度の穴埋め400語,WH-001034,1034,Deck 3｜標準,条約・会議,政教協約,せいきょうきょうやく,コンコルダート,近代,ヨーロッパ,フランスとローマ教皇庁,1801年,1801,WH-001034-B03,beginner,関連,relation,「政教協約」について、締結相手は？,ローマ教皇ピウス7世,ローマ教皇ピウス7世,,,,世界史の窓（章節別用語リスト）,https://www.y-history.net/appendix/appendix-list.html
世界史段階別デッキ｜Deck 3｜主要王朝・人物・制度の穴埋め400語,WH-001034,1034,Deck 3｜標準,条約・会議,政教協約,せいきょうきょうやく,コンコルダート,近代,ヨーロッパ,フランスとローマ教皇庁,1801年,1801,WH-001034-R01,reverse,複合説明,reverse,何を決めた？,フランスとローマ教皇庁を主な舞台に、**政教協約**は、第一統領ナポレオンと教皇**ピウス7世**が結んだ協約で、カトリックをフランス人多数の宗教と認め、国家が司教を任命し聖職者へ給与を支払った。革命後の宗教対立を緩和した。,政教協約|ピウス7世,,,,世界史の窓（章節別用語リスト）,https://www.y-history.net/appendix/appendix-list.html
世界史段階別デッキ｜Deck 3｜主要王朝・人物・制度の穴埋め400語,WH-001034,1034,Deck 3｜標準,条約・会議,政教協約,せいきょうきょうやく,コンコルダート,近代,ヨーロッパ,フランスとローマ教皇庁,1801年,1801,WH-001034-R02,reverse,時期,time,「政教協約」が結ばれた・開かれたのはいつ？,**1801年**,1801年,,,,世界史の窓（章節別用語リスト）,https://www.y-history.net/appendix/appendix-list.html
世界史段階別デッキ｜Deck 3｜主要王朝・人物・制度の穴埋め400語,WH-001034,1034,Deck 3｜標準,条約・会議,政教協約,せいきょうきょうやく,コンコルダート,近代,ヨーロッパ,フランスとローマ教皇庁,1801年,1801,WH-001034-I01,integrated,統合説明,integrated,「政教協約」について説明せよ。,**1801年**、フランスとローマ教皇庁を主な舞台に、**政教協約**は、第一統領ナポレオンと教皇**ピウス7世**が結んだ協約で、カトリックをフランス人多数の宗教と認め、国家が司教を任命し聖職者へ給与を支払った。革命後の宗教対立を緩和した。,政教協約|1801年|ピウス7世,,,,世界史の窓（章節別用語リスト）,https://www.y-history.net/appendix/appendix-list.html
世界史段階別デッキ｜Deck 3｜主要王朝・人物・制度の穴埋め400語,WH-001107,1107,Deck 3｜標準,国家・王朝,グエン朝,ぐえんちょう,阮朝,近代,東南アジア,ベトナム・フエ,1802〜1945年,1802,WH-001107-B01,beginner,用語の特定,identify,嘉隆帝(かりゅうてい)がベトナムを統一して建て、のちフランス保護下に置かれた最後の王朝は？,グエン朝,グエン朝,阮朝,,,世界史の窓（章節別用語リスト）,https://www.y-history.net/appendix/appendix-list.html
世界史段階別デッキ｜Deck 3｜主要王朝・人物・制度の穴埋め400語,WH-001107,1107,Deck 3｜標準,国家・王朝,グエン朝,ぐえんちょう,阮朝,近代,東南アジア,ベトナム・フエ,1802〜1945年,1802,WH-001107-B02,beginner,時期,time,「グエン朝」が存在したのはいつ？,1802〜1945年,1802〜1945年,,,1802年：「ピニョー来て 阮朝成立 祝おう! 福映」（1802）阮朝の成立。,世界史の窓（章節別用語リスト）,https://www.y-history.net/appendix/appendix-list.html
世界史段階別デッキ｜Deck 3｜主要王朝・人物・制度の穴埋め400語,WH-001107,1107,Deck 3｜標準,国家・王朝,グエン朝,ぐえんちょう,阮朝,近代,東南アジア,ベトナム・フエ,1802〜1945年,1802,WH-001107-B03,beginner,地域,place,「グエン朝」について、都は？,フエ,フエ,,,,世界史の窓（章節別用語リスト）,https://www.y-history.net/appendix/appendix-list.html
世界史段階別デッキ｜Deck 3｜主要王朝・人物・制度の穴埋め400語,WH-001107,1107,Deck 3｜標準,国家・王朝,グエン朝,ぐえんちょう,阮朝,近代,東南アジア,ベトナム・フエ,1802〜1945年,1802,WH-001107-R01,reverse,複合説明,reverse,何をした？,ベトナム・フエを主な舞台に、**グエン朝**は、**嘉隆帝(かりゅうてい)**が1802年にベトナムを統一し、フエを都に建てた最後の王朝である。儒教官僚制を整えたが、19世紀後半にフランスへ敗れ、アンナン・トンキンは保護国化された。,グエン朝|嘉隆帝,,,1802年：「ピニョー来て 阮朝成立 祝おう! 福映」（1802）阮朝の成立。,世界史の窓（章節別用語リスト）,https://www.y-history.net/appendix/appendix-list.html
世界史段階別デッキ｜Deck 3｜主要王朝・人物・制度の穴埋め400語,WH-001107,1107,Deck 3｜標準,国家・王朝,グエン朝,ぐえんちょう,阮朝,近代,東南アジア,ベトナム・フエ,1802〜1945年,1802,WH-001107-R02,reverse,時期,time,「グエン朝」が存在したのはいつ？,**1802〜1945年**,1802〜1945年,,,1802年：「ピニョー来て 阮朝成立 祝おう! 福映」（1802）阮朝の成立。,世界史の窓（章節別用語リスト）,https://www.y-history.net/appendix/appendix-list.html
世界史段階別デッキ｜Deck 3｜主要王朝・人物・制度の穴埋め400語,WH-001107,1107,Deck 3｜標準,国家・王朝,グエン朝,ぐえんちょう,阮朝,近代,東南アジア,ベトナム・フエ,1802〜1945年,1802,WH-001107-I01,integrated,統合説明,integrated,「グエン朝」について説明せよ。,**1802〜1945年**、ベトナム・フエを主な舞台に、**グエン朝**は、**嘉隆帝(かりゅうてい)**が1802年にベトナムを統一し、フエを都に建てた最後の王朝である。儒教官僚制を整えたが、19世紀後半にフランスへ敗れ、アンナン・トンキンは保護国化された。,グエン朝|1802〜1945年|嘉隆帝,,,1802年：「ピニョー来て 阮朝成立 祝おう! 福映」（1802）阮朝の成立。,世界史の窓（章節別用語リスト）,https://www.y-history.net/appendix/appendix-list.html
世界史段階別デッキ｜Deck 3｜主要王朝・人物・制度の穴埋め400語,WH-001026,1026,Deck 3｜標準,事件・革命,ルイジアナ買収,るいじあなばいしゅう,,近代,アメリカ,北米・ミシシッピ川以西のルイジアナ地方,1803年,1803,WH-001026-B01,beginner,用語の特定,identify,ジェファソン政権がフランスから広大なミシシッピ川以西の領土を購入した出来事は？,ルイジアナ買収,ルイジアナ買収,,,,世界史の窓（章節別用語リスト）,https://www.y-history.net/appendix/appendix-list.html
世界史段階別デッキ｜Deck 3｜主要王朝・人物・制度の穴埋め400語,WH-001026,1026,Deck 3｜標準,事件・革命,ルイジアナ買収,るいじあなばいしゅう,,近代,アメリカ,北米・ミシシッピ川以西のルイジアナ地方,1803年,1803,WH-001026-B02,beginner,時期,time,「ルイジアナ買収」が起きたのはいつ？,1803年,1803年,,,,世界史の窓（章節別用語リスト）,https://www.y-history.net/appendix/appendix-list.html
世界史段階別デッキ｜Deck 3｜主要王朝・人物・制度の穴埋め400語,WH-001026,1026,Deck 3｜標準,事件・革命,ルイジアナ買収,るいじあなばいしゅう,,近代,アメリカ,北米・ミシシッピ川以西のルイジアナ地方,1803年,1803,WH-001026-B03,beginner,内容,content,「ルイジアナ買収」について、売却した国は？,フランス,フランス,,,,世界史の窓（章節別用語リスト）,https://www.y-history.net/appendix/appendix-list.html
世界史段階別デッキ｜Deck 3｜主要王朝・人物・制度の穴埋め400語,WH-001026,1026,Deck 3｜標準,事件・革命,ルイジアナ買収,るいじあなばいしゅう,,近代,アメリカ,北米・ミシシッピ川以西のルイジアナ地方,1803年,1803,WH-001026-R01,reverse,複合説明,reverse,何が起きた？,北米・ミシシッピ川以西のルイジアナ地方を主な舞台に、**ルイジアナ買収**は、**ジェファソン**大統領の合衆国が、ナポレオンのフランスからルイジアナ地方を購入した。領土はほぼ倍増し、ミシシッピ川・ニューオーリンズの利用と西部開拓を大きく進めた。,ルイジアナ買収|ジェファソン,,,,世界史の窓（章節別用語リスト）,https://www.y-history.net/appendix/appendix-list.html
世界史段階別デッキ｜Deck 3｜主要王朝・人物・制度の穴埋め400語,WH-001026,1026,Deck 3｜標準,事件・革命,ルイジアナ買収,るいじあなばいしゅう,,近代,アメリカ,北米・ミシシッピ川以西のルイジアナ地方,1803年,1803,WH-001026-R02,reverse,時期,time,「ルイジアナ買収」が起きたのはいつ？,**1803年**,1803年,,,,世界史の窓（章節別用語リスト）,https://www.y-history.net/appendix/appendix-list.html
世界史段階別デッキ｜Deck 3｜主要王朝・人物・制度の穴埋め400語,WH-001026,1026,Deck 3｜標準,事件・革命,ルイジアナ買収,るいじあなばいしゅう,,近代,アメリカ,北米・ミシシッピ川以西のルイジアナ地方,1803年,1803,WH-001026-I01,integrated,統合説明,integrated,「ルイジアナ買収」について説明せよ。,**1803年**、北米・ミシシッピ川以西のルイジアナ地方を主な舞台に、**ルイジアナ買収**は、**ジェファソン**大統領の合衆国が、ナポレオンのフランスからルイジアナ地方を購入した。領土はほぼ倍増し、ミシシッピ川・ニューオーリンズの利用と西部開拓を大きく進めた。,ルイジアナ買収|1803年|ジェファソン,,,,世界史の窓（章節別用語リスト）,https://www.y-history.net/appendix/appendix-list.html
世界史段階別デッキ｜Deck 3｜主要王朝・人物・制度の穴埋め400語,WH-001035,1035,Deck 3｜標準,国家・王朝,第一帝政,だいいちていせい,フランス第一帝政,近代,ヨーロッパ,フランスからヨーロッパ大陸各地,1804〜1814年・1815年,1804,WH-001035-B01,beginner,用語の特定,identify,ナポレオンが皇帝となり、フランスがヨーロッパ大陸へ支配を広げた政体は？,第一帝政,第一帝政,フランス第一帝政,,,世界史の窓（章節別用語リスト）,https://www.y-history.net/appendix/appendix-list.html
世界史段階別デッキ｜Deck 3｜主要王朝・人物・制度の穴埋め400語,WH-001035,1035,Deck 3｜標準,国家・王朝,第一帝政,だいいちていせい,フランス第一帝政,近代,ヨーロッパ,フランスからヨーロッパ大陸各地,1804〜1814年・1815年,1804,WH-001035-B02,beginner,時期,time,「第一帝政」が存在したのはいつ？,1804〜1814年・1815年,1804〜1814年・1815年,,,1804年：「皇帝と 言われ よろこぶ ナポレオン」（1804）ナポレオン、皇帝に即位。(第一帝政),世界史の窓（章節別用語リスト）,https://www.y-history.net/appendix/appendix-list.html
世界史段階別デッキ｜Deck 3｜主要王朝・人物・制度の穴埋め400語,WH-001035,1035,Deck 3｜標準,国家・王朝,第一帝政,だいいちていせい,フランス第一帝政,近代,ヨーロッパ,フランスからヨーロッパ大陸各地,1804〜1814年・1815年,1804,WH-001035-B03,beginner,中心人物,person,「第一帝政」について、成立させた人物は？,ナポレオン,ナポレオン,,,,世界史の窓（章節別用語リスト）,https://www.y-history.net/appendix/appendix-list.html
世界史段階別デッキ｜Deck 3｜主要王朝・人物・制度の穴埋め400語,WH-001035,1035,Deck 3｜標準,国家・王朝,第一帝政,だいいちていせい,フランス第一帝政,近代,ヨーロッパ,フランスからヨーロッパ大陸各地,1804〜1814年・1815年,1804,WH-001035-R01,reverse,複合説明,reverse,何をした？,フランスからヨーロッパ大陸各地を主な舞台に、**第一帝政**は、1804年に**ナポレオン**が国民投票を経て皇帝となり成立した。法典・官僚制を維持しつつ征服戦争で大陸へ勢力を広げたが、ロシア遠征失敗後に崩壊し、百日天下を経て1815年に終わった。,第一帝政|ナポレオン,,,1804年：「皇帝と 言われ よろこぶ ナポレオン」（1804）ナポレオン、皇帝に即位。(第一帝政),世界史の窓（章節別用語リスト）,https://www.y-history.net/appendix/appendix-list.html
世界史段階別デッキ｜Deck 3｜主要王朝・人物・制度の穴埋め400語,WH-001035,1035,Deck 3｜標準,国家・王朝,第一帝政,だいいちていせい,フランス第一帝政,近代,ヨーロッパ,フランスからヨーロッパ大陸各地,1804〜1814年・1815年,1804,WH-001035-R02,reverse,時期,time,「第一帝政」が存在したのはいつ？,**1804〜1814年・1815年**,1804〜1814年・1815年,,,1804年：「皇帝と 言われ よろこぶ ナポレオン」（1804）ナポレオン、皇帝に即位。(第一帝政),世界史の窓（章節別用語リスト）,https://www.y-history.net/appendix/appendix-list.html
世界史段階別デッキ｜Deck 3｜主要王朝・人物・制度の穴埋め400語,WH-001035,1035,Deck 3｜標準,国家・王朝,第一帝政,だいいちていせい,フランス第一帝政,近代,ヨーロッパ,フランスからヨーロッパ大陸各地,1804〜1814年・1815年,1804,WH-001035-I01,integrated,統合説明,integrated,「第一帝政」について説明せよ。,**1804〜1814年・1815年**、フランスからヨーロッパ大陸各地を主な舞台に、**第一帝政**は、1804年に**ナポレオン**が国民投票を経て皇帝となり成立した。法典・官僚制を維持しつつ征服戦争で大陸へ勢力を広げたが、ロシア遠征失敗後に崩壊し、百日天下を経て1815年に終わった。,第一帝政|1804〜1814年・1815年|ナポレオン,,,1804年：「皇帝と 言われ よろこぶ ナポレオン」（1804）ナポレオン、皇帝に即位。(第一帝政),世界史の窓（章節別用語リスト）,https://www.y-history.net/appendix/appendix-list.html
世界史段階別デッキ｜Deck 3｜主要王朝・人物・制度の穴埋め400語,WH-001118,1118,Deck 3｜標準,人物,ムハンマド＝アリー,むはんまどありー,ムハンマド＝アリー＝パシャ,近代,アフリカ,オスマン帝国領エジプト・東地中海,1805〜1848年に統治,1805,WH-001118-B01,beginner,用語の特定,identify,エジプト総督として軍制・産業を近代化し、シリアへ進出してオスマン帝国と戦った人物は？,ムハンマド＝アリー,ムハンマド＝アリー,ムハンマド＝アリー＝パシャ,,,世界史の窓（章節別用語リスト）,https://www.y-history.net/appendix/appendix-list.html
世界史段階別デッキ｜Deck 3｜主要王朝・人物・制度の穴埋め400語,WH-001118,1118,Deck 3｜標準,人物,ムハンマド＝アリー,むはんまどありー,ムハンマド＝アリー＝パシャ,近代,アフリカ,オスマン帝国領エジプト・東地中海,1805〜1848年に統治,1805,WH-001118-B02,beginner,時期,time,「ムハンマド＝アリー」が主に活動したのはいつ？,1805〜1848年に統治,1805〜1848年に統治,,,,世界史の窓（章節別用語リスト）,https://www.y-history.net/appendix/appendix-list.html
世界史段階別デッキ｜Deck 3｜主要王朝・人物・制度の穴埋め400語,WH-001118,1118,Deck 3｜標準,人物,ムハンマド＝アリー,むはんまどありー,ムハンマド＝アリー＝パシャ,近代,アフリカ,オスマン帝国領エジプト・東地中海,1805〜1848年に統治,1805,WH-001118-B03,beginner,地域,place,「ムハンマド＝アリー」について、統治した地域は？,エジプト,エジプト,,,,世界史の窓（章節別用語リスト）,https://www.y-history.net/appendix/appendix-list.html
世界史段階別デッキ｜Deck 3｜主要王朝・人物・制度の穴埋め400語,WH-001118,1118,Deck 3｜標準,人物,ムハンマド＝アリー,むはんまどありー,ムハンマド＝アリー＝パシャ,近代,アフリカ,オスマン帝国領エジプト・東地中海,1805〜1848年に統治,1805,WH-001118-R01,reverse,複合説明,reverse,何をした？,オスマン帝国領エジプト・東地中海を主な舞台に、**ムハンマド＝アリー**は、オスマン帝国からエジプト総督に任命され、マムルークを排除して徴兵軍・官営工場・綿花専売・学校を整えた。シリアへ進出して帝国を圧迫したが、列強の介入で撤退し、エジプトの世襲統治権を得た。,ムハンマド＝アリー,,,,世界史の窓（章節別用語リスト）,https://www.y-history.net/appendix/appendix-list.html
世界史段階別デッキ｜Deck 3｜主要王朝・人物・制度の穴埋め400語,WH-001118,1118,Deck 3｜標準,人物,ムハンマド＝アリー,むはんまどありー,ムハンマド＝アリー＝パシャ,近代,アフリカ,オスマン帝国領エジプト・東地中海,1805〜1848年に統治,1805,WH-001118-R02,reverse,時期,time,「ムハンマド＝アリー」が主に活動したのはいつ？,**1805〜1848年に統治**,1805〜1848年に統治,,,,世界史の窓（章節別用語リスト）,https://www.y-history.net/appendix/appendix-list.html
世界史段階別デッキ｜Deck 3｜主要王朝・人物・制度の穴埋め400語,WH-001118,1118,Deck 3｜標準,人物,ムハンマド＝アリー,むはんまどありー,ムハンマド＝アリー＝パシャ,近代,アフリカ,オスマン帝国領エジプト・東地中海,1805〜1848年に統治,1805,WH-001118-I01,integrated,統合説明,integrated,「ムハンマド＝アリー」について説明せよ。,**1805〜1848年に統治**、オスマン帝国領エジプト・東地中海を主な舞台に、**ムハンマド＝アリー**は、オスマン帝国からエジプト総督に任命され、マムルークを排除して徴兵軍・官営工場・綿花専売・学校を整えた。シリアへ進出して帝国を圧迫したが、列強の介入で撤退し、エジプトの世襲統治権を得た。,ムハンマド＝アリー|1805〜1848年に統治,,,,世界史の窓（章節別用語リスト）,https://www.y-history.net/appendix/appendix-list.html
世界史段階別デッキ｜Deck 3｜主要王朝・人物・制度の穴埋め400語,WH-001036,1036,Deck 3｜標準,戦争,半島戦争,はんとうせんそう,スペイン独立戦争,近代,ヨーロッパ,イベリア半島・スペイン・ポルトガル,1808〜1814年,1808,WH-001036-B01,beginner,用語の特定,identify,ナポレオン軍のスペイン占領に対し、民衆のゲリラとイギリス軍が抵抗した戦争は？,半島戦争,半島戦争,スペイン独立戦争,,,世界史の窓（章節別用語リスト）,https://www.y-history.net/appendix/appendix-list.html
世界史段階別デッキ｜Deck 3｜主要王朝・人物・制度の穴埋め400語,WH-001036,1036,Deck 3｜標準,戦争,半島戦争,はんとうせんそう,スペイン独立戦争,近代,ヨーロッパ,イベリア半島・スペイン・ポルトガル,1808〜1814年,1808,WH-001036-B02,beginner,時期,time,「半島戦争」が戦われたのはいつ？,1808〜1814年,1808〜1814年,,,,世界史の窓（章節別用語リスト）,https://www.y-history.net/appendix/appendix-list.html
世界史段階別デッキ｜Deck 3｜主要王朝・人物・制度の穴埋め400語,WH-001036,1036,Deck 3｜標準,戦争,半島戦争,はんとうせんそう,スペイン独立戦争,近代,ヨーロッパ,イベリア半島・スペイン・ポルトガル,1808〜1814年,1808,WH-001036-B03,beginner,内容,content,「半島戦争」について、支援した国は？,イギリス,イギリス,,,,世界史の窓（章節別用語リスト）,https://www.y-history.net/appendix/appendix-list.html
世界史段階別デッキ｜Deck 3｜主要王朝・人物・制度の穴埋め400語,WH-001036,1036,Deck 3｜標準,戦争,半島戦争,はんとうせんそう,スペイン独立戦争,近代,ヨーロッパ,イベリア半島・スペイン・ポルトガル,1808〜1814年,1808,WH-001036-R01,reverse,複合説明,reverse,何が起きた？,イベリア半島・スペイン・ポルトガルを主な舞台に、**半島戦争**は、ナポレオンがスペイン王位へ兄を据えたことから、スペイン民衆が**ゲリラ**戦を展開し、ポルトガルを拠点とするイギリス軍も介入した。フランス軍を消耗させ、第一帝政衰退の一因となった。,半島戦争|ゲリラ,,,,世界史の窓（章節別用語リスト）,https://www.y-history.net/appendix/appendix-list.html
世界史段階別デッキ｜Deck 3｜主要王朝・人物・制度の穴埋め400語,WH-001036,1036,Deck 3｜標準,戦争,半島戦争,はんとうせんそう,スペイン独立戦争,近代,ヨーロッパ,イベリア半島・スペイン・ポルトガル,1808〜1814年,1808,WH-001036-R02,reverse,時期,time,「半島戦争」が戦われたのはいつ？,**1808〜1814年**,1808〜1814年,,,,世界史の窓（章節別用語リスト）,https://www.y-history.net/appendix/appendix-list.html
世界史段階別デッキ｜Deck 3｜主要王朝・人物・制度の穴埋め400語,WH-001036,1036,Deck 3｜標準,戦争,半島戦争,はんとうせんそう,スペイン独立戦争,近代,ヨーロッパ,イベリア半島・スペイン・ポルトガル,1808〜1814年,1808,WH-001036-I01,integrated,統合説明,integrated,「半島戦争」について説明せよ。,**1808〜1814年**、イベリア半島・スペイン・ポルトガルを主な舞台に、**半島戦争**は、ナポレオンがスペイン王位へ兄を据えたことから、スペイン民衆が**ゲリラ**戦を展開し、ポルトガルを拠点とするイギリス軍も介入した。フランス軍を消耗させ、第一帝政衰退の一因となった。,半島戦争|1808〜1814年|ゲリラ,,,,世界史の窓（章節別用語リスト）,https://www.y-history.net/appendix/appendix-list.html
世界史段階別デッキ｜Deck 3｜主要王朝・人物・制度の穴埋め400語,WH-001040,1040,Deck 3｜標準,人物,ミゲル＝イダルゴ,みげるいだるご,,近代,アメリカ,メキシコ・ドローレス,18世紀末〜19世紀初頭,1810,WH-001040-B01,beginner,用語の特定,identify,ドローレスの叫びでメキシコ独立運動を開始し、農民・先住民を率いた司祭は？,ミゲル＝イダルゴ,ミゲル＝イダルゴ,,,,世界史の窓（章節別用語リスト）,https://www.y-history.net/appendix/appendix-list.html
世界史段階別デッキ｜Deck 3｜主要王朝・人物・制度の穴埋め400語,WH-001040,1040,Deck 3｜標準,人物,ミゲル＝イダルゴ,みげるいだるご,,近代,アメリカ,メキシコ・ドローレス,18世紀末〜19世紀初頭,1810,WH-001040-B02,beginner,時期,time,「ミゲル＝イダルゴ」が主に活動したのはいつ？,18世紀末〜19世紀初頭,18世紀末〜19世紀初頭,,,,世界史の窓（章節別用語リスト）,https://www.y-history.net/appendix/appendix-list.html
世界史段階別デッキ｜Deck 3｜主要王朝・人物・制度の穴埋め400語,WH-001040,1040,Deck 3｜標準,人物,ミゲル＝イダルゴ,みげるいだるご,,近代,アメリカ,メキシコ・ドローレス,18世紀末〜19世紀初頭,1810,WH-001040-B03,beginner,内容,content,「ミゲル＝イダルゴ」について、開始した運動は？,メキシコ独立運動,メキシコ独立運動,,,,世界史の窓（章節別用語リスト）,https://www.y-history.net/appendix/appendix-list.html
世界史段階別デッキ｜Deck 3｜主要王朝・人物・制度の穴埋め400語,WH-001040,1040,Deck 3｜標準,人物,ミゲル＝イダルゴ,みげるいだるご,,近代,アメリカ,メキシコ・ドローレス,18世紀末〜19世紀初頭,1810,WH-001040-R01,reverse,複合説明,reverse,何をした？,メキシコ・ドローレスを主な舞台に、**ミゲル＝イダルゴ**は、クリオーリョの司祭で、1810年の**ドローレスの叫び**によってスペイン支配への反乱を呼びかけた。先住民・メスティソの大軍を率いたが捕らえられ、翌年処刑された。,ミゲル＝イダルゴ|ドローレスの叫び,,,,世界史の窓（章節別用語リスト）,https://www.y-history.net/appendix/appendix-list.html
世界史段階別デッキ｜Deck 3｜主要王朝・人物・制度の穴埋め400語,WH-001040,1040,Deck 3｜標準,人物,ミゲル＝イダルゴ,みげるいだるご,,近代,アメリカ,メキシコ・ドローレス,18世紀末〜19世紀初頭,1810,WH-001040-R02,reverse,時期,time,「ミゲル＝イダルゴ」が主に活動したのはいつ？,**18世紀末〜19世紀初頭**,18世紀末〜19世紀初頭,,,,世界史の窓（章節別用語リスト）,https://www.y-history.net/appendix/appendix-list.html
世界史段階別デッキ｜Deck 3｜主要王朝・人物・制度の穴埋め400語,WH-001040,1040,Deck 3｜標準,人物,ミゲル＝イダルゴ,みげるいだるご,,近代,アメリカ,メキシコ・ドローレス,18世紀末〜19世紀初頭,1810,WH-001040-I01,integrated,統合説明,integrated,「ミゲル＝イダルゴ」について説明せよ。,**18世紀末〜19世紀初頭**、メキシコ・ドローレスを主な舞台に、**ミゲル＝イダルゴ**は、クリオーリョの司祭で、1810年の**ドローレスの叫び**によってスペイン支配への反乱を呼びかけた。先住民・メスティソの大軍を率いたが捕らえられ、翌年処刑された。,ミゲル＝イダルゴ|18世紀末〜19世紀初頭|ドローレスの叫び,,,,世界史の窓（章節別用語リスト）,https://www.y-history.net/appendix/appendix-list.html
世界史段階別デッキ｜Deck 3｜主要王朝・人物・制度の穴埋め400語,WH-001019,1019,Deck 3｜標準,運動,ラダイト運動,らだいとうんどう,機械打ちこわし運動,近代,ヨーロッパ,イングランド中北部の繊維工業地帯,1811〜1817年頃,1811,WH-001019-B01,beginner,用語の特定,identify,産業革命期の熟練労働者が失業・賃金低下への抗議として機械を破壊した運動は？,ラダイト運動,ラダイト運動,機械打ちこわし運動,,,世界史の窓（章節別用語リスト）,https://www.y-history.net/appendix/appendix-list.html
世界史段階別デッキ｜Deck 3｜主要王朝・人物・制度の穴埋め400語,WH-001019,1019,Deck 3｜標準,運動,ラダイト運動,らだいとうんどう,機械打ちこわし運動,近代,ヨーロッパ,イングランド中北部の繊維工業地帯,1811〜1817年頃,1811,WH-001019-B02,beginner,時期,time,「ラダイト運動」が盛んだったのはいつ？,1811〜1817年頃,1811〜1817年頃,,,,世界史の窓（章節別用語リスト）,https://www.y-history.net/appendix/appendix-list.html
世界史段階別デッキ｜Deck 3｜主要王朝・人物・制度の穴埋め400語,WH-001019,1019,Deck 3｜標準,運動,ラダイト運動,らだいとうんどう,機械打ちこわし運動,近代,ヨーロッパ,イングランド中北部の繊維工業地帯,1811〜1817年頃,1811,WH-001019-B03,beginner,内容,content,「ラダイト運動」について、主な参加者は？,繊維業の熟練労働者,繊維業の熟練労働者,,,,世界史の窓（章節別用語リスト）,https://www.y-history.net/appendix/appendix-list.html
世界史段階別デッキ｜Deck 3｜主要王朝・人物・制度の穴埋め400語,WH-001019,1019,Deck 3｜標準,運動,ラダイト運動,らだいとうんどう,機械打ちこわし運動,近代,ヨーロッパ,イングランド中北部の繊維工業地帯,1811〜1817年頃,1811,WH-001019-R01,reverse,複合説明,reverse,何が起きた？,イングランド中北部の繊維工業地帯を主な舞台に、**ラダイト運動**は、機械化による失業・賃金低下・熟練の価値喪失に直面した繊維労働者が、織機などを破壊した運動である。政府は軍隊投入と厳罰で鎮圧したが、産業化の社会的摩擦を示した。,ラダイト運動,,,,世界史の窓（章節別用語リスト）,https://www.y-history.net/appendix/appendix-list.html
世界史段階別デッキ｜Deck 3｜主要王朝・人物・制度の穴埋め400語,WH-001019,1019,Deck 3｜標準,運動,ラダイト運動,らだいとうんどう,機械打ちこわし運動,近代,ヨーロッパ,イングランド中北部の繊維工業地帯,1811〜1817年頃,1811,WH-001019-R02,reverse,時期,time,「ラダイト運動」が盛んだったのはいつ？,**1811〜1817年頃**,1811〜1817年頃,,,,世界史の窓（章節別用語リスト）,https://www.y-history.net/appendix/appendix-list.html
世界史段階別デッキ｜Deck 3｜主要王朝・人物・制度の穴埋め400語,WH-001019,1019,Deck 3｜標準,運動,ラダイト運動,らだいとうんどう,機械打ちこわし運動,近代,ヨーロッパ,イングランド中北部の繊維工業地帯,1811〜1817年頃,1811,WH-001019-I01,integrated,統合説明,integrated,「ラダイト運動」について説明せよ。,**1811〜1817年頃**、イングランド中北部の繊維工業地帯を主な舞台に、**ラダイト運動**は、機械化による失業・賃金低下・熟練の価値喪失に直面した繊維労働者が、織機などを破壊した運動である。政府は軍隊投入と厳罰で鎮圧したが、産業化の社会的摩擦を示した。,ラダイト運動|1811〜1817年頃,,,,世界史の窓（章節別用語リスト）,https://www.y-history.net/appendix/appendix-list.html
世界史段階別デッキ｜Deck 3｜主要王朝・人物・制度の穴埋め400語,WH-001037,1037,Deck 3｜標準,戦争,ロシア遠征,ろしあえんせい,ナポレオンのロシア遠征,近代,ヨーロッパ,ロシア西部・モスクワ,1812年,1812,WH-001037-B01,beginner,用語の特定,identify,ナポレオンの大陸軍が焦土作戦と冬季撤退で壊滅し、第一帝政崩壊の転機となった遠征は？,ロシア遠征,ロシア遠征,ナポレオンのロシア遠征,,,世界史の窓（章節別用語リスト）,https://www.y-history.net/appendix/appendix-list.html
世界史段階別デッキ｜Deck 3｜主要王朝・人物・制度の穴埋め400語,WH-001037,1037,Deck 3｜標準,戦争,ロシア遠征,ろしあえんせい,ナポレオンのロシア遠征,近代,ヨーロッパ,ロシア西部・モスクワ,1812年,1812,WH-001037-B02,beginner,時期,time,「ロシア遠征」が戦われたのはいつ？,1812年,1812年,,,1812年：「人は 人に 敗れもするか? ロシアでは」（1812）ナポレオンのロシア遠征。,世界史の窓（章節別用語リスト）,https://www.y-history.net/appendix/appendix-list.html
世界史段階別デッキ｜Deck 3｜主要王朝・人物・制度の穴埋め400語,WH-001037,1037,Deck 3｜標準,戦争,ロシア遠征,ろしあえんせい,ナポレオンのロシア遠征,近代,ヨーロッパ,ロシア西部・モスクワ,1812年,1812,WH-001037-B03,beginner,内容,content,「ロシア遠征」について、ロシア軍が用いた戦法は？,焦土作戦,焦土作戦,,,,世界史の窓（章節別用語リスト）,https://www.y-history.net/appendix/appendix-list.html
世界史段階別デッキ｜Deck 3｜主要王朝・人物・制度の穴埋め400語,WH-001037,1037,Deck 3｜標準,戦争,ロシア遠征,ろしあえんせい,ナポレオンのロシア遠征,近代,ヨーロッパ,ロシア西部・モスクワ,1812年,1812,WH-001037-R01,reverse,複合説明,reverse,何が起きた？,ロシア西部・モスクワを主な舞台に、**ロシア遠征**は、大陸封鎖令を離れたロシアを制裁するためナポレオンが大軍で侵入した。ロシア軍の**焦土作戦**、補給不足、厳しい寒さの中でモスクワから撤退し、大陸軍の大半を失った。,ロシア遠征|焦土作戦,,,,世界史の窓（章節別用語リスト）,https://www.y-history.net/appendix/appendix-list.html
世界史段階別デッキ｜Deck 3｜主要王朝・人物・制度の穴埋め400語,WH-001037,1037,Deck 3｜標準,戦争,ロシア遠征,ろしあえんせい,ナポレオンのロシア遠征,近代,ヨーロッパ,ロシア西部・モスクワ,1812年,1812,WH-001037-R02,reverse,時期,time,「ロシア遠征」が戦われたのはいつ？,**1812年**,1812年,,,1812年：「人は 人に 敗れもするか? ロシアでは」（1812）ナポレオンのロシア遠征。,世界史の窓（章節別用語リスト）,https://www.y-history.net/appendix/appendix-list.html
世界史段階別デッキ｜Deck 3｜主要王朝・人物・制度の穴埋め400語,WH-001037,1037,Deck 3｜標準,戦争,ロシア遠征,ろしあえんせい,ナポレオンのロシア遠征,近代,ヨーロッパ,ロシア西部・モスクワ,1812年,1812,WH-001037-I01,integrated,統合説明,integrated,「ロシア遠征」について説明せよ。,**1812年**、ロシア西部・モスクワを主な舞台に、**ロシア遠征**は、大陸封鎖令を離れたロシアを制裁するためナポレオンが大軍で侵入した。ロシア軍の**焦土作戦**、補給不足、厳しい寒さの中でモスクワから撤退し、大陸軍の大半を失った。,ロシア遠征|1812年|焦土作戦,,,1812年：「人は 人に 敗れもするか? ロシアでは」（1812）ナポレオンのロシア遠征。,世界史の窓（章節別用語リスト）,https://www.y-history.net/appendix/appendix-list.html
世界史段階別デッキ｜Deck 3｜主要王朝・人物・制度の穴埋め400語,WH-001038,1038,Deck 3｜標準,戦争,ライプツィヒの戦い,らいぷつぃひのたたかい,諸国民戦争,近代,ヨーロッパ,ドイツ・ライプツィヒ,1813年,1813,WH-001038-B01,beginner,用語の特定,identify,ロシア遠征後、ロシア・プロイセン・オーストリアなどの連合軍がナポレオンを破った戦いは？,ライプツィヒの戦い,ライプツィヒの戦い,諸国民戦争,,,世界史の窓（章節別用語リスト）,https://www.y-history.net/appendix/appendix-list.html
世界史段階別デッキ｜Deck 3｜主要王朝・人物・制度の穴埋め400語,WH-001038,1038,Deck 3｜標準,戦争,ライプツィヒの戦い,らいぷつぃひのたたかい,諸国民戦争,近代,ヨーロッパ,ドイツ・ライプツィヒ,1813年,1813,WH-001038-B02,beginner,時期,time,「ライプツィヒの戦い」が戦われたのはいつ？,1813年,1813年,,,1813年：「諸国民 人は 勇むぞ ライプチヒ」（1813）諸国民戦争。,世界史の窓（章節別用語リスト）,https://www.y-history.net/appendix/appendix-list.html
世界史段階別デッキ｜Deck 3｜主要王朝・人物・制度の穴埋め400語,WH-001038,1038,Deck 3｜標準,戦争,ライプツィヒの戦い,らいぷつぃひのたたかい,諸国民戦争,近代,ヨーロッパ,ドイツ・ライプツィヒ,1813年,1813,WH-001038-B03,beginner,内容,content,「ライプツィヒの戦い」について、別名は？,諸国民戦争,諸国民戦争,,,,世界史の窓（章節別用語リスト）,https://www.y-history.net/appendix/appendix-list.html
世界史段階別デッキ｜Deck 3｜主要王朝・人物・制度の穴埋め400語,WH-001038,1038,Deck 3｜標準,戦争,ライプツィヒの戦い,らいぷつぃひのたたかい,諸国民戦争,近代,ヨーロッパ,ドイツ・ライプツィヒ,1813年,1813,WH-001038-R01,reverse,複合説明,reverse,何が起きた？,ドイツ・ライプツィヒを主な舞台に、**ライプツィヒの戦い**は、ロシア・プロイセン・オーストリア・スウェーデンなどの連合軍が、ライプツィヒでナポレオン軍を破った大規模戦闘である。**諸国民戦争**とも呼ばれ、翌年のパリ陥落とナポレオン退位へつながった。,ライプツィヒの戦い|諸国民戦争,,,,世界史の窓（章節別用語リスト）,https://www.y-history.net/appendix/appendix-list.html
世界史段階別デッキ｜Deck 3｜主要王朝・人物・制度の穴埋め400語,WH-001038,1038,Deck 3｜標準,戦争,ライプツィヒの戦い,らいぷつぃひのたたかい,諸国民戦争,近代,ヨーロッパ,ドイツ・ライプツィヒ,1813年,1813,WH-001038-R02,reverse,時期,time,「ライプツィヒの戦い」が戦われたのはいつ？,**1813年**,1813年,,,1813年：「諸国民 人は 勇むぞ ライプチヒ」（1813）諸国民戦争。,世界史の窓（章節別用語リスト）,https://www.y-history.net/appendix/appendix-list.html
世界史段階別デッキ｜Deck 3｜主要王朝・人物・制度の穴埋め400語,WH-001038,1038,Deck 3｜標準,戦争,ライプツィヒの戦い,らいぷつぃひのたたかい,諸国民戦争,近代,ヨーロッパ,ドイツ・ライプツィヒ,1813年,1813,WH-001038-I01,integrated,統合説明,integrated,「ライプツィヒの戦い」について説明せよ。,**1813年**、ドイツ・ライプツィヒを主な舞台に、**ライプツィヒの戦い**は、ロシア・プロイセン・オーストリア・スウェーデンなどの連合軍が、ライプツィヒでナポレオン軍を破った大規模戦闘である。**諸国民戦争**とも呼ばれ、翌年のパリ陥落とナポレオン退位へつながった。,ライプツィヒの戦い|1813年|諸国民戦争,,,1813年：「諸国民 人は 勇むぞ ライプチヒ」（1813）諸国民戦争。,世界史の窓（章節別用語リスト）,https://www.y-history.net/appendix/appendix-list.html
世界史段階別デッキ｜Deck 3｜主要王朝・人物・制度の穴埋め400語,WH-001039,1039,Deck 3｜標準,制度・政策・法律,ヨーロッパ協調,よーろっぱきょうちょう,会議体制|ウィーン体制の列強協調,近代,ヨーロッパ,ヨーロッパ列強諸国,1815年以後,1815,WH-001039-B01,beginner,用語の特定,identify,ウィーン会議後、列強が会議と共同介入で勢力均衡・革命抑制を図った国際秩序は？,ヨーロッパ協調,ヨーロッパ協調,会議体制|ウィーン体制の列強協調,,,世界史の窓（章節別用語リスト）,https://www.y-history.net/appendix/appendix-list.html
世界史段階別デッキ｜Deck 3｜主要王朝・人物・制度の穴埋め400語,WH-001039,1039,Deck 3｜標準,制度・政策・法律,ヨーロッパ協調,よーろっぱきょうちょう,会議体制|ウィーン体制の列強協調,近代,ヨーロッパ,ヨーロッパ列強諸国,1815年以後,1815,WH-001039-B02,beginner,時期,time,「ヨーロッパ協調」が実施・整備されたのはいつ？,1815年以後,1815年以後,,,,世界史の窓（章節別用語リスト）,https://www.y-history.net/appendix/appendix-list.html
世界史段階別デッキ｜Deck 3｜主要王朝・人物・制度の穴埋め400語,WH-001039,1039,Deck 3｜標準,制度・政策・法律,ヨーロッパ協調,よーろっぱきょうちょう,会議体制|ウィーン体制の列強協調,近代,ヨーロッパ,ヨーロッパ列強諸国,1815年以後,1815,WH-001039-B03,beginner,内容,content,「ヨーロッパ協調」について、中心となった原理は？,勢力均衡,勢力均衡,,,,世界史の窓（章節別用語リスト）,https://www.y-history.net/appendix/appendix-list.html
世界史段階別デッキ｜Deck 3｜主要王朝・人物・制度の穴埋め400語,WH-001039,1039,Deck 3｜標準,制度・政策・法律,ヨーロッパ協調,よーろっぱきょうちょう,会議体制|ウィーン体制の列強協調,近代,ヨーロッパ,ヨーロッパ列強諸国,1815年以後,1815,WH-001039-R01,reverse,複合説明,reverse,どんな制度・政策・法律？,ヨーロッパ列強諸国を主な舞台に、**ヨーロッパ協調**は、ウィーン会議後、イギリス・ロシア・オーストリア・プロイセン・のちフランスが会議を開き、**勢力均衡**と現状維持を図った仕組みである。革命や国際危機へ共同対応したが、列強間利害の違いから次第に弱まった。,ヨーロッパ協調|勢力均衡,,,,世界史の窓（章節別用語リスト）,https://www.y-history.net/appendix/appendix-list.html
世界史段階別デッキ｜Deck 3｜主要王朝・人物・制度の穴埋め400語,WH-001039,1039,Deck 3｜標準,制度・政策・法律,ヨーロッパ協調,よーろっぱきょうちょう,会議体制|ウィーン体制の列強協調,近代,ヨーロッパ,ヨーロッパ列強諸国,1815年以後,1815,WH-001039-R02,reverse,時期,time,「ヨーロッパ協調」が実施・整備されたのはいつ？,**1815年以後**,1815年以後,,,,世界史の窓（章節別用語リスト）,https://www.y-history.net/appendix/appendix-list.html
世界史段階別デッキ｜Deck 3｜主要王朝・人物・制度の穴埋め400語,WH-001039,1039,Deck 3｜標準,制度・政策・法律,ヨーロッパ協調,よーろっぱきょうちょう,会議体制|ウィーン体制の列強協調,近代,ヨーロッパ,ヨーロッパ列強諸国,1815年以後,1815,WH-001039-I01,integrated,統合説明,integrated,「ヨーロッパ協調」について説明せよ。,**1815年以後**、ヨーロッパ列強諸国を主な舞台に、**ヨーロッパ協調**は、ウィーン会議後、イギリス・ロシア・オーストリア・プロイセン・のちフランスが会議を開き、**勢力均衡**と現状維持を図った仕組みである。革命や国際危機へ共同対応したが、列強間利害の違いから次第に弱まった。,ヨーロッパ協調|1815年以後|勢力均衡,,,,世界史の窓（章節別用語リスト）,https://www.y-history.net/appendix/appendix-list.html
世界史段階別デッキ｜Deck 3｜主要王朝・人物・制度の穴埋め400語,WH-001043,1043,Deck 3｜標準,民族・身分・社会集団,カウディーリョ,かうでぃーりょ,地方軍事指導者,近代,アメリカ,独立後のラテンアメリカ各地,19世紀を中心,1820,WH-001043-B01,beginner,用語の特定,identify,独立後のラテンアメリカで私兵・地方有力者層を基盤に政治を支配した軍事的指導者を何という？,カウディーリョ,カウディーリョ,地方軍事指導者,,,世界史の窓（章節別用語リスト）,https://www.y-history.net/appendix/appendix-list.html
世界史段階別デッキ｜Deck 3｜主要王朝・人物・制度の穴埋め400語,WH-001043,1043,Deck 3｜標準,民族・身分・社会集団,カウディーリョ,かうでぃーりょ,地方軍事指導者,近代,アメリカ,独立後のラテンアメリカ各地,19世紀を中心,1820,WH-001043-B02,beginner,時期,time,「カウディーリョ」が使用・展開されたのはいつ？,19世紀を中心,19世紀を中心,,,,世界史の窓（章節別用語リスト）,https://www.y-history.net/appendix/appendix-list.html
世界史段階別デッキ｜Deck 3｜主要王朝・人物・制度の穴埋め400語,WH-001043,1043,Deck 3｜標準,民族・身分・社会集団,カウディーリョ,かうでぃーりょ,地方軍事指導者,近代,アメリカ,独立後のラテンアメリカ各地,19世紀を中心,1820,WH-001043-B03,beginner,内容,content,「カウディーリョ」について、権力基盤は？,私兵と地方有力者,私兵と地方有力者,,,,世界史の窓（章節別用語リスト）,https://www.y-history.net/appendix/appendix-list.html
世界史段階別デッキ｜Deck 3｜主要王朝・人物・制度の穴埋め400語,WH-001043,1043,Deck 3｜標準,民族・身分・社会集団,カウディーリョ,かうでぃーりょ,地方軍事指導者,近代,アメリカ,独立後のラテンアメリカ各地,19世紀を中心,1820,WH-001043-R01,reverse,複合説明,reverse,どんな人々・集団？,独立後のラテンアメリカ各地を主な舞台に、**カウディーリョ**は、独立戦争後の国家制度が弱いラテンアメリカで、土地・軍事力・個人的忠誠関係を基盤に地方や国家を支配した強権的指導者である。政情安定に寄与する一方、軍事独裁と地域分裂を招いた。,カウディーリョ,,,,世界史の窓（章節別用語リスト）,https://www.y-history.net/appendix/appendix-list.html
世界史段階別デッキ｜Deck 3｜主要王朝・人物・制度の穴埋め400語,WH-001043,1043,Deck 3｜標準,民族・身分・社会集団,カウディーリョ,かうでぃーりょ,地方軍事指導者,近代,アメリカ,独立後のラテンアメリカ各地,19世紀を中心,1820,WH-001043-R02,reverse,時期,time,「カウディーリョ」が使用・展開されたのはいつ？,**19世紀を中心**,19世紀を中心,,,,世界史の窓（章節別用語リスト）,https://www.y-history.net/appendix/appendix-list.html
世界史段階別デッキ｜Deck 3｜主要王朝・人物・制度の穴埋め400語,WH-001043,1043,Deck 3｜標準,民族・身分・社会集団,カウディーリョ,かうでぃーりょ,地方軍事指導者,近代,アメリカ,独立後のラテンアメリカ各地,19世紀を中心,1820,WH-001043-I01,integrated,統合説明,integrated,「カウディーリョ」について説明せよ。,**19世紀を中心**、独立後のラテンアメリカ各地を主な舞台に、**カウディーリョ**は、独立戦争後の国家制度が弱いラテンアメリカで、土地・軍事力・個人的忠誠関係を基盤に地方や国家を支配した強権的指導者である。政情安定に寄与する一方、軍事独裁と地域分裂を招いた。,カウディーリョ|19世紀を中心,,,,世界史の窓（章節別用語リスト）,https://www.y-history.net/appendix/appendix-list.html
世界史段階別デッキ｜Deck 3｜主要王朝・人物・制度の穴埋め400語,WH-001069,1069,Deck 3｜標準,制度・政策・法律,ミズーリ協定,みずーりきょうてい,ミズーリ妥協,近代,アメリカ,アメリカ合衆国・ルイジアナ購入地,1820年,1820,WH-001069-B01,beginner,用語の特定,identify,ミズーリを奴隷州、メインを自由州とし、北緯36度30分以北で奴隷制を禁じた妥協は？,ミズーリ協定,ミズーリ協定,ミズーリ妥協,,,世界史の窓（章節別用語リスト）,https://www.y-history.net/appendix/appendix-list.html
世界史段階別デッキ｜Deck 3｜主要王朝・人物・制度の穴埋め400語,WH-001069,1069,Deck 3｜標準,制度・政策・法律,ミズーリ協定,みずーりきょうてい,ミズーリ妥協,近代,アメリカ,アメリカ合衆国・ルイジアナ購入地,1820年,1820,WH-001069-B02,beginner,時期,time,「ミズーリ協定」が実施・整備されたのはいつ？,1820年,1820年,,,,世界史の窓（章節別用語リスト）,https://www.y-history.net/appendix/appendix-list.html
世界史段階別デッキ｜Deck 3｜主要王朝・人物・制度の穴埋め400語,WH-001069,1069,Deck 3｜標準,制度・政策・法律,ミズーリ協定,みずーりきょうてい,ミズーリ妥協,近代,アメリカ,アメリカ合衆国・ルイジアナ購入地,1820年,1820,WH-001069-B03,beginner,地域,place,「ミズーリ協定」について、境界とした緯度は？,北緯36度30分,北緯36度30分,,,,世界史の窓（章節別用語リスト）,https://www.y-history.net/appendix/appendix-list.html
世界史段階別デッキ｜Deck 3｜主要王朝・人物・制度の穴埋め400語,WH-001069,1069,Deck 3｜標準,制度・政策・法律,ミズーリ協定,みずーりきょうてい,ミズーリ妥協,近代,アメリカ,アメリカ合衆国・ルイジアナ購入地,1820年,1820,WH-001069-R01,reverse,複合説明,reverse,どんな制度・政策・法律？,アメリカ合衆国・ルイジアナ購入地を主な舞台に、**ミズーリ協定**は、自由州と奴隷州の上院均衡を保つため、**ミズーリ**を奴隷州、メインを自由州として加入させた。ルイジアナ購入地では原則として**北緯36度30分**以北の奴隷制を禁じた。,ミズーリ協定|ミズーリ|北緯36度30分,,,,世界史の窓（章節別用語リスト）,https://www.y-history.net/appendix/appendix-list.html
世界史段階別デッキ｜Deck 3｜主要王朝・人物・制度の穴埋め400語,WH-001069,1069,Deck 3｜標準,制度・政策・法律,ミズーリ協定,みずーりきょうてい,ミズーリ妥協,近代,アメリカ,アメリカ合衆国・ルイジアナ購入地,1820年,1820,WH-001069-R02,reverse,時期,time,「ミズーリ協定」が実施・整備されたのはいつ？,**1820年**,1820年,,,,世界史の窓（章節別用語リスト）,https://www.y-history.net/appendix/appendix-list.html
世界史段階別デッキ｜Deck 3｜主要王朝・人物・制度の穴埋め400語,WH-001069,1069,Deck 3｜標準,制度・政策・法律,ミズーリ協定,みずーりきょうてい,ミズーリ妥協,近代,アメリカ,アメリカ合衆国・ルイジアナ購入地,1820年,1820,WH-001069-I01,integrated,統合説明,integrated,「ミズーリ協定」について説明せよ。,**1820年**、アメリカ合衆国・ルイジアナ購入地を主な舞台に、**ミズーリ協定**は、自由州と奴隷州の上院均衡を保つため、**ミズーリ**を奴隷州、メインを自由州として加入させた。ルイジアナ購入地では原則として**北緯36度30分**以北の奴隷制を禁じた。,ミズーリ協定|1820年|ミズーリ|北緯36度30分,,,,世界史の窓（章節別用語リスト）,https://www.y-history.net/appendix/appendix-list.html
世界史段階別デッキ｜Deck 3｜主要王朝・人物・制度の穴埋め400語,WH-001041,1041,Deck 3｜標準,人物,イトゥルビデ,いとぅるびで,アグスティン＝デ＝イトゥルビデ,近代,アメリカ,メキシコ,19世紀前半,1821,WH-001041-B01,beginner,用語の特定,identify,保守派と独立派を結び、1821年にメキシコ独立を実現して皇帝となった軍人は？,イトゥルビデ,イトゥルビデ,アグスティン＝デ＝イトゥルビデ,,,世界史の窓（章節別用語リスト）,https://www.y-history.net/appendix/appendix-list.html
世界史段階別デッキ｜Deck 3｜主要王朝・人物・制度の穴埋め400語,WH-001041,1041,Deck 3｜標準,人物,イトゥルビデ,いとぅるびで,アグスティン＝デ＝イトゥルビデ,近代,アメリカ,メキシコ,19世紀前半,1821,WH-001041-B02,beginner,時期,time,「イトゥルビデ」が主に活動したのはいつ？,19世紀前半,19世紀前半,,,,世界史の窓（章節別用語リスト）,https://www.y-history.net/appendix/appendix-list.html
世界史段階別デッキ｜Deck 3｜主要王朝・人物・制度の穴埋め400語,WH-001041,1041,Deck 3｜標準,人物,イトゥルビデ,いとぅるびで,アグスティン＝デ＝イトゥルビデ,近代,アメリカ,メキシコ,19世紀前半,1821,WH-001041-B03,beginner,内容,content,「イトゥルビデ」について、発表した独立構想は？,イグアラ綱領,イグアラ綱領,,,,世界史の窓（章節別用語リスト）,https://www.y-history.net/appendix/appendix-list.html
世界史段階別デッキ｜Deck 3｜主要王朝・人物・制度の穴埋め400語,WH-001041,1041,Deck 3｜標準,人物,イトゥルビデ,いとぅるびで,アグスティン＝デ＝イトゥルビデ,近代,アメリカ,メキシコ,19世紀前半,1821,WH-001041-R01,reverse,複合説明,reverse,何をした？,メキシコを主な舞台に、**イトゥルビデ**は、スペイン王党派軍人から独立側へ転じ、**イグアラ綱領**で独立・カトリック維持・人種間統合を掲げた。1821年に独立を達成し皇帝アグスティン1世となったが、翌年政権を失った。,イトゥルビデ|イグアラ綱領,,,,世界史の窓（章節別用語リスト）,https://www.y-history.net/appendix/appendix-list.html
世界史段階別デッキ｜Deck 3｜主要王朝・人物・制度の穴埋め400語,WH-001041,1041,Deck 3｜標準,人物,イトゥルビデ,いとぅるびで,アグスティン＝デ＝イトゥルビデ,近代,アメリカ,メキシコ,19世紀前半,1821,WH-001041-R02,reverse,時期,time,「イトゥルビデ」が主に活動したのはいつ？,**19世紀前半**,19世紀前半,,,,世界史の窓（章節別用語リスト）,https://www.y-history.net/appendix/appendix-list.html
世界史段階別デッキ｜Deck 3｜主要王朝・人物・制度の穴埋め400語,WH-001041,1041,Deck 3｜標準,人物,イトゥルビデ,いとぅるびで,アグスティン＝デ＝イトゥルビデ,近代,アメリカ,メキシコ,19世紀前半,1821,WH-001041-I01,integrated,統合説明,integrated,「イトゥルビデ」について説明せよ。,**19世紀前半**、メキシコを主な舞台に、**イトゥルビデ**は、スペイン王党派軍人から独立側へ転じ、**イグアラ綱領**で独立・カトリック維持・人種間統合を掲げた。1821年に独立を達成し皇帝アグスティン1世となったが、翌年政権を失った。,イトゥルビデ|19世紀前半|イグアラ綱領,,,,世界史の窓（章節別用語リスト）,https://www.y-history.net/appendix/appendix-list.html
世界史段階別デッキ｜Deck 3｜主要王朝・人物・制度の穴埋め400語,WH-001042,1042,Deck 3｜標準,人物,ペドロ1世,ぺどろいっせい,ブラジル皇帝ペドロ1世,近代,アメリカ,ブラジル,1822〜1831年在位,1822,WH-001042-B01,beginner,用語の特定,identify,ポルトガル王子としてブラジル独立を宣言し、立憲帝国の初代皇帝となった人物は？,ペドロ1世,ペドロ1世,ブラジル皇帝ペドロ1世,,,世界史の窓（章節別用語リスト）,https://www.y-history.net/appendix/appendix-list.html
世界史段階別デッキ｜Deck 3｜主要王朝・人物・制度の穴埋め400語,WH-001042,1042,Deck 3｜標準,人物,ペドロ1世,ぺどろいっせい,ブラジル皇帝ペドロ1世,近代,アメリカ,ブラジル,1822〜1831年在位,1822,WH-001042-B02,beginner,時期,time,「ペドロ1世」が主に活動したのはいつ？,1822〜1831年在位,1822〜1831年在位,,,,世界史の窓（章節別用語リスト）,https://www.y-history.net/appendix/appendix-list.html
世界史段階別デッキ｜Deck 3｜主要王朝・人物・制度の穴埋め400語,WH-001042,1042,Deck 3｜標準,人物,ペドロ1世,ぺどろいっせい,ブラジル皇帝ペドロ1世,近代,アメリカ,ブラジル,1822〜1831年在位,1822,WH-001042-B03,beginner,内容,content,「ペドロ1世」について、独立させた国は？,ブラジル,ブラジル,,,,世界史の窓（章節別用語リスト）,https://www.y-history.net/appendix/appendix-list.html
世界史段階別デッキ｜Deck 3｜主要王朝・人物・制度の穴埋め400語,WH-001042,1042,Deck 3｜標準,人物,ペドロ1世,ぺどろいっせい,ブラジル皇帝ペドロ1世,近代,アメリカ,ブラジル,1822〜1831年在位,1822,WH-001042-R01,reverse,複合説明,reverse,何をした？,ブラジルを主な舞台に、**ペドロ1世**は、ポルトガル王子としてリオデジャネイロに残り、1822年に**ブラジル独立**を宣言して初代皇帝となった。中央集権的な1824年憲法を制定したが、政治対立から1831年に退位した。,ペドロ1世|ブラジル独立,,,,世界史の窓（章節別用語リスト）,https://www.y-history.net/appendix/appendix-list.html
世界史段階別デッキ｜Deck 3｜主要王朝・人物・制度の穴埋め400語,WH-001042,1042,Deck 3｜標準,人物,ペドロ1世,ぺどろいっせい,ブラジル皇帝ペドロ1世,近代,アメリカ,ブラジル,1822〜1831年在位,1822,WH-001042-R02,reverse,時期,time,「ペドロ1世」が主に活動したのはいつ？,**1822〜1831年在位**,1822〜1831年在位,,,,世界史の窓（章節別用語リスト）,https://www.y-history.net/appendix/appendix-list.html
世界史段階別デッキ｜Deck 3｜主要王朝・人物・制度の穴埋め400語,WH-001042,1042,Deck 3｜標準,人物,ペドロ1世,ぺどろいっせい,ブラジル皇帝ペドロ1世,近代,アメリカ,ブラジル,1822〜1831年在位,1822,WH-001042-I01,integrated,統合説明,integrated,「ペドロ1世」について説明せよ。,**1822〜1831年在位**、ブラジルを主な舞台に、**ペドロ1世**は、ポルトガル王子としてリオデジャネイロに残り、1822年に**ブラジル独立**を宣言して初代皇帝となった。中央集権的な1824年憲法を制定したが、政治対立から1831年に退位した。,ペドロ1世|1822〜1831年在位|ブラジル独立,,,,世界史の窓（章節別用語リスト）,https://www.y-history.net/appendix/appendix-list.html
世界史段階別デッキ｜Deck 3｜主要王朝・人物・制度の穴埋め400語,WH-001017,1017,Deck 3｜標準,人物,スティーヴンソン,すてぃーゔんそん,ジョージ＝スティーヴンソン,近代,ヨーロッパ,イギリス,19世紀前半,1825,WH-001017-B01,beginner,用語の特定,identify,実用的な蒸気機関車を開発し、世界初期の公共鉄道開業を担った技術者は？,スティーヴンソン,スティーヴンソン,ジョージ＝スティーヴンソン,,,世界史の窓（章節別用語リスト）,https://www.y-history.net/appendix/appendix-list.html
世界史段階別デッキ｜Deck 3｜主要王朝・人物・制度の穴埋め400語,WH-001017,1017,Deck 3｜標準,人物,スティーヴンソン,すてぃーゔんそん,ジョージ＝スティーヴンソン,近代,ヨーロッパ,イギリス,19世紀前半,1825,WH-001017-B02,beginner,時期,time,「スティーヴンソン」が主に活動したのはいつ？,19世紀前半,19世紀前半,,,,世界史の窓（章節別用語リスト）,https://www.y-history.net/appendix/appendix-list.html
世界史段階別デッキ｜Deck 3｜主要王朝・人物・制度の穴埋め400語,WH-001017,1017,Deck 3｜標準,人物,スティーヴンソン,すてぃーゔんそん,ジョージ＝スティーヴンソン,近代,ヨーロッパ,イギリス,19世紀前半,1825,WH-001017-B03,beginner,内容,content,「スティーヴンソン」について、開発した交通機関は？,蒸気機関車,蒸気機関車,,,,世界史の窓（章節別用語リスト）,https://www.y-history.net/appendix/appendix-list.html
世界史段階別デッキ｜Deck 3｜主要王朝・人物・制度の穴埋め400語,WH-001017,1017,Deck 3｜標準,人物,スティーヴンソン,すてぃーゔんそん,ジョージ＝スティーヴンソン,近代,ヨーロッパ,イギリス,19世紀前半,1825,WH-001017-R01,reverse,複合説明,reverse,何をした？,イギリスを主な舞台に、**スティーヴンソン**は、イギリスの技術者で実用的な**蒸気機関車**を改良し、1825年のストックトン＝ダーリントン鉄道、1830年のリヴァプール＝マンチェスター鉄道の開業に貢献した。鉄道時代を切り開いた。,スティーヴンソン|蒸気機関車,,,,世界史の窓（章節別用語リスト）,https://www.y-history.net/appendix/appendix-list.html
世界史段階別デッキ｜Deck 3｜主要王朝・人物・制度の穴埋め400語,WH-001017,1017,Deck 3｜標準,人物,スティーヴンソン,すてぃーゔんそん,ジョージ＝スティーヴンソン,近代,ヨーロッパ,イギリス,19世紀前半,1825,WH-001017-R02,reverse,時期,time,「スティーヴンソン」が主に活動したのはいつ？,**19世紀前半**,19世紀前半,,,,世界史の窓（章節別用語リスト）,https://www.y-history.net/appendix/appendix-list.html
世界史段階別デッキ｜Deck 3｜主要王朝・人物・制度の穴埋め400語,WH-001017,1017,Deck 3｜標準,人物,スティーヴンソン,すてぃーゔんそん,ジョージ＝スティーヴンソン,近代,ヨーロッパ,イギリス,19世紀前半,1825,WH-001017-I01,integrated,統合説明,integrated,「スティーヴンソン」について説明せよ。,**19世紀前半**、イギリスを主な舞台に、**スティーヴンソン**は、イギリスの技術者で実用的な**蒸気機関車**を改良し、1825年のストックトン＝ダーリントン鉄道、1830年のリヴァプール＝マンチェスター鉄道の開業に貢献した。鉄道時代を切り開いた。,スティーヴンソン|19世紀前半|蒸気機関車,,,,世界史の窓（章節別用語リスト）,https://www.y-history.net/appendix/appendix-list.html
世界史段階別デッキ｜Deck 3｜主要王朝・人物・制度の穴埋め400語,WH-001018,1018,Deck 3｜標準,文化・技術・学問,鉄道,てつどう,,近代,複数地域,イギリスからヨーロッパ・アメリカ・世界各地,19世紀以後,1825,WH-001018-B01,beginner,用語の特定,identify,蒸気機関車と線路により大量の人・原料・商品を高速輸送し、工業化を促した交通網は？,鉄道,鉄道,,,,世界史の窓（章節別用語リスト）,https://www.y-history.net/appendix/appendix-list.html
世界史段階別デッキ｜Deck 3｜主要王朝・人物・制度の穴埋め400語,WH-001018,1018,Deck 3｜標準,文化・技術・学問,鉄道,てつどう,,近代,複数地域,イギリスからヨーロッパ・アメリカ・世界各地,19世紀以後,1825,WH-001018-B02,beginner,時期,time,「鉄道」が使用・展開されたのはいつ？,19世紀以後,19世紀以後,,,,世界史の窓（章節別用語リスト）,https://www.y-history.net/appendix/appendix-list.html
世界史段階別デッキ｜Deck 3｜主要王朝・人物・制度の穴埋め400語,WH-001018,1018,Deck 3｜標準,文化・技術・学問,鉄道,てつどう,,近代,複数地域,イギリスからヨーロッパ・アメリカ・世界各地,19世紀以後,1825,WH-001018-B03,beginner,内容,content,「鉄道」について、初期発展の中心国は？,イギリス,イギリス,,,,世界史の窓（章節別用語リスト）,https://www.y-history.net/appendix/appendix-list.html
世界史段階別デッキ｜Deck 3｜主要王朝・人物・制度の穴埋め400語,WH-001018,1018,Deck 3｜標準,文化・技術・学問,鉄道,てつどう,,近代,複数地域,イギリスからヨーロッパ・アメリカ・世界各地,19世紀以後,1825,WH-001018-R01,reverse,複合説明,reverse,どんな文化・技術・学問？,イギリスからヨーロッパ・アメリカ・世界各地を主な舞台に、**鉄道**は、19世紀のイギリスで蒸気機関車を用いる公共交通として発達し、石炭・鉄・綿製品や人員を高速・大量に運んだ。市場を全国化し、都市化・標準時・重工業を促して世界各地へ広がった。,鉄道,,,,世界史の窓（章節別用語リスト）,https://www.y-history.net/appendix/appendix-list.html
世界史段階別デッキ｜Deck 3｜主要王朝・人物・制度の穴埋め400語,WH-001018,1018,Deck 3｜標準,文化・技術・学問,鉄道,てつどう,,近代,複数地域,イギリスからヨーロッパ・アメリカ・世界各地,19世紀以後,1825,WH-001018-R02,reverse,時期,time,「鉄道」が使用・展開されたのはいつ？,**19世紀以後**,19世紀以後,,,,世界史の窓（章節別用語リスト）,https://www.y-history.net/appendix/appendix-list.html
世界史段階別デッキ｜Deck 3｜主要王朝・人物・制度の穴埋め400語,WH-001018,1018,Deck 3｜標準,文化・技術・学問,鉄道,てつどう,,近代,複数地域,イギリスからヨーロッパ・アメリカ・世界各地,19世紀以後,1825,WH-001018-I01,integrated,統合説明,integrated,「鉄道」について説明せよ。,**19世紀以後**、イギリスからヨーロッパ・アメリカ・世界各地を主な舞台に、**鉄道**は、19世紀のイギリスで蒸気機関車を用いる公共交通として発達し、石炭・鉄・綿製品や人員を高速・大量に運んだ。市場を全国化し、都市化・標準時・重工業を促して世界各地へ広がった。,鉄道|19世紀以後,,,,世界史の窓（章節別用語リスト）,https://www.y-history.net/appendix/appendix-list.html
世界史段階別デッキ｜Deck 3｜主要王朝・人物・制度の穴埋め400語,WH-001044,1044,Deck 3｜標準,人物,ルイ＝フィリップ,るいふぃりっぷ,市民王,近代,ヨーロッパ,フランス,1830〜1848年在位,1830,WH-001044-B01,beginner,用語の特定,identify,七月革命で即位し、富裕市民を基盤とする七月王政を率いた「市民王」は？,ルイ＝フィリップ,ルイ＝フィリップ,市民王,,,世界史の窓（章節別用語リスト）,https://www.y-history.net/appendix/appendix-list.html
世界史段階別デッキ｜Deck 3｜主要王朝・人物・制度の穴埋め400語,WH-001044,1044,Deck 3｜標準,人物,ルイ＝フィリップ,るいふぃりっぷ,市民王,近代,ヨーロッパ,フランス,1830〜1848年在位,1830,WH-001044-B02,beginner,時期,time,「ルイ＝フィリップ」が主に活動したのはいつ？,1830〜1848年在位,1830〜1848年在位,,,,世界史の窓（章節別用語リスト）,https://www.y-history.net/appendix/appendix-list.html
世界史段階別デッキ｜Deck 3｜主要王朝・人物・制度の穴埋め400語,WH-001044,1044,Deck 3｜標準,人物,ルイ＝フィリップ,るいふぃりっぷ,市民王,近代,ヨーロッパ,フランス,1830〜1848年在位,1830,WH-001044-B03,beginner,内容,content,「ルイ＝フィリップ」について、成立した王政は？,七月王政,七月王政,,,,世界史の窓（章節別用語リスト）,https://www.y-history.net/appendix/appendix-list.html
世界史段階別デッキ｜Deck 3｜主要王朝・人物・制度の穴埋め400語,WH-001044,1044,Deck 3｜標準,人物,ルイ＝フィリップ,るいふぃりっぷ,市民王,近代,ヨーロッパ,フランス,1830〜1848年在位,1830,WH-001044-R01,reverse,複合説明,reverse,何をした？,フランスを主な舞台に、**ルイ＝フィリップ**は、オルレアン家出身で、1830年の**七月革命**後に「フランス人の王」として即位した。富裕ブルジョワジー中心の制限選挙を維持したため改革要求が高まり、1848年の二月革命で退位した。,ルイ＝フィリップ|七月革命,,,,世界史の窓（章節別用語リスト）,https://www.y-history.net/appendix/appendix-list.html
世界史段階別デッキ｜Deck 3｜主要王朝・人物・制度の穴埋め400語,WH-001044,1044,Deck 3｜標準,人物,ルイ＝フィリップ,るいふぃりっぷ,市民王,近代,ヨーロッパ,フランス,1830〜1848年在位,1830,WH-001044-R02,reverse,時期,time,「ルイ＝フィリップ」が主に活動したのはいつ？,**1830〜1848年在位**,1830〜1848年在位,,,,世界史の窓（章節別用語リスト）,https://www.y-history.net/appendix/appendix-list.html
世界史段階別デッキ｜Deck 3｜主要王朝・人物・制度の穴埋め400語,WH-001044,1044,Deck 3｜標準,人物,ルイ＝フィリップ,るいふぃりっぷ,市民王,近代,ヨーロッパ,フランス,1830〜1848年在位,1830,WH-001044-I01,integrated,統合説明,integrated,「ルイ＝フィリップ」について説明せよ。,**1830〜1848年在位**、フランスを主な舞台に、**ルイ＝フィリップ**は、オルレアン家出身で、1830年の**七月革命**後に「フランス人の王」として即位した。富裕ブルジョワジー中心の制限選挙を維持したため改革要求が高まり、1848年の二月革命で退位した。,ルイ＝フィリップ|1830〜1848年在位|七月革命,,,,世界史の窓（章節別用語リスト）,https://www.y-history.net/appendix/appendix-list.html
世界史段階別デッキ｜Deck 3｜主要王朝・人物・制度の穴埋め400語,WH-001087,1087,Deck 3｜標準,事件・革命,アルジェリア植民地化,あるじぇりあしょくみんちか,フランスのアルジェリア征服,近代,アフリカ,北アフリカ・アルジェリア,1830年以後,1830,WH-001087-B01,beginner,用語の特定,identify,フランスがオスマン支配下のアルジェを占領し、多数のヨーロッパ系入植者を送り込んだ植民地化は？,アルジェリア植民地化,アルジェリア植民地化,フランスのアルジェリア征服,,,世界史の窓（章節別用語リスト）,https://www.y-history.net/appendix/appendix-list.html
世界史段階別デッキ｜Deck 3｜主要王朝・人物・制度の穴埋め400語,WH-001087,1087,Deck 3｜標準,事件・革命,アルジェリア植民地化,あるじぇりあしょくみんちか,フランスのアルジェリア征服,近代,アフリカ,北アフリカ・アルジェリア,1830年以後,1830,WH-001087-B02,beginner,時期,time,「アルジェリア植民地化」が起きたのはいつ？,1830年以後,1830年以後,,,,世界史の窓（章節別用語リスト）,https://www.y-history.net/appendix/appendix-list.html
世界史段階別デッキ｜Deck 3｜主要王朝・人物・制度の穴埋め400語,WH-001087,1087,Deck 3｜標準,事件・革命,アルジェリア植民地化,あるじぇりあしょくみんちか,フランスのアルジェリア征服,近代,アフリカ,北アフリカ・アルジェリア,1830年以後,1830,WH-001087-B03,beginner,中心人物,person,「アルジェリア植民地化」について、抵抗を指導した人物は？,アブド＝アルカーディル,アブド＝アルカーディル,,,,世界史の窓（章節別用語リスト）,https://www.y-history.net/appendix/appendix-list.html
世界史段階別デッキ｜Deck 3｜主要王朝・人物・制度の穴埋め400語,WH-001087,1087,Deck 3｜標準,事件・革命,アルジェリア植民地化,あるじぇりあしょくみんちか,フランスのアルジェリア征服,近代,アフリカ,北アフリカ・アルジェリア,1830年以後,1830,WH-001087-R01,reverse,複合説明,reverse,何が起きた？,北アフリカ・アルジェリアを主な舞台に、**アルジェリア植民地化**は、フランスが1830年にアルジェを占領し、**アブド＝アルカーディル**らの抵抗を抑えて領土を拡大した。土地を没収してヨーロッパ系入植者を定住させ、本国の一部として扱う入植植民地を形成した。,アルジェリア植民地化|アブド＝アルカーディル,,,,世界史の窓（章節別用語リスト）,https://www.y-history.net/appendix/appendix-list.html
世界史段階別デッキ｜Deck 3｜主要王朝・人物・制度の穴埋め400語,WH-001087,1087,Deck 3｜標準,事件・革命,アルジェリア植民地化,あるじぇりあしょくみんちか,フランスのアルジェリア征服,近代,アフリカ,北アフリカ・アルジェリア,1830年以後,1830,WH-001087-R02,reverse,時期,time,「アルジェリア植民地化」が起きたのはいつ？,**1830年以後**,1830年以後,,,,世界史の窓（章節別用語リスト）,https://www.y-history.net/appendix/appendix-list.html
世界史段階別デッキ｜Deck 3｜主要王朝・人物・制度の穴埋め400語,WH-001087,1087,Deck 3｜標準,事件・革命,アルジェリア植民地化,あるじぇりあしょくみんちか,フランスのアルジェリア征服,近代,アフリカ,北アフリカ・アルジェリア,1830年以後,1830,WH-001087-I01,integrated,統合説明,integrated,「アルジェリア植民地化」について説明せよ。,**1830年以後**、北アフリカ・アルジェリアを主な舞台に、**アルジェリア植民地化**は、フランスが1830年にアルジェを占領し、**アブド＝アルカーディル**らの抵抗を抑えて領土を拡大した。土地を没収してヨーロッパ系入植者を定住させ、本国の一部として扱う入植植民地を形成した。,アルジェリア植民地化|1830年以後|アブド＝アルカーディル,,,,世界史の窓（章節別用語リスト）,https://www.y-history.net/appendix/appendix-list.html
世界史段階別デッキ｜Deck 3｜主要王朝・人物・制度の穴埋め400語,WH-001111,1111,Deck 3｜標準,制度・政策・法律,強制栽培制度,きょうせいさいばいせいど,栽培制度|カルチュール＝システム,近代,東南アジア,オランダ領東インド・ジャワ島,1830〜1870年頃,1830,WH-001111-B01,beginner,用語の特定,identify,ジャワ農民に土地・労働の一部でコーヒー・砂糖など輸出作物を栽培させた制度は？,強制栽培制度,強制栽培制度,栽培制度|カルチュール＝システム,,,世界史の窓（章節別用語リスト）,https://www.y-history.net/appendix/appendix-list.html
世界史段階別デッキ｜Deck 3｜主要王朝・人物・制度の穴埋め400語,WH-001111,1111,Deck 3｜標準,制度・政策・法律,強制栽培制度,きょうせいさいばいせいど,栽培制度|カルチュール＝システム,近代,東南アジア,オランダ領東インド・ジャワ島,1830〜1870年頃,1830,WH-001111-B02,beginner,時期,time,「強制栽培制度」が実施・整備されたのはいつ？,1830〜1870年頃,1830〜1870年頃,,,,世界史の窓（章節別用語リスト）,https://www.y-history.net/appendix/appendix-list.html
世界史段階別デッキ｜Deck 3｜主要王朝・人物・制度の穴埋め400語,WH-001111,1111,Deck 3｜標準,制度・政策・法律,強制栽培制度,きょうせいさいばいせいど,栽培制度|カルチュール＝システム,近代,東南アジア,オランダ領東インド・ジャワ島,1830〜1870年頃,1830,WH-001111-B03,beginner,内容,content,「強制栽培制度」について、実施した植民国は？,オランダ,オランダ,,,,世界史の窓（章節別用語リスト）,https://www.y-history.net/appendix/appendix-list.html
世界史段階別デッキ｜Deck 3｜主要王朝・人物・制度の穴埋め400語,WH-001111,1111,Deck 3｜標準,制度・政策・法律,強制栽培制度,きょうせいさいばいせいど,栽培制度|カルチュール＝システム,近代,東南アジア,オランダ領東インド・ジャワ島,1830〜1870年頃,1830,WH-001111-R01,reverse,複合説明,reverse,どんな制度・政策・法律？,オランダ領東インド・ジャワ島を主な舞台に、**強制栽培制度**は、オランダが財政再建のため、ジャワ農民に耕地・労働の一部をコーヒー・砂糖・藍など輸出作物生産へ割り当てさせ、政府へ納入させた。大きな利益を本国へもたらしたが、農民の貧困・飢饉を招いた。,強制栽培制度,,,,世界史の窓（章節別用語リスト）,https://www.y-history.net/appendix/appendix-list.html
世界史段階別デッキ｜Deck 3｜主要王朝・人物・制度の穴埋め400語,WH-001111,1111,Deck 3｜標準,制度・政策・法律,強制栽培制度,きょうせいさいばいせいど,栽培制度|カルチュール＝システム,近代,東南アジア,オランダ領東インド・ジャワ島,1830〜1870年頃,1830,WH-001111-R02,reverse,時期,time,「強制栽培制度」が実施・整備されたのはいつ？,**1830〜1870年頃**,1830〜1870年頃,,,,世界史の窓（章節別用語リスト）,https://www.y-history.net/appendix/appendix-list.html
世界史段階別デッキ｜Deck 3｜主要王朝・人物・制度の穴埋め400語,WH-001111,1111,Deck 3｜標準,制度・政策・法律,強制栽培制度,きょうせいさいばいせいど,栽培制度|カルチュール＝システム,近代,東南アジア,オランダ領東インド・ジャワ島,1830〜1870年頃,1830,WH-001111-I01,integrated,統合説明,integrated,「強制栽培制度」について説明せよ。,**1830〜1870年頃**、オランダ領東インド・ジャワ島を主な舞台に、**強制栽培制度**は、オランダが財政再建のため、ジャワ農民に耕地・労働の一部をコーヒー・砂糖・藍など輸出作物生産へ割り当てさせ、政府へ納入させた。大きな利益を本国へもたらしたが、農民の貧困・飢饉を招いた。,強制栽培制度|1830〜1870年頃,,,,世界史の窓（章節別用語リスト）,https://www.y-history.net/appendix/appendix-list.html
世界史段階別デッキ｜Deck 3｜主要王朝・人物・制度の穴埋め400語,WH-001051,1051,Deck 3｜標準,制度・政策・法律,第1回選挙法改正,だいいっかいせんきょほうかいせい,1832年選挙法改正,近代,ヨーロッパ,イギリス,1832年,1832,WH-001051-B01,beginner,用語の特定,identify,腐敗選挙区を削減し、新興工業都市へ議席を配分して中産階級へ選挙権を広げた改革は？,第1回選挙法改正,第1回選挙法改正,1832年選挙法改正,,,世界史の窓（章節別用語リスト）,https://www.y-history.net/appendix/appendix-list.html
世界史段階別デッキ｜Deck 3｜主要王朝・人物・制度の穴埋め400語,WH-001051,1051,Deck 3｜標準,制度・政策・法律,第1回選挙法改正,だいいっかいせんきょほうかいせい,1832年選挙法改正,近代,ヨーロッパ,イギリス,1832年,1832,WH-001051-B02,beginner,時期,time,「第1回選挙法改正」が実施・整備されたのはいつ？,1832年,1832年,,,1832年：「イギリスの 人は 見つめる 選挙の改正」（1832）イギリスで第1回選挙法改正。,世界史の窓（章節別用語リスト）,https://www.y-history.net/appendix/appendix-list.html
世界史段階別デッキ｜Deck 3｜主要王朝・人物・制度の穴埋め400語,WH-001051,1051,Deck 3｜標準,制度・政策・法律,第1回選挙法改正,だいいっかいせんきょほうかいせい,1832年選挙法改正,近代,ヨーロッパ,イギリス,1832年,1832,WH-001051-B03,beginner,関連,relation,「第1回選挙法改正」について、主に選挙権を得た層は？,都市中産階級,都市中産階級,,,,世界史の窓（章節別用語リスト）,https://www.y-history.net/appendix/appendix-list.html
世界史段階別デッキ｜Deck 3｜主要王朝・人物・制度の穴埋め400語,WH-001051,1051,Deck 3｜標準,制度・政策・法律,第1回選挙法改正,だいいっかいせんきょほうかいせい,1832年選挙法改正,近代,ヨーロッパ,イギリス,1832年,1832,WH-001051-R01,reverse,複合説明,reverse,どんな制度・政策・法律？,イギリスを主な舞台に、**第1回選挙法改正**は、1832年に腐敗選挙区の多くを廃止し、マンチェスターなど新興工業都市へ議席を再配分した。財産資格を緩和して**都市中産階級**へ選挙権を広げたが、労働者はなお排除された。,第1回選挙法改正|都市中産階級,,,1832年：「イギリスの 人は 見つめる 選挙の改正」（1832）イギリスで第1回選挙法改正。,世界史の窓（章節別用語リスト）,https://www.y-history.net/appendix/appendix-list.html
世界史段階別デッキ｜Deck 3｜主要王朝・人物・制度の穴埋め400語,WH-001051,1051,Deck 3｜標準,制度・政策・法律,第1回選挙法改正,だいいっかいせんきょほうかいせい,1832年選挙法改正,近代,ヨーロッパ,イギリス,1832年,1832,WH-001051-R02,reverse,時期,time,「第1回選挙法改正」が実施・整備されたのはいつ？,**1832年**,1832年,,,1832年：「イギリスの 人は 見つめる 選挙の改正」（1832）イギリスで第1回選挙法改正。,世界史の窓（章節別用語リスト）,https://www.y-history.net/appendix/appendix-list.html
世界史段階別デッキ｜Deck 3｜主要王朝・人物・制度の穴埋め400語,WH-001051,1051,Deck 3｜標準,制度・政策・法律,第1回選挙法改正,だいいっかいせんきょほうかいせい,1832年選挙法改正,近代,ヨーロッパ,イギリス,1832年,1832,WH-001051-I01,integrated,統合説明,integrated,「第1回選挙法改正」について説明せよ。,**1832年**、イギリスを主な舞台に、**第1回選挙法改正**は、1832年に腐敗選挙区の多くを廃止し、マンチェスターなど新興工業都市へ議席を再配分した。財産資格を緩和して**都市中産階級**へ選挙権を広げたが、労働者はなお排除された。,第1回選挙法改正|1832年|都市中産階級,,,1832年：「イギリスの 人は 見つめる 選挙の改正」（1832）イギリスで第1回選挙法改正。,世界史の窓（章節別用語リスト）,https://www.y-history.net/appendix/appendix-list.html
世界史段階別デッキ｜Deck 3｜主要王朝・人物・制度の穴埋め400語,WH-001092,1092,Deck 3｜標準,人物,林則徐,りんそくじょ,,近代,東アジア,清朝中国・広州,19世紀前半,1839,WH-001092-B01,beginner,用語の特定,identify,欽差大臣(きんさだいじん)として広州(こうしゅう)のアヘンを没収・処分し、アヘン戦争の直接の契機を作った官僚は？,林則徐(りんそくじょ),林則徐,,,,世界史の窓（章節別用語リスト）,https://www.y-history.net/appendix/appendix-list.html
世界史段階別デッキ｜Deck 3｜主要王朝・人物・制度の穴埋め400語,WH-001092,1092,Deck 3｜標準,人物,林則徐,りんそくじょ,,近代,東アジア,清朝中国・広州,19世紀前半,1839,WH-001092-B02,beginner,時期,time,「林則徐(りんそくじょ)」が主に活動したのはいつ？,19世紀前半,19世紀前半,,,,世界史の窓（章節別用語リスト）,https://www.y-history.net/appendix/appendix-list.html
世界史段階別デッキ｜Deck 3｜主要王朝・人物・制度の穴埋め400語,WH-001092,1092,Deck 3｜標準,人物,林則徐,りんそくじょ,,近代,東アジア,清朝中国・広州,19世紀前半,1839,WH-001092-B03,beginner,内容,content,「林則徐(りんそくじょ)」について、没収したものは？,アヘン,アヘン,,,,世界史の窓（章節別用語リスト）,https://www.y-history.net/appendix/appendix-list.html
世界史段階別デッキ｜Deck 3｜主要王朝・人物・制度の穴埋め400語,WH-001092,1092,Deck 3｜標準,人物,林則徐,りんそくじょ,,近代,東アジア,清朝中国・広州,19世紀前半,1839,WH-001092-R01,reverse,複合説明,reverse,何をした？,清朝中国・広州(こうしゅう)を主な舞台に、**林則徐(りんそくじょ)**は、清の欽差大臣(きんさだいじん)として1839年に広州へ赴き、外国商人の**アヘン**を没収して虎門(こもん)で処分し、密輸を厳禁した。イギリスは通商権侵害を理由に軍事行動を起こし、アヘン戦争が始まった。,林則徐|アヘン,,,,世界史の窓（章節別用語リスト）,https://www.y-history.net/appendix/appendix-list.html
世界史段階別デッキ｜Deck 3｜主要王朝・人物・制度の穴埋め400語,WH-001092,1092,Deck 3｜標準,人物,林則徐,りんそくじょ,,近代,東アジア,清朝中国・広州,19世紀前半,1839,WH-001092-R02,reverse,時期,time,「林則徐(りんそくじょ)」が主に活動したのはいつ？,**19世紀前半**,19世紀前半,,,,世界史の窓（章節別用語リスト）,https://www.y-history.net/appendix/appendix-list.html
世界史段階別デッキ｜Deck 3｜主要王朝・人物・制度の穴埋め400語,WH-001092,1092,Deck 3｜標準,人物,林則徐,りんそくじょ,,近代,東アジア,清朝中国・広州,19世紀前半,1839,WH-001092-I01,integrated,統合説明,integrated,「林則徐(りんそくじょ)」について説明せよ。,**19世紀前半**、清朝中国・広州(こうしゅう)を主な舞台に、**林則徐(りんそくじょ)**は、清の欽差大臣(きんさだいじん)として1839年に広州へ赴き、外国商人の**アヘン**を没収して虎門(こもん)で処分し、密輸を厳禁した。イギリスは通商権侵害を理由に軍事行動を起こし、アヘン戦争が始まった。,林則徐|19世紀前半|アヘン,,,,世界史の窓（章節別用語リスト）,https://www.y-history.net/appendix/appendix-list.html
世界史段階別デッキ｜Deck 3｜主要王朝・人物・制度の穴埋め400語,WH-001120,1120,Deck 3｜標準,文書・作品,ギュルハネ勅令,ぎゅるはねちょくれい,ギュルハネ勅書,近代,西アジア,オスマン帝国・イスタンブル,1839年,1839,WH-001120-B01,beginner,用語の特定,identify,生命・財産の保障、徴税・徴兵改革を宣言してタンジマートを開始した勅令は？,ギュルハネ勅令,ギュルハネ勅令,ギュルハネ勅書,,,世界史の窓（章節別用語リスト）,https://www.y-history.net/appendix/appendix-list.html
世界史段階別デッキ｜Deck 3｜主要王朝・人物・制度の穴埋め400語,WH-001120,1120,Deck 3｜標準,文書・作品,ギュルハネ勅令,ぎゅるはねちょくれい,ギュルハネ勅書,近代,西アジア,オスマン帝国・イスタンブル,1839年,1839,WH-001120-B02,beginner,時期,time,「ギュルハネ勅令」が成立・発表されたのはいつ？,1839年,1839年,,,,世界史の窓（章節別用語リスト）,https://www.y-history.net/appendix/appendix-list.html
世界史段階別デッキ｜Deck 3｜主要王朝・人物・制度の穴埋め400語,WH-001120,1120,Deck 3｜標準,文書・作品,ギュルハネ勅令,ぎゅるはねちょくれい,ギュルハネ勅書,近代,西アジア,オスマン帝国・イスタンブル,1839年,1839,WH-001120-B03,beginner,内容,content,「ギュルハネ勅令」について、開始した改革は？,タンジマート,タンジマート,,,,世界史の窓（章節別用語リスト）,https://www.y-history.net/appendix/appendix-list.html
世界史段階別デッキ｜Deck 3｜主要王朝・人物・制度の穴埋め400語,WH-001120,1120,Deck 3｜標準,文書・作品,ギュルハネ勅令,ぎゅるはねちょくれい,ギュルハネ勅書,近代,西アジア,オスマン帝国・イスタンブル,1839年,1839,WH-001120-R01,reverse,複合説明,reverse,何が書かれている？,オスマン帝国・イスタンブルを主な舞台に、**ギュルハネ勅令**は、スルタンの名でギュルハネ宮殿において公布され、臣民の生命・名誉・財産の保障、公正な徴税、徴兵制度の整備を約束した。オスマン帝国の西欧化改革**タンジマート**の出発点となった。,ギュルハネ勅令|タンジマート,,,,世界史の窓（章節別用語リスト）,https://www.y-history.net/appendix/appendix-list.html
世界史段階別デッキ｜Deck 3｜主要王朝・人物・制度の穴埋め400語,WH-001120,1120,Deck 3｜標準,文書・作品,ギュルハネ勅令,ぎゅるはねちょくれい,ギュルハネ勅書,近代,西アジア,オスマン帝国・イスタンブル,1839年,1839,WH-001120-R02,reverse,時期,time,「ギュルハネ勅令」が成立・発表されたのはいつ？,**1839年**,1839年,,,,世界史の窓（章節別用語リスト）,https://www.y-history.net/appendix/appendix-list.html
世界史段階別デッキ｜Deck 3｜主要王朝・人物・制度の穴埋め400語,WH-001120,1120,Deck 3｜標準,文書・作品,ギュルハネ勅令,ぎゅるはねちょくれい,ギュルハネ勅書,近代,西アジア,オスマン帝国・イスタンブル,1839年,1839,WH-001120-I01,integrated,統合説明,integrated,「ギュルハネ勅令」について説明せよ。,**1839年**、オスマン帝国・イスタンブルを主な舞台に、**ギュルハネ勅令**は、スルタンの名でギュルハネ宮殿において公布され、臣民の生命・名誉・財産の保障、公正な徴税、徴兵制度の整備を約束した。オスマン帝国の西欧化改革**タンジマート**の出発点となった。,ギュルハネ勅令|1839年|タンジマート,,,,世界史の窓（章節別用語リスト）,https://www.y-history.net/appendix/appendix-list.html
世界史段階別デッキ｜Deck 3｜主要王朝・人物・制度の穴埋め400語,WH-001057,1057,Deck 3｜標準,人物,プルードン,ぷるーどん,ピエール＝ジョゼフ＝プルードン,近代,ヨーロッパ,フランス,19世紀中頃,1840,WH-001057-B01,beginner,用語の特定,identify,「財産とは盗みである」と述べ、相互扶助と連合を説いた初期無政府主義者は？,プルードン,プルードン,ピエール＝ジョゼフ＝プルードン,,,世界史の窓（章節別用語リスト）,https://www.y-history.net/appendix/appendix-list.html
世界史段階別デッキ｜Deck 3｜主要王朝・人物・制度の穴埋め400語,WH-001057,1057,Deck 3｜標準,人物,プルードン,ぷるーどん,ピエール＝ジョゼフ＝プルードン,近代,ヨーロッパ,フランス,19世紀中頃,1840,WH-001057-B02,beginner,時期,time,「プルードン」が主に活動したのはいつ？,19世紀中頃,19世紀中頃,,,,世界史の窓（章節別用語リスト）,https://www.y-history.net/appendix/appendix-list.html
世界史段階別デッキ｜Deck 3｜主要王朝・人物・制度の穴埋め400語,WH-001057,1057,Deck 3｜標準,人物,プルードン,ぷるーどん,ピエール＝ジョゼフ＝プルードン,近代,ヨーロッパ,フランス,19世紀中頃,1840,WH-001057-B03,beginner,内容,content,「プルードン」について、代表的な言葉は？,「財産とは盗みである」,財産とは盗みである,,,,世界史の窓（章節別用語リスト）,https://www.y-history.net/appendix/appendix-list.html
世界史段階別デッキ｜Deck 3｜主要王朝・人物・制度の穴埋め400語,WH-001057,1057,Deck 3｜標準,人物,プルードン,ぷるーどん,ピエール＝ジョゼフ＝プルードン,近代,ヨーロッパ,フランス,19世紀中頃,1840,WH-001057-R01,reverse,複合説明,reverse,何をした？,フランスを主な舞台に、**プルードン**は、フランスの社会思想家で、1840年の『財産とは何か』で**「財産とは盗みである」**と述べた。国家と独占的所有を批判し、小生産者の相互信用・自治的連合を唱えた。,プルードン|財産とは盗みである,,,,世界史の窓（章節別用語リスト）,https://www.y-history.net/appendix/appendix-list.html
世界史段階別デッキ｜Deck 3｜主要王朝・人物・制度の穴埋め400語,WH-001057,1057,Deck 3｜標準,人物,プルードン,ぷるーどん,ピエール＝ジョゼフ＝プルードン,近代,ヨーロッパ,フランス,19世紀中頃,1840,WH-001057-R02,reverse,時期,time,「プルードン」が主に活動したのはいつ？,**19世紀中頃**,19世紀中頃,,,,世界史の窓（章節別用語リスト）,https://www.y-history.net/appendix/appendix-list.html
世界史段階別デッキ｜Deck 3｜主要王朝・人物・制度の穴埋め400語,WH-001057,1057,Deck 3｜標準,人物,プルードン,ぷるーどん,ピエール＝ジョゼフ＝プルードン,近代,ヨーロッパ,フランス,19世紀中頃,1840,WH-001057-I01,integrated,統合説明,integrated,「プルードン」について説明せよ。,**19世紀中頃**、フランスを主な舞台に、**プルードン**は、フランスの社会思想家で、1840年の『財産とは何か』で**「財産とは盗みである」**と述べた。国家と独占的所有を批判し、小生産者の相互信用・自治的連合を唱えた。,プルードン|19世紀中頃|財産とは盗みである,,,,世界史の窓（章節別用語リスト）,https://www.y-history.net/appendix/appendix-list.html
世界史段階別デッキ｜Deck 3｜主要王朝・人物・制度の穴埋め400語,WH-001059,1059,Deck 3｜標準,思想・主義,無政府主義,むせいふしゅぎ,アナーキズム,近代,複数地域,ヨーロッパから世界各地,19世紀以後,1840,WH-001059-B01,beginner,用語の特定,identify,国家・強制的権威を廃止し、自発的な個人・共同体の協同を目指す思想は？,無政府主義,無政府主義,アナーキズム,,,世界史の窓（章節別用語リスト）,https://www.y-history.net/appendix/appendix-list.html
世界史段階別デッキ｜Deck 3｜主要王朝・人物・制度の穴埋め400語,WH-001059,1059,Deck 3｜標準,思想・主義,無政府主義,むせいふしゅぎ,アナーキズム,近代,複数地域,ヨーロッパから世界各地,19世紀以後,1840,WH-001059-B02,beginner,時期,time,「無政府主義」が成立・広がったのはいつ？,19世紀以後,19世紀以後,,,,世界史の窓（章節別用語リスト）,https://www.y-history.net/appendix/appendix-list.html
世界史段階別デッキ｜Deck 3｜主要王朝・人物・制度の穴埋め400語,WH-001059,1059,Deck 3｜標準,思想・主義,無政府主義,むせいふしゅぎ,アナーキズム,近代,複数地域,ヨーロッパから世界各地,19世紀以後,1840,WH-001059-B03,beginner,関連,relation,「無政府主義」について、批判の中心対象は？,国家と強制的権威,国家と強制的権威,,,,世界史の窓（章節別用語リスト）,https://www.y-history.net/appendix/appendix-list.html
世界史段階別デッキ｜Deck 3｜主要王朝・人物・制度の穴埋め400語,WH-001059,1059,Deck 3｜標準,思想・主義,無政府主義,むせいふしゅぎ,アナーキズム,近代,複数地域,ヨーロッパから世界各地,19世紀以後,1840,WH-001059-R01,reverse,複合説明,reverse,どんな考え？,ヨーロッパから世界各地を主な舞台に、**無政府主義**は、**国家**・資本・教会など強制的権威を人間の自由を妨げるものとして批判し、自発的な相互扶助・自治連合を目指す思想である。プルードン・バクーニン・クロポトキンらが異なる立場を展開した。,無政府主義|国家,,,,世界史の窓（章節別用語リスト）,https://www.y-history.net/appendix/appendix-list.html
世界史段階別デッキ｜Deck 3｜主要王朝・人物・制度の穴埋め400語,WH-001059,1059,Deck 3｜標準,思想・主義,無政府主義,むせいふしゅぎ,アナーキズム,近代,複数地域,ヨーロッパから世界各地,19世紀以後,1840,WH-001059-R02,reverse,時期,time,「無政府主義」が成立・広がったのはいつ？,**19世紀以後**,19世紀以後,,,,世界史の窓（章節別用語リスト）,https://www.y-history.net/appendix/appendix-list.html
世界史段階別デッキ｜Deck 3｜主要王朝・人物・制度の穴埋め400語,WH-001059,1059,Deck 3｜標準,思想・主義,無政府主義,むせいふしゅぎ,アナーキズム,近代,複数地域,ヨーロッパから世界各地,19世紀以後,1840,WH-001059-I01,integrated,統合説明,integrated,「無政府主義」について説明せよ。,**19世紀以後**、ヨーロッパから世界各地を主な舞台に、**無政府主義**は、**国家**・資本・教会など強制的権威を人間の自由を妨げるものとして批判し、自発的な相互扶助・自治連合を目指す思想である。プルードン・バクーニン・クロポトキンらが異なる立場を展開した。,無政府主義|19世紀以後|国家,,,,世界史の窓（章節別用語リスト）,https://www.y-history.net/appendix/appendix-list.html
世界史段階別デッキ｜Deck 3｜主要王朝・人物・制度の穴埋め400語,WH-001093,1093,Deck 3｜標準,地域・都市,条約港,じょうやくこう,,近代,東アジア,中国・日本など東アジア沿岸,19世紀中頃以後,1842,WH-001093-B01,beginner,用語の特定,identify,不平等条約によって外国商人の居住・貿易を認められた開港都市を何という？,条約港,条約港,,,,世界史の窓（章節別用語リスト）,https://www.y-history.net/appendix/appendix-list.html
世界史段階別デッキ｜Deck 3｜主要王朝・人物・制度の穴埋め400語,WH-001093,1093,Deck 3｜標準,地域・都市,条約港,じょうやくこう,,近代,東アジア,中国・日本など東アジア沿岸,19世紀中頃以後,1842,WH-001093-B02,beginner,時期,time,「条約港」が特に繁栄・注目されたのはいつ？,19世紀中頃以後,19世紀中頃以後,,,,世界史の窓（章節別用語リスト）,https://www.y-history.net/appendix/appendix-list.html
世界史段階別デッキ｜Deck 3｜主要王朝・人物・制度の穴埋め400語,WH-001093,1093,Deck 3｜標準,地域・都市,条約港,じょうやくこう,,近代,東アジア,中国・日本など東アジア沿岸,19世紀中頃以後,1842,WH-001093-B03,beginner,内容,content,「条約港」について、成立の根拠は？,不平等条約,不平等条約,,,,世界史の窓（章節別用語リスト）,https://www.y-history.net/appendix/appendix-list.html
世界史段階別デッキ｜Deck 3｜主要王朝・人物・制度の穴埋め400語,WH-001093,1093,Deck 3｜標準,地域・都市,条約港,じょうやくこう,,近代,東アジア,中国・日本など東アジア沿岸,19世紀中頃以後,1842,WH-001093-R01,reverse,複合説明,reverse,どんな地域・都市？,中国・日本など東アジア沿岸を主な舞台に、**条約港**は、アヘン戦争後の南京条約(なんきんじょうやく)などにより開かれた広州(こうしゅう)・上海(しゃんはい)などの港で、外国人が居住・貿易し、租界・領事館を置いた。東アジアを世界市場へ組み込む拠点となった。,条約港,,,,世界史の窓（章節別用語リスト）,https://www.y-history.net/appendix/appendix-list.html
世界史段階別デッキ｜Deck 3｜主要王朝・人物・制度の穴埋め400語,WH-001093,1093,Deck 3｜標準,地域・都市,条約港,じょうやくこう,,近代,東アジア,中国・日本など東アジア沿岸,19世紀中頃以後,1842,WH-001093-R02,reverse,時期,time,「条約港」が特に繁栄・注目されたのはいつ？,**19世紀中頃以後**,19世紀中頃以後,,,,世界史の窓（章節別用語リスト）,https://www.y-history.net/appendix/appendix-list.html
世界史段階別デッキ｜Deck 3｜主要王朝・人物・制度の穴埋め400語,WH-001093,1093,Deck 3｜標準,地域・都市,条約港,じょうやくこう,,近代,東アジア,中国・日本など東アジア沿岸,19世紀中頃以後,1842,WH-001093-I01,integrated,統合説明,integrated,「条約港」について説明せよ。,**19世紀中頃以後**、中国・日本など東アジア沿岸を主な舞台に、**条約港**は、アヘン戦争後の南京条約(なんきんじょうやく)などにより開かれた広州(こうしゅう)・上海(しゃんはい)などの港で、外国人が居住・貿易し、租界・領事館を置いた。東アジアを世界市場へ組み込む拠点となった。,条約港|19世紀中頃以後,,,,世界史の窓（章節別用語リスト）,https://www.y-history.net/appendix/appendix-list.html
世界史段階別デッキ｜Deck 3｜主要王朝・人物・制度の穴埋め400語,WH-001094,1094,Deck 3｜標準,制度・政策・法律,領事裁判権,りょうじさいばんけん,治外法権,近代,複数地域,中国・日本・オスマン帝国など,19〜20世紀前半,1843,WH-001094-B01,beginner,用語の特定,identify,外国人が滞在国の裁判ではなく自国領事の裁判を受ける不平等条約上の権利は？,領事裁判権(りょうじさいばんけん),領事裁判権,治外法権,,,世界史の窓（章節別用語リスト）,https://www.y-history.net/appendix/appendix-list.html
世界史段階別デッキ｜Deck 3｜主要王朝・人物・制度の穴埋め400語,WH-001094,1094,Deck 3｜標準,制度・政策・法律,領事裁判権,りょうじさいばんけん,治外法権,近代,複数地域,中国・日本・オスマン帝国など,19〜20世紀前半,1843,WH-001094-B02,beginner,時期,time,「領事裁判権(りょうじさいばんけん)」が実施・整備されたのはいつ？,19〜20世紀前半,19〜20世紀前半,,,,世界史の窓（章節別用語リスト）,https://www.y-history.net/appendix/appendix-list.html
世界史段階別デッキ｜Deck 3｜主要王朝・人物・制度の穴埋め400語,WH-001094,1094,Deck 3｜標準,制度・政策・法律,領事裁判権,りょうじさいばんけん,治外法権,近代,複数地域,中国・日本・オスマン帝国など,19〜20世紀前半,1843,WH-001094-B03,beginner,内容,content,「領事裁判権(りょうじさいばんけん)」について、別名は？,治外法権,治外法権,,,,世界史の窓（章節別用語リスト）,https://www.y-history.net/appendix/appendix-list.html
世界史段階別デッキ｜Deck 3｜主要王朝・人物・制度の穴埋め400語,WH-001094,1094,Deck 3｜標準,制度・政策・法律,領事裁判権,りょうじさいばんけん,治外法権,近代,複数地域,中国・日本・オスマン帝国など,19〜20世紀前半,1843,WH-001094-R01,reverse,複合説明,reverse,どんな制度・政策・法律？,中国・日本・オスマン帝国などを主な舞台に、**領事裁判権(りょうじさいばんけん)**は、不平等条約で外国人が現地法・裁判所ではなく、自国の**領事**による裁判を受ける権利である。受入国の司法主権を制限する**治外法権**として、条約改正運動の主要課題となった。,領事裁判権|領事|治外法権,,,,世界史の窓（章節別用語リスト）,https://www.y-history.net/appendix/appendix-list.html
世界史段階別デッキ｜Deck 3｜主要王朝・人物・制度の穴埋め400語,WH-001094,1094,Deck 3｜標準,制度・政策・法律,領事裁判権,りょうじさいばんけん,治外法権,近代,複数地域,中国・日本・オスマン帝国など,19〜20世紀前半,1843,WH-001094-R02,reverse,時期,time,「領事裁判権(りょうじさいばんけん)」が実施・整備されたのはいつ？,**19〜20世紀前半**,19〜20世紀前半,,,,世界史の窓（章節別用語リスト）,https://www.y-history.net/appendix/appendix-list.html
世界史段階別デッキ｜Deck 3｜主要王朝・人物・制度の穴埋め400語,WH-001094,1094,Deck 3｜標準,制度・政策・法律,領事裁判権,りょうじさいばんけん,治外法権,近代,複数地域,中国・日本・オスマン帝国など,19〜20世紀前半,1843,WH-001094-I01,integrated,統合説明,integrated,「領事裁判権(りょうじさいばんけん)」について説明せよ。,**19〜20世紀前半**、中国・日本・オスマン帝国などを主な舞台に、**領事裁判権(りょうじさいばんけん)**は、不平等条約で外国人が現地法・裁判所ではなく、自国の**領事**による裁判を受ける権利である。受入国の司法主権を制限する**治外法権**として、条約改正運動の主要課題となった。,領事裁判権|19〜20世紀前半|領事|治外法権,,,,世界史の窓（章節別用語リスト）,https://www.y-history.net/appendix/appendix-list.html
世界史段階別デッキ｜Deck 3｜主要王朝・人物・制度の穴埋め400語,WH-001095,1095,Deck 3｜標準,制度・政策・法律,最恵国待遇,さいけいこくたいぐう,,近代,複数地域,国際通商条約を結ぶ諸国,19世紀以後,1843,WH-001095-B01,beginner,用語の特定,identify,ある国が第三国へ与えた最も有利な通商条件を、条約相手にも自動的に与える待遇は？,最恵国待遇,最恵国待遇,,,,世界史の窓（章節別用語リスト）,https://www.y-history.net/appendix/appendix-list.html
世界史段階別デッキ｜Deck 3｜主要王朝・人物・制度の穴埋め400語,WH-001095,1095,Deck 3｜標準,制度・政策・法律,最恵国待遇,さいけいこくたいぐう,,近代,複数地域,国際通商条約を結ぶ諸国,19世紀以後,1843,WH-001095-B02,beginner,時期,time,「最恵国待遇」が実施・整備されたのはいつ？,19世紀以後,19世紀以後,,,,世界史の窓（章節別用語リスト）,https://www.y-history.net/appendix/appendix-list.html
世界史段階別デッキ｜Deck 3｜主要王朝・人物・制度の穴埋め400語,WH-001095,1095,Deck 3｜標準,制度・政策・法律,最恵国待遇,さいけいこくたいぐう,,近代,複数地域,国際通商条約を結ぶ諸国,19世紀以後,1843,WH-001095-B03,beginner,内容,content,「最恵国待遇」について、適用される条件は？,第三国へ与えた最有利条件,第三国へ与えた最有利条件,,,,世界史の窓（章節別用語リスト）,https://www.y-history.net/appendix/appendix-list.html
世界史段階別デッキ｜Deck 3｜主要王朝・人物・制度の穴埋め400語,WH-001095,1095,Deck 3｜標準,制度・政策・法律,最恵国待遇,さいけいこくたいぐう,,近代,複数地域,国際通商条約を結ぶ諸国,19世紀以後,1843,WH-001095-R01,reverse,複合説明,reverse,どんな制度・政策・法律？,国際通商条約を結ぶ諸国を主な舞台に、**最恵国待遇**は、条約国が将来ほかの国へ低関税・新港開放など有利な条件を与えた場合、同じ条件を相手国へも認める制度である。中国・日本の不平等条約では列強の権益拡大を自動化した。,最恵国待遇,,,,世界史の窓（章節別用語リスト）,https://www.y-history.net/appendix/appendix-list.html
世界史段階別デッキ｜Deck 3｜主要王朝・人物・制度の穴埋め400語,WH-001095,1095,Deck 3｜標準,制度・政策・法律,最恵国待遇,さいけいこくたいぐう,,近代,複数地域,国際通商条約を結ぶ諸国,19世紀以後,1843,WH-001095-R02,reverse,時期,time,「最恵国待遇」が実施・整備されたのはいつ？,**19世紀以後**,19世紀以後,,,,世界史の窓（章節別用語リスト）,https://www.y-history.net/appendix/appendix-list.html
世界史段階別デッキ｜Deck 3｜主要王朝・人物・制度の穴埋め400語,WH-001095,1095,Deck 3｜標準,制度・政策・法律,最恵国待遇,さいけいこくたいぐう,,近代,複数地域,国際通商条約を結ぶ諸国,19世紀以後,1843,WH-001095-I01,integrated,統合説明,integrated,「最恵国待遇」について説明せよ。,**19世紀以後**、国際通商条約を結ぶ諸国を主な舞台に、**最恵国待遇**は、条約国が将来ほかの国へ低関税・新港開放など有利な条件を与えた場合、同じ条件を相手国へも認める制度である。中国・日本の不平等条約では列強の権益拡大を自動化した。,最恵国待遇|19世紀以後,,,,世界史の窓（章節別用語リスト）,https://www.y-history.net/appendix/appendix-list.html
世界史段階別デッキ｜Deck 3｜主要王朝・人物・制度の穴埋め400語,WH-001067,1067,Deck 3｜標準,思想・主義,マニフェスト＝デスティニー,まにふぇすとですてぃにー,明白な天命,近代,アメリカ,アメリカ合衆国・北米大陸西部,1840年代,1845,WH-001067-B01,beginner,用語の特定,identify,合衆国が北米大陸を西へ拡張することは神から与えられた使命だとする思想は？,マニフェスト＝デスティニー,マニフェスト＝デスティニー,明白な天命,,,世界史の窓（章節別用語リスト）,https://www.y-history.net/appendix/appendix-list.html
世界史段階別デッキ｜Deck 3｜主要王朝・人物・制度の穴埋め400語,WH-001067,1067,Deck 3｜標準,思想・主義,マニフェスト＝デスティニー,まにふぇすとですてぃにー,明白な天命,近代,アメリカ,アメリカ合衆国・北米大陸西部,1840年代,1845,WH-001067-B02,beginner,時期,time,「マニフェスト＝デスティニー」が成立・広がったのはいつ？,1840年代,1840年代,,,,世界史の窓（章節別用語リスト）,https://www.y-history.net/appendix/appendix-list.html
世界史段階別デッキ｜Deck 3｜主要王朝・人物・制度の穴埋め400語,WH-001067,1067,Deck 3｜標準,思想・主義,マニフェスト＝デスティニー,まにふぇすとですてぃにー,明白な天命,近代,アメリカ,アメリカ合衆国・北米大陸西部,1840年代,1845,WH-001067-B03,beginner,内容,content,「マニフェスト＝デスティニー」について、正当化した政策は？,西部領土拡張,西部領土拡張,,,,世界史の窓（章節別用語リスト）,https://www.y-history.net/appendix/appendix-list.html
世界史段階別デッキ｜Deck 3｜主要王朝・人物・制度の穴埋め400語,WH-001067,1067,Deck 3｜標準,思想・主義,マニフェスト＝デスティニー,まにふぇすとですてぃにー,明白な天命,近代,アメリカ,アメリカ合衆国・北米大陸西部,1840年代,1845,WH-001067-R01,reverse,複合説明,reverse,どんな考え？,アメリカ合衆国・北米大陸西部を主な舞台に、**マニフェスト＝デスティニー**は、白人アメリカ人が大陸全域へ文明と制度を広げることは**明白な天命**だとする観念である。テキサス併合・オレゴン獲得・対メキシコ戦争など西部拡張を正当化した。,マニフェスト＝デスティニー|明白な天命,,,,世界史の窓（章節別用語リスト）,https://www.y-history.net/appendix/appendix-list.html
世界史段階別デッキ｜Deck 3｜主要王朝・人物・制度の穴埋め400語,WH-001067,1067,Deck 3｜標準,思想・主義,マニフェスト＝デスティニー,まにふぇすとですてぃにー,明白な天命,近代,アメリカ,アメリカ合衆国・北米大陸西部,1840年代,1845,WH-001067-R02,reverse,時期,time,「マニフェスト＝デスティニー」が成立・広がったのはいつ？,**1840年代**,1840年代,,,,世界史の窓（章節別用語リスト）,https://www.y-history.net/appendix/appendix-list.html
世界史段階別デッキ｜Deck 3｜主要王朝・人物・制度の穴埋め400語,WH-001067,1067,Deck 3｜標準,思想・主義,マニフェスト＝デスティニー,まにふぇすとですてぃにー,明白な天命,近代,アメリカ,アメリカ合衆国・北米大陸西部,1840年代,1845,WH-001067-I01,integrated,統合説明,integrated,「マニフェスト＝デスティニー」について説明せよ。,**1840年代**、アメリカ合衆国・北米大陸西部を主な舞台に、**マニフェスト＝デスティニー**は、白人アメリカ人が大陸全域へ文明と制度を広げることは**明白な天命**だとする観念である。テキサス併合・オレゴン獲得・対メキシコ戦争など西部拡張を正当化した。,マニフェスト＝デスティニー|1840年代|明白な天命,,,,世界史の窓（章節別用語リスト）,https://www.y-history.net/appendix/appendix-list.html
世界史段階別デッキ｜Deck 3｜主要王朝・人物・制度の穴埋め400語,WH-001052,1052,Deck 3｜標準,制度・政策・法律,穀物法廃止,こくもつほうはいし,,近代,ヨーロッパ,イギリス,1846年,1846,WH-001052-B01,beginner,用語の特定,identify,輸入穀物への高関税を撤廃し、イギリスの自由貿易化を決定的にした改革は？,穀物法廃止,穀物法廃止,,,,世界史の窓（章節別用語リスト）,https://www.y-history.net/appendix/appendix-list.html
世界史段階別デッキ｜Deck 3｜主要王朝・人物・制度の穴埋め400語,WH-001052,1052,Deck 3｜標準,制度・政策・法律,穀物法廃止,こくもつほうはいし,,近代,ヨーロッパ,イギリス,1846年,1846,WH-001052-B02,beginner,時期,time,「穀物法廃止」が実施・整備されたのはいつ？,1846年,1846年,,,,世界史の窓（章節別用語リスト）,https://www.y-history.net/appendix/appendix-list.html
世界史段階別デッキ｜Deck 3｜主要王朝・人物・制度の穴埋め400語,WH-001052,1052,Deck 3｜標準,制度・政策・法律,穀物法廃止,こくもつほうはいし,,近代,ヨーロッパ,イギリス,1846年,1846,WH-001052-B03,beginner,内容,content,「穀物法廃止」について、廃止を進めた首相は？,ピール,ピール,,,,世界史の窓（章節別用語リスト）,https://www.y-history.net/appendix/appendix-list.html
世界史段階別デッキ｜Deck 3｜主要王朝・人物・制度の穴埋め400語,WH-001052,1052,Deck 3｜標準,制度・政策・法律,穀物法廃止,こくもつほうはいし,,近代,ヨーロッパ,イギリス,1846年,1846,WH-001052-R01,reverse,複合説明,reverse,どんな制度・政策・法律？,イギリスを主な舞台に、**穀物法廃止**は、地主保護のため輸入穀物へ高関税を課した**穀物法**を、首相**ピール**が1846年に廃止した。反穀物法同盟の運動を背景に、安価な食料輸入と自由貿易政策を進めた。,穀物法廃止|穀物法|ピール,,,,世界史の窓（章節別用語リスト）,https://www.y-history.net/appendix/appendix-list.html
世界史段階別デッキ｜Deck 3｜主要王朝・人物・制度の穴埋め400語,WH-001052,1052,Deck 3｜標準,制度・政策・法律,穀物法廃止,こくもつほうはいし,,近代,ヨーロッパ,イギリス,1846年,1846,WH-001052-R02,reverse,時期,time,「穀物法廃止」が実施・整備されたのはいつ？,**1846年**,1846年,,,,世界史の窓（章節別用語リスト）,https://www.y-history.net/appendix/appendix-list.html
世界史段階別デッキ｜Deck 3｜主要王朝・人物・制度の穴埋め400語,WH-001052,1052,Deck 3｜標準,制度・政策・法律,穀物法廃止,こくもつほうはいし,,近代,ヨーロッパ,イギリス,1846年,1846,WH-001052-I01,integrated,統合説明,integrated,「穀物法廃止」について説明せよ。,**1846年**、イギリスを主な舞台に、**穀物法廃止**は、地主保護のため輸入穀物へ高関税を課した**穀物法**を、首相**ピール**が1846年に廃止した。反穀物法同盟の運動を背景に、安価な食料輸入と自由貿易政策を進めた。,穀物法廃止|1846年|穀物法|ピール,,,,世界史の窓（章節別用語リスト）,https://www.y-history.net/appendix/appendix-list.html
世界史段階別デッキ｜Deck 3｜主要王朝・人物・制度の穴埋め400語,WH-001068,1068,Deck 3｜標準,戦争,アメリカ＝メキシコ戦争,あめりかめきしこせんそう,米墨戦争,近代,アメリカ,メキシコ北部・アメリカ南西部,1846〜1848年,1846,WH-001068-B01,beginner,用語の特定,identify,テキサス国境と西部拡張をめぐり合衆国がメキシコと戦い、広大な領土を獲得した戦争は？,アメリカ＝メキシコ戦争,アメリカ＝メキシコ戦争,米墨戦争,,,世界史の窓（章節別用語リスト）,https://www.y-history.net/appendix/appendix-list.html
世界史段階別デッキ｜Deck 3｜主要王朝・人物・制度の穴埋め400語,WH-001068,1068,Deck 3｜標準,戦争,アメリカ＝メキシコ戦争,あめりかめきしこせんそう,米墨戦争,近代,アメリカ,メキシコ北部・アメリカ南西部,1846〜1848年,1846,WH-001068-B02,beginner,時期,time,「アメリカ＝メキシコ戦争」が戦われたのはいつ？,1846〜1848年,1846〜1848年,,,1846年：「アメリカの 欲を賤しむ メキシコ人」（1846）アメリカ=メキシコ戦争。,世界史の窓（章節別用語リスト）,https://www.y-history.net/appendix/appendix-list.html
世界史段階別デッキ｜Deck 3｜主要王朝・人物・制度の穴埋め400語,WH-001068,1068,Deck 3｜標準,戦争,アメリカ＝メキシコ戦争,あめりかめきしこせんそう,米墨戦争,近代,アメリカ,メキシコ北部・アメリカ南西部,1846〜1848年,1846,WH-001068-B03,beginner,関連,relation,「アメリカ＝メキシコ戦争」について、終結した条約は？,グアダルーペ＝イダルゴ条約,グアダルーペ＝イダルゴ条約,,,,世界史の窓（章節別用語リスト）,https://www.y-history.net/appendix/appendix-list.html
世界史段階別デッキ｜Deck 3｜主要王朝・人物・制度の穴埋め400語,WH-001068,1068,Deck 3｜標準,戦争,アメリカ＝メキシコ戦争,あめりかめきしこせんそう,米墨戦争,近代,アメリカ,メキシコ北部・アメリカ南西部,1846〜1848年,1846,WH-001068-R01,reverse,複合説明,reverse,何が起きた？,メキシコ北部・アメリカ南西部を主な舞台に、**アメリカ＝メキシコ戦争**は、テキサス併合と国境をめぐる対立から合衆国がメキシコへ侵攻した。**グアダルーペ＝イダルゴ条約**でカリフォルニア・ニューメキシコなどを獲得し、奴隷制拡大問題を激化させた。,アメリカ＝メキシコ戦争|グアダルーペ＝イダルゴ条約,,,,世界史の窓（章節別用語リスト）,https://www.y-history.net/appendix/appendix-list.html
世界史段階別デッキ｜Deck 3｜主要王朝・人物・制度の穴埋め400語,WH-001068,1068,Deck 3｜標準,戦争,アメリカ＝メキシコ戦争,あめりかめきしこせんそう,米墨戦争,近代,アメリカ,メキシコ北部・アメリカ南西部,1846〜1848年,1846,WH-001068-R02,reverse,時期,time,「アメリカ＝メキシコ戦争」が戦われたのはいつ？,**1846〜1848年**,1846〜1848年,,,1846年：「アメリカの 欲を賤しむ メキシコ人」（1846）アメリカ=メキシコ戦争。,世界史の窓（章節別用語リスト）,https://www.y-history.net/appendix/appendix-list.html
世界史段階別デッキ｜Deck 3｜主要王朝・人物・制度の穴埋め400語,WH-001068,1068,Deck 3｜標準,戦争,アメリカ＝メキシコ戦争,あめりかめきしこせんそう,米墨戦争,近代,アメリカ,メキシコ北部・アメリカ南西部,1846〜1848年,1846,WH-001068-I01,integrated,統合説明,integrated,「アメリカ＝メキシコ戦争」について説明せよ。,**1846〜1848年**、メキシコ北部・アメリカ南西部を主な舞台に、**アメリカ＝メキシコ戦争**は、テキサス併合と国境をめぐる対立から合衆国がメキシコへ侵攻した。**グアダルーペ＝イダルゴ条約**でカリフォルニア・ニューメキシコなどを獲得し、奴隷制拡大問題を激化させた。,アメリカ＝メキシコ戦争|1846〜1848年|グアダルーペ＝イダルゴ条約,,,1846年：「アメリカの 欲を賤しむ メキシコ人」（1846）アメリカ=メキシコ戦争。,世界史の窓（章節別用語リスト）,https://www.y-history.net/appendix/appendix-list.html
世界史段階別デッキ｜Deck 3｜主要王朝・人物・制度の穴埋め400語,WH-001045,1045,Deck 3｜標準,国家・王朝,第二共和政,だいにきょうわせい,フランス第二共和政,近代,ヨーロッパ,フランス,1848〜1852年,1848,WH-001045-B01,beginner,用語の特定,identify,二月革命で成立し、男子普通選挙を導入したが、ルイ＝ナポレオンのクーデタで終わった政体は？,第二共和政,第二共和政,フランス第二共和政,,,世界史の窓（章節別用語リスト）,https://www.y-history.net/appendix/appendix-list.html
世界史段階別デッキ｜Deck 3｜主要王朝・人物・制度の穴埋め400語,WH-001045,1045,Deck 3｜標準,国家・王朝,第二共和政,だいにきょうわせい,フランス第二共和政,近代,ヨーロッパ,フランス,1848〜1852年,1848,WH-001045-B02,beginner,時期,time,「第二共和政」が存在したのはいつ？,1848〜1852年,1848〜1852年,,,,世界史の窓（章節別用語リスト）,https://www.y-history.net/appendix/appendix-list.html
世界史段階別デッキ｜Deck 3｜主要王朝・人物・制度の穴埋め400語,WH-001045,1045,Deck 3｜標準,国家・王朝,第二共和政,だいにきょうわせい,フランス第二共和政,近代,ヨーロッパ,フランス,1848〜1852年,1848,WH-001045-B03,beginner,内容,content,「第二共和政」について、初代大統領は？,ルイ＝ナポレオン,ルイ＝ナポレオン,,,,世界史の窓（章節別用語リスト）,https://www.y-history.net/appendix/appendix-list.html
世界史段階別デッキ｜Deck 3｜主要王朝・人物・制度の穴埋め400語,WH-001045,1045,Deck 3｜標準,国家・王朝,第二共和政,だいにきょうわせい,フランス第二共和政,近代,ヨーロッパ,フランス,1848〜1852年,1848,WH-001045-R01,reverse,複合説明,reverse,何をした？,フランスを主な舞台に、**第二共和政**は、1848年の**二月革命**で七月王政を倒して成立し、男子普通選挙と大統領制を導入した。初代大統領**ルイ＝ナポレオン**が1851年にクーデタを行い、翌年第二帝政へ移行した。,第二共和政|二月革命|ルイ＝ナポレオン,,,,世界史の窓（章節別用語リスト）,https://www.y-history.net/appendix/appendix-list.html
世界史段階別デッキ｜Deck 3｜主要王朝・人物・制度の穴埋め400語,WH-001045,1045,Deck 3｜標準,国家・王朝,第二共和政,だいにきょうわせい,フランス第二共和政,近代,ヨーロッパ,フランス,1848〜1852年,1848,WH-001045-R02,reverse,時期,time,「第二共和政」が存在したのはいつ？,**1848〜1852年**,1848〜1852年,,,,世界史の窓（章節別用語リスト）,https://www.y-history.net/appendix/appendix-list.html
世界史段階別デッキ｜Deck 3｜主要王朝・人物・制度の穴埋め400語,WH-001045,1045,Deck 3｜標準,国家・王朝,第二共和政,だいにきょうわせい,フランス第二共和政,近代,ヨーロッパ,フランス,1848〜1852年,1848,WH-001045-I01,integrated,統合説明,integrated,「第二共和政」について説明せよ。,**1848〜1852年**、フランスを主な舞台に、**第二共和政**は、1848年の**二月革命**で七月王政を倒して成立し、男子普通選挙と大統領制を導入した。初代大統領**ルイ＝ナポレオン**が1851年にクーデタを行い、翌年第二帝政へ移行した。,第二共和政|1848〜1852年|二月革命|ルイ＝ナポレオン,,,,世界史の窓（章節別用語リスト）,https://www.y-history.net/appendix/appendix-list.html
世界史段階別デッキ｜Deck 3｜主要王朝・人物・制度の穴埋め400語,WH-001046,1046,Deck 3｜標準,人物,ナポレオン3世,なぽれおんさんせい,ルイ＝ナポレオン,近代,ヨーロッパ,フランス・ヨーロッパ・メキシコ,1848〜1870年に政権,1848,WH-001046-B01,beginner,用語の特定,identify,第二共和政大統領から皇帝となり、第二帝政を築いたナポレオン1世の甥は？,ナポレオン3世,ナポレオン3世,ルイ＝ナポレオン,,,世界史の窓（章節別用語リスト）,https://www.y-history.net/appendix/appendix-list.html
世界史段階別デッキ｜Deck 3｜主要王朝・人物・制度の穴埋め400語,WH-001046,1046,Deck 3｜標準,人物,ナポレオン3世,なぽれおんさんせい,ルイ＝ナポレオン,近代,ヨーロッパ,フランス・ヨーロッパ・メキシコ,1848〜1870年に政権,1848,WH-001046-B02,beginner,時期,time,「ナポレオン3世」が主に活動したのはいつ？,1848〜1870年に政権,1848〜1870年に政権,,,,世界史の窓（章節別用語リスト）,https://www.y-history.net/appendix/appendix-list.html
世界史段階別デッキ｜Deck 3｜主要王朝・人物・制度の穴埋め400語,WH-001046,1046,Deck 3｜標準,人物,ナポレオン3世,なぽれおんさんせい,ルイ＝ナポレオン,近代,ヨーロッパ,フランス・ヨーロッパ・メキシコ,1848〜1870年に政権,1848,WH-001046-B03,beginner,内容,content,「ナポレオン3世」について、成立させた政体は？,第二帝政,第二帝政,,,,世界史の窓（章節別用語リスト）,https://www.y-history.net/appendix/appendix-list.html
世界史段階別デッキ｜Deck 3｜主要王朝・人物・制度の穴埋め400語,WH-001046,1046,Deck 3｜標準,人物,ナポレオン3世,なぽれおんさんせい,ルイ＝ナポレオン,近代,ヨーロッパ,フランス・ヨーロッパ・メキシコ,1848〜1870年に政権,1848,WH-001046-R01,reverse,複合説明,reverse,何をした？,フランス・ヨーロッパ・メキシコを主な舞台に、**ナポレオン3世**は、ナポレオン1世の甥で、第二共和政の大統領に選ばれた後、1851年のクーデタを経て翌年皇帝となった。パリ改造・産業化を進めたが、**普仏戦争**で捕虜となり失脚した。,ナポレオン3世|普仏戦争,,,,世界史の窓（章節別用語リスト）,https://www.y-history.net/appendix/appendix-list.html
世界史段階別デッキ｜Deck 3｜主要王朝・人物・制度の穴埋め400語,WH-001046,1046,Deck 3｜標準,人物,ナポレオン3世,なぽれおんさんせい,ルイ＝ナポレオン,近代,ヨーロッパ,フランス・ヨーロッパ・メキシコ,1848〜1870年に政権,1848,WH-001046-R02,reverse,時期,time,「ナポレオン3世」が主に活動したのはいつ？,**1848〜1870年に政権**,1848〜1870年に政権,,,,世界史の窓（章節別用語リスト）,https://www.y-history.net/appendix/appendix-list.html
世界史段階別デッキ｜Deck 3｜主要王朝・人物・制度の穴埋め400語,WH-001046,1046,Deck 3｜標準,人物,ナポレオン3世,なぽれおんさんせい,ルイ＝ナポレオン,近代,ヨーロッパ,フランス・ヨーロッパ・メキシコ,1848〜1870年に政権,1848,WH-001046-I01,integrated,統合説明,integrated,「ナポレオン3世」について説明せよ。,**1848〜1870年に政権**、フランス・ヨーロッパ・メキシコを主な舞台に、**ナポレオン3世**は、ナポレオン1世の甥で、第二共和政の大統領に選ばれた後、1851年のクーデタを経て翌年皇帝となった。パリ改造・産業化を進めたが、**普仏戦争**で捕虜となり失脚した。,ナポレオン3世|1848〜1870年に政権|普仏戦争,,,,世界史の窓（章節別用語リスト）,https://www.y-history.net/appendix/appendix-list.html
世界史段階別デッキ｜Deck 3｜主要王朝・人物・制度の穴埋め400語,WH-001060,1060,Deck 3｜標準,制度・政策・法律,フランクフルト国民議会,ふらんくふるとこくみんぎかい,,近代,ヨーロッパ,ドイツ・フランクフルト,1848〜1849年,1848,WH-001060-B01,beginner,用語の特定,identify,三月革命後に全ドイツの自由主義者が集まり、統一憲法を審議した議会は？,フランクフルト国民議会,フランクフルト国民議会,,,,世界史の窓（章節別用語リスト）,https://www.y-history.net/appendix/appendix-list.html
世界史段階別デッキ｜Deck 3｜主要王朝・人物・制度の穴埋め400語,WH-001060,1060,Deck 3｜標準,制度・政策・法律,フランクフルト国民議会,ふらんくふるとこくみんぎかい,,近代,ヨーロッパ,ドイツ・フランクフルト,1848〜1849年,1848,WH-001060-B02,beginner,時期,time,「フランクフルト国民議会」が実施・整備されたのはいつ？,1848〜1849年,1848〜1849年,,,1848年：「二月・三月革命で 旧勢力の 威は 弱る」（1848）二月革命・三月革命。フランクフルト国民議会。,世界史の窓（章節別用語リスト）,https://www.y-history.net/appendix/appendix-list.html
世界史段階別デッキ｜Deck 3｜主要王朝・人物・制度の穴埋め400語,WH-001060,1060,Deck 3｜標準,制度・政策・法律,フランクフルト国民議会,ふらんくふるとこくみんぎかい,,近代,ヨーロッパ,ドイツ・フランクフルト,1848〜1849年,1848,WH-001060-B03,beginner,内容,content,「フランクフルト国民議会」について、提示した統一案は？,小ドイツ主義,小ドイツ主義,,,,世界史の窓（章節別用語リスト）,https://www.y-history.net/appendix/appendix-list.html
世界史段階別デッキ｜Deck 3｜主要王朝・人物・制度の穴埋め400語,WH-001060,1060,Deck 3｜標準,制度・政策・法律,フランクフルト国民議会,ふらんくふるとこくみんぎかい,,近代,ヨーロッパ,ドイツ・フランクフルト,1848〜1849年,1848,WH-001060-R01,reverse,複合説明,reverse,どんな制度・政策・法律？,ドイツ・フランクフルトを主な舞台に、**フランクフルト国民議会**は、1848年革命を受け、ドイツ諸国から選ばれた議員がフランクフルトで統一国家の憲法を審議した。**小ドイツ主義**でプロイセン王へ皇帝冠を提示したが拒否され、解散した。,フランクフルト国民議会|小ドイツ主義,,,1848年：「二月・三月革命で 旧勢力の 威は 弱る」（1848）二月革命・三月革命。フランクフルト国民議会。,世界史の窓（章節別用語リスト）,https://www.y-history.net/appendix/appendix-list.html
世界史段階別デッキ｜Deck 3｜主要王朝・人物・制度の穴埋め400語,WH-001060,1060,Deck 3｜標準,制度・政策・法律,フランクフルト国民議会,ふらんくふるとこくみんぎかい,,近代,ヨーロッパ,ドイツ・フランクフルト,1848〜1849年,1848,WH-001060-R02,reverse,時期,time,「フランクフルト国民議会」が実施・整備されたのはいつ？,**1848〜1849年**,1848〜1849年,,,1848年：「二月・三月革命で 旧勢力の 威は 弱る」（1848）二月革命・三月革命。フランクフルト国民議会。,世界史の窓（章節別用語リスト）,https://www.y-history.net/appendix/appendix-list.html
世界史段階別デッキ｜Deck 3｜主要王朝・人物・制度の穴埋め400語,WH-001060,1060,Deck 3｜標準,制度・政策・法律,フランクフルト国民議会,ふらんくふるとこくみんぎかい,,近代,ヨーロッパ,ドイツ・フランクフルト,1848〜1849年,1848,WH-001060-I01,integrated,統合説明,integrated,「フランクフルト国民議会」について説明せよ。,**1848〜1849年**、ドイツ・フランクフルトを主な舞台に、**フランクフルト国民議会**は、1848年革命を受け、ドイツ諸国から選ばれた議員がフランクフルトで統一国家の憲法を審議した。**小ドイツ主義**でプロイセン王へ皇帝冠を提示したが拒否され、解散した。,フランクフルト国民議会|1848〜1849年|小ドイツ主義,,,1848年：「二月・三月革命で 旧勢力の 威は 弱る」（1848）二月革命・三月革命。フランクフルト国民議会。,世界史の窓（章節別用語リスト）,https://www.y-history.net/appendix/appendix-list.html
世界史段階別デッキ｜Deck 3｜主要王朝・人物・制度の穴埋め400語,WH-001096,1096,Deck 3｜標準,人物,洪秀全,こうしゅうぜん,,近代,東アジア,清朝中国南部・南京,19世紀中頃,1851,WH-001096-B01,beginner,用語の特定,identify,キリスト教の影響を受けて太平天国を建て、清に大反乱を起こした人物は？,洪秀全(こうしゅうぜん),洪秀全,,,,世界史の窓（章節別用語リスト）,https://www.y-history.net/appendix/appendix-list.html
世界史段階別デッキ｜Deck 3｜主要王朝・人物・制度の穴埋め400語,WH-001096,1096,Deck 3｜標準,人物,洪秀全,こうしゅうぜん,,近代,東アジア,清朝中国南部・南京,19世紀中頃,1851,WH-001096-B02,beginner,時期,time,「洪秀全(こうしゅうぜん)」が主に活動したのはいつ？,19世紀中頃,19世紀中頃,,,,世界史の窓（章節別用語リスト）,https://www.y-history.net/appendix/appendix-list.html
世界史段階別デッキ｜Deck 3｜主要王朝・人物・制度の穴埋め400語,WH-001096,1096,Deck 3｜標準,人物,洪秀全,こうしゅうぜん,,近代,東アジア,清朝中国南部・南京,19世紀中頃,1851,WH-001096-B03,beginner,関連,relation,「洪秀全(こうしゅうぜん)」について、建てた国家は？,太平天国,太平天国,,,,世界史の窓（章節別用語リスト）,https://www.y-history.net/appendix/appendix-list.html
世界史段階別デッキ｜Deck 3｜主要王朝・人物・制度の穴埋め400語,WH-001096,1096,Deck 3｜標準,人物,洪秀全,こうしゅうぜん,,近代,東アジア,清朝中国南部・南京,19世紀中頃,1851,WH-001096-R01,reverse,複合説明,reverse,何をした？,清朝中国南部・南京を主な舞台に、**洪秀全(こうしゅうぜん)**は、科挙(かきょ)に失敗した後、キリスト教的啓示を独自に解釈して上帝会を組織した。1851年に**太平天国**を建て、南京を天京として清朝打倒と土地平等を掲げた。,洪秀全|太平天国,,,,世界史の窓（章節別用語リスト）,https://www.y-history.net/appendix/appendix-list.html
世界史段階別デッキ｜Deck 3｜主要王朝・人物・制度の穴埋め400語,WH-001096,1096,Deck 3｜標準,人物,洪秀全,こうしゅうぜん,,近代,東アジア,清朝中国南部・南京,19世紀中頃,1851,WH-001096-R02,reverse,時期,time,「洪秀全(こうしゅうぜん)」が主に活動したのはいつ？,**19世紀中頃**,19世紀中頃,,,,世界史の窓（章節別用語リスト）,https://www.y-history.net/appendix/appendix-list.html
世界史段階別デッキ｜Deck 3｜主要王朝・人物・制度の穴埋め400語,WH-001096,1096,Deck 3｜標準,人物,洪秀全,こうしゅうぜん,,近代,東アジア,清朝中国南部・南京,19世紀中頃,1851,WH-001096-I01,integrated,統合説明,integrated,「洪秀全(こうしゅうぜん)」について説明せよ。,**19世紀中頃**、清朝中国南部・南京を主な舞台に、**洪秀全(こうしゅうぜん)**は、科挙(かきょ)に失敗した後、キリスト教的啓示を独自に解釈して上帝会を組織した。1851年に**太平天国**を建て、南京を天京として清朝打倒と土地平等を掲げた。,洪秀全|19世紀中頃|太平天国,,,,世界史の窓（章節別用語リスト）,https://www.y-history.net/appendix/appendix-list.html
世界史段階別デッキ｜Deck 3｜主要王朝・人物・制度の穴埋め400語,WH-001047,1047,Deck 3｜標準,国家・王朝,第二帝政,だいにていせい,フランス第二帝政,近代,ヨーロッパ,フランス,1852〜1870年,1852,WH-001047-B01,beginner,用語の特定,identify,ナポレオン3世が皇帝として統治し、普仏戦争の敗北で崩壊した政体は？,第二帝政,第二帝政,フランス第二帝政,,,世界史の窓（章節別用語リスト）,https://www.y-history.net/appendix/appendix-list.html
世界史段階別デッキ｜Deck 3｜主要王朝・人物・制度の穴埋め400語,WH-001047,1047,Deck 3｜標準,国家・王朝,第二帝政,だいにていせい,フランス第二帝政,近代,ヨーロッパ,フランス,1852〜1870年,1852,WH-001047-B02,beginner,時期,time,「第二帝政」が存在したのはいつ？,1852〜1870年,1852〜1870年,,,1852年：「投票で 人は 公認 第二帝政」（1852）フランスで第二帝政が始まる。ルイ=ナポレオンが帝位に就く。,世界史の窓（章節別用語リスト）,https://www.y-history.net/appendix/appendix-list.html
世界史段階別デッキ｜Deck 3｜主要王朝・人物・制度の穴埋め400語,WH-001047,1047,Deck 3｜標準,国家・王朝,第二帝政,だいにていせい,フランス第二帝政,近代,ヨーロッパ,フランス,1852〜1870年,1852,WH-001047-B03,beginner,原因,cause,「第二帝政」について、崩壊の原因となった戦争は？,普仏戦争,普仏戦争,,,,世界史の窓（章節別用語リスト）,https://www.y-history.net/appendix/appendix-list.html
世界史段階別デッキ｜Deck 3｜主要王朝・人物・制度の穴埋め400語,WH-001047,1047,Deck 3｜標準,国家・王朝,第二帝政,だいにていせい,フランス第二帝政,近代,ヨーロッパ,フランス,1852〜1870年,1852,WH-001047-R01,reverse,複合説明,reverse,何をした？,フランスを主な舞台に、**第二帝政**は、**ナポレオン3世**が1852年に成立させ、初期は言論・議会を抑えつつ産業・金融・パリ都市改造を推進した。後期には自由化したが、1870年の**普仏戦争**敗北で崩壊した。,第二帝政|ナポレオン3世|普仏戦争,,,1852年：「投票で 人は 公認 第二帝政」（1852）フランスで第二帝政が始まる。ルイ=ナポレオンが帝位に就く。,世界史の窓（章節別用語リスト）,https://www.y-history.net/appendix/appendix-list.html
世界史段階別デッキ｜Deck 3｜主要王朝・人物・制度の穴埋め400語,WH-001047,1047,Deck 3｜標準,国家・王朝,第二帝政,だいにていせい,フランス第二帝政,近代,ヨーロッパ,フランス,1852〜1870年,1852,WH-001047-R02,reverse,時期,time,「第二帝政」が存在したのはいつ？,**1852〜1870年**,1852〜1870年,,,1852年：「投票で 人は 公認 第二帝政」（1852）フランスで第二帝政が始まる。ルイ=ナポレオンが帝位に就く。,世界史の窓（章節別用語リスト）,https://www.y-history.net/appendix/appendix-list.html
世界史段階別デッキ｜Deck 3｜主要王朝・人物・制度の穴埋め400語,WH-001047,1047,Deck 3｜標準,国家・王朝,第二帝政,だいにていせい,フランス第二帝政,近代,ヨーロッパ,フランス,1852〜1870年,1852,WH-001047-I01,integrated,統合説明,integrated,「第二帝政」について説明せよ。,**1852〜1870年**、フランスを主な舞台に、**第二帝政**は、**ナポレオン3世**が1852年に成立させ、初期は言論・議会を抑えつつ産業・金融・パリ都市改造を推進した。後期には自由化したが、1870年の**普仏戦争**敗北で崩壊した。,第二帝政|1852〜1870年|ナポレオン3世|普仏戦争,,,1852年：「投票で 人は 公認 第二帝政」（1852）フランスで第二帝政が始まる。ルイ=ナポレオンが帝位に就く。,世界史の窓（章節別用語リスト）,https://www.y-history.net/appendix/appendix-list.html
世界史段階別デッキ｜Deck 3｜主要王朝・人物・制度の穴埋め400語,WH-001097,1097,Deck 3｜標準,人物,曽国藩,そうこくはん,,近代,東アジア,清朝中国・湖南・長江流域,19世紀中頃,1853,WH-001097-B01,beginner,用語の特定,identify,郷勇の湘軍(しょうぐん)を組織し、太平天国を鎮圧した清の漢人官僚は？,曽国藩(そうこくはん),曽国藩,,,,世界史の窓（章節別用語リスト）,https://www.y-history.net/appendix/appendix-list.html
世界史段階別デッキ｜Deck 3｜主要王朝・人物・制度の穴埋め400語,WH-001097,1097,Deck 3｜標準,人物,曽国藩,そうこくはん,,近代,東アジア,清朝中国・湖南・長江流域,19世紀中頃,1853,WH-001097-B02,beginner,時期,time,「曽国藩(そうこくはん)」が主に活動したのはいつ？,19世紀中頃,19世紀中頃,,,,世界史の窓（章節別用語リスト）,https://www.y-history.net/appendix/appendix-list.html
世界史段階別デッキ｜Deck 3｜主要王朝・人物・制度の穴埋め400語,WH-001097,1097,Deck 3｜標準,人物,曽国藩,そうこくはん,,近代,東アジア,清朝中国・湖南・長江流域,19世紀中頃,1853,WH-001097-B03,beginner,関連,relation,「曽国藩(そうこくはん)」について、組織した軍は？,湘軍(しょうぐん),湘軍,,,,世界史の窓（章節別用語リスト）,https://www.y-history.net/appendix/appendix-list.html
世界史段階別デッキ｜Deck 3｜主要王朝・人物・制度の穴埋め400語,WH-001097,1097,Deck 3｜標準,人物,曽国藩,そうこくはん,,近代,東アジア,清朝中国・湖南・長江流域,19世紀中頃,1853,WH-001097-R01,reverse,複合説明,reverse,何をした？,清朝中国・湖南・長江流域を主な舞台に、**曽国藩(そうこくはん)**は、湖南の郷紳(きょうしん)・団練(だんれん)を基盤に私的軍隊**湘軍(しょうぐん)**を組織し、太平天国軍と戦って1864年に南京を攻略した。漢人地方官僚の軍事・政治力を高め、洋務運動にも関わった。,曽国藩|湘軍,,,,世界史の窓（章節別用語リスト）,https://www.y-history.net/appendix/appendix-list.html
世界史段階別デッキ｜Deck 3｜主要王朝・人物・制度の穴埋め400語,WH-001097,1097,Deck 3｜標準,人物,曽国藩,そうこくはん,,近代,東アジア,清朝中国・湖南・長江流域,19世紀中頃,1853,WH-001097-R02,reverse,時期,time,「曽国藩(そうこくはん)」が主に活動したのはいつ？,**19世紀中頃**,19世紀中頃,,,,世界史の窓（章節別用語リスト）,https://www.y-history.net/appendix/appendix-list.html
世界史段階別デッキ｜Deck 3｜主要王朝・人物・制度の穴埋め400語,WH-001097,1097,Deck 3｜標準,人物,曽国藩,そうこくはん,,近代,東アジア,清朝中国・湖南・長江流域,19世紀中頃,1853,WH-001097-I01,integrated,統合説明,integrated,「曽国藩(そうこくはん)」について説明せよ。,**19世紀中頃**、清朝中国・湖南・長江流域を主な舞台に、**曽国藩(そうこくはん)**は、湖南の郷紳(きょうしん)・団練(だんれん)を基盤に私的軍隊**湘軍(しょうぐん)**を組織し、太平天国軍と戦って1864年に南京を攻略した。漢人地方官僚の軍事・政治力を高め、洋務運動にも関わった。,曽国藩|19世紀中頃|湘軍,,,,世界史の窓（章節別用語リスト）,https://www.y-history.net/appendix/appendix-list.html
世界史段階別デッキ｜Deck 3｜主要王朝・人物・制度の穴埋め400語,WH-001112,1112,Deck 3｜標準,人物,ペリー,ぺりー,マシュー＝ペリー,近代,東アジア,アメリカ合衆国から日本・浦賀・下田,1853〜1854年に来航,1853,WH-001112-B01,beginner,用語の特定,identify,艦隊を率いて日本へ来航し、日米和親条約を結ばせて開国を促したアメリカ海軍軍人は？,ペリー,ペリー,マシュー＝ペリー,,,世界史の窓（章節別用語リスト）,https://www.y-history.net/appendix/appendix-list.html
世界史段階別デッキ｜Deck 3｜主要王朝・人物・制度の穴埋め400語,WH-001112,1112,Deck 3｜標準,人物,ペリー,ぺりー,マシュー＝ペリー,近代,東アジア,アメリカ合衆国から日本・浦賀・下田,1853〜1854年に来航,1853,WH-001112-B02,beginner,時期,time,「ペリー」が主に活動したのはいつ？,1853〜1854年に来航,1853〜1854年に来航,,,,世界史の窓（章節別用語リスト）,https://www.y-history.net/appendix/appendix-list.html
世界史段階別デッキ｜Deck 3｜主要王朝・人物・制度の穴埋め400語,WH-001112,1112,Deck 3｜標準,人物,ペリー,ぺりー,マシュー＝ペリー,近代,東アジア,アメリカ合衆国から日本・浦賀・下田,1853〜1854年に来航,1853,WH-001112-B03,beginner,関連,relation,「ペリー」について、結ばせた条約は？,日米和親条約,日米和親条約,,,,世界史の窓（章節別用語リスト）,https://www.y-history.net/appendix/appendix-list.html
世界史段階別デッキ｜Deck 3｜主要王朝・人物・制度の穴埋め400語,WH-001112,1112,Deck 3｜標準,人物,ペリー,ぺりー,マシュー＝ペリー,近代,東アジア,アメリカ合衆国から日本・浦賀・下田,1853〜1854年に来航,1853,WH-001112-R01,reverse,複合説明,reverse,何をした？,アメリカ合衆国から日本・浦賀・下田を主な舞台に、**ペリー**は、アメリカ東インド艦隊司令長官として1853年に浦賀へ来航し、翌年再来航して**日米和親条約**を結ばせた。下田・箱館を開港させ、日本の鎖国体制を崩す契機となった。,ペリー|日米和親条約,,,,世界史の窓（章節別用語リスト）,https://www.y-history.net/appendix/appendix-list.html
世界史段階別デッキ｜Deck 3｜主要王朝・人物・制度の穴埋め400語,WH-001112,1112,Deck 3｜標準,人物,ペリー,ぺりー,マシュー＝ペリー,近代,東アジア,アメリカ合衆国から日本・浦賀・下田,1853〜1854年に来航,1853,WH-001112-R02,reverse,時期,time,「ペリー」が主に活動したのはいつ？,**1853〜1854年に来航**,1853〜1854年に来航,,,,世界史の窓（章節別用語リスト）,https://www.y-history.net/appendix/appendix-list.html
世界史段階別デッキ｜Deck 3｜主要王朝・人物・制度の穴埋め400語,WH-001112,1112,Deck 3｜標準,人物,ペリー,ぺりー,マシュー＝ペリー,近代,東アジア,アメリカ合衆国から日本・浦賀・下田,1853〜1854年に来航,1853,WH-001112-I01,integrated,統合説明,integrated,「ペリー」について説明せよ。,**1853〜1854年に来航**、アメリカ合衆国から日本・浦賀・下田を主な舞台に、**ペリー**は、アメリカ東インド艦隊司令長官として1853年に浦賀へ来航し、翌年再来航して**日米和親条約**を結ばせた。下田・箱館を開港させ、日本の鎖国体制を崩す契機となった。,ペリー|1853〜1854年に来航|日米和親条約,,,,世界史の窓（章節別用語リスト）,https://www.y-history.net/appendix/appendix-list.html
世界史段階別デッキ｜Deck 3｜主要王朝・人物・制度の穴埋め400語,WH-001070,1070,Deck 3｜標準,組織・政党,共和党（アメリカ）,きょうわとうあめりか,アメリカ共和党,近代,アメリカ,アメリカ合衆国,1854年以後,1854,WH-001070-B01,beginner,用語の特定,identify,奴隷制の西部準州への拡大反対を掲げて成立し、リンカンを大統領にした政党は？,共和党（アメリカ）,共和党（アメリカ）,アメリカ共和党,,,世界史の窓（章節別用語リスト）,https://www.y-history.net/appendix/appendix-list.html
世界史段階別デッキ｜Deck 3｜主要王朝・人物・制度の穴埋め400語,WH-001070,1070,Deck 3｜標準,組織・政党,共和党（アメリカ）,きょうわとうあめりか,アメリカ共和党,近代,アメリカ,アメリカ合衆国,1854年以後,1854,WH-001070-B02,beginner,時期,time,「共和党（アメリカ）」が使用・展開されたのはいつ？,1854年以後,1854年以後,,,,世界史の窓（章節別用語リスト）,https://www.y-history.net/appendix/appendix-list.html
世界史段階別デッキ｜Deck 3｜主要王朝・人物・制度の穴埋め400語,WH-001070,1070,Deck 3｜標準,組織・政党,共和党（アメリカ）,きょうわとうあめりか,アメリカ共和党,近代,アメリカ,アメリカ合衆国,1854年以後,1854,WH-001070-B03,beginner,内容,content,「共和党（アメリカ）」について、初の大統領は？,リンカン,リンカン,,,,世界史の窓（章節別用語リスト）,https://www.y-history.net/appendix/appendix-list.html
世界史段階別デッキ｜Deck 3｜主要王朝・人物・制度の穴埋め400語,WH-001070,1070,Deck 3｜標準,組織・政党,共和党（アメリカ）,きょうわとうあめりか,アメリカ共和党,近代,アメリカ,アメリカ合衆国,1854年以後,1854,WH-001070-R01,reverse,複合説明,reverse,何をした？,アメリカ合衆国を主な舞台に、**共和党（アメリカ）**は、カンザス＝ネブラスカ法への反対から1854年に成立し、奴隷制の西部準州への拡大阻止を掲げた。1860年に**リンカン**を大統領へ当選させ、南部諸州の脱退と南北戦争の背景となった。,共和党（アメリカ）|リンカン,,,,世界史の窓（章節別用語リスト）,https://www.y-history.net/appendix/appendix-list.html
世界史段階別デッキ｜Deck 3｜主要王朝・人物・制度の穴埋め400語,WH-001070,1070,Deck 3｜標準,組織・政党,共和党（アメリカ）,きょうわとうあめりか,アメリカ共和党,近代,アメリカ,アメリカ合衆国,1854年以後,1854,WH-001070-R02,reverse,時期,time,「共和党（アメリカ）」が使用・展開されたのはいつ？,**1854年以後**,1854年以後,,,,世界史の窓（章節別用語リスト）,https://www.y-history.net/appendix/appendix-list.html
世界史段階別デッキ｜Deck 3｜主要王朝・人物・制度の穴埋め400語,WH-001070,1070,Deck 3｜標準,組織・政党,共和党（アメリカ）,きょうわとうあめりか,アメリカ共和党,近代,アメリカ,アメリカ合衆国,1854年以後,1854,WH-001070-I01,integrated,統合説明,integrated,「共和党（アメリカ）」について説明せよ。,**1854年以後**、アメリカ合衆国を主な舞台に、**共和党（アメリカ）**は、カンザス＝ネブラスカ法への反対から1854年に成立し、奴隷制の西部準州への拡大阻止を掲げた。1860年に**リンカン**を大統領へ当選させ、南部諸州の脱退と南北戦争の背景となった。,共和党（アメリカ）|1854年以後|リンカン,,,,世界史の窓（章節別用語リスト）,https://www.y-history.net/appendix/appendix-list.html
世界史段階別デッキ｜Deck 3｜主要王朝・人物・制度の穴埋め400語,WH-001077,1077,Deck 3｜標準,人物,ベニート＝フアレス,べにーとふあれす,,近代,アメリカ,メキシコ,19世紀中頃,1855,WH-001077-B01,beginner,用語の特定,identify,自由主義改革を進め、フランス干渉とマクシミリアン帝政を打倒した先住民出身の大統領は？,ベニート＝フアレス,ベニート＝フアレス,,,,世界史の窓（章節別用語リスト）,https://www.y-history.net/appendix/appendix-list.html
世界史段階別デッキ｜Deck 3｜主要王朝・人物・制度の穴埋め400語,WH-001077,1077,Deck 3｜標準,人物,ベニート＝フアレス,べにーとふあれす,,近代,アメリカ,メキシコ,19世紀中頃,1855,WH-001077-B02,beginner,時期,time,「ベニート＝フアレス」が主に活動したのはいつ？,19世紀中頃,19世紀中頃,,,,世界史の窓（章節別用語リスト）,https://www.y-history.net/appendix/appendix-list.html
世界史段階別デッキ｜Deck 3｜主要王朝・人物・制度の穴埋め400語,WH-001077,1077,Deck 3｜標準,人物,ベニート＝フアレス,べにーとふあれす,,近代,アメリカ,メキシコ,19世紀中頃,1855,WH-001077-B03,beginner,内容,content,「ベニート＝フアレス」について、進めた改革は？,レフォルマ,レフォルマ,,,,世界史の窓（章節別用語リスト）,https://www.y-history.net/appendix/appendix-list.html
世界史段階別デッキ｜Deck 3｜主要王朝・人物・制度の穴埋め400語,WH-001077,1077,Deck 3｜標準,人物,ベニート＝フアレス,べにーとふあれす,,近代,アメリカ,メキシコ,19世紀中頃,1855,WH-001077-R01,reverse,複合説明,reverse,何をした？,メキシコを主な舞台に、**ベニート＝フアレス**は、先住民サポテカ出身の自由主義者で、教会・軍の特権廃止と土地財産改革を行う**レフォルマ**を推進した。フランス軍が立てたマクシミリアン帝政へ抵抗し、共和政を回復した。,ベニート＝フアレス|レフォルマ,,,,世界史の窓（章節別用語リスト）,https://www.y-history.net/appendix/appendix-list.html
世界史段階別デッキ｜Deck 3｜主要王朝・人物・制度の穴埋め400語,WH-001077,1077,Deck 3｜標準,人物,ベニート＝フアレス,べにーとふあれす,,近代,アメリカ,メキシコ,19世紀中頃,1855,WH-001077-R02,reverse,時期,time,「ベニート＝フアレス」が主に活動したのはいつ？,**19世紀中頃**,19世紀中頃,,,,世界史の窓（章節別用語リスト）,https://www.y-history.net/appendix/appendix-list.html
世界史段階別デッキ｜Deck 3｜主要王朝・人物・制度の穴埋め400語,WH-001077,1077,Deck 3｜標準,人物,ベニート＝フアレス,べにーとふあれす,,近代,アメリカ,メキシコ,19世紀中頃,1855,WH-001077-I01,integrated,統合説明,integrated,「ベニート＝フアレス」について説明せよ。,**19世紀中頃**、メキシコを主な舞台に、**ベニート＝フアレス**は、先住民サポテカ出身の自由主義者で、教会・軍の特権廃止と土地財産改革を行う**レフォルマ**を推進した。フランス軍が立てたマクシミリアン帝政へ抵抗し、共和政を回復した。,ベニート＝フアレス|19世紀中頃|レフォルマ,,,,世界史の窓（章節別用語リスト）,https://www.y-history.net/appendix/appendix-list.html
世界史段階別デッキ｜Deck 3｜主要王朝・人物・制度の穴埋め400語,WH-001078,1078,Deck 3｜標準,運動,レフォルマ,れふぉるま,メキシコ自由主義改革,近代,アメリカ,メキシコ,1850〜1860年代,1855,WH-001078-B01,beginner,用語の特定,identify,フアレスらが教会・軍の特権と法人土地所有を制限し、世俗的国家を目指した改革は？,レフォルマ,レフォルマ,メキシコ自由主義改革,,,世界史の窓（章節別用語リスト）,https://www.y-history.net/appendix/appendix-list.html
世界史段階別デッキ｜Deck 3｜主要王朝・人物・制度の穴埋め400語,WH-001078,1078,Deck 3｜標準,運動,レフォルマ,れふぉるま,メキシコ自由主義改革,近代,アメリカ,メキシコ,1850〜1860年代,1855,WH-001078-B02,beginner,時期,time,「レフォルマ」が盛んだったのはいつ？,1850〜1860年代,1850〜1860年代,,,,世界史の窓（章節別用語リスト）,https://www.y-history.net/appendix/appendix-list.html
世界史段階別デッキ｜Deck 3｜主要王朝・人物・制度の穴埋め400語,WH-001078,1078,Deck 3｜標準,運動,レフォルマ,れふぉるま,メキシコ自由主義改革,近代,アメリカ,メキシコ,1850〜1860年代,1855,WH-001078-B03,beginner,中心人物,person,「レフォルマ」について、中心人物は？,ベニート＝フアレス,ベニート＝フアレス,,,,世界史の窓（章節別用語リスト）,https://www.y-history.net/appendix/appendix-list.html
世界史段階別デッキ｜Deck 3｜主要王朝・人物・制度の穴埋め400語,WH-001078,1078,Deck 3｜標準,運動,レフォルマ,れふぉるま,メキシコ自由主義改革,近代,アメリカ,メキシコ,1850〜1860年代,1855,WH-001078-R01,reverse,複合説明,reverse,何が起きた？,メキシコを主な舞台に、**レフォルマ**は、メキシコ自由主義者が教会・軍の**フエロ**を廃止し、教会・共同体の法人土地を売却して世俗的な法の下の平等を目指した改革である。保守派との内戦とフランス干渉を招いた。,レフォルマ|フエロ,,,,世界史の窓（章節別用語リスト）,https://www.y-history.net/appendix/appendix-list.html
世界史段階別デッキ｜Deck 3｜主要王朝・人物・制度の穴埋め400語,WH-001078,1078,Deck 3｜標準,運動,レフォルマ,れふぉるま,メキシコ自由主義改革,近代,アメリカ,メキシコ,1850〜1860年代,1855,WH-001078-R02,reverse,時期,time,「レフォルマ」が盛んだったのはいつ？,**1850〜1860年代**,1850〜1860年代,,,,世界史の窓（章節別用語リスト）,https://www.y-history.net/appendix/appendix-list.html
世界史段階別デッキ｜Deck 3｜主要王朝・人物・制度の穴埋め400語,WH-001078,1078,Deck 3｜標準,運動,レフォルマ,れふぉるま,メキシコ自由主義改革,近代,アメリカ,メキシコ,1850〜1860年代,1855,WH-001078-I01,integrated,統合説明,integrated,「レフォルマ」について説明せよ。,**1850〜1860年代**、メキシコを主な舞台に、**レフォルマ**は、メキシコ自由主義者が教会・軍の**フエロ**を廃止し、教会・共同体の法人土地を売却して世俗的な法の下の平等を目指した改革である。保守派との内戦とフランス干渉を招いた。,レフォルマ|1850〜1860年代|フエロ,,,,世界史の窓（章節別用語リスト）,https://www.y-history.net/appendix/appendix-list.html
世界史段階別デッキ｜Deck 3｜主要王朝・人物・制度の穴埋め400語,WH-001090,1090,Deck 3｜標準,制度・政策・法律,インド統治法,いんどとうちほう,1858年インド統治法|インド統治改善法,近代,南アジア,イギリス領インド,1858年,1858,WH-001090-B01,beginner,用語の特定,identify,インド大反乱後、東インド会社の統治を廃止してイギリス本国政府へ移した法律は？,インド統治法,インド統治法,1858年インド統治法|インド統治改善法,,,世界史の窓（章節別用語リスト）,https://www.y-history.net/appendix/appendix-list.html
世界史段階別デッキ｜Deck 3｜主要王朝・人物・制度の穴埋め400語,WH-001090,1090,Deck 3｜標準,制度・政策・法律,インド統治法,いんどとうちほう,1858年インド統治法|インド統治改善法,近代,南アジア,イギリス領インド,1858年,1858,WH-001090-B02,beginner,時期,time,「インド統治法」が実施・整備されたのはいつ？,1858年,1858年,,,,世界史の窓（章節別用語リスト）,https://www.y-history.net/appendix/appendix-list.html
世界史段階別デッキ｜Deck 3｜主要王朝・人物・制度の穴埋め400語,WH-001090,1090,Deck 3｜標準,制度・政策・法律,インド統治法,いんどとうちほう,1858年インド統治法|インド統治改善法,近代,南アジア,イギリス領インド,1858年,1858,WH-001090-B03,beginner,内容,content,「インド統治法」について、統治を引き継いだ主体は？,イギリス国王・本国政府,イギリス国王・本国政府,,,,世界史の窓（章節別用語リスト）,https://www.y-history.net/appendix/appendix-list.html
世界史段階別デッキ｜Deck 3｜主要王朝・人物・制度の穴埋め400語,WH-001090,1090,Deck 3｜標準,制度・政策・法律,インド統治法,いんどとうちほう,1858年インド統治法|インド統治改善法,近代,南アジア,イギリス領インド,1858年,1858,WH-001090-R01,reverse,複合説明,reverse,どんな制度・政策・法律？,イギリス領インドを主な舞台に、**インド統治法**は、1857年のインド大反乱を受け、**東インド会社**を解散してインド統治権をイギリス国王と本国政府へ移した。インド担当相と副王を置き、王侯・宗教慣行への配慮を掲げた。,インド統治法|東インド会社,,,,世界史の窓（章節別用語リスト）,https://www.y-history.net/appendix/appendix-list.html
世界史段階別デッキ｜Deck 3｜主要王朝・人物・制度の穴埋め400語,WH-001090,1090,Deck 3｜標準,制度・政策・法律,インド統治法,いんどとうちほう,1858年インド統治法|インド統治改善法,近代,南アジア,イギリス領インド,1858年,1858,WH-001090-R02,reverse,時期,time,「インド統治法」が実施・整備されたのはいつ？,**1858年**,1858年,,,,世界史の窓（章節別用語リスト）,https://www.y-history.net/appendix/appendix-list.html
世界史段階別デッキ｜Deck 3｜主要王朝・人物・制度の穴埋め400語,WH-001090,1090,Deck 3｜標準,制度・政策・法律,インド統治法,いんどとうちほう,1858年インド統治法|インド統治改善法,近代,南アジア,イギリス領インド,1858年,1858,WH-001090-I01,integrated,統合説明,integrated,「インド統治法」について説明せよ。,**1858年**、イギリス領インドを主な舞台に、**インド統治法**は、1857年のインド大反乱を受け、**東インド会社**を解散してインド統治権をイギリス国王と本国政府へ移した。インド担当相と副王を置き、王侯・宗教慣行への配慮を掲げた。,インド統治法|1858年|東インド会社,,,,世界史の窓（章節別用語リスト）,https://www.y-history.net/appendix/appendix-list.html
世界史段階別デッキ｜Deck 3｜主要王朝・人物・制度の穴埋め400語,WH-001113,1113,Deck 3｜標準,条約・会議,日米修好通商条約,にちべいしゅうこうつうしょうじょうやく,ハリス条約,近代,東アジア,日本とアメリカ合衆国,1858年,1858,WH-001113-B01,beginner,用語の特定,identify,日本がアメリカへ開港・領事裁判権(りょうじさいばんけん)を認め、関税自主権を制限された不平等条約は？,日米修好通商条約,日米修好通商条約,ハリス条約,,,世界史の窓（章節別用語リスト）,https://www.y-history.net/appendix/appendix-list.html
世界史段階別デッキ｜Deck 3｜主要王朝・人物・制度の穴埋め400語,WH-001113,1113,Deck 3｜標準,条約・会議,日米修好通商条約,にちべいしゅうこうつうしょうじょうやく,ハリス条約,近代,東アジア,日本とアメリカ合衆国,1858年,1858,WH-001113-B02,beginner,時期,time,「日米修好通商条約」が結ばれた・開かれたのはいつ？,1858年,1858年,,,,世界史の窓（章節別用語リスト）,https://www.y-history.net/appendix/appendix-list.html
世界史段階別デッキ｜Deck 3｜主要王朝・人物・制度の穴埋め400語,WH-001113,1113,Deck 3｜標準,条約・会議,日米修好通商条約,にちべいしゅうこうつうしょうじょうやく,ハリス条約,近代,東アジア,日本とアメリカ合衆国,1858年,1858,WH-001113-B03,beginner,内容,content,「日米修好通商条約」について、交渉したアメリカ総領事は？,ハリス,ハリス,,,,世界史の窓（章節別用語リスト）,https://www.y-history.net/appendix/appendix-list.html
世界史段階別デッキ｜Deck 3｜主要王朝・人物・制度の穴埋め400語,WH-001113,1113,Deck 3｜標準,条約・会議,日米修好通商条約,にちべいしゅうこうつうしょうじょうやく,ハリス条約,近代,東アジア,日本とアメリカ合衆国,1858年,1858,WH-001113-R01,reverse,複合説明,reverse,何を決めた？,日本とアメリカ合衆国を主な舞台に、**日米修好通商条約**は、大老井伊直弼のもとでアメリカ総領事**ハリス**と結び、神奈川・長崎などの開港と自由貿易を認めた。アメリカ人の**領事裁判権(りょうじさいばんけん)**と協定関税を定め、日本の主権を制限した。,日米修好通商条約|ハリス|領事裁判権,,,,世界史の窓（章節別用語リスト）,https://www.y-history.net/appendix/appendix-list.html
世界史段階別デッキ｜Deck 3｜主要王朝・人物・制度の穴埋め400語,WH-001113,1113,Deck 3｜標準,条約・会議,日米修好通商条約,にちべいしゅうこうつうしょうじょうやく,ハリス条約,近代,東アジア,日本とアメリカ合衆国,1858年,1858,WH-001113-R02,reverse,時期,time,「日米修好通商条約」が結ばれた・開かれたのはいつ？,**1858年**,1858年,,,,世界史の窓（章節別用語リスト）,https://www.y-history.net/appendix/appendix-list.html
世界史段階別デッキ｜Deck 3｜主要王朝・人物・制度の穴埋め400語,WH-001113,1113,Deck 3｜標準,条約・会議,日米修好通商条約,にちべいしゅうこうつうしょうじょうやく,ハリス条約,近代,東アジア,日本とアメリカ合衆国,1858年,1858,WH-001113-I01,integrated,統合説明,integrated,「日米修好通商条約」について説明せよ。,**1858年**、日本とアメリカ合衆国を主な舞台に、**日米修好通商条約**は、大老井伊直弼のもとでアメリカ総領事**ハリス**と結び、神奈川・長崎などの開港と自由貿易を認めた。アメリカ人の**領事裁判権(りょうじさいばんけん)**と協定関税を定め、日本の主権を制限した。,日米修好通商条約|1858年|ハリス|領事裁判権,,,,世界史の窓（章節別用語リスト）,https://www.y-history.net/appendix/appendix-list.html
世界史段階別デッキ｜Deck 3｜主要王朝・人物・制度の穴埋め400語,WH-001104,1104,Deck 3｜標準,人物,西太后,せいたいごう,慈禧太后,近代,東アジア,清朝中国・北京,19世紀後半〜20世紀初頭,1861,WH-001104-B01,beginner,用語の特定,identify,辛酉政変(しんゆうせいへん)で実権を握り、同治帝(どうちてい)・光緒帝(こうしょてい)期の清朝政治を長く支配した人物は？,西太后,西太后,慈禧太后,,,世界史の窓（章節別用語リスト）,https://www.y-history.net/appendix/appendix-list.html
世界史段階別デッキ｜Deck 3｜主要王朝・人物・制度の穴埋め400語,WH-001104,1104,Deck 3｜標準,人物,西太后,せいたいごう,慈禧太后,近代,東アジア,清朝中国・北京,19世紀後半〜20世紀初頭,1861,WH-001104-B02,beginner,時期,time,「西太后」が主に活動したのはいつ？,19世紀後半〜20世紀初頭,19世紀後半〜20世紀初頭,,,,世界史の窓（章節別用語リスト）,https://www.y-history.net/appendix/appendix-list.html
世界史段階別デッキ｜Deck 3｜主要王朝・人物・制度の穴埋め400語,WH-001104,1104,Deck 3｜標準,人物,西太后,せいたいごう,慈禧太后,近代,東アジア,清朝中国・北京,19世紀後半〜20世紀初頭,1861,WH-001104-B03,beginner,内容,content,「西太后」について、挫折させた改革は？,戊戌の変法,戊戌の変法,,,,世界史の窓（章節別用語リスト）,https://www.y-history.net/appendix/appendix-list.html
世界史段階別デッキ｜Deck 3｜主要王朝・人物・制度の穴埋め400語,WH-001104,1104,Deck 3｜標準,人物,西太后,せいたいごう,慈禧太后,近代,東アジア,清朝中国・北京,19世紀後半〜20世紀初頭,1861,WH-001104-R01,reverse,複合説明,reverse,何をした？,清朝中国・北京(ぺきん)を主な舞台に、**西太后**は、咸豊帝(かんぽうてい)の妃で、1861年の**辛酉政変(しんゆうせいへん)**後に垂簾聴政(すいれんちょうせい)を行い、同治帝(どうちてい)・光緒帝(こうしょてい)期の実権を握った。洋務運動を容認する一方、1898年に戊戌の変法を挫折させ、義和団(ぎわだん)を利用した。,西太后|辛酉政変,,,,世界史の窓（章節別用語リスト）,https://www.y-history.net/appendix/appendix-list.html
世界史段階別デッキ｜Deck 3｜主要王朝・人物・制度の穴埋め400語,WH-001104,1104,Deck 3｜標準,人物,西太后,せいたいごう,慈禧太后,近代,東アジア,清朝中国・北京,19世紀後半〜20世紀初頭,1861,WH-001104-R02,reverse,時期,time,「西太后」が主に活動したのはいつ？,**19世紀後半〜20世紀初頭**,19世紀後半〜20世紀初頭,,,,世界史の窓（章節別用語リスト）,https://www.y-history.net/appendix/appendix-list.html
世界史段階別デッキ｜Deck 3｜主要王朝・人物・制度の穴埋め400語,WH-001104,1104,Deck 3｜標準,人物,西太后,せいたいごう,慈禧太后,近代,東アジア,清朝中国・北京,19世紀後半〜20世紀初頭,1861,WH-001104-I01,integrated,統合説明,integrated,「西太后」について説明せよ。,**19世紀後半〜20世紀初頭**、清朝中国・北京(ぺきん)を主な舞台に、**西太后**は、咸豊帝(かんぽうてい)の妃で、1861年の**辛酉政変(しんゆうせいへん)**後に垂簾聴政(すいれんちょうせい)を行い、同治帝(どうちてい)・光緒帝(こうしょてい)期の実権を握った。洋務運動を容認する一方、1898年に戊戌の変法を挫折させ、義和団(ぎわだん)を利用した。,西太后|19世紀後半〜20世紀初頭|辛酉政変,,,,世界史の窓（章節別用語リスト）,https://www.y-history.net/appendix/appendix-list.html
世界史段階別デッキ｜Deck 3｜主要王朝・人物・制度の穴埋め400語,WH-001098,1098,Deck 3｜標準,人物,李鴻章,りこうしょう,,近代,東アジア,清朝中国・直隷・沿海部,19世紀後半,1862,WH-001098-B01,beginner,用語の特定,identify,淮軍(わいぐん)を率いて太平天国を鎮圧し、洋務運動と対外交渉を担った清の政治家は？,李鴻章(りこうしょう),李鴻章,,,,世界史の窓（章節別用語リスト）,https://www.y-history.net/appendix/appendix-list.html
世界史段階別デッキ｜Deck 3｜主要王朝・人物・制度の穴埋め400語,WH-001098,1098,Deck 3｜標準,人物,李鴻章,りこうしょう,,近代,東アジア,清朝中国・直隷・沿海部,19世紀後半,1862,WH-001098-B02,beginner,時期,time,「李鴻章(りこうしょう)」が主に活動したのはいつ？,19世紀後半,19世紀後半,,,,世界史の窓（章節別用語リスト）,https://www.y-history.net/appendix/appendix-list.html
世界史段階別デッキ｜Deck 3｜主要王朝・人物・制度の穴埋め400語,WH-001098,1098,Deck 3｜標準,人物,李鴻章,りこうしょう,,近代,東アジア,清朝中国・直隷・沿海部,19世紀後半,1862,WH-001098-B03,beginner,関連,relation,「李鴻章(りこうしょう)」について、組織した軍は？,淮軍(わいぐん),淮軍,,,,世界史の窓（章節別用語リスト）,https://www.y-history.net/appendix/appendix-list.html
世界史段階別デッキ｜Deck 3｜主要王朝・人物・制度の穴埋め400語,WH-001098,1098,Deck 3｜標準,人物,李鴻章,りこうしょう,,近代,東アジア,清朝中国・直隷・沿海部,19世紀後半,1862,WH-001098-R01,reverse,複合説明,reverse,何をした？,清朝中国・直隷(ちょくれい)・沿海部を主な舞台に、**李鴻章(りこうしょう)**は、曽国藩(そうこくはん)のもとで**淮軍(わいぐん)**を組織し、太平天国鎮圧に参加した。直隷総督として軍需工場・海軍・通信・企業を建設する**洋務運動**を進め、多くの条約交渉を担当した。,李鴻章|淮軍|洋務運動,,,,世界史の窓（章節別用語リスト）,https://www.y-history.net/appendix/appendix-list.html
世界史段階別デッキ｜Deck 3｜主要王朝・人物・制度の穴埋め400語,WH-001098,1098,Deck 3｜標準,人物,李鴻章,りこうしょう,,近代,東アジア,清朝中国・直隷・沿海部,19世紀後半,1862,WH-001098-R02,reverse,時期,time,「李鴻章(りこうしょう)」が主に活動したのはいつ？,**19世紀後半**,19世紀後半,,,,世界史の窓（章節別用語リスト）,https://www.y-history.net/appendix/appendix-list.html
世界史段階別デッキ｜Deck 3｜主要王朝・人物・制度の穴埋め400語,WH-001098,1098,Deck 3｜標準,人物,李鴻章,りこうしょう,,近代,東アジア,清朝中国・直隷・沿海部,19世紀後半,1862,WH-001098-I01,integrated,統合説明,integrated,「李鴻章(りこうしょう)」について説明せよ。,**19世紀後半**、清朝中国・直隷(ちょくれい)・沿海部を主な舞台に、**李鴻章(りこうしょう)**は、曽国藩(そうこくはん)のもとで**淮軍(わいぐん)**を組織し、太平天国鎮圧に参加した。直隷総督として軍需工場・海軍・通信・企業を建設する**洋務運動**を進め、多くの条約交渉を担当した。,李鴻章|19世紀後半|淮軍|洋務運動,,,,世界史の窓（章節別用語リスト）,https://www.y-history.net/appendix/appendix-list.html
世界史段階別デッキ｜Deck 3｜主要王朝・人物・制度の穴埋め400語,WH-001071,1071,Deck 3｜標準,戦争,ゲティスバーグの戦い,げてぃすばーぐのたたかい,,近代,アメリカ,アメリカ合衆国・ペンシルヴェニア州,1863年,1863,WH-001071-B01,beginner,用語の特定,identify,南北戦争で北軍がリー将軍の北上を阻止し、戦局の転換点となった戦いは？,ゲティスバーグの戦い,ゲティスバーグの戦い,,,,世界史の窓（章節別用語リスト）,https://www.y-history.net/appendix/appendix-list.html
世界史段階別デッキ｜Deck 3｜主要王朝・人物・制度の穴埋め400語,WH-001071,1071,Deck 3｜標準,戦争,ゲティスバーグの戦い,げてぃすばーぐのたたかい,,近代,アメリカ,アメリカ合衆国・ペンシルヴェニア州,1863年,1863,WH-001071-B02,beginner,時期,time,「ゲティスバーグの戦い」が戦われたのはいつ？,1863年,1863年,,,,世界史の窓（章節別用語リスト）,https://www.y-history.net/appendix/appendix-list.html
世界史段階別デッキ｜Deck 3｜主要王朝・人物・制度の穴埋め400語,WH-001071,1071,Deck 3｜標準,戦争,ゲティスバーグの戦い,げてぃすばーぐのたたかい,,近代,アメリカ,アメリカ合衆国・ペンシルヴェニア州,1863年,1863,WH-001071-B03,beginner,関連,relation,「ゲティスバーグの戦い」について、勝利した側は？,北軍,北軍,,,,世界史の窓（章節別用語リスト）,https://www.y-history.net/appendix/appendix-list.html
世界史段階別デッキ｜Deck 3｜主要王朝・人物・制度の穴埋め400語,WH-001071,1071,Deck 3｜標準,戦争,ゲティスバーグの戦い,げてぃすばーぐのたたかい,,近代,アメリカ,アメリカ合衆国・ペンシルヴェニア州,1863年,1863,WH-001071-R01,reverse,複合説明,reverse,何が起きた？,アメリカ合衆国・ペンシルヴェニア州を主な舞台に、**ゲティスバーグの戦い**は、ペンシルヴェニア州で北軍が**リー**率いる南軍の北部侵攻を阻止した南北戦争最大級の戦闘である。南軍は大損害を受けて守勢へ転じ、同年のヴィックスバーグ陥落とともに転機となった。,ゲティスバーグの戦い|リー,,,,世界史の窓（章節別用語リスト）,https://www.y-history.net/appendix/appendix-list.html
世界史段階別デッキ｜Deck 3｜主要王朝・人物・制度の穴埋め400語,WH-001071,1071,Deck 3｜標準,戦争,ゲティスバーグの戦い,げてぃすばーぐのたたかい,,近代,アメリカ,アメリカ合衆国・ペンシルヴェニア州,1863年,1863,WH-001071-R02,reverse,時期,time,「ゲティスバーグの戦い」が戦われたのはいつ？,**1863年**,1863年,,,,世界史の窓（章節別用語リスト）,https://www.y-history.net/appendix/appendix-list.html
世界史段階別デッキ｜Deck 3｜主要王朝・人物・制度の穴埋め400語,WH-001071,1071,Deck 3｜標準,戦争,ゲティスバーグの戦い,げてぃすばーぐのたたかい,,近代,アメリカ,アメリカ合衆国・ペンシルヴェニア州,1863年,1863,WH-001071-I01,integrated,統合説明,integrated,「ゲティスバーグの戦い」について説明せよ。,**1863年**、アメリカ合衆国・ペンシルヴェニア州を主な舞台に、**ゲティスバーグの戦い**は、ペンシルヴェニア州で北軍が**リー**率いる南軍の北部侵攻を阻止した南北戦争最大級の戦闘である。南軍は大損害を受けて守勢へ転じ、同年のヴィックスバーグ陥落とともに転機となった。,ゲティスバーグの戦い|1863年|リー,,,,世界史の窓（章節別用語リスト）,https://www.y-history.net/appendix/appendix-list.html
世界史段階別デッキ｜Deck 3｜主要王朝・人物・制度の穴埋め400語,WH-001053,1053,Deck 3｜標準,人物,ディズレーリ,でぃずれーり,ベンジャミン＝ディズレーリ,近代,ヨーロッパ,イギリス・大英帝国,19世紀後半,1867,WH-001053-B01,beginner,用語の特定,identify,保守党を率い、第2回選挙法改正やスエズ運河株買収を進めた首相は？,ディズレーリ,ディズレーリ,ベンジャミン＝ディズレーリ,,,世界史の窓（章節別用語リスト）,https://www.y-history.net/appendix/appendix-list.html
世界史段階別デッキ｜Deck 3｜主要王朝・人物・制度の穴埋め400語,WH-001053,1053,Deck 3｜標準,人物,ディズレーリ,でぃずれーり,ベンジャミン＝ディズレーリ,近代,ヨーロッパ,イギリス・大英帝国,19世紀後半,1867,WH-001053-B02,beginner,時期,time,「ディズレーリ」が主に活動したのはいつ？,19世紀後半,19世紀後半,,,,世界史の窓（章節別用語リスト）,https://www.y-history.net/appendix/appendix-list.html
世界史段階別デッキ｜Deck 3｜主要王朝・人物・制度の穴埋め400語,WH-001053,1053,Deck 3｜標準,人物,ディズレーリ,でぃずれーり,ベンジャミン＝ディズレーリ,近代,ヨーロッパ,イギリス・大英帝国,19世紀後半,1867,WH-001053-B03,beginner,内容,content,「ディズレーリ」について、属した政党は？,保守党,保守党,,,,世界史の窓（章節別用語リスト）,https://www.y-history.net/appendix/appendix-list.html
世界史段階別デッキ｜Deck 3｜主要王朝・人物・制度の穴埋め400語,WH-001053,1053,Deck 3｜標準,人物,ディズレーリ,でぃずれーり,ベンジャミン＝ディズレーリ,近代,ヨーロッパ,イギリス・大英帝国,19世紀後半,1867,WH-001053-R01,reverse,複合説明,reverse,何をした？,イギリス・大英帝国を主な舞台に、**ディズレーリ**は、**保守党**指導者として1867年の第2回選挙法改正を実現し、都市労働者の一部へ選挙権を広げた。首相としてスエズ運河株を買収し、ヴィクトリア女王をインド皇帝とする帝国政策を進めた。,ディズレーリ|保守党,,,,世界史の窓（章節別用語リスト）,https://www.y-history.net/appendix/appendix-list.html
世界史段階別デッキ｜Deck 3｜主要王朝・人物・制度の穴埋め400語,WH-001053,1053,Deck 3｜標準,人物,ディズレーリ,でぃずれーり,ベンジャミン＝ディズレーリ,近代,ヨーロッパ,イギリス・大英帝国,19世紀後半,1867,WH-001053-R02,reverse,時期,time,「ディズレーリ」が主に活動したのはいつ？,**19世紀後半**,19世紀後半,,,,世界史の窓（章節別用語リスト）,https://www.y-history.net/appendix/appendix-list.html
世界史段階別デッキ｜Deck 3｜主要王朝・人物・制度の穴埋め400語,WH-001053,1053,Deck 3｜標準,人物,ディズレーリ,でぃずれーり,ベンジャミン＝ディズレーリ,近代,ヨーロッパ,イギリス・大英帝国,19世紀後半,1867,WH-001053-I01,integrated,統合説明,integrated,「ディズレーリ」について説明せよ。,**19世紀後半**、イギリス・大英帝国を主な舞台に、**ディズレーリ**は、**保守党**指導者として1867年の第2回選挙法改正を実現し、都市労働者の一部へ選挙権を広げた。首相としてスエズ運河株を買収し、ヴィクトリア女王をインド皇帝とする帝国政策を進めた。,ディズレーリ|19世紀後半|保守党,,,,世界史の窓（章節別用語リスト）,https://www.y-history.net/appendix/appendix-list.html
世界史段階別デッキ｜Deck 3｜主要王朝・人物・制度の穴埋め400語,WH-001063,1063,Deck 3｜標準,国家・王朝,オーストリア＝ハンガリー帝国,おーすとりあはんがりーていこく,二重帝国,近代,ヨーロッパ,中部・東ヨーロッパ,1867〜1918年,1867,WH-001063-B01,beginner,用語の特定,identify,オーストリア皇帝がハンガリー王を兼ね、外交・軍事・財政の一部を共通化した二重帝国は？,オーストリア＝ハンガリー帝国,オーストリア＝ハンガリー帝国,二重帝国,,,世界史の窓（章節別用語リスト）,https://www.y-history.net/appendix/appendix-list.html
世界史段階別デッキ｜Deck 3｜主要王朝・人物・制度の穴埋め400語,WH-001063,1063,Deck 3｜標準,国家・王朝,オーストリア＝ハンガリー帝国,おーすとりあはんがりーていこく,二重帝国,近代,ヨーロッパ,中部・東ヨーロッパ,1867〜1918年,1867,WH-001063-B02,beginner,時期,time,「オーストリア＝ハンガリー帝国」が存在したのはいつ？,1867〜1918年,1867〜1918年,,,,世界史の窓（章節別用語リスト）,https://www.y-history.net/appendix/appendix-list.html
世界史段階別デッキ｜Deck 3｜主要王朝・人物・制度の穴埋め400語,WH-001063,1063,Deck 3｜標準,国家・王朝,オーストリア＝ハンガリー帝国,おーすとりあはんがりーていこく,二重帝国,近代,ヨーロッパ,中部・東ヨーロッパ,1867〜1918年,1867,WH-001063-B03,beginner,内容,content,「オーストリア＝ハンガリー帝国」について、成立させた妥協は？,アウスグライヒ,アウスグライヒ,,,,世界史の窓（章節別用語リスト）,https://www.y-history.net/appendix/appendix-list.html
世界史段階別デッキ｜Deck 3｜主要王朝・人物・制度の穴埋め400語,WH-001063,1063,Deck 3｜標準,国家・王朝,オーストリア＝ハンガリー帝国,おーすとりあはんがりーていこく,二重帝国,近代,ヨーロッパ,中部・東ヨーロッパ,1867〜1918年,1867,WH-001063-R01,reverse,複合説明,reverse,何をした？,中部・東ヨーロッパを主な舞台に、**オーストリア＝ハンガリー帝国**は、1867年の**アウスグライヒ**で成立し、オーストリアとハンガリーが別政府・議会を持ちながら、君主・外交・軍事・共通財政を共有した。多民族問題を抱え、第一次世界大戦敗北で解体した。,オーストリア＝ハンガリー帝国|アウスグライヒ,,,,世界史の窓（章節別用語リスト）,https://www.y-history.net/appendix/appendix-list.html
世界史段階別デッキ｜Deck 3｜主要王朝・人物・制度の穴埋め400語,WH-001063,1063,Deck 3｜標準,国家・王朝,オーストリア＝ハンガリー帝国,おーすとりあはんがりーていこく,二重帝国,近代,ヨーロッパ,中部・東ヨーロッパ,1867〜1918年,1867,WH-001063-R02,reverse,時期,time,「オーストリア＝ハンガリー帝国」が存在したのはいつ？,**1867〜1918年**,1867〜1918年,,,,世界史の窓（章節別用語リスト）,https://www.y-history.net/appendix/appendix-list.html
世界史段階別デッキ｜Deck 3｜主要王朝・人物・制度の穴埋め400語,WH-001063,1063,Deck 3｜標準,国家・王朝,オーストリア＝ハンガリー帝国,おーすとりあはんがりーていこく,二重帝国,近代,ヨーロッパ,中部・東ヨーロッパ,1867〜1918年,1867,WH-001063-I01,integrated,統合説明,integrated,「オーストリア＝ハンガリー帝国」について説明せよ。,**1867〜1918年**、中部・東ヨーロッパを主な舞台に、**オーストリア＝ハンガリー帝国**は、1867年の**アウスグライヒ**で成立し、オーストリアとハンガリーが別政府・議会を持ちながら、君主・外交・軍事・共通財政を共有した。多民族問題を抱え、第一次世界大戦敗北で解体した。,オーストリア＝ハンガリー帝国|1867〜1918年|アウスグライヒ,,,,世界史の窓（章節別用語リスト）,https://www.y-history.net/appendix/appendix-list.html
世界史段階別デッキ｜Deck 3｜主要王朝・人物・制度の穴埋め400語,WH-001064,1064,Deck 3｜標準,条約・会議,アウスグライヒ,あうすぐらいひ,オーストリア＝ハンガリー妥協,近代,ヨーロッパ,オーストリア帝国・ハンガリー,1867年,1867,WH-001064-B01,beginner,用語の特定,identify,ハプスブルク家とハンガリー人支配層の妥協により二重帝国を成立させた取り決めは？,アウスグライヒ,アウスグライヒ,オーストリア＝ハンガリー妥協,,,世界史の窓（章節別用語リスト）,https://www.y-history.net/appendix/appendix-list.html
世界史段階別デッキ｜Deck 3｜主要王朝・人物・制度の穴埋め400語,WH-001064,1064,Deck 3｜標準,条約・会議,アウスグライヒ,あうすぐらいひ,オーストリア＝ハンガリー妥協,近代,ヨーロッパ,オーストリア帝国・ハンガリー,1867年,1867,WH-001064-B02,beginner,時期,time,「アウスグライヒ」が結ばれた・開かれたのはいつ？,1867年,1867年,,,,世界史の窓（章節別用語リスト）,https://www.y-history.net/appendix/appendix-list.html
世界史段階別デッキ｜Deck 3｜主要王朝・人物・制度の穴埋め400語,WH-001064,1064,Deck 3｜標準,条約・会議,アウスグライヒ,あうすぐらいひ,オーストリア＝ハンガリー妥協,近代,ヨーロッパ,オーストリア帝国・ハンガリー,1867年,1867,WH-001064-B03,beginner,関連,relation,「アウスグライヒ」について、成立した国家は？,オーストリア＝ハンガリー帝国,オーストリア＝ハンガリー帝国,,,,世界史の窓（章節別用語リスト）,https://www.y-history.net/appendix/appendix-list.html
世界史段階別デッキ｜Deck 3｜主要王朝・人物・制度の穴埋め400語,WH-001064,1064,Deck 3｜標準,条約・会議,アウスグライヒ,あうすぐらいひ,オーストリア＝ハンガリー妥協,近代,ヨーロッパ,オーストリア帝国・ハンガリー,1867年,1867,WH-001064-R01,reverse,複合説明,reverse,何を決めた？,オーストリア帝国・ハンガリーを主な舞台に、**アウスグライヒ**は、普墺戦争敗北後、皇帝フランツ＝ヨーゼフとハンガリー人支配層が妥協し、内政を分けつつ外交・軍事を共通化した。**オーストリア＝ハンガリー帝国**を成立させたが、他民族の要求は十分満たさなかった。,アウスグライヒ|オーストリア＝ハンガリー帝国,,,,世界史の窓（章節別用語リスト）,https://www.y-history.net/appendix/appendix-list.html
世界史段階別デッキ｜Deck 3｜主要王朝・人物・制度の穴埋め400語,WH-001064,1064,Deck 3｜標準,条約・会議,アウスグライヒ,あうすぐらいひ,オーストリア＝ハンガリー妥協,近代,ヨーロッパ,オーストリア帝国・ハンガリー,1867年,1867,WH-001064-R02,reverse,時期,time,「アウスグライヒ」が結ばれた・開かれたのはいつ？,**1867年**,1867年,,,,世界史の窓（章節別用語リスト）,https://www.y-history.net/appendix/appendix-list.html
世界史段階別デッキ｜Deck 3｜主要王朝・人物・制度の穴埋め400語,WH-001064,1064,Deck 3｜標準,条約・会議,アウスグライヒ,あうすぐらいひ,オーストリア＝ハンガリー妥協,近代,ヨーロッパ,オーストリア帝国・ハンガリー,1867年,1867,WH-001064-I01,integrated,統合説明,integrated,「アウスグライヒ」について説明せよ。,**1867年**、オーストリア帝国・ハンガリーを主な舞台に、**アウスグライヒ**は、普墺戦争敗北後、皇帝フランツ＝ヨーゼフとハンガリー人支配層が妥協し、内政を分けつつ外交・軍事を共通化した。**オーストリア＝ハンガリー帝国**を成立させたが、他民族の要求は十分満たさなかった。,アウスグライヒ|1867年|オーストリア＝ハンガリー帝国,,,,世界史の窓（章節別用語リスト）,https://www.y-history.net/appendix/appendix-list.html
世界史段階別デッキ｜Deck 3｜主要王朝・人物・制度の穴埋め400語,WH-001085,1085,Deck 3｜標準,制度・政策・法律,ドミニオン,どみにおん,自治領,近代,複数地域,イギリス帝国内のカナダ・オーストラリアなど,19世紀後半以後,1867,WH-001085-B01,beginner,用語の特定,identify,イギリス帝国内で内政自治を持ちつつ、当初は外交・国防で本国と結ばれた自治領を何という？,ドミニオン,ドミニオン,自治領,,,世界史の窓（章節別用語リスト）,https://www.y-history.net/appendix/appendix-list.html
世界史段階別デッキ｜Deck 3｜主要王朝・人物・制度の穴埋め400語,WH-001085,1085,Deck 3｜標準,制度・政策・法律,ドミニオン,どみにおん,自治領,近代,複数地域,イギリス帝国内のカナダ・オーストラリアなど,19世紀後半以後,1867,WH-001085-B02,beginner,時期,time,「ドミニオン」が実施・整備されたのはいつ？,19世紀後半以後,19世紀後半以後,,,,世界史の窓（章節別用語リスト）,https://www.y-history.net/appendix/appendix-list.html
世界史段階別デッキ｜Deck 3｜主要王朝・人物・制度の穴埋め400語,WH-001085,1085,Deck 3｜標準,制度・政策・法律,ドミニオン,どみにおん,自治領,近代,複数地域,イギリス帝国内のカナダ・オーストラリアなど,19世紀後半以後,1867,WH-001085-B03,beginner,内容,content,「ドミニオン」について、最初の代表例は？,カナダ,カナダ,,,,世界史の窓（章節別用語リスト）,https://www.y-history.net/appendix/appendix-list.html
世界史段階別デッキ｜Deck 3｜主要王朝・人物・制度の穴埋め400語,WH-001085,1085,Deck 3｜標準,制度・政策・法律,ドミニオン,どみにおん,自治領,近代,複数地域,イギリス帝国内のカナダ・オーストラリアなど,19世紀後半以後,1867,WH-001085-R01,reverse,複合説明,reverse,どんな制度・政策・法律？,イギリス帝国内のカナダ・オーストラリアなどを主な舞台に、**ドミニオン**は、白人入植植民地に与えられた**自治領**の地位で、内政では責任政府を持ちながら王冠と帝国へ結び付いた。1867年のカナダを先例に、オーストラリア・ニュージーランド・南アフリカなどへ広がった。,ドミニオン|自治領,,,,世界史の窓（章節別用語リスト）,https://www.y-history.net/appendix/appendix-list.html
世界史段階別デッキ｜Deck 3｜主要王朝・人物・制度の穴埋め400語,WH-001085,1085,Deck 3｜標準,制度・政策・法律,ドミニオン,どみにおん,自治領,近代,複数地域,イギリス帝国内のカナダ・オーストラリアなど,19世紀後半以後,1867,WH-001085-R02,reverse,時期,time,「ドミニオン」が実施・整備されたのはいつ？,**19世紀後半以後**,19世紀後半以後,,,,世界史の窓（章節別用語リスト）,https://www.y-history.net/appendix/appendix-list.html
世界史段階別デッキ｜Deck 3｜主要王朝・人物・制度の穴埋め400語,WH-001085,1085,Deck 3｜標準,制度・政策・法律,ドミニオン,どみにおん,自治領,近代,複数地域,イギリス帝国内のカナダ・オーストラリアなど,19世紀後半以後,1867,WH-001085-I01,integrated,統合説明,integrated,「ドミニオン」について説明せよ。,**19世紀後半以後**、イギリス帝国内のカナダ・オーストラリアなどを主な舞台に、**ドミニオン**は、白人入植植民地に与えられた**自治領**の地位で、内政では責任政府を持ちながら王冠と帝国へ結び付いた。1867年のカナダを先例に、オーストラリア・ニュージーランド・南アフリカなどへ広がった。,ドミニオン|19世紀後半以後|自治領,,,,世界史の窓（章節別用語リスト）,https://www.y-history.net/appendix/appendix-list.html
世界史段階別デッキ｜Deck 3｜主要王朝・人物・制度の穴埋め400語,WH-001086,1086,Deck 3｜標準,国家・王朝,カナダ連邦,かなだれんぽう,カナダ自治領,近代,アメリカ,北アメリカ・カナダ,1867年成立,1867,WH-001086-B01,beginner,用語の特定,identify,英領北アメリカ法により4州が連邦を結び、最初のドミニオンとなった国家は？,カナダ連邦,カナダ連邦,カナダ自治領,,,世界史の窓（章節別用語リスト）,https://www.y-history.net/appendix/appendix-list.html
世界史段階別デッキ｜Deck 3｜主要王朝・人物・制度の穴埋め400語,WH-001086,1086,Deck 3｜標準,国家・王朝,カナダ連邦,かなだれんぽう,カナダ自治領,近代,アメリカ,北アメリカ・カナダ,1867年成立,1867,WH-001086-B02,beginner,時期,time,「カナダ連邦」が存在したのはいつ？,1867年成立,1867年成立,,,,世界史の窓（章節別用語リスト）,https://www.y-history.net/appendix/appendix-list.html
世界史段階別デッキ｜Deck 3｜主要王朝・人物・制度の穴埋め400語,WH-001086,1086,Deck 3｜標準,国家・王朝,カナダ連邦,かなだれんぽう,カナダ自治領,近代,アメリカ,北アメリカ・カナダ,1867年成立,1867,WH-001086-B03,beginner,内容,content,「カナダ連邦」について、法的地位は？,ドミニオン,ドミニオン,,,,世界史の窓（章節別用語リスト）,https://www.y-history.net/appendix/appendix-list.html
世界史段階別デッキ｜Deck 3｜主要王朝・人物・制度の穴埋め400語,WH-001086,1086,Deck 3｜標準,国家・王朝,カナダ連邦,かなだれんぽう,カナダ自治領,近代,アメリカ,北アメリカ・カナダ,1867年成立,1867,WH-001086-R01,reverse,複合説明,reverse,何をした？,北アメリカ・カナダを主な舞台に、**カナダ連邦**は、1867年の**英領北アメリカ法**でオンタリオ・ケベック・ノヴァスコシア・ニューブランズウィックが連邦を形成した。内政自治を持つ最初の**ドミニオン**となり、後に西部・太平洋岸へ拡大した。,カナダ連邦|英領北アメリカ法|ドミニオン,,,,世界史の窓（章節別用語リスト）,https://www.y-history.net/appendix/appendix-list.html
世界史段階別デッキ｜Deck 3｜主要王朝・人物・制度の穴埋め400語,WH-001086,1086,Deck 3｜標準,国家・王朝,カナダ連邦,かなだれんぽう,カナダ自治領,近代,アメリカ,北アメリカ・カナダ,1867年成立,1867,WH-001086-R02,reverse,時期,time,「カナダ連邦」が存在したのはいつ？,**1867年成立**,1867年成立,,,,世界史の窓（章節別用語リスト）,https://www.y-history.net/appendix/appendix-list.html
世界史段階別デッキ｜Deck 3｜主要王朝・人物・制度の穴埋め400語,WH-001086,1086,Deck 3｜標準,国家・王朝,カナダ連邦,かなだれんぽう,カナダ自治領,近代,アメリカ,北アメリカ・カナダ,1867年成立,1867,WH-001086-I01,integrated,統合説明,integrated,「カナダ連邦」について説明せよ。,**1867年成立**、北アメリカ・カナダを主な舞台に、**カナダ連邦**は、1867年の**英領北アメリカ法**でオンタリオ・ケベック・ノヴァスコシア・ニューブランズウィックが連邦を形成した。内政自治を持つ最初の**ドミニオン**となり、後に西部・太平洋岸へ拡大した。,カナダ連邦|1867年成立|英領北アメリカ法|ドミニオン,,,,世界史の窓（章節別用語リスト）,https://www.y-history.net/appendix/appendix-list.html
世界史段階別デッキ｜Deck 3｜主要王朝・人物・制度の穴埋め400語,WH-001054,1054,Deck 3｜標準,人物,グラッドストン,ぐらっどすとん,ウィリアム＝グラッドストン,近代,ヨーロッパ,イギリス・アイルランド,19世紀後半,1868,WH-001054-B01,beginner,用語の特定,identify,自由党を率い、教育・軍制改革とアイルランド自治法案を推進した首相は？,グラッドストン,グラッドストン,ウィリアム＝グラッドストン,,,世界史の窓（章節別用語リスト）,https://www.y-history.net/appendix/appendix-list.html
世界史段階別デッキ｜Deck 3｜主要王朝・人物・制度の穴埋め400語,WH-001054,1054,Deck 3｜標準,人物,グラッドストン,ぐらっどすとん,ウィリアム＝グラッドストン,近代,ヨーロッパ,イギリス・アイルランド,19世紀後半,1868,WH-001054-B02,beginner,時期,time,「グラッドストン」が主に活動したのはいつ？,19世紀後半,19世紀後半,,,,世界史の窓（章節別用語リスト）,https://www.y-history.net/appendix/appendix-list.html
世界史段階別デッキ｜Deck 3｜主要王朝・人物・制度の穴埋め400語,WH-001054,1054,Deck 3｜標準,人物,グラッドストン,ぐらっどすとん,ウィリアム＝グラッドストン,近代,ヨーロッパ,イギリス・アイルランド,19世紀後半,1868,WH-001054-B03,beginner,内容,content,「グラッドストン」について、属した政党は？,自由党,自由党,,,,世界史の窓（章節別用語リスト）,https://www.y-history.net/appendix/appendix-list.html
世界史段階別デッキ｜Deck 3｜主要王朝・人物・制度の穴埋め400語,WH-001054,1054,Deck 3｜標準,人物,グラッドストン,ぐらっどすとん,ウィリアム＝グラッドストン,近代,ヨーロッパ,イギリス・アイルランド,19世紀後半,1868,WH-001054-R01,reverse,複合説明,reverse,何をした？,イギリス・アイルランドを主な舞台に、**グラッドストン**は、**自由党**指導者として選挙・教育・軍制・公務員制度の改革を進め、アイルランド国教会を廃止した。後半生には**アイルランド自治法案**を提出したが成立させられなかった。,グラッドストン|自由党|アイルランド自治法案,,,,世界史の窓（章節別用語リスト）,https://www.y-history.net/appendix/appendix-list.html
世界史段階別デッキ｜Deck 3｜主要王朝・人物・制度の穴埋め400語,WH-001054,1054,Deck 3｜標準,人物,グラッドストン,ぐらっどすとん,ウィリアム＝グラッドストン,近代,ヨーロッパ,イギリス・アイルランド,19世紀後半,1868,WH-001054-R02,reverse,時期,time,「グラッドストン」が主に活動したのはいつ？,**19世紀後半**,19世紀後半,,,,世界史の窓（章節別用語リスト）,https://www.y-history.net/appendix/appendix-list.html
世界史段階別デッキ｜Deck 3｜主要王朝・人物・制度の穴埋め400語,WH-001054,1054,Deck 3｜標準,人物,グラッドストン,ぐらっどすとん,ウィリアム＝グラッドストン,近代,ヨーロッパ,イギリス・アイルランド,19世紀後半,1868,WH-001054-I01,integrated,統合説明,integrated,「グラッドストン」について説明せよ。,**19世紀後半**、イギリス・アイルランドを主な舞台に、**グラッドストン**は、**自由党**指導者として選挙・教育・軍制・公務員制度の改革を進め、アイルランド国教会を廃止した。後半生には**アイルランド自治法案**を提出したが成立させられなかった。,グラッドストン|19世紀後半|自由党|アイルランド自治法案,,,,世界史の窓（章節別用語リスト）,https://www.y-history.net/appendix/appendix-list.html
世界史段階別デッキ｜Deck 3｜主要王朝・人物・制度の穴埋め400語,WH-001058,1058,Deck 3｜標準,人物,バクーニン,ばくーにん,ミハイル＝バクーニン,近代,ヨーロッパ,ロシア・西ヨーロッパ,19世紀後半,1868,WH-001058-B01,beginner,用語の特定,identify,国家の即時廃止と自発的革命を唱え、第一インターナショナルでマルクスと対立した人物は？,バクーニン,バクーニン,ミハイル＝バクーニン,,,世界史の窓（章節別用語リスト）,https://www.y-history.net/appendix/appendix-list.html
世界史段階別デッキ｜Deck 3｜主要王朝・人物・制度の穴埋め400語,WH-001058,1058,Deck 3｜標準,人物,バクーニン,ばくーにん,ミハイル＝バクーニン,近代,ヨーロッパ,ロシア・西ヨーロッパ,19世紀後半,1868,WH-001058-B02,beginner,時期,time,「バクーニン」が主に活動したのはいつ？,19世紀後半,19世紀後半,,,,世界史の窓（章節別用語リスト）,https://www.y-history.net/appendix/appendix-list.html
世界史段階別デッキ｜Deck 3｜主要王朝・人物・制度の穴埋め400語,WH-001058,1058,Deck 3｜標準,人物,バクーニン,ばくーにん,ミハイル＝バクーニン,近代,ヨーロッパ,ロシア・西ヨーロッパ,19世紀後半,1868,WH-001058-B03,beginner,内容,content,「バクーニン」について、対立した思想家は？,マルクス,マルクス,,,,世界史の窓（章節別用語リスト）,https://www.y-history.net/appendix/appendix-list.html
世界史段階別デッキ｜Deck 3｜主要王朝・人物・制度の穴埋め400語,WH-001058,1058,Deck 3｜標準,人物,バクーニン,ばくーにん,ミハイル＝バクーニン,近代,ヨーロッパ,ロシア・西ヨーロッパ,19世紀後半,1868,WH-001058-R01,reverse,複合説明,reverse,何をした？,ロシア・西ヨーロッパを主な舞台に、**バクーニン**は、ロシア出身の革命家で、国家・教会・権威の廃止と農民・労働者の自発的連合を唱えた。**第一インターナショナル**で中央集権的組織を重視する**マルクス**と対立した。,バクーニン|第一インターナショナル|マルクス,,,,世界史の窓（章節別用語リスト）,https://www.y-history.net/appendix/appendix-list.html
世界史段階別デッキ｜Deck 3｜主要王朝・人物・制度の穴埋め400語,WH-001058,1058,Deck 3｜標準,人物,バクーニン,ばくーにん,ミハイル＝バクーニン,近代,ヨーロッパ,ロシア・西ヨーロッパ,19世紀後半,1868,WH-001058-R02,reverse,時期,time,「バクーニン」が主に活動したのはいつ？,**19世紀後半**,19世紀後半,,,,世界史の窓（章節別用語リスト）,https://www.y-history.net/appendix/appendix-list.html
世界史段階別デッキ｜Deck 3｜主要王朝・人物・制度の穴埋め400語,WH-001058,1058,Deck 3｜標準,人物,バクーニン,ばくーにん,ミハイル＝バクーニン,近代,ヨーロッパ,ロシア・西ヨーロッパ,19世紀後半,1868,WH-001058-I01,integrated,統合説明,integrated,「バクーニン」について説明せよ。,**19世紀後半**、ロシア・西ヨーロッパを主な舞台に、**バクーニン**は、ロシア出身の革命家で、国家・教会・権威の廃止と農民・労働者の自発的連合を唱えた。**第一インターナショナル**で中央集権的組織を重視する**マルクス**と対立した。,バクーニン|19世紀後半|第一インターナショナル|マルクス,,,,世界史の窓（章節別用語リスト）,https://www.y-history.net/appendix/appendix-list.html
世界史段階別デッキ｜Deck 3｜主要王朝・人物・制度の穴埋め400語,WH-001109,1109,Deck 3｜標準,人物,チュラロンコーン王,ちゅらろんこーんおう,ラーマ5世,近代,東南アジア,シャム王国・タイ,1868〜1910年在位,1868,WH-001109-B01,beginner,用語の特定,identify,奴隷制・賦役を廃止し、中央集権化と西欧化でシャムの独立維持に努めた国王は？,チュラロンコーン王,チュラロンコーン王,ラーマ5世,,,世界史の窓（章節別用語リスト）,https://www.y-history.net/appendix/appendix-list.html
世界史段階別デッキ｜Deck 3｜主要王朝・人物・制度の穴埋め400語,WH-001109,1109,Deck 3｜標準,人物,チュラロンコーン王,ちゅらろんこーんおう,ラーマ5世,近代,東南アジア,シャム王国・タイ,1868〜1910年在位,1868,WH-001109-B02,beginner,時期,time,「チュラロンコーン王」が主に活動したのはいつ？,1868〜1910年在位,1868〜1910年在位,,,,世界史の窓（章節別用語リスト）,https://www.y-history.net/appendix/appendix-list.html
世界史段階別デッキ｜Deck 3｜主要王朝・人物・制度の穴埋め400語,WH-001109,1109,Deck 3｜標準,人物,チュラロンコーン王,ちゅらろんこーんおう,ラーマ5世,近代,東南アジア,シャム王国・タイ,1868〜1910年在位,1868,WH-001109-B03,beginner,内容,content,「チュラロンコーン王」について、別名は？,ラーマ5世,ラーマ5世,,,,世界史の窓（章節別用語リスト）,https://www.y-history.net/appendix/appendix-list.html
世界史段階別デッキ｜Deck 3｜主要王朝・人物・制度の穴埋め400語,WH-001109,1109,Deck 3｜標準,人物,チュラロンコーン王,ちゅらろんこーんおう,ラーマ5世,近代,東南アジア,シャム王国・タイ,1868〜1910年在位,1868,WH-001109-R01,reverse,複合説明,reverse,何をした？,シャム王国・タイを主な舞台に、**チュラロンコーン王**は、**ラーマ5世**として官僚制・地方行政・教育・鉄道・軍制を近代化し、奴隷制と賦役を段階的に廃止した。英仏へ周辺領土を譲歩しつつ、シャム本土の独立を守った。,チュラロンコーン王|ラーマ5世,,,,世界史の窓（章節別用語リスト）,https://www.y-history.net/appendix/appendix-list.html
世界史段階別デッキ｜Deck 3｜主要王朝・人物・制度の穴埋め400語,WH-001109,1109,Deck 3｜標準,人物,チュラロンコーン王,ちゅらろんこーんおう,ラーマ5世,近代,東南アジア,シャム王国・タイ,1868〜1910年在位,1868,WH-001109-R02,reverse,時期,time,「チュラロンコーン王」が主に活動したのはいつ？,**1868〜1910年在位**,1868〜1910年在位,,,,世界史の窓（章節別用語リスト）,https://www.y-history.net/appendix/appendix-list.html
世界史段階別デッキ｜Deck 3｜主要王朝・人物・制度の穴埋め400語,WH-001109,1109,Deck 3｜標準,人物,チュラロンコーン王,ちゅらろんこーんおう,ラーマ5世,近代,東南アジア,シャム王国・タイ,1868〜1910年在位,1868,WH-001109-I01,integrated,統合説明,integrated,「チュラロンコーン王」について説明せよ。,**1868〜1910年在位**、シャム王国・タイを主な舞台に、**チュラロンコーン王**は、**ラーマ5世**として官僚制・地方行政・教育・鉄道・軍制を近代化し、奴隷制と賦役を段階的に廃止した。英仏へ周辺領土を譲歩しつつ、シャム本土の独立を守った。,チュラロンコーン王|1868〜1910年在位|ラーマ5世,,,,世界史の窓（章節別用語リスト）,https://www.y-history.net/appendix/appendix-list.html
世界史段階別デッキ｜Deck 3｜主要王朝・人物・制度の穴埋め400語,WH-001049,1049,Deck 3｜標準,国家・王朝,第三共和政,だいさんきょうわせい,フランス第三共和政,近代,ヨーロッパ,フランス,1870〜1940年,1870,WH-001049-B01,beginner,用語の特定,identify,第二帝政崩壊後に成立し、議会共和政を定着させたがドイツ軍侵攻で終わった政体は？,第三共和政,第三共和政,フランス第三共和政,,,世界史の窓（章節別用語リスト）,https://www.y-history.net/appendix/appendix-list.html
世界史段階別デッキ｜Deck 3｜主要王朝・人物・制度の穴埋め400語,WH-001049,1049,Deck 3｜標準,国家・王朝,第三共和政,だいさんきょうわせい,フランス第三共和政,近代,ヨーロッパ,フランス,1870〜1940年,1870,WH-001049-B02,beginner,時期,time,「第三共和政」が存在したのはいつ？,1870〜1940年,1870〜1940年,,,,世界史の窓（章節別用語リスト）,https://www.y-history.net/appendix/appendix-list.html
世界史段階別デッキ｜Deck 3｜主要王朝・人物・制度の穴埋め400語,WH-001049,1049,Deck 3｜標準,国家・王朝,第三共和政,だいさんきょうわせい,フランス第三共和政,近代,ヨーロッパ,フランス,1870〜1940年,1870,WH-001049-B03,beginner,原因,cause,「第三共和政」について、終焉の原因は？,第二次世界大戦のドイツ軍侵攻,第二次世界大戦のドイツ軍侵攻,,,,世界史の窓（章節別用語リスト）,https://www.y-history.net/appendix/appendix-list.html
世界史段階別デッキ｜Deck 3｜主要王朝・人物・制度の穴埋め400語,WH-001049,1049,Deck 3｜標準,国家・王朝,第三共和政,だいさんきょうわせい,フランス第三共和政,近代,ヨーロッパ,フランス,1870〜1940年,1870,WH-001049-R01,reverse,複合説明,reverse,何をした？,フランスを主な舞台に、**第三共和政**は、普仏戦争中に成立し、1875年憲法で議会中心の共和政を定着させた。植民地帝国を拡大し、ドレフュス事件などの危機を乗り越えたが、1940年のドイツ侵攻で崩壊した。,第三共和政,,,1875年：「コミューン後 人は和むか? 第三共和」（1875）フランスで共和国憲法(第三共和政)の制定。,世界史の窓（章節別用語リスト）,https://www.y-history.net/appendix/appendix-list.html
世界史段階別デッキ｜Deck 3｜主要王朝・人物・制度の穴埋め400語,WH-001049,1049,Deck 3｜標準,国家・王朝,第三共和政,だいさんきょうわせい,フランス第三共和政,近代,ヨーロッパ,フランス,1870〜1940年,1870,WH-001049-R02,reverse,時期,time,「第三共和政」が存在したのはいつ？,**1870〜1940年**,1870〜1940年,,,,世界史の窓（章節別用語リスト）,https://www.y-history.net/appendix/appendix-list.html
世界史段階別デッキ｜Deck 3｜主要王朝・人物・制度の穴埋め400語,WH-001049,1049,Deck 3｜標準,国家・王朝,第三共和政,だいさんきょうわせい,フランス第三共和政,近代,ヨーロッパ,フランス,1870〜1940年,1870,WH-001049-I01,integrated,統合説明,integrated,「第三共和政」について説明せよ。,**1870〜1940年**、フランスを主な舞台に、**第三共和政**は、普仏戦争中に成立し、1875年憲法で議会中心の共和政を定着させた。植民地帝国を拡大し、ドレフュス事件などの危機を乗り越えたが、1940年のドイツ侵攻で崩壊した。,第三共和政|1870〜1940年,,,1875年：「コミューン後 人は和むか? 第三共和」（1875）フランスで共和国憲法(第三共和政)の制定。,世界史の窓（章節別用語リスト）,https://www.y-history.net/appendix/appendix-list.html
世界史段階別デッキ｜Deck 3｜主要王朝・人物・制度の穴埋め400語,WH-001061,1061,Deck 3｜標準,事件・革命,エムス電報事件,えむすでんぽうじけん,エムス電報,近代,ヨーロッパ,プロイセン・フランス,1870年,1870,WH-001061-B01,beginner,用語の特定,identify,ビスマルクが国王とフランス大使の会見電報を刺激的に編集し、普仏戦争を誘発した事件は？,エムス電報事件,エムス電報事件,エムス電報,,,世界史の窓（章節別用語リスト）,https://www.y-history.net/appendix/appendix-list.html
世界史段階別デッキ｜Deck 3｜主要王朝・人物・制度の穴埋め400語,WH-001061,1061,Deck 3｜標準,事件・革命,エムス電報事件,えむすでんぽうじけん,エムス電報,近代,ヨーロッパ,プロイセン・フランス,1870年,1870,WH-001061-B02,beginner,時期,time,「エムス電報事件」が起きたのはいつ？,1870年,1870年,,,,世界史の窓（章節別用語リスト）,https://www.y-history.net/appendix/appendix-list.html
世界史段階別デッキ｜Deck 3｜主要王朝・人物・制度の穴埋め400語,WH-001061,1061,Deck 3｜標準,事件・革命,エムス電報事件,えむすでんぽうじけん,エムス電報,近代,ヨーロッパ,プロイセン・フランス,1870年,1870,WH-001061-B03,beginner,関連,relation,「エムス電報事件」について、誘発した戦争は？,普仏戦争,普仏戦争,,,,世界史の窓（章節別用語リスト）,https://www.y-history.net/appendix/appendix-list.html
世界史段階別デッキ｜Deck 3｜主要王朝・人物・制度の穴埋め400語,WH-001061,1061,Deck 3｜標準,事件・革命,エムス電報事件,えむすでんぽうじけん,エムス電報,近代,ヨーロッパ,プロイセン・フランス,1870年,1870,WH-001061-R01,reverse,複合説明,reverse,何が起きた？,プロイセン・フランスを主な舞台に、**エムス電報事件**は、スペイン王位継承問題をめぐるプロイセン王とフランス大使の会見報告を、**ビスマルク**が双方の世論を刺激する形に編集・公表した。フランスが宣戦し、**普仏戦争**が始まった。,エムス電報事件|ビスマルク|普仏戦争,,,,世界史の窓（章節別用語リスト）,https://www.y-history.net/appendix/appendix-list.html
世界史段階別デッキ｜Deck 3｜主要王朝・人物・制度の穴埋め400語,WH-001061,1061,Deck 3｜標準,事件・革命,エムス電報事件,えむすでんぽうじけん,エムス電報,近代,ヨーロッパ,プロイセン・フランス,1870年,1870,WH-001061-R02,reverse,時期,time,「エムス電報事件」が起きたのはいつ？,**1870年**,1870年,,,,世界史の窓（章節別用語リスト）,https://www.y-history.net/appendix/appendix-list.html
世界史段階別デッキ｜Deck 3｜主要王朝・人物・制度の穴埋め400語,WH-001061,1061,Deck 3｜標準,事件・革命,エムス電報事件,えむすでんぽうじけん,エムス電報,近代,ヨーロッパ,プロイセン・フランス,1870年,1870,WH-001061-I01,integrated,統合説明,integrated,「エムス電報事件」について説明せよ。,**1870年**、プロイセン・フランスを主な舞台に、**エムス電報事件**は、スペイン王位継承問題をめぐるプロイセン王とフランス大使の会見報告を、**ビスマルク**が双方の世論を刺激する形に編集・公表した。フランスが宣戦し、**普仏戦争**が始まった。,エムス電報事件|1870年|ビスマルク|普仏戦争,,,,世界史の窓（章節別用語リスト）,https://www.y-history.net/appendix/appendix-list.html
世界史段階別デッキ｜Deck 3｜主要王朝・人物・制度の穴埋め400語,WH-001123,1123,Deck 3｜標準,思想・主義,パン＝イスラーム主義,ぱんいすらーむしゅぎ,イスラーム連帯主義,近代,複数地域,オスマン帝国・西アジア・南アジア・イスラーム世界,19世紀後半〜20世紀初頭,1870,WH-001123-B01,beginner,用語の特定,identify,国境・民族を超えて全ムスリムの連帯を図り、欧米帝国主義へ対抗しようとする思想は？,パン＝イスラーム主義,パン＝イスラーム主義,イスラーム連帯主義,,,世界史の窓（章節別用語リスト）,https://www.y-history.net/appendix/appendix-list.html
世界史段階別デッキ｜Deck 3｜主要王朝・人物・制度の穴埋め400語,WH-001123,1123,Deck 3｜標準,思想・主義,パン＝イスラーム主義,ぱんいすらーむしゅぎ,イスラーム連帯主義,近代,複数地域,オスマン帝国・西アジア・南アジア・イスラーム世界,19世紀後半〜20世紀初頭,1870,WH-001123-B02,beginner,時期,time,「パン＝イスラーム主義」が成立・広がったのはいつ？,19世紀後半〜20世紀初頭,19世紀後半〜20世紀初頭,,,,世界史の窓（章節別用語リスト）,https://www.y-history.net/appendix/appendix-list.html
世界史段階別デッキ｜Deck 3｜主要王朝・人物・制度の穴埋め400語,WH-001123,1123,Deck 3｜標準,思想・主義,パン＝イスラーム主義,ぱんいすらーむしゅぎ,イスラーム連帯主義,近代,複数地域,オスマン帝国・西アジア・南アジア・イスラーム世界,19世紀後半〜20世紀初頭,1870,WH-001123-B03,beginner,内容,content,「パン＝イスラーム主義」について、統合の象徴とされた地位は？,カリフ,カリフ,,,,世界史の窓（章節別用語リスト）,https://www.y-history.net/appendix/appendix-list.html
世界史段階別デッキ｜Deck 3｜主要王朝・人物・制度の穴埋め400語,WH-001123,1123,Deck 3｜標準,思想・主義,パン＝イスラーム主義,ぱんいすらーむしゅぎ,イスラーム連帯主義,近代,複数地域,オスマン帝国・西アジア・南アジア・イスラーム世界,19世紀後半〜20世紀初頭,1870,WH-001123-R01,reverse,複合説明,reverse,どんな考え？,オスマン帝国・西アジア・南アジア・イスラーム世界を主な舞台に、**パン＝イスラーム主義**は、欧米列強の進出に対し、世界のムスリムが宗教的に連帯すべきだとする思想である。アブデュルハミト2世はオスマン君主の**カリフ**権威を利用して帝国統合と対外影響力を強めようとした。,パン＝イスラーム主義|カリフ,,,,世界史の窓（章節別用語リスト）,https://www.y-history.net/appendix/appendix-list.html
世界史段階別デッキ｜Deck 3｜主要王朝・人物・制度の穴埋め400語,WH-001123,1123,Deck 3｜標準,思想・主義,パン＝イスラーム主義,ぱんいすらーむしゅぎ,イスラーム連帯主義,近代,複数地域,オスマン帝国・西アジア・南アジア・イスラーム世界,19世紀後半〜20世紀初頭,1870,WH-001123-R02,reverse,時期,time,「パン＝イスラーム主義」が成立・広がったのはいつ？,**19世紀後半〜20世紀初頭**,19世紀後半〜20世紀初頭,,,,世界史の窓（章節別用語リスト）,https://www.y-history.net/appendix/appendix-list.html
世界史段階別デッキ｜Deck 3｜主要王朝・人物・制度の穴埋め400語,WH-001123,1123,Deck 3｜標準,思想・主義,パン＝イスラーム主義,ぱんいすらーむしゅぎ,イスラーム連帯主義,近代,複数地域,オスマン帝国・西アジア・南アジア・イスラーム世界,19世紀後半〜20世紀初頭,1870,WH-001123-I01,integrated,統合説明,integrated,「パン＝イスラーム主義」について説明せよ。,**19世紀後半〜20世紀初頭**、オスマン帝国・西アジア・南アジア・イスラーム世界を主な舞台に、**パン＝イスラーム主義**は、欧米列強の進出に対し、世界のムスリムが宗教的に連帯すべきだとする思想である。アブデュルハミト2世はオスマン君主の**カリフ**権威を利用して帝国統合と対外影響力を強めようとした。,パン＝イスラーム主義|19世紀後半〜20世紀初頭|カリフ,,,,世界史の窓（章節別用語リスト）,https://www.y-history.net/appendix/appendix-list.html
世界史段階別デッキ｜Deck 3｜主要王朝・人物・制度の穴埋め400語,WH-001048,1048,Deck 3｜標準,事件・革命,パリ＝コミューン,ぱりこみゅーん,,近代,ヨーロッパ,フランス・パリ,1871年3〜5月,1871,WH-001048-B01,beginner,用語の特定,identify,普仏戦争後のパリで労働者・市民が樹立し、政府軍に鎮圧された自治政権は？,パリ＝コミューン,パリ＝コミューン,,,,世界史の窓（章節別用語リスト）,https://www.y-history.net/appendix/appendix-list.html
世界史段階別デッキ｜Deck 3｜主要王朝・人物・制度の穴埋め400語,WH-001048,1048,Deck 3｜標準,事件・革命,パリ＝コミューン,ぱりこみゅーん,,近代,ヨーロッパ,フランス・パリ,1871年3〜5月,1871,WH-001048-B02,beginner,時期,time,「パリ＝コミューン」が起きたのはいつ？,1871年3〜5月,1871年3〜5月,,,,世界史の窓（章節別用語リスト）,https://www.y-history.net/appendix/appendix-list.html
世界史段階別デッキ｜Deck 3｜主要王朝・人物・制度の穴埋め400語,WH-001048,1048,Deck 3｜標準,事件・革命,パリ＝コミューン,ぱりこみゅーん,,近代,ヨーロッパ,フランス・パリ,1871年3〜5月,1871,WH-001048-B03,beginner,内容,content,「パリ＝コミューン」について、鎮圧した政府は？,ヴェルサイユ政府,ヴェルサイユ政府,,,,世界史の窓（章節別用語リスト）,https://www.y-history.net/appendix/appendix-list.html
世界史段階別デッキ｜Deck 3｜主要王朝・人物・制度の穴埋め400語,WH-001048,1048,Deck 3｜標準,事件・革命,パリ＝コミューン,ぱりこみゅーん,,近代,ヨーロッパ,フランス・パリ,1871年3〜5月,1871,WH-001048-R01,reverse,複合説明,reverse,何が起きた？,フランス・パリを主な舞台に、**パリ＝コミューン**は、普仏戦争敗北後、武装解除に反発したパリ国民衛兵と市民が樹立した自治政権である。社会改革と政教分離を掲げたが、**ヴェルサイユ政府**軍に「血の週間」で鎮圧された。,パリ＝コミューン|ヴェルサイユ政府,,,,世界史の窓（章節別用語リスト）,https://www.y-history.net/appendix/appendix-list.html
世界史段階別デッキ｜Deck 3｜主要王朝・人物・制度の穴埋め400語,WH-001048,1048,Deck 3｜標準,事件・革命,パリ＝コミューン,ぱりこみゅーん,,近代,ヨーロッパ,フランス・パリ,1871年3〜5月,1871,WH-001048-R02,reverse,時期,time,「パリ＝コミューン」が起きたのはいつ？,**1871年3〜5月**,1871年3〜5月,,,,世界史の窓（章節別用語リスト）,https://www.y-history.net/appendix/appendix-list.html
世界史段階別デッキ｜Deck 3｜主要王朝・人物・制度の穴埋め400語,WH-001048,1048,Deck 3｜標準,事件・革命,パリ＝コミューン,ぱりこみゅーん,,近代,ヨーロッパ,フランス・パリ,1871年3〜5月,1871,WH-001048-I01,integrated,統合説明,integrated,「パリ＝コミューン」について説明せよ。,**1871年3〜5月**、フランス・パリを主な舞台に、**パリ＝コミューン**は、普仏戦争敗北後、武装解除に反発したパリ国民衛兵と市民が樹立した自治政権である。社会改革と政教分離を掲げたが、**ヴェルサイユ政府**軍に「血の週間」で鎮圧された。,パリ＝コミューン|1871年3〜5月|ヴェルサイユ政府,,,,世界史の窓（章節別用語リスト）,https://www.y-history.net/appendix/appendix-list.html
世界史段階別デッキ｜Deck 3｜主要王朝・人物・制度の穴埋め400語,WH-001062,1062,Deck 3｜標準,制度・政策・法律,文化闘争,ぶんかとうそう,クルトゥルカンプ,近代,ヨーロッパ,ドイツ帝国・主にプロイセン,1870年代,1871,WH-001062-B01,beginner,用語の特定,identify,ビスマルクがカトリック教会と中央党の影響を抑えようとした政策は？,文化闘争,文化闘争,クルトゥルカンプ,,,世界史の窓（章節別用語リスト）,https://www.y-history.net/appendix/appendix-list.html
世界史段階別デッキ｜Deck 3｜主要王朝・人物・制度の穴埋め400語,WH-001062,1062,Deck 3｜標準,制度・政策・法律,文化闘争,ぶんかとうそう,クルトゥルカンプ,近代,ヨーロッパ,ドイツ帝国・主にプロイセン,1870年代,1871,WH-001062-B02,beginner,時期,time,「文化闘争」が実施・整備されたのはいつ？,1870年代,1870年代,,,,世界史の窓（章節別用語リスト）,https://www.y-history.net/appendix/appendix-list.html
世界史段階別デッキ｜Deck 3｜主要王朝・人物・制度の穴埋め400語,WH-001062,1062,Deck 3｜標準,制度・政策・法律,文化闘争,ぶんかとうそう,クルトゥルカンプ,近代,ヨーロッパ,ドイツ帝国・主にプロイセン,1870年代,1871,WH-001062-B03,beginner,関連,relation,「文化闘争」について、主な対立相手は？,カトリック教会と中央党,カトリック教会と中央党,,,,世界史の窓（章節別用語リスト）,https://www.y-history.net/appendix/appendix-list.html
世界史段階別デッキ｜Deck 3｜主要王朝・人物・制度の穴埋め400語,WH-001062,1062,Deck 3｜標準,制度・政策・法律,文化闘争,ぶんかとうそう,クルトゥルカンプ,近代,ヨーロッパ,ドイツ帝国・主にプロイセン,1870年代,1871,WH-001062-R01,reverse,複合説明,reverse,どんな制度・政策・法律？,ドイツ帝国・主にプロイセンを主な舞台に、**文化闘争**は、ドイツ統一後、**ビスマルク**が教育・聖職者任命・婚姻を国家統制下へ置き、カトリック教会と中央党を抑圧した政策である。抵抗で中央党が成長したため、社会主義対策を優先して妥協した。,文化闘争|ビスマルク,,,,世界史の窓（章節別用語リスト）,https://www.y-history.net/appendix/appendix-list.html
世界史段階別デッキ｜Deck 3｜主要王朝・人物・制度の穴埋め400語,WH-001062,1062,Deck 3｜標準,制度・政策・法律,文化闘争,ぶんかとうそう,クルトゥルカンプ,近代,ヨーロッパ,ドイツ帝国・主にプロイセン,1870年代,1871,WH-001062-R02,reverse,時期,time,「文化闘争」が実施・整備されたのはいつ？,**1870年代**,1870年代,,,,世界史の窓（章節別用語リスト）,https://www.y-history.net/appendix/appendix-list.html
世界史段階別デッキ｜Deck 3｜主要王朝・人物・制度の穴埋め400語,WH-001062,1062,Deck 3｜標準,制度・政策・法律,文化闘争,ぶんかとうそう,クルトゥルカンプ,近代,ヨーロッパ,ドイツ帝国・主にプロイセン,1870年代,1871,WH-001062-I01,integrated,統合説明,integrated,「文化闘争」について説明せよ。,**1870年代**、ドイツ帝国・主にプロイセンを主な舞台に、**文化闘争**は、ドイツ統一後、**ビスマルク**が教育・聖職者任命・婚姻を国家統制下へ置き、カトリック教会と中央党を抑圧した政策である。抵抗で中央党が成長したため、社会主義対策を優先して妥協した。,文化闘争|1870年代|ビスマルク,,,,世界史の窓（章節別用語リスト）,https://www.y-history.net/appendix/appendix-list.html
世界史段階別デッキ｜Deck 3｜主要王朝・人物・制度の穴埋め400語,WH-001114,1114,Deck 3｜標準,運動,自由民権運動,じゆうみんけんうんどう,,近代,東アジア,日本各地,1870〜1880年代,1874,WH-001114-B01,beginner,用語の特定,identify,国会開設・憲法制定・地租軽減などを求めて士族・豪農・都市民が展開した政治運動は？,自由民権運動,自由民権運動,,,,世界史の窓（章節別用語リスト）,https://www.y-history.net/appendix/appendix-list.html
世界史段階別デッキ｜Deck 3｜主要王朝・人物・制度の穴埋め400語,WH-001114,1114,Deck 3｜標準,運動,自由民権運動,じゆうみんけんうんどう,,近代,東アジア,日本各地,1870〜1880年代,1874,WH-001114-B02,beginner,時期,time,「自由民権運動」が盛んだったのはいつ？,1870〜1880年代,1870〜1880年代,,,,世界史の窓（章節別用語リスト）,https://www.y-history.net/appendix/appendix-list.html
世界史段階別デッキ｜Deck 3｜主要王朝・人物・制度の穴埋め400語,WH-001114,1114,Deck 3｜標準,運動,自由民権運動,じゆうみんけんうんどう,,近代,東アジア,日本各地,1870〜1880年代,1874,WH-001114-B03,beginner,中心人物,person,「自由民権運動」について、代表的指導者は？,板垣退助,板垣退助,,,,世界史の窓（章節別用語リスト）,https://www.y-history.net/appendix/appendix-list.html
世界史段階別デッキ｜Deck 3｜主要王朝・人物・制度の穴埋め400語,WH-001114,1114,Deck 3｜標準,運動,自由民権運動,じゆうみんけんうんどう,,近代,東アジア,日本各地,1870〜1880年代,1874,WH-001114-R01,reverse,複合説明,reverse,何が起きた？,日本各地を主な舞台に、**自由民権運動**は、1874年の民撰議院設立建白書を契機に、**板垣退助**らが国会開設・憲法制定・参政権を要求した。自由党・立憲改進党が成立し、政府に国会開設を約束させた。,自由民権運動|板垣退助,,,,世界史の窓（章節別用語リスト）,https://www.y-history.net/appendix/appendix-list.html
世界史段階別デッキ｜Deck 3｜主要王朝・人物・制度の穴埋め400語,WH-001114,1114,Deck 3｜標準,運動,自由民権運動,じゆうみんけんうんどう,,近代,東アジア,日本各地,1870〜1880年代,1874,WH-001114-R02,reverse,時期,time,「自由民権運動」が盛んだったのはいつ？,**1870〜1880年代**,1870〜1880年代,,,,世界史の窓（章節別用語リスト）,https://www.y-history.net/appendix/appendix-list.html
世界史段階別デッキ｜Deck 3｜主要王朝・人物・制度の穴埋め400語,WH-001114,1114,Deck 3｜標準,運動,自由民権運動,じゆうみんけんうんどう,,近代,東アジア,日本各地,1870〜1880年代,1874,WH-001114-I01,integrated,統合説明,integrated,「自由民権運動」について説明せよ。,**1870〜1880年代**、日本各地を主な舞台に、**自由民権運動**は、1874年の民撰議院設立建白書を契機に、**板垣退助**らが国会開設・憲法制定・参政権を要求した。自由党・立憲改進党が成立し、政府に国会開設を約束させた。,自由民権運動|1870〜1880年代|板垣退助,,,,世界史の窓（章節別用語リスト）,https://www.y-history.net/appendix/appendix-list.html
世界史段階別デッキ｜Deck 3｜主要王朝・人物・制度の穴埋め400語,WH-001103,1103,Deck 3｜標準,人物,光緒帝,こうしょてい,,近代,東アジア,清朝中国・北京,1875〜1908年在位,1875,WH-001103-B01,beginner,用語の特定,identify,康有為(こうゆうい)らを用いて戊戌の変法を始めたが、西太后の政変で幽閉された清の皇帝は？,光緒帝(こうしょてい),光緒帝,,,,世界史の窓（章節別用語リスト）,https://www.y-history.net/appendix/appendix-list.html
世界史段階別デッキ｜Deck 3｜主要王朝・人物・制度の穴埋め400語,WH-001103,1103,Deck 3｜標準,人物,光緒帝,こうしょてい,,近代,東アジア,清朝中国・北京,1875〜1908年在位,1875,WH-001103-B02,beginner,時期,time,「光緒帝(こうしょてい)」が主に活動したのはいつ？,1875〜1908年在位,1875〜1908年在位,,,,世界史の窓（章節別用語リスト）,https://www.y-history.net/appendix/appendix-list.html
世界史段階別デッキ｜Deck 3｜主要王朝・人物・制度の穴埋め400語,WH-001103,1103,Deck 3｜標準,人物,光緒帝,こうしょてい,,近代,東アジア,清朝中国・北京,1875〜1908年在位,1875,WH-001103-B03,beginner,内容,content,「光緒帝(こうしょてい)」について、進めた改革は？,戊戌の変法,戊戌の変法,,,,世界史の窓（章節別用語リスト）,https://www.y-history.net/appendix/appendix-list.html
世界史段階別デッキ｜Deck 3｜主要王朝・人物・制度の穴埋め400語,WH-001103,1103,Deck 3｜標準,人物,光緒帝,こうしょてい,,近代,東アジア,清朝中国・北京,1875〜1908年在位,1875,WH-001103-R01,reverse,複合説明,reverse,何をした？,清朝中国・北京(ぺきん)を主な舞台に、**光緒帝(こうしょてい)**は、幼少で即位し、実権を**西太后**に握られた。日清戦争後の1898年に康有為(こうゆうい)らを用いて**戊戌の変法**を進めたが、政変で幽閉され政治力を失った。,光緒帝|西太后|戊戌の変法,,,,世界史の窓（章節別用語リスト）,https://www.y-history.net/appendix/appendix-list.html
世界史段階別デッキ｜Deck 3｜主要王朝・人物・制度の穴埋め400語,WH-001103,1103,Deck 3｜標準,人物,光緒帝,こうしょてい,,近代,東アジア,清朝中国・北京,1875〜1908年在位,1875,WH-001103-R02,reverse,時期,time,「光緒帝(こうしょてい)」が主に活動したのはいつ？,**1875〜1908年在位**,1875〜1908年在位,,,,世界史の窓（章節別用語リスト）,https://www.y-history.net/appendix/appendix-list.html
世界史段階別デッキ｜Deck 3｜主要王朝・人物・制度の穴埋め400語,WH-001103,1103,Deck 3｜標準,人物,光緒帝,こうしょてい,,近代,東アジア,清朝中国・北京,1875〜1908年在位,1875,WH-001103-I01,integrated,統合説明,integrated,「光緒帝(こうしょてい)」について説明せよ。,**1875〜1908年在位**、清朝中国・北京(ぺきん)を主な舞台に、**光緒帝(こうしょてい)**は、幼少で即位し、実権を**西太后**に握られた。日清戦争後の1898年に康有為(こうゆうい)らを用いて**戊戌の変法**を進めたが、政変で幽閉され政治力を失った。,光緒帝|1875〜1908年在位|西太后|戊戌の変法,,,,世界史の窓（章節別用語リスト）,https://www.y-history.net/appendix/appendix-list.html
世界史段階別デッキ｜Deck 3｜主要王朝・人物・制度の穴埋め400語,WH-001079,1079,Deck 3｜標準,人物,ポルフィリオ＝ディアス,ぽるふぃりおでぃあす,,近代,アメリカ,メキシコ,1876〜1911年に実権,1876,WH-001079-B01,beginner,用語の特定,identify,外資導入と鉄道建設を進める一方、土地集中と独裁でメキシコ革命を招いた大統領は？,ポルフィリオ＝ディアス,ポルフィリオ＝ディアス,,,,世界史の窓（章節別用語リスト）,https://www.y-history.net/appendix/appendix-list.html
世界史段階別デッキ｜Deck 3｜主要王朝・人物・制度の穴埋め400語,WH-001079,1079,Deck 3｜標準,人物,ポルフィリオ＝ディアス,ぽるふぃりおでぃあす,,近代,アメリカ,メキシコ,1876〜1911年に実権,1876,WH-001079-B02,beginner,時期,time,「ポルフィリオ＝ディアス」が主に活動したのはいつ？,1876〜1911年に実権,1876〜1911年に実権,,,,世界史の窓（章節別用語リスト）,https://www.y-history.net/appendix/appendix-list.html
世界史段階別デッキ｜Deck 3｜主要王朝・人物・制度の穴埋め400語,WH-001079,1079,Deck 3｜標準,人物,ポルフィリオ＝ディアス,ぽるふぃりおでぃあす,,近代,アメリカ,メキシコ,1876〜1911年に実権,1876,WH-001079-B03,beginner,内容,content,「ポルフィリオ＝ディアス」について、支配期の通称は？,ポルフィリアート,ポルフィリアート,,,,世界史の窓（章節別用語リスト）,https://www.y-history.net/appendix/appendix-list.html
世界史段階別デッキ｜Deck 3｜主要王朝・人物・制度の穴埋め400語,WH-001079,1079,Deck 3｜標準,人物,ポルフィリオ＝ディアス,ぽるふぃりおでぃあす,,近代,アメリカ,メキシコ,1876〜1911年に実権,1876,WH-001079-R01,reverse,複合説明,reverse,何をした？,メキシコを主な舞台に、**ポルフィリオ＝ディアス**は、長期独裁の**ポルフィリアート**を築き、外国資本・鉱山・鉄道を導入して経済成長を進めた。一方で大土地所有と政治弾圧を強め、1910年に始まるメキシコ革命で失脚した。,ポルフィリオ＝ディアス|ポルフィリアート,,,,世界史の窓（章節別用語リスト）,https://www.y-history.net/appendix/appendix-list.html
世界史段階別デッキ｜Deck 3｜主要王朝・人物・制度の穴埋め400語,WH-001079,1079,Deck 3｜標準,人物,ポルフィリオ＝ディアス,ぽるふぃりおでぃあす,,近代,アメリカ,メキシコ,1876〜1911年に実権,1876,WH-001079-R02,reverse,時期,time,「ポルフィリオ＝ディアス」が主に活動したのはいつ？,**1876〜1911年に実権**,1876〜1911年に実権,,,,世界史の窓（章節別用語リスト）,https://www.y-history.net/appendix/appendix-list.html
世界史段階別デッキ｜Deck 3｜主要王朝・人物・制度の穴埋め400語,WH-001079,1079,Deck 3｜標準,人物,ポルフィリオ＝ディアス,ぽるふぃりおでぃあす,,近代,アメリカ,メキシコ,1876〜1911年に実権,1876,WH-001079-I01,integrated,統合説明,integrated,「ポルフィリオ＝ディアス」について説明せよ。,**1876〜1911年に実権**、メキシコを主な舞台に、**ポルフィリオ＝ディアス**は、長期独裁の**ポルフィリアート**を築き、外国資本・鉱山・鉄道を導入して経済成長を進めた。一方で大土地所有と政治弾圧を強め、1910年に始まるメキシコ革命で失脚した。,ポルフィリオ＝ディアス|1876〜1911年に実権|ポルフィリアート,,,,世界史の窓（章節別用語リスト）,https://www.y-history.net/appendix/appendix-list.html
世界史段階別デッキ｜Deck 3｜主要王朝・人物・制度の穴埋め400語,WH-001116,1116,Deck 3｜標準,条約・会議,江華島条約,こうかとうじょうやく,日朝修好条規,近代,東アジア,日本と朝鮮,1876年,1876,WH-001116-B01,beginner,用語の特定,identify,日本が朝鮮を自主国と規定して開港・領事裁判権(りょうじさいばんけん)を認めさせた不平等条約は？,江華島条約(こうかとうじょうやく),江華島条約,日朝修好条規,,,世界史の窓（章節別用語リスト）,https://www.y-history.net/appendix/appendix-list.html
世界史段階別デッキ｜Deck 3｜主要王朝・人物・制度の穴埋め400語,WH-001116,1116,Deck 3｜標準,条約・会議,江華島条約,こうかとうじょうやく,日朝修好条規,近代,東アジア,日本と朝鮮,1876年,1876,WH-001116-B02,beginner,時期,time,「江華島条約(こうかとうじょうやく)」が結ばれた・開かれたのはいつ？,1876年,1876年,,,1876年：「修好条規で 朝鮮 いやな 胸の内」（1876）日朝修好条規の締結。,世界史の窓（章節別用語リスト）,https://www.y-history.net/appendix/appendix-list.html
世界史段階別デッキ｜Deck 3｜主要王朝・人物・制度の穴埋め400語,WH-001116,1116,Deck 3｜標準,条約・会議,江華島条約,こうかとうじょうやく,日朝修好条規,近代,東アジア,日本と朝鮮,1876年,1876,WH-001116-B03,beginner,内容,content,「江華島条約(こうかとうじょうやく)」について、開国を迫った国は？,日本,日本,,,,世界史の窓（章節別用語リスト）,https://www.y-history.net/appendix/appendix-list.html
世界史段階別デッキ｜Deck 3｜主要王朝・人物・制度の穴埋め400語,WH-001116,1116,Deck 3｜標準,条約・会議,江華島条約,こうかとうじょうやく,日朝修好条規,近代,東アジア,日本と朝鮮,1876年,1876,WH-001116-R01,reverse,複合説明,reverse,何を決めた？,日本と朝鮮を主な舞台に、**江華島条約(こうかとうじょうやく)**は、江華島(こうかとう)事件を口実に日本が朝鮮へ結ばせた条約で、朝鮮を「自主の国」として清との宗属関係を否定し、釜山(ふざん)など三港を開かせた。日本人の領事裁判権(りょうじさいばんけん)・沿岸測量権を認めさせた不平等条約である。,江華島条約,,,,世界史の窓（章節別用語リスト）,https://www.y-history.net/appendix/appendix-list.html
世界史段階別デッキ｜Deck 3｜主要王朝・人物・制度の穴埋め400語,WH-001116,1116,Deck 3｜標準,条約・会議,江華島条約,こうかとうじょうやく,日朝修好条規,近代,東アジア,日本と朝鮮,1876年,1876,WH-001116-R02,reverse,時期,time,「江華島条約(こうかとうじょうやく)」が結ばれた・開かれたのはいつ？,**1876年**,1876年,,,1876年：「修好条規で 朝鮮 いやな 胸の内」（1876）日朝修好条規の締結。,世界史の窓（章節別用語リスト）,https://www.y-history.net/appendix/appendix-list.html
世界史段階別デッキ｜Deck 3｜主要王朝・人物・制度の穴埋め400語,WH-001116,1116,Deck 3｜標準,条約・会議,江華島条約,こうかとうじょうやく,日朝修好条規,近代,東アジア,日本と朝鮮,1876年,1876,WH-001116-I01,integrated,統合説明,integrated,「江華島条約(こうかとうじょうやく)」について説明せよ。,**1876年**、日本と朝鮮を主な舞台に、**江華島条約(こうかとうじょうやく)**は、江華島(こうかとう)事件を口実に日本が朝鮮へ結ばせた条約で、朝鮮を「自主の国」として清との宗属関係を否定し、釜山(ふざん)など三港を開かせた。日本人の領事裁判権(りょうじさいばんけん)・沿岸測量権を認めさせた不平等条約である。,江華島条約|1876年,,,1876年：「修好条規で 朝鮮 いやな 胸の内」（1876）日朝修好条規の締結。,世界史の窓（章節別用語リスト）,https://www.y-history.net/appendix/appendix-list.html
世界史段階別デッキ｜Deck 3｜主要王朝・人物・制度の穴埋め400語,WH-001121,1121,Deck 3｜標準,文書・作品,ミドハト憲法,みどはとけんぽう,オスマン帝国憲法,近代,西アジア,オスマン帝国・イスタンブル,1876年,1876,WH-001121-B01,beginner,用語の特定,identify,二院制議会と臣民の権利を定めたオスマン帝国最初の憲法は？,ミドハト憲法,ミドハト憲法,オスマン帝国憲法,,,世界史の窓（章節別用語リスト）,https://www.y-history.net/appendix/appendix-list.html
世界史段階別デッキ｜Deck 3｜主要王朝・人物・制度の穴埋め400語,WH-001121,1121,Deck 3｜標準,文書・作品,ミドハト憲法,みどはとけんぽう,オスマン帝国憲法,近代,西アジア,オスマン帝国・イスタンブル,1876年,1876,WH-001121-B02,beginner,時期,time,「ミドハト憲法」が成立・発表されたのはいつ？,1876年,1876年,,,1876年：「一番の はなむけ ミドハト 憲法発布」（1876）ミドハト憲法の制定。,世界史の窓（章節別用語リスト）,https://www.y-history.net/appendix/appendix-list.html
世界史段階別デッキ｜Deck 3｜主要王朝・人物・制度の穴埋め400語,WH-001121,1121,Deck 3｜標準,文書・作品,ミドハト憲法,みどはとけんぽう,オスマン帝国憲法,近代,西アジア,オスマン帝国・イスタンブル,1876年,1876,WH-001121-B03,beginner,中心人物,person,「ミドハト憲法」について、起草を主導した人物は？,ミドハト＝パシャ,ミドハト＝パシャ,,,,世界史の窓（章節別用語リスト）,https://www.y-history.net/appendix/appendix-list.html
世界史段階別デッキ｜Deck 3｜主要王朝・人物・制度の穴埋め400語,WH-001121,1121,Deck 3｜標準,文書・作品,ミドハト憲法,みどはとけんぽう,オスマン帝国憲法,近代,西アジア,オスマン帝国・イスタンブル,1876年,1876,WH-001121-R01,reverse,複合説明,reverse,何が書かれている？,オスマン帝国・イスタンブルを主な舞台に、**ミドハト憲法**は、宰相**ミドハト＝パシャ**らが起草し、1876年に発布されたオスマン帝国最初の憲法である。スルタン権力を残しつつ二院制議会と臣民の平等を定めたが、アブデュルハミト2世が停止した。,ミドハト憲法|ミドハト＝パシャ,,,1876年：「一番の はなむけ ミドハト 憲法発布」（1876）ミドハト憲法の制定。,世界史の窓（章節別用語リスト）,https://www.y-history.net/appendix/appendix-list.html
世界史段階別デッキ｜Deck 3｜主要王朝・人物・制度の穴埋め400語,WH-001121,1121,Deck 3｜標準,文書・作品,ミドハト憲法,みどはとけんぽう,オスマン帝国憲法,近代,西アジア,オスマン帝国・イスタンブル,1876年,1876,WH-001121-R02,reverse,時期,time,「ミドハト憲法」が成立・発表されたのはいつ？,**1876年**,1876年,,,1876年：「一番の はなむけ ミドハト 憲法発布」（1876）ミドハト憲法の制定。,世界史の窓（章節別用語リスト）,https://www.y-history.net/appendix/appendix-list.html
世界史段階別デッキ｜Deck 3｜主要王朝・人物・制度の穴埋め400語,WH-001121,1121,Deck 3｜標準,文書・作品,ミドハト憲法,みどはとけんぽう,オスマン帝国憲法,近代,西アジア,オスマン帝国・イスタンブル,1876年,1876,WH-001121-I01,integrated,統合説明,integrated,「ミドハト憲法」について説明せよ。,**1876年**、オスマン帝国・イスタンブルを主な舞台に、**ミドハト憲法**は、宰相**ミドハト＝パシャ**らが起草し、1876年に発布されたオスマン帝国最初の憲法である。スルタン権力を残しつつ二院制議会と臣民の平等を定めたが、アブデュルハミト2世が停止した。,ミドハト憲法|1876年|ミドハト＝パシャ,,,1876年：「一番の はなむけ ミドハト 憲法発布」（1876）ミドハト憲法の制定。,世界史の窓（章節別用語リスト）,https://www.y-history.net/appendix/appendix-list.html
世界史段階別デッキ｜Deck 3｜主要王朝・人物・制度の穴埋め400語,WH-001122,1122,Deck 3｜標準,人物,アブデュルハミト2世,あぶでゅるはみとにせい,,近代,西アジア,オスマン帝国,1876〜1909年在位,1876,WH-001122-B01,beginner,用語の特定,identify,ミドハト憲法を停止して専制を行い、パン＝イスラーム主義を利用したスルタンは？,アブデュルハミト2世,アブデュルハミト2世,,,,世界史の窓（章節別用語リスト）,https://www.y-history.net/appendix/appendix-list.html
世界史段階別デッキ｜Deck 3｜主要王朝・人物・制度の穴埋め400語,WH-001122,1122,Deck 3｜標準,人物,アブデュルハミト2世,あぶでゅるはみとにせい,,近代,西アジア,オスマン帝国,1876〜1909年在位,1876,WH-001122-B02,beginner,時期,time,「アブデュルハミト2世」が主に活動したのはいつ？,1876〜1909年在位,1876〜1909年在位,,,,世界史の窓（章節別用語リスト）,https://www.y-history.net/appendix/appendix-list.html
世界史段階別デッキ｜Deck 3｜主要王朝・人物・制度の穴埋め400語,WH-001122,1122,Deck 3｜標準,人物,アブデュルハミト2世,あぶでゅるはみとにせい,,近代,西アジア,オスマン帝国,1876〜1909年在位,1876,WH-001122-B03,beginner,内容,content,「アブデュルハミト2世」について、停止した憲法は？,ミドハト憲法,ミドハト憲法,,,,世界史の窓（章節別用語リスト）,https://www.y-history.net/appendix/appendix-list.html
世界史段階別デッキ｜Deck 3｜主要王朝・人物・制度の穴埋め400語,WH-001122,1122,Deck 3｜標準,人物,アブデュルハミト2世,あぶでゅるはみとにせい,,近代,西アジア,オスマン帝国,1876〜1909年在位,1876,WH-001122-R01,reverse,複合説明,reverse,何をした？,オスマン帝国を主な舞台に、**アブデュルハミト2世**は、即位時に**ミドハト憲法**を発布したが、露土戦争を理由に議会を停止して専制を行った。カリフ権威と**パン＝イスラーム主義**で帝国統合を図ったが、1908年の青年トルコ革命で憲政復活を認めた。,アブデュルハミト2世|ミドハト憲法|パン＝イスラーム主義,,,,世界史の窓（章節別用語リスト）,https://www.y-history.net/appendix/appendix-list.html
世界史段階別デッキ｜Deck 3｜主要王朝・人物・制度の穴埋め400語,WH-001122,1122,Deck 3｜標準,人物,アブデュルハミト2世,あぶでゅるはみとにせい,,近代,西アジア,オスマン帝国,1876〜1909年在位,1876,WH-001122-R02,reverse,時期,time,「アブデュルハミト2世」が主に活動したのはいつ？,**1876〜1909年在位**,1876〜1909年在位,,,,世界史の窓（章節別用語リスト）,https://www.y-history.net/appendix/appendix-list.html
世界史段階別デッキ｜Deck 3｜主要王朝・人物・制度の穴埋め400語,WH-001122,1122,Deck 3｜標準,人物,アブデュルハミト2世,あぶでゅるはみとにせい,,近代,西アジア,オスマン帝国,1876〜1909年在位,1876,WH-001122-I01,integrated,統合説明,integrated,「アブデュルハミト2世」について説明せよ。,**1876〜1909年在位**、オスマン帝国を主な舞台に、**アブデュルハミト2世**は、即位時に**ミドハト憲法**を発布したが、露土戦争を理由に議会を停止して専制を行った。カリフ権威と**パン＝イスラーム主義**で帝国統合を図ったが、1908年の青年トルコ革命で憲政復活を認めた。,アブデュルハミト2世|1876〜1909年在位|ミドハト憲法|パン＝イスラーム主義,,,,世界史の窓（章節別用語リスト）,https://www.y-history.net/appendix/appendix-list.html
世界史段階別デッキ｜Deck 3｜主要王朝・人物・制度の穴埋め400語,WH-001073,1073,Deck 3｜標準,経済・交易,トラスト,とらすと,,近代,アメリカ,アメリカ合衆国を中心とする工業国,19世紀末〜20世紀初頭,1880,WH-001073-B01,beginner,用語の特定,identify,複数企業の株式や経営権を受託者へ集中し、市場支配を強めた企業結合形態は？,トラスト,トラスト,,,,世界史の窓（章節別用語リスト）,https://www.y-history.net/appendix/appendix-list.html
世界史段階別デッキ｜Deck 3｜主要王朝・人物・制度の穴埋め400語,WH-001073,1073,Deck 3｜標準,経済・交易,トラスト,とらすと,,近代,アメリカ,アメリカ合衆国を中心とする工業国,19世紀末〜20世紀初頭,1880,WH-001073-B02,beginner,時期,time,「トラスト」が使用・展開されたのはいつ？,19世紀末〜20世紀初頭,19世紀末〜20世紀初頭,,,,世界史の窓（章節別用語リスト）,https://www.y-history.net/appendix/appendix-list.html
世界史段階別デッキ｜Deck 3｜主要王朝・人物・制度の穴埋め400語,WH-001073,1073,Deck 3｜標準,経済・交易,トラスト,とらすと,,近代,アメリカ,アメリカ合衆国を中心とする工業国,19世紀末〜20世紀初頭,1880,WH-001073-B03,beginner,内容,content,「トラスト」について、目的は？,市場独占と競争制限,市場独占と競争制限,,,,世界史の窓（章節別用語リスト）,https://www.y-history.net/appendix/appendix-list.html
世界史段階別デッキ｜Deck 3｜主要王朝・人物・制度の穴埋め400語,WH-001073,1073,Deck 3｜標準,経済・交易,トラスト,とらすと,,近代,アメリカ,アメリカ合衆国を中心とする工業国,19世紀末〜20世紀初頭,1880,WH-001073-R01,reverse,複合説明,reverse,どんな経済・交易？,アメリカ合衆国を中心とする工業国を主な舞台に、**トラスト**は、同業企業の株主が株式を受託者へ預け、統一的な経営支配を行う企業結合である。石油・鉄鋼などで価格と生産を支配する巨大独占を生み、反トラスト政策の対象となった。,トラスト,,,,世界史の窓（章節別用語リスト）,https://www.y-history.net/appendix/appendix-list.html
世界史段階別デッキ｜Deck 3｜主要王朝・人物・制度の穴埋め400語,WH-001073,1073,Deck 3｜標準,経済・交易,トラスト,とらすと,,近代,アメリカ,アメリカ合衆国を中心とする工業国,19世紀末〜20世紀初頭,1880,WH-001073-R02,reverse,時期,time,「トラスト」が使用・展開されたのはいつ？,**19世紀末〜20世紀初頭**,19世紀末〜20世紀初頭,,,,世界史の窓（章節別用語リスト）,https://www.y-history.net/appendix/appendix-list.html
世界史段階別デッキ｜Deck 3｜主要王朝・人物・制度の穴埋め400語,WH-001073,1073,Deck 3｜標準,経済・交易,トラスト,とらすと,,近代,アメリカ,アメリカ合衆国を中心とする工業国,19世紀末〜20世紀初頭,1880,WH-001073-I01,integrated,統合説明,integrated,「トラスト」について説明せよ。,**19世紀末〜20世紀初頭**、アメリカ合衆国を中心とする工業国を主な舞台に、**トラスト**は、同業企業の株主が株式を受託者へ預け、統一的な経営支配を行う企業結合である。石油・鉄鋼などで価格と生産を支配する巨大独占を生み、反トラスト政策の対象となった。,トラスト|19世紀末〜20世紀初頭,,,,世界史の窓（章節別用語リスト）,https://www.y-history.net/appendix/appendix-list.html
世界史段階別デッキ｜Deck 3｜主要王朝・人物・制度の穴埋め400語,WH-001055,1055,Deck 3｜標準,組織・政党,フェビアン協会,ふぇびあんきょうかい,,近代,ヨーロッパ,イギリス,1884年以後,1884,WH-001055-B01,beginner,用語の特定,identify,革命ではなく議会・教育・地方行政を通じた漸進的社会主義を唱えた団体は？,フェビアン協会,フェビアン協会,,,,世界史の窓（章節別用語リスト）,https://www.y-history.net/appendix/appendix-list.html
世界史段階別デッキ｜Deck 3｜主要王朝・人物・制度の穴埋め400語,WH-001055,1055,Deck 3｜標準,組織・政党,フェビアン協会,ふぇびあんきょうかい,,近代,ヨーロッパ,イギリス,1884年以後,1884,WH-001055-B02,beginner,時期,time,「フェビアン協会」が使用・展開されたのはいつ？,1884年以後,1884年以後,,,,世界史の窓（章節別用語リスト）,https://www.y-history.net/appendix/appendix-list.html
世界史段階別デッキ｜Deck 3｜主要王朝・人物・制度の穴埋め400語,WH-001055,1055,Deck 3｜標準,組織・政党,フェビアン協会,ふぇびあんきょうかい,,近代,ヨーロッパ,イギリス,1884年以後,1884,WH-001055-B03,beginner,内容,content,「フェビアン協会」について、採用した方法は？,漸進的改革,漸進的改革,,,,世界史の窓（章節別用語リスト）,https://www.y-history.net/appendix/appendix-list.html
世界史段階別デッキ｜Deck 3｜主要王朝・人物・制度の穴埋め400語,WH-001055,1055,Deck 3｜標準,組織・政党,フェビアン協会,ふぇびあんきょうかい,,近代,ヨーロッパ,イギリス,1884年以後,1884,WH-001055-R01,reverse,複合説明,reverse,何をした？,イギリスを主な舞台に、**フェビアン協会**は、ウェッブ夫妻やバーナード＝ショーらが参加し、暴力革命ではなく調査・宣伝・議会政治による**漸進的社会主義**を唱えた。イギリス労働党の政策形成に大きな影響を与えた。,フェビアン協会|漸進的社会主義,,,,世界史の窓（章節別用語リスト）,https://www.y-history.net/appendix/appendix-list.html
世界史段階別デッキ｜Deck 3｜主要王朝・人物・制度の穴埋め400語,WH-001055,1055,Deck 3｜標準,組織・政党,フェビアン協会,ふぇびあんきょうかい,,近代,ヨーロッパ,イギリス,1884年以後,1884,WH-001055-R02,reverse,時期,time,「フェビアン協会」が使用・展開されたのはいつ？,**1884年以後**,1884年以後,,,,世界史の窓（章節別用語リスト）,https://www.y-history.net/appendix/appendix-list.html
世界史段階別デッキ｜Deck 3｜主要王朝・人物・制度の穴埋め400語,WH-001055,1055,Deck 3｜標準,組織・政党,フェビアン協会,ふぇびあんきょうかい,,近代,ヨーロッパ,イギリス,1884年以後,1884,WH-001055-I01,integrated,統合説明,integrated,「フェビアン協会」について説明せよ。,**1884年以後**、イギリスを主な舞台に、**フェビアン協会**は、ウェッブ夫妻やバーナード＝ショーらが参加し、暴力革命ではなく調査・宣伝・議会政治による**漸進的社会主義**を唱えた。イギリス労働党の政策形成に大きな影響を与えた。,フェビアン協会|1884年以後|漸進的社会主義,,,,世界史の窓（章節別用語リスト）,https://www.y-history.net/appendix/appendix-list.html
世界史段階別デッキ｜Deck 3｜主要王朝・人物・制度の穴埋め400語,WH-001099,1099,Deck 3｜標準,戦争,清仏戦争,しんふつせんそう,中仏戦争,近代,複数地域,ベトナム北部・中国南部・台湾周辺,1884〜1885年,1884,WH-001099-B01,beginner,用語の特定,identify,ベトナム支配をめぐり清とフランスが戦い、清がフランスの保護権を認めた戦争は？,清仏戦争,清仏戦争,中仏戦争,,,世界史の窓（章節別用語リスト）,https://www.y-history.net/appendix/appendix-list.html
世界史段階別デッキ｜Deck 3｜主要王朝・人物・制度の穴埋め400語,WH-001099,1099,Deck 3｜標準,戦争,清仏戦争,しんふつせんそう,中仏戦争,近代,複数地域,ベトナム北部・中国南部・台湾周辺,1884〜1885年,1884,WH-001099-B02,beginner,時期,time,「清仏戦争」が戦われたのはいつ？,1884〜1885年,1884〜1885年,,,1884年：「阮朝を 譲るの嫌やし 清仏戦[争]」（1884）清仏戦争。,世界史の窓（章節別用語リスト）,https://www.y-history.net/appendix/appendix-list.html
世界史段階別デッキ｜Deck 3｜主要王朝・人物・制度の穴埋め400語,WH-001099,1099,Deck 3｜標準,戦争,清仏戦争,しんふつせんそう,中仏戦争,近代,複数地域,ベトナム北部・中国南部・台湾周辺,1884〜1885年,1884,WH-001099-B03,beginner,関連,relation,「清仏戦争」について、講和で結ばれた条約は？,天津条約,天津条約,,,,世界史の窓（章節別用語リスト）,https://www.y-history.net/appendix/appendix-list.html
世界史段階別デッキ｜Deck 3｜主要王朝・人物・制度の穴埋め400語,WH-001099,1099,Deck 3｜標準,戦争,清仏戦争,しんふつせんそう,中仏戦争,近代,複数地域,ベトナム北部・中国南部・台湾周辺,1884〜1885年,1884,WH-001099-R01,reverse,複合説明,reverse,何が起きた？,ベトナム北部・中国南部・台湾周辺を主な舞台に、**清仏戦争**は、ベトナムの宗主権を主張する**清**と植民地化を進めるフランスが、トンキン・華南・台湾周辺で戦った。1885年の**天津条約**で清はベトナムに対するフランスの保護権を認めた。,清仏戦争|清|天津条約,,,,世界史の窓（章節別用語リスト）,https://www.y-history.net/appendix/appendix-list.html
世界史段階別デッキ｜Deck 3｜主要王朝・人物・制度の穴埋め400語,WH-001099,1099,Deck 3｜標準,戦争,清仏戦争,しんふつせんそう,中仏戦争,近代,複数地域,ベトナム北部・中国南部・台湾周辺,1884〜1885年,1884,WH-001099-R02,reverse,時期,time,「清仏戦争」が戦われたのはいつ？,**1884〜1885年**,1884〜1885年,,,1884年：「阮朝を 譲るの嫌やし 清仏戦[争]」（1884）清仏戦争。,世界史の窓（章節別用語リスト）,https://www.y-history.net/appendix/appendix-list.html
世界史段階別デッキ｜Deck 3｜主要王朝・人物・制度の穴埋め400語,WH-001099,1099,Deck 3｜標準,戦争,清仏戦争,しんふつせんそう,中仏戦争,近代,複数地域,ベトナム北部・中国南部・台湾周辺,1884〜1885年,1884,WH-001099-I01,integrated,統合説明,integrated,「清仏戦争」について説明せよ。,**1884〜1885年**、ベトナム北部・中国南部・台湾周辺を主な舞台に、**清仏戦争**は、ベトナムの宗主権を主張する**清**と植民地化を進めるフランスが、トンキン・華南・台湾周辺で戦った。1885年の**天津条約**で清はベトナムに対するフランスの保護権を認めた。,清仏戦争|1884〜1885年|清|天津条約,,,1884年：「阮朝を 譲るの嫌やし 清仏戦[争]」（1884）清仏戦争。,世界史の窓（章節別用語リスト）,https://www.y-history.net/appendix/appendix-list.html
世界史段階別デッキ｜Deck 3｜主要王朝・人物・制度の穴埋め400語,WH-001082,1082,Deck 3｜標準,国家・王朝,コンゴ自由国,こんごじゆうこく,,近代,アフリカ,コンゴ盆地・中央アフリカ,1885〜1908年,1885,WH-001082-B01,beginner,用語の特定,identify,ベルギー王レオポルド2世の私有地として成立し、ゴム採取で苛酷な強制労働が行われた植民地は？,コンゴ自由国,コンゴ自由国,,,,世界史の窓（章節別用語リスト）,https://www.y-history.net/appendix/appendix-list.html
世界史段階別デッキ｜Deck 3｜主要王朝・人物・制度の穴埋め400語,WH-001082,1082,Deck 3｜標準,国家・王朝,コンゴ自由国,こんごじゆうこく,,近代,アフリカ,コンゴ盆地・中央アフリカ,1885〜1908年,1885,WH-001082-B02,beginner,時期,time,「コンゴ自由国」が存在したのはいつ？,1885〜1908年,1885〜1908年,,,,世界史の窓（章節別用語リスト）,https://www.y-history.net/appendix/appendix-list.html
世界史段階別デッキ｜Deck 3｜主要王朝・人物・制度の穴埋め400語,WH-001082,1082,Deck 3｜標準,国家・王朝,コンゴ自由国,こんごじゆうこく,,近代,アフリカ,コンゴ盆地・中央アフリカ,1885〜1908年,1885,WH-001082-B03,beginner,中心人物,person,「コンゴ自由国」について、私有した人物は？,レオポルド2世,レオポルド2世,,,,世界史の窓（章節別用語リスト）,https://www.y-history.net/appendix/appendix-list.html
世界史段階別デッキ｜Deck 3｜主要王朝・人物・制度の穴埋め400語,WH-001082,1082,Deck 3｜標準,国家・王朝,コンゴ自由国,こんごじゆうこく,,近代,アフリカ,コンゴ盆地・中央アフリカ,1885〜1908年,1885,WH-001082-R01,reverse,複合説明,reverse,何をした？,コンゴ盆地・中央アフリカを主な舞台に、**コンゴ自由国**は、ベルリン会議後にベルギー国家ではなく**レオポルド2世**個人の支配領域として承認された。象牙・ゴム採取のため人質・切断・殺害を伴う強制労働が行われ、国際批判で1908年にベルギー領となった。,コンゴ自由国|レオポルド2世,,,,世界史の窓（章節別用語リスト）,https://www.y-history.net/appendix/appendix-list.html
世界史段階別デッキ｜Deck 3｜主要王朝・人物・制度の穴埋め400語,WH-001082,1082,Deck 3｜標準,国家・王朝,コンゴ自由国,こんごじゆうこく,,近代,アフリカ,コンゴ盆地・中央アフリカ,1885〜1908年,1885,WH-001082-R02,reverse,時期,time,「コンゴ自由国」が存在したのはいつ？,**1885〜1908年**,1885〜1908年,,,,世界史の窓（章節別用語リスト）,https://www.y-history.net/appendix/appendix-list.html
世界史段階別デッキ｜Deck 3｜主要王朝・人物・制度の穴埋め400語,WH-001082,1082,Deck 3｜標準,国家・王朝,コンゴ自由国,こんごじゆうこく,,近代,アフリカ,コンゴ盆地・中央アフリカ,1885〜1908年,1885,WH-001082-I01,integrated,統合説明,integrated,「コンゴ自由国」について説明せよ。,**1885〜1908年**、コンゴ盆地・中央アフリカを主な舞台に、**コンゴ自由国**は、ベルリン会議後にベルギー国家ではなく**レオポルド2世**個人の支配領域として承認された。象牙・ゴム採取のため人質・切断・殺害を伴う強制労働が行われ、国際批判で1908年にベルギー領となった。,コンゴ自由国|1885〜1908年|レオポルド2世,,,,世界史の窓（章節別用語リスト）,https://www.y-history.net/appendix/appendix-list.html
世界史段階別デッキ｜Deck 3｜主要王朝・人物・制度の穴埋め400語,WH-001083,1083,Deck 3｜標準,人物,レオポルド2世,れおぽるどにせい,ベルギー王レオポルド2世,近代,アフリカ,ベルギー・コンゴ盆地,1865〜1909年在位,1885,WH-001083-B01,beginner,用語の特定,identify,コンゴ自由国を私有地として支配し、ゴム採取の強制労働で国際批判を受けたベルギー王は？,レオポルド2世,レオポルド2世,ベルギー王レオポルド2世,,,世界史の窓（章節別用語リスト）,https://www.y-history.net/appendix/appendix-list.html
世界史段階別デッキ｜Deck 3｜主要王朝・人物・制度の穴埋め400語,WH-001083,1083,Deck 3｜標準,人物,レオポルド2世,れおぽるどにせい,ベルギー王レオポルド2世,近代,アフリカ,ベルギー・コンゴ盆地,1865〜1909年在位,1885,WH-001083-B02,beginner,時期,time,「レオポルド2世」が主に活動したのはいつ？,1865〜1909年在位,1865〜1909年在位,,,,世界史の窓（章節別用語リスト）,https://www.y-history.net/appendix/appendix-list.html
世界史段階別デッキ｜Deck 3｜主要王朝・人物・制度の穴埋め400語,WH-001083,1083,Deck 3｜標準,人物,レオポルド2世,れおぽるどにせい,ベルギー王レオポルド2世,近代,アフリカ,ベルギー・コンゴ盆地,1865〜1909年在位,1885,WH-001083-B03,beginner,内容,content,「レオポルド2世」について、私有した植民地は？,コンゴ自由国,コンゴ自由国,,,,世界史の窓（章節別用語リスト）,https://www.y-history.net/appendix/appendix-list.html
世界史段階別デッキ｜Deck 3｜主要王朝・人物・制度の穴埋め400語,WH-001083,1083,Deck 3｜標準,人物,レオポルド2世,れおぽるどにせい,ベルギー王レオポルド2世,近代,アフリカ,ベルギー・コンゴ盆地,1865〜1909年在位,1885,WH-001083-R01,reverse,複合説明,reverse,何をした？,ベルギー・コンゴ盆地を主な舞台に、**レオポルド2世**は、ベルギー王として探検・慈善を装いコンゴ盆地の支配権を獲得し、**コンゴ自由国**を私有した。ゴム・象牙収奪の苛酷な強制労働が暴露され、1908年にベルギー政府へ譲渡した。,レオポルド2世|コンゴ自由国,,,,世界史の窓（章節別用語リスト）,https://www.y-history.net/appendix/appendix-list.html
世界史段階別デッキ｜Deck 3｜主要王朝・人物・制度の穴埋め400語,WH-001083,1083,Deck 3｜標準,人物,レオポルド2世,れおぽるどにせい,ベルギー王レオポルド2世,近代,アフリカ,ベルギー・コンゴ盆地,1865〜1909年在位,1885,WH-001083-R02,reverse,時期,time,「レオポルド2世」が主に活動したのはいつ？,**1865〜1909年在位**,1865〜1909年在位,,,,世界史の窓（章節別用語リスト）,https://www.y-history.net/appendix/appendix-list.html
世界史段階別デッキ｜Deck 3｜主要王朝・人物・制度の穴埋め400語,WH-001083,1083,Deck 3｜標準,人物,レオポルド2世,れおぽるどにせい,ベルギー王レオポルド2世,近代,アフリカ,ベルギー・コンゴ盆地,1865〜1909年在位,1885,WH-001083-I01,integrated,統合説明,integrated,「レオポルド2世」について説明せよ。,**1865〜1909年在位**、ベルギー・コンゴ盆地を主な舞台に、**レオポルド2世**は、ベルギー王として探検・慈善を装いコンゴ盆地の支配権を獲得し、**コンゴ自由国**を私有した。ゴム・象牙収奪の苛酷な強制労働が暴露され、1908年にベルギー政府へ譲渡した。,レオポルド2世|1865〜1909年在位|コンゴ自由国,,,,世界史の窓（章節別用語リスト）,https://www.y-history.net/appendix/appendix-list.html
世界史段階別デッキ｜Deck 3｜主要王朝・人物・制度の穴埋め400語,WH-001088,1088,Deck 3｜標準,国家・王朝,フランス領インドシナ,ふらんすりょういんどしな,仏領インドシナ,近代,東南アジア,ベトナム・カンボジア・ラオス,1887〜1954年,1887,WH-001088-B01,beginner,用語の特定,identify,フランスがベトナム・カンボジア・ラオスをまとめて統治した植民地連邦は？,フランス領インドシナ,フランス領インドシナ,仏領インドシナ,,,世界史の窓（章節別用語リスト）,https://www.y-history.net/appendix/appendix-list.html
世界史段階別デッキ｜Deck 3｜主要王朝・人物・制度の穴埋め400語,WH-001088,1088,Deck 3｜標準,国家・王朝,フランス領インドシナ,ふらんすりょういんどしな,仏領インドシナ,近代,東南アジア,ベトナム・カンボジア・ラオス,1887〜1954年,1887,WH-001088-B02,beginner,時期,time,「フランス領インドシナ」が存在したのはいつ？,1887〜1954年,1887〜1954年,,,1887年：「インドシナ 一番 離れた 連邦支配」（1887）インドシナ連邦(仏領インドシナ)の成立。,世界史の窓（章節別用語リスト）,https://www.y-history.net/appendix/appendix-list.html
世界史段階別デッキ｜Deck 3｜主要王朝・人物・制度の穴埋め400語,WH-001088,1088,Deck 3｜標準,国家・王朝,フランス領インドシナ,ふらんすりょういんどしな,仏領インドシナ,近代,東南アジア,ベトナム・カンボジア・ラオス,1887〜1954年,1887,WH-001088-B03,beginner,地域,place,「フランス領インドシナ」について、含まれた三地域は？,ベトナム・カンボジア・ラオス,ベトナム・カンボジア・ラオス,,,,世界史の窓（章節別用語リスト）,https://www.y-history.net/appendix/appendix-list.html
世界史段階別デッキ｜Deck 3｜主要王朝・人物・制度の穴埋め400語,WH-001088,1088,Deck 3｜標準,国家・王朝,フランス領インドシナ,ふらんすりょういんどしな,仏領インドシナ,近代,東南アジア,ベトナム・カンボジア・ラオス,1887〜1954年,1887,WH-001088-R01,reverse,複合説明,reverse,何をした？,ベトナム・カンボジア・ラオスを主な舞台に、**フランス領インドシナ**は、1887年にベトナムのコーチシナ・アンナン・トンキンとカンボジアを統合し、後にラオスを加えたフランス植民地連邦である。米・ゴム・鉱産物を収奪し、民族運動を生んだ。,フランス領インドシナ,,,1887年：「インドシナ 一番 離れた 連邦支配」（1887）インドシナ連邦(仏領インドシナ)の成立。,世界史の窓（章節別用語リスト）,https://www.y-history.net/appendix/appendix-list.html
世界史段階別デッキ｜Deck 3｜主要王朝・人物・制度の穴埋め400語,WH-001088,1088,Deck 3｜標準,国家・王朝,フランス領インドシナ,ふらんすりょういんどしな,仏領インドシナ,近代,東南アジア,ベトナム・カンボジア・ラオス,1887〜1954年,1887,WH-001088-R02,reverse,時期,time,「フランス領インドシナ」が存在したのはいつ？,**1887〜1954年**,1887〜1954年,,,1887年：「インドシナ 一番 離れた 連邦支配」（1887）インドシナ連邦(仏領インドシナ)の成立。,世界史の窓（章節別用語リスト）,https://www.y-history.net/appendix/appendix-list.html
世界史段階別デッキ｜Deck 3｜主要王朝・人物・制度の穴埋め400語,WH-001088,1088,Deck 3｜標準,国家・王朝,フランス領インドシナ,ふらんすりょういんどしな,仏領インドシナ,近代,東南アジア,ベトナム・カンボジア・ラオス,1887〜1954年,1887,WH-001088-I01,integrated,統合説明,integrated,「フランス領インドシナ」について説明せよ。,**1887〜1954年**、ベトナム・カンボジア・ラオスを主な舞台に、**フランス領インドシナ**は、1887年にベトナムのコーチシナ・アンナン・トンキンとカンボジアを統合し、後にラオスを加えたフランス植民地連邦である。米・ゴム・鉱産物を収奪し、民族運動を生んだ。,フランス領インドシナ|1887〜1954年,,,1887年：「インドシナ 一番 離れた 連邦支配」（1887）インドシナ連邦(仏領インドシナ)の成立。,世界史の窓（章節別用語リスト）,https://www.y-history.net/appendix/appendix-list.html
世界史段階別デッキ｜Deck 3｜主要王朝・人物・制度の穴埋め400語,WH-001084,1084,Deck 3｜標準,人物,セシル＝ローズ,せしるろーず,,近代,アフリカ,南部アフリカ・ケープ植民地・ローデシア,19世紀後半,1889,WH-001084-B01,beginner,用語の特定,identify,ダイヤモンド事業とイギリス南アフリカ会社を基盤に、南部アフリカで帝国拡張を進めた人物は？,セシル＝ローズ,セシル＝ローズ,,,,世界史の窓（章節別用語リスト）,https://www.y-history.net/appendix/appendix-list.html
世界史段階別デッキ｜Deck 3｜主要王朝・人物・制度の穴埋め400語,WH-001084,1084,Deck 3｜標準,人物,セシル＝ローズ,せしるろーず,,近代,アフリカ,南部アフリカ・ケープ植民地・ローデシア,19世紀後半,1889,WH-001084-B02,beginner,時期,time,「セシル＝ローズ」が主に活動したのはいつ？,19世紀後半,19世紀後半,,,,世界史の窓（章節別用語リスト）,https://www.y-history.net/appendix/appendix-list.html
世界史段階別デッキ｜Deck 3｜主要王朝・人物・制度の穴埋め400語,WH-001084,1084,Deck 3｜標準,人物,セシル＝ローズ,せしるろーず,,近代,アフリカ,南部アフリカ・ケープ植民地・ローデシア,19世紀後半,1889,WH-001084-B03,beginner,内容,content,「セシル＝ローズ」について、設立した会社は？,イギリス南アフリカ会社,イギリス南アフリカ会社,,,,世界史の窓（章節別用語リスト）,https://www.y-history.net/appendix/appendix-list.html
世界史段階別デッキ｜Deck 3｜主要王朝・人物・制度の穴埋め400語,WH-001084,1084,Deck 3｜標準,人物,セシル＝ローズ,せしるろーず,,近代,アフリカ,南部アフリカ・ケープ植民地・ローデシア,19世紀後半,1889,WH-001084-R01,reverse,複合説明,reverse,何をした？,南部アフリカ・ケープ植民地・ローデシアを主な舞台に、**セシル＝ローズ**は、ダイヤモンド企業**デビアス**で財力を築き、ケープ植民地首相とイギリス南アフリカ会社の指導者として北方へ領土を拡大した。「ケープからカイロへ」の帝国構想を象徴した。,セシル＝ローズ|デビアス,,,,世界史の窓（章節別用語リスト）,https://www.y-history.net/appendix/appendix-list.html
世界史段階別デッキ｜Deck 3｜主要王朝・人物・制度の穴埋め400語,WH-001084,1084,Deck 3｜標準,人物,セシル＝ローズ,せしるろーず,,近代,アフリカ,南部アフリカ・ケープ植民地・ローデシア,19世紀後半,1889,WH-001084-R02,reverse,時期,time,「セシル＝ローズ」が主に活動したのはいつ？,**19世紀後半**,19世紀後半,,,,世界史の窓（章節別用語リスト）,https://www.y-history.net/appendix/appendix-list.html
世界史段階別デッキ｜Deck 3｜主要王朝・人物・制度の穴埋め400語,WH-001084,1084,Deck 3｜標準,人物,セシル＝ローズ,せしるろーず,,近代,アフリカ,南部アフリカ・ケープ植民地・ローデシア,19世紀後半,1889,WH-001084-I01,integrated,統合説明,integrated,「セシル＝ローズ」について説明せよ。,**19世紀後半**、南部アフリカ・ケープ植民地・ローデシアを主な舞台に、**セシル＝ローズ**は、ダイヤモンド企業**デビアス**で財力を築き、ケープ植民地首相とイギリス南アフリカ会社の指導者として北方へ領土を拡大した。「ケープからカイロへ」の帝国構想を象徴した。,セシル＝ローズ|19世紀後半|デビアス,,,,世界史の窓（章節別用語リスト）,https://www.y-history.net/appendix/appendix-list.html
世界史段階別デッキ｜Deck 3｜主要王朝・人物・制度の穴埋め400語,WH-001115,1115,Deck 3｜標準,文書・作品,大日本帝国憲法,だいにほんていこくけんぽう,明治憲法,近代,東アジア,日本,1889年発布,1889,WH-001115-B01,beginner,用語の特定,identify,天皇主権を定め、帝国議会と臣民の権利を置いたプロイセン型の憲法は？,大日本帝国憲法,大日本帝国憲法,明治憲法,,,世界史の窓（章節別用語リスト）,https://www.y-history.net/appendix/appendix-list.html
世界史段階別デッキ｜Deck 3｜主要王朝・人物・制度の穴埋め400語,WH-001115,1115,Deck 3｜標準,文書・作品,大日本帝国憲法,だいにほんていこくけんぽう,明治憲法,近代,東アジア,日本,1889年発布,1889,WH-001115-B02,beginner,時期,time,「大日本帝国憲法」が成立・発表されたのはいつ？,1889年発布,1889年発布,,,,世界史の窓（章節別用語リスト）,https://www.y-history.net/appendix/appendix-list.html
世界史段階別デッキ｜Deck 3｜主要王朝・人物・制度の穴埋め400語,WH-001115,1115,Deck 3｜標準,文書・作品,大日本帝国憲法,だいにほんていこくけんぽう,明治憲法,近代,東アジア,日本,1889年発布,1889,WH-001115-B03,beginner,内容,content,「大日本帝国憲法」について、主権者は？,天皇,天皇,,,,世界史の窓（章節別用語リスト）,https://www.y-history.net/appendix/appendix-list.html
世界史段階別デッキ｜Deck 3｜主要王朝・人物・制度の穴埋め400語,WH-001115,1115,Deck 3｜標準,文書・作品,大日本帝国憲法,だいにほんていこくけんぽう,明治憲法,近代,東アジア,日本,1889年発布,1889,WH-001115-R01,reverse,複合説明,reverse,何が書かれている？,日本を主な舞台に、**大日本帝国憲法**は、伊藤博文らがプロイセン憲法を参照して起草し、1889年に天皇が臣民へ与える欽定憲法(きんていけんぽう)として発布した。**天皇主権**と強い統帥権を定める一方、帝国議会・内閣・裁判所と法律の範囲内の臣民権利を置いた。,大日本帝国憲法|天皇主権,,,,世界史の窓（章節別用語リスト）,https://www.y-history.net/appendix/appendix-list.html
世界史段階別デッキ｜Deck 3｜主要王朝・人物・制度の穴埋め400語,WH-001115,1115,Deck 3｜標準,文書・作品,大日本帝国憲法,だいにほんていこくけんぽう,明治憲法,近代,東アジア,日本,1889年発布,1889,WH-001115-R02,reverse,時期,time,「大日本帝国憲法」が成立・発表されたのはいつ？,**1889年発布**,1889年発布,,,,世界史の窓（章節別用語リスト）,https://www.y-history.net/appendix/appendix-list.html
世界史段階別デッキ｜Deck 3｜主要王朝・人物・制度の穴埋め400語,WH-001115,1115,Deck 3｜標準,文書・作品,大日本帝国憲法,だいにほんていこくけんぽう,明治憲法,近代,東アジア,日本,1889年発布,1889,WH-001115-I01,integrated,統合説明,integrated,「大日本帝国憲法」について説明せよ。,**1889年発布**、日本を主な舞台に、**大日本帝国憲法**は、伊藤博文らがプロイセン憲法を参照して起草し、1889年に天皇が臣民へ与える欽定憲法(きんていけんぽう)として発布した。**天皇主権**と強い統帥権を定める一方、帝国議会・内閣・裁判所と法律の範囲内の臣民権利を置いた。,大日本帝国憲法|1889年発布|天皇主権,,,,世界史の窓（章節別用語リスト）,https://www.y-history.net/appendix/appendix-list.html
世界史段階別デッキ｜Deck 3｜主要王朝・人物・制度の穴埋め400語,WH-001072,1072,Deck 3｜標準,制度・政策・法律,ジム＝クロウ法,じむくろうほう,人種隔離法,近代,アメリカ,アメリカ合衆国南部,19世紀末〜20世紀中頃,1890,WH-001072-B01,beginner,用語の特定,identify,南北戦争後の南部で公共施設・教育などの人種隔離と黒人差別を制度化した州法群は？,ジム＝クロウ法,ジム＝クロウ法,人種隔離法,,,世界史の窓（章節別用語リスト）,https://www.y-history.net/appendix/appendix-list.html
世界史段階別デッキ｜Deck 3｜主要王朝・人物・制度の穴埋め400語,WH-001072,1072,Deck 3｜標準,制度・政策・法律,ジム＝クロウ法,じむくろうほう,人種隔離法,近代,アメリカ,アメリカ合衆国南部,19世紀末〜20世紀中頃,1890,WH-001072-B02,beginner,時期,time,「ジム＝クロウ法」が実施・整備されたのはいつ？,19世紀末〜20世紀中頃,19世紀末〜20世紀中頃,,,,世界史の窓（章節別用語リスト）,https://www.y-history.net/appendix/appendix-list.html
世界史段階別デッキ｜Deck 3｜主要王朝・人物・制度の穴埋め400語,WH-001072,1072,Deck 3｜標準,制度・政策・法律,ジム＝クロウ法,じむくろうほう,人種隔離法,近代,アメリカ,アメリカ合衆国南部,19世紀末〜20世紀中頃,1890,WH-001072-B03,beginner,関連,relation,「ジム＝クロウ法」について、差別対象は？,アフリカ系アメリカ人,アフリカ系アメリカ人,,,,世界史の窓（章節別用語リスト）,https://www.y-history.net/appendix/appendix-list.html
世界史段階別デッキ｜Deck 3｜主要王朝・人物・制度の穴埋め400語,WH-001072,1072,Deck 3｜標準,制度・政策・法律,ジム＝クロウ法,じむくろうほう,人種隔離法,近代,アメリカ,アメリカ合衆国南部,19世紀末〜20世紀中頃,1890,WH-001072-R01,reverse,複合説明,reverse,どんな制度・政策・法律？,アメリカ合衆国南部を主な舞台に、**ジム＝クロウ法**は、南部諸州が「分離すれども平等」を名目に、学校・交通・公共施設の**人種隔離**、投票税・識字試験による黒人選挙権排除を制度化した法群である。公民権運動と連邦法で廃止された。,ジム＝クロウ法|人種隔離,,,,世界史の窓（章節別用語リスト）,https://www.y-history.net/appendix/appendix-list.html
世界史段階別デッキ｜Deck 3｜主要王朝・人物・制度の穴埋め400語,WH-001072,1072,Deck 3｜標準,制度・政策・法律,ジム＝クロウ法,じむくろうほう,人種隔離法,近代,アメリカ,アメリカ合衆国南部,19世紀末〜20世紀中頃,1890,WH-001072-R02,reverse,時期,time,「ジム＝クロウ法」が実施・整備されたのはいつ？,**19世紀末〜20世紀中頃**,19世紀末〜20世紀中頃,,,,世界史の窓（章節別用語リスト）,https://www.y-history.net/appendix/appendix-list.html
世界史段階別デッキ｜Deck 3｜主要王朝・人物・制度の穴埋め400語,WH-001072,1072,Deck 3｜標準,制度・政策・法律,ジム＝クロウ法,じむくろうほう,人種隔離法,近代,アメリカ,アメリカ合衆国南部,19世紀末〜20世紀中頃,1890,WH-001072-I01,integrated,統合説明,integrated,「ジム＝クロウ法」について説明せよ。,**19世紀末〜20世紀中頃**、アメリカ合衆国南部を主な舞台に、**ジム＝クロウ法**は、南部諸州が「分離すれども平等」を名目に、学校・交通・公共施設の**人種隔離**、投票税・識字試験による黒人選挙権排除を制度化した法群である。公民権運動と連邦法で廃止された。,ジム＝クロウ法|19世紀末〜20世紀中頃|人種隔離,,,,世界史の窓（章節別用語リスト）,https://www.y-history.net/appendix/appendix-list.html
世界史段階別デッキ｜Deck 3｜主要王朝・人物・制度の穴埋め400語,WH-001074,1074,Deck 3｜標準,制度・政策・法律,シャーマン反トラスト法,しゃーまんはんとらすとほう,,近代,アメリカ,アメリカ合衆国,1890年,1890,WH-001074-B01,beginner,用語の特定,identify,州際取引を制限する企業結合・独占を違法とした、合衆国最初の連邦反独占法は？,シャーマン反トラスト法,シャーマン反トラスト法,,,,世界史の窓（章節別用語リスト）,https://www.y-history.net/appendix/appendix-list.html
世界史段階別デッキ｜Deck 3｜主要王朝・人物・制度の穴埋め400語,WH-001074,1074,Deck 3｜標準,制度・政策・法律,シャーマン反トラスト法,しゃーまんはんとらすとほう,,近代,アメリカ,アメリカ合衆国,1890年,1890,WH-001074-B02,beginner,時期,time,「シャーマン反トラスト法」が実施・整備されたのはいつ？,1890年,1890年,,,,世界史の窓（章節別用語リスト）,https://www.y-history.net/appendix/appendix-list.html
世界史段階別デッキ｜Deck 3｜主要王朝・人物・制度の穴埋め400語,WH-001074,1074,Deck 3｜標準,制度・政策・法律,シャーマン反トラスト法,しゃーまんはんとらすとほう,,近代,アメリカ,アメリカ合衆国,1890年,1890,WH-001074-B03,beginner,関連,relation,「シャーマン反トラスト法」について、規制対象は？,トラストと独占,トラストと独占,,,,世界史の窓（章節別用語リスト）,https://www.y-history.net/appendix/appendix-list.html
世界史段階別デッキ｜Deck 3｜主要王朝・人物・制度の穴埋め400語,WH-001074,1074,Deck 3｜標準,制度・政策・法律,シャーマン反トラスト法,しゃーまんはんとらすとほう,,近代,アメリカ,アメリカ合衆国,1890年,1890,WH-001074-R01,reverse,複合説明,reverse,どんな制度・政策・法律？,アメリカ合衆国を主な舞台に、**シャーマン反トラスト法**は、1890年に制定され、州際・国際取引を不当に制限する契約・企業結合や独占を違法とした。初期の運用は弱かったが、20世紀初頭の**革新主義**期に巨大トラスト解体へ活用された。,シャーマン反トラスト法|革新主義,,,,世界史の窓（章節別用語リスト）,https://www.y-history.net/appendix/appendix-list.html
世界史段階別デッキ｜Deck 3｜主要王朝・人物・制度の穴埋め400語,WH-001074,1074,Deck 3｜標準,制度・政策・法律,シャーマン反トラスト法,しゃーまんはんとらすとほう,,近代,アメリカ,アメリカ合衆国,1890年,1890,WH-001074-R02,reverse,時期,time,「シャーマン反トラスト法」が実施・整備されたのはいつ？,**1890年**,1890年,,,,世界史の窓（章節別用語リスト）,https://www.y-history.net/appendix/appendix-list.html
世界史段階別デッキ｜Deck 3｜主要王朝・人物・制度の穴埋め400語,WH-001074,1074,Deck 3｜標準,制度・政策・法律,シャーマン反トラスト法,しゃーまんはんとらすとほう,,近代,アメリカ,アメリカ合衆国,1890年,1890,WH-001074-I01,integrated,統合説明,integrated,「シャーマン反トラスト法」について説明せよ。,**1890年**、アメリカ合衆国を主な舞台に、**シャーマン反トラスト法**は、1890年に制定され、州際・国際取引を不当に制限する契約・企業結合や独占を違法とした。初期の運用は弱かったが、20世紀初頭の**革新主義**期に巨大トラスト解体へ活用された。,シャーマン反トラスト法|1890年|革新主義,,,,世界史の窓（章節別用語リスト）,https://www.y-history.net/appendix/appendix-list.html
世界史段階別デッキ｜Deck 3｜主要王朝・人物・制度の穴埋め400語,WH-001091,1091,Deck 3｜標準,人物,ティラク,てぃらく,バール＝ガンガーダル＝ティラク,近代,南アジア,イギリス領インド・西部インド,19世紀末〜20世紀初頭,1890,WH-001091-B01,beginner,用語の特定,identify,「スワラージは我が生得の権利」と唱え、国民会議派急進派を率いた人物は？,ティラク,ティラク,バール＝ガンガーダル＝ティラク,,,世界史の窓（章節別用語リスト）,https://www.y-history.net/appendix/appendix-list.html
世界史段階別デッキ｜Deck 3｜主要王朝・人物・制度の穴埋め400語,WH-001091,1091,Deck 3｜標準,人物,ティラク,てぃらく,バール＝ガンガーダル＝ティラク,近代,南アジア,イギリス領インド・西部インド,19世紀末〜20世紀初頭,1890,WH-001091-B02,beginner,時期,time,「ティラク」が主に活動したのはいつ？,19世紀末〜20世紀初頭,19世紀末〜20世紀初頭,,,,世界史の窓（章節別用語リスト）,https://www.y-history.net/appendix/appendix-list.html
世界史段階別デッキ｜Deck 3｜主要王朝・人物・制度の穴埋め400語,WH-001091,1091,Deck 3｜標準,人物,ティラク,てぃらく,バール＝ガンガーダル＝ティラク,近代,南アジア,イギリス領インド・西部インド,19世紀末〜20世紀初頭,1890,WH-001091-B03,beginner,内容,content,「ティラク」について、要求したものは？,スワラージ,スワラージ,,,,世界史の窓（章節別用語リスト）,https://www.y-history.net/appendix/appendix-list.html
世界史段階別デッキ｜Deck 3｜主要王朝・人物・制度の穴埋め400語,WH-001091,1091,Deck 3｜標準,人物,ティラク,てぃらく,バール＝ガンガーダル＝ティラク,近代,南アジア,イギリス領インド・西部インド,19世紀末〜20世紀初頭,1890,WH-001091-R01,reverse,複合説明,reverse,何をした？,イギリス領インド・西部インドを主な舞台に、**ティラク**は、国民会議派の急進派として、宗教祭礼と新聞を用いて大衆を民族運動へ動員した。ベンガル分割反対運動で**スワデーシ**・ボイコット・**スワラージ**を唱えた。,ティラク|スワデーシ|スワラージ,,,,世界史の窓（章節別用語リスト）,https://www.y-history.net/appendix/appendix-list.html
世界史段階別デッキ｜Deck 3｜主要王朝・人物・制度の穴埋め400語,WH-001091,1091,Deck 3｜標準,人物,ティラク,てぃらく,バール＝ガンガーダル＝ティラク,近代,南アジア,イギリス領インド・西部インド,19世紀末〜20世紀初頭,1890,WH-001091-R02,reverse,時期,time,「ティラク」が主に活動したのはいつ？,**19世紀末〜20世紀初頭**,19世紀末〜20世紀初頭,,,,世界史の窓（章節別用語リスト）,https://www.y-history.net/appendix/appendix-list.html
世界史段階別デッキ｜Deck 3｜主要王朝・人物・制度の穴埋め400語,WH-001091,1091,Deck 3｜標準,人物,ティラク,てぃらく,バール＝ガンガーダル＝ティラク,近代,南アジア,イギリス領インド・西部インド,19世紀末〜20世紀初頭,1890,WH-001091-I01,integrated,統合説明,integrated,「ティラク」について説明せよ。,**19世紀末〜20世紀初頭**、イギリス領インド・西部インドを主な舞台に、**ティラク**は、国民会議派の急進派として、宗教祭礼と新聞を用いて大衆を民族運動へ動員した。ベンガル分割反対運動で**スワデーシ**・ボイコット・**スワラージ**を唱えた。,ティラク|19世紀末〜20世紀初頭|スワデーシ|スワラージ,,,,世界史の窓（章節別用語リスト）,https://www.y-history.net/appendix/appendix-list.html
世界史段階別デッキ｜Deck 3｜主要王朝・人物・制度の穴埋め400語,WH-001126,1126,Deck 3｜標準,運動,タバコ＝ボイコット運動,たばこぼいこっとうんどう,タバコ抗議運動,近代,西アジア,ガージャール朝イラン,1891〜1892年,1891,WH-001126-B01,beginner,用語の特定,identify,イランでイギリス人へのタバコ独占権付与に反対し、聖職者・商人・民衆が展開した運動は？,タバコ＝ボイコット運動,タバコ＝ボイコット運動,タバコ抗議運動,,,世界史の窓（章節別用語リスト）,https://www.y-history.net/appendix/appendix-list.html
世界史段階別デッキ｜Deck 3｜主要王朝・人物・制度の穴埋め400語,WH-001126,1126,Deck 3｜標準,運動,タバコ＝ボイコット運動,たばこぼいこっとうんどう,タバコ抗議運動,近代,西アジア,ガージャール朝イラン,1891〜1892年,1891,WH-001126-B02,beginner,時期,time,「タバコ＝ボイコット運動」が盛んだったのはいつ？,1891〜1892年,1891〜1892年,,,,世界史の窓（章節別用語リスト）,https://www.y-history.net/appendix/appendix-list.html
世界史段階別デッキ｜Deck 3｜主要王朝・人物・制度の穴埋め400語,WH-001126,1126,Deck 3｜標準,運動,タバコ＝ボイコット運動,たばこぼいこっとうんどう,タバコ抗議運動,近代,西アジア,ガージャール朝イラン,1891〜1892年,1891,WH-001126-B03,beginner,内容,content,「タバコ＝ボイコット運動」について、撤回させたものは？,タバコ独占利権,タバコ独占利権,,,,世界史の窓（章節別用語リスト）,https://www.y-history.net/appendix/appendix-list.html
世界史段階別デッキ｜Deck 3｜主要王朝・人物・制度の穴埋め400語,WH-001126,1126,Deck 3｜標準,運動,タバコ＝ボイコット運動,たばこぼいこっとうんどう,タバコ抗議運動,近代,西アジア,ガージャール朝イラン,1891〜1892年,1891,WH-001126-R01,reverse,複合説明,reverse,何が起きた？,ガージャール朝イランを主な舞台に、**タバコ＝ボイコット運動**は、ガージャール朝がイギリス人へタバコ生産・販売の独占権を与えたことに対し、ウラマーが使用禁止の宗教令を出し、バザール商人・民衆がボイコットした。国王に利権撤回を迫り、立憲革命の前史となった。,タバコ＝ボイコット運動,,,,世界史の窓（章節別用語リスト）,https://www.y-history.net/appendix/appendix-list.html
世界史段階別デッキ｜Deck 3｜主要王朝・人物・制度の穴埋め400語,WH-001126,1126,Deck 3｜標準,運動,タバコ＝ボイコット運動,たばこぼいこっとうんどう,タバコ抗議運動,近代,西アジア,ガージャール朝イラン,1891〜1892年,1891,WH-001126-R02,reverse,時期,time,「タバコ＝ボイコット運動」が盛んだったのはいつ？,**1891〜1892年**,1891〜1892年,,,,世界史の窓（章節別用語リスト）,https://www.y-history.net/appendix/appendix-list.html
世界史段階別デッキ｜Deck 3｜主要王朝・人物・制度の穴埋め400語,WH-001126,1126,Deck 3｜標準,運動,タバコ＝ボイコット運動,たばこぼいこっとうんどう,タバコ抗議運動,近代,西アジア,ガージャール朝イラン,1891〜1892年,1891,WH-001126-I01,integrated,統合説明,integrated,「タバコ＝ボイコット運動」について説明せよ。,**1891〜1892年**、ガージャール朝イランを主な舞台に、**タバコ＝ボイコット運動**は、ガージャール朝がイギリス人へタバコ生産・販売の独占権を与えたことに対し、ウラマーが使用禁止の宗教令を出し、バザール商人・民衆がボイコットした。国王に利権撤回を迫り、立憲革命の前史となった。,タバコ＝ボイコット運動|1891〜1892年,,,,世界史の窓（章節別用語リスト）,https://www.y-history.net/appendix/appendix-list.html
世界史段階別デッキ｜Deck 3｜主要王朝・人物・制度の穴埋め400語,WH-001050,1050,Deck 3｜標準,事件・革命,ドレフュス事件,どれふゅすじけん,,近代,ヨーロッパ,フランス,1894〜1906年,1894,WH-001050-B01,beginner,用語の特定,identify,ユダヤ系将校が冤罪で有罪とされ、反ユダヤ主義と共和政のあり方をめぐる論争となった事件は？,ドレフュス事件,ドレフュス事件,,,,世界史の窓（章節別用語リスト）,https://www.y-history.net/appendix/appendix-list.html
世界史段階別デッキ｜Deck 3｜主要王朝・人物・制度の穴埋め400語,WH-001050,1050,Deck 3｜標準,事件・革命,ドレフュス事件,どれふゅすじけん,,近代,ヨーロッパ,フランス,1894〜1906年,1894,WH-001050-B02,beginner,時期,time,「ドレフュス事件」が起きたのはいつ？,1894〜1906年,1894〜1906年,,,,世界史の窓（章節別用語リスト）,https://www.y-history.net/appendix/appendix-list.html
世界史段階別デッキ｜Deck 3｜主要王朝・人物・制度の穴埋め400語,WH-001050,1050,Deck 3｜標準,事件・革命,ドレフュス事件,どれふゅすじけん,,近代,ヨーロッパ,フランス,1894〜1906年,1894,WH-001050-B03,beginner,内容,content,「ドレフュス事件」について、再審を訴えた作家は？,ゾラ,ゾラ,,,,世界史の窓（章節別用語リスト）,https://www.y-history.net/appendix/appendix-list.html
世界史段階別デッキ｜Deck 3｜主要王朝・人物・制度の穴埋め400語,WH-001050,1050,Deck 3｜標準,事件・革命,ドレフュス事件,どれふゅすじけん,,近代,ヨーロッパ,フランス,1894〜1906年,1894,WH-001050-R01,reverse,複合説明,reverse,何が起きた？,フランスを主な舞台に、**ドレフュス事件**は、ユダヤ系陸軍大尉**ドレフュス**がドイツへの機密漏洩で冤罪判決を受けた。作家**ゾラ**の「私は弾劾する」などで再審運動が広がり、軍部・教会・反ユダヤ主義と共和派が激しく対立した。,ドレフュス事件|ドレフュス|ゾラ,,,,世界史の窓（章節別用語リスト）,https://www.y-history.net/appendix/appendix-list.html
世界史段階別デッキ｜Deck 3｜主要王朝・人物・制度の穴埋め400語,WH-001050,1050,Deck 3｜標準,事件・革命,ドレフュス事件,どれふゅすじけん,,近代,ヨーロッパ,フランス,1894〜1906年,1894,WH-001050-R02,reverse,時期,time,「ドレフュス事件」が起きたのはいつ？,**1894〜1906年**,1894〜1906年,,,,世界史の窓（章節別用語リスト）,https://www.y-history.net/appendix/appendix-list.html
世界史段階別デッキ｜Deck 3｜主要王朝・人物・制度の穴埋め400語,WH-001050,1050,Deck 3｜標準,事件・革命,ドレフュス事件,どれふゅすじけん,,近代,ヨーロッパ,フランス,1894〜1906年,1894,WH-001050-I01,integrated,統合説明,integrated,「ドレフュス事件」について説明せよ。,**1894〜1906年**、フランスを主な舞台に、**ドレフュス事件**は、ユダヤ系陸軍大尉**ドレフュス**がドイツへの機密漏洩で冤罪判決を受けた。作家**ゾラ**の「私は弾劾する」などで再審運動が広がり、軍部・教会・反ユダヤ主義と共和派が激しく対立した。,ドレフュス事件|1894〜1906年|ドレフュス|ゾラ,,,,世界史の窓（章節別用語リスト）,https://www.y-history.net/appendix/appendix-list.html
世界史段階別デッキ｜Deck 3｜主要王朝・人物・制度の穴埋め400語,WH-001117,1117,Deck 3｜標準,運動,東学農民運動,とうがくのうみんうんどう,甲午農民戦争,近代,東アジア,朝鮮半島南部,1894年,1894,WH-001117-B01,beginner,用語の特定,identify,全琫準(ぜんほうじゅん)らが反腐敗・反外国を掲げて起こし、日清戦争の契機となった農民運動は？,東学農民運動,東学農民運動,甲午農民戦争,,,世界史の窓（章節別用語リスト）,https://www.y-history.net/appendix/appendix-list.html
世界史段階別デッキ｜Deck 3｜主要王朝・人物・制度の穴埋め400語,WH-001117,1117,Deck 3｜標準,運動,東学農民運動,とうがくのうみんうんどう,甲午農民戦争,近代,東アジア,朝鮮半島南部,1894年,1894,WH-001117-B02,beginner,時期,time,「東学農民運動」が盛んだったのはいつ？,1894年,1894年,,,,世界史の窓（章節別用語リスト）,https://www.y-history.net/appendix/appendix-list.html
世界史段階別デッキ｜Deck 3｜主要王朝・人物・制度の穴埋め400語,WH-001117,1117,Deck 3｜標準,運動,東学農民運動,とうがくのうみんうんどう,甲午農民戦争,近代,東アジア,朝鮮半島南部,1894年,1894,WH-001117-B03,beginner,中心人物,person,「東学農民運動」について、指導者は？,全琫準(ぜんほうじゅん),全琫準,,,,世界史の窓（章節別用語リスト）,https://www.y-history.net/appendix/appendix-list.html
世界史段階別デッキ｜Deck 3｜主要王朝・人物・制度の穴埋め400語,WH-001117,1117,Deck 3｜標準,運動,東学農民運動,とうがくのうみんうんどう,甲午農民戦争,近代,東アジア,朝鮮半島南部,1894年,1894,WH-001117-R01,reverse,複合説明,reverse,何が起きた？,朝鮮半島南部を主な舞台に、**東学農民運動**は、東学信徒と農民が地方官の収奪へ反発し、**全琫準(ぜんほうじゅん)**のもとで「斥倭洋(せきわよう)」を掲げて蜂起した。朝鮮政府が清へ出兵を求め、日本も派兵したため**日清戦争**の契機となった。,東学農民運動|全琫準|日清戦争,,,,世界史の窓（章節別用語リスト）,https://www.y-history.net/appendix/appendix-list.html
世界史段階別デッキ｜Deck 3｜主要王朝・人物・制度の穴埋め400語,WH-001117,1117,Deck 3｜標準,運動,東学農民運動,とうがくのうみんうんどう,甲午農民戦争,近代,東アジア,朝鮮半島南部,1894年,1894,WH-001117-R02,reverse,時期,time,「東学農民運動」が盛んだったのはいつ？,**1894年**,1894年,,,,世界史の窓（章節別用語リスト）,https://www.y-history.net/appendix/appendix-list.html
世界史段階別デッキ｜Deck 3｜主要王朝・人物・制度の穴埋め400語,WH-001117,1117,Deck 3｜標準,運動,東学農民運動,とうがくのうみんうんどう,甲午農民戦争,近代,東アジア,朝鮮半島南部,1894年,1894,WH-001117-I01,integrated,統合説明,integrated,「東学農民運動」について説明せよ。,**1894年**、朝鮮半島南部を主な舞台に、**東学農民運動**は、東学信徒と農民が地方官の収奪へ反発し、**全琫準(ぜんほうじゅん)**のもとで「斥倭洋(せきわよう)」を掲げて蜂起した。朝鮮政府が清へ出兵を求め、日本も派兵したため**日清戦争**の契機となった。,東学農民運動|1894年|全琫準|日清戦争,,,,世界史の窓（章節別用語リスト）,https://www.y-history.net/appendix/appendix-list.html
世界史段階別デッキ｜Deck 3｜主要王朝・人物・制度の穴埋め400語,WH-001101,1101,Deck 3｜標準,人物,梁啓超,りょうけいちょう,,近代,東アジア,清末中国・日本,19世紀末〜20世紀初頭,1895,WH-001101-B01,beginner,用語の特定,identify,康有為(こうゆうい)と戊戌の変法を進め、亡命後は新聞・雑誌で立憲改革と新しい国民意識を説いた人物は？,梁啓超(りょうけいちょう),梁啓超,,,,世界史の窓（章節別用語リスト）,https://www.y-history.net/appendix/appendix-list.html
世界史段階別デッキ｜Deck 3｜主要王朝・人物・制度の穴埋め400語,WH-001101,1101,Deck 3｜標準,人物,梁啓超,りょうけいちょう,,近代,東アジア,清末中国・日本,19世紀末〜20世紀初頭,1895,WH-001101-B02,beginner,時期,time,「梁啓超(りょうけいちょう)」が主に活動したのはいつ？,19世紀末〜20世紀初頭,19世紀末〜20世紀初頭,,,,世界史の窓（章節別用語リスト）,https://www.y-history.net/appendix/appendix-list.html
世界史段階別デッキ｜Deck 3｜主要王朝・人物・制度の穴埋め400語,WH-001101,1101,Deck 3｜標準,人物,梁啓超,りょうけいちょう,,近代,東アジア,清末中国・日本,19世紀末〜20世紀初頭,1895,WH-001101-B03,beginner,中心人物,person,「梁啓超(りょうけいちょう)」について、師は？,康有為(こうゆうい),康有為,,,,世界史の窓（章節別用語リスト）,https://www.y-history.net/appendix/appendix-list.html
世界史段階別デッキ｜Deck 3｜主要王朝・人物・制度の穴埋め400語,WH-001101,1101,Deck 3｜標準,人物,梁啓超,りょうけいちょう,,近代,東アジア,清末中国・日本,19世紀末〜20世紀初頭,1895,WH-001101-R01,reverse,複合説明,reverse,何をした？,清末中国・日本を主な舞台に、**梁啓超(りょうけいちょう)**は、**康有為(こうゆうい)**の弟子として公車上書(こうしゃじょうしょ)・戊戌の変法へ参加した。政変後に日本へ亡命し、『清議報(しんぎほう)』『新民叢報(しんみんそうほう)』などで立憲政治・国民形成・新思想を中国へ紹介した。,梁啓超|康有為,,,,世界史の窓（章節別用語リスト）,https://www.y-history.net/appendix/appendix-list.html
世界史段階別デッキ｜Deck 3｜主要王朝・人物・制度の穴埋め400語,WH-001101,1101,Deck 3｜標準,人物,梁啓超,りょうけいちょう,,近代,東アジア,清末中国・日本,19世紀末〜20世紀初頭,1895,WH-001101-R02,reverse,時期,time,「梁啓超(りょうけいちょう)」が主に活動したのはいつ？,**19世紀末〜20世紀初頭**,19世紀末〜20世紀初頭,,,,世界史の窓（章節別用語リスト）,https://www.y-history.net/appendix/appendix-list.html
世界史段階別デッキ｜Deck 3｜主要王朝・人物・制度の穴埋め400語,WH-001101,1101,Deck 3｜標準,人物,梁啓超,りょうけいちょう,,近代,東アジア,清末中国・日本,19世紀末〜20世紀初頭,1895,WH-001101-I01,integrated,統合説明,integrated,「梁啓超(りょうけいちょう)」について説明せよ。,**19世紀末〜20世紀初頭**、清末中国・日本を主な舞台に、**梁啓超(りょうけいちょう)**は、**康有為(こうゆうい)**の弟子として公車上書(こうしゃじょうしょ)・戊戌の変法へ参加した。政変後に日本へ亡命し、『清議報(しんぎほう)』『新民叢報(しんみんそうほう)』などで立憲政治・国民形成・新思想を中国へ紹介した。,梁啓超|19世紀末〜20世紀初頭|康有為,,,,世界史の窓（章節別用語リスト）,https://www.y-history.net/appendix/appendix-list.html
世界史段階別デッキ｜Deck 3｜主要王朝・人物・制度の穴埋め400語,WH-001125,1125,Deck 3｜標準,人物,ヘルツル,へるつる,テオドール＝ヘルツル,近代,複数地域,中部ヨーロッパ・バーゼル・パレスチナ構想,19世紀末〜20世紀初頭,1896,WH-001125-B01,beginner,用語の特定,identify,『ユダヤ人国家』を著し、第1回シオニスト会議を開いた政治的シオニズムの指導者は？,ヘルツル,ヘルツル,テオドール＝ヘルツル,,,世界史の窓（章節別用語リスト）,https://www.y-history.net/appendix/appendix-list.html
世界史段階別デッキ｜Deck 3｜主要王朝・人物・制度の穴埋め400語,WH-001125,1125,Deck 3｜標準,人物,ヘルツル,へるつる,テオドール＝ヘルツル,近代,複数地域,中部ヨーロッパ・バーゼル・パレスチナ構想,19世紀末〜20世紀初頭,1896,WH-001125-B02,beginner,時期,time,「ヘルツル」が主に活動したのはいつ？,19世紀末〜20世紀初頭,19世紀末〜20世紀初頭,,,,世界史の窓（章節別用語リスト）,https://www.y-history.net/appendix/appendix-list.html
世界史段階別デッキ｜Deck 3｜主要王朝・人物・制度の穴埋め400語,WH-001125,1125,Deck 3｜標準,人物,ヘルツル,へるつる,テオドール＝ヘルツル,近代,複数地域,中部ヨーロッパ・バーゼル・パレスチナ構想,19世紀末〜20世紀初頭,1896,WH-001125-B03,beginner,内容,content,「ヘルツル」について、代表作は？,『ユダヤ人国家』,ユダヤ人国家,,,,世界史の窓（章節別用語リスト）,https://www.y-history.net/appendix/appendix-list.html
世界史段階別デッキ｜Deck 3｜主要王朝・人物・制度の穴埋め400語,WH-001125,1125,Deck 3｜標準,人物,ヘルツル,へるつる,テオドール＝ヘルツル,近代,複数地域,中部ヨーロッパ・バーゼル・パレスチナ構想,19世紀末〜20世紀初頭,1896,WH-001125-R01,reverse,複合説明,reverse,何をした？,中部ヨーロッパ・バーゼル・パレスチナ構想を主な舞台に、**ヘルツル**は、オーストリアのユダヤ人記者で、反ユダヤ主義の広がりを見て1896年に**『ユダヤ人国家』**を著した。翌年バーゼルで第1回シオニスト会議を開き、政治的シオニズムを国際運動にした。,ヘルツル|ユダヤ人国家,,,,世界史の窓（章節別用語リスト）,https://www.y-history.net/appendix/appendix-list.html
世界史段階別デッキ｜Deck 3｜主要王朝・人物・制度の穴埋め400語,WH-001125,1125,Deck 3｜標準,人物,ヘルツル,へるつる,テオドール＝ヘルツル,近代,複数地域,中部ヨーロッパ・バーゼル・パレスチナ構想,19世紀末〜20世紀初頭,1896,WH-001125-R02,reverse,時期,time,「ヘルツル」が主に活動したのはいつ？,**19世紀末〜20世紀初頭**,19世紀末〜20世紀初頭,,,,世界史の窓（章節別用語リスト）,https://www.y-history.net/appendix/appendix-list.html
世界史段階別デッキ｜Deck 3｜主要王朝・人物・制度の穴埋め400語,WH-001125,1125,Deck 3｜標準,人物,ヘルツル,へるつる,テオドール＝ヘルツル,近代,複数地域,中部ヨーロッパ・バーゼル・パレスチナ構想,19世紀末〜20世紀初頭,1896,WH-001125-I01,integrated,統合説明,integrated,「ヘルツル」について説明せよ。,**19世紀末〜20世紀初頭**、中部ヨーロッパ・バーゼル・パレスチナ構想を主な舞台に、**ヘルツル**は、オーストリアのユダヤ人記者で、反ユダヤ主義の広がりを見て1896年に**『ユダヤ人国家』**を著した。翌年バーゼルで第1回シオニスト会議を開き、政治的シオニズムを国際運動にした。,ヘルツル|19世紀末〜20世紀初頭|ユダヤ人国家,,,,世界史の窓（章節別用語リスト）,https://www.y-history.net/appendix/appendix-list.html
世界史段階別デッキ｜Deck 3｜主要王朝・人物・制度の穴埋め400語,WH-001124,1124,Deck 3｜標準,思想・主義,シオニズム,しおにずむ,,近代,複数地域,ヨーロッパからパレスチナ,19世紀末以後,1897,WH-001124-B01,beginner,用語の特定,identify,反ユダヤ主義を背景に、ユダヤ人の民族的郷土・国家をパレスチナに建設しようとする運動は？,シオニズム,シオニズム,,,,世界史の窓（章節別用語リスト）,https://www.y-history.net/appendix/appendix-list.html
世界史段階別デッキ｜Deck 3｜主要王朝・人物・制度の穴埋め400語,WH-001124,1124,Deck 3｜標準,思想・主義,シオニズム,しおにずむ,,近代,複数地域,ヨーロッパからパレスチナ,19世紀末以後,1897,WH-001124-B02,beginner,時期,time,「シオニズム」が成立・広がったのはいつ？,19世紀末以後,19世紀末以後,,,,世界史の窓（章節別用語リスト）,https://www.y-history.net/appendix/appendix-list.html
世界史段階別デッキ｜Deck 3｜主要王朝・人物・制度の穴埋め400語,WH-001124,1124,Deck 3｜標準,思想・主義,シオニズム,しおにずむ,,近代,複数地域,ヨーロッパからパレスチナ,19世紀末以後,1897,WH-001124-B03,beginner,中心人物,person,「シオニズム」について、政治運動を組織した人物は？,ヘルツル,ヘルツル,,,,世界史の窓（章節別用語リスト）,https://www.y-history.net/appendix/appendix-list.html
世界史段階別デッキ｜Deck 3｜主要王朝・人物・制度の穴埋め400語,WH-001124,1124,Deck 3｜標準,思想・主義,シオニズム,しおにずむ,,近代,複数地域,ヨーロッパからパレスチナ,19世紀末以後,1897,WH-001124-R01,reverse,複合説明,reverse,どんな考え？,ヨーロッパからパレスチナを主な舞台に、**シオニズム**は、ヨーロッパの反ユダヤ主義と同化の限界を背景に、ユダヤ人が**パレスチナ**へ民族的郷土を建設することを目指した運動である。**ヘルツル**が1897年に第1回シオニスト会議を開き、組織化した。,シオニズム|パレスチナ|ヘルツル,,,,世界史の窓（章節別用語リスト）,https://www.y-history.net/appendix/appendix-list.html
世界史段階別デッキ｜Deck 3｜主要王朝・人物・制度の穴埋め400語,WH-001124,1124,Deck 3｜標準,思想・主義,シオニズム,しおにずむ,,近代,複数地域,ヨーロッパからパレスチナ,19世紀末以後,1897,WH-001124-R02,reverse,時期,time,「シオニズム」が成立・広がったのはいつ？,**19世紀末以後**,19世紀末以後,,,,世界史の窓（章節別用語リスト）,https://www.y-history.net/appendix/appendix-list.html
世界史段階別デッキ｜Deck 3｜主要王朝・人物・制度の穴埋め400語,WH-001124,1124,Deck 3｜標準,思想・主義,シオニズム,しおにずむ,,近代,複数地域,ヨーロッパからパレスチナ,19世紀末以後,1897,WH-001124-I01,integrated,統合説明,integrated,「シオニズム」について説明せよ。,**19世紀末以後**、ヨーロッパからパレスチナを主な舞台に、**シオニズム**は、ヨーロッパの反ユダヤ主義と同化の限界を背景に、ユダヤ人が**パレスチナ**へ民族的郷土を建設することを目指した運動である。**ヘルツル**が1897年に第1回シオニスト会議を開き、組織化した。,シオニズム|19世紀末以後|パレスチナ|ヘルツル,,,,世界史の窓（章節別用語リスト）,https://www.y-history.net/appendix/appendix-list.html
世界史段階別デッキ｜Deck 3｜主要王朝・人物・制度の穴埋め400語,WH-001065,1065,Deck 3｜標準,組織・政党,ロシア社会民主労働党,ろしあしゃかいみんしゅろうどうとう,RSDLP,近代,ヨーロッパ,ロシア帝国,1898年以後,1898,WH-001065-B01,beginner,用語の特定,identify,マルクス主義者を結集して成立し、1903年にボリシェヴィキとメンシェヴィキへ分裂した政党は？,ロシア社会民主労働党,ロシア社会民主労働党,RSDLP,,,世界史の窓（章節別用語リスト）,https://www.y-history.net/appendix/appendix-list.html
世界史段階別デッキ｜Deck 3｜主要王朝・人物・制度の穴埋め400語,WH-001065,1065,Deck 3｜標準,組織・政党,ロシア社会民主労働党,ろしあしゃかいみんしゅろうどうとう,RSDLP,近代,ヨーロッパ,ロシア帝国,1898年以後,1898,WH-001065-B02,beginner,時期,time,「ロシア社会民主労働党」が使用・展開されたのはいつ？,1898年以後,1898年以後,,,,世界史の窓（章節別用語リスト）,https://www.y-history.net/appendix/appendix-list.html
世界史段階別デッキ｜Deck 3｜主要王朝・人物・制度の穴埋め400語,WH-001065,1065,Deck 3｜標準,組織・政党,ロシア社会民主労働党,ろしあしゃかいみんしゅろうどうとう,RSDLP,近代,ヨーロッパ,ロシア帝国,1898年以後,1898,WH-001065-B03,beginner,関連,relation,「ロシア社会民主労働党」について、分裂した二派は？,ボリシェヴィキとメンシェヴィキ,ボリシェヴィキとメンシェヴィキ,,,,世界史の窓（章節別用語リスト）,https://www.y-history.net/appendix/appendix-list.html
世界史段階別デッキ｜Deck 3｜主要王朝・人物・制度の穴埋め400語,WH-001065,1065,Deck 3｜標準,組織・政党,ロシア社会民主労働党,ろしあしゃかいみんしゅろうどうとう,RSDLP,近代,ヨーロッパ,ロシア帝国,1898年以後,1898,WH-001065-R01,reverse,複合説明,reverse,何をした？,ロシア帝国を主な舞台に、**ロシア社会民主労働党**は、1898年にロシアのマルクス主義者が結成した革命政党である。1903年の党大会で組織論をめぐり、**レーニン**のボリシェヴィキと**マルトフ**のメンシェヴィキへ分裂した。,ロシア社会民主労働党|レーニン|マルトフ,,,,世界史の窓（章節別用語リスト）,https://www.y-history.net/appendix/appendix-list.html
世界史段階別デッキ｜Deck 3｜主要王朝・人物・制度の穴埋め400語,WH-001065,1065,Deck 3｜標準,組織・政党,ロシア社会民主労働党,ろしあしゃかいみんしゅろうどうとう,RSDLP,近代,ヨーロッパ,ロシア帝国,1898年以後,1898,WH-001065-R02,reverse,時期,time,「ロシア社会民主労働党」が使用・展開されたのはいつ？,**1898年以後**,1898年以後,,,,世界史の窓（章節別用語リスト）,https://www.y-history.net/appendix/appendix-list.html
世界史段階別デッキ｜Deck 3｜主要王朝・人物・制度の穴埋め400語,WH-001065,1065,Deck 3｜標準,組織・政党,ロシア社会民主労働党,ろしあしゃかいみんしゅろうどうとう,RSDLP,近代,ヨーロッパ,ロシア帝国,1898年以後,1898,WH-001065-I01,integrated,統合説明,integrated,「ロシア社会民主労働党」について説明せよ。,**1898年以後**、ロシア帝国を主な舞台に、**ロシア社会民主労働党**は、1898年にロシアのマルクス主義者が結成した革命政党である。1903年の党大会で組織論をめぐり、**レーニン**のボリシェヴィキと**マルトフ**のメンシェヴィキへ分裂した。,ロシア社会民主労働党|1898年以後|レーニン|マルトフ,,,,世界史の窓（章節別用語リスト）,https://www.y-history.net/appendix/appendix-list.html
世界史段階別デッキ｜Deck 3｜主要王朝・人物・制度の穴埋め400語,WH-001100,1100,Deck 3｜標準,人物,康有為,こうゆうい,,近代,東アジア,清朝中国・北京,19世紀末〜20世紀初頭,1898,WH-001100-B01,beginner,用語の特定,identify,光緒帝(こうしょてい)を動かして戊戌の変法を進め、立憲君主制を目指した改革思想家は？,康有為(こうゆうい),康有為,,,,世界史の窓（章節別用語リスト）,https://www.y-history.net/appendix/appendix-list.html
世界史段階別デッキ｜Deck 3｜主要王朝・人物・制度の穴埋め400語,WH-001100,1100,Deck 3｜標準,人物,康有為,こうゆうい,,近代,東アジア,清朝中国・北京,19世紀末〜20世紀初頭,1898,WH-001100-B02,beginner,時期,time,「康有為(こうゆうい)」が主に活動したのはいつ？,19世紀末〜20世紀初頭,19世紀末〜20世紀初頭,,,,世界史の窓（章節別用語リスト）,https://www.y-history.net/appendix/appendix-list.html
世界史段階別デッキ｜Deck 3｜主要王朝・人物・制度の穴埋め400語,WH-001100,1100,Deck 3｜標準,人物,康有為,こうゆうい,,近代,東アジア,清朝中国・北京,19世紀末〜20世紀初頭,1898,WH-001100-B03,beginner,内容,content,「康有為(こうゆうい)」について、主導した改革は？,戊戌の変法,戊戌の変法,,,,世界史の窓（章節別用語リスト）,https://www.y-history.net/appendix/appendix-list.html
世界史段階別デッキ｜Deck 3｜主要王朝・人物・制度の穴埋め400語,WH-001100,1100,Deck 3｜標準,人物,康有為,こうゆうい,,近代,東アジア,清朝中国・北京,19世紀末〜20世紀初頭,1898,WH-001100-R01,reverse,複合説明,reverse,何をした？,清朝中国・北京(ぺきん)を主な舞台に、**康有為(こうゆうい)**は、儒教を改革思想として再解釈し、日清戦争後に制度の全面的近代化を主張した。1898年に**光緒帝(こうしょてい)**の支持を得て**戊戌の変法**を進めたが、西太后の政変で亡命した。,康有為|光緒帝|戊戌の変法,,,,世界史の窓（章節別用語リスト）,https://www.y-history.net/appendix/appendix-list.html
世界史段階別デッキ｜Deck 3｜主要王朝・人物・制度の穴埋め400語,WH-001100,1100,Deck 3｜標準,人物,康有為,こうゆうい,,近代,東アジア,清朝中国・北京,19世紀末〜20世紀初頭,1898,WH-001100-R02,reverse,時期,time,「康有為(こうゆうい)」が主に活動したのはいつ？,**19世紀末〜20世紀初頭**,19世紀末〜20世紀初頭,,,,世界史の窓（章節別用語リスト）,https://www.y-history.net/appendix/appendix-list.html
世界史段階別デッキ｜Deck 3｜主要王朝・人物・制度の穴埋め400語,WH-001100,1100,Deck 3｜標準,人物,康有為,こうゆうい,,近代,東アジア,清朝中国・北京,19世紀末〜20世紀初頭,1898,WH-001100-I01,integrated,統合説明,integrated,「康有為(こうゆうい)」について説明せよ。,**19世紀末〜20世紀初頭**、清朝中国・北京(ぺきん)を主な舞台に、**康有為(こうゆうい)**は、儒教を改革思想として再解釈し、日清戦争後に制度の全面的近代化を主張した。1898年に**光緒帝(こうしょてい)**の支持を得て**戊戌の変法**を進めたが、西太后の政変で亡命した。,康有為|19世紀末〜20世紀初頭|光緒帝|戊戌の変法,,,,世界史の窓（章節別用語リスト）,https://www.y-history.net/appendix/appendix-list.html
世界史段階別デッキ｜Deck 3｜主要王朝・人物・制度の穴埋め400語,WH-001102,1102,Deck 3｜標準,運動,戊戌の変法,ぼじゅつのへんぽう,百日維新,近代,東アジア,清朝中国・北京,1898年,1898,WH-001102-B01,beginner,用語の特定,identify,光緒帝(こうしょてい)が康有為(こうゆうい)・梁啓超(りょうけいちょう)を用いて教育・行政・軍事の近代化を図った短期改革は？,戊戌の変法,戊戌の変法,百日維新,,,世界史の窓（章節別用語リスト）,https://www.y-history.net/appendix/appendix-list.html
世界史段階別デッキ｜Deck 3｜主要王朝・人物・制度の穴埋め400語,WH-001102,1102,Deck 3｜標準,運動,戊戌の変法,ぼじゅつのへんぽう,百日維新,近代,東アジア,清朝中国・北京,1898年,1898,WH-001102-B02,beginner,時期,time,「戊戌の変法」が盛んだったのはいつ？,1898年,1898年,,,,世界史の窓（章節別用語リスト）,https://www.y-history.net/appendix/appendix-list.html
世界史段階別デッキ｜Deck 3｜主要王朝・人物・制度の穴埋め400語,WH-001102,1102,Deck 3｜標準,運動,戊戌の変法,ぼじゅつのへんぽう,百日維新,近代,東アジア,清朝中国・北京,1898年,1898,WH-001102-B03,beginner,中心人物,person,「戊戌の変法」について、終わらせた人物は？,西太后,西太后,,,,世界史の窓（章節別用語リスト）,https://www.y-history.net/appendix/appendix-list.html
世界史段階別デッキ｜Deck 3｜主要王朝・人物・制度の穴埋め400語,WH-001102,1102,Deck 3｜標準,運動,戊戌の変法,ぼじゅつのへんぽう,百日維新,近代,東アジア,清朝中国・北京,1898年,1898,WH-001102-R01,reverse,複合説明,reverse,何が起きた？,清朝中国・北京(ぺきん)を主な舞台に、**戊戌の変法**は、日清戦争敗北後、**光緒帝(こうしょてい)**が康有為(こうゆうい)・梁啓超(りょうけいちょう)を登用し、官制・学校・産業・軍制を改革しようとした。約100日で**西太后**の政変により挫折したため百日維新とも呼ばれる。,戊戌の変法|光緒帝|西太后,,,,世界史の窓（章節別用語リスト）,https://www.y-history.net/appendix/appendix-list.html
世界史段階別デッキ｜Deck 3｜主要王朝・人物・制度の穴埋め400語,WH-001102,1102,Deck 3｜標準,運動,戊戌の変法,ぼじゅつのへんぽう,百日維新,近代,東アジア,清朝中国・北京,1898年,1898,WH-001102-R02,reverse,時期,time,「戊戌の変法」が盛んだったのはいつ？,**1898年**,1898年,,,,世界史の窓（章節別用語リスト）,https://www.y-history.net/appendix/appendix-list.html
世界史段階別デッキ｜Deck 3｜主要王朝・人物・制度の穴埋め400語,WH-001102,1102,Deck 3｜標準,運動,戊戌の変法,ぼじゅつのへんぽう,百日維新,近代,東アジア,清朝中国・北京,1898年,1898,WH-001102-I01,integrated,統合説明,integrated,「戊戌の変法」について説明せよ。,**1898年**、清朝中国・北京(ぺきん)を主な舞台に、**戊戌の変法**は、日清戦争敗北後、**光緒帝(こうしょてい)**が康有為(こうゆうい)・梁啓超(りょうけいちょう)を登用し、官制・学校・産業・軍制を改革しようとした。約100日で**西太后**の政変により挫折したため百日維新とも呼ばれる。,戊戌の変法|1898年|光緒帝|西太后,,,,世界史の窓（章節別用語リスト）,https://www.y-history.net/appendix/appendix-list.html
世界史段階別デッキ｜Deck 3｜主要王朝・人物・制度の穴埋め400語,WH-001056,1056,Deck 3｜標準,組織・政党,イギリス労働党,いぎりすろうどうとう,労働党,近代,ヨーロッパ,イギリス,1900年以後,1900,WH-001056-B01,beginner,用語の特定,identify,労働組合と社会主義団体を基盤に成立し、自由党に代わる二大政党の一つとなった政党は？,イギリス労働党,イギリス労働党,労働党,,,世界史の窓（章節別用語リスト）,https://www.y-history.net/appendix/appendix-list.html
世界史段階別デッキ｜Deck 3｜主要王朝・人物・制度の穴埋め400語,WH-001056,1056,Deck 3｜標準,組織・政党,イギリス労働党,いぎりすろうどうとう,労働党,近代,ヨーロッパ,イギリス,1900年以後,1900,WH-001056-B02,beginner,時期,time,「イギリス労働党」が使用・展開されたのはいつ？,1900年以後,1900年以後,,,,世界史の窓（章節別用語リスト）,https://www.y-history.net/appendix/appendix-list.html
世界史段階別デッキ｜Deck 3｜主要王朝・人物・制度の穴埋め400語,WH-001056,1056,Deck 3｜標準,組織・政党,イギリス労働党,いぎりすろうどうとう,労働党,近代,ヨーロッパ,イギリス,1900年以後,1900,WH-001056-B03,beginner,内容,content,「イギリス労働党」について、主な支持基盤は？,労働組合,労働組合,,,,世界史の窓（章節別用語リスト）,https://www.y-history.net/appendix/appendix-list.html
世界史段階別デッキ｜Deck 3｜主要王朝・人物・制度の穴埋め400語,WH-001056,1056,Deck 3｜標準,組織・政党,イギリス労働党,いぎりすろうどうとう,労働党,近代,ヨーロッパ,イギリス,1900年以後,1900,WH-001056-R01,reverse,複合説明,reverse,何をした？,イギリスを主な舞台に、**イギリス労働党**は、1900年に**労働代表委員会**として発足し、労働組合・独立労働党・フェビアン協会などを結集した。1906年に労働党と改称し、20世紀に保守党と政権を競う主要政党となった。,イギリス労働党|労働代表委員会,,,,世界史の窓（章節別用語リスト）,https://www.y-history.net/appendix/appendix-list.html
世界史段階別デッキ｜Deck 3｜主要王朝・人物・制度の穴埋め400語,WH-001056,1056,Deck 3｜標準,組織・政党,イギリス労働党,いぎりすろうどうとう,労働党,近代,ヨーロッパ,イギリス,1900年以後,1900,WH-001056-R02,reverse,時期,time,「イギリス労働党」が使用・展開されたのはいつ？,**1900年以後**,1900年以後,,,,世界史の窓（章節別用語リスト）,https://www.y-history.net/appendix/appendix-list.html
世界史段階別デッキ｜Deck 3｜主要王朝・人物・制度の穴埋め400語,WH-001056,1056,Deck 3｜標準,組織・政党,イギリス労働党,いぎりすろうどうとう,労働党,近代,ヨーロッパ,イギリス,1900年以後,1900,WH-001056-I01,integrated,統合説明,integrated,「イギリス労働党」について説明せよ。,**1900年以後**、イギリスを主な舞台に、**イギリス労働党**は、1900年に**労働代表委員会**として発足し、労働組合・独立労働党・フェビアン協会などを結集した。1906年に労働党と改称し、20世紀に保守党と政権を競う主要政党となった。,イギリス労働党|1900年以後|労働代表委員会,,,,世界史の窓（章節別用語リスト）,https://www.y-history.net/appendix/appendix-list.html
世界史段階別デッキ｜Deck 3｜主要王朝・人物・制度の穴埋め400語,WH-001075,1075,Deck 3｜標準,人物,セオドア＝ローズヴェルト,せおどあるーずゔぇると,,近代,アメリカ,アメリカ合衆国・カリブ海・太平洋,1901〜1909年大統領,1901,WH-001075-B01,beginner,用語の特定,identify,トラスト規制のスクエア＝ディールと棍棒外交を進め、パナマ運河建設を主導した大統領は？,セオドア＝ローズヴェルト,セオドア＝ローズヴェルト,,,,世界史の窓（章節別用語リスト）,https://www.y-history.net/appendix/appendix-list.html
世界史段階別デッキ｜Deck 3｜主要王朝・人物・制度の穴埋め400語,WH-001075,1075,Deck 3｜標準,人物,セオドア＝ローズヴェルト,せおどあるーずゔぇると,,近代,アメリカ,アメリカ合衆国・カリブ海・太平洋,1901〜1909年大統領,1901,WH-001075-B02,beginner,時期,time,「セオドア＝ローズヴェルト」が主に活動したのはいつ？,1901〜1909年大統領,1901〜1909年大統領,,,,世界史の窓（章節別用語リスト）,https://www.y-history.net/appendix/appendix-list.html
世界史段階別デッキ｜Deck 3｜主要王朝・人物・制度の穴埋め400語,WH-001075,1075,Deck 3｜標準,人物,セオドア＝ローズヴェルト,せおどあるーずゔぇると,,近代,アメリカ,アメリカ合衆国・カリブ海・太平洋,1901〜1909年大統領,1901,WH-001075-B03,beginner,内容,content,「セオドア＝ローズヴェルト」について、国内政策の標語は？,スクエア＝ディール,スクエア＝ディール,,,,世界史の窓（章節別用語リスト）,https://www.y-history.net/appendix/appendix-list.html
世界史段階別デッキ｜Deck 3｜主要王朝・人物・制度の穴埋め400語,WH-001075,1075,Deck 3｜標準,人物,セオドア＝ローズヴェルト,せおどあるーずゔぇると,,近代,アメリカ,アメリカ合衆国・カリブ海・太平洋,1901〜1909年大統領,1901,WH-001075-R01,reverse,複合説明,reverse,何をした？,アメリカ合衆国・カリブ海・太平洋を主な舞台に、**セオドア＝ローズヴェルト**は、革新主義的大統領として**スクエア＝ディール**を掲げ、鉄道・食品・巨大トラストを規制し、自然保護を進めた。外交では**棍棒外交**を行い、パナマ独立と運河建設を支援した。,セオドア＝ローズヴェルト|スクエア＝ディール|棍棒外交,,,,世界史の窓（章節別用語リスト）,https://www.y-history.net/appendix/appendix-list.html
世界史段階別デッキ｜Deck 3｜主要王朝・人物・制度の穴埋め400語,WH-001075,1075,Deck 3｜標準,人物,セオドア＝ローズヴェルト,せおどあるーずゔぇると,,近代,アメリカ,アメリカ合衆国・カリブ海・太平洋,1901〜1909年大統領,1901,WH-001075-R02,reverse,時期,time,「セオドア＝ローズヴェルト」が主に活動したのはいつ？,**1901〜1909年大統領**,1901〜1909年大統領,,,,世界史の窓（章節別用語リスト）,https://www.y-history.net/appendix/appendix-list.html
世界史段階別デッキ｜Deck 3｜主要王朝・人物・制度の穴埋め400語,WH-001075,1075,Deck 3｜標準,人物,セオドア＝ローズヴェルト,せおどあるーずゔぇると,,近代,アメリカ,アメリカ合衆国・カリブ海・太平洋,1901〜1909年大統領,1901,WH-001075-I01,integrated,統合説明,integrated,「セオドア＝ローズヴェルト」について説明せよ。,**1901〜1909年大統領**、アメリカ合衆国・カリブ海・太平洋を主な舞台に、**セオドア＝ローズヴェルト**は、革新主義的大統領として**スクエア＝ディール**を掲げ、鉄道・食品・巨大トラストを規制し、自然保護を進めた。外交では**棍棒外交**を行い、パナマ独立と運河建設を支援した。,セオドア＝ローズヴェルト|1901〜1909年大統領|スクエア＝ディール|棍棒外交,,,,世界史の窓（章節別用語リスト）,https://www.y-history.net/appendix/appendix-list.html
世界史段階別デッキ｜Deck 3｜主要王朝・人物・制度の穴埋め400語,WH-001105,1105,Deck 3｜標準,運動,清末新政,しんまつしんせい,光緒新政,近代,東アジア,清朝中国,1901〜1911年,1901,WH-001105-B01,beginner,用語の特定,identify,義和団事件(ぎわだんじけん)後、清朝が新軍・新式教育・立憲準備などを進めた改革は？,清末新政,清末新政,光緒新政,,,世界史の窓（章節別用語リスト）,https://www.y-history.net/appendix/appendix-list.html
世界史段階別デッキ｜Deck 3｜主要王朝・人物・制度の穴埋め400語,WH-001105,1105,Deck 3｜標準,運動,清末新政,しんまつしんせい,光緒新政,近代,東アジア,清朝中国,1901〜1911年,1901,WH-001105-B02,beginner,時期,time,「清末新政」が盛んだったのはいつ？,1901〜1911年,1901〜1911年,,,,世界史の窓（章節別用語リスト）,https://www.y-history.net/appendix/appendix-list.html
世界史段階別デッキ｜Deck 3｜主要王朝・人物・制度の穴埋め400語,WH-001105,1105,Deck 3｜標準,運動,清末新政,しんまつしんせい,光緒新政,近代,東アジア,清朝中国,1901〜1911年,1901,WH-001105-B03,beginner,内容,content,「清末新政」について、廃止した伝統制度は？,科挙(かきょ),科挙,,,,世界史の窓（章節別用語リスト）,https://www.y-history.net/appendix/appendix-list.html
世界史段階別デッキ｜Deck 3｜主要王朝・人物・制度の穴埋め400語,WH-001105,1105,Deck 3｜標準,運動,清末新政,しんまつしんせい,光緒新政,近代,東アジア,清朝中国,1901〜1911年,1901,WH-001105-R01,reverse,複合説明,reverse,何が起きた？,清朝中国を主な舞台に、**清末新政**は、北京議定書(ぺきんぎていしょ)後の危機に対し、清朝が軍制・教育・警察・官制・産業を近代化し、予備立憲を進めた改革である。**科挙廃止(かきょはいし)**や新軍育成は新知識人・軍人を増やしたが、革命を防げなかった。,清末新政|科挙廃止,,,,世界史の窓（章節別用語リスト）,https://www.y-history.net/appendix/appendix-list.html
世界史段階別デッキ｜Deck 3｜主要王朝・人物・制度の穴埋め400語,WH-001105,1105,Deck 3｜標準,運動,清末新政,しんまつしんせい,光緒新政,近代,東アジア,清朝中国,1901〜1911年,1901,WH-001105-R02,reverse,時期,time,「清末新政」が盛んだったのはいつ？,**1901〜1911年**,1901〜1911年,,,,世界史の窓（章節別用語リスト）,https://www.y-history.net/appendix/appendix-list.html
世界史段階別デッキ｜Deck 3｜主要王朝・人物・制度の穴埋め400語,WH-001105,1105,Deck 3｜標準,運動,清末新政,しんまつしんせい,光緒新政,近代,東アジア,清朝中国,1901〜1911年,1901,WH-001105-I01,integrated,統合説明,integrated,「清末新政」について説明せよ。,**1901〜1911年**、清朝中国を主な舞台に、**清末新政**は、北京議定書(ぺきんぎていしょ)後の危機に対し、清朝が軍制・教育・警察・官制・産業を近代化し、予備立憲を進めた改革である。**科挙廃止(かきょはいし)**や新軍育成は新知識人・軍人を増やしたが、革命を防げなかった。,清末新政|1901〜1911年|科挙廃止,,,,世界史の窓（章節別用語リスト）,https://www.y-history.net/appendix/appendix-list.html
世界史段階別デッキ｜Deck 3｜主要王朝・人物・制度の穴埋め400語,WH-001066,1066,Deck 3｜標準,組織・政党,メンシェヴィキ,めんしぇゔぃき,少数派,近代,ヨーロッパ,ロシア帝国,1903年以後,1903,WH-001066-B01,beginner,用語の特定,identify,マルトフを中心に大衆的な党組織とブルジョワ革命段階を重視したロシア社会民主労働党の一派は？,メンシェヴィキ,メンシェヴィキ,少数派,,,世界史の窓（章節別用語リスト）,https://www.y-history.net/appendix/appendix-list.html
世界史段階別デッキ｜Deck 3｜主要王朝・人物・制度の穴埋め400語,WH-001066,1066,Deck 3｜標準,組織・政党,メンシェヴィキ,めんしぇゔぃき,少数派,近代,ヨーロッパ,ロシア帝国,1903年以後,1903,WH-001066-B02,beginner,時期,time,「メンシェヴィキ」が使用・展開されたのはいつ？,1903年以後,1903年以後,,,,世界史の窓（章節別用語リスト）,https://www.y-history.net/appendix/appendix-list.html
世界史段階別デッキ｜Deck 3｜主要王朝・人物・制度の穴埋め400語,WH-001066,1066,Deck 3｜標準,組織・政党,メンシェヴィキ,めんしぇゔぃき,少数派,近代,ヨーロッパ,ロシア帝国,1903年以後,1903,WH-001066-B03,beginner,中心人物,person,「メンシェヴィキ」について、中心人物は？,マルトフ,マルトフ,,,,世界史の窓（章節別用語リスト）,https://www.y-history.net/appendix/appendix-list.html
世界史段階別デッキ｜Deck 3｜主要王朝・人物・制度の穴埋め400語,WH-001066,1066,Deck 3｜標準,組織・政党,メンシェヴィキ,めんしぇゔぃき,少数派,近代,ヨーロッパ,ロシア帝国,1903年以後,1903,WH-001066-R01,reverse,複合説明,reverse,何をした？,ロシア帝国を主な舞台に、**メンシェヴィキ**は、1903年にロシア社会民主労働党から分かれた**マルトフ**らの派で、広い党員資格と大衆政党を重視した。まず自由主義勢力とブルジョワ民主革命を進め、その後に社会主義へ移ると考えた。,メンシェヴィキ|マルトフ,,,,世界史の窓（章節別用語リスト）,https://www.y-history.net/appendix/appendix-list.html
世界史段階別デッキ｜Deck 3｜主要王朝・人物・制度の穴埋め400語,WH-001066,1066,Deck 3｜標準,組織・政党,メンシェヴィキ,めんしぇゔぃき,少数派,近代,ヨーロッパ,ロシア帝国,1903年以後,1903,WH-001066-R02,reverse,時期,time,「メンシェヴィキ」が使用・展開されたのはいつ？,**1903年以後**,1903年以後,,,,世界史の窓（章節別用語リスト）,https://www.y-history.net/appendix/appendix-list.html
世界史段階別デッキ｜Deck 3｜主要王朝・人物・制度の穴埋め400語,WH-001066,1066,Deck 3｜標準,組織・政党,メンシェヴィキ,めんしぇゔぃき,少数派,近代,ヨーロッパ,ロシア帝国,1903年以後,1903,WH-001066-I01,integrated,統合説明,integrated,「メンシェヴィキ」について説明せよ。,**1903年以後**、ロシア帝国を主な舞台に、**メンシェヴィキ**は、1903年にロシア社会民主労働党から分かれた**マルトフ**らの派で、広い党員資格と大衆政党を重視した。まず自由主義勢力とブルジョワ民主革命を進め、その後に社会主義へ移ると考えた。,メンシェヴィキ|1903年以後|マルトフ,,,,世界史の窓（章節別用語リスト）,https://www.y-history.net/appendix/appendix-list.html
世界史段階別デッキ｜Deck 3｜主要王朝・人物・制度の穴埋め400語,WH-001106,1106,Deck 3｜標準,制度・政策・法律,科挙廃止,かきょはいし,,近代,東アジア,清朝中国,1905年,1905,WH-001106-B01,beginner,用語の特定,identify,清末新政の一環として、儒教経典による官僚登用試験を停止した改革は？,科挙廃止(かきょはいし),科挙廃止,,,,世界史の窓（章節別用語リスト）,https://www.y-history.net/appendix/appendix-list.html
世界史段階別デッキ｜Deck 3｜主要王朝・人物・制度の穴埋め400語,WH-001106,1106,Deck 3｜標準,制度・政策・法律,科挙廃止,かきょはいし,,近代,東アジア,清朝中国,1905年,1905,WH-001106-B02,beginner,時期,time,「科挙廃止(かきょはいし)」が実施・整備されたのはいつ？,1905年,1905年,,,,世界史の窓（章節別用語リスト）,https://www.y-history.net/appendix/appendix-list.html
世界史段階別デッキ｜Deck 3｜主要王朝・人物・制度の穴埋め400語,WH-001106,1106,Deck 3｜標準,制度・政策・法律,科挙廃止,かきょはいし,,近代,東アジア,清朝中国,1905年,1905,WH-001106-B03,beginner,内容,content,「科挙廃止(かきょはいし)」について、代わりに整備されたものは？,新式学校制度,新式学校制度,,,,世界史の窓（章節別用語リスト）,https://www.y-history.net/appendix/appendix-list.html
世界史段階別デッキ｜Deck 3｜主要王朝・人物・制度の穴埋め400語,WH-001106,1106,Deck 3｜標準,制度・政策・法律,科挙廃止,かきょはいし,,近代,東アジア,清朝中国,1905年,1905,WH-001106-R01,reverse,複合説明,reverse,どんな制度・政策・法律？,清朝中国を主な舞台に、**科挙廃止(かきょはいし)**は、1905年、清朝は千年以上続いた**科挙(かきょ)**を廃止し、近代的な新式学校と海外留学を官僚・人材養成の中心へ移した。士大夫(したいふ)の伝統的出世経路を断ち、知識人社会を大きく変えた。,科挙廃止|科挙,,,,世界史の窓（章節別用語リスト）,https://www.y-history.net/appendix/appendix-list.html
世界史段階別デッキ｜Deck 3｜主要王朝・人物・制度の穴埋め400語,WH-001106,1106,Deck 3｜標準,制度・政策・法律,科挙廃止,かきょはいし,,近代,東アジア,清朝中国,1905年,1905,WH-001106-R02,reverse,時期,time,「科挙廃止(かきょはいし)」が実施・整備されたのはいつ？,**1905年**,1905年,,,,世界史の窓（章節別用語リスト）,https://www.y-history.net/appendix/appendix-list.html
世界史段階別デッキ｜Deck 3｜主要王朝・人物・制度の穴埋め400語,WH-001106,1106,Deck 3｜標準,制度・政策・法律,科挙廃止,かきょはいし,,近代,東アジア,清朝中国,1905年,1905,WH-001106-I01,integrated,統合説明,integrated,「科挙廃止(かきょはいし)」について説明せよ。,**1905年**、清朝中国を主な舞台に、**科挙廃止(かきょはいし)**は、1905年、清朝は千年以上続いた**科挙(かきょ)**を廃止し、近代的な新式学校と海外留学を官僚・人材養成の中心へ移した。士大夫(したいふ)の伝統的出世経路を断ち、知識人社会を大きく変えた。,科挙廃止|1905年|科挙,,,,世界史の窓（章節別用語リスト）,https://www.y-history.net/appendix/appendix-list.html
世界史段階別デッキ｜Deck 3｜主要王朝・人物・制度の穴埋め400語,WH-001128,1128,Deck 3｜標準,事件・革命,モロッコ事件,もろっこじけん,モロッコ危機,近代,アフリカ,モロッコ・ヨーロッパ外交,1905年・1911年,1905,WH-001128-B01,beginner,用語の特定,identify,ドイツがフランスのモロッコ支配へ挑戦し、英仏協商をかえって強めた二度の国際危機は？,モロッコ事件,モロッコ事件,モロッコ危機,,,世界史の窓（章節別用語リスト）,https://www.y-history.net/appendix/appendix-list.html
世界史段階別デッキ｜Deck 3｜主要王朝・人物・制度の穴埋め400語,WH-001128,1128,Deck 3｜標準,事件・革命,モロッコ事件,もろっこじけん,モロッコ危機,近代,アフリカ,モロッコ・ヨーロッパ外交,1905年・1911年,1905,WH-001128-B02,beginner,時期,time,「モロッコ事件」が起きたのはいつ？,1905年・1911年,1905年・1911年,,,,世界史の窓（章節別用語リスト）,https://www.y-history.net/appendix/appendix-list.html
世界史段階別デッキ｜Deck 3｜主要王朝・人物・制度の穴埋め400語,WH-001128,1128,Deck 3｜標準,事件・革命,モロッコ事件,もろっこじけん,モロッコ危機,近代,アフリカ,モロッコ・ヨーロッパ外交,1905年・1911年,1905,WH-001128-B03,beginner,関連,relation,「モロッコ事件」について、対立した中心二国は？,ドイツとフランス,ドイツとフランス,,,,世界史の窓（章節別用語リスト）,https://www.y-history.net/appendix/appendix-list.html
世界史段階別デッキ｜Deck 3｜主要王朝・人物・制度の穴埋め400語,WH-001128,1128,Deck 3｜標準,事件・革命,モロッコ事件,もろっこじけん,モロッコ危機,近代,アフリカ,モロッコ・ヨーロッパ外交,1905年・1911年,1905,WH-001128-R01,reverse,複合説明,reverse,何が起きた？,モロッコ・ヨーロッパ外交を主な舞台に、**モロッコ事件**は、第1次では皇帝ヴィルヘルム2世がタンジールを訪れモロッコ独立を支持し、第2次ではドイツ砲艦がアガディールへ入港した。いずれも**フランス**優位で決着し、ドイツの孤立と英仏接近を強めた。,モロッコ事件|フランス,,,,世界史の窓（章節別用語リスト）,https://www.y-history.net/appendix/appendix-list.html
世界史段階別デッキ｜Deck 3｜主要王朝・人物・制度の穴埋め400語,WH-001128,1128,Deck 3｜標準,事件・革命,モロッコ事件,もろっこじけん,モロッコ危機,近代,アフリカ,モロッコ・ヨーロッパ外交,1905年・1911年,1905,WH-001128-R02,reverse,時期,time,「モロッコ事件」が起きたのはいつ？,**1905年・1911年**,1905年・1911年,,,,世界史の窓（章節別用語リスト）,https://www.y-history.net/appendix/appendix-list.html
世界史段階別デッキ｜Deck 3｜主要王朝・人物・制度の穴埋め400語,WH-001128,1128,Deck 3｜標準,事件・革命,モロッコ事件,もろっこじけん,モロッコ危機,近代,アフリカ,モロッコ・ヨーロッパ外交,1905年・1911年,1905,WH-001128-I01,integrated,統合説明,integrated,「モロッコ事件」について説明せよ。,**1905年・1911年**、モロッコ・ヨーロッパ外交を主な舞台に、**モロッコ事件**は、第1次では皇帝ヴィルヘルム2世がタンジールを訪れモロッコ独立を支持し、第2次ではドイツ砲艦がアガディールへ入港した。いずれも**フランス**優位で決着し、ドイツの孤立と英仏接近を強めた。,モロッコ事件|1905年・1911年|フランス,,,,世界史の窓（章節別用語リスト）,https://www.y-history.net/appendix/appendix-list.html
世界史段階別デッキ｜Deck 3｜主要王朝・人物・制度の穴埋め400語,WH-001130,1130,Deck 3｜標準,制度・政策・法律,シュリーフェン＝プラン,しゅりーふぇんぷらん,シュリーフェン計画,近代,ヨーロッパ,ドイツ・ベルギー・フランス・ロシア,20世紀初頭,1905,WH-001130-B01,beginner,用語の特定,identify,ドイツが二正面戦争を避けるため、ベルギー経由でフランスを先に破り、その後ロシアへ向かうとした作戦は？,シュリーフェン＝プラン,シュリーフェン＝プラン,シュリーフェン計画,,,世界史の窓（章節別用語リスト）,https://www.y-history.net/appendix/appendix-list.html
世界史段階別デッキ｜Deck 3｜主要王朝・人物・制度の穴埋め400語,WH-001130,1130,Deck 3｜標準,制度・政策・法律,シュリーフェン＝プラン,しゅりーふぇんぷらん,シュリーフェン計画,近代,ヨーロッパ,ドイツ・ベルギー・フランス・ロシア,20世紀初頭,1905,WH-001130-B02,beginner,時期,time,「シュリーフェン＝プラン」が実施・整備されたのはいつ？,20世紀初頭,20世紀初頭,,,,世界史の窓（章節別用語リスト）,https://www.y-history.net/appendix/appendix-list.html
世界史段階別デッキ｜Deck 3｜主要王朝・人物・制度の穴埋め400語,WH-001130,1130,Deck 3｜標準,制度・政策・法律,シュリーフェン＝プラン,しゅりーふぇんぷらん,シュリーフェン計画,近代,ヨーロッパ,ドイツ・ベルギー・フランス・ロシア,20世紀初頭,1905,WH-001130-B03,beginner,内容,content,「シュリーフェン＝プラン」について、先に攻撃する国は？,フランス,フランス,,,,世界史の窓（章節別用語リスト）,https://www.y-history.net/appendix/appendix-list.html
世界史段階別デッキ｜Deck 3｜主要王朝・人物・制度の穴埋め400語,WH-001130,1130,Deck 3｜標準,制度・政策・法律,シュリーフェン＝プラン,しゅりーふぇんぷらん,シュリーフェン計画,近代,ヨーロッパ,ドイツ・ベルギー・フランス・ロシア,20世紀初頭,1905,WH-001130-R01,reverse,複合説明,reverse,どんな制度・政策・法律？,ドイツ・ベルギー・フランス・ロシアを主な舞台に、**シュリーフェン＝プラン**は、ロシアの動員が遅いと想定し、主力を西部へ集中して中立国**ベルギー**経由でフランスを短期撃破し、その後東部へ転用する計画である。1914年に実行されたがマルヌの戦いで失敗した。,シュリーフェン＝プラン|ベルギー,,,,世界史の窓（章節別用語リスト）,https://www.y-history.net/appendix/appendix-list.html
世界史段階別デッキ｜Deck 3｜主要王朝・人物・制度の穴埋め400語,WH-001130,1130,Deck 3｜標準,制度・政策・法律,シュリーフェン＝プラン,しゅりーふぇんぷらん,シュリーフェン計画,近代,ヨーロッパ,ドイツ・ベルギー・フランス・ロシア,20世紀初頭,1905,WH-001130-R02,reverse,時期,time,「シュリーフェン＝プラン」が実施・整備されたのはいつ？,**20世紀初頭**,20世紀初頭,,,,世界史の窓（章節別用語リスト）,https://www.y-history.net/appendix/appendix-list.html
世界史段階別デッキ｜Deck 3｜主要王朝・人物・制度の穴埋め400語,WH-001130,1130,Deck 3｜標準,制度・政策・法律,シュリーフェン＝プラン,しゅりーふぇんぷらん,シュリーフェン計画,近代,ヨーロッパ,ドイツ・ベルギー・フランス・ロシア,20世紀初頭,1905,WH-001130-I01,integrated,統合説明,integrated,「シュリーフェン＝プラン」について説明せよ。,**20世紀初頭**、ドイツ・ベルギー・フランス・ロシアを主な舞台に、**シュリーフェン＝プラン**は、ロシアの動員が遅いと想定し、主力を西部へ集中して中立国**ベルギー**経由でフランスを短期撃破し、その後東部へ転用する計画である。1914年に実行されたがマルヌの戦いで失敗した。,シュリーフェン＝プラン|20世紀初頭|ベルギー,,,,世界史の窓（章節別用語リスト）,https://www.y-history.net/appendix/appendix-list.html
世界史段階別デッキ｜Deck 3｜主要王朝・人物・制度の穴埋め400語,WH-001129,1129,Deck 3｜標準,事件・革命,ボスニア併合,ぼすにあへいごう,ボスニア併合危機,近代,ヨーロッパ,バルカン半島・ボスニア＝ヘルツェゴヴィナ,1908年,1908,WH-001129-B01,beginner,用語の特定,identify,オーストリア＝ハンガリーが管理下のボスニアを正式併合し、セルビア・ロシアと緊張した事件は？,ボスニア併合,ボスニア併合,ボスニア併合危機,,,世界史の窓（章節別用語リスト）,https://www.y-history.net/appendix/appendix-list.html
世界史段階別デッキ｜Deck 3｜主要王朝・人物・制度の穴埋め400語,WH-001129,1129,Deck 3｜標準,事件・革命,ボスニア併合,ぼすにあへいごう,ボスニア併合危機,近代,ヨーロッパ,バルカン半島・ボスニア＝ヘルツェゴヴィナ,1908年,1908,WH-001129-B02,beginner,時期,time,「ボスニア併合」が起きたのはいつ？,1908年,1908年,,,,世界史の窓（章節別用語リスト）,https://www.y-history.net/appendix/appendix-list.html
世界史段階別デッキ｜Deck 3｜主要王朝・人物・制度の穴埋め400語,WH-001129,1129,Deck 3｜標準,事件・革命,ボスニア併合,ぼすにあへいごう,ボスニア併合危機,近代,ヨーロッパ,バルカン半島・ボスニア＝ヘルツェゴヴィナ,1908年,1908,WH-001129-B03,beginner,内容,content,「ボスニア併合」について、反発した国は？,セルビア,セルビア,,,,世界史の窓（章節別用語リスト）,https://www.y-history.net/appendix/appendix-list.html
世界史段階別デッキ｜Deck 3｜主要王朝・人物・制度の穴埋め400語,WH-001129,1129,Deck 3｜標準,事件・革命,ボスニア併合,ぼすにあへいごう,ボスニア併合危機,近代,ヨーロッパ,バルカン半島・ボスニア＝ヘルツェゴヴィナ,1908年,1908,WH-001129-R01,reverse,複合説明,reverse,何が起きた？,バルカン半島・ボスニア＝ヘルツェゴヴィナを主な舞台に、**ボスニア併合**は、ベルリン会議以来占領統治していたボスニア＝ヘルツェゴヴィナを**オーストリア＝ハンガリー**が正式に併合した。南スラヴ統合を目指すセルビアとロシアが反発し、第一次世界大戦前のバルカン緊張を高めた。,ボスニア併合|オーストリア＝ハンガリー,,,,世界史の窓（章節別用語リスト）,https://www.y-history.net/appendix/appendix-list.html
世界史段階別デッキ｜Deck 3｜主要王朝・人物・制度の穴埋め400語,WH-001129,1129,Deck 3｜標準,事件・革命,ボスニア併合,ぼすにあへいごう,ボスニア併合危機,近代,ヨーロッパ,バルカン半島・ボスニア＝ヘルツェゴヴィナ,1908年,1908,WH-001129-R02,reverse,時期,time,「ボスニア併合」が起きたのはいつ？,**1908年**,1908年,,,,世界史の窓（章節別用語リスト）,https://www.y-history.net/appendix/appendix-list.html
世界史段階別デッキ｜Deck 3｜主要王朝・人物・制度の穴埋め400語,WH-001129,1129,Deck 3｜標準,事件・革命,ボスニア併合,ぼすにあへいごう,ボスニア併合危機,近代,ヨーロッパ,バルカン半島・ボスニア＝ヘルツェゴヴィナ,1908年,1908,WH-001129-I01,integrated,統合説明,integrated,「ボスニア併合」について説明せよ。,**1908年**、バルカン半島・ボスニア＝ヘルツェゴヴィナを主な舞台に、**ボスニア併合**は、ベルリン会議以来占領統治していたボスニア＝ヘルツェゴヴィナを**オーストリア＝ハンガリー**が正式に併合した。南スラヴ統合を目指すセルビアとロシアが反発し、第一次世界大戦前のバルカン緊張を高めた。,ボスニア併合|1908年|オーストリア＝ハンガリー,,,,世界史の窓（章節別用語リスト）,https://www.y-history.net/appendix/appendix-list.html
世界史段階別デッキ｜Deck 3｜主要王朝・人物・制度の穴埋め400語,WH-001080,1080,Deck 3｜標準,人物,サパタ,さぱた,エミリアーノ＝サパタ,近代,アメリカ,メキシコ南部・モレロス州,メキシコ革命期,1911,WH-001080-B01,beginner,用語の特定,identify,「土地と自由」を掲げ、アヤラ綱領で農地返還を要求したメキシコ革命の農民指導者は？,サパタ,サパタ,エミリアーノ＝サパタ,,,世界史の窓（章節別用語リスト）,https://www.y-history.net/appendix/appendix-list.html
世界史段階別デッキ｜Deck 3｜主要王朝・人物・制度の穴埋め400語,WH-001080,1080,Deck 3｜標準,人物,サパタ,さぱた,エミリアーノ＝サパタ,近代,アメリカ,メキシコ南部・モレロス州,メキシコ革命期,1911,WH-001080-B02,beginner,時期,time,「サパタ」が主に活動したのはいつ？,メキシコ革命期,メキシコ革命期,,,,世界史の窓（章節別用語リスト）,https://www.y-history.net/appendix/appendix-list.html
世界史段階別デッキ｜Deck 3｜主要王朝・人物・制度の穴埋め400語,WH-001080,1080,Deck 3｜標準,人物,サパタ,さぱた,エミリアーノ＝サパタ,近代,アメリカ,メキシコ南部・モレロス州,メキシコ革命期,1911,WH-001080-B03,beginner,内容,content,「サパタ」について、発表した綱領は？,アヤラ綱領,アヤラ綱領,,,,世界史の窓（章節別用語リスト）,https://www.y-history.net/appendix/appendix-list.html
世界史段階別デッキ｜Deck 3｜主要王朝・人物・制度の穴埋め400語,WH-001080,1080,Deck 3｜標準,人物,サパタ,さぱた,エミリアーノ＝サパタ,近代,アメリカ,メキシコ南部・モレロス州,メキシコ革命期,1911,WH-001080-R01,reverse,複合説明,reverse,何をした？,メキシコ南部・モレロス州を主な舞台に、**サパタ**は、南部モレロス州の農民軍を率い、**「土地と自由」**を掲げた。1911年の**アヤラ綱領**で大土地所有の没収と村落共同体への土地返還を要求し、革命の農地改革派を代表した。,サパタ|土地と自由|アヤラ綱領,,,,世界史の窓（章節別用語リスト）,https://www.y-history.net/appendix/appendix-list.html
世界史段階別デッキ｜Deck 3｜主要王朝・人物・制度の穴埋め400語,WH-001080,1080,Deck 3｜標準,人物,サパタ,さぱた,エミリアーノ＝サパタ,近代,アメリカ,メキシコ南部・モレロス州,メキシコ革命期,1911,WH-001080-R02,reverse,時期,time,「サパタ」が主に活動したのはいつ？,**メキシコ革命期**,メキシコ革命期,,,,世界史の窓（章節別用語リスト）,https://www.y-history.net/appendix/appendix-list.html
世界史段階別デッキ｜Deck 3｜主要王朝・人物・制度の穴埋め400語,WH-001080,1080,Deck 3｜標準,人物,サパタ,さぱた,エミリアーノ＝サパタ,近代,アメリカ,メキシコ南部・モレロス州,メキシコ革命期,1911,WH-001080-I01,integrated,統合説明,integrated,「サパタ」について説明せよ。,**メキシコ革命期**、メキシコ南部・モレロス州を主な舞台に、**サパタ**は、南部モレロス州の農民軍を率い、**「土地と自由」**を掲げた。1911年の**アヤラ綱領**で大土地所有の没収と村落共同体への土地返還を要求し、革命の農地改革派を代表した。,サパタ|メキシコ革命期|土地と自由|アヤラ綱領,,,,世界史の窓（章節別用語リスト）,https://www.y-history.net/appendix/appendix-list.html
世界史段階別デッキ｜Deck 3｜主要王朝・人物・制度の穴埋め400語,WH-001081,1081,Deck 3｜標準,人物,パンチョ＝ビリャ,ぱんちょびりゃ,フランシスコ＝ビリャ,近代,アメリカ,メキシコ北部,メキシコ革命期,1913,WH-001081-B01,beginner,用語の特定,identify,メキシコ革命で北部軍を率い、ディアス・ウエルタ政権と戦った革命指導者は？,パンチョ＝ビリャ,パンチョ＝ビリャ,フランシスコ＝ビリャ,,,世界史の窓（章節別用語リスト）,https://www.y-history.net/appendix/appendix-list.html
世界史段階別デッキ｜Deck 3｜主要王朝・人物・制度の穴埋め400語,WH-001081,1081,Deck 3｜標準,人物,パンチョ＝ビリャ,ぱんちょびりゃ,フランシスコ＝ビリャ,近代,アメリカ,メキシコ北部,メキシコ革命期,1913,WH-001081-B02,beginner,時期,time,「パンチョ＝ビリャ」が主に活動したのはいつ？,メキシコ革命期,メキシコ革命期,,,,世界史の窓（章節別用語リスト）,https://www.y-history.net/appendix/appendix-list.html
世界史段階別デッキ｜Deck 3｜主要王朝・人物・制度の穴埋め400語,WH-001081,1081,Deck 3｜標準,人物,パンチョ＝ビリャ,ぱんちょびりゃ,フランシスコ＝ビリャ,近代,アメリカ,メキシコ北部,メキシコ革命期,1913,WH-001081-B03,beginner,地域,place,「パンチョ＝ビリャ」について、主な活動地域は？,メキシコ北部,メキシコ北部,,,,世界史の窓（章節別用語リスト）,https://www.y-history.net/appendix/appendix-list.html
世界史段階別デッキ｜Deck 3｜主要王朝・人物・制度の穴埋め400語,WH-001081,1081,Deck 3｜標準,人物,パンチョ＝ビリャ,ぱんちょびりゃ,フランシスコ＝ビリャ,近代,アメリカ,メキシコ北部,メキシコ革命期,1913,WH-001081-R01,reverse,複合説明,reverse,何をした？,メキシコ北部を主な舞台に、**パンチョ＝ビリャ**は、北部の騎兵軍**北部師団**を率い、ディアス体制とウエルタ独裁へ反対した革命指導者である。農民・労働者の支持を集めたが、カランサ派と対立して敗れた。,パンチョ＝ビリャ|北部師団,,,,世界史の窓（章節別用語リスト）,https://www.y-history.net/appendix/appendix-list.html
世界史段階別デッキ｜Deck 3｜主要王朝・人物・制度の穴埋め400語,WH-001081,1081,Deck 3｜標準,人物,パンチョ＝ビリャ,ぱんちょびりゃ,フランシスコ＝ビリャ,近代,アメリカ,メキシコ北部,メキシコ革命期,1913,WH-001081-R02,reverse,時期,time,「パンチョ＝ビリャ」が主に活動したのはいつ？,**メキシコ革命期**,メキシコ革命期,,,,世界史の窓（章節別用語リスト）,https://www.y-history.net/appendix/appendix-list.html
世界史段階別デッキ｜Deck 3｜主要王朝・人物・制度の穴埋め400語,WH-001081,1081,Deck 3｜標準,人物,パンチョ＝ビリャ,ぱんちょびりゃ,フランシスコ＝ビリャ,近代,アメリカ,メキシコ北部,メキシコ革命期,1913,WH-001081-I01,integrated,統合説明,integrated,「パンチョ＝ビリャ」について説明せよ。,**メキシコ革命期**、メキシコ北部を主な舞台に、**パンチョ＝ビリャ**は、北部の騎兵軍**北部師団**を率い、ディアス体制とウエルタ独裁へ反対した革命指導者である。農民・労働者の支持を集めたが、カランサ派と対立して敗れた。,パンチョ＝ビリャ|メキシコ革命期|北部師団,,,,世界史の窓（章節別用語リスト）,https://www.y-history.net/appendix/appendix-list.html
世界史段階別デッキ｜Deck 3｜主要王朝・人物・制度の穴埋め400語,WH-001076,1076,Deck 3｜標準,地域・都市,パナマ運河,ぱなまうんが,,現代,アメリカ,中央アメリカ・パナマ地峡,1914年開通,1914,WH-001076-B01,beginner,用語の特定,identify,大西洋と太平洋を結び、アメリカ合衆国が建設・管理した運河は？,パナマ運河,パナマ運河,,,,世界史の窓（章節別用語リスト）,https://www.y-history.net/appendix/appendix-list.html
世界史段階別デッキ｜Deck 3｜主要王朝・人物・制度の穴埋め400語,WH-001076,1076,Deck 3｜標準,地域・都市,パナマ運河,ぱなまうんが,,現代,アメリカ,中央アメリカ・パナマ地峡,1914年開通,1914,WH-001076-B02,beginner,時期,time,「パナマ運河」が特に繁栄・注目されたのはいつ？,1914年開通,1914年開通,,,1914年：「パナマ運河 大洋またいで 行く人よ!」（1914）パナマ運河の開通。,世界史の窓（章節別用語リスト）,https://www.y-history.net/appendix/appendix-list.html
世界史段階別デッキ｜Deck 3｜主要王朝・人物・制度の穴埋め400語,WH-001076,1076,Deck 3｜標準,地域・都市,パナマ運河,ぱなまうんが,,現代,アメリカ,中央アメリカ・パナマ地峡,1914年開通,1914,WH-001076-B03,beginner,内容,content,「パナマ運河」について、結んだ二つの海洋は？,大西洋と太平洋,大西洋と太平洋,,,,世界史の窓（章節別用語リスト）,https://www.y-history.net/appendix/appendix-list.html
世界史段階別デッキ｜Deck 3｜主要王朝・人物・制度の穴埋め400語,WH-001076,1076,Deck 3｜標準,地域・都市,パナマ運河,ぱなまうんが,,現代,アメリカ,中央アメリカ・パナマ地峡,1914年開通,1914,WH-001076-R01,reverse,複合説明,reverse,どんな地域・都市？,中央アメリカ・パナマ地峡を主な舞台に、**パナマ運河**は、合衆国がコロンビアからのパナマ独立を支援して運河地帯を獲得し、1914年に開通させた。**大西洋**と**太平洋**の航路を大幅に短縮し、合衆国の軍事・通商上の影響力を高めた。,パナマ運河|大西洋|太平洋,,,1914年：「パナマ運河 大洋またいで 行く人よ!」（1914）パナマ運河の開通。,世界史の窓（章節別用語リスト）,https://www.y-history.net/appendix/appendix-list.html
世界史段階別デッキ｜Deck 3｜主要王朝・人物・制度の穴埋め400語,WH-001076,1076,Deck 3｜標準,地域・都市,パナマ運河,ぱなまうんが,,現代,アメリカ,中央アメリカ・パナマ地峡,1914年開通,1914,WH-001076-R02,reverse,時期,time,「パナマ運河」が特に繁栄・注目されたのはいつ？,**1914年開通**,1914年開通,,,1914年：「パナマ運河 大洋またいで 行く人よ!」（1914）パナマ運河の開通。,世界史の窓（章節別用語リスト）,https://www.y-history.net/appendix/appendix-list.html
世界史段階別デッキ｜Deck 3｜主要王朝・人物・制度の穴埋め400語,WH-001076,1076,Deck 3｜標準,地域・都市,パナマ運河,ぱなまうんが,,現代,アメリカ,中央アメリカ・パナマ地峡,1914年開通,1914,WH-001076-I01,integrated,統合説明,integrated,「パナマ運河」について説明せよ。,**1914年開通**、中央アメリカ・パナマ地峡を主な舞台に、**パナマ運河**は、合衆国がコロンビアからのパナマ独立を支援して運河地帯を獲得し、1914年に開通させた。**大西洋**と**太平洋**の航路を大幅に短縮し、合衆国の軍事・通商上の影響力を高めた。,パナマ運河|1914年開通|大西洋|太平洋,,,1914年：「パナマ運河 大洋またいで 行く人よ!」（1914）パナマ運河の開通。,世界史の窓（章節別用語リスト）,https://www.y-history.net/appendix/appendix-list.html
世界史段階別デッキ｜Deck 3｜主要王朝・人物・制度の穴埋め400語,WH-001131,1131,Deck 3｜標準,戦争,塹壕戦,ざんごうせん,,現代,ヨーロッパ,第一次世界大戦の西部戦線,1914〜1918年を中心,1914,WH-001131-B01,beginner,用語の特定,identify,両軍が長い防御陣地を掘って対峙し、機関銃・砲撃で膨大な犠牲を出した戦闘形態は？,塹壕戦,塹壕戦,,,,世界史の窓（章節別用語リスト）,https://www.y-history.net/appendix/appendix-list.html
世界史段階別デッキ｜Deck 3｜主要王朝・人物・制度の穴埋め400語,WH-001131,1131,Deck 3｜標準,戦争,塹壕戦,ざんごうせん,,現代,ヨーロッパ,第一次世界大戦の西部戦線,1914〜1918年を中心,1914,WH-001131-B02,beginner,時期,time,「塹壕戦」が戦われたのはいつ？,1914〜1918年を中心,1914〜1918年を中心,,,,世界史の窓（章節別用語リスト）,https://www.y-history.net/appendix/appendix-list.html
世界史段階別デッキ｜Deck 3｜主要王朝・人物・制度の穴埋め400語,WH-001131,1131,Deck 3｜標準,戦争,塹壕戦,ざんごうせん,,現代,ヨーロッパ,第一次世界大戦の西部戦線,1914〜1918年を中心,1914,WH-001131-B03,beginner,内容,content,「塹壕戦」について、特に固定化した戦線は？,西部戦線,西部戦線,,,,世界史の窓（章節別用語リスト）,https://www.y-history.net/appendix/appendix-list.html
世界史段階別デッキ｜Deck 3｜主要王朝・人物・制度の穴埋め400語,WH-001131,1131,Deck 3｜標準,戦争,塹壕戦,ざんごうせん,,現代,ヨーロッパ,第一次世界大戦の西部戦線,1914〜1918年を中心,1914,WH-001131-R01,reverse,複合説明,reverse,何が起きた？,第一次世界大戦の西部戦線を主な舞台に、**塹壕戦**は、第一次世界大戦の**西部戦線**で、機関銃・鉄条網・重砲に守られた塹壕線が海岸からスイス国境まで続いた。攻撃側が防御を突破しにくく、ソンム・ヴェルダンなどで消耗戦となった。,塹壕戦|西部戦線,,,,世界史の窓（章節別用語リスト）,https://www.y-history.net/appendix/appendix-list.html
世界史段階別デッキ｜Deck 3｜主要王朝・人物・制度の穴埋め400語,WH-001131,1131,Deck 3｜標準,戦争,塹壕戦,ざんごうせん,,現代,ヨーロッパ,第一次世界大戦の西部戦線,1914〜1918年を中心,1914,WH-001131-R02,reverse,時期,time,「塹壕戦」が戦われたのはいつ？,**1914〜1918年を中心**,1914〜1918年を中心,,,,世界史の窓（章節別用語リスト）,https://www.y-history.net/appendix/appendix-list.html
世界史段階別デッキ｜Deck 3｜主要王朝・人物・制度の穴埋め400語,WH-001131,1131,Deck 3｜標準,戦争,塹壕戦,ざんごうせん,,現代,ヨーロッパ,第一次世界大戦の西部戦線,1914〜1918年を中心,1914,WH-001131-I01,integrated,統合説明,integrated,「塹壕戦」について説明せよ。,**1914〜1918年を中心**、第一次世界大戦の西部戦線を主な舞台に、**塹壕戦**は、第一次世界大戦の**西部戦線**で、機関銃・鉄条網・重砲に守られた塹壕線が海岸からスイス国境まで続いた。攻撃側が防御を突破しにくく、ソンム・ヴェルダンなどで消耗戦となった。,塹壕戦|1914〜1918年を中心|西部戦線,,,,世界史の窓（章節別用語リスト）,https://www.y-history.net/appendix/appendix-list.html
世界史段階別デッキ｜Deck 3｜主要王朝・人物・制度の穴埋め400語,WH-001142,1142,Deck 3｜標準,運動,新文化運動,しんぶんかうんどう,,現代,東アジア,中華民国・北京・上海,1915年以後,1915,WH-001142-B01,beginner,用語の特定,identify,『新青年』を中心に儒教批判、民主・科学、白話文(はくわぶん)を唱えた思想・文化運動は？,新文化運動,新文化運動,,,,世界史の窓（章節別用語リスト）,https://www.y-history.net/appendix/appendix-list.html
世界史段階別デッキ｜Deck 3｜主要王朝・人物・制度の穴埋め400語,WH-001142,1142,Deck 3｜標準,運動,新文化運動,しんぶんかうんどう,,現代,東アジア,中華民国・北京・上海,1915年以後,1915,WH-001142-B02,beginner,時期,time,「新文化運動」が盛んだったのはいつ？,1915年以後,1915年以後,,,,世界史の窓（章節別用語リスト）,https://www.y-history.net/appendix/appendix-list.html
世界史段階別デッキ｜Deck 3｜主要王朝・人物・制度の穴埋め400語,WH-001142,1142,Deck 3｜標準,運動,新文化運動,しんぶんかうんどう,,現代,東アジア,中華民国・北京・上海,1915年以後,1915,WH-001142-B03,beginner,内容,content,「新文化運動」について、中心雑誌は？,『新青年』,新青年,,,,世界史の窓（章節別用語リスト）,https://www.y-history.net/appendix/appendix-list.html
世界史段階別デッキ｜Deck 3｜主要王朝・人物・制度の穴埋め400語,WH-001142,1142,Deck 3｜標準,運動,新文化運動,しんぶんかうんどう,,現代,東アジア,中華民国・北京・上海,1915年以後,1915,WH-001142-R01,reverse,複合説明,reverse,何が起きた？,中華民国(ちゅうかみんこく)・北京(ぺきん)・上海(しゃんはい)を主な舞台に、**新文化運動**は、袁世凱(えんせいがい)期の復古的政治への反発から、**陳独秀(ちんどくしゅう)**らが『新青年』を通じて「民主」と「科学」、個人解放、儒教批判を唱えた。白話文(はくわぶん)運動と五・四運動(ごしうんどう)の思想的基盤となった。,新文化運動|陳独秀,,,,世界史の窓（章節別用語リスト）,https://www.y-history.net/appendix/appendix-list.html
世界史段階別デッキ｜Deck 3｜主要王朝・人物・制度の穴埋め400語,WH-001142,1142,Deck 3｜標準,運動,新文化運動,しんぶんかうんどう,,現代,東アジア,中華民国・北京・上海,1915年以後,1915,WH-001142-R02,reverse,時期,time,「新文化運動」が盛んだったのはいつ？,**1915年以後**,1915年以後,,,,世界史の窓（章節別用語リスト）,https://www.y-history.net/appendix/appendix-list.html
世界史段階別デッキ｜Deck 3｜主要王朝・人物・制度の穴埋め400語,WH-001142,1142,Deck 3｜標準,運動,新文化運動,しんぶんかうんどう,,現代,東アジア,中華民国・北京・上海,1915年以後,1915,WH-001142-I01,integrated,統合説明,integrated,「新文化運動」について説明せよ。,**1915年以後**、中華民国(ちゅうかみんこく)・北京(ぺきん)・上海(しゃんはい)を主な舞台に、**新文化運動**は、袁世凱(えんせいがい)期の復古的政治への反発から、**陳独秀(ちんどくしゅう)**らが『新青年』を通じて「民主」と「科学」、個人解放、儒教批判を唱えた。白話文(はくわぶん)運動と五・四運動(ごしうんどう)の思想的基盤となった。,新文化運動|1915年以後|陳独秀,,,,世界史の窓（章節別用語リスト）,https://www.y-history.net/appendix/appendix-list.html
世界史段階別デッキ｜Deck 3｜主要王朝・人物・制度の穴埋め400語,WH-001143,1143,Deck 3｜標準,人物,陳独秀,ちんどくしゅう,,現代,東アジア,中華民国・上海・北京,20世紀前半,1915,WH-001143-B01,beginner,用語の特定,identify,『新青年』を創刊して新文化運動を主導し、中国共産党初代総書記となった人物は？,陳独秀(ちんどくしゅう),陳独秀,,,,世界史の窓（章節別用語リスト）,https://www.y-history.net/appendix/appendix-list.html
世界史段階別デッキ｜Deck 3｜主要王朝・人物・制度の穴埋め400語,WH-001143,1143,Deck 3｜標準,人物,陳独秀,ちんどくしゅう,,現代,東アジア,中華民国・上海・北京,20世紀前半,1915,WH-001143-B02,beginner,時期,time,「陳独秀(ちんどくしゅう)」が主に活動したのはいつ？,20世紀前半,20世紀前半,,,,世界史の窓（章節別用語リスト）,https://www.y-history.net/appendix/appendix-list.html
世界史段階別デッキ｜Deck 3｜主要王朝・人物・制度の穴埋め400語,WH-001143,1143,Deck 3｜標準,人物,陳独秀,ちんどくしゅう,,現代,東アジア,中華民国・上海・北京,20世紀前半,1915,WH-001143-B03,beginner,内容,content,「陳独秀(ちんどくしゅう)」について、創刊した雑誌は？,『新青年』,新青年,,,,世界史の窓（章節別用語リスト）,https://www.y-history.net/appendix/appendix-list.html
世界史段階別デッキ｜Deck 3｜主要王朝・人物・制度の穴埋め400語,WH-001143,1143,Deck 3｜標準,人物,陳独秀,ちんどくしゅう,,現代,東アジア,中華民国・上海・北京,20世紀前半,1915,WH-001143-R01,reverse,複合説明,reverse,何をした？,中華民国(ちゅうかみんこく)・上海(しゃんはい)・北京(ぺきん)を主な舞台に、**陳独秀(ちんどくしゅう)**は、1915年に**『新青年』**を創刊し、民主・科学・儒教批判を掲げて新文化運動を主導した。五・四運動(ごしうんどう)後にマルクス主義へ進み、1921年の**中国共産党**結成に参加して初代総書記となった。,陳独秀|新青年|中国共産党,,,,世界史の窓（章節別用語リスト）,https://www.y-history.net/appendix/appendix-list.html
世界史段階別デッキ｜Deck 3｜主要王朝・人物・制度の穴埋め400語,WH-001143,1143,Deck 3｜標準,人物,陳独秀,ちんどくしゅう,,現代,東アジア,中華民国・上海・北京,20世紀前半,1915,WH-001143-R02,reverse,時期,time,「陳独秀(ちんどくしゅう)」が主に活動したのはいつ？,**20世紀前半**,20世紀前半,,,,世界史の窓（章節別用語リスト）,https://www.y-history.net/appendix/appendix-list.html
世界史段階別デッキ｜Deck 3｜主要王朝・人物・制度の穴埋め400語,WH-001143,1143,Deck 3｜標準,人物,陳独秀,ちんどくしゅう,,現代,東アジア,中華民国・上海・北京,20世紀前半,1915,WH-001143-I01,integrated,統合説明,integrated,「陳独秀(ちんどくしゅう)」について説明せよ。,**20世紀前半**、中華民国(ちゅうかみんこく)・上海(しゃんはい)・北京(ぺきん)を主な舞台に、**陳独秀(ちんどくしゅう)**は、1915年に**『新青年』**を創刊し、民主・科学・儒教批判を掲げて新文化運動を主導した。五・四運動(ごしうんどう)後にマルクス主義へ進み、1921年の**中国共産党**結成に参加して初代総書記となった。,陳独秀|20世紀前半|新青年|中国共産党,,,,世界史の窓（章節別用語リスト）,https://www.y-history.net/appendix/appendix-list.html
世界史段階別デッキ｜Deck 3｜主要王朝・人物・制度の穴埋め400語,WH-001145,1145,Deck 3｜標準,民族・身分・社会集団,軍閥,ぐんばつ,,現代,東アジア,中華民国各地,1910〜1920年代を中心,1916,WH-001145-B01,beginner,用語の特定,identify,袁世凱(えんせいがい)死後、私兵と地方財源を基盤に中国各地を分割支配した軍事勢力は？,軍閥,軍閥,,,,世界史の窓（章節別用語リスト）,https://www.y-history.net/appendix/appendix-list.html
世界史段階別デッキ｜Deck 3｜主要王朝・人物・制度の穴埋め400語,WH-001145,1145,Deck 3｜標準,民族・身分・社会集団,軍閥,ぐんばつ,,現代,東アジア,中華民国各地,1910〜1920年代を中心,1916,WH-001145-B02,beginner,時期,time,「軍閥」が使用・展開されたのはいつ？,1910〜1920年代を中心,1910〜1920年代を中心,,,,世界史の窓（章節別用語リスト）,https://www.y-history.net/appendix/appendix-list.html
世界史段階別デッキ｜Deck 3｜主要王朝・人物・制度の穴埋め400語,WH-001145,1145,Deck 3｜標準,民族・身分・社会集団,軍閥,ぐんばつ,,現代,東アジア,中華民国各地,1910〜1920年代を中心,1916,WH-001145-B03,beginner,内容,content,「軍閥」について、支配の基盤は？,私兵と地方財源,私兵と地方財源,,,,世界史の窓（章節別用語リスト）,https://www.y-history.net/appendix/appendix-list.html
世界史段階別デッキ｜Deck 3｜主要王朝・人物・制度の穴埋め400語,WH-001145,1145,Deck 3｜標準,民族・身分・社会集団,軍閥,ぐんばつ,,現代,東アジア,中華民国各地,1910〜1920年代を中心,1916,WH-001145-R01,reverse,複合説明,reverse,どんな人々・集団？,中華民国(ちゅうかみんこく)各地を主な舞台に、**軍閥**は、北洋軍系をはじめとする軍人が、私兵・税収・列強の援助を基盤に省や地域を支配した勢力である。1916年の袁世凱(えんせいがい)死後に抗争を繰り返し、中国の政治的分裂を深めた。,軍閥,,,,世界史の窓（章節別用語リスト）,https://www.y-history.net/appendix/appendix-list.html
世界史段階別デッキ｜Deck 3｜主要王朝・人物・制度の穴埋め400語,WH-001145,1145,Deck 3｜標準,民族・身分・社会集団,軍閥,ぐんばつ,,現代,東アジア,中華民国各地,1910〜1920年代を中心,1916,WH-001145-R02,reverse,時期,time,「軍閥」が使用・展開されたのはいつ？,**1910〜1920年代を中心**,1910〜1920年代を中心,,,,世界史の窓（章節別用語リスト）,https://www.y-history.net/appendix/appendix-list.html
世界史段階別デッキ｜Deck 3｜主要王朝・人物・制度の穴埋め400語,WH-001145,1145,Deck 3｜標準,民族・身分・社会集団,軍閥,ぐんばつ,,現代,東アジア,中華民国各地,1910〜1920年代を中心,1916,WH-001145-I01,integrated,統合説明,integrated,「軍閥」について説明せよ。,**1910〜1920年代を中心**、中華民国(ちゅうかみんこく)各地を主な舞台に、**軍閥**は、北洋軍系をはじめとする軍人が、私兵・税収・列強の援助を基盤に省や地域を支配した勢力である。1916年の袁世凱(えんせいがい)死後に抗争を繰り返し、中国の政治的分裂を深めた。,軍閥|1910〜1920年代を中心,,,,世界史の窓（章節別用語リスト）,https://www.y-history.net/appendix/appendix-list.html
世界史段階別デッキ｜Deck 3｜主要王朝・人物・制度の穴埋め400語,WH-001132,1132,Deck 3｜標準,制度・政策・法律,無制限潜水艦作戦,むせいげんせんすいかんさくせん,,現代,複数地域,大西洋・イギリス周辺海域,1917年に再開,1917,WH-001132-B01,beginner,用語の特定,identify,ドイツが中立国船を含む指定海域の船舶を警告なしに攻撃し、アメリカ参戦を招いた作戦は？,無制限潜水艦作戦,無制限潜水艦作戦,,,,世界史の窓（章節別用語リスト）,https://www.y-history.net/appendix/appendix-list.html
世界史段階別デッキ｜Deck 3｜主要王朝・人物・制度の穴埋め400語,WH-001132,1132,Deck 3｜標準,制度・政策・法律,無制限潜水艦作戦,むせいげんせんすいかんさくせん,,現代,複数地域,大西洋・イギリス周辺海域,1917年に再開,1917,WH-001132-B02,beginner,時期,time,「無制限潜水艦作戦」が実施・整備されたのはいつ？,1917年に再開,1917年に再開,,,,世界史の窓（章節別用語リスト）,https://www.y-history.net/appendix/appendix-list.html
世界史段階別デッキ｜Deck 3｜主要王朝・人物・制度の穴埋め400語,WH-001132,1132,Deck 3｜標準,制度・政策・法律,無制限潜水艦作戦,むせいげんせんすいかんさくせん,,現代,複数地域,大西洋・イギリス周辺海域,1917年に再開,1917,WH-001132-B03,beginner,内容,content,「無制限潜水艦作戦」について、参戦を招いた国は？,アメリカ合衆国,アメリカ合衆国,,,,世界史の窓（章節別用語リスト）,https://www.y-history.net/appendix/appendix-list.html
世界史段階別デッキ｜Deck 3｜主要王朝・人物・制度の穴埋め400語,WH-001132,1132,Deck 3｜標準,制度・政策・法律,無制限潜水艦作戦,むせいげんせんすいかんさくせん,,現代,複数地域,大西洋・イギリス周辺海域,1917年に再開,1917,WH-001132-R01,reverse,複合説明,reverse,どんな制度・政策・法律？,大西洋・イギリス周辺海域を主な舞台に、**無制限潜水艦作戦**は、イギリスの海上封鎖を破るため、ドイツがUボートで敵国・中立国の商船を無差別に撃沈する作戦である。1917年の再開はアメリカ船・権益を脅かし、**アメリカ合衆国の参戦**を招いた。,無制限潜水艦作戦|アメリカ合衆国の参戦,,,,世界史の窓（章節別用語リスト）,https://www.y-history.net/appendix/appendix-list.html
世界史段階別デッキ｜Deck 3｜主要王朝・人物・制度の穴埋め400語,WH-001132,1132,Deck 3｜標準,制度・政策・法律,無制限潜水艦作戦,むせいげんせんすいかんさくせん,,現代,複数地域,大西洋・イギリス周辺海域,1917年に再開,1917,WH-001132-R02,reverse,時期,time,「無制限潜水艦作戦」が実施・整備されたのはいつ？,**1917年に再開**,1917年に再開,,,,世界史の窓（章節別用語リスト）,https://www.y-history.net/appendix/appendix-list.html
世界史段階別デッキ｜Deck 3｜主要王朝・人物・制度の穴埋め400語,WH-001132,1132,Deck 3｜標準,制度・政策・法律,無制限潜水艦作戦,むせいげんせんすいかんさくせん,,現代,複数地域,大西洋・イギリス周辺海域,1917年に再開,1917,WH-001132-I01,integrated,統合説明,integrated,「無制限潜水艦作戦」について説明せよ。,**1917年に再開**、大西洋・イギリス周辺海域を主な舞台に、**無制限潜水艦作戦**は、イギリスの海上封鎖を破るため、ドイツがUボートで敵国・中立国の商船を無差別に撃沈する作戦である。1917年の再開はアメリカ船・権益を脅かし、**アメリカ合衆国の参戦**を招いた。,無制限潜水艦作戦|1917年に再開|アメリカ合衆国の参戦,,,,世界史の窓（章節別用語リスト）,https://www.y-history.net/appendix/appendix-list.html
世界史段階別デッキ｜Deck 3｜主要王朝・人物・制度の穴埋め400語,WH-001133,1133,Deck 3｜標準,国家・王朝,臨時政府（ロシア）,りんじせいふろしあ,ロシア臨時政府,現代,ヨーロッパ,ロシア・ペトログラード,1917年3〜11月,1917,WH-001133-B01,beginner,用語の特定,identify,二月革命で帝政崩壊後に成立し、戦争継続で支持を失って十月革命に倒れた政府は？,臨時政府（ロシア）,臨時政府（ロシア）,ロシア臨時政府,,,世界史の窓（章節別用語リスト）,https://www.y-history.net/appendix/appendix-list.html
世界史段階別デッキ｜Deck 3｜主要王朝・人物・制度の穴埋め400語,WH-001133,1133,Deck 3｜標準,国家・王朝,臨時政府（ロシア）,りんじせいふろしあ,ロシア臨時政府,現代,ヨーロッパ,ロシア・ペトログラード,1917年3〜11月,1917,WH-001133-B02,beginner,時期,time,「臨時政府（ロシア）」が存在したのはいつ？,1917年3〜11月,1917年3〜11月,,,,世界史の窓（章節別用語リスト）,https://www.y-history.net/appendix/appendix-list.html
世界史段階別デッキ｜Deck 3｜主要王朝・人物・制度の穴埋め400語,WH-001133,1133,Deck 3｜標準,国家・王朝,臨時政府（ロシア）,りんじせいふろしあ,ロシア臨時政府,現代,ヨーロッパ,ロシア・ペトログラード,1917年3〜11月,1917,WH-001133-B03,beginner,内容,content,「臨時政府（ロシア）」について、併存した民衆機関は？,ソヴィエト,ソヴィエト,,,,世界史の窓（章節別用語リスト）,https://www.y-history.net/appendix/appendix-list.html
世界史段階別デッキ｜Deck 3｜主要王朝・人物・制度の穴埋め400語,WH-001133,1133,Deck 3｜標準,国家・王朝,臨時政府（ロシア）,りんじせいふろしあ,ロシア臨時政府,現代,ヨーロッパ,ロシア・ペトログラード,1917年3〜11月,1917,WH-001133-R01,reverse,複合説明,reverse,何をした？,ロシア・ペトログラードを主な舞台に、**臨時政府（ロシア）**は、国会議員を中心に成立し、自由・選挙・憲法制定を掲げたが、第一次世界大戦を継続し土地改革を先送りした。労働者・兵士の**ソヴィエト**と二重権力を形成し、ボリシェヴィキに倒された。,臨時政府（ロシア）|ソヴィエト,,,,世界史の窓（章節別用語リスト）,https://www.y-history.net/appendix/appendix-list.html
世界史段階別デッキ｜Deck 3｜主要王朝・人物・制度の穴埋め400語,WH-001133,1133,Deck 3｜標準,国家・王朝,臨時政府（ロシア）,りんじせいふろしあ,ロシア臨時政府,現代,ヨーロッパ,ロシア・ペトログラード,1917年3〜11月,1917,WH-001133-R02,reverse,時期,time,「臨時政府（ロシア）」が存在したのはいつ？,**1917年3〜11月**,1917年3〜11月,,,,世界史の窓（章節別用語リスト）,https://www.y-history.net/appendix/appendix-list.html
世界史段階別デッキ｜Deck 3｜主要王朝・人物・制度の穴埋め400語,WH-001133,1133,Deck 3｜標準,国家・王朝,臨時政府（ロシア）,りんじせいふろしあ,ロシア臨時政府,現代,ヨーロッパ,ロシア・ペトログラード,1917年3〜11月,1917,WH-001133-I01,integrated,統合説明,integrated,「臨時政府（ロシア）」について説明せよ。,**1917年3〜11月**、ロシア・ペトログラードを主な舞台に、**臨時政府（ロシア）**は、国会議員を中心に成立し、自由・選挙・憲法制定を掲げたが、第一次世界大戦を継続し土地改革を先送りした。労働者・兵士の**ソヴィエト**と二重権力を形成し、ボリシェヴィキに倒された。,臨時政府（ロシア）|1917年3〜11月|ソヴィエト,,,,世界史の窓（章節別用語リスト）,https://www.y-history.net/appendix/appendix-list.html
世界史段階別デッキ｜Deck 3｜主要王朝・人物・制度の穴埋め400語,WH-001134,1134,Deck 3｜標準,人物,ケレンスキー,けれんすきー,アレクサンドル＝ケレンスキー,現代,ヨーロッパ,革命期ロシア・ペトログラード,1917年,1917,WH-001134-B01,beginner,用語の特定,identify,ロシア臨時政府の首相となり、戦争継続と攻勢を進めたが十月革命で失脚した人物は？,ケレンスキー,ケレンスキー,アレクサンドル＝ケレンスキー,,,世界史の窓（章節別用語リスト）,https://www.y-history.net/appendix/appendix-list.html
世界史段階別デッキ｜Deck 3｜主要王朝・人物・制度の穴埋め400語,WH-001134,1134,Deck 3｜標準,人物,ケレンスキー,けれんすきー,アレクサンドル＝ケレンスキー,現代,ヨーロッパ,革命期ロシア・ペトログラード,1917年,1917,WH-001134-B02,beginner,時期,time,「ケレンスキー」が主に活動したのはいつ？,1917年,1917年,,,,世界史の窓（章節別用語リスト）,https://www.y-history.net/appendix/appendix-list.html
世界史段階別デッキ｜Deck 3｜主要王朝・人物・制度の穴埋め400語,WH-001134,1134,Deck 3｜標準,人物,ケレンスキー,けれんすきー,アレクサンドル＝ケレンスキー,現代,ヨーロッパ,革命期ロシア・ペトログラード,1917年,1917,WH-001134-B03,beginner,内容,content,「ケレンスキー」について、率いた政府は？,臨時政府,臨時政府,,,,世界史の窓（章節別用語リスト）,https://www.y-history.net/appendix/appendix-list.html
世界史段階別デッキ｜Deck 3｜主要王朝・人物・制度の穴埋め400語,WH-001134,1134,Deck 3｜標準,人物,ケレンスキー,けれんすきー,アレクサンドル＝ケレンスキー,現代,ヨーロッパ,革命期ロシア・ペトログラード,1917年,1917,WH-001134-R01,reverse,複合説明,reverse,何をした？,革命期ロシア・ペトログラードを主な舞台に、**ケレンスキー**は、二月革命後にペトログラード＝ソヴィエトと**臨時政府**の双方で活動し、のち首相となった。戦争継続と夏季攻勢で支持を失い、コルニーロフ事件後にボリシェヴィキが伸長して十月革命で亡命した。,ケレンスキー|臨時政府,,,,世界史の窓（章節別用語リスト）,https://www.y-history.net/appendix/appendix-list.html
世界史段階別デッキ｜Deck 3｜主要王朝・人物・制度の穴埋め400語,WH-001134,1134,Deck 3｜標準,人物,ケレンスキー,けれんすきー,アレクサンドル＝ケレンスキー,現代,ヨーロッパ,革命期ロシア・ペトログラード,1917年,1917,WH-001134-R02,reverse,時期,time,「ケレンスキー」が主に活動したのはいつ？,**1917年**,1917年,,,,世界史の窓（章節別用語リスト）,https://www.y-history.net/appendix/appendix-list.html
世界史段階別デッキ｜Deck 3｜主要王朝・人物・制度の穴埋め400語,WH-001134,1134,Deck 3｜標準,人物,ケレンスキー,けれんすきー,アレクサンドル＝ケレンスキー,現代,ヨーロッパ,革命期ロシア・ペトログラード,1917年,1917,WH-001134-I01,integrated,統合説明,integrated,「ケレンスキー」について説明せよ。,**1917年**、革命期ロシア・ペトログラードを主な舞台に、**ケレンスキー**は、二月革命後にペトログラード＝ソヴィエトと**臨時政府**の双方で活動し、のち首相となった。戦争継続と夏季攻勢で支持を失い、コルニーロフ事件後にボリシェヴィキが伸長して十月革命で亡命した。,ケレンスキー|1917年|臨時政府,,,,世界史の窓（章節別用語リスト）,https://www.y-history.net/appendix/appendix-list.html
世界史段階別デッキ｜Deck 3｜主要王朝・人物・制度の穴埋め400語,WH-001135,1135,Deck 3｜標準,文書・作品,四月テーゼ,しがつてーぜ,,現代,ヨーロッパ,革命期ロシア・ペトログラード,1917年4月,1917,WH-001135-B01,beginner,用語の特定,identify,帰国したレーニンが「臨時政府を支持せず、全権力をソヴィエトへ」と主張した方針は？,四月テーゼ,四月テーゼ,,,,世界史の窓（章節別用語リスト）,https://www.y-history.net/appendix/appendix-list.html
世界史段階別デッキ｜Deck 3｜主要王朝・人物・制度の穴埋め400語,WH-001135,1135,Deck 3｜標準,文書・作品,四月テーゼ,しがつてーぜ,,現代,ヨーロッパ,革命期ロシア・ペトログラード,1917年4月,1917,WH-001135-B02,beginner,時期,time,「四月テーゼ」が成立・発表されたのはいつ？,1917年4月,1917年4月,,,,世界史の窓（章節別用語リスト）,https://www.y-history.net/appendix/appendix-list.html
世界史段階別デッキ｜Deck 3｜主要王朝・人物・制度の穴埋め400語,WH-001135,1135,Deck 3｜標準,文書・作品,四月テーゼ,しがつてーぜ,,現代,ヨーロッパ,革命期ロシア・ペトログラード,1917年4月,1917,WH-001135-B03,beginner,中心人物,person,「四月テーゼ」について、発表した人物は？,レーニン,レーニン,,,,世界史の窓（章節別用語リスト）,https://www.y-history.net/appendix/appendix-list.html
世界史段階別デッキ｜Deck 3｜主要王朝・人物・制度の穴埋め400語,WH-001135,1135,Deck 3｜標準,文書・作品,四月テーゼ,しがつてーぜ,,現代,ヨーロッパ,革命期ロシア・ペトログラード,1917年4月,1917,WH-001135-R01,reverse,複合説明,reverse,何が書かれている？,革命期ロシア・ペトログラードを主な舞台に、**四月テーゼ**は、亡命から帰国した**レーニン**が、ブルジョワ革命段階で止まらず社会主義革命へ進むことを主張した。**「全権力をソヴィエトへ」**、戦争即時終結、土地国有化を掲げ、ボリシェヴィキの方針となった。,四月テーゼ|レーニン|全権力をソヴィエトへ,,,,世界史の窓（章節別用語リスト）,https://www.y-history.net/appendix/appendix-list.html
世界史段階別デッキ｜Deck 3｜主要王朝・人物・制度の穴埋め400語,WH-001135,1135,Deck 3｜標準,文書・作品,四月テーゼ,しがつてーぜ,,現代,ヨーロッパ,革命期ロシア・ペトログラード,1917年4月,1917,WH-001135-R02,reverse,時期,time,「四月テーゼ」が成立・発表されたのはいつ？,**1917年4月**,1917年4月,,,,世界史の窓（章節別用語リスト）,https://www.y-history.net/appendix/appendix-list.html
世界史段階別デッキ｜Deck 3｜主要王朝・人物・制度の穴埋め400語,WH-001135,1135,Deck 3｜標準,文書・作品,四月テーゼ,しがつてーぜ,,現代,ヨーロッパ,革命期ロシア・ペトログラード,1917年4月,1917,WH-001135-I01,integrated,統合説明,integrated,「四月テーゼ」について説明せよ。,**1917年4月**、革命期ロシア・ペトログラードを主な舞台に、**四月テーゼ**は、亡命から帰国した**レーニン**が、ブルジョワ革命段階で止まらず社会主義革命へ進むことを主張した。**「全権力をソヴィエトへ」**、戦争即時終結、土地国有化を掲げ、ボリシェヴィキの方針となった。,四月テーゼ|1917年4月|レーニン|全権力をソヴィエトへ,,,,世界史の窓（章節別用語リスト）,https://www.y-history.net/appendix/appendix-list.html
世界史段階別デッキ｜Deck 3｜主要王朝・人物・制度の穴埋め400語,WH-001144,1144,Deck 3｜標準,人物,胡適,こてき,,現代,東アジア,中華民国・北京・アメリカ,20世紀前半,1917,WH-001144-B01,beginner,用語の特定,identify,白話文(はくわぶん)の使用を唱え、実用主義を中国へ紹介した新文化運動の思想家は？,胡適(こてき),胡適,,,,世界史の窓（章節別用語リスト）,https://www.y-history.net/appendix/appendix-list.html
世界史段階別デッキ｜Deck 3｜主要王朝・人物・制度の穴埋め400語,WH-001144,1144,Deck 3｜標準,人物,胡適,こてき,,現代,東アジア,中華民国・北京・アメリカ,20世紀前半,1917,WH-001144-B02,beginner,時期,time,「胡適(こてき)」が主に活動したのはいつ？,20世紀前半,20世紀前半,,,,世界史の窓（章節別用語リスト）,https://www.y-history.net/appendix/appendix-list.html
世界史段階別デッキ｜Deck 3｜主要王朝・人物・制度の穴埋め400語,WH-001144,1144,Deck 3｜標準,人物,胡適,こてき,,現代,東アジア,中華民国・北京・アメリカ,20世紀前半,1917,WH-001144-B03,beginner,内容,content,「胡適(こてき)」について、提唱した文体改革は？,白話文(はくわぶん),白話文,,,,世界史の窓（章節別用語リスト）,https://www.y-history.net/appendix/appendix-list.html
世界史段階別デッキ｜Deck 3｜主要王朝・人物・制度の穴埋め400語,WH-001144,1144,Deck 3｜標準,人物,胡適,こてき,,現代,東アジア,中華民国・北京・アメリカ,20世紀前半,1917,WH-001144-R01,reverse,複合説明,reverse,何をした？,中華民国(ちゅうかみんこく)・北京(ぺきん)・アメリカを主な舞台に、**胡適(こてき)**は、アメリカでデューイに学び、**実用主義**を紹介した。1917年に文学改良を論じ、古典文語に代えて日常語に近い**白話文(はくわぶん)**で書くことを主張し、新文化運動の言語改革を進めた。,胡適|実用主義|白話文,,,,世界史の窓（章節別用語リスト）,https://www.y-history.net/appendix/appendix-list.html
世界史段階別デッキ｜Deck 3｜主要王朝・人物・制度の穴埋め400語,WH-001144,1144,Deck 3｜標準,人物,胡適,こてき,,現代,東アジア,中華民国・北京・アメリカ,20世紀前半,1917,WH-001144-R02,reverse,時期,time,「胡適(こてき)」が主に活動したのはいつ？,**20世紀前半**,20世紀前半,,,,世界史の窓（章節別用語リスト）,https://www.y-history.net/appendix/appendix-list.html
世界史段階別デッキ｜Deck 3｜主要王朝・人物・制度の穴埋め400語,WH-001144,1144,Deck 3｜標準,人物,胡適,こてき,,現代,東アジア,中華民国・北京・アメリカ,20世紀前半,1917,WH-001144-I01,integrated,統合説明,integrated,「胡適(こてき)」について説明せよ。,**20世紀前半**、中華民国(ちゅうかみんこく)・北京(ぺきん)・アメリカを主な舞台に、**胡適(こてき)**は、アメリカでデューイに学び、**実用主義**を紹介した。1917年に文学改良を論じ、古典文語に代えて日常語に近い**白話文(はくわぶん)**で書くことを主張し、新文化運動の言語改革を進めた。,胡適|20世紀前半|実用主義|白話文,,,,世界史の窓（章節別用語リスト）,https://www.y-history.net/appendix/appendix-list.html
世界史段階別デッキ｜Deck 3｜主要王朝・人物・制度の穴埋め400語,WH-001136,1136,Deck 3｜標準,戦争,ロシア内戦,ろしあないせん,,現代,ヨーロッパ,旧ロシア帝国各地・シベリア・ウクライナなど,1918〜1922年頃,1918,WH-001136-B01,beginner,用語の特定,identify,革命後、赤軍と白軍・外国干渉軍が旧ロシア帝国各地で戦った内戦は？,ロシア内戦,ロシア内戦,,,,世界史の窓（章節別用語リスト）,https://www.y-history.net/appendix/appendix-list.html
世界史段階別デッキ｜Deck 3｜主要王朝・人物・制度の穴埋め400語,WH-001136,1136,Deck 3｜標準,戦争,ロシア内戦,ろしあないせん,,現代,ヨーロッパ,旧ロシア帝国各地・シベリア・ウクライナなど,1918〜1922年頃,1918,WH-001136-B02,beginner,時期,time,「ロシア内戦」が戦われたのはいつ？,1918〜1922年頃,1918〜1922年頃,,,,世界史の窓（章節別用語リスト）,https://www.y-history.net/appendix/appendix-list.html
世界史段階別デッキ｜Deck 3｜主要王朝・人物・制度の穴埋め400語,WH-001136,1136,Deck 3｜標準,戦争,ロシア内戦,ろしあないせん,,現代,ヨーロッパ,旧ロシア帝国各地・シベリア・ウクライナなど,1918〜1922年頃,1918,WH-001136-B03,beginner,関連,relation,「ロシア内戦」について、勝利した側は？,ボリシェヴィキの赤軍,ボリシェヴィキの赤軍,,,,世界史の窓（章節別用語リスト）,https://www.y-history.net/appendix/appendix-list.html
世界史段階別デッキ｜Deck 3｜主要王朝・人物・制度の穴埋め400語,WH-001136,1136,Deck 3｜標準,戦争,ロシア内戦,ろしあないせん,,現代,ヨーロッパ,旧ロシア帝国各地・シベリア・ウクライナなど,1918〜1922年頃,1918,WH-001136-R01,reverse,複合説明,reverse,何が起きた？,旧ロシア帝国各地・シベリア・ウクライナなどを主な舞台に、**ロシア内戦**は、ボリシェヴィキ政権の**赤軍**と、旧帝政派・自由主義者・地方民族勢力などの白軍が戦い、英仏米日なども干渉した。戦時共産主義と赤色テロの下で赤軍が勝利し、ソ連成立へつながった。,ロシア内戦|赤軍,,,,世界史の窓（章節別用語リスト）,https://www.y-history.net/appendix/appendix-list.html
世界史段階別デッキ｜Deck 3｜主要王朝・人物・制度の穴埋め400語,WH-001136,1136,Deck 3｜標準,戦争,ロシア内戦,ろしあないせん,,現代,ヨーロッパ,旧ロシア帝国各地・シベリア・ウクライナなど,1918〜1922年頃,1918,WH-001136-R02,reverse,時期,time,「ロシア内戦」が戦われたのはいつ？,**1918〜1922年頃**,1918〜1922年頃,,,,世界史の窓（章節別用語リスト）,https://www.y-history.net/appendix/appendix-list.html
世界史段階別デッキ｜Deck 3｜主要王朝・人物・制度の穴埋め400語,WH-001136,1136,Deck 3｜標準,戦争,ロシア内戦,ろしあないせん,,現代,ヨーロッパ,旧ロシア帝国各地・シベリア・ウクライナなど,1918〜1922年頃,1918,WH-001136-I01,integrated,統合説明,integrated,「ロシア内戦」について説明せよ。,**1918〜1922年頃**、旧ロシア帝国各地・シベリア・ウクライナなどを主な舞台に、**ロシア内戦**は、ボリシェヴィキ政権の**赤軍**と、旧帝政派・自由主義者・地方民族勢力などの白軍が戦い、英仏米日なども干渉した。戦時共産主義と赤色テロの下で赤軍が勝利し、ソ連成立へつながった。,ロシア内戦|1918〜1922年頃|赤軍,,,,世界史の窓（章節別用語リスト）,https://www.y-history.net/appendix/appendix-list.html
世界史段階別デッキ｜Deck 3｜主要王朝・人物・制度の穴埋め400語,WH-001138,1138,Deck 3｜標準,条約・会議,サン＝ジェルマン条約,さんじぇるまんじょうやく,,現代,ヨーロッパ,連合国とオーストリア,1919年,1919,WH-001138-B01,beginner,用語の特定,identify,第一次世界大戦後、オーストリアとの講和でハプスブルク帝国解体とドイツとの合邦禁止を定めた条約は？,サン＝ジェルマン条約,サン＝ジェルマン条約,,,,世界史の窓（章節別用語リスト）,https://www.y-history.net/appendix/appendix-list.html
世界史段階別デッキ｜Deck 3｜主要王朝・人物・制度の穴埋め400語,WH-001138,1138,Deck 3｜標準,条約・会議,サン＝ジェルマン条約,さんじぇるまんじょうやく,,現代,ヨーロッパ,連合国とオーストリア,1919年,1919,WH-001138-B02,beginner,時期,time,「サン＝ジェルマン条約」が結ばれた・開かれたのはいつ？,1919年,1919年,,,,世界史の窓（章節別用語リスト）,https://www.y-history.net/appendix/appendix-list.html
世界史段階別デッキ｜Deck 3｜主要王朝・人物・制度の穴埋め400語,WH-001138,1138,Deck 3｜標準,条約・会議,サン＝ジェルマン条約,さんじぇるまんじょうやく,,現代,ヨーロッパ,連合国とオーストリア,1919年,1919,WH-001138-B03,beginner,関連,relation,「サン＝ジェルマン条約」について、講和相手は？,オーストリア,オーストリア,,,,世界史の窓（章節別用語リスト）,https://www.y-history.net/appendix/appendix-list.html
世界史段階別デッキ｜Deck 3｜主要王朝・人物・制度の穴埋め400語,WH-001138,1138,Deck 3｜標準,条約・会議,サン＝ジェルマン条約,さんじぇるまんじょうやく,,現代,ヨーロッパ,連合国とオーストリア,1919年,1919,WH-001138-R01,reverse,複合説明,reverse,何を決めた？,連合国とオーストリアを主な舞台に、**サン＝ジェルマン条約**は、連合国が新生**オーストリア**と結び、オーストリア＝ハンガリー帝国解体とチェコスロヴァキア・ユーゴスラヴィアなどの独立を承認させた。ドイツとの**合邦**を国際連盟の同意なしに禁じた。,サン＝ジェルマン条約|オーストリア|合邦,,,,世界史の窓（章節別用語リスト）,https://www.y-history.net/appendix/appendix-list.html
世界史段階別デッキ｜Deck 3｜主要王朝・人物・制度の穴埋め400語,WH-001138,1138,Deck 3｜標準,条約・会議,サン＝ジェルマン条約,さんじぇるまんじょうやく,,現代,ヨーロッパ,連合国とオーストリア,1919年,1919,WH-001138-R02,reverse,時期,time,「サン＝ジェルマン条約」が結ばれた・開かれたのはいつ？,**1919年**,1919年,,,,世界史の窓（章節別用語リスト）,https://www.y-history.net/appendix/appendix-list.html
世界史段階別デッキ｜Deck 3｜主要王朝・人物・制度の穴埋め400語,WH-001138,1138,Deck 3｜標準,条約・会議,サン＝ジェルマン条約,さんじぇるまんじょうやく,,現代,ヨーロッパ,連合国とオーストリア,1919年,1919,WH-001138-I01,integrated,統合説明,integrated,「サン＝ジェルマン条約」について説明せよ。,**1919年**、連合国とオーストリアを主な舞台に、**サン＝ジェルマン条約**は、連合国が新生**オーストリア**と結び、オーストリア＝ハンガリー帝国解体とチェコスロヴァキア・ユーゴスラヴィアなどの独立を承認させた。ドイツとの**合邦**を国際連盟の同意なしに禁じた。,サン＝ジェルマン条約|1919年|オーストリア|合邦,,,,世界史の窓（章節別用語リスト）,https://www.y-history.net/appendix/appendix-list.html
世界史段階別デッキ｜Deck 3｜主要王朝・人物・制度の穴埋め400語,WH-001141,1141,Deck 3｜標準,地域・都市,ポーランド回廊,ぽーらんどかいろう,,現代,ヨーロッパ,ポーランド北部・バルト海沿岸,1919〜1939年,1919,WH-001141-B01,beginner,用語の特定,identify,ヴェルサイユ条約でポーランドへ海への出口を与え、東プロイセンをドイツ本土から切り離した地域は？,ポーランド回廊,ポーランド回廊,,,,世界史の窓（章節別用語リスト）,https://www.y-history.net/appendix/appendix-list.html
世界史段階別デッキ｜Deck 3｜主要王朝・人物・制度の穴埋め400語,WH-001141,1141,Deck 3｜標準,地域・都市,ポーランド回廊,ぽーらんどかいろう,,現代,ヨーロッパ,ポーランド北部・バルト海沿岸,1919〜1939年,1919,WH-001141-B02,beginner,時期,time,「ポーランド回廊」が特に繁栄・注目されたのはいつ？,1919〜1939年,1919〜1939年,,,,世界史の窓（章節別用語リスト）,https://www.y-history.net/appendix/appendix-list.html
世界史段階別デッキ｜Deck 3｜主要王朝・人物・制度の穴埋め400語,WH-001141,1141,Deck 3｜標準,地域・都市,ポーランド回廊,ぽーらんどかいろう,,現代,ヨーロッパ,ポーランド北部・バルト海沿岸,1919〜1939年,1919,WH-001141-B03,beginner,地域,place,「ポーランド回廊」について、自由市とされた港は？,ダンツィヒ,ダンツィヒ,,,,世界史の窓（章節別用語リスト）,https://www.y-history.net/appendix/appendix-list.html
世界史段階別デッキ｜Deck 3｜主要王朝・人物・制度の穴埋め400語,WH-001141,1141,Deck 3｜標準,地域・都市,ポーランド回廊,ぽーらんどかいろう,,現代,ヨーロッパ,ポーランド北部・バルト海沿岸,1919〜1939年,1919,WH-001141-R01,reverse,複合説明,reverse,どんな地域・都市？,ポーランド北部・バルト海沿岸を主な舞台に、**ポーランド回廊**は、復活したポーランドにバルト海への出口を与えるため設けられ、**東プロイセン**をドイツ本土から隔てた地域である。港湾都市ダンツィヒは国際連盟管理の自由市となり、ナチスの領土要求の焦点となった。,ポーランド回廊|東プロイセン,,,,世界史の窓（章節別用語リスト）,https://www.y-history.net/appendix/appendix-list.html
世界史段階別デッキ｜Deck 3｜主要王朝・人物・制度の穴埋め400語,WH-001141,1141,Deck 3｜標準,地域・都市,ポーランド回廊,ぽーらんどかいろう,,現代,ヨーロッパ,ポーランド北部・バルト海沿岸,1919〜1939年,1919,WH-001141-R02,reverse,時期,time,「ポーランド回廊」が特に繁栄・注目されたのはいつ？,**1919〜1939年**,1919〜1939年,,,,世界史の窓（章節別用語リスト）,https://www.y-history.net/appendix/appendix-list.html
世界史段階別デッキ｜Deck 3｜主要王朝・人物・制度の穴埋め400語,WH-001141,1141,Deck 3｜標準,地域・都市,ポーランド回廊,ぽーらんどかいろう,,現代,ヨーロッパ,ポーランド北部・バルト海沿岸,1919〜1939年,1919,WH-001141-I01,integrated,統合説明,integrated,「ポーランド回廊」について説明せよ。,**1919〜1939年**、ポーランド北部・バルト海沿岸を主な舞台に、**ポーランド回廊**は、復活したポーランドにバルト海への出口を与えるため設けられ、**東プロイセン**をドイツ本土から隔てた地域である。港湾都市ダンツィヒは国際連盟管理の自由市となり、ナチスの領土要求の焦点となった。,ポーランド回廊|1919〜1939年|東プロイセン,,,,世界史の窓（章節別用語リスト）,https://www.y-history.net/appendix/appendix-list.html
世界史段階別デッキ｜Deck 3｜主要王朝・人物・制度の穴埋め400語,WH-001139,1139,Deck 3｜標準,条約・会議,セーヴル条約,せーゔるじょうやく,,現代,西アジア,連合国とオスマン帝国,1920年,1920,WH-001139-B01,beginner,用語の特定,identify,第一次世界大戦後、オスマン帝国領の大幅分割と海峡国際管理を定めたが、トルコ民族運動が拒否した条約は？,セーヴル条約,セーヴル条約,,,,世界史の窓（章節別用語リスト）,https://www.y-history.net/appendix/appendix-list.html
世界史段階別デッキ｜Deck 3｜主要王朝・人物・制度の穴埋め400語,WH-001139,1139,Deck 3｜標準,条約・会議,セーヴル条約,せーゔるじょうやく,,現代,西アジア,連合国とオスマン帝国,1920年,1920,WH-001139-B02,beginner,時期,time,「セーヴル条約」が結ばれた・開かれたのはいつ？,1920年,1920年,,,,世界史の窓（章節別用語リスト）,https://www.y-history.net/appendix/appendix-list.html
世界史段階別デッキ｜Deck 3｜主要王朝・人物・制度の穴埋め400語,WH-001139,1139,Deck 3｜標準,条約・会議,セーヴル条約,せーゔるじょうやく,,現代,西アジア,連合国とオスマン帝国,1920年,1920,WH-001139-B03,beginner,結果,result,「セーヴル条約」について、置き換えた条約は？,ローザンヌ条約,ローザンヌ条約,,,,世界史の窓（章節別用語リスト）,https://www.y-history.net/appendix/appendix-list.html
世界史段階別デッキ｜Deck 3｜主要王朝・人物・制度の穴埋め400語,WH-001139,1139,Deck 3｜標準,条約・会議,セーヴル条約,せーゔるじょうやく,,現代,西アジア,連合国とオスマン帝国,1920年,1920,WH-001139-R01,reverse,複合説明,reverse,何を決めた？,連合国とオスマン帝国を主な舞台に、**セーヴル条約**は、連合国がオスマン政府へ結ばせ、アラブ地域の委任統治、ギリシアの領土拡大、アルメニア独立、海峡の国際管理などを定めた。**ムスタファ＝ケマル**の民族運動が拒否し、後にローザンヌ条約へ置き換えられた。,セーヴル条約|ムスタファ＝ケマル,,,,世界史の窓（章節別用語リスト）,https://www.y-history.net/appendix/appendix-list.html
世界史段階別デッキ｜Deck 3｜主要王朝・人物・制度の穴埋め400語,WH-001139,1139,Deck 3｜標準,条約・会議,セーヴル条約,せーゔるじょうやく,,現代,西アジア,連合国とオスマン帝国,1920年,1920,WH-001139-R02,reverse,時期,time,「セーヴル条約」が結ばれた・開かれたのはいつ？,**1920年**,1920年,,,,世界史の窓（章節別用語リスト）,https://www.y-history.net/appendix/appendix-list.html
世界史段階別デッキ｜Deck 3｜主要王朝・人物・制度の穴埋め400語,WH-001139,1139,Deck 3｜標準,条約・会議,セーヴル条約,せーゔるじょうやく,,現代,西アジア,連合国とオスマン帝国,1920年,1920,WH-001139-I01,integrated,統合説明,integrated,「セーヴル条約」について説明せよ。,**1920年**、連合国とオスマン帝国を主な舞台に、**セーヴル条約**は、連合国がオスマン政府へ結ばせ、アラブ地域の委任統治、ギリシアの領土拡大、アルメニア独立、海峡の国際管理などを定めた。**ムスタファ＝ケマル**の民族運動が拒否し、後にローザンヌ条約へ置き換えられた。,セーヴル条約|1920年|ムスタファ＝ケマル,,,,世界史の窓（章節別用語リスト）,https://www.y-history.net/appendix/appendix-list.html
世界史段階別デッキ｜Deck 3｜主要王朝・人物・制度の穴埋め400語,WH-001137,1137,Deck 3｜標準,国家・王朝,ソヴィエト社会主義共和国連邦,そゔぃえとしゃかいしゅぎきょうわこくれんぽう,ソ連|USSR,現代,複数地域,東ヨーロッパ・北アジア・中央アジア・カフカス,1922〜1991年,1922,WH-001137-B01,beginner,用語の特定,identify,ロシア・ウクライナなどのソヴィエト共和国が1922年に結成した連邦国家は？,ソヴィエト社会主義共和国連邦,ソヴィエト社会主義共和国連邦,ソ連|USSR,,,世界史の窓（章節別用語リスト）,https://www.y-history.net/appendix/appendix-list.html
世界史段階別デッキ｜Deck 3｜主要王朝・人物・制度の穴埋め400語,WH-001137,1137,Deck 3｜標準,国家・王朝,ソヴィエト社会主義共和国連邦,そゔぃえとしゃかいしゅぎきょうわこくれんぽう,ソ連|USSR,現代,複数地域,東ヨーロッパ・北アジア・中央アジア・カフカス,1922〜1991年,1922,WH-001137-B02,beginner,時期,time,「ソヴィエト社会主義共和国連邦」が存在したのはいつ？,1922〜1991年,1922〜1991年,,,,世界史の窓（章節別用語リスト）,https://www.y-history.net/appendix/appendix-list.html
世界史段階別デッキ｜Deck 3｜主要王朝・人物・制度の穴埋め400語,WH-001137,1137,Deck 3｜標準,国家・王朝,ソヴィエト社会主義共和国連邦,そゔぃえとしゃかいしゅぎきょうわこくれんぽう,ソ連|USSR,現代,複数地域,東ヨーロッパ・北アジア・中央アジア・カフカス,1922〜1991年,1922,WH-001137-B03,beginner,内容,content,「ソヴィエト社会主義共和国連邦」について、略称は？,ソ連,ソ連,,,,世界史の窓（章節別用語リスト）,https://www.y-history.net/appendix/appendix-list.html
世界史段階別デッキ｜Deck 3｜主要王朝・人物・制度の穴埋め400語,WH-001137,1137,Deck 3｜標準,国家・王朝,ソヴィエト社会主義共和国連邦,そゔぃえとしゃかいしゅぎきょうわこくれんぽう,ソ連|USSR,現代,複数地域,東ヨーロッパ・北アジア・中央アジア・カフカス,1922〜1991年,1922,WH-001137-R01,reverse,複合説明,reverse,何をした？,東ヨーロッパ・北アジア・中央アジア・カフカスを主な舞台に、**ソヴィエト社会主義共和国連邦**は、1922年にロシア・ウクライナ・白ロシア・ザカフカースの共和国が結成した社会主義連邦国家である。**共産党**一党支配と計画経済を行い、第二次世界大戦後はアメリカと冷戦を展開したが、1991年に解体した。,ソヴィエト社会主義共和国連邦|共産党,,,,世界史の窓（章節別用語リスト）,https://www.y-history.net/appendix/appendix-list.html
世界史段階別デッキ｜Deck 3｜主要王朝・人物・制度の穴埋め400語,WH-001137,1137,Deck 3｜標準,国家・王朝,ソヴィエト社会主義共和国連邦,そゔぃえとしゃかいしゅぎきょうわこくれんぽう,ソ連|USSR,現代,複数地域,東ヨーロッパ・北アジア・中央アジア・カフカス,1922〜1991年,1922,WH-001137-R02,reverse,時期,time,「ソヴィエト社会主義共和国連邦」が存在したのはいつ？,**1922〜1991年**,1922〜1991年,,,,世界史の窓（章節別用語リスト）,https://www.y-history.net/appendix/appendix-list.html
世界史段階別デッキ｜Deck 3｜主要王朝・人物・制度の穴埋め400語,WH-001137,1137,Deck 3｜標準,国家・王朝,ソヴィエト社会主義共和国連邦,そゔぃえとしゃかいしゅぎきょうわこくれんぽう,ソ連|USSR,現代,複数地域,東ヨーロッパ・北アジア・中央アジア・カフカス,1922〜1991年,1922,WH-001137-I01,integrated,統合説明,integrated,「ソヴィエト社会主義共和国連邦」について説明せよ。,**1922〜1991年**、東ヨーロッパ・北アジア・中央アジア・カフカスを主な舞台に、**ソヴィエト社会主義共和国連邦**は、1922年にロシア・ウクライナ・白ロシア・ザカフカースの共和国が結成した社会主義連邦国家である。**共産党**一党支配と計画経済を行い、第二次世界大戦後はアメリカと冷戦を展開したが、1991年に解体した。,ソヴィエト社会主義共和国連邦|1922〜1991年|共産党,,,,世界史の窓（章節別用語リスト）,https://www.y-history.net/appendix/appendix-list.html
世界史段階別デッキ｜Deck 3｜主要王朝・人物・制度の穴埋め400語,WH-001146,1146,Deck 3｜標準,事件・革命,ローマ進軍,ろーましんぐん,,現代,ヨーロッパ,イタリア・ローマ,1922年,1922,WH-001146-B01,beginner,用語の特定,identify,ファシスト党の武装隊が首都へ圧力をかけ、国王がムッソリーニを首相に任命した事件は？,ローマ進軍,ローマ進軍,,,,世界史の窓（章節別用語リスト）,https://www.y-history.net/appendix/appendix-list.html
世界史段階別デッキ｜Deck 3｜主要王朝・人物・制度の穴埋め400語,WH-001146,1146,Deck 3｜標準,事件・革命,ローマ進軍,ろーましんぐん,,現代,ヨーロッパ,イタリア・ローマ,1922年,1922,WH-001146-B02,beginner,時期,time,「ローマ進軍」が起きたのはいつ？,1922年,1922年,,,,世界史の窓（章節別用語リスト）,https://www.y-history.net/appendix/appendix-list.html
世界史段階別デッキ｜Deck 3｜主要王朝・人物・制度の穴埋め400語,WH-001146,1146,Deck 3｜標準,事件・革命,ローマ進軍,ろーましんぐん,,現代,ヨーロッパ,イタリア・ローマ,1922年,1922,WH-001146-B03,beginner,中心人物,person,「ローマ進軍」について、首相に任命された人物は？,ムッソリーニ,ムッソリーニ,,,,世界史の窓（章節別用語リスト）,https://www.y-history.net/appendix/appendix-list.html
世界史段階別デッキ｜Deck 3｜主要王朝・人物・制度の穴埋め400語,WH-001146,1146,Deck 3｜標準,事件・革命,ローマ進軍,ろーましんぐん,,現代,ヨーロッパ,イタリア・ローマ,1922年,1922,WH-001146-R01,reverse,複合説明,reverse,何が起きた？,イタリア・ローマを主な舞台に、**ローマ進軍**は、**ファシスト党**の黒シャツ隊が各地を占拠し、ローマへ集結する姿勢を示した。国王ヴィットーリオ＝エマヌエーレ3世が戒厳令を拒否し、**ムッソリーニ**を首相へ任命して政権獲得を認めた。,ローマ進軍|ファシスト党|ムッソリーニ,,,,世界史の窓（章節別用語リスト）,https://www.y-history.net/appendix/appendix-list.html
世界史段階別デッキ｜Deck 3｜主要王朝・人物・制度の穴埋め400語,WH-001146,1146,Deck 3｜標準,事件・革命,ローマ進軍,ろーましんぐん,,現代,ヨーロッパ,イタリア・ローマ,1922年,1922,WH-001146-R02,reverse,時期,time,「ローマ進軍」が起きたのはいつ？,**1922年**,1922年,,,,世界史の窓（章節別用語リスト）,https://www.y-history.net/appendix/appendix-list.html
世界史段階別デッキ｜Deck 3｜主要王朝・人物・制度の穴埋め400語,WH-001146,1146,Deck 3｜標準,事件・革命,ローマ進軍,ろーましんぐん,,現代,ヨーロッパ,イタリア・ローマ,1922年,1922,WH-001146-I01,integrated,統合説明,integrated,「ローマ進軍」について説明せよ。,**1922年**、イタリア・ローマを主な舞台に、**ローマ進軍**は、**ファシスト党**の黒シャツ隊が各地を占拠し、ローマへ集結する姿勢を示した。国王ヴィットーリオ＝エマヌエーレ3世が戒厳令を拒否し、**ムッソリーニ**を首相へ任命して政権獲得を認めた。,ローマ進軍|1922年|ファシスト党|ムッソリーニ,,,,世界史の窓（章節別用語リスト）,https://www.y-history.net/appendix/appendix-list.html
世界史段階別デッキ｜Deck 3｜主要王朝・人物・制度の穴埋め400語,WH-001140,1140,Deck 3｜標準,条約・会議,ローザンヌ条約,ろーざんぬじょうやく,,現代,複数地域,トルコ・東地中海・スイスのローザンヌ,1923年,1923,WH-001140-B01,beginner,用語の特定,identify,トルコ独立戦争後、現在のトルコ領と主権を国際的に承認し、セーヴル条約を改めた条約は？,ローザンヌ条約,ローザンヌ条約,,,,世界史の窓（章節別用語リスト）,https://www.y-history.net/appendix/appendix-list.html
世界史段階別デッキ｜Deck 3｜主要王朝・人物・制度の穴埋め400語,WH-001140,1140,Deck 3｜標準,条約・会議,ローザンヌ条約,ろーざんぬじょうやく,,現代,複数地域,トルコ・東地中海・スイスのローザンヌ,1923年,1923,WH-001140-B02,beginner,時期,time,「ローザンヌ条約」が結ばれた・開かれたのはいつ？,1923年,1923年,,,,世界史の窓（章節別用語リスト）,https://www.y-history.net/appendix/appendix-list.html
世界史段階別デッキ｜Deck 3｜主要王朝・人物・制度の穴埋め400語,WH-001140,1140,Deck 3｜標準,条約・会議,ローザンヌ条約,ろーざんぬじょうやく,,現代,複数地域,トルコ・東地中海・スイスのローザンヌ,1923年,1923,WH-001140-B03,beginner,関連,relation,「ローザンヌ条約」について、承認された国家は？,トルコ共和国,トルコ共和国,,,,世界史の窓（章節別用語リスト）,https://www.y-history.net/appendix/appendix-list.html
世界史段階別デッキ｜Deck 3｜主要王朝・人物・制度の穴埋め400語,WH-001140,1140,Deck 3｜標準,条約・会議,ローザンヌ条約,ろーざんぬじょうやく,,現代,複数地域,トルコ・東地中海・スイスのローザンヌ,1923年,1923,WH-001140-R01,reverse,複合説明,reverse,何を決めた？,トルコ・東地中海・スイスのローザンヌを主な舞台に、**ローザンヌ条約**は、ムスタファ＝ケマル側と連合国が結び、東トラキア・アナトリアを含む**トルコ**の国境と主権を承認した。セーヴル条約を破棄し、治外法権を廃止し、ギリシアとの住民交換を認めた。,ローザンヌ条約|トルコ,,,,世界史の窓（章節別用語リスト）,https://www.y-history.net/appendix/appendix-list.html
世界史段階別デッキ｜Deck 3｜主要王朝・人物・制度の穴埋め400語,WH-001140,1140,Deck 3｜標準,条約・会議,ローザンヌ条約,ろーざんぬじょうやく,,現代,複数地域,トルコ・東地中海・スイスのローザンヌ,1923年,1923,WH-001140-R02,reverse,時期,time,「ローザンヌ条約」が結ばれた・開かれたのはいつ？,**1923年**,1923年,,,,世界史の窓（章節別用語リスト）,https://www.y-history.net/appendix/appendix-list.html
世界史段階別デッキ｜Deck 3｜主要王朝・人物・制度の穴埋め400語,WH-001140,1140,Deck 3｜標準,条約・会議,ローザンヌ条約,ろーざんぬじょうやく,,現代,複数地域,トルコ・東地中海・スイスのローザンヌ,1923年,1923,WH-001140-I01,integrated,統合説明,integrated,「ローザンヌ条約」について説明せよ。,**1923年**、トルコ・東地中海・スイスのローザンヌを主な舞台に、**ローザンヌ条約**は、ムスタファ＝ケマル側と連合国が結び、東トラキア・アナトリアを含む**トルコ**の国境と主権を承認した。セーヴル条約を破棄し、治外法権を廃止し、ギリシアとの住民交換を認めた。,ローザンヌ条約|1923年|トルコ,,,,世界史の窓（章節別用語リスト）,https://www.y-history.net/appendix/appendix-list.html
世界史段階別デッキ｜Deck 3｜主要王朝・人物・制度の穴埋め400語,WH-001148,1148,Deck 3｜標準,事件・革命,ミュンヘン一揆,みゅんへんいっき,ビアホール一揆,現代,ヨーロッパ,ドイツ・ミュンヘン,1923年,1923,WH-001148-B01,beginner,用語の特定,identify,ヒトラーとナチ党がバイエルンから政権奪取を企てたが失敗したクーデタは？,ミュンヘン一揆,ミュンヘン一揆,ビアホール一揆,,,世界史の窓（章節別用語リスト）,https://www.y-history.net/appendix/appendix-list.html
世界史段階別デッキ｜Deck 3｜主要王朝・人物・制度の穴埋め400語,WH-001148,1148,Deck 3｜標準,事件・革命,ミュンヘン一揆,みゅんへんいっき,ビアホール一揆,現代,ヨーロッパ,ドイツ・ミュンヘン,1923年,1923,WH-001148-B02,beginner,時期,time,「ミュンヘン一揆」が起きたのはいつ？,1923年,1923年,,,,世界史の窓（章節別用語リスト）,https://www.y-history.net/appendix/appendix-list.html
世界史段階別デッキ｜Deck 3｜主要王朝・人物・制度の穴埋め400語,WH-001148,1148,Deck 3｜標準,事件・革命,ミュンヘン一揆,みゅんへんいっき,ビアホール一揆,現代,ヨーロッパ,ドイツ・ミュンヘン,1923年,1923,WH-001148-B03,beginner,内容,content,「ミュンヘン一揆」について、首謀者は？,ヒトラー,ヒトラー,,,,世界史の窓（章節別用語リスト）,https://www.y-history.net/appendix/appendix-list.html
世界史段階別デッキ｜Deck 3｜主要王朝・人物・制度の穴埋め400語,WH-001148,1148,Deck 3｜標準,事件・革命,ミュンヘン一揆,みゅんへんいっき,ビアホール一揆,現代,ヨーロッパ,ドイツ・ミュンヘン,1923年,1923,WH-001148-R01,reverse,複合説明,reverse,何が起きた？,ドイツ・ミュンヘンを主な舞台に、**ミュンヘン一揆**は、ルール占領とインフレの混乱下、**ヒトラー**とナチ党がミュンヘンのビアホールで州政府を拘束し、ベルリン進撃を企てた。警察に鎮圧され、ヒトラーは投獄後に合法的政権獲得へ方針を変えた。,ミュンヘン一揆|ヒトラー,,,,世界史の窓（章節別用語リスト）,https://www.y-history.net/appendix/appendix-list.html
世界史段階別デッキ｜Deck 3｜主要王朝・人物・制度の穴埋め400語,WH-001148,1148,Deck 3｜標準,事件・革命,ミュンヘン一揆,みゅんへんいっき,ビアホール一揆,現代,ヨーロッパ,ドイツ・ミュンヘン,1923年,1923,WH-001148-R02,reverse,時期,time,「ミュンヘン一揆」が起きたのはいつ？,**1923年**,1923年,,,,世界史の窓（章節別用語リスト）,https://www.y-history.net/appendix/appendix-list.html
世界史段階別デッキ｜Deck 3｜主要王朝・人物・制度の穴埋め400語,WH-001148,1148,Deck 3｜標準,事件・革命,ミュンヘン一揆,みゅんへんいっき,ビアホール一揆,現代,ヨーロッパ,ドイツ・ミュンヘン,1923年,1923,WH-001148-I01,integrated,統合説明,integrated,「ミュンヘン一揆」について説明せよ。,**1923年**、ドイツ・ミュンヘンを主な舞台に、**ミュンヘン一揆**は、ルール占領とインフレの混乱下、**ヒトラー**とナチ党がミュンヘンのビアホールで州政府を拘束し、ベルリン進撃を企てた。警察に鎮圧され、ヒトラーは投獄後に合法的政権獲得へ方針を変えた。,ミュンヘン一揆|1923年|ヒトラー,,,,世界史の窓（章節別用語リスト）,https://www.y-history.net/appendix/appendix-list.html
世界史段階別デッキ｜Deck 3｜主要王朝・人物・制度の穴埋め400語,WH-001149,1149,Deck 3｜標準,文書・作品,我が闘争,わがとうそう,マイン＝カンプ,現代,ヨーロッパ,ドイツ,1925〜1926年刊行,1925,WH-001149-B01,beginner,用語の特定,identify,ヒトラーが獄中で執筆し、反ユダヤ主義・指導者原理・生存圏拡大を述べた書物は？,我が闘争,我が闘争,マイン＝カンプ,,,世界史の窓（章節別用語リスト）,https://www.y-history.net/appendix/appendix-list.html
世界史段階別デッキ｜Deck 3｜主要王朝・人物・制度の穴埋め400語,WH-001149,1149,Deck 3｜標準,文書・作品,我が闘争,わがとうそう,マイン＝カンプ,現代,ヨーロッパ,ドイツ,1925〜1926年刊行,1925,WH-001149-B02,beginner,時期,time,「我が闘争」が成立・発表されたのはいつ？,1925〜1926年刊行,1925〜1926年刊行,,,,世界史の窓（章節別用語リスト）,https://www.y-history.net/appendix/appendix-list.html
世界史段階別デッキ｜Deck 3｜主要王朝・人物・制度の穴埋め400語,WH-001149,1149,Deck 3｜標準,文書・作品,我が闘争,わがとうそう,マイン＝カンプ,現代,ヨーロッパ,ドイツ,1925〜1926年刊行,1925,WH-001149-B03,beginner,中心人物,person,「我が闘争」について、著者は？,ヒトラー,ヒトラー,,,,世界史の窓（章節別用語リスト）,https://www.y-history.net/appendix/appendix-list.html
世界史段階別デッキ｜Deck 3｜主要王朝・人物・制度の穴埋め400語,WH-001149,1149,Deck 3｜標準,文書・作品,我が闘争,わがとうそう,マイン＝カンプ,現代,ヨーロッパ,ドイツ,1925〜1926年刊行,1925,WH-001149-R01,reverse,複合説明,reverse,何が書かれている？,ドイツを主な舞台に、**我が闘争**は、ミュンヘン一揆後の獄中で**ヒトラー**が口述・執筆した政治的自伝である。人種主義・**反ユダヤ主義**、共産主義敵視、指導者原理、東方への**生存圏**拡大などナチ思想を示した。,我が闘争|ヒトラー|反ユダヤ主義|生存圏,,,,世界史の窓（章節別用語リスト）,https://www.y-history.net/appendix/appendix-list.html
世界史段階別デッキ｜Deck 3｜主要王朝・人物・制度の穴埋め400語,WH-001149,1149,Deck 3｜標準,文書・作品,我が闘争,わがとうそう,マイン＝カンプ,現代,ヨーロッパ,ドイツ,1925〜1926年刊行,1925,WH-001149-R02,reverse,時期,time,「我が闘争」が成立・発表されたのはいつ？,**1925〜1926年刊行**,1925〜1926年刊行,,,,世界史の窓（章節別用語リスト）,https://www.y-history.net/appendix/appendix-list.html
世界史段階別デッキ｜Deck 3｜主要王朝・人物・制度の穴埋め400語,WH-001149,1149,Deck 3｜標準,文書・作品,我が闘争,わがとうそう,マイン＝カンプ,現代,ヨーロッパ,ドイツ,1925〜1926年刊行,1925,WH-001149-I01,integrated,統合説明,integrated,「我が闘争」について説明せよ。,**1925〜1926年刊行**、ドイツを主な舞台に、**我が闘争**は、ミュンヘン一揆後の獄中で**ヒトラー**が口述・執筆した政治的自伝である。人種主義・**反ユダヤ主義**、共産主義敵視、指導者原理、東方への**生存圏**拡大などナチ思想を示した。,我が闘争|1925〜1926年刊行|ヒトラー|反ユダヤ主義|生存圏,,,,世界史の窓（章節別用語リスト）,https://www.y-history.net/appendix/appendix-list.html
世界史段階別デッキ｜Deck 3｜主要王朝・人物・制度の穴埋め400語,WH-001152,1152,Deck 3｜標準,組織・政党,親衛隊,しんえいたい,SS|シュッツシュタッフェル,現代,ヨーロッパ,ナチス＝ドイツと占領地域,1925〜1945年,1925,WH-001152-B01,beginner,用語の特定,identify,ヒムラーのもとで秘密警察・強制収容所・武装部隊を掌握し、ホロコーストを実行したナチ組織は？,親衛隊,親衛隊,SS|シュッツシュタッフェル,,,世界史の窓（章節別用語リスト）,https://www.y-history.net/appendix/appendix-list.html
世界史段階別デッキ｜Deck 3｜主要王朝・人物・制度の穴埋め400語,WH-001152,1152,Deck 3｜標準,組織・政党,親衛隊,しんえいたい,SS|シュッツシュタッフェル,現代,ヨーロッパ,ナチス＝ドイツと占領地域,1925〜1945年,1925,WH-001152-B02,beginner,時期,time,「親衛隊」が使用・展開されたのはいつ？,1925〜1945年,1925〜1945年,,,,世界史の窓（章節別用語リスト）,https://www.y-history.net/appendix/appendix-list.html
世界史段階別デッキ｜Deck 3｜主要王朝・人物・制度の穴埋め400語,WH-001152,1152,Deck 3｜標準,組織・政党,親衛隊,しんえいたい,SS|シュッツシュタッフェル,現代,ヨーロッパ,ナチス＝ドイツと占領地域,1925〜1945年,1925,WH-001152-B03,beginner,中心人物,person,「親衛隊」について、最高指導者は？,ヒムラー,ヒムラー,,,,世界史の窓（章節別用語リスト）,https://www.y-history.net/appendix/appendix-list.html
世界史段階別デッキ｜Deck 3｜主要王朝・人物・制度の穴埋め400語,WH-001152,1152,Deck 3｜標準,組織・政党,親衛隊,しんえいたい,SS|シュッツシュタッフェル,現代,ヨーロッパ,ナチス＝ドイツと占領地域,1925〜1945年,1925,WH-001152-R01,reverse,複合説明,reverse,何をした？,ナチス＝ドイツと占領地域を主な舞台に、**親衛隊**は、当初はヒトラーの護衛隊として発足し、**ヒムラー**のもとで党内警察・保安機関・強制収容所・武装親衛隊を統合する巨大組織となった。占領地支配と**ホロコースト**の主要実行主体であった。,親衛隊|ヒムラー|ホロコースト,,,,世界史の窓（章節別用語リスト）,https://www.y-history.net/appendix/appendix-list.html
世界史段階別デッキ｜Deck 3｜主要王朝・人物・制度の穴埋め400語,WH-001152,1152,Deck 3｜標準,組織・政党,親衛隊,しんえいたい,SS|シュッツシュタッフェル,現代,ヨーロッパ,ナチス＝ドイツと占領地域,1925〜1945年,1925,WH-001152-R02,reverse,時期,time,「親衛隊」が使用・展開されたのはいつ？,**1925〜1945年**,1925〜1945年,,,,世界史の窓（章節別用語リスト）,https://www.y-history.net/appendix/appendix-list.html
世界史段階別デッキ｜Deck 3｜主要王朝・人物・制度の穴埋め400語,WH-001152,1152,Deck 3｜標準,組織・政党,親衛隊,しんえいたい,SS|シュッツシュタッフェル,現代,ヨーロッパ,ナチス＝ドイツと占領地域,1925〜1945年,1925,WH-001152-I01,integrated,統合説明,integrated,「親衛隊」について説明せよ。,**1925〜1945年**、ナチス＝ドイツと占領地域を主な舞台に、**親衛隊**は、当初はヒトラーの護衛隊として発足し、**ヒムラー**のもとで党内警察・保安機関・強制収容所・武装親衛隊を統合する巨大組織となった。占領地支配と**ホロコースト**の主要実行主体であった。,親衛隊|1925〜1945年|ヒムラー|ホロコースト,,,,世界史の窓（章節別用語リスト）,https://www.y-history.net/appendix/appendix-list.html
世界史段階別デッキ｜Deck 3｜主要王朝・人物・制度の穴埋め400語,WH-001147,1147,Deck 3｜標準,条約・会議,ラテラノ条約,らてらのじょうやく,,現代,ヨーロッパ,イタリア・ローマ・ヴァティカン,1929年,1929,WH-001147-B01,beginner,用語の特定,identify,イタリア政府とローマ教皇庁が和解し、ヴァティカン市国を承認した条約は？,ラテラノ条約,ラテラノ条約,,,,世界史の窓（章節別用語リスト）,https://www.y-history.net/appendix/appendix-list.html
世界史段階別デッキ｜Deck 3｜主要王朝・人物・制度の穴埋め400語,WH-001147,1147,Deck 3｜標準,条約・会議,ラテラノ条約,らてらのじょうやく,,現代,ヨーロッパ,イタリア・ローマ・ヴァティカン,1929年,1929,WH-001147-B02,beginner,時期,time,「ラテラノ条約」が結ばれた・開かれたのはいつ？,1929年,1929年,,,,世界史の窓（章節別用語リスト）,https://www.y-history.net/appendix/appendix-list.html
世界史段階別デッキ｜Deck 3｜主要王朝・人物・制度の穴埋め400語,WH-001147,1147,Deck 3｜標準,条約・会議,ラテラノ条約,らてらのじょうやく,,現代,ヨーロッパ,イタリア・ローマ・ヴァティカン,1929年,1929,WH-001147-B03,beginner,関連,relation,「ラテラノ条約」について、承認された国家は？,ヴァティカン市国,ヴァティカン市国,,,,世界史の窓（章節別用語リスト）,https://www.y-history.net/appendix/appendix-list.html
世界史段階別デッキ｜Deck 3｜主要王朝・人物・制度の穴埋め400語,WH-001147,1147,Deck 3｜標準,条約・会議,ラテラノ条約,らてらのじょうやく,,現代,ヨーロッパ,イタリア・ローマ・ヴァティカン,1929年,1929,WH-001147-R01,reverse,複合説明,reverse,何を決めた？,イタリア・ローマ・ヴァティカンを主な舞台に、**ラテラノ条約**は、ムッソリーニ政権と教皇庁が結び、1870年以来のローマ問題を解決した。イタリアは**ヴァティカン市国**の主権とカトリックの特別な地位を認め、教皇庁はイタリア王国を承認した。,ラテラノ条約|ヴァティカン市国,,,,世界史の窓（章節別用語リスト）,https://www.y-history.net/appendix/appendix-list.html
世界史段階別デッキ｜Deck 3｜主要王朝・人物・制度の穴埋め400語,WH-001147,1147,Deck 3｜標準,条約・会議,ラテラノ条約,らてらのじょうやく,,現代,ヨーロッパ,イタリア・ローマ・ヴァティカン,1929年,1929,WH-001147-R02,reverse,時期,time,「ラテラノ条約」が結ばれた・開かれたのはいつ？,**1929年**,1929年,,,,世界史の窓（章節別用語リスト）,https://www.y-history.net/appendix/appendix-list.html
世界史段階別デッキ｜Deck 3｜主要王朝・人物・制度の穴埋め400語,WH-001147,1147,Deck 3｜標準,条約・会議,ラテラノ条約,らてらのじょうやく,,現代,ヨーロッパ,イタリア・ローマ・ヴァティカン,1929年,1929,WH-001147-I01,integrated,統合説明,integrated,「ラテラノ条約」について説明せよ。,**1929年**、イタリア・ローマ・ヴァティカンを主な舞台に、**ラテラノ条約**は、ムッソリーニ政権と教皇庁が結び、1870年以来のローマ問題を解決した。イタリアは**ヴァティカン市国**の主権とカトリックの特別な地位を認め、教皇庁はイタリア王国を承認した。,ラテラノ条約|1929年|ヴァティカン市国,,,,世界史の窓（章節別用語リスト）,https://www.y-history.net/appendix/appendix-list.html
世界史段階別デッキ｜Deck 3｜主要王朝・人物・制度の穴埋め400語,WH-001156,1156,Deck 3｜標準,国家・王朝,満洲国,まんしゅうこく,,現代,東アジア,中国東北部・満洲,1932〜1945年,1932,WH-001156-B01,beginner,用語の特定,identify,満洲事変後に日本軍が清朝最後の皇帝溥儀(ふぎ)を元首として建てた傀儡国家は？,満洲国,満洲国,,,,世界史の窓（章節別用語リスト）,https://www.y-history.net/appendix/appendix-list.html
世界史段階別デッキ｜Deck 3｜主要王朝・人物・制度の穴埋め400語,WH-001156,1156,Deck 3｜標準,国家・王朝,満洲国,まんしゅうこく,,現代,東アジア,中国東北部・満洲,1932〜1945年,1932,WH-001156-B02,beginner,時期,time,「満洲国」が存在したのはいつ？,1932〜1945年,1932〜1945年,,,,世界史の窓（章節別用語リスト）,https://www.y-history.net/appendix/appendix-list.html
世界史段階別デッキ｜Deck 3｜主要王朝・人物・制度の穴埋め400語,WH-001156,1156,Deck 3｜標準,国家・王朝,満洲国,まんしゅうこく,,現代,東アジア,中国東北部・満洲,1932〜1945年,1932,WH-001156-B03,beginner,内容,content,「満洲国」について、元首は？,溥儀(ふぎ),溥儀,,,,世界史の窓（章節別用語リスト）,https://www.y-history.net/appendix/appendix-list.html
世界史段階別デッキ｜Deck 3｜主要王朝・人物・制度の穴埋め400語,WH-001156,1156,Deck 3｜標準,国家・王朝,満洲国,まんしゅうこく,,現代,東アジア,中国東北部・満洲,1932〜1945年,1932,WH-001156-R01,reverse,複合説明,reverse,何をした？,中国東北部・満洲を主な舞台に、**満洲国**は、満洲事変で中国東北部を占領した**関東軍**が1932年に建国させ、清朝最後の皇帝**溥儀(ふぎ)**を執政・皇帝に据えた。実権は日本軍・官僚が握り、国際連盟の多くの国は承認しなかった。,満洲国|関東軍|溥儀,,,,世界史の窓（章節別用語リスト）,https://www.y-history.net/appendix/appendix-list.html
世界史段階別デッキ｜Deck 3｜主要王朝・人物・制度の穴埋め400語,WH-001156,1156,Deck 3｜標準,国家・王朝,満洲国,まんしゅうこく,,現代,東アジア,中国東北部・満洲,1932〜1945年,1932,WH-001156-R02,reverse,時期,time,「満洲国」が存在したのはいつ？,**1932〜1945年**,1932〜1945年,,,,世界史の窓（章節別用語リスト）,https://www.y-history.net/appendix/appendix-list.html
世界史段階別デッキ｜Deck 3｜主要王朝・人物・制度の穴埋め400語,WH-001156,1156,Deck 3｜標準,国家・王朝,満洲国,まんしゅうこく,,現代,東アジア,中国東北部・満洲,1932〜1945年,1932,WH-001156-I01,integrated,統合説明,integrated,「満洲国」について説明せよ。,**1932〜1945年**、中国東北部・満洲を主な舞台に、**満洲国**は、満洲事変で中国東北部を占領した**関東軍**が1932年に建国させ、清朝最後の皇帝**溥儀(ふぎ)**を執政・皇帝に据えた。実権は日本軍・官僚が握り、国際連盟の多くの国は承認しなかった。,満洲国|1932〜1945年|関東軍|溥儀,,,,世界史の窓（章節別用語リスト）,https://www.y-history.net/appendix/appendix-list.html
世界史段階別デッキ｜Deck 3｜主要王朝・人物・制度の穴埋め400語,WH-001157,1157,Deck 3｜標準,組織・政党,リットン調査団,りっとんちょうさだん,,現代,東アジア,中国東北部・満洲と日本・中国,1932年,1932,WH-001157-B01,beginner,用語の特定,identify,国際連盟が満洲事変を調査し、満洲国を自発的独立国家とは認めなかった調査団は？,リットン調査団,リットン調査団,,,,世界史の窓（章節別用語リスト）,https://www.y-history.net/appendix/appendix-list.html
世界史段階別デッキ｜Deck 3｜主要王朝・人物・制度の穴埋め400語,WH-001157,1157,Deck 3｜標準,組織・政党,リットン調査団,りっとんちょうさだん,,現代,東アジア,中国東北部・満洲と日本・中国,1932年,1932,WH-001157-B02,beginner,時期,time,「リットン調査団」が使用・展開されたのはいつ？,1932年,1932年,,,,世界史の窓（章節別用語リスト）,https://www.y-history.net/appendix/appendix-list.html
世界史段階別デッキ｜Deck 3｜主要王朝・人物・制度の穴埋め400語,WH-001157,1157,Deck 3｜標準,組織・政党,リットン調査団,りっとんちょうさだん,,現代,東アジア,中国東北部・満洲と日本・中国,1932年,1932,WH-001157-B03,beginner,内容,content,「リットン調査団」について、派遣した機関は？,国際連盟,国際連盟,,,,世界史の窓（章節別用語リスト）,https://www.y-history.net/appendix/appendix-list.html
世界史段階別デッキ｜Deck 3｜主要王朝・人物・制度の穴埋め400語,WH-001157,1157,Deck 3｜標準,組織・政党,リットン調査団,りっとんちょうさだん,,現代,東アジア,中国東北部・満洲と日本・中国,1932年,1932,WH-001157-R01,reverse,複合説明,reverse,何をした？,中国東北部・満洲と日本・中国を主な舞台に、**リットン調査団**は、**国際連盟**がイギリスのリットンを団長として満洲へ派遣した。報告書は日本の安全上の懸念を一部認めつつ、軍事行動を正当防衛とせず、満洲国を真正な独立国家と認めなかったため、日本は連盟を脱退した。,リットン調査団|国際連盟,,,,世界史の窓（章節別用語リスト）,https://www.y-history.net/appendix/appendix-list.html
世界史段階別デッキ｜Deck 3｜主要王朝・人物・制度の穴埋め400語,WH-001157,1157,Deck 3｜標準,組織・政党,リットン調査団,りっとんちょうさだん,,現代,東アジア,中国東北部・満洲と日本・中国,1932年,1932,WH-001157-R02,reverse,時期,time,「リットン調査団」が使用・展開されたのはいつ？,**1932年**,1932年,,,,世界史の窓（章節別用語リスト）,https://www.y-history.net/appendix/appendix-list.html
世界史段階別デッキ｜Deck 3｜主要王朝・人物・制度の穴埋め400語,WH-001157,1157,Deck 3｜標準,組織・政党,リットン調査団,りっとんちょうさだん,,現代,東アジア,中国東北部・満洲と日本・中国,1932年,1932,WH-001157-I01,integrated,統合説明,integrated,「リットン調査団」について説明せよ。,**1932年**、中国東北部・満洲と日本・中国を主な舞台に、**リットン調査団**は、**国際連盟**がイギリスのリットンを団長として満洲へ派遣した。報告書は日本の安全上の懸念を一部認めつつ、軍事行動を正当防衛とせず、満洲国を真正な独立国家と認めなかったため、日本は連盟を脱退した。,リットン調査団|1932年|国際連盟,,,,世界史の窓（章節別用語リスト）,https://www.y-history.net/appendix/appendix-list.html
世界史段階別デッキ｜Deck 3｜主要王朝・人物・制度の穴埋め400語,WH-001150,1150,Deck 3｜標準,制度・政策・法律,ニュルンベルク法,にゅるんべるくほう,,現代,ヨーロッパ,ナチス＝ドイツ,1935年,1935,WH-001150-B01,beginner,用語の特定,identify,ユダヤ人からドイツ国籍を奪い、ユダヤ人と「ドイツ人」の婚姻を禁じた人種法は？,ニュルンベルク法,ニュルンベルク法,,,,世界史の窓（章節別用語リスト）,https://www.y-history.net/appendix/appendix-list.html
世界史段階別デッキ｜Deck 3｜主要王朝・人物・制度の穴埋め400語,WH-001150,1150,Deck 3｜標準,制度・政策・法律,ニュルンベルク法,にゅるんべるくほう,,現代,ヨーロッパ,ナチス＝ドイツ,1935年,1935,WH-001150-B02,beginner,時期,time,「ニュルンベルク法」が実施・整備されたのはいつ？,1935年,1935年,,,,世界史の窓（章節別用語リスト）,https://www.y-history.net/appendix/appendix-list.html
世界史段階別デッキ｜Deck 3｜主要王朝・人物・制度の穴埋め400語,WH-001150,1150,Deck 3｜標準,制度・政策・法律,ニュルンベルク法,にゅるんべるくほう,,現代,ヨーロッパ,ナチス＝ドイツ,1935年,1935,WH-001150-B03,beginner,関連,relation,「ニュルンベルク法」について、差別対象は？,ユダヤ人,ユダヤ人,,,,世界史の窓（章節別用語リスト）,https://www.y-history.net/appendix/appendix-list.html
世界史段階別デッキ｜Deck 3｜主要王朝・人物・制度の穴埋め400語,WH-001150,1150,Deck 3｜標準,制度・政策・法律,ニュルンベルク法,にゅるんべるくほう,,現代,ヨーロッパ,ナチス＝ドイツ,1935年,1935,WH-001150-R01,reverse,複合説明,reverse,どんな制度・政策・法律？,ナチス＝ドイツを主な舞台に、**ニュルンベルク法**は、ナチ党大会で制定された**帝国市民法**と**ドイツ人の血と名誉を守る法律**などで、ユダヤ人を血統で定義して市民権を奪い、婚姻・性的関係を禁止した。迫害と大量虐殺への法的段階となった。,ニュルンベルク法|帝国市民法|ドイツ人の血と名誉を守る法律,,,,世界史の窓（章節別用語リスト）,https://www.y-history.net/appendix/appendix-list.html
世界史段階別デッキ｜Deck 3｜主要王朝・人物・制度の穴埋め400語,WH-001150,1150,Deck 3｜標準,制度・政策・法律,ニュルンベルク法,にゅるんべるくほう,,現代,ヨーロッパ,ナチス＝ドイツ,1935年,1935,WH-001150-R02,reverse,時期,time,「ニュルンベルク法」が実施・整備されたのはいつ？,**1935年**,1935年,,,,世界史の窓（章節別用語リスト）,https://www.y-history.net/appendix/appendix-list.html
世界史段階別デッキ｜Deck 3｜主要王朝・人物・制度の穴埋め400語,WH-001150,1150,Deck 3｜標準,制度・政策・法律,ニュルンベルク法,にゅるんべるくほう,,現代,ヨーロッパ,ナチス＝ドイツ,1935年,1935,WH-001150-I01,integrated,統合説明,integrated,「ニュルンベルク法」について説明せよ。,**1935年**、ナチス＝ドイツを主な舞台に、**ニュルンベルク法**は、ナチ党大会で制定された**帝国市民法**と**ドイツ人の血と名誉を守る法律**などで、ユダヤ人を血統で定義して市民権を奪い、婚姻・性的関係を禁止した。迫害と大量虐殺への法的段階となった。,ニュルンベルク法|1935年|帝国市民法|ドイツ人の血と名誉を守る法律,,,,世界史の窓（章節別用語リスト）,https://www.y-history.net/appendix/appendix-list.html
世界史段階別デッキ｜Deck 3｜主要王朝・人物・制度の穴埋め400語,WH-001153,1153,Deck 3｜標準,制度・政策・法律,宥和政策,ゆうわせいさく,,現代,ヨーロッパ,イギリス・フランスとナチス＝ドイツ,1930年代後半,1935,WH-001153-B01,beginner,用語の特定,identify,英仏が戦争回避のためドイツの領土要求へ譲歩し、ミュンヘン会談で頂点に達した政策は？,宥和政策,宥和政策,,,,世界史の窓（章節別用語リスト）,https://www.y-history.net/appendix/appendix-list.html
世界史段階別デッキ｜Deck 3｜主要王朝・人物・制度の穴埋め400語,WH-001153,1153,Deck 3｜標準,制度・政策・法律,宥和政策,ゆうわせいさく,,現代,ヨーロッパ,イギリス・フランスとナチス＝ドイツ,1930年代後半,1935,WH-001153-B02,beginner,時期,time,「宥和政策」が実施・整備されたのはいつ？,1930年代後半,1930年代後半,,,,世界史の窓（章節別用語リスト）,https://www.y-history.net/appendix/appendix-list.html
世界史段階別デッキ｜Deck 3｜主要王朝・人物・制度の穴埋め400語,WH-001153,1153,Deck 3｜標準,制度・政策・法律,宥和政策,ゆうわせいさく,,現代,ヨーロッパ,イギリス・フランスとナチス＝ドイツ,1930年代後半,1935,WH-001153-B03,beginner,内容,content,「宥和政策」について、象徴的な会談は？,ミュンヘン会談,ミュンヘン会談,,,,世界史の窓（章節別用語リスト）,https://www.y-history.net/appendix/appendix-list.html
世界史段階別デッキ｜Deck 3｜主要王朝・人物・制度の穴埋め400語,WH-001153,1153,Deck 3｜標準,制度・政策・法律,宥和政策,ゆうわせいさく,,現代,ヨーロッパ,イギリス・フランスとナチス＝ドイツ,1930年代後半,1935,WH-001153-R01,reverse,複合説明,reverse,どんな制度・政策・法律？,イギリス・フランスとナチス＝ドイツを主な舞台に、**宥和政策**は、第一次世界大戦の再来を避けたい世論と軍備不足を背景に、イギリス・フランスがヒトラーの再軍備・領土拡張へ一定の譲歩を行った。1938年の**ミュンヘン会談**が頂点となったが、侵略を止められなかった。,宥和政策|ミュンヘン会談,,,,世界史の窓（章節別用語リスト）,https://www.y-history.net/appendix/appendix-list.html
世界史段階別デッキ｜Deck 3｜主要王朝・人物・制度の穴埋め400語,WH-001153,1153,Deck 3｜標準,制度・政策・法律,宥和政策,ゆうわせいさく,,現代,ヨーロッパ,イギリス・フランスとナチス＝ドイツ,1930年代後半,1935,WH-001153-R02,reverse,時期,time,「宥和政策」が実施・整備されたのはいつ？,**1930年代後半**,1930年代後半,,,,世界史の窓（章節別用語リスト）,https://www.y-history.net/appendix/appendix-list.html
世界史段階別デッキ｜Deck 3｜主要王朝・人物・制度の穴埋め400語,WH-001153,1153,Deck 3｜標準,制度・政策・法律,宥和政策,ゆうわせいさく,,現代,ヨーロッパ,イギリス・フランスとナチス＝ドイツ,1930年代後半,1935,WH-001153-I01,integrated,統合説明,integrated,「宥和政策」について説明せよ。,**1930年代後半**、イギリス・フランスとナチス＝ドイツを主な舞台に、**宥和政策**は、第一次世界大戦の再来を避けたい世論と軍備不足を背景に、イギリス・フランスがヒトラーの再軍備・領土拡張へ一定の譲歩を行った。1938年の**ミュンヘン会談**が頂点となったが、侵略を止められなかった。,宥和政策|1930年代後半|ミュンヘン会談,,,,世界史の窓（章節別用語リスト）,https://www.y-history.net/appendix/appendix-list.html
世界史段階別デッキ｜Deck 3｜主要王朝・人物・制度の穴埋め400語,WH-001154,1154,Deck 3｜標準,組織・政党,枢軸国,すうじくこく,枢軸勢力,現代,複数地域,ヨーロッパ・東アジア・地中海,1930年代後半〜1945年,1936,WH-001154-B01,beginner,用語の特定,identify,第二次世界大戦でドイツ・イタリア・日本を中心に連合国と戦った国家群は？,枢軸国,枢軸国,枢軸勢力,,,世界史の窓（章節別用語リスト）,https://www.y-history.net/appendix/appendix-list.html
世界史段階別デッキ｜Deck 3｜主要王朝・人物・制度の穴埋め400語,WH-001154,1154,Deck 3｜標準,組織・政党,枢軸国,すうじくこく,枢軸勢力,現代,複数地域,ヨーロッパ・東アジア・地中海,1930年代後半〜1945年,1936,WH-001154-B02,beginner,時期,time,「枢軸国」が使用・展開されたのはいつ？,1930年代後半〜1945年,1930年代後半〜1945年,,,,世界史の窓（章節別用語リスト）,https://www.y-history.net/appendix/appendix-list.html
世界史段階別デッキ｜Deck 3｜主要王朝・人物・制度の穴埋め400語,WH-001154,1154,Deck 3｜標準,組織・政党,枢軸国,すうじくこく,枢軸勢力,現代,複数地域,ヨーロッパ・東アジア・地中海,1930年代後半〜1945年,1936,WH-001154-B03,beginner,関連,relation,「枢軸国」について、中心三国は？,ドイツ・イタリア・日本,ドイツ・イタリア・日本,,,,世界史の窓（章節別用語リスト）,https://www.y-history.net/appendix/appendix-list.html
世界史段階別デッキ｜Deck 3｜主要王朝・人物・制度の穴埋め400語,WH-001154,1154,Deck 3｜標準,組織・政党,枢軸国,すうじくこく,枢軸勢力,現代,複数地域,ヨーロッパ・東アジア・地中海,1930年代後半〜1945年,1936,WH-001154-R01,reverse,複合説明,reverse,何をした？,ヨーロッパ・東アジア・地中海を主な舞台に、**枢軸国**は、「ベルリン＝ローマ枢軸」を基礎に、**ドイツ・イタリア・日本**が日独伊三国同盟で結んだ陣営である。ハンガリー・ルーマニアなども加わり、第二次世界大戦で連合国と戦った。,枢軸国|ドイツ・イタリア・日本,,,,世界史の窓（章節別用語リスト）,https://www.y-history.net/appendix/appendix-list.html
世界史段階別デッキ｜Deck 3｜主要王朝・人物・制度の穴埋め400語,WH-001154,1154,Deck 3｜標準,組織・政党,枢軸国,すうじくこく,枢軸勢力,現代,複数地域,ヨーロッパ・東アジア・地中海,1930年代後半〜1945年,1936,WH-001154-R02,reverse,時期,time,「枢軸国」が使用・展開されたのはいつ？,**1930年代後半〜1945年**,1930年代後半〜1945年,,,,世界史の窓（章節別用語リスト）,https://www.y-history.net/appendix/appendix-list.html
世界史段階別デッキ｜Deck 3｜主要王朝・人物・制度の穴埋め400語,WH-001154,1154,Deck 3｜標準,組織・政党,枢軸国,すうじくこく,枢軸勢力,現代,複数地域,ヨーロッパ・東アジア・地中海,1930年代後半〜1945年,1936,WH-001154-I01,integrated,統合説明,integrated,「枢軸国」について説明せよ。,**1930年代後半〜1945年**、ヨーロッパ・東アジア・地中海を主な舞台に、**枢軸国**は、「ベルリン＝ローマ枢軸」を基礎に、**ドイツ・イタリア・日本**が日独伊三国同盟で結んだ陣営である。ハンガリー・ルーマニアなども加わり、第二次世界大戦で連合国と戦った。,枢軸国|1930年代後半〜1945年|ドイツ・イタリア・日本,,,,世界史の窓（章節別用語リスト）,https://www.y-history.net/appendix/appendix-list.html
世界史段階別デッキ｜Deck 3｜主要王朝・人物・制度の穴埋め400語,WH-001155,1155,Deck 3｜標準,条約・会議,防共協定,ぼうきょうきょうてい,日独防共協定|コミンテルン防止協定,現代,複数地域,日本・ドイツ・のちイタリアなど,1936年,1936,WH-001155-B01,beginner,用語の特定,identify,コミンテルンと共産主義への共同対抗を掲げ、日本とドイツが結んだ協定は？,防共協定,防共協定,日独防共協定|コミンテルン防止協定,,,世界史の窓（章節別用語リスト）,https://www.y-history.net/appendix/appendix-list.html
世界史段階別デッキ｜Deck 3｜主要王朝・人物・制度の穴埋め400語,WH-001155,1155,Deck 3｜標準,条約・会議,防共協定,ぼうきょうきょうてい,日独防共協定|コミンテルン防止協定,現代,複数地域,日本・ドイツ・のちイタリアなど,1936年,1936,WH-001155-B02,beginner,時期,time,「防共協定」が結ばれた・開かれたのはいつ？,1936年,1936年,,,,世界史の窓（章節別用語リスト）,https://www.y-history.net/appendix/appendix-list.html
世界史段階別デッキ｜Deck 3｜主要王朝・人物・制度の穴埋め400語,WH-001155,1155,Deck 3｜標準,条約・会議,防共協定,ぼうきょうきょうてい,日独防共協定|コミンテルン防止協定,現代,複数地域,日本・ドイツ・のちイタリアなど,1936年,1936,WH-001155-B03,beginner,関連,relation,「防共協定」について、最初に締結した二国は？,日本とドイツ,日本とドイツ,,,,世界史の窓（章節別用語リスト）,https://www.y-history.net/appendix/appendix-list.html
世界史段階別デッキ｜Deck 3｜主要王朝・人物・制度の穴埋め400語,WH-001155,1155,Deck 3｜標準,条約・会議,防共協定,ぼうきょうきょうてい,日独防共協定|コミンテルン防止協定,現代,複数地域,日本・ドイツ・のちイタリアなど,1936年,1936,WH-001155-R01,reverse,複合説明,reverse,何を決めた？,日本・ドイツ・のちイタリアなどを主な舞台に、**防共協定**は、1936年に**日本**と**ドイツ**がコミンテルンの活動情報交換と防止協力を掲げて締結した。翌年イタリアも参加し、三国の政治的接近と後の日独伊三国同盟につながった。,防共協定|日本|ドイツ,,,,世界史の窓（章節別用語リスト）,https://www.y-history.net/appendix/appendix-list.html
世界史段階別デッキ｜Deck 3｜主要王朝・人物・制度の穴埋め400語,WH-001155,1155,Deck 3｜標準,条約・会議,防共協定,ぼうきょうきょうてい,日独防共協定|コミンテルン防止協定,現代,複数地域,日本・ドイツ・のちイタリアなど,1936年,1936,WH-001155-R02,reverse,時期,time,「防共協定」が結ばれた・開かれたのはいつ？,**1936年**,1936年,,,,世界史の窓（章節別用語リスト）,https://www.y-history.net/appendix/appendix-list.html
世界史段階別デッキ｜Deck 3｜主要王朝・人物・制度の穴埋め400語,WH-001155,1155,Deck 3｜標準,条約・会議,防共協定,ぼうきょうきょうてい,日独防共協定|コミンテルン防止協定,現代,複数地域,日本・ドイツ・のちイタリアなど,1936年,1936,WH-001155-I01,integrated,統合説明,integrated,「防共協定」について説明せよ。,**1936年**、日本・ドイツ・のちイタリアなどを主な舞台に、**防共協定**は、1936年に**日本**と**ドイツ**がコミンテルンの活動情報交換と防止協力を掲げて締結した。翌年イタリアも参加し、三国の政治的接近と後の日独伊三国同盟につながった。,防共協定|1936年|日本|ドイツ,,,,世界史の窓（章節別用語リスト）,https://www.y-history.net/appendix/appendix-list.html
世界史段階別デッキ｜Deck 3｜主要王朝・人物・制度の穴埋め400語,WH-001151,1151,Deck 3｜標準,事件・革命,水晶の夜,すいしょうのよる,クリスタルナハト,現代,ヨーロッパ,ナチス＝ドイツ・オーストリア,1938年11月9〜10日,1938,WH-001151-B01,beginner,用語の特定,identify,ナチ党員らがユダヤ教会堂・商店・住宅を大規模に破壊し、多数を逮捕した迫害事件は？,水晶の夜,水晶の夜,クリスタルナハト,,,世界史の窓（章節別用語リスト）,https://www.y-history.net/appendix/appendix-list.html
世界史段階別デッキ｜Deck 3｜主要王朝・人物・制度の穴埋め400語,WH-001151,1151,Deck 3｜標準,事件・革命,水晶の夜,すいしょうのよる,クリスタルナハト,現代,ヨーロッパ,ナチス＝ドイツ・オーストリア,1938年11月9〜10日,1938,WH-001151-B02,beginner,時期,time,「水晶の夜」が起きたのはいつ？,1938年11月9〜10日,1938年11月9〜10日,,,,世界史の窓（章節別用語リスト）,https://www.y-history.net/appendix/appendix-list.html
世界史段階別デッキ｜Deck 3｜主要王朝・人物・制度の穴埋め400語,WH-001151,1151,Deck 3｜標準,事件・革命,水晶の夜,すいしょうのよる,クリスタルナハト,現代,ヨーロッパ,ナチス＝ドイツ・オーストリア,1938年11月9〜10日,1938,WH-001151-B03,beginner,内容,content,「水晶の夜」について、主な標的は？,ユダヤ人,ユダヤ人,,,,世界史の窓（章節別用語リスト）,https://www.y-history.net/appendix/appendix-list.html
世界史段階別デッキ｜Deck 3｜主要王朝・人物・制度の穴埋め400語,WH-001151,1151,Deck 3｜標準,事件・革命,水晶の夜,すいしょうのよる,クリスタルナハト,現代,ヨーロッパ,ナチス＝ドイツ・オーストリア,1938年11月9〜10日,1938,WH-001151-R01,reverse,複合説明,reverse,何が起きた？,ナチス＝ドイツ・オーストリアを主な舞台に、**水晶の夜**は、外交官射殺事件を口実に、ナチ党・突撃隊などが**ユダヤ教会堂**、商店、住宅を破壊・放火し、ユダヤ人を殺害・大量逮捕した。国家主導の迫害が公然たる大規模暴力へ移った転機となった。,水晶の夜|ユダヤ教会堂,,,,世界史の窓（章節別用語リスト）,https://www.y-history.net/appendix/appendix-list.html
世界史段階別デッキ｜Deck 3｜主要王朝・人物・制度の穴埋め400語,WH-001151,1151,Deck 3｜標準,事件・革命,水晶の夜,すいしょうのよる,クリスタルナハト,現代,ヨーロッパ,ナチス＝ドイツ・オーストリア,1938年11月9〜10日,1938,WH-001151-R02,reverse,時期,time,「水晶の夜」が起きたのはいつ？,**1938年11月9〜10日**,1938年11月9〜10日,,,,世界史の窓（章節別用語リスト）,https://www.y-history.net/appendix/appendix-list.html
世界史段階別デッキ｜Deck 3｜主要王朝・人物・制度の穴埋め400語,WH-001151,1151,Deck 3｜標準,事件・革命,水晶の夜,すいしょうのよる,クリスタルナハト,現代,ヨーロッパ,ナチス＝ドイツ・オーストリア,1938年11月9〜10日,1938,WH-001151-I01,integrated,統合説明,integrated,「水晶の夜」について説明せよ。,**1938年11月9〜10日**、ナチス＝ドイツ・オーストリアを主な舞台に、**水晶の夜**は、外交官射殺事件を口実に、ナチ党・突撃隊などが**ユダヤ教会堂**、商店、住宅を破壊・放火し、ユダヤ人を殺害・大量逮捕した。国家主導の迫害が公然たる大規模暴力へ移った転機となった。,水晶の夜|1938年11月9〜10日|ユダヤ教会堂,,,,世界史の窓（章節別用語リスト）,https://www.y-history.net/appendix/appendix-list.html
世界史段階別デッキ｜Deck 3｜主要王朝・人物・制度の穴埋め400語,WH-001158,1158,Deck 3｜標準,戦争,電撃戦,でんげきせん,ブリッツクリーク,現代,ヨーロッパ,ポーランド・西ヨーロッパ・ソ連西部,1939〜1941年頃に多用,1939,WH-001158-B01,beginner,用語の特定,identify,戦車・機械化部隊・航空機を集中して敵の防線を突破し、短期決戦を狙う戦法は？,電撃戦,電撃戦,ブリッツクリーク,,,世界史の窓（章節別用語リスト）,https://www.y-history.net/appendix/appendix-list.html
世界史段階別デッキ｜Deck 3｜主要王朝・人物・制度の穴埋め400語,WH-001158,1158,Deck 3｜標準,戦争,電撃戦,でんげきせん,ブリッツクリーク,現代,ヨーロッパ,ポーランド・西ヨーロッパ・ソ連西部,1939〜1941年頃に多用,1939,WH-001158-B02,beginner,時期,time,「電撃戦」が戦われたのはいつ？,1939〜1941年頃に多用,1939〜1941年頃に多用,,,,世界史の窓（章節別用語リスト）,https://www.y-history.net/appendix/appendix-list.html
世界史段階別デッキ｜Deck 3｜主要王朝・人物・制度の穴埋め400語,WH-001158,1158,Deck 3｜標準,戦争,電撃戦,でんげきせん,ブリッツクリーク,現代,ヨーロッパ,ポーランド・西ヨーロッパ・ソ連西部,1939〜1941年頃に多用,1939,WH-001158-B03,beginner,内容,content,「電撃戦」について、組み合わせた主力は？,戦車・機械化部隊・航空機,戦車・機械化部隊・航空機,,,,世界史の窓（章節別用語リスト）,https://www.y-history.net/appendix/appendix-list.html
世界史段階別デッキ｜Deck 3｜主要王朝・人物・制度の穴埋め400語,WH-001158,1158,Deck 3｜標準,戦争,電撃戦,でんげきせん,ブリッツクリーク,現代,ヨーロッパ,ポーランド・西ヨーロッパ・ソ連西部,1939〜1941年頃に多用,1939,WH-001158-R01,reverse,複合説明,reverse,何が起きた？,ポーランド・西ヨーロッパ・ソ連西部を主な舞台に、**電撃戦**は、無線連絡された**戦車**・機械化歩兵・航空機を一点へ集中し、敵陣を突破して包囲・混乱させる機動戦である。ナチス＝ドイツがポーランド・フランス侵攻などで効果を上げた。,電撃戦|戦車,,,,世界史の窓（章節別用語リスト）,https://www.y-history.net/appendix/appendix-list.html
世界史段階別デッキ｜Deck 3｜主要王朝・人物・制度の穴埋め400語,WH-001158,1158,Deck 3｜標準,戦争,電撃戦,でんげきせん,ブリッツクリーク,現代,ヨーロッパ,ポーランド・西ヨーロッパ・ソ連西部,1939〜1941年頃に多用,1939,WH-001158-R02,reverse,時期,time,「電撃戦」が戦われたのはいつ？,**1939〜1941年頃に多用**,1939〜1941年頃に多用,,,,世界史の窓（章節別用語リスト）,https://www.y-history.net/appendix/appendix-list.html
世界史段階別デッキ｜Deck 3｜主要王朝・人物・制度の穴埋め400語,WH-001158,1158,Deck 3｜標準,戦争,電撃戦,でんげきせん,ブリッツクリーク,現代,ヨーロッパ,ポーランド・西ヨーロッパ・ソ連西部,1939〜1941年頃に多用,1939,WH-001158-I01,integrated,統合説明,integrated,「電撃戦」について説明せよ。,**1939〜1941年頃に多用**、ポーランド・西ヨーロッパ・ソ連西部を主な舞台に、**電撃戦**は、無線連絡された**戦車**・機械化歩兵・航空機を一点へ集中し、敵陣を突破して包囲・混乱させる機動戦である。ナチス＝ドイツがポーランド・フランス侵攻などで効果を上げた。,電撃戦|1939〜1941年頃に多用|戦車,,,,世界史の窓（章節別用語リスト）,https://www.y-history.net/appendix/appendix-list.html
世界史段階別デッキ｜Deck 3｜主要王朝・人物・制度の穴埋め400語,WH-001159,1159,Deck 3｜標準,戦争,バトル＝オブ＝ブリテン,ばとるおぶぶりてん,イギリス航空戦,現代,ヨーロッパ,イギリス上空・ドーバー海峡,1940年,1940,WH-001159-B01,beginner,用語の特定,identify,ドイツ空軍がイギリス制空権を奪おうとしたが、イギリス空軍に阻止された航空戦は？,バトル＝オブ＝ブリテン,バトル＝オブ＝ブリテン,イギリス航空戦,,,世界史の窓（章節別用語リスト）,https://www.y-history.net/appendix/appendix-list.html
世界史段階別デッキ｜Deck 3｜主要王朝・人物・制度の穴埋め400語,WH-001159,1159,Deck 3｜標準,戦争,バトル＝オブ＝ブリテン,ばとるおぶぶりてん,イギリス航空戦,現代,ヨーロッパ,イギリス上空・ドーバー海峡,1940年,1940,WH-001159-B02,beginner,時期,time,「バトル＝オブ＝ブリテン」が戦われたのはいつ？,1940年,1940年,,,,世界史の窓（章節別用語リスト）,https://www.y-history.net/appendix/appendix-list.html
世界史段階別デッキ｜Deck 3｜主要王朝・人物・制度の穴埋め400語,WH-001159,1159,Deck 3｜標準,戦争,バトル＝オブ＝ブリテン,ばとるおぶぶりてん,イギリス航空戦,現代,ヨーロッパ,イギリス上空・ドーバー海峡,1940年,1940,WH-001159-B03,beginner,関連,relation,「バトル＝オブ＝ブリテン」について、勝利した側は？,イギリス空軍,イギリス空軍,,,,世界史の窓（章節別用語リスト）,https://www.y-history.net/appendix/appendix-list.html
世界史段階別デッキ｜Deck 3｜主要王朝・人物・制度の穴埋め400語,WH-001159,1159,Deck 3｜標準,戦争,バトル＝オブ＝ブリテン,ばとるおぶぶりてん,イギリス航空戦,現代,ヨーロッパ,イギリス上空・ドーバー海峡,1940年,1940,WH-001159-R01,reverse,複合説明,reverse,何が起きた？,イギリス上空・ドーバー海峡を主な舞台に、**バトル＝オブ＝ブリテン**は、フランス降伏後、ドイツが上陸作戦の前提としてイギリスの制空権獲得を目指した航空戦である。レーダーと戦闘機防空網を持つ**イギリス空軍**がドイツ空軍を退け、本土侵攻を断念させた。,バトル＝オブ＝ブリテン|イギリス空軍,,,,世界史の窓（章節別用語リスト）,https://www.y-history.net/appendix/appendix-list.html
世界史段階別デッキ｜Deck 3｜主要王朝・人物・制度の穴埋め400語,WH-001159,1159,Deck 3｜標準,戦争,バトル＝オブ＝ブリテン,ばとるおぶぶりてん,イギリス航空戦,現代,ヨーロッパ,イギリス上空・ドーバー海峡,1940年,1940,WH-001159-R02,reverse,時期,time,「バトル＝オブ＝ブリテン」が戦われたのはいつ？,**1940年**,1940年,,,,世界史の窓（章節別用語リスト）,https://www.y-history.net/appendix/appendix-list.html
世界史段階別デッキ｜Deck 3｜主要王朝・人物・制度の穴埋め400語,WH-001159,1159,Deck 3｜標準,戦争,バトル＝オブ＝ブリテン,ばとるおぶぶりてん,イギリス航空戦,現代,ヨーロッパ,イギリス上空・ドーバー海峡,1940年,1940,WH-001159-I01,integrated,統合説明,integrated,「バトル＝オブ＝ブリテン」について説明せよ。,**1940年**、イギリス上空・ドーバー海峡を主な舞台に、**バトル＝オブ＝ブリテン**は、フランス降伏後、ドイツが上陸作戦の前提としてイギリスの制空権獲得を目指した航空戦である。レーダーと戦闘機防空網を持つ**イギリス空軍**がドイツ空軍を退け、本土侵攻を断念させた。,バトル＝オブ＝ブリテン|1940年|イギリス空軍,,,,世界史の窓（章節別用語リスト）,https://www.y-history.net/appendix/appendix-list.html
世界史段階別デッキ｜Deck 3｜主要王朝・人物・制度の穴埋め400語,WH-001178,1178,Deck 3｜標準,人物,ジンナー,じんなー,ムハンマド＝アリー＝ジンナー,現代,南アジア,英領インド・パキスタン,20世紀前半,1940,WH-001178-B01,beginner,用語の特定,identify,全インド＝ムスリム連盟を率い、ムスリム国家パキスタン建設を実現した人物は？,ジンナー,ジンナー,ムハンマド＝アリー＝ジンナー,,,世界史の窓（章節別用語リスト）,https://www.y-history.net/appendix/appendix-list.html
世界史段階別デッキ｜Deck 3｜主要王朝・人物・制度の穴埋め400語,WH-001178,1178,Deck 3｜標準,人物,ジンナー,じんなー,ムハンマド＝アリー＝ジンナー,現代,南アジア,英領インド・パキスタン,20世紀前半,1940,WH-001178-B02,beginner,時期,time,「ジンナー」が主に活動したのはいつ？,20世紀前半,20世紀前半,,,,世界史の窓（章節別用語リスト）,https://www.y-history.net/appendix/appendix-list.html
世界史段階別デッキ｜Deck 3｜主要王朝・人物・制度の穴埋め400語,WH-001178,1178,Deck 3｜標準,人物,ジンナー,じんなー,ムハンマド＝アリー＝ジンナー,現代,南アジア,英領インド・パキスタン,20世紀前半,1940,WH-001178-B03,beginner,関連,relation,「ジンナー」について、率いた組織は？,全インド＝ムスリム連盟,全インド＝ムスリム連盟,,,,世界史の窓（章節別用語リスト）,https://www.y-history.net/appendix/appendix-list.html
世界史段階別デッキ｜Deck 3｜主要王朝・人物・制度の穴埋め400語,WH-001178,1178,Deck 3｜標準,人物,ジンナー,じんなー,ムハンマド＝アリー＝ジンナー,現代,南アジア,英領インド・パキスタン,20世紀前半,1940,WH-001178-R01,reverse,複合説明,reverse,何をした？,英領インド・パキスタンを主な舞台に、**ジンナー**は、弁護士・政治家として**全インド＝ムスリム連盟**を率い、ヒンドゥー多数の統一インドではムスリムの権利が守れないとして別国家を要求した。1947年にパキスタン初代総督となった。,ジンナー|全インド＝ムスリム連盟,,,,世界史の窓（章節別用語リスト）,https://www.y-history.net/appendix/appendix-list.html
世界史段階別デッキ｜Deck 3｜主要王朝・人物・制度の穴埋め400語,WH-001178,1178,Deck 3｜標準,人物,ジンナー,じんなー,ムハンマド＝アリー＝ジンナー,現代,南アジア,英領インド・パキスタン,20世紀前半,1940,WH-001178-R02,reverse,時期,time,「ジンナー」が主に活動したのはいつ？,**20世紀前半**,20世紀前半,,,,世界史の窓（章節別用語リスト）,https://www.y-history.net/appendix/appendix-list.html
世界史段階別デッキ｜Deck 3｜主要王朝・人物・制度の穴埋め400語,WH-001178,1178,Deck 3｜標準,人物,ジンナー,じんなー,ムハンマド＝アリー＝ジンナー,現代,南アジア,英領インド・パキスタン,20世紀前半,1940,WH-001178-I01,integrated,統合説明,integrated,「ジンナー」について説明せよ。,**20世紀前半**、英領インド・パキスタンを主な舞台に、**ジンナー**は、弁護士・政治家として**全インド＝ムスリム連盟**を率い、ヒンドゥー多数の統一インドではムスリムの権利が守れないとして別国家を要求した。1947年にパキスタン初代総督となった。,ジンナー|20世紀前半|全インド＝ムスリム連盟,,,,世界史の窓（章節別用語リスト）,https://www.y-history.net/appendix/appendix-list.html
世界史段階別デッキ｜Deck 3｜主要王朝・人物・制度の穴埋め400語,WH-001187,1187,Deck 3｜標準,思想・主義,パン＝アラブ主義,ぱんあらぶしゅぎ,アラブ民族主義,現代,複数地域,西アジア・北アフリカのアラブ諸国,20世紀中頃に高揚,1940,WH-001187-B01,beginner,用語の特定,identify,共通の言語・歴史・文化を持つアラブ人の政治的連帯・統一を目指す思想は？,パン＝アラブ主義,パン＝アラブ主義,アラブ民族主義,,,世界史の窓（章節別用語リスト）,https://www.y-history.net/appendix/appendix-list.html
世界史段階別デッキ｜Deck 3｜主要王朝・人物・制度の穴埋め400語,WH-001187,1187,Deck 3｜標準,思想・主義,パン＝アラブ主義,ぱんあらぶしゅぎ,アラブ民族主義,現代,複数地域,西アジア・北アフリカのアラブ諸国,20世紀中頃に高揚,1940,WH-001187-B02,beginner,時期,time,「パン＝アラブ主義」が成立・広がったのはいつ？,20世紀中頃に高揚,20世紀中頃に高揚,,,,世界史の窓（章節別用語リスト）,https://www.y-history.net/appendix/appendix-list.html
世界史段階別デッキ｜Deck 3｜主要王朝・人物・制度の穴埋め400語,WH-001187,1187,Deck 3｜標準,思想・主義,パン＝アラブ主義,ぱんあらぶしゅぎ,アラブ民族主義,現代,複数地域,西アジア・北アフリカのアラブ諸国,20世紀中頃に高揚,1940,WH-001187-B03,beginner,中心人物,person,「パン＝アラブ主義」について、代表的指導者は？,ナセル,ナセル,,,,世界史の窓（章節別用語リスト）,https://www.y-history.net/appendix/appendix-list.html
世界史段階別デッキ｜Deck 3｜主要王朝・人物・制度の穴埋め400語,WH-001187,1187,Deck 3｜標準,思想・主義,パン＝アラブ主義,ぱんあらぶしゅぎ,アラブ民族主義,現代,複数地域,西アジア・北アフリカのアラブ諸国,20世紀中頃に高揚,1940,WH-001187-R01,reverse,複合説明,reverse,どんな考え？,西アジア・北アフリカのアラブ諸国を主な舞台に、**パン＝アラブ主義**は、植民地支配と地域分断へ対抗し、アラビア語と共通文化を基礎にアラブ諸国・民族の統一や協力を目指す思想である。**ナセル**期に高揚し、エジプトとシリアのアラブ連合共和国などへ具体化した。,パン＝アラブ主義|ナセル,,,,世界史の窓（章節別用語リスト）,https://www.y-history.net/appendix/appendix-list.html
世界史段階別デッキ｜Deck 3｜主要王朝・人物・制度の穴埋め400語,WH-001187,1187,Deck 3｜標準,思想・主義,パン＝アラブ主義,ぱんあらぶしゅぎ,アラブ民族主義,現代,複数地域,西アジア・北アフリカのアラブ諸国,20世紀中頃に高揚,1940,WH-001187-R02,reverse,時期,time,「パン＝アラブ主義」が成立・広がったのはいつ？,**20世紀中頃に高揚**,20世紀中頃に高揚,,,,世界史の窓（章節別用語リスト）,https://www.y-history.net/appendix/appendix-list.html
世界史段階別デッキ｜Deck 3｜主要王朝・人物・制度の穴埋め400語,WH-001187,1187,Deck 3｜標準,思想・主義,パン＝アラブ主義,ぱんあらぶしゅぎ,アラブ民族主義,現代,複数地域,西アジア・北アフリカのアラブ諸国,20世紀中頃に高揚,1940,WH-001187-I01,integrated,統合説明,integrated,「パン＝アラブ主義」について説明せよ。,**20世紀中頃に高揚**、西アジア・北アフリカのアラブ諸国を主な舞台に、**パン＝アラブ主義**は、植民地支配と地域分断へ対抗し、アラビア語と共通文化を基礎にアラブ諸国・民族の統一や協力を目指す思想である。**ナセル**期に高揚し、エジプトとシリアのアラブ連合共和国などへ具体化した。,パン＝アラブ主義|20世紀中頃に高揚|ナセル,,,,世界史の窓（章節別用語リスト）,https://www.y-history.net/appendix/appendix-list.html
世界史段階別デッキ｜Deck 3｜主要王朝・人物・制度の穴埋め400語,WH-001160,1160,Deck 3｜標準,戦争,独ソ戦,どくそせん,ドイツ＝ソ連戦争|大祖国戦争,現代,ヨーロッパ,東ヨーロッパ・ソ連西部からベルリン,1941〜1945年,1941,WH-001160-B01,beginner,用語の特定,identify,ドイツが独ソ不可侵条約を破ってソ連へ侵攻し、東部戦線で行われた巨大戦争は？,独ソ戦,独ソ戦,ドイツ＝ソ連戦争|大祖国戦争,,,世界史の窓（章節別用語リスト）,https://www.y-history.net/appendix/appendix-list.html
世界史段階別デッキ｜Deck 3｜主要王朝・人物・制度の穴埋め400語,WH-001160,1160,Deck 3｜標準,戦争,独ソ戦,どくそせん,ドイツ＝ソ連戦争|大祖国戦争,現代,ヨーロッパ,東ヨーロッパ・ソ連西部からベルリン,1941〜1945年,1941,WH-001160-B02,beginner,時期,time,「独ソ戦」が戦われたのはいつ？,1941〜1945年,1941〜1945年,,,,世界史の窓（章節別用語リスト）,https://www.y-history.net/appendix/appendix-list.html
世界史段階別デッキ｜Deck 3｜主要王朝・人物・制度の穴埋め400語,WH-001160,1160,Deck 3｜標準,戦争,独ソ戦,どくそせん,ドイツ＝ソ連戦争|大祖国戦争,現代,ヨーロッパ,東ヨーロッパ・ソ連西部からベルリン,1941〜1945年,1941,WH-001160-B03,beginner,内容,content,「独ソ戦」について、侵攻作戦名は？,バルバロッサ作戦,バルバロッサ作戦,,,,世界史の窓（章節別用語リスト）,https://www.y-history.net/appendix/appendix-list.html
世界史段階別デッキ｜Deck 3｜主要王朝・人物・制度の穴埋め400語,WH-001160,1160,Deck 3｜標準,戦争,独ソ戦,どくそせん,ドイツ＝ソ連戦争|大祖国戦争,現代,ヨーロッパ,東ヨーロッパ・ソ連西部からベルリン,1941〜1945年,1941,WH-001160-R01,reverse,複合説明,reverse,何が起きた？,東ヨーロッパ・ソ連西部からベルリンを主な舞台に、**独ソ戦**は、1941年6月、ナチス＝ドイツが**バルバロッサ作戦**でソ連へ侵攻して始まった。占領地で人種戦争・大量虐殺が行われ、モスクワ・スターリングラードの攻防を経て赤軍が反攻しベルリンを占領した。,独ソ戦|バルバロッサ作戦,,,,世界史の窓（章節別用語リスト）,https://www.y-history.net/appendix/appendix-list.html
世界史段階別デッキ｜Deck 3｜主要王朝・人物・制度の穴埋め400語,WH-001160,1160,Deck 3｜標準,戦争,独ソ戦,どくそせん,ドイツ＝ソ連戦争|大祖国戦争,現代,ヨーロッパ,東ヨーロッパ・ソ連西部からベルリン,1941〜1945年,1941,WH-001160-R02,reverse,時期,time,「独ソ戦」が戦われたのはいつ？,**1941〜1945年**,1941〜1945年,,,,世界史の窓（章節別用語リスト）,https://www.y-history.net/appendix/appendix-list.html
世界史段階別デッキ｜Deck 3｜主要王朝・人物・制度の穴埋め400語,WH-001160,1160,Deck 3｜標準,戦争,独ソ戦,どくそせん,ドイツ＝ソ連戦争|大祖国戦争,現代,ヨーロッパ,東ヨーロッパ・ソ連西部からベルリン,1941〜1945年,1941,WH-001160-I01,integrated,統合説明,integrated,「独ソ戦」について説明せよ。,**1941〜1945年**、東ヨーロッパ・ソ連西部からベルリンを主な舞台に、**独ソ戦**は、1941年6月、ナチス＝ドイツが**バルバロッサ作戦**でソ連へ侵攻して始まった。占領地で人種戦争・大量虐殺が行われ、モスクワ・スターリングラードの攻防を経て赤軍が反攻しベルリンを占領した。,独ソ戦|1941〜1945年|バルバロッサ作戦,,,,世界史の窓（章節別用語リスト）,https://www.y-history.net/appendix/appendix-list.html
世界史段階別デッキ｜Deck 3｜主要王朝・人物・制度の穴埋め400語,WH-001161,1161,Deck 3｜標準,制度・政策・法律,最終的解決,さいしゅうてきかいけつ,ユダヤ人問題の最終的解決,現代,ヨーロッパ,ナチス支配下のヨーロッパ,1941〜1945年に本格化,1941,WH-001161-B01,beginner,用語の特定,identify,ナチスがヨーロッパのユダヤ人を組織的に絶滅させようとした政策を何という？,最終的解決,最終的解決,ユダヤ人問題の最終的解決,,,世界史の窓（章節別用語リスト）,https://www.y-history.net/appendix/appendix-list.html
世界史段階別デッキ｜Deck 3｜主要王朝・人物・制度の穴埋め400語,WH-001161,1161,Deck 3｜標準,制度・政策・法律,最終的解決,さいしゅうてきかいけつ,ユダヤ人問題の最終的解決,現代,ヨーロッパ,ナチス支配下のヨーロッパ,1941〜1945年に本格化,1941,WH-001161-B02,beginner,時期,time,「最終的解決」が実施・整備されたのはいつ？,1941〜1945年に本格化,1941〜1945年に本格化,,,,世界史の窓（章節別用語リスト）,https://www.y-history.net/appendix/appendix-list.html
世界史段階別デッキ｜Deck 3｜主要王朝・人物・制度の穴埋め400語,WH-001161,1161,Deck 3｜標準,制度・政策・法律,最終的解決,さいしゅうてきかいけつ,ユダヤ人問題の最終的解決,現代,ヨーロッパ,ナチス支配下のヨーロッパ,1941〜1945年に本格化,1941,WH-001161-B03,beginner,関連,relation,「最終的解決」について、対象とされた人々は？,ユダヤ人,ユダヤ人,,,,世界史の窓（章節別用語リスト）,https://www.y-history.net/appendix/appendix-list.html
世界史段階別デッキ｜Deck 3｜主要王朝・人物・制度の穴埋め400語,WH-001161,1161,Deck 3｜標準,制度・政策・法律,最終的解決,さいしゅうてきかいけつ,ユダヤ人問題の最終的解決,現代,ヨーロッパ,ナチス支配下のヨーロッパ,1941〜1945年に本格化,1941,WH-001161-R01,reverse,複合説明,reverse,どんな制度・政策・法律？,ナチス支配下のヨーロッパを主な舞台に、**最終的解決**は、ナチスが「ユダヤ人問題」の解決と称して、ヨーロッパの**ユダヤ人**をゲットー・移送・銃殺・絶滅収容所のガス室などで体系的に殺害した政策である。約600万人が犠牲となったホロコーストの中心をなす。,最終的解決|ユダヤ人,,,,世界史の窓（章節別用語リスト）,https://www.y-history.net/appendix/appendix-list.html
世界史段階別デッキ｜Deck 3｜主要王朝・人物・制度の穴埋め400語,WH-001161,1161,Deck 3｜標準,制度・政策・法律,最終的解決,さいしゅうてきかいけつ,ユダヤ人問題の最終的解決,現代,ヨーロッパ,ナチス支配下のヨーロッパ,1941〜1945年に本格化,1941,WH-001161-R02,reverse,時期,time,「最終的解決」が実施・整備されたのはいつ？,**1941〜1945年に本格化**,1941〜1945年に本格化,,,,世界史の窓（章節別用語リスト）,https://www.y-history.net/appendix/appendix-list.html
世界史段階別デッキ｜Deck 3｜主要王朝・人物・制度の穴埋め400語,WH-001161,1161,Deck 3｜標準,制度・政策・法律,最終的解決,さいしゅうてきかいけつ,ユダヤ人問題の最終的解決,現代,ヨーロッパ,ナチス支配下のヨーロッパ,1941〜1945年に本格化,1941,WH-001161-I01,integrated,統合説明,integrated,「最終的解決」について説明せよ。,**1941〜1945年に本格化**、ナチス支配下のヨーロッパを主な舞台に、**最終的解決**は、ナチスが「ユダヤ人問題」の解決と称して、ヨーロッパの**ユダヤ人**をゲットー・移送・銃殺・絶滅収容所のガス室などで体系的に殺害した政策である。約600万人が犠牲となったホロコーストの中心をなす。,最終的解決|1941〜1945年に本格化|ユダヤ人,,,,世界史の窓（章節別用語リスト）,https://www.y-history.net/appendix/appendix-list.html
世界史段階別デッキ｜Deck 3｜主要王朝・人物・制度の穴埋め400語,WH-001182,1182,Deck 3｜標準,人物,ホー＝チ＝ミン,ほーちみん,胡志明,現代,東南アジア,ベトナム・フランス・中国,20世紀中頃,1941,WH-001182-B01,beginner,用語の特定,identify,ベトミンを結成し、1945年にベトナム民主共和国の独立を宣言した指導者は？,ホー＝チ＝ミン,ホー＝チ＝ミン,胡志明,,,世界史の窓（章節別用語リスト）,https://www.y-history.net/appendix/appendix-list.html
世界史段階別デッキ｜Deck 3｜主要王朝・人物・制度の穴埋め400語,WH-001182,1182,Deck 3｜標準,人物,ホー＝チ＝ミン,ほーちみん,胡志明,現代,東南アジア,ベトナム・フランス・中国,20世紀中頃,1941,WH-001182-B02,beginner,時期,time,「ホー＝チ＝ミン」が主に活動したのはいつ？,20世紀中頃,20世紀中頃,,,,世界史の窓（章節別用語リスト）,https://www.y-history.net/appendix/appendix-list.html
世界史段階別デッキ｜Deck 3｜主要王朝・人物・制度の穴埋め400語,WH-001182,1182,Deck 3｜標準,人物,ホー＝チ＝ミン,ほーちみん,胡志明,現代,東南アジア,ベトナム・フランス・中国,20世紀中頃,1941,WH-001182-B03,beginner,関連,relation,「ホー＝チ＝ミン」について、結成した組織は？,ベトミン,ベトミン,,,,世界史の窓（章節別用語リスト）,https://www.y-history.net/appendix/appendix-list.html
世界史段階別デッキ｜Deck 3｜主要王朝・人物・制度の穴埋め400語,WH-001182,1182,Deck 3｜標準,人物,ホー＝チ＝ミン,ほーちみん,胡志明,現代,東南アジア,ベトナム・フランス・中国,20世紀中頃,1941,WH-001182-R01,reverse,複合説明,reverse,何をした？,ベトナム・フランス・中国を主な舞台に、**ホー＝チ＝ミン**は、フランス植民地支配に反対する共産主義者で、1941年に**ベトミン**を結成して日本占領にも抵抗した。1945年にベトナム民主共和国の独立を宣言し、フランス・後にアメリカとの戦いを指導した。,ホー＝チ＝ミン|ベトミン,,,,世界史の窓（章節別用語リスト）,https://www.y-history.net/appendix/appendix-list.html
世界史段階別デッキ｜Deck 3｜主要王朝・人物・制度の穴埋め400語,WH-001182,1182,Deck 3｜標準,人物,ホー＝チ＝ミン,ほーちみん,胡志明,現代,東南アジア,ベトナム・フランス・中国,20世紀中頃,1941,WH-001182-R02,reverse,時期,time,「ホー＝チ＝ミン」が主に活動したのはいつ？,**20世紀中頃**,20世紀中頃,,,,世界史の窓（章節別用語リスト）,https://www.y-history.net/appendix/appendix-list.html
世界史段階別デッキ｜Deck 3｜主要王朝・人物・制度の穴埋め400語,WH-001182,1182,Deck 3｜標準,人物,ホー＝チ＝ミン,ほーちみん,胡志明,現代,東南アジア,ベトナム・フランス・中国,20世紀中頃,1941,WH-001182-I01,integrated,統合説明,integrated,「ホー＝チ＝ミン」について説明せよ。,**20世紀中頃**、ベトナム・フランス・中国を主な舞台に、**ホー＝チ＝ミン**は、フランス植民地支配に反対する共産主義者で、1941年に**ベトミン**を結成して日本占領にも抵抗した。1945年にベトナム民主共和国の独立を宣言し、フランス・後にアメリカとの戦いを指導した。,ホー＝チ＝ミン|20世紀中頃|ベトミン,,,,世界史の窓（章節別用語リスト）,https://www.y-history.net/appendix/appendix-list.html
世界史段階別デッキ｜Deck 3｜主要王朝・人物・制度の穴埋め400語,WH-001183,1183,Deck 3｜標準,組織・政党,ベトミン,べとみん,ベトナム独立同盟,現代,東南アジア,ベトナム,1941年以後,1941,WH-001183-B01,beginner,用語の特定,identify,ホー＝チ＝ミンが結成し、日本軍・フランス植民地支配と戦った民族統一戦線は？,ベトミン,ベトミン,ベトナム独立同盟,,,世界史の窓（章節別用語リスト）,https://www.y-history.net/appendix/appendix-list.html
世界史段階別デッキ｜Deck 3｜主要王朝・人物・制度の穴埋め400語,WH-001183,1183,Deck 3｜標準,組織・政党,ベトミン,べとみん,ベトナム独立同盟,現代,東南アジア,ベトナム,1941年以後,1941,WH-001183-B02,beginner,時期,time,「ベトミン」が使用・展開されたのはいつ？,1941年以後,1941年以後,,,,世界史の窓（章節別用語リスト）,https://www.y-history.net/appendix/appendix-list.html
世界史段階別デッキ｜Deck 3｜主要王朝・人物・制度の穴埋め400語,WH-001183,1183,Deck 3｜標準,組織・政党,ベトミン,べとみん,ベトナム独立同盟,現代,東南アジア,ベトナム,1941年以後,1941,WH-001183-B03,beginner,中心人物,person,「ベトミン」について、結成した人物は？,ホー＝チ＝ミン,ホー＝チ＝ミン,,,,世界史の窓（章節別用語リスト）,https://www.y-history.net/appendix/appendix-list.html
世界史段階別デッキ｜Deck 3｜主要王朝・人物・制度の穴埋め400語,WH-001183,1183,Deck 3｜標準,組織・政党,ベトミン,べとみん,ベトナム独立同盟,現代,東南アジア,ベトナム,1941年以後,1941,WH-001183-R01,reverse,複合説明,reverse,何をした？,ベトナムを主な舞台に、**ベトミン**は、正式名を**ベトナム独立同盟**といい、ホー＝チ＝ミンらが共産党を中心に幅広い反植民地勢力を結集した。日本降伏時の八月革命で政権を取り、第一次インドシナ戦争でフランス軍と戦った。,ベトミン|ベトナム独立同盟,,,,世界史の窓（章節別用語リスト）,https://www.y-history.net/appendix/appendix-list.html
世界史段階別デッキ｜Deck 3｜主要王朝・人物・制度の穴埋め400語,WH-001183,1183,Deck 3｜標準,組織・政党,ベトミン,べとみん,ベトナム独立同盟,現代,東南アジア,ベトナム,1941年以後,1941,WH-001183-R02,reverse,時期,time,「ベトミン」が使用・展開されたのはいつ？,**1941年以後**,1941年以後,,,,世界史の窓（章節別用語リスト）,https://www.y-history.net/appendix/appendix-list.html
世界史段階別デッキ｜Deck 3｜主要王朝・人物・制度の穴埋め400語,WH-001183,1183,Deck 3｜標準,組織・政党,ベトミン,べとみん,ベトナム独立同盟,現代,東南アジア,ベトナム,1941年以後,1941,WH-001183-I01,integrated,統合説明,integrated,「ベトミン」について説明せよ。,**1941年以後**、ベトナムを主な舞台に、**ベトミン**は、正式名を**ベトナム独立同盟**といい、ホー＝チ＝ミンらが共産党を中心に幅広い反植民地勢力を結集した。日本降伏時の八月革命で政権を取り、第一次インドシナ戦争でフランス軍と戦った。,ベトミン|1941年以後|ベトナム独立同盟,,,,世界史の窓（章節別用語リスト）,https://www.y-history.net/appendix/appendix-list.html
世界史段階別デッキ｜Deck 3｜主要王朝・人物・制度の穴埋め400語,WH-001162,1162,Deck 3｜標準,条約・会議,ヴァンゼー会議,ゔぁんぜーかいぎ,,現代,ヨーロッパ,ナチス＝ドイツ・ベルリン郊外ヴァンゼー,1942年1月,1942,WH-001162-B01,beginner,用語の特定,identify,ナチ官僚がユダヤ人の移送・絶滅政策を省庁間で調整した会議は？,ヴァンゼー会議,ヴァンゼー会議,,,,世界史の窓（章節別用語リスト）,https://www.y-history.net/appendix/appendix-list.html
世界史段階別デッキ｜Deck 3｜主要王朝・人物・制度の穴埋め400語,WH-001162,1162,Deck 3｜標準,条約・会議,ヴァンゼー会議,ゔぁんぜーかいぎ,,現代,ヨーロッパ,ナチス＝ドイツ・ベルリン郊外ヴァンゼー,1942年1月,1942,WH-001162-B02,beginner,時期,time,「ヴァンゼー会議」が結ばれた・開かれたのはいつ？,1942年1月,1942年1月,,,,世界史の窓（章節別用語リスト）,https://www.y-history.net/appendix/appendix-list.html
世界史段階別デッキ｜Deck 3｜主要王朝・人物・制度の穴埋め400語,WH-001162,1162,Deck 3｜標準,条約・会議,ヴァンゼー会議,ゔぁんぜーかいぎ,,現代,ヨーロッパ,ナチス＝ドイツ・ベルリン郊外ヴァンゼー,1942年1月,1942,WH-001162-B03,beginner,内容,content,「ヴァンゼー会議」について、議長は？,ハイドリヒ,ハイドリヒ,,,,世界史の窓（章節別用語リスト）,https://www.y-history.net/appendix/appendix-list.html
世界史段階別デッキ｜Deck 3｜主要王朝・人物・制度の穴埋め400語,WH-001162,1162,Deck 3｜標準,条約・会議,ヴァンゼー会議,ゔぁんぜーかいぎ,,現代,ヨーロッパ,ナチス＝ドイツ・ベルリン郊外ヴァンゼー,1942年1月,1942,WH-001162-R01,reverse,複合説明,reverse,何を決めた？,ナチス＝ドイツ・ベルリン郊外ヴァンゼーを主な舞台に、**ヴァンゼー会議**は、ベルリン郊外で**ハイドリヒ**が各省庁・親衛隊の幹部を集め、ヨーロッパのユダヤ人を東方へ移送し殺害する**最終的解決**の行政的分担・調整を確認した。政策開始そのものではなく組織化の会議である。,ヴァンゼー会議|ハイドリヒ|最終的解決,,,,世界史の窓（章節別用語リスト）,https://www.y-history.net/appendix/appendix-list.html
世界史段階別デッキ｜Deck 3｜主要王朝・人物・制度の穴埋め400語,WH-001162,1162,Deck 3｜標準,条約・会議,ヴァンゼー会議,ゔぁんぜーかいぎ,,現代,ヨーロッパ,ナチス＝ドイツ・ベルリン郊外ヴァンゼー,1942年1月,1942,WH-001162-R02,reverse,時期,time,「ヴァンゼー会議」が結ばれた・開かれたのはいつ？,**1942年1月**,1942年1月,,,,世界史の窓（章節別用語リスト）,https://www.y-history.net/appendix/appendix-list.html
世界史段階別デッキ｜Deck 3｜主要王朝・人物・制度の穴埋め400語,WH-001162,1162,Deck 3｜標準,条約・会議,ヴァンゼー会議,ゔぁんぜーかいぎ,,現代,ヨーロッパ,ナチス＝ドイツ・ベルリン郊外ヴァンゼー,1942年1月,1942,WH-001162-I01,integrated,統合説明,integrated,「ヴァンゼー会議」について説明せよ。,**1942年1月**、ナチス＝ドイツ・ベルリン郊外ヴァンゼーを主な舞台に、**ヴァンゼー会議**は、ベルリン郊外で**ハイドリヒ**が各省庁・親衛隊の幹部を集め、ヨーロッパのユダヤ人を東方へ移送し殺害する**最終的解決**の行政的分担・調整を確認した。政策開始そのものではなく組織化の会議である。,ヴァンゼー会議|1942年1月|ハイドリヒ|最終的解決,,,,世界史の窓（章節別用語リスト）,https://www.y-history.net/appendix/appendix-list.html
世界史段階別デッキ｜Deck 3｜主要王朝・人物・制度の穴埋め400語,WH-001163,1163,Deck 3｜標準,戦争,スターリングラードの戦い,すたーりんぐらーどのたたかい,,現代,ヨーロッパ,ソ連南部・ヴォルガ川沿いのスターリングラード,1942〜1943年,1942,WH-001163-B01,beginner,用語の特定,identify,ソ連軍がドイツ第6軍を包囲・降伏させ、独ソ戦の大きな転換点となった戦いは？,スターリングラードの戦い,スターリングラードの戦い,,,,世界史の窓（章節別用語リスト）,https://www.y-history.net/appendix/appendix-list.html
世界史段階別デッキ｜Deck 3｜主要王朝・人物・制度の穴埋め400語,WH-001163,1163,Deck 3｜標準,戦争,スターリングラードの戦い,すたーりんぐらーどのたたかい,,現代,ヨーロッパ,ソ連南部・ヴォルガ川沿いのスターリングラード,1942〜1943年,1942,WH-001163-B02,beginner,時期,time,「スターリングラードの戦い」が戦われたのはいつ？,1942〜1943年,1942〜1943年,,,,世界史の窓（章節別用語リスト）,https://www.y-history.net/appendix/appendix-list.html
世界史段階別デッキ｜Deck 3｜主要王朝・人物・制度の穴埋め400語,WH-001163,1163,Deck 3｜標準,戦争,スターリングラードの戦い,すたーりんぐらーどのたたかい,,現代,ヨーロッパ,ソ連南部・ヴォルガ川沿いのスターリングラード,1942〜1943年,1942,WH-001163-B03,beginner,関連,relation,「スターリングラードの戦い」について、勝利した側は？,ソ連軍,ソ連軍,,,,世界史の窓（章節別用語リスト）,https://www.y-history.net/appendix/appendix-list.html
世界史段階別デッキ｜Deck 3｜主要王朝・人物・制度の穴埋め400語,WH-001163,1163,Deck 3｜標準,戦争,スターリングラードの戦い,すたーりんぐらーどのたたかい,,現代,ヨーロッパ,ソ連南部・ヴォルガ川沿いのスターリングラード,1942〜1943年,1942,WH-001163-R01,reverse,複合説明,reverse,何が起きた？,ソ連南部・ヴォルガ川沿いのスターリングラードを主な舞台に、**スターリングラードの戦い**は、ヴォルガ川とカフカス資源への進出を狙うドイツ軍が市街戦へ突入したが、**ソ連軍**が反攻して第6軍を包囲した。1943年2月に降伏させ、ドイツの東部戦線での攻勢を挫く転換点となった。,スターリングラードの戦い|ソ連軍,,,,世界史の窓（章節別用語リスト）,https://www.y-history.net/appendix/appendix-list.html
世界史段階別デッキ｜Deck 3｜主要王朝・人物・制度の穴埋め400語,WH-001163,1163,Deck 3｜標準,戦争,スターリングラードの戦い,すたーりんぐらーどのたたかい,,現代,ヨーロッパ,ソ連南部・ヴォルガ川沿いのスターリングラード,1942〜1943年,1942,WH-001163-R02,reverse,時期,time,「スターリングラードの戦い」が戦われたのはいつ？,**1942〜1943年**,1942〜1943年,,,,世界史の窓（章節別用語リスト）,https://www.y-history.net/appendix/appendix-list.html
世界史段階別デッキ｜Deck 3｜主要王朝・人物・制度の穴埋め400語,WH-001163,1163,Deck 3｜標準,戦争,スターリングラードの戦い,すたーりんぐらーどのたたかい,,現代,ヨーロッパ,ソ連南部・ヴォルガ川沿いのスターリングラード,1942〜1943年,1942,WH-001163-I01,integrated,統合説明,integrated,「スターリングラードの戦い」について説明せよ。,**1942〜1943年**、ソ連南部・ヴォルガ川沿いのスターリングラードを主な舞台に、**スターリングラードの戦い**は、ヴォルガ川とカフカス資源への進出を狙うドイツ軍が市街戦へ突入したが、**ソ連軍**が反攻して第6軍を包囲した。1943年2月に降伏させ、ドイツの東部戦線での攻勢を挫く転換点となった。,スターリングラードの戦い|1942〜1943年|ソ連軍,,,,世界史の窓（章節別用語リスト）,https://www.y-history.net/appendix/appendix-list.html
世界史段階別デッキ｜Deck 3｜主要王朝・人物・制度の穴埋め400語,WH-001164,1164,Deck 3｜標準,戦争,ノルマンディー上陸作戦,のるまんでぃーじょうりくさくせん,Dデイ|オーヴァーロード作戦,現代,ヨーロッパ,フランス北西部・ノルマンディー海岸,1944年6月6日,1944,WH-001164-B01,beginner,用語の特定,identify,米英など連合軍がフランスへ上陸し、西部戦線を再開した大規模作戦は？,ノルマンディー上陸作戦,ノルマンディー上陸作戦,Dデイ|オーヴァーロード作戦,,,世界史の窓（章節別用語リスト）,https://www.y-history.net/appendix/appendix-list.html
世界史段階別デッキ｜Deck 3｜主要王朝・人物・制度の穴埋め400語,WH-001164,1164,Deck 3｜標準,戦争,ノルマンディー上陸作戦,のるまんでぃーじょうりくさくせん,Dデイ|オーヴァーロード作戦,現代,ヨーロッパ,フランス北西部・ノルマンディー海岸,1944年6月6日,1944,WH-001164-B02,beginner,時期,time,「ノルマンディー上陸作戦」が戦われたのはいつ？,1944年6月6日,1944年6月6日,,,,世界史の窓（章節別用語リスト）,https://www.y-history.net/appendix/appendix-list.html
世界史段階別デッキ｜Deck 3｜主要王朝・人物・制度の穴埋め400語,WH-001164,1164,Deck 3｜標準,戦争,ノルマンディー上陸作戦,のるまんでぃーじょうりくさくせん,Dデイ|オーヴァーロード作戦,現代,ヨーロッパ,フランス北西部・ノルマンディー海岸,1944年6月6日,1944,WH-001164-B03,beginner,内容,content,「ノルマンディー上陸作戦」について、作戦名は？,オーヴァーロード作戦,オーヴァーロード作戦,,,,世界史の窓（章節別用語リスト）,https://www.y-history.net/appendix/appendix-list.html
世界史段階別デッキ｜Deck 3｜主要王朝・人物・制度の穴埋め400語,WH-001164,1164,Deck 3｜標準,戦争,ノルマンディー上陸作戦,のるまんでぃーじょうりくさくせん,Dデイ|オーヴァーロード作戦,現代,ヨーロッパ,フランス北西部・ノルマンディー海岸,1944年6月6日,1944,WH-001164-R01,reverse,複合説明,reverse,何が起きた？,フランス北西部・ノルマンディー海岸を主な舞台に、**ノルマンディー上陸作戦**は、アメリカ・イギリス・カナダなどの連合軍が、**オーヴァーロード作戦**のもとノルマンディー海岸へ上陸した。橋頭堡を確保してパリを解放し、西からナチス＝ドイツを追い詰める戦線を開いた。,ノルマンディー上陸作戦|オーヴァーロード作戦,,,,世界史の窓（章節別用語リスト）,https://www.y-history.net/appendix/appendix-list.html
世界史段階別デッキ｜Deck 3｜主要王朝・人物・制度の穴埋め400語,WH-001164,1164,Deck 3｜標準,戦争,ノルマンディー上陸作戦,のるまんでぃーじょうりくさくせん,Dデイ|オーヴァーロード作戦,現代,ヨーロッパ,フランス北西部・ノルマンディー海岸,1944年6月6日,1944,WH-001164-R02,reverse,時期,time,「ノルマンディー上陸作戦」が戦われたのはいつ？,**1944年6月6日**,1944年6月6日,,,,世界史の窓（章節別用語リスト）,https://www.y-history.net/appendix/appendix-list.html
世界史段階別デッキ｜Deck 3｜主要王朝・人物・制度の穴埋め400語,WH-001164,1164,Deck 3｜標準,戦争,ノルマンディー上陸作戦,のるまんでぃーじょうりくさくせん,Dデイ|オーヴァーロード作戦,現代,ヨーロッパ,フランス北西部・ノルマンディー海岸,1944年6月6日,1944,WH-001164-I01,integrated,統合説明,integrated,「ノルマンディー上陸作戦」について説明せよ。,**1944年6月6日**、フランス北西部・ノルマンディー海岸を主な舞台に、**ノルマンディー上陸作戦**は、アメリカ・イギリス・カナダなどの連合軍が、**オーヴァーロード作戦**のもとノルマンディー海岸へ上陸した。橋頭堡を確保してパリを解放し、西からナチス＝ドイツを追い詰める戦線を開いた。,ノルマンディー上陸作戦|1944年6月6日|オーヴァーロード作戦,,,,世界史の窓（章節別用語リスト）,https://www.y-history.net/appendix/appendix-list.html
世界史段階別デッキ｜Deck 3｜主要王朝・人物・制度の穴埋め400語,WH-001165,1165,Deck 3｜標準,条約・会議,サンフランシスコ会議,さんふらんしすこかいぎ,国際機構に関する連合国会議,現代,アメリカ,アメリカ合衆国・サンフランシスコ,1945年4〜6月,1945,WH-001165-B01,beginner,用語の特定,identify,第二次世界大戦末期に50か国が国際連合憲章を審議・署名した会議は？,サンフランシスコ会議,サンフランシスコ会議,国際機構に関する連合国会議,,,世界史の窓（章節別用語リスト）,https://www.y-history.net/appendix/appendix-list.html
世界史段階別デッキ｜Deck 3｜主要王朝・人物・制度の穴埋め400語,WH-001165,1165,Deck 3｜標準,条約・会議,サンフランシスコ会議,さんふらんしすこかいぎ,国際機構に関する連合国会議,現代,アメリカ,アメリカ合衆国・サンフランシスコ,1945年4〜6月,1945,WH-001165-B02,beginner,時期,time,「サンフランシスコ会議」が結ばれた・開かれたのはいつ？,1945年4〜6月,1945年4〜6月,,,,世界史の窓（章節別用語リスト）,https://www.y-history.net/appendix/appendix-list.html
世界史段階別デッキ｜Deck 3｜主要王朝・人物・制度の穴埋め400語,WH-001165,1165,Deck 3｜標準,条約・会議,サンフランシスコ会議,さんふらんしすこかいぎ,国際機構に関する連合国会議,現代,アメリカ,アメリカ合衆国・サンフランシスコ,1945年4〜6月,1945,WH-001165-B03,beginner,内容,content,「サンフランシスコ会議」について、採択した文書は？,国際連合憲章,国際連合憲章,,,,世界史の窓（章節別用語リスト）,https://www.y-history.net/appendix/appendix-list.html
世界史段階別デッキ｜Deck 3｜主要王朝・人物・制度の穴埋め400語,WH-001165,1165,Deck 3｜標準,条約・会議,サンフランシスコ会議,さんふらんしすこかいぎ,国際機構に関する連合国会議,現代,アメリカ,アメリカ合衆国・サンフランシスコ,1945年4〜6月,1945,WH-001165-R01,reverse,複合説明,reverse,何を決めた？,アメリカ合衆国・サンフランシスコを主な舞台に、**サンフランシスコ会議**は、連合国50か国の代表が、ダンバートン＝オークス提案などをもとに新しい国際機構を審議した。1945年6月に**国際連合憲章**へ署名し、安全保障理事会を中心とする国際連合の制度を確定した。,サンフランシスコ会議|国際連合憲章,,,,世界史の窓（章節別用語リスト）,https://www.y-history.net/appendix/appendix-list.html
世界史段階別デッキ｜Deck 3｜主要王朝・人物・制度の穴埋め400語,WH-001165,1165,Deck 3｜標準,条約・会議,サンフランシスコ会議,さんふらんしすこかいぎ,国際機構に関する連合国会議,現代,アメリカ,アメリカ合衆国・サンフランシスコ,1945年4〜6月,1945,WH-001165-R02,reverse,時期,time,「サンフランシスコ会議」が結ばれた・開かれたのはいつ？,**1945年4〜6月**,1945年4〜6月,,,,世界史の窓（章節別用語リスト）,https://www.y-history.net/appendix/appendix-list.html
世界史段階別デッキ｜Deck 3｜主要王朝・人物・制度の穴埋め400語,WH-001165,1165,Deck 3｜標準,条約・会議,サンフランシスコ会議,さんふらんしすこかいぎ,国際機構に関する連合国会議,現代,アメリカ,アメリカ合衆国・サンフランシスコ,1945年4〜6月,1945,WH-001165-I01,integrated,統合説明,integrated,「サンフランシスコ会議」について説明せよ。,**1945年4〜6月**、アメリカ合衆国・サンフランシスコを主な舞台に、**サンフランシスコ会議**は、連合国50か国の代表が、ダンバートン＝オークス提案などをもとに新しい国際機構を審議した。1945年6月に**国際連合憲章**へ署名し、安全保障理事会を中心とする国際連合の制度を確定した。,サンフランシスコ会議|1945年4〜6月|国際連合憲章,,,,世界史の窓（章節別用語リスト）,https://www.y-history.net/appendix/appendix-list.html
世界史段階別デッキ｜Deck 3｜主要王朝・人物・制度の穴埋め400語,WH-001181,1181,Deck 3｜標準,人物,スカルノ,すかるの,,現代,東南アジア,インドネシア,20世紀中頃,1945,WH-001181-B01,beginner,用語の特定,identify,インドネシア独立を宣言し、初代大統領としてバンドン会議と指導される民主主義を進めた人物は？,スカルノ,スカルノ,,,,世界史の窓（章節別用語リスト）,https://www.y-history.net/appendix/appendix-list.html
世界史段階別デッキ｜Deck 3｜主要王朝・人物・制度の穴埋め400語,WH-001181,1181,Deck 3｜標準,人物,スカルノ,すかるの,,現代,東南アジア,インドネシア,20世紀中頃,1945,WH-001181-B02,beginner,時期,time,「スカルノ」が主に活動したのはいつ？,20世紀中頃,20世紀中頃,,,,世界史の窓（章節別用語リスト）,https://www.y-history.net/appendix/appendix-list.html
世界史段階別デッキ｜Deck 3｜主要王朝・人物・制度の穴埋め400語,WH-001181,1181,Deck 3｜標準,人物,スカルノ,すかるの,,現代,東南アジア,インドネシア,20世紀中頃,1945,WH-001181-B03,beginner,内容,content,「スカルノ」について、独立を宣言した国は？,インドネシア,インドネシア,,,,世界史の窓（章節別用語リスト）,https://www.y-history.net/appendix/appendix-list.html
世界史段階別デッキ｜Deck 3｜主要王朝・人物・制度の穴埋め400語,WH-001181,1181,Deck 3｜標準,人物,スカルノ,すかるの,,現代,東南アジア,インドネシア,20世紀中頃,1945,WH-001181-R01,reverse,複合説明,reverse,何をした？,インドネシアを主な舞台に、**スカルノ**は、民族主義運動を率い、日本降伏直後の1945年に**インドネシア独立**を宣言した。独立戦争後に初代大統領となり、1955年のバンドン会議を主催し、後に「指導される民主主義」で権力を集中した。,スカルノ|インドネシア独立,,,,世界史の窓（章節別用語リスト）,https://www.y-history.net/appendix/appendix-list.html
世界史段階別デッキ｜Deck 3｜主要王朝・人物・制度の穴埋め400語,WH-001181,1181,Deck 3｜標準,人物,スカルノ,すかるの,,現代,東南アジア,インドネシア,20世紀中頃,1945,WH-001181-R02,reverse,時期,time,「スカルノ」が主に活動したのはいつ？,**20世紀中頃**,20世紀中頃,,,,世界史の窓（章節別用語リスト）,https://www.y-history.net/appendix/appendix-list.html
世界史段階別デッキ｜Deck 3｜主要王朝・人物・制度の穴埋め400語,WH-001181,1181,Deck 3｜標準,人物,スカルノ,すかるの,,現代,東南アジア,インドネシア,20世紀中頃,1945,WH-001181-I01,integrated,統合説明,integrated,「スカルノ」について説明せよ。,**20世紀中頃**、インドネシアを主な舞台に、**スカルノ**は、民族主義運動を率い、日本降伏直後の1945年に**インドネシア独立**を宣言した。独立戦争後に初代大統領となり、1955年のバンドン会議を主催し、後に「指導される民主主義」で権力を集中した。,スカルノ|20世紀中頃|インドネシア独立,,,,世界史の窓（章節別用語リスト）,https://www.y-history.net/appendix/appendix-list.html
世界史段階別デッキ｜Deck 3｜主要王朝・人物・制度の穴埋め400語,WH-001166,1166,Deck 3｜標準,思想・主義,鉄のカーテン,てつのかーてん,,現代,ヨーロッパ,東ヨーロッパと西ヨーロッパ,1946年に演説,1946,WH-001166-B01,beginner,用語の特定,identify,チャーチルがソ連圏と西側の政治的分断を表現するため用いた言葉は？,鉄のカーテン,鉄のカーテン,,,,世界史の窓（章節別用語リスト）,https://www.y-history.net/appendix/appendix-list.html
世界史段階別デッキ｜Deck 3｜主要王朝・人物・制度の穴埋め400語,WH-001166,1166,Deck 3｜標準,思想・主義,鉄のカーテン,てつのかーてん,,現代,ヨーロッパ,東ヨーロッパと西ヨーロッパ,1946年に演説,1946,WH-001166-B02,beginner,時期,time,「鉄のカーテン」が成立・広がったのはいつ？,1946年に演説,1946年に演説,,,,世界史の窓（章節別用語リスト）,https://www.y-history.net/appendix/appendix-list.html
世界史段階別デッキ｜Deck 3｜主要王朝・人物・制度の穴埋め400語,WH-001166,1166,Deck 3｜標準,思想・主義,鉄のカーテン,てつのかーてん,,現代,ヨーロッパ,東ヨーロッパと西ヨーロッパ,1946年に演説,1946,WH-001166-B03,beginner,中心人物,person,「鉄のカーテン」について、演説した人物は？,チャーチル,チャーチル,,,,世界史の窓（章節別用語リスト）,https://www.y-history.net/appendix/appendix-list.html
世界史段階別デッキ｜Deck 3｜主要王朝・人物・制度の穴埋め400語,WH-001166,1166,Deck 3｜標準,思想・主義,鉄のカーテン,てつのかーてん,,現代,ヨーロッパ,東ヨーロッパと西ヨーロッパ,1946年に演説,1946,WH-001166-R01,reverse,複合説明,reverse,どんな考え？,東ヨーロッパと西ヨーロッパを主な舞台に、**鉄のカーテン**は、元イギリス首相**チャーチル**が1946年のフルトン演説で、バルト海からアドリア海まで「鉄のカーテン」が降りたと述べた。東欧のソ連化を批判し、冷戦による東西分断を象徴する表現となった。,鉄のカーテン|チャーチル,,,,世界史の窓（章節別用語リスト）,https://www.y-history.net/appendix/appendix-list.html
世界史段階別デッキ｜Deck 3｜主要王朝・人物・制度の穴埋め400語,WH-001166,1166,Deck 3｜標準,思想・主義,鉄のカーテン,てつのかーてん,,現代,ヨーロッパ,東ヨーロッパと西ヨーロッパ,1946年に演説,1946,WH-001166-R02,reverse,時期,time,「鉄のカーテン」が成立・広がったのはいつ？,**1946年に演説**,1946年に演説,,,,世界史の窓（章節別用語リスト）,https://www.y-history.net/appendix/appendix-list.html
世界史段階別デッキ｜Deck 3｜主要王朝・人物・制度の穴埋め400語,WH-001166,1166,Deck 3｜標準,思想・主義,鉄のカーテン,てつのかーてん,,現代,ヨーロッパ,東ヨーロッパと西ヨーロッパ,1946年に演説,1946,WH-001166-I01,integrated,統合説明,integrated,「鉄のカーテン」について説明せよ。,**1946年に演説**、東ヨーロッパと西ヨーロッパを主な舞台に、**鉄のカーテン**は、元イギリス首相**チャーチル**が1946年のフルトン演説で、バルト海からアドリア海まで「鉄のカーテン」が降りたと述べた。東欧のソ連化を批判し、冷戦による東西分断を象徴する表現となった。,鉄のカーテン|1946年に演説|チャーチル,,,,世界史の窓（章節別用語リスト）,https://www.y-history.net/appendix/appendix-list.html
世界史段階別デッキ｜Deck 3｜主要王朝・人物・制度の穴埋め400語,WH-001167,1167,Deck 3｜標準,制度・政策・法律,封じ込め政策,ふうじこめせいさく,コンテインメント,現代,複数地域,アメリカ合衆国からヨーロッパ・アジアなど世界各地,1947年以後,1947,WH-001167-B01,beginner,用語の特定,identify,アメリカがソ連・共産主義勢力の拡大を政治・経済・軍事面で抑えようとした冷戦政策は？,封じ込め政策,封じ込め政策,コンテインメント,,,世界史の窓（章節別用語リスト）,https://www.y-history.net/appendix/appendix-list.html
世界史段階別デッキ｜Deck 3｜主要王朝・人物・制度の穴埋め400語,WH-001167,1167,Deck 3｜標準,制度・政策・法律,封じ込め政策,ふうじこめせいさく,コンテインメント,現代,複数地域,アメリカ合衆国からヨーロッパ・アジアなど世界各地,1947年以後,1947,WH-001167-B02,beginner,時期,time,「封じ込め政策」が実施・整備されたのはいつ？,1947年以後,1947年以後,,,,世界史の窓（章節別用語リスト）,https://www.y-history.net/appendix/appendix-list.html
世界史段階別デッキ｜Deck 3｜主要王朝・人物・制度の穴埋め400語,WH-001167,1167,Deck 3｜標準,制度・政策・法律,封じ込め政策,ふうじこめせいさく,コンテインメント,現代,複数地域,アメリカ合衆国からヨーロッパ・アジアなど世界各地,1947年以後,1947,WH-001167-B03,beginner,内容,content,「封じ込め政策」について、理論化した外交官は？,ジョージ＝ケナン,ジョージ＝ケナン,,,,世界史の窓（章節別用語リスト）,https://www.y-history.net/appendix/appendix-list.html
世界史段階別デッキ｜Deck 3｜主要王朝・人物・制度の穴埋め400語,WH-001167,1167,Deck 3｜標準,制度・政策・法律,封じ込め政策,ふうじこめせいさく,コンテインメント,現代,複数地域,アメリカ合衆国からヨーロッパ・アジアなど世界各地,1947年以後,1947,WH-001167-R01,reverse,複合説明,reverse,どんな制度・政策・法律？,アメリカ合衆国からヨーロッパ・アジアなど世界各地を主な舞台に、**封じ込め政策**は、外交官**ジョージ＝ケナン**の分析をもとに、ソ連の勢力拡大を長期的に阻止するアメリカの基本政策となった。トルーマン＝ドクトリン、マーシャル＝プラン、NATO、アジアでの同盟・戦争に具体化した。,封じ込め政策|ジョージ＝ケナン,,,,世界史の窓（章節別用語リスト）,https://www.y-history.net/appendix/appendix-list.html
世界史段階別デッキ｜Deck 3｜主要王朝・人物・制度の穴埋め400語,WH-001167,1167,Deck 3｜標準,制度・政策・法律,封じ込め政策,ふうじこめせいさく,コンテインメント,現代,複数地域,アメリカ合衆国からヨーロッパ・アジアなど世界各地,1947年以後,1947,WH-001167-R02,reverse,時期,time,「封じ込め政策」が実施・整備されたのはいつ？,**1947年以後**,1947年以後,,,,世界史の窓（章節別用語リスト）,https://www.y-history.net/appendix/appendix-list.html
世界史段階別デッキ｜Deck 3｜主要王朝・人物・制度の穴埋め400語,WH-001167,1167,Deck 3｜標準,制度・政策・法律,封じ込め政策,ふうじこめせいさく,コンテインメント,現代,複数地域,アメリカ合衆国からヨーロッパ・アジアなど世界各地,1947年以後,1947,WH-001167-I01,integrated,統合説明,integrated,「封じ込め政策」について説明せよ。,**1947年以後**、アメリカ合衆国からヨーロッパ・アジアなど世界各地を主な舞台に、**封じ込め政策**は、外交官**ジョージ＝ケナン**の分析をもとに、ソ連の勢力拡大を長期的に阻止するアメリカの基本政策となった。トルーマン＝ドクトリン、マーシャル＝プラン、NATO、アジアでの同盟・戦争に具体化した。,封じ込め政策|1947年以後|ジョージ＝ケナン,,,,世界史の窓（章節別用語リスト）,https://www.y-history.net/appendix/appendix-list.html
世界史段階別デッキ｜Deck 3｜主要王朝・人物・制度の穴埋め400語,WH-001177,1177,Deck 3｜標準,人物,ネルー,ねるー,ジャワハルラール＝ネルー,現代,南アジア,インド・アジア・アフリカ,1947〜1964年インド首相,1947,WH-001177-B01,beginner,用語の特定,identify,独立インドの初代首相として非同盟・計画経済・政教分離を進めた人物は？,ネルー,ネルー,ジャワハルラール＝ネルー,,,世界史の窓（章節別用語リスト）,https://www.y-history.net/appendix/appendix-list.html
世界史段階別デッキ｜Deck 3｜主要王朝・人物・制度の穴埋め400語,WH-001177,1177,Deck 3｜標準,人物,ネルー,ねるー,ジャワハルラール＝ネルー,現代,南アジア,インド・アジア・アフリカ,1947〜1964年インド首相,1947,WH-001177-B02,beginner,時期,time,「ネルー」が主に活動したのはいつ？,1947〜1964年インド首相,1947〜1964年インド首相,,,,世界史の窓（章節別用語リスト）,https://www.y-history.net/appendix/appendix-list.html
世界史段階別デッキ｜Deck 3｜主要王朝・人物・制度の穴埋め400語,WH-001177,1177,Deck 3｜標準,人物,ネルー,ねるー,ジャワハルラール＝ネルー,現代,南アジア,インド・アジア・アフリカ,1947〜1964年インド首相,1947,WH-001177-B03,beginner,内容,content,「ネルー」について、外交方針は？,非同盟主義,非同盟主義,,,,世界史の窓（章節別用語リスト）,https://www.y-history.net/appendix/appendix-list.html
世界史段階別デッキ｜Deck 3｜主要王朝・人物・制度の穴埋め400語,WH-001177,1177,Deck 3｜標準,人物,ネルー,ねるー,ジャワハルラール＝ネルー,現代,南アジア,インド・アジア・アフリカ,1947〜1964年インド首相,1947,WH-001177-R01,reverse,複合説明,reverse,何をした？,インド・アジア・アフリカを主な舞台に、**ネルー**は、国民会議派の指導者として独立運動へ参加し、1947年にインド初代首相となった。議会制民主主義・**政教分離**・混合経済と五か年計画を進め、アジア＝アフリカ会議や**非同盟主義**を主導した。,ネルー|政教分離|非同盟主義,,,,世界史の窓（章節別用語リスト）,https://www.y-history.net/appendix/appendix-list.html
世界史段階別デッキ｜Deck 3｜主要王朝・人物・制度の穴埋め400語,WH-001177,1177,Deck 3｜標準,人物,ネルー,ねるー,ジャワハルラール＝ネルー,現代,南アジア,インド・アジア・アフリカ,1947〜1964年インド首相,1947,WH-001177-R02,reverse,時期,time,「ネルー」が主に活動したのはいつ？,**1947〜1964年インド首相**,1947〜1964年インド首相,,,,世界史の窓（章節別用語リスト）,https://www.y-history.net/appendix/appendix-list.html
世界史段階別デッキ｜Deck 3｜主要王朝・人物・制度の穴埋め400語,WH-001177,1177,Deck 3｜標準,人物,ネルー,ねるー,ジャワハルラール＝ネルー,現代,南アジア,インド・アジア・アフリカ,1947〜1964年インド首相,1947,WH-001177-I01,integrated,統合説明,integrated,「ネルー」について説明せよ。,**1947〜1964年インド首相**、インド・アジア・アフリカを主な舞台に、**ネルー**は、国民会議派の指導者として独立運動へ参加し、1947年にインド初代首相となった。議会制民主主義・**政教分離**・混合経済と五か年計画を進め、アジア＝アフリカ会議や**非同盟主義**を主導した。,ネルー|1947〜1964年インド首相|政教分離|非同盟主義,,,,世界史の窓（章節別用語リスト）,https://www.y-history.net/appendix/appendix-list.html
世界史段階別デッキ｜Deck 3｜主要王朝・人物・制度の穴埋め400語,WH-001179,1179,Deck 3｜標準,事件・革命,インド・パキスタン分離独立,いんどぱきすたんぶんりどくりつ,,現代,南アジア,インド亜大陸,1947年,1947,WH-001179-B01,beginner,用語の特定,identify,英領インドが主に宗教人口を基準にインドとパキスタンへ分かれて独立した出来事は？,インド・パキスタン分離独立,インド・パキスタン分離独立,,,,世界史の窓（章節別用語リスト）,https://www.y-history.net/appendix/appendix-list.html
世界史段階別デッキ｜Deck 3｜主要王朝・人物・制度の穴埋め400語,WH-001179,1179,Deck 3｜標準,事件・革命,インド・パキスタン分離独立,いんどぱきすたんぶんりどくりつ,,現代,南アジア,インド亜大陸,1947年,1947,WH-001179-B02,beginner,時期,time,「インド・パキスタン分離独立」が起きたのはいつ？,1947年,1947年,,,,世界史の窓（章節別用語リスト）,https://www.y-history.net/appendix/appendix-list.html
世界史段階別デッキ｜Deck 3｜主要王朝・人物・制度の穴埋め400語,WH-001179,1179,Deck 3｜標準,事件・革命,インド・パキスタン分離独立,いんどぱきすたんぶんりどくりつ,,現代,南アジア,インド亜大陸,1947年,1947,WH-001179-B03,beginner,関連,relation,「インド・パキスタン分離独立」について、成立した二国は？,インドとパキスタン,インドとパキスタン,,,,世界史の窓（章節別用語リスト）,https://www.y-history.net/appendix/appendix-list.html
世界史段階別デッキ｜Deck 3｜主要王朝・人物・制度の穴埋め400語,WH-001179,1179,Deck 3｜標準,事件・革命,インド・パキスタン分離独立,いんどぱきすたんぶんりどくりつ,,現代,南アジア,インド亜大陸,1947年,1947,WH-001179-R01,reverse,複合説明,reverse,何が起きた？,インド亜大陸を主な舞台に、**インド・パキスタン分離独立**は、イギリスが植民地統治を終え、ヒンドゥー多数地域を**インド**、ムスリム多数地域を東西の**パキスタン**として独立させた。国境線をめぐり大規模な住民移動・宗教暴力が起き、カシミール問題を残した。,インド・パキスタン分離独立|インド|パキスタン,,,,世界史の窓（章節別用語リスト）,https://www.y-history.net/appendix/appendix-list.html
世界史段階別デッキ｜Deck 3｜主要王朝・人物・制度の穴埋め400語,WH-001179,1179,Deck 3｜標準,事件・革命,インド・パキスタン分離独立,いんどぱきすたんぶんりどくりつ,,現代,南アジア,インド亜大陸,1947年,1947,WH-001179-R02,reverse,時期,time,「インド・パキスタン分離独立」が起きたのはいつ？,**1947年**,1947年,,,,世界史の窓（章節別用語リスト）,https://www.y-history.net/appendix/appendix-list.html
世界史段階別デッキ｜Deck 3｜主要王朝・人物・制度の穴埋め400語,WH-001179,1179,Deck 3｜標準,事件・革命,インド・パキスタン分離独立,いんどぱきすたんぶんりどくりつ,,現代,南アジア,インド亜大陸,1947年,1947,WH-001179-I01,integrated,統合説明,integrated,「インド・パキスタン分離独立」について説明せよ。,**1947年**、インド亜大陸を主な舞台に、**インド・パキスタン分離独立**は、イギリスが植民地統治を終え、ヒンドゥー多数地域を**インド**、ムスリム多数地域を東西の**パキスタン**として独立させた。国境線をめぐり大規模な住民移動・宗教暴力が起き、カシミール問題を残した。,インド・パキスタン分離独立|1947年|インド|パキスタン,,,,世界史の窓（章節別用語リスト）,https://www.y-history.net/appendix/appendix-list.html
世界史段階別デッキ｜Deck 3｜主要王朝・人物・制度の穴埋め400語,WH-001180,1180,Deck 3｜標準,時代・歴史区分,カシミール問題,かしみーるもんだい,,現代,南アジア,カシミール地方・インド北部・パキスタン北東部,1947年以後,1947,WH-001180-B01,beginner,用語の特定,identify,分離独立時に帰属が決まらず、インドとパキスタンが領有を争い続ける問題は？,カシミール問題,カシミール問題,,,,世界史の窓（章節別用語リスト）,https://www.y-history.net/appendix/appendix-list.html
世界史段階別デッキ｜Deck 3｜主要王朝・人物・制度の穴埋め400語,WH-001180,1180,Deck 3｜標準,時代・歴史区分,カシミール問題,かしみーるもんだい,,現代,南アジア,カシミール地方・インド北部・パキスタン北東部,1947年以後,1947,WH-001180-B02,beginner,時期,time,「カシミール問題」が使用・展開されたのはいつ？,1947年以後,1947年以後,,,,世界史の窓（章節別用語リスト）,https://www.y-history.net/appendix/appendix-list.html
世界史段階別デッキ｜Deck 3｜主要王朝・人物・制度の穴埋め400語,WH-001180,1180,Deck 3｜標準,時代・歴史区分,カシミール問題,かしみーるもんだい,,現代,南アジア,カシミール地方・インド北部・パキスタン北東部,1947年以後,1947,WH-001180-B03,beginner,関連,relation,「カシミール問題」について、対立する二国は？,インドとパキスタン,インドとパキスタン,,,,世界史の窓（章節別用語リスト）,https://www.y-history.net/appendix/appendix-list.html
世界史段階別デッキ｜Deck 3｜主要王朝・人物・制度の穴埋め400語,WH-001180,1180,Deck 3｜標準,時代・歴史区分,カシミール問題,かしみーるもんだい,,現代,南アジア,カシミール地方・インド北部・パキスタン北東部,1947年以後,1947,WH-001180-R01,reverse,複合説明,reverse,どんな時代・歴史区分？,カシミール地方・インド北部・パキスタン北東部を主な舞台に、**カシミール問題**は、ムスリム住民が多数の藩王国カシミールで、ヒンドゥー藩王が**インド**への帰属を選んだことから**パキスタン**と戦争になった。停戦線を挟む分割支配が続き、両国対立と核危機の焦点となった。,カシミール問題|インド|パキスタン,,,,世界史の窓（章節別用語リスト）,https://www.y-history.net/appendix/appendix-list.html
世界史段階別デッキ｜Deck 3｜主要王朝・人物・制度の穴埋め400語,WH-001180,1180,Deck 3｜標準,時代・歴史区分,カシミール問題,かしみーるもんだい,,現代,南アジア,カシミール地方・インド北部・パキスタン北東部,1947年以後,1947,WH-001180-R02,reverse,時期,time,「カシミール問題」が使用・展開されたのはいつ？,**1947年以後**,1947年以後,,,,世界史の窓（章節別用語リスト）,https://www.y-history.net/appendix/appendix-list.html
世界史段階別デッキ｜Deck 3｜主要王朝・人物・制度の穴埋め400語,WH-001180,1180,Deck 3｜標準,時代・歴史区分,カシミール問題,かしみーるもんだい,,現代,南アジア,カシミール地方・インド北部・パキスタン北東部,1947年以後,1947,WH-001180-I01,integrated,統合説明,integrated,「カシミール問題」について説明せよ。,**1947年以後**、カシミール地方・インド北部・パキスタン北東部を主な舞台に、**カシミール問題**は、ムスリム住民が多数の藩王国カシミールで、ヒンドゥー藩王が**インド**への帰属を選んだことから**パキスタン**と戦争になった。停戦線を挟む分割支配が続き、両国対立と核危機の焦点となった。,カシミール問題|1947年以後|インド|パキスタン,,,,世界史の窓（章節別用語リスト）,https://www.y-history.net/appendix/appendix-list.html
世界史段階別デッキ｜Deck 3｜主要王朝・人物・制度の穴埋め400語,WH-001168,1168,Deck 3｜標準,運動,マッカーシズム,まっかーしずむ,赤狩り,現代,アメリカ,アメリカ合衆国,1950年代前半,1950,WH-001168-B01,beginner,用語の特定,identify,共産主義者の潜入を誇張して政府・文化人らを告発し、自由な言論を萎縮させた運動は？,マッカーシズム,マッカーシズム,赤狩り,,,世界史の窓（章節別用語リスト）,https://www.y-history.net/appendix/appendix-list.html
世界史段階別デッキ｜Deck 3｜主要王朝・人物・制度の穴埋め400語,WH-001168,1168,Deck 3｜標準,運動,マッカーシズム,まっかーしずむ,赤狩り,現代,アメリカ,アメリカ合衆国,1950年代前半,1950,WH-001168-B02,beginner,時期,time,「マッカーシズム」が盛んだったのはいつ？,1950年代前半,1950年代前半,,,,世界史の窓（章節別用語リスト）,https://www.y-history.net/appendix/appendix-list.html
世界史段階別デッキ｜Deck 3｜主要王朝・人物・制度の穴埋め400語,WH-001168,1168,Deck 3｜標準,運動,マッカーシズム,まっかーしずむ,赤狩り,現代,アメリカ,アメリカ合衆国,1950年代前半,1950,WH-001168-B03,beginner,内容,content,「マッカーシズム」について、名の由来となった政治家は？,マッカーシー,マッカーシー,,,,世界史の窓（章節別用語リスト）,https://www.y-history.net/appendix/appendix-list.html
世界史段階別デッキ｜Deck 3｜主要王朝・人物・制度の穴埋め400語,WH-001168,1168,Deck 3｜標準,運動,マッカーシズム,まっかーしずむ,赤狩り,現代,アメリカ,アメリカ合衆国,1950年代前半,1950,WH-001168-R01,reverse,複合説明,reverse,何が起きた？,アメリカ合衆国を主な舞台に、**マッカーシズム**は、上院議員**マッカーシー**らが、十分な証拠なしに政府・軍・映画界・教育界の人々を共産主義者・協力者と非難した。冷戦不安の中で公職追放・ブラックリストを生み、反対者の権利と言論を侵害した。,マッカーシズム|マッカーシー,,,,世界史の窓（章節別用語リスト）,https://www.y-history.net/appendix/appendix-list.html
世界史段階別デッキ｜Deck 3｜主要王朝・人物・制度の穴埋め400語,WH-001168,1168,Deck 3｜標準,運動,マッカーシズム,まっかーしずむ,赤狩り,現代,アメリカ,アメリカ合衆国,1950年代前半,1950,WH-001168-R02,reverse,時期,time,「マッカーシズム」が盛んだったのはいつ？,**1950年代前半**,1950年代前半,,,,世界史の窓（章節別用語リスト）,https://www.y-history.net/appendix/appendix-list.html
世界史段階別デッキ｜Deck 3｜主要王朝・人物・制度の穴埋め400語,WH-001168,1168,Deck 3｜標準,運動,マッカーシズム,まっかーしずむ,赤狩り,現代,アメリカ,アメリカ合衆国,1950年代前半,1950,WH-001168-I01,integrated,統合説明,integrated,「マッカーシズム」について説明せよ。,**1950年代前半**、アメリカ合衆国を主な舞台に、**マッカーシズム**は、上院議員**マッカーシー**らが、十分な証拠なしに政府・軍・映画界・教育界の人々を共産主義者・協力者と非難した。冷戦不安の中で公職追放・ブラックリストを生み、反対者の権利と言論を侵害した。,マッカーシズム|1950年代前半|マッカーシー,,,,世界史の窓（章節別用語リスト）,https://www.y-history.net/appendix/appendix-list.html
世界史段階別デッキ｜Deck 3｜主要王朝・人物・制度の穴埋め400語,WH-001169,1169,Deck 3｜標準,組織・政党,欧州石炭鉄鋼共同体,おうしゅうせきたんてっこうきょうどうたい,ECSC,現代,ヨーロッパ,フランス・西ドイツ・イタリア・ベネルクス三国,1952〜2002年,1951,WH-001169-B01,beginner,用語の特定,identify,仏独の石炭・鉄鋼を共同管理し、欧州統合の出発点となった6か国の共同体は？,欧州石炭鉄鋼共同体,欧州石炭鉄鋼共同体,ECSC,,,世界史の窓（章節別用語リスト）,https://www.y-history.net/appendix/appendix-list.html
世界史段階別デッキ｜Deck 3｜主要王朝・人物・制度の穴埋め400語,WH-001169,1169,Deck 3｜標準,組織・政党,欧州石炭鉄鋼共同体,おうしゅうせきたんてっこうきょうどうたい,ECSC,現代,ヨーロッパ,フランス・西ドイツ・イタリア・ベネルクス三国,1952〜2002年,1951,WH-001169-B02,beginner,時期,time,「欧州石炭鉄鋼共同体」が使用・展開されたのはいつ？,1952〜2002年,1952〜2002年,,,,世界史の窓（章節別用語リスト）,https://www.y-history.net/appendix/appendix-list.html
世界史段階別デッキ｜Deck 3｜主要王朝・人物・制度の穴埋め400語,WH-001169,1169,Deck 3｜標準,組織・政党,欧州石炭鉄鋼共同体,おうしゅうせきたんてっこうきょうどうたい,ECSC,現代,ヨーロッパ,フランス・西ドイツ・イタリア・ベネルクス三国,1952〜2002年,1951,WH-001169-B03,beginner,関連,relation,「欧州石炭鉄鋼共同体」について、加盟した中心二国は？,フランスと西ドイツ,フランスと西ドイツ,,,,世界史の窓（章節別用語リスト）,https://www.y-history.net/appendix/appendix-list.html
世界史段階別デッキ｜Deck 3｜主要王朝・人物・制度の穴埋め400語,WH-001169,1169,Deck 3｜標準,組織・政党,欧州石炭鉄鋼共同体,おうしゅうせきたんてっこうきょうどうたい,ECSC,現代,ヨーロッパ,フランス・西ドイツ・イタリア・ベネルクス三国,1952〜2002年,1951,WH-001169-R01,reverse,複合説明,reverse,何をした？,フランス・西ドイツ・イタリア・ベネルクス三国を主な舞台に、**欧州石炭鉄鋼共同体**は、シューマン＝プランに基づく1951年のパリ条約で、**フランス・西ドイツ**・イタリア・ベネルクス三国が石炭・鉄鋼市場を超国家機関の下で共同管理した。戦争資源を共有し、後のEEC・EUの基礎となった。,欧州石炭鉄鋼共同体|フランス・西ドイツ,,,,世界史の窓（章節別用語リスト）,https://www.y-history.net/appendix/appendix-list.html
世界史段階別デッキ｜Deck 3｜主要王朝・人物・制度の穴埋め400語,WH-001169,1169,Deck 3｜標準,組織・政党,欧州石炭鉄鋼共同体,おうしゅうせきたんてっこうきょうどうたい,ECSC,現代,ヨーロッパ,フランス・西ドイツ・イタリア・ベネルクス三国,1952〜2002年,1951,WH-001169-R02,reverse,時期,time,「欧州石炭鉄鋼共同体」が使用・展開されたのはいつ？,**1952〜2002年**,1952〜2002年,,,,世界史の窓（章節別用語リスト）,https://www.y-history.net/appendix/appendix-list.html
世界史段階別デッキ｜Deck 3｜主要王朝・人物・制度の穴埋め400語,WH-001169,1169,Deck 3｜標準,組織・政党,欧州石炭鉄鋼共同体,おうしゅうせきたんてっこうきょうどうたい,ECSC,現代,ヨーロッパ,フランス・西ドイツ・イタリア・ベネルクス三国,1952〜2002年,1951,WH-001169-I01,integrated,統合説明,integrated,「欧州石炭鉄鋼共同体」について説明せよ。,**1952〜2002年**、フランス・西ドイツ・イタリア・ベネルクス三国を主な舞台に、**欧州石炭鉄鋼共同体**は、シューマン＝プランに基づく1951年のパリ条約で、**フランス・西ドイツ**・イタリア・ベネルクス三国が石炭・鉄鋼市場を超国家機関の下で共同管理した。戦争資源を共有し、後のEEC・EUの基礎となった。,欧州石炭鉄鋼共同体|1952〜2002年|フランス・西ドイツ,,,,世界史の窓（章節別用語リスト）,https://www.y-history.net/appendix/appendix-list.html
世界史段階別デッキ｜Deck 3｜主要王朝・人物・制度の穴埋め400語,WH-001186,1186,Deck 3｜標準,人物,ナセル,なせる,ガマール＝アブドゥル＝ナセル,現代,アフリカ,エジプト・アラブ世界,1950〜1960年代,1952,WH-001186-B01,beginner,用語の特定,identify,自由将校団革命を指導し、スエズ運河国有化とパン＝アラブ主義を進めた大統領は？,ナセル,ナセル,ガマール＝アブドゥル＝ナセル,,,世界史の窓（章節別用語リスト）,https://www.y-history.net/appendix/appendix-list.html
世界史段階別デッキ｜Deck 3｜主要王朝・人物・制度の穴埋め400語,WH-001186,1186,Deck 3｜標準,人物,ナセル,なせる,ガマール＝アブドゥル＝ナセル,現代,アフリカ,エジプト・アラブ世界,1950〜1960年代,1952,WH-001186-B02,beginner,時期,time,「ナセル」が主に活動したのはいつ？,1950〜1960年代,1950〜1960年代,,,,世界史の窓（章節別用語リスト）,https://www.y-history.net/appendix/appendix-list.html
世界史段階別デッキ｜Deck 3｜主要王朝・人物・制度の穴埋め400語,WH-001186,1186,Deck 3｜標準,人物,ナセル,なせる,ガマール＝アブドゥル＝ナセル,現代,アフリカ,エジプト・アラブ世界,1950〜1960年代,1952,WH-001186-B03,beginner,内容,content,「ナセル」について、国有化した施設は？,スエズ運河,スエズ運河,,,,世界史の窓（章節別用語リスト）,https://www.y-history.net/appendix/appendix-list.html
世界史段階別デッキ｜Deck 3｜主要王朝・人物・制度の穴埋め400語,WH-001186,1186,Deck 3｜標準,人物,ナセル,なせる,ガマール＝アブドゥル＝ナセル,現代,アフリカ,エジプト・アラブ世界,1950〜1960年代,1952,WH-001186-R01,reverse,複合説明,reverse,何をした？,エジプト・アラブ世界を主な舞台に、**ナセル**は、1952年の**自由将校団革命**で王政を倒し、エジプト大統領となった。土地改革・工業化を進め、1956年に**スエズ運河**を国有化して英仏イスラエルの攻撃に耐え、アラブ民族主義の英雄となった。,ナセル|自由将校団革命|スエズ運河,,,,世界史の窓（章節別用語リスト）,https://www.y-history.net/appendix/appendix-list.html
世界史段階別デッキ｜Deck 3｜主要王朝・人物・制度の穴埋め400語,WH-001186,1186,Deck 3｜標準,人物,ナセル,なせる,ガマール＝アブドゥル＝ナセル,現代,アフリカ,エジプト・アラブ世界,1950〜1960年代,1952,WH-001186-R02,reverse,時期,time,「ナセル」が主に活動したのはいつ？,**1950〜1960年代**,1950〜1960年代,,,,世界史の窓（章節別用語リスト）,https://www.y-history.net/appendix/appendix-list.html
世界史段階別デッキ｜Deck 3｜主要王朝・人物・制度の穴埋め400語,WH-001186,1186,Deck 3｜標準,人物,ナセル,なせる,ガマール＝アブドゥル＝ナセル,現代,アフリカ,エジプト・アラブ世界,1950〜1960年代,1952,WH-001186-I01,integrated,統合説明,integrated,「ナセル」について説明せよ。,**1950〜1960年代**、エジプト・アラブ世界を主な舞台に、**ナセル**は、1952年の**自由将校団革命**で王政を倒し、エジプト大統領となった。土地改革・工業化を進め、1956年に**スエズ運河**を国有化して英仏イスラエルの攻撃に耐え、アラブ民族主義の英雄となった。,ナセル|1950〜1960年代|自由将校団革命|スエズ運河,,,,世界史の窓（章節別用語リスト）,https://www.y-history.net/appendix/appendix-list.html
世界史段階別デッキ｜Deck 3｜主要王朝・人物・制度の穴埋め400語,WH-001184,1184,Deck 3｜標準,戦争,ディエンビエンフーの戦い,でぃえんびえんふーのたたかい,,現代,東南アジア,ベトナム北西部・ディエンビエンフー,1954年,1954,WH-001184-B01,beginner,用語の特定,identify,ベトミン軍がフランス要塞を包囲・降伏させ、第一次インドシナ戦争を終結へ導いた戦いは？,ディエンビエンフーの戦い,ディエンビエンフーの戦い,,,,世界史の窓（章節別用語リスト）,https://www.y-history.net/appendix/appendix-list.html
世界史段階別デッキ｜Deck 3｜主要王朝・人物・制度の穴埋め400語,WH-001184,1184,Deck 3｜標準,戦争,ディエンビエンフーの戦い,でぃえんびえんふーのたたかい,,現代,東南アジア,ベトナム北西部・ディエンビエンフー,1954年,1954,WH-001184-B02,beginner,時期,time,「ディエンビエンフーの戦い」が戦われたのはいつ？,1954年,1954年,,,,世界史の窓（章節別用語リスト）,https://www.y-history.net/appendix/appendix-list.html
世界史段階別デッキ｜Deck 3｜主要王朝・人物・制度の穴埋め400語,WH-001184,1184,Deck 3｜標準,戦争,ディエンビエンフーの戦い,でぃえんびえんふーのたたかい,,現代,東南アジア,ベトナム北西部・ディエンビエンフー,1954年,1954,WH-001184-B03,beginner,内容,content,「ディエンビエンフーの戦い」について、勝利した勢力は？,ベトミン,ベトミン,,,,世界史の窓（章節別用語リスト）,https://www.y-history.net/appendix/appendix-list.html
世界史段階別デッキ｜Deck 3｜主要王朝・人物・制度の穴埋め400語,WH-001184,1184,Deck 3｜標準,戦争,ディエンビエンフーの戦い,でぃえんびえんふーのたたかい,,現代,東南アジア,ベトナム北西部・ディエンビエンフー,1954年,1954,WH-001184-R01,reverse,複合説明,reverse,何が起きた？,ベトナム北西部・ディエンビエンフーを主な舞台に、**ディエンビエンフーの戦い**は、フランス軍がラオス方面の補給を断つため築いた盆地の要塞を、**ヴォー＝グエン＝ザップ**率いるベトミン軍が包囲し重砲で攻略した。敗北はフランス植民地支配を終わらせ、ジュネーヴ協定へつながった。,ディエンビエンフーの戦い|ヴォー＝グエン＝ザップ,,,,世界史の窓（章節別用語リスト）,https://www.y-history.net/appendix/appendix-list.html
世界史段階別デッキ｜Deck 3｜主要王朝・人物・制度の穴埋め400語,WH-001184,1184,Deck 3｜標準,戦争,ディエンビエンフーの戦い,でぃえんびえんふーのたたかい,,現代,東南アジア,ベトナム北西部・ディエンビエンフー,1954年,1954,WH-001184-R02,reverse,時期,time,「ディエンビエンフーの戦い」が戦われたのはいつ？,**1954年**,1954年,,,,世界史の窓（章節別用語リスト）,https://www.y-history.net/appendix/appendix-list.html
世界史段階別デッキ｜Deck 3｜主要王朝・人物・制度の穴埋め400語,WH-001184,1184,Deck 3｜標準,戦争,ディエンビエンフーの戦い,でぃえんびえんふーのたたかい,,現代,東南アジア,ベトナム北西部・ディエンビエンフー,1954年,1954,WH-001184-I01,integrated,統合説明,integrated,「ディエンビエンフーの戦い」について説明せよ。,**1954年**、ベトナム北西部・ディエンビエンフーを主な舞台に、**ディエンビエンフーの戦い**は、フランス軍がラオス方面の補給を断つため築いた盆地の要塞を、**ヴォー＝グエン＝ザップ**率いるベトミン軍が包囲し重砲で攻略した。敗北はフランス植民地支配を終わらせ、ジュネーヴ協定へつながった。,ディエンビエンフーの戦い|1954年|ヴォー＝グエン＝ザップ,,,,世界史の窓（章節別用語リスト）,https://www.y-history.net/appendix/appendix-list.html
世界史段階別デッキ｜Deck 3｜主要王朝・人物・制度の穴埋め400語,WH-001185,1185,Deck 3｜標準,条約・会議,ジュネーヴ協定,じゅねーゔきょうてい,1954年ジュネーヴ協定,現代,東南アジア,インドシナ・ベトナム・ラオス・カンボジア,1954年,1954,WH-001185-B01,beginner,用語の特定,identify,第一次インドシナ戦争を終結させ、ベトナムを北緯17度線で一時分割した協定は？,ジュネーヴ協定,ジュネーヴ協定,1954年ジュネーヴ協定,,,世界史の窓（章節別用語リスト）,https://www.y-history.net/appendix/appendix-list.html
世界史段階別デッキ｜Deck 3｜主要王朝・人物・制度の穴埋め400語,WH-001185,1185,Deck 3｜標準,条約・会議,ジュネーヴ協定,じゅねーゔきょうてい,1954年ジュネーヴ協定,現代,東南アジア,インドシナ・ベトナム・ラオス・カンボジア,1954年,1954,WH-001185-B02,beginner,時期,time,「ジュネーヴ協定」が結ばれた・開かれたのはいつ？,1954年,1954年,,,,世界史の窓（章節別用語リスト）,https://www.y-history.net/appendix/appendix-list.html
世界史段階別デッキ｜Deck 3｜主要王朝・人物・制度の穴埋め400語,WH-001185,1185,Deck 3｜標準,条約・会議,ジュネーヴ協定,じゅねーゔきょうてい,1954年ジュネーヴ協定,現代,東南アジア,インドシナ・ベトナム・ラオス・カンボジア,1954年,1954,WH-001185-B03,beginner,内容,content,「ジュネーヴ協定」について、一時的境界は？,北緯17度線,北緯17度線,,,,世界史の窓（章節別用語リスト）,https://www.y-history.net/appendix/appendix-list.html
世界史段階別デッキ｜Deck 3｜主要王朝・人物・制度の穴埋め400語,WH-001185,1185,Deck 3｜標準,条約・会議,ジュネーヴ協定,じゅねーゔきょうてい,1954年ジュネーヴ協定,現代,東南アジア,インドシナ・ベトナム・ラオス・カンボジア,1954年,1954,WH-001185-R01,reverse,複合説明,reverse,何を決めた？,インドシナ・ベトナム・ラオス・カンボジアを主な舞台に、**ジュネーヴ協定**は、ディエンビエンフー敗北後の国際会議で、フランス軍の撤退、ラオス・カンボジアの独立、ベトナムの**北緯17度線**での一時的軍事分割と統一選挙を定めた。選挙は実施されず南北対立が続いた。,ジュネーヴ協定|北緯17度線,,,,世界史の窓（章節別用語リスト）,https://www.y-history.net/appendix/appendix-list.html
世界史段階別デッキ｜Deck 3｜主要王朝・人物・制度の穴埋め400語,WH-001185,1185,Deck 3｜標準,条約・会議,ジュネーヴ協定,じゅねーゔきょうてい,1954年ジュネーヴ協定,現代,東南アジア,インドシナ・ベトナム・ラオス・カンボジア,1954年,1954,WH-001185-R02,reverse,時期,time,「ジュネーヴ協定」が結ばれた・開かれたのはいつ？,**1954年**,1954年,,,,世界史の窓（章節別用語リスト）,https://www.y-history.net/appendix/appendix-list.html
世界史段階別デッキ｜Deck 3｜主要王朝・人物・制度の穴埋め400語,WH-001185,1185,Deck 3｜標準,条約・会議,ジュネーヴ協定,じゅねーゔきょうてい,1954年ジュネーヴ協定,現代,東南アジア,インドシナ・ベトナム・ラオス・カンボジア,1954年,1954,WH-001185-I01,integrated,統合説明,integrated,「ジュネーヴ協定」について説明せよ。,**1954年**、インドシナ・ベトナム・ラオス・カンボジアを主な舞台に、**ジュネーヴ協定**は、ディエンビエンフー敗北後の国際会議で、フランス軍の撤退、ラオス・カンボジアの独立、ベトナムの**北緯17度線**での一時的軍事分割と統一選挙を定めた。選挙は実施されず南北対立が続いた。,ジュネーヴ協定|1954年|北緯17度線,,,,世界史の窓（章節別用語リスト）,https://www.y-history.net/appendix/appendix-list.html
世界史段階別デッキ｜Deck 3｜主要王朝・人物・制度の穴埋め400語,WH-001190,1190,Deck 3｜標準,戦争,アルジェリア戦争,あるじぇりあせんそう,アルジェリア独立戦争,現代,アフリカ,フランス領アルジェリア,1954〜1962年,1954,WH-001190-B01,beginner,用語の特定,identify,民族解放戦線がフランス支配と戦い、エヴィアン協定で独立を実現した戦争は？,アルジェリア戦争,アルジェリア戦争,アルジェリア独立戦争,,,世界史の窓（章節別用語リスト）,https://www.y-history.net/appendix/appendix-list.html
世界史段階別デッキ｜Deck 3｜主要王朝・人物・制度の穴埋め400語,WH-001190,1190,Deck 3｜標準,戦争,アルジェリア戦争,あるじぇりあせんそう,アルジェリア独立戦争,現代,アフリカ,フランス領アルジェリア,1954〜1962年,1954,WH-001190-B02,beginner,時期,time,「アルジェリア戦争」が戦われたのはいつ？,1954〜1962年,1954〜1962年,,,,世界史の窓（章節別用語リスト）,https://www.y-history.net/appendix/appendix-list.html
世界史段階別デッキ｜Deck 3｜主要王朝・人物・制度の穴埋め400語,WH-001190,1190,Deck 3｜標準,戦争,アルジェリア戦争,あるじぇりあせんそう,アルジェリア独立戦争,現代,アフリカ,フランス領アルジェリア,1954〜1962年,1954,WH-001190-B03,beginner,関連,relation,「アルジェリア戦争」について、中心組織は？,民族解放戦線,民族解放戦線,,,,世界史の窓（章節別用語リスト）,https://www.y-history.net/appendix/appendix-list.html
世界史段階別デッキ｜Deck 3｜主要王朝・人物・制度の穴埋め400語,WH-001190,1190,Deck 3｜標準,戦争,アルジェリア戦争,あるじぇりあせんそう,アルジェリア独立戦争,現代,アフリカ,フランス領アルジェリア,1954〜1962年,1954,WH-001190-R01,reverse,複合説明,reverse,何が起きた？,フランス領アルジェリアを主な舞台に、**アルジェリア戦争**は、**民族解放戦線(FLN)**が武装闘争を開始し、フランス軍・ヨーロッパ系入植者組織との間で拷問・テロを伴う激戦となった。フランス本国の政治危機を招き、1962年の**エヴィアン協定**で独立した。,アルジェリア戦争|民族解放戦線(FLN)|エヴィアン協定,,,,世界史の窓（章節別用語リスト）,https://www.y-history.net/appendix/appendix-list.html
世界史段階別デッキ｜Deck 3｜主要王朝・人物・制度の穴埋め400語,WH-001190,1190,Deck 3｜標準,戦争,アルジェリア戦争,あるじぇりあせんそう,アルジェリア独立戦争,現代,アフリカ,フランス領アルジェリア,1954〜1962年,1954,WH-001190-R02,reverse,時期,time,「アルジェリア戦争」が戦われたのはいつ？,**1954〜1962年**,1954〜1962年,,,,世界史の窓（章節別用語リスト）,https://www.y-history.net/appendix/appendix-list.html
世界史段階別デッキ｜Deck 3｜主要王朝・人物・制度の穴埋め400語,WH-001190,1190,Deck 3｜標準,戦争,アルジェリア戦争,あるじぇりあせんそう,アルジェリア独立戦争,現代,アフリカ,フランス領アルジェリア,1954〜1962年,1954,WH-001190-I01,integrated,統合説明,integrated,「アルジェリア戦争」について説明せよ。,**1954〜1962年**、フランス領アルジェリアを主な舞台に、**アルジェリア戦争**は、**民族解放戦線(FLN)**が武装闘争を開始し、フランス軍・ヨーロッパ系入植者組織との間で拷問・テロを伴う激戦となった。フランス本国の政治危機を招き、1962年の**エヴィアン協定**で独立した。,アルジェリア戦争|1954〜1962年|民族解放戦線(FLN)|エヴィアン協定,,,,世界史の窓（章節別用語リスト）,https://www.y-history.net/appendix/appendix-list.html
世界史段階別デッキ｜Deck 3｜主要王朝・人物・制度の穴埋め400語,WH-001194,1194,Deck 3｜標準,人物,カストロ,かすとろ,フィデル＝カストロ,現代,アメリカ,キューバ・カリブ海,1950年代後半〜2000年代,1956,WH-001194-B01,beginner,用語の特定,identify,キューバ革命でバティスタ政権を倒し、社会主義政権を築いた指導者は？,カストロ,カストロ,フィデル＝カストロ,,,世界史の窓（章節別用語リスト）,https://www.y-history.net/appendix/appendix-list.html
世界史段階別デッキ｜Deck 3｜主要王朝・人物・制度の穴埋め400語,WH-001194,1194,Deck 3｜標準,人物,カストロ,かすとろ,フィデル＝カストロ,現代,アメリカ,キューバ・カリブ海,1950年代後半〜2000年代,1956,WH-001194-B02,beginner,時期,time,「カストロ」が主に活動したのはいつ？,1950年代後半〜2000年代,1950年代後半〜2000年代,,,,世界史の窓（章節別用語リスト）,https://www.y-history.net/appendix/appendix-list.html
世界史段階別デッキ｜Deck 3｜主要王朝・人物・制度の穴埋め400語,WH-001194,1194,Deck 3｜標準,人物,カストロ,かすとろ,フィデル＝カストロ,現代,アメリカ,キューバ・カリブ海,1950年代後半〜2000年代,1956,WH-001194-B03,beginner,内容,content,「カストロ」について、倒した独裁者は？,バティスタ,バティスタ,,,,世界史の窓（章節別用語リスト）,https://www.y-history.net/appendix/appendix-list.html
世界史段階別デッキ｜Deck 3｜主要王朝・人物・制度の穴埋め400語,WH-001194,1194,Deck 3｜標準,人物,カストロ,かすとろ,フィデル＝カストロ,現代,アメリカ,キューバ・カリブ海,1950年代後半〜2000年代,1956,WH-001194-R01,reverse,複合説明,reverse,何をした？,キューバ・カリブ海を主な舞台に、**カストロ**は、モンカダ兵営襲撃失敗後に亡命し、1956年に少数の革命家とキューバへ上陸した。ゲリラ戦で**バティスタ**独裁を倒し、1959年に政権を掌握して国有化・土地改革を進め、ソ連と結んだ。,カストロ|バティスタ,,,,世界史の窓（章節別用語リスト）,https://www.y-history.net/appendix/appendix-list.html
世界史段階別デッキ｜Deck 3｜主要王朝・人物・制度の穴埋め400語,WH-001194,1194,Deck 3｜標準,人物,カストロ,かすとろ,フィデル＝カストロ,現代,アメリカ,キューバ・カリブ海,1950年代後半〜2000年代,1956,WH-001194-R02,reverse,時期,time,「カストロ」が主に活動したのはいつ？,**1950年代後半〜2000年代**,1950年代後半〜2000年代,,,,世界史の窓（章節別用語リスト）,https://www.y-history.net/appendix/appendix-list.html
世界史段階別デッキ｜Deck 3｜主要王朝・人物・制度の穴埋め400語,WH-001194,1194,Deck 3｜標準,人物,カストロ,かすとろ,フィデル＝カストロ,現代,アメリカ,キューバ・カリブ海,1950年代後半〜2000年代,1956,WH-001194-I01,integrated,統合説明,integrated,「カストロ」について説明せよ。,**1950年代後半〜2000年代**、キューバ・カリブ海を主な舞台に、**カストロ**は、モンカダ兵営襲撃失敗後に亡命し、1956年に少数の革命家とキューバへ上陸した。ゲリラ戦で**バティスタ**独裁を倒し、1959年に政権を掌握して国有化・土地改革を進め、ソ連と結んだ。,カストロ|1950年代後半〜2000年代|バティスタ,,,,世界史の窓（章節別用語リスト）,https://www.y-history.net/appendix/appendix-list.html
世界史段階別デッキ｜Deck 3｜主要王朝・人物・制度の穴埋め400語,WH-001195,1195,Deck 3｜標準,人物,チェ＝ゲバラ,ちぇげばら,エルネスト＝ゲバラ,現代,複数地域,アルゼンチン・キューバ・コンゴ・ボリビア,1950〜1960年代,1956,WH-001195-B01,beginner,用語の特定,identify,キューバ革命に参加し、革命後は他地域でゲリラ革命を広げようとしてボリビアで殺害された人物は？,チェ＝ゲバラ,チェ＝ゲバラ,エルネスト＝ゲバラ,,,世界史の窓（章節別用語リスト）,https://www.y-history.net/appendix/appendix-list.html
世界史段階別デッキ｜Deck 3｜主要王朝・人物・制度の穴埋め400語,WH-001195,1195,Deck 3｜標準,人物,チェ＝ゲバラ,ちぇげばら,エルネスト＝ゲバラ,現代,複数地域,アルゼンチン・キューバ・コンゴ・ボリビア,1950〜1960年代,1956,WH-001195-B02,beginner,時期,time,「チェ＝ゲバラ」が主に活動したのはいつ？,1950〜1960年代,1950〜1960年代,,,,世界史の窓（章節別用語リスト）,https://www.y-history.net/appendix/appendix-list.html
世界史段階別デッキ｜Deck 3｜主要王朝・人物・制度の穴埋め400語,WH-001195,1195,Deck 3｜標準,人物,チェ＝ゲバラ,ちぇげばら,エルネスト＝ゲバラ,現代,複数地域,アルゼンチン・キューバ・コンゴ・ボリビア,1950〜1960年代,1956,WH-001195-B03,beginner,内容,content,「チェ＝ゲバラ」について、参加した革命は？,キューバ革命,キューバ革命,,,,世界史の窓（章節別用語リスト）,https://www.y-history.net/appendix/appendix-list.html
世界史段階別デッキ｜Deck 3｜主要王朝・人物・制度の穴埋め400語,WH-001195,1195,Deck 3｜標準,人物,チェ＝ゲバラ,ちぇげばら,エルネスト＝ゲバラ,現代,複数地域,アルゼンチン・キューバ・コンゴ・ボリビア,1950〜1960年代,1956,WH-001195-R01,reverse,複合説明,reverse,何をした？,アルゼンチン・キューバ・コンゴ・ボリビアを主な舞台に、**チェ＝ゲバラ**は、アルゼンチン出身の医師で、メキシコでカストロと合流し**キューバ革命**のゲリラ指揮官となった。革命後に政府要職を務めたが国際革命を目指して去り、1967年にボリビアで捕らえられ処刑された。,チェ＝ゲバラ|キューバ革命,,,,世界史の窓（章節別用語リスト）,https://www.y-history.net/appendix/appendix-list.html
世界史段階別デッキ｜Deck 3｜主要王朝・人物・制度の穴埋め400語,WH-001195,1195,Deck 3｜標準,人物,チェ＝ゲバラ,ちぇげばら,エルネスト＝ゲバラ,現代,複数地域,アルゼンチン・キューバ・コンゴ・ボリビア,1950〜1960年代,1956,WH-001195-R02,reverse,時期,time,「チェ＝ゲバラ」が主に活動したのはいつ？,**1950〜1960年代**,1950〜1960年代,,,,世界史の窓（章節別用語リスト）,https://www.y-history.net/appendix/appendix-list.html
世界史段階別デッキ｜Deck 3｜主要王朝・人物・制度の穴埋め400語,WH-001195,1195,Deck 3｜標準,人物,チェ＝ゲバラ,ちぇげばら,エルネスト＝ゲバラ,現代,複数地域,アルゼンチン・キューバ・コンゴ・ボリビア,1950〜1960年代,1956,WH-001195-I01,integrated,統合説明,integrated,「チェ＝ゲバラ」について説明せよ。,**1950〜1960年代**、アルゼンチン・キューバ・コンゴ・ボリビアを主な舞台に、**チェ＝ゲバラ**は、アルゼンチン出身の医師で、メキシコでカストロと合流し**キューバ革命**のゲリラ指揮官となった。革命後に政府要職を務めたが国際革命を目指して去り、1967年にボリビアで捕らえられ処刑された。,チェ＝ゲバラ|1950〜1960年代|キューバ革命,,,,世界史の窓（章節別用語リスト）,https://www.y-history.net/appendix/appendix-list.html
世界史段階別デッキ｜Deck 3｜主要王朝・人物・制度の穴埋め400語,WH-001170,1170,Deck 3｜標準,条約・会議,ローマ条約,ろーまじょうやく,1957年ローマ条約,現代,ヨーロッパ,イタリア・ローマと西ヨーロッパ6か国,1957年,1957,WH-001170-B01,beginner,用語の特定,identify,西ヨーロッパ6か国がEECとEURATOMの設立を決めた条約は？,ローマ条約,ローマ条約,1957年ローマ条約,,,世界史の窓（章節別用語リスト）,https://www.y-history.net/appendix/appendix-list.html
世界史段階別デッキ｜Deck 3｜主要王朝・人物・制度の穴埋め400語,WH-001170,1170,Deck 3｜標準,条約・会議,ローマ条約,ろーまじょうやく,1957年ローマ条約,現代,ヨーロッパ,イタリア・ローマと西ヨーロッパ6か国,1957年,1957,WH-001170-B02,beginner,時期,time,「ローマ条約」が結ばれた・開かれたのはいつ？,1957年,1957年,,,,世界史の窓（章節別用語リスト）,https://www.y-history.net/appendix/appendix-list.html
世界史段階別デッキ｜Deck 3｜主要王朝・人物・制度の穴埋め400語,WH-001170,1170,Deck 3｜標準,条約・会議,ローマ条約,ろーまじょうやく,1957年ローマ条約,現代,ヨーロッパ,イタリア・ローマと西ヨーロッパ6か国,1957年,1957,WH-001170-B03,beginner,関連,relation,「ローマ条約」について、設立した主要組織は？,ヨーロッパ経済共同体,ヨーロッパ経済共同体,,,,世界史の窓（章節別用語リスト）,https://www.y-history.net/appendix/appendix-list.html
世界史段階別デッキ｜Deck 3｜主要王朝・人物・制度の穴埋め400語,WH-001170,1170,Deck 3｜標準,条約・会議,ローマ条約,ろーまじょうやく,1957年ローマ条約,現代,ヨーロッパ,イタリア・ローマと西ヨーロッパ6か国,1957年,1957,WH-001170-R01,reverse,複合説明,reverse,何を決めた？,イタリア・ローマと西ヨーロッパ6か国を主な舞台に、**ローマ条約**は、ECSCの6か国が1957年に署名し、関税同盟と共同市場を目指す**ヨーロッパ経済共同体(EEC)**、原子力共同開発のEURATOMを設立した。欧州統合を経済全般へ広げた。,ローマ条約|ヨーロッパ経済共同体(EEC),,,,世界史の窓（章節別用語リスト）,https://www.y-history.net/appendix/appendix-list.html
世界史段階別デッキ｜Deck 3｜主要王朝・人物・制度の穴埋め400語,WH-001170,1170,Deck 3｜標準,条約・会議,ローマ条約,ろーまじょうやく,1957年ローマ条約,現代,ヨーロッパ,イタリア・ローマと西ヨーロッパ6か国,1957年,1957,WH-001170-R02,reverse,時期,time,「ローマ条約」が結ばれた・開かれたのはいつ？,**1957年**,1957年,,,,世界史の窓（章節別用語リスト）,https://www.y-history.net/appendix/appendix-list.html
世界史段階別デッキ｜Deck 3｜主要王朝・人物・制度の穴埋め400語,WH-001170,1170,Deck 3｜標準,条約・会議,ローマ条約,ろーまじょうやく,1957年ローマ条約,現代,ヨーロッパ,イタリア・ローマと西ヨーロッパ6か国,1957年,1957,WH-001170-I01,integrated,統合説明,integrated,「ローマ条約」について説明せよ。,**1957年**、イタリア・ローマと西ヨーロッパ6か国を主な舞台に、**ローマ条約**は、ECSCの6か国が1957年に署名し、関税同盟と共同市場を目指す**ヨーロッパ経済共同体(EEC)**、原子力共同開発のEURATOMを設立した。欧州統合を経済全般へ広げた。,ローマ条約|1957年|ヨーロッパ経済共同体(EEC),,,,世界史の窓（章節別用語リスト）,https://www.y-history.net/appendix/appendix-list.html
世界史段階別デッキ｜Deck 3｜主要王朝・人物・制度の穴埋め400語,WH-001191,1191,Deck 3｜標準,人物,エンクルマ,えんくるま,クワメ＝エンクルマ,現代,アフリカ,英領ゴールド＝コースト・ガーナ・アフリカ,20世紀中頃,1957,WH-001191-B01,beginner,用語の特定,identify,ガーナ独立を実現し、パン＝アフリカ主義とアフリカ統一を唱えた指導者は？,エンクルマ,エンクルマ,クワメ＝エンクルマ,,,世界史の窓（章節別用語リスト）,https://www.y-history.net/appendix/appendix-list.html
世界史段階別デッキ｜Deck 3｜主要王朝・人物・制度の穴埋め400語,WH-001191,1191,Deck 3｜標準,人物,エンクルマ,えんくるま,クワメ＝エンクルマ,現代,アフリカ,英領ゴールド＝コースト・ガーナ・アフリカ,20世紀中頃,1957,WH-001191-B02,beginner,時期,time,「エンクルマ」が主に活動したのはいつ？,20世紀中頃,20世紀中頃,,,,世界史の窓（章節別用語リスト）,https://www.y-history.net/appendix/appendix-list.html
世界史段階別デッキ｜Deck 3｜主要王朝・人物・制度の穴埋め400語,WH-001191,1191,Deck 3｜標準,人物,エンクルマ,えんくるま,クワメ＝エンクルマ,現代,アフリカ,英領ゴールド＝コースト・ガーナ・アフリカ,20世紀中頃,1957,WH-001191-B03,beginner,内容,content,「エンクルマ」について、独立させた国は？,ガーナ,ガーナ,,,,世界史の窓（章節別用語リスト）,https://www.y-history.net/appendix/appendix-list.html
世界史段階別デッキ｜Deck 3｜主要王朝・人物・制度の穴埋め400語,WH-001191,1191,Deck 3｜標準,人物,エンクルマ,えんくるま,クワメ＝エンクルマ,現代,アフリカ,英領ゴールド＝コースト・ガーナ・アフリカ,20世紀中頃,1957,WH-001191-R01,reverse,複合説明,reverse,何をした？,英領ゴールド＝コースト・ガーナ・アフリカを主な舞台に、**エンクルマ**は、英領ゴールド＝コーストで大衆運動を率い、1957年にサハラ以南アフリカで先駆的な独立国**ガーナ**を成立させた。工業化を進め、植民地解放と**パン＝アフリカ主義**を強く唱えた。,エンクルマ|ガーナ|パン＝アフリカ主義,,,,世界史の窓（章節別用語リスト）,https://www.y-history.net/appendix/appendix-list.html
世界史段階別デッキ｜Deck 3｜主要王朝・人物・制度の穴埋め400語,WH-001191,1191,Deck 3｜標準,人物,エンクルマ,えんくるま,クワメ＝エンクルマ,現代,アフリカ,英領ゴールド＝コースト・ガーナ・アフリカ,20世紀中頃,1957,WH-001191-R02,reverse,時期,time,「エンクルマ」が主に活動したのはいつ？,**20世紀中頃**,20世紀中頃,,,,世界史の窓（章節別用語リスト）,https://www.y-history.net/appendix/appendix-list.html
世界史段階別デッキ｜Deck 3｜主要王朝・人物・制度の穴埋め400語,WH-001191,1191,Deck 3｜標準,人物,エンクルマ,えんくるま,クワメ＝エンクルマ,現代,アフリカ,英領ゴールド＝コースト・ガーナ・アフリカ,20世紀中頃,1957,WH-001191-I01,integrated,統合説明,integrated,「エンクルマ」について説明せよ。,**20世紀中頃**、英領ゴールド＝コースト・ガーナ・アフリカを主な舞台に、**エンクルマ**は、英領ゴールド＝コーストで大衆運動を率い、1957年にサハラ以南アフリカで先駆的な独立国**ガーナ**を成立させた。工業化を進め、植民地解放と**パン＝アフリカ主義**を強く唱えた。,エンクルマ|20世紀中頃|ガーナ|パン＝アフリカ主義,,,,世界史の窓（章節別用語リスト）,https://www.y-history.net/appendix/appendix-list.html
世界史段階別デッキ｜Deck 3｜主要王朝・人物・制度の穴埋め400語,WH-001192,1192,Deck 3｜標準,事件・革命,コンゴ動乱,こんごどうらん,コンゴ危機,現代,アフリカ,コンゴ共和国・カタンガ州,1960〜1965年,1960,WH-001192-B01,beginner,用語の特定,identify,ベルギーからの独立直後、軍反乱・カタンガ分離・外国介入で起きた政治軍事危機は？,コンゴ動乱,コンゴ動乱,コンゴ危機,,,世界史の窓（章節別用語リスト）,https://www.y-history.net/appendix/appendix-list.html
世界史段階別デッキ｜Deck 3｜主要王朝・人物・制度の穴埋め400語,WH-001192,1192,Deck 3｜標準,事件・革命,コンゴ動乱,こんごどうらん,コンゴ危機,現代,アフリカ,コンゴ共和国・カタンガ州,1960〜1965年,1960,WH-001192-B02,beginner,時期,time,「コンゴ動乱」が起きたのはいつ？,1960〜1965年,1960〜1965年,,,,世界史の窓（章節別用語リスト）,https://www.y-history.net/appendix/appendix-list.html
世界史段階別デッキ｜Deck 3｜主要王朝・人物・制度の穴埋め400語,WH-001192,1192,Deck 3｜標準,事件・革命,コンゴ動乱,こんごどうらん,コンゴ危機,現代,アフリカ,コンゴ共和国・カタンガ州,1960〜1965年,1960,WH-001192-B03,beginner,内容,content,「コンゴ動乱」について、分離した州は？,カタンガ州,カタンガ州,,,,世界史の窓（章節別用語リスト）,https://www.y-history.net/appendix/appendix-list.html
世界史段階別デッキ｜Deck 3｜主要王朝・人物・制度の穴埋め400語,WH-001192,1192,Deck 3｜標準,事件・革命,コンゴ動乱,こんごどうらん,コンゴ危機,現代,アフリカ,コンゴ共和国・カタンガ州,1960〜1965年,1960,WH-001192-R01,reverse,複合説明,reverse,何が起きた？,コンゴ共和国・カタンガ州を主な舞台に、**コンゴ動乱**は、コンゴ独立直後に軍が反乱し、鉱山資源の豊かな**カタンガ州**がベルギー企業の支援で分離した。首相ルムンバと大統領、国連、米ソが対立し、ルムンバ殺害後も混乱が続いてモブツ独裁へ至った。,コンゴ動乱|カタンガ州,,,,世界史の窓（章節別用語リスト）,https://www.y-history.net/appendix/appendix-list.html
世界史段階別デッキ｜Deck 3｜主要王朝・人物・制度の穴埋め400語,WH-001192,1192,Deck 3｜標準,事件・革命,コンゴ動乱,こんごどうらん,コンゴ危機,現代,アフリカ,コンゴ共和国・カタンガ州,1960〜1965年,1960,WH-001192-R02,reverse,時期,time,「コンゴ動乱」が起きたのはいつ？,**1960〜1965年**,1960〜1965年,,,,世界史の窓（章節別用語リスト）,https://www.y-history.net/appendix/appendix-list.html
世界史段階別デッキ｜Deck 3｜主要王朝・人物・制度の穴埋め400語,WH-001192,1192,Deck 3｜標準,事件・革命,コンゴ動乱,こんごどうらん,コンゴ危機,現代,アフリカ,コンゴ共和国・カタンガ州,1960〜1965年,1960,WH-001192-I01,integrated,統合説明,integrated,「コンゴ動乱」について説明せよ。,**1960〜1965年**、コンゴ共和国・カタンガ州を主な舞台に、**コンゴ動乱**は、コンゴ独立直後に軍が反乱し、鉱山資源の豊かな**カタンガ州**がベルギー企業の支援で分離した。首相ルムンバと大統領、国連、米ソが対立し、ルムンバ殺害後も混乱が続いてモブツ独裁へ至った。,コンゴ動乱|1960〜1965年|カタンガ州,,,,世界史の窓（章節別用語リスト）,https://www.y-history.net/appendix/appendix-list.html
世界史段階別デッキ｜Deck 3｜主要王朝・人物・制度の穴埋め400語,WH-001193,1193,Deck 3｜標準,人物,ルムンバ,るむんば,パトリス＝ルムンバ,現代,アフリカ,コンゴ共和国,1960〜1961年に活動,1960,WH-001193-B01,beginner,用語の特定,identify,独立コンゴ初代首相となり、カタンガ分離と外国介入に対抗したが殺害された民族主義者は？,ルムンバ,ルムンバ,パトリス＝ルムンバ,,,世界史の窓（章節別用語リスト）,https://www.y-history.net/appendix/appendix-list.html
世界史段階別デッキ｜Deck 3｜主要王朝・人物・制度の穴埋め400語,WH-001193,1193,Deck 3｜標準,人物,ルムンバ,るむんば,パトリス＝ルムンバ,現代,アフリカ,コンゴ共和国,1960〜1961年に活動,1960,WH-001193-B02,beginner,時期,time,「ルムンバ」が主に活動したのはいつ？,1960〜1961年に活動,1960〜1961年に活動,,,,世界史の窓（章節別用語リスト）,https://www.y-history.net/appendix/appendix-list.html
世界史段階別デッキ｜Deck 3｜主要王朝・人物・制度の穴埋め400語,WH-001193,1193,Deck 3｜標準,人物,ルムンバ,るむんば,パトリス＝ルムンバ,現代,アフリカ,コンゴ共和国,1960〜1961年に活動,1960,WH-001193-B03,beginner,内容,content,「ルムンバ」について、就いた役職は？,初代首相,初代首相,,,,世界史の窓（章節別用語リスト）,https://www.y-history.net/appendix/appendix-list.html
世界史段階別デッキ｜Deck 3｜主要王朝・人物・制度の穴埋め400語,WH-001193,1193,Deck 3｜標準,人物,ルムンバ,るむんば,パトリス＝ルムンバ,現代,アフリカ,コンゴ共和国,1960〜1961年に活動,1960,WH-001193-R01,reverse,複合説明,reverse,何をした？,コンゴ共和国を主な舞台に、**ルムンバ**は、ベルギーからの即時独立と中央集権的統一を唱え、1960年にコンゴ初代首相となった。軍反乱・カタンガ分離への対応でソ連援助を求め、政敵と外国勢力に拘束され1961年に殺害された。,ルムンバ,,,,世界史の窓（章節別用語リスト）,https://www.y-history.net/appendix/appendix-list.html
世界史段階別デッキ｜Deck 3｜主要王朝・人物・制度の穴埋め400語,WH-001193,1193,Deck 3｜標準,人物,ルムンバ,るむんば,パトリス＝ルムンバ,現代,アフリカ,コンゴ共和国,1960〜1961年に活動,1960,WH-001193-R02,reverse,時期,time,「ルムンバ」が主に活動したのはいつ？,**1960〜1961年に活動**,1960〜1961年に活動,,,,世界史の窓（章節別用語リスト）,https://www.y-history.net/appendix/appendix-list.html
世界史段階別デッキ｜Deck 3｜主要王朝・人物・制度の穴埋め400語,WH-001193,1193,Deck 3｜標準,人物,ルムンバ,るむんば,パトリス＝ルムンバ,現代,アフリカ,コンゴ共和国,1960〜1961年に活動,1960,WH-001193-I01,integrated,統合説明,integrated,「ルムンバ」について説明せよ。,**1960〜1961年に活動**、コンゴ共和国を主な舞台に、**ルムンバ**は、ベルギーからの即時独立と中央集権的統一を唱え、1960年にコンゴ初代首相となった。軍反乱・カタンガ分離への対応でソ連援助を求め、政敵と外国勢力に拘束され1961年に殺害された。,ルムンバ|1960〜1961年に活動,,,,世界史の窓（章節別用語リスト）,https://www.y-history.net/appendix/appendix-list.html
世界史段階別デッキ｜Deck 3｜主要王朝・人物・制度の穴埋め400語,WH-001196,1196,Deck 3｜標準,事件・革命,ピッグス湾事件,ぴっぐすわんじけん,コチノス湾事件,現代,アメリカ,キューバ・ピッグス湾,1961年,1961,WH-001196-B01,beginner,用語の特定,identify,CIAが支援したキューバ人亡命者部隊がカストロ政権打倒を試みて失敗した侵攻事件は？,ピッグス湾事件,ピッグス湾事件,コチノス湾事件,,,世界史の窓（章節別用語リスト）,https://www.y-history.net/appendix/appendix-list.html
世界史段階別デッキ｜Deck 3｜主要王朝・人物・制度の穴埋め400語,WH-001196,1196,Deck 3｜標準,事件・革命,ピッグス湾事件,ぴっぐすわんじけん,コチノス湾事件,現代,アメリカ,キューバ・ピッグス湾,1961年,1961,WH-001196-B02,beginner,時期,time,「ピッグス湾事件」が起きたのはいつ？,1961年,1961年,,,,世界史の窓（章節別用語リスト）,https://www.y-history.net/appendix/appendix-list.html
世界史段階別デッキ｜Deck 3｜主要王朝・人物・制度の穴埋め400語,WH-001196,1196,Deck 3｜標準,事件・革命,ピッグス湾事件,ぴっぐすわんじけん,コチノス湾事件,現代,アメリカ,キューバ・ピッグス湾,1961年,1961,WH-001196-B03,beginner,内容,content,「ピッグス湾事件」について、支援した国は？,アメリカ合衆国,アメリカ合衆国,,,,世界史の窓（章節別用語リスト）,https://www.y-history.net/appendix/appendix-list.html
世界史段階別デッキ｜Deck 3｜主要王朝・人物・制度の穴埋め400語,WH-001196,1196,Deck 3｜標準,事件・革命,ピッグス湾事件,ぴっぐすわんじけん,コチノス湾事件,現代,アメリカ,キューバ・ピッグス湾,1961年,1961,WH-001196-R01,reverse,複合説明,reverse,何が起きた？,キューバ・ピッグス湾を主な舞台に、**ピッグス湾事件**は、ケネディ政権下で**CIA**が訓練した反カストロ亡命者部隊がキューバ南岸へ上陸したが、民衆蜂起は起こらず短期間で敗北した。カストロ政権をソ連へ接近させ、翌年のキューバ危機の背景となった。,ピッグス湾事件|CIA,,,,世界史の窓（章節別用語リスト）,https://www.y-history.net/appendix/appendix-list.html
世界史段階別デッキ｜Deck 3｜主要王朝・人物・制度の穴埋め400語,WH-001196,1196,Deck 3｜標準,事件・革命,ピッグス湾事件,ぴっぐすわんじけん,コチノス湾事件,現代,アメリカ,キューバ・ピッグス湾,1961年,1961,WH-001196-R02,reverse,時期,time,「ピッグス湾事件」が起きたのはいつ？,**1961年**,1961年,,,,世界史の窓（章節別用語リスト）,https://www.y-history.net/appendix/appendix-list.html
世界史段階別デッキ｜Deck 3｜主要王朝・人物・制度の穴埋め400語,WH-001196,1196,Deck 3｜標準,事件・革命,ピッグス湾事件,ぴっぐすわんじけん,コチノス湾事件,現代,アメリカ,キューバ・ピッグス湾,1961年,1961,WH-001196-I01,integrated,統合説明,integrated,「ピッグス湾事件」について説明せよ。,**1961年**、キューバ・ピッグス湾を主な舞台に、**ピッグス湾事件**は、ケネディ政権下で**CIA**が訓練した反カストロ亡命者部隊がキューバ南岸へ上陸したが、民衆蜂起は起こらず短期間で敗北した。カストロ政権をソ連へ接近させ、翌年のキューバ危機の背景となった。,ピッグス湾事件|1961年|CIA,,,,世界史の窓（章節別用語リスト）,https://www.y-history.net/appendix/appendix-list.html
世界史段階別デッキ｜Deck 3｜主要王朝・人物・制度の穴埋め400語,WH-001171,1171,Deck 3｜標準,人物,ブレジネフ,ぶれじねふ,レオニード＝ブレジネフ,現代,複数地域,ソ連・東ヨーロッパ・世界,1964〜1982年にソ連指導,1964,WH-001171-B01,beginner,用語の特定,identify,ソ連共産党書記長としてプラハの春を武力鎮圧し、デタントと後の停滞期を担った人物は？,ブレジネフ,ブレジネフ,レオニード＝ブレジネフ,,,世界史の窓（章節別用語リスト）,https://www.y-history.net/appendix/appendix-list.html
世界史段階別デッキ｜Deck 3｜主要王朝・人物・制度の穴埋め400語,WH-001171,1171,Deck 3｜標準,人物,ブレジネフ,ぶれじねふ,レオニード＝ブレジネフ,現代,複数地域,ソ連・東ヨーロッパ・世界,1964〜1982年にソ連指導,1964,WH-001171-B02,beginner,時期,time,「ブレジネフ」が主に活動したのはいつ？,1964〜1982年にソ連指導,1964〜1982年にソ連指導,,,,世界史の窓（章節別用語リスト）,https://www.y-history.net/appendix/appendix-list.html
世界史段階別デッキ｜Deck 3｜主要王朝・人物・制度の穴埋め400語,WH-001171,1171,Deck 3｜標準,人物,ブレジネフ,ぶれじねふ,レオニード＝ブレジネフ,現代,複数地域,ソ連・東ヨーロッパ・世界,1964〜1982年にソ連指導,1964,WH-001171-B03,beginner,内容,content,「ブレジネフ」について、武力介入を正当化した原理は？,制限主権論,制限主権論,,,,世界史の窓（章節別用語リスト）,https://www.y-history.net/appendix/appendix-list.html
世界史段階別デッキ｜Deck 3｜主要王朝・人物・制度の穴埋め400語,WH-001171,1171,Deck 3｜標準,人物,ブレジネフ,ぶれじねふ,レオニード＝ブレジネフ,現代,複数地域,ソ連・東ヨーロッパ・世界,1964〜1982年にソ連指導,1964,WH-001171-R01,reverse,複合説明,reverse,何をした？,ソ連・東ヨーロッパ・世界を主な舞台に、**ブレジネフ**は、フルシチョフ失脚後にソ連指導者となり、国内の安定と軍拡を進めた。1968年に**プラハの春**を鎮圧して制限主権論を示し、米国とはデタント・SALTを進めたが、末期は停滞とアフガニスタン侵攻に至った。,ブレジネフ|プラハの春,,,,世界史の窓（章節別用語リスト）,https://www.y-history.net/appendix/appendix-list.html
世界史段階別デッキ｜Deck 3｜主要王朝・人物・制度の穴埋め400語,WH-001171,1171,Deck 3｜標準,人物,ブレジネフ,ぶれじねふ,レオニード＝ブレジネフ,現代,複数地域,ソ連・東ヨーロッパ・世界,1964〜1982年にソ連指導,1964,WH-001171-R02,reverse,時期,time,「ブレジネフ」が主に活動したのはいつ？,**1964〜1982年にソ連指導**,1964〜1982年にソ連指導,,,,世界史の窓（章節別用語リスト）,https://www.y-history.net/appendix/appendix-list.html
世界史段階別デッキ｜Deck 3｜主要王朝・人物・制度の穴埋め400語,WH-001171,1171,Deck 3｜標準,人物,ブレジネフ,ぶれじねふ,レオニード＝ブレジネフ,現代,複数地域,ソ連・東ヨーロッパ・世界,1964〜1982年にソ連指導,1964,WH-001171-I01,integrated,統合説明,integrated,「ブレジネフ」について説明せよ。,**1964〜1982年にソ連指導**、ソ連・東ヨーロッパ・世界を主な舞台に、**ブレジネフ**は、フルシチョフ失脚後にソ連指導者となり、国内の安定と軍拡を進めた。1968年に**プラハの春**を鎮圧して制限主権論を示し、米国とはデタント・SALTを進めたが、末期は停滞とアフガニスタン侵攻に至った。,ブレジネフ|1964〜1982年にソ連指導|プラハの春,,,,世界史の窓（章節別用語リスト）,https://www.y-history.net/appendix/appendix-list.html
世界史段階別デッキ｜Deck 3｜主要王朝・人物・制度の穴埋め400語,WH-001172,1172,Deck 3｜標準,思想・主義,制限主権論,せいげんしゅけんろん,ブレジネフ＝ドクトリン,現代,ヨーロッパ,ソ連・東ヨーロッパ社会主義圏,1968年以後,1968,WH-001172-B01,beginner,用語の特定,identify,一国の社会主義が危機にある場合、社会主義圏全体が介入できるとしたソ連の理論は？,制限主権論,制限主権論,ブレジネフ＝ドクトリン,,,世界史の窓（章節別用語リスト）,https://www.y-history.net/appendix/appendix-list.html
世界史段階別デッキ｜Deck 3｜主要王朝・人物・制度の穴埋め400語,WH-001172,1172,Deck 3｜標準,思想・主義,制限主権論,せいげんしゅけんろん,ブレジネフ＝ドクトリン,現代,ヨーロッパ,ソ連・東ヨーロッパ社会主義圏,1968年以後,1968,WH-001172-B02,beginner,時期,time,「制限主権論」が成立・広がったのはいつ？,1968年以後,1968年以後,,,,世界史の窓（章節別用語リスト）,https://www.y-history.net/appendix/appendix-list.html
世界史段階別デッキ｜Deck 3｜主要王朝・人物・制度の穴埋め400語,WH-001172,1172,Deck 3｜標準,思想・主義,制限主権論,せいげんしゅけんろん,ブレジネフ＝ドクトリン,現代,ヨーロッパ,ソ連・東ヨーロッパ社会主義圏,1968年以後,1968,WH-001172-B03,beginner,内容,content,「制限主権論」について、正当化した軍事介入は？,チェコスロヴァキア侵攻,チェコスロヴァキア侵攻,,,,世界史の窓（章節別用語リスト）,https://www.y-history.net/appendix/appendix-list.html
世界史段階別デッキ｜Deck 3｜主要王朝・人物・制度の穴埋め400語,WH-001172,1172,Deck 3｜標準,思想・主義,制限主権論,せいげんしゅけんろん,ブレジネフ＝ドクトリン,現代,ヨーロッパ,ソ連・東ヨーロッパ社会主義圏,1968年以後,1968,WH-001172-R01,reverse,複合説明,reverse,どんな考え？,ソ連・東ヨーロッパ社会主義圏を主な舞台に、**制限主権論**は、社会主義国の主権は社会主義圏全体の利益によって制限されるとし、体制離脱の動きへソ連・同盟国が介入できるとする理論である。1968年の**チェコスロヴァキア侵攻**を正当化した。,制限主権論|チェコスロヴァキア侵攻,,,,世界史の窓（章節別用語リスト）,https://www.y-history.net/appendix/appendix-list.html
世界史段階別デッキ｜Deck 3｜主要王朝・人物・制度の穴埋め400語,WH-001172,1172,Deck 3｜標準,思想・主義,制限主権論,せいげんしゅけんろん,ブレジネフ＝ドクトリン,現代,ヨーロッパ,ソ連・東ヨーロッパ社会主義圏,1968年以後,1968,WH-001172-R02,reverse,時期,time,「制限主権論」が成立・広がったのはいつ？,**1968年以後**,1968年以後,,,,世界史の窓（章節別用語リスト）,https://www.y-history.net/appendix/appendix-list.html
世界史段階別デッキ｜Deck 3｜主要王朝・人物・制度の穴埋め400語,WH-001172,1172,Deck 3｜標準,思想・主義,制限主権論,せいげんしゅけんろん,ブレジネフ＝ドクトリン,現代,ヨーロッパ,ソ連・東ヨーロッパ社会主義圏,1968年以後,1968,WH-001172-I01,integrated,統合説明,integrated,「制限主権論」について説明せよ。,**1968年以後**、ソ連・東ヨーロッパ社会主義圏を主な舞台に、**制限主権論**は、社会主義国の主権は社会主義圏全体の利益によって制限されるとし、体制離脱の動きへソ連・同盟国が介入できるとする理論である。1968年の**チェコスロヴァキア侵攻**を正当化した。,制限主権論|1968年以後|チェコスロヴァキア侵攻,,,,世界史の窓（章節別用語リスト）,https://www.y-history.net/appendix/appendix-list.html
世界史段階別デッキ｜Deck 3｜主要王朝・人物・制度の穴埋め400語,WH-001173,1173,Deck 3｜標準,条約・会議,SALT,そると,戦略兵器制限交渉,現代,複数地域,アメリカ合衆国とソ連,1969〜1979年を中心,1969,WH-001173-B01,beginner,用語の特定,identify,米ソが大陸間弾道ミサイルなど戦略核兵器の数量制限を交渉したデタント期の枠組みは？,SALT,SALT,戦略兵器制限交渉,,,世界史の窓（章節別用語リスト）,https://www.y-history.net/appendix/appendix-list.html
世界史段階別デッキ｜Deck 3｜主要王朝・人物・制度の穴埋め400語,WH-001173,1173,Deck 3｜標準,条約・会議,SALT,そると,戦略兵器制限交渉,現代,複数地域,アメリカ合衆国とソ連,1969〜1979年を中心,1969,WH-001173-B02,beginner,時期,time,「SALT」が結ばれた・開かれたのはいつ？,1969〜1979年を中心,1969〜1979年を中心,,,,世界史の窓（章節別用語リスト）,https://www.y-history.net/appendix/appendix-list.html
世界史段階別デッキ｜Deck 3｜主要王朝・人物・制度の穴埋め400語,WH-001173,1173,Deck 3｜標準,条約・会議,SALT,そると,戦略兵器制限交渉,現代,複数地域,アメリカ合衆国とソ連,1969〜1979年を中心,1969,WH-001173-B03,beginner,関連,relation,「SALT」について、交渉した二国は？,アメリカ合衆国とソ連,アメリカ合衆国とソ連,,,,世界史の窓（章節別用語リスト）,https://www.y-history.net/appendix/appendix-list.html
世界史段階別デッキ｜Deck 3｜主要王朝・人物・制度の穴埋め400語,WH-001173,1173,Deck 3｜標準,条約・会議,SALT,そると,戦略兵器制限交渉,現代,複数地域,アメリカ合衆国とソ連,1969〜1979年を中心,1969,WH-001173-R01,reverse,複合説明,reverse,何を決めた？,アメリカ合衆国とソ連を主な舞台に、**SALT**は、**アメリカ合衆国**と**ソ連**が核軍拡競争を管理するため行った戦略兵器制限交渉である。1972年のSALT IでABM条約と暫定協定を結び、1979年にSALT IIへ署名したが米上院は批准しなかった。,SALT|アメリカ合衆国|ソ連,,,,世界史の窓（章節別用語リスト）,https://www.y-history.net/appendix/appendix-list.html
世界史段階別デッキ｜Deck 3｜主要王朝・人物・制度の穴埋め400語,WH-001173,1173,Deck 3｜標準,条約・会議,SALT,そると,戦略兵器制限交渉,現代,複数地域,アメリカ合衆国とソ連,1969〜1979年を中心,1969,WH-001173-R02,reverse,時期,time,「SALT」が結ばれた・開かれたのはいつ？,**1969〜1979年を中心**,1969〜1979年を中心,,,,世界史の窓（章節別用語リスト）,https://www.y-history.net/appendix/appendix-list.html
世界史段階別デッキ｜Deck 3｜主要王朝・人物・制度の穴埋め400語,WH-001173,1173,Deck 3｜標準,条約・会議,SALT,そると,戦略兵器制限交渉,現代,複数地域,アメリカ合衆国とソ連,1969〜1979年を中心,1969,WH-001173-I01,integrated,統合説明,integrated,「SALT」について説明せよ。,**1969〜1979年を中心**、アメリカ合衆国とソ連を主な舞台に、**SALT**は、**アメリカ合衆国**と**ソ連**が核軍拡競争を管理するため行った戦略兵器制限交渉である。1972年のSALT IでABM条約と暫定協定を結び、1979年にSALT IIへ署名したが米上院は批准しなかった。,SALT|1969〜1979年を中心|アメリカ合衆国|ソ連,,,,世界史の窓（章節別用語リスト）,https://www.y-history.net/appendix/appendix-list.html
世界史段階別デッキ｜Deck 3｜主要王朝・人物・制度の穴埋め400語,WH-001197,1197,Deck 3｜標準,人物,アジェンデ,あじぇんで,サルバドール＝アジェンデ,現代,アメリカ,チリ,1970〜1973年大統領,1970,WH-001197-B01,beginner,用語の特定,identify,選挙で大統領となり、銅山国有化と社会主義改革を進めたが軍事クーデタで死亡した人物は？,アジェンデ,アジェンデ,サルバドール＝アジェンデ,,,世界史の窓（章節別用語リスト）,https://www.y-history.net/appendix/appendix-list.html
世界史段階別デッキ｜Deck 3｜主要王朝・人物・制度の穴埋め400語,WH-001197,1197,Deck 3｜標準,人物,アジェンデ,あじぇんで,サルバドール＝アジェンデ,現代,アメリカ,チリ,1970〜1973年大統領,1970,WH-001197-B02,beginner,時期,time,「アジェンデ」が主に活動したのはいつ？,1970〜1973年大統領,1970〜1973年大統領,,,,世界史の窓（章節別用語リスト）,https://www.y-history.net/appendix/appendix-list.html
世界史段階別デッキ｜Deck 3｜主要王朝・人物・制度の穴埋め400語,WH-001197,1197,Deck 3｜標準,人物,アジェンデ,あじぇんで,サルバドール＝アジェンデ,現代,アメリカ,チリ,1970〜1973年大統領,1970,WH-001197-B03,beginner,内容,content,「アジェンデ」について、国有化した主要産業は？,銅山,銅山,,,,世界史の窓（章節別用語リスト）,https://www.y-history.net/appendix/appendix-list.html
世界史段階別デッキ｜Deck 3｜主要王朝・人物・制度の穴埋め400語,WH-001197,1197,Deck 3｜標準,人物,アジェンデ,あじぇんで,サルバドール＝アジェンデ,現代,アメリカ,チリ,1970〜1973年大統領,1970,WH-001197-R01,reverse,複合説明,reverse,何をした？,チリを主な舞台に、**アジェンデ**は、人民連合の候補として1970年にチリ大統領へ当選し、議会制の枠内で土地改革・福祉拡充・**銅山国有化**を進めた。経済混乱と国内外の対立が深まり、1973年の軍事クーデタで政権が倒れ死亡した。,アジェンデ|銅山国有化,,,,世界史の窓（章節別用語リスト）,https://www.y-history.net/appendix/appendix-list.html
世界史段階別デッキ｜Deck 3｜主要王朝・人物・制度の穴埋め400語,WH-001197,1197,Deck 3｜標準,人物,アジェンデ,あじぇんで,サルバドール＝アジェンデ,現代,アメリカ,チリ,1970〜1973年大統領,1970,WH-001197-R02,reverse,時期,time,「アジェンデ」が主に活動したのはいつ？,**1970〜1973年大統領**,1970〜1973年大統領,,,,世界史の窓（章節別用語リスト）,https://www.y-history.net/appendix/appendix-list.html
世界史段階別デッキ｜Deck 3｜主要王朝・人物・制度の穴埋め400語,WH-001197,1197,Deck 3｜標準,人物,アジェンデ,あじぇんで,サルバドール＝アジェンデ,現代,アメリカ,チリ,1970〜1973年大統領,1970,WH-001197-I01,integrated,統合説明,integrated,「アジェンデ」について説明せよ。,**1970〜1973年大統領**、チリを主な舞台に、**アジェンデ**は、人民連合の候補として1970年にチリ大統領へ当選し、議会制の枠内で土地改革・福祉拡充・**銅山国有化**を進めた。経済混乱と国内外の対立が深まり、1973年の軍事クーデタで政権が倒れ死亡した。,アジェンデ|1970〜1973年大統領|銅山国有化,,,,世界史の窓（章節別用語リスト）,https://www.y-history.net/appendix/appendix-list.html
世界史段階別デッキ｜Deck 3｜主要王朝・人物・制度の穴埋め400語,WH-001188,1188,Deck 3｜標準,戦争,第四次中東戦争,だいよじちゅうとうせんそう,ヨム＝キプール戦争|十月戦争,現代,西アジア,シナイ半島・ゴラン高原・イスラエル周辺,1973年,1973,WH-001188-B01,beginner,用語の特定,identify,エジプト・シリアがイスラエルへ奇襲し、アラブ産油国の石油戦略が第一次石油危機を招いた戦争は？,第四次中東戦争,第四次中東戦争,ヨム＝キプール戦争|十月戦争,,,世界史の窓（章節別用語リスト）,https://www.y-history.net/appendix/appendix-list.html
世界史段階別デッキ｜Deck 3｜主要王朝・人物・制度の穴埋め400語,WH-001188,1188,Deck 3｜標準,戦争,第四次中東戦争,だいよじちゅうとうせんそう,ヨム＝キプール戦争|十月戦争,現代,西アジア,シナイ半島・ゴラン高原・イスラエル周辺,1973年,1973,WH-001188-B02,beginner,時期,time,「第四次中東戦争」が戦われたのはいつ？,1973年,1973年,,,,世界史の窓（章節別用語リスト）,https://www.y-history.net/appendix/appendix-list.html
世界史段階別デッキ｜Deck 3｜主要王朝・人物・制度の穴埋め400語,WH-001188,1188,Deck 3｜標準,戦争,第四次中東戦争,だいよじちゅうとうせんそう,ヨム＝キプール戦争|十月戦争,現代,西アジア,シナイ半島・ゴラン高原・イスラエル周辺,1973年,1973,WH-001188-B03,beginner,関連,relation,「第四次中東戦争」について、奇襲した二国は？,エジプトとシリア,エジプトとシリア,,,,世界史の窓（章節別用語リスト）,https://www.y-history.net/appendix/appendix-list.html
世界史段階別デッキ｜Deck 3｜主要王朝・人物・制度の穴埋め400語,WH-001188,1188,Deck 3｜標準,戦争,第四次中東戦争,だいよじちゅうとうせんそう,ヨム＝キプール戦争|十月戦争,現代,西アジア,シナイ半島・ゴラン高原・イスラエル周辺,1973年,1973,WH-001188-R01,reverse,複合説明,reverse,何が起きた？,シナイ半島・ゴラン高原・イスラエル周辺を主な舞台に、**第四次中東戦争**は、1967年に失った領土回復を目指す**エジプト・シリア**がユダヤ教の贖罪日にイスラエルへ奇襲した。戦局は反転して停戦したが、アラブ産油国の禁輸・値上げが**第一次石油危機**を引き起こした。,第四次中東戦争|エジプト・シリア|第一次石油危機,,,,世界史の窓（章節別用語リスト）,https://www.y-history.net/appendix/appendix-list.html
世界史段階別デッキ｜Deck 3｜主要王朝・人物・制度の穴埋め400語,WH-001188,1188,Deck 3｜標準,戦争,第四次中東戦争,だいよじちゅうとうせんそう,ヨム＝キプール戦争|十月戦争,現代,西アジア,シナイ半島・ゴラン高原・イスラエル周辺,1973年,1973,WH-001188-R02,reverse,時期,time,「第四次中東戦争」が戦われたのはいつ？,**1973年**,1973年,,,,世界史の窓（章節別用語リスト）,https://www.y-history.net/appendix/appendix-list.html
世界史段階別デッキ｜Deck 3｜主要王朝・人物・制度の穴埋め400語,WH-001188,1188,Deck 3｜標準,戦争,第四次中東戦争,だいよじちゅうとうせんそう,ヨム＝キプール戦争|十月戦争,現代,西アジア,シナイ半島・ゴラン高原・イスラエル周辺,1973年,1973,WH-001188-I01,integrated,統合説明,integrated,「第四次中東戦争」について説明せよ。,**1973年**、シナイ半島・ゴラン高原・イスラエル周辺を主な舞台に、**第四次中東戦争**は、1967年に失った領土回復を目指す**エジプト・シリア**がユダヤ教の贖罪日にイスラエルへ奇襲した。戦局は反転して停戦したが、アラブ産油国の禁輸・値上げが**第一次石油危機**を引き起こした。,第四次中東戦争|1973年|エジプト・シリア|第一次石油危機,,,,世界史の窓（章節別用語リスト）,https://www.y-history.net/appendix/appendix-list.html
世界史段階別デッキ｜Deck 3｜主要王朝・人物・制度の穴埋め400語,WH-001198,1198,Deck 3｜標準,人物,ピノチェト,ぴのちぇと,アウグスト＝ピノチェト,現代,アメリカ,チリ,1973〜1990年に実権,1973,WH-001198-B01,beginner,用語の特定,identify,軍事クーデタでアジェンデ政権を倒し、弾圧と市場主義改革を進めた独裁者は？,ピノチェト,ピノチェト,アウグスト＝ピノチェト,,,世界史の窓（章節別用語リスト）,https://www.y-history.net/appendix/appendix-list.html
世界史段階別デッキ｜Deck 3｜主要王朝・人物・制度の穴埋め400語,WH-001198,1198,Deck 3｜標準,人物,ピノチェト,ぴのちぇと,アウグスト＝ピノチェト,現代,アメリカ,チリ,1973〜1990年に実権,1973,WH-001198-B02,beginner,時期,time,「ピノチェト」が主に活動したのはいつ？,1973〜1990年に実権,1973〜1990年に実権,,,,世界史の窓（章節別用語リスト）,https://www.y-history.net/appendix/appendix-list.html
世界史段階別デッキ｜Deck 3｜主要王朝・人物・制度の穴埋め400語,WH-001198,1198,Deck 3｜標準,人物,ピノチェト,ぴのちぇと,アウグスト＝ピノチェト,現代,アメリカ,チリ,1973〜1990年に実権,1973,WH-001198-B03,beginner,内容,content,「ピノチェト」について、倒した大統領は？,アジェンデ,アジェンデ,,,,世界史の窓（章節別用語リスト）,https://www.y-history.net/appendix/appendix-list.html
世界史段階別デッキ｜Deck 3｜主要王朝・人物・制度の穴埋め400語,WH-001198,1198,Deck 3｜標準,人物,ピノチェト,ぴのちぇと,アウグスト＝ピノチェト,現代,アメリカ,チリ,1973〜1990年に実権,1973,WH-001198-R01,reverse,複合説明,reverse,何をした？,チリを主な舞台に、**ピノチェト**は、陸軍司令官として1973年のクーデタを指揮し、**アジェンデ**政権を打倒した。政党・議会を停止し、反対派を殺害・拷問する一方、「シカゴ学派」の助言で民営化・規制緩和など市場主義改革を行った。,ピノチェト|アジェンデ,,,,世界史の窓（章節別用語リスト）,https://www.y-history.net/appendix/appendix-list.html
世界史段階別デッキ｜Deck 3｜主要王朝・人物・制度の穴埋め400語,WH-001198,1198,Deck 3｜標準,人物,ピノチェト,ぴのちぇと,アウグスト＝ピノチェト,現代,アメリカ,チリ,1973〜1990年に実権,1973,WH-001198-R02,reverse,時期,time,「ピノチェト」が主に活動したのはいつ？,**1973〜1990年に実権**,1973〜1990年に実権,,,,世界史の窓（章節別用語リスト）,https://www.y-history.net/appendix/appendix-list.html
世界史段階別デッキ｜Deck 3｜主要王朝・人物・制度の穴埋め400語,WH-001198,1198,Deck 3｜標準,人物,ピノチェト,ぴのちぇと,アウグスト＝ピノチェト,現代,アメリカ,チリ,1973〜1990年に実権,1973,WH-001198-I01,integrated,統合説明,integrated,「ピノチェト」について説明せよ。,**1973〜1990年に実権**、チリを主な舞台に、**ピノチェト**は、陸軍司令官として1973年のクーデタを指揮し、**アジェンデ**政権を打倒した。政党・議会を停止し、反対派を殺害・拷問する一方、「シカゴ学派」の助言で民営化・規制緩和など市場主義改革を行った。,ピノチェト|1973〜1990年に実権|アジェンデ,,,,世界史の窓（章節別用語リスト）,https://www.y-history.net/appendix/appendix-list.html
世界史段階別デッキ｜Deck 3｜主要王朝・人物・制度の穴埋め400語,WH-001174,1174,Deck 3｜標準,文書・作品,ヘルシンキ宣言,へるしんきせんげん,ヘルシンキ最終議定書,現代,ヨーロッパ,フィンランド・ヘルシンキと欧米35か国,1975年,1975,WH-001174-B01,beginner,用語の特定,identify,東西諸国が欧州国境の尊重、安全保障協力、人権を確認した全欧安保協力会議の文書は？,ヘルシンキ宣言,ヘルシンキ宣言,ヘルシンキ最終議定書,,,世界史の窓（章節別用語リスト）,https://www.y-history.net/appendix/appendix-list.html
世界史段階別デッキ｜Deck 3｜主要王朝・人物・制度の穴埋め400語,WH-001174,1174,Deck 3｜標準,文書・作品,ヘルシンキ宣言,へるしんきせんげん,ヘルシンキ最終議定書,現代,ヨーロッパ,フィンランド・ヘルシンキと欧米35か国,1975年,1975,WH-001174-B02,beginner,時期,time,「ヘルシンキ宣言」が成立・発表されたのはいつ？,1975年,1975年,,,,世界史の窓（章節別用語リスト）,https://www.y-history.net/appendix/appendix-list.html
世界史段階別デッキ｜Deck 3｜主要王朝・人物・制度の穴埋め400語,WH-001174,1174,Deck 3｜標準,文書・作品,ヘルシンキ宣言,へるしんきせんげん,ヘルシンキ最終議定書,現代,ヨーロッパ,フィンランド・ヘルシンキと欧米35か国,1975年,1975,WH-001174-B03,beginner,地域,place,「ヘルシンキ宣言」について、人権条項が影響した地域は？,東ヨーロッパ,東ヨーロッパ,,,,世界史の窓（章節別用語リスト）,https://www.y-history.net/appendix/appendix-list.html
世界史段階別デッキ｜Deck 3｜主要王朝・人物・制度の穴埋め400語,WH-001174,1174,Deck 3｜標準,文書・作品,ヘルシンキ宣言,へるしんきせんげん,ヘルシンキ最終議定書,現代,ヨーロッパ,フィンランド・ヘルシンキと欧米35か国,1975年,1975,WH-001174-R01,reverse,複合説明,reverse,何が書かれている？,フィンランド・ヘルシンキと欧米35か国を主な舞台に、**ヘルシンキ宣言**は、米加とヨーロッパ諸国35か国が、戦後欧州国境の不可侵、紛争の平和的解決、経済・人的交流、**人権**尊重を確認した。デタントを象徴し、東欧反体制運動が政府へ人権履行を迫る根拠となった。,ヘルシンキ宣言|人権,,,,世界史の窓（章節別用語リスト）,https://www.y-history.net/appendix/appendix-list.html
世界史段階別デッキ｜Deck 3｜主要王朝・人物・制度の穴埋め400語,WH-001174,1174,Deck 3｜標準,文書・作品,ヘルシンキ宣言,へるしんきせんげん,ヘルシンキ最終議定書,現代,ヨーロッパ,フィンランド・ヘルシンキと欧米35か国,1975年,1975,WH-001174-R02,reverse,時期,time,「ヘルシンキ宣言」が成立・発表されたのはいつ？,**1975年**,1975年,,,,世界史の窓（章節別用語リスト）,https://www.y-history.net/appendix/appendix-list.html
世界史段階別デッキ｜Deck 3｜主要王朝・人物・制度の穴埋め400語,WH-001174,1174,Deck 3｜標準,文書・作品,ヘルシンキ宣言,へるしんきせんげん,ヘルシンキ最終議定書,現代,ヨーロッパ,フィンランド・ヘルシンキと欧米35か国,1975年,1975,WH-001174-I01,integrated,統合説明,integrated,「ヘルシンキ宣言」について説明せよ。,**1975年**、フィンランド・ヘルシンキと欧米35か国を主な舞台に、**ヘルシンキ宣言**は、米加とヨーロッパ諸国35か国が、戦後欧州国境の不可侵、紛争の平和的解決、経済・人的交流、**人権**尊重を確認した。デタントを象徴し、東欧反体制運動が政府へ人権履行を迫る根拠となった。,ヘルシンキ宣言|1975年|人権,,,,世界史の窓（章節別用語リスト）,https://www.y-history.net/appendix/appendix-list.html
世界史段階別デッキ｜Deck 3｜主要王朝・人物・制度の穴埋め400語,WH-001199,1199,Deck 3｜標準,思想・主義,新自由主義,しんじゆうしゅぎ,ネオリベラリズム,現代,複数地域,チリ・イギリス・アメリカから世界各地,1970年代以後,1975,WH-001199-B01,beginner,用語の特定,identify,市場競争を重視し、規制緩和・民営化・財政抑制を進める経済思想・政策は？,新自由主義,新自由主義,ネオリベラリズム,,,世界史の窓（章節別用語リスト）,https://www.y-history.net/appendix/appendix-list.html
世界史段階別デッキ｜Deck 3｜主要王朝・人物・制度の穴埋め400語,WH-001199,1199,Deck 3｜標準,思想・主義,新自由主義,しんじゆうしゅぎ,ネオリベラリズム,現代,複数地域,チリ・イギリス・アメリカから世界各地,1970年代以後,1975,WH-001199-B02,beginner,時期,time,「新自由主義」が成立・広がったのはいつ？,1970年代以後,1970年代以後,,,,世界史の窓（章節別用語リスト）,https://www.y-history.net/appendix/appendix-list.html
世界史段階別デッキ｜Deck 3｜主要王朝・人物・制度の穴埋め400語,WH-001199,1199,Deck 3｜標準,思想・主義,新自由主義,しんじゆうしゅぎ,ネオリベラリズム,現代,複数地域,チリ・イギリス・アメリカから世界各地,1970年代以後,1975,WH-001199-B03,beginner,内容,content,「新自由主義」について、代表的政策は？,規制緩和・民営化,規制緩和・民営化,,,,世界史の窓（章節別用語リスト）,https://www.y-history.net/appendix/appendix-list.html
世界史段階別デッキ｜Deck 3｜主要王朝・人物・制度の穴埋め400語,WH-001199,1199,Deck 3｜標準,思想・主義,新自由主義,しんじゆうしゅぎ,ネオリベラリズム,現代,複数地域,チリ・イギリス・アメリカから世界各地,1970年代以後,1975,WH-001199-R01,reverse,複合説明,reverse,どんな考え？,チリ・イギリス・アメリカから世界各地を主な舞台に、**新自由主義**は、国家による産業統制・福祉支出を抑え、**市場競争**、自由貿易、規制緩和、民営化、金融引締めを重視する政策潮流である。チリ、サッチャー政権、レーガン政権から国際機関を通じて広がった。,新自由主義|市場競争,,,,世界史の窓（章節別用語リスト）,https://www.y-history.net/appendix/appendix-list.html
世界史段階別デッキ｜Deck 3｜主要王朝・人物・制度の穴埋め400語,WH-001199,1199,Deck 3｜標準,思想・主義,新自由主義,しんじゆうしゅぎ,ネオリベラリズム,現代,複数地域,チリ・イギリス・アメリカから世界各地,1970年代以後,1975,WH-001199-R02,reverse,時期,time,「新自由主義」が成立・広がったのはいつ？,**1970年代以後**,1970年代以後,,,,世界史の窓（章節別用語リスト）,https://www.y-history.net/appendix/appendix-list.html
世界史段階別デッキ｜Deck 3｜主要王朝・人物・制度の穴埋め400語,WH-001199,1199,Deck 3｜標準,思想・主義,新自由主義,しんじゆうしゅぎ,ネオリベラリズム,現代,複数地域,チリ・イギリス・アメリカから世界各地,1970年代以後,1975,WH-001199-I01,integrated,統合説明,integrated,「新自由主義」について説明せよ。,**1970年代以後**、チリ・イギリス・アメリカから世界各地を主な舞台に、**新自由主義**は、国家による産業統制・福祉支出を抑え、**市場競争**、自由貿易、規制緩和、民営化、金融引締めを重視する政策潮流である。チリ、サッチャー政権、レーガン政権から国際機関を通じて広がった。,新自由主義|1970年代以後|市場競争,,,,世界史の窓（章節別用語リスト）,https://www.y-history.net/appendix/appendix-list.html
世界史段階別デッキ｜Deck 3｜主要王朝・人物・制度の穴埋め400語,WH-001189,1189,Deck 3｜標準,条約・会議,キャンプ＝デーヴィッド合意,きゃんぷでーゔぃっどごうい,キャンプ＝デービッド合意,現代,複数地域,アメリカ合衆国・エジプト・イスラエル,1978年,1978,WH-001189-B01,beginner,用語の特定,identify,カーターの仲介でサダトとベギンがエジプト＝イスラエル和平の枠組みに合意した協定は？,キャンプ＝デーヴィッド合意,キャンプ＝デーヴィッド合意,キャンプ＝デービッド合意,,,世界史の窓（章節別用語リスト）,https://www.y-history.net/appendix/appendix-list.html
世界史段階別デッキ｜Deck 3｜主要王朝・人物・制度の穴埋め400語,WH-001189,1189,Deck 3｜標準,条約・会議,キャンプ＝デーヴィッド合意,きゃんぷでーゔぃっどごうい,キャンプ＝デービッド合意,現代,複数地域,アメリカ合衆国・エジプト・イスラエル,1978年,1978,WH-001189-B02,beginner,時期,time,「キャンプ＝デーヴィッド合意」が結ばれた・開かれたのはいつ？,1978年,1978年,,,,世界史の窓（章節別用語リスト）,https://www.y-history.net/appendix/appendix-list.html
世界史段階別デッキ｜Deck 3｜主要王朝・人物・制度の穴埋め400語,WH-001189,1189,Deck 3｜標準,条約・会議,キャンプ＝デーヴィッド合意,きゃんぷでーゔぃっどごうい,キャンプ＝デービッド合意,現代,複数地域,アメリカ合衆国・エジプト・イスラエル,1978年,1978,WH-001189-B03,beginner,内容,content,「キャンプ＝デーヴィッド合意」について、仲介した大統領は？,カーター,カーター,,,,世界史の窓（章節別用語リスト）,https://www.y-history.net/appendix/appendix-list.html
世界史段階別デッキ｜Deck 3｜主要王朝・人物・制度の穴埋め400語,WH-001189,1189,Deck 3｜標準,条約・会議,キャンプ＝デーヴィッド合意,きゃんぷでーゔぃっどごうい,キャンプ＝デービッド合意,現代,複数地域,アメリカ合衆国・エジプト・イスラエル,1978年,1978,WH-001189-R01,reverse,複合説明,reverse,何を決めた？,アメリカ合衆国・エジプト・イスラエルを主な舞台に、**キャンプ＝デーヴィッド合意**は、アメリカ大統領**カーター**の仲介で、エジプトのサダト大統領とイスラエルのベギン首相が和平枠組みに合意した。翌1979年の平和条約でイスラエルはシナイ半島返還を約束し、エジプトはイスラエルを承認した。,キャンプ＝デーヴィッド合意|カーター,,,,世界史の窓（章節別用語リスト）,https://www.y-history.net/appendix/appendix-list.html
世界史段階別デッキ｜Deck 3｜主要王朝・人物・制度の穴埋め400語,WH-001189,1189,Deck 3｜標準,条約・会議,キャンプ＝デーヴィッド合意,きゃんぷでーゔぃっどごうい,キャンプ＝デービッド合意,現代,複数地域,アメリカ合衆国・エジプト・イスラエル,1978年,1978,WH-001189-R02,reverse,時期,time,「キャンプ＝デーヴィッド合意」が結ばれた・開かれたのはいつ？,**1978年**,1978年,,,,世界史の窓（章節別用語リスト）,https://www.y-history.net/appendix/appendix-list.html
世界史段階別デッキ｜Deck 3｜主要王朝・人物・制度の穴埋め400語,WH-001189,1189,Deck 3｜標準,条約・会議,キャンプ＝デーヴィッド合意,きゃんぷでーゔぃっどごうい,キャンプ＝デービッド合意,現代,複数地域,アメリカ合衆国・エジプト・イスラエル,1978年,1978,WH-001189-I01,integrated,統合説明,integrated,「キャンプ＝デーヴィッド合意」について説明せよ。,**1978年**、アメリカ合衆国・エジプト・イスラエルを主な舞台に、**キャンプ＝デーヴィッド合意**は、アメリカ大統領**カーター**の仲介で、エジプトのサダト大統領とイスラエルのベギン首相が和平枠組みに合意した。翌1979年の平和条約でイスラエルはシナイ半島返還を約束し、エジプトはイスラエルを承認した。,キャンプ＝デーヴィッド合意|1978年|カーター,,,,世界史の窓（章節別用語リスト）,https://www.y-history.net/appendix/appendix-list.html
世界史段階別デッキ｜Deck 3｜主要王朝・人物・制度の穴埋め400語,WH-001175,1175,Deck 3｜標準,戦争,ソ連のアフガニスタン侵攻,それんのあふがにすたんしんこう,アフガニスタン戦争,現代,複数地域,アフガニスタン・中央アジア周辺,1979〜1989年,1979,WH-001175-B01,beginner,用語の特定,identify,ソ連が親ソ政権を支えるため軍事介入し、ムジャーヒディーンとの長期戦となった出来事は？,ソ連のアフガニスタン侵攻,ソ連のアフガニスタン侵攻,アフガニスタン戦争,,,世界史の窓（章節別用語リスト）,https://www.y-history.net/appendix/appendix-list.html
世界史段階別デッキ｜Deck 3｜主要王朝・人物・制度の穴埋め400語,WH-001175,1175,Deck 3｜標準,戦争,ソ連のアフガニスタン侵攻,それんのあふがにすたんしんこう,アフガニスタン戦争,現代,複数地域,アフガニスタン・中央アジア周辺,1979〜1989年,1979,WH-001175-B02,beginner,時期,time,「ソ連のアフガニスタン侵攻」が戦われたのはいつ？,1979〜1989年,1979〜1989年,,,1979年：「アフガンで 幾難 苦境の ソ連軍」（1979）ソ連のアフガニスタン侵攻。,世界史の窓（章節別用語リスト）,https://www.y-history.net/appendix/appendix-list.html
世界史段階別デッキ｜Deck 3｜主要王朝・人物・制度の穴埋め400語,WH-001175,1175,Deck 3｜標準,戦争,ソ連のアフガニスタン侵攻,それんのあふがにすたんしんこう,アフガニスタン戦争,現代,複数地域,アフガニスタン・中央アジア周辺,1979〜1989年,1979,WH-001175-B03,beginner,内容,content,「ソ連のアフガニスタン侵攻」について、抵抗勢力は？,ムジャーヒディーン,ムジャーヒディーン,,,,世界史の窓（章節別用語リスト）,https://www.y-history.net/appendix/appendix-list.html
世界史段階別デッキ｜Deck 3｜主要王朝・人物・制度の穴埋め400語,WH-001175,1175,Deck 3｜標準,戦争,ソ連のアフガニスタン侵攻,それんのあふがにすたんしんこう,アフガニスタン戦争,現代,複数地域,アフガニスタン・中央アジア周辺,1979〜1989年,1979,WH-001175-R01,reverse,複合説明,reverse,何が起きた？,アフガニスタン・中央アジア周辺を主な舞台に、**ソ連のアフガニスタン侵攻**は、ソ連がアフガニスタンの共産党政権を支えるため1979年に軍を投入した。イスラーム抵抗勢力**ムジャーヒディーン**を米国・パキスタンなどが支援し、長期消耗戦となってデタントを終わらせ、ソ連弱体化の一因となった。,ソ連のアフガニスタン侵攻|ムジャーヒディーン,,,1979年：「アフガンで 幾難 苦境の ソ連軍」（1979）ソ連のアフガニスタン侵攻。,世界史の窓（章節別用語リスト）,https://www.y-history.net/appendix/appendix-list.html
世界史段階別デッキ｜Deck 3｜主要王朝・人物・制度の穴埋め400語,WH-001175,1175,Deck 3｜標準,戦争,ソ連のアフガニスタン侵攻,それんのあふがにすたんしんこう,アフガニスタン戦争,現代,複数地域,アフガニスタン・中央アジア周辺,1979〜1989年,1979,WH-001175-R02,reverse,時期,time,「ソ連のアフガニスタン侵攻」が戦われたのはいつ？,**1979〜1989年**,1979〜1989年,,,1979年：「アフガンで 幾難 苦境の ソ連軍」（1979）ソ連のアフガニスタン侵攻。,世界史の窓（章節別用語リスト）,https://www.y-history.net/appendix/appendix-list.html
世界史段階別デッキ｜Deck 3｜主要王朝・人物・制度の穴埋め400語,WH-001175,1175,Deck 3｜標準,戦争,ソ連のアフガニスタン侵攻,それんのあふがにすたんしんこう,アフガニスタン戦争,現代,複数地域,アフガニスタン・中央アジア周辺,1979〜1989年,1979,WH-001175-I01,integrated,統合説明,integrated,「ソ連のアフガニスタン侵攻」について説明せよ。,**1979〜1989年**、アフガニスタン・中央アジア周辺を主な舞台に、**ソ連のアフガニスタン侵攻**は、ソ連がアフガニスタンの共産党政権を支えるため1979年に軍を投入した。イスラーム抵抗勢力**ムジャーヒディーン**を米国・パキスタンなどが支援し、長期消耗戦となってデタントを終わらせ、ソ連弱体化の一因となった。,ソ連のアフガニスタン侵攻|1979〜1989年|ムジャーヒディーン,,,1979年：「アフガンで 幾難 苦境の ソ連軍」（1979）ソ連のアフガニスタン侵攻。,世界史の窓（章節別用語リスト）,https://www.y-history.net/appendix/appendix-list.html
世界史段階別デッキ｜Deck 3｜主要王朝・人物・制度の穴埋め400語,WH-001176,1176,Deck 3｜標準,制度・政策・法律,グラスノスチ,ぐらすのすち,情報公開,現代,ヨーロッパ,ソ連,1980年代後半,1986,WH-001176-B01,beginner,用語の特定,identify,ゴルバチョフが言論・情報公開を進め、政治批判と歴史再検討を可能にした改革方針は？,グラスノスチ,グラスノスチ,情報公開,,,世界史の窓（章節別用語リスト）,https://www.y-history.net/appendix/appendix-list.html
世界史段階別デッキ｜Deck 3｜主要王朝・人物・制度の穴埋め400語,WH-001176,1176,Deck 3｜標準,制度・政策・法律,グラスノスチ,ぐらすのすち,情報公開,現代,ヨーロッパ,ソ連,1980年代後半,1986,WH-001176-B02,beginner,時期,time,「グラスノスチ」が実施・整備されたのはいつ？,1980年代後半,1980年代後半,,,,世界史の窓（章節別用語リスト）,https://www.y-history.net/appendix/appendix-list.html
世界史段階別デッキ｜Deck 3｜主要王朝・人物・制度の穴埋め400語,WH-001176,1176,Deck 3｜標準,制度・政策・法律,グラスノスチ,ぐらすのすち,情報公開,現代,ヨーロッパ,ソ連,1980年代後半,1986,WH-001176-B03,beginner,中心人物,person,「グラスノスチ」について、推進した人物は？,ゴルバチョフ,ゴルバチョフ,,,,世界史の窓（章節別用語リスト）,https://www.y-history.net/appendix/appendix-list.html
世界史段階別デッキ｜Deck 3｜主要王朝・人物・制度の穴埋め400語,WH-001176,1176,Deck 3｜標準,制度・政策・法律,グラスノスチ,ぐらすのすち,情報公開,現代,ヨーロッパ,ソ連,1980年代後半,1986,WH-001176-R01,reverse,複合説明,reverse,どんな制度・政策・法律？,ソ連を主な舞台に、**グラスノスチ**は、**ゴルバチョフ**がペレストロイカを支えるため進めた「公開性」の政策である。検閲を緩和し、スターリン時代の犯罪・社会問題・政府失敗の報道と討論を認め、民主化を促したが体制批判も急拡大した。,グラスノスチ|ゴルバチョフ,,,,世界史の窓（章節別用語リスト）,https://www.y-history.net/appendix/appendix-list.html
世界史段階別デッキ｜Deck 3｜主要王朝・人物・制度の穴埋め400語,WH-001176,1176,Deck 3｜標準,制度・政策・法律,グラスノスチ,ぐらすのすち,情報公開,現代,ヨーロッパ,ソ連,1980年代後半,1986,WH-001176-R02,reverse,時期,time,「グラスノスチ」が実施・整備されたのはいつ？,**1980年代後半**,1980年代後半,,,,世界史の窓（章節別用語リスト）,https://www.y-history.net/appendix/appendix-list.html
世界史段階別デッキ｜Deck 3｜主要王朝・人物・制度の穴埋め400語,WH-001176,1176,Deck 3｜標準,制度・政策・法律,グラスノスチ,ぐらすのすち,情報公開,現代,ヨーロッパ,ソ連,1980年代後半,1986,WH-001176-I01,integrated,統合説明,integrated,「グラスノスチ」について説明せよ。,**1980年代後半**、ソ連を主な舞台に、**グラスノスチ**は、**ゴルバチョフ**がペレストロイカを支えるため進めた「公開性」の政策である。検閲を緩和し、スターリン時代の犯罪・社会問題・政府失敗の報道と討論を認め、民主化を促したが体制批判も急拡大した。,グラスノスチ|1980年代後半|ゴルバチョフ,,,,世界史の窓（章節別用語リスト）,https://www.y-history.net/appendix/appendix-list.html
世界史段階別デッキ｜Deck 3｜主要王朝・人物・制度の穴埋め400語,WH-001200,1200,Deck 3｜標準,組織・政党,WTO,だぶりゅーてぃーおー,世界貿易機関,現代,複数地域,世界各地（本部はスイス・ジュネーヴ）,1995年以後,1995,WH-001200-B01,beginner,用語の特定,identify,GATTを引き継ぎ、物品・サービス・知的財産の貿易ルールと紛争処理を担う国際機関は？,WTO,WTO,世界貿易機関,,,世界史の窓（章節別用語リスト）,https://www.y-history.net/appendix/appendix-list.html
世界史段階別デッキ｜Deck 3｜主要王朝・人物・制度の穴埋め400語,WH-001200,1200,Deck 3｜標準,組織・政党,WTO,だぶりゅーてぃーおー,世界貿易機関,現代,複数地域,世界各地（本部はスイス・ジュネーヴ）,1995年以後,1995,WH-001200-B02,beginner,時期,time,「WTO」が使用・展開されたのはいつ？,1995年以後,1995年以後,,,,世界史の窓（章節別用語リスト）,https://www.y-history.net/appendix/appendix-list.html
世界史段階別デッキ｜Deck 3｜主要王朝・人物・制度の穴埋め400語,WH-001200,1200,Deck 3｜標準,組織・政党,WTO,だぶりゅーてぃーおー,世界貿易機関,現代,複数地域,世界各地（本部はスイス・ジュネーヴ）,1995年以後,1995,WH-001200-B03,beginner,内容,content,「WTO」について、前身は？,GATT,GATT,,,,世界史の窓（章節別用語リスト）,https://www.y-history.net/appendix/appendix-list.html
世界史段階別デッキ｜Deck 3｜主要王朝・人物・制度の穴埋め400語,WH-001200,1200,Deck 3｜標準,組織・政党,WTO,だぶりゅーてぃーおー,世界貿易機関,現代,複数地域,世界各地（本部はスイス・ジュネーヴ）,1995年以後,1995,WH-001200-R01,reverse,複合説明,reverse,何をした？,世界各地（本部はスイス・ジュネーヴ）を主な舞台に、**WTO**は、ウルグアイ＝ラウンド合意に基づき1995年に発足した**世界貿易機関**である。**GATT**の物品貿易に加え、サービス・知的財産を扱い、加盟国間の交渉と拘束力ある紛争処理制度を運営する。,WTO|世界貿易機関|GATT,,,,世界史の窓（章節別用語リスト）,https://www.y-history.net/appendix/appendix-list.html
世界史段階別デッキ｜Deck 3｜主要王朝・人物・制度の穴埋め400語,WH-001200,1200,Deck 3｜標準,組織・政党,WTO,だぶりゅーてぃーおー,世界貿易機関,現代,複数地域,世界各地（本部はスイス・ジュネーヴ）,1995年以後,1995,WH-001200-R02,reverse,時期,time,「WTO」が使用・展開されたのはいつ？,**1995年以後**,1995年以後,,,,世界史の窓（章節別用語リスト）,https://www.y-history.net/appendix/appendix-list.html
世界史段階別デッキ｜Deck 3｜主要王朝・人物・制度の穴埋め400語,WH-001200,1200,Deck 3｜標準,組織・政党,WTO,だぶりゅーてぃーおー,世界貿易機関,現代,複数地域,世界各地（本部はスイス・ジュネーヴ）,1995年以後,1995,WH-001200-I01,integrated,統合説明,integrated,「WTO」について説明せよ。,**1995年以後**、世界各地（本部はスイス・ジュネーヴ）を主な舞台に、**WTO**は、ウルグアイ＝ラウンド合意に基づき1995年に発足した**世界貿易機関**である。**GATT**の物品貿易に加え、サービス・知的財産を扱い、加盟国間の交渉と拘束力ある紛争処理制度を運営する。,WTO|1995年以後|世界貿易機関|GATT,,,,世界史の窓（章節別用語リスト）,https://www.y-history.net/appendix/appendix-list.html
