dataset_label,item_id,importance_rank,difficulty_label,unit,subunit,item,reading,aliases,prerequisite_ids,time_scale,spatial_scale,card_id,card_type,focus,question,answer,accepted_answers,explanation,confusable_with,distinction,formula,answer_unit,memory_aid,source_name,source_url,reading_map
地学基礎 Deck1 全範囲最重要骨格,ES-000001,1,Deck1｜全範囲の最重要骨格,地球のすがた,惑星としての地球,地球,ちきゅう,なし,なし,該当なし,太陽系,ES-000001-C01,identify,用語の同定,太陽から3番目を公転し、表面に液体の海が広がる惑星を何というか。,地球,地球,太陽から3番目を公転し、表面に液体の海が広がる惑星。,なし,なし,なし,なし,なし,文部科学省「高等学校学習指導要領解説 理科編 理数編」,https://www.mext.go.jp/content/20250311-mxt_kyoiku02-100002620_05.pdf,なし
地学基礎 Deck1 全範囲最重要骨格,ES-000002,2,Deck1｜全範囲の最重要骨格,地球のすがた,惑星としての地球,地球の形,ちきゅうのかたち,なし,なし,該当なし,地球規模,ES-000002-C01,structure,地球の形状,地球の形は、厳密にはどのような形か。,赤道方向にわずかにふくらんだ回転楕円体,赤道方向にわずかにふくらんだ回転楕円体｜扁平な回転楕円体｜回転楕円体,地球はほぼ球形だが、自転の影響で赤道半径が極半径より少し大きい。,完全な球,赤道方向にわずかにふくらむ。,なし,なし,なし,国土地理院「世界測地系移行に関する質問集」,https://www.gsi.go.jp/LAW/G2000-g2000faq-1.htm,なし
地学基礎 Deck1 全範囲最重要骨格,ES-000003,3,Deck1｜全範囲の最重要骨格,地球のすがた,惑星としての地球,地球の半径,ちきゅうのはんけい,なし,なし,該当なし,地球規模,ES-000003-C01,scale,地球の大きさ,地球の平均半径は約何kmか。,約6400 km,約6400 km｜6400 km｜約6370 km,地球の平均半径は約6.4×10^3 kmで、直径は約1.3×10^4 kmである。,なし,なし,なし,km,なし,国土地理院「世界測地系移行に関する質問集」,https://www.gsi.go.jp/LAW/G2000-g2000faq-1.htm,なし
地学基礎 Deck1 全範囲最重要骨格,ES-000004,4,Deck1｜全範囲の最重要骨格,地球のすがた,地球内部の層構造,地球内部の層構造,ちきゅうないぶのそうこうぞう,なし,なし,該当なし,地球規模,ES-000004-C01,structure,層の順序,物質の違いに基づき、地球内部の主要な4層を外側から順に答えよ。,地殻→マントル→外核→内核,地殻→マントル→外核→内核｜地殻、マントル、外核、内核,地球内部は外側から地殻、マントル、外核、内核に分かれる。外核は液体、内核は固体である。,なし,なし,なし,なし,外側から地・マ・外・内,地質調査総合センター「地球の構造」,https://www.gsj.jp/geology/geology-japan/geology-earth/index.html,地殻=ちかく｜外核=がいかく｜内核=ないかく
地学基礎 Deck1 全範囲最重要骨格,ES-000004,4,Deck1｜全範囲の最重要骨格,地球のすがた,地球内部の層構造,地球内部の層構造,ちきゅうないぶのそうこうぞう,なし,なし,該当なし,地球規模,ES-000004-C02,structure,物質と状態,地球内部の4層のうち、液体である層と固体である最深部の層を答えよ。,液体は外核、最深部の固体は内核,液体は外核、最深部の固体は内核｜外核が液体、内核が固体｜液体は外核、固体は内核,S波が外核を通らないことなどから外核は液体、内核は固体と考えられている。,なし,なし,なし,なし,外側から地・マ・外・内,地質調査総合センター「地球の構造」,https://www.gsj.jp/geology/geology-japan/geology-earth/index.html,地殻=ちかく｜外核=がいかく｜内核=ないかく
地学基礎 Deck1 全範囲最重要骨格,ES-000005,5,Deck1｜全範囲の最重要骨格,地球のすがた,地球内部の層構造,地殻,ちかく,なし,ES-000004,該当なし,地球規模,ES-000005-C01,identify,用語の同定,地球内部の最も外側にある薄い固体の層を何というか。,地殻,地殻,地球内部の最も外側にある薄い固体の層。,リソスフェア,地殻は物質組成による区分で、リソスフェアは力学的な区分。,なし,なし,なし,地質調査総合センター「地球の構造」,https://www.gsj.jp/geology/geology-japan/geology-earth/index.html,地殻=ちかく
地学基礎 Deck1 全範囲最重要骨格,ES-000006,6,Deck1｜全範囲の最重要骨格,地球のすがた,地球内部の層構造,マントル,まんとる,なし,ES-000004,万〜億年,地球規模,ES-000006-C01,identify,用語の同定,地殻の下から外核の上までを占める、主に岩石からなる層を何というか。,マントル,マントル,地殻の下から外核の上までを占める、主に岩石からなる層。,アセノスフェア,マントルは組成による広い区分で、アセノスフェアは上部マントル内の軟らかい層。,なし,なし,なし,地質調査総合センター「地球の構造」,https://www.gsj.jp/geology/geology-japan/geology-earth/index.html,なし
地学基礎 Deck1 全範囲最重要骨格,ES-000007,7,Deck1｜全範囲の最重要骨格,地球のすがた,地球内部の層構造,外核,がいかく,なし,ES-000004,該当なし,地球規模,ES-000007-C01,identify,用語の同定,マントルと内核の間にある、主に鉄とニッケルからなる液体の層を何というか。,外核,外核,マントルと内核の間にある、主に鉄とニッケルからなる液体の層。,内核,外核は液体、内核は固体。,なし,なし,なし,地質調査総合センター「地球の構造」,https://www.gsj.jp/geology/geology-japan/geology-earth/index.html,外核=がいかく
地学基礎 Deck1 全範囲最重要骨格,ES-000007,7,Deck1｜全範囲の最重要骨格,地球のすがた,地球内部の層構造,外核,がいかく,なし,ES-000004,該当なし,地球規模,ES-000007-C02,relation,地震波との関係,外核が液体であることを示す重要な地震波の事実は何か。,S波が外核を通過しない,S波が外核を通過しない,S波は液体中を伝わらないため、外核を通る経路では観測されない。,P波,P波は液体の外核も通過できる。,なし,なし,なし,地質調査総合センター「地球の構造」,https://www.gsj.jp/geology/geology-japan/geology-earth/index.html,外核=がいかく
地学基礎 Deck1 全範囲最重要骨格,ES-000008,8,Deck1｜全範囲の最重要骨格,地球のすがた,地球内部の層構造,内核,ないかく,なし,ES-000004,該当なし,地球規模,ES-000008-C01,identify,用語の同定,地球中心部にある、主に鉄とニッケルからなる固体の層を何というか。,内核,内核,地球中心部にある、主に鉄とニッケルからなる固体の層。,外核,内核は固体、外核は液体。,なし,なし,なし,地質調査総合センター「地球の構造」,https://www.gsj.jp/geology/geology-japan/geology-earth/index.html,内核=ないかく
地学基礎 Deck1 全範囲最重要骨格,ES-000008,8,Deck1｜全範囲の最重要骨格,地球のすがた,地球内部の層構造,内核,ないかく,なし,ES-000004,該当なし,地球規模,ES-000008-C02,relation,固体である理由,内核が高温でも固体である主な理由は何か。,中心部の圧力が非常に高いから,中心部の圧力が非常に高いから,高圧ほど鉄を融かすのに高い温度が必要となるため、内核は固体で存在する。,外核,内核は固体、外核は液体。,なし,なし,なし,地質調査総合センター「地球の構造」,https://www.gsj.jp/geology/geology-japan/geology-earth/index.html,内核=ないかく
地学基礎 Deck1 全範囲最重要骨格,ES-000009,9,Deck1｜全範囲の最重要骨格,地球のすがた,プレートの運動,プレート,ぷれーと,岩石圏プレート,ES-000005｜ES-000006,万〜億年,地球規模,ES-000009-C01,identify,用語の同定,地殻と最上部マントルからなる、地球表面を覆う硬い板状部分を何というか。,プレート,プレート｜岩石圏プレート,地殻と最上部マントルからなる、地球表面を覆う硬い板状部分。,地殻,プレートは地殻だけでなく最上部マントルも含む。,なし,なし,なし,文部科学省「高等学校学習指導要領解説 理科編 理数編」,https://www.mext.go.jp/content/20250311-mxt_kyoiku02-100002620_05.pdf,なし
地学基礎 Deck1 全範囲最重要骨格,ES-000009,9,Deck1｜全範囲の最重要骨格,地球のすがた,プレートの運動,プレート,ぷれーと,岩石圏プレート,ES-000005｜ES-000006,万〜億年,地球規模,ES-000009-C02,scale,移動速度の尺度,プレートの移動速度は、およそどの程度の尺度か。,1年に数cm程度,1年に数cm程度｜年に数cm程度｜数cm/年,プレートは人の感覚では遅いが、数千万年では大陸や海洋の配置を大きく変える。,地殻,プレートは地殻だけでなく最上部マントルも含む。,なし,cm/年,なし,文部科学省「高等学校学習指導要領解説 理科編 理数編」,https://www.mext.go.jp/content/20250311-mxt_kyoiku02-100002620_05.pdf,なし
地学基礎 Deck1 全範囲最重要骨格,ES-000010,10,Deck1｜全範囲の最重要骨格,地球のすがた,プレートの運動,プレートテクトニクス,ぷれーとてくとにくす,なし,ES-000009,万〜億年,地球規模,ES-000010-C01,identify,用語の同定,プレートの運動によって地震・火山・造山運動などを統一的に説明する考え方を何というか。,プレートテクトニクス,プレートテクトニクス,プレートの運動によって地震・火山・造山運動などを統一的に説明する考え方。,なし,なし,なし,なし,なし,文部科学省「高等学校学習指導要領解説 理科編 理数編」,https://www.mext.go.jp/content/20250311-mxt_kyoiku02-100002620_05.pdf,なし
地学基礎 Deck1 全範囲最重要骨格,ES-000010,10,Deck1｜全範囲の最重要骨格,地球のすがた,プレートの運動,プレートテクトニクス,ぷれーとてくとにくす,なし,ES-000009,万〜億年,地球規模,ES-000010-C02,relation,説明できる現象,プレートテクトニクスで統一的に説明される代表的現象を三つ答えよ。,地震・火山活動・造山運動,地震・火山活動・造山運動｜地震、火山活動、造山運動,これらはプレート境界やプレート運動と強く関係する。,なし,なし,なし,なし,なし,文部科学省「高等学校学習指導要領解説 理科編 理数編」,https://www.mext.go.jp/content/20250311-mxt_kyoiku02-100002620_05.pdf,なし
地学基礎 Deck1 全範囲最重要骨格,ES-000011,11,Deck1｜全範囲の最重要骨格,地球のすがた,プレートの運動,リソスフェア,りそすふぇあ,岩石圏,ES-000005｜ES-000006,万〜億年,地球規模,ES-000011-C01,identify,用語の同定,地殻と最上部マントルからなる、硬く変形しにくい層を何というか。,リソスフェア,リソスフェア｜岩石圏,地殻と最上部マントルからなる、硬く変形しにくい層。,アセノスフェア,リソスフェアは硬く、その下のアセノスフェアは流動しやすい。,なし,なし,なし,地質調査総合センター「地球の構造」,https://www.gsj.jp/geology/geology-japan/geology-earth/index.html,なし
地学基礎 Deck1 全範囲最重要骨格,ES-000012,12,Deck1｜全範囲の最重要骨格,地球のすがた,プレートの運動,アセノスフェア,あせのすふぇあ,軟流圏,ES-000011,万〜億年,地球規模,ES-000012-C01,identify,用語の同定,リソスフェアの下にあり、部分的に軟らかく長時間では流動する上部マントルの層を何というか。,アセノスフェア,アセノスフェア｜軟流圏,リソスフェアの下にあり、部分的に軟らかく長時間では流動する上部マントルの層。,リソスフェア,アセノスフェアは流動しやすく、リソスフェアは硬い。,なし,なし,なし,地質調査総合センター「地球の構造」,https://www.gsj.jp/geology/geology-japan/geology-earth/index.html,なし
地学基礎 Deck1 全範囲最重要骨格,ES-000013,13,Deck1｜全範囲の最重要骨格,地球のすがた,プレートの運動,大陸プレート,たいりくぷれーと,なし,ES-000009,万〜億年,地球規模,ES-000013-C01,identify,用語の同定,大陸地殻を含み、一般に海洋プレートより厚く密度が小さいプレートを何というか。,大陸プレート,大陸プレート,大陸地殻を含み、一般に海洋プレートより厚く密度が小さいプレート。,海洋プレート,大陸プレートは一般に厚く密度が小さい。,なし,なし,なし,文部科学省「高等学校学習指導要領解説 理科編 理数編」,https://www.mext.go.jp/content/20250311-mxt_kyoiku02-100002620_05.pdf,なし
地学基礎 Deck1 全範囲最重要骨格,ES-000013,13,Deck1｜全範囲の最重要骨格,地球のすがた,プレートの運動,大陸プレート,たいりくぷれーと,なし,ES-000009,万〜億年,地球規模,ES-000013-C02,comparison,密度の比較,大陸プレートと海洋プレートでは、一般にどちらの密度が小さいか。,大陸プレート,大陸プレート,大陸地殻は花こう岩質の物質を多く含み、海洋地殻より平均密度が小さい。,海洋プレート,海洋プレートの方が一般に密度が大きい。,なし,なし,なし,文部科学省「高等学校学習指導要領解説 理科編 理数編」,https://www.mext.go.jp/content/20250311-mxt_kyoiku02-100002620_05.pdf,なし
地学基礎 Deck1 全範囲最重要骨格,ES-000014,14,Deck1｜全範囲の最重要骨格,地球のすがた,プレートの運動,海洋プレート,かいようぷれーと,なし,ES-000009,万〜億年,地球規模,ES-000014-C01,identify,用語の同定,海洋地殻を含み、一般に大陸プレートより薄く密度が大きいプレートを何というか。,海洋プレート,海洋プレート,海洋地殻を含み、一般に大陸プレートより薄く密度が大きいプレート。,大陸プレート,海洋プレートは一般に薄く密度が大きい。,なし,なし,なし,文部科学省「高等学校学習指導要領解説 理科編 理数編」,https://www.mext.go.jp/content/20250311-mxt_kyoiku02-100002620_05.pdf,なし
地学基礎 Deck1 全範囲最重要骨格,ES-000014,14,Deck1｜全範囲の最重要骨格,地球のすがた,プレートの運動,海洋プレート,かいようぷれーと,なし,ES-000009,万〜億年,地球規模,ES-000014-C02,relation,沈み込みやすさ,大陸プレートと海洋プレートが近づくとき、一般にどちらが沈み込みやすいか。,海洋プレート,海洋プレート,海洋プレートは一般に大陸プレートより密度が大きいため、その下へ沈み込みやすい。,大陸プレート,密度の大きい海洋プレートが沈み込みやすい。,なし,なし,なし,文部科学省「高等学校学習指導要領解説 理科編 理数編」,https://www.mext.go.jp/content/20250311-mxt_kyoiku02-100002620_05.pdf,なし
地学基礎 Deck1 全範囲最重要骨格,ES-000015,15,Deck1｜全範囲の最重要骨格,地球のすがた,プレートの運動,発散境界,はっさんきょうかい,広がる境界,ES-000009,万〜億年,地球規模,ES-000015-C01,identify,用語の同定,二つのプレートが互いに離れる向きに動く境界を何というか。,発散境界,発散境界｜広がる境界,二つのプレートが互いに離れる向きに動く境界。,収束境界,発散境界ではプレートが離れ、収束境界では近づく。,なし,なし,なし,文部科学省「高等学校学習指導要領解説 理科編 理数編」,https://www.mext.go.jp/content/20250311-mxt_kyoiku02-100002620_05.pdf,なし
地学基礎 Deck1 全範囲最重要骨格,ES-000015,15,Deck1｜全範囲の最重要骨格,地球のすがた,プレートの運動,発散境界,はっさんきょうかい,広がる境界,ES-000009,万〜億年,地球規模,ES-000015-C02,example,代表地形,発散境界に形成される代表的な海底地形は何か。,海嶺,海嶺｜中央海嶺,海嶺ではマグマが上昇して新しい海洋プレートがつくられる。,海溝,海嶺は発散境界、海溝は主に収束境界。,なし,なし,なし,文部科学省「高等学校学習指導要領解説 理科編 理数編」,https://www.mext.go.jp/content/20250311-mxt_kyoiku02-100002620_05.pdf,なし
地学基礎 Deck1 全範囲最重要骨格,ES-000016,16,Deck1｜全範囲の最重要骨格,地球のすがた,プレートの運動,収束境界,しゅうそくきょうかい,せばまる境界,ES-000009,万〜億年,地球規模,ES-000016-C01,identify,用語の同定,二つのプレートが互いに近づく向きに動く境界を何というか。,収束境界,収束境界｜せばまる境界,二つのプレートが互いに近づく向きに動く境界。,発散境界,収束境界ではプレートが近づく。,なし,なし,なし,文部科学省「高等学校学習指導要領解説 理科編 理数編」,https://www.mext.go.jp/content/20250311-mxt_kyoiku02-100002620_05.pdf,なし
地学基礎 Deck1 全範囲最重要骨格,ES-000016,16,Deck1｜全範囲の最重要骨格,地球のすがた,プレートの運動,収束境界,しゅうそくきょうかい,せばまる境界,ES-000009,万〜億年,地球規模,ES-000016-C02,structure,二つの型,収束境界で起こる代表的な二つのプレート運動を答えよ。,沈み込みと大陸衝突,沈み込みと大陸衝突｜沈み込み・大陸衝突,海洋プレートを含む場合は沈み込み、大陸どうしでは衝突が起こりやすい。,発散境界,収束境界ではプレートが近づく。,なし,なし,なし,文部科学省「高等学校学習指導要領解説 理科編 理数編」,https://www.mext.go.jp/content/20250311-mxt_kyoiku02-100002620_05.pdf,なし
地学基礎 Deck1 全範囲最重要骨格,ES-000017,17,Deck1｜全範囲の最重要骨格,地球のすがた,プレートの運動,すれ違う境界,すれちがうきょうかい,トランスフォーム境界｜ずれる境界,ES-000009,万〜億年,地球規模,ES-000017-C01,identify,用語の同定,二つのプレートが水平方向に互いにすれ違う境界を何というか。,すれ違う境界,すれ違う境界｜トランスフォーム境界｜ずれる境界,二つのプレートが水平方向に互いにすれ違う境界。,収束境界,プレートが作られたり沈み込んだりせず、主に横にずれる。,なし,なし,なし,文部科学省「高等学校学習指導要領解説 理科編 理数編」,https://www.mext.go.jp/content/20250311-mxt_kyoiku02-100002620_05.pdf,なし
地学基礎 Deck1 全範囲最重要骨格,ES-000017,17,Deck1｜全範囲の最重要骨格,地球のすがた,プレートの運動,すれ違う境界,すれちがうきょうかい,トランスフォーム境界｜ずれる境界,ES-000009,万〜億年,地球規模,ES-000017-C02,relation,プレートの増減,すれ違う境界では、プレートは新しく作られたり失われたりするか。,基本的に作られも失われもしない,基本的に作られも失われもしない｜作られず失われない,二つのプレートが境界に沿って水平方向へずれるためである。,収束境界,プレートが作られたり沈み込んだりせず、主に横にずれる。,なし,なし,なし,文部科学省「高等学校学習指導要領解説 理科編 理数編」,https://www.mext.go.jp/content/20250311-mxt_kyoiku02-100002620_05.pdf,なし
地学基礎 Deck1 全範囲最重要骨格,ES-000018,18,Deck1｜全範囲の最重要骨格,地球のすがた,プレートの運動,海嶺,かいれい,なし,ES-000015,万〜億年,地球規模,ES-000018-C01,identify,用語の同定,海底に連なる大山脈で、主にプレートが広がる境界に形成される地形を何というか。,海嶺,海嶺,海底に連なる大山脈で、主にプレートが広がる境界に形成される地形。,海溝,海嶺はプレートが生まれる側、海溝は沈み込む側に多い。,なし,なし,なし,文部科学省「高等学校学習指導要領解説 理科編 理数編」,https://www.mext.go.jp/content/20250311-mxt_kyoiku02-100002620_05.pdf,海嶺=かいれい
地学基礎 Deck1 全範囲最重要骨格,ES-000018,18,Deck1｜全範囲の最重要骨格,地球のすがた,プレートの運動,海嶺,かいれい,なし,ES-000015,万〜億年,地球規模,ES-000018-C02,relation,新しい海洋地殻,海嶺では海洋地殻はどのように変化するか。,新しい海洋地殻が形成される,新しい海洋地殻が形成される,上昇したマグマが冷えて固まり、海洋底が両側へ広がる。,海溝,海嶺はプレートが生まれる側、海溝は沈み込む側に多い。,なし,なし,なし,文部科学省「高等学校学習指導要領解説 理科編 理数編」,https://www.mext.go.jp/content/20250311-mxt_kyoiku02-100002620_05.pdf,海嶺=かいれい
地学基礎 Deck1 全範囲最重要骨格,ES-000019,19,Deck1｜全範囲の最重要骨格,地球のすがた,プレートの運動,海溝,かいこう,なし,ES-000016,万〜億年,地球規模,ES-000019-C01,identify,用語の同定,海洋プレートが沈み込む場所にできる、細長く深い海底地形を何というか。,海溝,海溝,海洋プレートが沈み込む場所にできる、細長く深い海底地形。,海嶺,海溝は沈み込み帯、海嶺は発散境界。,なし,なし,なし,文部科学省「高等学校学習指導要領解説 理科編 理数編」,https://www.mext.go.jp/content/20250311-mxt_kyoiku02-100002620_05.pdf,海溝=かいこう
地学基礎 Deck1 全範囲最重要骨格,ES-000019,19,Deck1｜全範囲の最重要骨格,地球のすがた,プレートの運動,海溝,かいこう,なし,ES-000016,万〜億年,地球規模,ES-000019-C02,relation,プレートの運動,海溝では海洋プレートは一般にどのように動くか。,別のプレートの下へ沈み込む,別のプレートの下へ沈み込む,海溝は沈み込みが始まる側の深い海底地形である。,海嶺,海溝は沈み込み帯、海嶺は発散境界。,なし,なし,なし,文部科学省「高等学校学習指導要領解説 理科編 理数編」,https://www.mext.go.jp/content/20250311-mxt_kyoiku02-100002620_05.pdf,海溝=かいこう
地学基礎 Deck1 全範囲最重要骨格,ES-000020,20,Deck1｜全範囲の最重要骨格,地球のすがた,プレートの運動,沈み込み,しずみこみ,なし,ES-000014｜ES-000016,万〜億年,地球規模,ES-000020-C01,identify,用語の同定,密度の大きい海洋プレートなどが別のプレートの下へ潜り込む運動を何というか。,沈み込み,沈み込み,密度の大きい海洋プレートなどが別のプレートの下へ潜り込む運動。,大陸衝突,沈み込みでは一方のプレートが他方の下へ入る。,なし,なし,なし,文部科学省「高等学校学習指導要領解説 理科編 理数編」,https://www.mext.go.jp/content/20250311-mxt_kyoiku02-100002620_05.pdf,なし
地学基礎 Deck1 全範囲最重要骨格,ES-000020,20,Deck1｜全範囲の最重要骨格,地球のすがた,プレートの運動,沈み込み,しずみこみ,なし,ES-000014｜ES-000016,万〜億年,地球規模,ES-000020-C02,relation,関連する現象,プレートの沈み込み帯で多く起こる二つの地学現象は何か。,地震と火山活動,地震と火山活動｜地震・火山活動,プレート境界の固着と破壊が地震に、水や高温物質を介したマグマ生成が火山活動に関係する。,大陸衝突,沈み込みでは一方のプレートが他方の下へ入る。,なし,なし,なし,文部科学省「高等学校学習指導要領解説 理科編 理数編」,https://www.mext.go.jp/content/20250311-mxt_kyoiku02-100002620_05.pdf,なし
地学基礎 Deck1 全範囲最重要骨格,ES-000021,21,Deck1｜全範囲の最重要骨格,地球のすがた,地震活動,地震,じしん,なし,なし,秒〜日,地域,ES-000021-C01,identify,用語の同定,地下の岩盤が急激にずれ、その振動が地震波として伝わる現象を何というか。,地震,地震,地下の岩盤が急激にずれ、その振動が地震波として伝わる現象。,なし,なし,なし,なし,なし,地震調査研究推進本部「地震・津波の用語集」,https://www.jishin.go.jp/main/yogo/c.htm,なし
地学基礎 Deck1 全範囲最重要骨格,ES-000022,22,Deck1｜全範囲の最重要骨格,地球のすがた,地震活動,震源,しんげん,なし,ES-000021,秒〜日,地域,ES-000022-C01,identify,用語の同定,地下で地震の破壊が始まった場所を何というか。,震源,震源,地下で地震の破壊が始まった場所。,震央,震源は地下、震央はその真上の地表。,なし,なし,なし,地震調査研究推進本部「地震・津波の用語集」,https://www.jishin.go.jp/main/yogo/c.htm,なし
地学基礎 Deck1 全範囲最重要骨格,ES-000023,23,Deck1｜全範囲の最重要骨格,地球のすがた,地震活動,震央,しんおう,なし,ES-000022,秒〜日,地域,ES-000023-C01,identify,用語の同定,震源の真上にあたる地表の地点を何というか。,震央,震央,震源の真上にあたる地表の地点。,震源,震央は地表、震源は地下。,なし,なし,なし,地震調査研究推進本部「地震・津波の用語集」,https://www.jishin.go.jp/main/yogo/c.htm,なし
地学基礎 Deck1 全範囲最重要骨格,ES-000024,24,Deck1｜全範囲の最重要骨格,地球のすがた,地震活動,P波,ぴーは,縦波｜Primary wave,ES-000021,秒〜日,複数尺度,ES-000024-C01,identify,用語の同定,地震波のうち、進行方向と同じ向きに振動し、S波より速く伝わる波を何というか。,P波,P波｜縦波｜Primary wave,地震波のうち、進行方向と同じ向きに振動し、S波より速く伝わる波。,S波,P波は縦波で速く、固体・液体を伝わる。,なし,なし,なし,地震調査研究推進本部「地震・津波の用語集」,https://www.jishin.go.jp/main/yogo/c.htm,なし
地学基礎 Deck1 全範囲最重要骨格,ES-000024,24,Deck1｜全範囲の最重要骨格,地球のすがた,地震活動,P波,ぴーは,縦波｜Primary wave,ES-000021,秒〜日,複数尺度,ES-000024-C02,comparison,伝わる物質,P波は固体と液体のどちらを伝わるか。,固体と液体の両方,固体と液体の両方｜固体・液体,P波は体積変化を伴う縦波で、固体にも液体にも伝わる。,S波,S波は液体を伝わらない。,なし,なし,なし,地震調査研究推進本部「地震・津波の用語集」,https://www.jishin.go.jp/main/yogo/c.htm,なし
地学基礎 Deck1 全範囲最重要骨格,ES-000025,25,Deck1｜全範囲の最重要骨格,地球のすがた,地震活動,S波,えすは,横波｜Secondary wave,ES-000021,秒〜日,複数尺度,ES-000025-C01,identify,用語の同定,地震波のうち、進行方向と直角に振動し、P波より遅く伝わる波を何というか。,S波,S波｜横波｜Secondary wave,地震波のうち、進行方向と直角に振動し、P波より遅く伝わる波。,P波,S波は横波で、液体中を伝わらない。,なし,なし,なし,地震調査研究推進本部「地震・津波の用語集」,https://www.jishin.go.jp/main/yogo/c.htm,なし
地学基礎 Deck1 全範囲最重要骨格,ES-000025,25,Deck1｜全範囲の最重要骨格,地球のすがた,地震活動,S波,えすは,横波｜Secondary wave,ES-000021,秒〜日,複数尺度,ES-000025-C02,comparison,伝わる物質,S波が伝わらない物質の状態は何か。,液体,液体,S波はずれ変形を伝える横波で、液体中を伝わらない。,P波,P波は液体も伝わる。,なし,なし,なし,地震調査研究推進本部「地震・津波の用語集」,https://www.jishin.go.jp/main/yogo/c.htm,なし
地学基礎 Deck1 全範囲最重要骨格,ES-000026,26,Deck1｜全範囲の最重要骨格,地球のすがた,地震活動,初期微動,しょきびどう,なし,ES-000024｜ES-000025,秒〜日,地域,ES-000026-C01,identify,用語の同定,P波の到着からS波の到着までに感じる比較的小さな揺れを何というか。,初期微動,初期微動,P波の到着からS波の到着までに感じる比較的小さな揺れ。,主要動,初期微動はP波による先行する小さな揺れ。,なし,なし,なし,地震調査研究推進本部「地震・津波の用語集」,https://www.jishin.go.jp/main/yogo/c.htm,なし
地学基礎 Deck1 全範囲最重要骨格,ES-000027,27,Deck1｜全範囲の最重要骨格,地球のすがた,地震活動,主要動,しゅようどう,なし,ES-000025,秒〜日,地域,ES-000027-C01,identify,用語の同定,主にS波の到着後に生じる大きな揺れを何というか。,主要動,主要動,主にS波の到着後に生じる大きな揺れ。,初期微動,主要動は主にS波による後からの大きな揺れ。,なし,なし,なし,地震調査研究推進本部「地震・津波の用語集」,https://www.jishin.go.jp/main/yogo/c.htm,なし
地学基礎 Deck1 全範囲最重要骨格,ES-000028,28,Deck1｜全範囲の最重要骨格,地球のすがた,地震活動,マグニチュード,まぐにちゅーど,M,ES-000021,秒〜日,複数尺度,ES-000028-C01,identify,用語の同定,一つの地震そのものの規模を表す尺度を何というか。,マグニチュード,マグニチュード｜M,一つの地震そのものの規模を表す尺度。,震度,マグニチュードは地震一つに対する規模、震度は地点ごとの揺れ。,なし,なし,なし,地震調査研究推進本部「地震・津波の用語集」,https://www.jishin.go.jp/main/yogo/c.htm,なし
地学基礎 Deck1 全範囲最重要骨格,ES-000028,28,Deck1｜全範囲の最重要骨格,地球のすがた,地震活動,マグニチュード,まぐにちゅーど,M,ES-000021,秒〜日,複数尺度,ES-000028-C02,comparison,値の個数,同じ一つの地震について、マグニチュードは観測地点ごとに変わるか。,原則として変わらない,原則として変わらない｜一つの地震に一つの値,マグニチュードは地震そのものの規模を表すため、地点ごとの揺れを表す震度とは異なる。,震度,震度は地点ごとに異なる。,なし,なし,なし,地震調査研究推進本部「地震・津波の用語集」,https://www.jishin.go.jp/main/yogo/c.htm,なし
地学基礎 Deck1 全範囲最重要骨格,ES-000029,29,Deck1｜全範囲の最重要骨格,地球のすがた,地震活動,震度,しんど,なし,ES-000021,秒〜日,地域,ES-000029-C01,identify,用語の同定,ある地点での地震の揺れの強さを表す尺度を何というか。,震度,震度,ある地点での地震の揺れの強さを表す尺度。,マグニチュード,震度は観測地点ごとに異なる。,なし,なし,なし,地震調査研究推進本部「地震・津波の用語集」,https://www.jishin.go.jp/main/yogo/c.htm,なし
地学基礎 Deck1 全範囲最重要骨格,ES-000029,29,Deck1｜全範囲の最重要骨格,地球のすがた,地震活動,震度,しんど,なし,ES-000021,秒〜日,地域,ES-000029-C02,comparison,値の個数,同じ一つの地震でも、震度は観測地点ごとに変わるか。,変わる,変わる｜地点ごとに異なる,震度は震源からの距離、地盤、地震波の性質などで地点ごとに変わる。,マグニチュード,マグニチュードは地震そのものの規模。,なし,なし,なし,地震調査研究推進本部「地震・津波の用語集」,https://www.jishin.go.jp/main/yogo/c.htm,なし
地学基礎 Deck1 全範囲最重要骨格,ES-000030,30,Deck1｜全範囲の最重要骨格,地球のすがた,地震活動,震源距離,しんげんきょり,なし,ES-000022,秒〜日,地域,ES-000030-C01,identify,用語の同定,観測点から震源までの直線距離を何というか。,震源距離,震源距離,観測点から震源までの直線距離。,震央距離,震源距離は地下の震源まで、震央距離は地表の震央まで。,なし,なし,なし,地震調査研究推進本部「地震・津波の用語集」,https://www.jishin.go.jp/main/yogo/c.htm,なし
地学基礎 Deck1 全範囲最重要骨格,ES-000030,30,Deck1｜全範囲の最重要骨格,地球のすがた,地震活動,震源距離,しんげんきょり,なし,ES-000022,秒〜日,地域,ES-000030-C02,relation,S-P時間との関係,一般に震源距離が大きくなると、S-P時間はどうなるか。,長くなる,長くなる｜大きくなる,P波とS波の速さの差によって、遠いほど到着時刻の差が広がる。,震央距離,ここで扱うのは観測点から地下の震源までの距離。,なし,なし,なし,地震調査研究推進本部「地震・津波の用語集」,https://www.jishin.go.jp/main/yogo/c.htm,なし
地学基礎 Deck1 全範囲最重要骨格,ES-000031,31,Deck1｜全範囲の最重要骨格,地球のすがた,火山活動,火山,かざん,なし,なし,複数尺度,地域,ES-000031-C01,identify,用語の同定,地下のマグマや火山ガスなどが地表へ噴出してできる地形を何というか。,火山,火山,地下のマグマや火山ガスなどが地表へ噴出してできる地形。,なし,なし,なし,なし,なし,文部科学省「高等学校学習指導要領解説 理科編 理数編」,https://www.mext.go.jp/content/20250311-mxt_kyoiku02-100002620_05.pdf,なし
地学基礎 Deck1 全範囲最重要骨格,ES-000031,31,Deck1｜全範囲の最重要骨格,地球のすがた,火山活動,火山,かざん,なし,なし,複数尺度,地域,ES-000031-C02,location,分布,世界の火山は、主にどのような場所に分布するか。,プレート境界付近,プレート境界付近｜プレート境界,沈み込み帯や海嶺に多いが、ホットスポットのように境界から離れた火山もある。,なし,なし,なし,なし,なし,文部科学省「高等学校学習指導要領解説 理科編 理数編」,https://www.mext.go.jp/content/20250311-mxt_kyoiku02-100002620_05.pdf,なし
地学基礎 Deck1 全範囲最重要骨格,ES-000032,32,Deck1｜全範囲の最重要骨格,地球のすがた,火山活動,マグマ,まぐま,なし,ES-000031,複数尺度,地域,ES-000032-C01,identify,用語の同定,地下にある、岩石が高温で溶けた物質と結晶・火山ガスの混合物を何というか。,マグマ,マグマ,地下にある、岩石が高温で溶けた物質と結晶・火山ガスの混合物。,溶岩,マグマが地表へ出たものを溶岩という。,なし,なし,なし,文部科学省「高等学校学習指導要領解説 理科編 理数編」,https://www.mext.go.jp/content/20250311-mxt_kyoiku02-100002620_05.pdf,なし
地学基礎 Deck1 全範囲最重要骨格,ES-000032,32,Deck1｜全範囲の最重要骨格,地球のすがた,火山活動,マグマ,まぐま,なし,ES-000031,複数尺度,地域,ES-000032-C02,comparison,地表に出た名称,マグマが地表へ噴出したものを何というか。,溶岩,溶岩,地下にあるものをマグマ、地表へ出たものを溶岩と呼ぶ。,マグマ,場所による呼び分け。,なし,なし,なし,文部科学省「高等学校学習指導要領解説 理科編 理数編」,https://www.mext.go.jp/content/20250311-mxt_kyoiku02-100002620_05.pdf,なし
地学基礎 Deck1 全範囲最重要骨格,ES-000033,33,Deck1｜全範囲の最重要骨格,地球のすがた,火成岩,火成岩,かせいがん,なし,ES-000032,複数尺度,試料・露頭,ES-000033-C01,identify,用語の同定,マグマが冷えて固まってできた岩石を何というか。,火成岩,火成岩,マグマが冷えて固まってできた岩石。,なし,なし,なし,なし,なし,地質調査総合センター「岩石の分類」,https://www.gsj.jp/geology/fault-fold/formation/r-classification/index.html,火成岩=かせいがん
地学基礎 Deck1 全範囲最重要骨格,ES-000033,33,Deck1｜全範囲の最重要骨格,地球のすがた,火成岩,火成岩,かせいがん,なし,ES-000032,複数尺度,試料・露頭,ES-000033-C02,structure,二分類,火成岩は、マグマが固まった場所と冷え方から大きく何と何に分けられるか。,火山岩と深成岩,火山岩と深成岩｜火山岩・深成岩,地表付近で急冷したものが火山岩、地下深くで徐冷したものが深成岩。,なし,なし,なし,なし,なし,地質調査総合センター「岩石の分類」,https://www.gsj.jp/geology/fault-fold/formation/r-classification/index.html,火成岩=かせいがん
地学基礎 Deck1 全範囲最重要骨格,ES-000034,34,Deck1｜全範囲の最重要骨格,地球のすがた,火成岩,火山岩,かざんがん,なし,ES-000033,複数尺度,試料・露頭,ES-000034-C01,identify,用語の同定,マグマが地表付近で比較的急速に冷えてできた火成岩を何というか。,火山岩,火山岩,マグマが地表付近で比較的急速に冷えてできた火成岩。,深成岩,火山岩は地表付近で急冷し、斑状組織になりやすい。,なし,なし,なし,地質調査総合センター「岩石の分類」,https://www.gsj.jp/geology/fault-fold/formation/r-classification/index.html,なし
地学基礎 Deck1 全範囲最重要骨格,ES-000034,34,Deck1｜全範囲の最重要骨格,地球のすがた,火成岩,火山岩,かざんがん,なし,ES-000033,複数尺度,試料・露頭,ES-000034-C02,relation,冷却と結晶,火山岩では、マグマが急に冷えるため結晶は一般にどうなりやすいか。,細かくなりやすい,細かくなりやすい｜小さくなりやすい,結晶が十分に成長する時間が短く、石基は細粒になる。,深成岩,火山岩は地表付近で急冷し、斑状組織になりやすい。,なし,なし,なし,地質調査総合センター「岩石の分類」,https://www.gsj.jp/geology/fault-fold/formation/r-classification/index.html,なし
地学基礎 Deck1 全範囲最重要骨格,ES-000035,35,Deck1｜全範囲の最重要骨格,地球のすがた,火成岩,深成岩,しんせいがん,なし,ES-000033,複数尺度,試料・露頭,ES-000035-C01,identify,用語の同定,マグマが地下深くでゆっくり冷えてできた火成岩を何というか。,深成岩,深成岩,マグマが地下深くでゆっくり冷えてできた火成岩。,火山岩,深成岩は地下深くで徐冷し、等粒状組織になりやすい。,なし,なし,なし,地質調査総合センター「岩石の分類」,https://www.gsj.jp/geology/fault-fold/formation/r-classification/index.html,なし
地学基礎 Deck1 全範囲最重要骨格,ES-000035,35,Deck1｜全範囲の最重要骨格,地球のすがた,火成岩,深成岩,しんせいがん,なし,ES-000033,複数尺度,試料・露頭,ES-000035-C02,relation,冷却と結晶,深成岩では、マグマがゆっくり冷えるため結晶は一般にどうなりやすいか。,大きくなりやすい,大きくなりやすい,地下でゆっくり冷えるため、結晶が成長して等粒状組織になりやすい。,火山岩,深成岩は地下深くで徐冷し、等粒状組織になりやすい。,なし,なし,なし,地質調査総合センター「岩石の分類」,https://www.gsj.jp/geology/fault-fold/formation/r-classification/index.html,なし
地学基礎 Deck1 全範囲最重要骨格,ES-000036,36,Deck1｜全範囲の最重要骨格,地球のすがた,火成岩,玄武岩,げんぶがん,なし,ES-000034,複数尺度,試料・露頭,ES-000036-C01,identify,用語の同定,二酸化ケイ素が比較的少なく、黒っぽい火山岩を何というか。,玄武岩,玄武岩,二酸化ケイ素が比較的少なく、黒っぽい火山岩。,斑れい岩,玄武岩は火山岩、斑れい岩は同じ組成側の深成岩。,なし,なし,火山岩と深成岩の組は玄武岩―斑れい岩,地質調査総合センター「岩石の分類」,https://www.gsj.jp/geology/fault-fold/formation/r-classification/index.html,玄武岩=げんぶがん
地学基礎 Deck1 全範囲最重要骨格,ES-000036,36,Deck1｜全範囲の最重要骨格,地球のすがた,火成岩,玄武岩,げんぶがん,なし,ES-000034,複数尺度,試料・露頭,ES-000036-C02,comparison,対応する火成岩,玄武岩と二酸化ケイ素量が近い、冷え方の異なる対応岩石は何か。,斑れい岩,斑れい岩,玄武岩と斑れい岩は組成側が対応し、火山岩か深成岩かが異なる。,斑れい岩,玄武岩と斑れい岩は冷却場所・組織が異なる。,なし,なし,火山岩と深成岩の組は玄武岩―斑れい岩,地質調査総合センター「岩石の分類」,https://www.gsj.jp/geology/fault-fold/formation/r-classification/index.html,玄武岩=げんぶがん
地学基礎 Deck1 全範囲最重要骨格,ES-000037,37,Deck1｜全範囲の最重要骨格,地球のすがた,火成岩,安山岩,あんざんがん,なし,ES-000034,複数尺度,試料・露頭,ES-000037-C01,identify,用語の同定,二酸化ケイ素量が中程度で、灰色を示すことが多い火山岩を何というか。,安山岩,安山岩,二酸化ケイ素量が中程度で、灰色を示すことが多い火山岩。,閃緑岩,安山岩は火山岩、閃緑岩は同じ組成側の深成岩。,なし,なし,火山岩と深成岩の組は安山岩―閃緑岩,地質調査総合センター「岩石の分類」,https://www.gsj.jp/geology/fault-fold/formation/r-classification/index.html,安山岩=あんざんがん
地学基礎 Deck1 全範囲最重要骨格,ES-000037,37,Deck1｜全範囲の最重要骨格,地球のすがた,火成岩,安山岩,あんざんがん,なし,ES-000034,複数尺度,試料・露頭,ES-000037-C02,comparison,対応する火成岩,安山岩と二酸化ケイ素量が近い、冷え方の異なる対応岩石は何か。,閃緑岩,閃緑岩,安山岩と閃緑岩は組成側が対応し、火山岩か深成岩かが異なる。,閃緑岩,安山岩と閃緑岩は冷却場所・組織が異なる。,なし,なし,火山岩と深成岩の組は安山岩―閃緑岩,地質調査総合センター「岩石の分類」,https://www.gsj.jp/geology/fault-fold/formation/r-classification/index.html,安山岩=あんざんがん
地学基礎 Deck1 全範囲最重要骨格,ES-000038,38,Deck1｜全範囲の最重要骨格,地球のすがた,火成岩,流紋岩,りゅうもんがん,なし,ES-000034,複数尺度,試料・露頭,ES-000038-C01,identify,用語の同定,二酸化ケイ素が比較的多く、白っぽい火山岩を何というか。,流紋岩,流紋岩,二酸化ケイ素が比較的多く、白っぽい火山岩。,花こう岩,流紋岩は火山岩、花こう岩は同じ組成側の深成岩。,なし,なし,火山岩と深成岩の組は流紋岩―花こう岩,地質調査総合センター「岩石の分類」,https://www.gsj.jp/geology/fault-fold/formation/r-classification/index.html,流紋岩=りゅうもんがん
地学基礎 Deck1 全範囲最重要骨格,ES-000038,38,Deck1｜全範囲の最重要骨格,地球のすがた,火成岩,流紋岩,りゅうもんがん,なし,ES-000034,複数尺度,試料・露頭,ES-000038-C02,comparison,対応する火成岩,流紋岩と二酸化ケイ素量が近い、冷え方の異なる対応岩石は何か。,花こう岩,花こう岩,流紋岩と花こう岩は組成側が対応し、火山岩か深成岩かが異なる。,花こう岩,流紋岩と花こう岩は冷却場所・組織が異なる。,なし,なし,火山岩と深成岩の組は流紋岩―花こう岩,地質調査総合センター「岩石の分類」,https://www.gsj.jp/geology/fault-fold/formation/r-classification/index.html,流紋岩=りゅうもんがん
地学基礎 Deck1 全範囲最重要骨格,ES-000039,39,Deck1｜全範囲の最重要骨格,地球のすがた,火成岩,斑れい岩,はんれいがん,斑糲岩,ES-000035,複数尺度,試料・露頭,ES-000039-C01,identify,用語の同定,二酸化ケイ素が比較的少なく、黒っぽい深成岩を何というか。,斑れい岩,斑れい岩｜斑糲岩,二酸化ケイ素が比較的少なく、黒っぽい深成岩。,玄武岩,斑れい岩は深成岩、玄武岩は同じ組成側の火山岩。,なし,なし,なし,地質調査総合センター「岩石の分類」,https://www.gsj.jp/geology/fault-fold/formation/r-classification/index.html,斑糲岩=はんれいがん
地学基礎 Deck1 全範囲最重要骨格,ES-000039,39,Deck1｜全範囲の最重要骨格,地球のすがた,火成岩,斑れい岩,はんれいがん,斑糲岩,ES-000035,複数尺度,試料・露頭,ES-000039-C02,comparison,対応する火成岩,斑れい岩と二酸化ケイ素量が近い、冷え方の異なる対応岩石は何か。,玄武岩,玄武岩,斑れい岩と玄武岩は組成側が対応し、火山岩か深成岩かが異なる。,玄武岩,斑れい岩と玄武岩は冷却場所・組織が異なる。,なし,なし,なし,地質調査総合センター「岩石の分類」,https://www.gsj.jp/geology/fault-fold/formation/r-classification/index.html,斑糲岩=はんれいがん
地学基礎 Deck1 全範囲最重要骨格,ES-000040,40,Deck1｜全範囲の最重要骨格,地球のすがた,火成岩,閃緑岩,せんりょくがん,なし,ES-000035,複数尺度,試料・露頭,ES-000040-C01,identify,用語の同定,二酸化ケイ素量が中程度の深成岩を何というか。,閃緑岩,閃緑岩,二酸化ケイ素量が中程度の深成岩。,安山岩,閃緑岩は深成岩、安山岩は同じ組成側の火山岩。,なし,なし,なし,地質調査総合センター「岩石の分類」,https://www.gsj.jp/geology/fault-fold/formation/r-classification/index.html,閃緑岩=せんりょくがん
地学基礎 Deck1 全範囲最重要骨格,ES-000040,40,Deck1｜全範囲の最重要骨格,地球のすがた,火成岩,閃緑岩,せんりょくがん,なし,ES-000035,複数尺度,試料・露頭,ES-000040-C02,comparison,対応する火成岩,閃緑岩と二酸化ケイ素量が近い、冷え方の異なる対応岩石は何か。,安山岩,安山岩,閃緑岩と安山岩は組成側が対応し、火山岩か深成岩かが異なる。,安山岩,閃緑岩と安山岩は冷却場所・組織が異なる。,なし,なし,なし,地質調査総合センター「岩石の分類」,https://www.gsj.jp/geology/fault-fold/formation/r-classification/index.html,閃緑岩=せんりょくがん
地学基礎 Deck1 全範囲最重要骨格,ES-000041,41,Deck1｜全範囲の最重要骨格,地球のすがた,火成岩,花こう岩,かこうがん,花崗岩,ES-000035,複数尺度,試料・露頭,ES-000041-C01,identify,用語の同定,二酸化ケイ素が比較的多く、白っぽい深成岩を何というか。,花こう岩,花こう岩｜花崗岩,二酸化ケイ素が比較的多く、白っぽい深成岩。,流紋岩,花こう岩は深成岩、流紋岩は同じ組成側の火山岩。,なし,なし,なし,地質調査総合センター「岩石の分類」,https://www.gsj.jp/geology/fault-fold/formation/r-classification/index.html,花崗岩=かこうがん
地学基礎 Deck1 全範囲最重要骨格,ES-000041,41,Deck1｜全範囲の最重要骨格,地球のすがた,火成岩,花こう岩,かこうがん,花崗岩,ES-000035,複数尺度,試料・露頭,ES-000041-C02,comparison,対応する火成岩,花こう岩と二酸化ケイ素量が近い、冷え方の異なる対応岩石は何か。,流紋岩,流紋岩,花こう岩と流紋岩は組成側が対応し、火山岩か深成岩かが異なる。,流紋岩,花こう岩と流紋岩は冷却場所・組織が異なる。,なし,なし,なし,地質調査総合センター「岩石の分類」,https://www.gsj.jp/geology/fault-fold/formation/r-classification/index.html,花崗岩=かこうがん
地学基礎 Deck1 全範囲最重要骨格,ES-000042,42,Deck1｜全範囲の最重要骨格,地球のすがた,火成岩,斑状組織,はんじょうそしき,なし,ES-000034,複数尺度,試料・露頭,ES-000042-C01,identify,用語の同定,大きな結晶である斑晶と、細粒の石基からなる火成岩の組織を何というか。,斑状組織,斑状組織,大きな結晶である斑晶と、細粒の石基からなる火成岩の組織。,等粒状組織,斑状組織は大きな斑晶と細かい石基が共存する。,なし,なし,なし,地質調査総合センター「岩石の分類」,https://www.gsj.jp/geology/fault-fold/formation/r-classification/index.html,斑状組織=はんじょうそしき
地学基礎 Deck1 全範囲最重要骨格,ES-000042,42,Deck1｜全範囲の最重要骨格,地球のすがた,火成岩,斑状組織,はんじょうそしき,なし,ES-000034,複数尺度,試料・露頭,ES-000042-C02,relation,冷却履歴,斑状組織は、マグマがどのような二段階の冷え方をしたことを示すか。,地下でゆっくり冷えた後、地表付近で急に冷えた,地下でゆっくり冷えた後、地表付近で急に冷えた,地下で斑晶が成長し、その後の急冷で細粒の石基ができる。,等粒状組織,斑状組織は大きな斑晶と細かい石基が共存する。,なし,なし,なし,地質調査総合センター「岩石の分類」,https://www.gsj.jp/geology/fault-fold/formation/r-classification/index.html,斑状組織=はんじょうそしき
地学基礎 Deck1 全範囲最重要骨格,ES-000043,43,Deck1｜全範囲の最重要骨格,地球のすがた,火成岩,等粒状組織,とうりゅうじょうそしき,なし,ES-000035,複数尺度,試料・露頭,ES-000043-C01,identify,用語の同定,ほぼ同じ大きさの結晶が組み合わさった火成岩の組織を何というか。,等粒状組織,等粒状組織,ほぼ同じ大きさの結晶が組み合わさった火成岩の組織。,斑状組織,等粒状組織は肉眼で見える程度の結晶がほぼ均一に組み合わさる。,なし,なし,なし,地質調査総合センター「岩石の分類」,https://www.gsj.jp/geology/fault-fold/formation/r-classification/index.html,等粒状組織=とうりゅうじょうそしき
地学基礎 Deck1 全範囲最重要骨格,ES-000043,43,Deck1｜全範囲の最重要骨格,地球のすがた,火成岩,等粒状組織,とうりゅうじょうそしき,なし,ES-000035,複数尺度,試料・露頭,ES-000043-C02,relation,冷却履歴,等粒状組織は、マグマが主にどこでどのように冷えたことを示すか。,地下深くでゆっくり冷えた,地下深くでゆっくり冷えた,結晶がほぼ同程度まで成長する時間があったことを示す。,斑状組織,等粒状組織は肉眼で見える程度の結晶がほぼ均一に組み合わさる。,なし,なし,なし,地質調査総合センター「岩石の分類」,https://www.gsj.jp/geology/fault-fold/formation/r-classification/index.html,等粒状組織=とうりゅうじょうそしき
地学基礎 Deck1 全範囲最重要骨格,ES-000044,44,Deck1｜全範囲の最重要骨格,地球のすがた,火山活動,火山砕屑物,かざんさいせつぶつ,火砕物,ES-000031,秒〜日,地域,ES-000044-C01,identify,用語の同定,噴火によって火口から放出された固体の物質の総称を何というか。,火山砕屑物,火山砕屑物｜火砕物,噴火によって火口から放出された固体の物質の総称。,溶岩,火山砕屑物は固体片として放出され、溶岩は液状で流出する。,なし,なし,なし,文部科学省「高等学校学習指導要領解説 理科編 理数編」,https://www.mext.go.jp/content/20250311-mxt_kyoiku02-100002620_05.pdf,火山砕屑物=かざんさいせつぶつ
地学基礎 Deck1 全範囲最重要骨格,ES-000044,44,Deck1｜全範囲の最重要骨格,地球のすがた,火山活動,火山砕屑物,かざんさいせつぶつ,火砕物,ES-000031,秒〜日,地域,ES-000044-C02,structure,粒径による分類,火山砕屑物は粒径が小さい順に、火山灰・火山礫・何に分けられるか。,火山弾または火山岩塊,火山弾または火山岩塊｜火山弾・火山岩塊,粒径は火山灰が2 mm未満、火山礫が2〜64 mm、火山弾・火山岩塊が64 mm以上。,溶岩,火山砕屑物は固体片として放出され、溶岩は液状で流出する。,なし,なし,なし,文部科学省「高等学校学習指導要領解説 理科編 理数編」,https://www.mext.go.jp/content/20250311-mxt_kyoiku02-100002620_05.pdf,火山砕屑物=かざんさいせつぶつ
地学基礎 Deck1 全範囲最重要骨格,ES-000045,45,Deck1｜全範囲の最重要骨格,地球のすがた,火山活動,火砕流,かさいりゅう,なし,ES-000044,秒〜日,地域,ES-000045-C01,identify,用語の同定,高温の火山ガスと火山砕屑物が一体となって斜面を高速で流れ下る現象を何というか。,火砕流,火砕流,高温の火山ガスと火山砕屑物が一体となって斜面を高速で流れ下る現象。,溶岩流,火砕流は高温のガスと固体粒子の混合流で、一般に溶岩流より速い。,なし,なし,なし,文部科学省「高等学校学習指導要領解説 理科編 理数編」,https://www.mext.go.jp/content/20250311-mxt_kyoiku02-100002620_05.pdf,火砕流=かさいりゅう
地学基礎 Deck1 全範囲最重要骨格,ES-000046,46,Deck1｜全範囲の最重要骨格,地球のすがた,地震活動,津波,つなみ,なし,ES-000021,秒〜日,複数尺度,ES-000046-C01,identify,用語の同定,海底の急激な上下変動などで海水全体が動いて生じる、波長の非常に長い波を何というか。,津波,津波,海底の急激な上下変動などで海水全体が動いて生じる、波長の非常に長い波。,風浪,津波は海水の深い部分まで動き、風浪は主に海面付近の風で生じる。,なし,なし,なし,大学入試センター「令和8年度大学入学共通テスト 地学基礎」,https://www.dnc.ac.jp/albums/abm.php?d=2144&f=abm00017561.pdf&n=2026_ol_22_chigakukiso.pdf,なし
地学基礎 Deck1 全範囲最重要骨格,ES-000046,46,Deck1｜全範囲の最重要骨格,地球のすがた,地震活動,津波,つなみ,なし,ES-000021,秒〜日,複数尺度,ES-000046-C02,relation,浅海での変化,津波が浅い海へ進むと、速さと波高は一般にどう変化するか。,速さは小さくなり、波高は大きくなりやすい,速さは小さくなり、波高は大きくなりやすい｜遅くなり、波高が高くなりやすい,水深が浅いほど津波の速度は小さくなり、波が圧縮されて波高が増すことがある。,風浪,津波は海水の深い部分まで動き、風浪は主に海面付近の風で生じる。,なし,なし,なし,大学入試センター「令和8年度大学入学共通テスト 地学基礎」,https://www.dnc.ac.jp/albums/abm.php?d=2144&f=abm00017561.pdf&n=2026_ol_22_chigakukiso.pdf,なし
地学基礎 Deck1 全範囲最重要骨格,ES-000047,47,Deck1｜全範囲の最重要骨格,地球のすがた,大気の構造,大気,たいき,なし,なし,該当なし,地球規模,ES-000047-C01,identify,用語の同定,地球を取り巻く気体の層を何というか。,大気,大気,地球を取り巻く気体の層。,なし,なし,なし,なし,なし,気象庁「大気の構造と流れ」,https://www.jma.go.jp/jma/kishou/know/whitep/1-1-1.html,なし
地学基礎 Deck1 全範囲最重要骨格,ES-000047,47,Deck1｜全範囲の最重要骨格,地球のすがた,大気の構造,大気,たいき,なし,なし,該当なし,地球規模,ES-000047-C02,structure,主成分,乾燥空気の体積比で最も多い二つの気体を、多い順に答えよ。,窒素、酸素,窒素、酸素｜窒素→酸素,乾燥空気はおよそ窒素78%、酸素21%で、この二つが大部分を占める。,なし,なし,なし,なし,なし,気象庁「大気の構造と流れ」,https://www.jma.go.jp/jma/kishou/know/whitep/1-1-1.html,なし
地学基礎 Deck1 全範囲最重要骨格,ES-000048,48,Deck1｜全範囲の最重要骨格,地球のすがた,大気の構造,対流圏,たいりゅうけん,なし,ES-000047,該当なし,地球規模,ES-000048-C01,identify,用語の同定,大気の最下層で、雲や雨など多くの気象現象が起こる層を何というか。,対流圏,対流圏,大気の最下層で、雲や雨など多くの気象現象が起こる層。,成層圏,対流圏では高度とともに気温が下がり、天気現象が起こる。,なし,なし,なし,気象庁「大気の構造と流れ」,https://www.jma.go.jp/jma/kishou/know/whitep/1-1-1.html,対流圏=たいりゅうけん
地学基礎 Deck1 全範囲最重要骨格,ES-000048,48,Deck1｜全範囲の最重要骨格,地球のすがた,大気の構造,対流圏,たいりゅうけん,なし,ES-000047,該当なし,地球規模,ES-000048-C02,scale,上端高度,対流圏の上端は、緯度や季節で変わるが、およそ何kmの高度か。,約10〜16 km,約10〜16 km｜10〜16 km,対流圏は赤道付近で厚く、極付近で薄い。,成層圏,対流圏では高度とともに気温が下がり、天気現象が起こる。,なし,km,なし,気象庁「大気の構造と流れ」,https://www.jma.go.jp/jma/kishou/know/whitep/1-1-1.html,対流圏=たいりゅうけん
地学基礎 Deck1 全範囲最重要骨格,ES-000049,49,Deck1｜全範囲の最重要骨格,地球のすがた,大気の構造,成層圏,せいそうけん,なし,ES-000047,該当なし,地球規模,ES-000049-C01,identify,用語の同定,対流圏の上にあり、オゾンによる紫外線吸収のため上部ほど気温が高くなる層を何というか。,成層圏,成層圏,対流圏の上にあり、オゾンによる紫外線吸収のため上部ほど気温が高くなる層。,対流圏,成層圏では上部ほど気温が上がる。,なし,なし,なし,気象庁「大気の構造と流れ」,https://www.jma.go.jp/jma/kishou/know/whitep/1-1-1.html,成層圏=せいそうけん
地学基礎 Deck1 全範囲最重要骨格,ES-000049,49,Deck1｜全範囲の最重要骨格,地球のすがた,大気の構造,成層圏,せいそうけん,なし,ES-000047,該当なし,地球規模,ES-000049-C02,relation,気温変化,成層圏で上部ほど気温が高くなる主な理由は何か。,オゾンが紫外線を吸収するから,オゾンが紫外線を吸収するから,オゾンによる紫外線吸収が大気を加熱する。,対流圏,成層圏では上部ほど気温が上がる。,なし,なし,なし,気象庁「大気の構造と流れ」,https://www.jma.go.jp/jma/kishou/know/whitep/1-1-1.html,成層圏=せいそうけん
地学基礎 Deck1 全範囲最重要骨格,ES-000050,50,Deck1｜全範囲の最重要骨格,地球のすがた,大気の構造,中間圏,ちゅうかんけん,なし,ES-000047,該当なし,地球規模,ES-000050-C01,identify,用語の同定,成層圏の上にあり、高度とともに気温が低下する大気の層を何というか。,中間圏,中間圏,成層圏の上にあり、高度とともに気温が低下する大気の層。,熱圏,中間圏では上ほど気温が下がり、熱圏では上ほど上がる。,なし,なし,なし,文部科学省「高等学校学習指導要領解説 理科編 理数編」,https://www.mext.go.jp/content/20250311-mxt_kyoiku02-100002620_05.pdf,中間圏=ちゅうかんけん
地学基礎 Deck1 全範囲最重要骨格,ES-000050,50,Deck1｜全範囲の最重要骨格,地球のすがた,大気の構造,中間圏,ちゅうかんけん,なし,ES-000047,該当なし,地球規模,ES-000050-C02,relation,流星との関係,流星の多くが発光して消滅するのは、主にどの大気層か。,中間圏,中間圏,流星体は高度約80〜100 km付近で大気と相互作用して発光することが多い。,熱圏,中間圏では上ほど気温が下がり、熱圏では上ほど上がる。,なし,なし,なし,文部科学省「高等学校学習指導要領解説 理科編 理数編」,https://www.mext.go.jp/content/20250311-mxt_kyoiku02-100002620_05.pdf,中間圏=ちゅうかんけん
地学基礎 Deck1 全範囲最重要骨格,ES-000051,51,Deck1｜全範囲の最重要骨格,地球のすがた,大気の構造,熱圏,ねつけん,なし,ES-000047,該当なし,地球規模,ES-000051-C01,identify,用語の同定,中間圏の上にあり、高度とともに気温が上昇する大気の層を何というか。,熱圏,熱圏,中間圏の上にあり、高度とともに気温が上昇する大気の層。,中間圏,熱圏では上ほど気温が高くなる。,なし,なし,なし,文部科学省「高等学校学習指導要領解説 理科編 理数編」,https://www.mext.go.jp/content/20250311-mxt_kyoiku02-100002620_05.pdf,熱圏=ねつけん
地学基礎 Deck1 全範囲最重要骨格,ES-000051,51,Deck1｜全範囲の最重要骨格,地球のすがた,大気の構造,熱圏,ねつけん,なし,ES-000047,該当なし,地球規模,ES-000051-C02,example,代表現象,熱圏で見られる代表的な発光現象は何か。,オーロラ,オーロラ,太陽風の荷電粒子が上層大気の原子や分子を励起して発光させる。,中間圏,熱圏では上ほど気温が高くなる。,なし,なし,なし,文部科学省「高等学校学習指導要領解説 理科編 理数編」,https://www.mext.go.jp/content/20250311-mxt_kyoiku02-100002620_05.pdf,熱圏=ねつけん
地学基礎 Deck1 全範囲最重要骨格,ES-000052,52,Deck1｜全範囲の最重要骨格,地球のすがた,大気の構造,オゾン層,おぞんそう,なし,ES-000049,該当なし,地球規模,ES-000052-C01,identify,用語の同定,成層圏にあり、太陽からの有害な紫外線の多くを吸収するオゾン濃度の高い領域を何というか。,オゾン層,オゾン層,成層圏にあり、太陽からの有害な紫外線の多くを吸収するオゾン濃度の高い領域。,オゾンホール,オゾン層は成層圏の領域、オゾンホールはそのオゾン量が著しく少ない状態。,なし,なし,なし,気象庁「オゾン層とは」,https://www.jma.go.jp/jma/kishou/know/env/ozonehp/3-10ozone.html,なし
地学基礎 Deck1 全範囲最重要骨格,ES-000052,52,Deck1｜全範囲の最重要骨格,地球のすがた,大気の構造,オゾン層,おぞんそう,なし,ES-000049,該当なし,地球規模,ES-000052-C02,relation,生命保護,オゾン層が地表の生物を守る主な働きは何か。,有害な紫外線を吸収する,有害な紫外線を吸収する,特に生物に有害な短波長側の紫外線を多く吸収する。,オゾンホール,オゾン層は成層圏の領域、オゾンホールはそのオゾン量が著しく少ない状態。,なし,なし,なし,気象庁「オゾン層とは」,https://www.jma.go.jp/jma/kishou/know/env/ozonehp/3-10ozone.html,なし
地学基礎 Deck1 全範囲最重要骨格,ES-000053,53,Deck1｜全範囲の最重要骨格,地球のすがた,地球の熱収支,太陽放射,たいようほうしゃ,短波放射,ES-000047,複数尺度,複数尺度,ES-000053-C01,identify,用語の同定,太陽から地球へ届く、主に可視光線を中心とする電磁波を何というか。,太陽放射,太陽放射｜短波放射,太陽から地球へ届く、主に可視光線を中心とする電磁波。,地球放射,太陽放射は主に短波、地球放射は主に赤外線。,なし,なし,なし,文部科学省「高等学校学習指導要領解説 理科編 理数編」,https://www.mext.go.jp/content/20250311-mxt_kyoiku02-100002620_05.pdf,なし
地学基礎 Deck1 全範囲最重要骨格,ES-000053,53,Deck1｜全範囲の最重要骨格,地球のすがた,地球の熱収支,太陽放射,たいようほうしゃ,短波放射,ES-000047,複数尺度,複数尺度,ES-000053-C02,comparison,波長帯,太陽放射は、地球放射と比べて主に長波長か短波長か。,短波長,短波長｜短波放射,高温の太陽は主に可視光を中心とする短波放射を出す。,地球放射,地球放射は主に長波の赤外線。,なし,なし,なし,文部科学省「高等学校学習指導要領解説 理科編 理数編」,https://www.mext.go.jp/content/20250311-mxt_kyoiku02-100002620_05.pdf,なし
地学基礎 Deck1 全範囲最重要骨格,ES-000054,54,Deck1｜全範囲の最重要骨格,地球のすがた,地球の熱収支,地球放射,ちきゅうほうしゃ,長波放射,ES-000053,複数尺度,地球規模,ES-000054-C01,identify,用語の同定,地表や大気が宇宙へ放出する、主に赤外線の電磁波を何というか。,地球放射,地球放射｜長波放射,地表や大気が宇宙へ放出する、主に赤外線の電磁波。,太陽放射,地球放射は地球が放つ主に長波の赤外線。,なし,なし,なし,文部科学省「高等学校学習指導要領解説 理科編 理数編」,https://www.mext.go.jp/content/20250311-mxt_kyoiku02-100002620_05.pdf,なし
地学基礎 Deck1 全範囲最重要骨格,ES-000054,54,Deck1｜全範囲の最重要骨格,地球のすがた,地球の熱収支,地球放射,ちきゅうほうしゃ,長波放射,ES-000053,複数尺度,地球規模,ES-000054-C02,comparison,波長帯,地球放射は、太陽放射と比べて主に長波長か短波長か。,長波長,長波長｜長波放射｜赤外線,低温の地球は主に赤外線として長波放射を出す。,太陽放射,太陽放射は主に短波。,なし,なし,なし,文部科学省「高等学校学習指導要領解説 理科編 理数編」,https://www.mext.go.jp/content/20250311-mxt_kyoiku02-100002620_05.pdf,なし
地学基礎 Deck1 全範囲最重要骨格,ES-000055,55,Deck1｜全範囲の最重要骨格,地球のすがた,地球の熱収支,地球の熱収支,ちきゅうのねつしゅうし,なし,ES-000053｜ES-000054,複数尺度,地球規模,ES-000055-C01,identify,用語の同定,長期平均で、地球が受け取る太陽放射と宇宙へ出す地球放射がほぼつり合う関係を何というか。,地球の熱収支,地球の熱収支,長期平均で、地球が受け取る太陽放射と宇宙へ出す地球放射がほぼつり合う関係。,なし,なし,受け取る太陽放射量≒放出する地球放射量,なし,なし,文部科学省「高等学校学習指導要領解説 理科編 理数編」,https://www.mext.go.jp/content/20250311-mxt_kyoiku02-100002620_05.pdf,収支=しゅうし
地学基礎 Deck1 全範囲最重要骨格,ES-000055,55,Deck1｜全範囲の最重要骨格,地球のすがた,地球の熱収支,地球の熱収支,ちきゅうのねつしゅうし,なし,ES-000053｜ES-000054,複数尺度,地球規模,ES-000055-C02,relation,緯度差,地球全体の熱収支がつり合っていても、低緯度と高緯度では受熱と放熱の差はどうなるか。,低緯度は熱が余り、高緯度は熱が不足する,低緯度は熱が余り、高緯度は熱が不足する,この差を大気と海洋の循環が低緯度から高緯度へ熱を運んでならす。,なし,なし,なし,なし,なし,文部科学省「高等学校学習指導要領解説 理科編 理数編」,https://www.mext.go.jp/content/20250311-mxt_kyoiku02-100002620_05.pdf,収支=しゅうし
地学基礎 Deck1 全範囲最重要骨格,ES-000056,56,Deck1｜全範囲の最重要骨格,地球のすがた,地球の熱収支,温室効果,おんしつこうか,なし,ES-000054,複数尺度,地球規模,ES-000056-C01,identify,用語の同定,大気中の温室効果ガスが地球放射を吸収・再放射し、地表付近を暖める作用を何というか。,温室効果,温室効果,大気中の温室効果ガスが地球放射を吸収・再放射し、地表付近を暖める作用。,地球温暖化,温室効果は自然にも存在し、地球温暖化は平均気温の長期的上昇。,なし,なし,なし,文部科学省「高等学校学習指導要領解説 理科編 理数編」,https://www.mext.go.jp/content/20250311-mxt_kyoiku02-100002620_05.pdf,なし
地学基礎 Deck1 全範囲最重要骨格,ES-000056,56,Deck1｜全範囲の最重要骨格,地球のすがた,地球の熱収支,温室効果,おんしつこうか,なし,ES-000054,複数尺度,地球規模,ES-000056-C02,relation,自然の役割,自然の温室効果がまったくなければ、地表付近の平均気温は現在よりどうなるか。,大幅に低くなる,大幅に低くなる,自然の温室効果は地球を生命が暮らしやすい温度に保つ重要な働きもある。,地球温暖化,温室効果は自然にも存在し、地球温暖化は平均気温の長期的上昇。,なし,なし,なし,文部科学省「高等学校学習指導要領解説 理科編 理数編」,https://www.mext.go.jp/content/20250311-mxt_kyoiku02-100002620_05.pdf,なし
地学基礎 Deck1 全範囲最重要骨格,ES-000057,57,Deck1｜全範囲の最重要骨格,地球のすがた,大気の運動,大気の大循環,たいきのだいじゅんかん,なし,ES-000055,複数尺度,地球規模,ES-000057-C01,identify,用語の同定,緯度による受熱差をならすように、地球規模で起こる大気の循環を何というか。,大気の大循環,大気の大循環,緯度による受熱差をならすように、地球規模で起こる大気の循環。,なし,なし,なし,なし,なし,文部科学省「高等学校学習指導要領解説 理科編 理数編」,https://www.mext.go.jp/content/20250311-mxt_kyoiku02-100002620_05.pdf,循環=じゅんかん
地学基礎 Deck1 全範囲最重要骨格,ES-000057,57,Deck1｜全範囲の最重要骨格,地球のすがた,大気の運動,大気の大循環,たいきのだいじゅんかん,なし,ES-000055,複数尺度,地球規模,ES-000057-C02,structure,三つの循環,各半球の大気大循環を低緯度から高緯度へ三つ答えよ。,ハドレー循環→フェレル循環→極循環,ハドレー循環→フェレル循環→極循環｜ハドレー循環、フェレル循環、極循環,低緯度・中緯度・高緯度に対応する三つの循環セルとして整理する。,なし,なし,なし,なし,低緯度からハ・フェ・極,文部科学省「高等学校学習指導要領解説 理科編 理数編」,https://www.mext.go.jp/content/20250311-mxt_kyoiku02-100002620_05.pdf,循環=じゅんかん
地学基礎 Deck1 全範囲最重要骨格,ES-000058,58,Deck1｜全範囲の最重要骨格,地球のすがた,大気の運動,ハドレー循環,はどれーじゅんかん,なし,ES-000057,複数尺度,地球規模,ES-000058-C01,identify,用語の同定,赤道付近で上昇し、亜熱帯で下降する低緯度の大気循環を何というか。,ハドレー循環,ハドレー循環,赤道付近で上昇し、亜熱帯で下降する低緯度の大気循環。,フェレル循環,ハドレー循環は主に赤道から緯度30度付近。,なし,なし,なし,文部科学省「高等学校学習指導要領解説 理科編 理数編」,https://www.mext.go.jp/content/20250311-mxt_kyoiku02-100002620_05.pdf,なし
地学基礎 Deck1 全範囲最重要骨格,ES-000058,58,Deck1｜全範囲の最重要骨格,地球のすがた,大気の運動,ハドレー循環,はどれーじゅんかん,なし,ES-000057,複数尺度,地球規模,ES-000058-C02,location,緯度帯,ハドレー循環は主に赤道から緯度何度付近までに見られるか。,約30度,約30度｜30度付近,赤道付近で上昇し、南北緯30度付近で下降する。,フェレル循環,ハドレー循環は主に赤道から緯度30度付近。,なし,度,なし,文部科学省「高等学校学習指導要領解説 理科編 理数編」,https://www.mext.go.jp/content/20250311-mxt_kyoiku02-100002620_05.pdf,なし
地学基礎 Deck1 全範囲最重要骨格,ES-000059,59,Deck1｜全範囲の最重要骨格,地球のすがた,大気の運動,貿易風,ぼうえきふう,なし,ES-000058,複数尺度,地球規模,ES-000059-C01,identify,用語の同定,亜熱帯高圧帯から赤道低圧帯へ向かって吹く低緯度の東寄りの風を何というか。,貿易風,貿易風,亜熱帯高圧帯から赤道低圧帯へ向かって吹く低緯度の東寄りの風。,偏西風,貿易風は東寄り、偏西風は西寄り。,なし,なし,なし,文部科学省「高等学校学習指導要領解説 理科編 理数編」,https://www.mext.go.jp/content/20250311-mxt_kyoiku02-100002620_05.pdf,なし
地学基礎 Deck1 全範囲最重要骨格,ES-000059,59,Deck1｜全範囲の最重要骨格,地球のすがた,大気の運動,貿易風,ぼうえきふう,なし,ES-000058,複数尺度,地球規模,ES-000059-C02,structure,風向,貿易風は北半球と南半球で、それぞれ何風か。,北半球は北東貿易風、南半球は南東貿易風,北半球は北東貿易風、南半球は南東貿易風｜北東貿易風と南東貿易風,コリオリの力により、赤道へ向かう風は両半球で西向き成分をもつ。,偏西風,貿易風は東寄り、偏西風は西寄り。,なし,なし,なし,文部科学省「高等学校学習指導要領解説 理科編 理数編」,https://www.mext.go.jp/content/20250311-mxt_kyoiku02-100002620_05.pdf,なし
地学基礎 Deck1 全範囲最重要骨格,ES-000060,60,Deck1｜全範囲の最重要骨格,地球のすがた,大気の運動,偏西風,へんせいふう,なし,ES-000057,複数尺度,地球規模,ES-000060-C01,identify,用語の同定,中緯度で西から東へ向かって吹く卓越風を何というか。,偏西風,偏西風,中緯度で西から東へ向かって吹く卓越風。,貿易風,偏西風は西寄り、貿易風は東寄り。,なし,なし,なし,文部科学省「高等学校学習指導要領解説 理科編 理数編」,https://www.mext.go.jp/content/20250311-mxt_kyoiku02-100002620_05.pdf,偏西風=へんせいふう
地学基礎 Deck1 全範囲最重要骨格,ES-000060,60,Deck1｜全範囲の最重要骨格,地球のすがた,大気の運動,偏西風,へんせいふう,なし,ES-000057,複数尺度,地球規模,ES-000060-C02,structure,吹く向き,偏西風は概してどちらからどちらへ吹くか。,西から東,西から東｜西→東,中緯度では西寄りの風が卓越し、天気も西から東へ移りやすい。,貿易風,偏西風は西寄り、貿易風は東寄り。,なし,なし,なし,文部科学省「高等学校学習指導要領解説 理科編 理数編」,https://www.mext.go.jp/content/20250311-mxt_kyoiku02-100002620_05.pdf,偏西風=へんせいふう
地学基礎 Deck1 全範囲最重要骨格,ES-000061,61,Deck1｜全範囲の最重要骨格,地球のすがた,大気の運動,コリオリの力,こりおりのちから,転向力,なし,秒〜日,地球規模,ES-000061-C01,identify,用語の同定,自転する地球上で動く物体が、北半球では進行方向の右、南半球では左へ曲げられるように見える力を何というか。,コリオリの力,コリオリの力｜転向力,自転する地球上で動く物体が、北半球では進行方向の右、南半球では左へ曲げられるように見える力。,遠心力,コリオリの力は運動方向を横に曲げる見かけの力。,なし,なし,なし,文部科学省「高等学校学習指導要領解説 理科編 理数編」,https://www.mext.go.jp/content/20250311-mxt_kyoiku02-100002620_05.pdf,なし
地学基礎 Deck1 全範囲最重要骨格,ES-000061,61,Deck1｜全範囲の最重要骨格,地球のすがた,大気の運動,コリオリの力,こりおりのちから,転向力,なし,秒〜日,地球規模,ES-000061-C02,comparison,半球による向き,コリオリの力で、運動する物体は北半球と南半球でそれぞれ進行方向のどちらへ曲げられるか。,北半球は右、南半球は左,北半球は右、南半球は左｜北は右、南は左,赤道ではコリオリの効果は小さく、極に近いほど大きい。,遠心力,コリオリの力は運動方向を横に曲げる見かけの力。,なし,なし,なし,文部科学省「高等学校学習指導要領解説 理科編 理数編」,https://www.mext.go.jp/content/20250311-mxt_kyoiku02-100002620_05.pdf,なし
地学基礎 Deck1 全範囲最重要骨格,ES-000062,62,Deck1｜全範囲の最重要骨格,地球のすがた,海洋の運動,海洋の大循環,かいようのだいじゅんかん,なし,なし,複数尺度,地球規模,ES-000062-C01,identify,用語の同定,海水が表層と深層を含めて地球規模で巡る循環を何というか。,海洋の大循環,海洋の大循環,海水が表層と深層を含めて地球規模で巡る循環。,なし,なし,なし,なし,なし,気象庁「海洋の循環」,https://www.data.jma.go.jp/kaiyou/db/obs/knowledge/circulation.html,循環=じゅんかん
地学基礎 Deck1 全範囲最重要骨格,ES-000062,62,Deck1｜全範囲の最重要骨格,地球のすがた,海洋の運動,海洋の大循環,かいようのだいじゅんかん,なし,なし,複数尺度,地球規模,ES-000062-C02,structure,二大循環,海洋の大循環を、主な駆動要因から大きく二つに分けると何か。,表層循環と深層循環,表層循環と深層循環｜風成循環と熱塩循環,表層は主に風、深層は主に水温・塩分による密度差で動く。,なし,なし,なし,なし,なし,気象庁「海洋の循環」,https://www.data.jma.go.jp/kaiyou/db/obs/knowledge/circulation.html,循環=じゅんかん
地学基礎 Deck1 全範囲最重要骨格,ES-000063,63,Deck1｜全範囲の最重要骨格,地球のすがた,海洋の運動,表層循環,ひょうそうじゅんかん,風成循環,ES-000062,複数尺度,地球規模,ES-000063-C01,identify,用語の同定,主に風によって海洋の表層で起こる大規模な海水の循環を何というか。,表層循環,表層循環｜風成循環,主に風によって海洋の表層で起こる大規模な海水の循環。,深層循環,表層循環は主に風、深層循環は主に密度差で駆動される。,なし,なし,なし,気象庁「海洋の循環」,https://www.data.jma.go.jp/kaiyou/db/obs/knowledge/circulation.html,なし
地学基礎 Deck1 全範囲最重要骨格,ES-000063,63,Deck1｜全範囲の最重要骨格,地球のすがた,海洋の運動,表層循環,ひょうそうじゅんかん,風成循環,ES-000062,複数尺度,地球規模,ES-000063-C02,relation,主な駆動力,表層循環を主に動かすものは何か。,風,風｜卓越風,貿易風や偏西風が海面に力を加え、大洋規模の循環をつくる。,深層循環,表層循環は主に風、深層循環は主に密度差で駆動される。,なし,なし,なし,気象庁「海洋の循環」,https://www.data.jma.go.jp/kaiyou/db/obs/knowledge/circulation.html,なし
地学基礎 Deck1 全範囲最重要骨格,ES-000064,64,Deck1｜全範囲の最重要骨格,地球のすがた,海洋の運動,深層循環,しんそうじゅんかん,熱塩循環,ES-000062,数十〜数千年,地球規模,ES-000064-C01,identify,用語の同定,水温と塩分による海水の密度差で起こる、深海を含む海水の循環を何というか。,深層循環,深層循環｜熱塩循環,水温と塩分による海水の密度差で起こる、深海を含む海水の循環。,表層循環,深層循環は主に海水の密度差で駆動される。,なし,なし,なし,気象庁「海洋の循環」,https://www.data.jma.go.jp/kaiyou/db/obs/knowledge/circulation.html,なし
地学基礎 Deck1 全範囲最重要骨格,ES-000064,64,Deck1｜全範囲の最重要骨格,地球のすがた,海洋の運動,深層循環,しんそうじゅんかん,熱塩循環,ES-000062,数十〜数千年,地球規模,ES-000064-C02,relation,主な駆動力,深層循環を主に動かす海水の性質は何か。,水温と塩分による密度差,水温と塩分による密度差｜海水の密度差,低温・高塩分の海水ほど密度が大きくなり、沈み込みやすい。,表層循環,深層循環は主に海水の密度差で駆動される。,なし,なし,なし,気象庁「海洋の循環」,https://www.data.jma.go.jp/kaiyou/db/obs/knowledge/circulation.html,なし
地学基礎 Deck1 全範囲最重要骨格,ES-000065,65,Deck1｜全範囲の最重要骨格,地球のすがた,海洋の運動,暖流,だんりゅう,なし,ES-000062,複数尺度,地球規模,ES-000065-C01,identify,用語の同定,低緯度側から高緯度側へ比較的暖かい海水を運ぶ海流を何というか。,暖流,暖流,低緯度側から高緯度側へ比較的暖かい海水を運ぶ海流。,寒流,暖流は周囲より暖かい海水を運ぶ。,なし,なし,なし,気象庁「海洋の健康診断表 用語解説」,https://www.data.jma.go.jp/kaiyou/shindan/etc/expshindan.html,なし
地学基礎 Deck1 全範囲最重要骨格,ES-000065,65,Deck1｜全範囲の最重要骨格,地球のすがた,海洋の運動,暖流,だんりゅう,なし,ES-000062,複数尺度,地球規模,ES-000065-C02,example,日本の代表例,日本付近を流れる代表的な暖流を一つ答えよ。,黒潮,黒潮｜日本海流｜対馬暖流,黒潮は日本の南岸を流れる強い暖流である。,寒流,暖流は周囲より暖かい海水を運ぶ。,なし,なし,なし,気象庁「海洋の健康診断表 用語解説」,https://www.data.jma.go.jp/kaiyou/shindan/etc/expshindan.html,なし
地学基礎 Deck1 全範囲最重要骨格,ES-000066,66,Deck1｜全範囲の最重要骨格,地球のすがた,海洋の運動,寒流,かんりゅう,なし,ES-000062,複数尺度,地球規模,ES-000066-C01,identify,用語の同定,高緯度側から低緯度側へ比較的冷たい海水を運ぶ海流を何というか。,寒流,寒流,高緯度側から低緯度側へ比較的冷たい海水を運ぶ海流。,暖流,寒流は周囲より冷たい海水を運ぶ。,なし,なし,なし,気象庁「海洋の健康診断表 用語解説」,https://www.data.jma.go.jp/kaiyou/shindan/etc/expshindan.html,なし
地学基礎 Deck1 全範囲最重要骨格,ES-000066,66,Deck1｜全範囲の最重要骨格,地球のすがた,海洋の運動,寒流,かんりゅう,なし,ES-000062,複数尺度,地球規模,ES-000066-C02,example,日本の代表例,日本付近を流れる代表的な寒流を一つ答えよ。,親潮,親潮｜千島海流,親潮は北海道・東北沖へ南下する寒流である。,暖流,寒流は周囲より冷たい海水を運ぶ。,なし,なし,なし,気象庁「海洋の健康診断表 用語解説」,https://www.data.jma.go.jp/kaiyou/shindan/etc/expshindan.html,なし
地学基礎 Deck1 全範囲最重要骨格,ES-000067,67,Deck1｜全範囲の最重要骨格,地球のすがた,日本周辺の海流,黒潮,くろしお,日本海流,ES-000065,複数尺度,日本列島,ES-000067-C01,identify,用語の同定,日本の南岸に沿って北東へ流れる、強い暖流を何というか。,黒潮,黒潮｜日本海流,日本の南岸に沿って北東へ流れる、強い暖流。,親潮,黒潮は暖流、親潮は寒流。,なし,なし,なし,気象庁「海洋の健康診断表 用語解説」,https://www.data.jma.go.jp/kaiyou/shindan/etc/expshindan.html,なし
地学基礎 Deck1 全範囲最重要骨格,ES-000067,67,Deck1｜全範囲の最重要骨格,地球のすがた,日本周辺の海流,黒潮,くろしお,日本海流,ES-000065,複数尺度,日本列島,ES-000067-C02,location,流れる方向,黒潮は日本の南岸に沿って、概してどちらへ流れるか。,北東,北東｜北東方向,黒潮はフィリピン東方から台湾・南西諸島を経て日本南岸へ向かう。,親潮,黒潮は暖流、親潮は寒流。,なし,なし,なし,気象庁「海洋の健康診断表 用語解説」,https://www.data.jma.go.jp/kaiyou/shindan/etc/expshindan.html,なし
地学基礎 Deck1 全範囲最重要骨格,ES-000068,68,Deck1｜全範囲の最重要骨格,地球のすがた,日本周辺の海流,親潮,おやしお,千島海流,ES-000066,複数尺度,日本列島,ES-000068-C01,identify,用語の同定,千島列島から北海道・東北沖へ南下する寒流を何というか。,親潮,親潮｜千島海流,千島列島から北海道・東北沖へ南下する寒流。,黒潮,親潮は寒流、黒潮は暖流。,なし,なし,なし,気象庁「親潮の知識」,https://www.data.jma.go.jp/kaiyou/data/db/hakodate/knowledge/oyashio.html,なし
地学基礎 Deck1 全範囲最重要骨格,ES-000068,68,Deck1｜全範囲の最重要骨格,地球のすがた,日本周辺の海流,親潮,おやしお,千島海流,ES-000066,複数尺度,日本列島,ES-000068-C02,location,流れる方向,親潮は千島列島方面から北海道・東北沖へ、概してどちらへ流れるか。,南西から南,南西から南｜南下する,親潮は低温で栄養塩に富む海水を運ぶ。,黒潮,親潮は寒流、黒潮は暖流。,なし,なし,なし,気象庁「親潮の知識」,https://www.data.jma.go.jp/kaiyou/data/db/hakodate/knowledge/oyashio.html,なし
地学基礎 Deck1 全範囲最重要骨格,ES-000069,69,Deck1｜全範囲の最重要骨格,変動する地球,宇宙の進化,ビッグバン,びっぐばん,なし,なし,万〜億年,宇宙,ES-000069-C01,identify,用語の同定,約138億年前、宇宙が非常に高温・高密度の状態から膨張し始めた出来事を何というか。,ビッグバン,ビッグバン,約138億年前、宇宙が非常に高温・高密度の状態から膨張し始めた出来事。,宇宙の晴れ上がり,ビッグバンは膨張の始まり、晴れ上がりは約38万年後に光が直進しやすくなった時期。,なし,なし,なし,文部科学省「高等学校学習指導要領解説 理科編 理数編」,https://www.mext.go.jp/content/20250311-mxt_kyoiku02-100002620_05.pdf,なし
地学基礎 Deck1 全範囲最重要骨格,ES-000069,69,Deck1｜全範囲の最重要骨格,変動する地球,宇宙の進化,ビッグバン,びっぐばん,なし,なし,万〜億年,宇宙,ES-000069-C02,structure,初期宇宙の元素,ビッグバン後の初期宇宙で主にできた二つの元素は何か。,水素とヘリウム,水素とヘリウム｜水素・ヘリウム,より重い元素の多くは、その後に恒星内部などでつくられた。,宇宙の晴れ上がり,ビッグバンは膨張の始まり、晴れ上がりは約38万年後に光が直進しやすくなった時期。,なし,なし,なし,文部科学省「高等学校学習指導要領解説 理科編 理数編」,https://www.mext.go.jp/content/20250311-mxt_kyoiku02-100002620_05.pdf,なし
地学基礎 Deck1 全範囲最重要骨格,ES-000070,70,Deck1｜全範囲の最重要骨格,変動する地球,宇宙の進化,宇宙の年齢,うちゅうのねんれい,なし,ES-000069,万〜億年,宇宙,ES-000070-C01,scale,宇宙の時間尺度,宇宙の年齢は約何億年か。,約138億年,約138億年｜138億年,宇宙は約138億年前に高温・高密度の状態から膨張を始めた。,なし,なし,なし,億年,なし,大学入試センター「令和8年度大学入学共通テスト 地学基礎」,https://www.dnc.ac.jp/albums/abm.php?d=2144&f=abm00017561.pdf&n=2026_ol_22_chigakukiso.pdf,なし
地学基礎 Deck1 全範囲最重要骨格,ES-000071,71,Deck1｜全範囲の最重要骨格,変動する地球,宇宙の進化,宇宙の膨張,うちゅうのぼうちょう,なし,ES-000069,万〜億年,宇宙,ES-000071-C01,identify,用語の同定,銀河どうしの平均的な距離が時間とともに大きくなる宇宙全体の変化を何というか。,宇宙の膨張,宇宙の膨張,銀河どうしの平均的な距離が時間とともに大きくなる宇宙全体の変化。,銀河の固有運動,宇宙膨張は空間全体の尺度が増大する現象。,なし,なし,なし,文部科学省「高等学校学習指導要領解説 理科編 理数編」,https://www.mext.go.jp/content/20250311-mxt_kyoiku02-100002620_05.pdf,なし
地学基礎 Deck1 全範囲最重要骨格,ES-000071,71,Deck1｜全範囲の最重要骨格,変動する地球,宇宙の進化,宇宙の膨張,うちゅうのぼうちょう,なし,ES-000069,万〜億年,宇宙,ES-000071-C02,relation,観測的証拠,遠方の銀河ほど、光のスペクトルが長波長側へずれる傾向を何というか。,赤方偏移,赤方偏移,銀河の赤方偏移は、宇宙が膨張している重要な観測証拠である。,銀河の固有運動,宇宙膨張は空間全体の尺度が増大する現象。,なし,なし,なし,文部科学省「高等学校学習指導要領解説 理科編 理数編」,https://www.mext.go.jp/content/20250311-mxt_kyoiku02-100002620_05.pdf,なし
地学基礎 Deck1 全範囲最重要骨格,ES-000072,72,Deck1｜全範囲の最重要骨格,変動する地球,宇宙の進化,宇宙の晴れ上がり,うちゅうのはれあがり,再結合期,ES-000069,万〜億年,宇宙,ES-000072-C01,identify,用語の同定,宇宙誕生約38万年後、電子と原子核が結びついて光が遠くまで進めるようになった時期を何というか。,宇宙の晴れ上がり,宇宙の晴れ上がり｜再結合期,宇宙誕生約38万年後、電子と原子核が結びついて光が遠くまで進めるようになった時期。,ビッグバン,宇宙の晴れ上がりはビッグバン直後ではなく約38万年後。,なし,なし,なし,文部科学省「高等学校学習指導要領解説 理科編 理数編」,https://www.mext.go.jp/content/20250311-mxt_kyoiku02-100002620_05.pdf,なし
地学基礎 Deck1 全範囲最重要骨格,ES-000072,72,Deck1｜全範囲の最重要骨格,変動する地球,宇宙の進化,宇宙の晴れ上がり,うちゅうのはれあがり,再結合期,ES-000069,万〜億年,宇宙,ES-000072-C02,scale,起こった時期,宇宙の晴れ上がりは、ビッグバンのおよそ何年後に起こったか。,約38万年後,約38万年後｜38万年後,原子が形成され、光が物質に散乱されにくくなった。,ビッグバン,宇宙の晴れ上がりはビッグバン直後ではなく約38万年後。,なし,年,なし,文部科学省「高等学校学習指導要領解説 理科編 理数編」,https://www.mext.go.jp/content/20250311-mxt_kyoiku02-100002620_05.pdf,なし
地学基礎 Deck1 全範囲最重要骨格,ES-000073,73,Deck1｜全範囲の最重要骨格,変動する地球,太陽系の形成,原始太陽系円盤,げんしたいようけいえんばん,原始惑星系円盤,なし,万〜億年,太陽系,ES-000073-C01,identify,用語の同定,若い太陽の周囲に形成され、惑星の材料となったガスとちりの円盤を何というか。,原始太陽系円盤,原始太陽系円盤｜原始惑星系円盤,若い太陽の周囲に形成され、惑星の材料となったガスとちりの円盤。,なし,なし,なし,なし,なし,文部科学省「高等学校学習指導要領解説 理科編 理数編」,https://www.mext.go.jp/content/20250311-mxt_kyoiku02-100002620_05.pdf,円盤=えんばん
地学基礎 Deck1 全範囲最重要骨格,ES-000073,73,Deck1｜全範囲の最重要骨格,変動する地球,太陽系の形成,原始太陽系円盤,げんしたいようけいえんばん,原始惑星系円盤,なし,万〜億年,太陽系,ES-000073-C02,sequence,形成順序,原始太陽系円盤から惑星ができる基本順序を、ちりの集積後から答えよ。,微惑星→原始惑星→惑星,微惑星→原始惑星→惑星｜微惑星、原始惑星、惑星,小さな固体粒子が集まり、衝突・合体を繰り返して成長する。,なし,なし,なし,なし,なし,文部科学省「高等学校学習指導要領解説 理科編 理数編」,https://www.mext.go.jp/content/20250311-mxt_kyoiku02-100002620_05.pdf,円盤=えんばん
地学基礎 Deck1 全範囲最重要骨格,ES-000074,74,Deck1｜全範囲の最重要骨格,変動する地球,太陽系の形成,太陽系,たいようけい,なし,ES-000073,万〜億年,太陽系,ES-000074-C01,identify,用語の同定,太陽と、その重力に支配されて公転する惑星・衛星・小天体などの集まりを何というか。,太陽系,太陽系,太陽と、その重力に支配されて公転する惑星・衛星・小天体などの集まり。,なし,なし,なし,なし,なし,文部科学省「高等学校学習指導要領解説 理科編 理数編」,https://www.mext.go.jp/content/20250311-mxt_kyoiku02-100002620_05.pdf,なし
地学基礎 Deck1 全範囲最重要骨格,ES-000074,74,Deck1｜全範囲の最重要骨格,変動する地球,太陽系の形成,太陽系,たいようけい,なし,ES-000073,万〜億年,太陽系,ES-000074-C02,structure,主要構成,太陽系を構成する中心天体と、その周囲を公転する主要天体は何か。,太陽と惑星,太陽と惑星｜太陽・惑星,このほか衛星、小惑星、彗星、太陽系外縁天体なども含む。,なし,なし,なし,なし,なし,文部科学省「高等学校学習指導要領解説 理科編 理数編」,https://www.mext.go.jp/content/20250311-mxt_kyoiku02-100002620_05.pdf,なし
地学基礎 Deck1 全範囲最重要骨格,ES-000075,75,Deck1｜全範囲の最重要骨格,変動する地球,太陽,太陽,たいよう,なし,ES-000074,万〜億年,太陽系,ES-000075-C01,identify,用語の同定,太陽系の中心にあり、自ら光と熱を放つ恒星を何というか。,太陽,太陽,太陽系の中心にあり、自ら光と熱を放つ恒星。,惑星,太陽は核融合で自ら輝く恒星、惑星は恒星の周りを公転する。,なし,なし,なし,文部科学省「高等学校学習指導要領解説 理科編 理数編」,https://www.mext.go.jp/content/20250311-mxt_kyoiku02-100002620_05.pdf,なし
地学基礎 Deck1 全範囲最重要骨格,ES-000075,75,Deck1｜全範囲の最重要骨格,変動する地球,太陽,太陽,たいよう,なし,ES-000074,万〜億年,太陽系,ES-000075-C02,definition,天体分類,太陽は天体の分類では何か。,恒星,恒星,中心部の核融合で自ら光と熱を放つため、恒星に分類される。,惑星,太陽は恒星で、地球は惑星。,なし,なし,なし,文部科学省「高等学校学習指導要領解説 理科編 理数編」,https://www.mext.go.jp/content/20250311-mxt_kyoiku02-100002620_05.pdf,なし
地学基礎 Deck1 全範囲最重要骨格,ES-000076,76,Deck1｜全範囲の最重要骨格,変動する地球,太陽,核融合,かくゆうごう,なし,ES-000075,万〜億年,太陽系,ES-000076-C01,identify,用語の同定,軽い原子核どうしが結びついてより重い原子核となり、大きなエネルギーを放出する反応を何というか。,核融合,核融合,軽い原子核どうしが結びついてより重い原子核となり、大きなエネルギーを放出する反応。,核分裂,核融合は軽い原子核が結合し、核分裂は重い原子核が分かれる。,なし,なし,なし,大学入試センター「令和8年度大学入学共通テスト 地学基礎」,https://www.dnc.ac.jp/albums/abm.php?d=2144&f=abm00017561.pdf&n=2026_ol_22_chigakukiso.pdf,なし
地学基礎 Deck1 全範囲最重要骨格,ES-000076,76,Deck1｜全範囲の最重要骨格,変動する地球,太陽,核融合,かくゆうごう,なし,ES-000075,万〜億年,太陽系,ES-000076-C02,relation,太陽の反応,現在の太陽中心部では、主に何が何へ変わる核融合が起きているか。,水素がヘリウムへ変わる,水素がヘリウムへ変わる｜水素→ヘリウム,反応で失われたわずかな質量がエネルギーへ変換される。,核分裂,核融合は軽い原子核が結合し、核分裂は重い原子核が分かれる。,なし,なし,なし,大学入試センター「令和8年度大学入学共通テスト 地学基礎」,https://www.dnc.ac.jp/albums/abm.php?d=2144&f=abm00017561.pdf&n=2026_ol_22_chigakukiso.pdf,なし
地学基礎 Deck1 全範囲最重要骨格,ES-000077,77,Deck1｜全範囲の最重要骨格,変動する地球,地球の形成,地球の誕生,ちきゅうのたんじょう,なし,ES-000073,万〜億年,太陽系,ES-000077-C01,identify,用語の同定,原始太陽系円盤内の微惑星などが衝突・集積して原始地球が形成された出来事を何というか。,地球の誕生,地球の誕生,原始太陽系円盤内の微惑星などが衝突・集積して原始地球が形成された出来事。,なし,なし,なし,なし,なし,文部科学省「高等学校学習指導要領解説 理科編 理数編」,https://www.mext.go.jp/content/20250311-mxt_kyoiku02-100002620_05.pdf,なし
地学基礎 Deck1 全範囲最重要骨格,ES-000077,77,Deck1｜全範囲の最重要骨格,変動する地球,地球の形成,地球の誕生,ちきゅうのたんじょう,なし,ES-000073,万〜億年,太陽系,ES-000077-C02,sequence,形成過程,地球が形成された基本過程を短く答えよ。,微惑星の衝突・集積,微惑星の衝突・集積｜微惑星が衝突・合体して集積した,衝突エネルギーや放射性元素の熱で原始地球は高温になった。,なし,なし,なし,なし,なし,文部科学省「高等学校学習指導要領解説 理科編 理数編」,https://www.mext.go.jp/content/20250311-mxt_kyoiku02-100002620_05.pdf,なし
地学基礎 Deck1 全範囲最重要骨格,ES-000078,78,Deck1｜全範囲の最重要骨格,変動する地球,地球の形成,地球の年齢,ちきゅうのねんれい,なし,ES-000077,万〜億年,太陽系,ES-000078-C01,scale,地球の時間尺度,地球の年齢は約何億年か。,約46億年,約46億年｜46億年,地球は太陽系の形成過程で約46億年前に誕生した。,なし,なし,なし,億年,なし,大学入試センター「令和8年度大学入学共通テスト 地学基礎」,https://www.dnc.ac.jp/albums/abm.php?d=2144&f=abm00017561.pdf&n=2026_ol_22_chigakukiso.pdf,なし
地学基礎 Deck1 全範囲最重要骨格,ES-000079,79,Deck1｜全範囲の最重要骨格,変動する地球,地球の形成,原始大気,げんしたいき,なし,ES-000077,万〜億年,地球規模,ES-000079-C01,identify,用語の同定,形成初期の地球を取り巻いていた、現在とは組成の大きく異なる大気を何というか。,原始大気,原始大気,形成初期の地球を取り巻いていた、現在とは組成の大きく異なる大気。,現在の大気,原始大気には現在のような豊富な酸素はなかった。,なし,なし,なし,文部科学省「高等学校学習指導要領解説 理科編 理数編」,https://www.mext.go.jp/content/20250311-mxt_kyoiku02-100002620_05.pdf,なし
地学基礎 Deck1 全範囲最重要骨格,ES-000079,79,Deck1｜全範囲の最重要骨格,変動する地球,地球の形成,原始大気,げんしたいき,なし,ES-000077,万〜億年,地球規模,ES-000079-C02,comparison,酸素量,原始大気には、現在の大気のように遊離酸素が多く含まれていたか。,ほとんど含まれていなかった,ほとんど含まれていなかった｜少なかった,大気中の酸素は、後に光合成生物の活動で増加した。,現在の大気,原始大気には現在のような豊富な酸素はなかった。,なし,なし,なし,文部科学省「高等学校学習指導要領解説 理科編 理数編」,https://www.mext.go.jp/content/20250311-mxt_kyoiku02-100002620_05.pdf,なし
地学基礎 Deck1 全範囲最重要骨格,ES-000080,80,Deck1｜全範囲の最重要骨格,変動する地球,地球の形成,海洋の形成,かいようのけいせい,なし,ES-000079,万〜億年,地球規模,ES-000080-C01,identify,用語の同定,地球が冷えるにつれて水蒸気が凝結し、降雨がたまって海ができた過程を何というか。,海洋の形成,海洋の形成,地球が冷えるにつれて水蒸気が凝結し、降雨がたまって海ができた過程。,なし,なし,なし,なし,なし,文部科学省「高等学校学習指導要領解説 理科編 理数編」,https://www.mext.go.jp/content/20250311-mxt_kyoiku02-100002620_05.pdf,なし
地学基礎 Deck1 全範囲最重要骨格,ES-000080,80,Deck1｜全範囲の最重要骨格,変動する地球,地球の形成,海洋の形成,かいようのけいせい,なし,ES-000079,万〜億年,地球規模,ES-000080-C02,sequence,形成条件,原始地球で海洋が形成されるために、まず地表環境はどう変化したか。,地球が冷えた,地球が冷えた｜地表温度が低下した,冷却によって大気中の水蒸気が凝結し、雨となって地表にたまった。,なし,なし,なし,なし,なし,文部科学省「高等学校学習指導要領解説 理科編 理数編」,https://www.mext.go.jp/content/20250311-mxt_kyoiku02-100002620_05.pdf,なし
地学基礎 Deck1 全範囲最重要骨格,ES-000081,81,Deck1｜全範囲の最重要骨格,変動する地球,地質時代,地質時代,ちしつじだい,なし,なし,万〜億年,地球規模,ES-000081-C01,identify,用語の同定,地層や化石などを基に区分した地球の歴史の時代を何というか。,地質時代,地質時代,地層や化石などを基に区分した地球の歴史の時代。,なし,なし,なし,なし,なし,文部科学省「高等学校学習指導要領解説 理科編 理数編」,https://www.mext.go.jp/content/20250311-mxt_kyoiku02-100002620_05.pdf,地質=ちしつ
地学基礎 Deck1 全範囲最重要骨格,ES-000081,81,Deck1｜全範囲の最重要骨格,変動する地球,地質時代,地質時代,ちしつじだい,なし,なし,万〜億年,地球規模,ES-000081-C02,sequence,大区分の順序,先カンブリア時代の後を、古い順に三つの地質時代で答えよ。,古生代→中生代→新生代,古生代→中生代→新生代｜古生代、中生代、新生代,地球史の大きな骨格は、先カンブリア時代、古生代、中生代、新生代の順。,なし,なし,なし,なし,先・古・中・新,文部科学省「高等学校学習指導要領解説 理科編 理数編」,https://www.mext.go.jp/content/20250311-mxt_kyoiku02-100002620_05.pdf,地質=ちしつ
地学基礎 Deck1 全範囲最重要骨格,ES-000082,82,Deck1｜全範囲の最重要骨格,変動する地球,地質時代,先カンブリア時代,せんかんぶりあじだい,なし,ES-000081,万〜億年,地球規模,ES-000082-C01,identify,用語の同定,地球誕生からカンブリア紀の始まりまでの、地球史の大部分を占める時代を何というか。,先カンブリア時代,先カンブリア時代,地球誕生からカンブリア紀の始まりまでの、地球史の大部分を占める時代。,古生代,先カンブリア時代は古生代より前。,なし,なし,なし,文部科学省「高等学校学習指導要領解説 理科編 理数編」,https://www.mext.go.jp/content/20250311-mxt_kyoiku02-100002620_05.pdf,なし
地学基礎 Deck1 全範囲最重要骨格,ES-000082,82,Deck1｜全範囲の最重要骨格,変動する地球,地質時代,先カンブリア時代,せんかんぶりあじだい,なし,ES-000081,万〜億年,地球規模,ES-000082-C02,scale,地球史に占める割合,先カンブリア時代は、地球史の長さの大部分を占めるか。,占める,占める｜地球史の約9割を占める,地球誕生から約5.4億年前まで続き、地球史の約9割に相当する。,古生代,先カンブリア時代は古生代より前。,なし,なし,なし,文部科学省「高等学校学習指導要領解説 理科編 理数編」,https://www.mext.go.jp/content/20250311-mxt_kyoiku02-100002620_05.pdf,なし
地学基礎 Deck1 全範囲最重要骨格,ES-000083,83,Deck1｜全範囲の最重要骨格,変動する地球,地質時代,古生代,こせいだい,なし,ES-000081,万〜億年,地球規模,ES-000083-C01,identify,用語の同定,カンブリア紀からペルム紀までを含む地質時代を何というか。,古生代,古生代,カンブリア紀からペルム紀までを含む地質時代。,中生代,古生代は中生代より古く、末に大規模な大量絶滅が起きた。,なし,なし,なし,文部科学省「高等学校学習指導要領解説 理科編 理数編」,https://www.mext.go.jp/content/20250311-mxt_kyoiku02-100002620_05.pdf,なし
地学基礎 Deck1 全範囲最重要骨格,ES-000083,83,Deck1｜全範囲の最重要骨格,変動する地球,地質時代,古生代,こせいだい,なし,ES-000081,万〜億年,地球規模,ES-000083-C02,sequence,紀の順序,古生代の六つの紀を古い順に答えよ。,カンブリア紀→オルドビス紀→シルル紀→デボン紀→石炭紀→ペルム紀,カンブリア紀→オルドビス紀→シルル紀→デボン紀→石炭紀→ペルム紀,古生代はこの六つの紀からなる。,中生代,古生代は中生代より古く、末に大規模な大量絶滅が起きた。,なし,なし,カ・オ・シ・デ・石・ペ,文部科学省「高等学校学習指導要領解説 理科編 理数編」,https://www.mext.go.jp/content/20250311-mxt_kyoiku02-100002620_05.pdf,なし
地学基礎 Deck1 全範囲最重要骨格,ES-000084,84,Deck1｜全範囲の最重要骨格,変動する地球,地質時代,中生代,ちゅうせいだい,なし,ES-000081,万〜億年,地球規模,ES-000084-C01,identify,用語の同定,三畳紀・ジュラ紀・白亜紀を含む地質時代を何というか。,中生代,中生代,三畳紀・ジュラ紀・白亜紀を含む地質時代。,新生代,中生代は恐竜が繁栄した時代で、白亜紀末に終わる。,なし,なし,なし,文部科学省「高等学校学習指導要領解説 理科編 理数編」,https://www.mext.go.jp/content/20250311-mxt_kyoiku02-100002620_05.pdf,なし
地学基礎 Deck1 全範囲最重要骨格,ES-000084,84,Deck1｜全範囲の最重要骨格,変動する地球,地質時代,中生代,ちゅうせいだい,なし,ES-000081,万〜億年,地球規模,ES-000084-C02,sequence,紀の順序,中生代の三つの紀を古い順に答えよ。,三畳紀→ジュラ紀→白亜紀,三畳紀→ジュラ紀→白亜紀｜三畳紀、ジュラ紀、白亜紀,中生代は三畳紀、ジュラ紀、白亜紀の順。,新生代,中生代は恐竜が繁栄した時代で、白亜紀末に終わる。,なし,なし,三・ジュ・白,文部科学省「高等学校学習指導要領解説 理科編 理数編」,https://www.mext.go.jp/content/20250311-mxt_kyoiku02-100002620_05.pdf,なし
地学基礎 Deck1 全範囲最重要骨格,ES-000085,85,Deck1｜全範囲の最重要骨格,変動する地球,地質時代,新生代,しんせいだい,なし,ES-000081,万〜億年,地球規模,ES-000085-C01,identify,用語の同定,白亜紀末の大量絶滅後から現在までの地質時代を何というか。,新生代,新生代,白亜紀末の大量絶滅後から現在までの地質時代。,中生代,新生代は白亜紀末より後で、哺乳類が多様化した。,なし,なし,なし,文部科学省「高等学校学習指導要領解説 理科編 理数編」,https://www.mext.go.jp/content/20250311-mxt_kyoiku02-100002620_05.pdf,なし
地学基礎 Deck1 全範囲最重要骨格,ES-000085,85,Deck1｜全範囲の最重要骨格,変動する地球,地質時代,新生代,しんせいだい,なし,ES-000081,万〜億年,地球規模,ES-000085-C02,sequence,時代の順序,新生代の大区分を古い順に答えよ。,古第三紀→新第三紀→第四紀,古第三紀→新第三紀→第四紀｜古第三紀、新第三紀、第四紀,第四紀はさらに更新世と完新世に分かれる。,中生代,新生代は白亜紀末より後で、哺乳類が多様化した。,なし,なし,古三・新三・第四,文部科学省「高等学校学習指導要領解説 理科編 理数編」,https://www.mext.go.jp/content/20250311-mxt_kyoiku02-100002620_05.pdf,なし
地学基礎 Deck1 全範囲最重要骨格,ES-000086,86,Deck1｜全範囲の最重要骨格,変動する地球,地層と化石,地層,ちそう,なし,なし,万〜億年,試料・露頭,ES-000086-C01,identify,用語の同定,土砂や火山灰、生物遺骸などが堆積してできた層状の地質体を何というか。,地層,地層,土砂や火山灰、生物遺骸などが堆積してできた層状の地質体。,なし,なし,なし,なし,なし,文部科学省「高等学校学習指導要領解説 理科編 理数編」,https://www.mext.go.jp/content/20250311-mxt_kyoiku02-100002620_05.pdf,なし
地学基礎 Deck1 全範囲最重要骨格,ES-000087,87,Deck1｜全範囲の最重要骨格,変動する地球,地層と化石,化石,かせき,なし,ES-000086,万〜億年,試料・露頭,ES-000087-C01,identify,用語の同定,過去の生物の遺骸や生活の跡が地層中に残ったものを何というか。,化石,化石,過去の生物の遺骸や生活の跡が地層中に残ったもの。,なし,なし,なし,なし,なし,文部科学省「高等学校学習指導要領解説 理科編 理数編」,https://www.mext.go.jp/content/20250311-mxt_kyoiku02-100002620_05.pdf,なし
地学基礎 Deck1 全範囲最重要骨格,ES-000087,87,Deck1｜全範囲の最重要骨格,変動する地球,地層と化石,化石,かせき,なし,ES-000086,万〜億年,試料・露頭,ES-000087-C02,structure,二つの型,化石を大きく、生物体の一部と生活の跡に分けると何と何か。,体化石と生痕化石,体化石と生痕化石｜体化石・生痕化石,殻や骨などが体化石、足跡や巣穴などが生痕化石。,なし,なし,なし,なし,なし,文部科学省「高等学校学習指導要領解説 理科編 理数編」,https://www.mext.go.jp/content/20250311-mxt_kyoiku02-100002620_05.pdf,なし
地学基礎 Deck1 全範囲最重要骨格,ES-000088,88,Deck1｜全範囲の最重要骨格,変動する地球,地層と化石,示準化石,しじゅんかせき,なし,ES-000087,万〜億年,試料・露頭,ES-000088-C01,identify,用語の同定,地層ができた年代を判断する手がかりになる化石を何というか。,示準化石,示準化石,地層ができた年代を判断する手がかりになる化石。,示相化石,示準化石は年代、示相化石は当時の環境を示す。,なし,なし,なし,文部科学省「高等学校学習指導要領解説 理科編 理数編」,https://www.mext.go.jp/content/20250311-mxt_kyoiku02-100002620_05.pdf,示準化石=しじゅんかせき
地学基礎 Deck1 全範囲最重要骨格,ES-000088,88,Deck1｜全範囲の最重要骨格,変動する地球,地層と化石,示準化石,しじゅんかせき,なし,ES-000087,万〜億年,試料・露頭,ES-000088-C02,relation,適する生物,示準化石に適する生物の条件を二つ答えよ。,生存期間が短く、地理的分布が広い,生存期間が短く、地理的分布が広い｜短期間に広範囲に分布した,短い期間を特定でき、離れた地域の地層を対比しやすい。,示相化石,示準化石は年代、示相化石は当時の環境を示す。,なし,なし,なし,文部科学省「高等学校学習指導要領解説 理科編 理数編」,https://www.mext.go.jp/content/20250311-mxt_kyoiku02-100002620_05.pdf,示準化石=しじゅんかせき
地学基礎 Deck1 全範囲最重要骨格,ES-000089,89,Deck1｜全範囲の最重要骨格,変動する地球,地層と化石,示相化石,しそうかせき,なし,ES-000087,万〜億年,試料・露頭,ES-000089-C01,identify,用語の同定,地層ができた当時の環境を判断する手がかりになる化石を何というか。,示相化石,示相化石,地層ができた当時の環境を判断する手がかりになる化石。,示準化石,示相化石は環境、示準化石は年代を示す。,なし,なし,なし,文部科学省「高等学校学習指導要領解説 理科編 理数編」,https://www.mext.go.jp/content/20250311-mxt_kyoiku02-100002620_05.pdf,示相化石=しそうかせき
地学基礎 Deck1 全範囲最重要骨格,ES-000089,89,Deck1｜全範囲の最重要骨格,変動する地球,地層と化石,示相化石,しそうかせき,なし,ES-000087,万〜億年,試料・露頭,ES-000089-C02,relation,適する生物,示相化石に適する生物の条件は何か。,生息環境が限られている,生息環境が限られている｜特定の環境に生息する,生物の環境選択性が高いほど、当時の水深・水温・塩分などを推定しやすい。,示準化石,示相化石は環境、示準化石は年代を示す。,なし,なし,なし,文部科学省「高等学校学習指導要領解説 理科編 理数編」,https://www.mext.go.jp/content/20250311-mxt_kyoiku02-100002620_05.pdf,示相化石=しそうかせき
地学基礎 Deck1 全範囲最重要骨格,ES-000090,90,Deck1｜全範囲の最重要骨格,変動する地球,地層と化石,地層累重の法則,ちそうるいじゅうのほうそく,なし,ES-000086,万〜億年,試料・露頭,ES-000090-C01,identify,用語の同定,地層が逆転していなければ、下の地層ほど古く上の地層ほど新しいという法則を何というか。,地層累重の法則,地層累重の法則,地層が逆転していなければ、下の地層ほど古く上の地層ほど新しいという法則。,なし,なし,なし,なし,なし,文部科学省「高等学校学習指導要領解説 理科編 理数編」,https://www.mext.go.jp/content/20250311-mxt_kyoiku02-100002620_05.pdf,累重=るいじゅう
地学基礎 Deck1 全範囲最重要骨格,ES-000090,90,Deck1｜全範囲の最重要骨格,変動する地球,地層と化石,地層累重の法則,ちそうるいじゅうのほうそく,なし,ES-000086,万〜億年,試料・露頭,ES-000090-C02,relation,適用条件,地層累重の法則をそのまま使うために必要な条件は何か。,地層が逆転していないこと,地層が逆転していないこと｜地層の上下が逆になっていないこと,強い褶曲や断層で地層が逆転している場合は、単純に下ほど古いとは限らない。,なし,なし,なし,なし,なし,文部科学省「高等学校学習指導要領解説 理科編 理数編」,https://www.mext.go.jp/content/20250311-mxt_kyoiku02-100002620_05.pdf,累重=るいじゅう
地学基礎 Deck1 全範囲最重要骨格,ES-000091,91,Deck1｜全範囲の最重要骨格,変動する地球,地層と化石,不整合,ふせいごう,なし,ES-000086,万〜億年,試料・露頭,ES-000091-C01,identify,用語の同定,侵食や堆積の中断による時間の空白をはさんで、新旧の地層が接する関係を何というか。,不整合,不整合,侵食や堆積の中断による時間の空白をはさんで、新旧の地層が接する関係。,整合,不整合には堆積が途切れた時間の空白がある。,なし,なし,なし,文部科学省「高等学校学習指導要領解説 理科編 理数編」,https://www.mext.go.jp/content/20250311-mxt_kyoiku02-100002620_05.pdf,なし
地学基礎 Deck1 全範囲最重要骨格,ES-000091,91,Deck1｜全範囲の最重要骨格,変動する地球,地層と化石,不整合,ふせいごう,なし,ES-000086,万〜億年,試料・露頭,ES-000091-C02,sequence,形成過程,不整合ができる基本順序を、堆積後から簡潔に答えよ。,隆起・侵食→沈降→新しい地層の堆積,隆起・侵食→沈降→新しい地層の堆積｜侵食と堆積の中断の後に再び堆積,侵食面を境に、下位層と上位層の間に長い時間の空白が残る。,整合,不整合には堆積が途切れた時間の空白がある。,なし,なし,なし,文部科学省「高等学校学習指導要領解説 理科編 理数編」,https://www.mext.go.jp/content/20250311-mxt_kyoiku02-100002620_05.pdf,なし
地学基礎 Deck1 全範囲最重要骨格,ES-000092,92,Deck1｜全範囲の最重要骨格,変動する地球,地質構造,断層,だんそう,なし,なし,複数尺度,地域,ES-000092-C01,identify,用語の同定,地層や岩盤が割れ、割れ目を境に両側が相対的にずれた構造を何というか。,断層,断層,地層や岩盤が割れ、割れ目を境に両側が相対的にずれた構造。,節理,断層は割れ目に沿うずれがあり、節理には明瞭なずれがない。,なし,なし,なし,地質調査総合センター「地質図の見方」,https://www.gsj.jp/geology/geomap/geomap-view/index.html,なし
地学基礎 Deck1 全範囲最重要骨格,ES-000092,92,Deck1｜全範囲の最重要骨格,変動する地球,地質構造,断層,だんそう,なし,なし,複数尺度,地域,ES-000092-C02,relation,必要条件,岩盤に割れ目があっても、両側にずれがなければ断層と呼ぶか。,呼ばない,呼ばない｜断層ではない,明瞭なずれを伴わない割れ目は節理と呼ばれる。,節理,断層は割れ目に沿うずれがあり、節理には明瞭なずれがない。,なし,なし,なし,地質調査総合センター「地質図の見方」,https://www.gsj.jp/geology/geomap/geomap-view/index.html,なし
地学基礎 Deck1 全範囲最重要骨格,ES-000093,93,Deck1｜全範囲の最重要骨格,変動する地球,地質構造,褶曲,しゅうきょく,なし,なし,万〜億年,地域,ES-000093-C01,identify,用語の同定,地層が圧縮などによって波状に曲がった構造を何というか。,褶曲,褶曲,地層が圧縮などによって波状に曲がった構造。,断層,褶曲は地層が曲がり、断層は割れてずれる。,なし,なし,なし,地質調査総合センター「地質図の見方」,https://www.gsj.jp/geology/geomap/geomap-view/index.html,褶曲=しゅうきょく
地学基礎 Deck1 全範囲最重要骨格,ES-000093,93,Deck1｜全範囲の最重要骨格,変動する地球,地質構造,褶曲,しゅうきょく,なし,なし,万〜億年,地域,ES-000093-C02,structure,基本形,褶曲の基本的な二つの形を答えよ。,背斜と向斜,背斜と向斜｜背斜・向斜,上向きに凸が背斜、下向きに凸が向斜。,断層,褶曲は地層が曲がり、断層は割れてずれる。,なし,なし,なし,地質調査総合センター「地質図の見方」,https://www.gsj.jp/geology/geomap/geomap-view/index.html,褶曲=しゅうきょく
地学基礎 Deck1 全範囲最重要骨格,ES-000094,94,Deck1｜全範囲の最重要骨格,変動する地球,地球環境,地球温暖化,ちきゅうおんだんか,なし,ES-000056,数十〜数千年,地球規模,ES-000094-C01,identify,用語の同定,地球全体の平均気温が長期的に上昇する現象を何というか。,地球温暖化,地球温暖化,地球全体の平均気温が長期的に上昇する現象。,温室効果,温室効果は大気の働き、地球温暖化は平均気温の長期上昇。,なし,なし,なし,文部科学省「高等学校学習指導要領解説 理科編 理数編」,https://www.mext.go.jp/content/20250311-mxt_kyoiku02-100002620_05.pdf,なし
地学基礎 Deck1 全範囲最重要骨格,ES-000094,94,Deck1｜全範囲の最重要骨格,変動する地球,地球環境,地球温暖化,ちきゅうおんだんか,なし,ES-000056,数十〜数千年,地球規模,ES-000094-C02,relation,近年の主因,近年の地球温暖化の主な原因は何か。,人間活動による温室効果ガス濃度の増加,人間活動による温室効果ガス濃度の増加｜人為起源の温室効果ガス増加,特に化石燃料の燃焼などによる二酸化炭素の増加が大きく関係する。,温室効果,温室効果は大気の働き、地球温暖化は平均気温の長期上昇。,なし,なし,なし,文部科学省「高等学校学習指導要領解説 理科編 理数編」,https://www.mext.go.jp/content/20250311-mxt_kyoiku02-100002620_05.pdf,なし
地学基礎 Deck1 全範囲最重要骨格,ES-000095,95,Deck1｜全範囲の最重要骨格,変動する地球,地球環境,オゾン層破壊,おぞんそうはかい,なし,ES-000052,月〜年,地球規模,ES-000095-C01,identify,用語の同定,フロンなどに由来する塩素原子などによって成層圏のオゾンが減少する現象を何というか。,オゾン層破壊,オゾン層破壊,フロンなどに由来する塩素原子などによって成層圏のオゾンが減少する現象。,地球温暖化,オゾン層破壊は主に紫外線遮蔽の低下、地球温暖化は気温上昇の問題。,なし,なし,なし,気象庁「オゾン層とは」,https://www.jma.go.jp/jma/kishou/know/env/ozonehp/3-10ozone.html,なし
地学基礎 Deck1 全範囲最重要骨格,ES-000095,95,Deck1｜全範囲の最重要骨格,変動する地球,地球環境,オゾン層破壊,おぞんそうはかい,なし,ES-000052,月〜年,地球規模,ES-000095-C02,relation,原因物質,成層圏のオゾン層破壊に大きく関係した人工化学物質は何か。,フロン,フロン｜クロロフルオロカーボン｜CFC,成層圏で分解されたフロンから生じる塩素原子が、オゾンを連鎖的に分解する。,地球温暖化,オゾン層破壊は主に紫外線遮蔽の低下、地球温暖化は気温上昇の問題。,なし,なし,なし,気象庁「オゾン層とは」,https://www.jma.go.jp/jma/kishou/know/env/ozonehp/3-10ozone.html,なし
地学基礎 Deck1 全範囲最重要骨格,ES-000096,96,Deck1｜全範囲の最重要骨格,変動する地球,地球環境,エルニーニョ現象,えるにーにょげんしょう,なし,ES-000062,月〜年,地球規模,ES-000096-C01,identify,用語の同定,太平洋赤道域の日付変更線付近から南米沿岸にかけて海面水温が平年より高い状態が続く現象を何というか。,エルニーニョ現象,エルニーニョ現象,太平洋赤道域の日付変更線付近から南米沿岸にかけて海面水温が平年より高い状態が続く現象。,ラニーニャ現象,エルニーニョでは中部・東部赤道太平洋の海面水温が高い。,なし,なし,なし,気象庁「海洋の健康診断表 用語解説」,https://www.data.jma.go.jp/kaiyou/shindan/etc/expshindan.html,なし
地学基礎 Deck1 全範囲最重要骨格,ES-000096,96,Deck1｜全範囲の最重要骨格,変動する地球,地球環境,エルニーニョ現象,えるにーにょげんしょう,なし,ES-000062,月〜年,地球規模,ES-000096-C02,relation,貿易風との関係,エルニーニョ現象の際、太平洋赤道域の貿易風は平常時より一般にどうなるか。,弱まる,弱まる｜弱くなる,暖水が東へ広がり、東部赤道太平洋の海面水温が高くなりやすい。,ラニーニャ現象,エルニーニョでは中部・東部赤道太平洋の海面水温が高い。,なし,なし,なし,気象庁「海洋の健康診断表 用語解説」,https://www.data.jma.go.jp/kaiyou/shindan/etc/expshindan.html,なし
地学基礎 Deck1 全範囲最重要骨格,ES-000097,97,Deck1｜全範囲の最重要骨格,変動する地球,地球環境,ラニーニャ現象,らにーにゃげんしょう,なし,ES-000062,月〜年,地球規模,ES-000097-C01,identify,用語の同定,太平洋赤道域の日付変更線付近から南米沿岸にかけて海面水温が平年より低い状態が続く現象を何というか。,ラニーニャ現象,ラニーニャ現象,太平洋赤道域の日付変更線付近から南米沿岸にかけて海面水温が平年より低い状態が続く現象。,エルニーニョ現象,ラニーニャでは中部・東部赤道太平洋の海面水温が低い。,なし,なし,なし,気象庁「海洋の健康診断表 用語解説」,https://www.data.jma.go.jp/kaiyou/shindan/etc/expshindan.html,なし
地学基礎 Deck1 全範囲最重要骨格,ES-000097,97,Deck1｜全範囲の最重要骨格,変動する地球,地球環境,ラニーニャ現象,らにーにゃげんしょう,なし,ES-000062,月〜年,地球規模,ES-000097-C02,relation,貿易風との関係,ラニーニャ現象の際、太平洋赤道域の貿易風は平常時より一般にどうなるか。,強まる,強まる｜強くなる,暖水が西へ寄り、東部赤道太平洋の湧昇が強まりやすい。,エルニーニョ現象,ラニーニャでは中部・東部赤道太平洋の海面水温が低い。,なし,なし,なし,気象庁「海洋の健康診断表 用語解説」,https://www.data.jma.go.jp/kaiyou/shindan/etc/expshindan.html,なし
地学基礎 Deck1 全範囲最重要骨格,ES-000098,98,Deck1｜全範囲の最重要骨格,変動する地球,日本の自然環境,日本列島,にほんれっとう,なし,ES-000009｜ES-000020,万〜億年,日本列島,ES-000098-C01,identify,用語の同定,複数のプレートが近接し、地震・火山活動が活発な島弧からなる列島を何というか。,日本列島,日本列島,複数のプレートが近接し、地震・火山活動が活発な島弧からなる列島。,安定大陸,日本列島はプレート境界付近にあり、地殻変動が活発。,なし,なし,なし,地質調査総合センター「日本列島の地質と構造」,https://www.gsj.jp/geology/geology-japan/geology-japan/index.html,なし
地学基礎 Deck1 全範囲最重要骨格,ES-000098,98,Deck1｜全範囲の最重要骨格,変動する地球,日本の自然環境,日本列島,にほんれっとう,なし,ES-000009｜ES-000020,万〜億年,日本列島,ES-000098-C02,relation,地殻変動が活発な理由,日本列島で地震・火山活動が活発な主な理由は何か。,複数のプレート境界付近にあるから,複数のプレート境界付近にあるから｜プレートの沈み込み帯に位置するから,海洋プレートの沈み込みが地震やマグマ活動に強く関係する。,安定大陸,日本列島はプレート境界付近にあり、地殻変動が活発。,なし,なし,なし,地質調査総合センター「日本列島の地質と構造」,https://www.gsj.jp/geology/geology-japan/geology-japan/index.html,なし
地学基礎 Deck1 全範囲最重要骨格,ES-000099,99,Deck1｜全範囲の最重要骨格,変動する地球,自然災害,液状化現象,えきじょうかげんしょう,なし,ES-000021,秒〜日,地域,ES-000099-C01,identify,用語の同定,水を多く含む緩い砂地盤が強い揺れで一時的に液体のようになる現象を何というか。,液状化現象,液状化現象,水を多く含む緩い砂地盤が強い揺れで一時的に液体のようになる現象。,地盤沈下,液状化は地震動で砂粒間の支えが失われて急に起こる。,なし,なし,なし,文部科学省「高等学校学習指導要領解説 理科編 理数編」,https://www.mext.go.jp/content/20250311-mxt_kyoiku02-100002620_05.pdf,なし
地学基礎 Deck1 全範囲最重要骨格,ES-000099,99,Deck1｜全範囲の最重要骨格,変動する地球,自然災害,液状化現象,えきじょうかげんしょう,なし,ES-000021,秒〜日,地域,ES-000099-C02,location,起こりやすい地盤,液状化現象が起こりやすいのは、どのような地盤か。,地下水位が高い緩い砂地盤,地下水位が高い緩い砂地盤｜水を多く含む緩い砂地盤,強い揺れで砂粒間の水圧が上がり、地盤が支持力を失いやすい。,地盤沈下,液状化は地震動で砂粒間の支えが失われて急に起こる。,なし,なし,なし,文部科学省「高等学校学習指導要領解説 理科編 理数編」,https://www.mext.go.jp/content/20250311-mxt_kyoiku02-100002620_05.pdf,なし
地学基礎 Deck1 全範囲最重要骨格,ES-000100,100,Deck1｜全範囲の最重要骨格,変動する地球,自然災害,ハザードマップ,はざーどまっぷ,防災地図,なし,該当なし,地域,ES-000100-C01,identify,用語の同定,洪水・土砂災害・津波・火山などの危険が想定される範囲や避難情報を示した地図を何というか。,ハザードマップ,ハザードマップ｜防災地図,洪水・土砂災害・津波・火山などの危険が想定される範囲や避難情報を示した地図。,被害予測図,危険の可能性を示すもので、実際の被害を確定する地図ではない。,なし,なし,なし,文部科学省「高等学校学習指導要領解説 理科編 理数編」,https://www.mext.go.jp/content/20250311-mxt_kyoiku02-100002620_05.pdf,なし
地学基礎 Deck1 全範囲最重要骨格,ES-000100,100,Deck1｜全範囲の最重要骨格,変動する地球,自然災害,ハザードマップ,はざーどまっぷ,防災地図,なし,該当なし,地域,ES-000100-C02,relation,読み方の原則,ハザードマップに危険区域として示されていない場所なら、災害は絶対に起こらないか。,絶対とはいえない,絶対とはいえない｜起こらないとは限らない,想定には限界があり、地図は危険度と避難準備の参考として使う。,被害予測図,危険の可能性を示すもので、実際の被害を確定する地図ではない。,なし,なし,なし,文部科学省「高等学校学習指導要領解説 理科編 理数編」,https://www.mext.go.jp/content/20250311-mxt_kyoiku02-100002620_05.pdf,なし
地学基礎 Deck1 全範囲最重要骨格,ES-000101,101,Deck1｜全範囲の最重要骨格,地球のすがた,惑星としての地球,ジオイド,じおいど,なし,なし,該当なし,地球規模,ES-000101-C01,identify,用語の同定,平均海面を陸地の下にも延長した、重力の向きに垂直な地球の基準面を何というか。,ジオイド,ジオイド,平均海面を陸地の下にも延長した、重力の向きに垂直な地球の基準面。,地球楕円体,ジオイドは重力に基づく凹凸のある面、地球楕円体は計算用の滑らかな面。,なし,なし,なし,国土地理院「ジオイドとは」,https://www.gsi.go.jp/buturisokuchi/grageo_geoid.html,なし
地学基礎 Deck1 全範囲最重要骨格,ES-000102,102,Deck1｜全範囲の最重要骨格,地球のすがた,惑星としての地球,赤道半径,せきどうはんけい,なし,ES-000002,該当なし,地球規模,ES-000102-C01,scale,地球の大きさ,地球の赤道半径は約何kmか。,約6380 km,約6380 km｜6380 km｜約6378 km,赤道半径は約6380 kmで、極半径より約21 km大きい。,極半径,赤道半径の方が極半径より少し大きい。,なし,km,なし,国土地理院「世界測地系移行に関する質問集」,https://www.gsi.go.jp/LAW/G2000-g2000faq-1.htm,なし
地学基礎 Deck1 全範囲最重要骨格,ES-000103,103,Deck1｜全範囲の最重要骨格,地球のすがた,惑星としての地球,極半径,きょくはんけい,なし,ES-000002,該当なし,地球規模,ES-000103-C01,scale,地球の大きさ,地球の極半径は約何kmか。,約6360 km,約6360 km｜6360 km｜約6357 km,極半径は約6360 kmで、赤道半径より少し小さい。,赤道半径,極半径の方が赤道半径より少し小さい。,なし,km,なし,国土地理院「世界測地系移行に関する質問集」,https://www.gsi.go.jp/LAW/G2000-g2000faq-1.htm,なし
地学基礎 Deck1 全範囲最重要骨格,ES-000104,104,Deck1｜全範囲の最重要骨格,地球のすがた,惑星としての地球,エラトステネスの測定,えらとすてねすのそくてい,なし,なし,該当なし,地域,ES-000104-C01,identify,用語の同定,離れた2地点の太陽高度の差と地点間距離から地球の大きさを求める方法を何というか。,エラトステネスの測定,エラトステネスの測定,離れた2地点の太陽高度の差と地点間距離から地球の大きさを求める方法。,年周視差,エラトステネスの方法は太陽高度差で地球周長を求める。,なし,なし,なし,文部科学省「高等学校学習指導要領解説 理科編 理数編」,https://www.mext.go.jp/content/20250311-mxt_kyoiku02-100002620_05.pdf,なし
地学基礎 Deck1 全範囲最重要骨格,ES-000105,105,Deck1｜全範囲の最重要骨格,地球のすがた,地球内部の層構造,モホロビチッチ不連続面,もほろびちっちふれんぞくめん,モホ面｜モホ不連続面,ES-000005｜ES-000006,該当なし,地球規模,ES-000105-C01,identify,用語の同定,地殻とマントルの境界にある地震波速度の不連続面を何というか。,モホロビチッチ不連続面,モホロビチッチ不連続面｜モホ面｜モホ不連続面,地殻とマントルの境界にある地震波速度の不連続面。,グーテンベルク不連続面,モホ面は地殻とマントルの境界。,なし,なし,なし,地質調査総合センター「地球の構造」,https://www.gsj.jp/geology/geology-japan/geology-earth/index.html,不連続面=ふれんぞくめん
地学基礎 Deck1 全範囲最重要骨格,ES-000106,106,Deck1｜全範囲の最重要骨格,地球のすがた,地球内部の層構造,グーテンベルク不連続面,ぐーてんべるくふれんぞくめん,核・マントル境界,ES-000006｜ES-000007,該当なし,地球規模,ES-000106-C01,identify,用語の同定,深さ約2900 kmにあるマントルと外核の境界を何というか。,グーテンベルク不連続面,グーテンベルク不連続面｜核・マントル境界,深さ約2900 kmにあるマントルと外核の境界。,モホロビチッチ不連続面,グーテンベルク不連続面はマントルと外核の境界。,なし,なし,なし,地質調査総合センター「地球の構造」,https://www.gsj.jp/geology/geology-japan/geology-earth/index.html,不連続面=ふれんぞくめん
地学基礎 Deck1 全範囲最重要骨格,ES-000107,107,Deck1｜全範囲の最重要骨格,地球のすがた,地球内部の層構造,レーマン不連続面,れーまんふれんぞくめん,内核境界,ES-000007｜ES-000008,該当なし,地球規模,ES-000107-C01,identify,用語の同定,深さ約5100 kmにある外核と内核の境界を何というか。,レーマン不連続面,レーマン不連続面｜内核境界,深さ約5100 kmにある外核と内核の境界。,グーテンベルク不連続面,レーマン不連続面は外核と内核の境界。,なし,なし,なし,地質調査総合センター「地球の構造」,https://www.gsj.jp/geology/geology-japan/geology-earth/index.html,不連続面=ふれんぞくめん
地学基礎 Deck1 全範囲最重要骨格,ES-000108,108,Deck1｜全範囲の最重要骨格,地球のすがた,地球内部の層構造,大陸地殻,たいりくちかく,なし,ES-000005,万〜億年,地球規模,ES-000108-C01,identify,用語の同定,大陸を構成し、海洋地殻より一般に厚く密度が小さい地殻を何というか。,大陸地殻,大陸地殻,大陸を構成し、海洋地殻より一般に厚く密度が小さい地殻。,海洋地殻,大陸地殻は一般に厚く、花こう岩質の物質を多く含む。,なし,なし,なし,地質調査総合センター「地球の構造」,https://www.gsj.jp/geology/geology-japan/geology-earth/index.html,地殻=ちかく
地学基礎 Deck1 全範囲最重要骨格,ES-000109,109,Deck1｜全範囲の最重要骨格,地球のすがた,地球内部の層構造,海洋地殻,かいようちかく,なし,ES-000005,万〜億年,地球規模,ES-000109-C01,identify,用語の同定,海洋底を構成し、大陸地殻より一般に薄く密度が大きい地殻を何というか。,海洋地殻,海洋地殻,海洋底を構成し、大陸地殻より一般に薄く密度が大きい地殻。,大陸地殻,海洋地殻は一般に薄く、玄武岩・斑れい岩質。,なし,なし,なし,地質調査総合センター「地球の構造」,https://www.gsj.jp/geology/geology-japan/geology-earth/index.html,地殻=ちかく
地学基礎 Deck1 全範囲最重要骨格,ES-000110,110,Deck1｜全範囲の最重要骨格,地球のすがた,地球内部の層構造,かんらん岩,かんらんがん,橄欖岩,ES-000006,万〜億年,試料・露頭,ES-000110-C01,identify,用語の同定,上部マントルを主に構成する、かんらん石などに富む岩石を何というか。,かんらん岩,かんらん岩｜橄欖岩,上部マントルを主に構成する、かんらん石などに富む岩石。,玄武岩,かんらん岩は上部マントルの主要岩石、玄武岩は代表的な海洋地殻の火山岩。,なし,なし,なし,地質調査総合センター「地球の構造」,https://www.gsj.jp/geology/geology-japan/geology-earth/index.html,橄欖岩=かんらんがん
地学基礎 Deck1 全範囲最重要骨格,ES-000111,111,Deck1｜全範囲の最重要骨格,地球のすがた,地球内部の層構造,鉄・ニッケル,てつ・にっける,なし,ES-000007｜ES-000008,該当なし,地球規模,ES-000111-C01,identify,用語の同定,地球の外核と内核を主に構成する金属元素を何というか。,鉄・ニッケル,鉄・ニッケル,地球の外核と内核を主に構成する金属元素。,かんらん岩,核は主に鉄・ニッケル、マントルは主に岩石。,なし,なし,なし,地質調査総合センター「地球の構造」,https://www.gsj.jp/geology/geology-japan/geology-earth/index.html,なし
地学基礎 Deck1 全範囲最重要骨格,ES-000112,112,Deck1｜全範囲の最重要骨格,変動する地球,地球の形成,物質の分化,ぶっしつのぶんか,なし,ES-000077,万〜億年,地球規模,ES-000112-C01,identify,用語の同定,初期地球が高温で溶け、重い物質が中心へ、軽い物質が表面側へ分かれた過程を何というか。,物質の分化,物質の分化,初期地球が高温で溶け、重い物質が中心へ、軽い物質が表面側へ分かれた過程。,風化,物質の分化は初期地球内部で密度差により層が分かれる過程。,なし,なし,なし,文部科学省「高等学校学習指導要領解説 理科編 理数編」,https://www.mext.go.jp/content/20250311-mxt_kyoiku02-100002620_05.pdf,なし
地学基礎 Deck1 全範囲最重要骨格,ES-000113,113,Deck1｜全範囲の最重要骨格,地球のすがた,プレートの運動,マントル対流,まんとるたいりゅう,なし,ES-000006,万〜億年,地球規模,ES-000113-C01,identify,用語の同定,地球内部の熱によって、マントル物質が長い時間をかけて循環する運動を何というか。,マントル対流,マントル対流,地球内部の熱によって、マントル物質が長い時間をかけて循環する運動。,大気の大循環,マントル対流は固体のマントルが地質学的時間で流動する。,なし,なし,なし,文部科学省「高等学校学習指導要領解説 理科編 理数編」,https://www.mext.go.jp/content/20250311-mxt_kyoiku02-100002620_05.pdf,なし
地学基礎 Deck1 全範囲最重要骨格,ES-000114,114,Deck1｜全範囲の最重要骨格,地球のすがた,プレートの運動,プルーム,ぷるーむ,なし,ES-000113,万〜億年,地球規模,ES-000114-C01,identify,用語の同定,マントル内部を大規模に上昇または下降する柱状の流れを何というか。,プルーム,プルーム,マントル内部を大規模に上昇または下降する柱状の流れ。,マントル対流,プルームはマントル対流のうち大規模な上昇流・下降流。,なし,なし,なし,文部科学省「高等学校学習指導要領解説 理科編 理数編」,https://www.mext.go.jp/content/20250311-mxt_kyoiku02-100002620_05.pdf,なし
地学基礎 Deck1 全範囲最重要骨格,ES-000115,115,Deck1｜全範囲の最重要骨格,地球のすがた,プレートの運動,ホットスポット,ほっとすぽっと,なし,ES-000114,万〜億年,地域,ES-000115-C01,identify,用語の同定,プレート境界から離れていても、深部からの高温物質の上昇で火山活動が続く場所を何というか。,ホットスポット,ホットスポット,プレート境界から離れていても、深部からの高温物質の上昇で火山活動が続く場所。,火山フロント,ホットスポットはプレート境界から離れることがあり、火山フロントは沈み込み帯に沿う。,なし,なし,なし,文部科学省「高等学校学習指導要領解説 理科編 理数編」,https://www.mext.go.jp/content/20250311-mxt_kyoiku02-100002620_05.pdf,なし
地学基礎 Deck1 全範囲最重要骨格,ES-000116,116,Deck1｜全範囲の最重要骨格,地球のすがた,プレートの運動,島弧,とうこ,なし,ES-000020,万〜億年,地域,ES-000116-C01,identify,用語の同定,海洋プレートの沈み込み帯に沿って弧状に並ぶ島々や火山帯を何というか。,島弧,島弧,海洋プレートの沈み込み帯に沿って弧状に並ぶ島々や火山帯。,海嶺,島弧は主に沈み込み帯、海嶺は発散境界にできる。,なし,なし,なし,地質調査総合センター「日本列島の地質と構造」,https://www.gsj.jp/geology/geology-japan/geology-japan/index.html,島弧=とうこ
地学基礎 Deck1 全範囲最重要骨格,ES-000117,117,Deck1｜全範囲の最重要骨格,地球のすがた,プレートの運動,大陸衝突,たいりくしょうとつ,なし,ES-000013｜ES-000016,万〜億年,地域,ES-000117-C01,identify,用語の同定,二つの大陸プレートがぶつかり、地殻が厚くなって大山脈などを形成する現象を何というか。,大陸衝突,大陸衝突,二つの大陸プレートがぶつかり、地殻が厚くなって大山脈などを形成する現象。,沈み込み,大陸どうしは密度が小さく沈み込みにくいため、衝突して地殻が厚くなる。,なし,なし,なし,文部科学省「高等学校学習指導要領解説 理科編 理数編」,https://www.mext.go.jp/content/20250311-mxt_kyoiku02-100002620_05.pdf,なし
地学基礎 Deck1 全範囲最重要骨格,ES-000118,118,Deck1｜全範囲の最重要骨格,地球のすがた,プレートの運動,海洋底拡大,かいようていかくだい,海底拡大,ES-000015｜ES-000018,万〜億年,地球規模,ES-000118-C01,identify,用語の同定,海嶺で新しい海洋地殻が生まれ、海洋底が両側へ広がる現象を何というか。,海洋底拡大,海洋底拡大｜海底拡大,海嶺で新しい海洋地殻が生まれ、海洋底が両側へ広がる現象。,沈み込み,海洋底拡大では海嶺で新しい海洋プレートが形成される。,なし,なし,なし,文部科学省「高等学校学習指導要領解説 理科編 理数編」,https://www.mext.go.jp/content/20250311-mxt_kyoiku02-100002620_05.pdf,海洋底=かいようてい
地学基礎 Deck1 全範囲最重要骨格,ES-000119,119,Deck1｜全範囲の最重要骨格,地球のすがた,地震活動,海溝型地震,かいこうがたじしん,プレート境界地震,ES-000019｜ES-000020｜ES-000021,秒〜日,複数尺度,ES-000119-C01,identify,用語の同定,沈み込む海洋プレートと上盤側プレートの境界付近で起こる大規模な地震を何というか。,海溝型地震,海溝型地震｜プレート境界地震,沈み込む海洋プレートと上盤側プレートの境界付近で起こる大規模な地震。,内陸地殻内地震,海溝型地震は主にプレート境界、内陸地殻内地震は陸側プレート内部。,なし,なし,なし,地震調査研究推進本部「地震・津波の用語集」,https://www.jishin.go.jp/main/yogo/c.htm,海溝=かいこう
地学基礎 Deck1 全範囲最重要骨格,ES-000120,120,Deck1｜全範囲の最重要骨格,地球のすがた,地震活動,内陸地殻内地震,ないりくちかくないじしん,内陸型地震｜活断層型地震,ES-000021,秒〜日,地域,ES-000120-C01,identify,用語の同定,陸側プレートの浅い地殻内部で、活断層のずれなどにより起こる地震を何というか。,内陸地殻内地震,内陸地殻内地震｜内陸型地震｜活断層型地震,陸側プレートの浅い地殻内部で、活断層のずれなどにより起こる地震。,海溝型地震,内陸地殻内地震は陸側プレート内部の比較的浅い場所で起こる。,なし,なし,なし,地震調査研究推進本部「地震・津波の用語集」,https://www.jishin.go.jp/main/yogo/c.htm,地殻=ちかく
地学基礎 Deck1 全範囲最重要骨格,ES-000121,121,Deck1｜全範囲の最重要骨格,地球のすがた,地震活動,活断層,かつだんそう,なし,ES-000092,数十〜数千年,地域,ES-000121-C01,identify,用語の同定,最近の地質時代に繰り返し活動し、将来も活動する可能性がある断層を何というか。,活断層,活断層,最近の地質時代に繰り返し活動し、将来も活動する可能性がある断層。,震源断層,活断層は地表付近に残る地質構造、震源断層は特定の地震で実際にずれた地下の断層面。,なし,なし,なし,地震調査研究推進本部「地震・津波の用語集」,https://www.jishin.go.jp/main/yogo/c.htm,なし
地学基礎 Deck1 全範囲最重要骨格,ES-000122,122,Deck1｜全範囲の最重要骨格,地球のすがた,地震活動,弾性反発説,だんせいはんぱつせつ,なし,ES-000021,複数尺度,地域,ES-000122-C01,identify,用語の同定,岩盤にひずみが蓄積し、限界を超えると断層が急にずれて弾性変形が戻ることで地震が起こるという考えを何というか。,弾性反発説,弾性反発説,岩盤にひずみが蓄積し、限界を超えると断層が急にずれて弾性変形が戻ることで地震が起こるという考え。,なし,なし,なし,なし,なし,地震調査研究推進本部「地震・津波の用語集」,https://www.jishin.go.jp/main/yogo/c.htm,弾性反発=だんせいはんぱつ
地学基礎 Deck1 全範囲最重要骨格,ES-000123,123,Deck1｜全範囲の最重要骨格,地球のすがた,地震活動,震源断層,しんげんだんそう,なし,ES-000021｜ES-000092,秒〜日,地域,ES-000123-C01,identify,用語の同定,一つの地震で実際にずれ動き、地震波を発生させた地下の断層面を何というか。,震源断層,震源断層,一つの地震で実際にずれ動き、地震波を発生させた地下の断層面。,活断層,震源断層は特定の地震で破壊した面を指す。,なし,なし,なし,地震調査研究推進本部「地震・津波の用語集」,https://www.jishin.go.jp/main/yogo/c.htm,なし
地学基礎 Deck1 全範囲最重要骨格,ES-000124,124,Deck1｜全範囲の最重要骨格,変動する地球,地質構造,正断層,せいだんそう,なし,ES-000092,複数尺度,試料・露頭,ES-000124-C01,identify,用語の同定,引っ張る力により、上盤が下盤に対して相対的に下がる断層を何というか。,正断層,正断層,引っ張る力により、上盤が下盤に対して相対的に下がる断層。,逆断層,正断層は上盤が相対的に下がる。,なし,なし,なし,地質調査総合センター「地質図の見方」,https://www.gsj.jp/geology/geomap/geomap-view/index.html,なし
地学基礎 Deck1 全範囲最重要骨格,ES-000125,125,Deck1｜全範囲の最重要骨格,変動する地球,地質構造,逆断層,ぎゃくだんそう,なし,ES-000092,複数尺度,試料・露頭,ES-000125-C01,identify,用語の同定,圧縮する力により、上盤が下盤に対して相対的に上がる断層を何というか。,逆断層,逆断層,圧縮する力により、上盤が下盤に対して相対的に上がる断層。,正断層,逆断層は上盤が相対的に上がる。,なし,なし,なし,地質調査総合センター「地質図の見方」,https://www.gsj.jp/geology/geomap/geomap-view/index.html,なし
地学基礎 Deck1 全範囲最重要骨格,ES-000126,126,Deck1｜全範囲の最重要骨格,変動する地球,地質構造,横ずれ断層,よこずれだんそう,なし,ES-000092,複数尺度,試料・露頭,ES-000126-C01,identify,用語の同定,断層面を境に両側の岩盤が主に水平方向へずれる断層を何というか。,横ずれ断層,横ずれ断層,断層面を境に両側の岩盤が主に水平方向へずれる断層。,正断層,横ずれ断層は主な変位が水平方向。,なし,なし,なし,地質調査総合センター「地質図の見方」,https://www.gsj.jp/geology/geomap/geomap-view/index.html,なし
地学基礎 Deck1 全範囲最重要骨格,ES-000127,127,Deck1｜全範囲の最重要骨格,変動する地球,地質構造,背斜,はいしゃ,なし,ES-000093,万〜億年,試料・露頭,ES-000127-C01,identify,用語の同定,褶曲した地層が上向きに凸となる構造を何というか。,背斜,背斜,褶曲した地層が上向きに凸となる構造。,向斜,背斜は上向きに凸、向斜は下向きに凸。,なし,なし,なし,大学入試センター「令和8年度大学入学共通テスト 地学基礎」,https://www.dnc.ac.jp/albums/abm.php?d=2144&f=abm00017561.pdf&n=2026_ol_22_chigakukiso.pdf,背斜=はいしゃ
地学基礎 Deck1 全範囲最重要骨格,ES-000128,128,Deck1｜全範囲の最重要骨格,変動する地球,地質構造,向斜,こうしゃ,なし,ES-000093,万〜億年,試料・露頭,ES-000128-C01,identify,用語の同定,褶曲した地層が下向きに凸となる構造を何というか。,向斜,向斜,褶曲した地層が下向きに凸となる構造。,背斜,向斜は下向きに凸、背斜は上向きに凸。,なし,なし,なし,大学入試センター「令和8年度大学入学共通テスト 地学基礎」,https://www.dnc.ac.jp/albums/abm.php?d=2144&f=abm00017561.pdf&n=2026_ol_22_chigakukiso.pdf,向斜=こうしゃ
地学基礎 Deck1 全範囲最重要骨格,ES-000129,129,Deck1｜全範囲の最重要骨格,地球のすがた,プレートの運動,付加体,ふかたい,なし,ES-000020,万〜億年,地域,ES-000129-C01,identify,用語の同定,海洋プレート上の堆積物などが沈み込まず、陸側プレートの縁に付け加わった地質体を何というか。,付加体,付加体,海洋プレート上の堆積物などが沈み込まず、陸側プレートの縁に付け加わった地質体。,火山弧,付加体は海洋底堆積物などが陸側へはぎ取られてできる。,なし,なし,なし,地質調査総合センター「日本列島の地質と構造」,https://www.gsj.jp/geology/geology-japan/geology-japan/index.html,なし
地学基礎 Deck1 全範囲最重要骨格,ES-000130,130,Deck1｜全範囲の最重要骨格,地球のすがた,変成岩,変成作用,へんせいさよう,なし,なし,万〜億年,試料・露頭,ES-000130-C01,identify,用語の同定,岩石が溶けずに、熱や圧力によって鉱物組成や組織を変える作用を何というか。,変成作用,変成作用,岩石が溶けずに、熱や圧力によって鉱物組成や組織を変える作用。,融解,変成作用では岩石は基本的に溶けない。,なし,なし,なし,文部科学省「高等学校学習指導要領解説 理科編 理数編」,https://www.mext.go.jp/content/20250311-mxt_kyoiku02-100002620_05.pdf,変成作用=へんせいさよう
地学基礎 Deck1 全範囲最重要骨格,ES-000131,131,Deck1｜全範囲の最重要骨格,地球のすがた,変成岩,変成岩,へんせいがん,なし,ES-000130,万〜億年,試料・露頭,ES-000131-C01,identify,用語の同定,既存の岩石が変成作用を受けてできた岩石を何というか。,変成岩,変成岩,既存の岩石が変成作用を受けてできた岩石。,火成岩,変成岩は固体状態で変化し、火成岩はマグマが固まってできる。,なし,なし,なし,文部科学省「高等学校学習指導要領解説 理科編 理数編」,https://www.mext.go.jp/content/20250311-mxt_kyoiku02-100002620_05.pdf,変成岩=へんせいがん
地学基礎 Deck1 全範囲最重要骨格,ES-000132,132,Deck1｜全範囲の最重要骨格,地球のすがた,変成岩,接触変成作用,せっしょくへんせいさよう,なし,ES-000032｜ES-000130,万〜億年,地域,ES-000132-C01,identify,用語の同定,貫入したマグマの熱を主因として、その周囲の岩石が受ける変成作用を何というか。,接触変成作用,接触変成作用,貫入したマグマの熱を主因として、その周囲の岩石が受ける変成作用。,広域変成作用,接触変成作用は主にマグマの熱による局地的な変成。,なし,なし,なし,文部科学省「高等学校学習指導要領解説 理科編 理数編」,https://www.mext.go.jp/content/20250311-mxt_kyoiku02-100002620_05.pdf,なし
地学基礎 Deck1 全範囲最重要骨格,ES-000133,133,Deck1｜全範囲の最重要骨格,地球のすがた,変成岩,広域変成作用,こういきへんせいさよう,なし,ES-000130,万〜億年,地域,ES-000133-C01,identify,用語の同定,造山帯など広い範囲で、高い圧力と温度により起こる変成作用を何というか。,広域変成作用,広域変成作用,造山帯など広い範囲で、高い圧力と温度により起こる変成作用。,接触変成作用,広域変成作用は造山運動に伴い広範囲で起こる。,なし,なし,なし,文部科学省「高等学校学習指導要領解説 理科編 理数編」,https://www.mext.go.jp/content/20250311-mxt_kyoiku02-100002620_05.pdf,なし
地学基礎 Deck1 全範囲最重要骨格,ES-000134,134,Deck1｜全範囲の最重要骨格,地球のすがた,変成岩,結晶質石灰岩,けっしょうしつせっかいがん,大理石｜マーブル,ES-000132,万〜億年,試料・露頭,ES-000134-C01,identify,用語の同定,石灰岩が接触変成作用を受け、方解石が再結晶してできる変成岩を何というか。,結晶質石灰岩,結晶質石灰岩｜大理石｜マーブル,石灰岩が接触変成作用を受け、方解石が再結晶してできる変成岩。,石灰岩,結晶質石灰岩は石灰岩が再結晶した変成岩。,なし,なし,なし,大学入試センター「令和8年度大学入学共通テスト 地学基礎」,https://www.dnc.ac.jp/albums/abm.php?d=2144&f=abm00017561.pdf&n=2026_ol_22_chigakukiso.pdf,結晶質石灰岩=けっしょうしつせっかいがん
地学基礎 Deck1 全範囲最重要骨格,ES-000135,135,Deck1｜全範囲の最重要骨格,地球のすがた,変成岩,ホルンフェルス,ほるんふぇるす,なし,ES-000132,万〜億年,試料・露頭,ES-000135-C01,identify,用語の同定,泥岩などが接触変成作用を受けて硬く緻密になった変成岩を何というか。,ホルンフェルス,ホルンフェルス,泥岩などが接触変成作用を受けて硬く緻密になった変成岩。,片麻岩,ホルンフェルスは主に接触変成、片麻岩は主に広域変成。,なし,なし,なし,文部科学省「高等学校学習指導要領解説 理科編 理数編」,https://www.mext.go.jp/content/20250311-mxt_kyoiku02-100002620_05.pdf,なし
地学基礎 Deck1 全範囲最重要骨格,ES-000136,136,Deck1｜全範囲の最重要骨格,地球のすがた,変成岩,片麻岩,へんまがん,なし,ES-000133,万〜億年,試料・露頭,ES-000136-C01,identify,用語の同定,高温・高圧の広域変成作用で、明暗の縞状構造が発達した変成岩を何というか。,片麻岩,片麻岩,高温・高圧の広域変成作用で、明暗の縞状構造が発達した変成岩。,ホルンフェルス,片麻岩には鉱物の分離による縞状構造が発達する。,なし,なし,なし,文部科学省「高等学校学習指導要領解説 理科編 理数編」,https://www.mext.go.jp/content/20250311-mxt_kyoiku02-100002620_05.pdf,片麻岩=へんまがん
地学基礎 Deck1 全範囲最重要骨格,ES-000137,137,Deck1｜全範囲の最重要骨格,地球のすがた,火山活動,火山フロント,かざんふろんと,火山前線,ES-000020｜ES-000031,万〜億年,日本列島,ES-000137-C01,identify,用語の同定,沈み込み帯で、海溝とほぼ平行に火山が並ぶ帯の海溝側の限界を何というか。,火山フロント,火山フロント｜火山前線,沈み込み帯で、海溝とほぼ平行に火山が並ぶ帯の海溝側の限界。,ホットスポット,火山フロントは沈み込み帯に沿う。,なし,なし,なし,文部科学省「高等学校学習指導要領解説 理科編 理数編」,https://www.mext.go.jp/content/20250311-mxt_kyoiku02-100002620_05.pdf,なし
地学基礎 Deck1 全範囲最重要骨格,ES-000138,138,Deck1｜全範囲の最重要骨格,地球のすがた,火山活動,ホットスポット火山,ほっとすぽっとかざん,なし,ES-000115,万〜億年,地域,ES-000138-C01,identify,用語の同定,ホットスポット上で、移動するプレートを突き抜けて形成される火山を何というか。,ホットスポット火山,ホットスポット火山,ホットスポット上で、移動するプレートを突き抜けて形成される火山。,島弧火山,ホットスポット火山はプレート境界から離れて形成されることがある。,なし,なし,なし,文部科学省「高等学校学習指導要領解説 理科編 理数編」,https://www.mext.go.jp/content/20250311-mxt_kyoiku02-100002620_05.pdf,なし
地学基礎 Deck1 全範囲最重要骨格,ES-000139,139,Deck1｜全範囲の最重要骨格,地球のすがた,火山地形,カルデラ,かるでら,なし,ES-000031,複数尺度,地域,ES-000139-C01,identify,用語の同定,大規模噴火後の陥没などで生じる、火口よりはるかに大きいくぼ地を何というか。,カルデラ,カルデラ,大規模噴火後の陥没などで生じる、火口よりはるかに大きいくぼ地。,火口,カルデラは一般に火口より大きく、陥没で形成されることが多い。,なし,なし,なし,大学入試センター「令和8年度大学入学共通テスト 地学基礎」,https://www.dnc.ac.jp/albums/abm.php?d=2144&f=abm00017561.pdf&n=2026_ol_22_chigakukiso.pdf,なし
地学基礎 Deck1 全範囲最重要骨格,ES-000140,140,Deck1｜全範囲の最重要骨格,地球のすがた,火山地形,盾状火山,たてじょうかざん,なし,ES-000031｜ES-000036,万〜億年,地域,ES-000140-C01,identify,用語の同定,粘性の低い玄武岩質溶岩が広く流れ、傾斜の緩い形になった火山を何というか。,盾状火山,盾状火山,粘性の低い玄武岩質溶岩が広く流れ、傾斜の緩い形になった火山。,成層火山,盾状火山は緩斜面、成層火山は比較的急な円錐形。,なし,なし,なし,文部科学省「高等学校学習指導要領解説 理科編 理数編」,https://www.mext.go.jp/content/20250311-mxt_kyoiku02-100002620_05.pdf,盾状火山=たてじょうかざん
地学基礎 Deck1 全範囲最重要骨格,ES-000141,141,Deck1｜全範囲の最重要骨格,地球のすがた,火山地形,成層火山,せいそうかざん,なし,ES-000031｜ES-000044,万〜億年,地域,ES-000141-C01,identify,用語の同定,溶岩と火山砕屑物が重なり、比較的急な円錐形になった火山を何というか。,成層火山,成層火山,溶岩と火山砕屑物が重なり、比較的急な円錐形になった火山。,盾状火山,成層火山は溶岩と火山砕屑物が層状に重なる。,なし,なし,なし,文部科学省「高等学校学習指導要領解説 理科編 理数編」,https://www.mext.go.jp/content/20250311-mxt_kyoiku02-100002620_05.pdf,なし
地学基礎 Deck1 全範囲最重要骨格,ES-000142,142,Deck1｜全範囲の最重要骨格,地球のすがた,火山地形,溶岩ドーム,ようがんどーむ,溶岩円頂丘,ES-000031｜ES-000032,複数尺度,地域,ES-000142-C01,identify,用語の同定,粘性の高い溶岩が火口付近に盛り上がってできるドーム状の地形を何というか。,溶岩ドーム,溶岩ドーム｜溶岩円頂丘,粘性の高い溶岩が火口付近に盛り上がってできるドーム状の地形。,盾状火山,溶岩ドームは粘性の高い溶岩が火口近くにたまる。,なし,なし,なし,文部科学省「高等学校学習指導要領解説 理科編 理数編」,https://www.mext.go.jp/content/20250311-mxt_kyoiku02-100002620_05.pdf,なし
地学基礎 Deck1 全範囲最重要骨格,ES-000143,143,Deck1｜全範囲の最重要骨格,地球のすがた,火山活動,マグマの粘性,まぐまのねんせい,なし,ES-000032,該当なし,試料・露頭,ES-000143-C01,identify,用語の同定,マグマの流れにくさを表す性質を何というか。,マグマの粘性,マグマの粘性,マグマの流れにくさを表す性質。,密度,粘性は流れにくさ、密度は単位体積当たりの質量。,なし,なし,なし,文部科学省「高等学校学習指導要領解説 理科編 理数編」,https://www.mext.go.jp/content/20250311-mxt_kyoiku02-100002620_05.pdf,粘性=ねんせい
地学基礎 Deck1 全範囲最重要骨格,ES-000144,144,Deck1｜全範囲の最重要骨格,地球のすがた,火山活動,二酸化ケイ素含有量,にさんかけいそがんゆうりょう,シリカ含有量｜SiO2含有量,ES-000143,該当なし,試料・露頭,ES-000144-C01,identify,用語の同定,マグマの粘性や火成岩の色と強く関係する、SiO2の割合を何というか。,二酸化ケイ素含有量,二酸化ケイ素含有量｜シリカ含有量｜SiO2含有量,マグマの粘性や火成岩の色と強く関係する、SiO2の割合。,鉄・マグネシウム含有量,一般にSiO2が多いほどマグマの粘性は高い。,なし,なし,なし,文部科学省「高等学校学習指導要領解説 理科編 理数編」,https://www.mext.go.jp/content/20250311-mxt_kyoiku02-100002620_05.pdf,なし
地学基礎 Deck1 全範囲最重要骨格,ES-000145,145,Deck1｜全範囲の最重要骨格,地球のすがた,火山活動,火山ガス,かざんがす,なし,ES-000031,秒〜日,地域,ES-000145-C01,identify,用語の同定,噴火や火口・噴気孔から放出される気体で、主成分は水蒸気であるものを何というか。,火山ガス,火山ガス,噴火や火口・噴気孔から放出される気体で、主成分は水蒸気であるもの。,火山灰,火山ガスは気体、火山灰は直径2 mm未満の固体粒子。,なし,なし,なし,文部科学省「高等学校学習指導要領解説 理科編 理数編」,https://www.mext.go.jp/content/20250311-mxt_kyoiku02-100002620_05.pdf,なし
地学基礎 Deck1 全範囲最重要骨格,ES-000146,146,Deck1｜全範囲の最重要骨格,地球のすがた,火山活動,火山灰,かざんばい,なし,ES-000044,秒〜日,複数尺度,ES-000146-C01,identify,用語の同定,火山砕屑物のうち、直径2 mm未満の細かな粒子を何というか。,火山灰,火山灰,火山砕屑物のうち、直径2 mm未満の細かな粒子。,火山礫,火山灰は直径2 mm未満。,なし,なし,なし,文部科学省「高等学校学習指導要領解説 理科編 理数編」,https://www.mext.go.jp/content/20250311-mxt_kyoiku02-100002620_05.pdf,なし
地学基礎 Deck1 全範囲最重要骨格,ES-000147,147,Deck1｜全範囲の最重要骨格,地球のすがた,火山活動,軽石,かるいし,なし,ES-000044,秒〜日,試料・露頭,ES-000147-C01,identify,用語の同定,ガスの泡の跡が多く、一般に白っぽく軽い多孔質の火山砕屑物を何というか。,軽石,軽石,ガスの泡の跡が多く、一般に白っぽく軽い多孔質の火山砕屑物。,スコリア,軽石は一般に淡色、スコリアは一般に暗色。,なし,なし,なし,文部科学省「高等学校学習指導要領解説 理科編 理数編」,https://www.mext.go.jp/content/20250311-mxt_kyoiku02-100002620_05.pdf,軽石=かるいし
地学基礎 Deck1 全範囲最重要骨格,ES-000148,148,Deck1｜全範囲の最重要骨格,地球のすがた,火山活動,スコリア,すこりあ,なし,ES-000044,秒〜日,試料・露頭,ES-000148-C01,identify,用語の同定,ガスの泡の跡が多く、一般に黒っぽい多孔質の火山砕屑物を何というか。,スコリア,スコリア,ガスの泡の跡が多く、一般に黒っぽい多孔質の火山砕屑物。,軽石,スコリアは一般に暗色、軽石は一般に淡色。,なし,なし,なし,文部科学省「高等学校学習指導要領解説 理科編 理数編」,https://www.mext.go.jp/content/20250311-mxt_kyoiku02-100002620_05.pdf,なし
地学基礎 Deck1 全範囲最重要骨格,ES-000149,149,Deck1｜全範囲の最重要骨格,地球のすがた,火山活動,溶岩流,ようがんりゅう,なし,ES-000032,秒〜日,地域,ES-000149-C01,identify,用語の同定,地表へ噴出した溶岩が斜面に沿って流れる現象を何というか。,溶岩流,溶岩流,地表へ噴出した溶岩が斜面に沿って流れる現象。,火砕流,溶岩流は溶けた岩石の流れ、火砕流はガスと固体粒子の混合流。,なし,なし,なし,文部科学省「高等学校学習指導要領解説 理科編 理数編」,https://www.mext.go.jp/content/20250311-mxt_kyoiku02-100002620_05.pdf,なし
地学基礎 Deck1 全範囲最重要骨格,ES-000150,150,Deck1｜全範囲の最重要骨格,地球のすがた,火山活動,降灰,こうはい,なし,ES-000146,秒〜日,複数尺度,ES-000150-C01,identify,用語の同定,噴煙中の火山灰が地表へ降り積もる現象を何というか。,降灰,降灰,噴煙中の火山灰が地表へ降り積もる現象。,降水,降灰は火山灰の落下、降水は大気中の水が雨や雪として落ちること。,なし,なし,なし,文部科学省「高等学校学習指導要領解説 理科編 理数編」,https://www.mext.go.jp/content/20250311-mxt_kyoiku02-100002620_05.pdf,降灰=こうはい
地学基礎 Deck1 全範囲最重要骨格,ES-000151,151,Deck1｜全範囲の最重要骨格,地球のすがた,火山活動,火山泥流,かざんでいりゅう,ラハール,ES-000146,秒〜日,地域,ES-000151-C01,identify,用語の同定,火山灰などの火山噴出物が水と混ざって谷沿いを流れ下る現象を何というか。,火山泥流,火山泥流｜ラハール,火山灰などの火山噴出物が水と混ざって谷沿いを流れ下る現象。,土石流,火山泥流は火山噴出物を多く含む泥流。,なし,なし,なし,文部科学省「高等学校学習指導要領解説 理科編 理数編」,https://www.mext.go.jp/content/20250311-mxt_kyoiku02-100002620_05.pdf,泥流=でいりゅう
地学基礎 Deck1 全範囲最重要骨格,ES-000152,152,Deck1｜全範囲の最重要骨格,地球のすがた,堆積岩,凝灰岩,ぎょうかいがん,なし,ES-000146,万〜億年,試料・露頭,ES-000152-C01,identify,用語の同定,主に火山灰が堆積して固まった岩石を何というか。,凝灰岩,凝灰岩,主に火山灰が堆積して固まった岩石。,流紋岩,凝灰岩は火山灰が堆積・固結した岩石、流紋岩は溶岩が固まった火山岩。,なし,なし,なし,地質調査総合センター「岩石の分類」,https://www.gsj.jp/geology/fault-fold/formation/r-classification/index.html,凝灰岩=ぎょうかいがん
地学基礎 Deck1 全範囲最重要骨格,ES-000153,153,Deck1｜全範囲の最重要骨格,地球のすがた,鉱物,造岩鉱物,ぞうがんこうぶつ,なし,なし,該当なし,試料・露頭,ES-000153-C01,identify,用語の同定,岩石を構成する主要な鉱物を何というか。,造岩鉱物,造岩鉱物,岩石を構成する主要な鉱物。,なし,なし,なし,なし,なし,地質調査総合センター「岩石の分類」,https://www.gsj.jp/geology/fault-fold/formation/r-classification/index.html,造岩鉱物=ぞうがんこうぶつ
地学基礎 Deck1 全範囲最重要骨格,ES-000154,154,Deck1｜全範囲の最重要骨格,地球のすがた,鉱物,石英,せきえい,クォーツ,ES-000153,該当なし,試料・露頭,ES-000154-C01,identify,用語の同定,SiO2を主成分とし、へき開がなくガラス光沢を示す代表的な造岩鉱物を何というか。,石英,石英｜クォーツ,SiO2を主成分とし、へき開がなくガラス光沢を示す代表的な造岩鉱物。,長石,石英には明瞭なへき開がなく、長石にはへき開がある。,なし,なし,なし,地質調査総合センター「岩石の分類」,https://www.gsj.jp/geology/fault-fold/formation/r-classification/index.html,石英=せきえい
地学基礎 Deck1 全範囲最重要骨格,ES-000155,155,Deck1｜全範囲の最重要骨格,地球のすがた,鉱物,長石,ちょうせき,なし,ES-000153,該当なし,試料・露頭,ES-000155-C01,identify,用語の同定,地殻の岩石に広く含まれ、二方向のへき開をもつ代表的な造岩鉱物を何というか。,長石,長石,地殻の岩石に広く含まれ、二方向のへき開をもつ代表的な造岩鉱物。,石英,長石には二方向のへき開があり、石英には明瞭なへき開がない。,なし,なし,なし,地質調査総合センター「岩石の分類」,https://www.gsj.jp/geology/fault-fold/formation/r-classification/index.html,長石=ちょうせき
地学基礎 Deck1 全範囲最重要骨格,ES-000156,156,Deck1｜全範囲の最重要骨格,地球のすがた,鉱物,黒雲母,くろうんも,なし,ES-000153,該当なし,試料・露頭,ES-000156-C01,identify,用語の同定,黒色で薄いシート状にはがれやすい造岩鉱物を何というか。,黒雲母,黒雲母,黒色で薄いシート状にはがれやすい造岩鉱物。,角閃石,黒雲母は薄い板状にはがれやすい。,なし,なし,なし,地質調査総合センター「岩石の分類」,https://www.gsj.jp/geology/fault-fold/formation/r-classification/index.html,黒雲母=くろうんも
地学基礎 Deck1 全範囲最重要骨格,ES-000157,157,Deck1｜全範囲の最重要骨格,地球のすがた,鉱物,輝石,きせき,なし,ES-000153,該当なし,試料・露頭,ES-000157-C01,identify,用語の同定,暗色で短い柱状の結晶になりやすい造岩鉱物を何というか。,輝石,輝石,暗色で短い柱状の結晶になりやすい造岩鉱物。,角閃石,輝石は短い柱状、角閃石は細長い柱状になりやすい。,なし,なし,なし,地質調査総合センター「岩石の分類」,https://www.gsj.jp/geology/fault-fold/formation/r-classification/index.html,輝石=きせき
地学基礎 Deck1 全範囲最重要骨格,ES-000158,158,Deck1｜全範囲の最重要骨格,地球のすがた,鉱物,かんらん石,かんらんせき,橄欖石｜オリビン,ES-000153,該当なし,試料・露頭,ES-000158-C01,identify,用語の同定,黄緑色で粒状になりやすく、玄武岩やかんらん岩に多い造岩鉱物を何というか。,かんらん石,かんらん石｜橄欖石｜オリビン,黄緑色で粒状になりやすく、玄武岩やかんらん岩に多い造岩鉱物。,輝石,かんらん石は黄緑色の粒状結晶が特徴。,なし,なし,なし,地質調査総合センター「岩石の分類」,https://www.gsj.jp/geology/fault-fold/formation/r-classification/index.html,橄欖石=かんらんせき
地学基礎 Deck1 全範囲最重要骨格,ES-000159,159,Deck1｜全範囲の最重要骨格,地球のすがた,鉱物,角閃石,かくせんせき,なし,ES-000153,該当なし,試料・露頭,ES-000159-C01,identify,用語の同定,暗色で細長い柱状の結晶になりやすい造岩鉱物を何というか。,角閃石,角閃石,暗色で細長い柱状の結晶になりやすい造岩鉱物。,輝石,角閃石は細長い柱状、輝石は短い柱状になりやすい。,なし,なし,なし,地質調査総合センター「岩石の分類」,https://www.gsj.jp/geology/fault-fold/formation/r-classification/index.html,角閃石=かくせんせき
地学基礎 Deck1 全範囲最重要骨格,ES-000160,160,Deck1｜全範囲の最重要骨格,地球のすがた,鉱物,方解石,ほうかいせき,なし,ES-000153,該当なし,試料・露頭,ES-000160-C01,identify,用語の同定,CaCO3を主成分とし、石灰岩や結晶質石灰岩を構成する鉱物を何というか。,方解石,方解石,CaCO3を主成分とし、石灰岩や結晶質石灰岩を構成する鉱物。,石英,方解石は希塩酸で発泡し、石英は発泡しない。,なし,なし,なし,大学入試センター「令和8年度大学入学共通テスト 地学基礎」,https://www.dnc.ac.jp/albums/abm.php?d=2144&f=abm00017561.pdf&n=2026_ol_22_chigakukiso.pdf,方解石=ほうかいせき
地学基礎 Deck1 全範囲最重要骨格,ES-000161,161,Deck1｜全範囲の最重要骨格,変動する地球,堆積岩,堆積岩,たいせきがん,なし,なし,万〜億年,試料・露頭,ES-000161-C01,identify,用語の同定,堆積物が押し固められ、固結してできた岩石を何というか。,堆積岩,堆積岩,堆積物が押し固められ、固結してできた岩石。,火成岩,堆積岩は堆積物の固結、火成岩はマグマの冷却でできる。,なし,なし,なし,地質調査総合センター「岩石の分類」,https://www.gsj.jp/geology/fault-fold/formation/r-classification/index.html,堆積岩=たいせきがん
地学基礎 Deck1 全範囲最重要骨格,ES-000162,162,Deck1｜全範囲の最重要骨格,変動する地球,堆積岩,砕屑岩,さいせつがん,なし,ES-000161,万〜億年,試料・露頭,ES-000162-C01,identify,用語の同定,岩石の破片が運搬・堆積し、固結してできた堆積岩を何というか。,砕屑岩,砕屑岩,岩石の破片が運搬・堆積し、固結してできた堆積岩。,生物岩,砕屑岩は主に既存岩石の破片からできる。,なし,なし,なし,地質調査総合センター「岩石の分類」,https://www.gsj.jp/geology/fault-fold/formation/r-classification/index.html,砕屑岩=さいせつがん
地学基礎 Deck1 全範囲最重要骨格,ES-000163,163,Deck1｜全範囲の最重要骨格,変動する地球,堆積岩,礫岩,れきがん,なし,ES-000162,万〜億年,試料・露頭,ES-000163-C01,identify,用語の同定,主に直径2 mm以上の丸みを帯びた礫が固結した砕屑岩を何というか。,礫岩,礫岩,主に直径2 mm以上の丸みを帯びた礫が固結した砕屑岩。,砂岩,礫岩の主要粒子は直径2 mm以上。,なし,なし,なし,地質調査総合センター「岩石の分類」,https://www.gsj.jp/geology/fault-fold/formation/r-classification/index.html,礫岩=れきがん
地学基礎 Deck1 全範囲最重要骨格,ES-000164,164,Deck1｜全範囲の最重要骨格,変動する地球,堆積岩,砂岩,さがん,なし,ES-000162,万〜億年,試料・露頭,ES-000164-C01,identify,用語の同定,主に直径約2 mmから16分の1 mmの砂粒が固結した砕屑岩を何というか。,砂岩,砂岩,主に直径約2 mmから16分の1 mmの砂粒が固結した砕屑岩。,泥岩,砂岩は泥岩より粒が粗い。,なし,なし,なし,地質調査総合センター「岩石の分類」,https://www.gsj.jp/geology/fault-fold/formation/r-classification/index.html,なし
地学基礎 Deck1 全範囲最重要骨格,ES-000165,165,Deck1｜全範囲の最重要骨格,変動する地球,堆積岩,泥岩,でいがん,なし,ES-000162,万〜億年,試料・露頭,ES-000165-C01,identify,用語の同定,主に直径16分の1 mm未満の細かな泥が固結した砕屑岩を何というか。,泥岩,泥岩,主に直径16分の1 mm未満の細かな泥が固結した砕屑岩。,砂岩,泥岩は砂岩より粒が細かい。,なし,なし,なし,地質調査総合センター「岩石の分類」,https://www.gsj.jp/geology/fault-fold/formation/r-classification/index.html,泥岩=でいがん
地学基礎 Deck1 全範囲最重要骨格,ES-000166,166,Deck1｜全範囲の最重要骨格,変動する地球,堆積岩,石灰岩,せっかいがん,なし,ES-000161,万〜億年,試料・露頭,ES-000166-C01,identify,用語の同定,主に炭酸カルシウムからなり、生物の殻などを起源とすることが多い堆積岩を何というか。,石灰岩,石灰岩,主に炭酸カルシウムからなり、生物の殻などを起源とすることが多い堆積岩。,チャート,石灰岩は主にCaCO3、チャートは主にSiO2。,なし,なし,なし,地質調査総合センター「岩石の分類」,https://www.gsj.jp/geology/fault-fold/formation/r-classification/index.html,石灰岩=せっかいがん
地学基礎 Deck1 全範囲最重要骨格,ES-000167,167,Deck1｜全範囲の最重要骨格,変動する地球,堆積岩,チャート,ちゃーと,なし,ES-000161,万〜億年,試料・露頭,ES-000167-C01,identify,用語の同定,主に二酸化ケイ素からなり、放散虫などの殻が堆積してできることが多い硬い堆積岩を何というか。,チャート,チャート,主に二酸化ケイ素からなり、放散虫などの殻が堆積してできることが多い硬い堆積岩。,石灰岩,チャートは主にSiO2、石灰岩は主にCaCO3。,なし,なし,なし,地質調査総合センター「岩石の分類」,https://www.gsj.jp/geology/fault-fold/formation/r-classification/index.html,なし
地学基礎 Deck1 全範囲最重要骨格,ES-000168,168,Deck1｜全範囲の最重要骨格,変動する地球,堆積岩,石炭,せきたん,なし,ES-000161,万〜億年,試料・露頭,ES-000168-C01,identify,用語の同定,陸上植物の遺体が地中に埋没し、圧力や熱を受けて炭素に富んだものを何というか。,石炭,石炭,陸上植物の遺体が地中に埋没し、圧力や熱を受けて炭素に富んだもの。,石油,石炭は主に陸上植物を起源とする固体資源。,なし,なし,なし,文部科学省「高等学校学習指導要領解説 理科編 理数編」,https://www.mext.go.jp/content/20250311-mxt_kyoiku02-100002620_05.pdf,なし
地学基礎 Deck1 全範囲最重要骨格,ES-000169,169,Deck1｜全範囲の最重要骨格,変動する地球,地表の変化,岩石の風化,がんせきのふうか,風化作用,なし,複数尺度,試料・露頭,ES-000169-C01,identify,用語の同定,地表付近の岩石が、気温変化・水・空気・生物などにより崩れたり変質したりする作用を何というか。,岩石の風化,岩石の風化｜風化作用,地表付近の岩石が、気温変化・水・空気・生物などにより崩れたり変質したりする作用。,侵食,風化はその場で岩石を壊し、侵食は削って運び去る。,なし,なし,なし,大学入試センター「令和8年度大学入学共通テスト 地学基礎」,https://www.dnc.ac.jp/albums/abm.php?d=2144&f=abm00017561.pdf&n=2026_ol_22_chigakukiso.pdf,なし
地学基礎 Deck1 全範囲最重要骨格,ES-000170,170,Deck1｜全範囲の最重要骨格,変動する地球,地表の変化,物理的風化,ぶつりてきふうか,機械的風化,ES-000169,複数尺度,試料・露頭,ES-000170-C01,identify,用語の同定,岩石の化学組成を大きく変えず、温度変化や凍結などで細かく砕く風化を何というか。,物理的風化,物理的風化｜機械的風化,岩石の化学組成を大きく変えず、温度変化や凍結などで細かく砕く風化。,化学的風化,物理的風化は組成をほぼ変えずに砕く。,なし,なし,なし,大学入試センター「令和8年度大学入学共通テスト 地学基礎」,https://www.dnc.ac.jp/albums/abm.php?d=2144&f=abm00017561.pdf&n=2026_ol_22_chigakukiso.pdf,なし
地学基礎 Deck1 全範囲最重要骨格,ES-000171,171,Deck1｜全範囲の最重要骨格,変動する地球,地表の変化,化学的風化,かがくてきふうか,なし,ES-000169,複数尺度,試料・露頭,ES-000171-C01,identify,用語の同定,水や酸素などとの化学反応によって鉱物が別の物質へ変化する風化を何というか。,化学的風化,化学的風化,水や酸素などとの化学反応によって鉱物が別の物質へ変化する風化。,物理的風化,化学的風化では鉱物の化学組成が変化する。,なし,なし,なし,大学入試センター「令和8年度大学入学共通テスト 地学基礎」,https://www.dnc.ac.jp/albums/abm.php?d=2144&f=abm00017561.pdf&n=2026_ol_22_chigakukiso.pdf,なし
地学基礎 Deck1 全範囲最重要骨格,ES-000172,172,Deck1｜全範囲の最重要骨格,変動する地球,自然災害,土石流,どせきりゅう,なし,なし,秒〜日,地域,ES-000172-C01,identify,用語の同定,大雨などで土砂や岩石が大量の水と混ざり、谷沿いを急速に流れ下る現象を何というか。,土石流,土石流,大雨などで土砂や岩石が大量の水と混ざり、谷沿いを急速に流れ下る現象。,地すべり,土石流は水と土砂が一体となって谷を高速で流れる。,なし,なし,なし,大学入試センター「令和8年度大学入学共通テスト 地学基礎」,https://www.dnc.ac.jp/albums/abm.php?d=2144&f=abm00017561.pdf&n=2026_ol_22_chigakukiso.pdf,なし
地学基礎 Deck1 全範囲最重要骨格,ES-000173,173,Deck1｜全範囲の最重要骨格,変動する地球,自然災害,地すべり,じすべり,なし,なし,複数尺度,地域,ES-000173-C01,identify,用語の同定,斜面の土塊が特定のすべり面に沿ってまとまって移動する現象を何というか。,地すべり,地すべり,斜面の土塊が特定のすべり面に沿ってまとまって移動する現象。,斜面崩壊,地すべりはすべり面に沿って比較的まとまった塊が移動する。,なし,なし,なし,文部科学省「高等学校学習指導要領解説 理科編 理数編」,https://www.mext.go.jp/content/20250311-mxt_kyoiku02-100002620_05.pdf,なし
地学基礎 Deck1 全範囲最重要骨格,ES-000174,174,Deck1｜全範囲の最重要骨格,変動する地球,自然災害,斜面崩壊,しゃめんほうかい,がけ崩れ,なし,秒〜日,地域,ES-000174-C01,identify,用語の同定,斜面表層の土砂や岩石が重力により急に崩れ落ちる現象を何というか。,斜面崩壊,斜面崩壊｜がけ崩れ,斜面表層の土砂や岩石が重力により急に崩れ落ちる現象。,地すべり,斜面崩壊は斜面表層が急に崩れることが多い。,なし,なし,なし,文部科学省「高等学校学習指導要領解説 理科編 理数編」,https://www.mext.go.jp/content/20250311-mxt_kyoiku02-100002620_05.pdf,なし
地学基礎 Deck1 全範囲最重要骨格,ES-000175,175,Deck1｜全範囲の最重要骨格,地球のすがた,地震活動,S-P時間,えすぴーじかん,初期微動継続時間,ES-000024｜ES-000025,秒〜日,地域,ES-000175-C01,formula,時間差の式,S-P時間は、P波とS波の到着時刻を使ってどのように表すか。,S波到着時刻−P波到着時刻,S波到着時刻−P波到着時刻｜S波の到着時刻からP波の到着時刻を引く,震源から遠いほど、一般にP波とS波の到着時刻の差は大きくなる。,なし,なし,S-P時間=S波到着時刻−P波到着時刻,秒,なし,地震調査研究推進本部「地震・津波の用語集」,https://www.jishin.go.jp/main/yogo/c.htm,なし
地学基礎 Deck1 全範囲最重要骨格,ES-000176,176,Deck1｜全範囲の最重要骨格,地球のすがた,地震活動,地震計,じしんけい,なし,ES-000021,秒〜日,地域,ES-000176-C01,identify,用語の同定,地面の揺れを時間とともに記録する観測装置を何というか。,地震計,地震計,地面の揺れを時間とともに記録する観測装置。,震度計,地震計は波形を記録し、震度計は震度算出に用いる観測装置。,なし,なし,なし,地震調査研究推進本部「地震・津波の用語集」,https://www.jishin.go.jp/main/yogo/c.htm,なし
地学基礎 Deck1 全範囲最重要骨格,ES-000177,177,Deck1｜全範囲の最重要骨格,変動する地球,自然災害,緊急地震速報,きんきゅうじしんそくほう,なし,ES-000024｜ES-000025,秒〜日,日本列島,ES-000177-C01,identify,用語の同定,先に到着するP波を検知し、強い揺れをもたらすS波の到着前に可能な範囲で知らせる情報を何というか。,緊急地震速報,緊急地震速報,先に到着するP波を検知し、強い揺れをもたらすS波の到着前に可能な範囲で知らせる情報。,地震予知,地震の発生前を予知するものではなく、発生後のP波から強い揺れを推定する。,なし,なし,なし,地震調査研究推進本部「緊急地震速報」,https://www.jishin.go.jp/resource/column/2010_1009_05/,なし
地学基礎 Deck1 全範囲最重要骨格,ES-000178,178,Deck1｜全範囲の最重要骨格,変動する地球,自然災害,長周期地震動,ちょうしゅうきじしんどう,なし,ES-000021,秒〜日,複数尺度,ES-000178-C01,identify,用語の同定,周期が長く、高層建物などを大きく長時間揺らすことがある地震動を何というか。,長周期地震動,長周期地震動,周期が長く、高層建物などを大きく長時間揺らすことがある地震動。,津波,長周期地震動は地盤・建物の揺れ、津波は海水の波。,なし,なし,なし,地震調査研究推進本部「地震・津波の用語集」,https://www.jishin.go.jp/main/yogo/c.htm,なし
地学基礎 Deck1 全範囲最重要骨格,ES-000179,179,Deck1｜全範囲の最重要骨格,地球のすがた,地震活動,本震,ほんしん,なし,ES-000021,秒〜日,地域,ES-000179-C01,identify,用語の同定,一連の地震活動の中で、中心となる最大規模の地震を何というか。,本震,本震,一連の地震活動の中で、中心となる最大規模の地震。,余震,本震は一連の活動の中心となる最大規模の地震。,なし,なし,なし,地震調査研究推進本部「地震・津波の用語集」,https://www.jishin.go.jp/main/yogo/c.htm,なし
地学基礎 Deck1 全範囲最重要骨格,ES-000180,180,Deck1｜全範囲の最重要骨格,地球のすがた,地震活動,余震,よしん,なし,ES-000179,複数尺度,地域,ES-000180-C01,identify,用語の同定,本震の後に、震源域やその周辺で続いて起こる地震を何というか。,余震,余震,本震の後に、震源域やその周辺で続いて起こる地震。,本震,余震は本震後に起こる。,なし,なし,なし,地震調査研究推進本部「地震・津波の用語集」,https://www.jishin.go.jp/main/yogo/c.htm,なし
地学基礎 Deck1 全範囲最重要骨格,ES-000181,181,Deck1｜全範囲の最重要骨格,地球のすがた,地震活動,津波の波長,つなみのはちょう,なし,ES-000046,秒〜日,複数尺度,ES-000181-C01,scale,波長の尺度,津波の波長は、沖合ではおよそどの程度の長さになることがあるか。,数十〜数百km,数十〜数百km｜数十kmから数百km,津波は風による波よりはるかに波長が長く、海水の深い部分まで動く。,なし,なし,なし,km,なし,大学入試センター「令和8年度大学入学共通テスト 地学基礎」,https://www.dnc.ac.jp/albums/abm.php?d=2144&f=abm00017561.pdf&n=2026_ol_22_chigakukiso.pdf,なし
地学基礎 Deck1 全範囲最重要骨格,ES-000182,182,Deck1｜全範囲の最重要骨格,地球のすがた,地震活動,津波の速度,つなみのそくど,なし,ES-000046,秒〜日,複数尺度,ES-000182-C01,formula,津波速度の式,水深をh、重力加速度をgとすると、津波の速さvはどの式で近似されるか。,v=√(gh),v=√(gh)｜√(gh),津波は水深が深いほど速く、浅くなるほど遅くなる。,なし,なし,v=√(gh),m/s,なし,大学入試センター「令和8年度大学入学共通テスト 地学基礎」,https://www.dnc.ac.jp/albums/abm.php?d=2144&f=abm00017561.pdf&n=2026_ol_22_chigakukiso.pdf,なし
地学基礎 Deck1 全範囲最重要骨格,ES-000183,183,Deck1｜全範囲の最重要骨格,変動する地球,自然災害,津波の遡上,つなみのそじょう,なし,ES-000046,秒〜日,地域,ES-000183-C01,identify,用語の同定,津波が海岸から陸上へはい上がることを何というか。,津波の遡上,津波の遡上,津波が海岸から陸上へはい上がること。,津波高,遡上は陸上へ進む現象で、遡上高は到達地点の高さ。,なし,なし,なし,文部科学省「高等学校学習指導要領解説 理科編 理数編」,https://www.mext.go.jp/content/20250311-mxt_kyoiku02-100002620_05.pdf,遡上=そじょう
地学基礎 Deck1 全範囲最重要骨格,ES-000184,184,Deck1｜全範囲の最重要骨格,変動する地球,地層と化石,津波堆積物,つなみたいせきぶつ,なし,ES-000046,複数尺度,試料・露頭,ES-000184-C01,identify,用語の同定,津波が運び、陸上や海底に残した砂や泥などの堆積物を何というか。,津波堆積物,津波堆積物,津波が運び、陸上や海底に残した砂や泥などの堆積物。,通常の海浜堆積物,津波堆積物は内陸側への広がりや異質な粒子などを手がかりに判別する。,なし,なし,なし,大学入試センター「令和7年度大学入学共通テスト 地学基礎」,https://www.dnc.ac.jp/albums/abm.php?d=771&f=abm00005971.pdf&n=2025_op_38_chigakukiso.pdf,なし
地学基礎 Deck1 全範囲最重要骨格,ES-000185,185,Deck1｜全範囲の最重要骨格,地球のすがた,大気の構造,大気圧,たいきあつ,気圧,ES-000047,秒〜日,複数尺度,ES-000185-C01,identify,用語の同定,大気の重さによって単位面積に働く圧力を何というか。,大気圧,大気圧｜気圧,大気の重さによって単位面積に働く圧力。,水圧,大気圧は上にある空気の重さによる圧力。,なし,なし,なし,気象庁「大気の構造と流れ」,https://www.jma.go.jp/jma/kishou/know/whitep/1-1-1.html,なし
地学基礎 Deck1 全範囲最重要骨格,ES-000186,186,Deck1｜全範囲の最重要骨格,地球のすがた,大気の構造,気温減率,きおんげんりつ,なし,ES-000048,複数尺度,地球規模,ES-000186-C01,identify,用語の同定,対流圏で高度が上がるにつれて気温が低下する平均的な割合を何というか。,気温減率,気温減率,対流圏の平均的な気温減率は約6.5℃/kmだが、実際の値は場所や時刻で変わる。,断熱減率,気温減率は実際の大気の平均的変化、断熱減率は空気塊の断熱変化。,なし,なし,なし,気象庁「大気の構造と流れ」,https://www.jma.go.jp/jma/kishou/know/whitep/1-1-1.html,なし
地学基礎 Deck1 全範囲最重要骨格,ES-000187,187,Deck1｜全範囲の最重要骨格,地球のすがた,地球の熱収支,放射冷却,ほうしゃれいきゃく,なし,ES-000054,秒〜日,地域,ES-000187-C01,identify,用語の同定,地表が赤外線を放出して冷える現象を何というか。,放射冷却,放射冷却,地表が赤外線を放出して冷える現象。,断熱冷却,放射冷却は電磁波の放出、断熱冷却は空気の膨張で起こる。,なし,なし,なし,大学入試センター「令和7年度大学入学共通テスト 地学基礎」,https://www.dnc.ac.jp/albums/abm.php?d=771&f=abm00005971.pdf&n=2025_op_38_chigakukiso.pdf,なし
地学基礎 Deck1 全範囲最重要骨格,ES-000188,188,Deck1｜全範囲の最重要骨格,地球のすがた,地球の熱収支,アルベド,あるべど,反射率,ES-000053,該当なし,複数尺度,ES-000188-C01,identify,用語の同定,入射した太陽放射のうち、表面が反射する割合を何というか。,アルベド,アルベド｜反射率,入射した太陽放射のうち、表面が反射する割合。,吸収率,アルベドが大きいほど太陽放射を多く反射する。,なし,なし,なし,大学入試センター「令和7年度大学入学共通テスト 地学基礎」,https://www.dnc.ac.jp/albums/abm.php?d=771&f=abm00005971.pdf&n=2025_op_38_chigakukiso.pdf,なし
地学基礎 Deck1 全範囲最重要骨格,ES-000189,189,Deck1｜全範囲の最重要骨格,地球のすがた,地球の熱収支,温室効果ガス,おんしつこうかがす,なし,ES-000056,複数尺度,地球規模,ES-000189-C01,identify,用語の同定,地球放射の赤外線を吸収・再放射する大気中の気体を何というか。,温室効果ガス,温室効果ガス,地球放射の赤外線を吸収・再放射する大気中の気体。,オゾン層破壊物質,温室効果ガスは赤外線吸収、オゾン層破壊物質は成層圏オゾン減少に関与する。,なし,なし,なし,文部科学省「高等学校学習指導要領解説 理科編 理数編」,https://www.mext.go.jp/content/20250311-mxt_kyoiku02-100002620_05.pdf,なし
地学基礎 Deck1 全範囲最重要骨格,ES-000190,190,Deck1｜全範囲の最重要骨格,地球のすがた,地球の熱収支,水蒸気,すいじょうき,なし,ES-000189,秒〜日,複数尺度,ES-000190-C01,identify,用語の同定,大気中に気体として存在する水で、主要な温室効果ガスでもあるものを何というか。,水蒸気,水蒸気,大気中に気体として存在する水で、主要な温室効果ガスでもあるもの。,雲粒,水蒸気は気体で目に見えず、雲粒は液体または固体。,なし,なし,なし,文部科学省「高等学校学習指導要領解説 理科編 理数編」,https://www.mext.go.jp/content/20250311-mxt_kyoiku02-100002620_05.pdf,なし
地学基礎 Deck1 全範囲最重要骨格,ES-000191,191,Deck1｜全範囲の最重要骨格,地球のすがた,地球の熱収支,二酸化炭素,にさんかたんそ,CO2,ES-000189,複数尺度,地球規模,ES-000191-C01,identify,用語の同定,化石燃料の燃焼などでも増加し、地球放射を吸収する温室効果ガスを何というか。,二酸化炭素,二酸化炭素｜CO2,化石燃料の燃焼などでも増加し、地球放射を吸収する温室効果ガス。,一酸化炭素,二酸化炭素はCO2、一酸化炭素はCO。,なし,なし,なし,文部科学省「高等学校学習指導要領解説 理科編 理数編」,https://www.mext.go.jp/content/20250311-mxt_kyoiku02-100002620_05.pdf,なし
地学基礎 Deck1 全範囲最重要骨格,ES-000192,192,Deck1｜全範囲の最重要骨格,地球のすがた,地球の熱収支,メタン,めたん,CH4,ES-000189,複数尺度,地球規模,ES-000192-C01,identify,用語の同定,湿地・家畜・化石燃料利用などから放出される、炭素と水素からなる温室効果ガスを何というか。,メタン,メタン｜CH4,湿地・家畜・化石燃料利用などから放出される、炭素と水素からなる温室効果ガス。,二酸化炭素,メタンはCH4、二酸化炭素はCO2。,なし,なし,なし,文部科学省「高等学校学習指導要領解説 理科編 理数編」,https://www.mext.go.jp/content/20250311-mxt_kyoiku02-100002620_05.pdf,なし
地学基礎 Deck1 全範囲最重要骨格,ES-000193,193,Deck1｜全範囲の最重要骨格,地球のすがた,地球の熱収支,熱の輸送,ねつのゆそう,なし,ES-000057｜ES-000062,複数尺度,地球規模,ES-000193-C01,identify,用語の同定,大気と海洋が低緯度の余分な熱を高緯度へ運び、緯度間の受熱差を小さくする働きを何というか。,熱の輸送,熱の輸送,大気と海洋が低緯度の余分な熱を高緯度へ運び、緯度間の受熱差を小さくする働き。,なし,なし,なし,なし,なし,文部科学省「高等学校学習指導要領解説 理科編 理数編」,https://www.mext.go.jp/content/20250311-mxt_kyoiku02-100002620_05.pdf,なし
地学基礎 Deck1 全範囲最重要骨格,ES-000194,194,Deck1｜全範囲の最重要骨格,地球のすがた,大気の構造,対流圏界面,たいりゅうけんかいめん,圏界面｜トロポポーズ,ES-000048｜ES-000049,該当なし,地球規模,ES-000194-C01,identify,用語の同定,対流圏と成層圏の境界を何というか。,対流圏界面,対流圏界面｜圏界面｜トロポポーズ,対流圏と成層圏の境界。,成層圏,対流圏界面は二つの層の境界で、成層圏はその上の層。,なし,なし,なし,気象庁「大気の構造と流れ」,https://www.jma.go.jp/jma/kishou/know/whitep/1-1-1.html,対流圏界面=たいりゅうけんかいめん
地学基礎 Deck1 全範囲最重要骨格,ES-000195,195,Deck1｜全範囲の最重要骨格,地球のすがた,大気の構造,紫外線,しがいせん,なし,ES-000052,秒〜日,複数尺度,ES-000195-C01,identify,用語の同定,可視光線より波長が短く、成層圏のオゾンに多く吸収される電磁波を何というか。,紫外線,紫外線,可視光線より波長が短く、成層圏のオゾンに多く吸収される電磁波。,赤外線,紫外線は可視光より短波長、赤外線は長波長。,なし,なし,なし,気象庁「オゾン層とは」,https://www.jma.go.jp/jma/kishou/know/env/ozonehp/3-10ozone.html,紫外線=しがいせん
地学基礎 Deck1 全範囲最重要骨格,ES-000196,196,Deck1｜全範囲の最重要骨格,地球のすがた,地球の熱収支,赤外線,せきがいせん,なし,ES-000054,秒〜日,複数尺度,ES-000196-C01,identify,用語の同定,可視光線より波長が長く、地球放射の中心となる電磁波を何というか。,赤外線,赤外線,可視光線より波長が長く、地球放射の中心となる電磁波。,紫外線,赤外線は可視光より長波長、紫外線は短波長。,なし,なし,なし,文部科学省「高等学校学習指導要領解説 理科編 理数編」,https://www.mext.go.jp/content/20250311-mxt_kyoiku02-100002620_05.pdf,赤外線=せきがいせん
地学基礎 Deck1 全範囲最重要骨格,ES-000197,197,Deck1｜全範囲の最重要骨格,地球のすがた,大気中の水,雲,くも,なし,ES-000190,秒〜日,地域,ES-000197-C01,identify,用語の同定,大気中で水蒸気が凝結・凝華してできた微小な水滴や氷晶の集まりを何というか。,雲,雲,大気中で水蒸気が凝結・凝華してできた微小な水滴や氷晶の集まり。,水蒸気,雲は液体の水滴や固体の氷晶で、水蒸気は気体。,なし,なし,なし,文部科学省「高等学校学習指導要領解説 理科編 理数編」,https://www.mext.go.jp/content/20250311-mxt_kyoiku02-100002620_05.pdf,なし
地学基礎 Deck1 全範囲最重要骨格,ES-000198,198,Deck1｜全範囲の最重要骨格,地球のすがた,大気中の水,凝結,ぎょうけつ,なし,ES-000190,秒〜日,複数尺度,ES-000198-C01,identify,用語の同定,水蒸気が冷えて液体の水滴へ変化することを何というか。,凝結,凝結,水蒸気が冷えて液体の水滴へ変化すること。,凝華,凝結は気体から液体、凝華は気体から固体。,なし,なし,なし,文部科学省「高等学校学習指導要領解説 理科編 理数編」,https://www.mext.go.jp/content/20250311-mxt_kyoiku02-100002620_05.pdf,凝結=ぎょうけつ
地学基礎 Deck1 全範囲最重要骨格,ES-000199,199,Deck1｜全範囲の最重要骨格,地球のすがた,大気中の水,飽和水蒸気量,ほうわすいじょうきりょう,なし,ES-000190,該当なし,試料・露頭,ES-000199-C01,identify,用語の同定,一定体積の空気が、その温度で含むことのできる水蒸気量の上限を何というか。,飽和水蒸気量,飽和水蒸気量,一定体積の空気が、その温度で含むことのできる水蒸気量の上限。,実際の水蒸気量,飽和水蒸気量は温度が高いほど一般に大きい。,なし,なし,なし,文部科学省「高等学校学習指導要領解説 理科編 理数編」,https://www.mext.go.jp/content/20250311-mxt_kyoiku02-100002620_05.pdf,飽和=ほうわ
地学基礎 Deck1 全範囲最重要骨格,ES-000200,200,Deck1｜全範囲の最重要骨格,地球のすがた,大気中の水,相対湿度,そうたいしつど,湿度,ES-000199,秒〜日,複数尺度,ES-000200-C01,formula,湿度の式,相対湿度は、実際の水蒸気量と飽和水蒸気量を使ってどの式で表すか。,実際の水蒸気量÷飽和水蒸気量×100,実際の水蒸気量÷飽和水蒸気量×100｜（実際の水蒸気量／飽和水蒸気量）×100,相対湿度は、その温度で空気が飽和にどれだけ近いかを百分率で表す。,なし,なし,相対湿度=(実際の水蒸気量÷飽和水蒸気量)×100,%,なし,文部科学省「高等学校学習指導要領解説 理科編 理数編」,https://www.mext.go.jp/content/20250311-mxt_kyoiku02-100002620_05.pdf,なし
地学基礎 Deck1 全範囲最重要骨格,ES-000201,201,Deck1｜全範囲の最重要骨格,地球のすがた,大気中の水,露点,ろてん,なし,ES-000198｜ES-000199,秒〜日,複数尺度,ES-000201-C01,identify,用語の同定,空気を冷やしたとき、水蒸気が飽和して凝結を始める温度を何というか。,露点,露点,空気を冷やしたとき、水蒸気が飽和して凝結を始める温度。,気温,露点は凝結が始まる温度で、現在の気温とは別の値。,なし,なし,なし,文部科学省「高等学校学習指導要領解説 理科編 理数編」,https://www.mext.go.jp/content/20250311-mxt_kyoiku02-100002620_05.pdf,露点=ろてん
地学基礎 Deck1 全範囲最重要骨格,ES-000202,202,Deck1｜全範囲の最重要骨格,地球のすがた,大気中の水,降水,こうすい,なし,ES-000197,秒〜日,地域,ES-000202-C01,identify,用語の同定,雲から雨・雪・あられなどの水が地表へ落下する現象を何というか。,降水,降水,雲から雨・雪・あられなどの水が地表へ落下する現象。,凝結,凝結は雲粒などができる変化、降水はそれが地表へ落ちる現象。,なし,なし,なし,文部科学省「高等学校学習指導要領解説 理科編 理数編」,https://www.mext.go.jp/content/20250311-mxt_kyoiku02-100002620_05.pdf,降水=こうすい
地学基礎 Deck1 全範囲最重要骨格,ES-000203,203,Deck1｜全範囲の最重要骨格,地球のすがた,気圧と風,低気圧,ていきあつ,なし,ES-000185,秒〜日,地域,ES-000203-C01,identify,用語の同定,周囲より気圧が低く、地表付近で空気が集まり上昇しやすい領域を何というか。,低気圧,低気圧,周囲より気圧が低く、地表付近で空気が集まり上昇しやすい領域。,高気圧,低気圧では地表付近で収束・上昇しやすい。,なし,なし,なし,文部科学省「高等学校学習指導要領解説 理科編 理数編」,https://www.mext.go.jp/content/20250311-mxt_kyoiku02-100002620_05.pdf,なし
地学基礎 Deck1 全範囲最重要骨格,ES-000204,204,Deck1｜全範囲の最重要骨格,地球のすがた,気圧と風,高気圧,こうきあつ,なし,ES-000185,秒〜日,地域,ES-000204-C01,identify,用語の同定,周囲より気圧が高く、地表付近で空気が広がり下降しやすい領域を何というか。,高気圧,高気圧,周囲より気圧が高く、地表付近で空気が広がり下降しやすい領域。,低気圧,高気圧では下降気流と地表付近の発散が起こりやすい。,なし,なし,なし,文部科学省「高等学校学習指導要領解説 理科編 理数編」,https://www.mext.go.jp/content/20250311-mxt_kyoiku02-100002620_05.pdf,なし
地学基礎 Deck1 全範囲最重要骨格,ES-000205,205,Deck1｜全範囲の最重要骨格,地球のすがた,気圧と風,温帯低気圧,おんたいていきあつ,なし,ES-000203,秒〜日,地域,ES-000205-C01,identify,用語の同定,中緯度の暖気と寒気の境界付近に発生し、前線を伴う低気圧を何というか。,温帯低気圧,温帯低気圧,中緯度の暖気と寒気の境界付近に発生し、前線を伴う低気圧。,熱帯低気圧,温帯低気圧は前線を伴い、暖気と寒気の温度差をエネルギー源とする。,なし,なし,なし,大学入試センター「令和8年度大学入学共通テスト 地学基礎」,https://www.dnc.ac.jp/albums/abm.php?d=2144&f=abm00017561.pdf&n=2026_ol_22_chigakukiso.pdf,なし
地学基礎 Deck1 全範囲最重要骨格,ES-000206,206,Deck1｜全範囲の最重要骨格,地球のすがた,気圧と風,熱帯低気圧,ねったいていきあつ,なし,ES-000198｜ES-000203,秒〜日,地域,ES-000206-C01,identify,用語の同定,暖かい海上で発生し、水蒸気の凝結で放出される熱を主なエネルギー源とする低気圧を何というか。,熱帯低気圧,熱帯低気圧,暖かい海上で発生し、水蒸気の凝結で放出される熱を主なエネルギー源とする低気圧。,温帯低気圧,熱帯低気圧は通常前線を伴わず、暖かい海から供給される水蒸気で発達する。,なし,なし,なし,文部科学省「高等学校学習指導要領解説 理科編 理数編」,https://www.mext.go.jp/content/20250311-mxt_kyoiku02-100002620_05.pdf,なし
地学基礎 Deck1 全範囲最重要骨格,ES-000207,207,Deck1｜全範囲の最重要骨格,地球のすがた,気圧と風,前線,ぜんせん,なし,なし,秒〜日,地域,ES-000207-C01,identify,用語の同定,性質の異なる二つの気団の境界が地表と交わる線を何というか。,前線,前線,性質の異なる二つの気団の境界が地表と交わる線。,気団,前線は気団どうしの境界、気団は広い範囲で性質がほぼ一様な空気。,なし,なし,なし,文部科学省「高等学校学習指導要領解説 理科編 理数編」,https://www.mext.go.jp/content/20250311-mxt_kyoiku02-100002620_05.pdf,なし
地学基礎 Deck1 全範囲最重要骨格,ES-000208,208,Deck1｜全範囲の最重要骨格,地球のすがた,気圧と風,温暖前線,おんだんぜんせん,なし,ES-000207,秒〜日,地域,ES-000208-C01,identify,用語の同定,暖気が寒気の上へ緩やかにはい上がりながら進む前線を何というか。,温暖前線,温暖前線,暖気が寒気の上へ緩やかにはい上がりながら進む前線。,寒冷前線,温暖前線では暖気が寒気の上へ緩やかにはい上がる。,なし,なし,なし,文部科学省「高等学校学習指導要領解説 理科編 理数編」,https://www.mext.go.jp/content/20250311-mxt_kyoiku02-100002620_05.pdf,なし
地学基礎 Deck1 全範囲最重要骨格,ES-000209,209,Deck1｜全範囲の最重要骨格,地球のすがた,気圧と風,寒冷前線,かんれいぜんせん,なし,ES-000207,秒〜日,地域,ES-000209-C01,identify,用語の同定,寒気が暖気の下へもぐり込みながら進む前線を何というか。,寒冷前線,寒冷前線,寒気が暖気の下へもぐり込みながら進む前線。,温暖前線,寒冷前線では寒気が暖気を急に押し上げる。,なし,なし,なし,文部科学省「高等学校学習指導要領解説 理科編 理数編」,https://www.mext.go.jp/content/20250311-mxt_kyoiku02-100002620_05.pdf,なし
地学基礎 Deck1 全範囲最重要骨格,ES-000210,210,Deck1｜全範囲の最重要骨格,地球のすがた,気圧と風,停滞前線,ていたいぜんせん,なし,ES-000207,秒〜日,地域,ES-000210-C01,identify,用語の同定,暖気と寒気の勢力がほぼ釣り合い、移動が小さい前線を何というか。,停滞前線,停滞前線,暖気と寒気の勢力がほぼ釣り合い、移動が小さい前線。,閉塞前線,停滞前線は前線の移動が小さく、閉塞前線は寒冷前線が温暖前線に追いついてできる。,なし,なし,なし,文部科学省「高等学校学習指導要領解説 理科編 理数編」,https://www.mext.go.jp/content/20250311-mxt_kyoiku02-100002620_05.pdf,なし
地学基礎 Deck1 全範囲最重要骨格,ES-000211,211,Deck1｜全範囲の最重要骨格,地球のすがた,気圧と風,閉塞前線,へいそくぜんせん,なし,ES-000208｜ES-000209,秒〜日,地域,ES-000211-C01,identify,用語の同定,寒冷前線が温暖前線に追いつき、暖気が地表から押し上げられてできる前線を何というか。,閉塞前線,閉塞前線,寒冷前線が温暖前線に追いつき、暖気が地表から押し上げられてできる前線。,停滞前線,閉塞前線は寒冷前線が温暖前線に追いついて形成される。,なし,なし,なし,文部科学省「高等学校学習指導要領解説 理科編 理数編」,https://www.mext.go.jp/content/20250311-mxt_kyoiku02-100002620_05.pdf,閉塞=へいそく
地学基礎 Deck1 全範囲最重要骨格,ES-000212,212,Deck1｜全範囲の最重要骨格,地球のすがた,日本の気象,シベリア気団,しべりあきだん,なし,なし,月〜年,日本列島,ES-000212-C01,identify,用語の同定,冬にシベリア大陸で発達する、低温で乾燥した気団を何というか。,シベリア気団,シベリア気団,冬にシベリア大陸で発達する、低温で乾燥した気団。,オホーツク海気団,シベリア気団は低温・乾燥、オホーツク海気団は低温・湿潤。,なし,なし,なし,文部科学省「高等学校学習指導要領解説 理科編 理数編」,https://www.mext.go.jp/content/20250311-mxt_kyoiku02-100002620_05.pdf,なし
地学基礎 Deck1 全範囲最重要骨格,ES-000213,213,Deck1｜全範囲の最重要骨格,地球のすがた,日本の気象,オホーツク海気団,おほーつくかいきだん,なし,なし,月〜年,日本列島,ES-000213-C01,identify,用語の同定,初夏などにオホーツク海付近で発達する、低温で湿潤な気団を何というか。,オホーツク海気団,オホーツク海気団,初夏などにオホーツク海付近で発達する、低温で湿潤な気団。,小笠原気団,オホーツク海気団は低温・湿潤、小笠原気団は高温・湿潤。,なし,なし,なし,大学入試センター「令和8年度大学入学共通テスト 地学基礎」,https://www.dnc.ac.jp/albums/abm.php?d=2144&f=abm00017561.pdf&n=2026_ol_22_chigakukiso.pdf,なし
地学基礎 Deck1 全範囲最重要骨格,ES-000214,214,Deck1｜全範囲の最重要骨格,地球のすがた,日本の気象,小笠原気団,おがさわらきだん,なし,なし,月〜年,日本列島,ES-000214-C01,identify,用語の同定,夏に日本の南の海上で発達する、高温で湿潤な気団を何というか。,小笠原気団,小笠原気団,夏に日本の南の海上で発達する、高温で湿潤な気団。,オホーツク海気団,小笠原気団は高温・湿潤。,なし,なし,なし,文部科学省「高等学校学習指導要領解説 理科編 理数編」,https://www.mext.go.jp/content/20250311-mxt_kyoiku02-100002620_05.pdf,なし
地学基礎 Deck1 全範囲最重要骨格,ES-000215,215,Deck1｜全範囲の最重要骨格,地球のすがた,日本の気象,揚子江気団,ようすこうきだん,長江気団,なし,月〜年,日本列島,ES-000215-C01,identify,用語の同定,春や秋に中国大陸中部で発達する、温暖で乾燥した気団を何というか。,揚子江気団,揚子江気団｜長江気団,春や秋に中国大陸中部で発達する、温暖で乾燥した気団。,シベリア気団,揚子江気団は比較的温暖・乾燥、シベリア気団は低温・乾燥。,なし,なし,なし,文部科学省「高等学校学習指導要領解説 理科編 理数編」,https://www.mext.go.jp/content/20250311-mxt_kyoiku02-100002620_05.pdf,揚子江=ようすこう
地学基礎 Deck1 全範囲最重要骨格,ES-000216,216,Deck1｜全範囲の最重要骨格,地球のすがた,日本の気象,梅雨前線,ばいうぜんせん,つゆ前線,ES-000210｜ES-000213｜ES-000214,月〜年,日本列島,ES-000216-C01,identify,用語の同定,初夏、日本付近でオホーツク海気団と小笠原気団などの間に形成される停滞前線を何というか。,梅雨前線,梅雨前線｜つゆ前線,初夏、日本付近でオホーツク海気団と小笠原気団などの間に形成される停滞前線。,秋雨前線,梅雨前線は主に初夏、秋雨前線は主に秋。,なし,なし,なし,大学入試センター「令和8年度大学入学共通テスト 地学基礎」,https://www.dnc.ac.jp/albums/abm.php?d=2144&f=abm00017561.pdf&n=2026_ol_22_chigakukiso.pdf,梅雨=ばいう
地学基礎 Deck1 全範囲最重要骨格,ES-000217,217,Deck1｜全範囲の最重要骨格,地球のすがた,日本の気象,冬型の気圧配置,ふゆがたのきあつはいち,西高東低,ES-000203｜ES-000204｜ES-000212,月〜年,日本列島,ES-000217-C01,identify,用語の同定,日本の西側に高気圧、東側に低気圧がある冬に典型的な気圧配置を何というか。,冬型の気圧配置,冬型の気圧配置｜西高東低,日本の西側に高気圧、東側に低気圧がある冬に典型的な気圧配置。,南高北低,冬型は西高東低で、北西の季節風が吹きやすい。,なし,なし,なし,文部科学省「高等学校学習指導要領解説 理科編 理数編」,https://www.mext.go.jp/content/20250311-mxt_kyoiku02-100002620_05.pdf,なし
地学基礎 Deck1 全範囲最重要骨格,ES-000218,218,Deck1｜全範囲の最重要骨格,地球のすがた,日本の気象,梅雨,つゆ,ばいう,ES-000216,月〜年,日本列島,ES-000218-C01,identify,用語の同定,初夏に日本の広い範囲で曇りや雨の日が続く季節現象を何というか。,梅雨,梅雨｜ばいう,初夏に日本の広い範囲で曇りや雨の日が続く季節現象。,秋雨,梅雨は主に初夏、秋雨は主に秋。,なし,なし,なし,文部科学省「高等学校学習指導要領解説 理科編 理数編」,https://www.mext.go.jp/content/20250311-mxt_kyoiku02-100002620_05.pdf,梅雨=つゆ
地学基礎 Deck1 全範囲最重要骨格,ES-000219,219,Deck1｜全範囲の最重要骨格,地球のすがた,日本の気象,季節風,きせつふう,モンスーン,なし,月〜年,複数尺度,ES-000219-C01,identify,用語の同定,季節によって卓越する風向が大きく変わる風を何というか。,季節風,季節風｜モンスーン,季節によって卓越する風向が大きく変わる風。,海陸風,季節風は季節尺度、海陸風は昼夜尺度で向きが変わる。,なし,なし,なし,文部科学省「高等学校学習指導要領解説 理科編 理数編」,https://www.mext.go.jp/content/20250311-mxt_kyoiku02-100002620_05.pdf,なし
地学基礎 Deck1 全範囲最重要骨格,ES-000220,220,Deck1｜全範囲の最重要骨格,地球のすがた,日本の気象,フェーン現象,ふぇーんげんしょう,なし,ES-000202,秒〜日,地域,ES-000220-C01,identify,用語の同定,湿った空気が山を越え、風下側で乾燥した高温の風となる現象を何というか。,フェーン現象,フェーン現象,湿った空気が山を越え、風下側で乾燥した高温の風となる現象。,海風,フェーンは山越えの下降で風下側が高温・乾燥になる。,なし,なし,なし,文部科学省「高等学校学習指導要領解説 理科編 理数編」,https://www.mext.go.jp/content/20250311-mxt_kyoiku02-100002620_05.pdf,なし
地学基礎 Deck1 全範囲最重要骨格,ES-000221,221,Deck1｜全範囲の最重要骨格,地球のすがた,雲と降水,積乱雲,せきらんうん,なし,ES-000197,秒〜日,地域,ES-000221-C01,identify,用語の同定,強い上昇気流によって鉛直方向に大きく発達し、雷や強い雨を伴うことがある雲を何というか。,積乱雲,積乱雲,強い上昇気流によって鉛直方向に大きく発達し、雷や強い雨を伴うことがある雲。,乱層雲,積乱雲は鉛直に大きく発達し、短時間の激しい現象を伴いやすい。,なし,なし,なし,文部科学省「高等学校学習指導要領解説 理科編 理数編」,https://www.mext.go.jp/content/20250311-mxt_kyoiku02-100002620_05.pdf,積乱雲=せきらんうん
地学基礎 Deck1 全範囲最重要骨格,ES-000222,222,Deck1｜全範囲の最重要骨格,地球のすがた,大気の運動,上昇気流,じょうしょうきりゅう,なし,なし,秒〜日,地域,ES-000222-C01,identify,用語の同定,空気が周囲より軽くなることや地形などによって上向きに移動する流れを何というか。,上昇気流,上昇気流,空気が周囲より軽くなることや地形などによって上向きに移動する流れ。,下降気流,上昇気流では空気が膨張・冷却し、雲ができやすい。,なし,なし,なし,文部科学省「高等学校学習指導要領解説 理科編 理数編」,https://www.mext.go.jp/content/20250311-mxt_kyoiku02-100002620_05.pdf,なし
地学基礎 Deck1 全範囲最重要骨格,ES-000223,223,Deck1｜全範囲の最重要骨格,変動する地球,自然災害,台風,たいふう,なし,ES-000206,秒〜日,複数尺度,ES-000223-C01,identify,用語の同定,北西太平洋や南シナ海で発達した強い熱帯低気圧を何というか。,台風,台風,北西太平洋や南シナ海で発達した強い熱帯低気圧。,温帯低気圧,台風は暖かい海上で発達する熱帯低気圧で、通常前線を伴わない。,なし,なし,なし,文部科学省「高等学校学習指導要領解説 理科編 理数編」,https://www.mext.go.jp/content/20250311-mxt_kyoiku02-100002620_05.pdf,なし
地学基礎 Deck1 全範囲最重要骨格,ES-000224,224,Deck1｜全範囲の最重要骨格,地球のすがた,大気の運動,フェレル循環,ふぇれるじゅんかん,なし,ES-000057,複数尺度,地球規模,ES-000224-C01,identify,用語の同定,ハドレー循環と極循環の間にある中緯度の大気循環を何というか。,フェレル循環,フェレル循環,ハドレー循環と極循環の間にある中緯度の大気循環。,ハドレー循環,フェレル循環は主に緯度30〜60度付近。,なし,なし,なし,文部科学省「高等学校学習指導要領解説 理科編 理数編」,https://www.mext.go.jp/content/20250311-mxt_kyoiku02-100002620_05.pdf,なし
地学基礎 Deck1 全範囲最重要骨格,ES-000225,225,Deck1｜全範囲の最重要骨格,地球のすがた,大気の運動,極循環,きょくじゅんかん,なし,ES-000057,複数尺度,地球規模,ES-000225-C01,identify,用語の同定,極付近で下降し、亜寒帯付近で上昇する高緯度の大気循環を何というか。,極循環,極循環,極付近で下降し、亜寒帯付近で上昇する高緯度の大気循環。,ハドレー循環,極循環は高緯度、ハドレー循環は低緯度。,なし,なし,なし,文部科学省「高等学校学習指導要領解説 理科編 理数編」,https://www.mext.go.jp/content/20250311-mxt_kyoiku02-100002620_05.pdf,極循環=きょくじゅんかん
地学基礎 Deck1 全範囲最重要骨格,ES-000226,226,Deck1｜全範囲の最重要骨格,地球のすがた,大気の運動,熱帯収束帯,ねったいしゅうそくたい,ITCZ｜赤道低圧帯,ES-000058｜ES-000059,複数尺度,地球規模,ES-000226-C01,identify,用語の同定,北東貿易風と南東貿易風が集まり、上昇気流が発達する赤道付近の帯を何というか。,熱帯収束帯,熱帯収束帯｜ITCZ｜赤道低圧帯,北東貿易風と南東貿易風が集まり、上昇気流が発達する赤道付近の帯。,亜熱帯高圧帯,熱帯収束帯では上昇、亜熱帯高圧帯では下降が卓越する。,なし,なし,なし,文部科学省「高等学校学習指導要領解説 理科編 理数編」,https://www.mext.go.jp/content/20250311-mxt_kyoiku02-100002620_05.pdf,収束=しゅうそく
地学基礎 Deck1 全範囲最重要骨格,ES-000227,227,Deck1｜全範囲の最重要骨格,地球のすがた,大気の運動,亜熱帯高圧帯,あねったいこうあつたい,なし,ES-000058,複数尺度,地球規模,ES-000227-C01,identify,用語の同定,ハドレー循環の下降流によって緯度30度付近に形成される高圧帯を何というか。,亜熱帯高圧帯,亜熱帯高圧帯,ハドレー循環の下降流によって緯度30度付近に形成される高圧帯。,熱帯収束帯,亜熱帯高圧帯では下降気流が卓越する。,なし,なし,なし,文部科学省「高等学校学習指導要領解説 理科編 理数編」,https://www.mext.go.jp/content/20250311-mxt_kyoiku02-100002620_05.pdf,亜熱帯=あねったい
地学基礎 Deck1 全範囲最重要骨格,ES-000228,228,Deck1｜全範囲の最重要骨格,地球のすがた,海洋の運動,海流,かいりゅう,なし,ES-000062,複数尺度,複数尺度,ES-000228-C01,identify,用語の同定,海洋中で、ほぼ一定の方向へ継続的に流れる海水の流れを何というか。,海流,海流,海洋中で、ほぼ一定の方向へ継続的に流れる海水の流れ。,潮汐,海流は継続的な流れ、潮汐は主に天体の引力による周期的な海面変化。,なし,なし,なし,気象庁「海洋の健康診断表 用語解説」,https://www.data.jma.go.jp/kaiyou/shindan/etc/expshindan.html,なし
地学基礎 Deck1 全範囲最重要骨格,ES-000229,229,Deck1｜全範囲の最重要骨格,地球のすがた,海洋の運動,西岸境界流,せいがんきょうかいりゅう,なし,ES-000063｜ES-000065,複数尺度,地球規模,ES-000229-C01,identify,用語の同定,大洋の西側を流れる、幅が狭く流速の大きい暖流を何というか。,西岸境界流,西岸境界流,大洋の西側を流れる、幅が狭く流速の大きい暖流。,東岸境界流,西岸境界流は一般に強く狭く、黒潮や湾流が代表例。,なし,なし,なし,気象庁「海洋の循環」,https://www.data.jma.go.jp/kaiyou/db/obs/knowledge/circulation.html,なし
地学基礎 Deck1 全範囲最重要骨格,ES-000230,230,Deck1｜全範囲の最重要骨格,地球のすがた,海洋の運動,海水の密度,かいすいのみつど,なし,ES-000064,複数尺度,複数尺度,ES-000230-C01,identify,用語の同定,海水の温度が低いほど、また塩分が高いほど一般に大きくなる性質を何というか。,海水の密度,海水の密度,海水の温度が低いほど、また塩分が高いほど一般に大きくなる性質。,海水温,海水の密度は温度だけでなく塩分にも左右される。,なし,なし,なし,気象庁「海洋の循環」,https://www.data.jma.go.jp/kaiyou/db/obs/knowledge/circulation.html,なし
地学基礎 Deck1 全範囲最重要骨格,ES-000231,231,Deck1｜全範囲の最重要骨格,地球のすがた,海洋の構造,海洋表層,かいようひょうそう,なし,ES-000062,複数尺度,地球規模,ES-000231-C01,identify,用語の同定,海面に近く、風や日射の影響を強く受ける海洋の上部を何というか。,海洋表層,海洋表層,海面に近く、風や日射の影響を強く受ける海洋の上部。,海洋深層,海洋表層は風と日射の影響が大きく、深層は小さい。,なし,なし,なし,気象庁「海洋の循環」,https://www.data.jma.go.jp/kaiyou/db/obs/knowledge/circulation.html,なし
地学基礎 Deck1 全範囲最重要骨格,ES-000232,232,Deck1｜全範囲の最重要骨格,地球のすがた,海洋の構造,水温躍層,すいおんやくそう,なし,ES-000231,複数尺度,地球規模,ES-000232-C01,identify,用語の同定,深さとともに水温が急激に低下する海洋中の層を何というか。,水温躍層,水温躍層,深さとともに水温が急激に低下する海洋中の層。,混合層,水温躍層は水温が深さとともに急変する。,なし,なし,なし,気象庁「海洋の循環」,https://www.data.jma.go.jp/kaiyou/db/obs/knowledge/circulation.html,躍層=やくそう
地学基礎 Deck1 全範囲最重要骨格,ES-000233,233,Deck1｜全範囲の最重要骨格,地球のすがた,海洋の構造,海洋深層,かいようしんそう,なし,ES-000232,数十〜数千年,地球規模,ES-000233-C01,identify,用語の同定,水温躍層より深く、低温で季節変化が小さい海洋の層を何というか。,海洋深層,海洋深層,水温躍層より深く、低温で季節変化が小さい海洋の層。,海洋表層,海洋深層は低温で季節変化が小さい。,なし,なし,なし,気象庁「海洋の循環」,https://www.data.jma.go.jp/kaiyou/db/obs/knowledge/circulation.html,なし
地学基礎 Deck1 全範囲最重要骨格,ES-000234,234,Deck1｜全範囲の最重要骨格,地球のすがた,海洋の性質,塩分,えんぶん,なし,なし,複数尺度,複数尺度,ES-000234-C01,identify,用語の同定,海水に溶けている塩類の割合を何というか。,塩分,塩分,海水に溶けている塩類の割合。,塩化ナトリウム濃度,海水の塩分は塩化ナトリウムだけでなく全溶存塩類を扱う。,なし,なし,なし,大学入試センター「令和7年度大学入学共通テスト 地学基礎」,https://www.dnc.ac.jp/albums/abm.php?d=771&f=abm00005971.pdf&n=2025_op_38_chigakukiso.pdf,なし
地学基礎 Deck1 全範囲最重要骨格,ES-000235,235,Deck1｜全範囲の最重要骨格,地球のすがた,海洋の性質,外洋の平均塩分,がいようのへいきんえんぶん,なし,ES-000234,複数尺度,地球規模,ES-000235-C01,scale,海水の塩分尺度,外洋の海水の平均塩分はおよそ何‰か。,約35‰,約35‰｜35‰｜約3.5%,海水1 kg当たりおよそ35 gの塩類を含む割合に相当する。,なし,なし,なし,‰,なし,大学入試センター「令和7年度大学入学共通テスト 地学基礎」,https://www.dnc.ac.jp/albums/abm.php?d=771&f=abm00005971.pdf&n=2025_op_38_chigakukiso.pdf,なし
地学基礎 Deck1 全範囲最重要骨格,ES-000236,236,Deck1｜全範囲の最重要骨格,地球のすがた,海洋の性質,海氷形成,かいひょうけいせい,なし,ES-000230｜ES-000234,月〜年,地域,ES-000236-C01,identify,用語の同定,海水が凍る際、塩類の多くが氷から排出され、周囲の海水の塩分と密度を高める過程を何というか。,海氷形成,海氷形成,海水が凍る際、塩類の多くが氷から排出され、周囲の海水の塩分と密度を高める過程。,淡水の凍結,海氷形成では塩類が周囲の海水へ排出されやすい。,なし,なし,なし,大学入試センター「令和7年度大学入学共通テスト 地学基礎」,https://www.dnc.ac.jp/albums/abm.php?d=771&f=abm00005971.pdf&n=2025_op_38_chigakukiso.pdf,なし
地学基礎 Deck1 全範囲最重要骨格,ES-000237,237,Deck1｜全範囲の最重要骨格,地球のすがた,海洋の運動,湧昇,ゆうしょう,なし,ES-000062,複数尺度,地域,ES-000237-C01,identify,用語の同定,深い場所の低温で栄養塩に富む海水が表層へ上がる現象を何というか。,湧昇,湧昇,深い場所の低温で栄養塩に富む海水が表層へ上がる現象。,沈降,湧昇は深層水が表層へ上がる。,なし,なし,なし,気象庁「海洋の循環」,https://www.data.jma.go.jp/kaiyou/db/obs/knowledge/circulation.html,湧昇=ゆうしょう
地学基礎 Deck1 全範囲最重要骨格,ES-000238,238,Deck1｜全範囲の最重要骨格,地球のすがた,日本周辺の海流,対馬暖流,つしまだんりゅう,なし,ES-000065｜ES-000067,複数尺度,日本列島,ES-000238-C01,identify,用語の同定,黒潮から分かれて対馬海峡を通り、日本海へ流入する暖流を何というか。,対馬暖流,対馬暖流,黒潮から分かれて対馬海峡を通り、日本海へ流入する暖流。,親潮,対馬暖流は日本海を北上する暖流。,なし,なし,なし,気象庁「海洋の健康診断表 用語解説」,https://www.data.jma.go.jp/kaiyou/shindan/etc/expshindan.html,対馬=つしま
地学基礎 Deck1 全範囲最重要骨格,ES-000239,239,Deck1｜全範囲の最重要骨格,変動する地球,自然災害,豪雨,ごうう,なし,ES-000202,秒〜日,地域,ES-000239-C01,identify,用語の同定,狭い地域または広い地域に、短時間または長時間で非常に多く降る雨を何というか。,豪雨,豪雨,狭い地域または広い地域に、短時間または長時間で非常に多く降る雨。,通常の降雨,豪雨は災害につながるほど雨量が多い状態を指すが、発生条件や範囲は一定ではない。,なし,なし,なし,文部科学省「高等学校学習指導要領解説 理科編 理数編」,https://www.mext.go.jp/content/20250311-mxt_kyoiku02-100002620_05.pdf,豪雨=ごうう
地学基礎 Deck1 全範囲最重要骨格,ES-000240,240,Deck1｜全範囲の最重要骨格,変動する地球,太陽,太陽定数,たいようていすう,なし,ES-000053,複数尺度,太陽系,ES-000240-C01,identify,用語の同定,地球の大気上端で太陽光に垂直な単位面積が単位時間に受ける太陽放射エネルギーを何というか。,太陽定数,太陽定数,地球の大気上端で太陽光に垂直な単位面積が単位時間に受ける太陽放射エネルギー。,太陽光度,太陽定数は地球軌道付近の単位面積当たり、太陽光度は太陽の総放射出力。,受ける放射量∝太陽からの距離の2乗の逆数,なし,なし,大学入試センター「令和8年度大学入学共通テスト 地学基礎」,https://www.dnc.ac.jp/albums/abm.php?d=2144&f=abm00017561.pdf&n=2026_ol_22_chigakukiso.pdf,なし
地学基礎 Deck1 全範囲最重要骨格,ES-000241,241,Deck1｜全範囲の最重要骨格,変動する地球,太陽系,天文単位,てんもんたんい,AU,ES-000074,該当なし,太陽系,ES-000241-C01,scale,太陽系の距離尺度,1天文単位は約何kmか。,約1.5億km,約1.5億km｜1.5億km｜約1.5×10^8 km,1天文単位は地球と太陽の平均距離で、約1.5億kmである。,なし,なし,なし,km,なし,文部科学省「高等学校学習指導要領解説 理科編 理数編」,https://www.mext.go.jp/content/20250311-mxt_kyoiku02-100002620_05.pdf,なし
地学基礎 Deck1 全範囲最重要骨格,ES-000242,242,Deck1｜全範囲の最重要骨格,変動する地球,太陽系,惑星,わくせい,なし,ES-000074,万〜億年,太陽系,ES-000242-C01,identify,用語の同定,恒星の周りを公転し、自らは核融合で輝かない比較的大きな天体を何というか。,惑星,惑星,恒星の周りを公転し、自らは核融合で輝かない比較的大きな天体。,恒星,惑星は恒星を公転し、恒星のような核融合で自ら輝かない。,なし,なし,なし,文部科学省「高等学校学習指導要領解説 理科編 理数編」,https://www.mext.go.jp/content/20250311-mxt_kyoiku02-100002620_05.pdf,なし
地学基礎 Deck1 全範囲最重要骨格,ES-000243,243,Deck1｜全範囲の最重要骨格,変動する地球,太陽系,地球型惑星,ちきゅうがたわくせい,岩石惑星,ES-000242,万〜億年,太陽系,ES-000243-C01,identify,用語の同定,主に岩石や金属からなり、比較的小さく密度が大きい惑星を何というか。,地球型惑星,地球型惑星｜岩石惑星,主に岩石や金属からなり、比較的小さく密度が大きい惑星。,木星型惑星,地球型惑星は小さく高密度で、固体表面をもつ。,なし,なし,なし,大学入試センター「令和7年度大学入学共通テスト 地学基礎」,https://www.dnc.ac.jp/albums/abm.php?d=771&f=abm00005971.pdf&n=2025_op_38_chigakukiso.pdf,なし
地学基礎 Deck1 全範囲最重要骨格,ES-000244,244,Deck1｜全範囲の最重要骨格,変動する地球,太陽系,木星型惑星,もくせいがたわくせい,巨大惑星,ES-000242,万〜億年,太陽系,ES-000244-C01,identify,用語の同定,主に水素・ヘリウムや氷成分からなり、地球型惑星より大きく平均密度が小さい惑星を何というか。,木星型惑星,木星型惑星｜巨大惑星,主に水素・ヘリウムや氷成分からなり、地球型惑星より大きく平均密度が小さい惑星。,地球型惑星,木星型惑星は大きく低密度で、厚い大気をもつ。,なし,なし,なし,大学入試センター「令和7年度大学入学共通テスト 地学基礎」,https://www.dnc.ac.jp/albums/abm.php?d=771&f=abm00005971.pdf&n=2025_op_38_chigakukiso.pdf,なし
地学基礎 Deck1 全範囲最重要骨格,ES-000245,245,Deck1｜全範囲の最重要骨格,変動する地球,太陽系,衛星,えいせい,天然衛星,ES-000242,万〜億年,太陽系,ES-000245-C01,identify,用語の同定,惑星や準惑星などの周りを公転する天体を何というか。,衛星,衛星｜天然衛星,惑星や準惑星などの周りを公転する天体。,人工衛星,ここでいう衛星は自然に形成された天体。,なし,なし,なし,文部科学省「高等学校学習指導要領解説 理科編 理数編」,https://www.mext.go.jp/content/20250311-mxt_kyoiku02-100002620_05.pdf,なし
地学基礎 Deck1 全範囲最重要骨格,ES-000246,246,Deck1｜全範囲の最重要骨格,変動する地球,太陽系,小惑星,しょうわくせい,なし,ES-000074,万〜億年,太陽系,ES-000246-C01,identify,用語の同定,主に火星と木星の軌道の間などを公転する、惑星より小さい岩石質・金属質の天体を何というか。,小惑星,小惑星,主に火星と木星の軌道の間などを公転する、惑星より小さい岩石質・金属質の天体。,彗星,小惑星は主に岩石・金属質、彗星は氷やちりに富む。,なし,なし,なし,文部科学省「高等学校学習指導要領解説 理科編 理数編」,https://www.mext.go.jp/content/20250311-mxt_kyoiku02-100002620_05.pdf,なし
地学基礎 Deck1 全範囲最重要骨格,ES-000247,247,Deck1｜全範囲の最重要骨格,変動する地球,太陽系,彗星,すいせい,なし,ES-000074,万〜億年,太陽系,ES-000247-C01,identify,用語の同定,氷とちりを多く含み、太陽に近づくとガスやちりの尾を生じる小天体を何というか。,彗星,彗星,氷とちりを多く含み、太陽に近づくとガスやちりの尾を生じる小天体。,小惑星,彗星は氷に富み、太陽接近時にコマや尾をつくる。,なし,なし,なし,国立天文台「彗星」,https://www.nao.ac.jp/astro/basic/comet.html,彗星=すいせい
地学基礎 Deck1 全範囲最重要骨格,ES-000248,248,Deck1｜全範囲の最重要骨格,変動する地球,太陽,太陽風,たいようふう,なし,ES-000075,秒〜日,太陽系,ES-000248-C01,identify,用語の同定,太陽の上層大気から宇宙空間へ流れ出す、電気を帯びた粒子の流れを何というか。,太陽風,太陽風,太陽の上層大気から宇宙空間へ流れ出す、電気を帯びた粒子の流れ。,太陽放射,太陽風は荷電粒子、太陽放射は電磁波。,なし,なし,なし,文部科学省「高等学校学習指導要領解説 理科編 理数編」,https://www.mext.go.jp/content/20250311-mxt_kyoiku02-100002620_05.pdf,なし
地学基礎 Deck1 全範囲最重要骨格,ES-000249,249,Deck1｜全範囲の最重要骨格,変動する地球,太陽と地球,オーロラ,おーろら,なし,ES-000248,秒〜日,地球規模,ES-000249-C01,identify,用語の同定,太陽風の荷電粒子が地球の磁気圏に導かれ、上層大気を発光させる現象を何というか。,オーロラ,オーロラ,太陽風の荷電粒子が地球の磁気圏に導かれ、上層大気を発光させる現象。,流星,オーロラは上層大気の発光、流星は小天体が大気中で発光する現象。,なし,なし,なし,大学入試センター「令和8年度大学入学共通テスト 地学基礎」,https://www.dnc.ac.jp/albums/abm.php?d=2144&f=abm00017561.pdf&n=2026_ol_22_chigakukiso.pdf,なし
地学基礎 Deck1 全範囲最重要骨格,ES-000250,250,Deck1｜全範囲の最重要骨格,変動する地球,宇宙の構造,銀河系,ぎんがけい,天の川銀河｜ミルキーウェイ銀河,なし,万〜億年,宇宙,ES-000250-C01,identify,用語の同定,太陽系を含む、恒星・星間物質・暗黒物質などからなる棒渦巻銀河を何というか。,銀河系,銀河系｜天の川銀河｜ミルキーウェイ銀河,太陽系を含む、恒星・星間物質・暗黒物質などからなる棒渦巻銀河。,太陽系,銀河系は太陽系を含む、はるかに大きな恒星集団。,なし,なし,なし,大学入試センター「令和7年度大学入学共通テスト 地学基礎」,https://www.dnc.ac.jp/albums/abm.php?d=771&f=abm00005971.pdf&n=2025_op_38_chigakukiso.pdf,銀河系=ぎんがけい
地学基礎 Deck1 全範囲最重要骨格,ES-000251,251,Deck1｜全範囲の最重要骨格,変動する地球,宇宙の構造,バルジ,ばるじ,なし,ES-000250,万〜億年,宇宙,ES-000251-C01,identify,用語の同定,銀河系の中心部にある、恒星が密集したふくらみを何というか。,バルジ,バルジ,銀河系の中心部にある、恒星が密集したふくらみ。,銀河円盤,バルジは中心のふくらみ、銀河円盤は薄く広がる部分。,なし,なし,なし,大学入試センター「令和7年度大学入学共通テスト 地学基礎」,https://www.dnc.ac.jp/albums/abm.php?d=771&f=abm00005971.pdf&n=2025_op_38_chigakukiso.pdf,なし
地学基礎 Deck1 全範囲最重要骨格,ES-000252,252,Deck1｜全範囲の最重要骨格,変動する地球,宇宙の構造,銀河円盤,ぎんがえんばん,なし,ES-000250,万〜億年,宇宙,ES-000252-C01,identify,用語の同定,銀河系で、渦状腕を含み薄く円盤状に広がる部分を何というか。,銀河円盤,銀河円盤,銀河系で、渦状腕を含み薄く円盤状に広がる部分。,バルジ,銀河円盤は薄く広がり、バルジは中心部にふくらむ。,なし,なし,なし,大学入試センター「令和7年度大学入学共通テスト 地学基礎」,https://www.dnc.ac.jp/albums/abm.php?d=771&f=abm00005971.pdf&n=2025_op_38_chigakukiso.pdf,円盤=えんばん
地学基礎 Deck1 全範囲最重要骨格,ES-000253,253,Deck1｜全範囲の最重要骨格,変動する地球,宇宙の尺度,光年,こうねん,なし,ES-000250,該当なし,宇宙,ES-000253-C01,scale,宇宙の距離単位,光年は何を表す単位か。,距離,距離｜長さ,光年は時間ではなく距離の単位で、1光年は約9.46兆kmである。,年,光年は距離の単位で、時間の単位ではない。,なし,なし,なし,国立天文台「星までの距離」,https://www.nao.ac.jp/faq/a0601.html,なし
地学基礎 Deck1 全範囲最重要骨格,ES-000254,254,Deck1｜全範囲の最重要骨格,変動する地球,宇宙の尺度,年周視差,ねんしゅうしさ,なし,ES-000241,月〜年,宇宙,ES-000254-C01,identify,用語の同定,地球の公転により、近い恒星の見かけの方向が半年ごとにずれる現象を何というか。,年周視差,年周視差,地球の公転により、近い恒星の見かけの方向が半年ごとにずれる現象。,日周視差,年周視差は地球の公転を基線として恒星距離を求める。,なし,なし,なし,国立天文台「星までの距離」,https://www.nao.ac.jp/faq/a0601.html,年周視差=ねんしゅうしさ
地学基礎 Deck1 全範囲最重要骨格,ES-000255,255,Deck1｜全範囲の最重要骨格,変動する地球,宇宙の構造,恒星,こうせい,なし,ES-000076,万〜億年,宇宙,ES-000255-C01,identify,用語の同定,中心部の核融合反応でエネルギーを生み、自ら光る天体を何というか。,恒星,恒星,中心部の核融合反応でエネルギーを生み、自ら光る天体。,惑星,恒星は核融合で自ら輝き、惑星は恒星の周りを公転する。,なし,なし,なし,文部科学省「高等学校学習指導要領解説 理科編 理数編」,https://www.mext.go.jp/content/20250311-mxt_kyoiku02-100002620_05.pdf,恒星=こうせい
地学基礎 Deck1 全範囲最重要骨格,ES-000256,256,Deck1｜全範囲の最重要骨格,変動する地球,太陽,太陽の年齢,たいようのねんれい,なし,ES-000075,万〜億年,太陽系,ES-000256-C01,scale,太陽の時間尺度,太陽の年齢は約何億年か。,約46億年,約46億年｜46億年,太陽は太陽系の他の天体とほぼ同じ約46億年前に形成された。,なし,なし,なし,億年,なし,大学入試センター「令和8年度大学入学共通テスト 地学基礎」,https://www.dnc.ac.jp/albums/abm.php?d=2144&f=abm00017561.pdf&n=2026_ol_22_chigakukiso.pdf,なし
地学基礎 Deck1 全範囲最重要骨格,ES-000257,257,Deck1｜全範囲の最重要骨格,変動する地球,太陽,太陽中心温度,たいようちゅうしんおんど,なし,ES-000075｜ES-000076,万〜億年,太陽系,ES-000257-C01,scale,太陽内部の温度尺度,太陽中心部の温度は約何Kか。,約1600万K,約1600万K｜約1.6×10^7 K｜1600万K,太陽中心部は約1600万Kで、水素の核融合反応が進む。,なし,なし,なし,K,なし,大学入試センター「令和8年度大学入学共通テスト 地学基礎」,https://www.dnc.ac.jp/albums/abm.php?d=2144&f=abm00017561.pdf&n=2026_ol_22_chigakukiso.pdf,なし
地学基礎 Deck1 全範囲最重要骨格,ES-000258,258,Deck1｜全範囲の最重要骨格,変動する地球,太陽系の形成,原始惑星,げんしわくせい,なし,ES-000073,万〜億年,太陽系,ES-000258-C01,identify,用語の同定,微惑星の衝突・合体によって成長した、惑星のもととなる天体を何というか。,原始惑星,原始惑星,微惑星の衝突・合体によって成長した、惑星のもととなる天体。,微惑星,原始惑星は多数の微惑星が集積して成長した、より大きな天体。,なし,なし,なし,文部科学省「高等学校学習指導要領解説 理科編 理数編」,https://www.mext.go.jp/content/20250311-mxt_kyoiku02-100002620_05.pdf,なし
地学基礎 Deck1 全範囲最重要骨格,ES-000259,259,Deck1｜全範囲の最重要骨格,変動する地球,太陽系の形成,微惑星,びわくせい,なし,ES-000073,万〜億年,太陽系,ES-000259-C01,identify,用語の同定,原始太陽系円盤のちりや固体物質が集まり、原始惑星の材料となった小天体を何というか。,微惑星,微惑星,原始太陽系円盤のちりや固体物質が集まり、原始惑星の材料となった小天体。,原始惑星,微惑星が衝突・合体して原始惑星へ成長する。,なし,なし,なし,文部科学省「高等学校学習指導要領解説 理科編 理数編」,https://www.mext.go.jp/content/20250311-mxt_kyoiku02-100002620_05.pdf,微惑星=びわくせい
地学基礎 Deck1 全範囲最重要骨格,ES-000260,260,Deck1｜全範囲の最重要骨格,変動する地球,地球の形成,原始地球,げんしちきゅう,なし,ES-000077｜ES-000259,万〜億年,太陽系,ES-000260-C01,identify,用語の同定,微惑星や原始惑星の衝突・集積によって形成された初期の地球を何というか。,原始地球,原始地球,微惑星や原始惑星の衝突・集積によって形成された初期の地球。,現在の地球,原始地球は高温で、内部構造や大気・海洋が現在と異なった。,なし,なし,なし,文部科学省「高等学校学習指導要領解説 理科編 理数編」,https://www.mext.go.jp/content/20250311-mxt_kyoiku02-100002620_05.pdf,なし
地学基礎 Deck1 全範囲最重要骨格,ES-000261,261,Deck1｜全範囲の最重要骨格,変動する地球,地球の形成,マグマオーシャン,まぐまおーしゃん,なし,ES-000260,万〜億年,地球規模,ES-000261-C01,identify,用語の同定,初期地球の表面付近が広範囲に溶融してマグマで覆われた状態を何というか。,マグマオーシャン,マグマオーシャン,初期地球の表面付近が広範囲に溶融してマグマで覆われた状態。,海洋,マグマオーシャンは溶けた岩石、海洋は液体の水。,なし,なし,なし,文部科学省「高等学校学習指導要領解説 理科編 理数編」,https://www.mext.go.jp/content/20250311-mxt_kyoiku02-100002620_05.pdf,なし
地学基礎 Deck1 全範囲最重要骨格,ES-000262,262,Deck1｜全範囲の最重要骨格,変動する地球,地球の環境,生命居住可能領域,せいめいきょじゅうかのうりょういき,ハビタブルゾーン,ES-000074,万〜億年,太陽系,ES-000262-C01,identify,用語の同定,恒星の周囲で、惑星表面に液体の水が存在しうる距離の範囲を何というか。,生命居住可能領域,生命居住可能領域｜ハビタブルゾーン,恒星の周囲で、惑星表面に液体の水が存在しうる距離の範囲。,生命の存在範囲,液体の水が存在しうる条件を示す範囲で、生命の存在を保証しない。,なし,なし,なし,文部科学省「高等学校学習指導要領解説 理科編 理数編」,https://www.mext.go.jp/content/20250311-mxt_kyoiku02-100002620_05.pdf,居住=きょじゅう
地学基礎 Deck1 全範囲最重要骨格,ES-000263,263,Deck1｜全範囲の最重要骨格,変動する地球,生命と地球環境,シアノバクテリア,しあのばくてりあ,藍藻,なし,万〜億年,地球規模,ES-000263-C01,identify,用語の同定,酸素発生型光合成を行い、地球大気の酸素増加に大きく寄与した細菌を何というか。,シアノバクテリア,シアノバクテリア｜藍藻,酸素発生型光合成を行い、地球大気の酸素増加に大きく寄与した細菌。,植物,シアノバクテリアは原核生物で、植物ではない。,なし,なし,なし,文部科学省「高等学校学習指導要領解説 理科編 理数編」,https://www.mext.go.jp/content/20250311-mxt_kyoiku02-100002620_05.pdf,藍藻=らんそう
地学基礎 Deck1 全範囲最重要骨格,ES-000264,264,Deck1｜全範囲の最重要骨格,変動する地球,生命と地球環境,酸素の増加,さんそのぞうか,なし,ES-000263,万〜億年,地球規模,ES-000264-C01,identify,用語の同定,光合成生物の活動によって海洋や大気中の酸素が長期的に増えた変化を何というか。,酸素の増加,酸素の増加,光合成生物の活動によって海洋や大気中の酸素が長期的に増えた変化。,二酸化炭素の増加,酸素増加は主に酸素発生型光合成の広がりと関係する。,なし,なし,なし,文部科学省「高等学校学習指導要領解説 理科編 理数編」,https://www.mext.go.jp/content/20250311-mxt_kyoiku02-100002620_05.pdf,なし
地学基礎 Deck1 全範囲最重要骨格,ES-000265,265,Deck1｜全範囲の最重要骨格,変動する地球,生命と地球環境,オゾン層の形成,おぞんそうのけいせい,なし,ES-000052｜ES-000264,万〜億年,地球規模,ES-000265-C01,identify,用語の同定,大気中の酸素が増え、その一部から成層圏にオゾンが形成された過程を何というか。,オゾン層の形成,オゾン層の形成,大気中の酸素が増え、その一部から成層圏にオゾンが形成された過程。,オゾン層破壊,オゾン層の形成は酸素増加後の長期過程、破壊はオゾン量の減少。,なし,なし,なし,文部科学省「高等学校学習指導要領解説 理科編 理数編」,https://www.mext.go.jp/content/20250311-mxt_kyoiku02-100002620_05.pdf,なし
地学基礎 Deck1 全範囲最重要骨格,ES-000266,266,Deck1｜全範囲の最重要骨格,変動する地球,生命と地球環境,生物の陸上進出,せいぶつのりくじょうしんしゅつ,なし,ES-000265,万〜億年,地球規模,ES-000266-C01,identify,用語の同定,オゾン層による紫外線遮蔽などを背景に、生物が海から陸上へ生活圏を広げた出来事を何というか。,生物の陸上進出,生物の陸上進出,オゾン層による紫外線遮蔽などを背景に、生物が海から陸上へ生活圏を広げた出来事。,生命の誕生,生命はまず海中で誕生し、陸上進出はその後。,なし,なし,なし,文部科学省「高等学校学習指導要領解説 理科編 理数編」,https://www.mext.go.jp/content/20250311-mxt_kyoiku02-100002620_05.pdf,なし
地学基礎 Deck1 全範囲最重要骨格,ES-000267,267,Deck1｜全範囲の最重要骨格,変動する地球,地層と化石,漣痕,れんこん,リップルマーク,ES-000086,万〜億年,試料・露頭,ES-000267-C01,identify,用語の同定,水流や波によって堆積物表面にできる波形の模様を何というか。,漣痕,漣痕｜リップルマーク,水流や波によって堆積物表面にできる波形の模様。,斜交葉理,漣痕は層の表面の波模様、斜交葉理は層内部の斜めの葉理。,なし,なし,なし,大学入試センター「令和7年度大学入学共通テスト 地学基礎」,https://www.dnc.ac.jp/albums/abm.php?d=771&f=abm00005971.pdf&n=2025_op_38_chigakukiso.pdf,漣痕=れんこん
地学基礎 Deck1 全範囲最重要骨格,ES-000268,268,Deck1｜全範囲の最重要骨格,変動する地球,地層と化石,級化構造,きゅうかこうぞう,級化層理｜級化成層,ES-000086,万〜億年,試料・露頭,ES-000268-C01,identify,用語の同定,一枚の地層内で、下から上へ粒子が細かくなる堆積構造を何というか。,級化構造,級化構造｜級化層理｜級化成層,一枚の地層内で、下から上へ粒子が細かくなる堆積構造。,斜交葉理,級化構造は粒径が上方へ細かくなる。,なし,なし,なし,大学入試センター「令和7年度大学入学共通テスト 地学基礎」,https://www.dnc.ac.jp/albums/abm.php?d=771&f=abm00005971.pdf&n=2025_op_38_chigakukiso.pdf,級化=きゅうか
地学基礎 Deck1 全範囲最重要骨格,ES-000269,269,Deck1｜全範囲の最重要骨格,変動する地球,地層と化石,斜交葉理,しゃこうようり,クロスラミナ｜斜交層理,ES-000086,万〜億年,試料・露頭,ES-000269-C01,identify,用語の同定,主な地層面に対して斜めに交わる細かな層が発達した堆積構造を何というか。,斜交葉理,斜交葉理｜クロスラミナ｜斜交層理,主な地層面に対して斜めに交わる細かな層が発達した堆積構造。,級化構造,斜交葉理は流れでできた細層が主層理面に斜交する。,なし,なし,なし,大学入試センター「令和7年度大学入学共通テスト 地学基礎」,https://www.dnc.ac.jp/albums/abm.php?d=771&f=abm00005971.pdf&n=2025_op_38_chigakukiso.pdf,斜交葉理=しゃこうようり
地学基礎 Deck1 全範囲最重要骨格,ES-000270,270,Deck1｜全範囲の最重要骨格,変動する地球,地質時代,カンブリア紀,かんぶりあき,なし,ES-000083,万〜億年,地球規模,ES-000270-C01,identify,用語の同定,古生代の最初に位置し、海生動物が急速に多様化した地質時代を何というか。,カンブリア紀,カンブリア紀,古生代の最初に位置し、海生動物が急速に多様化した地質時代。,オルドビス紀,カンブリア紀は古生代の最初。,なし,なし,なし,文部科学省「高等学校学習指導要領解説 理科編 理数編」,https://www.mext.go.jp/content/20250311-mxt_kyoiku02-100002620_05.pdf,なし
地学基礎 Deck1 全範囲最重要骨格,ES-000271,271,Deck1｜全範囲の最重要骨格,変動する地球,地質時代,オルドビス紀,おるどびすき,なし,ES-000083,万〜億年,地球規模,ES-000271-C01,identify,用語の同定,カンブリア紀の次、シルル紀の前に位置する古生代の地質時代を何というか。,オルドビス紀,オルドビス紀,カンブリア紀の次、シルル紀の前に位置する古生代の地質時代。,シルル紀,古い順にカンブリア紀→オルドビス紀→シルル紀。,なし,なし,なし,文部科学省「高等学校学習指導要領解説 理科編 理数編」,https://www.mext.go.jp/content/20250311-mxt_kyoiku02-100002620_05.pdf,なし
地学基礎 Deck1 全範囲最重要骨格,ES-000272,272,Deck1｜全範囲の最重要骨格,変動する地球,地質時代,シルル紀,しるるき,なし,ES-000083,万〜億年,地球規模,ES-000272-C01,identify,用語の同定,オルドビス紀の次、デボン紀の前に位置する古生代の地質時代を何というか。,シルル紀,シルル紀,オルドビス紀の次、デボン紀の前に位置する古生代の地質時代。,デボン紀,古い順にオルドビス紀→シルル紀→デボン紀。,なし,なし,なし,文部科学省「高等学校学習指導要領解説 理科編 理数編」,https://www.mext.go.jp/content/20250311-mxt_kyoiku02-100002620_05.pdf,なし
地学基礎 Deck1 全範囲最重要骨格,ES-000273,273,Deck1｜全範囲の最重要骨格,変動する地球,地質時代,デボン紀,でぼんき,なし,ES-000083,万〜億年,地球規模,ES-000273-C01,identify,用語の同定,シルル紀の次、石炭紀の前に位置し、魚類が繁栄した古生代の地質時代を何というか。,デボン紀,デボン紀,シルル紀の次、石炭紀の前に位置し、魚類が繁栄した古生代の地質時代。,石炭紀,デボン紀は石炭紀より前。,なし,なし,なし,文部科学省「高等学校学習指導要領解説 理科編 理数編」,https://www.mext.go.jp/content/20250311-mxt_kyoiku02-100002620_05.pdf,なし
地学基礎 Deck1 全範囲最重要骨格,ES-000274,274,Deck1｜全範囲の最重要骨格,変動する地球,地質時代,石炭紀,せきたんき,なし,ES-000083,万〜億年,地球規模,ES-000274-C01,identify,用語の同定,デボン紀の次、ペルム紀の前に位置し、大森林が発達した古生代の地質時代を何というか。,石炭紀,石炭紀,デボン紀の次、ペルム紀の前に位置し、大森林が発達した古生代の地質時代。,ペルム紀,石炭紀はデボン紀の後、ペルム紀の前。,なし,なし,なし,文部科学省「高等学校学習指導要領解説 理科編 理数編」,https://www.mext.go.jp/content/20250311-mxt_kyoiku02-100002620_05.pdf,なし
地学基礎 Deck1 全範囲最重要骨格,ES-000275,275,Deck1｜全範囲の最重要骨格,変動する地球,地質時代,ペルム紀,ぺるむき,二畳紀,ES-000083,万〜億年,地球規模,ES-000275-C01,identify,用語の同定,古生代の最後に位置し、末に地球史上最大規模の大量絶滅が起きた地質時代を何というか。,ペルム紀,ペルム紀｜二畳紀,古生代の最後に位置し、末に地球史上最大規模の大量絶滅が起きた地質時代。,三畳紀,ペルム紀は古生代最後、三畳紀は中生代最初。,なし,なし,なし,文部科学省「高等学校学習指導要領解説 理科編 理数編」,https://www.mext.go.jp/content/20250311-mxt_kyoiku02-100002620_05.pdf,なし
地学基礎 Deck1 全範囲最重要骨格,ES-000276,276,Deck1｜全範囲の最重要骨格,変動する地球,地質時代,三畳紀,さんじょうき,なし,ES-000084,万〜億年,地球規模,ES-000276-C01,identify,用語の同定,中生代の最初に位置する地質時代を何というか。,三畳紀,三畳紀,中生代の最初に位置する地質時代。,ペルム紀,三畳紀は中生代の最初で、ペルム紀の次。,なし,なし,なし,文部科学省「高等学校学習指導要領解説 理科編 理数編」,https://www.mext.go.jp/content/20250311-mxt_kyoiku02-100002620_05.pdf,三畳紀=さんじょうき
地学基礎 Deck1 全範囲最重要骨格,ES-000277,277,Deck1｜全範囲の最重要骨格,変動する地球,地質時代,ジュラ紀,じゅらき,なし,ES-000084,万〜億年,地球規模,ES-000277-C01,identify,用語の同定,三畳紀の次、白亜紀の前に位置する中生代の地質時代を何というか。,ジュラ紀,ジュラ紀,三畳紀の次、白亜紀の前に位置する中生代の地質時代。,白亜紀,ジュラ紀は三畳紀と白亜紀の間。,なし,なし,なし,文部科学省「高等学校学習指導要領解説 理科編 理数編」,https://www.mext.go.jp/content/20250311-mxt_kyoiku02-100002620_05.pdf,なし
地学基礎 Deck1 全範囲最重要骨格,ES-000278,278,Deck1｜全範囲の最重要骨格,変動する地球,地質時代,白亜紀,はくあき,なし,ES-000084,万〜億年,地球規模,ES-000278-C01,identify,用語の同定,中生代の最後に位置し、末に大規模な大量絶滅が起きた地質時代を何というか。,白亜紀,白亜紀,中生代の最後に位置し、末に大規模な大量絶滅が起きた地質時代。,ジュラ紀,白亜紀は中生代の最後。,なし,なし,なし,文部科学省「高等学校学習指導要領解説 理科編 理数編」,https://www.mext.go.jp/content/20250311-mxt_kyoiku02-100002620_05.pdf,白亜紀=はくあき
地学基礎 Deck1 全範囲最重要骨格,ES-000279,279,Deck1｜全範囲の最重要骨格,変動する地球,地質時代,古第三紀,こだいさんき,なし,ES-000085,万〜億年,地球規模,ES-000279-C01,identify,用語の同定,新生代の最初に位置し、白亜紀末の大量絶滅後から新第三紀までの地質時代を何というか。,古第三紀,古第三紀,新生代の最初に位置し、白亜紀末の大量絶滅後から新第三紀までの地質時代。,新第三紀,古第三紀は新第三紀より古い。,なし,なし,なし,文部科学省「高等学校学習指導要領解説 理科編 理数編」,https://www.mext.go.jp/content/20250311-mxt_kyoiku02-100002620_05.pdf,古第三紀=こだいさんき
地学基礎 Deck1 全範囲最重要骨格,ES-000280,280,Deck1｜全範囲の最重要骨格,変動する地球,地質時代,新第三紀,しんだいさんき,なし,ES-000085,万〜億年,地球規模,ES-000280-C01,identify,用語の同定,古第三紀の次、第四紀の前に位置する新生代の地質時代を何というか。,新第三紀,新第三紀,古第三紀の次、第四紀の前に位置する新生代の地質時代。,第四紀,新第三紀は古第三紀の後、第四紀の前。,なし,なし,なし,文部科学省「高等学校学習指導要領解説 理科編 理数編」,https://www.mext.go.jp/content/20250311-mxt_kyoiku02-100002620_05.pdf,新第三紀=しんだいさんき
地学基礎 Deck1 全範囲最重要骨格,ES-000281,281,Deck1｜全範囲の最重要骨格,変動する地球,地質時代,第四紀,だいよんき,なし,ES-000085,万〜億年,地球規模,ES-000281-C01,identify,用語の同定,新生代のうち最も新しく、更新世と完新世からなる現在まで続く地質時代を何というか。,第四紀,第四紀,新生代のうち最も新しく、更新世と完新世からなる現在まで続く地質時代。,新第三紀,第四紀は新第三紀より新しく、現在まで続く。,なし,なし,なし,文部科学省「高等学校学習指導要領解説 理科編 理数編」,https://www.mext.go.jp/content/20250311-mxt_kyoiku02-100002620_05.pdf,第四紀=だいよんき
地学基礎 Deck1 全範囲最重要骨格,ES-000282,282,Deck1｜全範囲の最重要骨格,変動する地球,地質時代,更新世,こうしんせい,なし,ES-000281,万〜億年,地球規模,ES-000282-C01,identify,用語の同定,第四紀のうち、完新世より前で氷期と間氷期が繰り返された時代を何というか。,更新世,更新世,第四紀のうち、完新世より前で氷期と間氷期が繰り返された時代。,完新世,更新世は完新世より古く、約1万1700年前まで。,なし,なし,なし,文部科学省「高等学校学習指導要領解説 理科編 理数編」,https://www.mext.go.jp/content/20250311-mxt_kyoiku02-100002620_05.pdf,更新世=こうしんせい
地学基礎 Deck1 全範囲最重要骨格,ES-000283,283,Deck1｜全範囲の最重要骨格,変動する地球,地質時代,完新世,かんしんせい,なし,ES-000281,数十〜数千年,地球規模,ES-000283-C01,identify,用語の同定,約1万1700年前から現在まで続く、第四紀の最も新しい時代を何というか。,完新世,完新世,約1万1700年前から現在まで続く、第四紀の最も新しい時代。,更新世,完新世は更新世の後で、現在を含む。,なし,なし,なし,文部科学省「高等学校学習指導要領解説 理科編 理数編」,https://www.mext.go.jp/content/20250311-mxt_kyoiku02-100002620_05.pdf,完新世=かんしんせい
地学基礎 Deck1 全範囲最重要骨格,ES-000284,284,Deck1｜全範囲の最重要骨格,変動する地球,生命の変遷,カンブリア爆発,かんぶりあばくはつ,なし,ES-000270,万〜億年,地球規模,ES-000284-C01,identify,用語の同定,カンブリア紀初期に、硬い殻をもつ動物を含む多様な動物群が地質学的には急速に現れた出来事を何というか。,カンブリア爆発,カンブリア爆発,カンブリア紀初期に、硬い殻をもつ動物を含む多様な動物群が地質学的には急速に現れた出来事。,生命の誕生,生命の誕生よりはるか後に起きた動物の急速な多様化。,なし,なし,なし,文部科学省「高等学校学習指導要領解説 理科編 理数編」,https://www.mext.go.jp/content/20250311-mxt_kyoiku02-100002620_05.pdf,なし
地学基礎 Deck1 全範囲最重要骨格,ES-000285,285,Deck1｜全範囲の最重要骨格,変動する地球,生命の変遷,大量絶滅,たいりょうぜつめつ,なし,なし,万〜億年,地球規模,ES-000285-C01,identify,用語の同定,地質学的に短い期間に、多数の生物種が地球規模で絶滅する出来事を何というか。,大量絶滅,大量絶滅,地質学的に短い期間に、多数の生物種が地球規模で絶滅する出来事。,通常の絶滅,大量絶滅は多くの分類群が地球規模で同時期に失われる。,なし,なし,なし,文部科学省「高等学校学習指導要領解説 理科編 理数編」,https://www.mext.go.jp/content/20250311-mxt_kyoiku02-100002620_05.pdf,なし
地学基礎 Deck1 全範囲最重要骨格,ES-000286,286,Deck1｜全範囲の最重要骨格,変動する地球,生命の変遷,白亜紀末の大量絶滅,はくあきまつのたいりょうぜつめつ,K-Pg境界の大量絶滅,ES-000278｜ES-000285,万〜億年,地球規模,ES-000286-C01,identify,用語の同定,約6600万年前、天体衝突などを主因として恐竜を含む多くの生物が絶滅した出来事を何というか。,白亜紀末の大量絶滅,白亜紀末の大量絶滅｜K-Pg境界の大量絶滅,約6600万年前、天体衝突などを主因として恐竜を含む多くの生物が絶滅した出来事。,ペルム紀末の大量絶滅,白亜紀末は約6600万年前で、中生代の終わり。,なし,なし,なし,大学入試センター「令和8年度大学入学共通テスト 地学基礎」,https://www.dnc.ac.jp/albums/abm.php?d=2144&f=abm00017561.pdf&n=2026_ol_22_chigakukiso.pdf,白亜紀=はくあき
地学基礎 Deck1 全範囲最重要骨格,ES-000287,287,Deck1｜全範囲の最重要骨格,変動する地球,生命の変遷,イリジウム濃集層,いりじうむのうしゅうそう,なし,ES-000286,万〜億年,試料・露頭,ES-000287-C01,identify,用語の同定,白亜紀末の境界層にみられ、巨大天体衝突の証拠の一つとされるイリジウムに富む層を何というか。,イリジウム濃集層,イリジウム濃集層,白亜紀末の境界層にみられ、巨大天体衝突の証拠の一つとされるイリジウムに富む層。,火山灰層,地球表層では希少なイリジウムが境界層に異常に多い。,なし,なし,なし,大学入試センター「令和8年度大学入学共通テスト 地学基礎」,https://www.dnc.ac.jp/albums/abm.php?d=2144&f=abm00017561.pdf&n=2026_ol_22_chigakukiso.pdf,濃集=のうしゅう
地学基礎 Deck1 全範囲最重要骨格,ES-000288,288,Deck1｜全範囲の最重要骨格,変動する地球,代表的な化石,三葉虫,さんようちゅう,なし,ES-000083｜ES-000088,万〜億年,試料・露頭,ES-000288-C01,identify,用語の同定,古生代に繁栄し、古生代の地層の示準化石として重要な海生節足動物を何というか。,三葉虫,三葉虫,古生代に繁栄し、古生代の地層の示準化石として重要な海生節足動物。,アンモナイト,三葉虫は主に古生代、アンモナイトは主に中生代。,なし,なし,なし,文部科学省「高等学校学習指導要領解説 理科編 理数編」,https://www.mext.go.jp/content/20250311-mxt_kyoiku02-100002620_05.pdf,三葉虫=さんようちゅう
地学基礎 Deck1 全範囲最重要骨格,ES-000289,289,Deck1｜全範囲の最重要骨格,変動する地球,代表的な化石,フズリナ,ふずりな,紡錘虫,ES-000083｜ES-000088,万〜億年,試料・露頭,ES-000289-C01,identify,用語の同定,石炭紀からペルム紀に繁栄し、古生代後期の示準化石として重要な有孔虫を何というか。,フズリナ,フズリナ｜紡錘虫,石炭紀からペルム紀に繁栄し、古生代後期の示準化石として重要な有孔虫。,貨幣石,フズリナは古生代後期、貨幣石は新生代古第三紀。,なし,なし,なし,文部科学省「高等学校学習指導要領解説 理科編 理数編」,https://www.mext.go.jp/content/20250311-mxt_kyoiku02-100002620_05.pdf,紡錘虫=ぼうすいちゅう
地学基礎 Deck1 全範囲最重要骨格,ES-000290,290,Deck1｜全範囲の最重要骨格,変動する地球,代表的な化石,イクチオステガ,いくちおすてが,なし,ES-000273,万〜億年,試料・露頭,ES-000290-C01,identify,用語の同定,デボン紀に現れた、魚類と初期四肢動物の特徴をもつ脊椎動物を何というか。,イクチオステガ,イクチオステガ,デボン紀に現れた、魚類と初期四肢動物の特徴をもつ脊椎動物。,恐竜,イクチオステガは古生代デボン紀、恐竜は中生代。,なし,なし,なし,文部科学省「高等学校学習指導要領解説 理科編 理数編」,https://www.mext.go.jp/content/20250311-mxt_kyoiku02-100002620_05.pdf,なし
地学基礎 Deck1 全範囲最重要骨格,ES-000291,291,Deck1｜全範囲の最重要骨格,変動する地球,代表的な化石,リンボク,りんぼく,鱗木,ES-000274,万〜億年,試料・露頭,ES-000291-C01,identify,用語の同定,石炭紀の湿地森林で繁栄し、石炭形成にも関係した大型のシダ植物を何というか。,リンボク,リンボク｜鱗木,石炭紀の湿地森林で繁栄し、石炭形成にも関係した大型のシダ植物。,ソテツ,リンボクは主に古生代石炭紀、ソテツ類は中生代に繁栄。,なし,なし,なし,文部科学省「高等学校学習指導要領解説 理科編 理数編」,https://www.mext.go.jp/content/20250311-mxt_kyoiku02-100002620_05.pdf,鱗木=りんぼく
地学基礎 Deck1 全範囲最重要骨格,ES-000292,292,Deck1｜全範囲の最重要骨格,変動する地球,代表的な化石,恐竜,きょうりゅう,なし,ES-000084,万〜億年,地球規模,ES-000292-C01,identify,用語の同定,中生代に繁栄した陸上脊椎動物の一群を何というか。,恐竜,恐竜,中生代に繁栄した陸上脊椎動物の一群。,翼竜,恐竜と翼竜は別の爬虫類群で、翼竜は恐竜ではない。,なし,なし,なし,文部科学省「高等学校学習指導要領解説 理科編 理数編」,https://www.mext.go.jp/content/20250311-mxt_kyoiku02-100002620_05.pdf,恐竜=きょうりゅう
地学基礎 Deck1 全範囲最重要骨格,ES-000293,293,Deck1｜全範囲の最重要骨格,変動する地球,代表的な化石,アンモナイト,あんもないと,なし,ES-000084｜ES-000088,万〜億年,試料・露頭,ES-000293-C01,identify,用語の同定,中生代に繁栄し、示準化石として重要な渦巻き状の殻をもつ頭足類を何というか。,アンモナイト,アンモナイト,中生代に繁栄し、示準化石として重要な渦巻き状の殻をもつ頭足類。,三葉虫,アンモナイトは主に中生代、三葉虫は主に古生代。,なし,なし,なし,文部科学省「高等学校学習指導要領解説 理科編 理数編」,https://www.mext.go.jp/content/20250311-mxt_kyoiku02-100002620_05.pdf,なし
地学基礎 Deck1 全範囲最重要骨格,ES-000294,294,Deck1｜全範囲の最重要骨格,変動する地球,代表的な化石,ソテツ,そてつ,なし,ES-000084,万〜億年,試料・露頭,ES-000294-C01,identify,用語の同定,中生代に繁栄した裸子植物の代表を何というか。,ソテツ,ソテツ,中生代に繁栄した裸子植物の代表。,リンボク,ソテツ類は中生代に繁栄し、リンボクは古生代石炭紀。,なし,なし,なし,文部科学省「高等学校学習指導要領解説 理科編 理数編」,https://www.mext.go.jp/content/20250311-mxt_kyoiku02-100002620_05.pdf,なし
地学基礎 Deck1 全範囲最重要骨格,ES-000295,295,Deck1｜全範囲の最重要骨格,変動する地球,代表的な化石,トリゴニア,とりごにあ,なし,ES-000084,万〜億年,試料・露頭,ES-000295-C01,identify,用語の同定,中生代の地層で重要な、厚い殻をもつ二枚貝の仲間を何というか。,トリゴニア,トリゴニア,中生代の地層で重要な、厚い殻をもつ二枚貝の仲間。,アンモナイト,トリゴニアは二枚貝、アンモナイトは頭足類。,なし,なし,なし,文部科学省「高等学校学習指導要領解説 理科編 理数編」,https://www.mext.go.jp/content/20250311-mxt_kyoiku02-100002620_05.pdf,なし
地学基礎 Deck1 全範囲最重要骨格,ES-000296,296,Deck1｜全範囲の最重要骨格,変動する地球,代表的な化石,貨幣石,かへいせき,ヌンムリテス,ES-000088｜ES-000279,万〜億年,試料・露頭,ES-000296-C01,identify,用語の同定,古第三紀に繁栄し、示準化石として重要な大型有孔虫を何というか。,貨幣石,貨幣石｜ヌンムリテス,古第三紀に繁栄し、示準化石として重要な大型有孔虫。,フズリナ,貨幣石は古第三紀、フズリナは古生代後期。,なし,なし,なし,文部科学省「高等学校学習指導要領解説 理科編 理数編」,https://www.mext.go.jp/content/20250311-mxt_kyoiku02-100002620_05.pdf,貨幣石=かへいせき
地学基礎 Deck1 全範囲最重要骨格,ES-000297,297,Deck1｜全範囲の最重要骨格,変動する地球,代表的な化石,ビカリア,びかりあ,なし,ES-000088｜ES-000280,万〜億年,試料・露頭,ES-000297-C01,identify,用語の同定,新第三紀の地層の示準化石として用いられる巻貝を何というか。,ビカリア,ビカリア,新第三紀の地層の示準化石として用いられる巻貝。,貨幣石,ビカリアは新第三紀、貨幣石は古第三紀。,なし,なし,なし,文部科学省「高等学校学習指導要領解説 理科編 理数編」,https://www.mext.go.jp/content/20250311-mxt_kyoiku02-100002620_05.pdf,なし
地学基礎 Deck1 全範囲最重要骨格,ES-000298,298,Deck1｜全範囲の最重要骨格,変動する地球,代表的な化石,ナウマンゾウ,なうまんぞう,なし,ES-000282,万〜億年,日本列島,ES-000298-C01,identify,用語の同定,更新世の日本に生息し、第四紀の地層を考える手がかりとなるゾウを何というか。,ナウマンゾウ,ナウマンゾウ,更新世の日本に生息し、第四紀の地層を考える手がかりとなるゾウ。,マンモス,ナウマンゾウは更新世の日本で代表的、マンモスとは別種。,なし,なし,なし,文部科学省「高等学校学習指導要領解説 理科編 理数編」,https://www.mext.go.jp/content/20250311-mxt_kyoiku02-100002620_05.pdf,なし
地学基礎 Deck1 全範囲最重要骨格,ES-000299,299,Deck1｜全範囲の最重要骨格,変動する地球,人類の進化,直立二足歩行,ちょくりつにそくほこう,なし,ES-000085,万〜億年,地球規模,ES-000299-C01,identify,用語の同定,人類の進化で早くから現れた、体を直立させて二本の脚で移動する特徴を何というか。,直立二足歩行,直立二足歩行,人類の進化で早くから現れた、体を直立させて二本の脚で移動する特徴。,脳容量の増大,直立二足歩行は脳の大型化より早く現れた重要な特徴。,なし,なし,なし,文部科学省「高等学校学習指導要領解説 理科編 理数編」,https://www.mext.go.jp/content/20250311-mxt_kyoiku02-100002620_05.pdf,なし
地学基礎 Deck1 全範囲最重要骨格,ES-000300,300,Deck1｜全範囲の最重要骨格,変動する地球,自然災害,自然災害予測の限界,しぜんさいがいよそくのげんかい,なし,ES-000021｜ES-000031｜ES-000239,複数尺度,複数尺度,ES-000300-C01,definition,予測の限界,地学基礎で自然災害の予測を扱う際、必ず押さえるべき限界は何か。,発生時刻・場所・規模を常に正確には予測できない,発生時刻・場所・規模を常に正確には予測できない｜自然災害を常に正確には予測できない,観測や確率評価で危険を減らすことはできるが、個々の災害を完全に予知できるわけではない。,ハザード評価,予測の限界があっても、危険度評価や避難準備には意味がある。,なし,なし,なし,文部科学省「高等学校学習指導要領解説 理科編 理数編」,https://www.mext.go.jp/content/20250311-mxt_kyoiku02-100002620_05.pdf,なし
