dataset_label,term_id,importance_rank,difficulty_label,category,term,reading,aliases,era,macro_region,region_detail,display_period,sort_year,question_id,stage,focus,question_type,question,answer,keywords,accepted_answers,answer_note,year_mnemonic,source_name,source_url
日本史段階別デッキ｜Deck 1｜日本史の最重要骨格400語,JH-000332,332,Deck 1｜骨格・基礎,時代・歴史区分,旧石器時代,きゅうせっきじだい,,原始,日本全国,日本列島各地,縄文時代より前,-38000,JH-000332-B01,beginner,用語の特定,identify,日本列島で打製石器を使い、移動しながら狩猟・採集を行った、縄文時代より前の時代は？,旧石器時代,旧石器時代,,,,国立歴史民俗博物館「第1展示室 先史・古代」,https://www.rekihaku.ac.jp/exhibitions/room1/
日本史段階別デッキ｜Deck 1｜日本史の最重要骨格400語,JH-000332,332,Deck 1｜骨格・基礎,時代・歴史区分,旧石器時代,きゅうせっきじだい,,原始,日本全国,日本列島各地,縄文時代より前,-38000,JH-000332-B02,beginner,時期,time,旧石器時代はいつ頃？,縄文時代より前,縄文時代より前,,,,国立歴史民俗博物館「第1展示室 先史・古代」,https://www.rekihaku.ac.jp/exhibitions/room1/
日本史段階別デッキ｜Deck 1｜日本史の最重要骨格400語,JH-000332,332,Deck 1｜骨格・基礎,時代・歴史区分,旧石器時代,きゅうせっきじだい,,原始,日本全国,日本列島各地,縄文時代より前,-38000,JH-000332-B03,beginner,文化・技術,content,旧石器時代の人々が主に使った石器は？,打製石器,打製石器,,,,国立歴史民俗博物館「第1展示室 先史・古代」,https://www.rekihaku.ac.jp/exhibitions/room1/
日本史段階別デッキ｜Deck 1｜日本史の最重要骨格400語,JH-000332,332,Deck 1｜骨格・基礎,時代・歴史区分,旧石器時代,きゅうせっきじだい,,原始,日本全国,日本列島各地,縄文時代より前,-38000,JH-000332-R01,reverse,時期,time,いつ頃？,**縄文時代より前**,縄文時代より前,,,,国立歴史民俗博物館「第1展示室 先史・古代」,https://www.rekihaku.ac.jp/exhibitions/room1/
日本史段階別デッキ｜Deck 1｜日本史の最重要骨格400語,JH-000332,332,Deck 1｜骨格・基礎,時代・歴史区分,旧石器時代,きゅうせっきじだい,,原始,日本全国,日本列島各地,縄文時代より前,-38000,JH-000332-R02,reverse,複合説明,reverse,どんな時代？,日本列島各地で人々が**打製石器**を使い、狩猟・採集を中心に移動生活を送った時代。,打製石器|狩猟・採集|岩宿遺跡,,,,国立歴史民俗博物館「第1展示室 先史・古代」,https://www.rekihaku.ac.jp/exhibitions/room1/
日本史段階別デッキ｜Deck 1｜日本史の最重要骨格400語,JH-000332,332,Deck 1｜骨格・基礎,時代・歴史区分,旧石器時代,きゅうせっきじだい,,原始,日本全国,日本列島各地,縄文時代より前,-38000,JH-000332-R03,reverse,結果・関連,reverse,何につながった・どんな意味があった？,その存在は、列島に縄文時代より前から人類が暮らしていたことを示し、**岩宿遺跡(いわじゅくいせき)**の発見で実証された。,打製石器|狩猟・採集|岩宿遺跡,,,,国立歴史民俗博物館「第1展示室 先史・古代」,https://www.rekihaku.ac.jp/exhibitions/room1/
日本史段階別デッキ｜Deck 1｜日本史の最重要骨格400語,JH-000332,332,Deck 1｜骨格・基礎,時代・歴史区分,旧石器時代,きゅうせっきじだい,,原始,日本全国,日本列島各地,縄文時代より前,-38000,JH-000332-I01,integrated,統合説明,integrated,「旧石器時代」について説明せよ。,縄文時代より前、日本列島各地を主な舞台として、日本列島各地で人々が**打製石器**を使い、狩猟・採集を中心に移動生活を送った時代。 その存在は、列島に縄文時代より前から人類が暮らしていたことを示し、**岩宿遺跡(いわじゅくいせき)**の発見で実証された。,打製石器|狩猟・採集|岩宿遺跡,,,,国立歴史民俗博物館「第1展示室 先史・古代」,https://www.rekihaku.ac.jp/exhibitions/room1/
日本史段階別デッキ｜Deck 1｜日本史の最重要骨格400語,JH-000369,369,Deck 1｜骨格・基礎,地域・都市・遺跡,岩宿遺跡,いわじゅくいせき,,原始,関東,群馬県みどり市,第二次世界大戦直後,-30000,JH-000369-B01,beginner,用語の特定,identify,相沢忠洋が関東ローム層から石器を発見し、日本にも旧石器時代があったことを示した遺跡は？,岩宿遺跡(いわじゅくいせき),岩宿遺跡,,,,国立歴史民俗博物館「第1展示室 先史・古代」,https://www.rekihaku.ac.jp/exhibitions/room1/
日本史段階別デッキ｜Deck 1｜日本史の最重要骨格400語,JH-000369,369,Deck 1｜骨格・基礎,地域・都市・遺跡,岩宿遺跡,いわじゅくいせき,,原始,関東,群馬県みどり市,第二次世界大戦直後,-30000,JH-000369-B02,beginner,時期,time,岩宿遺跡(いわじゅくいせき)が発見・調査されたのはいつ？,第二次世界大戦直後,第二次世界大戦直後,,,,国立歴史民俗博物館「第1展示室 先史・古代」,https://www.rekihaku.ac.jp/exhibitions/room1/
日本史段階別デッキ｜Deck 1｜日本史の最重要骨格400語,JH-000369,369,Deck 1｜骨格・基礎,地域・都市・遺跡,岩宿遺跡,いわじゅくいせき,,原始,関東,群馬県みどり市,第二次世界大戦直後,-30000,JH-000369-B03,beginner,地域,place,岩宿遺跡(いわじゅくいせき)がある都道府県は？,群馬県,群馬県,,,,国立歴史民俗博物館「第1展示室 先史・古代」,https://www.rekihaku.ac.jp/exhibitions/room1/
日本史段階別デッキ｜Deck 1｜日本史の最重要骨格400語,JH-000369,369,Deck 1｜骨格・基礎,地域・都市・遺跡,岩宿遺跡,いわじゅくいせき,,原始,関東,群馬県みどり市,第二次世界大戦直後,-30000,JH-000369-R01,reverse,時期,time,発見・調査されたのはいつ？,**第二次世界大戦直後**,第二次世界大戦直後,,,,国立歴史民俗博物館「第1展示室 先史・古代」,https://www.rekihaku.ac.jp/exhibitions/room1/
日本史段階別デッキ｜Deck 1｜日本史の最重要骨格400語,JH-000369,369,Deck 1｜骨格・基礎,地域・都市・遺跡,岩宿遺跡,いわじゅくいせき,,原始,関東,群馬県みどり市,第二次世界大戦直後,-30000,JH-000369-R02,reverse,複合説明,reverse,何が分かる・何が重要？,群馬県で**相沢忠洋**が関東ローム層中の石器を発見し、日本列島の**旧石器時代**の存在を示した遺跡。,相沢忠洋|関東ローム層|旧石器時代,,,,国立歴史民俗博物館「第1展示室 先史・古代」,https://www.rekihaku.ac.jp/exhibitions/room1/
日本史段階別デッキ｜Deck 1｜日本史の最重要骨格400語,JH-000369,369,Deck 1｜骨格・基礎,地域・都市・遺跡,岩宿遺跡,いわじゅくいせき,,原始,関東,群馬県みどり市,第二次世界大戦直後,-30000,JH-000369-R03,reverse,結果・関連,reverse,何につながった・どんな意味があった？,それまで縄文時代より古い人類文化はないとされた見方を改め、**日本考古学の時代区分**を大きく変えた。,相沢忠洋|関東ローム層|旧石器時代,,,,国立歴史民俗博物館「第1展示室 先史・古代」,https://www.rekihaku.ac.jp/exhibitions/room1/
日本史段階別デッキ｜Deck 1｜日本史の最重要骨格400語,JH-000369,369,Deck 1｜骨格・基礎,地域・都市・遺跡,岩宿遺跡,いわじゅくいせき,,原始,関東,群馬県みどり市,第二次世界大戦直後,-30000,JH-000369-I01,integrated,統合説明,integrated,「岩宿遺跡(いわじゅくいせき)」について説明せよ。,第二次世界大戦直後、群馬県みどり市を主な舞台として、群馬県で**相沢忠洋**が関東ローム層中の石器を発見し、日本列島の**旧石器時代**の存在を示した遺跡。 それまで縄文時代より古い人類文化はないとされた見方を改め、**日本考古学の時代区分**を大きく変えた。,相沢忠洋|関東ローム層|旧石器時代,,,,国立歴史民俗博物館「第1展示室 先史・古代」,https://www.rekihaku.ac.jp/exhibitions/room1/
日本史段階別デッキ｜Deck 1｜日本史の最重要骨格400語,JH-000067,67,Deck 1｜骨格・基礎,時代・歴史区分,縄文時代,じょうもんじだい,,原始,日本全国,日本列島各地,旧石器時代の後〜弥生時代の前,-14000,JH-000067-B01,beginner,用語の特定,identify,縄文土器を使い、狩猟・漁労・採集を基礎に定住生活が広がった時代は？,縄文時代,縄文時代,,,,国立歴史民俗博物館「第1展示室 先史・古代」,https://www.rekihaku.ac.jp/exhibitions/room1/
日本史段階別デッキ｜Deck 1｜日本史の最重要骨格400語,JH-000067,67,Deck 1｜骨格・基礎,時代・歴史区分,縄文時代,じょうもんじだい,,原始,日本全国,日本列島各地,旧石器時代の後〜弥生時代の前,-14000,JH-000067-B02,beginner,時期,time,縄文時代はいつ頃？,旧石器時代の後〜弥生時代の前,旧石器時代の後〜弥生時代の前,,,,国立歴史民俗博物館「第1展示室 先史・古代」,https://www.rekihaku.ac.jp/exhibitions/room1/
日本史段階別デッキ｜Deck 1｜日本史の最重要骨格400語,JH-000067,67,Deck 1｜骨格・基礎,時代・歴史区分,縄文時代,じょうもんじだい,,原始,日本全国,日本列島各地,旧石器時代の後〜弥生時代の前,-14000,JH-000067-B03,beginner,内容,content,縄文時代の生活の基礎となった生業は？,狩猟・漁労・採集,狩猟・漁労・採集,,,,国立歴史民俗博物館「第1展示室 先史・古代」,https://www.rekihaku.ac.jp/exhibitions/room1/
日本史段階別デッキ｜Deck 1｜日本史の最重要骨格400語,JH-000067,67,Deck 1｜骨格・基礎,時代・歴史区分,縄文時代,じょうもんじだい,,原始,日本全国,日本列島各地,旧石器時代の後〜弥生時代の前,-14000,JH-000067-R01,reverse,時期,time,いつ頃？,**旧石器時代の後〜弥生時代の前**,旧石器時代の後〜弥生時代の前,,,,国立歴史民俗博物館「第1展示室 先史・古代」,https://www.rekihaku.ac.jp/exhibitions/room1/
日本史段階別デッキ｜Deck 1｜日本史の最重要骨格400語,JH-000067,67,Deck 1｜骨格・基礎,時代・歴史区分,縄文時代,じょうもんじだい,,原始,日本全国,日本列島各地,旧石器時代の後〜弥生時代の前,-14000,JH-000067-R02,reverse,複合説明,reverse,どんな時代？,日本列島各地で**縄文土器**が使われ、狩猟・漁労・採集を基礎に、竪穴住居による定住生活が広がった時代。,縄文土器|狩猟・漁労・採集|竪穴住居|貝塚|土偶,,,,国立歴史民俗博物館「第1展示室 先史・古代」,https://www.rekihaku.ac.jp/exhibitions/room1/
日本史段階別デッキ｜Deck 1｜日本史の最重要骨格400語,JH-000067,67,Deck 1｜骨格・基礎,時代・歴史区分,縄文時代,じょうもんじだい,,原始,日本全国,日本列島各地,旧石器時代の後〜弥生時代の前,-14000,JH-000067-R03,reverse,結果・関連,reverse,何につながった・どんな意味があった？,**貝塚**や土偶、集落跡から、地域ごとに多様な生活と祭祀が営まれたことが分かる。,縄文土器|狩猟・漁労・採集|竪穴住居|貝塚|土偶,,,,国立歴史民俗博物館「第1展示室 先史・古代」,https://www.rekihaku.ac.jp/exhibitions/room1/
日本史段階別デッキ｜Deck 1｜日本史の最重要骨格400語,JH-000067,67,Deck 1｜骨格・基礎,時代・歴史区分,縄文時代,じょうもんじだい,,原始,日本全国,日本列島各地,旧石器時代の後〜弥生時代の前,-14000,JH-000067-I01,integrated,統合説明,integrated,「縄文時代」について説明せよ。,旧石器時代の後〜弥生時代の前、日本列島各地を主な舞台として、日本列島各地で**縄文土器**が使われ、狩猟・漁労・採集を基礎に、竪穴住居による定住生活が広がった時代。 **貝塚**や土偶、集落跡から、地域ごとに多様な生活と祭祀が営まれたことが分かる。,縄文土器|狩猟・漁労・採集|竪穴住居|貝塚|土偶,,,,国立歴史民俗博物館「第1展示室 先史・古代」,https://www.rekihaku.ac.jp/exhibitions/room1/
日本史段階別デッキ｜Deck 1｜日本史の最重要骨格400語,JH-000370,370,Deck 1｜骨格・基礎,文化・技術・学問,縄文土器,じょうもんどき,,原始,日本全国,日本列島各地,縄文時代,-14000,JH-000370-B01,beginner,用語の特定,identify,表面に縄目などの文様があり、煮炊きや貯蔵に使われた日本列島の土器は？,縄文土器,縄文土器,,,,国立歴史民俗博物館「第1展示室 先史・古代」,https://www.rekihaku.ac.jp/exhibitions/room1/
日本史段階別デッキ｜Deck 1｜日本史の最重要骨格400語,JH-000370,370,Deck 1｜骨格・基礎,文化・技術・学問,縄文土器,じょうもんどき,,原始,日本全国,日本列島各地,縄文時代,-14000,JH-000370-B02,beginner,時期,time,縄文土器が成立・発達したのはいつ？,縄文時代,縄文時代,,,,国立歴史民俗博物館「第1展示室 先史・古代」,https://www.rekihaku.ac.jp/exhibitions/room1/
日本史段階別デッキ｜Deck 1｜日本史の最重要骨格400語,JH-000370,370,Deck 1｜骨格・基礎,文化・技術・学問,縄文土器,じょうもんどき,,原始,日本全国,日本列島各地,縄文時代,-14000,JH-000370-B03,beginner,時期,time,縄文土器が主に使われた時代は？,縄文時代,縄文時代,,,,国立歴史民俗博物館「第1展示室 先史・古代」,https://www.rekihaku.ac.jp/exhibitions/room1/
日本史段階別デッキ｜Deck 1｜日本史の最重要骨格400語,JH-000370,370,Deck 1｜骨格・基礎,文化・技術・学問,縄文土器,じょうもんどき,,原始,日本全国,日本列島各地,縄文時代,-14000,JH-000370-R01,reverse,時期,time,成立・発達したのはいつ？,**縄文時代**,縄文時代,,,,国立歴史民俗博物館「第1展示室 先史・古代」,https://www.rekihaku.ac.jp/exhibitions/room1/
日本史段階別デッキ｜Deck 1｜日本史の最重要骨格400語,JH-000370,370,Deck 1｜骨格・基礎,文化・技術・学問,縄文土器,じょうもんどき,,原始,日本全国,日本列島各地,縄文時代,-14000,JH-000370-R02,reverse,複合説明,reverse,どんな文化・技術・学問？,日本列島各地で縄文時代に使われた、縄目などの文様を持つ**土器**で、煮炊きや貯蔵を可能にした。,土器|煮炊き|貯蔵|定住化,,,,国立歴史民俗博物館「第1展示室 先史・古代」,https://www.rekihaku.ac.jp/exhibitions/room1/
日本史段階別デッキ｜Deck 1｜日本史の最重要骨格400語,JH-000370,370,Deck 1｜骨格・基礎,文化・技術・学問,縄文土器,じょうもんどき,,原始,日本全国,日本列島各地,縄文時代,-14000,JH-000370-R03,reverse,結果・関連,reverse,何につながった・どんな意味があった？,食生活や**定住化**を支え、形や文様の地域差は縄文社会の多様性を知る手掛かりとなる。,土器|煮炊き|貯蔵|定住化,,,,国立歴史民俗博物館「第1展示室 先史・古代」,https://www.rekihaku.ac.jp/exhibitions/room1/
日本史段階別デッキ｜Deck 1｜日本史の最重要骨格400語,JH-000370,370,Deck 1｜骨格・基礎,文化・技術・学問,縄文土器,じょうもんどき,,原始,日本全国,日本列島各地,縄文時代,-14000,JH-000370-I01,integrated,統合説明,integrated,「縄文土器」について説明せよ。,縄文時代、日本列島各地を主な舞台として、日本列島各地で縄文時代に使われた、縄目などの文様を持つ**土器**で、煮炊きや貯蔵を可能にした。 食生活や**定住化**を支え、形や文様の地域差は縄文社会の多様性を知る手掛かりとなる。,土器|煮炊き|貯蔵|定住化,,,,国立歴史民俗博物館「第1展示室 先史・古代」,https://www.rekihaku.ac.jp/exhibitions/room1/
日本史段階別デッキ｜Deck 1｜日本史の最重要骨格400語,JH-000396,396,Deck 1｜骨格・基礎,文学・美術・建築,竪穴住居,たてあなじゅうきょ,,原始,日本全国,日本列島各地の集落,縄文時代〜古代,-10000,JH-000396-B01,beginner,用語の特定,identify,地面を掘り下げて床を作り、柱と屋根を設けた古代までの代表的な住居は？,竪穴住居,竪穴住居,,,,国立歴史民俗博物館「第1展示室 先史・古代」,https://www.rekihaku.ac.jp/exhibitions/room1/
日本史段階別デッキ｜Deck 1｜日本史の最重要骨格400語,JH-000396,396,Deck 1｜骨格・基礎,文学・美術・建築,竪穴住居,たてあなじゅうきょ,,原始,日本全国,日本列島各地の集落,縄文時代〜古代,-10000,JH-000396-B02,beginner,時期,time,竪穴住居が広く用いられたのはいつ？,縄文時代〜古代,縄文時代〜古代,,,,国立歴史民俗博物館「第1展示室 先史・古代」,https://www.rekihaku.ac.jp/exhibitions/room1/
日本史段階別デッキ｜Deck 1｜日本史の最重要骨格400語,JH-000396,396,Deck 1｜骨格・基礎,文学・美術・建築,竪穴住居,たてあなじゅうきょ,,原始,日本全国,日本列島各地の集落,縄文時代〜古代,-10000,JH-000396-B03,beginner,内容,content,竪穴住居の床はどのように作られた？,地面を掘り下げた,地面を掘り下げた,,,,国立歴史民俗博物館「第1展示室 先史・古代」,https://www.rekihaku.ac.jp/exhibitions/room1/
日本史段階別デッキ｜Deck 1｜日本史の最重要骨格400語,JH-000396,396,Deck 1｜骨格・基礎,文学・美術・建築,竪穴住居,たてあなじゅうきょ,,原始,日本全国,日本列島各地の集落,縄文時代〜古代,-10000,JH-000396-R01,reverse,時期,time,広く用いられたのはいつ？,**縄文時代〜古代**,縄文時代〜古代,,,,国立歴史民俗博物館「第1展示室 先史・古代」,https://www.rekihaku.ac.jp/exhibitions/room1/
日本史段階別デッキ｜Deck 1｜日本史の最重要骨格400語,JH-000396,396,Deck 1｜骨格・基礎,文学・美術・建築,竪穴住居,たてあなじゅうきょ,,原始,日本全国,日本列島各地の集落,縄文時代〜古代,-10000,JH-000396-R02,reverse,複合説明,reverse,どのような作品・様式？,日本列島各地の**集落**で、地面を掘り下げた床に柱と屋根を設けた住居。,地面を掘り下げる|集落|家族生活,,,,国立歴史民俗博物館「第1展示室 先史・古代」,https://www.rekihaku.ac.jp/exhibitions/room1/
日本史段階別デッキ｜Deck 1｜日本史の最重要骨格400語,JH-000396,396,Deck 1｜骨格・基礎,文学・美術・建築,竪穴住居,たてあなじゅうきょ,,原始,日本全国,日本列島各地の集落,縄文時代〜古代,-10000,JH-000396-R03,reverse,結果・関連,reverse,何につながった・どんな意味があった？,縄文時代から古代まで長く使われ、**集落**の規模や家族生活を復元する重要な考古資料となる。,地面を掘り下げる|集落|家族生活,,,,国立歴史民俗博物館「第1展示室 先史・古代」,https://www.rekihaku.ac.jp/exhibitions/room1/
日本史段階別デッキ｜Deck 1｜日本史の最重要骨格400語,JH-000396,396,Deck 1｜骨格・基礎,文学・美術・建築,竪穴住居,たてあなじゅうきょ,,原始,日本全国,日本列島各地の集落,縄文時代〜古代,-10000,JH-000396-I01,integrated,統合説明,integrated,「竪穴住居」について説明せよ。,縄文時代〜古代、日本列島各地の集落を主な舞台として、日本列島各地の**集落**で、地面を掘り下げた床に柱と屋根を設けた住居。 縄文時代から古代まで長く使われ、**集落**の規模や家族生活を復元する重要な考古資料となる。,地面を掘り下げる|集落|家族生活,,,,国立歴史民俗博物館「第1展示室 先史・古代」,https://www.rekihaku.ac.jp/exhibitions/room1/
日本史段階別デッキ｜Deck 1｜日本史の最重要骨格400語,JH-000392,392,Deck 1｜骨格・基礎,地域・都市・遺跡,貝塚,かいづか,,原始,日本全国,沿岸部を中心とする縄文集落,縄文時代,-8000,JH-000392-B01,beginner,用語の特定,identify,縄文人が貝殻や動物の骨、生活道具などを捨てた場所で、食生活を知る資料となる遺跡は？,貝塚,貝塚,,,,国立歴史民俗博物館「第1展示室 先史・古代」,https://www.rekihaku.ac.jp/exhibitions/room1/
日本史段階別デッキ｜Deck 1｜日本史の最重要骨格400語,JH-000392,392,Deck 1｜骨格・基礎,地域・都市・遺跡,貝塚,かいづか,,原始,日本全国,沿岸部を中心とする縄文集落,縄文時代,-8000,JH-000392-B02,beginner,時期,time,貝塚が歴史上重要な意味を持つのはいつ？,縄文時代,縄文時代,,,,国立歴史民俗博物館「第1展示室 先史・古代」,https://www.rekihaku.ac.jp/exhibitions/room1/
日本史段階別デッキ｜Deck 1｜日本史の最重要骨格400語,JH-000392,392,Deck 1｜骨格・基礎,地域・都市・遺跡,貝塚,かいづか,,原始,日本全国,沿岸部を中心とする縄文集落,縄文時代,-8000,JH-000392-B03,beginner,内容,content,貝塚から主に分かる縄文人の生活分野は？,食生活,食生活,,,,国立歴史民俗博物館「第1展示室 先史・古代」,https://www.rekihaku.ac.jp/exhibitions/room1/
日本史段階別デッキ｜Deck 1｜日本史の最重要骨格400語,JH-000392,392,Deck 1｜骨格・基礎,地域・都市・遺跡,貝塚,かいづか,,原始,日本全国,沿岸部を中心とする縄文集落,縄文時代,-8000,JH-000392-R01,reverse,時期,time,歴史上重要な意味を持つのはいつ？,**縄文時代**,縄文時代,,,,国立歴史民俗博物館「第1展示室 先史・古代」,https://www.rekihaku.ac.jp/exhibitions/room1/
日本史段階別デッキ｜Deck 1｜日本史の最重要骨格400語,JH-000392,392,Deck 1｜骨格・基礎,地域・都市・遺跡,貝塚,かいづか,,原始,日本全国,沿岸部を中心とする縄文集落,縄文時代,-8000,JH-000392-R02,reverse,複合説明,reverse,何が分かる・何が重要？,沿岸部などの縄文集落で、**貝殻**・動物骨・道具などが堆積した場所。,貝殻|動物骨|食生活|環境,,,,国立歴史民俗博物館「第1展示室 先史・古代」,https://www.rekihaku.ac.jp/exhibitions/room1/
日本史段階別デッキ｜Deck 1｜日本史の最重要骨格400語,JH-000392,392,Deck 1｜骨格・基礎,地域・都市・遺跡,貝塚,かいづか,,原始,日本全国,沿岸部を中心とする縄文集落,縄文時代,-8000,JH-000392-R03,reverse,結果・関連,reverse,何につながった・どんな意味があった？,食料資源や道具、埋葬の痕跡から、縄文人の**食生活**・環境・社会を復元できる。,貝殻|動物骨|食生活|環境,,,,国立歴史民俗博物館「第1展示室 先史・古代」,https://www.rekihaku.ac.jp/exhibitions/room1/
日本史段階別デッキ｜Deck 1｜日本史の最重要骨格400語,JH-000392,392,Deck 1｜骨格・基礎,地域・都市・遺跡,貝塚,かいづか,,原始,日本全国,沿岸部を中心とする縄文集落,縄文時代,-8000,JH-000392-I01,integrated,統合説明,integrated,「貝塚」について説明せよ。,縄文時代、沿岸部を中心とする縄文集落を主な舞台として、沿岸部などの縄文集落で、**貝殻**・動物骨・道具などが堆積した場所。 食料資源や道具、埋葬の痕跡から、縄文人の**食生活**・環境・社会を復元できる。,貝殻|動物骨|食生活|環境,,,,国立歴史民俗博物館「第1展示室 先史・古代」,https://www.rekihaku.ac.jp/exhibitions/room1/
日本史段階別デッキ｜Deck 1｜日本史の最重要骨格400語,JH-000397,397,Deck 1｜骨格・基礎,文学・美術・建築,土偶,どぐう,,原始,日本全国,東日本を中心とする縄文遺跡,縄文時代,-5000,JH-000397-B01,beginner,用語の特定,identify,縄文時代に祭祀や祈りに用いられたと考えられる、人の形をした土製品は？,土偶,土偶,,,,国立歴史民俗博物館「第1展示室 先史・古代」,https://www.rekihaku.ac.jp/exhibitions/room1/
日本史段階別デッキ｜Deck 1｜日本史の最重要骨格400語,JH-000397,397,Deck 1｜骨格・基礎,文学・美術・建築,土偶,どぐう,,原始,日本全国,東日本を中心とする縄文遺跡,縄文時代,-5000,JH-000397-B02,beginner,時期,time,土偶が作られたのはいつ？,縄文時代,縄文時代,,,,国立歴史民俗博物館「第1展示室 先史・古代」,https://www.rekihaku.ac.jp/exhibitions/room1/
日本史段階別デッキ｜Deck 1｜日本史の最重要骨格400語,JH-000397,397,Deck 1｜骨格・基礎,文学・美術・建築,土偶,どぐう,,原始,日本全国,東日本を中心とする縄文遺跡,縄文時代,-5000,JH-000397-B03,beginner,内容,content,土偶は何で作られた？,土,土,,,,国立歴史民俗博物館「第1展示室 先史・古代」,https://www.rekihaku.ac.jp/exhibitions/room1/
日本史段階別デッキ｜Deck 1｜日本史の最重要骨格400語,JH-000397,397,Deck 1｜骨格・基礎,文学・美術・建築,土偶,どぐう,,原始,日本全国,東日本を中心とする縄文遺跡,縄文時代,-5000,JH-000397-R01,reverse,時期,time,作られたのはいつ？,**縄文時代**,縄文時代,,,,国立歴史民俗博物館「第1展示室 先史・古代」,https://www.rekihaku.ac.jp/exhibitions/room1/
日本史段階別デッキ｜Deck 1｜日本史の最重要骨格400語,JH-000397,397,Deck 1｜骨格・基礎,文学・美術・建築,土偶,どぐう,,原始,日本全国,東日本を中心とする縄文遺跡,縄文時代,-5000,JH-000397-R02,reverse,複合説明,reverse,どのような作品・様式？,東日本を中心とする縄文遺跡から出土する、人の姿を表した**土製品**。,土製品|祭祀|豊穣|精神文化,,,,国立歴史民俗博物館「第1展示室 先史・古代」,https://www.rekihaku.ac.jp/exhibitions/room1/
日本史段階別デッキ｜Deck 1｜日本史の最重要骨格400語,JH-000397,397,Deck 1｜骨格・基礎,文学・美術・建築,土偶,どぐう,,原始,日本全国,東日本を中心とする縄文遺跡,縄文時代,-5000,JH-000397-R03,reverse,結果・関連,reverse,何につながった・どんな意味があった？,**祭祀**や豊穣・安産への祈りなどに関係したと考えられ、縄文人の精神文化を示す。,土製品|祭祀|豊穣|精神文化,,,,国立歴史民俗博物館「第1展示室 先史・古代」,https://www.rekihaku.ac.jp/exhibitions/room1/
日本史段階別デッキ｜Deck 1｜日本史の最重要骨格400語,JH-000397,397,Deck 1｜骨格・基礎,文学・美術・建築,土偶,どぐう,,原始,日本全国,東日本を中心とする縄文遺跡,縄文時代,-5000,JH-000397-I01,integrated,統合説明,integrated,「土偶」について説明せよ。,縄文時代、東日本を中心とする縄文遺跡を主な舞台として、東日本を中心とする縄文遺跡から出土する、人の姿を表した**土製品**。 **祭祀**や豊穣・安産への祈りなどに関係したと考えられ、縄文人の精神文化を示す。,土製品|祭祀|豊穣|精神文化,,,,国立歴史民俗博物館「第1展示室 先史・古代」,https://www.rekihaku.ac.jp/exhibitions/room1/
日本史段階別デッキ｜Deck 1｜日本史の最重要骨格400語,JH-000393,393,Deck 1｜骨格・基礎,地域・都市・遺跡,三内丸山遺跡,さんないまるやまいせき,,原始,東北,青森県青森市,縄文時代前期〜中期,-3500,JH-000393-B01,beginner,用語の特定,identify,大型掘立柱建物や多数の住居跡が見つかり、縄文時代の大規模集落を示す青森県の遺跡は？,三内丸山遺跡(さんないまるやまいせき),三内丸山遺跡,,,,国立歴史民俗博物館「第1展示室 先史・古代」,https://www.rekihaku.ac.jp/exhibitions/room1/
日本史段階別デッキ｜Deck 1｜日本史の最重要骨格400語,JH-000393,393,Deck 1｜骨格・基礎,地域・都市・遺跡,三内丸山遺跡,さんないまるやまいせき,,原始,東北,青森県青森市,縄文時代前期〜中期,-3500,JH-000393-B02,beginner,時期,time,三内丸山遺跡(さんないまるやまいせき)が歴史上重要な意味を持つのはいつ？,縄文時代前期〜中期,縄文時代前期〜中期,,,,国立歴史民俗博物館「第1展示室 先史・古代」,https://www.rekihaku.ac.jp/exhibitions/room1/
日本史段階別デッキ｜Deck 1｜日本史の最重要骨格400語,JH-000393,393,Deck 1｜骨格・基礎,地域・都市・遺跡,三内丸山遺跡,さんないまるやまいせき,,原始,東北,青森県青森市,縄文時代前期〜中期,-3500,JH-000393-B03,beginner,地域,place,三内丸山遺跡(さんないまるやまいせき)がある都道府県は？,青森県,青森県,,,,国立歴史民俗博物館「第1展示室 先史・古代」,https://www.rekihaku.ac.jp/exhibitions/room1/
日本史段階別デッキ｜Deck 1｜日本史の最重要骨格400語,JH-000393,393,Deck 1｜骨格・基礎,地域・都市・遺跡,三内丸山遺跡,さんないまるやまいせき,,原始,東北,青森県青森市,縄文時代前期〜中期,-3500,JH-000393-R01,reverse,時期,time,歴史上重要な意味を持つのはいつ？,**縄文時代前期〜中期**,縄文時代前期〜中期,,,,国立歴史民俗博物館「第1展示室 先史・古代」,https://www.rekihaku.ac.jp/exhibitions/room1/
日本史段階別デッキ｜Deck 1｜日本史の最重要骨格400語,JH-000393,393,Deck 1｜骨格・基礎,地域・都市・遺跡,三内丸山遺跡,さんないまるやまいせき,,原始,東北,青森県青森市,縄文時代前期〜中期,-3500,JH-000393-R02,reverse,複合説明,reverse,何が分かる・何が重要？,青森県にある縄文時代の**大規模集落**遺跡で、住居跡・大型掘立柱建物・貯蔵穴などが発見された。,大規模集落|大型掘立柱建物|定住|交易,,,,国立歴史民俗博物館「第1展示室 先史・古代」,https://www.rekihaku.ac.jp/exhibitions/room1/
日本史段階別デッキ｜Deck 1｜日本史の最重要骨格400語,JH-000393,393,Deck 1｜骨格・基礎,地域・都市・遺跡,三内丸山遺跡,さんないまるやまいせき,,原始,東北,青森県青森市,縄文時代前期〜中期,-3500,JH-000393-R03,reverse,結果・関連,reverse,何につながった・どんな意味があった？,長期**定住**や交易、計画的な集落運営を示し、縄文社会像を豊かにした。,大規模集落|大型掘立柱建物|定住|交易,,,,国立歴史民俗博物館「第1展示室 先史・古代」,https://www.rekihaku.ac.jp/exhibitions/room1/
日本史段階別デッキ｜Deck 1｜日本史の最重要骨格400語,JH-000393,393,Deck 1｜骨格・基礎,地域・都市・遺跡,三内丸山遺跡,さんないまるやまいせき,,原始,東北,青森県青森市,縄文時代前期〜中期,-3500,JH-000393-I01,integrated,統合説明,integrated,「三内丸山遺跡(さんないまるやまいせき)」について説明せよ。,縄文時代前期〜中期、青森県青森市を主な舞台として、青森県にある縄文時代の**大規模集落**遺跡で、住居跡・大型掘立柱建物・貯蔵穴などが発見された。 長期**定住**や交易、計画的な集落運営を示し、縄文社会像を豊かにした。,大規模集落|大型掘立柱建物|定住|交易,,,,国立歴史民俗博物館「第1展示室 先史・古代」,https://www.rekihaku.ac.jp/exhibitions/room1/
日本史段階別デッキ｜Deck 1｜日本史の最重要骨格400語,JH-000066,66,Deck 1｜骨格・基礎,時代・歴史区分,弥生時代,やよいじだい,,原始,日本全国,九州北部から日本列島各地,縄文時代の後〜古墳時代の前,-900,JH-000066-B01,beginner,用語の特定,identify,水稲耕作と金属器が広まり、むらからくにへの政治的統合が進んだ時代は？,弥生時代,弥生時代,,,,国立歴史民俗博物館「第1展示室 先史・古代」,https://www.rekihaku.ac.jp/exhibitions/room1/
日本史段階別デッキ｜Deck 1｜日本史の最重要骨格400語,JH-000066,66,Deck 1｜骨格・基礎,時代・歴史区分,弥生時代,やよいじだい,,原始,日本全国,九州北部から日本列島各地,縄文時代の後〜古墳時代の前,-900,JH-000066-B02,beginner,時期,time,弥生時代はいつ頃？,縄文時代の後〜古墳時代の前,縄文時代の後〜古墳時代の前,,,,国立歴史民俗博物館「第1展示室 先史・古代」,https://www.rekihaku.ac.jp/exhibitions/room1/
日本史段階別デッキ｜Deck 1｜日本史の最重要骨格400語,JH-000066,66,Deck 1｜骨格・基礎,時代・歴史区分,弥生時代,やよいじだい,,原始,日本全国,九州北部から日本列島各地,縄文時代の後〜古墳時代の前,-900,JH-000066-B03,beginner,内容,content,弥生時代に本格化した農業は？,水稲耕作,水稲耕作,,,,国立歴史民俗博物館「第1展示室 先史・古代」,https://www.rekihaku.ac.jp/exhibitions/room1/
日本史段階別デッキ｜Deck 1｜日本史の最重要骨格400語,JH-000066,66,Deck 1｜骨格・基礎,時代・歴史区分,弥生時代,やよいじだい,,原始,日本全国,九州北部から日本列島各地,縄文時代の後〜古墳時代の前,-900,JH-000066-R01,reverse,時期,time,いつ頃？,**縄文時代の後〜古墳時代の前**,縄文時代の後〜古墳時代の前,,,,国立歴史民俗博物館「第1展示室 先史・古代」,https://www.rekihaku.ac.jp/exhibitions/room1/
日本史段階別デッキ｜Deck 1｜日本史の最重要骨格400語,JH-000066,66,Deck 1｜骨格・基礎,時代・歴史区分,弥生時代,やよいじだい,,原始,日本全国,九州北部から日本列島各地,縄文時代の後〜古墳時代の前,-900,JH-000066-R02,reverse,複合説明,reverse,どんな時代？,九州北部から日本列島各地へ**水稲耕作**と金属器が広がり、定住農耕社会が発達した時代。,水稲耕作|金属器|身分差|邪馬台国,,,,国立歴史民俗博物館「第1展示室 先史・古代」,https://www.rekihaku.ac.jp/exhibitions/room1/
日本史段階別デッキ｜Deck 1｜日本史の最重要骨格400語,JH-000066,66,Deck 1｜骨格・基礎,時代・歴史区分,弥生時代,やよいじだい,,原始,日本全国,九州北部から日本列島各地,縄文時代の後〜古墳時代の前,-900,JH-000066-R03,reverse,結果・関連,reverse,何につながった・どんな意味があった？,余剰生産と土地・水をめぐる争いから身分差や政治的統合が進み、**邪馬台国(やまたいこく)**などのくにが形成された。,水稲耕作|金属器|身分差|邪馬台国,,,,国立歴史民俗博物館「第1展示室 先史・古代」,https://www.rekihaku.ac.jp/exhibitions/room1/
日本史段階別デッキ｜Deck 1｜日本史の最重要骨格400語,JH-000066,66,Deck 1｜骨格・基礎,時代・歴史区分,弥生時代,やよいじだい,,原始,日本全国,九州北部から日本列島各地,縄文時代の後〜古墳時代の前,-900,JH-000066-I01,integrated,統合説明,integrated,「弥生時代」について説明せよ。,縄文時代の後〜古墳時代の前、九州北部から日本列島各地を主な舞台として、九州北部から日本列島各地へ**水稲耕作**と金属器が広がり、定住農耕社会が発達した時代。 余剰生産と土地・水をめぐる争いから身分差や政治的統合が進み、**邪馬台国(やまたいこく)**などのくにが形成された。,水稲耕作|金属器|身分差|邪馬台国,,,,国立歴史民俗博物館「第1展示室 先史・古代」,https://www.rekihaku.ac.jp/exhibitions/room1/
日本史段階別デッキ｜Deck 1｜日本史の最重要骨格400語,JH-000221,221,Deck 1｜骨格・基礎,経済・産業・交通,水稲耕作,すいとうこうさく,水田稲作,原始,日本全国,九州北部から日本列島各地,弥生時代,-900,JH-000221-B01,beginner,用語の特定,identify,水田を作って稲を育てる農業で、弥生社会の基盤となったものは？,水稲耕作,水稲耕作,水田稲作,,,国立歴史民俗博物館「第1展示室 先史・古代」,https://www.rekihaku.ac.jp/exhibitions/room1/
日本史段階別デッキ｜Deck 1｜日本史の最重要骨格400語,JH-000221,221,Deck 1｜骨格・基礎,経済・産業・交通,水稲耕作,すいとうこうさく,水田稲作,原始,日本全国,九州北部から日本列島各地,弥生時代,-900,JH-000221-B02,beginner,時期,time,水稲耕作が行われた・発達したのはいつ？,弥生時代,弥生時代,,,,国立歴史民俗博物館「第1展示室 先史・古代」,https://www.rekihaku.ac.jp/exhibitions/room1/
日本史段階別デッキ｜Deck 1｜日本史の最重要骨格400語,JH-000221,221,Deck 1｜骨格・基礎,経済・産業・交通,水稲耕作,すいとうこうさく,水田稲作,原始,日本全国,九州北部から日本列島各地,弥生時代,-900,JH-000221-B03,beginner,時期,time,水稲耕作が日本列島へ広がり始めた時代は？,弥生時代,弥生時代,,,,国立歴史民俗博物館「第1展示室 先史・古代」,https://www.rekihaku.ac.jp/exhibitions/room1/
日本史段階別デッキ｜Deck 1｜日本史の最重要骨格400語,JH-000221,221,Deck 1｜骨格・基礎,経済・産業・交通,水稲耕作,すいとうこうさく,水田稲作,原始,日本全国,九州北部から日本列島各地,弥生時代,-900,JH-000221-R01,reverse,時期,time,行われた・発達したのはいつ？,**弥生時代**,弥生時代,,,,国立歴史民俗博物館「第1展示室 先史・古代」,https://www.rekihaku.ac.jp/exhibitions/room1/
日本史段階別デッキ｜Deck 1｜日本史の最重要骨格400語,JH-000221,221,Deck 1｜骨格・基礎,経済・産業・交通,水稲耕作,すいとうこうさく,水田稲作,原始,日本全国,九州北部から日本列島各地,弥生時代,-900,JH-000221-R02,reverse,複合説明,reverse,どんな仕組み・活動？,朝鮮半島などとの交流を通じて九州北部へ伝わり、日本列島各地へ広がった**水田稲作**。,水田稲作|九州北部|余剰生産|身分差,,,,国立歴史民俗博物館「第1展示室 先史・古代」,https://www.rekihaku.ac.jp/exhibitions/room1/
日本史段階別デッキ｜Deck 1｜日本史の最重要骨格400語,JH-000221,221,Deck 1｜骨格・基礎,経済・産業・交通,水稲耕作,すいとうこうさく,水田稲作,原始,日本全国,九州北部から日本列島各地,弥生時代,-900,JH-000221-R03,reverse,結果・関連,reverse,何につながった・どんな意味があった？,食料の安定と余剰を生む一方、土地・水の管理や争いを通じて集落の統合と**身分差**を促した。,水田稲作|九州北部|余剰生産|身分差,,,,国立歴史民俗博物館「第1展示室 先史・古代」,https://www.rekihaku.ac.jp/exhibitions/room1/
日本史段階別デッキ｜Deck 1｜日本史の最重要骨格400語,JH-000221,221,Deck 1｜骨格・基礎,経済・産業・交通,水稲耕作,すいとうこうさく,水田稲作,原始,日本全国,九州北部から日本列島各地,弥生時代,-900,JH-000221-I01,integrated,統合説明,integrated,「水稲耕作」について説明せよ。,弥生時代、九州北部から日本列島各地を主な舞台として、朝鮮半島などとの交流を通じて九州北部へ伝わり、日本列島各地へ広がった**水田稲作**。 食料の安定と余剰を生む一方、土地・水の管理や争いを通じて集落の統合と**身分差**を促した。,水田稲作|九州北部|余剰生産|身分差,,,,国立歴史民俗博物館「第1展示室 先史・古代」,https://www.rekihaku.ac.jp/exhibitions/room1/
日本史段階別デッキ｜Deck 1｜日本史の最重要骨格400語,JH-000394,394,Deck 1｜骨格・基礎,文化・技術・学問,金属器,きんぞくき,,原始,日本全国,日本列島と朝鮮半島・中国大陸,弥生時代,-800,JH-000394-B01,beginner,用語の特定,identify,弥生時代に大陸から伝わり、武器・工具・祭器に使われた青銅器と鉄器の総称は？,金属器,金属器,,,,国立歴史民俗博物館「第1展示室 先史・古代」,https://www.rekihaku.ac.jp/exhibitions/room1/
日本史段階別デッキ｜Deck 1｜日本史の最重要骨格400語,JH-000394,394,Deck 1｜骨格・基礎,文化・技術・学問,金属器,きんぞくき,,原始,日本全国,日本列島と朝鮮半島・中国大陸,弥生時代,-800,JH-000394-B02,beginner,時期,time,金属器が成立・発達したのはいつ？,弥生時代,弥生時代,,,,国立歴史民俗博物館「第1展示室 先史・古代」,https://www.rekihaku.ac.jp/exhibitions/room1/
日本史段階別デッキ｜Deck 1｜日本史の最重要骨格400語,JH-000394,394,Deck 1｜骨格・基礎,文化・技術・学問,金属器,きんぞくき,,原始,日本全国,日本列島と朝鮮半島・中国大陸,弥生時代,-800,JH-000394-B03,beginner,内容,content,金属器に含まれる二つの代表的な素材は？,青銅と鉄,青銅と鉄,,,,国立歴史民俗博物館「第1展示室 先史・古代」,https://www.rekihaku.ac.jp/exhibitions/room1/
日本史段階別デッキ｜Deck 1｜日本史の最重要骨格400語,JH-000394,394,Deck 1｜骨格・基礎,文化・技術・学問,金属器,きんぞくき,,原始,日本全国,日本列島と朝鮮半島・中国大陸,弥生時代,-800,JH-000394-R01,reverse,時期,time,成立・発達したのはいつ？,**弥生時代**,弥生時代,,,,国立歴史民俗博物館「第1展示室 先史・古代」,https://www.rekihaku.ac.jp/exhibitions/room1/
日本史段階別デッキ｜Deck 1｜日本史の最重要骨格400語,JH-000394,394,Deck 1｜骨格・基礎,文化・技術・学問,金属器,きんぞくき,,原始,日本全国,日本列島と朝鮮半島・中国大陸,弥生時代,-800,JH-000394-R02,reverse,複合説明,reverse,どんな文化・技術・学問？,朝鮮半島・中国大陸との交流を通じて弥生時代の日本列島へ伝わった、**青銅器**と**鉄器**。,青銅器|鉄器|農具|祭器,,,,国立歴史民俗博物館「第1展示室 先史・古代」,https://www.rekihaku.ac.jp/exhibitions/room1/
日本史段階別デッキ｜Deck 1｜日本史の最重要骨格400語,JH-000394,394,Deck 1｜骨格・基礎,文化・技術・学問,金属器,きんぞくき,,原始,日本全国,日本列島と朝鮮半島・中国大陸,弥生時代,-800,JH-000394-R03,reverse,結果・関連,reverse,何につながった・どんな意味があった？,鉄器は農具・工具・武器に、**青銅器**は銅鐸などの祭器に用いられ、生産力と祭祀を変化させた。,青銅器|鉄器|農具|祭器,,,,国立歴史民俗博物館「第1展示室 先史・古代」,https://www.rekihaku.ac.jp/exhibitions/room1/
日本史段階別デッキ｜Deck 1｜日本史の最重要骨格400語,JH-000394,394,Deck 1｜骨格・基礎,文化・技術・学問,金属器,きんぞくき,,原始,日本全国,日本列島と朝鮮半島・中国大陸,弥生時代,-800,JH-000394-I01,integrated,統合説明,integrated,「金属器」について説明せよ。,弥生時代、日本列島と朝鮮半島・中国大陸を主な舞台として、朝鮮半島・中国大陸との交流を通じて弥生時代の日本列島へ伝わった、**青銅器**と**鉄器**。 鉄器は農具・工具・武器に、**青銅器**は銅鐸などの祭器に用いられ、生産力と祭祀を変化させた。,青銅器|鉄器|農具|祭器,,,,国立歴史民俗博物館「第1展示室 先史・古代」,https://www.rekihaku.ac.jp/exhibitions/room1/
日本史段階別デッキ｜Deck 1｜日本史の最重要骨格400語,JH-000395,395,Deck 1｜骨格・基礎,地域・都市・遺跡,環濠集落,かんごうしゅうらく,,原始,日本全国,西日本を中心とする弥生集落,弥生時代,-300,JH-000395-B01,beginner,用語の特定,identify,外敵に備えて集落の周囲に濠をめぐらせた、弥生時代の集落形態は？,環濠集落(かんごうしゅうらく),環濠集落,,,,国立歴史民俗博物館「第1展示室 先史・古代」,https://www.rekihaku.ac.jp/exhibitions/room1/
日本史段階別デッキ｜Deck 1｜日本史の最重要骨格400語,JH-000395,395,Deck 1｜骨格・基礎,地域・都市・遺跡,環濠集落,かんごうしゅうらく,,原始,日本全国,西日本を中心とする弥生集落,弥生時代,-300,JH-000395-B02,beginner,時期,time,環濠集落(かんごうしゅうらく)が歴史上重要な意味を持つのはいつ？,弥生時代,弥生時代,,,,国立歴史民俗博物館「第1展示室 先史・古代」,https://www.rekihaku.ac.jp/exhibitions/room1/
日本史段階別デッキ｜Deck 1｜日本史の最重要骨格400語,JH-000395,395,Deck 1｜骨格・基礎,地域・都市・遺跡,環濠集落,かんごうしゅうらく,,原始,日本全国,西日本を中心とする弥生集落,弥生時代,-300,JH-000395-B03,beginner,内容,content,環濠集落(かんごうしゅうらく)の周囲に設けられた防御施設は？,濠,濠,,,,国立歴史民俗博物館「第1展示室 先史・古代」,https://www.rekihaku.ac.jp/exhibitions/room1/
日本史段階別デッキ｜Deck 1｜日本史の最重要骨格400語,JH-000395,395,Deck 1｜骨格・基礎,地域・都市・遺跡,環濠集落,かんごうしゅうらく,,原始,日本全国,西日本を中心とする弥生集落,弥生時代,-300,JH-000395-R01,reverse,時期,time,歴史上重要な意味を持つのはいつ？,**弥生時代**,弥生時代,,,,国立歴史民俗博物館「第1展示室 先史・古代」,https://www.rekihaku.ac.jp/exhibitions/room1/
日本史段階別デッキ｜Deck 1｜日本史の最重要骨格400語,JH-000395,395,Deck 1｜骨格・基礎,地域・都市・遺跡,環濠集落,かんごうしゅうらく,,原始,日本全国,西日本を中心とする弥生集落,弥生時代,-300,JH-000395-R02,reverse,複合説明,reverse,何が分かる・何が重要？,西日本を中心に、集落の周囲へ**濠**をめぐらせた弥生時代の集落。,濠|防御|集団間の争い|政治的統合,,,,国立歴史民俗博物館「第1展示室 先史・古代」,https://www.rekihaku.ac.jp/exhibitions/room1/
日本史段階別デッキ｜Deck 1｜日本史の最重要骨格400語,JH-000395,395,Deck 1｜骨格・基礎,地域・都市・遺跡,環濠集落,かんごうしゅうらく,,原始,日本全国,西日本を中心とする弥生集落,弥生時代,-300,JH-000395-R03,reverse,結果・関連,reverse,何につながった・どんな意味があった？,土地・水・収穫物をめぐる集団間の緊張を示し、争いと**政治的統合**の進展を伝える。,濠|防御|集団間の争い|政治的統合,,,,国立歴史民俗博物館「第1展示室 先史・古代」,https://www.rekihaku.ac.jp/exhibitions/room1/
日本史段階別デッキ｜Deck 1｜日本史の最重要骨格400語,JH-000395,395,Deck 1｜骨格・基礎,地域・都市・遺跡,環濠集落,かんごうしゅうらく,,原始,日本全国,西日本を中心とする弥生集落,弥生時代,-300,JH-000395-I01,integrated,統合説明,integrated,「環濠集落(かんごうしゅうらく)」について説明せよ。,弥生時代、西日本を中心とする弥生集落を主な舞台として、西日本を中心に、集落の周囲へ**濠**をめぐらせた弥生時代の集落。 土地・水・収穫物をめぐる集団間の緊張を示し、争いと**政治的統合**の進展を伝える。,濠|防御|集団間の争い|政治的統合,,,,国立歴史民俗博物館「第1展示室 先史・古代」,https://www.rekihaku.ac.jp/exhibitions/room1/
日本史段階別デッキ｜Deck 1｜日本史の最重要骨格400語,JH-000398,398,Deck 1｜骨格・基礎,文学・美術・建築,銅鐸,どうたく,,原始,近畿,近畿を中心とする西日本,弥生時代,-300,JH-000398-B01,beginner,用語の特定,identify,弥生時代に西日本で祭りに使われたと考えられる、釣鐘形の青銅器は？,銅鐸,銅鐸,,,,国立歴史民俗博物館「第1展示室 先史・古代」,https://www.rekihaku.ac.jp/exhibitions/room1/
日本史段階別デッキ｜Deck 1｜日本史の最重要骨格400語,JH-000398,398,Deck 1｜骨格・基礎,文学・美術・建築,銅鐸,どうたく,,原始,近畿,近畿を中心とする西日本,弥生時代,-300,JH-000398-B02,beginner,時期,time,銅鐸が作られ、用いられたのはいつ？,弥生時代,弥生時代,,,,国立歴史民俗博物館「第1展示室 先史・古代」,https://www.rekihaku.ac.jp/exhibitions/room1/
日本史段階別デッキ｜Deck 1｜日本史の最重要骨格400語,JH-000398,398,Deck 1｜骨格・基礎,文学・美術・建築,銅鐸,どうたく,,原始,近畿,近畿を中心とする西日本,弥生時代,-300,JH-000398-B03,beginner,地域,place,銅鐸が主に分布する地域は？,近畿を中心とする西日本,近畿を中心とする西日本,,,,国立歴史民俗博物館「第1展示室 先史・古代」,https://www.rekihaku.ac.jp/exhibitions/room1/
日本史段階別デッキ｜Deck 1｜日本史の最重要骨格400語,JH-000398,398,Deck 1｜骨格・基礎,文学・美術・建築,銅鐸,どうたく,,原始,近畿,近畿を中心とする西日本,弥生時代,-300,JH-000398-R01,reverse,時期,time,作られ、用いられたのはいつ？,**弥生時代**,弥生時代,,,,国立歴史民俗博物館「第1展示室 先史・古代」,https://www.rekihaku.ac.jp/exhibitions/room1/
日本史段階別デッキ｜Deck 1｜日本史の最重要骨格400語,JH-000398,398,Deck 1｜骨格・基礎,文学・美術・建築,銅鐸,どうたく,,原始,近畿,近畿を中心とする西日本,弥生時代,-300,JH-000398-R02,reverse,複合説明,reverse,どのような作品・様式？,近畿を中心とする西日本で用いられた、釣鐘形の**青銅製祭器**。,青銅製祭器|農耕祭祀|西日本|地域性,,,,国立歴史民俗博物館「第1展示室 先史・古代」,https://www.rekihaku.ac.jp/exhibitions/room1/
日本史段階別デッキ｜Deck 1｜日本史の最重要骨格400語,JH-000398,398,Deck 1｜骨格・基礎,文学・美術・建築,銅鐸,どうたく,,原始,近畿,近畿を中心とする西日本,弥生時代,-300,JH-000398-R03,reverse,結果・関連,reverse,何につながった・どんな意味があった？,**農耕祭祀**や共同体の儀礼に関係したと考えられ、弥生社会の地域性と信仰を示す。,青銅製祭器|農耕祭祀|西日本|地域性,,,,国立歴史民俗博物館「第1展示室 先史・古代」,https://www.rekihaku.ac.jp/exhibitions/room1/
日本史段階別デッキ｜Deck 1｜日本史の最重要骨格400語,JH-000398,398,Deck 1｜骨格・基礎,文学・美術・建築,銅鐸,どうたく,,原始,近畿,近畿を中心とする西日本,弥生時代,-300,JH-000398-I01,integrated,統合説明,integrated,「銅鐸」について説明せよ。,弥生時代、近畿を中心とする西日本を主な舞台として、近畿を中心とする西日本で用いられた、釣鐘形の**青銅製祭器**。 **農耕祭祀**や共同体の儀礼に関係したと考えられ、弥生社会の地域性と信仰を示す。,青銅製祭器|農耕祭祀|西日本|地域性,,,,国立歴史民俗博物館「第1展示室 先史・古代」,https://www.rekihaku.ac.jp/exhibitions/room1/
日本史段階別デッキ｜Deck 1｜日本史の最重要骨格400語,JH-000371,371,Deck 1｜骨格・基礎,地域・都市・遺跡,吉野ヶ里遺跡,よしのがりいせき,,原始,九州,佐賀県吉野ヶ里町・神埼市,弥生時代,-200,JH-000371-B01,beginner,用語の特定,identify,大規模な環濠や物見櫓跡が見つかり、弥生時代の「くに」の姿を示す佐賀県の遺跡は？,吉野ヶ里遺跡(よしのがりいせき),吉野ヶ里遺跡,,,,国立歴史民俗博物館「第1展示室 先史・古代」,https://www.rekihaku.ac.jp/exhibitions/room1/
日本史段階別デッキ｜Deck 1｜日本史の最重要骨格400語,JH-000371,371,Deck 1｜骨格・基礎,地域・都市・遺跡,吉野ヶ里遺跡,よしのがりいせき,,原始,九州,佐賀県吉野ヶ里町・神埼市,弥生時代,-200,JH-000371-B02,beginner,時期,time,吉野ヶ里遺跡(よしのがりいせき)が歴史上重要な意味を持つのはいつ？,弥生時代,弥生時代,,,,国立歴史民俗博物館「第1展示室 先史・古代」,https://www.rekihaku.ac.jp/exhibitions/room1/
日本史段階別デッキ｜Deck 1｜日本史の最重要骨格400語,JH-000371,371,Deck 1｜骨格・基礎,地域・都市・遺跡,吉野ヶ里遺跡,よしのがりいせき,,原始,九州,佐賀県吉野ヶ里町・神埼市,弥生時代,-200,JH-000371-B03,beginner,地域,place,吉野ヶ里遺跡(よしのがりいせき)がある都道府県は？,佐賀県,佐賀県,,,,国立歴史民俗博物館「第1展示室 先史・古代」,https://www.rekihaku.ac.jp/exhibitions/room1/
日本史段階別デッキ｜Deck 1｜日本史の最重要骨格400語,JH-000371,371,Deck 1｜骨格・基礎,地域・都市・遺跡,吉野ヶ里遺跡,よしのがりいせき,,原始,九州,佐賀県吉野ヶ里町・神埼市,弥生時代,-200,JH-000371-R01,reverse,時期,time,歴史上重要な意味を持つのはいつ？,**弥生時代**,弥生時代,,,,国立歴史民俗博物館「第1展示室 先史・古代」,https://www.rekihaku.ac.jp/exhibitions/room1/
日本史段階別デッキ｜Deck 1｜日本史の最重要骨格400語,JH-000371,371,Deck 1｜骨格・基礎,地域・都市・遺跡,吉野ヶ里遺跡,よしのがりいせき,,原始,九州,佐賀県吉野ヶ里町・神埼市,弥生時代,-200,JH-000371-R02,reverse,複合説明,reverse,何が分かる・何が重要？,佐賀県にある大規模な**環濠集落(かんごうしゅうらく)**で、物見櫓・墳丘墓・建物跡などが発見された。,環濠集落|物見櫓|墳丘墓|くに,,,,国立歴史民俗博物館「第1展示室 先史・古代」,https://www.rekihaku.ac.jp/exhibitions/room1/
日本史段階別デッキ｜Deck 1｜日本史の最重要骨格400語,JH-000371,371,Deck 1｜骨格・基礎,地域・都市・遺跡,吉野ヶ里遺跡,よしのがりいせき,,原始,九州,佐賀県吉野ヶ里町・神埼市,弥生時代,-200,JH-000371-R03,reverse,結果・関連,reverse,何につながった・どんな意味があった？,防御・祭祀・政治の中心を備え、弥生時代の有力な「**くに**」の構造を考える手掛かりとなる。,環濠集落|物見櫓|墳丘墓|くに,,,,国立歴史民俗博物館「第1展示室 先史・古代」,https://www.rekihaku.ac.jp/exhibitions/room1/
日本史段階別デッキ｜Deck 1｜日本史の最重要骨格400語,JH-000371,371,Deck 1｜骨格・基礎,地域・都市・遺跡,吉野ヶ里遺跡,よしのがりいせき,,原始,九州,佐賀県吉野ヶ里町・神埼市,弥生時代,-200,JH-000371-I01,integrated,統合説明,integrated,「吉野ヶ里遺跡(よしのがりいせき)」について説明せよ。,弥生時代、佐賀県吉野ヶ里町・神埼市を主な舞台として、佐賀県にある大規模な**環濠集落(かんごうしゅうらく)**で、物見櫓・墳丘墓・建物跡などが発見された。 防御・祭祀・政治の中心を備え、弥生時代の有力な「**くに**」の構造を考える手掛かりとなる。,環濠集落|物見櫓|墳丘墓|くに,,,,国立歴史民俗博物館「第1展示室 先史・古代」,https://www.rekihaku.ac.jp/exhibitions/room1/
日本史段階別デッキ｜Deck 1｜日本史の最重要骨格400語,JH-000372,372,Deck 1｜骨格・基礎,文書・史料,漢委奴国王印,かんのわのなのこくおういん,,原始,九州,北部九州と後漢,弥生時代後期,57,JH-000372-B01,beginner,用語の特定,identify,後漢の光武帝が倭の奴国王に授けたとされ、福岡県志賀島で発見された金印は？,漢委奴国王印(かんのわのなのこくおういん),漢委奴国王印,,,,国立歴史民俗博物館「第1展示室 先史・古代」,https://www.rekihaku.ac.jp/exhibitions/room1/
日本史段階別デッキ｜Deck 1｜日本史の最重要骨格400語,JH-000372,372,Deck 1｜骨格・基礎,文書・史料,漢委奴国王印,かんのわのなのこくおういん,,原始,九州,北部九州と後漢,弥生時代後期,57,JH-000372-B02,beginner,時期,time,漢委奴国王印(かんのわのなのこくおういん)が作成・成立したのはいつ？,弥生時代後期,弥生時代後期,,,,国立歴史民俗博物館「第1展示室 先史・古代」,https://www.rekihaku.ac.jp/exhibitions/room1/
日本史段階別デッキ｜Deck 1｜日本史の最重要骨格400語,JH-000372,372,Deck 1｜骨格・基礎,文書・史料,漢委奴国王印,かんのわのなのこくおういん,,原始,九州,北部九州と後漢,弥生時代後期,57,JH-000372-B03,beginner,関係勢力,actor,漢委奴国王印(かんのわのなのこくおういん)を授けた中国王朝は？,後漢,後漢,,,,国立歴史民俗博物館「第1展示室 先史・古代」,https://www.rekihaku.ac.jp/exhibitions/room1/
日本史段階別デッキ｜Deck 1｜日本史の最重要骨格400語,JH-000372,372,Deck 1｜骨格・基礎,文書・史料,漢委奴国王印,かんのわのなのこくおういん,,原始,九州,北部九州と後漢,弥生時代後期,57,JH-000372-R01,reverse,時期,time,作成・成立したのはいつ？,**弥生時代後期**,弥生時代後期,,,,国立歴史民俗博物館「第1展示室 先史・古代」,https://www.rekihaku.ac.jp/exhibitions/room1/
日本史段階別デッキ｜Deck 1｜日本史の最重要骨格400語,JH-000372,372,Deck 1｜骨格・基礎,文書・史料,漢委奴国王印,かんのわのなのこくおういん,,原始,九州,北部九州と後漢,弥生時代後期,57,JH-000372-R02,reverse,複合説明,reverse,何が書かれている・何が分かる？,北部九州の**奴国**の王が後漢へ使者を送り、光武帝から授けられたとされる金印。,奴国|後漢|光武帝|冊封体制,,,,国立歴史民俗博物館「第1展示室 先史・古代」,https://www.rekihaku.ac.jp/exhibitions/room1/
日本史段階別デッキ｜Deck 1｜日本史の最重要骨格400語,JH-000372,372,Deck 1｜骨格・基礎,文書・史料,漢委奴国王印,かんのわのなのこくおういん,,原始,九州,北部九州と後漢,弥生時代後期,57,JH-000372-R03,reverse,結果・関連,reverse,何につながった・どんな意味があった？,倭の小国が中国王朝の**冊封体制**と外交関係を結んでいたことを示す。,奴国|後漢|光武帝|冊封体制,,,,国立歴史民俗博物館「第1展示室 先史・古代」,https://www.rekihaku.ac.jp/exhibitions/room1/
日本史段階別デッキ｜Deck 1｜日本史の最重要骨格400語,JH-000372,372,Deck 1｜骨格・基礎,文書・史料,漢委奴国王印,かんのわのなのこくおういん,,原始,九州,北部九州と後漢,弥生時代後期,57,JH-000372-I01,integrated,統合説明,integrated,「漢委奴国王印(かんのわのなのこくおういん)」について説明せよ。,弥生時代後期、北部九州と後漢を主な舞台として、北部九州の**奴国**の王が後漢へ使者を送り、光武帝から授けられたとされる金印。 倭の小国が中国王朝の**冊封体制**と外交関係を結んでいたことを示す。,奴国|後漢|光武帝|冊封体制,,,,国立歴史民俗博物館「第1展示室 先史・古代」,https://www.rekihaku.ac.jp/exhibitions/room1/
日本史段階別デッキ｜Deck 1｜日本史の最重要骨格400語,JH-000313,313,Deck 1｜骨格・基礎,戦争・争乱,倭国大乱,わこくたいらん,,原始,日本全国,倭の諸国,弥生時代後期,180,JH-000313-B01,beginner,用語の特定,identify,二世紀後半ごろ、倭の諸国が長く争い、その後に卑弥呼(ひみこ)が共立されたと伝える内乱は？,倭国大乱(わこくたいらん),倭国大乱,,,,国立歴史民俗博物館「第1展示室 先史・古代」,https://www.rekihaku.ac.jp/exhibitions/room1/
日本史段階別デッキ｜Deck 1｜日本史の最重要骨格400語,JH-000313,313,Deck 1｜骨格・基礎,戦争・争乱,倭国大乱,わこくたいらん,,原始,日本全国,倭の諸国,弥生時代後期,180,JH-000313-B02,beginner,時期,time,倭国大乱(わこくたいらん)が戦われたのはいつ？,弥生時代後期,弥生時代後期,,,,国立歴史民俗博物館「第1展示室 先史・古代」,https://www.rekihaku.ac.jp/exhibitions/room1/
日本史段階別デッキ｜Deck 1｜日本史の最重要骨格400語,JH-000313,313,Deck 1｜骨格・基礎,戦争・争乱,倭国大乱,わこくたいらん,,原始,日本全国,倭の諸国,弥生時代後期,180,JH-000313-B03,beginner,結果,result,倭国大乱(わこくたいらん)の後に王として共立された人物は？,卑弥呼(ひみこ),卑弥呼,,,,国立歴史民俗博物館「第1展示室 先史・古代」,https://www.rekihaku.ac.jp/exhibitions/room1/
日本史段階別デッキ｜Deck 1｜日本史の最重要骨格400語,JH-000313,313,Deck 1｜骨格・基礎,戦争・争乱,倭国大乱,わこくたいらん,,原始,日本全国,倭の諸国,弥生時代後期,180,JH-000313-R01,reverse,時期,time,戦われたのはいつ？,**弥生時代後期**,弥生時代後期,,,,国立歴史民俗博物館「第1展示室 先史・古代」,https://www.rekihaku.ac.jp/exhibitions/room1/
日本史段階別デッキ｜Deck 1｜日本史の最重要骨格400語,JH-000313,313,Deck 1｜骨格・基礎,戦争・争乱,倭国大乱,わこくたいらん,,原始,日本全国,倭の諸国,弥生時代後期,180,JH-000313-R02,reverse,複合説明,reverse,何が起きた？,**倭の諸国**で長期の争いが続いたと、中国史料に記された内乱。,倭の諸国|卑弥呼|邪馬台国|政治連合,,,,国立歴史民俗博物館「第1展示室 先史・古代」,https://www.rekihaku.ac.jp/exhibitions/room1/
日本史段階別デッキ｜Deck 1｜日本史の最重要骨格400語,JH-000313,313,Deck 1｜骨格・基礎,戦争・争乱,倭国大乱,わこくたいらん,,原始,日本全国,倭の諸国,弥生時代後期,180,JH-000313-R03,reverse,結果・関連,reverse,何につながった・どんな意味があった？,諸国は**卑弥呼(ひみこ)**を共立して争いを収め、邪馬台国(やまたいこく)を中心とする政治連合へ向かった。,倭の諸国|卑弥呼|邪馬台国|政治連合,,,,国立歴史民俗博物館「第1展示室 先史・古代」,https://www.rekihaku.ac.jp/exhibitions/room1/
日本史段階別デッキ｜Deck 1｜日本史の最重要骨格400語,JH-000313,313,Deck 1｜骨格・基礎,戦争・争乱,倭国大乱,わこくたいらん,,原始,日本全国,倭の諸国,弥生時代後期,180,JH-000313-I01,integrated,統合説明,integrated,「倭国大乱(わこくたいらん)」について説明せよ。,弥生時代後期、倭の諸国を主な舞台として、**倭の諸国**で長期の争いが続いたと、中国史料に記された内乱。 諸国は**卑弥呼(ひみこ)**を共立して争いを収め、邪馬台国(やまたいこく)を中心とする政治連合へ向かった。,倭の諸国|卑弥呼|邪馬台国|政治連合,,,,国立歴史民俗博物館「第1展示室 先史・古代」,https://www.rekihaku.ac.jp/exhibitions/room1/
日本史段階別デッキ｜Deck 1｜日本史の最重要骨格400語,JH-000068,68,Deck 1｜骨格・基礎,朝廷・政権・幕府,邪馬台国,やまたいこく,,原始,東アジア,日本列島内の所在地は論争が続く,弥生時代後期,239,JH-000068-B01,beginner,用語の特定,identify,卑弥呼(ひみこ)が女王となり、魏へ使者を送ったと『魏志倭人伝(ぎしわじんでん)』に記される国は？,邪馬台国(やまたいこく),邪馬台国,,,,国立歴史民俗博物館「第1展示室 先史・古代」,https://www.rekihaku.ac.jp/exhibitions/room1/
日本史段階別デッキ｜Deck 1｜日本史の最重要骨格400語,JH-000068,68,Deck 1｜骨格・基礎,朝廷・政権・幕府,邪馬台国,やまたいこく,,原始,東アジア,日本列島内の所在地は論争が続く,弥生時代後期,239,JH-000068-B02,beginner,時期,time,邪馬台国(やまたいこく)が存在・機能したのはいつ？,弥生時代後期,弥生時代後期,,,,国立歴史民俗博物館「第1展示室 先史・古代」,https://www.rekihaku.ac.jp/exhibitions/room1/
日本史段階別デッキ｜Deck 1｜日本史の最重要骨格400語,JH-000068,68,Deck 1｜骨格・基礎,朝廷・政権・幕府,邪馬台国,やまたいこく,,原始,東アジア,日本列島内の所在地は論争が続く,弥生時代後期,239,JH-000068-B03,beginner,中心人物,person,邪馬台国(やまたいこく)の女王は？,卑弥呼(ひみこ),卑弥呼,,,,国立歴史民俗博物館「第1展示室 先史・古代」,https://www.rekihaku.ac.jp/exhibitions/room1/
日本史段階別デッキ｜Deck 1｜日本史の最重要骨格400語,JH-000068,68,Deck 1｜骨格・基礎,朝廷・政権・幕府,邪馬台国,やまたいこく,,原始,東アジア,日本列島内の所在地は論争が続く,弥生時代後期,239,JH-000068-R01,reverse,時期,time,存在・機能したのはいつ？,**弥生時代後期**,弥生時代後期,,,,国立歴史民俗博物館「第1展示室 先史・古代」,https://www.rekihaku.ac.jp/exhibitions/room1/
日本史段階別デッキ｜Deck 1｜日本史の最重要骨格400語,JH-000068,68,Deck 1｜骨格・基礎,朝廷・政権・幕府,邪馬台国,やまたいこく,,原始,東アジア,日本列島内の所在地は論争が続く,弥生時代後期,239,JH-000068-R02,reverse,複合説明,reverse,何をした？,日本列島内にあり、女王**卑弥呼(ひみこ)**が諸国をまとめて魏と外交したと『魏志倭人伝(ぎしわじんでん)』に記される政治連合。,卑弥呼|魏志倭人伝|魏|政治連合|畿内説|九州説,,,,国立歴史民俗博物館「第1展示室 先史・古代」,https://www.rekihaku.ac.jp/exhibitions/room1/
日本史段階別デッキ｜Deck 1｜日本史の最重要骨格400語,JH-000068,68,Deck 1｜骨格・基礎,朝廷・政権・幕府,邪馬台国,やまたいこく,,原始,東アジア,日本列島内の所在地は論争が続く,弥生時代後期,239,JH-000068-R03,reverse,結果・関連,reverse,何につながった・どんな意味があった？,所在地は**畿内説**と九州説などで議論が続くが、倭国の統合が進んだ段階を示す。,卑弥呼|魏志倭人伝|魏|政治連合|畿内説|九州説,,,,国立歴史民俗博物館「第1展示室 先史・古代」,https://www.rekihaku.ac.jp/exhibitions/room1/
日本史段階別デッキ｜Deck 1｜日本史の最重要骨格400語,JH-000068,68,Deck 1｜骨格・基礎,朝廷・政権・幕府,邪馬台国,やまたいこく,,原始,東アジア,日本列島内の所在地は論争が続く,弥生時代後期,239,JH-000068-I01,integrated,統合説明,integrated,「邪馬台国(やまたいこく)」について説明せよ。,弥生時代後期、日本列島内の所在地は論争が続くを主な舞台として、日本列島内にあり、女王**卑弥呼(ひみこ)**が諸国をまとめて魏と外交したと『魏志倭人伝(ぎしわじんでん)』に記される政治連合。 所在地は**畿内説**と九州説などで議論が続くが、倭国の統合が進んだ段階を示す。,卑弥呼|魏志倭人伝|魏|政治連合|畿内説|九州説,,,,国立歴史民俗博物館「第1展示室 先史・古代」,https://www.rekihaku.ac.jp/exhibitions/room1/
日本史段階別デッキ｜Deck 1｜日本史の最重要骨格400語,JH-000069,69,Deck 1｜骨格・基礎,人物,卑弥呼,ひみこ,,原始,東アジア,邪馬台国と魏,弥生時代後期,239,JH-000069-B01,beginner,用語の特定,identify,邪馬台国(やまたいこく)の女王として諸国をまとめ、魏へ使者を送った人物は？,卑弥呼(ひみこ),卑弥呼,,,,国立歴史民俗博物館「第1展示室 先史・古代」,https://www.rekihaku.ac.jp/exhibitions/room1/
日本史段階別デッキ｜Deck 1｜日本史の最重要骨格400語,JH-000069,69,Deck 1｜骨格・基礎,人物,卑弥呼,ひみこ,,原始,東アジア,邪馬台国と魏,弥生時代後期,239,JH-000069-B02,beginner,時期,time,卑弥呼(ひみこ)が主に活動したのはいつ？,弥生時代後期,弥生時代後期,,,,国立歴史民俗博物館「第1展示室 先史・古代」,https://www.rekihaku.ac.jp/exhibitions/room1/
日本史段階別デッキ｜Deck 1｜日本史の最重要骨格400語,JH-000069,69,Deck 1｜骨格・基礎,人物,卑弥呼,ひみこ,,原始,東アジア,邪馬台国と魏,弥生時代後期,239,JH-000069-B03,beginner,関係勢力,actor,卑弥呼(ひみこ)が治めた国は？,邪馬台国(やまたいこく),邪馬台国,,,,国立歴史民俗博物館「第1展示室 先史・古代」,https://www.rekihaku.ac.jp/exhibitions/room1/
日本史段階別デッキ｜Deck 1｜日本史の最重要骨格400語,JH-000069,69,Deck 1｜骨格・基礎,人物,卑弥呼,ひみこ,,原始,東アジア,邪馬台国と魏,弥生時代後期,239,JH-000069-R01,reverse,時期,time,主に活動したのはいつ？,**弥生時代後期**,弥生時代後期,,,,国立歴史民俗博物館「第1展示室 先史・古代」,https://www.rekihaku.ac.jp/exhibitions/room1/
日本史段階別デッキ｜Deck 1｜日本史の最重要骨格400語,JH-000069,69,Deck 1｜骨格・基礎,人物,卑弥呼,ひみこ,,原始,東アジア,邪馬台国と魏,弥生時代後期,239,JH-000069-R02,reverse,複合説明,reverse,何をした？,邪馬台国(やまたいこく)の女王として日本列島の諸国をまとめ、魏へ使者を送って**親魏倭王(しんぎわおう)**の称号を受けた。,邪馬台国|魏|親魏倭王|倭国大乱,,,,国立歴史民俗博物館「第1展示室 先史・古代」,https://www.rekihaku.ac.jp/exhibitions/room1/
日本史段階別デッキ｜Deck 1｜日本史の最重要骨格400語,JH-000069,69,Deck 1｜骨格・基礎,人物,卑弥呼,ひみこ,,原始,東アジア,邪馬台国と魏,弥生時代後期,239,JH-000069-R03,reverse,結果・関連,reverse,何につながった・どんな意味があった？,**倭国大乱(わこくたいらん)**後の政治秩序を安定させ、中国王朝との外交を利用して権威を高めた。,邪馬台国|魏|親魏倭王|倭国大乱,,,,国立歴史民俗博物館「第1展示室 先史・古代」,https://www.rekihaku.ac.jp/exhibitions/room1/
日本史段階別デッキ｜Deck 1｜日本史の最重要骨格400語,JH-000069,69,Deck 1｜骨格・基礎,人物,卑弥呼,ひみこ,,原始,東アジア,邪馬台国と魏,弥生時代後期,239,JH-000069-I01,integrated,統合説明,integrated,「卑弥呼(ひみこ)」について説明せよ。,弥生時代後期、邪馬台国と魏を主な舞台として、邪馬台国(やまたいこく)の女王として日本列島の諸国をまとめ、魏へ使者を送って**親魏倭王(しんぎわおう)**の称号を受けた。 **倭国大乱(わこくたいらん)**後の政治秩序を安定させ、中国王朝との外交を利用して権威を高めた。,邪馬台国|魏|親魏倭王|倭国大乱,,,,国立歴史民俗博物館「第1展示室 先史・古代」,https://www.rekihaku.ac.jp/exhibitions/room1/
日本史段階別デッキ｜Deck 1｜日本史の最重要骨格400語,JH-000391,391,Deck 1｜骨格・基礎,条約・会議・外交,親魏倭王,しんぎわおう,,原始,東アジア,邪馬台国と魏,弥生時代後期,239,JH-000391-B01,beginner,用語の特定,identify,魏が卑弥呼(ひみこ)に与えた、倭における地位を認める称号は？,親魏倭王(しんぎわおう),親魏倭王,,,,国立歴史民俗博物館「第1展示室 先史・古代」,https://www.rekihaku.ac.jp/exhibitions/room1/
日本史段階別デッキ｜Deck 1｜日本史の最重要骨格400語,JH-000391,391,Deck 1｜骨格・基礎,条約・会議・外交,親魏倭王,しんぎわおう,,原始,東アジア,邪馬台国と魏,弥生時代後期,239,JH-000391-B02,beginner,時期,time,親魏倭王(しんぎわおう)の称号が卑弥呼(ひみこ)に与えられたのはいつ？,弥生時代後期,弥生時代後期,,,,国立歴史民俗博物館「第1展示室 先史・古代」,https://www.rekihaku.ac.jp/exhibitions/room1/
日本史段階別デッキ｜Deck 1｜日本史の最重要骨格400語,JH-000391,391,Deck 1｜骨格・基礎,条約・会議・外交,親魏倭王,しんぎわおう,,原始,東アジア,邪馬台国と魏,弥生時代後期,239,JH-000391-B03,beginner,人物,person,親魏倭王(しんぎわおう)の称号を受けた人物は？,卑弥呼(ひみこ),卑弥呼,,,,国立歴史民俗博物館「第1展示室 先史・古代」,https://www.rekihaku.ac.jp/exhibitions/room1/
日本史段階別デッキ｜Deck 1｜日本史の最重要骨格400語,JH-000391,391,Deck 1｜骨格・基礎,条約・会議・外交,親魏倭王,しんぎわおう,,原始,東アジア,邪馬台国と魏,弥生時代後期,239,JH-000391-R01,reverse,時期,time,称号が卑弥呼(ひみこ)に与えられたのはいつ？,**弥生時代後期**,弥生時代後期,,,,国立歴史民俗博物館「第1展示室 先史・古代」,https://www.rekihaku.ac.jp/exhibitions/room1/
日本史段階別デッキ｜Deck 1｜日本史の最重要骨格400語,JH-000391,391,Deck 1｜骨格・基礎,条約・会議・外交,親魏倭王,しんぎわおう,,原始,東アジア,邪馬台国と魏,弥生時代後期,239,JH-000391-R02,reverse,複合説明,reverse,何を決めた・どんな関係を作った？,魏が邪馬台国(やまたいこく)の女王**卑弥呼(ひみこ)**へ与えた称号で、倭の王としての地位を認めたもの。,魏|卑弥呼|邪馬台国|冊封,,,,国立歴史民俗博物館「第1展示室 先史・古代」,https://www.rekihaku.ac.jp/exhibitions/room1/
日本史段階別デッキ｜Deck 1｜日本史の最重要骨格400語,JH-000391,391,Deck 1｜骨格・基礎,条約・会議・外交,親魏倭王,しんぎわおう,,原始,東アジア,邪馬台国と魏,弥生時代後期,239,JH-000391-R03,reverse,結果・関連,reverse,何につながった・どんな意味があった？,中国王朝の権威を利用して卑弥呼(ひみこ)の国内的地位を強め、倭と**魏**の冊封的な外交関係を示した。,魏|卑弥呼|邪馬台国|冊封,,,,国立歴史民俗博物館「第1展示室 先史・古代」,https://www.rekihaku.ac.jp/exhibitions/room1/
日本史段階別デッキ｜Deck 1｜日本史の最重要骨格400語,JH-000391,391,Deck 1｜骨格・基礎,条約・会議・外交,親魏倭王,しんぎわおう,,原始,東アジア,邪馬台国と魏,弥生時代後期,239,JH-000391-I01,integrated,統合説明,integrated,「親魏倭王(しんぎわおう)」について説明せよ。,弥生時代後期、邪馬台国と魏を主な舞台として、魏が邪馬台国(やまたいこく)の女王**卑弥呼(ひみこ)**へ与えた称号で、倭の王としての地位を認めたもの。 中国王朝の権威を利用して卑弥呼(ひみこ)の国内的地位を強め、倭と**魏**の冊封的な外交関係を示した。,魏|卑弥呼|邪馬台国|冊封,,,,国立歴史民俗博物館「第1展示室 先史・古代」,https://www.rekihaku.ac.jp/exhibitions/room1/
日本史段階別デッキ｜Deck 1｜日本史の最重要骨格400語,JH-000070,70,Deck 1｜骨格・基礎,時代・歴史区分,古墳時代,こふんじだい,,古代,日本全国,近畿を中心に日本列島各地,3世紀中頃〜7世紀頃,250,JH-000070-B01,beginner,用語の特定,identify,前方後円墳などの大型古墳が築かれ、大和政権による政治的統合が進んだ時代は？,古墳時代,古墳時代,,,,国立歴史民俗博物館「第1展示室 先史・古代」,https://www.rekihaku.ac.jp/exhibitions/room1/
日本史段階別デッキ｜Deck 1｜日本史の最重要骨格400語,JH-000070,70,Deck 1｜骨格・基礎,時代・歴史区分,古墳時代,こふんじだい,,古代,日本全国,近畿を中心に日本列島各地,3世紀中頃〜7世紀頃,250,JH-000070-B02,beginner,時期,time,古墳時代はいつ頃？,3世紀中頃〜7世紀頃,3世紀中頃〜7世紀頃,,,3世紀中頃〜7世紀頃：「み」（3）世紀から「なな」（7）世紀までの古墳時代,国立歴史民俗博物館「第1展示室 先史・古代」,https://www.rekihaku.ac.jp/exhibitions/room1/
日本史段階別デッキ｜Deck 1｜日本史の最重要骨格400語,JH-000070,70,Deck 1｜骨格・基礎,時代・歴史区分,古墳時代,こふんじだい,,古代,日本全国,近畿を中心に日本列島各地,3世紀中頃〜7世紀頃,250,JH-000070-B03,beginner,内容,content,古墳時代を代表する支配者層の墓は？,古墳,古墳,,,,国立歴史民俗博物館「第1展示室 先史・古代」,https://www.rekihaku.ac.jp/exhibitions/room1/
日本史段階別デッキ｜Deck 1｜日本史の最重要骨格400語,JH-000070,70,Deck 1｜骨格・基礎,時代・歴史区分,古墳時代,こふんじだい,,古代,日本全国,近畿を中心に日本列島各地,3世紀中頃〜7世紀頃,250,JH-000070-R01,reverse,時期,time,いつ頃？,**3世紀中頃〜7世紀頃**,3世紀中頃〜7世紀頃,,,3世紀中頃〜7世紀頃：「み」（3）世紀から「なな」（7）世紀までの古墳時代,国立歴史民俗博物館「第1展示室 先史・古代」,https://www.rekihaku.ac.jp/exhibitions/room1/
日本史段階別デッキ｜Deck 1｜日本史の最重要骨格400語,JH-000070,70,Deck 1｜骨格・基礎,時代・歴史区分,古墳時代,こふんじだい,,古代,日本全国,近畿を中心に日本列島各地,3世紀中頃〜7世紀頃,250,JH-000070-R02,reverse,複合説明,reverse,どんな時代？,近畿を中心に日本列島各地で大型の**古墳**が築かれ、首長層の連合から**大和政権**が成長した時代。,古墳|前方後円墳|大和政権|政治的統合,,,,国立歴史民俗博物館「第1展示室 先史・古代」,https://www.rekihaku.ac.jp/exhibitions/room1/
日本史段階別デッキ｜Deck 1｜日本史の最重要骨格400語,JH-000070,70,Deck 1｜骨格・基礎,時代・歴史区分,古墳時代,こふんじだい,,古代,日本全国,近畿を中心に日本列島各地,3世紀中頃〜7世紀頃,250,JH-000070-R03,reverse,結果・関連,reverse,何につながった・どんな意味があった？,**前方後円墳**の分布や副葬品は、政治的統合と朝鮮半島・中国大陸との交流を示す。,古墳|前方後円墳|大和政権|政治的統合,,,,国立歴史民俗博物館「第1展示室 先史・古代」,https://www.rekihaku.ac.jp/exhibitions/room1/
日本史段階別デッキ｜Deck 1｜日本史の最重要骨格400語,JH-000070,70,Deck 1｜骨格・基礎,時代・歴史区分,古墳時代,こふんじだい,,古代,日本全国,近畿を中心に日本列島各地,3世紀中頃〜7世紀頃,250,JH-000070-I01,integrated,統合説明,integrated,「古墳時代」について説明せよ。,3世紀中頃〜7世紀頃、近畿を中心に日本列島各地を主な舞台として、近畿を中心に日本列島各地で大型の**古墳**が築かれ、首長層の連合から**大和政権**が成長した時代。 **前方後円墳**の分布や副葬品は、政治的統合と朝鮮半島・中国大陸との交流を示す。,古墳|前方後円墳|大和政権|政治的統合,,,3世紀中頃〜7世紀頃：「み」（3）世紀から「なな」（7）世紀までの古墳時代,国立歴史民俗博物館「第1展示室 先史・古代」,https://www.rekihaku.ac.jp/exhibitions/room1/
日本史段階別デッキ｜Deck 1｜日本史の最重要骨格400語,JH-000300,300,Deck 1｜骨格・基礎,文学・美術・建築,前方後円墳,ぜんぽうこうえんふん,,古代,日本全国,近畿を中心に日本列島各地,古墳時代,250,JH-000300-B01,beginner,用語の特定,identify,前部が方形、後部が円形で、大和政権の広がりを示す代表的な古墳の形は？,前方後円墳,前方後円墳,,,,国立歴史民俗博物館「第1展示室 先史・古代」,https://www.rekihaku.ac.jp/exhibitions/room1/
日本史段階別デッキ｜Deck 1｜日本史の最重要骨格400語,JH-000300,300,Deck 1｜骨格・基礎,文学・美術・建築,前方後円墳,ぜんぽうこうえんふん,,古代,日本全国,近畿を中心に日本列島各地,古墳時代,250,JH-000300-B02,beginner,時期,time,前方後円墳が築かれたのはいつ？,古墳時代,古墳時代,,,,国立歴史民俗博物館「第1展示室 先史・古代」,https://www.rekihaku.ac.jp/exhibitions/room1/
日本史段階別デッキ｜Deck 1｜日本史の最重要骨格400語,JH-000300,300,Deck 1｜骨格・基礎,文学・美術・建築,前方後円墳,ぜんぽうこうえんふん,,古代,日本全国,近畿を中心に日本列島各地,古墳時代,250,JH-000300-B03,beginner,内容,content,前方後円墳の平面形は何と何を組み合わせた形？,方形と円形,方形と円形,,,,国立歴史民俗博物館「第1展示室 先史・古代」,https://www.rekihaku.ac.jp/exhibitions/room1/
日本史段階別デッキ｜Deck 1｜日本史の最重要骨格400語,JH-000300,300,Deck 1｜骨格・基礎,文学・美術・建築,前方後円墳,ぜんぽうこうえんふん,,古代,日本全国,近畿を中心に日本列島各地,古墳時代,250,JH-000300-R01,reverse,時期,time,築かれたのはいつ？,**古墳時代**,古墳時代,,,,国立歴史民俗博物館「第1展示室 先史・古代」,https://www.rekihaku.ac.jp/exhibitions/room1/
日本史段階別デッキ｜Deck 1｜日本史の最重要骨格400語,JH-000300,300,Deck 1｜骨格・基礎,文学・美術・建築,前方後円墳,ぜんぽうこうえんふん,,古代,日本全国,近畿を中心に日本列島各地,古墳時代,250,JH-000300-R02,reverse,複合説明,reverse,どのような作品・様式？,近畿を中心に各地の有力首長が築いた、前部が方形・後部が円形の**大型墳墓**。,大型墳墓|首長|大和政権|政治的関係,,,,国立歴史民俗博物館「第1展示室 先史・古代」,https://www.rekihaku.ac.jp/exhibitions/room1/
日本史段階別デッキ｜Deck 1｜日本史の最重要骨格400語,JH-000300,300,Deck 1｜骨格・基礎,文学・美術・建築,前方後円墳,ぜんぽうこうえんふん,,古代,日本全国,近畿を中心に日本列島各地,古墳時代,250,JH-000300-R03,reverse,結果・関連,reverse,何につながった・どんな意味があった？,共通した墳形の広がりは、首長同士の政治的関係と**大和政権**の影響圏を示す。,大型墳墓|首長|大和政権|政治的関係,,,,国立歴史民俗博物館「第1展示室 先史・古代」,https://www.rekihaku.ac.jp/exhibitions/room1/
日本史段階別デッキ｜Deck 1｜日本史の最重要骨格400語,JH-000300,300,Deck 1｜骨格・基礎,文学・美術・建築,前方後円墳,ぜんぽうこうえんふん,,古代,日本全国,近畿を中心に日本列島各地,古墳時代,250,JH-000300-I01,integrated,統合説明,integrated,「前方後円墳」について説明せよ。,古墳時代、近畿を中心に日本列島各地を主な舞台として、近畿を中心に各地の有力首長が築いた、前部が方形・後部が円形の**大型墳墓**。 共通した墳形の広がりは、首長同士の政治的関係と**大和政権**の影響圏を示す。,大型墳墓|首長|大和政権|政治的関係,,,,国立歴史民俗博物館「第1展示室 先史・古代」,https://www.rekihaku.ac.jp/exhibitions/room1/
日本史段階別デッキ｜Deck 1｜日本史の最重要骨格400語,JH-000283,283,Deck 1｜骨格・基礎,文書・史料,魏志倭人伝,ぎしわじんでん,『魏志』倭人伝|魏書東夷伝倭人条,原始,東アジア,中国の魏と倭,3世紀後半,280,JH-000283-B01,beginner,用語の特定,identify,邪馬台国(やまたいこく)・卑弥呼(ひみこ)・倭人の生活などを記した中国の歴史書『三国志』の一部は？,魏志倭人伝(ぎしわじんでん),魏志倭人伝,『魏志』倭人伝|魏書東夷伝倭人条,,,国立歴史民俗博物館「第1展示室 先史・古代」,https://www.rekihaku.ac.jp/exhibitions/room1/
日本史段階別デッキ｜Deck 1｜日本史の最重要骨格400語,JH-000283,283,Deck 1｜骨格・基礎,文書・史料,魏志倭人伝,ぎしわじんでん,『魏志』倭人伝|魏書東夷伝倭人条,原始,東アジア,中国の魏と倭,3世紀後半,280,JH-000283-B02,beginner,時期,time,魏志倭人伝(ぎしわじんでん)が作成・成立したのはいつ？,3世紀後半,3世紀後半,,,3世紀後半：「み」（3）世紀と結ぶ魏志倭人伝,国立歴史民俗博物館「第1展示室 先史・古代」,https://www.rekihaku.ac.jp/exhibitions/room1/
日本史段階別デッキ｜Deck 1｜日本史の最重要骨格400語,JH-000283,283,Deck 1｜骨格・基礎,文書・史料,魏志倭人伝,ぎしわじんでん,『魏志』倭人伝|魏書東夷伝倭人条,原始,東アジア,中国の魏と倭,3世紀後半,280,JH-000283-B03,beginner,関連,relation,魏志倭人伝(ぎしわじんでん)が収められている歴史書は？,『三国志』,『三国志』,,,,国立歴史民俗博物館「第1展示室 先史・古代」,https://www.rekihaku.ac.jp/exhibitions/room1/
日本史段階別デッキ｜Deck 1｜日本史の最重要骨格400語,JH-000283,283,Deck 1｜骨格・基礎,文書・史料,魏志倭人伝,ぎしわじんでん,『魏志』倭人伝|魏書東夷伝倭人条,原始,東アジア,中国の魏と倭,3世紀後半,280,JH-000283-R01,reverse,時期,time,作成・成立したのはいつ？,**3世紀後半**,3世紀後半,,,3世紀後半：「み」（3）世紀と結ぶ魏志倭人伝,国立歴史民俗博物館「第1展示室 先史・古代」,https://www.rekihaku.ac.jp/exhibitions/room1/
日本史段階別デッキ｜Deck 1｜日本史の最重要骨格400語,JH-000283,283,Deck 1｜骨格・基礎,文書・史料,魏志倭人伝,ぎしわじんでん,『魏志』倭人伝|魏書東夷伝倭人条,原始,東アジア,中国の魏と倭,3世紀後半,280,JH-000283-R02,reverse,複合説明,reverse,何が書かれている・何が分かる？,中国の歴史書『**三国志**』魏書東夷伝の倭人条で、邪馬台国(やまたいこく)・卑弥呼(ひみこ)・倭人の社会や風俗を記す史料。,三国志|邪馬台国|卑弥呼|倭人|中国史料,,,,国立歴史民俗博物館「第1展示室 先史・古代」,https://www.rekihaku.ac.jp/exhibitions/room1/
日本史段階別デッキ｜Deck 1｜日本史の最重要骨格400語,JH-000283,283,Deck 1｜骨格・基礎,文書・史料,魏志倭人伝,ぎしわじんでん,『魏志』倭人伝|魏書東夷伝倭人条,原始,東アジア,中国の魏と倭,3世紀後半,280,JH-000283-R03,reverse,結果・関連,reverse,何につながった・どんな意味があった？,日本側に文字史料が乏しい時期の**政治・社会**を知る基本史料だが、中国側の記録として批判的に読む必要がある。,三国志|邪馬台国|卑弥呼|倭人|中国史料,,,,国立歴史民俗博物館「第1展示室 先史・古代」,https://www.rekihaku.ac.jp/exhibitions/room1/
日本史段階別デッキ｜Deck 1｜日本史の最重要骨格400語,JH-000283,283,Deck 1｜骨格・基礎,文書・史料,魏志倭人伝,ぎしわじんでん,『魏志』倭人伝|魏書東夷伝倭人条,原始,東アジア,中国の魏と倭,3世紀後半,280,JH-000283-I01,integrated,統合説明,integrated,「魏志倭人伝(ぎしわじんでん)」について説明せよ。,3世紀後半、中国の魏と倭を主な舞台として、中国の歴史書『**三国志**』魏書東夷伝の倭人条で、邪馬台国(やまたいこく)・卑弥呼(ひみこ)・倭人の社会や風俗を記す史料。 日本側に文字史料が乏しい時期の**政治・社会**を知る基本史料だが、中国側の記録として批判的に読む必要がある。,三国志|邪馬台国|卑弥呼|倭人|中国史料,,,3世紀後半：「み」（3）世紀と結ぶ魏志倭人伝,国立歴史民俗博物館「第1展示室 先史・古代」,https://www.rekihaku.ac.jp/exhibitions/room1/
日本史段階別デッキ｜Deck 1｜日本史の最重要骨格400語,JH-000007,7,Deck 1｜骨格・基礎,朝廷・政権・幕府,大和政権,やまとせいけん,ヤマト政権|倭王権,古代,近畿,大和を中心とする日本列島,古墳時代,350,JH-000007-B01,beginner,用語の特定,identify,大和地方を中心に有力豪族をまとめ、のちの律令国家の基礎となった政治連合は？,大和政権,大和政権,ヤマト政権|倭王権,,,国立歴史民俗博物館「第1展示室 先史・古代」,https://www.rekihaku.ac.jp/exhibitions/room1/
日本史段階別デッキ｜Deck 1｜日本史の最重要骨格400語,JH-000007,7,Deck 1｜骨格・基礎,朝廷・政権・幕府,大和政権,やまとせいけん,ヤマト政権|倭王権,古代,近畿,大和を中心とする日本列島,古墳時代,350,JH-000007-B02,beginner,時期,time,大和政権が存在・機能したのはいつ？,古墳時代,古墳時代,,,,国立歴史民俗博物館「第1展示室 先史・古代」,https://www.rekihaku.ac.jp/exhibitions/room1/
日本史段階別デッキ｜Deck 1｜日本史の最重要骨格400語,JH-000007,7,Deck 1｜骨格・基礎,朝廷・政権・幕府,大和政権,やまとせいけん,ヤマト政権|倭王権,古代,近畿,大和を中心とする日本列島,古墳時代,350,JH-000007-B03,beginner,地域,place,大和政権の中心地域は？,大和地方,大和地方,,,,国立歴史民俗博物館「第1展示室 先史・古代」,https://www.rekihaku.ac.jp/exhibitions/room1/
日本史段階別デッキ｜Deck 1｜日本史の最重要骨格400語,JH-000007,7,Deck 1｜骨格・基礎,朝廷・政権・幕府,大和政権,やまとせいけん,ヤマト政権|倭王権,古代,近畿,大和を中心とする日本列島,古墳時代,350,JH-000007-R01,reverse,時期,time,存在・機能したのはいつ？,**古墳時代**,古墳時代,,,,国立歴史民俗博物館「第1展示室 先史・古代」,https://www.rekihaku.ac.jp/exhibitions/room1/
日本史段階別デッキ｜Deck 1｜日本史の最重要骨格400語,JH-000007,7,Deck 1｜骨格・基礎,朝廷・政権・幕府,大和政権,やまとせいけん,ヤマト政権|倭王権,古代,近畿,大和を中心とする日本列島,古墳時代,350,JH-000007-R02,reverse,複合説明,reverse,何をした？,大和地方を中心に**大王**と有力豪族が結んだ政治連合で、前方後円墳の広がりとともに勢力を拡大した。,大王|豪族|氏姓制度|前方後円墳|中央集権,,,,国立歴史民俗博物館「第1展示室 先史・古代」,https://www.rekihaku.ac.jp/exhibitions/room1/
日本史段階別デッキ｜Deck 1｜日本史の最重要骨格400語,JH-000007,7,Deck 1｜骨格・基礎,朝廷・政権・幕府,大和政権,やまとせいけん,ヤマト政権|倭王権,古代,近畿,大和を中心とする日本列島,古墳時代,350,JH-000007-R03,reverse,結果・関連,reverse,何につながった・どんな意味があった？,氏姓制度(しせいせいど)で**豪族**を組織し、朝鮮半島・中国大陸との交流を通じて中央集権国家への基礎を作った。,大王|豪族|氏姓制度|前方後円墳|中央集権,,,,国立歴史民俗博物館「第1展示室 先史・古代」,https://www.rekihaku.ac.jp/exhibitions/room1/
日本史段階別デッキ｜Deck 1｜日本史の最重要骨格400語,JH-000007,7,Deck 1｜骨格・基礎,朝廷・政権・幕府,大和政権,やまとせいけん,ヤマト政権|倭王権,古代,近畿,大和を中心とする日本列島,古墳時代,350,JH-000007-I01,integrated,統合説明,integrated,「大和政権」について説明せよ。,古墳時代、大和を中心とする日本列島を主な舞台として、大和地方を中心に**大王**と有力豪族が結んだ政治連合で、前方後円墳の広がりとともに勢力を拡大した。 氏姓制度(しせいせいど)で**豪族**を組織し、朝鮮半島・中国大陸との交流を通じて中央集権国家への基礎を作った。,大王|豪族|氏姓制度|前方後円墳|中央集権,,,,国立歴史民俗博物館「第1展示室 先史・古代」,https://www.rekihaku.ac.jp/exhibitions/room1/
日本史段階別デッキ｜Deck 1｜日本史の最重要骨格400語,JH-000399,399,Deck 1｜骨格・基礎,文学・美術・建築,埴輪,はにわ,,古代,日本全国,古墳の墳丘上,古墳時代,350,JH-000399-B01,beginner,用語の特定,identify,古墳の墳丘に並べられた円筒形や人物・動物形の素焼きの土製品は？,埴輪(はにわ),埴輪,,,,国立歴史民俗博物館「第1展示室 先史・古代」,https://www.rekihaku.ac.jp/exhibitions/room1/
日本史段階別デッキ｜Deck 1｜日本史の最重要骨格400語,JH-000399,399,Deck 1｜骨格・基礎,文学・美術・建築,埴輪,はにわ,,古代,日本全国,古墳の墳丘上,古墳時代,350,JH-000399-B02,beginner,時期,time,埴輪(はにわ)が作られたのはいつ？,古墳時代,古墳時代,,,,国立歴史民俗博物館「第1展示室 先史・古代」,https://www.rekihaku.ac.jp/exhibitions/room1/
日本史段階別デッキ｜Deck 1｜日本史の最重要骨格400語,JH-000399,399,Deck 1｜骨格・基礎,文学・美術・建築,埴輪,はにわ,,古代,日本全国,古墳の墳丘上,古墳時代,350,JH-000399-B03,beginner,地域,place,埴輪(はにわ)が置かれた場所は？,古墳の墳丘上,古墳の墳丘上,,,,国立歴史民俗博物館「第1展示室 先史・古代」,https://www.rekihaku.ac.jp/exhibitions/room1/
日本史段階別デッキ｜Deck 1｜日本史の最重要骨格400語,JH-000399,399,Deck 1｜骨格・基礎,文学・美術・建築,埴輪,はにわ,,古代,日本全国,古墳の墳丘上,古墳時代,350,JH-000399-R01,reverse,時期,time,作られたのはいつ？,**古墳時代**,古墳時代,,,,国立歴史民俗博物館「第1展示室 先史・古代」,https://www.rekihaku.ac.jp/exhibitions/room1/
日本史段階別デッキ｜Deck 1｜日本史の最重要骨格400語,JH-000399,399,Deck 1｜骨格・基礎,文学・美術・建築,埴輪,はにわ,,古代,日本全国,古墳の墳丘上,古墳時代,350,JH-000399-R02,reverse,複合説明,reverse,どのような作品・様式？,古墳の墳丘上に並べられた、円筒形や人物・動物形などの**素焼きの土製品**。,素焼きの土製品|古墳|祭祀|社会生活,,,,国立歴史民俗博物館「第1展示室 先史・古代」,https://www.rekihaku.ac.jp/exhibitions/room1/
日本史段階別デッキ｜Deck 1｜日本史の最重要骨格400語,JH-000399,399,Deck 1｜骨格・基礎,文学・美術・建築,埴輪,はにわ,,古代,日本全国,古墳の墳丘上,古墳時代,350,JH-000399-R03,reverse,結果・関連,reverse,何につながった・どんな意味があった？,**古墳**の区画や祭祀に関わり、服装・武器・家屋など当時の社会を知る資料となる。,素焼きの土製品|古墳|祭祀|社会生活,,,,国立歴史民俗博物館「第1展示室 先史・古代」,https://www.rekihaku.ac.jp/exhibitions/room1/
日本史段階別デッキ｜Deck 1｜日本史の最重要骨格400語,JH-000399,399,Deck 1｜骨格・基礎,文学・美術・建築,埴輪,はにわ,,古代,日本全国,古墳の墳丘上,古墳時代,350,JH-000399-I01,integrated,統合説明,integrated,「埴輪(はにわ)」について説明せよ。,古墳時代、古墳の墳丘上を主な舞台として、古墳の墳丘上に並べられた、円筒形や人物・動物形などの**素焼きの土製品**。 **古墳**の区画や祭祀に関わり、服装・武器・家屋など当時の社会を知る資料となる。,素焼きの土製品|古墳|祭祀|社会生活,,,,国立歴史民俗博物館「第1展示室 先史・古代」,https://www.rekihaku.ac.jp/exhibitions/room1/
日本史段階別デッキ｜Deck 1｜日本史の最重要骨格400語,JH-000185,185,Deck 1｜骨格・基礎,制度・政策・法律,氏姓制度,しせいせいど,,古代,日本全国,大和政権と各地の豪族,古墳時代〜飛鳥時代,400,JH-000185-B01,beginner,用語の特定,identify,大和政権が豪族を氏に編成し、姓を与えて地位と職掌を示した制度は？,氏姓制度(しせいせいど),氏姓制度,,,,国立歴史民俗博物館「第1展示室 先史・古代」,https://www.rekihaku.ac.jp/exhibitions/room1/
日本史段階別デッキ｜Deck 1｜日本史の最重要骨格400語,JH-000185,185,Deck 1｜骨格・基礎,制度・政策・法律,氏姓制度,しせいせいど,,古代,日本全国,大和政権と各地の豪族,古墳時代〜飛鳥時代,400,JH-000185-B02,beginner,時期,time,氏姓制度(しせいせいど)が成立・実施されたのはいつ？,古墳時代〜飛鳥時代,古墳時代〜飛鳥時代,,,,国立歴史民俗博物館「第1展示室 先史・古代」,https://www.rekihaku.ac.jp/exhibitions/room1/
日本史段階別デッキ｜Deck 1｜日本史の最重要骨格400語,JH-000185,185,Deck 1｜骨格・基礎,制度・政策・法律,氏姓制度,しせいせいど,,古代,日本全国,大和政権と各地の豪族,古墳時代〜飛鳥時代,400,JH-000185-B03,beginner,内容,content,氏姓制度(しせいせいど)で豪族に与えられた称号は？,姓,姓,,,,国立歴史民俗博物館「第1展示室 先史・古代」,https://www.rekihaku.ac.jp/exhibitions/room1/
日本史段階別デッキ｜Deck 1｜日本史の最重要骨格400語,JH-000185,185,Deck 1｜骨格・基礎,制度・政策・法律,氏姓制度,しせいせいど,,古代,日本全国,大和政権と各地の豪族,古墳時代〜飛鳥時代,400,JH-000185-R01,reverse,時期,time,成立・実施されたのはいつ？,**古墳時代〜飛鳥時代**,古墳時代〜飛鳥時代,,,,国立歴史民俗博物館「第1展示室 先史・古代」,https://www.rekihaku.ac.jp/exhibitions/room1/
日本史段階別デッキ｜Deck 1｜日本史の最重要骨格400語,JH-000185,185,Deck 1｜骨格・基礎,制度・政策・法律,氏姓制度,しせいせいど,,古代,日本全国,大和政権と各地の豪族,古墳時代〜飛鳥時代,400,JH-000185-R02,reverse,複合説明,reverse,どんな制度・政策・法律？,大和政権が豪族を血縁的集団である**氏**に編成し、地位・職掌を示す**姓**を与えた制度。,氏|姓|豪族|大和政権|官僚制,,,,国立歴史民俗博物館「第1展示室 先史・古代」,https://www.rekihaku.ac.jp/exhibitions/room1/
日本史段階別デッキ｜Deck 1｜日本史の最重要骨格400語,JH-000185,185,Deck 1｜骨格・基礎,制度・政策・法律,氏姓制度,しせいせいど,,古代,日本全国,大和政権と各地の豪族,古墳時代〜飛鳥時代,400,JH-000185-R03,reverse,結果・関連,reverse,何につながった・どんな意味があった？,**豪族**を政治秩序へ組み込んだが、のちの律令的官僚制の整備に伴って変質した。,氏|姓|豪族|大和政権|官僚制,,,,国立歴史民俗博物館「第1展示室 先史・古代」,https://www.rekihaku.ac.jp/exhibitions/room1/
日本史段階別デッキ｜Deck 1｜日本史の最重要骨格400語,JH-000185,185,Deck 1｜骨格・基礎,制度・政策・法律,氏姓制度,しせいせいど,,古代,日本全国,大和政権と各地の豪族,古墳時代〜飛鳥時代,400,JH-000185-I01,integrated,統合説明,integrated,「氏姓制度(しせいせいど)」について説明せよ。,古墳時代〜飛鳥時代、大和政権と各地の豪族を主な舞台として、大和政権が豪族を血縁的集団である**氏**に編成し、地位・職掌を示す**姓**を与えた制度。 **豪族**を政治秩序へ組み込んだが、のちの律令的官僚制の整備に伴って変質した。,氏|姓|豪族|大和政権|官僚制,,,,国立歴史民俗博物館「第1展示室 先史・古代」,https://www.rekihaku.ac.jp/exhibitions/room1/
日本史段階別デッキ｜Deck 1｜日本史の最重要骨格400語,JH-000311,311,Deck 1｜骨格・基礎,朝廷・政権・幕府,大王,おおきみ,,古代,近畿,大和政権,古墳時代〜飛鳥時代,400,JH-000311-B01,beginner,用語の特定,identify,大和政権の最高首長を表し、のちの天皇号へつながった称号は？,大王,大王,,,,国立歴史民俗博物館「第1展示室 先史・古代」,https://www.rekihaku.ac.jp/exhibitions/room1/
日本史段階別デッキ｜Deck 1｜日本史の最重要骨格400語,JH-000311,311,Deck 1｜骨格・基礎,朝廷・政権・幕府,大王,おおきみ,,古代,近畿,大和政権,古墳時代〜飛鳥時代,400,JH-000311-B02,beginner,時期,time,大王が存在・機能したのはいつ？,古墳時代〜飛鳥時代,古墳時代〜飛鳥時代,,,,国立歴史民俗博物館「第1展示室 先史・古代」,https://www.rekihaku.ac.jp/exhibitions/room1/
日本史段階別デッキ｜Deck 1｜日本史の最重要骨格400語,JH-000311,311,Deck 1｜骨格・基礎,朝廷・政権・幕府,大王,おおきみ,,古代,近畿,大和政権,古墳時代〜飛鳥時代,400,JH-000311-B03,beginner,関係勢力,actor,大王が率いた政治勢力は？,大和政権,大和政権,,,,国立歴史民俗博物館「第1展示室 先史・古代」,https://www.rekihaku.ac.jp/exhibitions/room1/
日本史段階別デッキ｜Deck 1｜日本史の最重要骨格400語,JH-000311,311,Deck 1｜骨格・基礎,朝廷・政権・幕府,大王,おおきみ,,古代,近畿,大和政権,古墳時代〜飛鳥時代,400,JH-000311-R01,reverse,時期,time,存在・機能したのはいつ？,**古墳時代〜飛鳥時代**,古墳時代〜飛鳥時代,,,,国立歴史民俗博物館「第1展示室 先史・古代」,https://www.rekihaku.ac.jp/exhibitions/room1/
日本史段階別デッキ｜Deck 1｜日本史の最重要骨格400語,JH-000311,311,Deck 1｜骨格・基礎,朝廷・政権・幕府,大王,おおきみ,,古代,近畿,大和政権,古墳時代〜飛鳥時代,400,JH-000311-R02,reverse,複合説明,reverse,何をした？,**大和政権**の最高首長を指す称号で、有力豪族を従えながら列島の政治的統合を進めた。,大和政権|有力豪族|天皇|政治的統合,,,,国立歴史民俗博物館「第1展示室 先史・古代」,https://www.rekihaku.ac.jp/exhibitions/room1/
日本史段階別デッキ｜Deck 1｜日本史の最重要骨格400語,JH-000311,311,Deck 1｜骨格・基礎,朝廷・政権・幕府,大王,おおきみ,,古代,近畿,大和政権,古墳時代〜飛鳥時代,400,JH-000311-R03,reverse,結果・関連,reverse,何につながった・どんな意味があった？,七世紀後半頃から**天皇**号が整えられ、律令国家の君主へつながった。,大和政権|有力豪族|天皇|政治的統合,,,,国立歴史民俗博物館「第1展示室 先史・古代」,https://www.rekihaku.ac.jp/exhibitions/room1/
日本史段階別デッキ｜Deck 1｜日本史の最重要骨格400語,JH-000311,311,Deck 1｜骨格・基礎,朝廷・政権・幕府,大王,おおきみ,,古代,近畿,大和政権,古墳時代〜飛鳥時代,400,JH-000311-I01,integrated,統合説明,integrated,「大王」について説明せよ。,古墳時代〜飛鳥時代、大和政権を主な舞台として、**大和政権**の最高首長を指す称号で、有力豪族を従えながら列島の政治的統合を進めた。 七世紀後半頃から**天皇**号が整えられ、律令国家の君主へつながった。,大和政権|有力豪族|天皇|政治的統合,,,,国立歴史民俗博物館「第1展示室 先史・古代」,https://www.rekihaku.ac.jp/exhibitions/room1/
日本史段階別デッキ｜Deck 1｜日本史の最重要骨格400語,JH-000357,357,Deck 1｜骨格・基礎,民族・身分・社会集団,豪族,ごうぞく,,古代,日本全国,各地域と大和政権,古墳時代〜飛鳥時代,400,JH-000357-B01,beginner,用語の特定,identify,古代の各地域で土地・人民を支配し、大和政権の政治を支えた有力者層は？,豪族,豪族,,,,国立歴史民俗博物館「第1展示室 先史・古代」,https://www.rekihaku.ac.jp/exhibitions/room1/
日本史段階別デッキ｜Deck 1｜日本史の最重要骨格400語,JH-000357,357,Deck 1｜骨格・基礎,民族・身分・社会集団,豪族,ごうぞく,,古代,日本全国,各地域と大和政権,古墳時代〜飛鳥時代,400,JH-000357-B02,beginner,時期,time,豪族が歴史上重要になるのはいつ？,古墳時代〜飛鳥時代,古墳時代〜飛鳥時代,,,,国立歴史民俗博物館「第1展示室 先史・古代」,https://www.rekihaku.ac.jp/exhibitions/room1/
日本史段階別デッキ｜Deck 1｜日本史の最重要骨格400語,JH-000357,357,Deck 1｜骨格・基礎,民族・身分・社会集団,豪族,ごうぞく,,古代,日本全国,各地域と大和政権,古墳時代〜飛鳥時代,400,JH-000357-B03,beginner,制度,relation,豪族を大和政権が組織するために用いた制度は？,氏姓制度(しせいせいど),氏姓制度,,,,国立歴史民俗博物館「第1展示室 先史・古代」,https://www.rekihaku.ac.jp/exhibitions/room1/
日本史段階別デッキ｜Deck 1｜日本史の最重要骨格400語,JH-000357,357,Deck 1｜骨格・基礎,民族・身分・社会集団,豪族,ごうぞく,,古代,日本全国,各地域と大和政権,古墳時代〜飛鳥時代,400,JH-000357-R01,reverse,時期,time,歴史上重要になるのはいつ？,**古墳時代〜飛鳥時代**,古墳時代〜飛鳥時代,,,,国立歴史民俗博物館「第1展示室 先史・古代」,https://www.rekihaku.ac.jp/exhibitions/room1/
日本史段階別デッキ｜Deck 1｜日本史の最重要骨格400語,JH-000357,357,Deck 1｜骨格・基礎,民族・身分・社会集団,豪族,ごうぞく,,古代,日本全国,各地域と大和政権,古墳時代〜飛鳥時代,400,JH-000357-R02,reverse,複合説明,reverse,どのような人々・集団？,各地域で**土地・人民**を支配し、軍事・祭祀・生産を担った有力者層。,氏姓制度|土地・人民|大和政権|有力者,,,,国立歴史民俗博物館「第1展示室 先史・古代」,https://www.rekihaku.ac.jp/exhibitions/room1/
日本史段階別デッキ｜Deck 1｜日本史の最重要骨格400語,JH-000357,357,Deck 1｜骨格・基礎,民族・身分・社会集団,豪族,ごうぞく,,古代,日本全国,各地域と大和政権,古墳時代〜飛鳥時代,400,JH-000357-R03,reverse,結果・関連,reverse,何につながった・どんな意味があった？,大和政権は**氏姓制度(しせいせいど)**によって豪族を序列化し、中央の政治機構へ組み込んだ。,氏姓制度|土地・人民|大和政権|有力者,,,,国立歴史民俗博物館「第1展示室 先史・古代」,https://www.rekihaku.ac.jp/exhibitions/room1/
日本史段階別デッキ｜Deck 1｜日本史の最重要骨格400語,JH-000357,357,Deck 1｜骨格・基礎,民族・身分・社会集団,豪族,ごうぞく,,古代,日本全国,各地域と大和政権,古墳時代〜飛鳥時代,400,JH-000357-I01,integrated,統合説明,integrated,「豪族」について説明せよ。,古墳時代〜飛鳥時代、各地域と大和政権を主な舞台として、各地域で**土地・人民**を支配し、軍事・祭祀・生産を担った有力者層。 大和政権は**氏姓制度(しせいせいど)**によって豪族を序列化し、中央の政治機構へ組み込んだ。,氏姓制度|土地・人民|大和政権|有力者,,,,国立歴史民俗博物館「第1展示室 先史・古代」,https://www.rekihaku.ac.jp/exhibitions/room1/
日本史段階別デッキ｜Deck 1｜日本史の最重要骨格400語,JH-000333,333,Deck 1｜骨格・基礎,人物,倭の五王,わのごおう,,古代,東アジア,倭と中国南朝,5世紀,450,JH-000333-B01,beginner,用語の特定,identify,五世紀に中国南朝へ使者を送り、王号や官爵を求めた讃・珍・済・興・武の総称は？,倭の五王,倭の五王,,,,国立歴史民俗博物館「第1展示室 先史・古代」,https://www.rekihaku.ac.jp/exhibitions/room1/
日本史段階別デッキ｜Deck 1｜日本史の最重要骨格400語,JH-000333,333,Deck 1｜骨格・基礎,人物,倭の五王,わのごおう,,古代,東アジア,倭と中国南朝,5世紀,450,JH-000333-B02,beginner,時期,time,倭の五王が主に活動したのはいつ？,5世紀,5世紀,,,5世紀：「ご」（5）世紀と結ぶ倭の五王,国立歴史民俗博物館「第1展示室 先史・古代」,https://www.rekihaku.ac.jp/exhibitions/room1/
日本史段階別デッキ｜Deck 1｜日本史の最重要骨格400語,JH-000333,333,Deck 1｜骨格・基礎,人物,倭の五王,わのごおう,,古代,東アジア,倭と中国南朝,5世紀,450,JH-000333-B03,beginner,関係勢力,actor,倭の五王が使者を送った中国側の王朝群は？,南朝,南朝,,,,国立歴史民俗博物館「第1展示室 先史・古代」,https://www.rekihaku.ac.jp/exhibitions/room1/
日本史段階別デッキ｜Deck 1｜日本史の最重要骨格400語,JH-000333,333,Deck 1｜骨格・基礎,人物,倭の五王,わのごおう,,古代,東アジア,倭と中国南朝,5世紀,450,JH-000333-R01,reverse,時期,time,主に活動したのはいつ？,**5世紀**,5世紀,,,5世紀：「ご」（5）世紀と結ぶ倭の五王,国立歴史民俗博物館「第1展示室 先史・古代」,https://www.rekihaku.ac.jp/exhibitions/room1/
日本史段階別デッキ｜Deck 1｜日本史の最重要骨格400語,JH-000333,333,Deck 1｜骨格・基礎,人物,倭の五王,わのごおう,,古代,東アジア,倭と中国南朝,5世紀,450,JH-000333-R02,reverse,複合説明,reverse,何をした？,五世紀に倭から中国の**南朝**へ相次いで使者を送り、倭王としての官爵を求めた五人の王。,南朝|朝鮮半島|官爵|国内支配,,,,国立歴史民俗博物館「第1展示室 先史・古代」,https://www.rekihaku.ac.jp/exhibitions/room1/
日本史段階別デッキ｜Deck 1｜日本史の最重要骨格400語,JH-000333,333,Deck 1｜骨格・基礎,人物,倭の五王,わのごおう,,古代,東アジア,倭と中国南朝,5世紀,450,JH-000333-R03,reverse,結果・関連,reverse,何につながった・どんな意味があった？,中国の権威を利用して**朝鮮半島**での立場と国内支配の正統性を強めようとした。,南朝|朝鮮半島|官爵|国内支配,,,,国立歴史民俗博物館「第1展示室 先史・古代」,https://www.rekihaku.ac.jp/exhibitions/room1/
日本史段階別デッキ｜Deck 1｜日本史の最重要骨格400語,JH-000333,333,Deck 1｜骨格・基礎,人物,倭の五王,わのごおう,,古代,東アジア,倭と中国南朝,5世紀,450,JH-000333-I01,integrated,統合説明,integrated,「倭の五王」について説明せよ。,5世紀、倭と中国南朝を主な舞台として、五世紀に倭から中国の**南朝**へ相次いで使者を送り、倭王としての官爵を求めた五人の王。 中国の権威を利用して**朝鮮半島**での立場と国内支配の正統性を強めようとした。,南朝|朝鮮半島|官爵|国内支配,,,5世紀：「ご」（5）世紀と結ぶ倭の五王,国立歴史民俗博物館「第1展示室 先史・古代」,https://www.rekihaku.ac.jp/exhibitions/room1/
日本史段階別デッキ｜Deck 1｜日本史の最重要骨格400語,JH-000373,373,Deck 1｜骨格・基礎,地域・都市・遺跡,大仙陵古墳,だいせんりょうこふん,仁徳天皇陵古墳|伝仁徳天皇陵,古代,近畿,大阪府堺市,5世紀頃,450,JH-000373-B01,beginner,用語の特定,identify,大阪府堺(さかい)市にあり、日本最大級の規模をもつ前方後円墳は？,大仙陵古墳(だいせんりょうこふん),大仙陵古墳,仁徳天皇陵古墳|伝仁徳天皇陵,被葬者を仁徳天皇と断定せず、「伝仁徳天皇陵」または宮内庁の治定として理解する。,,国立歴史民俗博物館「第1展示室 先史・古代」,https://www.rekihaku.ac.jp/exhibitions/room1/
日本史段階別デッキ｜Deck 1｜日本史の最重要骨格400語,JH-000373,373,Deck 1｜骨格・基礎,地域・都市・遺跡,大仙陵古墳,だいせんりょうこふん,仁徳天皇陵古墳|伝仁徳天皇陵,古代,近畿,大阪府堺市,5世紀頃,450,JH-000373-B02,beginner,時期,time,大仙陵古墳(だいせんりょうこふん)が歴史上重要な意味を持つのはいつ？,5世紀頃,5世紀頃,,被葬者を仁徳天皇と断定せず、「伝仁徳天皇陵」または宮内庁の治定として理解する。,5世紀頃：「ご」（5）世紀と結ぶ大仙陵古墳,国立歴史民俗博物館「第1展示室 先史・古代」,https://www.rekihaku.ac.jp/exhibitions/room1/
日本史段階別デッキ｜Deck 1｜日本史の最重要骨格400語,JH-000373,373,Deck 1｜骨格・基礎,地域・都市・遺跡,大仙陵古墳,だいせんりょうこふん,仁徳天皇陵古墳|伝仁徳天皇陵,古代,近畿,大阪府堺市,5世紀頃,450,JH-000373-B03,beginner,地域,place,大仙陵古墳(だいせんりょうこふん)がある現在の都市は？,堺(さかい)市,堺市,,被葬者を仁徳天皇と断定せず、「伝仁徳天皇陵」または宮内庁の治定として理解する。,,国立歴史民俗博物館「第1展示室 先史・古代」,https://www.rekihaku.ac.jp/exhibitions/room1/
日本史段階別デッキ｜Deck 1｜日本史の最重要骨格400語,JH-000373,373,Deck 1｜骨格・基礎,地域・都市・遺跡,大仙陵古墳,だいせんりょうこふん,仁徳天皇陵古墳|伝仁徳天皇陵,古代,近畿,大阪府堺市,5世紀頃,450,JH-000373-R01,reverse,時期,time,歴史上重要な意味を持つのはいつ？,**5世紀頃**,5世紀頃,,被葬者を仁徳天皇と断定せず、「伝仁徳天皇陵」または宮内庁の治定として理解する。,5世紀頃：「ご」（5）世紀と結ぶ大仙陵古墳,国立歴史民俗博物館「第1展示室 先史・古代」,https://www.rekihaku.ac.jp/exhibitions/room1/
日本史段階別デッキ｜Deck 1｜日本史の最重要骨格400語,JH-000373,373,Deck 1｜骨格・基礎,地域・都市・遺跡,大仙陵古墳,だいせんりょうこふん,仁徳天皇陵古墳|伝仁徳天皇陵,古代,近畿,大阪府堺市,5世紀頃,450,JH-000373-R02,reverse,複合説明,reverse,何が分かる・何が重要？,大阪府堺(さかい)市にある日本最大級の**前方後円墳**で、宮内庁は仁徳天皇陵に治定している。,前方後円墳|堺市|大王権|仁徳天皇陵,,被葬者を仁徳天皇と断定せず、「伝仁徳天皇陵」または宮内庁の治定として理解する。,,国立歴史民俗博物館「第1展示室 先史・古代」,https://www.rekihaku.ac.jp/exhibitions/room1/
日本史段階別デッキ｜Deck 1｜日本史の最重要骨格400語,JH-000373,373,Deck 1｜骨格・基礎,地域・都市・遺跡,大仙陵古墳,だいせんりょうこふん,仁徳天皇陵古墳|伝仁徳天皇陵,古代,近畿,大阪府堺市,5世紀頃,450,JH-000373-R03,reverse,結果・関連,reverse,何につながった・どんな意味があった？,巨大な規模は五世紀頃の**大王権**と労働力動員の大きさを示すが、被葬者の確定には慎重さが必要である。,前方後円墳|堺市|大王権|仁徳天皇陵,,被葬者を仁徳天皇と断定せず、「伝仁徳天皇陵」または宮内庁の治定として理解する。,,国立歴史民俗博物館「第1展示室 先史・古代」,https://www.rekihaku.ac.jp/exhibitions/room1/
日本史段階別デッキ｜Deck 1｜日本史の最重要骨格400語,JH-000373,373,Deck 1｜骨格・基礎,地域・都市・遺跡,大仙陵古墳,だいせんりょうこふん,仁徳天皇陵古墳|伝仁徳天皇陵,古代,近畿,大阪府堺市,5世紀頃,450,JH-000373-I01,integrated,統合説明,integrated,「大仙陵古墳(だいせんりょうこふん)」について説明せよ。,5世紀頃、大阪府堺市を主な舞台として、大阪府堺(さかい)市にある日本最大級の**前方後円墳**で、宮内庁は仁徳天皇陵に治定している。 巨大な規模は五世紀頃の**大王権**と労働力動員の大きさを示すが、被葬者の確定には慎重さが必要である。,前方後円墳|堺市|大王権|仁徳天皇陵,,被葬者を仁徳天皇と断定せず、「伝仁徳天皇陵」または宮内庁の治定として理解する。,5世紀頃：「ご」（5）世紀と結ぶ大仙陵古墳,国立歴史民俗博物館「第1展示室 先史・古代」,https://www.rekihaku.ac.jp/exhibitions/room1/
日本史段階別デッキ｜Deck 1｜日本史の最重要骨格400語,JH-000071,71,Deck 1｜骨格・基礎,宗教・宗派,仏教伝来,ぶっきょうでんらい,,古代,東アジア,百済から大和政権,6世紀,538,JH-000071-B01,beginner,用語の特定,identify,百済から経典や仏像が伝えられ、日本の政治・文化に大きな影響を与えた宗教伝来は？,仏教伝来,仏教伝来,,,,国立歴史民俗博物館「第1展示室 先史・古代」,https://www.rekihaku.ac.jp/exhibitions/room1/
日本史段階別デッキ｜Deck 1｜日本史の最重要骨格400語,JH-000071,71,Deck 1｜骨格・基礎,宗教・宗派,仏教伝来,ぶっきょうでんらい,,古代,東アジア,百済から大和政権,6世紀,538,JH-000071-B02,beginner,時期,time,仏教伝来はいつ？,6世紀,6世紀,,,6世紀：「む」（6）世紀と結ぶ仏教伝来,国立歴史民俗博物館「第1展示室 先史・古代」,https://www.rekihaku.ac.jp/exhibitions/room1/
日本史段階別デッキ｜Deck 1｜日本史の最重要骨格400語,JH-000071,71,Deck 1｜骨格・基礎,宗教・宗派,仏教伝来,ぶっきょうでんらい,,古代,東アジア,百済から大和政権,6世紀,538,JH-000071-B03,beginner,関係勢力,actor,仏教伝来を公式に伝えたとされる国は？,百済,百済,,,,国立歴史民俗博物館「第1展示室 先史・古代」,https://www.rekihaku.ac.jp/exhibitions/room1/
日本史段階別デッキ｜Deck 1｜日本史の最重要骨格400語,JH-000071,71,Deck 1｜骨格・基礎,宗教・宗派,仏教伝来,ぶっきょうでんらい,,古代,東アジア,百済から大和政権,6世紀,538,JH-000071-R01,reverse,時期,time,仏教が伝わったのはいつ？,**6世紀**,6世紀,,,6世紀：「む」（6）世紀と結ぶ仏教伝来,国立歴史民俗博物館「第1展示室 先史・古代」,https://www.rekihaku.ac.jp/exhibitions/room1/
日本史段階別デッキ｜Deck 1｜日本史の最重要骨格400語,JH-000071,71,Deck 1｜骨格・基礎,宗教・宗派,仏教伝来,ぶっきょうでんらい,,古代,東アジア,百済から大和政権,6世紀,538,JH-000071-R02,reverse,複合説明,reverse,どんな宗教・教え？,朝鮮半島の**百済**から大和政権へ仏像・経典などが伝えられた出来事。,百済|仏像|経典|蘇我氏|国家仏教,,,,国立歴史民俗博物館「第1展示室 先史・古代」,https://www.rekihaku.ac.jp/exhibitions/room1/
日本史段階別デッキ｜Deck 1｜日本史の最重要骨格400語,JH-000071,71,Deck 1｜骨格・基礎,宗教・宗派,仏教伝来,ぶっきょうでんらい,,古代,東アジア,百済から大和政権,6世紀,538,JH-000071-R03,reverse,結果・関連,reverse,何につながった・どんな意味があった？,受容をめぐり**蘇我氏(そがし)**と物部氏が対立したが、のちに国家的保護を受け、日本の思想・文化・政治に定着した。,百済|仏像|経典|蘇我氏|国家仏教,,,,国立歴史民俗博物館「第1展示室 先史・古代」,https://www.rekihaku.ac.jp/exhibitions/room1/
日本史段階別デッキ｜Deck 1｜日本史の最重要骨格400語,JH-000071,71,Deck 1｜骨格・基礎,宗教・宗派,仏教伝来,ぶっきょうでんらい,,古代,東アジア,百済から大和政権,6世紀,538,JH-000071-I01,integrated,統合説明,integrated,「仏教伝来」について説明せよ。,6世紀、百済から大和政権を主な舞台として、朝鮮半島の**百済**から大和政権へ仏像・経典などが伝えられた出来事。 受容をめぐり**蘇我氏(そがし)**と物部氏が対立したが、のちに国家的保護を受け、日本の思想・文化・政治に定着した。,百済|仏像|経典|蘇我氏|国家仏教,,,6世紀：「む」（6）世紀と結ぶ仏教伝来,国立歴史民俗博物館「第1展示室 先史・古代」,https://www.rekihaku.ac.jp/exhibitions/room1/
日本史段階別デッキ｜Deck 1｜日本史の最重要骨格400語,JH-000358,358,Deck 1｜骨格・基礎,民族・身分・社会集団,蘇我氏,そがし,,古代,近畿,飛鳥の大和政権,6世紀後半〜7世紀前半,550,JH-000358-B01,beginner,用語の特定,identify,仏教受容を進め、馬子・蝦夷(えみし)・入鹿の時代に大和政権で強い権力を持った豪族は？,蘇我氏(そがし),蘇我氏,,,,国立歴史民俗博物館「第1展示室 先史・古代」,https://www.rekihaku.ac.jp/exhibitions/room1/
日本史段階別デッキ｜Deck 1｜日本史の最重要骨格400語,JH-000358,358,Deck 1｜骨格・基礎,民族・身分・社会集団,蘇我氏,そがし,,古代,近畿,飛鳥の大和政権,6世紀後半〜7世紀前半,550,JH-000358-B02,beginner,時期,time,蘇我氏(そがし)が歴史上重要になるのはいつ？,6世紀後半〜7世紀前半,6世紀後半〜7世紀前半,,,6世紀後半〜7世紀前半：「む」（6）世紀から「なな」（7）世紀までの蘇我氏,国立歴史民俗博物館「第1展示室 先史・古代」,https://www.rekihaku.ac.jp/exhibitions/room1/
日本史段階別デッキ｜Deck 1｜日本史の最重要骨格400語,JH-000358,358,Deck 1｜骨格・基礎,民族・身分・社会集団,蘇我氏,そがし,,古代,近畿,飛鳥の大和政権,6世紀後半〜7世紀前半,550,JH-000358-B03,beginner,内容,content,蘇我氏(そがし)が受容を進めた宗教は？,仏教,仏教,,,,国立歴史民俗博物館「第1展示室 先史・古代」,https://www.rekihaku.ac.jp/exhibitions/room1/
日本史段階別デッキ｜Deck 1｜日本史の最重要骨格400語,JH-000358,358,Deck 1｜骨格・基礎,民族・身分・社会集団,蘇我氏,そがし,,古代,近畿,飛鳥の大和政権,6世紀後半〜7世紀前半,550,JH-000358-R01,reverse,時期,time,歴史上重要になるのはいつ？,**6世紀後半〜7世紀前半**,6世紀後半〜7世紀前半,,,6世紀後半〜7世紀前半：「む」（6）世紀から「なな」（7）世紀までの蘇我氏,国立歴史民俗博物館「第1展示室 先史・古代」,https://www.rekihaku.ac.jp/exhibitions/room1/
日本史段階別デッキ｜Deck 1｜日本史の最重要骨格400語,JH-000358,358,Deck 1｜骨格・基礎,民族・身分・社会集団,蘇我氏,そがし,,古代,近畿,飛鳥の大和政権,6世紀後半〜7世紀前半,550,JH-000358-R02,reverse,複合説明,reverse,どのような人々・集団？,飛鳥の大和政権で、渡来系氏族との結びつきや財政力を背景に**仏教受容**を進めた有力豪族。,仏教受容|蘇我馬子|蘇我入鹿|乙巳の変,,,,国立歴史民俗博物館「第1展示室 先史・古代」,https://www.rekihaku.ac.jp/exhibitions/room1/
日本史段階別デッキ｜Deck 1｜日本史の最重要骨格400語,JH-000358,358,Deck 1｜骨格・基礎,民族・身分・社会集団,蘇我氏,そがし,,古代,近畿,飛鳥の大和政権,6世紀後半〜7世紀前半,550,JH-000358-R03,reverse,結果・関連,reverse,何につながった・どんな意味があった？,馬子・蝦夷(えみし)・入鹿の代に権力を強めたが、**乙巳の変(いっしのへん)**で中心勢力が倒された。,仏教受容|蘇我馬子|蘇我入鹿|乙巳の変,,,,国立歴史民俗博物館「第1展示室 先史・古代」,https://www.rekihaku.ac.jp/exhibitions/room1/
日本史段階別デッキ｜Deck 1｜日本史の最重要骨格400語,JH-000358,358,Deck 1｜骨格・基礎,民族・身分・社会集団,蘇我氏,そがし,,古代,近畿,飛鳥の大和政権,6世紀後半〜7世紀前半,550,JH-000358-I01,integrated,統合説明,integrated,「蘇我氏(そがし)」について説明せよ。,6世紀後半〜7世紀前半、飛鳥の大和政権を主な舞台として、飛鳥の大和政権で、渡来系氏族との結びつきや財政力を背景に**仏教受容**を進めた有力豪族。 馬子・蝦夷(えみし)・入鹿の代に権力を強めたが、**乙巳の変(いっしのへん)**で中心勢力が倒された。,仏教受容|蘇我馬子|蘇我入鹿|乙巳の変,,,6世紀後半〜7世紀前半：「む」（6）世紀から「なな」（7）世紀までの蘇我氏,国立歴史民俗博物館「第1展示室 先史・古代」,https://www.rekihaku.ac.jp/exhibitions/room1/
日本史段階別デッキ｜Deck 1｜日本史の最重要骨格400語,JH-000334,334,Deck 1｜骨格・基礎,人物,推古天皇,すいこてんのう,,古代,近畿,飛鳥の朝廷,6世紀末〜7世紀初め,593,JH-000334-B01,beginner,用語の特定,identify,日本最初の女性天皇とされ、聖徳太子・蘇我馬子(そがのうまこ)と政治を進めた天皇は？,推古天皇,推古天皇,,,,国立歴史民俗博物館「第1展示室 先史・古代」,https://www.rekihaku.ac.jp/exhibitions/room1/
日本史段階別デッキ｜Deck 1｜日本史の最重要骨格400語,JH-000334,334,Deck 1｜骨格・基礎,人物,推古天皇,すいこてんのう,,古代,近畿,飛鳥の朝廷,6世紀末〜7世紀初め,593,JH-000334-B02,beginner,時期,time,推古天皇が主に活動したのはいつ？,6世紀末〜7世紀初め,6世紀末〜7世紀初め,,,6世紀末〜7世紀初め：「む」（6）世紀から「なな」（7）世紀までの推古天皇,国立歴史民俗博物館「第1展示室 先史・古代」,https://www.rekihaku.ac.jp/exhibitions/room1/
日本史段階別デッキ｜Deck 1｜日本史の最重要骨格400語,JH-000334,334,Deck 1｜骨格・基礎,人物,推古天皇,すいこてんのう,,古代,近畿,飛鳥の朝廷,6世紀末〜7世紀初め,593,JH-000334-B03,beginner,中心人物,person,推古天皇の摂政として政治を助けた人物は？,聖徳太子,聖徳太子,,,,国立歴史民俗博物館「第1展示室 先史・古代」,https://www.rekihaku.ac.jp/exhibitions/room1/
日本史段階別デッキ｜Deck 1｜日本史の最重要骨格400語,JH-000334,334,Deck 1｜骨格・基礎,人物,推古天皇,すいこてんのう,,古代,近畿,飛鳥の朝廷,6世紀末〜7世紀初め,593,JH-000334-R01,reverse,時期,time,主に活動したのはいつ？,**6世紀末〜7世紀初め**,6世紀末〜7世紀初め,,,6世紀末〜7世紀初め：「む」（6）世紀から「なな」（7）世紀までの推古天皇,国立歴史民俗博物館「第1展示室 先史・古代」,https://www.rekihaku.ac.jp/exhibitions/room1/
日本史段階別デッキ｜Deck 1｜日本史の最重要骨格400語,JH-000334,334,Deck 1｜骨格・基礎,人物,推古天皇,すいこてんのう,,古代,近畿,飛鳥の朝廷,6世紀末〜7世紀初め,593,JH-000334-R02,reverse,複合説明,reverse,何をした？,飛鳥の朝廷で即位し、**聖徳太子**や**蘇我馬子(そがのうまこ)**とともに冠位十二階(かんいじゅうにかい)・遣隋使(けんずいし)などの政治を進めた。,聖徳太子|蘇我馬子|冠位十二階|遣隋使,,,,国立歴史民俗博物館「第1展示室 先史・古代」,https://www.rekihaku.ac.jp/exhibitions/room1/
日本史段階別デッキ｜Deck 1｜日本史の最重要骨格400語,JH-000334,334,Deck 1｜骨格・基礎,人物,推古天皇,すいこてんのう,,古代,近畿,飛鳥の朝廷,6世紀末〜7世紀初め,593,JH-000334-R03,reverse,結果・関連,reverse,何につながった・どんな意味があった？,豪族中心の政治を再編し、**中国的な国家制度と仏教文化**を取り入れる流れを強めた。,聖徳太子|蘇我馬子|冠位十二階|遣隋使,,,,国立歴史民俗博物館「第1展示室 先史・古代」,https://www.rekihaku.ac.jp/exhibitions/room1/
日本史段階別デッキ｜Deck 1｜日本史の最重要骨格400語,JH-000334,334,Deck 1｜骨格・基礎,人物,推古天皇,すいこてんのう,,古代,近畿,飛鳥の朝廷,6世紀末〜7世紀初め,593,JH-000334-I01,integrated,統合説明,integrated,「推古天皇」について説明せよ。,6世紀末〜7世紀初め、飛鳥の朝廷を主な舞台として、飛鳥の朝廷で即位し、**聖徳太子**や**蘇我馬子(そがのうまこ)**とともに冠位十二階(かんいじゅうにかい)・遣隋使(けんずいし)などの政治を進めた。 豪族中心の政治を再編し、**中国的な国家制度と仏教文化**を取り入れる流れを強めた。,聖徳太子|蘇我馬子|冠位十二階|遣隋使,,,6世紀末〜7世紀初め：「む」（6）世紀から「なな」（7）世紀までの推古天皇,国立歴史民俗博物館「第1展示室 先史・古代」,https://www.rekihaku.ac.jp/exhibitions/room1/
日本史段階別デッキ｜Deck 1｜日本史の最重要骨格400語,JH-000072,72,Deck 1｜骨格・基礎,人物,聖徳太子,しょうとくたいし,厩戸王|厩戸皇子,古代,近畿,飛鳥の朝廷,6世紀末〜7世紀初め,600,JH-000072-B01,beginner,用語の特定,identify,推古天皇のもとで冠位十二階(かんいじゅうにかい)・十七条憲法・遣隋使(けんずいし)などを進めた皇族は？,聖徳太子,聖徳太子,厩戸王|厩戸皇子,,,国立歴史民俗博物館「第1展示室 先史・古代」,https://www.rekihaku.ac.jp/exhibitions/room1/
日本史段階別デッキ｜Deck 1｜日本史の最重要骨格400語,JH-000072,72,Deck 1｜骨格・基礎,人物,聖徳太子,しょうとくたいし,厩戸王|厩戸皇子,古代,近畿,飛鳥の朝廷,6世紀末〜7世紀初め,600,JH-000072-B02,beginner,時期,time,聖徳太子が主に活動したのはいつ？,6世紀末〜7世紀初め,6世紀末〜7世紀初め,,,6世紀末〜7世紀初め：「む」（6）世紀から「なな」（7）世紀までの聖徳太子,国立歴史民俗博物館「第1展示室 先史・古代」,https://www.rekihaku.ac.jp/exhibitions/room1/
日本史段階別デッキ｜Deck 1｜日本史の最重要骨格400語,JH-000072,72,Deck 1｜骨格・基礎,人物,聖徳太子,しょうとくたいし,厩戸王|厩戸皇子,古代,近畿,飛鳥の朝廷,6世紀末〜7世紀初め,600,JH-000072-B03,beginner,制度,content,聖徳太子が定めた官人の位階制度は？,冠位十二階(かんいじゅうにかい),冠位十二階,,,,国立歴史民俗博物館「第1展示室 先史・古代」,https://www.rekihaku.ac.jp/exhibitions/room1/
日本史段階別デッキ｜Deck 1｜日本史の最重要骨格400語,JH-000072,72,Deck 1｜骨格・基礎,人物,聖徳太子,しょうとくたいし,厩戸王|厩戸皇子,古代,近畿,飛鳥の朝廷,6世紀末〜7世紀初め,600,JH-000072-R01,reverse,時期,time,主に活動したのはいつ？,**6世紀末〜7世紀初め**,6世紀末〜7世紀初め,,,6世紀末〜7世紀初め：「む」（6）世紀から「なな」（7）世紀までの聖徳太子,国立歴史民俗博物館「第1展示室 先史・古代」,https://www.rekihaku.ac.jp/exhibitions/room1/
日本史段階別デッキ｜Deck 1｜日本史の最重要骨格400語,JH-000072,72,Deck 1｜骨格・基礎,人物,聖徳太子,しょうとくたいし,厩戸王|厩戸皇子,古代,近畿,飛鳥の朝廷,6世紀末〜7世紀初め,600,JH-000072-R02,reverse,複合説明,reverse,何をした？,飛鳥の朝廷で推古天皇を助け、**冠位十二階(かんいじゅうにかい)**・**十七条憲法**・遣隋使(けんずいし)などを進めたとされる皇族。,推古天皇|冠位十二階|十七条憲法|遣隋使,,,,国立歴史民俗博物館「第1展示室 先史・古代」,https://www.rekihaku.ac.jp/exhibitions/room1/
日本史段階別デッキ｜Deck 1｜日本史の最重要骨格400語,JH-000072,72,Deck 1｜骨格・基礎,人物,聖徳太子,しょうとくたいし,厩戸王|厩戸皇子,古代,近畿,飛鳥の朝廷,6世紀末〜7世紀初め,600,JH-000072-R03,reverse,結果・関連,reverse,何につながった・どんな意味があった？,豪族秩序を再編し、**天皇中心の政治理念**と大陸文化の導入を進める象徴的存在となった。,推古天皇|冠位十二階|十七条憲法|遣隋使,,,,国立歴史民俗博物館「第1展示室 先史・古代」,https://www.rekihaku.ac.jp/exhibitions/room1/
日本史段階別デッキ｜Deck 1｜日本史の最重要骨格400語,JH-000072,72,Deck 1｜骨格・基礎,人物,聖徳太子,しょうとくたいし,厩戸王|厩戸皇子,古代,近畿,飛鳥の朝廷,6世紀末〜7世紀初め,600,JH-000072-I01,integrated,統合説明,integrated,「聖徳太子」について説明せよ。,6世紀末〜7世紀初め、飛鳥の朝廷を主な舞台として、飛鳥の朝廷で推古天皇を助け、**冠位十二階(かんいじゅうにかい)**・**十七条憲法**・遣隋使(けんずいし)などを進めたとされる皇族。 豪族秩序を再編し、**天皇中心の政治理念**と大陸文化の導入を進める象徴的存在となった。,推古天皇|冠位十二階|十七条憲法|遣隋使,,,6世紀末〜7世紀初め：「む」（6）世紀から「なな」（7）世紀までの聖徳太子,国立歴史民俗博物館「第1展示室 先史・古代」,https://www.rekihaku.ac.jp/exhibitions/room1/
日本史段階別デッキ｜Deck 1｜日本史の最重要骨格400語,JH-000335,335,Deck 1｜骨格・基礎,人物,蘇我馬子,そがのうまこ,,古代,近畿,飛鳥の朝廷,6世紀末〜7世紀初め,600,JH-000335-B01,beginner,用語の特定,identify,推古天皇・聖徳太子と協力し、仏教受容と飛鳥寺建立を進めた蘇我氏(そがし)の人物は？,蘇我馬子(そがのうまこ),蘇我馬子,,,,国立歴史民俗博物館「第1展示室 先史・古代」,https://www.rekihaku.ac.jp/exhibitions/room1/
日本史段階別デッキ｜Deck 1｜日本史の最重要骨格400語,JH-000335,335,Deck 1｜骨格・基礎,人物,蘇我馬子,そがのうまこ,,古代,近畿,飛鳥の朝廷,6世紀末〜7世紀初め,600,JH-000335-B02,beginner,時期,time,蘇我馬子(そがのうまこ)が主に活動したのはいつ？,6世紀末〜7世紀初め,6世紀末〜7世紀初め,,,6世紀末〜7世紀初め：「む」（6）世紀から「なな」（7）世紀までの蘇我馬子,国立歴史民俗博物館「第1展示室 先史・古代」,https://www.rekihaku.ac.jp/exhibitions/room1/
日本史段階別デッキ｜Deck 1｜日本史の最重要骨格400語,JH-000335,335,Deck 1｜骨格・基礎,人物,蘇我馬子,そがのうまこ,,古代,近畿,飛鳥の朝廷,6世紀末〜7世紀初め,600,JH-000335-B03,beginner,文化,relation,蘇我馬子(そがのうまこ)が建立を進めた日本最初期の本格的寺院は？,飛鳥寺,飛鳥寺,,,,国立歴史民俗博物館「第1展示室 先史・古代」,https://www.rekihaku.ac.jp/exhibitions/room1/
日本史段階別デッキ｜Deck 1｜日本史の最重要骨格400語,JH-000335,335,Deck 1｜骨格・基礎,人物,蘇我馬子,そがのうまこ,,古代,近畿,飛鳥の朝廷,6世紀末〜7世紀初め,600,JH-000335-R01,reverse,時期,time,主に活動したのはいつ？,**6世紀末〜7世紀初め**,6世紀末〜7世紀初め,,,6世紀末〜7世紀初め：「む」（6）世紀から「なな」（7）世紀までの蘇我馬子,国立歴史民俗博物館「第1展示室 先史・古代」,https://www.rekihaku.ac.jp/exhibitions/room1/
日本史段階別デッキ｜Deck 1｜日本史の最重要骨格400語,JH-000335,335,Deck 1｜骨格・基礎,人物,蘇我馬子,そがのうまこ,,古代,近畿,飛鳥の朝廷,6世紀末〜7世紀初め,600,JH-000335-R02,reverse,複合説明,reverse,何をした？,飛鳥の朝廷で推古天皇・聖徳太子と協力し、**仏教受容**と飛鳥寺の建立を進めた蘇我氏(そがし)の大臣。,仏教受容|飛鳥寺|物部氏|蘇我氏,,,,国立歴史民俗博物館「第1展示室 先史・古代」,https://www.rekihaku.ac.jp/exhibitions/room1/
日本史段階別デッキ｜Deck 1｜日本史の最重要骨格400語,JH-000335,335,Deck 1｜骨格・基礎,人物,蘇我馬子,そがのうまこ,,古代,近畿,飛鳥の朝廷,6世紀末〜7世紀初め,600,JH-000335-R03,reverse,結果・関連,reverse,何につながった・どんな意味があった？,**物部氏**を破って蘇我氏(そがし)の政治的地位を高め、飛鳥政治の中心を担った。,仏教受容|飛鳥寺|物部氏|蘇我氏,,,,国立歴史民俗博物館「第1展示室 先史・古代」,https://www.rekihaku.ac.jp/exhibitions/room1/
日本史段階別デッキ｜Deck 1｜日本史の最重要骨格400語,JH-000335,335,Deck 1｜骨格・基礎,人物,蘇我馬子,そがのうまこ,,古代,近畿,飛鳥の朝廷,6世紀末〜7世紀初め,600,JH-000335-I01,integrated,統合説明,integrated,「蘇我馬子(そがのうまこ)」について説明せよ。,6世紀末〜7世紀初め、飛鳥の朝廷を主な舞台として、飛鳥の朝廷で推古天皇・聖徳太子と協力し、**仏教受容**と飛鳥寺の建立を進めた蘇我氏(そがし)の大臣。 **物部氏**を破って蘇我氏(そがし)の政治的地位を高め、飛鳥政治の中心を担った。,仏教受容|飛鳥寺|物部氏|蘇我氏,,,6世紀末〜7世紀初め：「む」（6）世紀から「なな」（7）世紀までの蘇我馬子,国立歴史民俗博物館「第1展示室 先史・古代」,https://www.rekihaku.ac.jp/exhibitions/room1/
日本史段階別デッキ｜Deck 1｜日本史の最重要骨格400語,JH-000374,374,Deck 1｜骨格・基礎,文化・技術・学問,飛鳥文化,あすかぶんか,,古代,近畿,飛鳥・斑鳩を中心とする畿内,6世紀末〜7世紀前半,600,JH-000374-B01,beginner,用語の特定,identify,法隆寺などに代表され、中国南北朝や朝鮮半島の影響を受けた日本最初の仏教文化は？,飛鳥文化,飛鳥文化,,,,文化庁「文化遺産オンライン」,https://online.bunka.go.jp/
日本史段階別デッキ｜Deck 1｜日本史の最重要骨格400語,JH-000374,374,Deck 1｜骨格・基礎,文化・技術・学問,飛鳥文化,あすかぶんか,,古代,近畿,飛鳥・斑鳩を中心とする畿内,6世紀末〜7世紀前半,600,JH-000374-B02,beginner,時期,time,飛鳥文化が成立・発達したのはいつ？,6世紀末〜7世紀前半,6世紀末〜7世紀前半,,,6世紀末〜7世紀前半：「む」（6）世紀から「なな」（7）世紀までの飛鳥文化,文化庁「文化遺産オンライン」,https://online.bunka.go.jp/
日本史段階別デッキ｜Deck 1｜日本史の最重要骨格400語,JH-000374,374,Deck 1｜骨格・基礎,文化・技術・学問,飛鳥文化,あすかぶんか,,古代,近畿,飛鳥・斑鳩を中心とする畿内,6世紀末〜7世紀前半,600,JH-000374-B03,beginner,内容,content,飛鳥文化の中心となった宗教は？,仏教,仏教,,,,文化庁「文化遺産オンライン」,https://online.bunka.go.jp/
日本史段階別デッキ｜Deck 1｜日本史の最重要骨格400語,JH-000374,374,Deck 1｜骨格・基礎,文化・技術・学問,飛鳥文化,あすかぶんか,,古代,近畿,飛鳥・斑鳩を中心とする畿内,6世紀末〜7世紀前半,600,JH-000374-R01,reverse,時期,time,成立・発達したのはいつ？,**6世紀末〜7世紀前半**,6世紀末〜7世紀前半,,,6世紀末〜7世紀前半：「む」（6）世紀から「なな」（7）世紀までの飛鳥文化,文化庁「文化遺産オンライン」,https://online.bunka.go.jp/
日本史段階別デッキ｜Deck 1｜日本史の最重要骨格400語,JH-000374,374,Deck 1｜骨格・基礎,文化・技術・学問,飛鳥文化,あすかぶんか,,古代,近畿,飛鳥・斑鳩を中心とする畿内,6世紀末〜7世紀前半,600,JH-000374-R02,reverse,複合説明,reverse,どんな文化・技術・学問？,飛鳥・斑鳩を中心に、朝鮮半島や中国南北朝文化の影響を受けて成立した日本最初の本格的な**仏教文化**。,仏教文化|法隆寺|朝鮮半島|中国南北朝|国際性,,,,文化庁「文化遺産オンライン」,https://online.bunka.go.jp/
日本史段階別デッキ｜Deck 1｜日本史の最重要骨格400語,JH-000374,374,Deck 1｜骨格・基礎,文化・技術・学問,飛鳥文化,あすかぶんか,,古代,近畿,飛鳥・斑鳩を中心とする畿内,6世紀末〜7世紀前半,600,JH-000374-R03,reverse,結果・関連,reverse,何につながった・どんな意味があった？,**法隆寺**の建築・仏像などに国際性が表れ、国家形成と仏教受容の進展を示す。,仏教文化|法隆寺|朝鮮半島|中国南北朝|国際性,,,,文化庁「文化遺産オンライン」,https://online.bunka.go.jp/
日本史段階別デッキ｜Deck 1｜日本史の最重要骨格400語,JH-000374,374,Deck 1｜骨格・基礎,文化・技術・学問,飛鳥文化,あすかぶんか,,古代,近畿,飛鳥・斑鳩を中心とする畿内,6世紀末〜7世紀前半,600,JH-000374-I01,integrated,統合説明,integrated,「飛鳥文化」について説明せよ。,6世紀末〜7世紀前半、飛鳥・斑鳩を中心とする畿内を主な舞台として、飛鳥・斑鳩を中心に、朝鮮半島や中国南北朝文化の影響を受けて成立した日本最初の本格的な**仏教文化**。 **法隆寺**の建築・仏像などに国際性が表れ、国家形成と仏教受容の進展を示す。,仏教文化|法隆寺|朝鮮半島|中国南北朝|国際性,,,6世紀末〜7世紀前半：「む」（6）世紀から「なな」（7）世紀までの飛鳥文化,文化庁「文化遺産オンライン」,https://online.bunka.go.jp/
日本史段階別デッキ｜Deck 1｜日本史の最重要骨格400語,JH-000073,73,Deck 1｜骨格・基礎,制度・政策・法律,冠位十二階,かんいじゅうにかい,,古代,近畿,飛鳥の朝廷,603年,603,JH-000073-B01,beginner,用語の特定,identify,家柄だけでなく才能・功績を基準に官人へ十二の位を与えた制度は？,冠位十二階(かんいじゅうにかい),冠位十二階,,,,国立歴史民俗博物館「第1展示室 先史・古代」,https://www.rekihaku.ac.jp/exhibitions/room1/
日本史段階別デッキ｜Deck 1｜日本史の最重要骨格400語,JH-000073,73,Deck 1｜骨格・基礎,制度・政策・法律,冠位十二階,かんいじゅうにかい,,古代,近畿,飛鳥の朝廷,603年,603,JH-000073-B02,beginner,時期,time,冠位十二階(かんいじゅうにかい)が成立・実施されたのはいつ？,603年,603年,,,603年：「群れ見」（603）分ける冠位十二階,国立歴史民俗博物館「第1展示室 先史・古代」,https://www.rekihaku.ac.jp/exhibitions/room1/
日本史段階別デッキ｜Deck 1｜日本史の最重要骨格400語,JH-000073,73,Deck 1｜骨格・基礎,制度・政策・法律,冠位十二階,かんいじゅうにかい,,古代,近畿,飛鳥の朝廷,603年,603,JH-000073-B03,beginner,内容,content,冠位十二階(かんいじゅうにかい)が官人評価で重視したものは？,才能と功績,才能と功績,,,,国立歴史民俗博物館「第1展示室 先史・古代」,https://www.rekihaku.ac.jp/exhibitions/room1/
日本史段階別デッキ｜Deck 1｜日本史の最重要骨格400語,JH-000073,73,Deck 1｜骨格・基礎,制度・政策・法律,冠位十二階,かんいじゅうにかい,,古代,近畿,飛鳥の朝廷,603年,603,JH-000073-R01,reverse,時期,time,成立・実施されたのはいつ？,**603年**,603年,,,603年：「群れ見」（603）分ける冠位十二階,国立歴史民俗博物館「第1展示室 先史・古代」,https://www.rekihaku.ac.jp/exhibitions/room1/
日本史段階別デッキ｜Deck 1｜日本史の最重要骨格400語,JH-000073,73,Deck 1｜骨格・基礎,制度・政策・法律,冠位十二階,かんいじゅうにかい,,古代,近畿,飛鳥の朝廷,603年,603,JH-000073-R02,reverse,複合説明,reverse,どんな制度・政策・法律？,飛鳥の朝廷で、官人を十二の位階に分け、**才能と功績**に応じて登用しようとした制度。,才能と功績|官人|氏姓制度|官僚制,,,,国立歴史民俗博物館「第1展示室 先史・古代」,https://www.rekihaku.ac.jp/exhibitions/room1/
日本史段階別デッキ｜Deck 1｜日本史の最重要骨格400語,JH-000073,73,Deck 1｜骨格・基礎,制度・政策・法律,冠位十二階,かんいじゅうにかい,,古代,近畿,飛鳥の朝廷,603年,603,JH-000073-R03,reverse,結果・関連,reverse,何につながった・どんな意味があった？,**氏姓制度(しせいせいど)**による世襲的秩序を補い、天皇中心の官僚制へ向かう一歩となった。,才能と功績|官人|氏姓制度|官僚制,,,,国立歴史民俗博物館「第1展示室 先史・古代」,https://www.rekihaku.ac.jp/exhibitions/room1/
日本史段階別デッキ｜Deck 1｜日本史の最重要骨格400語,JH-000073,73,Deck 1｜骨格・基礎,制度・政策・法律,冠位十二階,かんいじゅうにかい,,古代,近畿,飛鳥の朝廷,603年,603,JH-000073-I01,integrated,統合説明,integrated,「冠位十二階(かんいじゅうにかい)」について説明せよ。,603年、飛鳥の朝廷を主な舞台として、飛鳥の朝廷で、官人を十二の位階に分け、**才能と功績**に応じて登用しようとした制度。 **氏姓制度(しせいせいど)**による世襲的秩序を補い、天皇中心の官僚制へ向かう一歩となった。,才能と功績|官人|氏姓制度|官僚制,,,603年：「群れ見」（603）分ける冠位十二階,国立歴史民俗博物館「第1展示室 先史・古代」,https://www.rekihaku.ac.jp/exhibitions/room1/
日本史段階別デッキ｜Deck 1｜日本史の最重要骨格400語,JH-000074,74,Deck 1｜骨格・基礎,制度・政策・法律,十七条憲法,じゅうしちじょうけんぽう,,古代,近畿,飛鳥の朝廷,604年,604,JH-000074-B01,beginner,用語の特定,identify,「和を以て貴しとなす」で知られ、官人の心構えを示した文書は？,十七条憲法,十七条憲法,,,,国立歴史民俗博物館「第1展示室 先史・古代」,https://www.rekihaku.ac.jp/exhibitions/room1/
日本史段階別デッキ｜Deck 1｜日本史の最重要骨格400語,JH-000074,74,Deck 1｜骨格・基礎,制度・政策・法律,十七条憲法,じゅうしちじょうけんぽう,,古代,近畿,飛鳥の朝廷,604年,604,JH-000074-B02,beginner,時期,time,十七条憲法が成立・実施されたのはいつ？,604年,604年,,,604年：「群れよ」（604）守る十七条憲法,国立歴史民俗博物館「第1展示室 先史・古代」,https://www.rekihaku.ac.jp/exhibitions/room1/
日本史段階別デッキ｜Deck 1｜日本史の最重要骨格400語,JH-000074,74,Deck 1｜骨格・基礎,制度・政策・法律,十七条憲法,じゅうしちじょうけんぽう,,古代,近畿,飛鳥の朝廷,604年,604,JH-000074-B03,beginner,対象,actor,十七条憲法が主な対象とした人々は？,官人,官人,,,,国立歴史民俗博物館「第1展示室 先史・古代」,https://www.rekihaku.ac.jp/exhibitions/room1/
日本史段階別デッキ｜Deck 1｜日本史の最重要骨格400語,JH-000074,74,Deck 1｜骨格・基礎,制度・政策・法律,十七条憲法,じゅうしちじょうけんぽう,,古代,近畿,飛鳥の朝廷,604年,604,JH-000074-R01,reverse,時期,time,成立・実施されたのはいつ？,**604年**,604年,,,604年：「群れよ」（604）守る十七条憲法,国立歴史民俗博物館「第1展示室 先史・古代」,https://www.rekihaku.ac.jp/exhibitions/room1/
日本史段階別デッキ｜Deck 1｜日本史の最重要骨格400語,JH-000074,74,Deck 1｜骨格・基礎,制度・政策・法律,十七条憲法,じゅうしちじょうけんぽう,,古代,近畿,飛鳥の朝廷,604年,604,JH-000074-R02,reverse,複合説明,reverse,どんな制度・政策・法律？,飛鳥の朝廷で官人に対し、**和**を重んじ、仏法・君主への服従や公正な政務を求めた政治的訓戒。,和|官人|仏法|天皇中心|道徳規範,,,,国立歴史民俗博物館「第1展示室 先史・古代」,https://www.rekihaku.ac.jp/exhibitions/room1/
日本史段階別デッキ｜Deck 1｜日本史の最重要骨格400語,JH-000074,74,Deck 1｜骨格・基礎,制度・政策・法律,十七条憲法,じゅうしちじょうけんぽう,,古代,近畿,飛鳥の朝廷,604年,604,JH-000074-R03,reverse,結果・関連,reverse,何につながった・どんな意味があった？,近代憲法とは異なり、天皇中心の政治秩序を支える**官人**の道徳規範を示した。,和|官人|仏法|天皇中心|道徳規範,,,,国立歴史民俗博物館「第1展示室 先史・古代」,https://www.rekihaku.ac.jp/exhibitions/room1/
日本史段階別デッキ｜Deck 1｜日本史の最重要骨格400語,JH-000074,74,Deck 1｜骨格・基礎,制度・政策・法律,十七条憲法,じゅうしちじょうけんぽう,,古代,近畿,飛鳥の朝廷,604年,604,JH-000074-I01,integrated,統合説明,integrated,「十七条憲法」について説明せよ。,604年、飛鳥の朝廷を主な舞台として、飛鳥の朝廷で官人に対し、**和**を重んじ、仏法・君主への服従や公正な政務を求めた政治的訓戒。 近代憲法とは異なり、天皇中心の政治秩序を支える**官人**の道徳規範を示した。,和|官人|仏法|天皇中心|道徳規範,,,604年：「群れよ」（604）守る十七条憲法,国立歴史民俗博物館「第1展示室 先史・古代」,https://www.rekihaku.ac.jp/exhibitions/room1/
日本史段階別デッキ｜Deck 1｜日本史の最重要骨格400語,JH-000075,75,Deck 1｜骨格・基礎,条約・会議・外交,遣隋使,けんずいし,,古代,東アジア,日本と隋,7世紀初め,607,JH-000075-B01,beginner,用語の特定,identify,飛鳥時代に隋へ派遣され、大陸制度や文化を学んだ使節は？,遣隋使(けんずいし),遣隋使,,,,国立歴史民俗博物館「第1展示室 先史・古代」,https://www.rekihaku.ac.jp/exhibitions/room1/
日本史段階別デッキ｜Deck 1｜日本史の最重要骨格400語,JH-000075,75,Deck 1｜骨格・基礎,条約・会議・外交,遣隋使,けんずいし,,古代,東アジア,日本と隋,7世紀初め,607,JH-000075-B02,beginner,時期,time,遣隋使(けんずいし)が派遣されたのはいつ？,7世紀初め,7世紀初め,,,7世紀初め：「なな」（7）世紀と結ぶ遣隋使,国立歴史民俗博物館「第1展示室 先史・古代」,https://www.rekihaku.ac.jp/exhibitions/room1/
日本史段階別デッキ｜Deck 1｜日本史の最重要骨格400語,JH-000075,75,Deck 1｜骨格・基礎,条約・会議・外交,遣隋使,けんずいし,,古代,東アジア,日本と隋,7世紀初め,607,JH-000075-B03,beginner,関係勢力,actor,遣隋使(けんずいし)の派遣先となった中国王朝は？,隋,隋,,,,国立歴史民俗博物館「第1展示室 先史・古代」,https://www.rekihaku.ac.jp/exhibitions/room1/
日本史段階別デッキ｜Deck 1｜日本史の最重要骨格400語,JH-000075,75,Deck 1｜骨格・基礎,条約・会議・外交,遣隋使,けんずいし,,古代,東アジア,日本と隋,7世紀初め,607,JH-000075-R01,reverse,時期,time,派遣されたのはいつ？,**7世紀初め**,7世紀初め,,,7世紀初め：「なな」（7）世紀と結ぶ遣隋使,国立歴史民俗博物館「第1展示室 先史・古代」,https://www.rekihaku.ac.jp/exhibitions/room1/
日本史段階別デッキ｜Deck 1｜日本史の最重要骨格400語,JH-000075,75,Deck 1｜骨格・基礎,条約・会議・外交,遣隋使,けんずいし,,古代,東アジア,日本と隋,7世紀初め,607,JH-000075-R02,reverse,複合説明,reverse,何を決めた・どんな関係を作った？,飛鳥の朝廷が中国の**隋**へ派遣した使節で、国交を開き制度・仏教文化を学んだ。,隋|国書|仏教文化|中央集権化,,,,国立歴史民俗博物館「第1展示室 先史・古代」,https://www.rekihaku.ac.jp/exhibitions/room1/
日本史段階別デッキ｜Deck 1｜日本史の最重要骨格400語,JH-000075,75,Deck 1｜骨格・基礎,条約・会議・外交,遣隋使,けんずいし,,古代,東アジア,日本と隋,7世紀初め,607,JH-000075-R03,reverse,結果・関連,reverse,何につながった・どんな意味があった？,対等性を意識した**国書**を送り、東アジア外交と中央集権化を進める契機となった。,隋|国書|仏教文化|中央集権化,,,,国立歴史民俗博物館「第1展示室 先史・古代」,https://www.rekihaku.ac.jp/exhibitions/room1/
日本史段階別デッキ｜Deck 1｜日本史の最重要骨格400語,JH-000075,75,Deck 1｜骨格・基礎,条約・会議・外交,遣隋使,けんずいし,,古代,東アジア,日本と隋,7世紀初め,607,JH-000075-I01,integrated,統合説明,integrated,「遣隋使(けんずいし)」について説明せよ。,7世紀初め、日本と隋を主な舞台として、飛鳥の朝廷が中国の**隋**へ派遣した使節で、国交を開き制度・仏教文化を学んだ。 対等性を意識した**国書**を送り、東アジア外交と中央集権化を進める契機となった。,隋|国書|仏教文化|中央集権化,,,7世紀初め：「なな」（7）世紀と結ぶ遣隋使,国立歴史民俗博物館「第1展示室 先史・古代」,https://www.rekihaku.ac.jp/exhibitions/room1/
日本史段階別デッキ｜Deck 1｜日本史の最重要骨格400語,JH-000301,301,Deck 1｜骨格・基礎,文学・美術・建築,法隆寺,ほうりゅうじ,,古代,近畿,奈良県斑鳩町,飛鳥時代,607,JH-000301-B01,beginner,用語の特定,identify,奈良県斑鳩町にあり、飛鳥文化を代表する世界最古級の木造建築群を持つ寺院は？,法隆寺,法隆寺,,,,文化庁「文化遺産オンライン」,https://online.bunka.go.jp/
日本史段階別デッキ｜Deck 1｜日本史の最重要骨格400語,JH-000301,301,Deck 1｜骨格・基礎,文学・美術・建築,法隆寺,ほうりゅうじ,,古代,近畿,奈良県斑鳩町,飛鳥時代,607,JH-000301-B02,beginner,時期,time,法隆寺が建立されたのはいつ？,飛鳥時代,飛鳥時代,,,,文化庁「文化遺産オンライン」,https://online.bunka.go.jp/
日本史段階別デッキ｜Deck 1｜日本史の最重要骨格400語,JH-000301,301,Deck 1｜骨格・基礎,文学・美術・建築,法隆寺,ほうりゅうじ,,古代,近畿,奈良県斑鳩町,飛鳥時代,607,JH-000301-B03,beginner,文化,relation,法隆寺が代表する文化は？,飛鳥文化,飛鳥文化,,,,文化庁「文化遺産オンライン」,https://online.bunka.go.jp/
日本史段階別デッキ｜Deck 1｜日本史の最重要骨格400語,JH-000301,301,Deck 1｜骨格・基礎,文学・美術・建築,法隆寺,ほうりゅうじ,,古代,近畿,奈良県斑鳩町,飛鳥時代,607,JH-000301-R01,reverse,時期,time,建立されたのはいつ？,**飛鳥時代**,飛鳥時代,,,,文化庁「文化遺産オンライン」,https://online.bunka.go.jp/
日本史段階別デッキ｜Deck 1｜日本史の最重要骨格400語,JH-000301,301,Deck 1｜骨格・基礎,文学・美術・建築,法隆寺,ほうりゅうじ,,古代,近畿,奈良県斑鳩町,飛鳥時代,607,JH-000301-R02,reverse,複合説明,reverse,どのような作品・様式？,奈良県斑鳩町にある寺院で、西院伽藍は世界最古級の木造建築群として**飛鳥文化**を代表する。,飛鳥文化|木造建築|斑鳩|仏教|東アジア交流,,,,文化庁「文化遺産オンライン」,https://online.bunka.go.jp/
日本史段階別デッキ｜Deck 1｜日本史の最重要骨格400語,JH-000301,301,Deck 1｜骨格・基礎,文学・美術・建築,法隆寺,ほうりゅうじ,,古代,近畿,奈良県斑鳩町,飛鳥時代,607,JH-000301-R03,reverse,結果・関連,reverse,何につながった・どんな意味があった？,**仏教**受容と東アジア文化交流を示す文化財で、再建時期を含む研究も続いている。,飛鳥文化|木造建築|斑鳩|仏教|東アジア交流,,,,文化庁「文化遺産オンライン」,https://online.bunka.go.jp/
日本史段階別デッキ｜Deck 1｜日本史の最重要骨格400語,JH-000301,301,Deck 1｜骨格・基礎,文学・美術・建築,法隆寺,ほうりゅうじ,,古代,近畿,奈良県斑鳩町,飛鳥時代,607,JH-000301-I01,integrated,統合説明,integrated,「法隆寺」について説明せよ。,飛鳥時代、奈良県斑鳩町を主な舞台として、奈良県斑鳩町にある寺院で、西院伽藍は世界最古級の木造建築群として**飛鳥文化**を代表する。 **仏教**受容と東アジア文化交流を示す文化財で、再建時期を含む研究も続いている。,飛鳥文化|木造建築|斑鳩|仏教|東アジア交流,,,,文化庁「文化遺産オンライン」,https://online.bunka.go.jp/
日本史段階別デッキ｜Deck 1｜日本史の最重要骨格400語,JH-000216,216,Deck 1｜骨格・基礎,条約・会議・外交,遣唐使,けんとうし,,古代,東アジア,日本と唐,7世紀〜9世紀,630,JH-000216-B01,beginner,用語の特定,identify,律令国家が唐へ派遣し、制度・仏教・学問・文化を学んだ使節は？,遣唐使(けんとうし),遣唐使,,,,国立歴史民俗博物館「第1展示室 先史・古代」,https://www.rekihaku.ac.jp/exhibitions/room1/
日本史段階別デッキ｜Deck 1｜日本史の最重要骨格400語,JH-000216,216,Deck 1｜骨格・基礎,条約・会議・外交,遣唐使,けんとうし,,古代,東アジア,日本と唐,7世紀〜9世紀,630,JH-000216-B02,beginner,時期,time,遣唐使(けんとうし)が派遣されたのはいつ？,7世紀〜9世紀,7世紀〜9世紀,,,7世紀〜9世紀：「なな」（7）世紀から「く」（9）世紀までの遣唐使,国立歴史民俗博物館「第1展示室 先史・古代」,https://www.rekihaku.ac.jp/exhibitions/room1/
日本史段階別デッキ｜Deck 1｜日本史の最重要骨格400語,JH-000216,216,Deck 1｜骨格・基礎,条約・会議・外交,遣唐使,けんとうし,,古代,東アジア,日本と唐,7世紀〜9世紀,630,JH-000216-B03,beginner,関係勢力,actor,遣唐使(けんとうし)の派遣先となった中国王朝は？,唐,唐,,,,国立歴史民俗博物館「第1展示室 先史・古代」,https://www.rekihaku.ac.jp/exhibitions/room1/
日本史段階別デッキ｜Deck 1｜日本史の最重要骨格400語,JH-000216,216,Deck 1｜骨格・基礎,条約・会議・外交,遣唐使,けんとうし,,古代,東アジア,日本と唐,7世紀〜9世紀,630,JH-000216-R01,reverse,時期,time,派遣されたのはいつ？,**7世紀〜9世紀**,7世紀〜9世紀,,,7世紀〜9世紀：「なな」（7）世紀から「く」（9）世紀までの遣唐使,国立歴史民俗博物館「第1展示室 先史・古代」,https://www.rekihaku.ac.jp/exhibitions/room1/
日本史段階別デッキ｜Deck 1｜日本史の最重要骨格400語,JH-000216,216,Deck 1｜骨格・基礎,条約・会議・外交,遣唐使,けんとうし,,古代,東アジア,日本と唐,7世紀〜9世紀,630,JH-000216-R02,reverse,複合説明,reverse,何を決めた・どんな関係を作った？,日本の朝廷が中国の**唐**へ派遣した使節で、留学生・留学僧らが制度・仏教・学問・技術を学んだ。,唐|留学生|留学僧|律令国家|天平文化,,,,国立歴史民俗博物館「第1展示室 先史・古代」,https://www.rekihaku.ac.jp/exhibitions/room1/
日本史段階別デッキ｜Deck 1｜日本史の最重要骨格400語,JH-000216,216,Deck 1｜骨格・基礎,条約・会議・外交,遣唐使,けんとうし,,古代,東アジア,日本と唐,7世紀〜9世紀,630,JH-000216-R03,reverse,結果・関連,reverse,何につながった・どんな意味があった？,律令国家と天平文化(てんぴょうぶんか)の形成に大きく貢献したが、航海の危険や**唐**の衰退を背景に停止された。,唐|留学生|留学僧|律令国家|天平文化,,,,国立歴史民俗博物館「第1展示室 先史・古代」,https://www.rekihaku.ac.jp/exhibitions/room1/
日本史段階別デッキ｜Deck 1｜日本史の最重要骨格400語,JH-000216,216,Deck 1｜骨格・基礎,条約・会議・外交,遣唐使,けんとうし,,古代,東アジア,日本と唐,7世紀〜9世紀,630,JH-000216-I01,integrated,統合説明,integrated,「遣唐使(けんとうし)」について説明せよ。,7世紀〜9世紀、日本と唐を主な舞台として、日本の朝廷が中国の**唐**へ派遣した使節で、留学生・留学僧らが制度・仏教・学問・技術を学んだ。 律令国家と天平文化(てんぴょうぶんか)の形成に大きく貢献したが、航海の危険や**唐**の衰退を背景に停止された。,唐|留学生|留学僧|律令国家|天平文化,,,7世紀〜9世紀：「なな」（7）世紀から「く」（9）世紀までの遣唐使,国立歴史民俗博物館「第1展示室 先史・古代」,https://www.rekihaku.ac.jp/exhibitions/room1/
日本史段階別デッキ｜Deck 1｜日本史の最重要骨格400語,JH-000013,13,Deck 1｜骨格・基礎,事件・政変,大化の改新,たいかのかいしん,,古代,近畿,飛鳥の朝廷から全国,645年以後,645,JH-000013-B01,beginner,用語の特定,identify,乙巳の変(いっしのへん)後に始まり、公地公民を掲げて中央集権化を進めた政治改革は？,大化の改新,大化の改新,,,,東京大学史料編纂所,https://www.hi.u-tokyo.ac.jp/
日本史段階別デッキ｜Deck 1｜日本史の最重要骨格400語,JH-000013,13,Deck 1｜骨格・基礎,事件・政変,大化の改新,たいかのかいしん,,古代,近畿,飛鳥の朝廷から全国,645年以後,645,JH-000013-B02,beginner,時期,time,大化の改新が起きたのはいつ？,645年以後,645年以後,,,645年以後：「無事故」（645）年から続く大化の改新,東京大学史料編纂所,https://www.hi.u-tokyo.ac.jp/
日本史段階別デッキ｜Deck 1｜日本史の最重要骨格400語,JH-000013,13,Deck 1｜骨格・基礎,事件・政変,大化の改新,たいかのかいしん,,古代,近畿,飛鳥の朝廷から全国,645年以後,645,JH-000013-B03,beginner,内容,content,大化の改新が目指した政治の方向は？,中央集権化,中央集権化,,,,東京大学史料編纂所,https://www.hi.u-tokyo.ac.jp/
日本史段階別デッキ｜Deck 1｜日本史の最重要骨格400語,JH-000013,13,Deck 1｜骨格・基礎,事件・政変,大化の改新,たいかのかいしん,,古代,近畿,飛鳥の朝廷から全国,645年以後,645,JH-000013-R01,reverse,時期,time,起きたのはいつ？,**645年以後**,645年以後,,,645年以後：「無事故」（645）年から続く大化の改新,東京大学史料編纂所,https://www.hi.u-tokyo.ac.jp/
日本史段階別デッキ｜Deck 1｜日本史の最重要骨格400語,JH-000013,13,Deck 1｜骨格・基礎,事件・政変,大化の改新,たいかのかいしん,,古代,近畿,飛鳥の朝廷から全国,645年以後,645,JH-000013-R02,reverse,複合説明,reverse,何が起きた？,乙巳の変(いっしのへん)後、飛鳥の朝廷で始まった一連の改革で、**公地公民**や地方行政・租税制度の整備を掲げた。,乙巳の変|公地公民|地方行政|租税制度|中央集権化,,,,東京大学史料編纂所,https://www.hi.u-tokyo.ac.jp/
日本史段階別デッキ｜Deck 1｜日本史の最重要骨格400語,JH-000013,13,Deck 1｜骨格・基礎,事件・政変,大化の改新,たいかのかいしん,,古代,近畿,飛鳥の朝廷から全国,645年以後,645,JH-000013-R03,reverse,結果・関連,reverse,何につながった・どんな意味があった？,豪族の私的支配を改め、律令国家へ向かう**中央集権化**の重要な画期となった。,乙巳の変|公地公民|地方行政|租税制度|中央集権化,,,,東京大学史料編纂所,https://www.hi.u-tokyo.ac.jp/
日本史段階別デッキ｜Deck 1｜日本史の最重要骨格400語,JH-000013,13,Deck 1｜骨格・基礎,事件・政変,大化の改新,たいかのかいしん,,古代,近畿,飛鳥の朝廷から全国,645年以後,645,JH-000013-I01,integrated,統合説明,integrated,「大化の改新」について説明せよ。,645年以後、飛鳥の朝廷から全国を主な舞台として、乙巳の変(いっしのへん)後、飛鳥の朝廷で始まった一連の改革で、**公地公民**や地方行政・租税制度の整備を掲げた。 豪族の私的支配を改め、律令国家へ向かう**中央集権化**の重要な画期となった。,乙巳の変|公地公民|地方行政|租税制度|中央集権化,,,645年以後：「無事故」（645）年から続く大化の改新,東京大学史料編纂所,https://www.hi.u-tokyo.ac.jp/
日本史段階別デッキ｜Deck 1｜日本史の最重要骨格400語,JH-000076,76,Deck 1｜骨格・基礎,事件・政変,乙巳の変,いっしのへん,,古代,近畿,飛鳥板蓋宮の朝廷,645年,645,JH-000076-B01,beginner,用語の特定,identify,中大兄皇子(なかのおおえのおうじ)と中臣鎌足(なかとみのかまたり)が蘇我入鹿を倒した政変は？,乙巳の変(いっしのへん),乙巳の変,,,,東京大学史料編纂所,https://www.hi.u-tokyo.ac.jp/
日本史段階別デッキ｜Deck 1｜日本史の最重要骨格400語,JH-000076,76,Deck 1｜骨格・基礎,事件・政変,乙巳の変,いっしのへん,,古代,近畿,飛鳥板蓋宮の朝廷,645年,645,JH-000076-B02,beginner,時期,time,乙巳の変(いっしのへん)が起きたのはいつ？,645年,645年,,,645年：「蒸しご」（645）飯で乙巳の変,東京大学史料編纂所,https://www.hi.u-tokyo.ac.jp/
日本史段階別デッキ｜Deck 1｜日本史の最重要骨格400語,JH-000076,76,Deck 1｜骨格・基礎,事件・政変,乙巳の変,いっしのへん,,古代,近畿,飛鳥板蓋宮の朝廷,645年,645,JH-000076-B03,beginner,人物,person,乙巳の変(いっしのへん)で倒された蘇我氏(そがし)の人物は？,蘇我入鹿,蘇我入鹿,,,,東京大学史料編纂所,https://www.hi.u-tokyo.ac.jp/
日本史段階別デッキ｜Deck 1｜日本史の最重要骨格400語,JH-000076,76,Deck 1｜骨格・基礎,事件・政変,乙巳の変,いっしのへん,,古代,近畿,飛鳥板蓋宮の朝廷,645年,645,JH-000076-R01,reverse,時期,time,起きたのはいつ？,**645年**,645年,,,645年：「蒸しご」（645）飯で乙巳の変,東京大学史料編纂所,https://www.hi.u-tokyo.ac.jp/
日本史段階別デッキ｜Deck 1｜日本史の最重要骨格400語,JH-000076,76,Deck 1｜骨格・基礎,事件・政変,乙巳の変,いっしのへん,,古代,近畿,飛鳥板蓋宮の朝廷,645年,645,JH-000076-R02,reverse,複合説明,reverse,何が起きた？,飛鳥の朝廷で**中大兄皇子(なかのおおえのおうじ)**と**中臣鎌足(なかとみのかまたり)**が蘇我入鹿を暗殺し、蘇我氏(そがし)本宗家を倒した政変。,中大兄皇子|中臣鎌足|蘇我入鹿|大化の改新,,,,東京大学史料編纂所,https://www.hi.u-tokyo.ac.jp/
日本史段階別デッキ｜Deck 1｜日本史の最重要骨格400語,JH-000076,76,Deck 1｜骨格・基礎,事件・政変,乙巳の変,いっしのへん,,古代,近畿,飛鳥板蓋宮の朝廷,645年,645,JH-000076-R03,reverse,結果・関連,reverse,何につながった・どんな意味があった？,その後の新政権による政治改革、すなわち**大化の改新**の出発点となった。,中大兄皇子|中臣鎌足|蘇我入鹿|大化の改新,,,,東京大学史料編纂所,https://www.hi.u-tokyo.ac.jp/
日本史段階別デッキ｜Deck 1｜日本史の最重要骨格400語,JH-000076,76,Deck 1｜骨格・基礎,事件・政変,乙巳の変,いっしのへん,,古代,近畿,飛鳥板蓋宮の朝廷,645年,645,JH-000076-I01,integrated,統合説明,integrated,「乙巳の変(いっしのへん)」について説明せよ。,645年、飛鳥板蓋宮の朝廷を主な舞台として、飛鳥の朝廷で**中大兄皇子(なかのおおえのおうじ)**と**中臣鎌足(なかとみのかまたり)**が蘇我入鹿を暗殺し、蘇我氏(そがし)本宗家を倒した政変。 その後の新政権による政治改革、すなわち**大化の改新**の出発点となった。,中大兄皇子|中臣鎌足|蘇我入鹿|大化の改新,,,645年：「蒸しご」（645）飯で乙巳の変,東京大学史料編纂所,https://www.hi.u-tokyo.ac.jp/
日本史段階別デッキ｜Deck 1｜日本史の最重要骨格400語,JH-000222,222,Deck 1｜骨格・基礎,人物,中大兄皇子,なかのおおえのおうじ,,古代,近畿,飛鳥・近江の朝廷,7世紀中頃,645,JH-000222-B01,beginner,用語の特定,identify,中臣鎌足(なかとみのかまたり)と乙巳の変(いっしのへん)を起こし、大化の改新を進め、のち天智天皇となった皇子は？,中大兄皇子(なかのおおえのおうじ),中大兄皇子,,,,国立歴史民俗博物館「第1展示室 先史・古代」,https://www.rekihaku.ac.jp/exhibitions/room1/
日本史段階別デッキ｜Deck 1｜日本史の最重要骨格400語,JH-000222,222,Deck 1｜骨格・基礎,人物,中大兄皇子,なかのおおえのおうじ,,古代,近畿,飛鳥・近江の朝廷,7世紀中頃,645,JH-000222-B02,beginner,時期,time,中大兄皇子(なかのおおえのおうじ)が主に活動したのはいつ？,7世紀中頃,7世紀中頃,,,7世紀中頃：「なな」（7）世紀と結ぶ中大兄皇子,国立歴史民俗博物館「第1展示室 先史・古代」,https://www.rekihaku.ac.jp/exhibitions/room1/
日本史段階別デッキ｜Deck 1｜日本史の最重要骨格400語,JH-000222,222,Deck 1｜骨格・基礎,人物,中大兄皇子,なかのおおえのおうじ,,古代,近畿,飛鳥・近江の朝廷,7世紀中頃,645,JH-000222-B03,beginner,人物,relation,中大兄皇子(なかのおおえのおうじ)が即位後に名乗った天皇名は？,天智天皇,天智天皇,,,,国立歴史民俗博物館「第1展示室 先史・古代」,https://www.rekihaku.ac.jp/exhibitions/room1/
日本史段階別デッキ｜Deck 1｜日本史の最重要骨格400語,JH-000222,222,Deck 1｜骨格・基礎,人物,中大兄皇子,なかのおおえのおうじ,,古代,近畿,飛鳥・近江の朝廷,7世紀中頃,645,JH-000222-R01,reverse,時期,time,主に活動したのはいつ？,**7世紀中頃**,7世紀中頃,,,7世紀中頃：「なな」（7）世紀と結ぶ中大兄皇子,国立歴史民俗博物館「第1展示室 先史・古代」,https://www.rekihaku.ac.jp/exhibitions/room1/
日本史段階別デッキ｜Deck 1｜日本史の最重要骨格400語,JH-000222,222,Deck 1｜骨格・基礎,人物,中大兄皇子,なかのおおえのおうじ,,古代,近畿,飛鳥・近江の朝廷,7世紀中頃,645,JH-000222-R02,reverse,複合説明,reverse,何をした？,飛鳥の朝廷で中臣鎌足(なかとみのかまたり)と**乙巳の変(いっしのへん)**を起こし、大化の改新や白村江敗戦後の国防整備を進めた。,乙巳の変|大化の改新|天智天皇|国防整備,,,,国立歴史民俗博物館「第1展示室 先史・古代」,https://www.rekihaku.ac.jp/exhibitions/room1/
日本史段階別デッキ｜Deck 1｜日本史の最重要骨格400語,JH-000222,222,Deck 1｜骨格・基礎,人物,中大兄皇子,なかのおおえのおうじ,,古代,近畿,飛鳥・近江の朝廷,7世紀中頃,645,JH-000222-R03,reverse,結果・関連,reverse,何につながった・どんな意味があった？,のちに**天智天皇**として近江大津宮で即位し、律令国家形成を主導した。,乙巳の変|大化の改新|天智天皇|国防整備,,,,国立歴史民俗博物館「第1展示室 先史・古代」,https://www.rekihaku.ac.jp/exhibitions/room1/
日本史段階別デッキ｜Deck 1｜日本史の最重要骨格400語,JH-000222,222,Deck 1｜骨格・基礎,人物,中大兄皇子,なかのおおえのおうじ,,古代,近畿,飛鳥・近江の朝廷,7世紀中頃,645,JH-000222-I01,integrated,統合説明,integrated,「中大兄皇子(なかのおおえのおうじ)」について説明せよ。,7世紀中頃、飛鳥・近江の朝廷を主な舞台として、飛鳥の朝廷で中臣鎌足(なかとみのかまたり)と**乙巳の変(いっしのへん)**を起こし、大化の改新や白村江敗戦後の国防整備を進めた。 のちに**天智天皇**として近江大津宮で即位し、律令国家形成を主導した。,乙巳の変|大化の改新|天智天皇|国防整備,,,7世紀中頃：「なな」（7）世紀と結ぶ中大兄皇子,国立歴史民俗博物館「第1展示室 先史・古代」,https://www.rekihaku.ac.jp/exhibitions/room1/
日本史段階別デッキ｜Deck 1｜日本史の最重要骨格400語,JH-000223,223,Deck 1｜骨格・基礎,人物,中臣鎌足,なかとみのかまたり,,古代,近畿,飛鳥の朝廷,7世紀中頃,645,JH-000223-B01,beginner,用語の特定,identify,中大兄皇子(なかのおおえのおうじ)と乙巳の変(いっしのへん)を起こし、藤原氏の祖となった人物は？,中臣鎌足(なかとみのかまたり),中臣鎌足,,,,国立歴史民俗博物館「第1展示室 先史・古代」,https://www.rekihaku.ac.jp/exhibitions/room1/
日本史段階別デッキ｜Deck 1｜日本史の最重要骨格400語,JH-000223,223,Deck 1｜骨格・基礎,人物,中臣鎌足,なかとみのかまたり,,古代,近畿,飛鳥の朝廷,7世紀中頃,645,JH-000223-B02,beginner,時期,time,中臣鎌足(なかとみのかまたり)が主に活動したのはいつ？,7世紀中頃,7世紀中頃,,,7世紀中頃：「なな」（7）世紀と結ぶ中臣鎌足,国立歴史民俗博物館「第1展示室 先史・古代」,https://www.rekihaku.ac.jp/exhibitions/room1/
日本史段階別デッキ｜Deck 1｜日本史の最重要骨格400語,JH-000223,223,Deck 1｜骨格・基礎,人物,中臣鎌足,なかとみのかまたり,,古代,近畿,飛鳥の朝廷,7世紀中頃,645,JH-000223-B03,beginner,関連,relation,中臣鎌足(なかとみのかまたり)が死の直前に与えられた姓は？,藤原,藤原,,,,国立歴史民俗博物館「第1展示室 先史・古代」,https://www.rekihaku.ac.jp/exhibitions/room1/
日本史段階別デッキ｜Deck 1｜日本史の最重要骨格400語,JH-000223,223,Deck 1｜骨格・基礎,人物,中臣鎌足,なかとみのかまたり,,古代,近畿,飛鳥の朝廷,7世紀中頃,645,JH-000223-R01,reverse,時期,time,主に活動したのはいつ？,**7世紀中頃**,7世紀中頃,,,7世紀中頃：「なな」（7）世紀と結ぶ中臣鎌足,国立歴史民俗博物館「第1展示室 先史・古代」,https://www.rekihaku.ac.jp/exhibitions/room1/
日本史段階別デッキ｜Deck 1｜日本史の最重要骨格400語,JH-000223,223,Deck 1｜骨格・基礎,人物,中臣鎌足,なかとみのかまたり,,古代,近畿,飛鳥の朝廷,7世紀中頃,645,JH-000223-R02,reverse,複合説明,reverse,何をした？,飛鳥の朝廷で中大兄皇子(なかのおおえのおうじ)と**乙巳の変(いっしのへん)**を起こし、大化の改新を支えた官人。,乙巳の変|大化の改新|藤原氏|中大兄皇子,,,,国立歴史民俗博物館「第1展示室 先史・古代」,https://www.rekihaku.ac.jp/exhibitions/room1/
日本史段階別デッキ｜Deck 1｜日本史の最重要骨格400語,JH-000223,223,Deck 1｜骨格・基礎,人物,中臣鎌足,なかとみのかまたり,,古代,近畿,飛鳥の朝廷,7世紀中頃,645,JH-000223-R03,reverse,結果・関連,reverse,何につながった・どんな意味があった？,死の直前に**藤原**姓を与えられ、後世の藤原氏の祖となった。,乙巳の変|大化の改新|藤原氏|中大兄皇子,,,,国立歴史民俗博物館「第1展示室 先史・古代」,https://www.rekihaku.ac.jp/exhibitions/room1/
日本史段階別デッキ｜Deck 1｜日本史の最重要骨格400語,JH-000223,223,Deck 1｜骨格・基礎,人物,中臣鎌足,なかとみのかまたり,,古代,近畿,飛鳥の朝廷,7世紀中頃,645,JH-000223-I01,integrated,統合説明,integrated,「中臣鎌足(なかとみのかまたり)」について説明せよ。,7世紀中頃、飛鳥の朝廷を主な舞台として、飛鳥の朝廷で中大兄皇子(なかのおおえのおうじ)と**乙巳の変(いっしのへん)**を起こし、大化の改新を支えた官人。 死の直前に**藤原**姓を与えられ、後世の藤原氏の祖となった。,乙巳の変|大化の改新|藤原氏|中大兄皇子,,,7世紀中頃：「なな」（7）世紀と結ぶ中臣鎌足,国立歴史民俗博物館「第1展示室 先史・古代」,https://www.rekihaku.ac.jp/exhibitions/room1/
日本史段階別デッキ｜Deck 1｜日本史の最重要骨格400語,JH-000217,217,Deck 1｜骨格・基礎,土地制度・租税,公地公民,こうちこうみん,,古代,日本全国,朝廷の支配する全国,大化の改新以後,646,JH-000217-B01,beginner,用語の特定,identify,土地と人民を朝廷の公的支配下に置くとした律令国家の原則は？,公地公民,公地公民,,,,国立歴史民俗博物館「第1展示室 先史・古代」,https://www.rekihaku.ac.jp/exhibitions/room1/
日本史段階別デッキ｜Deck 1｜日本史の最重要骨格400語,JH-000217,217,Deck 1｜骨格・基礎,土地制度・租税,公地公民,こうちこうみん,,古代,日本全国,朝廷の支配する全国,大化の改新以後,646,JH-000217-B02,beginner,時期,time,公地公民が成立・実施されたのはいつ？,大化の改新以後,大化の改新以後,,,,国立歴史民俗博物館「第1展示室 先史・古代」,https://www.rekihaku.ac.jp/exhibitions/room1/
日本史段階別デッキ｜Deck 1｜日本史の最重要骨格400語,JH-000217,217,Deck 1｜骨格・基礎,土地制度・租税,公地公民,こうちこうみん,,古代,日本全国,朝廷の支配する全国,大化の改新以後,646,JH-000217-B03,beginner,主体,actor,公地公民で土地と人民を支配する主体は？,朝廷,朝廷,,,,国立歴史民俗博物館「第1展示室 先史・古代」,https://www.rekihaku.ac.jp/exhibitions/room1/
日本史段階別デッキ｜Deck 1｜日本史の最重要骨格400語,JH-000217,217,Deck 1｜骨格・基礎,土地制度・租税,公地公民,こうちこうみん,,古代,日本全国,朝廷の支配する全国,大化の改新以後,646,JH-000217-R01,reverse,時期,time,成立・実施されたのはいつ？,**大化の改新以後**,大化の改新以後,,,,国立歴史民俗博物館「第1展示室 先史・古代」,https://www.rekihaku.ac.jp/exhibitions/room1/
日本史段階別デッキ｜Deck 1｜日本史の最重要骨格400語,JH-000217,217,Deck 1｜骨格・基礎,土地制度・租税,公地公民,こうちこうみん,,古代,日本全国,朝廷の支配する全国,大化の改新以後,646,JH-000217-R02,reverse,複合説明,reverse,どんな制度？,全国の土地と人民を**朝廷**の公的支配下に置くという、律令国家の基本原則。,朝廷|班田収授法|租庸調|豪族|律令国家,,,,国立歴史民俗博物館「第1展示室 先史・古代」,https://www.rekihaku.ac.jp/exhibitions/room1/
日本史段階別デッキ｜Deck 1｜日本史の最重要骨格400語,JH-000217,217,Deck 1｜骨格・基礎,土地制度・租税,公地公民,こうちこうみん,,古代,日本全国,朝廷の支配する全国,大化の改新以後,646,JH-000217-R03,reverse,結果・関連,reverse,何につながった・どんな意味があった？,豪族による私的支配を否定し、班田収授・**租庸調**など全国的な土地・租税制度の前提となった。,朝廷|班田収授法|租庸調|豪族|律令国家,,,,国立歴史民俗博物館「第1展示室 先史・古代」,https://www.rekihaku.ac.jp/exhibitions/room1/
日本史段階別デッキ｜Deck 1｜日本史の最重要骨格400語,JH-000217,217,Deck 1｜骨格・基礎,土地制度・租税,公地公民,こうちこうみん,,古代,日本全国,朝廷の支配する全国,大化の改新以後,646,JH-000217-I01,integrated,統合説明,integrated,「公地公民」について説明せよ。,大化の改新以後、朝廷の支配する全国を主な舞台として、全国の土地と人民を**朝廷**の公的支配下に置くという、律令国家の基本原則。 豪族による私的支配を否定し、班田収授・**租庸調**など全国的な土地・租税制度の前提となった。,朝廷|班田収授法|租庸調|豪族|律令国家,,,,国立歴史民俗博物館「第1展示室 先史・古代」,https://www.rekihaku.ac.jp/exhibitions/room1/
日本史段階別デッキ｜Deck 1｜日本史の最重要骨格400語,JH-000077,77,Deck 1｜骨格・基礎,戦争・争乱,白村江の戦い,はくそんこうのたたかい,,古代,東アジア,朝鮮半島西岸の白村江,663年,663,JH-000077-B01,beginner,用語の特定,identify,百済復興を支援した倭国軍が唐・新羅連合軍に敗れた戦いは？,白村江の戦い(はくそんこうのたたかい),白村江の戦い,,,,国立歴史民俗博物館「第1展示室 先史・古代」,https://www.rekihaku.ac.jp/exhibitions/room1/
日本史段階別デッキ｜Deck 1｜日本史の最重要骨格400語,JH-000077,77,Deck 1｜骨格・基礎,戦争・争乱,白村江の戦い,はくそんこうのたたかい,,古代,東アジア,朝鮮半島西岸の白村江,663年,663,JH-000077-B02,beginner,時期,time,白村江の戦い(はくそんこうのたたかい)が戦われたのはいつ？,663年,663年,,,663年：「無論、冴」（663）えない、白村江の戦い,国立歴史民俗博物館「第1展示室 先史・古代」,https://www.rekihaku.ac.jp/exhibitions/room1/
日本史段階別デッキ｜Deck 1｜日本史の最重要骨格400語,JH-000077,77,Deck 1｜骨格・基礎,戦争・争乱,白村江の戦い,はくそんこうのたたかい,,古代,東アジア,朝鮮半島西岸の白村江,663年,663,JH-000077-B03,beginner,関係勢力,actor,白村江の戦い(はくそんこうのたたかい)で倭国軍を破った連合軍は？,唐・新羅連合軍,唐・新羅連合軍,,,,国立歴史民俗博物館「第1展示室 先史・古代」,https://www.rekihaku.ac.jp/exhibitions/room1/
日本史段階別デッキ｜Deck 1｜日本史の最重要骨格400語,JH-000077,77,Deck 1｜骨格・基礎,戦争・争乱,白村江の戦い,はくそんこうのたたかい,,古代,東アジア,朝鮮半島西岸の白村江,663年,663,JH-000077-R01,reverse,時期,time,戦われたのはいつ？,**663年**,663年,,,663年：「無論、冴」（663）えない、白村江の戦い,国立歴史民俗博物館「第1展示室 先史・古代」,https://www.rekihaku.ac.jp/exhibitions/room1/
日本史段階別デッキ｜Deck 1｜日本史の最重要骨格400語,JH-000077,77,Deck 1｜骨格・基礎,戦争・争乱,白村江の戦い,はくそんこうのたたかい,,古代,東アジア,朝鮮半島西岸の白村江,663年,663,JH-000077-R02,reverse,複合説明,reverse,何が起きた？,朝鮮半島の白村江で、百済復興を支援した倭国軍が**唐・新羅連合軍**に大敗した戦い。,百済復興|唐・新羅連合軍|水城|山城|中央集権化,,,,国立歴史民俗博物館「第1展示室 先史・古代」,https://www.rekihaku.ac.jp/exhibitions/room1/
日本史段階別デッキ｜Deck 1｜日本史の最重要骨格400語,JH-000077,77,Deck 1｜骨格・基礎,戦争・争乱,白村江の戦い,はくそんこうのたたかい,,古代,東アジア,朝鮮半島西岸の白村江,663年,663,JH-000077-R03,reverse,結果・関連,reverse,何につながった・どんな意味があった？,朝廷は唐・新羅の侵攻に備えて**水城**・山城を築き、防衛と中央集権化を急いだ。,百済復興|唐・新羅連合軍|水城|山城|中央集権化,,,,国立歴史民俗博物館「第1展示室 先史・古代」,https://www.rekihaku.ac.jp/exhibitions/room1/
日本史段階別デッキ｜Deck 1｜日本史の最重要骨格400語,JH-000077,77,Deck 1｜骨格・基礎,戦争・争乱,白村江の戦い,はくそんこうのたたかい,,古代,東アジア,朝鮮半島西岸の白村江,663年,663,JH-000077-I01,integrated,統合説明,integrated,「白村江の戦い(はくそんこうのたたかい)」について説明せよ。,663年、朝鮮半島西岸の白村江を主な舞台として、朝鮮半島の白村江で、百済復興を支援した倭国軍が**唐・新羅連合軍**に大敗した戦い。 朝廷は唐・新羅の侵攻に備えて**水城**・山城を築き、防衛と中央集権化を急いだ。,百済復興|唐・新羅連合軍|水城|山城|中央集権化,,,663年：「無論、冴」（663）えない、白村江の戦い,国立歴史民俗博物館「第1展示室 先史・古代」,https://www.rekihaku.ac.jp/exhibitions/room1/
日本史段階別デッキ｜Deck 1｜日本史の最重要骨格400語,JH-000078,78,Deck 1｜骨格・基礎,戦争・争乱,壬申の乱,じんしんのらん,,古代,近畿,近江・大和を中心とする地域,672年,672,JH-000078-B01,beginner,用語の特定,identify,天智天皇の死後、大海人皇子が大友皇子を破って政権を握った内乱は？,壬申の乱(じんしんのらん),壬申の乱,,,,国立歴史民俗博物館「第1展示室 先史・古代」,https://www.rekihaku.ac.jp/exhibitions/room1/
日本史段階別デッキ｜Deck 1｜日本史の最重要骨格400語,JH-000078,78,Deck 1｜骨格・基礎,戦争・争乱,壬申の乱,じんしんのらん,,古代,近畿,近江・大和を中心とする地域,672年,672,JH-000078-B02,beginner,時期,time,壬申の乱(じんしんのらん)が戦われたのはいつ？,672年,672年,,,672年：「無理な二」（672）人が、壬申の乱,国立歴史民俗博物館「第1展示室 先史・古代」,https://www.rekihaku.ac.jp/exhibitions/room1/
日本史段階別デッキ｜Deck 1｜日本史の最重要骨格400語,JH-000078,78,Deck 1｜骨格・基礎,戦争・争乱,壬申の乱,じんしんのらん,,古代,近畿,近江・大和を中心とする地域,672年,672,JH-000078-B03,beginner,中心人物,person,壬申の乱(じんしんのらん)に勝利して天武天皇となった人物は？,大海人皇子,大海人皇子,,,,国立歴史民俗博物館「第1展示室 先史・古代」,https://www.rekihaku.ac.jp/exhibitions/room1/
日本史段階別デッキ｜Deck 1｜日本史の最重要骨格400語,JH-000078,78,Deck 1｜骨格・基礎,戦争・争乱,壬申の乱,じんしんのらん,,古代,近畿,近江・大和を中心とする地域,672年,672,JH-000078-R01,reverse,時期,time,戦われたのはいつ？,**672年**,672年,,,672年：「無理な二」（672）人が、壬申の乱,国立歴史民俗博物館「第1展示室 先史・古代」,https://www.rekihaku.ac.jp/exhibitions/room1/
日本史段階別デッキ｜Deck 1｜日本史の最重要骨格400語,JH-000078,78,Deck 1｜骨格・基礎,戦争・争乱,壬申の乱,じんしんのらん,,古代,近畿,近江・大和を中心とする地域,672年,672,JH-000078-R02,reverse,複合説明,reverse,何が起きた？,天智天皇の死後、近江・大和を中心に**大海人皇子**と大友皇子が争い、大海人皇子が勝利した内乱。,大海人皇子|大友皇子|天武天皇|中央集権,,,,国立歴史民俗博物館「第1展示室 先史・古代」,https://www.rekihaku.ac.jp/exhibitions/room1/
日本史段階別デッキ｜Deck 1｜日本史の最重要骨格400語,JH-000078,78,Deck 1｜骨格・基礎,戦争・争乱,壬申の乱,じんしんのらん,,古代,近畿,近江・大和を中心とする地域,672年,672,JH-000078-R03,reverse,結果・関連,reverse,何につながった・どんな意味があった？,勝者は**天武天皇**となり、皇族中心の強い中央集権国家づくりを進めた。,大海人皇子|大友皇子|天武天皇|中央集権,,,,国立歴史民俗博物館「第1展示室 先史・古代」,https://www.rekihaku.ac.jp/exhibitions/room1/
日本史段階別デッキ｜Deck 1｜日本史の最重要骨格400語,JH-000078,78,Deck 1｜骨格・基礎,戦争・争乱,壬申の乱,じんしんのらん,,古代,近畿,近江・大和を中心とする地域,672年,672,JH-000078-I01,integrated,統合説明,integrated,「壬申の乱(じんしんのらん)」について説明せよ。,672年、近江・大和を中心とする地域を主な舞台として、天智天皇の死後、近江・大和を中心に**大海人皇子**と大友皇子が争い、大海人皇子が勝利した内乱。 勝者は**天武天皇**となり、皇族中心の強い中央集権国家づくりを進めた。,大海人皇子|大友皇子|天武天皇|中央集権,,,672年：「無理な二」（672）人が、壬申の乱,国立歴史民俗博物館「第1展示室 先史・古代」,https://www.rekihaku.ac.jp/exhibitions/room1/
日本史段階別デッキ｜Deck 1｜日本史の最重要骨格400語,JH-000224,224,Deck 1｜骨格・基礎,人物,天武天皇,てんむてんのう,,古代,近畿,飛鳥の朝廷,7世紀後半,680,JH-000224-B01,beginner,用語の特定,identify,壬申の乱(じんしんのらん)に勝利し、皇親政治と律令国家建設を進めた天皇は？,天武天皇,天武天皇,,,,国立歴史民俗博物館「第1展示室 先史・古代」,https://www.rekihaku.ac.jp/exhibitions/room1/
日本史段階別デッキ｜Deck 1｜日本史の最重要骨格400語,JH-000224,224,Deck 1｜骨格・基礎,人物,天武天皇,てんむてんのう,,古代,近畿,飛鳥の朝廷,7世紀後半,680,JH-000224-B02,beginner,時期,time,天武天皇が主に活動したのはいつ？,7世紀後半,7世紀後半,,,7世紀後半：「なな」（7）世紀と結ぶ天武天皇,国立歴史民俗博物館「第1展示室 先史・古代」,https://www.rekihaku.ac.jp/exhibitions/room1/
日本史段階別デッキ｜Deck 1｜日本史の最重要骨格400語,JH-000224,224,Deck 1｜骨格・基礎,人物,天武天皇,てんむてんのう,,古代,近畿,飛鳥の朝廷,7世紀後半,680,JH-000224-B03,beginner,関連,relation,天武天皇が勝利した内乱は？,壬申の乱(じんしんのらん),壬申の乱,,,,国立歴史民俗博物館「第1展示室 先史・古代」,https://www.rekihaku.ac.jp/exhibitions/room1/
日本史段階別デッキ｜Deck 1｜日本史の最重要骨格400語,JH-000224,224,Deck 1｜骨格・基礎,人物,天武天皇,てんむてんのう,,古代,近畿,飛鳥の朝廷,7世紀後半,680,JH-000224-R01,reverse,時期,time,主に活動したのはいつ？,**7世紀後半**,7世紀後半,,,7世紀後半：「なな」（7）世紀と結ぶ天武天皇,国立歴史民俗博物館「第1展示室 先史・古代」,https://www.rekihaku.ac.jp/exhibitions/room1/
日本史段階別デッキ｜Deck 1｜日本史の最重要骨格400語,JH-000224,224,Deck 1｜骨格・基礎,人物,天武天皇,てんむてんのう,,古代,近畿,飛鳥の朝廷,7世紀後半,680,JH-000224-R02,reverse,複合説明,reverse,何をした？,壬申の乱(じんしんのらん)に勝利して飛鳥の朝廷で即位し、皇族を重用する**皇親政治**と中央集権化を進めた。,壬申の乱|皇親政治|律令編纂|国史編纂|中央集権,,,,国立歴史民俗博物館「第1展示室 先史・古代」,https://www.rekihaku.ac.jp/exhibitions/room1/
日本史段階別デッキ｜Deck 1｜日本史の最重要骨格400語,JH-000224,224,Deck 1｜骨格・基礎,人物,天武天皇,てんむてんのう,,古代,近畿,飛鳥の朝廷,7世紀後半,680,JH-000224-R03,reverse,結果・関連,reverse,何につながった・どんな意味があった？,**律令編纂**・国史編纂・都城整備を命じ、天皇を中心とする国家体制の基礎を固めた。,壬申の乱|皇親政治|律令編纂|国史編纂|中央集権,,,,国立歴史民俗博物館「第1展示室 先史・古代」,https://www.rekihaku.ac.jp/exhibitions/room1/
日本史段階別デッキ｜Deck 1｜日本史の最重要骨格400語,JH-000224,224,Deck 1｜骨格・基礎,人物,天武天皇,てんむてんのう,,古代,近畿,飛鳥の朝廷,7世紀後半,680,JH-000224-I01,integrated,統合説明,integrated,「天武天皇」について説明せよ。,7世紀後半、飛鳥の朝廷を主な舞台として、壬申の乱(じんしんのらん)に勝利して飛鳥の朝廷で即位し、皇族を重用する**皇親政治**と中央集権化を進めた。 **律令編纂**・国史編纂・都城整備を命じ、天皇を中心とする国家体制の基礎を固めた。,壬申の乱|皇親政治|律令編纂|国史編纂|中央集権,,,7世紀後半：「なな」（7）世紀と結ぶ天武天皇,国立歴史民俗博物館「第1展示室 先史・古代」,https://www.rekihaku.ac.jp/exhibitions/room1/
日本史段階別デッキ｜Deck 1｜日本史の最重要骨格400語,JH-000336,336,Deck 1｜骨格・基礎,人物,持統天皇,じとうてんのう,,古代,近畿,飛鳥・藤原京の朝廷,7世紀末,690,JH-000336-B01,beginner,用語の特定,identify,天武天皇の政策を継承し、藤原京への遷都や律令体制整備を進めた女性天皇は？,持統天皇,持統天皇,,,,国立歴史民俗博物館「第1展示室 先史・古代」,https://www.rekihaku.ac.jp/exhibitions/room1/
日本史段階別デッキ｜Deck 1｜日本史の最重要骨格400語,JH-000336,336,Deck 1｜骨格・基礎,人物,持統天皇,じとうてんのう,,古代,近畿,飛鳥・藤原京の朝廷,7世紀末,690,JH-000336-B02,beginner,時期,time,持統天皇が主に活動したのはいつ？,7世紀末,7世紀末,,,7世紀末：「なな」（7）世紀と結ぶ持統天皇,国立歴史民俗博物館「第1展示室 先史・古代」,https://www.rekihaku.ac.jp/exhibitions/room1/
日本史段階別デッキ｜Deck 1｜日本史の最重要骨格400語,JH-000336,336,Deck 1｜骨格・基礎,人物,持統天皇,じとうてんのう,,古代,近畿,飛鳥・藤原京の朝廷,7世紀末,690,JH-000336-B03,beginner,地域,place,持統天皇が遷都した都は？,藤原京,藤原京,,,,国立歴史民俗博物館「第1展示室 先史・古代」,https://www.rekihaku.ac.jp/exhibitions/room1/
日本史段階別デッキ｜Deck 1｜日本史の最重要骨格400語,JH-000336,336,Deck 1｜骨格・基礎,人物,持統天皇,じとうてんのう,,古代,近畿,飛鳥・藤原京の朝廷,7世紀末,690,JH-000336-R01,reverse,時期,time,主に活動したのはいつ？,**7世紀末**,7世紀末,,,7世紀末：「なな」（7）世紀と結ぶ持統天皇,国立歴史民俗博物館「第1展示室 先史・古代」,https://www.rekihaku.ac.jp/exhibitions/room1/
日本史段階別デッキ｜Deck 1｜日本史の最重要骨格400語,JH-000336,336,Deck 1｜骨格・基礎,人物,持統天皇,じとうてんのう,,古代,近畿,飛鳥・藤原京の朝廷,7世紀末,690,JH-000336-R02,reverse,複合説明,reverse,何をした？,天武天皇の政策を継承し、飛鳥の朝廷で律令体制を整え、**藤原京**へ遷都した女性天皇。,天武天皇|藤原京|戸籍|班田収授|律令国家,,,,国立歴史民俗博物館「第1展示室 先史・古代」,https://www.rekihaku.ac.jp/exhibitions/room1/
日本史段階別デッキ｜Deck 1｜日本史の最重要骨格400語,JH-000336,336,Deck 1｜骨格・基礎,人物,持統天皇,じとうてんのう,,古代,近畿,飛鳥・藤原京の朝廷,7世紀末,690,JH-000336-R03,reverse,結果・関連,reverse,何につながった・どんな意味があった？,**戸籍**作成や班田収授の実施を進め、律令国家の全国支配を具体化した。,天武天皇|藤原京|戸籍|班田収授|律令国家,,,,国立歴史民俗博物館「第1展示室 先史・古代」,https://www.rekihaku.ac.jp/exhibitions/room1/
日本史段階別デッキ｜Deck 1｜日本史の最重要骨格400語,JH-000336,336,Deck 1｜骨格・基礎,人物,持統天皇,じとうてんのう,,古代,近畿,飛鳥・藤原京の朝廷,7世紀末,690,JH-000336-I01,integrated,統合説明,integrated,「持統天皇」について説明せよ。,7世紀末、飛鳥・藤原京の朝廷を主な舞台として、天武天皇の政策を継承し、飛鳥の朝廷で律令体制を整え、**藤原京**へ遷都した女性天皇。 **戸籍**作成や班田収授の実施を進め、律令国家の全国支配を具体化した。,天武天皇|藤原京|戸籍|班田収授|律令国家,,,7世紀末：「なな」（7）世紀と結ぶ持統天皇,国立歴史民俗博物館「第1展示室 先史・古代」,https://www.rekihaku.ac.jp/exhibitions/room1/
日本史段階別デッキ｜Deck 1｜日本史の最重要骨格400語,JH-000006,6,Deck 1｜骨格・基礎,朝廷・政権・幕府,律令国家,りつりょうこっか,,古代,日本全国,都の中央政府と全国,7世紀後半〜10世紀頃,700,JH-000006-B01,beginner,用語の特定,identify,律と令を基本法とし、天皇を中心に官僚制・地方行政・租税制度を整えた国家体制は？,律令国家,律令国家,,,,国立歴史民俗博物館「第1展示室 先史・古代」,https://www.rekihaku.ac.jp/exhibitions/room1/
日本史段階別デッキ｜Deck 1｜日本史の最重要骨格400語,JH-000006,6,Deck 1｜骨格・基礎,朝廷・政権・幕府,律令国家,りつりょうこっか,,古代,日本全国,都の中央政府と全国,7世紀後半〜10世紀頃,700,JH-000006-B02,beginner,時期,time,律令国家が存在・機能したのはいつ？,7世紀後半〜10世紀頃,7世紀後半〜10世紀頃,,,7世紀後半〜10世紀頃：「なな」（7）世紀から「ひと・まる」（10）世紀までの律令国家,国立歴史民俗博物館「第1展示室 先史・古代」,https://www.rekihaku.ac.jp/exhibitions/room1/
日本史段階別デッキ｜Deck 1｜日本史の最重要骨格400語,JH-000006,6,Deck 1｜骨格・基礎,朝廷・政権・幕府,律令国家,りつりょうこっか,,古代,日本全国,都の中央政府と全国,7世紀後半〜10世紀頃,700,JH-000006-B03,beginner,内容,content,律令国家の基本法となった二種類の法は？,律と令,律と令,,,,国立歴史民俗博物館「第1展示室 先史・古代」,https://www.rekihaku.ac.jp/exhibitions/room1/
日本史段階別デッキ｜Deck 1｜日本史の最重要骨格400語,JH-000006,6,Deck 1｜骨格・基礎,朝廷・政権・幕府,律令国家,りつりょうこっか,,古代,日本全国,都の中央政府と全国,7世紀後半〜10世紀頃,700,JH-000006-R01,reverse,時期,time,存在・機能したのはいつ？,**7世紀後半〜10世紀頃**,7世紀後半〜10世紀頃,,,7世紀後半〜10世紀頃：「なな」（7）世紀から「ひと・まる」（10）世紀までの律令国家,国立歴史民俗博物館「第1展示室 先史・古代」,https://www.rekihaku.ac.jp/exhibitions/room1/
日本史段階別デッキ｜Deck 1｜日本史の最重要骨格400語,JH-000006,6,Deck 1｜骨格・基礎,朝廷・政権・幕府,律令国家,りつりょうこっか,,古代,日本全国,都の中央政府と全国,7世紀後半〜10世紀頃,700,JH-000006-R02,reverse,複合説明,reverse,何をした？,都の中央政府から全国を、**律**と**令**、官僚制、国郡制、班田収授・租庸調によって支配した国家体制。,律|令|官僚制|班田収授法|租庸調|中央集権,,,,国立歴史民俗博物館「第1展示室 先史・古代」,https://www.rekihaku.ac.jp/exhibitions/room1/
日本史段階別デッキ｜Deck 1｜日本史の最重要骨格400語,JH-000006,6,Deck 1｜骨格・基礎,朝廷・政権・幕府,律令国家,りつりょうこっか,,古代,日本全国,都の中央政府と全国,7世紀後半〜10世紀頃,700,JH-000006-R03,reverse,結果・関連,reverse,何につながった・どんな意味があった？,天皇中心の**中央集権**を実現したが、荘園の拡大や地方支配の変化により次第に変質した。,律|令|官僚制|班田収授法|租庸調|中央集権,,,,国立歴史民俗博物館「第1展示室 先史・古代」,https://www.rekihaku.ac.jp/exhibitions/room1/
日本史段階別デッキ｜Deck 1｜日本史の最重要骨格400語,JH-000006,6,Deck 1｜骨格・基礎,朝廷・政権・幕府,律令国家,りつりょうこっか,,古代,日本全国,都の中央政府と全国,7世紀後半〜10世紀頃,700,JH-000006-I01,integrated,統合説明,integrated,「律令国家」について説明せよ。,7世紀後半〜10世紀頃、都の中央政府と全国を主な舞台として、都の中央政府から全国を、**律**と**令**、官僚制、国郡制、班田収授・租庸調によって支配した国家体制。 天皇中心の**中央集権**を実現したが、荘園の拡大や地方支配の変化により次第に変質した。,律|令|官僚制|班田収授法|租庸調|中央集権,,,7世紀後半〜10世紀頃：「なな」（7）世紀から「ひと・まる」（10）世紀までの律令国家,国立歴史民俗博物館「第1展示室 先史・古代」,https://www.rekihaku.ac.jp/exhibitions/room1/
日本史段階別デッキ｜Deck 1｜日本史の最重要骨格400語,JH-000079,79,Deck 1｜骨格・基礎,土地制度・租税,班田収授法,はんでんしゅうじゅほう,,古代,日本全国,朝廷が戸籍を基に行う全国の土地支配,律令国家の成立期,700,JH-000079-B01,beginner,用語の特定,identify,戸籍に基づき一定年齢以上の男女へ口分田を与え、死亡後に返させた制度は？,班田収授法(はんでんしゅうじゅほう),班田収授法,,,,国立歴史民俗博物館「第1展示室 先史・古代」,https://www.rekihaku.ac.jp/exhibitions/room1/
日本史段階別デッキ｜Deck 1｜日本史の最重要骨格400語,JH-000079,79,Deck 1｜骨格・基礎,土地制度・租税,班田収授法,はんでんしゅうじゅほう,,古代,日本全国,朝廷が戸籍を基に行う全国の土地支配,律令国家の成立期,700,JH-000079-B02,beginner,時期,time,班田収授法(はんでんしゅうじゅほう)が成立・実施されたのはいつ？,律令国家の成立期,律令国家の成立期,,,,国立歴史民俗博物館「第1展示室 先史・古代」,https://www.rekihaku.ac.jp/exhibitions/room1/
日本史段階別デッキ｜Deck 1｜日本史の最重要骨格400語,JH-000079,79,Deck 1｜骨格・基礎,土地制度・租税,班田収授法,はんでんしゅうじゅほう,,古代,日本全国,朝廷が戸籍を基に行う全国の土地支配,律令国家の成立期,700,JH-000079-B03,beginner,内容,content,班田収授法(はんでんしゅうじゅほう)で人民に与えられた田地は？,口分田,口分田,,,,国立歴史民俗博物館「第1展示室 先史・古代」,https://www.rekihaku.ac.jp/exhibitions/room1/
日本史段階別デッキ｜Deck 1｜日本史の最重要骨格400語,JH-000079,79,Deck 1｜骨格・基礎,土地制度・租税,班田収授法,はんでんしゅうじゅほう,,古代,日本全国,朝廷が戸籍を基に行う全国の土地支配,律令国家の成立期,700,JH-000079-R01,reverse,時期,time,成立・実施されたのはいつ？,**律令国家の成立期**,律令国家の成立期,,,,国立歴史民俗博物館「第1展示室 先史・古代」,https://www.rekihaku.ac.jp/exhibitions/room1/
日本史段階別デッキ｜Deck 1｜日本史の最重要骨格400語,JH-000079,79,Deck 1｜骨格・基礎,土地制度・租税,班田収授法,はんでんしゅうじゅほう,,古代,日本全国,朝廷が戸籍を基に行う全国の土地支配,律令国家の成立期,700,JH-000079-R02,reverse,複合説明,reverse,どんな制度？,朝廷が戸籍に基づき、一定年齢以上の男女へ**口分田**を班給し、死亡後に返還させた土地制度。,戸籍|口分田|公地公民|租税|逃亡・浮浪,,,,国立歴史民俗博物館「第1展示室 先史・古代」,https://www.rekihaku.ac.jp/exhibitions/room1/
日本史段階別デッキ｜Deck 1｜日本史の最重要骨格400語,JH-000079,79,Deck 1｜骨格・基礎,土地制度・租税,班田収授法,はんでんしゅうじゅほう,,古代,日本全国,朝廷が戸籍を基に行う全国の土地支配,律令国家の成立期,700,JH-000079-R03,reverse,結果・関連,reverse,何につながった・どんな意味があった？,**公地公民**を具体化し租税徴収の基礎となったが、人口増加や逃亡・浮浪で維持が難しくなった。,戸籍|口分田|公地公民|租税|逃亡・浮浪,,,,国立歴史民俗博物館「第1展示室 先史・古代」,https://www.rekihaku.ac.jp/exhibitions/room1/
日本史段階別デッキ｜Deck 1｜日本史の最重要骨格400語,JH-000079,79,Deck 1｜骨格・基礎,土地制度・租税,班田収授法,はんでんしゅうじゅほう,,古代,日本全国,朝廷が戸籍を基に行う全国の土地支配,律令国家の成立期,700,JH-000079-I01,integrated,統合説明,integrated,「班田収授法(はんでんしゅうじゅほう)」について説明せよ。,律令国家の成立期、朝廷が戸籍を基に行う全国の土地支配を主な舞台として、朝廷が戸籍に基づき、一定年齢以上の男女へ**口分田**を班給し、死亡後に返還させた土地制度。 **公地公民**を具体化し租税徴収の基礎となったが、人口増加や逃亡・浮浪で維持が難しくなった。,戸籍|口分田|公地公民|租税|逃亡・浮浪,,,,国立歴史民俗博物館「第1展示室 先史・古代」,https://www.rekihaku.ac.jp/exhibitions/room1/
日本史段階別デッキ｜Deck 1｜日本史の最重要骨格400語,JH-000080,80,Deck 1｜骨格・基礎,土地制度・租税,租庸調,そようちょう,,古代,日本全国,律令国家の人民と都,律令国家の成立期,700,JH-000080-B01,beginner,用語の特定,identify,律令制で、稲・労役または布・地方の特産物を負担させた三つの基本税は？,租庸調,租庸調,,,,国立歴史民俗博物館「第1展示室 先史・古代」,https://www.rekihaku.ac.jp/exhibitions/room1/
日本史段階別デッキ｜Deck 1｜日本史の最重要骨格400語,JH-000080,80,Deck 1｜骨格・基礎,土地制度・租税,租庸調,そようちょう,,古代,日本全国,律令国家の人民と都,律令国家の成立期,700,JH-000080-B02,beginner,時期,time,租庸調が成立・実施されたのはいつ？,律令国家の成立期,律令国家の成立期,,,,国立歴史民俗博物館「第1展示室 先史・古代」,https://www.rekihaku.ac.jp/exhibitions/room1/
日本史段階別デッキ｜Deck 1｜日本史の最重要骨格400語,JH-000080,80,Deck 1｜骨格・基礎,土地制度・租税,租庸調,そようちょう,,古代,日本全国,律令国家の人民と都,律令国家の成立期,700,JH-000080-B03,beginner,内容,content,租庸調のうち、地方の特産物を納める税は？,調,調,,,,国立歴史民俗博物館「第1展示室 先史・古代」,https://www.rekihaku.ac.jp/exhibitions/room1/
日本史段階別デッキ｜Deck 1｜日本史の最重要骨格400語,JH-000080,80,Deck 1｜骨格・基礎,土地制度・租税,租庸調,そようちょう,,古代,日本全国,律令国家の人民と都,律令国家の成立期,700,JH-000080-R01,reverse,時期,time,成立・実施されたのはいつ？,**律令国家の成立期**,律令国家の成立期,,,,国立歴史民俗博物館「第1展示室 先史・古代」,https://www.rekihaku.ac.jp/exhibitions/room1/
日本史段階別デッキ｜Deck 1｜日本史の最重要骨格400語,JH-000080,80,Deck 1｜骨格・基礎,土地制度・租税,租庸調,そようちょう,,古代,日本全国,律令国家の人民と都,律令国家の成立期,700,JH-000080-R02,reverse,複合説明,reverse,どんな制度？,律令国家が人民に課した基本税で、**租**は稲、**庸**は労役または布、**調**は地方の特産物を納めた。,租|庸|調|運脚|国家財政|逃亡・浮浪,,,,国立歴史民俗博物館「第1展示室 先史・古代」,https://www.rekihaku.ac.jp/exhibitions/room1/
日本史段階別デッキ｜Deck 1｜日本史の最重要骨格400語,JH-000080,80,Deck 1｜骨格・基礎,土地制度・租税,租庸調,そようちょう,,古代,日本全国,律令国家の人民と都,律令国家の成立期,700,JH-000080-R03,reverse,結果・関連,reverse,何につながった・どんな意味があった？,都の官僚制と国家財政を支えたが、**運脚**など農民の負担が重く、逃亡・浮浪の一因となった。,租|庸|調|運脚|国家財政|逃亡・浮浪,,,,国立歴史民俗博物館「第1展示室 先史・古代」,https://www.rekihaku.ac.jp/exhibitions/room1/
日本史段階別デッキ｜Deck 1｜日本史の最重要骨格400語,JH-000080,80,Deck 1｜骨格・基礎,土地制度・租税,租庸調,そようちょう,,古代,日本全国,律令国家の人民と都,律令国家の成立期,700,JH-000080-I01,integrated,統合説明,integrated,「租庸調」について説明せよ。,律令国家の成立期、律令国家の人民と都を主な舞台として、律令国家が人民に課した基本税で、**租**は稲、**庸**は労役または布、**調**は地方の特産物を納めた。 都の官僚制と国家財政を支えたが、**運脚**など農民の負担が重く、逃亡・浮浪の一因となった。,租|庸|調|運脚|国家財政|逃亡・浮浪,,,,国立歴史民俗博物館「第1展示室 先史・古代」,https://www.rekihaku.ac.jp/exhibitions/room1/
日本史段階別デッキ｜Deck 1｜日本史の最重要骨格400語,JH-000359,359,Deck 1｜骨格・基礎,民族・身分・社会集団,蝦夷,えみし,,古代,東北,東北地方を中心とする地域,古代,700,JH-000359-B01,beginner,用語の特定,identify,古代の東北地方を中心に暮らし、朝廷の支配に抵抗または交渉した人々を何という？,蝦夷(えみし),蝦夷,,,,国立歴史民俗博物館「第1展示室 先史・古代」,https://www.rekihaku.ac.jp/exhibitions/room1/
日本史段階別デッキ｜Deck 1｜日本史の最重要骨格400語,JH-000359,359,Deck 1｜骨格・基礎,民族・身分・社会集団,蝦夷,えみし,,古代,東北,東北地方を中心とする地域,古代,700,JH-000359-B02,beginner,時期,time,蝦夷(えみし)が歴史上重要になるのはいつ？,古代,古代,,,,国立歴史民俗博物館「第1展示室 先史・古代」,https://www.rekihaku.ac.jp/exhibitions/room1/
日本史段階別デッキ｜Deck 1｜日本史の最重要骨格400語,JH-000359,359,Deck 1｜骨格・基礎,民族・身分・社会集団,蝦夷,えみし,,古代,東北,東北地方を中心とする地域,古代,700,JH-000359-B03,beginner,地域,place,蝦夷(えみし)が主に居住した地域は？,東北地方,東北地方,,,,国立歴史民俗博物館「第1展示室 先史・古代」,https://www.rekihaku.ac.jp/exhibitions/room1/
日本史段階別デッキ｜Deck 1｜日本史の最重要骨格400語,JH-000359,359,Deck 1｜骨格・基礎,民族・身分・社会集団,蝦夷,えみし,,古代,東北,東北地方を中心とする地域,古代,700,JH-000359-R01,reverse,時期,time,歴史上重要になるのはいつ？,**古代**,古代,,,,国立歴史民俗博物館「第1展示室 先史・古代」,https://www.rekihaku.ac.jp/exhibitions/room1/
日本史段階別デッキ｜Deck 1｜日本史の最重要骨格400語,JH-000359,359,Deck 1｜骨格・基礎,民族・身分・社会集団,蝦夷,えみし,,古代,東北,東北地方を中心とする地域,古代,700,JH-000359-R02,reverse,複合説明,reverse,どのような人々・集団？,**東北地方**を中心に暮らし、独自の社会と文化を持ちながら朝廷と交易・抵抗・服属を重ねた人々。,東北地方|朝廷|交易|征討|城柵,,,,国立歴史民俗博物館「第1展示室 先史・古代」,https://www.rekihaku.ac.jp/exhibitions/room1/
日本史段階別デッキ｜Deck 1｜日本史の最重要骨格400語,JH-000359,359,Deck 1｜骨格・基礎,民族・身分・社会集団,蝦夷,えみし,,古代,東北,東北地方を中心とする地域,古代,700,JH-000359-R03,reverse,結果・関連,reverse,何につながった・どんな意味があった？,**朝廷**の征討と城柵設置によって支配に組み込まれたが、単純な敵対集団ではなく多様な関係を持った。,東北地方|朝廷|交易|征討|城柵,,,,国立歴史民俗博物館「第1展示室 先史・古代」,https://www.rekihaku.ac.jp/exhibitions/room1/
日本史段階別デッキ｜Deck 1｜日本史の最重要骨格400語,JH-000359,359,Deck 1｜骨格・基礎,民族・身分・社会集団,蝦夷,えみし,,古代,東北,東北地方を中心とする地域,古代,700,JH-000359-I01,integrated,統合説明,integrated,「蝦夷(えみし)」について説明せよ。,古代、東北地方を中心とする地域を主な舞台として、**東北地方**を中心に暮らし、独自の社会と文化を持ちながら朝廷と交易・抵抗・服属を重ねた人々。 **朝廷**の征討と城柵設置によって支配に組み込まれたが、単純な敵対集団ではなく多様な関係を持った。,東北地方|朝廷|交易|征討|城柵,,,,国立歴史民俗博物館「第1展示室 先史・古代」,https://www.rekihaku.ac.jp/exhibitions/room1/
日本史段階別デッキ｜Deck 1｜日本史の最重要骨格400語,JH-000012,12,Deck 1｜骨格・基礎,制度・政策・法律,大宝律令,たいほうりつりょう,,古代,日本全国,中央政府と全国の地方行政,701年,701,JH-000012-B01,beginner,用語の特定,identify,唐の制度を参考に刑罰と行政の体系を整え、律令国家の基本法典となった法は？,大宝律令(たいほうりつりょう),大宝律令,,,,国立歴史民俗博物館「第1展示室 先史・古代」,https://www.rekihaku.ac.jp/exhibitions/room1/
日本史段階別デッキ｜Deck 1｜日本史の最重要骨格400語,JH-000012,12,Deck 1｜骨格・基礎,制度・政策・法律,大宝律令,たいほうりつりょう,,古代,日本全国,中央政府と全国の地方行政,701年,701,JH-000012-B02,beginner,時期,time,大宝律令(たいほうりつりょう)が成立・実施されたのはいつ？,701年,701年,,,701年：「なまる人」（701）にも大宝律令,国立歴史民俗博物館「第1展示室 先史・古代」,https://www.rekihaku.ac.jp/exhibitions/room1/
日本史段階別デッキ｜Deck 1｜日本史の最重要骨格400語,JH-000012,12,Deck 1｜骨格・基礎,制度・政策・法律,大宝律令,たいほうりつりょう,,古代,日本全国,中央政府と全国の地方行政,701年,701,JH-000012-B03,beginner,内容,content,大宝律令(たいほうりつりょう)の「律」と「令」は何を定めた？,刑罰と行政,刑罰と行政,,,,国立歴史民俗博物館「第1展示室 先史・古代」,https://www.rekihaku.ac.jp/exhibitions/room1/
日本史段階別デッキ｜Deck 1｜日本史の最重要骨格400語,JH-000012,12,Deck 1｜骨格・基礎,制度・政策・法律,大宝律令,たいほうりつりょう,,古代,日本全国,中央政府と全国の地方行政,701年,701,JH-000012-R01,reverse,時期,time,成立・実施されたのはいつ？,**701年**,701年,,,701年：「なまる人」（701）にも大宝律令,国立歴史民俗博物館「第1展示室 先史・古代」,https://www.rekihaku.ac.jp/exhibitions/room1/
日本史段階別デッキ｜Deck 1｜日本史の最重要骨格400語,JH-000012,12,Deck 1｜骨格・基礎,制度・政策・法律,大宝律令,たいほうりつりょう,,古代,日本全国,中央政府と全国の地方行政,701年,701,JH-000012-R02,reverse,複合説明,reverse,どんな制度・政策・法律？,中央政府と全国の地方行政を対象に、**律**で刑罰、**令**で行政制度を定めた法典。,律|令|官制|地方支配|租税|律令国家,,,,国立歴史民俗博物館「第1展示室 先史・古代」,https://www.rekihaku.ac.jp/exhibitions/room1/
日本史段階別デッキ｜Deck 1｜日本史の最重要骨格400語,JH-000012,12,Deck 1｜骨格・基礎,制度・政策・法律,大宝律令,たいほうりつりょう,,古代,日本全国,中央政府と全国の地方行政,701年,701,JH-000012-R03,reverse,結果・関連,reverse,何につながった・どんな意味があった？,唐の制度を参考に官制・地方支配・租税を体系化し、日本の**律**令国家を制度的に完成へ近づけた。,律|令|官制|地方支配|租税|律令国家,,,,国立歴史民俗博物館「第1展示室 先史・古代」,https://www.rekihaku.ac.jp/exhibitions/room1/
日本史段階別デッキ｜Deck 1｜日本史の最重要骨格400語,JH-000012,12,Deck 1｜骨格・基礎,制度・政策・法律,大宝律令,たいほうりつりょう,,古代,日本全国,中央政府と全国の地方行政,701年,701,JH-000012-I01,integrated,統合説明,integrated,「大宝律令(たいほうりつりょう)」について説明せよ。,701年、中央政府と全国の地方行政を主な舞台として、中央政府と全国の地方行政を対象に、**律**で刑罰、**令**で行政制度を定めた法典。 唐の制度を参考に官制・地方支配・租税を体系化し、日本の**律**令国家を制度的に完成へ近づけた。,律|令|官制|地方支配|租税|律令国家,,,701年：「なまる人」（701）にも大宝律令,国立歴史民俗博物館「第1展示室 先史・古代」,https://www.rekihaku.ac.jp/exhibitions/room1/
日本史段階別デッキ｜Deck 1｜日本史の最重要骨格400語,JH-000337,337,Deck 1｜骨格・基礎,経済・産業・交通,和同開珎,わどうかいちん,和同開寳,古代,日本全国,畿内を中心とする流通圏,奈良時代初め,708,JH-000337-B01,beginner,用語の特定,identify,奈良時代初めに政府が鋳造した、日本最初の本格的な流通貨幣は？,和同開珎(わどうかいちん),和同開珎,和同開寳,,,国立歴史民俗博物館「第1展示室 先史・古代」,https://www.rekihaku.ac.jp/exhibitions/room1/
日本史段階別デッキ｜Deck 1｜日本史の最重要骨格400語,JH-000337,337,Deck 1｜骨格・基礎,経済・産業・交通,和同開珎,わどうかいちん,和同開寳,古代,日本全国,畿内を中心とする流通圏,奈良時代初め,708,JH-000337-B02,beginner,時期,time,和同開珎(わどうかいちん)が行われた・発達したのはいつ？,奈良時代初め,奈良時代初め,,,,国立歴史民俗博物館「第1展示室 先史・古代」,https://www.rekihaku.ac.jp/exhibitions/room1/
日本史段階別デッキ｜Deck 1｜日本史の最重要骨格400語,JH-000337,337,Deck 1｜骨格・基礎,経済・産業・交通,和同開珎,わどうかいちん,和同開寳,古代,日本全国,畿内を中心とする流通圏,奈良時代初め,708,JH-000337-B03,beginner,主体,actor,和同開珎(わどうかいちん)を鋳造した主体は？,律令政府,律令政府,,,,国立歴史民俗博物館「第1展示室 先史・古代」,https://www.rekihaku.ac.jp/exhibitions/room1/
日本史段階別デッキ｜Deck 1｜日本史の最重要骨格400語,JH-000337,337,Deck 1｜骨格・基礎,経済・産業・交通,和同開珎,わどうかいちん,和同開寳,古代,日本全国,畿内を中心とする流通圏,奈良時代初め,708,JH-000337-R01,reverse,時期,time,行われた・発達したのはいつ？,**奈良時代初め**,奈良時代初め,,,,国立歴史民俗博物館「第1展示室 先史・古代」,https://www.rekihaku.ac.jp/exhibitions/room1/
日本史段階別デッキ｜Deck 1｜日本史の最重要骨格400語,JH-000337,337,Deck 1｜骨格・基礎,経済・産業・交通,和同開珎,わどうかいちん,和同開寳,古代,日本全国,畿内を中心とする流通圏,奈良時代初め,708,JH-000337-R02,reverse,複合説明,reverse,どんな仕組み・活動？,**律令政府**が鋳造し、畿内を中心に流通させようとした銅銭。,律令政府|銅銭|都城|貨幣流通,,,,国立歴史民俗博物館「第1展示室 先史・古代」,https://www.rekihaku.ac.jp/exhibitions/room1/
日本史段階別デッキ｜Deck 1｜日本史の最重要骨格400語,JH-000337,337,Deck 1｜骨格・基礎,経済・産業・交通,和同開珎,わどうかいちん,和同開寳,古代,日本全国,畿内を中心とする流通圏,奈良時代初め,708,JH-000337-R03,reverse,結果・関連,reverse,何につながった・どんな意味があった？,**都城**建設や税・交易に貨幣を利用する政策を示すが、全国的な貨幣流通は限定的だった。,律令政府|銅銭|都城|貨幣流通,,,,国立歴史民俗博物館「第1展示室 先史・古代」,https://www.rekihaku.ac.jp/exhibitions/room1/
日本史段階別デッキ｜Deck 1｜日本史の最重要骨格400語,JH-000337,337,Deck 1｜骨格・基礎,経済・産業・交通,和同開珎,わどうかいちん,和同開寳,古代,日本全国,畿内を中心とする流通圏,奈良時代初め,708,JH-000337-I01,integrated,統合説明,integrated,「和同開珎(わどうかいちん)」について説明せよ。,奈良時代初め、畿内を中心とする流通圏を主な舞台として、**律令政府**が鋳造し、畿内を中心に流通させようとした銅銭。 **都城**建設や税・交易に貨幣を利用する政策を示すが、全国的な貨幣流通は限定的だった。,律令政府|銅銭|都城|貨幣流通,,,,国立歴史民俗博物館「第1展示室 先史・古代」,https://www.rekihaku.ac.jp/exhibitions/room1/
日本史段階別デッキ｜Deck 1｜日本史の最重要骨格400語,JH-000081,81,Deck 1｜骨格・基礎,地域・都市・遺跡,平城京,へいじょうきょう,,古代,近畿,奈良盆地北部,710年,710,JH-000081-B01,beginner,用語の特定,identify,唐の長安にならい、奈良盆地北部に造営された奈良時代の都は？,平城京,平城京,,,,国立歴史民俗博物館「第1展示室 先史・古代」,https://www.rekihaku.ac.jp/exhibitions/room1/
日本史段階別デッキ｜Deck 1｜日本史の最重要骨格400語,JH-000081,81,Deck 1｜骨格・基礎,地域・都市・遺跡,平城京,へいじょうきょう,,古代,近畿,奈良盆地北部,710年,710,JH-000081-B02,beginner,時期,time,平城京が歴史上重要な意味を持つのはいつ？,710年,710年,,,710年：「南都」（710）大きな、平城京,国立歴史民俗博物館「第1展示室 先史・古代」,https://www.rekihaku.ac.jp/exhibitions/room1/
日本史段階別デッキ｜Deck 1｜日本史の最重要骨格400語,JH-000081,81,Deck 1｜骨格・基礎,地域・都市・遺跡,平城京,へいじょうきょう,,古代,近畿,奈良盆地北部,710年,710,JH-000081-B03,beginner,関連,relation,平城京が参考にした中国の都は？,長安,長安,,,,国立歴史民俗博物館「第1展示室 先史・古代」,https://www.rekihaku.ac.jp/exhibitions/room1/
日本史段階別デッキ｜Deck 1｜日本史の最重要骨格400語,JH-000081,81,Deck 1｜骨格・基礎,地域・都市・遺跡,平城京,へいじょうきょう,,古代,近畿,奈良盆地北部,710年,710,JH-000081-R01,reverse,時期,time,歴史上重要な意味を持つのはいつ？,**710年**,710年,,,710年：「南都」（710）大きな、平城京,国立歴史民俗博物館「第1展示室 先史・古代」,https://www.rekihaku.ac.jp/exhibitions/room1/
日本史段階別デッキ｜Deck 1｜日本史の最重要骨格400語,JH-000081,81,Deck 1｜骨格・基礎,地域・都市・遺跡,平城京,へいじょうきょう,,古代,近畿,奈良盆地北部,710年,710,JH-000081-R02,reverse,複合説明,reverse,何が分かる・何が重要？,奈良盆地北部に、唐の**長安**を参考とする条坊制で造営された律令国家の都。,長安|条坊制|中央官庁|天平文化,,,,国立歴史民俗博物館「第1展示室 先史・古代」,https://www.rekihaku.ac.jp/exhibitions/room1/
日本史段階別デッキ｜Deck 1｜日本史の最重要骨格400語,JH-000081,81,Deck 1｜骨格・基礎,地域・都市・遺跡,平城京,へいじょうきょう,,古代,近畿,奈良盆地北部,710年,710,JH-000081-R03,reverse,結果・関連,reverse,何につながった・どんな意味があった？,**中央官庁**と寺院が集まり、全国支配と国際的な天平文化(てんぴょうぶんか)の中心となった。,長安|条坊制|中央官庁|天平文化,,,,国立歴史民俗博物館「第1展示室 先史・古代」,https://www.rekihaku.ac.jp/exhibitions/room1/
日本史段階別デッキ｜Deck 1｜日本史の最重要骨格400語,JH-000081,81,Deck 1｜骨格・基礎,地域・都市・遺跡,平城京,へいじょうきょう,,古代,近畿,奈良盆地北部,710年,710,JH-000081-I01,integrated,統合説明,integrated,「平城京」について説明せよ。,710年、奈良盆地北部を主な舞台として、奈良盆地北部に、唐の**長安**を参考とする条坊制で造営された律令国家の都。 **中央官庁**と寺院が集まり、全国支配と国際的な天平文化(てんぴょうぶんか)の中心となった。,長安|条坊制|中央官庁|天平文化,,,710年：「南都」（710）大きな、平城京,国立歴史民俗博物館「第1展示室 先史・古代」,https://www.rekihaku.ac.jp/exhibitions/room1/
日本史段階別デッキ｜Deck 1｜日本史の最重要骨格400語,JH-000225,225,Deck 1｜骨格・基礎,時代・歴史区分,奈良時代,ならじだい,,古代,近畿,平城京を中心とする律令国家,平城京を都とした時代,710,JH-000225-B01,beginner,用語の特定,identify,平城京を都とし、律令国家と天平文化(てんぴょうぶんか)が展開した時代は？,奈良時代,奈良時代,,,,国立歴史民俗博物館「第1展示室 先史・古代」,https://www.rekihaku.ac.jp/exhibitions/room1/
日本史段階別デッキ｜Deck 1｜日本史の最重要骨格400語,JH-000225,225,Deck 1｜骨格・基礎,時代・歴史区分,奈良時代,ならじだい,,古代,近畿,平城京を中心とする律令国家,平城京を都とした時代,710,JH-000225-B02,beginner,時期,time,奈良時代はいつ頃？,平城京を都とした時代,平城京を都とした時代,,,,国立歴史民俗博物館「第1展示室 先史・古代」,https://www.rekihaku.ac.jp/exhibitions/room1/
日本史段階別デッキ｜Deck 1｜日本史の最重要骨格400語,JH-000225,225,Deck 1｜骨格・基礎,時代・歴史区分,奈良時代,ならじだい,,古代,近畿,平城京を中心とする律令国家,平城京を都とした時代,710,JH-000225-B03,beginner,地域,place,奈良時代の都は？,平城京,平城京,,,,国立歴史民俗博物館「第1展示室 先史・古代」,https://www.rekihaku.ac.jp/exhibitions/room1/
日本史段階別デッキ｜Deck 1｜日本史の最重要骨格400語,JH-000225,225,Deck 1｜骨格・基礎,時代・歴史区分,奈良時代,ならじだい,,古代,近畿,平城京を中心とする律令国家,平城京を都とした時代,710,JH-000225-R01,reverse,時期,time,いつ頃？,**平城京を都とした時代**,平城京を都とした時代,,,,国立歴史民俗博物館「第1展示室 先史・古代」,https://www.rekihaku.ac.jp/exhibitions/room1/
日本史段階別デッキ｜Deck 1｜日本史の最重要骨格400語,JH-000225,225,Deck 1｜骨格・基礎,時代・歴史区分,奈良時代,ならじだい,,古代,近畿,平城京を中心とする律令国家,平城京を都とした時代,710,JH-000225-R02,reverse,複合説明,reverse,どんな時代？,**平城京**を中心に律令制度による全国支配が行われ、遣唐使(けんとうし)を通じた国際交流が盛んだった時代。,平城京|律令制度|遣唐使|国家鎮護|天平文化,,,,国立歴史民俗博物館「第1展示室 先史・古代」,https://www.rekihaku.ac.jp/exhibitions/room1/
日本史段階別デッキ｜Deck 1｜日本史の最重要骨格400語,JH-000225,225,Deck 1｜骨格・基礎,時代・歴史区分,奈良時代,ならじだい,,古代,近畿,平城京を中心とする律令国家,平城京を都とした時代,710,JH-000225-R03,reverse,結果・関連,reverse,何につながった・どんな意味があった？,仏教による国家鎮護と**天平文化(てんぴょうぶんか)**が発達する一方、疫病・飢饉や政治争いも続いた。,平城京|律令制度|遣唐使|国家鎮護|天平文化,,,,国立歴史民俗博物館「第1展示室 先史・古代」,https://www.rekihaku.ac.jp/exhibitions/room1/
日本史段階別デッキ｜Deck 1｜日本史の最重要骨格400語,JH-000225,225,Deck 1｜骨格・基礎,時代・歴史区分,奈良時代,ならじだい,,古代,近畿,平城京を中心とする律令国家,平城京を都とした時代,710,JH-000225-I01,integrated,統合説明,integrated,「奈良時代」について説明せよ。,平城京を都とした時代、平城京を中心とする律令国家を主な舞台として、**平城京**を中心に律令制度による全国支配が行われ、遣唐使(けんとうし)を通じた国際交流が盛んだった時代。 仏教による国家鎮護と**天平文化(てんぴょうぶんか)**が発達する一方、疫病・飢饉や政治争いも続いた。,平城京|律令制度|遣唐使|国家鎮護|天平文化,,,,国立歴史民俗博物館「第1展示室 先史・古代」,https://www.rekihaku.ac.jp/exhibitions/room1/
日本史段階別デッキ｜Deck 1｜日本史の最重要骨格400語,JH-000284,284,Deck 1｜骨格・基礎,文書・史料,古事記,こじき,,古代,近畿,奈良の朝廷,奈良時代初め,712,JH-000284-B01,beginner,用語の特定,identify,稗田阿礼の伝承を太安万侶が記し、神話から推古天皇までをまとめた歴史書は？,古事記(こじき),古事記,,,,国立歴史民俗博物館「第1展示室 先史・古代」,https://www.rekihaku.ac.jp/exhibitions/room1/
日本史段階別デッキ｜Deck 1｜日本史の最重要骨格400語,JH-000284,284,Deck 1｜骨格・基礎,文書・史料,古事記,こじき,,古代,近畿,奈良の朝廷,奈良時代初め,712,JH-000284-B02,beginner,時期,time,古事記(こじき)が作成・成立したのはいつ？,奈良時代初め,奈良時代初め,,,,国立歴史民俗博物館「第1展示室 先史・古代」,https://www.rekihaku.ac.jp/exhibitions/room1/
日本史段階別デッキ｜Deck 1｜日本史の最重要骨格400語,JH-000284,284,Deck 1｜骨格・基礎,文書・史料,古事記,こじき,,古代,近畿,奈良の朝廷,奈良時代初め,712,JH-000284-B03,beginner,人物,person,古事記(こじき)を筆録・編纂した人物は？,太安万侶,太安万侶,,,,国立歴史民俗博物館「第1展示室 先史・古代」,https://www.rekihaku.ac.jp/exhibitions/room1/
日本史段階別デッキ｜Deck 1｜日本史の最重要骨格400語,JH-000284,284,Deck 1｜骨格・基礎,文書・史料,古事記,こじき,,古代,近畿,奈良の朝廷,奈良時代初め,712,JH-000284-R01,reverse,時期,time,作成・成立したのはいつ？,**奈良時代初め**,奈良時代初め,,,,国立歴史民俗博物館「第1展示室 先史・古代」,https://www.rekihaku.ac.jp/exhibitions/room1/
日本史段階別デッキ｜Deck 1｜日本史の最重要骨格400語,JH-000284,284,Deck 1｜骨格・基礎,文書・史料,古事記,こじき,,古代,近畿,奈良の朝廷,奈良時代初め,712,JH-000284-R02,reverse,複合説明,reverse,何が書かれている・何が分かる？,奈良の朝廷で、**稗田阿礼**が誦習した伝承を**太安万侶**が筆録し、神話から推古天皇までを記した書。,稗田阿礼|太安万侶|神話|天皇支配|歌謡,,,,国立歴史民俗博物館「第1展示室 先史・古代」,https://www.rekihaku.ac.jp/exhibitions/room1/
日本史段階別デッキ｜Deck 1｜日本史の最重要骨格400語,JH-000284,284,Deck 1｜骨格・基礎,文書・史料,古事記,こじき,,古代,近畿,奈良の朝廷,奈良時代初め,712,JH-000284-R03,reverse,結果・関連,reverse,何につながった・どんな意味があった？,天皇支配の由来を示すとともに、古代の**神話**・伝承・歌謡を伝える基本史料となる。,稗田阿礼|太安万侶|神話|天皇支配|歌謡,,,,国立歴史民俗博物館「第1展示室 先史・古代」,https://www.rekihaku.ac.jp/exhibitions/room1/
日本史段階別デッキ｜Deck 1｜日本史の最重要骨格400語,JH-000284,284,Deck 1｜骨格・基礎,文書・史料,古事記,こじき,,古代,近畿,奈良の朝廷,奈良時代初め,712,JH-000284-I01,integrated,統合説明,integrated,「古事記(こじき)」について説明せよ。,奈良時代初め、奈良の朝廷を主な舞台として、奈良の朝廷で、**稗田阿礼**が誦習した伝承を**太安万侶**が筆録し、神話から推古天皇までを記した書。 天皇支配の由来を示すとともに、古代の**神話**・伝承・歌謡を伝える基本史料となる。,稗田阿礼|太安万侶|神話|天皇支配|歌謡,,,,国立歴史民俗博物館「第1展示室 先史・古代」,https://www.rekihaku.ac.jp/exhibitions/room1/
日本史段階別デッキ｜Deck 1｜日本史の最重要骨格400語,JH-000375,375,Deck 1｜骨格・基礎,文書・史料,風土記,ふどき,,古代,日本全国,各国から奈良の朝廷,奈良時代初め,713,JH-000375-B01,beginner,用語の特定,identify,朝廷の命令で各国が地名の由来・産物・伝承などを報告した記録は？,風土記,風土記,,,,国立歴史民俗博物館「第1展示室 先史・古代」,https://www.rekihaku.ac.jp/exhibitions/room1/
日本史段階別デッキ｜Deck 1｜日本史の最重要骨格400語,JH-000375,375,Deck 1｜骨格・基礎,文書・史料,風土記,ふどき,,古代,日本全国,各国から奈良の朝廷,奈良時代初め,713,JH-000375-B02,beginner,時期,time,風土記が作成・成立したのはいつ？,奈良時代初め,奈良時代初め,,,,国立歴史民俗博物館「第1展示室 先史・古代」,https://www.rekihaku.ac.jp/exhibitions/room1/
日本史段階別デッキ｜Deck 1｜日本史の最重要骨格400語,JH-000375,375,Deck 1｜骨格・基礎,文書・史料,風土記,ふどき,,古代,日本全国,各国から奈良の朝廷,奈良時代初め,713,JH-000375-B03,beginner,内容,content,風土記に記録された代表的な内容は？,地名の由来・産物・伝承,地名の由来・産物・伝承,,,,国立歴史民俗博物館「第1展示室 先史・古代」,https://www.rekihaku.ac.jp/exhibitions/room1/
日本史段階別デッキ｜Deck 1｜日本史の最重要骨格400語,JH-000375,375,Deck 1｜骨格・基礎,文書・史料,風土記,ふどき,,古代,日本全国,各国から奈良の朝廷,奈良時代初め,713,JH-000375-R01,reverse,時期,time,作成・成立したのはいつ？,**奈良時代初め**,奈良時代初め,,,,国立歴史民俗博物館「第1展示室 先史・古代」,https://www.rekihaku.ac.jp/exhibitions/room1/
日本史段階別デッキ｜Deck 1｜日本史の最重要骨格400語,JH-000375,375,Deck 1｜骨格・基礎,文書・史料,風土記,ふどき,,古代,日本全国,各国から奈良の朝廷,奈良時代初め,713,JH-000375-R02,reverse,複合説明,reverse,何が書かれている・何が分かる？,奈良の朝廷の命令で各国が作成し、**地名の由来**・産物・土地の状態・伝承などを記した地誌。,地名の由来|産物|伝承|地方把握|地誌,,,,国立歴史民俗博物館「第1展示室 先史・古代」,https://www.rekihaku.ac.jp/exhibitions/room1/
日本史段階別デッキ｜Deck 1｜日本史の最重要骨格400語,JH-000375,375,Deck 1｜骨格・基礎,文書・史料,風土記,ふどき,,古代,日本全国,各国から奈良の朝廷,奈良時代初め,713,JH-000375-R03,reverse,結果・関連,reverse,何につながった・どんな意味があった？,律令国家の**地方把握**を示し、地域社会・信仰・言語を知る重要史料となる。,地名の由来|産物|伝承|地方把握|地誌,,,,国立歴史民俗博物館「第1展示室 先史・古代」,https://www.rekihaku.ac.jp/exhibitions/room1/
日本史段階別デッキ｜Deck 1｜日本史の最重要骨格400語,JH-000375,375,Deck 1｜骨格・基礎,文書・史料,風土記,ふどき,,古代,日本全国,各国から奈良の朝廷,奈良時代初め,713,JH-000375-I01,integrated,統合説明,integrated,「風土記」について説明せよ。,奈良時代初め、各国から奈良の朝廷を主な舞台として、奈良の朝廷の命令で各国が作成し、**地名の由来**・産物・土地の状態・伝承などを記した地誌。 律令国家の**地方把握**を示し、地域社会・信仰・言語を知る重要史料となる。,地名の由来|産物|伝承|地方把握|地誌,,,,国立歴史民俗博物館「第1展示室 先史・古代」,https://www.rekihaku.ac.jp/exhibitions/room1/
日本史段階別デッキ｜Deck 1｜日本史の最重要骨格400語,JH-000285,285,Deck 1｜骨格・基礎,文書・史料,日本書紀,にほんしょき,,古代,近畿,奈良の朝廷と東アジア世界,奈良時代初め,720,JH-000285-B01,beginner,用語の特定,identify,舎人親王らが漢文で編纂し、神代から持統天皇までを記した日本最初の勅撰正史は？,日本書紀(にほんしょき),日本書紀,,,,国立歴史民俗博物館「第1展示室 先史・古代」,https://www.rekihaku.ac.jp/exhibitions/room1/
日本史段階別デッキ｜Deck 1｜日本史の最重要骨格400語,JH-000285,285,Deck 1｜骨格・基礎,文書・史料,日本書紀,にほんしょき,,古代,近畿,奈良の朝廷と東アジア世界,奈良時代初め,720,JH-000285-B02,beginner,時期,time,日本書紀(にほんしょき)が作成・成立したのはいつ？,奈良時代初め,奈良時代初め,,,,国立歴史民俗博物館「第1展示室 先史・古代」,https://www.rekihaku.ac.jp/exhibitions/room1/
日本史段階別デッキ｜Deck 1｜日本史の最重要骨格400語,JH-000285,285,Deck 1｜骨格・基礎,文書・史料,日本書紀,にほんしょき,,古代,近畿,奈良の朝廷と東アジア世界,奈良時代初め,720,JH-000285-B03,beginner,内容,content,日本書紀(にほんしょき)の文章に用いられた言語・文体は？,漢文,漢文,,,,国立歴史民俗博物館「第1展示室 先史・古代」,https://www.rekihaku.ac.jp/exhibitions/room1/
日本史段階別デッキ｜Deck 1｜日本史の最重要骨格400語,JH-000285,285,Deck 1｜骨格・基礎,文書・史料,日本書紀,にほんしょき,,古代,近畿,奈良の朝廷と東アジア世界,奈良時代初め,720,JH-000285-R01,reverse,時期,time,作成・成立したのはいつ？,**奈良時代初め**,奈良時代初め,,,,国立歴史民俗博物館「第1展示室 先史・古代」,https://www.rekihaku.ac.jp/exhibitions/room1/
日本史段階別デッキ｜Deck 1｜日本史の最重要骨格400語,JH-000285,285,Deck 1｜骨格・基礎,文書・史料,日本書紀,にほんしょき,,古代,近畿,奈良の朝廷と東アジア世界,奈良時代初め,720,JH-000285-R02,reverse,複合説明,reverse,何が書かれている・何が分かる？,奈良の朝廷で**舎人親王**らが漢文で編纂し、神代から持統天皇までを記した最初の勅撰正史。,舎人親王|漢文|勅撰正史|国家の正統性,,,,国立歴史民俗博物館「第1展示室 先史・古代」,https://www.rekihaku.ac.jp/exhibitions/room1/
日本史段階別デッキ｜Deck 1｜日本史の最重要骨格400語,JH-000285,285,Deck 1｜骨格・基礎,文書・史料,日本書紀,にほんしょき,,古代,近畿,奈良の朝廷と東アジア世界,奈良時代初め,720,JH-000285-R03,reverse,結果・関連,reverse,何につながった・どんな意味があった？,中国王朝に対して**国家の歴史と正統性**を示す意図を持ち、古代政治史の基本史料となる。,舎人親王|漢文|勅撰正史|国家の正統性,,,,国立歴史民俗博物館「第1展示室 先史・古代」,https://www.rekihaku.ac.jp/exhibitions/room1/
日本史段階別デッキ｜Deck 1｜日本史の最重要骨格400語,JH-000285,285,Deck 1｜骨格・基礎,文書・史料,日本書紀,にほんしょき,,古代,近畿,奈良の朝廷と東アジア世界,奈良時代初め,720,JH-000285-I01,integrated,統合説明,integrated,「日本書紀(にほんしょき)」について説明せよ。,奈良時代初め、奈良の朝廷と東アジア世界を主な舞台として、奈良の朝廷で**舎人親王**らが漢文で編纂し、神代から持統天皇までを記した最初の勅撰正史。 中国王朝に対して**国家の歴史と正統性**を示す意図を持ち、古代政治史の基本史料となる。,舎人親王|漢文|勅撰正史|国家の正統性,,,,国立歴史民俗博物館「第1展示室 先史・古代」,https://www.rekihaku.ac.jp/exhibitions/room1/
日本史段階別デッキ｜Deck 1｜日本史の最重要骨格400語,JH-000226,226,Deck 1｜骨格・基礎,人物,聖武天皇,しょうむてんのう,,古代,近畿,平城京を中心とする朝廷,奈良時代中頃,740,JH-000226-B01,beginner,用語の特定,identify,国分寺・国分尼寺(こくぶんじ・こくぶんにじ)の建立と東大寺大仏造立を命じた天皇は？,聖武天皇,聖武天皇,,,,国立歴史民俗博物館「第1展示室 先史・古代」,https://www.rekihaku.ac.jp/exhibitions/room1/
日本史段階別デッキ｜Deck 1｜日本史の最重要骨格400語,JH-000226,226,Deck 1｜骨格・基礎,人物,聖武天皇,しょうむてんのう,,古代,近畿,平城京を中心とする朝廷,奈良時代中頃,740,JH-000226-B02,beginner,時期,time,聖武天皇が主に活動したのはいつ？,奈良時代中頃,奈良時代中頃,,,,国立歴史民俗博物館「第1展示室 先史・古代」,https://www.rekihaku.ac.jp/exhibitions/room1/
日本史段階別デッキ｜Deck 1｜日本史の最重要骨格400語,JH-000226,226,Deck 1｜骨格・基礎,人物,聖武天皇,しょうむてんのう,,古代,近畿,平城京を中心とする朝廷,奈良時代中頃,740,JH-000226-B03,beginner,文化,relation,聖武天皇が造立を進めた大仏の寺院は？,東大寺,東大寺,,,,国立歴史民俗博物館「第1展示室 先史・古代」,https://www.rekihaku.ac.jp/exhibitions/room1/
日本史段階別デッキ｜Deck 1｜日本史の最重要骨格400語,JH-000226,226,Deck 1｜骨格・基礎,人物,聖武天皇,しょうむてんのう,,古代,近畿,平城京を中心とする朝廷,奈良時代中頃,740,JH-000226-R01,reverse,時期,time,主に活動したのはいつ？,**奈良時代中頃**,奈良時代中頃,,,,国立歴史民俗博物館「第1展示室 先史・古代」,https://www.rekihaku.ac.jp/exhibitions/room1/
日本史段階別デッキ｜Deck 1｜日本史の最重要骨格400語,JH-000226,226,Deck 1｜骨格・基礎,人物,聖武天皇,しょうむてんのう,,古代,近畿,平城京を中心とする朝廷,奈良時代中頃,740,JH-000226-R02,reverse,複合説明,reverse,何をした？,平城京の朝廷で、疫病・飢饉・反乱が続く社会を仏教で安定させようとし、**国分寺・国分尼寺(こくぶんじ・こくぶんにじ)**と東大寺大仏を造営した。,国分寺・国分尼寺|東大寺|大仏|国家鎮護|天平文化,,,,国立歴史民俗博物館「第1展示室 先史・古代」,https://www.rekihaku.ac.jp/exhibitions/room1/
日本史段階別デッキ｜Deck 1｜日本史の最重要骨格400語,JH-000226,226,Deck 1｜骨格・基礎,人物,聖武天皇,しょうむてんのう,,古代,近畿,平城京を中心とする朝廷,奈良時代中頃,740,JH-000226-R03,reverse,結果・関連,reverse,何につながった・どんな意味があった？,**国家鎮護**仏教を全国へ広げ、天平文化(てんぴょうぶんか)の国家的・国際的性格を強めた。,国分寺・国分尼寺|東大寺|大仏|国家鎮護|天平文化,,,,国立歴史民俗博物館「第1展示室 先史・古代」,https://www.rekihaku.ac.jp/exhibitions/room1/
日本史段階別デッキ｜Deck 1｜日本史の最重要骨格400語,JH-000226,226,Deck 1｜骨格・基礎,人物,聖武天皇,しょうむてんのう,,古代,近畿,平城京を中心とする朝廷,奈良時代中頃,740,JH-000226-I01,integrated,統合説明,integrated,「聖武天皇」について説明せよ。,奈良時代中頃、平城京を中心とする朝廷を主な舞台として、平城京の朝廷で、疫病・飢饉・反乱が続く社会を仏教で安定させようとし、**国分寺・国分尼寺(こくぶんじ・こくぶんにじ)**と東大寺大仏を造営した。 **国家鎮護**仏教を全国へ広げ、天平文化(てんぴょうぶんか)の国家的・国際的性格を強めた。,国分寺・国分尼寺|東大寺|大仏|国家鎮護|天平文化,,,,国立歴史民俗博物館「第1展示室 先史・古代」,https://www.rekihaku.ac.jp/exhibitions/room1/
日本史段階別デッキ｜Deck 1｜日本史の最重要骨格400語,JH-000266,266,Deck 1｜骨格・基礎,宗教・宗派,国分寺・国分尼寺,こくぶんじ・こくぶんにじ,,古代,日本全国,各国の国府付近,奈良時代中頃,741,JH-000266-B01,beginner,用語の特定,identify,聖武天皇が国家鎮護を願い、各国に建立させた僧寺と尼寺は？,国分寺・国分尼寺(こくぶんじ・こくぶんにじ),国分寺・国分尼寺,,,,国立歴史民俗博物館「第1展示室 先史・古代」,https://www.rekihaku.ac.jp/exhibitions/room1/
日本史段階別デッキ｜Deck 1｜日本史の最重要骨格400語,JH-000266,266,Deck 1｜骨格・基礎,宗教・宗派,国分寺・国分尼寺,こくぶんじ・こくぶんにじ,,古代,日本全国,各国の国府付近,奈良時代中頃,741,JH-000266-B02,beginner,時期,time,国分寺・国分尼寺(こくぶんじ・こくぶんにじ)の建立が進められたのはいつ？,奈良時代中頃,奈良時代中頃,,,,国立歴史民俗博物館「第1展示室 先史・古代」,https://www.rekihaku.ac.jp/exhibitions/room1/
日本史段階別デッキ｜Deck 1｜日本史の最重要骨格400語,JH-000266,266,Deck 1｜骨格・基礎,宗教・宗派,国分寺・国分尼寺,こくぶんじ・こくぶんにじ,,古代,日本全国,各国の国府付近,奈良時代中頃,741,JH-000266-B03,beginner,人物,person,国分寺・国分尼寺(こくぶんじ・こくぶんにじ)の建立を命じた天皇は？,聖武天皇,聖武天皇,,,,国立歴史民俗博物館「第1展示室 先史・古代」,https://www.rekihaku.ac.jp/exhibitions/room1/
日本史段階別デッキ｜Deck 1｜日本史の最重要骨格400語,JH-000266,266,Deck 1｜骨格・基礎,宗教・宗派,国分寺・国分尼寺,こくぶんじ・こくぶんにじ,,古代,日本全国,各国の国府付近,奈良時代中頃,741,JH-000266-R01,reverse,時期,time,建立が進められたのはいつ？,**奈良時代中頃**,奈良時代中頃,,,,国立歴史民俗博物館「第1展示室 先史・古代」,https://www.rekihaku.ac.jp/exhibitions/room1/
日本史段階別デッキ｜Deck 1｜日本史の最重要骨格400語,JH-000266,266,Deck 1｜骨格・基礎,宗教・宗派,国分寺・国分尼寺,こくぶんじ・こくぶんにじ,,古代,日本全国,各国の国府付近,奈良時代中頃,741,JH-000266-R02,reverse,複合説明,reverse,どんな宗教・教え？,聖武天皇が各国の国府付近に建立させた**僧寺**と**尼寺**で、仏教による国家鎮護を目指した。,聖武天皇|僧寺|尼寺|国家鎮護|東大寺,,,,国立歴史民俗博物館「第1展示室 先史・古代」,https://www.rekihaku.ac.jp/exhibitions/room1/
日本史段階別デッキ｜Deck 1｜日本史の最重要骨格400語,JH-000266,266,Deck 1｜骨格・基礎,宗教・宗派,国分寺・国分尼寺,こくぶんじ・こくぶんにじ,,古代,日本全国,各国の国府付近,奈良時代中頃,741,JH-000266-R03,reverse,結果・関連,reverse,何につながった・どんな意味があった？,中央の**東大寺**を頂点に地方支配と仏教組織を結び、律令国家の統合を象徴した。,聖武天皇|僧寺|尼寺|国家鎮護|東大寺,,,,国立歴史民俗博物館「第1展示室 先史・古代」,https://www.rekihaku.ac.jp/exhibitions/room1/
日本史段階別デッキ｜Deck 1｜日本史の最重要骨格400語,JH-000266,266,Deck 1｜骨格・基礎,宗教・宗派,国分寺・国分尼寺,こくぶんじ・こくぶんにじ,,古代,日本全国,各国の国府付近,奈良時代中頃,741,JH-000266-I01,integrated,統合説明,integrated,「国分寺・国分尼寺(こくぶんじ・こくぶんにじ)」について説明せよ。,奈良時代中頃、各国の国府付近を主な舞台として、聖武天皇が各国の国府付近に建立させた**僧寺**と**尼寺**で、仏教による国家鎮護を目指した。 中央の**東大寺**を頂点に地方支配と仏教組織を結び、律令国家の統合を象徴した。,聖武天皇|僧寺|尼寺|国家鎮護|東大寺,,,,国立歴史民俗博物館「第1展示室 先史・古代」,https://www.rekihaku.ac.jp/exhibitions/room1/
日本史段階別デッキ｜Deck 1｜日本史の最重要骨格400語,JH-000082,82,Deck 1｜骨格・基礎,土地制度・租税,墾田永年私財法,こんでんえいねんしざいほう,,古代,日本全国,律令国家の全国,743年,743,JH-000082-B01,beginner,用語の特定,identify,新しく開墾した土地の永久私有を認め、初期荘園の拡大を促した法は？,墾田永年私財法(こんでんえいねんしざいほう),墾田永年私財法,,,,国立歴史民俗博物館「第1展示室 先史・古代」,https://www.rekihaku.ac.jp/exhibitions/room1/
日本史段階別デッキ｜Deck 1｜日本史の最重要骨格400語,JH-000082,82,Deck 1｜骨格・基礎,土地制度・租税,墾田永年私財法,こんでんえいねんしざいほう,,古代,日本全国,律令国家の全国,743年,743,JH-000082-B02,beginner,時期,time,墾田永年私財法(こんでんえいねんしざいほう)が成立・実施されたのはいつ？,743年,743年,,,743年：「無しさ」（743）期限は、墾田永年私財法,国立歴史民俗博物館「第1展示室 先史・古代」,https://www.rekihaku.ac.jp/exhibitions/room1/
日本史段階別デッキ｜Deck 1｜日本史の最重要骨格400語,JH-000082,82,Deck 1｜骨格・基礎,土地制度・租税,墾田永年私財法,こんでんえいねんしざいほう,,古代,日本全国,律令国家の全国,743年,743,JH-000082-B03,beginner,内容,content,墾田永年私財法(こんでんえいねんしざいほう)が永久私有を認めた土地は？,新たに開墾した田地,新たに開墾した田地,,,,国立歴史民俗博物館「第1展示室 先史・古代」,https://www.rekihaku.ac.jp/exhibitions/room1/
日本史段階別デッキ｜Deck 1｜日本史の最重要骨格400語,JH-000082,82,Deck 1｜骨格・基礎,土地制度・租税,墾田永年私財法,こんでんえいねんしざいほう,,古代,日本全国,律令国家の全国,743年,743,JH-000082-R01,reverse,時期,time,成立・実施されたのはいつ？,**743年**,743年,,,743年：「無しさ」（743）期限は、墾田永年私財法,国立歴史民俗博物館「第1展示室 先史・古代」,https://www.rekihaku.ac.jp/exhibitions/room1/
日本史段階別デッキ｜Deck 1｜日本史の最重要骨格400語,JH-000082,82,Deck 1｜骨格・基礎,土地制度・租税,墾田永年私財法,こんでんえいねんしざいほう,,古代,日本全国,律令国家の全国,743年,743,JH-000082-R02,reverse,複合説明,reverse,どんな制度？,律令政府が新たに開墾した田地の**永久私有**を認めた法。,永久私有|開墾|貴族・寺社|荘園|公地公民,,,,国立歴史民俗博物館「第1展示室 先史・古代」,https://www.rekihaku.ac.jp/exhibitions/room1/
日本史段階別デッキ｜Deck 1｜日本史の最重要骨格400語,JH-000082,82,Deck 1｜骨格・基礎,土地制度・租税,墾田永年私財法,こんでんえいねんしざいほう,,古代,日本全国,律令国家の全国,743年,743,JH-000082-R03,reverse,結果・関連,reverse,何につながった・どんな意味があった？,**開墾**を促進した一方、貴族・寺社・地方豪族の土地集積を進め、荘園発達と公地公民の変質につながった。,永久私有|開墾|貴族・寺社|荘園|公地公民,,,,国立歴史民俗博物館「第1展示室 先史・古代」,https://www.rekihaku.ac.jp/exhibitions/room1/
日本史段階別デッキ｜Deck 1｜日本史の最重要骨格400語,JH-000082,82,Deck 1｜骨格・基礎,土地制度・租税,墾田永年私財法,こんでんえいねんしざいほう,,古代,日本全国,律令国家の全国,743年,743,JH-000082-I01,integrated,統合説明,integrated,「墾田永年私財法(こんでんえいねんしざいほう)」について説明せよ。,743年、律令国家の全国を主な舞台として、律令政府が新たに開墾した田地の**永久私有**を認めた法。 **開墾**を促進した一方、貴族・寺社・地方豪族の土地集積を進め、荘園発達と公地公民の変質につながった。,永久私有|開墾|貴族・寺社|荘園|公地公民,,,743年：「無しさ」（743）期限は、墾田永年私財法,国立歴史民俗博物館「第1展示室 先史・古代」,https://www.rekihaku.ac.jp/exhibitions/room1/
日本史段階別デッキ｜Deck 1｜日本史の最重要骨格400語,JH-000090,90,Deck 1｜骨格・基礎,制度・政策・法律,国司,こくし,,古代,日本全国,中央から各国の国府へ派遣,律令時代〜平安時代,750,JH-000090-B01,beginner,用語の特定,identify,律令国家で中央政府から各国へ派遣され、行政・租税・治安を担当した地方官は？,国司,国司,,,,国立歴史民俗博物館「第1展示室 先史・古代」,https://www.rekihaku.ac.jp/exhibitions/room1/
日本史段階別デッキ｜Deck 1｜日本史の最重要骨格400語,JH-000090,90,Deck 1｜骨格・基礎,制度・政策・法律,国司,こくし,,古代,日本全国,中央から各国の国府へ派遣,律令時代〜平安時代,750,JH-000090-B02,beginner,時期,time,国司が成立・実施されたのはいつ？,律令時代〜平安時代,律令時代〜平安時代,,,,国立歴史民俗博物館「第1展示室 先史・古代」,https://www.rekihaku.ac.jp/exhibitions/room1/
日本史段階別デッキ｜Deck 1｜日本史の最重要骨格400語,JH-000090,90,Deck 1｜骨格・基礎,制度・政策・法律,国司,こくし,,古代,日本全国,中央から各国の国府へ派遣,律令時代〜平安時代,750,JH-000090-B03,beginner,地域,place,国司が勤務した地方行政の拠点は？,国府,国府,,,,国立歴史民俗博物館「第1展示室 先史・古代」,https://www.rekihaku.ac.jp/exhibitions/room1/
日本史段階別デッキ｜Deck 1｜日本史の最重要骨格400語,JH-000090,90,Deck 1｜骨格・基礎,制度・政策・法律,国司,こくし,,古代,日本全国,中央から各国の国府へ派遣,律令時代〜平安時代,750,JH-000090-R01,reverse,時期,time,成立・実施されたのはいつ？,**律令時代〜平安時代**,律令時代〜平安時代,,,,国立歴史民俗博物館「第1展示室 先史・古代」,https://www.rekihaku.ac.jp/exhibitions/room1/
日本史段階別デッキ｜Deck 1｜日本史の最重要骨格400語,JH-000090,90,Deck 1｜骨格・基礎,制度・政策・法律,国司,こくし,,古代,日本全国,中央から各国の国府へ派遣,律令時代〜平安時代,750,JH-000090-R02,reverse,複合説明,reverse,どんな制度・政策・法律？,中央政府から各国の**国府**へ派遣され、行政・裁判・軍事・租税徴収を担った地方官。,国府|地方官|租税徴収|受領|武士,,,,国立歴史民俗博物館「第1展示室 先史・古代」,https://www.rekihaku.ac.jp/exhibitions/room1/
日本史段階別デッキ｜Deck 1｜日本史の最重要骨格400語,JH-000090,90,Deck 1｜骨格・基礎,制度・政策・法律,国司,こくし,,古代,日本全国,中央から各国の国府へ派遣,律令時代〜平安時代,750,JH-000090-R03,reverse,結果・関連,reverse,何につながった・どんな意味があった？,平安時代には任国へ下る**受領(ずりょう)**が実務と利益を握り、地方支配と武士成長に影響した。,国府|地方官|租税徴収|受領|武士,,,,国立歴史民俗博物館「第1展示室 先史・古代」,https://www.rekihaku.ac.jp/exhibitions/room1/
日本史段階別デッキ｜Deck 1｜日本史の最重要骨格400語,JH-000090,90,Deck 1｜骨格・基礎,制度・政策・法律,国司,こくし,,古代,日本全国,中央から各国の国府へ派遣,律令時代〜平安時代,750,JH-000090-I01,integrated,統合説明,integrated,「国司」について説明せよ。,律令時代〜平安時代、中央から各国の国府へ派遣を主な舞台として、中央政府から各国の**国府**へ派遣され、行政・裁判・軍事・租税徴収を担った地方官。 平安時代には任国へ下る**受領(ずりょう)**が実務と利益を握り、地方支配と武士成長に影響した。,国府|地方官|租税徴収|受領|武士,,,,国立歴史民俗博物館「第1展示室 先史・古代」,https://www.rekihaku.ac.jp/exhibitions/room1/
日本史段階別デッキ｜Deck 1｜日本史の最重要骨格400語,JH-000286,286,Deck 1｜骨格・基礎,文化・技術・学問,天平文化,てんぴょうぶんか,,古代,近畿,平城京と東アジア・西域,奈良時代,750,JH-000286-B01,beginner,用語の特定,identify,遣唐使(けんとうし)を通じた唐や西域の影響を受け、正倉院宝物などに国際性が表れた文化は？,天平文化(てんぴょうぶんか),天平文化,,,,文化庁「文化遺産オンライン」,https://online.bunka.go.jp/
日本史段階別デッキ｜Deck 1｜日本史の最重要骨格400語,JH-000286,286,Deck 1｜骨格・基礎,文化・技術・学問,天平文化,てんぴょうぶんか,,古代,近畿,平城京と東アジア・西域,奈良時代,750,JH-000286-B02,beginner,時期,time,天平文化(てんぴょうぶんか)が成立・発達したのはいつ？,奈良時代,奈良時代,,,,文化庁「文化遺産オンライン」,https://online.bunka.go.jp/
日本史段階別デッキ｜Deck 1｜日本史の最重要骨格400語,JH-000286,286,Deck 1｜骨格・基礎,文化・技術・学問,天平文化,てんぴょうぶんか,,古代,近畿,平城京と東アジア・西域,奈良時代,750,JH-000286-B03,beginner,地域,place,天平文化(てんぴょうぶんか)の中心となった都は？,平城京,平城京,,,,文化庁「文化遺産オンライン」,https://online.bunka.go.jp/
日本史段階別デッキ｜Deck 1｜日本史の最重要骨格400語,JH-000286,286,Deck 1｜骨格・基礎,文化・技術・学問,天平文化,てんぴょうぶんか,,古代,近畿,平城京と東アジア・西域,奈良時代,750,JH-000286-R01,reverse,時期,time,成立・発達したのはいつ？,**奈良時代**,奈良時代,,,,文化庁「文化遺産オンライン」,https://online.bunka.go.jp/
日本史段階別デッキ｜Deck 1｜日本史の最重要骨格400語,JH-000286,286,Deck 1｜骨格・基礎,文化・技術・学問,天平文化,てんぴょうぶんか,,古代,近畿,平城京と東アジア・西域,奈良時代,750,JH-000286-R02,reverse,複合説明,reverse,どんな文化・技術・学問？,**平城京**を中心に、遣唐使(けんとうし)を通じて唐・朝鮮半島・西域の影響を受けた国際色豊かな文化。,平城京|遣唐使|唐|西域|東大寺|正倉院,,,,文化庁「文化遺産オンライン」,https://online.bunka.go.jp/
日本史段階別デッキ｜Deck 1｜日本史の最重要骨格400語,JH-000286,286,Deck 1｜骨格・基礎,文化・技術・学問,天平文化,てんぴょうぶんか,,古代,近畿,平城京と東アジア・西域,奈良時代,750,JH-000286-R03,reverse,結果・関連,reverse,何につながった・どんな意味があった？,**東大寺**・正倉院宝物・万葉集などに、国家仏教と貴族文化の発展が表れた。,平城京|遣唐使|唐|西域|東大寺|正倉院,,,,文化庁「文化遺産オンライン」,https://online.bunka.go.jp/
日本史段階別デッキ｜Deck 1｜日本史の最重要骨格400語,JH-000286,286,Deck 1｜骨格・基礎,文化・技術・学問,天平文化,てんぴょうぶんか,,古代,近畿,平城京と東アジア・西域,奈良時代,750,JH-000286-I01,integrated,統合説明,integrated,「天平文化(てんぴょうぶんか)」について説明せよ。,奈良時代、平城京と東アジア・西域を主な舞台として、**平城京**を中心に、遣唐使(けんとうし)を通じて唐・朝鮮半島・西域の影響を受けた国際色豊かな文化。 **東大寺**・正倉院宝物・万葉集などに、国家仏教と貴族文化の発展が表れた。,平城京|遣唐使|唐|西域|東大寺|正倉院,,,,文化庁「文化遺産オンライン」,https://online.bunka.go.jp/
日本史段階別デッキ｜Deck 1｜日本史の最重要骨格400語,JH-000302,302,Deck 1｜骨格・基礎,文学・美術・建築,正倉院,しょうそういん,,古代,近畿,奈良の東大寺,奈良時代,750,JH-000302-B01,beginner,用語の特定,identify,聖武天皇ゆかりの品やシルクロード系の宝物を納め、天平文化(てんぴょうぶんか)の国際性を示す東大寺の宝庫は？,正倉院,正倉院,,,,文化庁「文化遺産オンライン」,https://online.bunka.go.jp/
日本史段階別デッキ｜Deck 1｜日本史の最重要骨格400語,JH-000302,302,Deck 1｜骨格・基礎,文学・美術・建築,正倉院,しょうそういん,,古代,近畿,奈良の東大寺,奈良時代,750,JH-000302-B02,beginner,時期,time,正倉院が成立したのはいつ？,奈良時代,奈良時代,,,,文化庁「文化遺産オンライン」,https://online.bunka.go.jp/
日本史段階別デッキ｜Deck 1｜日本史の最重要骨格400語,JH-000302,302,Deck 1｜骨格・基礎,文学・美術・建築,正倉院,しょうそういん,,古代,近畿,奈良の東大寺,奈良時代,750,JH-000302-B03,beginner,地域,place,正倉院が付属する寺院は？,東大寺,東大寺,,,,文化庁「文化遺産オンライン」,https://online.bunka.go.jp/
日本史段階別デッキ｜Deck 1｜日本史の最重要骨格400語,JH-000302,302,Deck 1｜骨格・基礎,文学・美術・建築,正倉院,しょうそういん,,古代,近畿,奈良の東大寺,奈良時代,750,JH-000302-R01,reverse,時期,time,成立したのはいつ？,**奈良時代**,奈良時代,,,,文化庁「文化遺産オンライン」,https://online.bunka.go.jp/
日本史段階別デッキ｜Deck 1｜日本史の最重要骨格400語,JH-000302,302,Deck 1｜骨格・基礎,文学・美術・建築,正倉院,しょうそういん,,古代,近畿,奈良の東大寺,奈良時代,750,JH-000302-R02,reverse,複合説明,reverse,どのような作品・様式？,奈良の**東大寺**にある校倉造の宝庫で、聖武天皇ゆかりの品や西域系の工芸品・文書を伝える。,東大寺|校倉造|シルクロード|天平文化|正倉院文書,,,,文化庁「文化遺産オンライン」,https://online.bunka.go.jp/
日本史段階別デッキ｜Deck 1｜日本史の最重要骨格400語,JH-000302,302,Deck 1｜骨格・基礎,文学・美術・建築,正倉院,しょうそういん,,古代,近畿,奈良の東大寺,奈良時代,750,JH-000302-R03,reverse,結果・関連,reverse,何につながった・どんな意味があった？,宝物はシルクロードを通じた交流と**天平文化(てんぴょうぶんか)**の国際性、正倉院文書は律令社会の実態を示す。,東大寺|校倉造|シルクロード|天平文化|正倉院文書,,,,文化庁「文化遺産オンライン」,https://online.bunka.go.jp/
日本史段階別デッキ｜Deck 1｜日本史の最重要骨格400語,JH-000302,302,Deck 1｜骨格・基礎,文学・美術・建築,正倉院,しょうそういん,,古代,近畿,奈良の東大寺,奈良時代,750,JH-000302-I01,integrated,統合説明,integrated,「正倉院」について説明せよ。,奈良時代、奈良の東大寺を主な舞台として、奈良の**東大寺**にある校倉造の宝庫で、聖武天皇ゆかりの品や西域系の工芸品・文書を伝える。 宝物はシルクロードを通じた交流と**天平文化(てんぴょうぶんか)**の国際性、正倉院文書は律令社会の実態を示す。,東大寺|校倉造|シルクロード|天平文化|正倉院文書,,,,文化庁「文化遺産オンライン」,https://online.bunka.go.jp/
日本史段階別デッキ｜Deck 1｜日本史の最重要骨格400語,JH-000303,303,Deck 1｜骨格・基礎,文学・美術・建築,東大寺,とうだいじ,,古代,近畿,奈良の平城京,奈良時代中頃,752,JH-000303-B01,beginner,用語の特定,identify,聖武天皇が大仏を造立し、全国の国分寺を統括する中心寺院とした奈良の寺は？,東大寺,東大寺,,,,文化庁「文化遺産オンライン」,https://online.bunka.go.jp/
日本史段階別デッキ｜Deck 1｜日本史の最重要骨格400語,JH-000303,303,Deck 1｜骨格・基礎,文学・美術・建築,東大寺,とうだいじ,,古代,近畿,奈良の平城京,奈良時代中頃,752,JH-000303-B02,beginner,時期,time,東大寺が建立されたのはいつ？,奈良時代中頃,奈良時代中頃,,,,文化庁「文化遺産オンライン」,https://online.bunka.go.jp/
日本史段階別デッキ｜Deck 1｜日本史の最重要骨格400語,JH-000303,303,Deck 1｜骨格・基礎,文学・美術・建築,東大寺,とうだいじ,,古代,近畿,奈良の平城京,奈良時代中頃,752,JH-000303-B03,beginner,文化,content,東大寺に造立された本尊は？,盧舎那仏,盧舎那仏,,,,文化庁「文化遺産オンライン」,https://online.bunka.go.jp/
日本史段階別デッキ｜Deck 1｜日本史の最重要骨格400語,JH-000303,303,Deck 1｜骨格・基礎,文学・美術・建築,東大寺,とうだいじ,,古代,近畿,奈良の平城京,奈良時代中頃,752,JH-000303-R01,reverse,時期,time,建立されたのはいつ？,**奈良時代中頃**,奈良時代中頃,,,,文化庁「文化遺産オンライン」,https://online.bunka.go.jp/
日本史段階別デッキ｜Deck 1｜日本史の最重要骨格400語,JH-000303,303,Deck 1｜骨格・基礎,文学・美術・建築,東大寺,とうだいじ,,古代,近畿,奈良の平城京,奈良時代中頃,752,JH-000303-R02,reverse,複合説明,reverse,どのような作品・様式？,奈良の平城京に建立され、聖武天皇が**盧舎那仏**の大仏を造立した国家仏教の中心寺院。,聖武天皇|盧舎那仏|総国分寺|国家鎮護|天平文化,,,,文化庁「文化遺産オンライン」,https://online.bunka.go.jp/
日本史段階別デッキ｜Deck 1｜日本史の最重要骨格400語,JH-000303,303,Deck 1｜骨格・基礎,文学・美術・建築,東大寺,とうだいじ,,古代,近畿,奈良の平城京,奈良時代中頃,752,JH-000303-R03,reverse,結果・関連,reverse,何につながった・どんな意味があった？,全国の国分寺を統括する**総国分寺**とされ、国家鎮護と天平文化(てんぴょうぶんか)を象徴した。,聖武天皇|盧舎那仏|総国分寺|国家鎮護|天平文化,,,,文化庁「文化遺産オンライン」,https://online.bunka.go.jp/
日本史段階別デッキ｜Deck 1｜日本史の最重要骨格400語,JH-000303,303,Deck 1｜骨格・基礎,文学・美術・建築,東大寺,とうだいじ,,古代,近畿,奈良の平城京,奈良時代中頃,752,JH-000303-I01,integrated,統合説明,integrated,「東大寺」について説明せよ。,奈良時代中頃、奈良の平城京を主な舞台として、奈良の平城京に建立され、聖武天皇が**盧舎那仏**の大仏を造立した国家仏教の中心寺院。 全国の国分寺を統括する**総国分寺**とされ、国家鎮護と天平文化(てんぴょうぶんか)を象徴した。,聖武天皇|盧舎那仏|総国分寺|国家鎮護|天平文化,,,,文化庁「文化遺産オンライン」,https://online.bunka.go.jp/
日本史段階別デッキ｜Deck 1｜日本史の最重要骨格400語,JH-000314,314,Deck 1｜骨格・基礎,制度・政策・法律,大仏造立,だいぶつぞうりゅう,,古代,近畿,奈良の東大寺,奈良時代中頃,752,JH-000314-B01,beginner,用語の特定,identify,聖武天皇が国家安定を願い、東大寺に盧舎那仏を造った大事業は？,大仏造立,大仏造立,,,,国立歴史民俗博物館「第1展示室 先史・古代」,https://www.rekihaku.ac.jp/exhibitions/room1/
日本史段階別デッキ｜Deck 1｜日本史の最重要骨格400語,JH-000314,314,Deck 1｜骨格・基礎,制度・政策・法律,大仏造立,だいぶつぞうりゅう,,古代,近畿,奈良の東大寺,奈良時代中頃,752,JH-000314-B02,beginner,時期,time,大仏造立が成立・実施されたのはいつ？,奈良時代中頃,奈良時代中頃,,,,国立歴史民俗博物館「第1展示室 先史・古代」,https://www.rekihaku.ac.jp/exhibitions/room1/
日本史段階別デッキ｜Deck 1｜日本史の最重要骨格400語,JH-000314,314,Deck 1｜骨格・基礎,制度・政策・法律,大仏造立,だいぶつぞうりゅう,,古代,近畿,奈良の東大寺,奈良時代中頃,752,JH-000314-B03,beginner,内容,content,大仏造立で造られた仏は？,盧舎那仏,盧舎那仏,,,,国立歴史民俗博物館「第1展示室 先史・古代」,https://www.rekihaku.ac.jp/exhibitions/room1/
日本史段階別デッキ｜Deck 1｜日本史の最重要骨格400語,JH-000314,314,Deck 1｜骨格・基礎,制度・政策・法律,大仏造立,だいぶつぞうりゅう,,古代,近畿,奈良の東大寺,奈良時代中頃,752,JH-000314-R01,reverse,時期,time,成立・実施されたのはいつ？,**奈良時代中頃**,奈良時代中頃,,,,国立歴史民俗博物館「第1展示室 先史・古代」,https://www.rekihaku.ac.jp/exhibitions/room1/
日本史段階別デッキ｜Deck 1｜日本史の最重要骨格400語,JH-000314,314,Deck 1｜骨格・基礎,制度・政策・法律,大仏造立,だいぶつぞうりゅう,,古代,近畿,奈良の東大寺,奈良時代中頃,752,JH-000314-R02,reverse,複合説明,reverse,どんな制度・政策・法律？,奈良の東大寺で、聖武天皇が国家安定を願って**盧舎那仏**の巨大仏像を造営した事業。,聖武天皇|東大寺|盧舎那仏|国家統合|民衆負担,,,,国立歴史民俗博物館「第1展示室 先史・古代」,https://www.rekihaku.ac.jp/exhibitions/room1/
日本史段階別デッキ｜Deck 1｜日本史の最重要骨格400語,JH-000314,314,Deck 1｜骨格・基礎,制度・政策・法律,大仏造立,だいぶつぞうりゅう,,古代,近畿,奈良の東大寺,奈良時代中頃,752,JH-000314-R03,reverse,結果・関連,reverse,何につながった・どんな意味があった？,全国から物資と労働力を集めて**国家の統合力**を示す一方、**民衆へ大きな負担**をかけた。,聖武天皇|東大寺|盧舎那仏|国家統合|民衆負担,,,,国立歴史民俗博物館「第1展示室 先史・古代」,https://www.rekihaku.ac.jp/exhibitions/room1/
日本史段階別デッキ｜Deck 1｜日本史の最重要骨格400語,JH-000314,314,Deck 1｜骨格・基礎,制度・政策・法律,大仏造立,だいぶつぞうりゅう,,古代,近畿,奈良の東大寺,奈良時代中頃,752,JH-000314-I01,integrated,統合説明,integrated,「大仏造立」について説明せよ。,奈良時代中頃、奈良の東大寺を主な舞台として、奈良の東大寺で、聖武天皇が国家安定を願って**盧舎那仏**の巨大仏像を造営した事業。 全国から物資と労働力を集めて**国家の統合力**を示す一方、**民衆へ大きな負担**をかけた。,聖武天皇|東大寺|盧舎那仏|国家統合|民衆負担,,,,国立歴史民俗博物館「第1展示室 先史・古代」,https://www.rekihaku.ac.jp/exhibitions/room1/
日本史段階別デッキ｜Deck 1｜日本史の最重要骨格400語,JH-000338,338,Deck 1｜骨格・基礎,人物,鑑真,がんじん,,古代,東アジア,唐から奈良,奈良時代中頃,754,JH-000338-B01,beginner,用語の特定,identify,度重なる渡航失敗を乗り越えて来日し、正式な戒律を伝え、唐招提寺を開いた僧は？,鑑真,鑑真,,,,国立歴史民俗博物館「第1展示室 先史・古代」,https://www.rekihaku.ac.jp/exhibitions/room1/
日本史段階別デッキ｜Deck 1｜日本史の最重要骨格400語,JH-000338,338,Deck 1｜骨格・基礎,人物,鑑真,がんじん,,古代,東アジア,唐から奈良,奈良時代中頃,754,JH-000338-B02,beginner,時期,time,鑑真が主に活動したのはいつ？,奈良時代中頃,奈良時代中頃,,,,国立歴史民俗博物館「第1展示室 先史・古代」,https://www.rekihaku.ac.jp/exhibitions/room1/
日本史段階別デッキ｜Deck 1｜日本史の最重要骨格400語,JH-000338,338,Deck 1｜骨格・基礎,人物,鑑真,がんじん,,古代,東アジア,唐から奈良,奈良時代中頃,754,JH-000338-B03,beginner,内容,content,鑑真が日本へ伝えた仏教上の制度は？,戒律,戒律,,,,国立歴史民俗博物館「第1展示室 先史・古代」,https://www.rekihaku.ac.jp/exhibitions/room1/
日本史段階別デッキ｜Deck 1｜日本史の最重要骨格400語,JH-000338,338,Deck 1｜骨格・基礎,人物,鑑真,がんじん,,古代,東アジア,唐から奈良,奈良時代中頃,754,JH-000338-R01,reverse,時期,time,主に活動したのはいつ？,**奈良時代中頃**,奈良時代中頃,,,,国立歴史民俗博物館「第1展示室 先史・古代」,https://www.rekihaku.ac.jp/exhibitions/room1/
日本史段階別デッキ｜Deck 1｜日本史の最重要骨格400語,JH-000338,338,Deck 1｜骨格・基礎,人物,鑑真,がんじん,,古代,東アジア,唐から奈良,奈良時代中頃,754,JH-000338-R02,reverse,複合説明,reverse,何をした？,唐から奈良へ渡来し、東大寺に戒壇を設けて僧尼へ正式な**戒律**を授け、唐招提寺を開いた僧。,唐|戒律|戒壇|唐招提寺|天平文化,,,,国立歴史民俗博物館「第1展示室 先史・古代」,https://www.rekihaku.ac.jp/exhibitions/room1/
日本史段階別デッキ｜Deck 1｜日本史の最重要骨格400語,JH-000338,338,Deck 1｜骨格・基礎,人物,鑑真,がんじん,,古代,東アジア,唐から奈良,奈良時代中頃,754,JH-000338-R03,reverse,結果・関連,reverse,何につながった・どんな意味があった？,日本の仏教教団の規律と僧侶資格を整え、**天平文化(てんぴょうぶんか)**の国際性を示した。,唐|戒律|戒壇|唐招提寺|天平文化,,,,国立歴史民俗博物館「第1展示室 先史・古代」,https://www.rekihaku.ac.jp/exhibitions/room1/
日本史段階別デッキ｜Deck 1｜日本史の最重要骨格400語,JH-000338,338,Deck 1｜骨格・基礎,人物,鑑真,がんじん,,古代,東アジア,唐から奈良,奈良時代中頃,754,JH-000338-I01,integrated,統合説明,integrated,「鑑真」について説明せよ。,奈良時代中頃、唐から奈良を主な舞台として、唐から奈良へ渡来し、東大寺に戒壇を設けて僧尼へ正式な**戒律**を授け、唐招提寺を開いた僧。 日本の仏教教団の規律と僧侶資格を整え、**天平文化(てんぴょうぶんか)**の国際性を示した。,唐|戒律|戒壇|唐招提寺|天平文化,,,,国立歴史民俗博物館「第1展示室 先史・古代」,https://www.rekihaku.ac.jp/exhibitions/room1/
日本史段階別デッキ｜Deck 1｜日本史の最重要骨格400語,JH-000304,304,Deck 1｜骨格・基礎,文学・美術・建築,万葉集,まんようしゅう,,古代,日本全国,宮廷から東国・防人の世界,奈良時代後半,760,JH-000304-B01,beginner,用語の特定,identify,天皇・貴族から防人・農民までの歌を収めた、日本最古の歌集は？,万葉集,万葉集,,,,文化庁「文化遺産オンライン」,https://online.bunka.go.jp/
日本史段階別デッキ｜Deck 1｜日本史の最重要骨格400語,JH-000304,304,Deck 1｜骨格・基礎,文学・美術・建築,万葉集,まんようしゅう,,古代,日本全国,宮廷から東国・防人の世界,奈良時代後半,760,JH-000304-B02,beginner,時期,time,万葉集が成立・制作されたのはいつ？,奈良時代後半,奈良時代後半,,,,文化庁「文化遺産オンライン」,https://online.bunka.go.jp/
日本史段階別デッキ｜Deck 1｜日本史の最重要骨格400語,JH-000304,304,Deck 1｜骨格・基礎,文学・美術・建築,万葉集,まんようしゅう,,古代,日本全国,宮廷から東国・防人の世界,奈良時代後半,760,JH-000304-B03,beginner,内容,content,万葉集に収められた文学形式は？,和歌,和歌,,,,文化庁「文化遺産オンライン」,https://online.bunka.go.jp/
日本史段階別デッキ｜Deck 1｜日本史の最重要骨格400語,JH-000304,304,Deck 1｜骨格・基礎,文学・美術・建築,万葉集,まんようしゅう,,古代,日本全国,宮廷から東国・防人の世界,奈良時代後半,760,JH-000304-R01,reverse,時期,time,成立・制作されたのはいつ？,**奈良時代後半**,奈良時代後半,,,,文化庁「文化遺産オンライン」,https://online.bunka.go.jp/
日本史段階別デッキ｜Deck 1｜日本史の最重要骨格400語,JH-000304,304,Deck 1｜骨格・基礎,文学・美術・建築,万葉集,まんようしゅう,,古代,日本全国,宮廷から東国・防人の世界,奈良時代後半,760,JH-000304-R02,reverse,複合説明,reverse,どのような作品・様式？,宮廷から東国・防人の世界まで、天皇・貴族・官人・民衆の**和歌**を幅広く収めた日本最古の歌集。,和歌|万葉仮名|防人|民衆|天平文化,,,,文化庁「文化遺産オンライン」,https://online.bunka.go.jp/
日本史段階別デッキ｜Deck 1｜日本史の最重要骨格400語,JH-000304,304,Deck 1｜骨格・基礎,文学・美術・建築,万葉集,まんようしゅう,,古代,日本全国,宮廷から東国・防人の世界,奈良時代後半,760,JH-000304-R03,reverse,結果・関連,reverse,何につながった・どんな意味があった？,**万葉仮名**で記され、古代の社会・感情・言語と天平文化(てんぴょうぶんか)の広がりを伝える。,和歌|万葉仮名|防人|民衆|天平文化,,,,文化庁「文化遺産オンライン」,https://online.bunka.go.jp/
日本史段階別デッキ｜Deck 1｜日本史の最重要骨格400語,JH-000304,304,Deck 1｜骨格・基礎,文学・美術・建築,万葉集,まんようしゅう,,古代,日本全国,宮廷から東国・防人の世界,奈良時代後半,760,JH-000304-I01,integrated,統合説明,integrated,「万葉集」について説明せよ。,奈良時代後半、宮廷から東国・防人の世界を主な舞台として、宮廷から東国・防人の世界まで、天皇・貴族・官人・民衆の**和歌**を幅広く収めた日本最古の歌集。 **万葉仮名**で記され、古代の社会・感情・言語と天平文化(てんぴょうぶんか)の広がりを伝える。,和歌|万葉仮名|防人|民衆|天平文化,,,,文化庁「文化遺産オンライン」,https://online.bunka.go.jp/
日本史段階別デッキ｜Deck 1｜日本史の最重要骨格400語,JH-000376,376,Deck 1｜骨格・基礎,地域・都市・遺跡,長岡京,ながおかきょう,,古代,近畿,山城国長岡,784年〜794年,784,JH-000376-B01,beginner,用語の特定,identify,桓武天皇が平城京から遷都し、平安京へ移るまで用いた都は？,長岡京,長岡京,,,,国立歴史民俗博物館「第1展示室 先史・古代」,https://www.rekihaku.ac.jp/exhibitions/room1/
日本史段階別デッキ｜Deck 1｜日本史の最重要骨格400語,JH-000376,376,Deck 1｜骨格・基礎,地域・都市・遺跡,長岡京,ながおかきょう,,古代,近畿,山城国長岡,784年〜794年,784,JH-000376-B02,beginner,時期,time,長岡京が歴史上重要な意味を持つのはいつ？,784年〜794年,784年〜794年,,,784年〜794年：「納屋よ」（784）年から「鳴くよ」（794）年までの長岡京,国立歴史民俗博物館「第1展示室 先史・古代」,https://www.rekihaku.ac.jp/exhibitions/room1/
日本史段階別デッキ｜Deck 1｜日本史の最重要骨格400語,JH-000376,376,Deck 1｜骨格・基礎,地域・都市・遺跡,長岡京,ながおかきょう,,古代,近畿,山城国長岡,784年〜794年,784,JH-000376-B03,beginner,人物,person,長岡京へ遷都した天皇は？,桓武天皇,桓武天皇,,,,国立歴史民俗博物館「第1展示室 先史・古代」,https://www.rekihaku.ac.jp/exhibitions/room1/
日本史段階別デッキ｜Deck 1｜日本史の最重要骨格400語,JH-000376,376,Deck 1｜骨格・基礎,地域・都市・遺跡,長岡京,ながおかきょう,,古代,近畿,山城国長岡,784年〜794年,784,JH-000376-R01,reverse,時期,time,歴史上重要な意味を持つのはいつ？,**784年〜794年**,784年〜794年,,,784年〜794年：「納屋よ」（784）年から「鳴くよ」（794）年までの長岡京,国立歴史民俗博物館「第1展示室 先史・古代」,https://www.rekihaku.ac.jp/exhibitions/room1/
日本史段階別デッキ｜Deck 1｜日本史の最重要骨格400語,JH-000376,376,Deck 1｜骨格・基礎,地域・都市・遺跡,長岡京,ながおかきょう,,古代,近畿,山城国長岡,784年〜794年,784,JH-000376-R02,reverse,複合説明,reverse,何が分かる・何が重要？,山城国長岡に**桓武天皇**が平城京から遷した都。,桓武天皇|平城京|寺院勢力|平安京,,,,国立歴史民俗博物館「第1展示室 先史・古代」,https://www.rekihaku.ac.jp/exhibitions/room1/
日本史段階別デッキ｜Deck 1｜日本史の最重要骨格400語,JH-000376,376,Deck 1｜骨格・基礎,地域・都市・遺跡,長岡京,ながおかきょう,,古代,近畿,山城国長岡,784年〜794年,784,JH-000376-R03,reverse,結果・関連,reverse,何につながった・どんな意味があった？,**寺院勢力**の影響を避けて政治刷新を図ったが、造営責任者の暗殺や災害を経て平安京へ移った。,桓武天皇|平城京|寺院勢力|平安京,,,,国立歴史民俗博物館「第1展示室 先史・古代」,https://www.rekihaku.ac.jp/exhibitions/room1/
日本史段階別デッキ｜Deck 1｜日本史の最重要骨格400語,JH-000376,376,Deck 1｜骨格・基礎,地域・都市・遺跡,長岡京,ながおかきょう,,古代,近畿,山城国長岡,784年〜794年,784,JH-000376-I01,integrated,統合説明,integrated,「長岡京」について説明せよ。,784年〜794年、山城国長岡を主な舞台として、山城国長岡に**桓武天皇**が平城京から遷した都。 **寺院勢力**の影響を避けて政治刷新を図ったが、造営責任者の暗殺や災害を経て平安京へ移った。,桓武天皇|平城京|寺院勢力|平安京,,,784年〜794年：「納屋よ」（784）年から「鳴くよ」（794）年までの長岡京,国立歴史民俗博物館「第1展示室 先史・古代」,https://www.rekihaku.ac.jp/exhibitions/room1/
日本史段階別デッキ｜Deck 1｜日本史の最重要骨格400語,JH-000084,84,Deck 1｜骨格・基礎,人物,桓武天皇,かんむてんのう,,古代,近畿,長岡京・平安京の朝廷,8世紀末〜9世紀初め,790,JH-000084-B01,beginner,用語の特定,identify,長岡京・平安京への遷都、蝦夷(えみし)征討、地方行政の再建を進めた天皇は？,桓武天皇,桓武天皇,,,,国立歴史民俗博物館「第1展示室 先史・古代」,https://www.rekihaku.ac.jp/exhibitions/room1/
日本史段階別デッキ｜Deck 1｜日本史の最重要骨格400語,JH-000084,84,Deck 1｜骨格・基礎,人物,桓武天皇,かんむてんのう,,古代,近畿,長岡京・平安京の朝廷,8世紀末〜9世紀初め,790,JH-000084-B02,beginner,時期,time,桓武天皇が主に活動したのはいつ？,8世紀末〜9世紀初め,8世紀末〜9世紀初め,,,8世紀末〜9世紀初め：「や」（8）世紀から「く」（9）世紀までの桓武天皇,国立歴史民俗博物館「第1展示室 先史・古代」,https://www.rekihaku.ac.jp/exhibitions/room1/
日本史段階別デッキ｜Deck 1｜日本史の最重要骨格400語,JH-000084,84,Deck 1｜骨格・基礎,人物,桓武天皇,かんむてんのう,,古代,近畿,長岡京・平安京の朝廷,8世紀末〜9世紀初め,790,JH-000084-B03,beginner,地域,place,桓武天皇が造営した最終的な都は？,平安京,平安京,,,,国立歴史民俗博物館「第1展示室 先史・古代」,https://www.rekihaku.ac.jp/exhibitions/room1/
日本史段階別デッキ｜Deck 1｜日本史の最重要骨格400語,JH-000084,84,Deck 1｜骨格・基礎,人物,桓武天皇,かんむてんのう,,古代,近畿,長岡京・平安京の朝廷,8世紀末〜9世紀初め,790,JH-000084-R01,reverse,時期,time,主に活動したのはいつ？,**8世紀末〜9世紀初め**,8世紀末〜9世紀初め,,,8世紀末〜9世紀初め：「や」（8）世紀から「く」（9）世紀までの桓武天皇,国立歴史民俗博物館「第1展示室 先史・古代」,https://www.rekihaku.ac.jp/exhibitions/room1/
日本史段階別デッキ｜Deck 1｜日本史の最重要骨格400語,JH-000084,84,Deck 1｜骨格・基礎,人物,桓武天皇,かんむてんのう,,古代,近畿,長岡京・平安京の朝廷,8世紀末〜9世紀初め,790,JH-000084-R02,reverse,複合説明,reverse,何をした？,長岡京を経て**平安京**へ遷都し、坂上田村麻呂(さかのうえのたむらまろ)による蝦夷(えみし)征討や地方行政の刷新を進めた。,平安京|坂上田村麻呂|蝦夷征討|寺院勢力|律令国家,,,,国立歴史民俗博物館「第1展示室 先史・古代」,https://www.rekihaku.ac.jp/exhibitions/room1/
日本史段階別デッキ｜Deck 1｜日本史の最重要骨格400語,JH-000084,84,Deck 1｜骨格・基礎,人物,桓武天皇,かんむてんのう,,古代,近畿,長岡京・平安京の朝廷,8世紀末〜9世紀初め,790,JH-000084-R03,reverse,結果・関連,reverse,何につながった・どんな意味があった？,奈良の**寺院勢力**から距離を取り、律令国家を再建して平安時代の政治基盤を整えた。,平安京|坂上田村麻呂|蝦夷征討|寺院勢力|律令国家,,,,国立歴史民俗博物館「第1展示室 先史・古代」,https://www.rekihaku.ac.jp/exhibitions/room1/
日本史段階別デッキ｜Deck 1｜日本史の最重要骨格400語,JH-000084,84,Deck 1｜骨格・基礎,人物,桓武天皇,かんむてんのう,,古代,近畿,長岡京・平安京の朝廷,8世紀末〜9世紀初め,790,JH-000084-I01,integrated,統合説明,integrated,「桓武天皇」について説明せよ。,8世紀末〜9世紀初め、長岡京・平安京の朝廷を主な舞台として、長岡京を経て**平安京**へ遷都し、坂上田村麻呂(さかのうえのたむらまろ)による蝦夷(えみし)征討や地方行政の刷新を進めた。 奈良の**寺院勢力**から距離を取り、律令国家を再建して平安時代の政治基盤を整えた。,平安京|坂上田村麻呂|蝦夷征討|寺院勢力|律令国家,,,8世紀末〜9世紀初め：「や」（8）世紀から「く」（9）世紀までの桓武天皇,国立歴史民俗博物館「第1展示室 先史・古代」,https://www.rekihaku.ac.jp/exhibitions/room1/
日本史段階別デッキ｜Deck 1｜日本史の最重要骨格400語,JH-000083,83,Deck 1｜骨格・基礎,地域・都市・遺跡,平安京,へいあんきょう,,古代,近畿,山城国京都,794年,794,JH-000083-B01,beginner,用語の特定,identify,桓武天皇が山城国に造営し、長く政治・文化の中心となった都は？,平安京,平安京,,,,国立歴史民俗博物館「第1展示室 先史・古代」,https://www.rekihaku.ac.jp/exhibitions/room1/
日本史段階別デッキ｜Deck 1｜日本史の最重要骨格400語,JH-000083,83,Deck 1｜骨格・基礎,地域・都市・遺跡,平安京,へいあんきょう,,古代,近畿,山城国京都,794年,794,JH-000083-B02,beginner,時期,time,平安京が歴史上重要な意味を持つのはいつ？,794年,794年,,,794年：「鳴くよ」（794）ウグイス、平安京,国立歴史民俗博物館「第1展示室 先史・古代」,https://www.rekihaku.ac.jp/exhibitions/room1/
日本史段階別デッキ｜Deck 1｜日本史の最重要骨格400語,JH-000083,83,Deck 1｜骨格・基礎,地域・都市・遺跡,平安京,へいあんきょう,,古代,近畿,山城国京都,794年,794,JH-000083-B03,beginner,人物,person,平安京へ遷都した天皇は？,桓武天皇,桓武天皇,,,,国立歴史民俗博物館「第1展示室 先史・古代」,https://www.rekihaku.ac.jp/exhibitions/room1/
日本史段階別デッキ｜Deck 1｜日本史の最重要骨格400語,JH-000083,83,Deck 1｜骨格・基礎,地域・都市・遺跡,平安京,へいあんきょう,,古代,近畿,山城国京都,794年,794,JH-000083-R01,reverse,時期,time,歴史上重要な意味を持つのはいつ？,**794年**,794年,,,794年：「鳴くよ」（794）ウグイス、平安京,国立歴史民俗博物館「第1展示室 先史・古代」,https://www.rekihaku.ac.jp/exhibitions/room1/
日本史段階別デッキ｜Deck 1｜日本史の最重要骨格400語,JH-000083,83,Deck 1｜骨格・基礎,地域・都市・遺跡,平安京,へいあんきょう,,古代,近畿,山城国京都,794年,794,JH-000083-R02,reverse,複合説明,reverse,何が分かる・何が重要？,山城国京都に、**桓武天皇**が唐の都城制を参考に造営した都。,桓武天皇|京都|都城制|朝廷|貴族文化,,,,国立歴史民俗博物館「第1展示室 先史・古代」,https://www.rekihaku.ac.jp/exhibitions/room1/
日本史段階別デッキ｜Deck 1｜日本史の最重要骨格400語,JH-000083,83,Deck 1｜骨格・基礎,地域・都市・遺跡,平安京,へいあんきょう,,古代,近畿,山城国京都,794年,794,JH-000083-R03,reverse,結果・関連,reverse,何につながった・どんな意味があった？,平安時代を通じて朝廷・貴族文化の中心となり、のちの**京都**の都市的基礎を作った。,桓武天皇|京都|都城制|朝廷|貴族文化,,,,国立歴史民俗博物館「第1展示室 先史・古代」,https://www.rekihaku.ac.jp/exhibitions/room1/
日本史段階別デッキ｜Deck 1｜日本史の最重要骨格400語,JH-000083,83,Deck 1｜骨格・基礎,地域・都市・遺跡,平安京,へいあんきょう,,古代,近畿,山城国京都,794年,794,JH-000083-I01,integrated,統合説明,integrated,「平安京」について説明せよ。,794年、山城国京都を主な舞台として、山城国京都に、**桓武天皇**が唐の都城制を参考に造営した都。 平安時代を通じて朝廷・貴族文化の中心となり、のちの**京都**の都市的基礎を作った。,桓武天皇|京都|都城制|朝廷|貴族文化,,,794年：「鳴くよ」（794）ウグイス、平安京,国立歴史民俗博物館「第1展示室 先史・古代」,https://www.rekihaku.ac.jp/exhibitions/room1/
日本史段階別デッキ｜Deck 1｜日本史の最重要骨格400語,JH-000186,186,Deck 1｜骨格・基礎,制度・政策・法律,征夷大将軍,せいいたいしょうぐん,,古代,日本全国,朝廷・東北、のち武家政権,古代〜近世,800,JH-000186-B01,beginner,用語の特定,identify,もとは蝦夷(えみし)征討の最高指揮官で、のち鎌倉・室町・江戸幕府の長の称号となった官職は？,征夷大将軍(せいいたいしょうぐん),征夷大将軍,,,,国立歴史民俗博物館「第1展示室 先史・古代」,https://www.rekihaku.ac.jp/exhibitions/room1/
日本史段階別デッキ｜Deck 1｜日本史の最重要骨格400語,JH-000186,186,Deck 1｜骨格・基礎,制度・政策・法律,征夷大将軍,せいいたいしょうぐん,,古代,日本全国,朝廷・東北、のち武家政権,古代〜近世,800,JH-000186-B02,beginner,時期,time,征夷大将軍(せいいたいしょうぐん)が成立・実施されたのはいつ？,古代〜近世,古代〜近世,,,,国立歴史民俗博物館「第1展示室 先史・古代」,https://www.rekihaku.ac.jp/exhibitions/room1/
日本史段階別デッキ｜Deck 1｜日本史の最重要骨格400語,JH-000186,186,Deck 1｜骨格・基礎,制度・政策・法律,征夷大将軍,せいいたいしょうぐん,,古代,日本全国,朝廷・東北、のち武家政権,古代〜近世,800,JH-000186-B03,beginner,内容,content,征夷大将軍(せいいたいしょうぐん)が古代に指揮した軍事活動は？,蝦夷(えみし)征討,蝦夷征討,,,,国立歴史民俗博物館「第1展示室 先史・古代」,https://www.rekihaku.ac.jp/exhibitions/room1/
日本史段階別デッキ｜Deck 1｜日本史の最重要骨格400語,JH-000186,186,Deck 1｜骨格・基礎,制度・政策・法律,征夷大将軍,せいいたいしょうぐん,,古代,日本全国,朝廷・東北、のち武家政権,古代〜近世,800,JH-000186-R01,reverse,時期,time,成立・実施されたのはいつ？,**古代〜近世**,古代〜近世,,,,国立歴史民俗博物館「第1展示室 先史・古代」,https://www.rekihaku.ac.jp/exhibitions/room1/
日本史段階別デッキ｜Deck 1｜日本史の最重要骨格400語,JH-000186,186,Deck 1｜骨格・基礎,制度・政策・法律,征夷大将軍,せいいたいしょうぐん,,古代,日本全国,朝廷・東北、のち武家政権,古代〜近世,800,JH-000186-R02,reverse,複合説明,reverse,どんな制度・政策・法律？,古代には朝廷が東北の**蝦夷(えみし)征討**を行う際の最高指揮官を示した官職。,蝦夷征討|源頼朝|鎌倉幕府|室町幕府|江戸幕府,,,,国立歴史民俗博物館「第1展示室 先史・古代」,https://www.rekihaku.ac.jp/exhibitions/room1/
日本史段階別デッキ｜Deck 1｜日本史の最重要骨格400語,JH-000186,186,Deck 1｜骨格・基礎,制度・政策・法律,征夷大将軍,せいいたいしょうぐん,,古代,日本全国,朝廷・東北、のち武家政権,古代〜近世,800,JH-000186-R03,reverse,結果・関連,reverse,何につながった・どんな意味があった？,**源頼朝**以後は鎌倉・室町・江戸の武家政権の長の称号となり、幕府支配の正統性を示した。,蝦夷征討|源頼朝|鎌倉幕府|室町幕府|江戸幕府,,,,国立歴史民俗博物館「第1展示室 先史・古代」,https://www.rekihaku.ac.jp/exhibitions/room1/
日本史段階別デッキ｜Deck 1｜日本史の最重要骨格400語,JH-000186,186,Deck 1｜骨格・基礎,制度・政策・法律,征夷大将軍,せいいたいしょうぐん,,古代,日本全国,朝廷・東北、のち武家政権,古代〜近世,800,JH-000186-I01,integrated,統合説明,integrated,「征夷大将軍(せいいたいしょうぐん)」について説明せよ。,古代〜近世、朝廷・東北、のち武家政権を主な舞台として、古代には朝廷が東北の**蝦夷(えみし)征討**を行う際の最高指揮官を示した官職。 **源頼朝**以後は鎌倉・室町・江戸の武家政権の長の称号となり、幕府支配の正統性を示した。,蝦夷征討|源頼朝|鎌倉幕府|室町幕府|江戸幕府,,,,国立歴史民俗博物館「第1展示室 先史・古代」,https://www.rekihaku.ac.jp/exhibitions/room1/
日本史段階別デッキ｜Deck 1｜日本史の最重要骨格400語,JH-000339,339,Deck 1｜骨格・基礎,人物,坂上田村麻呂,さかのうえのたむらまろ,,古代,東北,東北地方と平安京の朝廷,8世紀末〜9世紀初め,800,JH-000339-B01,beginner,用語の特定,identify,征夷大将軍(せいいたいしょうぐん)として東北の蝦夷(えみし)征討を進め、胆沢城を築いた武将は？,坂上田村麻呂(さかのうえのたむらまろ),坂上田村麻呂,,,,国立歴史民俗博物館「第1展示室 先史・古代」,https://www.rekihaku.ac.jp/exhibitions/room1/
日本史段階別デッキ｜Deck 1｜日本史の最重要骨格400語,JH-000339,339,Deck 1｜骨格・基礎,人物,坂上田村麻呂,さかのうえのたむらまろ,,古代,東北,東北地方と平安京の朝廷,8世紀末〜9世紀初め,800,JH-000339-B02,beginner,時期,time,坂上田村麻呂(さかのうえのたむらまろ)が主に活動したのはいつ？,8世紀末〜9世紀初め,8世紀末〜9世紀初め,,,8世紀末〜9世紀初め：「や」（8）世紀から「く」（9）世紀までの坂上田村麻呂,国立歴史民俗博物館「第1展示室 先史・古代」,https://www.rekihaku.ac.jp/exhibitions/room1/
日本史段階別デッキ｜Deck 1｜日本史の最重要骨格400語,JH-000339,339,Deck 1｜骨格・基礎,人物,坂上田村麻呂,さかのうえのたむらまろ,,古代,東北,東北地方と平安京の朝廷,8世紀末〜9世紀初め,800,JH-000339-B03,beginner,官職,person,坂上田村麻呂(さかのうえのたむらまろ)が任じられた官職は？,征夷大将軍(せいいたいしょうぐん),征夷大将軍,,,,国立歴史民俗博物館「第1展示室 先史・古代」,https://www.rekihaku.ac.jp/exhibitions/room1/
日本史段階別デッキ｜Deck 1｜日本史の最重要骨格400語,JH-000339,339,Deck 1｜骨格・基礎,人物,坂上田村麻呂,さかのうえのたむらまろ,,古代,東北,東北地方と平安京の朝廷,8世紀末〜9世紀初め,800,JH-000339-R01,reverse,時期,time,主に活動したのはいつ？,**8世紀末〜9世紀初め**,8世紀末〜9世紀初め,,,8世紀末〜9世紀初め：「や」（8）世紀から「く」（9）世紀までの坂上田村麻呂,国立歴史民俗博物館「第1展示室 先史・古代」,https://www.rekihaku.ac.jp/exhibitions/room1/
日本史段階別デッキ｜Deck 1｜日本史の最重要骨格400語,JH-000339,339,Deck 1｜骨格・基礎,人物,坂上田村麻呂,さかのうえのたむらまろ,,古代,東北,東北地方と平安京の朝廷,8世紀末〜9世紀初め,800,JH-000339-R02,reverse,複合説明,reverse,何をした？,平安京の朝廷から**征夷大将軍(せいいたいしょうぐん)**に任じられ、東北で蝦夷(えみし)征討を進めて胆沢城を築いた武将。,征夷大将軍|蝦夷征討|胆沢城|東北支配,,,,国立歴史民俗博物館「第1展示室 先史・古代」,https://www.rekihaku.ac.jp/exhibitions/room1/
日本史段階別デッキ｜Deck 1｜日本史の最重要骨格400語,JH-000339,339,Deck 1｜骨格・基礎,人物,坂上田村麻呂,さかのうえのたむらまろ,,古代,東北,東北地方と平安京の朝廷,8世紀末〜9世紀初め,800,JH-000339-R03,reverse,結果・関連,reverse,何につながった・どんな意味があった？,朝廷の支配を東北へ広げ、のちに武家政権の長の称号となる**征夷大将軍(せいいたいしょうぐん)**の先例となった。,征夷大将軍|蝦夷征討|胆沢城|東北支配,,,,国立歴史民俗博物館「第1展示室 先史・古代」,https://www.rekihaku.ac.jp/exhibitions/room1/
日本史段階別デッキ｜Deck 1｜日本史の最重要骨格400語,JH-000339,339,Deck 1｜骨格・基礎,人物,坂上田村麻呂,さかのうえのたむらまろ,,古代,東北,東北地方と平安京の朝廷,8世紀末〜9世紀初め,800,JH-000339-I01,integrated,統合説明,integrated,「坂上田村麻呂(さかのうえのたむらまろ)」について説明せよ。,8世紀末〜9世紀初め、東北地方と平安京の朝廷を主な舞台として、平安京の朝廷から**征夷大将軍(せいいたいしょうぐん)**に任じられ、東北で蝦夷(えみし)征討を進めて胆沢城を築いた武将。 朝廷の支配を東北へ広げ、のちに武家政権の長の称号となる**征夷大将軍(せいいたいしょうぐん)**の先例となった。,征夷大将軍|蝦夷征討|胆沢城|東北支配,,,8世紀末〜9世紀初め：「や」（8）世紀から「く」（9）世紀までの坂上田村麻呂,国立歴史民俗博物館「第1展示室 先史・古代」,https://www.rekihaku.ac.jp/exhibitions/room1/
日本史段階別デッキ｜Deck 1｜日本史の最重要骨格400語,JH-000227,227,Deck 1｜骨格・基礎,人物,最澄,さいちょう,,古代,近畿,唐・比叡山延暦寺,9世紀初め,805,JH-000227-B01,beginner,用語の特定,identify,唐で学び、比叡山延暦寺を拠点に日本の天台宗を開いた僧は？,最澄,最澄,,,,国立歴史民俗博物館「第1展示室 先史・古代」,https://www.rekihaku.ac.jp/exhibitions/room1/
日本史段階別デッキ｜Deck 1｜日本史の最重要骨格400語,JH-000227,227,Deck 1｜骨格・基礎,人物,最澄,さいちょう,,古代,近畿,唐・比叡山延暦寺,9世紀初め,805,JH-000227-B02,beginner,時期,time,最澄が主に活動したのはいつ？,9世紀初め,9世紀初め,,,9世紀初め：「く」（9）世紀と結ぶ最澄,国立歴史民俗博物館「第1展示室 先史・古代」,https://www.rekihaku.ac.jp/exhibitions/room1/
日本史段階別デッキ｜Deck 1｜日本史の最重要骨格400語,JH-000227,227,Deck 1｜骨格・基礎,人物,最澄,さいちょう,,古代,近畿,唐・比叡山延暦寺,9世紀初め,805,JH-000227-B03,beginner,宗教,content,最澄が開いた宗派は？,天台宗,天台宗,,,,国立歴史民俗博物館「第1展示室 先史・古代」,https://www.rekihaku.ac.jp/exhibitions/room1/
日本史段階別デッキ｜Deck 1｜日本史の最重要骨格400語,JH-000227,227,Deck 1｜骨格・基礎,人物,最澄,さいちょう,,古代,近畿,唐・比叡山延暦寺,9世紀初め,805,JH-000227-R01,reverse,時期,time,主に活動したのはいつ？,**9世紀初め**,9世紀初め,,,9世紀初め：「く」（9）世紀と結ぶ最澄,国立歴史民俗博物館「第1展示室 先史・古代」,https://www.rekihaku.ac.jp/exhibitions/room1/
日本史段階別デッキ｜Deck 1｜日本史の最重要骨格400語,JH-000227,227,Deck 1｜骨格・基礎,人物,最澄,さいちょう,,古代,近畿,唐・比叡山延暦寺,9世紀初め,805,JH-000227-R02,reverse,複合説明,reverse,何をした？,唐で仏教を学び、帰国後に比叡山**延暦寺**を拠点として日本の**天台宗**を開いた僧。,唐|延暦寺|天台宗|大乗戒壇|平安仏教,,,,国立歴史民俗博物館「第1展示室 先史・古代」,https://www.rekihaku.ac.jp/exhibitions/room1/
日本史段階別デッキ｜Deck 1｜日本史の最重要骨格400語,JH-000227,227,Deck 1｜骨格・基礎,人物,最澄,さいちょう,,古代,近畿,唐・比叡山延暦寺,9世紀初め,805,JH-000227-R03,reverse,結果・関連,reverse,何につながった・どんな意味があった？,**大乗戒壇**の設立を求め、平安仏教と後世の鎌倉新仏教を生む教学の基盤を作った。,唐|延暦寺|天台宗|大乗戒壇|平安仏教,,,,国立歴史民俗博物館「第1展示室 先史・古代」,https://www.rekihaku.ac.jp/exhibitions/room1/
日本史段階別デッキ｜Deck 1｜日本史の最重要骨格400語,JH-000227,227,Deck 1｜骨格・基礎,人物,最澄,さいちょう,,古代,近畿,唐・比叡山延暦寺,9世紀初め,805,JH-000227-I01,integrated,統合説明,integrated,「最澄」について説明せよ。,9世紀初め、唐・比叡山延暦寺を主な舞台として、唐で仏教を学び、帰国後に比叡山**延暦寺**を拠点として日本の**天台宗**を開いた僧。 **大乗戒壇**の設立を求め、平安仏教と後世の鎌倉新仏教を生む教学の基盤を作った。,唐|延暦寺|天台宗|大乗戒壇|平安仏教,,,9世紀初め：「く」（9）世紀と結ぶ最澄,国立歴史民俗博物館「第1展示室 先史・古代」,https://www.rekihaku.ac.jp/exhibitions/room1/
日本史段階別デッキ｜Deck 1｜日本史の最重要骨格400語,JH-000228,228,Deck 1｜骨格・基礎,人物,空海,くうかい,弘法大師,古代,近畿,唐・高野山・東寺,9世紀初め,805,JH-000228-B01,beginner,用語の特定,identify,唐で密教を学び、高野山金剛峯寺や東寺を拠点に真言宗を開いた僧は？,空海,空海,弘法大師,,,国立歴史民俗博物館「第1展示室 先史・古代」,https://www.rekihaku.ac.jp/exhibitions/room1/
日本史段階別デッキ｜Deck 1｜日本史の最重要骨格400語,JH-000228,228,Deck 1｜骨格・基礎,人物,空海,くうかい,弘法大師,古代,近畿,唐・高野山・東寺,9世紀初め,805,JH-000228-B02,beginner,時期,time,空海が主に活動したのはいつ？,9世紀初め,9世紀初め,,,9世紀初め：「く」（9）世紀と結ぶ空海,国立歴史民俗博物館「第1展示室 先史・古代」,https://www.rekihaku.ac.jp/exhibitions/room1/
日本史段階別デッキ｜Deck 1｜日本史の最重要骨格400語,JH-000228,228,Deck 1｜骨格・基礎,人物,空海,くうかい,弘法大師,古代,近畿,唐・高野山・東寺,9世紀初め,805,JH-000228-B03,beginner,宗教,content,空海が開いた宗派は？,真言宗,真言宗,,,,国立歴史民俗博物館「第1展示室 先史・古代」,https://www.rekihaku.ac.jp/exhibitions/room1/
日本史段階別デッキ｜Deck 1｜日本史の最重要骨格400語,JH-000228,228,Deck 1｜骨格・基礎,人物,空海,くうかい,弘法大師,古代,近畿,唐・高野山・東寺,9世紀初め,805,JH-000228-R01,reverse,時期,time,主に活動したのはいつ？,**9世紀初め**,9世紀初め,,,9世紀初め：「く」（9）世紀と結ぶ空海,国立歴史民俗博物館「第1展示室 先史・古代」,https://www.rekihaku.ac.jp/exhibitions/room1/
日本史段階別デッキ｜Deck 1｜日本史の最重要骨格400語,JH-000228,228,Deck 1｜骨格・基礎,人物,空海,くうかい,弘法大師,古代,近畿,唐・高野山・東寺,9世紀初め,805,JH-000228-R02,reverse,複合説明,reverse,何をした？,唐で**密教**を学び、帰国後に高野山金剛峯寺と東寺を拠点として**真言宗**を開いた僧。,唐|密教|高野山金剛峯寺|東寺|真言宗,,,,国立歴史民俗博物館「第1展示室 先史・古代」,https://www.rekihaku.ac.jp/exhibitions/room1/
日本史段階別デッキ｜Deck 1｜日本史の最重要骨格400語,JH-000228,228,Deck 1｜骨格・基礎,人物,空海,くうかい,弘法大師,古代,近畿,唐・高野山・東寺,9世紀初め,805,JH-000228-R03,reverse,結果・関連,reverse,何につながった・どんな意味があった？,国家鎮護の祈祷と体系的な**密教**思想を広め、教育・書・文化にも大きな影響を与えた。,唐|密教|高野山金剛峯寺|東寺|真言宗,,,,国立歴史民俗博物館「第1展示室 先史・古代」,https://www.rekihaku.ac.jp/exhibitions/room1/
日本史段階別デッキ｜Deck 1｜日本史の最重要骨格400語,JH-000228,228,Deck 1｜骨格・基礎,人物,空海,くうかい,弘法大師,古代,近畿,唐・高野山・東寺,9世紀初め,805,JH-000228-I01,integrated,統合説明,integrated,「空海」について説明せよ。,9世紀初め、唐・高野山・東寺を主な舞台として、唐で**密教**を学び、帰国後に高野山金剛峯寺と東寺を拠点として**真言宗**を開いた僧。 国家鎮護の祈祷と体系的な**密教**思想を広め、教育・書・文化にも大きな影響を与えた。,唐|密教|高野山金剛峯寺|東寺|真言宗,,,9世紀初め：「く」（9）世紀と結ぶ空海,国立歴史民俗博物館「第1展示室 先史・古代」,https://www.rekihaku.ac.jp/exhibitions/room1/
日本史段階別デッキ｜Deck 1｜日本史の最重要骨格400語,JH-000267,267,Deck 1｜骨格・基礎,宗教・宗派,天台宗,てんだいしゅう,,古代,近畿,比叡山延暦寺,平安時代初期,805,JH-000267-B01,beginner,用語の特定,identify,最澄が比叡山延暦寺を拠点に開き、法華経を重視した宗派は？,天台宗,天台宗,,,,国立歴史民俗博物館「第1展示室 先史・古代」,https://www.rekihaku.ac.jp/exhibitions/room1/
日本史段階別デッキ｜Deck 1｜日本史の最重要骨格400語,JH-000267,267,Deck 1｜骨格・基礎,宗教・宗派,天台宗,てんだいしゅう,,古代,近畿,比叡山延暦寺,平安時代初期,805,JH-000267-B02,beginner,時期,time,天台宗が成立・広まったのはいつ？,平安時代初期,平安時代初期,,,,国立歴史民俗博物館「第1展示室 先史・古代」,https://www.rekihaku.ac.jp/exhibitions/room1/
日本史段階別デッキ｜Deck 1｜日本史の最重要骨格400語,JH-000267,267,Deck 1｜骨格・基礎,宗教・宗派,天台宗,てんだいしゅう,,古代,近畿,比叡山延暦寺,平安時代初期,805,JH-000267-B03,beginner,人物,person,天台宗を日本で開いた人物は？,最澄,最澄,,,,国立歴史民俗博物館「第1展示室 先史・古代」,https://www.rekihaku.ac.jp/exhibitions/room1/
日本史段階別デッキ｜Deck 1｜日本史の最重要骨格400語,JH-000267,267,Deck 1｜骨格・基礎,宗教・宗派,天台宗,てんだいしゅう,,古代,近畿,比叡山延暦寺,平安時代初期,805,JH-000267-R01,reverse,時期,time,成立・広まったのはいつ？,**平安時代初期**,平安時代初期,,,,国立歴史民俗博物館「第1展示室 先史・古代」,https://www.rekihaku.ac.jp/exhibitions/room1/
日本史段階別デッキ｜Deck 1｜日本史の最重要骨格400語,JH-000267,267,Deck 1｜骨格・基礎,宗教・宗派,天台宗,てんだいしゅう,,古代,近畿,比叡山延暦寺,平安時代初期,805,JH-000267-R02,reverse,複合説明,reverse,どんな宗教・教え？,最澄が比叡山延暦寺を拠点に開き、**法華経**を中心に多様な教えを統合した宗派。,最澄|比叡山延暦寺|法華経|鎌倉新仏教,,,,国立歴史民俗博物館「第1展示室 先史・古代」,https://www.rekihaku.ac.jp/exhibitions/room1/
日本史段階別デッキ｜Deck 1｜日本史の最重要骨格400語,JH-000267,267,Deck 1｜骨格・基礎,宗教・宗派,天台宗,てんだいしゅう,,古代,近畿,比叡山延暦寺,平安時代初期,805,JH-000267-R03,reverse,結果・関連,reverse,何につながった・どんな意味があった？,後世に法然・親鸞・栄西(えいさい)・道元(どうげん)・日蓮(にちれん)らを生み、**鎌倉新仏教**の母体となった。,最澄|比叡山延暦寺|法華経|鎌倉新仏教,,,,国立歴史民俗博物館「第1展示室 先史・古代」,https://www.rekihaku.ac.jp/exhibitions/room1/
日本史段階別デッキ｜Deck 1｜日本史の最重要骨格400語,JH-000267,267,Deck 1｜骨格・基礎,宗教・宗派,天台宗,てんだいしゅう,,古代,近畿,比叡山延暦寺,平安時代初期,805,JH-000267-I01,integrated,統合説明,integrated,「天台宗」について説明せよ。,平安時代初期、比叡山延暦寺を主な舞台として、最澄が比叡山延暦寺を拠点に開き、**法華経**を中心に多様な教えを統合した宗派。 後世に法然・親鸞・栄西(えいさい)・道元(どうげん)・日蓮(にちれん)らを生み、**鎌倉新仏教**の母体となった。,最澄|比叡山延暦寺|法華経|鎌倉新仏教,,,,国立歴史民俗博物館「第1展示室 先史・古代」,https://www.rekihaku.ac.jp/exhibitions/room1/
日本史段階別デッキ｜Deck 1｜日本史の最重要骨格400語,JH-000268,268,Deck 1｜骨格・基礎,宗教・宗派,真言宗,しんごんしゅう,,古代,近畿,高野山金剛峯寺・東寺,平安時代初期,805,JH-000268-B01,beginner,用語の特定,identify,空海が高野山金剛峯寺・東寺を拠点に開いた密教宗派は？,真言宗,真言宗,,,,国立歴史民俗博物館「第1展示室 先史・古代」,https://www.rekihaku.ac.jp/exhibitions/room1/
日本史段階別デッキ｜Deck 1｜日本史の最重要骨格400語,JH-000268,268,Deck 1｜骨格・基礎,宗教・宗派,真言宗,しんごんしゅう,,古代,近畿,高野山金剛峯寺・東寺,平安時代初期,805,JH-000268-B02,beginner,時期,time,真言宗が成立・広まったのはいつ？,平安時代初期,平安時代初期,,,,国立歴史民俗博物館「第1展示室 先史・古代」,https://www.rekihaku.ac.jp/exhibitions/room1/
日本史段階別デッキ｜Deck 1｜日本史の最重要骨格400語,JH-000268,268,Deck 1｜骨格・基礎,宗教・宗派,真言宗,しんごんしゅう,,古代,近畿,高野山金剛峯寺・東寺,平安時代初期,805,JH-000268-B03,beginner,人物,person,真言宗を日本で開いた人物は？,空海,空海,,,,国立歴史民俗博物館「第1展示室 先史・古代」,https://www.rekihaku.ac.jp/exhibitions/room1/
日本史段階別デッキ｜Deck 1｜日本史の最重要骨格400語,JH-000268,268,Deck 1｜骨格・基礎,宗教・宗派,真言宗,しんごんしゅう,,古代,近畿,高野山金剛峯寺・東寺,平安時代初期,805,JH-000268-R01,reverse,時期,time,成立・広まったのはいつ？,**平安時代初期**,平安時代初期,,,,国立歴史民俗博物館「第1展示室 先史・古代」,https://www.rekihaku.ac.jp/exhibitions/room1/
日本史段階別デッキ｜Deck 1｜日本史の最重要骨格400語,JH-000268,268,Deck 1｜骨格・基礎,宗教・宗派,真言宗,しんごんしゅう,,古代,近畿,高野山金剛峯寺・東寺,平安時代初期,805,JH-000268-R02,reverse,複合説明,reverse,どんな宗教・教え？,空海が高野山金剛峯寺・東寺を拠点に開いた**密教**宗派で、真言・印契・曼荼羅などを重視した。,空海|高野山金剛峯寺|東寺|密教|国家鎮護,,,,国立歴史民俗博物館「第1展示室 先史・古代」,https://www.rekihaku.ac.jp/exhibitions/room1/
日本史段階別デッキ｜Deck 1｜日本史の最重要骨格400語,JH-000268,268,Deck 1｜骨格・基礎,宗教・宗派,真言宗,しんごんしゅう,,古代,近畿,高野山金剛峯寺・東寺,平安時代初期,805,JH-000268-R03,reverse,結果・関連,reverse,何につながった・どんな意味があった？,朝廷や貴族の**国家鎮護**・現世利益の祈祷と結びつき、平安文化へ大きな影響を与えた。,空海|高野山金剛峯寺|東寺|密教|国家鎮護,,,,国立歴史民俗博物館「第1展示室 先史・古代」,https://www.rekihaku.ac.jp/exhibitions/room1/
日本史段階別デッキ｜Deck 1｜日本史の最重要骨格400語,JH-000268,268,Deck 1｜骨格・基礎,宗教・宗派,真言宗,しんごんしゅう,,古代,近畿,高野山金剛峯寺・東寺,平安時代初期,805,JH-000268-I01,integrated,統合説明,integrated,「真言宗」について説明せよ。,平安時代初期、高野山金剛峯寺・東寺を主な舞台として、空海が高野山金剛峯寺・東寺を拠点に開いた**密教**宗派で、真言・印契・曼荼羅などを重視した。 朝廷や貴族の**国家鎮護**・現世利益の祈祷と結びつき、平安文化へ大きな影響を与えた。,空海|高野山金剛峯寺|東寺|密教|国家鎮護,,,,国立歴史民俗博物館「第1展示室 先史・古代」,https://www.rekihaku.ac.jp/exhibitions/room1/
日本史段階別デッキ｜Deck 1｜日本史の最重要骨格400語,JH-000360,360,Deck 1｜骨格・基礎,宗教・宗派,密教,みっきょう,,古代,近畿,比叡山・高野山・京都の朝廷,平安時代初期以後,805,JH-000360-B01,beginner,用語の特定,identify,真言・印契・曼荼羅などの秘密の儀礼を通じ、現世利益や悟りを求める仏教は？,密教,密教,,,,国立歴史民俗博物館「第1展示室 先史・古代」,https://www.rekihaku.ac.jp/exhibitions/room1/
日本史段階別デッキ｜Deck 1｜日本史の最重要骨格400語,JH-000360,360,Deck 1｜骨格・基礎,宗教・宗派,密教,みっきょう,,古代,近畿,比叡山・高野山・京都の朝廷,平安時代初期以後,805,JH-000360-B02,beginner,時期,time,密教が成立・広まったのはいつ？,平安時代初期以後,平安時代初期以後,,,,国立歴史民俗博物館「第1展示室 先史・古代」,https://www.rekihaku.ac.jp/exhibitions/room1/
日本史段階別デッキ｜Deck 1｜日本史の最重要骨格400語,JH-000360,360,Deck 1｜骨格・基礎,宗教・宗派,密教,みっきょう,,古代,近畿,比叡山・高野山・京都の朝廷,平安時代初期以後,805,JH-000360-B03,beginner,関連,relation,密教を代表する日本の二宗派は？,天台宗と真言宗,天台宗と真言宗,,,,国立歴史民俗博物館「第1展示室 先史・古代」,https://www.rekihaku.ac.jp/exhibitions/room1/
日本史段階別デッキ｜Deck 1｜日本史の最重要骨格400語,JH-000360,360,Deck 1｜骨格・基礎,宗教・宗派,密教,みっきょう,,古代,近畿,比叡山・高野山・京都の朝廷,平安時代初期以後,805,JH-000360-R01,reverse,時期,time,成立・広まったのはいつ？,**平安時代初期以後**,平安時代初期以後,,,,国立歴史民俗博物館「第1展示室 先史・古代」,https://www.rekihaku.ac.jp/exhibitions/room1/
日本史段階別デッキ｜Deck 1｜日本史の最重要骨格400語,JH-000360,360,Deck 1｜骨格・基礎,宗教・宗派,密教,みっきょう,,古代,近畿,比叡山・高野山・京都の朝廷,平安時代初期以後,805,JH-000360-R02,reverse,複合説明,reverse,どんな宗教・教え？,比叡山・高野山や京都の朝廷で、真言・印契・**曼荼羅**などの儀礼を重視した仏教。,曼荼羅|天台宗|真言宗|国家鎮護|現世利益,,,,国立歴史民俗博物館「第1展示室 先史・古代」,https://www.rekihaku.ac.jp/exhibitions/room1/
日本史段階別デッキ｜Deck 1｜日本史の最重要骨格400語,JH-000360,360,Deck 1｜骨格・基礎,宗教・宗派,密教,みっきょう,,古代,近畿,比叡山・高野山・京都の朝廷,平安時代初期以後,805,JH-000360-R03,reverse,結果・関連,reverse,何につながった・どんな意味があった？,**天台宗**・真言宗を通じて国家鎮護や貴族の現世利益と結びつき、平安仏教・美術を形成した。,曼荼羅|天台宗|真言宗|国家鎮護|現世利益,,,,国立歴史民俗博物館「第1展示室 先史・古代」,https://www.rekihaku.ac.jp/exhibitions/room1/
日本史段階別デッキ｜Deck 1｜日本史の最重要骨格400語,JH-000360,360,Deck 1｜骨格・基礎,宗教・宗派,密教,みっきょう,,古代,近畿,比叡山・高野山・京都の朝廷,平安時代初期以後,805,JH-000360-I01,integrated,統合説明,integrated,「密教」について説明せよ。,平安時代初期以後、比叡山・高野山・京都の朝廷を主な舞台として、比叡山・高野山や京都の朝廷で、真言・印契・**曼荼羅**などの儀礼を重視した仏教。 **天台宗**・真言宗を通じて国家鎮護や貴族の現世利益と結びつき、平安仏教・美術を形成した。,曼荼羅|天台宗|真言宗|国家鎮護|現世利益,,,,国立歴史民俗博物館「第1展示室 先史・古代」,https://www.rekihaku.ac.jp/exhibitions/room1/
日本史段階別デッキ｜Deck 1｜日本史の最重要骨格400語,JH-000377,377,Deck 1｜骨格・基礎,文化・技術・学問,弘仁・貞観文化,こうにん・じょうがんぶんか,,古代,近畿,平安京・比叡山・高野山,9世紀,850,JH-000377-B01,beginner,用語の特定,identify,平安時代初期に密教の影響を強く受け、力強い仏像や寺院美術が発達した文化は？,弘仁・貞観文化(こうにん・じょうがんぶんか),弘仁・貞観文化,,,,文化庁「文化遺産オンライン」,https://online.bunka.go.jp/
日本史段階別デッキ｜Deck 1｜日本史の最重要骨格400語,JH-000377,377,Deck 1｜骨格・基礎,文化・技術・学問,弘仁・貞観文化,こうにん・じょうがんぶんか,,古代,近畿,平安京・比叡山・高野山,9世紀,850,JH-000377-B02,beginner,時期,time,弘仁・貞観文化(こうにん・じょうがんぶんか)が成立・発達したのはいつ？,9世紀,9世紀,,,9世紀：「く」（9）世紀と結ぶ弘仁・貞観文化,文化庁「文化遺産オンライン」,https://online.bunka.go.jp/
日本史段階別デッキ｜Deck 1｜日本史の最重要骨格400語,JH-000377,377,Deck 1｜骨格・基礎,文化・技術・学問,弘仁・貞観文化,こうにん・じょうがんぶんか,,古代,近畿,平安京・比叡山・高野山,9世紀,850,JH-000377-B03,beginner,内容,content,弘仁・貞観文化(こうにん・じょうがんぶんか)に強い影響を与えた仏教は？,密教,密教,,,,文化庁「文化遺産オンライン」,https://online.bunka.go.jp/
日本史段階別デッキ｜Deck 1｜日本史の最重要骨格400語,JH-000377,377,Deck 1｜骨格・基礎,文化・技術・学問,弘仁・貞観文化,こうにん・じょうがんぶんか,,古代,近畿,平安京・比叡山・高野山,9世紀,850,JH-000377-R01,reverse,時期,time,成立・発達したのはいつ？,**9世紀**,9世紀,,,9世紀：「く」（9）世紀と結ぶ弘仁・貞観文化,文化庁「文化遺産オンライン」,https://online.bunka.go.jp/
日本史段階別デッキ｜Deck 1｜日本史の最重要骨格400語,JH-000377,377,Deck 1｜骨格・基礎,文化・技術・学問,弘仁・貞観文化,こうにん・じょうがんぶんか,,古代,近畿,平安京・比叡山・高野山,9世紀,850,JH-000377-R02,reverse,複合説明,reverse,どんな文化・技術・学問？,平安京・比叡山・高野山を中心に、唐風文化と**密教**の影響を受けて発達した平安初期の文化。,密教|曼荼羅|山岳寺院|国家鎮護|唐風文化,,,,文化庁「文化遺産オンライン」,https://online.bunka.go.jp/
日本史段階別デッキ｜Deck 1｜日本史の最重要骨格400語,JH-000377,377,Deck 1｜骨格・基礎,文化・技術・学問,弘仁・貞観文化,こうにん・じょうがんぶんか,,古代,近畿,平安京・比叡山・高野山,9世紀,850,JH-000377-R03,reverse,結果・関連,reverse,何につながった・どんな意味があった？,神秘的で力強い仏像・**曼荼羅**・山岳寺院などに、国家鎮護と貴族信仰が表れた。,密教|曼荼羅|山岳寺院|国家鎮護|唐風文化,,,,文化庁「文化遺産オンライン」,https://online.bunka.go.jp/
日本史段階別デッキ｜Deck 1｜日本史の最重要骨格400語,JH-000377,377,Deck 1｜骨格・基礎,文化・技術・学問,弘仁・貞観文化,こうにん・じょうがんぶんか,,古代,近畿,平安京・比叡山・高野山,9世紀,850,JH-000377-I01,integrated,統合説明,integrated,「弘仁・貞観文化(こうにん・じょうがんぶんか)」について説明せよ。,9世紀、平安京・比叡山・高野山を主な舞台として、平安京・比叡山・高野山を中心に、唐風文化と**密教**の影響を受けて発達した平安初期の文化。 神秘的で力強い仏像・**曼荼羅**・山岳寺院などに、国家鎮護と貴族信仰が表れた。,密教|曼荼羅|山岳寺院|国家鎮護|唐風文化,,,9世紀：「く」（9）世紀と結ぶ弘仁・貞観文化,文化庁「文化遺産オンライン」,https://online.bunka.go.jp/
日本史段階別デッキ｜Deck 1｜日本史の最重要骨格400語,JH-000085,85,Deck 1｜骨格・基礎,条約・会議・外交,遣唐使停止,けんとうしていし,,古代,東アジア,日本と唐,894年,894,JH-000085-B01,beginner,用語の特定,identify,菅原道真の建議により、唐への公式使節派遣を取りやめた政策は？,遣唐使停止(けんとうしていし),遣唐使停止,,,,国立歴史民俗博物館「第1展示室 先史・古代」,https://www.rekihaku.ac.jp/exhibitions/room1/
日本史段階別デッキ｜Deck 1｜日本史の最重要骨格400語,JH-000085,85,Deck 1｜骨格・基礎,条約・会議・外交,遣唐使停止,けんとうしていし,,古代,東アジア,日本と唐,894年,894,JH-000085-B02,beginner,時期,time,遣唐使停止(けんとうしていし)が決定されたのはいつ？,894年,894年,,,894年：「白紙」（894）に戻す遣唐使停止,国立歴史民俗博物館「第1展示室 先史・古代」,https://www.rekihaku.ac.jp/exhibitions/room1/
日本史段階別デッキ｜Deck 1｜日本史の最重要骨格400語,JH-000085,85,Deck 1｜骨格・基礎,条約・会議・外交,遣唐使停止,けんとうしていし,,古代,東アジア,日本と唐,894年,894,JH-000085-B03,beginner,人物,person,遣唐使停止(けんとうしていし)を建議した人物は？,菅原道真,菅原道真,,,,国立歴史民俗博物館「第1展示室 先史・古代」,https://www.rekihaku.ac.jp/exhibitions/room1/
日本史段階別デッキ｜Deck 1｜日本史の最重要骨格400語,JH-000085,85,Deck 1｜骨格・基礎,条約・会議・外交,遣唐使停止,けんとうしていし,,古代,東アジア,日本と唐,894年,894,JH-000085-R01,reverse,時期,time,決定されたのはいつ？,**894年**,894年,,,894年：「白紙」（894）に戻す遣唐使停止,国立歴史民俗博物館「第1展示室 先史・古代」,https://www.rekihaku.ac.jp/exhibitions/room1/
日本史段階別デッキ｜Deck 1｜日本史の最重要骨格400語,JH-000085,85,Deck 1｜骨格・基礎,条約・会議・外交,遣唐使停止,けんとうしていし,,古代,東アジア,日本と唐,894年,894,JH-000085-R02,reverse,複合説明,reverse,何を決めた・どんな関係を作った？,平安京の朝廷で、唐の衰退と航海の危険を理由に**菅原道真**の建議で遣唐使(けんとうし)派遣を取りやめた。,菅原道真|唐の衰退|遣唐使|国風文化,,,,国立歴史民俗博物館「第1展示室 先史・古代」,https://www.rekihaku.ac.jp/exhibitions/room1/
日本史段階別デッキ｜Deck 1｜日本史の最重要骨格400語,JH-000085,85,Deck 1｜骨格・基礎,条約・会議・外交,遣唐使停止,けんとうしていし,,古代,東アジア,日本と唐,894年,894,JH-000085-R03,reverse,結果・関連,reverse,何につながった・どんな意味があった？,大陸文化の受容が途絶えたわけではないが、日本独自の**国風文化**が発達する背景となった。,菅原道真|唐の衰退|遣唐使|国風文化,,,,国立歴史民俗博物館「第1展示室 先史・古代」,https://www.rekihaku.ac.jp/exhibitions/room1/
日本史段階別デッキ｜Deck 1｜日本史の最重要骨格400語,JH-000085,85,Deck 1｜骨格・基礎,条約・会議・外交,遣唐使停止,けんとうしていし,,古代,東アジア,日本と唐,894年,894,JH-000085-I01,integrated,統合説明,integrated,「遣唐使停止(けんとうしていし)」について説明せよ。,894年、日本と唐を主な舞台として、平安京の朝廷で、唐の衰退と航海の危険を理由に**菅原道真**の建議で遣唐使(けんとうし)派遣を取りやめた。 大陸文化の受容が途絶えたわけではないが、日本独自の**国風文化**が発達する背景となった。,菅原道真|唐の衰退|遣唐使|国風文化,,,894年：「白紙」（894）に戻す遣唐使停止,国立歴史民俗博物館「第1展示室 先史・古代」,https://www.rekihaku.ac.jp/exhibitions/room1/
日本史段階別デッキ｜Deck 1｜日本史の最重要骨格400語,JH-000340,340,Deck 1｜骨格・基礎,人物,菅原道真,すがわらのみちざね,,古代,近畿,平安京の朝廷・大宰府,9世紀末〜10世紀初め,895,JH-000340-B01,beginner,用語の特定,identify,遣唐使停止(けんとうしていし)を建議し、のち藤原時平との対立で大宰府へ左遷された学者政治家は？,菅原道真,菅原道真,,,,国立歴史民俗博物館「第1展示室 先史・古代」,https://www.rekihaku.ac.jp/exhibitions/room1/
日本史段階別デッキ｜Deck 1｜日本史の最重要骨格400語,JH-000340,340,Deck 1｜骨格・基礎,人物,菅原道真,すがわらのみちざね,,古代,近畿,平安京の朝廷・大宰府,9世紀末〜10世紀初め,895,JH-000340-B02,beginner,時期,time,菅原道真が主に活動したのはいつ？,9世紀末〜10世紀初め,9世紀末〜10世紀初め,,,9世紀末〜10世紀初め：「く」（9）世紀から「ひと・まる」（10）世紀までの菅原道真,国立歴史民俗博物館「第1展示室 先史・古代」,https://www.rekihaku.ac.jp/exhibitions/room1/
日本史段階別デッキ｜Deck 1｜日本史の最重要骨格400語,JH-000340,340,Deck 1｜骨格・基礎,人物,菅原道真,すがわらのみちざね,,古代,近畿,平安京の朝廷・大宰府,9世紀末〜10世紀初め,895,JH-000340-B03,beginner,関連,relation,菅原道真が停止を建議した使節は？,遣唐使(けんとうし),遣唐使,,,,国立歴史民俗博物館「第1展示室 先史・古代」,https://www.rekihaku.ac.jp/exhibitions/room1/
日本史段階別デッキ｜Deck 1｜日本史の最重要骨格400語,JH-000340,340,Deck 1｜骨格・基礎,人物,菅原道真,すがわらのみちざね,,古代,近畿,平安京の朝廷・大宰府,9世紀末〜10世紀初め,895,JH-000340-R01,reverse,時期,time,主に活動したのはいつ？,**9世紀末〜10世紀初め**,9世紀末〜10世紀初め,,,9世紀末〜10世紀初め：「く」（9）世紀から「ひと・まる」（10）世紀までの菅原道真,国立歴史民俗博物館「第1展示室 先史・古代」,https://www.rekihaku.ac.jp/exhibitions/room1/
日本史段階別デッキ｜Deck 1｜日本史の最重要骨格400語,JH-000340,340,Deck 1｜骨格・基礎,人物,菅原道真,すがわらのみちざね,,古代,近畿,平安京の朝廷・大宰府,9世紀末〜10世紀初め,895,JH-000340-R02,reverse,複合説明,reverse,何をした？,平安京の朝廷で学者・政治家として活躍し、**遣唐使停止(けんとうしていし)**を建議した。,遣唐使停止|藤原時平|大宰府|天神信仰,,,,国立歴史民俗博物館「第1展示室 先史・古代」,https://www.rekihaku.ac.jp/exhibitions/room1/
日本史段階別デッキ｜Deck 1｜日本史の最重要骨格400語,JH-000340,340,Deck 1｜骨格・基礎,人物,菅原道真,すがわらのみちざね,,古代,近畿,平安京の朝廷・大宰府,9世紀末〜10世紀初め,895,JH-000340-R03,reverse,結果・関連,reverse,何につながった・どんな意味があった？,藤原時平との政争で大宰府へ左遷され、死後は怨霊を鎮めるため**天神**として信仰された。,遣唐使停止|藤原時平|大宰府|天神信仰,,,,国立歴史民俗博物館「第1展示室 先史・古代」,https://www.rekihaku.ac.jp/exhibitions/room1/
日本史段階別デッキ｜Deck 1｜日本史の最重要骨格400語,JH-000340,340,Deck 1｜骨格・基礎,人物,菅原道真,すがわらのみちざね,,古代,近畿,平安京の朝廷・大宰府,9世紀末〜10世紀初め,895,JH-000340-I01,integrated,統合説明,integrated,「菅原道真」について説明せよ。,9世紀末〜10世紀初め、平安京の朝廷・大宰府を主な舞台として、平安京の朝廷で学者・政治家として活躍し、**遣唐使停止(けんとうしていし)**を建議した。 藤原時平との政争で大宰府へ左遷され、死後は怨霊を鎮めるため**天神**として信仰された。,遣唐使停止|藤原時平|大宰府|天神信仰,,,9世紀末〜10世紀初め：「く」（9）世紀から「ひと・まる」（10）世紀までの菅原道真,国立歴史民俗博物館「第1展示室 先史・古代」,https://www.rekihaku.ac.jp/exhibitions/room1/
日本史段階別デッキ｜Deck 1｜日本史の最重要骨格400語,JH-000287,287,Deck 1｜骨格・基礎,文化・技術・学問,仮名文字,かなもじ,,古代,近畿,平安京を中心とする日本列島,平安時代,900,JH-000287-B01,beginner,用語の特定,identify,漢字をもとに成立し、国風文化と女房文学の発達を支えた表音文字は？,仮名文字,仮名文字,,,,国立歴史民俗博物館「第1展示室 先史・古代」,https://www.rekihaku.ac.jp/exhibitions/room1/
日本史段階別デッキ｜Deck 1｜日本史の最重要骨格400語,JH-000287,287,Deck 1｜骨格・基礎,文化・技術・学問,仮名文字,かなもじ,,古代,近畿,平安京を中心とする日本列島,平安時代,900,JH-000287-B02,beginner,時期,time,仮名文字が成立・発達したのはいつ？,平安時代,平安時代,,,,国立歴史民俗博物館「第1展示室 先史・古代」,https://www.rekihaku.ac.jp/exhibitions/room1/
日本史段階別デッキ｜Deck 1｜日本史の最重要骨格400語,JH-000287,287,Deck 1｜骨格・基礎,文化・技術・学問,仮名文字,かなもじ,,古代,近畿,平安京を中心とする日本列島,平安時代,900,JH-000287-B03,beginner,内容,content,仮名文字の二つの代表的な字体は？,ひらがなとカタカナ,ひらがなとカタカナ,,,,国立歴史民俗博物館「第1展示室 先史・古代」,https://www.rekihaku.ac.jp/exhibitions/room1/
日本史段階別デッキ｜Deck 1｜日本史の最重要骨格400語,JH-000287,287,Deck 1｜骨格・基礎,文化・技術・学問,仮名文字,かなもじ,,古代,近畿,平安京を中心とする日本列島,平安時代,900,JH-000287-R01,reverse,時期,time,成立・発達したのはいつ？,**平安時代**,平安時代,,,,国立歴史民俗博物館「第1展示室 先史・古代」,https://www.rekihaku.ac.jp/exhibitions/room1/
日本史段階別デッキ｜Deck 1｜日本史の最重要骨格400語,JH-000287,287,Deck 1｜骨格・基礎,文化・技術・学問,仮名文字,かなもじ,,古代,近畿,平安京を中心とする日本列島,平安時代,900,JH-000287-R02,reverse,複合説明,reverse,どんな文化・技術・学問？,漢字を崩した**ひらがな**と、漢字の一部を取った**カタカナ**からなる表音文字。,ひらがな|カタカナ|表音文字|和歌|女房文学,,,,国立歴史民俗博物館「第1展示室 先史・古代」,https://www.rekihaku.ac.jp/exhibitions/room1/
日本史段階別デッキ｜Deck 1｜日本史の最重要骨格400語,JH-000287,287,Deck 1｜骨格・基礎,文化・技術・学問,仮名文字,かなもじ,,古代,近畿,平安京を中心とする日本列島,平安時代,900,JH-000287-R03,reverse,結果・関連,reverse,何につながった・どんな意味があった？,日本語を自由に記すことを可能にし、**和歌**・日記・物語など国風文化の発達を支えた。,ひらがな|カタカナ|表音文字|和歌|女房文学,,,,国立歴史民俗博物館「第1展示室 先史・古代」,https://www.rekihaku.ac.jp/exhibitions/room1/
日本史段階別デッキ｜Deck 1｜日本史の最重要骨格400語,JH-000287,287,Deck 1｜骨格・基礎,文化・技術・学問,仮名文字,かなもじ,,古代,近畿,平安京を中心とする日本列島,平安時代,900,JH-000287-I01,integrated,統合説明,integrated,「仮名文字」について説明せよ。,平安時代、平安京を中心とする日本列島を主な舞台として、漢字を崩した**ひらがな**と、漢字の一部を取った**カタカナ**からなる表音文字。 日本語を自由に記すことを可能にし、**和歌**・日記・物語など国風文化の発達を支えた。,ひらがな|カタカナ|表音文字|和歌|女房文学,,,,国立歴史民俗博物館「第1展示室 先史・古代」,https://www.rekihaku.ac.jp/exhibitions/room1/
日本史段階別デッキ｜Deck 1｜日本史の最重要骨格400語,JH-000315,315,Deck 1｜骨格・基礎,制度・政策・法律,摂政,せっしょう,,古代,近畿,京都の朝廷,平安時代以後,900,JH-000315-B01,beginner,用語の特定,identify,幼少の天皇に代わって政務を行う役職は？,摂政,摂政,,,,国立歴史民俗博物館「第1展示室 先史・古代」,https://www.rekihaku.ac.jp/exhibitions/room1/
日本史段階別デッキ｜Deck 1｜日本史の最重要骨格400語,JH-000315,315,Deck 1｜骨格・基礎,制度・政策・法律,摂政,せっしょう,,古代,近畿,京都の朝廷,平安時代以後,900,JH-000315-B02,beginner,時期,time,摂政が成立・実施されたのはいつ？,平安時代以後,平安時代以後,,,,国立歴史民俗博物館「第1展示室 先史・古代」,https://www.rekihaku.ac.jp/exhibitions/room1/
日本史段階別デッキ｜Deck 1｜日本史の最重要骨格400語,JH-000315,315,Deck 1｜骨格・基礎,制度・政策・法律,摂政,せっしょう,,古代,近畿,京都の朝廷,平安時代以後,900,JH-000315-B03,beginner,対象,actor,摂政が補佐・代行する天皇は主にどのような天皇？,幼少の天皇,幼少の天皇,,,,国立歴史民俗博物館「第1展示室 先史・古代」,https://www.rekihaku.ac.jp/exhibitions/room1/
日本史段階別デッキ｜Deck 1｜日本史の最重要骨格400語,JH-000315,315,Deck 1｜骨格・基礎,制度・政策・法律,摂政,せっしょう,,古代,近畿,京都の朝廷,平安時代以後,900,JH-000315-R01,reverse,時期,time,成立・実施されたのはいつ？,**平安時代以後**,平安時代以後,,,,国立歴史民俗博物館「第1展示室 先史・古代」,https://www.rekihaku.ac.jp/exhibitions/room1/
日本史段階別デッキ｜Deck 1｜日本史の最重要骨格400語,JH-000315,315,Deck 1｜骨格・基礎,制度・政策・法律,摂政,せっしょう,,古代,近畿,京都の朝廷,平安時代以後,900,JH-000315-R02,reverse,複合説明,reverse,どんな制度・政策・法律？,京都の朝廷で、主に**幼少の天皇**に代わって政務を行う役職。,幼少の天皇|藤原北家|外戚|摂関政治,,,,国立歴史民俗博物館「第1展示室 先史・古代」,https://www.rekihaku.ac.jp/exhibitions/room1/
日本史段階別デッキ｜Deck 1｜日本史の最重要骨格400語,JH-000315,315,Deck 1｜骨格・基礎,制度・政策・法律,摂政,せっしょう,,古代,近畿,京都の朝廷,平安時代以後,900,JH-000315-R03,reverse,結果・関連,reverse,何につながった・どんな意味があった？,藤原北家が外戚関係を利用して就任し、関白とともに**摂関政治(せっかんせいじ)**の権力基盤となった。,幼少の天皇|藤原北家|外戚|摂関政治,,,,国立歴史民俗博物館「第1展示室 先史・古代」,https://www.rekihaku.ac.jp/exhibitions/room1/
日本史段階別デッキ｜Deck 1｜日本史の最重要骨格400語,JH-000315,315,Deck 1｜骨格・基礎,制度・政策・法律,摂政,せっしょう,,古代,近畿,京都の朝廷,平安時代以後,900,JH-000315-I01,integrated,統合説明,integrated,「摂政」について説明せよ。,平安時代以後、京都の朝廷を主な舞台として、京都の朝廷で、主に**幼少の天皇**に代わって政務を行う役職。 藤原北家が外戚関係を利用して就任し、関白とともに**摂関政治(せっかんせいじ)**の権力基盤となった。,幼少の天皇|藤原北家|外戚|摂関政治,,,,国立歴史民俗博物館「第1展示室 先史・古代」,https://www.rekihaku.ac.jp/exhibitions/room1/
日本史段階別デッキ｜Deck 1｜日本史の最重要骨格400語,JH-000316,316,Deck 1｜骨格・基礎,制度・政策・法律,関白,かんぱく,,古代,近畿,京都の朝廷,平安時代以後,900,JH-000316-B01,beginner,用語の特定,identify,成人した天皇を補佐し、重要政務に関与した役職は？,関白,関白,,,,国立歴史民俗博物館「第1展示室 先史・古代」,https://www.rekihaku.ac.jp/exhibitions/room1/
日本史段階別デッキ｜Deck 1｜日本史の最重要骨格400語,JH-000316,316,Deck 1｜骨格・基礎,制度・政策・法律,関白,かんぱく,,古代,近畿,京都の朝廷,平安時代以後,900,JH-000316-B02,beginner,時期,time,関白が成立・実施されたのはいつ？,平安時代以後,平安時代以後,,,,国立歴史民俗博物館「第1展示室 先史・古代」,https://www.rekihaku.ac.jp/exhibitions/room1/
日本史段階別デッキ｜Deck 1｜日本史の最重要骨格400語,JH-000316,316,Deck 1｜骨格・基礎,制度・政策・法律,関白,かんぱく,,古代,近畿,京都の朝廷,平安時代以後,900,JH-000316-B03,beginner,対象,actor,関白が補佐する天皇は主にどのような天皇？,成人した天皇,成人した天皇,,,,国立歴史民俗博物館「第1展示室 先史・古代」,https://www.rekihaku.ac.jp/exhibitions/room1/
日本史段階別デッキ｜Deck 1｜日本史の最重要骨格400語,JH-000316,316,Deck 1｜骨格・基礎,制度・政策・法律,関白,かんぱく,,古代,近畿,京都の朝廷,平安時代以後,900,JH-000316-R01,reverse,時期,time,成立・実施されたのはいつ？,**平安時代以後**,平安時代以後,,,,国立歴史民俗博物館「第1展示室 先史・古代」,https://www.rekihaku.ac.jp/exhibitions/room1/
日本史段階別デッキ｜Deck 1｜日本史の最重要骨格400語,JH-000316,316,Deck 1｜骨格・基礎,制度・政策・法律,関白,かんぱく,,古代,近畿,京都の朝廷,平安時代以後,900,JH-000316-R02,reverse,複合説明,reverse,どんな制度・政策・法律？,京都の朝廷で、**成人した天皇**を補佐し、重要政務を先に見聞して決定へ関与した役職。,成人した天皇|藤原北家|摂政|摂関政治,,,,国立歴史民俗博物館「第1展示室 先史・古代」,https://www.rekihaku.ac.jp/exhibitions/room1/
日本史段階別デッキ｜Deck 1｜日本史の最重要骨格400語,JH-000316,316,Deck 1｜骨格・基礎,制度・政策・法律,関白,かんぱく,,古代,近畿,京都の朝廷,平安時代以後,900,JH-000316-R03,reverse,結果・関連,reverse,何につながった・どんな意味があった？,**藤原北家**が摂政と使い分けて就任し、摂関政治(せっかんせいじ)を長期化させた。,成人した天皇|藤原北家|摂政|摂関政治,,,,国立歴史民俗博物館「第1展示室 先史・古代」,https://www.rekihaku.ac.jp/exhibitions/room1/
日本史段階別デッキ｜Deck 1｜日本史の最重要骨格400語,JH-000316,316,Deck 1｜骨格・基礎,制度・政策・法律,関白,かんぱく,,古代,近畿,京都の朝廷,平安時代以後,900,JH-000316-I01,integrated,統合説明,integrated,「関白」について説明せよ。,平安時代以後、京都の朝廷を主な舞台として、京都の朝廷で、**成人した天皇**を補佐し、重要政務を先に見聞して決定へ関与した役職。 **藤原北家**が摂政と使い分けて就任し、摂関政治(せっかんせいじ)を長期化させた。,成人した天皇|藤原北家|摂政|摂関政治,,,,国立歴史民俗博物館「第1展示室 先史・古代」,https://www.rekihaku.ac.jp/exhibitions/room1/
日本史段階別デッキ｜Deck 1｜日本史の最重要骨格400語,JH-000086,86,Deck 1｜骨格・基礎,朝廷・政権・幕府,摂関政治,せっかんせいじ,,古代,近畿,平安京の朝廷,10世紀〜11世紀,950,JH-000086-B01,beginner,用語の特定,identify,藤原北家が天皇の外戚となり、摂政・関白として実権を握った政治は？,摂関政治(せっかんせいじ),摂関政治,,,,国立歴史民俗博物館「第1展示室 先史・古代」,https://www.rekihaku.ac.jp/exhibitions/room1/
日本史段階別デッキ｜Deck 1｜日本史の最重要骨格400語,JH-000086,86,Deck 1｜骨格・基礎,朝廷・政権・幕府,摂関政治,せっかんせいじ,,古代,近畿,平安京の朝廷,10世紀〜11世紀,950,JH-000086-B02,beginner,時期,time,摂関政治(せっかんせいじ)が存在・機能したのはいつ？,10世紀〜11世紀,10世紀〜11世紀,,,10世紀〜11世紀：「ひと・まる」（10）世紀から「ひと・ひと」（11）世紀までの摂関政治,国立歴史民俗博物館「第1展示室 先史・古代」,https://www.rekihaku.ac.jp/exhibitions/room1/
日本史段階別デッキ｜Deck 1｜日本史の最重要骨格400語,JH-000086,86,Deck 1｜骨格・基礎,朝廷・政権・幕府,摂関政治,せっかんせいじ,,古代,近畿,平安京の朝廷,10世紀〜11世紀,950,JH-000086-B03,beginner,関係勢力,actor,摂関政治(せっかんせいじ)で実権を握った氏族は？,藤原北家,藤原北家,,,,国立歴史民俗博物館「第1展示室 先史・古代」,https://www.rekihaku.ac.jp/exhibitions/room1/
日本史段階別デッキ｜Deck 1｜日本史の最重要骨格400語,JH-000086,86,Deck 1｜骨格・基礎,朝廷・政権・幕府,摂関政治,せっかんせいじ,,古代,近畿,平安京の朝廷,10世紀〜11世紀,950,JH-000086-R01,reverse,時期,time,存在・機能したのはいつ？,**10世紀〜11世紀**,10世紀〜11世紀,,,10世紀〜11世紀：「ひと・まる」（10）世紀から「ひと・ひと」（11）世紀までの摂関政治,国立歴史民俗博物館「第1展示室 先史・古代」,https://www.rekihaku.ac.jp/exhibitions/room1/
日本史段階別デッキ｜Deck 1｜日本史の最重要骨格400語,JH-000086,86,Deck 1｜骨格・基礎,朝廷・政権・幕府,摂関政治,せっかんせいじ,,古代,近畿,平安京の朝廷,10世紀〜11世紀,950,JH-000086-R02,reverse,複合説明,reverse,何をした？,平安京の朝廷で**藤原北家**が天皇の外戚となり、摂政・関白として政治の実権を握った体制。,藤原北家|外戚|摂政|関白|藤原道長|院政,,,,国立歴史民俗博物館「第1展示室 先史・古代」,https://www.rekihaku.ac.jp/exhibitions/room1/
日本史段階別デッキ｜Deck 1｜日本史の最重要骨格400語,JH-000086,86,Deck 1｜骨格・基礎,朝廷・政権・幕府,摂関政治,せっかんせいじ,,古代,近畿,平安京の朝廷,10世紀〜11世紀,950,JH-000086-R03,reverse,結果・関連,reverse,何につながった・どんな意味があった？,**藤原道長**・頼通期に最盛期を迎えたが、院政の開始とともに相対的に後退した。,藤原北家|外戚|摂政|関白|藤原道長|院政,,,,国立歴史民俗博物館「第1展示室 先史・古代」,https://www.rekihaku.ac.jp/exhibitions/room1/
日本史段階別デッキ｜Deck 1｜日本史の最重要骨格400語,JH-000086,86,Deck 1｜骨格・基礎,朝廷・政権・幕府,摂関政治,せっかんせいじ,,古代,近畿,平安京の朝廷,10世紀〜11世紀,950,JH-000086-I01,integrated,統合説明,integrated,「摂関政治(せっかんせいじ)」について説明せよ。,10世紀〜11世紀、平安京の朝廷を主な舞台として、平安京の朝廷で**藤原北家**が天皇の外戚となり、摂政・関白として政治の実権を握った体制。 **藤原道長**・頼通期に最盛期を迎えたが、院政の開始とともに相対的に後退した。,藤原北家|外戚|摂政|関白|藤原道長|院政,,,10世紀〜11世紀：「ひと・まる」（10）世紀から「ひと・ひと」（11）世紀までの摂関政治,国立歴史民俗博物館「第1展示室 先史・古代」,https://www.rekihaku.ac.jp/exhibitions/room1/
日本史段階別デッキ｜Deck 1｜日本史の最重要骨格400語,JH-000091,91,Deck 1｜骨格・基礎,制度・政策・法律,受領,ずりょう,,古代,日本全国,各国の国府と任国,平安時代中期以後,950,JH-000091-B01,beginner,用語の特定,identify,平安時代、実際に任国へ赴任して国司行政の最高責任を担った者は？,受領(ずりょう),受領,,,,国立歴史民俗博物館「第1展示室 先史・古代」,https://www.rekihaku.ac.jp/exhibitions/room1/
日本史段階別デッキ｜Deck 1｜日本史の最重要骨格400語,JH-000091,91,Deck 1｜骨格・基礎,制度・政策・法律,受領,ずりょう,,古代,日本全国,各国の国府と任国,平安時代中期以後,950,JH-000091-B02,beginner,時期,time,受領(ずりょう)が成立・実施されたのはいつ？,平安時代中期以後,平安時代中期以後,,,,国立歴史民俗博物館「第1展示室 先史・古代」,https://www.rekihaku.ac.jp/exhibitions/room1/
日本史段階別デッキ｜Deck 1｜日本史の最重要骨格400語,JH-000091,91,Deck 1｜骨格・基礎,制度・政策・法律,受領,ずりょう,,古代,日本全国,各国の国府と任国,平安時代中期以後,950,JH-000091-B03,beginner,地域,place,受領(ずりょう)が赴任した先は？,任国,任国,,,,国立歴史民俗博物館「第1展示室 先史・古代」,https://www.rekihaku.ac.jp/exhibitions/room1/
日本史段階別デッキ｜Deck 1｜日本史の最重要骨格400語,JH-000091,91,Deck 1｜骨格・基礎,制度・政策・法律,受領,ずりょう,,古代,日本全国,各国の国府と任国,平安時代中期以後,950,JH-000091-R01,reverse,時期,time,成立・実施されたのはいつ？,**平安時代中期以後**,平安時代中期以後,,,,国立歴史民俗博物館「第1展示室 先史・古代」,https://www.rekihaku.ac.jp/exhibitions/room1/
日本史段階別デッキ｜Deck 1｜日本史の最重要骨格400語,JH-000091,91,Deck 1｜骨格・基礎,制度・政策・法律,受領,ずりょう,,古代,日本全国,各国の国府と任国,平安時代中期以後,950,JH-000091-R02,reverse,複合説明,reverse,どんな制度・政策・法律？,平安時代に実際に任国へ赴き、**国司**行政と租税徴収の最高責任を担った地方官。,国司|任国|租税徴収|開発領主|武士,,,,国立歴史民俗博物館「第1展示室 先史・古代」,https://www.rekihaku.ac.jp/exhibitions/room1/
日本史段階別デッキ｜Deck 1｜日本史の最重要骨格400語,JH-000091,91,Deck 1｜骨格・基礎,制度・政策・法律,受領,ずりょう,,古代,日本全国,各国の国府と任国,平安時代中期以後,950,JH-000091-R03,reverse,結果・関連,reverse,何につながった・どんな意味があった？,徴税請負的な支配で富を蓄え、在地の**開発領主**や武士との関係を深めた。,国司|任国|租税徴収|開発領主|武士,,,,国立歴史民俗博物館「第1展示室 先史・古代」,https://www.rekihaku.ac.jp/exhibitions/room1/
日本史段階別デッキ｜Deck 1｜日本史の最重要骨格400語,JH-000091,91,Deck 1｜骨格・基礎,制度・政策・法律,受領,ずりょう,,古代,日本全国,各国の国府と任国,平安時代中期以後,950,JH-000091-I01,integrated,統合説明,integrated,「受領(ずりょう)」について説明せよ。,平安時代中期以後、各国の国府と任国を主な舞台として、平安時代に実際に任国へ赴き、**国司**行政と租税徴収の最高責任を担った地方官。 徴税請負的な支配で富を蓄え、在地の**開発領主**や武士との関係を深めた。,国司|任国|租税徴収|開発領主|武士,,,,国立歴史民俗博物館「第1展示室 先史・古代」,https://www.rekihaku.ac.jp/exhibitions/room1/
日本史段階別デッキ｜Deck 1｜日本史の最重要骨格400語,JH-000088,88,Deck 1｜骨格・基礎,文化・技術・学問,国風文化,こくふうぶんか,,古代,近畿,平安京の貴族社会,10世紀〜11世紀,1000,JH-000088-B01,beginner,用語の特定,identify,遣唐使停止(けんとうしていし)後、かな文字や女房文学、大和絵などが発達した日本的な貴族文化は？,国風文化,国風文化,,,,文化庁「文化遺産オンライン」,https://online.bunka.go.jp/
日本史段階別デッキ｜Deck 1｜日本史の最重要骨格400語,JH-000088,88,Deck 1｜骨格・基礎,文化・技術・学問,国風文化,こくふうぶんか,,古代,近畿,平安京の貴族社会,10世紀〜11世紀,1000,JH-000088-B02,beginner,時期,time,国風文化が成立・発達したのはいつ？,10世紀〜11世紀,10世紀〜11世紀,,,10世紀〜11世紀：「ひと・まる」（10）世紀から「ひと・ひと」（11）世紀までの国風文化,文化庁「文化遺産オンライン」,https://online.bunka.go.jp/
日本史段階別デッキ｜Deck 1｜日本史の最重要骨格400語,JH-000088,88,Deck 1｜骨格・基礎,文化・技術・学問,国風文化,こくふうぶんか,,古代,近畿,平安京の貴族社会,10世紀〜11世紀,1000,JH-000088-B03,beginner,内容,content,国風文化の発達を支えた文字は？,仮名文字,仮名文字,,,,文化庁「文化遺産オンライン」,https://online.bunka.go.jp/
日本史段階別デッキ｜Deck 1｜日本史の最重要骨格400語,JH-000088,88,Deck 1｜骨格・基礎,文化・技術・学問,国風文化,こくふうぶんか,,古代,近畿,平安京の貴族社会,10世紀〜11世紀,1000,JH-000088-R01,reverse,時期,time,成立・発達したのはいつ？,**10世紀〜11世紀**,10世紀〜11世紀,,,10世紀〜11世紀：「ひと・まる」（10）世紀から「ひと・ひと」（11）世紀までの国風文化,文化庁「文化遺産オンライン」,https://online.bunka.go.jp/
日本史段階別デッキ｜Deck 1｜日本史の最重要骨格400語,JH-000088,88,Deck 1｜骨格・基礎,文化・技術・学問,国風文化,こくふうぶんか,,古代,近畿,平安京の貴族社会,10世紀〜11世紀,1000,JH-000088-R02,reverse,複合説明,reverse,どんな文化・技術・学問？,平安京の貴族社会で、唐風文化を消化しながら**仮名文字**・女房文学・大和絵などが発達した文化。,仮名文字|女房文学|大和絵|源氏物語|枕草子,,,,文化庁「文化遺産オンライン」,https://online.bunka.go.jp/
日本史段階別デッキ｜Deck 1｜日本史の最重要骨格400語,JH-000088,88,Deck 1｜骨格・基礎,文化・技術・学問,国風文化,こくふうぶんか,,古代,近畿,平安京の貴族社会,10世紀〜11世紀,1000,JH-000088-R03,reverse,結果・関連,reverse,何につながった・どんな意味があった？,宮廷女性の表現を広げ、『**源氏物語**』『枕草子』など日本文学の基礎を生んだ。,仮名文字|女房文学|大和絵|源氏物語|枕草子,,,,文化庁「文化遺産オンライン」,https://online.bunka.go.jp/
日本史段階別デッキ｜Deck 1｜日本史の最重要骨格400語,JH-000088,88,Deck 1｜骨格・基礎,文化・技術・学問,国風文化,こくふうぶんか,,古代,近畿,平安京の貴族社会,10世紀〜11世紀,1000,JH-000088-I01,integrated,統合説明,integrated,「国風文化」について説明せよ。,10世紀〜11世紀、平安京の貴族社会を主な舞台として、平安京の貴族社会で、唐風文化を消化しながら**仮名文字**・女房文学・大和絵などが発達した文化。 宮廷女性の表現を広げ、『**源氏物語**』『枕草子』など日本文学の基礎を生んだ。,仮名文字|女房文学|大和絵|源氏物語|枕草子,,,10世紀〜11世紀：「ひと・まる」（10）世紀から「ひと・ひと」（11）世紀までの国風文化,文化庁「文化遺産オンライン」,https://online.bunka.go.jp/
日本史段階別デッキ｜Deck 1｜日本史の最重要骨格400語,JH-000269,269,Deck 1｜骨格・基礎,宗教・宗派,浄土信仰,じょうどしんこう,,古代,近畿,京都の貴族社会から各地,平安時代中期以後,1000,JH-000269-B01,beginner,用語の特定,identify,阿弥陀仏にすがり、死後に極楽浄土へ往生することを願う信仰は？,浄土信仰,浄土信仰,,,,国立歴史民俗博物館「第1展示室 先史・古代」,https://www.rekihaku.ac.jp/exhibitions/room1/
日本史段階別デッキ｜Deck 1｜日本史の最重要骨格400語,JH-000269,269,Deck 1｜骨格・基礎,宗教・宗派,浄土信仰,じょうどしんこう,,古代,近畿,京都の貴族社会から各地,平安時代中期以後,1000,JH-000269-B02,beginner,時期,time,浄土信仰が成立・広まったのはいつ？,平安時代中期以後,平安時代中期以後,,,,国立歴史民俗博物館「第1展示室 先史・古代」,https://www.rekihaku.ac.jp/exhibitions/room1/
日本史段階別デッキ｜Deck 1｜日本史の最重要骨格400語,JH-000269,269,Deck 1｜骨格・基礎,宗教・宗派,浄土信仰,じょうどしんこう,,古代,近畿,京都の貴族社会から各地,平安時代中期以後,1000,JH-000269-B03,beginner,内容,content,浄土信仰で救いを求める仏は？,阿弥陀仏,阿弥陀仏,,,,国立歴史民俗博物館「第1展示室 先史・古代」,https://www.rekihaku.ac.jp/exhibitions/room1/
日本史段階別デッキ｜Deck 1｜日本史の最重要骨格400語,JH-000269,269,Deck 1｜骨格・基礎,宗教・宗派,浄土信仰,じょうどしんこう,,古代,近畿,京都の貴族社会から各地,平安時代中期以後,1000,JH-000269-R01,reverse,時期,time,成立・広まったのはいつ？,**平安時代中期以後**,平安時代中期以後,,,,国立歴史民俗博物館「第1展示室 先史・古代」,https://www.rekihaku.ac.jp/exhibitions/room1/
日本史段階別デッキ｜Deck 1｜日本史の最重要骨格400語,JH-000269,269,Deck 1｜骨格・基礎,宗教・宗派,浄土信仰,じょうどしんこう,,古代,近畿,京都の貴族社会から各地,平安時代中期以後,1000,JH-000269-R02,reverse,複合説明,reverse,どんな宗教・教え？,京都の貴族社会から各地へ広がった、**阿弥陀仏**を信じて極楽浄土への往生を願う信仰。,阿弥陀仏|極楽浄土|末法思想|平等院鳳凰堂|浄土宗,,,,国立歴史民俗博物館「第1展示室 先史・古代」,https://www.rekihaku.ac.jp/exhibitions/room1/
日本史段階別デッキ｜Deck 1｜日本史の最重要骨格400語,JH-000269,269,Deck 1｜骨格・基礎,宗教・宗派,浄土信仰,じょうどしんこう,,古代,近畿,京都の貴族社会から各地,平安時代中期以後,1000,JH-000269-R03,reverse,結果・関連,reverse,何につながった・どんな意味があった？,**末法思想**の広がりと結びつき、平等院鳳凰堂(びょうどういんほうおうどう)やのちの浄土宗・浄土真宗の成立につながった。,阿弥陀仏|極楽浄土|末法思想|平等院鳳凰堂|浄土宗,,,,国立歴史民俗博物館「第1展示室 先史・古代」,https://www.rekihaku.ac.jp/exhibitions/room1/
日本史段階別デッキ｜Deck 1｜日本史の最重要骨格400語,JH-000269,269,Deck 1｜骨格・基礎,宗教・宗派,浄土信仰,じょうどしんこう,,古代,近畿,京都の貴族社会から各地,平安時代中期以後,1000,JH-000269-I01,integrated,統合説明,integrated,「浄土信仰」について説明せよ。,平安時代中期以後、京都の貴族社会から各地を主な舞台として、京都の貴族社会から各地へ広がった、**阿弥陀仏**を信じて極楽浄土への往生を願う信仰。 **末法思想**の広がりと結びつき、平等院鳳凰堂(びょうどういんほうおうどう)やのちの浄土宗・浄土真宗の成立につながった。,阿弥陀仏|極楽浄土|末法思想|平等院鳳凰堂|浄土宗,,,,国立歴史民俗博物館「第1展示室 先史・古代」,https://www.rekihaku.ac.jp/exhibitions/room1/
日本史段階別デッキ｜Deck 1｜日本史の最重要骨格400語,JH-000305,305,Deck 1｜骨格・基礎,文学・美術・建築,枕草子,まくらのそうし,,古代,近畿,平安京の宮廷,11世紀初め,1000,JH-000305-B01,beginner,用語の特定,identify,清少納言が中宮定子に仕えた経験をもとに、宮廷生活や自然への感覚を記した随筆は？,枕草子,枕草子,,,,文化庁「文化遺産オンライン」,https://online.bunka.go.jp/
日本史段階別デッキ｜Deck 1｜日本史の最重要骨格400語,JH-000305,305,Deck 1｜骨格・基礎,文学・美術・建築,枕草子,まくらのそうし,,古代,近畿,平安京の宮廷,11世紀初め,1000,JH-000305-B02,beginner,時期,time,枕草子が成立・制作されたのはいつ？,11世紀初め,11世紀初め,,,11世紀初め：「ひと・ひと」（11）世紀と結ぶ枕草子,文化庁「文化遺産オンライン」,https://online.bunka.go.jp/
日本史段階別デッキ｜Deck 1｜日本史の最重要骨格400語,JH-000305,305,Deck 1｜骨格・基礎,文学・美術・建築,枕草子,まくらのそうし,,古代,近畿,平安京の宮廷,11世紀初め,1000,JH-000305-B03,beginner,人物,person,枕草子の作者は？,清少納言,清少納言,,,,文化庁「文化遺産オンライン」,https://online.bunka.go.jp/
日本史段階別デッキ｜Deck 1｜日本史の最重要骨格400語,JH-000305,305,Deck 1｜骨格・基礎,文学・美術・建築,枕草子,まくらのそうし,,古代,近畿,平安京の宮廷,11世紀初め,1000,JH-000305-R01,reverse,時期,time,成立・制作されたのはいつ？,**11世紀初め**,11世紀初め,,,11世紀初め：「ひと・ひと」（11）世紀と結ぶ枕草子,文化庁「文化遺産オンライン」,https://online.bunka.go.jp/
日本史段階別デッキ｜Deck 1｜日本史の最重要骨格400語,JH-000305,305,Deck 1｜骨格・基礎,文学・美術・建築,枕草子,まくらのそうし,,古代,近畿,平安京の宮廷,11世紀初め,1000,JH-000305-R02,reverse,複合説明,reverse,どのような作品・様式？,平安京の宮廷で、**清少納言**が中宮定子に仕えた経験や自然・人物への感想を記した随筆。,清少納言|中宮定子|随筆|女房文学|国風文化,,,,文化庁「文化遺産オンライン」,https://online.bunka.go.jp/
日本史段階別デッキ｜Deck 1｜日本史の最重要骨格400語,JH-000305,305,Deck 1｜骨格・基礎,文学・美術・建築,枕草子,まくらのそうし,,古代,近畿,平安京の宮廷,11世紀初め,1000,JH-000305-R03,reverse,結果・関連,reverse,何につながった・どんな意味があった？,鋭い観察と美意識を示し、『源氏物語』と並ぶ国風文化の**女房文学**を代表する。,清少納言|中宮定子|随筆|女房文学|国風文化,,,,文化庁「文化遺産オンライン」,https://online.bunka.go.jp/
日本史段階別デッキ｜Deck 1｜日本史の最重要骨格400語,JH-000305,305,Deck 1｜骨格・基礎,文学・美術・建築,枕草子,まくらのそうし,,古代,近畿,平安京の宮廷,11世紀初め,1000,JH-000305-I01,integrated,統合説明,integrated,「枕草子」について説明せよ。,11世紀初め、平安京の宮廷を主な舞台として、平安京の宮廷で、**清少納言**が中宮定子に仕えた経験や自然・人物への感想を記した随筆。 鋭い観察と美意識を示し、『源氏物語』と並ぶ国風文化の**女房文学**を代表する。,清少納言|中宮定子|随筆|女房文学|国風文化,,,11世紀初め：「ひと・ひと」（11）世紀と結ぶ枕草子,文化庁「文化遺産オンライン」,https://online.bunka.go.jp/
日本史段階別デッキ｜Deck 1｜日本史の最重要骨格400語,JH-000341,341,Deck 1｜骨格・基礎,人物,清少納言,せいしょうなごん,,古代,近畿,平安京の宮廷,11世紀初め,1000,JH-000341-B01,beginner,用語の特定,identify,中宮定子に仕え、随筆『枕草子』を書いた女房は？,清少納言,清少納言,,,,文化庁「文化遺産オンライン」,https://online.bunka.go.jp/
日本史段階別デッキ｜Deck 1｜日本史の最重要骨格400語,JH-000341,341,Deck 1｜骨格・基礎,人物,清少納言,せいしょうなごん,,古代,近畿,平安京の宮廷,11世紀初め,1000,JH-000341-B02,beginner,時期,time,清少納言が主に活動したのはいつ？,11世紀初め,11世紀初め,,,11世紀初め：「ひと・ひと」（11）世紀と結ぶ清少納言,文化庁「文化遺産オンライン」,https://online.bunka.go.jp/
日本史段階別デッキ｜Deck 1｜日本史の最重要骨格400語,JH-000341,341,Deck 1｜骨格・基礎,人物,清少納言,せいしょうなごん,,古代,近畿,平安京の宮廷,11世紀初め,1000,JH-000341-B03,beginner,文化,content,清少納言の代表作は？,『枕草子』,『枕草子』,,,,文化庁「文化遺産オンライン」,https://online.bunka.go.jp/
日本史段階別デッキ｜Deck 1｜日本史の最重要骨格400語,JH-000341,341,Deck 1｜骨格・基礎,人物,清少納言,せいしょうなごん,,古代,近畿,平安京の宮廷,11世紀初め,1000,JH-000341-R01,reverse,時期,time,主に活動したのはいつ？,**11世紀初め**,11世紀初め,,,11世紀初め：「ひと・ひと」（11）世紀と結ぶ清少納言,文化庁「文化遺産オンライン」,https://online.bunka.go.jp/
日本史段階別デッキ｜Deck 1｜日本史の最重要骨格400語,JH-000341,341,Deck 1｜骨格・基礎,人物,清少納言,せいしょうなごん,,古代,近畿,平安京の宮廷,11世紀初め,1000,JH-000341-R02,reverse,複合説明,reverse,何をした？,平安京の宮廷で一条天皇の中宮**定子**に仕え、『枕草子』を著した女房。,中宮定子|枕草子|宮廷生活|女房文学,,,,文化庁「文化遺産オンライン」,https://online.bunka.go.jp/
日本史段階別デッキ｜Deck 1｜日本史の最重要骨格400語,JH-000341,341,Deck 1｜骨格・基礎,人物,清少納言,せいしょうなごん,,古代,近畿,平安京の宮廷,11世紀初め,1000,JH-000341-R03,reverse,結果・関連,reverse,何につながった・どんな意味があった？,**宮廷生活**を機知と鋭い観察で描き、国風文化の女房文学を代表した。,中宮定子|枕草子|宮廷生活|女房文学,,,,文化庁「文化遺産オンライン」,https://online.bunka.go.jp/
日本史段階別デッキ｜Deck 1｜日本史の最重要骨格400語,JH-000341,341,Deck 1｜骨格・基礎,人物,清少納言,せいしょうなごん,,古代,近畿,平安京の宮廷,11世紀初め,1000,JH-000341-I01,integrated,統合説明,integrated,「清少納言」について説明せよ。,11世紀初め、平安京の宮廷を主な舞台として、平安京の宮廷で一条天皇の中宮**定子**に仕え、『枕草子』を著した女房。 **宮廷生活**を機知と鋭い観察で描き、国風文化の女房文学を代表した。,中宮定子|枕草子|宮廷生活|女房文学,,,11世紀初め：「ひと・ひと」（11）世紀と結ぶ清少納言,文化庁「文化遺産オンライン」,https://online.bunka.go.jp/
日本史段階別デッキ｜Deck 1｜日本史の最重要骨格400語,JH-000400,400,Deck 1｜骨格・基礎,文学・美術・建築,大和絵,やまとえ,,古代,近畿,平安京の貴族社会,平安時代,1000,JH-000400-B01,beginner,用語の特定,identify,日本の風景・行事・物語を題材とし、唐絵に対して発達した絵画様式は？,大和絵,大和絵,,,,文化庁「文化遺産オンライン」,https://online.bunka.go.jp/
日本史段階別デッキ｜Deck 1｜日本史の最重要骨格400語,JH-000400,400,Deck 1｜骨格・基礎,文学・美術・建築,大和絵,やまとえ,,古代,近畿,平安京の貴族社会,平安時代,1000,JH-000400-B02,beginner,時期,time,大和絵が成立・制作されたのはいつ？,平安時代,平安時代,,,,文化庁「文化遺産オンライン」,https://online.bunka.go.jp/
日本史段階別デッキ｜Deck 1｜日本史の最重要骨格400語,JH-000400,400,Deck 1｜骨格・基礎,文学・美術・建築,大和絵,やまとえ,,古代,近畿,平安京の貴族社会,平安時代,1000,JH-000400-B03,beginner,内容,content,大和絵が主に描いた題材は？,日本の風景・行事・物語,日本の風景・行事・物語,,,,文化庁「文化遺産オンライン」,https://online.bunka.go.jp/
日本史段階別デッキ｜Deck 1｜日本史の最重要骨格400語,JH-000400,400,Deck 1｜骨格・基礎,文学・美術・建築,大和絵,やまとえ,,古代,近畿,平安京の貴族社会,平安時代,1000,JH-000400-R01,reverse,時期,time,成立・制作されたのはいつ？,**平安時代**,平安時代,,,,文化庁「文化遺産オンライン」,https://online.bunka.go.jp/
日本史段階別デッキ｜Deck 1｜日本史の最重要骨格400語,JH-000400,400,Deck 1｜骨格・基礎,文学・美術・建築,大和絵,やまとえ,,古代,近畿,平安京の貴族社会,平安時代,1000,JH-000400-R02,reverse,複合説明,reverse,どのような作品・様式？,平安京の貴族社会で、**日本の風景**・行事・物語を題材に発達した絵画様式。,日本の風景|行事|物語|唐絵|絵巻物|国風文化,,,,文化庁「文化遺産オンライン」,https://online.bunka.go.jp/
日本史段階別デッキ｜Deck 1｜日本史の最重要骨格400語,JH-000400,400,Deck 1｜骨格・基礎,文学・美術・建築,大和絵,やまとえ,,古代,近畿,平安京の貴族社会,平安時代,1000,JH-000400-R03,reverse,結果・関連,reverse,何につながった・どんな意味があった？,**唐絵**に対する日本的表現として国風文化を支え、のちの絵巻物へつながった。,日本の風景|行事|物語|唐絵|絵巻物|国風文化,,,,文化庁「文化遺産オンライン」,https://online.bunka.go.jp/
日本史段階別デッキ｜Deck 1｜日本史の最重要骨格400語,JH-000400,400,Deck 1｜骨格・基礎,文学・美術・建築,大和絵,やまとえ,,古代,近畿,平安京の貴族社会,平安時代,1000,JH-000400-I01,integrated,統合説明,integrated,「大和絵」について説明せよ。,平安時代、平安京の貴族社会を主な舞台として、平安京の貴族社会で、**日本の風景**・行事・物語を題材に発達した絵画様式。 **唐絵**に対する日本的表現として国風文化を支え、のちの絵巻物へつながった。,日本の風景|行事|物語|唐絵|絵巻物|国風文化,,,,文化庁「文化遺産オンライン」,https://online.bunka.go.jp/
日本史段階別デッキ｜Deck 1｜日本史の最重要骨格400語,JH-000229,229,Deck 1｜骨格・基礎,人物,紫式部,むらさきしきぶ,,古代,近畿,平安京の宮廷,11世紀初め,1008,JH-000229-B01,beginner,用語の特定,identify,一条天皇の中宮彰子に仕え、『源氏物語』を書いた女房は？,紫式部,紫式部,,,,文化庁「文化遺産オンライン」,https://online.bunka.go.jp/
日本史段階別デッキ｜Deck 1｜日本史の最重要骨格400語,JH-000229,229,Deck 1｜骨格・基礎,人物,紫式部,むらさきしきぶ,,古代,近畿,平安京の宮廷,11世紀初め,1008,JH-000229-B02,beginner,時期,time,紫式部が主に活動したのはいつ？,11世紀初め,11世紀初め,,,11世紀初め：「ひと・ひと」（11）世紀と結ぶ紫式部,文化庁「文化遺産オンライン」,https://online.bunka.go.jp/
日本史段階別デッキ｜Deck 1｜日本史の最重要骨格400語,JH-000229,229,Deck 1｜骨格・基礎,人物,紫式部,むらさきしきぶ,,古代,近畿,平安京の宮廷,11世紀初め,1008,JH-000229-B03,beginner,文化,content,紫式部の代表作は？,『源氏物語』,『源氏物語』,,,,文化庁「文化遺産オンライン」,https://online.bunka.go.jp/
日本史段階別デッキ｜Deck 1｜日本史の最重要骨格400語,JH-000229,229,Deck 1｜骨格・基礎,人物,紫式部,むらさきしきぶ,,古代,近畿,平安京の宮廷,11世紀初め,1008,JH-000229-R01,reverse,時期,time,主に活動したのはいつ？,**11世紀初め**,11世紀初め,,,11世紀初め：「ひと・ひと」（11）世紀と結ぶ紫式部,文化庁「文化遺産オンライン」,https://online.bunka.go.jp/
日本史段階別デッキ｜Deck 1｜日本史の最重要骨格400語,JH-000229,229,Deck 1｜骨格・基礎,人物,紫式部,むらさきしきぶ,,古代,近畿,平安京の宮廷,11世紀初め,1008,JH-000229-R02,reverse,複合説明,reverse,何をした？,平安京の宮廷で一条天皇の中宮**彰子**に仕え、『源氏物語』を著した女房。,中宮彰子|源氏物語|宮廷生活|国風文化,,,,文化庁「文化遺産オンライン」,https://online.bunka.go.jp/
日本史段階別デッキ｜Deck 1｜日本史の最重要骨格400語,JH-000229,229,Deck 1｜骨格・基礎,人物,紫式部,むらさきしきぶ,,古代,近畿,平安京の宮廷,11世紀初め,1008,JH-000229-R03,reverse,結果・関連,reverse,何につながった・どんな意味があった？,**宮廷生活**と人間心理を精緻に描き、国風文化と日本物語文学を代表する作家となった。,中宮彰子|源氏物語|宮廷生活|国風文化,,,,文化庁「文化遺産オンライン」,https://online.bunka.go.jp/
日本史段階別デッキ｜Deck 1｜日本史の最重要骨格400語,JH-000229,229,Deck 1｜骨格・基礎,人物,紫式部,むらさきしきぶ,,古代,近畿,平安京の宮廷,11世紀初め,1008,JH-000229-I01,integrated,統合説明,integrated,「紫式部」について説明せよ。,11世紀初め、平安京の宮廷を主な舞台として、平安京の宮廷で一条天皇の中宮**彰子**に仕え、『源氏物語』を著した女房。 **宮廷生活**と人間心理を精緻に描き、国風文化と日本物語文学を代表する作家となった。,中宮彰子|源氏物語|宮廷生活|国風文化,,,11世紀初め：「ひと・ひと」（11）世紀と結ぶ紫式部,文化庁「文化遺産オンライン」,https://online.bunka.go.jp/
日本史段階別デッキ｜Deck 1｜日本史の最重要骨格400語,JH-000306,306,Deck 1｜骨格・基礎,文学・美術・建築,源氏物語,げんじものがたり,,古代,近畿,平安京の宮廷社会,11世紀初め,1008,JH-000306-B01,beginner,用語の特定,identify,紫式部が光源氏を主人公に、宮廷社会と人間心理を描いた長編物語は？,源氏物語,源氏物語,,,,文化庁「文化遺産オンライン」,https://online.bunka.go.jp/
日本史段階別デッキ｜Deck 1｜日本史の最重要骨格400語,JH-000306,306,Deck 1｜骨格・基礎,文学・美術・建築,源氏物語,げんじものがたり,,古代,近畿,平安京の宮廷社会,11世紀初め,1008,JH-000306-B02,beginner,時期,time,源氏物語が成立・制作されたのはいつ？,11世紀初め,11世紀初め,,,11世紀初め：「ひと・ひと」（11）世紀と結ぶ源氏物語,文化庁「文化遺産オンライン」,https://online.bunka.go.jp/
日本史段階別デッキ｜Deck 1｜日本史の最重要骨格400語,JH-000306,306,Deck 1｜骨格・基礎,文学・美術・建築,源氏物語,げんじものがたり,,古代,近畿,平安京の宮廷社会,11世紀初め,1008,JH-000306-B03,beginner,人物,person,源氏物語の作者は？,紫式部,紫式部,,,,文化庁「文化遺産オンライン」,https://online.bunka.go.jp/
日本史段階別デッキ｜Deck 1｜日本史の最重要骨格400語,JH-000306,306,Deck 1｜骨格・基礎,文学・美術・建築,源氏物語,げんじものがたり,,古代,近畿,平安京の宮廷社会,11世紀初め,1008,JH-000306-R01,reverse,時期,time,成立・制作されたのはいつ？,**11世紀初め**,11世紀初め,,,11世紀初め：「ひと・ひと」（11）世紀と結ぶ源氏物語,文化庁「文化遺産オンライン」,https://online.bunka.go.jp/
日本史段階別デッキ｜Deck 1｜日本史の最重要骨格400語,JH-000306,306,Deck 1｜骨格・基礎,文学・美術・建築,源氏物語,げんじものがたり,,古代,近畿,平安京の宮廷社会,11世紀初め,1008,JH-000306-R02,reverse,複合説明,reverse,どのような作品・様式？,平安京の宮廷社会を舞台に、**紫式部**が光源氏とその子孫の恋愛・政治・人生を描いた長編物語。,紫式部|光源氏|仮名文字|女房文学|貴族社会,,,,文化庁「文化遺産オンライン」,https://online.bunka.go.jp/
日本史段階別デッキ｜Deck 1｜日本史の最重要骨格400語,JH-000306,306,Deck 1｜骨格・基礎,文学・美術・建築,源氏物語,げんじものがたり,,古代,近畿,平安京の宮廷社会,11世紀初め,1008,JH-000306-R03,reverse,結果・関連,reverse,何につながった・どんな意味があった？,**仮名文字**と女房文学の成熟を示し、貴族社会の制度・感情・美意識を伝える。,紫式部|光源氏|仮名文字|女房文学|貴族社会,,,,文化庁「文化遺産オンライン」,https://online.bunka.go.jp/
日本史段階別デッキ｜Deck 1｜日本史の最重要骨格400語,JH-000306,306,Deck 1｜骨格・基礎,文学・美術・建築,源氏物語,げんじものがたり,,古代,近畿,平安京の宮廷社会,11世紀初め,1008,JH-000306-I01,integrated,統合説明,integrated,「源氏物語」について説明せよ。,11世紀初め、平安京の宮廷社会を主な舞台として、平安京の宮廷社会を舞台に、**紫式部**が光源氏とその子孫の恋愛・政治・人生を描いた長編物語。 **仮名文字**と女房文学の成熟を示し、貴族社会の制度・感情・美意識を伝える。,紫式部|光源氏|仮名文字|女房文学|貴族社会,,,11世紀初め：「ひと・ひと」（11）世紀と結ぶ源氏物語,文化庁「文化遺産オンライン」,https://online.bunka.go.jp/
日本史段階別デッキ｜Deck 1｜日本史の最重要骨格400語,JH-000087,87,Deck 1｜骨格・基礎,人物,藤原道長,ふじわらのみちなが,,古代,近畿,平安京の朝廷,11世紀初め,1016,JH-000087-B01,beginner,用語の特定,identify,娘たちを天皇の后とし、外戚関係を築いて摂関政治(せっかんせいじ)の最盛期を現出した人物は？,藤原道長,藤原道長,,,,国立歴史民俗博物館「第1展示室 先史・古代」,https://www.rekihaku.ac.jp/exhibitions/room1/
日本史段階別デッキ｜Deck 1｜日本史の最重要骨格400語,JH-000087,87,Deck 1｜骨格・基礎,人物,藤原道長,ふじわらのみちなが,,古代,近畿,平安京の朝廷,11世紀初め,1016,JH-000087-B02,beginner,時期,time,藤原道長が主に活動したのはいつ？,11世紀初め,11世紀初め,,,11世紀初め：「ひと・ひと」（11）世紀と結ぶ藤原道長,国立歴史民俗博物館「第1展示室 先史・古代」,https://www.rekihaku.ac.jp/exhibitions/room1/
日本史段階別デッキ｜Deck 1｜日本史の最重要骨格400語,JH-000087,87,Deck 1｜骨格・基礎,人物,藤原道長,ふじわらのみちなが,,古代,近畿,平安京の朝廷,11世紀初め,1016,JH-000087-B03,beginner,内容,content,藤原道長が権力の基盤とした天皇家との関係は？,外戚関係,外戚関係,,,,国立歴史民俗博物館「第1展示室 先史・古代」,https://www.rekihaku.ac.jp/exhibitions/room1/
日本史段階別デッキ｜Deck 1｜日本史の最重要骨格400語,JH-000087,87,Deck 1｜骨格・基礎,人物,藤原道長,ふじわらのみちなが,,古代,近畿,平安京の朝廷,11世紀初め,1016,JH-000087-R01,reverse,時期,time,主に活動したのはいつ？,**11世紀初め**,11世紀初め,,,11世紀初め：「ひと・ひと」（11）世紀と結ぶ藤原道長,国立歴史民俗博物館「第1展示室 先史・古代」,https://www.rekihaku.ac.jp/exhibitions/room1/
日本史段階別デッキ｜Deck 1｜日本史の最重要骨格400語,JH-000087,87,Deck 1｜骨格・基礎,人物,藤原道長,ふじわらのみちなが,,古代,近畿,平安京の朝廷,11世紀初め,1016,JH-000087-R02,reverse,複合説明,reverse,何をした？,平安京の朝廷で娘たちを天皇の后とし、複数の天皇の**外戚**として摂関政治(せっかんせいじ)の最盛期を築いた。,外戚|摂関政治|荘園|家司|国風文化,,,,国立歴史民俗博物館「第1展示室 先史・古代」,https://www.rekihaku.ac.jp/exhibitions/room1/
日本史段階別デッキ｜Deck 1｜日本史の最重要骨格400語,JH-000087,87,Deck 1｜骨格・基礎,人物,藤原道長,ふじわらのみちなが,,古代,近畿,平安京の朝廷,11世紀初め,1016,JH-000087-R03,reverse,結果・関連,reverse,何につながった・どんな意味があった？,**荘園**や家司を基盤に権力を強め、貴族社会と国風文化の繁栄を象徴した。,外戚|摂関政治|荘園|家司|国風文化,,,,国立歴史民俗博物館「第1展示室 先史・古代」,https://www.rekihaku.ac.jp/exhibitions/room1/
日本史段階別デッキ｜Deck 1｜日本史の最重要骨格400語,JH-000087,87,Deck 1｜骨格・基礎,人物,藤原道長,ふじわらのみちなが,,古代,近畿,平安京の朝廷,11世紀初め,1016,JH-000087-I01,integrated,統合説明,integrated,「藤原道長」について説明せよ。,11世紀初め、平安京の朝廷を主な舞台として、平安京の朝廷で娘たちを天皇の后とし、複数の天皇の**外戚**として摂関政治(せっかんせいじ)の最盛期を築いた。 **荘園**や家司を基盤に権力を強め、貴族社会と国風文化の繁栄を象徴した。,外戚|摂関政治|荘園|家司|国風文化,,,11世紀初め：「ひと・ひと」（11）世紀と結ぶ藤原道長,国立歴史民俗博物館「第1展示室 先史・古代」,https://www.rekihaku.ac.jp/exhibitions/room1/
日本史段階別デッキ｜Deck 1｜日本史の最重要骨格400語,JH-000342,342,Deck 1｜骨格・基礎,人物,藤原頼通,ふじわらのよりみち,,古代,近畿,平安京・宇治,11世紀中頃,1050,JH-000342-B01,beginner,用語の特定,identify,藤原道長の子で、長く関白を務め、平等院鳳凰堂(びょうどういんほうおうどう)を建立した人物は？,藤原頼通,藤原頼通,,,,国立歴史民俗博物館「第1展示室 先史・古代」,https://www.rekihaku.ac.jp/exhibitions/room1/
日本史段階別デッキ｜Deck 1｜日本史の最重要骨格400語,JH-000342,342,Deck 1｜骨格・基礎,人物,藤原頼通,ふじわらのよりみち,,古代,近畿,平安京・宇治,11世紀中頃,1050,JH-000342-B02,beginner,時期,time,藤原頼通が主に活動したのはいつ？,11世紀中頃,11世紀中頃,,,11世紀中頃：「ひと・ひと」（11）世紀と結ぶ藤原頼通,国立歴史民俗博物館「第1展示室 先史・古代」,https://www.rekihaku.ac.jp/exhibitions/room1/
日本史段階別デッキ｜Deck 1｜日本史の最重要骨格400語,JH-000342,342,Deck 1｜骨格・基礎,人物,藤原頼通,ふじわらのよりみち,,古代,近畿,平安京・宇治,11世紀中頃,1050,JH-000342-B03,beginner,文化,relation,藤原頼通が宇治に建立した建築は？,平等院鳳凰堂(びょうどういんほうおうどう),平等院鳳凰堂,,,,国立歴史民俗博物館「第1展示室 先史・古代」,https://www.rekihaku.ac.jp/exhibitions/room1/
日本史段階別デッキ｜Deck 1｜日本史の最重要骨格400語,JH-000342,342,Deck 1｜骨格・基礎,人物,藤原頼通,ふじわらのよりみち,,古代,近畿,平安京・宇治,11世紀中頃,1050,JH-000342-R01,reverse,時期,time,主に活動したのはいつ？,**11世紀中頃**,11世紀中頃,,,11世紀中頃：「ひと・ひと」（11）世紀と結ぶ藤原頼通,国立歴史民俗博物館「第1展示室 先史・古代」,https://www.rekihaku.ac.jp/exhibitions/room1/
日本史段階別デッキ｜Deck 1｜日本史の最重要骨格400語,JH-000342,342,Deck 1｜骨格・基礎,人物,藤原頼通,ふじわらのよりみち,,古代,近畿,平安京・宇治,11世紀中頃,1050,JH-000342-R02,reverse,複合説明,reverse,何をした？,平安京の朝廷で長く関白を務めた藤原道長の子で、宇治に**平等院鳳凰堂(びょうどういんほうおうどう)**を建立した。,関白|藤原道長|平等院鳳凰堂|後三条天皇|摂関政治,,,,国立歴史民俗博物館「第1展示室 先史・古代」,https://www.rekihaku.ac.jp/exhibitions/room1/
日本史段階別デッキ｜Deck 1｜日本史の最重要骨格400語,JH-000342,342,Deck 1｜骨格・基礎,人物,藤原頼通,ふじわらのよりみち,,古代,近畿,平安京・宇治,11世紀中頃,1050,JH-000342-R03,reverse,結果・関連,reverse,何につながった・どんな意味があった？,摂関政治(せっかんせいじ)の繁栄を維持したが、外戚関係の弱まりと**後三条天皇**の登場で藤原氏の独占は揺らいだ。,関白|藤原道長|平等院鳳凰堂|後三条天皇|摂関政治,,,,国立歴史民俗博物館「第1展示室 先史・古代」,https://www.rekihaku.ac.jp/exhibitions/room1/
日本史段階別デッキ｜Deck 1｜日本史の最重要骨格400語,JH-000342,342,Deck 1｜骨格・基礎,人物,藤原頼通,ふじわらのよりみち,,古代,近畿,平安京・宇治,11世紀中頃,1050,JH-000342-I01,integrated,統合説明,integrated,「藤原頼通」について説明せよ。,11世紀中頃、平安京・宇治を主な舞台として、平安京の朝廷で長く関白を務めた藤原道長の子で、宇治に**平等院鳳凰堂(びょうどういんほうおうどう)**を建立した。 摂関政治(せっかんせいじ)の繁栄を維持したが、外戚関係の弱まりと**後三条天皇**の登場で藤原氏の独占は揺らいだ。,関白|藤原道長|平等院鳳凰堂|後三条天皇|摂関政治,,,11世紀中頃：「ひと・ひと」（11）世紀と結ぶ藤原頼通,国立歴史民俗博物館「第1展示室 先史・古代」,https://www.rekihaku.ac.jp/exhibitions/room1/
日本史段階別デッキ｜Deck 1｜日本史の最重要骨格400語,JH-000361,361,Deck 1｜骨格・基礎,民族・身分・社会集団,開発領主,かいはつりょうしゅ,,古代,日本全国,地方の荘園・公領,平安時代中期以後,1050,JH-000361-B01,beginner,用語の特定,identify,地方で土地を開発し、中央の貴族・寺社へ寄進して権利を守ろうとした在地有力者は？,開発領主,開発領主,,,,国立歴史民俗博物館「第1展示室 先史・古代」,https://www.rekihaku.ac.jp/exhibitions/room1/
日本史段階別デッキ｜Deck 1｜日本史の最重要骨格400語,JH-000361,361,Deck 1｜骨格・基礎,民族・身分・社会集団,開発領主,かいはつりょうしゅ,,古代,日本全国,地方の荘園・公領,平安時代中期以後,1050,JH-000361-B02,beginner,時期,time,開発領主が歴史上重要になるのはいつ？,平安時代中期以後,平安時代中期以後,,,,国立歴史民俗博物館「第1展示室 先史・古代」,https://www.rekihaku.ac.jp/exhibitions/room1/
日本史段階別デッキ｜Deck 1｜日本史の最重要骨格400語,JH-000361,361,Deck 1｜骨格・基礎,民族・身分・社会集団,開発領主,かいはつりょうしゅ,,古代,日本全国,地方の荘園・公領,平安時代中期以後,1050,JH-000361-B03,beginner,内容,content,開発領主が土地の権利を守るために行ったことは？,貴族・寺社への寄進,貴族・寺社への寄進,,,,国立歴史民俗博物館「第1展示室 先史・古代」,https://www.rekihaku.ac.jp/exhibitions/room1/
日本史段階別デッキ｜Deck 1｜日本史の最重要骨格400語,JH-000361,361,Deck 1｜骨格・基礎,民族・身分・社会集団,開発領主,かいはつりょうしゅ,,古代,日本全国,地方の荘園・公領,平安時代中期以後,1050,JH-000361-R01,reverse,時期,time,歴史上重要になるのはいつ？,**平安時代中期以後**,平安時代中期以後,,,,国立歴史民俗博物館「第1展示室 先史・古代」,https://www.rekihaku.ac.jp/exhibitions/room1/
日本史段階別デッキ｜Deck 1｜日本史の最重要骨格400語,JH-000361,361,Deck 1｜骨格・基礎,民族・身分・社会集団,開発領主,かいはつりょうしゅ,,古代,日本全国,地方の荘園・公領,平安時代中期以後,1050,JH-000361-R02,reverse,複合説明,reverse,どのような人々・集団？,**地方の荘園・公領で土地を開発し**、現地の管理権を持った在地有力者。,土地開発|寄進|貴族・寺社|国司|武士,,,,国立歴史民俗博物館「第1展示室 先史・古代」,https://www.rekihaku.ac.jp/exhibitions/room1/
日本史段階別デッキ｜Deck 1｜日本史の最重要骨格400語,JH-000361,361,Deck 1｜骨格・基礎,民族・身分・社会集団,開発領主,かいはつりょうしゅ,,古代,日本全国,地方の荘園・公領,平安時代中期以後,1050,JH-000361-R03,reverse,結果・関連,reverse,何につながった・どんな意味があった？,国司の圧力を避けるため貴族・寺社へ土地を**寄進**し、武装して武士へ成長する者も多かった。,土地開発|寄進|貴族・寺社|国司|武士,,,,国立歴史民俗博物館「第1展示室 先史・古代」,https://www.rekihaku.ac.jp/exhibitions/room1/
日本史段階別デッキ｜Deck 1｜日本史の最重要骨格400語,JH-000361,361,Deck 1｜骨格・基礎,民族・身分・社会集団,開発領主,かいはつりょうしゅ,,古代,日本全国,地方の荘園・公領,平安時代中期以後,1050,JH-000361-I01,integrated,統合説明,integrated,「開発領主」について説明せよ。,平安時代中期以後、地方の荘園・公領を主な舞台として、**地方の荘園・公領で土地を開発し**、現地の管理権を持った在地有力者。 国司の圧力を避けるため貴族・寺社へ土地を**寄進**し、武装して武士へ成長する者も多かった。,土地開発|寄進|貴族・寺社|国司|武士,,,,国立歴史民俗博物館「第1展示室 先史・古代」,https://www.rekihaku.ac.jp/exhibitions/room1/
日本史段階別デッキ｜Deck 1｜日本史の最重要骨格400語,JH-000362,362,Deck 1｜骨格・基礎,思想・主義,末法思想,まっぽうしそう,,古代,近畿,京都の貴族社会と日本各地,平安時代中期以後,1052,JH-000362-B01,beginner,用語の特定,identify,釈迦の死後、時代が下ると仏法が衰えて救いが難しくなるとする考えは？,末法思想,末法思想,,,,国立歴史民俗博物館「第1展示室 先史・古代」,https://www.rekihaku.ac.jp/exhibitions/room1/
日本史段階別デッキ｜Deck 1｜日本史の最重要骨格400語,JH-000362,362,Deck 1｜骨格・基礎,思想・主義,末法思想,まっぽうしそう,,古代,近畿,京都の貴族社会と日本各地,平安時代中期以後,1052,JH-000362-B02,beginner,時期,time,末法思想が広がった・重視されたのはいつ？,平安時代中期以後,平安時代中期以後,,,,国立歴史民俗博物館「第1展示室 先史・古代」,https://www.rekihaku.ac.jp/exhibitions/room1/
日本史段階別デッキ｜Deck 1｜日本史の最重要骨格400語,JH-000362,362,Deck 1｜骨格・基礎,思想・主義,末法思想,まっぽうしそう,,古代,近畿,京都の貴族社会と日本各地,平安時代中期以後,1052,JH-000362-B03,beginner,結果,result,末法思想が広がる中で強まった信仰は？,浄土信仰,浄土信仰,,,,国立歴史民俗博物館「第1展示室 先史・古代」,https://www.rekihaku.ac.jp/exhibitions/room1/
日本史段階別デッキ｜Deck 1｜日本史の最重要骨格400語,JH-000362,362,Deck 1｜骨格・基礎,思想・主義,末法思想,まっぽうしそう,,古代,近畿,京都の貴族社会と日本各地,平安時代中期以後,1052,JH-000362-R01,reverse,時期,time,広がった・重視されたのはいつ？,**平安時代中期以後**,平安時代中期以後,,,,国立歴史民俗博物館「第1展示室 先史・古代」,https://www.rekihaku.ac.jp/exhibitions/room1/
日本史段階別デッキ｜Deck 1｜日本史の最重要骨格400語,JH-000362,362,Deck 1｜骨格・基礎,思想・主義,末法思想,まっぽうしそう,,古代,近畿,京都の貴族社会と日本各地,平安時代中期以後,1052,JH-000362-R02,reverse,複合説明,reverse,どんな考え？,京都の貴族社会などで、**釈迦の教えが衰え**、修行による救済が困難になる時代に入ったとする考え。,仏法の衰退|戦乱・災害|浄土信仰|阿弥陀堂|鎌倉新仏教,,,,国立歴史民俗博物館「第1展示室 先史・古代」,https://www.rekihaku.ac.jp/exhibitions/room1/
日本史段階別デッキ｜Deck 1｜日本史の最重要骨格400語,JH-000362,362,Deck 1｜骨格・基礎,思想・主義,末法思想,まっぽうしそう,,古代,近畿,京都の貴族社会と日本各地,平安時代中期以後,1052,JH-000362-R03,reverse,結果・関連,reverse,何につながった・どんな意味があった？,戦乱・災害への不安と結びついて**浄土信仰**を強め、阿弥陀堂や鎌倉新仏教の背景となった。,仏法の衰退|戦乱・災害|浄土信仰|阿弥陀堂|鎌倉新仏教,,,,国立歴史民俗博物館「第1展示室 先史・古代」,https://www.rekihaku.ac.jp/exhibitions/room1/
日本史段階別デッキ｜Deck 1｜日本史の最重要骨格400語,JH-000362,362,Deck 1｜骨格・基礎,思想・主義,末法思想,まっぽうしそう,,古代,近畿,京都の貴族社会と日本各地,平安時代中期以後,1052,JH-000362-I01,integrated,統合説明,integrated,「末法思想」について説明せよ。,平安時代中期以後、京都の貴族社会と日本各地を主な舞台として、京都の貴族社会などで、**釈迦の教えが衰え**、修行による救済が困難になる時代に入ったとする考え。 戦乱・災害への不安と結びついて**浄土信仰**を強め、阿弥陀堂や鎌倉新仏教の背景となった。,仏法の衰退|戦乱・災害|浄土信仰|阿弥陀堂|鎌倉新仏教,,,,国立歴史民俗博物館「第1展示室 先史・古代」,https://www.rekihaku.ac.jp/exhibitions/room1/
日本史段階別デッキ｜Deck 1｜日本史の最重要骨格400語,JH-000307,307,Deck 1｜骨格・基礎,文学・美術・建築,平等院鳳凰堂,びょうどういんほうおうどう,,古代,近畿,京都府宇治市,11世紀中頃,1053,JH-000307-B01,beginner,用語の特定,identify,藤原頼通が宇治に建立し、極楽浄土を表した阿弥陀堂は？,平等院鳳凰堂(びょうどういんほうおうどう),平等院鳳凰堂,,,,文化庁「文化遺産オンライン」,https://online.bunka.go.jp/
日本史段階別デッキ｜Deck 1｜日本史の最重要骨格400語,JH-000307,307,Deck 1｜骨格・基礎,文学・美術・建築,平等院鳳凰堂,びょうどういんほうおうどう,,古代,近畿,京都府宇治市,11世紀中頃,1053,JH-000307-B02,beginner,時期,time,平等院鳳凰堂(びょうどういんほうおうどう)が建立されたのはいつ？,11世紀中頃,11世紀中頃,,,11世紀中頃：「ひと・ひと」（11）世紀と結ぶ平等院鳳凰堂,文化庁「文化遺産オンライン」,https://online.bunka.go.jp/
日本史段階別デッキ｜Deck 1｜日本史の最重要骨格400語,JH-000307,307,Deck 1｜骨格・基礎,文学・美術・建築,平等院鳳凰堂,びょうどういんほうおうどう,,古代,近畿,京都府宇治市,11世紀中頃,1053,JH-000307-B03,beginner,内容,content,平等院鳳凰堂(びょうどういんほうおうどう)の本尊は？,阿弥陀如来,阿弥陀如来,,,,文化庁「文化遺産オンライン」,https://online.bunka.go.jp/
日本史段階別デッキ｜Deck 1｜日本史の最重要骨格400語,JH-000307,307,Deck 1｜骨格・基礎,文学・美術・建築,平等院鳳凰堂,びょうどういんほうおうどう,,古代,近畿,京都府宇治市,11世紀中頃,1053,JH-000307-R01,reverse,時期,time,建立されたのはいつ？,**11世紀中頃**,11世紀中頃,,,11世紀中頃：「ひと・ひと」（11）世紀と結ぶ平等院鳳凰堂,文化庁「文化遺産オンライン」,https://online.bunka.go.jp/
日本史段階別デッキ｜Deck 1｜日本史の最重要骨格400語,JH-000307,307,Deck 1｜骨格・基礎,文学・美術・建築,平等院鳳凰堂,びょうどういんほうおうどう,,古代,近畿,京都府宇治市,11世紀中頃,1053,JH-000307-R02,reverse,複合説明,reverse,どのような作品・様式？,京都府宇治市で藤原頼通が建立した阿弥陀堂で、**阿弥陀如来**を安置し極楽浄土を表現した。,藤原頼通|阿弥陀如来|極楽浄土|末法思想|浄土信仰,,,,文化庁「文化遺産オンライン」,https://online.bunka.go.jp/
日本史段階別デッキ｜Deck 1｜日本史の最重要骨格400語,JH-000307,307,Deck 1｜骨格・基礎,文学・美術・建築,平等院鳳凰堂,びょうどういんほうおうどう,,古代,近畿,京都府宇治市,11世紀中頃,1053,JH-000307-R03,reverse,結果・関連,reverse,何につながった・どんな意味があった？,**末法思想**と浄土信仰、摂関期の貴族文化を象徴する建築・美術となった。,藤原頼通|阿弥陀如来|極楽浄土|末法思想|浄土信仰,,,,文化庁「文化遺産オンライン」,https://online.bunka.go.jp/
日本史段階別デッキ｜Deck 1｜日本史の最重要骨格400語,JH-000307,307,Deck 1｜骨格・基礎,文学・美術・建築,平等院鳳凰堂,びょうどういんほうおうどう,,古代,近畿,京都府宇治市,11世紀中頃,1053,JH-000307-I01,integrated,統合説明,integrated,「平等院鳳凰堂(びょうどういんほうおうどう)」について説明せよ。,11世紀中頃、京都府宇治市を主な舞台として、京都府宇治市で藤原頼通が建立した阿弥陀堂で、**阿弥陀如来**を安置し極楽浄土を表現した。 **末法思想**と浄土信仰、摂関期の貴族文化を象徴する建築・美術となった。,藤原頼通|阿弥陀如来|極楽浄土|末法思想|浄土信仰,,,11世紀中頃：「ひと・ひと」（11）世紀と結ぶ平等院鳳凰堂,文化庁「文化遺産オンライン」,https://online.bunka.go.jp/
日本史段階別デッキ｜Deck 1｜日本史の最重要骨格400語,JH-000092,92,Deck 1｜骨格・基礎,朝廷・政権・幕府,院政,いんせい,,古代,近畿,京都の院庁と朝廷,平安時代後期,1086,JH-000092-B01,beginner,用語の特定,identify,退位した上皇が院庁を通じ、天皇に代わって実権を握った政治は？,院政,院政,,,,国立歴史民俗博物館「第1展示室 先史・古代」,https://www.rekihaku.ac.jp/exhibitions/room1/
日本史段階別デッキ｜Deck 1｜日本史の最重要骨格400語,JH-000092,92,Deck 1｜骨格・基礎,朝廷・政権・幕府,院政,いんせい,,古代,近畿,京都の院庁と朝廷,平安時代後期,1086,JH-000092-B02,beginner,時期,time,院政が存在・機能したのはいつ？,平安時代後期,平安時代後期,,,,国立歴史民俗博物館「第1展示室 先史・古代」,https://www.rekihaku.ac.jp/exhibitions/room1/
日本史段階別デッキ｜Deck 1｜日本史の最重要骨格400語,JH-000092,92,Deck 1｜骨格・基礎,朝廷・政権・幕府,院政,いんせい,,古代,近畿,京都の院庁と朝廷,平安時代後期,1086,JH-000092-B03,beginner,中心人物,person,院政を最初に本格化した上皇は？,白河上皇,白河上皇,,,,国立歴史民俗博物館「第1展示室 先史・古代」,https://www.rekihaku.ac.jp/exhibitions/room1/
日本史段階別デッキ｜Deck 1｜日本史の最重要骨格400語,JH-000092,92,Deck 1｜骨格・基礎,朝廷・政権・幕府,院政,いんせい,,古代,近畿,京都の院庁と朝廷,平安時代後期,1086,JH-000092-R01,reverse,時期,time,存在・機能したのはいつ？,**平安時代後期**,平安時代後期,,,,国立歴史民俗博物館「第1展示室 先史・古代」,https://www.rekihaku.ac.jp/exhibitions/room1/
日本史段階別デッキ｜Deck 1｜日本史の最重要骨格400語,JH-000092,92,Deck 1｜骨格・基礎,朝廷・政権・幕府,院政,いんせい,,古代,近畿,京都の院庁と朝廷,平安時代後期,1086,JH-000092-R02,reverse,複合説明,reverse,何をした？,京都で退位した**上皇**が院庁を通じ、天皇・摂関家を抑えて政治の実権を握った体制。,上皇|院庁|白河上皇|摂関政治|武士|寺社勢力,,,,国立歴史民俗博物館「第1展示室 先史・古代」,https://www.rekihaku.ac.jp/exhibitions/room1/
日本史段階別デッキ｜Deck 1｜日本史の最重要骨格400語,JH-000092,92,Deck 1｜骨格・基礎,朝廷・政権・幕府,院政,いんせい,,古代,近畿,京都の院庁と朝廷,平安時代後期,1086,JH-000092-R03,reverse,結果・関連,reverse,何につながった・どんな意味があった？,白河**上皇**から本格化し、武士・寺社勢力を政治へ動員して摂関政治(せっかんせいじ)後の権力構造を作った。,上皇|院庁|白河上皇|摂関政治|武士|寺社勢力,,,,国立歴史民俗博物館「第1展示室 先史・古代」,https://www.rekihaku.ac.jp/exhibitions/room1/
日本史段階別デッキ｜Deck 1｜日本史の最重要骨格400語,JH-000092,92,Deck 1｜骨格・基礎,朝廷・政権・幕府,院政,いんせい,,古代,近畿,京都の院庁と朝廷,平安時代後期,1086,JH-000092-I01,integrated,統合説明,integrated,「院政」について説明せよ。,平安時代後期、京都の院庁と朝廷を主な舞台として、京都で退位した**上皇**が院庁を通じ、天皇・摂関家を抑えて政治の実権を握った体制。 白河**上皇**から本格化し、武士・寺社勢力を政治へ動員して摂関政治(せっかんせいじ)後の権力構造を作った。,上皇|院庁|白河上皇|摂関政治|武士|寺社勢力,,,,国立歴史民俗博物館「第1展示室 先史・古代」,https://www.rekihaku.ac.jp/exhibitions/room1/
日本史段階別デッキ｜Deck 1｜日本史の最重要骨格400語,JH-000230,230,Deck 1｜骨格・基礎,人物,白河上皇,しらかわじょうこう,,古代,近畿,京都の院庁と朝廷,平安時代後期,1086,JH-000230-B01,beginner,用語の特定,identify,退位後も院庁を通じて政治を行い、院政を本格的に始めた上皇は？,白河上皇,白河上皇,,,,国立歴史民俗博物館「第1展示室 先史・古代」,https://www.rekihaku.ac.jp/exhibitions/room1/
日本史段階別デッキ｜Deck 1｜日本史の最重要骨格400語,JH-000230,230,Deck 1｜骨格・基礎,人物,白河上皇,しらかわじょうこう,,古代,近畿,京都の院庁と朝廷,平安時代後期,1086,JH-000230-B02,beginner,時期,time,白河上皇が主に活動したのはいつ？,平安時代後期,平安時代後期,,,,国立歴史民俗博物館「第1展示室 先史・古代」,https://www.rekihaku.ac.jp/exhibitions/room1/
日本史段階別デッキ｜Deck 1｜日本史の最重要骨格400語,JH-000230,230,Deck 1｜骨格・基礎,人物,白河上皇,しらかわじょうこう,,古代,近畿,京都の院庁と朝廷,平安時代後期,1086,JH-000230-B03,beginner,内容,content,白河上皇が本格化した政治形態は？,院政,院政,,,,国立歴史民俗博物館「第1展示室 先史・古代」,https://www.rekihaku.ac.jp/exhibitions/room1/
日本史段階別デッキ｜Deck 1｜日本史の最重要骨格400語,JH-000230,230,Deck 1｜骨格・基礎,人物,白河上皇,しらかわじょうこう,,古代,近畿,京都の院庁と朝廷,平安時代後期,1086,JH-000230-R01,reverse,時期,time,主に活動したのはいつ？,**平安時代後期**,平安時代後期,,,,国立歴史民俗博物館「第1展示室 先史・古代」,https://www.rekihaku.ac.jp/exhibitions/room1/
日本史段階別デッキ｜Deck 1｜日本史の最重要骨格400語,JH-000230,230,Deck 1｜骨格・基礎,人物,白河上皇,しらかわじょうこう,,古代,近畿,京都の院庁と朝廷,平安時代後期,1086,JH-000230-R02,reverse,複合説明,reverse,何をした？,京都で退位後に院庁を設け、天皇・摂関家を抑えて**院政**を本格化した上皇。,院政|院庁|北面の武士|荘園|寺社,,,,国立歴史民俗博物館「第1展示室 先史・古代」,https://www.rekihaku.ac.jp/exhibitions/room1/
日本史段階別デッキ｜Deck 1｜日本史の最重要骨格400語,JH-000230,230,Deck 1｜骨格・基礎,人物,白河上皇,しらかわじょうこう,,古代,近畿,京都の院庁と朝廷,平安時代後期,1086,JH-000230-R03,reverse,結果・関連,reverse,何につながった・どんな意味があった？,**北面の武士**を組織し、荘園や寺社との関係を通じて新たな権力基盤を築いた。,院政|院庁|北面の武士|荘園|寺社,,,,国立歴史民俗博物館「第1展示室 先史・古代」,https://www.rekihaku.ac.jp/exhibitions/room1/
日本史段階別デッキ｜Deck 1｜日本史の最重要骨格400語,JH-000230,230,Deck 1｜骨格・基礎,人物,白河上皇,しらかわじょうこう,,古代,近畿,京都の院庁と朝廷,平安時代後期,1086,JH-000230-I01,integrated,統合説明,integrated,「白河上皇」について説明せよ。,平安時代後期、京都の院庁と朝廷を主な舞台として、京都で退位後に院庁を設け、天皇・摂関家を抑えて**院政**を本格化した上皇。 **北面の武士**を組織し、荘園や寺社との関係を通じて新たな権力基盤を築いた。,院政|院庁|北面の武士|荘園|寺社,,,,国立歴史民俗博物館「第1展示室 先史・古代」,https://www.rekihaku.ac.jp/exhibitions/room1/
日本史段階別デッキ｜Deck 1｜日本史の最重要骨格400語,JH-000089,89,Deck 1｜骨格・基礎,土地制度・租税,荘園公領制,しょうえんこうりょうせい,,古代,日本全国,荘園と国衙領からなる全国,11世紀〜鎌倉時代,1100,JH-000089-B01,beginner,用語の特定,identify,全国の土地が荘園と国衙領に分かれ、それぞれ領主・国衙が支配した体制は？,荘園公領制(しょうえんこうりょうせい),荘園公領制,,,,国立歴史民俗博物館「第1展示室 先史・古代」,https://www.rekihaku.ac.jp/exhibitions/room1/
日本史段階別デッキ｜Deck 1｜日本史の最重要骨格400語,JH-000089,89,Deck 1｜骨格・基礎,土地制度・租税,荘園公領制,しょうえんこうりょうせい,,古代,日本全国,荘園と国衙領からなる全国,11世紀〜鎌倉時代,1100,JH-000089-B02,beginner,時期,time,荘園公領制(しょうえんこうりょうせい)が成立・実施されたのはいつ？,11世紀〜鎌倉時代,11世紀〜鎌倉時代,,,11世紀〜鎌倉時代：「ひと・ひと」（11）世紀から鎌倉時代までの荘園公領制,国立歴史民俗博物館「第1展示室 先史・古代」,https://www.rekihaku.ac.jp/exhibitions/room1/
日本史段階別デッキ｜Deck 1｜日本史の最重要骨格400語,JH-000089,89,Deck 1｜骨格・基礎,土地制度・租税,荘園公領制,しょうえんこうりょうせい,,古代,日本全国,荘園と国衙領からなる全国,11世紀〜鎌倉時代,1100,JH-000089-B03,beginner,内容,content,荘園公領制(しょうえんこうりょうせい)を構成した二種類の土地は？,荘園と国衙領,荘園と国衙領,,,,国立歴史民俗博物館「第1展示室 先史・古代」,https://www.rekihaku.ac.jp/exhibitions/room1/
日本史段階別デッキ｜Deck 1｜日本史の最重要骨格400語,JH-000089,89,Deck 1｜骨格・基礎,土地制度・租税,荘園公領制,しょうえんこうりょうせい,,古代,日本全国,荘園と国衙領からなる全国,11世紀〜鎌倉時代,1100,JH-000089-R01,reverse,時期,time,成立・実施されたのはいつ？,**11世紀〜鎌倉時代**,11世紀〜鎌倉時代,,,11世紀〜鎌倉時代：「ひと・ひと」（11）世紀から鎌倉時代までの荘園公領制,国立歴史民俗博物館「第1展示室 先史・古代」,https://www.rekihaku.ac.jp/exhibitions/room1/
日本史段階別デッキ｜Deck 1｜日本史の最重要骨格400語,JH-000089,89,Deck 1｜骨格・基礎,土地制度・租税,荘園公領制,しょうえんこうりょうせい,,古代,日本全国,荘園と国衙領からなる全国,11世紀〜鎌倉時代,1100,JH-000089-R02,reverse,複合説明,reverse,どんな制度？,全国の土地が貴族・寺社の**荘園**と国衙が支配する**公領**に分かれ、年貢・公事を徴収した体制。,荘園|公領|国衙|年貢・公事|武士,,,,国立歴史民俗博物館「第1展示室 先史・古代」,https://www.rekihaku.ac.jp/exhibitions/room1/
日本史段階別デッキ｜Deck 1｜日本史の最重要骨格400語,JH-000089,89,Deck 1｜骨格・基礎,土地制度・租税,荘園公領制,しょうえんこうりょうせい,,古代,日本全国,荘園と国衙領からなる全国,11世紀〜鎌倉時代,1100,JH-000089-R03,reverse,結果・関連,reverse,何につながった・どんな意味があった？,律令的な公地公民に代わる中世的土地支配を形成し、**武士**が現地管理者として成長する基盤となった。,荘園|公領|国衙|年貢・公事|武士,,,,国立歴史民俗博物館「第1展示室 先史・古代」,https://www.rekihaku.ac.jp/exhibitions/room1/
日本史段階別デッキ｜Deck 1｜日本史の最重要骨格400語,JH-000089,89,Deck 1｜骨格・基礎,土地制度・租税,荘園公領制,しょうえんこうりょうせい,,古代,日本全国,荘園と国衙領からなる全国,11世紀〜鎌倉時代,1100,JH-000089-I01,integrated,統合説明,integrated,「荘園公領制(しょうえんこうりょうせい)」について説明せよ。,11世紀〜鎌倉時代、荘園と国衙領からなる全国を主な舞台として、全国の土地が貴族・寺社の**荘園**と国衙が支配する**公領**に分かれ、年貢・公事を徴収した体制。 律令的な公地公民に代わる中世的土地支配を形成し、**武士**が現地管理者として成長する基盤となった。,荘園|公領|国衙|年貢・公事|武士,,,11世紀〜鎌倉時代：「ひと・ひと」（11）世紀から鎌倉時代までの荘園公領制,国立歴史民俗博物館「第1展示室 先史・古代」,https://www.rekihaku.ac.jp/exhibitions/room1/
日本史段階別デッキ｜Deck 1｜日本史の最重要骨格400語,JH-000096,96,Deck 1｜骨格・基礎,経済・産業・交通,日宋貿易,にっそうぼうえき,,古代,東アジア,博多・瀬戸内海と宋,平安時代末期〜鎌倉時代,1100,JH-000096-B01,beginner,用語の特定,identify,宋銭・陶磁器・書籍などを輸入し、金・硫黄・木材などを輸出した日本と宋の貿易は？,日宋貿易,日宋貿易,,,,国立歴史民俗博物館「第1展示室 先史・古代」,https://www.rekihaku.ac.jp/exhibitions/room1/
日本史段階別デッキ｜Deck 1｜日本史の最重要骨格400語,JH-000096,96,Deck 1｜骨格・基礎,経済・産業・交通,日宋貿易,にっそうぼうえき,,古代,東アジア,博多・瀬戸内海と宋,平安時代末期〜鎌倉時代,1100,JH-000096-B02,beginner,時期,time,日宋貿易が行われた・発達したのはいつ？,平安時代末期〜鎌倉時代,平安時代末期〜鎌倉時代,,,,国立歴史民俗博物館「第1展示室 先史・古代」,https://www.rekihaku.ac.jp/exhibitions/room1/
日本史段階別デッキ｜Deck 1｜日本史の最重要骨格400語,JH-000096,96,Deck 1｜骨格・基礎,経済・産業・交通,日宋貿易,にっそうぼうえき,,古代,東アジア,博多・瀬戸内海と宋,平安時代末期〜鎌倉時代,1100,JH-000096-B03,beginner,内容,content,日宋貿易で日本へ大量に流入した貨幣は？,宋銭,宋銭,,,,国立歴史民俗博物館「第1展示室 先史・古代」,https://www.rekihaku.ac.jp/exhibitions/room1/
日本史段階別デッキ｜Deck 1｜日本史の最重要骨格400語,JH-000096,96,Deck 1｜骨格・基礎,経済・産業・交通,日宋貿易,にっそうぼうえき,,古代,東アジア,博多・瀬戸内海と宋,平安時代末期〜鎌倉時代,1100,JH-000096-R01,reverse,時期,time,行われた・発達したのはいつ？,**平安時代末期〜鎌倉時代**,平安時代末期〜鎌倉時代,,,,国立歴史民俗博物館「第1展示室 先史・古代」,https://www.rekihaku.ac.jp/exhibitions/room1/
日本史段階別デッキ｜Deck 1｜日本史の最重要骨格400語,JH-000096,96,Deck 1｜骨格・基礎,経済・産業・交通,日宋貿易,にっそうぼうえき,,古代,東アジア,博多・瀬戸内海と宋,平安時代末期〜鎌倉時代,1100,JH-000096-R02,reverse,複合説明,reverse,どんな仕組み・活動？,博多・瀬戸内海を窓口に日本と中国の**宋**を結び、宋銭・陶磁器・書籍などを輸入した貿易。,宋|宋銭|陶磁器|大輪田泊|平清盛|貨幣経済,,,,国立歴史民俗博物館「第1展示室 先史・古代」,https://www.rekihaku.ac.jp/exhibitions/room1/
日本史段階別デッキ｜Deck 1｜日本史の最重要骨格400語,JH-000096,96,Deck 1｜骨格・基礎,経済・産業・交通,日宋貿易,にっそうぼうえき,,古代,東アジア,博多・瀬戸内海と宋,平安時代末期〜鎌倉時代,1100,JH-000096-R03,reverse,結果・関連,reverse,何につながった・どんな意味があった？,平清盛が**大輪田泊**を整備して保護し、貨幣経済や鎌倉文化の発展にも影響した。,宋|宋銭|陶磁器|大輪田泊|平清盛|貨幣経済,,,,国立歴史民俗博物館「第1展示室 先史・古代」,https://www.rekihaku.ac.jp/exhibitions/room1/
日本史段階別デッキ｜Deck 1｜日本史の最重要骨格400語,JH-000096,96,Deck 1｜骨格・基礎,経済・産業・交通,日宋貿易,にっそうぼうえき,,古代,東アジア,博多・瀬戸内海と宋,平安時代末期〜鎌倉時代,1100,JH-000096-I01,integrated,統合説明,integrated,「日宋貿易」について説明せよ。,平安時代末期〜鎌倉時代、博多・瀬戸内海と宋を主な舞台として、博多・瀬戸内海を窓口に日本と中国の**宋**を結び、宋銭・陶磁器・書籍などを輸入した貿易。 平清盛が**大輪田泊**を整備して保護し、貨幣経済や鎌倉文化の発展にも影響した。,宋|宋銭|陶磁器|大輪田泊|平清盛|貨幣経済,,,,国立歴史民俗博物館「第1展示室 先史・古代」,https://www.rekihaku.ac.jp/exhibitions/room1/
日本史段階別デッキ｜Deck 1｜日本史の最重要骨格400語,JH-000093,93,Deck 1｜骨格・基礎,戦争・争乱,保元の乱,ほうげんのらん,,古代,近畿,京都,1156年,1156,JH-000093-B01,beginner,用語の特定,identify,崇徳上皇と後白河天皇の対立に摂関家・源氏・平氏の争いが結びついた内乱は？,保元の乱,保元の乱,,,,東京大学史料編纂所,https://www.hi.u-tokyo.ac.jp/
日本史段階別デッキ｜Deck 1｜日本史の最重要骨格400語,JH-000093,93,Deck 1｜骨格・基礎,戦争・争乱,保元の乱,ほうげんのらん,,古代,近畿,京都,1156年,1156,JH-000093-B02,beginner,時期,time,保元の乱が戦われたのはいつ？,1156年,1156年,,,1156年：「いい頃」（1156）ではない保元の乱,東京大学史料編纂所,https://www.hi.u-tokyo.ac.jp/
日本史段階別デッキ｜Deck 1｜日本史の最重要骨格400語,JH-000093,93,Deck 1｜骨格・基礎,戦争・争乱,保元の乱,ほうげんのらん,,古代,近畿,京都,1156年,1156,JH-000093-B03,beginner,中心人物,person,保元の乱の勝者側の天皇は？,後白河天皇,後白河天皇,,,,東京大学史料編纂所,https://www.hi.u-tokyo.ac.jp/
日本史段階別デッキ｜Deck 1｜日本史の最重要骨格400語,JH-000093,93,Deck 1｜骨格・基礎,戦争・争乱,保元の乱,ほうげんのらん,,古代,近畿,京都,1156年,1156,JH-000093-R01,reverse,時期,time,戦われたのはいつ？,**1156年**,1156年,,,1156年：「いい頃」（1156）ではない保元の乱,東京大学史料編纂所,https://www.hi.u-tokyo.ac.jp/
日本史段階別デッキ｜Deck 1｜日本史の最重要骨格400語,JH-000093,93,Deck 1｜骨格・基礎,戦争・争乱,保元の乱,ほうげんのらん,,古代,近畿,京都,1156年,1156,JH-000093-R02,reverse,複合説明,reverse,何が起きた？,京都で**崇徳上皇**と後白河天皇の皇位争いに摂関家の対立が重なり、源氏・平氏が両陣営に分かれて戦った内乱。,崇徳上皇|後白河天皇|源氏|平氏|武士|平治の乱,,,,東京大学史料編纂所,https://www.hi.u-tokyo.ac.jp/
日本史段階別デッキ｜Deck 1｜日本史の最重要骨格400語,JH-000093,93,Deck 1｜骨格・基礎,戦争・争乱,保元の乱,ほうげんのらん,,古代,近畿,京都,1156年,1156,JH-000093-R03,reverse,結果・関連,reverse,何につながった・どんな意味があった？,武士が朝廷の権力争いを軍事力で決するようになり、平治の乱と**平氏**政権への道を開いた。,崇徳上皇|後白河天皇|源氏|平氏|武士|平治の乱,,,,東京大学史料編纂所,https://www.hi.u-tokyo.ac.jp/
日本史段階別デッキ｜Deck 1｜日本史の最重要骨格400語,JH-000093,93,Deck 1｜骨格・基礎,戦争・争乱,保元の乱,ほうげんのらん,,古代,近畿,京都,1156年,1156,JH-000093-I01,integrated,統合説明,integrated,「保元の乱」について説明せよ。,1156年、京都を主な舞台として、京都で**崇徳上皇**と後白河天皇の皇位争いに摂関家の対立が重なり、源氏・平氏が両陣営に分かれて戦った内乱。 武士が朝廷の権力争いを軍事力で決するようになり、平治の乱と**平氏**政権への道を開いた。,崇徳上皇|後白河天皇|源氏|平氏|武士|平治の乱,,,1156年：「いい頃」（1156）ではない保元の乱,東京大学史料編纂所,https://www.hi.u-tokyo.ac.jp/
日本史段階別デッキ｜Deck 1｜日本史の最重要骨格400語,JH-000094,94,Deck 1｜骨格・基礎,戦争・争乱,平治の乱,へいじのらん,,古代,近畿,京都,1159年,1159,JH-000094-B01,beginner,用語の特定,identify,院近臣の対立を背景に、平清盛が源義朝を破って勢力を伸ばした内乱は？,平治の乱,平治の乱,,,,東京大学史料編纂所,https://www.hi.u-tokyo.ac.jp/
日本史段階別デッキ｜Deck 1｜日本史の最重要骨格400語,JH-000094,94,Deck 1｜骨格・基礎,戦争・争乱,平治の乱,へいじのらん,,古代,近畿,京都,1159年,1159,JH-000094-B02,beginner,時期,time,平治の乱が戦われたのはいつ？,1159年,1159年,,,1159年：「いい号泣」（1159）平治の乱,東京大学史料編纂所,https://www.hi.u-tokyo.ac.jp/
日本史段階別デッキ｜Deck 1｜日本史の最重要骨格400語,JH-000094,94,Deck 1｜骨格・基礎,戦争・争乱,平治の乱,へいじのらん,,古代,近畿,京都,1159年,1159,JH-000094-B03,beginner,中心人物,person,平治の乱で勝利した武将は？,平清盛,平清盛,,,,東京大学史料編纂所,https://www.hi.u-tokyo.ac.jp/
日本史段階別デッキ｜Deck 1｜日本史の最重要骨格400語,JH-000094,94,Deck 1｜骨格・基礎,戦争・争乱,平治の乱,へいじのらん,,古代,近畿,京都,1159年,1159,JH-000094-R01,reverse,時期,time,戦われたのはいつ？,**1159年**,1159年,,,1159年：「いい号泣」（1159）平治の乱,東京大学史料編纂所,https://www.hi.u-tokyo.ac.jp/
日本史段階別デッキ｜Deck 1｜日本史の最重要骨格400語,JH-000094,94,Deck 1｜骨格・基礎,戦争・争乱,平治の乱,へいじのらん,,古代,近畿,京都,1159年,1159,JH-000094-R02,reverse,複合説明,reverse,何が起きた？,京都で院近臣の対立を背景に、**平清盛**が源義朝らを破った内乱。,平清盛|源義朝|院近臣|平氏政権,,,,東京大学史料編纂所,https://www.hi.u-tokyo.ac.jp/
日本史段階別デッキ｜Deck 1｜日本史の最重要骨格400語,JH-000094,94,Deck 1｜骨格・基礎,戦争・争乱,平治の乱,へいじのらん,,古代,近畿,京都,1159年,1159,JH-000094-R03,reverse,結果・関連,reverse,何につながった・どんな意味があった？,平氏が武士の中で優位に立ち、朝廷の官職と経済力を基盤とする**平氏政権**成立へつながった。,平清盛|源義朝|院近臣|平氏政権,,,,東京大学史料編纂所,https://www.hi.u-tokyo.ac.jp/
日本史段階別デッキ｜Deck 1｜日本史の最重要骨格400語,JH-000094,94,Deck 1｜骨格・基礎,戦争・争乱,平治の乱,へいじのらん,,古代,近畿,京都,1159年,1159,JH-000094-I01,integrated,統合説明,integrated,「平治の乱」について説明せよ。,1159年、京都を主な舞台として、京都で院近臣の対立を背景に、**平清盛**が源義朝らを破った内乱。 平氏が武士の中で優位に立ち、朝廷の官職と経済力を基盤とする**平氏政権**成立へつながった。,平清盛|源義朝|院近臣|平氏政権,,,1159年：「いい号泣」（1159）平治の乱,東京大学史料編纂所,https://www.hi.u-tokyo.ac.jp/
日本史段階別デッキ｜Deck 1｜日本史の最重要骨格400語,JH-000181,181,Deck 1｜骨格・基礎,朝廷・政権・幕府,平氏政権,へいしせいけん,,古代,近畿,京都と瀬戸内海沿岸,平安時代末期,1160,JH-000181-B01,beginner,用語の特定,identify,平清盛が朝廷の高官・外戚となり、知行国・荘園・日宋貿易を基盤に築いた政権は？,平氏政権,平氏政権,,,,国立歴史民俗博物館「第1展示室 先史・古代」,https://www.rekihaku.ac.jp/exhibitions/room1/
日本史段階別デッキ｜Deck 1｜日本史の最重要骨格400語,JH-000181,181,Deck 1｜骨格・基礎,朝廷・政権・幕府,平氏政権,へいしせいけん,,古代,近畿,京都と瀬戸内海沿岸,平安時代末期,1160,JH-000181-B02,beginner,時期,time,平氏政権が存在・機能したのはいつ？,平安時代末期,平安時代末期,,,,国立歴史民俗博物館「第1展示室 先史・古代」,https://www.rekihaku.ac.jp/exhibitions/room1/
日本史段階別デッキ｜Deck 1｜日本史の最重要骨格400語,JH-000181,181,Deck 1｜骨格・基礎,朝廷・政権・幕府,平氏政権,へいしせいけん,,古代,近畿,京都と瀬戸内海沿岸,平安時代末期,1160,JH-000181-B03,beginner,中心人物,person,平氏政権の中心人物は？,平清盛,平清盛,,,,国立歴史民俗博物館「第1展示室 先史・古代」,https://www.rekihaku.ac.jp/exhibitions/room1/
日本史段階別デッキ｜Deck 1｜日本史の最重要骨格400語,JH-000181,181,Deck 1｜骨格・基礎,朝廷・政権・幕府,平氏政権,へいしせいけん,,古代,近畿,京都と瀬戸内海沿岸,平安時代末期,1160,JH-000181-R01,reverse,時期,time,存在・機能したのはいつ？,**平安時代末期**,平安時代末期,,,,国立歴史民俗博物館「第1展示室 先史・古代」,https://www.rekihaku.ac.jp/exhibitions/room1/
日本史段階別デッキ｜Deck 1｜日本史の最重要骨格400語,JH-000181,181,Deck 1｜骨格・基礎,朝廷・政権・幕府,平氏政権,へいしせいけん,,古代,近畿,京都と瀬戸内海沿岸,平安時代末期,1160,JH-000181-R02,reverse,複合説明,reverse,何をした？,京都で**平清盛**を中心に、朝廷の官職・外戚関係・知行国・荘園を利用して成立した武士政権。,平清盛|外戚|知行国|荘園|日宋貿易|源氏,,,,国立歴史民俗博物館「第1展示室 先史・古代」,https://www.rekihaku.ac.jp/exhibitions/room1/
日本史段階別デッキ｜Deck 1｜日本史の最重要骨格400語,JH-000181,181,Deck 1｜骨格・基礎,朝廷・政権・幕府,平氏政権,へいしせいけん,,古代,近畿,京都と瀬戸内海沿岸,平安時代末期,1160,JH-000181-R03,reverse,結果・関連,reverse,何につながった・どんな意味があった？,**日宋貿易**で経済力を高めたが、貴族的な権力運営への反発から各地の源氏が挙兵した。,平清盛|外戚|知行国|荘園|日宋貿易|源氏,,,,国立歴史民俗博物館「第1展示室 先史・古代」,https://www.rekihaku.ac.jp/exhibitions/room1/
日本史段階別デッキ｜Deck 1｜日本史の最重要骨格400語,JH-000181,181,Deck 1｜骨格・基礎,朝廷・政権・幕府,平氏政権,へいしせいけん,,古代,近畿,京都と瀬戸内海沿岸,平安時代末期,1160,JH-000181-I01,integrated,統合説明,integrated,「平氏政権」について説明せよ。,平安時代末期、京都と瀬戸内海沿岸を主な舞台として、京都で**平清盛**を中心に、朝廷の官職・外戚関係・知行国・荘園を利用して成立した武士政権。 **日宋貿易**で経済力を高めたが、貴族的な権力運営への反発から各地の源氏が挙兵した。,平清盛|外戚|知行国|荘園|日宋貿易|源氏,,,,国立歴史民俗博物館「第1展示室 先史・古代」,https://www.rekihaku.ac.jp/exhibitions/room1/
日本史段階別デッキ｜Deck 1｜日本史の最重要骨格400語,JH-000095,95,Deck 1｜骨格・基礎,人物,平清盛,たいらのきよもり,,古代,近畿,京都・瀬戸内海・大輪田泊,平安時代末期,1167,JH-000095-B01,beginner,用語の特定,identify,平治の乱後に武士として初めて太政大臣となり、日宋貿易を進めた人物は？,平清盛,平清盛,,,,国立歴史民俗博物館「第1展示室 先史・古代」,https://www.rekihaku.ac.jp/exhibitions/room1/
日本史段階別デッキ｜Deck 1｜日本史の最重要骨格400語,JH-000095,95,Deck 1｜骨格・基礎,人物,平清盛,たいらのきよもり,,古代,近畿,京都・瀬戸内海・大輪田泊,平安時代末期,1167,JH-000095-B02,beginner,時期,time,平清盛が主に活動したのはいつ？,平安時代末期,平安時代末期,,,,国立歴史民俗博物館「第1展示室 先史・古代」,https://www.rekihaku.ac.jp/exhibitions/room1/
日本史段階別デッキ｜Deck 1｜日本史の最重要骨格400語,JH-000095,95,Deck 1｜骨格・基礎,人物,平清盛,たいらのきよもり,,古代,近畿,京都・瀬戸内海・大輪田泊,平安時代末期,1167,JH-000095-B03,beginner,経済,relation,平清盛が積極的に進めた海外貿易は？,日宋貿易,日宋貿易,,,,国立歴史民俗博物館「第1展示室 先史・古代」,https://www.rekihaku.ac.jp/exhibitions/room1/
日本史段階別デッキ｜Deck 1｜日本史の最重要骨格400語,JH-000095,95,Deck 1｜骨格・基礎,人物,平清盛,たいらのきよもり,,古代,近畿,京都・瀬戸内海・大輪田泊,平安時代末期,1167,JH-000095-R01,reverse,時期,time,主に活動したのはいつ？,**平安時代末期**,平安時代末期,,,,国立歴史民俗博物館「第1展示室 先史・古代」,https://www.rekihaku.ac.jp/exhibitions/room1/
日本史段階別デッキ｜Deck 1｜日本史の最重要骨格400語,JH-000095,95,Deck 1｜骨格・基礎,人物,平清盛,たいらのきよもり,,古代,近畿,京都・瀬戸内海・大輪田泊,平安時代末期,1167,JH-000095-R02,reverse,複合説明,reverse,何をした？,京都の朝廷で武士として初めて太政大臣となり、外戚関係と全国の知行国・荘園を背景に**平氏政権**を築いた。,太政大臣|平氏政権|外戚|大輪田泊|日宋貿易|源平合戦,,,,国立歴史民俗博物館「第1展示室 先史・古代」,https://www.rekihaku.ac.jp/exhibitions/room1/
日本史段階別デッキ｜Deck 1｜日本史の最重要骨格400語,JH-000095,95,Deck 1｜骨格・基礎,人物,平清盛,たいらのきよもり,,古代,近畿,京都・瀬戸内海・大輪田泊,平安時代末期,1167,JH-000095-R03,reverse,結果・関連,reverse,何につながった・どんな意味があった？,瀬戸内海の大輪田泊を整備して**日宋貿易**を進めたが、専権化への反発から源平合戦を招いた。,太政大臣|平氏政権|外戚|大輪田泊|日宋貿易|源平合戦,,,,国立歴史民俗博物館「第1展示室 先史・古代」,https://www.rekihaku.ac.jp/exhibitions/room1/
日本史段階別デッキ｜Deck 1｜日本史の最重要骨格400語,JH-000095,95,Deck 1｜骨格・基礎,人物,平清盛,たいらのきよもり,,古代,近畿,京都・瀬戸内海・大輪田泊,平安時代末期,1167,JH-000095-I01,integrated,統合説明,integrated,「平清盛」について説明せよ。,平安時代末期、京都・瀬戸内海・大輪田泊を主な舞台として、京都の朝廷で武士として初めて太政大臣となり、外戚関係と全国の知行国・荘園を背景に**平氏政権**を築いた。 瀬戸内海の大輪田泊を整備して**日宋貿易**を進めたが、専権化への反発から源平合戦を招いた。,太政大臣|平氏政権|外戚|大輪田泊|日宋貿易|源平合戦,,,,国立歴史民俗博物館「第1展示室 先史・古代」,https://www.rekihaku.ac.jp/exhibitions/room1/
日本史段階別デッキ｜Deck 1｜日本史の最重要骨格400語,JH-000102,102,Deck 1｜骨格・基礎,人物,法然,ほうねん,,中世,近畿,京都から全国,平安時代末期〜鎌倉時代初期,1175,JH-000102-B01,beginner,用語の特定,identify,専修念仏を説き、浄土宗を開いた僧は？,法然,法然,,,,国立歴史民俗博物館「第2展示室 中世」,https://www.rekihaku.ac.jp/exhibitions/room2/
日本史段階別デッキ｜Deck 1｜日本史の最重要骨格400語,JH-000102,102,Deck 1｜骨格・基礎,人物,法然,ほうねん,,中世,近畿,京都から全国,平安時代末期〜鎌倉時代初期,1175,JH-000102-B02,beginner,時期,time,法然が主に活動したのはいつ？,平安時代末期〜鎌倉時代初期,平安時代末期〜鎌倉時代初期,,,,国立歴史民俗博物館「第2展示室 中世」,https://www.rekihaku.ac.jp/exhibitions/room2/
日本史段階別デッキ｜Deck 1｜日本史の最重要骨格400語,JH-000102,102,Deck 1｜骨格・基礎,人物,法然,ほうねん,,中世,近畿,京都から全国,平安時代末期〜鎌倉時代初期,1175,JH-000102-B03,beginner,宗教,content,法然が開いた宗派は？,浄土宗,浄土宗,,,,国立歴史民俗博物館「第2展示室 中世」,https://www.rekihaku.ac.jp/exhibitions/room2/
日本史段階別デッキ｜Deck 1｜日本史の最重要骨格400語,JH-000102,102,Deck 1｜骨格・基礎,人物,法然,ほうねん,,中世,近畿,京都から全国,平安時代末期〜鎌倉時代初期,1175,JH-000102-R01,reverse,時期,time,主に活動したのはいつ？,**平安時代末期〜鎌倉時代初期**,平安時代末期〜鎌倉時代初期,,,,国立歴史民俗博物館「第2展示室 中世」,https://www.rekihaku.ac.jp/exhibitions/room2/
日本史段階別デッキ｜Deck 1｜日本史の最重要骨格400語,JH-000102,102,Deck 1｜骨格・基礎,人物,法然,ほうねん,,中世,近畿,京都から全国,平安時代末期〜鎌倉時代初期,1175,JH-000102-R02,reverse,複合説明,reverse,何をした？,京都で、阿弥陀仏の名を唱える**専修念仏**によって往生できると説き、浄土宗を開いた僧。,専修念仏|阿弥陀仏|浄土宗|往生|武士・民衆,,,,国立歴史民俗博物館「第2展示室 中世」,https://www.rekihaku.ac.jp/exhibitions/room2/
日本史段階別デッキ｜Deck 1｜日本史の最重要骨格400語,JH-000102,102,Deck 1｜骨格・基礎,人物,法然,ほうねん,,中世,近畿,京都から全国,平安時代末期〜鎌倉時代初期,1175,JH-000102-R03,reverse,結果・関連,reverse,何につながった・どんな意味があった？,難しい修行を行えない人々にも救いの道を示し、念仏信仰を**武士・民衆**へ広げた。,専修念仏|阿弥陀仏|浄土宗|往生|武士・民衆,,,,国立歴史民俗博物館「第2展示室 中世」,https://www.rekihaku.ac.jp/exhibitions/room2/
日本史段階別デッキ｜Deck 1｜日本史の最重要骨格400語,JH-000102,102,Deck 1｜骨格・基礎,人物,法然,ほうねん,,中世,近畿,京都から全国,平安時代末期〜鎌倉時代初期,1175,JH-000102-I01,integrated,統合説明,integrated,「法然」について説明せよ。,平安時代末期〜鎌倉時代初期、京都から全国を主な舞台として、京都で、阿弥陀仏の名を唱える**専修念仏**によって往生できると説き、浄土宗を開いた僧。 難しい修行を行えない人々にも救いの道を示し、念仏信仰を**武士・民衆**へ広げた。,専修念仏|阿弥陀仏|浄土宗|往生|武士・民衆,,,,国立歴史民俗博物館「第2展示室 中世」,https://www.rekihaku.ac.jp/exhibitions/room2/
日本史段階別デッキ｜Deck 1｜日本史の最重要骨格400語,JH-000270,270,Deck 1｜骨格・基礎,宗教・宗派,浄土宗,じょうどしゅう,,中世,日本全国,京都から全国,平安時代末期〜鎌倉時代,1175,JH-000270-B01,beginner,用語の特定,identify,法然が開き、阿弥陀仏の名を唱える専修念仏を救いの道とした宗派は？,浄土宗,浄土宗,,,,国立歴史民俗博物館「第2展示室 中世」,https://www.rekihaku.ac.jp/exhibitions/room2/
日本史段階別デッキ｜Deck 1｜日本史の最重要骨格400語,JH-000270,270,Deck 1｜骨格・基礎,宗教・宗派,浄土宗,じょうどしゅう,,中世,日本全国,京都から全国,平安時代末期〜鎌倉時代,1175,JH-000270-B02,beginner,時期,time,浄土宗が成立・広まったのはいつ？,平安時代末期〜鎌倉時代,平安時代末期〜鎌倉時代,,,,国立歴史民俗博物館「第2展示室 中世」,https://www.rekihaku.ac.jp/exhibitions/room2/
日本史段階別デッキ｜Deck 1｜日本史の最重要骨格400語,JH-000270,270,Deck 1｜骨格・基礎,宗教・宗派,浄土宗,じょうどしゅう,,中世,日本全国,京都から全国,平安時代末期〜鎌倉時代,1175,JH-000270-B03,beginner,人物,person,浄土宗を開いた人物は？,法然,法然,,,,国立歴史民俗博物館「第2展示室 中世」,https://www.rekihaku.ac.jp/exhibitions/room2/
日本史段階別デッキ｜Deck 1｜日本史の最重要骨格400語,JH-000270,270,Deck 1｜骨格・基礎,宗教・宗派,浄土宗,じょうどしゅう,,中世,日本全国,京都から全国,平安時代末期〜鎌倉時代,1175,JH-000270-R01,reverse,時期,time,成立・広まったのはいつ？,**平安時代末期〜鎌倉時代**,平安時代末期〜鎌倉時代,,,,国立歴史民俗博物館「第2展示室 中世」,https://www.rekihaku.ac.jp/exhibitions/room2/
日本史段階別デッキ｜Deck 1｜日本史の最重要骨格400語,JH-000270,270,Deck 1｜骨格・基礎,宗教・宗派,浄土宗,じょうどしゅう,,中世,日本全国,京都から全国,平安時代末期〜鎌倉時代,1175,JH-000270-R02,reverse,複合説明,reverse,どんな宗教・教え？,法然が京都で開き、**南無阿弥陀仏**と唱える専修念仏によって極楽往生できると説いた宗派。,法然|南無阿弥陀仏|専修念仏|極楽往生|親鸞,,,,国立歴史民俗博物館「第2展示室 中世」,https://www.rekihaku.ac.jp/exhibitions/room2/
日本史段階別デッキ｜Deck 1｜日本史の最重要骨格400語,JH-000270,270,Deck 1｜骨格・基礎,宗教・宗派,浄土宗,じょうどしゅう,,中世,日本全国,京都から全国,平安時代末期〜鎌倉時代,1175,JH-000270-R03,reverse,結果・関連,reverse,何につながった・どんな意味があった？,救済を簡明にして武士・民衆へ広がり、**親鸞**の浄土真宗などにも影響した。,法然|南無阿弥陀仏|専修念仏|極楽往生|親鸞,,,,国立歴史民俗博物館「第2展示室 中世」,https://www.rekihaku.ac.jp/exhibitions/room2/
日本史段階別デッキ｜Deck 1｜日本史の最重要骨格400語,JH-000270,270,Deck 1｜骨格・基礎,宗教・宗派,浄土宗,じょうどしゅう,,中世,日本全国,京都から全国,平安時代末期〜鎌倉時代,1175,JH-000270-I01,integrated,統合説明,integrated,「浄土宗」について説明せよ。,平安時代末期〜鎌倉時代、京都から全国を主な舞台として、法然が京都で開き、**南無阿弥陀仏**と唱える専修念仏によって極楽往生できると説いた宗派。 救済を簡明にして武士・民衆へ広がり、**親鸞**の浄土真宗などにも影響した。,法然|南無阿弥陀仏|専修念仏|極楽往生|親鸞,,,,国立歴史民俗博物館「第2展示室 中世」,https://www.rekihaku.ac.jp/exhibitions/room2/
日本史段階別デッキ｜Deck 1｜日本史の最重要骨格400語,JH-000021,21,Deck 1｜骨格・基礎,人物,源頼朝,みなもとのよりとも,,中世,関東,鎌倉を中心とする東国,平安時代末期〜鎌倉時代初期,1180,JH-000021-B01,beginner,用語の特定,identify,東国武士をまとめ、守護・地頭を設置して鎌倉幕府を開いた武将は？,源頼朝,源頼朝,,,,国立歴史民俗博物館「第2展示室 中世」,https://www.rekihaku.ac.jp/exhibitions/room2/
日本史段階別デッキ｜Deck 1｜日本史の最重要骨格400語,JH-000021,21,Deck 1｜骨格・基礎,人物,源頼朝,みなもとのよりとも,,中世,関東,鎌倉を中心とする東国,平安時代末期〜鎌倉時代初期,1180,JH-000021-B02,beginner,時期,time,源頼朝が主に活動したのはいつ？,平安時代末期〜鎌倉時代初期,平安時代末期〜鎌倉時代初期,,,,国立歴史民俗博物館「第2展示室 中世」,https://www.rekihaku.ac.jp/exhibitions/room2/
日本史段階別デッキ｜Deck 1｜日本史の最重要骨格400語,JH-000021,21,Deck 1｜骨格・基礎,人物,源頼朝,みなもとのよりとも,,中世,関東,鎌倉を中心とする東国,平安時代末期〜鎌倉時代初期,1180,JH-000021-B03,beginner,地域,place,源頼朝が本拠とした都市は？,鎌倉,鎌倉,,,,国立歴史民俗博物館「第2展示室 中世」,https://www.rekihaku.ac.jp/exhibitions/room2/
日本史段階別デッキ｜Deck 1｜日本史の最重要骨格400語,JH-000021,21,Deck 1｜骨格・基礎,人物,源頼朝,みなもとのよりとも,,中世,関東,鎌倉を中心とする東国,平安時代末期〜鎌倉時代初期,1180,JH-000021-R01,reverse,時期,time,主に活動したのはいつ？,**平安時代末期〜鎌倉時代初期**,平安時代末期〜鎌倉時代初期,,,,国立歴史民俗博物館「第2展示室 中世」,https://www.rekihaku.ac.jp/exhibitions/room2/
日本史段階別デッキ｜Deck 1｜日本史の最重要骨格400語,JH-000021,21,Deck 1｜骨格・基礎,人物,源頼朝,みなもとのよりとも,,中世,関東,鎌倉を中心とする東国,平安時代末期〜鎌倉時代初期,1180,JH-000021-R02,reverse,複合説明,reverse,何をした？,鎌倉を本拠に東国武士をまとめ、平氏を倒し、朝廷から**守護・地頭**の設置権や征夷大将軍(せいいたいしょうぐん)の地位を得た。,鎌倉|守護|地頭|征夷大将軍|御恩と奉公|鎌倉幕府,,,,国立歴史民俗博物館「第2展示室 中世」,https://www.rekihaku.ac.jp/exhibitions/room2/
日本史段階別デッキ｜Deck 1｜日本史の最重要骨格400語,JH-000021,21,Deck 1｜骨格・基礎,人物,源頼朝,みなもとのよりとも,,中世,関東,鎌倉を中心とする東国,平安時代末期〜鎌倉時代初期,1180,JH-000021-R03,reverse,結果・関連,reverse,何につながった・どんな意味があった？,御恩と奉公で御家人を組織し、東国を基盤とする**鎌倉幕府**を成立させた。,鎌倉|守護|地頭|征夷大将軍|御恩と奉公|鎌倉幕府,,,,国立歴史民俗博物館「第2展示室 中世」,https://www.rekihaku.ac.jp/exhibitions/room2/
日本史段階別デッキ｜Deck 1｜日本史の最重要骨格400語,JH-000021,21,Deck 1｜骨格・基礎,人物,源頼朝,みなもとのよりとも,,中世,関東,鎌倉を中心とする東国,平安時代末期〜鎌倉時代初期,1180,JH-000021-I01,integrated,統合説明,integrated,「源頼朝」について説明せよ。,平安時代末期〜鎌倉時代初期、鎌倉を中心とする東国を主な舞台として、鎌倉を本拠に東国武士をまとめ、平氏を倒し、朝廷から**守護・地頭**の設置権や征夷大将軍(せいいたいしょうぐん)の地位を得た。 御恩と奉公で御家人を組織し、東国を基盤とする**鎌倉幕府**を成立させた。,鎌倉|守護|地頭|征夷大将軍|御恩と奉公|鎌倉幕府,,,,国立歴史民俗博物館「第2展示室 中世」,https://www.rekihaku.ac.jp/exhibitions/room2/
日本史段階別デッキ｜Deck 1｜日本史の最重要骨格400語,JH-000024,24,Deck 1｜骨格・基礎,民族・身分・社会集団,御家人,ごけにん,,中世,日本全国,鎌倉幕府と各地の所領,鎌倉時代,1180,JH-000024-B01,beginner,用語の特定,identify,鎌倉幕府の将軍と主従関係を結び、御恩と奉公で仕えた武士は？,御家人,御家人,,,,国立歴史民俗博物館「第2展示室 中世」,https://www.rekihaku.ac.jp/exhibitions/room2/
日本史段階別デッキ｜Deck 1｜日本史の最重要骨格400語,JH-000024,24,Deck 1｜骨格・基礎,民族・身分・社会集団,御家人,ごけにん,,中世,日本全国,鎌倉幕府と各地の所領,鎌倉時代,1180,JH-000024-B02,beginner,時期,time,御家人が歴史上重要になるのはいつ？,鎌倉時代,鎌倉時代,,,,国立歴史民俗博物館「第2展示室 中世」,https://www.rekihaku.ac.jp/exhibitions/room2/
日本史段階別デッキ｜Deck 1｜日本史の最重要骨格400語,JH-000024,24,Deck 1｜骨格・基礎,民族・身分・社会集団,御家人,ごけにん,,中世,日本全国,鎌倉幕府と各地の所領,鎌倉時代,1180,JH-000024-B03,beginner,関係勢力,actor,御家人が主従関係を結んだ相手は？,将軍,将軍,,,,国立歴史民俗博物館「第2展示室 中世」,https://www.rekihaku.ac.jp/exhibitions/room2/
日本史段階別デッキ｜Deck 1｜日本史の最重要骨格400語,JH-000024,24,Deck 1｜骨格・基礎,民族・身分・社会集団,御家人,ごけにん,,中世,日本全国,鎌倉幕府と各地の所領,鎌倉時代,1180,JH-000024-R01,reverse,時期,time,歴史上重要になるのはいつ？,**鎌倉時代**,鎌倉時代,,,,国立歴史民俗博物館「第2展示室 中世」,https://www.rekihaku.ac.jp/exhibitions/room2/
日本史段階別デッキ｜Deck 1｜日本史の最重要骨格400語,JH-000024,24,Deck 1｜骨格・基礎,民族・身分・社会集団,御家人,ごけにん,,中世,日本全国,鎌倉幕府と各地の所領,鎌倉時代,1180,JH-000024-R02,reverse,複合説明,reverse,どのような人々・集団？,鎌倉幕府の将軍と直接の主従関係を結び、所領安堵・新恩給与という**御恩**を受けた武士。,将軍|所領安堵|新恩給与|御恩|奉公,,,,国立歴史民俗博物館「第2展示室 中世」,https://www.rekihaku.ac.jp/exhibitions/room2/
日本史段階別デッキ｜Deck 1｜日本史の最重要骨格400語,JH-000024,24,Deck 1｜骨格・基礎,民族・身分・社会集団,御家人,ごけにん,,中世,日本全国,鎌倉幕府と各地の所領,鎌倉時代,1180,JH-000024-R03,reverse,結果・関連,reverse,何につながった・どんな意味があった？,軍役・警固などの**奉公**を負担し、幕府支配の軍事的・行政的基盤となった。,将軍|所領安堵|新恩給与|御恩|奉公,,,,国立歴史民俗博物館「第2展示室 中世」,https://www.rekihaku.ac.jp/exhibitions/room2/
日本史段階別デッキ｜Deck 1｜日本史の最重要骨格400語,JH-000024,24,Deck 1｜骨格・基礎,民族・身分・社会集団,御家人,ごけにん,,中世,日本全国,鎌倉幕府と各地の所領,鎌倉時代,1180,JH-000024-I01,integrated,統合説明,integrated,「御家人」について説明せよ。,鎌倉時代、鎌倉幕府と各地の所領を主な舞台として、鎌倉幕府の将軍と直接の主従関係を結び、所領安堵・新恩給与という**御恩**を受けた武士。 軍役・警固などの**奉公**を負担し、幕府支配の軍事的・行政的基盤となった。,将軍|所領安堵|新恩給与|御恩|奉公,,,,国立歴史民俗博物館「第2展示室 中世」,https://www.rekihaku.ac.jp/exhibitions/room2/
日本史段階別デッキ｜Deck 1｜日本史の最重要骨格400語,JH-000025,25,Deck 1｜骨格・基礎,制度・政策・法律,御恩と奉公,ごおんとほうこう,,中世,日本全国,将軍と御家人,鎌倉時代,1180,JH-000025-B01,beginner,用語の特定,identify,将軍が御家人の所領を保障し、御家人が軍役などで仕える鎌倉幕府の主従関係は？,御恩と奉公,御恩と奉公,,,,国立歴史民俗博物館「第2展示室 中世」,https://www.rekihaku.ac.jp/exhibitions/room2/
日本史段階別デッキ｜Deck 1｜日本史の最重要骨格400語,JH-000025,25,Deck 1｜骨格・基礎,制度・政策・法律,御恩と奉公,ごおんとほうこう,,中世,日本全国,将軍と御家人,鎌倉時代,1180,JH-000025-B02,beginner,時期,time,御恩と奉公が成立・実施されたのはいつ？,鎌倉時代,鎌倉時代,,,,国立歴史民俗博物館「第2展示室 中世」,https://www.rekihaku.ac.jp/exhibitions/room2/
日本史段階別デッキ｜Deck 1｜日本史の最重要骨格400語,JH-000025,25,Deck 1｜骨格・基礎,制度・政策・法律,御恩と奉公,ごおんとほうこう,,中世,日本全国,将軍と御家人,鎌倉時代,1180,JH-000025-B03,beginner,内容,content,御恩と奉公で将軍が御家人に与えたものは？,所領の保障や新たな土地,所領の保障や新たな土地,,,,国立歴史民俗博物館「第2展示室 中世」,https://www.rekihaku.ac.jp/exhibitions/room2/
日本史段階別デッキ｜Deck 1｜日本史の最重要骨格400語,JH-000025,25,Deck 1｜骨格・基礎,制度・政策・法律,御恩と奉公,ごおんとほうこう,,中世,日本全国,将軍と御家人,鎌倉時代,1180,JH-000025-R01,reverse,時期,time,成立・実施されたのはいつ？,**鎌倉時代**,鎌倉時代,,,,国立歴史民俗博物館「第2展示室 中世」,https://www.rekihaku.ac.jp/exhibitions/room2/
日本史段階別デッキ｜Deck 1｜日本史の最重要骨格400語,JH-000025,25,Deck 1｜骨格・基礎,制度・政策・法律,御恩と奉公,ごおんとほうこう,,中世,日本全国,将軍と御家人,鎌倉時代,1180,JH-000025-R02,reverse,複合説明,reverse,どんな制度・政策・法律？,将軍が御家人へ所領安堵・新恩給与という**御恩**を与え、御家人が軍役・警固などの**奉公**を行う主従関係。,所領安堵|新恩給与|軍役|警固|御家人|元寇,,,,国立歴史民俗博物館「第2展示室 中世」,https://www.rekihaku.ac.jp/exhibitions/room2/
日本史段階別デッキ｜Deck 1｜日本史の最重要骨格400語,JH-000025,25,Deck 1｜骨格・基礎,制度・政策・法律,御恩と奉公,ごおんとほうこう,,中世,日本全国,将軍と御家人,鎌倉時代,1180,JH-000025-R03,reverse,結果・関連,reverse,何につながった・どんな意味があった？,鎌倉幕府の結合原理となったが、元寇(げんこう)後に**新恩給与**が難しくなると動揺した。,所領安堵|新恩給与|軍役|警固|御家人|元寇,,,,国立歴史民俗博物館「第2展示室 中世」,https://www.rekihaku.ac.jp/exhibitions/room2/
日本史段階別デッキ｜Deck 1｜日本史の最重要骨格400語,JH-000025,25,Deck 1｜骨格・基礎,制度・政策・法律,御恩と奉公,ごおんとほうこう,,中世,日本全国,将軍と御家人,鎌倉時代,1180,JH-000025-I01,integrated,統合説明,integrated,「御恩と奉公」について説明せよ。,鎌倉時代、将軍と御家人を主な舞台として、将軍が御家人へ所領安堵・新恩給与という**御恩**を与え、御家人が軍役・警固などの**奉公**を行う主従関係。 鎌倉幕府の結合原理となったが、元寇(げんこう)後に**新恩給与**が難しくなると動揺した。,所領安堵|新恩給与|軍役|警固|御家人|元寇,,,,国立歴史民俗博物館「第2展示室 中世」,https://www.rekihaku.ac.jp/exhibitions/room2/
日本史段階別デッキ｜Deck 1｜日本史の最重要骨格400語,JH-000187,187,Deck 1｜骨格・基礎,戦争・争乱,源平合戦,げんぺいかっせん,治承・寿永の乱,古代,日本全国,東国・西国・瀬戸内海,平安時代末期,1180,JH-000187-B01,beginner,用語の特定,identify,以仁王の令旨を契機に源氏と平氏が全国で争い、平氏滅亡に至った戦争は？,源平合戦,源平合戦,治承・寿永の乱,,,国立歴史民俗博物館「第1展示室 先史・古代」,https://www.rekihaku.ac.jp/exhibitions/room1/
日本史段階別デッキ｜Deck 1｜日本史の最重要骨格400語,JH-000187,187,Deck 1｜骨格・基礎,戦争・争乱,源平合戦,げんぺいかっせん,治承・寿永の乱,古代,日本全国,東国・西国・瀬戸内海,平安時代末期,1180,JH-000187-B02,beginner,時期,time,源平合戦が戦われたのはいつ？,平安時代末期,平安時代末期,,,,国立歴史民俗博物館「第1展示室 先史・古代」,https://www.rekihaku.ac.jp/exhibitions/room1/
日本史段階別デッキ｜Deck 1｜日本史の最重要骨格400語,JH-000187,187,Deck 1｜骨格・基礎,戦争・争乱,源平合戦,げんぺいかっせん,治承・寿永の乱,古代,日本全国,東国・西国・瀬戸内海,平安時代末期,1180,JH-000187-B03,beginner,結果,result,源平合戦の最終決戦は？,壇ノ浦の戦い(だんのうらのたたかい),壇ノ浦の戦い,,,,国立歴史民俗博物館「第1展示室 先史・古代」,https://www.rekihaku.ac.jp/exhibitions/room1/
日本史段階別デッキ｜Deck 1｜日本史の最重要骨格400語,JH-000187,187,Deck 1｜骨格・基礎,戦争・争乱,源平合戦,げんぺいかっせん,治承・寿永の乱,古代,日本全国,東国・西国・瀬戸内海,平安時代末期,1180,JH-000187-R01,reverse,時期,time,戦われたのはいつ？,**平安時代末期**,平安時代末期,,,,国立歴史民俗博物館「第1展示室 先史・古代」,https://www.rekihaku.ac.jp/exhibitions/room1/
日本史段階別デッキ｜Deck 1｜日本史の最重要骨格400語,JH-000187,187,Deck 1｜骨格・基礎,戦争・争乱,源平合戦,げんぺいかっせん,治承・寿永の乱,古代,日本全国,東国・西国・瀬戸内海,平安時代末期,1180,JH-000187-R02,reverse,複合説明,reverse,何が起きた？,**以仁王の令旨**を契機に、東国・西国・瀬戸内海で源氏と平氏が争った全国的な内乱。,以仁王の令旨|源氏|平氏|源頼朝|壇ノ浦の戦い|鎌倉幕府,,,,国立歴史民俗博物館「第1展示室 先史・古代」,https://www.rekihaku.ac.jp/exhibitions/room1/
日本史段階別デッキ｜Deck 1｜日本史の最重要骨格400語,JH-000187,187,Deck 1｜骨格・基礎,戦争・争乱,源平合戦,げんぺいかっせん,治承・寿永の乱,古代,日本全国,東国・西国・瀬戸内海,平安時代末期,1180,JH-000187-R03,reverse,結果・関連,reverse,何につながった・どんな意味があった？,源頼朝が東国支配を固め、壇ノ浦で**平氏**が滅亡した結果、鎌倉幕府成立へつながった。,以仁王の令旨|源氏|平氏|源頼朝|壇ノ浦の戦い|鎌倉幕府,,,,国立歴史民俗博物館「第1展示室 先史・古代」,https://www.rekihaku.ac.jp/exhibitions/room1/
日本史段階別デッキ｜Deck 1｜日本史の最重要骨格400語,JH-000187,187,Deck 1｜骨格・基礎,戦争・争乱,源平合戦,げんぺいかっせん,治承・寿永の乱,古代,日本全国,東国・西国・瀬戸内海,平安時代末期,1180,JH-000187-I01,integrated,統合説明,integrated,「源平合戦」について説明せよ。,平安時代末期、東国・西国・瀬戸内海を主な舞台として、**以仁王の令旨**を契機に、東国・西国・瀬戸内海で源氏と平氏が争った全国的な内乱。 源頼朝が東国支配を固め、壇ノ浦で**平氏**が滅亡した結果、鎌倉幕府成立へつながった。,以仁王の令旨|源氏|平氏|源頼朝|壇ノ浦の戦い|鎌倉幕府,,,,国立歴史民俗博物館「第1展示室 先史・古代」,https://www.rekihaku.ac.jp/exhibitions/room1/
日本史段階別デッキ｜Deck 1｜日本史の最重要骨格400語,JH-000317,317,Deck 1｜骨格・基礎,制度・政策・法律,侍所,さむらいどころ,,中世,関東,鎌倉幕府,鎌倉時代,1180,JH-000317-B01,beginner,用語の特定,identify,鎌倉幕府で御家人の統率と軍事・警察を担当した機関は？,侍所,侍所,,,,国立歴史民俗博物館「第2展示室 中世」,https://www.rekihaku.ac.jp/exhibitions/room2/
日本史段階別デッキ｜Deck 1｜日本史の最重要骨格400語,JH-000317,317,Deck 1｜骨格・基礎,制度・政策・法律,侍所,さむらいどころ,,中世,関東,鎌倉幕府,鎌倉時代,1180,JH-000317-B02,beginner,時期,time,侍所が成立・実施されたのはいつ？,鎌倉時代,鎌倉時代,,,,国立歴史民俗博物館「第2展示室 中世」,https://www.rekihaku.ac.jp/exhibitions/room2/
日本史段階別デッキ｜Deck 1｜日本史の最重要骨格400語,JH-000317,317,Deck 1｜骨格・基礎,制度・政策・法律,侍所,さむらいどころ,,中世,関東,鎌倉幕府,鎌倉時代,1180,JH-000317-B03,beginner,対象,actor,侍所が主に統率した人々は？,御家人,御家人,,,,国立歴史民俗博物館「第2展示室 中世」,https://www.rekihaku.ac.jp/exhibitions/room2/
日本史段階別デッキ｜Deck 1｜日本史の最重要骨格400語,JH-000317,317,Deck 1｜骨格・基礎,制度・政策・法律,侍所,さむらいどころ,,中世,関東,鎌倉幕府,鎌倉時代,1180,JH-000317-R01,reverse,時期,time,成立・実施されたのはいつ？,**鎌倉時代**,鎌倉時代,,,,国立歴史民俗博物館「第2展示室 中世」,https://www.rekihaku.ac.jp/exhibitions/room2/
日本史段階別デッキ｜Deck 1｜日本史の最重要骨格400語,JH-000317,317,Deck 1｜骨格・基礎,制度・政策・法律,侍所,さむらいどころ,,中世,関東,鎌倉幕府,鎌倉時代,1180,JH-000317-R02,reverse,複合説明,reverse,どんな制度・政策・法律？,鎌倉幕府で**御家人**の統率と軍事・警察を担当した機関。,御家人|軍事・警察|別当|政所|問注所,,,,国立歴史民俗博物館「第2展示室 中世」,https://www.rekihaku.ac.jp/exhibitions/room2/
日本史段階別デッキ｜Deck 1｜日本史の最重要骨格400語,JH-000317,317,Deck 1｜骨格・基礎,制度・政策・法律,侍所,さむらいどころ,,中世,関東,鎌倉幕府,鎌倉時代,1180,JH-000317-R03,reverse,結果・関連,reverse,何につながった・どんな意味があった？,**別当**を長とし、政所・問注所(もんちゅうじょ)とともに幕府の中央政治機構を構成した。,御家人|軍事・警察|別当|政所|問注所,,,,国立歴史民俗博物館「第2展示室 中世」,https://www.rekihaku.ac.jp/exhibitions/room2/
日本史段階別デッキ｜Deck 1｜日本史の最重要骨格400語,JH-000317,317,Deck 1｜骨格・基礎,制度・政策・法律,侍所,さむらいどころ,,中世,関東,鎌倉幕府,鎌倉時代,1180,JH-000317-I01,integrated,統合説明,integrated,「侍所」について説明せよ。,鎌倉時代、鎌倉幕府を主な舞台として、鎌倉幕府で**御家人**の統率と軍事・警察を担当した機関。 **別当**を長とし、政所・問注所(もんちゅうじょ)とともに幕府の中央政治機構を構成した。,御家人|軍事・警察|別当|政所|問注所,,,,国立歴史民俗博物館「第2展示室 中世」,https://www.rekihaku.ac.jp/exhibitions/room2/
日本史段階別デッキ｜Deck 1｜日本史の最重要骨格400語,JH-000318,318,Deck 1｜骨格・基礎,制度・政策・法律,問注所,もんちゅうじょ,,中世,関東,鎌倉幕府,鎌倉時代,1184,JH-000318-B01,beginner,用語の特定,identify,鎌倉幕府で御家人の訴訟や裁判事務を担当した機関は？,問注所(もんちゅうじょ),問注所,,,,国立歴史民俗博物館「第2展示室 中世」,https://www.rekihaku.ac.jp/exhibitions/room2/
日本史段階別デッキ｜Deck 1｜日本史の最重要骨格400語,JH-000318,318,Deck 1｜骨格・基礎,制度・政策・法律,問注所,もんちゅうじょ,,中世,関東,鎌倉幕府,鎌倉時代,1184,JH-000318-B02,beginner,時期,time,問注所(もんちゅうじょ)が成立・実施されたのはいつ？,鎌倉時代,鎌倉時代,,,,国立歴史民俗博物館「第2展示室 中世」,https://www.rekihaku.ac.jp/exhibitions/room2/
日本史段階別デッキ｜Deck 1｜日本史の最重要骨格400語,JH-000318,318,Deck 1｜骨格・基礎,制度・政策・法律,問注所,もんちゅうじょ,,中世,関東,鎌倉幕府,鎌倉時代,1184,JH-000318-B03,beginner,内容,content,問注所(もんちゅうじょ)が担当した主な事務は？,訴訟・裁判,訴訟・裁判,,,,国立歴史民俗博物館「第2展示室 中世」,https://www.rekihaku.ac.jp/exhibitions/room2/
日本史段階別デッキ｜Deck 1｜日本史の最重要骨格400語,JH-000318,318,Deck 1｜骨格・基礎,制度・政策・法律,問注所,もんちゅうじょ,,中世,関東,鎌倉幕府,鎌倉時代,1184,JH-000318-R01,reverse,時期,time,成立・実施されたのはいつ？,**鎌倉時代**,鎌倉時代,,,,国立歴史民俗博物館「第2展示室 中世」,https://www.rekihaku.ac.jp/exhibitions/room2/
日本史段階別デッキ｜Deck 1｜日本史の最重要骨格400語,JH-000318,318,Deck 1｜骨格・基礎,制度・政策・法律,問注所,もんちゅうじょ,,中世,関東,鎌倉幕府,鎌倉時代,1184,JH-000318-R02,reverse,複合説明,reverse,どんな制度・政策・法律？,鎌倉幕府で御家人の所領争いなどの**訴訟**・裁判事務を担当した中央機関。,訴訟|裁判|御家人|所領争い|御成敗式目,,,,国立歴史民俗博物館「第2展示室 中世」,https://www.rekihaku.ac.jp/exhibitions/room2/
日本史段階別デッキ｜Deck 1｜日本史の最重要骨格400語,JH-000318,318,Deck 1｜骨格・基礎,制度・政策・法律,問注所,もんちゅうじょ,,中世,関東,鎌倉幕府,鎌倉時代,1184,JH-000318-R03,reverse,結果・関連,reverse,何につながった・どんな意味があった？,武家社会の紛争を法的に処理し、のちの御成敗式目(ごせいばいしきもく)による**裁判**制度へつながった。,訴訟|裁判|御家人|所領争い|御成敗式目,,,,国立歴史民俗博物館「第2展示室 中世」,https://www.rekihaku.ac.jp/exhibitions/room2/
日本史段階別デッキ｜Deck 1｜日本史の最重要骨格400語,JH-000318,318,Deck 1｜骨格・基礎,制度・政策・法律,問注所,もんちゅうじょ,,中世,関東,鎌倉幕府,鎌倉時代,1184,JH-000318-I01,integrated,統合説明,integrated,「問注所(もんちゅうじょ)」について説明せよ。,鎌倉時代、鎌倉幕府を主な舞台として、鎌倉幕府で御家人の所領争いなどの**訴訟**・裁判事務を担当した中央機関。 武家社会の紛争を法的に処理し、のちの御成敗式目(ごせいばいしきもく)による**裁判**制度へつながった。,訴訟|裁判|御家人|所領争い|御成敗式目,,,,国立歴史民俗博物館「第2展示室 中世」,https://www.rekihaku.ac.jp/exhibitions/room2/
日本史段階別デッキ｜Deck 1｜日本史の最重要骨格400語,JH-000003,3,Deck 1｜骨格・基礎,朝廷・政権・幕府,鎌倉幕府,かまくらばくふ,,中世,関東,鎌倉を中心とする全国,12世紀末〜14世紀前半,1185,JH-000003-B01,beginner,用語の特定,identify,源頼朝が鎌倉を本拠に御家人を組織し、守護・地頭を通じて支配した武家政権は？,鎌倉幕府,鎌倉幕府,,,,国立歴史民俗博物館「第2展示室 中世」,https://www.rekihaku.ac.jp/exhibitions/room2/
日本史段階別デッキ｜Deck 1｜日本史の最重要骨格400語,JH-000003,3,Deck 1｜骨格・基礎,朝廷・政権・幕府,鎌倉幕府,かまくらばくふ,,中世,関東,鎌倉を中心とする全国,12世紀末〜14世紀前半,1185,JH-000003-B02,beginner,時期,time,鎌倉幕府が存在・機能したのはいつ？,12世紀末〜14世紀前半,12世紀末〜14世紀前半,,,12世紀末〜14世紀前半：「ひと・ふた」（12）世紀から「ひと・よ」（14）世紀までの鎌倉幕府,国立歴史民俗博物館「第2展示室 中世」,https://www.rekihaku.ac.jp/exhibitions/room2/
日本史段階別デッキ｜Deck 1｜日本史の最重要骨格400語,JH-000003,3,Deck 1｜骨格・基礎,朝廷・政権・幕府,鎌倉幕府,かまくらばくふ,,中世,関東,鎌倉を中心とする全国,12世紀末〜14世紀前半,1185,JH-000003-B03,beginner,地域,place,鎌倉幕府の本拠地は？,鎌倉,鎌倉,,,,国立歴史民俗博物館「第2展示室 中世」,https://www.rekihaku.ac.jp/exhibitions/room2/
日本史段階別デッキ｜Deck 1｜日本史の最重要骨格400語,JH-000003,3,Deck 1｜骨格・基礎,朝廷・政権・幕府,鎌倉幕府,かまくらばくふ,,中世,関東,鎌倉を中心とする全国,12世紀末〜14世紀前半,1185,JH-000003-R01,reverse,時期,time,存在・機能したのはいつ？,**12世紀末〜14世紀前半**,12世紀末〜14世紀前半,,,12世紀末〜14世紀前半：「ひと・ふた」（12）世紀から「ひと・よ」（14）世紀までの鎌倉幕府,国立歴史民俗博物館「第2展示室 中世」,https://www.rekihaku.ac.jp/exhibitions/room2/
日本史段階別デッキ｜Deck 1｜日本史の最重要骨格400語,JH-000003,3,Deck 1｜骨格・基礎,朝廷・政権・幕府,鎌倉幕府,かまくらばくふ,,中世,関東,鎌倉を中心とする全国,12世紀末〜14世紀前半,1185,JH-000003-R02,reverse,複合説明,reverse,何をした？,鎌倉を本拠に**源頼朝**が御家人を御恩と奉公で組織し、守護・地頭を通じて全国へ影響を広げた武家政権。,源頼朝|御家人|御恩と奉公|守護|地頭|執権政治,,,,国立歴史民俗博物館「第2展示室 中世」,https://www.rekihaku.ac.jp/exhibitions/room2/
日本史段階別デッキ｜Deck 1｜日本史の最重要骨格400語,JH-000003,3,Deck 1｜骨格・基礎,朝廷・政権・幕府,鎌倉幕府,かまくらばくふ,,中世,関東,鎌倉を中心とする全国,12世紀末〜14世紀前半,1185,JH-000003-R03,reverse,結果・関連,reverse,何につながった・どんな意味があった？,朝廷と並立する二元的支配を始め、のち北条氏の**執権政治**を経て武家社会の制度を確立した。,源頼朝|御家人|御恩と奉公|守護|地頭|執権政治,,,,国立歴史民俗博物館「第2展示室 中世」,https://www.rekihaku.ac.jp/exhibitions/room2/
日本史段階別デッキ｜Deck 1｜日本史の最重要骨格400語,JH-000003,3,Deck 1｜骨格・基礎,朝廷・政権・幕府,鎌倉幕府,かまくらばくふ,,中世,関東,鎌倉を中心とする全国,12世紀末〜14世紀前半,1185,JH-000003-I01,integrated,統合説明,integrated,「鎌倉幕府」について説明せよ。,12世紀末〜14世紀前半、鎌倉を中心とする全国を主な舞台として、鎌倉を本拠に**源頼朝**が御家人を御恩と奉公で組織し、守護・地頭を通じて全国へ影響を広げた武家政権。 朝廷と並立する二元的支配を始め、のち北条氏の**執権政治**を経て武家社会の制度を確立した。,源頼朝|御家人|御恩と奉公|守護|地頭|執権政治,,,12世紀末〜14世紀前半：「ひと・ふた」（12）世紀から「ひと・よ」（14）世紀までの鎌倉幕府,国立歴史民俗博物館「第2展示室 中世」,https://www.rekihaku.ac.jp/exhibitions/room2/
日本史段階別デッキ｜Deck 1｜日本史の最重要骨格400語,JH-000022,22,Deck 1｜骨格・基礎,制度・政策・法律,守護,しゅご,,中世,日本全国,各国,鎌倉時代〜室町時代,1185,JH-000022-B01,beginner,用語の特定,identify,鎌倉幕府が各国に置き、軍事・警察を担当させた地方職は？,守護,守護,,,,国立歴史民俗博物館「第2展示室 中世」,https://www.rekihaku.ac.jp/exhibitions/room2/
日本史段階別デッキ｜Deck 1｜日本史の最重要骨格400語,JH-000022,22,Deck 1｜骨格・基礎,制度・政策・法律,守護,しゅご,,中世,日本全国,各国,鎌倉時代〜室町時代,1185,JH-000022-B02,beginner,時期,time,守護が成立・実施されたのはいつ？,鎌倉時代〜室町時代,鎌倉時代〜室町時代,,,,国立歴史民俗博物館「第2展示室 中世」,https://www.rekihaku.ac.jp/exhibitions/room2/
日本史段階別デッキ｜Deck 1｜日本史の最重要骨格400語,JH-000022,22,Deck 1｜骨格・基礎,制度・政策・法律,守護,しゅご,,中世,日本全国,各国,鎌倉時代〜室町時代,1185,JH-000022-B03,beginner,地域,place,守護が置かれた行政単位は？,国,国,,,,国立歴史民俗博物館「第2展示室 中世」,https://www.rekihaku.ac.jp/exhibitions/room2/
日本史段階別デッキ｜Deck 1｜日本史の最重要骨格400語,JH-000022,22,Deck 1｜骨格・基礎,制度・政策・法律,守護,しゅご,,中世,日本全国,各国,鎌倉時代〜室町時代,1185,JH-000022-R01,reverse,時期,time,成立・実施されたのはいつ？,**鎌倉時代〜室町時代**,鎌倉時代〜室町時代,,,,国立歴史民俗博物館「第2展示室 中世」,https://www.rekihaku.ac.jp/exhibitions/room2/
日本史段階別デッキ｜Deck 1｜日本史の最重要骨格400語,JH-000022,22,Deck 1｜骨格・基礎,制度・政策・法律,守護,しゅご,,中世,日本全国,各国,鎌倉時代〜室町時代,1185,JH-000022-R02,reverse,複合説明,reverse,どんな制度・政策・法律？,鎌倉幕府が**各国**に置き、御家人の統率、謀反人・殺害人の逮捕、大番催促などを担わせた軍事・警察職。,各国|軍事・警察|大番催促|御家人|守護大名,,,,国立歴史民俗博物館「第2展示室 中世」,https://www.rekihaku.ac.jp/exhibitions/room2/
日本史段階別デッキ｜Deck 1｜日本史の最重要骨格400語,JH-000022,22,Deck 1｜骨格・基礎,制度・政策・法律,守護,しゅご,,中世,日本全国,各国,鎌倉時代〜室町時代,1185,JH-000022-R03,reverse,結果・関連,reverse,何につながった・どんな意味があった？,室町時代には権限を拡大して領国支配を進め、**守護大名**へ成長した。,各国|軍事・警察|大番催促|御家人|守護大名,,,,国立歴史民俗博物館「第2展示室 中世」,https://www.rekihaku.ac.jp/exhibitions/room2/
日本史段階別デッキ｜Deck 1｜日本史の最重要骨格400語,JH-000022,22,Deck 1｜骨格・基礎,制度・政策・法律,守護,しゅご,,中世,日本全国,各国,鎌倉時代〜室町時代,1185,JH-000022-I01,integrated,統合説明,integrated,「守護」について説明せよ。,鎌倉時代〜室町時代、各国を主な舞台として、鎌倉幕府が**各国**に置き、御家人の統率、謀反人・殺害人の逮捕、大番催促などを担わせた軍事・警察職。 室町時代には権限を拡大して領国支配を進め、**守護大名**へ成長した。,各国|軍事・警察|大番催促|御家人|守護大名,,,,国立歴史民俗博物館「第2展示室 中世」,https://www.rekihaku.ac.jp/exhibitions/room2/
日本史段階別デッキ｜Deck 1｜日本史の最重要骨格400語,JH-000023,23,Deck 1｜骨格・基礎,制度・政策・法律,地頭,じとう,,中世,日本全国,荘園・公領,鎌倉時代〜室町時代,1185,JH-000023-B01,beginner,用語の特定,identify,鎌倉幕府が荘園・公領に置き、年貢徴収・土地管理・治安維持を担わせた職は？,地頭,地頭,,,,国立歴史民俗博物館「第2展示室 中世」,https://www.rekihaku.ac.jp/exhibitions/room2/
日本史段階別デッキ｜Deck 1｜日本史の最重要骨格400語,JH-000023,23,Deck 1｜骨格・基礎,制度・政策・法律,地頭,じとう,,中世,日本全国,荘園・公領,鎌倉時代〜室町時代,1185,JH-000023-B02,beginner,時期,time,地頭が成立・実施されたのはいつ？,鎌倉時代〜室町時代,鎌倉時代〜室町時代,,,,国立歴史民俗博物館「第2展示室 中世」,https://www.rekihaku.ac.jp/exhibitions/room2/
日本史段階別デッキ｜Deck 1｜日本史の最重要骨格400語,JH-000023,23,Deck 1｜骨格・基礎,制度・政策・法律,地頭,じとう,,中世,日本全国,荘園・公領,鎌倉時代〜室町時代,1185,JH-000023-B03,beginner,地域,place,地頭が置かれた土地は？,荘園・公領,荘園・公領,,,,国立歴史民俗博物館「第2展示室 中世」,https://www.rekihaku.ac.jp/exhibitions/room2/
日本史段階別デッキ｜Deck 1｜日本史の最重要骨格400語,JH-000023,23,Deck 1｜骨格・基礎,制度・政策・法律,地頭,じとう,,中世,日本全国,荘園・公領,鎌倉時代〜室町時代,1185,JH-000023-R01,reverse,時期,time,成立・実施されたのはいつ？,**鎌倉時代〜室町時代**,鎌倉時代〜室町時代,,,,国立歴史民俗博物館「第2展示室 中世」,https://www.rekihaku.ac.jp/exhibitions/room2/
日本史段階別デッキ｜Deck 1｜日本史の最重要骨格400語,JH-000023,23,Deck 1｜骨格・基礎,制度・政策・法律,地頭,じとう,,中世,日本全国,荘園・公領,鎌倉時代〜室町時代,1185,JH-000023-R02,reverse,複合説明,reverse,どんな制度・政策・法律？,鎌倉幕府が**荘園・公領**に置き、年貢徴収・土地管理・治安維持を担わせた御家人の職。,荘園・公領|年貢徴収|土地管理|御家人|武士の土地支配,,,,国立歴史民俗博物館「第2展示室 中世」,https://www.rekihaku.ac.jp/exhibitions/room2/
日本史段階別デッキ｜Deck 1｜日本史の最重要骨格400語,JH-000023,23,Deck 1｜骨格・基礎,制度・政策・法律,地頭,じとう,,中世,日本全国,荘園・公領,鎌倉時代〜室町時代,1185,JH-000023-R03,reverse,結果・関連,reverse,何につながった・どんな意味があった？,荘園領主や国司と争いながら現地支配を強め、**武士の土地支配**拡大につながった。,荘園・公領|年貢徴収|土地管理|御家人|武士の土地支配,,,,国立歴史民俗博物館「第2展示室 中世」,https://www.rekihaku.ac.jp/exhibitions/room2/
日本史段階別デッキ｜Deck 1｜日本史の最重要骨格400語,JH-000023,23,Deck 1｜骨格・基礎,制度・政策・法律,地頭,じとう,,中世,日本全国,荘園・公領,鎌倉時代〜室町時代,1185,JH-000023-I01,integrated,統合説明,integrated,「地頭」について説明せよ。,鎌倉時代〜室町時代、荘園・公領を主な舞台として、鎌倉幕府が**荘園・公領**に置き、年貢徴収・土地管理・治安維持を担わせた御家人の職。 荘園領主や国司と争いながら現地支配を強め、**武士の土地支配**拡大につながった。,荘園・公領|年貢徴収|土地管理|御家人|武士の土地支配,,,,国立歴史民俗博物館「第2展示室 中世」,https://www.rekihaku.ac.jp/exhibitions/room2/
日本史段階別デッキ｜Deck 1｜日本史の最重要骨格400語,JH-000097,97,Deck 1｜骨格・基礎,戦争・争乱,壇ノ浦の戦い,だんのうらのたたかい,,古代,中国地方,長門国壇ノ浦,1185年,1185,JH-000097-B01,beginner,用語の特定,identify,源義経らの源氏軍が平氏を滅ぼした、源平合戦最後の海戦は？,壇ノ浦の戦い(だんのうらのたたかい),壇ノ浦の戦い,,,,東京大学史料編纂所,https://www.hi.u-tokyo.ac.jp/
日本史段階別デッキ｜Deck 1｜日本史の最重要骨格400語,JH-000097,97,Deck 1｜骨格・基礎,戦争・争乱,壇ノ浦の戦い,だんのうらのたたかい,,古代,中国地方,長門国壇ノ浦,1185年,1185,JH-000097-B02,beginner,時期,time,壇ノ浦の戦い(だんのうらのたたかい)が戦われたのはいつ？,1185年,1185年,,,1185年：「いい箱」（1185）へ沈む壇ノ浦の戦い,東京大学史料編纂所,https://www.hi.u-tokyo.ac.jp/
日本史段階別デッキ｜Deck 1｜日本史の最重要骨格400語,JH-000097,97,Deck 1｜骨格・基礎,戦争・争乱,壇ノ浦の戦い,だんのうらのたたかい,,古代,中国地方,長門国壇ノ浦,1185年,1185,JH-000097-B03,beginner,結果,result,壇ノ浦の戦い(だんのうらのたたかい)で滅亡した一族は？,平氏,平氏,,,,東京大学史料編纂所,https://www.hi.u-tokyo.ac.jp/
日本史段階別デッキ｜Deck 1｜日本史の最重要骨格400語,JH-000097,97,Deck 1｜骨格・基礎,戦争・争乱,壇ノ浦の戦い,だんのうらのたたかい,,古代,中国地方,長門国壇ノ浦,1185年,1185,JH-000097-R01,reverse,時期,time,戦われたのはいつ？,**1185年**,1185年,,,1185年：「いい箱」（1185）へ沈む壇ノ浦の戦い,東京大学史料編纂所,https://www.hi.u-tokyo.ac.jp/
日本史段階別デッキ｜Deck 1｜日本史の最重要骨格400語,JH-000097,97,Deck 1｜骨格・基礎,戦争・争乱,壇ノ浦の戦い,だんのうらのたたかい,,古代,中国地方,長門国壇ノ浦,1185年,1185,JH-000097-R02,reverse,複合説明,reverse,何が起きた？,長門国壇ノ浦の海上で、**源義経**らの源氏軍が平氏軍を破った源平合戦最後の戦い。,源義経|平氏|源頼朝|守護|地頭|鎌倉幕府,,,,東京大学史料編纂所,https://www.hi.u-tokyo.ac.jp/
日本史段階別デッキ｜Deck 1｜日本史の最重要骨格400語,JH-000097,97,Deck 1｜骨格・基礎,戦争・争乱,壇ノ浦の戦い,だんのうらのたたかい,,古代,中国地方,長門国壇ノ浦,1185年,1185,JH-000097-R03,reverse,結果・関連,reverse,何につながった・どんな意味があった？,**平氏**が滅亡し、源頼朝による守護・地頭設置と鎌倉幕府の全国支配が進む契機となった。,源義経|平氏|源頼朝|守護|地頭|鎌倉幕府,,,,東京大学史料編纂所,https://www.hi.u-tokyo.ac.jp/
日本史段階別デッキ｜Deck 1｜日本史の最重要骨格400語,JH-000097,97,Deck 1｜骨格・基礎,戦争・争乱,壇ノ浦の戦い,だんのうらのたたかい,,古代,中国地方,長門国壇ノ浦,1185年,1185,JH-000097-I01,integrated,統合説明,integrated,「壇ノ浦の戦い(だんのうらのたたかい)」について説明せよ。,1185年、長門国壇ノ浦を主な舞台として、長門国壇ノ浦の海上で、**源義経**らの源氏軍が平氏軍を破った源平合戦最後の戦い。 **平氏**が滅亡し、源頼朝による守護・地頭設置と鎌倉幕府の全国支配が進む契機となった。,源義経|平氏|源頼朝|守護|地頭|鎌倉幕府,,,1185年：「いい箱」（1185）へ沈む壇ノ浦の戦い,東京大学史料編纂所,https://www.hi.u-tokyo.ac.jp/
日本史段階別デッキ｜Deck 1｜日本史の最重要骨格400語,JH-000319,319,Deck 1｜骨格・基礎,制度・政策・法律,政所,まんどころ,,中世,関東,鎌倉幕府,鎌倉時代,1191,JH-000319-B01,beginner,用語の特定,identify,鎌倉幕府で一般政務と財政を担当した機関は？,政所,政所,,,,国立歴史民俗博物館「第2展示室 中世」,https://www.rekihaku.ac.jp/exhibitions/room2/
日本史段階別デッキ｜Deck 1｜日本史の最重要骨格400語,JH-000319,319,Deck 1｜骨格・基礎,制度・政策・法律,政所,まんどころ,,中世,関東,鎌倉幕府,鎌倉時代,1191,JH-000319-B02,beginner,時期,time,政所が成立・実施されたのはいつ？,鎌倉時代,鎌倉時代,,,,国立歴史民俗博物館「第2展示室 中世」,https://www.rekihaku.ac.jp/exhibitions/room2/
日本史段階別デッキ｜Deck 1｜日本史の最重要骨格400語,JH-000319,319,Deck 1｜骨格・基礎,制度・政策・法律,政所,まんどころ,,中世,関東,鎌倉幕府,鎌倉時代,1191,JH-000319-B03,beginner,内容,content,政所が担当した二つの主な分野は？,一般政務と財政,一般政務と財政,,,,国立歴史民俗博物館「第2展示室 中世」,https://www.rekihaku.ac.jp/exhibitions/room2/
日本史段階別デッキ｜Deck 1｜日本史の最重要骨格400語,JH-000319,319,Deck 1｜骨格・基礎,制度・政策・法律,政所,まんどころ,,中世,関東,鎌倉幕府,鎌倉時代,1191,JH-000319-R01,reverse,時期,time,成立・実施されたのはいつ？,**鎌倉時代**,鎌倉時代,,,,国立歴史民俗博物館「第2展示室 中世」,https://www.rekihaku.ac.jp/exhibitions/room2/
日本史段階別デッキ｜Deck 1｜日本史の最重要骨格400語,JH-000319,319,Deck 1｜骨格・基礎,制度・政策・法律,政所,まんどころ,,中世,関東,鎌倉幕府,鎌倉時代,1191,JH-000319-R02,reverse,複合説明,reverse,どんな制度・政策・法律？,鎌倉幕府で**一般政務**と財政を担当した中央機関。,一般政務|財政|侍所|問注所|執権政治,,,,国立歴史民俗博物館「第2展示室 中世」,https://www.rekihaku.ac.jp/exhibitions/room2/
日本史段階別デッキ｜Deck 1｜日本史の最重要骨格400語,JH-000319,319,Deck 1｜骨格・基礎,制度・政策・法律,政所,まんどころ,,中世,関東,鎌倉幕府,鎌倉時代,1191,JH-000319-R03,reverse,結果・関連,reverse,何につながった・どんな意味があった？,**侍所**・問注所(もんちゅうじょ)と分担して幕府行政を支え、執権政治のもとでも重要な役割を担った。,一般政務|財政|侍所|問注所|執権政治,,,,国立歴史民俗博物館「第2展示室 中世」,https://www.rekihaku.ac.jp/exhibitions/room2/
日本史段階別デッキ｜Deck 1｜日本史の最重要骨格400語,JH-000319,319,Deck 1｜骨格・基礎,制度・政策・法律,政所,まんどころ,,中世,関東,鎌倉幕府,鎌倉時代,1191,JH-000319-I01,integrated,統合説明,integrated,「政所」について説明せよ。,鎌倉時代、鎌倉幕府を主な舞台として、鎌倉幕府で**一般政務**と財政を担当した中央機関。 **侍所**・問注所(もんちゅうじょ)と分担して幕府行政を支え、執権政治のもとでも重要な役割を担った。,一般政務|財政|侍所|問注所|執権政治,,,,国立歴史民俗博物館「第2展示室 中世」,https://www.rekihaku.ac.jp/exhibitions/room2/
日本史段階別デッキ｜Deck 1｜日本史の最重要骨格400語,JH-000343,343,Deck 1｜骨格・基礎,人物,栄西,えいさい,,中世,日本全国,京都・鎌倉,鎌倉時代初期,1191,JH-000343-B01,beginner,用語の特定,identify,宋から禅を伝えて臨済宗(りんざいしゅう)を広め、『喫茶養生記』を著した僧は？,栄西(えいさい),栄西,,,,国立歴史民俗博物館「第2展示室 中世」,https://www.rekihaku.ac.jp/exhibitions/room2/
日本史段階別デッキ｜Deck 1｜日本史の最重要骨格400語,JH-000343,343,Deck 1｜骨格・基礎,人物,栄西,えいさい,,中世,日本全国,京都・鎌倉,鎌倉時代初期,1191,JH-000343-B02,beginner,時期,time,栄西(えいさい)が主に活動したのはいつ？,鎌倉時代初期,鎌倉時代初期,,,,国立歴史民俗博物館「第2展示室 中世」,https://www.rekihaku.ac.jp/exhibitions/room2/
日本史段階別デッキ｜Deck 1｜日本史の最重要骨格400語,JH-000343,343,Deck 1｜骨格・基礎,人物,栄西,えいさい,,中世,日本全国,京都・鎌倉,鎌倉時代初期,1191,JH-000343-B03,beginner,宗教,content,栄西(えいさい)が日本に広めた禅宗は？,臨済宗(りんざいしゅう),臨済宗,,,,国立歴史民俗博物館「第2展示室 中世」,https://www.rekihaku.ac.jp/exhibitions/room2/
日本史段階別デッキ｜Deck 1｜日本史の最重要骨格400語,JH-000343,343,Deck 1｜骨格・基礎,人物,栄西,えいさい,,中世,日本全国,京都・鎌倉,鎌倉時代初期,1191,JH-000343-R01,reverse,時期,time,主に活動したのはいつ？,**鎌倉時代初期**,鎌倉時代初期,,,,国立歴史民俗博物館「第2展示室 中世」,https://www.rekihaku.ac.jp/exhibitions/room2/
日本史段階別デッキ｜Deck 1｜日本史の最重要骨格400語,JH-000343,343,Deck 1｜骨格・基礎,人物,栄西,えいさい,,中世,日本全国,京都・鎌倉,鎌倉時代初期,1191,JH-000343-R02,reverse,複合説明,reverse,何をした？,宋で学んだ禅を日本へ伝え、京都・鎌倉で**臨済宗(りんざいしゅう)**を広め、『喫茶養生記』を著した僧。,臨済宗|宋|喫茶養生記|禅|武家社会,,,,国立歴史民俗博物館「第2展示室 中世」,https://www.rekihaku.ac.jp/exhibitions/room2/
日本史段階別デッキ｜Deck 1｜日本史の最重要骨格400語,JH-000343,343,Deck 1｜骨格・基礎,人物,栄西,えいさい,,中世,日本全国,京都・鎌倉,鎌倉時代初期,1191,JH-000343-R03,reverse,結果・関連,reverse,何につながった・どんな意味があった？,**禅**を武家社会へ定着させ、鎌倉幕府の保護を受ける禅宗文化の基礎を築いた。,臨済宗|宋|喫茶養生記|禅|武家社会,,,,国立歴史民俗博物館「第2展示室 中世」,https://www.rekihaku.ac.jp/exhibitions/room2/
日本史段階別デッキ｜Deck 1｜日本史の最重要骨格400語,JH-000343,343,Deck 1｜骨格・基礎,人物,栄西,えいさい,,中世,日本全国,京都・鎌倉,鎌倉時代初期,1191,JH-000343-I01,integrated,統合説明,integrated,「栄西(えいさい)」について説明せよ。,鎌倉時代初期、京都・鎌倉を主な舞台として、宋で学んだ禅を日本へ伝え、京都・鎌倉で**臨済宗(りんざいしゅう)**を広め、『喫茶養生記』を著した僧。 **禅**を武家社会へ定着させ、鎌倉幕府の保護を受ける禅宗文化の基礎を築いた。,臨済宗|宋|喫茶養生記|禅|武家社会,,,,国立歴史民俗博物館「第2展示室 中世」,https://www.rekihaku.ac.jp/exhibitions/room2/
日本史段階別デッキ｜Deck 1｜日本史の最重要骨格400語,JH-000363,363,Deck 1｜骨格・基礎,宗教・宗派,臨済宗,りんざいしゅう,,中世,日本全国,京都・鎌倉を中心に全国,鎌倉時代以後,1191,JH-000363-B01,beginner,用語の特定,identify,栄西(えいさい)が宋から伝え、坐禅と公案を重んじて武士の支持を受けた禅宗の一派は？,臨済宗(りんざいしゅう),臨済宗,,,,国立歴史民俗博物館「第2展示室 中世」,https://www.rekihaku.ac.jp/exhibitions/room2/
日本史段階別デッキ｜Deck 1｜日本史の最重要骨格400語,JH-000363,363,Deck 1｜骨格・基礎,宗教・宗派,臨済宗,りんざいしゅう,,中世,日本全国,京都・鎌倉を中心に全国,鎌倉時代以後,1191,JH-000363-B02,beginner,時期,time,臨済宗(りんざいしゅう)が成立・広まったのはいつ？,鎌倉時代以後,鎌倉時代以後,,,,国立歴史民俗博物館「第2展示室 中世」,https://www.rekihaku.ac.jp/exhibitions/room2/
日本史段階別デッキ｜Deck 1｜日本史の最重要骨格400語,JH-000363,363,Deck 1｜骨格・基礎,宗教・宗派,臨済宗,りんざいしゅう,,中世,日本全国,京都・鎌倉を中心に全国,鎌倉時代以後,1191,JH-000363-B03,beginner,人物,person,臨済宗(りんざいしゅう)を日本に広めた僧は？,栄西(えいさい),栄西,,,,国立歴史民俗博物館「第2展示室 中世」,https://www.rekihaku.ac.jp/exhibitions/room2/
日本史段階別デッキ｜Deck 1｜日本史の最重要骨格400語,JH-000363,363,Deck 1｜骨格・基礎,宗教・宗派,臨済宗,りんざいしゅう,,中世,日本全国,京都・鎌倉を中心に全国,鎌倉時代以後,1191,JH-000363-R01,reverse,時期,time,成立・広まったのはいつ？,**鎌倉時代以後**,鎌倉時代以後,,,,国立歴史民俗博物館「第2展示室 中世」,https://www.rekihaku.ac.jp/exhibitions/room2/
日本史段階別デッキ｜Deck 1｜日本史の最重要骨格400語,JH-000363,363,Deck 1｜骨格・基礎,宗教・宗派,臨済宗,りんざいしゅう,,中世,日本全国,京都・鎌倉を中心に全国,鎌倉時代以後,1191,JH-000363-R02,reverse,複合説明,reverse,どんな宗教・教え？,栄西(えいさい)が宋から伝え、京都・鎌倉を中心に**坐禅**と公案による修行を重んじた禅宗の一派。,栄西|坐禅|公案|五山制度|武士,,,,国立歴史民俗博物館「第2展示室 中世」,https://www.rekihaku.ac.jp/exhibitions/room2/
日本史段階別デッキ｜Deck 1｜日本史の最重要骨格400語,JH-000363,363,Deck 1｜骨格・基礎,宗教・宗派,臨済宗,りんざいしゅう,,中世,日本全国,京都・鎌倉を中心に全国,鎌倉時代以後,1191,JH-000363-R03,reverse,結果・関連,reverse,何につながった・どんな意味があった？,幕府や武士の保護を受け、**五山制度**や中世の禅宗文化の発展につながった。,栄西|坐禅|公案|五山制度|武士,,,,国立歴史民俗博物館「第2展示室 中世」,https://www.rekihaku.ac.jp/exhibitions/room2/
日本史段階別デッキ｜Deck 1｜日本史の最重要骨格400語,JH-000363,363,Deck 1｜骨格・基礎,宗教・宗派,臨済宗,りんざいしゅう,,中世,日本全国,京都・鎌倉を中心に全国,鎌倉時代以後,1191,JH-000363-I01,integrated,統合説明,integrated,「臨済宗(りんざいしゅう)」について説明せよ。,鎌倉時代以後、京都・鎌倉を中心に全国を主な舞台として、栄西(えいさい)が宋から伝え、京都・鎌倉を中心に**坐禅**と公案による修行を重んじた禅宗の一派。 幕府や武士の保護を受け、**五山制度**や中世の禅宗文化の発展につながった。,栄西|坐禅|公案|五山制度|武士,,,,国立歴史民俗博物館「第2展示室 中世」,https://www.rekihaku.ac.jp/exhibitions/room2/
日本史段階別デッキ｜Deck 1｜日本史の最重要骨格400語,JH-000101,101,Deck 1｜骨格・基礎,宗教・宗派,鎌倉新仏教,かまくらしんぶっきょう,,中世,日本全国,京都・鎌倉から全国,鎌倉時代,1200,JH-000101-B01,beginner,用語の特定,identify,法然・親鸞・一遍(いっぺん)・栄西(えいさい)・道元(どうげん)・日蓮(にちれん)らが広めた、救済方法を明確にした新しい仏教の総称は？,鎌倉新仏教,鎌倉新仏教,,,,国立歴史民俗博物館「第2展示室 中世」,https://www.rekihaku.ac.jp/exhibitions/room2/
日本史段階別デッキ｜Deck 1｜日本史の最重要骨格400語,JH-000101,101,Deck 1｜骨格・基礎,宗教・宗派,鎌倉新仏教,かまくらしんぶっきょう,,中世,日本全国,京都・鎌倉から全国,鎌倉時代,1200,JH-000101-B02,beginner,時期,time,鎌倉新仏教が広がったのはいつ？,鎌倉時代,鎌倉時代,,,,国立歴史民俗博物館「第2展示室 中世」,https://www.rekihaku.ac.jp/exhibitions/room2/
日本史段階別デッキ｜Deck 1｜日本史の最重要骨格400語,JH-000101,101,Deck 1｜骨格・基礎,宗教・宗派,鎌倉新仏教,かまくらしんぶっきょう,,中世,日本全国,京都・鎌倉から全国,鎌倉時代,1200,JH-000101-B03,beginner,人物,person,鎌倉新仏教を担った代表的な六人のうち、念仏を説いた人物を一人挙げると？,法然,法然,,,,国立歴史民俗博物館「第2展示室 中世」,https://www.rekihaku.ac.jp/exhibitions/room2/
日本史段階別デッキ｜Deck 1｜日本史の最重要骨格400語,JH-000101,101,Deck 1｜骨格・基礎,宗教・宗派,鎌倉新仏教,かまくらしんぶっきょう,,中世,日本全国,京都・鎌倉から全国,鎌倉時代,1200,JH-000101-R01,reverse,時期,time,広がったのはいつ？,**鎌倉時代**,鎌倉時代,,,,国立歴史民俗博物館「第2展示室 中世」,https://www.rekihaku.ac.jp/exhibitions/room2/
日本史段階別デッキ｜Deck 1｜日本史の最重要骨格400語,JH-000101,101,Deck 1｜骨格・基礎,宗教・宗派,鎌倉新仏教,かまくらしんぶっきょう,,中世,日本全国,京都・鎌倉から全国,鎌倉時代,1200,JH-000101-R02,reverse,複合説明,reverse,どんな宗教・教え？,京都・鎌倉から全国へ、末法の世の救いを求めて**法然**・親鸞・一遍(いっぺん)・栄西(えいさい)・道元(どうげん)・日蓮(にちれん)らが広めた仏教。,法然|親鸞|一遍|栄西|道元|日蓮|念仏|坐禅|題目,,,,国立歴史民俗博物館「第2展示室 中世」,https://www.rekihaku.ac.jp/exhibitions/room2/
日本史段階別デッキ｜Deck 1｜日本史の最重要骨格400語,JH-000101,101,Deck 1｜骨格・基礎,宗教・宗派,鎌倉新仏教,かまくらしんぶっきょう,,中世,日本全国,京都・鎌倉から全国,鎌倉時代,1200,JH-000101-R03,reverse,結果・関連,reverse,何につながった・どんな意味があった？,**念仏**・坐禅・題目など実践を明確にし、武士や民衆へ信仰を広げて中世社会を変えた。,法然|親鸞|一遍|栄西|道元|日蓮|念仏|坐禅|題目,,,,国立歴史民俗博物館「第2展示室 中世」,https://www.rekihaku.ac.jp/exhibitions/room2/
日本史段階別デッキ｜Deck 1｜日本史の最重要骨格400語,JH-000101,101,Deck 1｜骨格・基礎,宗教・宗派,鎌倉新仏教,かまくらしんぶっきょう,,中世,日本全国,京都・鎌倉から全国,鎌倉時代,1200,JH-000101-I01,integrated,統合説明,integrated,「鎌倉新仏教」について説明せよ。,鎌倉時代、京都・鎌倉から全国を主な舞台として、京都・鎌倉から全国へ、末法の世の救いを求めて**法然**・親鸞・一遍(いっぺん)・栄西(えいさい)・道元(どうげん)・日蓮(にちれん)らが広めた仏教。 **念仏**・坐禅・題目など実践を明確にし、武士や民衆へ信仰を広げて中世社会を変えた。,法然|親鸞|一遍|栄西|道元|日蓮|念仏|坐禅|題目,,,,国立歴史民俗博物館「第2展示室 中世」,https://www.rekihaku.ac.jp/exhibitions/room2/
日本史段階別デッキ｜Deck 1｜日本史の最重要骨格400語,JH-000188,188,Deck 1｜骨格・基礎,制度・政策・法律,執権,しっけん,,中世,関東,鎌倉幕府,鎌倉時代,1200,JH-000188-B01,beginner,用語の特定,identify,鎌倉幕府で将軍を補佐し、北条氏が世襲して実権を握った役職は？,執権,執権,,,,国立歴史民俗博物館「第2展示室 中世」,https://www.rekihaku.ac.jp/exhibitions/room2/
日本史段階別デッキ｜Deck 1｜日本史の最重要骨格400語,JH-000188,188,Deck 1｜骨格・基礎,制度・政策・法律,執権,しっけん,,中世,関東,鎌倉幕府,鎌倉時代,1200,JH-000188-B02,beginner,時期,time,執権が成立・実施されたのはいつ？,鎌倉時代,鎌倉時代,,,,国立歴史民俗博物館「第2展示室 中世」,https://www.rekihaku.ac.jp/exhibitions/room2/
日本史段階別デッキ｜Deck 1｜日本史の最重要骨格400語,JH-000188,188,Deck 1｜骨格・基礎,制度・政策・法律,執権,しっけん,,中世,関東,鎌倉幕府,鎌倉時代,1200,JH-000188-B03,beginner,関係勢力,actor,執権を世襲した一族は？,北条氏,北条氏,,,,国立歴史民俗博物館「第2展示室 中世」,https://www.rekihaku.ac.jp/exhibitions/room2/
日本史段階別デッキ｜Deck 1｜日本史の最重要骨格400語,JH-000188,188,Deck 1｜骨格・基礎,制度・政策・法律,執権,しっけん,,中世,関東,鎌倉幕府,鎌倉時代,1200,JH-000188-R01,reverse,時期,time,成立・実施されたのはいつ？,**鎌倉時代**,鎌倉時代,,,,国立歴史民俗博物館「第2展示室 中世」,https://www.rekihaku.ac.jp/exhibitions/room2/
日本史段階別デッキ｜Deck 1｜日本史の最重要骨格400語,JH-000188,188,Deck 1｜骨格・基礎,制度・政策・法律,執権,しっけん,,中世,関東,鎌倉幕府,鎌倉時代,1200,JH-000188-R02,reverse,複合説明,reverse,どんな制度・政策・法律？,鎌倉幕府で将軍を補佐する役職で、**北条氏**が世襲して政所・侍所などを統括した。,北条氏|将軍補佐|政所|侍所|執権政治,,,,国立歴史民俗博物館「第2展示室 中世」,https://www.rekihaku.ac.jp/exhibitions/room2/
日本史段階別デッキ｜Deck 1｜日本史の最重要骨格400語,JH-000188,188,Deck 1｜骨格・基礎,制度・政策・法律,執権,しっけん,,中世,関東,鎌倉幕府,鎌倉時代,1200,JH-000188-R03,reverse,結果・関連,reverse,何につながった・どんな意味があった？,将軍権力が弱まると実質的な最高権力となり、**執権政治**を形成した。,北条氏|将軍補佐|政所|侍所|執権政治,,,,国立歴史民俗博物館「第2展示室 中世」,https://www.rekihaku.ac.jp/exhibitions/room2/
日本史段階別デッキ｜Deck 1｜日本史の最重要骨格400語,JH-000188,188,Deck 1｜骨格・基礎,制度・政策・法律,執権,しっけん,,中世,関東,鎌倉幕府,鎌倉時代,1200,JH-000188-I01,integrated,統合説明,integrated,「執権」について説明せよ。,鎌倉時代、鎌倉幕府を主な舞台として、鎌倉幕府で将軍を補佐する役職で、**北条氏**が世襲して政所・侍所などを統括した。 将軍権力が弱まると実質的な最高権力となり、**執権政治**を形成した。,北条氏|将軍補佐|政所|侍所|執権政治,,,,国立歴史民俗博物館「第2展示室 中世」,https://www.rekihaku.ac.jp/exhibitions/room2/
日本史段階別デッキ｜Deck 1｜日本史の最重要骨格400語,JH-000288,288,Deck 1｜骨格・基礎,文化・技術・学問,鎌倉文化,かまくらぶんか,,中世,日本全国,鎌倉・京都・奈良,鎌倉時代,1200,JH-000288-B01,beginner,用語の特定,identify,武士の気風、宋文化、新仏教の影響を受け、写実的な彫刻や軍記物語が発達した文化は？,鎌倉文化,鎌倉文化,,,,文化庁「文化遺産オンライン」,https://online.bunka.go.jp/
日本史段階別デッキ｜Deck 1｜日本史の最重要骨格400語,JH-000288,288,Deck 1｜骨格・基礎,文化・技術・学問,鎌倉文化,かまくらぶんか,,中世,日本全国,鎌倉・京都・奈良,鎌倉時代,1200,JH-000288-B02,beginner,時期,time,鎌倉文化が成立・発達したのはいつ？,鎌倉時代,鎌倉時代,,,,文化庁「文化遺産オンライン」,https://online.bunka.go.jp/
日本史段階別デッキ｜Deck 1｜日本史の最重要骨格400語,JH-000288,288,Deck 1｜骨格・基礎,文化・技術・学問,鎌倉文化,かまくらぶんか,,中世,日本全国,鎌倉・京都・奈良,鎌倉時代,1200,JH-000288-B03,beginner,内容,content,鎌倉文化の代表的な彫刻様式は？,力強く写実的な彫刻,力強く写実的な彫刻,,,,文化庁「文化遺産オンライン」,https://online.bunka.go.jp/
日本史段階別デッキ｜Deck 1｜日本史の最重要骨格400語,JH-000288,288,Deck 1｜骨格・基礎,文化・技術・学問,鎌倉文化,かまくらぶんか,,中世,日本全国,鎌倉・京都・奈良,鎌倉時代,1200,JH-000288-R01,reverse,時期,time,成立・発達したのはいつ？,**鎌倉時代**,鎌倉時代,,,,文化庁「文化遺産オンライン」,https://online.bunka.go.jp/
日本史段階別デッキ｜Deck 1｜日本史の最重要骨格400語,JH-000288,288,Deck 1｜骨格・基礎,文化・技術・学問,鎌倉文化,かまくらぶんか,,中世,日本全国,鎌倉・京都・奈良,鎌倉時代,1200,JH-000288-R02,reverse,複合説明,reverse,どんな文化・技術・学問？,鎌倉・京都・奈良を中心に、武士の気風、宋文化、**鎌倉新仏教**の影響を受けて発達した文化。,武士|宋文化|鎌倉新仏教|運慶・快慶|軍記物語|禅宗,,,,文化庁「文化遺産オンライン」,https://online.bunka.go.jp/
日本史段階別デッキ｜Deck 1｜日本史の最重要骨格400語,JH-000288,288,Deck 1｜骨格・基礎,文化・技術・学問,鎌倉文化,かまくらぶんか,,中世,日本全国,鎌倉・京都・奈良,鎌倉時代,1200,JH-000288-R03,reverse,結果・関連,reverse,何につながった・どんな意味があった？,**運慶(うんけい)・快慶(かいけい)**の写実的彫刻、軍記物語、禅宗文化などに、力強さと現実性が表れた。,武士|宋文化|鎌倉新仏教|運慶・快慶|軍記物語|禅宗,,,,文化庁「文化遺産オンライン」,https://online.bunka.go.jp/
日本史段階別デッキ｜Deck 1｜日本史の最重要骨格400語,JH-000288,288,Deck 1｜骨格・基礎,文化・技術・学問,鎌倉文化,かまくらぶんか,,中世,日本全国,鎌倉・京都・奈良,鎌倉時代,1200,JH-000288-I01,integrated,統合説明,integrated,「鎌倉文化」について説明せよ。,鎌倉時代、鎌倉・京都・奈良を主な舞台として、鎌倉・京都・奈良を中心に、武士の気風、宋文化、**鎌倉新仏教**の影響を受けて発達した文化。 **運慶(うんけい)・快慶(かいけい)**の写実的彫刻、軍記物語、禅宗文化などに、力強さと現実性が表れた。,武士|宋文化|鎌倉新仏教|運慶・快慶|軍記物語|禅宗,,,,文化庁「文化遺産オンライン」,https://online.bunka.go.jp/
日本史段階別デッキ｜Deck 1｜日本史の最重要骨格400語,JH-000381,381,Deck 1｜骨格・基礎,文学・美術・建築,金剛力士像,こんごうりきしぞう,,中世,近畿,奈良・東大寺南大門,鎌倉時代初期,1203,JH-000381-B01,beginner,用語の特定,identify,運慶(うんけい)・快慶(かいけい)らが造った、東大寺南大門の写実的で力強い一対の仏像は？,金剛力士像(こんごうりきしぞう),金剛力士像,,,,文化庁「文化遺産オンライン」,https://online.bunka.go.jp/
日本史段階別デッキ｜Deck 1｜日本史の最重要骨格400語,JH-000381,381,Deck 1｜骨格・基礎,文学・美術・建築,金剛力士像,こんごうりきしぞう,,中世,近畿,奈良・東大寺南大門,鎌倉時代初期,1203,JH-000381-B02,beginner,時期,time,金剛力士像(こんごうりきしぞう)が成立・制作されたのはいつ？,鎌倉時代初期,鎌倉時代初期,,,,文化庁「文化遺産オンライン」,https://online.bunka.go.jp/
日本史段階別デッキ｜Deck 1｜日本史の最重要骨格400語,JH-000381,381,Deck 1｜骨格・基礎,文学・美術・建築,金剛力士像,こんごうりきしぞう,,中世,近畿,奈良・東大寺南大門,鎌倉時代初期,1203,JH-000381-B03,beginner,人物,person,金剛力士像(こんごうりきしぞう)の造立を担った代表的な仏師二人は？,運慶(うんけい)・快慶(かいけい),運慶・快慶,,,,文化庁「文化遺産オンライン」,https://online.bunka.go.jp/
日本史段階別デッキ｜Deck 1｜日本史の最重要骨格400語,JH-000381,381,Deck 1｜骨格・基礎,文学・美術・建築,金剛力士像,こんごうりきしぞう,,中世,近畿,奈良・東大寺南大門,鎌倉時代初期,1203,JH-000381-R01,reverse,時期,time,成立・制作されたのはいつ？,**鎌倉時代初期**,鎌倉時代初期,,,,文化庁「文化遺産オンライン」,https://online.bunka.go.jp/
日本史段階別デッキ｜Deck 1｜日本史の最重要骨格400語,JH-000381,381,Deck 1｜骨格・基礎,文学・美術・建築,金剛力士像,こんごうりきしぞう,,中世,近畿,奈良・東大寺南大門,鎌倉時代初期,1203,JH-000381-R02,reverse,複合説明,reverse,どのような作品・様式？,奈良の**東大寺南大門**に安置された一対の木像で、運慶(うんけい)・快慶(かいけい)ら慶派(けいは)仏師による力強く写実的な表現を示す。,東大寺南大門|運慶|快慶|慶派|鎌倉彫刻,,,,文化庁「文化遺産オンライン」,https://online.bunka.go.jp/
日本史段階別デッキ｜Deck 1｜日本史の最重要骨格400語,JH-000381,381,Deck 1｜骨格・基礎,文学・美術・建築,金剛力士像,こんごうりきしぞう,,中世,近畿,奈良・東大寺南大門,鎌倉時代初期,1203,JH-000381-R03,reverse,結果・関連,reverse,何につながった・どんな意味があった？,武士の時代にふさわしい鎌倉彫刻の代表作となり、**慶派(けいは)**の写実様式を象徴した。,東大寺南大門|運慶|快慶|慶派|鎌倉彫刻,,,,文化庁「文化遺産オンライン」,https://online.bunka.go.jp/
日本史段階別デッキ｜Deck 1｜日本史の最重要骨格400語,JH-000381,381,Deck 1｜骨格・基礎,文学・美術・建築,金剛力士像,こんごうりきしぞう,,中世,近畿,奈良・東大寺南大門,鎌倉時代初期,1203,JH-000381-I01,integrated,統合説明,integrated,「金剛力士像(こんごうりきしぞう)」について説明せよ。,鎌倉時代初期、奈良・東大寺南大門を主な舞台として、奈良の**東大寺南大門**に安置された一対の木像で、運慶(うんけい)・快慶(かいけい)ら慶派(けいは)仏師による力強く写実的な表現を示す。 武士の時代にふさわしい鎌倉彫刻の代表作となり、**慶派(けいは)**の写実様式を象徴した。,東大寺南大門|運慶|快慶|慶派|鎌倉彫刻,,,,文化庁「文化遺産オンライン」,https://online.bunka.go.jp/
日本史段階別デッキ｜Deck 1｜日本史の最重要骨格400語,JH-000382,382,Deck 1｜骨格・基礎,文学・美術・建築,新古今和歌集,しんこきんわかしゅう,,中世,近畿,京都の朝廷,鎌倉時代初期,1205,JH-000382-B01,beginner,用語の特定,identify,後鳥羽上皇の命で藤原定家(ふじわらのていか)らが編んだ勅撰和歌集は？,新古今和歌集,新古今和歌集,,,,文化庁「文化遺産オンライン」,https://online.bunka.go.jp/
日本史段階別デッキ｜Deck 1｜日本史の最重要骨格400語,JH-000382,382,Deck 1｜骨格・基礎,文学・美術・建築,新古今和歌集,しんこきんわかしゅう,,中世,近畿,京都の朝廷,鎌倉時代初期,1205,JH-000382-B02,beginner,時期,time,新古今和歌集が成立・制作されたのはいつ？,鎌倉時代初期,鎌倉時代初期,,,,文化庁「文化遺産オンライン」,https://online.bunka.go.jp/
日本史段階別デッキ｜Deck 1｜日本史の最重要骨格400語,JH-000382,382,Deck 1｜骨格・基礎,文学・美術・建築,新古今和歌集,しんこきんわかしゅう,,中世,近畿,京都の朝廷,鎌倉時代初期,1205,JH-000382-B03,beginner,人物,person,新古今和歌集の編纂を命じた上皇は？,後鳥羽上皇,後鳥羽上皇,,,,文化庁「文化遺産オンライン」,https://online.bunka.go.jp/
日本史段階別デッキ｜Deck 1｜日本史の最重要骨格400語,JH-000382,382,Deck 1｜骨格・基礎,文学・美術・建築,新古今和歌集,しんこきんわかしゅう,,中世,近畿,京都の朝廷,鎌倉時代初期,1205,JH-000382-R01,reverse,時期,time,成立・制作されたのはいつ？,**鎌倉時代初期**,鎌倉時代初期,,,,文化庁「文化遺産オンライン」,https://online.bunka.go.jp/
日本史段階別デッキ｜Deck 1｜日本史の最重要骨格400語,JH-000382,382,Deck 1｜骨格・基礎,文学・美術・建築,新古今和歌集,しんこきんわかしゅう,,中世,近畿,京都の朝廷,鎌倉時代初期,1205,JH-000382-R02,reverse,複合説明,reverse,どのような作品・様式？,京都の朝廷で**後鳥羽上皇**の命により藤原定家(ふじわらのていか)らが編纂した勅撰和歌集で、技巧的・象徴的な新古今調を示した。,後鳥羽上皇|藤原定家|勅撰和歌集|新古今調|和歌,,,,文化庁「文化遺産オンライン」,https://online.bunka.go.jp/
日本史段階別デッキ｜Deck 1｜日本史の最重要骨格400語,JH-000382,382,Deck 1｜骨格・基礎,文学・美術・建築,新古今和歌集,しんこきんわかしゅう,,中世,近畿,京都の朝廷,鎌倉時代初期,1205,JH-000382-R03,reverse,結果・関連,reverse,何につながった・どんな意味があった？,院政期から鎌倉初期の**和歌**文化を集大成し、後世の和歌に長く影響した。,後鳥羽上皇|藤原定家|勅撰和歌集|新古今調|和歌,,,,文化庁「文化遺産オンライン」,https://online.bunka.go.jp/
日本史段階別デッキ｜Deck 1｜日本史の最重要骨格400語,JH-000382,382,Deck 1｜骨格・基礎,文学・美術・建築,新古今和歌集,しんこきんわかしゅう,,中世,近畿,京都の朝廷,鎌倉時代初期,1205,JH-000382-I01,integrated,統合説明,integrated,「新古今和歌集」について説明せよ。,鎌倉時代初期、京都の朝廷を主な舞台として、京都の朝廷で**後鳥羽上皇**の命により藤原定家(ふじわらのていか)らが編纂した勅撰和歌集で、技巧的・象徴的な新古今調を示した。 院政期から鎌倉初期の**和歌**文化を集大成し、後世の和歌に長く影響した。,後鳥羽上皇|藤原定家|勅撰和歌集|新古今調|和歌,,,,文化庁「文化遺産オンライン」,https://online.bunka.go.jp/
日本史段階別デッキ｜Deck 1｜日本史の最重要骨格400語,JH-000383,383,Deck 1｜骨格・基礎,文学・美術・建築,方丈記,ほうじょうき,,中世,近畿,京都と日野,鎌倉時代初期,1212,JH-000383-B01,beginner,用語の特定,identify,鴨長明(かものちょうめい)が災害や社会不安を背景に無常観を記した随筆は？,方丈記(ほうじょうき),方丈記,,,,文化庁「文化遺産オンライン」,https://online.bunka.go.jp/
日本史段階別デッキ｜Deck 1｜日本史の最重要骨格400語,JH-000383,383,Deck 1｜骨格・基礎,文学・美術・建築,方丈記,ほうじょうき,,中世,近畿,京都と日野,鎌倉時代初期,1212,JH-000383-B02,beginner,時期,time,方丈記(ほうじょうき)が成立・制作されたのはいつ？,鎌倉時代初期,鎌倉時代初期,,,,文化庁「文化遺産オンライン」,https://online.bunka.go.jp/
日本史段階別デッキ｜Deck 1｜日本史の最重要骨格400語,JH-000383,383,Deck 1｜骨格・基礎,文学・美術・建築,方丈記,ほうじょうき,,中世,近畿,京都と日野,鎌倉時代初期,1212,JH-000383-B03,beginner,人物,person,方丈記(ほうじょうき)の作者は？,鴨長明(かものちょうめい),鴨長明,,,,文化庁「文化遺産オンライン」,https://online.bunka.go.jp/
日本史段階別デッキ｜Deck 1｜日本史の最重要骨格400語,JH-000383,383,Deck 1｜骨格・基礎,文学・美術・建築,方丈記,ほうじょうき,,中世,近畿,京都と日野,鎌倉時代初期,1212,JH-000383-R01,reverse,時期,time,成立・制作されたのはいつ？,**鎌倉時代初期**,鎌倉時代初期,,,,文化庁「文化遺産オンライン」,https://online.bunka.go.jp/
日本史段階別デッキ｜Deck 1｜日本史の最重要骨格400語,JH-000383,383,Deck 1｜骨格・基礎,文学・美術・建築,方丈記,ほうじょうき,,中世,近畿,京都と日野,鎌倉時代初期,1212,JH-000383-R02,reverse,複合説明,reverse,どのような作品・様式？,京都の災害や飢饉を体験した**鴨長明(かものちょうめい)**が、日野の方丈の庵で世の無常と隠遁生活を記した随筆。,鴨長明|災害|飢饉|無常観|隠遁,,,,文化庁「文化遺産オンライン」,https://online.bunka.go.jp/
日本史段階別デッキ｜Deck 1｜日本史の最重要骨格400語,JH-000383,383,Deck 1｜骨格・基礎,文学・美術・建築,方丈記,ほうじょうき,,中世,近畿,京都と日野,鎌倉時代初期,1212,JH-000383-R03,reverse,結果・関連,reverse,何につながった・どんな意味があった？,中世社会の不安と仏教的**無常観**を伝え、『枕草子』『徒然草(つれづれぐさ)』と並ぶ随筆文学の代表となった。,鴨長明|災害|飢饉|無常観|隠遁,,,,文化庁「文化遺産オンライン」,https://online.bunka.go.jp/
日本史段階別デッキ｜Deck 1｜日本史の最重要骨格400語,JH-000383,383,Deck 1｜骨格・基礎,文学・美術・建築,方丈記,ほうじょうき,,中世,近畿,京都と日野,鎌倉時代初期,1212,JH-000383-I01,integrated,統合説明,integrated,「方丈記(ほうじょうき)」について説明せよ。,鎌倉時代初期、京都と日野を主な舞台として、京都の災害や飢饉を体験した**鴨長明(かものちょうめい)**が、日野の方丈の庵で世の無常と隠遁生活を記した随筆。 中世社会の不安と仏教的**無常観**を伝え、『枕草子』『徒然草(つれづれぐさ)』と並ぶ随筆文学の代表となった。,鴨長明|災害|飢饉|無常観|隠遁,,,,文化庁「文化遺産オンライン」,https://online.bunka.go.jp/
日本史段階別デッキ｜Deck 1｜日本史の最重要骨格400語,JH-000231,231,Deck 1｜骨格・基礎,人物,北条義時,ほうじょうよしとき,,中世,関東,鎌倉幕府,鎌倉時代初期,1219,JH-000231-B01,beginner,用語の特定,identify,二代執権として承久の乱(じょうきゅうのらん)に勝利し、朝廷に対する幕府の優位を確立した人物は？,北条義時,北条義時,,,,国立歴史民俗博物館「第2展示室 中世」,https://www.rekihaku.ac.jp/exhibitions/room2/
日本史段階別デッキ｜Deck 1｜日本史の最重要骨格400語,JH-000231,231,Deck 1｜骨格・基礎,人物,北条義時,ほうじょうよしとき,,中世,関東,鎌倉幕府,鎌倉時代初期,1219,JH-000231-B02,beginner,時期,time,北条義時が主に活動したのはいつ？,鎌倉時代初期,鎌倉時代初期,,,,国立歴史民俗博物館「第2展示室 中世」,https://www.rekihaku.ac.jp/exhibitions/room2/
日本史段階別デッキ｜Deck 1｜日本史の最重要骨格400語,JH-000231,231,Deck 1｜骨格・基礎,人物,北条義時,ほうじょうよしとき,,中世,関東,鎌倉幕府,鎌倉時代初期,1219,JH-000231-B03,beginner,関連,relation,北条義時の時代に起きた朝廷との戦いは？,承久の乱(じょうきゅうのらん),承久の乱,,,,国立歴史民俗博物館「第2展示室 中世」,https://www.rekihaku.ac.jp/exhibitions/room2/
日本史段階別デッキ｜Deck 1｜日本史の最重要骨格400語,JH-000231,231,Deck 1｜骨格・基礎,人物,北条義時,ほうじょうよしとき,,中世,関東,鎌倉幕府,鎌倉時代初期,1219,JH-000231-R01,reverse,時期,time,主に活動したのはいつ？,**鎌倉時代初期**,鎌倉時代初期,,,,国立歴史民俗博物館「第2展示室 中世」,https://www.rekihaku.ac.jp/exhibitions/room2/
日本史段階別デッキ｜Deck 1｜日本史の最重要骨格400語,JH-000231,231,Deck 1｜骨格・基礎,人物,北条義時,ほうじょうよしとき,,中世,関東,鎌倉幕府,鎌倉時代初期,1219,JH-000231-R02,reverse,複合説明,reverse,何をした？,鎌倉幕府の二代執権として御家人をまとめ、**承久の乱(じょうきゅうのらん)**で後鳥羽上皇方を破った。,執権|承久の乱|後鳥羽上皇|六波羅探題|執権政治,,,,国立歴史民俗博物館「第2展示室 中世」,https://www.rekihaku.ac.jp/exhibitions/room2/
日本史段階別デッキ｜Deck 1｜日本史の最重要骨格400語,JH-000231,231,Deck 1｜骨格・基礎,人物,北条義時,ほうじょうよしとき,,中世,関東,鎌倉幕府,鎌倉時代初期,1219,JH-000231-R03,reverse,結果・関連,reverse,何につながった・どんな意味があった？,朝廷を監視する六波羅探題(ろくはらたんだい)を置き、西国への幕府支配を拡大して**執権**政治を固めた。,執権|承久の乱|後鳥羽上皇|六波羅探題|執権政治,,,,国立歴史民俗博物館「第2展示室 中世」,https://www.rekihaku.ac.jp/exhibitions/room2/
日本史段階別デッキ｜Deck 1｜日本史の最重要骨格400語,JH-000231,231,Deck 1｜骨格・基礎,人物,北条義時,ほうじょうよしとき,,中世,関東,鎌倉幕府,鎌倉時代初期,1219,JH-000231-I01,integrated,統合説明,integrated,「北条義時」について説明せよ。,鎌倉時代初期、鎌倉幕府を主な舞台として、鎌倉幕府の二代執権として御家人をまとめ、**承久の乱(じょうきゅうのらん)**で後鳥羽上皇方を破った。 朝廷を監視する六波羅探題(ろくはらたんだい)を置き、西国への幕府支配を拡大して**執権**政治を固めた。,執権|承久の乱|後鳥羽上皇|六波羅探題|執権政治,,,,国立歴史民俗博物館「第2展示室 中世」,https://www.rekihaku.ac.jp/exhibitions/room2/
日本史段階別デッキ｜Deck 1｜日本史の最重要骨格400語,JH-000103,103,Deck 1｜骨格・基礎,人物,親鸞,しんらん,,中世,日本全国,京都・東国,鎌倉時代,1220,JH-000103-B01,beginner,用語の特定,identify,法然の教えを受け、阿弥陀仏の本願への信心を重視して浄土真宗の祖となった僧は？,親鸞,親鸞,,,,国立歴史民俗博物館「第2展示室 中世」,https://www.rekihaku.ac.jp/exhibitions/room2/
日本史段階別デッキ｜Deck 1｜日本史の最重要骨格400語,JH-000103,103,Deck 1｜骨格・基礎,人物,親鸞,しんらん,,中世,日本全国,京都・東国,鎌倉時代,1220,JH-000103-B02,beginner,時期,time,親鸞が主に活動したのはいつ？,鎌倉時代,鎌倉時代,,,,国立歴史民俗博物館「第2展示室 中世」,https://www.rekihaku.ac.jp/exhibitions/room2/
日本史段階別デッキ｜Deck 1｜日本史の最重要骨格400語,JH-000103,103,Deck 1｜骨格・基礎,人物,親鸞,しんらん,,中世,日本全国,京都・東国,鎌倉時代,1220,JH-000103-B03,beginner,宗教,content,親鸞が祖となった宗派は？,浄土真宗,浄土真宗,,,,国立歴史民俗博物館「第2展示室 中世」,https://www.rekihaku.ac.jp/exhibitions/room2/
日本史段階別デッキ｜Deck 1｜日本史の最重要骨格400語,JH-000103,103,Deck 1｜骨格・基礎,人物,親鸞,しんらん,,中世,日本全国,京都・東国,鎌倉時代,1220,JH-000103-R01,reverse,時期,time,主に活動したのはいつ？,**鎌倉時代**,鎌倉時代,,,,国立歴史民俗博物館「第2展示室 中世」,https://www.rekihaku.ac.jp/exhibitions/room2/
日本史段階別デッキ｜Deck 1｜日本史の最重要骨格400語,JH-000103,103,Deck 1｜骨格・基礎,人物,親鸞,しんらん,,中世,日本全国,京都・東国,鎌倉時代,1220,JH-000103-R02,reverse,複合説明,reverse,何をした？,京都・東国で、阿弥陀仏の**本願**を信じる他力の信心を重視し、浄土真宗の祖となった僧。,本願|他力|浄土真宗|非僧非俗|悪人正機,,,,国立歴史民俗博物館「第2展示室 中世」,https://www.rekihaku.ac.jp/exhibitions/room2/
日本史段階別デッキ｜Deck 1｜日本史の最重要骨格400語,JH-000103,103,Deck 1｜骨格・基礎,人物,親鸞,しんらん,,中世,日本全国,京都・東国,鎌倉時代,1220,JH-000103-R03,reverse,結果・関連,reverse,何につながった・どんな意味があった？,自らを「**非僧非俗**」とし、悪人正機などの教えが弟子によって広まり、民衆宗教の大勢力へ発展した。,本願|他力|浄土真宗|非僧非俗|悪人正機,,,,国立歴史民俗博物館「第2展示室 中世」,https://www.rekihaku.ac.jp/exhibitions/room2/
日本史段階別デッキ｜Deck 1｜日本史の最重要骨格400語,JH-000103,103,Deck 1｜骨格・基礎,人物,親鸞,しんらん,,中世,日本全国,京都・東国,鎌倉時代,1220,JH-000103-I01,integrated,統合説明,integrated,「親鸞」について説明せよ。,鎌倉時代、京都・東国を主な舞台として、京都・東国で、阿弥陀仏の**本願**を信じる他力の信心を重視し、浄土真宗の祖となった僧。 自らを「**非僧非俗**」とし、悪人正機などの教えが弟子によって広まり、民衆宗教の大勢力へ発展した。,本願|他力|浄土真宗|非僧非俗|悪人正機,,,,国立歴史民俗博物館「第2展示室 中世」,https://www.rekihaku.ac.jp/exhibitions/room2/
日本史段階別デッキ｜Deck 1｜日本史の最重要骨格400語,JH-000271,271,Deck 1｜骨格・基礎,宗教・宗派,浄土真宗,じょうどしんしゅう,一向宗,中世,日本全国,京都・北陸・東海など,鎌倉時代以後,1220,JH-000271-B01,beginner,用語の特定,identify,親鸞を祖とし、阿弥陀仏の本願を信じる他力の信心を重視した宗派は？,浄土真宗,浄土真宗,一向宗,,,国立歴史民俗博物館「第2展示室 中世」,https://www.rekihaku.ac.jp/exhibitions/room2/
日本史段階別デッキ｜Deck 1｜日本史の最重要骨格400語,JH-000271,271,Deck 1｜骨格・基礎,宗教・宗派,浄土真宗,じょうどしんしゅう,一向宗,中世,日本全国,京都・北陸・東海など,鎌倉時代以後,1220,JH-000271-B02,beginner,時期,time,浄土真宗が成立・広まったのはいつ？,鎌倉時代以後,鎌倉時代以後,,,,国立歴史民俗博物館「第2展示室 中世」,https://www.rekihaku.ac.jp/exhibitions/room2/
日本史段階別デッキ｜Deck 1｜日本史の最重要骨格400語,JH-000271,271,Deck 1｜骨格・基礎,宗教・宗派,浄土真宗,じょうどしんしゅう,一向宗,中世,日本全国,京都・北陸・東海など,鎌倉時代以後,1220,JH-000271-B03,beginner,人物,person,浄土真宗の祖とされる人物は？,親鸞,親鸞,,,,国立歴史民俗博物館「第2展示室 中世」,https://www.rekihaku.ac.jp/exhibitions/room2/
日本史段階別デッキ｜Deck 1｜日本史の最重要骨格400語,JH-000271,271,Deck 1｜骨格・基礎,宗教・宗派,浄土真宗,じょうどしんしゅう,一向宗,中世,日本全国,京都・北陸・東海など,鎌倉時代以後,1220,JH-000271-R01,reverse,時期,time,成立・広まったのはいつ？,**鎌倉時代以後**,鎌倉時代以後,,,,国立歴史民俗博物館「第2展示室 中世」,https://www.rekihaku.ac.jp/exhibitions/room2/
日本史段階別デッキ｜Deck 1｜日本史の最重要骨格400語,JH-000271,271,Deck 1｜骨格・基礎,宗教・宗派,浄土真宗,じょうどしんしゅう,一向宗,中世,日本全国,京都・北陸・東海など,鎌倉時代以後,1220,JH-000271-R02,reverse,複合説明,reverse,どんな宗教・教え？,親鸞を祖とし、阿弥陀仏の**本願**を信じる他力の信心によって救われるとする宗派。,親鸞|本願|他力|本願寺|一向一揆,,,,国立歴史民俗博物館「第2展示室 中世」,https://www.rekihaku.ac.jp/exhibitions/room2/
日本史段階別デッキ｜Deck 1｜日本史の最重要骨格400語,JH-000271,271,Deck 1｜骨格・基礎,宗教・宗派,浄土真宗,じょうどしんしゅう,一向宗,中世,日本全国,京都・北陸・東海など,鎌倉時代以後,1220,JH-000271-R03,reverse,結果・関連,reverse,何につながった・どんな意味があった？,のち**本願**寺教団として北陸・近畿などへ広がり、一向一揆を支える社会的勢力となった。,親鸞|本願|他力|本願寺|一向一揆,,,,国立歴史民俗博物館「第2展示室 中世」,https://www.rekihaku.ac.jp/exhibitions/room2/
日本史段階別デッキ｜Deck 1｜日本史の最重要骨格400語,JH-000271,271,Deck 1｜骨格・基礎,宗教・宗派,浄土真宗,じょうどしんしゅう,一向宗,中世,日本全国,京都・北陸・東海など,鎌倉時代以後,1220,JH-000271-I01,integrated,統合説明,integrated,「浄土真宗」について説明せよ。,鎌倉時代以後、京都・北陸・東海などを主な舞台として、親鸞を祖とし、阿弥陀仏の**本願**を信じる他力の信心によって救われるとする宗派。 のち**本願**寺教団として北陸・近畿などへ広がり、一向一揆を支える社会的勢力となった。,親鸞|本願|他力|本願寺|一向一揆,,,,国立歴史民俗博物館「第2展示室 中世」,https://www.rekihaku.ac.jp/exhibitions/room2/
日本史段階別デッキ｜Deck 1｜日本史の最重要骨格400語,JH-000308,308,Deck 1｜骨格・基礎,文学・美術・建築,平家物語,へいけものがたり,,中世,日本全国,京都・西国を主な舞台,鎌倉時代前期ごろ,1220,JH-000308-B01,beginner,用語の特定,identify,平氏の栄華と滅亡を、諸行無常の思想を背景に描いた軍記物語は？,平家物語,平家物語,,,,文化庁「文化遺産オンライン」,https://online.bunka.go.jp/
日本史段階別デッキ｜Deck 1｜日本史の最重要骨格400語,JH-000308,308,Deck 1｜骨格・基礎,文学・美術・建築,平家物語,へいけものがたり,,中世,日本全国,京都・西国を主な舞台,鎌倉時代前期ごろ,1220,JH-000308-B02,beginner,時期,time,平家物語が成立・制作されたのはいつ？,鎌倉時代前期ごろ,鎌倉時代前期ごろ,,,,文化庁「文化遺産オンライン」,https://online.bunka.go.jp/
日本史段階別デッキ｜Deck 1｜日本史の最重要骨格400語,JH-000308,308,Deck 1｜骨格・基礎,文学・美術・建築,平家物語,へいけものがたり,,中世,日本全国,京都・西国を主な舞台,鎌倉時代前期ごろ,1220,JH-000308-B03,beginner,担い手,actor,平家物語の語り広めに大きな役割を果たした人々は？,琵琶法師,琵琶法師,,,,文化庁「文化遺産オンライン」,https://online.bunka.go.jp/
日本史段階別デッキ｜Deck 1｜日本史の最重要骨格400語,JH-000308,308,Deck 1｜骨格・基礎,文学・美術・建築,平家物語,へいけものがたり,,中世,日本全国,京都・西国を主な舞台,鎌倉時代前期ごろ,1220,JH-000308-R01,reverse,時期,time,成立・制作されたのはいつ？,**鎌倉時代前期ごろ**,鎌倉時代前期ごろ,,,,文化庁「文化遺産オンライン」,https://online.bunka.go.jp/
日本史段階別デッキ｜Deck 1｜日本史の最重要骨格400語,JH-000308,308,Deck 1｜骨格・基礎,文学・美術・建築,平家物語,へいけものがたり,,中世,日本全国,京都・西国を主な舞台,鎌倉時代前期ごろ,1220,JH-000308-R02,reverse,複合説明,reverse,どのような作品・様式？,京都から西国を主な舞台に、平氏の栄華と滅亡を**諸行無常**の思想で描いた軍記物語で、琵琶法師が語り広めた。,平氏|諸行無常|軍記物語|琵琶法師|源平合戦,,,,文化庁「文化遺産オンライン」,https://online.bunka.go.jp/
日本史段階別デッキ｜Deck 1｜日本史の最重要骨格400語,JH-000308,308,Deck 1｜骨格・基礎,文学・美術・建築,平家物語,へいけものがたり,,中世,日本全国,京都・西国を主な舞台,鎌倉時代前期ごろ,1220,JH-000308-R03,reverse,結果・関連,reverse,何につながった・どんな意味があった？,武士の合戦と人間の運命を描く**軍記物語**の代表となり、中世文学や芸能へ大きな影響を与えた。,平氏|諸行無常|軍記物語|琵琶法師|源平合戦,,,,文化庁「文化遺産オンライン」,https://online.bunka.go.jp/
日本史段階別デッキ｜Deck 1｜日本史の最重要骨格400語,JH-000308,308,Deck 1｜骨格・基礎,文学・美術・建築,平家物語,へいけものがたり,,中世,日本全国,京都・西国を主な舞台,鎌倉時代前期ごろ,1220,JH-000308-I01,integrated,統合説明,integrated,「平家物語」について説明せよ。,鎌倉時代前期ごろ、京都・西国を主な舞台を主な舞台として、京都から西国を主な舞台に、平氏の栄華と滅亡を**諸行無常**の思想で描いた軍記物語で、琵琶法師が語り広めた。 武士の合戦と人間の運命を描く**軍記物語**の代表となり、中世文学や芸能へ大きな影響を与えた。,平氏|諸行無常|軍記物語|琵琶法師|源平合戦,,,,文化庁「文化遺産オンライン」,https://online.bunka.go.jp/
日本史段階別デッキ｜Deck 1｜日本史の最重要骨格400語,JH-000098,98,Deck 1｜骨格・基礎,戦争・争乱,承久の乱,じょうきゅうのらん,,中世,日本全国,京都と鎌倉を結ぶ地域,1221年,1221,JH-000098-B01,beginner,用語の特定,identify,後鳥羽上皇が北条義時追討を命じたが、幕府軍に敗れた戦いは？,承久の乱(じょうきゅうのらん),承久の乱,,,,東京大学史料編纂所,https://www.hi.u-tokyo.ac.jp/
日本史段階別デッキ｜Deck 1｜日本史の最重要骨格400語,JH-000098,98,Deck 1｜骨格・基礎,戦争・争乱,承久の乱,じょうきゅうのらん,,中世,日本全国,京都と鎌倉を結ぶ地域,1221年,1221,JH-000098-B02,beginner,時期,time,承久の乱(じょうきゅうのらん)が戦われたのはいつ？,1221年,1221年,,,1221年：「人に不意」（1221）打ち承久の乱,東京大学史料編纂所,https://www.hi.u-tokyo.ac.jp/
日本史段階別デッキ｜Deck 1｜日本史の最重要骨格400語,JH-000098,98,Deck 1｜骨格・基礎,戦争・争乱,承久の乱,じょうきゅうのらん,,中世,日本全国,京都と鎌倉を結ぶ地域,1221年,1221,JH-000098-B03,beginner,中心人物,person,承久の乱(じょうきゅうのらん)を起こした上皇は？,後鳥羽上皇,後鳥羽上皇,,,,東京大学史料編纂所,https://www.hi.u-tokyo.ac.jp/
日本史段階別デッキ｜Deck 1｜日本史の最重要骨格400語,JH-000098,98,Deck 1｜骨格・基礎,戦争・争乱,承久の乱,じょうきゅうのらん,,中世,日本全国,京都と鎌倉を結ぶ地域,1221年,1221,JH-000098-R01,reverse,時期,time,戦われたのはいつ？,**1221年**,1221年,,,1221年：「人に不意」（1221）打ち承久の乱,東京大学史料編纂所,https://www.hi.u-tokyo.ac.jp/
日本史段階別デッキ｜Deck 1｜日本史の最重要骨格400語,JH-000098,98,Deck 1｜骨格・基礎,戦争・争乱,承久の乱,じょうきゅうのらん,,中世,日本全国,京都と鎌倉を結ぶ地域,1221年,1221,JH-000098-R02,reverse,複合説明,reverse,何が起きた？,京都の**後鳥羽上皇**が北条義時追討を命じたが、鎌倉幕府の大軍に敗れた戦い。,後鳥羽上皇|北条義時|六波羅探題|所領没収|西国支配,,,,東京大学史料編纂所,https://www.hi.u-tokyo.ac.jp/
日本史段階別デッキ｜Deck 1｜日本史の最重要骨格400語,JH-000098,98,Deck 1｜骨格・基礎,戦争・争乱,承久の乱,じょうきゅうのらん,,中世,日本全国,京都と鎌倉を結ぶ地域,1221年,1221,JH-000098-R03,reverse,結果・関連,reverse,何につながった・どんな意味があった？,幕府は**六波羅探題(ろくはらたんだい)**を置き、上皇方の所領を没収して御家人へ与え、朝廷・西国への支配を強めた。,後鳥羽上皇|北条義時|六波羅探題|所領没収|西国支配,,,,東京大学史料編纂所,https://www.hi.u-tokyo.ac.jp/
日本史段階別デッキ｜Deck 1｜日本史の最重要骨格400語,JH-000098,98,Deck 1｜骨格・基礎,戦争・争乱,承久の乱,じょうきゅうのらん,,中世,日本全国,京都と鎌倉を結ぶ地域,1221年,1221,JH-000098-I01,integrated,統合説明,integrated,「承久の乱(じょうきゅうのらん)」について説明せよ。,1221年、京都と鎌倉を結ぶ地域を主な舞台として、京都の**後鳥羽上皇**が北条義時追討を命じたが、鎌倉幕府の大軍に敗れた戦い。 幕府は**六波羅探題(ろくはらたんだい)**を置き、上皇方の所領を没収して御家人へ与え、朝廷・西国への支配を強めた。,後鳥羽上皇|北条義時|六波羅探題|所領没収|西国支配,,,1221年：「人に不意」（1221）打ち承久の乱,東京大学史料編纂所,https://www.hi.u-tokyo.ac.jp/
日本史段階別デッキ｜Deck 1｜日本史の最重要骨格400語,JH-000189,189,Deck 1｜骨格・基礎,制度・政策・法律,六波羅探題,ろくはらたんだい,,中世,近畿,京都の六波羅,鎌倉時代,1221,JH-000189-B01,beginner,用語の特定,identify,承久の乱(じょうきゅうのらん)後、京都に置かれ、朝廷監視と西国支配を担当した幕府機関は？,六波羅探題(ろくはらたんだい),六波羅探題,,,,国立歴史民俗博物館「第2展示室 中世」,https://www.rekihaku.ac.jp/exhibitions/room2/
日本史段階別デッキ｜Deck 1｜日本史の最重要骨格400語,JH-000189,189,Deck 1｜骨格・基礎,制度・政策・法律,六波羅探題,ろくはらたんだい,,中世,近畿,京都の六波羅,鎌倉時代,1221,JH-000189-B02,beginner,時期,time,六波羅探題(ろくはらたんだい)が成立・実施されたのはいつ？,鎌倉時代,鎌倉時代,,,,国立歴史民俗博物館「第2展示室 中世」,https://www.rekihaku.ac.jp/exhibitions/room2/
日本史段階別デッキ｜Deck 1｜日本史の最重要骨格400語,JH-000189,189,Deck 1｜骨格・基礎,制度・政策・法律,六波羅探題,ろくはらたんだい,,中世,近畿,京都の六波羅,鎌倉時代,1221,JH-000189-B03,beginner,地域,place,六波羅探題(ろくはらたんだい)が置かれた都市は？,京都,京都,,,,国立歴史民俗博物館「第2展示室 中世」,https://www.rekihaku.ac.jp/exhibitions/room2/
日本史段階別デッキ｜Deck 1｜日本史の最重要骨格400語,JH-000189,189,Deck 1｜骨格・基礎,制度・政策・法律,六波羅探題,ろくはらたんだい,,中世,近畿,京都の六波羅,鎌倉時代,1221,JH-000189-R01,reverse,時期,time,成立・実施されたのはいつ？,**鎌倉時代**,鎌倉時代,,,,国立歴史民俗博物館「第2展示室 中世」,https://www.rekihaku.ac.jp/exhibitions/room2/
日本史段階別デッキ｜Deck 1｜日本史の最重要骨格400語,JH-000189,189,Deck 1｜骨格・基礎,制度・政策・法律,六波羅探題,ろくはらたんだい,,中世,近畿,京都の六波羅,鎌倉時代,1221,JH-000189-R02,reverse,複合説明,reverse,どんな制度・政策・法律？,**承久の乱(じょうきゅうのらん)**後に鎌倉幕府が京都の六波羅へ置き、朝廷の監視と西国の御家人統率・裁判を担わせた機関。,承久の乱|京都|朝廷監視|西国支配|御家人,,,,国立歴史民俗博物館「第2展示室 中世」,https://www.rekihaku.ac.jp/exhibitions/room2/
日本史段階別デッキ｜Deck 1｜日本史の最重要骨格400語,JH-000189,189,Deck 1｜骨格・基礎,制度・政策・法律,六波羅探題,ろくはらたんだい,,中世,近畿,京都の六波羅,鎌倉時代,1221,JH-000189-R03,reverse,結果・関連,reverse,何につながった・どんな意味があった？,幕府の支配が東国から**畿内・西国へ広がった**ことを象徴した。,承久の乱|京都|朝廷監視|西国支配|御家人,,,,国立歴史民俗博物館「第2展示室 中世」,https://www.rekihaku.ac.jp/exhibitions/room2/
日本史段階別デッキ｜Deck 1｜日本史の最重要骨格400語,JH-000189,189,Deck 1｜骨格・基礎,制度・政策・法律,六波羅探題,ろくはらたんだい,,中世,近畿,京都の六波羅,鎌倉時代,1221,JH-000189-I01,integrated,統合説明,integrated,「六波羅探題(ろくはらたんだい)」について説明せよ。,鎌倉時代、京都の六波羅を主な舞台として、**承久の乱(じょうきゅうのらん)**後に鎌倉幕府が京都の六波羅へ置き、朝廷の監視と西国の御家人統率・裁判を担わせた機関。 幕府の支配が東国から**畿内・西国へ広がった**ことを象徴した。,承久の乱|京都|朝廷監視|西国支配|御家人,,,,国立歴史民俗博物館「第2展示室 中世」,https://www.rekihaku.ac.jp/exhibitions/room2/
日本史段階別デッキ｜Deck 1｜日本史の最重要骨格400語,JH-000344,344,Deck 1｜骨格・基礎,人物,後鳥羽上皇,ごとばじょうこう,,中世,近畿,京都の朝廷,鎌倉時代初期,1221,JH-000344-B01,beginner,用語の特定,identify,鎌倉幕府打倒を目指して承久の乱(じょうきゅうのらん)を起こし、敗れて隠岐へ流された上皇は？,後鳥羽上皇,後鳥羽上皇,,,,国立歴史民俗博物館「第2展示室 中世」,https://www.rekihaku.ac.jp/exhibitions/room2/
日本史段階別デッキ｜Deck 1｜日本史の最重要骨格400語,JH-000344,344,Deck 1｜骨格・基礎,人物,後鳥羽上皇,ごとばじょうこう,,中世,近畿,京都の朝廷,鎌倉時代初期,1221,JH-000344-B02,beginner,時期,time,後鳥羽上皇が主に活動したのはいつ？,鎌倉時代初期,鎌倉時代初期,,,,国立歴史民俗博物館「第2展示室 中世」,https://www.rekihaku.ac.jp/exhibitions/room2/
日本史段階別デッキ｜Deck 1｜日本史の最重要骨格400語,JH-000344,344,Deck 1｜骨格・基礎,人物,後鳥羽上皇,ごとばじょうこう,,中世,近畿,京都の朝廷,鎌倉時代初期,1221,JH-000344-B03,beginner,関連,relation,後鳥羽上皇が起こした戦いは？,承久の乱(じょうきゅうのらん),承久の乱,,,,国立歴史民俗博物館「第2展示室 中世」,https://www.rekihaku.ac.jp/exhibitions/room2/
日本史段階別デッキ｜Deck 1｜日本史の最重要骨格400語,JH-000344,344,Deck 1｜骨格・基礎,人物,後鳥羽上皇,ごとばじょうこう,,中世,近畿,京都の朝廷,鎌倉時代初期,1221,JH-000344-R01,reverse,時期,time,主に活動したのはいつ？,**鎌倉時代初期**,鎌倉時代初期,,,,国立歴史民俗博物館「第2展示室 中世」,https://www.rekihaku.ac.jp/exhibitions/room2/
日本史段階別デッキ｜Deck 1｜日本史の最重要骨格400語,JH-000344,344,Deck 1｜骨格・基礎,人物,後鳥羽上皇,ごとばじょうこう,,中世,近畿,京都の朝廷,鎌倉時代初期,1221,JH-000344-R02,reverse,複合説明,reverse,何をした？,京都の朝廷で院政を行い、鎌倉幕府打倒を目指して**承久の乱(じょうきゅうのらん)**を起こした上皇。,院政|承久の乱|隠岐|朝廷|鎌倉幕府,,,,国立歴史民俗博物館「第2展示室 中世」,https://www.rekihaku.ac.jp/exhibitions/room2/
日本史段階別デッキ｜Deck 1｜日本史の最重要骨格400語,JH-000344,344,Deck 1｜骨格・基礎,人物,後鳥羽上皇,ごとばじょうこう,,中世,近畿,京都の朝廷,鎌倉時代初期,1221,JH-000344-R03,reverse,結果・関連,reverse,何につながった・どんな意味があった？,敗北して**隠岐**へ流され、朝廷の政治的・軍事的地位は幕府に対して大きく低下した。,院政|承久の乱|隠岐|朝廷|鎌倉幕府,,,,国立歴史民俗博物館「第2展示室 中世」,https://www.rekihaku.ac.jp/exhibitions/room2/
日本史段階別デッキ｜Deck 1｜日本史の最重要骨格400語,JH-000344,344,Deck 1｜骨格・基礎,人物,後鳥羽上皇,ごとばじょうこう,,中世,近畿,京都の朝廷,鎌倉時代初期,1221,JH-000344-I01,integrated,統合説明,integrated,「後鳥羽上皇」について説明せよ。,鎌倉時代初期、京都の朝廷を主な舞台として、京都の朝廷で院政を行い、鎌倉幕府打倒を目指して**承久の乱(じょうきゅうのらん)**を起こした上皇。 敗北して**隠岐**へ流され、朝廷の政治的・軍事的地位は幕府に対して大きく低下した。,院政|承久の乱|隠岐|朝廷|鎌倉幕府,,,,国立歴史民俗博物館「第2展示室 中世」,https://www.rekihaku.ac.jp/exhibitions/room2/
日本史段階別デッキ｜Deck 1｜日本史の最重要骨格400語,JH-000320,320,Deck 1｜骨格・基礎,制度・政策・法律,評定衆,ひょうじょうしゅう,,中世,関東,鎌倉幕府,鎌倉時代,1225,JH-000320-B01,beginner,用語の特定,identify,北条泰時が置き、重要政務と裁判を合議した幕府の有力御家人・官僚の会議体は？,評定衆(ひょうじょうしゅう),評定衆,,,,国立歴史民俗博物館「第2展示室 中世」,https://www.rekihaku.ac.jp/exhibitions/room2/
日本史段階別デッキ｜Deck 1｜日本史の最重要骨格400語,JH-000320,320,Deck 1｜骨格・基礎,制度・政策・法律,評定衆,ひょうじょうしゅう,,中世,関東,鎌倉幕府,鎌倉時代,1225,JH-000320-B02,beginner,時期,time,評定衆(ひょうじょうしゅう)が成立・実施されたのはいつ？,鎌倉時代,鎌倉時代,,,,国立歴史民俗博物館「第2展示室 中世」,https://www.rekihaku.ac.jp/exhibitions/room2/
日本史段階別デッキ｜Deck 1｜日本史の最重要骨格400語,JH-000320,320,Deck 1｜骨格・基礎,制度・政策・法律,評定衆,ひょうじょうしゅう,,中世,関東,鎌倉幕府,鎌倉時代,1225,JH-000320-B03,beginner,人物,person,評定衆(ひょうじょうしゅう)を設置した執権は？,北条泰時,北条泰時,,,,国立歴史民俗博物館「第2展示室 中世」,https://www.rekihaku.ac.jp/exhibitions/room2/
日本史段階別デッキ｜Deck 1｜日本史の最重要骨格400語,JH-000320,320,Deck 1｜骨格・基礎,制度・政策・法律,評定衆,ひょうじょうしゅう,,中世,関東,鎌倉幕府,鎌倉時代,1225,JH-000320-R01,reverse,時期,time,成立・実施されたのはいつ？,**鎌倉時代**,鎌倉時代,,,,国立歴史民俗博物館「第2展示室 中世」,https://www.rekihaku.ac.jp/exhibitions/room2/
日本史段階別デッキ｜Deck 1｜日本史の最重要骨格400語,JH-000320,320,Deck 1｜骨格・基礎,制度・政策・法律,評定衆,ひょうじょうしゅう,,中世,関東,鎌倉幕府,鎌倉時代,1225,JH-000320-R02,reverse,複合説明,reverse,どんな制度・政策・法律？,鎌倉幕府で**北条泰時**が設置し、有力御家人・実務官僚が重要政務と裁判を合議した機関。,北条泰時|合議政治|御家人|裁判|御成敗式目,,,,国立歴史民俗博物館「第2展示室 中世」,https://www.rekihaku.ac.jp/exhibitions/room2/
日本史段階別デッキ｜Deck 1｜日本史の最重要骨格400語,JH-000320,320,Deck 1｜骨格・基礎,制度・政策・法律,評定衆,ひょうじょうしゅう,,中世,関東,鎌倉幕府,鎌倉時代,1225,JH-000320-R03,reverse,結果・関連,reverse,何につながった・どんな意味があった？,執権の独断を避ける**合議政治**を整え、御成敗式目(ごせいばいしきもく)に基づく裁判運営を支えた。,北条泰時|合議政治|御家人|裁判|御成敗式目,,,,国立歴史民俗博物館「第2展示室 中世」,https://www.rekihaku.ac.jp/exhibitions/room2/
日本史段階別デッキ｜Deck 1｜日本史の最重要骨格400語,JH-000320,320,Deck 1｜骨格・基礎,制度・政策・法律,評定衆,ひょうじょうしゅう,,中世,関東,鎌倉幕府,鎌倉時代,1225,JH-000320-I01,integrated,統合説明,integrated,「評定衆(ひょうじょうしゅう)」について説明せよ。,鎌倉時代、鎌倉幕府を主な舞台として、鎌倉幕府で**北条泰時**が設置し、有力御家人・実務官僚が重要政務と裁判を合議した機関。 執権の独断を避ける**合議政治**を整え、御成敗式目(ごせいばいしきもく)に基づく裁判運営を支えた。,北条泰時|合議政治|御家人|裁判|御成敗式目,,,,国立歴史民俗博物館「第2展示室 中世」,https://www.rekihaku.ac.jp/exhibitions/room2/
日本史段階別デッキ｜Deck 1｜日本史の最重要骨格400語,JH-000345,345,Deck 1｜骨格・基礎,人物,道元,どうげん,,中世,日本全国,京都・越前,鎌倉時代前期,1227,JH-000345-B01,beginner,用語の特定,identify,宋から禅を学び、只管打坐(しかんたざ)を説いて曹洞宗(そうとうしゅう)を開いた僧は？,道元(どうげん),道元,,,,国立歴史民俗博物館「第2展示室 中世」,https://www.rekihaku.ac.jp/exhibitions/room2/
日本史段階別デッキ｜Deck 1｜日本史の最重要骨格400語,JH-000345,345,Deck 1｜骨格・基礎,人物,道元,どうげん,,中世,日本全国,京都・越前,鎌倉時代前期,1227,JH-000345-B02,beginner,時期,time,道元(どうげん)が主に活動したのはいつ？,鎌倉時代前期,鎌倉時代前期,,,,国立歴史民俗博物館「第2展示室 中世」,https://www.rekihaku.ac.jp/exhibitions/room2/
日本史段階別デッキ｜Deck 1｜日本史の最重要骨格400語,JH-000345,345,Deck 1｜骨格・基礎,人物,道元,どうげん,,中世,日本全国,京都・越前,鎌倉時代前期,1227,JH-000345-B03,beginner,内容,content,道元(どうげん)が説いた、ひたすら坐禅する修行を何という？,只管打坐(しかんたざ),只管打坐,,,,国立歴史民俗博物館「第2展示室 中世」,https://www.rekihaku.ac.jp/exhibitions/room2/
日本史段階別デッキ｜Deck 1｜日本史の最重要骨格400語,JH-000345,345,Deck 1｜骨格・基礎,人物,道元,どうげん,,中世,日本全国,京都・越前,鎌倉時代前期,1227,JH-000345-R01,reverse,時期,time,主に活動したのはいつ？,**鎌倉時代前期**,鎌倉時代前期,,,,国立歴史民俗博物館「第2展示室 中世」,https://www.rekihaku.ac.jp/exhibitions/room2/
日本史段階別デッキ｜Deck 1｜日本史の最重要骨格400語,JH-000345,345,Deck 1｜骨格・基礎,人物,道元,どうげん,,中世,日本全国,京都・越前,鎌倉時代前期,1227,JH-000345-R02,reverse,複合説明,reverse,何をした？,宋から帰国後、京都・越前で**只管打坐(しかんたざ)**を説き、永平寺を拠点に曹洞宗(そうとうしゅう)を開いた僧。,只管打坐|永平寺|曹洞宗|修行と悟り,,,,国立歴史民俗博物館「第2展示室 中世」,https://www.rekihaku.ac.jp/exhibitions/room2/
日本史段階別デッキ｜Deck 1｜日本史の最重要骨格400語,JH-000345,345,Deck 1｜骨格・基礎,人物,道元,どうげん,,中世,日本全国,京都・越前,鎌倉時代前期,1227,JH-000345-R03,reverse,結果・関連,reverse,何につながった・どんな意味があった？,修行と悟りを一体とみる禅を示し、地方武士や民衆にも**曹洞宗(そうとうしゅう)**が広がる基礎を作った。,只管打坐|永平寺|曹洞宗|修行と悟り,,,,国立歴史民俗博物館「第2展示室 中世」,https://www.rekihaku.ac.jp/exhibitions/room2/
日本史段階別デッキ｜Deck 1｜日本史の最重要骨格400語,JH-000345,345,Deck 1｜骨格・基礎,人物,道元,どうげん,,中世,日本全国,京都・越前,鎌倉時代前期,1227,JH-000345-I01,integrated,統合説明,integrated,「道元(どうげん)」について説明せよ。,鎌倉時代前期、京都・越前を主な舞台として、宋から帰国後、京都・越前で**只管打坐(しかんたざ)**を説き、永平寺を拠点に曹洞宗(そうとうしゅう)を開いた僧。 修行と悟りを一体とみる禅を示し、地方武士や民衆にも**曹洞宗(そうとうしゅう)**が広がる基礎を作った。,只管打坐|永平寺|曹洞宗|修行と悟り,,,,国立歴史民俗博物館「第2展示室 中世」,https://www.rekihaku.ac.jp/exhibitions/room2/
日本史段階別デッキ｜Deck 1｜日本史の最重要骨格400語,JH-000364,364,Deck 1｜骨格・基礎,宗教・宗派,曹洞宗,そうとうしゅう,,中世,日本全国,越前から全国,鎌倉時代以後,1227,JH-000364-B01,beginner,用語の特定,identify,道元(どうげん)が宋から伝え、只管打坐(しかんたざ)を重視した禅宗の一派は？,曹洞宗(そうとうしゅう),曹洞宗,,,,国立歴史民俗博物館「第2展示室 中世」,https://www.rekihaku.ac.jp/exhibitions/room2/
日本史段階別デッキ｜Deck 1｜日本史の最重要骨格400語,JH-000364,364,Deck 1｜骨格・基礎,宗教・宗派,曹洞宗,そうとうしゅう,,中世,日本全国,越前から全国,鎌倉時代以後,1227,JH-000364-B02,beginner,時期,time,曹洞宗(そうとうしゅう)が成立・広まったのはいつ？,鎌倉時代以後,鎌倉時代以後,,,,国立歴史民俗博物館「第2展示室 中世」,https://www.rekihaku.ac.jp/exhibitions/room2/
日本史段階別デッキ｜Deck 1｜日本史の最重要骨格400語,JH-000364,364,Deck 1｜骨格・基礎,宗教・宗派,曹洞宗,そうとうしゅう,,中世,日本全国,越前から全国,鎌倉時代以後,1227,JH-000364-B03,beginner,人物,person,曹洞宗(そうとうしゅう)を開いた僧は？,道元(どうげん),道元,,,,国立歴史民俗博物館「第2展示室 中世」,https://www.rekihaku.ac.jp/exhibitions/room2/
日本史段階別デッキ｜Deck 1｜日本史の最重要骨格400語,JH-000364,364,Deck 1｜骨格・基礎,宗教・宗派,曹洞宗,そうとうしゅう,,中世,日本全国,越前から全国,鎌倉時代以後,1227,JH-000364-R01,reverse,時期,time,成立・広まったのはいつ？,**鎌倉時代以後**,鎌倉時代以後,,,,国立歴史民俗博物館「第2展示室 中世」,https://www.rekihaku.ac.jp/exhibitions/room2/
日本史段階別デッキ｜Deck 1｜日本史の最重要骨格400語,JH-000364,364,Deck 1｜骨格・基礎,宗教・宗派,曹洞宗,そうとうしゅう,,中世,日本全国,越前から全国,鎌倉時代以後,1227,JH-000364-R02,reverse,複合説明,reverse,どんな宗教・教え？,道元(どうげん)が越前の永平寺を拠点に、悟りを求める手段としてではなく坐ること自体を重んじる**只管打坐(しかんたざ)**を説いた宗派。,道元|永平寺|只管打坐|禅宗|地方武士,,,,国立歴史民俗博物館「第2展示室 中世」,https://www.rekihaku.ac.jp/exhibitions/room2/
日本史段階別デッキ｜Deck 1｜日本史の最重要骨格400語,JH-000364,364,Deck 1｜骨格・基礎,宗教・宗派,曹洞宗,そうとうしゅう,,中世,日本全国,越前から全国,鎌倉時代以後,1227,JH-000364-R03,reverse,結果・関連,reverse,何につながった・どんな意味があった？,地方の武士や民衆に広がり、臨済宗(りんざいしゅう)と並ぶ日本**禅宗**の大きな流れとなった。,道元|永平寺|只管打坐|禅宗|地方武士,,,,国立歴史民俗博物館「第2展示室 中世」,https://www.rekihaku.ac.jp/exhibitions/room2/
日本史段階別デッキ｜Deck 1｜日本史の最重要骨格400語,JH-000364,364,Deck 1｜骨格・基礎,宗教・宗派,曹洞宗,そうとうしゅう,,中世,日本全国,越前から全国,鎌倉時代以後,1227,JH-000364-I01,integrated,統合説明,integrated,「曹洞宗(そうとうしゅう)」について説明せよ。,鎌倉時代以後、越前から全国を主な舞台として、道元(どうげん)が越前の永平寺を拠点に、悟りを求める手段としてではなく坐ること自体を重んじる**只管打坐(しかんたざ)**を説いた宗派。 地方の武士や民衆に広がり、臨済宗(りんざいしゅう)と並ぶ日本**禅宗**の大きな流れとなった。,道元|永平寺|只管打坐|禅宗|地方武士,,,,国立歴史民俗博物館「第2展示室 中世」,https://www.rekihaku.ac.jp/exhibitions/room2/
日本史段階別デッキ｜Deck 1｜日本史の最重要骨格400語,JH-000099,99,Deck 1｜骨格・基礎,人物,北条泰時,ほうじょうやすとき,,中世,関東,鎌倉幕府,鎌倉時代中期,1230,JH-000099-B01,beginner,用語の特定,identify,三代執権として御成敗式目(ごせいばいしきもく)を制定し、評定衆(ひょうじょうしゅう)を置いた人物は？,北条泰時,北条泰時,,,,国立歴史民俗博物館「第2展示室 中世」,https://www.rekihaku.ac.jp/exhibitions/room2/
日本史段階別デッキ｜Deck 1｜日本史の最重要骨格400語,JH-000099,99,Deck 1｜骨格・基礎,人物,北条泰時,ほうじょうやすとき,,中世,関東,鎌倉幕府,鎌倉時代中期,1230,JH-000099-B02,beginner,時期,time,北条泰時が主に活動したのはいつ？,鎌倉時代中期,鎌倉時代中期,,,,国立歴史民俗博物館「第2展示室 中世」,https://www.rekihaku.ac.jp/exhibitions/room2/
日本史段階別デッキ｜Deck 1｜日本史の最重要骨格400語,JH-000099,99,Deck 1｜骨格・基礎,人物,北条泰時,ほうじょうやすとき,,中世,関東,鎌倉幕府,鎌倉時代中期,1230,JH-000099-B03,beginner,制度,content,北条泰時が制定した武家法は？,御成敗式目(ごせいばいしきもく),御成敗式目,,,,国立歴史民俗博物館「第2展示室 中世」,https://www.rekihaku.ac.jp/exhibitions/room2/
日本史段階別デッキ｜Deck 1｜日本史の最重要骨格400語,JH-000099,99,Deck 1｜骨格・基礎,人物,北条泰時,ほうじょうやすとき,,中世,関東,鎌倉幕府,鎌倉時代中期,1230,JH-000099-R01,reverse,時期,time,主に活動したのはいつ？,**鎌倉時代中期**,鎌倉時代中期,,,,国立歴史民俗博物館「第2展示室 中世」,https://www.rekihaku.ac.jp/exhibitions/room2/
日本史段階別デッキ｜Deck 1｜日本史の最重要骨格400語,JH-000099,99,Deck 1｜骨格・基礎,人物,北条泰時,ほうじょうやすとき,,中世,関東,鎌倉幕府,鎌倉時代中期,1230,JH-000099-R02,reverse,複合説明,reverse,何をした？,鎌倉幕府の三代執権として**評定衆(ひょうじょうしゅう)**を置き、合議政治を整え、**御成敗式目(ごせいばいしきもく)**を制定した。,執権|評定衆|御成敗式目|合議政治|所領訴訟,,,,国立歴史民俗博物館「第2展示室 中世」,https://www.rekihaku.ac.jp/exhibitions/room2/
日本史段階別デッキ｜Deck 1｜日本史の最重要骨格400語,JH-000099,99,Deck 1｜骨格・基礎,人物,北条泰時,ほうじょうやすとき,,中世,関東,鎌倉幕府,鎌倉時代中期,1230,JH-000099-R03,reverse,結果・関連,reverse,何につながった・どんな意味があった？,承久の乱(じょうきゅうのらん)後に広がった所領訴訟を武家社会の慣習と道理で処理し、**執権**政治を安定させた。,執権|評定衆|御成敗式目|合議政治|所領訴訟,,,,国立歴史民俗博物館「第2展示室 中世」,https://www.rekihaku.ac.jp/exhibitions/room2/
日本史段階別デッキ｜Deck 1｜日本史の最重要骨格400語,JH-000099,99,Deck 1｜骨格・基礎,人物,北条泰時,ほうじょうやすとき,,中世,関東,鎌倉幕府,鎌倉時代中期,1230,JH-000099-I01,integrated,統合説明,integrated,「北条泰時」について説明せよ。,鎌倉時代中期、鎌倉幕府を主な舞台として、鎌倉幕府の三代執権として**評定衆(ひょうじょうしゅう)**を置き、合議政治を整え、**御成敗式目(ごせいばいしきもく)**を制定した。 承久の乱(じょうきゅうのらん)後に広がった所領訴訟を武家社会の慣習と道理で処理し、**執権**政治を安定させた。,執権|評定衆|御成敗式目|合議政治|所領訴訟,,,,国立歴史民俗博物館「第2展示室 中世」,https://www.rekihaku.ac.jp/exhibitions/room2/
日本史段階別デッキ｜Deck 1｜日本史の最重要骨格400語,JH-000026,26,Deck 1｜骨格・基礎,制度・政策・法律,御成敗式目,ごせいばいしきもく,貞永式目,中世,関東,鎌倉幕府の支配下,1232年,1232,JH-000026-B01,beginner,用語の特定,identify,北条泰時が武家社会の慣習と道理を基準に、御家人の裁判基準として制定した法は？,御成敗式目(ごせいばいしきもく),御成敗式目,貞永式目,,,国立歴史民俗博物館「第2展示室 中世」,https://www.rekihaku.ac.jp/exhibitions/room2/
日本史段階別デッキ｜Deck 1｜日本史の最重要骨格400語,JH-000026,26,Deck 1｜骨格・基礎,制度・政策・法律,御成敗式目,ごせいばいしきもく,貞永式目,中世,関東,鎌倉幕府の支配下,1232年,1232,JH-000026-B02,beginner,時期,time,御成敗式目(ごせいばいしきもく)が成立・実施されたのはいつ？,1232年,1232年,,,1232年：「人に、身に」（1232）合う御成敗式目,国立歴史民俗博物館「第2展示室 中世」,https://www.rekihaku.ac.jp/exhibitions/room2/
日本史段階別デッキ｜Deck 1｜日本史の最重要骨格400語,JH-000026,26,Deck 1｜骨格・基礎,制度・政策・法律,御成敗式目,ごせいばいしきもく,貞永式目,中世,関東,鎌倉幕府の支配下,1232年,1232,JH-000026-B03,beginner,人物,person,御成敗式目(ごせいばいしきもく)を制定した執権は？,北条泰時,北条泰時,,,,国立歴史民俗博物館「第2展示室 中世」,https://www.rekihaku.ac.jp/exhibitions/room2/
日本史段階別デッキ｜Deck 1｜日本史の最重要骨格400語,JH-000026,26,Deck 1｜骨格・基礎,制度・政策・法律,御成敗式目,ごせいばいしきもく,貞永式目,中世,関東,鎌倉幕府の支配下,1232年,1232,JH-000026-R01,reverse,時期,time,成立・実施されたのはいつ？,**1232年**,1232年,,,1232年：「人に、身に」（1232）合う御成敗式目,国立歴史民俗博物館「第2展示室 中世」,https://www.rekihaku.ac.jp/exhibitions/room2/
日本史段階別デッキ｜Deck 1｜日本史の最重要骨格400語,JH-000026,26,Deck 1｜骨格・基礎,制度・政策・法律,御成敗式目,ごせいばいしきもく,貞永式目,中世,関東,鎌倉幕府の支配下,1232年,1232,JH-000026-R02,reverse,複合説明,reverse,どんな制度・政策・法律？,鎌倉幕府で執権**北条泰時**が、武家社会の慣習と道理を基準に制定した御家人の裁判法。,北条泰時|武家社会の慣習と道理|御家人|裁判法|武家法,,,,国立歴史民俗博物館「第2展示室 中世」,https://www.rekihaku.ac.jp/exhibitions/room2/
日本史段階別デッキ｜Deck 1｜日本史の最重要骨格400語,JH-000026,26,Deck 1｜骨格・基礎,制度・政策・法律,御成敗式目,ごせいばいしきもく,貞永式目,中世,関東,鎌倉幕府の支配下,1232年,1232,JH-000026-R03,reverse,結果・関連,reverse,何につながった・どんな意味があった？,**武家法**の基本となり、後世の室町幕府・戦国大名の法にも大きな影響を与えた。,北条泰時|武家社会の慣習と道理|御家人|裁判法|武家法,,,,国立歴史民俗博物館「第2展示室 中世」,https://www.rekihaku.ac.jp/exhibitions/room2/
日本史段階別デッキ｜Deck 1｜日本史の最重要骨格400語,JH-000026,26,Deck 1｜骨格・基礎,制度・政策・法律,御成敗式目,ごせいばいしきもく,貞永式目,中世,関東,鎌倉幕府の支配下,1232年,1232,JH-000026-I01,integrated,統合説明,integrated,「御成敗式目(ごせいばいしきもく)」について説明せよ。,1232年、鎌倉幕府の支配下を主な舞台として、鎌倉幕府で執権**北条泰時**が、武家社会の慣習と道理を基準に制定した御家人の裁判法。 **武家法**の基本となり、後世の室町幕府・戦国大名の法にも大きな影響を与えた。,北条泰時|武家社会の慣習と道理|御家人|裁判法|武家法,,,1232年：「人に、身に」（1232）合う御成敗式目,国立歴史民俗博物館「第2展示室 中世」,https://www.rekihaku.ac.jp/exhibitions/room2/
日本史段階別デッキ｜Deck 1｜日本史の最重要骨格400語,JH-000104,104,Deck 1｜骨格・基礎,人物,日蓮,にちれん,,中世,日本全国,鎌倉・関東,鎌倉時代中期,1253,JH-000104-B01,beginner,用語の特定,identify,『法華経』こそ末法の正しい教えとして題目を唱えることを説いた僧は？,日蓮(にちれん),日蓮,,,,国立歴史民俗博物館「第2展示室 中世」,https://www.rekihaku.ac.jp/exhibitions/room2/
日本史段階別デッキ｜Deck 1｜日本史の最重要骨格400語,JH-000104,104,Deck 1｜骨格・基礎,人物,日蓮,にちれん,,中世,日本全国,鎌倉・関東,鎌倉時代中期,1253,JH-000104-B02,beginner,時期,time,日蓮(にちれん)が主に活動したのはいつ？,鎌倉時代中期,鎌倉時代中期,,,,国立歴史民俗博物館「第2展示室 中世」,https://www.rekihaku.ac.jp/exhibitions/room2/
日本史段階別デッキ｜Deck 1｜日本史の最重要骨格400語,JH-000104,104,Deck 1｜骨格・基礎,人物,日蓮,にちれん,,中世,日本全国,鎌倉・関東,鎌倉時代中期,1253,JH-000104-B03,beginner,内容,content,日蓮(にちれん)が唱えるよう説いた題目は？,南無妙法蓮華経,南無妙法蓮華経,,,,国立歴史民俗博物館「第2展示室 中世」,https://www.rekihaku.ac.jp/exhibitions/room2/
日本史段階別デッキ｜Deck 1｜日本史の最重要骨格400語,JH-000104,104,Deck 1｜骨格・基礎,人物,日蓮,にちれん,,中世,日本全国,鎌倉・関東,鎌倉時代中期,1253,JH-000104-R01,reverse,時期,time,主に活動したのはいつ？,**鎌倉時代中期**,鎌倉時代中期,,,,国立歴史民俗博物館「第2展示室 中世」,https://www.rekihaku.ac.jp/exhibitions/room2/
日本史段階別デッキ｜Deck 1｜日本史の最重要骨格400語,JH-000104,104,Deck 1｜骨格・基礎,人物,日蓮,にちれん,,中世,日本全国,鎌倉・関東,鎌倉時代中期,1253,JH-000104-R02,reverse,複合説明,reverse,何をした？,鎌倉を中心に、**法華経**こそ末法の正法であるとして「南無妙法蓮華経」の題目を唱えることを説いた僧。,法華経|南無妙法蓮華経|立正安国論|日蓮宗|末法,,,,国立歴史民俗博物館「第2展示室 中世」,https://www.rekihaku.ac.jp/exhibitions/room2/
日本史段階別デッキ｜Deck 1｜日本史の最重要骨格400語,JH-000104,104,Deck 1｜骨格・基礎,人物,日蓮,にちれん,,中世,日本全国,鎌倉・関東,鎌倉時代中期,1253,JH-000104-R03,reverse,結果・関連,reverse,何につながった・どんな意味があった？,『**立正安国論**』で他宗を批判し幕府へ国難を警告し、日蓮宗(にちれんしゅう)の祖となった。,法華経|南無妙法蓮華経|立正安国論|日蓮宗|末法,,,,国立歴史民俗博物館「第2展示室 中世」,https://www.rekihaku.ac.jp/exhibitions/room2/
日本史段階別デッキ｜Deck 1｜日本史の最重要骨格400語,JH-000104,104,Deck 1｜骨格・基礎,人物,日蓮,にちれん,,中世,日本全国,鎌倉・関東,鎌倉時代中期,1253,JH-000104-I01,integrated,統合説明,integrated,「日蓮(にちれん)」について説明せよ。,鎌倉時代中期、鎌倉・関東を主な舞台として、鎌倉を中心に、**法華経**こそ末法の正法であるとして「南無妙法蓮華経」の題目を唱えることを説いた僧。 『**立正安国論**』で他宗を批判し幕府へ国難を警告し、日蓮宗(にちれんしゅう)の祖となった。,法華経|南無妙法蓮華経|立正安国論|日蓮宗|末法,,,,国立歴史民俗博物館「第2展示室 中世」,https://www.rekihaku.ac.jp/exhibitions/room2/
日本史段階別デッキ｜Deck 1｜日本史の最重要骨格400語,JH-000365,365,Deck 1｜骨格・基礎,宗教・宗派,日蓮宗,にちれんしゅう,,中世,日本全国,鎌倉・関東から全国,鎌倉時代以後,1253,JH-000365-B01,beginner,用語の特定,identify,日蓮(にちれん)を祖とし、『法華経』と題目を信仰の中心に置く宗派は？,日蓮宗(にちれんしゅう),日蓮宗,,,,国立歴史民俗博物館「第2展示室 中世」,https://www.rekihaku.ac.jp/exhibitions/room2/
日本史段階別デッキ｜Deck 1｜日本史の最重要骨格400語,JH-000365,365,Deck 1｜骨格・基礎,宗教・宗派,日蓮宗,にちれんしゅう,,中世,日本全国,鎌倉・関東から全国,鎌倉時代以後,1253,JH-000365-B02,beginner,時期,time,日蓮宗(にちれんしゅう)が成立・広まったのはいつ？,鎌倉時代以後,鎌倉時代以後,,,,国立歴史民俗博物館「第2展示室 中世」,https://www.rekihaku.ac.jp/exhibitions/room2/
日本史段階別デッキ｜Deck 1｜日本史の最重要骨格400語,JH-000365,365,Deck 1｜骨格・基礎,宗教・宗派,日蓮宗,にちれんしゅう,,中世,日本全国,鎌倉・関東から全国,鎌倉時代以後,1253,JH-000365-B03,beginner,内容,content,日蓮宗(にちれんしゅう)で唱える題目は？,南無妙法蓮華経,南無妙法蓮華経,,,,国立歴史民俗博物館「第2展示室 中世」,https://www.rekihaku.ac.jp/exhibitions/room2/
日本史段階別デッキ｜Deck 1｜日本史の最重要骨格400語,JH-000365,365,Deck 1｜骨格・基礎,宗教・宗派,日蓮宗,にちれんしゅう,,中世,日本全国,鎌倉・関東から全国,鎌倉時代以後,1253,JH-000365-R01,reverse,時期,time,成立・広まったのはいつ？,**鎌倉時代以後**,鎌倉時代以後,,,,国立歴史民俗博物館「第2展示室 中世」,https://www.rekihaku.ac.jp/exhibitions/room2/
日本史段階別デッキ｜Deck 1｜日本史の最重要骨格400語,JH-000365,365,Deck 1｜骨格・基礎,宗教・宗派,日蓮宗,にちれんしゅう,,中世,日本全国,鎌倉・関東から全国,鎌倉時代以後,1253,JH-000365-R02,reverse,複合説明,reverse,どんな宗教・教え？,日蓮(にちれん)を祖とし、**法華経**を唯一の正しい教えとして「南無妙法蓮華経」の題目を唱える宗派。,日蓮|法華経|南無妙法蓮華経|題目|教団,,,,国立歴史民俗博物館「第2展示室 中世」,https://www.rekihaku.ac.jp/exhibitions/room2/
日本史段階別デッキ｜Deck 1｜日本史の最重要骨格400語,JH-000365,365,Deck 1｜骨格・基礎,宗教・宗派,日蓮宗,にちれんしゅう,,中世,日本全国,鎌倉・関東から全国,鎌倉時代以後,1253,JH-000365-R03,reverse,結果・関連,reverse,何につながった・どんな意味があった？,都市の商工業者や武士などにも広まり、近世以後も大きな**教団**を形成した。,日蓮|法華経|南無妙法蓮華経|題目|教団,,,,国立歴史民俗博物館「第2展示室 中世」,https://www.rekihaku.ac.jp/exhibitions/room2/
日本史段階別デッキ｜Deck 1｜日本史の最重要骨格400語,JH-000365,365,Deck 1｜骨格・基礎,宗教・宗派,日蓮宗,にちれんしゅう,,中世,日本全国,鎌倉・関東から全国,鎌倉時代以後,1253,JH-000365-I01,integrated,統合説明,integrated,「日蓮宗(にちれんしゅう)」について説明せよ。,鎌倉時代以後、鎌倉・関東から全国を主な舞台として、日蓮(にちれん)を祖とし、**法華経**を唯一の正しい教えとして「南無妙法蓮華経」の題目を唱える宗派。 都市の商工業者や武士などにも広まり、近世以後も大きな**教団**を形成した。,日蓮|法華経|南無妙法蓮華経|題目|教団,,,,国立歴史民俗博物館「第2展示室 中世」,https://www.rekihaku.ac.jp/exhibitions/room2/
日本史段階別デッキ｜Deck 1｜日本史の最重要骨格400語,JH-000100,100,Deck 1｜骨格・基礎,人物,北条時宗,ほうじょうときむね,,中世,関東,鎌倉幕府と九州北部,鎌倉時代後期,1270,JH-000100-B01,beginner,用語の特定,identify,八代執権として元寇(げんこう)に対応し、九州防衛を指揮した人物は？,北条時宗,北条時宗,,,,国立歴史民俗博物館「第2展示室 中世」,https://www.rekihaku.ac.jp/exhibitions/room2/
日本史段階別デッキ｜Deck 1｜日本史の最重要骨格400語,JH-000100,100,Deck 1｜骨格・基礎,人物,北条時宗,ほうじょうときむね,,中世,関東,鎌倉幕府と九州北部,鎌倉時代後期,1270,JH-000100-B02,beginner,時期,time,北条時宗が主に活動したのはいつ？,鎌倉時代後期,鎌倉時代後期,,,,国立歴史民俗博物館「第2展示室 中世」,https://www.rekihaku.ac.jp/exhibitions/room2/
日本史段階別デッキ｜Deck 1｜日本史の最重要骨格400語,JH-000100,100,Deck 1｜骨格・基礎,人物,北条時宗,ほうじょうときむね,,中世,関東,鎌倉幕府と九州北部,鎌倉時代後期,1270,JH-000100-B03,beginner,関連,relation,北条時宗が対応した対外戦争は？,元寇(げんこう),元寇,,,,国立歴史民俗博物館「第2展示室 中世」,https://www.rekihaku.ac.jp/exhibitions/room2/
日本史段階別デッキ｜Deck 1｜日本史の最重要骨格400語,JH-000100,100,Deck 1｜骨格・基礎,人物,北条時宗,ほうじょうときむね,,中世,関東,鎌倉幕府と九州北部,鎌倉時代後期,1270,JH-000100-R01,reverse,時期,time,主に活動したのはいつ？,**鎌倉時代後期**,鎌倉時代後期,,,,国立歴史民俗博物館「第2展示室 中世」,https://www.rekihaku.ac.jp/exhibitions/room2/
日本史段階別デッキ｜Deck 1｜日本史の最重要骨格400語,JH-000100,100,Deck 1｜骨格・基礎,人物,北条時宗,ほうじょうときむね,,中世,関東,鎌倉幕府と九州北部,鎌倉時代後期,1270,JH-000100-R02,reverse,複合説明,reverse,何をした？,鎌倉幕府の八代執権として、九州北部の御家人を動員し、**元寇(げんこう)**への防衛を指揮した。,執権|元寇|九州防衛|御家人|幕府財政,,,,国立歴史民俗博物館「第2展示室 中世」,https://www.rekihaku.ac.jp/exhibitions/room2/
日本史段階別デッキ｜Deck 1｜日本史の最重要骨格400語,JH-000100,100,Deck 1｜骨格・基礎,人物,北条時宗,ほうじょうときむね,,中世,関東,鎌倉幕府と九州北部,鎌倉時代後期,1270,JH-000100-R03,reverse,結果・関連,reverse,何につながった・どんな意味があった？,異国警固を強化したが、戦後に新たな土地を与えにくく、**御家人**の不満と幕府財政の負担が増した。,執権|元寇|九州防衛|御家人|幕府財政,,,,国立歴史民俗博物館「第2展示室 中世」,https://www.rekihaku.ac.jp/exhibitions/room2/
日本史段階別デッキ｜Deck 1｜日本史の最重要骨格400語,JH-000100,100,Deck 1｜骨格・基礎,人物,北条時宗,ほうじょうときむね,,中世,関東,鎌倉幕府と九州北部,鎌倉時代後期,1270,JH-000100-I01,integrated,統合説明,integrated,「北条時宗」について説明せよ。,鎌倉時代後期、鎌倉幕府と九州北部を主な舞台として、鎌倉幕府の八代執権として、九州北部の御家人を動員し、**元寇(げんこう)**への防衛を指揮した。 異国警固を強化したが、戦後に新たな土地を与えにくく、**御家人**の不満と幕府財政の負担が増した。,執権|元寇|九州防衛|御家人|幕府財政,,,,国立歴史民俗博物館「第2展示室 中世」,https://www.rekihaku.ac.jp/exhibitions/room2/
日本史段階別デッキ｜Deck 1｜日本史の最重要骨格400語,JH-000027,27,Deck 1｜骨格・基礎,戦争・争乱,元寇,げんこう,,中世,東アジア,九州北部と元・高麗,鎌倉時代後期,1274,JH-000027-B01,beginner,用語の特定,identify,元と高麗の軍が二度にわたり九州北部へ来襲した対外戦争は？,元寇(げんこう),元寇,,,,国立歴史民俗博物館「第2展示室 中世」,https://www.rekihaku.ac.jp/exhibitions/room2/
日本史段階別デッキ｜Deck 1｜日本史の最重要骨格400語,JH-000027,27,Deck 1｜骨格・基礎,戦争・争乱,元寇,げんこう,,中世,東アジア,九州北部と元・高麗,鎌倉時代後期,1274,JH-000027-B02,beginner,時期,time,元寇(げんこう)が戦われたのはいつ？,鎌倉時代後期,鎌倉時代後期,,,,国立歴史民俗博物館「第2展示室 中世」,https://www.rekihaku.ac.jp/exhibitions/room2/
日本史段階別デッキ｜Deck 1｜日本史の最重要骨格400語,JH-000027,27,Deck 1｜骨格・基礎,戦争・争乱,元寇,げんこう,,中世,東アジア,九州北部と元・高麗,鎌倉時代後期,1274,JH-000027-B03,beginner,内容,content,元寇(げんこう)を構成する二度の戦いは？,文永の役(ぶんえいのえき)と弘安の役(こうあんのえき),文永の役と弘安の役,,,,国立歴史民俗博物館「第2展示室 中世」,https://www.rekihaku.ac.jp/exhibitions/room2/
日本史段階別デッキ｜Deck 1｜日本史の最重要骨格400語,JH-000027,27,Deck 1｜骨格・基礎,戦争・争乱,元寇,げんこう,,中世,東アジア,九州北部と元・高麗,鎌倉時代後期,1274,JH-000027-R01,reverse,時期,time,戦われたのはいつ？,**鎌倉時代後期**,鎌倉時代後期,,,,国立歴史民俗博物館「第2展示室 中世」,https://www.rekihaku.ac.jp/exhibitions/room2/
日本史段階別デッキ｜Deck 1｜日本史の最重要骨格400語,JH-000027,27,Deck 1｜骨格・基礎,戦争・争乱,元寇,げんこう,,中世,東アジア,九州北部と元・高麗,鎌倉時代後期,1274,JH-000027-R02,reverse,複合説明,reverse,何が起きた？,元・高麗の軍が九州北部へ二度来襲した**文永の役(ぶんえいのえき)**と**弘安の役(こうあんのえき)**の総称。,元|高麗|文永の役|弘安の役|防塁|恩賞不足,,,,国立歴史民俗博物館「第2展示室 中世」,https://www.rekihaku.ac.jp/exhibitions/room2/
日本史段階別デッキ｜Deck 1｜日本史の最重要骨格400語,JH-000027,27,Deck 1｜骨格・基礎,戦争・争乱,元寇,げんこう,,中世,東アジア,九州北部と元・高麗,鎌倉時代後期,1274,JH-000027-R03,reverse,結果・関連,reverse,何につながった・どんな意味があった？,幕府は**防塁**建設と御家人動員で撃退したが、恩賞不足と防衛負担が御家人窮乏・幕府衰退を進めた。,元|高麗|文永の役|弘安の役|防塁|恩賞不足,,,,国立歴史民俗博物館「第2展示室 中世」,https://www.rekihaku.ac.jp/exhibitions/room2/
日本史段階別デッキ｜Deck 1｜日本史の最重要骨格400語,JH-000027,27,Deck 1｜骨格・基礎,戦争・争乱,元寇,げんこう,,中世,東アジア,九州北部と元・高麗,鎌倉時代後期,1274,JH-000027-I01,integrated,統合説明,integrated,「元寇(げんこう)」について説明せよ。,鎌倉時代後期、九州北部と元・高麗を主な舞台として、元・高麗の軍が九州北部へ二度来襲した**文永の役(ぶんえいのえき)**と**弘安の役(こうあんのえき)**の総称。 幕府は**防塁**建設と御家人動員で撃退したが、恩賞不足と防衛負担が御家人窮乏・幕府衰退を進めた。,元|高麗|文永の役|弘安の役|防塁|恩賞不足,,,,国立歴史民俗博物館「第2展示室 中世」,https://www.rekihaku.ac.jp/exhibitions/room2/
日本史段階別デッキ｜Deck 1｜日本史の最重要骨格400語,JH-000190,190,Deck 1｜骨格・基礎,戦争・争乱,文永の役,ぶんえいのえき,,中世,九州,博多湾岸,1274年,1274,JH-000190-B01,beginner,用語の特定,identify,元・高麗軍が最初に博多湾岸へ来襲した元寇(げんこう)の戦いは？,文永の役(ぶんえいのえき),文永の役,,,,国立歴史民俗博物館「第2展示室 中世」,https://www.rekihaku.ac.jp/exhibitions/room2/
日本史段階別デッキ｜Deck 1｜日本史の最重要骨格400語,JH-000190,190,Deck 1｜骨格・基礎,戦争・争乱,文永の役,ぶんえいのえき,,中世,九州,博多湾岸,1274年,1274,JH-000190-B02,beginner,時期,time,文永の役(ぶんえいのえき)が戦われたのはいつ？,1274年,1274年,,,1274年：「人に無し」（1274）文永の役,国立歴史民俗博物館「第2展示室 中世」,https://www.rekihaku.ac.jp/exhibitions/room2/
日本史段階別デッキ｜Deck 1｜日本史の最重要骨格400語,JH-000190,190,Deck 1｜骨格・基礎,戦争・争乱,文永の役,ぶんえいのえき,,中世,九州,博多湾岸,1274年,1274,JH-000190-B03,beginner,順序,relation,文永の役(ぶんえいのえき)は元寇(げんこう)の何度目の来襲？,一度目,一度目,,,,国立歴史民俗博物館「第2展示室 中世」,https://www.rekihaku.ac.jp/exhibitions/room2/
日本史段階別デッキ｜Deck 1｜日本史の最重要骨格400語,JH-000190,190,Deck 1｜骨格・基礎,戦争・争乱,文永の役,ぶんえいのえき,,中世,九州,博多湾岸,1274年,1274,JH-000190-R01,reverse,時期,time,戦われたのはいつ？,**1274年**,1274年,,,1274年：「人に無し」（1274）文永の役,国立歴史民俗博物館「第2展示室 中世」,https://www.rekihaku.ac.jp/exhibitions/room2/
日本史段階別デッキ｜Deck 1｜日本史の最重要骨格400語,JH-000190,190,Deck 1｜骨格・基礎,戦争・争乱,文永の役,ぶんえいのえき,,中世,九州,博多湾岸,1274年,1274,JH-000190-R02,reverse,複合説明,reverse,何が起きた？,博多湾岸で**元・高麗軍**が日本へ最初に来襲し、集団戦法や火薬兵器を用いた戦い。,元・高麗軍|集団戦法|火薬兵器|石築地|異国警固,,,,国立歴史民俗博物館「第2展示室 中世」,https://www.rekihaku.ac.jp/exhibitions/room2/
日本史段階別デッキ｜Deck 1｜日本史の最重要骨格400語,JH-000190,190,Deck 1｜骨格・基礎,戦争・争乱,文永の役,ぶんえいのえき,,中世,九州,博多湾岸,1274年,1274,JH-000190-R03,reverse,結果・関連,reverse,何につながった・どんな意味があった？,幕府はその経験を受けて異国警固を強化し、博多湾岸に**石築地**を築いて再来襲へ備えた。,元・高麗軍|集団戦法|火薬兵器|石築地|異国警固,,,,国立歴史民俗博物館「第2展示室 中世」,https://www.rekihaku.ac.jp/exhibitions/room2/
日本史段階別デッキ｜Deck 1｜日本史の最重要骨格400語,JH-000190,190,Deck 1｜骨格・基礎,戦争・争乱,文永の役,ぶんえいのえき,,中世,九州,博多湾岸,1274年,1274,JH-000190-I01,integrated,統合説明,integrated,「文永の役(ぶんえいのえき)」について説明せよ。,1274年、博多湾岸を主な舞台として、博多湾岸で**元・高麗軍**が日本へ最初に来襲し、集団戦法や火薬兵器を用いた戦い。 幕府はその経験を受けて異国警固を強化し、博多湾岸に**石築地**を築いて再来襲へ備えた。,元・高麗軍|集団戦法|火薬兵器|石築地|異国警固,,,1274年：「人に無し」（1274）文永の役,国立歴史民俗博物館「第2展示室 中世」,https://www.rekihaku.ac.jp/exhibitions/room2/
日本史段階別デッキ｜Deck 1｜日本史の最重要骨格400語,JH-000346,346,Deck 1｜骨格・基礎,人物,一遍,いっぺん,,中世,日本全国,全国各地,鎌倉時代後期,1275,JH-000346-B01,beginner,用語の特定,identify,踊念仏と賦算で全国を遊行し、時宗を開いた僧は？,一遍(いっぺん),一遍,,,,国立歴史民俗博物館「第2展示室 中世」,https://www.rekihaku.ac.jp/exhibitions/room2/
日本史段階別デッキ｜Deck 1｜日本史の最重要骨格400語,JH-000346,346,Deck 1｜骨格・基礎,人物,一遍,いっぺん,,中世,日本全国,全国各地,鎌倉時代後期,1275,JH-000346-B02,beginner,時期,time,一遍(いっぺん)が主に活動したのはいつ？,鎌倉時代後期,鎌倉時代後期,,,,国立歴史民俗博物館「第2展示室 中世」,https://www.rekihaku.ac.jp/exhibitions/room2/
日本史段階別デッキ｜Deck 1｜日本史の最重要骨格400語,JH-000346,346,Deck 1｜骨格・基礎,人物,一遍,いっぺん,,中世,日本全国,全国各地,鎌倉時代後期,1275,JH-000346-B03,beginner,宗教,content,一遍(いっぺん)が開いた宗派は？,時宗,時宗,,,,国立歴史民俗博物館「第2展示室 中世」,https://www.rekihaku.ac.jp/exhibitions/room2/
日本史段階別デッキ｜Deck 1｜日本史の最重要骨格400語,JH-000346,346,Deck 1｜骨格・基礎,人物,一遍,いっぺん,,中世,日本全国,全国各地,鎌倉時代後期,1275,JH-000346-R01,reverse,時期,time,主に活動したのはいつ？,**鎌倉時代後期**,鎌倉時代後期,,,,国立歴史民俗博物館「第2展示室 中世」,https://www.rekihaku.ac.jp/exhibitions/room2/
日本史段階別デッキ｜Deck 1｜日本史の最重要骨格400語,JH-000346,346,Deck 1｜骨格・基礎,人物,一遍,いっぺん,,中世,日本全国,全国各地,鎌倉時代後期,1275,JH-000346-R02,reverse,複合説明,reverse,何をした？,全国を遊行して念仏札を配る**賦算**と踊念仏を行い、時宗を開いた僧。,賦算|踊念仏|遊行|時宗|民衆,,,,国立歴史民俗博物館「第2展示室 中世」,https://www.rekihaku.ac.jp/exhibitions/room2/
日本史段階別デッキ｜Deck 1｜日本史の最重要骨格400語,JH-000346,346,Deck 1｜骨格・基礎,人物,一遍,いっぺん,,中世,日本全国,全国各地,鎌倉時代後期,1275,JH-000346-R03,reverse,結果・関連,reverse,何につながった・どんな意味があった？,身分や信心の有無を問わず念仏による救いを説き、**民衆**に広く受け入れられた。,賦算|踊念仏|遊行|時宗|民衆,,,,国立歴史民俗博物館「第2展示室 中世」,https://www.rekihaku.ac.jp/exhibitions/room2/
日本史段階別デッキ｜Deck 1｜日本史の最重要骨格400語,JH-000346,346,Deck 1｜骨格・基礎,人物,一遍,いっぺん,,中世,日本全国,全国各地,鎌倉時代後期,1275,JH-000346-I01,integrated,統合説明,integrated,「一遍(いっぺん)」について説明せよ。,鎌倉時代後期、全国各地を主な舞台として、全国を遊行して念仏札を配る**賦算**と踊念仏を行い、時宗を開いた僧。 身分や信心の有無を問わず念仏による救いを説き、**民衆**に広く受け入れられた。,賦算|踊念仏|遊行|時宗|民衆,,,,国立歴史民俗博物館「第2展示室 中世」,https://www.rekihaku.ac.jp/exhibitions/room2/
日本史段階別デッキ｜Deck 1｜日本史の最重要骨格400語,JH-000366,366,Deck 1｜骨格・基礎,宗教・宗派,時宗,じしゅう,,中世,日本全国,全国各地,鎌倉時代後期以後,1275,JH-000366-B01,beginner,用語の特定,identify,一遍(いっぺん)が開き、遊行・賦算・踊念仏によって教えを広めた宗派は？,時宗,時宗,,,,国立歴史民俗博物館「第2展示室 中世」,https://www.rekihaku.ac.jp/exhibitions/room2/
日本史段階別デッキ｜Deck 1｜日本史の最重要骨格400語,JH-000366,366,Deck 1｜骨格・基礎,宗教・宗派,時宗,じしゅう,,中世,日本全国,全国各地,鎌倉時代後期以後,1275,JH-000366-B02,beginner,時期,time,時宗が成立・広まったのはいつ？,鎌倉時代後期以後,鎌倉時代後期以後,,,,国立歴史民俗博物館「第2展示室 中世」,https://www.rekihaku.ac.jp/exhibitions/room2/
日本史段階別デッキ｜Deck 1｜日本史の最重要骨格400語,JH-000366,366,Deck 1｜骨格・基礎,宗教・宗派,時宗,じしゅう,,中世,日本全国,全国各地,鎌倉時代後期以後,1275,JH-000366-B03,beginner,人物,person,時宗を開いた人物は？,一遍(いっぺん),一遍,,,,国立歴史民俗博物館「第2展示室 中世」,https://www.rekihaku.ac.jp/exhibitions/room2/
日本史段階別デッキ｜Deck 1｜日本史の最重要骨格400語,JH-000366,366,Deck 1｜骨格・基礎,宗教・宗派,時宗,じしゅう,,中世,日本全国,全国各地,鎌倉時代後期以後,1275,JH-000366-R01,reverse,時期,time,成立・広まったのはいつ？,**鎌倉時代後期以後**,鎌倉時代後期以後,,,,国立歴史民俗博物館「第2展示室 中世」,https://www.rekihaku.ac.jp/exhibitions/room2/
日本史段階別デッキ｜Deck 1｜日本史の最重要骨格400語,JH-000366,366,Deck 1｜骨格・基礎,宗教・宗派,時宗,じしゅう,,中世,日本全国,全国各地,鎌倉時代後期以後,1275,JH-000366-R02,reverse,複合説明,reverse,どんな宗教・教え？,一遍(いっぺん)が全国を遊行し、**賦算**と踊念仏によって阿弥陀仏の救いを広めた宗派。,一遍|賦算|踊念仏|遊行|民衆,,,,国立歴史民俗博物館「第2展示室 中世」,https://www.rekihaku.ac.jp/exhibitions/room2/
日本史段階別デッキ｜Deck 1｜日本史の最重要骨格400語,JH-000366,366,Deck 1｜骨格・基礎,宗教・宗派,時宗,じしゅう,,中世,日本全国,全国各地,鎌倉時代後期以後,1275,JH-000366-R03,reverse,結果・関連,reverse,何につながった・どんな意味があった？,定住寺院に限らず各地の市や道を巡り、中世の**民衆**・交通社会と結びついた。,一遍|賦算|踊念仏|遊行|民衆,,,,国立歴史民俗博物館「第2展示室 中世」,https://www.rekihaku.ac.jp/exhibitions/room2/
日本史段階別デッキ｜Deck 1｜日本史の最重要骨格400語,JH-000366,366,Deck 1｜骨格・基礎,宗教・宗派,時宗,じしゅう,,中世,日本全国,全国各地,鎌倉時代後期以後,1275,JH-000366-I01,integrated,統合説明,integrated,「時宗」について説明せよ。,鎌倉時代後期以後、全国各地を主な舞台として、一遍(いっぺん)が全国を遊行し、**賦算**と踊念仏によって阿弥陀仏の救いを広めた宗派。 定住寺院に限らず各地の市や道を巡り、中世の**民衆**・交通社会と結びついた。,一遍|賦算|踊念仏|遊行|民衆,,,,国立歴史民俗博物館「第2展示室 中世」,https://www.rekihaku.ac.jp/exhibitions/room2/
日本史段階別デッキ｜Deck 1｜日本史の最重要骨格400語,JH-000191,191,Deck 1｜骨格・基礎,戦争・争乱,弘安の役,こうあんのえき,,中世,九州,博多湾岸・九州北部,1281年,1281,JH-000191-B01,beginner,用語の特定,identify,元が東路軍・江南軍の大軍で再来襲した、元寇(げんこう)二度目の戦いは？,弘安の役(こうあんのえき),弘安の役,,,,国立歴史民俗博物館「第2展示室 中世」,https://www.rekihaku.ac.jp/exhibitions/room2/
日本史段階別デッキ｜Deck 1｜日本史の最重要骨格400語,JH-000191,191,Deck 1｜骨格・基礎,戦争・争乱,弘安の役,こうあんのえき,,中世,九州,博多湾岸・九州北部,1281年,1281,JH-000191-B02,beginner,時期,time,弘安の役(こうあんのえき)が戦われたのはいつ？,1281年,1281年,,,1281年：「人に敗」（1281）れる弘安の役,国立歴史民俗博物館「第2展示室 中世」,https://www.rekihaku.ac.jp/exhibitions/room2/
日本史段階別デッキ｜Deck 1｜日本史の最重要骨格400語,JH-000191,191,Deck 1｜骨格・基礎,戦争・争乱,弘安の役,こうあんのえき,,中世,九州,博多湾岸・九州北部,1281年,1281,JH-000191-B03,beginner,順序,relation,弘安の役(こうあんのえき)は元寇(げんこう)の何度目の来襲？,二度目,二度目,,,,国立歴史民俗博物館「第2展示室 中世」,https://www.rekihaku.ac.jp/exhibitions/room2/
日本史段階別デッキ｜Deck 1｜日本史の最重要骨格400語,JH-000191,191,Deck 1｜骨格・基礎,戦争・争乱,弘安の役,こうあんのえき,,中世,九州,博多湾岸・九州北部,1281年,1281,JH-000191-R01,reverse,時期,time,戦われたのはいつ？,**1281年**,1281年,,,1281年：「人に敗」（1281）れる弘安の役,国立歴史民俗博物館「第2展示室 中世」,https://www.rekihaku.ac.jp/exhibitions/room2/
日本史段階別デッキ｜Deck 1｜日本史の最重要骨格400語,JH-000191,191,Deck 1｜骨格・基礎,戦争・争乱,弘安の役,こうあんのえき,,中世,九州,博多湾岸・九州北部,1281年,1281,JH-000191-R02,reverse,複合説明,reverse,何が起きた？,博多湾岸・九州北部へ元の**東路軍・江南軍**が再来襲した元寇(げんこう)二度目の戦い。,東路軍|江南軍|石築地|御家人|恩賞不足,,,,国立歴史民俗博物館「第2展示室 中世」,https://www.rekihaku.ac.jp/exhibitions/room2/
日本史段階別デッキ｜Deck 1｜日本史の最重要骨格400語,JH-000191,191,Deck 1｜骨格・基礎,戦争・争乱,弘安の役,こうあんのえき,,中世,九州,博多湾岸・九州北部,1281年,1281,JH-000191-R03,reverse,結果・関連,reverse,何につながった・どんな意味があった？,**石築地**と御家人の防戦、暴風などで元軍は撤退したが、戦後の恩賞不足が幕府を苦しめた。,東路軍|江南軍|石築地|御家人|恩賞不足,,,,国立歴史民俗博物館「第2展示室 中世」,https://www.rekihaku.ac.jp/exhibitions/room2/
日本史段階別デッキ｜Deck 1｜日本史の最重要骨格400語,JH-000191,191,Deck 1｜骨格・基礎,戦争・争乱,弘安の役,こうあんのえき,,中世,九州,博多湾岸・九州北部,1281年,1281,JH-000191-I01,integrated,統合説明,integrated,「弘安の役(こうあんのえき)」について説明せよ。,1281年、博多湾岸・九州北部を主な舞台として、博多湾岸・九州北部へ元の**東路軍・江南軍**が再来襲した元寇(げんこう)二度目の戦い。 **石築地**と御家人の防戦、暴風などで元軍は撤退したが、戦後の恩賞不足が幕府を苦しめた。,東路軍|江南軍|石築地|御家人|恩賞不足,,,1281年：「人に敗」（1281）れる弘安の役,国立歴史民俗博物館「第2展示室 中世」,https://www.rekihaku.ac.jp/exhibitions/room2/
日本史段階別デッキ｜Deck 1｜日本史の最重要骨格400語,JH-000192,192,Deck 1｜骨格・基礎,制度・政策・法律,永仁の徳政令,えいにんのとくせいれい,,中世,日本全国,鎌倉幕府の支配下,1297年,1297,JH-000192-B01,beginner,用語の特定,identify,困窮した御家人を救うため、売却・質入れした所領の無償返還などを命じた法令は？,永仁の徳政令(えいにんのとくせいれい),永仁の徳政令,,,,国立歴史民俗博物館「第2展示室 中世」,https://www.rekihaku.ac.jp/exhibitions/room2/
日本史段階別デッキ｜Deck 1｜日本史の最重要骨格400語,JH-000192,192,Deck 1｜骨格・基礎,制度・政策・法律,永仁の徳政令,えいにんのとくせいれい,,中世,日本全国,鎌倉幕府の支配下,1297年,1297,JH-000192-B02,beginner,時期,time,永仁の徳政令(えいにんのとくせいれい)が成立・実施されたのはいつ？,1297年,1297年,,,1297年：「皮肉な」（1297）永仁の徳政令,国立歴史民俗博物館「第2展示室 中世」,https://www.rekihaku.ac.jp/exhibitions/room2/
日本史段階別デッキ｜Deck 1｜日本史の最重要骨格400語,JH-000192,192,Deck 1｜骨格・基礎,制度・政策・法律,永仁の徳政令,えいにんのとくせいれい,,中世,日本全国,鎌倉幕府の支配下,1297年,1297,JH-000192-B03,beginner,対象,actor,永仁の徳政令(えいにんのとくせいれい)が救済の主な対象とした人々は？,御家人,御家人,,,,国立歴史民俗博物館「第2展示室 中世」,https://www.rekihaku.ac.jp/exhibitions/room2/
日本史段階別デッキ｜Deck 1｜日本史の最重要骨格400語,JH-000192,192,Deck 1｜骨格・基礎,制度・政策・法律,永仁の徳政令,えいにんのとくせいれい,,中世,日本全国,鎌倉幕府の支配下,1297年,1297,JH-000192-R01,reverse,時期,time,成立・実施されたのはいつ？,**1297年**,1297年,,,1297年：「皮肉な」（1297）永仁の徳政令,国立歴史民俗博物館「第2展示室 中世」,https://www.rekihaku.ac.jp/exhibitions/room2/
日本史段階別デッキ｜Deck 1｜日本史の最重要骨格400語,JH-000192,192,Deck 1｜骨格・基礎,制度・政策・法律,永仁の徳政令,えいにんのとくせいれい,,中世,日本全国,鎌倉幕府の支配下,1297年,1297,JH-000192-R02,reverse,複合説明,reverse,どんな制度・政策・法律？,鎌倉幕府が困窮した**御家人**を救うため、所領の売買・質入れを制限し、非御家人・凡下からの無償返還を命じた法令。,御家人|所領返還|非御家人|金融|資金難,,,,国立歴史民俗博物館「第2展示室 中世」,https://www.rekihaku.ac.jp/exhibitions/room2/
日本史段階別デッキ｜Deck 1｜日本史の最重要骨格400語,JH-000192,192,Deck 1｜骨格・基礎,制度・政策・法律,永仁の徳政令,えいにんのとくせいれい,,中世,日本全国,鎌倉幕府の支配下,1297年,1297,JH-000192-R03,reverse,結果・関連,reverse,何につながった・どんな意味があった？,一時的救済を図ったが、金融業者が**御家人**への融資を避け、かえって資金難を深める面もあった。,御家人|所領返還|非御家人|金融|資金難,,,,国立歴史民俗博物館「第2展示室 中世」,https://www.rekihaku.ac.jp/exhibitions/room2/
日本史段階別デッキ｜Deck 1｜日本史の最重要骨格400語,JH-000192,192,Deck 1｜骨格・基礎,制度・政策・法律,永仁の徳政令,えいにんのとくせいれい,,中世,日本全国,鎌倉幕府の支配下,1297年,1297,JH-000192-I01,integrated,統合説明,integrated,「永仁の徳政令(えいにんのとくせいれい)」について説明せよ。,1297年、鎌倉幕府の支配下を主な舞台として、鎌倉幕府が困窮した**御家人**を救うため、所領の売買・質入れを制限し、非御家人・凡下からの無償返還を命じた法令。 一時的救済を図ったが、金融業者が**御家人**への融資を避け、かえって資金難を深める面もあった。,御家人|所領返還|非御家人|金融|資金難,,,1297年：「皮肉な」（1297）永仁の徳政令,国立歴史民俗博物館「第2展示室 中世」,https://www.rekihaku.ac.jp/exhibitions/room2/
日本史段階別デッキ｜Deck 1｜日本史の最重要骨格400語,JH-000272,272,Deck 1｜骨格・基礎,民族・身分・社会集団,アイヌ,あいぬ,,中世,北海道,北海道・樺太・千島列島,中世〜近世以後,1300,JH-000272-B01,beginner,用語の特定,identify,北海道・樺太(からふと)・千島列島(ちしまれっとう)を主な生活圏とし、独自の言語・文化と交易圏を持った先住民族は？,アイヌ,アイヌ,,,,国立歴史民俗博物館「第2展示室 中世」,https://www.rekihaku.ac.jp/exhibitions/room2/
日本史段階別デッキ｜Deck 1｜日本史の最重要骨格400語,JH-000272,272,Deck 1｜骨格・基礎,民族・身分・社会集団,アイヌ,あいぬ,,中世,北海道,北海道・樺太・千島列島,中世〜近世以後,1300,JH-000272-B02,beginner,時期,time,アイヌが歴史上重要になるのはいつ？,中世〜近世以後,中世〜近世以後,,,,国立歴史民俗博物館「第2展示室 中世」,https://www.rekihaku.ac.jp/exhibitions/room2/
日本史段階別デッキ｜Deck 1｜日本史の最重要骨格400語,JH-000272,272,Deck 1｜骨格・基礎,民族・身分・社会集団,アイヌ,あいぬ,,中世,北海道,北海道・樺太・千島列島,中世〜近世以後,1300,JH-000272-B03,beginner,地域,place,アイヌが主な生活圏とした地域は？,北海道・樺太(からふと)・千島列島(ちしまれっとう),北海道・樺太・千島列島,,,,国立歴史民俗博物館「第2展示室 中世」,https://www.rekihaku.ac.jp/exhibitions/room2/
日本史段階別デッキ｜Deck 1｜日本史の最重要骨格400語,JH-000272,272,Deck 1｜骨格・基礎,民族・身分・社会集団,アイヌ,あいぬ,,中世,北海道,北海道・樺太・千島列島,中世〜近世以後,1300,JH-000272-R01,reverse,時期,time,歴史上重要になるのはいつ？,**中世〜近世以後**,中世〜近世以後,,,,国立歴史民俗博物館「第2展示室 中世」,https://www.rekihaku.ac.jp/exhibitions/room2/
日本史段階別デッキ｜Deck 1｜日本史の最重要骨格400語,JH-000272,272,Deck 1｜骨格・基礎,民族・身分・社会集団,アイヌ,あいぬ,,中世,北海道,北海道・樺太・千島列島,中世〜近世以後,1300,JH-000272-R02,reverse,複合説明,reverse,どのような人々・集団？,**北海道**・樺太(からふと)・千島列島(ちしまれっとう)を主な生活圏とし、狩猟・漁労・交易を営みながら独自の言語と文化を築いた先住民族。,北海道|樺太|千島列島|先住民族|交易|松前藩,,,,国立歴史民俗博物館「第2展示室 中世」,https://www.rekihaku.ac.jp/exhibitions/room2/
日本史段階別デッキ｜Deck 1｜日本史の最重要骨格400語,JH-000272,272,Deck 1｜骨格・基礎,民族・身分・社会集団,アイヌ,あいぬ,,中世,北海道,北海道・樺太・千島列島,中世〜近世以後,1300,JH-000272-R03,reverse,結果・関連,reverse,何につながった・どんな意味があった？,和人や北東アジアとの**交易**を担ったが、松前藩や近代国家の進出によって支配と同化を強いられた。,北海道|樺太|千島列島|先住民族|交易|松前藩,,,,国立歴史民俗博物館「第2展示室 中世」,https://www.rekihaku.ac.jp/exhibitions/room2/
日本史段階別デッキ｜Deck 1｜日本史の最重要骨格400語,JH-000272,272,Deck 1｜骨格・基礎,民族・身分・社会集団,アイヌ,あいぬ,,中世,北海道,北海道・樺太・千島列島,中世〜近世以後,1300,JH-000272-I01,integrated,統合説明,integrated,「アイヌ」について説明せよ。,中世〜近世以後、北海道・樺太・千島列島を主な舞台として、**北海道**・樺太(からふと)・千島列島(ちしまれっとう)を主な生活圏とし、狩猟・漁労・交易を営みながら独自の言語と文化を築いた先住民族。 和人や北東アジアとの**交易**を担ったが、松前藩や近代国家の進出によって支配と同化を強いられた。,北海道|樺太|千島列島|先住民族|交易|松前藩,,,,国立歴史民俗博物館「第2展示室 中世」,https://www.rekihaku.ac.jp/exhibitions/room2/
日本史段階別デッキ｜Deck 1｜日本史の最重要骨格400語,JH-000384,384,Deck 1｜骨格・基礎,文学・美術・建築,徒然草,つれづれぐさ,,中世,近畿,京都を中心とする社会,鎌倉時代末期〜南北朝時代初期,1330,JH-000384-B01,beginner,用語の特定,identify,吉田兼好(よしだけんこう)が人生や社会を仏教的無常観と批評的視点で記した随筆は？,徒然草(つれづれぐさ),徒然草,,,,文化庁「文化遺産オンライン」,https://online.bunka.go.jp/
日本史段階別デッキ｜Deck 1｜日本史の最重要骨格400語,JH-000384,384,Deck 1｜骨格・基礎,文学・美術・建築,徒然草,つれづれぐさ,,中世,近畿,京都を中心とする社会,鎌倉時代末期〜南北朝時代初期,1330,JH-000384-B02,beginner,時期,time,徒然草(つれづれぐさ)が成立・制作されたのはいつ？,鎌倉時代末期〜南北朝時代初期,鎌倉時代末期〜南北朝時代初期,,,,文化庁「文化遺産オンライン」,https://online.bunka.go.jp/
日本史段階別デッキ｜Deck 1｜日本史の最重要骨格400語,JH-000384,384,Deck 1｜骨格・基礎,文学・美術・建築,徒然草,つれづれぐさ,,中世,近畿,京都を中心とする社会,鎌倉時代末期〜南北朝時代初期,1330,JH-000384-B03,beginner,人物,person,徒然草(つれづれぐさ)の作者は？,吉田兼好(よしだけんこう),吉田兼好,,,,文化庁「文化遺産オンライン」,https://online.bunka.go.jp/
日本史段階別デッキ｜Deck 1｜日本史の最重要骨格400語,JH-000384,384,Deck 1｜骨格・基礎,文学・美術・建築,徒然草,つれづれぐさ,,中世,近畿,京都を中心とする社会,鎌倉時代末期〜南北朝時代初期,1330,JH-000384-R01,reverse,時期,time,成立・制作されたのはいつ？,**鎌倉時代末期〜南北朝時代初期**,鎌倉時代末期〜南北朝時代初期,,,,文化庁「文化遺産オンライン」,https://online.bunka.go.jp/
日本史段階別デッキ｜Deck 1｜日本史の最重要骨格400語,JH-000384,384,Deck 1｜骨格・基礎,文学・美術・建築,徒然草,つれづれぐさ,,中世,近畿,京都を中心とする社会,鎌倉時代末期〜南北朝時代初期,1330,JH-000384-R02,reverse,複合説明,reverse,どのような作品・様式？,京都を中心とする中世社会を背景に、**吉田兼好(よしだけんこう)**が人生・自然・有職故実などを無常観と批評精神で記した随筆。,吉田兼好|無常観|有職故実|随筆|中世社会,,,,文化庁「文化遺産オンライン」,https://online.bunka.go.jp/
日本史段階別デッキ｜Deck 1｜日本史の最重要骨格400語,JH-000384,384,Deck 1｜骨格・基礎,文学・美術・建築,徒然草,つれづれぐさ,,中世,近畿,京都を中心とする社会,鎌倉時代末期〜南北朝時代初期,1330,JH-000384-R03,reverse,結果・関連,reverse,何につながった・どんな意味があった？,中世知識人の価値観や日常観察を伝え、『枕草子』『方丈記(ほうじょうき)』と並ぶ**随筆**文学の代表となった。,吉田兼好|無常観|有職故実|随筆|中世社会,,,,文化庁「文化遺産オンライン」,https://online.bunka.go.jp/
日本史段階別デッキ｜Deck 1｜日本史の最重要骨格400語,JH-000384,384,Deck 1｜骨格・基礎,文学・美術・建築,徒然草,つれづれぐさ,,中世,近畿,京都を中心とする社会,鎌倉時代末期〜南北朝時代初期,1330,JH-000384-I01,integrated,統合説明,integrated,「徒然草(つれづれぐさ)」について説明せよ。,鎌倉時代末期〜南北朝時代初期、京都を中心とする社会を主な舞台として、京都を中心とする中世社会を背景に、**吉田兼好(よしだけんこう)**が人生・自然・有職故実などを無常観と批評精神で記した随筆。 中世知識人の価値観や日常観察を伝え、『枕草子』『方丈記(ほうじょうき)』と並ぶ**随筆**文学の代表となった。,吉田兼好|無常観|有職故実|随筆|中世社会,,,,文化庁「文化遺産オンライン」,https://online.bunka.go.jp/
日本史段階別デッキ｜Deck 1｜日本史の最重要骨格400語,JH-000232,232,Deck 1｜骨格・基礎,人物,後醍醐天皇,ごだいごてんのう,,中世,近畿,京都・吉野,鎌倉時代末期〜南北朝時代,1331,JH-000232-B01,beginner,用語の特定,identify,鎌倉幕府を倒して建武の新政(けんむのしんせい)を始め、のち吉野に南朝を開いた天皇は？,後醍醐天皇(ごだいごてんのう),後醍醐天皇,,,,東京大学史料編纂所,https://www.hi.u-tokyo.ac.jp/
日本史段階別デッキ｜Deck 1｜日本史の最重要骨格400語,JH-000232,232,Deck 1｜骨格・基礎,人物,後醍醐天皇,ごだいごてんのう,,中世,近畿,京都・吉野,鎌倉時代末期〜南北朝時代,1331,JH-000232-B02,beginner,時期,time,後醍醐天皇(ごだいごてんのう)が主に活動したのはいつ？,鎌倉時代末期〜南北朝時代,鎌倉時代末期〜南北朝時代,,,,東京大学史料編纂所,https://www.hi.u-tokyo.ac.jp/
日本史段階別デッキ｜Deck 1｜日本史の最重要骨格400語,JH-000232,232,Deck 1｜骨格・基礎,人物,後醍醐天皇,ごだいごてんのう,,中世,近畿,京都・吉野,鎌倉時代末期〜南北朝時代,1331,JH-000232-B03,beginner,政策,content,後醍醐天皇(ごだいごてんのう)が鎌倉幕府滅亡後に始めた政治は？,建武の新政(けんむのしんせい),建武の新政,,,,東京大学史料編纂所,https://www.hi.u-tokyo.ac.jp/
日本史段階別デッキ｜Deck 1｜日本史の最重要骨格400語,JH-000232,232,Deck 1｜骨格・基礎,人物,後醍醐天皇,ごだいごてんのう,,中世,近畿,京都・吉野,鎌倉時代末期〜南北朝時代,1331,JH-000232-R01,reverse,時期,time,主に活動したのはいつ？,**鎌倉時代末期〜南北朝時代**,鎌倉時代末期〜南北朝時代,,,,東京大学史料編纂所,https://www.hi.u-tokyo.ac.jp/
日本史段階別デッキ｜Deck 1｜日本史の最重要骨格400語,JH-000232,232,Deck 1｜骨格・基礎,人物,後醍醐天皇,ごだいごてんのう,,中世,近畿,京都・吉野,鎌倉時代末期〜南北朝時代,1331,JH-000232-R02,reverse,複合説明,reverse,何をした？,京都で倒幕を進めて鎌倉幕府を滅ぼし、**建武の新政(けんむのしんせい)**を開始したのち、足利尊氏(あしかがたかうじ)と対立して吉野に南朝を開いた天皇。,鎌倉幕府滅亡|建武の新政|足利尊氏|吉野|南朝,,,,東京大学史料編纂所,https://www.hi.u-tokyo.ac.jp/
日本史段階別デッキ｜Deck 1｜日本史の最重要骨格400語,JH-000232,232,Deck 1｜骨格・基礎,人物,後醍醐天皇,ごだいごてんのう,,中世,近畿,京都・吉野,鎌倉時代末期〜南北朝時代,1331,JH-000232-R03,reverse,結果・関連,reverse,何につながった・どんな意味があった？,**天皇中心の政治再建**を試みたが**武士の不満**を招き、南北朝の内乱につながった。,鎌倉幕府滅亡|建武の新政|足利尊氏|吉野|南朝,,,,東京大学史料編纂所,https://www.hi.u-tokyo.ac.jp/
日本史段階別デッキ｜Deck 1｜日本史の最重要骨格400語,JH-000232,232,Deck 1｜骨格・基礎,人物,後醍醐天皇,ごだいごてんのう,,中世,近畿,京都・吉野,鎌倉時代末期〜南北朝時代,1331,JH-000232-I01,integrated,統合説明,integrated,「後醍醐天皇(ごだいごてんのう)」について説明せよ。,鎌倉時代末期〜南北朝時代、京都・吉野を主な舞台として、京都で倒幕を進めて鎌倉幕府を滅ぼし、**建武の新政(けんむのしんせい)**を開始したのち、足利尊氏(あしかがたかうじ)と対立して吉野に南朝を開いた天皇。 **天皇中心の政治再建**を試みたが**武士の不満**を招き、南北朝の内乱につながった。,鎌倉幕府滅亡|建武の新政|足利尊氏|吉野|南朝,,,,東京大学史料編纂所,https://www.hi.u-tokyo.ac.jp/
日本史段階別デッキ｜Deck 1｜日本史の最重要骨格400語,JH-000193,193,Deck 1｜骨格・基礎,事件・政変,鎌倉幕府滅亡,かまくらばくふめつぼう,,中世,関東,鎌倉・京都・畿内,1333年,1333,JH-000193-B01,beginner,用語の特定,identify,後醍醐天皇(ごだいごてんのう)の倒幕運動に足利尊氏(あしかがたかうじ)・新田義貞らが応じ、北条氏の政権が倒れた出来事は？,鎌倉幕府滅亡,鎌倉幕府滅亡,,,,東京大学史料編纂所,https://www.hi.u-tokyo.ac.jp/
日本史段階別デッキ｜Deck 1｜日本史の最重要骨格400語,JH-000193,193,Deck 1｜骨格・基礎,事件・政変,鎌倉幕府滅亡,かまくらばくふめつぼう,,中世,関東,鎌倉・京都・畿内,1333年,1333,JH-000193-B02,beginner,時期,time,鎌倉幕府滅亡の年は？,1333年,1333年,,,1333年：「一味散々」（1333）鎌倉幕府滅亡,東京大学史料編纂所,https://www.hi.u-tokyo.ac.jp/
日本史段階別デッキ｜Deck 1｜日本史の最重要骨格400語,JH-000193,193,Deck 1｜骨格・基礎,事件・政変,鎌倉幕府滅亡,かまくらばくふめつぼう,,中世,関東,鎌倉・京都・畿内,1333年,1333,JH-000193-B03,beginner,人物,person,鎌倉幕府滅亡の際に鎌倉を攻略した武将は？,新田義貞,新田義貞,,,,東京大学史料編纂所,https://www.hi.u-tokyo.ac.jp/
日本史段階別デッキ｜Deck 1｜日本史の最重要骨格400語,JH-000193,193,Deck 1｜骨格・基礎,事件・政変,鎌倉幕府滅亡,かまくらばくふめつぼう,,中世,関東,鎌倉・京都・畿内,1333年,1333,JH-000193-R01,reverse,時期,time,鎌倉幕府が滅亡したのはいつ？,**1333年**,1333年,,,1333年：「一味散々」（1333）鎌倉幕府滅亡,東京大学史料編纂所,https://www.hi.u-tokyo.ac.jp/
日本史段階別デッキ｜Deck 1｜日本史の最重要骨格400語,JH-000193,193,Deck 1｜骨格・基礎,事件・政変,鎌倉幕府滅亡,かまくらばくふめつぼう,,中世,関東,鎌倉・京都・畿内,1333年,1333,JH-000193-R02,reverse,複合説明,reverse,何が起きた？,**後醍醐天皇(ごだいごてんのう)**の倒幕運動に足利尊氏(あしかがたかうじ)や新田義貞が応じ、京都の六波羅探題(ろくはらたんだい)と鎌倉の北条氏を攻めて幕府を倒した。,後醍醐天皇|足利尊氏|新田義貞|北条氏|建武の新政,,,,東京大学史料編纂所,https://www.hi.u-tokyo.ac.jp/
日本史段階別デッキ｜Deck 1｜日本史の最重要骨格400語,JH-000193,193,Deck 1｜骨格・基礎,事件・政変,鎌倉幕府滅亡,かまくらばくふめつぼう,,中世,関東,鎌倉・京都・畿内,1333年,1333,JH-000193-R03,reverse,結果・関連,reverse,何につながった・どんな意味があった？,約150年続いた武家政権が終わり、**後醍醐天皇(ごだいごてんのう)**の建武の新政(けんむのしんせい)へ移行した。,後醍醐天皇|足利尊氏|新田義貞|北条氏|建武の新政,,,,東京大学史料編纂所,https://www.hi.u-tokyo.ac.jp/
日本史段階別デッキ｜Deck 1｜日本史の最重要骨格400語,JH-000193,193,Deck 1｜骨格・基礎,事件・政変,鎌倉幕府滅亡,かまくらばくふめつぼう,,中世,関東,鎌倉・京都・畿内,1333年,1333,JH-000193-I01,integrated,統合説明,integrated,「鎌倉幕府滅亡」について説明せよ。,1333年、鎌倉・京都・畿内を主な舞台として、**後醍醐天皇(ごだいごてんのう)**の倒幕運動に足利尊氏(あしかがたかうじ)や新田義貞が応じ、京都の六波羅探題(ろくはらたんだい)と鎌倉の北条氏を攻めて幕府を倒した。 約150年続いた武家政権が終わり、**後醍醐天皇(ごだいごてんのう)**の建武の新政(けんむのしんせい)へ移行した。,後醍醐天皇|足利尊氏|新田義貞|北条氏|建武の新政,,,1333年：「一味散々」（1333）鎌倉幕府滅亡,東京大学史料編纂所,https://www.hi.u-tokyo.ac.jp/
日本史段階別デッキ｜Deck 1｜日本史の最重要骨格400語,JH-000194,194,Deck 1｜骨格・基礎,制度・政策・法律,建武の新政,けんむのしんせい,,中世,近畿,京都の朝廷と日本全国,1333〜1336年,1334,JH-000194-B01,beginner,用語の特定,identify,鎌倉幕府滅亡後、後醍醐天皇(ごだいごてんのう)が天皇中心の政治を目指して行った改革は？,建武の新政(けんむのしんせい),建武の新政,,,,東京大学史料編纂所,https://www.hi.u-tokyo.ac.jp/
日本史段階別デッキ｜Deck 1｜日本史の最重要骨格400語,JH-000194,194,Deck 1｜骨格・基礎,制度・政策・法律,建武の新政,けんむのしんせい,,中世,近畿,京都の朝廷と日本全国,1333〜1336年,1334,JH-000194-B02,beginner,時期,time,建武の新政(けんむのしんせい)が成立・実施されたのはいつ？,1333〜1336年,1333〜1336年,,,1333〜1336年：「一味散々」（1333）年から「いざ見ろ」（1336）年までの建武の新政,東京大学史料編纂所,https://www.hi.u-tokyo.ac.jp/
日本史段階別デッキ｜Deck 1｜日本史の最重要骨格400語,JH-000194,194,Deck 1｜骨格・基礎,制度・政策・法律,建武の新政,けんむのしんせい,,中世,近畿,京都の朝廷と日本全国,1333〜1336年,1334,JH-000194-B03,beginner,人物,person,建武の新政(けんむのしんせい)を主導した天皇は？,後醍醐天皇(ごだいごてんのう),後醍醐天皇,,,,東京大学史料編纂所,https://www.hi.u-tokyo.ac.jp/
日本史段階別デッキ｜Deck 1｜日本史の最重要骨格400語,JH-000194,194,Deck 1｜骨格・基礎,制度・政策・法律,建武の新政,けんむのしんせい,,中世,近畿,京都の朝廷と日本全国,1333〜1336年,1334,JH-000194-R01,reverse,時期,time,成立・実施されたのはいつ？,**1333〜1336年**,1333〜1336年,,,1333〜1336年：「一味散々」（1333）年から「いざ見ろ」（1336）年までの建武の新政,東京大学史料編纂所,https://www.hi.u-tokyo.ac.jp/
日本史段階別デッキ｜Deck 1｜日本史の最重要骨格400語,JH-000194,194,Deck 1｜骨格・基礎,制度・政策・法律,建武の新政,けんむのしんせい,,中世,近畿,京都の朝廷と日本全国,1333〜1336年,1334,JH-000194-R02,reverse,複合説明,reverse,どんな制度・政策・法律？,鎌倉幕府滅亡後、京都の朝廷で**後醍醐天皇(ごだいごてんのう)**が天皇親政を掲げ、旧来の公家政治と武家支配を再編しようとした政治。,後醍醐天皇|天皇親政|論功行賞|足利尊氏|南北朝,,,,東京大学史料編纂所,https://www.hi.u-tokyo.ac.jp/
日本史段階別デッキ｜Deck 1｜日本史の最重要骨格400語,JH-000194,194,Deck 1｜骨格・基礎,制度・政策・法律,建武の新政,けんむのしんせい,,中世,近畿,京都の朝廷と日本全国,1333〜1336年,1334,JH-000194-R03,reverse,結果・関連,reverse,何につながった・どんな意味があった？,**論功行賞**や政策への武士の不満が高まり、足利尊氏(あしかがたかうじ)の離反と室町幕府成立、南北朝分裂につながった。,後醍醐天皇|天皇親政|論功行賞|足利尊氏|南北朝,,,,東京大学史料編纂所,https://www.hi.u-tokyo.ac.jp/
日本史段階別デッキ｜Deck 1｜日本史の最重要骨格400語,JH-000194,194,Deck 1｜骨格・基礎,制度・政策・法律,建武の新政,けんむのしんせい,,中世,近畿,京都の朝廷と日本全国,1333〜1336年,1334,JH-000194-I01,integrated,統合説明,integrated,「建武の新政(けんむのしんせい)」について説明せよ。,1333〜1336年、京都の朝廷と日本全国を主な舞台として、鎌倉幕府滅亡後、京都の朝廷で**後醍醐天皇(ごだいごてんのう)**が天皇親政を掲げ、旧来の公家政治と武家支配を再編しようとした政治。 **論功行賞**や政策への武士の不満が高まり、足利尊氏(あしかがたかうじ)の離反と室町幕府成立、南北朝分裂につながった。,後醍醐天皇|天皇親政|論功行賞|足利尊氏|南北朝,,,1333〜1336年：「一味散々」（1333）年から「いざ見ろ」（1336）年までの建武の新政,東京大学史料編纂所,https://www.hi.u-tokyo.ac.jp/
日本史段階別デッキ｜Deck 1｜日本史の最重要骨格400語,JH-000005,5,Deck 1｜骨格・基礎,朝廷・政権・幕府,室町幕府,むろまちばくふ,,中世,日本全国,京都を中心とする全国,1336〜1573年,1336,JH-000005-B01,beginner,用語の特定,identify,足利尊氏(あしかがたかうじ)が開き、京都を本拠に足利氏が将軍を継承した武家政権は？,室町幕府,室町幕府,,,,国立歴史民俗博物館「第2展示室 中世」,https://www.rekihaku.ac.jp/exhibitions/room2/
日本史段階別デッキ｜Deck 1｜日本史の最重要骨格400語,JH-000005,5,Deck 1｜骨格・基礎,朝廷・政権・幕府,室町幕府,むろまちばくふ,,中世,日本全国,京都を中心とする全国,1336〜1573年,1336,JH-000005-B02,beginner,時期,time,室町幕府が存在・機能したのはいつ？,1336〜1573年,1336〜1573年,,,1336〜1573年：「いざ見ろ」（1336）年から「以後波」（1573）年までの室町幕府,国立歴史民俗博物館「第2展示室 中世」,https://www.rekihaku.ac.jp/exhibitions/room2/
日本史段階別デッキ｜Deck 1｜日本史の最重要骨格400語,JH-000005,5,Deck 1｜骨格・基礎,朝廷・政権・幕府,室町幕府,むろまちばくふ,,中世,日本全国,京都を中心とする全国,1336〜1573年,1336,JH-000005-B03,beginner,人物,person,室町幕府を開いた武将は？,足利尊氏(あしかがたかうじ),足利尊氏,,,,国立歴史民俗博物館「第2展示室 中世」,https://www.rekihaku.ac.jp/exhibitions/room2/
日本史段階別デッキ｜Deck 1｜日本史の最重要骨格400語,JH-000005,5,Deck 1｜骨格・基礎,朝廷・政権・幕府,室町幕府,むろまちばくふ,,中世,日本全国,京都を中心とする全国,1336〜1573年,1336,JH-000005-R01,reverse,時期,time,存在・機能したのはいつ？,**1336〜1573年**,1336〜1573年,,,1336〜1573年：「いざ見ろ」（1336）年から「以後波」（1573）年までの室町幕府,国立歴史民俗博物館「第2展示室 中世」,https://www.rekihaku.ac.jp/exhibitions/room2/
日本史段階別デッキ｜Deck 1｜日本史の最重要骨格400語,JH-000005,5,Deck 1｜骨格・基礎,朝廷・政権・幕府,室町幕府,むろまちばくふ,,中世,日本全国,京都を中心とする全国,1336〜1573年,1336,JH-000005-R02,reverse,複合説明,reverse,何をした？,**足利尊氏(あしかがたかうじ)**が京都を中心に開き、将軍と守護大名の連合的な支配によって全国を統治した武家政権。,足利尊氏|京都|守護大名|日明貿易|応仁の乱|戦国時代,,,,国立歴史民俗博物館「第2展示室 中世」,https://www.rekihaku.ac.jp/exhibitions/room2/
日本史段階別デッキ｜Deck 1｜日本史の最重要骨格400語,JH-000005,5,Deck 1｜骨格・基礎,朝廷・政権・幕府,室町幕府,むろまちばくふ,,中世,日本全国,京都を中心とする全国,1336〜1573年,1336,JH-000005-R03,reverse,結果・関連,reverse,何につながった・どんな意味があった？,日明貿易や**京都**文化を発展させたが、応仁の乱(おうにんのらん)後は将軍権力が弱まり戦国時代へ移行した。,足利尊氏|京都|守護大名|日明貿易|応仁の乱|戦国時代,,,,国立歴史民俗博物館「第2展示室 中世」,https://www.rekihaku.ac.jp/exhibitions/room2/
日本史段階別デッキ｜Deck 1｜日本史の最重要骨格400語,JH-000005,5,Deck 1｜骨格・基礎,朝廷・政権・幕府,室町幕府,むろまちばくふ,,中世,日本全国,京都を中心とする全国,1336〜1573年,1336,JH-000005-I01,integrated,統合説明,integrated,「室町幕府」について説明せよ。,1336〜1573年、京都を中心とする全国を主な舞台として、**足利尊氏(あしかがたかうじ)**が京都を中心に開き、将軍と守護大名の連合的な支配によって全国を統治した武家政権。 日明貿易や**京都**文化を発展させたが、応仁の乱(おうにんのらん)後は将軍権力が弱まり戦国時代へ移行した。,足利尊氏|京都|守護大名|日明貿易|応仁の乱|戦国時代,,,1336〜1573年：「いざ見ろ」（1336）年から「以後波」（1573）年までの室町幕府,国立歴史民俗博物館「第2展示室 中世」,https://www.rekihaku.ac.jp/exhibitions/room2/
日本史段階別デッキ｜Deck 1｜日本史の最重要骨格400語,JH-000028,28,Deck 1｜骨格・基礎,人物,足利尊氏,あしかがたかうじ,,中世,近畿,京都を中心とする全国,鎌倉時代末期〜南北朝時代,1336,JH-000028-B01,beginner,用語の特定,identify,鎌倉幕府打倒に加わった後、後醍醐天皇(ごだいごてんのう)と対立して室町幕府を開いた武将は？,足利尊氏(あしかがたかうじ),足利尊氏,,,,東京大学史料編纂所,https://www.hi.u-tokyo.ac.jp/
日本史段階別デッキ｜Deck 1｜日本史の最重要骨格400語,JH-000028,28,Deck 1｜骨格・基礎,人物,足利尊氏,あしかがたかうじ,,中世,近畿,京都を中心とする全国,鎌倉時代末期〜南北朝時代,1336,JH-000028-B02,beginner,時期,time,足利尊氏(あしかがたかうじ)が主に活動したのはいつ？,鎌倉時代末期〜南北朝時代,鎌倉時代末期〜南北朝時代,,,,東京大学史料編纂所,https://www.hi.u-tokyo.ac.jp/
日本史段階別デッキ｜Deck 1｜日本史の最重要骨格400語,JH-000028,28,Deck 1｜骨格・基礎,人物,足利尊氏,あしかがたかうじ,,中世,近畿,京都を中心とする全国,鎌倉時代末期〜南北朝時代,1336,JH-000028-B03,beginner,関係勢力,relation,足利尊氏(あしかがたかうじ)が京都に擁立した朝廷を何という？,北朝,北朝,,,,東京大学史料編纂所,https://www.hi.u-tokyo.ac.jp/
日本史段階別デッキ｜Deck 1｜日本史の最重要骨格400語,JH-000028,28,Deck 1｜骨格・基礎,人物,足利尊氏,あしかがたかうじ,,中世,近畿,京都を中心とする全国,鎌倉時代末期〜南北朝時代,1336,JH-000028-R01,reverse,時期,time,主に活動したのはいつ？,**鎌倉時代末期〜南北朝時代**,鎌倉時代末期〜南北朝時代,,,,東京大学史料編纂所,https://www.hi.u-tokyo.ac.jp/
日本史段階別デッキ｜Deck 1｜日本史の最重要骨格400語,JH-000028,28,Deck 1｜骨格・基礎,人物,足利尊氏,あしかがたかうじ,,中世,近畿,京都を中心とする全国,鎌倉時代末期〜南北朝時代,1336,JH-000028-R02,reverse,複合説明,reverse,何をした？,後醍醐天皇(ごだいごてんのう)の倒幕に加わったのち建武政権から離反し、京都に北朝を立てて**室町幕府**を開いた武将。,鎌倉幕府滅亡|後醍醐天皇|北朝|室町幕府|征夷大将軍,,,,東京大学史料編纂所,https://www.hi.u-tokyo.ac.jp/
日本史段階別デッキ｜Deck 1｜日本史の最重要骨格400語,JH-000028,28,Deck 1｜骨格・基礎,人物,足利尊氏,あしかがたかうじ,,中世,近畿,京都を中心とする全国,鎌倉時代末期〜南北朝時代,1336,JH-000028-R03,reverse,結果・関連,reverse,何につながった・どんな意味があった？,征夷大将軍(せいいたいしょうぐん)となって武家政権を再建し、南**北朝**の内乱を伴う室町時代の政治秩序を作った。,鎌倉幕府滅亡|後醍醐天皇|北朝|室町幕府|征夷大将軍,,,,東京大学史料編纂所,https://www.hi.u-tokyo.ac.jp/
日本史段階別デッキ｜Deck 1｜日本史の最重要骨格400語,JH-000028,28,Deck 1｜骨格・基礎,人物,足利尊氏,あしかがたかうじ,,中世,近畿,京都を中心とする全国,鎌倉時代末期〜南北朝時代,1336,JH-000028-I01,integrated,統合説明,integrated,「足利尊氏(あしかがたかうじ)」について説明せよ。,鎌倉時代末期〜南北朝時代、京都を中心とする全国を主な舞台として、後醍醐天皇(ごだいごてんのう)の倒幕に加わったのち建武政権から離反し、京都に北朝を立てて**室町幕府**を開いた武将。 征夷大将軍(せいいたいしょうぐん)となって武家政権を再建し、南**北朝**の内乱を伴う室町時代の政治秩序を作った。,鎌倉幕府滅亡|後醍醐天皇|北朝|室町幕府|征夷大将軍,,,,東京大学史料編纂所,https://www.hi.u-tokyo.ac.jp/
日本史段階別デッキ｜Deck 1｜日本史の最重要骨格400語,JH-000105,105,Deck 1｜骨格・基礎,時代・歴史区分,南北朝時代,なんぼくちょうじだい,,中世,近畿,京都の北朝と吉野の南朝,1336〜1392年,1336,JH-000105-B01,beginner,用語の特定,identify,京都の北朝と吉野の南朝が並立して争った時代は？,南北朝時代,南北朝時代,,,,国立歴史民俗博物館「第2展示室 中世」,https://www.rekihaku.ac.jp/exhibitions/room2/
日本史段階別デッキ｜Deck 1｜日本史の最重要骨格400語,JH-000105,105,Deck 1｜骨格・基礎,時代・歴史区分,南北朝時代,なんぼくちょうじだい,,中世,近畿,京都の北朝と吉野の南朝,1336〜1392年,1336,JH-000105-B02,beginner,時期,time,南北朝時代はいつ頃？,1336〜1392年,1336〜1392年,,,1336〜1392年：「いざ見ろ」（1336）年から「いざ国」（1392）年までの南北朝時代,国立歴史民俗博物館「第2展示室 中世」,https://www.rekihaku.ac.jp/exhibitions/room2/
日本史段階別デッキ｜Deck 1｜日本史の最重要骨格400語,JH-000105,105,Deck 1｜骨格・基礎,時代・歴史区分,南北朝時代,なんぼくちょうじだい,,中世,近畿,京都の北朝と吉野の南朝,1336〜1392年,1336,JH-000105-B03,beginner,関係勢力,relation,南北朝時代で、吉野に置かれた朝廷を何という？,南朝,南朝,,,,国立歴史民俗博物館「第2展示室 中世」,https://www.rekihaku.ac.jp/exhibitions/room2/
日本史段階別デッキ｜Deck 1｜日本史の最重要骨格400語,JH-000105,105,Deck 1｜骨格・基礎,時代・歴史区分,南北朝時代,なんぼくちょうじだい,,中世,近畿,京都の北朝と吉野の南朝,1336〜1392年,1336,JH-000105-R01,reverse,時期,time,いつ頃？,**1336〜1392年**,1336〜1392年,,,1336〜1392年：「いざ見ろ」（1336）年から「いざ国」（1392）年までの南北朝時代,国立歴史民俗博物館「第2展示室 中世」,https://www.rekihaku.ac.jp/exhibitions/room2/
日本史段階別デッキ｜Deck 1｜日本史の最重要骨格400語,JH-000105,105,Deck 1｜骨格・基礎,時代・歴史区分,南北朝時代,なんぼくちょうじだい,,中世,近畿,京都の北朝と吉野の南朝,1336〜1392年,1336,JH-000105-R02,reverse,複合説明,reverse,どんな時代？,京都の**北朝**と吉野の**南朝**が皇位の正統をめぐって並立し、武士も各地で分かれて争った時代。,北朝|南朝|京都|吉野|足利義満|守護,,,,国立歴史民俗博物館「第2展示室 中世」,https://www.rekihaku.ac.jp/exhibitions/room2/
日本史段階別デッキ｜Deck 1｜日本史の最重要骨格400語,JH-000105,105,Deck 1｜骨格・基礎,時代・歴史区分,南北朝時代,なんぼくちょうじだい,,中世,近畿,京都の北朝と吉野の南朝,1336〜1392年,1336,JH-000105-R03,reverse,結果・関連,reverse,何につながった・どんな意味があった？,守護の軍事力と地域支配が強まり、**足利義満(あしかがよしみつ)**による合一後の室町幕府体制へつながった。,北朝|南朝|京都|吉野|足利義満|守護,,,,国立歴史民俗博物館「第2展示室 中世」,https://www.rekihaku.ac.jp/exhibitions/room2/
日本史段階別デッキ｜Deck 1｜日本史の最重要骨格400語,JH-000105,105,Deck 1｜骨格・基礎,時代・歴史区分,南北朝時代,なんぼくちょうじだい,,中世,近畿,京都の北朝と吉野の南朝,1336〜1392年,1336,JH-000105-I01,integrated,統合説明,integrated,「南北朝時代」について説明せよ。,1336〜1392年、京都の北朝と吉野の南朝を主な舞台として、京都の**北朝**と吉野の**南朝**が皇位の正統をめぐって並立し、武士も各地で分かれて争った時代。 守護の軍事力と地域支配が強まり、**足利義満(あしかがよしみつ)**による合一後の室町幕府体制へつながった。,北朝|南朝|京都|吉野|足利義満|守護,,,1336〜1392年：「いざ見ろ」（1336）年から「いざ国」（1392）年までの南北朝時代,国立歴史民俗博物館「第2展示室 中世」,https://www.rekihaku.ac.jp/exhibitions/room2/
日本史段階別デッキ｜Deck 1｜日本史の最重要骨格400語,JH-000321,321,Deck 1｜骨格・基礎,制度・政策・法律,管領,かんれい,,中世,近畿,京都の室町幕府,室町時代,1336,JH-000321-B01,beginner,用語の特定,identify,室町幕府で将軍を補佐し、細川・斯波・畠山の三家が交替で就いた最高職は？,管領(かんれい),管領,,,,国立歴史民俗博物館「第2展示室 中世」,https://www.rekihaku.ac.jp/exhibitions/room2/
日本史段階別デッキ｜Deck 1｜日本史の最重要骨格400語,JH-000321,321,Deck 1｜骨格・基礎,制度・政策・法律,管領,かんれい,,中世,近畿,京都の室町幕府,室町時代,1336,JH-000321-B02,beginner,時期,time,管領(かんれい)が成立・実施されたのはいつ？,室町時代,室町時代,,,,国立歴史民俗博物館「第2展示室 中世」,https://www.rekihaku.ac.jp/exhibitions/room2/
日本史段階別デッキ｜Deck 1｜日本史の最重要骨格400語,JH-000321,321,Deck 1｜骨格・基礎,制度・政策・法律,管領,かんれい,,中世,近畿,京都の室町幕府,室町時代,1336,JH-000321-B03,beginner,制度,relation,管領(かんれい)に就いた三家をまとめて何という？,三管領(かんれい),三管領,,,,国立歴史民俗博物館「第2展示室 中世」,https://www.rekihaku.ac.jp/exhibitions/room2/
日本史段階別デッキ｜Deck 1｜日本史の最重要骨格400語,JH-000321,321,Deck 1｜骨格・基礎,制度・政策・法律,管領,かんれい,,中世,近畿,京都の室町幕府,室町時代,1336,JH-000321-R01,reverse,時期,time,成立・実施されたのはいつ？,**室町時代**,室町時代,,,,国立歴史民俗博物館「第2展示室 中世」,https://www.rekihaku.ac.jp/exhibitions/room2/
日本史段階別デッキ｜Deck 1｜日本史の最重要骨格400語,JH-000321,321,Deck 1｜骨格・基礎,制度・政策・法律,管領,かんれい,,中世,近畿,京都の室町幕府,室町時代,1336,JH-000321-R02,reverse,複合説明,reverse,どんな制度・政策・法律？,京都の室町幕府で将軍を補佐し、政務を統括した最高職で、**細川・斯波・畠山**の三家が交替で就いた。,細川氏|斯波氏|畠山氏|三管領|守護大名,,,,国立歴史民俗博物館「第2展示室 中世」,https://www.rekihaku.ac.jp/exhibitions/room2/
日本史段階別デッキ｜Deck 1｜日本史の最重要骨格400語,JH-000321,321,Deck 1｜骨格・基礎,制度・政策・法律,管領,かんれい,,中世,近畿,京都の室町幕府,室町時代,1336,JH-000321-R03,reverse,結果・関連,reverse,何につながった・どんな意味があった？,有力**守護大名**を幕府中枢に組み込み、将軍と守護大名による連合政権を支えた。,細川氏|斯波氏|畠山氏|三管領|守護大名,,,,国立歴史民俗博物館「第2展示室 中世」,https://www.rekihaku.ac.jp/exhibitions/room2/
日本史段階別デッキ｜Deck 1｜日本史の最重要骨格400語,JH-000321,321,Deck 1｜骨格・基礎,制度・政策・法律,管領,かんれい,,中世,近畿,京都の室町幕府,室町時代,1336,JH-000321-I01,integrated,統合説明,integrated,「管領(かんれい)」について説明せよ。,室町時代、京都の室町幕府を主な舞台として、京都の室町幕府で将軍を補佐し、政務を統括した最高職で、**細川・斯波・畠山**の三家が交替で就いた。 有力**守護大名**を幕府中枢に組み込み、将軍と守護大名による連合政権を支えた。,細川氏|斯波氏|畠山氏|三管領|守護大名,,,,国立歴史民俗博物館「第2展示室 中世」,https://www.rekihaku.ac.jp/exhibitions/room2/
日本史段階別デッキ｜Deck 1｜日本史の最重要骨格400語,JH-000107,107,Deck 1｜骨格・基礎,民族・身分・社会集団,守護大名,しゅごだいみょう,,中世,日本全国,各国と京都,南北朝時代〜室町時代,1350,JH-000107-B01,beginner,用語の特定,identify,室町時代、守護職を基盤に国内の武士や土地への支配を強めた有力武士は？,守護大名,守護大名,,,,国立歴史民俗博物館「第2展示室 中世」,https://www.rekihaku.ac.jp/exhibitions/room2/
日本史段階別デッキ｜Deck 1｜日本史の最重要骨格400語,JH-000107,107,Deck 1｜骨格・基礎,民族・身分・社会集団,守護大名,しゅごだいみょう,,中世,日本全国,各国と京都,南北朝時代〜室町時代,1350,JH-000107-B02,beginner,時期,time,守護大名が歴史上重要になるのはいつ？,南北朝時代〜室町時代,南北朝時代〜室町時代,,,,国立歴史民俗博物館「第2展示室 中世」,https://www.rekihaku.ac.jp/exhibitions/room2/
日本史段階別デッキ｜Deck 1｜日本史の最重要骨格400語,JH-000107,107,Deck 1｜骨格・基礎,民族・身分・社会集団,守護大名,しゅごだいみょう,,中世,日本全国,各国と京都,南北朝時代〜室町時代,1350,JH-000107-B03,beginner,制度,relation,守護大名が支配力を強める基盤となった幕府の職は？,守護,守護,,,,国立歴史民俗博物館「第2展示室 中世」,https://www.rekihaku.ac.jp/exhibitions/room2/
日本史段階別デッキ｜Deck 1｜日本史の最重要骨格400語,JH-000107,107,Deck 1｜骨格・基礎,民族・身分・社会集団,守護大名,しゅごだいみょう,,中世,日本全国,各国と京都,南北朝時代〜室町時代,1350,JH-000107-R01,reverse,時期,time,歴史上重要になるのはいつ？,**南北朝時代〜室町時代**,南北朝時代〜室町時代,,,,国立歴史民俗博物館「第2展示室 中世」,https://www.rekihaku.ac.jp/exhibitions/room2/
日本史段階別デッキ｜Deck 1｜日本史の最重要骨格400語,JH-000107,107,Deck 1｜骨格・基礎,民族・身分・社会集団,守護大名,しゅごだいみょう,,中世,日本全国,各国と京都,南北朝時代〜室町時代,1350,JH-000107-R02,reverse,複合説明,reverse,どのような人々・集団？,南北朝・室町時代に各国の**守護**が軍事・警察権や半済などを利用して国内支配を強め、有力大名化したもの。,守護|半済|国内支配|幕政|戦国大名,,,,国立歴史民俗博物館「第2展示室 中世」,https://www.rekihaku.ac.jp/exhibitions/room2/
日本史段階別デッキ｜Deck 1｜日本史の最重要骨格400語,JH-000107,107,Deck 1｜骨格・基礎,民族・身分・社会集団,守護大名,しゅごだいみょう,,中世,日本全国,各国と京都,南北朝時代〜室町時代,1350,JH-000107-R03,reverse,結果・関連,reverse,何につながった・どんな意味があった？,京都で**幕政**に参加する一方、各国の支配を進め、戦国大名成立の前提となった。,守護|半済|国内支配|幕政|戦国大名,,,,国立歴史民俗博物館「第2展示室 中世」,https://www.rekihaku.ac.jp/exhibitions/room2/
日本史段階別デッキ｜Deck 1｜日本史の最重要骨格400語,JH-000107,107,Deck 1｜骨格・基礎,民族・身分・社会集団,守護大名,しゅごだいみょう,,中世,日本全国,各国と京都,南北朝時代〜室町時代,1350,JH-000107-I01,integrated,統合説明,integrated,「守護大名」について説明せよ。,南北朝時代〜室町時代、各国と京都を主な舞台として、南北朝・室町時代に各国の**守護**が軍事・警察権や半済などを利用して国内支配を強め、有力大名化したもの。 京都で**幕政**に参加する一方、各国の支配を進め、戦国大名成立の前提となった。,守護|半済|国内支配|幕政|戦国大名,,,,国立歴史民俗博物館「第2展示室 中世」,https://www.rekihaku.ac.jp/exhibitions/room2/
日本史段階別デッキ｜Deck 1｜日本史の最重要骨格400語,JH-000273,273,Deck 1｜骨格・基礎,民族・身分・社会集団,倭寇,わこう,,中世,東アジア,日本・朝鮮半島・中国沿岸,14〜16世紀,1350,JH-000273-B01,beginner,用語の特定,identify,14〜16世紀、朝鮮半島や中国沿岸で密貿易・略奪などを行った海上勢力は？,倭寇(わこう),倭寇,,,,国立歴史民俗博物館「第2展示室 中世」,https://www.rekihaku.ac.jp/exhibitions/room2/
日本史段階別デッキ｜Deck 1｜日本史の最重要骨格400語,JH-000273,273,Deck 1｜骨格・基礎,民族・身分・社会集団,倭寇,わこう,,中世,東アジア,日本・朝鮮半島・中国沿岸,14〜16世紀,1350,JH-000273-B02,beginner,時期,time,倭寇(わこう)が歴史上重要になるのはいつ？,14〜16世紀,14〜16世紀,,,14〜16世紀：「ひと・よ」（14）年から「ひと・む」（16）世紀までの倭寇,国立歴史民俗博物館「第2展示室 中世」,https://www.rekihaku.ac.jp/exhibitions/room2/
日本史段階別デッキ｜Deck 1｜日本史の最重要骨格400語,JH-000273,273,Deck 1｜骨格・基礎,民族・身分・社会集団,倭寇,わこう,,中世,東アジア,日本・朝鮮半島・中国沿岸,14〜16世紀,1350,JH-000273-B03,beginner,構成,actor,倭寇(わこう)の後期に構成員の多数を占めたとされる人々は？,中国人,中国人,,,,国立歴史民俗博物館「第2展示室 中世」,https://www.rekihaku.ac.jp/exhibitions/room2/
日本史段階別デッキ｜Deck 1｜日本史の最重要骨格400語,JH-000273,273,Deck 1｜骨格・基礎,民族・身分・社会集団,倭寇,わこう,,中世,東アジア,日本・朝鮮半島・中国沿岸,14〜16世紀,1350,JH-000273-R01,reverse,時期,time,歴史上重要になるのはいつ？,**14〜16世紀**,14〜16世紀,,,14〜16世紀：「ひと・よ」（14）年から「ひと・む」（16）世紀までの倭寇,国立歴史民俗博物館「第2展示室 中世」,https://www.rekihaku.ac.jp/exhibitions/room2/
日本史段階別デッキ｜Deck 1｜日本史の最重要骨格400語,JH-000273,273,Deck 1｜骨格・基礎,民族・身分・社会集団,倭寇,わこう,,中世,東アジア,日本・朝鮮半島・中国沿岸,14〜16世紀,1350,JH-000273-R02,reverse,複合説明,reverse,どのような人々・集団？,日本・朝鮮半島・中国沿岸で密貿易や略奪を行った海上勢力で、前期は日本人中心、後期は**中国人**を多く含んだ。,日本人|中国人|海禁政策|密貿易|日明貿易|勘合,,,,国立歴史民俗博物館「第2展示室 中世」,https://www.rekihaku.ac.jp/exhibitions/room2/
日本史段階別デッキ｜Deck 1｜日本史の最重要骨格400語,JH-000273,273,Deck 1｜骨格・基礎,民族・身分・社会集団,倭寇,わこう,,中世,東アジア,日本・朝鮮半島・中国沿岸,14〜16世紀,1350,JH-000273-R03,reverse,結果・関連,reverse,何につながった・どんな意味があった？,明の**海禁政策**や東アジア交易と結びつき、日明貿易で勘合(かんごう)が用いられる背景となった。,日本人|中国人|海禁政策|密貿易|日明貿易|勘合,,,,国立歴史民俗博物館「第2展示室 中世」,https://www.rekihaku.ac.jp/exhibitions/room2/
日本史段階別デッキ｜Deck 1｜日本史の最重要骨格400語,JH-000273,273,Deck 1｜骨格・基礎,民族・身分・社会集団,倭寇,わこう,,中世,東アジア,日本・朝鮮半島・中国沿岸,14〜16世紀,1350,JH-000273-I01,integrated,統合説明,integrated,「倭寇(わこう)」について説明せよ。,14〜16世紀、日本・朝鮮半島・中国沿岸を主な舞台として、日本・朝鮮半島・中国沿岸で密貿易や略奪を行った海上勢力で、前期は日本人中心、後期は**中国人**を多く含んだ。 明の**海禁政策**や東アジア交易と結びつき、日明貿易で勘合(かんごう)が用いられる背景となった。,日本人|中国人|海禁政策|密貿易|日明貿易|勘合,,,14〜16世紀：「ひと・よ」（14）年から「ひと・む」（16）世紀までの倭寇,国立歴史民俗博物館「第2展示室 中世」,https://www.rekihaku.ac.jp/exhibitions/room2/
日本史段階別デッキ｜Deck 1｜日本史の最重要骨格400語,JH-000322,322,Deck 1｜骨格・基礎,制度・政策・法律,半済令,はんぜいれい,,中世,日本全国,近江・美濃・尾張などから全国へ,南北朝時代,1352,JH-000322-B01,beginner,用語の特定,identify,南北朝の内乱期、守護に荘園年貢の半分を兵粮料(ひょうろうりょう)として徴収させた命令は？,半済令(はんぜいれい),半済令,,,,東京大学史料編纂所,https://www.hi.u-tokyo.ac.jp/
日本史段階別デッキ｜Deck 1｜日本史の最重要骨格400語,JH-000322,322,Deck 1｜骨格・基礎,制度・政策・法律,半済令,はんぜいれい,,中世,日本全国,近江・美濃・尾張などから全国へ,南北朝時代,1352,JH-000322-B02,beginner,時期,time,半済令(はんぜいれい)が成立・実施されたのはいつ？,南北朝時代,南北朝時代,,,,東京大学史料編纂所,https://www.hi.u-tokyo.ac.jp/
日本史段階別デッキ｜Deck 1｜日本史の最重要骨格400語,JH-000322,322,Deck 1｜骨格・基礎,制度・政策・法律,半済令,はんぜいれい,,中世,日本全国,近江・美濃・尾張などから全国へ,南北朝時代,1352,JH-000322-B03,beginner,内容,content,半済令(はんぜいれい)で守護が徴収できたのは、荘園年貢のどれほど？,半分,半分,,,,東京大学史料編纂所,https://www.hi.u-tokyo.ac.jp/
日本史段階別デッキ｜Deck 1｜日本史の最重要骨格400語,JH-000322,322,Deck 1｜骨格・基礎,制度・政策・法律,半済令,はんぜいれい,,中世,日本全国,近江・美濃・尾張などから全国へ,南北朝時代,1352,JH-000322-R01,reverse,時期,time,成立・実施されたのはいつ？,**南北朝時代**,南北朝時代,,,,東京大学史料編纂所,https://www.hi.u-tokyo.ac.jp/
日本史段階別デッキ｜Deck 1｜日本史の最重要骨格400語,JH-000322,322,Deck 1｜骨格・基礎,制度・政策・法律,半済令,はんぜいれい,,中世,日本全国,近江・美濃・尾張などから全国へ,南北朝時代,1352,JH-000322-R02,reverse,複合説明,reverse,どんな制度・政策・法律？,南北朝の内乱期、近江・美濃・尾張などの荘園で、守護に年貢の**半分**を兵粮料(ひょうろうりょう)として徴収させた命令。,荘園年貢|半分|兵粮料|守護|守護大名,,,,東京大学史料編纂所,https://www.hi.u-tokyo.ac.jp/
日本史段階別デッキ｜Deck 1｜日本史の最重要骨格400語,JH-000322,322,Deck 1｜骨格・基礎,制度・政策・法律,半済令,はんぜいれい,,中世,日本全国,近江・美濃・尾張などから全国へ,南北朝時代,1352,JH-000322-R03,reverse,結果・関連,reverse,何につながった・どんな意味があった？,**守護**が荘園へ介入して土地・年貢支配を強め、守護大名へ成長する重要な契機となった。,荘園年貢|半分|兵粮料|守護|守護大名,,,,東京大学史料編纂所,https://www.hi.u-tokyo.ac.jp/
日本史段階別デッキ｜Deck 1｜日本史の最重要骨格400語,JH-000322,322,Deck 1｜骨格・基礎,制度・政策・法律,半済令,はんぜいれい,,中世,日本全国,近江・美濃・尾張などから全国へ,南北朝時代,1352,JH-000322-I01,integrated,統合説明,integrated,「半済令(はんぜいれい)」について説明せよ。,南北朝時代、近江・美濃・尾張などから全国へを主な舞台として、南北朝の内乱期、近江・美濃・尾張などの荘園で、守護に年貢の**半分**を兵粮料(ひょうろうりょう)として徴収させた命令。 **守護**が荘園へ介入して土地・年貢支配を強め、守護大名へ成長する重要な契機となった。,荘園年貢|半分|兵粮料|守護|守護大名,,,,東京大学史料編纂所,https://www.hi.u-tokyo.ac.jp/
日本史段階別デッキ｜Deck 1｜日本史の最重要骨格400語,JH-000106,106,Deck 1｜骨格・基礎,人物,足利義満,あしかがよしみつ,,中世,近畿,京都,南北朝時代〜室町時代前期,1368,JH-000106-B01,beginner,用語の特定,identify,南北朝を合一し、明との勘合(かんごう)貿易を始め、北山文化を栄えさせた室町幕府3代将軍は？,足利義満(あしかがよしみつ),足利義満,,,,国立歴史民俗博物館「第2展示室 中世」,https://www.rekihaku.ac.jp/exhibitions/room2/
日本史段階別デッキ｜Deck 1｜日本史の最重要骨格400語,JH-000106,106,Deck 1｜骨格・基礎,人物,足利義満,あしかがよしみつ,,中世,近畿,京都,南北朝時代〜室町時代前期,1368,JH-000106-B02,beginner,時期,time,足利義満(あしかがよしみつ)が主に活動したのはいつ？,南北朝時代〜室町時代前期,南北朝時代〜室町時代前期,,,,国立歴史民俗博物館「第2展示室 中世」,https://www.rekihaku.ac.jp/exhibitions/room2/
日本史段階別デッキ｜Deck 1｜日本史の最重要骨格400語,JH-000106,106,Deck 1｜骨格・基礎,人物,足利義満,あしかがよしみつ,,中世,近畿,京都,南北朝時代〜室町時代前期,1368,JH-000106-B03,beginner,外交,relation,足利義満(あしかがよしみつ)が明から与えられた称号は？,日本国王,日本国王,,,,国立歴史民俗博物館「第2展示室 中世」,https://www.rekihaku.ac.jp/exhibitions/room2/
日本史段階別デッキ｜Deck 1｜日本史の最重要骨格400語,JH-000106,106,Deck 1｜骨格・基礎,人物,足利義満,あしかがよしみつ,,中世,近畿,京都,南北朝時代〜室町時代前期,1368,JH-000106-R01,reverse,時期,time,主に活動したのはいつ？,**南北朝時代〜室町時代前期**,南北朝時代〜室町時代前期,,,,国立歴史民俗博物館「第2展示室 中世」,https://www.rekihaku.ac.jp/exhibitions/room2/
日本史段階別デッキ｜Deck 1｜日本史の最重要骨格400語,JH-000106,106,Deck 1｜骨格・基礎,人物,足利義満,あしかがよしみつ,,中世,近畿,京都,南北朝時代〜室町時代前期,1368,JH-000106-R02,reverse,複合説明,reverse,何をした？,京都で幕府権力を強め、**南北朝合一**を実現し、「日本国王」として明との勘合(かんごう)貿易を始めた3代将軍。,南北朝合一|日本国王|勘合貿易|金閣|北山文化,,,,国立歴史民俗博物館「第2展示室 中世」,https://www.rekihaku.ac.jp/exhibitions/room2/
日本史段階別デッキ｜Deck 1｜日本史の最重要骨格400語,JH-000106,106,Deck 1｜骨格・基礎,人物,足利義満,あしかがよしみつ,,中世,近畿,京都,南北朝時代〜室町時代前期,1368,JH-000106-R03,reverse,結果・関連,reverse,何につながった・どんな意味があった？,幕府の最盛期を築き、**金閣**に象徴される北山文化を発展させた。,南北朝合一|日本国王|勘合貿易|金閣|北山文化,,,,国立歴史民俗博物館「第2展示室 中世」,https://www.rekihaku.ac.jp/exhibitions/room2/
日本史段階別デッキ｜Deck 1｜日本史の最重要骨格400語,JH-000106,106,Deck 1｜骨格・基礎,人物,足利義満,あしかがよしみつ,,中世,近畿,京都,南北朝時代〜室町時代前期,1368,JH-000106-I01,integrated,統合説明,integrated,「足利義満(あしかがよしみつ)」について説明せよ。,南北朝時代〜室町時代前期、京都を主な舞台として、京都で幕府権力を強め、**南北朝合一**を実現し、「日本国王」として明との勘合(かんごう)貿易を始めた3代将軍。 幕府の最盛期を築き、**金閣**に象徴される北山文化を発展させた。,南北朝合一|日本国王|勘合貿易|金閣|北山文化,,,,国立歴史民俗博物館「第2展示室 中世」,https://www.rekihaku.ac.jp/exhibitions/room2/
日本史段階別デッキ｜Deck 1｜日本史の最重要骨格400語,JH-000309,309,Deck 1｜骨格・基礎,文学・美術・建築,能,のう,,中世,近畿,奈良・京都,南北朝時代〜室町時代,1375,JH-000309-B01,beginner,用語の特定,identify,観阿弥(かんあみ)・世阿弥(ぜあみ)が猿楽を洗練し、歌舞中心の舞台芸術として大成したものは？,能,能,,,,文化庁「文化遺産オンライン」,https://online.bunka.go.jp/
日本史段階別デッキ｜Deck 1｜日本史の最重要骨格400語,JH-000309,309,Deck 1｜骨格・基礎,文学・美術・建築,能,のう,,中世,近畿,奈良・京都,南北朝時代〜室町時代,1375,JH-000309-B02,beginner,時期,time,能が成立・制作されたのはいつ？,南北朝時代〜室町時代,南北朝時代〜室町時代,,,,文化庁「文化遺産オンライン」,https://online.bunka.go.jp/
日本史段階別デッキ｜Deck 1｜日本史の最重要骨格400語,JH-000309,309,Deck 1｜骨格・基礎,文学・美術・建築,能,のう,,中世,近畿,奈良・京都,南北朝時代〜室町時代,1375,JH-000309-B03,beginner,人物,person,能を大成した父子は？,観阿弥(かんあみ)・世阿弥(ぜあみ),観阿弥・世阿弥,,,,文化庁「文化遺産オンライン」,https://online.bunka.go.jp/
日本史段階別デッキ｜Deck 1｜日本史の最重要骨格400語,JH-000309,309,Deck 1｜骨格・基礎,文学・美術・建築,能,のう,,中世,近畿,奈良・京都,南北朝時代〜室町時代,1375,JH-000309-R01,reverse,時期,time,成立・制作されたのはいつ？,**南北朝時代〜室町時代**,南北朝時代〜室町時代,,,,文化庁「文化遺産オンライン」,https://online.bunka.go.jp/
日本史段階別デッキ｜Deck 1｜日本史の最重要骨格400語,JH-000309,309,Deck 1｜骨格・基礎,文学・美術・建築,能,のう,,中世,近畿,奈良・京都,南北朝時代〜室町時代,1375,JH-000309-R02,reverse,複合説明,reverse,どのような作品・様式？,奈良・京都で猿楽を基礎に、**観阿弥(かんあみ)・世阿弥(ぜあみ)**が歌・舞・演技を組み合わせた舞台芸術として大成した。,猿楽|観阿弥|世阿弥|足利義満|武家文化,,,,文化庁「文化遺産オンライン」,https://online.bunka.go.jp/
日本史段階別デッキ｜Deck 1｜日本史の最重要骨格400語,JH-000309,309,Deck 1｜骨格・基礎,文学・美術・建築,能,のう,,中世,近畿,奈良・京都,南北朝時代〜室町時代,1375,JH-000309-R03,reverse,結果・関連,reverse,何につながった・どんな意味があった？,**足利義満(あしかがよしみつ)**の保護を受け、武家文化を代表する芸能として後世まで継承された。,猿楽|観阿弥|世阿弥|足利義満|武家文化,,,,文化庁「文化遺産オンライン」,https://online.bunka.go.jp/
日本史段階別デッキ｜Deck 1｜日本史の最重要骨格400語,JH-000309,309,Deck 1｜骨格・基礎,文学・美術・建築,能,のう,,中世,近畿,奈良・京都,南北朝時代〜室町時代,1375,JH-000309-I01,integrated,統合説明,integrated,「能」について説明せよ。,南北朝時代〜室町時代、奈良・京都を主な舞台として、奈良・京都で猿楽を基礎に、**観阿弥(かんあみ)・世阿弥(ぜあみ)**が歌・舞・演技を組み合わせた舞台芸術として大成した。 **足利義満(あしかがよしみつ)**の保護を受け、武家文化を代表する芸能として後世まで継承された。,猿楽|観阿弥|世阿弥|足利義満|武家文化,,,,文化庁「文化遺産オンライン」,https://online.bunka.go.jp/
日本史段階別デッキ｜Deck 1｜日本史の最重要骨格400語,JH-000378,378,Deck 1｜骨格・基礎,文化・技術・学問,北山文化,きたやまぶんか,,中世,近畿,京都・北山,室町時代前期,1390,JH-000378-B01,beginner,用語の特定,identify,足利義満(あしかがよしみつ)の時代、武家文化と公家文化に禅宗・大陸文化が融合して栄えた文化は？,北山文化,北山文化,,,,文化庁「文化遺産オンライン」,https://online.bunka.go.jp/
日本史段階別デッキ｜Deck 1｜日本史の最重要骨格400語,JH-000378,378,Deck 1｜骨格・基礎,文化・技術・学問,北山文化,きたやまぶんか,,中世,近畿,京都・北山,室町時代前期,1390,JH-000378-B02,beginner,時期,time,北山文化が成立・発達したのはいつ？,室町時代前期,室町時代前期,,,,文化庁「文化遺産オンライン」,https://online.bunka.go.jp/
日本史段階別デッキ｜Deck 1｜日本史の最重要骨格400語,JH-000378,378,Deck 1｜骨格・基礎,文化・技術・学問,北山文化,きたやまぶんか,,中世,近畿,京都・北山,室町時代前期,1390,JH-000378-B03,beginner,文化財,content,北山文化を象徴する建築は？,金閣,金閣,,,,文化庁「文化遺産オンライン」,https://online.bunka.go.jp/
日本史段階別デッキ｜Deck 1｜日本史の最重要骨格400語,JH-000378,378,Deck 1｜骨格・基礎,文化・技術・学問,北山文化,きたやまぶんか,,中世,近畿,京都・北山,室町時代前期,1390,JH-000378-R01,reverse,時期,time,成立・発達したのはいつ？,**室町時代前期**,室町時代前期,,,,文化庁「文化遺産オンライン」,https://online.bunka.go.jp/
日本史段階別デッキ｜Deck 1｜日本史の最重要骨格400語,JH-000378,378,Deck 1｜骨格・基礎,文化・技術・学問,北山文化,きたやまぶんか,,中世,近畿,京都・北山,室町時代前期,1390,JH-000378-R02,reverse,複合説明,reverse,どんな文化・技術・学問？,**足利義満(あしかがよしみつ)**の時代に京都・北山を中心に、武家・公家・禅宗・明の文化が融合して栄えた文化。,足利義満|金閣|禅宗|明|五山文学,,,,文化庁「文化遺産オンライン」,https://online.bunka.go.jp/
日本史段階別デッキ｜Deck 1｜日本史の最重要骨格400語,JH-000378,378,Deck 1｜骨格・基礎,文化・技術・学問,北山文化,きたやまぶんか,,中世,近畿,京都・北山,室町時代前期,1390,JH-000378-R03,reverse,結果・関連,reverse,何につながった・どんな意味があった？,**金閣**や五山文学などに示され、幕府最盛期の国際的で華やかな文化を形作った。,足利義満|金閣|禅宗|明|五山文学,,,,文化庁「文化遺産オンライン」,https://online.bunka.go.jp/
日本史段階別デッキ｜Deck 1｜日本史の最重要骨格400語,JH-000378,378,Deck 1｜骨格・基礎,文化・技術・学問,北山文化,きたやまぶんか,,中世,近畿,京都・北山,室町時代前期,1390,JH-000378-I01,integrated,統合説明,integrated,「北山文化」について説明せよ。,室町時代前期、京都・北山を主な舞台として、**足利義満(あしかがよしみつ)**の時代に京都・北山を中心に、武家・公家・禅宗・明の文化が融合して栄えた文化。 **金閣**や五山文学などに示され、幕府最盛期の国際的で華やかな文化を形作った。,足利義満|金閣|禅宗|明|五山文学,,,,文化庁「文化遺産オンライン」,https://online.bunka.go.jp/
日本史段階別デッキ｜Deck 1｜日本史の最重要骨格400語,JH-000195,195,Deck 1｜骨格・基礎,事件・政変,南北朝合一,なんぼくちょうごういつ,,中世,近畿,京都と吉野,1392年,1392,JH-000195-B01,beginner,用語の特定,identify,足利義満(あしかがよしみつ)の仲介で、吉野の南朝が京都の北朝へ神器を渡して朝廷が統一された出来事は？,南北朝合一,南北朝合一,,,,東京大学史料編纂所,https://www.hi.u-tokyo.ac.jp/
日本史段階別デッキ｜Deck 1｜日本史の最重要骨格400語,JH-000195,195,Deck 1｜骨格・基礎,事件・政変,南北朝合一,なんぼくちょうごういつ,,中世,近畿,京都と吉野,1392年,1392,JH-000195-B02,beginner,時期,time,南北朝合一が実現したのはいつ？,1392年,1392年,,,1392年：「いざ国」（1392）一つに南北朝合一,東京大学史料編纂所,https://www.hi.u-tokyo.ac.jp/
日本史段階別デッキ｜Deck 1｜日本史の最重要骨格400語,JH-000195,195,Deck 1｜骨格・基礎,事件・政変,南北朝合一,なんぼくちょうごういつ,,中世,近畿,京都と吉野,1392年,1392,JH-000195-B03,beginner,人物,person,南北朝合一を実現した室町幕府の将軍は？,足利義満(あしかがよしみつ),足利義満,,,,東京大学史料編纂所,https://www.hi.u-tokyo.ac.jp/
日本史段階別デッキ｜Deck 1｜日本史の最重要骨格400語,JH-000195,195,Deck 1｜骨格・基礎,事件・政変,南北朝合一,なんぼくちょうごういつ,,中世,近畿,京都と吉野,1392年,1392,JH-000195-R01,reverse,時期,time,実現したのはいつ？,**1392年**,1392年,,,1392年：「いざ国」（1392）一つに南北朝合一,東京大学史料編纂所,https://www.hi.u-tokyo.ac.jp/
日本史段階別デッキ｜Deck 1｜日本史の最重要骨格400語,JH-000195,195,Deck 1｜骨格・基礎,事件・政変,南北朝合一,なんぼくちょうごういつ,,中世,近畿,京都と吉野,1392年,1392,JH-000195-R02,reverse,複合説明,reverse,何が起きた？,足利義満(あしかがよしみつ)の仲介で、吉野の**南朝**が京都の**北朝**へ三種の神器を渡し、分裂していた朝廷が統一された。,足利義満|南朝|北朝|三種の神器|室町幕府,,,,東京大学史料編纂所,https://www.hi.u-tokyo.ac.jp/
日本史段階別デッキ｜Deck 1｜日本史の最重要骨格400語,JH-000195,195,Deck 1｜骨格・基礎,事件・政変,南北朝合一,なんぼくちょうごういつ,,中世,近畿,京都と吉野,1392年,1392,JH-000195-R03,reverse,結果・関連,reverse,何につながった・どんな意味があった？,南北朝内乱がいったん終結し、室町幕府の全国支配と**足利義満(あしかがよしみつ)**の権力が強まった。,足利義満|南朝|北朝|三種の神器|室町幕府,,,,東京大学史料編纂所,https://www.hi.u-tokyo.ac.jp/
日本史段階別デッキ｜Deck 1｜日本史の最重要骨格400語,JH-000195,195,Deck 1｜骨格・基礎,事件・政変,南北朝合一,なんぼくちょうごういつ,,中世,近畿,京都と吉野,1392年,1392,JH-000195-I01,integrated,統合説明,integrated,「南北朝合一」について説明せよ。,1392年、京都と吉野を主な舞台として、足利義満(あしかがよしみつ)の仲介で、吉野の**南朝**が京都の**北朝**へ三種の神器を渡し、分裂していた朝廷が統一された。 南北朝内乱がいったん終結し、室町幕府の全国支配と**足利義満(あしかがよしみつ)**の権力が強まった。,足利義満|南朝|北朝|三種の神器|室町幕府,,,1392年：「いざ国」（1392）一つに南北朝合一,東京大学史料編纂所,https://www.hi.u-tokyo.ac.jp/
日本史段階別デッキ｜Deck 1｜日本史の最重要骨格400語,JH-000385,385,Deck 1｜骨格・基礎,文学・美術・建築,金閣,きんかく,鹿苑寺金閣,中世,近畿,京都・北山,1397年建立,1397,JH-000385-B01,beginner,用語の特定,identify,足利義満(あしかがよしみつ)が京都の北山殿に建て、北山文化を象徴する舎利殿は？,金閣,金閣,鹿苑寺金閣,,,文化庁「文化遺産オンライン」,https://online.bunka.go.jp/
日本史段階別デッキ｜Deck 1｜日本史の最重要骨格400語,JH-000385,385,Deck 1｜骨格・基礎,文学・美術・建築,金閣,きんかく,鹿苑寺金閣,中世,近畿,京都・北山,1397年建立,1397,JH-000385-B02,beginner,時期,time,金閣が建立されたのはいつ？,1397年,1397年,,,1397年：「いざ金」（1397）と結ぶ金閣,文化庁「文化遺産オンライン」,https://online.bunka.go.jp/
日本史段階別デッキ｜Deck 1｜日本史の最重要骨格400語,JH-000385,385,Deck 1｜骨格・基礎,文学・美術・建築,金閣,きんかく,鹿苑寺金閣,中世,近畿,京都・北山,1397年建立,1397,JH-000385-B03,beginner,人物,person,金閣を建てた将軍は？,足利義満(あしかがよしみつ),足利義満,,,,文化庁「文化遺産オンライン」,https://online.bunka.go.jp/
日本史段階別デッキ｜Deck 1｜日本史の最重要骨格400語,JH-000385,385,Deck 1｜骨格・基礎,文学・美術・建築,金閣,きんかく,鹿苑寺金閣,中世,近畿,京都・北山,1397年建立,1397,JH-000385-R01,reverse,時期,time,建立されたのはいつ？,**1397年**,1397年,,,1397年：「いざ金」（1397）と結ぶ金閣,文化庁「文化遺産オンライン」,https://online.bunka.go.jp/
日本史段階別デッキ｜Deck 1｜日本史の最重要骨格400語,JH-000385,385,Deck 1｜骨格・基礎,文学・美術・建築,金閣,きんかく,鹿苑寺金閣,中世,近畿,京都・北山,1397年建立,1397,JH-000385-R02,reverse,複合説明,reverse,どのような作品・様式？,京都・北山で**足利義満(あしかがよしみつ)**が北山殿の舎利殿として建てた、寝殿造・武家造・禅宗様を組み合わせた建築。,足利義満|北山殿|舎利殿|禅宗様|北山文化|鹿苑寺,,,,文化庁「文化遺産オンライン」,https://online.bunka.go.jp/
日本史段階別デッキ｜Deck 1｜日本史の最重要骨格400語,JH-000385,385,Deck 1｜骨格・基礎,文学・美術・建築,金閣,きんかく,鹿苑寺金閣,中世,近畿,京都・北山,1397年建立,1397,JH-000385-R03,reverse,結果・関連,reverse,何につながった・どんな意味があった？,公家・武家・禅宗・大陸文化が融合した**北山文化**を象徴し、現在の鹿苑寺(ろくおんじ)金閣として知られる。,足利義満|北山殿|舎利殿|禅宗様|北山文化|鹿苑寺,,,,文化庁「文化遺産オンライン」,https://online.bunka.go.jp/
日本史段階別デッキ｜Deck 1｜日本史の最重要骨格400語,JH-000385,385,Deck 1｜骨格・基礎,文学・美術・建築,金閣,きんかく,鹿苑寺金閣,中世,近畿,京都・北山,1397年建立,1397,JH-000385-I01,integrated,統合説明,integrated,「金閣」について説明せよ。,1397年建立、京都・北山を主な舞台として、京都・北山で**足利義満(あしかがよしみつ)**が北山殿の舎利殿として建てた、寝殿造・武家造・禅宗様を組み合わせた建築。 公家・武家・禅宗・大陸文化が融合した**北山文化**を象徴し、現在の鹿苑寺(ろくおんじ)金閣として知られる。,足利義満|北山殿|舎利殿|禅宗様|北山文化|鹿苑寺,,,1397年：「いざ金」（1397）と結ぶ金閣,文化庁「文化遺産オンライン」,https://online.bunka.go.jp/
日本史段階別デッキ｜Deck 1｜日本史の最重要骨格400語,JH-000111,111,Deck 1｜骨格・基礎,民族・身分・社会集団,惣村,そうそん,,中世,日本全国,畿内を中心とする農村,室町時代,1400,JH-000111-B01,beginner,用語の特定,identify,中世後期、農民が寄合を開き、掟や共有財産を管理して自治を行った村落共同体は？,惣村(そうそん),惣村,,,,国立歴史民俗博物館「第2展示室 中世」,https://www.rekihaku.ac.jp/exhibitions/room2/
日本史段階別デッキ｜Deck 1｜日本史の最重要骨格400語,JH-000111,111,Deck 1｜骨格・基礎,民族・身分・社会集団,惣村,そうそん,,中世,日本全国,畿内を中心とする農村,室町時代,1400,JH-000111-B02,beginner,時期,time,惣村(そうそん)が歴史上重要になるのはいつ？,室町時代,室町時代,,,,国立歴史民俗博物館「第2展示室 中世」,https://www.rekihaku.ac.jp/exhibitions/room2/
日本史段階別デッキ｜Deck 1｜日本史の最重要骨格400語,JH-000111,111,Deck 1｜骨格・基礎,民族・身分・社会集団,惣村,そうそん,,中世,日本全国,畿内を中心とする農村,室町時代,1400,JH-000111-B03,beginner,制度,content,惣村(そうそん)の重要事項を決めた集会は？,寄合,寄合,,,,国立歴史民俗博物館「第2展示室 中世」,https://www.rekihaku.ac.jp/exhibitions/room2/
日本史段階別デッキ｜Deck 1｜日本史の最重要骨格400語,JH-000111,111,Deck 1｜骨格・基礎,民族・身分・社会集団,惣村,そうそん,,中世,日本全国,畿内を中心とする農村,室町時代,1400,JH-000111-R01,reverse,時期,time,歴史上重要になるのはいつ？,**室町時代**,室町時代,,,,国立歴史民俗博物館「第2展示室 中世」,https://www.rekihaku.ac.jp/exhibitions/room2/
日本史段階別デッキ｜Deck 1｜日本史の最重要骨格400語,JH-000111,111,Deck 1｜骨格・基礎,民族・身分・社会集団,惣村,そうそん,,中世,日本全国,畿内を中心とする農村,室町時代,1400,JH-000111-R02,reverse,複合説明,reverse,どのような人々・集団？,室町時代の畿内を中心に、農民が**寄合**で掟を定め、入会地・用水・祭礼などを共同管理した自治的村落。,寄合|掟|入会地|自治|土一揆|村請制,,,,国立歴史民俗博物館「第2展示室 中世」,https://www.rekihaku.ac.jp/exhibitions/room2/
日本史段階別デッキ｜Deck 1｜日本史の最重要骨格400語,JH-000111,111,Deck 1｜骨格・基礎,民族・身分・社会集団,惣村,そうそん,,中世,日本全国,畿内を中心とする農村,室町時代,1400,JH-000111-R03,reverse,結果・関連,reverse,何につながった・どんな意味があった？,共同で年貢交渉や**土一揆(つちいっき)**を行う力となり、近世の村請制(むらうけせい)へつながる村落秩序を育てた。,寄合|掟|入会地|自治|土一揆|村請制,,,,国立歴史民俗博物館「第2展示室 中世」,https://www.rekihaku.ac.jp/exhibitions/room2/
日本史段階別デッキ｜Deck 1｜日本史の最重要骨格400語,JH-000111,111,Deck 1｜骨格・基礎,民族・身分・社会集団,惣村,そうそん,,中世,日本全国,畿内を中心とする農村,室町時代,1400,JH-000111-I01,integrated,統合説明,integrated,「惣村(そうそん)」について説明せよ。,室町時代、畿内を中心とする農村を主な舞台として、室町時代の畿内を中心に、農民が**寄合**で掟を定め、入会地・用水・祭礼などを共同管理した自治的村落。 共同で年貢交渉や**土一揆(つちいっき)**を行う力となり、近世の村請制(むらうけせい)へつながる村落秩序を育てた。,寄合|掟|入会地|自治|土一揆|村請制,,,,国立歴史民俗博物館「第2展示室 中世」,https://www.rekihaku.ac.jp/exhibitions/room2/
日本史段階別デッキ｜Deck 1｜日本史の最重要骨格400語,JH-000233,233,Deck 1｜骨格・基礎,人物,世阿弥,ぜあみ,,中世,近畿,奈良・京都,室町時代前期,1400,JH-000233-B01,beginner,用語の特定,identify,父観阿弥(かんあみ)とともに能を大成し、『風姿花伝』に芸論をまとめた人物は？,世阿弥(ぜあみ),世阿弥,,,,文化庁「文化遺産オンライン」,https://online.bunka.go.jp/
日本史段階別デッキ｜Deck 1｜日本史の最重要骨格400語,JH-000233,233,Deck 1｜骨格・基礎,人物,世阿弥,ぜあみ,,中世,近畿,奈良・京都,室町時代前期,1400,JH-000233-B02,beginner,時期,time,世阿弥(ぜあみ)が主に活動したのはいつ？,室町時代前期,室町時代前期,,,,文化庁「文化遺産オンライン」,https://online.bunka.go.jp/
日本史段階別デッキ｜Deck 1｜日本史の最重要骨格400語,JH-000233,233,Deck 1｜骨格・基礎,人物,世阿弥,ぜあみ,,中世,近畿,奈良・京都,室町時代前期,1400,JH-000233-B03,beginner,作品,content,世阿弥(ぜあみ)が著した能楽論は？,風姿花伝,風姿花伝,,,,文化庁「文化遺産オンライン」,https://online.bunka.go.jp/
日本史段階別デッキ｜Deck 1｜日本史の最重要骨格400語,JH-000233,233,Deck 1｜骨格・基礎,人物,世阿弥,ぜあみ,,中世,近畿,奈良・京都,室町時代前期,1400,JH-000233-R01,reverse,時期,time,主に活動したのはいつ？,**室町時代前期**,室町時代前期,,,,文化庁「文化遺産オンライン」,https://online.bunka.go.jp/
日本史段階別デッキ｜Deck 1｜日本史の最重要骨格400語,JH-000233,233,Deck 1｜骨格・基礎,人物,世阿弥,ぜあみ,,中世,近畿,奈良・京都,室町時代前期,1400,JH-000233-R02,reverse,複合説明,reverse,何をした？,奈良・京都で父の観阿弥(かんあみ)とともに**能**を大成し、幽玄や「花」の理論を『風姿花伝』にまとめた能役者・作者。,観阿弥|能|幽玄|花|風姿花伝|足利義満,,,,文化庁「文化遺産オンライン」,https://online.bunka.go.jp/
日本史段階別デッキ｜Deck 1｜日本史の最重要骨格400語,JH-000233,233,Deck 1｜骨格・基礎,人物,世阿弥,ぜあみ,,中世,近畿,奈良・京都,室町時代前期,1400,JH-000233-R03,reverse,結果・関連,reverse,何につながった・どんな意味があった？,足利義満(あしかがよしみつ)の保護のもと**能**を洗練し、日本の舞台芸術と芸道思想の基礎を築いた。,観阿弥|能|幽玄|花|風姿花伝|足利義満,,,,文化庁「文化遺産オンライン」,https://online.bunka.go.jp/
日本史段階別デッキ｜Deck 1｜日本史の最重要骨格400語,JH-000233,233,Deck 1｜骨格・基礎,人物,世阿弥,ぜあみ,,中世,近畿,奈良・京都,室町時代前期,1400,JH-000233-I01,integrated,統合説明,integrated,「世阿弥(ぜあみ)」について説明せよ。,室町時代前期、奈良・京都を主な舞台として、奈良・京都で父の観阿弥(かんあみ)とともに**能**を大成し、幽玄や「花」の理論を『風姿花伝』にまとめた能役者・作者。 足利義満(あしかがよしみつ)の保護のもと**能**を洗練し、日本の舞台芸術と芸道思想の基礎を築いた。,観阿弥|能|幽玄|花|風姿花伝|足利義満,,,,文化庁「文化遺産オンライン」,https://online.bunka.go.jp/
日本史段階別デッキ｜Deck 1｜日本史の最重要骨格400語,JH-000386,386,Deck 1｜骨格・基礎,文学・美術・建築,連歌,れんが,,中世,日本全国,京都・寺社・各地の都市や村,室町時代,1400,JH-000386-B01,beginner,用語の特定,identify,複数人が長句と短句を交互に詠み継いで一作品を作る中世の文芸は？,連歌,連歌,,,,文化庁「文化遺産オンライン」,https://online.bunka.go.jp/
日本史段階別デッキ｜Deck 1｜日本史の最重要骨格400語,JH-000386,386,Deck 1｜骨格・基礎,文学・美術・建築,連歌,れんが,,中世,日本全国,京都・寺社・各地の都市や村,室町時代,1400,JH-000386-B02,beginner,時期,time,連歌が成立・制作されたのはいつ？,室町時代,室町時代,,,,文化庁「文化遺産オンライン」,https://online.bunka.go.jp/
日本史段階別デッキ｜Deck 1｜日本史の最重要骨格400語,JH-000386,386,Deck 1｜骨格・基礎,文学・美術・建築,連歌,れんが,,中世,日本全国,京都・寺社・各地の都市や村,室町時代,1400,JH-000386-B03,beginner,人物,person,連歌を大成した室町時代の代表的連歌師は？,宗祇(そうぎ),宗祇,,,,文化庁「文化遺産オンライン」,https://online.bunka.go.jp/
日本史段階別デッキ｜Deck 1｜日本史の最重要骨格400語,JH-000386,386,Deck 1｜骨格・基礎,文学・美術・建築,連歌,れんが,,中世,日本全国,京都・寺社・各地の都市や村,室町時代,1400,JH-000386-R01,reverse,時期,time,成立・制作されたのはいつ？,**室町時代**,室町時代,,,,文化庁「文化遺産オンライン」,https://online.bunka.go.jp/
日本史段階別デッキ｜Deck 1｜日本史の最重要骨格400語,JH-000386,386,Deck 1｜骨格・基礎,文学・美術・建築,連歌,れんが,,中世,日本全国,京都・寺社・各地の都市や村,室町時代,1400,JH-000386-R02,reverse,複合説明,reverse,どのような作品・様式？,京都や各地の寺社・都市・村で、複数人が長句と短句を交互に付け合って一巻を作る**共同文芸**。,共同文芸|宗祇|身分を越える交流|俳諧連歌|俳句,,,,文化庁「文化遺産オンライン」,https://online.bunka.go.jp/
日本史段階別デッキ｜Deck 1｜日本史の最重要骨格400語,JH-000386,386,Deck 1｜骨格・基礎,文学・美術・建築,連歌,れんが,,中世,日本全国,京都・寺社・各地の都市や村,室町時代,1400,JH-000386-R03,reverse,結果・関連,reverse,何につながった・どんな意味があった？,身分を越える文化交流の場となり、**宗祇(そうぎ)**らによって芸術性を高め、俳諧連歌や俳句へつながった。,共同文芸|宗祇|身分を越える交流|俳諧連歌|俳句,,,,文化庁「文化遺産オンライン」,https://online.bunka.go.jp/
日本史段階別デッキ｜Deck 1｜日本史の最重要骨格400語,JH-000386,386,Deck 1｜骨格・基礎,文学・美術・建築,連歌,れんが,,中世,日本全国,京都・寺社・各地の都市や村,室町時代,1400,JH-000386-I01,integrated,統合説明,integrated,「連歌」について説明せよ。,室町時代、京都・寺社・各地の都市や村を主な舞台として、京都や各地の寺社・都市・村で、複数人が長句と短句を交互に付け合って一巻を作る**共同文芸**。 身分を越える文化交流の場となり、**宗祇(そうぎ)**らによって芸術性を高め、俳諧連歌や俳句へつながった。,共同文芸|宗祇|身分を越える交流|俳諧連歌|俳句,,,,文化庁「文化遺産オンライン」,https://online.bunka.go.jp/
日本史段階別デッキ｜Deck 1｜日本史の最重要骨格400語,JH-000108,108,Deck 1｜骨格・基礎,経済・産業・交通,日明貿易,にちみんぼうえき,勘合貿易,中世,東アジア,日本と明、中国沿岸,1404〜1549年,1404,JH-000108-B01,beginner,用語の特定,identify,室町幕府と明が、倭寇(わこう)と区別する勘合(かんごう)を用いて行った公的貿易は？,日明貿易,日明貿易,勘合貿易,,,国立歴史民俗博物館「第2展示室 中世」,https://www.rekihaku.ac.jp/exhibitions/room2/
日本史段階別デッキ｜Deck 1｜日本史の最重要骨格400語,JH-000108,108,Deck 1｜骨格・基礎,経済・産業・交通,日明貿易,にちみんぼうえき,勘合貿易,中世,東アジア,日本と明、中国沿岸,1404〜1549年,1404,JH-000108-B02,beginner,時期,time,日明貿易が行われた・発達したのはいつ？,1404年以後,1404年以後,,,1404年以後：「意志を明に」（1404）日明貿易が続く,国立歴史民俗博物館「第2展示室 中世」,https://www.rekihaku.ac.jp/exhibitions/room2/
日本史段階別デッキ｜Deck 1｜日本史の最重要骨格400語,JH-000108,108,Deck 1｜骨格・基礎,経済・産業・交通,日明貿易,にちみんぼうえき,勘合貿易,中世,東アジア,日本と明、中国沿岸,1404〜1549年,1404,JH-000108-B03,beginner,制度,content,日明貿易で正式な貿易船の証明に用いた札は？,勘合(かんごう),勘合,,,,国立歴史民俗博物館「第2展示室 中世」,https://www.rekihaku.ac.jp/exhibitions/room2/
日本史段階別デッキ｜Deck 1｜日本史の最重要骨格400語,JH-000108,108,Deck 1｜骨格・基礎,経済・産業・交通,日明貿易,にちみんぼうえき,勘合貿易,中世,東アジア,日本と明、中国沿岸,1404〜1549年,1404,JH-000108-R01,reverse,時期,time,行われた・発達したのはいつ？,**1404年以後**,1404年以後,,,1404年以後：「意志を明に」（1404）日明貿易が続く,国立歴史民俗博物館「第2展示室 中世」,https://www.rekihaku.ac.jp/exhibitions/room2/
日本史段階別デッキ｜Deck 1｜日本史の最重要骨格400語,JH-000108,108,Deck 1｜骨格・基礎,経済・産業・交通,日明貿易,にちみんぼうえき,勘合貿易,中世,東アジア,日本と明、中国沿岸,1404〜1549年,1404,JH-000108-R02,reverse,複合説明,reverse,どんな仕組み・活動？,足利義満(あしかがよしみつ)が明に朝貢し、日本と明の間で**勘合(かんごう)**を用いて倭寇(わこう)と区別しながら行った公的貿易。,足利義満|明|勘合|倭寇|銅銭|生糸,,,,国立歴史民俗博物館「第2展示室 中世」,https://www.rekihaku.ac.jp/exhibitions/room2/
日本史段階別デッキ｜Deck 1｜日本史の最重要骨格400語,JH-000108,108,Deck 1｜骨格・基礎,経済・産業・交通,日明貿易,にちみんぼうえき,勘合貿易,中世,東アジア,日本と明、中国沿岸,1404〜1549年,1404,JH-000108-R03,reverse,結果・関連,reverse,何につながった・どんな意味があった？,銅・硫黄・刀剣を輸出し、**銅銭**・生糸・絹織物などを輸入して幕府や商人に利益をもたらした。,足利義満|明|勘合|倭寇|銅銭|生糸,,,,国立歴史民俗博物館「第2展示室 中世」,https://www.rekihaku.ac.jp/exhibitions/room2/
日本史段階別デッキ｜Deck 1｜日本史の最重要骨格400語,JH-000108,108,Deck 1｜骨格・基礎,経済・産業・交通,日明貿易,にちみんぼうえき,勘合貿易,中世,東アジア,日本と明、中国沿岸,1404〜1549年,1404,JH-000108-I01,integrated,統合説明,integrated,「日明貿易」について説明せよ。,1404〜1549年、日本と明、中国沿岸を主な舞台として、足利義満(あしかがよしみつ)が明に朝貢し、日本と明の間で**勘合(かんごう)**を用いて倭寇(わこう)と区別しながら行った公的貿易。 銅・硫黄・刀剣を輸出し、**銅銭**・生糸・絹織物などを輸入して幕府や商人に利益をもたらした。,足利義満|明|勘合|倭寇|銅銭|生糸,,,1404年以後：「意志を明に」（1404）日明貿易が続く,国立歴史民俗博物館「第2展示室 中世」,https://www.rekihaku.ac.jp/exhibitions/room2/
日本史段階別デッキ｜Deck 1｜日本史の最重要骨格400語,JH-000379,379,Deck 1｜骨格・基礎,文書・史料,勘合,かんごう,,中世,東アジア,日本と明の港,室町時代前期〜後期,1404,JH-000379-B01,beginner,用語の特定,identify,日明貿易で、正式な使節船と倭寇(わこう)を区別するため日明双方が照合した割符は？,勘合(かんごう),勘合,,,,国立歴史民俗博物館「第2展示室 中世」,https://www.rekihaku.ac.jp/exhibitions/room2/
日本史段階別デッキ｜Deck 1｜日本史の最重要骨格400語,JH-000379,379,Deck 1｜骨格・基礎,文書・史料,勘合,かんごう,,中世,東アジア,日本と明の港,室町時代前期〜後期,1404,JH-000379-B02,beginner,時期,time,勘合(かんごう)が作成・成立したのはいつ？,室町時代前期〜後期,室町時代前期〜後期,,,,国立歴史民俗博物館「第2展示室 中世」,https://www.rekihaku.ac.jp/exhibitions/room2/
日本史段階別デッキ｜Deck 1｜日本史の最重要骨格400語,JH-000379,379,Deck 1｜骨格・基礎,文書・史料,勘合,かんごう,,中世,東アジア,日本と明の港,室町時代前期〜後期,1404,JH-000379-B03,beginner,関連,relation,勘合(かんごう)が用いられた貿易は？,日明貿易,日明貿易,,,,国立歴史民俗博物館「第2展示室 中世」,https://www.rekihaku.ac.jp/exhibitions/room2/
日本史段階別デッキ｜Deck 1｜日本史の最重要骨格400語,JH-000379,379,Deck 1｜骨格・基礎,文書・史料,勘合,かんごう,,中世,東アジア,日本と明の港,室町時代前期〜後期,1404,JH-000379-R01,reverse,時期,time,作成・成立したのはいつ？,**室町時代前期〜後期**,室町時代前期〜後期,,,,国立歴史民俗博物館「第2展示室 中世」,https://www.rekihaku.ac.jp/exhibitions/room2/
日本史段階別デッキ｜Deck 1｜日本史の最重要骨格400語,JH-000379,379,Deck 1｜骨格・基礎,文書・史料,勘合,かんごう,,中世,東アジア,日本と明の港,室町時代前期〜後期,1404,JH-000379-R02,reverse,複合説明,reverse,何が書かれている・何が分かる？,日明貿易で日本と明が片方ずつ保管し、合わせて照合することで正式な船と倭寇(わこう)を区別した**割符**。,日明貿易|割符|倭寇|朝貢体制|室町幕府,,,,国立歴史民俗博物館「第2展示室 中世」,https://www.rekihaku.ac.jp/exhibitions/room2/
日本史段階別デッキ｜Deck 1｜日本史の最重要骨格400語,JH-000379,379,Deck 1｜骨格・基礎,文書・史料,勘合,かんごう,,中世,東アジア,日本と明の港,室町時代前期〜後期,1404,JH-000379-R03,reverse,結果・関連,reverse,何につながった・どんな意味があった？,明の海禁・**朝貢体制**の下で公的貿易を管理し、室町幕府の外交と財源を支えた。,日明貿易|割符|倭寇|朝貢体制|室町幕府,,,,国立歴史民俗博物館「第2展示室 中世」,https://www.rekihaku.ac.jp/exhibitions/room2/
日本史段階別デッキ｜Deck 1｜日本史の最重要骨格400語,JH-000379,379,Deck 1｜骨格・基礎,文書・史料,勘合,かんごう,,中世,東アジア,日本と明の港,室町時代前期〜後期,1404,JH-000379-I01,integrated,統合説明,integrated,「勘合(かんごう)」について説明せよ。,室町時代前期〜後期、日本と明の港を主な舞台として、日明貿易で日本と明が片方ずつ保管し、合わせて照合することで正式な船と倭寇(わこう)を区別した**割符**。 明の海禁・**朝貢体制**の下で公的貿易を管理し、室町幕府の外交と財源を支えた。,日明貿易|割符|倭寇|朝貢体制|室町幕府,,,,国立歴史民俗博物館「第2展示室 中世」,https://www.rekihaku.ac.jp/exhibitions/room2/
日本史段階別デッキ｜Deck 1｜日本史の最重要骨格400語,JH-000112,112,Deck 1｜骨格・基礎,運動,土一揆,つちいっき,,中世,日本全国,畿内を中心に各地,室町時代,1428,JH-000112-B01,beginner,用語の特定,identify,室町時代、農民・土民らが徳政や年貢軽減を求めて集団蜂起した運動は？,土一揆(つちいっき),土一揆,,,,国立歴史民俗博物館「第2展示室 中世」,https://www.rekihaku.ac.jp/exhibitions/room2/
日本史段階別デッキ｜Deck 1｜日本史の最重要骨格400語,JH-000112,112,Deck 1｜骨格・基礎,運動,土一揆,つちいっき,,中世,日本全国,畿内を中心に各地,室町時代,1428,JH-000112-B02,beginner,時期,time,土一揆(つちいっき)が起きた・盛んだったのはいつ？,室町時代,室町時代,,,,国立歴史民俗博物館「第2展示室 中世」,https://www.rekihaku.ac.jp/exhibitions/room2/
日本史段階別デッキ｜Deck 1｜日本史の最重要骨格400語,JH-000112,112,Deck 1｜骨格・基礎,運動,土一揆,つちいっき,,中世,日本全国,畿内を中心に各地,室町時代,1428,JH-000112-B03,beginner,要求,content,土一揆(つちいっき)でしばしば要求された、借金帳消しの命令は？,徳政令,徳政令,,,,国立歴史民俗博物館「第2展示室 中世」,https://www.rekihaku.ac.jp/exhibitions/room2/
日本史段階別デッキ｜Deck 1｜日本史の最重要骨格400語,JH-000112,112,Deck 1｜骨格・基礎,運動,土一揆,つちいっき,,中世,日本全国,畿内を中心に各地,室町時代,1428,JH-000112-R01,reverse,時期,time,起きた・盛んだったのはいつ？,**室町時代**,室町時代,,,,国立歴史民俗博物館「第2展示室 中世」,https://www.rekihaku.ac.jp/exhibitions/room2/
日本史段階別デッキ｜Deck 1｜日本史の最重要骨格400語,JH-000112,112,Deck 1｜骨格・基礎,運動,土一揆,つちいっき,,中世,日本全国,畿内を中心に各地,室町時代,1428,JH-000112-R02,reverse,複合説明,reverse,何を求めて、何が起きた？,室町時代の畿内を中心に、農民・土民・馬借などが結合して**徳政**や年貢軽減を求めた集団蜂起。,農民|土民|馬借|徳政|惣村|徳政令,,,,国立歴史民俗博物館「第2展示室 中世」,https://www.rekihaku.ac.jp/exhibitions/room2/
日本史段階別デッキ｜Deck 1｜日本史の最重要骨格400語,JH-000112,112,Deck 1｜骨格・基礎,運動,土一揆,つちいっき,,中世,日本全国,畿内を中心に各地,室町時代,1428,JH-000112-R03,reverse,結果・関連,reverse,何につながった・どんな意味があった？,惣村(そうそん)の自治と結合を背景に政治へ要求を突きつけ、幕府や大名に**徳政**令を出させることもあった。,農民|土民|馬借|徳政|惣村|徳政令,,,,国立歴史民俗博物館「第2展示室 中世」,https://www.rekihaku.ac.jp/exhibitions/room2/
日本史段階別デッキ｜Deck 1｜日本史の最重要骨格400語,JH-000112,112,Deck 1｜骨格・基礎,運動,土一揆,つちいっき,,中世,日本全国,畿内を中心に各地,室町時代,1428,JH-000112-I01,integrated,統合説明,integrated,「土一揆(つちいっき)」について説明せよ。,室町時代、畿内を中心に各地を主な舞台として、室町時代の畿内を中心に、農民・土民・馬借などが結合して**徳政**や年貢軽減を求めた集団蜂起。 惣村(そうそん)の自治と結合を背景に政治へ要求を突きつけ、幕府や大名に**徳政**令を出させることもあった。,農民|土民|馬借|徳政|惣村|徳政令,,,,国立歴史民俗博物館「第2展示室 中世」,https://www.rekihaku.ac.jp/exhibitions/room2/
日本史段階別デッキ｜Deck 1｜日本史の最重要骨格400語,JH-000347,347,Deck 1｜骨格・基礎,運動,正長の土一揆,しょうちょうのつちいっき,,中世,近畿,近江・京都・奈良など畿内,1428年,1428,JH-000347-B01,beginner,用語の特定,identify,近江の馬借らの蜂起をきっかけに畿内へ広がり、徳政を求めた最初の大規模な土一揆(つちいっき)は？,正長の土一揆(しょうちょうのつちいっき),正長の土一揆,,,,東京大学史料編纂所,https://www.hi.u-tokyo.ac.jp/
日本史段階別デッキ｜Deck 1｜日本史の最重要骨格400語,JH-000347,347,Deck 1｜骨格・基礎,運動,正長の土一揆,しょうちょうのつちいっき,,中世,近畿,近江・京都・奈良など畿内,1428年,1428,JH-000347-B02,beginner,時期,time,正長の土一揆(しょうちょうのつちいっき)が起きた・盛んだったのはいつ？,1428年,1428年,,,1428年：「一世にや」（1428）と結ぶ正長の土一揆,東京大学史料編纂所,https://www.hi.u-tokyo.ac.jp/
日本史段階別デッキ｜Deck 1｜日本史の最重要骨格400語,JH-000347,347,Deck 1｜骨格・基礎,運動,正長の土一揆,しょうちょうのつちいっき,,中世,近畿,近江・京都・奈良など畿内,1428年,1428,JH-000347-B03,beginner,要求,content,正長の土一揆(しょうちょうのつちいっき)が要求した中心内容は？,徳政,徳政,,,,東京大学史料編纂所,https://www.hi.u-tokyo.ac.jp/
日本史段階別デッキ｜Deck 1｜日本史の最重要骨格400語,JH-000347,347,Deck 1｜骨格・基礎,運動,正長の土一揆,しょうちょうのつちいっき,,中世,近畿,近江・京都・奈良など畿内,1428年,1428,JH-000347-R01,reverse,時期,time,起きた・盛んだったのはいつ？,**1428年**,1428年,,,1428年：「一世にや」（1428）と結ぶ正長の土一揆,東京大学史料編纂所,https://www.hi.u-tokyo.ac.jp/
日本史段階別デッキ｜Deck 1｜日本史の最重要骨格400語,JH-000347,347,Deck 1｜骨格・基礎,運動,正長の土一揆,しょうちょうのつちいっき,,中世,近畿,近江・京都・奈良など畿内,1428年,1428,JH-000347-R02,reverse,複合説明,reverse,何を求めて、何が起きた？,近江の馬借らの蜂起をきっかけに京都・奈良など畿内へ広がり、農民・土民が**徳政**を求めて酒屋・土倉を襲った一揆。,近江|馬借|徳政|酒屋|土倉|私徳政,,,,東京大学史料編纂所,https://www.hi.u-tokyo.ac.jp/
日本史段階別デッキ｜Deck 1｜日本史の最重要骨格400語,JH-000347,347,Deck 1｜骨格・基礎,運動,正長の土一揆,しょうちょうのつちいっき,,中世,近畿,近江・京都・奈良など畿内,1428年,1428,JH-000347-R03,reverse,結果・関連,reverse,何につながった・どんな意味があった？,幕府の正式な**徳政**令は出なかったが、各地で実力による私徳政が行われ、土一揆(つちいっき)の先例となった。,近江|馬借|徳政|酒屋|土倉|私徳政,,,,東京大学史料編纂所,https://www.hi.u-tokyo.ac.jp/
日本史段階別デッキ｜Deck 1｜日本史の最重要骨格400語,JH-000347,347,Deck 1｜骨格・基礎,運動,正長の土一揆,しょうちょうのつちいっき,,中世,近畿,近江・京都・奈良など畿内,1428年,1428,JH-000347-I01,integrated,統合説明,integrated,「正長の土一揆(しょうちょうのつちいっき)」について説明せよ。,1428年、近江・京都・奈良など畿内を主な舞台として、近江の馬借らの蜂起をきっかけに京都・奈良など畿内へ広がり、農民・土民が**徳政**を求めて酒屋・土倉を襲った一揆。 幕府の正式な**徳政**令は出なかったが、各地で実力による私徳政が行われ、土一揆(つちいっき)の先例となった。,近江|馬借|徳政|酒屋|土倉|私徳政,,,1428年：「一世にや」（1428）と結ぶ正長の土一揆,東京大学史料編纂所,https://www.hi.u-tokyo.ac.jp/
日本史段階別デッキ｜Deck 1｜日本史の最重要骨格400語,JH-000182,182,Deck 1｜骨格・基礎,朝廷・政権・幕府,琉球王国,りゅうきゅうおうこく,,中世,沖縄,琉球諸島・首里,1429〜1879年,1429,JH-000182-B01,beginner,用語の特定,identify,尚巴志(しょうはし)が三山を統一し、首里を都として中継貿易で繁栄した王国は？,琉球王国(りゅうきゅうおうこく),琉球王国,,,,国立歴史民俗博物館「第2展示室 中世」,https://www.rekihaku.ac.jp/exhibitions/room2/
日本史段階別デッキ｜Deck 1｜日本史の最重要骨格400語,JH-000182,182,Deck 1｜骨格・基礎,朝廷・政権・幕府,琉球王国,りゅうきゅうおうこく,,中世,沖縄,琉球諸島・首里,1429〜1879年,1429,JH-000182-B02,beginner,時期,time,琉球王国(りゅうきゅうおうこく)が存在・機能したのはいつ？,1429〜1879年,1429〜1879年,,,1429〜1879年：「一世に国」（1429）年から「いや泣く」（1879）年までの琉球王国,国立歴史民俗博物館「第2展示室 中世」,https://www.rekihaku.ac.jp/exhibitions/room2/
日本史段階別デッキ｜Deck 1｜日本史の最重要骨格400語,JH-000182,182,Deck 1｜骨格・基礎,朝廷・政権・幕府,琉球王国,りゅうきゅうおうこく,,中世,沖縄,琉球諸島・首里,1429〜1879年,1429,JH-000182-B03,beginner,地域,place,琉球王国(りゅうきゅうおうこく)が都を置いた場所は？,首里,首里,,,,国立歴史民俗博物館「第2展示室 中世」,https://www.rekihaku.ac.jp/exhibitions/room2/
日本史段階別デッキ｜Deck 1｜日本史の最重要骨格400語,JH-000182,182,Deck 1｜骨格・基礎,朝廷・政権・幕府,琉球王国,りゅうきゅうおうこく,,中世,沖縄,琉球諸島・首里,1429〜1879年,1429,JH-000182-R01,reverse,時期,time,存在・機能したのはいつ？,**1429〜1879年**,1429〜1879年,,,1429〜1879年：「一世に国」（1429）年から「いや泣く」（1879）年までの琉球王国,国立歴史民俗博物館「第2展示室 中世」,https://www.rekihaku.ac.jp/exhibitions/room2/
日本史段階別デッキ｜Deck 1｜日本史の最重要骨格400語,JH-000182,182,Deck 1｜骨格・基礎,朝廷・政権・幕府,琉球王国,りゅうきゅうおうこく,,中世,沖縄,琉球諸島・首里,1429〜1879年,1429,JH-000182-R02,reverse,複合説明,reverse,何をした？,尚巴志(しょうはし)が沖縄本島の三山を統一し、**首里**を都として琉球諸島を支配した王国。,尚巴志|三山統一|首里|明|中継貿易|薩摩藩,,,,国立歴史民俗博物館「第2展示室 中世」,https://www.rekihaku.ac.jp/exhibitions/room2/
日本史段階別デッキ｜Deck 1｜日本史の最重要骨格400語,JH-000182,182,Deck 1｜骨格・基礎,朝廷・政権・幕府,琉球王国,りゅうきゅうおうこく,,中世,沖縄,琉球諸島・首里,1429〜1879年,1429,JH-000182-R03,reverse,結果・関連,reverse,何につながった・どんな意味があった？,**明**へ朝貢し、日本・中国・朝鮮・東南アジアを結ぶ中継貿易で栄え、のち薩摩藩の支配も受けた。,尚巴志|三山統一|首里|明|中継貿易|薩摩藩,,,,国立歴史民俗博物館「第2展示室 中世」,https://www.rekihaku.ac.jp/exhibitions/room2/
日本史段階別デッキ｜Deck 1｜日本史の最重要骨格400語,JH-000182,182,Deck 1｜骨格・基礎,朝廷・政権・幕府,琉球王国,りゅうきゅうおうこく,,中世,沖縄,琉球諸島・首里,1429〜1879年,1429,JH-000182-I01,integrated,統合説明,integrated,「琉球王国(りゅうきゅうおうこく)」について説明せよ。,1429〜1879年、琉球諸島・首里を主な舞台として、尚巴志(しょうはし)が沖縄本島の三山を統一し、**首里**を都として琉球諸島を支配した王国。 **明**へ朝貢し、日本・中国・朝鮮・東南アジアを結ぶ中継貿易で栄え、のち薩摩藩の支配も受けた。,尚巴志|三山統一|首里|明|中継貿易|薩摩藩,,,1429〜1879年：「一世に国」（1429）年から「いや泣く」（1879）年までの琉球王国,国立歴史民俗博物館「第2展示室 中世」,https://www.rekihaku.ac.jp/exhibitions/room2/
日本史段階別デッキ｜Deck 1｜日本史の最重要骨格400語,JH-000234,234,Deck 1｜骨格・基礎,人物,足利義政,あしかがよしまさ,,中世,近畿,京都,室町時代中期〜後期,1449,JH-000234-B01,beginner,用語の特定,identify,応仁の乱(おうにんのらん)期の室町幕府8代将軍で、東山文化の中心となった人物は？,足利義政(あしかがよしまさ),足利義政,,,,国立歴史民俗博物館「第2展示室 中世」,https://www.rekihaku.ac.jp/exhibitions/room2/
日本史段階別デッキ｜Deck 1｜日本史の最重要骨格400語,JH-000234,234,Deck 1｜骨格・基礎,人物,足利義政,あしかがよしまさ,,中世,近畿,京都,室町時代中期〜後期,1449,JH-000234-B02,beginner,時期,time,足利義政(あしかがよしまさ)が主に活動したのはいつ？,室町時代中期〜後期,室町時代中期〜後期,,,,国立歴史民俗博物館「第2展示室 中世」,https://www.rekihaku.ac.jp/exhibitions/room2/
日本史段階別デッキ｜Deck 1｜日本史の最重要骨格400語,JH-000234,234,Deck 1｜骨格・基礎,人物,足利義政,あしかがよしまさ,,中世,近畿,京都,室町時代中期〜後期,1449,JH-000234-B03,beginner,事件,relation,足利義政(あしかがよしまさ)の時代に始まった大乱は？,応仁の乱(おうにんのらん),応仁の乱,,,,国立歴史民俗博物館「第2展示室 中世」,https://www.rekihaku.ac.jp/exhibitions/room2/
日本史段階別デッキ｜Deck 1｜日本史の最重要骨格400語,JH-000234,234,Deck 1｜骨格・基礎,人物,足利義政,あしかがよしまさ,,中世,近畿,京都,室町時代中期〜後期,1449,JH-000234-R01,reverse,時期,time,主に活動したのはいつ？,**室町時代中期〜後期**,室町時代中期〜後期,,,,国立歴史民俗博物館「第2展示室 中世」,https://www.rekihaku.ac.jp/exhibitions/room2/
日本史段階別デッキ｜Deck 1｜日本史の最重要骨格400語,JH-000234,234,Deck 1｜骨格・基礎,人物,足利義政,あしかがよしまさ,,中世,近畿,京都,室町時代中期〜後期,1449,JH-000234-R02,reverse,複合説明,reverse,何をした？,京都で将軍継嗣問題を調整できず**応仁の乱(おうにんのらん)**を招いた一方、引退後は東山山荘を営み東山文化を育てた8代将軍。,応仁の乱|東山山荘|東山文化|書院造|幕府権威,,,,国立歴史民俗博物館「第2展示室 中世」,https://www.rekihaku.ac.jp/exhibitions/room2/
日本史段階別デッキ｜Deck 1｜日本史の最重要骨格400語,JH-000234,234,Deck 1｜骨格・基礎,人物,足利義政,あしかがよしまさ,,中世,近畿,京都,室町時代中期〜後期,1449,JH-000234-R03,reverse,結果・関連,reverse,何につながった・どんな意味があった？,幕府権威の低下と戦国時代への移行を象徴する一方、**書院造(しょいんづくり)**・水墨画・茶など後世の生活文化に影響した。,応仁の乱|東山山荘|東山文化|書院造|幕府権威,,,,国立歴史民俗博物館「第2展示室 中世」,https://www.rekihaku.ac.jp/exhibitions/room2/
日本史段階別デッキ｜Deck 1｜日本史の最重要骨格400語,JH-000234,234,Deck 1｜骨格・基礎,人物,足利義政,あしかがよしまさ,,中世,近畿,京都,室町時代中期〜後期,1449,JH-000234-I01,integrated,統合説明,integrated,「足利義政(あしかがよしまさ)」について説明せよ。,室町時代中期〜後期、京都を主な舞台として、京都で将軍継嗣問題を調整できず**応仁の乱(おうにんのらん)**を招いた一方、引退後は東山山荘を営み東山文化を育てた8代将軍。 幕府権威の低下と戦国時代への移行を象徴する一方、**書院造(しょいんづくり)**・水墨画・茶など後世の生活文化に影響した。,応仁の乱|東山山荘|東山文化|書院造|幕府権威,,,,国立歴史民俗博物館「第2展示室 中世」,https://www.rekihaku.ac.jp/exhibitions/room2/
日本史段階別デッキ｜Deck 1｜日本史の最重要骨格400語,JH-000348,348,Deck 1｜骨格・基礎,人物,蓮如,れんにょ,,中世,日本全国,近畿・北陸,室町時代中期〜後期,1457,JH-000348-B01,beginner,用語の特定,identify,御文(おふみ)を用いて浄土真宗本願寺派を近畿・北陸へ広め、教団を再興した僧は？,蓮如(れんにょ),蓮如,,,,国立歴史民俗博物館「第2展示室 中世」,https://www.rekihaku.ac.jp/exhibitions/room2/
日本史段階別デッキ｜Deck 1｜日本史の最重要骨格400語,JH-000348,348,Deck 1｜骨格・基礎,人物,蓮如,れんにょ,,中世,日本全国,近畿・北陸,室町時代中期〜後期,1457,JH-000348-B02,beginner,時期,time,蓮如(れんにょ)が主に活動したのはいつ？,室町時代中期〜後期,室町時代中期〜後期,,,,国立歴史民俗博物館「第2展示室 中世」,https://www.rekihaku.ac.jp/exhibitions/room2/
日本史段階別デッキ｜Deck 1｜日本史の最重要骨格400語,JH-000348,348,Deck 1｜骨格・基礎,人物,蓮如,れんにょ,,中世,日本全国,近畿・北陸,室町時代中期〜後期,1457,JH-000348-B03,beginner,文書,content,蓮如(れんにょ)が布教に用いた書簡を何という？,御文(おふみ),御文,,,,国立歴史民俗博物館「第2展示室 中世」,https://www.rekihaku.ac.jp/exhibitions/room2/
日本史段階別デッキ｜Deck 1｜日本史の最重要骨格400語,JH-000348,348,Deck 1｜骨格・基礎,人物,蓮如,れんにょ,,中世,日本全国,近畿・北陸,室町時代中期〜後期,1457,JH-000348-R01,reverse,時期,time,主に活動したのはいつ？,**室町時代中期〜後期**,室町時代中期〜後期,,,,国立歴史民俗博物館「第2展示室 中世」,https://www.rekihaku.ac.jp/exhibitions/room2/
日本史段階別デッキ｜Deck 1｜日本史の最重要骨格400語,JH-000348,348,Deck 1｜骨格・基礎,人物,蓮如,れんにょ,,中世,日本全国,近畿・北陸,室町時代中期〜後期,1457,JH-000348-R02,reverse,複合説明,reverse,何をした？,近畿・北陸で平易な**御文(おふみ)**を用いて布教し、本願寺を再興して浄土真宗本願寺派を大教団へ発展させた僧。,御文|本願寺|浄土真宗本願寺派|門徒|一向一揆,,,,国立歴史民俗博物館「第2展示室 中世」,https://www.rekihaku.ac.jp/exhibitions/room2/
日本史段階別デッキ｜Deck 1｜日本史の最重要骨格400語,JH-000348,348,Deck 1｜骨格・基礎,人物,蓮如,れんにょ,,中世,日本全国,近畿・北陸,室町時代中期〜後期,1457,JH-000348-R03,reverse,結果・関連,reverse,何につながった・どんな意味があった？,**門徒**の結合を強め、一向一揆の社会的基盤を生んだ一方、教団秩序の維持にも努めた。,御文|本願寺|浄土真宗本願寺派|門徒|一向一揆,,,,国立歴史民俗博物館「第2展示室 中世」,https://www.rekihaku.ac.jp/exhibitions/room2/
日本史段階別デッキ｜Deck 1｜日本史の最重要骨格400語,JH-000348,348,Deck 1｜骨格・基礎,人物,蓮如,れんにょ,,中世,日本全国,近畿・北陸,室町時代中期〜後期,1457,JH-000348-I01,integrated,統合説明,integrated,「蓮如(れんにょ)」について説明せよ。,室町時代中期〜後期、近畿・北陸を主な舞台として、近畿・北陸で平易な**御文(おふみ)**を用いて布教し、本願寺を再興して浄土真宗本願寺派を大教団へ発展させた僧。 **門徒**の結合を強め、一向一揆の社会的基盤を生んだ一方、教団秩序の維持にも努めた。,御文|本願寺|浄土真宗本願寺派|門徒|一向一揆,,,,国立歴史民俗博物館「第2展示室 中世」,https://www.rekihaku.ac.jp/exhibitions/room2/
日本史段階別デッキ｜Deck 1｜日本史の最重要骨格400語,JH-000289,289,Deck 1｜骨格・基礎,地域・都市・遺跡,堺,さかい,,中世,近畿,摂津・和泉国境の港町,室町時代後期〜安土桃山時代,1460,JH-000289-B01,beginner,用語の特定,identify,室町・戦国期に会合衆(えごうしゅう)が自治を行い、日明・南蛮貿易で栄えた港町は？,堺(さかい),堺,,,,国立歴史民俗博物館「第2展示室 中世」,https://www.rekihaku.ac.jp/exhibitions/room2/
日本史段階別デッキ｜Deck 1｜日本史の最重要骨格400語,JH-000289,289,Deck 1｜骨格・基礎,地域・都市・遺跡,堺,さかい,,中世,近畿,摂津・和泉国境の港町,室町時代後期〜安土桃山時代,1460,JH-000289-B02,beginner,時期,time,堺(さかい)が歴史上重要な意味を持つのはいつ？,室町時代後期〜安土桃山時代,室町時代後期〜安土桃山時代,,,,国立歴史民俗博物館「第2展示室 中世」,https://www.rekihaku.ac.jp/exhibitions/room2/
日本史段階別デッキ｜Deck 1｜日本史の最重要骨格400語,JH-000289,289,Deck 1｜骨格・基礎,地域・都市・遺跡,堺,さかい,,中世,近畿,摂津・和泉国境の港町,室町時代後期〜安土桃山時代,1460,JH-000289-B03,beginner,担い手,actor,堺(さかい)の自治を担った有力商人層は？,会合衆(えごうしゅう),会合衆,,,,国立歴史民俗博物館「第2展示室 中世」,https://www.rekihaku.ac.jp/exhibitions/room2/
日本史段階別デッキ｜Deck 1｜日本史の最重要骨格400語,JH-000289,289,Deck 1｜骨格・基礎,地域・都市・遺跡,堺,さかい,,中世,近畿,摂津・和泉国境の港町,室町時代後期〜安土桃山時代,1460,JH-000289-R01,reverse,時期,time,歴史上重要な意味を持つのはいつ？,**室町時代後期〜安土桃山時代**,室町時代後期〜安土桃山時代,,,,国立歴史民俗博物館「第2展示室 中世」,https://www.rekihaku.ac.jp/exhibitions/room2/
日本史段階別デッキ｜Deck 1｜日本史の最重要骨格400語,JH-000289,289,Deck 1｜骨格・基礎,地域・都市・遺跡,堺,さかい,,中世,近畿,摂津・和泉国境の港町,室町時代後期〜安土桃山時代,1460,JH-000289-R02,reverse,複合説明,reverse,何が分かる・何が重要？,摂津・和泉国境の港町で、**会合衆(えごうしゅう)**と呼ばれる有力商人が自治を行い、日明・南蛮貿易で繁栄した。,会合衆|自治|日明貿易|南蛮貿易|茶の湯,,,,国立歴史民俗博物館「第2展示室 中世」,https://www.rekihaku.ac.jp/exhibitions/room2/
日本史段階別デッキ｜Deck 1｜日本史の最重要骨格400語,JH-000289,289,Deck 1｜骨格・基礎,地域・都市・遺跡,堺,さかい,,中世,近畿,摂津・和泉国境の港町,室町時代後期〜安土桃山時代,1460,JH-000289-R03,reverse,結果・関連,reverse,何につながった・どんな意味があった？,商業・金融・**茶の湯**の中心となり、戦国大名や天下人の経済政策にも大きな影響を与えた。,会合衆|自治|日明貿易|南蛮貿易|茶の湯,,,,国立歴史民俗博物館「第2展示室 中世」,https://www.rekihaku.ac.jp/exhibitions/room2/
日本史段階別デッキ｜Deck 1｜日本史の最重要骨格400語,JH-000289,289,Deck 1｜骨格・基礎,地域・都市・遺跡,堺,さかい,,中世,近畿,摂津・和泉国境の港町,室町時代後期〜安土桃山時代,1460,JH-000289-I01,integrated,統合説明,integrated,「堺(さかい)」について説明せよ。,室町時代後期〜安土桃山時代、摂津・和泉国境の港町を主な舞台として、摂津・和泉国境の港町で、**会合衆(えごうしゅう)**と呼ばれる有力商人が自治を行い、日明・南蛮貿易で繁栄した。 商業・金融・**茶の湯**の中心となり、戦国大名や天下人の経済政策にも大きな影響を与えた。,会合衆|自治|日明貿易|南蛮貿易|茶の湯,,,,国立歴史民俗博物館「第2展示室 中世」,https://www.rekihaku.ac.jp/exhibitions/room2/
日本史段階別デッキ｜Deck 1｜日本史の最重要骨格400語,JH-000029,29,Deck 1｜骨格・基礎,戦争・争乱,応仁の乱,おうにんのらん,,中世,近畿,京都を中心に全国へ波及,1467〜1477年,1467,JH-000029-B01,beginner,用語の特定,identify,将軍継嗣や畠山・斯波両氏の家督争いを背景に、細川勝元(ほそかわかつもと)と山名宗全(やまなそうぜん)が東西に分かれて戦った内乱は？,応仁の乱(おうにんのらん),応仁の乱,,,,国立歴史民俗博物館「第2展示室 中世」,https://www.rekihaku.ac.jp/exhibitions/room2/
日本史段階別デッキ｜Deck 1｜日本史の最重要骨格400語,JH-000029,29,Deck 1｜骨格・基礎,戦争・争乱,応仁の乱,おうにんのらん,,中世,近畿,京都を中心に全国へ波及,1467〜1477年,1467,JH-000029-B02,beginner,時期,time,応仁の乱(おうにんのらん)が戦われたのはいつ？,1467〜1477年,1467〜1477年,,,1467〜1477年：「人の世むなしい」（1467）から「人の世なな」（1477）まで応仁の乱,国立歴史民俗博物館「第2展示室 中世」,https://www.rekihaku.ac.jp/exhibitions/room2/
日本史段階別デッキ｜Deck 1｜日本史の最重要骨格400語,JH-000029,29,Deck 1｜骨格・基礎,戦争・争乱,応仁の乱,おうにんのらん,,中世,近畿,京都を中心に全国へ波及,1467〜1477年,1467,JH-000029-B03,beginner,人物,person,応仁の乱(おうにんのらん)で東軍と西軍の中心となった二人は？,細川勝元(ほそかわかつもと)・山名宗全(やまなそうぜん),細川勝元・山名宗全,,,,国立歴史民俗博物館「第2展示室 中世」,https://www.rekihaku.ac.jp/exhibitions/room2/
日本史段階別デッキ｜Deck 1｜日本史の最重要骨格400語,JH-000029,29,Deck 1｜骨格・基礎,戦争・争乱,応仁の乱,おうにんのらん,,中世,近畿,京都を中心に全国へ波及,1467〜1477年,1467,JH-000029-R01,reverse,時期,time,戦われたのはいつ？,**1467〜1477年**,1467〜1477年,,,1467〜1477年：「人の世むなしい」（1467）から「人の世なな」（1477）まで応仁の乱,国立歴史民俗博物館「第2展示室 中世」,https://www.rekihaku.ac.jp/exhibitions/room2/
日本史段階別デッキ｜Deck 1｜日本史の最重要骨格400語,JH-000029,29,Deck 1｜骨格・基礎,戦争・争乱,応仁の乱,おうにんのらん,,中世,近畿,京都を中心に全国へ波及,1467〜1477年,1467,JH-000029-R02,reverse,複合説明,reverse,何が起きた？,将軍継嗣と有力守護家の家督争いを背景に、京都で**細川勝元(ほそかわかつもと)**の東軍と**山名宗全(やまなそうぜん)**の西軍が戦い、全国へ波及した内乱。,将軍継嗣|細川勝元|山名宗全|京都|戦国時代,,,,国立歴史民俗博物館「第2展示室 中世」,https://www.rekihaku.ac.jp/exhibitions/room2/
日本史段階別デッキ｜Deck 1｜日本史の最重要骨格400語,JH-000029,29,Deck 1｜骨格・基礎,戦争・争乱,応仁の乱,おうにんのらん,,中世,近畿,京都を中心に全国へ波及,1467〜1477年,1467,JH-000029-R03,reverse,結果・関連,reverse,何につながった・どんな意味があった？,**京都**が荒廃し幕府と守護大名の統制が弱まり、各地で自立した勢力が争う戦国時代へ移行した。,将軍継嗣|細川勝元|山名宗全|京都|戦国時代,,,,国立歴史民俗博物館「第2展示室 中世」,https://www.rekihaku.ac.jp/exhibitions/room2/
日本史段階別デッキ｜Deck 1｜日本史の最重要骨格400語,JH-000029,29,Deck 1｜骨格・基礎,戦争・争乱,応仁の乱,おうにんのらん,,中世,近畿,京都を中心に全国へ波及,1467〜1477年,1467,JH-000029-I01,integrated,統合説明,integrated,「応仁の乱(おうにんのらん)」について説明せよ。,1467〜1477年、京都を中心に全国へ波及を主な舞台として、将軍継嗣と有力守護家の家督争いを背景に、京都で**細川勝元(ほそかわかつもと)**の東軍と**山名宗全(やまなそうぜん)**の西軍が戦い、全国へ波及した内乱。 **京都**が荒廃し幕府と守護大名の統制が弱まり、各地で自立した勢力が争う戦国時代へ移行した。,将軍継嗣|細川勝元|山名宗全|京都|戦国時代,,,1467〜1477年：「人の世むなしい」（1467）から「人の世なな」（1477）まで応仁の乱,国立歴史民俗博物館「第2展示室 中世」,https://www.rekihaku.ac.jp/exhibitions/room2/
日本史段階別デッキ｜Deck 1｜日本史の最重要骨格400語,JH-000349,349,Deck 1｜骨格・基礎,人物,雪舟,せっしゅう,,中世,中国地方,山口・京都・明,室町時代後期,1467,JH-000349-B01,beginner,用語の特定,identify,明で水墨画を学び、『秋冬山水図』などを描いて日本的水墨画を大成した画僧は？,雪舟(せっしゅう),雪舟,,,,文化庁「文化遺産オンライン」,https://online.bunka.go.jp/
日本史段階別デッキ｜Deck 1｜日本史の最重要骨格400語,JH-000349,349,Deck 1｜骨格・基礎,人物,雪舟,せっしゅう,,中世,中国地方,山口・京都・明,室町時代後期,1467,JH-000349-B02,beginner,時期,time,雪舟(せっしゅう)が主に活動したのはいつ？,室町時代後期,室町時代後期,,,,文化庁「文化遺産オンライン」,https://online.bunka.go.jp/
日本史段階別デッキ｜Deck 1｜日本史の最重要骨格400語,JH-000349,349,Deck 1｜骨格・基礎,人物,雪舟,せっしゅう,,中世,中国地方,山口・京都・明,室町時代後期,1467,JH-000349-B03,beginner,文化,content,雪舟(せっしゅう)が大成した絵画様式は？,水墨画,水墨画,,,,文化庁「文化遺産オンライン」,https://online.bunka.go.jp/
日本史段階別デッキ｜Deck 1｜日本史の最重要骨格400語,JH-000349,349,Deck 1｜骨格・基礎,人物,雪舟,せっしゅう,,中世,中国地方,山口・京都・明,室町時代後期,1467,JH-000349-R01,reverse,時期,time,主に活動したのはいつ？,**室町時代後期**,室町時代後期,,,,文化庁「文化遺産オンライン」,https://online.bunka.go.jp/
日本史段階別デッキ｜Deck 1｜日本史の最重要骨格400語,JH-000349,349,Deck 1｜骨格・基礎,人物,雪舟,せっしゅう,,中世,中国地方,山口・京都・明,室町時代後期,1467,JH-000349-R02,reverse,複合説明,reverse,何をした？,山口の大内氏(おおうちし)に仕え、明で学んだ技法をもとに**水墨画**を日本的に大成した禅僧・画家。,大内氏|明|水墨画|秋冬山水図|東山文化,,,,文化庁「文化遺産オンライン」,https://online.bunka.go.jp/
日本史段階別デッキ｜Deck 1｜日本史の最重要骨格400語,JH-000349,349,Deck 1｜骨格・基礎,人物,雪舟,せっしゅう,,中世,中国地方,山口・京都・明,室町時代後期,1467,JH-000349-R03,reverse,結果・関連,reverse,何につながった・どんな意味があった？,力強い山水表現で『**秋冬山水図**』などを残し、東山文化と後世の日本絵画へ大きな影響を与えた。,大内氏|明|水墨画|秋冬山水図|東山文化,,,,文化庁「文化遺産オンライン」,https://online.bunka.go.jp/
日本史段階別デッキ｜Deck 1｜日本史の最重要骨格400語,JH-000349,349,Deck 1｜骨格・基礎,人物,雪舟,せっしゅう,,中世,中国地方,山口・京都・明,室町時代後期,1467,JH-000349-I01,integrated,統合説明,integrated,「雪舟(せっしゅう)」について説明せよ。,室町時代後期、山口・京都・明を主な舞台として、山口の大内氏(おおうちし)に仕え、明で学んだ技法をもとに**水墨画**を日本的に大成した禅僧・画家。 力強い山水表現で『**秋冬山水図**』などを残し、東山文化と後世の日本絵画へ大きな影響を与えた。,大内氏|明|水墨画|秋冬山水図|東山文化,,,,文化庁「文化遺産オンライン」,https://online.bunka.go.jp/
日本史段階別デッキ｜Deck 1｜日本史の最重要骨格400語,JH-000030,30,Deck 1｜骨格・基礎,時代・歴史区分,戦国時代,せんごくじだい,,中世,日本全国,日本全国,15世紀後半〜16世紀後半,1477,JH-000030-B01,beginner,用語の特定,identify,応仁の乱(おうにんのらん)後、戦国大名が領国支配を進め、各地で争った時代は？,戦国時代,戦国時代,,,,国立歴史民俗博物館「第2展示室 中世」,https://www.rekihaku.ac.jp/exhibitions/room2/
日本史段階別デッキ｜Deck 1｜日本史の最重要骨格400語,JH-000030,30,Deck 1｜骨格・基礎,時代・歴史区分,戦国時代,せんごくじだい,,中世,日本全国,日本全国,15世紀後半〜16世紀後半,1477,JH-000030-B02,beginner,時期,time,戦国時代はいつ頃？,15世紀後半〜16世紀後半,15世紀後半〜16世紀後半,,,15世紀後半〜16世紀後半：「ひと・ご」（15）世紀から「ひと・む」（16）世紀までの戦国時代,国立歴史民俗博物館「第2展示室 中世」,https://www.rekihaku.ac.jp/exhibitions/room2/
日本史段階別デッキ｜Deck 1｜日本史の最重要骨格400語,JH-000030,30,Deck 1｜骨格・基礎,時代・歴史区分,戦国時代,せんごくじだい,,中世,日本全国,日本全国,15世紀後半〜16世紀後半,1477,JH-000030-B03,beginner,担い手,actor,戦国時代に各地の領国を支配した有力者を何という？,戦国大名,戦国大名,,,,国立歴史民俗博物館「第2展示室 中世」,https://www.rekihaku.ac.jp/exhibitions/room2/
日本史段階別デッキ｜Deck 1｜日本史の最重要骨格400語,JH-000030,30,Deck 1｜骨格・基礎,時代・歴史区分,戦国時代,せんごくじだい,,中世,日本全国,日本全国,15世紀後半〜16世紀後半,1477,JH-000030-R01,reverse,時期,time,いつ頃？,**15世紀後半〜16世紀後半**,15世紀後半〜16世紀後半,,,15世紀後半〜16世紀後半：「ひと・ご」（15）世紀から「ひと・む」（16）世紀までの戦国時代,国立歴史民俗博物館「第2展示室 中世」,https://www.rekihaku.ac.jp/exhibitions/room2/
日本史段階別デッキ｜Deck 1｜日本史の最重要骨格400語,JH-000030,30,Deck 1｜骨格・基礎,時代・歴史区分,戦国時代,せんごくじだい,,中世,日本全国,日本全国,15世紀後半〜16世紀後半,1477,JH-000030-R02,reverse,複合説明,reverse,どんな時代？,応仁の乱(おうにんのらん)後の日本全国で、幕府・守護の統制が弱まり、**戦国大名**が実力で領国を支配して争った時代。,応仁の乱|戦国大名|下剋上|分国法|城下町|全国統一,,,,国立歴史民俗博物館「第2展示室 中世」,https://www.rekihaku.ac.jp/exhibitions/room2/
日本史段階別デッキ｜Deck 1｜日本史の最重要骨格400語,JH-000030,30,Deck 1｜骨格・基礎,時代・歴史区分,戦国時代,せんごくじだい,,中世,日本全国,日本全国,15世紀後半〜16世紀後半,1477,JH-000030-R03,reverse,結果・関連,reverse,何につながった・どんな意味があった？,**下剋上(げこくじょう)**や分国法、城下町の形成が進み、織田信長・豊臣秀吉による全国統一へつながった。,応仁の乱|戦国大名|下剋上|分国法|城下町|全国統一,,,,国立歴史民俗博物館「第2展示室 中世」,https://www.rekihaku.ac.jp/exhibitions/room2/
日本史段階別デッキ｜Deck 1｜日本史の最重要骨格400語,JH-000030,30,Deck 1｜骨格・基礎,時代・歴史区分,戦国時代,せんごくじだい,,中世,日本全国,日本全国,15世紀後半〜16世紀後半,1477,JH-000030-I01,integrated,統合説明,integrated,「戦国時代」について説明せよ。,15世紀後半〜16世紀後半、日本全国を主な舞台として、応仁の乱(おうにんのらん)後の日本全国で、幕府・守護の統制が弱まり、**戦国大名**が実力で領国を支配して争った時代。 **下剋上(げこくじょう)**や分国法、城下町の形成が進み、織田信長・豊臣秀吉による全国統一へつながった。,応仁の乱|戦国大名|下剋上|分国法|城下町|全国統一,,,15世紀後半〜16世紀後半：「ひと・ご」（15）世紀から「ひと・む」（16）世紀までの戦国時代,国立歴史民俗博物館「第2展示室 中世」,https://www.rekihaku.ac.jp/exhibitions/room2/
日本史段階別デッキ｜Deck 1｜日本史の最重要骨格400語,JH-000274,274,Deck 1｜骨格・基礎,思想・主義,下剋上,げこくじょう,,中世,日本全国,日本全国,室町時代後期〜戦国時代,1477,JH-000274-B01,beginner,用語の特定,identify,身分の下位者が実力で上位者を倒し、地位や権力を奪う戦国期の風潮を何という？,下剋上(げこくじょう),下剋上,,,,国立歴史民俗博物館「第2展示室 中世」,https://www.rekihaku.ac.jp/exhibitions/room2/
日本史段階別デッキ｜Deck 1｜日本史の最重要骨格400語,JH-000274,274,Deck 1｜骨格・基礎,思想・主義,下剋上,げこくじょう,,中世,日本全国,日本全国,室町時代後期〜戦国時代,1477,JH-000274-B02,beginner,時期,time,下剋上(げこくじょう)が広がった・重視されたのはいつ？,室町時代後期〜戦国時代,室町時代後期〜戦国時代,,,,国立歴史民俗博物館「第2展示室 中世」,https://www.rekihaku.ac.jp/exhibitions/room2/
日本史段階別デッキ｜Deck 1｜日本史の最重要骨格400語,JH-000274,274,Deck 1｜骨格・基礎,思想・主義,下剋上,げこくじょう,,中世,日本全国,日本全国,室町時代後期〜戦国時代,1477,JH-000274-B03,beginner,時期,relation,下剋上(げこくじょう)が特に広がった時代は？,戦国時代,戦国時代,,,,国立歴史民俗博物館「第2展示室 中世」,https://www.rekihaku.ac.jp/exhibitions/room2/
日本史段階別デッキ｜Deck 1｜日本史の最重要骨格400語,JH-000274,274,Deck 1｜骨格・基礎,思想・主義,下剋上,げこくじょう,,中世,日本全国,日本全国,室町時代後期〜戦国時代,1477,JH-000274-R01,reverse,時期,time,広がった・重視されたのはいつ？,**室町時代後期〜戦国時代**,室町時代後期〜戦国時代,,,,国立歴史民俗博物館「第2展示室 中世」,https://www.rekihaku.ac.jp/exhibitions/room2/
日本史段階別デッキ｜Deck 1｜日本史の最重要骨格400語,JH-000274,274,Deck 1｜骨格・基礎,思想・主義,下剋上,げこくじょう,,中世,日本全国,日本全国,室町時代後期〜戦国時代,1477,JH-000274-R02,reverse,複合説明,reverse,どんな考え？,室町後期から戦国時代の全国で、家臣が主君を倒すなど、**実力**によって下位者が上位者をしのぐ政治・社会の動き。,実力|戦国時代|守護大名|戦国大名|地域社会,,,,国立歴史民俗博物館「第2展示室 中世」,https://www.rekihaku.ac.jp/exhibitions/room2/
日本史段階別デッキ｜Deck 1｜日本史の最重要骨格400語,JH-000274,274,Deck 1｜骨格・基礎,思想・主義,下剋上,げこくじょう,,中世,日本全国,日本全国,室町時代後期〜戦国時代,1477,JH-000274-R03,reverse,結果・関連,reverse,何につながった・どんな意味があった？,**守護大名**に代わる戦国大名の台頭や、地域社会の自立を促し、旧来の秩序を大きく変えた。,実力|戦国時代|守護大名|戦国大名|地域社会,,,,国立歴史民俗博物館「第2展示室 中世」,https://www.rekihaku.ac.jp/exhibitions/room2/
日本史段階別デッキ｜Deck 1｜日本史の最重要骨格400語,JH-000274,274,Deck 1｜骨格・基礎,思想・主義,下剋上,げこくじょう,,中世,日本全国,日本全国,室町時代後期〜戦国時代,1477,JH-000274-I01,integrated,統合説明,integrated,「下剋上(げこくじょう)」について説明せよ。,室町時代後期〜戦国時代、日本全国を主な舞台として、室町後期から戦国時代の全国で、家臣が主君を倒すなど、**実力**によって下位者が上位者をしのぐ政治・社会の動き。 **守護大名**に代わる戦国大名の台頭や、地域社会の自立を促し、旧来の秩序を大きく変えた。,実力|戦国時代|守護大名|戦国大名|地域社会,,,,国立歴史民俗博物館「第2展示室 中世」,https://www.rekihaku.ac.jp/exhibitions/room2/
日本史段階別デッキ｜Deck 1｜日本史の最重要骨格400語,JH-000109,109,Deck 1｜骨格・基礎,民族・身分・社会集団,戦国大名,せんごくだいみょう,,中世,日本全国,各地の領国,戦国時代,1480,JH-000109-B01,beginner,用語の特定,identify,分国法を定め、家臣団や農民を組織して一円的な領国支配を進めた大名は？,戦国大名,戦国大名,,,,国立歴史民俗博物館「第2展示室 中世」,https://www.rekihaku.ac.jp/exhibitions/room2/
日本史段階別デッキ｜Deck 1｜日本史の最重要骨格400語,JH-000109,109,Deck 1｜骨格・基礎,民族・身分・社会集団,戦国大名,せんごくだいみょう,,中世,日本全国,各地の領国,戦国時代,1480,JH-000109-B02,beginner,時期,time,戦国大名が歴史上重要になるのはいつ？,戦国時代,戦国時代,,,,国立歴史民俗博物館「第2展示室 中世」,https://www.rekihaku.ac.jp/exhibitions/room2/
日本史段階別デッキ｜Deck 1｜日本史の最重要骨格400語,JH-000109,109,Deck 1｜骨格・基礎,民族・身分・社会集団,戦国大名,せんごくだいみょう,,中世,日本全国,各地の領国,戦国時代,1480,JH-000109-B03,beginner,制度,content,戦国大名が領国内の統治基準として定めた法は？,分国法,分国法,,,,国立歴史民俗博物館「第2展示室 中世」,https://www.rekihaku.ac.jp/exhibitions/room2/
日本史段階別デッキ｜Deck 1｜日本史の最重要骨格400語,JH-000109,109,Deck 1｜骨格・基礎,民族・身分・社会集団,戦国大名,せんごくだいみょう,,中世,日本全国,各地の領国,戦国時代,1480,JH-000109-R01,reverse,時期,time,歴史上重要になるのはいつ？,**戦国時代**,戦国時代,,,,国立歴史民俗博物館「第2展示室 中世」,https://www.rekihaku.ac.jp/exhibitions/room2/
日本史段階別デッキ｜Deck 1｜日本史の最重要骨格400語,JH-000109,109,Deck 1｜骨格・基礎,民族・身分・社会集団,戦国大名,せんごくだいみょう,,中世,日本全国,各地の領国,戦国時代,1480,JH-000109-R02,reverse,複合説明,reverse,どのような人々・集団？,戦国時代の各地で、家臣団を編成し、検地・城下町・分国法などによって**領国を一円的に支配**した大名。,家臣団|検地|城下町|分国法|一円支配|近世大名,,,,国立歴史民俗博物館「第2展示室 中世」,https://www.rekihaku.ac.jp/exhibitions/room2/
日本史段階別デッキ｜Deck 1｜日本史の最重要骨格400語,JH-000109,109,Deck 1｜骨格・基礎,民族・身分・社会集団,戦国大名,せんごくだいみょう,,中世,日本全国,各地の領国,戦国時代,1480,JH-000109-R03,reverse,結果・関連,reverse,何につながった・どんな意味があった？,守護の権威だけに頼らない実力支配を進め、**近世大名**と幕藩体制の前提を作った。,家臣団|検地|城下町|分国法|一円支配|近世大名,,,,国立歴史民俗博物館「第2展示室 中世」,https://www.rekihaku.ac.jp/exhibitions/room2/
日本史段階別デッキ｜Deck 1｜日本史の最重要骨格400語,JH-000109,109,Deck 1｜骨格・基礎,民族・身分・社会集団,戦国大名,せんごくだいみょう,,中世,日本全国,各地の領国,戦国時代,1480,JH-000109-I01,integrated,統合説明,integrated,「戦国大名」について説明せよ。,戦国時代、各地の領国を主な舞台として、戦国時代の各地で、家臣団を編成し、検地・城下町・分国法などによって**領国を一円的に支配**した大名。 守護の権威だけに頼らない実力支配を進め、**近世大名**と幕藩体制の前提を作った。,家臣団|検地|城下町|分国法|一円支配|近世大名,,,,国立歴史民俗博物館「第2展示室 中世」,https://www.rekihaku.ac.jp/exhibitions/room2/
日本史段階別デッキ｜Deck 1｜日本史の最重要骨格400語,JH-000290,290,Deck 1｜骨格・基礎,文化・技術・学問,東山文化,ひがしやまぶんか,,中世,近畿,京都・東山,室町時代後期,1480,JH-000290-B01,beginner,用語の特定,identify,足利義政(あしかがよしまさ)の時代、禅宗の簡素さと公家・武家・民衆文化が融合して栄えた文化は？,東山文化,東山文化,,,,文化庁「文化遺産オンライン」,https://online.bunka.go.jp/
日本史段階別デッキ｜Deck 1｜日本史の最重要骨格400語,JH-000290,290,Deck 1｜骨格・基礎,文化・技術・学問,東山文化,ひがしやまぶんか,,中世,近畿,京都・東山,室町時代後期,1480,JH-000290-B02,beginner,時期,time,東山文化が成立・発達したのはいつ？,室町時代後期,室町時代後期,,,,文化庁「文化遺産オンライン」,https://online.bunka.go.jp/
日本史段階別デッキ｜Deck 1｜日本史の最重要骨格400語,JH-000290,290,Deck 1｜骨格・基礎,文化・技術・学問,東山文化,ひがしやまぶんか,,中世,近畿,京都・東山,室町時代後期,1480,JH-000290-B03,beginner,文化財,content,東山文化を象徴する建築は？,銀閣,銀閣,,,,文化庁「文化遺産オンライン」,https://online.bunka.go.jp/
日本史段階別デッキ｜Deck 1｜日本史の最重要骨格400語,JH-000290,290,Deck 1｜骨格・基礎,文化・技術・学問,東山文化,ひがしやまぶんか,,中世,近畿,京都・東山,室町時代後期,1480,JH-000290-R01,reverse,時期,time,成立・発達したのはいつ？,**室町時代後期**,室町時代後期,,,,文化庁「文化遺産オンライン」,https://online.bunka.go.jp/
日本史段階別デッキ｜Deck 1｜日本史の最重要骨格400語,JH-000290,290,Deck 1｜骨格・基礎,文化・技術・学問,東山文化,ひがしやまぶんか,,中世,近畿,京都・東山,室町時代後期,1480,JH-000290-R02,reverse,複合説明,reverse,どんな文化・技術・学問？,足利義政(あしかがよしまさ)の時代に京都・東山を中心に、**禅宗**の簡素な美意識と公家・武家・民衆の文化が融合した文化。,足利義政|禅宗|銀閣|書院造|枯山水|茶の湯,,,,文化庁「文化遺産オンライン」,https://online.bunka.go.jp/
日本史段階別デッキ｜Deck 1｜日本史の最重要骨格400語,JH-000290,290,Deck 1｜骨格・基礎,文化・技術・学問,東山文化,ひがしやまぶんか,,中世,近畿,京都・東山,室町時代後期,1480,JH-000290-R03,reverse,結果・関連,reverse,何につながった・どんな意味があった？,**銀閣**・書院造(しょいんづくり)・枯山水(かれさんすい)・水墨画・茶の湯など、現代の日本文化へ続く様式を発達させた。,足利義政|禅宗|銀閣|書院造|枯山水|茶の湯,,,,文化庁「文化遺産オンライン」,https://online.bunka.go.jp/
日本史段階別デッキ｜Deck 1｜日本史の最重要骨格400語,JH-000290,290,Deck 1｜骨格・基礎,文化・技術・学問,東山文化,ひがしやまぶんか,,中世,近畿,京都・東山,室町時代後期,1480,JH-000290-I01,integrated,統合説明,integrated,「東山文化」について説明せよ。,室町時代後期、京都・東山を主な舞台として、足利義政(あしかがよしまさ)の時代に京都・東山を中心に、**禅宗**の簡素な美意識と公家・武家・民衆の文化が融合した文化。 **銀閣**・書院造(しょいんづくり)・枯山水(かれさんすい)・水墨画・茶の湯など、現代の日本文化へ続く様式を発達させた。,足利義政|禅宗|銀閣|書院造|枯山水|茶の湯,,,,文化庁「文化遺産オンライン」,https://online.bunka.go.jp/
日本史段階別デッキ｜Deck 1｜日本史の最重要骨格400語,JH-000387,387,Deck 1｜骨格・基礎,文学・美術・建築,書院造,しょいんづくり,,中世,近畿,京都の禅院・武家住宅,室町時代後期,1480,JH-000387-B01,beginner,用語の特定,identify,床の間・違い棚・付書院などを備え、現代和室の原型となった住宅様式は？,書院造(しょいんづくり),書院造,,,,文化庁「文化遺産オンライン」,https://online.bunka.go.jp/
日本史段階別デッキ｜Deck 1｜日本史の最重要骨格400語,JH-000387,387,Deck 1｜骨格・基礎,文学・美術・建築,書院造,しょいんづくり,,中世,近畿,京都の禅院・武家住宅,室町時代後期,1480,JH-000387-B02,beginner,時期,time,書院造(しょいんづくり)が成立・制作されたのはいつ？,室町時代後期,室町時代後期,,,,文化庁「文化遺産オンライン」,https://online.bunka.go.jp/
日本史段階別デッキ｜Deck 1｜日本史の最重要骨格400語,JH-000387,387,Deck 1｜骨格・基礎,文学・美術・建築,書院造,しょいんづくり,,中世,近畿,京都の禅院・武家住宅,室町時代後期,1480,JH-000387-B03,beginner,特徴,content,書院造(しょいんづくり)の代表的要素を一つ答えよ。,床の間,床の間,違い棚|付書院,,,文化庁「文化遺産オンライン」,https://online.bunka.go.jp/
日本史段階別デッキ｜Deck 1｜日本史の最重要骨格400語,JH-000387,387,Deck 1｜骨格・基礎,文学・美術・建築,書院造,しょいんづくり,,中世,近畿,京都の禅院・武家住宅,室町時代後期,1480,JH-000387-R01,reverse,時期,time,成立・制作されたのはいつ？,**室町時代後期**,室町時代後期,,,,文化庁「文化遺産オンライン」,https://online.bunka.go.jp/
日本史段階別デッキ｜Deck 1｜日本史の最重要骨格400語,JH-000387,387,Deck 1｜骨格・基礎,文学・美術・建築,書院造,しょいんづくり,,中世,近畿,京都の禅院・武家住宅,室町時代後期,1480,JH-000387-R02,reverse,複合説明,reverse,どのような作品・様式？,京都の禅院や武家住宅で発達し、**床の間・違い棚・付書院**などを備える座敷中心の住宅様式。,床の間|違い棚|付書院|東山文化|和室,,,,文化庁「文化遺産オンライン」,https://online.bunka.go.jp/
日本史段階別デッキ｜Deck 1｜日本史の最重要骨格400語,JH-000387,387,Deck 1｜骨格・基礎,文学・美術・建築,書院造,しょいんづくり,,中世,近畿,京都の禅院・武家住宅,室町時代後期,1480,JH-000387-R03,reverse,結果・関連,reverse,何につながった・どんな意味があった？,**東山文化**を代表し、近世の武家住宅や現代の和室へつながる空間様式となった。,床の間|違い棚|付書院|東山文化|和室,,,,文化庁「文化遺産オンライン」,https://online.bunka.go.jp/
日本史段階別デッキ｜Deck 1｜日本史の最重要骨格400語,JH-000387,387,Deck 1｜骨格・基礎,文学・美術・建築,書院造,しょいんづくり,,中世,近畿,京都の禅院・武家住宅,室町時代後期,1480,JH-000387-I01,integrated,統合説明,integrated,「書院造(しょいんづくり)」について説明せよ。,室町時代後期、京都の禅院・武家住宅を主な舞台として、京都の禅院や武家住宅で発達し、**床の間・違い棚・付書院**などを備える座敷中心の住宅様式。 **東山文化**を代表し、近世の武家住宅や現代の和室へつながる空間様式となった。,床の間|違い棚|付書院|東山文化|和室,,,,文化庁「文化遺産オンライン」,https://online.bunka.go.jp/
日本史段階別デッキ｜Deck 1｜日本史の最重要骨格400語,JH-000388,388,Deck 1｜骨格・基礎,文学・美術・建築,枯山水,かれさんすい,,中世,近畿,京都の禅寺,室町時代後期,1480,JH-000388-B01,beginner,用語の特定,identify,石や砂で山水を象徴し、水を使わずに自然景観を表した庭園様式は？,枯山水(かれさんすい),枯山水,,,,文化庁「文化遺産オンライン」,https://online.bunka.go.jp/
日本史段階別デッキ｜Deck 1｜日本史の最重要骨格400語,JH-000388,388,Deck 1｜骨格・基礎,文学・美術・建築,枯山水,かれさんすい,,中世,近畿,京都の禅寺,室町時代後期,1480,JH-000388-B02,beginner,時期,time,枯山水(かれさんすい)が成立・制作されたのはいつ？,室町時代後期,室町時代後期,,,,文化庁「文化遺産オンライン」,https://online.bunka.go.jp/
日本史段階別デッキ｜Deck 1｜日本史の最重要骨格400語,JH-000388,388,Deck 1｜骨格・基礎,文学・美術・建築,枯山水,かれさんすい,,中世,近畿,京都の禅寺,室町時代後期,1480,JH-000388-B03,beginner,背景,relation,枯山水(かれさんすい)が特に発達した寺院の系統は？,禅寺,禅寺,,,,文化庁「文化遺産オンライン」,https://online.bunka.go.jp/
日本史段階別デッキ｜Deck 1｜日本史の最重要骨格400語,JH-000388,388,Deck 1｜骨格・基礎,文学・美術・建築,枯山水,かれさんすい,,中世,近畿,京都の禅寺,室町時代後期,1480,JH-000388-R01,reverse,時期,time,成立・制作されたのはいつ？,**室町時代後期**,室町時代後期,,,,文化庁「文化遺産オンライン」,https://online.bunka.go.jp/
日本史段階別デッキ｜Deck 1｜日本史の最重要骨格400語,JH-000388,388,Deck 1｜骨格・基礎,文学・美術・建築,枯山水,かれさんすい,,中世,近畿,京都の禅寺,室町時代後期,1480,JH-000388-R02,reverse,複合説明,reverse,どのような作品・様式？,京都の**禅寺**を中心に、石・砂・苔などで山水を象徴し、実際の水を使わずに自然景観を表した庭園様式。,禅寺|石|砂|龍安寺石庭|東山文化,,,,文化庁「文化遺産オンライン」,https://online.bunka.go.jp/
日本史段階別デッキ｜Deck 1｜日本史の最重要骨格400語,JH-000388,388,Deck 1｜骨格・基礎,文学・美術・建築,枯山水,かれさんすい,,中世,近畿,京都の禅寺,室町時代後期,1480,JH-000388-R03,reverse,結果・関連,reverse,何につながった・どんな意味があった？,禅宗の簡素な美意識を示し、龍安寺**石**庭など東山文化を代表する造形となった。,禅寺|石|砂|龍安寺石庭|東山文化,,,,文化庁「文化遺産オンライン」,https://online.bunka.go.jp/
日本史段階別デッキ｜Deck 1｜日本史の最重要骨格400語,JH-000388,388,Deck 1｜骨格・基礎,文学・美術・建築,枯山水,かれさんすい,,中世,近畿,京都の禅寺,室町時代後期,1480,JH-000388-I01,integrated,統合説明,integrated,「枯山水(かれさんすい)」について説明せよ。,室町時代後期、京都の禅寺を主な舞台として、京都の**禅寺**を中心に、石・砂・苔などで山水を象徴し、実際の水を使わずに自然景観を表した庭園様式。 禅宗の簡素な美意識を示し、龍安寺**石**庭など東山文化を代表する造形となった。,禅寺|石|砂|龍安寺石庭|東山文化,,,,文化庁「文化遺産オンライン」,https://online.bunka.go.jp/
日本史段階別デッキ｜Deck 1｜日本史の最重要骨格400語,JH-000350,350,Deck 1｜骨格・基礎,運動,山城国一揆,やましろのくにいっき,,中世,近畿,山城国南部,1485〜1493年,1485,JH-000350-B01,beginner,用語の特定,identify,山城国の国人と農民が畠山両軍を追放し、約8年間自治を行った一揆は？,山城国一揆(やましろのくにいっき),山城国一揆,,,,東京大学史料編纂所,https://www.hi.u-tokyo.ac.jp/
日本史段階別デッキ｜Deck 1｜日本史の最重要骨格400語,JH-000350,350,Deck 1｜骨格・基礎,運動,山城国一揆,やましろのくにいっき,,中世,近畿,山城国南部,1485〜1493年,1485,JH-000350-B02,beginner,時期,time,山城国一揆(やましろのくにいっき)が起きた・盛んだったのはいつ？,1485〜1493年,1485〜1493年,,,1485〜1493年：「人の世は御」（1485）年から「人の世くさ」（1493）年までの山城国一揆,東京大学史料編纂所,https://www.hi.u-tokyo.ac.jp/
日本史段階別デッキ｜Deck 1｜日本史の最重要骨格400語,JH-000350,350,Deck 1｜骨格・基礎,運動,山城国一揆,やましろのくにいっき,,中世,近畿,山城国南部,1485〜1493年,1485,JH-000350-B03,beginner,関係勢力,actor,山城国一揆(やましろのくにいっき)が国外へ退去させた争乱中の勢力は？,畠山両軍,畠山両軍,,,,東京大学史料編纂所,https://www.hi.u-tokyo.ac.jp/
日本史段階別デッキ｜Deck 1｜日本史の最重要骨格400語,JH-000350,350,Deck 1｜骨格・基礎,運動,山城国一揆,やましろのくにいっき,,中世,近畿,山城国南部,1485〜1493年,1485,JH-000350-R01,reverse,時期,time,起きた・盛んだったのはいつ？,**1485〜1493年**,1485〜1493年,,,1485〜1493年：「人の世は御」（1485）年から「人の世くさ」（1493）年までの山城国一揆,東京大学史料編纂所,https://www.hi.u-tokyo.ac.jp/
日本史段階別デッキ｜Deck 1｜日本史の最重要骨格400語,JH-000350,350,Deck 1｜骨格・基礎,運動,山城国一揆,やましろのくにいっき,,中世,近畿,山城国南部,1485〜1493年,1485,JH-000350-R02,reverse,複合説明,reverse,何を求めて、何が起きた？,山城国南部で**国人**と農民が結合し、対立していた畠山両軍を国外へ退去させて自治を行った一揆。,山城国|国人|農民|畠山両軍|自治,,,,東京大学史料編纂所,https://www.hi.u-tokyo.ac.jp/
日本史段階別デッキ｜Deck 1｜日本史の最重要骨格400語,JH-000350,350,Deck 1｜骨格・基礎,運動,山城国一揆,やましろのくにいっき,,中世,近畿,山城国南部,1485〜1493年,1485,JH-000350-R03,reverse,結果・関連,reverse,何につながった・どんな意味があった？,地域の武士と**農民**が守護大名の争いを排除して支配した例で、中世自治の発達を示す。,山城国|国人|農民|畠山両軍|自治,,,,東京大学史料編纂所,https://www.hi.u-tokyo.ac.jp/
日本史段階別デッキ｜Deck 1｜日本史の最重要骨格400語,JH-000350,350,Deck 1｜骨格・基礎,運動,山城国一揆,やましろのくにいっき,,中世,近畿,山城国南部,1485〜1493年,1485,JH-000350-I01,integrated,統合説明,integrated,「山城国一揆(やましろのくにいっき)」について説明せよ。,1485〜1493年、山城国南部を主な舞台として、山城国南部で**国人**と農民が結合し、対立していた畠山両軍を国外へ退去させて自治を行った一揆。 地域の武士と**農民**が守護大名の争いを排除して支配した例で、中世自治の発達を示す。,山城国|国人|農民|畠山両軍|自治,,,1485〜1493年：「人の世は御」（1485）年から「人の世くさ」（1493）年までの山城国一揆,東京大学史料編纂所,https://www.hi.u-tokyo.ac.jp/
日本史段階別デッキ｜Deck 1｜日本史の最重要骨格400語,JH-000351,351,Deck 1｜骨格・基礎,運動,加賀の一向一揆,かがのいっこういっき,,中世,中部,加賀国,1488〜1580年,1488,JH-000351-B01,beginner,用語の特定,identify,加賀で浄土真宗本願寺派の門徒が守護富樫政親(とがしまさちか)を倒し、長期に自治した一揆は？,加賀の一向一揆(かがのいっこういっき),加賀の一向一揆,,,,東京大学史料編纂所,https://www.hi.u-tokyo.ac.jp/
日本史段階別デッキ｜Deck 1｜日本史の最重要骨格400語,JH-000351,351,Deck 1｜骨格・基礎,運動,加賀の一向一揆,かがのいっこういっき,,中世,中部,加賀国,1488〜1580年,1488,JH-000351-B02,beginner,時期,time,加賀の一向一揆(かがのいっこういっき)が起きた・盛んだったのはいつ？,1488〜1580年,1488〜1580年,,,1488〜1580年：「人の世はや」（1488）年から「以後晴れ」（1580）年までの加賀の一向一揆,東京大学史料編纂所,https://www.hi.u-tokyo.ac.jp/
日本史段階別デッキ｜Deck 1｜日本史の最重要骨格400語,JH-000351,351,Deck 1｜骨格・基礎,運動,加賀の一向一揆,かがのいっこういっき,,中世,中部,加賀国,1488〜1580年,1488,JH-000351-B03,beginner,担い手,actor,加賀の一向一揆(かがのいっこういっき)の中心となった宗教勢力は？,浄土真宗本願寺派の門徒,浄土真宗本願寺派の門徒,,,,東京大学史料編纂所,https://www.hi.u-tokyo.ac.jp/
日本史段階別デッキ｜Deck 1｜日本史の最重要骨格400語,JH-000351,351,Deck 1｜骨格・基礎,運動,加賀の一向一揆,かがのいっこういっき,,中世,中部,加賀国,1488〜1580年,1488,JH-000351-R01,reverse,時期,time,起きた・盛んだったのはいつ？,**1488〜1580年**,1488〜1580年,,,1488〜1580年：「人の世はや」（1488）年から「以後晴れ」（1580）年までの加賀の一向一揆,東京大学史料編纂所,https://www.hi.u-tokyo.ac.jp/
日本史段階別デッキ｜Deck 1｜日本史の最重要骨格400語,JH-000351,351,Deck 1｜骨格・基礎,運動,加賀の一向一揆,かがのいっこういっき,,中世,中部,加賀国,1488〜1580年,1488,JH-000351-R02,reverse,複合説明,reverse,何を求めて、何が起きた？,加賀国で**浄土真宗本願寺派の門徒**が国人・農民と結び、守護富樫政親(とがしまさちか)を倒して約1世紀にわたり支配した一揆。,浄土真宗本願寺派|門徒|富樫政親|加賀国|織田信長,,,,東京大学史料編纂所,https://www.hi.u-tokyo.ac.jp/
日本史段階別デッキ｜Deck 1｜日本史の最重要骨格400語,JH-000351,351,Deck 1｜骨格・基礎,運動,加賀の一向一揆,かがのいっこういっき,,中世,中部,加賀国,1488〜1580年,1488,JH-000351-R03,reverse,結果・関連,reverse,何につながった・どんな意味があった？,宗教教団と地域社会が大名権力に対抗した代表例となり、のち**織田信長**の勢力に制圧された。,浄土真宗本願寺派|門徒|富樫政親|加賀国|織田信長,,,,東京大学史料編纂所,https://www.hi.u-tokyo.ac.jp/
日本史段階別デッキ｜Deck 1｜日本史の最重要骨格400語,JH-000351,351,Deck 1｜骨格・基礎,運動,加賀の一向一揆,かがのいっこういっき,,中世,中部,加賀国,1488〜1580年,1488,JH-000351-I01,integrated,統合説明,integrated,「加賀の一向一揆(かがのいっこういっき)」について説明せよ。,1488〜1580年、加賀国を主な舞台として、加賀国で**浄土真宗本願寺派の門徒**が国人・農民と結び、守護富樫政親(とがしまさちか)を倒して約1世紀にわたり支配した一揆。 宗教教団と地域社会が大名権力に対抗した代表例となり、のち**織田信長**の勢力に制圧された。,浄土真宗本願寺派|門徒|富樫政親|加賀国|織田信長,,,1488〜1580年：「人の世はや」（1488）年から「以後晴れ」（1580）年までの加賀の一向一揆,東京大学史料編纂所,https://www.hi.u-tokyo.ac.jp/
日本史段階別デッキ｜Deck 1｜日本史の最重要骨格400語,JH-000389,389,Deck 1｜骨格・基礎,文学・美術・建築,銀閣,ぎんかく,慈照寺銀閣,中世,近畿,京都・東山,1489年ごろ,1489,JH-000389-B01,beginner,用語の特定,identify,足利義政(あしかがよしまさ)が東山山荘に建て、東山文化を象徴する観音殿は？,銀閣,銀閣,慈照寺銀閣,,,文化庁「文化遺産オンライン」,https://online.bunka.go.jp/
日本史段階別デッキ｜Deck 1｜日本史の最重要骨格400語,JH-000389,389,Deck 1｜骨格・基礎,文学・美術・建築,銀閣,ぎんかく,慈照寺銀閣,中世,近畿,京都・東山,1489年ごろ,1489,JH-000389-B02,beginner,時期,time,銀閣が建立されたのはいつ？,1489年ごろ,1489年ごろ,,,1489年ごろ：「ひと・よ・や・く」（1489）年ごろと結ぶ銀閣,文化庁「文化遺産オンライン」,https://online.bunka.go.jp/
日本史段階別デッキ｜Deck 1｜日本史の最重要骨格400語,JH-000389,389,Deck 1｜骨格・基礎,文学・美術・建築,銀閣,ぎんかく,慈照寺銀閣,中世,近畿,京都・東山,1489年ごろ,1489,JH-000389-B03,beginner,人物,person,銀閣を建てた将軍は？,足利義政(あしかがよしまさ),足利義政,,,,文化庁「文化遺産オンライン」,https://online.bunka.go.jp/
日本史段階別デッキ｜Deck 1｜日本史の最重要骨格400語,JH-000389,389,Deck 1｜骨格・基礎,文学・美術・建築,銀閣,ぎんかく,慈照寺銀閣,中世,近畿,京都・東山,1489年ごろ,1489,JH-000389-R01,reverse,時期,time,建立されたのはいつ？,**1489年ごろ**,1489年ごろ,,,1489年ごろ：「ひと・よ・や・く」（1489）年ごろと結ぶ銀閣,文化庁「文化遺産オンライン」,https://online.bunka.go.jp/
日本史段階別デッキ｜Deck 1｜日本史の最重要骨格400語,JH-000389,389,Deck 1｜骨格・基礎,文学・美術・建築,銀閣,ぎんかく,慈照寺銀閣,中世,近畿,京都・東山,1489年ごろ,1489,JH-000389-R02,reverse,複合説明,reverse,どのような作品・様式？,京都・東山で**足利義政(あしかがよしまさ)**が東山山荘の観音殿として建てた、禅宗文化と簡素な美意識を示す建築。,足利義政|東山山荘|観音殿|東山文化|慈照寺,,,,文化庁「文化遺産オンライン」,https://online.bunka.go.jp/
日本史段階別デッキ｜Deck 1｜日本史の最重要骨格400語,JH-000389,389,Deck 1｜骨格・基礎,文学・美術・建築,銀閣,ぎんかく,慈照寺銀閣,中世,近畿,京都・東山,1489年ごろ,1489,JH-000389-R03,reverse,結果・関連,reverse,何につながった・どんな意味があった？,東求堂の書院造(しょいんづくり)や庭園とともに**東山文化**を象徴し、現在の慈照寺(じしょうじ)銀閣として知られる。,足利義政|東山山荘|観音殿|東山文化|慈照寺,,,,文化庁「文化遺産オンライン」,https://online.bunka.go.jp/
日本史段階別デッキ｜Deck 1｜日本史の最重要骨格400語,JH-000389,389,Deck 1｜骨格・基礎,文学・美術・建築,銀閣,ぎんかく,慈照寺銀閣,中世,近畿,京都・東山,1489年ごろ,1489,JH-000389-I01,integrated,統合説明,integrated,「銀閣」について説明せよ。,1489年ごろ、京都・東山を主な舞台として、京都・東山で**足利義政(あしかがよしまさ)**が東山山荘の観音殿として建てた、禅宗文化と簡素な美意識を示す建築。 東求堂の書院造(しょいんづくり)や庭園とともに**東山文化**を象徴し、現在の慈照寺(じしょうじ)銀閣として知られる。,足利義政|東山山荘|観音殿|東山文化|慈照寺,,,1489年ごろ：「ひと・よ・や・く」（1489）年ごろと結ぶ銀閣,文化庁「文化遺産オンライン」,https://online.bunka.go.jp/
日本史段階別デッキ｜Deck 1｜日本史の最重要骨格400語,JH-000110,110,Deck 1｜骨格・基礎,制度・政策・法律,分国法,ぶんこくほう,,中世,日本全国,戦国大名の各領国,戦国時代,1500,JH-000110-B01,beginner,用語の特定,identify,戦国大名が家臣統制や土地・裁判・喧嘩などの規定を定めた領国法は？,分国法,分国法,,,,国立歴史民俗博物館「第2展示室 中世」,https://www.rekihaku.ac.jp/exhibitions/room2/
日本史段階別デッキ｜Deck 1｜日本史の最重要骨格400語,JH-000110,110,Deck 1｜骨格・基礎,制度・政策・法律,分国法,ぶんこくほう,,中世,日本全国,戦国大名の各領国,戦国時代,1500,JH-000110-B02,beginner,時期,time,分国法が成立・実施されたのはいつ？,戦国時代,戦国時代,,,,国立歴史民俗博物館「第2展示室 中世」,https://www.rekihaku.ac.jp/exhibitions/room2/
日本史段階別デッキ｜Deck 1｜日本史の最重要骨格400語,JH-000110,110,Deck 1｜骨格・基礎,制度・政策・法律,分国法,ぶんこくほう,,中世,日本全国,戦国大名の各領国,戦国時代,1500,JH-000110-B03,beginner,担い手,actor,分国法を制定した主体は？,戦国大名,戦国大名,,,,国立歴史民俗博物館「第2展示室 中世」,https://www.rekihaku.ac.jp/exhibitions/room2/
日本史段階別デッキ｜Deck 1｜日本史の最重要骨格400語,JH-000110,110,Deck 1｜骨格・基礎,制度・政策・法律,分国法,ぶんこくほう,,中世,日本全国,戦国大名の各領国,戦国時代,1500,JH-000110-R01,reverse,時期,time,成立・実施されたのはいつ？,**戦国時代**,戦国時代,,,,国立歴史民俗博物館「第2展示室 中世」,https://www.rekihaku.ac.jp/exhibitions/room2/
日本史段階別デッキ｜Deck 1｜日本史の最重要骨格400語,JH-000110,110,Deck 1｜骨格・基礎,制度・政策・法律,分国法,ぶんこくほう,,中世,日本全国,戦国大名の各領国,戦国時代,1500,JH-000110-R02,reverse,複合説明,reverse,どんな制度・政策・法律？,戦国大名が各領国で、家臣団・土地・裁判・喧嘩・農民支配などの基準を定めた**領国法**。,戦国大名|領国法|家臣団|裁判|一円支配,,,,国立歴史民俗博物館「第2展示室 中世」,https://www.rekihaku.ac.jp/exhibitions/room2/
日本史段階別デッキ｜Deck 1｜日本史の最重要骨格400語,JH-000110,110,Deck 1｜骨格・基礎,制度・政策・法律,分国法,ぶんこくほう,,中世,日本全国,戦国大名の各領国,戦国時代,1500,JH-000110-R03,reverse,結果・関連,reverse,何につながった・どんな意味があった？,領国を統一的に統治する法的基盤となり、**戦国大名**の一円支配を支えた。,戦国大名|領国法|家臣団|裁判|一円支配,,,,国立歴史民俗博物館「第2展示室 中世」,https://www.rekihaku.ac.jp/exhibitions/room2/
日本史段階別デッキ｜Deck 1｜日本史の最重要骨格400語,JH-000110,110,Deck 1｜骨格・基礎,制度・政策・法律,分国法,ぶんこくほう,,中世,日本全国,戦国大名の各領国,戦国時代,1500,JH-000110-I01,integrated,統合説明,integrated,「分国法」について説明せよ。,戦国時代、戦国大名の各領国を主な舞台として、戦国大名が各領国で、家臣団・土地・裁判・喧嘩・農民支配などの基準を定めた**領国法**。 領国を統一的に統治する法的基盤となり、**戦国大名**の一円支配を支えた。,戦国大名|領国法|家臣団|裁判|一円支配,,,,国立歴史民俗博物館「第2展示室 中世」,https://www.rekihaku.ac.jp/exhibitions/room2/
日本史段階別デッキ｜Deck 1｜日本史の最重要骨格400語,JH-000291,291,Deck 1｜骨格・基礎,地域・都市・遺跡,城下町,じょうかまち,,中世,日本全国,戦国大名・近世大名の城周辺,戦国時代以後,1500,JH-000291-B01,beginner,用語の特定,identify,大名の城を中心に家臣・商工業者を集住させて形成された都市は？,城下町,城下町,,,,国立歴史民俗博物館「第2展示室 中世」,https://www.rekihaku.ac.jp/exhibitions/room2/
日本史段階別デッキ｜Deck 1｜日本史の最重要骨格400語,JH-000291,291,Deck 1｜骨格・基礎,地域・都市・遺跡,城下町,じょうかまち,,中世,日本全国,戦国大名・近世大名の城周辺,戦国時代以後,1500,JH-000291-B02,beginner,時期,time,城下町が歴史上重要な意味を持つのはいつ？,戦国時代以後,戦国時代以後,,,,国立歴史民俗博物館「第2展示室 中世」,https://www.rekihaku.ac.jp/exhibitions/room2/
日本史段階別デッキ｜Deck 1｜日本史の最重要骨格400語,JH-000291,291,Deck 1｜骨格・基礎,地域・都市・遺跡,城下町,じょうかまち,,中世,日本全国,戦国大名・近世大名の城周辺,戦国時代以後,1500,JH-000291-B03,beginner,構成,actor,城下町に大名が集住させた主な人々は？,家臣・商工業者,家臣・商工業者,,,,国立歴史民俗博物館「第2展示室 中世」,https://www.rekihaku.ac.jp/exhibitions/room2/
日本史段階別デッキ｜Deck 1｜日本史の最重要骨格400語,JH-000291,291,Deck 1｜骨格・基礎,地域・都市・遺跡,城下町,じょうかまち,,中世,日本全国,戦国大名・近世大名の城周辺,戦国時代以後,1500,JH-000291-R01,reverse,時期,time,歴史上重要な意味を持つのはいつ？,**戦国時代以後**,戦国時代以後,,,,国立歴史民俗博物館「第2展示室 中世」,https://www.rekihaku.ac.jp/exhibitions/room2/
日本史段階別デッキ｜Deck 1｜日本史の最重要骨格400語,JH-000291,291,Deck 1｜骨格・基礎,地域・都市・遺跡,城下町,じょうかまち,,中世,日本全国,戦国大名・近世大名の城周辺,戦国時代以後,1500,JH-000291-R02,reverse,複合説明,reverse,何が分かる・何が重要？,戦国大名・近世大名が各地の城の周囲に**家臣**や商工業者を集住させ、政治・軍事・経済の中心として整備した都市。,城|家臣|商工業者|領国支配|都市網,,,,国立歴史民俗博物館「第2展示室 中世」,https://www.rekihaku.ac.jp/exhibitions/room2/
日本史段階別デッキ｜Deck 1｜日本史の最重要骨格400語,JH-000291,291,Deck 1｜骨格・基礎,地域・都市・遺跡,城下町,じょうかまち,,中世,日本全国,戦国大名・近世大名の城周辺,戦国時代以後,1500,JH-000291-R03,reverse,結果・関連,reverse,何につながった・どんな意味があった？,**領国支配**と流通を集中させ、江戸時代の都市網や現在の地方都市の基礎となった。,城|家臣|商工業者|領国支配|都市網,,,,国立歴史民俗博物館「第2展示室 中世」,https://www.rekihaku.ac.jp/exhibitions/room2/
日本史段階別デッキ｜Deck 1｜日本史の最重要骨格400語,JH-000291,291,Deck 1｜骨格・基礎,地域・都市・遺跡,城下町,じょうかまち,,中世,日本全国,戦国大名・近世大名の城周辺,戦国時代以後,1500,JH-000291-I01,integrated,統合説明,integrated,「城下町」について説明せよ。,戦国時代以後、戦国大名・近世大名の城周辺を主な舞台として、戦国大名・近世大名が各地の城の周囲に**家臣**や商工業者を集住させ、政治・軍事・経済の中心として整備した都市。 **領国支配**と流通を集中させ、江戸時代の都市網や現在の地方都市の基礎となった。,城|家臣|商工業者|領国支配|都市網,,,,国立歴史民俗博物館「第2展示室 中世」,https://www.rekihaku.ac.jp/exhibitions/room2/
日本史段階別デッキ｜Deck 1｜日本史の最重要骨格400語,JH-000292,292,Deck 1｜骨格・基礎,文化・技術・学問,茶の湯,ちゃのゆ,,近世,近畿,京都・堺,室町時代後期〜安土桃山時代,1500,JH-000292-B01,beginner,用語の特定,identify,客を招いて抹茶を点て、道具・空間・作法を総合する文化として発達した芸道は？,茶の湯,茶の湯,,,,文化庁「文化遺産オンライン」,https://online.bunka.go.jp/
日本史段階別デッキ｜Deck 1｜日本史の最重要骨格400語,JH-000292,292,Deck 1｜骨格・基礎,文化・技術・学問,茶の湯,ちゃのゆ,,近世,近畿,京都・堺,室町時代後期〜安土桃山時代,1500,JH-000292-B02,beginner,時期,time,茶の湯が成立・発達したのはいつ？,室町時代後期〜安土桃山時代,室町時代後期〜安土桃山時代,,,,文化庁「文化遺産オンライン」,https://online.bunka.go.jp/
日本史段階別デッキ｜Deck 1｜日本史の最重要骨格400語,JH-000292,292,Deck 1｜骨格・基礎,文化・技術・学問,茶の湯,ちゃのゆ,,近世,近畿,京都・堺,室町時代後期〜安土桃山時代,1500,JH-000292-B03,beginner,様式,content,茶の湯のうち、千利休(せんのりきゅう)が大成した簡素な様式は？,わび茶,わび茶,,,,文化庁「文化遺産オンライン」,https://online.bunka.go.jp/
日本史段階別デッキ｜Deck 1｜日本史の最重要骨格400語,JH-000292,292,Deck 1｜骨格・基礎,文化・技術・学問,茶の湯,ちゃのゆ,,近世,近畿,京都・堺,室町時代後期〜安土桃山時代,1500,JH-000292-R01,reverse,時期,time,成立・発達したのはいつ？,**室町時代後期〜安土桃山時代**,室町時代後期〜安土桃山時代,,,,文化庁「文化遺産オンライン」,https://online.bunka.go.jp/
日本史段階別デッキ｜Deck 1｜日本史の最重要骨格400語,JH-000292,292,Deck 1｜骨格・基礎,文化・技術・学問,茶の湯,ちゃのゆ,,近世,近畿,京都・堺,室町時代後期〜安土桃山時代,1500,JH-000292-R02,reverse,複合説明,reverse,どんな文化・技術・学問？,**京都・堺(さかい)を中心に**、客を招いて抹茶を点て、茶室・庭・道具・作法を総合する文化として発達した芸道。,村田珠光|武野紹鴎|千利休|わび茶|武士|商人,,,,文化庁「文化遺産オンライン」,https://online.bunka.go.jp/
日本史段階別デッキ｜Deck 1｜日本史の最重要骨格400語,JH-000292,292,Deck 1｜骨格・基礎,文化・技術・学問,茶の湯,ちゃのゆ,,近世,近畿,京都・堺,室町時代後期〜安土桃山時代,1500,JH-000292-R03,reverse,結果・関連,reverse,何につながった・どんな意味があった？,村田珠光(むらたじゅこう)・武野紹鴎(たけのじょうおう)を経て千利休(せんのりきゅう)が**わび茶**を大成し、武士・商人の社交と権威表現にも用いられた。,村田珠光|武野紹鴎|千利休|わび茶|武士|商人,,,,文化庁「文化遺産オンライン」,https://online.bunka.go.jp/
日本史段階別デッキ｜Deck 1｜日本史の最重要骨格400語,JH-000292,292,Deck 1｜骨格・基礎,文化・技術・学問,茶の湯,ちゃのゆ,,近世,近畿,京都・堺,室町時代後期〜安土桃山時代,1500,JH-000292-I01,integrated,統合説明,integrated,「茶の湯」について説明せよ。,室町時代後期〜安土桃山時代、京都・堺を主な舞台として、**京都・堺(さかい)を中心に**、客を招いて抹茶を点て、茶室・庭・道具・作法を総合する文化として発達した芸道。 村田珠光(むらたじゅこう)・武野紹鴎(たけのじょうおう)を経て千利休(せんのりきゅう)が**わび茶**を大成し、武士・商人の社交と権威表現にも用いられた。,村田珠光|武野紹鴎|千利休|わび茶|武士|商人,,,,文化庁「文化遺産オンライン」,https://online.bunka.go.jp/
日本史段階別デッキ｜Deck 1｜日本史の最重要骨格400語,JH-000113,113,Deck 1｜骨格・基礎,文化・技術・学問,鉄砲伝来,てっぽうでんらい,,中世,九州,種子島から日本全国,1543年,1543,JH-000113-B01,beginner,用語の特定,identify,ポルトガル人を乗せた船が種子島(たねがしま)に漂着し、火縄銃が日本へ伝わった出来事は？,鉄砲伝来,鉄砲伝来,,,,国立歴史民俗博物館「第2展示室 中世」,https://www.rekihaku.ac.jp/exhibitions/room2/
日本史段階別デッキ｜Deck 1｜日本史の最重要骨格400語,JH-000113,113,Deck 1｜骨格・基礎,文化・技術・学問,鉄砲伝来,てっぽうでんらい,,中世,九州,種子島から日本全国,1543年,1543,JH-000113-B02,beginner,時期,time,鉄砲伝来が成立・発達したのはいつ？,1543年,1543年,,,1543年：「以後よさ」（1543）増す鉄砲伝来,国立歴史民俗博物館「第2展示室 中世」,https://www.rekihaku.ac.jp/exhibitions/room2/
日本史段階別デッキ｜Deck 1｜日本史の最重要骨格400語,JH-000113,113,Deck 1｜骨格・基礎,文化・技術・学問,鉄砲伝来,てっぽうでんらい,,中世,九州,種子島から日本全国,1543年,1543,JH-000113-B03,beginner,地域,place,鉄砲伝来の最初の伝来地は？,種子島(たねがしま),種子島,,,,国立歴史民俗博物館「第2展示室 中世」,https://www.rekihaku.ac.jp/exhibitions/room2/
日本史段階別デッキ｜Deck 1｜日本史の最重要骨格400語,JH-000113,113,Deck 1｜骨格・基礎,文化・技術・学問,鉄砲伝来,てっぽうでんらい,,中世,九州,種子島から日本全国,1543年,1543,JH-000113-R01,reverse,時期,time,成立・発達したのはいつ？,**1543年**,1543年,,,1543年：「以後よさ」（1543）増す鉄砲伝来,国立歴史民俗博物館「第2展示室 中世」,https://www.rekihaku.ac.jp/exhibitions/room2/
日本史段階別デッキ｜Deck 1｜日本史の最重要骨格400語,JH-000113,113,Deck 1｜骨格・基礎,文化・技術・学問,鉄砲伝来,てっぽうでんらい,,中世,九州,種子島から日本全国,1543年,1543,JH-000113-R02,reverse,複合説明,reverse,どんな文化・技術・学問？,ポルトガル人を乗せた船が九州の**種子島(たねがしま)**に漂着し、火縄銃が伝えられて国内で改良・大量生産された。,ポルトガル人|種子島|火縄銃|大量生産|戦国大名,,,,国立歴史民俗博物館「第2展示室 中世」,https://www.rekihaku.ac.jp/exhibitions/room2/
日本史段階別デッキ｜Deck 1｜日本史の最重要骨格400語,JH-000113,113,Deck 1｜骨格・基礎,文化・技術・学問,鉄砲伝来,てっぽうでんらい,,中世,九州,種子島から日本全国,1543年,1543,JH-000113-R03,reverse,結果・関連,reverse,何につながった・どんな意味があった？,**戦国大名**の戦術や城郭・軍事編成を変化させ、全国統一戦争にも大きな影響を与えた。,ポルトガル人|種子島|火縄銃|大量生産|戦国大名,,,,国立歴史民俗博物館「第2展示室 中世」,https://www.rekihaku.ac.jp/exhibitions/room2/
日本史段階別デッキ｜Deck 1｜日本史の最重要骨格400語,JH-000113,113,Deck 1｜骨格・基礎,文化・技術・学問,鉄砲伝来,てっぽうでんらい,,中世,九州,種子島から日本全国,1543年,1543,JH-000113-I01,integrated,統合説明,integrated,「鉄砲伝来」について説明せよ。,1543年、種子島から日本全国を主な舞台として、ポルトガル人を乗せた船が九州の**種子島(たねがしま)**に漂着し、火縄銃が伝えられて国内で改良・大量生産された。 **戦国大名**の戦術や城郭・軍事編成を変化させ、全国統一戦争にも大きな影響を与えた。,ポルトガル人|種子島|火縄銃|大量生産|戦国大名,,,1543年：「以後よさ」（1543）増す鉄砲伝来,国立歴史民俗博物館「第2展示室 中世」,https://www.rekihaku.ac.jp/exhibitions/room2/
日本史段階別デッキ｜Deck 1｜日本史の最重要骨格400語,JH-000235,235,Deck 1｜骨格・基礎,経済・産業・交通,南蛮貿易,なんばんぼうえき,,中世,その他,日本とポルトガル・スペイン、東南アジア,16世紀半ば〜17世紀初め,1543,JH-000235-B01,beginner,用語の特定,identify,16世紀半ば以後、日本がポルトガル・スペイン商人と行い、生糸や鉄砲などを扱った貿易は？,南蛮貿易,南蛮貿易,,,,国立歴史民俗博物館「第2展示室 中世」,https://www.rekihaku.ac.jp/exhibitions/room2/
日本史段階別デッキ｜Deck 1｜日本史の最重要骨格400語,JH-000235,235,Deck 1｜骨格・基礎,経済・産業・交通,南蛮貿易,なんばんぼうえき,,中世,その他,日本とポルトガル・スペイン、東南アジア,16世紀半ば〜17世紀初め,1543,JH-000235-B02,beginner,時期,time,南蛮貿易が行われた・発達したのはいつ？,16世紀半ば〜17世紀初め,16世紀半ば〜17世紀初め,,,16世紀半ば〜17世紀初め：「ひと・む」（16）世紀から「ひと・なな」（17）世紀までの南蛮貿易,国立歴史民俗博物館「第2展示室 中世」,https://www.rekihaku.ac.jp/exhibitions/room2/
日本史段階別デッキ｜Deck 1｜日本史の最重要骨格400語,JH-000235,235,Deck 1｜骨格・基礎,経済・産業・交通,南蛮貿易,なんばんぼうえき,,中世,その他,日本とポルトガル・スペイン、東南アジア,16世紀半ば〜17世紀初め,1543,JH-000235-B03,beginner,輸入品,content,南蛮貿易で日本へ多く輸入された中国産の商品は？,生糸,生糸,,,,国立歴史民俗博物館「第2展示室 中世」,https://www.rekihaku.ac.jp/exhibitions/room2/
日本史段階別デッキ｜Deck 1｜日本史の最重要骨格400語,JH-000235,235,Deck 1｜骨格・基礎,経済・産業・交通,南蛮貿易,なんばんぼうえき,,中世,その他,日本とポルトガル・スペイン、東南アジア,16世紀半ば〜17世紀初め,1543,JH-000235-R01,reverse,時期,time,行われた・発達したのはいつ？,**16世紀半ば〜17世紀初め**,16世紀半ば〜17世紀初め,,,16世紀半ば〜17世紀初め：「ひと・む」（16）世紀から「ひと・なな」（17）世紀までの南蛮貿易,国立歴史民俗博物館「第2展示室 中世」,https://www.rekihaku.ac.jp/exhibitions/room2/
日本史段階別デッキ｜Deck 1｜日本史の最重要骨格400語,JH-000235,235,Deck 1｜骨格・基礎,経済・産業・交通,南蛮貿易,なんばんぼうえき,,中世,その他,日本とポルトガル・スペイン、東南アジア,16世紀半ば〜17世紀初め,1543,JH-000235-R02,reverse,複合説明,reverse,どんな仕組み・活動？,九州の港などを窓口に、日本とポルトガル・スペイン商人が行い、中国産**生糸**や鉄砲などを輸入し銀などを輸出した貿易。,ポルトガル|スペイン|生糸|銀|キリスト教|南蛮文化,,,,国立歴史民俗博物館「第2展示室 中世」,https://www.rekihaku.ac.jp/exhibitions/room2/
日本史段階別デッキ｜Deck 1｜日本史の最重要骨格400語,JH-000235,235,Deck 1｜骨格・基礎,経済・産業・交通,南蛮貿易,なんばんぼうえき,,中世,その他,日本とポルトガル・スペイン、東南アジア,16世紀半ば〜17世紀初め,1543,JH-000235-R03,reverse,結果・関連,reverse,何につながった・どんな意味があった？,**キリスト教**の布教や南蛮文化の流入を伴い、戦国大名の経済・軍事力を高めた。,ポルトガル|スペイン|生糸|銀|キリスト教|南蛮文化,,,,国立歴史民俗博物館「第2展示室 中世」,https://www.rekihaku.ac.jp/exhibitions/room2/
日本史段階別デッキ｜Deck 1｜日本史の最重要骨格400語,JH-000235,235,Deck 1｜骨格・基礎,経済・産業・交通,南蛮貿易,なんばんぼうえき,,中世,その他,日本とポルトガル・スペイン、東南アジア,16世紀半ば〜17世紀初め,1543,JH-000235-I01,integrated,統合説明,integrated,「南蛮貿易」について説明せよ。,16世紀半ば〜17世紀初め、日本とポルトガル・スペイン、東南アジアを主な舞台として、九州の港などを窓口に、日本とポルトガル・スペイン商人が行い、中国産**生糸**や鉄砲などを輸入し銀などを輸出した貿易。 **キリスト教**の布教や南蛮文化の流入を伴い、戦国大名の経済・軍事力を高めた。,ポルトガル|スペイン|生糸|銀|キリスト教|南蛮文化,,,16世紀半ば〜17世紀初め：「ひと・む」（16）世紀から「ひと・なな」（17）世紀までの南蛮貿易,国立歴史民俗博物館「第2展示室 中世」,https://www.rekihaku.ac.jp/exhibitions/room2/
日本史段階別デッキ｜Deck 1｜日本史の最重要骨格400語,JH-000114,114,Deck 1｜骨格・基礎,宗教・宗派,キリスト教伝来,きりすときょうでんらい,,中世,九州,鹿児島から西日本・全国,1549年,1549,JH-000114-B01,beginner,用語の特定,identify,フランシスコ・ザビエルが鹿児島に来航し、カトリックを伝えた出来事は？,キリスト教伝来,キリスト教伝来,,,,国立歴史民俗博物館「第2展示室 中世」,https://www.rekihaku.ac.jp/exhibitions/room2/
日本史段階別デッキ｜Deck 1｜日本史の最重要骨格400語,JH-000114,114,Deck 1｜骨格・基礎,宗教・宗派,キリスト教伝来,きりすときょうでんらい,,中世,九州,鹿児島から西日本・全国,1549年,1549,JH-000114-B02,beginner,時期,time,キリスト教伝来はいつ？,1549年,1549年,,,1549年：「以後よく」（1549）広がるキリスト教伝来,国立歴史民俗博物館「第2展示室 中世」,https://www.rekihaku.ac.jp/exhibitions/room2/
日本史段階別デッキ｜Deck 1｜日本史の最重要骨格400語,JH-000114,114,Deck 1｜骨格・基礎,宗教・宗派,キリスト教伝来,きりすときょうでんらい,,中世,九州,鹿児島から西日本・全国,1549年,1549,JH-000114-B03,beginner,人物,person,キリスト教伝来を行った宣教師は？,フランシスコ・ザビエル,フランシスコ・ザビエル,,,,国立歴史民俗博物館「第2展示室 中世」,https://www.rekihaku.ac.jp/exhibitions/room2/
日本史段階別デッキ｜Deck 1｜日本史の最重要骨格400語,JH-000114,114,Deck 1｜骨格・基礎,宗教・宗派,キリスト教伝来,きりすときょうでんらい,,中世,九州,鹿児島から西日本・全国,1549年,1549,JH-000114-R01,reverse,時期,time,キリスト教が伝わったのはいつ？,**1549年**,1549年,,,1549年：「以後よく」（1549）広がるキリスト教伝来,国立歴史民俗博物館「第2展示室 中世」,https://www.rekihaku.ac.jp/exhibitions/room2/
日本史段階別デッキ｜Deck 1｜日本史の最重要骨格400語,JH-000114,114,Deck 1｜骨格・基礎,宗教・宗派,キリスト教伝来,きりすときょうでんらい,,中世,九州,鹿児島から西日本・全国,1549年,1549,JH-000114-R02,reverse,複合説明,reverse,どんな宗教・教え？,イエズス会宣教師**フランシスコ・ザビエル**が鹿児島へ来航し、カトリックの布教を始めた。,フランシスコ・ザビエル|イエズス会|鹿児島|カトリック|キリシタン大名,,,,国立歴史民俗博物館「第2展示室 中世」,https://www.rekihaku.ac.jp/exhibitions/room2/
日本史段階別デッキ｜Deck 1｜日本史の最重要骨格400語,JH-000114,114,Deck 1｜骨格・基礎,宗教・宗派,キリスト教伝来,きりすときょうでんらい,,中世,九州,鹿児島から西日本・全国,1549年,1549,JH-000114-R03,reverse,結果・関連,reverse,何につながった・どんな意味があった？,南蛮貿易と結びついて西日本を中心に広まり、**キリシタン大名**や南蛮文化を生んだ。,フランシスコ・ザビエル|イエズス会|鹿児島|カトリック|キリシタン大名,,,,国立歴史民俗博物館「第2展示室 中世」,https://www.rekihaku.ac.jp/exhibitions/room2/
日本史段階別デッキ｜Deck 1｜日本史の最重要骨格400語,JH-000114,114,Deck 1｜骨格・基礎,宗教・宗派,キリスト教伝来,きりすときょうでんらい,,中世,九州,鹿児島から西日本・全国,1549年,1549,JH-000114-I01,integrated,統合説明,integrated,「キリスト教伝来」について説明せよ。,1549年、鹿児島から西日本・全国を主な舞台として、イエズス会宣教師**フランシスコ・ザビエル**が鹿児島へ来航し、カトリックの布教を始めた。 南蛮貿易と結びついて西日本を中心に広まり、**キリシタン大名**や南蛮文化を生んだ。,フランシスコ・ザビエル|イエズス会|鹿児島|カトリック|キリシタン大名,,,1549年：「以後よく」（1549）広がるキリスト教伝来,国立歴史民俗博物館「第2展示室 中世」,https://www.rekihaku.ac.jp/exhibitions/room2/
日本史段階別デッキ｜Deck 1｜日本史の最重要骨格400語,JH-000236,236,Deck 1｜骨格・基礎,人物,フランシスコ・ザビエル,ふらんしすこざびえる,,中世,九州,鹿児島・山口・豊後,戦国時代,1549,JH-000236-B01,beginner,用語の特定,identify,1549年に鹿児島へ来航し、日本でキリスト教布教を始めたイエズス会宣教師は？,フランシスコ・ザビエル,フランシスコ・ザビエル,,,,国立歴史民俗博物館「第2展示室 中世」,https://www.rekihaku.ac.jp/exhibitions/room2/
日本史段階別デッキ｜Deck 1｜日本史の最重要骨格400語,JH-000236,236,Deck 1｜骨格・基礎,人物,フランシスコ・ザビエル,ふらんしすこざびえる,,中世,九州,鹿児島・山口・豊後,戦国時代,1549,JH-000236-B02,beginner,時期,time,フランシスコ・ザビエルが主に活動したのはいつ？,1549年,1549年,,,1549年：「以後よく」（1549）と結ぶフランシスコ・ザビエル,国立歴史民俗博物館「第2展示室 中世」,https://www.rekihaku.ac.jp/exhibitions/room2/
日本史段階別デッキ｜Deck 1｜日本史の最重要骨格400語,JH-000236,236,Deck 1｜骨格・基礎,人物,フランシスコ・ザビエル,ふらんしすこざびえる,,中世,九州,鹿児島・山口・豊後,戦国時代,1549,JH-000236-B03,beginner,組織,actor,フランシスコ・ザビエルが所属した修道会は？,イエズス会,イエズス会,,,,国立歴史民俗博物館「第2展示室 中世」,https://www.rekihaku.ac.jp/exhibitions/room2/
日本史段階別デッキ｜Deck 1｜日本史の最重要骨格400語,JH-000236,236,Deck 1｜骨格・基礎,人物,フランシスコ・ザビエル,ふらんしすこざびえる,,中世,九州,鹿児島・山口・豊後,戦国時代,1549,JH-000236-R01,reverse,時期,time,主に活動したのはいつ？,**1549年**,1549年,,,1549年：「以後よく」（1549）と結ぶフランシスコ・ザビエル,国立歴史民俗博物館「第2展示室 中世」,https://www.rekihaku.ac.jp/exhibitions/room2/
日本史段階別デッキ｜Deck 1｜日本史の最重要骨格400語,JH-000236,236,Deck 1｜骨格・基礎,人物,フランシスコ・ザビエル,ふらんしすこざびえる,,中世,九州,鹿児島・山口・豊後,戦国時代,1549,JH-000236-R02,reverse,複合説明,reverse,何をした？,鹿児島へ来航し、山口・豊後などで**カトリック**を布教したイエズス会宣教師。,鹿児島|山口|豊後|カトリック|イエズス会|キリシタン,,,,国立歴史民俗博物館「第2展示室 中世」,https://www.rekihaku.ac.jp/exhibitions/room2/
日本史段階別デッキ｜Deck 1｜日本史の最重要骨格400語,JH-000236,236,Deck 1｜骨格・基礎,人物,フランシスコ・ザビエル,ふらんしすこざびえる,,中世,九州,鹿児島・山口・豊後,戦国時代,1549,JH-000236-R03,reverse,結果・関連,reverse,何につながった・どんな意味があった？,日本でのキリスト教布教の端緒を開き、南蛮貿易と結びつく**キリシタン**社会の形成につながった。,鹿児島|山口|豊後|カトリック|イエズス会|キリシタン,,,,国立歴史民俗博物館「第2展示室 中世」,https://www.rekihaku.ac.jp/exhibitions/room2/
日本史段階別デッキ｜Deck 1｜日本史の最重要骨格400語,JH-000236,236,Deck 1｜骨格・基礎,人物,フランシスコ・ザビエル,ふらんしすこざびえる,,中世,九州,鹿児島・山口・豊後,戦国時代,1549,JH-000236-I01,integrated,統合説明,integrated,「フランシスコ・ザビエル」について説明せよ。,戦国時代、鹿児島・山口・豊後を主な舞台として、鹿児島へ来航し、山口・豊後などで**カトリック**を布教したイエズス会宣教師。 日本でのキリスト教布教の端緒を開き、南蛮貿易と結びつく**キリシタン**社会の形成につながった。,鹿児島|山口|豊後|カトリック|イエズス会|キリシタン,,,1549年：「以後よく」（1549）と結ぶフランシスコ・ザビエル,国立歴史民俗博物館「第2展示室 中世」,https://www.rekihaku.ac.jp/exhibitions/room2/
日本史段階別デッキ｜Deck 1｜日本史の最重要骨格400語,JH-000275,275,Deck 1｜骨格・基礎,宗教・宗派,キリシタン,きりしたん,,近世,日本全国,九州・畿内など,16世紀後半〜江戸時代前期,1550,JH-000275-B01,beginner,用語の特定,identify,16〜17世紀の日本でキリスト教を信仰した人々を何という？,キリシタン,キリシタン,,,,国立歴史民俗博物館「第3展示室 近世」,https://www.rekihaku.ac.jp/exhibitions/room3/
日本史段階別デッキ｜Deck 1｜日本史の最重要骨格400語,JH-000275,275,Deck 1｜骨格・基礎,宗教・宗派,キリシタン,きりしたん,,近世,日本全国,九州・畿内など,16世紀後半〜江戸時代前期,1550,JH-000275-B02,beginner,時期,time,キリシタンが成立・広まったのはいつ？,16世紀後半〜江戸時代前期,16世紀後半〜江戸時代前期,,,16世紀後半〜江戸時代前期：「ひと・む」（16）世紀から江戸時代前期までのキリシタン,国立歴史民俗博物館「第3展示室 近世」,https://www.rekihaku.ac.jp/exhibitions/room3/
日本史段階別デッキ｜Deck 1｜日本史の最重要骨格400語,JH-000275,275,Deck 1｜骨格・基礎,宗教・宗派,キリシタン,きりしたん,,近世,日本全国,九州・畿内など,16世紀後半〜江戸時代前期,1550,JH-000275-B03,beginner,宗教,content,キリシタンが信仰した宗教は？,キリスト教,キリスト教,,,,国立歴史民俗博物館「第3展示室 近世」,https://www.rekihaku.ac.jp/exhibitions/room3/
日本史段階別デッキ｜Deck 1｜日本史の最重要骨格400語,JH-000275,275,Deck 1｜骨格・基礎,宗教・宗派,キリシタン,きりしたん,,近世,日本全国,九州・畿内など,16世紀後半〜江戸時代前期,1550,JH-000275-R01,reverse,時期,time,成立・広まったのはいつ？,**16世紀後半〜江戸時代前期**,16世紀後半〜江戸時代前期,,,16世紀後半〜江戸時代前期：「ひと・む」（16）世紀から江戸時代前期までのキリシタン,国立歴史民俗博物館「第3展示室 近世」,https://www.rekihaku.ac.jp/exhibitions/room3/
日本史段階別デッキ｜Deck 1｜日本史の最重要骨格400語,JH-000275,275,Deck 1｜骨格・基礎,宗教・宗派,キリシタン,きりしたん,,近世,日本全国,九州・畿内など,16世紀後半〜江戸時代前期,1550,JH-000275-R02,reverse,複合説明,reverse,どんな宗教・教え？,16世紀後半から九州・畿内などに広がった**キリスト教**の信者で、大名・武士・農民・商人など多様な人々を含んだ。,キリスト教|南蛮貿易|宣教師|禁教政策|潜伏,,,,国立歴史民俗博物館「第3展示室 近世」,https://www.rekihaku.ac.jp/exhibitions/room3/
日本史段階別デッキ｜Deck 1｜日本史の最重要骨格400語,JH-000275,275,Deck 1｜骨格・基礎,宗教・宗派,キリシタン,きりしたん,,近世,日本全国,九州・畿内など,16世紀後半〜江戸時代前期,1550,JH-000275-R03,reverse,結果・関連,reverse,何につながった・どんな意味があった？,**南蛮貿易**や宣教師の布教で増加したが、豊臣政権・江戸幕府の禁教政策で処刑・改宗・潜伏を強いられた。,キリスト教|南蛮貿易|宣教師|禁教政策|潜伏,,,,国立歴史民俗博物館「第3展示室 近世」,https://www.rekihaku.ac.jp/exhibitions/room3/
日本史段階別デッキ｜Deck 1｜日本史の最重要骨格400語,JH-000275,275,Deck 1｜骨格・基礎,宗教・宗派,キリシタン,きりしたん,,近世,日本全国,九州・畿内など,16世紀後半〜江戸時代前期,1550,JH-000275-I01,integrated,統合説明,integrated,「キリシタン」について説明せよ。,16世紀後半〜江戸時代前期、九州・畿内などを主な舞台として、16世紀後半から九州・畿内などに広がった**キリスト教**の信者で、大名・武士・農民・商人など多様な人々を含んだ。 **南蛮貿易**や宣教師の布教で増加したが、豊臣政権・江戸幕府の禁教政策で処刑・改宗・潜伏を強いられた。,キリスト教|南蛮貿易|宣教師|禁教政策|潜伏,,,16世紀後半〜江戸時代前期：「ひと・む」（16）世紀から江戸時代前期までのキリシタン,国立歴史民俗博物館「第3展示室 近世」,https://www.rekihaku.ac.jp/exhibitions/room3/
日本史段階別デッキ｜Deck 1｜日本史の最重要骨格400語,JH-000380,380,Deck 1｜骨格・基礎,文化・技術・学問,南蛮文化,なんばんぶんか,,近世,その他,日本とポルトガル・スペイン、東南アジア,16世紀後半〜17世紀初め,1550,JH-000380-B01,beginner,用語の特定,identify,南蛮貿易やキリスト教布教によって日本へ伝わった欧州系の文化を何という？,南蛮文化,南蛮文化,,,,文化庁「文化遺産オンライン」,https://online.bunka.go.jp/
日本史段階別デッキ｜Deck 1｜日本史の最重要骨格400語,JH-000380,380,Deck 1｜骨格・基礎,文化・技術・学問,南蛮文化,なんばんぶんか,,近世,その他,日本とポルトガル・スペイン、東南アジア,16世紀後半〜17世紀初め,1550,JH-000380-B02,beginner,時期,time,南蛮文化が成立・発達したのはいつ？,16世紀後半〜17世紀初め,16世紀後半〜17世紀初め,,,16世紀後半〜17世紀初め：「ひと・む」（16）世紀から「ひと・なな」（17）世紀までの南蛮文化,文化庁「文化遺産オンライン」,https://online.bunka.go.jp/
日本史段階別デッキ｜Deck 1｜日本史の最重要骨格400語,JH-000380,380,Deck 1｜骨格・基礎,文化・技術・学問,南蛮文化,なんばんぶんか,,近世,その他,日本とポルトガル・スペイン、東南アジア,16世紀後半〜17世紀初め,1550,JH-000380-B03,beginner,担い手,actor,南蛮文化を伝えた主なヨーロッパ勢力は？,ポルトガル人・スペイン人,ポルトガル人・スペイン人,,,,文化庁「文化遺産オンライン」,https://online.bunka.go.jp/
日本史段階別デッキ｜Deck 1｜日本史の最重要骨格400語,JH-000380,380,Deck 1｜骨格・基礎,文化・技術・学問,南蛮文化,なんばんぶんか,,近世,その他,日本とポルトガル・スペイン、東南アジア,16世紀後半〜17世紀初め,1550,JH-000380-R01,reverse,時期,time,成立・発達したのはいつ？,**16世紀後半〜17世紀初め**,16世紀後半〜17世紀初め,,,16世紀後半〜17世紀初め：「ひと・む」（16）世紀から「ひと・なな」（17）世紀までの南蛮文化,文化庁「文化遺産オンライン」,https://online.bunka.go.jp/
日本史段階別デッキ｜Deck 1｜日本史の最重要骨格400語,JH-000380,380,Deck 1｜骨格・基礎,文化・技術・学問,南蛮文化,なんばんぶんか,,近世,その他,日本とポルトガル・スペイン、東南アジア,16世紀後半〜17世紀初め,1550,JH-000380-R02,reverse,複合説明,reverse,どんな文化・技術・学問？,南蛮貿易とキリスト教布教を通じ、ポルトガル人・スペイン人から日本各地へ伝わった**欧州系文化**。,南蛮貿易|キリスト教|ポルトガル|スペイン|活版印刷|時計,,,,文化庁「文化遺産オンライン」,https://online.bunka.go.jp/
日本史段階別デッキ｜Deck 1｜日本史の最重要骨格400語,JH-000380,380,Deck 1｜骨格・基礎,文化・技術・学問,南蛮文化,なんばんぶんか,,近世,その他,日本とポルトガル・スペイン、東南アジア,16世紀後半〜17世紀初め,1550,JH-000380-R03,reverse,結果・関連,reverse,何につながった・どんな意味があった？,鉄砲・**活版印刷**・時計・医学・パンなどの技術や生活文化をもたらし、桃山文化にも影響した。,南蛮貿易|キリスト教|ポルトガル|スペイン|活版印刷|時計,,,,文化庁「文化遺産オンライン」,https://online.bunka.go.jp/
日本史段階別デッキ｜Deck 1｜日本史の最重要骨格400語,JH-000380,380,Deck 1｜骨格・基礎,文化・技術・学問,南蛮文化,なんばんぶんか,,近世,その他,日本とポルトガル・スペイン、東南アジア,16世紀後半〜17世紀初め,1550,JH-000380-I01,integrated,統合説明,integrated,「南蛮文化」について説明せよ。,16世紀後半〜17世紀初め、日本とポルトガル・スペイン、東南アジアを主な舞台として、南蛮貿易とキリスト教布教を通じ、ポルトガル人・スペイン人から日本各地へ伝わった**欧州系文化**。 鉄砲・**活版印刷**・時計・医学・パンなどの技術や生活文化をもたらし、桃山文化にも影響した。,南蛮貿易|キリスト教|ポルトガル|スペイン|活版印刷|時計,,,16世紀後半〜17世紀初め：「ひと・む」（16）世紀から「ひと・なな」（17）世紀までの南蛮文化,文化庁「文化遺産オンライン」,https://online.bunka.go.jp/
日本史段階別デッキ｜Deck 1｜日本史の最重要骨格400語,JH-000008,8,Deck 1｜骨格・基礎,人物,織田信長,おだのぶなが,,近世,日本全国,尾張・岐阜・安土・京都,戦国時代〜安土桃山時代,1560,JH-000008-B01,beginner,用語の特定,identify,桶狭間で今川義元を破り、楽市・楽座(らくいち・らくざ)や比叡山焼き討ちを行って全国統一を進めた武将は？,織田信長,織田信長,,,,国立歴史民俗博物館「第3展示室 近世」,https://www.rekihaku.ac.jp/exhibitions/room3/
日本史段階別デッキ｜Deck 1｜日本史の最重要骨格400語,JH-000008,8,Deck 1｜骨格・基礎,人物,織田信長,おだのぶなが,,近世,日本全国,尾張・岐阜・安土・京都,戦国時代〜安土桃山時代,1560,JH-000008-B02,beginner,時期,time,織田信長が主に活動したのはいつ？,戦国時代〜安土桃山時代,戦国時代〜安土桃山時代,,,,国立歴史民俗博物館「第3展示室 近世」,https://www.rekihaku.ac.jp/exhibitions/room3/
日本史段階別デッキ｜Deck 1｜日本史の最重要骨格400語,JH-000008,8,Deck 1｜骨格・基礎,人物,織田信長,おだのぶなが,,近世,日本全国,尾張・岐阜・安土・京都,戦国時代〜安土桃山時代,1560,JH-000008-B03,beginner,政策,content,織田信長が商工業振興のために進めた市場政策は？,楽市・楽座(らくいち・らくざ),楽市・楽座,,,,国立歴史民俗博物館「第3展示室 近世」,https://www.rekihaku.ac.jp/exhibitions/room3/
日本史段階別デッキ｜Deck 1｜日本史の最重要骨格400語,JH-000008,8,Deck 1｜骨格・基礎,人物,織田信長,おだのぶなが,,近世,日本全国,尾張・岐阜・安土・京都,戦国時代〜安土桃山時代,1560,JH-000008-R01,reverse,時期,time,主に活動したのはいつ？,**戦国時代〜安土桃山時代**,戦国時代〜安土桃山時代,,,,国立歴史民俗博物館「第3展示室 近世」,https://www.rekihaku.ac.jp/exhibitions/room3/
日本史段階別デッキ｜Deck 1｜日本史の最重要骨格400語,JH-000008,8,Deck 1｜骨格・基礎,人物,織田信長,おだのぶなが,,近世,日本全国,尾張・岐阜・安土・京都,戦国時代〜安土桃山時代,1560,JH-000008-R02,reverse,複合説明,reverse,何をした？,尾張から畿内へ勢力を広げ、**楽市・楽座(らくいち・らくざ)**、関所撤廃、鉄砲の活用などで全国統一を進めた戦国大名。,桶狭間の戦い|楽市・楽座|鉄砲|室町幕府滅亡|本能寺の変|豊臣秀吉,,,,国立歴史民俗博物館「第3展示室 近世」,https://www.rekihaku.ac.jp/exhibitions/room3/
日本史段階別デッキ｜Deck 1｜日本史の最重要骨格400語,JH-000008,8,Deck 1｜骨格・基礎,人物,織田信長,おだのぶなが,,近世,日本全国,尾張・岐阜・安土・京都,戦国時代〜安土桃山時代,1560,JH-000008-R03,reverse,結果・関連,reverse,何につながった・どんな意味があった？,室町幕府を滅ぼして中世的権力を解体したが、**本能寺の変(ほんのうじのへん)**で倒れ、統一事業は豊臣秀吉に継承された。,桶狭間の戦い|楽市・楽座|鉄砲|室町幕府滅亡|本能寺の変|豊臣秀吉,,,,国立歴史民俗博物館「第3展示室 近世」,https://www.rekihaku.ac.jp/exhibitions/room3/
日本史段階別デッキ｜Deck 1｜日本史の最重要骨格400語,JH-000008,8,Deck 1｜骨格・基礎,人物,織田信長,おだのぶなが,,近世,日本全国,尾張・岐阜・安土・京都,戦国時代〜安土桃山時代,1560,JH-000008-I01,integrated,統合説明,integrated,「織田信長」について説明せよ。,戦国時代〜安土桃山時代、尾張・岐阜・安土・京都を主な舞台として、尾張から畿内へ勢力を広げ、**楽市・楽座(らくいち・らくざ)**、関所撤廃、鉄砲の活用などで全国統一を進めた戦国大名。 室町幕府を滅ぼして中世的権力を解体したが、**本能寺の変(ほんのうじのへん)**で倒れ、統一事業は豊臣秀吉に継承された。,桶狭間の戦い|楽市・楽座|鉄砲|室町幕府滅亡|本能寺の変|豊臣秀吉,,,,国立歴史民俗博物館「第3展示室 近世」,https://www.rekihaku.ac.jp/exhibitions/room3/
日本史段階別デッキ｜Deck 1｜日本史の最重要骨格400語,JH-000196,196,Deck 1｜骨格・基礎,戦争・争乱,桶狭間の戦い,おけはざまのたたかい,,近世,中部,尾張国・桶狭間付近,1560年,1560,JH-000196-B01,beginner,用語の特定,identify,織田信長が尾張へ進攻した今川義元を破り、勢力拡大の契機とした戦いは？,桶狭間の戦い(おけはざまのたたかい),桶狭間の戦い,,,,国立歴史民俗博物館「第3展示室 近世」,https://www.rekihaku.ac.jp/exhibitions/room3/
日本史段階別デッキ｜Deck 1｜日本史の最重要骨格400語,JH-000196,196,Deck 1｜骨格・基礎,戦争・争乱,桶狭間の戦い,おけはざまのたたかい,,近世,中部,尾張国・桶狭間付近,1560年,1560,JH-000196-B02,beginner,時期,time,桶狭間の戦い(おけはざまのたたかい)が戦われたのはいつ？,1560年,1560年,,,1560年：「いちころ」（1560）と結ぶ桶狭間の戦い,国立歴史民俗博物館「第3展示室 近世」,https://www.rekihaku.ac.jp/exhibitions/room3/
日本史段階別デッキ｜Deck 1｜日本史の最重要骨格400語,JH-000196,196,Deck 1｜骨格・基礎,戦争・争乱,桶狭間の戦い,おけはざまのたたかい,,近世,中部,尾張国・桶狭間付近,1560年,1560,JH-000196-B03,beginner,人物,person,桶狭間の戦い(おけはざまのたたかい)で織田信長に討たれた大名は？,今川義元,今川義元,,,,国立歴史民俗博物館「第3展示室 近世」,https://www.rekihaku.ac.jp/exhibitions/room3/
日本史段階別デッキ｜Deck 1｜日本史の最重要骨格400語,JH-000196,196,Deck 1｜骨格・基礎,戦争・争乱,桶狭間の戦い,おけはざまのたたかい,,近世,中部,尾張国・桶狭間付近,1560年,1560,JH-000196-R01,reverse,時期,time,戦われたのはいつ？,**1560年**,1560年,,,1560年：「いちころ」（1560）と結ぶ桶狭間の戦い,国立歴史民俗博物館「第3展示室 近世」,https://www.rekihaku.ac.jp/exhibitions/room3/
日本史段階別デッキ｜Deck 1｜日本史の最重要骨格400語,JH-000196,196,Deck 1｜骨格・基礎,戦争・争乱,桶狭間の戦い,おけはざまのたたかい,,近世,中部,尾張国・桶狭間付近,1560年,1560,JH-000196-R02,reverse,複合説明,reverse,何が起きた？,尾張国の桶狭間付近で、少数の**織田信長**軍が進攻中の今川義元を急襲して破った戦い。,織田信長|今川義元|尾張国|東海|畿内,,,,国立歴史民俗博物館「第3展示室 近世」,https://www.rekihaku.ac.jp/exhibitions/room3/
日本史段階別デッキ｜Deck 1｜日本史の最重要骨格400語,JH-000196,196,Deck 1｜骨格・基礎,戦争・争乱,桶狭間の戦い,おけはざまのたたかい,,近世,中部,尾張国・桶狭間付近,1560年,1560,JH-000196-R03,reverse,結果・関連,reverse,何につながった・どんな意味があった？,今川氏の勢力が後退し、**織田信長**が東海・畿内へ進出する大きな転機となった。,織田信長|今川義元|尾張国|東海|畿内,,,,国立歴史民俗博物館「第3展示室 近世」,https://www.rekihaku.ac.jp/exhibitions/room3/
日本史段階別デッキ｜Deck 1｜日本史の最重要骨格400語,JH-000196,196,Deck 1｜骨格・基礎,戦争・争乱,桶狭間の戦い,おけはざまのたたかい,,近世,中部,尾張国・桶狭間付近,1560年,1560,JH-000196-I01,integrated,統合説明,integrated,「桶狭間の戦い(おけはざまのたたかい)」について説明せよ。,1560年、尾張国・桶狭間付近を主な舞台として、尾張国の桶狭間付近で、少数の**織田信長**軍が進攻中の今川義元を急襲して破った戦い。 今川氏の勢力が後退し、**織田信長**が東海・畿内へ進出する大きな転機となった。,織田信長|今川義元|尾張国|東海|畿内,,,1560年：「いちころ」（1560）と結ぶ桶狭間の戦い,国立歴史民俗博物館「第3展示室 近世」,https://www.rekihaku.ac.jp/exhibitions/room3/
日本史段階別デッキ｜Deck 1｜日本史の最重要骨格400語,JH-000115,115,Deck 1｜骨格・基礎,制度・政策・法律,楽市・楽座,らくいち・らくざ,,近世,中部,岐阜・安土などの城下町,戦国時代〜安土桃山時代,1567,JH-000115-B01,beginner,用語の特定,identify,戦国大名が座の特権や市場税を廃止し、商工業者の自由な営業を促した政策は？,楽市・楽座(らくいち・らくざ),楽市・楽座,,,,国立歴史民俗博物館「第3展示室 近世」,https://www.rekihaku.ac.jp/exhibitions/room3/
日本史段階別デッキ｜Deck 1｜日本史の最重要骨格400語,JH-000115,115,Deck 1｜骨格・基礎,制度・政策・法律,楽市・楽座,らくいち・らくざ,,近世,中部,岐阜・安土などの城下町,戦国時代〜安土桃山時代,1567,JH-000115-B02,beginner,時期,time,楽市・楽座(らくいち・らくざ)が成立・実施されたのはいつ？,戦国時代〜安土桃山時代,戦国時代〜安土桃山時代,,,,国立歴史民俗博物館「第3展示室 近世」,https://www.rekihaku.ac.jp/exhibitions/room3/
日本史段階別デッキ｜Deck 1｜日本史の最重要骨格400語,JH-000115,115,Deck 1｜骨格・基礎,制度・政策・法律,楽市・楽座,らくいち・らくざ,,近世,中部,岐阜・安土などの城下町,戦国時代〜安土桃山時代,1567,JH-000115-B03,beginner,内容,content,楽市・楽座(らくいち・らくざ)で廃止・緩和された商工業者の特権組織は？,座,座,,,,国立歴史民俗博物館「第3展示室 近世」,https://www.rekihaku.ac.jp/exhibitions/room3/
日本史段階別デッキ｜Deck 1｜日本史の最重要骨格400語,JH-000115,115,Deck 1｜骨格・基礎,制度・政策・法律,楽市・楽座,らくいち・らくざ,,近世,中部,岐阜・安土などの城下町,戦国時代〜安土桃山時代,1567,JH-000115-R01,reverse,時期,time,成立・実施されたのはいつ？,**戦国時代〜安土桃山時代**,戦国時代〜安土桃山時代,,,,国立歴史民俗博物館「第3展示室 近世」,https://www.rekihaku.ac.jp/exhibitions/room3/
日本史段階別デッキ｜Deck 1｜日本史の最重要骨格400語,JH-000115,115,Deck 1｜骨格・基礎,制度・政策・法律,楽市・楽座,らくいち・らくざ,,近世,中部,岐阜・安土などの城下町,戦国時代〜安土桃山時代,1567,JH-000115-R02,reverse,複合説明,reverse,どんな制度・政策・法律？,織田信長らが岐阜・安土などで、**座の特権**や市場税を廃止・緩和して自由な営業と流通を促した政策。,織田信長|座の特権|市場税|自由営業|城下町|流通,,,,国立歴史民俗博物館「第3展示室 近世」,https://www.rekihaku.ac.jp/exhibitions/room3/
日本史段階別デッキ｜Deck 1｜日本史の最重要骨格400語,JH-000115,115,Deck 1｜骨格・基礎,制度・政策・法律,楽市・楽座,らくいち・らくざ,,近世,中部,岐阜・安土などの城下町,戦国時代〜安土桃山時代,1567,JH-000115-R03,reverse,結果・関連,reverse,何につながった・どんな意味があった？,**城下町**へ商工業者を集め、領国経済の活性化と大名権力による市場統制につながった。,織田信長|座の特権|市場税|自由営業|城下町|流通,,,,国立歴史民俗博物館「第3展示室 近世」,https://www.rekihaku.ac.jp/exhibitions/room3/
日本史段階別デッキ｜Deck 1｜日本史の最重要骨格400語,JH-000115,115,Deck 1｜骨格・基礎,制度・政策・法律,楽市・楽座,らくいち・らくざ,,近世,中部,岐阜・安土などの城下町,戦国時代〜安土桃山時代,1567,JH-000115-I01,integrated,統合説明,integrated,「楽市・楽座(らくいち・らくざ)」について説明せよ。,戦国時代〜安土桃山時代、岐阜・安土などの城下町を主な舞台として、織田信長らが岐阜・安土などで、**座の特権**や市場税を廃止・緩和して自由な営業と流通を促した政策。 **城下町**へ商工業者を集め、領国経済の活性化と大名権力による市場統制につながった。,織田信長|座の特権|市場税|自由営業|城下町|流通,,,,国立歴史民俗博物館「第3展示室 近世」,https://www.rekihaku.ac.jp/exhibitions/room3/
日本史段階別デッキ｜Deck 1｜日本史の最重要骨格400語,JH-000122,122,Deck 1｜骨格・基礎,文化・技術・学問,桃山文化,ももやまぶんか,,近世,近畿,京都・大坂・安土・伏見,安土桃山時代,1573,JH-000122-B01,beginner,用語の特定,identify,統一政権や豪商の富を背景に、豪壮華麗な城郭・障壁画などが栄えた文化は？,桃山文化,桃山文化,,,,文化庁「文化遺産オンライン」,https://online.bunka.go.jp/
日本史段階別デッキ｜Deck 1｜日本史の最重要骨格400語,JH-000122,122,Deck 1｜骨格・基礎,文化・技術・学問,桃山文化,ももやまぶんか,,近世,近畿,京都・大坂・安土・伏見,安土桃山時代,1573,JH-000122-B02,beginner,時期,time,桃山文化が成立・発達したのはいつ？,安土桃山時代,安土桃山時代,,,,文化庁「文化遺産オンライン」,https://online.bunka.go.jp/
日本史段階別デッキ｜Deck 1｜日本史の最重要骨格400語,JH-000122,122,Deck 1｜骨格・基礎,文化・技術・学問,桃山文化,ももやまぶんか,,近世,近畿,京都・大坂・安土・伏見,安土桃山時代,1573,JH-000122-B03,beginner,担い手,actor,桃山文化を代表する絵師の一派は？,狩野派,狩野派,,,,文化庁「文化遺産オンライン」,https://online.bunka.go.jp/
日本史段階別デッキ｜Deck 1｜日本史の最重要骨格400語,JH-000122,122,Deck 1｜骨格・基礎,文化・技術・学問,桃山文化,ももやまぶんか,,近世,近畿,京都・大坂・安土・伏見,安土桃山時代,1573,JH-000122-R01,reverse,時期,time,成立・発達したのはいつ？,**安土桃山時代**,安土桃山時代,,,,文化庁「文化遺産オンライン」,https://online.bunka.go.jp/
日本史段階別デッキ｜Deck 1｜日本史の最重要骨格400語,JH-000122,122,Deck 1｜骨格・基礎,文化・技術・学問,桃山文化,ももやまぶんか,,近世,近畿,京都・大坂・安土・伏見,安土桃山時代,1573,JH-000122-R02,reverse,複合説明,reverse,どんな文化・技術・学問？,京都・大坂・安土・伏見を中心に、統一政権と豪商の富を背景として**豪壮華麗**な城郭・障壁画・工芸が栄えた文化。,統一政権|豪商|豪壮華麗|狩野永徳|城郭|茶の湯|南蛮文化,,,,文化庁「文化遺産オンライン」,https://online.bunka.go.jp/
日本史段階別デッキ｜Deck 1｜日本史の最重要骨格400語,JH-000122,122,Deck 1｜骨格・基礎,文化・技術・学問,桃山文化,ももやまぶんか,,近世,近畿,京都・大坂・安土・伏見,安土桃山時代,1573,JH-000122-R03,reverse,結果・関連,reverse,何につながった・どんな意味があった？,**狩野永徳(かのうえいとく)**の障壁画、城郭建築、茶の湯、南蛮文化などが発達し、近世文化の幕開けとなった。,統一政権|豪商|豪壮華麗|狩野永徳|城郭|茶の湯|南蛮文化,,,,文化庁「文化遺産オンライン」,https://online.bunka.go.jp/
日本史段階別デッキ｜Deck 1｜日本史の最重要骨格400語,JH-000122,122,Deck 1｜骨格・基礎,文化・技術・学問,桃山文化,ももやまぶんか,,近世,近畿,京都・大坂・安土・伏見,安土桃山時代,1573,JH-000122-I01,integrated,統合説明,integrated,「桃山文化」について説明せよ。,安土桃山時代、京都・大坂・安土・伏見を主な舞台として、京都・大坂・安土・伏見を中心に、統一政権と豪商の富を背景として**豪壮華麗**な城郭・障壁画・工芸が栄えた文化。 **狩野永徳(かのうえいとく)**の障壁画、城郭建築、茶の湯、南蛮文化などが発達し、近世文化の幕開けとなった。,統一政権|豪商|豪壮華麗|狩野永徳|城郭|茶の湯|南蛮文化,,,,文化庁「文化遺産オンライン」,https://online.bunka.go.jp/
日本史段階別デッキ｜Deck 1｜日本史の最重要骨格400語,JH-000116,116,Deck 1｜骨格・基礎,戦争・争乱,長篠の戦い,ながしののたたかい,,近世,中部,三河国・長篠,1575年,1575,JH-000116-B01,beginner,用語の特定,identify,織田・徳川連合軍が武田勝頼軍を破り、鉄砲の集団運用で知られる戦いは？,長篠の戦い(ながしののたたかい),長篠の戦い,,,,国立歴史民俗博物館「第3展示室 近世」,https://www.rekihaku.ac.jp/exhibitions/room3/
日本史段階別デッキ｜Deck 1｜日本史の最重要骨格400語,JH-000116,116,Deck 1｜骨格・基礎,戦争・争乱,長篠の戦い,ながしののたたかい,,近世,中部,三河国・長篠,1575年,1575,JH-000116-B02,beginner,時期,time,長篠の戦い(ながしののたたかい)が戦われたのはいつ？,1575年,1575年,,,1575年：「以後なご」（1575）と結ぶ長篠の戦い,国立歴史民俗博物館「第3展示室 近世」,https://www.rekihaku.ac.jp/exhibitions/room3/
日本史段階別デッキ｜Deck 1｜日本史の最重要骨格400語,JH-000116,116,Deck 1｜骨格・基礎,戦争・争乱,長篠の戦い,ながしののたたかい,,近世,中部,三河国・長篠,1575年,1575,JH-000116-B03,beginner,関係勢力,actor,長篠の戦い(ながしののたたかい)で武田勝頼軍と戦った連合軍は？,織田・徳川連合軍,織田・徳川連合軍,,,,国立歴史民俗博物館「第3展示室 近世」,https://www.rekihaku.ac.jp/exhibitions/room3/
日本史段階別デッキ｜Deck 1｜日本史の最重要骨格400語,JH-000116,116,Deck 1｜骨格・基礎,戦争・争乱,長篠の戦い,ながしののたたかい,,近世,中部,三河国・長篠,1575年,1575,JH-000116-R01,reverse,時期,time,戦われたのはいつ？,**1575年**,1575年,,,1575年：「以後なご」（1575）と結ぶ長篠の戦い,国立歴史民俗博物館「第3展示室 近世」,https://www.rekihaku.ac.jp/exhibitions/room3/
日本史段階別デッキ｜Deck 1｜日本史の最重要骨格400語,JH-000116,116,Deck 1｜骨格・基礎,戦争・争乱,長篠の戦い,ながしののたたかい,,近世,中部,三河国・長篠,1575年,1575,JH-000116-R02,reverse,複合説明,reverse,何が起きた？,三河国長篠で**織田・徳川連合軍**が武田勝頼軍を破った戦いで、鉄砲の組織的運用で知られる。,織田信長|徳川家康|武田勝頼|鉄砲|全国統一,,,,国立歴史民俗博物館「第3展示室 近世」,https://www.rekihaku.ac.jp/exhibitions/room3/
日本史段階別デッキ｜Deck 1｜日本史の最重要骨格400語,JH-000116,116,Deck 1｜骨格・基礎,戦争・争乱,長篠の戦い,ながしののたたかい,,近世,中部,三河国・長篠,1575年,1575,JH-000116-R03,reverse,結果・関連,reverse,何につながった・どんな意味があった？,武田氏の軍事力を大きく弱め、**織田信長**の全国統一事業を前進させた。,織田信長|徳川家康|武田勝頼|鉄砲|全国統一,,,,国立歴史民俗博物館「第3展示室 近世」,https://www.rekihaku.ac.jp/exhibitions/room3/
日本史段階別デッキ｜Deck 1｜日本史の最重要骨格400語,JH-000116,116,Deck 1｜骨格・基礎,戦争・争乱,長篠の戦い,ながしののたたかい,,近世,中部,三河国・長篠,1575年,1575,JH-000116-I01,integrated,統合説明,integrated,「長篠の戦い(ながしののたたかい)」について説明せよ。,1575年、三河国・長篠を主な舞台として、三河国長篠で**織田・徳川連合軍**が武田勝頼軍を破った戦いで、鉄砲の組織的運用で知られる。 武田氏の軍事力を大きく弱め、**織田信長**の全国統一事業を前進させた。,織田信長|徳川家康|武田勝頼|鉄砲|全国統一,,,1575年：「以後なご」（1575）と結ぶ長篠の戦い,国立歴史民俗博物館「第3展示室 近世」,https://www.rekihaku.ac.jp/exhibitions/room3/
日本史段階別デッキ｜Deck 1｜日本史の最重要骨格400語,JH-000390,390,Deck 1｜骨格・基礎,文学・美術・建築,安土城,あづちじょう,,近世,近畿,近江国・安土山,1576年築城開始,1576,JH-000390-B01,beginner,用語の特定,identify,織田信長が近江国に築き、壮大な天主を備えた城郭は？,安土城(あづちじょう),安土城,,,,文化庁「文化遺産オンライン」,https://online.bunka.go.jp/
日本史段階別デッキ｜Deck 1｜日本史の最重要骨格400語,JH-000390,390,Deck 1｜骨格・基礎,文学・美術・建築,安土城,あづちじょう,,近世,近畿,近江国・安土山,1576年築城開始,1576,JH-000390-B02,beginner,時期,time,安土城(あづちじょう)が築かれたのはいつ？,1576年,1576年,,,1576年：「以後なろ」（1576）と結ぶ安土城,文化庁「文化遺産オンライン」,https://online.bunka.go.jp/
日本史段階別デッキ｜Deck 1｜日本史の最重要骨格400語,JH-000390,390,Deck 1｜骨格・基礎,文学・美術・建築,安土城,あづちじょう,,近世,近畿,近江国・安土山,1576年築城開始,1576,JH-000390-B03,beginner,人物,person,安土城(あづちじょう)を築いた人物は？,織田信長,織田信長,,,,文化庁「文化遺産オンライン」,https://online.bunka.go.jp/
日本史段階別デッキ｜Deck 1｜日本史の最重要骨格400語,JH-000390,390,Deck 1｜骨格・基礎,文学・美術・建築,安土城,あづちじょう,,近世,近畿,近江国・安土山,1576年築城開始,1576,JH-000390-R01,reverse,時期,time,築かれたのはいつ？,**1576年**,1576年,,,1576年：「以後なろ」（1576）と結ぶ安土城,文化庁「文化遺産オンライン」,https://online.bunka.go.jp/
日本史段階別デッキ｜Deck 1｜日本史の最重要骨格400語,JH-000390,390,Deck 1｜骨格・基礎,文学・美術・建築,安土城,あづちじょう,,近世,近畿,近江国・安土山,1576年築城開始,1576,JH-000390-R02,reverse,複合説明,reverse,どのような作品・様式？,近江国の安土山に**織田信長**が築いた、壮大な天主と城下町を備える政治・軍事拠点。,織田信長|近江国|天主|城下町|近世城郭|安土桃山文化,,,,文化庁「文化遺産オンライン」,https://online.bunka.go.jp/
日本史段階別デッキ｜Deck 1｜日本史の最重要骨格400語,JH-000390,390,Deck 1｜骨格・基礎,文学・美術・建築,安土城,あづちじょう,,近世,近畿,近江国・安土山,1576年築城開始,1576,JH-000390-R03,reverse,結果・関連,reverse,何につながった・どんな意味があった？,権力を視覚的に示す**近世城郭**の先駆となり、安土桃山文化を象徴した。,織田信長|近江国|天主|城下町|近世城郭|安土桃山文化,,,,文化庁「文化遺産オンライン」,https://online.bunka.go.jp/
日本史段階別デッキ｜Deck 1｜日本史の最重要骨格400語,JH-000390,390,Deck 1｜骨格・基礎,文学・美術・建築,安土城,あづちじょう,,近世,近畿,近江国・安土山,1576年築城開始,1576,JH-000390-I01,integrated,統合説明,integrated,「安土城(あづちじょう)」について説明せよ。,1576年築城開始、近江国・安土山を主な舞台として、近江国の安土山に**織田信長**が築いた、壮大な天主と城下町を備える政治・軍事拠点。 権力を視覚的に示す**近世城郭**の先駆となり、安土桃山文化を象徴した。,織田信長|近江国|天主|城下町|近世城郭|安土桃山文化,,,1576年：「以後なろ」（1576）と結ぶ安土城,文化庁「文化遺産オンライン」,https://online.bunka.go.jp/
日本史段階別デッキ｜Deck 1｜日本史の最重要骨格400語,JH-000237,237,Deck 1｜骨格・基礎,人物,千利休,せんのりきゅう,,近世,近畿,堺・京都・大坂,安土桃山時代,1580,JH-000237-B01,beginner,用語の特定,identify,織田信長・豊臣秀吉に仕え、わび茶を大成した堺(さかい)の茶人は？,千利休(せんのりきゅう),千利休,,,,文化庁「文化遺産オンライン」,https://online.bunka.go.jp/
日本史段階別デッキ｜Deck 1｜日本史の最重要骨格400語,JH-000237,237,Deck 1｜骨格・基礎,人物,千利休,せんのりきゅう,,近世,近畿,堺・京都・大坂,安土桃山時代,1580,JH-000237-B02,beginner,時期,time,千利休(せんのりきゅう)が主に活動したのはいつ？,安土桃山時代,安土桃山時代,,,,文化庁「文化遺産オンライン」,https://online.bunka.go.jp/
日本史段階別デッキ｜Deck 1｜日本史の最重要骨格400語,JH-000237,237,Deck 1｜骨格・基礎,人物,千利休,せんのりきゅう,,近世,近畿,堺・京都・大坂,安土桃山時代,1580,JH-000237-B03,beginner,文化,content,千利休(せんのりきゅう)が大成した茶の湯の様式は？,わび茶,わび茶,,,,文化庁「文化遺産オンライン」,https://online.bunka.go.jp/
日本史段階別デッキ｜Deck 1｜日本史の最重要骨格400語,JH-000237,237,Deck 1｜骨格・基礎,人物,千利休,せんのりきゅう,,近世,近畿,堺・京都・大坂,安土桃山時代,1580,JH-000237-R01,reverse,時期,time,主に活動したのはいつ？,**安土桃山時代**,安土桃山時代,,,,文化庁「文化遺産オンライン」,https://online.bunka.go.jp/
日本史段階別デッキ｜Deck 1｜日本史の最重要骨格400語,JH-000237,237,Deck 1｜骨格・基礎,人物,千利休,せんのりきゅう,,近世,近畿,堺・京都・大坂,安土桃山時代,1580,JH-000237-R02,reverse,複合説明,reverse,何をした？,堺(さかい)出身で織田信長・豊臣秀吉に仕え、簡素さと精神性を重んじる**わび茶**を大成した茶人。,堺|織田信長|豊臣秀吉|わび茶|草庵茶室|茶道,,,,文化庁「文化遺産オンライン」,https://online.bunka.go.jp/
日本史段階別デッキ｜Deck 1｜日本史の最重要骨格400語,JH-000237,237,Deck 1｜骨格・基礎,人物,千利休,せんのりきゅう,,近世,近畿,堺・京都・大坂,安土桃山時代,1580,JH-000237-R03,reverse,結果・関連,reverse,何につながった・どんな意味があった？,小規模な**草庵茶室**や茶道具の美意識を確立し、日本の茶道と桃山文化に長く影響した。,堺|織田信長|豊臣秀吉|わび茶|草庵茶室|茶道,,,,文化庁「文化遺産オンライン」,https://online.bunka.go.jp/
日本史段階別デッキ｜Deck 1｜日本史の最重要骨格400語,JH-000237,237,Deck 1｜骨格・基礎,人物,千利休,せんのりきゅう,,近世,近畿,堺・京都・大坂,安土桃山時代,1580,JH-000237-I01,integrated,統合説明,integrated,「千利休(せんのりきゅう)」について説明せよ。,安土桃山時代、堺・京都・大坂を主な舞台として、堺(さかい)出身で織田信長・豊臣秀吉に仕え、簡素さと精神性を重んじる**わび茶**を大成した茶人。 小規模な**草庵茶室**や茶道具の美意識を確立し、日本の茶道と桃山文化に長く影響した。,堺|織田信長|豊臣秀吉|わび茶|草庵茶室|茶道,,,,文化庁「文化遺産オンライン」,https://online.bunka.go.jp/
日本史段階別デッキ｜Deck 1｜日本史の最重要骨格400語,JH-000009,9,Deck 1｜骨格・基礎,人物,豊臣秀吉,とよとみひでよし,,近世,日本全国,大坂・京都を中心とする全国,安土桃山時代,1582,JH-000009-B01,beginner,用語の特定,identify,織田信長の後継者として全国を統一し、太閤検地・刀狩を行った人物は？,豊臣秀吉,豊臣秀吉,,,,国立歴史民俗博物館「第3展示室 近世」,https://www.rekihaku.ac.jp/exhibitions/room3/
日本史段階別デッキ｜Deck 1｜日本史の最重要骨格400語,JH-000009,9,Deck 1｜骨格・基礎,人物,豊臣秀吉,とよとみひでよし,,近世,日本全国,大坂・京都を中心とする全国,安土桃山時代,1582,JH-000009-B02,beginner,時期,time,豊臣秀吉が主に活動したのはいつ？,安土桃山時代,安土桃山時代,,,,国立歴史民俗博物館「第3展示室 近世」,https://www.rekihaku.ac.jp/exhibitions/room3/
日本史段階別デッキ｜Deck 1｜日本史の最重要骨格400語,JH-000009,9,Deck 1｜骨格・基礎,人物,豊臣秀吉,とよとみひでよし,,近世,日本全国,大坂・京都を中心とする全国,安土桃山時代,1582,JH-000009-B03,beginner,政策,content,豊臣秀吉が全国の土地と年貢を統一基準で把握した政策は？,太閤検地,太閤検地,,,,国立歴史民俗博物館「第3展示室 近世」,https://www.rekihaku.ac.jp/exhibitions/room3/
日本史段階別デッキ｜Deck 1｜日本史の最重要骨格400語,JH-000009,9,Deck 1｜骨格・基礎,人物,豊臣秀吉,とよとみひでよし,,近世,日本全国,大坂・京都を中心とする全国,安土桃山時代,1582,JH-000009-R01,reverse,時期,time,主に活動したのはいつ？,**安土桃山時代**,安土桃山時代,,,,国立歴史民俗博物館「第3展示室 近世」,https://www.rekihaku.ac.jp/exhibitions/room3/
日本史段階別デッキ｜Deck 1｜日本史の最重要骨格400語,JH-000009,9,Deck 1｜骨格・基礎,人物,豊臣秀吉,とよとみひでよし,,近世,日本全国,大坂・京都を中心とする全国,安土桃山時代,1582,JH-000009-R02,reverse,複合説明,reverse,何をした？,織田信長の後継者として大坂・京都を中心に全国統一を進め、**太閤検地**と刀狩で土地・身分支配を再編した人物。,織田信長|全国統一|太閤検地|刀狩|兵農分離|文禄・慶長の役,,,,国立歴史民俗博物館「第3展示室 近世」,https://www.rekihaku.ac.jp/exhibitions/room3/
日本史段階別デッキ｜Deck 1｜日本史の最重要骨格400語,JH-000009,9,Deck 1｜骨格・基礎,人物,豊臣秀吉,とよとみひでよし,,近世,日本全国,大坂・京都を中心とする全国,安土桃山時代,1582,JH-000009-R03,reverse,結果・関連,reverse,何につながった・どんな意味があった？,**兵農分離(へいのうぶんり)**を進めて近世社会の基礎を作った一方、文禄・慶長の役を起こして東アジアに大きな被害を与えた。,織田信長|全国統一|太閤検地|刀狩|兵農分離|文禄・慶長の役,,,,国立歴史民俗博物館「第3展示室 近世」,https://www.rekihaku.ac.jp/exhibitions/room3/
日本史段階別デッキ｜Deck 1｜日本史の最重要骨格400語,JH-000009,9,Deck 1｜骨格・基礎,人物,豊臣秀吉,とよとみひでよし,,近世,日本全国,大坂・京都を中心とする全国,安土桃山時代,1582,JH-000009-I01,integrated,統合説明,integrated,「豊臣秀吉」について説明せよ。,安土桃山時代、大坂・京都を中心とする全国を主な舞台として、織田信長の後継者として大坂・京都を中心に全国統一を進め、**太閤検地**と刀狩で土地・身分支配を再編した人物。 **兵農分離(へいのうぶんり)**を進めて近世社会の基礎を作った一方、文禄・慶長の役を起こして東アジアに大きな被害を与えた。,織田信長|全国統一|太閤検地|刀狩|兵農分離|文禄・慶長の役,,,,国立歴史民俗博物館「第3展示室 近世」,https://www.rekihaku.ac.jp/exhibitions/room3/
日本史段階別デッキ｜Deck 1｜日本史の最重要骨格400語,JH-000015,15,Deck 1｜骨格・基礎,土地制度・租税,太閤検地,たいこうけんち,,近世,日本全国,日本全国,1582〜1598年ごろ,1582,JH-000015-B01,beginner,用語の特定,identify,豊臣秀吉が全国で田畑を測量し、石高と耕作者を検地帳に登録した土地政策は？,太閤検地,太閤検地,,,,国立歴史民俗博物館「第3展示室 近世」,https://www.rekihaku.ac.jp/exhibitions/room3/
日本史段階別デッキ｜Deck 1｜日本史の最重要骨格400語,JH-000015,15,Deck 1｜骨格・基礎,土地制度・租税,太閤検地,たいこうけんち,,近世,日本全国,日本全国,1582〜1598年ごろ,1582,JH-000015-B02,beginner,時期,time,太閤検地が成立・実施されたのはいつ？,1582〜1598年ごろ,1582〜1598年ごろ,,,1582〜1598年ごろ：「いちごパンツ」（1582）年から「以後苦は」（1598）年までの太閤検地,国立歴史民俗博物館「第3展示室 近世」,https://www.rekihaku.ac.jp/exhibitions/room3/
日本史段階別デッキ｜Deck 1｜日本史の最重要骨格400語,JH-000015,15,Deck 1｜骨格・基礎,土地制度・租税,太閤検地,たいこうけんち,,近世,日本全国,日本全国,1582〜1598年ごろ,1582,JH-000015-B03,beginner,内容,content,太閤検地で土地の生産力を示した単位は？,石高,石高,,,,国立歴史民俗博物館「第3展示室 近世」,https://www.rekihaku.ac.jp/exhibitions/room3/
日本史段階別デッキ｜Deck 1｜日本史の最重要骨格400語,JH-000015,15,Deck 1｜骨格・基礎,土地制度・租税,太閤検地,たいこうけんち,,近世,日本全国,日本全国,1582〜1598年ごろ,1582,JH-000015-R01,reverse,時期,time,成立・実施されたのはいつ？,**1582〜1598年ごろ**,1582〜1598年ごろ,,,1582〜1598年ごろ：「いちごパンツ」（1582）年から「以後苦は」（1598）年までの太閤検地,国立歴史民俗博物館「第3展示室 近世」,https://www.rekihaku.ac.jp/exhibitions/room3/
日本史段階別デッキ｜Deck 1｜日本史の最重要骨格400語,JH-000015,15,Deck 1｜骨格・基礎,土地制度・租税,太閤検地,たいこうけんち,,近世,日本全国,日本全国,1582〜1598年ごろ,1582,JH-000015-R02,reverse,複合説明,reverse,どんな制度？,豊臣秀吉が日本全国で田畑を測量し、面積・等級・**石高**と耕作者を検地帳に一地一作人で登録した政策。,豊臣秀吉|石高|検地帳|一地一作人|荘園制|兵農分離,,,,国立歴史民俗博物館「第3展示室 近世」,https://www.rekihaku.ac.jp/exhibitions/room3/
日本史段階別デッキ｜Deck 1｜日本史の最重要骨格400語,JH-000015,15,Deck 1｜骨格・基礎,土地制度・租税,太閤検地,たいこうけんち,,近世,日本全国,日本全国,1582〜1598年ごろ,1582,JH-000015-R03,reverse,結果・関連,reverse,何につながった・どんな意味があった？,荘園制を最終的に解体し、年貢負担者を把握して兵農分離(へいのうぶんり)と**石高**制の基礎を築いた。,豊臣秀吉|石高|検地帳|一地一作人|荘園制|兵農分離,,,,国立歴史民俗博物館「第3展示室 近世」,https://www.rekihaku.ac.jp/exhibitions/room3/
日本史段階別デッキ｜Deck 1｜日本史の最重要骨格400語,JH-000015,15,Deck 1｜骨格・基礎,土地制度・租税,太閤検地,たいこうけんち,,近世,日本全国,日本全国,1582〜1598年ごろ,1582,JH-000015-I01,integrated,統合説明,integrated,「太閤検地」について説明せよ。,1582〜1598年ごろ、日本全国を主な舞台として、豊臣秀吉が日本全国で田畑を測量し、面積・等級・**石高**と耕作者を検地帳に一地一作人で登録した政策。 荘園制を最終的に解体し、年貢負担者を把握して兵農分離(へいのうぶんり)と**石高**制の基礎を築いた。,豊臣秀吉|石高|検地帳|一地一作人|荘園制|兵農分離,,,1582〜1598年ごろ：「いちごパンツ」（1582）年から「以後苦は」（1598）年までの太閤検地,国立歴史民俗博物館「第3展示室 近世」,https://www.rekihaku.ac.jp/exhibitions/room3/
日本史段階別デッキ｜Deck 1｜日本史の最重要骨格400語,JH-000117,117,Deck 1｜骨格・基礎,事件・政変,本能寺の変,ほんのうじのへん,,近世,近畿,京都・本能寺,1582年,1582,JH-000117-B01,beginner,用語の特定,identify,明智光秀が京都で主君織田信長を襲い、自害させた政変は？,本能寺の変(ほんのうじのへん),本能寺の変,,,,国立歴史民俗博物館「第3展示室 近世」,https://www.rekihaku.ac.jp/exhibitions/room3/
日本史段階別デッキ｜Deck 1｜日本史の最重要骨格400語,JH-000117,117,Deck 1｜骨格・基礎,事件・政変,本能寺の変,ほんのうじのへん,,近世,近畿,京都・本能寺,1582年,1582,JH-000117-B02,beginner,時期,time,本能寺の変(ほんのうじのへん)が起きたのはいつ？,1582年,1582年,,,1582年：「いちごパンツ」（1582）で本能寺の変,国立歴史民俗博物館「第3展示室 近世」,https://www.rekihaku.ac.jp/exhibitions/room3/
日本史段階別デッキ｜Deck 1｜日本史の最重要骨格400語,JH-000117,117,Deck 1｜骨格・基礎,事件・政変,本能寺の変,ほんのうじのへん,,近世,近畿,京都・本能寺,1582年,1582,JH-000117-B03,beginner,人物,person,本能寺の変(ほんのうじのへん)を起こした武将は？,明智光秀,明智光秀,,,,国立歴史民俗博物館「第3展示室 近世」,https://www.rekihaku.ac.jp/exhibitions/room3/
日本史段階別デッキ｜Deck 1｜日本史の最重要骨格400語,JH-000117,117,Deck 1｜骨格・基礎,事件・政変,本能寺の変,ほんのうじのへん,,近世,近畿,京都・本能寺,1582年,1582,JH-000117-R01,reverse,時期,time,起きたのはいつ？,**1582年**,1582年,,,1582年：「いちごパンツ」（1582）で本能寺の変,国立歴史民俗博物館「第3展示室 近世」,https://www.rekihaku.ac.jp/exhibitions/room3/
日本史段階別デッキ｜Deck 1｜日本史の最重要骨格400語,JH-000117,117,Deck 1｜骨格・基礎,事件・政変,本能寺の変,ほんのうじのへん,,近世,近畿,京都・本能寺,1582年,1582,JH-000117-R02,reverse,複合説明,reverse,何が起きた？,京都の本能寺で家臣の**明智光秀**が主君織田信長を急襲し、信長を自害させた政変。,明智光秀|織田信長|京都|豊臣秀吉|統一事業,,,,国立歴史民俗博物館「第3展示室 近世」,https://www.rekihaku.ac.jp/exhibitions/room3/
日本史段階別デッキ｜Deck 1｜日本史の最重要骨格400語,JH-000117,117,Deck 1｜骨格・基礎,事件・政変,本能寺の変,ほんのうじのへん,,近世,近畿,京都・本能寺,1582年,1582,JH-000117-R03,reverse,結果・関連,reverse,何につながった・どんな意味があった？,織田政権の後継争いを生み、**明智光秀**を破った豊臣秀吉が統一事業の主導権を握った。,明智光秀|織田信長|京都|豊臣秀吉|統一事業,,,,国立歴史民俗博物館「第3展示室 近世」,https://www.rekihaku.ac.jp/exhibitions/room3/
日本史段階別デッキ｜Deck 1｜日本史の最重要骨格400語,JH-000117,117,Deck 1｜骨格・基礎,事件・政変,本能寺の変,ほんのうじのへん,,近世,近畿,京都・本能寺,1582年,1582,JH-000117-I01,integrated,統合説明,integrated,「本能寺の変(ほんのうじのへん)」について説明せよ。,1582年、京都・本能寺を主な舞台として、京都の本能寺で家臣の**明智光秀**が主君織田信長を急襲し、信長を自害させた政変。 織田政権の後継争いを生み、**明智光秀**を破った豊臣秀吉が統一事業の主導権を握った。,明智光秀|織田信長|京都|豊臣秀吉|統一事業,,,1582年：「いちごパンツ」（1582）で本能寺の変,国立歴史民俗博物館「第3展示室 近世」,https://www.rekihaku.ac.jp/exhibitions/room3/
日本史段階別デッキ｜Deck 1｜日本史の最重要骨格400語,JH-000120,120,Deck 1｜骨格・基礎,制度・政策・法律,惣無事令,そうぶじれい,,近世,日本全国,日本全国,1585年以後,1585,JH-000120-B01,beginner,用語の特定,identify,豊臣秀吉が大名間の私戦を禁じ、領土紛争を自らの裁定下に置いた命令は？,惣無事令(そうぶじれい),惣無事令,,,,国立歴史民俗博物館「第3展示室 近世」,https://www.rekihaku.ac.jp/exhibitions/room3/
日本史段階別デッキ｜Deck 1｜日本史の最重要骨格400語,JH-000120,120,Deck 1｜骨格・基礎,制度・政策・法律,惣無事令,そうぶじれい,,近世,日本全国,日本全国,1585年以後,1585,JH-000120-B02,beginner,時期,time,惣無事令(そうぶじれい)が成立・実施されたのはいつ？,1585年以後,1585年以後,,,1585年以後：「以後箱」（1585）年から続く惣無事令,国立歴史民俗博物館「第3展示室 近世」,https://www.rekihaku.ac.jp/exhibitions/room3/
日本史段階別デッキ｜Deck 1｜日本史の最重要骨格400語,JH-000120,120,Deck 1｜骨格・基礎,制度・政策・法律,惣無事令,そうぶじれい,,近世,日本全国,日本全国,1585年以後,1585,JH-000120-B03,beginner,内容,content,惣無事令(そうぶじれい)が禁止したものは？,大名間の私戦,大名間の私戦,,,,国立歴史民俗博物館「第3展示室 近世」,https://www.rekihaku.ac.jp/exhibitions/room3/
日本史段階別デッキ｜Deck 1｜日本史の最重要骨格400語,JH-000120,120,Deck 1｜骨格・基礎,制度・政策・法律,惣無事令,そうぶじれい,,近世,日本全国,日本全国,1585年以後,1585,JH-000120-R01,reverse,時期,time,成立・実施されたのはいつ？,**1585年以後**,1585年以後,,,1585年以後：「以後箱」（1585）年から続く惣無事令,国立歴史民俗博物館「第3展示室 近世」,https://www.rekihaku.ac.jp/exhibitions/room3/
日本史段階別デッキ｜Deck 1｜日本史の最重要骨格400語,JH-000120,120,Deck 1｜骨格・基礎,制度・政策・法律,惣無事令,そうぶじれい,,近世,日本全国,日本全国,1585年以後,1585,JH-000120-R02,reverse,複合説明,reverse,どんな制度・政策・法律？,豊臣秀吉が日本全国の大名に対して**私戦**を禁じ、領土紛争を秀吉の裁定に従わせた命令。,豊臣秀吉|私戦禁止|領土紛争|九州征討|小田原征伐|全国統一,,,,国立歴史民俗博物館「第3展示室 近世」,https://www.rekihaku.ac.jp/exhibitions/room3/
日本史段階別デッキ｜Deck 1｜日本史の最重要骨格400語,JH-000120,120,Deck 1｜骨格・基礎,制度・政策・法律,惣無事令,そうぶじれい,,近世,日本全国,日本全国,1585年以後,1585,JH-000120-R03,reverse,結果・関連,reverse,何につながった・どんな意味があった？,従わない大名への征討を正当化し、九州・関東・東北を服属させる**全国統一**の原理となった。,豊臣秀吉|私戦禁止|領土紛争|九州征討|小田原征伐|全国統一,,,,国立歴史民俗博物館「第3展示室 近世」,https://www.rekihaku.ac.jp/exhibitions/room3/
日本史段階別デッキ｜Deck 1｜日本史の最重要骨格400語,JH-000120,120,Deck 1｜骨格・基礎,制度・政策・法律,惣無事令,そうぶじれい,,近世,日本全国,日本全国,1585年以後,1585,JH-000120-I01,integrated,統合説明,integrated,「惣無事令(そうぶじれい)」について説明せよ。,1585年以後、日本全国を主な舞台として、豊臣秀吉が日本全国の大名に対して**私戦**を禁じ、領土紛争を秀吉の裁定に従わせた命令。 従わない大名への征討を正当化し、九州・関東・東北を服属させる**全国統一**の原理となった。,豊臣秀吉|私戦禁止|領土紛争|九州征討|小田原征伐|全国統一,,,1585年以後：「以後箱」（1585）年から続く惣無事令,国立歴史民俗博物館「第3展示室 近世」,https://www.rekihaku.ac.jp/exhibitions/room3/
日本史段階別デッキ｜Deck 1｜日本史の最重要骨格400語,JH-000323,323,Deck 1｜骨格・基礎,制度・政策・法律,バテレン追放令,ばてれんついほうれい,,近世,九州,九州を中心とする日本全国,1587年,1587,JH-000323-B01,beginner,用語の特定,identify,豊臣秀吉が宣教師の国外退去を命じた法令は？,バテレン追放令(ばてれんついほうれい),バテレン追放令,,,,国立歴史民俗博物館「第3展示室 近世」,https://www.rekihaku.ac.jp/exhibitions/room3/
日本史段階別デッキ｜Deck 1｜日本史の最重要骨格400語,JH-000323,323,Deck 1｜骨格・基礎,制度・政策・法律,バテレン追放令,ばてれんついほうれい,,近世,九州,九州を中心とする日本全国,1587年,1587,JH-000323-B02,beginner,時期,time,バテレン追放令(ばてれんついほうれい)が成立・実施されたのはいつ？,1587年,1587年,,,1587年：「以後花」（1587）と結ぶバテレン追放令,国立歴史民俗博物館「第3展示室 近世」,https://www.rekihaku.ac.jp/exhibitions/room3/
日本史段階別デッキ｜Deck 1｜日本史の最重要骨格400語,JH-000323,323,Deck 1｜骨格・基礎,制度・政策・法律,バテレン追放令,ばてれんついほうれい,,近世,九州,九州を中心とする日本全国,1587年,1587,JH-000323-B03,beginner,対象,actor,バテレン追放令(ばてれんついほうれい)で国外退去を命じられた人々は？,宣教師,宣教師,,,,国立歴史民俗博物館「第3展示室 近世」,https://www.rekihaku.ac.jp/exhibitions/room3/
日本史段階別デッキ｜Deck 1｜日本史の最重要骨格400語,JH-000323,323,Deck 1｜骨格・基礎,制度・政策・法律,バテレン追放令,ばてれんついほうれい,,近世,九州,九州を中心とする日本全国,1587年,1587,JH-000323-R01,reverse,時期,time,成立・実施されたのはいつ？,**1587年**,1587年,,,1587年：「以後花」（1587）と結ぶバテレン追放令,国立歴史民俗博物館「第3展示室 近世」,https://www.rekihaku.ac.jp/exhibitions/room3/
日本史段階別デッキ｜Deck 1｜日本史の最重要骨格400語,JH-000323,323,Deck 1｜骨格・基礎,制度・政策・法律,バテレン追放令,ばてれんついほうれい,,近世,九州,九州を中心とする日本全国,1587年,1587,JH-000323-R02,reverse,複合説明,reverse,どんな制度・政策・法律？,九州平定後、豊臣秀吉がキリスト教宣教師である**バテレン**の国外退去を命じた法令。,豊臣秀吉|バテレン|宣教師|キリスト教|南蛮貿易,,,,国立歴史民俗博物館「第3展示室 近世」,https://www.rekihaku.ac.jp/exhibitions/room3/
日本史段階別デッキ｜Deck 1｜日本史の最重要骨格400語,JH-000323,323,Deck 1｜骨格・基礎,制度・政策・法律,バテレン追放令,ばてれんついほうれい,,近世,九州,九州を中心とする日本全国,1587年,1587,JH-000323-R03,reverse,結果・関連,reverse,何につながった・どんな意味があった？,大名や寺社支配への警戒を示したが、**南蛮貿易**は継続され、禁教は当初徹底しなかった。,豊臣秀吉|バテレン|宣教師|キリスト教|南蛮貿易,,,,国立歴史民俗博物館「第3展示室 近世」,https://www.rekihaku.ac.jp/exhibitions/room3/
日本史段階別デッキ｜Deck 1｜日本史の最重要骨格400語,JH-000323,323,Deck 1｜骨格・基礎,制度・政策・法律,バテレン追放令,ばてれんついほうれい,,近世,九州,九州を中心とする日本全国,1587年,1587,JH-000323-I01,integrated,統合説明,integrated,「バテレン追放令(ばてれんついほうれい)」について説明せよ。,1587年、九州を中心とする日本全国を主な舞台として、九州平定後、豊臣秀吉がキリスト教宣教師である**バテレン**の国外退去を命じた法令。 大名や寺社支配への警戒を示したが、**南蛮貿易**は継続され、禁教は当初徹底しなかった。,豊臣秀吉|バテレン|宣教師|キリスト教|南蛮貿易,,,1587年：「以後花」（1587）と結ぶバテレン追放令,国立歴史民俗博物館「第3展示室 近世」,https://www.rekihaku.ac.jp/exhibitions/room3/
日本史段階別デッキ｜Deck 1｜日本史の最重要骨格400語,JH-000118,118,Deck 1｜骨格・基礎,制度・政策・法律,刀狩,かたながり,,近世,日本全国,日本全国,1588年,1588,JH-000118-B01,beginner,用語の特定,identify,豊臣秀吉が農民から刀・槍・鉄砲などの武器を取り上げた政策は？,刀狩,刀狩,,,,国立歴史民俗博物館「第3展示室 近世」,https://www.rekihaku.ac.jp/exhibitions/room3/
日本史段階別デッキ｜Deck 1｜日本史の最重要骨格400語,JH-000118,118,Deck 1｜骨格・基礎,制度・政策・法律,刀狩,かたながり,,近世,日本全国,日本全国,1588年,1588,JH-000118-B02,beginner,時期,time,刀狩が成立・実施されたのはいつ？,1588年,1588年,,,1588年：「以後刃」（1588）なし刀狩,国立歴史民俗博物館「第3展示室 近世」,https://www.rekihaku.ac.jp/exhibitions/room3/
日本史段階別デッキ｜Deck 1｜日本史の最重要骨格400語,JH-000118,118,Deck 1｜骨格・基礎,制度・政策・法律,刀狩,かたながり,,近世,日本全国,日本全国,1588年,1588,JH-000118-B03,beginner,人物,person,刀狩を命じた人物は？,豊臣秀吉,豊臣秀吉,,,,国立歴史民俗博物館「第3展示室 近世」,https://www.rekihaku.ac.jp/exhibitions/room3/
日本史段階別デッキ｜Deck 1｜日本史の最重要骨格400語,JH-000118,118,Deck 1｜骨格・基礎,制度・政策・法律,刀狩,かたながり,,近世,日本全国,日本全国,1588年,1588,JH-000118-R01,reverse,時期,time,成立・実施されたのはいつ？,**1588年**,1588年,,,1588年：「以後刃」（1588）なし刀狩,国立歴史民俗博物館「第3展示室 近世」,https://www.rekihaku.ac.jp/exhibitions/room3/
日本史段階別デッキ｜Deck 1｜日本史の最重要骨格400語,JH-000118,118,Deck 1｜骨格・基礎,制度・政策・法律,刀狩,かたながり,,近世,日本全国,日本全国,1588年,1588,JH-000118-R02,reverse,複合説明,reverse,どんな制度・政策・法律？,豊臣秀吉が日本全国の農民から**刀・槍・鉄砲**などの武器を取り上げ、武装蜂起を防ごうとした政策。,豊臣秀吉|刀|槍|鉄砲|兵農分離|近世身分制,,,,国立歴史民俗博物館「第3展示室 近世」,https://www.rekihaku.ac.jp/exhibitions/room3/
日本史段階別デッキ｜Deck 1｜日本史の最重要骨格400語,JH-000118,118,Deck 1｜骨格・基礎,制度・政策・法律,刀狩,かたながり,,近世,日本全国,日本全国,1588年,1588,JH-000118-R03,reverse,結果・関連,reverse,何につながった・どんな意味があった？,武士と農民の身分・居住を分ける**兵農分離(へいのうぶんり)**を進め、近世身分制の形成につながった。,豊臣秀吉|刀|槍|鉄砲|兵農分離|近世身分制,,,,国立歴史民俗博物館「第3展示室 近世」,https://www.rekihaku.ac.jp/exhibitions/room3/
日本史段階別デッキ｜Deck 1｜日本史の最重要骨格400語,JH-000118,118,Deck 1｜骨格・基礎,制度・政策・法律,刀狩,かたながり,,近世,日本全国,日本全国,1588年,1588,JH-000118-I01,integrated,統合説明,integrated,「刀狩」について説明せよ。,1588年、日本全国を主な舞台として、豊臣秀吉が日本全国の農民から**刀・槍・鉄砲**などの武器を取り上げ、武装蜂起を防ごうとした政策。 武士と農民の身分・居住を分ける**兵農分離(へいのうぶんり)**を進め、近世身分制の形成につながった。,豊臣秀吉|刀|槍|鉄砲|兵農分離|近世身分制,,,1588年：「以後刃」（1588）なし刀狩,国立歴史民俗博物館「第3展示室 近世」,https://www.rekihaku.ac.jp/exhibitions/room3/
日本史段階別デッキ｜Deck 1｜日本史の最重要骨格400語,JH-000036,36,Deck 1｜骨格・基礎,土地制度・租税,石高制,こくだかせい,,近世,日本全国,日本全国,安土桃山時代〜江戸時代,1590,JH-000036-B01,beginner,用語の特定,identify,土地の生産力を米の収穫量に換算し、大名の格付けや年貢賦課の基準とした制度は？,石高制(こくだかせい),石高制,,,,国立歴史民俗博物館「第3展示室 近世」,https://www.rekihaku.ac.jp/exhibitions/room3/
日本史段階別デッキ｜Deck 1｜日本史の最重要骨格400語,JH-000036,36,Deck 1｜骨格・基礎,土地制度・租税,石高制,こくだかせい,,近世,日本全国,日本全国,安土桃山時代〜江戸時代,1590,JH-000036-B02,beginner,時期,time,石高制(こくだかせい)が成立・実施されたのはいつ？,安土桃山時代〜江戸時代,安土桃山時代〜江戸時代,,,,国立歴史民俗博物館「第3展示室 近世」,https://www.rekihaku.ac.jp/exhibitions/room3/
日本史段階別デッキ｜Deck 1｜日本史の最重要骨格400語,JH-000036,36,Deck 1｜骨格・基礎,土地制度・租税,石高制,こくだかせい,,近世,日本全国,日本全国,安土桃山時代〜江戸時代,1590,JH-000036-B03,beginner,単位,content,石高制(こくだかせい)で土地の生産力を示す単位は？,石,石,,,,国立歴史民俗博物館「第3展示室 近世」,https://www.rekihaku.ac.jp/exhibitions/room3/
日本史段階別デッキ｜Deck 1｜日本史の最重要骨格400語,JH-000036,36,Deck 1｜骨格・基礎,土地制度・租税,石高制,こくだかせい,,近世,日本全国,日本全国,安土桃山時代〜江戸時代,1590,JH-000036-R01,reverse,時期,time,成立・実施されたのはいつ？,**安土桃山時代〜江戸時代**,安土桃山時代〜江戸時代,,,,国立歴史民俗博物館「第3展示室 近世」,https://www.rekihaku.ac.jp/exhibitions/room3/
日本史段階別デッキ｜Deck 1｜日本史の最重要骨格400語,JH-000036,36,Deck 1｜骨格・基礎,土地制度・租税,石高制,こくだかせい,,近世,日本全国,日本全国,安土桃山時代〜江戸時代,1590,JH-000036-R02,reverse,複合説明,reverse,どんな制度？,太閤検地以後、日本全国の土地の生産力を米の収穫量である**石高**に換算し、年貢・知行・大名の格付けの基準とした制度。,太閤検地|石高|年貢|知行|大名|軍役|幕藩体制,,,,国立歴史民俗博物館「第3展示室 近世」,https://www.rekihaku.ac.jp/exhibitions/room3/
日本史段階別デッキ｜Deck 1｜日本史の最重要骨格400語,JH-000036,36,Deck 1｜骨格・基礎,土地制度・租税,石高制,こくだかせい,,近世,日本全国,日本全国,安土桃山時代〜江戸時代,1590,JH-000036-R03,reverse,結果・関連,reverse,何につながった・どんな意味があった？,**大名**・家臣・村の支配関係を数量化し、幕藩体制の財政と軍役編成を支えた。,太閤検地|石高|年貢|知行|大名|軍役|幕藩体制,,,,国立歴史民俗博物館「第3展示室 近世」,https://www.rekihaku.ac.jp/exhibitions/room3/
日本史段階別デッキ｜Deck 1｜日本史の最重要骨格400語,JH-000036,36,Deck 1｜骨格・基礎,土地制度・租税,石高制,こくだかせい,,近世,日本全国,日本全国,安土桃山時代〜江戸時代,1590,JH-000036-I01,integrated,統合説明,integrated,「石高制(こくだかせい)」について説明せよ。,安土桃山時代〜江戸時代、日本全国を主な舞台として、太閤検地以後、日本全国の土地の生産力を米の収穫量である**石高**に換算し、年貢・知行・大名の格付けの基準とした制度。 **大名**・家臣・村の支配関係を数量化し、幕藩体制の財政と軍役編成を支えた。,太閤検地|石高|年貢|知行|大名|軍役|幕藩体制,,,,国立歴史民俗博物館「第3展示室 近世」,https://www.rekihaku.ac.jp/exhibitions/room3/
日本史段階別デッキ｜Deck 1｜日本史の最重要骨格400語,JH-000119,119,Deck 1｜骨格・基礎,制度・政策・法律,兵農分離,へいのうぶんり,,近世,日本全国,日本全国,安土桃山時代〜江戸時代初期,1590,JH-000119-B01,beginner,用語の特定,identify,太閤検地・刀狩などを通じて、武士と農民の身分・職業・居住を分けた政策過程は？,兵農分離(へいのうぶんり),兵農分離,,,,国立歴史民俗博物館「第3展示室 近世」,https://www.rekihaku.ac.jp/exhibitions/room3/
日本史段階別デッキ｜Deck 1｜日本史の最重要骨格400語,JH-000119,119,Deck 1｜骨格・基礎,制度・政策・法律,兵農分離,へいのうぶんり,,近世,日本全国,日本全国,安土桃山時代〜江戸時代初期,1590,JH-000119-B02,beginner,時期,time,兵農分離(へいのうぶんり)が成立・実施されたのはいつ？,安土桃山時代〜江戸時代初期,安土桃山時代〜江戸時代初期,,,,国立歴史民俗博物館「第3展示室 近世」,https://www.rekihaku.ac.jp/exhibitions/room3/
日本史段階別デッキ｜Deck 1｜日本史の最重要骨格400語,JH-000119,119,Deck 1｜骨格・基礎,制度・政策・法律,兵農分離,へいのうぶんり,,近世,日本全国,日本全国,安土桃山時代〜江戸時代初期,1590,JH-000119-B03,beginner,関連,relation,兵農分離(へいのうぶんり)を進めた二つの代表的政策は？,太閤検地・刀狩,太閤検地・刀狩,,,,国立歴史民俗博物館「第3展示室 近世」,https://www.rekihaku.ac.jp/exhibitions/room3/
日本史段階別デッキ｜Deck 1｜日本史の最重要骨格400語,JH-000119,119,Deck 1｜骨格・基礎,制度・政策・法律,兵農分離,へいのうぶんり,,近世,日本全国,日本全国,安土桃山時代〜江戸時代初期,1590,JH-000119-R01,reverse,時期,time,成立・実施されたのはいつ？,**安土桃山時代〜江戸時代初期**,安土桃山時代〜江戸時代初期,,,,国立歴史民俗博物館「第3展示室 近世」,https://www.rekihaku.ac.jp/exhibitions/room3/
日本史段階別デッキ｜Deck 1｜日本史の最重要骨格400語,JH-000119,119,Deck 1｜骨格・基礎,制度・政策・法律,兵農分離,へいのうぶんり,,近世,日本全国,日本全国,安土桃山時代〜江戸時代初期,1590,JH-000119-R02,reverse,複合説明,reverse,どんな制度・政策・法律？,太閤検地と刀狩などを通じ、日本全国で**武士は城下町、農民は村**に居住させ、身分と職業を分けた政策過程。,太閤検地|刀狩|武士|農民|城下町|近世身分制,,,,国立歴史民俗博物館「第3展示室 近世」,https://www.rekihaku.ac.jp/exhibitions/room3/
日本史段階別デッキ｜Deck 1｜日本史の最重要骨格400語,JH-000119,119,Deck 1｜骨格・基礎,制度・政策・法律,兵農分離,へいのうぶんり,,近世,日本全国,日本全国,安土桃山時代〜江戸時代初期,1590,JH-000119-R03,reverse,結果・関連,reverse,何につながった・どんな意味があった？,中世の**武士**兼農民的な関係を解体し、近世の身分制・城下町・村落支配の基礎となった。,太閤検地|刀狩|武士|農民|城下町|近世身分制,,,,国立歴史民俗博物館「第3展示室 近世」,https://www.rekihaku.ac.jp/exhibitions/room3/
日本史段階別デッキ｜Deck 1｜日本史の最重要骨格400語,JH-000119,119,Deck 1｜骨格・基礎,制度・政策・法律,兵農分離,へいのうぶんり,,近世,日本全国,日本全国,安土桃山時代〜江戸時代初期,1590,JH-000119-I01,integrated,統合説明,integrated,「兵農分離(へいのうぶんり)」について説明せよ。,安土桃山時代〜江戸時代初期、日本全国を主な舞台として、太閤検地と刀狩などを通じ、日本全国で**武士は城下町、農民は村**に居住させ、身分と職業を分けた政策過程。 中世の**武士**兼農民的な関係を解体し、近世の身分制・城下町・村落支配の基礎となった。,太閤検地|刀狩|武士|農民|城下町|近世身分制,,,,国立歴史民俗博物館「第3展示室 近世」,https://www.rekihaku.ac.jp/exhibitions/room3/
日本史段階別デッキ｜Deck 1｜日本史の最重要骨格400語,JH-000197,197,Deck 1｜骨格・基礎,事件・政変,天下統一,てんかとういつ,,近世,日本全国,日本全国,1590年,1590,JH-000197-B01,beginner,用語の特定,identify,豊臣秀吉が小田原の北条氏を滅ぼし、奥羽の大名を服属させて全国支配を完成したことを何という？,天下統一,天下統一,,,,国立歴史民俗博物館「第3展示室 近世」,https://www.rekihaku.ac.jp/exhibitions/room3/
日本史段階別デッキ｜Deck 1｜日本史の最重要骨格400語,JH-000197,197,Deck 1｜骨格・基礎,事件・政変,天下統一,てんかとういつ,,近世,日本全国,日本全国,1590年,1590,JH-000197-B02,beginner,時期,time,豊臣秀吉による天下統一が完成したのはいつ？,1590年,1590年,,,1590年：「戦国終わる」（1590）天下統一,国立歴史民俗博物館「第3展示室 近世」,https://www.rekihaku.ac.jp/exhibitions/room3/
日本史段階別デッキ｜Deck 1｜日本史の最重要骨格400語,JH-000197,197,Deck 1｜骨格・基礎,事件・政変,天下統一,てんかとういつ,,近世,日本全国,日本全国,1590年,1590,JH-000197-B03,beginner,人物,person,天下統一を完成させた人物は？,豊臣秀吉,豊臣秀吉,,,,国立歴史民俗博物館「第3展示室 近世」,https://www.rekihaku.ac.jp/exhibitions/room3/
日本史段階別デッキ｜Deck 1｜日本史の最重要骨格400語,JH-000197,197,Deck 1｜骨格・基礎,事件・政変,天下統一,てんかとういつ,,近世,日本全国,日本全国,1590年,1590,JH-000197-R01,reverse,時期,time,完成したのはいつ？,**1590年**,1590年,,,1590年：「戦国終わる」（1590）天下統一,国立歴史民俗博物館「第3展示室 近世」,https://www.rekihaku.ac.jp/exhibitions/room3/
日本史段階別デッキ｜Deck 1｜日本史の最重要骨格400語,JH-000197,197,Deck 1｜骨格・基礎,事件・政変,天下統一,てんかとういつ,,近世,日本全国,日本全国,1590年,1590,JH-000197-R02,reverse,複合説明,reverse,何が起きた？,**豊臣秀吉**が小田原の北条氏を滅ぼし、奥羽の大名も服属させて、日本全国の大名を政権下に置いたこと。,豊臣秀吉|小田原征伐|北条氏|奥羽|戦国時代|統一政権,,,,国立歴史民俗博物館「第3展示室 近世」,https://www.rekihaku.ac.jp/exhibitions/room3/
日本史段階別デッキ｜Deck 1｜日本史の最重要骨格400語,JH-000197,197,Deck 1｜骨格・基礎,事件・政変,天下統一,てんかとういつ,,近世,日本全国,日本全国,1590年,1590,JH-000197-R03,reverse,結果・関連,reverse,何につながった・どんな意味があった？,長期の戦国争乱を終結させ、**統一政権**による太閤検地・身分統制を全国へ及ぼした。,豊臣秀吉|小田原征伐|北条氏|奥羽|戦国時代|統一政権,,,,国立歴史民俗博物館「第3展示室 近世」,https://www.rekihaku.ac.jp/exhibitions/room3/
日本史段階別デッキ｜Deck 1｜日本史の最重要骨格400語,JH-000197,197,Deck 1｜骨格・基礎,事件・政変,天下統一,てんかとういつ,,近世,日本全国,日本全国,1590年,1590,JH-000197-I01,integrated,統合説明,integrated,「天下統一」について説明せよ。,1590年、日本全国を主な舞台として、**豊臣秀吉**が小田原の北条氏を滅ぼし、奥羽の大名も服属させて、日本全国の大名を政権下に置いたこと。 長期の戦国争乱を終結させ、**統一政権**による太閤検地・身分統制を全国へ及ぼした。,豊臣秀吉|小田原征伐|北条氏|奥羽|戦国時代|統一政権,,,1590年：「戦国終わる」（1590）天下統一,国立歴史民俗博物館「第3展示室 近世」,https://www.rekihaku.ac.jp/exhibitions/room3/
日本史段階別デッキ｜Deck 1｜日本史の最重要骨格400語,JH-000121,121,Deck 1｜骨格・基礎,戦争・争乱,文禄・慶長の役,ぶんろく・けいちょうのえき,朝鮮出兵|豊臣秀吉の朝鮮侵略,近世,東アジア,朝鮮半島・明との戦争,1592〜1598年,1592,JH-000121-B01,beginner,用語の特定,identify,豊臣秀吉が明征服を目指して二度にわたり朝鮮半島へ出兵した戦争は？,文禄・慶長の役,文禄・慶長の役,朝鮮出兵|豊臣秀吉の朝鮮侵略,,,国立公文書館 アジア歴史資料センター,https://www.jacar.go.jp/
日本史段階別デッキ｜Deck 1｜日本史の最重要骨格400語,JH-000121,121,Deck 1｜骨格・基礎,戦争・争乱,文禄・慶長の役,ぶんろく・けいちょうのえき,朝鮮出兵|豊臣秀吉の朝鮮侵略,近世,東アジア,朝鮮半島・明との戦争,1592〜1598年,1592,JH-000121-B02,beginner,時期,time,文禄・慶長の役が戦われたのはいつ？,1592〜1598年,1592〜1598年,,,1592〜1598年：「以後国」（1592）年から「以後苦は」（1598）年までの文禄・慶長の役,国立公文書館 アジア歴史資料センター,https://www.jacar.go.jp/
日本史段階別デッキ｜Deck 1｜日本史の最重要骨格400語,JH-000121,121,Deck 1｜骨格・基礎,戦争・争乱,文禄・慶長の役,ぶんろく・けいちょうのえき,朝鮮出兵|豊臣秀吉の朝鮮侵略,近世,東アジア,朝鮮半島・明との戦争,1592〜1598年,1592,JH-000121-B03,beginner,関係勢力,actor,文禄・慶長の役で日本軍と戦った主な二つの勢力は？,朝鮮・明,朝鮮・明,,,,国立公文書館 アジア歴史資料センター,https://www.jacar.go.jp/
日本史段階別デッキ｜Deck 1｜日本史の最重要骨格400語,JH-000121,121,Deck 1｜骨格・基礎,戦争・争乱,文禄・慶長の役,ぶんろく・けいちょうのえき,朝鮮出兵|豊臣秀吉の朝鮮侵略,近世,東アジア,朝鮮半島・明との戦争,1592〜1598年,1592,JH-000121-R01,reverse,時期,time,戦われたのはいつ？,**1592〜1598年**,1592〜1598年,,,1592〜1598年：「以後国」（1592）年から「以後苦は」（1598）年までの文禄・慶長の役,国立公文書館 アジア歴史資料センター,https://www.jacar.go.jp/
日本史段階別デッキ｜Deck 1｜日本史の最重要骨格400語,JH-000121,121,Deck 1｜骨格・基礎,戦争・争乱,文禄・慶長の役,ぶんろく・けいちょうのえき,朝鮮出兵|豊臣秀吉の朝鮮侵略,近世,東アジア,朝鮮半島・明との戦争,1592〜1598年,1592,JH-000121-R02,reverse,複合説明,reverse,何が起きた？,豊臣秀吉が明征服を構想し、日本の大名軍を二度にわたり**朝鮮半島**へ侵攻させ、朝鮮・明と戦った戦争。,豊臣秀吉|朝鮮半島|明|侵攻|撤兵|豊臣政権,,,,国立公文書館 アジア歴史資料センター,https://www.jacar.go.jp/
日本史段階別デッキ｜Deck 1｜日本史の最重要骨格400語,JH-000121,121,Deck 1｜骨格・基礎,戦争・争乱,文禄・慶長の役,ぶんろく・けいちょうのえき,朝鮮出兵|豊臣秀吉の朝鮮侵略,近世,東アジア,朝鮮半島・明との戦争,1592〜1598年,1592,JH-000121-R03,reverse,結果・関連,reverse,何につながった・どんな意味があった？,朝鮮社会へ甚大な被害を与え、日本の大名にも負担を課し、秀吉の死後に**撤兵**して豊臣政権の弱体化につながった。,豊臣秀吉|朝鮮半島|明|侵攻|撤兵|豊臣政権,,,,国立公文書館 アジア歴史資料センター,https://www.jacar.go.jp/
日本史段階別デッキ｜Deck 1｜日本史の最重要骨格400語,JH-000121,121,Deck 1｜骨格・基礎,戦争・争乱,文禄・慶長の役,ぶんろく・けいちょうのえき,朝鮮出兵|豊臣秀吉の朝鮮侵略,近世,東アジア,朝鮮半島・明との戦争,1592〜1598年,1592,JH-000121-I01,integrated,統合説明,integrated,「文禄・慶長の役」について説明せよ。,1592〜1598年、朝鮮半島・明との戦争を主な舞台として、豊臣秀吉が明征服を構想し、日本の大名軍を二度にわたり**朝鮮半島**へ侵攻させ、朝鮮・明と戦った戦争。 朝鮮社会へ甚大な被害を与え、日本の大名にも負担を課し、秀吉の死後に**撤兵**して豊臣政権の弱体化につながった。,豊臣秀吉|朝鮮半島|明|侵攻|撤兵|豊臣政権,,,1592〜1598年：「以後国」（1592）年から「以後苦は」（1598）年までの文禄・慶長の役,国立公文書館 アジア歴史資料センター,https://www.jacar.go.jp/
日本史段階別デッキ｜Deck 1｜日本史の最重要骨格400語,JH-000010,10,Deck 1｜骨格・基礎,人物,徳川家康,とくがわいえやす,,近世,日本全国,三河・江戸を中心とする全国,戦国時代〜江戸時代初期,1600,JH-000010-B01,beginner,用語の特定,identify,関ヶ原の戦い(せきがはらのたたかい)で勝利し、征夷大将軍(せいいたいしょうぐん)となって江戸幕府を開いた人物は？,徳川家康,徳川家康,,,,国立歴史民俗博物館「第3展示室 近世」,https://www.rekihaku.ac.jp/exhibitions/room3/
日本史段階別デッキ｜Deck 1｜日本史の最重要骨格400語,JH-000010,10,Deck 1｜骨格・基礎,人物,徳川家康,とくがわいえやす,,近世,日本全国,三河・江戸を中心とする全国,戦国時代〜江戸時代初期,1600,JH-000010-B02,beginner,時期,time,徳川家康が主に活動したのはいつ？,戦国時代〜江戸時代初期,戦国時代〜江戸時代初期,,,,国立歴史民俗博物館「第3展示室 近世」,https://www.rekihaku.ac.jp/exhibitions/room3/
日本史段階別デッキ｜Deck 1｜日本史の最重要骨格400語,JH-000010,10,Deck 1｜骨格・基礎,人物,徳川家康,とくがわいえやす,,近世,日本全国,三河・江戸を中心とする全国,戦国時代〜江戸時代初期,1600,JH-000010-B03,beginner,政権,relation,徳川家康が開いた武家政権は？,江戸幕府,江戸幕府,,,,国立歴史民俗博物館「第3展示室 近世」,https://www.rekihaku.ac.jp/exhibitions/room3/
日本史段階別デッキ｜Deck 1｜日本史の最重要骨格400語,JH-000010,10,Deck 1｜骨格・基礎,人物,徳川家康,とくがわいえやす,,近世,日本全国,三河・江戸を中心とする全国,戦国時代〜江戸時代初期,1600,JH-000010-R01,reverse,時期,time,主に活動したのはいつ？,**戦国時代〜江戸時代初期**,戦国時代〜江戸時代初期,,,,国立歴史民俗博物館「第3展示室 近世」,https://www.rekihaku.ac.jp/exhibitions/room3/
日本史段階別デッキ｜Deck 1｜日本史の最重要骨格400語,JH-000010,10,Deck 1｜骨格・基礎,人物,徳川家康,とくがわいえやす,,近世,日本全国,三河・江戸を中心とする全国,戦国時代〜江戸時代初期,1600,JH-000010-R02,reverse,複合説明,reverse,何をした？,三河を基盤に勢力を伸ばし、関ヶ原の戦い(せきがはらのたたかい)で勝利した後、江戸で**江戸幕府**を開いた人物。,三河|関ヶ原の戦い|征夷大将軍|江戸幕府|大坂の陣|幕藩体制,,,,国立歴史民俗博物館「第3展示室 近世」,https://www.rekihaku.ac.jp/exhibitions/room3/
日本史段階別デッキ｜Deck 1｜日本史の最重要骨格400語,JH-000010,10,Deck 1｜骨格・基礎,人物,徳川家康,とくがわいえやす,,近世,日本全国,三河・江戸を中心とする全国,戦国時代〜江戸時代初期,1600,JH-000010-R03,reverse,結果・関連,reverse,何につながった・どんな意味があった？,**大坂の陣**で豊臣氏を滅ぼし、幕藩体制と徳川氏による長期政権の基礎を築いた。,三河|関ヶ原の戦い|征夷大将軍|江戸幕府|大坂の陣|幕藩体制,,,,国立歴史民俗博物館「第3展示室 近世」,https://www.rekihaku.ac.jp/exhibitions/room3/
日本史段階別デッキ｜Deck 1｜日本史の最重要骨格400語,JH-000010,10,Deck 1｜骨格・基礎,人物,徳川家康,とくがわいえやす,,近世,日本全国,三河・江戸を中心とする全国,戦国時代〜江戸時代初期,1600,JH-000010-I01,integrated,統合説明,integrated,「徳川家康」について説明せよ。,戦国時代〜江戸時代初期、三河・江戸を中心とする全国を主な舞台として、三河を基盤に勢力を伸ばし、関ヶ原の戦い(せきがはらのたたかい)で勝利した後、江戸で**江戸幕府**を開いた人物。 **大坂の陣**で豊臣氏を滅ぼし、幕藩体制と徳川氏による長期政権の基礎を築いた。,三河|関ヶ原の戦い|征夷大将軍|江戸幕府|大坂の陣|幕藩体制,,,,国立歴史民俗博物館「第3展示室 近世」,https://www.rekihaku.ac.jp/exhibitions/room3/
日本史段階別デッキ｜Deck 1｜日本史の最重要骨格400語,JH-000031,31,Deck 1｜骨格・基礎,戦争・争乱,関ヶ原の戦い,せきがはらのたたかい,,近世,中部,美濃国・関ヶ原,1600年,1600,JH-000031-B01,beginner,用語の特定,identify,徳川家康率いる東軍が石田三成(いしだみつなり)らの西軍を破り、全国支配の主導権を握った戦いは？,関ヶ原の戦い(せきがはらのたたかい),関ヶ原の戦い,,,,国立歴史民俗博物館「第3展示室 近世」,https://www.rekihaku.ac.jp/exhibitions/room3/
日本史段階別デッキ｜Deck 1｜日本史の最重要骨格400語,JH-000031,31,Deck 1｜骨格・基礎,戦争・争乱,関ヶ原の戦い,せきがはらのたたかい,,近世,中部,美濃国・関ヶ原,1600年,1600,JH-000031-B02,beginner,時期,time,関ヶ原の戦い(せきがはらのたたかい)が戦われたのはいつ？,1600年,1600年,,,1600年：「ヒーロー丸々」（1600）関ヶ原の戦い,国立歴史民俗博物館「第3展示室 近世」,https://www.rekihaku.ac.jp/exhibitions/room3/
日本史段階別デッキ｜Deck 1｜日本史の最重要骨格400語,JH-000031,31,Deck 1｜骨格・基礎,戦争・争乱,関ヶ原の戦い,せきがはらのたたかい,,近世,中部,美濃国・関ヶ原,1600年,1600,JH-000031-B03,beginner,人物,person,関ヶ原の戦い(せきがはらのたたかい)で東軍を率いた人物は？,徳川家康,徳川家康,,,,国立歴史民俗博物館「第3展示室 近世」,https://www.rekihaku.ac.jp/exhibitions/room3/
日本史段階別デッキ｜Deck 1｜日本史の最重要骨格400語,JH-000031,31,Deck 1｜骨格・基礎,戦争・争乱,関ヶ原の戦い,せきがはらのたたかい,,近世,中部,美濃国・関ヶ原,1600年,1600,JH-000031-R01,reverse,時期,time,戦われたのはいつ？,**1600年**,1600年,,,1600年：「ヒーロー丸々」（1600）関ヶ原の戦い,国立歴史民俗博物館「第3展示室 近世」,https://www.rekihaku.ac.jp/exhibitions/room3/
日本史段階別デッキ｜Deck 1｜日本史の最重要骨格400語,JH-000031,31,Deck 1｜骨格・基礎,戦争・争乱,関ヶ原の戦い,せきがはらのたたかい,,近世,中部,美濃国・関ヶ原,1600年,1600,JH-000031-R02,reverse,複合説明,reverse,何が起きた？,美濃国関ヶ原で、**徳川家康**率いる東軍が石田三成(いしだみつなり)らの西軍を破った全国規模の戦い。,徳川家康|石田三成|東軍|西軍|大名配置|江戸幕府,,,,国立歴史民俗博物館「第3展示室 近世」,https://www.rekihaku.ac.jp/exhibitions/room3/
日本史段階別デッキ｜Deck 1｜日本史の最重要骨格400語,JH-000031,31,Deck 1｜骨格・基礎,戦争・争乱,関ヶ原の戦い,せきがはらのたたかい,,近世,中部,美濃国・関ヶ原,1600年,1600,JH-000031-R03,reverse,結果・関連,reverse,何につながった・どんな意味があった？,**徳川家康**が大名配置を再編して全国支配の主導権を握り、江戸幕府成立へ直結した。,徳川家康|石田三成|東軍|西軍|大名配置|江戸幕府,,,,国立歴史民俗博物館「第3展示室 近世」,https://www.rekihaku.ac.jp/exhibitions/room3/
日本史段階別デッキ｜Deck 1｜日本史の最重要骨格400語,JH-000031,31,Deck 1｜骨格・基礎,戦争・争乱,関ヶ原の戦い,せきがはらのたたかい,,近世,中部,美濃国・関ヶ原,1600年,1600,JH-000031-I01,integrated,統合説明,integrated,「関ヶ原の戦い(せきがはらのたたかい)」について説明せよ。,1600年、美濃国・関ヶ原を主な舞台として、美濃国関ヶ原で、**徳川家康**率いる東軍が石田三成(いしだみつなり)らの西軍を破った全国規模の戦い。 **徳川家康**が大名配置を再編して全国支配の主導権を握り、江戸幕府成立へ直結した。,徳川家康|石田三成|東軍|西軍|大名配置|江戸幕府,,,1600年：「ヒーロー丸々」（1600）関ヶ原の戦い,国立歴史民俗博物館「第3展示室 近世」,https://www.rekihaku.ac.jp/exhibitions/room3/
日本史段階別デッキ｜Deck 1｜日本史の最重要骨格400語,JH-000037,37,Deck 1｜骨格・基礎,土地制度・租税,村請制,むらうけせい,,近世,日本全国,各地の村,江戸時代,1600,JH-000037-B01,beginner,用語の特定,identify,村全体が年貢納入の責任を負い、村役人を通じて徴収・納付した制度は？,村請制(むらうけせい),村請制,,,,国立歴史民俗博物館「第3展示室 近世」,https://www.rekihaku.ac.jp/exhibitions/room3/
日本史段階別デッキ｜Deck 1｜日本史の最重要骨格400語,JH-000037,37,Deck 1｜骨格・基礎,土地制度・租税,村請制,むらうけせい,,近世,日本全国,各地の村,江戸時代,1600,JH-000037-B02,beginner,時期,time,村請制(むらうけせい)が成立・実施されたのはいつ？,江戸時代,江戸時代,,,,国立歴史民俗博物館「第3展示室 近世」,https://www.rekihaku.ac.jp/exhibitions/room3/
日本史段階別デッキ｜Deck 1｜日本史の最重要骨格400語,JH-000037,37,Deck 1｜骨格・基礎,土地制度・租税,村請制,むらうけせい,,近世,日本全国,各地の村,江戸時代,1600,JH-000037-B03,beginner,主体,actor,村請制(むらうけせい)で年貢納入の責任を負った単位は？,村,村,,,,国立歴史民俗博物館「第3展示室 近世」,https://www.rekihaku.ac.jp/exhibitions/room3/
日本史段階別デッキ｜Deck 1｜日本史の最重要骨格400語,JH-000037,37,Deck 1｜骨格・基礎,土地制度・租税,村請制,むらうけせい,,近世,日本全国,各地の村,江戸時代,1600,JH-000037-R01,reverse,時期,time,成立・実施されたのはいつ？,**江戸時代**,江戸時代,,,,国立歴史民俗博物館「第3展示室 近世」,https://www.rekihaku.ac.jp/exhibitions/room3/
日本史段階別デッキ｜Deck 1｜日本史の最重要骨格400語,JH-000037,37,Deck 1｜骨格・基礎,土地制度・租税,村請制,むらうけせい,,近世,日本全国,各地の村,江戸時代,1600,JH-000037-R02,reverse,複合説明,reverse,どんな制度？,江戸時代の各村が、名主・庄屋などの村役人を通じて**村全体**で年貢納入の責任を負う制度。,村|年貢|名主|庄屋|村役人|自治|相互統制,,,,国立歴史民俗博物館「第3展示室 近世」,https://www.rekihaku.ac.jp/exhibitions/room3/
日本史段階別デッキ｜Deck 1｜日本史の最重要骨格400語,JH-000037,37,Deck 1｜骨格・基礎,土地制度・租税,村請制,むらうけせい,,近世,日本全国,各地の村,江戸時代,1600,JH-000037-R03,reverse,結果・関連,reverse,何につながった・どんな意味があった？,幕府・藩の徴税費用を抑え、**村**の自治と相互統制を利用して農民支配を安定させた。,村|年貢|名主|庄屋|村役人|自治|相互統制,,,,国立歴史民俗博物館「第3展示室 近世」,https://www.rekihaku.ac.jp/exhibitions/room3/
日本史段階別デッキ｜Deck 1｜日本史の最重要骨格400語,JH-000037,37,Deck 1｜骨格・基礎,土地制度・租税,村請制,むらうけせい,,近世,日本全国,各地の村,江戸時代,1600,JH-000037-I01,integrated,統合説明,integrated,「村請制(むらうけせい)」について説明せよ。,江戸時代、各地の村を主な舞台として、江戸時代の各村が、名主・庄屋などの村役人を通じて**村全体**で年貢納入の責任を負う制度。 幕府・藩の徴税費用を抑え、**村**の自治と相互統制を利用して農民支配を安定させた。,村|年貢|名主|庄屋|村役人|自治|相互統制,,,,国立歴史民俗博物館「第3展示室 近世」,https://www.rekihaku.ac.jp/exhibitions/room3/
日本史段階別デッキ｜Deck 1｜日本史の最重要骨格400語,JH-000123,123,Deck 1｜骨格・基礎,民族・身分・社会集団,大名,だいみょう,,近世,日本全国,各藩・領国,戦国時代〜江戸時代,1600,JH-000123-B01,beginner,用語の特定,identify,江戸時代、原則1万石以上の領地を将軍から認められ、藩を支配した武士は？,大名,大名,,,,国立歴史民俗博物館「第3展示室 近世」,https://www.rekihaku.ac.jp/exhibitions/room3/
日本史段階別デッキ｜Deck 1｜日本史の最重要骨格400語,JH-000123,123,Deck 1｜骨格・基礎,民族・身分・社会集団,大名,だいみょう,,近世,日本全国,各藩・領国,戦国時代〜江戸時代,1600,JH-000123-B02,beginner,時期,time,大名が歴史上重要になるのはいつ？,戦国時代〜江戸時代,戦国時代〜江戸時代,,,,国立歴史民俗博物館「第3展示室 近世」,https://www.rekihaku.ac.jp/exhibitions/room3/
日本史段階別デッキ｜Deck 1｜日本史の最重要骨格400語,JH-000123,123,Deck 1｜骨格・基礎,民族・身分・社会集団,大名,だいみょう,,近世,日本全国,各藩・領国,戦国時代〜江戸時代,1600,JH-000123-B03,beginner,基準,content,大名とみなされる石高の基準は原則いくら以上？,1万石以上,1万石以上,,,,国立歴史民俗博物館「第3展示室 近世」,https://www.rekihaku.ac.jp/exhibitions/room3/
日本史段階別デッキ｜Deck 1｜日本史の最重要骨格400語,JH-000123,123,Deck 1｜骨格・基礎,民族・身分・社会集団,大名,だいみょう,,近世,日本全国,各藩・領国,戦国時代〜江戸時代,1600,JH-000123-R01,reverse,時期,time,歴史上重要になるのはいつ？,**戦国時代〜江戸時代**,戦国時代〜江戸時代,,,,国立歴史民俗博物館「第3展示室 近世」,https://www.rekihaku.ac.jp/exhibitions/room3/
日本史段階別デッキ｜Deck 1｜日本史の最重要骨格400語,JH-000123,123,Deck 1｜骨格・基礎,民族・身分・社会集団,大名,だいみょう,,近世,日本全国,各藩・領国,戦国時代〜江戸時代,1600,JH-000123-R02,reverse,複合説明,reverse,どのような人々・集団？,江戸時代に原則**1万石以上**の領地を将軍から認められ、家臣団を率いて藩を支配した武士。,1万石以上|藩|親藩|譜代大名|外様大名|武家諸法度|参勤交代,,,,国立歴史民俗博物館「第3展示室 近世」,https://www.rekihaku.ac.jp/exhibitions/room3/
日本史段階別デッキ｜Deck 1｜日本史の最重要骨格400語,JH-000123,123,Deck 1｜骨格・基礎,民族・身分・社会集団,大名,だいみょう,,近世,日本全国,各藩・領国,戦国時代〜江戸時代,1600,JH-000123-R03,reverse,結果・関連,reverse,何につながった・どんな意味があった？,親**藩**・譜代・外様に区分され、武家諸法度(ぶけしょはっと)と参勤交代によって幕府の統制を受けた。,1万石以上|藩|親藩|譜代大名|外様大名|武家諸法度|参勤交代,,,,国立歴史民俗博物館「第3展示室 近世」,https://www.rekihaku.ac.jp/exhibitions/room3/
日本史段階別デッキ｜Deck 1｜日本史の最重要骨格400語,JH-000123,123,Deck 1｜骨格・基礎,民族・身分・社会集団,大名,だいみょう,,近世,日本全国,各藩・領国,戦国時代〜江戸時代,1600,JH-000123-I01,integrated,統合説明,integrated,「大名」について説明せよ。,戦国時代〜江戸時代、各藩・領国を主な舞台として、江戸時代に原則**1万石以上**の領地を将軍から認められ、家臣団を率いて藩を支配した武士。 親**藩**・譜代・外様に区分され、武家諸法度(ぶけしょはっと)と参勤交代によって幕府の統制を受けた。,1万石以上|藩|親藩|譜代大名|外様大名|武家諸法度|参勤交代,,,,国立歴史民俗博物館「第3展示室 近世」,https://www.rekihaku.ac.jp/exhibitions/room3/
日本史段階別デッキ｜Deck 1｜日本史の最重要骨格400語,JH-000124,124,Deck 1｜骨格・基礎,民族・身分・社会集団,親藩,しんぱん,,近世,日本全国,尾張・紀伊・水戸など,江戸時代,1600,JH-000124-B01,beginner,用語の特定,identify,徳川氏の一族で、御三家(ごさんけ)などを含む江戸時代の大名区分は？,親藩,親藩,,,,国立歴史民俗博物館「第3展示室 近世」,https://www.rekihaku.ac.jp/exhibitions/room3/
日本史段階別デッキ｜Deck 1｜日本史の最重要骨格400語,JH-000124,124,Deck 1｜骨格・基礎,民族・身分・社会集団,親藩,しんぱん,,近世,日本全国,尾張・紀伊・水戸など,江戸時代,1600,JH-000124-B02,beginner,時期,time,親藩が歴史上重要になるのはいつ？,江戸時代,江戸時代,,,,国立歴史民俗博物館「第3展示室 近世」,https://www.rekihaku.ac.jp/exhibitions/room3/
日本史段階別デッキ｜Deck 1｜日本史の最重要骨格400語,JH-000124,124,Deck 1｜骨格・基礎,民族・身分・社会集団,親藩,しんぱん,,近世,日本全国,尾張・紀伊・水戸など,江戸時代,1600,JH-000124-B03,beginner,構成,content,親藩の代表である徳川御三家(ごさんけ)は？,尾張・紀伊・水戸,尾張・紀伊・水戸,,,,国立歴史民俗博物館「第3展示室 近世」,https://www.rekihaku.ac.jp/exhibitions/room3/
日本史段階別デッキ｜Deck 1｜日本史の最重要骨格400語,JH-000124,124,Deck 1｜骨格・基礎,民族・身分・社会集団,親藩,しんぱん,,近世,日本全国,尾張・紀伊・水戸など,江戸時代,1600,JH-000124-R01,reverse,時期,time,歴史上重要になるのはいつ？,**江戸時代**,江戸時代,,,,国立歴史民俗博物館「第3展示室 近世」,https://www.rekihaku.ac.jp/exhibitions/room3/
日本史段階別デッキ｜Deck 1｜日本史の最重要骨格400語,JH-000124,124,Deck 1｜骨格・基礎,民族・身分・社会集団,親藩,しんぱん,,近世,日本全国,尾張・紀伊・水戸など,江戸時代,1600,JH-000124-R02,reverse,複合説明,reverse,どのような人々・集団？,徳川氏の一族にあたる大名で、尾張・紀伊・水戸の**御三家(ごさんけ)**などが各地に配置された。,徳川氏|御三家|尾張|紀伊|水戸|譜代大名,,,,国立歴史民俗博物館「第3展示室 近世」,https://www.rekihaku.ac.jp/exhibitions/room3/
日本史段階別デッキ｜Deck 1｜日本史の最重要骨格400語,JH-000124,124,Deck 1｜骨格・基礎,民族・身分・社会集団,親藩,しんぱん,,近世,日本全国,尾張・紀伊・水戸など,江戸時代,1600,JH-000124-R03,reverse,結果・関連,reverse,何につながった・どんな意味があった？,将軍家を支える血縁勢力とされたが、幕府の重要職は主に**譜代大名(ふだいだいみょう)**が担った。,徳川氏|御三家|尾張|紀伊|水戸|譜代大名,,,,国立歴史民俗博物館「第3展示室 近世」,https://www.rekihaku.ac.jp/exhibitions/room3/
日本史段階別デッキ｜Deck 1｜日本史の最重要骨格400語,JH-000124,124,Deck 1｜骨格・基礎,民族・身分・社会集団,親藩,しんぱん,,近世,日本全国,尾張・紀伊・水戸など,江戸時代,1600,JH-000124-I01,integrated,統合説明,integrated,「親藩」について説明せよ。,江戸時代、尾張・紀伊・水戸などを主な舞台として、徳川氏の一族にあたる大名で、尾張・紀伊・水戸の**御三家(ごさんけ)**などが各地に配置された。 将軍家を支える血縁勢力とされたが、幕府の重要職は主に**譜代大名(ふだいだいみょう)**が担った。,徳川氏|御三家|尾張|紀伊|水戸|譜代大名,,,,国立歴史民俗博物館「第3展示室 近世」,https://www.rekihaku.ac.jp/exhibitions/room3/
日本史段階別デッキ｜Deck 1｜日本史の最重要骨格400語,JH-000125,125,Deck 1｜骨格・基礎,民族・身分・社会集団,譜代大名,ふだいだいみょう,,近世,日本全国,江戸周辺・要地,江戸時代,1600,JH-000125-B01,beginner,用語の特定,identify,関ヶ原以前から徳川氏に仕え、老中など幕府の要職に就いた大名は？,譜代大名(ふだいだいみょう),譜代大名,,,,国立歴史民俗博物館「第3展示室 近世」,https://www.rekihaku.ac.jp/exhibitions/room3/
日本史段階別デッキ｜Deck 1｜日本史の最重要骨格400語,JH-000125,125,Deck 1｜骨格・基礎,民族・身分・社会集団,譜代大名,ふだいだいみょう,,近世,日本全国,江戸周辺・要地,江戸時代,1600,JH-000125-B02,beginner,時期,time,譜代大名(ふだいだいみょう)が歴史上重要になるのはいつ？,江戸時代,江戸時代,,,,国立歴史民俗博物館「第3展示室 近世」,https://www.rekihaku.ac.jp/exhibitions/room3/
日本史段階別デッキ｜Deck 1｜日本史の最重要骨格400語,JH-000125,125,Deck 1｜骨格・基礎,民族・身分・社会集団,譜代大名,ふだいだいみょう,,近世,日本全国,江戸周辺・要地,江戸時代,1600,JH-000125-B03,beginner,役職,content,譜代大名(ふだいだいみょう)が主に就任した幕府の重要職は？,老中,老中,,,,国立歴史民俗博物館「第3展示室 近世」,https://www.rekihaku.ac.jp/exhibitions/room3/
日本史段階別デッキ｜Deck 1｜日本史の最重要骨格400語,JH-000125,125,Deck 1｜骨格・基礎,民族・身分・社会集団,譜代大名,ふだいだいみょう,,近世,日本全国,江戸周辺・要地,江戸時代,1600,JH-000125-R01,reverse,時期,time,歴史上重要になるのはいつ？,**江戸時代**,江戸時代,,,,国立歴史民俗博物館「第3展示室 近世」,https://www.rekihaku.ac.jp/exhibitions/room3/
日本史段階別デッキ｜Deck 1｜日本史の最重要骨格400語,JH-000125,125,Deck 1｜骨格・基礎,民族・身分・社会集団,譜代大名,ふだいだいみょう,,近世,日本全国,江戸周辺・要地,江戸時代,1600,JH-000125-R02,reverse,複合説明,reverse,どのような人々・集団？,**関ヶ原の戦い(せきがはらのたたかい)**以前から徳川氏に仕えた家臣系の大名で、江戸周辺や交通・軍事の要地へ配置された。,関ヶ原の戦い|徳川氏|老中|江戸周辺|要地|幕政,,,,国立歴史民俗博物館「第3展示室 近世」,https://www.rekihaku.ac.jp/exhibitions/room3/
日本史段階別デッキ｜Deck 1｜日本史の最重要骨格400語,JH-000125,125,Deck 1｜骨格・基礎,民族・身分・社会集団,譜代大名,ふだいだいみょう,,近世,日本全国,江戸周辺・要地,江戸時代,1600,JH-000125-R03,reverse,結果・関連,reverse,何につながった・どんな意味があった？,石高は比較的小さくても**老中**など幕府の要職を担い、将軍の全国支配を支えた。,関ヶ原の戦い|徳川氏|老中|江戸周辺|要地|幕政,,,,国立歴史民俗博物館「第3展示室 近世」,https://www.rekihaku.ac.jp/exhibitions/room3/
日本史段階別デッキ｜Deck 1｜日本史の最重要骨格400語,JH-000125,125,Deck 1｜骨格・基礎,民族・身分・社会集団,譜代大名,ふだいだいみょう,,近世,日本全国,江戸周辺・要地,江戸時代,1600,JH-000125-I01,integrated,統合説明,integrated,「譜代大名(ふだいだいみょう)」について説明せよ。,江戸時代、江戸周辺・要地を主な舞台として、**関ヶ原の戦い(せきがはらのたたかい)**以前から徳川氏に仕えた家臣系の大名で、江戸周辺や交通・軍事の要地へ配置された。 石高は比較的小さくても**老中**など幕府の要職を担い、将軍の全国支配を支えた。,関ヶ原の戦い|徳川氏|老中|江戸周辺|要地|幕政,,,,国立歴史民俗博物館「第3展示室 近世」,https://www.rekihaku.ac.jp/exhibitions/room3/
日本史段階別デッキ｜Deck 1｜日本史の最重要骨格400語,JH-000126,126,Deck 1｜骨格・基礎,民族・身分・社会集団,外様大名,とざまだいみょう,,近世,日本全国,西日本・東北など,江戸時代,1600,JH-000126-B01,beginner,用語の特定,identify,関ヶ原前後に徳川氏へ服属し、原則として幕府中枢の要職から遠ざけられた大名は？,外様大名,外様大名,,,,国立歴史民俗博物館「第3展示室 近世」,https://www.rekihaku.ac.jp/exhibitions/room3/
日本史段階別デッキ｜Deck 1｜日本史の最重要骨格400語,JH-000126,126,Deck 1｜骨格・基礎,民族・身分・社会集団,外様大名,とざまだいみょう,,近世,日本全国,西日本・東北など,江戸時代,1600,JH-000126-B02,beginner,時期,time,外様大名が歴史上重要になるのはいつ？,江戸時代,江戸時代,,,,国立歴史民俗博物館「第3展示室 近世」,https://www.rekihaku.ac.jp/exhibitions/room3/
日本史段階別デッキ｜Deck 1｜日本史の最重要骨格400語,JH-000126,126,Deck 1｜骨格・基礎,民族・身分・社会集団,外様大名,とざまだいみょう,,近世,日本全国,西日本・東北など,江戸時代,1600,JH-000126-B03,beginner,代表,actor,外様大名の代表的な有力大名を一つ答えよ。,島津氏,島津氏,毛利氏|伊達氏|前田氏,,,国立歴史民俗博物館「第3展示室 近世」,https://www.rekihaku.ac.jp/exhibitions/room3/
日本史段階別デッキ｜Deck 1｜日本史の最重要骨格400語,JH-000126,126,Deck 1｜骨格・基礎,民族・身分・社会集団,外様大名,とざまだいみょう,,近世,日本全国,西日本・東北など,江戸時代,1600,JH-000126-R01,reverse,時期,time,歴史上重要になるのはいつ？,**江戸時代**,江戸時代,,,,国立歴史民俗博物館「第3展示室 近世」,https://www.rekihaku.ac.jp/exhibitions/room3/
日本史段階別デッキ｜Deck 1｜日本史の最重要骨格400語,JH-000126,126,Deck 1｜骨格・基礎,民族・身分・社会集団,外様大名,とざまだいみょう,,近世,日本全国,西日本・東北など,江戸時代,1600,JH-000126-R02,reverse,複合説明,reverse,どのような人々・集団？,**関ヶ原の戦い(せきがはらのたたかい)**前後に徳川氏へ服属した大名で、島津・毛利・伊達・前田氏などが西日本や東北などに大領を持った。,関ヶ原の戦い|島津氏|毛利氏|伊達氏|前田氏|幕末,,,,国立歴史民俗博物館「第3展示室 近世」,https://www.rekihaku.ac.jp/exhibitions/room3/
日本史段階別デッキ｜Deck 1｜日本史の最重要骨格400語,JH-000126,126,Deck 1｜骨格・基礎,民族・身分・社会集団,外様大名,とざまだいみょう,,近世,日本全国,西日本・東北など,江戸時代,1600,JH-000126-R03,reverse,結果・関連,reverse,何につながった・どんな意味があった？,幕府中枢の要職から原則外されたが強い領国基盤を保ち、**幕末**の政治変動で大きな役割を果たした。,関ヶ原の戦い|島津氏|毛利氏|伊達氏|前田氏|幕末,,,,国立歴史民俗博物館「第3展示室 近世」,https://www.rekihaku.ac.jp/exhibitions/room3/
日本史段階別デッキ｜Deck 1｜日本史の最重要骨格400語,JH-000126,126,Deck 1｜骨格・基礎,民族・身分・社会集団,外様大名,とざまだいみょう,,近世,日本全国,西日本・東北など,江戸時代,1600,JH-000126-I01,integrated,統合説明,integrated,「外様大名」について説明せよ。,江戸時代、西日本・東北などを主な舞台として、**関ヶ原の戦い(せきがはらのたたかい)**前後に徳川氏へ服属した大名で、島津・毛利・伊達・前田氏などが西日本や東北などに大領を持った。 幕府中枢の要職から原則外されたが強い領国基盤を保ち、**幕末**の政治変動で大きな役割を果たした。,関ヶ原の戦い|島津氏|毛利氏|伊達氏|前田氏|幕末,,,,国立歴史民俗博物館「第3展示室 近世」,https://www.rekihaku.ac.jp/exhibitions/room3/
日本史段階別デッキ｜Deck 1｜日本史の最重要骨格400語,JH-000276,276,Deck 1｜骨格・基礎,民族・身分・社会集団,被差別身分,ひさべつみぶん,,近世,日本全国,各地の村・町の周縁,江戸時代,1600,JH-000276-B01,beginner,用語の特定,identify,江戸時代、皮革業・刑吏など特定の職務を担わされ、居住・職業・交際で差別された人々の身分を何という？,被差別身分,被差別身分,,当時の呼称は史料上の歴史用語であり、現代の人を指して用いない。,,国立歴史民俗博物館「第3展示室 近世」,https://www.rekihaku.ac.jp/exhibitions/room3/
日本史段階別デッキ｜Deck 1｜日本史の最重要骨格400語,JH-000276,276,Deck 1｜骨格・基礎,民族・身分・社会集団,被差別身分,ひさべつみぶん,,近世,日本全国,各地の村・町の周縁,江戸時代,1600,JH-000276-B02,beginner,時期,time,被差別身分が歴史上重要になるのはいつ？,江戸時代,江戸時代,,当時の呼称は史料上の歴史用語であり、現代の人を指して用いない。,,国立歴史民俗博物館「第3展示室 近世」,https://www.rekihaku.ac.jp/exhibitions/room3/
日本史段階別デッキ｜Deck 1｜日本史の最重要骨格400語,JH-000276,276,Deck 1｜骨格・基礎,民族・身分・社会集団,被差別身分,ひさべつみぶん,,近世,日本全国,各地の村・町の周縁,江戸時代,1600,JH-000276-B03,beginner,職業,content,被差別身分の人々が強制・独占的に担わされた代表的な仕事は？,皮革業・刑吏,皮革業・刑吏,,当時の呼称は史料上の歴史用語であり、現代の人を指して用いない。,,国立歴史民俗博物館「第3展示室 近世」,https://www.rekihaku.ac.jp/exhibitions/room3/
日本史段階別デッキ｜Deck 1｜日本史の最重要骨格400語,JH-000276,276,Deck 1｜骨格・基礎,民族・身分・社会集団,被差別身分,ひさべつみぶん,,近世,日本全国,各地の村・町の周縁,江戸時代,1600,JH-000276-R01,reverse,時期,time,歴史上重要になるのはいつ？,**江戸時代**,江戸時代,,当時の呼称は史料上の歴史用語であり、現代の人を指して用いない。,,国立歴史民俗博物館「第3展示室 近世」,https://www.rekihaku.ac.jp/exhibitions/room3/
日本史段階別デッキ｜Deck 1｜日本史の最重要骨格400語,JH-000276,276,Deck 1｜骨格・基礎,民族・身分・社会集団,被差別身分,ひさべつみぶん,,近世,日本全国,各地の村・町の周縁,江戸時代,1600,JH-000276-R02,reverse,複合説明,reverse,どのような人々・集団？,江戸時代の各地で、皮革業や刑吏など特定の職務を担わされ、居住・職業・交際などで**制度的差別**を受けた人々の身分。,皮革業|刑吏|制度的差別|共同体|解放令|社会的差別,,当時の呼称は史料上の歴史用語であり、現代の人を指して用いない。,,国立歴史民俗博物館「第3展示室 近世」,https://www.rekihaku.ac.jp/exhibitions/room3/
日本史段階別デッキ｜Deck 1｜日本史の最重要骨格400語,JH-000276,276,Deck 1｜骨格・基礎,民族・身分・社会集団,被差別身分,ひさべつみぶん,,近世,日本全国,各地の村・町の周縁,江戸時代,1600,JH-000276-R03,reverse,結果・関連,reverse,何につながった・どんな意味があった？,身分制の最下層として固定的に扱われたが、独自の**共同体**と生業を営み、明治の解放令後も社会的差別が残った。,皮革業|刑吏|制度的差別|共同体|解放令|社会的差別,,当時の呼称は史料上の歴史用語であり、現代の人を指して用いない。,,国立歴史民俗博物館「第3展示室 近世」,https://www.rekihaku.ac.jp/exhibitions/room3/
日本史段階別デッキ｜Deck 1｜日本史の最重要骨格400語,JH-000276,276,Deck 1｜骨格・基礎,民族・身分・社会集団,被差別身分,ひさべつみぶん,,近世,日本全国,各地の村・町の周縁,江戸時代,1600,JH-000276-I01,integrated,統合説明,integrated,「被差別身分」について説明せよ。,江戸時代、各地の村・町の周縁を主な舞台として、江戸時代の各地で、皮革業や刑吏など特定の職務を担わされ、居住・職業・交際などで**制度的差別**を受けた人々の身分。 身分制の最下層として固定的に扱われたが、独自の**共同体**と生業を営み、明治の解放令後も社会的差別が残った。,皮革業|刑吏|制度的差別|共同体|解放令|社会的差別,,当時の呼称は史料上の歴史用語であり、現代の人を指して用いない。,,国立歴史民俗博物館「第3展示室 近世」,https://www.rekihaku.ac.jp/exhibitions/room3/
日本史段階別デッキ｜Deck 1｜日本史の最重要骨格400語,JH-000002,2,Deck 1｜骨格・基礎,朝廷・政権・幕府,江戸幕府,えどばくふ,,近世,日本全国,江戸を中心とする全国,1603〜1867年,1603,JH-000002-B01,beginner,用語の特定,identify,徳川家康が江戸に開き、15代にわたり徳川将軍家が続いた武家政権は？,江戸幕府,江戸幕府,,,,国立歴史民俗博物館「第3展示室 近世」,https://www.rekihaku.ac.jp/exhibitions/room3/
日本史段階別デッキ｜Deck 1｜日本史の最重要骨格400語,JH-000002,2,Deck 1｜骨格・基礎,朝廷・政権・幕府,江戸幕府,えどばくふ,,近世,日本全国,江戸を中心とする全国,1603〜1867年,1603,JH-000002-B02,beginner,時期,time,江戸幕府が存在・機能したのはいつ？,1603〜1867年,1603〜1867年,,,1603〜1867年：「ヒーローおっさん」（1603）から「人はむな」（1867）しく終わる江戸幕府,国立歴史民俗博物館「第3展示室 近世」,https://www.rekihaku.ac.jp/exhibitions/room3/
日本史段階別デッキ｜Deck 1｜日本史の最重要骨格400語,JH-000002,2,Deck 1｜骨格・基礎,朝廷・政権・幕府,江戸幕府,えどばくふ,,近世,日本全国,江戸を中心とする全国,1603〜1867年,1603,JH-000002-B03,beginner,人物,person,江戸幕府を開いた人物は？,徳川家康,徳川家康,,,,国立歴史民俗博物館「第3展示室 近世」,https://www.rekihaku.ac.jp/exhibitions/room3/
日本史段階別デッキ｜Deck 1｜日本史の最重要骨格400語,JH-000002,2,Deck 1｜骨格・基礎,朝廷・政権・幕府,江戸幕府,えどばくふ,,近世,日本全国,江戸を中心とする全国,1603〜1867年,1603,JH-000002-R01,reverse,時期,time,存在・機能したのはいつ？,**1603〜1867年**,1603〜1867年,,,1603〜1867年：「ヒーローおっさん」（1603）から「人はむな」（1867）しく終わる江戸幕府,国立歴史民俗博物館「第3展示室 近世」,https://www.rekihaku.ac.jp/exhibitions/room3/
日本史段階別デッキ｜Deck 1｜日本史の最重要骨格400語,JH-000002,2,Deck 1｜骨格・基礎,朝廷・政権・幕府,江戸幕府,えどばくふ,,近世,日本全国,江戸を中心とする全国,1603〜1867年,1603,JH-000002-R02,reverse,複合説明,reverse,何をした？,**徳川家康**が江戸に開き、将軍が大名を統制しながら藩とともに全国を支配した武家政権。,徳川家康|江戸|将軍|大名|武家諸法度|参勤交代|幕藩体制,,,,国立歴史民俗博物館「第3展示室 近世」,https://www.rekihaku.ac.jp/exhibitions/room3/
日本史段階別デッキ｜Deck 1｜日本史の最重要骨格400語,JH-000002,2,Deck 1｜骨格・基礎,朝廷・政権・幕府,江戸幕府,えどばくふ,,近世,日本全国,江戸を中心とする全国,1603〜1867年,1603,JH-000002-R03,reverse,結果・関連,reverse,何につながった・どんな意味があった？,**武家諸法度(ぶけしょはっと)**・参勤交代などで幕藩体制を維持し、長期の平和と経済・文化の発展をもたらしたが、幕末に崩壊した。,徳川家康|江戸|将軍|大名|武家諸法度|参勤交代|幕藩体制,,,,国立歴史民俗博物館「第3展示室 近世」,https://www.rekihaku.ac.jp/exhibitions/room3/
日本史段階別デッキ｜Deck 1｜日本史の最重要骨格400語,JH-000002,2,Deck 1｜骨格・基礎,朝廷・政権・幕府,江戸幕府,えどばくふ,,近世,日本全国,江戸を中心とする全国,1603〜1867年,1603,JH-000002-I01,integrated,統合説明,integrated,「江戸幕府」について説明せよ。,1603〜1867年、江戸を中心とする全国を主な舞台として、**徳川家康**が江戸に開き、将軍が大名を統制しながら藩とともに全国を支配した武家政権。 **武家諸法度(ぶけしょはっと)**・参勤交代などで幕藩体制を維持し、長期の平和と経済・文化の発展をもたらしたが、幕末に崩壊した。,徳川家康|江戸|将軍|大名|武家諸法度|参勤交代|幕藩体制,,,1603〜1867年：「ヒーローおっさん」（1603）から「人はむな」（1867）しく終わる江戸幕府,国立歴史民俗博物館「第3展示室 近世」,https://www.rekihaku.ac.jp/exhibitions/room3/
日本史段階別デッキ｜Deck 1｜日本史の最重要骨格400語,JH-000011,11,Deck 1｜骨格・基礎,朝廷・政権・幕府,幕藩体制,ばくはんたいせい,,近世,日本全国,幕府直轄地と各藩,江戸時代,1603,JH-000011-B01,beginner,用語の特定,identify,江戸幕府と藩が土地・人民を分担支配し、将軍が大名を統制した政治体制は？,幕藩体制,幕藩体制,,,,国立歴史民俗博物館「第3展示室 近世」,https://www.rekihaku.ac.jp/exhibitions/room3/
日本史段階別デッキ｜Deck 1｜日本史の最重要骨格400語,JH-000011,11,Deck 1｜骨格・基礎,朝廷・政権・幕府,幕藩体制,ばくはんたいせい,,近世,日本全国,幕府直轄地と各藩,江戸時代,1603,JH-000011-B02,beginner,時期,time,幕藩体制が存在・機能したのはいつ？,江戸時代,江戸時代,,,,国立歴史民俗博物館「第3展示室 近世」,https://www.rekihaku.ac.jp/exhibitions/room3/
日本史段階別デッキ｜Deck 1｜日本史の最重要骨格400語,JH-000011,11,Deck 1｜骨格・基礎,朝廷・政権・幕府,幕藩体制,ばくはんたいせい,,近世,日本全国,幕府直轄地と各藩,江戸時代,1603,JH-000011-B03,beginner,構成,content,幕藩体制を構成した二つの政治単位は？,幕府・藩,幕府・藩,,,,国立歴史民俗博物館「第3展示室 近世」,https://www.rekihaku.ac.jp/exhibitions/room3/
日本史段階別デッキ｜Deck 1｜日本史の最重要骨格400語,JH-000011,11,Deck 1｜骨格・基礎,朝廷・政権・幕府,幕藩体制,ばくはんたいせい,,近世,日本全国,幕府直轄地と各藩,江戸時代,1603,JH-000011-R01,reverse,時期,time,存在・機能したのはいつ？,**江戸時代**,江戸時代,,,,国立歴史民俗博物館「第3展示室 近世」,https://www.rekihaku.ac.jp/exhibitions/room3/
日本史段階別デッキ｜Deck 1｜日本史の最重要骨格400語,JH-000011,11,Deck 1｜骨格・基礎,朝廷・政権・幕府,幕藩体制,ばくはんたいせい,,近世,日本全国,幕府直轄地と各藩,江戸時代,1603,JH-000011-R02,reverse,複合説明,reverse,何をした？,江戸幕府と各藩がそれぞれ領地・人民を支配し、将軍が大名を統制する**幕府と藩の複合的支配体制**。,幕府|藩|将軍|大名|石高制|武家諸法度|参勤交代,,,,国立歴史民俗博物館「第3展示室 近世」,https://www.rekihaku.ac.jp/exhibitions/room3/
日本史段階別デッキ｜Deck 1｜日本史の最重要骨格400語,JH-000011,11,Deck 1｜骨格・基礎,朝廷・政権・幕府,幕藩体制,ばくはんたいせい,,近世,日本全国,幕府直轄地と各藩,江戸時代,1603,JH-000011-R03,reverse,結果・関連,reverse,何につながった・どんな意味があった？,**石高制(こくだかせい)**・武家諸法度(ぶけしょはっと)・参勤交代などで維持され、近世日本の政治・身分・経済秩序の枠組みとなった。,幕府|藩|将軍|大名|石高制|武家諸法度|参勤交代,,,,国立歴史民俗博物館「第3展示室 近世」,https://www.rekihaku.ac.jp/exhibitions/room3/
日本史段階別デッキ｜Deck 1｜日本史の最重要骨格400語,JH-000011,11,Deck 1｜骨格・基礎,朝廷・政権・幕府,幕藩体制,ばくはんたいせい,,近世,日本全国,幕府直轄地と各藩,江戸時代,1603,JH-000011-I01,integrated,統合説明,integrated,「幕藩体制」について説明せよ。,江戸時代、幕府直轄地と各藩を主な舞台として、江戸幕府と各藩がそれぞれ領地・人民を支配し、将軍が大名を統制する**幕府と藩の複合的支配体制**。 **石高制(こくだかせい)**・武家諸法度(ぶけしょはっと)・参勤交代などで維持され、近世日本の政治・身分・経済秩序の枠組みとなった。,幕府|藩|将軍|大名|石高制|武家諸法度|参勤交代,,,,国立歴史民俗博物館「第3展示室 近世」,https://www.rekihaku.ac.jp/exhibitions/room3/
日本史段階別デッキ｜Deck 1｜日本史の最重要骨格400語,JH-000310,310,Deck 1｜骨格・基礎,文学・美術・建築,歌舞伎,かぶき,,近世,日本全国,京都・大坂・江戸,江戸時代,1603,JH-000310-B01,beginner,用語の特定,identify,出雲阿国のかぶき踊りに始まり、江戸時代に町人の人気を集めた演劇は？,歌舞伎(かぶき),歌舞伎,,,,文化庁「文化遺産オンライン」,https://online.bunka.go.jp/
日本史段階別デッキ｜Deck 1｜日本史の最重要骨格400語,JH-000310,310,Deck 1｜骨格・基礎,文学・美術・建築,歌舞伎,かぶき,,近世,日本全国,京都・大坂・江戸,江戸時代,1603,JH-000310-B02,beginner,時期,time,歌舞伎(かぶき)が成立・制作されたのはいつ？,江戸時代,江戸時代,,,,文化庁「文化遺産オンライン」,https://online.bunka.go.jp/
日本史段階別デッキ｜Deck 1｜日本史の最重要骨格400語,JH-000310,310,Deck 1｜骨格・基礎,文学・美術・建築,歌舞伎,かぶき,,近世,日本全国,京都・大坂・江戸,江戸時代,1603,JH-000310-B03,beginner,人物,person,歌舞伎(かぶき)の始まりとされる踊りを行った人物は？,出雲阿国,出雲阿国,,,,文化庁「文化遺産オンライン」,https://online.bunka.go.jp/
日本史段階別デッキ｜Deck 1｜日本史の最重要骨格400語,JH-000310,310,Deck 1｜骨格・基礎,文学・美術・建築,歌舞伎,かぶき,,近世,日本全国,京都・大坂・江戸,江戸時代,1603,JH-000310-R01,reverse,時期,time,成立・制作されたのはいつ？,**江戸時代**,江戸時代,,,,文化庁「文化遺産オンライン」,https://online.bunka.go.jp/
日本史段階別デッキ｜Deck 1｜日本史の最重要骨格400語,JH-000310,310,Deck 1｜骨格・基礎,文学・美術・建築,歌舞伎,かぶき,,近世,日本全国,京都・大坂・江戸,江戸時代,1603,JH-000310-R02,reverse,複合説明,reverse,どのような作品・様式？,京都で出雲阿国の**かぶき踊り**に始まり、女歌舞伎(かぶき)・若衆歌舞伎(かぶき)の禁止後、成人男性が演じる野郎歌舞伎(かぶき)として発達した演劇。,出雲阿国|かぶき踊り|野郎歌舞伎|江戸|大坂|町人文化|浮世絵,,,,文化庁「文化遺産オンライン」,https://online.bunka.go.jp/
日本史段階別デッキ｜Deck 1｜日本史の最重要骨格400語,JH-000310,310,Deck 1｜骨格・基礎,文学・美術・建築,歌舞伎,かぶき,,近世,日本全国,京都・大坂・江戸,江戸時代,1603,JH-000310-R03,reverse,結果・関連,reverse,何につながった・どんな意味があった？,**江戸**・大坂の町人文化を代表し、役者・劇場・浮世絵など多様な都市文化を生んだ。,出雲阿国|かぶき踊り|野郎歌舞伎|江戸|大坂|町人文化|浮世絵,,,,文化庁「文化遺産オンライン」,https://online.bunka.go.jp/
日本史段階別デッキ｜Deck 1｜日本史の最重要骨格400語,JH-000310,310,Deck 1｜骨格・基礎,文学・美術・建築,歌舞伎,かぶき,,近世,日本全国,京都・大坂・江戸,江戸時代,1603,JH-000310-I01,integrated,統合説明,integrated,「歌舞伎(かぶき)」について説明せよ。,江戸時代、京都・大坂・江戸を主な舞台として、京都で出雲阿国の**かぶき踊り**に始まり、女歌舞伎(かぶき)・若衆歌舞伎(かぶき)の禁止後、成人男性が演じる野郎歌舞伎(かぶき)として発達した演劇。 **江戸**・大坂の町人文化を代表し、役者・劇場・浮世絵など多様な都市文化を生んだ。,出雲阿国|かぶき踊り|野郎歌舞伎|江戸|大坂|町人文化|浮世絵,,,,文化庁「文化遺産オンライン」,https://online.bunka.go.jp/
日本史段階別デッキ｜Deck 1｜日本史の最重要骨格400語,JH-000128,128,Deck 1｜骨格・基礎,経済・産業・交通,朱印船貿易,しゅいんせんぼうえき,,近世,その他,日本と東南アジア,16世紀末〜1630年代,1604,JH-000128-B01,beginner,用語の特定,identify,将軍の朱印状(しゅいんじょう)を持つ日本船が東南アジア各地と行った公認貿易は？,朱印船貿易(しゅいんせんぼうえき),朱印船貿易,,,,国立歴史民俗博物館「第3展示室 近世」,https://www.rekihaku.ac.jp/exhibitions/room3/
日本史段階別デッキ｜Deck 1｜日本史の最重要骨格400語,JH-000128,128,Deck 1｜骨格・基礎,経済・産業・交通,朱印船貿易,しゅいんせんぼうえき,,近世,その他,日本と東南アジア,16世紀末〜1630年代,1604,JH-000128-B02,beginner,時期,time,朱印船貿易(しゅいんせんぼうえき)が行われた・発達したのはいつ？,16世紀末〜1630年代,16世紀末〜1630年代,,,16世紀末〜1630年代：「ひと・む」（16）世紀から「ひと・む・み・まる」（1630）年代までの朱印船貿易,国立歴史民俗博物館「第3展示室 近世」,https://www.rekihaku.ac.jp/exhibitions/room3/
日本史段階別デッキ｜Deck 1｜日本史の最重要骨格400語,JH-000128,128,Deck 1｜骨格・基礎,経済・産業・交通,朱印船貿易,しゅいんせんぼうえき,,近世,その他,日本と東南アジア,16世紀末〜1630年代,1604,JH-000128-B03,beginner,制度,content,朱印船貿易(しゅいんせんぼうえき)の公認証明として船が携帯した文書は？,朱印状(しゅいんじょう),朱印状,,,,国立歴史民俗博物館「第3展示室 近世」,https://www.rekihaku.ac.jp/exhibitions/room3/
日本史段階別デッキ｜Deck 1｜日本史の最重要骨格400語,JH-000128,128,Deck 1｜骨格・基礎,経済・産業・交通,朱印船貿易,しゅいんせんぼうえき,,近世,その他,日本と東南アジア,16世紀末〜1630年代,1604,JH-000128-R01,reverse,時期,time,行われた・発達したのはいつ？,**16世紀末〜1630年代**,16世紀末〜1630年代,,,16世紀末〜1630年代：「ひと・む」（16）世紀から「ひと・む・み・まる」（1630）年代までの朱印船貿易,国立歴史民俗博物館「第3展示室 近世」,https://www.rekihaku.ac.jp/exhibitions/room3/
日本史段階別デッキ｜Deck 1｜日本史の最重要骨格400語,JH-000128,128,Deck 1｜骨格・基礎,経済・産業・交通,朱印船貿易,しゅいんせんぼうえき,,近世,その他,日本と東南アジア,16世紀末〜1630年代,1604,JH-000128-R02,reverse,複合説明,reverse,どんな仕組み・活動？,江戸幕府の**朱印状(しゅいんじょう)**を持つ日本船が、東南アジア各地へ銀・銅などを輸出し、生糸・絹織物などを輸入した公認貿易。,朱印状|東南アジア|銀|生糸|日本町|海外渡航禁止,,,,国立歴史民俗博物館「第3展示室 近世」,https://www.rekihaku.ac.jp/exhibitions/room3/
日本史段階別デッキ｜Deck 1｜日本史の最重要骨格400語,JH-000128,128,Deck 1｜骨格・基礎,経済・産業・交通,朱印船貿易,しゅいんせんぼうえき,,近世,その他,日本と東南アジア,16世紀末〜1630年代,1604,JH-000128-R03,reverse,結果・関連,reverse,何につながった・どんな意味があった？,日本町の形成や**東南アジア**との人的交流を促したが、海外渡航禁止の強化により終わった。,朱印状|東南アジア|銀|生糸|日本町|海外渡航禁止,,,,国立歴史民俗博物館「第3展示室 近世」,https://www.rekihaku.ac.jp/exhibitions/room3/
日本史段階別デッキ｜Deck 1｜日本史の最重要骨格400語,JH-000128,128,Deck 1｜骨格・基礎,経済・産業・交通,朱印船貿易,しゅいんせんぼうえき,,近世,その他,日本と東南アジア,16世紀末〜1630年代,1604,JH-000128-I01,integrated,統合説明,integrated,「朱印船貿易(しゅいんせんぼうえき)」について説明せよ。,16世紀末〜1630年代、日本と東南アジアを主な舞台として、江戸幕府の**朱印状(しゅいんじょう)**を持つ日本船が、東南アジア各地へ銀・銅などを輸出し、生糸・絹織物などを輸入した公認貿易。 日本町の形成や**東南アジア**との人的交流を促したが、海外渡航禁止の強化により終わった。,朱印状|東南アジア|銀|生糸|日本町|海外渡航禁止,,,16世紀末〜1630年代：「ひと・む」（16）世紀から「ひと・む・み・まる」（1630）年代までの朱印船貿易,国立歴史民俗博物館「第3展示室 近世」,https://www.rekihaku.ac.jp/exhibitions/room3/
日本史段階別デッキ｜Deck 1｜日本史の最重要骨格400語,JH-000183,183,Deck 1｜骨格・基礎,朝廷・政権・幕府,松前藩,まつまえはん,,近世,北海道,松前・蝦夷地,江戸時代,1604,JH-000183-B01,beginner,用語の特定,identify,江戸時代、蝦夷地(えぞち)南部を拠点にアイヌとの交易を独占した藩は？,松前藩,松前藩,,,,国立歴史民俗博物館「第3展示室 近世」,https://www.rekihaku.ac.jp/exhibitions/room3/
日本史段階別デッキ｜Deck 1｜日本史の最重要骨格400語,JH-000183,183,Deck 1｜骨格・基礎,朝廷・政権・幕府,松前藩,まつまえはん,,近世,北海道,松前・蝦夷地,江戸時代,1604,JH-000183-B02,beginner,時期,time,松前藩が存在・機能したのはいつ？,江戸時代,江戸時代,,,,国立歴史民俗博物館「第3展示室 近世」,https://www.rekihaku.ac.jp/exhibitions/room3/
日本史段階別デッキ｜Deck 1｜日本史の最重要骨格400語,JH-000183,183,Deck 1｜骨格・基礎,朝廷・政権・幕府,松前藩,まつまえはん,,近世,北海道,松前・蝦夷地,江戸時代,1604,JH-000183-B03,beginner,関係集団,actor,松前藩が交易を独占した相手は？,アイヌ,アイヌ,,,,国立歴史民俗博物館「第3展示室 近世」,https://www.rekihaku.ac.jp/exhibitions/room3/
日本史段階別デッキ｜Deck 1｜日本史の最重要骨格400語,JH-000183,183,Deck 1｜骨格・基礎,朝廷・政権・幕府,松前藩,まつまえはん,,近世,北海道,松前・蝦夷地,江戸時代,1604,JH-000183-R01,reverse,時期,time,存在・機能したのはいつ？,**江戸時代**,江戸時代,,,,国立歴史民俗博物館「第3展示室 近世」,https://www.rekihaku.ac.jp/exhibitions/room3/
日本史段階別デッキ｜Deck 1｜日本史の最重要骨格400語,JH-000183,183,Deck 1｜骨格・基礎,朝廷・政権・幕府,松前藩,まつまえはん,,近世,北海道,松前・蝦夷地,江戸時代,1604,JH-000183-R02,reverse,複合説明,reverse,何をした？,蝦夷地(えぞち)南部の松前を拠点とし、幕府から**アイヌとの交易**を認められた藩。,蝦夷地|アイヌ|交易|商場知行制|場所請負制|和人,,,,国立歴史民俗博物館「第3展示室 近世」,https://www.rekihaku.ac.jp/exhibitions/room3/
日本史段階別デッキ｜Deck 1｜日本史の最重要骨格400語,JH-000183,183,Deck 1｜骨格・基礎,朝廷・政権・幕府,松前藩,まつまえはん,,近世,北海道,松前・蝦夷地,江戸時代,1604,JH-000183-R03,reverse,結果・関連,reverse,何につながった・どんな意味があった？,商場知行制(あきないばちぎょうせい)・場所請負制(ばしょうけおいせい)を通じて交易と漁場を支配し、和人の**蝦夷地(えぞち)**進出を進めた。,蝦夷地|アイヌ|交易|商場知行制|場所請負制|和人,,,,国立歴史民俗博物館「第3展示室 近世」,https://www.rekihaku.ac.jp/exhibitions/room3/
日本史段階別デッキ｜Deck 1｜日本史の最重要骨格400語,JH-000183,183,Deck 1｜骨格・基礎,朝廷・政権・幕府,松前藩,まつまえはん,,近世,北海道,松前・蝦夷地,江戸時代,1604,JH-000183-I01,integrated,統合説明,integrated,「松前藩」について説明せよ。,江戸時代、松前・蝦夷地を主な舞台として、蝦夷地(えぞち)南部の松前を拠点とし、幕府から**アイヌとの交易**を認められた藩。 商場知行制(あきないばちぎょうせい)・場所請負制(ばしょうけおいせい)を通じて交易と漁場を支配し、和人の**蝦夷地(えぞち)**進出を進めた。,蝦夷地|アイヌ|交易|商場知行制|場所請負制|和人,,,,国立歴史民俗博物館「第3展示室 近世」,https://www.rekihaku.ac.jp/exhibitions/room3/
日本史段階別デッキ｜Deck 1｜日本史の最重要骨格400語,JH-000130,130,Deck 1｜骨格・基礎,条約・会議・外交,朝鮮通信使,ちょうせんつうしんし,,近世,東アジア,朝鮮から対馬・瀬戸内海・江戸,江戸時代前期〜後期,1607,JH-000130-B01,beginner,用語の特定,identify,江戸時代、朝鮮王朝が国交回復後に将軍の代替わりなどを祝って派遣した使節は？,朝鮮通信使(ちょうせんつうしんし),朝鮮通信使,,,,国立歴史民俗博物館「第3展示室 近世」,https://www.rekihaku.ac.jp/exhibitions/room3/
日本史段階別デッキ｜Deck 1｜日本史の最重要骨格400語,JH-000130,130,Deck 1｜骨格・基礎,条約・会議・外交,朝鮮通信使,ちょうせんつうしんし,,近世,東アジア,朝鮮から対馬・瀬戸内海・江戸,江戸時代前期〜後期,1607,JH-000130-B02,beginner,時期,time,朝鮮通信使(ちょうせんつうしんし)が来日したのは主にいつ？,江戸時代前期〜後期,江戸時代前期〜後期,,,,国立歴史民俗博物館「第3展示室 近世」,https://www.rekihaku.ac.jp/exhibitions/room3/
日本史段階別デッキ｜Deck 1｜日本史の最重要骨格400語,JH-000130,130,Deck 1｜骨格・基礎,条約・会議・外交,朝鮮通信使,ちょうせんつうしんし,,近世,東アジア,朝鮮から対馬・瀬戸内海・江戸,江戸時代前期〜後期,1607,JH-000130-B03,beginner,仲介,actor,朝鮮通信使(ちょうせんつうしんし)の対日外交を仲介した藩は？,対馬藩,対馬藩,,,,国立歴史民俗博物館「第3展示室 近世」,https://www.rekihaku.ac.jp/exhibitions/room3/
日本史段階別デッキ｜Deck 1｜日本史の最重要骨格400語,JH-000130,130,Deck 1｜骨格・基礎,条約・会議・外交,朝鮮通信使,ちょうせんつうしんし,,近世,東アジア,朝鮮から対馬・瀬戸内海・江戸,江戸時代前期〜後期,1607,JH-000130-R01,reverse,時期,time,来日したのは主にいつ？,**江戸時代前期〜後期**,江戸時代前期〜後期,,,,国立歴史民俗博物館「第3展示室 近世」,https://www.rekihaku.ac.jp/exhibitions/room3/
日本史段階別デッキ｜Deck 1｜日本史の最重要骨格400語,JH-000130,130,Deck 1｜骨格・基礎,条約・会議・外交,朝鮮通信使,ちょうせんつうしんし,,近世,東アジア,朝鮮から対馬・瀬戸内海・江戸,江戸時代前期〜後期,1607,JH-000130-R02,reverse,複合説明,reverse,何を決めた・どんな関係を作った？,朝鮮王朝から対馬・瀬戸内海を経て江戸へ来日し、将軍の代替わりなどを祝った**外交使節**。,朝鮮王朝|外交使節|対馬藩|江戸|日朝関係|文化交流,,,,国立歴史民俗博物館「第3展示室 近世」,https://www.rekihaku.ac.jp/exhibitions/room3/
日本史段階別デッキ｜Deck 1｜日本史の最重要骨格400語,JH-000130,130,Deck 1｜骨格・基礎,条約・会議・外交,朝鮮通信使,ちょうせんつうしんし,,近世,東アジア,朝鮮から対馬・瀬戸内海・江戸,江戸時代前期〜後期,1607,JH-000130-R03,reverse,結果・関連,reverse,何につながった・どんな意味があった？,**対馬藩**の仲介で日朝関係を維持し、学問・美術・文化の交流を各地にもたらした。,朝鮮王朝|外交使節|対馬藩|江戸|日朝関係|文化交流,,,,国立歴史民俗博物館「第3展示室 近世」,https://www.rekihaku.ac.jp/exhibitions/room3/
日本史段階別デッキ｜Deck 1｜日本史の最重要骨格400語,JH-000130,130,Deck 1｜骨格・基礎,条約・会議・外交,朝鮮通信使,ちょうせんつうしんし,,近世,東アジア,朝鮮から対馬・瀬戸内海・江戸,江戸時代前期〜後期,1607,JH-000130-I01,integrated,統合説明,integrated,「朝鮮通信使(ちょうせんつうしんし)」について説明せよ。,江戸時代前期〜後期、朝鮮から対馬・瀬戸内海・江戸を主な舞台として、朝鮮王朝から対馬・瀬戸内海を経て江戸へ来日し、将軍の代替わりなどを祝った**外交使節**。 **対馬藩**の仲介で日朝関係を維持し、学問・美術・文化の交流を各地にもたらした。,朝鮮王朝|外交使節|対馬藩|江戸|日朝関係|文化交流,,,,国立歴史民俗博物館「第3展示室 近世」,https://www.rekihaku.ac.jp/exhibitions/room3/
日本史段階別デッキ｜Deck 1｜日本史の最重要骨格400語,JH-000032,32,Deck 1｜骨格・基礎,制度・政策・法律,武家諸法度,ぶけしょはっと,,近世,日本全国,江戸幕府と全国の大名,1615年以後,1615,JH-000032-B01,beginner,用語の特定,identify,江戸幕府が大名の行動・婚姻・築城などを規制するため定めた法令は？,武家諸法度(ぶけしょはっと),武家諸法度,,,,国立歴史民俗博物館「第3展示室 近世」,https://www.rekihaku.ac.jp/exhibitions/room3/
日本史段階別デッキ｜Deck 1｜日本史の最重要骨格400語,JH-000032,32,Deck 1｜骨格・基礎,制度・政策・法律,武家諸法度,ぶけしょはっと,,近世,日本全国,江戸幕府と全国の大名,1615年以後,1615,JH-000032-B02,beginner,時期,time,武家諸法度(ぶけしょはっと)が成立・実施されたのはいつ？,1615年以後,1615年以後,,,1615年以後：「異論以後なし」（1615）武家諸法度が続く,国立歴史民俗博物館「第3展示室 近世」,https://www.rekihaku.ac.jp/exhibitions/room3/
日本史段階別デッキ｜Deck 1｜日本史の最重要骨格400語,JH-000032,32,Deck 1｜骨格・基礎,制度・政策・法律,武家諸法度,ぶけしょはっと,,近世,日本全国,江戸幕府と全国の大名,1615年以後,1615,JH-000032-B03,beginner,対象,actor,武家諸法度(ぶけしょはっと)が統制対象とした人々は？,大名,大名,,,,国立歴史民俗博物館「第3展示室 近世」,https://www.rekihaku.ac.jp/exhibitions/room3/
日本史段階別デッキ｜Deck 1｜日本史の最重要骨格400語,JH-000032,32,Deck 1｜骨格・基礎,制度・政策・法律,武家諸法度,ぶけしょはっと,,近世,日本全国,江戸幕府と全国の大名,1615年以後,1615,JH-000032-R01,reverse,時期,time,成立・実施されたのはいつ？,**1615年以後**,1615年以後,,,1615年以後：「異論以後なし」（1615）武家諸法度が続く,国立歴史民俗博物館「第3展示室 近世」,https://www.rekihaku.ac.jp/exhibitions/room3/
日本史段階別デッキ｜Deck 1｜日本史の最重要骨格400語,JH-000032,32,Deck 1｜骨格・基礎,制度・政策・法律,武家諸法度,ぶけしょはっと,,近世,日本全国,江戸幕府と全国の大名,1615年以後,1615,JH-000032-R02,reverse,複合説明,reverse,どんな制度・政策・法律？,江戸幕府が全国の**大名**を統制するため、城郭修築・婚姻・参勤などの規則を定め、将軍代替わりごとに出した法令。,江戸幕府|大名|城郭修築|婚姻|参勤|改易|幕藩体制,,,,国立歴史民俗博物館「第3展示室 近世」,https://www.rekihaku.ac.jp/exhibitions/room3/
日本史段階別デッキ｜Deck 1｜日本史の最重要骨格400語,JH-000032,32,Deck 1｜骨格・基礎,制度・政策・法律,武家諸法度,ぶけしょはっと,,近世,日本全国,江戸幕府と全国の大名,1615年以後,1615,JH-000032-R03,reverse,結果・関連,reverse,何につながった・どんな意味があった？,違反**大名**への改易(かいえき)・減封(げんぽう)の根拠となり、幕藩体制の維持と将軍権力の確立を支えた。,江戸幕府|大名|城郭修築|婚姻|参勤|改易|幕藩体制,,,,国立歴史民俗博物館「第3展示室 近世」,https://www.rekihaku.ac.jp/exhibitions/room3/
日本史段階別デッキ｜Deck 1｜日本史の最重要骨格400語,JH-000032,32,Deck 1｜骨格・基礎,制度・政策・法律,武家諸法度,ぶけしょはっと,,近世,日本全国,江戸幕府と全国の大名,1615年以後,1615,JH-000032-I01,integrated,統合説明,integrated,「武家諸法度(ぶけしょはっと)」について説明せよ。,1615年以後、江戸幕府と全国の大名を主な舞台として、江戸幕府が全国の**大名**を統制するため、城郭修築・婚姻・参勤などの規則を定め、将軍代替わりごとに出した法令。 違反**大名**への改易(かいえき)・減封(げんぽう)の根拠となり、幕藩体制の維持と将軍権力の確立を支えた。,江戸幕府|大名|城郭修築|婚姻|参勤|改易|幕藩体制,,,1615年以後：「異論以後なし」（1615）武家諸法度が続く,国立歴史民俗博物館「第3展示室 近世」,https://www.rekihaku.ac.jp/exhibitions/room3/
日本史段階別デッキ｜Deck 1｜日本史の最重要骨格400語,JH-000324,324,Deck 1｜骨格・基礎,制度・政策・法律,禁中並公家諸法度,きんちゅうならびにくげしょはっと,,近世,近畿,京都の朝廷・公家社会,1615年,1615,JH-000324-B01,beginner,用語の特定,identify,江戸幕府が天皇・公家の学問や行動、官位などを規定した法令は？,禁中並公家諸法度(きんちゅうならびにくげしょはっと),禁中並公家諸法度,,,,東京大学史料編纂所,https://www.hi.u-tokyo.ac.jp/
日本史段階別デッキ｜Deck 1｜日本史の最重要骨格400語,JH-000324,324,Deck 1｜骨格・基礎,制度・政策・法律,禁中並公家諸法度,きんちゅうならびにくげしょはっと,,近世,近畿,京都の朝廷・公家社会,1615年,1615,JH-000324-B02,beginner,時期,time,禁中並公家諸法度(きんちゅうならびにくげしょはっと)が成立・実施されたのはいつ？,1615年,1615年,,,1615年：「異論以後なし」（1615）と結ぶ禁中並公家諸法度,東京大学史料編纂所,https://www.hi.u-tokyo.ac.jp/
日本史段階別デッキ｜Deck 1｜日本史の最重要骨格400語,JH-000324,324,Deck 1｜骨格・基礎,制度・政策・法律,禁中並公家諸法度,きんちゅうならびにくげしょはっと,,近世,近畿,京都の朝廷・公家社会,1615年,1615,JH-000324-B03,beginner,対象,actor,禁中並公家諸法度(きんちゅうならびにくげしょはっと)が主に統制したのは誰か？,天皇・公家,天皇・公家,,,,東京大学史料編纂所,https://www.hi.u-tokyo.ac.jp/
日本史段階別デッキ｜Deck 1｜日本史の最重要骨格400語,JH-000324,324,Deck 1｜骨格・基礎,制度・政策・法律,禁中並公家諸法度,きんちゅうならびにくげしょはっと,,近世,近畿,京都の朝廷・公家社会,1615年,1615,JH-000324-R01,reverse,時期,time,成立・実施されたのはいつ？,**1615年**,1615年,,,1615年：「異論以後なし」（1615）と結ぶ禁中並公家諸法度,東京大学史料編纂所,https://www.hi.u-tokyo.ac.jp/
日本史段階別デッキ｜Deck 1｜日本史の最重要骨格400語,JH-000324,324,Deck 1｜骨格・基礎,制度・政策・法律,禁中並公家諸法度,きんちゅうならびにくげしょはっと,,近世,近畿,京都の朝廷・公家社会,1615年,1615,JH-000324-R02,reverse,複合説明,reverse,どんな制度・政策・法律？,京都の朝廷を対象に、江戸幕府が**天皇・公家**の学問・行動・官位などを定めた法令。,江戸幕府|天皇|公家|官位|朝廷統制|幕藩体制,,,,東京大学史料編纂所,https://www.hi.u-tokyo.ac.jp/
日本史段階別デッキ｜Deck 1｜日本史の最重要骨格400語,JH-000324,324,Deck 1｜骨格・基礎,制度・政策・法律,禁中並公家諸法度,きんちゅうならびにくげしょはっと,,近世,近畿,京都の朝廷・公家社会,1615年,1615,JH-000324-R03,reverse,結果・関連,reverse,何につながった・どんな意味があった？,幕府が朝廷の政治的活動を統制しつつ、朝廷の権威を**幕藩体制**内に位置づける基準となった。,江戸幕府|天皇|公家|官位|朝廷統制|幕藩体制,,,,東京大学史料編纂所,https://www.hi.u-tokyo.ac.jp/
日本史段階別デッキ｜Deck 1｜日本史の最重要骨格400語,JH-000324,324,Deck 1｜骨格・基礎,制度・政策・法律,禁中並公家諸法度,きんちゅうならびにくげしょはっと,,近世,近畿,京都の朝廷・公家社会,1615年,1615,JH-000324-I01,integrated,統合説明,integrated,「禁中並公家諸法度(きんちゅうならびにくげしょはっと)」について説明せよ。,1615年、京都の朝廷・公家社会を主な舞台として、京都の朝廷を対象に、江戸幕府が**天皇・公家**の学問・行動・官位などを定めた法令。 幕府が朝廷の政治的活動を統制しつつ、朝廷の権威を**幕藩体制**内に位置づける基準となった。,江戸幕府|天皇|公家|官位|朝廷統制|幕藩体制,,,1615年：「異論以後なし」（1615）と結ぶ禁中並公家諸法度,東京大学史料編纂所,https://www.hi.u-tokyo.ac.jp/
日本史段階別デッキ｜Deck 1｜日本史の最重要骨格400語,JH-000238,238,Deck 1｜骨格・基礎,人物,徳川家光,とくがわいえみつ,,近世,日本全国,江戸を中心とする全国,江戸時代前期,1623,JH-000238-B01,beginner,用語の特定,identify,参勤交代を制度化し、島原・天草一揆(しまばら・あまくさいっき)後に対外関係の統制を完成させた江戸幕府3代将軍は？,徳川家光,徳川家光,,,,国立歴史民俗博物館「第3展示室 近世」,https://www.rekihaku.ac.jp/exhibitions/room3/
日本史段階別デッキ｜Deck 1｜日本史の最重要骨格400語,JH-000238,238,Deck 1｜骨格・基礎,人物,徳川家光,とくがわいえみつ,,近世,日本全国,江戸を中心とする全国,江戸時代前期,1623,JH-000238-B02,beginner,時期,time,徳川家光が主に活動したのはいつ？,江戸時代前期,江戸時代前期,,,,国立歴史民俗博物館「第3展示室 近世」,https://www.rekihaku.ac.jp/exhibitions/room3/
日本史段階別デッキ｜Deck 1｜日本史の最重要骨格400語,JH-000238,238,Deck 1｜骨格・基礎,人物,徳川家光,とくがわいえみつ,,近世,日本全国,江戸を中心とする全国,江戸時代前期,1623,JH-000238-B03,beginner,政策,content,徳川家光が制度化した大名統制策は？,参勤交代,参勤交代,,,,国立歴史民俗博物館「第3展示室 近世」,https://www.rekihaku.ac.jp/exhibitions/room3/
日本史段階別デッキ｜Deck 1｜日本史の最重要骨格400語,JH-000238,238,Deck 1｜骨格・基礎,人物,徳川家光,とくがわいえみつ,,近世,日本全国,江戸を中心とする全国,江戸時代前期,1623,JH-000238-R01,reverse,時期,time,主に活動したのはいつ？,**江戸時代前期**,江戸時代前期,,,,国立歴史民俗博物館「第3展示室 近世」,https://www.rekihaku.ac.jp/exhibitions/room3/
日本史段階別デッキ｜Deck 1｜日本史の最重要骨格400語,JH-000238,238,Deck 1｜骨格・基礎,人物,徳川家光,とくがわいえみつ,,近世,日本全国,江戸を中心とする全国,江戸時代前期,1623,JH-000238-R02,reverse,複合説明,reverse,何をした？,江戸幕府3代将軍として、**参勤交代**を制度化し、キリスト教禁制と海外渡航・貿易の統制を強化した人物。,参勤交代|キリスト教禁制|海外渡航統制|島原・天草一揆|鎖国,,,,国立歴史民俗博物館「第3展示室 近世」,https://www.rekihaku.ac.jp/exhibitions/room3/
日本史段階別デッキ｜Deck 1｜日本史の最重要骨格400語,JH-000238,238,Deck 1｜骨格・基礎,人物,徳川家光,とくがわいえみつ,,近世,日本全国,江戸を中心とする全国,江戸時代前期,1623,JH-000238-R03,reverse,結果・関連,reverse,何につながった・どんな意味があった？,**島原・天草一揆(しまばら・あまくさいっき)**後にポルトガル船来航を禁じ、幕藩体制といわゆる鎖国体制を固めた。,参勤交代|キリスト教禁制|海外渡航統制|島原・天草一揆|鎖国,,,,国立歴史民俗博物館「第3展示室 近世」,https://www.rekihaku.ac.jp/exhibitions/room3/
日本史段階別デッキ｜Deck 1｜日本史の最重要骨格400語,JH-000238,238,Deck 1｜骨格・基礎,人物,徳川家光,とくがわいえみつ,,近世,日本全国,江戸を中心とする全国,江戸時代前期,1623,JH-000238-I01,integrated,統合説明,integrated,「徳川家光」について説明せよ。,江戸時代前期、江戸を中心とする全国を主な舞台として、江戸幕府3代将軍として、**参勤交代**を制度化し、キリスト教禁制と海外渡航・貿易の統制を強化した人物。 **島原・天草一揆(しまばら・あまくさいっき)**後にポルトガル船来航を禁じ、幕藩体制といわゆる鎖国体制を固めた。,参勤交代|キリスト教禁制|海外渡航統制|島原・天草一揆|鎖国,,,,国立歴史民俗博物館「第3展示室 近世」,https://www.rekihaku.ac.jp/exhibitions/room3/
日本史段階別デッキ｜Deck 1｜日本史の最重要骨格400語,JH-000325,325,Deck 1｜骨格・基礎,制度・政策・法律,踏絵,ふみえ,,近世,九州,長崎を中心とする西日本,江戸時代前期〜幕末,1629,JH-000325-B01,beginner,用語の特定,identify,キリストや聖母像を踏ませ、キリシタンかどうかを調べた禁教政策上の検査は？,踏絵(ふみえ),踏絵,,,,国立歴史民俗博物館「第3展示室 近世」,https://www.rekihaku.ac.jp/exhibitions/room3/
日本史段階別デッキ｜Deck 1｜日本史の最重要骨格400語,JH-000325,325,Deck 1｜骨格・基礎,制度・政策・法律,踏絵,ふみえ,,近世,九州,長崎を中心とする西日本,江戸時代前期〜幕末,1629,JH-000325-B02,beginner,時期,time,踏絵(ふみえ)が成立・実施されたのはいつ？,江戸時代前期〜幕末,江戸時代前期〜幕末,,,,国立歴史民俗博物館「第3展示室 近世」,https://www.rekihaku.ac.jp/exhibitions/room3/
日本史段階別デッキ｜Deck 1｜日本史の最重要骨格400語,JH-000325,325,Deck 1｜骨格・基礎,制度・政策・法律,踏絵,ふみえ,,近世,九州,長崎を中心とする西日本,江戸時代前期〜幕末,1629,JH-000325-B03,beginner,内容,content,踏絵(ふみえ)で踏ませたものは何を描いた像か？,キリスト・聖母,キリスト・聖母,,,,国立歴史民俗博物館「第3展示室 近世」,https://www.rekihaku.ac.jp/exhibitions/room3/
日本史段階別デッキ｜Deck 1｜日本史の最重要骨格400語,JH-000325,325,Deck 1｜骨格・基礎,制度・政策・法律,踏絵,ふみえ,,近世,九州,長崎を中心とする西日本,江戸時代前期〜幕末,1629,JH-000325-R01,reverse,時期,time,成立・実施されたのはいつ？,**江戸時代前期〜幕末**,江戸時代前期〜幕末,,,,国立歴史民俗博物館「第3展示室 近世」,https://www.rekihaku.ac.jp/exhibitions/room3/
日本史段階別デッキ｜Deck 1｜日本史の最重要骨格400語,JH-000325,325,Deck 1｜骨格・基礎,制度・政策・法律,踏絵,ふみえ,,近世,九州,長崎を中心とする西日本,江戸時代前期〜幕末,1629,JH-000325-R02,reverse,複合説明,reverse,どんな制度・政策・法律？,長崎などで住民に**キリストや聖母の像**を踏ませ、キリシタンかどうかを調べた禁教上の検査。,キリスト|聖母|キリシタン|宗門改|寺請制度|潜伏キリシタン,,,,国立歴史民俗博物館「第3展示室 近世」,https://www.rekihaku.ac.jp/exhibitions/room3/
日本史段階別デッキ｜Deck 1｜日本史の最重要骨格400語,JH-000325,325,Deck 1｜骨格・基礎,制度・政策・法律,踏絵,ふみえ,,近世,九州,長崎を中心とする西日本,江戸時代前期〜幕末,1629,JH-000325-R03,reverse,結果・関連,reverse,何につながった・どんな意味があった？,宗門改(しゅうもんあらため)・寺請制度(てらうけせいど)とともに信仰を監視し、潜伏**キリシタン**への弾圧を支えた。,キリスト|聖母|キリシタン|宗門改|寺請制度|潜伏キリシタン,,,,国立歴史民俗博物館「第3展示室 近世」,https://www.rekihaku.ac.jp/exhibitions/room3/
日本史段階別デッキ｜Deck 1｜日本史の最重要骨格400語,JH-000325,325,Deck 1｜骨格・基礎,制度・政策・法律,踏絵,ふみえ,,近世,九州,長崎を中心とする西日本,江戸時代前期〜幕末,1629,JH-000325-I01,integrated,統合説明,integrated,「踏絵(ふみえ)」について説明せよ。,江戸時代前期〜幕末、長崎を中心とする西日本を主な舞台として、長崎などで住民に**キリストや聖母の像**を踏ませ、キリシタンかどうかを調べた禁教上の検査。 宗門改(しゅうもんあらため)・寺請制度(てらうけせいど)とともに信仰を監視し、潜伏**キリシタン**への弾圧を支えた。,キリスト|聖母|キリシタン|宗門改|寺請制度|潜伏キリシタン,,,,国立歴史民俗博物館「第3展示室 近世」,https://www.rekihaku.ac.jp/exhibitions/room3/
日本史段階別デッキ｜Deck 1｜日本史の最重要骨格400語,JH-000033,33,Deck 1｜骨格・基礎,制度・政策・法律,参勤交代,さんきんこうたい,,近世,日本全国,江戸と各藩,1635年制度化,1635,JH-000033-B01,beginner,用語の特定,identify,大名を原則1年交替で江戸と領国に居住させ、妻子を江戸に置かせた制度は？,参勤交代,参勤交代,,,,国立歴史民俗博物館「第3展示室 近世」,https://www.rekihaku.ac.jp/exhibitions/room3/
日本史段階別デッキ｜Deck 1｜日本史の最重要骨格400語,JH-000033,33,Deck 1｜骨格・基礎,制度・政策・法律,参勤交代,さんきんこうたい,,近世,日本全国,江戸と各藩,1635年制度化,1635,JH-000033-B02,beginner,時期,time,参勤交代が成立・実施されたのはいつ？,1635年,1635年,,,1635年：「一路見事」（1635）に参勤交代,国立歴史民俗博物館「第3展示室 近世」,https://www.rekihaku.ac.jp/exhibitions/room3/
日本史段階別デッキ｜Deck 1｜日本史の最重要骨格400語,JH-000033,33,Deck 1｜骨格・基礎,制度・政策・法律,参勤交代,さんきんこうたい,,近世,日本全国,江戸と各藩,1635年制度化,1635,JH-000033-B03,beginner,人物,person,参勤交代を制度化した将軍は？,徳川家光,徳川家光,,,,国立歴史民俗博物館「第3展示室 近世」,https://www.rekihaku.ac.jp/exhibitions/room3/
日本史段階別デッキ｜Deck 1｜日本史の最重要骨格400語,JH-000033,33,Deck 1｜骨格・基礎,制度・政策・法律,参勤交代,さんきんこうたい,,近世,日本全国,江戸と各藩,1635年制度化,1635,JH-000033-R01,reverse,時期,time,成立・実施されたのはいつ？,**1635年**,1635年,,,1635年：「一路見事」（1635）に参勤交代,国立歴史民俗博物館「第3展示室 近世」,https://www.rekihaku.ac.jp/exhibitions/room3/
日本史段階別デッキ｜Deck 1｜日本史の最重要骨格400語,JH-000033,33,Deck 1｜骨格・基礎,制度・政策・法律,参勤交代,さんきんこうたい,,近世,日本全国,江戸と各藩,1635年制度化,1635,JH-000033-R02,reverse,複合説明,reverse,どんな制度・政策・法律？,江戸幕府が大名を原則一年交替で**江戸と領国**に居住させ、妻子を江戸に置かせた制度。,江戸|領国|妻子|大名統制|街道|宿場|藩財政,,,,国立歴史民俗博物館「第3展示室 近世」,https://www.rekihaku.ac.jp/exhibitions/room3/
日本史段階別デッキ｜Deck 1｜日本史の最重要骨格400語,JH-000033,33,Deck 1｜骨格・基礎,制度・政策・法律,参勤交代,さんきんこうたい,,近世,日本全国,江戸と各藩,1635年制度化,1635,JH-000033-R03,reverse,結果・関連,reverse,何につながった・どんな意味があった？,**大名統制**と軍役奉仕を強め、街道・宿場・交通の発達と藩財政への大きな負担をもたらした。,江戸|領国|妻子|大名統制|街道|宿場|藩財政,,,,国立歴史民俗博物館「第3展示室 近世」,https://www.rekihaku.ac.jp/exhibitions/room3/
日本史段階別デッキ｜Deck 1｜日本史の最重要骨格400語,JH-000033,33,Deck 1｜骨格・基礎,制度・政策・法律,参勤交代,さんきんこうたい,,近世,日本全国,江戸と各藩,1635年制度化,1635,JH-000033-I01,integrated,統合説明,integrated,「参勤交代」について説明せよ。,1635年制度化、江戸と各藩を主な舞台として、江戸幕府が大名を原則一年交替で**江戸と領国**に居住させ、妻子を江戸に置かせた制度。 **大名統制**と軍役奉仕を強め、街道・宿場・交通の発達と藩財政への大きな負担をもたらした。,江戸|領国|妻子|大名統制|街道|宿場|藩財政,,,1635年：「一路見事」（1635）に参勤交代,国立歴史民俗博物館「第3展示室 近世」,https://www.rekihaku.ac.jp/exhibitions/room3/
日本史段階別デッキ｜Deck 1｜日本史の最重要骨格400語,JH-000293,293,Deck 1｜骨格・基礎,地域・都市・遺跡,出島,でじま,,近世,九州,長崎港,1636年以後,1636,JH-000293-B01,beginner,用語の特定,identify,長崎港に築かれ、のちオランダ商館が置かれた人工島は？,出島,出島,,,,国立歴史民俗博物館「第3展示室 近世」,https://www.rekihaku.ac.jp/exhibitions/room3/
日本史段階別デッキ｜Deck 1｜日本史の最重要骨格400語,JH-000293,293,Deck 1｜骨格・基礎,地域・都市・遺跡,出島,でじま,,近世,九州,長崎港,1636年以後,1636,JH-000293-B02,beginner,時期,time,出島が歴史上重要な意味を持つのはいつ？,1636年以後,1636年以後,,,1636年以後：「一路見ろ」（1636）年から続く出島,国立歴史民俗博物館「第3展示室 近世」,https://www.rekihaku.ac.jp/exhibitions/room3/
日本史段階別デッキ｜Deck 1｜日本史の最重要骨格400語,JH-000293,293,Deck 1｜骨格・基礎,地域・都市・遺跡,出島,でじま,,近世,九州,長崎港,1636年以後,1636,JH-000293-B03,beginner,施設,relation,出島に移されたヨーロッパの商館は？,オランダ商館,オランダ商館,,,,国立歴史民俗博物館「第3展示室 近世」,https://www.rekihaku.ac.jp/exhibitions/room3/
日本史段階別デッキ｜Deck 1｜日本史の最重要骨格400語,JH-000293,293,Deck 1｜骨格・基礎,地域・都市・遺跡,出島,でじま,,近世,九州,長崎港,1636年以後,1636,JH-000293-R01,reverse,時期,time,歴史上重要な意味を持つのはいつ？,**1636年以後**,1636年以後,,,1636年以後：「一路見ろ」（1636）年から続く出島,国立歴史民俗博物館「第3展示室 近世」,https://www.rekihaku.ac.jp/exhibitions/room3/
日本史段階別デッキ｜Deck 1｜日本史の最重要骨格400語,JH-000293,293,Deck 1｜骨格・基礎,地域・都市・遺跡,出島,でじま,,近世,九州,長崎港,1636年以後,1636,JH-000293-R02,reverse,複合説明,reverse,何が分かる・何が重要？,長崎港に築かれた人工島で、当初ポルトガル人を収容し、のち平戸から**オランダ商館**が移された。,長崎港|人工島|ポルトガル人|オランダ商館|貿易|蘭学,,,,国立歴史民俗博物館「第3展示室 近世」,https://www.rekihaku.ac.jp/exhibitions/room3/
日本史段階別デッキ｜Deck 1｜日本史の最重要骨格400語,JH-000293,293,Deck 1｜骨格・基礎,地域・都市・遺跡,出島,でじま,,近世,九州,長崎港,1636年以後,1636,JH-000293-R03,reverse,結果・関連,reverse,何につながった・どんな意味があった？,鎖国下でヨーロッパとの**貿易**・情報・蘭学の主要な窓口となった。,長崎港|人工島|ポルトガル人|オランダ商館|貿易|蘭学,,,,国立歴史民俗博物館「第3展示室 近世」,https://www.rekihaku.ac.jp/exhibitions/room3/
日本史段階別デッキ｜Deck 1｜日本史の最重要骨格400語,JH-000293,293,Deck 1｜骨格・基礎,地域・都市・遺跡,出島,でじま,,近世,九州,長崎港,1636年以後,1636,JH-000293-I01,integrated,統合説明,integrated,「出島」について説明せよ。,1636年以後、長崎港を主な舞台として、長崎港に築かれた人工島で、当初ポルトガル人を収容し、のち平戸から**オランダ商館**が移された。 鎖国下でヨーロッパとの**貿易**・情報・蘭学の主要な窓口となった。,長崎港|人工島|ポルトガル人|オランダ商館|貿易|蘭学,,,1636年以後：「一路見ろ」（1636）年から続く出島,国立歴史民俗博物館「第3展示室 近世」,https://www.rekihaku.ac.jp/exhibitions/room3/
日本史段階別デッキ｜Deck 1｜日本史の最重要骨格400語,JH-000129,129,Deck 1｜骨格・基礎,運動,島原・天草一揆,しまばら・あまくさいっき,,近世,九州,島原半島・天草諸島,1637〜1638年,1637,JH-000129-B01,beginner,用語の特定,identify,重い年貢とキリスト教弾圧を背景に、天草四郎を指導者として起きた大規模一揆は？,島原・天草一揆(しまばら・あまくさいっき),島原・天草一揆,,,,国立歴史民俗博物館「第3展示室 近世」,https://www.rekihaku.ac.jp/exhibitions/room3/
日本史段階別デッキ｜Deck 1｜日本史の最重要骨格400語,JH-000129,129,Deck 1｜骨格・基礎,運動,島原・天草一揆,しまばら・あまくさいっき,,近世,九州,島原半島・天草諸島,1637〜1638年,1637,JH-000129-B02,beginner,時期,time,島原・天草一揆(しまばら・あまくさいっき)が起きた・盛んだったのはいつ？,1637〜1638年,1637〜1638年,,,1637〜1638年：「一路みんな」（1637）から「一路見や」（1638）島原・天草一揆,国立歴史民俗博物館「第3展示室 近世」,https://www.rekihaku.ac.jp/exhibitions/room3/
日本史段階別デッキ｜Deck 1｜日本史の最重要骨格400語,JH-000129,129,Deck 1｜骨格・基礎,運動,島原・天草一揆,しまばら・あまくさいっき,,近世,九州,島原半島・天草諸島,1637〜1638年,1637,JH-000129-B03,beginner,人物,person,島原・天草一揆(しまばら・あまくさいっき)の指導者として担ぎ出された人物は？,天草四郎,天草四郎,,,,国立歴史民俗博物館「第3展示室 近世」,https://www.rekihaku.ac.jp/exhibitions/room3/
日本史段階別デッキ｜Deck 1｜日本史の最重要骨格400語,JH-000129,129,Deck 1｜骨格・基礎,運動,島原・天草一揆,しまばら・あまくさいっき,,近世,九州,島原半島・天草諸島,1637〜1638年,1637,JH-000129-R01,reverse,時期,time,起きた・盛んだったのはいつ？,**1637〜1638年**,1637〜1638年,,,1637〜1638年：「一路みんな」（1637）から「一路見や」（1638）島原・天草一揆,国立歴史民俗博物館「第3展示室 近世」,https://www.rekihaku.ac.jp/exhibitions/room3/
日本史段階別デッキ｜Deck 1｜日本史の最重要骨格400語,JH-000129,129,Deck 1｜骨格・基礎,運動,島原・天草一揆,しまばら・あまくさいっき,,近世,九州,島原半島・天草諸島,1637〜1638年,1637,JH-000129-R02,reverse,複合説明,reverse,何を求めて、何が起きた？,島原半島・天草諸島で、重い年貢と**キリスト教弾圧**を背景に農民・旧キリシタン武士らが天草四郎を立てて蜂起した。,重い年貢|キリスト教弾圧|天草四郎|幕府軍|ポルトガル排除,,,,国立歴史民俗博物館「第3展示室 近世」,https://www.rekihaku.ac.jp/exhibitions/room3/
日本史段階別デッキ｜Deck 1｜日本史の最重要骨格400語,JH-000129,129,Deck 1｜骨格・基礎,運動,島原・天草一揆,しまばら・あまくさいっき,,近世,九州,島原半島・天草諸島,1637〜1638年,1637,JH-000129-R03,reverse,結果・関連,reverse,何につながった・どんな意味があった？,**幕府軍**に鎮圧され、多数の犠牲者を出し、幕府は禁教とポルトガル排除をさらに徹底した。,重い年貢|キリスト教弾圧|天草四郎|幕府軍|ポルトガル排除,,,,国立歴史民俗博物館「第3展示室 近世」,https://www.rekihaku.ac.jp/exhibitions/room3/
日本史段階別デッキ｜Deck 1｜日本史の最重要骨格400語,JH-000129,129,Deck 1｜骨格・基礎,運動,島原・天草一揆,しまばら・あまくさいっき,,近世,九州,島原半島・天草諸島,1637〜1638年,1637,JH-000129-I01,integrated,統合説明,integrated,「島原・天草一揆(しまばら・あまくさいっき)」について説明せよ。,1637〜1638年、島原半島・天草諸島を主な舞台として、島原半島・天草諸島で、重い年貢と**キリスト教弾圧**を背景に農民・旧キリシタン武士らが天草四郎を立てて蜂起した。 **幕府軍**に鎮圧され、多数の犠牲者を出し、幕府は禁教とポルトガル排除をさらに徹底した。,重い年貢|キリスト教弾圧|天草四郎|幕府軍|ポルトガル排除,,,1637〜1638年：「一路みんな」（1637）から「一路見や」（1638）島原・天草一揆,国立歴史民俗博物館「第3展示室 近世」,https://www.rekihaku.ac.jp/exhibitions/room3/
日本史段階別デッキ｜Deck 1｜日本史の最重要骨格400語,JH-000034,34,Deck 1｜骨格・基礎,制度・政策・法律,鎖国,さこく,,近世,東アジア,長崎・対馬・薩摩・松前を窓口とする対外関係,17世紀前半〜1854年,1639,JH-000034-B01,beginner,用語の特定,identify,江戸幕府が日本人の海外渡航・帰国を禁じ、貿易・外交を限定した対外関係の仕組みを何という？,鎖国,鎖国,,近年は、完全な閉鎖ではなく幕府による対外関係の管理体制として理解する。,,国立歴史民俗博物館「第3展示室 近世」,https://www.rekihaku.ac.jp/exhibitions/room3/
日本史段階別デッキ｜Deck 1｜日本史の最重要骨格400語,JH-000034,34,Deck 1｜骨格・基礎,制度・政策・法律,鎖国,さこく,,近世,東アジア,長崎・対馬・薩摩・松前を窓口とする対外関係,17世紀前半〜1854年,1639,JH-000034-B02,beginner,時期,time,鎖国が成立・実施されたのはいつ？,17世紀前半〜1854年,17世紀前半〜1854年,,近年は、完全な閉鎖ではなく幕府による対外関係の管理体制として理解する。,17世紀前半〜1854年：「じゅうなな」（17）世紀前半から「一夜越し」（1854）までの鎖国,国立歴史民俗博物館「第3展示室 近世」,https://www.rekihaku.ac.jp/exhibitions/room3/
日本史段階別デッキ｜Deck 1｜日本史の最重要骨格400語,JH-000034,34,Deck 1｜骨格・基礎,制度・政策・法律,鎖国,さこく,,近世,東アジア,長崎・対馬・薩摩・松前を窓口とする対外関係,17世紀前半〜1854年,1639,JH-000034-B03,beginner,地域,place,鎖国下でオランダ・中国との貿易窓口となった都市は？,長崎,長崎,,近年は、完全な閉鎖ではなく幕府による対外関係の管理体制として理解する。,,国立歴史民俗博物館「第3展示室 近世」,https://www.rekihaku.ac.jp/exhibitions/room3/
日本史段階別デッキ｜Deck 1｜日本史の最重要骨格400語,JH-000034,34,Deck 1｜骨格・基礎,制度・政策・法律,鎖国,さこく,,近世,東アジア,長崎・対馬・薩摩・松前を窓口とする対外関係,17世紀前半〜1854年,1639,JH-000034-R01,reverse,時期,time,成立・実施されたのはいつ？,**17世紀前半〜1854年**,17世紀前半〜1854年,,近年は、完全な閉鎖ではなく幕府による対外関係の管理体制として理解する。,17世紀前半〜1854年：「じゅうなな」（17）世紀前半から「一夜越し」（1854）までの鎖国,国立歴史民俗博物館「第3展示室 近世」,https://www.rekihaku.ac.jp/exhibitions/room3/
日本史段階別デッキ｜Deck 1｜日本史の最重要骨格400語,JH-000034,34,Deck 1｜骨格・基礎,制度・政策・法律,鎖国,さこく,,近世,東アジア,長崎・対馬・薩摩・松前を窓口とする対外関係,17世紀前半〜1854年,1639,JH-000034-R02,reverse,複合説明,reverse,どんな制度・政策・法律？,江戸幕府が日本人の海外渡航・帰国とキリスト教を禁じ、長崎・対馬・薩摩・松前などに**貿易・外交の窓口**を限定した体制。,海外渡航禁止|キリスト教禁制|長崎|対馬|薩摩|松前|四つの口,,近年は、完全な閉鎖ではなく幕府による対外関係の管理体制として理解する。,,国立歴史民俗博物館「第3展示室 近世」,https://www.rekihaku.ac.jp/exhibitions/room3/
日本史段階別デッキ｜Deck 1｜日本史の最重要骨格400語,JH-000034,34,Deck 1｜骨格・基礎,制度・政策・法律,鎖国,さこく,,近世,東アジア,長崎・対馬・薩摩・松前を窓口とする対外関係,17世紀前半〜1854年,1639,JH-000034-R03,reverse,結果・関連,reverse,何につながった・どんな意味があった？,**完全な孤立ではなく**、オランダ・中国・朝鮮・琉球・アイヌとの関係を幕府が管理し、国内秩序を維持した。,海外渡航禁止|キリスト教禁制|長崎|対馬|薩摩|松前|四つの口,,近年は、完全な閉鎖ではなく幕府による対外関係の管理体制として理解する。,,国立歴史民俗博物館「第3展示室 近世」,https://www.rekihaku.ac.jp/exhibitions/room3/
日本史段階別デッキ｜Deck 1｜日本史の最重要骨格400語,JH-000034,34,Deck 1｜骨格・基礎,制度・政策・法律,鎖国,さこく,,近世,東アジア,長崎・対馬・薩摩・松前を窓口とする対外関係,17世紀前半〜1854年,1639,JH-000034-I01,integrated,統合説明,integrated,「鎖国」について説明せよ。,17世紀前半〜1854年、長崎・対馬・薩摩・松前を窓口とする対外関係を主な舞台として、江戸幕府が日本人の海外渡航・帰国とキリスト教を禁じ、長崎・対馬・薩摩・松前などに**貿易・外交の窓口**を限定した体制。 **完全な孤立ではなく**、オランダ・中国・朝鮮・琉球・アイヌとの関係を幕府が管理し、国内秩序を維持した。,海外渡航禁止|キリスト教禁制|長崎|対馬|薩摩|松前|四つの口,,近年は、完全な閉鎖ではなく幕府による対外関係の管理体制として理解する。,17世紀前半〜1854年：「じゅうなな」（17）世紀前半から「一夜越し」（1854）までの鎖国,国立歴史民俗博物館「第3展示室 近世」,https://www.rekihaku.ac.jp/exhibitions/room3/
日本史段階別デッキ｜Deck 1｜日本史の最重要骨格400語,JH-000035,35,Deck 1｜骨格・基礎,条約・会議・外交,四つの口,よっつのくち,,近世,東アジア,長崎・対馬・薩摩・松前,江戸時代,1639,JH-000035-B01,beginner,用語の特定,identify,鎖国下で幕府が対外関係を管理した長崎・対馬・薩摩・松前の四つの窓口を何という？,四つの口(よっつのくち),四つの口,,,,国立歴史民俗博物館「第3展示室 近世」,https://www.rekihaku.ac.jp/exhibitions/room3/
日本史段階別デッキ｜Deck 1｜日本史の最重要骨格400語,JH-000035,35,Deck 1｜骨格・基礎,条約・会議・外交,四つの口,よっつのくち,,近世,東アジア,長崎・対馬・薩摩・松前,江戸時代,1639,JH-000035-B02,beginner,時期,time,四つの口(よっつのくち)を通じた対外関係が行われたのはいつ？,江戸時代,江戸時代,,,,国立歴史民俗博物館「第3展示室 近世」,https://www.rekihaku.ac.jp/exhibitions/room3/
日本史段階別デッキ｜Deck 1｜日本史の最重要骨格400語,JH-000035,35,Deck 1｜骨格・基礎,条約・会議・外交,四つの口,よっつのくち,,近世,東アジア,長崎・対馬・薩摩・松前,江戸時代,1639,JH-000035-B03,beginner,窓口,place,四つの口(よっつのくち)のうち、朝鮮との外交を担った窓口は？,対馬口,対馬口,,,,国立歴史民俗博物館「第3展示室 近世」,https://www.rekihaku.ac.jp/exhibitions/room3/
日本史段階別デッキ｜Deck 1｜日本史の最重要骨格400語,JH-000035,35,Deck 1｜骨格・基礎,条約・会議・外交,四つの口,よっつのくち,,近世,東アジア,長崎・対馬・薩摩・松前,江戸時代,1639,JH-000035-R01,reverse,時期,time,対外関係の窓口として機能したのはいつ？,**江戸時代**,江戸時代,,,,国立歴史民俗博物館「第3展示室 近世」,https://www.rekihaku.ac.jp/exhibitions/room3/
日本史段階別デッキ｜Deck 1｜日本史の最重要骨格400語,JH-000035,35,Deck 1｜骨格・基礎,条約・会議・外交,四つの口,よっつのくち,,近世,東アジア,長崎・対馬・薩摩・松前,江戸時代,1639,JH-000035-R02,reverse,複合説明,reverse,何を決めた・どんな関係を作った？,鎖国下で幕府が対外関係を管理した、**長崎口・対馬口・薩摩口・松前口**という四つの窓口。,長崎口|対馬口|薩摩口|松前口|朝鮮|琉球|アイヌ,,,,国立歴史民俗博物館「第3展示室 近世」,https://www.rekihaku.ac.jp/exhibitions/room3/
日本史段階別デッキ｜Deck 1｜日本史の最重要骨格400語,JH-000035,35,Deck 1｜骨格・基礎,条約・会議・外交,四つの口,よっつのくち,,近世,東アジア,長崎・対馬・薩摩・松前,江戸時代,1639,JH-000035-R03,reverse,結果・関連,reverse,何につながった・どんな意味があった？,オランダ・中国、**朝鮮**、琉球、アイヌとの外交・交易を分担し、日本が完全に孤立していなかったことを示す。,長崎口|対馬口|薩摩口|松前口|朝鮮|琉球|アイヌ,,,,国立歴史民俗博物館「第3展示室 近世」,https://www.rekihaku.ac.jp/exhibitions/room3/
日本史段階別デッキ｜Deck 1｜日本史の最重要骨格400語,JH-000035,35,Deck 1｜骨格・基礎,条約・会議・外交,四つの口,よっつのくち,,近世,東アジア,長崎・対馬・薩摩・松前,江戸時代,1639,JH-000035-I01,integrated,統合説明,integrated,「四つの口(よっつのくち)」について説明せよ。,江戸時代、長崎・対馬・薩摩・松前を主な舞台として、鎖国下で幕府が対外関係を管理した、**長崎口・対馬口・薩摩口・松前口**という四つの窓口。 オランダ・中国、**朝鮮**、琉球、アイヌとの外交・交易を分担し、日本が完全に孤立していなかったことを示す。,長崎口|対馬口|薩摩口|松前口|朝鮮|琉球|アイヌ,,,,国立歴史民俗博物館「第3展示室 近世」,https://www.rekihaku.ac.jp/exhibitions/room3/
日本史段階別デッキ｜Deck 1｜日本史の最重要骨格400語,JH-000326,326,Deck 1｜骨格・基礎,制度・政策・法律,五人組,ごにんぐみ,,近世,日本全国,各地の村・町,江戸時代,1640,JH-000326-B01,beginner,用語の特定,identify,近隣の百姓・町人を数戸ずつ組織し、年貢・犯罪・禁教などで連帯責任を負わせた制度は？,五人組,五人組,,,,国立歴史民俗博物館「第3展示室 近世」,https://www.rekihaku.ac.jp/exhibitions/room3/
日本史段階別デッキ｜Deck 1｜日本史の最重要骨格400語,JH-000326,326,Deck 1｜骨格・基礎,制度・政策・法律,五人組,ごにんぐみ,,近世,日本全国,各地の村・町,江戸時代,1640,JH-000326-B02,beginner,時期,time,五人組が成立・実施されたのはいつ？,江戸時代,江戸時代,,,,国立歴史民俗博物館「第3展示室 近世」,https://www.rekihaku.ac.jp/exhibitions/room3/
日本史段階別デッキ｜Deck 1｜日本史の最重要骨格400語,JH-000326,326,Deck 1｜骨格・基礎,制度・政策・法律,五人組,ごにんぐみ,,近世,日本全国,各地の村・町,江戸時代,1640,JH-000326-B03,beginner,内容,content,五人組が負った責任の原則は？,連帯責任,連帯責任,,,,国立歴史民俗博物館「第3展示室 近世」,https://www.rekihaku.ac.jp/exhibitions/room3/
日本史段階別デッキ｜Deck 1｜日本史の最重要骨格400語,JH-000326,326,Deck 1｜骨格・基礎,制度・政策・法律,五人組,ごにんぐみ,,近世,日本全国,各地の村・町,江戸時代,1640,JH-000326-R01,reverse,時期,time,成立・実施されたのはいつ？,**江戸時代**,江戸時代,,,,国立歴史民俗博物館「第3展示室 近世」,https://www.rekihaku.ac.jp/exhibitions/room3/
日本史段階別デッキ｜Deck 1｜日本史の最重要骨格400語,JH-000326,326,Deck 1｜骨格・基礎,制度・政策・法律,五人組,ごにんぐみ,,近世,日本全国,各地の村・町,江戸時代,1640,JH-000326-R02,reverse,複合説明,reverse,どんな制度・政策・法律？,江戸時代に各地の村・町で近隣の数戸を一組とし、**年貢納入・犯罪防止・キリシタン取締り**などで連帯責任を負わせた制度。,年貢納入|犯罪防止|キリシタン取締り|連帯責任|相互監視,,,,国立歴史民俗博物館「第3展示室 近世」,https://www.rekihaku.ac.jp/exhibitions/room3/
日本史段階別デッキ｜Deck 1｜日本史の最重要骨格400語,JH-000326,326,Deck 1｜骨格・基礎,制度・政策・法律,五人組,ごにんぐみ,,近世,日本全国,各地の村・町,江戸時代,1640,JH-000326-R03,reverse,結果・関連,reverse,何につながった・どんな意味があった？,地域住民の**相互監視**を利用し、幕府・藩による支配を末端で支えた。,年貢納入|犯罪防止|キリシタン取締り|連帯責任|相互監視,,,,国立歴史民俗博物館「第3展示室 近世」,https://www.rekihaku.ac.jp/exhibitions/room3/
日本史段階別デッキ｜Deck 1｜日本史の最重要骨格400語,JH-000326,326,Deck 1｜骨格・基礎,制度・政策・法律,五人組,ごにんぐみ,,近世,日本全国,各地の村・町,江戸時代,1640,JH-000326-I01,integrated,統合説明,integrated,「五人組」について説明せよ。,江戸時代、各地の村・町を主な舞台として、江戸時代に各地の村・町で近隣の数戸を一組とし、**年貢納入・犯罪防止・キリシタン取締り**などで連帯責任を負わせた制度。 地域住民の**相互監視**を利用し、幕府・藩による支配を末端で支えた。,年貢納入|犯罪防止|キリシタン取締り|連帯責任|相互監視,,,,国立歴史民俗博物館「第3展示室 近世」,https://www.rekihaku.ac.jp/exhibitions/room3/
日本史段階別デッキ｜Deck 1｜日本史の最重要骨格400語,JH-000352,352,Deck 1｜骨格・基礎,経済・産業・交通,オランダ商館,おらんだしょうかん,,近世,九州,長崎・出島,1641〜1859年の出島時代,1641,JH-000352-B01,beginner,用語の特定,identify,鎖国下、長崎の出島に置かれて対欧州貿易と情報伝達を担った施設は？,オランダ商館,オランダ商館,,,,国立歴史民俗博物館「第3展示室 近世」,https://www.rekihaku.ac.jp/exhibitions/room3/
日本史段階別デッキ｜Deck 1｜日本史の最重要骨格400語,JH-000352,352,Deck 1｜骨格・基礎,経済・産業・交通,オランダ商館,おらんだしょうかん,,近世,九州,長崎・出島,1641〜1859年の出島時代,1641,JH-000352-B02,beginner,時期,time,オランダ商館が行われた・発達したのはいつ？,1641〜1859年,1641〜1859年,,,1641〜1859年：「一路良い」（1641）年から「いや号泣」（1859）年までのオランダ商館,国立歴史民俗博物館「第3展示室 近世」,https://www.rekihaku.ac.jp/exhibitions/room3/
日本史段階別デッキ｜Deck 1｜日本史の最重要骨格400語,JH-000352,352,Deck 1｜骨格・基礎,経済・産業・交通,オランダ商館,おらんだしょうかん,,近世,九州,長崎・出島,1641〜1859年の出島時代,1641,JH-000352-B03,beginner,文書,content,オランダ商館の長が将軍へ提出した海外情報書を何という？,オランダ風説書(ふうせつがき),オランダ風説書,,,,国立歴史民俗博物館「第3展示室 近世」,https://www.rekihaku.ac.jp/exhibitions/room3/
日本史段階別デッキ｜Deck 1｜日本史の最重要骨格400語,JH-000352,352,Deck 1｜骨格・基礎,経済・産業・交通,オランダ商館,おらんだしょうかん,,近世,九州,長崎・出島,1641〜1859年の出島時代,1641,JH-000352-R01,reverse,時期,time,行われた・発達したのはいつ？,**1641〜1859年**,1641〜1859年,,,1641〜1859年：「一路良い」（1641）年から「いや号泣」（1859）年までのオランダ商館,国立歴史民俗博物館「第3展示室 近世」,https://www.rekihaku.ac.jp/exhibitions/room3/
日本史段階別デッキ｜Deck 1｜日本史の最重要骨格400語,JH-000352,352,Deck 1｜骨格・基礎,経済・産業・交通,オランダ商館,おらんだしょうかん,,近世,九州,長崎・出島,1641〜1859年の出島時代,1641,JH-000352-R02,reverse,複合説明,reverse,どんな仕組み・活動？,長崎の出島に置かれ、オランダ東インド会社が日本との貿易を行い、**オランダ風説書(ふうせつがき)**で海外情報を幕府へ伝えた施設。,出島|オランダ東インド会社|オランダ風説書|洋書|蘭学,,,,国立歴史民俗博物館「第3展示室 近世」,https://www.rekihaku.ac.jp/exhibitions/room3/
日本史段階別デッキ｜Deck 1｜日本史の最重要骨格400語,JH-000352,352,Deck 1｜骨格・基礎,経済・産業・交通,オランダ商館,おらんだしょうかん,,近世,九州,長崎・出島,1641〜1859年の出島時代,1641,JH-000352-R03,reverse,結果・関連,reverse,何につながった・どんな意味があった？,鎖国下の対欧州窓口となり、**洋書**・科学知識・蘭学が日本へ入る経路を支えた。,出島|オランダ東インド会社|オランダ風説書|洋書|蘭学,,,,国立歴史民俗博物館「第3展示室 近世」,https://www.rekihaku.ac.jp/exhibitions/room3/
日本史段階別デッキ｜Deck 1｜日本史の最重要骨格400語,JH-000352,352,Deck 1｜骨格・基礎,経済・産業・交通,オランダ商館,おらんだしょうかん,,近世,九州,長崎・出島,1641〜1859年の出島時代,1641,JH-000352-I01,integrated,統合説明,integrated,「オランダ商館」について説明せよ。,1641〜1859年の出島時代、長崎・出島を主な舞台として、長崎の出島に置かれ、オランダ東インド会社が日本との貿易を行い、**オランダ風説書(ふうせつがき)**で海外情報を幕府へ伝えた施設。 鎖国下の対欧州窓口となり、**洋書**・科学知識・蘭学が日本へ入る経路を支えた。,出島|オランダ東インド会社|オランダ風説書|洋書|蘭学,,,1641〜1859年：「一路良い」（1641）年から「いや号泣」（1859）年までのオランダ商館,国立歴史民俗博物館「第3展示室 近世」,https://www.rekihaku.ac.jp/exhibitions/room3/
日本史段階別デッキ｜Deck 1｜日本史の最重要骨格400語,JH-000131,131,Deck 1｜骨格・基礎,経済・産業・交通,新田開発,しんでんかいはつ,,近世,日本全国,各地の平野・干拓地,江戸時代,1650,JH-000131-B01,beginner,用語の特定,identify,江戸時代、耕地と年貢収入を増やすため、原野・湿地・海岸などを農地化した事業は？,新田開発,新田開発,,,,国立歴史民俗博物館「第3展示室 近世」,https://www.rekihaku.ac.jp/exhibitions/room3/
日本史段階別デッキ｜Deck 1｜日本史の最重要骨格400語,JH-000131,131,Deck 1｜骨格・基礎,経済・産業・交通,新田開発,しんでんかいはつ,,近世,日本全国,各地の平野・干拓地,江戸時代,1650,JH-000131-B02,beginner,時期,time,新田開発が行われた・発達したのはいつ？,江戸時代,江戸時代,,,,国立歴史民俗博物館「第3展示室 近世」,https://www.rekihaku.ac.jp/exhibitions/room3/
日本史段階別デッキ｜Deck 1｜日本史の最重要骨格400語,JH-000131,131,Deck 1｜骨格・基礎,経済・産業・交通,新田開発,しんでんかいはつ,,近世,日本全国,各地の平野・干拓地,江戸時代,1650,JH-000131-B03,beginner,目的,cause,新田開発を進めた主な目的は？,耕地・年貢収入の増加,耕地・年貢収入の増加,,,,国立歴史民俗博物館「第3展示室 近世」,https://www.rekihaku.ac.jp/exhibitions/room3/
日本史段階別デッキ｜Deck 1｜日本史の最重要骨格400語,JH-000131,131,Deck 1｜骨格・基礎,経済・産業・交通,新田開発,しんでんかいはつ,,近世,日本全国,各地の平野・干拓地,江戸時代,1650,JH-000131-R01,reverse,時期,time,行われた・発達したのはいつ？,**江戸時代**,江戸時代,,,,国立歴史民俗博物館「第3展示室 近世」,https://www.rekihaku.ac.jp/exhibitions/room3/
日本史段階別デッキ｜Deck 1｜日本史の最重要骨格400語,JH-000131,131,Deck 1｜骨格・基礎,経済・産業・交通,新田開発,しんでんかいはつ,,近世,日本全国,各地の平野・干拓地,江戸時代,1650,JH-000131-R02,reverse,複合説明,reverse,どんな仕組み・活動？,幕府・藩・豪農・町人らが各地で原野・湿地・海岸を開墾・干拓し、**耕地面積と年貢収入**を増やした事業。,開墾|干拓|耕地面積|年貢収入|人口増加|商品経済,,,,国立歴史民俗博物館「第3展示室 近世」,https://www.rekihaku.ac.jp/exhibitions/room3/
日本史段階別デッキ｜Deck 1｜日本史の最重要骨格400語,JH-000131,131,Deck 1｜骨格・基礎,経済・産業・交通,新田開発,しんでんかいはつ,,近世,日本全国,各地の平野・干拓地,江戸時代,1650,JH-000131-R03,reverse,結果・関連,reverse,何につながった・どんな意味があった？,**人口増加**と商品経済を支えた一方、水利争いや環境変化、新田百姓の負担も生んだ。,開墾|干拓|耕地面積|年貢収入|人口増加|商品経済,,,,国立歴史民俗博物館「第3展示室 近世」,https://www.rekihaku.ac.jp/exhibitions/room3/
日本史段階別デッキ｜Deck 1｜日本史の最重要骨格400語,JH-000131,131,Deck 1｜骨格・基礎,経済・産業・交通,新田開発,しんでんかいはつ,,近世,日本全国,各地の平野・干拓地,江戸時代,1650,JH-000131-I01,integrated,統合説明,integrated,「新田開発」について説明せよ。,江戸時代、各地の平野・干拓地を主な舞台として、幕府・藩・豪農・町人らが各地で原野・湿地・海岸を開墾・干拓し、**耕地面積と年貢収入**を増やした事業。 **人口増加**と商品経済を支えた一方、水利争いや環境変化、新田百姓の負担も生んだ。,開墾|干拓|耕地面積|年貢収入|人口増加|商品経済,,,,国立歴史民俗博物館「第3展示室 近世」,https://www.rekihaku.ac.jp/exhibitions/room3/
日本史段階別デッキ｜Deck 1｜日本史の最重要骨格400語,JH-000133,133,Deck 1｜骨格・基礎,地域・都市・遺跡,三都,さんと,,近世,日本全国,江戸・大坂・京都,江戸時代,1650,JH-000133-B01,beginner,用語の特定,identify,江戸時代に政治・経済・文化の中心となった江戸・大坂・京都をまとめた呼称は？,三都,三都,,,,国立歴史民俗博物館「第3展示室 近世」,https://www.rekihaku.ac.jp/exhibitions/room3/
日本史段階別デッキ｜Deck 1｜日本史の最重要骨格400語,JH-000133,133,Deck 1｜骨格・基礎,地域・都市・遺跡,三都,さんと,,近世,日本全国,江戸・大坂・京都,江戸時代,1650,JH-000133-B02,beginner,時期,time,三都が歴史上重要な意味を持つのはいつ？,江戸時代,江戸時代,,,,国立歴史民俗博物館「第3展示室 近世」,https://www.rekihaku.ac.jp/exhibitions/room3/
日本史段階別デッキ｜Deck 1｜日本史の最重要骨格400語,JH-000133,133,Deck 1｜骨格・基礎,地域・都市・遺跡,三都,さんと,,近世,日本全国,江戸・大坂・京都,江戸時代,1650,JH-000133-B03,beginner,構成,content,三都を構成する三都市は？,江戸・大坂・京都,江戸・大坂・京都,,,,国立歴史民俗博物館「第3展示室 近世」,https://www.rekihaku.ac.jp/exhibitions/room3/
日本史段階別デッキ｜Deck 1｜日本史の最重要骨格400語,JH-000133,133,Deck 1｜骨格・基礎,地域・都市・遺跡,三都,さんと,,近世,日本全国,江戸・大坂・京都,江戸時代,1650,JH-000133-R01,reverse,時期,time,歴史上重要な意味を持つのはいつ？,**江戸時代**,江戸時代,,,,国立歴史民俗博物館「第3展示室 近世」,https://www.rekihaku.ac.jp/exhibitions/room3/
日本史段階別デッキ｜Deck 1｜日本史の最重要骨格400語,JH-000133,133,Deck 1｜骨格・基礎,地域・都市・遺跡,三都,さんと,,近世,日本全国,江戸・大坂・京都,江戸時代,1650,JH-000133-R02,reverse,複合説明,reverse,何が分かる・何が重要？,江戸時代の**江戸・大坂・京都**をまとめた呼称で、江戸は政治、大坂は全国市場、京都は伝統文化・手工業の中心となった。,江戸|大坂|京都|政治|全国市場|伝統文化|商品流通,,,,国立歴史民俗博物館「第3展示室 近世」,https://www.rekihaku.ac.jp/exhibitions/room3/
日本史段階別デッキ｜Deck 1｜日本史の最重要骨格400語,JH-000133,133,Deck 1｜骨格・基礎,地域・都市・遺跡,三都,さんと,,近世,日本全国,江戸・大坂・京都,江戸時代,1650,JH-000133-R03,reverse,結果・関連,reverse,何につながった・どんな意味があった？,街道・海運で結ばれ、全国的な**商品流通**と都市文化の発展を主導した。,江戸|大坂|京都|政治|全国市場|伝統文化|商品流通,,,,国立歴史民俗博物館「第3展示室 近世」,https://www.rekihaku.ac.jp/exhibitions/room3/
日本史段階別デッキ｜Deck 1｜日本史の最重要骨格400語,JH-000133,133,Deck 1｜骨格・基礎,地域・都市・遺跡,三都,さんと,,近世,日本全国,江戸・大坂・京都,江戸時代,1650,JH-000133-I01,integrated,統合説明,integrated,「三都」について説明せよ。,江戸時代、江戸・大坂・京都を主な舞台として、江戸時代の**江戸・大坂・京都**をまとめた呼称で、江戸は政治、大坂は全国市場、京都は伝統文化・手工業の中心となった。 街道・海運で結ばれ、全国的な**商品流通**と都市文化の発展を主導した。,江戸|大坂|京都|政治|全国市場|伝統文化|商品流通,,,,国立歴史民俗博物館「第3展示室 近世」,https://www.rekihaku.ac.jp/exhibitions/room3/
日本史段階別デッキ｜Deck 1｜日本史の最重要骨格400語,JH-000353,353,Deck 1｜骨格・基礎,経済・産業・交通,蔵屋敷,くらやしき,,近世,近畿,大坂・江戸の河岸,江戸時代,1650,JH-000353-B01,beginner,用語の特定,identify,諸藩が年貢米や特産物を保管・販売するため、大坂などに置いた施設は？,蔵屋敷(くらやしき),蔵屋敷,,,,国立歴史民俗博物館「第3展示室 近世」,https://www.rekihaku.ac.jp/exhibitions/room3/
日本史段階別デッキ｜Deck 1｜日本史の最重要骨格400語,JH-000353,353,Deck 1｜骨格・基礎,経済・産業・交通,蔵屋敷,くらやしき,,近世,近畿,大坂・江戸の河岸,江戸時代,1650,JH-000353-B02,beginner,時期,time,蔵屋敷(くらやしき)が行われた・発達したのはいつ？,江戸時代,江戸時代,,,,国立歴史民俗博物館「第3展示室 近世」,https://www.rekihaku.ac.jp/exhibitions/room3/
日本史段階別デッキ｜Deck 1｜日本史の最重要骨格400語,JH-000353,353,Deck 1｜骨格・基礎,経済・産業・交通,蔵屋敷,くらやしき,,近世,近畿,大坂・江戸の河岸,江戸時代,1650,JH-000353-B03,beginner,商品,content,蔵屋敷(くらやしき)で保管・販売された中心的商品は？,年貢米,年貢米,,,,国立歴史民俗博物館「第3展示室 近世」,https://www.rekihaku.ac.jp/exhibitions/room3/
日本史段階別デッキ｜Deck 1｜日本史の最重要骨格400語,JH-000353,353,Deck 1｜骨格・基礎,経済・産業・交通,蔵屋敷,くらやしき,,近世,近畿,大坂・江戸の河岸,江戸時代,1650,JH-000353-R01,reverse,時期,time,行われた・発達したのはいつ？,**江戸時代**,江戸時代,,,,国立歴史民俗博物館「第3展示室 近世」,https://www.rekihaku.ac.jp/exhibitions/room3/
日本史段階別デッキ｜Deck 1｜日本史の最重要骨格400語,JH-000353,353,Deck 1｜骨格・基礎,経済・産業・交通,蔵屋敷,くらやしき,,近世,近畿,大坂・江戸の河岸,江戸時代,1650,JH-000353-R02,reverse,複合説明,reverse,どんな仕組み・活動？,諸藩が大坂や江戸の河岸に置き、**年貢米・特産物**を保管・販売し、藩財政の資金を調達した施設。,諸藩|年貢米|特産物|大坂|蔵元|掛屋|藩財政,,,,国立歴史民俗博物館「第3展示室 近世」,https://www.rekihaku.ac.jp/exhibitions/room3/
日本史段階別デッキ｜Deck 1｜日本史の最重要骨格400語,JH-000353,353,Deck 1｜骨格・基礎,経済・産業・交通,蔵屋敷,くらやしき,,近世,近畿,大坂・江戸の河岸,江戸時代,1650,JH-000353-R03,reverse,結果・関連,reverse,何につながった・どんな意味があった？,**大坂**の全国市場としての地位を高め、蔵元(くらもと)・掛屋(かけや)など商人の金融活動を発達させた。,諸藩|年貢米|特産物|大坂|蔵元|掛屋|藩財政,,,,国立歴史民俗博物館「第3展示室 近世」,https://www.rekihaku.ac.jp/exhibitions/room3/
日本史段階別デッキ｜Deck 1｜日本史の最重要骨格400語,JH-000353,353,Deck 1｜骨格・基礎,経済・産業・交通,蔵屋敷,くらやしき,,近世,近畿,大坂・江戸の河岸,江戸時代,1650,JH-000353-I01,integrated,統合説明,integrated,「蔵屋敷(くらやしき)」について説明せよ。,江戸時代、大坂・江戸の河岸を主な舞台として、諸藩が大坂や江戸の河岸に置き、**年貢米・特産物**を保管・販売し、藩財政の資金を調達した施設。 **大坂**の全国市場としての地位を高め、蔵元(くらもと)・掛屋(かけや)など商人の金融活動を発達させた。,諸藩|年貢米|特産物|大坂|蔵元|掛屋|藩財政,,,,国立歴史民俗博物館「第3展示室 近世」,https://www.rekihaku.ac.jp/exhibitions/room3/
日本史段階別デッキ｜Deck 1｜日本史の最重要骨格400語,JH-000127,127,Deck 1｜骨格・基礎,制度・政策・法律,寺請制度,てらうけせいど,,近世,日本全国,各地の寺院と村・町,江戸時代,1660,JH-000127-B01,beginner,用語の特定,identify,すべての人をいずれかの寺院の檀家(だんか)とし、寺が非キリシタンであることを証明した制度は？,寺請制度(てらうけせいど),寺請制度,,,,国立歴史民俗博物館「第3展示室 近世」,https://www.rekihaku.ac.jp/exhibitions/room3/
日本史段階別デッキ｜Deck 1｜日本史の最重要骨格400語,JH-000127,127,Deck 1｜骨格・基礎,制度・政策・法律,寺請制度,てらうけせいど,,近世,日本全国,各地の寺院と村・町,江戸時代,1660,JH-000127-B02,beginner,時期,time,寺請制度(てらうけせいど)が成立・実施されたのはいつ？,江戸時代,江戸時代,,,,国立歴史民俗博物館「第3展示室 近世」,https://www.rekihaku.ac.jp/exhibitions/room3/
日本史段階別デッキ｜Deck 1｜日本史の最重要骨格400語,JH-000127,127,Deck 1｜骨格・基礎,制度・政策・法律,寺請制度,てらうけせいど,,近世,日本全国,各地の寺院と村・町,江戸時代,1660,JH-000127-B03,beginner,目的,content,寺請制度(てらうけせいど)で寺院が発行した証明は、何を否定するためのものか？,キリシタンでないこと,キリシタンでないこと,,,,国立歴史民俗博物館「第3展示室 近世」,https://www.rekihaku.ac.jp/exhibitions/room3/
日本史段階別デッキ｜Deck 1｜日本史の最重要骨格400語,JH-000127,127,Deck 1｜骨格・基礎,制度・政策・法律,寺請制度,てらうけせいど,,近世,日本全国,各地の寺院と村・町,江戸時代,1660,JH-000127-R01,reverse,時期,time,成立・実施されたのはいつ？,**江戸時代**,江戸時代,,,,国立歴史民俗博物館「第3展示室 近世」,https://www.rekihaku.ac.jp/exhibitions/room3/
日本史段階別デッキ｜Deck 1｜日本史の最重要骨格400語,JH-000127,127,Deck 1｜骨格・基礎,制度・政策・法律,寺請制度,てらうけせいど,,近世,日本全国,各地の寺院と村・町,江戸時代,1660,JH-000127-R02,reverse,複合説明,reverse,どんな制度・政策・法律？,江戸幕府が人々をいずれかの寺院の**檀家(だんか)**とし、寺にキリシタンでないことを証明させた制度。,檀家|非キリシタン証明|禁教政策|人口把握|寺院|地域統治,,,,国立歴史民俗博物館「第3展示室 近世」,https://www.rekihaku.ac.jp/exhibitions/room3/
日本史段階別デッキ｜Deck 1｜日本史の最重要骨格400語,JH-000127,127,Deck 1｜骨格・基礎,制度・政策・法律,寺請制度,てらうけせいど,,近世,日本全国,各地の寺院と村・町,江戸時代,1660,JH-000127-R03,reverse,結果・関連,reverse,何につながった・どんな意味があった？,**禁教政策**と人口・身分把握を結びつけ、寺院を地域統治の末端へ組み込んだ。,檀家|非キリシタン証明|禁教政策|人口把握|寺院|地域統治,,,,国立歴史民俗博物館「第3展示室 近世」,https://www.rekihaku.ac.jp/exhibitions/room3/
日本史段階別デッキ｜Deck 1｜日本史の最重要骨格400語,JH-000127,127,Deck 1｜骨格・基礎,制度・政策・法律,寺請制度,てらうけせいど,,近世,日本全国,各地の寺院と村・町,江戸時代,1660,JH-000127-I01,integrated,統合説明,integrated,「寺請制度(てらうけせいど)」について説明せよ。,江戸時代、各地の寺院と村・町を主な舞台として、江戸幕府が人々をいずれかの寺院の**檀家(だんか)**とし、寺にキリシタンでないことを証明させた制度。 **禁教政策**と人口・身分把握を結びつけ、寺院を地域統治の末端へ組み込んだ。,檀家|非キリシタン証明|禁教政策|人口把握|寺院|地域統治,,,,国立歴史民俗博物館「第3展示室 近世」,https://www.rekihaku.ac.jp/exhibitions/room3/
日本史段階別デッキ｜Deck 1｜日本史の最重要骨格400語,JH-000354,354,Deck 1｜骨格・基礎,人物,井原西鶴,いはらさいかく,,近世,近畿,大坂・上方,江戸時代前期・元禄期,1682,JH-000354-B01,beginner,用語の特定,identify,『好色一代男』『日本永代蔵』などを書き、浮世草子を確立した上方の作家は？,井原西鶴(いはらさいかく),井原西鶴,,,,文化庁「文化遺産オンライン」,https://online.bunka.go.jp/
日本史段階別デッキ｜Deck 1｜日本史の最重要骨格400語,JH-000354,354,Deck 1｜骨格・基礎,人物,井原西鶴,いはらさいかく,,近世,近畿,大坂・上方,江戸時代前期・元禄期,1682,JH-000354-B02,beginner,時期,time,井原西鶴(いはらさいかく)が主に活動したのはいつ？,江戸時代前期・元禄期,江戸時代前期・元禄期,,,,文化庁「文化遺産オンライン」,https://online.bunka.go.jp/
日本史段階別デッキ｜Deck 1｜日本史の最重要骨格400語,JH-000354,354,Deck 1｜骨格・基礎,人物,井原西鶴,いはらさいかく,,近世,近畿,大坂・上方,江戸時代前期・元禄期,1682,JH-000354-B03,beginner,文学,content,井原西鶴(いはらさいかく)が確立した文学ジャンルは？,浮世草子,浮世草子,,,,文化庁「文化遺産オンライン」,https://online.bunka.go.jp/
日本史段階別デッキ｜Deck 1｜日本史の最重要骨格400語,JH-000354,354,Deck 1｜骨格・基礎,人物,井原西鶴,いはらさいかく,,近世,近畿,大坂・上方,江戸時代前期・元禄期,1682,JH-000354-R01,reverse,時期,time,主に活動したのはいつ？,**江戸時代前期・元禄期**,江戸時代前期・元禄期,,,,文化庁「文化遺産オンライン」,https://online.bunka.go.jp/
日本史段階別デッキ｜Deck 1｜日本史の最重要骨格400語,JH-000354,354,Deck 1｜骨格・基礎,人物,井原西鶴,いはらさいかく,,近世,近畿,大坂・上方,江戸時代前期・元禄期,1682,JH-000354-R02,reverse,複合説明,reverse,何をした？,大坂を中心に町人の恋愛・金銭・生活を題材とし、『好色一代男』『日本永代蔵』などで**浮世草子**を確立した作家。,大坂|町人|好色一代男|日本永代蔵|浮世草子|元禄文化,,,,文化庁「文化遺産オンライン」,https://online.bunka.go.jp/
日本史段階別デッキ｜Deck 1｜日本史の最重要骨格400語,JH-000354,354,Deck 1｜骨格・基礎,人物,井原西鶴,いはらさいかく,,近世,近畿,大坂・上方,江戸時代前期・元禄期,1682,JH-000354-R03,reverse,結果・関連,reverse,何につながった・どんな意味があった？,元禄期の**町人**社会の価値観と活力を描き、近世小説の発展に大きく寄与した。,大坂|町人|好色一代男|日本永代蔵|浮世草子|元禄文化,,,,文化庁「文化遺産オンライン」,https://online.bunka.go.jp/
日本史段階別デッキ｜Deck 1｜日本史の最重要骨格400語,JH-000354,354,Deck 1｜骨格・基礎,人物,井原西鶴,いはらさいかく,,近世,近畿,大坂・上方,江戸時代前期・元禄期,1682,JH-000354-I01,integrated,統合説明,integrated,「井原西鶴(いはらさいかく)」について説明せよ。,江戸時代前期・元禄期、大坂・上方を主な舞台として、大坂を中心に町人の恋愛・金銭・生活を題材とし、『好色一代男』『日本永代蔵』などで**浮世草子**を確立した作家。 元禄期の**町人**社会の価値観と活力を描き、近世小説の発展に大きく寄与した。,大坂|町人|好色一代男|日本永代蔵|浮世草子|元禄文化,,,,文化庁「文化遺産オンライン」,https://online.bunka.go.jp/
日本史段階別デッキ｜Deck 1｜日本史の最重要骨格400語,JH-000239,239,Deck 1｜骨格・基礎,人物,松尾芭蕉,まつおばしょう,,近世,日本全国,江戸・東北・北陸など,江戸時代前期・元禄期,1689,JH-000239-B01,beginner,用語の特定,identify,俳諧を芸術として高め、『奥の細道』を著した俳人は？,松尾芭蕉(まつおばしょう),松尾芭蕉,,,,文化庁「文化遺産オンライン」,https://online.bunka.go.jp/
日本史段階別デッキ｜Deck 1｜日本史の最重要骨格400語,JH-000239,239,Deck 1｜骨格・基礎,人物,松尾芭蕉,まつおばしょう,,近世,日本全国,江戸・東北・北陸など,江戸時代前期・元禄期,1689,JH-000239-B02,beginner,時期,time,松尾芭蕉(まつおばしょう)が主に活動したのはいつ？,江戸時代前期・元禄期,江戸時代前期・元禄期,,,,文化庁「文化遺産オンライン」,https://online.bunka.go.jp/
日本史段階別デッキ｜Deck 1｜日本史の最重要骨格400語,JH-000239,239,Deck 1｜骨格・基礎,人物,松尾芭蕉,まつおばしょう,,近世,日本全国,江戸・東北・北陸など,江戸時代前期・元禄期,1689,JH-000239-B03,beginner,作品,content,松尾芭蕉(まつおばしょう)の代表的紀行文は？,奥の細道,奥の細道,,,,文化庁「文化遺産オンライン」,https://online.bunka.go.jp/
日本史段階別デッキ｜Deck 1｜日本史の最重要骨格400語,JH-000239,239,Deck 1｜骨格・基礎,人物,松尾芭蕉,まつおばしょう,,近世,日本全国,江戸・東北・北陸など,江戸時代前期・元禄期,1689,JH-000239-R01,reverse,時期,time,主に活動したのはいつ？,**江戸時代前期・元禄期**,江戸時代前期・元禄期,,,,文化庁「文化遺産オンライン」,https://online.bunka.go.jp/
日本史段階別デッキ｜Deck 1｜日本史の最重要骨格400語,JH-000239,239,Deck 1｜骨格・基礎,人物,松尾芭蕉,まつおばしょう,,近世,日本全国,江戸・東北・北陸など,江戸時代前期・元禄期,1689,JH-000239-R02,reverse,複合説明,reverse,何をした？,江戸を拠点に各地を旅し、**蕉風俳諧**を確立して俳諧を高い芸術性を持つ文芸へ発展させた俳人。,蕉風俳諧|奥の細道|旅|自然|俳句|元禄文化,,,,文化庁「文化遺産オンライン」,https://online.bunka.go.jp/
日本史段階別デッキ｜Deck 1｜日本史の最重要骨格400語,JH-000239,239,Deck 1｜骨格・基礎,人物,松尾芭蕉,まつおばしょう,,近世,日本全国,江戸・東北・北陸など,江戸時代前期・元禄期,1689,JH-000239-R03,reverse,結果・関連,reverse,何につながった・どんな意味があった？,『**奥の細道**』などで旅・自然・歴史を簡潔な言葉に凝縮し、後世の俳句へ大きな影響を与えた。,蕉風俳諧|奥の細道|旅|自然|俳句|元禄文化,,,,文化庁「文化遺産オンライン」,https://online.bunka.go.jp/
日本史段階別デッキ｜Deck 1｜日本史の最重要骨格400語,JH-000239,239,Deck 1｜骨格・基礎,人物,松尾芭蕉,まつおばしょう,,近世,日本全国,江戸・東北・北陸など,江戸時代前期・元禄期,1689,JH-000239-I01,integrated,統合説明,integrated,「松尾芭蕉(まつおばしょう)」について説明せよ。,江戸時代前期・元禄期、江戸・東北・北陸などを主な舞台として、江戸を拠点に各地を旅し、**蕉風俳諧**を確立して俳諧を高い芸術性を持つ文芸へ発展させた俳人。 『**奥の細道**』などで旅・自然・歴史を簡潔な言葉に凝縮し、後世の俳句へ大きな影響を与えた。,蕉風俳諧|奥の細道|旅|自然|俳句|元禄文化,,,,文化庁「文化遺産オンライン」,https://online.bunka.go.jp/
日本史段階別デッキ｜Deck 1｜日本史の最重要骨格400語,JH-000135,135,Deck 1｜骨格・基礎,文化・技術・学問,元禄文化,げんろくぶんか,,近世,近畿,上方を中心に江戸へ,17世紀末〜18世紀初め,1690,JH-000135-B01,beginner,用語の特定,identify,上方の豪商・町人を担い手に、浮世草子・俳諧・人形浄瑠璃などが栄えた文化は？,元禄文化,元禄文化,,,,文化庁「文化遺産オンライン」,https://online.bunka.go.jp/
日本史段階別デッキ｜Deck 1｜日本史の最重要骨格400語,JH-000135,135,Deck 1｜骨格・基礎,文化・技術・学問,元禄文化,げんろくぶんか,,近世,近畿,上方を中心に江戸へ,17世紀末〜18世紀初め,1690,JH-000135-B02,beginner,時期,time,元禄文化が成立・発達したのはいつ？,17世紀末〜18世紀初め,17世紀末〜18世紀初め,,,17世紀末〜18世紀初め：「ひと・なな」（17）世紀から「ひと・や」（18）世紀までの元禄文化,文化庁「文化遺産オンライン」,https://online.bunka.go.jp/
日本史段階別デッキ｜Deck 1｜日本史の最重要骨格400語,JH-000135,135,Deck 1｜骨格・基礎,文化・技術・学問,元禄文化,げんろくぶんか,,近世,近畿,上方を中心に江戸へ,17世紀末〜18世紀初め,1690,JH-000135-B03,beginner,地域,place,元禄文化の中心となった地域は？,上方,上方,,,,文化庁「文化遺産オンライン」,https://online.bunka.go.jp/
日本史段階別デッキ｜Deck 1｜日本史の最重要骨格400語,JH-000135,135,Deck 1｜骨格・基礎,文化・技術・学問,元禄文化,げんろくぶんか,,近世,近畿,上方を中心に江戸へ,17世紀末〜18世紀初め,1690,JH-000135-R01,reverse,時期,time,成立・発達したのはいつ？,**17世紀末〜18世紀初め**,17世紀末〜18世紀初め,,,17世紀末〜18世紀初め：「ひと・なな」（17）世紀から「ひと・や」（18）世紀までの元禄文化,文化庁「文化遺産オンライン」,https://online.bunka.go.jp/
日本史段階別デッキ｜Deck 1｜日本史の最重要骨格400語,JH-000135,135,Deck 1｜骨格・基礎,文化・技術・学問,元禄文化,げんろくぶんか,,近世,近畿,上方を中心に江戸へ,17世紀末〜18世紀初め,1690,JH-000135-R02,reverse,複合説明,reverse,どんな文化・技術・学問？,17世紀末から18世紀初め、京都・大坂の**上方町人**を主な担い手に、現実的で活気ある文芸・芸能が栄えた文化。,上方町人|井原西鶴|松尾芭蕉|近松門左衛門|浮世草子|俳諧|人形浄瑠璃,,,,文化庁「文化遺産オンライン」,https://online.bunka.go.jp/
日本史段階別デッキ｜Deck 1｜日本史の最重要骨格400語,JH-000135,135,Deck 1｜骨格・基礎,文化・技術・学問,元禄文化,げんろくぶんか,,近世,近畿,上方を中心に江戸へ,17世紀末〜18世紀初め,1690,JH-000135-R03,reverse,結果・関連,reverse,何につながった・どんな意味があった？,**井原西鶴(いはらさいかく)**の浮世草子、松尾芭蕉(まつおばしょう)の俳諧、近松門左衛門(ちかまつもんざえもん)の人形浄瑠璃などを生んだ。,上方町人|井原西鶴|松尾芭蕉|近松門左衛門|浮世草子|俳諧|人形浄瑠璃,,,,文化庁「文化遺産オンライン」,https://online.bunka.go.jp/
日本史段階別デッキ｜Deck 1｜日本史の最重要骨格400語,JH-000135,135,Deck 1｜骨格・基礎,文化・技術・学問,元禄文化,げんろくぶんか,,近世,近畿,上方を中心に江戸へ,17世紀末〜18世紀初め,1690,JH-000135-I01,integrated,統合説明,integrated,「元禄文化」について説明せよ。,17世紀末〜18世紀初め、上方を中心に江戸へを主な舞台として、17世紀末から18世紀初め、京都・大坂の**上方町人**を主な担い手に、現実的で活気ある文芸・芸能が栄えた文化。 **井原西鶴(いはらさいかく)**の浮世草子、松尾芭蕉(まつおばしょう)の俳諧、近松門左衛門(ちかまつもんざえもん)の人形浄瑠璃などを生んだ。,上方町人|井原西鶴|松尾芭蕉|近松門左衛門|浮世草子|俳諧|人形浄瑠璃,,,17世紀末〜18世紀初め：「ひと・なな」（17）世紀から「ひと・や」（18）世紀までの元禄文化,文化庁「文化遺産オンライン」,https://online.bunka.go.jp/
日本史段階別デッキ｜Deck 1｜日本史の最重要骨格400語,JH-000132,132,Deck 1｜骨格・基礎,運動,百姓一揆,ひゃくしょういっき,,近世,日本全国,各藩の農村・城下町,江戸時代,1700,JH-000132-B01,beginner,用語の特定,identify,江戸時代、農民が年貢軽減・不正役人の罷免などを求めて領主に集団で訴えた運動は？,百姓一揆(ひゃくしょういっき),百姓一揆,,,,国立歴史民俗博物館「第3展示室 近世」,https://www.rekihaku.ac.jp/exhibitions/room3/
日本史段階別デッキ｜Deck 1｜日本史の最重要骨格400語,JH-000132,132,Deck 1｜骨格・基礎,運動,百姓一揆,ひゃくしょういっき,,近世,日本全国,各藩の農村・城下町,江戸時代,1700,JH-000132-B02,beginner,時期,time,百姓一揆(ひゃくしょういっき)が起きた・盛んだったのはいつ？,江戸時代,江戸時代,,,,国立歴史民俗博物館「第3展示室 近世」,https://www.rekihaku.ac.jp/exhibitions/room3/
日本史段階別デッキ｜Deck 1｜日本史の最重要骨格400語,JH-000132,132,Deck 1｜骨格・基礎,運動,百姓一揆,ひゃくしょういっき,,近世,日本全国,各藩の農村・城下町,江戸時代,1700,JH-000132-B03,beginner,要求,content,百姓一揆(ひゃくしょういっき)の代表的な要求を一つ答えよ。,年貢軽減,年貢軽減,不正役人の罷免|専売制反対,,,国立歴史民俗博物館「第3展示室 近世」,https://www.rekihaku.ac.jp/exhibitions/room3/
日本史段階別デッキ｜Deck 1｜日本史の最重要骨格400語,JH-000132,132,Deck 1｜骨格・基礎,運動,百姓一揆,ひゃくしょういっき,,近世,日本全国,各藩の農村・城下町,江戸時代,1700,JH-000132-R01,reverse,時期,time,起きた・盛んだったのはいつ？,**江戸時代**,江戸時代,,,,国立歴史民俗博物館「第3展示室 近世」,https://www.rekihaku.ac.jp/exhibitions/room3/
日本史段階別デッキ｜Deck 1｜日本史の最重要骨格400語,JH-000132,132,Deck 1｜骨格・基礎,運動,百姓一揆,ひゃくしょういっき,,近世,日本全国,各藩の農村・城下町,江戸時代,1700,JH-000132-R02,reverse,複合説明,reverse,何を求めて、何が起きた？,江戸時代の各地で農民が結合し、**年貢軽減・不正役人の罷免・専売制反対**などを領主へ求めた運動。,年貢軽減|不正役人罷免|専売制反対|越訴|逃散|強訴,,,,国立歴史民俗博物館「第3展示室 近世」,https://www.rekihaku.ac.jp/exhibitions/room3/
日本史段階別デッキ｜Deck 1｜日本史の最重要骨格400語,JH-000132,132,Deck 1｜骨格・基礎,運動,百姓一揆,ひゃくしょういっき,,近世,日本全国,各藩の農村・城下町,江戸時代,1700,JH-000132-R03,reverse,結果・関連,reverse,何につながった・どんな意味があった？,**越訴**・逃散・強訴など多様な形をとり、村落社会の団結と領主支配の矛盾を示した。,年貢軽減|不正役人罷免|専売制反対|越訴|逃散|強訴,,,,国立歴史民俗博物館「第3展示室 近世」,https://www.rekihaku.ac.jp/exhibitions/room3/
日本史段階別デッキ｜Deck 1｜日本史の最重要骨格400語,JH-000132,132,Deck 1｜骨格・基礎,運動,百姓一揆,ひゃくしょういっき,,近世,日本全国,各藩の農村・城下町,江戸時代,1700,JH-000132-I01,integrated,統合説明,integrated,「百姓一揆(ひゃくしょういっき)」について説明せよ。,江戸時代、各藩の農村・城下町を主な舞台として、江戸時代の各地で農民が結合し、**年貢軽減・不正役人の罷免・専売制反対**などを領主へ求めた運動。 **越訴**・逃散・強訴など多様な形をとり、村落社会の団結と領主支配の矛盾を示した。,年貢軽減|不正役人罷免|専売制反対|越訴|逃散|強訴,,,,国立歴史民俗博物館「第3展示室 近世」,https://www.rekihaku.ac.jp/exhibitions/room3/
日本史段階別デッキ｜Deck 1｜日本史の最重要骨格400語,JH-000240,240,Deck 1｜骨格・基礎,経済・産業・交通,商品作物,しょうひんさくもつ,,近世,日本全国,各地の農村,江戸時代,1700,JH-000240-B01,beginner,用語の特定,identify,自家消費より販売を目的に栽培された綿・菜種・藍・茶などの作物を何という？,商品作物,商品作物,,,,国立歴史民俗博物館「第3展示室 近世」,https://www.rekihaku.ac.jp/exhibitions/room3/
日本史段階別デッキ｜Deck 1｜日本史の最重要骨格400語,JH-000240,240,Deck 1｜骨格・基礎,経済・産業・交通,商品作物,しょうひんさくもつ,,近世,日本全国,各地の農村,江戸時代,1700,JH-000240-B02,beginner,時期,time,商品作物が行われた・発達したのはいつ？,江戸時代,江戸時代,,,,国立歴史民俗博物館「第3展示室 近世」,https://www.rekihaku.ac.jp/exhibitions/room3/
日本史段階別デッキ｜Deck 1｜日本史の最重要骨格400語,JH-000240,240,Deck 1｜骨格・基礎,経済・産業・交通,商品作物,しょうひんさくもつ,,近世,日本全国,各地の農村,江戸時代,1700,JH-000240-B03,beginner,例,content,商品作物の代表例を一つ答えよ。,綿,綿,菜種|藍|茶,,,国立歴史民俗博物館「第3展示室 近世」,https://www.rekihaku.ac.jp/exhibitions/room3/
日本史段階別デッキ｜Deck 1｜日本史の最重要骨格400語,JH-000240,240,Deck 1｜骨格・基礎,経済・産業・交通,商品作物,しょうひんさくもつ,,近世,日本全国,各地の農村,江戸時代,1700,JH-000240-R01,reverse,時期,time,行われた・発達したのはいつ？,**江戸時代**,江戸時代,,,,国立歴史民俗博物館「第3展示室 近世」,https://www.rekihaku.ac.jp/exhibitions/room3/
日本史段階別デッキ｜Deck 1｜日本史の最重要骨格400語,JH-000240,240,Deck 1｜骨格・基礎,経済・産業・交通,商品作物,しょうひんさくもつ,,近世,日本全国,各地の農村,江戸時代,1700,JH-000240-R02,reverse,複合説明,reverse,どんな仕組み・活動？,江戸時代の農村で、自家消費より市場での販売を目的に栽培された**綿・菜種・藍・茶**などの作物。,綿|菜種|藍|茶|貨幣経済|農村工業|貧富差,,,,国立歴史民俗博物館「第3展示室 近世」,https://www.rekihaku.ac.jp/exhibitions/room3/
日本史段階別デッキ｜Deck 1｜日本史の最重要骨格400語,JH-000240,240,Deck 1｜骨格・基礎,経済・産業・交通,商品作物,しょうひんさくもつ,,近世,日本全国,各地の農村,江戸時代,1700,JH-000240-R03,reverse,結果・関連,reverse,何につながった・どんな意味があった？,**貨幣経済**と農村工業を発展させ、農民間の貧富差や地主・小作関係の拡大にもつながった。,綿|菜種|藍|茶|貨幣経済|農村工業|貧富差,,,,国立歴史民俗博物館「第3展示室 近世」,https://www.rekihaku.ac.jp/exhibitions/room3/
日本史段階別デッキ｜Deck 1｜日本史の最重要骨格400語,JH-000240,240,Deck 1｜骨格・基礎,経済・産業・交通,商品作物,しょうひんさくもつ,,近世,日本全国,各地の農村,江戸時代,1700,JH-000240-I01,integrated,統合説明,integrated,「商品作物」について説明せよ。,江戸時代、各地の農村を主な舞台として、江戸時代の農村で、自家消費より市場での販売を目的に栽培された**綿・菜種・藍・茶**などの作物。 **貨幣経済**と農村工業を発展させ、農民間の貧富差や地主・小作関係の拡大にもつながった。,綿|菜種|藍|茶|貨幣経済|農村工業|貧富差,,,,国立歴史民俗博物館「第3展示室 近世」,https://www.rekihaku.ac.jp/exhibitions/room3/
日本史段階別デッキ｜Deck 1｜日本史の最重要骨格400語,JH-000355,355,Deck 1｜骨格・基礎,人物,近松門左衛門,ちかまつもんざえもん,,近世,近畿,大坂・京都,江戸時代前期・元禄期,1703,JH-000355-B01,beginner,用語の特定,identify,『曽根崎心中』『国性爺合戦』などを書き、人形浄瑠璃・歌舞伎(かぶき)脚本で活躍した作者は？,近松門左衛門(ちかまつもんざえもん),近松門左衛門,,,,文化庁「文化遺産オンライン」,https://online.bunka.go.jp/
日本史段階別デッキ｜Deck 1｜日本史の最重要骨格400語,JH-000355,355,Deck 1｜骨格・基礎,人物,近松門左衛門,ちかまつもんざえもん,,近世,近畿,大坂・京都,江戸時代前期・元禄期,1703,JH-000355-B02,beginner,時期,time,近松門左衛門(ちかまつもんざえもん)が主に活動したのはいつ？,江戸時代前期・元禄期,江戸時代前期・元禄期,,,,文化庁「文化遺産オンライン」,https://online.bunka.go.jp/
日本史段階別デッキ｜Deck 1｜日本史の最重要骨格400語,JH-000355,355,Deck 1｜骨格・基礎,人物,近松門左衛門,ちかまつもんざえもん,,近世,近畿,大坂・京都,江戸時代前期・元禄期,1703,JH-000355-B03,beginner,芸能,content,近松門左衛門(ちかまつもんざえもん)が特に大成させた舞台文芸は？,人形浄瑠璃,人形浄瑠璃,,,,文化庁「文化遺産オンライン」,https://online.bunka.go.jp/
日本史段階別デッキ｜Deck 1｜日本史の最重要骨格400語,JH-000355,355,Deck 1｜骨格・基礎,人物,近松門左衛門,ちかまつもんざえもん,,近世,近畿,大坂・京都,江戸時代前期・元禄期,1703,JH-000355-R01,reverse,時期,time,主に活動したのはいつ？,**江戸時代前期・元禄期**,江戸時代前期・元禄期,,,,文化庁「文化遺産オンライン」,https://online.bunka.go.jp/
日本史段階別デッキ｜Deck 1｜日本史の最重要骨格400語,JH-000355,355,Deck 1｜骨格・基礎,人物,近松門左衛門,ちかまつもんざえもん,,近世,近畿,大坂・京都,江戸時代前期・元禄期,1703,JH-000355-R02,reverse,複合説明,reverse,何をした？,大坂・京都で**人形浄瑠璃**と歌舞伎(かぶき)の脚本を書き、『曽根崎心中』『国性爺合戦』などを残した作者。,人形浄瑠璃|歌舞伎|曽根崎心中|国性爺合戦|義理と人情|元禄文化,,,,文化庁「文化遺産オンライン」,https://online.bunka.go.jp/
日本史段階別デッキ｜Deck 1｜日本史の最重要骨格400語,JH-000355,355,Deck 1｜骨格・基礎,人物,近松門左衛門,ちかまつもんざえもん,,近世,近畿,大坂・京都,江戸時代前期・元禄期,1703,JH-000355-R03,reverse,結果・関連,reverse,何につながった・どんな意味があった？,**義理と人情**の葛藤を描き、元禄文化を代表する町人向け演劇を大成した。,人形浄瑠璃|歌舞伎|曽根崎心中|国性爺合戦|義理と人情|元禄文化,,,,文化庁「文化遺産オンライン」,https://online.bunka.go.jp/
日本史段階別デッキ｜Deck 1｜日本史の最重要骨格400語,JH-000355,355,Deck 1｜骨格・基礎,人物,近松門左衛門,ちかまつもんざえもん,,近世,近畿,大坂・京都,江戸時代前期・元禄期,1703,JH-000355-I01,integrated,統合説明,integrated,「近松門左衛門(ちかまつもんざえもん)」について説明せよ。,江戸時代前期・元禄期、大坂・京都を主な舞台として、大坂・京都で**人形浄瑠璃**と歌舞伎(かぶき)の脚本を書き、『曽根崎心中』『国性爺合戦』などを残した作者。 **義理と人情**の葛藤を描き、元禄文化を代表する町人向け演劇を大成した。,人形浄瑠璃|歌舞伎|曽根崎心中|国性爺合戦|義理と人情|元禄文化,,,,文化庁「文化遺産オンライン」,https://online.bunka.go.jp/
日本史段階別デッキ｜Deck 1｜日本史の最重要骨格400語,JH-000136,136,Deck 1｜骨格・基礎,制度・政策・法律,享保の改革,きょうほうのかいかく,,近世,日本全国,江戸幕府と全国,1716〜1745年,1716,JH-000136-B01,beginner,用語の特定,identify,徳川吉宗が倹約・新田開発・上米の制(あげまいのせい)・目安箱(めやすばこ)などを進めた幕政改革は？,享保の改革(きょうほうのかいかく),享保の改革,,,,国立歴史民俗博物館「第3展示室 近世」,https://www.rekihaku.ac.jp/exhibitions/room3/
日本史段階別デッキ｜Deck 1｜日本史の最重要骨格400語,JH-000136,136,Deck 1｜骨格・基礎,制度・政策・法律,享保の改革,きょうほうのかいかく,,近世,日本全国,江戸幕府と全国,1716〜1745年,1716,JH-000136-B02,beginner,時期,time,享保の改革(きょうほうのかいかく)が成立・実施されたのはいつ？,1716〜1745年,1716〜1745年,,,1716〜1745年：「非難いろいろ」（1716）から「ひと・なな・よ・ご」（1745）まで享保の改革,国立歴史民俗博物館「第3展示室 近世」,https://www.rekihaku.ac.jp/exhibitions/room3/
日本史段階別デッキ｜Deck 1｜日本史の最重要骨格400語,JH-000136,136,Deck 1｜骨格・基礎,制度・政策・法律,享保の改革,きょうほうのかいかく,,近世,日本全国,江戸幕府と全国,1716〜1745年,1716,JH-000136-B03,beginner,人物,person,享保の改革(きょうほうのかいかく)を主導した将軍は？,徳川吉宗,徳川吉宗,,,,国立歴史民俗博物館「第3展示室 近世」,https://www.rekihaku.ac.jp/exhibitions/room3/
日本史段階別デッキ｜Deck 1｜日本史の最重要骨格400語,JH-000136,136,Deck 1｜骨格・基礎,制度・政策・法律,享保の改革,きょうほうのかいかく,,近世,日本全国,江戸幕府と全国,1716〜1745年,1716,JH-000136-R01,reverse,時期,time,成立・実施されたのはいつ？,**1716〜1745年**,1716〜1745年,,,1716〜1745年：「非難いろいろ」（1716）から「ひと・なな・よ・ご」（1745）まで享保の改革,国立歴史民俗博物館「第3展示室 近世」,https://www.rekihaku.ac.jp/exhibitions/room3/
日本史段階別デッキ｜Deck 1｜日本史の最重要骨格400語,JH-000136,136,Deck 1｜骨格・基礎,制度・政策・法律,享保の改革,きょうほうのかいかく,,近世,日本全国,江戸幕府と全国,1716〜1745年,1716,JH-000136-R02,reverse,複合説明,reverse,どんな制度・政策・法律？,徳川吉宗が江戸幕府の財政再建を目指し、**倹約・新田開発・上米の制(あげまいのせい)・目安箱(めやすばこ)**などを実施した改革。,徳川吉宗|倹約|新田開発|上米の制|目安箱|公事方御定書|年貢増徴,,,,国立歴史民俗博物館「第3展示室 近世」,https://www.rekihaku.ac.jp/exhibitions/room3/
日本史段階別デッキ｜Deck 1｜日本史の最重要骨格400語,JH-000136,136,Deck 1｜骨格・基礎,制度・政策・法律,享保の改革,きょうほうのかいかく,,近世,日本全国,江戸幕府と全国,1716〜1745年,1716,JH-000136-R03,reverse,結果・関連,reverse,何につながった・どんな意味があった？,年貢増徴で幕府収入を立て直し、**公事方御定書(くじかたおさだめがき)**など行政・司法を整備したが、農民負担も重くなった。,徳川吉宗|倹約|新田開発|上米の制|目安箱|公事方御定書|年貢増徴,,,,国立歴史民俗博物館「第3展示室 近世」,https://www.rekihaku.ac.jp/exhibitions/room3/
日本史段階別デッキ｜Deck 1｜日本史の最重要骨格400語,JH-000136,136,Deck 1｜骨格・基礎,制度・政策・法律,享保の改革,きょうほうのかいかく,,近世,日本全国,江戸幕府と全国,1716〜1745年,1716,JH-000136-I01,integrated,統合説明,integrated,「享保の改革(きょうほうのかいかく)」について説明せよ。,1716〜1745年、江戸幕府と全国を主な舞台として、徳川吉宗が江戸幕府の財政再建を目指し、**倹約・新田開発・上米の制(あげまいのせい)・目安箱(めやすばこ)**などを実施した改革。 年貢増徴で幕府収入を立て直し、**公事方御定書(くじかたおさだめがき)**など行政・司法を整備したが、農民負担も重くなった。,徳川吉宗|倹約|新田開発|上米の制|目安箱|公事方御定書|年貢増徴,,,1716〜1745年：「非難いろいろ」（1716）から「ひと・なな・よ・ご」（1745）まで享保の改革,国立歴史民俗博物館「第3展示室 近世」,https://www.rekihaku.ac.jp/exhibitions/room3/
日本史段階別デッキ｜Deck 1｜日本史の最重要骨格400語,JH-000241,241,Deck 1｜骨格・基礎,人物,徳川吉宗,とくがわよしむね,,近世,日本全国,江戸を中心とする全国,江戸時代中期,1716,JH-000241-B01,beginner,用語の特定,identify,享保の改革(きょうほうのかいかく)を行い、目安箱(めやすばこ)・上米の制(あげまいのせい)・公事方御定書(くじかたおさだめがき)などを実施した8代将軍は？,徳川吉宗,徳川吉宗,,,,国立歴史民俗博物館「第3展示室 近世」,https://www.rekihaku.ac.jp/exhibitions/room3/
日本史段階別デッキ｜Deck 1｜日本史の最重要骨格400語,JH-000241,241,Deck 1｜骨格・基礎,人物,徳川吉宗,とくがわよしむね,,近世,日本全国,江戸を中心とする全国,江戸時代中期,1716,JH-000241-B02,beginner,時期,time,徳川吉宗が主に活動したのはいつ？,江戸時代中期,江戸時代中期,,,,国立歴史民俗博物館「第3展示室 近世」,https://www.rekihaku.ac.jp/exhibitions/room3/
日本史段階別デッキ｜Deck 1｜日本史の最重要骨格400語,JH-000241,241,Deck 1｜骨格・基礎,人物,徳川吉宗,とくがわよしむね,,近世,日本全国,江戸を中心とする全国,江戸時代中期,1716,JH-000241-B03,beginner,政策,content,徳川吉宗が行った幕政改革は？,享保の改革(きょうほうのかいかく),享保の改革,,,,国立歴史民俗博物館「第3展示室 近世」,https://www.rekihaku.ac.jp/exhibitions/room3/
日本史段階別デッキ｜Deck 1｜日本史の最重要骨格400語,JH-000241,241,Deck 1｜骨格・基礎,人物,徳川吉宗,とくがわよしむね,,近世,日本全国,江戸を中心とする全国,江戸時代中期,1716,JH-000241-R01,reverse,時期,time,主に活動したのはいつ？,**江戸時代中期**,江戸時代中期,,,,国立歴史民俗博物館「第3展示室 近世」,https://www.rekihaku.ac.jp/exhibitions/room3/
日本史段階別デッキ｜Deck 1｜日本史の最重要骨格400語,JH-000241,241,Deck 1｜骨格・基礎,人物,徳川吉宗,とくがわよしむね,,近世,日本全国,江戸を中心とする全国,江戸時代中期,1716,JH-000241-R02,reverse,複合説明,reverse,何をした？,紀伊藩主から江戸幕府8代将軍となり、**享保の改革(きょうほうのかいかく)**で倹約・新田開発・上米の制(あげまいのせい)・目安箱(めやすばこ)などを進めた人物。,紀伊藩|享保の改革|上米の制|目安箱|公事方御定書|足高の制,,,,国立歴史民俗博物館「第3展示室 近世」,https://www.rekihaku.ac.jp/exhibitions/room3/
日本史段階別デッキ｜Deck 1｜日本史の最重要骨格400語,JH-000241,241,Deck 1｜骨格・基礎,人物,徳川吉宗,とくがわよしむね,,近世,日本全国,江戸を中心とする全国,江戸時代中期,1716,JH-000241-R03,reverse,結果・関連,reverse,何につながった・どんな意味があった？,幕府財政と行政・司法の再建を図り、**公事方御定書(くじかたおさだめがき)**や足高の制(たしだかのせい)を整えた。,紀伊藩|享保の改革|上米の制|目安箱|公事方御定書|足高の制,,,,国立歴史民俗博物館「第3展示室 近世」,https://www.rekihaku.ac.jp/exhibitions/room3/
日本史段階別デッキ｜Deck 1｜日本史の最重要骨格400語,JH-000241,241,Deck 1｜骨格・基礎,人物,徳川吉宗,とくがわよしむね,,近世,日本全国,江戸を中心とする全国,江戸時代中期,1716,JH-000241-I01,integrated,統合説明,integrated,「徳川吉宗」について説明せよ。,江戸時代中期、江戸を中心とする全国を主な舞台として、紀伊藩主から江戸幕府8代将軍となり、**享保の改革(きょうほうのかいかく)**で倹約・新田開発・上米の制(あげまいのせい)・目安箱(めやすばこ)などを進めた人物。 幕府財政と行政・司法の再建を図り、**公事方御定書(くじかたおさだめがき)**や足高の制(たしだかのせい)を整えた。,紀伊藩|享保の改革|上米の制|目安箱|公事方御定書|足高の制,,,,国立歴史民俗博物館「第3展示室 近世」,https://www.rekihaku.ac.jp/exhibitions/room3/
日本史段階別デッキ｜Deck 1｜日本史の最重要骨格400語,JH-000277,277,Deck 1｜骨格・基礎,組織・政党,株仲間,かぶなかま,,近世,日本全国,江戸・大坂などの都市,江戸時代中期〜後期,1720,JH-000277-B01,beginner,用語の特定,identify,幕府・藩の公認を受け、営業独占と引き換えに運上・冥加を納めた商工業者の同業組合は？,株仲間(かぶなかま),株仲間,,,,国立歴史民俗博物館「第3展示室 近世」,https://www.rekihaku.ac.jp/exhibitions/room3/
日本史段階別デッキ｜Deck 1｜日本史の最重要骨格400語,JH-000277,277,Deck 1｜骨格・基礎,組織・政党,株仲間,かぶなかま,,近世,日本全国,江戸・大坂などの都市,江戸時代中期〜後期,1720,JH-000277-B02,beginner,時期,time,株仲間(かぶなかま)が結成・活動したのはいつ？,江戸時代中期〜後期,江戸時代中期〜後期,,,,国立歴史民俗博物館「第3展示室 近世」,https://www.rekihaku.ac.jp/exhibitions/room3/
日本史段階別デッキ｜Deck 1｜日本史の最重要骨格400語,JH-000277,277,Deck 1｜骨格・基礎,組織・政党,株仲間,かぶなかま,,近世,日本全国,江戸・大坂などの都市,江戸時代中期〜後期,1720,JH-000277-B03,beginner,税,content,株仲間(かぶなかま)が幕府へ納めた営業税は？,運上・冥加,運上・冥加,,,,国立歴史民俗博物館「第3展示室 近世」,https://www.rekihaku.ac.jp/exhibitions/room3/
日本史段階別デッキ｜Deck 1｜日本史の最重要骨格400語,JH-000277,277,Deck 1｜骨格・基礎,組織・政党,株仲間,かぶなかま,,近世,日本全国,江戸・大坂などの都市,江戸時代中期〜後期,1720,JH-000277-R01,reverse,時期,time,結成・活動したのはいつ？,**江戸時代中期〜後期**,江戸時代中期〜後期,,,,国立歴史民俗博物館「第3展示室 近世」,https://www.rekihaku.ac.jp/exhibitions/room3/
日本史段階別デッキ｜Deck 1｜日本史の最重要骨格400語,JH-000277,277,Deck 1｜骨格・基礎,組織・政党,株仲間,かぶなかま,,近世,日本全国,江戸・大坂などの都市,江戸時代中期〜後期,1720,JH-000277-R02,reverse,複合説明,reverse,何をした？,江戸・大坂などで商工業者が結成し、幕府・藩の公認による**営業独占**と引き換えに運上・冥加を納めた同業組合。,営業独占|運上|冥加|田沼意次|流通|天保の改革,,,,国立歴史民俗博物館「第3展示室 近世」,https://www.rekihaku.ac.jp/exhibitions/room3/
日本史段階別デッキ｜Deck 1｜日本史の最重要骨格400語,JH-000277,277,Deck 1｜骨格・基礎,組織・政党,株仲間,かぶなかま,,近世,日本全国,江戸・大坂などの都市,江戸時代中期〜後期,1720,JH-000277-R03,reverse,結果・関連,reverse,何につながった・どんな意味があった？,流通・物価統制と幕府収入に利用され、**田沼意次(たぬまおきつぐ)**が奨励したが天保の改革(てんぽうのかいかく)で一時解散させられた。,営業独占|運上|冥加|田沼意次|流通|天保の改革,,,,国立歴史民俗博物館「第3展示室 近世」,https://www.rekihaku.ac.jp/exhibitions/room3/
日本史段階別デッキ｜Deck 1｜日本史の最重要骨格400語,JH-000277,277,Deck 1｜骨格・基礎,組織・政党,株仲間,かぶなかま,,近世,日本全国,江戸・大坂などの都市,江戸時代中期〜後期,1720,JH-000277-I01,integrated,統合説明,integrated,「株仲間(かぶなかま)」について説明せよ。,江戸時代中期〜後期、江戸・大坂などの都市を主な舞台として、江戸・大坂などで商工業者が結成し、幕府・藩の公認による**営業独占**と引き換えに運上・冥加を納めた同業組合。 流通・物価統制と幕府収入に利用され、**田沼意次(たぬまおきつぐ)**が奨励したが天保の改革(てんぽうのかいかく)で一時解散させられた。,営業独占|運上|冥加|田沼意次|流通|天保の改革,,,,国立歴史民俗博物館「第3展示室 近世」,https://www.rekihaku.ac.jp/exhibitions/room3/
日本史段階別デッキ｜Deck 1｜日本史の最重要骨格400語,JH-000327,327,Deck 1｜骨格・基礎,制度・政策・法律,目安箱,めやすばこ,,近世,関東,江戸城,1721年設置,1721,JH-000327-B01,beginner,用語の特定,identify,徳川吉宗が庶民から政治への意見・訴えを受け付けるため江戸城に設置した箱は？,目安箱(めやすばこ),目安箱,,,,国立歴史民俗博物館「第3展示室 近世」,https://www.rekihaku.ac.jp/exhibitions/room3/
日本史段階別デッキ｜Deck 1｜日本史の最重要骨格400語,JH-000327,327,Deck 1｜骨格・基礎,制度・政策・法律,目安箱,めやすばこ,,近世,関東,江戸城,1721年設置,1721,JH-000327-B02,beginner,時期,time,目安箱(めやすばこ)が成立・実施されたのはいつ？,1721年,1721年,,,1721年：「非難に一票」（1721）と結ぶ目安箱,国立歴史民俗博物館「第3展示室 近世」,https://www.rekihaku.ac.jp/exhibitions/room3/
日本史段階別デッキ｜Deck 1｜日本史の最重要骨格400語,JH-000327,327,Deck 1｜骨格・基礎,制度・政策・法律,目安箱,めやすばこ,,近世,関東,江戸城,1721年設置,1721,JH-000327-B03,beginner,人物,person,目安箱(めやすばこ)を設置した将軍は？,徳川吉宗,徳川吉宗,,,,国立歴史民俗博物館「第3展示室 近世」,https://www.rekihaku.ac.jp/exhibitions/room3/
日本史段階別デッキ｜Deck 1｜日本史の最重要骨格400語,JH-000327,327,Deck 1｜骨格・基礎,制度・政策・法律,目安箱,めやすばこ,,近世,関東,江戸城,1721年設置,1721,JH-000327-R01,reverse,時期,time,成立・実施されたのはいつ？,**1721年**,1721年,,,1721年：「非難に一票」（1721）と結ぶ目安箱,国立歴史民俗博物館「第3展示室 近世」,https://www.rekihaku.ac.jp/exhibitions/room3/
日本史段階別デッキ｜Deck 1｜日本史の最重要骨格400語,JH-000327,327,Deck 1｜骨格・基礎,制度・政策・法律,目安箱,めやすばこ,,近世,関東,江戸城,1721年設置,1721,JH-000327-R02,reverse,複合説明,reverse,どんな制度・政策・法律？,徳川吉宗が江戸城に設置し、庶民から政治への意見や訴えを直接受け付けた**投書箱**。,徳川吉宗|投書箱|小石川養生所|享保の改革|民意,,,,国立歴史民俗博物館「第3展示室 近世」,https://www.rekihaku.ac.jp/exhibitions/room3/
日本史段階別デッキ｜Deck 1｜日本史の最重要骨格400語,JH-000327,327,Deck 1｜骨格・基礎,制度・政策・法律,目安箱,めやすばこ,,近世,関東,江戸城,1721年設置,1721,JH-000327-R03,reverse,結果・関連,reverse,何につながった・どんな意味があった？,**小石川養生所**の設置などにつながり、享保の改革(きょうほうのかいかく)で民意を政策情報として利用した例となった。,徳川吉宗|投書箱|小石川養生所|享保の改革|民意,,,,国立歴史民俗博物館「第3展示室 近世」,https://www.rekihaku.ac.jp/exhibitions/room3/
日本史段階別デッキ｜Deck 1｜日本史の最重要骨格400語,JH-000327,327,Deck 1｜骨格・基礎,制度・政策・法律,目安箱,めやすばこ,,近世,関東,江戸城,1721年設置,1721,JH-000327-I01,integrated,統合説明,integrated,「目安箱(めやすばこ)」について説明せよ。,1721年設置、江戸城を主な舞台として、徳川吉宗が江戸城に設置し、庶民から政治への意見や訴えを直接受け付けた**投書箱**。 **小石川養生所**の設置などにつながり、享保の改革(きょうほうのかいかく)で民意を政策情報として利用した例となった。,徳川吉宗|投書箱|小石川養生所|享保の改革|民意,,,1721年：「非難に一票」（1721）と結ぶ目安箱,国立歴史民俗博物館「第3展示室 近世」,https://www.rekihaku.ac.jp/exhibitions/room3/
日本史段階別デッキ｜Deck 1｜日本史の最重要骨格400語,JH-000356,356,Deck 1｜骨格・基礎,経済・産業・交通,堂島米市場,どうじまこめいちば,,近世,近畿,大坂・堂島,江戸時代中期,1730,JH-000356-B01,beginner,用語の特定,identify,大坂で米切手の売買や帳合米取引(ちょうあいまいとりひき)が行われ、全国の米価形成に大きな役割を果たした市場は？,堂島米市場(どうじまこめいちば),堂島米市場,,,,国立歴史民俗博物館「第3展示室 近世」,https://www.rekihaku.ac.jp/exhibitions/room3/
日本史段階別デッキ｜Deck 1｜日本史の最重要骨格400語,JH-000356,356,Deck 1｜骨格・基礎,経済・産業・交通,堂島米市場,どうじまこめいちば,,近世,近畿,大坂・堂島,江戸時代中期,1730,JH-000356-B02,beginner,時期,time,堂島米市場(どうじまこめいちば)が行われた・発達したのはいつ？,江戸時代中期,江戸時代中期,,,,国立歴史民俗博物館「第3展示室 近世」,https://www.rekihaku.ac.jp/exhibitions/room3/
日本史段階別デッキ｜Deck 1｜日本史の最重要骨格400語,JH-000356,356,Deck 1｜骨格・基礎,経済・産業・交通,堂島米市場,どうじまこめいちば,,近世,近畿,大坂・堂島,江戸時代中期,1730,JH-000356-B03,beginner,商品,content,堂島米市場(どうじまこめいちば)で取引の中心となった商品は？,米,米,,,,国立歴史民俗博物館「第3展示室 近世」,https://www.rekihaku.ac.jp/exhibitions/room3/
日本史段階別デッキ｜Deck 1｜日本史の最重要骨格400語,JH-000356,356,Deck 1｜骨格・基礎,経済・産業・交通,堂島米市場,どうじまこめいちば,,近世,近畿,大坂・堂島,江戸時代中期,1730,JH-000356-R01,reverse,時期,time,行われた・発達したのはいつ？,**江戸時代中期**,江戸時代中期,,,,国立歴史民俗博物館「第3展示室 近世」,https://www.rekihaku.ac.jp/exhibitions/room3/
日本史段階別デッキ｜Deck 1｜日本史の最重要骨格400語,JH-000356,356,Deck 1｜骨格・基礎,経済・産業・交通,堂島米市場,どうじまこめいちば,,近世,近畿,大坂・堂島,江戸時代中期,1730,JH-000356-R02,reverse,複合説明,reverse,どんな仕組み・活動？,大坂・堂島で、現物米や蔵屋敷(くらやしき)発行の米切手、将来の価格を約束する**帳合米取引(ちょうあいまいとりひき)**が行われた市場。,大坂|米切手|帳合米取引|米価|信用取引,,,,国立歴史民俗博物館「第3展示室 近世」,https://www.rekihaku.ac.jp/exhibitions/room3/
日本史段階別デッキ｜Deck 1｜日本史の最重要骨格400語,JH-000356,356,Deck 1｜骨格・基礎,経済・産業・交通,堂島米市場,どうじまこめいちば,,近世,近畿,大坂・堂島,江戸時代中期,1730,JH-000356-R03,reverse,結果・関連,reverse,何につながった・どんな意味があった？,全国の**米価**の指標を形成し、近世の商品・信用・先物的取引の発達を示した。,大坂|米切手|帳合米取引|米価|信用取引,,,,国立歴史民俗博物館「第3展示室 近世」,https://www.rekihaku.ac.jp/exhibitions/room3/
日本史段階別デッキ｜Deck 1｜日本史の最重要骨格400語,JH-000356,356,Deck 1｜骨格・基礎,経済・産業・交通,堂島米市場,どうじまこめいちば,,近世,近畿,大坂・堂島,江戸時代中期,1730,JH-000356-I01,integrated,統合説明,integrated,「堂島米市場(どうじまこめいちば)」について説明せよ。,江戸時代中期、大坂・堂島を主な舞台として、大坂・堂島で、現物米や蔵屋敷(くらやしき)発行の米切手、将来の価格を約束する**帳合米取引(ちょうあいまいとりひき)**が行われた市場。 全国の**米価**の指標を形成し、近世の商品・信用・先物的取引の発達を示した。,大坂|米切手|帳合米取引|米価|信用取引,,,,国立歴史民俗博物館「第3展示室 近世」,https://www.rekihaku.ac.jp/exhibitions/room3/
日本史段階別デッキ｜Deck 1｜日本史の最重要骨格400語,JH-000328,328,Deck 1｜骨格・基礎,制度・政策・法律,公事方御定書,くじかたおさだめがき,,近世,日本全国,江戸幕府の司法,1742年,1742,JH-000328-B01,beginner,用語の特定,identify,徳川吉宗の時代、幕府の裁判・刑罰の基準をまとめた法典は？,公事方御定書(くじかたおさだめがき),公事方御定書,,,,東京大学史料編纂所,https://www.hi.u-tokyo.ac.jp/
日本史段階別デッキ｜Deck 1｜日本史の最重要骨格400語,JH-000328,328,Deck 1｜骨格・基礎,制度・政策・法律,公事方御定書,くじかたおさだめがき,,近世,日本全国,江戸幕府の司法,1742年,1742,JH-000328-B02,beginner,時期,time,公事方御定書(くじかたおさだめがき)が成立・実施されたのはいつ？,1742年,1742年,,,1742年：「非難世に」（1742）と結ぶ公事方御定書,東京大学史料編纂所,https://www.hi.u-tokyo.ac.jp/
日本史段階別デッキ｜Deck 1｜日本史の最重要骨格400語,JH-000328,328,Deck 1｜骨格・基礎,制度・政策・法律,公事方御定書,くじかたおさだめがき,,近世,日本全国,江戸幕府の司法,1742年,1742,JH-000328-B03,beginner,内容,content,公事方御定書(くじかたおさだめがき)が整備した主な分野は？,裁判・刑罰,裁判・刑罰,,,,東京大学史料編纂所,https://www.hi.u-tokyo.ac.jp/
日本史段階別デッキ｜Deck 1｜日本史の最重要骨格400語,JH-000328,328,Deck 1｜骨格・基礎,制度・政策・法律,公事方御定書,くじかたおさだめがき,,近世,日本全国,江戸幕府の司法,1742年,1742,JH-000328-R01,reverse,時期,time,成立・実施されたのはいつ？,**1742年**,1742年,,,1742年：「非難世に」（1742）と結ぶ公事方御定書,東京大学史料編纂所,https://www.hi.u-tokyo.ac.jp/
日本史段階別デッキ｜Deck 1｜日本史の最重要骨格400語,JH-000328,328,Deck 1｜骨格・基礎,制度・政策・法律,公事方御定書,くじかたおさだめがき,,近世,日本全国,江戸幕府の司法,1742年,1742,JH-000328-R02,reverse,複合説明,reverse,どんな制度・政策・法律？,徳川吉宗のもとで、江戸幕府の**裁判・刑罰**の基準を編纂した法典。,徳川吉宗|裁判|刑罰|法令|判例|享保の改革,,,,東京大学史料編纂所,https://www.hi.u-tokyo.ac.jp/
日本史段階別デッキ｜Deck 1｜日本史の最重要骨格400語,JH-000328,328,Deck 1｜骨格・基礎,制度・政策・法律,公事方御定書,くじかたおさだめがき,,近世,日本全国,江戸幕府の司法,1742年,1742,JH-000328-R03,reverse,結果・関連,reverse,何につながった・どんな意味があった？,**法令**と判例を整理して幕府役人の司法判断を統一し、享保の改革(きょうほうのかいかく)における行政整備を示した。,徳川吉宗|裁判|刑罰|法令|判例|享保の改革,,,,東京大学史料編纂所,https://www.hi.u-tokyo.ac.jp/
日本史段階別デッキ｜Deck 1｜日本史の最重要骨格400語,JH-000328,328,Deck 1｜骨格・基礎,制度・政策・法律,公事方御定書,くじかたおさだめがき,,近世,日本全国,江戸幕府の司法,1742年,1742,JH-000328-I01,integrated,統合説明,integrated,「公事方御定書(くじかたおさだめがき)」について説明せよ。,1742年、江戸幕府の司法を主な舞台として、徳川吉宗のもとで、江戸幕府の**裁判・刑罰**の基準を編纂した法典。 **法令**と判例を整理して幕府役人の司法判断を統一し、享保の改革(きょうほうのかいかく)における行政整備を示した。,徳川吉宗|裁判|刑罰|法令|判例|享保の改革,,,1742年：「非難世に」（1742）と結ぶ公事方御定書,東京大学史料編纂所,https://www.hi.u-tokyo.ac.jp/
日本史段階別デッキ｜Deck 1｜日本史の最重要骨格400語,JH-000134,134,Deck 1｜骨格・基礎,経済・産業・交通,問屋制家内工業,とんやせいかないこうぎょう,,近世,日本全国,農村・都市周辺,江戸時代中期〜後期,1750,JH-000134-B01,beginner,用語の特定,identify,問屋商人が原料や道具を農民・職人へ渡し、各家で製品を作らせて買い取る生産形態は？,問屋制家内工業(とんやせいかないこうぎょう),問屋制家内工業,,,,国立歴史民俗博物館「第3展示室 近世」,https://www.rekihaku.ac.jp/exhibitions/room3/
日本史段階別デッキ｜Deck 1｜日本史の最重要骨格400語,JH-000134,134,Deck 1｜骨格・基礎,経済・産業・交通,問屋制家内工業,とんやせいかないこうぎょう,,近世,日本全国,農村・都市周辺,江戸時代中期〜後期,1750,JH-000134-B02,beginner,時期,time,問屋制家内工業(とんやせいかないこうぎょう)が行われた・発達したのはいつ？,江戸時代中期〜後期,江戸時代中期〜後期,,,,国立歴史民俗博物館「第3展示室 近世」,https://www.rekihaku.ac.jp/exhibitions/room3/
日本史段階別デッキ｜Deck 1｜日本史の最重要骨格400語,JH-000134,134,Deck 1｜骨格・基礎,経済・産業・交通,問屋制家内工業,とんやせいかないこうぎょう,,近世,日本全国,農村・都市周辺,江戸時代中期〜後期,1750,JH-000134-B03,beginner,担い手,actor,問屋制家内工業(とんやせいかないこうぎょう)で原料を前貸しした主体は？,問屋商人,問屋商人,,,,国立歴史民俗博物館「第3展示室 近世」,https://www.rekihaku.ac.jp/exhibitions/room3/
日本史段階別デッキ｜Deck 1｜日本史の最重要骨格400語,JH-000134,134,Deck 1｜骨格・基礎,経済・産業・交通,問屋制家内工業,とんやせいかないこうぎょう,,近世,日本全国,農村・都市周辺,江戸時代中期〜後期,1750,JH-000134-R01,reverse,時期,time,行われた・発達したのはいつ？,**江戸時代中期〜後期**,江戸時代中期〜後期,,,,国立歴史民俗博物館「第3展示室 近世」,https://www.rekihaku.ac.jp/exhibitions/room3/
日本史段階別デッキ｜Deck 1｜日本史の最重要骨格400語,JH-000134,134,Deck 1｜骨格・基礎,経済・産業・交通,問屋制家内工業,とんやせいかないこうぎょう,,近世,日本全国,農村・都市周辺,江戸時代中期〜後期,1750,JH-000134-R02,reverse,複合説明,reverse,どんな仕組み・活動？,問屋商人が農村・都市周辺の農民や職人へ**原料・道具を前貸し**し、各家で作らせた製品を買い取る生産形態。,問屋商人|原料前貸し|農民|職人|織物|工場制手工業,,,,国立歴史民俗博物館「第3展示室 近世」,https://www.rekihaku.ac.jp/exhibitions/room3/
日本史段階別デッキ｜Deck 1｜日本史の最重要骨格400語,JH-000134,134,Deck 1｜骨格・基礎,経済・産業・交通,問屋制家内工業,とんやせいかないこうぎょう,,近世,日本全国,農村・都市周辺,江戸時代中期〜後期,1750,JH-000134-R03,reverse,結果・関連,reverse,何につながった・どんな意味があった？,**織物**などの生産を市場向けに拡大し、工場制手工業や近代工業への移行条件を作った。,問屋商人|原料前貸し|農民|職人|織物|工場制手工業,,,,国立歴史民俗博物館「第3展示室 近世」,https://www.rekihaku.ac.jp/exhibitions/room3/
日本史段階別デッキ｜Deck 1｜日本史の最重要骨格400語,JH-000134,134,Deck 1｜骨格・基礎,経済・産業・交通,問屋制家内工業,とんやせいかないこうぎょう,,近世,日本全国,農村・都市周辺,江戸時代中期〜後期,1750,JH-000134-I01,integrated,統合説明,integrated,「問屋制家内工業(とんやせいかないこうぎょう)」について説明せよ。,江戸時代中期〜後期、農村・都市周辺を主な舞台として、問屋商人が農村・都市周辺の農民や職人へ**原料・道具を前貸し**し、各家で作らせた製品を買い取る生産形態。 **織物**などの生産を市場向けに拡大し、工場制手工業や近代工業への移行条件を作った。,問屋商人|原料前貸し|農民|職人|織物|工場制手工業,,,,国立歴史民俗博物館「第3展示室 近世」,https://www.rekihaku.ac.jp/exhibitions/room3/
日本史段階別デッキ｜Deck 1｜日本史の最重要骨格400語,JH-000294,294,Deck 1｜骨格・基礎,文化・技術・学問,寺子屋,てらこや,,近世,日本全国,都市・農村,江戸時代,1750,JH-000294-B01,beginner,用語の特定,identify,僧侶・武士・町人などが庶民の子どもに読み書き・そろばんを教えた教育施設は？,寺子屋,寺子屋,,,,国立歴史民俗博物館「第3展示室 近世」,https://www.rekihaku.ac.jp/exhibitions/room3/
日本史段階別デッキ｜Deck 1｜日本史の最重要骨格400語,JH-000294,294,Deck 1｜骨格・基礎,文化・技術・学問,寺子屋,てらこや,,近世,日本全国,都市・農村,江戸時代,1750,JH-000294-B02,beginner,時期,time,寺子屋が成立・発達したのはいつ？,江戸時代,江戸時代,,,,国立歴史民俗博物館「第3展示室 近世」,https://www.rekihaku.ac.jp/exhibitions/room3/
日本史段階別デッキ｜Deck 1｜日本史の最重要骨格400語,JH-000294,294,Deck 1｜骨格・基礎,文化・技術・学問,寺子屋,てらこや,,近世,日本全国,都市・農村,江戸時代,1750,JH-000294-B03,beginner,内容,content,寺子屋で庶民の子どもが学んだ代表科目は？,読み書き・そろばん,読み書き・そろばん,,,,国立歴史民俗博物館「第3展示室 近世」,https://www.rekihaku.ac.jp/exhibitions/room3/
日本史段階別デッキ｜Deck 1｜日本史の最重要骨格400語,JH-000294,294,Deck 1｜骨格・基礎,文化・技術・学問,寺子屋,てらこや,,近世,日本全国,都市・農村,江戸時代,1750,JH-000294-R01,reverse,時期,time,成立・発達したのはいつ？,**江戸時代**,江戸時代,,,,国立歴史民俗博物館「第3展示室 近世」,https://www.rekihaku.ac.jp/exhibitions/room3/
日本史段階別デッキ｜Deck 1｜日本史の最重要骨格400語,JH-000294,294,Deck 1｜骨格・基礎,文化・技術・学問,寺子屋,てらこや,,近世,日本全国,都市・農村,江戸時代,1750,JH-000294-R02,reverse,複合説明,reverse,どんな文化・技術・学問？,江戸時代の都市・農村で、僧侶・武士・町人などが庶民の子どもに**読み書き・そろばん**や実用知識を教えた教育施設。,読み書き|そろばん|庶民|識字|出版文化|学校教育,,,,国立歴史民俗博物館「第3展示室 近世」,https://www.rekihaku.ac.jp/exhibitions/room3/
日本史段階別デッキ｜Deck 1｜日本史の最重要骨格400語,JH-000294,294,Deck 1｜骨格・基礎,文化・技術・学問,寺子屋,てらこや,,近世,日本全国,都市・農村,江戸時代,1750,JH-000294-R03,reverse,結果・関連,reverse,何につながった・どんな意味があった？,出版文化と相まって**庶民**の識字・計算能力を高め、明治期の学校教育普及の基盤となった。,読み書き|そろばん|庶民|識字|出版文化|学校教育,,,,国立歴史民俗博物館「第3展示室 近世」,https://www.rekihaku.ac.jp/exhibitions/room3/
日本史段階別デッキ｜Deck 1｜日本史の最重要骨格400語,JH-000294,294,Deck 1｜骨格・基礎,文化・技術・学問,寺子屋,てらこや,,近世,日本全国,都市・農村,江戸時代,1750,JH-000294-I01,integrated,統合説明,integrated,「寺子屋」について説明せよ。,江戸時代、都市・農村を主な舞台として、江戸時代の都市・農村で、僧侶・武士・町人などが庶民の子どもに**読み書き・そろばん**や実用知識を教えた教育施設。 出版文化と相まって**庶民**の識字・計算能力を高め、明治期の学校教育普及の基盤となった。,読み書き|そろばん|庶民|識字|出版文化|学校教育,,,,国立歴史民俗博物館「第3展示室 近世」,https://www.rekihaku.ac.jp/exhibitions/room3/
日本史段階別デッキ｜Deck 1｜日本史の最重要骨格400語,JH-000295,295,Deck 1｜骨格・基礎,文化・技術・学問,藩校,はんこう,,近世,日本全国,各藩の城下町,江戸時代中期〜後期,1750,JH-000295-B01,beginner,用語の特定,identify,諸藩が主に藩士の子弟を教育するため城下町などに設けた学校は？,藩校,藩校,,,,国立歴史民俗博物館「第3展示室 近世」,https://www.rekihaku.ac.jp/exhibitions/room3/
日本史段階別デッキ｜Deck 1｜日本史の最重要骨格400語,JH-000295,295,Deck 1｜骨格・基礎,文化・技術・学問,藩校,はんこう,,近世,日本全国,各藩の城下町,江戸時代中期〜後期,1750,JH-000295-B02,beginner,時期,time,藩校が成立・発達したのはいつ？,江戸時代中期〜後期,江戸時代中期〜後期,,,,国立歴史民俗博物館「第3展示室 近世」,https://www.rekihaku.ac.jp/exhibitions/room3/
日本史段階別デッキ｜Deck 1｜日本史の最重要骨格400語,JH-000295,295,Deck 1｜骨格・基礎,文化・技術・学問,藩校,はんこう,,近世,日本全国,各藩の城下町,江戸時代中期〜後期,1750,JH-000295-B03,beginner,対象,actor,藩校が主に教育対象とした人々は？,藩士の子弟,藩士の子弟,,,,国立歴史民俗博物館「第3展示室 近世」,https://www.rekihaku.ac.jp/exhibitions/room3/
日本史段階別デッキ｜Deck 1｜日本史の最重要骨格400語,JH-000295,295,Deck 1｜骨格・基礎,文化・技術・学問,藩校,はんこう,,近世,日本全国,各藩の城下町,江戸時代中期〜後期,1750,JH-000295-R01,reverse,時期,time,成立・発達したのはいつ？,**江戸時代中期〜後期**,江戸時代中期〜後期,,,,国立歴史民俗博物館「第3展示室 近世」,https://www.rekihaku.ac.jp/exhibitions/room3/
日本史段階別デッキ｜Deck 1｜日本史の最重要骨格400語,JH-000295,295,Deck 1｜骨格・基礎,文化・技術・学問,藩校,はんこう,,近世,日本全国,各藩の城下町,江戸時代中期〜後期,1750,JH-000295-R02,reverse,複合説明,reverse,どんな文化・技術・学問？,江戸時代の各藩が城下町などに設け、主に**藩士の子弟**へ儒学・武芸・歴史・医学などを教えた学校。,藩士の子弟|儒学|武芸|洋学|人材養成|幕末,,,,国立歴史民俗博物館「第3展示室 近世」,https://www.rekihaku.ac.jp/exhibitions/room3/
日本史段階別デッキ｜Deck 1｜日本史の最重要骨格400語,JH-000295,295,Deck 1｜骨格・基礎,文化・技術・学問,藩校,はんこう,,近世,日本全国,各藩の城下町,江戸時代中期〜後期,1750,JH-000295-R03,reverse,結果・関連,reverse,何につながった・どんな意味があった？,藩政を担う人材を養成し、幕末には**洋学**・兵学なども取り入れて近代的人材の形成につながった。,藩士の子弟|儒学|武芸|洋学|人材養成|幕末,,,,国立歴史民俗博物館「第3展示室 近世」,https://www.rekihaku.ac.jp/exhibitions/room3/
日本史段階別デッキ｜Deck 1｜日本史の最重要骨格400語,JH-000295,295,Deck 1｜骨格・基礎,文化・技術・学問,藩校,はんこう,,近世,日本全国,各藩の城下町,江戸時代中期〜後期,1750,JH-000295-I01,integrated,統合説明,integrated,「藩校」について説明せよ。,江戸時代中期〜後期、各藩の城下町を主な舞台として、江戸時代の各藩が城下町などに設け、主に**藩士の子弟**へ儒学・武芸・歴史・医学などを教えた学校。 藩政を担う人材を養成し、幕末には**洋学**・兵学なども取り入れて近代的人材の形成につながった。,藩士の子弟|儒学|武芸|洋学|人材養成|幕末,,,,国立歴史民俗博物館「第3展示室 近世」,https://www.rekihaku.ac.jp/exhibitions/room3/
日本史段階別デッキ｜Deck 1｜日本史の最重要骨格400語,JH-000296,296,Deck 1｜骨格・基礎,文化・技術・学問,国学,こくがく,,近世,日本全国,京都・江戸・伊勢など,江戸時代中期〜後期,1750,JH-000296-B01,beginner,用語の特定,identify,『古事記(こじき)』『万葉集』など日本古典を研究し、儒教・仏教以前の精神を探ろうとした学問は？,国学,国学,,,,国立歴史民俗博物館「第3展示室 近世」,https://www.rekihaku.ac.jp/exhibitions/room3/
日本史段階別デッキ｜Deck 1｜日本史の最重要骨格400語,JH-000296,296,Deck 1｜骨格・基礎,文化・技術・学問,国学,こくがく,,近世,日本全国,京都・江戸・伊勢など,江戸時代中期〜後期,1750,JH-000296-B02,beginner,時期,time,国学が成立・発達したのはいつ？,江戸時代中期〜後期,江戸時代中期〜後期,,,,国立歴史民俗博物館「第3展示室 近世」,https://www.rekihaku.ac.jp/exhibitions/room3/
日本史段階別デッキ｜Deck 1｜日本史の最重要骨格400語,JH-000296,296,Deck 1｜骨格・基礎,文化・技術・学問,国学,こくがく,,近世,日本全国,京都・江戸・伊勢など,江戸時代中期〜後期,1750,JH-000296-B03,beginner,対象,content,国学が研究対象とした代表的な日本古典を一つ答えよ。,古事記(こじき),古事記,万葉集,,,国立歴史民俗博物館「第3展示室 近世」,https://www.rekihaku.ac.jp/exhibitions/room3/
日本史段階別デッキ｜Deck 1｜日本史の最重要骨格400語,JH-000296,296,Deck 1｜骨格・基礎,文化・技術・学問,国学,こくがく,,近世,日本全国,京都・江戸・伊勢など,江戸時代中期〜後期,1750,JH-000296-R01,reverse,時期,time,成立・発達したのはいつ？,**江戸時代中期〜後期**,江戸時代中期〜後期,,,,国立歴史民俗博物館「第3展示室 近世」,https://www.rekihaku.ac.jp/exhibitions/room3/
日本史段階別デッキ｜Deck 1｜日本史の最重要骨格400語,JH-000296,296,Deck 1｜骨格・基礎,文化・技術・学問,国学,こくがく,,近世,日本全国,京都・江戸・伊勢など,江戸時代中期〜後期,1750,JH-000296-R02,reverse,複合説明,reverse,どんな文化・技術・学問？,京都・江戸・伊勢などで『古事記(こじき)』『万葉集』などを文献学的に研究し、**儒教・仏教以前の日本固有の精神**を探った学問。,古事記|万葉集|日本固有の精神|賀茂真淵|本居宣長|尊王思想,,,,国立歴史民俗博物館「第3展示室 近世」,https://www.rekihaku.ac.jp/exhibitions/room3/
日本史段階別デッキ｜Deck 1｜日本史の最重要骨格400語,JH-000296,296,Deck 1｜骨格・基礎,文化・技術・学問,国学,こくがく,,近世,日本全国,京都・江戸・伊勢など,江戸時代中期〜後期,1750,JH-000296-R03,reverse,結果・関連,reverse,何につながった・どんな意味があった？,**賀茂真淵(かものまぶち)**・本居宣長(もとおりのりなが)らが発展させ、古典研究を深める一方、尊王思想にも影響した。,古事記|万葉集|日本固有の精神|賀茂真淵|本居宣長|尊王思想,,,,国立歴史民俗博物館「第3展示室 近世」,https://www.rekihaku.ac.jp/exhibitions/room3/
日本史段階別デッキ｜Deck 1｜日本史の最重要骨格400語,JH-000296,296,Deck 1｜骨格・基礎,文化・技術・学問,国学,こくがく,,近世,日本全国,京都・江戸・伊勢など,江戸時代中期〜後期,1750,JH-000296-I01,integrated,統合説明,integrated,「国学」について説明せよ。,江戸時代中期〜後期、京都・江戸・伊勢などを主な舞台として、京都・江戸・伊勢などで『古事記(こじき)』『万葉集』などを文献学的に研究し、**儒教・仏教以前の日本固有の精神**を探った学問。 **賀茂真淵(かものまぶち)**・本居宣長(もとおりのりなが)らが発展させ、古典研究を深める一方、尊王思想にも影響した。,古事記|万葉集|日本固有の精神|賀茂真淵|本居宣長|尊王思想,,,,国立歴史民俗博物館「第3展示室 近世」,https://www.rekihaku.ac.jp/exhibitions/room3/
日本史段階別デッキ｜Deck 1｜日本史の最重要骨格400語,JH-000242,242,Deck 1｜骨格・基礎,人物,本居宣長,もとおりのりなが,,近世,近畿,伊勢松坂,江戸時代中期〜後期,1764,JH-000242-B01,beginner,用語の特定,identify,『古事記(こじき)伝』を著し、「もののあはれ」を重視して国学を大成した人物は？,本居宣長(もとおりのりなが),本居宣長,,,,国立歴史民俗博物館「第3展示室 近世」,https://www.rekihaku.ac.jp/exhibitions/room3/
日本史段階別デッキ｜Deck 1｜日本史の最重要骨格400語,JH-000242,242,Deck 1｜骨格・基礎,人物,本居宣長,もとおりのりなが,,近世,近畿,伊勢松坂,江戸時代中期〜後期,1764,JH-000242-B02,beginner,時期,time,本居宣長(もとおりのりなが)が主に活動したのはいつ？,江戸時代中期〜後期,江戸時代中期〜後期,,,,国立歴史民俗博物館「第3展示室 近世」,https://www.rekihaku.ac.jp/exhibitions/room3/
日本史段階別デッキ｜Deck 1｜日本史の最重要骨格400語,JH-000242,242,Deck 1｜骨格・基礎,人物,本居宣長,もとおりのりなが,,近世,近畿,伊勢松坂,江戸時代中期〜後期,1764,JH-000242-B03,beginner,作品,content,本居宣長(もとおりのりなが)の代表的著作は？,古事記(こじき)伝,古事記伝,,,,国立歴史民俗博物館「第3展示室 近世」,https://www.rekihaku.ac.jp/exhibitions/room3/
日本史段階別デッキ｜Deck 1｜日本史の最重要骨格400語,JH-000242,242,Deck 1｜骨格・基礎,人物,本居宣長,もとおりのりなが,,近世,近畿,伊勢松坂,江戸時代中期〜後期,1764,JH-000242-R01,reverse,時期,time,主に活動したのはいつ？,**江戸時代中期〜後期**,江戸時代中期〜後期,,,,国立歴史民俗博物館「第3展示室 近世」,https://www.rekihaku.ac.jp/exhibitions/room3/
日本史段階別デッキ｜Deck 1｜日本史の最重要骨格400語,JH-000242,242,Deck 1｜骨格・基礎,人物,本居宣長,もとおりのりなが,,近世,近畿,伊勢松坂,江戸時代中期〜後期,1764,JH-000242-R02,reverse,複合説明,reverse,何をした？,伊勢松坂で医業を営みながら『古事記(こじき)』を研究し、**『古事記(こじき)伝』**を著して「もののあはれ」を重視した国学者。,伊勢松坂|古事記|古事記伝|もののあはれ|国学,,,,国立歴史民俗博物館「第3展示室 近世」,https://www.rekihaku.ac.jp/exhibitions/room3/
日本史段階別デッキ｜Deck 1｜日本史の最重要骨格400語,JH-000242,242,Deck 1｜骨格・基礎,人物,本居宣長,もとおりのりなが,,近世,近畿,伊勢松坂,江戸時代中期〜後期,1764,JH-000242-R03,reverse,結果・関連,reverse,何につながった・どんな意味があった？,**国学**を文献研究として大成し、日本古典への理解と後世の思想・文学観に大きく影響した。,伊勢松坂|古事記|古事記伝|もののあはれ|国学,,,,国立歴史民俗博物館「第3展示室 近世」,https://www.rekihaku.ac.jp/exhibitions/room3/
日本史段階別デッキ｜Deck 1｜日本史の最重要骨格400語,JH-000242,242,Deck 1｜骨格・基礎,人物,本居宣長,もとおりのりなが,,近世,近畿,伊勢松坂,江戸時代中期〜後期,1764,JH-000242-I01,integrated,統合説明,integrated,「本居宣長(もとおりのりなが)」について説明せよ。,江戸時代中期〜後期、伊勢松坂を主な舞台として、伊勢松坂で医業を営みながら『古事記(こじき)』を研究し、**『古事記(こじき)伝』**を著して「もののあはれ」を重視した国学者。 **国学**を文献研究として大成し、日本古典への理解と後世の思想・文学観に大きく影響した。,伊勢松坂|古事記|古事記伝|もののあはれ|国学,,,,国立歴史民俗博物館「第3展示室 近世」,https://www.rekihaku.ac.jp/exhibitions/room3/
日本史段階別デッキ｜Deck 1｜日本史の最重要骨格400語,JH-000243,243,Deck 1｜骨格・基礎,人物,田沼意次,たぬまおきつぐ,,近世,日本全国,江戸幕府と長崎・蝦夷地,江戸時代中期〜後期,1767,JH-000243-B01,beginner,用語の特定,identify,株仲間(かぶなかま)の奨励や長崎貿易の拡大など、商業収入を重視した政策を進めた老中は？,田沼意次(たぬまおきつぐ),田沼意次,,,,国立歴史民俗博物館「第3展示室 近世」,https://www.rekihaku.ac.jp/exhibitions/room3/
日本史段階別デッキ｜Deck 1｜日本史の最重要骨格400語,JH-000243,243,Deck 1｜骨格・基礎,人物,田沼意次,たぬまおきつぐ,,近世,日本全国,江戸幕府と長崎・蝦夷地,江戸時代中期〜後期,1767,JH-000243-B02,beginner,時期,time,田沼意次(たぬまおきつぐ)が主に活動したのはいつ？,江戸時代中期〜後期,江戸時代中期〜後期,,,,国立歴史民俗博物館「第3展示室 近世」,https://www.rekihaku.ac.jp/exhibitions/room3/
日本史段階別デッキ｜Deck 1｜日本史の最重要骨格400語,JH-000243,243,Deck 1｜骨格・基礎,人物,田沼意次,たぬまおきつぐ,,近世,日本全国,江戸幕府と長崎・蝦夷地,江戸時代中期〜後期,1767,JH-000243-B03,beginner,政策,content,田沼意次(たぬまおきつぐ)が奨励した商人組織は？,株仲間(かぶなかま),株仲間,,,,国立歴史民俗博物館「第3展示室 近世」,https://www.rekihaku.ac.jp/exhibitions/room3/
日本史段階別デッキ｜Deck 1｜日本史の最重要骨格400語,JH-000243,243,Deck 1｜骨格・基礎,人物,田沼意次,たぬまおきつぐ,,近世,日本全国,江戸幕府と長崎・蝦夷地,江戸時代中期〜後期,1767,JH-000243-R01,reverse,時期,time,主に活動したのはいつ？,**江戸時代中期〜後期**,江戸時代中期〜後期,,,,国立歴史民俗博物館「第3展示室 近世」,https://www.rekihaku.ac.jp/exhibitions/room3/
日本史段階別デッキ｜Deck 1｜日本史の最重要骨格400語,JH-000243,243,Deck 1｜骨格・基礎,人物,田沼意次,たぬまおきつぐ,,近世,日本全国,江戸幕府と長崎・蝦夷地,江戸時代中期〜後期,1767,JH-000243-R02,reverse,複合説明,reverse,何をした？,江戸幕府の老中として、**株仲間(かぶなかま)**を奨励して運上・冥加を徴収し、長崎貿易や蝦夷地(えぞち)開発など商業重視の政策を進めた。,株仲間|運上・冥加|長崎貿易|蝦夷地開発|貨幣経済|天明の飢饉,,,,国立歴史民俗博物館「第3展示室 近世」,https://www.rekihaku.ac.jp/exhibitions/room3/
日本史段階別デッキ｜Deck 1｜日本史の最重要骨格400語,JH-000243,243,Deck 1｜骨格・基礎,人物,田沼意次,たぬまおきつぐ,,近世,日本全国,江戸幕府と長崎・蝦夷地,江戸時代中期〜後期,1767,JH-000243-R03,reverse,結果・関連,reverse,何につながった・どんな意味があった？,**貨幣経済**に対応した財政再建を試みたが、賄賂政治との批判や天明の飢饉を背景に失脚した。,株仲間|運上・冥加|長崎貿易|蝦夷地開発|貨幣経済|天明の飢饉,,,,国立歴史民俗博物館「第3展示室 近世」,https://www.rekihaku.ac.jp/exhibitions/room3/
日本史段階別デッキ｜Deck 1｜日本史の最重要骨格400語,JH-000243,243,Deck 1｜骨格・基礎,人物,田沼意次,たぬまおきつぐ,,近世,日本全国,江戸幕府と長崎・蝦夷地,江戸時代中期〜後期,1767,JH-000243-I01,integrated,統合説明,integrated,「田沼意次(たぬまおきつぐ)」について説明せよ。,江戸時代中期〜後期、江戸幕府と長崎・蝦夷地を主な舞台として、江戸幕府の老中として、**株仲間(かぶなかま)**を奨励して運上・冥加を徴収し、長崎貿易や蝦夷地(えぞち)開発など商業重視の政策を進めた。 **貨幣経済**に対応した財政再建を試みたが、賄賂政治との批判や天明の飢饉を背景に失脚した。,株仲間|運上・冥加|長崎貿易|蝦夷地開発|貨幣経済|天明の飢饉,,,,国立歴史民俗博物館「第3展示室 近世」,https://www.rekihaku.ac.jp/exhibitions/room3/
日本史段階別デッキ｜Deck 1｜日本史の最重要骨格400語,JH-000139,139,Deck 1｜骨格・基礎,文化・技術・学問,蘭学,らんがく,,近世,日本全国,長崎・江戸・大坂など,江戸時代中期〜後期,1770,JH-000139-B01,beginner,用語の特定,identify,オランダ語を通じて西洋の医学・天文学・物理学などを学んだ学問は？,蘭学,蘭学,,,,国立歴史民俗博物館「第3展示室 近世」,https://www.rekihaku.ac.jp/exhibitions/room3/
日本史段階別デッキ｜Deck 1｜日本史の最重要骨格400語,JH-000139,139,Deck 1｜骨格・基礎,文化・技術・学問,蘭学,らんがく,,近世,日本全国,長崎・江戸・大坂など,江戸時代中期〜後期,1770,JH-000139-B02,beginner,時期,time,蘭学が成立・発達したのはいつ？,江戸時代中期〜後期,江戸時代中期〜後期,,,,国立歴史民俗博物館「第3展示室 近世」,https://www.rekihaku.ac.jp/exhibitions/room3/
日本史段階別デッキ｜Deck 1｜日本史の最重要骨格400語,JH-000139,139,Deck 1｜骨格・基礎,文化・技術・学問,蘭学,らんがく,,近世,日本全国,長崎・江戸・大坂など,江戸時代中期〜後期,1770,JH-000139-B03,beginner,地域,place,蘭学の知識を日本へ伝える主要窓口となった場所は？,長崎・出島,長崎・出島,,,,国立歴史民俗博物館「第3展示室 近世」,https://www.rekihaku.ac.jp/exhibitions/room3/
日本史段階別デッキ｜Deck 1｜日本史の最重要骨格400語,JH-000139,139,Deck 1｜骨格・基礎,文化・技術・学問,蘭学,らんがく,,近世,日本全国,長崎・江戸・大坂など,江戸時代中期〜後期,1770,JH-000139-R01,reverse,時期,time,成立・発達したのはいつ？,**江戸時代中期〜後期**,江戸時代中期〜後期,,,,国立歴史民俗博物館「第3展示室 近世」,https://www.rekihaku.ac.jp/exhibitions/room3/
日本史段階別デッキ｜Deck 1｜日本史の最重要骨格400語,JH-000139,139,Deck 1｜骨格・基礎,文化・技術・学問,蘭学,らんがく,,近世,日本全国,長崎・江戸・大坂など,江戸時代中期〜後期,1770,JH-000139-R02,reverse,複合説明,reverse,どんな文化・技術・学問？,鎖国下に長崎・出島から入るオランダ語の書物を通じ、**西洋医学・天文学・物理学**などを研究した学問。,長崎|出島|オランダ語|西洋医学|天文学|解体新書|洋学,,,,国立歴史民俗博物館「第3展示室 近世」,https://www.rekihaku.ac.jp/exhibitions/room3/
日本史段階別デッキ｜Deck 1｜日本史の最重要骨格400語,JH-000139,139,Deck 1｜骨格・基礎,文化・技術・学問,蘭学,らんがく,,近世,日本全国,長崎・江戸・大坂など,江戸時代中期〜後期,1770,JH-000139-R03,reverse,結果・関連,reverse,何につながった・どんな意味があった？,『**解体新書**』や伊能忠敬(いのうただたか)の測量など実証的知識を広げ、幕末の洋学と近代科学受容の基盤となった。,長崎|出島|オランダ語|西洋医学|天文学|解体新書|洋学,,,,国立歴史民俗博物館「第3展示室 近世」,https://www.rekihaku.ac.jp/exhibitions/room3/
日本史段階別デッキ｜Deck 1｜日本史の最重要骨格400語,JH-000139,139,Deck 1｜骨格・基礎,文化・技術・学問,蘭学,らんがく,,近世,日本全国,長崎・江戸・大坂など,江戸時代中期〜後期,1770,JH-000139-I01,integrated,統合説明,integrated,「蘭学」について説明せよ。,江戸時代中期〜後期、長崎・江戸・大坂などを主な舞台として、鎖国下に長崎・出島から入るオランダ語の書物を通じ、**西洋医学・天文学・物理学**などを研究した学問。 『**解体新書**』や伊能忠敬(いのうただたか)の測量など実証的知識を広げ、幕末の洋学と近代科学受容の基盤となった。,長崎|出島|オランダ語|西洋医学|天文学|解体新書|洋学,,,,国立歴史民俗博物館「第3展示室 近世」,https://www.rekihaku.ac.jp/exhibitions/room3/
日本史段階別デッキ｜Deck 1｜日本史の最重要骨格400語,JH-000244,244,Deck 1｜骨格・基礎,人物,杉田玄白,すぎたげんぱく,,近世,関東,江戸・小塚原,江戸時代中期,1774,JH-000244-B01,beginner,用語の特定,identify,前野良沢(まえのりょうたく)らとオランダ語解剖書を翻訳し、『解体新書』を刊行した蘭学者・医師は？,杉田玄白(すぎたげんぱく),杉田玄白,,,,国立歴史民俗博物館「第3展示室 近世」,https://www.rekihaku.ac.jp/exhibitions/room3/
日本史段階別デッキ｜Deck 1｜日本史の最重要骨格400語,JH-000244,244,Deck 1｜骨格・基礎,人物,杉田玄白,すぎたげんぱく,,近世,関東,江戸・小塚原,江戸時代中期,1774,JH-000244-B02,beginner,時期,time,杉田玄白(すぎたげんぱく)が主に活動したのはいつ？,江戸時代中期,江戸時代中期,,,,国立歴史民俗博物館「第3展示室 近世」,https://www.rekihaku.ac.jp/exhibitions/room3/
日本史段階別デッキ｜Deck 1｜日本史の最重要骨格400語,JH-000244,244,Deck 1｜骨格・基礎,人物,杉田玄白,すぎたげんぱく,,近世,関東,江戸・小塚原,江戸時代中期,1774,JH-000244-B03,beginner,作品,content,杉田玄白(すぎたげんぱく)が刊行に関わった翻訳書は？,解体新書,解体新書,,,,国立歴史民俗博物館「第3展示室 近世」,https://www.rekihaku.ac.jp/exhibitions/room3/
日本史段階別デッキ｜Deck 1｜日本史の最重要骨格400語,JH-000244,244,Deck 1｜骨格・基礎,人物,杉田玄白,すぎたげんぱく,,近世,関東,江戸・小塚原,江戸時代中期,1774,JH-000244-R01,reverse,時期,time,主に活動したのはいつ？,**江戸時代中期**,江戸時代中期,,,,国立歴史民俗博物館「第3展示室 近世」,https://www.rekihaku.ac.jp/exhibitions/room3/
日本史段階別デッキ｜Deck 1｜日本史の最重要骨格400語,JH-000244,244,Deck 1｜骨格・基礎,人物,杉田玄白,すぎたげんぱく,,近世,関東,江戸・小塚原,江戸時代中期,1774,JH-000244-R02,reverse,複合説明,reverse,何をした？,江戸の医師で、小塚原(こづかっぱら)の腑分け(ふわけ)を見学後、前野良沢(まえのりょうたく)らとオランダ語解剖書を翻訳し、**『解体新書』**を刊行した。,小塚原|腑分け|前野良沢|解体新書|蘭学|蘭学事始,,,,国立歴史民俗博物館「第3展示室 近世」,https://www.rekihaku.ac.jp/exhibitions/room3/
日本史段階別デッキ｜Deck 1｜日本史の最重要骨格400語,JH-000244,244,Deck 1｜骨格・基礎,人物,杉田玄白,すぎたげんぱく,,近世,関東,江戸・小塚原,江戸時代中期,1774,JH-000244-R03,reverse,結果・関連,reverse,何につながった・どんな意味があった？,西洋医学の正確さを示して**蘭学**を広め、後に翻訳の苦心を『蘭学事始(らんがくことはじめ)』へ記した。,小塚原|腑分け|前野良沢|解体新書|蘭学|蘭学事始,,,,国立歴史民俗博物館「第3展示室 近世」,https://www.rekihaku.ac.jp/exhibitions/room3/
日本史段階別デッキ｜Deck 1｜日本史の最重要骨格400語,JH-000244,244,Deck 1｜骨格・基礎,人物,杉田玄白,すぎたげんぱく,,近世,関東,江戸・小塚原,江戸時代中期,1774,JH-000244-I01,integrated,統合説明,integrated,「杉田玄白(すぎたげんぱく)」について説明せよ。,江戸時代中期、江戸・小塚原を主な舞台として、江戸の医師で、小塚原(こづかっぱら)の腑分け(ふわけ)を見学後、前野良沢(まえのりょうたく)らとオランダ語解剖書を翻訳し、**『解体新書』**を刊行した。 西洋医学の正確さを示して**蘭学**を広め、後に翻訳の苦心を『蘭学事始(らんがくことはじめ)』へ記した。,小塚原|腑分け|前野良沢|解体新書|蘭学|蘭学事始,,,,国立歴史民俗博物館「第3展示室 近世」,https://www.rekihaku.ac.jp/exhibitions/room3/
日本史段階別デッキ｜Deck 1｜日本史の最重要骨格400語,JH-000297,297,Deck 1｜骨格・基礎,文書・史料,解体新書,かいたいしんしょ,,近世,関東,江戸,1774年,1774,JH-000297-B01,beginner,用語の特定,identify,杉田玄白(すぎたげんぱく)・前野良沢(まえのりょうたく)らがオランダ語解剖書『ターヘル・アナトミア』を翻訳して刊行した書物は？,解体新書,解体新書,,,,国立歴史民俗博物館「第3展示室 近世」,https://www.rekihaku.ac.jp/exhibitions/room3/
日本史段階別デッキ｜Deck 1｜日本史の最重要骨格400語,JH-000297,297,Deck 1｜骨格・基礎,文書・史料,解体新書,かいたいしんしょ,,近世,関東,江戸,1774年,1774,JH-000297-B02,beginner,時期,time,解体新書が作成・成立したのはいつ？,1774年,1774年,,,1774年：「非難なし」（1774）解体新書,国立歴史民俗博物館「第3展示室 近世」,https://www.rekihaku.ac.jp/exhibitions/room3/
日本史段階別デッキ｜Deck 1｜日本史の最重要骨格400語,JH-000297,297,Deck 1｜骨格・基礎,文書・史料,解体新書,かいたいしんしょ,,近世,関東,江戸,1774年,1774,JH-000297-B03,beginner,原著,relation,解体新書の原著として用いられたオランダ語解剖書は？,ターヘル・アナトミア,ターヘル・アナトミア,,,,国立歴史民俗博物館「第3展示室 近世」,https://www.rekihaku.ac.jp/exhibitions/room3/
日本史段階別デッキ｜Deck 1｜日本史の最重要骨格400語,JH-000297,297,Deck 1｜骨格・基礎,文書・史料,解体新書,かいたいしんしょ,,近世,関東,江戸,1774年,1774,JH-000297-R01,reverse,時期,time,作成・成立したのはいつ？,**1774年**,1774年,,,1774年：「非難なし」（1774）解体新書,国立歴史民俗博物館「第3展示室 近世」,https://www.rekihaku.ac.jp/exhibitions/room3/
日本史段階別デッキ｜Deck 1｜日本史の最重要骨格400語,JH-000297,297,Deck 1｜骨格・基礎,文書・史料,解体新書,かいたいしんしょ,,近世,関東,江戸,1774年,1774,JH-000297-R02,reverse,複合説明,reverse,何が書かれている・何が分かる？,江戸で杉田玄白(すぎたげんぱく)・前野良沢(まえのりょうたく)らがオランダ語解剖書**『ターヘル・アナトミア』**を翻訳して刊行した解剖学書。,杉田玄白|前野良沢|ターヘル・アナトミア|解剖学|蘭学|翻訳,,,,国立歴史民俗博物館「第3展示室 近世」,https://www.rekihaku.ac.jp/exhibitions/room3/
日本史段階別デッキ｜Deck 1｜日本史の最重要骨格400語,JH-000297,297,Deck 1｜骨格・基礎,文書・史料,解体新書,かいたいしんしょ,,近世,関東,江戸,1774年,1774,JH-000297-R03,reverse,結果・関連,reverse,何につながった・どんな意味があった？,西洋医学の実証性を広く示し、**蘭学**の本格的発展と翻訳活動の出発点となった。,杉田玄白|前野良沢|ターヘル・アナトミア|解剖学|蘭学|翻訳,,,,国立歴史民俗博物館「第3展示室 近世」,https://www.rekihaku.ac.jp/exhibitions/room3/
日本史段階別デッキ｜Deck 1｜日本史の最重要骨格400語,JH-000297,297,Deck 1｜骨格・基礎,文書・史料,解体新書,かいたいしんしょ,,近世,関東,江戸,1774年,1774,JH-000297-I01,integrated,統合説明,integrated,「解体新書」について説明せよ。,1774年、江戸を主な舞台として、江戸で杉田玄白(すぎたげんぱく)・前野良沢(まえのりょうたく)らがオランダ語解剖書**『ターヘル・アナトミア』**を翻訳して刊行した解剖学書。 西洋医学の実証性を広く示し、**蘭学**の本格的発展と翻訳活動の出発点となった。,杉田玄白|前野良沢|ターヘル・アナトミア|解剖学|蘭学|翻訳,,,1774年：「非難なし」（1774）解体新書,国立歴史民俗博物館「第3展示室 近世」,https://www.rekihaku.ac.jp/exhibitions/room3/
日本史段階別デッキ｜Deck 1｜日本史の最重要骨格400語,JH-000245,245,Deck 1｜骨格・基礎,運動,打ちこわし,うちこわし,,近世,日本全国,江戸・大坂などの都市,江戸時代後期,1780,JH-000245-B01,beginner,用語の特定,identify,米価高騰や飢饉の際、都市民衆が米屋・質屋・富商を襲った運動は？,打ちこわし,打ちこわし,,,,国立歴史民俗博物館「第3展示室 近世」,https://www.rekihaku.ac.jp/exhibitions/room3/
日本史段階別デッキ｜Deck 1｜日本史の最重要骨格400語,JH-000245,245,Deck 1｜骨格・基礎,運動,打ちこわし,うちこわし,,近世,日本全国,江戸・大坂などの都市,江戸時代後期,1780,JH-000245-B02,beginner,時期,time,打ちこわしが起きた・盛んだったのはいつ？,江戸時代後期,江戸時代後期,,,,国立歴史民俗博物館「第3展示室 近世」,https://www.rekihaku.ac.jp/exhibitions/room3/
日本史段階別デッキ｜Deck 1｜日本史の最重要骨格400語,JH-000245,245,Deck 1｜骨格・基礎,運動,打ちこわし,うちこわし,,近世,日本全国,江戸・大坂などの都市,江戸時代後期,1780,JH-000245-B03,beginner,対象,actor,打ちこわしの主な標的となった商人は？,米屋・質屋・富商,米屋・質屋・富商,,,,国立歴史民俗博物館「第3展示室 近世」,https://www.rekihaku.ac.jp/exhibitions/room3/
日本史段階別デッキ｜Deck 1｜日本史の最重要骨格400語,JH-000245,245,Deck 1｜骨格・基礎,運動,打ちこわし,うちこわし,,近世,日本全国,江戸・大坂などの都市,江戸時代後期,1780,JH-000245-R01,reverse,時期,time,起きた・盛んだったのはいつ？,**江戸時代後期**,江戸時代後期,,,,国立歴史民俗博物館「第3展示室 近世」,https://www.rekihaku.ac.jp/exhibitions/room3/
日本史段階別デッキ｜Deck 1｜日本史の最重要骨格400語,JH-000245,245,Deck 1｜骨格・基礎,運動,打ちこわし,うちこわし,,近世,日本全国,江戸・大坂などの都市,江戸時代後期,1780,JH-000245-R02,reverse,複合説明,reverse,何を求めて、何が起きた？,江戸・大坂などで米価高騰や飢饉に苦しむ都市民衆が、**米屋・質屋・富商**を襲い、商品や帳簿を破壊した運動。,米価高騰|飢饉|米屋|質屋|富商|都市民衆,,,,国立歴史民俗博物館「第3展示室 近世」,https://www.rekihaku.ac.jp/exhibitions/room3/
日本史段階別デッキ｜Deck 1｜日本史の最重要骨格400語,JH-000245,245,Deck 1｜骨格・基礎,運動,打ちこわし,うちこわし,,近世,日本全国,江戸・大坂などの都市,江戸時代後期,1780,JH-000245-R03,reverse,結果・関連,reverse,何につながった・どんな意味があった？,**都市の物価・流通問題と社会的不満**を示し、幕府・藩に救済や価格対策を迫った。,米価高騰|飢饉|米屋|質屋|富商|都市民衆,,,,国立歴史民俗博物館「第3展示室 近世」,https://www.rekihaku.ac.jp/exhibitions/room3/
日本史段階別デッキ｜Deck 1｜日本史の最重要骨格400語,JH-000245,245,Deck 1｜骨格・基礎,運動,打ちこわし,うちこわし,,近世,日本全国,江戸・大坂などの都市,江戸時代後期,1780,JH-000245-I01,integrated,統合説明,integrated,「打ちこわし」について説明せよ。,江戸時代後期、江戸・大坂などの都市を主な舞台として、江戸・大坂などで米価高騰や飢饉に苦しむ都市民衆が、**米屋・質屋・富商**を襲い、商品や帳簿を破壊した運動。 **都市の物価・流通問題と社会的不満**を示し、幕府・藩に救済や価格対策を迫った。,米価高騰|飢饉|米屋|質屋|富商|都市民衆,,,,国立歴史民俗博物館「第3展示室 近世」,https://www.rekihaku.ac.jp/exhibitions/room3/
日本史段階別デッキ｜Deck 1｜日本史の最重要骨格400語,JH-000137,137,Deck 1｜骨格・基礎,制度・政策・法律,寛政の改革,かんせいのかいかく,,近世,日本全国,江戸幕府と全国,1787〜1793年,1787,JH-000137-B01,beginner,用語の特定,identify,松平定信(まつだいらさだのぶ)が倹約・囲米(かこいまい)・棄捐令(きえんれい)・寛政異学の禁(かんせいいがくのきん)などを行った幕政改革は？,寛政の改革(かんせいのかいかく),寛政の改革,,,,国立歴史民俗博物館「第3展示室 近世」,https://www.rekihaku.ac.jp/exhibitions/room3/
日本史段階別デッキ｜Deck 1｜日本史の最重要骨格400語,JH-000137,137,Deck 1｜骨格・基礎,制度・政策・法律,寛政の改革,かんせいのかいかく,,近世,日本全国,江戸幕府と全国,1787〜1793年,1787,JH-000137-B02,beginner,時期,time,寛政の改革(かんせいのかいかく)が成立・実施されたのはいつ？,1787〜1793年,1787〜1793年,,,1787〜1793年：「非難やな」（1787）から「ひと・なな・く・み」（1793）まで寛政の改革,国立歴史民俗博物館「第3展示室 近世」,https://www.rekihaku.ac.jp/exhibitions/room3/
日本史段階別デッキ｜Deck 1｜日本史の最重要骨格400語,JH-000137,137,Deck 1｜骨格・基礎,制度・政策・法律,寛政の改革,かんせいのかいかく,,近世,日本全国,江戸幕府と全国,1787〜1793年,1787,JH-000137-B03,beginner,人物,person,寛政の改革(かんせいのかいかく)を主導した老中は？,松平定信(まつだいらさだのぶ),松平定信,,,,国立歴史民俗博物館「第3展示室 近世」,https://www.rekihaku.ac.jp/exhibitions/room3/
日本史段階別デッキ｜Deck 1｜日本史の最重要骨格400語,JH-000137,137,Deck 1｜骨格・基礎,制度・政策・法律,寛政の改革,かんせいのかいかく,,近世,日本全国,江戸幕府と全国,1787〜1793年,1787,JH-000137-R01,reverse,時期,time,成立・実施されたのはいつ？,**1787〜1793年**,1787〜1793年,,,1787〜1793年：「非難やな」（1787）から「ひと・なな・く・み」（1793）まで寛政の改革,国立歴史民俗博物館「第3展示室 近世」,https://www.rekihaku.ac.jp/exhibitions/room3/
日本史段階別デッキ｜Deck 1｜日本史の最重要骨格400語,JH-000137,137,Deck 1｜骨格・基礎,制度・政策・法律,寛政の改革,かんせいのかいかく,,近世,日本全国,江戸幕府と全国,1787〜1793年,1787,JH-000137-R02,reverse,複合説明,reverse,どんな制度・政策・法律？,老中松平定信(まつだいらさだのぶ)が幕府財政と農村再建を目指し、**倹約・囲米(かこいまい)・棄捐令(きえんれい)・寛政異学の禁(かんせいいがくのきん)**などを実施した改革。,松平定信|倹約|囲米|棄捐令|寛政異学の禁|農村再建,,,,国立歴史民俗博物館「第3展示室 近世」,https://www.rekihaku.ac.jp/exhibitions/room3/
日本史段階別デッキ｜Deck 1｜日本史の最重要骨格400語,JH-000137,137,Deck 1｜骨格・基礎,制度・政策・法律,寛政の改革,かんせいのかいかく,,近世,日本全国,江戸幕府と全国,1787〜1793年,1787,JH-000137-R03,reverse,結果・関連,reverse,何につながった・どんな意味があった？,農民を村へ戻し飢饉に備えようとしたが、**厳しい統制**が大名・旗本・庶民の反発を招いた。,松平定信|倹約|囲米|棄捐令|寛政異学の禁|農村再建,,,,国立歴史民俗博物館「第3展示室 近世」,https://www.rekihaku.ac.jp/exhibitions/room3/
日本史段階別デッキ｜Deck 1｜日本史の最重要骨格400語,JH-000137,137,Deck 1｜骨格・基礎,制度・政策・法律,寛政の改革,かんせいのかいかく,,近世,日本全国,江戸幕府と全国,1787〜1793年,1787,JH-000137-I01,integrated,統合説明,integrated,「寛政の改革(かんせいのかいかく)」について説明せよ。,1787〜1793年、江戸幕府と全国を主な舞台として、老中松平定信(まつだいらさだのぶ)が幕府財政と農村再建を目指し、**倹約・囲米(かこいまい)・棄捐令(きえんれい)・寛政異学の禁(かんせいいがくのきん)**などを実施した改革。 農民を村へ戻し飢饉に備えようとしたが、**厳しい統制**が大名・旗本・庶民の反発を招いた。,松平定信|倹約|囲米|棄捐令|寛政異学の禁|農村再建,,,1787〜1793年：「非難やな」（1787）から「ひと・なな・く・み」（1793）まで寛政の改革,国立歴史民俗博物館「第3展示室 近世」,https://www.rekihaku.ac.jp/exhibitions/room3/
日本史段階別デッキ｜Deck 1｜日本史の最重要骨格400語,JH-000246,246,Deck 1｜骨格・基礎,人物,松平定信,まつだいらさだのぶ,,近世,日本全国,江戸幕府と白河藩,江戸時代後期,1787,JH-000246-B01,beginner,用語の特定,identify,老中として寛政の改革(かんせいのかいかく)を主導した白河藩主は？,松平定信(まつだいらさだのぶ),松平定信,,,,国立歴史民俗博物館「第3展示室 近世」,https://www.rekihaku.ac.jp/exhibitions/room3/
日本史段階別デッキ｜Deck 1｜日本史の最重要骨格400語,JH-000246,246,Deck 1｜骨格・基礎,人物,松平定信,まつだいらさだのぶ,,近世,日本全国,江戸幕府と白河藩,江戸時代後期,1787,JH-000246-B02,beginner,時期,time,松平定信(まつだいらさだのぶ)が主に活動したのはいつ？,江戸時代後期,江戸時代後期,,,,国立歴史民俗博物館「第3展示室 近世」,https://www.rekihaku.ac.jp/exhibitions/room3/
日本史段階別デッキ｜Deck 1｜日本史の最重要骨格400語,JH-000246,246,Deck 1｜骨格・基礎,人物,松平定信,まつだいらさだのぶ,,近世,日本全国,江戸幕府と白河藩,江戸時代後期,1787,JH-000246-B03,beginner,政策,content,松平定信(まつだいらさだのぶ)が主導した幕政改革は？,寛政の改革(かんせいのかいかく),寛政の改革,,,,国立歴史民俗博物館「第3展示室 近世」,https://www.rekihaku.ac.jp/exhibitions/room3/
日本史段階別デッキ｜Deck 1｜日本史の最重要骨格400語,JH-000246,246,Deck 1｜骨格・基礎,人物,松平定信,まつだいらさだのぶ,,近世,日本全国,江戸幕府と白河藩,江戸時代後期,1787,JH-000246-R01,reverse,時期,time,主に活動したのはいつ？,**江戸時代後期**,江戸時代後期,,,,国立歴史民俗博物館「第3展示室 近世」,https://www.rekihaku.ac.jp/exhibitions/room3/
日本史段階別デッキ｜Deck 1｜日本史の最重要骨格400語,JH-000246,246,Deck 1｜骨格・基礎,人物,松平定信,まつだいらさだのぶ,,近世,日本全国,江戸幕府と白河藩,江戸時代後期,1787,JH-000246-R02,reverse,複合説明,reverse,何をした？,白河藩主から江戸幕府老中となり、**寛政の改革(かんせいのかいかく)**で倹約・農村復興・朱子学統制などを進めた人物。,白河藩|老中|寛政の改革|倹約|農村復興|朱子学,,,,国立歴史民俗博物館「第3展示室 近世」,https://www.rekihaku.ac.jp/exhibitions/room3/
日本史段階別デッキ｜Deck 1｜日本史の最重要骨格400語,JH-000246,246,Deck 1｜骨格・基礎,人物,松平定信,まつだいらさだのぶ,,近世,日本全国,江戸幕府と白河藩,江戸時代後期,1787,JH-000246-R03,reverse,結果・関連,reverse,何につながった・どんな意味があった？,田沼政治を否定して幕府秩序の引き締めを図ったが、厳格な政策への反発で**老中**を退いた。,白河藩|老中|寛政の改革|倹約|農村復興|朱子学,,,,国立歴史民俗博物館「第3展示室 近世」,https://www.rekihaku.ac.jp/exhibitions/room3/
日本史段階別デッキ｜Deck 1｜日本史の最重要骨格400語,JH-000246,246,Deck 1｜骨格・基礎,人物,松平定信,まつだいらさだのぶ,,近世,日本全国,江戸幕府と白河藩,江戸時代後期,1787,JH-000246-I01,integrated,統合説明,integrated,「松平定信(まつだいらさだのぶ)」について説明せよ。,江戸時代後期、江戸幕府と白河藩を主な舞台として、白河藩主から江戸幕府老中となり、**寛政の改革(かんせいのかいかく)**で倹約・農村復興・朱子学統制などを進めた人物。 田沼政治を否定して幕府秩序の引き締めを図ったが、厳格な政策への反発で**老中**を退いた。,白河藩|老中|寛政の改革|倹約|農村復興|朱子学,,,,国立歴史民俗博物館「第3展示室 近世」,https://www.rekihaku.ac.jp/exhibitions/room3/
日本史段階別デッキ｜Deck 1｜日本史の最重要骨格400語,JH-000329,329,Deck 1｜骨格・基礎,制度・政策・法律,寛政異学の禁,かんせいいがくのきん,,近世,関東,江戸・昌平坂学問所,1790年,1790,JH-000329-B01,beginner,用語の特定,identify,松平定信(まつだいらさだのぶ)が昌平坂学問所(しょうへいざかがくもんじょ)で朱子学以外の講義を禁じた学問統制は？,寛政異学の禁(かんせいいがくのきん),寛政異学の禁,,幕府の教育機関での統制が中心で、全国の学問を一律に禁止した制度ではない。,,国立歴史民俗博物館「第3展示室 近世」,https://www.rekihaku.ac.jp/exhibitions/room3/
日本史段階別デッキ｜Deck 1｜日本史の最重要骨格400語,JH-000329,329,Deck 1｜骨格・基礎,制度・政策・法律,寛政異学の禁,かんせいいがくのきん,,近世,関東,江戸・昌平坂学問所,1790年,1790,JH-000329-B02,beginner,時期,time,寛政異学の禁(かんせいいがくのきん)が成立・実施されたのはいつ？,1790年,1790年,,幕府の教育機関での統制が中心で、全国の学問を一律に禁止した制度ではない。,1790年：「非難くれ」（1790）と結ぶ寛政異学の禁,国立歴史民俗博物館「第3展示室 近世」,https://www.rekihaku.ac.jp/exhibitions/room3/
日本史段階別デッキ｜Deck 1｜日本史の最重要骨格400語,JH-000329,329,Deck 1｜骨格・基礎,制度・政策・法律,寛政異学の禁,かんせいいがくのきん,,近世,関東,江戸・昌平坂学問所,1790年,1790,JH-000329-B03,beginner,内容,content,寛政異学の禁(かんせいいがくのきん)で正学とされた学問は？,朱子学,朱子学,,幕府の教育機関での統制が中心で、全国の学問を一律に禁止した制度ではない。,,国立歴史民俗博物館「第3展示室 近世」,https://www.rekihaku.ac.jp/exhibitions/room3/
日本史段階別デッキ｜Deck 1｜日本史の最重要骨格400語,JH-000329,329,Deck 1｜骨格・基礎,制度・政策・法律,寛政異学の禁,かんせいいがくのきん,,近世,関東,江戸・昌平坂学問所,1790年,1790,JH-000329-R01,reverse,時期,time,成立・実施されたのはいつ？,**1790年**,1790年,,幕府の教育機関での統制が中心で、全国の学問を一律に禁止した制度ではない。,1790年：「非難くれ」（1790）と結ぶ寛政異学の禁,国立歴史民俗博物館「第3展示室 近世」,https://www.rekihaku.ac.jp/exhibitions/room3/
日本史段階別デッキ｜Deck 1｜日本史の最重要骨格400語,JH-000329,329,Deck 1｜骨格・基礎,制度・政策・法律,寛政異学の禁,かんせいいがくのきん,,近世,関東,江戸・昌平坂学問所,1790年,1790,JH-000329-R02,reverse,複合説明,reverse,どんな制度・政策・法律？,松平定信(まつだいらさだのぶ)が江戸の昌平坂学問所(しょうへいざかがくもんじょ)で、**朱子学**を正学としてそれ以外の学派の講義を禁じた政策。,松平定信|昌平坂学問所|朱子学|幕府官学|役人教育,,幕府の教育機関での統制が中心で、全国の学問を一律に禁止した制度ではない。,,国立歴史民俗博物館「第3展示室 近世」,https://www.rekihaku.ac.jp/exhibitions/room3/
日本史段階別デッキ｜Deck 1｜日本史の最重要骨格400語,JH-000329,329,Deck 1｜骨格・基礎,制度・政策・法律,寛政異学の禁,かんせいいがくのきん,,近世,関東,江戸・昌平坂学問所,1790年,1790,JH-000329-R03,reverse,結果・関連,reverse,何につながった・どんな意味があった？,**幕府官学**を統一して役人教育を引き締めたが、民間の学問を全面禁止したものではなかった。,松平定信|昌平坂学問所|朱子学|幕府官学|役人教育,,幕府の教育機関での統制が中心で、全国の学問を一律に禁止した制度ではない。,,国立歴史民俗博物館「第3展示室 近世」,https://www.rekihaku.ac.jp/exhibitions/room3/
日本史段階別デッキ｜Deck 1｜日本史の最重要骨格400語,JH-000329,329,Deck 1｜骨格・基礎,制度・政策・法律,寛政異学の禁,かんせいいがくのきん,,近世,関東,江戸・昌平坂学問所,1790年,1790,JH-000329-I01,integrated,統合説明,integrated,「寛政異学の禁(かんせいいがくのきん)」について説明せよ。,1790年、江戸・昌平坂学問所を主な舞台として、松平定信(まつだいらさだのぶ)が江戸の昌平坂学問所(しょうへいざかがくもんじょ)で、**朱子学**を正学としてそれ以外の学派の講義を禁じた政策。 **幕府官学**を統一して役人教育を引き締めたが、民間の学問を全面禁止したものではなかった。,松平定信|昌平坂学問所|朱子学|幕府官学|役人教育,,幕府の教育機関での統制が中心で、全国の学問を一律に禁止した制度ではない。,1790年：「非難くれ」（1790）と結ぶ寛政異学の禁,国立歴史民俗博物館「第3展示室 近世」,https://www.rekihaku.ac.jp/exhibitions/room3/
日本史段階別デッキ｜Deck 1｜日本史の最重要骨格400語,JH-000247,247,Deck 1｜骨格・基礎,経済・産業・交通,工場制手工業,こうじょうせいしゅこうぎょう,マニュファクチュア,近世,日本全国,各地の織物・製糸地域,江戸時代後期,1800,JH-000247-B01,beginner,用語の特定,identify,商人や地主が労働者を一か所に集め、分業による手作業で生産した形態は？,工場制手工業,工場制手工業,マニュファクチュア,,,国立歴史民俗博物館「第3展示室 近世」,https://www.rekihaku.ac.jp/exhibitions/room3/
日本史段階別デッキ｜Deck 1｜日本史の最重要骨格400語,JH-000247,247,Deck 1｜骨格・基礎,経済・産業・交通,工場制手工業,こうじょうせいしゅこうぎょう,マニュファクチュア,近世,日本全国,各地の織物・製糸地域,江戸時代後期,1800,JH-000247-B02,beginner,時期,time,工場制手工業が行われた・発達したのはいつ？,江戸時代後期,江戸時代後期,,,,国立歴史民俗博物館「第3展示室 近世」,https://www.rekihaku.ac.jp/exhibitions/room3/
日本史段階別デッキ｜Deck 1｜日本史の最重要骨格400語,JH-000247,247,Deck 1｜骨格・基礎,経済・産業・交通,工場制手工業,こうじょうせいしゅこうぎょう,マニュファクチュア,近世,日本全国,各地の織物・製糸地域,江戸時代後期,1800,JH-000247-B03,beginner,別名,relation,工場制手工業を別名で何という？,マニュファクチュア,マニュファクチュア,,,,国立歴史民俗博物館「第3展示室 近世」,https://www.rekihaku.ac.jp/exhibitions/room3/
日本史段階別デッキ｜Deck 1｜日本史の最重要骨格400語,JH-000247,247,Deck 1｜骨格・基礎,経済・産業・交通,工場制手工業,こうじょうせいしゅこうぎょう,マニュファクチュア,近世,日本全国,各地の織物・製糸地域,江戸時代後期,1800,JH-000247-R01,reverse,時期,time,行われた・発達したのはいつ？,**江戸時代後期**,江戸時代後期,,,,国立歴史民俗博物館「第3展示室 近世」,https://www.rekihaku.ac.jp/exhibitions/room3/
日本史段階別デッキ｜Deck 1｜日本史の最重要骨格400語,JH-000247,247,Deck 1｜骨格・基礎,経済・産業・交通,工場制手工業,こうじょうせいしゅこうぎょう,マニュファクチュア,近世,日本全国,各地の織物・製糸地域,江戸時代後期,1800,JH-000247-R02,reverse,複合説明,reverse,どんな仕組み・活動？,江戸時代後期、商人・地主が労働者を一か所に集め、**分業による手作業**で織物・製糸などを生産した形態。,マニュファクチュア|分業|手作業|織物|製糸|機械制工業,,,,国立歴史民俗博物館「第3展示室 近世」,https://www.rekihaku.ac.jp/exhibitions/room3/
日本史段階別デッキ｜Deck 1｜日本史の最重要骨格400語,JH-000247,247,Deck 1｜骨格・基礎,経済・産業・交通,工場制手工業,こうじょうせいしゅこうぎょう,マニュファクチュア,近世,日本全国,各地の織物・製糸地域,江戸時代後期,1800,JH-000247-R03,reverse,結果・関連,reverse,何につながった・どんな意味があった？,問屋制家内工業(とんやせいかないこうぎょう)より生産管理を集中させ、明治期の**機械制工業**へつながる基盤となった。,マニュファクチュア|分業|手作業|織物|製糸|機械制工業,,,,国立歴史民俗博物館「第3展示室 近世」,https://www.rekihaku.ac.jp/exhibitions/room3/
日本史段階別デッキ｜Deck 1｜日本史の最重要骨格400語,JH-000247,247,Deck 1｜骨格・基礎,経済・産業・交通,工場制手工業,こうじょうせいしゅこうぎょう,マニュファクチュア,近世,日本全国,各地の織物・製糸地域,江戸時代後期,1800,JH-000247-I01,integrated,統合説明,integrated,「工場制手工業」について説明せよ。,江戸時代後期、各地の織物・製糸地域を主な舞台として、江戸時代後期、商人・地主が労働者を一か所に集め、**分業による手作業**で織物・製糸などを生産した形態。 問屋制家内工業(とんやせいかないこうぎょう)より生産管理を集中させ、明治期の**機械制工業**へつながる基盤となった。,マニュファクチュア|分業|手作業|織物|製糸|機械制工業,,,,国立歴史民俗博物館「第3展示室 近世」,https://www.rekihaku.ac.jp/exhibitions/room3/
日本史段階別デッキ｜Deck 1｜日本史の最重要骨格400語,JH-000248,248,Deck 1｜骨格・基礎,人物,伊能忠敬,いのうただたか,,近世,日本全国,蝦夷地から日本全国の沿岸,江戸時代後期,1800,JH-000248-B01,beginner,用語の特定,identify,全国を実測して精密な日本地図の作成を進めた人物は？,伊能忠敬(いのうただたか),伊能忠敬,,,,国立歴史民俗博物館「第3展示室 近世」,https://www.rekihaku.ac.jp/exhibitions/room3/
日本史段階別デッキ｜Deck 1｜日本史の最重要骨格400語,JH-000248,248,Deck 1｜骨格・基礎,人物,伊能忠敬,いのうただたか,,近世,日本全国,蝦夷地から日本全国の沿岸,江戸時代後期,1800,JH-000248-B02,beginner,時期,time,伊能忠敬(いのうただたか)が主に活動したのはいつ？,江戸時代後期,江戸時代後期,,,,国立歴史民俗博物館「第3展示室 近世」,https://www.rekihaku.ac.jp/exhibitions/room3/
日本史段階別デッキ｜Deck 1｜日本史の最重要骨格400語,JH-000248,248,Deck 1｜骨格・基礎,人物,伊能忠敬,いのうただたか,,近世,日本全国,蝦夷地から日本全国の沿岸,江戸時代後期,1800,JH-000248-B03,beginner,作品,content,伊能忠敬(いのうただたか)が測量によって作成した地図は総称して何と呼ばれる？,伊能図,伊能図,,,,国立歴史民俗博物館「第3展示室 近世」,https://www.rekihaku.ac.jp/exhibitions/room3/
日本史段階別デッキ｜Deck 1｜日本史の最重要骨格400語,JH-000248,248,Deck 1｜骨格・基礎,人物,伊能忠敬,いのうただたか,,近世,日本全国,蝦夷地から日本全国の沿岸,江戸時代後期,1800,JH-000248-R01,reverse,時期,time,主に活動したのはいつ？,**江戸時代後期**,江戸時代後期,,,,国立歴史民俗博物館「第3展示室 近世」,https://www.rekihaku.ac.jp/exhibitions/room3/
日本史段階別デッキ｜Deck 1｜日本史の最重要骨格400語,JH-000248,248,Deck 1｜骨格・基礎,人物,伊能忠敬,いのうただたか,,近世,日本全国,蝦夷地から日本全国の沿岸,江戸時代後期,1800,JH-000248-R02,reverse,複合説明,reverse,何をした？,幕府の命を受け、蝦夷地(えぞち)から日本全国の沿岸を**実地測量**し、精密な日本地図作成を進めた人物。,幕府|蝦夷地|全国沿岸|実地測量|伊能図|国土把握,,,,国立歴史民俗博物館「第3展示室 近世」,https://www.rekihaku.ac.jp/exhibitions/room3/
日本史段階別デッキ｜Deck 1｜日本史の最重要骨格400語,JH-000248,248,Deck 1｜骨格・基礎,人物,伊能忠敬,いのうただたか,,近世,日本全国,蝦夷地から日本全国の沿岸,江戸時代後期,1800,JH-000248-R03,reverse,結果・関連,reverse,何につながった・どんな意味があった？,天文学・測量術を用いた成果は**伊能図**として完成し、近代的な国土把握に大きく貢献した。,幕府|蝦夷地|全国沿岸|実地測量|伊能図|国土把握,,,,国立歴史民俗博物館「第3展示室 近世」,https://www.rekihaku.ac.jp/exhibitions/room3/
日本史段階別デッキ｜Deck 1｜日本史の最重要骨格400語,JH-000248,248,Deck 1｜骨格・基礎,人物,伊能忠敬,いのうただたか,,近世,日本全国,蝦夷地から日本全国の沿岸,江戸時代後期,1800,JH-000248-I01,integrated,統合説明,integrated,「伊能忠敬(いのうただたか)」について説明せよ。,江戸時代後期、蝦夷地から日本全国の沿岸を主な舞台として、幕府の命を受け、蝦夷地(えぞち)から日本全国の沿岸を**実地測量**し、精密な日本地図作成を進めた人物。 天文学・測量術を用いた成果は**伊能図**として完成し、近代的な国土把握に大きく貢献した。,幕府|蝦夷地|全国沿岸|実地測量|伊能図|国土把握,,,,国立歴史民俗博物館「第3展示室 近世」,https://www.rekihaku.ac.jp/exhibitions/room3/
日本史段階別デッキ｜Deck 1｜日本史の最重要骨格400語,JH-000298,298,Deck 1｜骨格・基礎,文化・技術・学問,化政文化,かせいぶんか,,近世,関東,江戸を中心に全国,19世紀前半,1804,JH-000298-B01,beginner,用語の特定,identify,江戸を中心に庶民が担い、浮世絵・滑稽本・人情本などが栄えた文化は？,化政文化,化政文化,,,,文化庁「文化遺産オンライン」,https://online.bunka.go.jp/
日本史段階別デッキ｜Deck 1｜日本史の最重要骨格400語,JH-000298,298,Deck 1｜骨格・基礎,文化・技術・学問,化政文化,かせいぶんか,,近世,関東,江戸を中心に全国,19世紀前半,1804,JH-000298-B02,beginner,時期,time,化政文化が成立・発達したのはいつ？,19世紀前半,19世紀前半,,,19世紀前半：「ひと・く」（19）世紀と結ぶ化政文化,文化庁「文化遺産オンライン」,https://online.bunka.go.jp/
日本史段階別デッキ｜Deck 1｜日本史の最重要骨格400語,JH-000298,298,Deck 1｜骨格・基礎,文化・技術・学問,化政文化,かせいぶんか,,近世,関東,江戸を中心に全国,19世紀前半,1804,JH-000298-B03,beginner,地域,place,化政文化の中心となった都市は？,江戸,江戸,,,,文化庁「文化遺産オンライン」,https://online.bunka.go.jp/
日本史段階別デッキ｜Deck 1｜日本史の最重要骨格400語,JH-000298,298,Deck 1｜骨格・基礎,文化・技術・学問,化政文化,かせいぶんか,,近世,関東,江戸を中心に全国,19世紀前半,1804,JH-000298-R01,reverse,時期,time,成立・発達したのはいつ？,**19世紀前半**,19世紀前半,,,19世紀前半：「ひと・く」（19）世紀と結ぶ化政文化,文化庁「文化遺産オンライン」,https://online.bunka.go.jp/
日本史段階別デッキ｜Deck 1｜日本史の最重要骨格400語,JH-000298,298,Deck 1｜骨格・基礎,文化・技術・学問,化政文化,かせいぶんか,,近世,関東,江戸を中心に全国,19世紀前半,1804,JH-000298-R02,reverse,複合説明,reverse,どんな文化・技術・学問？,19世紀前半、江戸を中心に経済力を持つ**庶民**が担い、浮世絵・滑稽本・人情本・歌舞伎(かぶき)などが栄えた文化。,江戸|庶民|浮世絵|滑稽本|人情本|歌舞伎|葛飾北斎|歌川広重,,,,文化庁「文化遺産オンライン」,https://online.bunka.go.jp/
日本史段階別デッキ｜Deck 1｜日本史の最重要骨格400語,JH-000298,298,Deck 1｜骨格・基礎,文化・技術・学問,化政文化,かせいぶんか,,近世,関東,江戸を中心に全国,19世紀前半,1804,JH-000298-R03,reverse,結果・関連,reverse,何につながった・どんな意味があった？,出版・貸本・旅の普及に支えられ、**葛飾北斎(かつしかほくさい)**・歌川広重(うたがわひろしげ)らの作品を全国へ広めた。,江戸|庶民|浮世絵|滑稽本|人情本|歌舞伎|葛飾北斎|歌川広重,,,,文化庁「文化遺産オンライン」,https://online.bunka.go.jp/
日本史段階別デッキ｜Deck 1｜日本史の最重要骨格400語,JH-000298,298,Deck 1｜骨格・基礎,文化・技術・学問,化政文化,かせいぶんか,,近世,関東,江戸を中心に全国,19世紀前半,1804,JH-000298-I01,integrated,統合説明,integrated,「化政文化」について説明せよ。,19世紀前半、江戸を中心に全国を主な舞台として、19世紀前半、江戸を中心に経済力を持つ**庶民**が担い、浮世絵・滑稽本・人情本・歌舞伎(かぶき)などが栄えた文化。 出版・貸本・旅の普及に支えられ、**葛飾北斎(かつしかほくさい)**・歌川広重(うたがわひろしげ)らの作品を全国へ広めた。,江戸|庶民|浮世絵|滑稽本|人情本|歌舞伎|葛飾北斎|歌川広重,,,19世紀前半：「ひと・く」（19）世紀と結ぶ化政文化,文化庁「文化遺産オンライン」,https://online.bunka.go.jp/
日本史段階別デッキ｜Deck 1｜日本史の最重要骨格400語,JH-000198,198,Deck 1｜骨格・基礎,制度・政策・法律,異国船打払令,いこくせんうちはらいれい,,近世,日本全国,日本沿岸,1825年,1825,JH-000198-B01,beginner,用語の特定,identify,江戸幕府が日本沿岸へ接近する外国船を理由を問わず砲撃・追放するよう命じた法令は？,異国船打払令(いこくせんうちはらいれい),異国船打払令,,,,国立歴史民俗博物館「第3展示室 近世」,https://www.rekihaku.ac.jp/exhibitions/room3/
日本史段階別デッキ｜Deck 1｜日本史の最重要骨格400語,JH-000198,198,Deck 1｜骨格・基礎,制度・政策・法律,異国船打払令,いこくせんうちはらいれい,,近世,日本全国,日本沿岸,1825年,1825,JH-000198-B02,beginner,時期,time,異国船打払令(いこくせんうちはらいれい)が成立・実施されたのはいつ？,1825年,1825年,,,1825年：「いやにごう慢」（1825）と結ぶ異国船打払令,国立歴史民俗博物館「第3展示室 近世」,https://www.rekihaku.ac.jp/exhibitions/room3/
日本史段階別デッキ｜Deck 1｜日本史の最重要骨格400語,JH-000198,198,Deck 1｜骨格・基礎,制度・政策・法律,異国船打払令,いこくせんうちはらいれい,,近世,日本全国,日本沿岸,1825年,1825,JH-000198-B03,beginner,背景,cause,異国船打払令(いこくせんうちはらいれい)を緩和する契機となった戦争は？,アヘン戦争,アヘン戦争,,,,国立歴史民俗博物館「第3展示室 近世」,https://www.rekihaku.ac.jp/exhibitions/room3/
日本史段階別デッキ｜Deck 1｜日本史の最重要骨格400語,JH-000198,198,Deck 1｜骨格・基礎,制度・政策・法律,異国船打払令,いこくせんうちはらいれい,,近世,日本全国,日本沿岸,1825年,1825,JH-000198-R01,reverse,時期,time,成立・実施されたのはいつ？,**1825年**,1825年,,,1825年：「いやにごう慢」（1825）と結ぶ異国船打払令,国立歴史民俗博物館「第3展示室 近世」,https://www.rekihaku.ac.jp/exhibitions/room3/
日本史段階別デッキ｜Deck 1｜日本史の最重要骨格400語,JH-000198,198,Deck 1｜骨格・基礎,制度・政策・法律,異国船打払令,いこくせんうちはらいれい,,近世,日本全国,日本沿岸,1825年,1825,JH-000198-R02,reverse,複合説明,reverse,どんな制度・政策・法律？,江戸幕府が日本沿岸へ接近する外国船を、事情を問わず**砲撃・追放**するよう諸藩に命じた法令。,外国船|砲撃|追放|アヘン戦争|薪水給与令|対外政策,,,,国立歴史民俗博物館「第3展示室 近世」,https://www.rekihaku.ac.jp/exhibitions/room3/
日本史段階別デッキ｜Deck 1｜日本史の最重要骨格400語,JH-000198,198,Deck 1｜骨格・基礎,制度・政策・法律,異国船打払令,いこくせんうちはらいれい,,近世,日本全国,日本沿岸,1825年,1825,JH-000198-R03,reverse,結果・関連,reverse,何につながった・どんな意味があった？,**アヘン戦争**で清が敗れた情報を受け、薪水給与令(しんすいきゅうよれい)へ緩和され、幕府の対外政策転換を示した。,外国船|砲撃|追放|アヘン戦争|薪水給与令|対外政策,,,,国立歴史民俗博物館「第3展示室 近世」,https://www.rekihaku.ac.jp/exhibitions/room3/
日本史段階別デッキ｜Deck 1｜日本史の最重要骨格400語,JH-000198,198,Deck 1｜骨格・基礎,制度・政策・法律,異国船打払令,いこくせんうちはらいれい,,近世,日本全国,日本沿岸,1825年,1825,JH-000198-I01,integrated,統合説明,integrated,「異国船打払令(いこくせんうちはらいれい)」について説明せよ。,1825年、日本沿岸を主な舞台として、江戸幕府が日本沿岸へ接近する外国船を、事情を問わず**砲撃・追放**するよう諸藩に命じた法令。 **アヘン戦争**で清が敗れた情報を受け、薪水給与令(しんすいきゅうよれい)へ緩和され、幕府の対外政策転換を示した。,外国船|砲撃|追放|アヘン戦争|薪水給与令|対外政策,,,1825年：「いやにごう慢」（1825）と結ぶ異国船打払令,国立歴史民俗博物館「第3展示室 近世」,https://www.rekihaku.ac.jp/exhibitions/room3/
日本史段階別デッキ｜Deck 1｜日本史の最重要骨格400語,JH-000249,249,Deck 1｜骨格・基礎,人物,葛飾北斎,かつしかほくさい,,近世,関東,江戸を中心に各地の景観,江戸時代後期,1830,JH-000249-B01,beginner,用語の特定,identify,『富嶽三十六景』を描き、国内外へ大きな影響を与えた浮世絵師は？,葛飾北斎(かつしかほくさい),葛飾北斎,,,,文化庁「文化遺産オンライン」,https://online.bunka.go.jp/
日本史段階別デッキ｜Deck 1｜日本史の最重要骨格400語,JH-000249,249,Deck 1｜骨格・基礎,人物,葛飾北斎,かつしかほくさい,,近世,関東,江戸を中心に各地の景観,江戸時代後期,1830,JH-000249-B02,beginner,時期,time,葛飾北斎(かつしかほくさい)が主に活動したのはいつ？,江戸時代後期,江戸時代後期,,,,文化庁「文化遺産オンライン」,https://online.bunka.go.jp/
日本史段階別デッキ｜Deck 1｜日本史の最重要骨格400語,JH-000249,249,Deck 1｜骨格・基礎,人物,葛飾北斎,かつしかほくさい,,近世,関東,江戸を中心に各地の景観,江戸時代後期,1830,JH-000249-B03,beginner,作品,content,葛飾北斎(かつしかほくさい)の代表的な風景版画集は？,富嶽三十六景,富嶽三十六景,,,,文化庁「文化遺産オンライン」,https://online.bunka.go.jp/
日本史段階別デッキ｜Deck 1｜日本史の最重要骨格400語,JH-000249,249,Deck 1｜骨格・基礎,人物,葛飾北斎,かつしかほくさい,,近世,関東,江戸を中心に各地の景観,江戸時代後期,1830,JH-000249-R01,reverse,時期,time,主に活動したのはいつ？,**江戸時代後期**,江戸時代後期,,,,文化庁「文化遺産オンライン」,https://online.bunka.go.jp/
日本史段階別デッキ｜Deck 1｜日本史の最重要骨格400語,JH-000249,249,Deck 1｜骨格・基礎,人物,葛飾北斎,かつしかほくさい,,近世,関東,江戸を中心に各地の景観,江戸時代後期,1830,JH-000249-R02,reverse,複合説明,reverse,何をした？,江戸を拠点に、富士山や庶民生活を大胆な構図で描き、**『富嶽三十六景』**などを残した浮世絵師。,江戸|富嶽三十六景|富士山|風景版画|化政文化|ジャポニスム,,,,文化庁「文化遺産オンライン」,https://online.bunka.go.jp/
日本史段階別デッキ｜Deck 1｜日本史の最重要骨格400語,JH-000249,249,Deck 1｜骨格・基礎,人物,葛飾北斎,かつしかほくさい,,近世,関東,江戸を中心に各地の景観,江戸時代後期,1830,JH-000249-R03,reverse,結果・関連,reverse,何につながった・どんな意味があった？,**風景版画**を発展させ、化政文化を代表するとともに、欧州のジャポニスムにも影響した。,江戸|富嶽三十六景|富士山|風景版画|化政文化|ジャポニスム,,,,文化庁「文化遺産オンライン」,https://online.bunka.go.jp/
日本史段階別デッキ｜Deck 1｜日本史の最重要骨格400語,JH-000249,249,Deck 1｜骨格・基礎,人物,葛飾北斎,かつしかほくさい,,近世,関東,江戸を中心に各地の景観,江戸時代後期,1830,JH-000249-I01,integrated,統合説明,integrated,「葛飾北斎(かつしかほくさい)」について説明せよ。,江戸時代後期、江戸を中心に各地の景観を主な舞台として、江戸を拠点に、富士山や庶民生活を大胆な構図で描き、**『富嶽三十六景』**などを残した浮世絵師。 **風景版画**を発展させ、化政文化を代表するとともに、欧州のジャポニスムにも影響した。,江戸|富嶽三十六景|富士山|風景版画|化政文化|ジャポニスム,,,,文化庁「文化遺産オンライン」,https://online.bunka.go.jp/
日本史段階別デッキ｜Deck 1｜日本史の最重要骨格400語,JH-000199,199,Deck 1｜骨格・基礎,事件・政変,天保の飢饉,てんぽうのききん,,近世,日本全国,東北を中心に全国,1833〜1839年ごろ,1833,JH-000199-B01,beginner,用語の特定,identify,冷害・凶作が続き、東北を中心に餓死・人口流出・一揆を引き起こした江戸後期の飢饉は？,天保の飢饉(てんぽうのききん),天保の飢饉,,,,国立歴史民俗博物館「第3展示室 近世」,https://www.rekihaku.ac.jp/exhibitions/room3/
日本史段階別デッキ｜Deck 1｜日本史の最重要骨格400語,JH-000199,199,Deck 1｜骨格・基礎,事件・政変,天保の飢饉,てんぽうのききん,,近世,日本全国,東北を中心に全国,1833〜1839年ごろ,1833,JH-000199-B02,beginner,時期,time,天保の飢饉(てんぽうのききん)が起きたのはいつ？,1833〜1839年ごろ,1833〜1839年ごろ,,,1833〜1839年ごろ：「人は散々」（1833）年から「人は策」（1839）年までの天保の飢饉,国立歴史民俗博物館「第3展示室 近世」,https://www.rekihaku.ac.jp/exhibitions/room3/
日本史段階別デッキ｜Deck 1｜日本史の最重要骨格400語,JH-000199,199,Deck 1｜骨格・基礎,事件・政変,天保の飢饉,てんぽうのききん,,近世,日本全国,東北を中心に全国,1833〜1839年ごろ,1833,JH-000199-B03,beginner,地域,place,天保の飢饉(てんぽうのききん)で被害が特に深刻だった地域は？,東北地方,東北地方,,,,国立歴史民俗博物館「第3展示室 近世」,https://www.rekihaku.ac.jp/exhibitions/room3/
日本史段階別デッキ｜Deck 1｜日本史の最重要骨格400語,JH-000199,199,Deck 1｜骨格・基礎,事件・政変,天保の飢饉,てんぽうのききん,,近世,日本全国,東北を中心に全国,1833〜1839年ごろ,1833,JH-000199-R01,reverse,時期,time,起きたのはいつ？,**1833〜1839年ごろ**,1833〜1839年ごろ,,,1833〜1839年ごろ：「人は散々」（1833）年から「人は策」（1839）年までの天保の飢饉,国立歴史民俗博物館「第3展示室 近世」,https://www.rekihaku.ac.jp/exhibitions/room3/
日本史段階別デッキ｜Deck 1｜日本史の最重要骨格400語,JH-000199,199,Deck 1｜骨格・基礎,事件・政変,天保の飢饉,てんぽうのききん,,近世,日本全国,東北を中心に全国,1833〜1839年ごろ,1833,JH-000199-R02,reverse,複合説明,reverse,何が起きた？,**冷害**と凶作が続き、東北を中心に全国で米価高騰・餓死・人口流出を引き起こした大飢饉。,冷害|凶作|東北|米価高騰|百姓一揆|大塩平八郎の乱,,,,国立歴史民俗博物館「第3展示室 近世」,https://www.rekihaku.ac.jp/exhibitions/room3/
日本史段階別デッキ｜Deck 1｜日本史の最重要骨格400語,JH-000199,199,Deck 1｜骨格・基礎,事件・政変,天保の飢饉,てんぽうのききん,,近世,日本全国,東北を中心に全国,1833〜1839年ごろ,1833,JH-000199-R03,reverse,結果・関連,reverse,何につながった・どんな意味があった？,**百姓一揆(ひゃくしょういっき)**・打ちこわしや大塩平八郎の乱(おおしおへいはちろうのらん)を促し、幕府・諸藩の統治能力への不信を高めた。,冷害|凶作|東北|米価高騰|百姓一揆|大塩平八郎の乱,,,,国立歴史民俗博物館「第3展示室 近世」,https://www.rekihaku.ac.jp/exhibitions/room3/
日本史段階別デッキ｜Deck 1｜日本史の最重要骨格400語,JH-000199,199,Deck 1｜骨格・基礎,事件・政変,天保の飢饉,てんぽうのききん,,近世,日本全国,東北を中心に全国,1833〜1839年ごろ,1833,JH-000199-I01,integrated,統合説明,integrated,「天保の飢饉(てんぽうのききん)」について説明せよ。,1833〜1839年ごろ、東北を中心に全国を主な舞台として、**冷害**と凶作が続き、東北を中心に全国で米価高騰・餓死・人口流出を引き起こした大飢饉。 **百姓一揆(ひゃくしょういっき)**・打ちこわしや大塩平八郎の乱(おおしおへいはちろうのらん)を促し、幕府・諸藩の統治能力への不信を高めた。,冷害|凶作|東北|米価高騰|百姓一揆|大塩平八郎の乱,,,1833〜1839年ごろ：「人は散々」（1833）年から「人は策」（1839）年までの天保の飢饉,国立歴史民俗博物館「第3展示室 近世」,https://www.rekihaku.ac.jp/exhibitions/room3/
日本史段階別デッキ｜Deck 1｜日本史の最重要骨格400語,JH-000250,250,Deck 1｜骨格・基礎,人物,歌川広重,うたがわひろしげ,,近世,日本全国,江戸・東海道各地,江戸時代後期,1833,JH-000250-B01,beginner,用語の特定,identify,『東海道五十三次』で宿場や自然景観を描いた浮世絵師は？,歌川広重(うたがわひろしげ),歌川広重,,,,文化庁「文化遺産オンライン」,https://online.bunka.go.jp/
日本史段階別デッキ｜Deck 1｜日本史の最重要骨格400語,JH-000250,250,Deck 1｜骨格・基礎,人物,歌川広重,うたがわひろしげ,,近世,日本全国,江戸・東海道各地,江戸時代後期,1833,JH-000250-B02,beginner,時期,time,歌川広重(うたがわひろしげ)が主に活動したのはいつ？,江戸時代後期,江戸時代後期,,,,文化庁「文化遺産オンライン」,https://online.bunka.go.jp/
日本史段階別デッキ｜Deck 1｜日本史の最重要骨格400語,JH-000250,250,Deck 1｜骨格・基礎,人物,歌川広重,うたがわひろしげ,,近世,日本全国,江戸・東海道各地,江戸時代後期,1833,JH-000250-B03,beginner,作品,content,歌川広重(うたがわひろしげ)の代表的な風景版画集は？,東海道五十三次,東海道五十三次,,,,文化庁「文化遺産オンライン」,https://online.bunka.go.jp/
日本史段階別デッキ｜Deck 1｜日本史の最重要骨格400語,JH-000250,250,Deck 1｜骨格・基礎,人物,歌川広重,うたがわひろしげ,,近世,日本全国,江戸・東海道各地,江戸時代後期,1833,JH-000250-R01,reverse,時期,time,主に活動したのはいつ？,**江戸時代後期**,江戸時代後期,,,,文化庁「文化遺産オンライン」,https://online.bunka.go.jp/
日本史段階別デッキ｜Deck 1｜日本史の最重要骨格400語,JH-000250,250,Deck 1｜骨格・基礎,人物,歌川広重,うたがわひろしげ,,近世,日本全国,江戸・東海道各地,江戸時代後期,1833,JH-000250-R02,reverse,複合説明,reverse,何をした？,江戸と東海道各地の宿場・自然景観を叙情的に描き、**『東海道五十三次』**などを残した浮世絵師。,江戸|東海道|宿場|東海道五十三次|風景版画|出版文化,,,,文化庁「文化遺産オンライン」,https://online.bunka.go.jp/
日本史段階別デッキ｜Deck 1｜日本史の最重要骨格400語,JH-000250,250,Deck 1｜骨格・基礎,人物,歌川広重,うたがわひろしげ,,近世,日本全国,江戸・東海道各地,江戸時代後期,1833,JH-000250-R03,reverse,結果・関連,reverse,何につながった・どんな意味があった？,旅の流行と出版文化を背景に**風景版画**を普及させ、国内外の美術へ影響した。,江戸|東海道|宿場|東海道五十三次|風景版画|出版文化,,,,文化庁「文化遺産オンライン」,https://online.bunka.go.jp/
日本史段階別デッキ｜Deck 1｜日本史の最重要骨格400語,JH-000250,250,Deck 1｜骨格・基礎,人物,歌川広重,うたがわひろしげ,,近世,日本全国,江戸・東海道各地,江戸時代後期,1833,JH-000250-I01,integrated,統合説明,integrated,「歌川広重(うたがわひろしげ)」について説明せよ。,江戸時代後期、江戸・東海道各地を主な舞台として、江戸と東海道各地の宿場・自然景観を叙情的に描き、**『東海道五十三次』**などを残した浮世絵師。 旅の流行と出版文化を背景に**風景版画**を普及させ、国内外の美術へ影響した。,江戸|東海道|宿場|東海道五十三次|風景版画|出版文化,,,,文化庁「文化遺産オンライン」,https://online.bunka.go.jp/
日本史段階別デッキ｜Deck 1｜日本史の最重要骨格400語,JH-000200,200,Deck 1｜骨格・基礎,事件・政変,大塩平八郎の乱,おおしおへいはちろうのらん,,近世,近畿,大坂,1837年,1837,JH-000200-B01,beginner,用語の特定,identify,天保の飢饉(てんぽうのききん)下、元大坂町奉行所与力が豪商・役人を批判して起こした反乱は？,大塩平八郎の乱(おおしおへいはちろうのらん),大塩平八郎の乱,,,,東京大学史料編纂所,https://www.hi.u-tokyo.ac.jp/
日本史段階別デッキ｜Deck 1｜日本史の最重要骨格400語,JH-000200,200,Deck 1｜骨格・基礎,事件・政変,大塩平八郎の乱,おおしおへいはちろうのらん,,近世,近畿,大坂,1837年,1837,JH-000200-B02,beginner,時期,time,大塩平八郎の乱(おおしおへいはちろうのらん)が起きたのはいつ？,1837年,1837年,,,1837年：「人は皆」（1837）と結ぶ大塩平八郎の乱,東京大学史料編纂所,https://www.hi.u-tokyo.ac.jp/
日本史段階別デッキ｜Deck 1｜日本史の最重要骨格400語,JH-000200,200,Deck 1｜骨格・基礎,事件・政変,大塩平八郎の乱,おおしおへいはちろうのらん,,近世,近畿,大坂,1837年,1837,JH-000200-B03,beginner,人物,person,大塩平八郎の乱(おおしおへいはちろうのらん)を起こした人物は？,大塩平八郎,大塩平八郎,,,,東京大学史料編纂所,https://www.hi.u-tokyo.ac.jp/
日本史段階別デッキ｜Deck 1｜日本史の最重要骨格400語,JH-000200,200,Deck 1｜骨格・基礎,事件・政変,大塩平八郎の乱,おおしおへいはちろうのらん,,近世,近畿,大坂,1837年,1837,JH-000200-R01,reverse,時期,time,起きたのはいつ？,**1837年**,1837年,,,1837年：「人は皆」（1837）と結ぶ大塩平八郎の乱,東京大学史料編纂所,https://www.hi.u-tokyo.ac.jp/
日本史段階別デッキ｜Deck 1｜日本史の最重要骨格400語,JH-000200,200,Deck 1｜骨格・基礎,事件・政変,大塩平八郎の乱,おおしおへいはちろうのらん,,近世,近畿,大坂,1837年,1837,JH-000200-R02,reverse,複合説明,reverse,何が起きた？,天保の飢饉(てんぽうのききん)下の大坂で、元町奉行所与力の**大塩平八郎**が救民を訴え、門人・農民らと蜂起した反乱。,天保の飢饉|大坂|大塩平八郎|救民|幕府の威信,,,,東京大学史料編纂所,https://www.hi.u-tokyo.ac.jp/
日本史段階別デッキ｜Deck 1｜日本史の最重要骨格400語,JH-000200,200,Deck 1｜骨格・基礎,事件・政変,大塩平八郎の乱,おおしおへいはちろうのらん,,近世,近畿,大坂,1837年,1837,JH-000200-R03,reverse,結果・関連,reverse,何につながった・どんな意味があった？,短時間で鎮圧されたが、幕府役人出身者の反乱として**幕府の威信**を大きく傷つけ、各地に影響した。,天保の飢饉|大坂|大塩平八郎|救民|幕府の威信,,,,東京大学史料編纂所,https://www.hi.u-tokyo.ac.jp/
日本史段階別デッキ｜Deck 1｜日本史の最重要骨格400語,JH-000200,200,Deck 1｜骨格・基礎,事件・政変,大塩平八郎の乱,おおしおへいはちろうのらん,,近世,近畿,大坂,1837年,1837,JH-000200-I01,integrated,統合説明,integrated,「大塩平八郎の乱(おおしおへいはちろうのらん)」について説明せよ。,1837年、大坂を主な舞台として、天保の飢饉(てんぽうのききん)下の大坂で、元町奉行所与力の**大塩平八郎**が救民を訴え、門人・農民らと蜂起した反乱。 短時間で鎮圧されたが、幕府役人出身者の反乱として**幕府の威信**を大きく傷つけ、各地に影響した。,天保の飢饉|大坂|大塩平八郎|救民|幕府の威信,,,1837年：「人は皆」（1837）と結ぶ大塩平八郎の乱,東京大学史料編纂所,https://www.hi.u-tokyo.ac.jp/
日本史段階別デッキ｜Deck 1｜日本史の最重要骨格400語,JH-000201,201,Deck 1｜骨格・基礎,事件・政変,蛮社の獄,ばんしゃのごく,,近世,関東,江戸,1839年,1839,JH-000201-B01,beginner,用語の特定,identify,異国船打払令(いこくせんうちはらいれい)を批判した渡辺崋山(わたなべかざん)・高野長英(たかのちょうえい)ら蘭学者を幕府が処罰した事件は？,蛮社の獄(ばんしゃのごく),蛮社の獄,,,,東京大学史料編纂所,https://www.hi.u-tokyo.ac.jp/
日本史段階別デッキ｜Deck 1｜日本史の最重要骨格400語,JH-000201,201,Deck 1｜骨格・基礎,事件・政変,蛮社の獄,ばんしゃのごく,,近世,関東,江戸,1839年,1839,JH-000201-B02,beginner,時期,time,蛮社の獄(ばんしゃのごく)が起きたのはいつ？,1839年,1839年,,,1839年：「人は策」（1839）と結ぶ蛮社の獄,東京大学史料編纂所,https://www.hi.u-tokyo.ac.jp/
日本史段階別デッキ｜Deck 1｜日本史の最重要骨格400語,JH-000201,201,Deck 1｜骨格・基礎,事件・政変,蛮社の獄,ばんしゃのごく,,近世,関東,江戸,1839年,1839,JH-000201-B03,beginner,人物,person,蛮社の獄(ばんしゃのごく)で処罰された代表的な蘭学者二人は？,渡辺崋山(わたなべかざん)・高野長英(たかのちょうえい),渡辺崋山・高野長英,,,,東京大学史料編纂所,https://www.hi.u-tokyo.ac.jp/
日本史段階別デッキ｜Deck 1｜日本史の最重要骨格400語,JH-000201,201,Deck 1｜骨格・基礎,事件・政変,蛮社の獄,ばんしゃのごく,,近世,関東,江戸,1839年,1839,JH-000201-R01,reverse,時期,time,起きたのはいつ？,**1839年**,1839年,,,1839年：「人は策」（1839）と結ぶ蛮社の獄,東京大学史料編纂所,https://www.hi.u-tokyo.ac.jp/
日本史段階別デッキ｜Deck 1｜日本史の最重要骨格400語,JH-000201,201,Deck 1｜骨格・基礎,事件・政変,蛮社の獄,ばんしゃのごく,,近世,関東,江戸,1839年,1839,JH-000201-R02,reverse,複合説明,reverse,何が起きた？,江戸幕府が異国船打払令(いこくせんうちはらいれい)を批判した**渡辺崋山(わたなべかざん)・高野長英(たかのちょうえい)**ら蘭学者を処罰した事件。,異国船打払令|渡辺崋山|高野長英|蘭学者|政策批判|弾圧,,,,東京大学史料編纂所,https://www.hi.u-tokyo.ac.jp/
日本史段階別デッキ｜Deck 1｜日本史の最重要骨格400語,JH-000201,201,Deck 1｜骨格・基礎,事件・政変,蛮社の獄,ばんしゃのごく,,近世,関東,江戸,1839年,1839,JH-000201-R03,reverse,結果・関連,reverse,何につながった・どんな意味があった？,海外事情に基づく政策批判を弾圧し、幕府の閉鎖的な対外姿勢と**蘭学者**の危機感を示した。,異国船打払令|渡辺崋山|高野長英|蘭学者|政策批判|弾圧,,,,東京大学史料編纂所,https://www.hi.u-tokyo.ac.jp/
日本史段階別デッキ｜Deck 1｜日本史の最重要骨格400語,JH-000201,201,Deck 1｜骨格・基礎,事件・政変,蛮社の獄,ばんしゃのごく,,近世,関東,江戸,1839年,1839,JH-000201-I01,integrated,統合説明,integrated,「蛮社の獄(ばんしゃのごく)」について説明せよ。,1839年、江戸を主な舞台として、江戸幕府が異国船打払令(いこくせんうちはらいれい)を批判した**渡辺崋山(わたなべかざん)・高野長英(たかのちょうえい)**ら蘭学者を処罰した事件。 海外事情に基づく政策批判を弾圧し、幕府の閉鎖的な対外姿勢と**蘭学者**の危機感を示した。,異国船打払令|渡辺崋山|高野長英|蘭学者|政策批判|弾圧,,,1839年：「人は策」（1839）と結ぶ蛮社の獄,東京大学史料編纂所,https://www.hi.u-tokyo.ac.jp/
日本史段階別デッキ｜Deck 1｜日本史の最重要骨格400語,JH-000138,138,Deck 1｜骨格・基礎,制度・政策・法律,天保の改革,てんぽうのかいかく,,近世,日本全国,江戸幕府と全国,1841〜1843年,1841,JH-000138-B01,beginner,用語の特定,identify,水野忠邦(みずのただくに)が倹約・株仲間(かぶなかま)解散・人返し令・上知令(あげちれい)などを進めた幕政改革は？,天保の改革(てんぽうのかいかく),天保の改革,,,,国立歴史民俗博物館「第3展示室 近世」,https://www.rekihaku.ac.jp/exhibitions/room3/
日本史段階別デッキ｜Deck 1｜日本史の最重要骨格400語,JH-000138,138,Deck 1｜骨格・基礎,制度・政策・法律,天保の改革,てんぽうのかいかく,,近世,日本全国,江戸幕府と全国,1841〜1843年,1841,JH-000138-B02,beginner,時期,time,天保の改革(てんぽうのかいかく)が成立・実施されたのはいつ？,1841〜1843年,1841〜1843年,,,1841〜1843年：「いやよい」（1841）から「いやよさ」（1843）まで天保の改革,国立歴史民俗博物館「第3展示室 近世」,https://www.rekihaku.ac.jp/exhibitions/room3/
日本史段階別デッキ｜Deck 1｜日本史の最重要骨格400語,JH-000138,138,Deck 1｜骨格・基礎,制度・政策・法律,天保の改革,てんぽうのかいかく,,近世,日本全国,江戸幕府と全国,1841〜1843年,1841,JH-000138-B03,beginner,人物,person,天保の改革(てんぽうのかいかく)を主導した老中は？,水野忠邦(みずのただくに),水野忠邦,,,,国立歴史民俗博物館「第3展示室 近世」,https://www.rekihaku.ac.jp/exhibitions/room3/
日本史段階別デッキ｜Deck 1｜日本史の最重要骨格400語,JH-000138,138,Deck 1｜骨格・基礎,制度・政策・法律,天保の改革,てんぽうのかいかく,,近世,日本全国,江戸幕府と全国,1841〜1843年,1841,JH-000138-R01,reverse,時期,time,成立・実施されたのはいつ？,**1841〜1843年**,1841〜1843年,,,1841〜1843年：「いやよい」（1841）から「いやよさ」（1843）まで天保の改革,国立歴史民俗博物館「第3展示室 近世」,https://www.rekihaku.ac.jp/exhibitions/room3/
日本史段階別デッキ｜Deck 1｜日本史の最重要骨格400語,JH-000138,138,Deck 1｜骨格・基礎,制度・政策・法律,天保の改革,てんぽうのかいかく,,近世,日本全国,江戸幕府と全国,1841〜1843年,1841,JH-000138-R02,reverse,複合説明,reverse,どんな制度・政策・法律？,老中水野忠邦(みずのただくに)が幕府権力と財政の再建を目指し、**倹約・株仲間(かぶなかま)解散・人返し令・上知令(あげちれい)**などを実施した改革。,水野忠邦|倹約|株仲間解散|人返し令|上知令|失脚,,,,国立歴史民俗博物館「第3展示室 近世」,https://www.rekihaku.ac.jp/exhibitions/room3/
日本史段階別デッキ｜Deck 1｜日本史の最重要骨格400語,JH-000138,138,Deck 1｜骨格・基礎,制度・政策・法律,天保の改革,てんぽうのかいかく,,近世,日本全国,江戸幕府と全国,1841〜1843年,1841,JH-000138-R03,reverse,結果・関連,reverse,何につながった・どんな意味があった？,市場統制と江戸・大坂周辺の直轄化を図ったが強い反発を受け、**上知令(あげちれい)**撤回と水野の失脚で短期間に終わった。,水野忠邦|倹約|株仲間解散|人返し令|上知令|失脚,,,,国立歴史民俗博物館「第3展示室 近世」,https://www.rekihaku.ac.jp/exhibitions/room3/
日本史段階別デッキ｜Deck 1｜日本史の最重要骨格400語,JH-000138,138,Deck 1｜骨格・基礎,制度・政策・法律,天保の改革,てんぽうのかいかく,,近世,日本全国,江戸幕府と全国,1841〜1843年,1841,JH-000138-I01,integrated,統合説明,integrated,「天保の改革(てんぽうのかいかく)」について説明せよ。,1841〜1843年、江戸幕府と全国を主な舞台として、老中水野忠邦(みずのただくに)が幕府権力と財政の再建を目指し、**倹約・株仲間(かぶなかま)解散・人返し令・上知令(あげちれい)**などを実施した改革。 市場統制と江戸・大坂周辺の直轄化を図ったが強い反発を受け、**上知令(あげちれい)**撤回と水野の失脚で短期間に終わった。,水野忠邦|倹約|株仲間解散|人返し令|上知令|失脚,,,1841〜1843年：「いやよい」（1841）から「いやよさ」（1843）まで天保の改革,国立歴史民俗博物館「第3展示室 近世」,https://www.rekihaku.ac.jp/exhibitions/room3/
日本史段階別デッキ｜Deck 1｜日本史の最重要骨格400語,JH-000251,251,Deck 1｜骨格・基礎,人物,水野忠邦,みずのただくに,,近世,日本全国,江戸幕府,江戸時代後期,1841,JH-000251-B01,beginner,用語の特定,identify,老中として天保の改革(てんぽうのかいかく)を主導し、株仲間(かぶなかま)解散や上知令(あげちれい)を進めた人物は？,水野忠邦(みずのただくに),水野忠邦,,,,国立歴史民俗博物館「第3展示室 近世」,https://www.rekihaku.ac.jp/exhibitions/room3/
日本史段階別デッキ｜Deck 1｜日本史の最重要骨格400語,JH-000251,251,Deck 1｜骨格・基礎,人物,水野忠邦,みずのただくに,,近世,日本全国,江戸幕府,江戸時代後期,1841,JH-000251-B02,beginner,時期,time,水野忠邦(みずのただくに)が主に活動したのはいつ？,江戸時代後期,江戸時代後期,,,,国立歴史民俗博物館「第3展示室 近世」,https://www.rekihaku.ac.jp/exhibitions/room3/
日本史段階別デッキ｜Deck 1｜日本史の最重要骨格400語,JH-000251,251,Deck 1｜骨格・基礎,人物,水野忠邦,みずのただくに,,近世,日本全国,江戸幕府,江戸時代後期,1841,JH-000251-B03,beginner,政策,content,水野忠邦(みずのただくに)が主導した幕政改革は？,天保の改革(てんぽうのかいかく),天保の改革,,,,国立歴史民俗博物館「第3展示室 近世」,https://www.rekihaku.ac.jp/exhibitions/room3/
日本史段階別デッキ｜Deck 1｜日本史の最重要骨格400語,JH-000251,251,Deck 1｜骨格・基礎,人物,水野忠邦,みずのただくに,,近世,日本全国,江戸幕府,江戸時代後期,1841,JH-000251-R01,reverse,時期,time,主に活動したのはいつ？,**江戸時代後期**,江戸時代後期,,,,国立歴史民俗博物館「第3展示室 近世」,https://www.rekihaku.ac.jp/exhibitions/room3/
日本史段階別デッキ｜Deck 1｜日本史の最重要骨格400語,JH-000251,251,Deck 1｜骨格・基礎,人物,水野忠邦,みずのただくに,,近世,日本全国,江戸幕府,江戸時代後期,1841,JH-000251-R02,reverse,複合説明,reverse,何をした？,江戸幕府老中として**天保の改革(てんぽうのかいかく)**を主導し、倹約・株仲間(かぶなかま)解散・人返し令・上知令(あげちれい)を進めた人物。,老中|天保の改革|株仲間解散|人返し令|上知令|失脚,,,,国立歴史民俗博物館「第3展示室 近世」,https://www.rekihaku.ac.jp/exhibitions/room3/
日本史段階別デッキ｜Deck 1｜日本史の最重要骨格400語,JH-000251,251,Deck 1｜骨格・基礎,人物,水野忠邦,みずのただくに,,近世,日本全国,江戸幕府,江戸時代後期,1841,JH-000251-R03,reverse,結果・関連,reverse,何につながった・どんな意味があった？,急進的な統制策が大名・商人・庶民の反発を招き、**上知令(あげちれい)**を撤回して失脚した。,老中|天保の改革|株仲間解散|人返し令|上知令|失脚,,,,国立歴史民俗博物館「第3展示室 近世」,https://www.rekihaku.ac.jp/exhibitions/room3/
日本史段階別デッキ｜Deck 1｜日本史の最重要骨格400語,JH-000251,251,Deck 1｜骨格・基礎,人物,水野忠邦,みずのただくに,,近世,日本全国,江戸幕府,江戸時代後期,1841,JH-000251-I01,integrated,統合説明,integrated,「水野忠邦(みずのただくに)」について説明せよ。,江戸時代後期、江戸幕府を主な舞台として、江戸幕府老中として**天保の改革(てんぽうのかいかく)**を主導し、倹約・株仲間(かぶなかま)解散・人返し令・上知令(あげちれい)を進めた人物。 急進的な統制策が大名・商人・庶民の反発を招き、**上知令(あげちれい)**を撤回して失脚した。,老中|天保の改革|株仲間解散|人返し令|上知令|失脚,,,,国立歴史民俗博物館「第3展示室 近世」,https://www.rekihaku.ac.jp/exhibitions/room3/
日本史段階別デッキ｜Deck 1｜日本史の最重要骨格400語,JH-000330,330,Deck 1｜骨格・基礎,制度・政策・法律,上知令,あげちれい,,近世,関東,江戸・大坂周辺,1843年,1843,JH-000330-B01,beginner,用語の特定,identify,天保の改革(てんぽうのかいかく)で、江戸・大坂周辺の大名・旗本領を幕府直轄地にしようとした命令は？,上知令(あげちれい),上知令,,,,国立歴史民俗博物館「第3展示室 近世」,https://www.rekihaku.ac.jp/exhibitions/room3/
日本史段階別デッキ｜Deck 1｜日本史の最重要骨格400語,JH-000330,330,Deck 1｜骨格・基礎,制度・政策・法律,上知令,あげちれい,,近世,関東,江戸・大坂周辺,1843年,1843,JH-000330-B02,beginner,時期,time,上知令(あげちれい)が成立・実施されたのはいつ？,1843年,1843年,,,1843年：「いやよさ」（1843）と結ぶ上知令,国立歴史民俗博物館「第3展示室 近世」,https://www.rekihaku.ac.jp/exhibitions/room3/
日本史段階別デッキ｜Deck 1｜日本史の最重要骨格400語,JH-000330,330,Deck 1｜骨格・基礎,制度・政策・法律,上知令,あげちれい,,近世,関東,江戸・大坂周辺,1843年,1843,JH-000330-B03,beginner,地域,place,上知令(あげちれい)が対象とした二大都市周辺は？,江戸・大坂,江戸・大坂,,,,国立歴史民俗博物館「第3展示室 近世」,https://www.rekihaku.ac.jp/exhibitions/room3/
日本史段階別デッキ｜Deck 1｜日本史の最重要骨格400語,JH-000330,330,Deck 1｜骨格・基礎,制度・政策・法律,上知令,あげちれい,,近世,関東,江戸・大坂周辺,1843年,1843,JH-000330-R01,reverse,時期,time,成立・実施されたのはいつ？,**1843年**,1843年,,,1843年：「いやよさ」（1843）と結ぶ上知令,国立歴史民俗博物館「第3展示室 近世」,https://www.rekihaku.ac.jp/exhibitions/room3/
日本史段階別デッキ｜Deck 1｜日本史の最重要骨格400語,JH-000330,330,Deck 1｜骨格・基礎,制度・政策・法律,上知令,あげちれい,,近世,関東,江戸・大坂周辺,1843年,1843,JH-000330-R02,reverse,複合説明,reverse,どんな制度・政策・法律？,水野忠邦(みずのただくに)が江戸・大坂周辺の大名・旗本領を幕府へ差し出させ、**直轄地**にしようとした命令。,水野忠邦|江戸|大坂|大名領|旗本領|直轄地|撤回,,,,国立歴史民俗博物館「第3展示室 近世」,https://www.rekihaku.ac.jp/exhibitions/room3/
日本史段階別デッキ｜Deck 1｜日本史の最重要骨格400語,JH-000330,330,Deck 1｜骨格・基礎,制度・政策・法律,上知令,あげちれい,,近世,関東,江戸・大坂周辺,1843年,1843,JH-000330-R03,reverse,結果・関連,reverse,何につながった・どんな意味があった？,軍事・財政基盤の強化を狙ったが大名・旗本の強い反対で**撤回**され、天保の改革(てんぽうのかいかく)失敗の決定打となった。,水野忠邦|江戸|大坂|大名領|旗本領|直轄地|撤回,,,,国立歴史民俗博物館「第3展示室 近世」,https://www.rekihaku.ac.jp/exhibitions/room3/
日本史段階別デッキ｜Deck 1｜日本史の最重要骨格400語,JH-000330,330,Deck 1｜骨格・基礎,制度・政策・法律,上知令,あげちれい,,近世,関東,江戸・大坂周辺,1843年,1843,JH-000330-I01,integrated,統合説明,integrated,「上知令(あげちれい)」について説明せよ。,1843年、江戸・大坂周辺を主な舞台として、水野忠邦(みずのただくに)が江戸・大坂周辺の大名・旗本領を幕府へ差し出させ、**直轄地**にしようとした命令。 軍事・財政基盤の強化を狙ったが大名・旗本の強い反対で**撤回**され、天保の改革(てんぽうのかいかく)失敗の決定打となった。,水野忠邦|江戸|大坂|大名領|旗本領|直轄地|撤回,,,1843年：「いやよさ」（1843）と結ぶ上知令,国立歴史民俗博物館「第3展示室 近世」,https://www.rekihaku.ac.jp/exhibitions/room3/
日本史段階別デッキ｜Deck 1｜日本史の最重要骨格400語,JH-000140,140,Deck 1｜骨格・基礎,条約・会議・外交,ペリー来航,ぺりーらいこう,,近世,関東,浦賀・江戸湾,1853年,1853,JH-000140-B01,beginner,用語の特定,identify,アメリカ東インド艦隊司令長官が軍艦を率いて浦賀へ来航し、開国を要求した出来事は？,ペリー来航,ペリー来航,,,,外務省「日本外交文書」,https://www.mofa.go.jp/mofaj/annai/honsho/shiryo/bunsho/index.html
日本史段階別デッキ｜Deck 1｜日本史の最重要骨格400語,JH-000140,140,Deck 1｜骨格・基礎,条約・会議・外交,ペリー来航,ぺりーらいこう,,近世,関東,浦賀・江戸湾,1853年,1853,JH-000140-B02,beginner,時期,time,ペリー来航はいつ？,1853年,1853年,,,1853年：「いやでござんす」（1853）ペリー来航,外務省「日本外交文書」,https://www.mofa.go.jp/mofaj/annai/honsho/shiryo/bunsho/index.html
日本史段階別デッキ｜Deck 1｜日本史の最重要骨格400語,JH-000140,140,Deck 1｜骨格・基礎,条約・会議・外交,ペリー来航,ぺりーらいこう,,近世,関東,浦賀・江戸湾,1853年,1853,JH-000140-B03,beginner,人物,person,ペリー来航で艦隊を率いたアメリカの人物は？,ペリー,ペリー,,,,外務省「日本外交文書」,https://www.mofa.go.jp/mofaj/annai/honsho/shiryo/bunsho/index.html
日本史段階別デッキ｜Deck 1｜日本史の最重要骨格400語,JH-000140,140,Deck 1｜骨格・基礎,条約・会議・外交,ペリー来航,ぺりーらいこう,,近世,関東,浦賀・江戸湾,1853年,1853,JH-000140-R01,reverse,時期,time,来航したのはいつ？,**1853年**,1853年,,,1853年：「いやでござんす」（1853）ペリー来航,外務省「日本外交文書」,https://www.mofa.go.jp/mofaj/annai/honsho/shiryo/bunsho/index.html
日本史段階別デッキ｜Deck 1｜日本史の最重要骨格400語,JH-000140,140,Deck 1｜骨格・基礎,条約・会議・外交,ペリー来航,ぺりーらいこう,,近世,関東,浦賀・江戸湾,1853年,1853,JH-000140-R02,reverse,複合説明,reverse,何を決めた・どんな関係を作った？,アメリカ東インド艦隊司令長官**ペリー**が軍艦を率いて浦賀へ来航し、大統領国書を渡して開国・通商を要求した。,ペリー|アメリカ|浦賀|大統領国書|開国|日米和親条約,,,,外務省「日本外交文書」,https://www.mofa.go.jp/mofaj/annai/honsho/shiryo/bunsho/index.html
日本史段階別デッキ｜Deck 1｜日本史の最重要骨格400語,JH-000140,140,Deck 1｜骨格・基礎,条約・会議・外交,ペリー来航,ぺりーらいこう,,近世,関東,浦賀・江戸湾,1853年,1853,JH-000140-R03,reverse,結果・関連,reverse,何につながった・どんな意味があった？,幕府に全国的な政治判断を迫り、日米和親条約による**開国**と幕末政治の動揺につながった。,ペリー|アメリカ|浦賀|大統領国書|開国|日米和親条約,,,,外務省「日本外交文書」,https://www.mofa.go.jp/mofaj/annai/honsho/shiryo/bunsho/index.html
日本史段階別デッキ｜Deck 1｜日本史の最重要骨格400語,JH-000140,140,Deck 1｜骨格・基礎,条約・会議・外交,ペリー来航,ぺりーらいこう,,近世,関東,浦賀・江戸湾,1853年,1853,JH-000140-I01,integrated,統合説明,integrated,「ペリー来航」について説明せよ。,1853年、浦賀・江戸湾を主な舞台として、アメリカ東インド艦隊司令長官**ペリー**が軍艦を率いて浦賀へ来航し、大統領国書を渡して開国・通商を要求した。 幕府に全国的な政治判断を迫り、日米和親条約による**開国**と幕末政治の動揺につながった。,ペリー|アメリカ|浦賀|大統領国書|開国|日米和親条約,,,1853年：「いやでござんす」（1853）ペリー来航,外務省「日本外交文書」,https://www.mofa.go.jp/mofaj/annai/honsho/shiryo/bunsho/index.html
日本史段階別デッキ｜Deck 1｜日本史の最重要骨格400語,JH-000141,141,Deck 1｜骨格・基礎,条約・会議・外交,日米和親条約,にちべいわしんじょうやく,神奈川条約,近世,欧米,日本とアメリカ、下田・函館,1854年,1854,JH-000141-B01,beginner,用語の特定,identify,日本が下田・函館を開港し、アメリカ船へ薪水・食料を供給することを定めた条約は？,日米和親条約,日米和親条約,神奈川条約,,,外務省「日本外交文書」,https://www.mofa.go.jp/mofaj/annai/honsho/shiryo/bunsho/index.html
日本史段階別デッキ｜Deck 1｜日本史の最重要骨格400語,JH-000141,141,Deck 1｜骨格・基礎,条約・会議・外交,日米和親条約,にちべいわしんじょうやく,神奈川条約,近世,欧米,日本とアメリカ、下田・函館,1854年,1854,JH-000141-B02,beginner,時期,time,日米和親条約が結ばれたのはいつ？,1854年,1854年,,,1854年：「一夜越し」（1854）日米和親条約,外務省「日本外交文書」,https://www.mofa.go.jp/mofaj/annai/honsho/shiryo/bunsho/index.html
日本史段階別デッキ｜Deck 1｜日本史の最重要骨格400語,JH-000141,141,Deck 1｜骨格・基礎,条約・会議・外交,日米和親条約,にちべいわしんじょうやく,神奈川条約,近世,欧米,日本とアメリカ、下田・函館,1854年,1854,JH-000141-B03,beginner,内容,place,日米和親条約で開港した二港は？,下田・函館,下田・函館,,,,外務省「日本外交文書」,https://www.mofa.go.jp/mofaj/annai/honsho/shiryo/bunsho/index.html
日本史段階別デッキ｜Deck 1｜日本史の最重要骨格400語,JH-000141,141,Deck 1｜骨格・基礎,条約・会議・外交,日米和親条約,にちべいわしんじょうやく,神奈川条約,近世,欧米,日本とアメリカ、下田・函館,1854年,1854,JH-000141-R01,reverse,時期,time,結ばれたのはいつ？,**1854年**,1854年,,,1854年：「一夜越し」（1854）日米和親条約,外務省「日本外交文書」,https://www.mofa.go.jp/mofaj/annai/honsho/shiryo/bunsho/index.html
日本史段階別デッキ｜Deck 1｜日本史の最重要骨格400語,JH-000141,141,Deck 1｜骨格・基礎,条約・会議・外交,日米和親条約,にちべいわしんじょうやく,神奈川条約,近世,欧米,日本とアメリカ、下田・函館,1854年,1854,JH-000141-R02,reverse,複合説明,reverse,何を決めた・どんな関係を作った？,幕府がアメリカと結び、**下田・函館**を開港して薪水・食料を供給し、下田への領事駐在を認めた条約。,アメリカ|下田|函館|薪水・食料|領事|開国,,,,外務省「日本外交文書」,https://www.mofa.go.jp/mofaj/annai/honsho/shiryo/bunsho/index.html
日本史段階別デッキ｜Deck 1｜日本史の最重要骨格400語,JH-000141,141,Deck 1｜骨格・基礎,条約・会議・外交,日米和親条約,にちべいわしんじょうやく,神奈川条約,近世,欧米,日本とアメリカ、下田・函館,1854年,1854,JH-000141-R03,reverse,結果・関連,reverse,何につながった・どんな意味があった？,いわゆる鎖国体制を終わらせて日本を**開国**させ、欧米諸国との同様の条約締結へつながった。,アメリカ|下田|函館|薪水・食料|領事|開国,,,,外務省「日本外交文書」,https://www.mofa.go.jp/mofaj/annai/honsho/shiryo/bunsho/index.html
日本史段階別デッキ｜Deck 1｜日本史の最重要骨格400語,JH-000141,141,Deck 1｜骨格・基礎,条約・会議・外交,日米和親条約,にちべいわしんじょうやく,神奈川条約,近世,欧米,日本とアメリカ、下田・函館,1854年,1854,JH-000141-I01,integrated,統合説明,integrated,「日米和親条約」について説明せよ。,1854年、日本とアメリカ、下田・函館を主な舞台として、幕府がアメリカと結び、**下田・函館**を開港して薪水・食料を供給し、下田への領事駐在を認めた条約。 いわゆる鎖国体制を終わらせて日本を**開国**させ、欧米諸国との同様の条約締結へつながった。,アメリカ|下田|函館|薪水・食料|領事|開国,,,1854年：「一夜越し」（1854）日米和親条約,外務省「日本外交文書」,https://www.mofa.go.jp/mofaj/annai/honsho/shiryo/bunsho/index.html
日本史段階別デッキ｜Deck 1｜日本史の最重要骨格400語,JH-000017,17,Deck 1｜骨格・基礎,条約・会議・外交,日米修好通商条約,にちべいしゅうこうつうしょうじょうやく,,近世,欧米,日本とアメリカ、神奈川・長崎・新潟・兵庫など,1858年,1858,JH-000017-B01,beginner,用語の特定,identify,日本がアメリカと自由貿易を始め、領事裁判権と関税自主権欠如を認めた不平等条約は？,日米修好通商条約,日米修好通商条約,,,,外務省「日本外交文書」,https://www.mofa.go.jp/mofaj/annai/honsho/shiryo/bunsho/index.html
日本史段階別デッキ｜Deck 1｜日本史の最重要骨格400語,JH-000017,17,Deck 1｜骨格・基礎,条約・会議・外交,日米修好通商条約,にちべいしゅうこうつうしょうじょうやく,,近世,欧米,日本とアメリカ、神奈川・長崎・新潟・兵庫など,1858年,1858,JH-000017-B02,beginner,時期,time,日米修好通商条約が結ばれたのはいつ？,1858年,1858年,,,1858年：「いや怖」（1858）い日米修好通商条約,外務省「日本外交文書」,https://www.mofa.go.jp/mofaj/annai/honsho/shiryo/bunsho/index.html
日本史段階別デッキ｜Deck 1｜日本史の最重要骨格400語,JH-000017,17,Deck 1｜骨格・基礎,条約・会議・外交,日米修好通商条約,にちべいしゅうこうつうしょうじょうやく,,近世,欧米,日本とアメリカ、神奈川・長崎・新潟・兵庫など,1858年,1858,JH-000017-B03,beginner,内容,content,日米修好通商条約で日本が認めた、外国領事が自国民を裁く権利は？,領事裁判権,領事裁判権,,,,外務省「日本外交文書」,https://www.mofa.go.jp/mofaj/annai/honsho/shiryo/bunsho/index.html
日本史段階別デッキ｜Deck 1｜日本史の最重要骨格400語,JH-000017,17,Deck 1｜骨格・基礎,条約・会議・外交,日米修好通商条約,にちべいしゅうこうつうしょうじょうやく,,近世,欧米,日本とアメリカ、神奈川・長崎・新潟・兵庫など,1858年,1858,JH-000017-R01,reverse,時期,time,結ばれたのはいつ？,**1858年**,1858年,,,1858年：「いや怖」（1858）い日米修好通商条約,外務省「日本外交文書」,https://www.mofa.go.jp/mofaj/annai/honsho/shiryo/bunsho/index.html
日本史段階別デッキ｜Deck 1｜日本史の最重要骨格400語,JH-000017,17,Deck 1｜骨格・基礎,条約・会議・外交,日米修好通商条約,にちべいしゅうこうつうしょうじょうやく,,近世,欧米,日本とアメリカ、神奈川・長崎・新潟・兵庫など,1858年,1858,JH-000017-R02,reverse,複合説明,reverse,何を決めた・どんな関係を作った？,幕府がアメリカと結び、神奈川・長崎・新潟・兵庫などの開港と自由貿易を定め、**領事裁判権**を認めて関税自主権を欠いた条約。,アメリカ|開港|自由貿易|領事裁判権|関税自主権|不平等条約|勅許,,,,外務省「日本外交文書」,https://www.mofa.go.jp/mofaj/annai/honsho/shiryo/bunsho/index.html
日本史段階別デッキ｜Deck 1｜日本史の最重要骨格400語,JH-000017,17,Deck 1｜骨格・基礎,条約・会議・外交,日米修好通商条約,にちべいしゅうこうつうしょうじょうやく,,近世,欧米,日本とアメリカ、神奈川・長崎・新潟・兵庫など,1858年,1858,JH-000017-R03,reverse,結果・関連,reverse,何につながった・どんな意味があった？,勅許なしの調印が政治対立を激化させ、安政の五カ国条約と**不平等条約**改正問題の出発点となった。,アメリカ|開港|自由貿易|領事裁判権|関税自主権|不平等条約|勅許,,,,外務省「日本外交文書」,https://www.mofa.go.jp/mofaj/annai/honsho/shiryo/bunsho/index.html
日本史段階別デッキ｜Deck 1｜日本史の最重要骨格400語,JH-000017,17,Deck 1｜骨格・基礎,条約・会議・外交,日米修好通商条約,にちべいしゅうこうつうしょうじょうやく,,近世,欧米,日本とアメリカ、神奈川・長崎・新潟・兵庫など,1858年,1858,JH-000017-I01,integrated,統合説明,integrated,「日米修好通商条約」について説明せよ。,1858年、日本とアメリカ、神奈川・長崎・新潟・兵庫などを主な舞台として、幕府がアメリカと結び、神奈川・長崎・新潟・兵庫などの開港と自由貿易を定め、**領事裁判権**を認めて関税自主権を欠いた条約。 勅許なしの調印が政治対立を激化させ、安政の五カ国条約と**不平等条約**改正問題の出発点となった。,アメリカ|開港|自由貿易|領事裁判権|関税自主権|不平等条約|勅許,,,1858年：「いや怖」（1858）い日米修好通商条約,外務省「日本外交文書」,https://www.mofa.go.jp/mofaj/annai/honsho/shiryo/bunsho/index.html
日本史段階別デッキ｜Deck 1｜日本史の最重要骨格400語,JH-000142,142,Deck 1｜骨格・基礎,事件・政変,安政の大獄,あんせいのたいごく,,近世,日本全国,江戸・京都・諸藩,1858〜1859年,1858,JH-000142-B01,beginner,用語の特定,identify,大老井伊直弼(いいなおすけ)が条約調印や将軍継嗣に反対した大名・公家・志士らを弾圧した事件は？,安政の大獄(あんせいのたいごく),安政の大獄,,,,東京大学史料編纂所,https://www.hi.u-tokyo.ac.jp/
日本史段階別デッキ｜Deck 1｜日本史の最重要骨格400語,JH-000142,142,Deck 1｜骨格・基礎,事件・政変,安政の大獄,あんせいのたいごく,,近世,日本全国,江戸・京都・諸藩,1858〜1859年,1858,JH-000142-B02,beginner,時期,time,安政の大獄(あんせいのたいごく)が起きたのはいつ？,1858〜1859年,1858〜1859年,,,1858〜1859年：「いや怖」（1858）年から「いや号泣」（1859）年までの安政の大獄,東京大学史料編纂所,https://www.hi.u-tokyo.ac.jp/
日本史段階別デッキ｜Deck 1｜日本史の最重要骨格400語,JH-000142,142,Deck 1｜骨格・基礎,事件・政変,安政の大獄,あんせいのたいごく,,近世,日本全国,江戸・京都・諸藩,1858〜1859年,1858,JH-000142-B03,beginner,人物,person,安政の大獄(あんせいのたいごく)を主導した大老は？,井伊直弼(いいなおすけ),井伊直弼,,,,東京大学史料編纂所,https://www.hi.u-tokyo.ac.jp/
日本史段階別デッキ｜Deck 1｜日本史の最重要骨格400語,JH-000142,142,Deck 1｜骨格・基礎,事件・政変,安政の大獄,あんせいのたいごく,,近世,日本全国,江戸・京都・諸藩,1858〜1859年,1858,JH-000142-R01,reverse,時期,time,起きたのはいつ？,**1858〜1859年**,1858〜1859年,,,1858〜1859年：「いや怖」（1858）年から「いや号泣」（1859）年までの安政の大獄,東京大学史料編纂所,https://www.hi.u-tokyo.ac.jp/
日本史段階別デッキ｜Deck 1｜日本史の最重要骨格400語,JH-000142,142,Deck 1｜骨格・基礎,事件・政変,安政の大獄,あんせいのたいごく,,近世,日本全国,江戸・京都・諸藩,1858〜1859年,1858,JH-000142-R02,reverse,複合説明,reverse,何が起きた？,大老**井伊直弼(いいなおすけ)**が、日米修好通商条約の無勅許調印や将軍継嗣問題に反対した大名・公家・志士らを処罰した弾圧。,井伊直弼|日米修好通商条約|無勅許調印|将軍継嗣|尊王攘夷|桜田門外の変,,,,東京大学史料編纂所,https://www.hi.u-tokyo.ac.jp/
日本史段階別デッキ｜Deck 1｜日本史の最重要骨格400語,JH-000142,142,Deck 1｜骨格・基礎,事件・政変,安政の大獄,あんせいのたいごく,,近世,日本全国,江戸・京都・諸藩,1858〜1859年,1858,JH-000142-R03,reverse,結果・関連,reverse,何につながった・どんな意味があった？,幕府への反感と尊王攘夷(そんのうじょうい)運動を強め、**井伊直弼(いいなおすけ)**が暗殺される桜田門外の変(さくらだもんがいのへん)につながった。,井伊直弼|日米修好通商条約|無勅許調印|将軍継嗣|尊王攘夷|桜田門外の変,,,,東京大学史料編纂所,https://www.hi.u-tokyo.ac.jp/
日本史段階別デッキ｜Deck 1｜日本史の最重要骨格400語,JH-000142,142,Deck 1｜骨格・基礎,事件・政変,安政の大獄,あんせいのたいごく,,近世,日本全国,江戸・京都・諸藩,1858〜1859年,1858,JH-000142-I01,integrated,統合説明,integrated,「安政の大獄(あんせいのたいごく)」について説明せよ。,1858〜1859年、江戸・京都・諸藩を主な舞台として、大老**井伊直弼(いいなおすけ)**が、日米修好通商条約の無勅許調印や将軍継嗣問題に反対した大名・公家・志士らを処罰した弾圧。 幕府への反感と尊王攘夷(そんのうじょうい)運動を強め、**井伊直弼(いいなおすけ)**が暗殺される桜田門外の変(さくらだもんがいのへん)につながった。,井伊直弼|日米修好通商条約|無勅許調印|将軍継嗣|尊王攘夷|桜田門外の変,,,1858〜1859年：「いや怖」（1858）年から「いや号泣」（1859）年までの安政の大獄,東京大学史料編纂所,https://www.hi.u-tokyo.ac.jp/
日本史段階別デッキ｜Deck 1｜日本史の最重要骨格400語,JH-000252,252,Deck 1｜骨格・基礎,人物,井伊直弼,いいなおすけ,,近世,日本全国,江戸幕府・京都,江戸時代末期,1858,JH-000252-B01,beginner,用語の特定,identify,大老として日米修好通商条約を無勅許で調印し、安政の大獄(あんせいのたいごく)を行った人物は？,井伊直弼(いいなおすけ),井伊直弼,,,,東京大学史料編纂所,https://www.hi.u-tokyo.ac.jp/
日本史段階別デッキ｜Deck 1｜日本史の最重要骨格400語,JH-000252,252,Deck 1｜骨格・基礎,人物,井伊直弼,いいなおすけ,,近世,日本全国,江戸幕府・京都,江戸時代末期,1858,JH-000252-B02,beginner,時期,time,井伊直弼(いいなおすけ)が主に活動したのはいつ？,江戸時代末期,江戸時代末期,,,,東京大学史料編纂所,https://www.hi.u-tokyo.ac.jp/
日本史段階別デッキ｜Deck 1｜日本史の最重要骨格400語,JH-000252,252,Deck 1｜骨格・基礎,人物,井伊直弼,いいなおすけ,,近世,日本全国,江戸幕府・京都,江戸時代末期,1858,JH-000252-B03,beginner,事件,content,井伊直弼(いいなおすけ)が主導した政治弾圧は？,安政の大獄(あんせいのたいごく),安政の大獄,,,,東京大学史料編纂所,https://www.hi.u-tokyo.ac.jp/
日本史段階別デッキ｜Deck 1｜日本史の最重要骨格400語,JH-000252,252,Deck 1｜骨格・基礎,人物,井伊直弼,いいなおすけ,,近世,日本全国,江戸幕府・京都,江戸時代末期,1858,JH-000252-R01,reverse,時期,time,主に活動したのはいつ？,**江戸時代末期**,江戸時代末期,,,,東京大学史料編纂所,https://www.hi.u-tokyo.ac.jp/
日本史段階別デッキ｜Deck 1｜日本史の最重要骨格400語,JH-000252,252,Deck 1｜骨格・基礎,人物,井伊直弼,いいなおすけ,,近世,日本全国,江戸幕府・京都,江戸時代末期,1858,JH-000252-R02,reverse,複合説明,reverse,何をした？,江戸幕府の大老として**日米修好通商条約**を勅許なしで調印し、反対派を安政の大獄(あんせいのたいごく)で弾圧した彦根藩主。,大老|日米修好通商条約|無勅許調印|安政の大獄|彦根藩|桜田門外の変,,,,東京大学史料編纂所,https://www.hi.u-tokyo.ac.jp/
日本史段階別デッキ｜Deck 1｜日本史の最重要骨格400語,JH-000252,252,Deck 1｜骨格・基礎,人物,井伊直弼,いいなおすけ,,近世,日本全国,江戸幕府・京都,江戸時代末期,1858,JH-000252-R03,reverse,結果・関連,reverse,何につながった・どんな意味があった？,強硬な政治で幕府の権威維持を図ったが、**桜田門外の変(さくらだもんがいのへん)**で暗殺され幕府の統制力低下を招いた。,大老|日米修好通商条約|無勅許調印|安政の大獄|彦根藩|桜田門外の変,,,,東京大学史料編纂所,https://www.hi.u-tokyo.ac.jp/
日本史段階別デッキ｜Deck 1｜日本史の最重要骨格400語,JH-000252,252,Deck 1｜骨格・基礎,人物,井伊直弼,いいなおすけ,,近世,日本全国,江戸幕府・京都,江戸時代末期,1858,JH-000252-I01,integrated,統合説明,integrated,「井伊直弼(いいなおすけ)」について説明せよ。,江戸時代末期、江戸幕府・京都を主な舞台として、江戸幕府の大老として**日米修好通商条約**を勅許なしで調印し、反対派を安政の大獄(あんせいのたいごく)で弾圧した彦根藩主。 強硬な政治で幕府の権威維持を図ったが、**桜田門外の変(さくらだもんがいのへん)**で暗殺され幕府の統制力低下を招いた。,大老|日米修好通商条約|無勅許調印|安政の大獄|彦根藩|桜田門外の変,,,,東京大学史料編纂所,https://www.hi.u-tokyo.ac.jp/
日本史段階別デッキ｜Deck 1｜日本史の最重要骨格400語,JH-000202,202,Deck 1｜骨格・基礎,事件・政変,桜田門外の変,さくらだもんがいのへん,,近世,関東,江戸城桜田門外,1860年,1860,JH-000202-B01,beginner,用語の特定,identify,水戸藩浪士らが江戸城外で大老井伊直弼(いいなおすけ)を暗殺した事件は？,桜田門外の変(さくらだもんがいのへん),桜田門外の変,,,,東京大学史料編纂所,https://www.hi.u-tokyo.ac.jp/
日本史段階別デッキ｜Deck 1｜日本史の最重要骨格400語,JH-000202,202,Deck 1｜骨格・基礎,事件・政変,桜田門外の変,さくらだもんがいのへん,,近世,関東,江戸城桜田門外,1860年,1860,JH-000202-B02,beginner,時期,time,桜田門外の変(さくらだもんがいのへん)が起きたのはいつ？,1860年,1860年,,,1860年：「いや群れ」（1860）る桜田門外の変,東京大学史料編纂所,https://www.hi.u-tokyo.ac.jp/
日本史段階別デッキ｜Deck 1｜日本史の最重要骨格400語,JH-000202,202,Deck 1｜骨格・基礎,事件・政変,桜田門外の変,さくらだもんがいのへん,,近世,関東,江戸城桜田門外,1860年,1860,JH-000202-B03,beginner,人物,person,桜田門外の変(さくらだもんがいのへん)で暗殺された大老は？,井伊直弼(いいなおすけ),井伊直弼,,,,東京大学史料編纂所,https://www.hi.u-tokyo.ac.jp/
日本史段階別デッキ｜Deck 1｜日本史の最重要骨格400語,JH-000202,202,Deck 1｜骨格・基礎,事件・政変,桜田門外の変,さくらだもんがいのへん,,近世,関東,江戸城桜田門外,1860年,1860,JH-000202-R01,reverse,時期,time,起きたのはいつ？,**1860年**,1860年,,,1860年：「いや群れ」（1860）る桜田門外の変,東京大学史料編纂所,https://www.hi.u-tokyo.ac.jp/
日本史段階別デッキ｜Deck 1｜日本史の最重要骨格400語,JH-000202,202,Deck 1｜骨格・基礎,事件・政変,桜田門外の変,さくらだもんがいのへん,,近世,関東,江戸城桜田門外,1860年,1860,JH-000202-R02,reverse,複合説明,reverse,何が起きた？,江戸城桜田門外で、水戸藩浪士らが**大老井伊直弼(いいなおすけ)**を襲撃し暗殺した事件。,水戸藩浪士|井伊直弼|安政の大獄|幕府権威|幕末,,,,東京大学史料編纂所,https://www.hi.u-tokyo.ac.jp/
日本史段階別デッキ｜Deck 1｜日本史の最重要骨格400語,JH-000202,202,Deck 1｜骨格・基礎,事件・政変,桜田門外の変,さくらだもんがいのへん,,近世,関東,江戸城桜田門外,1860年,1860,JH-000202-R03,reverse,結果・関連,reverse,何につながった・どんな意味があった？,**安政の大獄(あんせいのたいごく)**への反発が爆発し、幕府権威と大名統制を大きく傷つけ、幕末の政治運動を激化させた。,水戸藩浪士|井伊直弼|安政の大獄|幕府権威|幕末,,,,東京大学史料編纂所,https://www.hi.u-tokyo.ac.jp/
日本史段階別デッキ｜Deck 1｜日本史の最重要骨格400語,JH-000202,202,Deck 1｜骨格・基礎,事件・政変,桜田門外の変,さくらだもんがいのへん,,近世,関東,江戸城桜田門外,1860年,1860,JH-000202-I01,integrated,統合説明,integrated,「桜田門外の変(さくらだもんがいのへん)」について説明せよ。,1860年、江戸城桜田門外を主な舞台として、江戸城桜田門外で、水戸藩浪士らが**大老井伊直弼(いいなおすけ)**を襲撃し暗殺した事件。 **安政の大獄(あんせいのたいごく)**への反発が爆発し、幕府権威と大名統制を大きく傷つけ、幕末の政治運動を激化させた。,水戸藩浪士|井伊直弼|安政の大獄|幕府権威|幕末,,,1860年：「いや群れ」（1860）る桜田門外の変,東京大学史料編纂所,https://www.hi.u-tokyo.ac.jp/
日本史段階別デッキ｜Deck 1｜日本史の最重要骨格400語,JH-000203,203,Deck 1｜骨格・基礎,制度・政策・法律,公武合体,こうぶがったい,,近世,近畿,江戸幕府と京都の朝廷,幕末,1860,JH-000203-B01,beginner,用語の特定,identify,朝廷の権威と幕府の政治力を結びつけ、幕藩体制を立て直そうとした政策は？,公武合体(こうぶがったい),公武合体,,,,国立歴史民俗博物館「第3展示室 近世」,https://www.rekihaku.ac.jp/exhibitions/room3/
日本史段階別デッキ｜Deck 1｜日本史の最重要骨格400語,JH-000203,203,Deck 1｜骨格・基礎,制度・政策・法律,公武合体,こうぶがったい,,近世,近畿,江戸幕府と京都の朝廷,幕末,1860,JH-000203-B02,beginner,時期,time,公武合体(こうぶがったい)が成立・実施されたのはいつ？,幕末,幕末,,,,国立歴史民俗博物館「第3展示室 近世」,https://www.rekihaku.ac.jp/exhibitions/room3/
日本史段階別デッキ｜Deck 1｜日本史の最重要骨格400語,JH-000203,203,Deck 1｜骨格・基礎,制度・政策・法律,公武合体,こうぶがったい,,近世,近畿,江戸幕府と京都の朝廷,幕末,1860,JH-000203-B03,beginner,関連,relation,公武合体(こうぶがったい)を象徴する、和宮と将軍の婚姻を何という？,和宮降嫁(かずのみやこうか),和宮降嫁,,,,国立歴史民俗博物館「第3展示室 近世」,https://www.rekihaku.ac.jp/exhibitions/room3/
日本史段階別デッキ｜Deck 1｜日本史の最重要骨格400語,JH-000203,203,Deck 1｜骨格・基礎,制度・政策・法律,公武合体,こうぶがったい,,近世,近畿,江戸幕府と京都の朝廷,幕末,1860,JH-000203-R01,reverse,時期,time,成立・実施されたのはいつ？,**幕末**,幕末,,,,国立歴史民俗博物館「第3展示室 近世」,https://www.rekihaku.ac.jp/exhibitions/room3/
日本史段階別デッキ｜Deck 1｜日本史の最重要骨格400語,JH-000203,203,Deck 1｜骨格・基礎,制度・政策・法律,公武合体,こうぶがったい,,近世,近畿,江戸幕府と京都の朝廷,幕末,1860,JH-000203-R02,reverse,複合説明,reverse,どんな制度・政策・法律？,幕末に江戸幕府が京都の朝廷の権威を利用し、**朝廷と幕府の協調**によって政治体制を立て直そうとした政策。,朝廷|幕府|協調|和宮降嫁|尊王攘夷|幕府権威,,,,国立歴史民俗博物館「第3展示室 近世」,https://www.rekihaku.ac.jp/exhibitions/room3/
日本史段階別デッキ｜Deck 1｜日本史の最重要骨格400語,JH-000203,203,Deck 1｜骨格・基礎,制度・政策・法律,公武合体,こうぶがったい,,近世,近畿,江戸幕府と京都の朝廷,幕末,1860,JH-000203-R03,reverse,結果・関連,reverse,何につながった・どんな意味があった？,和宮降嫁(かずのみやこうか)などを進めたが尊王攘夷(そんのうじょうい)派の反発を招き、**幕府**の権威回復にはつながらなかった。,朝廷|幕府|協調|和宮降嫁|尊王攘夷|幕府権威,,,,国立歴史民俗博物館「第3展示室 近世」,https://www.rekihaku.ac.jp/exhibitions/room3/
日本史段階別デッキ｜Deck 1｜日本史の最重要骨格400語,JH-000203,203,Deck 1｜骨格・基礎,制度・政策・法律,公武合体,こうぶがったい,,近世,近畿,江戸幕府と京都の朝廷,幕末,1860,JH-000203-I01,integrated,統合説明,integrated,「公武合体(こうぶがったい)」について説明せよ。,幕末、江戸幕府と京都の朝廷を主な舞台として、幕末に江戸幕府が京都の朝廷の権威を利用し、**朝廷と幕府の協調**によって政治体制を立て直そうとした政策。 和宮降嫁(かずのみやこうか)などを進めたが尊王攘夷(そんのうじょうい)派の反発を招き、**幕府**の権威回復にはつながらなかった。,朝廷|幕府|協調|和宮降嫁|尊王攘夷|幕府権威,,,,国立歴史民俗博物館「第3展示室 近世」,https://www.rekihaku.ac.jp/exhibitions/room3/
日本史段階別デッキ｜Deck 1｜日本史の最重要骨格400語,JH-000278,278,Deck 1｜骨格・基礎,思想・主義,尊王攘夷,そんのうじょうい,,近世,日本全国,京都・水戸・長州など,幕末,1860,JH-000278-B01,beginner,用語の特定,identify,天皇を尊び、外国勢力を排斥しようとした幕末の政治思想・運動は？,尊王攘夷(そんのうじょうい),尊王攘夷,,,,国立歴史民俗博物館「第3展示室 近世」,https://www.rekihaku.ac.jp/exhibitions/room3/
日本史段階別デッキ｜Deck 1｜日本史の最重要骨格400語,JH-000278,278,Deck 1｜骨格・基礎,思想・主義,尊王攘夷,そんのうじょうい,,近世,日本全国,京都・水戸・長州など,幕末,1860,JH-000278-B02,beginner,時期,time,尊王攘夷(そんのうじょうい)が広がった・重視されたのはいつ？,幕末,幕末,,,,国立歴史民俗博物館「第3展示室 近世」,https://www.rekihaku.ac.jp/exhibitions/room3/
日本史段階別デッキ｜Deck 1｜日本史の最重要骨格400語,JH-000278,278,Deck 1｜骨格・基礎,思想・主義,尊王攘夷,そんのうじょうい,,近世,日本全国,京都・水戸・長州など,幕末,1860,JH-000278-B03,beginner,構成,content,尊王攘夷(そんのうじょうい)の二つの要素は？,尊王・攘夷,尊王・攘夷,,,,国立歴史民俗博物館「第3展示室 近世」,https://www.rekihaku.ac.jp/exhibitions/room3/
日本史段階別デッキ｜Deck 1｜日本史の最重要骨格400語,JH-000278,278,Deck 1｜骨格・基礎,思想・主義,尊王攘夷,そんのうじょうい,,近世,日本全国,京都・水戸・長州など,幕末,1860,JH-000278-R01,reverse,時期,time,広がった・重視されたのはいつ？,**幕末**,幕末,,,,国立歴史民俗博物館「第3展示室 近世」,https://www.rekihaku.ac.jp/exhibitions/room3/
日本史段階別デッキ｜Deck 1｜日本史の最重要骨格400語,JH-000278,278,Deck 1｜骨格・基礎,思想・主義,尊王攘夷,そんのうじょうい,,近世,日本全国,京都・水戸・長州など,幕末,1860,JH-000278-R02,reverse,複合説明,reverse,どんな考え？,幕末の京都・水戸・長州などで、**天皇を尊ぶ尊王**と外国勢力を排斥する攘夷が結びついた思想・運動。,天皇|尊王|攘夷|開国|幕府批判|倒幕,,,,国立歴史民俗博物館「第3展示室 近世」,https://www.rekihaku.ac.jp/exhibitions/room3/
日本史段階別デッキ｜Deck 1｜日本史の最重要骨格400語,JH-000278,278,Deck 1｜骨格・基礎,思想・主義,尊王攘夷,そんのうじょうい,,近世,日本全国,京都・水戸・長州など,幕末,1860,JH-000278-R03,reverse,結果・関連,reverse,何につながった・どんな意味があった？,開国への反発と幕府批判を強め、やがて**攘夷**の不可能を認識した諸藩が倒幕・開国路線へ転換する契機となった。,天皇|尊王|攘夷|開国|幕府批判|倒幕,,,,国立歴史民俗博物館「第3展示室 近世」,https://www.rekihaku.ac.jp/exhibitions/room3/
日本史段階別デッキ｜Deck 1｜日本史の最重要骨格400語,JH-000278,278,Deck 1｜骨格・基礎,思想・主義,尊王攘夷,そんのうじょうい,,近世,日本全国,京都・水戸・長州など,幕末,1860,JH-000278-I01,integrated,統合説明,integrated,「尊王攘夷(そんのうじょうい)」について説明せよ。,幕末、京都・水戸・長州などを主な舞台として、幕末の京都・水戸・長州などで、**天皇を尊ぶ尊王**と外国勢力を排斥する攘夷が結びついた思想・運動。 開国への反発と幕府批判を強め、やがて**攘夷**の不可能を認識した諸藩が倒幕・開国路線へ転換する契機となった。,天皇|尊王|攘夷|開国|幕府批判|倒幕,,,,国立歴史民俗博物館「第3展示室 近世」,https://www.rekihaku.ac.jp/exhibitions/room3/
日本史段階別デッキ｜Deck 1｜日本史の最重要骨格400語,JH-000143,143,Deck 1｜骨格・基礎,条約・会議・外交,薩長同盟,さっちょうどうめい,,近世,日本全国,薩摩藩・長州藩、京都,1866年,1866,JH-000143-B01,beginner,用語の特定,identify,坂本龍馬(さかもとりょうま)らの仲介で薩摩藩と長州藩が軍事・政治協力を約した同盟は？,薩長同盟(さっちょうどうめい),薩長同盟,,,,東京大学史料編纂所,https://www.hi.u-tokyo.ac.jp/
日本史段階別デッキ｜Deck 1｜日本史の最重要骨格400語,JH-000143,143,Deck 1｜骨格・基礎,条約・会議・外交,薩長同盟,さっちょうどうめい,,近世,日本全国,薩摩藩・長州藩、京都,1866年,1866,JH-000143-B02,beginner,時期,time,薩長同盟(さっちょうどうめい)が結ばれたのはいつ？,1866年,1866年,,,1866年：「人はむむ」（1866）と薩長同盟,東京大学史料編纂所,https://www.hi.u-tokyo.ac.jp/
日本史段階別デッキ｜Deck 1｜日本史の最重要骨格400語,JH-000143,143,Deck 1｜骨格・基礎,条約・会議・外交,薩長同盟,さっちょうどうめい,,近世,日本全国,薩摩藩・長州藩、京都,1866年,1866,JH-000143-B03,beginner,人物,person,薩長同盟(さっちょうどうめい)を仲介した代表的人物は？,坂本龍馬(さかもとりょうま),坂本龍馬,,,,東京大学史料編纂所,https://www.hi.u-tokyo.ac.jp/
日本史段階別デッキ｜Deck 1｜日本史の最重要骨格400語,JH-000143,143,Deck 1｜骨格・基礎,条約・会議・外交,薩長同盟,さっちょうどうめい,,近世,日本全国,薩摩藩・長州藩、京都,1866年,1866,JH-000143-R01,reverse,時期,time,結ばれたのはいつ？,**1866年**,1866年,,,1866年：「人はむむ」（1866）と薩長同盟,東京大学史料編纂所,https://www.hi.u-tokyo.ac.jp/
日本史段階別デッキ｜Deck 1｜日本史の最重要骨格400語,JH-000143,143,Deck 1｜骨格・基礎,条約・会議・外交,薩長同盟,さっちょうどうめい,,近世,日本全国,薩摩藩・長州藩、京都,1866年,1866,JH-000143-R02,reverse,複合説明,reverse,何を決めた・どんな関係を作った？,坂本龍馬(さかもとりょうま)らの仲介で、対立していた**薩摩藩と長州藩**が長州支援や倒幕に向けた協力を約した同盟。,坂本龍馬|薩摩藩|長州藩|第二次長州征討|倒幕|明治維新,,,,東京大学史料編纂所,https://www.hi.u-tokyo.ac.jp/
日本史段階別デッキ｜Deck 1｜日本史の最重要骨格400語,JH-000143,143,Deck 1｜骨格・基礎,条約・会議・外交,薩長同盟,さっちょうどうめい,,近世,日本全国,薩摩藩・長州藩、京都,1866年,1866,JH-000143-R03,reverse,結果・関連,reverse,何につながった・どんな意味があった？,**第二次長州征討**で幕府に対抗する基盤となり、薩長両藩を中心とする倒幕と明治維新へつながった。,坂本龍馬|薩摩藩|長州藩|第二次長州征討|倒幕|明治維新,,,,東京大学史料編纂所,https://www.hi.u-tokyo.ac.jp/
日本史段階別デッキ｜Deck 1｜日本史の最重要骨格400語,JH-000143,143,Deck 1｜骨格・基礎,条約・会議・外交,薩長同盟,さっちょうどうめい,,近世,日本全国,薩摩藩・長州藩、京都,1866年,1866,JH-000143-I01,integrated,統合説明,integrated,「薩長同盟(さっちょうどうめい)」について説明せよ。,1866年、薩摩藩・長州藩、京都を主な舞台として、坂本龍馬(さかもとりょうま)らの仲介で、対立していた**薩摩藩と長州藩**が長州支援や倒幕に向けた協力を約した同盟。 **第二次長州征討**で幕府に対抗する基盤となり、薩長両藩を中心とする倒幕と明治維新へつながった。,坂本龍馬|薩摩藩|長州藩|第二次長州征討|倒幕|明治維新,,,1866年：「人はむむ」（1866）と薩長同盟,東京大学史料編纂所,https://www.hi.u-tokyo.ac.jp/
日本史段階別デッキ｜Deck 1｜日本史の最重要骨格400語,JH-000253,253,Deck 1｜骨格・基礎,人物,坂本龍馬,さかもとりょうま,,近世,日本全国,土佐・長崎・京都,幕末,1866,JH-000253-B01,beginner,用語の特定,identify,海援隊を組織し、薩長同盟(さっちょうどうめい)の仲介や大政奉還(たいせいほうかん)構想に関わった土佐藩出身者は？,坂本龍馬(さかもとりょうま),坂本龍馬,,,,東京大学史料編纂所,https://www.hi.u-tokyo.ac.jp/
日本史段階別デッキ｜Deck 1｜日本史の最重要骨格400語,JH-000253,253,Deck 1｜骨格・基礎,人物,坂本龍馬,さかもとりょうま,,近世,日本全国,土佐・長崎・京都,幕末,1866,JH-000253-B02,beginner,時期,time,坂本龍馬(さかもとりょうま)が主に活動したのはいつ？,幕末,幕末,,,,東京大学史料編纂所,https://www.hi.u-tokyo.ac.jp/
日本史段階別デッキ｜Deck 1｜日本史の最重要骨格400語,JH-000253,253,Deck 1｜骨格・基礎,人物,坂本龍馬,さかもとりょうま,,近世,日本全国,土佐・長崎・京都,幕末,1866,JH-000253-B03,beginner,組織,content,坂本龍馬(さかもとりょうま)が組織した貿易・海運組織は？,海援隊,海援隊,,,,東京大学史料編纂所,https://www.hi.u-tokyo.ac.jp/
日本史段階別デッキ｜Deck 1｜日本史の最重要骨格400語,JH-000253,253,Deck 1｜骨格・基礎,人物,坂本龍馬,さかもとりょうま,,近世,日本全国,土佐・長崎・京都,幕末,1866,JH-000253-R01,reverse,時期,time,主に活動したのはいつ？,**幕末**,幕末,,,,東京大学史料編纂所,https://www.hi.u-tokyo.ac.jp/
日本史段階別デッキ｜Deck 1｜日本史の最重要骨格400語,JH-000253,253,Deck 1｜骨格・基礎,人物,坂本龍馬,さかもとりょうま,,近世,日本全国,土佐・長崎・京都,幕末,1866,JH-000253-R02,reverse,複合説明,reverse,何をした？,土佐藩を脱藩し、長崎を拠点に**海援隊**を組織して貿易・海運を行い、薩長同盟(さっちょうどうめい)の仲介や大政奉還(たいせいほうかん)構想に関わった人物。,土佐藩|長崎|海援隊|薩長同盟|大政奉還|近江屋,,,,東京大学史料編纂所,https://www.hi.u-tokyo.ac.jp/
日本史段階別デッキ｜Deck 1｜日本史の最重要骨格400語,JH-000253,253,Deck 1｜骨格・基礎,人物,坂本龍馬,さかもとりょうま,,近世,日本全国,土佐・長崎・京都,幕末,1866,JH-000253-R03,reverse,結果・関連,reverse,何につながった・どんな意味があった？,藩を越えた連携と新政府構想を促したが、京都の**近江屋(おうみや)**で暗殺された。,土佐藩|長崎|海援隊|薩長同盟|大政奉還|近江屋,,,,東京大学史料編纂所,https://www.hi.u-tokyo.ac.jp/
日本史段階別デッキ｜Deck 1｜日本史の最重要骨格400語,JH-000253,253,Deck 1｜骨格・基礎,人物,坂本龍馬,さかもとりょうま,,近世,日本全国,土佐・長崎・京都,幕末,1866,JH-000253-I01,integrated,統合説明,integrated,「坂本龍馬(さかもとりょうま)」について説明せよ。,幕末、土佐・長崎・京都を主な舞台として、土佐藩を脱藩し、長崎を拠点に**海援隊**を組織して貿易・海運を行い、薩長同盟(さっちょうどうめい)の仲介や大政奉還(たいせいほうかん)構想に関わった人物。 藩を越えた連携と新政府構想を促したが、京都の**近江屋(おうみや)**で暗殺された。,土佐藩|長崎|海援隊|薩長同盟|大政奉還|近江屋,,,,東京大学史料編纂所,https://www.hi.u-tokyo.ac.jp/
日本史段階別デッキ｜Deck 1｜日本史の最重要骨格400語,JH-000254,254,Deck 1｜骨格・基礎,人物,徳川慶喜,とくがわよしのぶ,,近世,日本全国,京都・大坂・江戸,幕末〜明治時代初期,1866,JH-000254-B01,beginner,用語の特定,identify,大政奉還(たいせいほうかん)を行い、鳥羽・伏見の戦い(とば・ふしみのたたかい)後に江戸へ退いた江戸幕府15代将軍は？,徳川慶喜(とくがわよしのぶ),徳川慶喜,,,,東京大学史料編纂所,https://www.hi.u-tokyo.ac.jp/
日本史段階別デッキ｜Deck 1｜日本史の最重要骨格400語,JH-000254,254,Deck 1｜骨格・基礎,人物,徳川慶喜,とくがわよしのぶ,,近世,日本全国,京都・大坂・江戸,幕末〜明治時代初期,1866,JH-000254-B02,beginner,時期,time,徳川慶喜(とくがわよしのぶ)が主に活動したのはいつ？,幕末〜明治時代初期,幕末〜明治時代初期,,,,東京大学史料編纂所,https://www.hi.u-tokyo.ac.jp/
日本史段階別デッキ｜Deck 1｜日本史の最重要骨格400語,JH-000254,254,Deck 1｜骨格・基礎,人物,徳川慶喜,とくがわよしのぶ,,近世,日本全国,京都・大坂・江戸,幕末〜明治時代初期,1866,JH-000254-B03,beginner,事件,content,徳川慶喜(とくがわよしのぶ)が朝廷へ政権を返上した出来事は？,大政奉還(たいせいほうかん),大政奉還,,,,東京大学史料編纂所,https://www.hi.u-tokyo.ac.jp/
日本史段階別デッキ｜Deck 1｜日本史の最重要骨格400語,JH-000254,254,Deck 1｜骨格・基礎,人物,徳川慶喜,とくがわよしのぶ,,近世,日本全国,京都・大坂・江戸,幕末〜明治時代初期,1866,JH-000254-R01,reverse,時期,time,主に活動したのはいつ？,**幕末〜明治時代初期**,幕末〜明治時代初期,,,,東京大学史料編纂所,https://www.hi.u-tokyo.ac.jp/
日本史段階別デッキ｜Deck 1｜日本史の最重要骨格400語,JH-000254,254,Deck 1｜骨格・基礎,人物,徳川慶喜,とくがわよしのぶ,,近世,日本全国,京都・大坂・江戸,幕末〜明治時代初期,1866,JH-000254-R02,reverse,複合説明,reverse,何をした？,江戸幕府15代将軍として京都で**大政奉還(たいせいほうかん)**を行い、新体制での政治参加を目指した人物。,15代将軍|大政奉還|王政復古|旧幕府軍|江戸城無血開城,,,,東京大学史料編纂所,https://www.hi.u-tokyo.ac.jp/
日本史段階別デッキ｜Deck 1｜日本史の最重要骨格400語,JH-000254,254,Deck 1｜骨格・基礎,人物,徳川慶喜,とくがわよしのぶ,,近世,日本全国,京都・大坂・江戸,幕末〜明治時代初期,1866,JH-000254-R03,reverse,結果・関連,reverse,何につながった・どんな意味があった？,**王政復古**後に旧幕府軍が敗れると江戸へ退き、江戸城無血開城を経て幕府支配が終結した。,15代将軍|大政奉還|王政復古|旧幕府軍|江戸城無血開城,,,,東京大学史料編纂所,https://www.hi.u-tokyo.ac.jp/
日本史段階別デッキ｜Deck 1｜日本史の最重要骨格400語,JH-000254,254,Deck 1｜骨格・基礎,人物,徳川慶喜,とくがわよしのぶ,,近世,日本全国,京都・大坂・江戸,幕末〜明治時代初期,1866,JH-000254-I01,integrated,統合説明,integrated,「徳川慶喜(とくがわよしのぶ)」について説明せよ。,幕末〜明治時代初期、京都・大坂・江戸を主な舞台として、江戸幕府15代将軍として京都で**大政奉還(たいせいほうかん)**を行い、新体制での政治参加を目指した人物。 **王政復古**後に旧幕府軍が敗れると江戸へ退き、江戸城無血開城を経て幕府支配が終結した。,15代将軍|大政奉還|王政復古|旧幕府軍|江戸城無血開城,,,,東京大学史料編纂所,https://www.hi.u-tokyo.ac.jp/
日本史段階別デッキ｜Deck 1｜日本史の最重要骨格400語,JH-000255,255,Deck 1｜骨格・基礎,人物,木戸孝允,きどたかよし,桂小五郎,近代,日本全国,長州・京都・東京・欧米,幕末〜明治時代初期,1866,JH-000255-B01,beginner,用語の特定,identify,薩長同盟(さっちょうどうめい)・五箇条の御誓文(ごかじょうのごせいもん)・版籍奉還(はんせきほうかん)などに関わった長州藩出身の政治家は？,木戸孝允(きどたかよし),木戸孝允,桂小五郎,,,国立国会図書館「近代日本人の肖像」,https://www.ndl.go.jp/portrait/
日本史段階別デッキ｜Deck 1｜日本史の最重要骨格400語,JH-000255,255,Deck 1｜骨格・基礎,人物,木戸孝允,きどたかよし,桂小五郎,近代,日本全国,長州・京都・東京・欧米,幕末〜明治時代初期,1866,JH-000255-B02,beginner,時期,time,木戸孝允(きどたかよし)が主に活動したのはいつ？,幕末〜明治時代初期,幕末〜明治時代初期,,,,国立国会図書館「近代日本人の肖像」,https://www.ndl.go.jp/portrait/
日本史段階別デッキ｜Deck 1｜日本史の最重要骨格400語,JH-000255,255,Deck 1｜骨格・基礎,人物,木戸孝允,きどたかよし,桂小五郎,近代,日本全国,長州・京都・東京・欧米,幕末〜明治時代初期,1866,JH-000255-B03,beginner,別名,relation,木戸孝允(きどたかよし)の幕末期の名として知られるものは？,桂小五郎,桂小五郎,,,,国立国会図書館「近代日本人の肖像」,https://www.ndl.go.jp/portrait/
日本史段階別デッキ｜Deck 1｜日本史の最重要骨格400語,JH-000255,255,Deck 1｜骨格・基礎,人物,木戸孝允,きどたかよし,桂小五郎,近代,日本全国,長州・京都・東京・欧米,幕末〜明治時代初期,1866,JH-000255-R01,reverse,時期,time,主に活動したのはいつ？,**幕末〜明治時代初期**,幕末〜明治時代初期,,,,国立国会図書館「近代日本人の肖像」,https://www.ndl.go.jp/portrait/
日本史段階別デッキ｜Deck 1｜日本史の最重要骨格400語,JH-000255,255,Deck 1｜骨格・基礎,人物,木戸孝允,きどたかよし,桂小五郎,近代,日本全国,長州・京都・東京・欧米,幕末〜明治時代初期,1866,JH-000255-R02,reverse,複合説明,reverse,何をした？,長州藩出身で桂小五郎ともいい、**薩長同盟(さっちょうどうめい)**や倒幕に関わり、新政府で五箇条の御誓文(ごかじょうのごせいもん)・版籍奉還(はんせきほうかん)などを推進した政治家。,長州藩|桂小五郎|薩長同盟|五箇条の御誓文|版籍奉還|岩倉使節団,,,,国立国会図書館「近代日本人の肖像」,https://www.ndl.go.jp/portrait/
日本史段階別デッキ｜Deck 1｜日本史の最重要骨格400語,JH-000255,255,Deck 1｜骨格・基礎,人物,木戸孝允,きどたかよし,桂小五郎,近代,日本全国,長州・京都・東京・欧米,幕末〜明治時代初期,1866,JH-000255-R03,reverse,結果・関連,reverse,何につながった・どんな意味があった？,**岩倉使節団(いわくらしせつだん)**に参加して立憲政治や教育の必要を認識し、明治国家建設の基本政策に影響した。,長州藩|桂小五郎|薩長同盟|五箇条の御誓文|版籍奉還|岩倉使節団,,,,国立国会図書館「近代日本人の肖像」,https://www.ndl.go.jp/portrait/
日本史段階別デッキ｜Deck 1｜日本史の最重要骨格400語,JH-000255,255,Deck 1｜骨格・基礎,人物,木戸孝允,きどたかよし,桂小五郎,近代,日本全国,長州・京都・東京・欧米,幕末〜明治時代初期,1866,JH-000255-I01,integrated,統合説明,integrated,「木戸孝允(きどたかよし)」について説明せよ。,幕末〜明治時代初期、長州・京都・東京・欧米を主な舞台として、長州藩出身で桂小五郎ともいい、**薩長同盟(さっちょうどうめい)**や倒幕に関わり、新政府で五箇条の御誓文(ごかじょうのごせいもん)・版籍奉還(はんせきほうかん)などを推進した政治家。 **岩倉使節団(いわくらしせつだん)**に参加して立憲政治や教育の必要を認識し、明治国家建設の基本政策に影響した。,長州藩|桂小五郎|薩長同盟|五箇条の御誓文|版籍奉還|岩倉使節団,,,,国立国会図書館「近代日本人の肖像」,https://www.ndl.go.jp/portrait/
日本史段階別デッキ｜Deck 1｜日本史の最重要骨格400語,JH-000018,18,Deck 1｜骨格・基礎,事件・政変,大政奉還,たいせいほうかん,,近世,近畿,京都・二条城と朝廷,1867年,1867,JH-000018-B01,beginner,用語の特定,identify,15代将軍徳川慶喜(とくがわよしのぶ)が政権を朝廷へ返上した出来事は？,大政奉還(たいせいほうかん),大政奉還,,,,東京大学史料編纂所,https://www.hi.u-tokyo.ac.jp/
日本史段階別デッキ｜Deck 1｜日本史の最重要骨格400語,JH-000018,18,Deck 1｜骨格・基礎,事件・政変,大政奉還,たいせいほうかん,,近世,近畿,京都・二条城と朝廷,1867年,1867,JH-000018-B02,beginner,時期,time,大政奉還(たいせいほうかん)が行われたのはいつ？,1867年,1867年,,,1867年：「人はむな」（1867）しく大政奉還,東京大学史料編纂所,https://www.hi.u-tokyo.ac.jp/
日本史段階別デッキ｜Deck 1｜日本史の最重要骨格400語,JH-000018,18,Deck 1｜骨格・基礎,事件・政変,大政奉還,たいせいほうかん,,近世,近畿,京都・二条城と朝廷,1867年,1867,JH-000018-B03,beginner,人物,person,大政奉還(たいせいほうかん)を行った最後の将軍は？,徳川慶喜(とくがわよしのぶ),徳川慶喜,,,,東京大学史料編纂所,https://www.hi.u-tokyo.ac.jp/
日本史段階別デッキ｜Deck 1｜日本史の最重要骨格400語,JH-000018,18,Deck 1｜骨格・基礎,事件・政変,大政奉還,たいせいほうかん,,近世,近畿,京都・二条城と朝廷,1867年,1867,JH-000018-R01,reverse,時期,time,行われたのはいつ？,**1867年**,1867年,,,1867年：「人はむな」（1867）しく大政奉還,東京大学史料編纂所,https://www.hi.u-tokyo.ac.jp/
日本史段階別デッキ｜Deck 1｜日本史の最重要骨格400語,JH-000018,18,Deck 1｜骨格・基礎,事件・政変,大政奉還,たいせいほうかん,,近世,近畿,京都・二条城と朝廷,1867年,1867,JH-000018-R02,reverse,複合説明,reverse,何が起きた？,京都で江戸幕府15代将軍**徳川慶喜(とくがわよしのぶ)**が、将軍の政権を朝廷へ返上した出来事。,徳川慶喜|政権返上|朝廷|王政復古の大号令|戊辰戦争,,,,東京大学史料編纂所,https://www.hi.u-tokyo.ac.jp/
日本史段階別デッキ｜Deck 1｜日本史の最重要骨格400語,JH-000018,18,Deck 1｜骨格・基礎,事件・政変,大政奉還,たいせいほうかん,,近世,近畿,京都・二条城と朝廷,1867年,1867,JH-000018-R03,reverse,結果・関連,reverse,何につながった・どんな意味があった？,倒幕派の武力行使を避けて新体制で主導権を保つ狙いがあったが、**王政復古の大号令(おうせいふっこのだいごうれい)**と戊辰戦争(ぼしんせんそう)へ進んだ。,徳川慶喜|政権返上|朝廷|王政復古の大号令|戊辰戦争,,,,東京大学史料編纂所,https://www.hi.u-tokyo.ac.jp/
日本史段階別デッキ｜Deck 1｜日本史の最重要骨格400語,JH-000018,18,Deck 1｜骨格・基礎,事件・政変,大政奉還,たいせいほうかん,,近世,近畿,京都・二条城と朝廷,1867年,1867,JH-000018-I01,integrated,統合説明,integrated,「大政奉還(たいせいほうかん)」について説明せよ。,1867年、京都・二条城と朝廷を主な舞台として、京都で江戸幕府15代将軍**徳川慶喜(とくがわよしのぶ)**が、将軍の政権を朝廷へ返上した出来事。 倒幕派の武力行使を避けて新体制で主導権を保つ狙いがあったが、**王政復古の大号令(おうせいふっこのだいごうれい)**と戊辰戦争(ぼしんせんそう)へ進んだ。,徳川慶喜|政権返上|朝廷|王政復古の大号令|戊辰戦争,,,1867年：「人はむな」（1867）しく大政奉還,東京大学史料編纂所,https://www.hi.u-tokyo.ac.jp/
日本史段階別デッキ｜Deck 1｜日本史の最重要骨格400語,JH-000019,19,Deck 1｜骨格・基礎,事件・政変,王政復古の大号令,おうせいふっこのだいごうれい,,近世,近畿,京都御所,1867年,1867,JH-000019-B01,beginner,用語の特定,identify,京都の朝廷で幕府・摂政・関白を廃止し、天皇中心の新政府樹立を宣言した政変は？,王政復古の大号令(おうせいふっこのだいごうれい),王政復古の大号令,,,,東京大学史料編纂所,https://www.hi.u-tokyo.ac.jp/
日本史段階別デッキ｜Deck 1｜日本史の最重要骨格400語,JH-000019,19,Deck 1｜骨格・基礎,事件・政変,王政復古の大号令,おうせいふっこのだいごうれい,,近世,近畿,京都御所,1867年,1867,JH-000019-B02,beginner,時期,time,王政復古の大号令(おうせいふっこのだいごうれい)が発せられたのはいつ？,1867年,1867年,,,1867年：「人はむな」（1867）と結ぶ王政復古の大号令,東京大学史料編纂所,https://www.hi.u-tokyo.ac.jp/
日本史段階別デッキ｜Deck 1｜日本史の最重要骨格400語,JH-000019,19,Deck 1｜骨格・基礎,事件・政変,王政復古の大号令,おうせいふっこのだいごうれい,,近世,近畿,京都御所,1867年,1867,JH-000019-B03,beginner,対象,relation,王政復古の大号令(おうせいふっこのだいごうれい)で廃止された武家政権は？,江戸幕府,江戸幕府,,,,東京大学史料編纂所,https://www.hi.u-tokyo.ac.jp/
日本史段階別デッキ｜Deck 1｜日本史の最重要骨格400語,JH-000019,19,Deck 1｜骨格・基礎,事件・政変,王政復古の大号令,おうせいふっこのだいごうれい,,近世,近畿,京都御所,1867年,1867,JH-000019-R01,reverse,時期,time,発せられたのはいつ？,**1867年**,1867年,,,1867年：「人はむな」（1867）と結ぶ王政復古の大号令,東京大学史料編纂所,https://www.hi.u-tokyo.ac.jp/
日本史段階別デッキ｜Deck 1｜日本史の最重要骨格400語,JH-000019,19,Deck 1｜骨格・基礎,事件・政変,王政復古の大号令,おうせいふっこのだいごうれい,,近世,近畿,京都御所,1867年,1867,JH-000019-R02,reverse,複合説明,reverse,何が起きた？,京都御所で倒幕派が**江戸幕府・摂政・関白**の廃止と、天皇を中心とする新政府の樹立を宣言した政変。,江戸幕府廃止|摂政・関白廃止|新政府|小御所会議|辞官納地|戊辰戦争,,,,東京大学史料編纂所,https://www.hi.u-tokyo.ac.jp/
日本史段階別デッキ｜Deck 1｜日本史の最重要骨格400語,JH-000019,19,Deck 1｜骨格・基礎,事件・政変,王政復古の大号令,おうせいふっこのだいごうれい,,近世,近畿,京都御所,1867年,1867,JH-000019-R03,reverse,結果・関連,reverse,何につながった・どんな意味があった？,**小御所会議(こごしょかいぎ)**で徳川慶喜(とくがわよしのぶ)の辞官納地(じかんのうち)を求め、旧幕府側との対立を深めて戊辰戦争(ぼしんせんそう)へつながった。,江戸幕府廃止|摂政・関白廃止|新政府|小御所会議|辞官納地|戊辰戦争,,,,東京大学史料編纂所,https://www.hi.u-tokyo.ac.jp/
日本史段階別デッキ｜Deck 1｜日本史の最重要骨格400語,JH-000019,19,Deck 1｜骨格・基礎,事件・政変,王政復古の大号令,おうせいふっこのだいごうれい,,近世,近畿,京都御所,1867年,1867,JH-000019-I01,integrated,統合説明,integrated,「王政復古の大号令(おうせいふっこのだいごうれい)」について説明せよ。,1867年、京都御所を主な舞台として、京都御所で倒幕派が**江戸幕府・摂政・関白**の廃止と、天皇を中心とする新政府の樹立を宣言した政変。 **小御所会議(こごしょかいぎ)**で徳川慶喜(とくがわよしのぶ)の辞官納地(じかんのうち)を求め、旧幕府側との対立を深めて戊辰戦争(ぼしんせんそう)へつながった。,江戸幕府廃止|摂政・関白廃止|新政府|小御所会議|辞官納地|戊辰戦争,,,1867年：「人はむな」（1867）と結ぶ王政復古の大号令,東京大学史料編纂所,https://www.hi.u-tokyo.ac.jp/
日本史段階別デッキ｜Deck 1｜日本史の最重要骨格400語,JH-000001,1,Deck 1｜骨格・基礎,事件・政変,明治維新,めいじいしん,,近代,日本全国,京都・東京を中心とする全国,幕末〜明治時代初期,1868,JH-000001-B01,beginner,用語の特定,identify,江戸幕府の崩壊から新政府による中央集権国家・近代化政策の形成までの政治社会変革を何という？,明治維新,明治維新,,,,国立公文書館「近代国家 日本の登場」,https://www.archives.go.jp/exhibition/digital/modean_state/index.html
日本史段階別デッキ｜Deck 1｜日本史の最重要骨格400語,JH-000001,1,Deck 1｜骨格・基礎,事件・政変,明治維新,めいじいしん,,近代,日本全国,京都・東京を中心とする全国,幕末〜明治時代初期,1868,JH-000001-B02,beginner,時期,time,明治維新が進んだのは主にいつ？,幕末〜明治時代初期,幕末〜明治時代初期,,,,国立公文書館「近代国家 日本の登場」,https://www.archives.go.jp/exhibition/digital/modean_state/index.html
日本史段階別デッキ｜Deck 1｜日本史の最重要骨格400語,JH-000001,1,Deck 1｜骨格・基礎,事件・政変,明治維新,めいじいしん,,近代,日本全国,京都・東京を中心とする全国,幕末〜明治時代初期,1868,JH-000001-B03,beginner,対象,relation,明治維新で廃止された武家政権は？,江戸幕府,江戸幕府,,,,国立公文書館「近代国家 日本の登場」,https://www.archives.go.jp/exhibition/digital/modean_state/index.html
日本史段階別デッキ｜Deck 1｜日本史の最重要骨格400語,JH-000001,1,Deck 1｜骨格・基礎,事件・政変,明治維新,めいじいしん,,近代,日本全国,京都・東京を中心とする全国,幕末〜明治時代初期,1868,JH-000001-R01,reverse,時期,time,進んだのは主にいつ？,**幕末〜明治時代初期**,幕末〜明治時代初期,,,,国立公文書館「近代国家 日本の登場」,https://www.archives.go.jp/exhibition/digital/modean_state/index.html
日本史段階別デッキ｜Deck 1｜日本史の最重要骨格400語,JH-000001,1,Deck 1｜骨格・基礎,事件・政変,明治維新,めいじいしん,,近代,日本全国,京都・東京を中心とする全国,幕末〜明治時代初期,1868,JH-000001-R02,reverse,複合説明,reverse,何が起きた？,幕末から明治初期に京都・東京を中心に、**江戸幕府を廃止**し、天皇を中心とする中央集権国家を建設した一連の変革。,江戸幕府廃止|天皇|中央集権国家|廃藩置県|徴兵令|地租改正|殖産興業,,,,国立公文書館「近代国家 日本の登場」,https://www.archives.go.jp/exhibition/digital/modean_state/index.html
日本史段階別デッキ｜Deck 1｜日本史の最重要骨格400語,JH-000001,1,Deck 1｜骨格・基礎,事件・政変,明治維新,めいじいしん,,近代,日本全国,京都・東京を中心とする全国,幕末〜明治時代初期,1868,JH-000001-R03,reverse,結果・関連,reverse,何につながった・どんな意味があった？,**廃藩置県(はいはんちけん)**・身分制改革・徴兵令(ちょうへいれい)・地租改正(ちそかいせい)・殖産興業(しょくさんこうぎょう)などを進め、日本の近代国家化を大きく方向づけた。,江戸幕府廃止|天皇|中央集権国家|廃藩置県|徴兵令|地租改正|殖産興業,,,,国立公文書館「近代国家 日本の登場」,https://www.archives.go.jp/exhibition/digital/modean_state/index.html
日本史段階別デッキ｜Deck 1｜日本史の最重要骨格400語,JH-000001,1,Deck 1｜骨格・基礎,事件・政変,明治維新,めいじいしん,,近代,日本全国,京都・東京を中心とする全国,幕末〜明治時代初期,1868,JH-000001-I01,integrated,統合説明,integrated,「明治維新」について説明せよ。,幕末〜明治時代初期、京都・東京を中心とする全国を主な舞台として、幕末から明治初期に京都・東京を中心に、**江戸幕府を廃止**し、天皇を中心とする中央集権国家を建設した一連の変革。 **廃藩置県(はいはんちけん)**・身分制改革・徴兵令(ちょうへいれい)・地租改正(ちそかいせい)・殖産興業(しょくさんこうぎょう)などを進め、日本の近代国家化を大きく方向づけた。,江戸幕府廃止|天皇|中央集権国家|廃藩置県|徴兵令|地租改正|殖産興業,,,,国立公文書館「近代国家 日本の登場」,https://www.archives.go.jp/exhibition/digital/modean_state/index.html
日本史段階別デッキ｜Deck 1｜日本史の最重要骨格400語,JH-000020,20,Deck 1｜骨格・基礎,戦争・争乱,戊辰戦争,ぼしんせんそう,,近世,日本全国,京都・関東・東北・北海道,1868〜1869年,1868,JH-000020-B01,beginner,用語の特定,identify,鳥羽・伏見の戦い(とば・ふしみのたたかい)から箱館戦争(はこだてせんそう)まで、新政府軍と旧幕府勢力が戦った内戦は？,戊辰戦争(ぼしんせんそう),戊辰戦争,,,,東京大学史料編纂所,https://www.hi.u-tokyo.ac.jp/
日本史段階別デッキ｜Deck 1｜日本史の最重要骨格400語,JH-000020,20,Deck 1｜骨格・基礎,戦争・争乱,戊辰戦争,ぼしんせんそう,,近世,日本全国,京都・関東・東北・北海道,1868〜1869年,1868,JH-000020-B02,beginner,時期,time,戊辰戦争(ぼしんせんそう)が戦われたのはいつ？,1868〜1869年,1868〜1869年,,,1868〜1869年：「一つやろうや」（1868）年から「人は無休」（1869）年までの戊辰戦争,東京大学史料編纂所,https://www.hi.u-tokyo.ac.jp/
日本史段階別デッキ｜Deck 1｜日本史の最重要骨格400語,JH-000020,20,Deck 1｜骨格・基礎,戦争・争乱,戊辰戦争,ぼしんせんそう,,近世,日本全国,京都・関東・東北・北海道,1868〜1869年,1868,JH-000020-B03,beginner,戦闘,relation,戊辰戦争(ぼしんせんそう)の最初の本格的戦闘は？,鳥羽・伏見の戦い(とば・ふしみのたたかい),鳥羽・伏見の戦い,,,,東京大学史料編纂所,https://www.hi.u-tokyo.ac.jp/
日本史段階別デッキ｜Deck 1｜日本史の最重要骨格400語,JH-000020,20,Deck 1｜骨格・基礎,戦争・争乱,戊辰戦争,ぼしんせんそう,,近世,日本全国,京都・関東・東北・北海道,1868〜1869年,1868,JH-000020-R01,reverse,時期,time,戦われたのはいつ？,**1868〜1869年**,1868〜1869年,,,1868〜1869年：「一つやろうや」（1868）年から「人は無休」（1869）年までの戊辰戦争,東京大学史料編纂所,https://www.hi.u-tokyo.ac.jp/
日本史段階別デッキ｜Deck 1｜日本史の最重要骨格400語,JH-000020,20,Deck 1｜骨格・基礎,戦争・争乱,戊辰戦争,ぼしんせんそう,,近世,日本全国,京都・関東・東北・北海道,1868〜1869年,1868,JH-000020-R02,reverse,複合説明,reverse,何が起きた？,京都の鳥羽・伏見の戦い(とば・ふしみのたたかい)に始まり、関東・東北・北海道へ広がった**新政府軍と旧幕府勢力**の内戦。,鳥羽・伏見の戦い|新政府軍|旧幕府勢力|江戸城無血開城|奥羽越列藩同盟|箱館戦争,,,,東京大学史料編纂所,https://www.hi.u-tokyo.ac.jp/
日本史段階別デッキ｜Deck 1｜日本史の最重要骨格400語,JH-000020,20,Deck 1｜骨格・基礎,戦争・争乱,戊辰戦争,ぼしんせんそう,,近世,日本全国,京都・関東・東北・北海道,1868〜1869年,1868,JH-000020-R03,reverse,結果・関連,reverse,何につながった・どんな意味があった？,**江戸城無血開城**、奥羽越列藩同盟(おううえつれっぱんどうめい)の敗北、箱館戦争(はこだてせんそう)を経て新政府が全国支配を確立した。,鳥羽・伏見の戦い|新政府軍|旧幕府勢力|江戸城無血開城|奥羽越列藩同盟|箱館戦争,,,,東京大学史料編纂所,https://www.hi.u-tokyo.ac.jp/
日本史段階別デッキ｜Deck 1｜日本史の最重要骨格400語,JH-000020,20,Deck 1｜骨格・基礎,戦争・争乱,戊辰戦争,ぼしんせんそう,,近世,日本全国,京都・関東・東北・北海道,1868〜1869年,1868,JH-000020-I01,integrated,統合説明,integrated,「戊辰戦争(ぼしんせんそう)」について説明せよ。,1868〜1869年、京都・関東・東北・北海道を主な舞台として、京都の鳥羽・伏見の戦い(とば・ふしみのたたかい)に始まり、関東・東北・北海道へ広がった**新政府軍と旧幕府勢力**の内戦。 **江戸城無血開城**、奥羽越列藩同盟(おううえつれっぱんどうめい)の敗北、箱館戦争(はこだてせんそう)を経て新政府が全国支配を確立した。,鳥羽・伏見の戦い|新政府軍|旧幕府勢力|江戸城無血開城|奥羽越列藩同盟|箱館戦争,,,1868〜1869年：「一つやろうや」（1868）年から「人は無休」（1869）年までの戊辰戦争,東京大学史料編纂所,https://www.hi.u-tokyo.ac.jp/
日本史段階別デッキ｜Deck 1｜日本史の最重要骨格400語,JH-000144,144,Deck 1｜骨格・基礎,文書・史料,五箇条の御誓文,ごかじょうのごせいもん,,近代,近畿,京都御所,1868年,1868,JH-000144-B01,beginner,用語の特定,identify,明治新政府が公議世論の尊重・開国和親など基本方針を神々に誓う形で示した文書は？,五箇条の御誓文(ごかじょうのごせいもん),五箇条の御誓文,,,,国立公文書館「近代国家 日本の登場」,https://www.archives.go.jp/exhibition/digital/modean_state/index.html
日本史段階別デッキ｜Deck 1｜日本史の最重要骨格400語,JH-000144,144,Deck 1｜骨格・基礎,文書・史料,五箇条の御誓文,ごかじょうのごせいもん,,近代,近畿,京都御所,1868年,1868,JH-000144-B02,beginner,時期,time,五箇条の御誓文(ごかじょうのごせいもん)が作成・成立したのはいつ？,1868年,1868年,,,1868年：「一つやろうや」（1868）五箇条の御誓文,国立公文書館「近代国家 日本の登場」,https://www.archives.go.jp/exhibition/digital/modean_state/index.html
日本史段階別デッキ｜Deck 1｜日本史の最重要骨格400語,JH-000144,144,Deck 1｜骨格・基礎,文書・史料,五箇条の御誓文,ごかじょうのごせいもん,,近代,近畿,京都御所,1868年,1868,JH-000144-B03,beginner,内容,content,五箇条の御誓文(ごかじょうのごせいもん)で政治決定の基本として掲げられた原則は？,広く会議を興し万機公論に決す,広く会議を興し万機公論に決す,,,,国立公文書館「近代国家 日本の登場」,https://www.archives.go.jp/exhibition/digital/modean_state/index.html
日本史段階別デッキ｜Deck 1｜日本史の最重要骨格400語,JH-000144,144,Deck 1｜骨格・基礎,文書・史料,五箇条の御誓文,ごかじょうのごせいもん,,近代,近畿,京都御所,1868年,1868,JH-000144-R01,reverse,時期,time,作成・成立したのはいつ？,**1868年**,1868年,,,1868年：「一つやろうや」（1868）五箇条の御誓文,国立公文書館「近代国家 日本の登場」,https://www.archives.go.jp/exhibition/digital/modean_state/index.html
日本史段階別デッキ｜Deck 1｜日本史の最重要骨格400語,JH-000144,144,Deck 1｜骨格・基礎,文書・史料,五箇条の御誓文,ごかじょうのごせいもん,,近代,近畿,京都御所,1868年,1868,JH-000144-R02,reverse,複合説明,reverse,何が書かれている・何が分かる？,京都御所で明治天皇が神々に誓う形式をとり、**公議世論の尊重・上下心を一つにすること・開国和親**など新政府の基本方針を示した文書。,明治天皇|公議世論|万機公論|開国和親|新政府|近代化,,,,国立公文書館「近代国家 日本の登場」,https://www.archives.go.jp/exhibition/digital/modean_state/index.html
日本史段階別デッキ｜Deck 1｜日本史の最重要骨格400語,JH-000144,144,Deck 1｜骨格・基礎,文書・史料,五箇条の御誓文,ごかじょうのごせいもん,,近代,近畿,京都御所,1868年,1868,JH-000144-R03,reverse,結果・関連,reverse,何につながった・どんな意味があった？,**新政府**の正統性と近代化の方向を示し、その後の政治改革を説明する基本理念となった。,明治天皇|公議世論|万機公論|開国和親|新政府|近代化,,,,国立公文書館「近代国家 日本の登場」,https://www.archives.go.jp/exhibition/digital/modean_state/index.html
日本史段階別デッキ｜Deck 1｜日本史の最重要骨格400語,JH-000144,144,Deck 1｜骨格・基礎,文書・史料,五箇条の御誓文,ごかじょうのごせいもん,,近代,近畿,京都御所,1868年,1868,JH-000144-I01,integrated,統合説明,integrated,「五箇条の御誓文(ごかじょうのごせいもん)」について説明せよ。,1868年、京都御所を主な舞台として、京都御所で明治天皇が神々に誓う形式をとり、**公議世論の尊重・上下心を一つにすること・開国和親**など新政府の基本方針を示した文書。 **新政府**の正統性と近代化の方向を示し、その後の政治改革を説明する基本理念となった。,明治天皇|公議世論|万機公論|開国和親|新政府|近代化,,,1868年：「一つやろうや」（1868）五箇条の御誓文,国立公文書館「近代国家 日本の登場」,https://www.archives.go.jp/exhibition/digital/modean_state/index.html
日本史段階別デッキ｜Deck 1｜日本史の最重要骨格400語,JH-000256,256,Deck 1｜骨格・基礎,人物,西郷隆盛,さいごうたかもり,,近代,日本全国,薩摩・京都・江戸・鹿児島,幕末〜明治時代初期,1868,JH-000256-B01,beginner,用語の特定,identify,薩摩藩出身で倒幕と江戸城無血開城を進め、征韓論(せいかんろん)で下野後に西南戦争を率いた人物は？,西郷隆盛(さいごうたかもり),西郷隆盛,,,,国立国会図書館「近代日本人の肖像」,https://www.ndl.go.jp/portrait/
日本史段階別デッキ｜Deck 1｜日本史の最重要骨格400語,JH-000256,256,Deck 1｜骨格・基礎,人物,西郷隆盛,さいごうたかもり,,近代,日本全国,薩摩・京都・江戸・鹿児島,幕末〜明治時代初期,1868,JH-000256-B02,beginner,時期,time,西郷隆盛(さいごうたかもり)が主に活動したのはいつ？,幕末〜明治時代初期,幕末〜明治時代初期,,,,国立国会図書館「近代日本人の肖像」,https://www.ndl.go.jp/portrait/
日本史段階別デッキ｜Deck 1｜日本史の最重要骨格400語,JH-000256,256,Deck 1｜骨格・基礎,人物,西郷隆盛,さいごうたかもり,,近代,日本全国,薩摩・京都・江戸・鹿児島,幕末〜明治時代初期,1868,JH-000256-B03,beginner,事件,content,西郷隆盛(さいごうたかもり)が勝海舟と実現したことは？,江戸城無血開城,江戸城無血開城,,,,国立国会図書館「近代日本人の肖像」,https://www.ndl.go.jp/portrait/
日本史段階別デッキ｜Deck 1｜日本史の最重要骨格400語,JH-000256,256,Deck 1｜骨格・基礎,人物,西郷隆盛,さいごうたかもり,,近代,日本全国,薩摩・京都・江戸・鹿児島,幕末〜明治時代初期,1868,JH-000256-R01,reverse,時期,time,主に活動したのはいつ？,**幕末〜明治時代初期**,幕末〜明治時代初期,,,,国立国会図書館「近代日本人の肖像」,https://www.ndl.go.jp/portrait/
日本史段階別デッキ｜Deck 1｜日本史の最重要骨格400語,JH-000256,256,Deck 1｜骨格・基礎,人物,西郷隆盛,さいごうたかもり,,近代,日本全国,薩摩・京都・江戸・鹿児島,幕末〜明治時代初期,1868,JH-000256-R02,reverse,複合説明,reverse,何をした？,薩摩藩出身で倒幕を主導し、勝海舟との交渉で**江戸城無血開城**を実現した明治新政府の指導者。,薩摩藩|倒幕|勝海舟|江戸城無血開城|征韓論|西南戦争,,,,国立国会図書館「近代日本人の肖像」,https://www.ndl.go.jp/portrait/
日本史段階別デッキ｜Deck 1｜日本史の最重要骨格400語,JH-000256,256,Deck 1｜骨格・基礎,人物,西郷隆盛,さいごうたかもり,,近代,日本全国,薩摩・京都・江戸・鹿児島,幕末〜明治時代初期,1868,JH-000256-R03,reverse,結果・関連,reverse,何につながった・どんな意味があった？,**征韓論(せいかんろん)**で政府を去り鹿児島へ戻った後、西南戦争で士族側に立ち敗死した。,薩摩藩|倒幕|勝海舟|江戸城無血開城|征韓論|西南戦争,,,,国立国会図書館「近代日本人の肖像」,https://www.ndl.go.jp/portrait/
日本史段階別デッキ｜Deck 1｜日本史の最重要骨格400語,JH-000256,256,Deck 1｜骨格・基礎,人物,西郷隆盛,さいごうたかもり,,近代,日本全国,薩摩・京都・江戸・鹿児島,幕末〜明治時代初期,1868,JH-000256-I01,integrated,統合説明,integrated,「西郷隆盛(さいごうたかもり)」について説明せよ。,幕末〜明治時代初期、薩摩・京都・江戸・鹿児島を主な舞台として、薩摩藩出身で倒幕を主導し、勝海舟との交渉で**江戸城無血開城**を実現した明治新政府の指導者。 **征韓論(せいかんろん)**で政府を去り鹿児島へ戻った後、西南戦争で士族側に立ち敗死した。,薩摩藩|倒幕|勝海舟|江戸城無血開城|征韓論|西南戦争,,,,国立国会図書館「近代日本人の肖像」,https://www.ndl.go.jp/portrait/
日本史段階別デッキ｜Deck 1｜日本史の最重要骨格400語,JH-000145,145,Deck 1｜骨格・基礎,制度・政策・法律,版籍奉還,はんせきほうかん,,近代,日本全国,全国の藩と東京の新政府,1869年,1869,JH-000145-B01,beginner,用語の特定,identify,藩主が土地と人民を朝廷へ返上し、知藩事(ちはんじ)に任命された改革は？,版籍奉還(はんせきほうかん),版籍奉還,,,,国立公文書館「近代国家 日本の登場」,https://www.archives.go.jp/exhibition/digital/modean_state/index.html
日本史段階別デッキ｜Deck 1｜日本史の最重要骨格400語,JH-000145,145,Deck 1｜骨格・基礎,制度・政策・法律,版籍奉還,はんせきほうかん,,近代,日本全国,全国の藩と東京の新政府,1869年,1869,JH-000145-B02,beginner,時期,time,版籍奉還(はんせきほうかん)が成立・実施されたのはいつ？,1869年,1869年,,,1869年：「人は無休」（1869）で版籍奉還,国立公文書館「近代国家 日本の登場」,https://www.archives.go.jp/exhibition/digital/modean_state/index.html
日本史段階別デッキ｜Deck 1｜日本史の最重要骨格400語,JH-000145,145,Deck 1｜骨格・基礎,制度・政策・法律,版籍奉還,はんせきほうかん,,近代,日本全国,全国の藩と東京の新政府,1869年,1869,JH-000145-B03,beginner,内容,content,版籍奉還(はんせきほうかん)で藩主が朝廷へ返上した二つは？,土地・人民,土地・人民,,,,国立公文書館「近代国家 日本の登場」,https://www.archives.go.jp/exhibition/digital/modean_state/index.html
日本史段階別デッキ｜Deck 1｜日本史の最重要骨格400語,JH-000145,145,Deck 1｜骨格・基礎,制度・政策・法律,版籍奉還,はんせきほうかん,,近代,日本全国,全国の藩と東京の新政府,1869年,1869,JH-000145-R01,reverse,時期,time,成立・実施されたのはいつ？,**1869年**,1869年,,,1869年：「人は無休」（1869）で版籍奉還,国立公文書館「近代国家 日本の登場」,https://www.archives.go.jp/exhibition/digital/modean_state/index.html
日本史段階別デッキ｜Deck 1｜日本史の最重要骨格400語,JH-000145,145,Deck 1｜骨格・基礎,制度・政策・法律,版籍奉還,はんせきほうかん,,近代,日本全国,全国の藩と東京の新政府,1869年,1869,JH-000145-R02,reverse,複合説明,reverse,どんな制度・政策・法律？,薩摩・長州・土佐・肥前藩の建議を契機に、全国の藩主が**土地と人民**を新政府へ返上し、知藩事(ちはんじ)に任命された改革。,薩摩|長州|土佐|肥前|土地|人民|知藩事|廃藩置県,,,,国立公文書館「近代国家 日本の登場」,https://www.archives.go.jp/exhibition/digital/modean_state/index.html
日本史段階別デッキ｜Deck 1｜日本史の最重要骨格400語,JH-000145,145,Deck 1｜骨格・基礎,制度・政策・法律,版籍奉還,はんせきほうかん,,近代,日本全国,全国の藩と東京の新政府,1869年,1869,JH-000145-R03,reverse,結果・関連,reverse,何につながった・どんな意味があった？,形式上は藩が残ったが領主権を朝廷へ集中させ、**廃藩置県(はいはんちけん)**による中央集権化への段階となった。,薩摩|長州|土佐|肥前|土地|人民|知藩事|廃藩置県,,,,国立公文書館「近代国家 日本の登場」,https://www.archives.go.jp/exhibition/digital/modean_state/index.html
日本史段階別デッキ｜Deck 1｜日本史の最重要骨格400語,JH-000145,145,Deck 1｜骨格・基礎,制度・政策・法律,版籍奉還,はんせきほうかん,,近代,日本全国,全国の藩と東京の新政府,1869年,1869,JH-000145-I01,integrated,統合説明,integrated,「版籍奉還(はんせきほうかん)」について説明せよ。,1869年、全国の藩と東京の新政府を主な舞台として、薩摩・長州・土佐・肥前藩の建議を契機に、全国の藩主が**土地と人民**を新政府へ返上し、知藩事(ちはんじ)に任命された改革。 形式上は藩が残ったが領主権を朝廷へ集中させ、**廃藩置県(はいはんちけん)**による中央集権化への段階となった。,薩摩|長州|土佐|肥前|土地|人民|知藩事|廃藩置県,,,1869年：「人は無休」（1869）で版籍奉還,国立公文書館「近代国家 日本の登場」,https://www.archives.go.jp/exhibition/digital/modean_state/index.html
日本史段階別デッキ｜Deck 1｜日本史の最重要骨格400語,JH-000146,146,Deck 1｜骨格・基礎,制度・政策・法律,四民平等,しみんびょうどう,,近代,日本全国,日本全国,明治時代初期,1869,JH-000146-B01,beginner,用語の特定,identify,明治政府が公家・大名を華族、武士を士族、農工商を平民として法的身分差を縮小した原則は？,四民平等,四民平等,,法令上の平等化と、現実の社会的・経済的不平等は区別して理解する。,,国立公文書館「近代国家 日本の登場」,https://www.archives.go.jp/exhibition/digital/modean_state/index.html
日本史段階別デッキ｜Deck 1｜日本史の最重要骨格400語,JH-000146,146,Deck 1｜骨格・基礎,制度・政策・法律,四民平等,しみんびょうどう,,近代,日本全国,日本全国,明治時代初期,1869,JH-000146-B02,beginner,時期,time,四民平等が成立・実施されたのはいつ？,明治時代初期,明治時代初期,,法令上の平等化と、現実の社会的・経済的不平等は区別して理解する。,,国立公文書館「近代国家 日本の登場」,https://www.archives.go.jp/exhibition/digital/modean_state/index.html
日本史段階別デッキ｜Deck 1｜日本史の最重要骨格400語,JH-000146,146,Deck 1｜骨格・基礎,制度・政策・法律,四民平等,しみんびょうどう,,近代,日本全国,日本全国,明治時代初期,1869,JH-000146-B03,beginner,身分,content,四民平等のもとで旧公家・大名は何と呼ばれた？,華族,華族,,法令上の平等化と、現実の社会的・経済的不平等は区別して理解する。,,国立公文書館「近代国家 日本の登場」,https://www.archives.go.jp/exhibition/digital/modean_state/index.html
日本史段階別デッキ｜Deck 1｜日本史の最重要骨格400語,JH-000146,146,Deck 1｜骨格・基礎,制度・政策・法律,四民平等,しみんびょうどう,,近代,日本全国,日本全国,明治時代初期,1869,JH-000146-R01,reverse,時期,time,成立・実施されたのはいつ？,**明治時代初期**,明治時代初期,,法令上の平等化と、現実の社会的・経済的不平等は区別して理解する。,,国立公文書館「近代国家 日本の登場」,https://www.archives.go.jp/exhibition/digital/modean_state/index.html
日本史段階別デッキ｜Deck 1｜日本史の最重要骨格400語,JH-000146,146,Deck 1｜骨格・基礎,制度・政策・法律,四民平等,しみんびょうどう,,近代,日本全国,日本全国,明治時代初期,1869,JH-000146-R02,reverse,複合説明,reverse,どんな制度・政策・法律？,明治政府が旧公家・大名を華族、武士を士族、農工商を平民とし、職業・居住・婚姻などの**法的身分制限**を段階的に撤廃した原則。,華族|士族|平民|法的身分制限|国民形成|社会的差別,,法令上の平等化と、現実の社会的・経済的不平等は区別して理解する。,,国立公文書館「近代国家 日本の登場」,https://www.archives.go.jp/exhibition/digital/modean_state/index.html
日本史段階別デッキ｜Deck 1｜日本史の最重要骨格400語,JH-000146,146,Deck 1｜骨格・基礎,制度・政策・法律,四民平等,しみんびょうどう,,近代,日本全国,日本全国,明治時代初期,1869,JH-000146-R03,reverse,結果・関連,reverse,何につながった・どんな意味があった？,近代的な国民形成を進めたが、**華族**制や家制度、被差別部落への社会的差別など不平等は残った。,華族|士族|平民|法的身分制限|国民形成|社会的差別,,法令上の平等化と、現実の社会的・経済的不平等は区別して理解する。,,国立公文書館「近代国家 日本の登場」,https://www.archives.go.jp/exhibition/digital/modean_state/index.html
日本史段階別デッキ｜Deck 1｜日本史の最重要骨格400語,JH-000146,146,Deck 1｜骨格・基礎,制度・政策・法律,四民平等,しみんびょうどう,,近代,日本全国,日本全国,明治時代初期,1869,JH-000146-I01,integrated,統合説明,integrated,「四民平等」について説明せよ。,明治時代初期、日本全国を主な舞台として、明治政府が旧公家・大名を華族、武士を士族、農工商を平民とし、職業・居住・婚姻などの**法的身分制限**を段階的に撤廃した原則。 近代的な国民形成を進めたが、**華族**制や家制度、被差別部落への社会的差別など不平等は残った。,華族|士族|平民|法的身分制限|国民形成|社会的差別,,法令上の平等化と、現実の社会的・経済的不平等は区別して理解する。,,国立公文書館「近代国家 日本の登場」,https://www.archives.go.jp/exhibition/digital/modean_state/index.html
日本史段階別デッキ｜Deck 1｜日本史の最重要骨格400語,JH-000204,204,Deck 1｜骨格・基礎,制度・政策・法律,北海道開拓,ほっかいどうかいたく,,近代,北海道,北海道,明治時代前期,1869,JH-000204-B01,beginner,用語の特定,identify,開拓使を置き、屯田兵(とんでんへい)・移民・農牧業・鉱山開発を進めた明治政府の政策は？,北海道開拓,北海道開拓,,国家開発の進展とアイヌへの植民地的支配を両面から理解する。,,国立公文書館「近代国家 日本の登場」,https://www.archives.go.jp/exhibition/digital/modean_state/index.html
日本史段階別デッキ｜Deck 1｜日本史の最重要骨格400語,JH-000204,204,Deck 1｜骨格・基礎,制度・政策・法律,北海道開拓,ほっかいどうかいたく,,近代,北海道,北海道,明治時代前期,1869,JH-000204-B02,beginner,時期,time,北海道開拓が成立・実施されたのはいつ？,明治時代前期,明治時代前期,,国家開発の進展とアイヌへの植民地的支配を両面から理解する。,,国立公文書館「近代国家 日本の登場」,https://www.archives.go.jp/exhibition/digital/modean_state/index.html
日本史段階別デッキ｜Deck 1｜日本史の最重要骨格400語,JH-000204,204,Deck 1｜骨格・基礎,制度・政策・法律,北海道開拓,ほっかいどうかいたく,,近代,北海道,北海道,明治時代前期,1869,JH-000204-B03,beginner,組織,actor,北海道開拓を担当するため置かれた官庁は？,開拓使,開拓使,,国家開発の進展とアイヌへの植民地的支配を両面から理解する。,,国立公文書館「近代国家 日本の登場」,https://www.archives.go.jp/exhibition/digital/modean_state/index.html
日本史段階別デッキ｜Deck 1｜日本史の最重要骨格400語,JH-000204,204,Deck 1｜骨格・基礎,制度・政策・法律,北海道開拓,ほっかいどうかいたく,,近代,北海道,北海道,明治時代前期,1869,JH-000204-R01,reverse,時期,time,成立・実施されたのはいつ？,**明治時代前期**,明治時代前期,,国家開発の進展とアイヌへの植民地的支配を両面から理解する。,,国立公文書館「近代国家 日本の登場」,https://www.archives.go.jp/exhibition/digital/modean_state/index.html
日本史段階別デッキ｜Deck 1｜日本史の最重要骨格400語,JH-000204,204,Deck 1｜骨格・基礎,制度・政策・法律,北海道開拓,ほっかいどうかいたく,,近代,北海道,北海道,明治時代前期,1869,JH-000204-R02,reverse,複合説明,reverse,どんな制度・政策・法律？,明治政府が北海道に**開拓使**を置き、屯田兵(とんでんへい)・移民の入植、農牧業・鉱山・交通の開発を進めた政策。,開拓使|屯田兵|移民|北方防備|資源開発|アイヌ|同化政策,,国家開発の進展とアイヌへの植民地的支配を両面から理解する。,,国立公文書館「近代国家 日本の登場」,https://www.archives.go.jp/exhibition/digital/modean_state/index.html
日本史段階別デッキ｜Deck 1｜日本史の最重要骨格400語,JH-000204,204,Deck 1｜骨格・基礎,制度・政策・法律,北海道開拓,ほっかいどうかいたく,,近代,北海道,北海道,明治時代前期,1869,JH-000204-R03,reverse,結果・関連,reverse,何につながった・どんな意味があった？,**北方防備**と資源開発を進めた一方、アイヌの土地・文化・生活を奪い、同化を強制する植民地的支配を拡大した。,開拓使|屯田兵|移民|北方防備|資源開発|アイヌ|同化政策,,国家開発の進展とアイヌへの植民地的支配を両面から理解する。,,国立公文書館「近代国家 日本の登場」,https://www.archives.go.jp/exhibition/digital/modean_state/index.html
日本史段階別デッキ｜Deck 1｜日本史の最重要骨格400語,JH-000204,204,Deck 1｜骨格・基礎,制度・政策・法律,北海道開拓,ほっかいどうかいたく,,近代,北海道,北海道,明治時代前期,1869,JH-000204-I01,integrated,統合説明,integrated,「北海道開拓」について説明せよ。,明治時代前期、北海道を主な舞台として、明治政府が北海道に**開拓使**を置き、屯田兵(とんでんへい)・移民の入植、農牧業・鉱山・交通の開発を進めた政策。 **北方防備**と資源開発を進めた一方、アイヌの土地・文化・生活を奪い、同化を強制する植民地的支配を拡大した。,開拓使|屯田兵|移民|北方防備|資源開発|アイヌ|同化政策,,国家開発の進展とアイヌへの植民地的支配を両面から理解する。,,国立公文書館「近代国家 日本の登場」,https://www.archives.go.jp/exhibition/digital/modean_state/index.html
日本史段階別デッキ｜Deck 1｜日本史の最重要骨格400語,JH-000039,39,Deck 1｜骨格・基礎,制度・政策・法律,殖産興業,しょくさんこうぎょう,,近代,日本全国,日本全国,明治時代前期,1870,JH-000039-B01,beginner,用語の特定,identify,官営工場の設置・技術導入・交通通信整備によって近代産業を育成した政策は？,殖産興業(しょくさんこうぎょう),殖産興業,,,,国立公文書館「近代国家 日本の登場」,https://www.archives.go.jp/exhibition/digital/modean_state/index.html
日本史段階別デッキ｜Deck 1｜日本史の最重要骨格400語,JH-000039,39,Deck 1｜骨格・基礎,制度・政策・法律,殖産興業,しょくさんこうぎょう,,近代,日本全国,日本全国,明治時代前期,1870,JH-000039-B02,beginner,時期,time,殖産興業(しょくさんこうぎょう)が成立・実施されたのはいつ？,明治時代前期,明治時代前期,,,,国立公文書館「近代国家 日本の登場」,https://www.archives.go.jp/exhibition/digital/modean_state/index.html
日本史段階別デッキ｜Deck 1｜日本史の最重要骨格400語,JH-000039,39,Deck 1｜骨格・基礎,制度・政策・法律,殖産興業,しょくさんこうぎょう,,近代,日本全国,日本全国,明治時代前期,1870,JH-000039-B03,beginner,施設,content,殖産興業(しょくさんこうぎょう)の代表的な官営工場は？,富岡製糸場,富岡製糸場,,,,国立公文書館「近代国家 日本の登場」,https://www.archives.go.jp/exhibition/digital/modean_state/index.html
日本史段階別デッキ｜Deck 1｜日本史の最重要骨格400語,JH-000039,39,Deck 1｜骨格・基礎,制度・政策・法律,殖産興業,しょくさんこうぎょう,,近代,日本全国,日本全国,明治時代前期,1870,JH-000039-R01,reverse,時期,time,成立・実施されたのはいつ？,**明治時代前期**,明治時代前期,,,,国立公文書館「近代国家 日本の登場」,https://www.archives.go.jp/exhibition/digital/modean_state/index.html
日本史段階別デッキ｜Deck 1｜日本史の最重要骨格400語,JH-000039,39,Deck 1｜骨格・基礎,制度・政策・法律,殖産興業,しょくさんこうぎょう,,近代,日本全国,日本全国,明治時代前期,1870,JH-000039-R02,reverse,複合説明,reverse,どんな制度・政策・法律？,明治政府が官営工場を設置し、外国人技術者・機械を導入し、鉄道・通信・金融を整えて**近代産業**を育成した政策。,官営工場|外国人技術者|鉄道|通信|富岡製糸場|産業革命|富国強兵,,,,国立公文書館「近代国家 日本の登場」,https://www.archives.go.jp/exhibition/digital/modean_state/index.html
日本史段階別デッキ｜Deck 1｜日本史の最重要骨格400語,JH-000039,39,Deck 1｜骨格・基礎,制度・政策・法律,殖産興業,しょくさんこうぎょう,,近代,日本全国,日本全国,明治時代前期,1870,JH-000039-R03,reverse,結果・関連,reverse,何につながった・どんな意味があった？,**富岡製糸場**などを起点に民間企業と産業革命を促し、富国強兵(ふこくきょうへい)を経済面から支えた。,官営工場|外国人技術者|鉄道|通信|富岡製糸場|産業革命|富国強兵,,,,国立公文書館「近代国家 日本の登場」,https://www.archives.go.jp/exhibition/digital/modean_state/index.html
日本史段階別デッキ｜Deck 1｜日本史の最重要骨格400語,JH-000039,39,Deck 1｜骨格・基礎,制度・政策・法律,殖産興業,しょくさんこうぎょう,,近代,日本全国,日本全国,明治時代前期,1870,JH-000039-I01,integrated,統合説明,integrated,「殖産興業(しょくさんこうぎょう)」について説明せよ。,明治時代前期、日本全国を主な舞台として、明治政府が官営工場を設置し、外国人技術者・機械を導入し、鉄道・通信・金融を整えて**近代産業**を育成した政策。 **富岡製糸場**などを起点に民間企業と産業革命を促し、富国強兵(ふこくきょうへい)を経済面から支えた。,官営工場|外国人技術者|鉄道|通信|富岡製糸場|産業革命|富国強兵,,,,国立公文書館「近代国家 日本の登場」,https://www.archives.go.jp/exhibition/digital/modean_state/index.html
日本史段階別デッキ｜Deck 1｜日本史の最重要骨格400語,JH-000040,40,Deck 1｜骨格・基礎,制度・政策・法律,富国強兵,ふこくきょうへい,,近代,日本全国,日本全国,明治時代,1870,JH-000040-B01,beginner,用語の特定,identify,産業を育成して国家を富ませ、近代軍を整備して国力を高める明治政府の基本政策は？,富国強兵(ふこくきょうへい),富国強兵,,,,国立公文書館「近代国家 日本の登場」,https://www.archives.go.jp/exhibition/digital/modean_state/index.html
日本史段階別デッキ｜Deck 1｜日本史の最重要骨格400語,JH-000040,40,Deck 1｜骨格・基礎,制度・政策・法律,富国強兵,ふこくきょうへい,,近代,日本全国,日本全国,明治時代,1870,JH-000040-B02,beginner,時期,time,富国強兵(ふこくきょうへい)が成立・実施されたのはいつ？,明治時代,明治時代,,,,国立公文書館「近代国家 日本の登場」,https://www.archives.go.jp/exhibition/digital/modean_state/index.html
日本史段階別デッキ｜Deck 1｜日本史の最重要骨格400語,JH-000040,40,Deck 1｜骨格・基礎,制度・政策・法律,富国強兵,ふこくきょうへい,,近代,日本全国,日本全国,明治時代,1870,JH-000040-B03,beginner,内容,content,富国強兵(ふこくきょうへい)の二つの柱は？,産業育成・軍備強化,産業育成・軍備強化,,,,国立公文書館「近代国家 日本の登場」,https://www.archives.go.jp/exhibition/digital/modean_state/index.html
日本史段階別デッキ｜Deck 1｜日本史の最重要骨格400語,JH-000040,40,Deck 1｜骨格・基礎,制度・政策・法律,富国強兵,ふこくきょうへい,,近代,日本全国,日本全国,明治時代,1870,JH-000040-R01,reverse,時期,time,成立・実施されたのはいつ？,**明治時代**,明治時代,,,,国立公文書館「近代国家 日本の登場」,https://www.archives.go.jp/exhibition/digital/modean_state/index.html
日本史段階別デッキ｜Deck 1｜日本史の最重要骨格400語,JH-000040,40,Deck 1｜骨格・基礎,制度・政策・法律,富国強兵,ふこくきょうへい,,近代,日本全国,日本全国,明治時代,1870,JH-000040-R02,reverse,複合説明,reverse,どんな制度・政策・法律？,明治政府が日本全国で**産業を育成して国を富ませ、近代軍を整備して軍事力を強める**ことを目指した基本政策。,産業育成|軍備強化|殖産興業|徴兵令|税制改革|近代国家,,,,国立公文書館「近代国家 日本の登場」,https://www.archives.go.jp/exhibition/digital/modean_state/index.html
日本史段階別デッキ｜Deck 1｜日本史の最重要骨格400語,JH-000040,40,Deck 1｜骨格・基礎,制度・政策・法律,富国強兵,ふこくきょうへい,,近代,日本全国,日本全国,明治時代,1870,JH-000040-R03,reverse,結果・関連,reverse,何につながった・どんな意味があった？,**殖産興業(しょくさんこうぎょう)**・徴兵令(ちょうへいれい)・税制改革・教育制度などを結びつけ、欧米列強に対抗できる近代国家建設を進めた。,産業育成|軍備強化|殖産興業|徴兵令|税制改革|近代国家,,,,国立公文書館「近代国家 日本の登場」,https://www.archives.go.jp/exhibition/digital/modean_state/index.html
日本史段階別デッキ｜Deck 1｜日本史の最重要骨格400語,JH-000040,40,Deck 1｜骨格・基礎,制度・政策・法律,富国強兵,ふこくきょうへい,,近代,日本全国,日本全国,明治時代,1870,JH-000040-I01,integrated,統合説明,integrated,「富国強兵(ふこくきょうへい)」について説明せよ。,明治時代、日本全国を主な舞台として、明治政府が日本全国で**産業を育成して国を富ませ、近代軍を整備して軍事力を強める**ことを目指した基本政策。 **殖産興業(しょくさんこうぎょう)**・徴兵令(ちょうへいれい)・税制改革・教育制度などを結びつけ、欧米列強に対抗できる近代国家建設を進めた。,産業育成|軍備強化|殖産興業|徴兵令|税制改革|近代国家,,,,国立公文書館「近代国家 日本の登場」,https://www.archives.go.jp/exhibition/digital/modean_state/index.html
日本史段階別デッキ｜Deck 1｜日本史の最重要骨格400語,JH-000044,44,Deck 1｜骨格・基礎,条約・会議・外交,条約改正,じょうやくかいせい,,近代,欧米,日本と欧米諸国,明治時代〜大正時代初期,1870,JH-000044-B01,beginner,用語の特定,identify,領事裁判権の撤廃と関税自主権の回復を目指した明治政府の外交課題は？,条約改正,条約改正,,,,外務省「日本外交文書」,https://www.mofa.go.jp/mofaj/annai/honsho/shiryo/bunsho/index.html
日本史段階別デッキ｜Deck 1｜日本史の最重要骨格400語,JH-000044,44,Deck 1｜骨格・基礎,条約・会議・外交,条約改正,じょうやくかいせい,,近代,欧米,日本と欧米諸国,明治時代〜大正時代初期,1870,JH-000044-B02,beginner,時期,time,条約改正が進められたのはいつ？,明治時代〜大正時代初期,明治時代〜大正時代初期,,,,外務省「日本外交文書」,https://www.mofa.go.jp/mofaj/annai/honsho/shiryo/bunsho/index.html
日本史段階別デッキ｜Deck 1｜日本史の最重要骨格400語,JH-000044,44,Deck 1｜骨格・基礎,条約・会議・外交,条約改正,じょうやくかいせい,,近代,欧米,日本と欧米諸国,明治時代〜大正時代初期,1870,JH-000044-B03,beginner,内容,content,条約改正の二大目標は？,領事裁判権撤廃・関税自主権回復,領事裁判権撤廃・関税自主権回復,,,,外務省「日本外交文書」,https://www.mofa.go.jp/mofaj/annai/honsho/shiryo/bunsho/index.html
日本史段階別デッキ｜Deck 1｜日本史の最重要骨格400語,JH-000044,44,Deck 1｜骨格・基礎,条約・会議・外交,条約改正,じょうやくかいせい,,近代,欧米,日本と欧米諸国,明治時代〜大正時代初期,1870,JH-000044-R01,reverse,時期,time,進められたのはいつ？,**明治時代〜大正時代初期**,明治時代〜大正時代初期,,,,外務省「日本外交文書」,https://www.mofa.go.jp/mofaj/annai/honsho/shiryo/bunsho/index.html
日本史段階別デッキ｜Deck 1｜日本史の最重要骨格400語,JH-000044,44,Deck 1｜骨格・基礎,条約・会議・外交,条約改正,じょうやくかいせい,,近代,欧米,日本と欧米諸国,明治時代〜大正時代初期,1870,JH-000044-R02,reverse,複合説明,reverse,何を決めた・どんな関係を作った？,日本が欧米諸国との不平等条約を改め、**領事裁判権の撤廃**と関税自主権の回復を目指した外交交渉。,不平等条約|領事裁判権撤廃|関税自主権回復|陸奥宗光|小村寿太郎,,,,外務省「日本外交文書」,https://www.mofa.go.jp/mofaj/annai/honsho/shiryo/bunsho/index.html
日本史段階別デッキ｜Deck 1｜日本史の最重要骨格400語,JH-000044,44,Deck 1｜骨格・基礎,条約・会議・外交,条約改正,じょうやくかいせい,,近代,欧米,日本と欧米諸国,明治時代〜大正時代初期,1870,JH-000044-R03,reverse,結果・関連,reverse,何につながった・どんな意味があった？,法典・裁判制度の整備を背景に陸奥宗光(むつむねみつ)が**領事裁判権撤廃**を実現し、小村寿太郎(こむらじゅたろう)の時代に関税自主権も回復した。,不平等条約|領事裁判権撤廃|関税自主権回復|陸奥宗光|小村寿太郎,,,,外務省「日本外交文書」,https://www.mofa.go.jp/mofaj/annai/honsho/shiryo/bunsho/index.html
日本史段階別デッキ｜Deck 1｜日本史の最重要骨格400語,JH-000044,44,Deck 1｜骨格・基礎,条約・会議・外交,条約改正,じょうやくかいせい,,近代,欧米,日本と欧米諸国,明治時代〜大正時代初期,1870,JH-000044-I01,integrated,統合説明,integrated,「条約改正」について説明せよ。,明治時代〜大正時代初期、日本と欧米諸国を主な舞台として、日本が欧米諸国との不平等条約を改め、**領事裁判権の撤廃**と関税自主権の回復を目指した外交交渉。 法典・裁判制度の整備を背景に陸奥宗光(むつむねみつ)が**領事裁判権撤廃**を実現し、小村寿太郎(こむらじゅたろう)の時代に関税自主権も回復した。,不平等条約|領事裁判権撤廃|関税自主権回復|陸奥宗光|小村寿太郎,,,,外務省「日本外交文書」,https://www.mofa.go.jp/mofaj/annai/honsho/shiryo/bunsho/index.html
日本史段階別デッキ｜Deck 1｜日本史の最重要骨格400語,JH-000014,14,Deck 1｜骨格・基礎,制度・政策・法律,廃藩置県,はいはんちけん,,近代,日本全国,全国の藩・府県,1871年,1871,JH-000014-B01,beginner,用語の特定,identify,全国の藩を廃止して府県を置き、中央政府が知事を任命した改革は？,廃藩置県(はいはんちけん),廃藩置県,,,,国立公文書館「近代国家 日本の登場」,https://www.archives.go.jp/exhibition/digital/modean_state/index.html
日本史段階別デッキ｜Deck 1｜日本史の最重要骨格400語,JH-000014,14,Deck 1｜骨格・基礎,制度・政策・法律,廃藩置県,はいはんちけん,,近代,日本全国,全国の藩・府県,1871年,1871,JH-000014-B02,beginner,時期,time,廃藩置県(はいはんちけん)が成立・実施されたのはいつ？,1871年,1871年,,,1871年：「藩とは言わない」（1871）廃藩置県,国立公文書館「近代国家 日本の登場」,https://www.archives.go.jp/exhibition/digital/modean_state/index.html
日本史段階別デッキ｜Deck 1｜日本史の最重要骨格400語,JH-000014,14,Deck 1｜骨格・基礎,制度・政策・法律,廃藩置県,はいはんちけん,,近代,日本全国,全国の藩・府県,1871年,1871,JH-000014-B03,beginner,内容,content,廃藩置県(はいはんちけん)によって藩に代わって置かれた行政区画は？,府県,府県,,,,国立公文書館「近代国家 日本の登場」,https://www.archives.go.jp/exhibition/digital/modean_state/index.html
日本史段階別デッキ｜Deck 1｜日本史の最重要骨格400語,JH-000014,14,Deck 1｜骨格・基礎,制度・政策・法律,廃藩置県,はいはんちけん,,近代,日本全国,全国の藩・府県,1871年,1871,JH-000014-R01,reverse,時期,time,成立・実施されたのはいつ？,**1871年**,1871年,,,1871年：「藩とは言わない」（1871）廃藩置県,国立公文書館「近代国家 日本の登場」,https://www.archives.go.jp/exhibition/digital/modean_state/index.html
日本史段階別デッキ｜Deck 1｜日本史の最重要骨格400語,JH-000014,14,Deck 1｜骨格・基礎,制度・政策・法律,廃藩置県,はいはんちけん,,近代,日本全国,全国の藩・府県,1871年,1871,JH-000014-R02,reverse,複合説明,reverse,どんな制度・政策・法律？,明治政府が全国の**藩を廃止して府県**を置き、中央から府知事・県令(けんれい)を任命した改革。,藩廃止|府県|府知事|県令|中央集権国家|税|軍事,,,,国立公文書館「近代国家 日本の登場」,https://www.archives.go.jp/exhibition/digital/modean_state/index.html
日本史段階別デッキ｜Deck 1｜日本史の最重要骨格400語,JH-000014,14,Deck 1｜骨格・基礎,制度・政策・法律,廃藩置県,はいはんちけん,,近代,日本全国,全国の藩・府県,1871年,1871,JH-000014-R03,reverse,結果・関連,reverse,何につながった・どんな意味があった？,旧藩主の領主権を完全に廃し、税・軍事・行政を中央政府へ集中する**中央集権国家**を確立した。,藩廃止|府県|府知事|県令|中央集権国家|税|軍事,,,,国立公文書館「近代国家 日本の登場」,https://www.archives.go.jp/exhibition/digital/modean_state/index.html
日本史段階別デッキ｜Deck 1｜日本史の最重要骨格400語,JH-000014,14,Deck 1｜骨格・基礎,制度・政策・法律,廃藩置県,はいはんちけん,,近代,日本全国,全国の藩・府県,1871年,1871,JH-000014-I01,integrated,統合説明,integrated,「廃藩置県(はいはんちけん)」について説明せよ。,1871年、全国の藩・府県を主な舞台として、明治政府が全国の**藩を廃止して府県**を置き、中央から府知事・県令(けんれい)を任命した改革。 旧藩主の領主権を完全に廃し、税・軍事・行政を中央政府へ集中する**中央集権国家**を確立した。,藩廃止|府県|府知事|県令|中央集権国家|税|軍事,,,1871年：「藩とは言わない」（1871）廃藩置県,国立公文書館「近代国家 日本の登場」,https://www.archives.go.jp/exhibition/digital/modean_state/index.html
日本史段階別デッキ｜Deck 1｜日本史の最重要骨格400語,JH-000147,147,Deck 1｜骨格・基礎,条約・会議・外交,岩倉使節団,いわくらしせつだん,,近代,欧米,アメリカ・ヨーロッパ諸国,1871〜1873年,1871,JH-000147-B01,beginner,用語の特定,identify,岩倉具視(いわくらともみ)を全権大使とし、条約改正予備交渉と欧米制度調査のため派遣された使節団は？,岩倉使節団(いわくらしせつだん),岩倉使節団,,,,国立国会図書館「史料にみる日本の近代」,https://www.ndl.go.jp/modern/
日本史段階別デッキ｜Deck 1｜日本史の最重要骨格400語,JH-000147,147,Deck 1｜骨格・基礎,条約・会議・外交,岩倉使節団,いわくらしせつだん,,近代,欧米,アメリカ・ヨーロッパ諸国,1871〜1873年,1871,JH-000147-B02,beginner,時期,time,岩倉使節団(いわくらしせつだん)が派遣されたのはいつ？,1871〜1873年,1871〜1873年,,,1871〜1873年：「藩とは言わない」（1871）年から「人は涙」（1873）年までの岩倉使節団,国立国会図書館「史料にみる日本の近代」,https://www.ndl.go.jp/modern/
日本史段階別デッキ｜Deck 1｜日本史の最重要骨格400語,JH-000147,147,Deck 1｜骨格・基礎,条約・会議・外交,岩倉使節団,いわくらしせつだん,,近代,欧米,アメリカ・ヨーロッパ諸国,1871〜1873年,1871,JH-000147-B03,beginner,人物,person,岩倉使節団(いわくらしせつだん)の全権大使は？,岩倉具視(いわくらともみ),岩倉具視,,,,国立国会図書館「史料にみる日本の近代」,https://www.ndl.go.jp/modern/
日本史段階別デッキ｜Deck 1｜日本史の最重要骨格400語,JH-000147,147,Deck 1｜骨格・基礎,条約・会議・外交,岩倉使節団,いわくらしせつだん,,近代,欧米,アメリカ・ヨーロッパ諸国,1871〜1873年,1871,JH-000147-R01,reverse,時期,time,派遣されたのはいつ？,**1871〜1873年**,1871〜1873年,,,1871〜1873年：「藩とは言わない」（1871）年から「人は涙」（1873）年までの岩倉使節団,国立国会図書館「史料にみる日本の近代」,https://www.ndl.go.jp/modern/
日本史段階別デッキ｜Deck 1｜日本史の最重要骨格400語,JH-000147,147,Deck 1｜骨格・基礎,条約・会議・外交,岩倉使節団,いわくらしせつだん,,近代,欧米,アメリカ・ヨーロッパ諸国,1871〜1873年,1871,JH-000147-R02,reverse,複合説明,reverse,何を決めた・どんな関係を作った？,**岩倉具視(いわくらともみ)**を全権大使とし、大久保利通(おおくぼとしみち)・木戸孝允(きどたかよし)らが参加してアメリカ・ヨーロッパを巡った大規模使節団。,岩倉具視|大久保利通|木戸孝允|条約改正|欧米制度|近代化,,,,国立国会図書館「史料にみる日本の近代」,https://www.ndl.go.jp/modern/
日本史段階別デッキ｜Deck 1｜日本史の最重要骨格400語,JH-000147,147,Deck 1｜骨格・基礎,条約・会議・外交,岩倉使節団,いわくらしせつだん,,近代,欧米,アメリカ・ヨーロッパ諸国,1871〜1873年,1871,JH-000147-R03,reverse,結果・関連,reverse,何につながった・どんな意味があった？,条約改正交渉は成功しなかったが、**欧米の政治・産業・教育制度**を調査し、帰国後の近代化政策に反映した。,岩倉具視|大久保利通|木戸孝允|条約改正|欧米制度|近代化,,,,国立国会図書館「史料にみる日本の近代」,https://www.ndl.go.jp/modern/
日本史段階別デッキ｜Deck 1｜日本史の最重要骨格400語,JH-000147,147,Deck 1｜骨格・基礎,条約・会議・外交,岩倉使節団,いわくらしせつだん,,近代,欧米,アメリカ・ヨーロッパ諸国,1871〜1873年,1871,JH-000147-I01,integrated,統合説明,integrated,「岩倉使節団(いわくらしせつだん)」について説明せよ。,1871〜1873年、アメリカ・ヨーロッパ諸国を主な舞台として、**岩倉具視(いわくらともみ)**を全権大使とし、大久保利通(おおくぼとしみち)・木戸孝允(きどたかよし)らが参加してアメリカ・ヨーロッパを巡った大規模使節団。 条約改正交渉は成功しなかったが、**欧米の政治・産業・教育制度**を調査し、帰国後の近代化政策に反映した。,岩倉具視|大久保利通|木戸孝允|条約改正|欧米制度|近代化,,,1871〜1873年：「藩とは言わない」（1871）年から「人は涙」（1873）年までの岩倉使節団,国立国会図書館「史料にみる日本の近代」,https://www.ndl.go.jp/modern/
日本史段階別デッキ｜Deck 1｜日本史の最重要骨格400語,JH-000257,257,Deck 1｜骨格・基礎,人物,大久保利通,おおくぼとしみち,,近代,日本全国,薩摩・東京・欧米,幕末〜明治時代初期,1871,JH-000257-B01,beginner,用語の特定,identify,岩倉使節団(いわくらしせつだん)帰国後、内務卿として殖産興業(しょくさんこうぎょう)・地方行政を主導した薩摩藩出身の政治家は？,大久保利通(おおくぼとしみち),大久保利通,,,,国立国会図書館「近代日本人の肖像」,https://www.ndl.go.jp/portrait/
日本史段階別デッキ｜Deck 1｜日本史の最重要骨格400語,JH-000257,257,Deck 1｜骨格・基礎,人物,大久保利通,おおくぼとしみち,,近代,日本全国,薩摩・東京・欧米,幕末〜明治時代初期,1871,JH-000257-B02,beginner,時期,time,大久保利通(おおくぼとしみち)が主に活動したのはいつ？,幕末〜明治時代初期,幕末〜明治時代初期,,,,国立国会図書館「近代日本人の肖像」,https://www.ndl.go.jp/portrait/
日本史段階別デッキ｜Deck 1｜日本史の最重要骨格400語,JH-000257,257,Deck 1｜骨格・基礎,人物,大久保利通,おおくぼとしみち,,近代,日本全国,薩摩・東京・欧米,幕末〜明治時代初期,1871,JH-000257-B03,beginner,役職,content,大久保利通(おおくぼとしみち)が帰国後に就いた、内政を統括する官職は？,内務卿,内務卿,,,,国立国会図書館「近代日本人の肖像」,https://www.ndl.go.jp/portrait/
日本史段階別デッキ｜Deck 1｜日本史の最重要骨格400語,JH-000257,257,Deck 1｜骨格・基礎,人物,大久保利通,おおくぼとしみち,,近代,日本全国,薩摩・東京・欧米,幕末〜明治時代初期,1871,JH-000257-R01,reverse,時期,time,主に活動したのはいつ？,**幕末〜明治時代初期**,幕末〜明治時代初期,,,,国立国会図書館「近代日本人の肖像」,https://www.ndl.go.jp/portrait/
日本史段階別デッキ｜Deck 1｜日本史の最重要骨格400語,JH-000257,257,Deck 1｜骨格・基礎,人物,大久保利通,おおくぼとしみち,,近代,日本全国,薩摩・東京・欧米,幕末〜明治時代初期,1871,JH-000257-R02,reverse,複合説明,reverse,何をした？,薩摩藩出身で倒幕に参加し、岩倉使節団(いわくらしせつだん)から帰国後は**内務卿**として殖産興業(しょくさんこうぎょう)・地方行政・治安を主導した政治家。,薩摩藩|岩倉使節団|内務卿|殖産興業|地方行政|中央集権|暗殺,,,,国立国会図書館「近代日本人の肖像」,https://www.ndl.go.jp/portrait/
日本史段階別デッキ｜Deck 1｜日本史の最重要骨格400語,JH-000257,257,Deck 1｜骨格・基礎,人物,大久保利通,おおくぼとしみち,,近代,日本全国,薩摩・東京・欧米,幕末〜明治時代初期,1871,JH-000257-R03,reverse,結果・関連,reverse,何につながった・どんな意味があった？,明治政府の**中央集権**化を進めたが、西南戦争後に不平士族によって暗殺された。,薩摩藩|岩倉使節団|内務卿|殖産興業|地方行政|中央集権|暗殺,,,,国立国会図書館「近代日本人の肖像」,https://www.ndl.go.jp/portrait/
日本史段階別デッキ｜Deck 1｜日本史の最重要骨格400語,JH-000257,257,Deck 1｜骨格・基礎,人物,大久保利通,おおくぼとしみち,,近代,日本全国,薩摩・東京・欧米,幕末〜明治時代初期,1871,JH-000257-I01,integrated,統合説明,integrated,「大久保利通(おおくぼとしみち)」について説明せよ。,幕末〜明治時代初期、薩摩・東京・欧米を主な舞台として、薩摩藩出身で倒幕に参加し、岩倉使節団(いわくらしせつだん)から帰国後は**内務卿**として殖産興業(しょくさんこうぎょう)・地方行政・治安を主導した政治家。 明治政府の**中央集権**化を進めたが、西南戦争後に不平士族によって暗殺された。,薩摩藩|岩倉使節団|内務卿|殖産興業|地方行政|中央集権|暗殺,,,,国立国会図書館「近代日本人の肖像」,https://www.ndl.go.jp/portrait/
日本史段階別デッキ｜Deck 1｜日本史の最重要骨格400語,JH-000148,148,Deck 1｜骨格・基礎,制度・政策・法律,学制,がくせい,,近代,日本全国,日本全国,1872年,1872,JH-000148-B01,beginner,用語の特定,identify,全国を学区に分け、すべての国民を対象とする近代学校制度を構想した法令は？,学制,学制,,,,国立公文書館「近代国家 日本の登場」,https://www.archives.go.jp/exhibition/digital/modean_state/index.html
日本史段階別デッキ｜Deck 1｜日本史の最重要骨格400語,JH-000148,148,Deck 1｜骨格・基礎,制度・政策・法律,学制,がくせい,,近代,日本全国,日本全国,1872年,1872,JH-000148-B02,beginner,時期,time,学制が成立・実施されたのはいつ？,1872年,1872年,,,1872年：「いや何」（1872）学ぶ学制,国立公文書館「近代国家 日本の登場」,https://www.archives.go.jp/exhibition/digital/modean_state/index.html
日本史段階別デッキ｜Deck 1｜日本史の最重要骨格400語,JH-000148,148,Deck 1｜骨格・基礎,制度・政策・法律,学制,がくせい,,近代,日本全国,日本全国,1872年,1872,JH-000148-B03,beginner,内容,content,学制が目指した教育制度の原則は？,国民皆学,国民皆学,,,,国立公文書館「近代国家 日本の登場」,https://www.archives.go.jp/exhibition/digital/modean_state/index.html
日本史段階別デッキ｜Deck 1｜日本史の最重要骨格400語,JH-000148,148,Deck 1｜骨格・基礎,制度・政策・法律,学制,がくせい,,近代,日本全国,日本全国,1872年,1872,JH-000148-R01,reverse,時期,time,成立・実施されたのはいつ？,**1872年**,1872年,,,1872年：「いや何」（1872）学ぶ学制,国立公文書館「近代国家 日本の登場」,https://www.archives.go.jp/exhibition/digital/modean_state/index.html
日本史段階別デッキ｜Deck 1｜日本史の最重要骨格400語,JH-000148,148,Deck 1｜骨格・基礎,制度・政策・法律,学制,がくせい,,近代,日本全国,日本全国,1872年,1872,JH-000148-R02,reverse,複合説明,reverse,どんな制度・政策・法律？,明治政府が全国を学区に分け、小学校を基礎に**国民皆学**を目指した最初の近代学校制度。,学区|小学校|国民皆学|近代学校制度|授業料|就学,,,,国立公文書館「近代国家 日本の登場」,https://www.archives.go.jp/exhibition/digital/modean_state/index.html
日本史段階別デッキ｜Deck 1｜日本史の最重要骨格400語,JH-000148,148,Deck 1｜骨格・基礎,制度・政策・法律,学制,がくせい,,近代,日本全国,日本全国,1872年,1872,JH-000148-R03,reverse,結果・関連,reverse,何につながった・どんな意味があった？,学校・教員・教科の全国整備を促したが、**授業料**や労働力喪失への反発もあり、就学普及には時間を要した。,学区|小学校|国民皆学|近代学校制度|授業料|就学,,,,国立公文書館「近代国家 日本の登場」,https://www.archives.go.jp/exhibition/digital/modean_state/index.html
日本史段階別デッキ｜Deck 1｜日本史の最重要骨格400語,JH-000148,148,Deck 1｜骨格・基礎,制度・政策・法律,学制,がくせい,,近代,日本全国,日本全国,1872年,1872,JH-000148-I01,integrated,統合説明,integrated,「学制」について説明せよ。,1872年、日本全国を主な舞台として、明治政府が全国を学区に分け、小学校を基礎に**国民皆学**を目指した最初の近代学校制度。 学校・教員・教科の全国整備を促したが、**授業料**や労働力喪失への反発もあり、就学普及には時間を要した。,学区|小学校|国民皆学|近代学校制度|授業料|就学,,,1872年：「いや何」（1872）学ぶ学制,国立公文書館「近代国家 日本の登場」,https://www.archives.go.jp/exhibition/digital/modean_state/index.html
日本史段階別デッキ｜Deck 1｜日本史の最重要骨格400語,JH-000205,205,Deck 1｜骨格・基礎,制度・政策・法律,琉球処分,りゅうきゅうしょぶん,,近代,沖縄,琉球王国・沖縄県,1872〜1879年,1872,JH-000205-B01,beginner,用語の特定,identify,明治政府が琉球藩を置いた後、王国を廃止して沖縄県を設置した一連の措置は？,琉球処分(りゅうきゅうしょぶん),琉球処分,,,,国立公文書館「近代国家 日本の登場」,https://www.archives.go.jp/exhibition/digital/modean_state/index.html
日本史段階別デッキ｜Deck 1｜日本史の最重要骨格400語,JH-000205,205,Deck 1｜骨格・基礎,制度・政策・法律,琉球処分,りゅうきゅうしょぶん,,近代,沖縄,琉球王国・沖縄県,1872〜1879年,1872,JH-000205-B02,beginner,時期,time,琉球処分(りゅうきゅうしょぶん)が成立・実施されたのはいつ？,1872〜1879年,1872〜1879年,,,1872〜1879年：「いや何」（1872）年から「いや泣く」（1879）年までの琉球処分,国立公文書館「近代国家 日本の登場」,https://www.archives.go.jp/exhibition/digital/modean_state/index.html
日本史段階別デッキ｜Deck 1｜日本史の最重要骨格400語,JH-000205,205,Deck 1｜骨格・基礎,制度・政策・法律,琉球処分,りゅうきゅうしょぶん,,近代,沖縄,琉球王国・沖縄県,1872〜1879年,1872,JH-000205-B03,beginner,内容,content,琉球処分(りゅうきゅうしょぶん)の最終段階で設置された県は？,沖縄県,沖縄県,,,,国立公文書館「近代国家 日本の登場」,https://www.archives.go.jp/exhibition/digital/modean_state/index.html
日本史段階別デッキ｜Deck 1｜日本史の最重要骨格400語,JH-000205,205,Deck 1｜骨格・基礎,制度・政策・法律,琉球処分,りゅうきゅうしょぶん,,近代,沖縄,琉球王国・沖縄県,1872〜1879年,1872,JH-000205-R01,reverse,時期,time,成立・実施されたのはいつ？,**1872〜1879年**,1872〜1879年,,,1872〜1879年：「いや何」（1872）年から「いや泣く」（1879）年までの琉球処分,国立公文書館「近代国家 日本の登場」,https://www.archives.go.jp/exhibition/digital/modean_state/index.html
日本史段階別デッキ｜Deck 1｜日本史の最重要骨格400語,JH-000205,205,Deck 1｜骨格・基礎,制度・政策・法律,琉球処分,りゅうきゅうしょぶん,,近代,沖縄,琉球王国・沖縄県,1872〜1879年,1872,JH-000205-R02,reverse,複合説明,reverse,どんな制度・政策・法律？,明治政府が琉球王国(りゅうきゅうおうこく)を琉球藩とし、最終的に首里城から国王を退去させて**沖縄県**を設置した一連の措置。,琉球王国|琉球藩|首里城|沖縄県|清|中央集権化,,,,国立公文書館「近代国家 日本の登場」,https://www.archives.go.jp/exhibition/digital/modean_state/index.html
日本史段階別デッキ｜Deck 1｜日本史の最重要骨格400語,JH-000205,205,Deck 1｜骨格・基礎,制度・政策・法律,琉球処分,りゅうきゅうしょぶん,,近代,沖縄,琉球王国・沖縄県,1872〜1879年,1872,JH-000205-R03,reverse,結果・関連,reverse,何につながった・どんな意味があった？,**琉球王国(りゅうきゅうおうこく)**を日本の県制度へ組み込み、清との帰属問題を生みながら中央集権化を進めた。,琉球王国|琉球藩|首里城|沖縄県|清|中央集権化,,,,国立公文書館「近代国家 日本の登場」,https://www.archives.go.jp/exhibition/digital/modean_state/index.html
日本史段階別デッキ｜Deck 1｜日本史の最重要骨格400語,JH-000205,205,Deck 1｜骨格・基礎,制度・政策・法律,琉球処分,りゅうきゅうしょぶん,,近代,沖縄,琉球王国・沖縄県,1872〜1879年,1872,JH-000205-I01,integrated,統合説明,integrated,「琉球処分(りゅうきゅうしょぶん)」について説明せよ。,1872〜1879年、琉球王国・沖縄県を主な舞台として、明治政府が琉球王国(りゅうきゅうおうこく)を琉球藩とし、最終的に首里城から国王を退去させて**沖縄県**を設置した一連の措置。 **琉球王国(りゅうきゅうおうこく)**を日本の県制度へ組み込み、清との帰属問題を生みながら中央集権化を進めた。,琉球王国|琉球藩|首里城|沖縄県|清|中央集権化,,,1872〜1879年：「いや何」（1872）年から「いや泣く」（1879）年までの琉球処分,国立公文書館「近代国家 日本の登場」,https://www.archives.go.jp/exhibition/digital/modean_state/index.html
日本史段階別デッキ｜Deck 1｜日本史の最重要骨格400語,JH-000258,258,Deck 1｜骨格・基礎,経済・産業・交通,富岡製糸場,とみおかせいしじょう,,近代,関東,群馬県富岡,1872年操業開始,1872,JH-000258-B01,beginner,用語の特定,identify,明治政府がフランスの技術を導入して群馬県に設置した官営模範製糸場は？,富岡製糸場,富岡製糸場,,,,国立公文書館「近代国家 日本の登場」,https://www.archives.go.jp/exhibition/digital/modean_state/index.html
日本史段階別デッキ｜Deck 1｜日本史の最重要骨格400語,JH-000258,258,Deck 1｜骨格・基礎,経済・産業・交通,富岡製糸場,とみおかせいしじょう,,近代,関東,群馬県富岡,1872年操業開始,1872,JH-000258-B02,beginner,時期,time,富岡製糸場が行われた・発達したのはいつ？,1872年,1872年,,,1872年：「いや何」（1872）と結ぶ富岡製糸場,国立公文書館「近代国家 日本の登場」,https://www.archives.go.jp/exhibition/digital/modean_state/index.html
日本史段階別デッキ｜Deck 1｜日本史の最重要骨格400語,JH-000258,258,Deck 1｜骨格・基礎,経済・産業・交通,富岡製糸場,とみおかせいしじょう,,近代,関東,群馬県富岡,1872年操業開始,1872,JH-000258-B03,beginner,商品,content,富岡製糸場で生産された主要輸出品は？,生糸,生糸,,,,国立公文書館「近代国家 日本の登場」,https://www.archives.go.jp/exhibition/digital/modean_state/index.html
日本史段階別デッキ｜Deck 1｜日本史の最重要骨格400語,JH-000258,258,Deck 1｜骨格・基礎,経済・産業・交通,富岡製糸場,とみおかせいしじょう,,近代,関東,群馬県富岡,1872年操業開始,1872,JH-000258-R01,reverse,時期,time,行われた・発達したのはいつ？,**1872年**,1872年,,,1872年：「いや何」（1872）と結ぶ富岡製糸場,国立公文書館「近代国家 日本の登場」,https://www.archives.go.jp/exhibition/digital/modean_state/index.html
日本史段階別デッキ｜Deck 1｜日本史の最重要骨格400語,JH-000258,258,Deck 1｜骨格・基礎,経済・産業・交通,富岡製糸場,とみおかせいしじょう,,近代,関東,群馬県富岡,1872年操業開始,1872,JH-000258-R02,reverse,複合説明,reverse,どんな仕組み・活動？,群馬県富岡に明治政府がフランスの機械・技術を導入して設置した**官営模範製糸場**。,群馬県富岡|フランス|官営模範工場|生糸|女性工員|製糸業,,,,国立公文書館「近代国家 日本の登場」,https://www.archives.go.jp/exhibition/digital/modean_state/index.html
日本史段階別デッキ｜Deck 1｜日本史の最重要骨格400語,JH-000258,258,Deck 1｜骨格・基礎,経済・産業・交通,富岡製糸場,とみおかせいしじょう,,近代,関東,群馬県富岡,1872年操業開始,1872,JH-000258-R03,reverse,結果・関連,reverse,何につながった・どんな意味があった？,高品質な**生糸**の大量生産と女性工員の技術習得を進め、日本の主要輸出産業である製糸業の発展を促した。,群馬県富岡|フランス|官営模範工場|生糸|女性工員|製糸業,,,,国立公文書館「近代国家 日本の登場」,https://www.archives.go.jp/exhibition/digital/modean_state/index.html
日本史段階別デッキ｜Deck 1｜日本史の最重要骨格400語,JH-000258,258,Deck 1｜骨格・基礎,経済・産業・交通,富岡製糸場,とみおかせいしじょう,,近代,関東,群馬県富岡,1872年操業開始,1872,JH-000258-I01,integrated,統合説明,integrated,「富岡製糸場」について説明せよ。,1872年操業開始、群馬県富岡を主な舞台として、群馬県富岡に明治政府がフランスの機械・技術を導入して設置した**官営模範製糸場**。 高品質な**生糸**の大量生産と女性工員の技術習得を進め、日本の主要輸出産業である製糸業の発展を促した。,群馬県富岡|フランス|官営模範工場|生糸|女性工員|製糸業,,,1872年：「いや何」（1872）と結ぶ富岡製糸場,国立公文書館「近代国家 日本の登場」,https://www.archives.go.jp/exhibition/digital/modean_state/index.html
日本史段階別デッキ｜Deck 1｜日本史の最重要骨格400語,JH-000016,16,Deck 1｜骨格・基礎,土地制度・租税,地租改正,ちそかいせい,,近代,日本全国,日本全国の土地,1873年以後,1873,JH-000016-B01,beginner,用語の特定,identify,土地所有者に地券を交付し、地価を基準に税を金納させた明治政府の租税改革は？,地租改正(ちそかいせい),地租改正,,,,国立公文書館「近代国家 日本の登場」,https://www.archives.go.jp/exhibition/digital/modean_state/index.html
日本史段階別デッキ｜Deck 1｜日本史の最重要骨格400語,JH-000016,16,Deck 1｜骨格・基礎,土地制度・租税,地租改正,ちそかいせい,,近代,日本全国,日本全国の土地,1873年以後,1873,JH-000016-B02,beginner,時期,time,地租改正(ちそかいせい)が成立・実施されたのはいつ？,1873年以後,1873年以後,,,1873年以後：「人は涙」（1873）から続く地租改正,国立公文書館「近代国家 日本の登場」,https://www.archives.go.jp/exhibition/digital/modean_state/index.html
日本史段階別デッキ｜Deck 1｜日本史の最重要骨格400語,JH-000016,16,Deck 1｜骨格・基礎,土地制度・租税,地租改正,ちそかいせい,,近代,日本全国,日本全国の土地,1873年以後,1873,JH-000016-B03,beginner,納税者,actor,地租改正(ちそかいせい)で税を納めた主体は？,土地所有者,土地所有者,,,,国立公文書館「近代国家 日本の登場」,https://www.archives.go.jp/exhibition/digital/modean_state/index.html
日本史段階別デッキ｜Deck 1｜日本史の最重要骨格400語,JH-000016,16,Deck 1｜骨格・基礎,土地制度・租税,地租改正,ちそかいせい,,近代,日本全国,日本全国の土地,1873年以後,1873,JH-000016-R01,reverse,時期,time,成立・実施されたのはいつ？,**1873年以後**,1873年以後,,,1873年以後：「人は涙」（1873）から続く地租改正,国立公文書館「近代国家 日本の登場」,https://www.archives.go.jp/exhibition/digital/modean_state/index.html
日本史段階別デッキ｜Deck 1｜日本史の最重要骨格400語,JH-000016,16,Deck 1｜骨格・基礎,土地制度・租税,地租改正,ちそかいせい,,近代,日本全国,日本全国の土地,1873年以後,1873,JH-000016-R02,reverse,複合説明,reverse,どんな制度？,明治政府が日本全国の土地所有者へ**地券**を交付し、地価を基準とする地租を現金で納めさせた改革。,地券|土地所有者|地価|金納|安定財源|反対運動|地主制,,,,国立公文書館「近代国家 日本の登場」,https://www.archives.go.jp/exhibition/digital/modean_state/index.html
日本史段階別デッキ｜Deck 1｜日本史の最重要骨格400語,JH-000016,16,Deck 1｜骨格・基礎,土地制度・租税,地租改正,ちそかいせい,,近代,日本全国,日本全国の土地,1873年以後,1873,JH-000016-R03,reverse,結果・関連,reverse,何につながった・どんな意味があった？,天候に左右されにくい近代国家の**安定財源**を確保したが、農民負担への反対運動で税率が引き下げられ、地主制の形成も促した。,地券|土地所有者|地価|金納|安定財源|反対運動|地主制,,,,国立公文書館「近代国家 日本の登場」,https://www.archives.go.jp/exhibition/digital/modean_state/index.html
日本史段階別デッキ｜Deck 1｜日本史の最重要骨格400語,JH-000016,16,Deck 1｜骨格・基礎,土地制度・租税,地租改正,ちそかいせい,,近代,日本全国,日本全国の土地,1873年以後,1873,JH-000016-I01,integrated,統合説明,integrated,「地租改正(ちそかいせい)」について説明せよ。,1873年以後、日本全国の土地を主な舞台として、明治政府が日本全国の土地所有者へ**地券**を交付し、地価を基準とする地租を現金で納めさせた改革。 天候に左右されにくい近代国家の**安定財源**を確保したが、農民負担への反対運動で税率が引き下げられ、地主制の形成も促した。,地券|土地所有者|地価|金納|安定財源|反対運動|地主制,,,1873年以後：「人は涙」（1873）から続く地租改正,国立公文書館「近代国家 日本の登場」,https://www.archives.go.jp/exhibition/digital/modean_state/index.html
日本史段階別デッキ｜Deck 1｜日本史の最重要骨格400語,JH-000038,38,Deck 1｜骨格・基礎,制度・政策・法律,徴兵令,ちょうへいれい,,近代,日本全国,日本全国,1873年,1873,JH-000038-B01,beginner,用語の特定,identify,満20歳以上の男子を原則として兵役に就かせ、国民軍を作ろうとした法令は？,徴兵令(ちょうへいれい),徴兵令,,,,国立公文書館「近代国家 日本の登場」,https://www.archives.go.jp/exhibition/digital/modean_state/index.html
日本史段階別デッキ｜Deck 1｜日本史の最重要骨格400語,JH-000038,38,Deck 1｜骨格・基礎,制度・政策・法律,徴兵令,ちょうへいれい,,近代,日本全国,日本全国,1873年,1873,JH-000038-B02,beginner,時期,time,徴兵令(ちょうへいれい)が成立・実施されたのはいつ？,1873年,1873年,,,1873年：「人は涙」（1873）の徴兵令,国立公文書館「近代国家 日本の登場」,https://www.archives.go.jp/exhibition/digital/modean_state/index.html
日本史段階別デッキ｜Deck 1｜日本史の最重要骨格400語,JH-000038,38,Deck 1｜骨格・基礎,制度・政策・法律,徴兵令,ちょうへいれい,,近代,日本全国,日本全国,1873年,1873,JH-000038-B03,beginner,内容,content,徴兵令(ちょうへいれい)が作ろうとした軍隊の性格は？,国民皆兵,国民皆兵,,,,国立公文書館「近代国家 日本の登場」,https://www.archives.go.jp/exhibition/digital/modean_state/index.html
日本史段階別デッキ｜Deck 1｜日本史の最重要骨格400語,JH-000038,38,Deck 1｜骨格・基礎,制度・政策・法律,徴兵令,ちょうへいれい,,近代,日本全国,日本全国,1873年,1873,JH-000038-R01,reverse,時期,time,成立・実施されたのはいつ？,**1873年**,1873年,,,1873年：「人は涙」（1873）の徴兵令,国立公文書館「近代国家 日本の登場」,https://www.archives.go.jp/exhibition/digital/modean_state/index.html
日本史段階別デッキ｜Deck 1｜日本史の最重要骨格400語,JH-000038,38,Deck 1｜骨格・基礎,制度・政策・法律,徴兵令,ちょうへいれい,,近代,日本全国,日本全国,1873年,1873,JH-000038-R02,reverse,複合説明,reverse,どんな制度・政策・法律？,明治政府が満20歳以上の男子を原則兵役に就かせ、身分にかかわらない**国民皆兵**の軍隊を編成しようとした法令。,満20歳以上男子|国民皆兵|近代軍|武士の軍事独占|血税一揆,,,,国立公文書館「近代国家 日本の登場」,https://www.archives.go.jp/exhibition/digital/modean_state/index.html
日本史段階別デッキ｜Deck 1｜日本史の最重要骨格400語,JH-000038,38,Deck 1｜骨格・基礎,制度・政策・法律,徴兵令,ちょうへいれい,,近代,日本全国,日本全国,1873年,1873,JH-000038-R03,reverse,結果・関連,reverse,何につながった・どんな意味があった？,武士の軍事独占を終わらせ**近代軍**を整備したが、免役規定や農民負担への反発から血税一揆(けつぜいいっき)も起きた。,満20歳以上男子|国民皆兵|近代軍|武士の軍事独占|血税一揆,,,,国立公文書館「近代国家 日本の登場」,https://www.archives.go.jp/exhibition/digital/modean_state/index.html
日本史段階別デッキ｜Deck 1｜日本史の最重要骨格400語,JH-000038,38,Deck 1｜骨格・基礎,制度・政策・法律,徴兵令,ちょうへいれい,,近代,日本全国,日本全国,1873年,1873,JH-000038-I01,integrated,統合説明,integrated,「徴兵令(ちょうへいれい)」について説明せよ。,1873年、日本全国を主な舞台として、明治政府が満20歳以上の男子を原則兵役に就かせ、身分にかかわらない**国民皆兵**の軍隊を編成しようとした法令。 武士の軍事独占を終わらせ**近代軍**を整備したが、免役規定や農民負担への反発から血税一揆(けつぜいいっき)も起きた。,満20歳以上男子|国民皆兵|近代軍|武士の軍事独占|血税一揆,,,1873年：「人は涙」（1873）の徴兵令,国立公文書館「近代国家 日本の登場」,https://www.archives.go.jp/exhibition/digital/modean_state/index.html
日本史段階別デッキ｜Deck 1｜日本史の最重要骨格400語,JH-000206,206,Deck 1｜骨格・基礎,事件・政変,明治六年の政変,めいじろくねんのせいへん,,近代,関東,東京の明治政府,1873年,1873,JH-000206-B01,beginner,用語の特定,identify,征韓論(せいかんろん)をめぐり、西郷隆盛(さいごうたかもり)・板垣退助(いたがきたいすけ)らが政府を辞職した政変は？,明治六年の政変(めいじろくねんのせいへん),明治六年の政変,,,,国立国会図書館「史料にみる日本の近代」,https://www.ndl.go.jp/modern/
日本史段階別デッキ｜Deck 1｜日本史の最重要骨格400語,JH-000206,206,Deck 1｜骨格・基礎,事件・政変,明治六年の政変,めいじろくねんのせいへん,,近代,関東,東京の明治政府,1873年,1873,JH-000206-B02,beginner,時期,time,明治六年の政変(めいじろくねんのせいへん)が起きたのはいつ？,1873年,1873年,,,1873年：「人は涙」（1873）と結ぶ明治六年の政変,国立国会図書館「史料にみる日本の近代」,https://www.ndl.go.jp/modern/
日本史段階別デッキ｜Deck 1｜日本史の最重要骨格400語,JH-000206,206,Deck 1｜骨格・基礎,事件・政変,明治六年の政変,めいじろくねんのせいへん,,近代,関東,東京の明治政府,1873年,1873,JH-000206-B03,beginner,原因,cause,明治六年の政変(めいじろくねんのせいへん)の直接の対立点となった外交論は？,征韓論(せいかんろん),征韓論,,,,国立国会図書館「史料にみる日本の近代」,https://www.ndl.go.jp/modern/
日本史段階別デッキ｜Deck 1｜日本史の最重要骨格400語,JH-000206,206,Deck 1｜骨格・基礎,事件・政変,明治六年の政変,めいじろくねんのせいへん,,近代,関東,東京の明治政府,1873年,1873,JH-000206-R01,reverse,時期,time,起きたのはいつ？,**1873年**,1873年,,,1873年：「人は涙」（1873）と結ぶ明治六年の政変,国立国会図書館「史料にみる日本の近代」,https://www.ndl.go.jp/modern/
日本史段階別デッキ｜Deck 1｜日本史の最重要骨格400語,JH-000206,206,Deck 1｜骨格・基礎,事件・政変,明治六年の政変,めいじろくねんのせいへん,,近代,関東,東京の明治政府,1873年,1873,JH-000206-R02,reverse,複合説明,reverse,何が起きた？,東京の明治政府で征韓論(せいかんろん)をめぐり、内治優先を主張する岩倉使節団(いわくらしせつだん)帰国組が反対し、**西郷隆盛(さいごうたかもり)・板垣退助(いたがきたいすけ)**らが辞職した政変。,征韓論|岩倉使節団|西郷隆盛|板垣退助|大久保利通|自由民権運動|士族反乱,,,,国立国会図書館「史料にみる日本の近代」,https://www.ndl.go.jp/modern/
日本史段階別デッキ｜Deck 1｜日本史の最重要骨格400語,JH-000206,206,Deck 1｜骨格・基礎,事件・政変,明治六年の政変,めいじろくねんのせいへん,,近代,関東,東京の明治政府,1873年,1873,JH-000206-R03,reverse,結果・関連,reverse,何につながった・どんな意味があった？,政府の指導部を**大久保利通(おおくぼとしみち)**らが掌握し、下野した人物は自由民権運動や士族反乱へ向かった。,征韓論|岩倉使節団|西郷隆盛|板垣退助|大久保利通|自由民権運動|士族反乱,,,,国立国会図書館「史料にみる日本の近代」,https://www.ndl.go.jp/modern/
日本史段階別デッキ｜Deck 1｜日本史の最重要骨格400語,JH-000206,206,Deck 1｜骨格・基礎,事件・政変,明治六年の政変,めいじろくねんのせいへん,,近代,関東,東京の明治政府,1873年,1873,JH-000206-I01,integrated,統合説明,integrated,「明治六年の政変(めいじろくねんのせいへん)」について説明せよ。,1873年、東京の明治政府を主な舞台として、東京の明治政府で征韓論(せいかんろん)をめぐり、内治優先を主張する岩倉使節団(いわくらしせつだん)帰国組が反対し、**西郷隆盛(さいごうたかもり)・板垣退助(いたがきたいすけ)**らが辞職した政変。 政府の指導部を**大久保利通(おおくぼとしみち)**らが掌握し、下野した人物は自由民権運動や士族反乱へ向かった。,征韓論|岩倉使節団|西郷隆盛|板垣退助|大久保利通|自由民権運動|士族反乱,,,1873年：「人は涙」（1873）と結ぶ明治六年の政変,国立国会図書館「史料にみる日本の近代」,https://www.ndl.go.jp/modern/
日本史段階別デッキ｜Deck 1｜日本史の最重要骨格400語,JH-000279,279,Deck 1｜骨格・基礎,思想・主義,征韓論,せいかんろん,,近代,東アジア,日本と朝鮮,明治時代初期,1873,JH-000279-B01,beginner,用語の特定,identify,朝鮮が新政府との国交に応じないことを理由に、西郷隆盛(さいごうたかもり)らが武力を背景とする使節派遣を主張した議論は？,征韓論(せいかんろん),征韓論,,,,国立国会図書館「史料にみる日本の近代」,https://www.ndl.go.jp/modern/
日本史段階別デッキ｜Deck 1｜日本史の最重要骨格400語,JH-000279,279,Deck 1｜骨格・基礎,思想・主義,征韓論,せいかんろん,,近代,東アジア,日本と朝鮮,明治時代初期,1873,JH-000279-B02,beginner,時期,time,征韓論(せいかんろん)が広がった・重視されたのはいつ？,明治時代初期,明治時代初期,,,,国立国会図書館「史料にみる日本の近代」,https://www.ndl.go.jp/modern/
日本史段階別デッキ｜Deck 1｜日本史の最重要骨格400語,JH-000279,279,Deck 1｜骨格・基礎,思想・主義,征韓論,せいかんろん,,近代,東アジア,日本と朝鮮,明治時代初期,1873,JH-000279-B03,beginner,人物,person,征韓論(せいかんろん)を支持した代表的人物は？,西郷隆盛(さいごうたかもり),西郷隆盛,,,,国立国会図書館「史料にみる日本の近代」,https://www.ndl.go.jp/modern/
日本史段階別デッキ｜Deck 1｜日本史の最重要骨格400語,JH-000279,279,Deck 1｜骨格・基礎,思想・主義,征韓論,せいかんろん,,近代,東アジア,日本と朝鮮,明治時代初期,1873,JH-000279-R01,reverse,時期,time,広がった・重視されたのはいつ？,**明治時代初期**,明治時代初期,,,,国立国会図書館「史料にみる日本の近代」,https://www.ndl.go.jp/modern/
日本史段階別デッキ｜Deck 1｜日本史の最重要骨格400語,JH-000279,279,Deck 1｜骨格・基礎,思想・主義,征韓論,せいかんろん,,近代,東アジア,日本と朝鮮,明治時代初期,1873,JH-000279-R02,reverse,複合説明,reverse,どんな考え？,朝鮮が明治政府との国交に応じないことを背景に、**西郷隆盛(さいごうたかもり)**らが自ら使節となり、武力衝突も辞さず開国を迫るべきだとした議論。,朝鮮|西郷隆盛|使節派遣|岩倉使節団|明治六年の政変|板垣退助,,,,国立国会図書館「史料にみる日本の近代」,https://www.ndl.go.jp/modern/
日本史段階別デッキ｜Deck 1｜日本史の最重要骨格400語,JH-000279,279,Deck 1｜骨格・基礎,思想・主義,征韓論,せいかんろん,,近代,東アジア,日本と朝鮮,明治時代初期,1873,JH-000279-R03,reverse,結果・関連,reverse,何につながった・どんな意味があった？,**岩倉使節団(いわくらしせつだん)**帰国組の反対で退けられ、明治六年の政変(めいじろくねんのせいへん)で西郷・板垣退助(いたがきたいすけ)らが政府を去った。,朝鮮|西郷隆盛|使節派遣|岩倉使節団|明治六年の政変|板垣退助,,,,国立国会図書館「史料にみる日本の近代」,https://www.ndl.go.jp/modern/
日本史段階別デッキ｜Deck 1｜日本史の最重要骨格400語,JH-000279,279,Deck 1｜骨格・基礎,思想・主義,征韓論,せいかんろん,,近代,東アジア,日本と朝鮮,明治時代初期,1873,JH-000279-I01,integrated,統合説明,integrated,「征韓論(せいかんろん)」について説明せよ。,明治時代初期、日本と朝鮮を主な舞台として、朝鮮が明治政府との国交に応じないことを背景に、**西郷隆盛(さいごうたかもり)**らが自ら使節となり、武力衝突も辞さず開国を迫るべきだとした議論。 **岩倉使節団(いわくらしせつだん)**帰国組の反対で退けられ、明治六年の政変(めいじろくねんのせいへん)で西郷・板垣退助(いたがきたいすけ)らが政府を去った。,朝鮮|西郷隆盛|使節派遣|岩倉使節団|明治六年の政変|板垣退助,,,,国立国会図書館「史料にみる日本の近代」,https://www.ndl.go.jp/modern/
日本史段階別デッキ｜Deck 1｜日本史の最重要骨格400語,JH-000041,41,Deck 1｜骨格・基礎,運動,自由民権運動,じゆうみんけんうんどう,,近代,日本全国,高知・東京から全国,1870年代〜1880年代,1874,JH-000041-B01,beginner,用語の特定,identify,国会開設・憲法制定・地租軽減・地方自治などを求めて全国へ広がった政治運動は？,自由民権運動,自由民権運動,,,,国立国会図書館「史料にみる日本の近代」,https://www.ndl.go.jp/modern/
日本史段階別デッキ｜Deck 1｜日本史の最重要骨格400語,JH-000041,41,Deck 1｜骨格・基礎,運動,自由民権運動,じゆうみんけんうんどう,,近代,日本全国,高知・東京から全国,1870年代〜1880年代,1874,JH-000041-B02,beginner,時期,time,自由民権運動が起きた・盛んだったのはいつ？,1870年代〜1880年代,1870年代〜1880年代,,,1870年代〜1880年代：「ひと・や・なな・まる」（1870）年代から「人は晴れ」（1880）年代までの自由民権運動,国立国会図書館「史料にみる日本の近代」,https://www.ndl.go.jp/modern/
日本史段階別デッキ｜Deck 1｜日本史の最重要骨格400語,JH-000041,41,Deck 1｜骨格・基礎,運動,自由民権運動,じゆうみんけんうんどう,,近代,日本全国,高知・東京から全国,1870年代〜1880年代,1874,JH-000041-B03,beginner,要求,content,自由民権運動が中心的に要求した政治制度は？,国会開設,国会開設,,,,国立国会図書館「史料にみる日本の近代」,https://www.ndl.go.jp/modern/
日本史段階別デッキ｜Deck 1｜日本史の最重要骨格400語,JH-000041,41,Deck 1｜骨格・基礎,運動,自由民権運動,じゆうみんけんうんどう,,近代,日本全国,高知・東京から全国,1870年代〜1880年代,1874,JH-000041-R01,reverse,時期,time,起きた・盛んだったのはいつ？,**1870年代〜1880年代**,1870年代〜1880年代,,,1870年代〜1880年代：「ひと・や・なな・まる」（1870）年代から「人は晴れ」（1880）年代までの自由民権運動,国立国会図書館「史料にみる日本の近代」,https://www.ndl.go.jp/modern/
日本史段階別デッキ｜Deck 1｜日本史の最重要骨格400語,JH-000041,41,Deck 1｜骨格・基礎,運動,自由民権運動,じゆうみんけんうんどう,,近代,日本全国,高知・東京から全国,1870年代〜1880年代,1874,JH-000041-R02,reverse,複合説明,reverse,何を求めて、何が起きた？,高知・東京から全国へ広がり、士族・豪農・都市民らが**国会開設・憲法制定・地租軽減・地方自治**を求めた運動。,国会開設|憲法制定|地租軽減|地方自治|民撰議院設立建白書|国会期成同盟|政党,,,,国立国会図書館「史料にみる日本の近代」,https://www.ndl.go.jp/modern/
日本史段階別デッキ｜Deck 1｜日本史の最重要骨格400語,JH-000041,41,Deck 1｜骨格・基礎,運動,自由民権運動,じゆうみんけんうんどう,,近代,日本全国,高知・東京から全国,1870年代〜1880年代,1874,JH-000041-R03,reverse,結果・関連,reverse,何につながった・どんな意味があった？,民撰議院設立建白書(みんせんぎいんせつりつけんぱくしょ)、国会期成同盟(こっかいきせいどうめい)、政党結成を経て、政府に**国会開設**と立憲政治への移行を迫った。,国会開設|憲法制定|地租軽減|地方自治|民撰議院設立建白書|国会期成同盟|政党,,,,国立国会図書館「史料にみる日本の近代」,https://www.ndl.go.jp/modern/
日本史段階別デッキ｜Deck 1｜日本史の最重要骨格400語,JH-000041,41,Deck 1｜骨格・基礎,運動,自由民権運動,じゆうみんけんうんどう,,近代,日本全国,高知・東京から全国,1870年代〜1880年代,1874,JH-000041-I01,integrated,統合説明,integrated,「自由民権運動」について説明せよ。,1870年代〜1880年代、高知・東京から全国を主な舞台として、高知・東京から全国へ広がり、士族・豪農・都市民らが**国会開設・憲法制定・地租軽減・地方自治**を求めた運動。 民撰議院設立建白書(みんせんぎいんせつりつけんぱくしょ)、国会期成同盟(こっかいきせいどうめい)、政党結成を経て、政府に**国会開設**と立憲政治への移行を迫った。,国会開設|憲法制定|地租軽減|地方自治|民撰議院設立建白書|国会期成同盟|政党,,,1870年代〜1880年代：「ひと・や・なな・まる」（1870）年代から「人は晴れ」（1880）年代までの自由民権運動,国立国会図書館「史料にみる日本の近代」,https://www.ndl.go.jp/modern/
日本史段階別デッキ｜Deck 1｜日本史の最重要骨格400語,JH-000150,150,Deck 1｜骨格・基礎,人物,板垣退助,いたがきたいすけ,,近代,日本全国,土佐・東京・全国,幕末〜明治時代,1874,JH-000150-B01,beginner,用語の特定,identify,民撰議院設立建白書(みんせんぎいんせつりつけんぱくしょ)を提出し、立志社・自由党を結成して自由民権運動を指導した人物は？,板垣退助(いたがきたいすけ),板垣退助,,,,国立国会図書館「近代日本人の肖像」,https://www.ndl.go.jp/portrait/
日本史段階別デッキ｜Deck 1｜日本史の最重要骨格400語,JH-000150,150,Deck 1｜骨格・基礎,人物,板垣退助,いたがきたいすけ,,近代,日本全国,土佐・東京・全国,幕末〜明治時代,1874,JH-000150-B02,beginner,時期,time,板垣退助(いたがきたいすけ)が主に活動したのはいつ？,幕末〜明治時代,幕末〜明治時代,,,,国立国会図書館「近代日本人の肖像」,https://www.ndl.go.jp/portrait/
日本史段階別デッキ｜Deck 1｜日本史の最重要骨格400語,JH-000150,150,Deck 1｜骨格・基礎,人物,板垣退助,いたがきたいすけ,,近代,日本全国,土佐・東京・全国,幕末〜明治時代,1874,JH-000150-B03,beginner,政党,content,板垣退助(いたがきたいすけ)が総理となった政党は？,自由党,自由党,,,,国立国会図書館「近代日本人の肖像」,https://www.ndl.go.jp/portrait/
日本史段階別デッキ｜Deck 1｜日本史の最重要骨格400語,JH-000150,150,Deck 1｜骨格・基礎,人物,板垣退助,いたがきたいすけ,,近代,日本全国,土佐・東京・全国,幕末〜明治時代,1874,JH-000150-R01,reverse,時期,time,主に活動したのはいつ？,**幕末〜明治時代**,幕末〜明治時代,,,,国立国会図書館「近代日本人の肖像」,https://www.ndl.go.jp/portrait/
日本史段階別デッキ｜Deck 1｜日本史の最重要骨格400語,JH-000150,150,Deck 1｜骨格・基礎,人物,板垣退助,いたがきたいすけ,,近代,日本全国,土佐・東京・全国,幕末〜明治時代,1874,JH-000150-R02,reverse,複合説明,reverse,何をした？,土佐藩出身で征韓論(せいかんろん)をめぐって下野後、**民撰議院設立建白書(みんせんぎいんせつりつけんぱくしょ)**を提出し、立志社・自由党を結成した政治家。,土佐藩|民撰議院設立建白書|立志社|自由党|自由民権運動|政党政治,,,,国立国会図書館「近代日本人の肖像」,https://www.ndl.go.jp/portrait/
日本史段階別デッキ｜Deck 1｜日本史の最重要骨格400語,JH-000150,150,Deck 1｜骨格・基礎,人物,板垣退助,いたがきたいすけ,,近代,日本全国,土佐・東京・全国,幕末〜明治時代,1874,JH-000150-R03,reverse,結果・関連,reverse,何につながった・どんな意味があった？,**自由民権運動**の全国化と政党政治の出発に大きく貢献した。,土佐藩|民撰議院設立建白書|立志社|自由党|自由民権運動|政党政治,,,,国立国会図書館「近代日本人の肖像」,https://www.ndl.go.jp/portrait/
日本史段階別デッキ｜Deck 1｜日本史の最重要骨格400語,JH-000150,150,Deck 1｜骨格・基礎,人物,板垣退助,いたがきたいすけ,,近代,日本全国,土佐・東京・全国,幕末〜明治時代,1874,JH-000150-I01,integrated,統合説明,integrated,「板垣退助(いたがきたいすけ)」について説明せよ。,幕末〜明治時代、土佐・東京・全国を主な舞台として、土佐藩出身で征韓論(せいかんろん)をめぐって下野後、**民撰議院設立建白書(みんせんぎいんせつりつけんぱくしょ)**を提出し、立志社・自由党を結成した政治家。 **自由民権運動**の全国化と政党政治の出発に大きく貢献した。,土佐藩|民撰議院設立建白書|立志社|自由党|自由民権運動|政党政治,,,,国立国会図書館「近代日本人の肖像」,https://www.ndl.go.jp/portrait/
日本史段階別デッキ｜Deck 1｜日本史の最重要骨格400語,JH-000299,299,Deck 1｜骨格・基礎,文書・史料,民撰議院設立建白書,みんせんぎいんせつりつけんぱくしょ,,近代,関東,東京・左院,1874年,1874,JH-000299-B01,beginner,用語の特定,identify,板垣退助(いたがきたいすけ)・後藤象二郎(ごとうしょうじろう)らが政府へ提出し、国民代表による議会設置を求めた文書は？,民撰議院設立建白書(みんせんぎいんせつりつけんぱくしょ),民撰議院設立建白書,,,,国立国会図書館「史料にみる日本の近代」,https://www.ndl.go.jp/modern/
日本史段階別デッキ｜Deck 1｜日本史の最重要骨格400語,JH-000299,299,Deck 1｜骨格・基礎,文書・史料,民撰議院設立建白書,みんせんぎいんせつりつけんぱくしょ,,近代,関東,東京・左院,1874年,1874,JH-000299-B02,beginner,時期,time,民撰議院設立建白書(みんせんぎいんせつりつけんぱくしょ)が作成・成立したのはいつ？,1874年,1874年,,,1874年：「いやな世」（1874）に民撰議院設立建白書,国立国会図書館「史料にみる日本の近代」,https://www.ndl.go.jp/modern/
日本史段階別デッキ｜Deck 1｜日本史の最重要骨格400語,JH-000299,299,Deck 1｜骨格・基礎,文書・史料,民撰議院設立建白書,みんせんぎいんせつりつけんぱくしょ,,近代,関東,東京・左院,1874年,1874,JH-000299-B03,beginner,要求,content,民撰議院設立建白書(みんせんぎいんせつりつけんぱくしょ)が要求した機関は？,民選議院(みんせんぎいん),民選議院,,,,国立国会図書館「史料にみる日本の近代」,https://www.ndl.go.jp/modern/
日本史段階別デッキ｜Deck 1｜日本史の最重要骨格400語,JH-000299,299,Deck 1｜骨格・基礎,文書・史料,民撰議院設立建白書,みんせんぎいんせつりつけんぱくしょ,,近代,関東,東京・左院,1874年,1874,JH-000299-R01,reverse,時期,time,作成・成立したのはいつ？,**1874年**,1874年,,,1874年：「いやな世」（1874）に民撰議院設立建白書,国立国会図書館「史料にみる日本の近代」,https://www.ndl.go.jp/modern/
日本史段階別デッキ｜Deck 1｜日本史の最重要骨格400語,JH-000299,299,Deck 1｜骨格・基礎,文書・史料,民撰議院設立建白書,みんせんぎいんせつりつけんぱくしょ,,近代,関東,東京・左院,1874年,1874,JH-000299-R02,reverse,複合説明,reverse,何が書かれている・何が分かる？,板垣退助(いたがきたいすけ)・後藤象二郎(ごとうしょうじろう)らが東京の左院へ提出し、**国民代表による議会**の早期設置を求めた建白書。,板垣退助|後藤象二郎|左院|国民代表|議会|藩閥政府|自由民権運動,,,,国立国会図書館「史料にみる日本の近代」,https://www.ndl.go.jp/modern/
日本史段階別デッキ｜Deck 1｜日本史の最重要骨格400語,JH-000299,299,Deck 1｜骨格・基礎,文書・史料,民撰議院設立建白書,みんせんぎいんせつりつけんぱくしょ,,近代,関東,東京・左院,1874年,1874,JH-000299-R03,reverse,結果・関連,reverse,何につながった・どんな意味があった？,**藩閥政府**を批判して自由民権運動の出発点となり、国会開設要求を全国へ広げた。,板垣退助|後藤象二郎|左院|国民代表|議会|藩閥政府|自由民権運動,,,,国立国会図書館「史料にみる日本の近代」,https://www.ndl.go.jp/modern/
日本史段階別デッキ｜Deck 1｜日本史の最重要骨格400語,JH-000299,299,Deck 1｜骨格・基礎,文書・史料,民撰議院設立建白書,みんせんぎいんせつりつけんぱくしょ,,近代,関東,東京・左院,1874年,1874,JH-000299-I01,integrated,統合説明,integrated,「民撰議院設立建白書(みんせんぎいんせつりつけんぱくしょ)」について説明せよ。,1874年、東京・左院を主な舞台として、板垣退助(いたがきたいすけ)・後藤象二郎(ごとうしょうじろう)らが東京の左院へ提出し、**国民代表による議会**の早期設置を求めた建白書。 **藩閥政府**を批判して自由民権運動の出発点となり、国会開設要求を全国へ広げた。,板垣退助|後藤象二郎|左院|国民代表|議会|藩閥政府|自由民権運動,,,1874年：「いやな世」（1874）に民撰議院設立建白書,国立国会図書館「史料にみる日本の近代」,https://www.ndl.go.jp/modern/
日本史段階別デッキ｜Deck 1｜日本史の最重要骨格400語,JH-000218,218,Deck 1｜骨格・基礎,条約・会議・外交,樺太・千島交換条約,からふと・ちしまこうかんじょうやく,,近代,その他,日本・ロシア、樺太・千島列島,1875年,1875,JH-000218-B01,beginner,用語の特定,identify,日本が樺太(からふと)をロシア領と認める代わりに、千島列島(ちしまれっとう)全域を日本領とした条約は？,樺太・千島交換条約(からふと・ちしまこうかんじょうやく),樺太・千島交換条約,,,,外務省「日本外交文書」,https://www.mofa.go.jp/mofaj/annai/honsho/shiryo/bunsho/index.html
日本史段階別デッキ｜Deck 1｜日本史の最重要骨格400語,JH-000218,218,Deck 1｜骨格・基礎,条約・会議・外交,樺太・千島交換条約,からふと・ちしまこうかんじょうやく,,近代,その他,日本・ロシア、樺太・千島列島,1875年,1875,JH-000218-B02,beginner,時期,time,樺太・千島交換条約(からふと・ちしまこうかんじょうやく)が結ばれたのはいつ？,1875年,1875年,,,1875年：「いやな交換」（1875）と結ぶ樺太・千島交換条約,外務省「日本外交文書」,https://www.mofa.go.jp/mofaj/annai/honsho/shiryo/bunsho/index.html
日本史段階別デッキ｜Deck 1｜日本史の最重要骨格400語,JH-000218,218,Deck 1｜骨格・基礎,条約・会議・外交,樺太・千島交換条約,からふと・ちしまこうかんじょうやく,,近代,その他,日本・ロシア、樺太・千島列島,1875年,1875,JH-000218-B03,beginner,内容,place,樺太・千島交換条約(からふと・ちしまこうかんじょうやく)で日本領となった地域は？,千島列島(ちしまれっとう)全域,千島列島全域,,,,外務省「日本外交文書」,https://www.mofa.go.jp/mofaj/annai/honsho/shiryo/bunsho/index.html
日本史段階別デッキ｜Deck 1｜日本史の最重要骨格400語,JH-000218,218,Deck 1｜骨格・基礎,条約・会議・外交,樺太・千島交換条約,からふと・ちしまこうかんじょうやく,,近代,その他,日本・ロシア、樺太・千島列島,1875年,1875,JH-000218-R01,reverse,時期,time,結ばれたのはいつ？,**1875年**,1875年,,,1875年：「いやな交換」（1875）と結ぶ樺太・千島交換条約,外務省「日本外交文書」,https://www.mofa.go.jp/mofaj/annai/honsho/shiryo/bunsho/index.html
日本史段階別デッキ｜Deck 1｜日本史の最重要骨格400語,JH-000218,218,Deck 1｜骨格・基礎,条約・会議・外交,樺太・千島交換条約,からふと・ちしまこうかんじょうやく,,近代,その他,日本・ロシア、樺太・千島列島,1875年,1875,JH-000218-R02,reverse,複合説明,reverse,何を決めた・どんな関係を作った？,日本とロシアが結び、日本は**樺太(からふと)をロシア領**と認める代わりに、占守島までの千島列島(ちしまれっとう)全域を日本領とした条約。,日本|ロシア|樺太|千島列島|国境画定|アイヌ,,,,外務省「日本外交文書」,https://www.mofa.go.jp/mofaj/annai/honsho/shiryo/bunsho/index.html
日本史段階別デッキ｜Deck 1｜日本史の最重要骨格400語,JH-000218,218,Deck 1｜骨格・基礎,条約・会議・外交,樺太・千島交換条約,からふと・ちしまこうかんじょうやく,,近代,その他,日本・ロシア、樺太・千島列島,1875年,1875,JH-000218-R03,reverse,結果・関連,reverse,何につながった・どんな意味があった？,日露間の北方国境をいったん画定したが、樺太(からふと)の**日本**人・アイヌの移住など地域住民へ大きな影響を与えた。,日本|ロシア|樺太|千島列島|国境画定|アイヌ,,,,外務省「日本外交文書」,https://www.mofa.go.jp/mofaj/annai/honsho/shiryo/bunsho/index.html
日本史段階別デッキ｜Deck 1｜日本史の最重要骨格400語,JH-000218,218,Deck 1｜骨格・基礎,条約・会議・外交,樺太・千島交換条約,からふと・ちしまこうかんじょうやく,,近代,その他,日本・ロシア、樺太・千島列島,1875年,1875,JH-000218-I01,integrated,統合説明,integrated,「樺太・千島交換条約(からふと・ちしまこうかんじょうやく)」について説明せよ。,1875年、日本・ロシア、樺太・千島列島を主な舞台として、日本とロシアが結び、日本は**樺太(からふと)をロシア領**と認める代わりに、占守島までの千島列島(ちしまれっとう)全域を日本領とした条約。 日露間の北方国境をいったん画定したが、樺太(からふと)の**日本**人・アイヌの移住など地域住民へ大きな影響を与えた。,日本|ロシア|樺太|千島列島|国境画定|アイヌ,,,1875年：「いやな交換」（1875）と結ぶ樺太・千島交換条約,外務省「日本外交文書」,https://www.mofa.go.jp/mofaj/annai/honsho/shiryo/bunsho/index.html
日本史段階別デッキ｜Deck 1｜日本史の最重要骨格400語,JH-000207,207,Deck 1｜骨格・基礎,制度・政策・法律,秩禄処分,ちつろくしょぶん,,近代,日本全国,旧士族と明治政府,1876年,1876,JH-000207-B01,beginner,用語の特定,identify,明治政府が華族・士族への家禄を廃止し、金禄公債(きんろくこうさい)を交付した政策は？,秩禄処分(ちつろくしょぶん),秩禄処分,,,,国立公文書館「近代国家 日本の登場」,https://www.archives.go.jp/exhibition/digital/modean_state/index.html
日本史段階別デッキ｜Deck 1｜日本史の最重要骨格400語,JH-000207,207,Deck 1｜骨格・基礎,制度・政策・法律,秩禄処分,ちつろくしょぶん,,近代,日本全国,旧士族と明治政府,1876年,1876,JH-000207-B02,beginner,時期,time,秩禄処分(ちつろくしょぶん)が成立・実施されたのはいつ？,1876年,1876年,,,1876年：「いやな無理」（1876）と結ぶ秩禄処分,国立公文書館「近代国家 日本の登場」,https://www.archives.go.jp/exhibition/digital/modean_state/index.html
日本史段階別デッキ｜Deck 1｜日本史の最重要骨格400語,JH-000207,207,Deck 1｜骨格・基礎,制度・政策・法律,秩禄処分,ちつろくしょぶん,,近代,日本全国,旧士族と明治政府,1876年,1876,JH-000207-B03,beginner,内容,content,秩禄処分(ちつろくしょぶん)で家禄に代えて交付されたものは？,金禄公債(きんろくこうさい),金禄公債,,,,国立公文書館「近代国家 日本の登場」,https://www.archives.go.jp/exhibition/digital/modean_state/index.html
日本史段階別デッキ｜Deck 1｜日本史の最重要骨格400語,JH-000207,207,Deck 1｜骨格・基礎,制度・政策・法律,秩禄処分,ちつろくしょぶん,,近代,日本全国,旧士族と明治政府,1876年,1876,JH-000207-R01,reverse,時期,time,成立・実施されたのはいつ？,**1876年**,1876年,,,1876年：「いやな無理」（1876）と結ぶ秩禄処分,国立公文書館「近代国家 日本の登場」,https://www.archives.go.jp/exhibition/digital/modean_state/index.html
日本史段階別デッキ｜Deck 1｜日本史の最重要骨格400語,JH-000207,207,Deck 1｜骨格・基礎,制度・政策・法律,秩禄処分,ちつろくしょぶん,,近代,日本全国,旧士族と明治政府,1876年,1876,JH-000207-R02,reverse,複合説明,reverse,どんな制度・政策・法律？,明治政府が華族・士族に支給していた**家禄**を廃止し、代わりに金禄公債(きんろくこうさい)を交付した政策。,家禄|金禄公債|華族|士族|政府財政|士族反乱,,,,国立公文書館「近代国家 日本の登場」,https://www.archives.go.jp/exhibition/digital/modean_state/index.html
日本史段階別デッキ｜Deck 1｜日本史の最重要骨格400語,JH-000207,207,Deck 1｜骨格・基礎,制度・政策・法律,秩禄処分,ちつろくしょぶん,,近代,日本全国,旧士族と明治政府,1876年,1876,JH-000207-R03,reverse,結果・関連,reverse,何につながった・どんな意味があった？,政府財政の大きな負担を軽減した一方、**士族**の経済的没落と不満を進め、士族反乱の背景となった。,家禄|金禄公債|華族|士族|政府財政|士族反乱,,,,国立公文書館「近代国家 日本の登場」,https://www.archives.go.jp/exhibition/digital/modean_state/index.html
日本史段階別デッキ｜Deck 1｜日本史の最重要骨格400語,JH-000207,207,Deck 1｜骨格・基礎,制度・政策・法律,秩禄処分,ちつろくしょぶん,,近代,日本全国,旧士族と明治政府,1876年,1876,JH-000207-I01,integrated,統合説明,integrated,「秩禄処分(ちつろくしょぶん)」について説明せよ。,1876年、旧士族と明治政府を主な舞台として、明治政府が華族・士族に支給していた**家禄**を廃止し、代わりに金禄公債(きんろくこうさい)を交付した政策。 政府財政の大きな負担を軽減した一方、**士族**の経済的没落と不満を進め、士族反乱の背景となった。,家禄|金禄公債|華族|士族|政府財政|士族反乱,,,1876年：「いやな無理」（1876）と結ぶ秩禄処分,国立公文書館「近代国家 日本の登場」,https://www.archives.go.jp/exhibition/digital/modean_state/index.html
日本史段階別デッキ｜Deck 1｜日本史の最重要骨格400語,JH-000219,219,Deck 1｜骨格・基礎,条約・会議・外交,日朝修好条規,にっちょうしゅうこうじょうき,,近代,東アジア,日本と朝鮮、釜山など,1876年,1876,JH-000219-B01,beginner,用語の特定,identify,江華島事件(こうかとうじけん)後、日本が朝鮮を自主国と認めつつ開港・領事裁判権などを押しつけた条約は？,日朝修好条規(にっちょうしゅうこうじょうき),日朝修好条規,,,,外務省「日本外交文書」,https://www.mofa.go.jp/mofaj/annai/honsho/shiryo/bunsho/index.html
日本史段階別デッキ｜Deck 1｜日本史の最重要骨格400語,JH-000219,219,Deck 1｜骨格・基礎,条約・会議・外交,日朝修好条規,にっちょうしゅうこうじょうき,,近代,東アジア,日本と朝鮮、釜山など,1876年,1876,JH-000219-B02,beginner,時期,time,日朝修好条規(にっちょうしゅうこうじょうき)が結ばれたのはいつ？,1876年,1876年,,,1876年：「いやな無理」（1876）と結ぶ日朝修好条規,外務省「日本外交文書」,https://www.mofa.go.jp/mofaj/annai/honsho/shiryo/bunsho/index.html
日本史段階別デッキ｜Deck 1｜日本史の最重要骨格400語,JH-000219,219,Deck 1｜骨格・基礎,条約・会議・外交,日朝修好条規,にっちょうしゅうこうじょうき,,近代,東アジア,日本と朝鮮、釜山など,1876年,1876,JH-000219-B03,beginner,内容,place,日朝修好条規(にっちょうしゅうこうじょうき)で朝鮮が開港した最初の港は？,釜山,釜山,,,,外務省「日本外交文書」,https://www.mofa.go.jp/mofaj/annai/honsho/shiryo/bunsho/index.html
日本史段階別デッキ｜Deck 1｜日本史の最重要骨格400語,JH-000219,219,Deck 1｜骨格・基礎,条約・会議・外交,日朝修好条規,にっちょうしゅうこうじょうき,,近代,東アジア,日本と朝鮮、釜山など,1876年,1876,JH-000219-R01,reverse,時期,time,結ばれたのはいつ？,**1876年**,1876年,,,1876年：「いやな無理」（1876）と結ぶ日朝修好条規,外務省「日本外交文書」,https://www.mofa.go.jp/mofaj/annai/honsho/shiryo/bunsho/index.html
日本史段階別デッキ｜Deck 1｜日本史の最重要骨格400語,JH-000219,219,Deck 1｜骨格・基礎,条約・会議・外交,日朝修好条規,にっちょうしゅうこうじょうき,,近代,東アジア,日本と朝鮮、釜山など,1876年,1876,JH-000219-R02,reverse,複合説明,reverse,何を決めた・どんな関係を作った？,江華島事件(こうかとうじけん)後、日本が朝鮮と結び、朝鮮を**自主の国**と規定し、釜山などの開港と日本の領事裁判権・沿岸測量権を認めさせた条約。,江華島事件|自主の国|釜山|領事裁判権|沿岸測量権|朝鮮進出,,,,外務省「日本外交文書」,https://www.mofa.go.jp/mofaj/annai/honsho/shiryo/bunsho/index.html
日本史段階別デッキ｜Deck 1｜日本史の最重要骨格400語,JH-000219,219,Deck 1｜骨格・基礎,条約・会議・外交,日朝修好条規,にっちょうしゅうこうじょうき,,近代,東アジア,日本と朝鮮、釜山など,1876年,1876,JH-000219-R03,reverse,結果・関連,reverse,何につながった・どんな意味があった？,日本が欧米との不平等条約に似た権利を朝鮮へ押しつけ、**朝鮮進出**を本格化する出発点となった。,江華島事件|自主の国|釜山|領事裁判権|沿岸測量権|朝鮮進出,,,,外務省「日本外交文書」,https://www.mofa.go.jp/mofaj/annai/honsho/shiryo/bunsho/index.html
日本史段階別デッキ｜Deck 1｜日本史の最重要骨格400語,JH-000219,219,Deck 1｜骨格・基礎,条約・会議・外交,日朝修好条規,にっちょうしゅうこうじょうき,,近代,東アジア,日本と朝鮮、釜山など,1876年,1876,JH-000219-I01,integrated,統合説明,integrated,「日朝修好条規(にっちょうしゅうこうじょうき)」について説明せよ。,1876年、日本と朝鮮、釜山などを主な舞台として、江華島事件(こうかとうじけん)後、日本が朝鮮と結び、朝鮮を**自主の国**と規定し、釜山などの開港と日本の領事裁判権・沿岸測量権を認めさせた条約。 日本が欧米との不平等条約に似た権利を朝鮮へ押しつけ、**朝鮮進出**を本格化する出発点となった。,江華島事件|自主の国|釜山|領事裁判権|沿岸測量権|朝鮮進出,,,1876年：「いやな無理」（1876）と結ぶ日朝修好条規,外務省「日本外交文書」,https://www.mofa.go.jp/mofaj/annai/honsho/shiryo/bunsho/index.html
日本史段階別デッキ｜Deck 1｜日本史の最重要骨格400語,JH-000331,331,Deck 1｜骨格・基礎,制度・政策・法律,廃刀令,はいとうれい,,近代,日本全国,日本全国,1876年,1876,JH-000331-B01,beginner,用語の特定,identify,軍人・警察官などを除き、士族を含む人々の帯刀を禁止した法令は？,廃刀令(はいとうれい),廃刀令,,,,国立公文書館「近代国家 日本の登場」,https://www.archives.go.jp/exhibition/digital/modean_state/index.html
日本史段階別デッキ｜Deck 1｜日本史の最重要骨格400語,JH-000331,331,Deck 1｜骨格・基礎,制度・政策・法律,廃刀令,はいとうれい,,近代,日本全国,日本全国,1876年,1876,JH-000331-B02,beginner,時期,time,廃刀令(はいとうれい)が成立・実施されたのはいつ？,1876年,1876年,,,1876年：「いやな無理」（1876）と結ぶ廃刀令,国立公文書館「近代国家 日本の登場」,https://www.archives.go.jp/exhibition/digital/modean_state/index.html
日本史段階別デッキ｜Deck 1｜日本史の最重要骨格400語,JH-000331,331,Deck 1｜骨格・基礎,制度・政策・法律,廃刀令,はいとうれい,,近代,日本全国,日本全国,1876年,1876,JH-000331-B03,beginner,内容,content,廃刀令(はいとうれい)で原則禁止された武士身分の象徴は？,帯刀,帯刀,,,,国立公文書館「近代国家 日本の登場」,https://www.archives.go.jp/exhibition/digital/modean_state/index.html
日本史段階別デッキ｜Deck 1｜日本史の最重要骨格400語,JH-000331,331,Deck 1｜骨格・基礎,制度・政策・法律,廃刀令,はいとうれい,,近代,日本全国,日本全国,1876年,1876,JH-000331-R01,reverse,時期,time,成立・実施されたのはいつ？,**1876年**,1876年,,,1876年：「いやな無理」（1876）と結ぶ廃刀令,国立公文書館「近代国家 日本の登場」,https://www.archives.go.jp/exhibition/digital/modean_state/index.html
日本史段階別デッキ｜Deck 1｜日本史の最重要骨格400語,JH-000331,331,Deck 1｜骨格・基礎,制度・政策・法律,廃刀令,はいとうれい,,近代,日本全国,日本全国,1876年,1876,JH-000331-R02,reverse,複合説明,reverse,どんな制度・政策・法律？,明治政府が軍人・警察官などを除き、士族を含む人々の**帯刀**を原則禁止した法令。,帯刀|士族|武士身分|四民平等|士族反乱,,,,国立公文書館「近代国家 日本の登場」,https://www.archives.go.jp/exhibition/digital/modean_state/index.html
日本史段階別デッキ｜Deck 1｜日本史の最重要骨格400語,JH-000331,331,Deck 1｜骨格・基礎,制度・政策・法律,廃刀令,はいとうれい,,近代,日本全国,日本全国,1876年,1876,JH-000331-R03,reverse,結果・関連,reverse,何につながった・どんな意味があった？,武士身分の外見的特権を廃し四民平等を進めたが、**士族**の不満を強める一因となった。,帯刀|士族|武士身分|四民平等|士族反乱,,,,国立公文書館「近代国家 日本の登場」,https://www.archives.go.jp/exhibition/digital/modean_state/index.html
日本史段階別デッキ｜Deck 1｜日本史の最重要骨格400語,JH-000331,331,Deck 1｜骨格・基礎,制度・政策・法律,廃刀令,はいとうれい,,近代,日本全国,日本全国,1876年,1876,JH-000331-I01,integrated,統合説明,integrated,「廃刀令(はいとうれい)」について説明せよ。,1876年、日本全国を主な舞台として、明治政府が軍人・警察官などを除き、士族を含む人々の**帯刀**を原則禁止した法令。 武士身分の外見的特権を廃し四民平等を進めたが、**士族**の不満を強める一因となった。,帯刀|士族|武士身分|四民平等|士族反乱,,,1876年：「いやな無理」（1876）と結ぶ廃刀令,国立公文書館「近代国家 日本の登場」,https://www.archives.go.jp/exhibition/digital/modean_state/index.html
日本史段階別デッキ｜Deck 1｜日本史の最重要骨格400語,JH-000149,149,Deck 1｜骨格・基礎,戦争・争乱,西南戦争,せいなんせんそう,,近代,九州,熊本・鹿児島を中心とする九州,1877年,1877,JH-000149-B01,beginner,用語の特定,identify,西郷隆盛(さいごうたかもり)を中心とする鹿児島士族が政府軍と戦い、最後の大規模士族反乱となった戦争は？,西南戦争,西南戦争,,,,国立国会図書館「史料にみる日本の近代」,https://www.ndl.go.jp/modern/
日本史段階別デッキ｜Deck 1｜日本史の最重要骨格400語,JH-000149,149,Deck 1｜骨格・基礎,戦争・争乱,西南戦争,せいなんせんそう,,近代,九州,熊本・鹿児島を中心とする九州,1877年,1877,JH-000149-B02,beginner,時期,time,西南戦争が戦われたのはいつ？,1877年,1877年,,,1877年：「嫌な内乱」（1877）西南戦争,国立国会図書館「史料にみる日本の近代」,https://www.ndl.go.jp/modern/
日本史段階別デッキ｜Deck 1｜日本史の最重要骨格400語,JH-000149,149,Deck 1｜骨格・基礎,戦争・争乱,西南戦争,せいなんせんそう,,近代,九州,熊本・鹿児島を中心とする九州,1877年,1877,JH-000149-B03,beginner,人物,person,西南戦争で反政府士族を率いた人物は？,西郷隆盛(さいごうたかもり),西郷隆盛,,,,国立国会図書館「史料にみる日本の近代」,https://www.ndl.go.jp/modern/
日本史段階別デッキ｜Deck 1｜日本史の最重要骨格400語,JH-000149,149,Deck 1｜骨格・基礎,戦争・争乱,西南戦争,せいなんせんそう,,近代,九州,熊本・鹿児島を中心とする九州,1877年,1877,JH-000149-R01,reverse,時期,time,戦われたのはいつ？,**1877年**,1877年,,,1877年：「嫌な内乱」（1877）西南戦争,国立国会図書館「史料にみる日本の近代」,https://www.ndl.go.jp/modern/
日本史段階別デッキ｜Deck 1｜日本史の最重要骨格400語,JH-000149,149,Deck 1｜骨格・基礎,戦争・争乱,西南戦争,せいなんせんそう,,近代,九州,熊本・鹿児島を中心とする九州,1877年,1877,JH-000149-R02,reverse,複合説明,reverse,何が起きた？,鹿児島の士族が**西郷隆盛(さいごうたかもり)**を中心に蜂起し、熊本城・田原坂など九州各地で政府の徴兵軍と戦った内戦。,西郷隆盛|鹿児島士族|熊本城|田原坂|徴兵軍|士族反乱,,,,国立国会図書館「史料にみる日本の近代」,https://www.ndl.go.jp/modern/
日本史段階別デッキ｜Deck 1｜日本史の最重要骨格400語,JH-000149,149,Deck 1｜骨格・基礎,戦争・争乱,西南戦争,せいなんせんそう,,近代,九州,熊本・鹿児島を中心とする九州,1877年,1877,JH-000149-R03,reverse,結果・関連,reverse,何につながった・どんな意味があった？,政府軍の勝利で**士族反乱**が終息し、徴兵制による近代軍と政府の中央集権支配が確立した。,西郷隆盛|鹿児島士族|熊本城|田原坂|徴兵軍|士族反乱,,,,国立国会図書館「史料にみる日本の近代」,https://www.ndl.go.jp/modern/
日本史段階別デッキ｜Deck 1｜日本史の最重要骨格400語,JH-000149,149,Deck 1｜骨格・基礎,戦争・争乱,西南戦争,せいなんせんそう,,近代,九州,熊本・鹿児島を中心とする九州,1877年,1877,JH-000149-I01,integrated,統合説明,integrated,「西南戦争」について説明せよ。,1877年、熊本・鹿児島を中心とする九州を主な舞台として、鹿児島の士族が**西郷隆盛(さいごうたかもり)**を中心に蜂起し、熊本城・田原坂など九州各地で政府の徴兵軍と戦った内戦。 政府軍の勝利で**士族反乱**が終息し、徴兵制による近代軍と政府の中央集権支配が確立した。,西郷隆盛|鹿児島士族|熊本城|田原坂|徴兵軍|士族反乱,,,1877年：「嫌な内乱」（1877）西南戦争,国立国会図書館「史料にみる日本の近代」,https://www.ndl.go.jp/modern/
日本史段階別デッキ｜Deck 1｜日本史の最重要骨格400語,JH-000367,367,Deck 1｜骨格・基礎,組織・政党,国会期成同盟,こっかいきせいどうめい,,近代,日本全国,大阪・東京を中心に全国,1880年,1880,JH-000367-B01,beginner,用語の特定,identify,愛国社を改称し、国会開設請願を全国的に進めた自由民権運動の組織は？,国会期成同盟(こっかいきせいどうめい),国会期成同盟,,,,国立国会図書館「史料にみる日本の近代」,https://www.ndl.go.jp/modern/
日本史段階別デッキ｜Deck 1｜日本史の最重要骨格400語,JH-000367,367,Deck 1｜骨格・基礎,組織・政党,国会期成同盟,こっかいきせいどうめい,,近代,日本全国,大阪・東京を中心に全国,1880年,1880,JH-000367-B02,beginner,時期,time,国会期成同盟(こっかいきせいどうめい)が結成・活動したのはいつ？,1880年,1880年,,,1880年：「人は晴れ」（1880）と結ぶ国会期成同盟,国立国会図書館「史料にみる日本の近代」,https://www.ndl.go.jp/modern/
日本史段階別デッキ｜Deck 1｜日本史の最重要骨格400語,JH-000367,367,Deck 1｜骨格・基礎,組織・政党,国会期成同盟,こっかいきせいどうめい,,近代,日本全国,大阪・東京を中心に全国,1880年,1880,JH-000367-B03,beginner,要求,content,国会期成同盟(こっかいきせいどうめい)が政府に求めた中心要求は？,国会開設,国会開設,,,,国立国会図書館「史料にみる日本の近代」,https://www.ndl.go.jp/modern/
日本史段階別デッキ｜Deck 1｜日本史の最重要骨格400語,JH-000367,367,Deck 1｜骨格・基礎,組織・政党,国会期成同盟,こっかいきせいどうめい,,近代,日本全国,大阪・東京を中心に全国,1880年,1880,JH-000367-R01,reverse,時期,time,結成・活動したのはいつ？,**1880年**,1880年,,,1880年：「人は晴れ」（1880）と結ぶ国会期成同盟,国立国会図書館「史料にみる日本の近代」,https://www.ndl.go.jp/modern/
日本史段階別デッキ｜Deck 1｜日本史の最重要骨格400語,JH-000367,367,Deck 1｜骨格・基礎,組織・政党,国会期成同盟,こっかいきせいどうめい,,近代,日本全国,大阪・東京を中心に全国,1880年,1880,JH-000367-R02,reverse,複合説明,reverse,何をした？,大阪で各地の民権結社が結集し、愛国社を改称して成立した、**国会開設請願**を全国的に進める組織。,愛国社|民権結社|国会開設請願|署名|国会開設の勅諭,,,,国立国会図書館「史料にみる日本の近代」,https://www.ndl.go.jp/modern/
日本史段階別デッキ｜Deck 1｜日本史の最重要骨格400語,JH-000367,367,Deck 1｜骨格・基礎,組織・政党,国会期成同盟,こっかいきせいどうめい,,近代,日本全国,大阪・東京を中心に全国,1880年,1880,JH-000367-R03,reverse,結果・関連,reverse,何につながった・どんな意味があった？,多数の請願**署名**を集め、政府に国会開設の勅諭(こっかいかいせつのちょくゆ)を出させる政治的圧力となった。,愛国社|民権結社|国会開設請願|署名|国会開設の勅諭,,,,国立国会図書館「史料にみる日本の近代」,https://www.ndl.go.jp/modern/
日本史段階別デッキ｜Deck 1｜日本史の最重要骨格400語,JH-000367,367,Deck 1｜骨格・基礎,組織・政党,国会期成同盟,こっかいきせいどうめい,,近代,日本全国,大阪・東京を中心に全国,1880年,1880,JH-000367-I01,integrated,統合説明,integrated,「国会期成同盟(こっかいきせいどうめい)」について説明せよ。,1880年、大阪・東京を中心に全国を主な舞台として、大阪で各地の民権結社が結集し、愛国社を改称して成立した、**国会開設請願**を全国的に進める組織。 多数の請願**署名**を集め、政府に国会開設の勅諭(こっかいかいせつのちょくゆ)を出させる政治的圧力となった。,愛国社|民権結社|国会開設請願|署名|国会開設の勅諭,,,1880年：「人は晴れ」（1880）と結ぶ国会期成同盟,国立国会図書館「史料にみる日本の近代」,https://www.ndl.go.jp/modern/
日本史段階別デッキ｜Deck 1｜日本史の最重要骨格400語,JH-000151,151,Deck 1｜骨格・基礎,文書・史料,国会開設の勅諭,こっかいかいせつのちょくゆ,,近代,関東,東京の明治政府,1881年,1881,JH-000151-B01,beginner,用語の特定,identify,政府が1890年に国会を開設すると約束し、自由民権運動への対応を示した天皇の文書は？,国会開設の勅諭(こっかいかいせつのちょくゆ),国会開設の勅諭,,,,国立公文書館「近代国家 日本の登場」,https://www.archives.go.jp/exhibition/digital/modean_state/index.html
日本史段階別デッキ｜Deck 1｜日本史の最重要骨格400語,JH-000151,151,Deck 1｜骨格・基礎,文書・史料,国会開設の勅諭,こっかいかいせつのちょくゆ,,近代,関東,東京の明治政府,1881年,1881,JH-000151-B02,beginner,時期,time,国会開設の勅諭(こっかいかいせつのちょくゆ)が作成・成立したのはいつ？,1881年,1881年,,,1881年：「いちはやい」（1881）国会開設の勅諭,国立公文書館「近代国家 日本の登場」,https://www.archives.go.jp/exhibition/digital/modean_state/index.html
日本史段階別デッキ｜Deck 1｜日本史の最重要骨格400語,JH-000151,151,Deck 1｜骨格・基礎,文書・史料,国会開設の勅諭,こっかいかいせつのちょくゆ,,近代,関東,東京の明治政府,1881年,1881,JH-000151-B03,beginner,時期,time,国会開設の勅諭(こっかいかいせつのちょくゆ)で国会開設が約束された年は？,1890年,1890年,,,1890年：「ひとつ役を」（1890）と結ぶ国会開設の勅諭,国立公文書館「近代国家 日本の登場」,https://www.archives.go.jp/exhibition/digital/modean_state/index.html
日本史段階別デッキ｜Deck 1｜日本史の最重要骨格400語,JH-000151,151,Deck 1｜骨格・基礎,文書・史料,国会開設の勅諭,こっかいかいせつのちょくゆ,,近代,関東,東京の明治政府,1881年,1881,JH-000151-R01,reverse,時期,time,作成・成立したのはいつ？,**1881年**,1881年,,,1881年：「いちはやい」（1881）国会開設の勅諭,国立公文書館「近代国家 日本の登場」,https://www.archives.go.jp/exhibition/digital/modean_state/index.html
日本史段階別デッキ｜Deck 1｜日本史の最重要骨格400語,JH-000151,151,Deck 1｜骨格・基礎,文書・史料,国会開設の勅諭,こっかいかいせつのちょくゆ,,近代,関東,東京の明治政府,1881年,1881,JH-000151-R02,reverse,複合説明,reverse,何が書かれている・何が分かる？,明治政府が自由民権運動の高まりを受け、**1890年に国会を開設**すると約束した天皇の文書。,自由民権運動|1890年|明治十四年の政変|憲法制定|政党|帝国議会,,,,国立公文書館「近代国家 日本の登場」,https://www.archives.go.jp/exhibition/digital/modean_state/index.html
日本史段階別デッキ｜Deck 1｜日本史の最重要骨格400語,JH-000151,151,Deck 1｜骨格・基礎,文書・史料,国会開設の勅諭,こっかいかいせつのちょくゆ,,近代,関東,東京の明治政府,1881年,1881,JH-000151-R03,reverse,結果・関連,reverse,何につながった・どんな意味があった？,**明治十四年の政変(めいじじゅうよねんのせいへん)**と結びつき、憲法制定・政党結成・帝国議会開設への政治日程を確定した。,自由民権運動|1890年|明治十四年の政変|憲法制定|政党|帝国議会,,,,国立公文書館「近代国家 日本の登場」,https://www.archives.go.jp/exhibition/digital/modean_state/index.html
日本史段階別デッキ｜Deck 1｜日本史の最重要骨格400語,JH-000151,151,Deck 1｜骨格・基礎,文書・史料,国会開設の勅諭,こっかいかいせつのちょくゆ,,近代,関東,東京の明治政府,1881年,1881,JH-000151-I01,integrated,統合説明,integrated,「国会開設の勅諭(こっかいかいせつのちょくゆ)」について説明せよ。,1881年、東京の明治政府を主な舞台として、明治政府が自由民権運動の高まりを受け、**1890年に国会を開設**すると約束した天皇の文書。 **明治十四年の政変(めいじじゅうよねんのせいへん)**と結びつき、憲法制定・政党結成・帝国議会開設への政治日程を確定した。,自由民権運動|1890年|明治十四年の政変|憲法制定|政党|帝国議会,,,1881年：「いちはやい」（1881）国会開設の勅諭|1890年：「ひとつ役を」（1890）と結ぶ国会開設の勅諭,国立公文書館「近代国家 日本の登場」,https://www.archives.go.jp/exhibition/digital/modean_state/index.html
日本史段階別デッキ｜Deck 1｜日本史の最重要骨格400語,JH-000152,152,Deck 1｜骨格・基礎,制度・政策・法律,松方財政,まつかたざいせい,,近代,日本全国,日本全国,1881〜1885年ごろ,1881,JH-000152-B01,beginner,用語の特定,identify,松方正義が紙幣整理・増税・歳出削減を進め、デフレーションを引き起こした財政政策は？,松方財政(まつかたざいせい),松方財政,,,,国立公文書館「近代国家 日本の登場」,https://www.archives.go.jp/exhibition/digital/modean_state/index.html
日本史段階別デッキ｜Deck 1｜日本史の最重要骨格400語,JH-000152,152,Deck 1｜骨格・基礎,制度・政策・法律,松方財政,まつかたざいせい,,近代,日本全国,日本全国,1881〜1885年ごろ,1881,JH-000152-B02,beginner,時期,time,松方財政(まつかたざいせい)が成立・実施されたのはいつ？,1881〜1885年ごろ,1881〜1885年ごろ,,,1881〜1885年ごろ：「いちはやい」（1881）年から「いちはやご」（1885）年までの松方財政,国立公文書館「近代国家 日本の登場」,https://www.archives.go.jp/exhibition/digital/modean_state/index.html
日本史段階別デッキ｜Deck 1｜日本史の最重要骨格400語,JH-000152,152,Deck 1｜骨格・基礎,制度・政策・法律,松方財政,まつかたざいせい,,近代,日本全国,日本全国,1881〜1885年ごろ,1881,JH-000152-B03,beginner,人物,person,松方財政(まつかたざいせい)を主導した大蔵卿は？,松方正義,松方正義,,,,国立公文書館「近代国家 日本の登場」,https://www.archives.go.jp/exhibition/digital/modean_state/index.html
日本史段階別デッキ｜Deck 1｜日本史の最重要骨格400語,JH-000152,152,Deck 1｜骨格・基礎,制度・政策・法律,松方財政,まつかたざいせい,,近代,日本全国,日本全国,1881〜1885年ごろ,1881,JH-000152-R01,reverse,時期,time,成立・実施されたのはいつ？,**1881〜1885年ごろ**,1881〜1885年ごろ,,,1881〜1885年ごろ：「いちはやい」（1881）年から「いちはやご」（1885）年までの松方財政,国立公文書館「近代国家 日本の登場」,https://www.archives.go.jp/exhibition/digital/modean_state/index.html
日本史段階別デッキ｜Deck 1｜日本史の最重要骨格400語,JH-000152,152,Deck 1｜骨格・基礎,制度・政策・法律,松方財政,まつかたざいせい,,近代,日本全国,日本全国,1881〜1885年ごろ,1881,JH-000152-R02,reverse,複合説明,reverse,どんな制度・政策・法律？,大蔵卿松方正義が紙幣を整理し、増税・歳出削減・官営事業払下げなどで**通貨価値と財政信用**を安定させた政策。,松方正義|紙幣整理|増税|歳出削減|日本銀行|松方デフレ|地主制,,,,国立公文書館「近代国家 日本の登場」,https://www.archives.go.jp/exhibition/digital/modean_state/index.html
日本史段階別デッキ｜Deck 1｜日本史の最重要骨格400語,JH-000152,152,Deck 1｜骨格・基礎,制度・政策・法律,松方財政,まつかたざいせい,,近代,日本全国,日本全国,1881〜1885年ごろ,1881,JH-000152-R03,reverse,結果・関連,reverse,何につながった・どんな意味があった？,**日本銀行**・兌換制度(だかんせいど)の基礎を整えた一方、松方デフレで農産物価格が下落し、農民没落と地主制拡大を招いた。,松方正義|紙幣整理|増税|歳出削減|日本銀行|松方デフレ|地主制,,,,国立公文書館「近代国家 日本の登場」,https://www.archives.go.jp/exhibition/digital/modean_state/index.html
日本史段階別デッキ｜Deck 1｜日本史の最重要骨格400語,JH-000152,152,Deck 1｜骨格・基礎,制度・政策・法律,松方財政,まつかたざいせい,,近代,日本全国,日本全国,1881〜1885年ごろ,1881,JH-000152-I01,integrated,統合説明,integrated,「松方財政(まつかたざいせい)」について説明せよ。,1881〜1885年ごろ、日本全国を主な舞台として、大蔵卿松方正義が紙幣を整理し、増税・歳出削減・官営事業払下げなどで**通貨価値と財政信用**を安定させた政策。 **日本銀行**・兌換制度(だかんせいど)の基礎を整えた一方、松方デフレで農産物価格が下落し、農民没落と地主制拡大を招いた。,松方正義|紙幣整理|増税|歳出削減|日本銀行|松方デフレ|地主制,,,1881〜1885年ごろ：「いちはやい」（1881）年から「いちはやご」（1885）年までの松方財政,国立公文書館「近代国家 日本の登場」,https://www.archives.go.jp/exhibition/digital/modean_state/index.html
日本史段階別デッキ｜Deck 1｜日本史の最重要骨格400語,JH-000280,280,Deck 1｜骨格・基礎,組織・政党,自由党,じゆうとう,,近代,日本全国,東京・地方農村,1881〜1884年,1881,JH-000280-B01,beginner,用語の特定,identify,板垣退助(いたがきたいすけ)を総理に結成され、フランス流の自由主義を掲げた日本最初の全国的政党は？,自由党,自由党,,,,国立国会図書館「史料にみる日本の近代」,https://www.ndl.go.jp/modern/
日本史段階別デッキ｜Deck 1｜日本史の最重要骨格400語,JH-000280,280,Deck 1｜骨格・基礎,組織・政党,自由党,じゆうとう,,近代,日本全国,東京・地方農村,1881〜1884年,1881,JH-000280-B02,beginner,時期,time,自由党が結成・活動したのはいつ？,1881〜1884年,1881〜1884年,,,1881〜1884年：「いちはやい」（1881）年から「いちはやし」（1884）年までの自由党,国立国会図書館「史料にみる日本の近代」,https://www.ndl.go.jp/modern/
日本史段階別デッキ｜Deck 1｜日本史の最重要骨格400語,JH-000280,280,Deck 1｜骨格・基礎,組織・政党,自由党,じゆうとう,,近代,日本全国,東京・地方農村,1881〜1884年,1881,JH-000280-B03,beginner,人物,person,自由党の総理は？,板垣退助(いたがきたいすけ),板垣退助,,,,国立国会図書館「史料にみる日本の近代」,https://www.ndl.go.jp/modern/
日本史段階別デッキ｜Deck 1｜日本史の最重要骨格400語,JH-000280,280,Deck 1｜骨格・基礎,組織・政党,自由党,じゆうとう,,近代,日本全国,東京・地方農村,1881〜1884年,1881,JH-000280-R01,reverse,時期,time,結成・活動したのはいつ？,**1881〜1884年**,1881〜1884年,,,1881〜1884年：「いちはやい」（1881）年から「いちはやし」（1884）年までの自由党,国立国会図書館「史料にみる日本の近代」,https://www.ndl.go.jp/modern/
日本史段階別デッキ｜Deck 1｜日本史の最重要骨格400語,JH-000280,280,Deck 1｜骨格・基礎,組織・政党,自由党,じゆうとう,,近代,日本全国,東京・地方農村,1881〜1884年,1881,JH-000280-R02,reverse,複合説明,reverse,何をした？,**板垣退助(いたがきたいすけ)**を総理として結成され、自由民権・国会開設を掲げ、地方の豪農・農民層を主な基盤とした政党。,板垣退助|自由民権|国会開設|豪農|激化事件|自由主義政党,,,,国立国会図書館「史料にみる日本の近代」,https://www.ndl.go.jp/modern/
日本史段階別デッキ｜Deck 1｜日本史の最重要骨格400語,JH-000280,280,Deck 1｜骨格・基礎,組織・政党,自由党,じゆうとう,,近代,日本全国,東京・地方農村,1881〜1884年,1881,JH-000280-R03,reverse,結果・関連,reverse,何につながった・どんな意味があった？,**激化事件**や政府弾圧、資金難の中で解党したが、後の自由主義系政党の源流となった。,板垣退助|自由民権|国会開設|豪農|激化事件|自由主義政党,,,,国立国会図書館「史料にみる日本の近代」,https://www.ndl.go.jp/modern/
日本史段階別デッキ｜Deck 1｜日本史の最重要骨格400語,JH-000280,280,Deck 1｜骨格・基礎,組織・政党,自由党,じゆうとう,,近代,日本全国,東京・地方農村,1881〜1884年,1881,JH-000280-I01,integrated,統合説明,integrated,「自由党」について説明せよ。,1881〜1884年、東京・地方農村を主な舞台として、**板垣退助(いたがきたいすけ)**を総理として結成され、自由民権・国会開設を掲げ、地方の豪農・農民層を主な基盤とした政党。 **激化事件**や政府弾圧、資金難の中で解党したが、後の自由主義系政党の源流となった。,板垣退助|自由民権|国会開設|豪農|激化事件|自由主義政党,,,1881〜1884年：「いちはやい」（1881）年から「いちはやし」（1884）年までの自由党,国立国会図書館「史料にみる日本の近代」,https://www.ndl.go.jp/modern/
日本史段階別デッキ｜Deck 1｜日本史の最重要骨格400語,JH-000368,368,Deck 1｜骨格・基礎,組織・政党,立憲改進党,りっけんかいしんとう,,近代,日本全国,東京・都市部,1882年結成,1882,JH-000368-B01,beginner,用語の特定,identify,大隈重信を総理に結成され、イギリス流議院内閣制と漸進的改革を掲げた政党は？,立憲改進党,立憲改進党,,,,国立国会図書館「史料にみる日本の近代」,https://www.ndl.go.jp/modern/
日本史段階別デッキ｜Deck 1｜日本史の最重要骨格400語,JH-000368,368,Deck 1｜骨格・基礎,組織・政党,立憲改進党,りっけんかいしんとう,,近代,日本全国,東京・都市部,1882年結成,1882,JH-000368-B02,beginner,時期,time,立憲改進党が結成・活動したのはいつ？,1882年,1882年,,,1882年：「いちはやに」（1882）と結ぶ立憲改進党,国立国会図書館「史料にみる日本の近代」,https://www.ndl.go.jp/modern/
日本史段階別デッキ｜Deck 1｜日本史の最重要骨格400語,JH-000368,368,Deck 1｜骨格・基礎,組織・政党,立憲改進党,りっけんかいしんとう,,近代,日本全国,東京・都市部,1882年結成,1882,JH-000368-B03,beginner,人物,person,立憲改進党の総理は？,大隈重信,大隈重信,,,,国立国会図書館「史料にみる日本の近代」,https://www.ndl.go.jp/modern/
日本史段階別デッキ｜Deck 1｜日本史の最重要骨格400語,JH-000368,368,Deck 1｜骨格・基礎,組織・政党,立憲改進党,りっけんかいしんとう,,近代,日本全国,東京・都市部,1882年結成,1882,JH-000368-R01,reverse,時期,time,結成・活動したのはいつ？,**1882年**,1882年,,,1882年：「いちはやに」（1882）と結ぶ立憲改進党,国立国会図書館「史料にみる日本の近代」,https://www.ndl.go.jp/modern/
日本史段階別デッキ｜Deck 1｜日本史の最重要骨格400語,JH-000368,368,Deck 1｜骨格・基礎,組織・政党,立憲改進党,りっけんかいしんとう,,近代,日本全国,東京・都市部,1882年結成,1882,JH-000368-R02,reverse,複合説明,reverse,何をした？,大隈重信を総理として結成され、都市の知識人・実業家を基盤に、**イギリス流議院内閣制**と漸進的改革を掲げた政党。,大隈重信|知識人|実業家|議院内閣制|漸進的改革|自由党,,,,国立国会図書館「史料にみる日本の近代」,https://www.ndl.go.jp/modern/
日本史段階別デッキ｜Deck 1｜日本史の最重要骨格400語,JH-000368,368,Deck 1｜骨格・基礎,組織・政党,立憲改進党,りっけんかいしんとう,,近代,日本全国,東京・都市部,1882年結成,1882,JH-000368-R03,reverse,結果・関連,reverse,何につながった・どんな意味があった？,**自由党**と並び自由民権期の政党政治を形成し、後の改進系政党へつながった。,大隈重信|知識人|実業家|議院内閣制|漸進的改革|自由党,,,,国立国会図書館「史料にみる日本の近代」,https://www.ndl.go.jp/modern/
日本史段階別デッキ｜Deck 1｜日本史の最重要骨格400語,JH-000368,368,Deck 1｜骨格・基礎,組織・政党,立憲改進党,りっけんかいしんとう,,近代,日本全国,東京・都市部,1882年結成,1882,JH-000368-I01,integrated,統合説明,integrated,「立憲改進党」について説明せよ。,1882年結成、東京・都市部を主な舞台として、大隈重信を総理として結成され、都市の知識人・実業家を基盤に、**イギリス流議院内閣制**と漸進的改革を掲げた政党。 **自由党**と並び自由民権期の政党政治を形成し、後の改進系政党へつながった。,大隈重信|知識人|実業家|議院内閣制|漸進的改革|自由党,,,1882年：「いちはやに」（1882）と結ぶ立憲改進党,国立国会図書館「史料にみる日本の近代」,https://www.ndl.go.jp/modern/
日本史段階別デッキ｜Deck 1｜日本史の最重要骨格400語,JH-000153,153,Deck 1｜骨格・基礎,人物,伊藤博文,いとうひろぶみ,,近代,日本全国,長州・東京・欧州・韓国,幕末〜明治時代,1885,JH-000153-B01,beginner,用語の特定,identify,初代内閣総理大臣となり、大日本帝国憲法(だいにっぽんていこくけんぽう)の制定を主導した長州藩出身の政治家は？,伊藤博文(いとうひろぶみ),伊藤博文,,,,国立国会図書館「近代日本人の肖像」,https://www.ndl.go.jp/portrait/
日本史段階別デッキ｜Deck 1｜日本史の最重要骨格400語,JH-000153,153,Deck 1｜骨格・基礎,人物,伊藤博文,いとうひろぶみ,,近代,日本全国,長州・東京・欧州・韓国,幕末〜明治時代,1885,JH-000153-B02,beginner,時期,time,伊藤博文(いとうひろぶみ)が主に活動したのはいつ？,幕末〜明治時代,幕末〜明治時代,,,,国立国会図書館「近代日本人の肖像」,https://www.ndl.go.jp/portrait/
日本史段階別デッキ｜Deck 1｜日本史の最重要骨格400語,JH-000153,153,Deck 1｜骨格・基礎,人物,伊藤博文,いとうひろぶみ,,近代,日本全国,長州・東京・欧州・韓国,幕末〜明治時代,1885,JH-000153-B03,beginner,役職,content,伊藤博文(いとうひろぶみ)が就任した日本最初の官職は？,初代内閣総理大臣,初代内閣総理大臣,,,,国立国会図書館「近代日本人の肖像」,https://www.ndl.go.jp/portrait/
日本史段階別デッキ｜Deck 1｜日本史の最重要骨格400語,JH-000153,153,Deck 1｜骨格・基礎,人物,伊藤博文,いとうひろぶみ,,近代,日本全国,長州・東京・欧州・韓国,幕末〜明治時代,1885,JH-000153-R01,reverse,時期,time,主に活動したのはいつ？,**幕末〜明治時代**,幕末〜明治時代,,,,国立国会図書館「近代日本人の肖像」,https://www.ndl.go.jp/portrait/
日本史段階別デッキ｜Deck 1｜日本史の最重要骨格400語,JH-000153,153,Deck 1｜骨格・基礎,人物,伊藤博文,いとうひろぶみ,,近代,日本全国,長州・東京・欧州・韓国,幕末〜明治時代,1885,JH-000153-R02,reverse,複合説明,reverse,何をした？,長州藩出身で欧州の憲法制度を調査し、**初代内閣総理大臣**として大日本帝国憲法(だいにっぽんていこくけんぽう)の制定を主導した政治家。,長州藩|欧州憲法調査|初代内閣総理大臣|大日本帝国憲法|立憲政友会|韓国統監,,,,国立国会図書館「近代日本人の肖像」,https://www.ndl.go.jp/portrait/
日本史段階別デッキ｜Deck 1｜日本史の最重要骨格400語,JH-000153,153,Deck 1｜骨格・基礎,人物,伊藤博文,いとうひろぶみ,,近代,日本全国,長州・東京・欧州・韓国,幕末〜明治時代,1885,JH-000153-R03,reverse,結果・関連,reverse,何につながった・どんな意味があった？,**立憲政友会**を結成し政党政治にも関わった一方、韓国統監として植民地化を進めた。,長州藩|欧州憲法調査|初代内閣総理大臣|大日本帝国憲法|立憲政友会|韓国統監,,,,国立国会図書館「近代日本人の肖像」,https://www.ndl.go.jp/portrait/
日本史段階別デッキ｜Deck 1｜日本史の最重要骨格400語,JH-000153,153,Deck 1｜骨格・基礎,人物,伊藤博文,いとうひろぶみ,,近代,日本全国,長州・東京・欧州・韓国,幕末〜明治時代,1885,JH-000153-I01,integrated,統合説明,integrated,「伊藤博文(いとうひろぶみ)」について説明せよ。,幕末〜明治時代、長州・東京・欧州・韓国を主な舞台として、長州藩出身で欧州の憲法制度を調査し、**初代内閣総理大臣**として大日本帝国憲法(だいにっぽんていこくけんぽう)の制定を主導した政治家。 **立憲政友会**を結成し政党政治にも関わった一方、韓国統監として植民地化を進めた。,長州藩|欧州憲法調査|初代内閣総理大臣|大日本帝国憲法|立憲政友会|韓国統監,,,,国立国会図書館「近代日本人の肖像」,https://www.ndl.go.jp/portrait/
日本史段階別デッキ｜Deck 1｜日本史の最重要骨格400語,JH-000042,42,Deck 1｜骨格・基礎,制度・政策・法律,大日本帝国憲法,だいにっぽんていこくけんぽう,,近代,日本全国,東京の宮中と日本全国,1889年発布,1889,JH-000042-B01,beginner,用語の特定,identify,天皇が臣民へ与える欽定憲法として発布され、天皇主権・帝国議会などを定めた憲法は？,大日本帝国憲法(だいにっぽんていこくけんぽう),大日本帝国憲法,,,,国立国会図書館「日本国憲法の誕生」,https://www.ndl.go.jp/constitution/
日本史段階別デッキ｜Deck 1｜日本史の最重要骨格400語,JH-000042,42,Deck 1｜骨格・基礎,制度・政策・法律,大日本帝国憲法,だいにっぽんていこくけんぽう,,近代,日本全国,東京の宮中と日本全国,1889年発布,1889,JH-000042-B02,beginner,時期,time,大日本帝国憲法(だいにっぽんていこくけんぽう)が成立・実施されたのはいつ？,1889年,1889年,,,1889年：「いちはやく」（1889）大日本帝国憲法,国立国会図書館「日本国憲法の誕生」,https://www.ndl.go.jp/constitution/
日本史段階別デッキ｜Deck 1｜日本史の最重要骨格400語,JH-000042,42,Deck 1｜骨格・基礎,制度・政策・法律,大日本帝国憲法,だいにっぽんていこくけんぽう,,近代,日本全国,東京の宮中と日本全国,1889年発布,1889,JH-000042-B03,beginner,内容,content,大日本帝国憲法(だいにっぽんていこくけんぽう)が採用した主権原理は？,天皇主権,天皇主権,,,,国立国会図書館「日本国憲法の誕生」,https://www.ndl.go.jp/constitution/
日本史段階別デッキ｜Deck 1｜日本史の最重要骨格400語,JH-000042,42,Deck 1｜骨格・基礎,制度・政策・法律,大日本帝国憲法,だいにっぽんていこくけんぽう,,近代,日本全国,東京の宮中と日本全国,1889年発布,1889,JH-000042-R01,reverse,時期,time,成立・実施されたのはいつ？,**1889年**,1889年,,,1889年：「いちはやく」（1889）大日本帝国憲法,国立国会図書館「日本国憲法の誕生」,https://www.ndl.go.jp/constitution/
日本史段階別デッキ｜Deck 1｜日本史の最重要骨格400語,JH-000042,42,Deck 1｜骨格・基礎,制度・政策・法律,大日本帝国憲法,だいにっぽんていこくけんぽう,,近代,日本全国,東京の宮中と日本全国,1889年発布,1889,JH-000042-R02,reverse,複合説明,reverse,どんな制度・政策・法律？,東京の宮中で発布された欽定憲法で、**天皇主権**、統帥権、国務大臣の輔弼(ほひつ)、帝国議会などを定めた。,欽定憲法|天皇主権|統帥権|国務大臣|帝国議会|臣民の権利|天皇大権,,,,国立国会図書館「日本国憲法の誕生」,https://www.ndl.go.jp/constitution/
日本史段階別デッキ｜Deck 1｜日本史の最重要骨格400語,JH-000042,42,Deck 1｜骨格・基礎,制度・政策・法律,大日本帝国憲法,だいにっぽんていこくけんぽう,,近代,日本全国,東京の宮中と日本全国,1889年発布,1889,JH-000042-R03,reverse,結果・関連,reverse,何につながった・どんな意味があった？,立憲政治の法的枠組みを整えたが、**臣民の権利**は法律の範囲内とされ、天皇大権が強く保障された。,欽定憲法|天皇主権|統帥権|国務大臣|帝国議会|臣民の権利|天皇大権,,,,国立国会図書館「日本国憲法の誕生」,https://www.ndl.go.jp/constitution/
日本史段階別デッキ｜Deck 1｜日本史の最重要骨格400語,JH-000042,42,Deck 1｜骨格・基礎,制度・政策・法律,大日本帝国憲法,だいにっぽんていこくけんぽう,,近代,日本全国,東京の宮中と日本全国,1889年発布,1889,JH-000042-I01,integrated,統合説明,integrated,「大日本帝国憲法(だいにっぽんていこくけんぽう)」について説明せよ。,1889年発布、東京の宮中と日本全国を主な舞台として、東京の宮中で発布された欽定憲法で、**天皇主権**、統帥権、国務大臣の輔弼(ほひつ)、帝国議会などを定めた。 立憲政治の法的枠組みを整えたが、**臣民の権利**は法律の範囲内とされ、天皇大権が強く保障された。,欽定憲法|天皇主権|統帥権|国務大臣|帝国議会|臣民の権利|天皇大権,,,1889年：「いちはやく」（1889）大日本帝国憲法,国立国会図書館「日本国憲法の誕生」,https://www.ndl.go.jp/constitution/
日本史段階別デッキ｜Deck 1｜日本史の最重要骨格400語,JH-000043,43,Deck 1｜骨格・基礎,朝廷・政権・幕府,帝国議会,ていこくぎかい,,近代,日本全国,東京,1890〜1947年,1890,JH-000043-B01,beginner,用語の特定,identify,大日本帝国憲法(だいにっぽんていこくけんぽう)下で、衆議院と貴族院の二院から構成された議会は？,帝国議会,帝国議会,,,,国立公文書館「近代国家 日本の登場」,https://www.archives.go.jp/exhibition/digital/modean_state/index.html
日本史段階別デッキ｜Deck 1｜日本史の最重要骨格400語,JH-000043,43,Deck 1｜骨格・基礎,朝廷・政権・幕府,帝国議会,ていこくぎかい,,近代,日本全国,東京,1890〜1947年,1890,JH-000043-B02,beginner,時期,time,帝国議会が存在・機能したのはいつ？,1890〜1947年,1890〜1947年,,,1890〜1947年：「ひとつ役を」（1890）から「行くよな」（1947）まで帝国議会,国立公文書館「近代国家 日本の登場」,https://www.archives.go.jp/exhibition/digital/modean_state/index.html
日本史段階別デッキ｜Deck 1｜日本史の最重要骨格400語,JH-000043,43,Deck 1｜骨格・基礎,朝廷・政権・幕府,帝国議会,ていこくぎかい,,近代,日本全国,東京,1890〜1947年,1890,JH-000043-B03,beginner,構成,content,帝国議会を構成した二院は？,衆議院・貴族院,衆議院・貴族院,,,,国立公文書館「近代国家 日本の登場」,https://www.archives.go.jp/exhibition/digital/modean_state/index.html
日本史段階別デッキ｜Deck 1｜日本史の最重要骨格400語,JH-000043,43,Deck 1｜骨格・基礎,朝廷・政権・幕府,帝国議会,ていこくぎかい,,近代,日本全国,東京,1890〜1947年,1890,JH-000043-R01,reverse,時期,time,存在・機能したのはいつ？,**1890〜1947年**,1890〜1947年,,,1890〜1947年：「ひとつ役を」（1890）から「行くよな」（1947）まで帝国議会,国立公文書館「近代国家 日本の登場」,https://www.archives.go.jp/exhibition/digital/modean_state/index.html
日本史段階別デッキ｜Deck 1｜日本史の最重要骨格400語,JH-000043,43,Deck 1｜骨格・基礎,朝廷・政権・幕府,帝国議会,ていこくぎかい,,近代,日本全国,東京,1890〜1947年,1890,JH-000043-R02,reverse,複合説明,reverse,何をした？,大日本帝国憲法(だいにっぽんていこくけんぽう)に基づき東京で開設され、**衆議院と貴族院**からなる二院制の立法機関。,大日本帝国憲法|衆議院|貴族院|二院制|法律|予算|政党,,,,国立公文書館「近代国家 日本の登場」,https://www.archives.go.jp/exhibition/digital/modean_state/index.html
日本史段階別デッキ｜Deck 1｜日本史の最重要骨格400語,JH-000043,43,Deck 1｜骨格・基礎,朝廷・政権・幕府,帝国議会,ていこくぎかい,,近代,日本全国,東京,1890〜1947年,1890,JH-000043-R03,reverse,結果・関連,reverse,何につながった・どんな意味があった？,**法律**・予算の協賛権を持ち、藩閥政府と政党の対立・妥協を通じて近代日本の議会政治を形成した。,大日本帝国憲法|衆議院|貴族院|二院制|法律|予算|政党,,,,国立公文書館「近代国家 日本の登場」,https://www.archives.go.jp/exhibition/digital/modean_state/index.html
日本史段階別デッキ｜Deck 1｜日本史の最重要骨格400語,JH-000043,43,Deck 1｜骨格・基礎,朝廷・政権・幕府,帝国議会,ていこくぎかい,,近代,日本全国,東京,1890〜1947年,1890,JH-000043-I01,integrated,統合説明,integrated,「帝国議会」について説明せよ。,1890〜1947年、東京を主な舞台として、大日本帝国憲法(だいにっぽんていこくけんぽう)に基づき東京で開設され、**衆議院と貴族院**からなる二院制の立法機関。 **法律**・予算の協賛権を持ち、藩閥政府と政党の対立・妥協を通じて近代日本の議会政治を形成した。,大日本帝国憲法|衆議院|貴族院|二院制|法律|予算|政党,,,1890〜1947年：「ひとつ役を」（1890）から「行くよな」（1947）まで帝国議会,国立公文書館「近代国家 日本の登場」,https://www.archives.go.jp/exhibition/digital/modean_state/index.html
日本史段階別デッキ｜Deck 1｜日本史の最重要骨格400語,JH-000154,154,Deck 1｜骨格・基礎,文書・史料,教育勅語,きょういくちょくご,,近代,日本全国,学校・家庭・軍隊,1890年,1890,JH-000154-B01,beginner,用語の特定,identify,忠君愛国・孝行・友愛などを徳目として示し、学校教育で奉読された天皇の文書は？,教育勅語(きょういくちょくご),教育勅語,,,,国立公文書館「近代国家 日本の登場」,https://www.archives.go.jp/exhibition/digital/modean_state/index.html
日本史段階別デッキ｜Deck 1｜日本史の最重要骨格400語,JH-000154,154,Deck 1｜骨格・基礎,文書・史料,教育勅語,きょういくちょくご,,近代,日本全国,学校・家庭・軍隊,1890年,1890,JH-000154-B02,beginner,時期,time,教育勅語(きょういくちょくご)が作成・成立したのはいつ？,1890年,1890年,,,1890年：「ひとつ役を」（1890）と結ぶ教育勅語,国立公文書館「近代国家 日本の登場」,https://www.archives.go.jp/exhibition/digital/modean_state/index.html
日本史段階別デッキ｜Deck 1｜日本史の最重要骨格400語,JH-000154,154,Deck 1｜骨格・基礎,文書・史料,教育勅語,きょういくちょくご,,近代,日本全国,学校・家庭・軍隊,1890年,1890,JH-000154-B03,beginner,内容,content,教育勅語(きょういくちょくご)が教育の中心に置いた国家道徳は？,忠君愛国,忠君愛国,,,,国立公文書館「近代国家 日本の登場」,https://www.archives.go.jp/exhibition/digital/modean_state/index.html
日本史段階別デッキ｜Deck 1｜日本史の最重要骨格400語,JH-000154,154,Deck 1｜骨格・基礎,文書・史料,教育勅語,きょういくちょくご,,近代,日本全国,学校・家庭・軍隊,1890年,1890,JH-000154-R01,reverse,時期,time,作成・成立したのはいつ？,**1890年**,1890年,,,1890年：「ひとつ役を」（1890）と結ぶ教育勅語,国立公文書館「近代国家 日本の登場」,https://www.archives.go.jp/exhibition/digital/modean_state/index.html
日本史段階別デッキ｜Deck 1｜日本史の最重要骨格400語,JH-000154,154,Deck 1｜骨格・基礎,文書・史料,教育勅語,きょういくちょくご,,近代,日本全国,学校・家庭・軍隊,1890年,1890,JH-000154-R02,reverse,複合説明,reverse,何が書かれている・何が分かる？,明治天皇の名で発布され、学校・家庭・軍隊を通じて**忠君愛国・孝行・友愛**などを国民道徳として示した文書。,明治天皇|忠君愛国|孝行|友愛|国民道徳|御真影|天皇制国家,,,,国立公文書館「近代国家 日本の登場」,https://www.archives.go.jp/exhibition/digital/modean_state/index.html
日本史段階別デッキ｜Deck 1｜日本史の最重要骨格400語,JH-000154,154,Deck 1｜骨格・基礎,文書・史料,教育勅語,きょういくちょくご,,近代,日本全国,学校・家庭・軍隊,1890年,1890,JH-000154-R03,reverse,結果・関連,reverse,何につながった・どんな意味があった？,天皇制国家の道徳教育の中心となり、**御真影(ごしんえい)**とともに学校儀式で神聖視された。,明治天皇|忠君愛国|孝行|友愛|国民道徳|御真影|天皇制国家,,,,国立公文書館「近代国家 日本の登場」,https://www.archives.go.jp/exhibition/digital/modean_state/index.html
日本史段階別デッキ｜Deck 1｜日本史の最重要骨格400語,JH-000154,154,Deck 1｜骨格・基礎,文書・史料,教育勅語,きょういくちょくご,,近代,日本全国,学校・家庭・軍隊,1890年,1890,JH-000154-I01,integrated,統合説明,integrated,「教育勅語(きょういくちょくご)」について説明せよ。,1890年、学校・家庭・軍隊を主な舞台として、明治天皇の名で発布され、学校・家庭・軍隊を通じて**忠君愛国・孝行・友愛**などを国民道徳として示した文書。 天皇制国家の道徳教育の中心となり、**御真影(ごしんえい)**とともに学校儀式で神聖視された。,明治天皇|忠君愛国|孝行|友愛|国民道徳|御真影|天皇制国家,,,1890年：「ひとつ役を」（1890）と結ぶ教育勅語,国立公文書館「近代国家 日本の登場」,https://www.archives.go.jp/exhibition/digital/modean_state/index.html
日本史段階別デッキ｜Deck 1｜日本史の最重要骨格400語,JH-000184,184,Deck 1｜骨格・基礎,朝廷・政権・幕府,衆議院,しゅうぎいん,,近代,日本全国,東京・帝国議会,1890年以後,1890,JH-000184-B01,beginner,用語の特定,identify,帝国議会で、制限選挙によって選ばれた議員から構成された民選の議院は？,衆議院,衆議院,,,,国立公文書館「近代国家 日本の登場」,https://www.archives.go.jp/exhibition/digital/modean_state/index.html
日本史段階別デッキ｜Deck 1｜日本史の最重要骨格400語,JH-000184,184,Deck 1｜骨格・基礎,朝廷・政権・幕府,衆議院,しゅうぎいん,,近代,日本全国,東京・帝国議会,1890年以後,1890,JH-000184-B02,beginner,時期,time,衆議院が存在・機能したのはいつ？,1890年以後,1890年以後,,,1890年以後：「ひとつ役を」（1890）年から続く衆議院,国立公文書館「近代国家 日本の登場」,https://www.archives.go.jp/exhibition/digital/modean_state/index.html
日本史段階別デッキ｜Deck 1｜日本史の最重要骨格400語,JH-000184,184,Deck 1｜骨格・基礎,朝廷・政権・幕府,衆議院,しゅうぎいん,,近代,日本全国,東京・帝国議会,1890年以後,1890,JH-000184-B03,beginner,制度,content,衆議院の議員を選ぶ方法は？,選挙,選挙,,,,国立公文書館「近代国家 日本の登場」,https://www.archives.go.jp/exhibition/digital/modean_state/index.html
日本史段階別デッキ｜Deck 1｜日本史の最重要骨格400語,JH-000184,184,Deck 1｜骨格・基礎,朝廷・政権・幕府,衆議院,しゅうぎいん,,近代,日本全国,東京・帝国議会,1890年以後,1890,JH-000184-R01,reverse,時期,time,存在・機能したのはいつ？,**1890年以後**,1890年以後,,,1890年以後：「ひとつ役を」（1890）年から続く衆議院,国立公文書館「近代国家 日本の登場」,https://www.archives.go.jp/exhibition/digital/modean_state/index.html
日本史段階別デッキ｜Deck 1｜日本史の最重要骨格400語,JH-000184,184,Deck 1｜骨格・基礎,朝廷・政権・幕府,衆議院,しゅうぎいん,,近代,日本全国,東京・帝国議会,1890年以後,1890,JH-000184-R02,reverse,複合説明,reverse,何をした？,帝国議会の一院で、当初は納税額などで限定された**選挙**によって選ばれる議員から構成された。,帝国議会|制限選挙|選挙|予算|法律|政党|普通選挙法,,,,国立公文書館「近代国家 日本の登場」,https://www.archives.go.jp/exhibition/digital/modean_state/index.html
日本史段階別デッキ｜Deck 1｜日本史の最重要骨格400語,JH-000184,184,Deck 1｜骨格・基礎,朝廷・政権・幕府,衆議院,しゅうぎいん,,近代,日本全国,東京・帝国議会,1890年以後,1890,JH-000184-R03,reverse,結果・関連,reverse,何につながった・どんな意味があった？,予算・法律審議を通じて民意と政党を政治へ反映し、普通**選挙**法後に有権者を拡大した。,帝国議会|制限選挙|選挙|予算|法律|政党|普通選挙法,,,,国立公文書館「近代国家 日本の登場」,https://www.archives.go.jp/exhibition/digital/modean_state/index.html
日本史段階別デッキ｜Deck 1｜日本史の最重要骨格400語,JH-000184,184,Deck 1｜骨格・基礎,朝廷・政権・幕府,衆議院,しゅうぎいん,,近代,日本全国,東京・帝国議会,1890年以後,1890,JH-000184-I01,integrated,統合説明,integrated,「衆議院」について説明せよ。,1890年以後、東京・帝国議会を主な舞台として、帝国議会の一院で、当初は納税額などで限定された**選挙**によって選ばれる議員から構成された。 予算・法律審議を通じて民意と政党を政治へ反映し、普通**選挙**法後に有権者を拡大した。,帝国議会|制限選挙|選挙|予算|法律|政党|普通選挙法,,,1890年以後：「ひとつ役を」（1890）年から続く衆議院,国立公文書館「近代国家 日本の登場」,https://www.archives.go.jp/exhibition/digital/modean_state/index.html
日本史段階別デッキ｜Deck 1｜日本史の最重要骨格400語,JH-000312,312,Deck 1｜骨格・基礎,朝廷・政権・幕府,貴族院,きぞくいん,,近代,日本全国,東京・帝国議会,1890〜1947年,1890,JH-000312-B01,beginner,用語の特定,identify,帝国議会で、皇族・華族・勅任議員・多額納税者議員などから構成された議院は？,貴族院,貴族院,,,,国立公文書館「近代国家 日本の登場」,https://www.archives.go.jp/exhibition/digital/modean_state/index.html
日本史段階別デッキ｜Deck 1｜日本史の最重要骨格400語,JH-000312,312,Deck 1｜骨格・基礎,朝廷・政権・幕府,貴族院,きぞくいん,,近代,日本全国,東京・帝国議会,1890〜1947年,1890,JH-000312-B02,beginner,時期,time,貴族院が存在・機能したのはいつ？,1890〜1947年,1890〜1947年,,,1890〜1947年：「ひとつ役を」（1890）年から「行くよな」（1947）年までの貴族院,国立公文書館「近代国家 日本の登場」,https://www.archives.go.jp/exhibition/digital/modean_state/index.html
日本史段階別デッキ｜Deck 1｜日本史の最重要骨格400語,JH-000312,312,Deck 1｜骨格・基礎,朝廷・政権・幕府,貴族院,きぞくいん,,近代,日本全国,東京・帝国議会,1890〜1947年,1890,JH-000312-B03,beginner,構成,actor,貴族院の主要な構成層を一つ答えよ。,華族,華族,皇族|勅任議員|多額納税者議員,,,国立公文書館「近代国家 日本の登場」,https://www.archives.go.jp/exhibition/digital/modean_state/index.html
日本史段階別デッキ｜Deck 1｜日本史の最重要骨格400語,JH-000312,312,Deck 1｜骨格・基礎,朝廷・政権・幕府,貴族院,きぞくいん,,近代,日本全国,東京・帝国議会,1890〜1947年,1890,JH-000312-R01,reverse,時期,time,存在・機能したのはいつ？,**1890〜1947年**,1890〜1947年,,,1890〜1947年：「ひとつ役を」（1890）年から「行くよな」（1947）年までの貴族院,国立公文書館「近代国家 日本の登場」,https://www.archives.go.jp/exhibition/digital/modean_state/index.html
日本史段階別デッキ｜Deck 1｜日本史の最重要骨格400語,JH-000312,312,Deck 1｜骨格・基礎,朝廷・政権・幕府,貴族院,きぞくいん,,近代,日本全国,東京・帝国議会,1890〜1947年,1890,JH-000312-R02,reverse,複合説明,reverse,何をした？,帝国議会の一院で、**皇族・華族・勅任議員・多額納税者議員**など、選挙だけによらない議員から構成された。,皇族|華族|勅任議員|多額納税者議員|衆議院|政府|官僚,,,,国立公文書館「近代国家 日本の登場」,https://www.archives.go.jp/exhibition/digital/modean_state/index.html
日本史段階別デッキ｜Deck 1｜日本史の最重要骨格400語,JH-000312,312,Deck 1｜骨格・基礎,朝廷・政権・幕府,貴族院,きぞくいん,,近代,日本全国,東京・帝国議会,1890〜1947年,1890,JH-000312-R03,reverse,結果・関連,reverse,何につながった・どんな意味があった？,**衆議院**と同等の立法権限を持ち、政府・官僚・上層社会の影響力を議会内で支えた。,皇族|華族|勅任議員|多額納税者議員|衆議院|政府|官僚,,,,国立公文書館「近代国家 日本の登場」,https://www.archives.go.jp/exhibition/digital/modean_state/index.html
日本史段階別デッキ｜Deck 1｜日本史の最重要骨格400語,JH-000312,312,Deck 1｜骨格・基礎,朝廷・政権・幕府,貴族院,きぞくいん,,近代,日本全国,東京・帝国議会,1890〜1947年,1890,JH-000312-I01,integrated,統合説明,integrated,「貴族院」について説明せよ。,1890〜1947年、東京・帝国議会を主な舞台として、帝国議会の一院で、**皇族・華族・勅任議員・多額納税者議員**など、選挙だけによらない議員から構成された。 **衆議院**と同等の立法権限を持ち、政府・官僚・上層社会の影響力を議会内で支えた。,皇族|華族|勅任議員|多額納税者議員|衆議院|政府|官僚,,,1890〜1947年：「ひとつ役を」（1890）年から「行くよな」（1947）年までの貴族院,国立公文書館「近代国家 日本の登場」,https://www.archives.go.jp/exhibition/digital/modean_state/index.html
日本史段階別デッキ｜Deck 1｜日本史の最重要骨格400語,JH-000045,45,Deck 1｜骨格・基礎,戦争・争乱,日清戦争,にっしんせんそう,,近代,東アジア,朝鮮半島・黄海・遼東半島・台湾,1894〜1895年,1894,JH-000045-B01,beginner,用語の特定,identify,朝鮮をめぐる対立から日本と清が戦い、日本が勝利して下関条約を結んだ戦争は？,日清戦争,日清戦争,,,,国立公文書館 アジア歴史資料センター,https://www.jacar.go.jp/
日本史段階別デッキ｜Deck 1｜日本史の最重要骨格400語,JH-000045,45,Deck 1｜骨格・基礎,戦争・争乱,日清戦争,にっしんせんそう,,近代,東アジア,朝鮮半島・黄海・遼東半島・台湾,1894〜1895年,1894,JH-000045-B02,beginner,時期,time,日清戦争が戦われたのはいつ？,1894〜1895年,1894〜1895年,,,1894〜1895年：「一躍よ」（1894）から「一躍後」（1895）まで日清戦争,国立公文書館 アジア歴史資料センター,https://www.jacar.go.jp/
日本史段階別デッキ｜Deck 1｜日本史の最重要骨格400語,JH-000045,45,Deck 1｜骨格・基礎,戦争・争乱,日清戦争,にっしんせんそう,,近代,東アジア,朝鮮半島・黄海・遼東半島・台湾,1894〜1895年,1894,JH-000045-B03,beginner,条約,relation,日清戦争の講和条約は？,下関条約,下関条約,,,,国立公文書館 アジア歴史資料センター,https://www.jacar.go.jp/
日本史段階別デッキ｜Deck 1｜日本史の最重要骨格400語,JH-000045,45,Deck 1｜骨格・基礎,戦争・争乱,日清戦争,にっしんせんそう,,近代,東アジア,朝鮮半島・黄海・遼東半島・台湾,1894〜1895年,1894,JH-000045-R01,reverse,時期,time,戦われたのはいつ？,**1894〜1895年**,1894〜1895年,,,1894〜1895年：「一躍よ」（1894）から「一躍後」（1895）まで日清戦争,国立公文書館 アジア歴史資料センター,https://www.jacar.go.jp/
日本史段階別デッキ｜Deck 1｜日本史の最重要骨格400語,JH-000045,45,Deck 1｜骨格・基礎,戦争・争乱,日清戦争,にっしんせんそう,,近代,東アジア,朝鮮半島・黄海・遼東半島・台湾,1894〜1895年,1894,JH-000045-R02,reverse,複合説明,reverse,何が起きた？,朝鮮の**東学農民運動**を契機に日本と清が出兵し、朝鮮半島・黄海・遼東半島(りょうとうはんとう)などで戦った戦争。,東学農民運動|日本|清|朝鮮半島|下関条約|台湾|賠償金|帝国主義,,,,国立公文書館 アジア歴史資料センター,https://www.jacar.go.jp/
日本史段階別デッキ｜Deck 1｜日本史の最重要骨格400語,JH-000045,45,Deck 1｜骨格・基礎,戦争・争乱,日清戦争,にっしんせんそう,,近代,東アジア,朝鮮半島・黄海・遼東半島・台湾,1894〜1895年,1894,JH-000045-R03,reverse,結果・関連,reverse,何につながった・どんな意味があった？,日本の勝利後に**下関条約**が結ばれ、台湾割譲・賠償金獲得と朝鮮への影響力拡大を通じて、日本の帝国主義化を進めた。,東学農民運動|日本|清|朝鮮半島|下関条約|台湾|賠償金|帝国主義,,,,国立公文書館 アジア歴史資料センター,https://www.jacar.go.jp/
日本史段階別デッキ｜Deck 1｜日本史の最重要骨格400語,JH-000045,45,Deck 1｜骨格・基礎,戦争・争乱,日清戦争,にっしんせんそう,,近代,東アジア,朝鮮半島・黄海・遼東半島・台湾,1894〜1895年,1894,JH-000045-I01,integrated,統合説明,integrated,「日清戦争」について説明せよ。,1894〜1895年、朝鮮半島・黄海・遼東半島・台湾を主な舞台として、朝鮮の**東学農民運動**を契機に日本と清が出兵し、朝鮮半島・黄海・遼東半島(りょうとうはんとう)などで戦った戦争。 日本の勝利後に**下関条約**が結ばれ、台湾割譲・賠償金獲得と朝鮮への影響力拡大を通じて、日本の帝国主義化を進めた。,東学農民運動|日本|清|朝鮮半島|下関条約|台湾|賠償金|帝国主義,,,1894〜1895年：「一躍よ」（1894）から「一躍後」（1895）まで日清戦争,国立公文書館 アジア歴史資料センター,https://www.jacar.go.jp/
日本史段階別デッキ｜Deck 1｜日本史の最重要骨格400語,JH-000220,220,Deck 1｜骨格・基礎,条約・会議・外交,日英通商航海条約,にちえいつうしょうこうかいじょうやく,,近代,欧米,日本とイギリス,1894年調印・1899年発効,1894,JH-000220-B01,beginner,用語の特定,identify,陸奥宗光(むつむねみつ)外相がイギリスと結び、領事裁判権撤廃を実現した条約は？,日英通商航海条約,日英通商航海条約,,,,外務省「日本外交文書」,https://www.mofa.go.jp/mofaj/annai/honsho/shiryo/bunsho/index.html
日本史段階別デッキ｜Deck 1｜日本史の最重要骨格400語,JH-000220,220,Deck 1｜骨格・基礎,条約・会議・外交,日英通商航海条約,にちえいつうしょうこうかいじょうやく,,近代,欧米,日本とイギリス,1894年調印・1899年発効,1894,JH-000220-B02,beginner,時期,time,日英通商航海条約が調印・発効したのはいつ？,1894年調印・1899年発効,1894年調印・1899年発効,,,1894年調印・1899年発効：「一躍よ」（1894）に日英通商航海条約調印、「一躍くくる」（1899）に発効,外務省「日本外交文書」,https://www.mofa.go.jp/mofaj/annai/honsho/shiryo/bunsho/index.html
日本史段階別デッキ｜Deck 1｜日本史の最重要骨格400語,JH-000220,220,Deck 1｜骨格・基礎,条約・会議・外交,日英通商航海条約,にちえいつうしょうこうかいじょうやく,,近代,欧米,日本とイギリス,1894年調印・1899年発効,1894,JH-000220-B03,beginner,内容,content,日英通商航海条約で撤廃された不平等な権利は？,領事裁判権,領事裁判権,,,,外務省「日本外交文書」,https://www.mofa.go.jp/mofaj/annai/honsho/shiryo/bunsho/index.html
日本史段階別デッキ｜Deck 1｜日本史の最重要骨格400語,JH-000220,220,Deck 1｜骨格・基礎,条約・会議・外交,日英通商航海条約,にちえいつうしょうこうかいじょうやく,,近代,欧米,日本とイギリス,1894年調印・1899年発効,1894,JH-000220-R01,reverse,時期,time,調印・発効したのはいつ？,**1894年調印・1899年発効**,1894年調印・1899年発効,,,1894年調印・1899年発効：「一躍よ」（1894）に日英通商航海条約調印、「一躍くくる」（1899）に発効,外務省「日本外交文書」,https://www.mofa.go.jp/mofaj/annai/honsho/shiryo/bunsho/index.html
日本史段階別デッキ｜Deck 1｜日本史の最重要骨格400語,JH-000220,220,Deck 1｜骨格・基礎,条約・会議・外交,日英通商航海条約,にちえいつうしょうこうかいじょうやく,,近代,欧米,日本とイギリス,1894年調印・1899年発効,1894,JH-000220-R02,reverse,複合説明,reverse,何を決めた・どんな関係を作った？,陸奥宗光(むつむねみつ)外相が日本とイギリスの間で結び、**領事裁判権の撤廃**と相互の内地開放を定めた条約。,陸奥宗光|イギリス|領事裁判権撤廃|内地開放|不平等条約,,,,外務省「日本外交文書」,https://www.mofa.go.jp/mofaj/annai/honsho/shiryo/bunsho/index.html
日本史段階別デッキ｜Deck 1｜日本史の最重要骨格400語,JH-000220,220,Deck 1｜骨格・基礎,条約・会議・外交,日英通商航海条約,にちえいつうしょうこうかいじょうやく,,近代,欧米,日本とイギリス,1894年調印・1899年発効,1894,JH-000220-R03,reverse,結果・関連,reverse,何につながった・どんな意味があった？,欧米諸国との同様の改正を導き、**不平等条約**改正の大きな第一段階を実現した。,陸奥宗光|イギリス|領事裁判権撤廃|内地開放|不平等条約,,,,外務省「日本外交文書」,https://www.mofa.go.jp/mofaj/annai/honsho/shiryo/bunsho/index.html
日本史段階別デッキ｜Deck 1｜日本史の最重要骨格400語,JH-000220,220,Deck 1｜骨格・基礎,条約・会議・外交,日英通商航海条約,にちえいつうしょうこうかいじょうやく,,近代,欧米,日本とイギリス,1894年調印・1899年発効,1894,JH-000220-I01,integrated,統合説明,integrated,「日英通商航海条約」について説明せよ。,1894年調印・1899年発効、日本とイギリスを主な舞台として、陸奥宗光(むつむねみつ)外相が日本とイギリスの間で結び、**領事裁判権の撤廃**と相互の内地開放を定めた条約。 欧米諸国との同様の改正を導き、**不平等条約**改正の大きな第一段階を実現した。,陸奥宗光|イギリス|領事裁判権撤廃|内地開放|不平等条約,,,1894年調印・1899年発効：「一躍よ」（1894）に日英通商航海条約調印、「一躍くくる」（1899）に発効,外務省「日本外交文書」,https://www.mofa.go.jp/mofaj/annai/honsho/shiryo/bunsho/index.html
日本史段階別デッキ｜Deck 1｜日本史の最重要骨格400語,JH-000259,259,Deck 1｜骨格・基礎,人物,陸奥宗光,むつむねみつ,,近代,欧米,日本・イギリスなど,明治時代,1894,JH-000259-B01,beginner,用語の特定,identify,外相として日英通商航海条約を結び、領事裁判権撤廃を実現した人物は？,陸奥宗光(むつむねみつ),陸奥宗光,,,,国立国会図書館「近代日本人の肖像」,https://www.ndl.go.jp/portrait/
日本史段階別デッキ｜Deck 1｜日本史の最重要骨格400語,JH-000259,259,Deck 1｜骨格・基礎,人物,陸奥宗光,むつむねみつ,,近代,欧米,日本・イギリスなど,明治時代,1894,JH-000259-B02,beginner,時期,time,陸奥宗光(むつむねみつ)が主に活動したのはいつ？,明治時代,明治時代,,,,国立国会図書館「近代日本人の肖像」,https://www.ndl.go.jp/portrait/
日本史段階別デッキ｜Deck 1｜日本史の最重要骨格400語,JH-000259,259,Deck 1｜骨格・基礎,人物,陸奥宗光,むつむねみつ,,近代,欧米,日本・イギリスなど,明治時代,1894,JH-000259-B03,beginner,外交成果,content,陸奥宗光(むつむねみつ)が実現した条約改正の成果は？,領事裁判権撤廃,領事裁判権撤廃,,,,国立国会図書館「近代日本人の肖像」,https://www.ndl.go.jp/portrait/
日本史段階別デッキ｜Deck 1｜日本史の最重要骨格400語,JH-000259,259,Deck 1｜骨格・基礎,人物,陸奥宗光,むつむねみつ,,近代,欧米,日本・イギリスなど,明治時代,1894,JH-000259-R01,reverse,時期,time,主に活動したのはいつ？,**明治時代**,明治時代,,,,国立国会図書館「近代日本人の肖像」,https://www.ndl.go.jp/portrait/
日本史段階別デッキ｜Deck 1｜日本史の最重要骨格400語,JH-000259,259,Deck 1｜骨格・基礎,人物,陸奥宗光,むつむねみつ,,近代,欧米,日本・イギリスなど,明治時代,1894,JH-000259-R02,reverse,複合説明,reverse,何をした？,外務大臣としてイギリスと**日英通商航海条約**を結び、欧米諸国との領事裁判権撤廃を実現した外交官。,外務大臣|日英通商航海条約|領事裁判権撤廃|日清戦争|下関条約,,,,国立国会図書館「近代日本人の肖像」,https://www.ndl.go.jp/portrait/
日本史段階別デッキ｜Deck 1｜日本史の最重要骨格400語,JH-000259,259,Deck 1｜骨格・基礎,人物,陸奥宗光,むつむねみつ,,近代,欧米,日本・イギリスなど,明治時代,1894,JH-000259-R03,reverse,結果・関連,reverse,何につながった・どんな意味があった？,条約改正を大きく前進させ、**日清戦争**期の外交と下関条約交渉も担った。,外務大臣|日英通商航海条約|領事裁判権撤廃|日清戦争|下関条約,,,,国立国会図書館「近代日本人の肖像」,https://www.ndl.go.jp/portrait/
日本史段階別デッキ｜Deck 1｜日本史の最重要骨格400語,JH-000259,259,Deck 1｜骨格・基礎,人物,陸奥宗光,むつむねみつ,,近代,欧米,日本・イギリスなど,明治時代,1894,JH-000259-I01,integrated,統合説明,integrated,「陸奥宗光(むつむねみつ)」について説明せよ。,明治時代、日本・イギリスなどを主な舞台として、外務大臣としてイギリスと**日英通商航海条約**を結び、欧米諸国との領事裁判権撤廃を実現した外交官。 条約改正を大きく前進させ、**日清戦争**期の外交と下関条約交渉も担った。,外務大臣|日英通商航海条約|領事裁判権撤廃|日清戦争|下関条約,,,,国立国会図書館「近代日本人の肖像」,https://www.ndl.go.jp/portrait/
日本史段階別デッキ｜Deck 1｜日本史の最重要骨格400語,JH-000155,155,Deck 1｜骨格・基礎,条約・会議・外交,下関条約,しものせきじょうやく,,近代,東アジア,下関、日本・清・朝鮮・台湾・遼東半島,1895年,1895,JH-000155-B01,beginner,用語の特定,identify,日清戦争後、清が朝鮮の独立を認め、台湾・遼東半島(りょうとうはんとう)などを日本へ割譲した講和条約は？,下関条約,下関条約,,,,外務省「日本外交文書」,https://www.mofa.go.jp/mofaj/annai/honsho/shiryo/bunsho/index.html
日本史段階別デッキ｜Deck 1｜日本史の最重要骨格400語,JH-000155,155,Deck 1｜骨格・基礎,条約・会議・外交,下関条約,しものせきじょうやく,,近代,東アジア,下関、日本・清・朝鮮・台湾・遼東半島,1895年,1895,JH-000155-B02,beginner,時期,time,下関条約が結ばれたのはいつ？,1895年,1895年,,,1895年：「一躍後」（1895）と結ぶ下関条約,外務省「日本外交文書」,https://www.mofa.go.jp/mofaj/annai/honsho/shiryo/bunsho/index.html
日本史段階別デッキ｜Deck 1｜日本史の最重要骨格400語,JH-000155,155,Deck 1｜骨格・基礎,条約・会議・外交,下関条約,しものせきじょうやく,,近代,東アジア,下関、日本・清・朝鮮・台湾・遼東半島,1895年,1895,JH-000155-B03,beginner,内容,place,下関条約で日本が清から得た領土を一つ答えよ。,台湾,台湾,澎湖諸島|遼東半島,,,外務省「日本外交文書」,https://www.mofa.go.jp/mofaj/annai/honsho/shiryo/bunsho/index.html
日本史段階別デッキ｜Deck 1｜日本史の最重要骨格400語,JH-000155,155,Deck 1｜骨格・基礎,条約・会議・外交,下関条約,しものせきじょうやく,,近代,東アジア,下関、日本・清・朝鮮・台湾・遼東半島,1895年,1895,JH-000155-R01,reverse,時期,time,結ばれたのはいつ？,**1895年**,1895年,,,1895年：「一躍後」（1895）と結ぶ下関条約,外務省「日本外交文書」,https://www.mofa.go.jp/mofaj/annai/honsho/shiryo/bunsho/index.html
日本史段階別デッキ｜Deck 1｜日本史の最重要骨格400語,JH-000155,155,Deck 1｜骨格・基礎,条約・会議・外交,下関条約,しものせきじょうやく,,近代,東アジア,下関、日本・清・朝鮮・台湾・遼東半島,1895年,1895,JH-000155-R02,reverse,複合説明,reverse,何を決めた・どんな関係を作った？,下関で日本と清が結び、清が**朝鮮の独立**を認め、日本へ台湾・澎湖諸島(ほうこしょとう)・遼東半島(りょうとうはんとう)を割譲し賠償金を支払うとした条約。,朝鮮の独立|台湾|澎湖諸島|遼東半島|賠償金|三国干渉,,,,外務省「日本外交文書」,https://www.mofa.go.jp/mofaj/annai/honsho/shiryo/bunsho/index.html
日本史段階別デッキ｜Deck 1｜日本史の最重要骨格400語,JH-000155,155,Deck 1｜骨格・基礎,条約・会議・外交,下関条約,しものせきじょうやく,,近代,東アジア,下関、日本・清・朝鮮・台湾・遼東半島,1895年,1895,JH-000155-R03,reverse,結果・関連,reverse,何につながった・どんな意味があった？,日本の植民地帝国化と産業資本育成を進めたが、**遼東半島(りょうとうはんとう)**は三国干渉(さんごくかんしょう)で返還させられた。,朝鮮の独立|台湾|澎湖諸島|遼東半島|賠償金|三国干渉,,,,外務省「日本外交文書」,https://www.mofa.go.jp/mofaj/annai/honsho/shiryo/bunsho/index.html
日本史段階別デッキ｜Deck 1｜日本史の最重要骨格400語,JH-000155,155,Deck 1｜骨格・基礎,条約・会議・外交,下関条約,しものせきじょうやく,,近代,東アジア,下関、日本・清・朝鮮・台湾・遼東半島,1895年,1895,JH-000155-I01,integrated,統合説明,integrated,「下関条約」について説明せよ。,1895年、下関、日本・清・朝鮮・台湾・遼東半島を主な舞台として、下関で日本と清が結び、清が**朝鮮の独立**を認め、日本へ台湾・澎湖諸島(ほうこしょとう)・遼東半島(りょうとうはんとう)を割譲し賠償金を支払うとした条約。 日本の植民地帝国化と産業資本育成を進めたが、**遼東半島(りょうとうはんとう)**は三国干渉(さんごくかんしょう)で返還させられた。,朝鮮の独立|台湾|澎湖諸島|遼東半島|賠償金|三国干渉,,,1895年：「一躍後」（1895）と結ぶ下関条約,外務省「日本外交文書」,https://www.mofa.go.jp/mofaj/annai/honsho/shiryo/bunsho/index.html
日本史段階別デッキ｜Deck 1｜日本史の最重要骨格400語,JH-000156,156,Deck 1｜骨格・基礎,条約・会議・外交,三国干渉,さんごくかんしょう,,近代,欧米,ロシア・ドイツ・フランスと日本、中国東北部,1895年,1895,JH-000156-B01,beginner,用語の特定,identify,ロシア・ドイツ・フランスが日本へ遼東半島(りょうとうはんとう)返還を勧告した外交圧力は？,三国干渉(さんごくかんしょう),三国干渉,,,,外務省「日本外交文書」,https://www.mofa.go.jp/mofaj/annai/honsho/shiryo/bunsho/index.html
日本史段階別デッキ｜Deck 1｜日本史の最重要骨格400語,JH-000156,156,Deck 1｜骨格・基礎,条約・会議・外交,三国干渉,さんごくかんしょう,,近代,欧米,ロシア・ドイツ・フランスと日本、中国東北部,1895年,1895,JH-000156-B02,beginner,時期,time,三国干渉(さんごくかんしょう)が行われたのはいつ？,1895年,1895年,,,1895年：「一躍後」（1895）と結ぶ三国干渉,外務省「日本外交文書」,https://www.mofa.go.jp/mofaj/annai/honsho/shiryo/bunsho/index.html
日本史段階別デッキ｜Deck 1｜日本史の最重要骨格400語,JH-000156,156,Deck 1｜骨格・基礎,条約・会議・外交,三国干渉,さんごくかんしょう,,近代,欧米,ロシア・ドイツ・フランスと日本、中国東北部,1895年,1895,JH-000156-B03,beginner,関係国,actor,三国干渉(さんごくかんしょう)を行った三国は？,ロシア・ドイツ・フランス,ロシア・ドイツ・フランス,,,,外務省「日本外交文書」,https://www.mofa.go.jp/mofaj/annai/honsho/shiryo/bunsho/index.html
日本史段階別デッキ｜Deck 1｜日本史の最重要骨格400語,JH-000156,156,Deck 1｜骨格・基礎,条約・会議・外交,三国干渉,さんごくかんしょう,,近代,欧米,ロシア・ドイツ・フランスと日本、中国東北部,1895年,1895,JH-000156-R01,reverse,時期,time,行われたのはいつ？,**1895年**,1895年,,,1895年：「一躍後」（1895）と結ぶ三国干渉,外務省「日本外交文書」,https://www.mofa.go.jp/mofaj/annai/honsho/shiryo/bunsho/index.html
日本史段階別デッキ｜Deck 1｜日本史の最重要骨格400語,JH-000156,156,Deck 1｜骨格・基礎,条約・会議・外交,三国干渉,さんごくかんしょう,,近代,欧米,ロシア・ドイツ・フランスと日本、中国東北部,1895年,1895,JH-000156-R02,reverse,複合説明,reverse,何を決めた・どんな関係を作った？,ロシア・ドイツ・フランスが、日本の遼東半島(りょうとうはんとう)領有は東アジアの平和を脅かすとして**返還**を求めた外交圧力。,ロシア|ドイツ|フランス|遼東半島返還|臥薪嘗胆|軍備拡張,,,,外務省「日本外交文書」,https://www.mofa.go.jp/mofaj/annai/honsho/shiryo/bunsho/index.html
日本史段階別デッキ｜Deck 1｜日本史の最重要骨格400語,JH-000156,156,Deck 1｜骨格・基礎,条約・会議・外交,三国干渉,さんごくかんしょう,,近代,欧米,ロシア・ドイツ・フランスと日本、中国東北部,1895年,1895,JH-000156-R03,reverse,結果・関連,reverse,何につながった・どんな意味があった？,日本は清へ遼東半島(りょうとうはんとう)を返還し、臥薪嘗胆(がしんしょうたん)の世論と軍備拡張、**ロシア**への反感が強まった。,ロシア|ドイツ|フランス|遼東半島返還|臥薪嘗胆|軍備拡張,,,,外務省「日本外交文書」,https://www.mofa.go.jp/mofaj/annai/honsho/shiryo/bunsho/index.html
日本史段階別デッキ｜Deck 1｜日本史の最重要骨格400語,JH-000156,156,Deck 1｜骨格・基礎,条約・会議・外交,三国干渉,さんごくかんしょう,,近代,欧米,ロシア・ドイツ・フランスと日本、中国東北部,1895年,1895,JH-000156-I01,integrated,統合説明,integrated,「三国干渉(さんごくかんしょう)」について説明せよ。,1895年、ロシア・ドイツ・フランスと日本、中国東北部を主な舞台として、ロシア・ドイツ・フランスが、日本の遼東半島(りょうとうはんとう)領有は東アジアの平和を脅かすとして**返還**を求めた外交圧力。 日本は清へ遼東半島(りょうとうはんとう)を返還し、臥薪嘗胆(がしんしょうたん)の世論と軍備拡張、**ロシア**への反感が強まった。,ロシア|ドイツ|フランス|遼東半島返還|臥薪嘗胆|軍備拡張,,,1895年：「一躍後」（1895）と結ぶ三国干渉,外務省「日本外交文書」,https://www.mofa.go.jp/mofaj/annai/honsho/shiryo/bunsho/index.html
日本史段階別デッキ｜Deck 1｜日本史の最重要骨格400語,JH-000281,281,Deck 1｜骨格・基礎,組織・政党,立憲政友会,りっけんせいゆうかい,,近代,日本全国,東京・全国,1900年結成,1900,JH-000281-B01,beginner,用語の特定,identify,伊藤博文(いとうひろぶみ)が旧自由党系勢力と官僚を結集して結成した政党は？,立憲政友会,立憲政友会,,,,国立国会図書館「史料にみる日本の近代」,https://www.ndl.go.jp/modern/
日本史段階別デッキ｜Deck 1｜日本史の最重要骨格400語,JH-000281,281,Deck 1｜骨格・基礎,組織・政党,立憲政友会,りっけんせいゆうかい,,近代,日本全国,東京・全国,1900年結成,1900,JH-000281-B02,beginner,時期,time,立憲政友会が結成・活動したのはいつ？,1900年,1900年,,,1900年：「行くぞ丸々」（1900）と結ぶ立憲政友会,国立国会図書館「史料にみる日本の近代」,https://www.ndl.go.jp/modern/
日本史段階別デッキ｜Deck 1｜日本史の最重要骨格400語,JH-000281,281,Deck 1｜骨格・基礎,組織・政党,立憲政友会,りっけんせいゆうかい,,近代,日本全国,東京・全国,1900年結成,1900,JH-000281-B03,beginner,人物,person,立憲政友会の初代総裁は？,伊藤博文(いとうひろぶみ),伊藤博文,,,,国立国会図書館「史料にみる日本の近代」,https://www.ndl.go.jp/modern/
日本史段階別デッキ｜Deck 1｜日本史の最重要骨格400語,JH-000281,281,Deck 1｜骨格・基礎,組織・政党,立憲政友会,りっけんせいゆうかい,,近代,日本全国,東京・全国,1900年結成,1900,JH-000281-R01,reverse,時期,time,結成・活動したのはいつ？,**1900年**,1900年,,,1900年：「行くぞ丸々」（1900）と結ぶ立憲政友会,国立国会図書館「史料にみる日本の近代」,https://www.ndl.go.jp/modern/
日本史段階別デッキ｜Deck 1｜日本史の最重要骨格400語,JH-000281,281,Deck 1｜骨格・基礎,組織・政党,立憲政友会,りっけんせいゆうかい,,近代,日本全国,東京・全国,1900年結成,1900,JH-000281-R02,reverse,複合説明,reverse,何をした？,伊藤博文(いとうひろぶみ)が旧自由党系政治家と官僚を結集して結成し、**衆議院多数派と政府の協力**を目指した政党。,伊藤博文|旧自由党|官僚|衆議院|原敬|政党内閣,,,,国立国会図書館「史料にみる日本の近代」,https://www.ndl.go.jp/modern/
日本史段階別デッキ｜Deck 1｜日本史の最重要骨格400語,JH-000281,281,Deck 1｜骨格・基礎,組織・政党,立憲政友会,りっけんせいゆうかい,,近代,日本全国,東京・全国,1900年結成,1900,JH-000281-R03,reverse,結果・関連,reverse,何につながった・どんな意味があった？,**原敬(はらたかし)**のもとで地方組織を拡大し、戦前の政党内閣と二大政党政治の中心となった。,伊藤博文|旧自由党|官僚|衆議院|原敬|政党内閣,,,,国立国会図書館「史料にみる日本の近代」,https://www.ndl.go.jp/modern/
日本史段階別デッキ｜Deck 1｜日本史の最重要骨格400語,JH-000281,281,Deck 1｜骨格・基礎,組織・政党,立憲政友会,りっけんせいゆうかい,,近代,日本全国,東京・全国,1900年結成,1900,JH-000281-I01,integrated,統合説明,integrated,「立憲政友会」について説明せよ。,1900年結成、東京・全国を主な舞台として、伊藤博文(いとうひろぶみ)が旧自由党系政治家と官僚を結集して結成し、**衆議院多数派と政府の協力**を目指した政党。 **原敬(はらたかし)**のもとで地方組織を拡大し、戦前の政党内閣と二大政党政治の中心となった。,伊藤博文|旧自由党|官僚|衆議院|原敬|政党内閣,,,1900年：「行くぞ丸々」（1900）と結ぶ立憲政友会,国立国会図書館「史料にみる日本の近代」,https://www.ndl.go.jp/modern/
日本史段階別デッキ｜Deck 1｜日本史の最重要骨格400語,JH-000157,157,Deck 1｜骨格・基礎,条約・会議・外交,日英同盟,にちえいどうめい,,近代,欧米,日本とイギリス、東アジア,1902年,1902,JH-000157-B01,beginner,用語の特定,identify,ロシアの東アジア進出に対抗し、日本とイギリスが結んだ軍事的同盟は？,日英同盟,日英同盟,,,,外務省「日本外交文書」,https://www.mofa.go.jp/mofaj/annai/honsho/shiryo/bunsho/index.html
日本史段階別デッキ｜Deck 1｜日本史の最重要骨格400語,JH-000157,157,Deck 1｜骨格・基礎,条約・会議・外交,日英同盟,にちえいどうめい,,近代,欧米,日本とイギリス、東アジア,1902年,1902,JH-000157-B02,beginner,時期,time,日英同盟が結ばれたのはいつ？,1902年,1902年,,,1902年：「日暮れに」（1902）と結ぶ日英同盟,外務省「日本外交文書」,https://www.mofa.go.jp/mofaj/annai/honsho/shiryo/bunsho/index.html
日本史段階別デッキ｜Deck 1｜日本史の最重要骨格400語,JH-000157,157,Deck 1｜骨格・基礎,条約・会議・外交,日英同盟,にちえいどうめい,,近代,欧米,日本とイギリス、東アジア,1902年,1902,JH-000157-B03,beginner,関係国,actor,日英同盟が主に警戒した国は？,ロシア,ロシア,,,,外務省「日本外交文書」,https://www.mofa.go.jp/mofaj/annai/honsho/shiryo/bunsho/index.html
日本史段階別デッキ｜Deck 1｜日本史の最重要骨格400語,JH-000157,157,Deck 1｜骨格・基礎,条約・会議・外交,日英同盟,にちえいどうめい,,近代,欧米,日本とイギリス、東アジア,1902年,1902,JH-000157-R01,reverse,時期,time,結ばれたのはいつ？,**1902年**,1902年,,,1902年：「日暮れに」（1902）と結ぶ日英同盟,外務省「日本外交文書」,https://www.mofa.go.jp/mofaj/annai/honsho/shiryo/bunsho/index.html
日本史段階別デッキ｜Deck 1｜日本史の最重要骨格400語,JH-000157,157,Deck 1｜骨格・基礎,条約・会議・外交,日英同盟,にちえいどうめい,,近代,欧米,日本とイギリス、東アジア,1902年,1902,JH-000157-R02,reverse,複合説明,reverse,何を決めた・どんな関係を作った？,**日本**とイギリスが、清・朝鮮における利益を相互承認し、複数国との戦争時には参戦することを定めた同盟。,日本|イギリス|清|朝鮮|ロシア|日露戦争,,,,外務省「日本外交文書」,https://www.mofa.go.jp/mofaj/annai/honsho/shiryo/bunsho/index.html
日本史段階別デッキ｜Deck 1｜日本史の最重要骨格400語,JH-000157,157,Deck 1｜骨格・基礎,条約・会議・外交,日英同盟,にちえいどうめい,,近代,欧米,日本とイギリス、東アジア,1902年,1902,JH-000157-R03,reverse,結果・関連,reverse,何につながった・どんな意味があった？,日本の国際的孤立を解消し、**ロシアへの対抗**と日露戦争遂行を外交面で支えた。,日本|イギリス|清|朝鮮|ロシア|日露戦争,,,,外務省「日本外交文書」,https://www.mofa.go.jp/mofaj/annai/honsho/shiryo/bunsho/index.html
日本史段階別デッキ｜Deck 1｜日本史の最重要骨格400語,JH-000157,157,Deck 1｜骨格・基礎,条約・会議・外交,日英同盟,にちえいどうめい,,近代,欧米,日本とイギリス、東アジア,1902年,1902,JH-000157-I01,integrated,統合説明,integrated,「日英同盟」について説明せよ。,1902年、日本とイギリス、東アジアを主な舞台として、**日本**とイギリスが、清・朝鮮における利益を相互承認し、複数国との戦争時には参戦することを定めた同盟。 日本の国際的孤立を解消し、**ロシアへの対抗**と日露戦争遂行を外交面で支えた。,日本|イギリス|清|朝鮮|ロシア|日露戦争,,,1902年：「日暮れに」（1902）と結ぶ日英同盟,外務省「日本外交文書」,https://www.mofa.go.jp/mofaj/annai/honsho/shiryo/bunsho/index.html
日本史段階別デッキ｜Deck 1｜日本史の最重要骨格400語,JH-000046,46,Deck 1｜骨格・基礎,戦争・争乱,日露戦争,にちろせんそう,,近代,東アジア,朝鮮半島・満州南部・日本海,1904〜1905年,1904,JH-000046-B01,beginner,用語の特定,identify,朝鮮・満州をめぐり日本とロシアが戦い、ポーツマス条約で終結した戦争は？,日露戦争,日露戦争,,,,国立公文書館 アジア歴史資料センター,https://www.jacar.go.jp/
日本史段階別デッキ｜Deck 1｜日本史の最重要骨格400語,JH-000046,46,Deck 1｜骨格・基礎,戦争・争乱,日露戦争,にちろせんそう,,近代,東アジア,朝鮮半島・満州南部・日本海,1904〜1905年,1904,JH-000046-B02,beginner,時期,time,日露戦争が戦われたのはいつ？,1904〜1905年,1904〜1905年,,,1904〜1905年：「行くわよ」（1904）から「行くわ後」（1905）まで日露戦争,国立公文書館 アジア歴史資料センター,https://www.jacar.go.jp/
日本史段階別デッキ｜Deck 1｜日本史の最重要骨格400語,JH-000046,46,Deck 1｜骨格・基礎,戦争・争乱,日露戦争,にちろせんそう,,近代,東アジア,朝鮮半島・満州南部・日本海,1904〜1905年,1904,JH-000046-B03,beginner,条約,relation,日露戦争の講和条約は？,ポーツマス条約,ポーツマス条約,,,,国立公文書館 アジア歴史資料センター,https://www.jacar.go.jp/
日本史段階別デッキ｜Deck 1｜日本史の最重要骨格400語,JH-000046,46,Deck 1｜骨格・基礎,戦争・争乱,日露戦争,にちろせんそう,,近代,東アジア,朝鮮半島・満州南部・日本海,1904〜1905年,1904,JH-000046-R01,reverse,時期,time,戦われたのはいつ？,**1904〜1905年**,1904〜1905年,,,1904〜1905年：「行くわよ」（1904）から「行くわ後」（1905）まで日露戦争,国立公文書館 アジア歴史資料センター,https://www.jacar.go.jp/
日本史段階別デッキ｜Deck 1｜日本史の最重要骨格400語,JH-000046,46,Deck 1｜骨格・基礎,戦争・争乱,日露戦争,にちろせんそう,,近代,東アジア,朝鮮半島・満州南部・日本海,1904〜1905年,1904,JH-000046-R02,reverse,複合説明,reverse,何が起きた？,**朝鮮**と満州をめぐる対立から、日本とロシアが朝鮮半島・満州南部・日本海で戦った戦争。,朝鮮|満州|ロシア|ポーツマス条約|韓国への優越権|南満州|南樺太|帝国主義,,,,国立公文書館 アジア歴史資料センター,https://www.jacar.go.jp/
日本史段階別デッキ｜Deck 1｜日本史の最重要骨格400語,JH-000046,46,Deck 1｜骨格・基礎,戦争・争乱,日露戦争,にちろせんそう,,近代,東アジア,朝鮮半島・満州南部・日本海,1904〜1905年,1904,JH-000046-R03,reverse,結果・関連,reverse,何につながった・どんな意味があった？,日本は勝利したものの大きな犠牲と戦費を負い、**ポーツマス条約**で韓国への優越権・南満州権益・南樺太(みなみからふと)を得て帝国主義を拡大した。,朝鮮|満州|ロシア|ポーツマス条約|韓国への優越権|南満州|南樺太|帝国主義,,,,国立公文書館 アジア歴史資料センター,https://www.jacar.go.jp/
日本史段階別デッキ｜Deck 1｜日本史の最重要骨格400語,JH-000046,46,Deck 1｜骨格・基礎,戦争・争乱,日露戦争,にちろせんそう,,近代,東アジア,朝鮮半島・満州南部・日本海,1904〜1905年,1904,JH-000046-I01,integrated,統合説明,integrated,「日露戦争」について説明せよ。,1904〜1905年、朝鮮半島・満州南部・日本海を主な舞台として、**朝鮮**と満州をめぐる対立から、日本とロシアが朝鮮半島・満州南部・日本海で戦った戦争。 日本は勝利したものの大きな犠牲と戦費を負い、**ポーツマス条約**で韓国への優越権・南満州権益・南樺太(みなみからふと)を得て帝国主義を拡大した。,朝鮮|満州|ロシア|ポーツマス条約|韓国への優越権|南満州|南樺太|帝国主義,,,1904〜1905年：「行くわよ」（1904）から「行くわ後」（1905）まで日露戦争,国立公文書館 アジア歴史資料センター,https://www.jacar.go.jp/
日本史段階別デッキ｜Deck 1｜日本史の最重要骨格400語,JH-000158,158,Deck 1｜骨格・基礎,条約・会議・外交,ポーツマス条約,ぽーつますじょうやく,,近代,欧米,アメリカ・ポーツマス、日本・ロシア・東アジア,1905年,1905,JH-000158-B01,beginner,用語の特定,identify,日露戦争後、アメリカの仲介で日本とロシアが結んだ講和条約は？,ポーツマス条約,ポーツマス条約,,,,外務省「日本外交文書」,https://www.mofa.go.jp/mofaj/annai/honsho/shiryo/bunsho/index.html
日本史段階別デッキ｜Deck 1｜日本史の最重要骨格400語,JH-000158,158,Deck 1｜骨格・基礎,条約・会議・外交,ポーツマス条約,ぽーつますじょうやく,,近代,欧米,アメリカ・ポーツマス、日本・ロシア・東アジア,1905年,1905,JH-000158-B02,beginner,時期,time,ポーツマス条約が結ばれたのはいつ？,1905年,1905年,,,1905年：「行くわ後」（1905）と結ぶポーツマス条約,外務省「日本外交文書」,https://www.mofa.go.jp/mofaj/annai/honsho/shiryo/bunsho/index.html
日本史段階別デッキ｜Deck 1｜日本史の最重要骨格400語,JH-000158,158,Deck 1｜骨格・基礎,条約・会議・外交,ポーツマス条約,ぽーつますじょうやく,,近代,欧米,アメリカ・ポーツマス、日本・ロシア・東アジア,1905年,1905,JH-000158-B03,beginner,内容,place,ポーツマス条約で日本が獲得したロシアの樺太(からふと)の範囲は？,北緯50度以南,北緯50度以南,,,,外務省「日本外交文書」,https://www.mofa.go.jp/mofaj/annai/honsho/shiryo/bunsho/index.html
日本史段階別デッキ｜Deck 1｜日本史の最重要骨格400語,JH-000158,158,Deck 1｜骨格・基礎,条約・会議・外交,ポーツマス条約,ぽーつますじょうやく,,近代,欧米,アメリカ・ポーツマス、日本・ロシア・東アジア,1905年,1905,JH-000158-R01,reverse,時期,time,結ばれたのはいつ？,**1905年**,1905年,,,1905年：「行くわ後」（1905）と結ぶポーツマス条約,外務省「日本外交文書」,https://www.mofa.go.jp/mofaj/annai/honsho/shiryo/bunsho/index.html
日本史段階別デッキ｜Deck 1｜日本史の最重要骨格400語,JH-000158,158,Deck 1｜骨格・基礎,条約・会議・外交,ポーツマス条約,ぽーつますじょうやく,,近代,欧米,アメリカ・ポーツマス、日本・ロシア・東アジア,1905年,1905,JH-000158-R02,reverse,複合説明,reverse,何を決めた・どんな関係を作った？,アメリカのポーツマスで日本とロシアが結び、ロシアが日本の韓国における優越権を認め、**南満州の権益と南樺太(みなみからふと)**を日本へ譲った条約。,アメリカ|韓国への優越権|南満州権益|南樺太|賠償金なし|日比谷焼打ち事件,,,,外務省「日本外交文書」,https://www.mofa.go.jp/mofaj/annai/honsho/shiryo/bunsho/index.html
日本史段階別デッキ｜Deck 1｜日本史の最重要骨格400語,JH-000158,158,Deck 1｜骨格・基礎,条約・会議・外交,ポーツマス条約,ぽーつますじょうやく,,近代,欧米,アメリカ・ポーツマス、日本・ロシア・東アジア,1905年,1905,JH-000158-R03,reverse,結果・関連,reverse,何につながった・どんな意味があった？,賠償金が得られず**日比谷焼打ち事件**を招いたが、日本の大陸進出と韓国併合を加速させた。,アメリカ|韓国への優越権|南満州権益|南樺太|賠償金なし|日比谷焼打ち事件,,,,外務省「日本外交文書」,https://www.mofa.go.jp/mofaj/annai/honsho/shiryo/bunsho/index.html
日本史段階別デッキ｜Deck 1｜日本史の最重要骨格400語,JH-000158,158,Deck 1｜骨格・基礎,条約・会議・外交,ポーツマス条約,ぽーつますじょうやく,,近代,欧米,アメリカ・ポーツマス、日本・ロシア・東アジア,1905年,1905,JH-000158-I01,integrated,統合説明,integrated,「ポーツマス条約」について説明せよ。,1905年、アメリカ・ポーツマス、日本・ロシア・東アジアを主な舞台として、アメリカのポーツマスで日本とロシアが結び、ロシアが日本の韓国における優越権を認め、**南満州の権益と南樺太(みなみからふと)**を日本へ譲った条約。 賠償金が得られず**日比谷焼打ち事件**を招いたが、日本の大陸進出と韓国併合を加速させた。,アメリカ|韓国への優越権|南満州権益|南樺太|賠償金なし|日比谷焼打ち事件,,,1905年：「行くわ後」（1905）と結ぶポーツマス条約,外務省「日本外交文書」,https://www.mofa.go.jp/mofaj/annai/honsho/shiryo/bunsho/index.html
日本史段階別デッキ｜Deck 1｜日本史の最重要骨格400語,JH-000260,260,Deck 1｜骨格・基礎,人物,小村寿太郎,こむらじゅたろう,,近代,欧米,日本・アメリカ・欧米諸国,明治時代,1905,JH-000260-B01,beginner,用語の特定,identify,外相としてポーツマス条約を調印し、関税自主権の完全回復を実現した外交官は？,小村寿太郎(こむらじゅたろう),小村寿太郎,,,,国立国会図書館「近代日本人の肖像」,https://www.ndl.go.jp/portrait/
日本史段階別デッキ｜Deck 1｜日本史の最重要骨格400語,JH-000260,260,Deck 1｜骨格・基礎,人物,小村寿太郎,こむらじゅたろう,,近代,欧米,日本・アメリカ・欧米諸国,明治時代,1905,JH-000260-B02,beginner,時期,time,小村寿太郎(こむらじゅたろう)が主に活動したのはいつ？,明治時代,明治時代,,,,国立国会図書館「近代日本人の肖像」,https://www.ndl.go.jp/portrait/
日本史段階別デッキ｜Deck 1｜日本史の最重要骨格400語,JH-000260,260,Deck 1｜骨格・基礎,人物,小村寿太郎,こむらじゅたろう,,近代,欧米,日本・アメリカ・欧米諸国,明治時代,1905,JH-000260-B03,beginner,条約,content,小村寿太郎(こむらじゅたろう)が日露戦争後に調印した条約は？,ポーツマス条約,ポーツマス条約,,,,国立国会図書館「近代日本人の肖像」,https://www.ndl.go.jp/portrait/
日本史段階別デッキ｜Deck 1｜日本史の最重要骨格400語,JH-000260,260,Deck 1｜骨格・基礎,人物,小村寿太郎,こむらじゅたろう,,近代,欧米,日本・アメリカ・欧米諸国,明治時代,1905,JH-000260-R01,reverse,時期,time,主に活動したのはいつ？,**明治時代**,明治時代,,,,国立国会図書館「近代日本人の肖像」,https://www.ndl.go.jp/portrait/
日本史段階別デッキ｜Deck 1｜日本史の最重要骨格400語,JH-000260,260,Deck 1｜骨格・基礎,人物,小村寿太郎,こむらじゅたろう,,近代,欧米,日本・アメリカ・欧米諸国,明治時代,1905,JH-000260-R02,reverse,複合説明,reverse,何をした？,外務大臣として日露戦争の講和全権を務め、アメリカで**ポーツマス条約**を調印した外交官。,外務大臣|講和全権|ポーツマス条約|関税自主権|不平等条約,,,,国立国会図書館「近代日本人の肖像」,https://www.ndl.go.jp/portrait/
日本史段階別デッキ｜Deck 1｜日本史の最重要骨格400語,JH-000260,260,Deck 1｜骨格・基礎,人物,小村寿太郎,こむらじゅたろう,,近代,欧米,日本・アメリカ・欧米諸国,明治時代,1905,JH-000260-R03,reverse,結果・関連,reverse,何につながった・どんな意味があった？,のち欧米諸国との条約改正で**関税自主権**の完全回復を実現し、不平等条約改正を完成させた。,外務大臣|講和全権|ポーツマス条約|関税自主権|不平等条約,,,,国立国会図書館「近代日本人の肖像」,https://www.ndl.go.jp/portrait/
日本史段階別デッキ｜Deck 1｜日本史の最重要骨格400語,JH-000260,260,Deck 1｜骨格・基礎,人物,小村寿太郎,こむらじゅたろう,,近代,欧米,日本・アメリカ・欧米諸国,明治時代,1905,JH-000260-I01,integrated,統合説明,integrated,「小村寿太郎(こむらじゅたろう)」について説明せよ。,明治時代、日本・アメリカ・欧米諸国を主な舞台として、外務大臣として日露戦争の講和全権を務め、アメリカで**ポーツマス条約**を調印した外交官。 のち欧米諸国との条約改正で**関税自主権**の完全回復を実現し、不平等条約改正を完成させた。,外務大臣|講和全権|ポーツマス条約|関税自主権|不平等条約,,,,国立国会図書館「近代日本人の肖像」,https://www.ndl.go.jp/portrait/
日本史段階別デッキ｜Deck 1｜日本史の最重要骨格400語,JH-000261,261,Deck 1｜骨格・基礎,経済・産業・交通,南満州鉄道,みなみまんしゅうてつどう,満鉄,近代,東アジア,中国東北部・南満州,1906年設立,1906,JH-000261-B01,beginner,用語の特定,identify,日露戦争後に日本がロシアから得た鉄道権益を経営し、調査・産業・植民地支配にも関わった会社は？,南満州鉄道(みなみまんしゅうてつどう),南満州鉄道,満鉄,,,国立公文書館 アジア歴史資料センター,https://www.jacar.go.jp/
日本史段階別デッキ｜Deck 1｜日本史の最重要骨格400語,JH-000261,261,Deck 1｜骨格・基礎,経済・産業・交通,南満州鉄道,みなみまんしゅうてつどう,満鉄,近代,東アジア,中国東北部・南満州,1906年設立,1906,JH-000261-B02,beginner,時期,time,南満州鉄道(みなみまんしゅうてつどう)が行われた・発達したのはいつ？,1906年,1906年,,,1906年：「行くわ路」（1906）と結ぶ南満州鉄道,国立公文書館 アジア歴史資料センター,https://www.jacar.go.jp/
日本史段階別デッキ｜Deck 1｜日本史の最重要骨格400語,JH-000261,261,Deck 1｜骨格・基礎,経済・産業・交通,南満州鉄道,みなみまんしゅうてつどう,満鉄,近代,東アジア,中国東北部・南満州,1906年設立,1906,JH-000261-B03,beginner,別名,relation,南満州鉄道(みなみまんしゅうてつどう)の略称は？,満鉄,満鉄,,,,国立公文書館 アジア歴史資料センター,https://www.jacar.go.jp/
日本史段階別デッキ｜Deck 1｜日本史の最重要骨格400語,JH-000261,261,Deck 1｜骨格・基礎,経済・産業・交通,南満州鉄道,みなみまんしゅうてつどう,満鉄,近代,東アジア,中国東北部・南満州,1906年設立,1906,JH-000261-R01,reverse,時期,time,行われた・発達したのはいつ？,**1906年**,1906年,,,1906年：「行くわ路」（1906）と結ぶ南満州鉄道,国立公文書館 アジア歴史資料センター,https://www.jacar.go.jp/
日本史段階別デッキ｜Deck 1｜日本史の最重要骨格400語,JH-000261,261,Deck 1｜骨格・基礎,経済・産業・交通,南満州鉄道,みなみまんしゅうてつどう,満鉄,近代,東アジア,中国東北部・南満州,1906年設立,1906,JH-000261-R02,reverse,複合説明,reverse,どんな仕組み・活動？,日本が中国東北部の旅順・長春間などの鉄道権益を経営するため設立した**半官半民会社**。,満鉄|中国東北部|旅順|長春|半官半民会社|満州事変,,,,国立公文書館 アジア歴史資料センター,https://www.jacar.go.jp/
日本史段階別デッキ｜Deck 1｜日本史の最重要骨格400語,JH-000261,261,Deck 1｜骨格・基礎,経済・産業・交通,南満州鉄道,みなみまんしゅうてつどう,満鉄,近代,東アジア,中国東北部・南満州,1906年設立,1906,JH-000261-R03,reverse,結果・関連,reverse,何につながった・どんな意味があった？,鉄道・炭鉱・都市・調査機関を通じて日本の南満州支配を支え、**満州事変(まんしゅうじへん)**の政治経済的基盤ともなった。,満鉄|中国東北部|旅順|長春|半官半民会社|満州事変,,,,国立公文書館 アジア歴史資料センター,https://www.jacar.go.jp/
日本史段階別デッキ｜Deck 1｜日本史の最重要骨格400語,JH-000261,261,Deck 1｜骨格・基礎,経済・産業・交通,南満州鉄道,みなみまんしゅうてつどう,満鉄,近代,東アジア,中国東北部・南満州,1906年設立,1906,JH-000261-I01,integrated,統合説明,integrated,「南満州鉄道(みなみまんしゅうてつどう)」について説明せよ。,1906年設立、中国東北部・南満州を主な舞台として、日本が中国東北部の旅順・長春間などの鉄道権益を経営するため設立した**半官半民会社**。 鉄道・炭鉱・都市・調査機関を通じて日本の南満州支配を支え、**満州事変(まんしゅうじへん)**の政治経済的基盤ともなった。,満鉄|中国東北部|旅順|長春|半官半民会社|満州事変,,,1906年：「行くわ路」（1906）と結ぶ南満州鉄道,国立公文書館 アジア歴史資料センター,https://www.jacar.go.jp/
日本史段階別デッキ｜Deck 1｜日本史の最重要骨格400語,JH-000047,47,Deck 1｜骨格・基礎,条約・会議・外交,韓国併合,かんこくへいごう,,近代,東アジア,日本・朝鮮半島,1910年,1910,JH-000047-B01,beginner,用語の特定,identify,日本が大韓帝国の主権を奪い、朝鮮総督府を置いて植民地化したことを何という？,韓国併合,韓国併合,,,,国立公文書館 アジア歴史資料センター,https://www.jacar.go.jp/
日本史段階別デッキ｜Deck 1｜日本史の最重要骨格400語,JH-000047,47,Deck 1｜骨格・基礎,条約・会議・外交,韓国併合,かんこくへいごう,,近代,東アジア,日本・朝鮮半島,1910年,1910,JH-000047-B02,beginner,時期,time,韓国併合が行われたのはいつ？,1910年,1910年,,,1910年：「行く人」（1910）韓国併合,国立公文書館 アジア歴史資料センター,https://www.jacar.go.jp/
日本史段階別デッキ｜Deck 1｜日本史の最重要骨格400語,JH-000047,47,Deck 1｜骨格・基礎,条約・会議・外交,韓国併合,かんこくへいごう,,近代,東アジア,日本・朝鮮半島,1910年,1910,JH-000047-B03,beginner,組織,actor,韓国併合後に朝鮮統治のため置かれた機関は？,朝鮮総督府,朝鮮総督府,,,,国立公文書館 アジア歴史資料センター,https://www.jacar.go.jp/
日本史段階別デッキ｜Deck 1｜日本史の最重要骨格400語,JH-000047,47,Deck 1｜骨格・基礎,条約・会議・外交,韓国併合,かんこくへいごう,,近代,東アジア,日本・朝鮮半島,1910年,1910,JH-000047-R01,reverse,時期,time,行われたのはいつ？,**1910年**,1910年,,,1910年：「行く人」（1910）韓国併合,国立公文書館 アジア歴史資料センター,https://www.jacar.go.jp/
日本史段階別デッキ｜Deck 1｜日本史の最重要骨格400語,JH-000047,47,Deck 1｜骨格・基礎,条約・会議・外交,韓国併合,かんこくへいごう,,近代,東アジア,日本・朝鮮半島,1910年,1910,JH-000047-R02,reverse,複合説明,reverse,何を決めた・どんな関係を作った？,日本が韓国併合条約によって大韓帝国の主権を奪い、朝鮮半島を植民地として**朝鮮総督府**の支配下に置いたこと。,韓国併合条約|大韓帝国|植民地|朝鮮総督府|植民地支配|抵抗,,,,国立公文書館 アジア歴史資料センター,https://www.jacar.go.jp/
日本史段階別デッキ｜Deck 1｜日本史の最重要骨格400語,JH-000047,47,Deck 1｜骨格・基礎,条約・会議・外交,韓国併合,かんこくへいごう,,近代,東アジア,日本・朝鮮半島,1910年,1910,JH-000047-R03,reverse,結果・関連,reverse,何につながった・どんな意味があった？,軍事・警察・土地・教育・文化への強い**植民地**支配を進め、朝鮮の人々の抵抗と長期的被害を生んだ。,韓国併合条約|大韓帝国|植民地|朝鮮総督府|植民地支配|抵抗,,,,国立公文書館 アジア歴史資料センター,https://www.jacar.go.jp/
日本史段階別デッキ｜Deck 1｜日本史の最重要骨格400語,JH-000047,47,Deck 1｜骨格・基礎,条約・会議・外交,韓国併合,かんこくへいごう,,近代,東アジア,日本・朝鮮半島,1910年,1910,JH-000047-I01,integrated,統合説明,integrated,「韓国併合」について説明せよ。,1910年、日本・朝鮮半島を主な舞台として、日本が韓国併合条約によって大韓帝国の主権を奪い、朝鮮半島を植民地として**朝鮮総督府**の支配下に置いたこと。 軍事・警察・土地・教育・文化への強い**植民地**支配を進め、朝鮮の人々の抵抗と長期的被害を生んだ。,韓国併合条約|大韓帝国|植民地|朝鮮総督府|植民地支配|抵抗,,,1910年：「行く人」（1910）韓国併合,国立公文書館 アジア歴史資料センター,https://www.jacar.go.jp/
日本史段階別デッキ｜Deck 1｜日本史の最重要骨格400語,JH-000048,48,Deck 1｜骨格・基礎,時代・歴史区分,大正デモクラシー,たいしょうでもくらしー,,近代,日本全国,都市・農村・植民地を含む日本帝国,1910年代〜1920年代,1910,JH-000048-B01,beginner,用語の特定,identify,第一次世界大戦前後に、民本主義(みんぽんしゅぎ)・普通選挙・政党政治・社会運動などが高まった潮流は？,大正デモクラシー,大正デモクラシー,,,,国立国会図書館「史料にみる日本の近代」,https://www.ndl.go.jp/modern/
日本史段階別デッキ｜Deck 1｜日本史の最重要骨格400語,JH-000048,48,Deck 1｜骨格・基礎,時代・歴史区分,大正デモクラシー,たいしょうでもくらしー,,近代,日本全国,都市・農村・植民地を含む日本帝国,1910年代〜1920年代,1910,JH-000048-B02,beginner,時期,time,大正デモクラシーはいつ頃？,1910年代〜1920年代,1910年代〜1920年代,,,1910年代〜1920年代：「行く人」（1910）年代から「ひと・く・ふた・まる」（1920）年代までの大正デモクラシー,国立国会図書館「史料にみる日本の近代」,https://www.ndl.go.jp/modern/
日本史段階別デッキ｜Deck 1｜日本史の最重要骨格400語,JH-000048,48,Deck 1｜骨格・基礎,時代・歴史区分,大正デモクラシー,たいしょうでもくらしー,,近代,日本全国,都市・農村・植民地を含む日本帝国,1910年代〜1920年代,1910,JH-000048-B03,beginner,思想,content,大正デモクラシーを理論面で支えた代表的な思想は？,民本主義(みんぽんしゅぎ),民本主義,,,,国立国会図書館「史料にみる日本の近代」,https://www.ndl.go.jp/modern/
日本史段階別デッキ｜Deck 1｜日本史の最重要骨格400語,JH-000048,48,Deck 1｜骨格・基礎,時代・歴史区分,大正デモクラシー,たいしょうでもくらしー,,近代,日本全国,都市・農村・植民地を含む日本帝国,1910年代〜1920年代,1910,JH-000048-R01,reverse,時期,time,いつ頃？,**1910年代〜1920年代**,1910年代〜1920年代,,,1910年代〜1920年代：「行く人」（1910）年代から「ひと・く・ふた・まる」（1920）年代までの大正デモクラシー,国立国会図書館「史料にみる日本の近代」,https://www.ndl.go.jp/modern/
日本史段階別デッキ｜Deck 1｜日本史の最重要骨格400語,JH-000048,48,Deck 1｜骨格・基礎,時代・歴史区分,大正デモクラシー,たいしょうでもくらしー,,近代,日本全国,都市・農村・植民地を含む日本帝国,1910年代〜1920年代,1910,JH-000048-R02,reverse,複合説明,reverse,どんな時代？,1910年代から1920年代の日本で、**民本主義(みんぽんしゅぎ)・普通選挙・政党政治**に加え、労働・農民・女性・部落解放運動などが高まった潮流。,民本主義|普通選挙|政党政治|労働運動|農民運動|女性運動|治安維持法,,,,国立国会図書館「史料にみる日本の近代」,https://www.ndl.go.jp/modern/
日本史段階別デッキ｜Deck 1｜日本史の最重要骨格400語,JH-000048,48,Deck 1｜骨格・基礎,時代・歴史区分,大正デモクラシー,たいしょうでもくらしー,,近代,日本全国,都市・農村・植民地を含む日本帝国,1910年代〜1920年代,1910,JH-000048-R03,reverse,結果・関連,reverse,何につながった・どんな意味があった？,政治参加と社会的権利を広げたが、**治安維持法(ちあんいじほう)**や植民地支配、軍部台頭による制約も強かった。,民本主義|普通選挙|政党政治|労働運動|農民運動|女性運動|治安維持法,,,,国立国会図書館「史料にみる日本の近代」,https://www.ndl.go.jp/modern/
日本史段階別デッキ｜Deck 1｜日本史の最重要骨格400語,JH-000048,48,Deck 1｜骨格・基礎,時代・歴史区分,大正デモクラシー,たいしょうでもくらしー,,近代,日本全国,都市・農村・植民地を含む日本帝国,1910年代〜1920年代,1910,JH-000048-I01,integrated,統合説明,integrated,「大正デモクラシー」について説明せよ。,1910年代〜1920年代、都市・農村・植民地を含む日本帝国を主な舞台として、1910年代から1920年代の日本で、**民本主義(みんぽんしゅぎ)・普通選挙・政党政治**に加え、労働・農民・女性・部落解放運動などが高まった潮流。 政治参加と社会的権利を広げたが、**治安維持法(ちあんいじほう)**や植民地支配、軍部台頭による制約も強かった。,民本主義|普通選挙|政党政治|労働運動|農民運動|女性運動|治安維持法,,,1910年代〜1920年代：「行く人」（1910）年代から「ひと・く・ふた・まる」（1920）年代までの大正デモクラシー,国立国会図書館「史料にみる日本の近代」,https://www.ndl.go.jp/modern/
日本史段階別デッキ｜Deck 1｜日本史の最重要骨格400語,JH-000208,208,Deck 1｜骨格・基礎,事件・政変,大逆事件,たいぎゃくじけん,,近代,日本全国,長野・東京など,1910〜1911年,1910,JH-000208-B01,beginner,用語の特定,identify,天皇暗殺計画を理由に幸徳秋水(こうとくしゅうすい)ら多数の社会主義者・無政府主義者が処罰された事件は？,大逆事件(たいぎゃくじけん),大逆事件,,,,国立国会図書館「史料にみる日本の近代」,https://www.ndl.go.jp/modern/
日本史段階別デッキ｜Deck 1｜日本史の最重要骨格400語,JH-000208,208,Deck 1｜骨格・基礎,事件・政変,大逆事件,たいぎゃくじけん,,近代,日本全国,長野・東京など,1910〜1911年,1910,JH-000208-B02,beginner,時期,time,大逆事件(たいぎゃくじけん)が起きたのはいつ？,1910〜1911年,1910〜1911年,,,1910〜1911年：「行く人」（1910）年から「行く人一人」（1911）年までの大逆事件,国立国会図書館「史料にみる日本の近代」,https://www.ndl.go.jp/modern/
日本史段階別デッキ｜Deck 1｜日本史の最重要骨格400語,JH-000208,208,Deck 1｜骨格・基礎,事件・政変,大逆事件,たいぎゃくじけん,,近代,日本全国,長野・東京など,1910〜1911年,1910,JH-000208-B03,beginner,人物,person,大逆事件(たいぎゃくじけん)で処刑された代表的人物は？,幸徳秋水(こうとくしゅうすい),幸徳秋水,,,,国立国会図書館「史料にみる日本の近代」,https://www.ndl.go.jp/modern/
日本史段階別デッキ｜Deck 1｜日本史の最重要骨格400語,JH-000208,208,Deck 1｜骨格・基礎,事件・政変,大逆事件,たいぎゃくじけん,,近代,日本全国,長野・東京など,1910〜1911年,1910,JH-000208-R01,reverse,時期,time,起きたのはいつ？,**1910〜1911年**,1910〜1911年,,,1910〜1911年：「行く人」（1910）年から「行く人一人」（1911）年までの大逆事件,国立国会図書館「史料にみる日本の近代」,https://www.ndl.go.jp/modern/
日本史段階別デッキ｜Deck 1｜日本史の最重要骨格400語,JH-000208,208,Deck 1｜骨格・基礎,事件・政変,大逆事件,たいぎゃくじけん,,近代,日本全国,長野・東京など,1910〜1911年,1910,JH-000208-R02,reverse,複合説明,reverse,何が起きた？,天皇暗殺計画を理由に政府が**幸徳秋水(こうとくしゅうすい)**ら社会主義者・無政府主義者を大規模に検挙し、秘密裁判で死刑などにした事件。,天皇暗殺計画|幸徳秋水|社会主義者|無政府主義者|秘密裁判|冬の時代,,,,国立国会図書館「史料にみる日本の近代」,https://www.ndl.go.jp/modern/
日本史段階別デッキ｜Deck 1｜日本史の最重要骨格400語,JH-000208,208,Deck 1｜骨格・基礎,事件・政変,大逆事件,たいぎゃくじけん,,近代,日本全国,長野・東京など,1910〜1911年,1910,JH-000208-R03,reverse,結果・関連,reverse,何につながった・どんな意味があった？,証拠の薄い人物も処罰され、社会主義運動・言論を萎縮させる「**冬の時代**」を招いた。,天皇暗殺計画|幸徳秋水|社会主義者|無政府主義者|秘密裁判|冬の時代,,,,国立国会図書館「史料にみる日本の近代」,https://www.ndl.go.jp/modern/
日本史段階別デッキ｜Deck 1｜日本史の最重要骨格400語,JH-000208,208,Deck 1｜骨格・基礎,事件・政変,大逆事件,たいぎゃくじけん,,近代,日本全国,長野・東京など,1910〜1911年,1910,JH-000208-I01,integrated,統合説明,integrated,「大逆事件(たいぎゃくじけん)」について説明せよ。,1910〜1911年、長野・東京などを主な舞台として、天皇暗殺計画を理由に政府が**幸徳秋水(こうとくしゅうすい)**ら社会主義者・無政府主義者を大規模に検挙し、秘密裁判で死刑などにした事件。 証拠の薄い人物も処罰され、社会主義運動・言論を萎縮させる「**冬の時代**」を招いた。,天皇暗殺計画|幸徳秋水|社会主義者|無政府主義者|秘密裁判|冬の時代,,,1910〜1911年：「行く人」（1910）年から「行く人一人」（1911）年までの大逆事件,国立国会図書館「史料にみる日本の近代」,https://www.ndl.go.jp/modern/
日本史段階別デッキ｜Deck 1｜日本史の最重要骨格400語,JH-000159,159,Deck 1｜骨格・基礎,運動,第一次護憲運動,だいいちじごけんうんどう,大正政変,近代,日本全国,東京を中心に全国,1912〜1913年,1912,JH-000159-B01,beginner,用語の特定,identify,桂太郎内閣に対し、閥族打破・憲政擁護を掲げて政党・新聞・民衆が退陣を求めた運動は？,第一次護憲運動,第一次護憲運動,大正政変,,,国立国会図書館「史料にみる日本の近代」,https://www.ndl.go.jp/modern/
日本史段階別デッキ｜Deck 1｜日本史の最重要骨格400語,JH-000159,159,Deck 1｜骨格・基礎,運動,第一次護憲運動,だいいちじごけんうんどう,大正政変,近代,日本全国,東京を中心に全国,1912〜1913年,1912,JH-000159-B02,beginner,時期,time,第一次護憲運動が起きた・盛んだったのはいつ？,1912〜1913年,1912〜1913年,,,1912〜1913年：「行く人に」（1912）年から「行く人さ」（1913）年までの第一次護憲運動,国立国会図書館「史料にみる日本の近代」,https://www.ndl.go.jp/modern/
日本史段階別デッキ｜Deck 1｜日本史の最重要骨格400語,JH-000159,159,Deck 1｜骨格・基礎,運動,第一次護憲運動,だいいちじごけんうんどう,大正政変,近代,日本全国,東京を中心に全国,1912〜1913年,1912,JH-000159-B03,beginner,要求,content,第一次護憲運動の標語は？,閥族打破・憲政擁護,閥族打破・憲政擁護,,,,国立国会図書館「史料にみる日本の近代」,https://www.ndl.go.jp/modern/
日本史段階別デッキ｜Deck 1｜日本史の最重要骨格400語,JH-000159,159,Deck 1｜骨格・基礎,運動,第一次護憲運動,だいいちじごけんうんどう,大正政変,近代,日本全国,東京を中心に全国,1912〜1913年,1912,JH-000159-R01,reverse,時期,time,起きた・盛んだったのはいつ？,**1912〜1913年**,1912〜1913年,,,1912〜1913年：「行く人に」（1912）年から「行く人さ」（1913）年までの第一次護憲運動,国立国会図書館「史料にみる日本の近代」,https://www.ndl.go.jp/modern/
日本史段階別デッキ｜Deck 1｜日本史の最重要骨格400語,JH-000159,159,Deck 1｜骨格・基礎,運動,第一次護憲運動,だいいちじごけんうんどう,大正政変,近代,日本全国,東京を中心に全国,1912〜1913年,1912,JH-000159-R02,reverse,複合説明,reverse,何を求めて、何が起きた？,桂太郎内閣に対し、政党・新聞・民衆が東京を中心に**閥族打破・憲政擁護**を掲げて退陣を求めた運動。,桂太郎|閥族打破|憲政擁護|政党|新聞|民衆|大正政変,,,,国立国会図書館「史料にみる日本の近代」,https://www.ndl.go.jp/modern/
日本史段階別デッキ｜Deck 1｜日本史の最重要骨格400語,JH-000159,159,Deck 1｜骨格・基礎,運動,第一次護憲運動,だいいちじごけんうんどう,大正政変,近代,日本全国,東京を中心に全国,1912〜1913年,1912,JH-000159-R03,reverse,結果・関連,reverse,何につながった・どんな意味があった？,桂内閣を短期間で倒して大正政変を起こし、**民衆**が内閣の存立へ影響を与える時代を開いた。,桂太郎|閥族打破|憲政擁護|政党|新聞|民衆|大正政変,,,,国立国会図書館「史料にみる日本の近代」,https://www.ndl.go.jp/modern/
日本史段階別デッキ｜Deck 1｜日本史の最重要骨格400語,JH-000159,159,Deck 1｜骨格・基礎,運動,第一次護憲運動,だいいちじごけんうんどう,大正政変,近代,日本全国,東京を中心に全国,1912〜1913年,1912,JH-000159-I01,integrated,統合説明,integrated,「第一次護憲運動」について説明せよ。,1912〜1913年、東京を中心に全国を主な舞台として、桂太郎内閣に対し、政党・新聞・民衆が東京を中心に**閥族打破・憲政擁護**を掲げて退陣を求めた運動。 桂内閣を短期間で倒して大正政変を起こし、**民衆**が内閣の存立へ影響を与える時代を開いた。,桂太郎|閥族打破|憲政擁護|政党|新聞|民衆|大正政変,,,1912〜1913年：「行く人に」（1912）年から「行く人さ」（1913）年までの第一次護憲運動,国立国会図書館「史料にみる日本の近代」,https://www.ndl.go.jp/modern/
日本史段階別デッキ｜Deck 1｜日本史の最重要骨格400語,JH-000262,262,Deck 1｜骨格・基礎,人物,吉野作造,よしのさくぞう,,近代,日本全国,東京・言論界,大正時代,1916,JH-000262-B01,beginner,用語の特定,identify,民本主義(みんぽんしゅぎ)を唱え、政治の目的を民衆の利益、政策決定を民意に求めた政治学者は？,吉野作造(よしのさくぞう),吉野作造,,,,国立国会図書館「近代日本人の肖像」,https://www.ndl.go.jp/portrait/
日本史段階別デッキ｜Deck 1｜日本史の最重要骨格400語,JH-000262,262,Deck 1｜骨格・基礎,人物,吉野作造,よしのさくぞう,,近代,日本全国,東京・言論界,大正時代,1916,JH-000262-B02,beginner,時期,time,吉野作造(よしのさくぞう)が主に活動したのはいつ？,大正時代,大正時代,,,,国立国会図書館「近代日本人の肖像」,https://www.ndl.go.jp/portrait/
日本史段階別デッキ｜Deck 1｜日本史の最重要骨格400語,JH-000262,262,Deck 1｜骨格・基礎,人物,吉野作造,よしのさくぞう,,近代,日本全国,東京・言論界,大正時代,1916,JH-000262-B03,beginner,思想,content,吉野作造(よしのさくぞう)が唱えた思想は？,民本主義(みんぽんしゅぎ),民本主義,,,,国立国会図書館「近代日本人の肖像」,https://www.ndl.go.jp/portrait/
日本史段階別デッキ｜Deck 1｜日本史の最重要骨格400語,JH-000262,262,Deck 1｜骨格・基礎,人物,吉野作造,よしのさくぞう,,近代,日本全国,東京・言論界,大正時代,1916,JH-000262-R01,reverse,時期,time,主に活動したのはいつ？,**大正時代**,大正時代,,,,国立国会図書館「近代日本人の肖像」,https://www.ndl.go.jp/portrait/
日本史段階別デッキ｜Deck 1｜日本史の最重要骨格400語,JH-000262,262,Deck 1｜骨格・基礎,人物,吉野作造,よしのさくぞう,,近代,日本全国,東京・言論界,大正時代,1916,JH-000262-R02,reverse,複合説明,reverse,何をした？,東京帝国大学教授として、主権の所在は問わず政治の目的を民衆の利益、政策決定を民意に求める**民本主義(みんぽんしゅぎ)**を唱えた政治学者。,東京帝国大学|民本主義|民衆の利益|民意|普通選挙|政党内閣,,,,国立国会図書館「近代日本人の肖像」,https://www.ndl.go.jp/portrait/
日本史段階別デッキ｜Deck 1｜日本史の最重要骨格400語,JH-000262,262,Deck 1｜骨格・基礎,人物,吉野作造,よしのさくぞう,,近代,日本全国,東京・言論界,大正時代,1916,JH-000262-R03,reverse,結果・関連,reverse,何につながった・どんな意味があった？,**普通選挙**と政党内閣を理論的に支持し、大正デモクラシーの思想的支柱となった。,東京帝国大学|民本主義|民衆の利益|民意|普通選挙|政党内閣,,,,国立国会図書館「近代日本人の肖像」,https://www.ndl.go.jp/portrait/
日本史段階別デッキ｜Deck 1｜日本史の最重要骨格400語,JH-000262,262,Deck 1｜骨格・基礎,人物,吉野作造,よしのさくぞう,,近代,日本全国,東京・言論界,大正時代,1916,JH-000262-I01,integrated,統合説明,integrated,「吉野作造(よしのさくぞう)」について説明せよ。,大正時代、東京・言論界を主な舞台として、東京帝国大学教授として、主権の所在は問わず政治の目的を民衆の利益、政策決定を民意に求める**民本主義(みんぽんしゅぎ)**を唱えた政治学者。 **普通選挙**と政党内閣を理論的に支持し、大正デモクラシーの思想的支柱となった。,東京帝国大学|民本主義|民衆の利益|民意|普通選挙|政党内閣,,,,国立国会図書館「近代日本人の肖像」,https://www.ndl.go.jp/portrait/
日本史段階別デッキ｜Deck 1｜日本史の最重要骨格400語,JH-000282,282,Deck 1｜骨格・基礎,思想・主義,民本主義,みんぽんしゅぎ,,近代,日本全国,日本の議会政治,大正時代,1916,JH-000282-B01,beginner,用語の特定,identify,主権の所在を直接問題にせず、政治の目的を民衆の福利、政策決定を民意に置く吉野作造(よしのさくぞう)の思想は？,民本主義(みんぽんしゅぎ),民本主義,,,,国立国会図書館「史料にみる日本の近代」,https://www.ndl.go.jp/modern/
日本史段階別デッキ｜Deck 1｜日本史の最重要骨格400語,JH-000282,282,Deck 1｜骨格・基礎,思想・主義,民本主義,みんぽんしゅぎ,,近代,日本全国,日本の議会政治,大正時代,1916,JH-000282-B02,beginner,時期,time,民本主義(みんぽんしゅぎ)が広がった・重視されたのはいつ？,大正時代,大正時代,,,,国立国会図書館「史料にみる日本の近代」,https://www.ndl.go.jp/modern/
日本史段階別デッキ｜Deck 1｜日本史の最重要骨格400語,JH-000282,282,Deck 1｜骨格・基礎,思想・主義,民本主義,みんぽんしゅぎ,,近代,日本全国,日本の議会政治,大正時代,1916,JH-000282-B03,beginner,人物,person,民本主義(みんぽんしゅぎ)を唱えた人物は？,吉野作造(よしのさくぞう),吉野作造,,,,国立国会図書館「史料にみる日本の近代」,https://www.ndl.go.jp/modern/
日本史段階別デッキ｜Deck 1｜日本史の最重要骨格400語,JH-000282,282,Deck 1｜骨格・基礎,思想・主義,民本主義,みんぽんしゅぎ,,近代,日本全国,日本の議会政治,大正時代,1916,JH-000282-R01,reverse,時期,time,広がった・重視されたのはいつ？,**大正時代**,大正時代,,,,国立国会図書館「史料にみる日本の近代」,https://www.ndl.go.jp/modern/
日本史段階別デッキ｜Deck 1｜日本史の最重要骨格400語,JH-000282,282,Deck 1｜骨格・基礎,思想・主義,民本主義,みんぽんしゅぎ,,近代,日本全国,日本の議会政治,大正時代,1916,JH-000282-R02,reverse,複合説明,reverse,どんな考え？,吉野作造(よしのさくぞう)が唱え、主権の所在を直接変更せずとも、**政治の目的を民衆の福利、政策決定を民意**に置くべきだとした思想。,吉野作造|民衆の福利|民意|天皇主権|普通選挙|政党内閣,,,,国立国会図書館「史料にみる日本の近代」,https://www.ndl.go.jp/modern/
日本史段階別デッキ｜Deck 1｜日本史の最重要骨格400語,JH-000282,282,Deck 1｜骨格・基礎,思想・主義,民本主義,みんぽんしゅぎ,,近代,日本全国,日本の議会政治,大正時代,1916,JH-000282-R03,reverse,結果・関連,reverse,何につながった・どんな意味があった？,**天皇主権**の憲法体制内で普通選挙・政党内閣を正当化し、大正デモクラシーを理論的に支えた。,吉野作造|民衆の福利|民意|天皇主権|普通選挙|政党内閣,,,,国立国会図書館「史料にみる日本の近代」,https://www.ndl.go.jp/modern/
日本史段階別デッキ｜Deck 1｜日本史の最重要骨格400語,JH-000282,282,Deck 1｜骨格・基礎,思想・主義,民本主義,みんぽんしゅぎ,,近代,日本全国,日本の議会政治,大正時代,1916,JH-000282-I01,integrated,統合説明,integrated,「民本主義(みんぽんしゅぎ)」について説明せよ。,大正時代、日本の議会政治を主な舞台として、吉野作造(よしのさくぞう)が唱え、主権の所在を直接変更せずとも、**政治の目的を民衆の福利、政策決定を民意**に置くべきだとした思想。 **天皇主権**の憲法体制内で普通選挙・政党内閣を正当化し、大正デモクラシーを理論的に支えた。,吉野作造|民衆の福利|民意|天皇主権|普通選挙|政党内閣,,,,国立国会図書館「史料にみる日本の近代」,https://www.ndl.go.jp/modern/
日本史段階別デッキ｜Deck 1｜日本史の最重要骨格400語,JH-000160,160,Deck 1｜骨格・基礎,運動,米騒動,こめそうどう,,近代,日本全国,富山県から全国,1918年,1918,JH-000160-B01,beginner,用語の特定,identify,米価高騰に抗議した富山県の女性たちの行動をきっかけに全国へ広がった民衆運動は？,米騒動(こめそうどう),米騒動,,,,国立国会図書館「史料にみる日本の近代」,https://www.ndl.go.jp/modern/
日本史段階別デッキ｜Deck 1｜日本史の最重要骨格400語,JH-000160,160,Deck 1｜骨格・基礎,運動,米騒動,こめそうどう,,近代,日本全国,富山県から全国,1918年,1918,JH-000160-B02,beginner,時期,time,米騒動(こめそうどう)が起きた・盛んだったのはいつ？,1918年,1918年,,,1918年：「行く人は」（1918）米騒動,国立国会図書館「史料にみる日本の近代」,https://www.ndl.go.jp/modern/
日本史段階別デッキ｜Deck 1｜日本史の最重要骨格400語,JH-000160,160,Deck 1｜骨格・基礎,運動,米騒動,こめそうどう,,近代,日本全国,富山県から全国,1918年,1918,JH-000160-B03,beginner,地域,place,米騒動(こめそうどう)が始まるきっかけとなった地域は？,富山県,富山県,,,,国立国会図書館「史料にみる日本の近代」,https://www.ndl.go.jp/modern/
日本史段階別デッキ｜Deck 1｜日本史の最重要骨格400語,JH-000160,160,Deck 1｜骨格・基礎,運動,米騒動,こめそうどう,,近代,日本全国,富山県から全国,1918年,1918,JH-000160-R01,reverse,時期,time,起きた・盛んだったのはいつ？,**1918年**,1918年,,,1918年：「行く人は」（1918）米騒動,国立国会図書館「史料にみる日本の近代」,https://www.ndl.go.jp/modern/
日本史段階別デッキ｜Deck 1｜日本史の最重要骨格400語,JH-000160,160,Deck 1｜骨格・基礎,運動,米騒動,こめそうどう,,近代,日本全国,富山県から全国,1918年,1918,JH-000160-R02,reverse,複合説明,reverse,何を求めて、何が起きた？,シベリア出兵を見越した投機などによる**米価高騰**に対し、富山県の女性たちの抗議から全国へ広がった民衆運動。,米価高騰|富山県|女性|シベリア出兵|寺内正毅内閣|原敬|政党内閣,,,,国立国会図書館「史料にみる日本の近代」,https://www.ndl.go.jp/modern/
日本史段階別デッキ｜Deck 1｜日本史の最重要骨格400語,JH-000160,160,Deck 1｜骨格・基礎,運動,米騒動,こめそうどう,,近代,日本全国,富山県から全国,1918年,1918,JH-000160-R03,reverse,結果・関連,reverse,何につながった・どんな意味があった？,都市・農村で米の安売りや商人への抗議を求め、**寺内正毅(てらうちまさたけ)内閣を退陣**させて原敬(はらたかし)の政党内閣成立につながった。,米価高騰|富山県|女性|シベリア出兵|寺内正毅内閣|原敬|政党内閣,,,,国立国会図書館「史料にみる日本の近代」,https://www.ndl.go.jp/modern/
日本史段階別デッキ｜Deck 1｜日本史の最重要骨格400語,JH-000160,160,Deck 1｜骨格・基礎,運動,米騒動,こめそうどう,,近代,日本全国,富山県から全国,1918年,1918,JH-000160-I01,integrated,統合説明,integrated,「米騒動(こめそうどう)」について説明せよ。,1918年、富山県から全国を主な舞台として、シベリア出兵を見越した投機などによる**米価高騰**に対し、富山県の女性たちの抗議から全国へ広がった民衆運動。 都市・農村で米の安売りや商人への抗議を求め、**寺内正毅(てらうちまさたけ)内閣を退陣**させて原敬(はらたかし)の政党内閣成立につながった。,米価高騰|富山県|女性|シベリア出兵|寺内正毅内閣|原敬|政党内閣,,,1918年：「行く人は」（1918）米騒動,国立国会図書館「史料にみる日本の近代」,https://www.ndl.go.jp/modern/
日本史段階別デッキ｜Deck 1｜日本史の最重要骨格400語,JH-000209,209,Deck 1｜骨格・基礎,戦争・争乱,シベリア出兵,しべりあしゅっぺい,,近代,その他,ロシア極東・シベリア,1918〜1922年,1918,JH-000209-B01,beginner,用語の特定,identify,ロシア革命後、チェコスロヴァキア軍救援などを名目に日本などがロシア極東へ派兵したことは？,シベリア出兵,シベリア出兵,,,,国立公文書館 アジア歴史資料センター,https://www.jacar.go.jp/
日本史段階別デッキ｜Deck 1｜日本史の最重要骨格400語,JH-000209,209,Deck 1｜骨格・基礎,戦争・争乱,シベリア出兵,しべりあしゅっぺい,,近代,その他,ロシア極東・シベリア,1918〜1922年,1918,JH-000209-B02,beginner,時期,time,シベリア出兵が戦われたのはいつ？,1918〜1922年,1918〜1922年,,,1918〜1922年：「行く人は」（1918）年から「行くに二歩」（1922）年までのシベリア出兵,国立公文書館 アジア歴史資料センター,https://www.jacar.go.jp/
日本史段階別デッキ｜Deck 1｜日本史の最重要骨格400語,JH-000209,209,Deck 1｜骨格・基礎,戦争・争乱,シベリア出兵,しべりあしゅっぺい,,近代,その他,ロシア極東・シベリア,1918〜1922年,1918,JH-000209-B03,beginner,結果,result,シベリア出兵が国内の米価高騰を促し、何を引き起こした？,米騒動(こめそうどう),米騒動,,,,国立公文書館 アジア歴史資料センター,https://www.jacar.go.jp/
日本史段階別デッキ｜Deck 1｜日本史の最重要骨格400語,JH-000209,209,Deck 1｜骨格・基礎,戦争・争乱,シベリア出兵,しべりあしゅっぺい,,近代,その他,ロシア極東・シベリア,1918〜1922年,1918,JH-000209-R01,reverse,時期,time,戦われたのはいつ？,**1918〜1922年**,1918〜1922年,,,1918〜1922年：「行く人は」（1918）年から「行くに二歩」（1922）年までのシベリア出兵,国立公文書館 アジア歴史資料センター,https://www.jacar.go.jp/
日本史段階別デッキ｜Deck 1｜日本史の最重要骨格400語,JH-000209,209,Deck 1｜骨格・基礎,戦争・争乱,シベリア出兵,しべりあしゅっぺい,,近代,その他,ロシア極東・シベリア,1918〜1922年,1918,JH-000209-R02,reverse,複合説明,reverse,何が起きた？,**ロシア革命**後、日本・アメリカなどがチェコスロヴァキア軍救援を名目にロシア極東・シベリアへ軍を派遣した。,ロシア革命|チェコスロヴァキア軍|ロシア極東|国際的批判|米投機|米騒動,,,,国立公文書館 アジア歴史資料センター,https://www.jacar.go.jp/
日本史段階別デッキ｜Deck 1｜日本史の最重要骨格400語,JH-000209,209,Deck 1｜骨格・基礎,戦争・争乱,シベリア出兵,しべりあしゅっぺい,,近代,その他,ロシア極東・シベリア,1918〜1922年,1918,JH-000209-R03,reverse,結果・関連,reverse,何につながった・どんな意味があった？,日本は他国撤兵後も駐留を続けて国際的批判と大きな損害を受け、出兵を見越す米投機が**米騒動(こめそうどう)**の一因となった。,ロシア革命|チェコスロヴァキア軍|ロシア極東|国際的批判|米投機|米騒動,,,,国立公文書館 アジア歴史資料センター,https://www.jacar.go.jp/
日本史段階別デッキ｜Deck 1｜日本史の最重要骨格400語,JH-000209,209,Deck 1｜骨格・基礎,戦争・争乱,シベリア出兵,しべりあしゅっぺい,,近代,その他,ロシア極東・シベリア,1918〜1922年,1918,JH-000209-I01,integrated,統合説明,integrated,「シベリア出兵」について説明せよ。,1918〜1922年、ロシア極東・シベリアを主な舞台として、**ロシア革命**後、日本・アメリカなどがチェコスロヴァキア軍救援を名目にロシア極東・シベリアへ軍を派遣した。 日本は他国撤兵後も駐留を続けて国際的批判と大きな損害を受け、出兵を見越す米投機が**米騒動(こめそうどう)**の一因となった。,ロシア革命|チェコスロヴァキア軍|ロシア極東|国際的批判|米投機|米騒動,,,1918〜1922年：「行く人は」（1918）年から「行くに二歩」（1922）年までのシベリア出兵,国立公文書館 アジア歴史資料センター,https://www.jacar.go.jp/
日本史段階別デッキ｜Deck 1｜日本史の最重要骨格400語,JH-000263,263,Deck 1｜骨格・基礎,人物,原敬,はらたかし,,近代,日本全国,岩手・東京,明治時代〜大正時代,1918,JH-000263-B01,beginner,用語の特定,identify,立憲政友会総裁として本格的政党内閣を組織し、華族でないことから「平民宰相」と呼ばれた首相は？,原敬(はらたかし),原敬,,,,国立国会図書館「近代日本人の肖像」,https://www.ndl.go.jp/portrait/
日本史段階別デッキ｜Deck 1｜日本史の最重要骨格400語,JH-000263,263,Deck 1｜骨格・基礎,人物,原敬,はらたかし,,近代,日本全国,岩手・東京,明治時代〜大正時代,1918,JH-000263-B02,beginner,時期,time,原敬(はらたかし)が主に活動したのはいつ？,明治時代〜大正時代,明治時代〜大正時代,,,,国立国会図書館「近代日本人の肖像」,https://www.ndl.go.jp/portrait/
日本史段階別デッキ｜Deck 1｜日本史の最重要骨格400語,JH-000263,263,Deck 1｜骨格・基礎,人物,原敬,はらたかし,,近代,日本全国,岩手・東京,明治時代〜大正時代,1918,JH-000263-B03,beginner,別名,relation,原敬(はらたかし)の通称は？,平民宰相,平民宰相,,,,国立国会図書館「近代日本人の肖像」,https://www.ndl.go.jp/portrait/
日本史段階別デッキ｜Deck 1｜日本史の最重要骨格400語,JH-000263,263,Deck 1｜骨格・基礎,人物,原敬,はらたかし,,近代,日本全国,岩手・東京,明治時代〜大正時代,1918,JH-000263-R01,reverse,時期,time,主に活動したのはいつ？,**明治時代〜大正時代**,明治時代〜大正時代,,,,国立国会図書館「近代日本人の肖像」,https://www.ndl.go.jp/portrait/
日本史段階別デッキ｜Deck 1｜日本史の最重要骨格400語,JH-000263,263,Deck 1｜骨格・基礎,人物,原敬,はらたかし,,近代,日本全国,岩手・東京,明治時代〜大正時代,1918,JH-000263-R02,reverse,複合説明,reverse,何をした？,立憲政友会総裁として衆議院に基盤を置く**本格的政党内閣**を組織し、「平民宰相」と呼ばれた首相。,立憲政友会|本格的政党内閣|平民宰相|積極政策|普通選挙|暗殺,,,,国立国会図書館「近代日本人の肖像」,https://www.ndl.go.jp/portrait/
日本史段階別デッキ｜Deck 1｜日本史の最重要骨格400語,JH-000263,263,Deck 1｜骨格・基礎,人物,原敬,はらたかし,,近代,日本全国,岩手・東京,明治時代〜大正時代,1918,JH-000263-R03,reverse,結果・関連,reverse,何につながった・どんな意味があった？,鉄道・教育・産業基盤を整える**積極政策**を進めたが、普通選挙には慎重で、東京駅で暗殺された。,立憲政友会|本格的政党内閣|平民宰相|積極政策|普通選挙|暗殺,,,,国立国会図書館「近代日本人の肖像」,https://www.ndl.go.jp/portrait/
日本史段階別デッキ｜Deck 1｜日本史の最重要骨格400語,JH-000263,263,Deck 1｜骨格・基礎,人物,原敬,はらたかし,,近代,日本全国,岩手・東京,明治時代〜大正時代,1918,JH-000263-I01,integrated,統合説明,integrated,「原敬(はらたかし)」について説明せよ。,明治時代〜大正時代、岩手・東京を主な舞台として、立憲政友会総裁として衆議院に基盤を置く**本格的政党内閣**を組織し、「平民宰相」と呼ばれた首相。 鉄道・教育・産業基盤を整える**積極政策**を進めたが、普通選挙には慎重で、東京駅で暗殺された。,立憲政友会|本格的政党内閣|平民宰相|積極政策|普通選挙|暗殺,,,,国立国会図書館「近代日本人の肖像」,https://www.ndl.go.jp/portrait/
日本史段階別デッキ｜Deck 1｜日本史の最重要骨格400語,JH-000161,161,Deck 1｜骨格・基礎,条約・会議・外交,ワシントン会議,わしんとんかいぎ,,近代,欧米,アメリカ・ワシントン、太平洋・中国,1921〜1922年,1921,JH-000161-B01,beginner,用語の特定,identify,アメリカ主催で海軍軍縮と太平洋・中国問題を協議し、四カ国・九カ国・海軍軍縮条約を成立させた会議は？,ワシントン会議(わしんとんかいぎ),ワシントン会議,,,,外務省「日本外交文書」,https://www.mofa.go.jp/mofaj/annai/honsho/shiryo/bunsho/index.html
日本史段階別デッキ｜Deck 1｜日本史の最重要骨格400語,JH-000161,161,Deck 1｜骨格・基礎,条約・会議・外交,ワシントン会議,わしんとんかいぎ,,近代,欧米,アメリカ・ワシントン、太平洋・中国,1921〜1922年,1921,JH-000161-B02,beginner,時期,time,ワシントン会議(わしんとんかいぎ)が開かれたのはいつ？,1921〜1922年,1921〜1922年,,,1921〜1922年：「行くに一歩」（1921）年から「行くに二歩」（1922）年までのワシントン会議,外務省「日本外交文書」,https://www.mofa.go.jp/mofaj/annai/honsho/shiryo/bunsho/index.html
日本史段階別デッキ｜Deck 1｜日本史の最重要骨格400語,JH-000161,161,Deck 1｜骨格・基礎,条約・会議・外交,ワシントン会議,わしんとんかいぎ,,近代,欧米,アメリカ・ワシントン、太平洋・中国,1921〜1922年,1921,JH-000161-B03,beginner,条約,content,ワシントン会議(わしんとんかいぎ)で主力艦保有比率を定めた条約は？,ワシントン海軍軍縮条約,ワシントン海軍軍縮条約,,,,外務省「日本外交文書」,https://www.mofa.go.jp/mofaj/annai/honsho/shiryo/bunsho/index.html
日本史段階別デッキ｜Deck 1｜日本史の最重要骨格400語,JH-000161,161,Deck 1｜骨格・基礎,条約・会議・外交,ワシントン会議,わしんとんかいぎ,,近代,欧米,アメリカ・ワシントン、太平洋・中国,1921〜1922年,1921,JH-000161-R01,reverse,時期,time,開かれたのはいつ？,**1921〜1922年**,1921〜1922年,,,1921〜1922年：「行くに一歩」（1921）年から「行くに二歩」（1922）年までのワシントン会議,外務省「日本外交文書」,https://www.mofa.go.jp/mofaj/annai/honsho/shiryo/bunsho/index.html
日本史段階別デッキ｜Deck 1｜日本史の最重要骨格400語,JH-000161,161,Deck 1｜骨格・基礎,条約・会議・外交,ワシントン会議,わしんとんかいぎ,,近代,欧米,アメリカ・ワシントン、太平洋・中国,1921〜1922年,1921,JH-000161-R02,reverse,複合説明,reverse,何を決めた・どんな関係を作った？,アメリカのワシントンで開かれ、**四カ国条約・九カ国条約・海軍軍縮条約**によって太平洋・中国秩序と主力艦制限を定めた国際会議。,四カ国条約|九カ国条約|ワシントン海軍軍縮条約|日英同盟|協調外交|ワシントン体制,,,,外務省「日本外交文書」,https://www.mofa.go.jp/mofaj/annai/honsho/shiryo/bunsho/index.html
日本史段階別デッキ｜Deck 1｜日本史の最重要骨格400語,JH-000161,161,Deck 1｜骨格・基礎,条約・会議・外交,ワシントン会議,わしんとんかいぎ,,近代,欧米,アメリカ・ワシントン、太平洋・中国,1921〜1922年,1921,JH-000161-R03,reverse,結果・関連,reverse,何につながった・どんな意味があった？,**日英同盟**を終了させ、協調外交と軍縮を柱とするワシントン体制を形成した。,四カ国条約|九カ国条約|ワシントン海軍軍縮条約|日英同盟|協調外交|ワシントン体制,,,,外務省「日本外交文書」,https://www.mofa.go.jp/mofaj/annai/honsho/shiryo/bunsho/index.html
日本史段階別デッキ｜Deck 1｜日本史の最重要骨格400語,JH-000161,161,Deck 1｜骨格・基礎,条約・会議・外交,ワシントン会議,わしんとんかいぎ,,近代,欧米,アメリカ・ワシントン、太平洋・中国,1921〜1922年,1921,JH-000161-I01,integrated,統合説明,integrated,「ワシントン会議(わしんとんかいぎ)」について説明せよ。,1921〜1922年、アメリカ・ワシントン、太平洋・中国を主な舞台として、アメリカのワシントンで開かれ、**四カ国条約・九カ国条約・海軍軍縮条約**によって太平洋・中国秩序と主力艦制限を定めた国際会議。 **日英同盟**を終了させ、協調外交と軍縮を柱とするワシントン体制を形成した。,四カ国条約|九カ国条約|ワシントン海軍軍縮条約|日英同盟|協調外交|ワシントン体制,,,1921〜1922年：「行くに一歩」（1921）年から「行くに二歩」（1922）年までのワシントン会議,外務省「日本外交文書」,https://www.mofa.go.jp/mofaj/annai/honsho/shiryo/bunsho/index.html
日本史段階別デッキ｜Deck 1｜日本史の最重要骨格400語,JH-000162,162,Deck 1｜骨格・基礎,事件・政変,関東大震災,かんとうだいしんさい,,近代,関東,東京・横浜を中心とする南関東,1923年,1923,JH-000162-B01,beginner,用語の特定,identify,東京・横浜を中心に大火災と壊滅的被害をもたらし、朝鮮人虐殺なども起きた大震災は？,関東大震災(かんとうだいしんさい),関東大震災,,,,国立歴史民俗博物館「第5展示室 近代」,https://www.rekihaku.ac.jp/exhibitions/room5/
日本史段階別デッキ｜Deck 1｜日本史の最重要骨格400語,JH-000162,162,Deck 1｜骨格・基礎,事件・政変,関東大震災,かんとうだいしんさい,,近代,関東,東京・横浜を中心とする南関東,1923年,1923,JH-000162-B02,beginner,時期,time,関東大震災(かんとうだいしんさい)が起きたのはいつ？,1923年,1923年,,,1923年：「行く兄さん」（1923）関東大震災,国立歴史民俗博物館「第5展示室 近代」,https://www.rekihaku.ac.jp/exhibitions/room5/
日本史段階別デッキ｜Deck 1｜日本史の最重要骨格400語,JH-000162,162,Deck 1｜骨格・基礎,事件・政変,関東大震災,かんとうだいしんさい,,近代,関東,東京・横浜を中心とする南関東,1923年,1923,JH-000162-B03,beginner,被害,actor,関東大震災(かんとうだいしんさい)の際、流言を背景に虐殺された主な人々は？,朝鮮人,朝鮮人,,,,国立歴史民俗博物館「第5展示室 近代」,https://www.rekihaku.ac.jp/exhibitions/room5/
日本史段階別デッキ｜Deck 1｜日本史の最重要骨格400語,JH-000162,162,Deck 1｜骨格・基礎,事件・政変,関東大震災,かんとうだいしんさい,,近代,関東,東京・横浜を中心とする南関東,1923年,1923,JH-000162-R01,reverse,時期,time,起きたのはいつ？,**1923年**,1923年,,,1923年：「行く兄さん」（1923）関東大震災,国立歴史民俗博物館「第5展示室 近代」,https://www.rekihaku.ac.jp/exhibitions/room5/
日本史段階別デッキ｜Deck 1｜日本史の最重要骨格400語,JH-000162,162,Deck 1｜骨格・基礎,事件・政変,関東大震災,かんとうだいしんさい,,近代,関東,東京・横浜を中心とする南関東,1923年,1923,JH-000162-R02,reverse,複合説明,reverse,何が起きた？,**東京**・横浜を中心とする南関東で発生し、地震と大火災によって多数の死者・行方不明者と都市破壊をもたらした災害。,東京|横浜|大火災|戒厳令|流言|朝鮮人虐殺|復興事業,,,,国立歴史民俗博物館「第5展示室 近代」,https://www.rekihaku.ac.jp/exhibitions/room5/
日本史段階別デッキ｜Deck 1｜日本史の最重要骨格400語,JH-000162,162,Deck 1｜骨格・基礎,事件・政変,関東大震災,かんとうだいしんさい,,近代,関東,東京・横浜を中心とする南関東,1923年,1923,JH-000162-R03,reverse,結果・関連,reverse,何につながった・どんな意味があった？,戒厳令下で流言が広がり、**朝鮮人・中国人・社会主義者らが殺害**され、復興事業と都市計画にも大きな影響を与えた。,東京|横浜|大火災|戒厳令|流言|朝鮮人虐殺|復興事業,,,,国立歴史民俗博物館「第5展示室 近代」,https://www.rekihaku.ac.jp/exhibitions/room5/
日本史段階別デッキ｜Deck 1｜日本史の最重要骨格400語,JH-000162,162,Deck 1｜骨格・基礎,事件・政変,関東大震災,かんとうだいしんさい,,近代,関東,東京・横浜を中心とする南関東,1923年,1923,JH-000162-I01,integrated,統合説明,integrated,「関東大震災(かんとうだいしんさい)」について説明せよ。,1923年、東京・横浜を中心とする南関東を主な舞台として、**東京**・横浜を中心とする南関東で発生し、地震と大火災によって多数の死者・行方不明者と都市破壊をもたらした災害。 戒厳令下で流言が広がり、**朝鮮人・中国人・社会主義者らが殺害**され、復興事業と都市計画にも大きな影響を与えた。,東京|横浜|大火災|戒厳令|流言|朝鮮人虐殺|復興事業,,,1923年：「行く兄さん」（1923）関東大震災,国立歴史民俗博物館「第5展示室 近代」,https://www.rekihaku.ac.jp/exhibitions/room5/
日本史段階別デッキ｜Deck 1｜日本史の最重要骨格400語,JH-000264,264,Deck 1｜骨格・基礎,運動,第二次護憲運動,だいにじごけんうんどう,,近代,日本全国,東京を中心に全国,1924年,1924,JH-000264-B01,beginner,用語の特定,identify,清浦奎吾(きようらけいご)の超然内閣に対し、護憲三派が普通選挙と政党内閣を求めた運動は？,第二次護憲運動,第二次護憲運動,,,,国立国会図書館「史料にみる日本の近代」,https://www.ndl.go.jp/modern/
日本史段階別デッキ｜Deck 1｜日本史の最重要骨格400語,JH-000264,264,Deck 1｜骨格・基礎,運動,第二次護憲運動,だいにじごけんうんどう,,近代,日本全国,東京を中心に全国,1924年,1924,JH-000264-B02,beginner,時期,time,第二次護憲運動が起きた・盛んだったのはいつ？,1924年,1924年,,,1924年：「行く西」（1924）と結ぶ第二次護憲運動,国立国会図書館「史料にみる日本の近代」,https://www.ndl.go.jp/modern/
日本史段階別デッキ｜Deck 1｜日本史の最重要骨格400語,JH-000264,264,Deck 1｜骨格・基礎,運動,第二次護憲運動,だいにじごけんうんどう,,近代,日本全国,東京を中心に全国,1924年,1924,JH-000264-B03,beginner,組織,actor,第二次護憲運動を担った三政党をまとめて何という？,護憲三派,護憲三派,,,,国立国会図書館「史料にみる日本の近代」,https://www.ndl.go.jp/modern/
日本史段階別デッキ｜Deck 1｜日本史の最重要骨格400語,JH-000264,264,Deck 1｜骨格・基礎,運動,第二次護憲運動,だいにじごけんうんどう,,近代,日本全国,東京を中心に全国,1924年,1924,JH-000264-R01,reverse,時期,time,起きた・盛んだったのはいつ？,**1924年**,1924年,,,1924年：「行く西」（1924）と結ぶ第二次護憲運動,国立国会図書館「史料にみる日本の近代」,https://www.ndl.go.jp/modern/
日本史段階別デッキ｜Deck 1｜日本史の最重要骨格400語,JH-000264,264,Deck 1｜骨格・基礎,運動,第二次護憲運動,だいにじごけんうんどう,,近代,日本全国,東京を中心に全国,1924年,1924,JH-000264-R02,reverse,複合説明,reverse,何を求めて、何が起きた？,清浦奎吾(きようらけいご)の貴族院中心の内閣に対し、立憲政友会・憲政会・革新倶楽部(かくしんくらぶ)の**護憲三派**が政党内閣と普通選挙を求めた運動。,清浦奎吾|立憲政友会|憲政会|革新倶楽部|護憲三派|加藤高明|普通選挙法,,,,国立国会図書館「史料にみる日本の近代」,https://www.ndl.go.jp/modern/
日本史段階別デッキ｜Deck 1｜日本史の最重要骨格400語,JH-000264,264,Deck 1｜骨格・基礎,運動,第二次護憲運動,だいにじごけんうんどう,,近代,日本全国,東京を中心に全国,1924年,1924,JH-000264-R03,reverse,結果・関連,reverse,何につながった・どんな意味があった？,総選挙で**護憲三派**が勝利し、加藤高明内閣成立と普通選挙法制定、政党内閣期の定着につながった。,清浦奎吾|立憲政友会|憲政会|革新倶楽部|護憲三派|加藤高明|普通選挙法,,,,国立国会図書館「史料にみる日本の近代」,https://www.ndl.go.jp/modern/
日本史段階別デッキ｜Deck 1｜日本史の最重要骨格400語,JH-000264,264,Deck 1｜骨格・基礎,運動,第二次護憲運動,だいにじごけんうんどう,,近代,日本全国,東京を中心に全国,1924年,1924,JH-000264-I01,integrated,統合説明,integrated,「第二次護憲運動」について説明せよ。,1924年、東京を中心に全国を主な舞台として、清浦奎吾(きようらけいご)の貴族院中心の内閣に対し、立憲政友会・憲政会・革新倶楽部(かくしんくらぶ)の**護憲三派**が政党内閣と普通選挙を求めた運動。 総選挙で**護憲三派**が勝利し、加藤高明内閣成立と普通選挙法制定、政党内閣期の定着につながった。,清浦奎吾|立憲政友会|憲政会|革新倶楽部|護憲三派|加藤高明|普通選挙法,,,1924年：「行く西」（1924）と結ぶ第二次護憲運動,国立国会図書館「史料にみる日本の近代」,https://www.ndl.go.jp/modern/
日本史段階別デッキ｜Deck 1｜日本史の最重要骨格400語,JH-000049,49,Deck 1｜骨格・基礎,制度・政策・法律,普通選挙法,ふつうせんきょほう,,近代,日本全国,日本全国,1925年,1925,JH-000049-B01,beginner,用語の特定,identify,納税額にかかわらず満25歳以上の男子に衆議院議員選挙権を認めた法律は？,普通選挙法,普通選挙法,,,,国立公文書館「近代国家 日本の登場」,https://www.archives.go.jp/exhibition/digital/modean_state/index.html
日本史段階別デッキ｜Deck 1｜日本史の最重要骨格400語,JH-000049,49,Deck 1｜骨格・基礎,制度・政策・法律,普通選挙法,ふつうせんきょほう,,近代,日本全国,日本全国,1925年,1925,JH-000049-B02,beginner,時期,time,普通選挙法が成立・実施されたのはいつ？,1925年,1925年,,,1925年：「行くニコ」（1925）普通選挙法,国立公文書館「近代国家 日本の登場」,https://www.archives.go.jp/exhibition/digital/modean_state/index.html
日本史段階別デッキ｜Deck 1｜日本史の最重要骨格400語,JH-000049,49,Deck 1｜骨格・基礎,制度・政策・法律,普通選挙法,ふつうせんきょほう,,近代,日本全国,日本全国,1925年,1925,JH-000049-B03,beginner,対象,actor,普通選挙法で選挙権を得たのは何歳以上の誰か？,満25歳以上の男子,満25歳以上の男子,,,,国立公文書館「近代国家 日本の登場」,https://www.archives.go.jp/exhibition/digital/modean_state/index.html
日本史段階別デッキ｜Deck 1｜日本史の最重要骨格400語,JH-000049,49,Deck 1｜骨格・基礎,制度・政策・法律,普通選挙法,ふつうせんきょほう,,近代,日本全国,日本全国,1925年,1925,JH-000049-R01,reverse,時期,time,成立・実施されたのはいつ？,**1925年**,1925年,,,1925年：「行くニコ」（1925）普通選挙法,国立公文書館「近代国家 日本の登場」,https://www.archives.go.jp/exhibition/digital/modean_state/index.html
日本史段階別デッキ｜Deck 1｜日本史の最重要骨格400語,JH-000049,49,Deck 1｜骨格・基礎,制度・政策・法律,普通選挙法,ふつうせんきょほう,,近代,日本全国,日本全国,1925年,1925,JH-000049-R02,reverse,複合説明,reverse,どんな制度・政策・法律？,納税額による制限を撤廃し、日本全国の**満25歳以上の男子**に衆議院議員選挙権を認めた法律。,納税資格撤廃|満25歳以上男子|衆議院|有権者|女性参政権なし|治安維持法,,,,国立公文書館「近代国家 日本の登場」,https://www.archives.go.jp/exhibition/digital/modean_state/index.html
日本史段階別デッキ｜Deck 1｜日本史の最重要骨格400語,JH-000049,49,Deck 1｜骨格・基礎,制度・政策・法律,普通選挙法,ふつうせんきょほう,,近代,日本全国,日本全国,1925年,1925,JH-000049-R03,reverse,結果・関連,reverse,何につながった・どんな意味があった？,**有権者**を大幅に増やして大衆政治を進めたが、女性には選挙権がなく、同年の治安維持法(ちあんいじほう)が政治運動を抑圧した。,納税資格撤廃|満25歳以上男子|衆議院|有権者|女性参政権なし|治安維持法,,,,国立公文書館「近代国家 日本の登場」,https://www.archives.go.jp/exhibition/digital/modean_state/index.html
日本史段階別デッキ｜Deck 1｜日本史の最重要骨格400語,JH-000049,49,Deck 1｜骨格・基礎,制度・政策・法律,普通選挙法,ふつうせんきょほう,,近代,日本全国,日本全国,1925年,1925,JH-000049-I01,integrated,統合説明,integrated,「普通選挙法」について説明せよ。,1925年、日本全国を主な舞台として、納税額による制限を撤廃し、日本全国の**満25歳以上の男子**に衆議院議員選挙権を認めた法律。 **有権者**を大幅に増やして大衆政治を進めたが、女性には選挙権がなく、同年の治安維持法(ちあんいじほう)が政治運動を抑圧した。,納税資格撤廃|満25歳以上男子|衆議院|有権者|女性参政権なし|治安維持法,,,1925年：「行くニコ」（1925）普通選挙法,国立公文書館「近代国家 日本の登場」,https://www.archives.go.jp/exhibition/digital/modean_state/index.html
日本史段階別デッキ｜Deck 1｜日本史の最重要骨格400語,JH-000050,50,Deck 1｜骨格・基礎,制度・政策・法律,治安維持法,ちあんいじほう,,近代,日本全国,日本本土・植民地,1925〜1945年,1925,JH-000050-B01,beginner,用語の特定,identify,国体変革や私有財産制度否認を目的とする結社・運動を取り締まった法律は？,治安維持法(ちあんいじほう),治安維持法,,,,国立公文書館「近代国家 日本の登場」,https://www.archives.go.jp/exhibition/digital/modean_state/index.html
日本史段階別デッキ｜Deck 1｜日本史の最重要骨格400語,JH-000050,50,Deck 1｜骨格・基礎,制度・政策・法律,治安維持法,ちあんいじほう,,近代,日本全国,日本本土・植民地,1925〜1945年,1925,JH-000050-B02,beginner,時期,time,治安維持法(ちあんいじほう)が成立・実施されたのはいつ？,1925〜1945年,1925〜1945年,,,1925〜1945年：「行くニコ」（1925）から「行くよ後」（1945）まで治安維持法,国立公文書館「近代国家 日本の登場」,https://www.archives.go.jp/exhibition/digital/modean_state/index.html
日本史段階別デッキ｜Deck 1｜日本史の最重要骨格400語,JH-000050,50,Deck 1｜骨格・基礎,制度・政策・法律,治安維持法,ちあんいじほう,,近代,日本全国,日本本土・植民地,1925〜1945年,1925,JH-000050-B03,beginner,内容,content,治安維持法(ちあんいじほう)が当初取り締まり対象とした二つの目的は？,国体変革・私有財産制度否認,国体変革・私有財産制度否認,,,,国立公文書館「近代国家 日本の登場」,https://www.archives.go.jp/exhibition/digital/modean_state/index.html
日本史段階別デッキ｜Deck 1｜日本史の最重要骨格400語,JH-000050,50,Deck 1｜骨格・基礎,制度・政策・法律,治安維持法,ちあんいじほう,,近代,日本全国,日本本土・植民地,1925〜1945年,1925,JH-000050-R01,reverse,時期,time,成立・実施されたのはいつ？,**1925〜1945年**,1925〜1945年,,,1925〜1945年：「行くニコ」（1925）から「行くよ後」（1945）まで治安維持法,国立公文書館「近代国家 日本の登場」,https://www.archives.go.jp/exhibition/digital/modean_state/index.html
日本史段階別デッキ｜Deck 1｜日本史の最重要骨格400語,JH-000050,50,Deck 1｜骨格・基礎,制度・政策・法律,治安維持法,ちあんいじほう,,近代,日本全国,日本本土・植民地,1925〜1945年,1925,JH-000050-R02,reverse,複合説明,reverse,どんな制度・政策・法律？,日本本土と植民地で、**国体変革・私有財産制度否認**を目的とする結社や運動を取り締まった法律。,国体変革|私有財産制度否認|共産主義|特高警察|転向|思想弾圧,,,,国立公文書館「近代国家 日本の登場」,https://www.archives.go.jp/exhibition/digital/modean_state/index.html
日本史段階別デッキ｜Deck 1｜日本史の最重要骨格400語,JH-000050,50,Deck 1｜骨格・基礎,制度・政策・法律,治安維持法,ちあんいじほう,,近代,日本全国,日本本土・植民地,1925〜1945年,1925,JH-000050-R03,reverse,結果・関連,reverse,何につながった・どんな意味があった？,**共産主義**者から宗教者・自由主義者などへ適用を拡大し、特高警察と転向政策によって思想・言論を抑圧した。,国体変革|私有財産制度否認|共産主義|特高警察|転向|思想弾圧,,,,国立公文書館「近代国家 日本の登場」,https://www.archives.go.jp/exhibition/digital/modean_state/index.html
日本史段階別デッキ｜Deck 1｜日本史の最重要骨格400語,JH-000050,50,Deck 1｜骨格・基礎,制度・政策・法律,治安維持法,ちあんいじほう,,近代,日本全国,日本本土・植民地,1925〜1945年,1925,JH-000050-I01,integrated,統合説明,integrated,「治安維持法(ちあんいじほう)」について説明せよ。,1925〜1945年、日本本土・植民地を主な舞台として、日本本土と植民地で、**国体変革・私有財産制度否認**を目的とする結社や運動を取り締まった法律。 **共産主義**者から宗教者・自由主義者などへ適用を拡大し、特高警察と転向政策によって思想・言論を抑圧した。,国体変革|私有財産制度否認|共産主義|特高警察|転向|思想弾圧,,,1925〜1945年：「行くニコ」（1925）から「行くよ後」（1945）まで治安維持法,国立公文書館「近代国家 日本の登場」,https://www.archives.go.jp/exhibition/digital/modean_state/index.html
日本史段階別デッキ｜Deck 1｜日本史の最重要骨格400語,JH-000210,210,Deck 1｜骨格・基礎,事件・政変,金融恐慌,きんゆうきょうこう,,近代,日本全国,東京・関西・台湾を含む金融市場,1927年,1927,JH-000210-B01,beginner,用語の特定,identify,片岡直温(かたおかなおはる)蔵相の失言をきっかけに銀行取り付けが全国へ広がり、台湾銀行などが危機に陥った恐慌は？,金融恐慌(きんゆうきょうこう),金融恐慌,,,,国立歴史民俗博物館「第5展示室 近代」,https://www.rekihaku.ac.jp/exhibitions/room5/
日本史段階別デッキ｜Deck 1｜日本史の最重要骨格400語,JH-000210,210,Deck 1｜骨格・基礎,事件・政変,金融恐慌,きんゆうきょうこう,,近代,日本全国,東京・関西・台湾を含む金融市場,1927年,1927,JH-000210-B02,beginner,時期,time,金融恐慌(きんゆうきょうこう)が起きたのはいつ？,1927年,1927年,,,1927年：「行く船」（1927）と結ぶ金融恐慌,国立歴史民俗博物館「第5展示室 近代」,https://www.rekihaku.ac.jp/exhibitions/room5/
日本史段階別デッキ｜Deck 1｜日本史の最重要骨格400語,JH-000210,210,Deck 1｜骨格・基礎,事件・政変,金融恐慌,きんゆうきょうこう,,近代,日本全国,東京・関西・台湾を含む金融市場,1927年,1927,JH-000210-B03,beginner,企業,actor,金融恐慌(きんゆうきょうこう)で経営危機が表面化した有力商社は？,鈴木商店,鈴木商店,,,,国立歴史民俗博物館「第5展示室 近代」,https://www.rekihaku.ac.jp/exhibitions/room5/
日本史段階別デッキ｜Deck 1｜日本史の最重要骨格400語,JH-000210,210,Deck 1｜骨格・基礎,事件・政変,金融恐慌,きんゆうきょうこう,,近代,日本全国,東京・関西・台湾を含む金融市場,1927年,1927,JH-000210-R01,reverse,時期,time,起きたのはいつ？,**1927年**,1927年,,,1927年：「行く船」（1927）と結ぶ金融恐慌,国立歴史民俗博物館「第5展示室 近代」,https://www.rekihaku.ac.jp/exhibitions/room5/
日本史段階別デッキ｜Deck 1｜日本史の最重要骨格400語,JH-000210,210,Deck 1｜骨格・基礎,事件・政変,金融恐慌,きんゆうきょうこう,,近代,日本全国,東京・関西・台湾を含む金融市場,1927年,1927,JH-000210-R02,reverse,複合説明,reverse,何が起きた？,不良債権を抱えた銀行への不安が蔵相発言で表面化し、全国で**銀行取り付け**が広がって台湾銀行・鈴木商店が危機に陥った恐慌。,銀行取り付け|台湾銀行|鈴木商店|若槻礼次郎|田中義一|支払猶予令,,,,国立歴史民俗博物館「第5展示室 近代」,https://www.rekihaku.ac.jp/exhibitions/room5/
日本史段階別デッキ｜Deck 1｜日本史の最重要骨格400語,JH-000210,210,Deck 1｜骨格・基礎,事件・政変,金融恐慌,きんゆうきょうこう,,近代,日本全国,東京・関西・台湾を含む金融市場,1927年,1927,JH-000210-R03,reverse,結果・関連,reverse,何につながった・どんな意味があった？,**若槻礼次郎(わかつきれいじろう)**内閣が退陣し、田中義一内閣が支払猶予令と日本銀行特別融資で収拾した。,銀行取り付け|台湾銀行|鈴木商店|若槻礼次郎|田中義一|支払猶予令,,,,国立歴史民俗博物館「第5展示室 近代」,https://www.rekihaku.ac.jp/exhibitions/room5/
日本史段階別デッキ｜Deck 1｜日本史の最重要骨格400語,JH-000210,210,Deck 1｜骨格・基礎,事件・政変,金融恐慌,きんゆうきょうこう,,近代,日本全国,東京・関西・台湾を含む金融市場,1927年,1927,JH-000210-I01,integrated,統合説明,integrated,「金融恐慌(きんゆうきょうこう)」について説明せよ。,1927年、東京・関西・台湾を含む金融市場を主な舞台として、不良債権を抱えた銀行への不安が蔵相発言で表面化し、全国で**銀行取り付け**が広がって台湾銀行・鈴木商店が危機に陥った恐慌。 **若槻礼次郎(わかつきれいじろう)**内閣が退陣し、田中義一内閣が支払猶予令と日本銀行特別融資で収拾した。,銀行取り付け|台湾銀行|鈴木商店|若槻礼次郎|田中義一|支払猶予令,,,1927年：「行く船」（1927）と結ぶ金融恐慌,国立歴史民俗博物館「第5展示室 近代」,https://www.rekihaku.ac.jp/exhibitions/room5/
日本史段階別デッキ｜Deck 1｜日本史の最重要骨格400語,JH-000163,163,Deck 1｜骨格・基礎,事件・政変,昭和恐慌,しょうわきょうこう,,近代,日本全国,都市・農村・植民地を含む日本経済,1930〜1931年,1930,JH-000163-B01,beginner,用語の特定,identify,世界恐慌と金解禁が重なり、輸出減・物価下落・失業・農村不況を深刻化させた恐慌は？,昭和恐慌(しょうわきょうこう),昭和恐慌,,,,国立歴史民俗博物館「第5展示室 近代」,https://www.rekihaku.ac.jp/exhibitions/room5/
日本史段階別デッキ｜Deck 1｜日本史の最重要骨格400語,JH-000163,163,Deck 1｜骨格・基礎,事件・政変,昭和恐慌,しょうわきょうこう,,近代,日本全国,都市・農村・植民地を含む日本経済,1930〜1931年,1930,JH-000163-B02,beginner,時期,time,昭和恐慌(しょうわきょうこう)が起きたのはいつ？,1930〜1931年,1930〜1931年,,,1930〜1931年：「戦去れ」（1930）年から「行くさい」（1931）年までの昭和恐慌,国立歴史民俗博物館「第5展示室 近代」,https://www.rekihaku.ac.jp/exhibitions/room5/
日本史段階別デッキ｜Deck 1｜日本史の最重要骨格400語,JH-000163,163,Deck 1｜骨格・基礎,事件・政変,昭和恐慌,しょうわきょうこう,,近代,日本全国,都市・農村・植民地を含む日本経済,1930〜1931年,1930,JH-000163-B03,beginner,政策,cause,昭和恐慌(しょうわきょうこう)を悪化させた井上準之助の通貨政策は？,金解禁,金解禁,,,,国立歴史民俗博物館「第5展示室 近代」,https://www.rekihaku.ac.jp/exhibitions/room5/
日本史段階別デッキ｜Deck 1｜日本史の最重要骨格400語,JH-000163,163,Deck 1｜骨格・基礎,事件・政変,昭和恐慌,しょうわきょうこう,,近代,日本全国,都市・農村・植民地を含む日本経済,1930〜1931年,1930,JH-000163-R01,reverse,時期,time,起きたのはいつ？,**1930〜1931年**,1930〜1931年,,,1930〜1931年：「戦去れ」（1930）年から「行くさい」（1931）年までの昭和恐慌,国立歴史民俗博物館「第5展示室 近代」,https://www.rekihaku.ac.jp/exhibitions/room5/
日本史段階別デッキ｜Deck 1｜日本史の最重要骨格400語,JH-000163,163,Deck 1｜骨格・基礎,事件・政変,昭和恐慌,しょうわきょうこう,,近代,日本全国,都市・農村・植民地を含む日本経済,1930〜1931年,1930,JH-000163-R02,reverse,複合説明,reverse,何が起きた？,世界恐慌下で井上準之助蔵相が**金解禁**を行ったため円高・デフレが進み、輸出減・企業倒産・失業が拡大した恐慌。,世界恐慌|金解禁|円高|デフレ|生糸価格|農村疲弊|軍部台頭,,,,国立歴史民俗博物館「第5展示室 近代」,https://www.rekihaku.ac.jp/exhibitions/room5/
日本史段階別デッキ｜Deck 1｜日本史の最重要骨格400語,JH-000163,163,Deck 1｜骨格・基礎,事件・政変,昭和恐慌,しょうわきょうこう,,近代,日本全国,都市・農村・植民地を含む日本経済,1930〜1931年,1930,JH-000163-R03,reverse,結果・関連,reverse,何につながった・どんな意味があった？,**生糸価格**下落と豊作飢饉で農村が疲弊し、政党政治への不信と軍部・国家主義の台頭を促した。,世界恐慌|金解禁|円高|デフレ|生糸価格|農村疲弊|軍部台頭,,,,国立歴史民俗博物館「第5展示室 近代」,https://www.rekihaku.ac.jp/exhibitions/room5/
日本史段階別デッキ｜Deck 1｜日本史の最重要骨格400語,JH-000163,163,Deck 1｜骨格・基礎,事件・政変,昭和恐慌,しょうわきょうこう,,近代,日本全国,都市・農村・植民地を含む日本経済,1930〜1931年,1930,JH-000163-I01,integrated,統合説明,integrated,「昭和恐慌(しょうわきょうこう)」について説明せよ。,1930〜1931年、都市・農村・植民地を含む日本経済を主な舞台として、世界恐慌下で井上準之助蔵相が**金解禁**を行ったため円高・デフレが進み、輸出減・企業倒産・失業が拡大した恐慌。 **生糸価格**下落と豊作飢饉で農村が疲弊し、政党政治への不信と軍部・国家主義の台頭を促した。,世界恐慌|金解禁|円高|デフレ|生糸価格|農村疲弊|軍部台頭,,,1930〜1931年：「戦去れ」（1930）年から「行くさい」（1931）年までの昭和恐慌,国立歴史民俗博物館「第5展示室 近代」,https://www.rekihaku.ac.jp/exhibitions/room5/
日本史段階別デッキ｜Deck 1｜日本史の最重要骨格400語,JH-000051,51,Deck 1｜骨格・基礎,戦争・争乱,満州事変,まんしゅうじへん,,近代,東アジア,中国東北部・満州,1931年以後,1931,JH-000051-B01,beginner,用語の特定,identify,関東軍が柳条湖で南満州鉄道(みなみまんしゅうてつどう)を爆破し、中国軍の仕業として満州を占領した軍事行動は？,満州事変(まんしゅうじへん),満州事変,,,,国立公文書館 アジア歴史資料センター,https://www.jacar.go.jp/
日本史段階別デッキ｜Deck 1｜日本史の最重要骨格400語,JH-000051,51,Deck 1｜骨格・基礎,戦争・争乱,満州事変,まんしゅうじへん,,近代,東アジア,中国東北部・満州,1931年以後,1931,JH-000051-B02,beginner,時期,time,満州事変(まんしゅうじへん)が戦われたのはいつ？,1931年以後,1931年以後,,,1931年以後：「行くさい」（1931）から続く満州事変,国立公文書館 アジア歴史資料センター,https://www.jacar.go.jp/
日本史段階別デッキ｜Deck 1｜日本史の最重要骨格400語,JH-000051,51,Deck 1｜骨格・基礎,戦争・争乱,満州事変,まんしゅうじへん,,近代,東アジア,中国東北部・満州,1931年以後,1931,JH-000051-B03,beginner,事件,cause,満州事変(まんしゅうじへん)の発端となった鉄道爆破事件は？,柳条湖事件(りゅうじょうこじけん),柳条湖事件,,,,国立公文書館 アジア歴史資料センター,https://www.jacar.go.jp/
日本史段階別デッキ｜Deck 1｜日本史の最重要骨格400語,JH-000051,51,Deck 1｜骨格・基礎,戦争・争乱,満州事変,まんしゅうじへん,,近代,東アジア,中国東北部・満州,1931年以後,1931,JH-000051-R01,reverse,時期,time,戦われたのはいつ？,**1931年以後**,1931年以後,,,1931年以後：「行くさい」（1931）から続く満州事変,国立公文書館 アジア歴史資料センター,https://www.jacar.go.jp/
日本史段階別デッキ｜Deck 1｜日本史の最重要骨格400語,JH-000051,51,Deck 1｜骨格・基礎,戦争・争乱,満州事変,まんしゅうじへん,,近代,東アジア,中国東北部・満州,1931年以後,1931,JH-000051-R02,reverse,複合説明,reverse,何が起きた？,中国東北部で日本の**関東軍**が柳条湖の南満州鉄道(みなみまんしゅうてつどう)を爆破し、中国軍の行為と称して軍事占領を拡大した事件。,関東軍|柳条湖事件|南満州鉄道|軍事占領|満州国|国際連盟脱退|日中戦争,,,,国立公文書館 アジア歴史資料センター,https://www.jacar.go.jp/
日本史段階別デッキ｜Deck 1｜日本史の最重要骨格400語,JH-000051,51,Deck 1｜骨格・基礎,戦争・争乱,満州事変,まんしゅうじへん,,近代,東アジア,中国東北部・満州,1931年以後,1931,JH-000051-R03,reverse,結果・関連,reverse,何につながった・どんな意味があった？,政府の不拡大方針を無視して**満州国(まんしゅうこく)**建国へ進み、国際連盟脱退(こくさいれんめいだったい)と日中戦争(にっちゅうせんそう)への道を開いた。,関東軍|柳条湖事件|南満州鉄道|軍事占領|満州国|国際連盟脱退|日中戦争,,,,国立公文書館 アジア歴史資料センター,https://www.jacar.go.jp/
日本史段階別デッキ｜Deck 1｜日本史の最重要骨格400語,JH-000051,51,Deck 1｜骨格・基礎,戦争・争乱,満州事変,まんしゅうじへん,,近代,東アジア,中国東北部・満州,1931年以後,1931,JH-000051-I01,integrated,統合説明,integrated,「満州事変(まんしゅうじへん)」について説明せよ。,1931年以後、中国東北部・満州を主な舞台として、中国東北部で日本の**関東軍**が柳条湖の南満州鉄道(みなみまんしゅうてつどう)を爆破し、中国軍の行為と称して軍事占領を拡大した事件。 政府の不拡大方針を無視して**満州国(まんしゅうこく)**建国へ進み、国際連盟脱退(こくさいれんめいだったい)と日中戦争(にっちゅうせんそう)への道を開いた。,関東軍|柳条湖事件|南満州鉄道|軍事占領|満州国|国際連盟脱退|日中戦争,,,1931年以後：「行くさい」（1931）から続く満州事変,国立公文書館 アジア歴史資料センター,https://www.jacar.go.jp/
日本史段階別デッキ｜Deck 1｜日本史の最重要骨格400語,JH-000164,164,Deck 1｜骨格・基礎,朝廷・政権・幕府,満州国,まんしゅうこく,,近代,東アジア,中国東北部,1932〜1945年,1932,JH-000164-B01,beginner,用語の特定,identify,関東軍が中国東北部に建て、清朝最後の皇帝溥儀(ふぎ)を元首とした傀儡国家は？,満州国(まんしゅうこく),満州国,,,,国立公文書館 アジア歴史資料センター,https://www.jacar.go.jp/
日本史段階別デッキ｜Deck 1｜日本史の最重要骨格400語,JH-000164,164,Deck 1｜骨格・基礎,朝廷・政権・幕府,満州国,まんしゅうこく,,近代,東アジア,中国東北部,1932〜1945年,1932,JH-000164-B02,beginner,時期,time,満州国(まんしゅうこく)が存在・機能したのはいつ？,1932〜1945年,1932〜1945年,,,1932〜1945年：「戦に」（1932）年から「行くよ後」（1945）年までの満州国,国立公文書館 アジア歴史資料センター,https://www.jacar.go.jp/
日本史段階別デッキ｜Deck 1｜日本史の最重要骨格400語,JH-000164,164,Deck 1｜骨格・基礎,朝廷・政権・幕府,満州国,まんしゅうこく,,近代,東アジア,中国東北部,1932〜1945年,1932,JH-000164-B03,beginner,人物,person,満州国(まんしゅうこく)の元首に据えられた人物は？,溥儀(ふぎ),溥儀,,,,国立公文書館 アジア歴史資料センター,https://www.jacar.go.jp/
日本史段階別デッキ｜Deck 1｜日本史の最重要骨格400語,JH-000164,164,Deck 1｜骨格・基礎,朝廷・政権・幕府,満州国,まんしゅうこく,,近代,東アジア,中国東北部,1932〜1945年,1932,JH-000164-R01,reverse,時期,time,存在・機能したのはいつ？,**1932〜1945年**,1932〜1945年,,,1932〜1945年：「戦に」（1932）年から「行くよ後」（1945）年までの満州国,国立公文書館 アジア歴史資料センター,https://www.jacar.go.jp/
日本史段階別デッキ｜Deck 1｜日本史の最重要骨格400語,JH-000164,164,Deck 1｜骨格・基礎,朝廷・政権・幕府,満州国,まんしゅうこく,,近代,東アジア,中国東北部,1932〜1945年,1932,JH-000164-R02,reverse,複合説明,reverse,何をした？,日本の関東軍が占領した中国東北部に建て、清朝最後の皇帝**溥儀(ふぎ)**を元首に据えた傀儡国家。,関東軍|中国東北部|溥儀|傀儡国家|資源|土地|労働|大陸侵略,,,,国立公文書館 アジア歴史資料センター,https://www.jacar.go.jp/
日本史段階別デッキ｜Deck 1｜日本史の最重要骨格400語,JH-000164,164,Deck 1｜骨格・基礎,朝廷・政権・幕府,満州国,まんしゅうこく,,近代,東アジア,中国東北部,1932〜1945年,1932,JH-000164-R03,reverse,結果・関連,reverse,何につながった・どんな意味があった？,実権は**関東軍**と日本人官僚が握り、資源・土地・労働を支配して日本の大陸侵略の拠点とした。,関東軍|中国東北部|溥儀|傀儡国家|資源|土地|労働|大陸侵略,,,,国立公文書館 アジア歴史資料センター,https://www.jacar.go.jp/
日本史段階別デッキ｜Deck 1｜日本史の最重要骨格400語,JH-000164,164,Deck 1｜骨格・基礎,朝廷・政権・幕府,満州国,まんしゅうこく,,近代,東アジア,中国東北部,1932〜1945年,1932,JH-000164-I01,integrated,統合説明,integrated,「満州国(まんしゅうこく)」について説明せよ。,1932〜1945年、中国東北部を主な舞台として、日本の関東軍が占領した中国東北部に建て、清朝最後の皇帝**溥儀(ふぎ)**を元首に据えた傀儡国家。 実権は**関東軍**と日本人官僚が握り、資源・土地・労働を支配して日本の大陸侵略の拠点とした。,関東軍|中国東北部|溥儀|傀儡国家|資源|土地|労働|大陸侵略,,,1932〜1945年：「戦に」（1932）年から「行くよ後」（1945）年までの満州国,国立公文書館 アジア歴史資料センター,https://www.jacar.go.jp/
日本史段階別デッキ｜Deck 1｜日本史の最重要骨格400語,JH-000211,211,Deck 1｜骨格・基礎,事件・政変,五・一五事件,ご・いちごじけん,,近代,関東,東京,1932年5月15日,1932,JH-000211-B01,beginner,用語の特定,identify,海軍青年将校らが首相官邸を襲い、犬養毅(いぬかいつよし)首相を暗殺した事件は？,五・一五事件(ご・いちごじけん),五・一五事件,,,,国立公文書館 アジア歴史資料センター,https://www.jacar.go.jp/
日本史段階別デッキ｜Deck 1｜日本史の最重要骨格400語,JH-000211,211,Deck 1｜骨格・基礎,事件・政変,五・一五事件,ご・いちごじけん,,近代,関東,東京,1932年5月15日,1932,JH-000211-B02,beginner,時期,time,五・一五事件(ご・いちごじけん)が起きたのはいつ？,1932年5月15日,1932年5月15日,,,1932年5月15日：「戦に」（1932）、「ご」（5）月「いちご」（15）日に五・一五事件,国立公文書館 アジア歴史資料センター,https://www.jacar.go.jp/
日本史段階別デッキ｜Deck 1｜日本史の最重要骨格400語,JH-000211,211,Deck 1｜骨格・基礎,事件・政変,五・一五事件,ご・いちごじけん,,近代,関東,東京,1932年5月15日,1932,JH-000211-B03,beginner,人物,person,五・一五事件(ご・いちごじけん)で暗殺された首相は？,犬養毅(いぬかいつよし),犬養毅,,,,国立公文書館 アジア歴史資料センター,https://www.jacar.go.jp/
日本史段階別デッキ｜Deck 1｜日本史の最重要骨格400語,JH-000211,211,Deck 1｜骨格・基礎,事件・政変,五・一五事件,ご・いちごじけん,,近代,関東,東京,1932年5月15日,1932,JH-000211-R01,reverse,時期,time,起きたのはいつ？,**1932年5月15日**,1932年5月15日,,,1932年5月15日：「戦に」（1932）、「ご」（5）月「いちご」（15）日に五・一五事件,国立公文書館 アジア歴史資料センター,https://www.jacar.go.jp/
日本史段階別デッキ｜Deck 1｜日本史の最重要骨格400語,JH-000211,211,Deck 1｜骨格・基礎,事件・政変,五・一五事件,ご・いちごじけん,,近代,関東,東京,1932年5月15日,1932,JH-000211-R02,reverse,複合説明,reverse,何が起きた？,東京で海軍青年将校らが首相官邸などを襲撃し、**犬養毅(いぬかいつよし)首相**を暗殺したテロ事件。,海軍青年将校|犬養毅|首相官邸|政党内閣|軍部,,,,国立公文書館 アジア歴史資料センター,https://www.jacar.go.jp/
日本史段階別デッキ｜Deck 1｜日本史の最重要骨格400語,JH-000211,211,Deck 1｜骨格・基礎,事件・政変,五・一五事件,ご・いちごじけん,,近代,関東,東京,1932年5月15日,1932,JH-000211-R03,reverse,結果・関連,reverse,何につながった・どんな意味があった？,**政党内閣**の時代を終わらせ、軍人・官僚中心の内閣と軍部の政治的影響力拡大につながった。,海軍青年将校|犬養毅|首相官邸|政党内閣|軍部,,,,国立公文書館 アジア歴史資料センター,https://www.jacar.go.jp/
日本史段階別デッキ｜Deck 1｜日本史の最重要骨格400語,JH-000211,211,Deck 1｜骨格・基礎,事件・政変,五・一五事件,ご・いちごじけん,,近代,関東,東京,1932年5月15日,1932,JH-000211-I01,integrated,統合説明,integrated,「五・一五事件(ご・いちごじけん)」について説明せよ。,1932年5月15日、東京を主な舞台として、東京で海軍青年将校らが首相官邸などを襲撃し、**犬養毅(いぬかいつよし)首相**を暗殺したテロ事件。 **政党内閣**の時代を終わらせ、軍人・官僚中心の内閣と軍部の政治的影響力拡大につながった。,海軍青年将校|犬養毅|首相官邸|政党内閣|軍部,,,1932年5月15日：「戦に」（1932）、「ご」（5）月「いちご」（15）日に五・一五事件,国立公文書館 アジア歴史資料センター,https://www.jacar.go.jp/
日本史段階別デッキ｜Deck 1｜日本史の最重要骨格400語,JH-000165,165,Deck 1｜骨格・基礎,条約・会議・外交,国際連盟脱退,こくさいれんめいだったい,,近代,欧米,ジュネーブ・日本・中国東北部,1933年,1933,JH-000165-B01,beginner,用語の特定,identify,満州国(まんしゅうこく)を認めないリットン報告書を国際連盟総会が採択した後、日本が行った外交行動は？,国際連盟脱退(こくさいれんめいだったい),国際連盟脱退,,,,外務省「日本外交文書」,https://www.mofa.go.jp/mofaj/annai/honsho/shiryo/bunsho/index.html
日本史段階別デッキ｜Deck 1｜日本史の最重要骨格400語,JH-000165,165,Deck 1｜骨格・基礎,条約・会議・外交,国際連盟脱退,こくさいれんめいだったい,,近代,欧米,ジュネーブ・日本・中国東北部,1933年,1933,JH-000165-B02,beginner,時期,time,日本の国際連盟脱退(こくさいれんめいだったい)はいつ？,1933年,1933年,,,1933年：「戦散々」（1933）と結ぶ国際連盟脱退,外務省「日本外交文書」,https://www.mofa.go.jp/mofaj/annai/honsho/shiryo/bunsho/index.html
日本史段階別デッキ｜Deck 1｜日本史の最重要骨格400語,JH-000165,165,Deck 1｜骨格・基礎,条約・会議・外交,国際連盟脱退,こくさいれんめいだったい,,近代,欧米,ジュネーブ・日本・中国東北部,1933年,1933,JH-000165-B03,beginner,文書,cause,国際連盟脱退(こくさいれんめいだったい)の契機となった調査報告書は？,リットン報告書,リットン報告書,,,,外務省「日本外交文書」,https://www.mofa.go.jp/mofaj/annai/honsho/shiryo/bunsho/index.html
日本史段階別デッキ｜Deck 1｜日本史の最重要骨格400語,JH-000165,165,Deck 1｜骨格・基礎,条約・会議・外交,国際連盟脱退,こくさいれんめいだったい,,近代,欧米,ジュネーブ・日本・中国東北部,1933年,1933,JH-000165-R01,reverse,時期,time,日本が脱退したのはいつ？,**1933年**,1933年,,,1933年：「戦散々」（1933）と結ぶ国際連盟脱退,外務省「日本外交文書」,https://www.mofa.go.jp/mofaj/annai/honsho/shiryo/bunsho/index.html
日本史段階別デッキ｜Deck 1｜日本史の最重要骨格400語,JH-000165,165,Deck 1｜骨格・基礎,条約・会議・外交,国際連盟脱退,こくさいれんめいだったい,,近代,欧米,ジュネーブ・日本・中国東北部,1933年,1933,JH-000165-R02,reverse,複合説明,reverse,何を決めた・どんな関係を作った？,ジュネーブの国際連盟総会が満州国(まんしゅうこく)を認めない**リットン報告書**に基づく勧告を採択したため、日本代表団が退場して脱退を通告した。,国際連盟|満州国|リットン報告書|日本代表団退場|国際協調|外交的孤立,,,,外務省「日本外交文書」,https://www.mofa.go.jp/mofaj/annai/honsho/shiryo/bunsho/index.html
日本史段階別デッキ｜Deck 1｜日本史の最重要骨格400語,JH-000165,165,Deck 1｜骨格・基礎,条約・会議・外交,国際連盟脱退,こくさいれんめいだったい,,近代,欧米,ジュネーブ・日本・中国東北部,1933年,1933,JH-000165-R03,reverse,結果・関連,reverse,何につながった・どんな意味があった？,**国際協調**外交から離れ、日本の外交的孤立と軍事的拡張を深めた。,国際連盟|満州国|リットン報告書|日本代表団退場|国際協調|外交的孤立,,,,外務省「日本外交文書」,https://www.mofa.go.jp/mofaj/annai/honsho/shiryo/bunsho/index.html
日本史段階別デッキ｜Deck 1｜日本史の最重要骨格400語,JH-000165,165,Deck 1｜骨格・基礎,条約・会議・外交,国際連盟脱退,こくさいれんめいだったい,,近代,欧米,ジュネーブ・日本・中国東北部,1933年,1933,JH-000165-I01,integrated,統合説明,integrated,「国際連盟脱退(こくさいれんめいだったい)」について説明せよ。,1933年、ジュネーブ・日本・中国東北部を主な舞台として、ジュネーブの国際連盟総会が満州国(まんしゅうこく)を認めない**リットン報告書**に基づく勧告を採択したため、日本代表団が退場して脱退を通告した。 **国際協調**外交から離れ、日本の外交的孤立と軍事的拡張を深めた。,国際連盟|満州国|リットン報告書|日本代表団退場|国際協調|外交的孤立,,,1933年：「戦散々」（1933）と結ぶ国際連盟脱退,外務省「日本外交文書」,https://www.mofa.go.jp/mofaj/annai/honsho/shiryo/bunsho/index.html
日本史段階別デッキ｜Deck 1｜日本史の最重要骨格400語,JH-000212,212,Deck 1｜骨格・基礎,事件・政変,二・二六事件,に・にろくじけん,,近代,関東,東京中心部,1936年2月26日,1936,JH-000212-B01,beginner,用語の特定,identify,陸軍青年将校らが東京中心部を占拠し、高橋是清(たかはしこれきよ)らを殺害したクーデタ未遂事件は？,二・二六事件(に・にろくじけん),二・二六事件,,,,国立公文書館 アジア歴史資料センター,https://www.jacar.go.jp/
日本史段階別デッキ｜Deck 1｜日本史の最重要骨格400語,JH-000212,212,Deck 1｜骨格・基礎,事件・政変,二・二六事件,に・にろくじけん,,近代,関東,東京中心部,1936年2月26日,1936,JH-000212-B02,beginner,時期,time,二・二六事件(に・にろくじけん)が起きたのはいつ？,1936年2月26日,1936年2月26日,,,1936年2月26日：「戦むごい」（1936）、「に」（2）月「つつむ」（26）日に二・二六事件,国立公文書館 アジア歴史資料センター,https://www.jacar.go.jp/
日本史段階別デッキ｜Deck 1｜日本史の最重要骨格400語,JH-000212,212,Deck 1｜骨格・基礎,事件・政変,二・二六事件,に・にろくじけん,,近代,関東,東京中心部,1936年2月26日,1936,JH-000212-B03,beginner,担い手,actor,二・二六事件(に・にろくじけん)を起こした中心勢力は？,陸軍青年将校,陸軍青年将校,,,,国立公文書館 アジア歴史資料センター,https://www.jacar.go.jp/
日本史段階別デッキ｜Deck 1｜日本史の最重要骨格400語,JH-000212,212,Deck 1｜骨格・基礎,事件・政変,二・二六事件,に・にろくじけん,,近代,関東,東京中心部,1936年2月26日,1936,JH-000212-R01,reverse,時期,time,起きたのはいつ？,**1936年2月26日**,1936年2月26日,,,1936年2月26日：「戦むごい」（1936）、「に」（2）月「つつむ」（26）日に二・二六事件,国立公文書館 アジア歴史資料センター,https://www.jacar.go.jp/
日本史段階別デッキ｜Deck 1｜日本史の最重要骨格400語,JH-000212,212,Deck 1｜骨格・基礎,事件・政変,二・二六事件,に・にろくじけん,,近代,関東,東京中心部,1936年2月26日,1936,JH-000212-R02,reverse,複合説明,reverse,何が起きた？,東京で陸軍青年将校らが部隊を率いて首相官邸周辺を占拠し、**高橋是清(たかはしこれきよ)・斎藤実(さいとうまこと)**らを殺害したクーデタ未遂事件。,陸軍青年将校|高橋是清|斎藤実|クーデタ未遂|天皇|軍部|戦時体制,,,,国立公文書館 アジア歴史資料センター,https://www.jacar.go.jp/
日本史段階別デッキ｜Deck 1｜日本史の最重要骨格400語,JH-000212,212,Deck 1｜骨格・基礎,事件・政変,二・二六事件,に・にろくじけん,,近代,関東,東京中心部,1936年2月26日,1936,JH-000212-R03,reverse,結果・関連,reverse,何につながった・どんな意味があった？,**天皇**の命令で鎮圧された後、軍部は統制を強めて政治介入を拡大し、戦時体制への移行を促した。,陸軍青年将校|高橋是清|斎藤実|クーデタ未遂|天皇|軍部|戦時体制,,,,国立公文書館 アジア歴史資料センター,https://www.jacar.go.jp/
日本史段階別デッキ｜Deck 1｜日本史の最重要骨格400語,JH-000212,212,Deck 1｜骨格・基礎,事件・政変,二・二六事件,に・にろくじけん,,近代,関東,東京中心部,1936年2月26日,1936,JH-000212-I01,integrated,統合説明,integrated,「二・二六事件(に・にろくじけん)」について説明せよ。,1936年2月26日、東京中心部を主な舞台として、東京で陸軍青年将校らが部隊を率いて首相官邸周辺を占拠し、**高橋是清(たかはしこれきよ)・斎藤実(さいとうまこと)**らを殺害したクーデタ未遂事件。 **天皇**の命令で鎮圧された後、軍部は統制を強めて政治介入を拡大し、戦時体制への移行を促した。,陸軍青年将校|高橋是清|斎藤実|クーデタ未遂|天皇|軍部|戦時体制,,,1936年2月26日：「戦むごい」（1936）、「に」（2）月「つつむ」（26）日に二・二六事件,国立公文書館 アジア歴史資料センター,https://www.jacar.go.jp/
日本史段階別デッキ｜Deck 1｜日本史の最重要骨格400語,JH-000052,52,Deck 1｜骨格・基礎,戦争・争乱,日中戦争,にっちゅうせんそう,,近代,東アジア,中国各地,1937〜1945年,1937,JH-000052-B01,beginner,用語の特定,identify,盧溝橋事件(ろこうきょうじけん)を契機に日本と中国の全面戦争へ拡大し、長期化した戦争は？,日中戦争(にっちゅうせんそう),日中戦争,,,,国立公文書館 アジア歴史資料センター,https://www.jacar.go.jp/
日本史段階別デッキ｜Deck 1｜日本史の最重要骨格400語,JH-000052,52,Deck 1｜骨格・基礎,戦争・争乱,日中戦争,にっちゅうせんそう,,近代,東アジア,中国各地,1937〜1945年,1937,JH-000052-B02,beginner,時期,time,日中戦争(にっちゅうせんそう)が戦われたのはいつ？,1937〜1945年,1937〜1945年,,,1937〜1945年：「戦長い」（1937）から「行くよ後」（1945）まで日中戦争,国立公文書館 アジア歴史資料センター,https://www.jacar.go.jp/
日本史段階別デッキ｜Deck 1｜日本史の最重要骨格400語,JH-000052,52,Deck 1｜骨格・基礎,戦争・争乱,日中戦争,にっちゅうせんそう,,近代,東アジア,中国各地,1937〜1945年,1937,JH-000052-B03,beginner,原因,cause,日中戦争(にっちゅうせんそう)の全面化の契機となった事件は？,盧溝橋事件(ろこうきょうじけん),盧溝橋事件,,,,国立公文書館 アジア歴史資料センター,https://www.jacar.go.jp/
日本史段階別デッキ｜Deck 1｜日本史の最重要骨格400語,JH-000052,52,Deck 1｜骨格・基礎,戦争・争乱,日中戦争,にっちゅうせんそう,,近代,東アジア,中国各地,1937〜1945年,1937,JH-000052-R01,reverse,時期,time,戦われたのはいつ？,**1937〜1945年**,1937〜1945年,,,1937〜1945年：「戦長い」（1937）から「行くよ後」（1945）まで日中戦争,国立公文書館 アジア歴史資料センター,https://www.jacar.go.jp/
日本史段階別デッキ｜Deck 1｜日本史の最重要骨格400語,JH-000052,52,Deck 1｜骨格・基礎,戦争・争乱,日中戦争,にっちゅうせんそう,,近代,東アジア,中国各地,1937〜1945年,1937,JH-000052-R02,reverse,複合説明,reverse,何が起きた？,北京郊外の**盧溝橋事件(ろこうきょうじけん)**を契機に、日本軍が中国各地へ侵攻し、中国国民政府との全面戦争へ拡大した戦争。,盧溝橋事件|中国国民政府|日本軍|南京虐殺|国家総動員|太平洋戦争,,,,国立公文書館 アジア歴史資料センター,https://www.jacar.go.jp/
日本史段階別デッキ｜Deck 1｜日本史の最重要骨格400語,JH-000052,52,Deck 1｜骨格・基礎,戦争・争乱,日中戦争,にっちゅうせんそう,,近代,東アジア,中国各地,1937〜1945年,1937,JH-000052-R03,reverse,結果・関連,reverse,何につながった・どんな意味があった？,**南京虐殺**など甚大な被害を中国社会へ与え、戦争の長期化が国家総動員体制と太平洋戦争への拡大を招いた。,盧溝橋事件|中国国民政府|日本軍|南京虐殺|国家総動員|太平洋戦争,,,,国立公文書館 アジア歴史資料センター,https://www.jacar.go.jp/
日本史段階別デッキ｜Deck 1｜日本史の最重要骨格400語,JH-000052,52,Deck 1｜骨格・基礎,戦争・争乱,日中戦争,にっちゅうせんそう,,近代,東アジア,中国各地,1937〜1945年,1937,JH-000052-I01,integrated,統合説明,integrated,「日中戦争(にっちゅうせんそう)」について説明せよ。,1937〜1945年、中国各地を主な舞台として、北京郊外の**盧溝橋事件(ろこうきょうじけん)**を契機に、日本軍が中国各地へ侵攻し、中国国民政府との全面戦争へ拡大した戦争。 **南京虐殺**など甚大な被害を中国社会へ与え、戦争の長期化が国家総動員体制と太平洋戦争への拡大を招いた。,盧溝橋事件|中国国民政府|日本軍|南京虐殺|国家総動員|太平洋戦争,,,1937〜1945年：「戦長い」（1937）から「行くよ後」（1945）まで日中戦争,国立公文書館 アジア歴史資料センター,https://www.jacar.go.jp/
日本史段階別デッキ｜Deck 1｜日本史の最重要骨格400語,JH-000053,53,Deck 1｜骨格・基礎,制度・政策・法律,国家総動員法,こっかそうどういんほう,,近代,日本全国,日本本土・植民地,1938年,1938,JH-000053-B01,beginner,用語の特定,identify,戦時に政府が議会の個別承認なしで人員・物資・賃金・報道などを統制できるようにした法律は？,国家総動員法(こっかそうどういんほう),国家総動員法,,,,国立公文書館「近代国家 日本の登場」,https://www.archives.go.jp/exhibition/digital/modean_state/index.html
日本史段階別デッキ｜Deck 1｜日本史の最重要骨格400語,JH-000053,53,Deck 1｜骨格・基礎,制度・政策・法律,国家総動員法,こっかそうどういんほう,,近代,日本全国,日本本土・植民地,1938年,1938,JH-000053-B02,beginner,時期,time,国家総動員法(こっかそうどういんほう)が成立・実施されたのはいつ？,1938年,1938年,,,1938年：「戦や」（1938）と結ぶ国家総動員法,国立公文書館「近代国家 日本の登場」,https://www.archives.go.jp/exhibition/digital/modean_state/index.html
日本史段階別デッキ｜Deck 1｜日本史の最重要骨格400語,JH-000053,53,Deck 1｜骨格・基礎,制度・政策・法律,国家総動員法,こっかそうどういんほう,,近代,日本全国,日本本土・植民地,1938年,1938,JH-000053-B03,beginner,内容,content,国家総動員法(こっかそうどういんほう)で政府が動員・統制できたものを二つ答えよ。,人員・物資,人員・物資,,,,国立公文書館「近代国家 日本の登場」,https://www.archives.go.jp/exhibition/digital/modean_state/index.html
日本史段階別デッキ｜Deck 1｜日本史の最重要骨格400語,JH-000053,53,Deck 1｜骨格・基礎,制度・政策・法律,国家総動員法,こっかそうどういんほう,,近代,日本全国,日本本土・植民地,1938年,1938,JH-000053-R01,reverse,時期,time,成立・実施されたのはいつ？,**1938年**,1938年,,,1938年：「戦や」（1938）と結ぶ国家総動員法,国立公文書館「近代国家 日本の登場」,https://www.archives.go.jp/exhibition/digital/modean_state/index.html
日本史段階別デッキ｜Deck 1｜日本史の最重要骨格400語,JH-000053,53,Deck 1｜骨格・基礎,制度・政策・法律,国家総動員法,こっかそうどういんほう,,近代,日本全国,日本本土・植民地,1938年,1938,JH-000053-R02,reverse,複合説明,reverse,どんな制度・政策・法律？,日中戦争(にっちゅうせんそう)下で、政府が勅令によって**人員・物資・資金・賃金・価格・報道**などを広範に動員・統制できるようにした法律。,人員|物資|資金|賃金|価格|報道|議会|総動員体制,,,,国立公文書館「近代国家 日本の登場」,https://www.archives.go.jp/exhibition/digital/modean_state/index.html
日本史段階別デッキ｜Deck 1｜日本史の最重要骨格400語,JH-000053,53,Deck 1｜骨格・基礎,制度・政策・法律,国家総動員法,こっかそうどういんほう,,近代,日本全国,日本本土・植民地,1938年,1938,JH-000053-R03,reverse,結果・関連,reverse,何につながった・どんな意味があった？,**議会**の立法権を弱め、国民生活と植民地を戦争遂行へ組み込む総動員体制を法的に整えた。,人員|物資|資金|賃金|価格|報道|議会|総動員体制,,,,国立公文書館「近代国家 日本の登場」,https://www.archives.go.jp/exhibition/digital/modean_state/index.html
日本史段階別デッキ｜Deck 1｜日本史の最重要骨格400語,JH-000053,53,Deck 1｜骨格・基礎,制度・政策・法律,国家総動員法,こっかそうどういんほう,,近代,日本全国,日本本土・植民地,1938年,1938,JH-000053-I01,integrated,統合説明,integrated,「国家総動員法(こっかそうどういんほう)」について説明せよ。,1938年、日本本土・植民地を主な舞台として、日中戦争(にっちゅうせんそう)下で、政府が勅令によって**人員・物資・資金・賃金・価格・報道**などを広範に動員・統制できるようにした法律。 **議会**の立法権を弱め、国民生活と植民地を戦争遂行へ組み込む総動員体制を法的に整えた。,人員|物資|資金|賃金|価格|報道|議会|総動員体制,,,1938年：「戦や」（1938）と結ぶ国家総動員法,国立公文書館「近代国家 日本の登場」,https://www.archives.go.jp/exhibition/digital/modean_state/index.html
日本史段階別デッキ｜Deck 1｜日本史の最重要骨格400語,JH-000166,166,Deck 1｜骨格・基礎,組織・政党,大政翼賛会,たいせいよくさんかい,,近代,日本全国,日本本土・植民地,1940年結成,1940,JH-000166-B01,beginner,用語の特定,identify,近衛文麿が新体制運動を進め、既成政党を解散させて結成した全国組織は？,大政翼賛会(たいせいよくさんかい),大政翼賛会,,,,国立公文書館「近代国家 日本の登場」,https://www.archives.go.jp/exhibition/digital/modean_state/index.html
日本史段階別デッキ｜Deck 1｜日本史の最重要骨格400語,JH-000166,166,Deck 1｜骨格・基礎,組織・政党,大政翼賛会,たいせいよくさんかい,,近代,日本全国,日本本土・植民地,1940年結成,1940,JH-000166-B02,beginner,時期,time,大政翼賛会(たいせいよくさんかい)が結成・活動したのはいつ？,1940年,1940年,,,1940年：「行くよ零」（1940）と結ぶ大政翼賛会,国立公文書館「近代国家 日本の登場」,https://www.archives.go.jp/exhibition/digital/modean_state/index.html
日本史段階別デッキ｜Deck 1｜日本史の最重要骨格400語,JH-000166,166,Deck 1｜骨格・基礎,組織・政党,大政翼賛会,たいせいよくさんかい,,近代,日本全国,日本本土・植民地,1940年結成,1940,JH-000166-B03,beginner,人物,person,大政翼賛会(たいせいよくさんかい)を初代総裁として結成した首相は？,近衛文麿,近衛文麿,,,,国立公文書館「近代国家 日本の登場」,https://www.archives.go.jp/exhibition/digital/modean_state/index.html
日本史段階別デッキ｜Deck 1｜日本史の最重要骨格400語,JH-000166,166,Deck 1｜骨格・基礎,組織・政党,大政翼賛会,たいせいよくさんかい,,近代,日本全国,日本本土・植民地,1940年結成,1940,JH-000166-R01,reverse,時期,time,結成・活動したのはいつ？,**1940年**,1940年,,,1940年：「行くよ零」（1940）と結ぶ大政翼賛会,国立公文書館「近代国家 日本の登場」,https://www.archives.go.jp/exhibition/digital/modean_state/index.html
日本史段階別デッキ｜Deck 1｜日本史の最重要骨格400語,JH-000166,166,Deck 1｜骨格・基礎,組織・政党,大政翼賛会,たいせいよくさんかい,,近代,日本全国,日本本土・植民地,1940年結成,1940,JH-000166-R02,reverse,複合説明,reverse,何をした？,**近衛文麿**が新体制運動のもとで既成政党を解散させ、政治・地域・職業組織を戦時協力へまとめるため結成した全国組織。,近衛文麿|新体制運動|既成政党解散|町内会|部落会|翼賛選挙|戦時動員,,,,国立公文書館「近代国家 日本の登場」,https://www.archives.go.jp/exhibition/digital/modean_state/index.html
日本史段階別デッキ｜Deck 1｜日本史の最重要骨格400語,JH-000166,166,Deck 1｜骨格・基礎,組織・政党,大政翼賛会,たいせいよくさんかい,,近代,日本全国,日本本土・植民地,1940年結成,1940,JH-000166-R03,reverse,結果・関連,reverse,何につながった・どんな意味があった？,町内会・部落会や翼賛選挙(よくさんせんきょ)などを通じ、**一国一党に近い戦時動員体制**を支えた。,近衛文麿|新体制運動|既成政党解散|町内会|部落会|翼賛選挙|戦時動員,,,,国立公文書館「近代国家 日本の登場」,https://www.archives.go.jp/exhibition/digital/modean_state/index.html
日本史段階別デッキ｜Deck 1｜日本史の最重要骨格400語,JH-000166,166,Deck 1｜骨格・基礎,組織・政党,大政翼賛会,たいせいよくさんかい,,近代,日本全国,日本本土・植民地,1940年結成,1940,JH-000166-I01,integrated,統合説明,integrated,「大政翼賛会(たいせいよくさんかい)」について説明せよ。,1940年結成、日本本土・植民地を主な舞台として、**近衛文麿**が新体制運動のもとで既成政党を解散させ、政治・地域・職業組織を戦時協力へまとめるため結成した全国組織。 町内会・部落会や翼賛選挙(よくさんせんきょ)などを通じ、**一国一党に近い戦時動員体制**を支えた。,近衛文麿|新体制運動|既成政党解散|町内会|部落会|翼賛選挙|戦時動員,,,1940年：「行くよ零」（1940）と結ぶ大政翼賛会,国立公文書館「近代国家 日本の登場」,https://www.archives.go.jp/exhibition/digital/modean_state/index.html
日本史段階別デッキ｜Deck 1｜日本史の最重要骨格400語,JH-000054,54,Deck 1｜骨格・基礎,戦争・争乱,太平洋戦争,たいへいようせんそう,,近代,その他,アジア太平洋地域,1941〜1945年,1941,JH-000054-B01,beginner,用語の特定,identify,日本がアメリカ・イギリスなどとアジア太平洋地域で戦い、敗戦に至った戦争は？,太平洋戦争,太平洋戦争,,,,国立公文書館 アジア歴史資料センター,https://www.jacar.go.jp/
日本史段階別デッキ｜Deck 1｜日本史の最重要骨格400語,JH-000054,54,Deck 1｜骨格・基礎,戦争・争乱,太平洋戦争,たいへいようせんそう,,近代,その他,アジア太平洋地域,1941〜1945年,1941,JH-000054-B02,beginner,時期,time,太平洋戦争が戦われたのはいつ？,1941〜1945年,1941〜1945年,,,1941〜1945年：「行くよい」（1941）から「行くよ後」（1945）まで太平洋戦争,国立公文書館 アジア歴史資料センター,https://www.jacar.go.jp/
日本史段階別デッキ｜Deck 1｜日本史の最重要骨格400語,JH-000054,54,Deck 1｜骨格・基礎,戦争・争乱,太平洋戦争,たいへいようせんそう,,近代,その他,アジア太平洋地域,1941〜1945年,1941,JH-000054-B03,beginner,戦場,place,太平洋戦争が始まった際、日本軍が攻撃したアメリカの基地は？,真珠湾,真珠湾,,,,国立公文書館 アジア歴史資料センター,https://www.jacar.go.jp/
日本史段階別デッキ｜Deck 1｜日本史の最重要骨格400語,JH-000054,54,Deck 1｜骨格・基礎,戦争・争乱,太平洋戦争,たいへいようせんそう,,近代,その他,アジア太平洋地域,1941〜1945年,1941,JH-000054-R01,reverse,時期,time,戦われたのはいつ？,**1941〜1945年**,1941〜1945年,,,1941〜1945年：「行くよい」（1941）から「行くよ後」（1945）まで太平洋戦争,国立公文書館 アジア歴史資料センター,https://www.jacar.go.jp/
日本史段階別デッキ｜Deck 1｜日本史の最重要骨格400語,JH-000054,54,Deck 1｜骨格・基礎,戦争・争乱,太平洋戦争,たいへいようせんそう,,近代,その他,アジア太平洋地域,1941〜1945年,1941,JH-000054-R02,reverse,複合説明,reverse,何が起きた？,日本が真珠湾攻撃とマレー半島侵攻を行い、アメリカ・イギリス・オランダなどと**アジア太平洋地域**で戦った戦争。,真珠湾攻撃|マレー半島|アメリカ|イギリス|侵略・占領|空襲|原爆|沖縄戦|敗戦,,,,国立公文書館 アジア歴史資料センター,https://www.jacar.go.jp/
日本史段階別デッキ｜Deck 1｜日本史の最重要骨格400語,JH-000054,54,Deck 1｜骨格・基礎,戦争・争乱,太平洋戦争,たいへいようせんそう,,近代,その他,アジア太平洋地域,1941〜1945年,1941,JH-000054-R03,reverse,結果・関連,reverse,何につながった・どんな意味があった？,日本の**侵略・占領**は各地に甚大な被害を与え、日本本土も空襲・原爆・沖縄戦(おきなわせん)を経て敗戦し、帝国が崩壊した。,真珠湾攻撃|マレー半島|アメリカ|イギリス|侵略・占領|空襲|原爆|沖縄戦|敗戦,,,,国立公文書館 アジア歴史資料センター,https://www.jacar.go.jp/
日本史段階別デッキ｜Deck 1｜日本史の最重要骨格400語,JH-000054,54,Deck 1｜骨格・基礎,戦争・争乱,太平洋戦争,たいへいようせんそう,,近代,その他,アジア太平洋地域,1941〜1945年,1941,JH-000054-I01,integrated,統合説明,integrated,「太平洋戦争」について説明せよ。,1941〜1945年、アジア太平洋地域を主な舞台として、日本が真珠湾攻撃とマレー半島侵攻を行い、アメリカ・イギリス・オランダなどと**アジア太平洋地域**で戦った戦争。 日本の**侵略・占領**は各地に甚大な被害を与え、日本本土も空襲・原爆・沖縄戦(おきなわせん)を経て敗戦し、帝国が崩壊した。,真珠湾攻撃|マレー半島|アメリカ|イギリス|侵略・占領|空襲|原爆|沖縄戦|敗戦,,,1941〜1945年：「行くよい」（1941）から「行くよ後」（1945）まで太平洋戦争,国立公文書館 アジア歴史資料センター,https://www.jacar.go.jp/
日本史段階別デッキ｜Deck 1｜日本史の最重要骨格400語,JH-000213,213,Deck 1｜骨格・基礎,戦争・争乱,真珠湾攻撃,しんじゅわんこうげき,,近代,その他,ハワイ・真珠湾,1941年12月8日（日本時間）,1941,JH-000213-B01,beginner,用語の特定,identify,日本海軍がハワイのアメリカ太平洋艦隊基地を奇襲した攻撃は？,真珠湾攻撃,真珠湾攻撃,,,,国立公文書館 アジア歴史資料センター,https://www.jacar.go.jp/
日本史段階別デッキ｜Deck 1｜日本史の最重要骨格400語,JH-000213,213,Deck 1｜骨格・基礎,戦争・争乱,真珠湾攻撃,しんじゅわんこうげき,,近代,その他,ハワイ・真珠湾,1941年12月8日（日本時間）,1941,JH-000213-B02,beginner,時期,time,真珠湾攻撃が戦われたのはいつ？,1941年12月8日,1941年12月8日,,,1941年12月8日：「行くよい」（1941）、「いちに」（12）月「や」（8）日に真珠湾攻撃,国立公文書館 アジア歴史資料センター,https://www.jacar.go.jp/
日本史段階別デッキ｜Deck 1｜日本史の最重要骨格400語,JH-000213,213,Deck 1｜骨格・基礎,戦争・争乱,真珠湾攻撃,しんじゅわんこうげき,,近代,その他,ハワイ・真珠湾,1941年12月8日（日本時間）,1941,JH-000213-B03,beginner,地域,place,真珠湾攻撃の標的となったアメリカ軍基地はどこか？,ハワイ・真珠湾,ハワイ・真珠湾,,,,国立公文書館 アジア歴史資料センター,https://www.jacar.go.jp/
日本史段階別デッキ｜Deck 1｜日本史の最重要骨格400語,JH-000213,213,Deck 1｜骨格・基礎,戦争・争乱,真珠湾攻撃,しんじゅわんこうげき,,近代,その他,ハワイ・真珠湾,1941年12月8日（日本時間）,1941,JH-000213-R01,reverse,時期,time,戦われたのはいつ？,**1941年12月8日**,1941年12月8日,,,1941年12月8日：「行くよい」（1941）、「いちに」（12）月「や」（8）日に真珠湾攻撃,国立公文書館 アジア歴史資料センター,https://www.jacar.go.jp/
日本史段階別デッキ｜Deck 1｜日本史の最重要骨格400語,JH-000213,213,Deck 1｜骨格・基礎,戦争・争乱,真珠湾攻撃,しんじゅわんこうげき,,近代,その他,ハワイ・真珠湾,1941年12月8日（日本時間）,1941,JH-000213-R02,reverse,複合説明,reverse,何が起きた？,日本海軍がハワイの**真珠湾**にあるアメリカ太平洋艦隊基地を奇襲し、同時期のマレー半島攻撃とともに対米英戦争を開始した。,日本海軍|ハワイ|真珠湾|アメリカ太平洋艦隊|マレー半島|太平洋戦争,,,,国立公文書館 アジア歴史資料センター,https://www.jacar.go.jp/
日本史段階別デッキ｜Deck 1｜日本史の最重要骨格400語,JH-000213,213,Deck 1｜骨格・基礎,戦争・争乱,真珠湾攻撃,しんじゅわんこうげき,,近代,その他,ハワイ・真珠湾,1941年12月8日（日本時間）,1941,JH-000213-R03,reverse,結果・関連,reverse,何につながった・どんな意味があった？,アメリカの参戦と**太平洋戦争**の本格化を招き、戦争を世界規模で拡大させた。,日本海軍|ハワイ|真珠湾|アメリカ太平洋艦隊|マレー半島|太平洋戦争,,,,国立公文書館 アジア歴史資料センター,https://www.jacar.go.jp/
日本史段階別デッキ｜Deck 1｜日本史の最重要骨格400語,JH-000213,213,Deck 1｜骨格・基礎,戦争・争乱,真珠湾攻撃,しんじゅわんこうげき,,近代,その他,ハワイ・真珠湾,1941年12月8日（日本時間）,1941,JH-000213-I01,integrated,統合説明,integrated,「真珠湾攻撃」について説明せよ。,1941年12月8日（日本時間）、ハワイ・真珠湾を主な舞台として、日本海軍がハワイの**真珠湾**にあるアメリカ太平洋艦隊基地を奇襲し、同時期のマレー半島攻撃とともに対米英戦争を開始した。 アメリカの参戦と**太平洋戦争**の本格化を招き、戦争を世界規模で拡大させた。,日本海軍|ハワイ|真珠湾|アメリカ太平洋艦隊|マレー半島|太平洋戦争,,,1941年12月8日：「行くよい」（1941）、「いちに」（12）月「や」（8）日に真珠湾攻撃,国立公文書館 アジア歴史資料センター,https://www.jacar.go.jp/
日本史段階別デッキ｜Deck 1｜日本史の最重要骨格400語,JH-000055,55,Deck 1｜骨格・基礎,事件・政変,敗戦,はいせん,,近代,日本全国,日本本土・植民地・アジア太平洋地域,1945年8〜9月,1945,JH-000055-B01,beginner,用語の特定,identify,日本がポツダム宣言(ぽつだむせんげん)を受諾し、第二次世界大戦・太平洋戦争を終えたことを何という？,敗戦,敗戦,,8月15日は受諾を国民へ伝えた日、9月2日は降伏文書調印日。,,国立公文書館 アジア歴史資料センター,https://www.jacar.go.jp/
日本史段階別デッキ｜Deck 1｜日本史の最重要骨格400語,JH-000055,55,Deck 1｜骨格・基礎,事件・政変,敗戦,はいせん,,近代,日本全国,日本本土・植民地・アジア太平洋地域,1945年8〜9月,1945,JH-000055-B02,beginner,時期,time,日本の敗戦が確定したのはいつ？,1945年8〜9月,1945年8〜9月,,8月15日は受諾を国民へ伝えた日、9月2日は降伏文書調印日。,1945年8〜9月：「行くよ後」（1945）、「や」（8）月から「く」（9）月に敗戦,国立公文書館 アジア歴史資料センター,https://www.jacar.go.jp/
日本史段階別デッキ｜Deck 1｜日本史の最重要骨格400語,JH-000055,55,Deck 1｜骨格・基礎,事件・政変,敗戦,はいせん,,近代,日本全国,日本本土・植民地・アジア太平洋地域,1945年8〜9月,1945,JH-000055-B03,beginner,文書,relation,敗戦の条件となった連合国の宣言は？,ポツダム宣言(ぽつだむせんげん),ポツダム宣言,,8月15日は受諾を国民へ伝えた日、9月2日は降伏文書調印日。,,国立公文書館 アジア歴史資料センター,https://www.jacar.go.jp/
日本史段階別デッキ｜Deck 1｜日本史の最重要骨格400語,JH-000055,55,Deck 1｜骨格・基礎,事件・政変,敗戦,はいせん,,近代,日本全国,日本本土・植民地・アジア太平洋地域,1945年8〜9月,1945,JH-000055-R01,reverse,時期,time,確定したのはいつ？,**1945年8〜9月**,1945年8〜9月,,8月15日は受諾を国民へ伝えた日、9月2日は降伏文書調印日。,1945年8〜9月：「行くよ後」（1945）、「や」（8）月から「く」（9）月に敗戦,国立公文書館 アジア歴史資料センター,https://www.jacar.go.jp/
日本史段階別デッキ｜Deck 1｜日本史の最重要骨格400語,JH-000055,55,Deck 1｜骨格・基礎,事件・政変,敗戦,はいせん,,近代,日本全国,日本本土・植民地・アジア太平洋地域,1945年8〜9月,1945,JH-000055-R02,reverse,複合説明,reverse,何が起きた？,日本政府がポツダム宣言(ぽつだむせんげん)受諾を決定し、8月15日に国民へ伝え、9月2日に降伏文書へ調印して**第二次世界大戦・太平洋戦争**を終えたこと。,ポツダム宣言|8月15日|9月2日|降伏文書|日本帝国崩壊|連合国占領|戦後改革,,8月15日は受諾を国民へ伝えた日、9月2日は降伏文書調印日。,,国立公文書館 アジア歴史資料センター,https://www.jacar.go.jp/
日本史段階別デッキ｜Deck 1｜日本史の最重要骨格400語,JH-000055,55,Deck 1｜骨格・基礎,事件・政変,敗戦,はいせん,,近代,日本全国,日本本土・植民地・アジア太平洋地域,1945年8〜9月,1945,JH-000055-R03,reverse,結果・関連,reverse,何につながった・どんな意味があった？,日本帝国と植民地支配が崩壊し、**連合国占領**・戦後改革・引揚げ・戦争責任追及が始まった。,ポツダム宣言|8月15日|9月2日|降伏文書|日本帝国崩壊|連合国占領|戦後改革,,8月15日は受諾を国民へ伝えた日、9月2日は降伏文書調印日。,,国立公文書館 アジア歴史資料センター,https://www.jacar.go.jp/
日本史段階別デッキ｜Deck 1｜日本史の最重要骨格400語,JH-000055,55,Deck 1｜骨格・基礎,事件・政変,敗戦,はいせん,,近代,日本全国,日本本土・植民地・アジア太平洋地域,1945年8〜9月,1945,JH-000055-I01,integrated,統合説明,integrated,「敗戦」について説明せよ。,1945年8〜9月、日本本土・植民地・アジア太平洋地域を主な舞台として、日本政府がポツダム宣言(ぽつだむせんげん)受諾を決定し、8月15日に国民へ伝え、9月2日に降伏文書へ調印して**第二次世界大戦・太平洋戦争**を終えたこと。 日本帝国と植民地支配が崩壊し、**連合国占領**・戦後改革・引揚げ・戦争責任追及が始まった。,ポツダム宣言|8月15日|9月2日|降伏文書|日本帝国崩壊|連合国占領|戦後改革,,8月15日は受諾を国民へ伝えた日、9月2日は降伏文書調印日。,1945年8〜9月：「行くよ後」（1945）、「や」（8）月から「く」（9）月に敗戦,国立公文書館 アジア歴史資料センター,https://www.jacar.go.jp/
日本史段階別デッキ｜Deck 1｜日本史の最重要骨格400語,JH-000056,56,Deck 1｜骨格・基礎,組織・政党,GHQ,じーえいちきゅー,連合国軍最高司令官総司令部|SCAP,現代,日本全国,連合国占領下の日本,1945〜1952年,1945,JH-000056-B01,beginner,用語の特定,identify,敗戦後、日本を占領・統治し、非軍事化・民主化改革を政府へ指令した機関は？,GHQ,GHQ,連合国軍最高司令官総司令部|SCAP,,,国立歴史民俗博物館「第6展示室 現代」,https://www.rekihaku.ac.jp/exhibitions/room6/
日本史段階別デッキ｜Deck 1｜日本史の最重要骨格400語,JH-000056,56,Deck 1｜骨格・基礎,組織・政党,GHQ,じーえいちきゅー,連合国軍最高司令官総司令部|SCAP,現代,日本全国,連合国占領下の日本,1945〜1952年,1945,JH-000056-B02,beginner,時期,time,GHQが結成・活動したのはいつ？,1945〜1952年,1945〜1952年,,,1945〜1952年：「行くよ後」（1945）年から「行く国」（1952）年までのGHQ,国立歴史民俗博物館「第6展示室 現代」,https://www.rekihaku.ac.jp/exhibitions/room6/
日本史段階別デッキ｜Deck 1｜日本史の最重要骨格400語,JH-000056,56,Deck 1｜骨格・基礎,組織・政党,GHQ,じーえいちきゅー,連合国軍最高司令官総司令部|SCAP,現代,日本全国,連合国占領下の日本,1945〜1952年,1945,JH-000056-B03,beginner,人物,person,GHQの最高司令官は？,マッカーサー,マッカーサー,,,,国立歴史民俗博物館「第6展示室 現代」,https://www.rekihaku.ac.jp/exhibitions/room6/
日本史段階別デッキ｜Deck 1｜日本史の最重要骨格400語,JH-000056,56,Deck 1｜骨格・基礎,組織・政党,GHQ,じーえいちきゅー,連合国軍最高司令官総司令部|SCAP,現代,日本全国,連合国占領下の日本,1945〜1952年,1945,JH-000056-R01,reverse,時期,time,結成・活動したのはいつ？,**1945〜1952年**,1945〜1952年,,,1945〜1952年：「行くよ後」（1945）年から「行く国」（1952）年までのGHQ,国立歴史民俗博物館「第6展示室 現代」,https://www.rekihaku.ac.jp/exhibitions/room6/
日本史段階別デッキ｜Deck 1｜日本史の最重要骨格400語,JH-000056,56,Deck 1｜骨格・基礎,組織・政党,GHQ,じーえいちきゅー,連合国軍最高司令官総司令部|SCAP,現代,日本全国,連合国占領下の日本,1945〜1952年,1945,JH-000056-R02,reverse,複合説明,reverse,何をした？,連合国占領下の日本で、最高司令官マッカーサーのもと、**非軍事化・民主化**を基本に政府へ指令を出した機関。,連合国占領|マッカーサー|非軍事化|民主化|日本国憲法|農地改革|財閥解体|冷戦,,,,国立歴史民俗博物館「第6展示室 現代」,https://www.rekihaku.ac.jp/exhibitions/room6/
日本史段階別デッキ｜Deck 1｜日本史の最重要骨格400語,JH-000056,56,Deck 1｜骨格・基礎,組織・政党,GHQ,じーえいちきゅー,連合国軍最高司令官総司令部|SCAP,現代,日本全国,連合国占領下の日本,1945〜1952年,1945,JH-000056-R03,reverse,結果・関連,reverse,何につながった・どんな意味があった？,**日本国憲法**、農地改革、財閥解体、労働・教育改革などを進めたが、冷戦激化後は反共・経済復興を重視する方向へ転換した。,連合国占領|マッカーサー|非軍事化|民主化|日本国憲法|農地改革|財閥解体|冷戦,,,,国立歴史民俗博物館「第6展示室 現代」,https://www.rekihaku.ac.jp/exhibitions/room6/
日本史段階別デッキ｜Deck 1｜日本史の最重要骨格400語,JH-000056,56,Deck 1｜骨格・基礎,組織・政党,GHQ,じーえいちきゅー,連合国軍最高司令官総司令部|SCAP,現代,日本全国,連合国占領下の日本,1945〜1952年,1945,JH-000056-I01,integrated,統合説明,integrated,「GHQ」について説明せよ。,1945〜1952年、連合国占領下の日本を主な舞台として、連合国占領下の日本で、最高司令官マッカーサーのもと、**非軍事化・民主化**を基本に政府へ指令を出した機関。 **日本国憲法**、農地改革、財閥解体、労働・教育改革などを進めたが、冷戦激化後は反共・経済復興を重視する方向へ転換した。,連合国占領|マッカーサー|非軍事化|民主化|日本国憲法|農地改革|財閥解体|冷戦,,,1945〜1952年：「行くよ後」（1945）年から「行く国」（1952）年までのGHQ,国立歴史民俗博物館「第6展示室 現代」,https://www.rekihaku.ac.jp/exhibitions/room6/
日本史段階別デッキ｜Deck 1｜日本史の最重要骨格400語,JH-000058,58,Deck 1｜骨格・基礎,制度・政策・法律,財閥解体,ざいばつかいたい,,現代,日本全国,日本の大企業・金融機関,1945〜1950年代初め,1945,JH-000058-B01,beginner,用語の特定,identify,持株会社(もちかぶがいしゃ)整理委員会などを通じ、三井・三菱・住友などの巨大企業集団を分割・分散しようとした改革は？,財閥解体,財閥解体,,,,国立歴史民俗博物館「第6展示室 現代」,https://www.rekihaku.ac.jp/exhibitions/room6/
日本史段階別デッキ｜Deck 1｜日本史の最重要骨格400語,JH-000058,58,Deck 1｜骨格・基礎,制度・政策・法律,財閥解体,ざいばつかいたい,,現代,日本全国,日本の大企業・金融機関,1945〜1950年代初め,1945,JH-000058-B02,beginner,時期,time,財閥解体が成立・実施されたのはいつ？,1945〜1950年代初め,1945〜1950年代初め,,,1945〜1950年代初め：「行くよ後」（1945）年から「行くぞ」（1950）年代までの財閥解体,国立歴史民俗博物館「第6展示室 現代」,https://www.rekihaku.ac.jp/exhibitions/room6/
日本史段階別デッキ｜Deck 1｜日本史の最重要骨格400語,JH-000058,58,Deck 1｜骨格・基礎,制度・政策・法律,財閥解体,ざいばつかいたい,,現代,日本全国,日本の大企業・金融機関,1945〜1950年代初め,1945,JH-000058-B03,beginner,対象,actor,財閥解体の対象となった代表的財閥を一つ答えよ。,三井,三井,三菱|住友,,,国立歴史民俗博物館「第6展示室 現代」,https://www.rekihaku.ac.jp/exhibitions/room6/
日本史段階別デッキ｜Deck 1｜日本史の最重要骨格400語,JH-000058,58,Deck 1｜骨格・基礎,制度・政策・法律,財閥解体,ざいばつかいたい,,現代,日本全国,日本の大企業・金融機関,1945〜1950年代初め,1945,JH-000058-R01,reverse,時期,time,成立・実施されたのはいつ？,**1945〜1950年代初め**,1945〜1950年代初め,,,1945〜1950年代初め：「行くよ後」（1945）年から「行くぞ」（1950）年代までの財閥解体,国立歴史民俗博物館「第6展示室 現代」,https://www.rekihaku.ac.jp/exhibitions/room6/
日本史段階別デッキ｜Deck 1｜日本史の最重要骨格400語,JH-000058,58,Deck 1｜骨格・基礎,制度・政策・法律,財閥解体,ざいばつかいたい,,現代,日本全国,日本の大企業・金融機関,1945〜1950年代初め,1945,JH-000058-R02,reverse,複合説明,reverse,どんな制度・政策・法律？,占領下で**持株会社(もちかぶがいしゃ)**を解体し、三井・三菱・住友などの株式を処分して、少数家族による企業支配を分散させようとした改革。,持株会社|三井|三菱|住友|株式処分|経済民主化|企業集団,,,,国立歴史民俗博物館「第6展示室 現代」,https://www.rekihaku.ac.jp/exhibitions/room6/
日本史段階別デッキ｜Deck 1｜日本史の最重要骨格400語,JH-000058,58,Deck 1｜骨格・基礎,制度・政策・法律,財閥解体,ざいばつかいたい,,現代,日本全国,日本の大企業・金融機関,1945〜1950年代初め,1945,JH-000058-R03,reverse,結果・関連,reverse,何につながった・どんな意味があった？,**経済民主化**を進めたが、冷戦下で徹底されず、のち企業集団として再編される面もあった。,持株会社|三井|三菱|住友|株式処分|経済民主化|企業集団,,,,国立歴史民俗博物館「第6展示室 現代」,https://www.rekihaku.ac.jp/exhibitions/room6/
日本史段階別デッキ｜Deck 1｜日本史の最重要骨格400語,JH-000058,58,Deck 1｜骨格・基礎,制度・政策・法律,財閥解体,ざいばつかいたい,,現代,日本全国,日本の大企業・金融機関,1945〜1950年代初め,1945,JH-000058-I01,integrated,統合説明,integrated,「財閥解体」について説明せよ。,1945〜1950年代初め、日本の大企業・金融機関を主な舞台として、占領下で**持株会社(もちかぶがいしゃ)**を解体し、三井・三菱・住友などの株式を処分して、少数家族による企業支配を分散させようとした改革。 **経済民主化**を進めたが、冷戦下で徹底されず、のち企業集団として再編される面もあった。,持株会社|三井|三菱|住友|株式処分|経済民主化|企業集団,,,1945〜1950年代初め：「行くよ後」（1945）年から「行くぞ」（1950）年代までの財閥解体,国立歴史民俗博物館「第6展示室 現代」,https://www.rekihaku.ac.jp/exhibitions/room6/
日本史段階別デッキ｜Deck 1｜日本史の最重要骨格400語,JH-000167,167,Deck 1｜骨格・基礎,戦争・争乱,沖縄戦,おきなわせん,,近代,沖縄,沖縄本島・周辺諸島,1945年,1945,JH-000167-B01,beginner,用語の特定,identify,アメリカ軍が上陸し、日本軍との地上戦で多数の住民が犠牲となった戦闘は？,沖縄戦(おきなわせん),沖縄戦,,,,国立公文書館 アジア歴史資料センター,https://www.jacar.go.jp/
日本史段階別デッキ｜Deck 1｜日本史の最重要骨格400語,JH-000167,167,Deck 1｜骨格・基礎,戦争・争乱,沖縄戦,おきなわせん,,近代,沖縄,沖縄本島・周辺諸島,1945年,1945,JH-000167-B02,beginner,時期,time,沖縄戦(おきなわせん)が戦われたのはいつ？,1945年,1945年,,,1945年：「行くよ後」（1945）へ沖縄戦,国立公文書館 アジア歴史資料センター,https://www.jacar.go.jp/
日本史段階別デッキ｜Deck 1｜日本史の最重要骨格400語,JH-000167,167,Deck 1｜骨格・基礎,戦争・争乱,沖縄戦,おきなわせん,,近代,沖縄,沖縄本島・周辺諸島,1945年,1945,JH-000167-B03,beginner,地域,place,沖縄戦(おきなわせん)で戦場となった主な地域は？,沖縄本島・周辺諸島,沖縄本島・周辺諸島,,,,国立公文書館 アジア歴史資料センター,https://www.jacar.go.jp/
日本史段階別デッキ｜Deck 1｜日本史の最重要骨格400語,JH-000167,167,Deck 1｜骨格・基礎,戦争・争乱,沖縄戦,おきなわせん,,近代,沖縄,沖縄本島・周辺諸島,1945年,1945,JH-000167-R01,reverse,時期,time,戦われたのはいつ？,**1945年**,1945年,,,1945年：「行くよ後」（1945）へ沖縄戦,国立公文書館 アジア歴史資料センター,https://www.jacar.go.jp/
日本史段階別デッキ｜Deck 1｜日本史の最重要骨格400語,JH-000167,167,Deck 1｜骨格・基礎,戦争・争乱,沖縄戦,おきなわせん,,近代,沖縄,沖縄本島・周辺諸島,1945年,1945,JH-000167-R02,reverse,複合説明,reverse,何が起きた？,沖縄本島・周辺諸島で**アメリカ軍**と日本軍が戦い、住民を巻き込む激しい地上戦となった。,アメリカ軍|日本軍|地上戦|住民動員|避難壕|集団死|住民犠牲,,,,国立公文書館 アジア歴史資料センター,https://www.jacar.go.jp/
日本史段階別デッキ｜Deck 1｜日本史の最重要骨格400語,JH-000167,167,Deck 1｜骨格・基礎,戦争・争乱,沖縄戦,おきなわせん,,近代,沖縄,沖縄本島・周辺諸島,1945年,1945,JH-000167-R03,reverse,結果・関連,reverse,何につながった・どんな意味があった？,日本軍の持久戦、住民の戦闘動員、避難壕からの追い出しや**集団死の強制・誘導**などにより、多数の住民が犠牲となった。,アメリカ軍|日本軍|地上戦|住民動員|避難壕|集団死|住民犠牲,,,,国立公文書館 アジア歴史資料センター,https://www.jacar.go.jp/
日本史段階別デッキ｜Deck 1｜日本史の最重要骨格400語,JH-000167,167,Deck 1｜骨格・基礎,戦争・争乱,沖縄戦,おきなわせん,,近代,沖縄,沖縄本島・周辺諸島,1945年,1945,JH-000167-I01,integrated,統合説明,integrated,「沖縄戦(おきなわせん)」について説明せよ。,1945年、沖縄本島・周辺諸島を主な舞台として、沖縄本島・周辺諸島で**アメリカ軍**と日本軍が戦い、住民を巻き込む激しい地上戦となった。 日本軍の持久戦、住民の戦闘動員、避難壕からの追い出しや**集団死の強制・誘導**などにより、多数の住民が犠牲となった。,アメリカ軍|日本軍|地上戦|住民動員|避難壕|集団死|住民犠牲,,,1945年：「行くよ後」（1945）へ沖縄戦,国立公文書館 アジア歴史資料センター,https://www.jacar.go.jp/
日本史段階別デッキ｜Deck 1｜日本史の最重要骨格400語,JH-000168,168,Deck 1｜骨格・基礎,文書・史料,ポツダム宣言,ぽつだむせんげん,,近代,欧米,日本とアメリカ・イギリス・中国など,1945年7月26日,1945,JH-000168-B01,beginner,用語の特定,identify,日本軍の無条件降伏、軍国主義排除、占領・民主化などの条件を示した連合国の宣言は？,ポツダム宣言(ぽつだむせんげん),ポツダム宣言,,,,外務省「日本外交文書」,https://www.mofa.go.jp/mofaj/annai/honsho/shiryo/bunsho/index.html
日本史段階別デッキ｜Deck 1｜日本史の最重要骨格400語,JH-000168,168,Deck 1｜骨格・基礎,文書・史料,ポツダム宣言,ぽつだむせんげん,,近代,欧米,日本とアメリカ・イギリス・中国など,1945年7月26日,1945,JH-000168-B02,beginner,時期,time,ポツダム宣言(ぽつだむせんげん)が作成・成立したのはいつ？,1945年7月26日,1945年7月26日,,,1945年7月26日：「行くよ後」（1945）、「なな」（7）月「つつむ」（26）日にポツダム宣言,外務省「日本外交文書」,https://www.mofa.go.jp/mofaj/annai/honsho/shiryo/bunsho/index.html
日本史段階別デッキ｜Deck 1｜日本史の最重要骨格400語,JH-000168,168,Deck 1｜骨格・基礎,文書・史料,ポツダム宣言,ぽつだむせんげん,,近代,欧米,日本とアメリカ・イギリス・中国など,1945年7月26日,1945,JH-000168-B03,beginner,関係国,actor,ポツダム宣言(ぽつだむせんげん)を発表した中心三国は？,アメリカ・イギリス・中国,アメリカ・イギリス・中国,,,,外務省「日本外交文書」,https://www.mofa.go.jp/mofaj/annai/honsho/shiryo/bunsho/index.html
日本史段階別デッキ｜Deck 1｜日本史の最重要骨格400語,JH-000168,168,Deck 1｜骨格・基礎,文書・史料,ポツダム宣言,ぽつだむせんげん,,近代,欧米,日本とアメリカ・イギリス・中国など,1945年7月26日,1945,JH-000168-R01,reverse,時期,time,作成・成立したのはいつ？,**1945年7月26日**,1945年7月26日,,,1945年7月26日：「行くよ後」（1945）、「なな」（7）月「つつむ」（26）日にポツダム宣言,外務省「日本外交文書」,https://www.mofa.go.jp/mofaj/annai/honsho/shiryo/bunsho/index.html
日本史段階別デッキ｜Deck 1｜日本史の最重要骨格400語,JH-000168,168,Deck 1｜骨格・基礎,文書・史料,ポツダム宣言,ぽつだむせんげん,,近代,欧米,日本とアメリカ・イギリス・中国など,1945年7月26日,1945,JH-000168-R02,reverse,複合説明,reverse,何が書かれている・何が分かる？,アメリカ・イギリス・中国が日本に対し、**日本軍の無条件降伏・軍国主義排除・占領・民主化**などの条件を示した宣言。,アメリカ|イギリス|中国|日本軍の無条件降伏|軍国主義排除|占領|民主化,,,,外務省「日本外交文書」,https://www.mofa.go.jp/mofaj/annai/honsho/shiryo/bunsho/index.html
日本史段階別デッキ｜Deck 1｜日本史の最重要骨格400語,JH-000168,168,Deck 1｜骨格・基礎,文書・史料,ポツダム宣言,ぽつだむせんげん,,近代,欧米,日本とアメリカ・イギリス・中国など,1945年7月26日,1945,JH-000168-R03,reverse,結果・関連,reverse,何につながった・どんな意味があった？,日本政府が受諾して敗戦を決定し、連合国**占領**と戦後改革の基本方針となった。,アメリカ|イギリス|中国|日本軍の無条件降伏|軍国主義排除|占領|民主化,,,,外務省「日本外交文書」,https://www.mofa.go.jp/mofaj/annai/honsho/shiryo/bunsho/index.html
日本史段階別デッキ｜Deck 1｜日本史の最重要骨格400語,JH-000168,168,Deck 1｜骨格・基礎,文書・史料,ポツダム宣言,ぽつだむせんげん,,近代,欧米,日本とアメリカ・イギリス・中国など,1945年7月26日,1945,JH-000168-I01,integrated,統合説明,integrated,「ポツダム宣言(ぽつだむせんげん)」について説明せよ。,1945年7月26日、日本とアメリカ・イギリス・中国などを主な舞台として、アメリカ・イギリス・中国が日本に対し、**日本軍の無条件降伏・軍国主義排除・占領・民主化**などの条件を示した宣言。 日本政府が受諾して敗戦を決定し、連合国**占領**と戦後改革の基本方針となった。,アメリカ|イギリス|中国|日本軍の無条件降伏|軍国主義排除|占領|民主化,,,1945年7月26日：「行くよ後」（1945）、「なな」（7）月「つつむ」（26）日にポツダム宣言,外務省「日本外交文書」,https://www.mofa.go.jp/mofaj/annai/honsho/shiryo/bunsho/index.html
日本史段階別デッキ｜Deck 1｜日本史の最重要骨格400語,JH-000169,169,Deck 1｜骨格・基礎,戦争・争乱,原子爆弾投下,げんしばくだんとうか,,近代,日本全国,広島・長崎,1945年8月,1945,JH-000169-B01,beginner,用語の特定,identify,アメリカが広島と長崎へ原子爆弾を投下し、甚大な死傷と放射線被害をもたらした出来事は？,原子爆弾投下(げんしばくだんとうか),原子爆弾投下,,,,国立公文書館 アジア歴史資料センター,https://www.jacar.go.jp/
日本史段階別デッキ｜Deck 1｜日本史の最重要骨格400語,JH-000169,169,Deck 1｜骨格・基礎,戦争・争乱,原子爆弾投下,げんしばくだんとうか,,近代,日本全国,広島・長崎,1945年8月,1945,JH-000169-B02,beginner,時期,time,原子爆弾投下(げんしばくだんとうか)が戦われたのはいつ？,1945年8月6日・9日,1945年8月6日・9日,,,1945年8月6日・9日：「行くよ後」（1945）、「や」（8）月「む」（6）日広島、「く」（9）日長崎へ原子爆弾投下,国立公文書館 アジア歴史資料センター,https://www.jacar.go.jp/
日本史段階別デッキ｜Deck 1｜日本史の最重要骨格400語,JH-000169,169,Deck 1｜骨格・基礎,戦争・争乱,原子爆弾投下,げんしばくだんとうか,,近代,日本全国,広島・長崎,1945年8月,1945,JH-000169-B03,beginner,地域,place,原子爆弾投下(げんしばくだんとうか)が行われた二都市は？,広島・長崎,広島・長崎,,,,国立公文書館 アジア歴史資料センター,https://www.jacar.go.jp/
日本史段階別デッキ｜Deck 1｜日本史の最重要骨格400語,JH-000169,169,Deck 1｜骨格・基礎,戦争・争乱,原子爆弾投下,げんしばくだんとうか,,近代,日本全国,広島・長崎,1945年8月,1945,JH-000169-R01,reverse,時期,time,戦われたのはいつ？,**1945年8月6日・9日**,1945年8月6日・9日,,,1945年8月6日・9日：「行くよ後」（1945）、「や」（8）月「む」（6）日広島、「く」（9）日長崎へ原子爆弾投下,国立公文書館 アジア歴史資料センター,https://www.jacar.go.jp/
日本史段階別デッキ｜Deck 1｜日本史の最重要骨格400語,JH-000169,169,Deck 1｜骨格・基礎,戦争・争乱,原子爆弾投下,げんしばくだんとうか,,近代,日本全国,広島・長崎,1945年8月,1945,JH-000169-R02,reverse,複合説明,reverse,何が起きた？,アメリカが**1945年8月6日に広島、8月9日に長崎**へ原子爆弾を投下し、一瞬の破壊・熱線・放射線で多数の人々を殺傷した。,アメリカ|広島|長崎|原子爆弾|熱線|放射線|被爆者|核廃絶,,,,国立公文書館 アジア歴史資料センター,https://www.jacar.go.jp/
日本史段階別デッキ｜Deck 1｜日本史の最重要骨格400語,JH-000169,169,Deck 1｜骨格・基礎,戦争・争乱,原子爆弾投下,げんしばくだんとうか,,近代,日本全国,広島・長崎,1945年8月,1945,JH-000169-R03,reverse,結果・関連,reverse,何につながった・どんな意味があった？,**被爆者**に長期の健康被害と差別を残し、核兵器の非人道性と核廃絶を問う世界的課題となった。,アメリカ|広島|長崎|原子爆弾|熱線|放射線|被爆者|核廃絶,,,,国立公文書館 アジア歴史資料センター,https://www.jacar.go.jp/
日本史段階別デッキ｜Deck 1｜日本史の最重要骨格400語,JH-000169,169,Deck 1｜骨格・基礎,戦争・争乱,原子爆弾投下,げんしばくだんとうか,,近代,日本全国,広島・長崎,1945年8月,1945,JH-000169-I01,integrated,統合説明,integrated,「原子爆弾投下(げんしばくだんとうか)」について説明せよ。,1945年8月、広島・長崎を主な舞台として、アメリカが**1945年8月6日に広島、8月9日に長崎**へ原子爆弾を投下し、一瞬の破壊・熱線・放射線で多数の人々を殺傷した。 **被爆者**に長期の健康被害と差別を残し、核兵器の非人道性と核廃絶を問う世界的課題となった。,アメリカ|広島|長崎|原子爆弾|熱線|放射線|被爆者|核廃絶,,,1945年8月6日・9日：「行くよ後」（1945）、「や」（8）月「む」（6）日広島、「く」（9）日長崎へ原子爆弾投下,国立公文書館 アジア歴史資料センター,https://www.jacar.go.jp/
日本史段階別デッキ｜Deck 1｜日本史の最重要骨格400語,JH-000171,171,Deck 1｜骨格・基礎,制度・政策・法律,労働三法,ろうどうさんぽう,,現代,日本全国,日本全国の職場,1945〜1947年,1945,JH-000171-B01,beginner,用語の特定,identify,戦後、労働者の団結・団体交渉・争議権と最低労働条件を保障するため整備された三つの法律の総称は？,労働三法(ろうどうさんぽう),労働三法,,,,国立歴史民俗博物館「第6展示室 現代」,https://www.rekihaku.ac.jp/exhibitions/room6/
日本史段階別デッキ｜Deck 1｜日本史の最重要骨格400語,JH-000171,171,Deck 1｜骨格・基礎,制度・政策・法律,労働三法,ろうどうさんぽう,,現代,日本全国,日本全国の職場,1945〜1947年,1945,JH-000171-B02,beginner,時期,time,労働三法(ろうどうさんぽう)が成立・実施されたのはいつ？,1945〜1947年,1945〜1947年,,,1945〜1947年：「行くよ後」（1945）年から「行くよな」（1947）年までの労働三法,国立歴史民俗博物館「第6展示室 現代」,https://www.rekihaku.ac.jp/exhibitions/room6/
日本史段階別デッキ｜Deck 1｜日本史の最重要骨格400語,JH-000171,171,Deck 1｜骨格・基礎,制度・政策・法律,労働三法,ろうどうさんぽう,,現代,日本全国,日本全国の職場,1945〜1947年,1945,JH-000171-B03,beginner,構成,content,労働三法(ろうどうさんぽう)を構成する三法は？,労働組合法・労働関係調整法・労働基準法,労働組合法・労働関係調整法・労働基準法,,,,国立歴史民俗博物館「第6展示室 現代」,https://www.rekihaku.ac.jp/exhibitions/room6/
日本史段階別デッキ｜Deck 1｜日本史の最重要骨格400語,JH-000171,171,Deck 1｜骨格・基礎,制度・政策・法律,労働三法,ろうどうさんぽう,,現代,日本全国,日本全国の職場,1945〜1947年,1945,JH-000171-R01,reverse,時期,time,成立・実施されたのはいつ？,**1945〜1947年**,1945〜1947年,,,1945〜1947年：「行くよ後」（1945）年から「行くよな」（1947）年までの労働三法,国立歴史民俗博物館「第6展示室 現代」,https://www.rekihaku.ac.jp/exhibitions/room6/
日本史段階別デッキ｜Deck 1｜日本史の最重要骨格400語,JH-000171,171,Deck 1｜骨格・基礎,制度・政策・法律,労働三法,ろうどうさんぽう,,現代,日本全国,日本全国の職場,1945〜1947年,1945,JH-000171-R02,reverse,複合説明,reverse,どんな制度・政策・法律？,占領下の日本で制定された**労働組合法・労働関係調整法・労働基準法**の総称。,労働組合法|労働関係調整法|労働基準法|団結権|団体交渉権|争議権|最低労働条件,,,,国立歴史民俗博物館「第6展示室 現代」,https://www.rekihaku.ac.jp/exhibitions/room6/
日本史段階別デッキ｜Deck 1｜日本史の最重要骨格400語,JH-000171,171,Deck 1｜骨格・基礎,制度・政策・法律,労働三法,ろうどうさんぽう,,現代,日本全国,日本全国の職場,1945〜1947年,1945,JH-000171-R03,reverse,結果・関連,reverse,何につながった・どんな意味があった？,労働者の団結・団体交渉・**争議権**と最低労働条件を保障し、戦後の労働組合運動と労使関係の基礎を作った。,労働組合法|労働関係調整法|労働基準法|団結権|団体交渉権|争議権|最低労働条件,,,,国立歴史民俗博物館「第6展示室 現代」,https://www.rekihaku.ac.jp/exhibitions/room6/
日本史段階別デッキ｜Deck 1｜日本史の最重要骨格400語,JH-000171,171,Deck 1｜骨格・基礎,制度・政策・法律,労働三法,ろうどうさんぽう,,現代,日本全国,日本全国の職場,1945〜1947年,1945,JH-000171-I01,integrated,統合説明,integrated,「労働三法(ろうどうさんぽう)」について説明せよ。,1945〜1947年、日本全国の職場を主な舞台として、占領下の日本で制定された**労働組合法・労働関係調整法・労働基準法**の総称。 労働者の団結・団体交渉・**争議権**と最低労働条件を保障し、戦後の労働組合運動と労使関係の基礎を作った。,労働組合法|労働関係調整法|労働基準法|団結権|団体交渉権|争議権|最低労働条件,,,1945〜1947年：「行くよ後」（1945）年から「行くよな」（1947）年までの労働三法,国立歴史民俗博物館「第6展示室 現代」,https://www.rekihaku.ac.jp/exhibitions/room6/
日本史段階別デッキ｜Deck 1｜日本史の最重要骨格400語,JH-000004,4,Deck 1｜骨格・基礎,制度・政策・法律,日本国憲法,にほんこくけんぽう,,現代,日本全国,日本全国,1946年公布・1947年施行,1946,JH-000004-B01,beginner,用語の特定,identify,国民主権・基本的人権の尊重・平和主義を基本原理とする戦後日本の憲法は？,日本国憲法,日本国憲法,,,,国立国会図書館「日本国憲法の誕生」,https://www.ndl.go.jp/constitution/
日本史段階別デッキ｜Deck 1｜日本史の最重要骨格400語,JH-000004,4,Deck 1｜骨格・基礎,制度・政策・法律,日本国憲法,にほんこくけんぽう,,現代,日本全国,日本全国,1946年公布・1947年施行,1946,JH-000004-B02,beginner,時期,time,日本国憲法が成立・実施されたのはいつ？,1946年公布・1947年施行,1946年公布・1947年施行,,,1946年公布・1947年施行：「行くよ無理なく」（1946）公布、「行くよな」（1947）施行の日本国憲法,国立国会図書館「日本国憲法の誕生」,https://www.ndl.go.jp/constitution/
日本史段階別デッキ｜Deck 1｜日本史の最重要骨格400語,JH-000004,4,Deck 1｜骨格・基礎,制度・政策・法律,日本国憲法,にほんこくけんぽう,,現代,日本全国,日本全国,1946年公布・1947年施行,1946,JH-000004-B03,beginner,内容,content,日本国憲法の三大原則は？,国民主権・基本的人権の尊重・平和主義,国民主権・基本的人権の尊重・平和主義,,,,国立国会図書館「日本国憲法の誕生」,https://www.ndl.go.jp/constitution/
日本史段階別デッキ｜Deck 1｜日本史の最重要骨格400語,JH-000004,4,Deck 1｜骨格・基礎,制度・政策・法律,日本国憲法,にほんこくけんぽう,,現代,日本全国,日本全国,1946年公布・1947年施行,1946,JH-000004-R01,reverse,時期,time,成立・実施されたのはいつ？,**1946年公布・1947年施行**,1946年公布・1947年施行,,,1946年公布・1947年施行：「行くよ無理なく」（1946）公布、「行くよな」（1947）施行の日本国憲法,国立国会図書館「日本国憲法の誕生」,https://www.ndl.go.jp/constitution/
日本史段階別デッキ｜Deck 1｜日本史の最重要骨格400語,JH-000004,4,Deck 1｜骨格・基礎,制度・政策・法律,日本国憲法,にほんこくけんぽう,,現代,日本全国,日本全国,1946年公布・1947年施行,1946,JH-000004-R02,reverse,複合説明,reverse,どんな制度・政策・法律？,連合国占領下で制定され、**国民主権・基本的人権の尊重・平和主義**を三大原則とする日本の最高法規。,国民主権|基本的人権の尊重|平和主義|象徴天皇制|議院内閣制|司法権の独立|地方自治|男女平等,,,,国立国会図書館「日本国憲法の誕生」,https://www.ndl.go.jp/constitution/
日本史段階別デッキ｜Deck 1｜日本史の最重要骨格400語,JH-000004,4,Deck 1｜骨格・基礎,制度・政策・法律,日本国憲法,にほんこくけんぽう,,現代,日本全国,日本全国,1946年公布・1947年施行,1946,JH-000004-R03,reverse,結果・関連,reverse,何につながった・どんな意味があった？,天皇を象徴とし、国会中心の**議院内閣制**・司法権の独立・地方自治・男女平等などを定め、戦後民主国家の枠組みを作った。,国民主権|基本的人権の尊重|平和主義|象徴天皇制|議院内閣制|司法権の独立|地方自治|男女平等,,,,国立国会図書館「日本国憲法の誕生」,https://www.ndl.go.jp/constitution/
日本史段階別デッキ｜Deck 1｜日本史の最重要骨格400語,JH-000004,4,Deck 1｜骨格・基礎,制度・政策・法律,日本国憲法,にほんこくけんぽう,,現代,日本全国,日本全国,1946年公布・1947年施行,1946,JH-000004-I01,integrated,統合説明,integrated,「日本国憲法」について説明せよ。,1946年公布・1947年施行、日本全国を主な舞台として、連合国占領下で制定され、**国民主権・基本的人権の尊重・平和主義**を三大原則とする日本の最高法規。 天皇を象徴とし、国会中心の**議院内閣制**・司法権の独立・地方自治・男女平等などを定め、戦後民主国家の枠組みを作った。,国民主権|基本的人権の尊重|平和主義|象徴天皇制|議院内閣制|司法権の独立|地方自治|男女平等,,,1946年公布・1947年施行：「行くよ無理なく」（1946）公布、「行くよな」（1947）施行の日本国憲法,国立国会図書館「日本国憲法の誕生」,https://www.ndl.go.jp/constitution/
日本史段階別デッキ｜Deck 1｜日本史の最重要骨格400語,JH-000057,57,Deck 1｜骨格・基礎,土地制度・租税,農地改革,のうちかいかく,,現代,日本全国,日本全国の農村,1946〜1950年ごろ,1946,JH-000057-B01,beginner,用語の特定,identify,政府が不在地主の土地などを買い上げ、小作農へ安く売り渡して自作農を増やした改革は？,農地改革,農地改革,,,,国立歴史民俗博物館「第6展示室 現代」,https://www.rekihaku.ac.jp/exhibitions/room6/
日本史段階別デッキ｜Deck 1｜日本史の最重要骨格400語,JH-000057,57,Deck 1｜骨格・基礎,土地制度・租税,農地改革,のうちかいかく,,現代,日本全国,日本全国の農村,1946〜1950年ごろ,1946,JH-000057-B02,beginner,時期,time,農地改革が成立・実施されたのはいつ？,1946〜1950年ごろ,1946〜1950年ごろ,,,1946〜1950年ごろ：「行くよ無理なく」（1946）年から「行くぞ」（1950）年までの農地改革,国立歴史民俗博物館「第6展示室 現代」,https://www.rekihaku.ac.jp/exhibitions/room6/
日本史段階別デッキ｜Deck 1｜日本史の最重要骨格400語,JH-000057,57,Deck 1｜骨格・基礎,土地制度・租税,農地改革,のうちかいかく,,現代,日本全国,日本全国の農村,1946〜1950年ごろ,1946,JH-000057-B03,beginner,結果,result,農地改革によって増加した農民の形態は？,自作農,自作農,,,,国立歴史民俗博物館「第6展示室 現代」,https://www.rekihaku.ac.jp/exhibitions/room6/
日本史段階別デッキ｜Deck 1｜日本史の最重要骨格400語,JH-000057,57,Deck 1｜骨格・基礎,土地制度・租税,農地改革,のうちかいかく,,現代,日本全国,日本全国の農村,1946〜1950年ごろ,1946,JH-000057-R01,reverse,時期,time,成立・実施されたのはいつ？,**1946〜1950年ごろ**,1946〜1950年ごろ,,,1946〜1950年ごろ：「行くよ無理なく」（1946）年から「行くぞ」（1950）年までの農地改革,国立歴史民俗博物館「第6展示室 現代」,https://www.rekihaku.ac.jp/exhibitions/room6/
日本史段階別デッキ｜Deck 1｜日本史の最重要骨格400語,JH-000057,57,Deck 1｜骨格・基礎,土地制度・租税,農地改革,のうちかいかく,,現代,日本全国,日本全国の農村,1946〜1950年ごろ,1946,JH-000057-R02,reverse,複合説明,reverse,どんな制度？,占領下の日本全国で政府が不在地主の小作地などを買い上げ、**小作農へ低価格で売り渡して自作農**を増やした改革。,不在地主|小作地|小作農|自作農|寄生地主制|戦後民主化|国内市場,,,,国立歴史民俗博物館「第6展示室 現代」,https://www.rekihaku.ac.jp/exhibitions/room6/
日本史段階別デッキ｜Deck 1｜日本史の最重要骨格400語,JH-000057,57,Deck 1｜骨格・基礎,土地制度・租税,農地改革,のうちかいかく,,現代,日本全国,日本全国の農村,1946〜1950年ごろ,1946,JH-000057-R03,reverse,結果・関連,reverse,何につながった・どんな意味があった？,**寄生地主制(きせいじぬしせい)**を大きく解体して農村の経済・政治関係を変え、戦後民主化と国内市場拡大の基盤となった。,不在地主|小作地|小作農|自作農|寄生地主制|戦後民主化|国内市場,,,,国立歴史民俗博物館「第6展示室 現代」,https://www.rekihaku.ac.jp/exhibitions/room6/
日本史段階別デッキ｜Deck 1｜日本史の最重要骨格400語,JH-000057,57,Deck 1｜骨格・基礎,土地制度・租税,農地改革,のうちかいかく,,現代,日本全国,日本全国の農村,1946〜1950年ごろ,1946,JH-000057-I01,integrated,統合説明,integrated,「農地改革」について説明せよ。,1946〜1950年ごろ、日本全国の農村を主な舞台として、占領下の日本全国で政府が不在地主の小作地などを買い上げ、**小作農へ低価格で売り渡して自作農**を増やした改革。 **寄生地主制(きせいじぬしせい)**を大きく解体して農村の経済・政治関係を変え、戦後民主化と国内市場拡大の基盤となった。,不在地主|小作地|小作農|自作農|寄生地主制|戦後民主化|国内市場,,,1946〜1950年ごろ：「行くよ無理なく」（1946）年から「行くぞ」（1950）年までの農地改革,国立歴史民俗博物館「第6展示室 現代」,https://www.rekihaku.ac.jp/exhibitions/room6/
日本史段階別デッキ｜Deck 1｜日本史の最重要骨格400語,JH-000059,59,Deck 1｜骨格・基礎,思想・主義,国民主権,こくみんしゅけん,,現代,日本全国,日本全国,日本国憲法下,1946,JH-000059-B01,beginner,用語の特定,identify,国家の政治権力の最終的な根拠が国民にあるとする日本国憲法の原則は？,国民主権,国民主権,,,,国立国会図書館「日本国憲法の誕生」,https://www.ndl.go.jp/constitution/
日本史段階別デッキ｜Deck 1｜日本史の最重要骨格400語,JH-000059,59,Deck 1｜骨格・基礎,思想・主義,国民主権,こくみんしゅけん,,現代,日本全国,日本全国,日本国憲法下,1946,JH-000059-B02,beginner,時期,time,国民主権が広がった・重視されたのはいつ？,日本国憲法下,日本国憲法下,,,,国立国会図書館「日本国憲法の誕生」,https://www.ndl.go.jp/constitution/
日本史段階別デッキ｜Deck 1｜日本史の最重要骨格400語,JH-000059,59,Deck 1｜骨格・基礎,思想・主義,国民主権,こくみんしゅけん,,現代,日本全国,日本全国,日本国憲法下,1946,JH-000059-B03,beginner,主体,actor,国民主権で主権を持つ主体は？,国民,国民,,,,国立国会図書館「日本国憲法の誕生」,https://www.ndl.go.jp/constitution/
日本史段階別デッキ｜Deck 1｜日本史の最重要骨格400語,JH-000059,59,Deck 1｜骨格・基礎,思想・主義,国民主権,こくみんしゅけん,,現代,日本全国,日本全国,日本国憲法下,1946,JH-000059-R01,reverse,時期,time,広がった・重視されたのはいつ？,**日本国憲法下**,日本国憲法下,,,,国立国会図書館「日本国憲法の誕生」,https://www.ndl.go.jp/constitution/
日本史段階別デッキ｜Deck 1｜日本史の最重要骨格400語,JH-000059,59,Deck 1｜骨格・基礎,思想・主義,国民主権,こくみんしゅけん,,現代,日本全国,日本全国,日本国憲法下,1946,JH-000059-R02,reverse,複合説明,reverse,どんな考え？,日本国憲法下の日本全国で、**政治権力の最終的な根拠を国民**に置き、国民が選挙などを通じて政治を決めるとする原則。,国民|政治権力|選挙|天皇主権|議会制民主主義|地方自治,,,,国立国会図書館「日本国憲法の誕生」,https://www.ndl.go.jp/constitution/
日本史段階別デッキ｜Deck 1｜日本史の最重要骨格400語,JH-000059,59,Deck 1｜骨格・基礎,思想・主義,国民主権,こくみんしゅけん,,現代,日本全国,日本全国,日本国憲法下,1946,JH-000059-R03,reverse,結果・関連,reverse,何につながった・どんな意味があった？,天皇主権から転換し、普通**選挙**・議会制民主主義・地方自治を支える戦後政治の基礎となった。,国民|政治権力|選挙|天皇主権|議会制民主主義|地方自治,,,,国立国会図書館「日本国憲法の誕生」,https://www.ndl.go.jp/constitution/
日本史段階別デッキ｜Deck 1｜日本史の最重要骨格400語,JH-000059,59,Deck 1｜骨格・基礎,思想・主義,国民主権,こくみんしゅけん,,現代,日本全国,日本全国,日本国憲法下,1946,JH-000059-I01,integrated,統合説明,integrated,「国民主権」について説明せよ。,日本国憲法下、日本全国を主な舞台として、日本国憲法下の日本全国で、**政治権力の最終的な根拠を国民**に置き、国民が選挙などを通じて政治を決めるとする原則。 天皇主権から転換し、普通**選挙**・議会制民主主義・地方自治を支える戦後政治の基礎となった。,国民|政治権力|選挙|天皇主権|議会制民主主義|地方自治,,,,国立国会図書館「日本国憲法の誕生」,https://www.ndl.go.jp/constitution/
日本史段階別デッキ｜Deck 1｜日本史の最重要骨格400語,JH-000060,60,Deck 1｜骨格・基礎,思想・主義,基本的人権,きほんてきじんけん,,現代,日本全国,日本全国,日本国憲法下,1946,JH-000060-B01,beginner,用語の特定,identify,人が生まれながらに持ち、国家権力も原則侵してはならない自由・平等・社会的権利の総称は？,基本的人権,基本的人権,,,,国立国会図書館「日本国憲法の誕生」,https://www.ndl.go.jp/constitution/
日本史段階別デッキ｜Deck 1｜日本史の最重要骨格400語,JH-000060,60,Deck 1｜骨格・基礎,思想・主義,基本的人権,きほんてきじんけん,,現代,日本全国,日本全国,日本国憲法下,1946,JH-000060-B02,beginner,時期,time,基本的人権が広がった・重視されたのはいつ？,日本国憲法下,日本国憲法下,,,,国立国会図書館「日本国憲法の誕生」,https://www.ndl.go.jp/constitution/
日本史段階別デッキ｜Deck 1｜日本史の最重要骨格400語,JH-000060,60,Deck 1｜骨格・基礎,思想・主義,基本的人権,きほんてきじんけん,,現代,日本全国,日本全国,日本国憲法下,1946,JH-000060-B03,beginner,内容,content,基本的人権の例を一つ答えよ。,法の下の平等,法の下の平等,自由権|社会権|参政権|請求権,,,国立国会図書館「日本国憲法の誕生」,https://www.ndl.go.jp/constitution/
日本史段階別デッキ｜Deck 1｜日本史の最重要骨格400語,JH-000060,60,Deck 1｜骨格・基礎,思想・主義,基本的人権,きほんてきじんけん,,現代,日本全国,日本全国,日本国憲法下,1946,JH-000060-R01,reverse,時期,time,広がった・重視されたのはいつ？,**日本国憲法下**,日本国憲法下,,,,国立国会図書館「日本国憲法の誕生」,https://www.ndl.go.jp/constitution/
日本史段階別デッキ｜Deck 1｜日本史の最重要骨格400語,JH-000060,60,Deck 1｜骨格・基礎,思想・主義,基本的人権,きほんてきじんけん,,現代,日本全国,日本全国,日本国憲法下,1946,JH-000060-R02,reverse,複合説明,reverse,どんな考え？,日本国憲法下で、すべての人に保障される**自由権・平等権・社会権・参政権・請求権**などの権利。,自由権|平等権|社会権|参政権|請求権|個人の尊厳|立憲主義,,,,国立国会図書館「日本国憲法の誕生」,https://www.ndl.go.jp/constitution/
日本史段階別デッキ｜Deck 1｜日本史の最重要骨格400語,JH-000060,60,Deck 1｜骨格・基礎,思想・主義,基本的人権,きほんてきじんけん,,現代,日本全国,日本全国,日本国憲法下,1946,JH-000060-R03,reverse,結果・関連,reverse,何につながった・どんな意味があった？,侵すことのできない永久の権利と位置づけられ、国家権力を制限し**個人の尊厳**を守る立憲主義の中心となった。,自由権|平等権|社会権|参政権|請求権|個人の尊厳|立憲主義,,,,国立国会図書館「日本国憲法の誕生」,https://www.ndl.go.jp/constitution/
日本史段階別デッキ｜Deck 1｜日本史の最重要骨格400語,JH-000060,60,Deck 1｜骨格・基礎,思想・主義,基本的人権,きほんてきじんけん,,現代,日本全国,日本全国,日本国憲法下,1946,JH-000060-I01,integrated,統合説明,integrated,「基本的人権」について説明せよ。,日本国憲法下、日本全国を主な舞台として、日本国憲法下で、すべての人に保障される**自由権・平等権・社会権・参政権・請求権**などの権利。 侵すことのできない永久の権利と位置づけられ、国家権力を制限し**個人の尊厳**を守る立憲主義の中心となった。,自由権|平等権|社会権|参政権|請求権|個人の尊厳|立憲主義,,,,国立国会図書館「日本国憲法の誕生」,https://www.ndl.go.jp/constitution/
日本史段階別デッキ｜Deck 1｜日本史の最重要骨格400語,JH-000061,61,Deck 1｜骨格・基礎,思想・主義,平和主義,へいわしゅぎ,,現代,日本全国,日本と国際社会,日本国憲法下,1946,JH-000061-B01,beginner,用語の特定,identify,戦争放棄・戦力不保持・交戦権否認を定めた日本国憲法の原則は？,平和主義,平和主義,,,,国立国会図書館「日本国憲法の誕生」,https://www.ndl.go.jp/constitution/
日本史段階別デッキ｜Deck 1｜日本史の最重要骨格400語,JH-000061,61,Deck 1｜骨格・基礎,思想・主義,平和主義,へいわしゅぎ,,現代,日本全国,日本と国際社会,日本国憲法下,1946,JH-000061-B02,beginner,時期,time,平和主義が広がった・重視されたのはいつ？,日本国憲法下,日本国憲法下,,,,国立国会図書館「日本国憲法の誕生」,https://www.ndl.go.jp/constitution/
日本史段階別デッキ｜Deck 1｜日本史の最重要骨格400語,JH-000061,61,Deck 1｜骨格・基礎,思想・主義,平和主義,へいわしゅぎ,,現代,日本全国,日本と国際社会,日本国憲法下,1946,JH-000061-B03,beginner,条文,content,平和主義を具体化する日本国憲法の条文は第何条？,第9条,第9条,,,,国立国会図書館「日本国憲法の誕生」,https://www.ndl.go.jp/constitution/
日本史段階別デッキ｜Deck 1｜日本史の最重要骨格400語,JH-000061,61,Deck 1｜骨格・基礎,思想・主義,平和主義,へいわしゅぎ,,現代,日本全国,日本と国際社会,日本国憲法下,1946,JH-000061-R01,reverse,時期,time,広がった・重視されたのはいつ？,**日本国憲法下**,日本国憲法下,,,,国立国会図書館「日本国憲法の誕生」,https://www.ndl.go.jp/constitution/
日本史段階別デッキ｜Deck 1｜日本史の最重要骨格400語,JH-000061,61,Deck 1｜骨格・基礎,思想・主義,平和主義,へいわしゅぎ,,現代,日本全国,日本と国際社会,日本国憲法下,1946,JH-000061-R02,reverse,複合説明,reverse,どんな考え？,日本国憲法下で、**戦争放棄・戦力不保持・交戦権否認**を第9条に定め、戦争によらない国際平和を目指す原則。,戦争放棄|戦力不保持|交戦権否認|第9条|自衛隊|日米安全保障体制,,,,国立国会図書館「日本国憲法の誕生」,https://www.ndl.go.jp/constitution/
日本史段階別デッキ｜Deck 1｜日本史の最重要骨格400語,JH-000061,61,Deck 1｜骨格・基礎,思想・主義,平和主義,へいわしゅぎ,,現代,日本全国,日本と国際社会,日本国憲法下,1946,JH-000061-R03,reverse,結果・関連,reverse,何につながった・どんな意味があった？,敗戦への反省から戦後国家の基本となった一方、**自衛隊**・日米安全保障体制との関係をめぐり議論が続いた。,戦争放棄|戦力不保持|交戦権否認|第9条|自衛隊|日米安全保障体制,,,,国立国会図書館「日本国憲法の誕生」,https://www.ndl.go.jp/constitution/
日本史段階別デッキ｜Deck 1｜日本史の最重要骨格400語,JH-000061,61,Deck 1｜骨格・基礎,思想・主義,平和主義,へいわしゅぎ,,現代,日本全国,日本と国際社会,日本国憲法下,1946,JH-000061-I01,integrated,統合説明,integrated,「平和主義」について説明せよ。,日本国憲法下、日本と国際社会を主な舞台として、日本国憲法下で、**戦争放棄・戦力不保持・交戦権否認**を第9条に定め、戦争によらない国際平和を目指す原則。 敗戦への反省から戦後国家の基本となった一方、**自衛隊**・日米安全保障体制との関係をめぐり議論が続いた。,戦争放棄|戦力不保持|交戦権否認|第9条|自衛隊|日米安全保障体制,,,,国立国会図書館「日本国憲法の誕生」,https://www.ndl.go.jp/constitution/
日本史段階別デッキ｜Deck 1｜日本史の最重要骨格400語,JH-000170,170,Deck 1｜骨格・基礎,事件・政変,極東国際軍事裁判,きょくとうこくさいぐんじさいばん,東京裁判,現代,関東,東京,1946〜1948年,1946,JH-000170-B01,beginner,用語の特定,identify,連合国が東京で日本の主要な戦争指導者を平和に対する罪などで裁いた裁判は？,極東国際軍事裁判(きょくとうこくさいぐんじさいばん),極東国際軍事裁判,東京裁判,,,国立歴史民俗博物館「第6展示室 現代」,https://www.rekihaku.ac.jp/exhibitions/room6/
日本史段階別デッキ｜Deck 1｜日本史の最重要骨格400語,JH-000170,170,Deck 1｜骨格・基礎,事件・政変,極東国際軍事裁判,きょくとうこくさいぐんじさいばん,東京裁判,現代,関東,東京,1946〜1948年,1946,JH-000170-B02,beginner,時期,time,極東国際軍事裁判(きょくとうこくさいぐんじさいばん)が起きたのはいつ？,1946〜1948年,1946〜1948年,,,1946〜1948年：「行くよ無理なく」（1946）年から「行くよや」（1948）年までの極東国際軍事裁判,国立歴史民俗博物館「第6展示室 現代」,https://www.rekihaku.ac.jp/exhibitions/room6/
日本史段階別デッキ｜Deck 1｜日本史の最重要骨格400語,JH-000170,170,Deck 1｜骨格・基礎,事件・政変,極東国際軍事裁判,きょくとうこくさいぐんじさいばん,東京裁判,現代,関東,東京,1946〜1948年,1946,JH-000170-B03,beginner,地域,place,極東国際軍事裁判(きょくとうこくさいぐんじさいばん)が開かれた都市は？,東京,東京,,,,国立歴史民俗博物館「第6展示室 現代」,https://www.rekihaku.ac.jp/exhibitions/room6/
日本史段階別デッキ｜Deck 1｜日本史の最重要骨格400語,JH-000170,170,Deck 1｜骨格・基礎,事件・政変,極東国際軍事裁判,きょくとうこくさいぐんじさいばん,東京裁判,現代,関東,東京,1946〜1948年,1946,JH-000170-R01,reverse,時期,time,起きたのはいつ？,**1946〜1948年**,1946〜1948年,,,1946〜1948年：「行くよ無理なく」（1946）年から「行くよや」（1948）年までの極東国際軍事裁判,国立歴史民俗博物館「第6展示室 現代」,https://www.rekihaku.ac.jp/exhibitions/room6/
日本史段階別デッキ｜Deck 1｜日本史の最重要骨格400語,JH-000170,170,Deck 1｜骨格・基礎,事件・政変,極東国際軍事裁判,きょくとうこくさいぐんじさいばん,東京裁判,現代,関東,東京,1946〜1948年,1946,JH-000170-R02,reverse,複合説明,reverse,何が起きた？,連合国が東京で、東条英機(とうじょうひでき)ら主要な戦争指導者を**平和に対する罪・通常の戦争犯罪・人道に対する罪**などで裁いた国際裁判。,連合国|東京|東条英機|平和に対する罪|戦争犯罪|人道に対する罪|勝者の裁き,,,,国立歴史民俗博物館「第6展示室 現代」,https://www.rekihaku.ac.jp/exhibitions/room6/
日本史段階別デッキ｜Deck 1｜日本史の最重要骨格400語,JH-000170,170,Deck 1｜骨格・基礎,事件・政変,極東国際軍事裁判,きょくとうこくさいぐんじさいばん,東京裁判,現代,関東,東京,1946〜1948年,1946,JH-000170-R03,reverse,結果・関連,reverse,何につながった・どんな意味があった？,戦争指導者の責任を追及した一方、**勝者の裁き**や天皇・植民地支配・空襲などが十分問われなかったとの論点も残した。,連合国|東京|東条英機|平和に対する罪|戦争犯罪|人道に対する罪|勝者の裁き,,,,国立歴史民俗博物館「第6展示室 現代」,https://www.rekihaku.ac.jp/exhibitions/room6/
日本史段階別デッキ｜Deck 1｜日本史の最重要骨格400語,JH-000170,170,Deck 1｜骨格・基礎,事件・政変,極東国際軍事裁判,きょくとうこくさいぐんじさいばん,東京裁判,現代,関東,東京,1946〜1948年,1946,JH-000170-I01,integrated,統合説明,integrated,「極東国際軍事裁判(きょくとうこくさいぐんじさいばん)」について説明せよ。,1946〜1948年、東京を主な舞台として、連合国が東京で、東条英機(とうじょうひでき)ら主要な戦争指導者を**平和に対する罪・通常の戦争犯罪・人道に対する罪**などで裁いた国際裁判。 戦争指導者の責任を追及した一方、**勝者の裁き**や天皇・植民地支配・空襲などが十分問われなかったとの論点も残した。,連合国|東京|東条英機|平和に対する罪|戦争犯罪|人道に対する罪|勝者の裁き,,,1946〜1948年：「行くよ無理なく」（1946）年から「行くよや」（1948）年までの極東国際軍事裁判,国立歴史民俗博物館「第6展示室 現代」,https://www.rekihaku.ac.jp/exhibitions/room6/
日本史段階別デッキ｜Deck 1｜日本史の最重要骨格400語,JH-000173,173,Deck 1｜骨格・基礎,制度・政策・法律,象徴天皇制,しょうちょうてんのうせい,,現代,日本全国,日本全国,日本国憲法下,1946,JH-000173-B01,beginner,用語の特定,identify,天皇を日本国と日本国民統合の象徴とし、国政に関する権能を持たせない制度は？,象徴天皇制(しょうちょうてんのうせい),象徴天皇制,,,,国立国会図書館「日本国憲法の誕生」,https://www.ndl.go.jp/constitution/
日本史段階別デッキ｜Deck 1｜日本史の最重要骨格400語,JH-000173,173,Deck 1｜骨格・基礎,制度・政策・法律,象徴天皇制,しょうちょうてんのうせい,,現代,日本全国,日本全国,日本国憲法下,1946,JH-000173-B02,beginner,時期,time,象徴天皇制(しょうちょうてんのうせい)が成立・実施されたのはいつ？,日本国憲法下,日本国憲法下,,,,国立国会図書館「日本国憲法の誕生」,https://www.ndl.go.jp/constitution/
日本史段階別デッキ｜Deck 1｜日本史の最重要骨格400語,JH-000173,173,Deck 1｜骨格・基礎,制度・政策・法律,象徴天皇制,しょうちょうてんのうせい,,現代,日本全国,日本全国,日本国憲法下,1946,JH-000173-B03,beginner,内容,content,象徴天皇制(しょうちょうてんのうせい)で天皇の地位の根拠とされるものは？,国民の総意,国民の総意,,,,国立国会図書館「日本国憲法の誕生」,https://www.ndl.go.jp/constitution/
日本史段階別デッキ｜Deck 1｜日本史の最重要骨格400語,JH-000173,173,Deck 1｜骨格・基礎,制度・政策・法律,象徴天皇制,しょうちょうてんのうせい,,現代,日本全国,日本全国,日本国憲法下,1946,JH-000173-R01,reverse,時期,time,成立・実施されたのはいつ？,**日本国憲法下**,日本国憲法下,,,,国立国会図書館「日本国憲法の誕生」,https://www.ndl.go.jp/constitution/
日本史段階別デッキ｜Deck 1｜日本史の最重要骨格400語,JH-000173,173,Deck 1｜骨格・基礎,制度・政策・法律,象徴天皇制,しょうちょうてんのうせい,,現代,日本全国,日本全国,日本国憲法下,1946,JH-000173-R02,reverse,複合説明,reverse,どんな制度・政策・法律？,日本国憲法下で、天皇を**日本国と日本国民統合の象徴**とし、その地位を国民の総意に基づかせ、国政に関する権能を持たせない制度。,日本国の象徴|日本国民統合の象徴|国民の総意|天皇主権|国事行為|内閣,,,,国立国会図書館「日本国憲法の誕生」,https://www.ndl.go.jp/constitution/
日本史段階別デッキ｜Deck 1｜日本史の最重要骨格400語,JH-000173,173,Deck 1｜骨格・基礎,制度・政策・法律,象徴天皇制,しょうちょうてんのうせい,,現代,日本全国,日本全国,日本国憲法下,1946,JH-000173-R03,reverse,結果・関連,reverse,何につながった・どんな意味があった？,大日本帝国憲法(だいにっぽんていこくけんぽう)の**天皇主権**から転換し、天皇の行為を内閣の助言と承認を要する国事行為に限定した。,日本国の象徴|日本国民統合の象徴|国民の総意|天皇主権|国事行為|内閣,,,,国立国会図書館「日本国憲法の誕生」,https://www.ndl.go.jp/constitution/
日本史段階別デッキ｜Deck 1｜日本史の最重要骨格400語,JH-000173,173,Deck 1｜骨格・基礎,制度・政策・法律,象徴天皇制,しょうちょうてんのうせい,,現代,日本全国,日本全国,日本国憲法下,1946,JH-000173-I01,integrated,統合説明,integrated,「象徴天皇制(しょうちょうてんのうせい)」について説明せよ。,日本国憲法下、日本全国を主な舞台として、日本国憲法下で、天皇を**日本国と日本国民統合の象徴**とし、その地位を国民の総意に基づかせ、国政に関する権能を持たせない制度。 大日本帝国憲法(だいにっぽんていこくけんぽう)の**天皇主権**から転換し、天皇の行為を内閣の助言と承認を要する国事行為に限定した。,日本国の象徴|日本国民統合の象徴|国民の総意|天皇主権|国事行為|内閣,,,,国立国会図書館「日本国憲法の誕生」,https://www.ndl.go.jp/constitution/
日本史段階別デッキ｜Deck 1｜日本史の最重要骨格400語,JH-000172,172,Deck 1｜骨格・基礎,制度・政策・法律,教育基本法,きょういくきほんほう,,現代,日本全国,日本全国の学校・社会教育,1947年,1947,JH-000172-B01,beginner,用語の特定,identify,日本国憲法の理念に基づき、教育の目的・機会均等・男女共学などを定めた法律は？,教育基本法,教育基本法,,,,国立国会図書館「日本国憲法の誕生」,https://www.ndl.go.jp/constitution/
日本史段階別デッキ｜Deck 1｜日本史の最重要骨格400語,JH-000172,172,Deck 1｜骨格・基礎,制度・政策・法律,教育基本法,きょういくきほんほう,,現代,日本全国,日本全国の学校・社会教育,1947年,1947,JH-000172-B02,beginner,時期,time,教育基本法が成立・実施されたのはいつ？,1947年,1947年,,,1947年：「行くよな」（1947）と結ぶ教育基本法,国立国会図書館「日本国憲法の誕生」,https://www.ndl.go.jp/constitution/
日本史段階別デッキ｜Deck 1｜日本史の最重要骨格400語,JH-000172,172,Deck 1｜骨格・基礎,制度・政策・法律,教育基本法,きょういくきほんほう,,現代,日本全国,日本全国の学校・社会教育,1947年,1947,JH-000172-B03,beginner,内容,content,教育基本法が掲げた教育上の原則を一つ答えよ。,教育の機会均等,教育の機会均等,男女共学,,,国立国会図書館「日本国憲法の誕生」,https://www.ndl.go.jp/constitution/
日本史段階別デッキ｜Deck 1｜日本史の最重要骨格400語,JH-000172,172,Deck 1｜骨格・基礎,制度・政策・法律,教育基本法,きょういくきほんほう,,現代,日本全国,日本全国の学校・社会教育,1947年,1947,JH-000172-R01,reverse,時期,time,成立・実施されたのはいつ？,**1947年**,1947年,,,1947年：「行くよな」（1947）と結ぶ教育基本法,国立国会図書館「日本国憲法の誕生」,https://www.ndl.go.jp/constitution/
日本史段階別デッキ｜Deck 1｜日本史の最重要骨格400語,JH-000172,172,Deck 1｜骨格・基礎,制度・政策・法律,教育基本法,きょういくきほんほう,,現代,日本全国,日本全国の学校・社会教育,1947年,1947,JH-000172-R02,reverse,複合説明,reverse,どんな制度・政策・法律？,日本国憲法の理念に基づき、教育の目的を人格の完成に置き、**教育の機会均等・男女共学・政治教育・宗教教育の原則**を定めた法律。,人格の完成|教育の機会均等|男女共学|教育勅語|学校教育法|戦後教育,,,,国立国会図書館「日本国憲法の誕生」,https://www.ndl.go.jp/constitution/
日本史段階別デッキ｜Deck 1｜日本史の最重要骨格400語,JH-000172,172,Deck 1｜骨格・基礎,制度・政策・法律,教育基本法,きょういくきほんほう,,現代,日本全国,日本全国の学校・社会教育,1947年,1947,JH-000172-R03,reverse,結果・関連,reverse,何につながった・どんな意味があった？,**教育勅語(きょういくちょくご)**中心の戦前教育を転換し、学校教育法とともに戦後教育制度の基本を築いた。,人格の完成|教育の機会均等|男女共学|教育勅語|学校教育法|戦後教育,,,,国立国会図書館「日本国憲法の誕生」,https://www.ndl.go.jp/constitution/
日本史段階別デッキ｜Deck 1｜日本史の最重要骨格400語,JH-000172,172,Deck 1｜骨格・基礎,制度・政策・法律,教育基本法,きょういくきほんほう,,現代,日本全国,日本全国の学校・社会教育,1947年,1947,JH-000172-I01,integrated,統合説明,integrated,「教育基本法」について説明せよ。,1947年、日本全国の学校・社会教育を主な舞台として、日本国憲法の理念に基づき、教育の目的を人格の完成に置き、**教育の機会均等・男女共学・政治教育・宗教教育の原則**を定めた法律。 **教育勅語(きょういくちょくご)**中心の戦前教育を転換し、学校教育法とともに戦後教育制度の基本を築いた。,人格の完成|教育の機会均等|男女共学|教育勅語|学校教育法|戦後教育,,,1947年：「行くよな」（1947）と結ぶ教育基本法,国立国会図書館「日本国憲法の誕生」,https://www.ndl.go.jp/constitution/
日本史段階別デッキ｜Deck 1｜日本史の最重要骨格400語,JH-000062,62,Deck 1｜骨格・基礎,条約・会議・外交,サンフランシスコ平和条約,さんふらんしすこへいわじょうやく,,現代,欧米,サンフランシスコ、日本と連合国,1951年調印・1952年発効,1951,JH-000062-B01,beginner,用語の特定,identify,日本が連合国の多くと講和し、主権を回復して占領を終えた条約は？,サンフランシスコ平和条約(さんふらんしすこへいわじょうやく),サンフランシスコ平和条約,,,,外務省「日本外交文書」,https://www.mofa.go.jp/mofaj/annai/honsho/shiryo/bunsho/index.html
日本史段階別デッキ｜Deck 1｜日本史の最重要骨格400語,JH-000062,62,Deck 1｜骨格・基礎,条約・会議・外交,サンフランシスコ平和条約,さんふらんしすこへいわじょうやく,,現代,欧米,サンフランシスコ、日本と連合国,1951年調印・1952年発効,1951,JH-000062-B02,beginner,時期,time,サンフランシスコ平和条約(さんふらんしすこへいわじょうやく)が調印・発効したのはいつ？,1951年調印・1952年発効,1951年調印・1952年発効,,,1951年調印・1952年発効：「行く恋」（1951）に調印、「行く国」（1952）に発効するサンフランシスコ平和条約,外務省「日本外交文書」,https://www.mofa.go.jp/mofaj/annai/honsho/shiryo/bunsho/index.html
日本史段階別デッキ｜Deck 1｜日本史の最重要骨格400語,JH-000062,62,Deck 1｜骨格・基礎,条約・会議・外交,サンフランシスコ平和条約,さんふらんしすこへいわじょうやく,,現代,欧米,サンフランシスコ、日本と連合国,1951年調印・1952年発効,1951,JH-000062-B03,beginner,結果,result,サンフランシスコ平和条約(さんふらんしすこへいわじょうやく)の発効によって日本が回復したものは？,主権,主権,,,,外務省「日本外交文書」,https://www.mofa.go.jp/mofaj/annai/honsho/shiryo/bunsho/index.html
日本史段階別デッキ｜Deck 1｜日本史の最重要骨格400語,JH-000062,62,Deck 1｜骨格・基礎,条約・会議・外交,サンフランシスコ平和条約,さんふらんしすこへいわじょうやく,,現代,欧米,サンフランシスコ、日本と連合国,1951年調印・1952年発効,1951,JH-000062-R01,reverse,時期,time,調印・発効したのはいつ？,**1951年調印・1952年発効**,1951年調印・1952年発効,,,1951年調印・1952年発効：「行く恋」（1951）に調印、「行く国」（1952）に発効するサンフランシスコ平和条約,外務省「日本外交文書」,https://www.mofa.go.jp/mofaj/annai/honsho/shiryo/bunsho/index.html
日本史段階別デッキ｜Deck 1｜日本史の最重要骨格400語,JH-000062,62,Deck 1｜骨格・基礎,条約・会議・外交,サンフランシスコ平和条約,さんふらんしすこへいわじょうやく,,現代,欧米,サンフランシスコ、日本と連合国,1951年調印・1952年発効,1951,JH-000062-R02,reverse,複合説明,reverse,何を決めた・どんな関係を作った？,サンフランシスコで日本と連合国の多くが結び、日本の**主権回復**、戦争状態の終結、領土放棄などを定めた平和条約。,連合国|主権回復|占領終了|領土放棄|ソ連|中国|沖縄,,,,外務省「日本外交文書」,https://www.mofa.go.jp/mofaj/annai/honsho/shiryo/bunsho/index.html
日本史段階別デッキ｜Deck 1｜日本史の最重要骨格400語,JH-000062,62,Deck 1｜骨格・基礎,条約・会議・外交,サンフランシスコ平和条約,さんふらんしすこへいわじょうやく,,現代,欧米,サンフランシスコ、日本と連合国,1951年調印・1952年発効,1951,JH-000062-R03,reverse,結果・関連,reverse,何につながった・どんな意味があった？,発効で連合国占領は終わったが、**ソ連は調印せず、中国の二つの政府は会議に招かれず**、沖縄・奄美・小笠原はアメリカ施政下に残った。,連合国|主権回復|占領終了|領土放棄|ソ連|中国|沖縄,,,,外務省「日本外交文書」,https://www.mofa.go.jp/mofaj/annai/honsho/shiryo/bunsho/index.html
日本史段階別デッキ｜Deck 1｜日本史の最重要骨格400語,JH-000062,62,Deck 1｜骨格・基礎,条約・会議・外交,サンフランシスコ平和条約,さんふらんしすこへいわじょうやく,,現代,欧米,サンフランシスコ、日本と連合国,1951年調印・1952年発効,1951,JH-000062-I01,integrated,統合説明,integrated,「サンフランシスコ平和条約(さんふらんしすこへいわじょうやく)」について説明せよ。,1951年調印・1952年発効、サンフランシスコ、日本と連合国を主な舞台として、サンフランシスコで日本と連合国の多くが結び、日本の**主権回復**、戦争状態の終結、領土放棄などを定めた平和条約。 発効で連合国占領は終わったが、**ソ連は調印せず、中国の二つの政府は会議に招かれず**、沖縄・奄美・小笠原はアメリカ施政下に残った。,連合国|主権回復|占領終了|領土放棄|ソ連|中国|沖縄,,,1951年調印・1952年発効：「行く恋」（1951）に調印、「行く国」（1952）に発効するサンフランシスコ平和条約,外務省「日本外交文書」,https://www.mofa.go.jp/mofaj/annai/honsho/shiryo/bunsho/index.html
日本史段階別デッキ｜Deck 1｜日本史の最重要骨格400語,JH-000063,63,Deck 1｜骨格・基礎,条約・会議・外交,日米安全保障条約,にちべいあんぜんほしょうじょうやく,,現代,欧米,日本とアメリカ,1951年調印・1952年発効,1951,JH-000063-B01,beginner,用語の特定,identify,講和後もアメリカ軍が日本に駐留できるよう、日本とアメリカが結んだ条約は？,日米安全保障条約,日米安全保障条約,,,,外務省「日米安全保障条約」,https://www.mofa.go.jp/mofaj/area/usa/hosho/jyoyaku.html
日本史段階別デッキ｜Deck 1｜日本史の最重要骨格400語,JH-000063,63,Deck 1｜骨格・基礎,条約・会議・外交,日米安全保障条約,にちべいあんぜんほしょうじょうやく,,現代,欧米,日本とアメリカ,1951年調印・1952年発効,1951,JH-000063-B02,beginner,時期,time,日米安全保障条約が調印・発効したのはいつ？,1951年調印・1952年発効,1951年調印・1952年発効,,,1951年調印・1952年発効：「行く恋」（1951）に日米安全保障条約調印、「行く国」（1952）に発効,外務省「日米安全保障条約」,https://www.mofa.go.jp/mofaj/area/usa/hosho/jyoyaku.html
日本史段階別デッキ｜Deck 1｜日本史の最重要骨格400語,JH-000063,63,Deck 1｜骨格・基礎,条約・会議・外交,日米安全保障条約,にちべいあんぜんほしょうじょうやく,,現代,欧米,日本とアメリカ,1951年調印・1952年発効,1951,JH-000063-B03,beginner,関係勢力,actor,日米安全保障条約によって日本国内に駐留を続けた軍は？,アメリカ軍,アメリカ軍,,,,外務省「日米安全保障条約」,https://www.mofa.go.jp/mofaj/area/usa/hosho/jyoyaku.html
日本史段階別デッキ｜Deck 1｜日本史の最重要骨格400語,JH-000063,63,Deck 1｜骨格・基礎,条約・会議・外交,日米安全保障条約,にちべいあんぜんほしょうじょうやく,,現代,欧米,日本とアメリカ,1951年調印・1952年発効,1951,JH-000063-R01,reverse,時期,time,調印・発効したのはいつ？,**1951年調印・1952年発効**,1951年調印・1952年発効,,,1951年調印・1952年発効：「行く恋」（1951）に日米安全保障条約調印、「行く国」（1952）に発効,外務省「日米安全保障条約」,https://www.mofa.go.jp/mofaj/area/usa/hosho/jyoyaku.html
日本史段階別デッキ｜Deck 1｜日本史の最重要骨格400語,JH-000063,63,Deck 1｜骨格・基礎,条約・会議・外交,日米安全保障条約,にちべいあんぜんほしょうじょうやく,,現代,欧米,日本とアメリカ,1951年調印・1952年発効,1951,JH-000063-R02,reverse,複合説明,reverse,何を決めた・どんな関係を作った？,サンフランシスコ平和条約(さんふらんしすこへいわじょうやく)と同時に日本とアメリカが結び、講和後も**アメリカ軍の日本駐留**を認めた条約。,サンフランシスコ平和条約|アメリカ軍|日本駐留|基地|主権|日米安保体制,,,,外務省「日米安全保障条約」,https://www.mofa.go.jp/mofaj/area/usa/hosho/jyoyaku.html
日本史段階別デッキ｜Deck 1｜日本史の最重要骨格400語,JH-000063,63,Deck 1｜骨格・基礎,条約・会議・外交,日米安全保障条約,にちべいあんぜんほしょうじょうやく,,現代,欧米,日本とアメリカ,1951年調印・1952年発効,1951,JH-000063-R03,reverse,結果・関連,reverse,何につながった・どんな意味があった？,日本の安全保障を**アメリカ軍**へ大きく依存させ、基地負担と主権の制約を伴う日米安保体制の出発点となった。,サンフランシスコ平和条約|アメリカ軍|日本駐留|基地|主権|日米安保体制,,,,外務省「日米安全保障条約」,https://www.mofa.go.jp/mofaj/area/usa/hosho/jyoyaku.html
日本史段階別デッキ｜Deck 1｜日本史の最重要骨格400語,JH-000063,63,Deck 1｜骨格・基礎,条約・会議・外交,日米安全保障条約,にちべいあんぜんほしょうじょうやく,,現代,欧米,日本とアメリカ,1951年調印・1952年発効,1951,JH-000063-I01,integrated,統合説明,integrated,「日米安全保障条約」について説明せよ。,1951年調印・1952年発効、日本とアメリカを主な舞台として、サンフランシスコ平和条約(さんふらんしすこへいわじょうやく)と同時に日本とアメリカが結び、講和後も**アメリカ軍の日本駐留**を認めた条約。 日本の安全保障を**アメリカ軍**へ大きく依存させ、基地負担と主権の制約を伴う日米安保体制の出発点となった。,サンフランシスコ平和条約|アメリカ軍|日本駐留|基地|主権|日米安保体制,,,1951年調印・1952年発効：「行く恋」（1951）に日米安全保障条約調印、「行く国」（1952）に発効,外務省「日米安全保障条約」,https://www.mofa.go.jp/mofaj/area/usa/hosho/jyoyaku.html
日本史段階別デッキ｜Deck 1｜日本史の最重要骨格400語,JH-000064,64,Deck 1｜骨格・基礎,経済・産業・交通,高度経済成長,こうどけいざいせいちょう,,現代,日本全国,太平洋ベルトを中心とする日本全国,1950年代半ば〜1973年,1955,JH-000064-B01,beginner,用語の特定,identify,設備投資・技術革新・輸出・国内需要を背景に、日本経済が年平均で高い成長を続けた時期は？,高度経済成長,高度経済成長,,,,国立歴史民俗博物館「第6展示室 現代」,https://www.rekihaku.ac.jp/exhibitions/room6/
日本史段階別デッキ｜Deck 1｜日本史の最重要骨格400語,JH-000064,64,Deck 1｜骨格・基礎,経済・産業・交通,高度経済成長,こうどけいざいせいちょう,,現代,日本全国,太平洋ベルトを中心とする日本全国,1950年代半ば〜1973年,1955,JH-000064-B02,beginner,時期,time,高度経済成長が行われた・発達したのはいつ？,1950年代半ば〜1973年,1950年代半ば〜1973年,,,1950年代半ば〜1973年：「行くぞ」（1950）年代から「行く波」（1973）年までの高度経済成長,国立歴史民俗博物館「第6展示室 現代」,https://www.rekihaku.ac.jp/exhibitions/room6/
日本史段階別デッキ｜Deck 1｜日本史の最重要骨格400語,JH-000064,64,Deck 1｜骨格・基礎,経済・産業・交通,高度経済成長,こうどけいざいせいちょう,,現代,日本全国,太平洋ベルトを中心とする日本全国,1950年代半ば〜1973年,1955,JH-000064-B03,beginner,結果,cause,高度経済成長が終わる契機となった国際経済事件は？,石油危機,石油危機,,,,国立歴史民俗博物館「第6展示室 現代」,https://www.rekihaku.ac.jp/exhibitions/room6/
日本史段階別デッキ｜Deck 1｜日本史の最重要骨格400語,JH-000064,64,Deck 1｜骨格・基礎,経済・産業・交通,高度経済成長,こうどけいざいせいちょう,,現代,日本全国,太平洋ベルトを中心とする日本全国,1950年代半ば〜1973年,1955,JH-000064-R01,reverse,時期,time,行われた・発達したのはいつ？,**1950年代半ば〜1973年**,1950年代半ば〜1973年,,,1950年代半ば〜1973年：「行くぞ」（1950）年代から「行く波」（1973）年までの高度経済成長,国立歴史民俗博物館「第6展示室 現代」,https://www.rekihaku.ac.jp/exhibitions/room6/
日本史段階別デッキ｜Deck 1｜日本史の最重要骨格400語,JH-000064,64,Deck 1｜骨格・基礎,経済・産業・交通,高度経済成長,こうどけいざいせいちょう,,現代,日本全国,太平洋ベルトを中心とする日本全国,1950年代半ば〜1973年,1955,JH-000064-R02,reverse,複合説明,reverse,どんな仕組み・活動？,1950年代半ばから太平洋ベルトを中心に、**設備投資・技術革新・輸出・国内需要**によって日本経済が急拡大した時期。,設備投資|技術革新|輸出|国内需要|太平洋ベルト|都市化|公害|石油危機,,,,国立歴史民俗博物館「第6展示室 現代」,https://www.rekihaku.ac.jp/exhibitions/room6/
日本史段階別デッキ｜Deck 1｜日本史の最重要骨格400語,JH-000064,64,Deck 1｜骨格・基礎,経済・産業・交通,高度経済成長,こうどけいざいせいちょう,,現代,日本全国,太平洋ベルトを中心とする日本全国,1950年代半ば〜1973年,1955,JH-000064-R03,reverse,結果・関連,reverse,何につながった・どんな意味があった？,所得・**都市化**・消費生活を大きく変えた一方、過密・過疎・公害を深刻化させ、石油危機で終わった。,設備投資|技術革新|輸出|国内需要|太平洋ベルト|都市化|公害|石油危機,,,,国立歴史民俗博物館「第6展示室 現代」,https://www.rekihaku.ac.jp/exhibitions/room6/
日本史段階別デッキ｜Deck 1｜日本史の最重要骨格400語,JH-000064,64,Deck 1｜骨格・基礎,経済・産業・交通,高度経済成長,こうどけいざいせいちょう,,現代,日本全国,太平洋ベルトを中心とする日本全国,1950年代半ば〜1973年,1955,JH-000064-I01,integrated,統合説明,integrated,「高度経済成長」について説明せよ。,1950年代半ば〜1973年、太平洋ベルトを中心とする日本全国を主な舞台として、1950年代半ばから太平洋ベルトを中心に、**設備投資・技術革新・輸出・国内需要**によって日本経済が急拡大した時期。 所得・**都市化**・消費生活を大きく変えた一方、過密・過疎・公害を深刻化させ、石油危機で終わった。,設備投資|技術革新|輸出|国内需要|太平洋ベルト|都市化|公害|石油危機,,,1950年代半ば〜1973年：「行くぞ」（1950）年代から「行く波」（1973）年までの高度経済成長,国立歴史民俗博物館「第6展示室 現代」,https://www.rekihaku.ac.jp/exhibitions/room6/
日本史段階別デッキ｜Deck 1｜日本史の最重要骨格400語,JH-000065,65,Deck 1｜骨格・基礎,朝廷・政権・幕府,55年体制,ごじゅうごねんたいせい,,現代,日本全国,日本の国会・政党政治,1955〜1993年ごろ,1955,JH-000065-B01,beginner,用語の特定,identify,自由民主党が長期政権を担い、日本社会党が主要野党となった戦後政治体制は？,55年体制,55年体制,,,,国立歴史民俗博物館「第6展示室 現代」,https://www.rekihaku.ac.jp/exhibitions/room6/
日本史段階別デッキ｜Deck 1｜日本史の最重要骨格400語,JH-000065,65,Deck 1｜骨格・基礎,朝廷・政権・幕府,55年体制,ごじゅうごねんたいせい,,現代,日本全国,日本の国会・政党政治,1955〜1993年ごろ,1955,JH-000065-B02,beginner,時期,time,55年体制が存在・機能したのはいつ？,1955〜1993年ごろ,1955〜1993年ごろ,,,1955〜1993年ごろ：「行くぞゴーゴー」（1955）から「ひと・く・く・み」（1993）ごろまで55年体制,国立歴史民俗博物館「第6展示室 現代」,https://www.rekihaku.ac.jp/exhibitions/room6/
日本史段階別デッキ｜Deck 1｜日本史の最重要骨格400語,JH-000065,65,Deck 1｜骨格・基礎,朝廷・政権・幕府,55年体制,ごじゅうごねんたいせい,,現代,日本全国,日本の国会・政党政治,1955〜1993年ごろ,1955,JH-000065-B03,beginner,政党,actor,55年体制で長期政権を担った政党は？,自由民主党,自由民主党,,,,国立歴史民俗博物館「第6展示室 現代」,https://www.rekihaku.ac.jp/exhibitions/room6/
日本史段階別デッキ｜Deck 1｜日本史の最重要骨格400語,JH-000065,65,Deck 1｜骨格・基礎,朝廷・政権・幕府,55年体制,ごじゅうごねんたいせい,,現代,日本全国,日本の国会・政党政治,1955〜1993年ごろ,1955,JH-000065-R01,reverse,時期,time,存在・機能したのはいつ？,**1955〜1993年ごろ**,1955〜1993年ごろ,,,1955〜1993年ごろ：「行くぞゴーゴー」（1955）から「ひと・く・く・み」（1993）ごろまで55年体制,国立歴史民俗博物館「第6展示室 現代」,https://www.rekihaku.ac.jp/exhibitions/room6/
日本史段階別デッキ｜Deck 1｜日本史の最重要骨格400語,JH-000065,65,Deck 1｜骨格・基礎,朝廷・政権・幕府,55年体制,ごじゅうごねんたいせい,,現代,日本全国,日本の国会・政党政治,1955〜1993年ごろ,1955,JH-000065-R02,reverse,複合説明,reverse,何をした？,保守合同で成立した**自由民主党**が長期政権を担い、再統一した日本社会党が主要野党として対抗した政治体制。,保守合同|自由民主党|日本社会党|高度経済成長|日米安保体制|1993年,,,,国立歴史民俗博物館「第6展示室 現代」,https://www.rekihaku.ac.jp/exhibitions/room6/
日本史段階別デッキ｜Deck 1｜日本史の最重要骨格400語,JH-000065,65,Deck 1｜骨格・基礎,朝廷・政権・幕府,55年体制,ごじゅうごねんたいせい,,現代,日本全国,日本の国会・政党政治,1955〜1993年ごろ,1955,JH-000065-R03,reverse,結果・関連,reverse,何につながった・どんな意味があった？,**高度経済成長**と日米安保体制のもとで利益配分型政治を形成し、1993年の非自民連立政権成立でいったん終わった。,保守合同|自由民主党|日本社会党|高度経済成長|日米安保体制|1993年,,,,国立歴史民俗博物館「第6展示室 現代」,https://www.rekihaku.ac.jp/exhibitions/room6/
日本史段階別デッキ｜Deck 1｜日本史の最重要骨格400語,JH-000065,65,Deck 1｜骨格・基礎,朝廷・政権・幕府,55年体制,ごじゅうごねんたいせい,,現代,日本全国,日本の国会・政党政治,1955〜1993年ごろ,1955,JH-000065-I01,integrated,統合説明,integrated,「55年体制」について説明せよ。,1955〜1993年ごろ、日本の国会・政党政治を主な舞台として、保守合同で成立した**自由民主党**が長期政権を担い、再統一した日本社会党が主要野党として対抗した政治体制。 **高度経済成長**と日米安保体制のもとで利益配分型政治を形成し、1993年の非自民連立政権成立でいったん終わった。,保守合同|自由民主党|日本社会党|高度経済成長|日米安保体制|1993年,,,1955〜1993年ごろ：「行くぞゴーゴー」（1955）から「ひと・く・く・み」（1993）ごろまで55年体制,国立歴史民俗博物館「第6展示室 現代」,https://www.rekihaku.ac.jp/exhibitions/room6/
日本史段階別デッキ｜Deck 1｜日本史の最重要骨格400語,JH-000214,214,Deck 1｜骨格・基礎,事件・政変,四大公害病,よんだいこうがいびょう,,現代,日本全国,熊本・新潟・富山・三重,1950年代〜1970年代,1956,JH-000214-B01,beginner,用語の特定,identify,水俣病・新潟水俣病・イタイイタイ病・四日市ぜんそくをまとめた呼称は？,四大公害病,四大公害病,,,,国立歴史民俗博物館「第6展示室 現代」,https://www.rekihaku.ac.jp/exhibitions/room6/
日本史段階別デッキ｜Deck 1｜日本史の最重要骨格400語,JH-000214,214,Deck 1｜骨格・基礎,事件・政変,四大公害病,よんだいこうがいびょう,,現代,日本全国,熊本・新潟・富山・三重,1950年代〜1970年代,1956,JH-000214-B02,beginner,時期,time,四大公害病が相次いだのはいつ？,1950年代〜1970年代,1950年代〜1970年代,,,1950年代〜1970年代：「行くぞ」（1950）年代から「行くな」（1970）年代までの四大公害病,国立歴史民俗博物館「第6展示室 現代」,https://www.rekihaku.ac.jp/exhibitions/room6/
日本史段階別デッキ｜Deck 1｜日本史の最重要骨格400語,JH-000214,214,Deck 1｜骨格・基礎,事件・政変,四大公害病,よんだいこうがいびょう,,現代,日本全国,熊本・新潟・富山・三重,1950年代〜1970年代,1956,JH-000214-B03,beginner,構成,content,四大公害病を構成する病気を一つ答えよ。,水俣病,水俣病,新潟水俣病|イタイイタイ病|四日市ぜんそく,,,国立歴史民俗博物館「第6展示室 現代」,https://www.rekihaku.ac.jp/exhibitions/room6/
日本史段階別デッキ｜Deck 1｜日本史の最重要骨格400語,JH-000214,214,Deck 1｜骨格・基礎,事件・政変,四大公害病,よんだいこうがいびょう,,現代,日本全国,熊本・新潟・富山・三重,1950年代〜1970年代,1956,JH-000214-R01,reverse,時期,time,相次いだのはいつ？,**1950年代〜1970年代**,1950年代〜1970年代,,,1950年代〜1970年代：「行くぞ」（1950）年代から「行くな」（1970）年代までの四大公害病,国立歴史民俗博物館「第6展示室 現代」,https://www.rekihaku.ac.jp/exhibitions/room6/
日本史段階別デッキ｜Deck 1｜日本史の最重要骨格400語,JH-000214,214,Deck 1｜骨格・基礎,事件・政変,四大公害病,よんだいこうがいびょう,,現代,日本全国,熊本・新潟・富山・三重,1950年代〜1970年代,1956,JH-000214-R02,reverse,複合説明,reverse,何が起きた？,熊本・新潟・富山・三重で企業排出物などにより生じた**水俣病・新潟水俣病・イタイイタイ病・四日市ぜんそく**の総称。,水俣病|新潟水俣病|イタイイタイ病|四日市ぜんそく|企業責任|公害裁判,,,,国立歴史民俗博物館「第6展示室 現代」,https://www.rekihaku.ac.jp/exhibitions/room6/
日本史段階別デッキ｜Deck 1｜日本史の最重要骨格400語,JH-000214,214,Deck 1｜骨格・基礎,事件・政変,四大公害病,よんだいこうがいびょう,,現代,日本全国,熊本・新潟・富山・三重,1950年代〜1970年代,1956,JH-000214-R03,reverse,結果・関連,reverse,何につながった・どんな意味があった？,被害者の公害裁判で**企業責任**が認められ、補償と公害防止・環境行政を前進させた。,水俣病|新潟水俣病|イタイイタイ病|四日市ぜんそく|企業責任|公害裁判,,,,国立歴史民俗博物館「第6展示室 現代」,https://www.rekihaku.ac.jp/exhibitions/room6/
日本史段階別デッキ｜Deck 1｜日本史の最重要骨格400語,JH-000214,214,Deck 1｜骨格・基礎,事件・政変,四大公害病,よんだいこうがいびょう,,現代,日本全国,熊本・新潟・富山・三重,1950年代〜1970年代,1956,JH-000214-I01,integrated,統合説明,integrated,「四大公害病」について説明せよ。,1950年代〜1970年代、熊本・新潟・富山・三重を主な舞台として、熊本・新潟・富山・三重で企業排出物などにより生じた**水俣病・新潟水俣病・イタイイタイ病・四日市ぜんそく**の総称。 被害者の公害裁判で**企業責任**が認められ、補償と公害防止・環境行政を前進させた。,水俣病|新潟水俣病|イタイイタイ病|四日市ぜんそく|企業責任|公害裁判,,,1950年代〜1970年代：「行くぞ」（1950）年代から「行くな」（1970）年代までの四大公害病,国立歴史民俗博物館「第6展示室 現代」,https://www.rekihaku.ac.jp/exhibitions/room6/
日本史段階別デッキ｜Deck 1｜日本史の最重要骨格400語,JH-000174,174,Deck 1｜骨格・基礎,運動,安保闘争,あんぽとうそう,,現代,日本全国,東京・国会周辺を中心に全国,1960年,1960,JH-000174-B01,beginner,用語の特定,identify,新日米安全保障条約の批准に反対し、学生・労働者・市民らが全国で行った大規模運動は？,安保闘争(あんぽとうそう),安保闘争,,,,国立歴史民俗博物館「第6展示室 現代」,https://www.rekihaku.ac.jp/exhibitions/room6/
日本史段階別デッキ｜Deck 1｜日本史の最重要骨格400語,JH-000174,174,Deck 1｜骨格・基礎,運動,安保闘争,あんぽとうそう,,現代,日本全国,東京・国会周辺を中心に全国,1960年,1960,JH-000174-B02,beginner,時期,time,安保闘争(あんぽとうそう)が起きた・盛んだったのはいつ？,1960年,1960年,,,1960年：「一苦労」（1960）安保闘争,国立歴史民俗博物館「第6展示室 現代」,https://www.rekihaku.ac.jp/exhibitions/room6/
日本史段階別デッキ｜Deck 1｜日本史の最重要骨格400語,JH-000174,174,Deck 1｜骨格・基礎,運動,安保闘争,あんぽとうそう,,現代,日本全国,東京・国会周辺を中心に全国,1960年,1960,JH-000174-B03,beginner,対象,relation,安保闘争(あんぽとうそう)が反対した条約は？,新日米安全保障条約,新日米安全保障条約,,,,国立歴史民俗博物館「第6展示室 現代」,https://www.rekihaku.ac.jp/exhibitions/room6/
日本史段階別デッキ｜Deck 1｜日本史の最重要骨格400語,JH-000174,174,Deck 1｜骨格・基礎,運動,安保闘争,あんぽとうそう,,現代,日本全国,東京・国会周辺を中心に全国,1960年,1960,JH-000174-R01,reverse,時期,time,起きた・盛んだったのはいつ？,**1960年**,1960年,,,1960年：「一苦労」（1960）安保闘争,国立歴史民俗博物館「第6展示室 現代」,https://www.rekihaku.ac.jp/exhibitions/room6/
日本史段階別デッキ｜Deck 1｜日本史の最重要骨格400語,JH-000174,174,Deck 1｜骨格・基礎,運動,安保闘争,あんぽとうそう,,現代,日本全国,東京・国会周辺を中心に全国,1960年,1960,JH-000174-R02,reverse,複合説明,reverse,何を求めて、何が起きた？,東京の国会周辺を中心に全国で、学生・労働者・市民らが**新日米安全保障条約**の強行採決と批准に反対した大規模運動。,新日米安全保障条約|強行採決|学生|労働者|市民|岸信介内閣|市民運動,,,,国立歴史民俗博物館「第6展示室 現代」,https://www.rekihaku.ac.jp/exhibitions/room6/
日本史段階別デッキ｜Deck 1｜日本史の最重要骨格400語,JH-000174,174,Deck 1｜骨格・基礎,運動,安保闘争,あんぽとうそう,,現代,日本全国,東京・国会周辺を中心に全国,1960年,1960,JH-000174-R03,reverse,結果・関連,reverse,何につながった・どんな意味があった？,条約発効を止められなかったが、岸信介内閣を退陣させ、戦後民主主義と**市民**運動の大きな経験となった。,新日米安全保障条約|強行採決|学生|労働者|市民|岸信介内閣|市民運動,,,,国立歴史民俗博物館「第6展示室 現代」,https://www.rekihaku.ac.jp/exhibitions/room6/
日本史段階別デッキ｜Deck 1｜日本史の最重要骨格400語,JH-000174,174,Deck 1｜骨格・基礎,運動,安保闘争,あんぽとうそう,,現代,日本全国,東京・国会周辺を中心に全国,1960年,1960,JH-000174-I01,integrated,統合説明,integrated,「安保闘争(あんぽとうそう)」について説明せよ。,1960年、東京・国会周辺を中心に全国を主な舞台として、東京の国会周辺を中心に全国で、学生・労働者・市民らが**新日米安全保障条約**の強行採決と批准に反対した大規模運動。 条約発効を止められなかったが、岸信介内閣を退陣させ、戦後民主主義と**市民**運動の大きな経験となった。,新日米安全保障条約|強行採決|学生|労働者|市民|岸信介内閣|市民運動,,,1960年：「一苦労」（1960）安保闘争,国立歴史民俗博物館「第6展示室 現代」,https://www.rekihaku.ac.jp/exhibitions/room6/
日本史段階別デッキ｜Deck 1｜日本史の最重要骨格400語,JH-000175,175,Deck 1｜骨格・基礎,条約・会議・外交,新日米安全保障条約,しんにちべいあんぜんほしょうじょうやく,,現代,欧米,日本とアメリカ,1960年,1960,JH-000175-B01,beginner,用語の特定,identify,日米の共同防衛、事前協議、10年後の通告による終了などを定めた改定安保条約は？,新日米安全保障条約,新日米安全保障条約,,,,外務省「日米安全保障条約」,https://www.mofa.go.jp/mofaj/area/usa/hosho/jyoyaku.html
日本史段階別デッキ｜Deck 1｜日本史の最重要骨格400語,JH-000175,175,Deck 1｜骨格・基礎,条約・会議・外交,新日米安全保障条約,しんにちべいあんぜんほしょうじょうやく,,現代,欧米,日本とアメリカ,1960年,1960,JH-000175-B02,beginner,時期,time,新日米安全保障条約が結ばれたのはいつ？,1960年,1960年,,,1960年：「一苦労」（1960）で新日米安全保障条約,外務省「日米安全保障条約」,https://www.mofa.go.jp/mofaj/area/usa/hosho/jyoyaku.html
日本史段階別デッキ｜Deck 1｜日本史の最重要骨格400語,JH-000175,175,Deck 1｜骨格・基礎,条約・会議・外交,新日米安全保障条約,しんにちべいあんぜんほしょうじょうやく,,現代,欧米,日本とアメリカ,1960年,1960,JH-000175-B03,beginner,内容,content,新日米安全保障条約で新たに明確化された防衛上の関係は？,日米の共同防衛,日米の共同防衛,,,,外務省「日米安全保障条約」,https://www.mofa.go.jp/mofaj/area/usa/hosho/jyoyaku.html
日本史段階別デッキ｜Deck 1｜日本史の最重要骨格400語,JH-000175,175,Deck 1｜骨格・基礎,条約・会議・外交,新日米安全保障条約,しんにちべいあんぜんほしょうじょうやく,,現代,欧米,日本とアメリカ,1960年,1960,JH-000175-R01,reverse,時期,time,結ばれたのはいつ？,**1960年**,1960年,,,1960年：「一苦労」（1960）で新日米安全保障条約,外務省「日米安全保障条約」,https://www.mofa.go.jp/mofaj/area/usa/hosho/jyoyaku.html
日本史段階別デッキ｜Deck 1｜日本史の最重要骨格400語,JH-000175,175,Deck 1｜骨格・基礎,条約・会議・外交,新日米安全保障条約,しんにちべいあんぜんほしょうじょうやく,,現代,欧米,日本とアメリカ,1960年,1960,JH-000175-R02,reverse,複合説明,reverse,何を決めた・どんな関係を作った？,日本とアメリカが旧条約を改定し、**共同防衛・事前協議・経済協力**などを定めた条約。,共同防衛|事前協議|経済協力|アメリカ軍基地|安保闘争,,,,外務省「日米安全保障条約」,https://www.mofa.go.jp/mofaj/area/usa/hosho/jyoyaku.html
日本史段階別デッキ｜Deck 1｜日本史の最重要骨格400語,JH-000175,175,Deck 1｜骨格・基礎,条約・会議・外交,新日米安全保障条約,しんにちべいあんぜんほしょうじょうやく,,現代,欧米,日本とアメリカ,1960年,1960,JH-000175-R03,reverse,結果・関連,reverse,何につながった・どんな意味があった？,日米関係を相互的にした面がある一方、**アメリカ軍基地**の継続と戦争への巻き込まれを懸念する安保闘争(あんぽとうそう)を引き起こした。,共同防衛|事前協議|経済協力|アメリカ軍基地|安保闘争,,,,外務省「日米安全保障条約」,https://www.mofa.go.jp/mofaj/area/usa/hosho/jyoyaku.html
日本史段階別デッキ｜Deck 1｜日本史の最重要骨格400語,JH-000175,175,Deck 1｜骨格・基礎,条約・会議・外交,新日米安全保障条約,しんにちべいあんぜんほしょうじょうやく,,現代,欧米,日本とアメリカ,1960年,1960,JH-000175-I01,integrated,統合説明,integrated,「新日米安全保障条約」について説明せよ。,1960年、日本とアメリカを主な舞台として、日本とアメリカが旧条約を改定し、**共同防衛・事前協議・経済協力**などを定めた条約。 日米関係を相互的にした面がある一方、**アメリカ軍基地**の継続と戦争への巻き込まれを懸念する安保闘争(あんぽとうそう)を引き起こした。,共同防衛|事前協議|経済協力|アメリカ軍基地|安保闘争,,,1960年：「一苦労」（1960）で新日米安全保障条約,外務省「日米安全保障条約」,https://www.mofa.go.jp/mofaj/area/usa/hosho/jyoyaku.html
日本史段階別デッキ｜Deck 1｜日本史の最重要骨格400語,JH-000177,177,Deck 1｜骨格・基礎,事件・政変,公害,こうがい,,現代,日本全国,工業地帯・鉱山・都市・河川・沿岸,高度経済成長期以後,1960,JH-000177-B01,beginner,用語の特定,identify,企業活動や都市化による大気汚染・水質汚濁・騒音などが住民の健康・生活を損なう社会問題は？,公害,公害,,,,国立歴史民俗博物館「第6展示室 現代」,https://www.rekihaku.ac.jp/exhibitions/room6/
日本史段階別デッキ｜Deck 1｜日本史の最重要骨格400語,JH-000177,177,Deck 1｜骨格・基礎,事件・政変,公害,こうがい,,現代,日本全国,工業地帯・鉱山・都市・河川・沿岸,高度経済成長期以後,1960,JH-000177-B02,beginner,時期,time,公害が深刻化したのは主にいつ？,高度経済成長期以後,高度経済成長期以後,,,,国立歴史民俗博物館「第6展示室 現代」,https://www.rekihaku.ac.jp/exhibitions/room6/
日本史段階別デッキ｜Deck 1｜日本史の最重要骨格400語,JH-000177,177,Deck 1｜骨格・基礎,事件・政変,公害,こうがい,,現代,日本全国,工業地帯・鉱山・都市・河川・沿岸,高度経済成長期以後,1960,JH-000177-B03,beginner,内容,content,公害の代表的な種類を一つ答えよ。,大気汚染,大気汚染,水質汚濁|土壌汚染|騒音,,,国立歴史民俗博物館「第6展示室 現代」,https://www.rekihaku.ac.jp/exhibitions/room6/
日本史段階別デッキ｜Deck 1｜日本史の最重要骨格400語,JH-000177,177,Deck 1｜骨格・基礎,事件・政変,公害,こうがい,,現代,日本全国,工業地帯・鉱山・都市・河川・沿岸,高度経済成長期以後,1960,JH-000177-R01,reverse,時期,time,深刻化したのは主にいつ？,**高度経済成長期以後**,高度経済成長期以後,,,,国立歴史民俗博物館「第6展示室 現代」,https://www.rekihaku.ac.jp/exhibitions/room6/
日本史段階別デッキ｜Deck 1｜日本史の最重要骨格400語,JH-000177,177,Deck 1｜骨格・基礎,事件・政変,公害,こうがい,,現代,日本全国,工業地帯・鉱山・都市・河川・沿岸,高度経済成長期以後,1960,JH-000177-R02,reverse,複合説明,reverse,何が起きた？,高度経済成長期の工業地帯・鉱山・都市などで、企業活動や都市化による**大気汚染・水質汚濁・土壌汚染・騒音**が住民の健康・生活を害した問題。,大気汚染|水質汚濁|土壌汚染|騒音|被害者運動|公害裁判|環境法制,,,,国立歴史民俗博物館「第6展示室 現代」,https://www.rekihaku.ac.jp/exhibitions/room6/
日本史段階別デッキ｜Deck 1｜日本史の最重要骨格400語,JH-000177,177,Deck 1｜骨格・基礎,事件・政変,公害,こうがい,,現代,日本全国,工業地帯・鉱山・都市・河川・沿岸,高度経済成長期以後,1960,JH-000177-R03,reverse,結果・関連,reverse,何につながった・どんな意味があった？,被害者の運動と**公害裁判**が企業・国の責任を認めさせ、環境法制・公害対策・環境行政の整備を促した。,大気汚染|水質汚濁|土壌汚染|騒音|被害者運動|公害裁判|環境法制,,,,国立歴史民俗博物館「第6展示室 現代」,https://www.rekihaku.ac.jp/exhibitions/room6/
日本史段階別デッキ｜Deck 1｜日本史の最重要骨格400語,JH-000177,177,Deck 1｜骨格・基礎,事件・政変,公害,こうがい,,現代,日本全国,工業地帯・鉱山・都市・河川・沿岸,高度経済成長期以後,1960,JH-000177-I01,integrated,統合説明,integrated,「公害」について説明せよ。,高度経済成長期以後、工業地帯・鉱山・都市・河川・沿岸を主な舞台として、高度経済成長期の工業地帯・鉱山・都市などで、企業活動や都市化による**大気汚染・水質汚濁・土壌汚染・騒音**が住民の健康・生活を害した問題。 被害者の運動と**公害裁判**が企業・国の責任を認めさせ、環境法制・公害対策・環境行政の整備を促した。,大気汚染|水質汚濁|土壌汚染|騒音|被害者運動|公害裁判|環境法制,,,,国立歴史民俗博物館「第6展示室 現代」,https://www.rekihaku.ac.jp/exhibitions/room6/
日本史段階別デッキ｜Deck 1｜日本史の最重要骨格400語,JH-000215,215,Deck 1｜骨格・基礎,制度・政策・法律,所得倍増計画,しょとくばいぞうけいかく,,現代,日本全国,日本全国,1960年策定,1960,JH-000215-B01,beginner,用語の特定,identify,池田勇人内閣が10年間で国民所得を倍増させる目標を掲げた経済計画は？,所得倍増計画,所得倍増計画,,,,国立歴史民俗博物館「第6展示室 現代」,https://www.rekihaku.ac.jp/exhibitions/room6/
日本史段階別デッキ｜Deck 1｜日本史の最重要骨格400語,JH-000215,215,Deck 1｜骨格・基礎,制度・政策・法律,所得倍増計画,しょとくばいぞうけいかく,,現代,日本全国,日本全国,1960年策定,1960,JH-000215-B02,beginner,時期,time,所得倍増計画が成立・実施されたのはいつ？,1960年,1960年,,,1960年：「一苦労」（1960）と結ぶ所得倍増計画,国立歴史民俗博物館「第6展示室 現代」,https://www.rekihaku.ac.jp/exhibitions/room6/
日本史段階別デッキ｜Deck 1｜日本史の最重要骨格400語,JH-000215,215,Deck 1｜骨格・基礎,制度・政策・法律,所得倍増計画,しょとくばいぞうけいかく,,現代,日本全国,日本全国,1960年策定,1960,JH-000215-B03,beginner,人物,person,所得倍増計画を打ち出した首相は？,池田勇人,池田勇人,,,,国立歴史民俗博物館「第6展示室 現代」,https://www.rekihaku.ac.jp/exhibitions/room6/
日本史段階別デッキ｜Deck 1｜日本史の最重要骨格400語,JH-000215,215,Deck 1｜骨格・基礎,制度・政策・法律,所得倍増計画,しょとくばいぞうけいかく,,現代,日本全国,日本全国,1960年策定,1960,JH-000215-R01,reverse,時期,time,成立・実施されたのはいつ？,**1960年**,1960年,,,1960年：「一苦労」（1960）と結ぶ所得倍増計画,国立歴史民俗博物館「第6展示室 現代」,https://www.rekihaku.ac.jp/exhibitions/room6/
日本史段階別デッキ｜Deck 1｜日本史の最重要骨格400語,JH-000215,215,Deck 1｜骨格・基礎,制度・政策・法律,所得倍増計画,しょとくばいぞうけいかく,,現代,日本全国,日本全国,1960年策定,1960,JH-000215-R02,reverse,複合説明,reverse,どんな制度・政策・法律？,池田勇人内閣が日本全国で、経済成長率を高めて**10年間で国民所得を倍増**させる目標を掲げた計画。,池田勇人|10年間|国民所得倍増|公共投資|産業高度化|貿易拡大|中間層,,,,国立歴史民俗博物館「第6展示室 現代」,https://www.rekihaku.ac.jp/exhibitions/room6/
日本史段階別デッキ｜Deck 1｜日本史の最重要骨格400語,JH-000215,215,Deck 1｜骨格・基礎,制度・政策・法律,所得倍増計画,しょとくばいぞうけいかく,,現代,日本全国,日本全国,1960年策定,1960,JH-000215-R03,reverse,結果・関連,reverse,何につながった・どんな意味があった？,**公共投資**・産業高度化・貿易拡大を進め、高度経済成長と中間層の拡大を象徴した。,池田勇人|10年間|国民所得倍増|公共投資|産業高度化|貿易拡大|中間層,,,,国立歴史民俗博物館「第6展示室 現代」,https://www.rekihaku.ac.jp/exhibitions/room6/
日本史段階別デッキ｜Deck 1｜日本史の最重要骨格400語,JH-000215,215,Deck 1｜骨格・基礎,制度・政策・法律,所得倍増計画,しょとくばいぞうけいかく,,現代,日本全国,日本全国,1960年策定,1960,JH-000215-I01,integrated,統合説明,integrated,「所得倍増計画」について説明せよ。,1960年策定、日本全国を主な舞台として、池田勇人内閣が日本全国で、経済成長率を高めて**10年間で国民所得を倍増**させる目標を掲げた計画。 **公共投資**・産業高度化・貿易拡大を進め、高度経済成長と中間層の拡大を象徴した。,池田勇人|10年間|国民所得倍増|公共投資|産業高度化|貿易拡大|中間層,,,1960年：「一苦労」（1960）と結ぶ所得倍増計画,国立歴史民俗博物館「第6展示室 現代」,https://www.rekihaku.ac.jp/exhibitions/room6/
日本史段階別デッキ｜Deck 1｜日本史の最重要骨格400語,JH-000176,176,Deck 1｜骨格・基礎,事件・政変,東京オリンピック,とうきょうおりんぴっく,,現代,関東,東京,1964年,1964,JH-000176-B01,beginner,用語の特定,identify,アジアで初めて開催され、新幹線・高速道路などの整備と戦後復興を象徴した夏季大会は？,東京オリンピック,東京オリンピック,,,,国立歴史民俗博物館「第6展示室 現代」,https://www.rekihaku.ac.jp/exhibitions/room6/
日本史段階別デッキ｜Deck 1｜日本史の最重要骨格400語,JH-000176,176,Deck 1｜骨格・基礎,事件・政変,東京オリンピック,とうきょうおりんぴっく,,現代,関東,東京,1964年,1964,JH-000176-B02,beginner,時期,time,東京オリンピックが開催されたのはいつ？,1964年,1964年,,,1964年：「一苦労よ」（1964）東京オリンピック,国立歴史民俗博物館「第6展示室 現代」,https://www.rekihaku.ac.jp/exhibitions/room6/
日本史段階別デッキ｜Deck 1｜日本史の最重要骨格400語,JH-000176,176,Deck 1｜骨格・基礎,事件・政変,東京オリンピック,とうきょうおりんぴっく,,現代,関東,東京,1964年,1964,JH-000176-B03,beginner,交通,content,東京オリンピックに合わせて開業した高速鉄道は？,東海道新幹線,東海道新幹線,,,,国立歴史民俗博物館「第6展示室 現代」,https://www.rekihaku.ac.jp/exhibitions/room6/
日本史段階別デッキ｜Deck 1｜日本史の最重要骨格400語,JH-000176,176,Deck 1｜骨格・基礎,事件・政変,東京オリンピック,とうきょうおりんぴっく,,現代,関東,東京,1964年,1964,JH-000176-R01,reverse,時期,time,開催されたのはいつ？,**1964年**,1964年,,,1964年：「一苦労よ」（1964）東京オリンピック,国立歴史民俗博物館「第6展示室 現代」,https://www.rekihaku.ac.jp/exhibitions/room6/
日本史段階別デッキ｜Deck 1｜日本史の最重要骨格400語,JH-000176,176,Deck 1｜骨格・基礎,事件・政変,東京オリンピック,とうきょうおりんぴっく,,現代,関東,東京,1964年,1964,JH-000176-R02,reverse,複合説明,reverse,何が起きた？,東京で開催されたアジア初の夏季オリンピックで、**東海道新幹線・高速道路・都市施設**の整備が進められた。,東京|アジア初|東海道新幹線|高速道路|戦後復興|国際社会復帰|高度経済成長,,,,国立歴史民俗博物館「第6展示室 現代」,https://www.rekihaku.ac.jp/exhibitions/room6/
日本史段階別デッキ｜Deck 1｜日本史の最重要骨格400語,JH-000176,176,Deck 1｜骨格・基礎,事件・政変,東京オリンピック,とうきょうおりんぴっく,,現代,関東,東京,1964年,1964,JH-000176-R03,reverse,結果・関連,reverse,何につながった・どんな意味があった？,日本の**戦後復興**と国際社会復帰、高度経済成長を世界へ示す象徴となった。,東京|アジア初|東海道新幹線|高速道路|戦後復興|国際社会復帰|高度経済成長,,,,国立歴史民俗博物館「第6展示室 現代」,https://www.rekihaku.ac.jp/exhibitions/room6/
日本史段階別デッキ｜Deck 1｜日本史の最重要骨格400語,JH-000176,176,Deck 1｜骨格・基礎,事件・政変,東京オリンピック,とうきょうおりんぴっく,,現代,関東,東京,1964年,1964,JH-000176-I01,integrated,統合説明,integrated,「東京オリンピック」について説明せよ。,1964年、東京を主な舞台として、東京で開催されたアジア初の夏季オリンピックで、**東海道新幹線・高速道路・都市施設**の整備が進められた。 日本の**戦後復興**と国際社会復帰、高度経済成長を世界へ示す象徴となった。,東京|アジア初|東海道新幹線|高速道路|戦後復興|国際社会復帰|高度経済成長,,,1964年：「一苦労よ」（1964）東京オリンピック,国立歴史民俗博物館「第6展示室 現代」,https://www.rekihaku.ac.jp/exhibitions/room6/
日本史段階別デッキ｜Deck 1｜日本史の最重要骨格400語,JH-000178,178,Deck 1｜骨格・基礎,条約・会議・外交,沖縄返還,おきなわへんかん,,現代,沖縄,沖縄と日本・アメリカ,1972年,1972,JH-000178-B01,beginner,用語の特定,identify,アメリカ施政下の沖縄の行政権が日本へ返還されたことを何という？,沖縄返還(おきなわへんかん),沖縄返還,,,,外務省「日本外交文書」,https://www.mofa.go.jp/mofaj/annai/honsho/shiryo/bunsho/index.html
日本史段階別デッキ｜Deck 1｜日本史の最重要骨格400語,JH-000178,178,Deck 1｜骨格・基礎,条約・会議・外交,沖縄返還,おきなわへんかん,,現代,沖縄,沖縄と日本・アメリカ,1972年,1972,JH-000178-B02,beginner,時期,time,沖縄返還(おきなわへんかん)が実現したのはいつ？,1972年,1972年,,,1972年：「行く夏」（1972）沖縄返還,外務省「日本外交文書」,https://www.mofa.go.jp/mofaj/annai/honsho/shiryo/bunsho/index.html
日本史段階別デッキ｜Deck 1｜日本史の最重要骨格400語,JH-000178,178,Deck 1｜骨格・基礎,条約・会議・外交,沖縄返還,おきなわへんかん,,現代,沖縄,沖縄と日本・アメリカ,1972年,1972,JH-000178-B03,beginner,結果,content,沖縄返還(おきなわへんかん)後も沖縄に多く残った施設は？,アメリカ軍基地,アメリカ軍基地,,,,外務省「日本外交文書」,https://www.mofa.go.jp/mofaj/annai/honsho/shiryo/bunsho/index.html
日本史段階別デッキ｜Deck 1｜日本史の最重要骨格400語,JH-000178,178,Deck 1｜骨格・基礎,条約・会議・外交,沖縄返還,おきなわへんかん,,現代,沖縄,沖縄と日本・アメリカ,1972年,1972,JH-000178-R01,reverse,時期,time,実現したのはいつ？,**1972年**,1972年,,,1972年：「行く夏」（1972）沖縄返還,外務省「日本外交文書」,https://www.mofa.go.jp/mofaj/annai/honsho/shiryo/bunsho/index.html
日本史段階別デッキ｜Deck 1｜日本史の最重要骨格400語,JH-000178,178,Deck 1｜骨格・基礎,条約・会議・外交,沖縄返還,おきなわへんかん,,現代,沖縄,沖縄と日本・アメリカ,1972年,1972,JH-000178-R02,reverse,複合説明,reverse,何を決めた・どんな関係を作った？,サンフランシスコ平和条約(さんふらんしすこへいわじょうやく)後もアメリカ施政下にあった沖縄の**行政権**が日本へ返還されたこと。,アメリカ施政権|行政権|日本復帰|日米安全保障体制|アメリカ軍基地|基地負担,,,,外務省「日本外交文書」,https://www.mofa.go.jp/mofaj/annai/honsho/shiryo/bunsho/index.html
日本史段階別デッキ｜Deck 1｜日本史の最重要骨格400語,JH-000178,178,Deck 1｜骨格・基礎,条約・会議・外交,沖縄返還,おきなわへんかん,,現代,沖縄,沖縄と日本・アメリカ,1972年,1972,JH-000178-R03,reverse,結果・関連,reverse,何につながった・どんな意味があった？,日本の県制度へ復帰したが、**日米安全保障体制**のもとでアメリカ軍基地が集中して残り、負担と権利の問題が続いた。,アメリカ施政権|行政権|日本復帰|日米安全保障体制|アメリカ軍基地|基地負担,,,,外務省「日本外交文書」,https://www.mofa.go.jp/mofaj/annai/honsho/shiryo/bunsho/index.html
日本史段階別デッキ｜Deck 1｜日本史の最重要骨格400語,JH-000178,178,Deck 1｜骨格・基礎,条約・会議・外交,沖縄返還,おきなわへんかん,,現代,沖縄,沖縄と日本・アメリカ,1972年,1972,JH-000178-I01,integrated,統合説明,integrated,「沖縄返還(おきなわへんかん)」について説明せよ。,1972年、沖縄と日本・アメリカを主な舞台として、サンフランシスコ平和条約(さんふらんしすこへいわじょうやく)後もアメリカ施政下にあった沖縄の**行政権**が日本へ返還されたこと。 日本の県制度へ復帰したが、**日米安全保障体制**のもとでアメリカ軍基地が集中して残り、負担と権利の問題が続いた。,アメリカ施政権|行政権|日本復帰|日米安全保障体制|アメリカ軍基地|基地負担,,,1972年：「行く夏」（1972）沖縄返還,外務省「日本外交文書」,https://www.mofa.go.jp/mofaj/annai/honsho/shiryo/bunsho/index.html
日本史段階別デッキ｜Deck 1｜日本史の最重要骨格400語,JH-000179,179,Deck 1｜骨格・基礎,条約・会議・外交,日中国交正常化,にっちゅうこっこうせいじょうか,,現代,東アジア,日本と中華人民共和国,1972年,1972,JH-000179-B01,beginner,用語の特定,identify,日中共同声明により、日本と中華人民共和国が外交関係を樹立したことを何という？,日中国交正常化,日中国交正常化,,,,外務省「日本外交文書」,https://www.mofa.go.jp/mofaj/annai/honsho/shiryo/bunsho/index.html
日本史段階別デッキ｜Deck 1｜日本史の最重要骨格400語,JH-000179,179,Deck 1｜骨格・基礎,条約・会議・外交,日中国交正常化,にっちゅうこっこうせいじょうか,,現代,東アジア,日本と中華人民共和国,1972年,1972,JH-000179-B02,beginner,時期,time,日中国交正常化が実現したのはいつ？,1972年,1972年,,,1972年：「行く夏」（1972）日中国交正常化,外務省「日本外交文書」,https://www.mofa.go.jp/mofaj/annai/honsho/shiryo/bunsho/index.html
日本史段階別デッキ｜Deck 1｜日本史の最重要骨格400語,JH-000179,179,Deck 1｜骨格・基礎,条約・会議・外交,日中国交正常化,にっちゅうこっこうせいじょうか,,現代,東アジア,日本と中華人民共和国,1972年,1972,JH-000179-B03,beginner,人物,person,日中国交正常化を実現した日本の首相は？,田中角栄,田中角栄,,,,外務省「日本外交文書」,https://www.mofa.go.jp/mofaj/annai/honsho/shiryo/bunsho/index.html
日本史段階別デッキ｜Deck 1｜日本史の最重要骨格400語,JH-000179,179,Deck 1｜骨格・基礎,条約・会議・外交,日中国交正常化,にっちゅうこっこうせいじょうか,,現代,東アジア,日本と中華人民共和国,1972年,1972,JH-000179-R01,reverse,時期,time,実現したのはいつ？,**1972年**,1972年,,,1972年：「行く夏」（1972）日中国交正常化,外務省「日本外交文書」,https://www.mofa.go.jp/mofaj/annai/honsho/shiryo/bunsho/index.html
日本史段階別デッキ｜Deck 1｜日本史の最重要骨格400語,JH-000179,179,Deck 1｜骨格・基礎,条約・会議・外交,日中国交正常化,にっちゅうこっこうせいじょうか,,現代,東アジア,日本と中華人民共和国,1972年,1972,JH-000179-R02,reverse,複合説明,reverse,何を決めた・どんな関係を作った？,田中角栄首相が中国を訪問し、**日中共同声明**によって日本と中華人民共和国が外交関係を樹立したこと。,田中角栄|日中共同声明|中華人民共和国|唯一の合法政府|台湾|外交関係,,,,外務省「日本外交文書」,https://www.mofa.go.jp/mofaj/annai/honsho/shiryo/bunsho/index.html
日本史段階別デッキ｜Deck 1｜日本史の最重要骨格400語,JH-000179,179,Deck 1｜骨格・基礎,条約・会議・外交,日中国交正常化,にっちゅうこっこうせいじょうか,,現代,東アジア,日本と中華人民共和国,1972年,1972,JH-000179-R03,reverse,結果・関連,reverse,何につながった・どんな意味があった？,日本は**中華人民共和国**政府を中国の唯一の合法政府と認め、台湾の中華民国との外交関係を終了した。,田中角栄|日中共同声明|中華人民共和国|唯一の合法政府|台湾|外交関係,,,,外務省「日本外交文書」,https://www.mofa.go.jp/mofaj/annai/honsho/shiryo/bunsho/index.html
日本史段階別デッキ｜Deck 1｜日本史の最重要骨格400語,JH-000179,179,Deck 1｜骨格・基礎,条約・会議・外交,日中国交正常化,にっちゅうこっこうせいじょうか,,現代,東アジア,日本と中華人民共和国,1972年,1972,JH-000179-I01,integrated,統合説明,integrated,「日中国交正常化」について説明せよ。,1972年、日本と中華人民共和国を主な舞台として、田中角栄首相が中国を訪問し、**日中共同声明**によって日本と中華人民共和国が外交関係を樹立したこと。 日本は**中華人民共和国**政府を中国の唯一の合法政府と認め、台湾の中華民国との外交関係を終了した。,田中角栄|日中共同声明|中華人民共和国|唯一の合法政府|台湾|外交関係,,,1972年：「行く夏」（1972）日中国交正常化,外務省「日本外交文書」,https://www.mofa.go.jp/mofaj/annai/honsho/shiryo/bunsho/index.html
日本史段階別デッキ｜Deck 1｜日本史の最重要骨格400語,JH-000180,180,Deck 1｜骨格・基礎,事件・政変,石油危機,せきゆきき,オイルショック,現代,その他,中東と日本を含む世界経済,1973年以後,1973,JH-000180-B01,beginner,用語の特定,identify,第四次中東戦争を契機に原油価格が急騰し、物価上昇・買いだめ・省エネ化を招いた経済危機は？,石油危機,石油危機,オイルショック,,,国立歴史民俗博物館「第6展示室 現代」,https://www.rekihaku.ac.jp/exhibitions/room6/
日本史段階別デッキ｜Deck 1｜日本史の最重要骨格400語,JH-000180,180,Deck 1｜骨格・基礎,事件・政変,石油危機,せきゆきき,オイルショック,現代,その他,中東と日本を含む世界経済,1973年以後,1973,JH-000180-B02,beginner,時期,time,石油危機が始まったのはいつ？,1973年以後,1973年以後,,,1973年以後：「行く波」（1973）から続く石油危機,国立歴史民俗博物館「第6展示室 現代」,https://www.rekihaku.ac.jp/exhibitions/room6/
日本史段階別デッキ｜Deck 1｜日本史の最重要骨格400語,JH-000180,180,Deck 1｜骨格・基礎,事件・政変,石油危機,せきゆきき,オイルショック,現代,その他,中東と日本を含む世界経済,1973年以後,1973,JH-000180-B03,beginner,原因,cause,石油危機の国際的契機となった戦争は？,第四次中東戦争,第四次中東戦争,,,,国立歴史民俗博物館「第6展示室 現代」,https://www.rekihaku.ac.jp/exhibitions/room6/
日本史段階別デッキ｜Deck 1｜日本史の最重要骨格400語,JH-000180,180,Deck 1｜骨格・基礎,事件・政変,石油危機,せきゆきき,オイルショック,現代,その他,中東と日本を含む世界経済,1973年以後,1973,JH-000180-R01,reverse,時期,time,始まったのはいつ？,**1973年以後**,1973年以後,,,1973年以後：「行く波」（1973）から続く石油危機,国立歴史民俗博物館「第6展示室 現代」,https://www.rekihaku.ac.jp/exhibitions/room6/
日本史段階別デッキ｜Deck 1｜日本史の最重要骨格400語,JH-000180,180,Deck 1｜骨格・基礎,事件・政変,石油危機,せきゆきき,オイルショック,現代,その他,中東と日本を含む世界経済,1973年以後,1973,JH-000180-R02,reverse,複合説明,reverse,何が起きた？,第四次中東戦争を契機に産油国が供給削減・価格引上げを行い、輸入石油に依存する日本で**狂乱物価**や買いだめを招いた経済危機。,第四次中東戦争|産油国|原油価格|狂乱物価|買いだめ|高度経済成長|省エネルギー,,,,国立歴史民俗博物館「第6展示室 現代」,https://www.rekihaku.ac.jp/exhibitions/room6/
日本史段階別デッキ｜Deck 1｜日本史の最重要骨格400語,JH-000180,180,Deck 1｜骨格・基礎,事件・政変,石油危機,せきゆきき,オイルショック,現代,その他,中東と日本を含む世界経済,1973年以後,1973,JH-000180-R03,reverse,結果・関連,reverse,何につながった・どんな意味があった？,**高度経済成長**を終わらせ、産業の省エネルギー化・知識集約化と安定成長への転換を促した。,第四次中東戦争|産油国|原油価格|狂乱物価|買いだめ|高度経済成長|省エネルギー,,,,国立歴史民俗博物館「第6展示室 現代」,https://www.rekihaku.ac.jp/exhibitions/room6/
日本史段階別デッキ｜Deck 1｜日本史の最重要骨格400語,JH-000180,180,Deck 1｜骨格・基礎,事件・政変,石油危機,せきゆきき,オイルショック,現代,その他,中東と日本を含む世界経済,1973年以後,1973,JH-000180-I01,integrated,統合説明,integrated,「石油危機」について説明せよ。,1973年以後、中東と日本を含む世界経済を主な舞台として、第四次中東戦争を契機に産油国が供給削減・価格引上げを行い、輸入石油に依存する日本で**狂乱物価**や買いだめを招いた経済危機。 **高度経済成長**を終わらせ、産業の省エネルギー化・知識集約化と安定成長への転換を促した。,第四次中東戦争|産油国|原油価格|狂乱物価|買いだめ|高度経済成長|省エネルギー,,,1973年以後：「行く波」（1973）から続く石油危機,国立歴史民俗博物館「第6展示室 現代」,https://www.rekihaku.ac.jp/exhibitions/room6/
日本史段階別デッキ｜Deck 1｜日本史の最重要骨格400語,JH-000265,265,Deck 1｜骨格・基礎,経済・産業・交通,バブル経済,ばぶるけいざい,,現代,日本全国,東京・大都市圏を中心とする日本経済,1980年代後半〜1990年代初頭,1986,JH-000265-B01,beginner,用語の特定,identify,低金利と金融緩和を背景に土地・株式価格が実体経済以上に急騰した経済状況は？,バブル経済,バブル経済,,,,国立歴史民俗博物館「第6展示室 現代」,https://www.rekihaku.ac.jp/exhibitions/room6/
日本史段階別デッキ｜Deck 1｜日本史の最重要骨格400語,JH-000265,265,Deck 1｜骨格・基礎,経済・産業・交通,バブル経済,ばぶるけいざい,,現代,日本全国,東京・大都市圏を中心とする日本経済,1980年代後半〜1990年代初頭,1986,JH-000265-B02,beginner,時期,time,バブル経済が行われた・発達したのはいつ？,1980年代後半〜1990年代初頭,1980年代後半〜1990年代初頭,,,1980年代後半〜1990年代初頭：「行く晴れ」（1980）年代から「行く暮れ」（1990）年代までのバブル経済,国立歴史民俗博物館「第6展示室 現代」,https://www.rekihaku.ac.jp/exhibitions/room6/
日本史段階別デッキ｜Deck 1｜日本史の最重要骨格400語,JH-000265,265,Deck 1｜骨格・基礎,経済・産業・交通,バブル経済,ばぶるけいざい,,現代,日本全国,東京・大都市圏を中心とする日本経済,1980年代後半〜1990年代初頭,1986,JH-000265-B03,beginner,内容,content,バブル経済で特に急騰した二つの資産は？,土地・株式,土地・株式,,,,国立歴史民俗博物館「第6展示室 現代」,https://www.rekihaku.ac.jp/exhibitions/room6/
日本史段階別デッキ｜Deck 1｜日本史の最重要骨格400語,JH-000265,265,Deck 1｜骨格・基礎,経済・産業・交通,バブル経済,ばぶるけいざい,,現代,日本全国,東京・大都市圏を中心とする日本経済,1980年代後半〜1990年代初頭,1986,JH-000265-R01,reverse,時期,time,行われた・発達したのはいつ？,**1980年代後半〜1990年代初頭**,1980年代後半〜1990年代初頭,,,1980年代後半〜1990年代初頭：「行く晴れ」（1980）年代から「行く暮れ」（1990）年代までのバブル経済,国立歴史民俗博物館「第6展示室 現代」,https://www.rekihaku.ac.jp/exhibitions/room6/
日本史段階別デッキ｜Deck 1｜日本史の最重要骨格400語,JH-000265,265,Deck 1｜骨格・基礎,経済・産業・交通,バブル経済,ばぶるけいざい,,現代,日本全国,東京・大都市圏を中心とする日本経済,1980年代後半〜1990年代初頭,1986,JH-000265-R02,reverse,複合説明,reverse,どんな仕組み・活動？,1980年代後半の日本で、金融緩和・投機・土地担保融資を背景に**土地・株式価格**が実体経済を超えて急騰した経済状況。,金融緩和|投機|土地担保融資|土地価格|株価|不良債権|長期停滞,,,,国立歴史民俗博物館「第6展示室 現代」,https://www.rekihaku.ac.jp/exhibitions/room6/
日本史段階別デッキ｜Deck 1｜日本史の最重要骨格400語,JH-000265,265,Deck 1｜骨格・基礎,経済・産業・交通,バブル経済,ばぶるけいざい,,現代,日本全国,東京・大都市圏を中心とする日本経済,1980年代後半〜1990年代初頭,1986,JH-000265-R03,reverse,結果・関連,reverse,何につながった・どんな意味があった？,金融引締めと地価下落で崩壊し、**不良債権**・企業倒産・長期停滞をもたらした。,金融緩和|投機|土地担保融資|土地価格|株価|不良債権|長期停滞,,,,国立歴史民俗博物館「第6展示室 現代」,https://www.rekihaku.ac.jp/exhibitions/room6/
日本史段階別デッキ｜Deck 1｜日本史の最重要骨格400語,JH-000265,265,Deck 1｜骨格・基礎,経済・産業・交通,バブル経済,ばぶるけいざい,,現代,日本全国,東京・大都市圏を中心とする日本経済,1980年代後半〜1990年代初頭,1986,JH-000265-I01,integrated,統合説明,integrated,「バブル経済」について説明せよ。,1980年代後半〜1990年代初頭、東京・大都市圏を中心とする日本経済を主な舞台として、1980年代後半の日本で、金融緩和・投機・土地担保融資を背景に**土地・株式価格**が実体経済を超えて急騰した経済状況。 金融引締めと地価下落で崩壊し、**不良債権**・企業倒産・長期停滞をもたらした。,金融緩和|投機|土地担保融資|土地価格|株価|不良債権|長期停滞,,,1980年代後半〜1990年代初頭：「行く晴れ」（1980）年代から「行く暮れ」（1990）年代までのバブル経済,国立歴史民俗博物館「第6展示室 現代」,https://www.rekihaku.ac.jp/exhibitions/room6/
